// 4.25.0 0xd464b499 D2 R0 FRGB565 U565 N0 SExtFlashSection
// Generated by imageconverter. Please, do not edit!

#include <touchgfx/hal/Config.hpp>

LOCATION_PRAGMA("ExtFlashSection")
KEEP extern const unsigned char image_menugame[] LOCATION_ATTRIBUTE("ExtFlashSection") = { // 240x320 RGB565 pixels.
    0x75, 0x1c, 0x55, 0x1c, 0x55, 0x1c, 0x55, 0x1c, 0x55, 0x1c, 0x55, 0x1c,
    0x55, 0x1c, 0x55, 0x1c, 0x55, 0x1c, 0x55, 0x1c, 0x55, 0x1c, 0x55, 0x1c,
    0x55, 0x1c, 0x55, 0x1c, 0x55, 0x1c, 0x55, 0x1c, 0x55, 0x1c, 0x55, 0x1c,
    0x55, 0x1c, 0x55, 0x1c, 0x55, 0x1c, 0x55, 0x1c, 0x55, 0x1c, 0x55, 0x1c,
    0x55, 0x1c, 0x35, 0x1c, 0x35, 0x1c, 0x55, 0x1c, 0x55, 0x1c, 0x55, 0x1c,
    0x35, 0x1c, 0x55, 0x1c, 0x55, 0x1c, 0x55, 0x1c, 0x55, 0x1c, 0x35, 0x1c,
    0x55, 0x1c, 0x55, 0x1c, 0x55, 0x1c, 0x55, 0x1c, 0x55, 0x1c, 0x55, 0x1c,
    0x55, 0x1c, 0x55, 0x1c, 0x55, 0x1c, 0x55, 0x1c, 0x55, 0x1c, 0x55, 0x1c,
    0x55, 0x1c, 0x55, 0x1c, 0x55, 0x1c, 0x55, 0x1c, 0x35, 0x1c, 0x35, 0x1c,
    0x55, 0x1c, 0x55, 0x1c, 0x55, 0x1c, 0x55, 0x1c, 0x55, 0x1c, 0x55, 0x1c,
    0x55, 0x1c, 0x55, 0x1c, 0x55, 0x1c, 0x55, 0x1c, 0x55, 0x1c, 0x55, 0x1c,
    0x55, 0x1c, 0x55, 0x1c, 0x55, 0x1c, 0x55, 0x1c, 0x55, 0x1c, 0x55, 0x1c,
    0x55, 0x1c, 0x55, 0x1c, 0x55, 0x1c, 0x55, 0x1c, 0x55, 0x1c, 0x55, 0x1c,
    0x55, 0x1c, 0x55, 0x1c, 0x55, 0x1c, 0x55, 0x1c, 0x55, 0x1c, 0x55, 0x1c,
    0x55, 0x1c, 0x55, 0x1c, 0x55, 0x1c, 0x55, 0x1c, 0x55, 0x1c, 0x55, 0x1c,
    0x55, 0x1c, 0x55, 0x1c, 0x55, 0x1c, 0x55, 0x1c, 0x55, 0x1c, 0x55, 0x1c,
    0x55, 0x1c, 0x55, 0x1c, 0x55, 0x1c, 0x55, 0x1c, 0x55, 0x1c, 0x55, 0x1c,
    0x55, 0x1c, 0x55, 0x1c, 0x55, 0x1c, 0x55, 0x1c, 0x55, 0x1c, 0x55, 0x1c,
    0x55, 0x1c, 0x55, 0x1c, 0x55, 0x1c, 0x55, 0x1c, 0x35, 0x1c, 0x35, 0x1c,
    0x35, 0x1c, 0x55, 0x1c, 0x55, 0x1c, 0x55, 0x1c, 0x55, 0x1c, 0x55, 0x1c,
    0x35, 0x1c, 0x35, 0x1c, 0x55, 0x1c, 0x55, 0x1c, 0x55, 0x1c, 0x35, 0x1c,
    0x55, 0x1c, 0x55, 0x1c, 0x55, 0x1c, 0x55, 0x1c, 0x55, 0x1c, 0x55, 0x1c,
    0x55, 0x1c, 0x55, 0x1c, 0x55, 0x1c, 0x55, 0x1c, 0x55, 0x1c, 0x55, 0x1c,
    0x55, 0x1c, 0x55, 0x1c, 0x55, 0x1c, 0x55, 0x1c, 0x55, 0x1c, 0x55, 0x1c,
    0x55, 0x1c, 0x55, 0x1c, 0x55, 0x1c, 0x55, 0x1c, 0x55, 0x1c, 0x55, 0x1c,
    0x55, 0x1c, 0x55, 0x1c, 0x55, 0x1c, 0x55, 0x1c, 0x55, 0x1c, 0x55, 0x1c,
    0x55, 0x1c, 0x55, 0x1c, 0x55, 0x1c, 0x35, 0x1c, 0x55, 0x1c, 0x55, 0x1c,
    0x55, 0x1c, 0x55, 0x1c, 0x55, 0x1c, 0x55, 0x1c, 0x55, 0x1c, 0x55, 0x1c,
    0x55, 0x1c, 0x55, 0x1c, 0x35, 0x1c, 0x55, 0x1c, 0x55, 0x1c, 0x55, 0x1c,
    0x55, 0x1c, 0x55, 0x1c, 0x55, 0x1c, 0x55, 0x1c, 0x55, 0x1c, 0x55, 0x1c,
    0x55, 0x1c, 0x55, 0x1c, 0x55, 0x1c, 0x55, 0x1c, 0x55, 0x1c, 0x55, 0x1c,
    0x55, 0x1c, 0x55, 0x1c, 0x55, 0x1c, 0x55, 0x1c, 0x55, 0x1c, 0x55, 0x1c,
    0x55, 0x1c, 0x55, 0x1c, 0x55, 0x1c, 0x55, 0x1c, 0x55, 0x1c, 0x55, 0x1c,
    0x55, 0x1c, 0x55, 0x1c, 0x55, 0x1c, 0x55, 0x1c, 0x55, 0x1c, 0x55, 0x1c,
    0x55, 0x1c, 0x55, 0x1c, 0x55, 0x1c, 0x55, 0x1c, 0x55, 0x1c, 0x55, 0x1c,
    0x55, 0x1c, 0x55, 0x1c, 0x55, 0x1c, 0x55, 0x1c, 0x55, 0x1c, 0x55, 0x1c,
    0x55, 0x1c, 0x55, 0x1c, 0x55, 0x1c, 0x55, 0x1c, 0x55, 0x1c, 0x55, 0x1c,
    0x55, 0x1c, 0x55, 0x1c, 0x55, 0x1c, 0x55, 0x1c, 0x55, 0x1c, 0x55, 0x1c,
    0x55, 0x1c, 0x55, 0x1c, 0x55, 0x1c, 0x55, 0x1c, 0x55, 0x1c, 0x55, 0x1c,
    0x55, 0x1c, 0x55, 0x1c, 0x55, 0x1c, 0x55, 0x1c, 0x55, 0x1c, 0x55, 0x1c,
    0x55, 0x24, 0x55, 0x1c, 0x55, 0x1c, 0x55, 0x1c, 0x55, 0x1c, 0x55, 0x1c,
    0x55, 0x1c, 0x55, 0x1c, 0x55, 0x1c, 0x55, 0x1c, 0x55, 0x1c, 0x55, 0x1c,
    0x35, 0x1c, 0x55, 0x1c, 0x35, 0x1c, 0x55, 0x1c, 0x35, 0x1c, 0x55, 0x1c,
    0x35, 0x1c, 0x55, 0x1c, 0x55, 0x1c, 0x35, 0x1c, 0x55, 0x1c, 0x55, 0x1c,
    0x35, 0x1c, 0x55, 0x1c, 0x55, 0x1c, 0x55, 0x1c, 0x55, 0x1c, 0x55, 0x1c,
    0x55, 0x1c, 0x55, 0x1c, 0x55, 0x1c, 0x55, 0x1c, 0x55, 0x1c, 0x55, 0x1c,
    0x35, 0x1c, 0x55, 0x1c, 0x55, 0x1c, 0x55, 0x1c, 0x35, 0x1c, 0x55, 0x1c,
    0x35, 0x1c, 0x55, 0x1c, 0x55, 0x1c, 0x55, 0x1c, 0x35, 0x1c, 0x55, 0x1c,
    0x55, 0x1c, 0x35, 0x1c, 0x55, 0x1c, 0x35, 0x1c, 0x55, 0x1c, 0x55, 0x1c,
    0x55, 0x1c, 0x55, 0x1c, 0x55, 0x1c, 0x35, 0x1c, 0x55, 0x1c, 0x55, 0x1c,
    0x55, 0x1c, 0x35, 0x1c, 0x55, 0x1c, 0x55, 0x1c, 0x35, 0x1c, 0x55, 0x1c,
    0x55, 0x1c, 0x35, 0x1c, 0x55, 0x1c, 0x35, 0x1c, 0x55, 0x1c, 0x55, 0x1c,
    0x55, 0x1c, 0x35, 0x1c, 0x55, 0x1c, 0x35, 0x1c, 0x55, 0x1c, 0x55, 0x1c,
    0x55, 0x1c, 0x55, 0x1c, 0x55, 0x1c, 0x55, 0x1c, 0x35, 0x1c, 0x55, 0x1c,
    0x55, 0x1c, 0x35, 0x1c, 0x55, 0x1c, 0x35, 0x1c, 0x55, 0x1c, 0x55, 0x1c,
    0x55, 0x1c, 0x55, 0x1c, 0x55, 0x1c, 0x35, 0x1c, 0x55, 0x1c, 0x35, 0x1c,
    0x55, 0x1c, 0x55, 0x1c, 0x55, 0x1c, 0x55, 0x1c, 0x35, 0x1c, 0x55, 0x1c,
    0x55, 0x1c, 0x35, 0x1c, 0x55, 0x1c, 0x35, 0x1c, 0x55, 0x1c, 0x55, 0x1c,
    0x35, 0x1c, 0x55, 0x1c, 0x55, 0x1c, 0x55, 0x1c, 0x55, 0x1c, 0x55, 0x1c,
    0x55, 0x1c, 0x55, 0x1c, 0x55, 0x1c, 0x55, 0x1c, 0x55, 0x1c, 0x55, 0x1c,
    0x55, 0x1c, 0x55, 0x1c, 0x55, 0x1c, 0x55, 0x1c, 0x55, 0x1c, 0x55, 0x1c,
    0x35, 0x1c, 0x55, 0x1c, 0x55, 0x1c, 0x35, 0x1c, 0x55, 0x1c, 0x35, 0x1c,
    0x55, 0x1c, 0x35, 0x1c, 0x55, 0x1c, 0x35, 0x1c, 0x55, 0x1c, 0x35, 0x1c,
    0x55, 0x1c, 0x35, 0x1c, 0x55, 0x1c, 0x35, 0x1c, 0x55, 0x1c, 0x35, 0x1c,
    0x35, 0x1c, 0x55, 0x1c, 0x35, 0x1c, 0x55, 0x1c, 0x35, 0x1c, 0x55, 0x1c,
    0x35, 0x1c, 0x55, 0x1c, 0x35, 0x1c, 0x55, 0x1c, 0x35, 0x1c, 0x55, 0x1c,
    0x35, 0x1c, 0x55, 0x1c, 0x55, 0x1c, 0x55, 0x1c, 0x55, 0x1c, 0x35, 0x1c,
    0x35, 0x1c, 0x55, 0x1c, 0x55, 0x1c, 0x35, 0x1c, 0x55, 0x1c, 0x56, 0x1c,
    0x35, 0x1c, 0x55, 0x1c, 0x55, 0x1c, 0x55, 0x1c, 0x55, 0x1c, 0x55, 0x1c,
    0x55, 0x1c, 0x55, 0x1c, 0x55, 0x1c, 0x35, 0x1c, 0x55, 0x1c, 0x55, 0x1c,
    0x55, 0x1c, 0x55, 0x1c, 0x35, 0x1c, 0x55, 0x1c, 0x55, 0x1c, 0x55, 0x1c,
    0x55, 0x1c, 0x55, 0x1c, 0x55, 0x1c, 0x55, 0x1c, 0x55, 0x1c, 0x55, 0x1c,
    0x55, 0x1c, 0x55, 0x1c, 0x55, 0x1c, 0x55, 0x1c, 0x55, 0x1c, 0x55, 0x1c,
    0x55, 0x1c, 0x55, 0x1c, 0x55, 0x1c, 0x56, 0x1c, 0x55, 0x1c, 0x55, 0x1c,
    0x55, 0x1c, 0x55, 0x1c, 0x55, 0x1c, 0x55, 0x1c, 0x55, 0x1c, 0x55, 0x1c,
    0x55, 0x1c, 0x55, 0x1c, 0x55, 0x1c, 0x55, 0x1c, 0x55, 0x1c, 0x55, 0x1c,
    0x55, 0x1c, 0x55, 0x1c, 0x55, 0x1c, 0x55, 0x1c, 0x55, 0x1c, 0x55, 0x1c,
    0x55, 0x1c, 0x55, 0x1c, 0x55, 0x1c, 0x56, 0x1c, 0x55, 0x1c, 0x55, 0x1c,
    0x55, 0x1c, 0x55, 0x1c, 0x56, 0x1c, 0x56, 0x1c, 0x55, 0x1c, 0x56, 0x1c,
    0x55, 0x1c, 0x56, 0x1c, 0x56, 0x1c, 0x55, 0x1c, 0x55, 0x1c, 0x55, 0x1c,
    0x55, 0x24, 0x55, 0x1c, 0x55, 0x1c, 0x55, 0x24, 0x55, 0x24, 0x55, 0x24,
    0x55, 0x1c, 0x55, 0x24, 0x55, 0x1c, 0x55, 0x1c, 0x55, 0x1c, 0x55, 0x1c,
    0x55, 0x1c, 0x55, 0x1c, 0x55, 0x1c, 0x55, 0x1c, 0x55, 0x1c, 0x35, 0x1c,
    0x55, 0x1c, 0x55, 0x1c, 0x35, 0x1c, 0x55, 0x1c, 0x35, 0x1c, 0x55, 0x1c,
    0x35, 0x1c, 0x35, 0x1c, 0x55, 0x1c, 0x55, 0x1c, 0x35, 0x1c, 0x55, 0x1c,
    0x55, 0x1c, 0x55, 0x1c, 0x35, 0x1c, 0x55, 0x1c, 0x55, 0x1c, 0x35, 0x1c,
    0x55, 0x1c, 0x55, 0x1c, 0x55, 0x1c, 0x35, 0x1c, 0x55, 0x1c, 0x55, 0x1c,
    0x55, 0x1c, 0x55, 0x1c, 0x55, 0x1c, 0x35, 0x1c, 0x55, 0x1c, 0x55, 0x1c,
    0x35, 0x1c, 0x55, 0x1c, 0x55, 0x1c, 0x55, 0x1c, 0x55, 0x1c, 0x55, 0x1c,
    0x55, 0x1c, 0x35, 0x1c, 0x55, 0x1c, 0x55, 0x1c, 0x35, 0x1c, 0x55, 0x1c,
    0x55, 0x1c, 0x55, 0x1c, 0x35, 0x1c, 0x55, 0x1c, 0x55, 0x1c, 0x55, 0x1c,
    0x35, 0x1c, 0x55, 0x1c, 0x55, 0x1c, 0x55, 0x1c, 0x55, 0x1c, 0x55, 0x1c,
    0x55, 0x1c, 0x55, 0x1c, 0x55, 0x1c, 0x55, 0x1c, 0x55, 0x1c, 0x55, 0x1c,
    0x55, 0x1c, 0x35, 0x1c, 0x55, 0x1c, 0x55, 0x1c, 0x55, 0x1c, 0x35, 0x1c,
    0x55, 0x1c, 0x55, 0x1c, 0x55, 0x1c, 0x55, 0x1c, 0x35, 0x1c, 0x55, 0x1c,
    0x55, 0x1c, 0x55, 0x1c, 0x35, 0x1c, 0x55, 0x1c, 0x55, 0x1c, 0x55, 0x1c,
    0x35, 0x1c, 0x55, 0x1c, 0x56, 0x1c, 0x55, 0x1c, 0x55, 0x1c, 0x55, 0x1c,
    0x56, 0x1c, 0x55, 0x1c, 0x55, 0x1c, 0x55, 0x1c, 0x35, 0x1c, 0x55, 0x1c,
    0x55, 0x1c, 0x35, 0x1c, 0x56, 0x1c, 0x55, 0x1c, 0x55, 0x1c, 0x55, 0x1c,
    0x55, 0x1c, 0x55, 0x1c, 0x36, 0x1c, 0x55, 0x1c, 0x35, 0x1c, 0x55, 0x1c,
    0x56, 0x1c, 0x55, 0x1c, 0x56, 0x1c, 0x55, 0x1c, 0x36, 0x1c, 0x55, 0x1c,
    0x55, 0x1c, 0x55, 0x1c, 0x35, 0x1c, 0x55, 0x1c, 0x55, 0x1c, 0x55, 0x1c,
    0x55, 0x1c, 0x55, 0x1c, 0x36, 0x1c, 0x56, 0x1c, 0x55, 0x1c, 0x55, 0x1c,
    0x36, 0x1c, 0x35, 0x1c, 0x35, 0x1c, 0x55, 0x1c, 0x55, 0x1c, 0x36, 0x1c,
    0x35, 0x1c, 0x55, 0x1c, 0x56, 0x1c, 0x56, 0x1c, 0x55, 0x1c, 0x36, 0x1c,
    0x56, 0x1c, 0x55, 0x1c, 0x55, 0x1c, 0x36, 0x1c, 0x55, 0x1c, 0x55, 0x1c,
    0x55, 0x1c, 0x36, 0x1c, 0x55, 0x1c, 0x55, 0x1c, 0x56, 0x1c, 0x55, 0x1c,
    0x55, 0x1c, 0x35, 0x1c, 0x56, 0x1c, 0x55, 0x1c, 0x55, 0x1c, 0x55, 0x1c,
    0x55, 0x1c, 0x55, 0x1c, 0x35, 0x1c, 0x55, 0x1c, 0x55, 0x1c, 0x55, 0x1c,
    0x56, 0x1c, 0x55, 0x1c, 0x55, 0x1c, 0x35, 0x1c, 0x55, 0x1c, 0x56, 0x1c,
    0x55, 0x1c, 0x55, 0x1c, 0x56, 0x1c, 0x55, 0x1c, 0x55, 0x1c, 0x35, 0x1c,
    0x56, 0x1c, 0x55, 0x1c, 0x56, 0x1c, 0x55, 0x1c, 0x55, 0x1c, 0x56, 0x1c,
    0x55, 0x1c, 0x55, 0x1c, 0x56, 0x1c, 0x56, 0x1c, 0x55, 0x1c, 0x55, 0x1c,
    0x56, 0x1c, 0x55, 0x1c, 0x55, 0x1c, 0x56, 0x1c, 0x55, 0x1c, 0x55, 0x1c,
    0x56, 0x1c, 0x55, 0x1c, 0x55, 0x1c, 0x56, 0x24, 0x55, 0x1c, 0x55, 0x1c,
    0x55, 0x1c, 0x55, 0x1c, 0x56, 0x1c, 0x55, 0x1c, 0x56, 0x1c, 0x55, 0x1c,
    0x56, 0x1c, 0x56, 0x1c, 0x55, 0x1c, 0x56, 0x1c, 0x55, 0x1c, 0x55, 0x1c,
    0x55, 0x1c, 0x55, 0x1c, 0x55, 0x1c, 0x55, 0x1c, 0x55, 0x1c, 0x55, 0x1c,
    0x56, 0x1c, 0x55, 0x1c, 0x55, 0x1c, 0x55, 0x1c, 0x56, 0x1c, 0x55, 0x1c,
    0x55, 0x24, 0x55, 0x1c, 0x55, 0x1c, 0x76, 0x1c, 0x56, 0x1c, 0x55, 0x1c,
    0x75, 0x24, 0x55, 0x1c, 0x75, 0x24, 0x76, 0x24, 0x55, 0x1c, 0x55, 0x1c,
    0x55, 0x1c, 0x55, 0x1c, 0x55, 0x1c, 0x55, 0x1c, 0x55, 0x24, 0x55, 0x24,
    0x55, 0x1c, 0x55, 0x24, 0x55, 0x1c, 0x55, 0x1c, 0x55, 0x1c, 0x55, 0x24,
    0x55, 0x1c, 0x55, 0x1c, 0x55, 0x1c, 0x35, 0x1c, 0x35, 0x1c, 0x55, 0x1c,
    0x55, 0x1c, 0x55, 0x1c, 0x55, 0x1c, 0x55, 0x1c, 0x55, 0x1c, 0x35, 0x1c,
    0x55, 0x1c, 0x55, 0x1c, 0x35, 0x1c, 0x35, 0x1c, 0x35, 0x1c, 0x55, 0x1c,
    0x55, 0x1c, 0x35, 0x1c, 0x55, 0x1c, 0x55, 0x1c, 0x55, 0x1c, 0x35, 0x1c,
    0x55, 0x1c, 0x55, 0x1c, 0x35, 0x1c, 0x35, 0x1c, 0x55, 0x1c, 0x35, 0x1c,
    0x35, 0x1c, 0x55, 0x1c, 0x55, 0x1c, 0x55, 0x1c, 0x35, 0x1c, 0x55, 0x1c,
    0x55, 0x1c, 0x35, 0x1c, 0x55, 0x1c, 0x55, 0x1c, 0x55, 0x1c, 0x35, 0x1c,
    0x35, 0x1c, 0x35, 0x1c, 0x55, 0x1c, 0x55, 0x1c, 0x55, 0x1c, 0x35, 0x1c,
    0x35, 0x1c, 0x55, 0x1c, 0x35, 0x1c, 0x55, 0x1c, 0x55, 0x1c, 0x35, 0x1c,
    0x55, 0x1c, 0x55, 0x1c, 0x55, 0x1c, 0x55, 0x1c, 0x35, 0x1c, 0x55, 0x1c,
    0x55, 0x1c, 0x35, 0x1c, 0x55, 0x1c, 0x35, 0x1c, 0x55, 0x1c, 0x55, 0x1c,
    0x35, 0x1c, 0x35, 0x1c, 0x55, 0x1c, 0x55, 0x1c, 0x55, 0x1c, 0x55, 0x1c,
    0x55, 0x1c, 0x35, 0x1c, 0x55, 0x1c, 0x55, 0x1c, 0x55, 0x1c, 0x55, 0x1c,
    0x55, 0x1c, 0x55, 0x1c, 0x35, 0x1c, 0x55, 0x1c, 0x55, 0x1c, 0x35, 0x1c,
    0x55, 0x1c, 0x55, 0x1c, 0x55, 0x1c, 0x56, 0x1c, 0x55, 0x1c, 0x35, 0x1c,
    0x55, 0x1c, 0x55, 0x1c, 0x35, 0x1c, 0x35, 0x1c, 0x35, 0x1c, 0x35, 0x1c,
    0x55, 0x1c, 0x55, 0x1c, 0x55, 0x1c, 0x55, 0x1c, 0x35, 0x1c, 0x55, 0x1c,
    0x35, 0x1c, 0x35, 0x1c, 0x55, 0x1c, 0x55, 0x1c, 0x35, 0x1c, 0x55, 0x1c,
    0x55, 0x1c, 0x56, 0x1c, 0x35, 0x1c, 0x55, 0x1c, 0x55, 0x1c, 0x35, 0x1c,
    0x56, 0x1c, 0x55, 0x1c, 0x55, 0x1c, 0x55, 0x1c, 0x55, 0x1c, 0x55, 0x1c,
    0x55, 0x1c, 0x55, 0x1c, 0x55, 0x1c, 0x55, 0x1c, 0x55, 0x1c, 0x55, 0x1c,
    0x55, 0x1c, 0x55, 0x1c, 0x55, 0x1c, 0x35, 0x1c, 0x35, 0x1c, 0x55, 0x1c,
    0x35, 0x1c, 0x55, 0x1c, 0x55, 0x1c, 0x55, 0x1c, 0x55, 0x1c, 0x35, 0x1c,
    0x55, 0x1c, 0x55, 0x1c, 0x35, 0x1c, 0x55, 0x1c, 0x35, 0x1c, 0x55, 0x1c,
    0x55, 0x1c, 0x55, 0x1c, 0x55, 0x1c, 0x55, 0x1c, 0x35, 0x1c, 0x55, 0x1c,
    0x55, 0x1c, 0x55, 0x1c, 0x55, 0x1c, 0x35, 0x1c, 0x55, 0x1c, 0x55, 0x1c,
    0x55, 0x1c, 0x55, 0x1c, 0x55, 0x1c, 0x55, 0x1c, 0x55, 0x1c, 0x55, 0x1c,
    0x35, 0x1c, 0x55, 0x1c, 0x55, 0x1c, 0x55, 0x1c, 0x55, 0x1c, 0x55, 0x1c,
    0x55, 0x1c, 0x55, 0x1c, 0x55, 0x1c, 0x56, 0x1c, 0x55, 0x1c, 0x55, 0x1c,
    0x55, 0x1c, 0x55, 0x1c, 0x55, 0x1c, 0x55, 0x1c, 0x55, 0x1c, 0x55, 0x1c,
    0x56, 0x1c, 0x55, 0x1c, 0x55, 0x1c, 0x55, 0x1c, 0x55, 0x1c, 0x55, 0x1c,
    0x55, 0x24, 0x56, 0x1c, 0x55, 0x1c, 0x55, 0x1c, 0x55, 0x1c, 0x55, 0x1c,
    0x55, 0x1c, 0x55, 0x1c, 0x55, 0x1c, 0x55, 0x1c, 0x55, 0x1c, 0x55, 0x1c,
    0x55, 0x1c, 0x55, 0x1c, 0x55, 0x1c, 0x55, 0x1c, 0x55, 0x1c, 0x55, 0x1c,
    0x56, 0x1c, 0x56, 0x1c, 0x55, 0x1c, 0x55, 0x1c, 0x56, 0x1c, 0x55, 0x1c,
    0x55, 0x1c, 0x76, 0x24, 0x55, 0x1c, 0x55, 0x1c, 0x75, 0x24, 0x55, 0x1c,
    0x56, 0x1c, 0x75, 0x24, 0x55, 0x1c, 0x55, 0x1c, 0x56, 0x24, 0x55, 0x1c,
    0x75, 0x24, 0x55, 0x24, 0x55, 0x1c, 0x55, 0x1c, 0x55, 0x24, 0x55, 0x1c,
    0x55, 0x1c, 0x55, 0x24, 0x55, 0x1c, 0x55, 0x1c, 0x55, 0x1c, 0x55, 0x1c,
    0x55, 0x1c, 0x55, 0x24, 0x55, 0x1c, 0x35, 0x1c, 0x75, 0x1c, 0x96, 0x1c,
    0x76, 0x1c, 0x96, 0x1c, 0x96, 0x1c, 0x96, 0x1c, 0x96, 0x1c, 0x96, 0x1c,
    0x96, 0x1c, 0x96, 0x1c, 0x96, 0x1c, 0x96, 0x1c, 0x97, 0x1c, 0x96, 0x1c,
    0x96, 0x1c, 0x96, 0x1c, 0x96, 0x1c, 0x97, 0x1c, 0x96, 0x1c, 0x96, 0x1c,
    0x97, 0x1c, 0x97, 0x1c, 0x96, 0x1c, 0x97, 0x1c, 0x77, 0x1c, 0x97, 0x1c,
    0x97, 0x1c, 0x97, 0x1c, 0x97, 0x1c, 0x97, 0x1c, 0x97, 0x1c, 0x97, 0x1c,
    0x97, 0x1c, 0x97, 0x1c, 0x97, 0x1c, 0x96, 0x1c, 0x97, 0x1c, 0x97, 0x1c,
    0x77, 0x1c, 0x97, 0x1c, 0x96, 0x1c, 0x97, 0x14, 0x76, 0x1c, 0x76, 0x1c,
    0x96, 0x1c, 0x97, 0x1c, 0x97, 0x14, 0x97, 0x1c, 0x96, 0x14, 0x97, 0x1c,
    0x97, 0x1c, 0x96, 0x1c, 0x97, 0x1c, 0x97, 0x1c, 0x97, 0x1c, 0x97, 0x1c,
    0x97, 0x1c, 0x97, 0x1c, 0x97, 0x1c, 0x97, 0x1c, 0x97, 0x1c, 0x96, 0x1c,
    0x97, 0x1c, 0x97, 0x1c, 0x77, 0x1c, 0x96, 0x1c, 0x97, 0x1c, 0x97, 0x1c,
    0x76, 0x1c, 0x96, 0x1c, 0x97, 0x1c, 0x96, 0x1c, 0x77, 0x1c, 0x97, 0x1c,
    0x97, 0x1c, 0x97, 0x1c, 0x97, 0x1c, 0x97, 0x1c, 0x97, 0x1c, 0x97, 0x1c,
    0x97, 0x1c, 0x77, 0x1c, 0x97, 0x1c, 0x76, 0x1c, 0x97, 0x1c, 0x97, 0x1c,
    0x77, 0x14, 0x97, 0x1c, 0x77, 0x1c, 0x76, 0x1c, 0x77, 0x1c, 0x77, 0x1c,
    0x97, 0x1c, 0x77, 0x1c, 0x77, 0x1c, 0x97, 0x1c, 0x97, 0x1c, 0x96, 0x14,
    0x77, 0x1c, 0x97, 0x1c, 0x96, 0x1c, 0x97, 0x1c, 0x97, 0x1c, 0x97, 0x1c,
    0x96, 0x14, 0x97, 0x1c, 0x97, 0x1c, 0x97, 0x1c, 0x97, 0x1c, 0x97, 0x1c,
    0x97, 0x1c, 0x97, 0x1c, 0x97, 0x1c, 0x97, 0x1c, 0x97, 0x1c, 0x77, 0x1c,
    0x96, 0x1c, 0x97, 0x1c, 0x97, 0x1c, 0x97, 0x1c, 0x76, 0x1c, 0x97, 0x1c,
    0x97, 0x1c, 0x97, 0x1c, 0x97, 0x1c, 0x97, 0x1c, 0x97, 0x1c, 0x96, 0x1c,
    0x97, 0x1c, 0x97, 0x1c, 0x97, 0x1c, 0x97, 0x1c, 0x96, 0x1c, 0x97, 0x1c,
    0x97, 0x1c, 0x77, 0x1c, 0x97, 0x1c, 0x97, 0x1c, 0x97, 0x1c, 0x97, 0x14,
    0x97, 0x1c, 0x97, 0x1c, 0x97, 0x1c, 0x97, 0x1c, 0x97, 0x1c, 0x77, 0x1c,
    0x97, 0x1c, 0x97, 0x1c, 0x77, 0x1c, 0x97, 0x1c, 0x97, 0x1c, 0x77, 0x1c,
    0x97, 0x1c, 0x97, 0x1c, 0x97, 0x1c, 0x97, 0x1c, 0x77, 0x1c, 0x97, 0x1c,
    0x97, 0x1c, 0x97, 0x1c, 0x97, 0x1c, 0x97, 0x1c, 0x97, 0x1c, 0x97, 0x1c,
    0x97, 0x1c, 0x96, 0x1c, 0x77, 0x1c, 0x77, 0x1c, 0x97, 0x1c, 0x97, 0x1c,
    0x76, 0x1c, 0x96, 0x1c, 0x97, 0x1c, 0x97, 0x1c, 0x77, 0x1c, 0x77, 0x1c,
    0x97, 0x1c, 0x96, 0x1c, 0x97, 0x1c, 0x97, 0x1c, 0x97, 0x1c, 0x97, 0x1c,
    0x96, 0x1c, 0x77, 0x1c, 0x97, 0x1c, 0x97, 0x1c, 0x97, 0x1c, 0x97, 0x1c,
    0x97, 0x1c, 0x97, 0x1c, 0xb7, 0x1c, 0x97, 0x1c, 0x97, 0x1c, 0x97, 0x1c,
    0x97, 0x1c, 0x97, 0x1c, 0x97, 0x1c, 0x97, 0x1c, 0x97, 0x1c, 0x97, 0x1c,
    0x96, 0x1c, 0x96, 0x1c, 0x97, 0x1c, 0x97, 0x1c, 0x96, 0x1c, 0x96, 0x1c,
    0x55, 0x24, 0x55, 0x1c, 0x55, 0x1c, 0x55, 0x1c, 0x56, 0x24, 0x55, 0x1c,
    0x55, 0x1c, 0x56, 0x1c, 0x75, 0x1c, 0x56, 0x1c, 0x55, 0x1c, 0x56, 0x1c,
    0x75, 0x1c, 0x55, 0x1c, 0x55, 0x1c, 0x55, 0x1c, 0x75, 0x1c, 0x76, 0x1c,
    0x75, 0x24, 0x75, 0x24, 0x75, 0x1c, 0x55, 0x24, 0x56, 0x1c, 0x55, 0x24,
    0x55, 0x24, 0x55, 0x1c, 0x55, 0x1c, 0x55, 0x1c, 0x35, 0x24, 0x55, 0x1c,
    0x55, 0x1c, 0x55, 0x1c, 0x55, 0x24, 0x35, 0x24, 0x0f, 0x2b, 0x6b, 0x32,
    0x6b, 0x32, 0x6b, 0x32, 0x6b, 0x32, 0x6b, 0x32, 0x6b, 0x32, 0x6b, 0x32,
    0x6b, 0x32, 0x6b, 0x32, 0x6b, 0x2a, 0x6b, 0x32, 0x4b, 0x32, 0x6b, 0x32,
    0x6b, 0x32, 0x6b, 0x32, 0x6b, 0x2a, 0x6b, 0x32, 0x4b, 0x32, 0x4b, 0x2a,
    0x6b, 0x2a, 0x6b, 0x2a, 0x6b, 0x32, 0x6b, 0x2a, 0x6b, 0x32, 0x6b, 0x32,
    0x6b, 0x32, 0x6b, 0x32, 0x6b, 0x2a, 0x6b, 0x32, 0x6b, 0x32, 0x6b, 0x32,
    0x6b, 0x32, 0x6b, 0x32, 0x6b, 0x32, 0x6b, 0x32, 0x6b, 0x32, 0x4b, 0x2a,
    0x6b, 0x2a, 0x6b, 0x32, 0x6b, 0x32, 0x6b, 0x32, 0x6b, 0x2a, 0x6b, 0x32,
    0x6b, 0x2a, 0x6b, 0x2a, 0x6b, 0x32, 0x6b, 0x32, 0x6b, 0x32, 0x6b, 0x2a,
    0x6b, 0x32, 0x6b, 0x2a, 0x6b, 0x2a, 0x6b, 0x2a, 0x6b, 0x2a, 0x6b, 0x32,
    0x6b, 0x2a, 0x6b, 0x2a, 0x6b, 0x32, 0x6b, 0x2a, 0x6b, 0x32, 0x6b, 0x2a,
    0x6b, 0x2a, 0x6b, 0x32, 0x6b, 0x32, 0x6b, 0x32, 0x6b, 0x32, 0x6b, 0x2a,
    0x6b, 0x2a, 0x6b, 0x32, 0x6b, 0x32, 0x6b, 0x32, 0x6b, 0x32, 0x8b, 0x32,
    0x6b, 0x32, 0x6b, 0x2a, 0x6b, 0x2a, 0x6b, 0x2a, 0x6b, 0x32, 0x6b, 0x32,
    0x6b, 0x2a, 0x6b, 0x2a, 0x6b, 0x32, 0x6b, 0x2a, 0x6b, 0x32, 0x6b, 0x32,
    0x6b, 0x32, 0x6b, 0x2a, 0x6b, 0x32, 0x6b, 0x2a, 0x6b, 0x2a, 0x6b, 0x2a,
    0x6b, 0x32, 0x6b, 0x32, 0x6b, 0x2a, 0x8b, 0x2a, 0x6b, 0x32, 0x6b, 0x32,
    0x6b, 0x2a, 0x6b, 0x2a, 0x6b, 0x32, 0x6b, 0x2a, 0x6b, 0x2a, 0x6b, 0x2a,
    0x6b, 0x2a, 0x6b, 0x2a, 0x6b, 0x2a, 0x6b, 0x32, 0x6b, 0x32, 0x6b, 0x32,
    0x6b, 0x32, 0x6b, 0x32, 0x6b, 0x32, 0x6b, 0x32, 0x6b, 0x32, 0x6b, 0x32,
    0x6b, 0x32, 0x6b, 0x32, 0x6b, 0x32, 0x6b, 0x32, 0x6b, 0x2a, 0x6b, 0x2a,
    0x6b, 0x32, 0x6b, 0x32, 0x6b, 0x2a, 0x6b, 0x2a, 0x6b, 0x32, 0x6b, 0x32,
    0x6b, 0x32, 0x6b, 0x32, 0x6b, 0x2a, 0x6b, 0x32, 0x6b, 0x32, 0x6b, 0x32,
    0x6b, 0x2a, 0x6b, 0x2a, 0x6b, 0x32, 0x6b, 0x2a, 0x6b, 0x32, 0x6b, 0x32,
    0x6b, 0x32, 0x6b, 0x2a, 0x6b, 0x2a, 0x6b, 0x32, 0x6b, 0x2a, 0x6b, 0x2a,
    0x6b, 0x2a, 0x6b, 0x2a, 0x6b, 0x32, 0x4b, 0x32, 0x6b, 0x2a, 0x6b, 0x32,
    0x6b, 0x2a, 0x6b, 0x2a, 0x6b, 0x2a, 0x6b, 0x2a, 0x6b, 0x32, 0x6b, 0x2a,
    0x6b, 0x2a, 0x6b, 0x32, 0x6b, 0x32, 0x6b, 0x32, 0x6b, 0x32, 0x6b, 0x32,
    0x6b, 0x32, 0x6b, 0x32, 0x6b, 0x32, 0x6b, 0x32, 0x6b, 0x32, 0x6b, 0x32,
    0x8b, 0x32, 0x6b, 0x32, 0x6b, 0x32, 0x6b, 0x32, 0x6b, 0x32, 0x6b, 0x32,
    0x6b, 0x32, 0x6b, 0x32, 0x6b, 0x32, 0x6b, 0x32, 0x6b, 0x32, 0x6b, 0x32,
    0x6b, 0x32, 0x6b, 0x32, 0x6b, 0x32, 0x6b, 0x32, 0x8b, 0x32, 0x8b, 0x32,
    0x8b, 0x32, 0x8b, 0x32, 0x8b, 0x32, 0x8b, 0x32, 0x8b, 0x32, 0x8b, 0x32,
    0x8b, 0x32, 0x8b, 0x32, 0x6b, 0x32, 0x6b, 0x32, 0x6b, 0x32, 0x6b, 0x32,
    0x6b, 0x32, 0x6b, 0x32, 0x6b, 0x32, 0x8b, 0x32, 0x8b, 0x32, 0xac, 0x32,
    0xb2, 0x2b, 0x55, 0x1c, 0x55, 0x1c, 0x75, 0x1c, 0x75, 0x24, 0x55, 0x1c,
    0x55, 0x1c, 0x75, 0x24, 0x56, 0x1c, 0x55, 0x24, 0x55, 0x1c, 0x75, 0x24,
    0x55, 0x1c, 0x56, 0x24, 0x56, 0x1c, 0x55, 0x24, 0x75, 0x24, 0x55, 0x1c,
    0x75, 0x2c, 0x56, 0x24, 0x55, 0x24, 0x55, 0x1c, 0x75, 0x1c, 0x55, 0x1c,
    0x55, 0x24, 0x55, 0x1c, 0x55, 0x1c, 0x55, 0x24, 0x55, 0x1c, 0x55, 0x24,
    0x55, 0x24, 0x55, 0x24, 0x55, 0x1c, 0x29, 0x32, 0xe1, 0x40, 0x00, 0x41,
    0x41, 0x49, 0x41, 0x49, 0x41, 0x49, 0x40, 0x41, 0x20, 0x41, 0x21, 0x41,
    0x21, 0x41, 0x21, 0x41, 0x21, 0x41, 0x21, 0x41, 0x20, 0x41, 0x41, 0x41,
    0x41, 0x49, 0x41, 0x41, 0x41, 0x41, 0x20, 0x41, 0x41, 0x41, 0x21, 0x41,
    0x21, 0x49, 0x40, 0x49, 0x41, 0x41, 0x41, 0x41, 0x21, 0x41, 0x20, 0x41,
    0x21, 0x41, 0x20, 0x41, 0x20, 0x41, 0x20, 0x41, 0x20, 0x41, 0x20, 0x41,
    0x20, 0x41, 0x21, 0x41, 0x20, 0x41, 0x20, 0x41, 0x21, 0x41, 0x21, 0x41,
    0x20, 0x41, 0x40, 0x41, 0x41, 0x41, 0x21, 0x41, 0x41, 0x41, 0x41, 0x41,
    0x21, 0x41, 0x40, 0x41, 0x41, 0x41, 0x40, 0x41, 0x21, 0x41, 0x40, 0x41,
    0x40, 0x41, 0x21, 0x41, 0x20, 0x41, 0x20, 0x41, 0x20, 0x41, 0x20, 0x41,
    0x21, 0x41, 0x20, 0x41, 0x20, 0x41, 0x41, 0x41, 0x20, 0x41, 0x21, 0x41,
    0x41, 0x41, 0x40, 0x41, 0x40, 0x41, 0x21, 0x41, 0x41, 0x41, 0x21, 0x41,
    0x21, 0x41, 0x41, 0x41, 0x21, 0x41, 0x20, 0x41, 0x40, 0x41, 0x41, 0x41,
    0x20, 0x41, 0x21, 0x41, 0x40, 0x41, 0x21, 0x41, 0x20, 0x41, 0x21, 0x41,
    0x21, 0x41, 0x40, 0x41, 0x20, 0x41, 0x21, 0x41, 0x21, 0x41, 0x20, 0x41,
    0x20, 0x41, 0x41, 0x41, 0x40, 0x41, 0x21, 0x41, 0x20, 0x41, 0x20, 0x41,
    0x21, 0x41, 0x40, 0x41, 0x40, 0x41, 0x20, 0x41, 0x21, 0x41, 0x20, 0x41,
    0x20, 0x41, 0x21, 0x41, 0x21, 0x41, 0x20, 0x41, 0x21, 0x49, 0x21, 0x41,
    0x41, 0x41, 0x21, 0x41, 0x21, 0x41, 0x20, 0x41, 0x21, 0x41, 0x21, 0x41,
    0x20, 0x41, 0x40, 0x41, 0x21, 0x41, 0x40, 0x41, 0x20, 0x41, 0x40, 0x41,
    0x20, 0x41, 0x21, 0x41, 0x41, 0x41, 0x20, 0x49, 0x41, 0x41, 0x21, 0x41,
    0x40, 0x49, 0x41, 0x49, 0x21, 0x41, 0x40, 0x41, 0x21, 0x41, 0x21, 0x41,
    0x21, 0x41, 0x20, 0x41, 0x20, 0x41, 0x41, 0x41, 0x41, 0x41, 0x40, 0x41,
    0x21, 0x41, 0x21, 0x41, 0x20, 0x41, 0x21, 0x41, 0x20, 0x41, 0x21, 0x41,
    0x41, 0x41, 0x21, 0x41, 0x20, 0x41, 0x21, 0x41, 0x21, 0x41, 0x20, 0x41,
    0x21, 0x41, 0x20, 0x41, 0x21, 0x41, 0x40, 0x41, 0x21, 0x41, 0x41, 0x41,
    0x20, 0x41, 0x21, 0x41, 0x20, 0x41, 0x21, 0x41, 0x20, 0x41, 0x21, 0x41,
    0x40, 0x49, 0x20, 0x41, 0x21, 0x41, 0x21, 0x41, 0x41, 0x41, 0x41, 0x41,
    0x21, 0x41, 0x41, 0x41, 0x41, 0x41, 0x20, 0x41, 0x21, 0x41, 0x41, 0x41,
    0x41, 0x41, 0x41, 0x41, 0x21, 0x41, 0x40, 0x41, 0x21, 0x41, 0x40, 0x41,
    0x41, 0x41, 0x41, 0x41, 0x20, 0x41, 0x41, 0x41, 0x21, 0x41, 0x21, 0x41,
    0x21, 0x41, 0x21, 0x41, 0x41, 0x41, 0x21, 0x41, 0x40, 0x41, 0x41, 0x41,
    0x21, 0x41, 0x21, 0x41, 0x20, 0x41, 0x21, 0x41, 0x21, 0x41, 0x40, 0x41,
    0x21, 0x41, 0x41, 0x41, 0x41, 0x41, 0x20, 0x41, 0x40, 0x41, 0x41, 0x41,
    0x41, 0x41, 0x40, 0x41, 0x21, 0x41, 0x21, 0x41, 0x21, 0x41, 0x01, 0x39,
    0xe2, 0x38, 0x8b, 0x32, 0x76, 0x24, 0x55, 0x1c, 0x55, 0x1c, 0x56, 0x24,
    0x55, 0x1c, 0x75, 0x24, 0x55, 0x1c, 0x55, 0x1c, 0x75, 0x1c, 0x55, 0x1c,
    0x76, 0x24, 0x75, 0x1c, 0x55, 0x1c, 0x56, 0x24, 0x75, 0x1c, 0x55, 0x1c,
    0x75, 0x2c, 0x75, 0x24, 0x55, 0x1c, 0x55, 0x1c, 0x55, 0x1c, 0x55, 0x24,
    0x55, 0x1c, 0x55, 0x1c, 0x55, 0x24, 0x55, 0x24, 0x55, 0x1c, 0x55, 0x1c,
    0x55, 0x24, 0x55, 0x1c, 0xcc, 0x32, 0xe1, 0x40, 0xe1, 0x69, 0xe1, 0xd3,
    0x21, 0xdc, 0x02, 0xdc, 0x02, 0xdc, 0x01, 0xdc, 0x01, 0xdc, 0x01, 0xdc,
    0x01, 0xd4, 0x01, 0xd4, 0x01, 0xdc, 0x01, 0xd4, 0xe1, 0xd3, 0x01, 0xdc,
    0x01, 0xd4, 0x01, 0xdc, 0x01, 0xdc, 0xe1, 0xdb, 0x01, 0xdc, 0x01, 0xd4,
    0x01, 0xdc, 0x01, 0xdc, 0x01, 0xd4, 0x01, 0xdc, 0xe1, 0xd3, 0x01, 0xd4,
    0x01, 0xdc, 0x01, 0xd4, 0x01, 0xd4, 0xe1, 0xd3, 0xe1, 0xd3, 0xe1, 0xd3,
    0xe1, 0xd3, 0x01, 0xd4, 0xe1, 0xd3, 0x01, 0xd4, 0x01, 0xd4, 0x01, 0xdc,
    0x01, 0xdc, 0x01, 0xd4, 0x01, 0xd4, 0xe1, 0xd3, 0x01, 0xd4, 0xe1, 0xd3,
    0x01, 0xd4, 0x01, 0xd4, 0xe1, 0xd3, 0xe1, 0xd3, 0xe1, 0xd3, 0x01, 0xd4,
    0xe1, 0xd3, 0xe1, 0xd3, 0xe1, 0xd3, 0xe1, 0xd3, 0x01, 0xdc, 0x01, 0xd4,
    0xe1, 0xd3, 0x01, 0xd4, 0x01, 0xd4, 0x01, 0xdc, 0xe1, 0xd3, 0xe1, 0xd3,
    0x01, 0xd4, 0xe1, 0xd3, 0x01, 0xd4, 0xe1, 0xd3, 0x01, 0xd4, 0x01, 0xd4,
    0xe1, 0xd3, 0x01, 0xd4, 0x01, 0xd4, 0xe1, 0xd3, 0x01, 0xd4, 0x01, 0xd4,
    0x01, 0xd4, 0x01, 0xd4, 0x01, 0xdc, 0x01, 0xd4, 0x01, 0xd4, 0x01, 0xd4,
    0xe1, 0xd3, 0xe1, 0xd3, 0xe1, 0xd3, 0xe1, 0xd3, 0xe1, 0xd3, 0xe1, 0xd3,
    0xe1, 0xd3, 0xe1, 0xd3, 0xe1, 0xd3, 0x01, 0xd4, 0x01, 0xd4, 0xe1, 0xd3,
    0xe1, 0xd3, 0xe1, 0xd3, 0x01, 0xdc, 0xe1, 0xd3, 0xe1, 0xd3, 0xe1, 0xd3,
    0xe1, 0xd3, 0xe1, 0xdb, 0x01, 0xd4, 0xe1, 0xd3, 0x01, 0xd4, 0x01, 0xd4,
    0xe1, 0xd3, 0xe1, 0xd3, 0x01, 0xd4, 0x01, 0xd4, 0xe1, 0xd3, 0xe1, 0xd3,
    0x01, 0xd4, 0xe1, 0xd3, 0xe1, 0xd3, 0xe1, 0xd3, 0xe1, 0xd3, 0x01, 0xd4,
    0xe1, 0xd3, 0x01, 0xd4, 0xe1, 0xd3, 0x01, 0xd4, 0x01, 0xd4, 0xe1, 0xd3,
    0xe1, 0xd3, 0xe1, 0xd3, 0xe1, 0xd3, 0xe1, 0xd3, 0xe1, 0xd3, 0xe1, 0xd3,
    0xe1, 0xd3, 0x01, 0xd4, 0x01, 0xd4, 0xe1, 0xd3, 0xe1, 0xd3, 0xe1, 0xd3,
    0xe1, 0xd3, 0xe1, 0xd3, 0xe1, 0xd3, 0x01, 0xd4, 0x01, 0xd4, 0x01, 0xd4,
    0x01, 0xdc, 0xe1, 0xd3, 0xe1, 0xd3, 0xe1, 0xd3, 0xe1, 0xd3, 0xe1, 0xd3,
    0xe1, 0xd3, 0xe1, 0xd3, 0xe1, 0xd3, 0xe1, 0xd3, 0xe1, 0xd3, 0x01, 0xd4,
    0x01, 0xd4, 0x01, 0xd4, 0xe1, 0xd3, 0x01, 0xd4, 0x01, 0xd4, 0x01, 0xd4,
    0x01, 0xd4, 0x01, 0xd4, 0xe1, 0xd3, 0xe1, 0xd3, 0xe1, 0xd3, 0xe1, 0xd3,
    0xe1, 0xd3, 0xe1, 0xd3, 0xe1, 0xd3, 0xe1, 0xd3, 0xe1, 0xd3, 0xe1, 0xd3,
    0xe1, 0xd3, 0xe1, 0xd3, 0xe1, 0xd3, 0xe1, 0xd3, 0xe1, 0xd3, 0xe1, 0xd3,
    0xe1, 0xd3, 0xe1, 0xd3, 0xe1, 0xd3, 0xe1, 0xd3, 0xe1, 0xd3, 0xe1, 0xd3,
    0xe1, 0xd3, 0xe1, 0xd3, 0xe1, 0xd3, 0xe1, 0xd3, 0xe1, 0xd3, 0xe1, 0xd3,
    0xe1, 0xd3, 0xe1, 0xd3, 0x01, 0xd4, 0xe1, 0xd3, 0x01, 0xd4, 0xe1, 0xd3,
    0xe1, 0xd3, 0xe1, 0xd3, 0xe1, 0xd3, 0x01, 0xd4, 0xe1, 0xd3, 0xe1, 0xd3,
    0xe1, 0xd3, 0xe1, 0xd3, 0xe1, 0xd3, 0xe1, 0xd3, 0xe1, 0xd3, 0xa1, 0xc3,
    0x41, 0x7a, 0xe1, 0x40, 0xcd, 0x32, 0x55, 0x1c, 0x55, 0x24, 0x55, 0x1c,
    0x76, 0x1c, 0x55, 0x1c, 0x56, 0x1c, 0x75, 0x24, 0x75, 0x24, 0x56, 0x1c,
    0x75, 0x1c, 0x55, 0x24, 0x76, 0x1c, 0x75, 0x1c, 0x55, 0x24, 0x75, 0x24,
    0x75, 0x24, 0x75, 0x24, 0x75, 0x24, 0x55, 0x24, 0x56, 0x1c, 0x75, 0x24,
    0x55, 0x24, 0x55, 0x1c, 0x75, 0x24, 0x55, 0x24, 0x55, 0x1c, 0x55, 0x1c,
    0x55, 0x24, 0xb1, 0x2b, 0x23, 0x41, 0x81, 0x51, 0xa2, 0xc3, 0x61, 0xbb,
    0x01, 0xa3, 0xe1, 0xa2, 0xe1, 0x9a, 0xc1, 0xa2, 0xc1, 0x9a, 0xc1, 0x9a,
    0xc1, 0xa2, 0xc1, 0x9a, 0xc1, 0x9a, 0xc1, 0xa2, 0xc1, 0x9a, 0xc1, 0x9a,
    0xa1, 0x9a, 0xc1, 0x9a, 0xc1, 0x9a, 0xa1, 0x9a, 0xc1, 0x9a, 0xc1, 0x9a,
    0xc1, 0x9a, 0xc1, 0x9a, 0xc1, 0x9a, 0xa1, 0x9a, 0xa1, 0x9a, 0xc1, 0x9a,
    0xc1, 0x9a, 0xc1, 0x9a, 0xc1, 0x9a, 0xa1, 0x9a, 0xa1, 0x9a, 0xa1, 0x9a,
    0xc1, 0x9a, 0xa1, 0x9a, 0xc1, 0x9a, 0xc1, 0x9a, 0xc1, 0x9a, 0xa1, 0x9a,
    0xa1, 0x9a, 0xc1, 0x9a, 0xa1, 0x9a, 0xa1, 0x9a, 0xc1, 0x9a, 0xa1, 0x9a,
    0xa1, 0x9a, 0xc1, 0x9a, 0xa1, 0x9a, 0xa0, 0x9a, 0xa1, 0x9a, 0xa1, 0x9a,
    0xa1, 0x9a, 0xa1, 0x9a, 0xa1, 0x9a, 0xa1, 0x9a, 0xa1, 0x9a, 0xa1, 0x9a,
    0xa1, 0x9a, 0xc1, 0x9a, 0xa1, 0x9a, 0xa1, 0x9a, 0xa1, 0x9a, 0xc1, 0x9a,
    0xa1, 0x9a, 0xa1, 0x9a, 0xa1, 0x9a, 0xa1, 0x9a, 0xa0, 0x9a, 0xa0, 0x9a,
    0xc1, 0x9a, 0xa1, 0x9a, 0xa0, 0x9a, 0xa1, 0x9a, 0xa1, 0x9a, 0xa1, 0x9a,
    0xa1, 0x9a, 0xa1, 0x9a, 0xc1, 0x9a, 0xa1, 0x9a, 0xa1, 0x9a, 0xa0, 0x9a,
    0xc1, 0x9a, 0xa1, 0x9a, 0xa1, 0x9a, 0xa0, 0x92, 0xa1, 0x9a, 0xa1, 0x9a,
    0xa1, 0x9a, 0xa1, 0x9a, 0xa1, 0x9a, 0xc1, 0x9a, 0xa1, 0x9a, 0xa1, 0x9a,
    0xa1, 0x9a, 0xa1, 0x9a, 0xa1, 0x9a, 0xc1, 0x9a, 0xa1, 0x9a, 0xa1, 0x9a,
    0xa1, 0x9a, 0xa1, 0x9a, 0xa1, 0x9a, 0xa1, 0x9a, 0xc1, 0x9a, 0xc1, 0x9a,
    0xa0, 0x9a, 0xc1, 0x9a, 0xa1, 0x9a, 0xa1, 0x9a, 0xa1, 0x9a, 0xa1, 0x92,
    0xa1, 0x9a, 0xa1, 0x9a, 0xa1, 0x9a, 0xa1, 0x9a, 0xa1, 0x9a, 0xa1, 0x9a,
    0xa1, 0x9a, 0xa1, 0x9a, 0xa1, 0x9a, 0xa1, 0x9a, 0xa1, 0x9a, 0xa1, 0x9a,
    0xc1, 0x9a, 0xa1, 0x9a, 0xa1, 0x9a, 0xa1, 0x9a, 0xa1, 0x9a, 0xa1, 0x9a,
    0xa1, 0x9a, 0xa1, 0x9a, 0xa1, 0x9a, 0xa0, 0x9a, 0xa1, 0x92, 0xa1, 0x9a,
    0xa0, 0x9a, 0xa1, 0x9a, 0xa1, 0x9a, 0xa1, 0x92, 0xa1, 0x9a, 0xa0, 0x9a,
    0xa1, 0x92, 0xa1, 0x9a, 0xa1, 0x9a, 0xa0, 0x92, 0xa1, 0x9a, 0xa1, 0x9a,
    0xa0, 0x92, 0xa1, 0x92, 0xa1, 0x92, 0xa0, 0x92, 0xa1, 0x9a, 0xa1, 0x9a,
    0xa0, 0x9a, 0xa1, 0x9a, 0xa1, 0x9a, 0xa0, 0x9a, 0xa1, 0x9a, 0xa1, 0x9a,
    0xa0, 0x9a, 0xa1, 0x92, 0xa1, 0x92, 0xa0, 0x92, 0xa0, 0x9a, 0xa1, 0x9a,
    0xa1, 0x9a, 0xa0, 0x9a, 0xa0, 0x9a, 0xc1, 0x9a, 0xc0, 0x9a, 0xa0, 0x9a,
    0xa1, 0x9a, 0xa0, 0x9a, 0xa1, 0x9a, 0xa1, 0x9a, 0xa0, 0x9a, 0xa1, 0x9a,
    0xa1, 0x9a, 0xa1, 0x9a, 0xa1, 0x92, 0xa0, 0x92, 0xa0, 0x9a, 0xc1, 0x92,
    0xa0, 0x9a, 0xa0, 0x9a, 0xa1, 0x9a, 0xc0, 0x9a, 0xc1, 0x9a, 0xa0, 0x9a,
    0xc1, 0x9a, 0xa1, 0x9a, 0xa1, 0x9a, 0xc1, 0x9a, 0xa1, 0x9a, 0xa1, 0x9a,
    0xc1, 0x9a, 0xa1, 0x9a, 0xc1, 0x9a, 0xa1, 0x9a, 0xa1, 0x9a, 0xc1, 0x9a,
    0xa1, 0x9a, 0xa1, 0x92, 0xa0, 0x92, 0xa1, 0x92, 0xa1, 0x92, 0xa1, 0x9a,
    0xc0, 0xa2, 0xc1, 0x61, 0x43, 0x39, 0xf3, 0x23, 0x75, 0x24, 0x75, 0x1c,
    0x75, 0x1c, 0x55, 0x24, 0x75, 0x1c, 0x56, 0x1c, 0x75, 0x24, 0x56, 0x1c,
    0x55, 0x1c, 0x75, 0x24, 0x56, 0x1c, 0x75, 0x1c, 0x56, 0x24, 0x55, 0x24,
    0x75, 0x24, 0x75, 0x24, 0x75, 0x24, 0x56, 0x24, 0x75, 0x24, 0x55, 0x1c,
    0x55, 0x1c, 0x55, 0x24, 0x55, 0x1c, 0x75, 0x1c, 0x75, 0x24, 0x55, 0x24,
    0x55, 0x24, 0x29, 0x3a, 0x00, 0x41, 0xc1, 0x92, 0x62, 0xbb, 0xc1, 0x9a,
    0xe1, 0xa2, 0xe1, 0x9a, 0xc1, 0x9a, 0xc1, 0x9a, 0xc1, 0x9a, 0xc1, 0x9a,
    0xc1, 0x9a, 0xc1, 0x9a, 0xc1, 0x9a, 0xc1, 0x9a, 0xc1, 0x9a, 0xc1, 0x9a,
    0xc1, 0x9a, 0xa1, 0x9a, 0xc1, 0x9a, 0xc1, 0x9a, 0xc1, 0x9a, 0xa1, 0x9a,
    0xc1, 0x9a, 0xa1, 0x9a, 0xa1, 0x9a, 0xc1, 0x9a, 0xc1, 0x9a, 0xa1, 0x9a,
    0xc1, 0x9a, 0xa1, 0x9a, 0xa1, 0x9a, 0xa1, 0x9a, 0xa1, 0x9a, 0xa1, 0x9a,
    0xa1, 0x9a, 0xa1, 0x9a, 0xa1, 0x9a, 0xa1, 0x9a, 0xa1, 0x9a, 0xa1, 0x9a,
    0xa1, 0x9a, 0xa1, 0x9a, 0xa1, 0x92, 0xa0, 0x9a, 0xa1, 0x9a, 0xa1, 0x9a,
    0xa0, 0x9a, 0xa1, 0x9a, 0xa1, 0x9a, 0xa1, 0x92, 0xa1, 0x9a, 0xa1, 0x9a,
    0xa0, 0x92, 0xa1, 0x9a, 0xa1, 0x92, 0xa1, 0x92, 0xa1, 0x9a, 0xa0, 0x9a,
    0xa1, 0x92, 0xa1, 0x9a, 0xa0, 0x92, 0xa1, 0x92, 0xa1, 0x92, 0xa0, 0x9a,
    0xa1, 0x92, 0xa0, 0x92, 0xa1, 0x92, 0xa1, 0x92, 0xa1, 0x92, 0xa0, 0x92,
    0xa1, 0x92, 0xa1, 0x92, 0xa1, 0x92, 0xa1, 0x92, 0xa1, 0x92, 0xa0, 0x92,
    0xa1, 0x92, 0xa0, 0x92, 0xa1, 0x92, 0xa1, 0x92, 0xa0, 0x9a, 0xa1, 0x92,
    0xa1, 0x9a, 0xa1, 0x9a, 0xa1, 0x92, 0xa1, 0x92, 0xa1, 0x9a, 0xa0, 0x92,
    0xa0, 0x92, 0xa1, 0x92, 0xa1, 0x92, 0xa0, 0x92, 0xa1, 0x92, 0xa1, 0x92,
    0xa1, 0x92, 0xa0, 0x92, 0xa1, 0x92, 0xa1, 0x92, 0xa0, 0x92, 0xa1, 0x92,
    0xa0, 0x92, 0xa0, 0x92, 0xa1, 0x92, 0xa0, 0x9a, 0xa1, 0x9a, 0xa1, 0x92,
    0xa0, 0x9a, 0xa1, 0x92, 0xa0, 0x92, 0xa0, 0x92, 0xa1, 0x92, 0xa1, 0x92,
    0xa0, 0x92, 0xa0, 0x92, 0xa1, 0x92, 0xa1, 0x92, 0xa0, 0x92, 0xa1, 0x92,
    0xa0, 0x92, 0xa0, 0x92, 0xa0, 0x92, 0xa1, 0x92, 0xa1, 0x92, 0xa0, 0x92,
    0xa1, 0x92, 0xa1, 0x92, 0xa0, 0x92, 0xa0, 0x92, 0xa1, 0x92, 0xa1, 0x92,
    0xa0, 0x92, 0xa1, 0x92, 0xa1, 0x92, 0xa0, 0x92, 0xa1, 0x92, 0xa1, 0x92,
    0xa0, 0x92, 0x81, 0x92, 0xa0, 0x92, 0x80, 0x92, 0x80, 0x92, 0xa1, 0x92,
    0xa1, 0x92, 0x80, 0x92, 0xa1, 0x92, 0xa1, 0x92, 0xa0, 0x92, 0xa1, 0x92,
    0xa1, 0x92, 0x80, 0x92, 0xa1, 0x92, 0x81, 0x92, 0x80, 0x92, 0xa1, 0x92,
    0xa1, 0x92, 0xa0, 0x9a, 0xa1, 0x92, 0xa1, 0x92, 0x80, 0x92, 0x81, 0x92,
    0x81, 0x92, 0x80, 0x92, 0xa1, 0x92, 0x81, 0x92, 0xa1, 0x92, 0xa0, 0x92,
    0xa1, 0x92, 0xa0, 0x92, 0xa1, 0x92, 0xa1, 0x92, 0x81, 0x92, 0xa0, 0x92,
    0xa1, 0x92, 0xa1, 0x92, 0xa0, 0x92, 0xa1, 0x92, 0xa0, 0x92, 0xa1, 0x92,
    0xa0, 0x92, 0xa0, 0x92, 0xa1, 0x92, 0xa1, 0x92, 0xa1, 0x92, 0x81, 0x92,
    0xa1, 0x92, 0xa1, 0x92, 0xa0, 0x92, 0xa1, 0x92, 0xa1, 0x92, 0xa1, 0x92,
    0xa0, 0x92, 0xa0, 0x92, 0xa0, 0x92, 0xa1, 0x92, 0xa0, 0x92, 0xa0, 0x92,
    0xa1, 0x92, 0xa0, 0x92, 0xa0, 0x92, 0xa1, 0x92, 0xa0, 0x92, 0xa1, 0x92,
    0xa1, 0x92, 0xa0, 0x92, 0xa1, 0x92, 0xa1, 0x92, 0x80, 0x92, 0xa1, 0x92,
    0xa0, 0x92, 0x20, 0x7a, 0x01, 0x41, 0xed, 0x32, 0x76, 0x1c, 0x75, 0x24,
    0x55, 0x1c, 0x55, 0x24, 0x75, 0x24, 0x55, 0x1c, 0x55, 0x1c, 0x75, 0x24,
    0x76, 0x24, 0x75, 0x24, 0x75, 0x1c, 0x76, 0x24, 0x75, 0x1c, 0x76, 0x1c,
    0x75, 0x24, 0x75, 0x24, 0x76, 0x1c, 0x55, 0x24, 0x75, 0x24, 0x55, 0x1c,
    0x55, 0x1c, 0x55, 0x24, 0x55, 0x24, 0x55, 0x1c, 0x55, 0x1c, 0x76, 0x1c,
    0xf2, 0x23, 0x23, 0x41, 0x81, 0x59, 0x82, 0xbb, 0xe1, 0xa2, 0xe2, 0x9a,
    0xc1, 0x9a, 0xc1, 0xa2, 0xc1, 0x9a, 0xc1, 0x9a, 0xc1, 0x9a, 0xc1, 0x9a,
    0xc1, 0x9a, 0xc1, 0x9a, 0xc1, 0x9a, 0xa1, 0x9a, 0xa1, 0x9a, 0xa1, 0x9a,
    0xa1, 0x9a, 0xa1, 0x9a, 0xa1, 0x9a, 0xa1, 0x9a, 0xa1, 0x9a, 0xc1, 0x9a,
    0xa1, 0x9a, 0xa1, 0x9a, 0xa0, 0x9a, 0xa1, 0x9a, 0xa1, 0x9a, 0xa1, 0x9a,
    0xc1, 0x9a, 0xa1, 0x9a, 0xa1, 0x9a, 0xa1, 0x9a, 0xc1, 0x9a, 0xa1, 0x92,
    0xa0, 0x92, 0xa1, 0x9a, 0xa1, 0x92, 0xa0, 0x92, 0xa1, 0x9a, 0xa0, 0x92,
    0xa0, 0x92, 0xa1, 0x92, 0xa0, 0x92, 0x80, 0x92, 0xa1, 0x92, 0xa0, 0x92,
    0xa0, 0x92, 0xa1, 0x92, 0xa0, 0x92, 0xa1, 0x92, 0xa1, 0x92, 0xa0, 0x92,
    0xa1, 0x92, 0xa0, 0x92, 0xa1, 0x92, 0xa1, 0x92, 0xa0, 0x92, 0xa0, 0x92,
    0xa0, 0x92, 0xa1, 0x92, 0xa0, 0x92, 0x81, 0x92, 0xa0, 0x9a, 0x81, 0x92,
    0xa1, 0x92, 0xa0, 0x92, 0x80, 0x92, 0x81, 0x92, 0x81, 0x92, 0xa1, 0x92,
    0x80, 0x92, 0x80, 0x92, 0x81, 0x92, 0x81, 0x92, 0xa0, 0x92, 0x81, 0x92,
    0xa1, 0x92, 0x80, 0x92, 0x81, 0x92, 0x80, 0x92, 0xa1, 0x92, 0xa1, 0x92,
    0xa0, 0x92, 0xa0, 0x92, 0xa0, 0x92, 0x81, 0x92, 0xa0, 0x92, 0xa1, 0x92,
    0x81, 0x92, 0x80, 0x92, 0x80, 0x92, 0x81, 0x92, 0xa0, 0x92, 0xa1, 0x92,
    0x80, 0x92, 0xa1, 0x92, 0x80, 0x92, 0x81, 0x92, 0xa0, 0x92, 0xa1, 0x92,
    0x81, 0x92, 0xa1, 0x92, 0xa0, 0x92, 0xa1, 0x92, 0x80, 0x92, 0x81, 0x92,
    0x81, 0x92, 0xa1, 0x92, 0x80, 0x92, 0x81, 0x92, 0xa0, 0x92, 0xa0, 0x92,
    0x81, 0x92, 0x81, 0x92, 0xa0, 0x92, 0xa0, 0x92, 0x80, 0x92, 0x81, 0x92,
    0xa0, 0x92, 0x81, 0x92, 0x81, 0x92, 0x80, 0x92, 0x80, 0x92, 0x81, 0x92,
    0x81, 0x92, 0xa0, 0x92, 0x81, 0x92, 0x81, 0x92, 0x80, 0x92, 0x80, 0x92,
    0x80, 0x92, 0x81, 0x92, 0x80, 0x92, 0x81, 0x92, 0x80, 0x92, 0x81, 0x92,
    0x80, 0x92, 0x80, 0x92, 0x80, 0x92, 0x81, 0x92, 0x80, 0x92, 0x81, 0x92,
    0x80, 0x92, 0x80, 0x92, 0x81, 0x92, 0x81, 0x92, 0x80, 0x92, 0x81, 0x92,
    0x81, 0x92, 0x80, 0x92, 0x80, 0x92, 0x81, 0x92, 0x80, 0x92, 0x81, 0x92,
    0x80, 0x92, 0x81, 0x92, 0x80, 0x92, 0x80, 0x92, 0x80, 0x92, 0x81, 0x92,
    0x80, 0x92, 0xa0, 0x92, 0x80, 0x92, 0x81, 0x92, 0x81, 0x92, 0x80, 0x92,
    0x80, 0x92, 0x81, 0x92, 0x81, 0x92, 0x80, 0x92, 0x80, 0x92, 0x81, 0x92,
    0x81, 0x92, 0x80, 0x92, 0x81, 0x92, 0x80, 0x92, 0x81, 0x92, 0x81, 0x92,
    0x80, 0x92, 0x80, 0x92, 0xa0, 0x92, 0xa1, 0x92, 0x80, 0x92, 0x80, 0x92,
    0x80, 0x92, 0xa0, 0x92, 0x81, 0x92, 0x81, 0x92, 0x80, 0x92, 0xa1, 0x92,
    0x80, 0x92, 0x81, 0x92, 0x81, 0x92, 0x81, 0x92, 0x80, 0x92, 0x81, 0x92,
    0x81, 0x92, 0xa0, 0x92, 0xa1, 0x92, 0x81, 0x92, 0x80, 0x92, 0xa1, 0x92,
    0xa0, 0x92, 0x81, 0x92, 0x81, 0x92, 0x80, 0x92, 0xa0, 0x92, 0xa1, 0x92,
    0x80, 0x92, 0x21, 0x7a, 0x01, 0x41, 0x8a, 0x32, 0x96, 0x1c, 0x56, 0x1c,
    0x75, 0x1c, 0x76, 0x24, 0x76, 0x24, 0x76, 0x1c, 0x75, 0x1c, 0x75, 0x1c,
    0x56, 0x24, 0x75, 0x1c, 0x75, 0x24, 0x55, 0x24, 0x55, 0x1c, 0x75, 0x24,
    0x75, 0x2c, 0x75, 0x24, 0x75, 0x24, 0x75, 0x24, 0x75, 0x24, 0x76, 0x24,
    0x75, 0x24, 0x75, 0x24, 0x75, 0x24, 0x55, 0x24, 0x55, 0x1c, 0x75, 0x24,
    0xd2, 0x2b, 0x22, 0x41, 0xc1, 0x61, 0xe1, 0xa2, 0xc1, 0x9a, 0xc1, 0x9a,
    0xc2, 0x9a, 0xc1, 0x9a, 0xc1, 0xa2, 0xc1, 0x9a, 0xc1, 0x9a, 0xc1, 0x9a,
    0xa1, 0x9a, 0xc1, 0x9a, 0xc1, 0x9a, 0xa1, 0x9a, 0xc1, 0x9a, 0xa1, 0x9a,
    0xc1, 0x9a, 0xa1, 0x9a, 0xa1, 0x9a, 0xa1, 0x9a, 0xa0, 0x92, 0xa1, 0x9a,
    0xa1, 0x92, 0xa1, 0x92, 0xa1, 0x92, 0xa0, 0x92, 0xa1, 0x92, 0xa1, 0x92,
    0xa0, 0x92, 0xa1, 0x92, 0xa0, 0x92, 0xa1, 0x92, 0xa0, 0x92, 0xa0, 0x92,
    0xa1, 0x92, 0xa1, 0x92, 0x80, 0x92, 0xa1, 0x92, 0xa1, 0x92, 0x80, 0x92,
    0xa1, 0x92, 0x81, 0x92, 0xa1, 0x92, 0xa1, 0x92, 0x81, 0x92, 0x81, 0x92,
    0x81, 0x92, 0x80, 0x92, 0x80, 0x92, 0x81, 0x92, 0x80, 0x92, 0x81, 0x92,
    0xa1, 0x92, 0xa0, 0x92, 0x81, 0x92, 0xa0, 0x92, 0x81, 0x92, 0x81, 0x92,
    0x81, 0x92, 0x81, 0x92, 0x81, 0x92, 0x80, 0x92, 0x81, 0x92, 0xa1, 0x92,
    0x81, 0x92, 0x81, 0x92, 0x80, 0x92, 0x81, 0x92, 0x80, 0x92, 0x81, 0x92,
    0x80, 0x92, 0x80, 0x92, 0x80, 0x92, 0x81, 0x92, 0x80, 0x92, 0x81, 0x92,
    0x81, 0x92, 0x80, 0x92, 0x81, 0x92, 0x81, 0x92, 0x80, 0x92, 0x81, 0x92,
    0x81, 0x92, 0x80, 0x92, 0x81, 0x92, 0x80, 0x92, 0xa1, 0x92, 0x81, 0x92,
    0x80, 0x92, 0x80, 0x92, 0x81, 0x92, 0x80, 0x92, 0x81, 0x92, 0x81, 0x92,
    0x80, 0x92, 0x80, 0x92, 0x81, 0x92, 0x81, 0x92, 0x81, 0x92, 0x80, 0x92,
    0x80, 0x92, 0x81, 0x92, 0x81, 0x92, 0x81, 0x92, 0x80, 0x92, 0x81, 0x92,
    0x81, 0x92, 0x80, 0x92, 0x81, 0x92, 0x81, 0x92, 0x80, 0x92, 0x81, 0x92,
    0xa1, 0x92, 0x81, 0x92, 0x81, 0x92, 0x80, 0x92, 0x81, 0x92, 0x81, 0x92,
    0x80, 0x92, 0x81, 0x92, 0x80, 0x92, 0x81, 0x92, 0x80, 0x92, 0x81, 0x92,
    0x80, 0x92, 0x80, 0x92, 0x81, 0x92, 0x81, 0x92, 0x81, 0x92, 0x80, 0x8a,
    0x81, 0x92, 0x81, 0x92, 0x80, 0x92, 0x81, 0x8a, 0x80, 0x8a, 0x81, 0x92,
    0x81, 0x8a, 0x81, 0x8a, 0x80, 0x92, 0x81, 0x8a, 0x80, 0x8a, 0x80, 0x92,
    0x61, 0x8a, 0x80, 0x92, 0x80, 0x92, 0x80, 0x8a, 0x60, 0x8a, 0x80, 0x92,
    0x80, 0x92, 0x60, 0x8a, 0x81, 0x92, 0x80, 0x92, 0x80, 0x92, 0x81, 0x92,
    0x80, 0x8a, 0x80, 0x92, 0x81, 0x92, 0x80, 0x8a, 0x81, 0x92, 0x81, 0x92,
    0x80, 0x92, 0x81, 0x92, 0x80, 0x92, 0x80, 0x92, 0x80, 0x92, 0x81, 0x8a,
    0x80, 0x92, 0x81, 0x92, 0x80, 0x8a, 0x80, 0x8a, 0x81, 0x92, 0x80, 0x8a,
    0x80, 0x92, 0x80, 0x92, 0x80, 0x92, 0x81, 0x92, 0x80, 0x92, 0x80, 0x92,
    0x81, 0x92, 0x81, 0x92, 0x80, 0x92, 0x80, 0x92, 0x80, 0x92, 0x81, 0x92,
    0x80, 0x92, 0x81, 0x92, 0x80, 0x92, 0x80, 0x92, 0x81, 0x92, 0x80, 0x92,
    0x80, 0x92, 0xa1, 0x92, 0x80, 0x92, 0x80, 0x92, 0x81, 0x92, 0x81, 0x92,
    0x81, 0x92, 0x80, 0x92, 0x81, 0x92, 0x81, 0x92, 0x80, 0x92, 0x81, 0x92,
    0x81, 0x92, 0x80, 0x92, 0x81, 0x92, 0x80, 0x92, 0x81, 0x92, 0x80, 0x92,
    0x80, 0x92, 0x21, 0x7a, 0x01, 0x41, 0x6a, 0x32, 0x76, 0x24, 0x75, 0x24,
    0x55, 0x1c, 0x55, 0x1c, 0x55, 0x1c, 0x76, 0x24, 0x75, 0x24, 0x55, 0x24,
    0x76, 0x1c, 0x76, 0x1c, 0x75, 0x24, 0x76, 0x24, 0x75, 0x24, 0x75, 0x1c,
    0x96, 0x2c, 0x75, 0x24, 0x75, 0x24, 0x75, 0x24, 0x76, 0x24, 0x75, 0x24,
    0x75, 0x24, 0x55, 0x24, 0x75, 0x24, 0x75, 0x24, 0x55, 0x24, 0x75, 0x1c,
    0xd2, 0x2b, 0x02, 0x39, 0xa0, 0x61, 0xe1, 0x9a, 0xc1, 0x9a, 0xc2, 0x9a,
    0xc1, 0x9a, 0xc1, 0x9a, 0xc1, 0x9a, 0xc1, 0x9a, 0xc1, 0x9a, 0xa1, 0x9a,
    0xa1, 0x9a, 0xa1, 0x9a, 0xa1, 0x9a, 0xa1, 0x92, 0xa1, 0x92, 0xa1, 0x9a,
    0xa1, 0x92, 0xa1, 0x92, 0xa1, 0x9a, 0xa0, 0x92, 0xa1, 0x92, 0xa1, 0x92,
    0xa0, 0x92, 0xa1, 0x92, 0xa1, 0x92, 0xa1, 0x92, 0x81, 0x92, 0x80, 0x92,
    0x80, 0x92, 0x81, 0x92, 0x81, 0x92, 0x80, 0x92, 0x81, 0x92, 0x81, 0x92,
    0x81, 0x92, 0x80, 0x92, 0xa1, 0x92, 0x81, 0x92, 0x80, 0x92, 0x81, 0x92,
    0x81, 0x92, 0xa0, 0x92, 0x81, 0x92, 0x80, 0x92, 0x80, 0x92, 0x80, 0x92,
    0x81, 0x92, 0x81, 0x92, 0x80, 0x92, 0x81, 0x92, 0x81, 0x92, 0x80, 0x92,
    0x81, 0x92, 0x81, 0x92, 0x80, 0x92, 0x81, 0x92, 0x81, 0x92, 0x81, 0x92,
    0x80, 0x92, 0x81, 0x92, 0x80, 0x92, 0x81, 0x92, 0x80, 0x92, 0x80, 0x92,
    0x81, 0x92, 0x81, 0x92, 0x81, 0x92, 0x80, 0x92, 0x80, 0x92, 0x81, 0x92,
    0x81, 0x92, 0x81, 0x8a, 0x80, 0x92, 0x81, 0x8a, 0x80, 0x92, 0x80, 0x8a,
    0x80, 0x8a, 0x81, 0x8a, 0x80, 0x92, 0x81, 0x92, 0x80, 0x92, 0x80, 0x92,
    0x81, 0x92, 0x81, 0x92, 0x80, 0x92, 0x81, 0x92, 0x80, 0x92, 0x80, 0x92,
    0x81, 0x8a, 0x81, 0x8a, 0x81, 0x92, 0x80, 0x8a, 0x80, 0x92, 0x81, 0x8a,
    0x80, 0x92, 0x81, 0x8a, 0x80, 0x92, 0x80, 0x92, 0x81, 0x92, 0x81, 0x92,
    0x80, 0x92, 0x80, 0x92, 0x81, 0x92, 0x81, 0x92, 0x80, 0x92, 0x80, 0x8a,
    0x80, 0x8a, 0x80, 0x92, 0x80, 0x92, 0x81, 0x92, 0x80, 0x92, 0x81, 0x92,
    0x80, 0x92, 0x80, 0x92, 0x81, 0x92, 0x81, 0x92, 0x81, 0x92, 0x80, 0x92,
    0x80, 0x92, 0x81, 0x92, 0x80, 0x92, 0x81, 0x92, 0xa1, 0x92, 0x80, 0x8a,
    0x81, 0x92, 0x81, 0x92, 0x80, 0x8a, 0x80, 0x8a, 0x81, 0x92, 0x81, 0x8a,
    0x80, 0x8a, 0x80, 0x8a, 0x81, 0x8a, 0x60, 0x8a, 0x60, 0x8a, 0x61, 0x8a,
    0x60, 0x8a, 0x60, 0x8a, 0x81, 0x8a, 0x60, 0x8a, 0x60, 0x8a, 0x81, 0x8a,
    0x80, 0x8a, 0x61, 0x8a, 0x60, 0x8a, 0x61, 0x8a, 0x80, 0x8a, 0x61, 0x8a,
    0x81, 0x8a, 0x80, 0x8a, 0x61, 0x8a, 0x80, 0x8a, 0x81, 0x8a, 0x81, 0x8a,
    0x60, 0x92, 0x80, 0x8a, 0x81, 0x8a, 0x61, 0x8a, 0x80, 0x8a, 0x80, 0x8a,
    0x80, 0x8a, 0x81, 0x8a, 0x81, 0x8a, 0x80, 0x8a, 0x80, 0x8a, 0x81, 0x8a,
    0x81, 0x8a, 0x80, 0x92, 0x61, 0x8a, 0x80, 0x8a, 0x60, 0x8a, 0x61, 0x8a,
    0x60, 0x8a, 0x81, 0x8a, 0x60, 0x8a, 0x80, 0x8a, 0x81, 0x8a, 0x80, 0x8a,
    0x81, 0x8a, 0x81, 0x8a, 0x81, 0x92, 0x80, 0x8a, 0x61, 0x8a, 0x80, 0x8a,
    0x81, 0x8a, 0x81, 0x8a, 0x80, 0x92, 0x80, 0x8a, 0x81, 0x8a, 0x80, 0x92,
    0x60, 0x8a, 0x81, 0x92, 0x80, 0x92, 0x81, 0x92, 0x80, 0x92, 0x80, 0x92,
    0x80, 0x92, 0x80, 0x92, 0x80, 0x92, 0x80, 0x92, 0x81, 0x92, 0x81, 0x92,
    0x80, 0x92, 0x81, 0x92, 0x80, 0x8a, 0x81, 0x92, 0x81, 0x92, 0x80, 0x92,
    0x81, 0x92, 0x20, 0x7a, 0x01, 0x41, 0x8a, 0x3a, 0x96, 0x24, 0x55, 0x1c,
    0x75, 0x24, 0x75, 0x1c, 0x75, 0x1c, 0x75, 0x24, 0x75, 0x24, 0x75, 0x1c,
    0x55, 0x24, 0x55, 0x1c, 0x76, 0x1c, 0x75, 0x1c, 0x76, 0x24, 0x56, 0x1c,
    0x95, 0x34, 0x96, 0x2c, 0x96, 0x2c, 0x96, 0x2c, 0x95, 0x2c, 0x95, 0x2c,
    0x96, 0x2c, 0x96, 0x2c, 0x76, 0x2c, 0x75, 0x24, 0x75, 0x24, 0x75, 0x24,
    0xd1, 0x2b, 0x22, 0x41, 0xa1, 0x61, 0xc1, 0x9a, 0xc2, 0x9a, 0xc1, 0xa2,
    0xc1, 0x9a, 0xc1, 0x9a, 0xc1, 0x9a, 0xc2, 0x9a, 0xc1, 0x9a, 0xa1, 0x9a,
    0xa1, 0x9a, 0xa1, 0x92, 0xa1, 0x92, 0xa1, 0x9a, 0xa1, 0x92, 0xa1, 0x92,
    0xc1, 0x9a, 0xc1, 0x9a, 0xc1, 0x9a, 0xc1, 0x9a, 0xa1, 0x9a, 0xa1, 0x9a,
    0xa1, 0x92, 0x80, 0x92, 0x81, 0x92, 0xa1, 0x92, 0x81, 0x92, 0xa1, 0x9a,
    0xa1, 0x9a, 0xa1, 0x92, 0xa1, 0x92, 0x80, 0x92, 0x81, 0x92, 0x80, 0x92,
    0xa1, 0x92, 0x81, 0x92, 0xa0, 0x9a, 0xa1, 0x92, 0xa0, 0x92, 0xa1, 0x9a,
    0xa1, 0x92, 0x81, 0x92, 0x81, 0x92, 0xa1, 0x92, 0xa1, 0x9a, 0xa1, 0x9a,
    0xa1, 0x92, 0xa0, 0x92, 0xa1, 0x9a, 0xa1, 0x92, 0xa0, 0x9a, 0xa1, 0x92,
    0xa1, 0x92, 0x80, 0x92, 0x81, 0x8a, 0x81, 0x92, 0x80, 0x92, 0xa0, 0x92,
    0xa1, 0x92, 0xa0, 0x92, 0xa1, 0x92, 0xa1, 0x92, 0xa1, 0x92, 0x80, 0x8a,
    0x80, 0x92, 0xa1, 0x92, 0x81, 0x92, 0xa0, 0x92, 0x81, 0x8a, 0xa1, 0x92,
    0x80, 0x92, 0x80, 0x92, 0x81, 0x92, 0x81, 0x92, 0x81, 0x8a, 0x80, 0x92,
    0x81, 0x92, 0x80, 0x92, 0x80, 0x92, 0x81, 0x92, 0x81, 0x8a, 0x81, 0x92,
    0xa0, 0x92, 0xa1, 0x92, 0xa0, 0x92, 0xa1, 0x92, 0x81, 0x92, 0x81, 0x92,
    0x81, 0x8a, 0x60, 0x92, 0x80, 0x8a, 0x80, 0x92, 0x81, 0x8a, 0x81, 0x92,
    0x80, 0x92, 0x81, 0x92, 0x81, 0x92, 0xa0, 0x92, 0x81, 0x8a, 0x81, 0x8a,
    0x81, 0x92, 0x81, 0x8a, 0x80, 0x92, 0xa1, 0x92, 0xa1, 0x92, 0x81, 0x92,
    0x81, 0x92, 0x81, 0x8a, 0x81, 0x8a, 0x81, 0x92, 0x80, 0x92, 0x81, 0x8a,
    0x80, 0x8a, 0x81, 0x92, 0x80, 0x92, 0xa1, 0x92, 0xa0, 0x92, 0xa1, 0x92,
    0xa1, 0x92, 0x81, 0x8a, 0x80, 0x8a, 0x80, 0x8a, 0x81, 0x92, 0x80, 0x8a,
    0x81, 0x8a, 0x81, 0x92, 0x80, 0x8a, 0x80, 0x92, 0x81, 0x92, 0x60, 0x8a,
    0x80, 0x8a, 0x81, 0x8a, 0x81, 0x92, 0x80, 0x92, 0x81, 0x92, 0x81, 0x92,
    0x80, 0x92, 0x81, 0x92, 0x81, 0x8a, 0x60, 0x8a, 0x81, 0x92, 0x60, 0x8a,
    0x60, 0x8a, 0x81, 0x8a, 0x81, 0x92, 0x80, 0x92, 0x81, 0x92, 0x81, 0x92,
    0x80, 0x92, 0x81, 0x8a, 0x61, 0x8a, 0x61, 0x8a, 0x80, 0x8a, 0x60, 0x8a,
    0x61, 0x8a, 0x80, 0x8a, 0x61, 0x8a, 0x80, 0x92, 0x81, 0x92, 0x81, 0x92,
    0x60, 0x8a, 0x60, 0x8a, 0x81, 0x92, 0x81, 0x92, 0x61, 0x8a, 0x60, 0x8a,
    0x80, 0x8a, 0x60, 0x8a, 0x61, 0x8a, 0x80, 0x92, 0x81, 0x8a, 0x81, 0x92,
    0x81, 0x92, 0x81, 0x92, 0xa0, 0x92, 0x81, 0x92, 0x81, 0x92, 0xa0, 0x92,
    0x80, 0x92, 0x80, 0x92, 0x61, 0x8a, 0x61, 0x8a, 0x60, 0x8a, 0x80, 0x8a,
    0x81, 0x92, 0x80, 0x8a, 0x61, 0x8a, 0x81, 0x92, 0x80, 0x92, 0x81, 0x92,
    0x81, 0x92, 0xa0, 0x92, 0xa1, 0x92, 0xa1, 0x92, 0x80, 0x92, 0x80, 0x92,
    0x81, 0x92, 0xa1, 0x92, 0x81, 0x92, 0x80, 0x8a, 0x81, 0x8a, 0x80, 0x92,
    0x81, 0x92, 0x80, 0x8a, 0x80, 0x8a, 0x81, 0x92, 0x80, 0x8a, 0x80, 0x92,
    0x81, 0x92, 0x20, 0x7a, 0x01, 0x41, 0x8a, 0x32, 0x96, 0x24, 0x75, 0x24,
    0x75, 0x24, 0x76, 0x1c, 0x76, 0x24, 0x56, 0x1c, 0x75, 0x1c, 0x76, 0x24,
    0x55, 0x24, 0x75, 0x24, 0x75, 0x24, 0x55, 0x1c, 0x75, 0x24, 0x75, 0x24,
    0xb5, 0x3c, 0xd6, 0x34, 0xb6, 0x3c, 0xb6, 0x3c, 0xb6, 0x3c, 0xb5, 0x3c,
    0xb6, 0x34, 0xb6, 0x34, 0xb5, 0x34, 0xb6, 0x34, 0x75, 0x2c, 0x76, 0x24,
    0xd2, 0x2b, 0x02, 0x41, 0xc1, 0x61, 0xc1, 0x9a, 0xc1, 0x9a, 0xc1, 0x9a,
    0xc1, 0x9a, 0xc1, 0x9a, 0xc1, 0x9a, 0xc1, 0x9a, 0xa1, 0x9a, 0xa1, 0x9a,
    0xa1, 0x92, 0xa1, 0x92, 0xa1, 0x92, 0xc1, 0x9a, 0x81, 0x8a, 0xe0, 0x69,
    0x80, 0x51, 0x40, 0x49, 0x40, 0x41, 0x20, 0x39, 0x40, 0x41, 0x60, 0x51,
    0xc0, 0x61, 0x61, 0x82, 0xa1, 0x9a, 0x60, 0x8a, 0xa0, 0x61, 0x80, 0x49,
    0x60, 0x51, 0x60, 0x51, 0x80, 0x51, 0xe0, 0x61, 0x81, 0x8a, 0x80, 0x92,
    0x81, 0x8a, 0xe0, 0x69, 0x80, 0x51, 0x60, 0x49, 0x60, 0x49, 0x60, 0x49,
    0xa0, 0x59, 0x20, 0x82, 0x40, 0x82, 0xa0, 0x59, 0x60, 0x49, 0x60, 0x49,
    0x60, 0x49, 0x60, 0x49, 0x60, 0x49, 0x60, 0x49, 0x60, 0x49, 0x60, 0x49,
    0xa0, 0x59, 0xe0, 0x69, 0x41, 0x82, 0x81, 0x8a, 0x60, 0x82, 0xc0, 0x61,
    0x60, 0x49, 0x60, 0x49, 0x60, 0x49, 0x60, 0x49, 0x80, 0x51, 0xe0, 0x69,
    0x81, 0x8a, 0x80, 0x92, 0xa1, 0x92, 0xa1, 0x92, 0x20, 0x7a, 0xa0, 0x59,
    0x60, 0x51, 0x60, 0x49, 0x60, 0x51, 0x80, 0x51, 0xc0, 0x61, 0xa1, 0x59,
    0x60, 0x51, 0x60, 0x51, 0x60, 0x49, 0x80, 0x51, 0xc0, 0x61, 0xa0, 0x59,
    0x80, 0x51, 0x60, 0x49, 0x60, 0x49, 0x60, 0x49, 0x60, 0x51, 0xc0, 0x61,
    0x61, 0x8a, 0x60, 0x8a, 0x81, 0x8a, 0x81, 0x8a, 0x00, 0x72, 0x80, 0x51,
    0x60, 0x51, 0x80, 0x51, 0x80, 0x51, 0xa0, 0x59, 0x00, 0x72, 0x81, 0x8a,
    0x60, 0x8a, 0xe0, 0x61, 0xa0, 0x59, 0x80, 0x51, 0x80, 0x51, 0x80, 0x51,
    0x80, 0x59, 0xc0, 0x69, 0x60, 0x8a, 0x81, 0x8a, 0x81, 0x8a, 0x80, 0x8a,
    0x81, 0x8a, 0xe0, 0x69, 0x80, 0x59, 0x80, 0x51, 0x80, 0x51, 0x80, 0x51,
    0x80, 0x59, 0x00, 0x72, 0x81, 0x8a, 0x80, 0x8a, 0x81, 0x92, 0x80, 0x8a,
    0x60, 0x92, 0x81, 0x92, 0x81, 0x8a, 0x80, 0x8a, 0x81, 0x8a, 0x81, 0x92,
    0x60, 0x92, 0x61, 0x8a, 0xc0, 0x61, 0x80, 0x51, 0x60, 0x51, 0x60, 0x49,
    0x60, 0x51, 0x80, 0x51, 0xc0, 0x61, 0x41, 0x82, 0x81, 0x8a, 0x60, 0x8a,
    0x80, 0x8a, 0x21, 0x7a, 0xa0, 0x59, 0x80, 0x51, 0x60, 0x49, 0x60, 0x49,
    0x60, 0x51, 0xa0, 0x59, 0x20, 0x7a, 0x61, 0x8a, 0x60, 0x8a, 0x81, 0x8a,
    0x81, 0x8a, 0x60, 0x8a, 0x00, 0x72, 0x80, 0x59, 0x40, 0x41, 0x20, 0x39,
    0x00, 0x39, 0x00, 0x39, 0x40, 0x41, 0x80, 0x51, 0xe0, 0x71, 0x61, 0x8a,
    0x80, 0x8a, 0x60, 0x8a, 0x61, 0x8a, 0x81, 0x8a, 0x00, 0x72, 0x80, 0x59,
    0x60, 0x51, 0x60, 0x49, 0x60, 0x49, 0x60, 0x51, 0x60, 0x51, 0x60, 0x51,
    0x80, 0x59, 0xc0, 0x61, 0x20, 0x7a, 0x61, 0x8a, 0x80, 0x92, 0x80, 0x8a,
    0x80, 0x8a, 0x60, 0x92, 0x20, 0x7a, 0x80, 0x51, 0x40, 0x49, 0x60, 0x49,
    0x60, 0x49, 0x60, 0x49, 0x60, 0x49, 0x60, 0x49, 0x60, 0x49, 0x60, 0x49,
    0x80, 0x49, 0x80, 0x51, 0xc0, 0x59, 0x41, 0x7a, 0x81, 0x92, 0x80, 0x8a,
    0x81, 0x8a, 0x81, 0x92, 0x80, 0x92, 0x81, 0x92, 0x80, 0x8a, 0x81, 0x92,
    0x80, 0x92, 0x40, 0x7a, 0x01, 0x41, 0x8a, 0x32, 0x96, 0x24, 0x55, 0x1c,
    0x76, 0x1c, 0x55, 0x24, 0x75, 0x24, 0x56, 0x1c, 0x75, 0x1c, 0x76, 0x24,
    0x76, 0x1c, 0x76, 0x24, 0x76, 0x24, 0x56, 0x24, 0x76, 0x24, 0x75, 0x24,
    0xd6, 0x3c, 0xd5, 0x3c, 0xd5, 0x3c, 0xd5, 0x44, 0xd6, 0x3c, 0xd6, 0x3c,
    0xd5, 0x3c, 0xb5, 0x3c, 0xb5, 0x34, 0x95, 0x2c, 0x75, 0x2c, 0x75, 0x24,
    0xd1, 0x23, 0x02, 0x39, 0xa0, 0x59, 0xc1, 0x9a, 0xc1, 0x9a, 0xc2, 0x9a,
    0xc1, 0x9a, 0xc1, 0x9a, 0xc1, 0x9a, 0xc1, 0x9a, 0xc1, 0x9a, 0xa1, 0x9a,
    0xa1, 0x92, 0xa1, 0x92, 0xa1, 0x9a, 0x21, 0x72, 0x20, 0x39, 0x00, 0x39,
    0x00, 0x39, 0x00, 0x39, 0x00, 0x39, 0x20, 0x39, 0x00, 0x31, 0x00, 0x31,
    0x00, 0x39, 0x00, 0x39, 0xa0, 0x59, 0x40, 0x41, 0x00, 0x39, 0xe0, 0x30,
    0x00, 0x31, 0xe0, 0x38, 0xe0, 0x30, 0xe0, 0x30, 0x60, 0x49, 0x61, 0x8a,
    0xa0, 0x59, 0xe0, 0x30, 0xe0, 0x30, 0xe0, 0x38, 0xe0, 0x38, 0xe0, 0x30,
    0xe0, 0x30, 0x00, 0x31, 0x00, 0x39, 0x00, 0x31, 0x00, 0x39, 0x00, 0x39,
    0xe0, 0x30, 0xe0, 0x38, 0x00, 0x39, 0x00, 0x31, 0xe0, 0x38, 0xe0, 0x30,
    0xe0, 0x38, 0x00, 0x39, 0xe0, 0x30, 0x20, 0x39, 0x00, 0x39, 0x00, 0x39,
    0xe0, 0x38, 0xe0, 0x30, 0xe0, 0x38, 0xe0, 0x30, 0xe0, 0x38, 0xe0, 0x38,
    0xc0, 0x61, 0xa0, 0x92, 0xa0, 0x92, 0xe0, 0x71, 0xe0, 0x30, 0xe0, 0x30,
    0xe0, 0x30, 0xe0, 0x30, 0x00, 0x31, 0x00, 0x39, 0x00, 0x39, 0xe0, 0x38,
    0xe0, 0x30, 0xe0, 0x30, 0xe0, 0x30, 0x00, 0x31, 0x00, 0x39, 0x00, 0x39,
    0xe0, 0x30, 0xe0, 0x38, 0xe0, 0x38, 0x00, 0x31, 0xe0, 0x30, 0x00, 0x31,
    0x80, 0x59, 0x81, 0x92, 0x80, 0x92, 0x01, 0x72, 0xe0, 0x30, 0xe0, 0x38,
    0xe0, 0x30, 0xe0, 0x30, 0xe0, 0x30, 0xe0, 0x30, 0xe0, 0x30, 0xa0, 0x59,
    0x80, 0x51, 0xe0, 0x30, 0xe0, 0x30, 0xe0, 0x30, 0x00, 0x39, 0xe0, 0x30,
    0x00, 0x39, 0x00, 0x31, 0x60, 0x51, 0x80, 0x8a, 0x81, 0x8a, 0x80, 0x92,
    0x80, 0x59, 0x00, 0x31, 0xe0, 0x30, 0xe0, 0x30, 0xe0, 0x30, 0xe0, 0x38,
    0xe0, 0x38, 0xe0, 0x38, 0x01, 0x72, 0x81, 0x92, 0x80, 0x8a, 0x80, 0x8a,
    0x61, 0x8a, 0x60, 0x8a, 0x80, 0x92, 0x61, 0x92, 0x80, 0x8a, 0x81, 0x8a,
    0x60, 0x8a, 0x40, 0x49, 0xe0, 0x30, 0xe0, 0x38, 0xe0, 0x30, 0xe0, 0x30,
    0xe0, 0x38, 0xe0, 0x38, 0x00, 0x31, 0x20, 0x41, 0x41, 0x82, 0x80, 0x8a,
    0x20, 0x7a, 0x00, 0x39, 0xe0, 0x30, 0xe0, 0x30, 0xe0, 0x30, 0xe0, 0x30,
    0xe0, 0x30, 0xe0, 0x30, 0x00, 0x39, 0x00, 0x72, 0x81, 0x8a, 0x61, 0x8a,
    0x20, 0x7a, 0x20, 0x41, 0x00, 0x39, 0x00, 0x39, 0x00, 0x31, 0x60, 0x41,
    0xc0, 0x49, 0xa0, 0x49, 0x00, 0x39, 0x00, 0x31, 0x00, 0x39, 0x20, 0x39,
    0x01, 0x72, 0x80, 0x92, 0x81, 0x8a, 0xc0, 0x69, 0xe0, 0x30, 0x00, 0x31,
    0x00, 0x31, 0xe0, 0x38, 0xe0, 0x30, 0xe0, 0x30, 0xe0, 0x30, 0xe0, 0x38,
    0x00, 0x31, 0x00, 0x39, 0x00, 0x31, 0x20, 0x41, 0xe1, 0x61, 0x61, 0x8a,
    0x61, 0x8a, 0x20, 0x7a, 0x00, 0x39, 0x00, 0x31, 0x00, 0x31, 0xe0, 0x38,
    0xe0, 0x30, 0xe0, 0x38, 0xe0, 0x38, 0xe0, 0x30, 0xe0, 0x30, 0x00, 0x39,
    0x00, 0x39, 0xe0, 0x30, 0x00, 0x39, 0x00, 0x39, 0x20, 0x7a, 0x81, 0x92,
    0x80, 0x8a, 0x80, 0x92, 0x81, 0x92, 0x80, 0x8a, 0x81, 0x92, 0x81, 0x8a,
    0x80, 0x8a, 0x20, 0x7a, 0x01, 0x41, 0x8b, 0x32, 0x76, 0x24, 0x55, 0x1c,
    0x75, 0x24, 0x75, 0x24, 0x75, 0x24, 0x55, 0x1c, 0x75, 0x24, 0x75, 0x1c,
    0x75, 0x24, 0x55, 0x1c, 0x75, 0x1c, 0x76, 0x24, 0x75, 0x24, 0x76, 0x1c,
    0xd6, 0x3c, 0xd6, 0x3c, 0xd6, 0x3c, 0xd6, 0x3c, 0xd5, 0x3c, 0xb6, 0x3c,
    0xb6, 0x3c, 0x95, 0x34, 0x95, 0x2c, 0x75, 0x24, 0x55, 0x24, 0x75, 0x24,
    0xd2, 0x23, 0x22, 0x41, 0x81, 0x59, 0xc1, 0x9a, 0xa1, 0x9a, 0xc1, 0x9a,
    0xa1, 0x9a, 0xc1, 0x9a, 0xc1, 0x9a, 0xc2, 0x9a, 0xc1, 0x9a, 0xa1, 0x9a,
    0xc1, 0x9a, 0xa1, 0x9a, 0x01, 0x72, 0x00, 0x39, 0xe0, 0x30, 0x60, 0x62,
    0xe0, 0xb4, 0x00, 0xd6, 0x60, 0xde, 0x80, 0xe6, 0x40, 0xde, 0xa0, 0xc5,
    0xa0, 0x83, 0x40, 0x39, 0xe0, 0x38, 0x00, 0x39, 0x60, 0x62, 0x00, 0xbd,
    0x20, 0xbd, 0x20, 0xbd, 0x20, 0xb5, 0x00, 0x73, 0xe0, 0x38, 0xc1, 0x61,
    0x20, 0x41, 0x80, 0x49, 0xa0, 0xa4, 0x20, 0xbd, 0x20, 0xbd, 0x20, 0xbd,
    0x20, 0x94, 0x40, 0x39, 0xe0, 0x30, 0x20, 0x7b, 0x20, 0xbd, 0x20, 0xbd,
    0x20, 0xbd, 0x20, 0xbd, 0x40, 0xbd, 0x40, 0xc5, 0x40, 0xbd, 0x40, 0xbd,
    0xc0, 0xac, 0x00, 0x73, 0x00, 0x39, 0xe0, 0x38, 0x00, 0x39, 0x40, 0x5a,
    0x20, 0xbd, 0x20, 0xbd, 0x20, 0xbd, 0x20, 0xbd, 0x00, 0x94, 0x20, 0x39,
    0x60, 0x49, 0x81, 0x92, 0x61, 0x82, 0x00, 0x41, 0x80, 0x41, 0x80, 0xa4,
    0x20, 0xbd, 0x20, 0xbd, 0x01, 0xb5, 0xa0, 0x83, 0x20, 0x39, 0x60, 0x7b,
    0x00, 0xbd, 0x00, 0xbd, 0x20, 0xbd, 0xa0, 0xac, 0xa0, 0x49, 0xc0, 0x49,
    0xe0, 0xb4, 0x20, 0xb5, 0x20, 0xbd, 0x20, 0xbd, 0x60, 0xa4, 0x40, 0x41,
    0x20, 0x39, 0x41, 0x82, 0x60, 0x8a, 0x40, 0x49, 0x00, 0x31, 0xc0, 0x8b,
    0x20, 0xbd, 0x20, 0xbd, 0x00, 0xbd, 0xa0, 0xac, 0xc0, 0x49, 0x00, 0x39,
    0x00, 0x39, 0x60, 0x5a, 0x00, 0xb5, 0x20, 0xbd, 0x20, 0xbd, 0x20, 0xbd,
    0x80, 0xa4, 0xa0, 0x49, 0x20, 0x39, 0x21, 0x7a, 0x80, 0x8a, 0x41, 0x82,
    0x20, 0x41, 0xe0, 0x51, 0xc0, 0xac, 0x00, 0xbd, 0x20, 0xbd, 0x20, 0xbd,
    0x20, 0x94, 0x20, 0x39, 0xa0, 0x59, 0x81, 0x8a, 0x81, 0x92, 0x81, 0x92,
    0x80, 0x92, 0x81, 0x8a, 0x81, 0x92, 0x80, 0x8a, 0x60, 0x8a, 0x81, 0x8a,
    0xe0, 0x71, 0xe0, 0x30, 0x00, 0x52, 0xe0, 0xac, 0x00, 0xbd, 0x20, 0xbd,
    0x00, 0xb5, 0x00, 0xb5, 0xc0, 0x6a, 0xe0, 0x30, 0xa0, 0x61, 0x81, 0x8a,
    0x80, 0x51, 0x00, 0x39, 0xa0, 0x8b, 0x00, 0xb5, 0x00, 0xbd, 0x00, 0xb5,
    0x00, 0xbd, 0x20, 0x94, 0x20, 0x39, 0x80, 0x51, 0x81, 0x8a, 0xe0, 0x69,
    0x00, 0x39, 0xe0, 0x30, 0x20, 0x5a, 0xc0, 0xac, 0x20, 0xd6, 0x80, 0xee,
    0xc0, 0xf6, 0xc0, 0xf6, 0x40, 0xde, 0x00, 0xb5, 0xa0, 0x62, 0xe0, 0x30,
    0x00, 0x39, 0xc0, 0x61, 0x61, 0x82, 0x40, 0x49, 0x80, 0x41, 0x60, 0x9c,
    0x00, 0xbd, 0x20, 0xbd, 0x20, 0xbd, 0x20, 0xbd, 0x20, 0xbd, 0x00, 0xb5,
    0xe0, 0xac, 0xa0, 0x8b, 0x00, 0x52, 0xe0, 0x30, 0xe0, 0x38, 0x40, 0x41,
    0x21, 0x7a, 0x00, 0x6a, 0x00, 0x31, 0x60, 0x62, 0x20, 0xbd, 0x20, 0xbd,
    0x20, 0xbd, 0x20, 0xbd, 0x20, 0xbd, 0x20, 0xbd, 0x20, 0xbd, 0x20, 0xbd,
    0x20, 0xbd, 0x20, 0xbd, 0x00, 0x73, 0x00, 0x31, 0xc0, 0x61, 0x81, 0x92,
    0x80, 0x8a, 0x81, 0x8a, 0x81, 0x92, 0x80, 0x92, 0xa1, 0x92, 0xa0, 0x92,
    0xa1, 0x92, 0x00, 0x7a, 0x01, 0x41, 0xab, 0x3a, 0x96, 0x24, 0x75, 0x24,
    0x76, 0x24, 0x76, 0x1c, 0x76, 0x1c, 0x76, 0x24, 0x75, 0x24, 0x56, 0x24,
    0x75, 0x24, 0x75, 0x24, 0x75, 0x1c, 0x75, 0x24, 0x75, 0x24, 0x76, 0x24,
    0xb5, 0x3c, 0xd6, 0x3c, 0xd6, 0x3c, 0xb5, 0x3c, 0xb5, 0x34, 0x95, 0x34,
    0x95, 0x2c, 0x75, 0x24, 0x75, 0x24, 0x75, 0x24, 0x56, 0x24, 0x75, 0x24,
    0xf2, 0x23, 0x22, 0x41, 0xa0, 0x59, 0xa1, 0x9a, 0xc1, 0x9a, 0xa1, 0x9a,
    0xc1, 0x9a, 0xc1, 0x9a, 0xa1, 0x9a, 0xa1, 0x9a, 0xa1, 0x9a, 0xc1, 0x92,
    0xc1, 0x92, 0x61, 0x82, 0x20, 0x39, 0x20, 0x39, 0x00, 0x94, 0x00, 0xf7,
    0xe0, 0xfe, 0xc0, 0xfe, 0xc0, 0xfe, 0xc0, 0xfe, 0xa0, 0xfe, 0xa0, 0xfe,
    0x20, 0xff, 0xc0, 0xc5, 0x60, 0x41, 0x00, 0x39, 0xa0, 0x83, 0x00, 0xff,
    0xc0, 0xfe, 0xc0, 0xfe, 0xe0, 0xfe, 0x60, 0xa4, 0xe0, 0x30, 0x80, 0x51,
    0x00, 0x39, 0x00, 0x52, 0x80, 0xe6, 0xc0, 0xfe, 0xc0, 0xfe, 0xc0, 0xfe,
    0xe0, 0xd5, 0x80, 0x39, 0xe0, 0x30, 0xa0, 0xac, 0xe0, 0xfe, 0xc0, 0xfe,
    0xc0, 0xfe, 0xc0, 0xfe, 0xc0, 0xfe, 0xc0, 0xfe, 0xc0, 0xfe, 0xc0, 0xfe,
    0xe0, 0xfe, 0x00, 0xff, 0xc0, 0xcd, 0x00, 0x52, 0xe0, 0x30, 0xc1, 0x6a,
    0xc0, 0xfe, 0xc0, 0xfe, 0xc0, 0xfe, 0xc0, 0xfe, 0x40, 0xe6, 0xe1, 0x51,
    0x00, 0x39, 0x61, 0x82, 0x01, 0x72, 0xe0, 0x30, 0xa0, 0x62, 0xa0, 0xf6,
    0xc0, 0xfe, 0xc0, 0xfe, 0xc0, 0xfe, 0xe0, 0xb4, 0x40, 0x39, 0x20, 0xbd,
    0xe0, 0xfe, 0xc0, 0xfe, 0xc0, 0xfe, 0x80, 0xee, 0x60, 0x5a, 0x20, 0x5a,
    0xa0, 0xf6, 0xc0, 0xfe, 0xc0, 0xfe, 0xc0, 0xfe, 0xa0, 0xee, 0x80, 0x62,
    0x00, 0x31, 0xe1, 0x69, 0x41, 0x82, 0x20, 0x39, 0x80, 0x41, 0xe0, 0xcd,
    0xc0, 0xfe, 0xc0, 0xfe, 0xc0, 0xfe, 0x40, 0xde, 0xe0, 0x51, 0x20, 0x39,
    0x00, 0x39, 0x80, 0xa4, 0xe0, 0xfe, 0xc0, 0xfe, 0xc0, 0xfe, 0xc0, 0xfe,
    0xe0, 0xfe, 0xc0, 0x8b, 0xe0, 0x30, 0xc0, 0x61, 0x81, 0x92, 0x41, 0x82,
    0x00, 0x39, 0xc0, 0x6a, 0xa0, 0xf6, 0xc0, 0xfe, 0xc0, 0xfe, 0xe0, 0xfe,
    0xa0, 0xcd, 0x60, 0x41, 0xa0, 0x51, 0x81, 0x8a, 0x80, 0x8a, 0x80, 0x8a,
    0x81, 0x8a, 0x60, 0x92, 0x81, 0x8a, 0x81, 0x8a, 0x60, 0x92, 0x81, 0x92,
    0xc0, 0x61, 0x00, 0x31, 0xc0, 0x8b, 0xe0, 0xfe, 0xc0, 0xfe, 0xc0, 0xfe,
    0xc0, 0xfe, 0xe0, 0xfe, 0x00, 0xb5, 0x00, 0x31, 0x80, 0x51, 0x41, 0x82,
    0x20, 0x41, 0xc0, 0x49, 0x60, 0xee, 0xa0, 0xfe, 0xc0, 0xfe, 0xc0, 0xfe,
    0xc0, 0xfe, 0x00, 0xd6, 0x80, 0x41, 0x40, 0x49, 0xe0, 0x69, 0x00, 0x39,
    0x20, 0x39, 0xe0, 0x8b, 0xe0, 0xf6, 0xe0, 0xfe, 0xc0, 0xfe, 0xc0, 0xfe,
    0xc0, 0xfe, 0xc0, 0xfe, 0xc0, 0xfe, 0xc0, 0xfe, 0xe0, 0xfe, 0xa0, 0xa4,
    0x60, 0x41, 0x00, 0x31, 0x80, 0x59, 0x20, 0x41, 0xe0, 0x51, 0x20, 0xde,
    0xa0, 0xfe, 0xc0, 0xfe, 0xc0, 0xfe, 0xc0, 0xfe, 0xc0, 0xfe, 0xe0, 0xfe,
    0xe0, 0xfe, 0x00, 0xff, 0x20, 0xff, 0x40, 0xbd, 0xe0, 0x51, 0x00, 0x39,
    0x20, 0x41, 0xa1, 0x59, 0x00, 0x39, 0x60, 0x83, 0xe0, 0xfe, 0xc0, 0xfe,
    0xe0, 0xfe, 0xc0, 0xfe, 0xc0, 0xfe, 0xc0, 0xfe, 0xc0, 0xfe, 0xc0, 0xfe,
    0xc0, 0xfe, 0xe0, 0xfe, 0x40, 0x9c, 0xe0, 0x30, 0x80, 0x59, 0x81, 0x8a,
    0x60, 0x8a, 0x60, 0x8a, 0x40, 0x7a, 0x00, 0x72, 0xc0, 0x69, 0xa0, 0x59,
    0x60, 0x51, 0x20, 0x41, 0x43, 0x41, 0x90, 0x2b, 0x76, 0x24, 0x75, 0x24,
    0x75, 0x24, 0x76, 0x1c, 0x75, 0x24, 0x75, 0x24, 0x76, 0x1c, 0x76, 0x24,
    0x76, 0x1c, 0x76, 0x24, 0x76, 0x24, 0x75, 0x1c, 0x76, 0x24, 0x75, 0x24,
    0xb6, 0x3c, 0xb5, 0x3c, 0xb5, 0x34, 0x95, 0x34, 0x95, 0x2c, 0x75, 0x24,
    0x76, 0x24, 0x75, 0x24, 0x75, 0x24, 0x75, 0x24, 0x55, 0x24, 0x75, 0x24,
    0x13, 0x24, 0x64, 0x39, 0x81, 0x59, 0xa1, 0x92, 0xc2, 0x92, 0xa1, 0x9a,
    0xc2, 0x9a, 0xc2, 0x9a, 0xc1, 0x9a, 0xc1, 0x9a, 0xc1, 0x9a, 0xc1, 0x9a,
    0xa1, 0x92, 0x80, 0x51, 0x00, 0x31, 0xc0, 0x8b, 0xe0, 0xfe, 0xc0, 0xfe,
    0xc0, 0xfe, 0xe0, 0xfe, 0xe0, 0xfe, 0xc0, 0xfe, 0xe0, 0xfe, 0xe0, 0xfe,
    0xe0, 0xfe, 0x40, 0xbd, 0x20, 0x39, 0x00, 0x31, 0x80, 0x83, 0xe0, 0xfe,
    0xe0, 0xfe, 0xe0, 0xfe, 0x00, 0xff, 0x80, 0xa4, 0xe0, 0x30, 0x81, 0x51,
    0x20, 0x39, 0x00, 0x52, 0x80, 0xe6, 0xc0, 0xfe, 0xc0, 0xfe, 0xe0, 0xfe,
    0xe0, 0xd5, 0x60, 0x39, 0xe0, 0x30, 0xa0, 0xac, 0xe0, 0xfe, 0xc0, 0xfe,
    0xe0, 0xfe, 0xe0, 0xfe, 0xe0, 0xfe, 0xc0, 0xfe, 0xe0, 0xfe, 0xe0, 0xfe,
    0xe0, 0xfe, 0xc0, 0xfe, 0xe0, 0xfe, 0x00, 0xd6, 0xa0, 0x49, 0x80, 0x41,
    0x00, 0xd6, 0xe0, 0xfe, 0xe0, 0xfe, 0xc0, 0xfe, 0xa0, 0xf6, 0xe0, 0x72,
    0xe0, 0x30, 0x01, 0x72, 0xa0, 0x59, 0xe0, 0x30, 0x80, 0x83, 0xe0, 0xfe,
    0xc0, 0xfe, 0xc0, 0xfe, 0xc0, 0xf6, 0x80, 0x83, 0x20, 0x39, 0x20, 0xb5,
    0xe0, 0xfe, 0xe0, 0xfe, 0xc0, 0xfe, 0x80, 0xee, 0x80, 0x62, 0x40, 0x41,
    0xc1, 0xcd, 0xe0, 0xfe, 0xc0, 0xfe, 0xc0, 0xfe, 0xc0, 0xf6, 0x80, 0x83,
    0xe0, 0x30, 0xc0, 0x61, 0x00, 0x6a, 0xe0, 0x30, 0x20, 0x5a, 0x80, 0xee,
    0xc0, 0xfe, 0xc0, 0xfe, 0xe0, 0xfe, 0x00, 0xb5, 0x00, 0x31, 0x00, 0x39,
    0x80, 0x41, 0xe0, 0xd5, 0xe0, 0xfe, 0xe0, 0xfe, 0xe0, 0xfe, 0xe0, 0xfe,
    0xe0, 0xfe, 0x00, 0xb5, 0xe0, 0x30, 0x80, 0x51, 0x81, 0x92, 0x20, 0x7a,
    0x00, 0x39, 0xa0, 0x6a, 0xa0, 0xf6, 0xc0, 0xfe, 0xe0, 0xfe, 0xe0, 0xfe,
    0xa0, 0xcd, 0x60, 0x39, 0xa0, 0x59, 0x81, 0x92, 0x60, 0x92, 0x81, 0x8a,
    0x80, 0x8a, 0x80, 0x92, 0x61, 0x8a, 0x60, 0x8a, 0x81, 0x92, 0x81, 0x8a,
    0xc0, 0x61, 0x00, 0x39, 0x00, 0x9c, 0xe0, 0xfe, 0xc0, 0xfe, 0xc0, 0xfe,
    0xe0, 0xfe, 0xc0, 0xfe, 0x00, 0xde, 0xa0, 0x49, 0x20, 0x41, 0xe1, 0x71,
    0xe0, 0x30, 0xc0, 0x6a, 0xc0, 0xf6, 0xc0, 0xfe, 0xc0, 0xfe, 0xc0, 0xfe,
    0xe0, 0xfe, 0x20, 0xde, 0xc0, 0x51, 0x20, 0x39, 0x00, 0x39, 0x00, 0x39,
    0x60, 0x9c, 0xe0, 0xfe, 0xc0, 0xfe, 0xe0, 0xfe, 0xc0, 0xfe, 0xc0, 0xfe,
    0xc0, 0xfe, 0xe0, 0xfe, 0xe0, 0xfe, 0xc0, 0xfe, 0xc0, 0xfe, 0xe0, 0xfe,
    0x00, 0xb5, 0x20, 0x31, 0x00, 0x39, 0x00, 0x31, 0xc0, 0x49, 0x40, 0xde,
    0xc0, 0xfe, 0xe0, 0xfe, 0xc0, 0xfe, 0xe0, 0xfe, 0xc0, 0xfe, 0xe0, 0xfe,
    0xe0, 0xfe, 0xc0, 0xfe, 0xc0, 0xfe, 0xe0, 0xfe, 0x80, 0xee, 0x00, 0x73,
    0xe0, 0x30, 0x00, 0x39, 0x00, 0x39, 0x40, 0x7b, 0xe0, 0xfe, 0xe0, 0xfe,
    0xe0, 0xfe, 0xe0, 0xfe, 0xc0, 0xfe, 0xe0, 0xfe, 0xc0, 0xfe, 0xe0, 0xfe,
    0xe0, 0xfe, 0xe0, 0xfe, 0x40, 0x9c, 0xe0, 0x30, 0xc0, 0x59, 0xa1, 0x9a,
    0xa1, 0x9a, 0xa0, 0x9a, 0xa1, 0x92, 0xa1, 0x92, 0xa1, 0x92, 0x81, 0x92,
    0xe0, 0x69, 0x00, 0x41, 0xe7, 0x39, 0x75, 0x24, 0x75, 0x24, 0x75, 0x1c,
    0x75, 0x24, 0x76, 0x24, 0x75, 0x24, 0x75, 0x24, 0x76, 0x24, 0x75, 0x24,
    0x75, 0x24, 0x76, 0x24, 0x75, 0x1c, 0x76, 0x24, 0x75, 0x1c, 0x76, 0x24,
    0x95, 0x2c, 0x96, 0x2c, 0x95, 0x2c, 0x96, 0x24, 0x75, 0x24, 0x75, 0x24,
    0x76, 0x24, 0x75, 0x24, 0x75, 0x24, 0x55, 0x24, 0x76, 0x24, 0x55, 0x24,
    0x55, 0x24, 0xe7, 0x39, 0x40, 0x51, 0x61, 0x8a, 0x81, 0x92, 0xa1, 0x92,
    0xc1, 0x9a, 0xc1, 0x9a, 0xc2, 0x9a, 0xc1, 0x9a, 0xc1, 0x9a, 0xc1, 0x9a,
    0x61, 0x8a, 0x20, 0x41, 0xc0, 0x49, 0x20, 0xde, 0xc0, 0xfe, 0xc0, 0xfe,
    0xc0, 0xfe, 0xe0, 0xfe, 0xe0, 0xfe, 0xe0, 0xfe, 0x00, 0xff, 0xe0, 0xfe,
    0xc0, 0xf6, 0x40, 0x7b, 0xe0, 0x30, 0xe0, 0x30, 0x80, 0x83, 0xe0, 0xfe,
    0xc0, 0xfe, 0xe0, 0xfe, 0xe0, 0xfe, 0x60, 0xa4, 0xc0, 0x30, 0x80, 0x51,
    0x20, 0x41, 0x00, 0x52, 0x60, 0xe6, 0xc0, 0xfe, 0xe0, 0xfe, 0xe0, 0xfe,
    0xe0, 0xd5, 0x60, 0x39, 0xe0, 0x30, 0xa0, 0xac, 0xe0, 0xfe, 0xc0, 0xfe,
    0xc0, 0xfe, 0xe0, 0xfe, 0xe0, 0xfe, 0xe0, 0xfe, 0x00, 0xff, 0xe0, 0xfe,
    0xc0, 0xfe, 0xe0, 0xfe, 0xc0, 0xfe, 0xe0, 0xfe, 0x20, 0x9c, 0x20, 0x39,
    0xa0, 0xac, 0xe0, 0xfe, 0xe0, 0xfe, 0xe0, 0xfe, 0xe0, 0xfe, 0x20, 0x9c,
    0x00, 0x31, 0xa0, 0x59, 0x60, 0x49, 0x00, 0x39, 0xa0, 0xa4, 0x00, 0xff,
    0xe0, 0xfe, 0xc0, 0xfe, 0x80, 0xee, 0x60, 0x62, 0x20, 0x39, 0x00, 0xb5,
    0xe0, 0xfe, 0xc0, 0xfe, 0xc0, 0xfe, 0x80, 0xee, 0xa0, 0x62, 0xe0, 0x30,
    0x60, 0x9c, 0xe0, 0xfe, 0xe0, 0xfe, 0xe0, 0xfe, 0xe0, 0xfe, 0xc0, 0xac,
    0x00, 0x39, 0x80, 0x59, 0x81, 0x59, 0xe0, 0x30, 0x60, 0x7b, 0xe0, 0xfe,
    0xc0, 0xfe, 0xc0, 0xfe, 0xc0, 0xfe, 0x60, 0x83, 0xe0, 0x30, 0x00, 0x39,
    0x40, 0x62, 0xa0, 0xf6, 0xc0, 0xfe, 0xe0, 0xfe, 0xc0, 0xfe, 0xe0, 0xfe,
    0xe0, 0xfe, 0xe0, 0xd5, 0x80, 0x41, 0x20, 0x41, 0x41, 0x82, 0x20, 0x7a,
    0x00, 0x39, 0xa0, 0x6a, 0xa0, 0xf6, 0xc0, 0xfe, 0xc0, 0xfe, 0xe0, 0xfe,
    0x80, 0xc5, 0x40, 0x41, 0xa0, 0x59, 0x81, 0x92, 0x81, 0x92, 0x80, 0x8a,
    0x61, 0x92, 0x81, 0x8a, 0x60, 0x92, 0x80, 0x8a, 0x80, 0x8a, 0x81, 0x8a,
    0xa0, 0x61, 0x00, 0x39, 0x60, 0x9c, 0xe0, 0xfe, 0xc0, 0xfe, 0xe0, 0xfe,
    0xe0, 0xfe, 0xc0, 0xfe, 0xa0, 0xee, 0xc0, 0x6a, 0x00, 0x39, 0x60, 0x49,
    0xe0, 0x30, 0x00, 0x94, 0xe0, 0xfe, 0xe0, 0xfe, 0xc0, 0xfe, 0xc0, 0xfe,
    0xe0, 0xfe, 0x40, 0xe6, 0xe0, 0x51, 0x00, 0x39, 0xe0, 0x30, 0x00, 0x73,
    0xa0, 0xf6, 0xc0, 0xfe, 0xc0, 0xfe, 0xc0, 0xfe, 0xe0, 0xfe, 0xe0, 0xfe,
    0xe0, 0xfe, 0xe0, 0xfe, 0xe0, 0xfe, 0xe0, 0xfe, 0xc0, 0xfe, 0xc0, 0xfe,
    0xc0, 0xfe, 0xa0, 0x83, 0x00, 0x39, 0x00, 0x39, 0xc0, 0x49, 0x20, 0xde,
    0xc0, 0xfe, 0xe0, 0xfe, 0xe0, 0xfe, 0xc0, 0xfe, 0xe0, 0xfe, 0x00, 0xff,
    0xe0, 0xfe, 0xc0, 0xfe, 0xc0, 0xfe, 0xe0, 0xfe, 0xc0, 0xfe, 0x60, 0xe6,
    0x60, 0x5a, 0x00, 0x31, 0x00, 0x39, 0x40, 0x7b, 0xe0, 0xfe, 0xe0, 0xfe,
    0xe0, 0xfe, 0xe0, 0xfe, 0xe0, 0xfe, 0xe0, 0xfe, 0x00, 0xff, 0xe0, 0xfe,
    0xe0, 0xfe, 0x00, 0xff, 0x40, 0x9c, 0xe0, 0x30, 0xc0, 0x61, 0xa1, 0x92,
    0xa1, 0x92, 0xa0, 0x9a, 0xc1, 0x9a, 0xa1, 0x9a, 0xa1, 0x9a, 0xc1, 0x9a,
    0x01, 0xab, 0x21, 0x7a, 0x02, 0x41, 0x90, 0x33, 0x96, 0x24, 0x76, 0x24,
    0x75, 0x24, 0x76, 0x24, 0x75, 0x1c, 0x75, 0x24, 0x76, 0x24, 0x75, 0x1c,
    0x75, 0x1c, 0x75, 0x24, 0x75, 0x24, 0x75, 0x24, 0x76, 0x24, 0x75, 0x24,
    0x95, 0x24, 0x75, 0x24, 0x75, 0x24, 0x76, 0x24, 0x75, 0x24, 0x75, 0x24,
    0x75, 0x24, 0x76, 0x24, 0x55, 0x24, 0x75, 0x1c, 0x75, 0x1c, 0x55, 0x24,
    0x76, 0x24, 0x0e, 0x33, 0xe1, 0x40, 0x00, 0x39, 0xe0, 0x38, 0x00, 0x39,
    0x60, 0x51, 0xc1, 0x61, 0xe1, 0x71, 0x21, 0x7a, 0x41, 0x82, 0x81, 0x8a,
    0x21, 0x72, 0xe0, 0x30, 0xc0, 0x6a, 0xe0, 0xfe, 0xc0, 0xfe, 0xe0, 0xfe,
    0xe0, 0xfe, 0x40, 0xe6, 0xe0, 0x6a, 0xe0, 0x51, 0x00, 0x73, 0x40, 0xbd,
    0x40, 0xde, 0xc1, 0x49, 0xe0, 0x38, 0xe0, 0x30, 0x80, 0x83, 0xe0, 0xfe,
    0xe0, 0xfe, 0xc0, 0xfe, 0xe0, 0xfe, 0x80, 0xa4, 0xe0, 0x30, 0x80, 0x59,
    0x20, 0x39, 0x00, 0x52, 0x80, 0xe6, 0xc0, 0xfe, 0xe0, 0xfe, 0xc0, 0xfe,
    0xe0, 0xd5, 0x60, 0x39, 0xe0, 0x30, 0xa0, 0xac, 0xe0, 0xfe, 0xc0, 0xfe,
    0xc0, 0xfe, 0xe0, 0xfe, 0xc0, 0xcd, 0xe0, 0x8b, 0x20, 0x94, 0x00, 0xd6,
    0xe0, 0xfe, 0xc0, 0xfe, 0xe0, 0xfe, 0xe0, 0xfe, 0xa0, 0xcd, 0x60, 0x41,
    0x40, 0x7b, 0xc0, 0xf6, 0xc0, 0xfe, 0xe0, 0xfe, 0xe0, 0xfe, 0x60, 0xbd,
    0x40, 0x39, 0x20, 0x39, 0x20, 0x39, 0x60, 0x41, 0xc0, 0xd5, 0xe0, 0xfe,
    0xc0, 0xfe, 0xe0, 0xfe, 0xe0, 0xd5, 0x80, 0x41, 0x40, 0x39, 0x00, 0xb5,
    0xe0, 0xfe, 0xc0, 0xfe, 0xc0, 0xfe, 0xa0, 0xf6, 0x80, 0x62, 0xe0, 0x30,
    0xe0, 0x72, 0xa0, 0xf6, 0xc0, 0xfe, 0xc0, 0xfe, 0xe0, 0xfe, 0xc0, 0xcd,
    0x60, 0x41, 0x20, 0x41, 0x40, 0x41, 0x20, 0x39, 0xa0, 0xa4, 0x00, 0xff,
    0xe0, 0xfe, 0xe0, 0xfe, 0x60, 0xee, 0x00, 0x5a, 0x00, 0x39, 0xe0, 0x30,
    0xa0, 0x8b, 0xe0, 0xfe, 0xc0, 0xfe, 0xe0, 0xfe, 0xc0, 0xfe, 0xc0, 0xfe,
    0xc0, 0xfe, 0xa0, 0xee, 0x80, 0x62, 0xe0, 0x30, 0xe1, 0x69, 0x41, 0x7a,
    0x00, 0x39, 0xa0, 0x6a, 0xa0, 0xee, 0xe0, 0xfe, 0xe0, 0xfe, 0xe0, 0xfe,
    0x80, 0xc5, 0x40, 0x41, 0x80, 0x59, 0x81, 0x8a, 0x80, 0x8a, 0x80, 0x92,
    0x81, 0x92, 0x60, 0x8a, 0x80, 0x8a, 0x61, 0x92, 0x61, 0x8a, 0x80, 0x8a,
    0xa0, 0x61, 0x00, 0x31, 0x80, 0xa4, 0xe0, 0xfe, 0xc0, 0xfe, 0xe0, 0xfe,
    0xc0, 0xfe, 0xc0, 0xfe, 0xe0, 0xfe, 0x00, 0x94, 0x00, 0x31, 0x00, 0x39,
    0x20, 0x39, 0x40, 0xbd, 0xc0, 0xfe, 0xe0, 0xfe, 0xe0, 0xfe, 0xc0, 0xfe,
    0xc0, 0xfe, 0x60, 0xe6, 0x00, 0x52, 0x00, 0x31, 0x40, 0x41, 0x60, 0xbd,
    0xe0, 0xfe, 0xe0, 0xfe, 0xe0, 0xfe, 0xe0, 0xfe, 0x60, 0xde, 0x20, 0x73,
    0xa0, 0x49, 0xc0, 0x6a, 0x20, 0xde, 0xe0, 0xfe, 0xe0, 0xfe, 0xc0, 0xfe,
    0xe0, 0xfe, 0xe0, 0xd5, 0x80, 0x41, 0xe0, 0x38, 0xe0, 0x49, 0x40, 0xde,
    0xc0, 0xfe, 0xc0, 0xfe, 0xe0, 0xfe, 0x80, 0xee, 0x80, 0x9c, 0x20, 0x94,
    0x60, 0xc5, 0xe0, 0xfe, 0xc0, 0xfe, 0xc0, 0xfe, 0xe0, 0xfe, 0xe0, 0xfe,
    0x60, 0xbd, 0x40, 0x39, 0x00, 0x39, 0x40, 0x7b, 0x00, 0xff, 0xe0, 0xfe,
    0xc0, 0xfe, 0xc0, 0xfe, 0x80, 0xc5, 0x00, 0x8c, 0x00, 0x8c, 0x00, 0x8c,
    0x00, 0x94, 0x00, 0x94, 0x80, 0x62, 0x00, 0x31, 0xc0, 0x61, 0xa1, 0x92,
    0xa0, 0x92, 0xa0, 0x92, 0x80, 0x92, 0x80, 0x92, 0x80, 0x92, 0x80, 0x92,
    0x80, 0x92, 0x20, 0x7a, 0x01, 0x41, 0xcc, 0x32, 0x96, 0x24, 0x75, 0x24,
    0x75, 0x24, 0x76, 0x1c, 0x76, 0x1c, 0x76, 0x24, 0x76, 0x24, 0x76, 0x24,
    0x76, 0x1c, 0x76, 0x24, 0x76, 0x24, 0x76, 0x24, 0x75, 0x24, 0x76, 0x24,
    0x75, 0x24, 0x76, 0x24, 0x75, 0x24, 0x75, 0x24, 0x76, 0x24, 0x76, 0x24,
    0x75, 0x24, 0x75, 0x1c, 0x55, 0x24, 0x55, 0x24, 0x75, 0x24, 0x55, 0x24,
    0x75, 0x24, 0x6a, 0x32, 0x41, 0x51, 0xa1, 0x92, 0xe2, 0x9a, 0xe2, 0xa2,
    0xe1, 0x9a, 0xe1, 0x9a, 0xe1, 0x9a, 0xe1, 0xa2, 0xe1, 0xa2, 0xe1, 0xa2,
    0x01, 0x72, 0xe0, 0x30, 0x60, 0x7b, 0xe0, 0xfe, 0xc0, 0xfe, 0xc0, 0xfe,
    0x00, 0xff, 0x80, 0x9c, 0xc0, 0x30, 0x20, 0x39, 0xe0, 0x30, 0xe0, 0x30,
    0x80, 0x41, 0x00, 0x39, 0x00, 0x39, 0xe0, 0x30, 0xa0, 0x83, 0x00, 0xff,
    0xc0, 0xfe, 0xc0, 0xfe, 0xe0, 0xfe, 0x80, 0xa4, 0xe0, 0x30, 0x81, 0x51,
    0x20, 0x41, 0xe0, 0x51, 0x81, 0xe6, 0xe0, 0xfe, 0xc0, 0xfe, 0xe0, 0xfe,
    0x00, 0xd6, 0x60, 0x41, 0xe0, 0x30, 0x80, 0xac, 0xe0, 0xfe, 0xe0, 0xfe,
    0xc0, 0xfe, 0x00, 0xff, 0x80, 0xa4, 0xc0, 0x28, 0xc0, 0x30, 0xe0, 0x49,
    0x20, 0xe6, 0xc0, 0xfe, 0xe0, 0xfe, 0xe0, 0xfe, 0x20, 0xd6, 0xa0, 0x49,
    0x20, 0x5a, 0x60, 0xe6, 0xc0, 0xfe, 0xe0, 0xfe, 0xe0, 0xfe, 0x20, 0xde,
    0xe0, 0x51, 0x00, 0x39, 0x00, 0x39, 0x20, 0x52, 0x80, 0xee, 0xc0, 0xfe,
    0xc0, 0xfe, 0xe0, 0xfe, 0xc0, 0xac, 0x00, 0x39, 0x40, 0x39, 0x20, 0xb5,
    0xe0, 0xfe, 0xc0, 0xfe, 0xe0, 0xfe, 0x80, 0xf6, 0x80, 0x62, 0xe0, 0x30,
    0xc0, 0x49, 0x20, 0xde, 0xc0, 0xfe, 0xc0, 0xfe, 0xc0, 0xfe, 0x60, 0xee,
    0x40, 0x5a, 0x20, 0x39, 0x00, 0x39, 0x60, 0x41, 0xa0, 0xd5, 0xe0, 0xfe,
    0xc0, 0xfe, 0xe0, 0xfe, 0x80, 0xc5, 0x40, 0x39, 0x00, 0x39, 0x20, 0x39,
    0x00, 0xb5, 0xe0, 0xfe, 0xe0, 0xfe, 0xc0, 0xfe, 0xe0, 0xfe, 0xe0, 0xfe,
    0xc0, 0xfe, 0xc0, 0xfe, 0xc0, 0x8b, 0x00, 0x39, 0x80, 0x51, 0x21, 0x7a,
    0x00, 0x39, 0xa0, 0x6a, 0xa0, 0xee, 0xc0, 0xfe, 0xe0, 0xfe, 0xe0, 0xfe,
    0x80, 0xcd, 0x60, 0x39, 0xa0, 0x59, 0x81, 0x8a, 0x80, 0x8a, 0x81, 0x8a,
    0x60, 0x8a, 0x80, 0x8a, 0x81, 0x8a, 0x60, 0x8a, 0x80, 0x8a, 0x81, 0x8a,
    0xa0, 0x59, 0x00, 0x39, 0xa0, 0xa4, 0xe0, 0xfe, 0xe0, 0xfe, 0xc0, 0xfe,
    0xc0, 0xfe, 0xe0, 0xfe, 0xe0, 0xfe, 0x20, 0xbd, 0x20, 0x39, 0x00, 0x39,
    0x00, 0x52, 0x40, 0xe6, 0xc0, 0xfe, 0xc0, 0xfe, 0xe0, 0xfe, 0xe0, 0xfe,
    0xc0, 0xfe, 0x60, 0xe6, 0x20, 0x52, 0x00, 0x39, 0x40, 0x5a, 0xa0, 0xf6,
    0xe0, 0xfe, 0xc0, 0xfe, 0xc0, 0xfe, 0x80, 0xee, 0x81, 0x62, 0xc0, 0x30,
    0x00, 0x31, 0xe0, 0x30, 0x81, 0x5a, 0x80, 0xee, 0xe0, 0xfe, 0xe0, 0xfe,
    0xc0, 0xfe, 0xa0, 0xf6, 0x00, 0x73, 0xc0, 0x30, 0xe0, 0x49, 0x40, 0xde,
    0xc0, 0xfe, 0xc0, 0xfe, 0xc0, 0xfe, 0x20, 0xde, 0xa0, 0x41, 0xc0, 0x30,
    0xe0, 0x30, 0x60, 0x7b, 0xa0, 0xf6, 0xc0, 0xfe, 0xe0, 0xfe, 0xc0, 0xfe,
    0x80, 0xee, 0x60, 0x62, 0xe0, 0x30, 0x40, 0x7b, 0xe0, 0xfe, 0xe0, 0xfe,
    0xc0, 0xfe, 0xc0, 0xfe, 0xa0, 0x83, 0xa0, 0x28, 0xc0, 0x30, 0xc0, 0x30,
    0xc0, 0x30, 0xc0, 0x30, 0xe0, 0x30, 0x20, 0x41, 0x41, 0x82, 0x80, 0x92,
    0x81, 0x92, 0x80, 0x92, 0x81, 0x92, 0xa1, 0x92, 0x80, 0x92, 0x81, 0x8a,
    0x80, 0x92, 0x40, 0x82, 0x01, 0x41, 0xab, 0x32, 0x96, 0x24, 0x75, 0x24,
    0x75, 0x24, 0x76, 0x24, 0x75, 0x24, 0x75, 0x24, 0x75, 0x1c, 0x75, 0x24,
    0x76, 0x24, 0x75, 0x24, 0x75, 0x1c, 0x96, 0x1c, 0x75, 0x24, 0x76, 0x24,
    0x75, 0x24, 0x75, 0x24, 0x76, 0x24, 0x75, 0x24, 0x55, 0x1c, 0x75, 0x24,
    0x76, 0x24, 0x75, 0x1c, 0x55, 0x24, 0x75, 0x24, 0x55, 0x1c, 0x55, 0x1c,
    0x54, 0x24, 0xa6, 0x39, 0x61, 0x59, 0xe1, 0x9a, 0xa1, 0x92, 0xa1, 0x92,
    0xa1, 0x92, 0xa1, 0x92, 0xa1, 0x92, 0xa1, 0x92, 0xa1, 0x92, 0xa1, 0x92,
    0x01, 0x6a, 0xe0, 0x38, 0x20, 0x7b, 0xe0, 0xfe, 0xc0, 0xfe, 0xe0, 0xfe,
    0xe0, 0xfe, 0x60, 0xe6, 0x00, 0x73, 0x40, 0x39, 0x00, 0x39, 0x00, 0x39,
    0x00, 0x39, 0x00, 0x39, 0x20, 0x41, 0xe0, 0x30, 0xa0, 0x8b, 0x00, 0xff,
    0xc0, 0xfe, 0xe0, 0xfe, 0xe0, 0xfe, 0x80, 0xa4, 0xc0, 0x30, 0x80, 0x51,
    0x20, 0x41, 0xe0, 0x49, 0x60, 0xe6, 0xc0, 0xfe, 0xe0, 0xfe, 0xc0, 0xfe,
    0xe0, 0xd5, 0x60, 0x39, 0xe0, 0x30, 0xa0, 0xac, 0xe0, 0xfe, 0xc0, 0xfe,
    0xc0, 0xfe, 0xe0, 0xfe, 0x80, 0xa4, 0x00, 0x39, 0x20, 0x39, 0x40, 0x39,
    0x80, 0xc5, 0xe0, 0xfe, 0xc0, 0xfe, 0xe0, 0xfe, 0x40, 0xde, 0xe0, 0x51,
    0x40, 0x41, 0x80, 0xc5, 0xe0, 0xfe, 0xc0, 0xfe, 0xc0, 0xfe, 0xc0, 0xf6,
    0xe0, 0x72, 0xe0, 0x38, 0xe0, 0x30, 0x20, 0x73, 0xe0, 0xf6, 0xc0, 0xfe,
    0xc0, 0xfe, 0xe0, 0xfe, 0x60, 0x83, 0x01, 0x39, 0x40, 0x39, 0x00, 0xb5,
    0xe0, 0xfe, 0xc0, 0xfe, 0xc0, 0xfe, 0x80, 0xee, 0x80, 0x62, 0xe0, 0x30,
    0x20, 0x39, 0x00, 0xb5, 0xe0, 0xfe, 0xc0, 0xfe, 0xe0, 0xfe, 0xe0, 0xfe,
    0x40, 0x7b, 0x00, 0x31, 0x00, 0x39, 0x20, 0x5a, 0x80, 0xee, 0xe0, 0xfe,
    0xc0, 0xfe, 0xe0, 0xfe, 0x20, 0x94, 0x00, 0x39, 0x00, 0x39, 0xc1, 0x49,
    0x20, 0xde, 0xc0, 0xfe, 0xe0, 0xfe, 0x80, 0xf6, 0x80, 0xc5, 0xe0, 0xfe,
    0xc0, 0xfe, 0xe0, 0xfe, 0x20, 0xb5, 0x40, 0x39, 0x40, 0x41, 0x01, 0x72,
    0x00, 0x39, 0x80, 0x6a, 0xa0, 0xee, 0xc0, 0xfe, 0xe0, 0xfe, 0xe0, 0xfe,
    0x80, 0xc5, 0x60, 0x39, 0x80, 0x59, 0x81, 0x8a, 0x80, 0x8a, 0x81, 0x8a,
    0x81, 0x92, 0x81, 0x92, 0x60, 0x8a, 0x61, 0x8a, 0x60, 0x8a, 0x81, 0x8a,
    0xa0, 0x59, 0x00, 0x31, 0xc0, 0xa4, 0x00, 0xff, 0xc0, 0xfe, 0xe0, 0xfe,
    0xe0, 0xfe, 0xc0, 0xfe, 0xc0, 0xfe, 0x40, 0xde, 0xc0, 0x49, 0x00, 0x39,
    0x21, 0x7b, 0xe0, 0xfe, 0xc0, 0xfe, 0xe0, 0xfe, 0xc0, 0xfe, 0xe0, 0xfe,
    0xe0, 0xfe, 0x80, 0xee, 0x41, 0x5a, 0x00, 0x31, 0x80, 0x83, 0xe0, 0xfe,
    0xe0, 0xfe, 0xc0, 0xfe, 0xe0, 0xfe, 0x40, 0xc5, 0x20, 0x39, 0x40, 0x41,
    0x01, 0x72, 0x20, 0x41, 0x40, 0x39, 0x20, 0xb5, 0xe0, 0xfe, 0xc0, 0xfe,
    0xc0, 0xfe, 0xc0, 0xfe, 0x61, 0xa4, 0xe0, 0x30, 0xe0, 0x49, 0x20, 0xde,
    0xc0, 0xfe, 0xe0, 0xfe, 0xc0, 0xfe, 0x40, 0xde, 0xc0, 0x49, 0x00, 0x39,
    0x00, 0x39, 0x40, 0x39, 0x40, 0xbd, 0x00, 0xff, 0xe0, 0xfe, 0xc0, 0xfe,
    0xe0, 0xfe, 0xa1, 0x8b, 0xc0, 0x30, 0x40, 0x7b, 0xe0, 0xfe, 0xe0, 0xfe,
    0xe0, 0xfe, 0xc0, 0xfe, 0xc0, 0x8b, 0xe0, 0x30, 0x00, 0x39, 0x00, 0x39,
    0x00, 0x39, 0x00, 0x39, 0x40, 0x41, 0x61, 0x8a, 0x81, 0x92, 0x80, 0x92,
    0x81, 0x92, 0x80, 0x92, 0xa1, 0x92, 0x81, 0x92, 0x80, 0x92, 0x81, 0x92,
    0x81, 0x8a, 0x40, 0x7a, 0x01, 0x41, 0xab, 0x32, 0x96, 0x24, 0x75, 0x24,
    0x76, 0x24, 0x76, 0x24, 0x75, 0x24, 0x76, 0x24, 0x75, 0x24, 0x75, 0x24,
    0x76, 0x24, 0x96, 0x24, 0x75, 0x24, 0x76, 0x24, 0x75, 0x24, 0x75, 0x1c,
    0x75, 0x24, 0x75, 0x24, 0x75, 0x24, 0x75, 0x1c, 0x75, 0x24, 0x75, 0x24,
    0x75, 0x1c, 0x75, 0x24, 0x55, 0x1c, 0x76, 0x24, 0x75, 0x24, 0x55, 0x24,
    0x34, 0x24, 0x64, 0x41, 0xa1, 0x61, 0xc1, 0x9a, 0xc1, 0x9a, 0xc2, 0x9a,
    0xc1, 0x9a, 0xc1, 0x9a, 0xc1, 0x9a, 0xc1, 0x9a, 0xc1, 0x9a, 0xa1, 0x9a,
    0x41, 0x7a, 0x00, 0x39, 0x60, 0x62, 0xc0, 0xf6, 0xe0, 0xfe, 0xe0, 0xfe,
    0xc0, 0xfe, 0xc0, 0xfe, 0xe0, 0xfe, 0x20, 0xd6, 0xc0, 0x8b, 0x20, 0x39,
    0xe0, 0x30, 0x20, 0x39, 0x20, 0x41, 0xe0, 0x30, 0xa0, 0x8b, 0xe0, 0xfe,
    0xe0, 0xfe, 0xe0, 0xfe, 0xe0, 0xfe, 0x80, 0xa4, 0xe0, 0x30, 0x81, 0x51,
    0x20, 0x41, 0xe0, 0x51, 0x80, 0xe6, 0xe0, 0xfe, 0xe0, 0xfe, 0xe0, 0xfe,
    0xe0, 0xd5, 0x60, 0x39, 0xe0, 0x30, 0xa0, 0xac, 0xe0, 0xfe, 0xe0, 0xfe,
    0xc0, 0xfe, 0xe0, 0xfe, 0xa0, 0xa4, 0x20, 0x39, 0x20, 0x41, 0x60, 0x41,
    0xc0, 0xd5, 0xe0, 0xfe, 0xe0, 0xfe, 0xe0, 0xfe, 0x20, 0xd6, 0xc0, 0x49,
    0x00, 0x39, 0x21, 0x94, 0x00, 0xff, 0xe0, 0xfe, 0xc0, 0xfe, 0xe0, 0xfe,
    0x20, 0x9c, 0xe0, 0x30, 0x00, 0x31, 0x61, 0xa4, 0xc0, 0xfe, 0xe0, 0xfe,
    0xc0, 0xfe, 0x80, 0xe6, 0x40, 0x5a, 0x00, 0x39, 0x40, 0x39, 0x00, 0xb5,
    0xe0, 0xfe, 0xe0, 0xfe, 0xc0, 0xfe, 0xa0, 0xee, 0xa0, 0x62, 0xe0, 0x30,
    0xe0, 0x38, 0xa0, 0x83, 0x00, 0xff, 0xe0, 0xfe, 0xe0, 0xfe, 0xe0, 0xfe,
    0x80, 0xa4, 0x00, 0x31, 0x00, 0x39, 0x20, 0x7b, 0xc0, 0xf6, 0xc0, 0xfe,
    0xe0, 0xfe, 0xa0, 0xee, 0xa1, 0x6a, 0x00, 0x39, 0xe0, 0x30, 0xc0, 0x6a,
    0xc0, 0xfe, 0xc0, 0xfe, 0xe0, 0xfe, 0xe0, 0xd5, 0x81, 0x7b, 0xe0, 0xfe,
    0xe0, 0xfe, 0xe0, 0xfe, 0x20, 0xde, 0xc0, 0x51, 0x20, 0x41, 0xe0, 0x69,
    0x20, 0x39, 0x80, 0x6a, 0xa0, 0xee, 0xc0, 0xfe, 0xe0, 0xfe, 0xe0, 0xfe,
    0x80, 0xcd, 0x60, 0x41, 0x80, 0x59, 0x81, 0x8a, 0x80, 0x8a, 0x60, 0x92,
    0x60, 0x8a, 0x60, 0x8a, 0x60, 0x8a, 0x61, 0x8a, 0x80, 0x8a, 0x61, 0x8a,
    0xa0, 0x59, 0x00, 0x39, 0xc0, 0xac, 0xe0, 0xfe, 0xc0, 0xfe, 0xc0, 0xfe,
    0xc0, 0xfe, 0xe0, 0xfe, 0xc0, 0xfe, 0xa0, 0xf6, 0xc0, 0x6a, 0xe0, 0x30,
    0xa0, 0xa4, 0x00, 0xff, 0xc0, 0xfe, 0xc0, 0xfe, 0xc0, 0xfe, 0xc0, 0xfe,
    0xc0, 0xfe, 0xa0, 0xee, 0x60, 0x5a, 0xe0, 0x30, 0x00, 0x94, 0xe0, 0xfe,
    0xc0, 0xfe, 0xc0, 0xfe, 0x00, 0xff, 0x80, 0x9c, 0xe0, 0x30, 0xa0, 0x59,
    0x81, 0x8a, 0xc0, 0x61, 0xe0, 0x30, 0xe0, 0x93, 0xe0, 0xfe, 0xe0, 0xfe,
    0xe0, 0xfe, 0xe0, 0xfe, 0x60, 0xc5, 0x40, 0x39, 0xc0, 0x49, 0x20, 0xde,
    0xc0, 0xfe, 0xe0, 0xfe, 0xe0, 0xfe, 0x20, 0xde, 0xc0, 0x49, 0x60, 0x49,
    0x81, 0x51, 0x00, 0x31, 0xc0, 0x8b, 0x00, 0xff, 0xc0, 0xfe, 0xc0, 0xfe,
    0xc0, 0xfe, 0x80, 0xa4, 0xe0, 0x30, 0x40, 0x7b, 0xe0, 0xfe, 0xe0, 0xfe,
    0xc0, 0xfe, 0xe0, 0xfe, 0x80, 0xc5, 0x00, 0x94, 0x20, 0x94, 0x20, 0x94,
    0x00, 0x94, 0x00, 0x52, 0x20, 0x39, 0x40, 0x82, 0x81, 0x92, 0xa0, 0x92,
    0x80, 0x92, 0x81, 0x92, 0x80, 0x8a, 0x80, 0x8a, 0x80, 0x8a, 0x80, 0x92,
    0x81, 0x8a, 0x20, 0x7a, 0x01, 0x41, 0xab, 0x3a, 0xb6, 0x24, 0x75, 0x24,
    0x76, 0x24, 0x75, 0x1c, 0x76, 0x24, 0x75, 0x1c, 0x76, 0x24, 0x76, 0x24,
    0x76, 0x1c, 0x75, 0x24, 0x96, 0x24, 0x76, 0x24, 0x95, 0x24, 0x76, 0x24,
    0x76, 0x1c, 0x56, 0x24, 0x75, 0x1c, 0x76, 0x24, 0x75, 0x24, 0x76, 0x24,
    0x75, 0x24, 0x75, 0x1c, 0x56, 0x24, 0x55, 0x1c, 0x55, 0x24, 0x75, 0x24,
    0x13, 0x24, 0x43, 0x41, 0x81, 0x59, 0xc1, 0x9a, 0xc1, 0x9a, 0xc2, 0x9a,
    0xc1, 0x9a, 0xa1, 0x9a, 0xc2, 0x9a, 0xc1, 0x9a, 0xa1, 0x9a, 0xa1, 0x9a,
    0x81, 0x8a, 0x60, 0x49, 0x60, 0x41, 0xa0, 0xc5, 0xe0, 0xfe, 0xe0, 0xfe,
    0xc0, 0xfe, 0xe0, 0xfe, 0xc0, 0xfe, 0xc0, 0xfe, 0x20, 0xff, 0x01, 0xd6,
    0x80, 0x5a, 0x00, 0x39, 0x00, 0x39, 0xe0, 0x30, 0xa0, 0x8b, 0x00, 0xff,
    0xc0, 0xfe, 0xe0, 0xfe, 0xe0, 0xfe, 0x80, 0xa4, 0xe0, 0x30, 0x81, 0x51,
    0x00, 0x41, 0xe0, 0x51, 0x80, 0xe6, 0xe0, 0xfe, 0xe0, 0xfe, 0xc0, 0xfe,
    0xe0, 0xd5, 0x60, 0x41, 0xe0, 0x30, 0xa0, 0xac, 0xc0, 0xfe, 0xc0, 0xfe,
    0xc0, 0xfe, 0xe0, 0xfe, 0xa0, 0xa4, 0x40, 0x39, 0x80, 0x41, 0xc0, 0x8b,
    0xc0, 0xf6, 0xc0, 0xfe, 0xe0, 0xfe, 0xe0, 0xfe, 0x40, 0xbd, 0x40, 0x39,
    0x00, 0x31, 0xc0, 0x6a, 0xc0, 0xfe, 0xc0, 0xfe, 0xe0, 0xfe, 0xe0, 0xfe,
    0x20, 0xbd, 0x20, 0x39, 0x40, 0x41, 0x80, 0xc5, 0xc0, 0xfe, 0xe0, 0xfe,
    0xe0, 0xfe, 0x80, 0xcd, 0x40, 0x41, 0x20, 0x39, 0x40, 0x41, 0x00, 0xb5,
    0xe0, 0xfe, 0xe0, 0xfe, 0xc0, 0xfe, 0x80, 0xf6, 0xa0, 0x62, 0xe0, 0x30,
    0x00, 0x39, 0x60, 0x62, 0xa0, 0xf6, 0xc0, 0xfe, 0xe0, 0xfe, 0xe0, 0xfe,
    0x80, 0xcd, 0x20, 0x39, 0x00, 0x31, 0x60, 0xa4, 0xc0, 0xfe, 0xc0, 0xfe,
    0xe0, 0xfe, 0x00, 0xde, 0x80, 0x41, 0x00, 0x39, 0x00, 0x39, 0x60, 0x9c,
    0x00, 0xff, 0xe0, 0xfe, 0xe0, 0xfe, 0x00, 0xad, 0x00, 0x52, 0x40, 0xe6,
    0xc0, 0xfe, 0xc0, 0xfe, 0xc0, 0xf6, 0xe0, 0x6a, 0xe0, 0x38, 0xc1, 0x61,
    0x00, 0x39, 0x80, 0x6a, 0xa0, 0xee, 0xc0, 0xfe, 0xc0, 0xfe, 0xe0, 0xfe,
    0xa0, 0xcd, 0x60, 0x41, 0x80, 0x51, 0x80, 0x8a, 0x60, 0x8a, 0x81, 0x8a,
    0x80, 0x8a, 0x80, 0x8a, 0x60, 0x8a, 0x81, 0x92, 0x80, 0x8a, 0x60, 0x8a,
    0x80, 0x59, 0x00, 0x31, 0xe0, 0xac, 0xe0, 0xfe, 0xe0, 0xfe, 0xc0, 0xfe,
    0xc0, 0xfe, 0xe0, 0xfe, 0xc0, 0xfe, 0xe0, 0xfe, 0x01, 0x94, 0x40, 0x39,
    0xc0, 0xd5, 0xe0, 0xfe, 0xe0, 0xfe, 0xc0, 0xfe, 0xc0, 0xfe, 0xc0, 0xfe,
    0xc0, 0xfe, 0x80, 0xee, 0x60, 0x5a, 0x00, 0x39, 0x80, 0xa4, 0xe0, 0xfe,
    0xc0, 0xfe, 0xc0, 0xfe, 0xe0, 0xfe, 0x40, 0x9c, 0xe0, 0x30, 0xc1, 0x61,
    0x81, 0x8a, 0xe0, 0x69, 0xe0, 0x30, 0x80, 0x83, 0xe0, 0xfe, 0xc0, 0xfe,
    0xe0, 0xfe, 0xc0, 0xfe, 0xc0, 0xcd, 0x40, 0x39, 0xc0, 0x49, 0x20, 0xde,
    0xc0, 0xfe, 0xc0, 0xfe, 0xe0, 0xfe, 0x40, 0xde, 0xc0, 0x49, 0x40, 0x49,
    0xc0, 0x61, 0xe0, 0x30, 0xe0, 0x6a, 0xe0, 0xfe, 0xc0, 0xfe, 0xe0, 0xfe,
    0xe0, 0xfe, 0x20, 0xbd, 0x00, 0x31, 0x20, 0x7b, 0xe0, 0xfe, 0xe0, 0xfe,
    0xc0, 0xfe, 0xe0, 0xfe, 0xe0, 0xfe, 0x00, 0xff, 0x00, 0xff, 0x00, 0xff,
    0x00, 0xff, 0x80, 0x7b, 0xe0, 0x30, 0x21, 0x72, 0x80, 0x92, 0x80, 0x92,
    0xa1, 0x8a, 0x81, 0x92, 0x80, 0x92, 0x81, 0x8a, 0x81, 0x92, 0x80, 0x8a,
    0x80, 0x8a, 0x20, 0x7a, 0x01, 0x41, 0xab, 0x32, 0x96, 0x24, 0x96, 0x24,
    0x75, 0x24, 0x75, 0x24, 0x96, 0x24, 0x75, 0x24, 0x75, 0x24, 0x96, 0x24,
    0x75, 0x1c, 0x95, 0x24, 0x96, 0x24, 0x96, 0x24, 0x75, 0x24, 0x96, 0x24,
    0x75, 0x24, 0x75, 0x24, 0x55, 0x24, 0x75, 0x24, 0x76, 0x24, 0x75, 0x1c,
    0x55, 0x24, 0x75, 0x24, 0x75, 0x24, 0x75, 0x24, 0x75, 0x24, 0x76, 0x1c,
    0xf2, 0x2b, 0x22, 0x41, 0xa1, 0x61, 0xc1, 0x9a, 0xc1, 0x9a, 0xc1, 0x9a,
    0xc1, 0x9a, 0xc1, 0x9a, 0xc2, 0x9a, 0xc1, 0x9a, 0xc1, 0x92, 0xc1, 0x9a,
    0xc1, 0x92, 0x01, 0x6a, 0xe0, 0x30, 0xa1, 0x62, 0xa0, 0xee, 0xc0, 0xfe,
    0xc0, 0xfe, 0xe0, 0xfe, 0xe0, 0xfe, 0xe0, 0xfe, 0xc0, 0xfe, 0xe0, 0xfe,
    0x80, 0xee, 0x20, 0x73, 0xe0, 0x30, 0xe0, 0x30, 0xa0, 0x8b, 0x00, 0xff,
    0xc0, 0xfe, 0xc0, 0xfe, 0xe0, 0xfe, 0x80, 0xa4, 0xe0, 0x30, 0x80, 0x51,
    0x20, 0x39, 0xe0, 0x49, 0x60, 0xe6, 0xe0, 0xfe, 0xe0, 0xfe, 0xc0, 0xfe,
    0xe0, 0xd5, 0x60, 0x41, 0xe0, 0x30, 0xa0, 0xac, 0xe0, 0xfe, 0xc0, 0xfe,
    0xe0, 0xfe, 0xe0, 0xfe, 0xc0, 0xf6, 0xa0, 0xee, 0xc0, 0xee, 0xe0, 0xfe,
    0xe0, 0xfe, 0xe0, 0xfe, 0xc0, 0xfe, 0xc0, 0xf6, 0x61, 0x7b, 0xc0, 0x30,
    0x00, 0x39, 0xa0, 0x49, 0x00, 0xd6, 0xe0, 0xfe, 0xc0, 0xfe, 0xc0, 0xfe,
    0x00, 0xde, 0xa0, 0x41, 0xe0, 0x51, 0x60, 0xe6, 0xc0, 0xfe, 0xc0, 0xfe,
    0xe0, 0xfe, 0x60, 0x9c, 0xe0, 0x30, 0x20, 0x39, 0x40, 0x39, 0x00, 0xb5,
    0xe0, 0xfe, 0xe0, 0xfe, 0xc0, 0xfe, 0x80, 0xf6, 0x80, 0x62, 0xe0, 0x30,
    0x20, 0x39, 0x80, 0x41, 0xc0, 0xcd, 0xe0, 0xfe, 0xe0, 0xfe, 0xc0, 0xfe,
    0x60, 0xe6, 0xe1, 0x51, 0x40, 0x39, 0x60, 0xc5, 0xe0, 0xfe, 0xe0, 0xfe,
    0xe0, 0xfe, 0xe0, 0xac, 0x00, 0x31, 0x00, 0x39, 0x60, 0x41, 0xc0, 0xcd,
    0xe0, 0xfe, 0xe0, 0xfe, 0xe0, 0xfe, 0xe0, 0x8b, 0x40, 0x39, 0x60, 0xc5,
    0xe0, 0xfe, 0xc0, 0xfe, 0xe0, 0xfe, 0x40, 0x9c, 0xc0, 0x30, 0x40, 0x49,
    0x20, 0x39, 0x81, 0x62, 0x80, 0xee, 0xc0, 0xfe, 0xc0, 0xfe, 0xe0, 0xfe,
    0x80, 0xc5, 0x60, 0x39, 0x80, 0x59, 0x81, 0x8a, 0x61, 0x8a, 0x60, 0x8a,
    0x81, 0x8a, 0x61, 0x8a, 0x60, 0x8a, 0x80, 0x8a, 0x61, 0x8a, 0x60, 0x8a,
    0x80, 0x59, 0x20, 0x31, 0xe0, 0xac, 0xe0, 0xfe, 0xe0, 0xfe, 0xe0, 0xfe,
    0xe0, 0xdd, 0x60, 0xee, 0xe0, 0xfe, 0xe0, 0xfe, 0x20, 0xbd, 0x20, 0x52,
    0x80, 0xe6, 0xc0, 0xfe, 0xe0, 0xfe, 0x20, 0xde, 0xa0, 0xf6, 0xe0, 0xfe,
    0xc0, 0xfe, 0xa0, 0xf6, 0x60, 0x62, 0x00, 0x39, 0x81, 0xac, 0xe0, 0xfe,
    0xe0, 0xfe, 0xc0, 0xfe, 0x00, 0xff, 0x20, 0x94, 0xe0, 0x30, 0xc0, 0x69,
    0x60, 0x8a, 0x00, 0x72, 0xe0, 0x30, 0x40, 0x7b, 0xc0, 0xfe, 0xc0, 0xfe,
    0xe0, 0xfe, 0xe0, 0xfe, 0xc0, 0xcd, 0x60, 0x39, 0xc0, 0x49, 0x20, 0xde,
    0xc0, 0xfe, 0xe0, 0xfe, 0xc0, 0xfe, 0x40, 0xde, 0xc0, 0x49, 0x40, 0x49,
    0xe0, 0x61, 0xe0, 0x30, 0x80, 0x62, 0xc0, 0xfe, 0xe0, 0xfe, 0xe0, 0xfe,
    0xc0, 0xfe, 0x40, 0xbd, 0x00, 0x31, 0x40, 0x7b, 0xe0, 0xfe, 0xc0, 0xfe,
    0xe0, 0xfe, 0xc0, 0xfe, 0xe0, 0xfe, 0xe0, 0xfe, 0xc0, 0xfe, 0xc0, 0xfe,
    0xc1, 0xf6, 0x40, 0x7b, 0xc0, 0x30, 0x01, 0x72, 0x80, 0x92, 0x80, 0x8a,
    0x80, 0x8a, 0x81, 0x92, 0xa0, 0x92, 0x80, 0x92, 0x81, 0x92, 0x80, 0x8a,
    0x60, 0x8a, 0x21, 0x7a, 0x01, 0x41, 0xab, 0x3a, 0xb6, 0x24, 0x75, 0x24,
    0x96, 0x24, 0x76, 0x24, 0x75, 0x24, 0x96, 0x24, 0x96, 0x24, 0x76, 0x24,
    0x75, 0x24, 0x96, 0x24, 0x75, 0x1c, 0x76, 0x24, 0x75, 0x24, 0x76, 0x24,
    0x75, 0x24, 0x75, 0x24, 0x76, 0x24, 0x75, 0x24, 0x55, 0x24, 0x76, 0x24,
    0x75, 0x24, 0x75, 0x24, 0x76, 0x1c, 0x55, 0x1c, 0x75, 0x24, 0x76, 0x24,
    0xd1, 0x2b, 0x21, 0x41, 0xc1, 0x59, 0xc1, 0x9a, 0xc1, 0x9a, 0xa2, 0x9a,
    0xc1, 0x92, 0xc1, 0x9a, 0xc1, 0x9a, 0xc1, 0x9a, 0xc1, 0x9a, 0xc1, 0x9a,
    0xa1, 0x92, 0xa1, 0x92, 0x81, 0x51, 0x00, 0x31, 0xa0, 0x62, 0xe0, 0xd5,
    0xe0, 0xfe, 0xc0, 0xfe, 0xc0, 0xfe, 0xe0, 0xfe, 0xc0, 0xfe, 0xe0, 0xfe,
    0xe0, 0xfe, 0x60, 0xe6, 0x20, 0x52, 0xe0, 0x30, 0xa0, 0x8b, 0x00, 0xff,
    0xe0, 0xfe, 0xe0, 0xfe, 0xe0, 0xfe, 0x80, 0xa4, 0xe0, 0x30, 0x80, 0x51,
    0x20, 0x41, 0xe0, 0x51, 0x61, 0xe6, 0xc0, 0xfe, 0xe0, 0xfe, 0xe0, 0xfe,
    0xe0, 0xd5, 0x60, 0x39, 0xe0, 0x30, 0xa0, 0xac, 0xe0, 0xfe, 0xc0, 0xfe,
    0xc0, 0xfe, 0xc0, 0xfe, 0xc0, 0xfe, 0xc0, 0xfe, 0xc0, 0xfe, 0xe0, 0xfe,
    0xc0, 0xfe, 0xe0, 0xfe, 0x00, 0xff, 0xa0, 0xa4, 0x20, 0x39, 0x00, 0x31,
    0x00, 0x39, 0x00, 0x39, 0xc0, 0xac, 0xc0, 0xfe, 0xc0, 0xfe, 0xc0, 0xfe,
    0xa0, 0xee, 0xa0, 0x6a, 0x01, 0x73, 0xe0, 0xfe, 0xc0, 0xfe, 0xc0, 0xfe,
    0xc0, 0xf6, 0x00, 0x73, 0xe0, 0x30, 0x00, 0x39, 0x40, 0x39, 0x00, 0xb5,
    0x00, 0xff, 0xc0, 0xfe, 0xc0, 0xfe, 0x80, 0xee, 0x80, 0x62, 0xe0, 0x30,
    0x00, 0x39, 0x00, 0x39, 0x61, 0xa4, 0xe0, 0xfe, 0xe0, 0xfe, 0xc0, 0xfe,
    0xc0, 0xf6, 0x20, 0x73, 0x00, 0x52, 0x80, 0xee, 0xc0, 0xfe, 0xe0, 0xfe,
    0xe0, 0xfe, 0x80, 0x83, 0xe0, 0x30, 0x00, 0x39, 0x40, 0x5a, 0xa0, 0xee,
    0xc0, 0xfe, 0xe0, 0xfe, 0xa0, 0xee, 0xa0, 0x6a, 0xe0, 0x30, 0x60, 0xa4,
    0xe0, 0xfe, 0xc0, 0xfe, 0xe0, 0xfe, 0x80, 0xcd, 0x40, 0x39, 0x00, 0x31,
    0x00, 0x31, 0x80, 0x6a, 0x80, 0xee, 0xc0, 0xfe, 0xe0, 0xfe, 0xe0, 0xfe,
    0x80, 0xcd, 0x60, 0x41, 0x80, 0x51, 0x61, 0x8a, 0x60, 0x8a, 0x60, 0x8a,
    0x81, 0x8a, 0x60, 0x8a, 0x60, 0x8a, 0x60, 0x8a, 0x61, 0x8a, 0x61, 0x8a,
    0x80, 0x51, 0x20, 0x39, 0x00, 0xb5, 0xc0, 0xfe, 0xe0, 0xfe, 0x00, 0xff,
    0x40, 0xbd, 0x60, 0xc5, 0x00, 0xff, 0xc0, 0xfe, 0x00, 0xd6, 0x00, 0x94,
    0xc0, 0xf6, 0xc0, 0xfe, 0xc0, 0xfe, 0xe0, 0xac, 0x60, 0xee, 0xe0, 0xfe,
    0xc0, 0xfe, 0xc0, 0xf6, 0x80, 0x62, 0x00, 0x31, 0x80, 0xa4, 0xe0, 0xfe,
    0xc0, 0xfe, 0xe0, 0xfe, 0xe0, 0xfe, 0x20, 0x9c, 0xe0, 0x30, 0xe1, 0x69,
    0x60, 0x8a, 0xe0, 0x69, 0xe0, 0x30, 0x40, 0x7b, 0xe0, 0xfe, 0xc0, 0xfe,
    0xc0, 0xfe, 0xc0, 0xfe, 0xa0, 0xcd, 0x40, 0x39, 0xc0, 0x49, 0x20, 0xde,
    0xc0, 0xfe, 0xe0, 0xfe, 0xc0, 0xfe, 0x40, 0xde, 0xc0, 0x49, 0x60, 0x49,
    0xc1, 0x61, 0xe0, 0x30, 0xa0, 0x6a, 0xc0, 0xf6, 0xe0, 0xfe, 0xc0, 0xfe,
    0xe0, 0xfe, 0x40, 0xbd, 0x00, 0x31, 0x20, 0x7b, 0xe0, 0xfe, 0xe0, 0xfe,
    0xe0, 0xfe, 0xe0, 0xfe, 0xe0, 0xfe, 0xe0, 0xfe, 0xe0, 0xfe, 0xe0, 0xfe,
    0xe0, 0xf6, 0x60, 0x7b, 0xe0, 0x30, 0x00, 0x72, 0xa1, 0x92, 0x81, 0x8a,
    0x80, 0x92, 0x81, 0x92, 0x80, 0x92, 0x80, 0x8a, 0x81, 0x8a, 0x60, 0x8a,
    0x61, 0x92, 0x20, 0x7a, 0x01, 0x41, 0xab, 0x3a, 0x96, 0x24, 0x75, 0x24,
    0x76, 0x24, 0x95, 0x24, 0x75, 0x24, 0x76, 0x24, 0x96, 0x24, 0x95, 0x24,
    0x76, 0x24, 0x76, 0x24, 0x96, 0x24, 0x75, 0x24, 0x96, 0x24, 0x96, 0x24,
    0x75, 0x24, 0x55, 0x24, 0x75, 0x1c, 0x76, 0x24, 0x75, 0x1c, 0x75, 0x24,
    0x75, 0x24, 0x56, 0x1c, 0x75, 0x24, 0x55, 0x24, 0x75, 0x24, 0x75, 0x24,
    0xd2, 0x2b, 0x22, 0x39, 0xa1, 0x59, 0xc1, 0x9a, 0xa1, 0x92, 0xc1, 0x9a,
    0xa2, 0x9a, 0xc1, 0x9a, 0xc1, 0x92, 0xc1, 0x9a, 0xa1, 0x9a, 0xa1, 0x9a,
    0xa1, 0x9a, 0xa1, 0x92, 0x81, 0x8a, 0x40, 0x49, 0x00, 0x39, 0x00, 0x39,
    0x20, 0x73, 0xe0, 0xd5, 0xe0, 0xf6, 0xe0, 0xfe, 0xe0, 0xfe, 0xe0, 0xfe,
    0xe0, 0xfe, 0x00, 0xff, 0x00, 0x94, 0xe0, 0x30, 0xa1, 0x83, 0xe0, 0xfe,
    0xe0, 0xfe, 0xc0, 0xfe, 0xe0, 0xfe, 0x80, 0xa4, 0xe0, 0x30, 0x81, 0x51,
    0x20, 0x41, 0xe0, 0x49, 0x80, 0xe6, 0xc0, 0xfe, 0xe0, 0xfe, 0xe0, 0xfe,
    0xe0, 0xd5, 0x60, 0x39, 0x00, 0x31, 0xa1, 0xac, 0xe0, 0xfe, 0xc0, 0xfe,
    0xc0, 0xfe, 0xc0, 0xfe, 0xe0, 0xfe, 0xc0, 0xfe, 0xe0, 0xfe, 0xc0, 0xfe,
    0xc0, 0xfe, 0xc0, 0xfe, 0x20, 0x94, 0xe0, 0x30, 0x00, 0x39, 0xc1, 0x61,
    0x80, 0x51, 0xe0, 0x30, 0x60, 0x83, 0xe0, 0xf6, 0xe0, 0xfe, 0xe0, 0xfe,
    0xe0, 0xfe, 0x00, 0x94, 0x80, 0xa4, 0x00, 0xff, 0xc0, 0xfe, 0xe0, 0xfe,
    0x20, 0xde, 0xc0, 0x51, 0x20, 0x41, 0x40, 0x41, 0x20, 0x39, 0x00, 0xb5,
    0x00, 0xff, 0xe0, 0xfe, 0xc0, 0xfe, 0x80, 0xee, 0x80, 0x62, 0xe0, 0x30,
    0x40, 0x41, 0xe0, 0x30, 0x00, 0x73, 0xc0, 0xf6, 0xc0, 0xfe, 0xe0, 0xfe,
    0xe0, 0xfe, 0x60, 0x9c, 0x80, 0x7b, 0x00, 0xff, 0xc0, 0xfe, 0xe0, 0xfe,
    0x61, 0xe6, 0x00, 0x52, 0x00, 0x39, 0xe0, 0x30, 0x60, 0x83, 0xe0, 0xfe,
    0xe0, 0xfe, 0xc0, 0xfe, 0x20, 0xde, 0x81, 0x41, 0xc0, 0x28, 0x20, 0x73,
    0xe0, 0xf6, 0xc0, 0xfe, 0xc0, 0xfe, 0x61, 0xe6, 0x20, 0x52, 0x00, 0x39,
    0x00, 0x39, 0x80, 0x62, 0x80, 0xee, 0xe0, 0xfe, 0xe0, 0xfe, 0xe0, 0xfe,
    0x80, 0xcd, 0x60, 0x41, 0x80, 0x59, 0x61, 0x8a, 0x60, 0x8a, 0x60, 0x8a,
    0x81, 0x8a, 0x61, 0x8a, 0x60, 0x8a, 0x60, 0x8a, 0x60, 0x8a, 0x60, 0x8a,
    0x80, 0x51, 0x20, 0x39, 0x20, 0xbd, 0xe0, 0xfe, 0xe0, 0xfe, 0xe0, 0xfe,
    0xa0, 0xa4, 0xe0, 0x8b, 0x00, 0xff, 0xe0, 0xfe, 0xa0, 0xf6, 0x20, 0xe6,
    0xc0, 0xfe, 0xe0, 0xfe, 0x80, 0xf6, 0xa0, 0x83, 0x60, 0xee, 0xc0, 0xfe,
    0xe0, 0xfe, 0xc0, 0xf6, 0xc0, 0x6a, 0xe0, 0x30, 0x00, 0x94, 0x00, 0xff,
    0xe0, 0xfe, 0xc0, 0xfe, 0xe0, 0xfe, 0x60, 0x9c, 0xe0, 0x30, 0xc0, 0x61,
    0x61, 0x8a, 0xe1, 0x69, 0xe0, 0x30, 0x60, 0x83, 0xe0, 0xfe, 0xe0, 0xfe,
    0xe0, 0xfe, 0xc0, 0xfe, 0x61, 0xc5, 0x20, 0x39, 0xc0, 0x49, 0x20, 0xde,
    0xc0, 0xfe, 0xc0, 0xfe, 0xe0, 0xfe, 0x40, 0xde, 0xc0, 0x49, 0x60, 0x49,
    0xa1, 0x59, 0xe0, 0x30, 0xe0, 0x72, 0xe0, 0xfe, 0xc0, 0xfe, 0xe0, 0xfe,
    0xe0, 0xfe, 0x00, 0xbd, 0xe0, 0x30, 0x41, 0x7b, 0xe0, 0xfe, 0xe0, 0xfe,
    0xe0, 0xfe, 0xe0, 0xfe, 0x20, 0xde, 0x20, 0xbd, 0x40, 0xbd, 0x20, 0xbd,
    0x00, 0xb5, 0x60, 0x5a, 0xe0, 0x30, 0x01, 0x72, 0x80, 0x92, 0x80, 0x8a,
    0x81, 0x92, 0x81, 0x92, 0x80, 0x8a, 0x80, 0x8a, 0x81, 0x92, 0x80, 0x92,
    0x80, 0x8a, 0x20, 0x7a, 0x01, 0x41, 0xab, 0x3a, 0xb6, 0x24, 0x75, 0x24,
    0x75, 0x24, 0x96, 0x24, 0x75, 0x24, 0x96, 0x24, 0x95, 0x24, 0x96, 0x24,
    0x76, 0x24, 0x95, 0x24, 0x76, 0x24, 0x96, 0x24, 0x75, 0x24, 0x95, 0x24,
    0x75, 0x24, 0x75, 0x1c, 0x55, 0x24, 0x75, 0x24, 0x75, 0x1c, 0x75, 0x24,
    0x56, 0x24, 0x75, 0x24, 0x75, 0x24, 0x75, 0x1c, 0x55, 0x24, 0x76, 0x24,
    0xd2, 0x23, 0x22, 0x41, 0x81, 0x59, 0xa1, 0x9a, 0xa1, 0x92, 0xc1, 0x9a,
    0xa1, 0x9a, 0xc2, 0x9a, 0xc1, 0x9a, 0xc1, 0x9a, 0xc1, 0x92, 0xc2, 0x9a,
    0xc1, 0x9a, 0xa1, 0x92, 0xc1, 0x61, 0x20, 0x39, 0x00, 0x39, 0x20, 0x39,
    0xe0, 0x30, 0x20, 0x39, 0x60, 0x62, 0xa0, 0xcd, 0xe0, 0xfe, 0xc0, 0xfe,
    0xe0, 0xfe, 0xe0, 0xfe, 0xe0, 0xb4, 0xe0, 0x30, 0x40, 0x7b, 0xe0, 0xfe,
    0xe0, 0xfe, 0xe0, 0xfe, 0xe0, 0xfe, 0x80, 0xa4, 0xe0, 0x30, 0x40, 0x49,
    0x00, 0x39, 0x00, 0x52, 0x60, 0xe6, 0xc0, 0xfe, 0xc0, 0xfe, 0xe0, 0xfe,
    0xe0, 0xcd, 0x60, 0x41, 0xe0, 0x30, 0x80, 0xac, 0xe0, 0xfe, 0xe0, 0xfe,
    0xc0, 0xfe, 0xe0, 0xfe, 0xa0, 0xcd, 0x00, 0xbd, 0xc0, 0xfe, 0xc0, 0xfe,
    0xc0, 0xfe, 0xe0, 0xfe, 0x40, 0x9c, 0xe0, 0x30, 0x40, 0x49, 0x61, 0x8a,
    0x01, 0x72, 0x00, 0x31, 0x40, 0x5a, 0x80, 0xee, 0xc0, 0xfe, 0xe0, 0xfe,
    0xe0, 0xfe, 0x60, 0xbd, 0xe0, 0xd5, 0xe0, 0xfe, 0xe0, 0xfe, 0xe0, 0xfe,
    0x20, 0xbd, 0x20, 0x39, 0x61, 0x49, 0x81, 0x51, 0x20, 0x39, 0x00, 0xb5,
    0xe0, 0xfe, 0xc0, 0xfe, 0xc0, 0xfe, 0x80, 0xee, 0x60, 0x62, 0xe0, 0x38,
    0xa1, 0x59, 0x00, 0x39, 0xe0, 0x51, 0x20, 0xe6, 0xc0, 0xfe, 0xe0, 0xfe,
    0xe0, 0xfe, 0x60, 0xc5, 0x01, 0xb5, 0x00, 0xff, 0xe0, 0xfe, 0xe0, 0xfe,
    0x40, 0xbd, 0x40, 0x41, 0x00, 0x39, 0x00, 0x39, 0xe0, 0xac, 0xe0, 0xfe,
    0xe0, 0xfe, 0xc0, 0xfe, 0xa0, 0xf6, 0xa0, 0xc5, 0x80, 0xbd, 0x00, 0xd6,
    0xc0, 0xfe, 0xe0, 0xfe, 0xc0, 0xfe, 0xc0, 0xfe, 0x60, 0x83, 0x00, 0x39,
    0xe0, 0x38, 0x60, 0x62, 0x80, 0xee, 0xc0, 0xfe, 0xc0, 0xfe, 0xe0, 0xfe,
    0x80, 0xc5, 0x60, 0x41, 0x80, 0x51, 0x61, 0x8a, 0x60, 0x8a, 0x81, 0x8a,
    0x80, 0x92, 0x60, 0x8a, 0x61, 0x8a, 0x80, 0x8a, 0x61, 0x8a, 0x61, 0x82,
    0x60, 0x49, 0x40, 0x39, 0x60, 0xc5, 0xe0, 0xfe, 0xe0, 0xfe, 0xe0, 0xfe,
    0x20, 0x9c, 0x81, 0x62, 0xa0, 0xf6, 0xc0, 0xfe, 0xe0, 0xfe, 0xe0, 0xfe,
    0xc0, 0xfe, 0xc0, 0xfe, 0xe0, 0xcd, 0x80, 0x62, 0x60, 0xee, 0xc0, 0xfe,
    0xe0, 0xfe, 0xc0, 0xfe, 0x20, 0x7b, 0xe0, 0x30, 0x60, 0x83, 0xe0, 0xfe,
    0xc0, 0xfe, 0xc0, 0xfe, 0xe0, 0xfe, 0x00, 0xbd, 0x00, 0x31, 0x60, 0x49,
    0x60, 0x82, 0x80, 0x51, 0x00, 0x31, 0x00, 0x94, 0xe0, 0xfe, 0xc0, 0xfe,
    0xe0, 0xfe, 0xe0, 0xfe, 0xc0, 0xac, 0xe0, 0x30, 0xc0, 0x49, 0x20, 0xde,
    0xc0, 0xfe, 0xe0, 0xfe, 0xc0, 0xfe, 0x40, 0xde, 0xc0, 0x49, 0x40, 0x49,
    0x60, 0x49, 0x00, 0x31, 0x20, 0x94, 0x00, 0xff, 0xe0, 0xfe, 0xe0, 0xfe,
    0xe0, 0xfe, 0x40, 0x9c, 0xc0, 0x28, 0x40, 0x7b, 0xe0, 0xfe, 0xe0, 0xfe,
    0xc0, 0xfe, 0xc0, 0xfe, 0xc0, 0x8b, 0xa0, 0x28, 0xe0, 0x30, 0xc0, 0x30,
    0xc0, 0x30, 0xe0, 0x30, 0x60, 0x51, 0x61, 0x8a, 0x81, 0x8a, 0x80, 0x8a,
    0x80, 0x8a, 0x80, 0x92, 0x81, 0x92, 0x80, 0x8a, 0x81, 0x8a, 0x80, 0x8a,
    0x60, 0x8a, 0x20, 0x7a, 0x01, 0x41, 0xab, 0x3a, 0xb6, 0x24, 0x95, 0x24,
    0x96, 0x24, 0x76, 0x24, 0x96, 0x24, 0x76, 0x24, 0x95, 0x24, 0x75, 0x24,
    0x96, 0x24, 0x95, 0x24, 0x96, 0x1c, 0x76, 0x24, 0x95, 0x24, 0x75, 0x24,
    0x76, 0x24, 0x75, 0x24, 0x76, 0x24, 0x75, 0x24, 0x55, 0x1c, 0x56, 0x24,
    0x75, 0x24, 0x75, 0x24, 0x76, 0x24, 0x75, 0x24, 0x75, 0x24, 0x75, 0x1c,
    0xd2, 0x23, 0x22, 0x41, 0x81, 0x59, 0xa1, 0x92, 0xc1, 0x92, 0xc1, 0x9a,
    0xc1, 0x92, 0xc1, 0x92, 0xa1, 0x9a, 0xc1, 0x9a, 0xc1, 0x9a, 0xa1, 0x92,
    0xa1, 0x92, 0xe1, 0x69, 0xe0, 0x30, 0x00, 0x39, 0x00, 0x31, 0x00, 0x39,
    0x20, 0x39, 0x20, 0x39, 0x00, 0x39, 0xc0, 0x6a, 0xe0, 0xfe, 0xc0, 0xfe,
    0xe0, 0xfe, 0xe0, 0xfe, 0x40, 0xbd, 0x00, 0x31, 0x00, 0x73, 0xe0, 0xfe,
    0xe0, 0xfe, 0xc0, 0xfe, 0xe0, 0xfe, 0xc0, 0xac, 0xe0, 0x30, 0x00, 0x39,
    0x00, 0x39, 0x20, 0x52, 0x80, 0xee, 0xc0, 0xfe, 0xe0, 0xfe, 0xc0, 0xfe,
    0xc0, 0xcd, 0x60, 0x39, 0xe0, 0x30, 0x81, 0xac, 0xe0, 0xfe, 0xc0, 0xfe,
    0xe0, 0xfe, 0xe0, 0xfe, 0x60, 0xa4, 0x00, 0x4a, 0x40, 0xe6, 0xc0, 0xfe,
    0xe0, 0xfe, 0xe0, 0xfe, 0x60, 0xe6, 0x00, 0x52, 0x00, 0x31, 0xe1, 0x69,
    0x61, 0x82, 0x40, 0x41, 0x80, 0x41, 0xa0, 0xcd, 0xe0, 0xfe, 0xe0, 0xfe,
    0xc0, 0xfe, 0xc0, 0xfe, 0xe0, 0xfe, 0xc0, 0xfe, 0xc0, 0xfe, 0xe0, 0xfe,
    0xc1, 0x8b, 0xe0, 0x30, 0xa0, 0x59, 0x80, 0x51, 0x20, 0x39, 0x00, 0xb5,
    0xe0, 0xfe, 0xe0, 0xfe, 0xc0, 0xfe, 0xa0, 0xee, 0x60, 0x62, 0x00, 0x31,
    0xe1, 0x69, 0x60, 0x49, 0x20, 0x39, 0x20, 0xbd, 0xe0, 0xfe, 0xe0, 0xfe,
    0xe0, 0xfe, 0x80, 0xf6, 0x60, 0xee, 0xe0, 0xfe, 0xc0, 0xfe, 0xc0, 0xfe,
    0xe0, 0x8b, 0x00, 0x31, 0x00, 0x39, 0xa0, 0x49, 0x01, 0xde, 0xc0, 0xfe,
    0xe0, 0xfe, 0xe0, 0xfe, 0xe0, 0xfe, 0xc0, 0xfe, 0xc0, 0xfe, 0xc0, 0xfe,
    0xc0, 0xfe, 0xe0, 0xfe, 0xe0, 0xfe, 0xe0, 0xfe, 0xc0, 0xac, 0x00, 0x31,
    0x00, 0x39, 0x80, 0x62, 0x80, 0xee, 0xc0, 0xfe, 0xe0, 0xfe, 0xe0, 0xfe,
    0xa0, 0xcd, 0x60, 0x41, 0x00, 0x39, 0x00, 0x31, 0x00, 0x31, 0x00, 0x39,
    0xa0, 0x59, 0x60, 0x8a, 0x60, 0x8a, 0x60, 0x8a, 0x60, 0x8a, 0x61, 0x8a,
    0x60, 0x49, 0x40, 0x39, 0x80, 0xc5, 0xe0, 0xfe, 0xc0, 0xfe, 0xe0, 0xfe,
    0x20, 0x94, 0xa0, 0x41, 0x00, 0xd6, 0xc0, 0xfe, 0xe0, 0xfe, 0xe0, 0xfe,
    0xc0, 0xfe, 0xc0, 0xfe, 0xe0, 0xac, 0xc0, 0x49, 0x40, 0xe6, 0xc0, 0xfe,
    0xc0, 0xfe, 0xe0, 0xfe, 0x60, 0x83, 0x00, 0x31, 0x80, 0x62, 0xa0, 0xfe,
    0xc0, 0xfe, 0xc0, 0xfe, 0xe0, 0xfe, 0x20, 0xde, 0xc0, 0x49, 0xe0, 0x30,
    0x40, 0x41, 0x00, 0x39, 0x40, 0x41, 0x80, 0xc5, 0xe0, 0xfe, 0xe0, 0xfe,
    0xc0, 0xfe, 0xc0, 0xf6, 0x80, 0x83, 0xe0, 0x30, 0xc0, 0x49, 0x20, 0xde,
    0xc0, 0xfe, 0xe0, 0xfe, 0xc0, 0xfe, 0x40, 0xde, 0xc0, 0x49, 0x00, 0x39,
    0xe0, 0x30, 0xa0, 0x49, 0x00, 0xd6, 0xe0, 0xfe, 0xe0, 0xfe, 0xc0, 0xfe,
    0xc0, 0xf6, 0x00, 0x73, 0xc0, 0x30, 0x20, 0x7b, 0xe0, 0xfe, 0xc0, 0xfe,
    0xc0, 0xfe, 0xc0, 0xfe, 0xc0, 0x8b, 0xe0, 0x30, 0x00, 0x39, 0x00, 0x39,
    0x00, 0x39, 0x00, 0x39, 0x60, 0x49, 0x20, 0x7a, 0x81, 0x92, 0x81, 0x8a,
    0x60, 0x8a, 0x80, 0x92, 0x81, 0x8a, 0x80, 0x8a, 0x80, 0x92, 0x81, 0x8a,
    0x61, 0x8a, 0x20, 0x7a, 0x01, 0x41, 0xab, 0x3a, 0xb6, 0x24, 0x76, 0x24,
    0x96, 0x24, 0x95, 0x24, 0x75, 0x24, 0x96, 0x24, 0x95, 0x24, 0x96, 0x24,
    0x76, 0x24, 0x95, 0x24, 0x96, 0x24, 0x95, 0x24, 0x76, 0x24, 0x96, 0x24,
    0x75, 0x24, 0x75, 0x24, 0x75, 0x24, 0x76, 0x24, 0x75, 0x24, 0x76, 0x24,
    0x75, 0x24, 0x75, 0x1c, 0x75, 0x24, 0x76, 0x24, 0x75, 0x24, 0x75, 0x24,
    0xf2, 0x23, 0x42, 0x41, 0x61, 0x59, 0xa1, 0x92, 0xa1, 0x92, 0xa1, 0x9a,
    0xa1, 0x9a, 0xa1, 0x92, 0xa1, 0x9a, 0xa2, 0x92, 0xc1, 0x9a, 0xa1, 0x92,
    0x81, 0x8a, 0x40, 0x49, 0x20, 0x39, 0xa0, 0xa4, 0x60, 0xbd, 0xa0, 0x62,
    0x00, 0x31, 0x80, 0x28, 0xa0, 0x28, 0xc0, 0x8b, 0xe0, 0xfe, 0xe0, 0xfe,
    0xe0, 0xfe, 0xe0, 0xfe, 0xe0, 0xac, 0xe0, 0x30, 0xe1, 0x6a, 0xe0, 0xfe,
    0xe0, 0xfe, 0xe0, 0xfe, 0xc0, 0xfe, 0x20, 0xde, 0xe0, 0x49, 0xa0, 0x28,
    0xc1, 0x28, 0x00, 0x94, 0x00, 0xff, 0xe0, 0xfe, 0xe0, 0xfe, 0xe0, 0xfe,
    0x01, 0xb5, 0xe0, 0x30, 0xe0, 0x30, 0xa0, 0xac, 0xe0, 0xfe, 0xc0, 0xfe,
    0xe0, 0xfe, 0xe0, 0xfe, 0x60, 0xa4, 0x00, 0x31, 0xa0, 0xac, 0xe0, 0xfe,
    0xe0, 0xfe, 0xc0, 0xfe, 0xe0, 0xfe, 0x20, 0x94, 0xe0, 0x30, 0x60, 0x49,
    0x60, 0x8a, 0xa0, 0x59, 0x00, 0x39, 0x61, 0x9c, 0x00, 0xff, 0xc0, 0xfe,
    0xc0, 0xfe, 0xe0, 0xfe, 0xc0, 0xfe, 0xe0, 0xfe, 0xc0, 0xfe, 0x80, 0xee,
    0x60, 0x5a, 0xe0, 0x30, 0xe1, 0x69, 0xa0, 0x51, 0x20, 0x39, 0x00, 0xad,
    0xe0, 0xfe, 0xe0, 0xfe, 0xc0, 0xfe, 0xa0, 0xee, 0x60, 0x62, 0xe0, 0x30,
    0x01, 0x6a, 0xa0, 0x59, 0xe0, 0x30, 0xc0, 0x8b, 0x00, 0xff, 0xc0, 0xfe,
    0xe0, 0xfe, 0xe0, 0xfe, 0xc0, 0xfe, 0xc0, 0xfe, 0xc0, 0xfe, 0x80, 0xee,
    0x40, 0x5a, 0xe0, 0x30, 0x00, 0x39, 0xa0, 0x6a, 0xc0, 0xf6, 0xc0, 0xfe,
    0xe0, 0xfe, 0xe0, 0xfe, 0xc0, 0xfe, 0xc0, 0xfe, 0xc0, 0xfe, 0xc0, 0xfe,
    0xc0, 0xfe, 0xe0, 0xfe, 0xc0, 0xfe, 0xe0, 0xfe, 0xe0, 0xdd, 0x80, 0x41,
    0x00, 0x31, 0x80, 0x62, 0x80, 0xee, 0xc0, 0xfe, 0xe0, 0xfe, 0xe0, 0xfe,
    0xa0, 0xcd, 0x40, 0x39, 0xa0, 0x28, 0xc0, 0x28, 0xc0, 0x28, 0xc0, 0x30,
    0xe0, 0x30, 0xc1, 0x61, 0x81, 0x8a, 0x60, 0x8a, 0x60, 0x8a, 0x60, 0x82,
    0x60, 0x49, 0x40, 0x41, 0xa0, 0xcd, 0xe0, 0xfe, 0xe0, 0xfe, 0xe0, 0xfe,
    0x00, 0x94, 0x00, 0x31, 0x00, 0xbd, 0xe0, 0xfe, 0xe0, 0xfe, 0xe0, 0xfe,
    0xc0, 0xfe, 0xc0, 0xf6, 0x60, 0x83, 0x81, 0x41, 0x20, 0xde, 0xe0, 0xfe,
    0xe0, 0xfe, 0xe0, 0xfe, 0xa0, 0x8b, 0xe0, 0x38, 0x80, 0x41, 0xc0, 0xcd,
    0xe0, 0xfe, 0xe0, 0xfe, 0xe0, 0xfe, 0xc0, 0xfe, 0x40, 0x9c, 0xe0, 0x30,
    0xa0, 0x30, 0xa0, 0x28, 0x40, 0x7b, 0xc0, 0xf6, 0xc0, 0xfe, 0xe0, 0xfe,
    0xc0, 0xfe, 0x40, 0xe6, 0xe0, 0x51, 0xe0, 0x30, 0xc0, 0x49, 0x20, 0xde,
    0xc0, 0xfe, 0xe0, 0xfe, 0xc0, 0xfe, 0x20, 0xde, 0xa0, 0x41, 0x00, 0x31,
    0x00, 0x4a, 0x40, 0xbd, 0xe0, 0xfe, 0xe0, 0xfe, 0xe0, 0xfe, 0xe0, 0xfe,
    0x00, 0xde, 0xc0, 0x49, 0x00, 0x39, 0x20, 0x7b, 0xe0, 0xfe, 0xe0, 0xfe,
    0xe0, 0xfe, 0xc0, 0xfe, 0xc0, 0x8b, 0xc0, 0x28, 0xe0, 0x30, 0xe0, 0x28,
    0xe0, 0x30, 0xe0, 0x30, 0xe0, 0x30, 0x00, 0x39, 0x20, 0x72, 0x81, 0x92,
    0x60, 0x8a, 0x80, 0x92, 0x80, 0x92, 0x61, 0x8a, 0x80, 0x8a, 0x60, 0x92,
    0x60, 0x8a, 0x20, 0x7a, 0x01, 0x41, 0xab, 0x32, 0xb6, 0x24, 0x96, 0x24,
    0x95, 0x24, 0x76, 0x24, 0x75, 0x24, 0x95, 0x24, 0x96, 0x24, 0x95, 0x24,
    0x76, 0x24, 0x96, 0x24, 0x95, 0x24, 0x96, 0x24, 0x96, 0x24, 0x95, 0x24,
    0x75, 0x24, 0x75, 0x1c, 0x76, 0x24, 0x75, 0x1c, 0x75, 0x24, 0x75, 0x24,
    0x55, 0x24, 0x75, 0x1c, 0x55, 0x24, 0x75, 0x24, 0x76, 0x24, 0x75, 0x24,
    0x13, 0x24, 0x44, 0x41, 0x60, 0x51, 0x81, 0x8a, 0xa1, 0x92, 0xa1, 0x9a,
    0xa1, 0x9a, 0xa1, 0x9a, 0xc1, 0x9a, 0xa1, 0x92, 0xa1, 0x9a, 0xa1, 0x9a,
    0x21, 0x7a, 0x00, 0x39, 0xe0, 0x51, 0x40, 0xe6, 0x00, 0xff, 0x20, 0xff,
    0x60, 0xe6, 0xa0, 0xc5, 0xe0, 0xd5, 0xe0, 0xfe, 0xc0, 0xfe, 0xe0, 0xfe,
    0xc0, 0xfe, 0xe0, 0xfe, 0xa0, 0x8b, 0xe0, 0x30, 0xe0, 0x51, 0x60, 0xe6,
    0xe0, 0xfe, 0xe0, 0xfe, 0xe0, 0xfe, 0xe0, 0xfe, 0x80, 0xee, 0x40, 0xbd,
    0xc0, 0xc5, 0xe0, 0xfe, 0xe0, 0xfe, 0xc0, 0xfe, 0xc0, 0xfe, 0xe0, 0xf6,
    0xa0, 0x83, 0xc0, 0x30, 0xe0, 0x30, 0xa0, 0xac, 0xe0, 0xfe, 0xc0, 0xfe,
    0xc0, 0xfe, 0xe0, 0xfe, 0x80, 0xa4, 0xe0, 0x30, 0xc1, 0x6a, 0xc0, 0xf6,
    0xc0, 0xfe, 0xe0, 0xfe, 0xe0, 0xfe, 0x00, 0xd6, 0x80, 0x41, 0x00, 0x39,
    0x01, 0x72, 0xe0, 0x69, 0x00, 0x31, 0xc0, 0x6a, 0xc0, 0xfe, 0xe0, 0xfe,
    0xe0, 0xfe, 0xc0, 0xfe, 0xc0, 0xfe, 0xe0, 0xfe, 0xc0, 0xfe, 0xc0, 0xd5,
    0x60, 0x41, 0x20, 0x39, 0x41, 0x82, 0x80, 0x51, 0x20, 0x39, 0xe0, 0xb4,
    0xe0, 0xfe, 0xc0, 0xfe, 0xc0, 0xfe, 0xa0, 0xee, 0x80, 0x62, 0xe0, 0x38,
    0xe0, 0x69, 0x01, 0x72, 0xe0, 0x38, 0x40, 0x5a, 0x80, 0xf6, 0xc0, 0xfe,
    0xc0, 0xfe, 0xe0, 0xfe, 0xc0, 0xfe, 0xc0, 0xfe, 0xe0, 0xfe, 0xa0, 0xcd,
    0x40, 0x39, 0x00, 0x39, 0x00, 0x39, 0x20, 0x94, 0x00, 0xff, 0xe0, 0xfe,
    0xc0, 0xfe, 0xc0, 0xfe, 0xa0, 0xf6, 0xa0, 0xee, 0xa0, 0xee, 0xa0, 0xee,
    0xc0, 0xf6, 0xc0, 0xfe, 0xe0, 0xfe, 0xc0, 0xfe, 0x80, 0xf6, 0xa0, 0x62,
    0xe0, 0x30, 0x80, 0x62, 0x80, 0xee, 0xc0, 0xfe, 0xe0, 0xfe, 0xc0, 0xfe,
    0xc0, 0xfe, 0x40, 0xde, 0x00, 0xde, 0x20, 0xde, 0x40, 0xde, 0x20, 0xb5,
    0x60, 0x41, 0x80, 0x51, 0x61, 0x8a, 0x61, 0x8a, 0x60, 0x8a, 0x61, 0x82,
    0x40, 0x49, 0x60, 0x41, 0xe0, 0xd5, 0xe0, 0xfe, 0xe0, 0xfe, 0x00, 0xff,
    0x00, 0x94, 0xe0, 0x30, 0xe0, 0x8b, 0xe0, 0xfe, 0xc0, 0xfe, 0xe0, 0xfe,
    0xc0, 0xfe, 0x60, 0xee, 0x20, 0x52, 0x80, 0x41, 0x20, 0xde, 0xe0, 0xfe,
    0xc0, 0xfe, 0xe0, 0xfe, 0xc0, 0x8b, 0xe0, 0x30, 0x00, 0x39, 0xc1, 0x8b,
    0xc0, 0xfe, 0xe0, 0xfe, 0xc0, 0xfe, 0xe0, 0xfe, 0xe0, 0xfe, 0x80, 0xc5,
    0x00, 0x94, 0x00, 0xb5, 0xe0, 0xf6, 0xe0, 0xfe, 0xe0, 0xfe, 0xc0, 0xfe,
    0xe0, 0xfe, 0xa0, 0xac, 0x01, 0x39, 0x00, 0x39, 0xc0, 0x49, 0x40, 0xde,
    0xc0, 0xfe, 0xe0, 0xfe, 0xe0, 0xfe, 0xe0, 0xfe, 0x80, 0xee, 0x80, 0xee,
    0x21, 0xff, 0x00, 0xff, 0xc0, 0xfe, 0xe0, 0xfe, 0xc0, 0xfe, 0xc0, 0xfe,
    0xe0, 0x8b, 0x00, 0x39, 0x20, 0x39, 0x20, 0x7b, 0xe0, 0xfe, 0xe0, 0xfe,
    0xe0, 0xfe, 0xc0, 0xfe, 0xa0, 0xf6, 0x60, 0xe6, 0x60, 0xe6, 0x60, 0xe6,
    0x60, 0xe6, 0x80, 0xe6, 0xe0, 0x8b, 0xe0, 0x30, 0xa0, 0x59, 0x81, 0x92,
    0x80, 0x8a, 0x81, 0x8a, 0x60, 0x8a, 0x61, 0x8a, 0x60, 0x8a, 0x61, 0x8a,
    0x60, 0x8a, 0x20, 0x7a, 0x01, 0x41, 0xab, 0x3a, 0xb6, 0x24, 0x95, 0x24,
    0x76, 0x24, 0x96, 0x24, 0x96, 0x24, 0x96, 0x24, 0x95, 0x24, 0x75, 0x24,
    0x76, 0x24, 0x95, 0x24, 0x96, 0x24, 0x96, 0x24, 0x75, 0x24, 0x96, 0x24,
    0x75, 0x24, 0x76, 0x24, 0x75, 0x24, 0x75, 0x24, 0x75, 0x24, 0x75, 0x1c,
    0x76, 0x1c, 0x55, 0x24, 0x75, 0x24, 0x75, 0x24, 0x75, 0x24, 0x75, 0x24,
    0x75, 0x24, 0x49, 0x3a, 0x00, 0x41, 0x20, 0x41, 0x20, 0x41, 0x41, 0x49,
    0x81, 0x51, 0xc1, 0x61, 0xe1, 0x71, 0x41, 0x7a, 0x61, 0x8a, 0x81, 0x92,
    0xe0, 0x69, 0xe0, 0x30, 0x40, 0x7b, 0xe0, 0xfe, 0xc0, 0xfe, 0xc0, 0xfe,
    0xe0, 0xfe, 0xc0, 0xfe, 0xc0, 0xfe, 0xe0, 0xfe, 0xc0, 0xfe, 0xe0, 0xfe,
    0xe0, 0xfe, 0x40, 0xde, 0xe0, 0x49, 0x00, 0x39, 0x00, 0x39, 0xa0, 0xa4,
    0xe0, 0xfe, 0xc0, 0xfe, 0xe0, 0xfe, 0xc0, 0xfe, 0xc0, 0xfe, 0xc0, 0xfe,
    0xe0, 0xfe, 0xe0, 0xfe, 0xe0, 0xfe, 0xe0, 0xfe, 0xe0, 0xfe, 0x20, 0xde,
    0xc0, 0x49, 0xe0, 0x30, 0xe0, 0x30, 0xa0, 0xac, 0xe0, 0xfe, 0xe0, 0xfe,
    0xe0, 0xfe, 0xe0, 0xfe, 0x60, 0xa4, 0x00, 0x39, 0x60, 0x41, 0xa0, 0xc5,
    0xe0, 0xfe, 0xc0, 0xfe, 0xc0, 0xfe, 0xc0, 0xf6, 0x40, 0x7b, 0xc0, 0x30,
    0x81, 0x51, 0x41, 0x7a, 0x00, 0x39, 0xa0, 0x49, 0x00, 0xd6, 0xc0, 0xfe,
    0xe0, 0xfe, 0xc0, 0xfe, 0xe0, 0xfe, 0xc0, 0xfe, 0xe0, 0xfe, 0xc0, 0xac,
    0xe0, 0x30, 0x60, 0x49, 0x61, 0x8a, 0x60, 0x51, 0x20, 0x31, 0x00, 0xb5,
    0xe0, 0xfe, 0xe0, 0xfe, 0xc0, 0xfe, 0x80, 0xee, 0x80, 0x62, 0xe0, 0x30,
    0x01, 0x6a, 0x41, 0x82, 0x20, 0x39, 0x80, 0x41, 0xc0, 0xcd, 0xc0, 0xfe,
    0xe0, 0xfe, 0xc0, 0xfe, 0xe0, 0xfe, 0xc0, 0xfe, 0x00, 0xff, 0x40, 0x9c,
    0xe0, 0x30, 0x00, 0x39, 0x41, 0x41, 0x80, 0xc5, 0xe0, 0xfe, 0xe0, 0xfe,
    0xe0, 0xfe, 0x60, 0xee, 0x60, 0x5a, 0x40, 0x39, 0x40, 0x39, 0x20, 0x39,
    0x20, 0x7b, 0xc0, 0xf6, 0xe0, 0xfe, 0xc0, 0xfe, 0xe0, 0xfe, 0x41, 0x9c,
    0xc0, 0x30, 0x80, 0x62, 0x80, 0xee, 0xc0, 0xfe, 0xc0, 0xfe, 0xe0, 0xfe,
    0xc0, 0xfe, 0xe0, 0xfe, 0xc0, 0xfe, 0xc0, 0xfe, 0xc0, 0xfe, 0xc0, 0xcd,
    0x60, 0x41, 0x60, 0x51, 0x60, 0x8a, 0x60, 0x8a, 0x60, 0x8a, 0x61, 0x82,
    0x40, 0x41, 0x60, 0x41, 0x00, 0xd6, 0xe0, 0xfe, 0xc0, 0xfe, 0xe0, 0xfe,
    0xe0, 0x93, 0xe1, 0x30, 0xe0, 0x72, 0xe0, 0xfe, 0xc0, 0xfe, 0xc0, 0xfe,
    0xe0, 0xfe, 0xa0, 0xcd, 0x40, 0x39, 0x80, 0x49, 0x00, 0xde, 0xe0, 0xfe,
    0xc0, 0xfe, 0x00, 0xff, 0xe0, 0x8b, 0xe0, 0x30, 0x00, 0x39, 0x80, 0x41,
    0xc0, 0xcd, 0xe0, 0xfe, 0xe0, 0xfe, 0xe0, 0xfe, 0xc0, 0xfe, 0xc0, 0xfe,
    0xc0, 0xfe, 0xe0, 0xfe, 0xe0, 0xfe, 0xc0, 0xfe, 0xc0, 0xfe, 0xc0, 0xfe,
    0x60, 0xe6, 0x20, 0x52, 0x00, 0x39, 0x00, 0x31, 0xc0, 0x49, 0x40, 0xde,
    0xc0, 0xfe, 0xe0, 0xfe, 0xe0, 0xfe, 0xc0, 0xfe, 0xe0, 0xfe, 0xe0, 0xfe,
    0xe0, 0xfe, 0xe0, 0xfe, 0xe0, 0xfe, 0xc0, 0xfe, 0xe0, 0xfe, 0x60, 0xbd,
    0x41, 0x39, 0x20, 0x39, 0x00, 0x39, 0x41, 0x7b, 0xe0, 0xfe, 0xc0, 0xfe,
    0xe0, 0xfe, 0xe0, 0xfe, 0xe0, 0xfe, 0xc0, 0xfe, 0xc0, 0xfe, 0xc0, 0xfe,
    0xc0, 0xfe, 0xe0, 0xfe, 0x80, 0xa4, 0x00, 0x31, 0x80, 0x59, 0x80, 0x8a,
    0x81, 0x8a, 0x80, 0x8a, 0x60, 0x8a, 0x80, 0x92, 0x80, 0x8a, 0x80, 0x8a,
    0x81, 0x92, 0x20, 0x7a, 0x01, 0x41, 0xab, 0x32, 0xb6, 0x24, 0x96, 0x24,
    0x75, 0x24, 0x95, 0x24, 0x96, 0x24, 0x76, 0x24, 0x96, 0x24, 0x96, 0x24,
    0x96, 0x24, 0x95, 0x24, 0x96, 0x24, 0x76, 0x24, 0x95, 0x24, 0x96, 0x24,
    0x75, 0x24, 0x76, 0x24, 0x75, 0x24, 0x55, 0x24, 0x76, 0x24, 0x75, 0x24,
    0x75, 0x24, 0x76, 0x24, 0x75, 0x24, 0x75, 0x1c, 0x55, 0x24, 0x55, 0x24,
    0x55, 0x24, 0xe7, 0x39, 0x21, 0x49, 0xe1, 0x69, 0x01, 0x72, 0x41, 0x7a,
    0x61, 0x82, 0x61, 0x82, 0x81, 0x8a, 0xa1, 0x92, 0xc1, 0x9a, 0xe1, 0xa2,
    0xc1, 0x61, 0xe0, 0x30, 0xe0, 0x8b, 0x00, 0xff, 0xc0, 0xfe, 0xc0, 0xfe,
    0xe0, 0xfe, 0xe0, 0xfe, 0xe0, 0xfe, 0xc0, 0xfe, 0xc0, 0xfe, 0xc0, 0xfe,
    0xc0, 0xf6, 0x41, 0x7b, 0xe0, 0x30, 0x00, 0x31, 0x00, 0x31, 0xe0, 0x51,
    0x20, 0xd6, 0xe0, 0xfe, 0xc0, 0xfe, 0xe0, 0xfe, 0xc0, 0xfe, 0xe0, 0xfe,
    0xe0, 0xfe, 0xe0, 0xfe, 0xc0, 0xfe, 0xe0, 0xfe, 0xa0, 0xf6, 0x20, 0x73,
    0xe0, 0x30, 0x00, 0x39, 0xe0, 0x30, 0xa0, 0xac, 0xe0, 0xfe, 0xc0, 0xfe,
    0xc0, 0xfe, 0xe0, 0xfe, 0x80, 0x9c, 0x00, 0x31, 0x00, 0x39, 0x80, 0x83,
    0xc0, 0xfe, 0xc0, 0xfe, 0xe0, 0xfe, 0xc0, 0xfe, 0x80, 0xc5, 0x60, 0x41,
    0x40, 0x41, 0x40, 0x82, 0x40, 0x49, 0x00, 0x39, 0xc0, 0xb4, 0xc0, 0xfe,
    0xc0, 0xfe, 0xc0, 0xfe, 0xe0, 0xfe, 0xc0, 0xfe, 0xe0, 0xfe, 0x80, 0x83,
    0xe0, 0x30, 0xc0, 0x61, 0x81, 0x8a, 0x80, 0x51, 0x20, 0x39, 0x00, 0xb5,
    0xe0, 0xfe, 0xe0, 0xfe, 0xc0, 0xfe, 0x80, 0xee, 0x60, 0x62, 0xe0, 0x30,
    0xe0, 0x69, 0x61, 0x8a, 0x40, 0x49, 0x00, 0x39, 0x80, 0xac, 0xc0, 0xfe,
    0xc0, 0xfe, 0xc0, 0xfe, 0xc0, 0xfe, 0xc0, 0xfe, 0xa0, 0xf6, 0xc0, 0x6a,
    0x00, 0x39, 0xe0, 0x38, 0x00, 0x5a, 0x60, 0xe6, 0xc0, 0xfe, 0xc0, 0xfe,
    0xe0, 0xfe, 0xa0, 0xcd, 0x80, 0x41, 0x20, 0x39, 0x20, 0x41, 0x00, 0x39,
    0xe0, 0x51, 0x40, 0xde, 0xc0, 0xfe, 0xc0, 0xfe, 0xe0, 0xfe, 0xc0, 0xcd,
    0x40, 0x41, 0x80, 0x62, 0x80, 0xee, 0xc0, 0xfe, 0xc0, 0xfe, 0xc0, 0xfe,
    0xc0, 0xfe, 0xe0, 0xfe, 0xc0, 0xfe, 0xc0, 0xfe, 0xc0, 0xfe, 0x80, 0xcd,
    0x40, 0x39, 0x60, 0x51, 0x61, 0x8a, 0x60, 0x8a, 0x61, 0x82, 0x40, 0x82,
    0x40, 0x49, 0x60, 0x41, 0x00, 0xd6, 0xe0, 0xfe, 0xc0, 0xfe, 0xe0, 0xfe,
    0xe0, 0x8b, 0xe0, 0x30, 0xe0, 0x51, 0x60, 0xe6, 0xc0, 0xfe, 0xc0, 0xfe,
    0xe0, 0xfe, 0x60, 0xa4, 0x01, 0x31, 0xa0, 0x49, 0xe0, 0xd5, 0xe0, 0xfe,
    0xc0, 0xfe, 0xe0, 0xfe, 0xc0, 0x8b, 0xe0, 0x30, 0x20, 0x39, 0x00, 0x31,
    0x40, 0x5a, 0x40, 0xde, 0xe0, 0xfe, 0xc0, 0xfe, 0xe0, 0xfe, 0xe0, 0xfe,
    0xc0, 0xfe, 0xe0, 0xfe, 0xc0, 0xfe, 0xc0, 0xfe, 0xe0, 0xfe, 0xa0, 0xee,
    0x40, 0x7b, 0xe0, 0x30, 0x20, 0x39, 0x00, 0x39, 0xe0, 0x49, 0x20, 0xde,
    0xc0, 0xfe, 0xc0, 0xfe, 0xe0, 0xfe, 0xc0, 0xfe, 0xc0, 0xfe, 0xe0, 0xfe,
    0xc0, 0xfe, 0xc0, 0xfe, 0xe0, 0xfe, 0xe0, 0xfe, 0x40, 0xbd, 0xc0, 0x49,
    0x00, 0x39, 0x40, 0x49, 0x00, 0x31, 0x20, 0x7b, 0xe0, 0xfe, 0xe0, 0xfe,
    0xc0, 0xfe, 0xc0, 0xfe, 0xc0, 0xfe, 0xc0, 0xfe, 0xc0, 0xfe, 0xc0, 0xfe,
    0xc0, 0xfe, 0xe0, 0xfe, 0x80, 0xa4, 0xe0, 0x30, 0x80, 0x59, 0x81, 0x92,
    0x60, 0x8a, 0x60, 0x8a, 0x60, 0x8a, 0x61, 0x8a, 0x40, 0x82, 0x20, 0x7a,
    0x00, 0x7a, 0xa0, 0x61, 0x01, 0x41, 0xab, 0x32, 0xb6, 0x24, 0x96, 0x24,
    0x76, 0x24, 0x95, 0x24, 0x95, 0x24, 0x96, 0x24, 0x95, 0x24, 0x96, 0x24,
    0x95, 0x24, 0x96, 0x24, 0x95, 0x24, 0x96, 0x24, 0x96, 0x24, 0x96, 0x24,
    0x75, 0x24, 0x75, 0x24, 0x75, 0x1c, 0x76, 0x24, 0x55, 0x24, 0x75, 0x24,
    0x75, 0x24, 0x76, 0x24, 0x75, 0x24, 0x75, 0x1c, 0x76, 0x24, 0x75, 0x24,
    0xf3, 0x23, 0x43, 0x41, 0xa1, 0x61, 0x22, 0xab, 0xe2, 0xa2, 0xe1, 0xa2,
    0xc1, 0x9a, 0xa1, 0x9a, 0xa1, 0x92, 0xa1, 0x92, 0xa1, 0x92, 0xa1, 0x92,
    0x21, 0x72, 0xe0, 0x38, 0xc0, 0x49, 0x40, 0xbd, 0xe0, 0xf6, 0xe0, 0xfe,
    0xc0, 0xfe, 0xc0, 0xfe, 0xe0, 0xfe, 0xe0, 0xfe, 0xe0, 0xfe, 0x80, 0xe6,
    0x60, 0x7b, 0xe0, 0x30, 0x00, 0x39, 0xa1, 0x61, 0x40, 0x41, 0xe0, 0x38,
    0xc0, 0x49, 0x80, 0xc5, 0xc0, 0xf6, 0xe0, 0xfe, 0xc0, 0xfe, 0xc0, 0xfe,
    0xc0, 0xfe, 0xe0, 0xfe, 0xe0, 0xfe, 0x20, 0xd6, 0xc0, 0x6a, 0xe0, 0x30,
    0x20, 0x39, 0x20, 0x41, 0xe0, 0x30, 0x80, 0xa4, 0xe0, 0xfe, 0xc0, 0xfe,
    0xc0, 0xfe, 0xe0, 0xfe, 0x60, 0xa4, 0x00, 0x39, 0x00, 0x39, 0xc0, 0x49,
    0x00, 0xd6, 0xe0, 0xfe, 0xe0, 0xfe, 0xc0, 0xfe, 0xc0, 0xfe, 0xe0, 0x6a,
    0xe0, 0x38, 0x21, 0x72, 0xc1, 0x61, 0xe0, 0x30, 0x61, 0x7b, 0xe0, 0xfe,
    0xc0, 0xfe, 0xe0, 0xfe, 0xc0, 0xfe, 0xe0, 0xfe, 0x80, 0xee, 0x40, 0x5a,
    0x00, 0x39, 0x21, 0x7a, 0x81, 0x8a, 0xa0, 0x59, 0x20, 0x39, 0xe0, 0xac,
    0x00, 0xff, 0xc0, 0xfe, 0xc0, 0xfe, 0xa0, 0xee, 0x60, 0x62, 0x00, 0x39,
    0xe0, 0x69, 0x81, 0x8a, 0xa0, 0x61, 0xe0, 0x30, 0x00, 0x73, 0xc0, 0xf6,
    0xc0, 0xfe, 0xe0, 0xfe, 0xe0, 0xfe, 0xe0, 0xfe, 0xe0, 0xcd, 0x80, 0x41,
    0x00, 0x39, 0xe0, 0x30, 0x80, 0x83, 0xe0, 0xf6, 0xe0, 0xfe, 0xe0, 0xfe,
    0xe0, 0xfe, 0x80, 0xa4, 0x01, 0x39, 0x41, 0x49, 0x41, 0x82, 0x40, 0x49,
    0x20, 0x39, 0x41, 0xbd, 0xc0, 0xfe, 0xe0, 0xfe, 0xc0, 0xfe, 0xa0, 0xee,
    0x41, 0x5a, 0x60, 0x5a, 0x80, 0xee, 0xc0, 0xfe, 0xe0, 0xfe, 0xe0, 0xfe,
    0xc0, 0xfe, 0xe0, 0xfe, 0xc0, 0xfe, 0xc0, 0xfe, 0xe0, 0xfe, 0x60, 0xc5,
    0x00, 0x31, 0x81, 0x51, 0x61, 0x8a, 0x60, 0x8a, 0x60, 0x8a, 0x41, 0x82,
    0x40, 0x41, 0x80, 0x41, 0x00, 0xde, 0xe0, 0xfe, 0xc0, 0xfe, 0xe0, 0xfe,
    0xc0, 0x8b, 0x00, 0x39, 0x20, 0x39, 0x20, 0xb5, 0xe0, 0xf6, 0xc0, 0xf6,
    0xa0, 0xe6, 0xa0, 0x6a, 0x00, 0x39, 0x60, 0x41, 0xc0, 0xcd, 0xc0, 0xfe,
    0xc0, 0xfe, 0x00, 0xff, 0xe0, 0x93, 0xc0, 0x30, 0xc1, 0x61, 0x61, 0x51,
    0xe0, 0x38, 0xc0, 0x49, 0x61, 0xbd, 0xc0, 0xf6, 0xe0, 0xfe, 0xc0, 0xfe,
    0xc0, 0xfe, 0xc0, 0xfe, 0xe0, 0xfe, 0xe0, 0xf6, 0xe0, 0xcd, 0x60, 0x62,
    0xe0, 0x30, 0x20, 0x39, 0xe1, 0x69, 0x41, 0x49, 0xc0, 0x51, 0x20, 0xde,
    0xc0, 0xfe, 0xe0, 0xfe, 0xc0, 0xfe, 0xe0, 0xfe, 0xe0, 0xfe, 0xe0, 0xfe,
    0x00, 0xff, 0xe0, 0xf6, 0x00, 0xd6, 0x40, 0x7b, 0x00, 0x31, 0x00, 0x39,
    0xa1, 0x59, 0x01, 0x72, 0x00, 0x31, 0x00, 0x73, 0xe0, 0xfe, 0xe0, 0xfe,
    0xc0, 0xfe, 0xc0, 0xfe, 0xc0, 0xfe, 0xe0, 0xfe, 0xe0, 0xfe, 0xe0, 0xfe,
    0xc0, 0xfe, 0xe0, 0xfe, 0xa0, 0xac, 0x00, 0x31, 0xa0, 0x51, 0x80, 0x92,
    0x61, 0x8a, 0x60, 0x82, 0x40, 0x7a, 0x00, 0x72, 0xe1, 0x69, 0x80, 0x59,
    0x60, 0x51, 0x20, 0x39, 0x01, 0x39, 0x8b, 0x32, 0xb6, 0x24, 0x95, 0x24,
    0x96, 0x24, 0x96, 0x24, 0x75, 0x2c, 0x95, 0x24, 0x76, 0x24, 0x95, 0x24,
    0x96, 0x24, 0x96, 0x2c, 0x96, 0x24, 0x95, 0x24, 0x96, 0x24, 0x95, 0x24,
    0x75, 0x24, 0x75, 0x24, 0x76, 0x1c, 0x75, 0x24, 0x76, 0x1c, 0x75, 0x24,
    0x76, 0x24, 0x75, 0x24, 0x75, 0x24, 0x76, 0x24, 0x55, 0x24, 0x75, 0x24,
    0xf2, 0x2b, 0x22, 0x41, 0xa0, 0x61, 0xa1, 0x9a, 0xa1, 0x92, 0xa1, 0x92,
    0xa1, 0x92, 0xa1, 0x92, 0xa1, 0x92, 0xa1, 0x92, 0xa1, 0x92, 0xa1, 0x92,
    0x81, 0x8a, 0x60, 0x51, 0xe0, 0x30, 0x00, 0x39, 0x00, 0x52, 0x80, 0x83,
    0xc0, 0xac, 0x40, 0xbd, 0x40, 0xbd, 0xa0, 0xac, 0x60, 0x7b, 0xa1, 0x49,
    0xe0, 0x30, 0x00, 0x39, 0xe1, 0x69, 0x60, 0x8a, 0x21, 0x7a, 0x20, 0x39,
    0xe0, 0x30, 0x20, 0x39, 0x21, 0x5a, 0x80, 0x83, 0xa0, 0xa4, 0xc0, 0xac,
    0xa0, 0xa4, 0xc0, 0x8b, 0x60, 0x5a, 0x20, 0x39, 0xe1, 0x30, 0x00, 0x39,
    0x01, 0x72, 0xe1, 0x69, 0x00, 0x31, 0xe0, 0x51, 0x40, 0x7b, 0x40, 0x7b,
    0x40, 0x7b, 0x40, 0x7b, 0xe0, 0x51, 0x00, 0x31, 0x00, 0x39, 0x00, 0x31,
    0xe1, 0x49, 0x00, 0x73, 0x00, 0x73, 0x00, 0x73, 0x01, 0x73, 0x80, 0x49,
    0x00, 0x39, 0xc1, 0x69, 0x20, 0x7a, 0x00, 0x39, 0x60, 0x41, 0x00, 0x73,
    0x20, 0x7b, 0x20, 0x7b, 0x20, 0x7b, 0x40, 0x7b, 0x81, 0x62, 0x20, 0x39,
    0x40, 0x41, 0x41, 0x82, 0x80, 0x8a, 0xe0, 0x69, 0x00, 0x31, 0x20, 0x5a,
    0x40, 0x7b, 0x40, 0x7b, 0x60, 0x7b, 0x00, 0x73, 0x60, 0x41, 0x00, 0x39,
    0x21, 0x7a, 0x81, 0x8a, 0x01, 0x72, 0x00, 0x39, 0x40, 0x41, 0xa0, 0x62,
    0x00, 0x73, 0x00, 0x73, 0x00, 0x73, 0x00, 0x73, 0x21, 0x5a, 0x00, 0x39,
    0x61, 0x51, 0x20, 0x39, 0xc0, 0x49, 0xe0, 0x72, 0xe0, 0x72, 0xe0, 0x72,
    0xe0, 0x6a, 0xa0, 0x49, 0x00, 0x39, 0xe0, 0x69, 0x61, 0x8a, 0xa0, 0x59,
    0x00, 0x39, 0x00, 0x52, 0x40, 0x7b, 0x40, 0x7b, 0x40, 0x7b, 0xe0, 0x6a,
    0x40, 0x39, 0x40, 0x39, 0xe0, 0x6a, 0x40, 0x83, 0x40, 0x7b, 0x40, 0x7b,
    0x20, 0x73, 0x20, 0x73, 0x20, 0x7b, 0x00, 0x73, 0x00, 0x73, 0x20, 0x52,
    0x00, 0x31, 0xc0, 0x61, 0x81, 0x8a, 0x60, 0x82, 0x40, 0x8a, 0x41, 0x82,
    0x60, 0x49, 0x20, 0x39, 0x80, 0x62, 0x20, 0x7b, 0x21, 0x7b, 0x00, 0x73,
    0xa0, 0x49, 0x00, 0x39, 0x00, 0x31, 0x40, 0x39, 0xa0, 0x49, 0xa1, 0x49,
    0x80, 0x41, 0x00, 0x39, 0xe0, 0x30, 0x00, 0x31, 0x60, 0x5a, 0x41, 0x7b,
    0x40, 0x7b, 0x20, 0x73, 0xc1, 0x51, 0x00, 0x39, 0x00, 0x6a, 0x41, 0x82,
    0x80, 0x51, 0xe0, 0x30, 0x00, 0x39, 0x20, 0x52, 0x80, 0x83, 0x80, 0xa4,
    0xe0, 0xac, 0xa0, 0xa4, 0xc1, 0x8b, 0x40, 0x5a, 0x20, 0x39, 0xe0, 0x30,
    0x20, 0x41, 0x01, 0x72, 0x60, 0x82, 0x60, 0x49, 0x20, 0x39, 0xe0, 0x6a,
    0x60, 0x83, 0x60, 0x83, 0x60, 0x7b, 0x40, 0x7b, 0x40, 0x7b, 0x20, 0x73,
    0xa0, 0x6a, 0xc0, 0x49, 0x00, 0x39, 0xe0, 0x30, 0x00, 0x39, 0xc0, 0x61,
    0x60, 0x82, 0x20, 0x7a, 0x00, 0x39, 0x40, 0x41, 0xe0, 0x6a, 0x20, 0x7b,
    0x40, 0x7b, 0x20, 0x7b, 0x20, 0x7b, 0x40, 0x7b, 0x20, 0x7b, 0x20, 0x7b,
    0x20, 0x7b, 0x20, 0x7b, 0x21, 0x52, 0x00, 0x31, 0x80, 0x59, 0x61, 0x8a,
    0x80, 0x8a, 0x81, 0x92, 0x80, 0x92, 0x81, 0x92, 0xa1, 0x9a, 0xa0, 0x9a,
    0xc1, 0x9a, 0x21, 0x7a, 0x01, 0x41, 0x8a, 0x32, 0xb6, 0x24, 0x96, 0x2c,
    0x96, 0x2c, 0x76, 0x24, 0x95, 0x24, 0x96, 0x24, 0x76, 0x24, 0x96, 0x2c,
    0x95, 0x24, 0x96, 0x24, 0x96, 0x2c, 0x95, 0x24, 0x96, 0x2c, 0x96, 0x2c,
    0x75, 0x24, 0x75, 0x24, 0x75, 0x24, 0x56, 0x24, 0x75, 0x24, 0x75, 0x24,
    0x75, 0x24, 0x75, 0x24, 0x75, 0x24, 0x75, 0x24, 0x75, 0x24, 0x76, 0x24,
    0xd2, 0x2b, 0x01, 0x39, 0xc1, 0x61, 0xa1, 0x92, 0x81, 0x92, 0x81, 0x92,
    0xa1, 0x92, 0xa1, 0x92, 0xa1, 0x92, 0xa1, 0x92, 0xa1, 0x92, 0x81, 0x92,
    0x81, 0x92, 0x81, 0x8a, 0xc0, 0x61, 0x20, 0x39, 0x01, 0x39, 0xe0, 0x38,
    0xa0, 0x28, 0x80, 0x28, 0x80, 0x28, 0xa0, 0x28, 0xe0, 0x38, 0x20, 0x39,
    0x40, 0x49, 0x21, 0x7a, 0x81, 0x8a, 0x60, 0x8a, 0x61, 0x8a, 0x41, 0x82,
    0x60, 0x51, 0x00, 0x39, 0x20, 0x39, 0xe0, 0x30, 0xa0, 0x28, 0xa0, 0x28,
    0xa0, 0x28, 0xe1, 0x30, 0x00, 0x39, 0x20, 0x39, 0x80, 0x51, 0x41, 0x82,
    0x60, 0x8a, 0x41, 0x82, 0x60, 0x49, 0x00, 0x39, 0xe0, 0x30, 0xe0, 0x30,
    0xe0, 0x30, 0xe0, 0x30, 0x00, 0x39, 0x20, 0x41, 0x01, 0x72, 0x40, 0x41,
    0x00, 0x39, 0xe0, 0x38, 0xe0, 0x38, 0x00, 0x39, 0x00, 0x39, 0x00, 0x39,
    0x40, 0x49, 0x21, 0x7a, 0x61, 0x82, 0xa0, 0x59, 0x00, 0x39, 0x00, 0x39,
    0x00, 0x31, 0x00, 0x39, 0xe0, 0x38, 0xe0, 0x30, 0x00, 0x39, 0x00, 0x39,
    0xc1, 0x69, 0x81, 0x8a, 0x60, 0x8a, 0x61, 0x8a, 0x80, 0x51, 0x00, 0x39,
    0xe0, 0x38, 0xe0, 0x38, 0x00, 0x39, 0xe0, 0x38, 0x00, 0x39, 0x80, 0x51,
    0x61, 0x8a, 0x60, 0x82, 0x60, 0x8a, 0xa1, 0x59, 0x00, 0x39, 0x00, 0x39,
    0xe0, 0x38, 0xe0, 0x38, 0x00, 0x39, 0xe0, 0x38, 0x00, 0x39, 0x40, 0x41,
    0x41, 0x82, 0x81, 0x59, 0x00, 0x39, 0x00, 0x39, 0xe0, 0x38, 0x00, 0x39,
    0x00, 0x39, 0x00, 0x39, 0x80, 0x51, 0x60, 0x8a, 0x81, 0x8a, 0x20, 0x7a,
    0x20, 0x41, 0x00, 0x39, 0xe0, 0x38, 0xe0, 0x30, 0xe0, 0x30, 0x00, 0x39,
    0x00, 0x39, 0x00, 0x39, 0x00, 0x39, 0xe0, 0x30, 0xe0, 0x30, 0x00, 0x31,
    0xe0, 0x38, 0xe0, 0x38, 0x00, 0x39, 0x00, 0x31, 0x00, 0x39, 0x00, 0x39,
    0x20, 0x41, 0x20, 0x7a, 0x60, 0x8a, 0x60, 0x82, 0x40, 0x82, 0x61, 0x8a,
    0x00, 0x72, 0x00, 0x39, 0x00, 0x39, 0xe0, 0x38, 0x00, 0x39, 0x00, 0x39,
    0x00, 0x39, 0x80, 0x51, 0x81, 0x51, 0x00, 0x39, 0x20, 0x39, 0x20, 0x39,
    0x20, 0x41, 0x40, 0x41, 0xc1, 0x69, 0x40, 0x49, 0x00, 0x39, 0xe0, 0x30,
    0xe0, 0x30, 0xe0, 0x38, 0x00, 0x39, 0x40, 0x41, 0x40, 0x82, 0x60, 0x82,
    0x61, 0x8a, 0xe0, 0x61, 0x40, 0x41, 0x00, 0x39, 0xe0, 0x30, 0xa0, 0x28,
    0xa0, 0x28, 0xa0, 0x28, 0xc0, 0x30, 0x00, 0x39, 0x20, 0x39, 0x81, 0x51,
    0x41, 0x82, 0x60, 0x82, 0x60, 0x82, 0xe1, 0x69, 0x00, 0x39, 0xe0, 0x38,
    0xe0, 0x30, 0xe0, 0x30, 0xe0, 0x38, 0xe0, 0x38, 0xe0, 0x30, 0x00, 0x39,
    0x00, 0x39, 0x20, 0x39, 0x21, 0x41, 0xa1, 0x59, 0x41, 0x82, 0x61, 0x8a,
    0x40, 0x82, 0x41, 0x82, 0xa1, 0x59, 0x00, 0x39, 0x00, 0x39, 0x00, 0x31,
    0xe0, 0x30, 0xe0, 0x38, 0xe0, 0x30, 0xe0, 0x30, 0x00, 0x31, 0x00, 0x39,
    0xe0, 0x30, 0xe0, 0x30, 0xe0, 0x38, 0x20, 0x41, 0x20, 0x72, 0x60, 0x8a,
    0x61, 0x8a, 0x80, 0x8a, 0x60, 0x8a, 0x60, 0x8a, 0x80, 0x8a, 0x80, 0x8a,
    0x60, 0x8a, 0x20, 0x82, 0x01, 0x41, 0x8a, 0x3a, 0xb6, 0x24, 0x96, 0x24,
    0x95, 0x24, 0x95, 0x24, 0x96, 0x24, 0x96, 0x24, 0x95, 0x2c, 0x96, 0x24,
    0x95, 0x24, 0x96, 0x24, 0x95, 0x24, 0x96, 0x24, 0x96, 0x24, 0x96, 0x24,
    0x76, 0x24, 0x75, 0x24, 0x75, 0x24, 0x75, 0x24, 0x55, 0x24, 0x75, 0x24,
    0x76, 0x24, 0x75, 0x1c, 0x75, 0x24, 0x75, 0x24, 0x75, 0x24, 0x76, 0x24,
    0xd1, 0x23, 0x02, 0x39, 0xa1, 0x61, 0xa1, 0x92, 0x81, 0x92, 0xa1, 0x92,
    0x81, 0x92, 0xa1, 0x92, 0x81, 0x92, 0x81, 0x92, 0xa1, 0x92, 0x80, 0x92,
    0x81, 0x8a, 0x81, 0x8a, 0x81, 0x92, 0x61, 0x8a, 0x20, 0x7a, 0xc0, 0x61,
    0x81, 0x51, 0x40, 0x49, 0x40, 0x41, 0x61, 0x49, 0xc0, 0x61, 0x21, 0x7a,
    0x61, 0x8a, 0x60, 0x8a, 0x60, 0x8a, 0x60, 0x8a, 0x61, 0x8a, 0x60, 0x8a,
    0x60, 0x8a, 0x41, 0x82, 0xc1, 0x69, 0x80, 0x51, 0x40, 0x49, 0x40, 0x49,
    0x61, 0x49, 0xa0, 0x59, 0xe0, 0x71, 0x40, 0x82, 0x61, 0x8a, 0x40, 0x82,
    0x60, 0x8a, 0x60, 0x8a, 0x61, 0x8a, 0x00, 0x72, 0xa0, 0x61, 0xa0, 0x59,
    0xa0, 0x59, 0xc0, 0x61, 0xe1, 0x71, 0x61, 0x82, 0x61, 0x8a, 0x60, 0x8a,
    0x21, 0x7a, 0xc0, 0x69, 0xc0, 0x61, 0xc0, 0x61, 0xe0, 0x69, 0x20, 0x7a,
    0x41, 0x82, 0x40, 0x82, 0x40, 0x82, 0x61, 0x82, 0x00, 0x72, 0xa1, 0x61,
    0xa0, 0x59, 0xa0, 0x59, 0xa0, 0x59, 0xa0, 0x61, 0xe1, 0x69, 0x20, 0x7a,
    0x60, 0x8a, 0x60, 0x8a, 0x60, 0x82, 0x61, 0x82, 0x41, 0x82, 0x00, 0x72,
    0xc0, 0x61, 0xa0, 0x59, 0xa0, 0x59, 0xa0, 0x61, 0x01, 0x72, 0x40, 0x82,
    0x60, 0x82, 0x60, 0x8a, 0x40, 0x8a, 0x60, 0x8a, 0x41, 0x82, 0x00, 0x72,
    0xc0, 0x61, 0xc0, 0x61, 0xa1, 0x61, 0xc0, 0x61, 0xe0, 0x71, 0x40, 0x82,
    0x60, 0x8a, 0x61, 0x82, 0x20, 0x7a, 0xc0, 0x69, 0xc1, 0x59, 0xa1, 0x61,
    0xc0, 0x61, 0x01, 0x72, 0x61, 0x82, 0x40, 0x82, 0x60, 0x8a, 0x61, 0x8a,
    0x40, 0x82, 0x00, 0x72, 0xc1, 0x61, 0xa0, 0x61, 0xc0, 0x61, 0xe1, 0x69,
    0x20, 0x7a, 0x41, 0x82, 0x01, 0x72, 0xc0, 0x61, 0xc0, 0x61, 0xc1, 0x61,
    0xc0, 0x61, 0xc0, 0x61, 0xa0, 0x61, 0xc1, 0x61, 0xc1, 0x61, 0xe0, 0x69,
    0x41, 0x82, 0x60, 0x8a, 0x41, 0x8a, 0x40, 0x8a, 0x60, 0x82, 0x40, 0x82,
    0x40, 0x82, 0x41, 0x82, 0xe0, 0x69, 0xc0, 0x61, 0xc0, 0x61, 0xc0, 0x61,
    0x00, 0x7a, 0x41, 0x82, 0x60, 0x82, 0x40, 0x82, 0x21, 0x82, 0x20, 0x82,
    0x40, 0x82, 0x60, 0x82, 0x60, 0x8a, 0x41, 0x82, 0xe0, 0x69, 0xa0, 0x61,
    0xa0, 0x59, 0xa0, 0x61, 0xe0, 0x69, 0x40, 0x82, 0x61, 0x82, 0x40, 0x82,
    0x40, 0x82, 0x40, 0x82, 0x41, 0x82, 0x20, 0x7a, 0xc1, 0x61, 0x80, 0x51,
    0x60, 0x49, 0x60, 0x51, 0xa0, 0x59, 0x00, 0x72, 0x40, 0x82, 0x40, 0x82,
    0x40, 0x82, 0x40, 0x82, 0x40, 0x8a, 0x61, 0x8a, 0x41, 0x82, 0xe1, 0x69,
    0xa0, 0x61, 0xc0, 0x61, 0xc0, 0x61, 0xc0, 0x61, 0xc1, 0x61, 0xe0, 0x71,
    0x20, 0x7a, 0x41, 0x82, 0x60, 0x82, 0x60, 0x8a, 0x60, 0x8a, 0x40, 0x82,
    0x40, 0x82, 0x60, 0x82, 0x60, 0x8a, 0x00, 0x72, 0xc0, 0x61, 0xa0, 0x61,
    0xa0, 0x59, 0xa1, 0x61, 0xa0, 0x61, 0xa0, 0x59, 0xa1, 0x59, 0xa0, 0x59,
    0xa0, 0x59, 0xa0, 0x59, 0xc1, 0x61, 0x40, 0x82, 0x61, 0x8a, 0x60, 0x8a,
    0x60, 0x8a, 0x60, 0x8a, 0x61, 0x8a, 0x61, 0x8a, 0x60, 0x8a, 0x61, 0x8a,
    0x60, 0x8a, 0x20, 0x7a, 0x21, 0x41, 0x8b, 0x32, 0xb6, 0x24, 0x95, 0x24,
    0x96, 0x2c, 0x76, 0x24, 0x95, 0x24, 0x95, 0x2c, 0x95, 0x24, 0x96, 0x2c,
    0x96, 0x24, 0x95, 0x2c, 0x96, 0x2c, 0x96, 0x24, 0x96, 0x2c, 0x96, 0x24,
    0x75, 0x24, 0x75, 0x24, 0x75, 0x24, 0x76, 0x24, 0x75, 0x24, 0x75, 0x24,
    0x75, 0x24, 0x75, 0x24, 0x76, 0x24, 0x75, 0x24, 0x75, 0x24, 0x76, 0x24,
    0xd1, 0x2b, 0x01, 0x41, 0xc0, 0x61, 0x81, 0x92, 0x81, 0x8a, 0x80, 0x8a,
    0x81, 0x92, 0x81, 0x92, 0x80, 0x92, 0x80, 0x8a, 0x81, 0x8a, 0x80, 0x92,
    0x80, 0x8a, 0x60, 0x8a, 0x61, 0x8a, 0x60, 0x8a, 0x81, 0x8a, 0x81, 0x92,
    0x80, 0x92, 0xa1, 0x92, 0x81, 0x92, 0x81, 0x92, 0x80, 0x92, 0x61, 0x8a,
    0x60, 0x8a, 0x60, 0x8a, 0x61, 0x8a, 0x60, 0x8a, 0x60, 0x8a, 0x61, 0x8a,
    0x60, 0x82, 0x61, 0x8a, 0x61, 0x8a, 0x80, 0x8a, 0x81, 0x92, 0x81, 0x92,
    0x80, 0x8a, 0x61, 0x8a, 0x61, 0x8a, 0x60, 0x82, 0x60, 0x82, 0x40, 0x8a,
    0x60, 0x82, 0x61, 0x8a, 0x60, 0x82, 0x61, 0x8a, 0x80, 0x8a, 0x81, 0x8a,
    0x61, 0x92, 0x60, 0x8a, 0x60, 0x8a, 0x60, 0x8a, 0x60, 0x8a, 0x41, 0x82,
    0x60, 0x8a, 0x60, 0x8a, 0x61, 0x8a, 0x61, 0x8a, 0x60, 0x8a, 0x61, 0x82,
    0x40, 0x82, 0x40, 0x82, 0x60, 0x82, 0x40, 0x82, 0x40, 0x8a, 0x60, 0x8a,
    0x61, 0x8a, 0x61, 0x8a, 0x61, 0x8a, 0x80, 0x8a, 0x81, 0x8a, 0x60, 0x82,
    0x40, 0x82, 0x40, 0x8a, 0x40, 0x82, 0x60, 0x82, 0x40, 0x8a, 0x60, 0x8a,
    0x61, 0x8a, 0x61, 0x8a, 0x60, 0x8a, 0x60, 0x8a, 0x60, 0x82, 0x40, 0x82,
    0x40, 0x82, 0x61, 0x82, 0x41, 0x82, 0x40, 0x82, 0x60, 0x82, 0x60, 0x8a,
    0x61, 0x8a, 0x61, 0x8a, 0x60, 0x8a, 0x60, 0x8a, 0x61, 0x82, 0x60, 0x82,
    0x60, 0x8a, 0x40, 0x82, 0x40, 0x82, 0x61, 0x8a, 0x60, 0x8a, 0x60, 0x8a,
    0x60, 0x8a, 0x41, 0x82, 0x40, 0x82, 0x60, 0x82, 0x40, 0x82, 0x60, 0x82,
    0x61, 0x82, 0x60, 0x8a, 0x60, 0x8a, 0x60, 0x8a, 0x60, 0x8a, 0x60, 0x8a,
    0x61, 0x82, 0x60, 0x82, 0x60, 0x8a, 0x60, 0x8a, 0x60, 0x8a, 0x81, 0x8a,
    0x60, 0x8a, 0x60, 0x8a, 0x61, 0x8a, 0x60, 0x8a, 0x60, 0x8a, 0x60, 0x8a,
    0x40, 0x82, 0x41, 0x8a, 0x60, 0x82, 0x40, 0x82, 0x41, 0x82, 0x40, 0x82,
    0x40, 0x82, 0x41, 0x82, 0x61, 0x8a, 0x60, 0x8a, 0x61, 0x8a, 0x60, 0x8a,
    0x60, 0x82, 0x40, 0x82, 0x40, 0x82, 0x40, 0x82, 0x41, 0x82, 0x40, 0x82,
    0x40, 0x82, 0x41, 0x82, 0x40, 0x82, 0x40, 0x82, 0x60, 0x8a, 0x61, 0x8a,
    0x60, 0x8a, 0x60, 0x8a, 0x61, 0x8a, 0x40, 0x82, 0x40, 0x82, 0x40, 0x82,
    0x40, 0x82, 0x41, 0x82, 0x40, 0x82, 0x40, 0x82, 0x60, 0x8a, 0x61, 0x8a,
    0x60, 0x8a, 0x61, 0x8a, 0x60, 0x8a, 0x60, 0x82, 0x41, 0x82, 0x40, 0x82,
    0x41, 0x82, 0x40, 0x82, 0x40, 0x82, 0x40, 0x82, 0x40, 0x82, 0x40, 0x82,
    0x60, 0x8a, 0x61, 0x8a, 0x60, 0x8a, 0x60, 0x8a, 0x61, 0x8a, 0x40, 0x82,
    0x40, 0x82, 0x40, 0x82, 0x40, 0x82, 0x40, 0x82, 0x60, 0x8a, 0x60, 0x8a,
    0x40, 0x82, 0x40, 0x82, 0x40, 0x82, 0x61, 0x82, 0x61, 0x8a, 0x61, 0x8a,
    0x60, 0x8a, 0x81, 0x8a, 0x60, 0x8a, 0x60, 0x8a, 0x61, 0x8a, 0x60, 0x8a,
    0x61, 0x8a, 0x60, 0x8a, 0x60, 0x8a, 0x60, 0x8a, 0x60, 0x82, 0x61, 0x8a,
    0x60, 0x8a, 0x60, 0x8a, 0x60, 0x8a, 0x60, 0x8a, 0x60, 0x8a, 0x61, 0x8a,
    0x61, 0x8a, 0x20, 0x7a, 0x01, 0x41, 0x8a, 0x3a, 0x96, 0x24, 0x95, 0x24,
    0x96, 0x2c, 0x96, 0x24, 0x96, 0x24, 0x96, 0x2c, 0x96, 0x2c, 0x96, 0x24,
    0x95, 0x24, 0x96, 0x2c, 0x96, 0x2c, 0x95, 0x24, 0xb6, 0x2c, 0x96, 0x2c,
    0x75, 0x24, 0x75, 0x24, 0x55, 0x24, 0x76, 0x24, 0x75, 0x1c, 0x75, 0x24,
    0x75, 0x24, 0x75, 0x24, 0x75, 0x24, 0x75, 0x24, 0x55, 0x24, 0x75, 0x24,
    0xd1, 0x2b, 0x22, 0x41, 0x80, 0x59, 0x81, 0x8a, 0x81, 0x8a, 0x81, 0x8a,
    0x81, 0x8a, 0x81, 0x8a, 0x81, 0x8a, 0x80, 0x8a, 0x61, 0x92, 0x61, 0x8a,
    0x60, 0x8a, 0x61, 0x8a, 0x60, 0x8a, 0x60, 0x8a, 0x60, 0x8a, 0x61, 0x8a,
    0x80, 0x8a, 0x60, 0x8a, 0x80, 0x8a, 0x60, 0x8a, 0x60, 0x8a, 0x61, 0x8a,
    0x60, 0x8a, 0x60, 0x8a, 0x60, 0x8a, 0x60, 0x82, 0x60, 0x8a, 0x61, 0x8a,
    0x60, 0x8a, 0x60, 0x82, 0x40, 0x82, 0x60, 0x82, 0x60, 0x82, 0x40, 0x82,
    0x60, 0x82, 0x40, 0x82, 0x40, 0x82, 0x60, 0x82, 0x41, 0x8a, 0x40, 0x82,
    0x40, 0x82, 0x40, 0x82, 0x40, 0x82, 0x40, 0x82, 0x60, 0x8a, 0x40, 0x8a,
    0x60, 0x82, 0x40, 0x82, 0x60, 0x82, 0x60, 0x8a, 0x40, 0x82, 0x61, 0x82,
    0x60, 0x82, 0x40, 0x82, 0x40, 0x82, 0x60, 0x82, 0x40, 0x82, 0x40, 0x82,
    0x40, 0x82, 0x40, 0x82, 0x41, 0x82, 0x40, 0x82, 0x40, 0x8a, 0x40, 0x82,
    0x40, 0x82, 0x60, 0x82, 0x60, 0x82, 0x60, 0x82, 0x60, 0x8a, 0x40, 0x8a,
    0x41, 0x82, 0x61, 0x82, 0x60, 0x8a, 0x40, 0x82, 0x60, 0x82, 0x61, 0x82,
    0x40, 0x82, 0x60, 0x82, 0x60, 0x82, 0x41, 0x82, 0x40, 0x82, 0x40, 0x82,
    0x61, 0x8a, 0x40, 0x82, 0x40, 0x82, 0x40, 0x82, 0x60, 0x82, 0x40, 0x8a,
    0x60, 0x82, 0x60, 0x8a, 0x40, 0x82, 0x60, 0x8a, 0x61, 0x8a, 0x61, 0x82,
    0x40, 0x82, 0x40, 0x82, 0x40, 0x82, 0x40, 0x82, 0x40, 0x82, 0x60, 0x82,
    0x61, 0x82, 0x40, 0x8a, 0x60, 0x8a, 0x40, 0x82, 0x41, 0x82, 0x40, 0x82,
    0x40, 0x82, 0x60, 0x82, 0x41, 0x82, 0x60, 0x82, 0x40, 0x82, 0x40, 0x82,
    0x40, 0x82, 0x40, 0x82, 0x60, 0x82, 0x40, 0x8a, 0x61, 0x82, 0x40, 0x82,
    0x40, 0x8a, 0x61, 0x82, 0x40, 0x82, 0x40, 0x82, 0x40, 0x82, 0x40, 0x82,
    0x40, 0x82, 0x40, 0x82, 0x40, 0x82, 0x40, 0x82, 0x41, 0x82, 0x60, 0x8a,
    0x40, 0x82, 0x40, 0x82, 0x60, 0x82, 0x40, 0x82, 0x40, 0x82, 0x40, 0x82,
    0x41, 0x82, 0x40, 0x8a, 0x60, 0x82, 0x40, 0x82, 0x60, 0x8a, 0x40, 0x82,
    0x40, 0x82, 0x41, 0x82, 0x40, 0x82, 0x40, 0x82, 0x40, 0x82, 0x40, 0x82,
    0x40, 0x82, 0x40, 0x82, 0x40, 0x82, 0x41, 0x82, 0x60, 0x82, 0x40, 0x82,
    0x41, 0x82, 0x40, 0x82, 0x40, 0x82, 0x41, 0x82, 0x40, 0x82, 0x60, 0x8a,
    0x60, 0x82, 0x40, 0x82, 0x40, 0x82, 0x40, 0x82, 0x40, 0x82, 0x40, 0x82,
    0x60, 0x82, 0x40, 0x82, 0x40, 0x82, 0x40, 0x82, 0x40, 0x82, 0x40, 0x82,
    0x40, 0x82, 0x40, 0x82, 0x41, 0x82, 0x40, 0x82, 0x40, 0x82, 0x41, 0x82,
    0x40, 0x82, 0x40, 0x82, 0x41, 0x8a, 0x40, 0x82, 0x60, 0x82, 0x41, 0x82,
    0x40, 0x82, 0x61, 0x8a, 0x40, 0x82, 0x40, 0x82, 0x40, 0x82, 0x40, 0x82,
    0x40, 0x82, 0x60, 0x82, 0x60, 0x82, 0x60, 0x82, 0x60, 0x8a, 0x60, 0x82,
    0x40, 0x82, 0x61, 0x82, 0x40, 0x8a, 0x41, 0x82, 0x60, 0x82, 0x40, 0x82,
    0x41, 0x8a, 0x61, 0x8a, 0x60, 0x8a, 0x60, 0x8a, 0x61, 0x8a, 0x60, 0x8a,
    0x60, 0x8a, 0x00, 0x7a, 0x01, 0x41, 0x69, 0x3a, 0xb6, 0x24, 0x96, 0x2c,
    0x95, 0x24, 0x95, 0x24, 0x96, 0x2c, 0x96, 0x24, 0x96, 0x24, 0x96, 0x2c,
    0x96, 0x24, 0x96, 0x24, 0x95, 0x24, 0x96, 0x2c, 0xb6, 0x24, 0xb6, 0x2c,
    0x75, 0x24, 0x75, 0x24, 0x75, 0x24, 0x75, 0x24, 0x75, 0x24, 0x76, 0x24,
    0x76, 0x24, 0x75, 0x24, 0x75, 0x24, 0x76, 0x24, 0x75, 0x24, 0x75, 0x24,
    0xd2, 0x23, 0x22, 0x41, 0x41, 0x49, 0x40, 0x82, 0x60, 0x8a, 0x81, 0x8a,
    0x60, 0x8a, 0x80, 0x8a, 0x61, 0x8a, 0x60, 0x8a, 0x60, 0x8a, 0x81, 0x8a,
    0x60, 0x8a, 0x60, 0x8a, 0x61, 0x8a, 0x60, 0x8a, 0x60, 0x8a, 0x61, 0x8a,
    0x60, 0x8a, 0x61, 0x8a, 0x60, 0x8a, 0x60, 0x8a, 0x60, 0x8a, 0x60, 0x82,
    0x61, 0x82, 0x60, 0x8a, 0x61, 0x82, 0x61, 0x8a, 0x60, 0x82, 0x60, 0x8a,
    0x60, 0x82, 0x60, 0x8a, 0x40, 0x8a, 0x40, 0x8a, 0x40, 0x82, 0x40, 0x82,
    0x40, 0x8a, 0x40, 0x82, 0x40, 0x82, 0x40, 0x82, 0x41, 0x82, 0x40, 0x82,
    0x40, 0x82, 0x41, 0x82, 0x40, 0x82, 0x40, 0x82, 0x41, 0x82, 0x40, 0x82,
    0x40, 0x82, 0x41, 0x82, 0x40, 0x82, 0x41, 0x82, 0x40, 0x82, 0x40, 0x82,
    0x40, 0x82, 0x41, 0x82, 0x40, 0x82, 0x40, 0x82, 0x40, 0x82, 0x41, 0x82,
    0x40, 0x82, 0x40, 0x82, 0x40, 0x82, 0x40, 0x82, 0x41, 0x82, 0x40, 0x82,
    0x40, 0x82, 0x40, 0x82, 0x40, 0x82, 0x40, 0x82, 0x41, 0x82, 0x40, 0x82,
    0x40, 0x82, 0x40, 0x82, 0x40, 0x82, 0x41, 0x82, 0x40, 0x82, 0x40, 0x82,
    0x40, 0x82, 0x40, 0x82, 0x40, 0x82, 0x41, 0x82, 0x40, 0x82, 0x40, 0x82,
    0x40, 0x82, 0x40, 0x8a, 0x40, 0x82, 0x41, 0x82, 0x40, 0x82, 0x41, 0x82,
    0x40, 0x82, 0x40, 0x82, 0x41, 0x82, 0x60, 0x82, 0x40, 0x82, 0x40, 0x82,
    0x40, 0x82, 0x40, 0x82, 0x40, 0x82, 0x40, 0x82, 0x41, 0x82, 0x40, 0x82,
    0x40, 0x82, 0x40, 0x82, 0x40, 0x82, 0x41, 0x82, 0x40, 0x82, 0x40, 0x8a,
    0x40, 0x82, 0x40, 0x82, 0x41, 0x82, 0x40, 0x82, 0x41, 0x82, 0x41, 0x82,
    0x40, 0x82, 0x40, 0x82, 0x41, 0x82, 0x40, 0x82, 0x40, 0x82, 0x40, 0x82,
    0x40, 0x82, 0x40, 0x82, 0x40, 0x82, 0x40, 0x82, 0x41, 0x82, 0x41, 0x82,
    0x40, 0x82, 0x40, 0x82, 0x40, 0x82, 0x41, 0x82, 0x40, 0x82, 0x40, 0x82,
    0x40, 0x82, 0x40, 0x82, 0x40, 0x82, 0x41, 0x82, 0x40, 0x82, 0x40, 0x82,
    0x40, 0x82, 0x41, 0x82, 0x40, 0x82, 0x41, 0x82, 0x40, 0x82, 0x40, 0x82,
    0x40, 0x82, 0x40, 0x82, 0x40, 0x82, 0x40, 0x82, 0x40, 0x82, 0x40, 0x82,
    0x40, 0x82, 0x40, 0x82, 0x40, 0x82, 0x40, 0x82, 0x40, 0x82, 0x40, 0x82,
    0x40, 0x82, 0x40, 0x82, 0x40, 0x82, 0x40, 0x82, 0x40, 0x82, 0x40, 0x82,
    0x40, 0x82, 0x40, 0x82, 0x40, 0x82, 0x40, 0x82, 0x40, 0x82, 0x40, 0x82,
    0x41, 0x82, 0x40, 0x82, 0x40, 0x82, 0x41, 0x82, 0x40, 0x82, 0x40, 0x82,
    0x40, 0x82, 0x40, 0x82, 0x40, 0x82, 0x40, 0x82, 0x40, 0x82, 0x40, 0x82,
    0x40, 0x82, 0x40, 0x82, 0x41, 0x82, 0x40, 0x82, 0x40, 0x82, 0x40, 0x82,
    0x40, 0x82, 0x40, 0x82, 0x40, 0x82, 0x40, 0x82, 0x40, 0x82, 0x60, 0x82,
    0x40, 0x8a, 0x41, 0x82, 0x41, 0x8a, 0x40, 0x82, 0x40, 0x82, 0x40, 0x82,
    0x40, 0x82, 0x60, 0x82, 0x40, 0x82, 0x40, 0x82, 0x40, 0x8a, 0x40, 0x82,
    0x40, 0x82, 0x60, 0x82, 0x60, 0x82, 0x41, 0x82, 0x60, 0x82, 0x60, 0x8a,
    0x60, 0x8a, 0xc0, 0x69, 0x01, 0x41, 0x6a, 0x32, 0x96, 0x24, 0x96, 0x2c,
    0x96, 0x2c, 0x95, 0x24, 0x95, 0x2c, 0x95, 0x24, 0x95, 0x24, 0x96, 0x2c,
    0x96, 0x2c, 0xb6, 0x24, 0x96, 0x2c, 0xb6, 0x2c, 0xb6, 0x2c, 0xb6, 0x2c,
    0x75, 0x24, 0x76, 0x24, 0x75, 0x24, 0x75, 0x24, 0x75, 0x24, 0x75, 0x24,
    0x75, 0x24, 0x76, 0x24, 0x75, 0x24, 0x75, 0x24, 0x76, 0x24, 0x75, 0x24,
    0x55, 0x24, 0xe6, 0x39, 0x00, 0x41, 0x80, 0x59, 0x61, 0x8a, 0x60, 0x8a,
    0x61, 0x8a, 0x61, 0x8a, 0x60, 0x8a, 0x60, 0x8a, 0x61, 0x8a, 0x61, 0x8a,
    0x60, 0x8a, 0x60, 0x82, 0x61, 0x82, 0x60, 0x8a, 0x60, 0x8a, 0x60, 0x82,
    0x60, 0x8a, 0x61, 0x82, 0x60, 0x82, 0x61, 0x8a, 0x61, 0x82, 0x60, 0x82,
    0x60, 0x8a, 0x40, 0x82, 0x61, 0x82, 0x60, 0x8a, 0x61, 0x82, 0x40, 0x82,
    0x40, 0x82, 0x61, 0x82, 0x41, 0x82, 0x60, 0x82, 0x41, 0x82, 0x41, 0x82,
    0x60, 0x82, 0x41, 0x82, 0x40, 0x82, 0x40, 0x82, 0x40, 0x82, 0x40, 0x82,
    0x41, 0x82, 0x40, 0x82, 0x40, 0x8a, 0x61, 0x82, 0x40, 0x82, 0x40, 0x82,
    0x40, 0x82, 0x40, 0x82, 0x40, 0x82, 0x40, 0x8a, 0x41, 0x82, 0x40, 0x82,
    0x40, 0x8a, 0x40, 0x82, 0x40, 0x82, 0x40, 0x82, 0x41, 0x82, 0x40, 0x82,
    0x40, 0x82, 0x41, 0x82, 0x40, 0x82, 0x40, 0x82, 0x41, 0x82, 0x40, 0x82,
    0x40, 0x82, 0x41, 0x82, 0x40, 0x82, 0x40, 0x82, 0x40, 0x82, 0x40, 0x82,
    0x40, 0x82, 0x40, 0x82, 0x40, 0x82, 0x40, 0x82, 0x40, 0x8a, 0x40, 0x82,
    0x40, 0x82, 0x40, 0x82, 0x41, 0x82, 0x40, 0x82, 0x40, 0x82, 0x40, 0x82,
    0x40, 0x82, 0x40, 0x82, 0x40, 0x82, 0x40, 0x82, 0x41, 0x82, 0x40, 0x82,
    0x40, 0x82, 0x40, 0x82, 0x40, 0x82, 0x40, 0x82, 0x40, 0x82, 0x40, 0x82,
    0x41, 0x82, 0x40, 0x82, 0x40, 0x82, 0x41, 0x82, 0x40, 0x82, 0x40, 0x82,
    0x40, 0x82, 0x41, 0x82, 0x40, 0x82, 0x40, 0x82, 0x40, 0x82, 0x40, 0x82,
    0x40, 0x82, 0x40, 0x82, 0x40, 0x82, 0x40, 0x82, 0x40, 0x82, 0x40, 0x82,
    0x40, 0x82, 0x40, 0x82, 0x40, 0x82, 0x40, 0x82, 0x40, 0x82, 0x40, 0x82,
    0x60, 0x82, 0x40, 0x82, 0x40, 0x82, 0x40, 0x82, 0x40, 0x82, 0x40, 0x82,
    0x40, 0x82, 0x41, 0x82, 0x40, 0x82, 0x40, 0x82, 0x40, 0x82, 0x40, 0x82,
    0x20, 0x82, 0x41, 0x82, 0x40, 0x82, 0x40, 0x82, 0x41, 0x82, 0x40, 0x82,
    0x40, 0x82, 0x40, 0x82, 0x40, 0x82, 0x40, 0x82, 0x40, 0x82, 0x40, 0x82,
    0x40, 0x82, 0x40, 0x82, 0x40, 0x82, 0x40, 0x82, 0x41, 0x82, 0x40, 0x82,
    0x40, 0x82, 0x21, 0x82, 0x40, 0x82, 0x40, 0x82, 0x40, 0x82, 0x41, 0x82,
    0x40, 0x82, 0x40, 0x82, 0x40, 0x82, 0x40, 0x82, 0x41, 0x82, 0x40, 0x82,
    0x20, 0x82, 0x41, 0x82, 0x40, 0x82, 0x40, 0x82, 0x40, 0x82, 0x20, 0x82,
    0x40, 0x82, 0x20, 0x82, 0x20, 0x82, 0x40, 0x82, 0x40, 0x82, 0x40, 0x82,
    0x41, 0x82, 0x40, 0x82, 0x40, 0x82, 0x40, 0x82, 0x40, 0x82, 0x40, 0x82,
    0x40, 0x82, 0x40, 0x82, 0x40, 0x82, 0x41, 0x82, 0x40, 0x82, 0x40, 0x82,
    0x41, 0x82, 0x40, 0x82, 0x41, 0x82, 0x41, 0x82, 0x40, 0x82, 0x41, 0x82,
    0x40, 0x82, 0x40, 0x82, 0x40, 0x82, 0x40, 0x82, 0x41, 0x82, 0x41, 0x82,
    0x40, 0x82, 0x40, 0x82, 0x41, 0x82, 0x40, 0x82, 0x60, 0x82, 0x41, 0x82,
    0x40, 0x82, 0x40, 0x82, 0x40, 0x82, 0x40, 0x8a, 0x40, 0x82, 0x40, 0x82,
    0x20, 0x7a, 0x20, 0x49, 0x02, 0x41, 0x4f, 0x33, 0xb6, 0x24, 0x95, 0x2c,
    0x96, 0x24, 0x96, 0x24, 0x95, 0x2c, 0x96, 0x24, 0x96, 0x24, 0x95, 0x2c,
    0xb6, 0x24, 0xb5, 0x2c, 0x95, 0x24, 0x96, 0x2c, 0xb6, 0x2c, 0xb5, 0x2c,
    0x75, 0x24, 0x75, 0x24, 0x76, 0x24, 0x75, 0x24, 0x76, 0x24, 0x75, 0x24,
    0x75, 0x24, 0x75, 0x24, 0x75, 0x24, 0x75, 0x24, 0x75, 0x24, 0x75, 0x24,
    0x95, 0x24, 0x70, 0x33, 0x02, 0x41, 0x00, 0x41, 0xc0, 0x69, 0x81, 0x92,
    0x61, 0x8a, 0x60, 0x8a, 0x61, 0x8a, 0x60, 0x8a, 0x60, 0x82, 0x40, 0x8a,
    0x61, 0x8a, 0x60, 0x82, 0x41, 0x82, 0x40, 0x82, 0x40, 0x82, 0x41, 0x82,
    0x40, 0x82, 0x40, 0x82, 0x40, 0x82, 0x40, 0x82, 0x40, 0x82, 0x40, 0x82,
    0x40, 0x82, 0x40, 0x82, 0x40, 0x82, 0x40, 0x82, 0x40, 0x82, 0x40, 0x82,
    0x41, 0x8a, 0x40, 0x82, 0x40, 0x82, 0x40, 0x82, 0x40, 0x82, 0x40, 0x82,
    0x40, 0x82, 0x40, 0x82, 0x40, 0x82, 0x40, 0x82, 0x40, 0x82, 0x41, 0x82,
    0x40, 0x82, 0x40, 0x82, 0x40, 0x82, 0x40, 0x82, 0x40, 0x82, 0x40, 0x82,
    0x40, 0x82, 0x40, 0x82, 0x40, 0x82, 0x40, 0x82, 0x40, 0x82, 0x40, 0x82,
    0x41, 0x82, 0x40, 0x82, 0x40, 0x82, 0x40, 0x82, 0x40, 0x82, 0x40, 0x82,
    0x40, 0x82, 0x40, 0x82, 0x40, 0x82, 0x40, 0x82, 0x20, 0x82, 0x40, 0x82,
    0x40, 0x82, 0x40, 0x82, 0x40, 0x82, 0x40, 0x82, 0x40, 0x82, 0x20, 0x82,
    0x40, 0x82, 0x40, 0x82, 0x40, 0x82, 0x40, 0x82, 0x41, 0x82, 0x40, 0x82,
    0x40, 0x82, 0x40, 0x82, 0x40, 0x82, 0x40, 0x82, 0x40, 0x82, 0x40, 0x82,
    0x21, 0x82, 0x40, 0x82, 0x40, 0x82, 0x40, 0x82, 0x40, 0x82, 0x40, 0x82,
    0x40, 0x82, 0x40, 0x82, 0x40, 0x82, 0x40, 0x82, 0x40, 0x82, 0x40, 0x82,
    0x40, 0x82, 0x40, 0x82, 0x20, 0x82, 0x40, 0x82, 0x40, 0x82, 0x40, 0x82,
    0x40, 0x82, 0x40, 0x82, 0x40, 0x82, 0x40, 0x82, 0x40, 0x82, 0x40, 0x82,
    0x21, 0x82, 0x20, 0x82, 0x20, 0x82, 0x40, 0x82, 0x40, 0x82, 0x40, 0x82,
    0x40, 0x82, 0x20, 0x82, 0x40, 0x82, 0x40, 0x82, 0x40, 0x82, 0x40, 0x82,
    0x21, 0x82, 0x41, 0x82, 0x40, 0x82, 0x20, 0x82, 0x20, 0x82, 0x40, 0x82,
    0x20, 0x82, 0x20, 0x82, 0x40, 0x82, 0x40, 0x82, 0x20, 0x82, 0x40, 0x82,
    0x20, 0x82, 0x20, 0x82, 0x20, 0x82, 0x20, 0x7a, 0x40, 0x82, 0x20, 0x82,
    0x40, 0x82, 0x40, 0x82, 0x20, 0x7a, 0x20, 0x82, 0x40, 0x82, 0x21, 0x82,
    0x20, 0x82, 0x40, 0x82, 0x20, 0x82, 0x20, 0x7a, 0x20, 0x82, 0x40, 0x82,
    0x20, 0x7a, 0x20, 0x82, 0x40, 0x82, 0x20, 0x7a, 0x40, 0x82, 0x20, 0x82,
    0x40, 0x82, 0x40, 0x82, 0x20, 0x82, 0x40, 0x82, 0x40, 0x82, 0x40, 0x82,
    0x20, 0x7a, 0x20, 0x82, 0x20, 0x82, 0x20, 0x82, 0x21, 0x82, 0x20, 0x82,
    0x40, 0x82, 0x40, 0x82, 0x20, 0x7a, 0x40, 0x82, 0x20, 0x82, 0x20, 0x7a,
    0x41, 0x82, 0x40, 0x82, 0x20, 0x7a, 0x21, 0x82, 0x40, 0x82, 0x20, 0x82,
    0x41, 0x7a, 0x40, 0x82, 0x20, 0x82, 0x40, 0x82, 0x40, 0x82, 0x40, 0x82,
    0x20, 0x82, 0x40, 0x82, 0x20, 0x82, 0x20, 0x82, 0x40, 0x82, 0x40, 0x82,
    0x40, 0x82, 0x40, 0x82, 0x40, 0x82, 0x40, 0x82, 0x40, 0x82, 0x40, 0x82,
    0x40, 0x82, 0x40, 0x82, 0x40, 0x82, 0x40, 0x82, 0x40, 0x82, 0x40, 0x82,
    0x40, 0x82, 0x40, 0x82, 0x41, 0x82, 0x40, 0x82, 0x40, 0x82, 0x41, 0x82,
    0x40, 0x49, 0x00, 0x41, 0xc6, 0x39, 0x54, 0x2c, 0x95, 0x24, 0x95, 0x24,
    0x96, 0x2c, 0x95, 0x2c, 0x96, 0x24, 0x96, 0x24, 0xb6, 0x2c, 0xb6, 0x2c,
    0x96, 0x2c, 0xb6, 0x24, 0xb6, 0x24, 0xb6, 0x2c, 0xb6, 0x2c, 0xb6, 0x34,
    0x75, 0x24, 0x75, 0x24, 0x75, 0x24, 0x75, 0x24, 0x75, 0x24, 0x76, 0x24,
    0x75, 0x24, 0x75, 0x24, 0x96, 0x24, 0x76, 0x24, 0x75, 0x24, 0x75, 0x24,
    0x75, 0x24, 0x75, 0x24, 0x4a, 0x3a, 0x01, 0x41, 0x00, 0x41, 0xa0, 0x61,
    0x40, 0x7a, 0x20, 0x7a, 0x20, 0x82, 0x40, 0x82, 0x20, 0x7a, 0x40, 0x82,
    0x21, 0x82, 0x20, 0x7a, 0x20, 0x82, 0x20, 0x7a, 0x21, 0x7a, 0x20, 0x82,
    0x20, 0x82, 0x40, 0x82, 0x20, 0x82, 0x40, 0x82, 0x20, 0x82, 0x21, 0x82,
    0x20, 0x82, 0x20, 0x82, 0x21, 0x82, 0x20, 0x7a, 0x20, 0x7a, 0x20, 0x82,
    0x20, 0x7a, 0x20, 0x7a, 0x20, 0x82, 0x20, 0x82, 0x20, 0x7a, 0x20, 0x82,
    0x20, 0x7a, 0x20, 0x7a, 0x20, 0x82, 0x21, 0x7a, 0x20, 0x7a, 0x20, 0x7a,
    0x20, 0x7a, 0x20, 0x7a, 0x20, 0x7a, 0x20, 0x7a, 0x20, 0x7a, 0x21, 0x7a,
    0x20, 0x7a, 0x20, 0x7a, 0x01, 0x7a, 0x20, 0x7a, 0x20, 0x7a, 0x20, 0x7a,
    0x20, 0x7a, 0x20, 0x7a, 0x21, 0x7a, 0x20, 0x7a, 0x20, 0x7a, 0x20, 0x7a,
    0x20, 0x7a, 0x00, 0x7a, 0x20, 0x7a, 0x00, 0x7a, 0x20, 0x7a, 0x00, 0x7a,
    0x00, 0x7a, 0x20, 0x7a, 0x00, 0x7a, 0x20, 0x7a, 0x21, 0x7a, 0x21, 0x7a,
    0x20, 0x7a, 0x20, 0x7a, 0x21, 0x7a, 0x00, 0x7a, 0x00, 0x7a, 0x21, 0x7a,
    0x00, 0x7a, 0x20, 0x7a, 0x21, 0x7a, 0x20, 0x7a, 0x20, 0x7a, 0x20, 0x7a,
    0x00, 0x7a, 0x00, 0x7a, 0x20, 0x7a, 0x00, 0x7a, 0x20, 0x7a, 0x20, 0x7a,
    0x21, 0x7a, 0x20, 0x7a, 0x00, 0x7a, 0x21, 0x7a, 0x20, 0x7a, 0x20, 0x7a,
    0x00, 0x7a, 0x20, 0x7a, 0x00, 0x7a, 0x20, 0x7a, 0x20, 0x7a, 0x00, 0x7a,
    0x00, 0x7a, 0x20, 0x7a, 0x20, 0x7a, 0x20, 0x7a, 0x20, 0x7a, 0x00, 0x7a,
    0x20, 0x7a, 0x00, 0x7a, 0x00, 0x72, 0x20, 0x7a, 0x20, 0x7a, 0x21, 0x7a,
    0x20, 0x7a, 0x00, 0x7a, 0x21, 0x7a, 0x20, 0x7a, 0x20, 0x7a, 0x20, 0x7a,
    0x00, 0x7a, 0x00, 0x7a, 0x20, 0x7a, 0x00, 0x7a, 0x00, 0x7a, 0x20, 0x7a,
    0x20, 0x7a, 0x20, 0x7a, 0x20, 0x7a, 0x00, 0x7a, 0x00, 0x7a, 0x01, 0x7a,
    0x00, 0x7a, 0x20, 0x7a, 0x20, 0x72, 0x00, 0x7a, 0x20, 0x7a, 0x00, 0x7a,
    0x20, 0x7a, 0x20, 0x72, 0x00, 0x7a, 0x00, 0x7a, 0x20, 0x7a, 0x00, 0x7a,
    0x20, 0x7a, 0x21, 0x7a, 0x00, 0x7a, 0x00, 0x72, 0x20, 0x7a, 0x00, 0x7a,
    0x20, 0x72, 0x20, 0x7a, 0x00, 0x7a, 0x20, 0x7a, 0x00, 0x7a, 0x00, 0x7a,
    0x00, 0x7a, 0x20, 0x7a, 0x00, 0x72, 0x00, 0x72, 0x00, 0x7a, 0x20, 0x7a,
    0x20, 0x7a, 0x00, 0x7a, 0x20, 0x7a, 0x20, 0x72, 0x20, 0x72, 0x00, 0x7a,
    0x20, 0x7a, 0x00, 0x7a, 0x01, 0x72, 0x00, 0x7a, 0x00, 0x7a, 0x20, 0x7a,
    0x00, 0x7a, 0x00, 0x7a, 0x20, 0x7a, 0x00, 0x72, 0x00, 0x7a, 0x00, 0x7a,
    0x00, 0x7a, 0x20, 0x7a, 0x20, 0x7a, 0x20, 0x7a, 0x20, 0x7a, 0x20, 0x7a,
    0x00, 0x7a, 0x20, 0x7a, 0x20, 0x7a, 0x20, 0x7a, 0x20, 0x7a, 0x00, 0x7a,
    0x00, 0x7a, 0x20, 0x7a, 0x20, 0x7a, 0x20, 0x7a, 0x00, 0x7a, 0x20, 0x7a,
    0x20, 0x7a, 0x20, 0x7a, 0x20, 0x7a, 0x20, 0x7a, 0x20, 0x7a, 0x20, 0x7a,
    0x20, 0x7a, 0x20, 0x7a, 0x21, 0x7a, 0x20, 0x7a, 0x00, 0x72, 0x40, 0x49,
    0x01, 0x41, 0x23, 0x41, 0xb1, 0x2b, 0x96, 0x24, 0x76, 0x2c, 0x95, 0x2c,
    0x96, 0x2c, 0x96, 0x24, 0x95, 0x2c, 0xb6, 0x2c, 0x95, 0x24, 0x96, 0x24,
    0xb6, 0x2c, 0x96, 0x2c, 0xb6, 0x2c, 0xb6, 0x2c, 0xb5, 0x2c, 0x16, 0x45,
    0x75, 0x24, 0x76, 0x24, 0x75, 0x24, 0x75, 0x24, 0x75, 0x24, 0x75, 0x24,
    0x76, 0x24, 0x75, 0x24, 0x96, 0x24, 0x75, 0x24, 0x75, 0x24, 0x96, 0x24,
    0x75, 0x24, 0x75, 0x24, 0x34, 0x2c, 0x85, 0x39, 0x00, 0x41, 0x20, 0x41,
    0x00, 0x41, 0x00, 0x41, 0x20, 0x41, 0x00, 0x41, 0x00, 0x41, 0x00, 0x41,
    0x20, 0x41, 0x20, 0x41, 0x20, 0x41, 0x00, 0x41, 0x00, 0x41, 0x20, 0x41,
    0x00, 0x41, 0x00, 0x41, 0x00, 0x41, 0x00, 0x41, 0x00, 0x41, 0x20, 0x41,
    0x00, 0x41, 0x00, 0x41, 0x20, 0x41, 0x00, 0x41, 0x00, 0x41, 0x20, 0x41,
    0x00, 0x41, 0x00, 0x41, 0x00, 0x41, 0x00, 0x41, 0x00, 0x41, 0x00, 0x41,
    0x00, 0x41, 0x00, 0x41, 0x00, 0x41, 0x00, 0x41, 0x00, 0x41, 0x00, 0x41,
    0x00, 0x41, 0x00, 0x41, 0x00, 0x41, 0x00, 0x41, 0x00, 0x41, 0x00, 0x41,
    0x00, 0x41, 0x00, 0x41, 0x00, 0x39, 0x00, 0x39, 0x00, 0x41, 0x00, 0x41,
    0x00, 0x39, 0x00, 0x41, 0x00, 0x41, 0x00, 0x41, 0x00, 0x39, 0x00, 0x41,
    0x00, 0x39, 0xe0, 0x38, 0x00, 0x41, 0x00, 0x41, 0x00, 0x39, 0x00, 0x41,
    0x00, 0x39, 0x00, 0x41, 0x00, 0x41, 0x00, 0x41, 0x00, 0x41, 0x00, 0x41,
    0x00, 0x39, 0x00, 0x41, 0x00, 0x39, 0x00, 0x39, 0x00, 0x41, 0x00, 0x41,
    0x00, 0x39, 0x00, 0x41, 0x00, 0x41, 0xe0, 0x40, 0x00, 0x39, 0x00, 0x39,
    0x00, 0x41, 0x00, 0x41, 0x00, 0x39, 0x00, 0x41, 0x00, 0x41, 0x00, 0x41,
    0x00, 0x41, 0x00, 0x41, 0x00, 0x41, 0x00, 0x41, 0x00, 0x41, 0x00, 0x41,
    0x00, 0x41, 0x00, 0x41, 0x00, 0x41, 0x00, 0x41, 0x00, 0x39, 0x00, 0x41,
    0x00, 0x41, 0x00, 0x41, 0x00, 0x39, 0x00, 0x41, 0x00, 0x41, 0x00, 0x39,
    0x00, 0x39, 0x00, 0x41, 0x00, 0x39, 0x00, 0x41, 0x00, 0x41, 0x00, 0x41,
    0x00, 0x39, 0x00, 0x41, 0x00, 0x41, 0x00, 0x41, 0x00, 0x41, 0x00, 0x41,
    0x00, 0x41, 0x00, 0x41, 0x00, 0x39, 0x00, 0x39, 0x00, 0x41, 0x00, 0x39,
    0x00, 0x39, 0x00, 0x41, 0x00, 0x41, 0x00, 0x39, 0x00, 0x41, 0x00, 0x39,
    0x00, 0x41, 0x00, 0x39, 0x00, 0x39, 0x00, 0x41, 0x00, 0x39, 0x00, 0x39,
    0x00, 0x41, 0x00, 0x41, 0x20, 0x41, 0x00, 0x41, 0x00, 0x41, 0x00, 0x39,
    0x00, 0x39, 0x00, 0x41, 0x00, 0x41, 0x00, 0x41, 0x00, 0x39, 0x00, 0x41,
    0x00, 0x41, 0x00, 0x41, 0x00, 0x41, 0x00, 0x39, 0x00, 0x39, 0x00, 0x41,
    0x01, 0x39, 0x00, 0x39, 0x00, 0x41, 0x00, 0x39, 0x00, 0x41, 0x00, 0x39,
    0x00, 0x41, 0x00, 0x41, 0x00, 0x41, 0x00, 0x41, 0x00, 0x39, 0x00, 0x41,
    0x00, 0x41, 0x00, 0x39, 0x00, 0x41, 0x00, 0x39, 0x00, 0x39, 0x00, 0x39,
    0x00, 0x41, 0x00, 0x39, 0x00, 0x41, 0x00, 0x39, 0x00, 0x39, 0x00, 0x39,
    0x00, 0x41, 0x00, 0x39, 0x00, 0x39, 0x00, 0x41, 0x00, 0x41, 0x00, 0x41,
    0x00, 0x41, 0x00, 0x41, 0x00, 0x41, 0x00, 0x41, 0x00, 0x41, 0x00, 0x41,
    0x00, 0x41, 0x00, 0x41, 0x00, 0x41, 0x00, 0x41, 0x00, 0x39, 0x00, 0x39,
    0x00, 0x41, 0x00, 0x41, 0x00, 0x41, 0x00, 0x41, 0x00, 0x41, 0x01, 0x41,
    0x00, 0x41, 0x00, 0x41, 0x00, 0x41, 0x20, 0x41, 0x00, 0x41, 0x20, 0x41,
    0xe1, 0x40, 0x0d, 0x33, 0x96, 0x24, 0x75, 0x24, 0x95, 0x24, 0x96, 0x24,
    0x95, 0x2c, 0xb6, 0x2c, 0x95, 0x24, 0x96, 0x2c, 0x95, 0x2c, 0x96, 0x24,
    0xb5, 0x2c, 0xb6, 0x2c, 0xb6, 0x2c, 0xb6, 0x2c, 0xd6, 0x34, 0x16, 0x4d,
    0x75, 0x24, 0x75, 0x24, 0x96, 0x24, 0x75, 0x24, 0x75, 0x2c, 0x75, 0x24,
    0x95, 0x24, 0x95, 0x24, 0x75, 0x24, 0x75, 0x24, 0x75, 0x24, 0x76, 0x24,
    0x75, 0x24, 0x75, 0x24, 0x95, 0x24, 0xb1, 0x33, 0x44, 0x41, 0x00, 0x49,
    0x20, 0x49, 0x20, 0x41, 0x20, 0x41, 0x20, 0x41, 0x20, 0x41, 0x00, 0x41,
    0x20, 0x41, 0x00, 0x41, 0x20, 0x49, 0x20, 0x41, 0x00, 0x41, 0x00, 0x41,
    0x20, 0x41, 0x21, 0x41, 0x20, 0x41, 0x20, 0x41, 0x20, 0x41, 0x00, 0x41,
    0x20, 0x41, 0x00, 0x41, 0x00, 0x41, 0x20, 0x41, 0x20, 0x41, 0x00, 0x41,
    0x00, 0x41, 0x00, 0x41, 0x00, 0x41, 0x00, 0x41, 0x20, 0x41, 0x01, 0x41,
    0x00, 0x41, 0x00, 0x41, 0x20, 0x41, 0x00, 0x41, 0x00, 0x41, 0x20, 0x41,
    0x00, 0x41, 0x00, 0x41, 0x00, 0x41, 0x00, 0x41, 0x00, 0x41, 0x00, 0x41,
    0x00, 0x41, 0x00, 0x41, 0x00, 0x41, 0x00, 0x41, 0x00, 0x41, 0x00, 0x41,
    0x00, 0x41, 0x00, 0x41, 0x00, 0x41, 0x00, 0x41, 0x00, 0x41, 0x00, 0x41,
    0x00, 0x41, 0x01, 0x41, 0x00, 0x41, 0x00, 0x41, 0x00, 0x41, 0x00, 0x41,
    0x00, 0x41, 0x01, 0x41, 0x00, 0x41, 0x00, 0x41, 0x00, 0x41, 0x00, 0x41,
    0xe0, 0x40, 0x00, 0x41, 0x00, 0x41, 0x00, 0x41, 0x00, 0x41, 0x00, 0x41,
    0x00, 0x41, 0x00, 0x41, 0x00, 0x41, 0x00, 0x41, 0x00, 0x41, 0x00, 0x41,
    0x01, 0x41, 0x00, 0x41, 0x00, 0x41, 0x00, 0x41, 0x00, 0x41, 0x00, 0x41,
    0x00, 0x41, 0x00, 0x41, 0x00, 0x41, 0x00, 0x41, 0x00, 0x41, 0x00, 0x41,
    0x00, 0x41, 0x01, 0x41, 0x00, 0x41, 0x00, 0x41, 0x00, 0x41, 0x00, 0x41,
    0x00, 0x41, 0x00, 0x41, 0x01, 0x41, 0x00, 0x41, 0x00, 0x41, 0x00, 0x41,
    0x00, 0x41, 0x00, 0x41, 0x01, 0x41, 0x00, 0x41, 0x00, 0x41, 0x00, 0x41,
    0x00, 0x41, 0x00, 0x41, 0x00, 0x41, 0x00, 0x41, 0x00, 0x41, 0x00, 0x41,
    0x20, 0x41, 0x00, 0x41, 0x00, 0x41, 0x01, 0x41, 0x00, 0x41, 0x00, 0x41,
    0x00, 0x41, 0x00, 0x41, 0x01, 0x41, 0x00, 0x41, 0x20, 0x41, 0x00, 0x41,
    0x00, 0x41, 0x00, 0x41, 0x00, 0x41, 0x00, 0x41, 0x00, 0x41, 0x20, 0x41,
    0x00, 0x41, 0x01, 0x41, 0x00, 0x41, 0x00, 0x41, 0x21, 0x41, 0x00, 0x41,
    0x00, 0x41, 0x00, 0x41, 0x00, 0x41, 0x00, 0x41, 0x00, 0x41, 0x00, 0x41,
    0x01, 0x41, 0x00, 0x41, 0x00, 0x41, 0x01, 0x41, 0x00, 0x41, 0x00, 0x41,
    0x00, 0x41, 0x00, 0x41, 0x00, 0x41, 0x01, 0x41, 0x00, 0x41, 0x00, 0x41,
    0x01, 0x41, 0x00, 0x41, 0x00, 0x41, 0x00, 0x41, 0x00, 0x41, 0x00, 0x41,
    0x00, 0x41, 0x00, 0x41, 0x00, 0x41, 0x00, 0x41, 0x00, 0x41, 0x00, 0x41,
    0x00, 0x41, 0x00, 0x41, 0x00, 0x41, 0x00, 0x41, 0x00, 0x41, 0x00, 0x41,
    0x00, 0x41, 0x00, 0x41, 0x00, 0x41, 0x00, 0x41, 0x00, 0x41, 0x00, 0x41,
    0x20, 0x41, 0x00, 0x41, 0x00, 0x41, 0x00, 0x41, 0x00, 0x41, 0x00, 0x41,
    0x01, 0x41, 0x20, 0x41, 0x00, 0x41, 0x01, 0x41, 0x00, 0x41, 0x00, 0x41,
    0x00, 0x41, 0x00, 0x41, 0x01, 0x41, 0x00, 0x41, 0x00, 0x41, 0x00, 0x41,
    0x00, 0x41, 0x00, 0x41, 0x20, 0x41, 0x20, 0x41, 0x00, 0x41, 0xe1, 0x40,
    0x6a, 0x3a, 0x75, 0x24, 0x75, 0x24, 0x95, 0x2c, 0x96, 0x24, 0x96, 0x24,
    0x95, 0x2c, 0x96, 0x24, 0xb6, 0x2c, 0xb5, 0x24, 0x96, 0x2c, 0xb6, 0x2c,
    0xb6, 0x2c, 0xb6, 0x24, 0xb5, 0x2c, 0xb6, 0x34, 0x16, 0x45, 0x36, 0x55,
    0x95, 0x24, 0x75, 0x24, 0x75, 0x2c, 0x96, 0x24, 0x76, 0x24, 0x75, 0x2c,
    0x75, 0x24, 0x76, 0x24, 0x76, 0x2c, 0x95, 0x2c, 0x75, 0x24, 0x95, 0x24,
    0x75, 0x24, 0x75, 0x24, 0x75, 0x24, 0x75, 0x24, 0xb1, 0x2b, 0xa6, 0x39,
    0x65, 0x41, 0x65, 0x41, 0x65, 0x41, 0x65, 0x41, 0x65, 0x41, 0x65, 0x41,
    0x64, 0x41, 0x65, 0x41, 0x65, 0x39, 0x65, 0x41, 0x45, 0x41, 0x64, 0x41,
    0x64, 0x39, 0x65, 0x39, 0x65, 0x39, 0x44, 0x39, 0x44, 0x41, 0x65, 0x39,
    0x65, 0x39, 0x65, 0x39, 0x65, 0x39, 0x65, 0x39, 0x64, 0x41, 0x65, 0x39,
    0x65, 0x39, 0x65, 0x39, 0x65, 0x39, 0x65, 0x39, 0x65, 0x39, 0x65, 0x39,
    0x65, 0x39, 0x65, 0x39, 0x65, 0x39, 0x65, 0x39, 0x65, 0x39, 0x65, 0x39,
    0x65, 0x39, 0x65, 0x39, 0x65, 0x39, 0x65, 0x39, 0x65, 0x39, 0x65, 0x39,
    0x65, 0x39, 0x65, 0x39, 0x65, 0x39, 0x65, 0x39, 0x65, 0x39, 0x65, 0x39,
    0x65, 0x39, 0x65, 0x39, 0x65, 0x39, 0x65, 0x39, 0x65, 0x39, 0x65, 0x39,
    0x64, 0x39, 0x65, 0x39, 0x65, 0x39, 0x64, 0x39, 0x65, 0x39, 0x65, 0x39,
    0x65, 0x39, 0x64, 0x39, 0x65, 0x39, 0x65, 0x39, 0x65, 0x39, 0x64, 0x39,
    0x65, 0x39, 0x65, 0x39, 0x65, 0x39, 0x65, 0x39, 0x65, 0x39, 0x64, 0x39,
    0x65, 0x39, 0x65, 0x39, 0x65, 0x39, 0x65, 0x39, 0x65, 0x39, 0x65, 0x39,
    0x65, 0x39, 0x65, 0x39, 0x65, 0x39, 0x65, 0x39, 0x65, 0x39, 0x65, 0x39,
    0x65, 0x39, 0x65, 0x39, 0x65, 0x39, 0x65, 0x39, 0x65, 0x39, 0x64, 0x39,
    0x65, 0x39, 0x65, 0x39, 0x64, 0x39, 0x65, 0x39, 0x65, 0x39, 0x65, 0x39,
    0x65, 0x39, 0x65, 0x39, 0x65, 0x39, 0x65, 0x39, 0x65, 0x39, 0x65, 0x39,
    0x65, 0x39, 0x85, 0x39, 0x65, 0x39, 0x65, 0x39, 0x85, 0x39, 0x65, 0x39,
    0x65, 0x39, 0x65, 0x39, 0x65, 0x39, 0x65, 0x39, 0x65, 0x39, 0x65, 0x39,
    0x65, 0x39, 0x65, 0x39, 0x65, 0x39, 0x65, 0x39, 0x65, 0x39, 0x65, 0x39,
    0x65, 0x39, 0x65, 0x39, 0x64, 0x39, 0x65, 0x39, 0x64, 0x39, 0x65, 0x39,
    0x65, 0x39, 0x65, 0x39, 0x65, 0x39, 0x65, 0x39, 0x65, 0x39, 0x65, 0x39,
    0x65, 0x39, 0x65, 0x39, 0x65, 0x39, 0x65, 0x39, 0x65, 0x39, 0x64, 0x39,
    0x65, 0x39, 0x65, 0x39, 0x65, 0x39, 0x65, 0x39, 0x65, 0x39, 0x64, 0x39,
    0x65, 0x39, 0x65, 0x39, 0x65, 0x39, 0x65, 0x39, 0x65, 0x39, 0x64, 0x39,
    0x65, 0x39, 0x65, 0x39, 0x65, 0x39, 0x64, 0x39, 0x65, 0x39, 0x65, 0x39,
    0x65, 0x39, 0x64, 0x39, 0x65, 0x39, 0x65, 0x39, 0x65, 0x39, 0x65, 0x39,
    0x65, 0x39, 0x65, 0x39, 0x65, 0x39, 0x65, 0x39, 0x65, 0x39, 0x65, 0x39,
    0x65, 0x39, 0x65, 0x39, 0x65, 0x39, 0x65, 0x39, 0x65, 0x39, 0x65, 0x39,
    0x65, 0x39, 0x65, 0x39, 0x65, 0x39, 0x65, 0x39, 0x65, 0x39, 0x65, 0x39,
    0x65, 0x39, 0x64, 0x39, 0x65, 0x39, 0x65, 0x39, 0x65, 0x39, 0x65, 0x39,
    0x65, 0x39, 0x64, 0x39, 0x65, 0x39, 0x65, 0x39, 0x65, 0x39, 0x65, 0x39,
    0x65, 0x39, 0x65, 0x39, 0x65, 0x39, 0x64, 0x39, 0x65, 0x39, 0x85, 0x41,
    0x65, 0x41, 0x65, 0x41, 0x65, 0x41, 0x64, 0x41, 0x64, 0x41, 0x8b, 0x3a,
    0x96, 0x24, 0x95, 0x24, 0x96, 0x2c, 0x96, 0x2c, 0x95, 0x2c, 0x96, 0x2c,
    0x96, 0x24, 0xb5, 0x2c, 0x96, 0x2c, 0x96, 0x2c, 0xb6, 0x24, 0xb6, 0x2c,
    0x96, 0x2c, 0xb6, 0x2c, 0xb6, 0x2c, 0xd6, 0x34, 0x16, 0x4d, 0x56, 0x5d,
    0x76, 0x24, 0x95, 0x2c, 0x75, 0x24, 0x75, 0x24, 0x75, 0x24, 0x76, 0x24,
    0x95, 0x24, 0x96, 0x24, 0x95, 0x24, 0x96, 0x24, 0x96, 0x24, 0x75, 0x24,
    0x96, 0x2c, 0x75, 0x24, 0x96, 0x24, 0x75, 0x24, 0x76, 0x24, 0x96, 0x24,
    0x76, 0x24, 0x76, 0x24, 0x96, 0x24, 0x96, 0x24, 0x96, 0x24, 0x96, 0x24,
    0x96, 0x24, 0x96, 0x24, 0x76, 0x24, 0x96, 0x24, 0x96, 0x24, 0x96, 0x24,
    0x96, 0x24, 0x96, 0x24, 0x96, 0x24, 0x96, 0x24, 0x96, 0x24, 0x96, 0x24,
    0x96, 0x24, 0x95, 0x24, 0x76, 0x24, 0x96, 0x24, 0x96, 0x24, 0x96, 0x24,
    0x96, 0x24, 0x96, 0x24, 0x96, 0x24, 0x96, 0x24, 0x96, 0x1c, 0x96, 0x24,
    0x96, 0x24, 0x96, 0x24, 0x96, 0x24, 0x96, 0x24, 0x96, 0x24, 0x96, 0x24,
    0x96, 0x24, 0x96, 0x24, 0x96, 0x24, 0x96, 0x24, 0x96, 0x24, 0x96, 0x24,
    0x96, 0x24, 0x96, 0x24, 0x96, 0x24, 0x96, 0x24, 0x96, 0x24, 0x96, 0x24,
    0x96, 0x1c, 0x96, 0x24, 0x96, 0x24, 0x96, 0x1c, 0x96, 0x1c, 0x96, 0x24,
    0x96, 0x24, 0x96, 0x24, 0x96, 0x24, 0x76, 0x1c, 0x96, 0x24, 0x96, 0x24,
    0x96, 0x24, 0x96, 0x24, 0x96, 0x1c, 0x96, 0x24, 0x96, 0x24, 0x96, 0x1c,
    0x96, 0x24, 0x96, 0x24, 0x96, 0x24, 0x96, 0x1c, 0x96, 0x24, 0x96, 0x24,
    0x96, 0x24, 0x96, 0x24, 0x96, 0x24, 0x96, 0x24, 0x96, 0x24, 0x96, 0x1c,
    0x96, 0x24, 0x96, 0x24, 0x96, 0x24, 0x96, 0x24, 0x96, 0x24, 0x96, 0x24,
    0x96, 0x24, 0x96, 0x24, 0x96, 0x24, 0x96, 0x24, 0x96, 0x24, 0x96, 0x1c,
    0x96, 0x24, 0x96, 0x24, 0x96, 0x24, 0x96, 0x24, 0x96, 0x24, 0x96, 0x24,
    0x96, 0x24, 0x96, 0x24, 0x96, 0x24, 0x96, 0x24, 0x96, 0x24, 0x96, 0x24,
    0x96, 0x24, 0x96, 0x24, 0x96, 0x24, 0x96, 0x1c, 0x96, 0x24, 0x96, 0x1c,
    0x96, 0x24, 0x96, 0x24, 0x96, 0x24, 0x96, 0x24, 0xb6, 0x24, 0x96, 0x24,
    0x96, 0x24, 0x96, 0x24, 0xb6, 0x24, 0xb6, 0x24, 0x96, 0x24, 0x96, 0x24,
    0x96, 0x24, 0x96, 0x24, 0x96, 0x24, 0x96, 0x24, 0x96, 0x24, 0x96, 0x24,
    0x96, 0x24, 0x96, 0x24, 0x96, 0x24, 0x96, 0x24, 0x96, 0x24, 0x96, 0x24,
    0x96, 0x24, 0x96, 0x24, 0x96, 0x24, 0x96, 0x24, 0x96, 0x24, 0x96, 0x24,
    0x96, 0x24, 0x96, 0x24, 0x96, 0x24, 0x96, 0x24, 0x96, 0x24, 0x96, 0x24,
    0x96, 0x24, 0x96, 0x24, 0x96, 0x24, 0x96, 0x24, 0x96, 0x24, 0x96, 0x24,
    0x96, 0x24, 0x96, 0x24, 0x96, 0x24, 0x96, 0x24, 0x96, 0x24, 0x96, 0x24,
    0x96, 0x24, 0x96, 0x24, 0x96, 0x24, 0x96, 0x24, 0x96, 0x24, 0x96, 0x24,
    0x96, 0x24, 0x96, 0x24, 0x96, 0x24, 0x96, 0x24, 0x96, 0x24, 0xb6, 0x24,
    0x96, 0x24, 0x96, 0x24, 0x96, 0x24, 0xb6, 0x24, 0xb6, 0x24, 0xb6, 0x24,
    0x96, 0x24, 0x96, 0x24, 0xb6, 0x24, 0x96, 0x24, 0x96, 0x24, 0x96, 0x24,
    0x96, 0x24, 0x96, 0x24, 0x96, 0x24, 0x96, 0x24, 0xb6, 0x24, 0xb6, 0x24,
    0x96, 0x24, 0x96, 0x24, 0xb6, 0x24, 0x96, 0x24, 0x96, 0x24, 0x96, 0x24,
    0xb6, 0x24, 0x96, 0x24, 0xb6, 0x24, 0x96, 0x24, 0x96, 0x24, 0xb6, 0x24,
    0x96, 0x24, 0xb6, 0x24, 0x96, 0x24, 0x96, 0x24, 0x96, 0x24, 0xb6, 0x24,
    0x96, 0x2c, 0x96, 0x2c, 0x96, 0x24, 0x96, 0x2c, 0x95, 0x24, 0x96, 0x24,
    0x96, 0x2c, 0xb6, 0x24, 0x96, 0x24, 0x95, 0x2c, 0x96, 0x24, 0xb5, 0x2c,
    0x96, 0x24, 0xb6, 0x2c, 0xb6, 0x2c, 0xf6, 0x3c, 0x36, 0x4d, 0x56, 0x5d,
    0x75, 0x24, 0x75, 0x24, 0x76, 0x24, 0x75, 0x24, 0x95, 0x2c, 0x96, 0x24,
    0x75, 0x24, 0x75, 0x2c, 0x75, 0x24, 0x75, 0x24, 0x75, 0x2c, 0x76, 0x24,
    0x75, 0x24, 0x75, 0x2c, 0x75, 0x24, 0x75, 0x24, 0x95, 0x2c, 0x75, 0x24,
    0x75, 0x24, 0x75, 0x24, 0x75, 0x24, 0x75, 0x24, 0x75, 0x24, 0x75, 0x24,
    0x75, 0x24, 0x75, 0x24, 0x75, 0x24, 0x75, 0x24, 0x75, 0x24, 0x75, 0x24,
    0x75, 0x24, 0x75, 0x24, 0x75, 0x24, 0x75, 0x24, 0x75, 0x24, 0x75, 0x24,
    0x75, 0x24, 0x75, 0x24, 0x75, 0x24, 0x75, 0x24, 0x75, 0x24, 0x75, 0x24,
    0x75, 0x24, 0x75, 0x24, 0x75, 0x24, 0x75, 0x24, 0x75, 0x24, 0x75, 0x24,
    0x75, 0x24, 0x75, 0x24, 0x75, 0x24, 0x75, 0x24, 0x75, 0x24, 0x75, 0x24,
    0x75, 0x24, 0x75, 0x24, 0x75, 0x24, 0x75, 0x24, 0x75, 0x24, 0x75, 0x24,
    0x75, 0x24, 0x75, 0x24, 0x75, 0x24, 0x75, 0x24, 0x75, 0x24, 0x75, 0x24,
    0x75, 0x24, 0x75, 0x24, 0x75, 0x24, 0x75, 0x24, 0x75, 0x24, 0x75, 0x24,
    0x75, 0x24, 0x75, 0x24, 0x75, 0x24, 0x75, 0x24, 0x75, 0x24, 0x75, 0x24,
    0x75, 0x24, 0x75, 0x24, 0x75, 0x24, 0x75, 0x24, 0x75, 0x24, 0x75, 0x24,
    0x75, 0x24, 0x75, 0x24, 0x75, 0x24, 0x75, 0x24, 0x75, 0x24, 0x75, 0x24,
    0x75, 0x24, 0x75, 0x24, 0x75, 0x24, 0x95, 0x24, 0x75, 0x24, 0x75, 0x24,
    0x75, 0x24, 0x75, 0x24, 0x75, 0x24, 0x75, 0x24, 0x75, 0x24, 0x75, 0x24,
    0x75, 0x24, 0x75, 0x24, 0x75, 0x24, 0x75, 0x24, 0x75, 0x24, 0x75, 0x24,
    0x75, 0x24, 0x75, 0x24, 0x75, 0x24, 0x75, 0x24, 0x75, 0x24, 0x75, 0x24,
    0x75, 0x24, 0x75, 0x24, 0x75, 0x24, 0x75, 0x24, 0x75, 0x24, 0x75, 0x24,
    0x75, 0x24, 0x75, 0x24, 0x75, 0x24, 0x75, 0x24, 0x75, 0x24, 0x75, 0x24,
    0x75, 0x24, 0x75, 0x24, 0x95, 0x24, 0x95, 0x24, 0x95, 0x24, 0x75, 0x24,
    0x75, 0x24, 0x75, 0x24, 0x95, 0x24, 0x95, 0x24, 0x95, 0x24, 0x95, 0x24,
    0x75, 0x24, 0x75, 0x24, 0x95, 0x24, 0x75, 0x24, 0x75, 0x24, 0x75, 0x24,
    0x75, 0x24, 0x75, 0x24, 0x75, 0x24, 0x75, 0x24, 0x95, 0x24, 0x95, 0x24,
    0x75, 0x24, 0x75, 0x24, 0x75, 0x24, 0x75, 0x24, 0x95, 0x24, 0x95, 0x24,
    0x75, 0x1c, 0x75, 0x24, 0x95, 0x24, 0x75, 0x24, 0x75, 0x24, 0x75, 0x24,
    0x95, 0x24, 0x75, 0x24, 0x75, 0x24, 0x75, 0x24, 0x75, 0x24, 0x75, 0x24,
    0x75, 0x24, 0x95, 0x24, 0x75, 0x24, 0x75, 0x24, 0x75, 0x24, 0x95, 0x24,
    0x75, 0x24, 0x75, 0x24, 0x95, 0x24, 0x75, 0x24, 0x95, 0x24, 0x75, 0x24,
    0x95, 0x24, 0x95, 0x24, 0x95, 0x24, 0x95, 0x24, 0x95, 0x24, 0x95, 0x24,
    0x95, 0x24, 0x75, 0x24, 0x95, 0x24, 0x75, 0x24, 0x75, 0x24, 0x95, 0x24,
    0x75, 0x24, 0x95, 0x24, 0x96, 0x24, 0x95, 0x24, 0x75, 0x24, 0x95, 0x24,
    0x95, 0x24, 0x76, 0x24, 0x95, 0x24, 0x95, 0x24, 0x95, 0x24, 0x95, 0x24,
    0x95, 0x24, 0x95, 0x2c, 0x95, 0x2c, 0x95, 0x24, 0x95, 0x24, 0x95, 0x24,
    0x75, 0x24, 0x95, 0x24, 0x95, 0x24, 0x95, 0x24, 0x95, 0x24, 0x95, 0x24,
    0x95, 0x24, 0x95, 0x24, 0x95, 0x24, 0x95, 0x24, 0x95, 0x24, 0x96, 0x24,
    0x96, 0x2c, 0x95, 0x2c, 0x95, 0x24, 0xb6, 0x2c, 0x96, 0x24, 0xb6, 0x2c,
    0xb5, 0x2c, 0x95, 0x24, 0xb6, 0x2c, 0xb6, 0x2c, 0xb6, 0x24, 0x96, 0x2c,
    0xb6, 0x2c, 0xb6, 0x2c, 0xd6, 0x34, 0xf6, 0x44, 0x36, 0x55, 0x56, 0x5d,
    0x95, 0x24, 0x96, 0x2c, 0x96, 0x2c, 0x95, 0x24, 0x96, 0x24, 0x75, 0x24,
    0x96, 0x2c, 0x75, 0x24, 0x96, 0x24, 0x95, 0x2c, 0x75, 0x24, 0x95, 0x24,
    0x95, 0x24, 0x96, 0x2c, 0x95, 0x24, 0x96, 0x2c, 0x95, 0x24, 0x95, 0x24,
    0x95, 0x24, 0x95, 0x24, 0x95, 0x24, 0x75, 0x24, 0x75, 0x24, 0x95, 0x24,
    0x75, 0x24, 0x95, 0x24, 0x95, 0x24, 0x75, 0x24, 0x75, 0x24, 0x95, 0x24,
    0x75, 0x24, 0x75, 0x24, 0x95, 0x24, 0x95, 0x24, 0x75, 0x24, 0x75, 0x24,
    0x75, 0x24, 0x75, 0x24, 0x75, 0x24, 0x75, 0x24, 0x75, 0x24, 0x95, 0x24,
    0x75, 0x24, 0x95, 0x24, 0x75, 0x24, 0x75, 0x24, 0x75, 0x24, 0x75, 0x24,
    0x75, 0x24, 0x75, 0x24, 0x75, 0x24, 0x75, 0x24, 0x95, 0x24, 0x75, 0x24,
    0x75, 0x24, 0x96, 0x24, 0x75, 0x24, 0x75, 0x24, 0x95, 0x24, 0x75, 0x24,
    0x75, 0x24, 0x75, 0x24, 0x75, 0x24, 0x75, 0x24, 0x75, 0x24, 0x75, 0x24,
    0x75, 0x24, 0x75, 0x24, 0x75, 0x24, 0x75, 0x24, 0x75, 0x24, 0x95, 0x24,
    0x95, 0x24, 0x76, 0x24, 0x75, 0x24, 0x95, 0x24, 0x75, 0x24, 0x75, 0x24,
    0x75, 0x24, 0x95, 0x24, 0x95, 0x24, 0x95, 0x24, 0x75, 0x24, 0x95, 0x24,
    0x75, 0x24, 0x75, 0x24, 0x96, 0x24, 0x75, 0x24, 0x75, 0x24, 0x95, 0x24,
    0x95, 0x24, 0x76, 0x24, 0x75, 0x24, 0x95, 0x24, 0x96, 0x24, 0x75, 0x24,
    0x95, 0x24, 0x96, 0x24, 0x95, 0x24, 0x75, 0x24, 0x75, 0x24, 0x95, 0x24,
    0x75, 0x24, 0x75, 0x24, 0x95, 0x24, 0x75, 0x24, 0x95, 0x24, 0x75, 0x24,
    0x95, 0x24, 0x95, 0x24, 0x75, 0x24, 0x75, 0x24, 0x95, 0x24, 0x95, 0x24,
    0x95, 0x24, 0x95, 0x24, 0x75, 0x24, 0x95, 0x24, 0x75, 0x24, 0x75, 0x24,
    0x95, 0x24, 0x95, 0x24, 0x95, 0x24, 0x95, 0x24, 0x95, 0x24, 0x95, 0x24,
    0x95, 0x24, 0x96, 0x24, 0x75, 0x24, 0x95, 0x24, 0x96, 0x24, 0x95, 0x24,
    0x95, 0x24, 0x96, 0x24, 0x75, 0x24, 0x96, 0x24, 0x95, 0x24, 0x96, 0x24,
    0x96, 0x24, 0x95, 0x24, 0x95, 0x24, 0x76, 0x24, 0x96, 0x24, 0x95, 0x24,
    0x96, 0x24, 0x95, 0x24, 0x95, 0x24, 0x76, 0x24, 0x96, 0x24, 0x95, 0x24,
    0x76, 0x24, 0x95, 0x24, 0x95, 0x24, 0x96, 0x24, 0x96, 0x24, 0x95, 0x24,
    0x75, 0x24, 0x96, 0x24, 0x95, 0x24, 0x95, 0x24, 0x95, 0x24, 0x95, 0x24,
    0x75, 0x24, 0x95, 0x24, 0x95, 0x24, 0x95, 0x24, 0x95, 0x24, 0x96, 0x24,
    0x96, 0x24, 0x95, 0x24, 0x96, 0x24, 0x96, 0x24, 0x95, 0x24, 0x96, 0x24,
    0x95, 0x24, 0x96, 0x24, 0x96, 0x24, 0x96, 0x24, 0x95, 0x24, 0x95, 0x24,
    0x96, 0x24, 0x96, 0x24, 0x95, 0x24, 0x95, 0x24, 0x96, 0x24, 0x95, 0x24,
    0x96, 0x24, 0x96, 0x24, 0x95, 0x24, 0x96, 0x24, 0x96, 0x24, 0x96, 0x24,
    0x96, 0x24, 0x95, 0x24, 0x96, 0x24, 0x96, 0x24, 0x96, 0x24, 0x96, 0x24,
    0x95, 0x24, 0x96, 0x2c, 0x96, 0x24, 0x95, 0x24, 0x96, 0x2c, 0x96, 0x2c,
    0x96, 0x24, 0x96, 0x24, 0x96, 0x2c, 0x96, 0x24, 0x96, 0x2c, 0x95, 0x24,
    0x96, 0x24, 0x96, 0x2c, 0x95, 0x24, 0x96, 0x24, 0x96, 0x24, 0x95, 0x24,
    0x96, 0x24, 0x96, 0x24, 0x96, 0x2c, 0x96, 0x2c, 0x96, 0x24, 0x95, 0x24,
    0xb5, 0x2c, 0x96, 0x24, 0xb5, 0x2c, 0xb6, 0x2c, 0xb6, 0x2c, 0xb6, 0x2c,
    0x96, 0x2c, 0xb6, 0x2c, 0x96, 0x24, 0xb6, 0x2c, 0xb6, 0x2c, 0xb5, 0x2c,
    0xb6, 0x2c, 0xb6, 0x2c, 0xd5, 0x34, 0xf6, 0x44, 0x36, 0x55, 0x56, 0x5d,
    0x95, 0x24, 0x96, 0x2c, 0x75, 0x24, 0x75, 0x2c, 0x75, 0x24, 0x96, 0x2c,
    0x75, 0x24, 0x95, 0x24, 0x96, 0x2c, 0x96, 0x24, 0x95, 0x24, 0x75, 0x24,
    0x76, 0x2c, 0x96, 0x24, 0x75, 0x24, 0x96, 0x24, 0x96, 0x2c, 0x95, 0x24,
    0x96, 0x24, 0x76, 0x24, 0x75, 0x24, 0x95, 0x24, 0x96, 0x24, 0x75, 0x24,
    0x75, 0x24, 0x96, 0x24, 0x95, 0x24, 0x95, 0x24, 0x76, 0x24, 0x96, 0x24,
    0x95, 0x24, 0x96, 0x24, 0x76, 0x24, 0x95, 0x24, 0x75, 0x24, 0x96, 0x24,
    0x95, 0x24, 0x75, 0x24, 0x95, 0x24, 0x96, 0x24, 0x95, 0x24, 0x76, 0x24,
    0x95, 0x24, 0x75, 0x24, 0x75, 0x24, 0x95, 0x24, 0x75, 0x24, 0x75, 0x24,
    0x95, 0x24, 0x75, 0x24, 0x75, 0x24, 0x95, 0x24, 0x76, 0x24, 0x75, 0x24,
    0x96, 0x24, 0x95, 0x24, 0x76, 0x24, 0x76, 0x24, 0x95, 0x24, 0x96, 0x24,
    0x96, 0x24, 0x96, 0x24, 0x95, 0x24, 0x96, 0x24, 0x95, 0x24, 0x75, 0x24,
    0x96, 0x24, 0x95, 0x24, 0x96, 0x24, 0x96, 0x24, 0x95, 0x24, 0x76, 0x24,
    0x96, 0x24, 0x95, 0x24, 0x96, 0x24, 0x75, 0x24, 0x96, 0x24, 0x76, 0x24,
    0x95, 0x24, 0x96, 0x24, 0x76, 0x24, 0x75, 0x24, 0x96, 0x24, 0x76, 0x24,
    0x96, 0x24, 0x95, 0x24, 0x96, 0x24, 0x75, 0x24, 0x95, 0x24, 0x96, 0x24,
    0x96, 0x24, 0x95, 0x24, 0x75, 0x24, 0x96, 0x24, 0x96, 0x24, 0x75, 0x24,
    0x76, 0x24, 0x95, 0x24, 0x96, 0x24, 0x75, 0x24, 0x96, 0x24, 0x96, 0x24,
    0x95, 0x24, 0x96, 0x24, 0x76, 0x24, 0x95, 0x24, 0x76, 0x24, 0x96, 0x24,
    0x96, 0x24, 0x96, 0x24, 0x76, 0x24, 0x96, 0x24, 0x95, 0x24, 0x96, 0x24,
    0x96, 0x24, 0x96, 0x24, 0x75, 0x24, 0x96, 0x24, 0x96, 0x24, 0x95, 0x24,
    0x76, 0x24, 0x96, 0x24, 0x96, 0x24, 0x96, 0x24, 0x95, 0x24, 0x76, 0x24,
    0x95, 0x24, 0x96, 0x24, 0x76, 0x24, 0x96, 0x24, 0x75, 0x24, 0x95, 0x24,
    0x96, 0x24, 0x96, 0x24, 0x96, 0x24, 0x75, 0x24, 0x95, 0x24, 0x96, 0x24,
    0x96, 0x24, 0x95, 0x24, 0x76, 0x24, 0x75, 0x24, 0x96, 0x24, 0x96, 0x24,
    0x95, 0x24, 0x96, 0x24, 0x96, 0x24, 0x95, 0x24, 0x96, 0x24, 0x96, 0x24,
    0x95, 0x24, 0x75, 0x24, 0x96, 0x24, 0x75, 0x24, 0x95, 0x24, 0x96, 0x24,
    0x96, 0x24, 0x96, 0x24, 0x95, 0x24, 0x76, 0x24, 0x96, 0x24, 0x96, 0x24,
    0x96, 0x24, 0x96, 0x24, 0x96, 0x24, 0x96, 0x24, 0x95, 0x24, 0x96, 0x24,
    0x95, 0x24, 0x95, 0x24, 0x96, 0x24, 0x96, 0x24, 0x95, 0x2c, 0x95, 0x24,
    0x96, 0x24, 0x95, 0x24, 0x95, 0x24, 0x96, 0x24, 0x96, 0x24, 0x75, 0x24,
    0x96, 0x24, 0x76, 0x24, 0x95, 0x24, 0x76, 0x24, 0x96, 0x24, 0x96, 0x24,
    0x75, 0x2c, 0x96, 0x24, 0x96, 0x24, 0x95, 0x2c, 0x96, 0x24, 0x96, 0x2c,
    0x96, 0x24, 0x95, 0x2c, 0x95, 0x24, 0x96, 0x2c, 0x95, 0x24, 0x95, 0x24,
    0x96, 0x2c, 0x95, 0x24, 0x96, 0x24, 0x95, 0x2c, 0x96, 0x24, 0x95, 0x24,
    0x96, 0x2c, 0x95, 0x2c, 0x95, 0x24, 0x96, 0x24, 0x95, 0x2c, 0x95, 0x24,
    0x96, 0x2c, 0x96, 0x2c, 0x95, 0x2c, 0x96, 0x24, 0x96, 0x2c, 0x96, 0x2c,
    0x95, 0x24, 0x95, 0x24, 0x96, 0x24, 0xb6, 0x24, 0x96, 0x2c, 0xb6, 0x2c,
    0xb6, 0x2c, 0x96, 0x2c, 0x96, 0x2c, 0x95, 0x24, 0x96, 0x2c, 0xb5, 0x2c,
    0x96, 0x2c, 0xb5, 0x24, 0xb6, 0x2c, 0xb6, 0x2c, 0xb6, 0x2c, 0xb6, 0x24,
    0xb6, 0x2c, 0xb6, 0x2c, 0xd6, 0x34, 0x16, 0x4d, 0x56, 0x55, 0x56, 0x5d,
    0x95, 0x2c, 0x75, 0x24, 0x95, 0x24, 0x95, 0x24, 0x96, 0x2c, 0x75, 0x24,
    0x75, 0x24, 0x95, 0x24, 0x75, 0x24, 0x96, 0x2c, 0x95, 0x24, 0x75, 0x24,
    0x95, 0x2c, 0x75, 0x2c, 0x75, 0x24, 0x95, 0x24, 0x95, 0x2c, 0x75, 0x24,
    0x75, 0x2c, 0x95, 0x2c, 0x95, 0x24, 0x95, 0x24, 0x96, 0x2c, 0x76, 0x2c,
    0x95, 0x2c, 0x75, 0x24, 0x95, 0x2c, 0x95, 0x2c, 0x75, 0x24, 0x75, 0x2c,
    0x75, 0x2c, 0x95, 0x24, 0x75, 0x2c, 0x75, 0x2c, 0x95, 0x2c, 0x75, 0x2c,
    0x95, 0x24, 0x75, 0x2c, 0x76, 0x24, 0x75, 0x24, 0x96, 0x24, 0x75, 0x2c,
    0x95, 0x24, 0x76, 0x24, 0x95, 0x2c, 0x95, 0x24, 0x76, 0x24, 0x95, 0x2c,
    0x95, 0x24, 0x96, 0x24, 0x95, 0x24, 0x75, 0x24, 0x95, 0x24, 0x75, 0x24,
    0x95, 0x24, 0x75, 0x24, 0x76, 0x24, 0x95, 0x24, 0x75, 0x24, 0x75, 0x24,
    0x75, 0x24, 0x75, 0x24, 0x75, 0x24, 0x95, 0x24, 0x95, 0x24, 0x76, 0x24,
    0x95, 0x24, 0x95, 0x24, 0x95, 0x24, 0x95, 0x24, 0x95, 0x24, 0x75, 0x24,
    0x95, 0x24, 0x75, 0x24, 0x75, 0x24, 0x96, 0x24, 0x75, 0x24, 0x75, 0x24,
    0x75, 0x24, 0x95, 0x24, 0x95, 0x24, 0x96, 0x24, 0x75, 0x24, 0x95, 0x24,
    0x95, 0x24, 0x95, 0x24, 0x95, 0x24, 0x76, 0x24, 0x75, 0x24, 0x75, 0x24,
    0x75, 0x24, 0x95, 0x24, 0x75, 0x24, 0x75, 0x24, 0x95, 0x24, 0x76, 0x24,
    0x75, 0x24, 0x75, 0x24, 0x95, 0x24, 0x76, 0x24, 0x95, 0x24, 0x75, 0x24,
    0x95, 0x24, 0x96, 0x24, 0x96, 0x24, 0x95, 0x24, 0x96, 0x24, 0x95, 0x24,
    0x95, 0x24, 0x96, 0x24, 0x95, 0x24, 0x95, 0x24, 0x95, 0x24, 0x75, 0x24,
    0x96, 0x24, 0x95, 0x24, 0x95, 0x24, 0x95, 0x24, 0x96, 0x24, 0x96, 0x24,
    0x75, 0x24, 0x95, 0x24, 0x76, 0x24, 0x75, 0x24, 0x95, 0x2c, 0x96, 0x24,
    0x95, 0x24, 0x95, 0x24, 0x95, 0x24, 0x75, 0x24, 0x76, 0x24, 0x75, 0x24,
    0x95, 0x24, 0x95, 0x24, 0x95, 0x24, 0x75, 0x24, 0x96, 0x24, 0x95, 0x24,
    0x75, 0x24, 0x95, 0x24, 0x95, 0x24, 0x75, 0x24, 0x95, 0x24, 0x96, 0x24,
    0x75, 0x24, 0x75, 0x24, 0x95, 0x24, 0x95, 0x24, 0x75, 0x24, 0x95, 0x24,
    0x95, 0x24, 0x75, 0x24, 0x96, 0x24, 0x96, 0x24, 0x75, 0x24, 0x95, 0x24,
    0x95, 0x2c, 0x75, 0x24, 0x95, 0x24, 0x95, 0x24, 0x96, 0x24, 0x95, 0x24,
    0x95, 0x24, 0x76, 0x24, 0x95, 0x24, 0x95, 0x2c, 0x75, 0x24, 0x95, 0x2c,
    0x96, 0x2c, 0x75, 0x2c, 0x95, 0x2c, 0x95, 0x24, 0x75, 0x24, 0x96, 0x2c,
    0x75, 0x24, 0x95, 0x24, 0x95, 0x24, 0x95, 0x2c, 0x75, 0x24, 0x95, 0x24,
    0x95, 0x2c, 0x75, 0x24, 0x75, 0x24, 0x95, 0x24, 0x95, 0x2c, 0x95, 0x24,
    0x95, 0x2c, 0x95, 0x24, 0x96, 0x24, 0x95, 0x2c, 0x95, 0x24, 0x95, 0x24,
    0x96, 0x2c, 0x95, 0x2c, 0x96, 0x2c, 0x95, 0x2c, 0x75, 0x2c, 0x96, 0x24,
    0x96, 0x2c, 0x95, 0x2c, 0x95, 0x24, 0x95, 0x2c, 0x96, 0x2c, 0x95, 0x24,
    0x95, 0x2c, 0x96, 0x2c, 0x96, 0x24, 0x96, 0x2c, 0x95, 0x2c, 0x96, 0x24,
    0x96, 0x2c, 0x95, 0x24, 0x95, 0x24, 0x95, 0x2c, 0x95, 0x2c, 0x96, 0x2c,
    0xb5, 0x24, 0x95, 0x2c, 0x95, 0x24, 0x96, 0x24, 0xb5, 0x24, 0x95, 0x2c,
    0xb6, 0x2c, 0xb5, 0x2c, 0xb6, 0x2c, 0xb6, 0x2c, 0xb6, 0x24, 0xb5, 0x2c,
    0x96, 0x2c, 0xb6, 0x2c, 0x95, 0x2c, 0xb6, 0x2c, 0xb6, 0x2c, 0xb6, 0x2c,
    0xb6, 0x2c, 0xb6, 0x2c, 0xf6, 0x3c, 0x16, 0x4d, 0x36, 0x55, 0x56, 0x5d,
    0x95, 0x24, 0x75, 0x2c, 0x75, 0x24, 0x96, 0x24, 0x95, 0x2c, 0x95, 0x2c,
    0x96, 0x24, 0x76, 0x2c, 0x75, 0x24, 0x95, 0x2c, 0x75, 0x24, 0x96, 0x2c,
    0x95, 0x24, 0x95, 0x2c, 0x75, 0x24, 0x96, 0x2c, 0xb6, 0x24, 0x96, 0x2c,
    0x96, 0x24, 0xb6, 0x2c, 0x96, 0x2c, 0x96, 0x24, 0x96, 0x2c, 0xb6, 0x24,
    0x96, 0x24, 0x96, 0x2c, 0xb6, 0x2c, 0x96, 0x24, 0x96, 0x24, 0x96, 0x24,
    0x96, 0x2c, 0x96, 0x24, 0x96, 0x24, 0xb6, 0x2c, 0x96, 0x24, 0x96, 0x24,
    0x96, 0x2c, 0x96, 0x24, 0xb6, 0x2c, 0xb6, 0x24, 0x96, 0x24, 0xb6, 0x2c,
    0x96, 0x2c, 0xb6, 0x24, 0x96, 0x24, 0x96, 0x2c, 0x96, 0x24, 0x96, 0x24,
    0x96, 0x24, 0x96, 0x2c, 0x96, 0x24, 0x96, 0x24, 0x96, 0x24, 0x96, 0x24,
    0x96, 0x24, 0x96, 0x24, 0x96, 0x24, 0x96, 0x24, 0xb6, 0x24, 0x96, 0x24,
    0x95, 0x24, 0x96, 0x24, 0x96, 0x24, 0x96, 0x24, 0x96, 0x24, 0x96, 0x24,
    0x96, 0x24, 0xb6, 0x24, 0x96, 0x24, 0x96, 0x24, 0x96, 0x24, 0x96, 0x24,
    0x96, 0x24, 0xb6, 0x24, 0x96, 0x24, 0xb6, 0x24, 0xb6, 0x24, 0x96, 0x24,
    0x96, 0x24, 0x96, 0x24, 0x96, 0x2c, 0x96, 0x24, 0xb6, 0x24, 0x96, 0x24,
    0x96, 0x24, 0x96, 0x24, 0x96, 0x24, 0x96, 0x24, 0x96, 0x24, 0x96, 0x2c,
    0xb6, 0x24, 0x96, 0x24, 0x96, 0x24, 0x96, 0x24, 0xb6, 0x24, 0xb6, 0x2c,
    0x96, 0x24, 0x96, 0x24, 0xb6, 0x2c, 0xb6, 0x24, 0x96, 0x24, 0x96, 0x2c,
    0x96, 0x24, 0x96, 0x24, 0x96, 0x2c, 0xb6, 0x24, 0xb6, 0x24, 0x96, 0x24,
    0x96, 0x2c, 0xb6, 0x24, 0x96, 0x2c, 0x96, 0x2c, 0x96, 0x24, 0x96, 0x24,
    0x96, 0x24, 0x96, 0x24, 0x96, 0x24, 0x96, 0x24, 0x96, 0x24, 0x96, 0x24,
    0xb6, 0x24, 0x96, 0x24, 0x96, 0x24, 0x96, 0x24, 0x96, 0x2c, 0x96, 0x24,
    0x96, 0x2c, 0x96, 0x24, 0xb6, 0x24, 0xb6, 0x2c, 0xb6, 0x24, 0x96, 0x24,
    0x96, 0x24, 0xb6, 0x24, 0xb6, 0x2c, 0x96, 0x24, 0x96, 0x24, 0xb6, 0x2c,
    0x96, 0x24, 0x96, 0x2c, 0xb6, 0x24, 0x96, 0x24, 0x96, 0x24, 0xb6, 0x24,
    0x96, 0x24, 0xb6, 0x2c, 0x96, 0x2c, 0x96, 0x2c, 0x96, 0x24, 0x96, 0x2c,
    0x96, 0x2c, 0x96, 0x24, 0xb6, 0x2c, 0xb6, 0x24, 0xb6, 0x24, 0x96, 0x2c,
    0xb6, 0x24, 0xb6, 0x2c, 0xb6, 0x24, 0xb6, 0x2c, 0xb6, 0x2c, 0xb6, 0x24,
    0xb6, 0x2c, 0x96, 0x2c, 0x96, 0x2c, 0xb6, 0x24, 0xb6, 0x2c, 0x96, 0x2c,
    0xb6, 0x24, 0xb6, 0x2c, 0x96, 0x24, 0x96, 0x24, 0xb6, 0x2c, 0xb6, 0x24,
    0xb6, 0x24, 0x96, 0x24, 0xb6, 0x2c, 0x96, 0x24, 0xb6, 0x24, 0xb6, 0x2c,
    0xb6, 0x24, 0xb6, 0x24, 0xb6, 0x2c, 0xb6, 0x2c, 0xb6, 0x24, 0xb6, 0x2c,
    0x96, 0x24, 0xb6, 0x24, 0xb6, 0x2c, 0x96, 0x2c, 0xb6, 0x24, 0xb6, 0x24,
    0xb6, 0x24, 0xb6, 0x24, 0xb6, 0x24, 0xb6, 0x24, 0x96, 0x2c, 0xb6, 0x2c,
    0xb6, 0x24, 0xb6, 0x2c, 0xb6, 0x24, 0xb6, 0x24, 0xb6, 0x2c, 0x96, 0x24,
    0xb6, 0x24, 0xb6, 0x24, 0xb6, 0x24, 0xb6, 0x2c, 0xb6, 0x24, 0xb6, 0x2c,
    0xb6, 0x2c, 0xb6, 0x24, 0xb6, 0x2c, 0xb6, 0x2c, 0xb6, 0x24, 0xb6, 0x24,
    0xb6, 0x2c, 0xb6, 0x2c, 0xd6, 0x2c, 0xb6, 0x2c, 0xb6, 0x2c, 0xb6, 0x2c,
    0xb6, 0x24, 0x96, 0x2c, 0xb6, 0x2c, 0xb6, 0x2c, 0xb6, 0x2c, 0xb6, 0x2c,
    0xb5, 0x2c, 0xb6, 0x2c, 0xb6, 0x2c, 0xb6, 0x2c, 0xb6, 0x2c, 0xb5, 0x2c,
    0xb6, 0x2c, 0xd6, 0x2c, 0xd6, 0x3c, 0x36, 0x4d, 0x56, 0x55, 0x56, 0x5d,
    0x95, 0x24, 0x96, 0x2c, 0x95, 0x2c, 0x95, 0x2c, 0x96, 0x2c, 0x95, 0x24,
    0x95, 0x2c, 0x96, 0x24, 0x95, 0x24, 0x95, 0x24, 0x95, 0x2c, 0x96, 0x24,
    0x96, 0x24, 0x95, 0x2c, 0x96, 0x2c, 0x34, 0x2c, 0x29, 0x3a, 0x43, 0x41,
    0x23, 0x39, 0x23, 0x39, 0x23, 0x41, 0x23, 0x39, 0x23, 0x39, 0x23, 0x41,
    0x23, 0x41, 0x23, 0x41, 0x43, 0x41, 0x23, 0x41, 0x23, 0x41, 0x23, 0x41,
    0x23, 0x41, 0x43, 0x41, 0x43, 0x39, 0x23, 0x41, 0x43, 0x41, 0x43, 0x39,
    0x23, 0x39, 0x23, 0x41, 0x23, 0x39, 0x23, 0x41, 0x23, 0x39, 0x23, 0x41,
    0x23, 0x39, 0x23, 0x41, 0x43, 0x41, 0x43, 0x41, 0x23, 0x41, 0x23, 0x41,
    0x23, 0x39, 0x23, 0x39, 0x23, 0x41, 0x23, 0x41, 0x23, 0x41, 0x23, 0x41,
    0x23, 0x41, 0x43, 0x39, 0x23, 0x39, 0x23, 0x41, 0x23, 0x41, 0x23, 0x41,
    0x23, 0x41, 0x23, 0x41, 0x23, 0x41, 0x23, 0x41, 0x23, 0x41, 0x23, 0x41,
    0x23, 0x41, 0x23, 0x39, 0x23, 0x39, 0x23, 0x41, 0x23, 0x39, 0x23, 0x41,
    0x23, 0x39, 0x23, 0x41, 0x23, 0x39, 0x23, 0x39, 0x23, 0x39, 0x23, 0x41,
    0x23, 0x39, 0x23, 0x39, 0x23, 0x41, 0x23, 0x41, 0x23, 0x39, 0x23, 0x41,
    0x23, 0x41, 0x23, 0x39, 0x23, 0x41, 0x23, 0x41, 0x23, 0x39, 0x23, 0x39,
    0x23, 0x41, 0x23, 0x39, 0x23, 0x39, 0x23, 0x41, 0x23, 0x39, 0x23, 0x41,
    0x23, 0x41, 0x23, 0x39, 0x23, 0x41, 0x23, 0x41, 0x23, 0x39, 0x23, 0x39,
    0x23, 0x39, 0x23, 0x41, 0x23, 0x39, 0x23, 0x41, 0x23, 0x41, 0x23, 0x39,
    0x23, 0x39, 0x23, 0x39, 0x23, 0x39, 0x23, 0x39, 0x23, 0x41, 0x03, 0x39,
    0x23, 0x41, 0x23, 0x39, 0x23, 0x39, 0x23, 0x41, 0x23, 0x39, 0x23, 0x41,
    0x23, 0x41, 0x23, 0x41, 0x23, 0x39, 0x23, 0x39, 0x23, 0x39, 0x23, 0x39,
    0x23, 0x41, 0x23, 0x39, 0x23, 0x39, 0x23, 0x41, 0x23, 0x39, 0x23, 0x39,
    0x23, 0x41, 0x23, 0x39, 0x23, 0x39, 0x23, 0x39, 0x23, 0x39, 0x23, 0x39,
    0x23, 0x39, 0x23, 0x39, 0x23, 0x39, 0x23, 0x41, 0x23, 0x41, 0x23, 0x41,
    0x23, 0x39, 0x23, 0x39, 0x23, 0x39, 0x23, 0x39, 0x23, 0x41, 0x23, 0x41,
    0x23, 0x39, 0x43, 0x39, 0x23, 0x39, 0x23, 0x41, 0x23, 0x39, 0x23, 0x39,
    0x23, 0x39, 0x23, 0x39, 0x23, 0x39, 0x23, 0x41, 0x23, 0x39, 0x23, 0x39,
    0x23, 0x39, 0x23, 0x39, 0x23, 0x39, 0x23, 0x39, 0x23, 0x41, 0x23, 0x39,
    0x23, 0x39, 0x23, 0x39, 0x23, 0x39, 0x23, 0x41, 0x23, 0x39, 0x23, 0x41,
    0x23, 0x41, 0x23, 0x41, 0x23, 0x41, 0x23, 0x39, 0x24, 0x39, 0x23, 0x41,
    0x23, 0x41, 0x23, 0x41, 0x23, 0x39, 0x23, 0x39, 0x23, 0x39, 0x24, 0x39,
    0x23, 0x41, 0x23, 0x39, 0x23, 0x39, 0x23, 0x39, 0x23, 0x39, 0x23, 0x41,
    0x23, 0x41, 0x23, 0x39, 0x23, 0x39, 0x23, 0x41, 0x23, 0x39, 0x23, 0x39,
    0x23, 0x39, 0x23, 0x39, 0x23, 0x41, 0x23, 0x39, 0x23, 0x39, 0x43, 0x41,
    0x23, 0x41, 0x23, 0x41, 0x43, 0x41, 0x23, 0x41, 0x23, 0x39, 0x43, 0x41,
    0x23, 0x41, 0x23, 0x41, 0x23, 0x39, 0x43, 0x39, 0x23, 0x41, 0x24, 0x41,
    0x43, 0x41, 0x43, 0x39, 0x44, 0x39, 0x43, 0x41, 0x23, 0x41, 0x23, 0x41,
    0x4a, 0x3a, 0x75, 0x24, 0x95, 0x2c, 0xb5, 0x2c, 0x95, 0x2c, 0xb6, 0x2c,
    0xb6, 0x2c, 0x95, 0x24, 0xb6, 0x2c, 0xb6, 0x2c, 0xb6, 0x2c, 0xd6, 0x2c,
    0xb6, 0x2c, 0xb6, 0x2c, 0xd6, 0x34, 0x16, 0x4d, 0x56, 0x55, 0x56, 0x5d,
    0x95, 0x2c, 0x75, 0x24, 0x95, 0x2c, 0x95, 0x24, 0x96, 0x2c, 0x95, 0x24,
    0x95, 0x2c, 0x95, 0x2c, 0x95, 0x24, 0x95, 0x2c, 0x96, 0x2c, 0x75, 0x24,
    0x95, 0x2c, 0x96, 0x2c, 0x34, 0x2c, 0xa5, 0x41, 0x00, 0x41, 0xe1, 0x69,
    0xc1, 0x92, 0xc1, 0x92, 0xc1, 0x92, 0xc1, 0x92, 0xa1, 0x92, 0xa1, 0x92,
    0xa1, 0x8a, 0xa1, 0x8a, 0xa1, 0x8a, 0xa1, 0x92, 0xa1, 0x8a, 0xa1, 0x8a,
    0xa1, 0x92, 0xa1, 0x8a, 0xa1, 0x92, 0xa1, 0x92, 0xa1, 0x92, 0xa1, 0x92,
    0xa1, 0x8a, 0xa1, 0x92, 0xa1, 0x8a, 0xa0, 0x92, 0xa1, 0x92, 0xa1, 0x92,
    0xa1, 0x92, 0xa1, 0x92, 0xa1, 0x8a, 0xa0, 0x92, 0xa1, 0x92, 0xa1, 0x92,
    0xa1, 0x92, 0xa0, 0x8a, 0xa1, 0x92, 0xa1, 0x8a, 0xa1, 0x8a, 0xa1, 0x92,
    0xa1, 0x92, 0xa1, 0x92, 0xa0, 0x92, 0xa1, 0x92, 0xa1, 0x8a, 0xa0, 0x8a,
    0xa1, 0x92, 0xa1, 0x92, 0xa1, 0x8a, 0xa1, 0x92, 0xa1, 0x92, 0xa0, 0x92,
    0xa1, 0x8a, 0xa1, 0x92, 0xa1, 0x92, 0xa1, 0x92, 0xa1, 0x92, 0xa1, 0x8a,
    0xa0, 0x92, 0xa1, 0x92, 0xa1, 0x8a, 0x80, 0x92, 0xa1, 0x92, 0xa1, 0x92,
    0xa0, 0x92, 0xa1, 0x8a, 0xa1, 0x8a, 0xa0, 0x8a, 0xa1, 0x8a, 0x80, 0x92,
    0xa1, 0x92, 0xa1, 0x8a, 0xa1, 0x8a, 0xa0, 0x92, 0xa1, 0x92, 0xa1, 0x8a,
    0x81, 0x8a, 0xa1, 0x92, 0xa1, 0x92, 0xa1, 0x8a, 0xa0, 0x8a, 0xa1, 0x8a,
    0xa1, 0x8a, 0xa0, 0x92, 0xa1, 0x8a, 0xa1, 0x8a, 0xa0, 0x92, 0xa1, 0x8a,
    0x81, 0x92, 0xa0, 0x92, 0xa1, 0x8a, 0xa1, 0x8a, 0x81, 0x8a, 0x80, 0x92,
    0xa1, 0x92, 0xa1, 0x8a, 0x80, 0x8a, 0xa1, 0x8a, 0xa1, 0x8a, 0x80, 0x8a,
    0xa1, 0x8a, 0xa1, 0x92, 0xa0, 0x92, 0xa0, 0x8a, 0x81, 0x8a, 0xa0, 0x8a,
    0x80, 0x8a, 0x81, 0x8a, 0xa0, 0x92, 0xa1, 0x8a, 0xa0, 0x8a, 0xa1, 0x8a,
    0xa1, 0x8a, 0xa1, 0x92, 0xa1, 0x92, 0xa1, 0x8a, 0xa0, 0x8a, 0xa1, 0x92,
    0xa1, 0x8a, 0xa1, 0x92, 0x81, 0x8a, 0xa1, 0x92, 0xa1, 0x8a, 0xa0, 0x8a,
    0xa1, 0x8a, 0xa1, 0x92, 0x81, 0x8a, 0xa1, 0x8a, 0x81, 0x8a, 0xa1, 0x92,
    0xa1, 0x8a, 0x81, 0x8a, 0xa1, 0x92, 0xa1, 0x8a, 0xa1, 0x8a, 0xa0, 0x8a,
    0xa1, 0x8a, 0xa1, 0x92, 0xa1, 0x8a, 0x80, 0x8a, 0x81, 0x92, 0xa1, 0x92,
    0x81, 0x92, 0xa1, 0x8a, 0xa1, 0x8a, 0xa1, 0x92, 0x81, 0x8a, 0xa0, 0x8a,
    0xa1, 0x92, 0xa1, 0x8a, 0xa0, 0x8a, 0xa1, 0x92, 0xa1, 0x8a, 0xa1, 0x8a,
    0xa1, 0x92, 0xa1, 0x92, 0xa1, 0x92, 0xa0, 0x8a, 0xa0, 0x8a, 0x81, 0x8a,
    0xa1, 0x8a, 0xa1, 0x8a, 0xa1, 0x8a, 0xa1, 0x92, 0x81, 0x8a, 0xa1, 0x8a,
    0xa1, 0x8a, 0xa1, 0x92, 0xa1, 0x92, 0xa1, 0x8a, 0xa1, 0x92, 0xa0, 0x92,
    0xa1, 0x92, 0xa1, 0x92, 0xa1, 0x92, 0xa1, 0x92, 0xa1, 0x92, 0xa1, 0x8a,
    0xa1, 0x92, 0x81, 0x8a, 0x81, 0x92, 0xa1, 0x92, 0xa1, 0x8a, 0xa0, 0x92,
    0xa1, 0x92, 0xa1, 0x8a, 0x81, 0x8a, 0x81, 0x92, 0xa1, 0x8a, 0xa1, 0x8a,
    0xa1, 0x8a, 0xa1, 0x8a, 0x80, 0x8a, 0xa1, 0x8a, 0xa1, 0x8a, 0x81, 0x8a,
    0xa1, 0x8a, 0xa1, 0x8a, 0xa1, 0x92, 0xa1, 0x8a, 0xa1, 0x8a, 0xa1, 0x92,
    0xa1, 0x8a, 0xa1, 0x8a, 0xa1, 0x92, 0xa1, 0x92, 0xa1, 0x8a, 0x20, 0x72,
    0x01, 0x41, 0x69, 0x32, 0xb6, 0x2c, 0x95, 0x2c, 0xb6, 0x2c, 0xb5, 0x2c,
    0xb5, 0x2c, 0xb6, 0x2c, 0xb6, 0x2c, 0xb5, 0x2c, 0xb6, 0x2c, 0xb6, 0x2c,
    0xb6, 0x2c, 0xd6, 0x2c, 0xd6, 0x34, 0x16, 0x45, 0x36, 0x55, 0x56, 0x5d,
    0x95, 0x2c, 0x95, 0x24, 0x96, 0x2c, 0x95, 0x24, 0x95, 0x2c, 0x95, 0x2c,
    0x76, 0x24, 0x95, 0x24, 0x76, 0x2c, 0x95, 0x24, 0x76, 0x24, 0x95, 0x2c,
    0x95, 0x2c, 0x95, 0x2c, 0x6a, 0x3a, 0x01, 0x41, 0x21, 0x72, 0x02, 0xd4,
    0xe2, 0xd3, 0xc1, 0xcb, 0xc1, 0xcb, 0xc1, 0xcb, 0xc1, 0xcb, 0xc1, 0xcb,
    0xc1, 0xcb, 0xc1, 0xcb, 0xc1, 0xcb, 0xc1, 0xcb, 0xc1, 0xcb, 0xc1, 0xcb,
    0xc1, 0xcb, 0xc1, 0xcb, 0xc1, 0xcb, 0xa1, 0xc3, 0xa1, 0xc3, 0xa1, 0xc3,
    0xa1, 0xc3, 0xa1, 0xcb, 0xa1, 0xc3, 0xa1, 0xc3, 0xa1, 0xcb, 0xc1, 0xc3,
    0xa1, 0xc3, 0xa1, 0xc3, 0xa1, 0xc3, 0xa1, 0xc3, 0xa1, 0xc3, 0xa1, 0xc3,
    0xc1, 0xcb, 0xc1, 0xcb, 0xc1, 0xcb, 0xc1, 0xcb, 0xc1, 0xcb, 0xc1, 0xc3,
    0xc1, 0xc3, 0xa1, 0xc3, 0xc1, 0xcb, 0xc1, 0xcb, 0xc1, 0xc3, 0xc1, 0xcb,
    0xc1, 0xc3, 0xc1, 0xcb, 0xc1, 0xc3, 0xc1, 0xc3, 0xc1, 0xc3, 0xc1, 0xcb,
    0xa1, 0xcb, 0xa1, 0xc3, 0xc1, 0xcb, 0xa1, 0xcb, 0xc1, 0xc3, 0xc1, 0xc3,
    0xa1, 0xc3, 0xc1, 0xcb, 0xa1, 0xc3, 0xa1, 0xc3, 0xa1, 0xc3, 0xc1, 0xcb,
    0xa1, 0xcb, 0xa1, 0xc3, 0xa1, 0xc3, 0xa1, 0xcb, 0xa1, 0xcb, 0xa1, 0xc3,
    0xc1, 0xc3, 0xa1, 0xcb, 0xc1, 0xc3, 0xa1, 0xc3, 0xa1, 0xcb, 0xc1, 0xc3,
    0xa1, 0xc3, 0xc1, 0xcb, 0xc1, 0xcb, 0xc1, 0xc3, 0xc1, 0xcb, 0xc1, 0xc3,
    0xa1, 0xcb, 0xc1, 0xcb, 0xa1, 0xcb, 0xa1, 0xc3, 0xa1, 0xcb, 0xa1, 0xcb,
    0xa1, 0xc3, 0xa1, 0xc3, 0xa1, 0xcb, 0xc1, 0xcb, 0xa1, 0xcb, 0xa1, 0xc3,
    0xa1, 0xc3, 0xc1, 0xcb, 0xa1, 0xcb, 0xa1, 0xcb, 0xc1, 0xc3, 0xa1, 0xcb,
    0xa1, 0xc3, 0xa1, 0xc3, 0xa1, 0xc3, 0xc1, 0xcb, 0xa1, 0xcb, 0xc1, 0xcb,
    0xa1, 0xc3, 0xa1, 0xc3, 0xa1, 0xc3, 0xa1, 0xcb, 0xc1, 0xcb, 0xc1, 0xcb,
    0xa1, 0xcb, 0xc1, 0xc3, 0xc1, 0xcb, 0xc1, 0xcb, 0xc1, 0xcb, 0xa1, 0xcb,
    0xa1, 0xcb, 0xa1, 0xc3, 0xc1, 0xcb, 0xc1, 0xcb, 0xc1, 0xcb, 0xa1, 0xcb,
    0xc1, 0xcb, 0xa1, 0xcb, 0xc1, 0xc3, 0xa1, 0xc3, 0xa1, 0xc3, 0xc1, 0xc3,
    0xa1, 0xcb, 0xa1, 0xcb, 0xa1, 0xc3, 0xa1, 0xcb, 0xc1, 0xcb, 0xc1, 0xc3,
    0xa1, 0xcb, 0xa1, 0xcb, 0xa1, 0xc3, 0xc1, 0xc3, 0xc1, 0xcb, 0xc1, 0xc3,
    0xa1, 0xcb, 0xa1, 0xcb, 0xc1, 0xcb, 0xa1, 0xc3, 0xa1, 0xc3, 0xc1, 0xc3,
    0xa1, 0xcb, 0xa1, 0xcb, 0xa1, 0xc3, 0xa1, 0xcb, 0xa1, 0xcb, 0xa1, 0xc3,
    0xc1, 0xc3, 0xc1, 0xcb, 0xa1, 0xc3, 0xa1, 0xc3, 0xa1, 0xcb, 0xc1, 0xcb,
    0xc1, 0xcb, 0xc1, 0xcb, 0xa1, 0xcb, 0xc1, 0xcb, 0xc1, 0xcb, 0xa1, 0xcb,
    0xc1, 0xc3, 0xc1, 0xcb, 0xc1, 0xcb, 0xa1, 0xcb, 0xa1, 0xc3, 0xa1, 0xc3,
    0xa1, 0xcb, 0xa1, 0xcb, 0xc1, 0xc3, 0xa1, 0xc3, 0xa1, 0xcb, 0xa1, 0xc3,
    0xc1, 0xcb, 0xa1, 0xcb, 0xa1, 0xcb, 0xa1, 0xc3, 0xa1, 0xc3, 0xa1, 0xcb,
    0xa1, 0xc3, 0xa1, 0xc3, 0xa1, 0xcb, 0xa1, 0xc3, 0xa1, 0xc3, 0xa1, 0xc3,
    0xa1, 0xcb, 0xa1, 0xc3, 0xa1, 0xc3, 0xa1, 0xcb, 0xa1, 0xc3, 0xa1, 0xc3,
    0xa1, 0xc3, 0xa1, 0xc3, 0xa1, 0xcb, 0xa1, 0xc3, 0xa1, 0xc3, 0xa1, 0xc3,
    0xa1, 0xc3, 0xa1, 0xcb, 0xa1, 0xc3, 0xa1, 0xc3, 0xa1, 0xc3, 0x81, 0xc3,
    0x20, 0x7a, 0x02, 0x41, 0x4e, 0x33, 0xb6, 0x2c, 0xb6, 0x2c, 0xb6, 0x2c,
    0x96, 0x2c, 0xb6, 0x2c, 0xb6, 0x2c, 0xb5, 0x2c, 0xb6, 0x2c, 0xb5, 0x2c,
    0xb5, 0x2c, 0xd6, 0x2c, 0xd6, 0x34, 0xf6, 0x44, 0x36, 0x55, 0x56, 0x55,
    0x95, 0x2c, 0x96, 0x2c, 0x96, 0x2c, 0x95, 0x2c, 0x75, 0x24, 0x96, 0x2c,
    0x95, 0x2c, 0x95, 0x24, 0x95, 0x2c, 0x95, 0x2c, 0x95, 0x2c, 0x95, 0x2c,
    0x96, 0x2c, 0x91, 0x33, 0x22, 0x41, 0x81, 0x59, 0x62, 0xbb, 0x21, 0xab,
    0xc1, 0x9a, 0xc1, 0x9a, 0xc1, 0x9a, 0xc1, 0x9a, 0xc1, 0x9a, 0xc1, 0x9a,
    0xc1, 0x9a, 0xc1, 0x9a, 0xc1, 0x9a, 0xc1, 0x9a, 0xc1, 0x9a, 0xc1, 0x9a,
    0xc1, 0x9a, 0xc1, 0x9a, 0xc1, 0x9a, 0xc1, 0x9a, 0xa1, 0x9a, 0xc1, 0x9a,
    0xa0, 0x9a, 0xa0, 0x9a, 0xa1, 0x9a, 0xa1, 0x92, 0xa1, 0x92, 0xa1, 0x92,
    0xa0, 0x9a, 0xc1, 0x9a, 0xa1, 0x9a, 0xa0, 0x9a, 0xa1, 0x92, 0xa0, 0x92,
    0xa1, 0x92, 0xa1, 0x92, 0xa0, 0x9a, 0xa1, 0x92, 0xa0, 0x92, 0xa1, 0x9a,
    0xa0, 0x92, 0xa1, 0x92, 0xa1, 0x92, 0xa0, 0x92, 0xa1, 0x92, 0xa1, 0x92,
    0xa0, 0x9a, 0xa0, 0x92, 0xa0, 0x9a, 0xa1, 0x92, 0xa0, 0x92, 0xa1, 0x92,
    0xa0, 0x92, 0xa1, 0x92, 0xa0, 0x92, 0xa0, 0x92, 0xa0, 0x92, 0x81, 0x92,
    0x81, 0x92, 0xa0, 0x92, 0xa1, 0x92, 0x81, 0x92, 0xa0, 0x92, 0xa0, 0x92,
    0xa1, 0x92, 0xa0, 0x92, 0xa0, 0x9a, 0xa1, 0x92, 0xa0, 0x92, 0xa1, 0x92,
    0x80, 0x92, 0xa0, 0x92, 0x81, 0x92, 0x81, 0x92, 0xa0, 0x92, 0x80, 0x92,
    0x80, 0x92, 0xa0, 0x92, 0xa0, 0x92, 0x80, 0x92, 0x81, 0x92, 0x81, 0x92,
    0xa0, 0x92, 0xa1, 0x92, 0x81, 0x92, 0xa0, 0x92, 0xa1, 0x92, 0xa1, 0x92,
    0xa0, 0x92, 0xa0, 0x92, 0xa1, 0x92, 0xa1, 0x92, 0xa0, 0x92, 0x80, 0x92,
    0xa0, 0x92, 0xa1, 0x92, 0xa1, 0x92, 0x80, 0x92, 0x80, 0x92, 0xa1, 0x92,
    0x80, 0x92, 0xa0, 0x92, 0x81, 0x92, 0x80, 0x92, 0xa0, 0x92, 0xa1, 0x92,
    0xa1, 0x92, 0xa0, 0x9a, 0xa1, 0x92, 0xa1, 0x92, 0xa0, 0x92, 0xa0, 0x92,
    0x80, 0x92, 0xa0, 0x92, 0xa0, 0x92, 0xa0, 0x92, 0x80, 0x92, 0xa1, 0x92,
    0xa0, 0x92, 0x80, 0x92, 0xa0, 0x92, 0xa1, 0x92, 0x80, 0x92, 0x80, 0x92,
    0x80, 0x92, 0xa1, 0x92, 0x80, 0x92, 0x80, 0x92, 0x80, 0x92, 0xa0, 0x92,
    0xa0, 0x92, 0xa0, 0x92, 0x81, 0x92, 0x80, 0x92, 0xa0, 0x92, 0x81, 0x92,
    0x80, 0x92, 0xa0, 0x92, 0x80, 0x92, 0x81, 0x92, 0x80, 0x92, 0xa0, 0x92,
    0x81, 0x92, 0x80, 0x92, 0xa0, 0x92, 0x80, 0x92, 0xa0, 0x92, 0xa0, 0x92,
    0x81, 0x92, 0x80, 0x92, 0x80, 0x92, 0xa0, 0x92, 0x80, 0x92, 0x80, 0x92,
    0x80, 0x92, 0x80, 0x92, 0x80, 0x92, 0xa1, 0x92, 0x80, 0x92, 0x80, 0x92,
    0x80, 0x92, 0x80, 0x92, 0x80, 0x92, 0xa0, 0x92, 0xa0, 0x92, 0xa0, 0x92,
    0x80, 0x92, 0x80, 0x92, 0x80, 0x92, 0xa0, 0x92, 0x80, 0x92, 0xa0, 0x92,
    0xa0, 0x92, 0x80, 0x92, 0xa0, 0x92, 0xa0, 0x92, 0xa0, 0x92, 0xa0, 0x92,
    0xa0, 0x92, 0xa1, 0x92, 0xa0, 0x92, 0x80, 0x92, 0xa0, 0x92, 0xa0, 0x92,
    0xa1, 0x92, 0xa0, 0x9a, 0xa0, 0x92, 0xa0, 0x92, 0xa1, 0x9a, 0xa0, 0x9a,
    0xa1, 0x92, 0xa1, 0x9a, 0xa0, 0x92, 0xa0, 0x92, 0xa0, 0x9a, 0xa0, 0x92,
    0xa0, 0x92, 0xa0, 0x9a, 0xa0, 0x92, 0xa0, 0x92, 0xa0, 0x9a, 0xa0, 0x92,
    0xa0, 0x9a, 0xa0, 0x92, 0x80, 0x92, 0x80, 0x92, 0xa0, 0x9a, 0xa1, 0x92,
    0x80, 0x92, 0x60, 0x59, 0x85, 0x41, 0x74, 0x2c, 0xb6, 0x2c, 0xb6, 0x2c,
    0xb5, 0x2c, 0xb6, 0x2c, 0xb6, 0x2c, 0xb6, 0x2c, 0xb6, 0x2c, 0xd6, 0x2c,
    0xb6, 0x2c, 0xd6, 0x2c, 0xd6, 0x34, 0xf6, 0x3c, 0x36, 0x4d, 0x36, 0x55,
    0x95, 0x2c, 0x95, 0x2c, 0x95, 0x2c, 0x96, 0x24, 0x95, 0x24, 0x95, 0x2c,
    0x95, 0x2c, 0x95, 0x24, 0x95, 0x24, 0x76, 0x2c, 0x95, 0x24, 0x75, 0x24,
    0x75, 0x2c, 0xe7, 0x41, 0x00, 0x41, 0xc1, 0x9a, 0x42, 0xb3, 0xc1, 0x9a,
    0xc1, 0x9a, 0xc1, 0xa2, 0xc2, 0x9a, 0xc1, 0x9a, 0xc1, 0x9a, 0xc1, 0x9a,
    0xc1, 0x9a, 0xc1, 0x9a, 0xc1, 0x9a, 0xc1, 0x9a, 0xc1, 0x9a, 0xc1, 0x9a,
    0xc1, 0x9a, 0xc1, 0x9a, 0xc1, 0x9a, 0xc1, 0x9a, 0xc1, 0x9a, 0xc1, 0x9a,
    0xc1, 0x9a, 0xc1, 0x92, 0xc1, 0x9a, 0xc1, 0x9a, 0xc1, 0x9a, 0xc1, 0x9a,
    0xa1, 0x9a, 0xa1, 0x9a, 0xc1, 0x92, 0xa1, 0x9a, 0xa1, 0x9a, 0xa1, 0x9a,
    0xa0, 0x92, 0xa1, 0x92, 0xa1, 0x92, 0xa0, 0x92, 0xa1, 0x9a, 0xa1, 0x9a,
    0xc1, 0x9a, 0xa0, 0x9a, 0xa1, 0x9a, 0xa1, 0x9a, 0xa1, 0x9a, 0xa1, 0x9a,
    0xa1, 0x92, 0xa1, 0x92, 0xa1, 0x9a, 0xa0, 0x92, 0xa1, 0x9a, 0xa0, 0x92,
    0xa1, 0x92, 0xa1, 0x9a, 0xa0, 0x92, 0xa1, 0x92, 0xa1, 0x92, 0xa0, 0x9a,
    0xa1, 0x92, 0x81, 0x92, 0xa0, 0x9a, 0xa0, 0x92, 0xa1, 0x9a, 0xa1, 0x92,
    0xa1, 0x92, 0xa1, 0x92, 0xa1, 0x9a, 0xa0, 0x92, 0xa1, 0x92, 0x80, 0x92,
    0xa1, 0x92, 0xa0, 0x92, 0xa1, 0x92, 0xa0, 0x92, 0xa1, 0x92, 0xa1, 0x92,
    0xa1, 0x92, 0xa1, 0x9a, 0xa1, 0x92, 0xa1, 0x92, 0x80, 0x92, 0xa0, 0x92,
    0xa1, 0x92, 0xa1, 0x92, 0x80, 0x92, 0xa1, 0x92, 0x81, 0x92, 0x80, 0x92,
    0xa1, 0x92, 0xa1, 0x92, 0x80, 0x92, 0xa1, 0x92, 0x80, 0x92, 0xa1, 0x92,
    0xa1, 0x92, 0xa0, 0x92, 0xa0, 0x92, 0xa1, 0x92, 0xa1, 0x92, 0xa0, 0x92,
    0xa1, 0x92, 0xa1, 0x92, 0xa0, 0x92, 0xa1, 0x92, 0xa1, 0x92, 0x80, 0x92,
    0x80, 0x92, 0xa0, 0x92, 0xa0, 0x92, 0xa1, 0x92, 0x81, 0x92, 0xa1, 0x9a,
    0xa1, 0x92, 0xa1, 0x92, 0x81, 0x92, 0xa0, 0x92, 0xa1, 0x92, 0xa0, 0x92,
    0xa1, 0x92, 0xa0, 0x92, 0xa1, 0x92, 0xa0, 0x92, 0x81, 0x92, 0xa1, 0x92,
    0xa1, 0x92, 0x80, 0x92, 0xa1, 0x92, 0x80, 0x92, 0x81, 0x92, 0x81, 0x92,
    0x80, 0x92, 0x81, 0x92, 0x80, 0x92, 0x81, 0x92, 0x80, 0x92, 0x81, 0x92,
    0xa1, 0x92, 0xa0, 0x92, 0xa1, 0x92, 0x81, 0x92, 0x80, 0x92, 0xa1, 0x92,
    0xa0, 0x92, 0x80, 0x92, 0x80, 0x92, 0xa1, 0x92, 0x81, 0x92, 0x80, 0x92,
    0x80, 0x92, 0xa1, 0x92, 0x80, 0x92, 0xa1, 0x92, 0xa1, 0x92, 0x80, 0x92,
    0x80, 0x92, 0x81, 0x92, 0xa0, 0x92, 0xa0, 0x92, 0xa1, 0x92, 0x81, 0x92,
    0xa1, 0x92, 0xa1, 0x92, 0x80, 0x92, 0xa0, 0x92, 0x80, 0x92, 0x81, 0x92,
    0xa1, 0x92, 0xa1, 0x92, 0x81, 0x92, 0xa1, 0x92, 0xa1, 0x92, 0xa1, 0x92,
    0xa0, 0x92, 0xa1, 0x92, 0xa1, 0x9a, 0xa1, 0x92, 0x81, 0x92, 0xa0, 0x92,
    0xa1, 0x92, 0x80, 0x92, 0xa1, 0x92, 0xa0, 0x92, 0xa1, 0x92, 0xa1, 0x92,
    0x80, 0x9a, 0xa1, 0x92, 0xa0, 0x92, 0x81, 0x92, 0xa0, 0x92, 0xa0, 0x92,
    0xa1, 0x92, 0xa0, 0x92, 0xa0, 0x92, 0xa1, 0x9a, 0xa1, 0x92, 0xa1, 0x92,
    0xa1, 0x92, 0xa1, 0x92, 0xa1, 0x92, 0xa1, 0x9a, 0xa1, 0x92, 0xa1, 0x92,
    0xa1, 0x92, 0xa1, 0x92, 0xa1, 0x92, 0xa1, 0x9a, 0xa0, 0x9a, 0xa1, 0x92,
    0xa0, 0x9a, 0x01, 0x7a, 0x01, 0x41, 0x4f, 0x3b, 0xd6, 0x2c, 0xb6, 0x2c,
    0xb6, 0x2c, 0xb5, 0x2c, 0xb6, 0x2c, 0xb6, 0x2c, 0xb6, 0x2c, 0xb6, 0x2c,
    0xd6, 0x2c, 0xd6, 0x2c, 0xd6, 0x34, 0xd6, 0x34, 0x16, 0x45, 0x36, 0x55,
    0x95, 0x2c, 0x95, 0x24, 0x95, 0x2c, 0x95, 0x2c, 0x95, 0x2c, 0x96, 0x2c,
    0x76, 0x24, 0x95, 0x2c, 0x95, 0x2c, 0x96, 0x2c, 0x75, 0x24, 0x96, 0x2c,
    0xf2, 0x2b, 0x22, 0x41, 0xa1, 0x59, 0x22, 0xb3, 0xc1, 0x9a, 0xc1, 0x9a,
    0xc1, 0x9a, 0xc2, 0x9a, 0xc1, 0x9a, 0xc1, 0x9a, 0xc1, 0x9a, 0xc1, 0x9a,
    0xc1, 0x9a, 0xc1, 0x9a, 0xc1, 0x9a, 0xc1, 0x9a, 0xc1, 0x9a, 0xc1, 0x9a,
    0xa1, 0x9a, 0xc1, 0x9a, 0xa1, 0x9a, 0xc1, 0x9a, 0xc1, 0x9a, 0xc0, 0x9a,
    0xa1, 0x9a, 0xa1, 0x9a, 0xc1, 0x92, 0xa1, 0x9a, 0xa0, 0x9a, 0xa0, 0x92,
    0xc1, 0x92, 0xa1, 0x92, 0xa0, 0x92, 0xa1, 0x92, 0xa1, 0x92, 0xa0, 0x92,
    0xa1, 0x9a, 0xa1, 0x92, 0xa1, 0x92, 0xa1, 0x92, 0xa0, 0x92, 0xa1, 0x92,
    0xa1, 0x92, 0xa1, 0x92, 0xa0, 0x92, 0xa1, 0x92, 0xa0, 0x92, 0xa1, 0x92,
    0x80, 0x92, 0x81, 0x92, 0xa1, 0x92, 0x80, 0x92, 0x81, 0x92, 0xa1, 0x92,
    0x80, 0x92, 0xa0, 0x92, 0x81, 0x92, 0x81, 0x92, 0x80, 0x92, 0xa1, 0x92,
    0x80, 0x92, 0x81, 0x92, 0xa1, 0x92, 0xa1, 0x92, 0x80, 0x92, 0x81, 0x92,
    0x80, 0x92, 0x81, 0x92, 0xa0, 0x92, 0x81, 0x92, 0x80, 0x92, 0x81, 0x92,
    0x81, 0x92, 0x80, 0x92, 0x80, 0x92, 0xa1, 0x92, 0x81, 0x92, 0x80, 0x92,
    0x81, 0x92, 0x81, 0x92, 0x80, 0x92, 0x80, 0x92, 0x81, 0x92, 0x80, 0x92,
    0x81, 0x92, 0x81, 0x92, 0xa0, 0x92, 0x81, 0x92, 0x80, 0x92, 0x80, 0x92,
    0x81, 0x92, 0x80, 0x92, 0x80, 0x92, 0x81, 0x92, 0xa1, 0x92, 0x81, 0x92,
    0x80, 0x92, 0x80, 0x92, 0x80, 0x92, 0x81, 0x92, 0x81, 0x92, 0x80, 0x92,
    0x80, 0x92, 0x81, 0x92, 0x80, 0x92, 0x80, 0x92, 0x81, 0x92, 0x80, 0x92,
    0xa1, 0x92, 0x81, 0x92, 0x80, 0x92, 0x80, 0x92, 0x81, 0x92, 0x80, 0x92,
    0x80, 0x92, 0x80, 0x92, 0x81, 0x92, 0x81, 0x92, 0x80, 0x92, 0x81, 0x92,
    0x81, 0x92, 0x80, 0x92, 0xa1, 0x92, 0x80, 0x92, 0x80, 0x92, 0x81, 0x92,
    0x80, 0x92, 0x81, 0x92, 0x80, 0x92, 0x81, 0x92, 0x80, 0x92, 0x80, 0x92,
    0x81, 0x92, 0x80, 0x8a, 0xa1, 0x92, 0x80, 0x8a, 0x81, 0x8a, 0x80, 0x8a,
    0x80, 0x92, 0x81, 0x8a, 0x80, 0x8a, 0x80, 0x92, 0x81, 0x92, 0x81, 0x8a,
    0x80, 0x92, 0x81, 0x92, 0x81, 0x92, 0x80, 0x8a, 0x81, 0x92, 0x81, 0x92,
    0x80, 0x8a, 0x81, 0x8a, 0x81, 0x92, 0x80, 0x8a, 0x81, 0x8a, 0x80, 0x92,
    0x81, 0x92, 0x81, 0x92, 0x80, 0x92, 0x80, 0x92, 0x81, 0x92, 0x80, 0x92,
    0x80, 0x92, 0x80, 0x92, 0x81, 0x92, 0x81, 0x92, 0x81, 0x92, 0xa0, 0x92,
    0x80, 0x92, 0x80, 0x92, 0xa1, 0x92, 0x80, 0x92, 0x81, 0x92, 0x80, 0x92,
    0x80, 0x92, 0x81, 0x92, 0x80, 0x92, 0x80, 0x92, 0x81, 0x92, 0x80, 0x92,
    0x80, 0x92, 0x81, 0x92, 0x80, 0x92, 0x80, 0x92, 0x81, 0x92, 0x80, 0x92,
    0x80, 0x92, 0x80, 0x92, 0x81, 0x92, 0xa0, 0x92, 0x81, 0x92, 0x81, 0x92,
    0xa0, 0x92, 0x81, 0x92, 0x81, 0x92, 0xa0, 0x92, 0x81, 0x92, 0x80, 0x92,
    0xa1, 0x92, 0x81, 0x92, 0x80, 0x92, 0xa0, 0x92, 0x81, 0x92, 0xa0, 0x92,
    0x80, 0x92, 0xa1, 0x9a, 0xa1, 0x92, 0xa0, 0x92, 0xa1, 0x92, 0x80, 0x92,
    0x80, 0x92, 0x41, 0x82, 0x21, 0x41, 0xcb, 0x3a, 0xd6, 0x2c, 0xb6, 0x2c,
    0xb6, 0x2c, 0xb6, 0x2c, 0xb6, 0x2c, 0xb6, 0x2c, 0xd6, 0x2c, 0xd6, 0x34,
    0xd6, 0x2c, 0xb6, 0x2c, 0xd6, 0x34, 0xf6, 0x34, 0xf6, 0x3c, 0x36, 0x4d,
    0x95, 0x2c, 0x95, 0x2c, 0x96, 0x2c, 0x75, 0x2c, 0x95, 0x2c, 0x96, 0x2c,
    0x95, 0x2c, 0x95, 0x24, 0x95, 0x2c, 0x95, 0x2c, 0x95, 0x2c, 0x96, 0x2c,
    0xb1, 0x2b, 0x01, 0x41, 0xc1, 0x61, 0xe1, 0xa2, 0xc1, 0x9a, 0xc2, 0x9a,
    0xc1, 0x9a, 0xc1, 0x9a, 0xc1, 0x9a, 0xc1, 0x9a, 0xc1, 0x9a, 0xc1, 0x9a,
    0xc1, 0x9a, 0xc1, 0x9a, 0xc1, 0x9a, 0xc1, 0x9a, 0xc1, 0x9a, 0xc1, 0x9a,
    0xa1, 0x9a, 0xc1, 0x9a, 0xa1, 0x9a, 0xa1, 0x9a, 0xa1, 0x92, 0xa1, 0x9a,
    0xa1, 0x92, 0xa1, 0x92, 0xa1, 0x9a, 0xa1, 0x92, 0xa1, 0x92, 0xa1, 0x9a,
    0xa1, 0x9a, 0xa1, 0x9a, 0xa0, 0x9a, 0xa1, 0x92, 0xa1, 0x92, 0xa1, 0x92,
    0xa1, 0x92, 0xa0, 0x9a, 0xa0, 0x92, 0xa1, 0x92, 0xa1, 0x92, 0x80, 0x92,
    0xa0, 0x92, 0xa1, 0x92, 0xa1, 0x92, 0xa0, 0x92, 0x81, 0x92, 0xa0, 0x92,
    0x80, 0x92, 0x81, 0x92, 0xa0, 0x92, 0x81, 0x92, 0xa1, 0x92, 0x80, 0x92,
    0x80, 0x92, 0x81, 0x92, 0x80, 0x92, 0x80, 0x92, 0x81, 0x92, 0x80, 0x92,
    0x81, 0x92, 0xa0, 0x92, 0x81, 0x92, 0x81, 0x92, 0x80, 0x92, 0x81, 0x92,
    0x80, 0x92, 0x80, 0x92, 0x81, 0x92, 0x80, 0x92, 0x81, 0x92, 0x80, 0x92,
    0x80, 0x92, 0x81, 0x92, 0x81, 0x92, 0x80, 0x92, 0x80, 0x92, 0x81, 0x92,
    0x80, 0x92, 0xa0, 0x92, 0x81, 0x92, 0x81, 0x92, 0x81, 0x92, 0x80, 0x92,
    0x81, 0x92, 0x80, 0x92, 0x80, 0x92, 0xa1, 0x92, 0x81, 0x92, 0x81, 0x92,
    0x80, 0x92, 0x81, 0x92, 0x80, 0x92, 0x80, 0x92, 0x81, 0x92, 0x80, 0x92,
    0x81, 0x92, 0x81, 0x92, 0x80, 0x92, 0x81, 0x92, 0x80, 0x92, 0x80, 0x92,
    0x80, 0x92, 0x80, 0x92, 0x81, 0x92, 0x80, 0x92, 0x81, 0x92, 0x81, 0x92,
    0x80, 0x92, 0x81, 0x92, 0x81, 0x92, 0x80, 0x92, 0x80, 0x92, 0x81, 0x8a,
    0x80, 0x92, 0x80, 0x92, 0x81, 0x92, 0x80, 0x92, 0x80, 0x92, 0x80, 0x92,
    0x81, 0x92, 0x80, 0x92, 0x81, 0x92, 0x81, 0x92, 0x80, 0x8a, 0x80, 0x8a,
    0x80, 0x8a, 0x80, 0x92, 0x81, 0x8a, 0x80, 0x8a, 0x80, 0x8a, 0x80, 0x8a,
    0x81, 0x8a, 0x81, 0x92, 0x80, 0x8a, 0x80, 0x92, 0x80, 0x92, 0x81, 0x8a,
    0x80, 0x8a, 0x81, 0x92, 0x80, 0x8a, 0x80, 0x8a, 0x60, 0x8a, 0x80, 0x8a,
    0x60, 0x8a, 0x81, 0x8a, 0x80, 0x8a, 0x80, 0x8a, 0x80, 0x8a, 0x80, 0x8a,
    0x80, 0x8a, 0x60, 0x8a, 0x80, 0x8a, 0x60, 0x8a, 0x60, 0x8a, 0x81, 0x8a,
    0x80, 0x8a, 0x80, 0x8a, 0x81, 0x8a, 0x81, 0x8a, 0x80, 0x8a, 0x80, 0x8a,
    0x80, 0x8a, 0x81, 0x8a, 0x80, 0x8a, 0x80, 0x8a, 0x80, 0x92, 0x81, 0x92,
    0x81, 0x8a, 0x80, 0x92, 0x80, 0x92, 0x80, 0x92, 0x81, 0x92, 0x80, 0x92,
    0x80, 0x92, 0x81, 0x92, 0x80, 0x92, 0x80, 0x92, 0x81, 0x92, 0x80, 0x92,
    0x80, 0x92, 0x81, 0x92, 0x81, 0x92, 0x80, 0x92, 0x80, 0x92, 0x81, 0x92,
    0xa0, 0x92, 0x81, 0x92, 0x81, 0x92, 0x80, 0x92, 0xa0, 0x92, 0xa1, 0x92,
    0x80, 0x92, 0xa0, 0x92, 0xa1, 0x92, 0x80, 0x92, 0xa0, 0x92, 0x80, 0x92,
    0x80, 0x92, 0x81, 0x92, 0xa0, 0x92, 0x80, 0x92, 0x81, 0x92, 0x80, 0x92,
    0x80, 0x92, 0x80, 0x92, 0x80, 0x92, 0x81, 0x92, 0xa0, 0x92, 0x81, 0x92,
    0x80, 0x92, 0x20, 0x82, 0x01, 0x41, 0xab, 0x3a, 0xd6, 0x2c, 0xb5, 0x2c,
    0xb6, 0x2c, 0xb6, 0x34, 0xd6, 0x2c, 0xd6, 0x2c, 0xd6, 0x2c, 0xb6, 0x34,
    0xd6, 0x2c, 0xd6, 0x34, 0xd6, 0x2c, 0xd6, 0x34, 0xf6, 0x44, 0x36, 0x4d,
    0x95, 0x2c, 0x95, 0x2c, 0x96, 0x24, 0x95, 0x24, 0x95, 0x2c, 0x95, 0x24,
    0x96, 0x2c, 0x96, 0x2c, 0x75, 0x24, 0x95, 0x24, 0x95, 0x2c, 0x96, 0x24,
    0xd1, 0x2b, 0x02, 0x41, 0xa1, 0x61, 0xc1, 0x9a, 0xc1, 0x9a, 0xc1, 0x9a,
    0xc2, 0x9a, 0xc1, 0x9a, 0xc1, 0x9a, 0xc1, 0x9a, 0xc1, 0x9a, 0xc1, 0x9a,
    0xc2, 0x9a, 0xc1, 0x9a, 0xa1, 0x9a, 0xa1, 0x9a, 0xa1, 0x9a, 0xa1, 0x9a,
    0xc1, 0x92, 0xa1, 0x9a, 0xc1, 0x9a, 0xc1, 0x92, 0xc0, 0x9a, 0xa1, 0x92,
    0xa1, 0x92, 0xa1, 0x9a, 0xa0, 0x9a, 0xc1, 0x92, 0xa1, 0x92, 0xa1, 0x9a,
    0xa1, 0x92, 0xc1, 0x92, 0xa1, 0x92, 0xa0, 0x92, 0xa1, 0x92, 0xa1, 0x92,
    0xa0, 0x92, 0x81, 0x92, 0x81, 0x92, 0xa0, 0x92, 0x81, 0x92, 0x80, 0x92,
    0x80, 0x92, 0x80, 0x92, 0x81, 0x92, 0x81, 0x92, 0x80, 0x92, 0xa1, 0x92,
    0xa1, 0x92, 0x80, 0x92, 0x80, 0x92, 0x80, 0x92, 0x81, 0x92, 0x80, 0x92,
    0x80, 0x92, 0x81, 0x92, 0x80, 0x92, 0x81, 0x92, 0xa0, 0x92, 0x81, 0x92,
    0x81, 0x92, 0x80, 0x92, 0x80, 0x92, 0x80, 0x92, 0x81, 0x92, 0x80, 0x8a,
    0x81, 0x92, 0x81, 0x92, 0x80, 0x92, 0x81, 0x8a, 0x80, 0x92, 0x81, 0x8a,
    0x80, 0x8a, 0x81, 0x92, 0x81, 0x92, 0x80, 0x92, 0x81, 0x8a, 0x81, 0x92,
    0x80, 0x92, 0x80, 0x92, 0xa1, 0x92, 0x80, 0x8a, 0x81, 0x92, 0x80, 0x92,
    0x81, 0x8a, 0x81, 0x8a, 0x80, 0x92, 0x80, 0x8a, 0x81, 0x8a, 0x80, 0x92,
    0x80, 0x8a, 0x81, 0x8a, 0x81, 0x8a, 0x80, 0x8a, 0x80, 0x92, 0x81, 0x92,
    0x80, 0x8a, 0x81, 0x8a, 0x80, 0x92, 0x81, 0x92, 0x81, 0x8a, 0x81, 0x92,
    0x81, 0x8a, 0x81, 0x8a, 0x80, 0x8a, 0x80, 0x92, 0x81, 0x92, 0x80, 0x92,
    0x81, 0x92, 0x80, 0x8a, 0x81, 0x8a, 0x81, 0x92, 0x80, 0x8a, 0x81, 0x8a,
    0x81, 0x8a, 0x80, 0x8a, 0x80, 0x8a, 0x81, 0x8a, 0x80, 0x8a, 0x81, 0x8a,
    0x80, 0x8a, 0x80, 0x8a, 0x81, 0x8a, 0x80, 0x92, 0x81, 0x8a, 0x81, 0x8a,
    0x81, 0x8a, 0x81, 0x8a, 0x80, 0x92, 0x81, 0x8a, 0x81, 0x8a, 0x80, 0x92,
    0x80, 0x8a, 0x81, 0x8a, 0x80, 0x8a, 0x80, 0x8a, 0x61, 0x8a, 0x80, 0x8a,
    0x61, 0x8a, 0x60, 0x8a, 0x81, 0x92, 0x81, 0x8a, 0x60, 0x8a, 0x60, 0x8a,
    0x61, 0x8a, 0x60, 0x8a, 0x60, 0x8a, 0x61, 0x8a, 0x60, 0x8a, 0x60, 0x8a,
    0x61, 0x8a, 0x81, 0x8a, 0x80, 0x92, 0x61, 0x8a, 0x81, 0x8a, 0x60, 0x8a,
    0x60, 0x8a, 0x60, 0x8a, 0x60, 0x8a, 0x61, 0x8a, 0x60, 0x8a, 0x61, 0x8a,
    0x61, 0x8a, 0x60, 0x8a, 0x60, 0x8a, 0x80, 0x8a, 0x80, 0x8a, 0x81, 0x8a,
    0x60, 0x8a, 0x81, 0x8a, 0x81, 0x8a, 0x81, 0x8a, 0x80, 0x92, 0x81, 0x8a,
    0x80, 0x8a, 0x81, 0x8a, 0x80, 0x8a, 0x80, 0x8a, 0x81, 0x8a, 0x60, 0x8a,
    0x81, 0x8a, 0x80, 0x92, 0x80, 0x92, 0x80, 0x92, 0x81, 0x92, 0x80, 0x92,
    0x80, 0x92, 0xa1, 0x92, 0x80, 0x92, 0x80, 0x92, 0x80, 0x92, 0x81, 0x92,
    0x81, 0x92, 0x80, 0x92, 0x81, 0x92, 0x80, 0x92, 0xa1, 0x92, 0x81, 0x92,
    0x81, 0x92, 0x80, 0x92, 0x81, 0x92, 0x81, 0x92, 0x80, 0x92, 0x81, 0x92,
    0x81, 0x92, 0x81, 0x92, 0x80, 0x92, 0x81, 0x92, 0x80, 0x92, 0x81, 0x92,
    0x80, 0x92, 0x20, 0x82, 0x01, 0x41, 0xab, 0x3a, 0xd6, 0x2c, 0xb6, 0x2c,
    0xb6, 0x2c, 0xb5, 0x34, 0xd6, 0x2c, 0xb6, 0x2c, 0xb6, 0x34, 0xd6, 0x34,
    0xd6, 0x2c, 0xd6, 0x34, 0xd6, 0x34, 0xf6, 0x3c, 0x16, 0x45, 0x36, 0x55,
    0x96, 0x2c, 0x95, 0x2c, 0x95, 0x2c, 0x96, 0x2c, 0x95, 0x2c, 0x95, 0x2c,
    0x95, 0x2c, 0x96, 0x2c, 0x95, 0x2c, 0x95, 0x2c, 0x95, 0x2c, 0x96, 0x2c,
    0xd1, 0x2b, 0x01, 0x41, 0xa1, 0x59, 0xc1, 0x9a, 0xa1, 0x9a, 0xc1, 0x9a,
    0xc1, 0x9a, 0xc1, 0x9a, 0xc1, 0x9a, 0xc2, 0x9a, 0xc1, 0x9a, 0xc1, 0x9a,
    0xc1, 0x9a, 0xc1, 0x9a, 0xc1, 0x9a, 0xa1, 0x9a, 0xc1, 0x9a, 0xc1, 0x9a,
    0xa1, 0x9a, 0xa0, 0x92, 0xc1, 0x9a, 0xc1, 0x9a, 0xa1, 0x9a, 0xc1, 0x9a,
    0xa1, 0x92, 0xa0, 0x9a, 0xa1, 0x92, 0xa1, 0x9a, 0xa0, 0x9a, 0xa1, 0x92,
    0xc0, 0x92, 0xa1, 0x92, 0xa1, 0x92, 0xa1, 0x9a, 0xa0, 0x9a, 0xa1, 0x92,
    0xa1, 0x92, 0xa1, 0x92, 0xa1, 0x9a, 0x60, 0x8a, 0x01, 0x72, 0xe1, 0x69,
    0xe0, 0x61, 0x01, 0x72, 0x41, 0x82, 0x80, 0x8a, 0xa1, 0x9a, 0x81, 0x92,
    0xa0, 0x92, 0x81, 0x92, 0x41, 0x82, 0x41, 0x7a, 0x40, 0x7a, 0x41, 0x7a,
    0x40, 0x7a, 0x40, 0x7a, 0x41, 0x82, 0x40, 0x7a, 0x41, 0x7a, 0x20, 0x7a,
    0x20, 0x7a, 0x41, 0x82, 0xa1, 0x8a, 0xa1, 0x92, 0xa1, 0x8a, 0xa1, 0x92,
    0x60, 0x8a, 0x40, 0x7a, 0x20, 0x7a, 0x40, 0x7a, 0x41, 0x82, 0x41, 0x82,
    0x80, 0x92, 0x81, 0x8a, 0x80, 0x8a, 0x80, 0x92, 0x81, 0x8a, 0x80, 0x8a,
    0x81, 0x8a, 0x81, 0x8a, 0x80, 0x8a, 0xa1, 0x92, 0x81, 0x8a, 0x40, 0x7a,
    0xe0, 0x69, 0xc0, 0x61, 0xc0, 0x61, 0xe0, 0x69, 0x21, 0x7a, 0x81, 0x8a,
    0xa1, 0x92, 0x81, 0x8a, 0x80, 0x92, 0xa1, 0x92, 0x61, 0x8a, 0x40, 0x7a,
    0x20, 0x7a, 0x40, 0x7a, 0x20, 0x7a, 0x40, 0x82, 0x40, 0x82, 0x40, 0x7a,
    0x40, 0x7a, 0x21, 0x7a, 0x41, 0x82, 0x80, 0x92, 0x80, 0x8a, 0x81, 0x8a,
    0x80, 0x8a, 0x80, 0x92, 0x80, 0x8a, 0x80, 0x8a, 0x81, 0x92, 0x60, 0x8a,
    0x41, 0x82, 0x21, 0x82, 0x40, 0x82, 0x20, 0x7a, 0x41, 0x82, 0x81, 0x92,
    0x81, 0x92, 0x80, 0x8a, 0x80, 0x8a, 0x81, 0x8a, 0xa0, 0x92, 0x60, 0x8a,
    0x60, 0x82, 0x40, 0x82, 0x40, 0x82, 0x60, 0x8a, 0x80, 0x92, 0x81, 0x92,
    0x80, 0x8a, 0x81, 0x8a, 0x60, 0x8a, 0x81, 0x8a, 0x81, 0x92, 0xa0, 0x92,
    0x41, 0x82, 0xe0, 0x69, 0xa0, 0x61, 0xa0, 0x61, 0xc1, 0x61, 0x01, 0x72,
    0x61, 0x8a, 0x80, 0x92, 0x81, 0x8a, 0x81, 0x8a, 0x60, 0x8a, 0x81, 0x8a,
    0x80, 0x92, 0x61, 0x8a, 0x40, 0x82, 0x40, 0x82, 0x41, 0x82, 0x40, 0x82,
    0x20, 0x7a, 0x20, 0x82, 0x60, 0x8a, 0x80, 0x8a, 0x81, 0x92, 0x80, 0x92,
    0x80, 0x8a, 0x81, 0x8a, 0x61, 0x8a, 0x60, 0x8a, 0x81, 0x92, 0x61, 0x8a,
    0x20, 0x7a, 0x20, 0x7a, 0x21, 0x7a, 0x20, 0x7a, 0x20, 0x7a, 0x20, 0x7a,
    0x20, 0x7a, 0x21, 0x7a, 0x20, 0x7a, 0x21, 0x7a, 0x40, 0x82, 0x81, 0x92,
    0x80, 0x92, 0x81, 0x8a, 0x80, 0x8a, 0x81, 0x92, 0x80, 0x8a, 0x81, 0x8a,
    0x80, 0x92, 0x80, 0x8a, 0x81, 0x92, 0x80, 0x92, 0x80, 0x92, 0x81, 0x92,
    0x80, 0x92, 0x81, 0x92, 0x80, 0x92, 0x80, 0x92, 0x81, 0x92, 0x81, 0x92,
    0x80, 0x92, 0xa0, 0x92, 0x81, 0x92, 0x80, 0x92, 0xa0, 0x92, 0x81, 0x92,
    0x80, 0x92, 0x80, 0x92, 0x81, 0x92, 0xa0, 0x92, 0x80, 0x92, 0x81, 0x92,
    0x80, 0x92, 0x20, 0x7a, 0x01, 0x41, 0xaa, 0x3a, 0xd6, 0x2c, 0xb6, 0x34,
    0xd6, 0x2c, 0xd6, 0x34, 0xd6, 0x34, 0xb5, 0x2c, 0xd6, 0x34, 0xd6, 0x34,
    0xd6, 0x2c, 0xd6, 0x34, 0xf6, 0x3c, 0x16, 0x45, 0x36, 0x4d, 0x36, 0x55,
    0x95, 0x2c, 0x95, 0x2c, 0x96, 0x2c, 0x95, 0x2c, 0x95, 0x24, 0x96, 0x2c,
    0x95, 0x2c, 0x95, 0x2c, 0x96, 0x2c, 0x95, 0x2c, 0x95, 0x2c, 0x96, 0x2c,
    0xb1, 0x2b, 0x02, 0x41, 0xa1, 0x59, 0xc1, 0x9a, 0xc1, 0x9a, 0xc1, 0x9a,
    0xc1, 0x9a, 0xc1, 0x9a, 0xc1, 0x9a, 0xc1, 0x9a, 0xc1, 0x9a, 0xc1, 0x9a,
    0xc1, 0x9a, 0xc1, 0x9a, 0xa1, 0x9a, 0xc1, 0x9a, 0xc1, 0x92, 0xc1, 0x9a,
    0xa1, 0x9a, 0xc1, 0x92, 0xa1, 0x92, 0xa1, 0x9a, 0xa1, 0x92, 0xa1, 0x9a,
    0xa1, 0x92, 0xa1, 0x92, 0xa1, 0x92, 0xa0, 0x92, 0xa1, 0x92, 0xa1, 0x92,
    0xa0, 0x92, 0xa0, 0x9a, 0xa1, 0x92, 0xa1, 0x92, 0xa0, 0x92, 0xa0, 0x92,
    0xa1, 0x92, 0x40, 0x82, 0x80, 0x51, 0x00, 0x31, 0xe0, 0x30, 0xe0, 0x30,
    0xe0, 0x30, 0xe0, 0x30, 0xe0, 0x30, 0x00, 0x39, 0x80, 0x51, 0x20, 0x7a,
    0xa0, 0x61, 0x00, 0x39, 0xe0, 0x30, 0xe0, 0x30, 0xe0, 0x30, 0xe0, 0x30,
    0xe0, 0x30, 0xe0, 0x30, 0xe0, 0x30, 0xe0, 0x30, 0xe0, 0x30, 0xe0, 0x30,
    0xe0, 0x30, 0xe0, 0x30, 0x00, 0x31, 0xc0, 0x61, 0x61, 0x8a, 0x80, 0x51,
    0x00, 0x31, 0xe0, 0x30, 0xe0, 0x30, 0xe0, 0x30, 0xe0, 0x30, 0xe0, 0x30,
    0x40, 0x41, 0x61, 0x82, 0x80, 0x92, 0x81, 0x8a, 0x80, 0x92, 0x80, 0x92,
    0xa1, 0x8a, 0x80, 0x8a, 0x40, 0x82, 0xa0, 0x59, 0x20, 0x39, 0xe0, 0x30,
    0xe0, 0x30, 0x00, 0x31, 0x00, 0x31, 0xe0, 0x30, 0xe0, 0x30, 0x20, 0x39,
    0xc0, 0x61, 0x60, 0x8a, 0x80, 0x8a, 0x80, 0x51, 0x00, 0x31, 0xe0, 0x30,
    0xe0, 0x30, 0xe0, 0x30, 0xe0, 0x30, 0xe0, 0x30, 0xe0, 0x30, 0xe0, 0x30,
    0xe0, 0x30, 0xe0, 0x30, 0xe0, 0x30, 0x20, 0x41, 0x20, 0x7a, 0x81, 0x8a,
    0x80, 0x8a, 0x81, 0x92, 0x80, 0x8a, 0x81, 0x8a, 0xe0, 0x69, 0x00, 0x39,
    0xe0, 0x30, 0xe0, 0x30, 0xe0, 0x30, 0xe0, 0x30, 0xe0, 0x30, 0x20, 0x41,
    0x00, 0x72, 0x81, 0x8a, 0x81, 0x8a, 0x40, 0x82, 0x40, 0x49, 0xe0, 0x30,
    0xe0, 0x30, 0xe0, 0x30, 0xe0, 0x30, 0xe0, 0x30, 0x00, 0x39, 0xc0, 0x61,
    0x61, 0x8a, 0x60, 0x8a, 0x80, 0x92, 0x61, 0x8a, 0x00, 0x72, 0x40, 0x41,
    0xe0, 0x30, 0xe0, 0x30, 0xe0, 0x30, 0x00, 0x31, 0x00, 0x31, 0xe0, 0x30,
    0x00, 0x39, 0x80, 0x51, 0x40, 0x7a, 0x81, 0x8a, 0x60, 0x8a, 0x60, 0x8a,
    0xc0, 0x61, 0x00, 0x39, 0xe0, 0x30, 0xe0, 0x30, 0xe0, 0x30, 0x00, 0x31,
    0xe0, 0x30, 0xe0, 0x30, 0x00, 0x31, 0x20, 0x39, 0x80, 0x51, 0x00, 0x72,
    0x61, 0x8a, 0x80, 0x8a, 0x81, 0x8a, 0x60, 0x92, 0x00, 0x72, 0x20, 0x39,
    0xe0, 0x30, 0xe0, 0x30, 0xe0, 0x30, 0xe0, 0x30, 0xe0, 0x30, 0xe0, 0x30,
    0xe0, 0x30, 0xe0, 0x30, 0xe0, 0x30, 0xe0, 0x30, 0x00, 0x31, 0x40, 0x41,
    0x41, 0x82, 0x80, 0x92, 0x80, 0x8a, 0x81, 0x8a, 0x80, 0x8a, 0x80, 0x92,
    0x81, 0x92, 0x80, 0x8a, 0x80, 0x8a, 0x81, 0x92, 0x80, 0x92, 0x80, 0x8a,
    0x81, 0x92, 0xa0, 0x92, 0xa1, 0x92, 0x80, 0x92, 0x80, 0x92, 0x81, 0x92,
    0x80, 0x92, 0x80, 0x92, 0x81, 0x92, 0x80, 0x92, 0x80, 0x92, 0x81, 0x92,
    0xa0, 0x92, 0x81, 0x92, 0x80, 0x92, 0x81, 0x92, 0x80, 0x8a, 0x80, 0x8a,
    0x81, 0x92, 0x20, 0x7a, 0x01, 0x41, 0xaa, 0x3a, 0xd6, 0x34, 0xb6, 0x2c,
    0xd6, 0x34, 0xd6, 0x34, 0xd6, 0x34, 0xd6, 0x2c, 0xd6, 0x34, 0xd6, 0x34,
    0xd6, 0x34, 0xd6, 0x34, 0x16, 0x3d, 0x36, 0x4d, 0x36, 0x55, 0x36, 0x55,
    0xb6, 0x2c, 0x95, 0x2c, 0x95, 0x2c, 0x96, 0x2c, 0x95, 0x2c, 0x95, 0x2c,
    0x96, 0x2c, 0x95, 0x24, 0x95, 0x2c, 0x95, 0x2c, 0x95, 0x2c, 0x96, 0x2c,
    0xd1, 0x2b, 0x01, 0x39, 0xa0, 0x59, 0xa1, 0x9a, 0xa1, 0x92, 0xc1, 0x9a,
    0xa1, 0x9a, 0xc1, 0x9a, 0xc2, 0x9a, 0xa1, 0x9a, 0xa1, 0x9a, 0xc1, 0x9a,
    0xc2, 0x9a, 0xa1, 0x9a, 0xc1, 0x9a, 0xc1, 0x9a, 0xa1, 0x9a, 0xc1, 0x92,
    0xa1, 0x9a, 0xc1, 0x9a, 0xa1, 0x9a, 0xa1, 0x9a, 0xc1, 0x9a, 0xa0, 0x92,
    0xa1, 0x9a, 0xa1, 0x9a, 0xa0, 0x92, 0xa1, 0x92, 0xa1, 0x9a, 0xa1, 0x9a,
    0xa1, 0x92, 0xa1, 0x92, 0xa1, 0x92, 0xa1, 0x92, 0xa1, 0x92, 0xa1, 0x9a,
    0x20, 0x7a, 0x00, 0x39, 0xe0, 0x30, 0xc0, 0x30, 0x20, 0x52, 0x20, 0x7b,
    0x60, 0x7b, 0x00, 0x73, 0x20, 0x52, 0xe0, 0x30, 0xe0, 0x30, 0x00, 0x39,
    0x00, 0x39, 0x00, 0x39, 0x80, 0x41, 0xa0, 0x41, 0xa0, 0x49, 0xa0, 0x49,
    0xa0, 0x41, 0xa0, 0x49, 0xc0, 0x49, 0x80, 0x41, 0x80, 0x41, 0x80, 0x41,
    0x80, 0x41, 0x80, 0x41, 0x20, 0x31, 0x20, 0x39, 0x60, 0x49, 0xe0, 0x38,
    0x00, 0x31, 0x80, 0x41, 0x80, 0x41, 0x80, 0x41, 0x80, 0x41, 0x00, 0x31,
    0xe0, 0x30, 0xa0, 0x61, 0x80, 0x92, 0x81, 0x8a, 0x81, 0x92, 0xa1, 0x92,
    0x80, 0x8a, 0x80, 0x51, 0x00, 0x39, 0xc0, 0x30, 0xc0, 0x28, 0x00, 0x52,
    0xa0, 0x83, 0x40, 0x9c, 0x60, 0xa4, 0x00, 0x94, 0x80, 0x62, 0xe0, 0x30,
    0xc0, 0x30, 0x40, 0x41, 0xa0, 0x59, 0xe0, 0x30, 0x20, 0x39, 0x80, 0x49,
    0x80, 0x41, 0x80, 0x41, 0x80, 0x41, 0x80, 0x41, 0xa0, 0x41, 0xa0, 0x41,
    0x80, 0x41, 0x80, 0x41, 0x40, 0x39, 0x00, 0x31, 0x80, 0x51, 0x81, 0x8a,
    0x81, 0x92, 0x60, 0x8a, 0x81, 0x92, 0x00, 0x72, 0x00, 0x39, 0xe0, 0x30,
    0x40, 0x39, 0x40, 0x39, 0x40, 0x39, 0x60, 0x39, 0x40, 0x39, 0xe0, 0x30,
    0x00, 0x39, 0x20, 0x7a, 0x61, 0x8a, 0x80, 0x51, 0xe0, 0x30, 0xe0, 0x30,
    0x60, 0x39, 0x60, 0x41, 0x60, 0x41, 0x60, 0x39, 0x00, 0x31, 0x00, 0x39,
    0xe0, 0x69, 0x81, 0x92, 0x61, 0x82, 0x40, 0x49, 0x00, 0x39, 0xc0, 0x28,
    0xa0, 0x49, 0x40, 0x7b, 0x20, 0x94, 0x80, 0xa4, 0x00, 0x94, 0x80, 0x62,
    0xe0, 0x30, 0xc0, 0x30, 0x00, 0x39, 0xa0, 0x59, 0x81, 0x8a, 0x20, 0x7a,
    0x20, 0x41, 0x00, 0x31, 0x60, 0x41, 0x80, 0x41, 0x80, 0x41, 0x80, 0x41,
    0x80, 0x41, 0x40, 0x39, 0x20, 0x31, 0xc0, 0x30, 0xa0, 0x28, 0xe0, 0x38,
    0x20, 0x41, 0xe0, 0x69, 0xa1, 0x92, 0x81, 0x8a, 0x60, 0x49, 0x00, 0x31,
    0x60, 0x41, 0x80, 0x41, 0xa0, 0x41, 0xa0, 0x49, 0xa0, 0x49, 0xa0, 0x49,
    0xc0, 0x49, 0xa0, 0x49, 0xc0, 0x49, 0xc0, 0x49, 0x60, 0x41, 0x00, 0x39,
    0xa0, 0x59, 0xa1, 0x92, 0x80, 0x92, 0x80, 0x92, 0x81, 0x8a, 0x80, 0x92,
    0x81, 0x92, 0x81, 0x92, 0x80, 0x92, 0x81, 0x92, 0x81, 0x92, 0xa0, 0x92,
    0x80, 0x92, 0x81, 0x92, 0x80, 0x92, 0x80, 0x8a, 0xa1, 0x92, 0x81, 0x8a,
    0x80, 0x8a, 0x81, 0x8a, 0x80, 0x92, 0x80, 0x92, 0x80, 0x92, 0x81, 0x92,
    0x80, 0x8a, 0x80, 0x92, 0x81, 0x92, 0x81, 0x92, 0x80, 0x92, 0x80, 0x92,
    0x81, 0x8a, 0x20, 0x82, 0x01, 0x41, 0xab, 0x42, 0xf6, 0x34, 0xd6, 0x34,
    0xd6, 0x34, 0xd5, 0x34, 0xd6, 0x34, 0xf6, 0x3c, 0xf6, 0x3c, 0xf6, 0x3c,
    0xf6, 0x3c, 0xf6, 0x44, 0x16, 0x45, 0x36, 0x55, 0x36, 0x55, 0x56, 0x55,
    0x53, 0x3c, 0x95, 0x2c, 0x95, 0x2c, 0xb6, 0x2c, 0x95, 0x2c, 0x95, 0x2c,
    0x96, 0x2c, 0x95, 0x2c, 0x95, 0x2c, 0x95, 0x2c, 0x96, 0x2c, 0x96, 0x2c,
    0xf1, 0x33, 0x02, 0x41, 0xa1, 0x59, 0xa1, 0x9a, 0xa1, 0x9a, 0xc1, 0x9a,
    0xa1, 0x9a, 0xc1, 0x9a, 0xc1, 0x9a, 0xa1, 0x9a, 0xc1, 0x9a, 0xc1, 0x9a,
    0xa1, 0x9a, 0xc1, 0x9a, 0xc1, 0x92, 0xa1, 0x92, 0xa1, 0x9a, 0xc1, 0x9a,
    0xa1, 0x92, 0xa1, 0x9a, 0xc1, 0x92, 0xc1, 0x9a, 0xc1, 0x92, 0xa1, 0x9a,
    0xa1, 0x9a, 0xc1, 0x9a, 0xa1, 0x92, 0xa1, 0x92, 0xa1, 0x9a, 0xa1, 0x92,
    0xa1, 0x92, 0xa1, 0x92, 0xa0, 0x92, 0x80, 0x92, 0xa1, 0x92, 0x21, 0x7a,
    0x00, 0x39, 0x00, 0x39, 0x00, 0x73, 0x20, 0xde, 0x20, 0xff, 0x20, 0xff,
    0x20, 0xff, 0x20, 0xff, 0x00, 0xff, 0x40, 0xde, 0xa0, 0x83, 0x40, 0x39,
    0x00, 0x39, 0xe0, 0x6a, 0x00, 0xff, 0x00, 0xff, 0x00, 0xff, 0x00, 0xff,
    0x00, 0xff, 0x00, 0xff, 0x00, 0xff, 0x00, 0xff, 0x00, 0xff, 0x00, 0xff,
    0x00, 0xff, 0x20, 0xff, 0x20, 0x94, 0x00, 0x39, 0x00, 0x39, 0x60, 0x41,
    0x80, 0xc5, 0x00, 0xff, 0x00, 0xff, 0x00, 0xff, 0x00, 0xff, 0xa0, 0xcd,
    0x40, 0x39, 0x60, 0x49, 0x81, 0x8a, 0x80, 0x8a, 0x81, 0x8a, 0x81, 0x8a,
    0x60, 0x49, 0xe0, 0x30, 0x40, 0x41, 0xa0, 0x83, 0x00, 0xd6, 0x00, 0xff,
    0x00, 0xff, 0x00, 0xff, 0xe0, 0xfe, 0x00, 0xff, 0x20, 0xff, 0x40, 0xde,
    0x80, 0x83, 0x20, 0x39, 0x00, 0x39, 0x60, 0x41, 0xc0, 0xcd, 0x20, 0xff,
    0x00, 0xff, 0x20, 0xff, 0x00, 0xff, 0x00, 0xff, 0x00, 0xff, 0x00, 0xff,
    0x00, 0xff, 0x00, 0xff, 0x20, 0xde, 0xa0, 0x49, 0x40, 0x49, 0x61, 0x8a,
    0x80, 0x8a, 0x81, 0x8a, 0x80, 0x8a, 0xc0, 0x61, 0x00, 0x39, 0x20, 0x94,
    0x20, 0xff, 0x00, 0xff, 0x00, 0xff, 0xe0, 0xfe, 0xe0, 0xfe, 0x80, 0x83,
    0xe0, 0x30, 0xc0, 0x61, 0x40, 0x82, 0x00, 0x39, 0x40, 0x5a, 0x60, 0xe6,
    0x00, 0xff, 0x00, 0xff, 0x00, 0xff, 0x00, 0xff, 0x40, 0xbd, 0x00, 0x31,
    0x60, 0x51, 0x41, 0x82, 0x20, 0x41, 0x00, 0x31, 0x40, 0x5a, 0x40, 0xbd,
    0x00, 0xff, 0x20, 0xff, 0x00, 0xff, 0x00, 0xff, 0x00, 0xff, 0x00, 0xff,
    0x60, 0xe6, 0xc0, 0x83, 0x40, 0x39, 0xe0, 0x30, 0xa0, 0x59, 0xe1, 0x69,
    0x00, 0x31, 0x00, 0x94, 0x20, 0xff, 0xe0, 0xfe, 0x00, 0xff, 0x00, 0xff,
    0x00, 0xff, 0x00, 0xff, 0x00, 0xff, 0x80, 0xee, 0x20, 0xb5, 0xe0, 0x6a,
    0x40, 0x39, 0xe0, 0x30, 0xa0, 0x61, 0x61, 0x8a, 0x40, 0x41, 0x20, 0x5a,
    0x80, 0xe6, 0x00, 0xff, 0x00, 0xff, 0x00, 0xff, 0x00, 0xff, 0x00, 0xff,
    0x00, 0xff, 0x00, 0xff, 0xe0, 0xfe, 0x00, 0xff, 0xa0, 0xcd, 0x20, 0x39,
    0x40, 0x49, 0x81, 0x8a, 0x81, 0x92, 0x80, 0x92, 0x81, 0x8a, 0x80, 0x8a,
    0x80, 0x92, 0x80, 0x92, 0x80, 0x8a, 0x80, 0x8a, 0x81, 0x8a, 0x80, 0x92,
    0x81, 0x8a, 0x81, 0x92, 0x80, 0x92, 0x80, 0x92, 0x81, 0x92, 0x80, 0x92,
    0x80, 0x92, 0x81, 0x8a, 0xa1, 0x92, 0x81, 0x8a, 0xa1, 0x92, 0x80, 0x8a,
    0x80, 0x92, 0x81, 0x8a, 0x80, 0x92, 0x80, 0x8a, 0x81, 0x8a, 0x80, 0x92,
    0x80, 0x92, 0x20, 0x7a, 0x01, 0x41, 0xab, 0x3a, 0xf6, 0x34, 0xf6, 0x3c,
    0xf6, 0x3c, 0x16, 0x45, 0x36, 0x4d, 0x16, 0x4d, 0x16, 0x4d, 0x16, 0x4d,
    0x16, 0x4d, 0x16, 0x4d, 0x36, 0x4d, 0x36, 0x55, 0x57, 0x55, 0x57, 0x55,
    0x2c, 0x5b, 0xb5, 0x2c, 0x95, 0x2c, 0xb5, 0x2c, 0xb6, 0x2c, 0x95, 0x2c,
    0xb5, 0x2c, 0x96, 0x2c, 0x95, 0x2c, 0x95, 0x2c, 0x95, 0x24, 0x96, 0x2c,
    0xf1, 0x2b, 0x22, 0x41, 0x81, 0x59, 0xa1, 0x92, 0xa1, 0x92, 0xc2, 0x9a,
    0xa1, 0x92, 0xc1, 0x9a, 0xc1, 0x9a, 0xc1, 0x92, 0xa1, 0x9a, 0xc1, 0x9a,
    0xc1, 0x9a, 0xa1, 0x9a, 0xa1, 0x9a, 0xc1, 0x9a, 0xc1, 0x92, 0xc1, 0x9a,
    0xa1, 0x9a, 0xa1, 0x9a, 0xa1, 0x92, 0xa1, 0x92, 0xa0, 0x9a, 0xa1, 0x92,
    0xa1, 0x9a, 0xa1, 0x92, 0xa1, 0x9a, 0xa0, 0x92, 0xc1, 0x9a, 0xa1, 0x92,
    0xa0, 0x9a, 0xa1, 0x9a, 0xa1, 0x92, 0xa1, 0x9a, 0x81, 0x8a, 0x40, 0x49,
    0x00, 0x39, 0xe0, 0x8b, 0xe0, 0xfe, 0xc0, 0xfe, 0xe0, 0xfe, 0xc0, 0xfe,
    0xc0, 0xfe, 0xc0, 0xfe, 0xc0, 0xfe, 0xc0, 0xfe, 0xe0, 0xf6, 0x60, 0x7b,
    0xe0, 0x30, 0x40, 0x7b, 0xe0, 0xfe, 0xc0, 0xfe, 0xc0, 0xfe, 0xe0, 0xfe,
    0xe0, 0xfe, 0xc0, 0xfe, 0xc0, 0xfe, 0xc0, 0xfe, 0xe0, 0xfe, 0xc0, 0xfe,
    0xc0, 0xfe, 0x00, 0xff, 0x00, 0x94, 0xe0, 0x38, 0x00, 0x39, 0x60, 0x5a,
    0x80, 0xee, 0xe0, 0xfe, 0xe0, 0xfe, 0xc0, 0xfe, 0xc0, 0xfe, 0x80, 0xee,
    0x60, 0x62, 0x00, 0x39, 0x21, 0x7a, 0x81, 0x8a, 0x80, 0x92, 0x80, 0x51,
    0xe0, 0x30, 0x00, 0x52, 0xe0, 0xd5, 0xe0, 0xfe, 0xc0, 0xfe, 0xc0, 0xfe,
    0xc0, 0xfe, 0xe0, 0xfe, 0xe0, 0xfe, 0xe0, 0xfe, 0xc0, 0xfe, 0xc0, 0xfe,
    0x80, 0xe6, 0x40, 0x5a, 0x00, 0x39, 0x80, 0x41, 0xc0, 0xd5, 0xe0, 0xfe,
    0xc0, 0xfe, 0xc0, 0xfe, 0xe0, 0xfe, 0xe0, 0xfe, 0xc0, 0xfe, 0xc0, 0xfe,
    0xc0, 0xfe, 0xe0, 0xfe, 0x20, 0xde, 0xc0, 0x49, 0x20, 0x41, 0x41, 0x82,
    0x60, 0x8a, 0x81, 0x8a, 0x61, 0x8a, 0xa0, 0x59, 0x00, 0x39, 0xc0, 0xac,
    0x00, 0xff, 0xc0, 0xfe, 0xc0, 0xfe, 0xc0, 0xfe, 0xe0, 0xfe, 0xe0, 0xb4,
    0x00, 0x31, 0x80, 0x51, 0xe1, 0x69, 0xe0, 0x30, 0xe0, 0x8b, 0xe0, 0xfe,
    0xc0, 0xfe, 0xc0, 0xfe, 0xc0, 0xfe, 0xe0, 0xfe, 0x40, 0xc5, 0x00, 0x31,
    0x20, 0x41, 0x40, 0x49, 0x00, 0x31, 0x40, 0x7b, 0xc0, 0xf6, 0xc0, 0xfe,
    0xc0, 0xfe, 0xc0, 0xfe, 0xe0, 0xfe, 0xc0, 0xfe, 0xc0, 0xfe, 0xc0, 0xfe,
    0xc0, 0xfe, 0xe0, 0xfe, 0x80, 0xbd, 0x80, 0x41, 0x00, 0x39, 0x20, 0x41,
    0x00, 0x39, 0x40, 0x9c, 0x00, 0xff, 0xc0, 0xfe, 0xc0, 0xfe, 0xe0, 0xfe,
    0xc0, 0xfe, 0xc0, 0xfe, 0xe0, 0xfe, 0xe0, 0xfe, 0xc0, 0xfe, 0xe0, 0xfe,
    0xc0, 0xc5, 0xe0, 0x51, 0x00, 0x31, 0x60, 0x49, 0x00, 0x41, 0x20, 0x5a,
    0x60, 0xe6, 0xc0, 0xfe, 0xc0, 0xfe, 0xc0, 0xfe, 0xc0, 0xfe, 0xe0, 0xfe,
    0xc0, 0xfe, 0xc0, 0xfe, 0xc0, 0xfe, 0xe0, 0xfe, 0xa0, 0xcd, 0x20, 0x39,
    0x40, 0x49, 0x60, 0x8a, 0x80, 0x8a, 0x81, 0x92, 0x80, 0x92, 0x80, 0x8a,
    0x80, 0x92, 0x81, 0x92, 0x81, 0x92, 0x80, 0x8a, 0x80, 0x92, 0x81, 0x92,
    0x80, 0x92, 0x81, 0x92, 0x80, 0x92, 0x80, 0x8a, 0x81, 0x92, 0x81, 0x92,
    0x80, 0x8a, 0x80, 0x8a, 0x80, 0x92, 0x80, 0x8a, 0x80, 0x8a, 0x81, 0x92,
    0x80, 0x92, 0x81, 0x92, 0x80, 0x92, 0x81, 0x8a, 0x80, 0x8a, 0x81, 0x8a,
    0x81, 0x92, 0x00, 0x72, 0x01, 0x41, 0xcb, 0x42, 0x16, 0x3d, 0x16, 0x45,
    0x36, 0x4d, 0x36, 0x55, 0x36, 0x55, 0x56, 0x55, 0x56, 0x55, 0x36, 0x55,
    0x36, 0x4d, 0x36, 0x4d, 0x36, 0x55, 0x36, 0x55, 0x56, 0x55, 0x36, 0x55,
    0x86, 0x7a, 0x11, 0x44, 0xb6, 0x2c, 0x95, 0x2c, 0xb5, 0x2c, 0xb5, 0x2c,
    0xb6, 0x2c, 0xb5, 0x2c, 0x95, 0x2c, 0x95, 0x2c, 0x95, 0x2c, 0x95, 0x2c,
    0x33, 0x2c, 0x63, 0x41, 0x40, 0x49, 0x21, 0x7a, 0x61, 0x82, 0x81, 0x92,
    0xc1, 0x9a, 0xc2, 0x9a, 0xc1, 0x9a, 0xc1, 0x9a, 0xe2, 0x9a, 0xe1, 0x9a,
    0xc1, 0x9a, 0xc1, 0x9a, 0xc1, 0x9a, 0xa1, 0x9a, 0xa1, 0x9a, 0xc1, 0x92,
    0xc1, 0x9a, 0xa1, 0x9a, 0xa1, 0x92, 0xa1, 0x9a, 0xa1, 0x92, 0xa0, 0x92,
    0xa1, 0x92, 0xa1, 0x92, 0xa0, 0x92, 0xa1, 0x9a, 0xa1, 0x92, 0xa0, 0x92,
    0xa1, 0x9a, 0xa0, 0x92, 0x81, 0x92, 0xa1, 0x9a, 0x00, 0x72, 0x00, 0x31,
    0x80, 0x62, 0x80, 0xee, 0xc0, 0xfe, 0xe0, 0xfe, 0xc0, 0xfe, 0xc0, 0xfe,
    0xc0, 0xfe, 0xc0, 0xfe, 0xc0, 0xfe, 0xe0, 0xfe, 0x80, 0xee, 0x40, 0x5a,
    0x00, 0x39, 0xa0, 0x8b, 0xe0, 0xfe, 0xc0, 0xfe, 0xc0, 0xfe, 0xc0, 0xfe,
    0xe0, 0xfe, 0xe0, 0xfe, 0xc0, 0xfe, 0xe0, 0xfe, 0xc0, 0xfe, 0xc0, 0xfe,
    0xc0, 0xfe, 0xe0, 0xfe, 0x00, 0x94, 0x00, 0x39, 0x00, 0x39, 0x80, 0x83,
    0xc0, 0xfe, 0xe0, 0xfe, 0xe0, 0xfe, 0xc0, 0xfe, 0xc0, 0xfe, 0xc0, 0xfe,
    0xa0, 0x8b, 0xe0, 0x30, 0xc0, 0x61, 0x81, 0x92, 0x20, 0x72, 0x00, 0x39,
    0xe0, 0x51, 0x00, 0xd6, 0xe0, 0xfe, 0xc0, 0xfe, 0xe0, 0xfe, 0xe0, 0xfe,
    0xc0, 0xfe, 0xc0, 0xfe, 0xe0, 0xfe, 0xe0, 0xfe, 0xc0, 0xfe, 0xe0, 0xfe,
    0x40, 0xbd, 0x00, 0x39, 0x00, 0x39, 0x80, 0x49, 0xc0, 0xd5, 0xe0, 0xfe,
    0xe0, 0xfe, 0xc0, 0xfe, 0xc0, 0xfe, 0xc0, 0xfe, 0xc0, 0xfe, 0xc0, 0xfe,
    0xc0, 0xfe, 0xc0, 0xfe, 0x00, 0xde, 0xc0, 0x49, 0x20, 0x41, 0x41, 0x82,
    0x80, 0x8a, 0x60, 0x8a, 0x80, 0x8a, 0xa0, 0x59, 0x20, 0x39, 0xe0, 0xac,
    0x00, 0xff, 0xc0, 0xfe, 0xc0, 0xfe, 0xe0, 0xfe, 0xe0, 0xfe, 0xc0, 0xd5,
    0x60, 0x41, 0x40, 0x41, 0x80, 0x51, 0x40, 0x41, 0x20, 0xbd, 0xe0, 0xfe,
    0xc0, 0xfe, 0xc0, 0xfe, 0xc0, 0xfe, 0xc0, 0xfe, 0x60, 0xcd, 0x20, 0x39,
    0x00, 0x39, 0x00, 0x31, 0x60, 0x5a, 0x60, 0xee, 0xc0, 0xfe, 0xe0, 0xfe,
    0xc0, 0xfe, 0xc0, 0xfe, 0xc0, 0xfe, 0xe0, 0xfe, 0xc0, 0xfe, 0xc0, 0xfe,
    0xe0, 0xfe, 0xc0, 0xfe, 0xe0, 0xfe, 0xe0, 0xac, 0x20, 0x39, 0x00, 0x39,
    0x00, 0x31, 0x40, 0x9c, 0x00, 0xff, 0xe0, 0xfe, 0xc0, 0xfe, 0xe0, 0xfe,
    0xc0, 0xfe, 0xc0, 0xfe, 0xc0, 0xfe, 0xc0, 0xfe, 0xc0, 0xfe, 0xe0, 0xfe,
    0xe0, 0xfe, 0xe0, 0xd5, 0xe1, 0x51, 0x00, 0x39, 0x00, 0x39, 0x20, 0x5a,
    0x60, 0xe6, 0xc0, 0xfe, 0xe0, 0xfe, 0xc0, 0xfe, 0xc0, 0xfe, 0xc0, 0xfe,
    0xc0, 0xfe, 0xc0, 0xfe, 0xc0, 0xfe, 0xc0, 0xfe, 0xc0, 0xd5, 0x40, 0x39,
    0x40, 0x41, 0x61, 0x8a, 0x80, 0x8a, 0x80, 0x8a, 0x61, 0x8a, 0x61, 0x8a,
    0x80, 0x8a, 0x80, 0x8a, 0x61, 0x8a, 0x80, 0x8a, 0x80, 0x8a, 0x80, 0x8a,
    0x80, 0x8a, 0x80, 0x8a, 0x81, 0x8a, 0x80, 0x8a, 0x60, 0x8a, 0x60, 0x8a,
    0x60, 0x8a, 0x60, 0x8a, 0x40, 0x82, 0x40, 0x82, 0x40, 0x82, 0x40, 0x82,
    0x40, 0x7a, 0x40, 0x7a, 0x20, 0x7a, 0x20, 0x7a, 0xe0, 0x71, 0xe0, 0x69,
    0xa0, 0x61, 0x60, 0x49, 0x01, 0x41, 0x8f, 0x43, 0x36, 0x4d, 0x36, 0x55,
    0x36, 0x55, 0x56, 0x5d, 0x56, 0x5d, 0x56, 0x5d, 0x56, 0x55, 0x56, 0x55,
    0x56, 0x55, 0x56, 0x55, 0x36, 0x55, 0x56, 0x55, 0x36, 0x5d, 0x36, 0x5d,
    0x65, 0x82, 0xe9, 0x6a, 0x94, 0x34, 0x95, 0x2c, 0x95, 0x2c, 0x96, 0x2c,
    0x95, 0x2c, 0xb6, 0x2c, 0x95, 0x2c, 0x96, 0x2c, 0x96, 0x2c, 0xb5, 0x2c,
    0x96, 0x2c, 0x8a, 0x3a, 0x00, 0x41, 0x00, 0x39, 0x00, 0x39, 0x00, 0x39,
    0x20, 0x41, 0x61, 0x51, 0x81, 0x59, 0xa1, 0x61, 0xc1, 0x61, 0x01, 0x6a,
    0x21, 0x72, 0x41, 0x82, 0x61, 0x82, 0x81, 0x8a, 0x81, 0x92, 0x81, 0x92,
    0x81, 0x92, 0xa1, 0x92, 0xa1, 0x92, 0xa1, 0x92, 0xa1, 0x92, 0xa1, 0x92,
    0xa0, 0x92, 0xa1, 0x92, 0xa1, 0x92, 0xa1, 0x92, 0x81, 0x92, 0xa1, 0x92,
    0x81, 0x92, 0xa1, 0x92, 0xa1, 0x92, 0xa1, 0x92, 0xa0, 0x59, 0x00, 0x39,
    0x80, 0xa4, 0xe0, 0xfe, 0xe0, 0xfe, 0xe0, 0xfe, 0xc0, 0xfe, 0xa0, 0xee,
    0x00, 0xd6, 0x40, 0xde, 0xa0, 0xee, 0xe0, 0xfe, 0x60, 0xbd, 0x40, 0x39,
    0x00, 0x39, 0xa0, 0x83, 0xc0, 0xee, 0xc0, 0xee, 0xc0, 0xee, 0xc0, 0xf6,
    0xc0, 0xfe, 0xe0, 0xfe, 0xe0, 0xfe, 0xe0, 0xfe, 0xc0, 0xf6, 0xa0, 0xee,
    0xc0, 0xee, 0xe0, 0xee, 0xe0, 0x8b, 0x20, 0x39, 0x40, 0x39, 0xe0, 0xb4,
    0xe0, 0xfe, 0xe0, 0xfe, 0xc0, 0xfe, 0xe0, 0xfe, 0xe0, 0xfe, 0xe0, 0xfe,
    0x20, 0xb5, 0x20, 0x39, 0x60, 0x51, 0x81, 0x8a, 0x80, 0x51, 0x20, 0x39,
    0xe0, 0xac, 0xe0, 0xfe, 0xe0, 0xfe, 0xe0, 0xfe, 0xc0, 0xfe, 0xe0, 0xfe,
    0xa0, 0xee, 0x20, 0xde, 0x20, 0xde, 0xc0, 0xee, 0xe0, 0xfe, 0xe0, 0xfe,
    0x60, 0x7b, 0xe0, 0x30, 0x00, 0x39, 0x80, 0x49, 0xc0, 0xd5, 0xe0, 0xfe,
    0xe0, 0xfe, 0xe0, 0xfe, 0xc0, 0xfe, 0xc0, 0xee, 0xc0, 0xee, 0xc0, 0xee,
    0xc0, 0xee, 0xa0, 0xee, 0xc0, 0xc5, 0x80, 0x41, 0x40, 0x41, 0x61, 0x82,
    0x81, 0x8a, 0x60, 0x8a, 0x61, 0x8a, 0xa0, 0x59, 0x20, 0x39, 0x00, 0xad,
    0xe0, 0xfe, 0xc0, 0xfe, 0xe0, 0xfe, 0xe0, 0xfe, 0xc0, 0xfe, 0x80, 0xee,
    0x60, 0x5a, 0xe0, 0x38, 0x00, 0x39, 0xc0, 0x49, 0x20, 0xde, 0xe0, 0xfe,
    0xe0, 0xfe, 0xe0, 0xfe, 0xc0, 0xfe, 0xe0, 0xfe, 0x80, 0xcd, 0x20, 0x39,
    0x20, 0x39, 0x40, 0x39, 0x40, 0xbd, 0xe0, 0xfe, 0xc0, 0xfe, 0xe0, 0xfe,
    0xe0, 0xfe, 0xe0, 0xfe, 0x20, 0xde, 0xc0, 0xcd, 0x80, 0xe6, 0xe0, 0xfe,
    0xe0, 0xfe, 0xe0, 0xfe, 0xc0, 0xfe, 0xa0, 0xf6, 0xe0, 0x6a, 0x00, 0x39,
    0x00, 0x39, 0x40, 0x9c, 0x00, 0xff, 0xc0, 0xfe, 0xe0, 0xfe, 0xe0, 0xfe,
    0xc0, 0xf6, 0xa0, 0xe6, 0xc0, 0xee, 0xe0, 0xfe, 0xe0, 0xfe, 0xe0, 0xfe,
    0xe0, 0xfe, 0xe0, 0xfe, 0xe0, 0xac, 0x20, 0x39, 0x00, 0x39, 0x40, 0x5a,
    0x80, 0xe6, 0xc0, 0xfe, 0xe0, 0xfe, 0xe0, 0xfe, 0xc0, 0xfe, 0xc0, 0xee,
    0xc0, 0xee, 0xc0, 0xee, 0xc0, 0xee, 0xc0, 0xee, 0x80, 0xc5, 0x40, 0x39,
    0x60, 0x49, 0x61, 0x8a, 0x80, 0x8a, 0x80, 0x92, 0x81, 0x92, 0x80, 0x92,
    0x80, 0x92, 0x81, 0x92, 0x80, 0x92, 0x81, 0x92, 0x81, 0x92, 0x80, 0x92,
    0xa1, 0x92, 0xa0, 0x92, 0xa1, 0x92, 0xa1, 0x92, 0xa0, 0x92, 0xa1, 0x92,
    0xa1, 0x92, 0x81, 0x92, 0x81, 0x8a, 0x61, 0x82, 0x41, 0x7a, 0x01, 0x72,
    0xe1, 0x69, 0xa0, 0x59, 0x80, 0x59, 0x60, 0x51, 0x40, 0x51, 0x40, 0x49,
    0x20, 0x41, 0x00, 0x41, 0x07, 0x42, 0xf6, 0x44, 0x36, 0x4d, 0x36, 0x55,
    0x56, 0x5d, 0x56, 0x5d, 0x56, 0x5d, 0x56, 0x5d, 0x56, 0x5d, 0x56, 0x5d,
    0x56, 0x5d, 0x56, 0x5d, 0x56, 0x5d, 0x56, 0x55, 0x56, 0x5d, 0x56, 0x55,
    0x65, 0x82, 0x65, 0x82, 0xcf, 0x4b, 0xb6, 0x2c, 0xb6, 0x2c, 0x95, 0x2c,
    0xb6, 0x2c, 0x95, 0x2c, 0x95, 0x2c, 0xb6, 0x2c, 0x95, 0x2c, 0x95, 0x2c,
    0x95, 0x2c, 0x6a, 0x3a, 0x41, 0x51, 0xe2, 0x9a, 0x42, 0xab, 0x22, 0xb3,
    0x42, 0xb3, 0x42, 0xb3, 0x42, 0xab, 0x22, 0xab, 0x21, 0xab, 0x01, 0xab,
    0xe1, 0xa2, 0xe1, 0x9a, 0xc1, 0x9a, 0xc1, 0x9a, 0xc1, 0x9a, 0xc1, 0x9a,
    0xc1, 0x9a, 0xc1, 0x9a, 0xc1, 0x9a, 0xc1, 0x9a, 0xc1, 0x9a, 0xc1, 0x9a,
    0xc1, 0x9a, 0xc1, 0x9a, 0xc1, 0x9a, 0xa1, 0x9a, 0xc1, 0x9a, 0xc1, 0x9a,
    0xa1, 0x9a, 0xa1, 0x9a, 0xa1, 0x92, 0x81, 0x92, 0x60, 0x49, 0x60, 0x41,
    0xa0, 0xcd, 0xe0, 0xfe, 0xe0, 0xfe, 0xc0, 0xfe, 0x40, 0xe6, 0x60, 0x5a,
    0x00, 0x31, 0x20, 0x39, 0x80, 0x41, 0xc0, 0x8b, 0xa0, 0x83, 0x00, 0x31,
    0xe0, 0x30, 0x20, 0x39, 0x60, 0x41, 0x60, 0x41, 0x60, 0x39, 0xc0, 0x83,
    0xc0, 0xfe, 0xc0, 0xfe, 0xc0, 0xfe, 0xe0, 0xfe, 0x00, 0x8c, 0x40, 0x39,
    0x60, 0x41, 0x60, 0x41, 0x40, 0x39, 0x20, 0x39, 0xc0, 0x49, 0x40, 0xde,
    0xe0, 0xfe, 0xc0, 0xfe, 0xe0, 0xfe, 0xe0, 0xfe, 0xc0, 0xfe, 0xc0, 0xfe,
    0x40, 0xe6, 0xe0, 0x51, 0x20, 0x41, 0x21, 0x72, 0x00, 0x39, 0x80, 0x62,
    0x80, 0xee, 0xe0, 0xfe, 0xe0, 0xfe, 0xc0, 0xfe, 0xe0, 0xfe, 0x01, 0xb5,
    0xa0, 0x49, 0x20, 0x39, 0x00, 0x39, 0x80, 0x41, 0x00, 0x73, 0xe0, 0xac,
    0xa1, 0x49, 0x00, 0x39, 0x00, 0x39, 0x80, 0x41, 0xe0, 0xd5, 0xe0, 0xfe,
    0xc0, 0xfe, 0xe0, 0xfe, 0x40, 0xe6, 0x20, 0x52, 0x60, 0x41, 0x40, 0x39,
    0x40, 0x41, 0x60, 0x41, 0x40, 0x39, 0x00, 0x31, 0xa0, 0x59, 0x81, 0x92,
    0x80, 0x8a, 0x80, 0x8a, 0x81, 0x92, 0xa0, 0x59, 0x00, 0x31, 0x20, 0xb5,
    0x00, 0xff, 0xc0, 0xfe, 0xc0, 0xfe, 0xc0, 0xfe, 0xc0, 0xfe, 0xc0, 0xfe,
    0xa0, 0x8b, 0xe0, 0x30, 0x00, 0x39, 0xa1, 0x6a, 0xc0, 0xf6, 0xc0, 0xfe,
    0xe0, 0xfe, 0xc0, 0xfe, 0xc0, 0xfe, 0xe0, 0xfe, 0xa0, 0xd5, 0x60, 0x41,
    0xe0, 0x38, 0x60, 0x62, 0xc0, 0xf6, 0xc0, 0xfe, 0xc0, 0xfe, 0xe0, 0xfe,
    0xa0, 0xf6, 0x80, 0x7b, 0x00, 0x31, 0x00, 0x39, 0x60, 0x41, 0xc0, 0xac,
    0xe0, 0xfe, 0xc0, 0xfe, 0xe0, 0xfe, 0xe0, 0xfe, 0x20, 0xb5, 0x40, 0x39,
    0x00, 0x39, 0x20, 0x94, 0x00, 0xff, 0xc0, 0xfe, 0xc0, 0xfe, 0xc0, 0xf6,
    0x40, 0x73, 0x40, 0x39, 0xa0, 0x49, 0x20, 0x94, 0xe0, 0xfe, 0xc0, 0xfe,
    0xc0, 0xfe, 0xc0, 0xfe, 0x60, 0xee, 0x40, 0x5a, 0xe0, 0x30, 0x40, 0x5a,
    0x80, 0xe6, 0xc0, 0xfe, 0xc0, 0xfe, 0xe0, 0xfe, 0x20, 0xb5, 0x80, 0x39,
    0x60, 0x41, 0x60, 0x41, 0x60, 0x41, 0x60, 0x41, 0x40, 0x39, 0xe0, 0x30,
    0xc0, 0x61, 0xa1, 0x92, 0x80, 0x92, 0x80, 0x92, 0x81, 0x92, 0x80, 0x92,
    0xa0, 0x92, 0x81, 0x92, 0x80, 0x92, 0x81, 0x92, 0xa1, 0x92, 0x80, 0x92,
    0x81, 0x92, 0xa1, 0x92, 0xa0, 0x92, 0x81, 0x92, 0xa0, 0x92, 0xa1, 0x92,
    0xa0, 0x92, 0xa1, 0x92, 0xa0, 0x9a, 0xa0, 0x9a, 0xc1, 0x9a, 0xc0, 0x9a,
    0xc1, 0x9a, 0xc1, 0x9a, 0xc1, 0x9a, 0xc1, 0x9a, 0xc1, 0x9a, 0xc1, 0xa2,
    0xc1, 0x9a, 0x60, 0x59, 0xa4, 0x41, 0xb4, 0x4c, 0x36, 0x55, 0x56, 0x55,
    0x56, 0x5d, 0x56, 0x5d, 0x56, 0x55, 0x56, 0x55, 0x56, 0x5d, 0x56, 0x5d,
    0x56, 0x55, 0x56, 0x5d, 0x57, 0x5d, 0x56, 0x5d, 0x36, 0x55, 0x56, 0x5d,
    0x65, 0x82, 0x65, 0x7a, 0xc8, 0x6a, 0x95, 0x34, 0xb5, 0x34, 0x95, 0x2c,
    0x96, 0x2c, 0x95, 0x2c, 0xb6, 0x2c, 0x95, 0x2c, 0x95, 0x2c, 0x95, 0x2c,
    0x54, 0x34, 0x85, 0x41, 0x61, 0x59, 0xc1, 0x9a, 0xa1, 0x9a, 0xa1, 0x92,
    0xa1, 0x92, 0xa1, 0x92, 0xa1, 0x9a, 0xa1, 0x92, 0xa1, 0x92, 0xa1, 0x9a,
    0xc1, 0x9a, 0xc1, 0x9a, 0xc1, 0x9a, 0xc1, 0x9a, 0xc1, 0x9a, 0xc1, 0x9a,
    0xc1, 0x9a, 0xc1, 0x9a, 0xc1, 0x9a, 0xc1, 0x9a, 0xa1, 0x9a, 0xc1, 0x9a,
    0xa1, 0x9a, 0xc1, 0x9a, 0xa1, 0x9a, 0xa1, 0x9a, 0xc0, 0x9a, 0xa0, 0x9a,
    0xa1, 0x92, 0xa1, 0x9a, 0xa0, 0x92, 0x81, 0x92, 0x60, 0x49, 0xa0, 0x41,
    0xe0, 0xd5, 0xc0, 0xfe, 0xc0, 0xfe, 0xe0, 0xfe, 0x20, 0xde, 0x00, 0x52,
    0xe0, 0x38, 0x20, 0x39, 0x20, 0x39, 0xc0, 0x30, 0xe1, 0x30, 0x21, 0x41,
    0xe1, 0x69, 0x80, 0x49, 0x40, 0x41, 0x20, 0x39, 0x20, 0x39, 0x60, 0x83,
    0xc0, 0xfe, 0xe0, 0xfe, 0xc0, 0xfe, 0xc0, 0xfe, 0xc0, 0x8b, 0x00, 0x39,
    0x40, 0x41, 0x40, 0x41, 0x20, 0x41, 0xe0, 0x38, 0xc0, 0x6a, 0xe0, 0xfe,
    0xc0, 0xfe, 0xe0, 0xfe, 0xe0, 0xd5, 0x20, 0xde, 0xc0, 0xfe, 0xc0, 0xfe,
    0xc0, 0xf6, 0x00, 0x73, 0xe0, 0x30, 0x40, 0x49, 0x00, 0x39, 0x41, 0x9c,
    0xe0, 0xfe, 0xc0, 0xfe, 0xe0, 0xfe, 0xc0, 0xfe, 0xa0, 0xcd, 0x80, 0x41,
    0x20, 0x39, 0x00, 0x39, 0x20, 0x39, 0x20, 0x39, 0xe0, 0x30, 0xc0, 0x28,
    0xe0, 0x38, 0x60, 0x49, 0x20, 0x39, 0xa0, 0x49, 0xe0, 0xd5, 0xe0, 0xfe,
    0xc0, 0xfe, 0xe0, 0xfe, 0x20, 0xde, 0xc0, 0x51, 0x20, 0x41, 0x20, 0x39,
    0x20, 0x39, 0x40, 0x41, 0x20, 0x39, 0x80, 0x51, 0x61, 0x8a, 0x80, 0x8a,
    0x60, 0x8a, 0x81, 0x8a, 0x60, 0x8a, 0x80, 0x59, 0x00, 0x39, 0x20, 0xb5,
    0x00, 0xff, 0xc0, 0xfe, 0xe0, 0xfe, 0xc0, 0xfe, 0xc0, 0xfe, 0xc0, 0xfe,
    0x00, 0xbd, 0x20, 0x39, 0x00, 0x39, 0xa0, 0x8b, 0xe0, 0xfe, 0xe0, 0xfe,
    0xc0, 0xfe, 0xc0, 0xfe, 0xe0, 0xfe, 0xc0, 0xfe, 0xc0, 0xd5, 0x80, 0x41,
    0xe0, 0x30, 0xc0, 0x8b, 0x00, 0xff, 0xe0, 0xfe, 0xc0, 0xfe, 0xe0, 0xfe,
    0x20, 0xb5, 0x00, 0x39, 0x20, 0x41, 0x60, 0x49, 0x20, 0x39, 0xe0, 0x51,
    0x40, 0xe6, 0xe0, 0xfe, 0xc0, 0xfe, 0xe0, 0xfe, 0x40, 0xe6, 0xe0, 0x51,
    0x00, 0x39, 0x20, 0x9c, 0x00, 0xff, 0xe0, 0xfe, 0xc0, 0xfe, 0xc0, 0xf6,
    0x00, 0x73, 0x00, 0x39, 0x20, 0x39, 0x00, 0x39, 0xa0, 0xac, 0xe0, 0xfe,
    0xe0, 0xfe, 0xe0, 0xfe, 0xe0, 0xfe, 0x40, 0x9c, 0xe0, 0x30, 0x20, 0x5a,
    0x60, 0xe6, 0xc0, 0xfe, 0xc0, 0xfe, 0xc0, 0xfe, 0xe0, 0xb4, 0x20, 0x39,
    0x20, 0x39, 0x40, 0x39, 0x40, 0x39, 0x20, 0x39, 0x40, 0x41, 0xe0, 0x69,
    0x81, 0x92, 0x80, 0x92, 0x80, 0x92, 0x81, 0x92, 0x80, 0x92, 0x80, 0x92,
    0x81, 0x8a, 0x80, 0x92, 0xa0, 0x92, 0xa1, 0x92, 0xa0, 0x92, 0x80, 0x92,
    0xa1, 0x92, 0x80, 0x92, 0x80, 0x92, 0x81, 0x92, 0xa1, 0x92, 0x80, 0x92,
    0xa0, 0x92, 0xa1, 0x92, 0xa0, 0x92, 0xa1, 0x92, 0x80, 0x92, 0x80, 0x92,
    0x80, 0x92, 0x80, 0x92, 0x81, 0x92, 0x80, 0x92, 0x80, 0x92, 0x80, 0x92,
    0x81, 0x92, 0x01, 0x72, 0x02, 0x41, 0xf0, 0x53, 0x56, 0x5d, 0x56, 0x5d,
    0x56, 0x55, 0x56, 0x5d, 0x56, 0x5d, 0x56, 0x55, 0x56, 0x5d, 0x56, 0x5d,
    0x56, 0x55, 0x56, 0x55, 0x56, 0x5d, 0x56, 0x55, 0x56, 0x55, 0x57, 0x5d,
    0x65, 0x82, 0x65, 0x7a, 0x45, 0x7a, 0xaf, 0x53, 0xb5, 0x34, 0xb5, 0x2c,
    0xb5, 0x2c, 0xb6, 0x2c, 0x95, 0x2c, 0x95, 0x2c, 0xb6, 0x2c, 0xb6, 0x2c,
    0x33, 0x34, 0x43, 0x41, 0x80, 0x59, 0xc1, 0x9a, 0xc1, 0x9a, 0xc1, 0x9a,
    0xc1, 0x9a, 0xc1, 0x9a, 0xc1, 0x9a, 0xc1, 0x9a, 0xc1, 0x9a, 0xc1, 0x9a,
    0xc2, 0x9a, 0xc1, 0x9a, 0xc1, 0x9a, 0xc1, 0x9a, 0xc1, 0x9a, 0xc1, 0x9a,
    0xc1, 0x9a, 0xc1, 0x9a, 0xc1, 0x9a, 0xc1, 0x9a, 0xc1, 0x9a, 0xc1, 0x9a,
    0xc1, 0x9a, 0xc1, 0x9a, 0xa1, 0x9a, 0xc1, 0x9a, 0xc1, 0x9a, 0xc1, 0x9a,
    0xa1, 0x92, 0xa1, 0x9a, 0xa0, 0x92, 0x81, 0x92, 0x60, 0x49, 0x80, 0x41,
    0xc0, 0xcd, 0xc0, 0xfe, 0xe0, 0xfe, 0xc0, 0xfe, 0xe0, 0xfe, 0x80, 0xee,
    0x40, 0x9c, 0x60, 0x41, 0xe0, 0x30, 0x00, 0x39, 0x00, 0x39, 0x01, 0x72,
    0xc1, 0x9a, 0xa1, 0x92, 0xa1, 0x92, 0xe1, 0x69, 0xe0, 0x30, 0x60, 0x7b,
    0xe0, 0xfe, 0xe0, 0xfe, 0xc0, 0xfe, 0xc0, 0xf6, 0xc0, 0x8b, 0xe0, 0x30,
    0x01, 0x72, 0xa1, 0x92, 0xa0, 0x59, 0xe0, 0x30, 0x00, 0x9c, 0xe0, 0xfe,
    0xc0, 0xfe, 0xc0, 0xfe, 0x40, 0x9c, 0xe0, 0xb4, 0xe0, 0xfe, 0xc0, 0xfe,
    0xe0, 0xfe, 0x40, 0x9c, 0xe0, 0x30, 0x20, 0x39, 0x60, 0x41, 0x80, 0xc5,
    0xe0, 0xfe, 0xe0, 0xfe, 0xc0, 0xfe, 0xc0, 0xf6, 0x60, 0x83, 0xe0, 0x30,
    0x00, 0x39, 0x00, 0x39, 0x40, 0x41, 0x20, 0x39, 0x00, 0x39, 0x20, 0x39,
    0x20, 0x39, 0x40, 0x41, 0x20, 0x39, 0x80, 0x49, 0xe0, 0xd5, 0xe0, 0xfe,
    0xc0, 0xfe, 0xc0, 0xfe, 0x20, 0xe6, 0x80, 0x41, 0xc0, 0x28, 0xa0, 0x28,
    0xc0, 0x28, 0xc0, 0x28, 0xe0, 0x38, 0x60, 0x49, 0x81, 0x8a, 0x81, 0x8a,
    0x80, 0x92, 0x81, 0x8a, 0x80, 0x8a, 0x80, 0x51, 0x20, 0x39, 0x20, 0xb5,
    0xe0, 0xfe, 0xc0, 0xfe, 0xe0, 0xfe, 0xe0, 0xfe, 0xc0, 0xfe, 0xe0, 0xfe,
    0x20, 0xd6, 0xa0, 0x49, 0x20, 0x39, 0x00, 0xb5, 0xe0, 0xfe, 0xe0, 0xfe,
    0xe0, 0xfe, 0xc0, 0xfe, 0xe0, 0xfe, 0xc0, 0xfe, 0x00, 0xde, 0xa0, 0x49,
    0x01, 0x31, 0xc0, 0xac, 0xc0, 0xfe, 0xe0, 0xfe, 0xe0, 0xfe, 0xe0, 0xfe,
    0xa1, 0x83, 0x00, 0x39, 0xc0, 0x61, 0x61, 0x8a, 0x60, 0x49, 0x40, 0x39,
    0x20, 0xbd, 0x00, 0xff, 0xc0, 0xfe, 0xc0, 0xfe, 0xc0, 0xf6, 0xe1, 0x72,
    0xe0, 0x30, 0x20, 0x9c, 0x00, 0xff, 0xe0, 0xfe, 0xc0, 0xfe, 0xc0, 0xf6,
    0xe0, 0x6a, 0xe0, 0x38, 0xa1, 0x59, 0x00, 0x39, 0xa0, 0x6a, 0xa0, 0xee,
    0xe0, 0xfe, 0xc0, 0xfe, 0xe0, 0xfe, 0x80, 0xc5, 0x40, 0x39, 0x40, 0x5a,
    0x60, 0xe6, 0xc0, 0xfe, 0xe0, 0xfe, 0xe0, 0xfe, 0xc0, 0xac, 0xc0, 0x28,
    0xa0, 0x28, 0xa0, 0x28, 0xa0, 0x28, 0xc0, 0x30, 0x20, 0x41, 0x61, 0x82,
    0x81, 0x8a, 0x80, 0x92, 0x81, 0x8a, 0x81, 0x92, 0x80, 0x92, 0x80, 0x8a,
    0x81, 0x92, 0x80, 0x92, 0x81, 0x92, 0x80, 0x92, 0x80, 0x92, 0xa0, 0x92,
    0x81, 0x92, 0xa0, 0x92, 0xa1, 0x92, 0x80, 0x92, 0x80, 0x92, 0x80, 0x92,
    0x81, 0x92, 0x81, 0x92, 0x80, 0x92, 0x81, 0x92, 0x81, 0x92, 0xa1, 0x92,
    0x80, 0x92, 0x81, 0x92, 0x80, 0x92, 0x80, 0x92, 0x80, 0x92, 0x80, 0x92,
    0x80, 0x92, 0x20, 0x7a, 0x01, 0x41, 0x2c, 0x4b, 0x56, 0x55, 0x36, 0x5d,
    0x56, 0x55, 0x56, 0x5d, 0x56, 0x5d, 0x56, 0x5d, 0x57, 0x5d, 0x56, 0x55,
    0x56, 0x5d, 0x57, 0x5d, 0x56, 0x5d, 0x56, 0x5d, 0x56, 0x55, 0x36, 0x55,
    0x65, 0x82, 0x65, 0x82, 0x65, 0x7a, 0xc9, 0x6a, 0x94, 0x34, 0xb5, 0x34,
    0xb6, 0x2c, 0xb5, 0x2c, 0x95, 0x2c, 0x96, 0x2c, 0x95, 0x2c, 0xb5, 0x2c,
    0xf2, 0x2b, 0x22, 0x41, 0xa1, 0x59, 0xc1, 0x9a, 0xc2, 0x9a, 0xc1, 0x9a,
    0xc1, 0x9a, 0xc1, 0x9a, 0xc1, 0x9a, 0xc1, 0x9a, 0xc1, 0x9a, 0xc1, 0x9a,
    0xc1, 0x9a, 0xc1, 0x9a, 0xc1, 0x9a, 0xc1, 0x9a, 0xc1, 0x9a, 0xc1, 0x9a,
    0xc1, 0x9a, 0xc1, 0x9a, 0xc1, 0x9a, 0xc1, 0x9a, 0xc1, 0x9a, 0xc1, 0x9a,
    0xc1, 0x9a, 0xa1, 0x9a, 0xc1, 0x9a, 0xc1, 0x92, 0xa1, 0x9a, 0xc1, 0x92,
    0xc1, 0x9a, 0xa1, 0x92, 0xa1, 0x92, 0xa1, 0x92, 0xa0, 0x59, 0x00, 0x39,
    0x60, 0xa4, 0xe0, 0xfe, 0xc0, 0xfe, 0xe0, 0xfe, 0xc0, 0xfe, 0xe0, 0xfe,
    0x00, 0xff, 0x80, 0xee, 0x60, 0x9c, 0xc0, 0x49, 0x00, 0x39, 0x40, 0x41,
    0x40, 0x7a, 0xa0, 0x92, 0xa1, 0x92, 0xe0, 0x69, 0xe0, 0x30, 0x60, 0x83,
    0xe0, 0xfe, 0xc0, 0xfe, 0xe0, 0xfe, 0xe0, 0xfe, 0xc0, 0x8b, 0x00, 0x31,
    0xe0, 0x69, 0x61, 0x8a, 0x40, 0x41, 0x40, 0x39, 0x60, 0xc5, 0xc0, 0xfe,
    0xc0, 0xfe, 0xc0, 0xf6, 0xe0, 0x72, 0xe0, 0x93, 0xe0, 0xfe, 0xc0, 0xfe,
    0xe0, 0xfe, 0x80, 0xcd, 0x40, 0x39, 0x00, 0x39, 0x80, 0x41, 0x20, 0xde,
    0xe0, 0xfe, 0xc0, 0xfe, 0xc0, 0xfe, 0x80, 0xee, 0x40, 0x5a, 0xe0, 0x30,
    0x20, 0x39, 0x40, 0x5a, 0x60, 0x62, 0x60, 0x62, 0x60, 0x62, 0x60, 0x5a,
    0x20, 0x5a, 0x80, 0x49, 0x00, 0x39, 0x80, 0x41, 0xe0, 0xd5, 0xe0, 0xfe,
    0xc0, 0xfe, 0xe0, 0xfe, 0xe0, 0xfe, 0x80, 0xe6, 0x80, 0xe6, 0x80, 0xe6,
    0x60, 0xe6, 0x80, 0xbd, 0x80, 0x49, 0x40, 0x49, 0x61, 0x8a, 0x80, 0x8a,
    0x81, 0x92, 0x81, 0x92, 0x80, 0x8a, 0x80, 0x59, 0x20, 0x39, 0x40, 0xbd,
    0x00, 0xff, 0xc0, 0xfe, 0xc0, 0xfe, 0xc0, 0xfe, 0xc0, 0xfe, 0xc0, 0xfe,
    0xc0, 0xf6, 0xa0, 0x6a, 0xa0, 0x41, 0x00, 0xd6, 0xc0, 0xfe, 0xc0, 0xfe,
    0xe0, 0xfe, 0xc0, 0xfe, 0xe0, 0xfe, 0xc0, 0xfe, 0x20, 0xde, 0xe0, 0x49,
    0x20, 0x39, 0x40, 0xc5, 0xc0, 0xfe, 0xe0, 0xfe, 0xc0, 0xfe, 0xa0, 0xf6,
    0xc0, 0x6a, 0x00, 0x39, 0x21, 0x72, 0x61, 0x8a, 0xa0, 0x59, 0x00, 0x39,
    0x40, 0x9c, 0x00, 0xff, 0xe0, 0xfe, 0xc0, 0xfe, 0xe0, 0xfe, 0xa0, 0x83,
    0xe0, 0x30, 0x20, 0x9c, 0x00, 0xff, 0xe0, 0xfe, 0xc0, 0xfe, 0xc0, 0xf6,
    0xe0, 0x72, 0x00, 0x39, 0x01, 0x6a, 0x20, 0x41, 0x00, 0x52, 0x40, 0xde,
    0xc0, 0xfe, 0xe0, 0xfe, 0xe0, 0xfe, 0x20, 0xde, 0xc0, 0x49, 0x40, 0x5a,
    0x60, 0xe6, 0xc0, 0xfe, 0xc0, 0xfe, 0xe0, 0xfe, 0xc0, 0xfe, 0x80, 0xe6,
    0x80, 0xe6, 0x80, 0xe6, 0x80, 0xe6, 0x60, 0x7b, 0xe0, 0x30, 0x00, 0x72,
    0x81, 0x92, 0x80, 0x92, 0x80, 0x92, 0xa1, 0x92, 0x80, 0x8a, 0x81, 0x92,
    0xa1, 0x92, 0x80, 0x92, 0xa1, 0x92, 0x81, 0x92, 0x81, 0x92, 0xa0, 0x92,
    0x81, 0x92, 0x80, 0x92, 0x81, 0x92, 0x81, 0x92, 0x80, 0x92, 0xa1, 0x92,
    0x81, 0x92, 0x80, 0x92, 0xa1, 0x92, 0x80, 0x92, 0x80, 0x92, 0x81, 0x92,
    0xa1, 0x92, 0x80, 0x92, 0x81, 0x92, 0x81, 0x92, 0x81, 0x92, 0x81, 0x8a,
    0x81, 0x8a, 0x20, 0x82, 0x01, 0x41, 0xeb, 0x4a, 0x56, 0x5d, 0x56, 0x5d,
    0x56, 0x5d, 0x56, 0x55, 0x56, 0x55, 0x56, 0x5d, 0x56, 0x55, 0x56, 0x5d,
    0x56, 0x5d, 0x57, 0x55, 0x36, 0x55, 0x56, 0x55, 0x56, 0x5d, 0x36, 0x55,
    0x65, 0x82, 0x65, 0x7a, 0x65, 0x82, 0x66, 0x7a, 0x11, 0x4c, 0xb6, 0x2c,
    0xb5, 0x2c, 0xb5, 0x2c, 0x96, 0x2c, 0xb5, 0x2c, 0x95, 0x2c, 0xb5, 0x2c,
    0xd1, 0x33, 0x22, 0x41, 0xa1, 0x59, 0xc1, 0x9a, 0xa1, 0x9a, 0xc1, 0x9a,
    0xc2, 0x9a, 0xc1, 0x9a, 0xc1, 0x9a, 0xc1, 0x9a, 0xc1, 0x9a, 0xc1, 0x9a,
    0xa1, 0x9a, 0xc2, 0x9a, 0xa1, 0x9a, 0xa1, 0x9a, 0xc1, 0x9a, 0xc1, 0x9a,
    0xc1, 0x9a, 0xc1, 0x9a, 0xc1, 0x9a, 0xc1, 0x9a, 0xa1, 0x9a, 0xc1, 0x9a,
    0xc1, 0x9a, 0xc1, 0x9a, 0xc1, 0x9a, 0xc1, 0x9a, 0xa0, 0x92, 0xa1, 0x9a,
    0xa1, 0x9a, 0xa0, 0x92, 0xa1, 0x92, 0xa1, 0x9a, 0x01, 0x72, 0x00, 0x39,
    0x40, 0x5a, 0x60, 0xe6, 0xc0, 0xfe, 0xe0, 0xfe, 0xc0, 0xfe, 0xe0, 0xfe,
    0xc0, 0xfe, 0xc0, 0xfe, 0xe0, 0xfe, 0x80, 0xe6, 0xe0, 0x6a, 0x00, 0x39,
    0x40, 0x41, 0x61, 0x82, 0xa1, 0x92, 0x00, 0x72, 0x00, 0x31, 0x40, 0x7b,
    0xe0, 0xfe, 0xc0, 0xfe, 0xc0, 0xfe, 0xc0, 0xfe, 0xc0, 0x8b, 0x00, 0x31,
    0x00, 0x72, 0x21, 0x7a, 0x00, 0x39, 0x00, 0x5a, 0x60, 0xe6, 0xc0, 0xfe,
    0xe0, 0xfe, 0x80, 0xee, 0x00, 0x52, 0xe0, 0x72, 0xc0, 0xf6, 0xc0, 0xfe,
    0xc0, 0xfe, 0x60, 0xe6, 0x00, 0x52, 0x00, 0x39, 0xc0, 0x49, 0x60, 0xe6,
    0xe0, 0xfe, 0xc0, 0xfe, 0xc0, 0xfe, 0x60, 0xee, 0xe0, 0x51, 0xe0, 0x30,
    0x40, 0x5a, 0x80, 0xe6, 0x00, 0xff, 0x00, 0xff, 0x00, 0xff, 0x00, 0xff,
    0x00, 0xff, 0xe0, 0xc5, 0x60, 0x41, 0x80, 0x49, 0xc0, 0xd5, 0xe0, 0xfe,
    0xe0, 0xfe, 0xc0, 0xfe, 0xe0, 0xfe, 0xc0, 0xfe, 0xc0, 0xfe, 0xc0, 0xfe,
    0xe0, 0xfe, 0x01, 0xd6, 0xc0, 0x49, 0x40, 0x41, 0x60, 0x8a, 0x61, 0x8a,
    0x80, 0x8a, 0x80, 0x8a, 0x81, 0x8a, 0x80, 0x51, 0x20, 0x39, 0x60, 0xc5,
    0x00, 0xff, 0xc0, 0xfe, 0xc0, 0xfe, 0xc0, 0xfe, 0xc0, 0xfe, 0xc0, 0xfe,
    0x00, 0xff, 0x00, 0x94, 0x80, 0x62, 0xa0, 0xee, 0xc0, 0xfe, 0xe0, 0xfe,
    0x00, 0xe6, 0xc0, 0xfe, 0xe0, 0xfe, 0xc0, 0xfe, 0x40, 0xde, 0xe0, 0x51,
    0x40, 0x39, 0x80, 0xc5, 0xe0, 0xfe, 0xc0, 0xfe, 0xc0, 0xfe, 0xa0, 0xee,
    0xa0, 0x62, 0x20, 0x41, 0x20, 0x72, 0x60, 0x8a, 0xc0, 0x61, 0x00, 0x31,
    0x00, 0x94, 0x00, 0xff, 0xc0, 0xfe, 0xc0, 0xfe, 0xe0, 0xfe, 0xe0, 0x8b,
    0xe0, 0x30, 0x20, 0x9c, 0x00, 0xff, 0xe0, 0xfe, 0xc0, 0xfe, 0xc0, 0xf6,
    0xe0, 0x72, 0x00, 0x39, 0x01, 0x72, 0x40, 0x41, 0xa0, 0x49, 0x00, 0xde,
    0xc0, 0xfe, 0xc0, 0xfe, 0xe0, 0xfe, 0x60, 0xe6, 0x00, 0x52, 0x40, 0x5a,
    0x60, 0xe6, 0xc0, 0xfe, 0xe0, 0xfe, 0xc0, 0xfe, 0xe0, 0xfe, 0xe0, 0xfe,
    0xc0, 0xfe, 0xc0, 0xfe, 0xc0, 0xf6, 0xa0, 0x8b, 0xe0, 0x30, 0xe0, 0x69,
    0x81, 0x8a, 0x80, 0x8a, 0x80, 0x92, 0x81, 0x92, 0x80, 0x92, 0x81, 0x92,
    0x80, 0x8a, 0x80, 0x8a, 0x80, 0x92, 0x81, 0x92, 0xa0, 0x92, 0x80, 0x92,
    0x81, 0x92, 0x80, 0x92, 0xa0, 0x92, 0x81, 0x92, 0x81, 0x92, 0xa0, 0x92,
    0x80, 0x92, 0x81, 0x92, 0x81, 0x92, 0x80, 0x92, 0x80, 0x92, 0x81, 0x92,
    0xa0, 0x92, 0x81, 0x92, 0x80, 0x8a, 0x81, 0x8a, 0x80, 0x92, 0x81, 0x8a,
    0x60, 0x92, 0x20, 0x82, 0x01, 0x41, 0x0b, 0x4b, 0x56, 0x55, 0x56, 0x5d,
    0x56, 0x5d, 0x56, 0x55, 0x56, 0x5d, 0x56, 0x5d, 0x56, 0x55, 0x56, 0x55,
    0x56, 0x5d, 0x56, 0x55, 0x36, 0x55, 0x36, 0x55, 0x36, 0x55, 0x36, 0x55,
    0x65, 0x82, 0x65, 0x82, 0x65, 0x7a, 0x65, 0x7a, 0x4b, 0x63, 0xb6, 0x2c,
    0x95, 0x34, 0xb6, 0x2c, 0x95, 0x2c, 0xb5, 0x2c, 0x96, 0x2c, 0xb6, 0x2c,
    0xf2, 0x33, 0x02, 0x41, 0xa0, 0x61, 0xc1, 0x9a, 0xc1, 0x9a, 0xc1, 0x9a,
    0xc1, 0x9a, 0xc1, 0x9a, 0xc1, 0x9a, 0xc2, 0x9a, 0xc1, 0x9a, 0xc1, 0x9a,
    0xc1, 0x9a, 0xc1, 0x9a, 0xc1, 0x9a, 0xc1, 0x9a, 0xc2, 0x9a, 0xc1, 0x9a,
    0xc1, 0x9a, 0xc1, 0x9a, 0xc1, 0x9a, 0xc1, 0x9a, 0xc1, 0x9a, 0xa1, 0x9a,
    0xc1, 0x9a, 0xc1, 0x9a, 0xa1, 0x9a, 0xa1, 0x9a, 0xa1, 0x92, 0xc1, 0x9a,
    0xa0, 0x92, 0xa0, 0x92, 0xa1, 0x9a, 0xa1, 0x92, 0x80, 0x8a, 0x60, 0x49,
    0x00, 0x31, 0xc0, 0x62, 0x60, 0xe6, 0x00, 0xff, 0xc0, 0xfe, 0xc0, 0xfe,
    0xe0, 0xfe, 0xe0, 0xfe, 0xc0, 0xfe, 0xe0, 0xfe, 0x80, 0xe6, 0xa0, 0x6a,
    0xe0, 0x30, 0xc1, 0x61, 0xa1, 0x9a, 0x00, 0x72, 0xe0, 0x30, 0x40, 0x7b,
    0xe0, 0xfe, 0xe0, 0xfe, 0xc0, 0xfe, 0xc0, 0xfe, 0xc0, 0x8b, 0xe0, 0x30,
    0x01, 0x72, 0xe0, 0x69, 0xe0, 0x30, 0x40, 0x7b, 0xe0, 0xfe, 0xc0, 0xfe,
    0xe0, 0xfe, 0xe0, 0xd5, 0x80, 0x41, 0x20, 0x5a, 0x80, 0xee, 0xc0, 0xfe,
    0xc0, 0xfe, 0xc0, 0xfe, 0x60, 0x83, 0x00, 0x39, 0xe0, 0x51, 0x60, 0xee,
    0xe0, 0xfe, 0xc0, 0xfe, 0xc0, 0xfe, 0x60, 0xee, 0xe0, 0x51, 0xe0, 0x30,
    0x40, 0x5a, 0x60, 0xee, 0xc0, 0xfe, 0xc0, 0xfe, 0xc0, 0xfe, 0xc0, 0xfe,
    0xc0, 0xfe, 0xa0, 0xc5, 0x60, 0x41, 0xa0, 0x49, 0xc0, 0xd5, 0xe0, 0xfe,
    0xe0, 0xfe, 0xc0, 0xfe, 0xe0, 0xfe, 0xe0, 0xfe, 0xc0, 0xfe, 0xc0, 0xfe,
    0xc0, 0xfe, 0xe0, 0xd5, 0xa0, 0x49, 0x40, 0x41, 0x61, 0x82, 0x60, 0x8a,
    0x60, 0x8a, 0x60, 0x8a, 0x81, 0x8a, 0x80, 0x51, 0x40, 0x39, 0x80, 0xc5,
    0xe0, 0xfe, 0xc0, 0xfe, 0xc0, 0xfe, 0x40, 0xbd, 0x60, 0xee, 0xc0, 0xfe,
    0xe0, 0xfe, 0x20, 0xbd, 0xe0, 0x93, 0xe0, 0xfe, 0xc0, 0xfe, 0xa0, 0xf6,
    0xa0, 0xa4, 0xc0, 0xf6, 0xe0, 0xfe, 0xc0, 0xfe, 0x40, 0xde, 0x00, 0x52,
    0x40, 0x39, 0x80, 0xc5, 0xc0, 0xfe, 0xe0, 0xfe, 0xe0, 0xfe, 0xa0, 0xee,
    0x80, 0x62, 0x20, 0x39, 0x20, 0x7a, 0x61, 0x8a, 0xc0, 0x61, 0x00, 0x31,
    0xe0, 0x93, 0x00, 0xff, 0xe0, 0xfe, 0xc0, 0xfe, 0xe0, 0xfe, 0xe0, 0x8b,
    0xc0, 0x28, 0x40, 0x9c, 0xe0, 0xfe, 0xc0, 0xfe, 0xc0, 0xfe, 0xc0, 0xf6,
    0x00, 0x6b, 0x00, 0x39, 0x21, 0x72, 0x40, 0x41, 0x60, 0x41, 0xe0, 0xd5,
    0xe0, 0xfe, 0xc0, 0xfe, 0xe0, 0xfe, 0x60, 0xe6, 0x00, 0x52, 0x40, 0x5a,
    0x61, 0xe6, 0xc0, 0xfe, 0xe0, 0xfe, 0xc0, 0xfe, 0xc0, 0xfe, 0xc0, 0xfe,
    0xc0, 0xfe, 0xc0, 0xfe, 0xc0, 0xfe, 0xa0, 0x8b, 0xe0, 0x30, 0xe0, 0x69,
    0x81, 0x8a, 0x80, 0x92, 0x81, 0x8a, 0x80, 0x92, 0x80, 0x92, 0x81, 0x92,
    0x80, 0x8a, 0x80, 0x92, 0x81, 0x8a, 0x80, 0x8a, 0x80, 0x92, 0x81, 0x92,
    0x81, 0x92, 0x80, 0x92, 0xa1, 0x92, 0x80, 0x8a, 0x80, 0x8a, 0x81, 0x92,
    0x80, 0x92, 0x80, 0x92, 0x80, 0x92, 0x81, 0x92, 0xa1, 0x92, 0x80, 0x8a,
    0x81, 0x92, 0x80, 0x92, 0x80, 0x92, 0x80, 0x92, 0x80, 0x92, 0x80, 0x8a,
    0x60, 0x8a, 0x21, 0x82, 0x01, 0x41, 0xeb, 0x4a, 0x76, 0x5d, 0x36, 0x55,
    0x56, 0x55, 0x56, 0x5d, 0x56, 0x55, 0x56, 0x5d, 0x56, 0x55, 0x36, 0x55,
    0x56, 0x5d, 0x56, 0x55, 0x36, 0x55, 0x36, 0x55, 0x36, 0x55, 0x36, 0x55,
    0x65, 0x82, 0x65, 0x82, 0x65, 0x7a, 0x65, 0x7a, 0x87, 0x72, 0x53, 0x3c,
    0xb5, 0x34, 0xb5, 0x34, 0x95, 0x2c, 0xb5, 0x2c, 0x95, 0x2c, 0xb6, 0x2c,
    0x11, 0x34, 0x02, 0x41, 0xa1, 0x59, 0xc1, 0x9a, 0xa1, 0x92, 0xc1, 0x9a,
    0xa1, 0x92, 0xc1, 0x9a, 0xc2, 0x9a, 0xc1, 0x9a, 0xc1, 0x9a, 0xc1, 0x9a,
    0xa1, 0x9a, 0xa1, 0x9a, 0xc1, 0x9a, 0xc1, 0x9a, 0xc1, 0x9a, 0xc1, 0x9a,
    0xc1, 0x9a, 0xc1, 0x9a, 0xc1, 0x9a, 0xc1, 0x9a, 0xc1, 0x9a, 0xa1, 0x9a,
    0xc1, 0x92, 0xa1, 0x9a, 0xa1, 0x9a, 0xc1, 0x92, 0xc1, 0x9a, 0xa1, 0x92,
    0xa1, 0x92, 0xa1, 0x92, 0xa1, 0x92, 0xa1, 0x92, 0xa1, 0x92, 0x41, 0x82,
    0x20, 0x39, 0xe0, 0x30, 0xa0, 0x41, 0x00, 0xad, 0xa0, 0xee, 0xe0, 0xfe,
    0xc0, 0xfe, 0xe0, 0xfe, 0xc0, 0xfe, 0xe0, 0xfe, 0xe0, 0xfe, 0x21, 0xbd,
    0x00, 0x39, 0x80, 0x51, 0xa1, 0x92, 0x00, 0x6a, 0x00, 0x31, 0x40, 0x7b,
    0xe0, 0xfe, 0xc0, 0xfe, 0xc0, 0xfe, 0xc0, 0xf6, 0xc0, 0x8b, 0xe0, 0x30,
    0xe1, 0x71, 0x80, 0x59, 0x20, 0x39, 0xc0, 0xac, 0x00, 0xff, 0xc0, 0xfe,
    0x00, 0xff, 0x00, 0xb5, 0x20, 0x39, 0x80, 0x49, 0xc1, 0xcd, 0xe0, 0xfe,
    0xc0, 0xfe, 0xe0, 0xfe, 0xa0, 0xa4, 0x00, 0x39, 0xc0, 0x49, 0x20, 0xe6,
    0xe0, 0xfe, 0xe0, 0xfe, 0xc0, 0xfe, 0x80, 0xee, 0x01, 0x52, 0xe0, 0x30,
    0x40, 0x62, 0x80, 0xe6, 0xc0, 0xfe, 0xc0, 0xfe, 0xc0, 0xfe, 0xe0, 0xfe,
    0xe0, 0xfe, 0xc0, 0xcd, 0x60, 0x41, 0xa0, 0x49, 0xe0, 0xd5, 0xe0, 0xfe,
    0xe0, 0xfe, 0xe0, 0xfe, 0xe0, 0xfe, 0xc0, 0xf6, 0xc0, 0xf6, 0xc0, 0xf6,
    0xe0, 0xf6, 0x00, 0xd6, 0xa0, 0x49, 0x60, 0x49, 0x61, 0x82, 0x60, 0x8a,
    0x81, 0x8a, 0x61, 0x8a, 0x60, 0x8a, 0x80, 0x51, 0x60, 0x41, 0xa0, 0xcd,
    0xe0, 0xfe, 0xc0, 0xfe, 0xc0, 0xfe, 0x60, 0x9c, 0xe0, 0xd5, 0xe0, 0xfe,
    0xe0, 0xfe, 0x40, 0xe6, 0xa0, 0xcd, 0xe0, 0xfe, 0xc1, 0xfe, 0x20, 0xde,
    0x80, 0x7b, 0xc0, 0xf6, 0xc0, 0xfe, 0xc0, 0xfe, 0x60, 0xe6, 0x00, 0x52,
    0x40, 0x39, 0x60, 0xc5, 0xc0, 0xfe, 0xe0, 0xfe, 0xc0, 0xfe, 0xa0, 0xee,
    0x80, 0x62, 0x00, 0x39, 0x01, 0x7a, 0x61, 0x8a, 0xc0, 0x61, 0xe0, 0x30,
    0x20, 0x94, 0x00, 0xff, 0xc0, 0xfe, 0xc0, 0xfe, 0xe0, 0xfe, 0xe0, 0x8b,
    0xc0, 0x28, 0x40, 0x9c, 0x00, 0xff, 0xe0, 0xfe, 0xc0, 0xfe, 0xc0, 0xf6,
    0x00, 0x73, 0x00, 0x39, 0x20, 0x7a, 0x40, 0x49, 0x80, 0x41, 0xe0, 0xdd,
    0xc0, 0xfe, 0xe0, 0xfe, 0xc0, 0xfe, 0x40, 0xde, 0xe0, 0x51, 0x20, 0x5a,
    0x60, 0xe6, 0xc0, 0xfe, 0xc0, 0xfe, 0xe0, 0xfe, 0xe0, 0xfe, 0xc0, 0xf6,
    0xe0, 0xf6, 0xc0, 0xf6, 0xc0, 0xee, 0xa0, 0x8b, 0xe0, 0x30, 0x01, 0x72,
    0x81, 0x8a, 0x80, 0x8a, 0x80, 0x92, 0x81, 0x8a, 0x81, 0x8a, 0x80, 0x92,
    0x80, 0x92, 0x81, 0x92, 0x81, 0x92, 0x80, 0x92, 0xa1, 0x8a, 0x80, 0x8a,
    0x80, 0x92, 0x81, 0x92, 0x81, 0x92, 0x80, 0x8a, 0x81, 0x92, 0x80, 0x92,
    0x81, 0x8a, 0x81, 0x8a, 0x80, 0x92, 0x80, 0x8a, 0x80, 0x92, 0x81, 0x92,
    0x81, 0x8a, 0x80, 0x92, 0x81, 0x92, 0x81, 0x8a, 0x80, 0x8a, 0x81, 0x8a,
    0x80, 0x8a, 0x20, 0x82, 0x01, 0x41, 0x0b, 0x53, 0x76, 0x5d, 0x36, 0x55,
    0x56, 0x5d, 0x56, 0x5d, 0x36, 0x55, 0x56, 0x5d, 0x56, 0x55, 0x56, 0x55,
    0x36, 0x55, 0x36, 0x55, 0x36, 0x55, 0x36, 0x55, 0x36, 0x55, 0x36, 0x55,
    0x65, 0x82, 0x64, 0x82, 0x65, 0x82, 0x65, 0x82, 0x65, 0x7a, 0x8e, 0x53,
    0xb5, 0x2c, 0xb6, 0x2c, 0xb6, 0x34, 0xb5, 0x34, 0xb5, 0x2c, 0xb6, 0x2c,
    0xf2, 0x33, 0x22, 0x41, 0xa0, 0x59, 0xc1, 0x9a, 0xa1, 0x92, 0xc2, 0x9a,
    0xa1, 0x9a, 0xa1, 0x9a, 0xc1, 0x9a, 0xc1, 0x9a, 0xc1, 0x9a, 0xc1, 0x92,
    0xc2, 0x9a, 0xc1, 0x9a, 0xa1, 0x92, 0xc1, 0x9a, 0xc1, 0x9a, 0xc1, 0x9a,
    0xa1, 0x9a, 0xc1, 0x9a, 0xc1, 0x9a, 0xc1, 0x9a, 0xc1, 0x9a, 0xa1, 0x9a,
    0xc1, 0x9a, 0xc1, 0x9a, 0xa1, 0x9a, 0xc1, 0x9a, 0xc1, 0x9a, 0xa0, 0x9a,
    0xa1, 0x92, 0xa0, 0x92, 0xa0, 0x92, 0xa1, 0x92, 0x80, 0x92, 0x81, 0x92,
    0x80, 0x51, 0x00, 0x39, 0x00, 0x39, 0x00, 0x31, 0xa0, 0x49, 0xc1, 0x8b,
    0x80, 0xe6, 0xe0, 0xfe, 0xe0, 0xfe, 0xe0, 0xfe, 0xc0, 0xfe, 0x20, 0xde,
    0xc0, 0x49, 0x60, 0x49, 0x81, 0x92, 0xe0, 0x69, 0x00, 0x31, 0x60, 0x7b,
    0xe0, 0xfe, 0xe0, 0xfe, 0xc0, 0xfe, 0xe0, 0xfe, 0xc0, 0x8b, 0xe0, 0x30,
    0xe0, 0x69, 0x40, 0x41, 0xa0, 0x49, 0x00, 0xde, 0xe0, 0xfe, 0xc0, 0xfe,
    0x00, 0xff, 0xc0, 0xac, 0xe0, 0x49, 0x20, 0x52, 0x60, 0xbd, 0xe0, 0xfe,
    0xc0, 0xfe, 0xe0, 0xfe, 0xc0, 0xcd, 0x81, 0x41, 0x80, 0x41, 0xc0, 0xd5,
    0xe0, 0xfe, 0xe0, 0xfe, 0xc0, 0xfe, 0xa0, 0xf6, 0xe0, 0x6a, 0xe0, 0x30,
    0x60, 0x41, 0xa0, 0x83, 0x20, 0x94, 0xa0, 0xcd, 0xe0, 0xfe, 0xe0, 0xfe,
    0xe0, 0xfe, 0xc0, 0xcd, 0x60, 0x41, 0xa0, 0x49, 0xe0, 0xd5, 0xe0, 0xfe,
    0xc0, 0xfe, 0xe0, 0xfe, 0x40, 0xe6, 0x60, 0x5a, 0xa0, 0x49, 0xa0, 0x49,
    0xa0, 0x49, 0xa0, 0x41, 0x00, 0x39, 0x80, 0x51, 0x60, 0x8a, 0x81, 0x8a,
    0x80, 0x8a, 0x81, 0x8a, 0x60, 0x8a, 0x60, 0x51, 0x80, 0x49, 0xc0, 0xd5,
    0xe0, 0xfe, 0xc0, 0xfe, 0xe0, 0xfe, 0xc0, 0x8b, 0x60, 0xa4, 0x00, 0xff,
    0xc0, 0xfe, 0xc0, 0xfe, 0xc0, 0xfe, 0xe0, 0xfe, 0xe0, 0xfe, 0x40, 0xbd,
    0xc0, 0x6a, 0xc0, 0xf6, 0xc0, 0xfe, 0xc0, 0xfe, 0x40, 0xe6, 0x00, 0x52,
    0x00, 0x39, 0x20, 0xbd, 0xe0, 0xfe, 0xc0, 0xfe, 0xc0, 0xfe, 0xa0, 0xf6,
    0xc0, 0x6a, 0x00, 0x39, 0xe1, 0x69, 0x81, 0x8a, 0x80, 0x51, 0x20, 0x39,
    0xc0, 0xac, 0x00, 0xff, 0xc0, 0xfe, 0xc0, 0xfe, 0xc0, 0xfe, 0x81, 0x83,
    0xe0, 0x30, 0x40, 0x9c, 0x00, 0xff, 0xe0, 0xfe, 0xc0, 0xfe, 0xc0, 0xf6,
    0x00, 0x6b, 0x00, 0x39, 0x01, 0x72, 0x20, 0x39, 0xe0, 0x51, 0x20, 0xde,
    0xc0, 0xfe, 0xe0, 0xfe, 0xe0, 0xfe, 0xc0, 0xcd, 0x60, 0x41, 0x40, 0x5a,
    0x60, 0xe6, 0xc0, 0xfe, 0xe0, 0xfe, 0xe0, 0xfe, 0x20, 0xbd, 0xc0, 0x49,
    0xa0, 0x41, 0x80, 0x41, 0xa0, 0x41, 0x20, 0x39, 0x00, 0x39, 0x20, 0x72,
    0x81, 0x8a, 0x80, 0x8a, 0x80, 0x92, 0x80, 0x92, 0x81, 0x92, 0x80, 0x92,
    0x80, 0x8a, 0x81, 0x8a, 0xa0, 0x92, 0x80, 0x92, 0x81, 0x8a, 0x80, 0x92,
    0x80, 0x8a, 0x80, 0x8a, 0x80, 0x8a, 0x81, 0x92, 0x80, 0x92, 0x80, 0x8a,
    0x80, 0x8a, 0x81, 0x92, 0x80, 0x8a, 0x81, 0x92, 0x80, 0x92, 0x80, 0x8a,
    0x80, 0x8a, 0x80, 0x8a, 0x81, 0x8a, 0x81, 0x92, 0x80, 0x92, 0x81, 0x8a,
    0x60, 0x92, 0x20, 0x82, 0x21, 0x41, 0xeb, 0x4a, 0x56, 0x5d, 0x56, 0x5d,
    0x56, 0x5d, 0x56, 0x5d, 0x56, 0x55, 0x36, 0x55, 0x56, 0x5d, 0x36, 0x55,
    0x36, 0x55, 0x36, 0x55, 0x36, 0x55, 0x36, 0x55, 0x36, 0x55, 0x36, 0x4d,
    0x65, 0x82, 0x65, 0x82, 0x65, 0x82, 0x65, 0x7a, 0x44, 0x7a, 0xe9, 0x6a,
    0xb5, 0x34, 0xb5, 0x2c, 0x96, 0x2c, 0x95, 0x34, 0x95, 0x2c, 0x96, 0x2c,
    0x12, 0x34, 0x22, 0x41, 0x80, 0x59, 0xa1, 0x92, 0xa1, 0x92, 0xc1, 0x9a,
    0xa1, 0x9a, 0xc1, 0x92, 0xc1, 0x9a, 0xa1, 0x9a, 0xa1, 0x9a, 0xa1, 0x9a,
    0xa1, 0x92, 0xc1, 0x9a, 0xa1, 0x9a, 0xa1, 0x92, 0xa1, 0x92, 0xc1, 0x9a,
    0xc1, 0x9a, 0xa1, 0x9a, 0xa1, 0x9a, 0xc1, 0x9a, 0xa1, 0x92, 0xa1, 0x92,
    0xc1, 0x9a, 0xa1, 0x92, 0xa1, 0x92, 0xa1, 0x92, 0xa0, 0x92, 0xa1, 0x92,
    0xa1, 0x92, 0xa0, 0x9a, 0xa1, 0x92, 0x81, 0x92, 0x80, 0x92, 0x80, 0x59,
    0xe0, 0x30, 0x00, 0x31, 0x00, 0x39, 0x00, 0x39, 0x20, 0x39, 0xe0, 0x30,
    0xe0, 0x51, 0x20, 0xde, 0xc0, 0xfe, 0xc0, 0xfe, 0xc0, 0xfe, 0x80, 0xee,
    0x60, 0x62, 0x40, 0x41, 0x61, 0x8a, 0xe0, 0x69, 0x00, 0x31, 0x40, 0x7b,
    0xc0, 0xfe, 0xe0, 0xfe, 0xc0, 0xfe, 0xc0, 0xfe, 0xc0, 0x8b, 0x00, 0x31,
    0xa0, 0x59, 0x00, 0x39, 0x80, 0x62, 0xa0, 0xee, 0xc0, 0xfe, 0xc0, 0xfe,
    0xe0, 0xfe, 0x00, 0xff, 0x20, 0xff, 0x20, 0xff, 0xe0, 0xfe, 0xe0, 0xfe,
    0xc0, 0xfe, 0xc0, 0xfe, 0x80, 0xee, 0x60, 0x5a, 0x00, 0x39, 0xe0, 0xac,
    0xe0, 0xfe, 0xc0, 0xfe, 0xc0, 0xfe, 0xe0, 0xfe, 0x40, 0x94, 0x00, 0x31,
    0x00, 0x39, 0xc0, 0x30, 0xc0, 0x28, 0x00, 0x94, 0x00, 0xff, 0xc0, 0xfe,
    0xc0, 0xfe, 0xc0, 0xcd, 0x61, 0x41, 0xa0, 0x49, 0xe0, 0xd5, 0xe0, 0xfe,
    0xc0, 0xfe, 0xe0, 0xfe, 0x20, 0xde, 0xe0, 0x49, 0x40, 0x41, 0x40, 0x39,
    0x40, 0x39, 0x20, 0x39, 0x40, 0x41, 0x21, 0x7a, 0x81, 0x8a, 0x60, 0x8a,
    0x60, 0x8a, 0x80, 0x8a, 0x61, 0x8a, 0x60, 0x49, 0xa0, 0x49, 0x00, 0xde,
    0xe0, 0xfe, 0xc0, 0xfe, 0xe0, 0xfe, 0xa0, 0x83, 0xe0, 0x72, 0xc0, 0xfe,
    0xc0, 0xfe, 0xc0, 0xfe, 0xc0, 0xfe, 0xc0, 0xfe, 0xc0, 0xfe, 0x20, 0x9c,
    0x80, 0x62, 0xc0, 0xf6, 0xe0, 0xfe, 0xc0, 0xfe, 0x60, 0xe6, 0x20, 0x52,
    0xe0, 0x30, 0x40, 0x9c, 0xe0, 0xfe, 0xe0, 0xfe, 0xc0, 0xfe, 0xe0, 0xfe,
    0x00, 0x94, 0xe0, 0x30, 0x80, 0x51, 0x00, 0x72, 0x20, 0x39, 0x80, 0x49,
    0xe0, 0xd5, 0xe0, 0xfe, 0xc0, 0xfe, 0xc0, 0xfe, 0xa0, 0xf6, 0xa0, 0x62,
    0x00, 0x31, 0x20, 0x9c, 0xe0, 0xfe, 0xe0, 0xfe, 0xc0, 0xfe, 0xc0, 0xf6,
    0x00, 0x6b, 0xe0, 0x30, 0x40, 0x41, 0x00, 0x39, 0xe0, 0x6a, 0xa0, 0xf6,
    0xc0, 0xfe, 0xe0, 0xfe, 0xc0, 0xfe, 0x00, 0xb5, 0x20, 0x39, 0x40, 0x5a,
    0x60, 0xe6, 0xc0, 0xfe, 0xc0, 0xfe, 0xe0, 0xfe, 0xe0, 0xb4, 0x20, 0x39,
    0x20, 0x39, 0x20, 0x39, 0x20, 0x41, 0x20, 0x39, 0x40, 0x49, 0x40, 0x82,
    0x81, 0x8a, 0x60, 0x8a, 0x81, 0x8a, 0x80, 0x8a, 0x80, 0x8a, 0x81, 0x92,
    0x80, 0x8a, 0x80, 0x8a, 0x80, 0x8a, 0x81, 0x8a, 0x60, 0x8a, 0x81, 0x92,
    0x80, 0x8a, 0x81, 0x92, 0x80, 0x8a, 0x80, 0x8a, 0x81, 0x8a, 0x80, 0x92,
    0x80, 0x8a, 0x80, 0x8a, 0x81, 0x92, 0x80, 0x8a, 0x80, 0x8a, 0x81, 0x92,
    0x80, 0x92, 0x80, 0x92, 0x80, 0x8a, 0x81, 0x8a, 0x80, 0x92, 0x60, 0x8a,
    0x61, 0x8a, 0x20, 0x7a, 0x01, 0x41, 0xeb, 0x4a, 0x56, 0x5d, 0x36, 0x5d,
    0x36, 0x55, 0x56, 0x55, 0x56, 0x55, 0x56, 0x55, 0x56, 0x55, 0x36, 0x55,
    0x36, 0x55, 0x36, 0x55, 0x36, 0x55, 0x36, 0x4d, 0x16, 0x4d, 0x15, 0x4d,
    0x65, 0x82, 0x65, 0x82, 0x64, 0x82, 0x65, 0x7a, 0x65, 0x7a, 0x86, 0x7a,
    0x52, 0x44, 0xb6, 0x2c, 0xb5, 0x2c, 0x95, 0x34, 0xb5, 0x2c, 0xb5, 0x34,
    0x12, 0x34, 0x22, 0x41, 0x60, 0x59, 0xa1, 0x92, 0xa1, 0x9a, 0xa1, 0x92,
    0xc1, 0x92, 0xa1, 0x92, 0xa1, 0x92, 0xa1, 0x92, 0xa2, 0x92, 0xa1, 0x92,
    0xc1, 0x9a, 0xa1, 0x9a, 0xa1, 0x92, 0xa1, 0x92, 0xa1, 0x92, 0xa1, 0x92,
    0xa1, 0x92, 0xa1, 0x92, 0xa1, 0x92, 0xa1, 0x92, 0xa1, 0x92, 0xa1, 0x9a,
    0xa1, 0x92, 0xa1, 0x92, 0xa1, 0x92, 0xa0, 0x92, 0x81, 0x92, 0x80, 0x92,
    0x81, 0x92, 0x81, 0x92, 0x81, 0x92, 0xa1, 0x92, 0x20, 0x7a, 0x00, 0x39,
    0x00, 0x52, 0x41, 0x94, 0x80, 0x39, 0x00, 0x31, 0x20, 0x39, 0x20, 0x41,
    0x20, 0x39, 0x20, 0xbd, 0xe0, 0xfe, 0xe0, 0xfe, 0xc0, 0xfe, 0x60, 0xee,
    0x81, 0x62, 0x40, 0x41, 0x81, 0x8a, 0xe0, 0x69, 0xe0, 0x38, 0x40, 0x7b,
    0xe0, 0xf6, 0xc0, 0xfe, 0xc0, 0xfe, 0xc0, 0xfe, 0xc0, 0x8b, 0x00, 0x39,
    0x60, 0x49, 0xe0, 0x38, 0xc0, 0x93, 0xe0, 0xfe, 0xc0, 0xfe, 0xc0, 0xfe,
    0xc0, 0xfe, 0xe0, 0xfe, 0xe0, 0xfe, 0xe0, 0xfe, 0xe0, 0xfe, 0xe0, 0xfe,
    0xc0, 0xfe, 0xc0, 0xfe, 0xc0, 0xfe, 0xc0, 0x8b, 0xe0, 0x30, 0x60, 0x7b,
    0xc0, 0xfe, 0xc0, 0xfe, 0xe0, 0xfe, 0xe0, 0xfe, 0x20, 0xde, 0xe0, 0x51,
    0x20, 0x39, 0x40, 0x39, 0x00, 0x39, 0x00, 0x94, 0x00, 0xff, 0xc0, 0xfe,
    0xe0, 0xfe, 0xc0, 0xcd, 0x60, 0x41, 0xa0, 0x49, 0xc0, 0xd5, 0xe0, 0xfe,
    0xe0, 0xfe, 0xe0, 0xfe, 0x21, 0xde, 0xa0, 0x49, 0x20, 0x39, 0x00, 0x39,
    0x00, 0x39, 0x00, 0x39, 0x00, 0x39, 0x00, 0x39, 0xe0, 0x69, 0x81, 0x92,
    0x60, 0x8a, 0x80, 0x8a, 0x61, 0x8a, 0x40, 0x49, 0xa0, 0x49, 0x20, 0xde,
    0xe0, 0xfe, 0xc0, 0xfe, 0xe0, 0xfe, 0xa0, 0x8b, 0xa1, 0x49, 0x20, 0xde,
    0xe0, 0xfe, 0xe0, 0xfe, 0xc0, 0xfe, 0xc0, 0xfe, 0xc0, 0xf6, 0x00, 0x73,
    0x60, 0x5a, 0xc0, 0xf6, 0xc0, 0xfe, 0xe0, 0xfe, 0x80, 0xee, 0x80, 0x62,
    0xe0, 0x30, 0x21, 0x7b, 0xe0, 0xfe, 0xc0, 0xfe, 0xc0, 0xfe, 0xe0, 0xfe,
    0xe0, 0xd5, 0x60, 0x41, 0x00, 0x39, 0x00, 0x39, 0xe0, 0x30, 0x20, 0x7b,
    0xc0, 0xf6, 0xc0, 0xfe, 0xc0, 0xfe, 0xe0, 0xfe, 0x00, 0xd6, 0xa0, 0x49,
    0x20, 0x39, 0x20, 0x9c, 0x00, 0xff, 0xe0, 0xfe, 0xc0, 0xfe, 0xc0, 0xf6,
    0x00, 0x6b, 0xc0, 0x30, 0xe0, 0x38, 0x80, 0x41, 0xc0, 0xcd, 0xe0, 0xfe,
    0xe0, 0xfe, 0xe0, 0xfe, 0xc0, 0xfe, 0xa0, 0x83, 0xe0, 0x30, 0x20, 0x5a,
    0x80, 0xe6, 0xc0, 0xfe, 0xc0, 0xfe, 0xe0, 0xfe, 0xe0, 0xb4, 0x00, 0x39,
    0x20, 0x39, 0x00, 0x39, 0x00, 0x39, 0x00, 0x39, 0x20, 0x39, 0x00, 0x39,
    0x01, 0x72, 0x80, 0x92, 0x60, 0x8a, 0x81, 0x8a, 0x80, 0x8a, 0x80, 0x8a,
    0x81, 0x8a, 0x60, 0x8a, 0x81, 0x92, 0x60, 0x8a, 0x80, 0x8a, 0x60, 0x8a,
    0x81, 0x8a, 0x60, 0x8a, 0x61, 0x92, 0x80, 0x8a, 0x60, 0x8a, 0x61, 0x8a,
    0x60, 0x8a, 0x61, 0x8a, 0x60, 0x8a, 0x60, 0x8a, 0x60, 0x8a, 0x60, 0x8a,
    0x61, 0x8a, 0x80, 0x8a, 0x60, 0x8a, 0x60, 0x8a, 0x61, 0x8a, 0x60, 0x8a,
    0x60, 0x8a, 0x21, 0x7a, 0x01, 0x41, 0x0b, 0x53, 0x76, 0x5d, 0x36, 0x55,
    0x56, 0x5d, 0x35, 0x55, 0x36, 0x55, 0x36, 0x55, 0x56, 0x55, 0x56, 0x55,
    0x36, 0x55, 0x36, 0x55, 0x36, 0x4d, 0x36, 0x55, 0x15, 0x4d, 0x16, 0x4d,
    0x64, 0x82, 0x65, 0x82, 0x65, 0x82, 0x65, 0x82, 0x65, 0x7a, 0x45, 0x7a,
    0x8d, 0x53, 0xb6, 0x34, 0xb5, 0x34, 0xb5, 0x2c, 0xb6, 0x2c, 0x95, 0x2c,
    0x74, 0x34, 0xc6, 0x41, 0x00, 0x41, 0xa1, 0x61, 0x01, 0x72, 0x21, 0x7a,
    0x41, 0x82, 0x61, 0x82, 0x61, 0x8a, 0x61, 0x82, 0x61, 0x8a, 0x61, 0x8a,
    0x61, 0x8a, 0x81, 0x8a, 0x61, 0x8a, 0x81, 0x8a, 0x81, 0x92, 0x81, 0x8a,
    0x61, 0x8a, 0x81, 0x8a, 0x61, 0x8a, 0x80, 0x8a, 0x81, 0x92, 0x80, 0x8a,
    0x80, 0x8a, 0x80, 0x8a, 0x61, 0x8a, 0x81, 0x8a, 0x80, 0x8a, 0x80, 0x92,
    0x80, 0x8a, 0x80, 0x8a, 0x80, 0x8a, 0x80, 0x8a, 0xa1, 0x59, 0x00, 0x31,
    0xc0, 0x93, 0x00, 0xff, 0x80, 0xe6, 0x60, 0xa4, 0xc0, 0x6a, 0x40, 0x5a,
    0xe0, 0x8b, 0xa0, 0xee, 0xc0, 0xfe, 0xc0, 0xfe, 0xc0, 0xfe, 0x20, 0xde,
    0xa0, 0x49, 0x40, 0x49, 0x81, 0x8a, 0x00, 0x6a, 0x00, 0x39, 0x40, 0x7b,
    0xe0, 0xfe, 0xe0, 0xfe, 0xc0, 0xfe, 0xe0, 0xf6, 0xc0, 0x8b, 0x00, 0x39,
    0x20, 0x39, 0x40, 0x39, 0x41, 0xbd, 0xc0, 0xfe, 0xe0, 0xfe, 0xe0, 0xfe,
    0xe0, 0xfe, 0x00, 0xff, 0xe0, 0xfe, 0x00, 0xff, 0x00, 0xff, 0xe0, 0xfe,
    0xe0, 0xfe, 0xc0, 0xfe, 0xe0, 0xfe, 0x20, 0xbd, 0x00, 0x39, 0xc0, 0x49,
    0x01, 0xde, 0xc0, 0xfe, 0xe0, 0xfe, 0xc0, 0xfe, 0xc0, 0xfe, 0xe0, 0xd5,
    0x00, 0x73, 0x20, 0x5a, 0xc0, 0x6a, 0x81, 0xcd, 0xe0, 0xfe, 0xc0, 0xfe,
    0xe0, 0xfe, 0xc0, 0xcd, 0x60, 0x41, 0x80, 0x49, 0xc0, 0xd5, 0xe0, 0xfe,
    0xc0, 0xfe, 0xe0, 0xfe, 0x80, 0xee, 0x00, 0x94, 0x80, 0x8b, 0x80, 0x8b,
    0x80, 0x83, 0x80, 0x83, 0x00, 0x73, 0x20, 0x39, 0x40, 0x49, 0x61, 0x8a,
    0x81, 0x8a, 0x61, 0x8a, 0x60, 0x8a, 0x40, 0x49, 0xc0, 0x49, 0x40, 0xe6,
    0xe0, 0xfe, 0xc0, 0xfe, 0xc0, 0xfe, 0xa0, 0x83, 0x20, 0x39, 0x20, 0xbd,
    0xe0, 0xfe, 0xe0, 0xfe, 0xc0, 0xfe, 0xe0, 0xfe, 0x60, 0xe6, 0xe1, 0x49,
    0x20, 0x5a, 0xa0, 0xf6, 0xc0, 0xfe, 0xc0, 0xfe, 0xa0, 0xf6, 0xc0, 0x6a,
    0x00, 0x39, 0xc0, 0x49, 0x20, 0xde, 0xe0, 0xfe, 0xc0, 0xfe, 0xc0, 0xfe,
    0xe0, 0xfe, 0x60, 0xbd, 0x80, 0x62, 0x00, 0x52, 0xc0, 0x83, 0x80, 0xee,
    0xe0, 0xfe, 0xe0, 0xfe, 0xc0, 0xfe, 0xe0, 0xfe, 0x80, 0xa4, 0x20, 0x39,
    0x00, 0x39, 0x20, 0x94, 0x00, 0xff, 0xe0, 0xfe, 0xc0, 0xfe, 0xc0, 0xfe,
    0xa0, 0xa4, 0x20, 0x7b, 0x00, 0x94, 0x20, 0xd6, 0xe0, 0xfe, 0xe0, 0xfe,
    0xc0, 0xfe, 0xc0, 0xfe, 0x20, 0xde, 0xc0, 0x49, 0xe0, 0x30, 0x40, 0x5a,
    0x60, 0xee, 0xc0, 0xfe, 0xe0, 0xfe, 0xc0, 0xfe, 0xc0, 0xd5, 0xc0, 0x8b,
    0xa0, 0x8b, 0xa0, 0x83, 0xa0, 0x83, 0xa0, 0x83, 0xe0, 0x72, 0x00, 0x39,
    0x80, 0x51, 0x80, 0x8a, 0x61, 0x8a, 0x60, 0x8a, 0x81, 0x8a, 0x60, 0x8a,
    0x60, 0x8a, 0x61, 0x8a, 0x60, 0x8a, 0x61, 0x8a, 0x60, 0x8a, 0x60, 0x8a,
    0x60, 0x8a, 0x61, 0x8a, 0x60, 0x8a, 0x60, 0x8a, 0x60, 0x8a, 0x60, 0x8a,
    0x61, 0x8a, 0x60, 0x8a, 0x60, 0x8a, 0x61, 0x8a, 0x60, 0x8a, 0x60, 0x8a,
    0x60, 0x82, 0x61, 0x82, 0x40, 0x8a, 0x40, 0x82, 0x40, 0x82, 0x40, 0x82,
    0x20, 0x7a, 0xc0, 0x61, 0x01, 0x41, 0x6d, 0x53, 0x56, 0x55, 0x36, 0x55,
    0x36, 0x55, 0x36, 0x55, 0x36, 0x55, 0x56, 0x55, 0x36, 0x55, 0x36, 0x55,
    0x36, 0x55, 0x36, 0x4d, 0x36, 0x4d, 0x36, 0x4d, 0x15, 0x4d, 0x16, 0x4d,
    0x65, 0x82, 0x65, 0x82, 0x65, 0x7a, 0x64, 0x82, 0x65, 0x7a, 0x45, 0x7a,
    0xe9, 0x6a, 0xb4, 0x34, 0xb5, 0x2c, 0xb6, 0x34, 0x95, 0x2c, 0x95, 0x2c,
    0xb6, 0x2c, 0x6a, 0x42, 0x00, 0x41, 0x00, 0x41, 0x00, 0x41, 0x20, 0x41,
    0x40, 0x49, 0x61, 0x51, 0x81, 0x51, 0xa1, 0x59, 0xe1, 0x69, 0xe1, 0x69,
    0x01, 0x72, 0x41, 0x7a, 0x61, 0x82, 0x81, 0x8a, 0xa1, 0x92, 0x81, 0x92,
    0xa1, 0x92, 0xa1, 0x92, 0xa1, 0x92, 0xa1, 0x92, 0xa1, 0x92, 0x81, 0x92,
    0x81, 0x92, 0x80, 0x92, 0x81, 0x92, 0x81, 0x8a, 0x81, 0x8a, 0x81, 0x92,
    0x81, 0x92, 0x80, 0x8a, 0x61, 0x8a, 0x61, 0x8a, 0x40, 0x49, 0x60, 0x41,
    0x80, 0xc5, 0xc0, 0xfe, 0xc0, 0xfe, 0xc0, 0xfe, 0x00, 0xff, 0x20, 0xff,
    0xe0, 0xfe, 0xc0, 0xfe, 0xc0, 0xfe, 0xe0, 0xfe, 0xe0, 0xfe, 0xe0, 0xb4,
    0x00, 0x31, 0xa1, 0x59, 0xa1, 0x92, 0xe0, 0x71, 0x00, 0x31, 0x40, 0x7b,
    0xc0, 0xfe, 0xc0, 0xfe, 0xc0, 0xfe, 0xc0, 0xfe, 0xc0, 0x8b, 0x00, 0x31,
    0x00, 0x39, 0x00, 0x52, 0x60, 0xe6, 0xc0, 0xfe, 0xe0, 0xfe, 0xe0, 0xfe,
    0x40, 0xe6, 0x00, 0x94, 0xe0, 0x93, 0xc0, 0x8b, 0x00, 0x94, 0x40, 0xe6,
    0xc0, 0xfe, 0xe0, 0xfe, 0xe0, 0xfe, 0x40, 0xde, 0xe0, 0x51, 0x00, 0x31,
    0x00, 0x94, 0xe0, 0xfe, 0xe0, 0xfe, 0xe0, 0xfe, 0xc0, 0xfe, 0xe0, 0xfe,
    0x00, 0xff, 0x20, 0xff, 0x00, 0xff, 0xe0, 0xfe, 0xc0, 0xfe, 0xc0, 0xfe,
    0xc0, 0xfe, 0xc0, 0xcd, 0x60, 0x41, 0x80, 0x49, 0xc0, 0xcd, 0xe0, 0xfe,
    0xc0, 0xfe, 0xc0, 0xfe, 0xe0, 0xfe, 0xe0, 0xfe, 0xe0, 0xfe, 0xe0, 0xfe,
    0xe0, 0xfe, 0xe0, 0xfe, 0x40, 0xde, 0xe0, 0x51, 0x40, 0x41, 0x41, 0x82,
    0x60, 0x8a, 0x80, 0x8a, 0x61, 0x82, 0x40, 0x49, 0xa0, 0x51, 0x40, 0xe6,
    0xe0, 0xfe, 0xc0, 0xfe, 0xe0, 0xfe, 0xa0, 0x83, 0xe0, 0x30, 0xc0, 0x8b,
    0xe0, 0xfe, 0xc0, 0xfe, 0xc0, 0xfe, 0xe0, 0xfe, 0x80, 0xc5, 0x20, 0x39,
    0x20, 0x5a, 0x80, 0xf6, 0xe0, 0xfe, 0xc0, 0xfe, 0xc0, 0xf6, 0x00, 0x73,
    0x00, 0x39, 0x00, 0x39, 0x00, 0x94, 0xc0, 0xfe, 0xc0, 0xfe, 0xc0, 0xfe,
    0xc0, 0xfe, 0xe0, 0xfe, 0x00, 0xff, 0x00, 0xff, 0x00, 0xff, 0xe0, 0xfe,
    0xe0, 0xfe, 0xc0, 0xfe, 0xe0, 0xfe, 0x40, 0xde, 0x00, 0x52, 0x00, 0x39,
    0x20, 0x39, 0x20, 0x94, 0x00, 0xff, 0xe0, 0xfe, 0xe0, 0xfe, 0xe0, 0xfe,
    0x00, 0xff, 0x00, 0xff, 0xe0, 0xfe, 0xc0, 0xfe, 0xe0, 0xfe, 0xc0, 0xfe,
    0xc0, 0xfe, 0xe0, 0xfe, 0xa0, 0x8b, 0x01, 0x31, 0x00, 0x39, 0x40, 0x5a,
    0x60, 0xe6, 0xc0, 0xfe, 0xe0, 0xfe, 0xe0, 0xfe, 0xe0, 0xfe, 0xe0, 0xfe,
    0xe0, 0xfe, 0xe0, 0xfe, 0xe0, 0xfe, 0xe0, 0xfe, 0xc0, 0xd5, 0x40, 0x39,
    0x40, 0x49, 0x60, 0x8a, 0x81, 0x8a, 0x60, 0x92, 0x60, 0x92, 0x81, 0x92,
    0x80, 0x92, 0x80, 0x92, 0x80, 0x92, 0x81, 0x92, 0x80, 0x92, 0x80, 0x8a,
    0x81, 0x8a, 0x81, 0x8a, 0x60, 0x8a, 0x81, 0x8a, 0x61, 0x8a, 0x60, 0x8a,
    0x60, 0x8a, 0x41, 0x82, 0x40, 0x82, 0x40, 0x7a, 0x21, 0x7a, 0xe0, 0x71,
    0xe1, 0x69, 0xc0, 0x61, 0xa0, 0x59, 0x61, 0x49, 0x20, 0x41, 0x00, 0x39,
    0x00, 0x39, 0x00, 0x41, 0x42, 0x41, 0x31, 0x4c, 0x36, 0x55, 0x36, 0x55,
    0x36, 0x55, 0x36, 0x55, 0x36, 0x55, 0x36, 0x55, 0x36, 0x4d, 0x36, 0x4d,
    0x36, 0x4d, 0x36, 0x4d, 0x36, 0x4d, 0x16, 0x4d, 0x16, 0x4d, 0x36, 0x4d,
    0x65, 0x82, 0x65, 0x82, 0x64, 0x7a, 0x65, 0x7a, 0x65, 0x82, 0x45, 0x7a,
    0x66, 0x7a, 0x32, 0x44, 0x95, 0x34, 0xb6, 0x34, 0x95, 0x34, 0xb5, 0x2c,
    0x13, 0x34, 0x43, 0x41, 0x81, 0x59, 0xe2, 0xa2, 0x21, 0xab, 0x22, 0xab,
    0x21, 0xab, 0x01, 0xab, 0x01, 0xab, 0x01, 0xa3, 0xe1, 0xa2, 0xe1, 0xa2,
    0xc1, 0x9a, 0xc1, 0x9a, 0xc1, 0x9a, 0xa1, 0x92, 0xa1, 0x9a, 0xa1, 0x9a,
    0xa1, 0x92, 0xa0, 0x9a, 0xa1, 0x9a, 0xa1, 0x92, 0xa1, 0x92, 0xa1, 0x92,
    0xa1, 0x9a, 0xa1, 0x92, 0xa0, 0x92, 0xa0, 0x92, 0x81, 0x92, 0x81, 0x92,
    0x81, 0x92, 0x80, 0x92, 0x81, 0x92, 0x20, 0x7a, 0x00, 0x39, 0x40, 0x5a,
    0x80, 0xee, 0xc0, 0xfe, 0xe0, 0xfe, 0xe0, 0xfe, 0xc0, 0xfe, 0xc0, 0xfe,
    0xc0, 0xfe, 0xc0, 0xfe, 0xc0, 0xfe, 0xe0, 0xfe, 0xa0, 0xe6, 0x80, 0x62,
    0xe0, 0x38, 0xe0, 0x69, 0xa1, 0x92, 0xe0, 0x71, 0xe0, 0x30, 0x60, 0x7b,
    0xe0, 0xfe, 0xc0, 0xfe, 0xe0, 0xfe, 0xc0, 0xfe, 0xc0, 0x8b, 0xe0, 0x30,
    0x00, 0x39, 0x40, 0x7b, 0xe0, 0xfe, 0xe0, 0xfe, 0xc0, 0xfe, 0xe0, 0xfe,
    0x00, 0xb5, 0xe0, 0x30, 0xe0, 0x30, 0xe0, 0x30, 0x00, 0x31, 0x00, 0xb5,
    0xe0, 0xfe, 0xc0, 0xfe, 0xc0, 0xfe, 0xc0, 0xfe, 0x20, 0x73, 0x00, 0x39,
    0xa0, 0x41, 0x80, 0xc5, 0xe0, 0xfe, 0xc0, 0xfe, 0xe0, 0xfe, 0xc0, 0xfe,
    0xc0, 0xfe, 0xc0, 0xfe, 0xc0, 0xfe, 0xc0, 0xfe, 0xe0, 0xfe, 0xe0, 0xfe,
    0xe0, 0xfe, 0xc0, 0xc5, 0x60, 0x41, 0xa0, 0x41, 0xc0, 0xd5, 0xe0, 0xfe,
    0xc0, 0xfe, 0xe0, 0xfe, 0xe0, 0xfe, 0xe0, 0xfe, 0xc0, 0xfe, 0xc0, 0xfe,
    0xc0, 0xfe, 0xc0, 0xfe, 0x40, 0xe6, 0x20, 0x52, 0x20, 0x41, 0x40, 0x7a,
    0x60, 0x8a, 0x60, 0x8a, 0x61, 0x82, 0x40, 0x41, 0xc0, 0x49, 0x40, 0xe6,
    0xc0, 0xfe, 0xc0, 0xfe, 0xc0, 0xfe, 0x80, 0x83, 0xe0, 0x30, 0x80, 0x62,
    0xa0, 0xf6, 0xe0, 0xfe, 0xc0, 0xfe, 0xe0, 0xfe, 0x60, 0xa4, 0x00, 0x31,
    0xe0, 0x51, 0x60, 0xee, 0xe0, 0xfe, 0xc0, 0xfe, 0xc0, 0xfe, 0x40, 0x7b,
    0xe0, 0x30, 0x00, 0x39, 0x60, 0x41, 0x60, 0xbd, 0xe0, 0xfe, 0xc0, 0xfe,
    0xe0, 0xfe, 0xc0, 0xfe, 0xc0, 0xfe, 0xc0, 0xfe, 0xe0, 0xfe, 0xe0, 0xfe,
    0xe0, 0xfe, 0xc0, 0xfe, 0xe0, 0xf6, 0x81, 0x83, 0x00, 0x31, 0x00, 0x39,
    0x00, 0x39, 0x20, 0x94, 0x00, 0xff, 0xc0, 0xfe, 0xe0, 0xfe, 0xc0, 0xfe,
    0xc0, 0xfe, 0xe0, 0xfe, 0xc0, 0xfe, 0xe0, 0xfe, 0xe0, 0xfe, 0xc0, 0xfe,
    0xe0, 0xfe, 0x81, 0x9c, 0x20, 0x39, 0x00, 0x39, 0x00, 0x39, 0x20, 0x52,
    0x60, 0xe6, 0xc0, 0xfe, 0xc0, 0xfe, 0xc0, 0xfe, 0xc0, 0xfe, 0xe0, 0xfe,
    0xe0, 0xfe, 0xc0, 0xfe, 0xc0, 0xfe, 0xc0, 0xfe, 0xc0, 0xd5, 0x20, 0x39,
    0x40, 0x41, 0x61, 0x8a, 0x80, 0x8a, 0x80, 0x8a, 0x81, 0x92, 0x80, 0x8a,
    0x81, 0x8a, 0x80, 0x8a, 0x80, 0x8a, 0x81, 0x92, 0x80, 0x92, 0x80, 0x92,
    0x81, 0x92, 0x80, 0x92, 0x80, 0x8a, 0x81, 0x92, 0x80, 0x92, 0x80, 0x8a,
    0x81, 0x92, 0x80, 0x8a, 0x80, 0x92, 0x81, 0x8a, 0x80, 0x8a, 0x81, 0x92,
    0x80, 0x92, 0x80, 0x92, 0x81, 0x92, 0x81, 0x92, 0x80, 0x92, 0x81, 0x92,
    0x61, 0x8a, 0xa0, 0x61, 0x22, 0x41, 0xd0, 0x4b, 0x56, 0x55, 0x35, 0x55,
    0x35, 0x55, 0x36, 0x4d, 0x35, 0x4d, 0x35, 0x4d, 0x36, 0x4d, 0x36, 0x4d,
    0x36, 0x55, 0x36, 0x4d, 0x35, 0x4d, 0x16, 0x4d, 0x16, 0x4d, 0x15, 0x4d,
    0x65, 0x82, 0x65, 0x82, 0x65, 0x82, 0x65, 0x82, 0x65, 0x7a, 0x65, 0x7a,
    0x44, 0x7a, 0x8e, 0x53, 0xb6, 0x2c, 0xb5, 0x2c, 0x95, 0x34, 0xb5, 0x2c,
    0xd1, 0x33, 0x01, 0x41, 0xa1, 0x61, 0xa1, 0x92, 0x81, 0x8a, 0xa1, 0x92,
    0xa1, 0x92, 0xa1, 0x92, 0xa1, 0x92, 0xa1, 0x92, 0xa1, 0x92, 0xa1, 0x92,
    0xa1, 0x92, 0xa1, 0x92, 0xa0, 0x92, 0x81, 0x92, 0x80, 0x92, 0xa1, 0x92,
    0xa1, 0x92, 0x81, 0x92, 0x80, 0x92, 0x81, 0x92, 0xa0, 0x92, 0x80, 0x92,
    0x81, 0x92, 0x81, 0x92, 0x80, 0x92, 0x81, 0x92, 0x80, 0x92, 0x80, 0x92,
    0x80, 0x8a, 0x81, 0x8a, 0x80, 0x8a, 0x41, 0x82, 0x20, 0x41, 0x80, 0x49,
    0x61, 0xbd, 0xe0, 0xfe, 0xe0, 0xfe, 0xc0, 0xfe, 0xc0, 0xfe, 0xc0, 0xfe,
    0xc0, 0xfe, 0xc0, 0xfe, 0xe0, 0xfe, 0x80, 0xe6, 0x20, 0x73, 0xe0, 0x30,
    0x40, 0x41, 0x61, 0x82, 0x81, 0x8a, 0x00, 0x72, 0xe0, 0x30, 0x60, 0x7b,
    0xe0, 0xfe, 0xc0, 0xfe, 0xe0, 0xfe, 0xc0, 0xfe, 0xe0, 0x93, 0x00, 0x39,
    0x00, 0x39, 0xa0, 0xac, 0x00, 0xff, 0xe0, 0xfe, 0xc0, 0xfe, 0xe0, 0xfe,
    0x20, 0x9c, 0xe1, 0x30, 0x40, 0x41, 0x41, 0x49, 0xe0, 0x38, 0xa0, 0x8b,
    0x00, 0xff, 0xc0, 0xfe, 0xe0, 0xfe, 0x00, 0xff, 0xa0, 0xac, 0x00, 0x31,
    0x00, 0x39, 0xa0, 0x41, 0x20, 0xb5, 0xc0, 0xfe, 0xe0, 0xfe, 0xc0, 0xfe,
    0xc0, 0xfe, 0xc0, 0xfe, 0xc0, 0xfe, 0xc0, 0xfe, 0xe0, 0xfe, 0xc0, 0xfe,
    0x20, 0xd6, 0xa0, 0x6a, 0x00, 0x39, 0x80, 0x41, 0xc0, 0xd5, 0xe0, 0xfe,
    0xe0, 0xfe, 0xe0, 0xfe, 0xe0, 0xfe, 0xe0, 0xfe, 0xc0, 0xfe, 0xc0, 0xfe,
    0xe0, 0xfe, 0xc0, 0xfe, 0x60, 0xe6, 0x40, 0x5a, 0x20, 0x39, 0x21, 0x7a,
    0x61, 0x8a, 0x80, 0x8a, 0x41, 0x82, 0x20, 0x41, 0xe0, 0x51, 0x60, 0xee,
    0xc0, 0xfe, 0xc0, 0xfe, 0xc0, 0xfe, 0x80, 0x83, 0x01, 0x39, 0x80, 0x49,
    0xe0, 0xd5, 0xe0, 0xfe, 0xe0, 0xfe, 0xc0, 0xf6, 0x01, 0x73, 0x00, 0x39,
    0xc0, 0x49, 0x60, 0xee, 0xe0, 0xfe, 0xe0, 0xfe, 0xe0, 0xfe, 0x60, 0x83,
    0x00, 0x39, 0x80, 0x51, 0x00, 0x39, 0x81, 0x41, 0x60, 0xbd, 0xc0, 0xfe,
    0xe0, 0xfe, 0xe0, 0xfe, 0xc0, 0xfe, 0xc0, 0xfe, 0xc0, 0xfe, 0xc0, 0xfe,
    0xe0, 0xfe, 0x80, 0xe6, 0x60, 0x83, 0xe0, 0x30, 0x20, 0x41, 0x60, 0x49,
    0x00, 0x31, 0x21, 0x94, 0x00, 0xff, 0xe0, 0xfe, 0xe0, 0xfe, 0xe0, 0xfe,
    0xe0, 0xfe, 0xe0, 0xfe, 0xe0, 0xfe, 0xe0, 0xfe, 0xc0, 0xfe, 0xa0, 0xee,
    0x00, 0x94, 0x00, 0x31, 0x20, 0x39, 0xc0, 0x61, 0x20, 0x41, 0x20, 0x52,
    0x60, 0xe6, 0xc0, 0xfe, 0xe0, 0xfe, 0xc0, 0xfe, 0xe0, 0xfe, 0xe0, 0xfe,
    0xe0, 0xfe, 0xe0, 0xfe, 0xe0, 0xfe, 0xe0, 0xfe, 0xa0, 0xcd, 0x20, 0x39,
    0x40, 0x49, 0x61, 0x8a, 0x60, 0x8a, 0x80, 0x8a, 0x80, 0x8a, 0x81, 0x8a,
    0x60, 0x8a, 0x61, 0x8a, 0x80, 0x8a, 0x80, 0x8a, 0x81, 0x8a, 0x60, 0x8a,
    0x60, 0x8a, 0x80, 0x8a, 0x60, 0x8a, 0x81, 0x8a, 0x80, 0x8a, 0x80, 0x8a,
    0x81, 0x8a, 0x80, 0x8a, 0x80, 0x8a, 0x81, 0x8a, 0x60, 0x8a, 0x80, 0x8a,
    0x61, 0x8a, 0x60, 0x8a, 0x80, 0x8a, 0x60, 0x8a, 0x80, 0x8a, 0x61, 0x8a,
    0x60, 0x8a, 0x21, 0x7a, 0x21, 0x41, 0x2c, 0x4b, 0x36, 0x4d, 0x15, 0x4d,
    0x36, 0x4d, 0x36, 0x4d, 0x36, 0x4d, 0x36, 0x4d, 0x16, 0x4d, 0x16, 0x4d,
    0x36, 0x4d, 0x16, 0x4d, 0x15, 0x4d, 0x16, 0x4d, 0x16, 0x4d, 0x16, 0x4d,
    0x64, 0x82, 0x64, 0x82, 0x65, 0x82, 0x64, 0x82, 0x44, 0x82, 0x65, 0x7a,
    0x64, 0x82, 0x09, 0x63, 0xb5, 0x34, 0xb6, 0x34, 0xb5, 0x34, 0xb6, 0x34,
    0xf1, 0x33, 0x02, 0x41, 0xc0, 0x61, 0xa1, 0x92, 0x81, 0x92, 0xa1, 0x92,
    0xa1, 0x92, 0x81, 0x92, 0xa1, 0x92, 0x81, 0x92, 0x81, 0x92, 0xa1, 0x92,
    0x81, 0x92, 0x81, 0x92, 0xa1, 0x92, 0x81, 0x92, 0xa1, 0x92, 0x80, 0x92,
    0xa1, 0x92, 0xa1, 0x92, 0xa1, 0x92, 0x80, 0x92, 0x81, 0x92, 0x81, 0x92,
    0x81, 0x92, 0x80, 0x8a, 0x81, 0x92, 0x81, 0x8a, 0x80, 0x8a, 0x81, 0x92,
    0x81, 0x8a, 0x60, 0x8a, 0x61, 0x8a, 0x81, 0x92, 0xa0, 0x59, 0x00, 0x31,
    0x20, 0x39, 0xa0, 0x62, 0x20, 0xb5, 0xc0, 0xf6, 0x20, 0xff, 0x40, 0xff,
    0x20, 0xff, 0x80, 0xe6, 0x41, 0x9c, 0xa0, 0x49, 0x00, 0x39, 0x20, 0x41,
    0x21, 0x7a, 0x81, 0x8a, 0x80, 0x8a, 0x01, 0x72, 0x00, 0x39, 0x40, 0x5a,
    0xc0, 0xcd, 0x40, 0xde, 0x20, 0xe6, 0x00, 0xde, 0x00, 0x73, 0x01, 0x39,
    0x20, 0x39, 0x00, 0x94, 0x40, 0xde, 0x60, 0xe6, 0x60, 0xe6, 0x00, 0xd6,
    0x80, 0x62, 0x00, 0x39, 0x01, 0x72, 0x21, 0x72, 0x00, 0x39, 0x00, 0x52,
    0xe0, 0xcd, 0x80, 0xee, 0x80, 0xe6, 0x61, 0xe6, 0x61, 0xa4, 0x00, 0x39,
    0x20, 0x39, 0xe0, 0x30, 0x20, 0x39, 0x80, 0x62, 0x40, 0xb5, 0xe0, 0xf6,
    0x60, 0xff, 0x60, 0xff, 0x20, 0xff, 0xa0, 0xee, 0x60, 0xbd, 0x00, 0x73,
    0x40, 0x39, 0x00, 0x39, 0x00, 0x31, 0x20, 0x39, 0x01, 0x94, 0x60, 0xe6,
    0x40, 0xe6, 0x40, 0xe6, 0x60, 0xe6, 0x61, 0xe6, 0x60, 0xe6, 0x60, 0xe6,
    0x60, 0xee, 0x60, 0xe6, 0xc0, 0xcd, 0xe0, 0x51, 0x20, 0x39, 0x21, 0x7a,
    0x60, 0x8a, 0x80, 0x8a, 0x60, 0x82, 0x20, 0x41, 0x60, 0x41, 0x00, 0xb5,
    0x40, 0xe6, 0x40, 0xe6, 0xc0, 0xcd, 0x40, 0x5a, 0x00, 0x39, 0x00, 0x39,
    0xa0, 0x49, 0x40, 0x5a, 0x60, 0x5a, 0x20, 0x52, 0x20, 0x39, 0x00, 0x39,
    0x60, 0x41, 0x00, 0xb5, 0x40, 0xde, 0x40, 0xe6, 0x40, 0xde, 0x01, 0x73,
    0x00, 0x39, 0x01, 0x6a, 0xc1, 0x61, 0x00, 0x31, 0x20, 0x39, 0xa0, 0x6a,
    0x40, 0xbd, 0xc0, 0xf6, 0x20, 0xff, 0x20, 0xff, 0x20, 0xff, 0x40, 0xde,
    0x01, 0x94, 0xa0, 0x49, 0x00, 0x31, 0x20, 0x39, 0x21, 0x7a, 0xc0, 0x59,
    0xe0, 0x30, 0x81, 0x62, 0x00, 0xd6, 0x60, 0xe6, 0x80, 0xee, 0x80, 0xe6,
    0x60, 0xe6, 0x40, 0xde, 0xc1, 0xcd, 0xe0, 0xac, 0x40, 0x7b, 0xa0, 0x41,
    0xe0, 0x30, 0x00, 0x39, 0xe1, 0x69, 0x41, 0x82, 0x40, 0x49, 0xa0, 0x49,
    0x60, 0xbd, 0x40, 0xe6, 0x40, 0xe6, 0x60, 0xe6, 0x40, 0xe6, 0x60, 0xe6,
    0x60, 0xe6, 0x61, 0xe6, 0x60, 0xe6, 0x60, 0xe6, 0xc0, 0xac, 0x20, 0x39,
    0x60, 0x49, 0x61, 0x8a, 0x61, 0x8a, 0x60, 0x8a, 0x80, 0x8a, 0x60, 0x8a,
    0x60, 0x8a, 0x61, 0x8a, 0x60, 0x8a, 0x80, 0x8a, 0x61, 0x8a, 0x80, 0x8a,
    0x81, 0x8a, 0x60, 0x8a, 0x60, 0x8a, 0x80, 0x8a, 0x61, 0x8a, 0x60, 0x8a,
    0x60, 0x8a, 0x61, 0x8a, 0x60, 0x8a, 0x60, 0x8a, 0x60, 0x8a, 0x81, 0x8a,
    0x60, 0x8a, 0x60, 0x8a, 0x61, 0x8a, 0x60, 0x8a, 0x80, 0x8a, 0x60, 0x8a,
    0x60, 0x8a, 0x20, 0x7a, 0x21, 0x41, 0xeb, 0x4a, 0x36, 0x4d, 0x16, 0x4d,
    0x16, 0x4d, 0x16, 0x4d, 0x16, 0x4d, 0x36, 0x4d, 0x15, 0x4d, 0x15, 0x4d,
    0x16, 0x4d, 0x36, 0x4d, 0x16, 0x4d, 0x15, 0x4d, 0x15, 0x45, 0x15, 0x45,
    0x65, 0x82, 0x65, 0x82, 0x65, 0x82, 0x64, 0x7a, 0x45, 0x7a, 0x45, 0x82,
    0x65, 0x82, 0x87, 0x72, 0x74, 0x3c, 0xd5, 0x34, 0xd6, 0x2c, 0xb6, 0x34,
    0x12, 0x34, 0x02, 0x41, 0xa1, 0x61, 0xa1, 0x92, 0x81, 0x92, 0x81, 0x92,
    0x81, 0x92, 0x81, 0x92, 0xa1, 0x92, 0x81, 0x92, 0xa1, 0x92, 0x80, 0x92,
    0x81, 0x92, 0x81, 0x92, 0xa0, 0x92, 0x80, 0x92, 0x81, 0x92, 0x80, 0x8a,
    0x80, 0x92, 0x81, 0x8a, 0x80, 0x8a, 0x81, 0x92, 0x81, 0x92, 0x80, 0x92,
    0xa0, 0x8a, 0x81, 0x92, 0x81, 0x92, 0x80, 0x8a, 0x81, 0x8a, 0x80, 0x92,
    0x81, 0x8a, 0x60, 0x8a, 0x60, 0x8a, 0x81, 0x8a, 0x81, 0x8a, 0xc0, 0x61,
    0x20, 0x39, 0xe0, 0x30, 0xa0, 0x28, 0x00, 0x31, 0xc0, 0x49, 0x01, 0x52,
    0xa0, 0x49, 0xe1, 0x30, 0xc0, 0x28, 0x00, 0x39, 0x60, 0x49, 0x41, 0x82,
    0x80, 0x8a, 0x60, 0x8a, 0x61, 0x8a, 0x61, 0x82, 0x60, 0x49, 0xe0, 0x30,
    0xc0, 0x28, 0xc0, 0x28, 0xc0, 0x28, 0xc0, 0x28, 0xc0, 0x30, 0x20, 0x39,
    0x00, 0x39, 0xc0, 0x28, 0xc1, 0x28, 0xe0, 0x30, 0xc0, 0x30, 0xc1, 0x30,
    0xe0, 0x30, 0x60, 0x49, 0x61, 0x82, 0x60, 0x8a, 0x80, 0x51, 0xe0, 0x30,
    0xc1, 0x30, 0xc0, 0x28, 0xc0, 0x28, 0xc0, 0x28, 0xc0, 0x28, 0xe0, 0x38,
    0xe1, 0x69, 0xe1, 0x69, 0x40, 0x41, 0xe0, 0x30, 0xa1, 0x28, 0x21, 0x31,
    0xc0, 0x51, 0xe1, 0x51, 0xa0, 0x41, 0x00, 0x31, 0xa1, 0x28, 0xe0, 0x30,
    0x20, 0x39, 0x81, 0x51, 0xe0, 0x69, 0x00, 0x39, 0xe0, 0x30, 0xc0, 0x28,
    0xe0, 0x30, 0xe0, 0x30, 0xc0, 0x30, 0xe0, 0x30, 0xc0, 0x28, 0xc0, 0x30,
    0xc0, 0x30, 0xc0, 0x30, 0xe0, 0x30, 0xe0, 0x30, 0x61, 0x49, 0x61, 0x8a,
    0x60, 0x8a, 0x60, 0x82, 0x61, 0x82, 0x80, 0x49, 0xe0, 0x30, 0xc0, 0x28,
    0xc0, 0x28, 0xc1, 0x30, 0xc0, 0x28, 0xc0, 0x30, 0x60, 0x49, 0x60, 0x49,
    0x20, 0x39, 0x01, 0x39, 0xe0, 0x38, 0x00, 0x39, 0x20, 0x41, 0x80, 0x51,
    0x00, 0x39, 0xc0, 0x28, 0xc0, 0x28, 0xc0, 0x28, 0xc0, 0x30, 0xc0, 0x30,
    0x20, 0x41, 0x20, 0x7a, 0x60, 0x82, 0x00, 0x72, 0x40, 0x41, 0xe0, 0x30,
    0xa0, 0x28, 0x20, 0x31, 0xa0, 0x49, 0xc0, 0x49, 0x80, 0x41, 0xc0, 0x30,
    0xc0, 0x28, 0x00, 0x39, 0x60, 0x51, 0x21, 0x7a, 0x61, 0x8a, 0x00, 0x72,
    0x20, 0x39, 0xe0, 0x30, 0xc0, 0x30, 0xc0, 0x28, 0xc0, 0x28, 0xe1, 0x30,
    0xc0, 0x30, 0xc0, 0x30, 0xc0, 0x28, 0xa0, 0x28, 0xe0, 0x30, 0x20, 0x39,
    0x80, 0x51, 0x20, 0x7a, 0x61, 0x8a, 0x60, 0x82, 0xc0, 0x61, 0xe0, 0x30,
    0xc0, 0x28, 0xc1, 0x28, 0xc0, 0x28, 0xc0, 0x28, 0xc1, 0x28, 0xe0, 0x30,
    0xc0, 0x30, 0xc0, 0x30, 0xe0, 0x30, 0xe0, 0x30, 0xc1, 0x30, 0x00, 0x39,
    0xc0, 0x61, 0x81, 0x8a, 0x60, 0x8a, 0x60, 0x8a, 0x61, 0x8a, 0x60, 0x8a,
    0x60, 0x8a, 0x60, 0x8a, 0x61, 0x8a, 0x60, 0x8a, 0x80, 0x8a, 0x61, 0x8a,
    0x60, 0x8a, 0x60, 0x8a, 0x81, 0x8a, 0x60, 0x8a, 0x60, 0x8a, 0x61, 0x8a,
    0x60, 0x8a, 0x60, 0x8a, 0x61, 0x8a, 0x60, 0x8a, 0x61, 0x8a, 0x80, 0x8a,
    0x60, 0x8a, 0x61, 0x8a, 0x61, 0x8a, 0x60, 0x8a, 0x61, 0x8a, 0x61, 0x8a,
    0x60, 0x8a, 0x20, 0x7a, 0x01, 0x41, 0xea, 0x4a, 0x36, 0x4d, 0x15, 0x4d,
    0x16, 0x4d, 0x35, 0x4d, 0x36, 0x4d, 0x16, 0x4d, 0x16, 0x4d, 0x16, 0x45,
    0x16, 0x4d, 0x15, 0x45, 0x16, 0x45, 0x16, 0x4d, 0x16, 0x45, 0x16, 0x45,
    0x64, 0x82, 0x65, 0x82, 0x65, 0x82, 0x64, 0x7a, 0x65, 0x7a, 0x65, 0x82,
    0x65, 0x7a, 0x65, 0x7a, 0xf0, 0x4b, 0xd6, 0x34, 0xb5, 0x34, 0xb6, 0x34,
    0x11, 0x34, 0x02, 0x41, 0xa1, 0x61, 0xa1, 0x92, 0x81, 0x8a, 0x81, 0x92,
    0x81, 0x8a, 0x81, 0x8a, 0x80, 0x92, 0xa1, 0x92, 0xa1, 0x92, 0x81, 0x92,
    0x81, 0x8a, 0x81, 0x92, 0x81, 0x92, 0x81, 0x8a, 0x81, 0x92, 0x81, 0x92,
    0x81, 0x8a, 0x80, 0x92, 0x81, 0x92, 0x81, 0x8a, 0x80, 0x92, 0x80, 0x8a,
    0x81, 0x8a, 0x80, 0x8a, 0x81, 0x8a, 0x60, 0x8a, 0x81, 0x92, 0x80, 0x8a,
    0x81, 0x92, 0x61, 0x8a, 0x60, 0x8a, 0x60, 0x8a, 0x81, 0x8a, 0x81, 0x92,
    0x61, 0x8a, 0xe0, 0x69, 0x60, 0x49, 0x00, 0x39, 0x00, 0x39, 0x00, 0x39,
    0x00, 0x39, 0x20, 0x39, 0x80, 0x51, 0x21, 0x7a, 0x61, 0x8a, 0x61, 0x8a,
    0x60, 0x8a, 0x60, 0x8a, 0x61, 0x8a, 0x60, 0x8a, 0x41, 0x82, 0xa0, 0x59,
    0x40, 0x41, 0x21, 0x49, 0x41, 0x49, 0x40, 0x49, 0xa1, 0x59, 0x61, 0x82,
    0x20, 0x7a, 0x80, 0x51, 0x41, 0x41, 0x20, 0x41, 0x20, 0x41, 0x40, 0x49,
    0xa0, 0x61, 0x61, 0x82, 0x81, 0x8a, 0x80, 0x8a, 0x81, 0x8a, 0xe1, 0x69,
    0x40, 0x49, 0x20, 0x41, 0x40, 0x49, 0x40, 0x49, 0x60, 0x51, 0x00, 0x72,
    0x61, 0x8a, 0x60, 0x82, 0x61, 0x8a, 0x00, 0x6a, 0x40, 0x49, 0x00, 0x39,
    0xe0, 0x30, 0xe0, 0x30, 0x00, 0x31, 0x00, 0x39, 0x40, 0x49, 0xc0, 0x69,
    0x61, 0x8a, 0x61, 0x8a, 0x60, 0x8a, 0x21, 0x7a, 0x60, 0x49, 0x20, 0x39,
    0x20, 0x39, 0x20, 0x39, 0x20, 0x41, 0x20, 0x41, 0x20, 0x39, 0x20, 0x39,
    0x20, 0x39, 0x20, 0x39, 0x40, 0x41, 0xa1, 0x59, 0x40, 0x82, 0x60, 0x82,
    0x40, 0x82, 0x60, 0x82, 0x61, 0x8a, 0x41, 0x82, 0xa0, 0x59, 0x40, 0x49,
    0x40, 0x41, 0x20, 0x41, 0x40, 0x49, 0xe1, 0x69, 0x61, 0x8a, 0x81, 0x8a,
    0x61, 0x82, 0x41, 0x82, 0x40, 0x7a, 0x41, 0x82, 0x61, 0x8a, 0x61, 0x8a,
    0x20, 0x7a, 0x60, 0x51, 0x41, 0x49, 0x20, 0x41, 0x40, 0x49, 0x81, 0x51,
    0x20, 0x7a, 0x61, 0x8a, 0x40, 0x82, 0x61, 0x8a, 0x61, 0x8a, 0x01, 0x72,
    0x80, 0x51, 0x20, 0x41, 0x20, 0x39, 0x00, 0x39, 0x20, 0x39, 0x41, 0x49,
    0xc0, 0x61, 0x41, 0x7a, 0x61, 0x8a, 0x60, 0x82, 0x60, 0x82, 0x41, 0x8a,
    0x41, 0x82, 0xa0, 0x61, 0x40, 0x49, 0x40, 0x41, 0x40, 0x41, 0x40, 0x49,
    0x40, 0x41, 0x40, 0x41, 0x40, 0x49, 0x80, 0x59, 0xe1, 0x69, 0x61, 0x82,
    0x61, 0x8a, 0x60, 0x82, 0x60, 0x82, 0x60, 0x82, 0x61, 0x82, 0xe1, 0x69,
    0x40, 0x49, 0x20, 0x41, 0x20, 0x41, 0x20, 0x41, 0x20, 0x41, 0x20, 0x41,
    0x20, 0x39, 0x00, 0x39, 0x20, 0x41, 0x20, 0x41, 0x60, 0x49, 0xe1, 0x69,
    0x61, 0x8a, 0x60, 0x8a, 0x60, 0x8a, 0x60, 0x8a, 0x61, 0x8a, 0x80, 0x8a,
    0x60, 0x8a, 0x61, 0x8a, 0x60, 0x8a, 0x60, 0x8a, 0x60, 0x8a, 0x60, 0x8a,
    0x61, 0x8a, 0x60, 0x8a, 0x60, 0x8a, 0x60, 0x8a, 0x61, 0x8a, 0x60, 0x8a,
    0x60, 0x8a, 0x60, 0x8a, 0x60, 0x8a, 0x61, 0x8a, 0x60, 0x8a, 0x60, 0x8a,
    0x60, 0x8a, 0x60, 0x8a, 0x60, 0x8a, 0x60, 0x8a, 0x61, 0x8a, 0x60, 0x8a,
    0x60, 0x8a, 0x20, 0x7a, 0x01, 0x41, 0xeb, 0x4a, 0x36, 0x4d, 0x16, 0x4d,
    0x16, 0x4d, 0x16, 0x4d, 0x16, 0x4d, 0x15, 0x45, 0x16, 0x45, 0x16, 0x45,
    0x16, 0x45, 0x16, 0x45, 0x15, 0x45, 0x15, 0x45, 0x16, 0x45, 0xf6, 0x44,
    0x65, 0x82, 0x85, 0x82, 0x65, 0x82, 0x65, 0x82, 0x64, 0x82, 0x64, 0x7a,
    0x65, 0x7a, 0x44, 0x7a, 0x4c, 0x5b, 0xb5, 0x34, 0xb5, 0x34, 0xd6, 0x34,
    0x11, 0x34, 0x01, 0x41, 0xa1, 0x59, 0xa1, 0x92, 0x81, 0x92, 0x81, 0x8a,
    0xa1, 0x92, 0x81, 0x8a, 0x81, 0x92, 0x80, 0x8a, 0x81, 0x8a, 0x81, 0x8a,
    0x80, 0x92, 0x80, 0x8a, 0x81, 0x8a, 0x80, 0x92, 0x80, 0x92, 0x81, 0x8a,
    0x81, 0x8a, 0x80, 0x92, 0x81, 0x8a, 0x81, 0x8a, 0x81, 0x92, 0x81, 0x8a,
    0x80, 0x8a, 0x81, 0x92, 0x80, 0x92, 0x81, 0x8a, 0x80, 0x8a, 0x61, 0x8a,
    0x60, 0x8a, 0x60, 0x8a, 0x80, 0x8a, 0x80, 0x8a, 0x60, 0x8a, 0x60, 0x8a,
    0x60, 0x8a, 0x61, 0x92, 0x81, 0x92, 0x61, 0x8a, 0x60, 0x8a, 0x60, 0x82,
    0x61, 0x82, 0x60, 0x8a, 0x60, 0x92, 0x60, 0x8a, 0x60, 0x8a, 0x60, 0x8a,
    0x60, 0x8a, 0x60, 0x8a, 0x60, 0x8a, 0x60, 0x8a, 0x61, 0x8a, 0x80, 0x8a,
    0x81, 0x8a, 0x60, 0x8a, 0x80, 0x8a, 0x81, 0x8a, 0x80, 0x8a, 0x60, 0x8a,
    0x61, 0x8a, 0x80, 0x8a, 0x61, 0x8a, 0x60, 0x8a, 0x81, 0x8a, 0x80, 0x8a,
    0x80, 0x8a, 0x60, 0x8a, 0x60, 0x8a, 0x60, 0x8a, 0x60, 0x8a, 0x80, 0x8a,
    0x60, 0x8a, 0x81, 0x8a, 0x61, 0x8a, 0x80, 0x8a, 0x60, 0x8a, 0x60, 0x8a,
    0x60, 0x82, 0x60, 0x8a, 0x60, 0x8a, 0x60, 0x8a, 0x61, 0x8a, 0x60, 0x8a,
    0x40, 0x82, 0x40, 0x82, 0x40, 0x82, 0x60, 0x8a, 0x61, 0x8a, 0x60, 0x8a,
    0x60, 0x8a, 0x60, 0x8a, 0x60, 0x82, 0x60, 0x8a, 0x61, 0x8a, 0x60, 0x8a,
    0x60, 0x8a, 0x61, 0x82, 0x60, 0x8a, 0x61, 0x8a, 0x60, 0x8a, 0x60, 0x8a,
    0x61, 0x8a, 0x60, 0x8a, 0x60, 0x8a, 0x60, 0x8a, 0x60, 0x8a, 0x60, 0x82,
    0x40, 0x82, 0x60, 0x8a, 0x40, 0x82, 0x60, 0x8a, 0x60, 0x8a, 0x61, 0x8a,
    0x60, 0x8a, 0x60, 0x8a, 0x61, 0x8a, 0x60, 0x82, 0x40, 0x82, 0x60, 0x82,
    0x40, 0x82, 0x40, 0x82, 0x60, 0x82, 0x40, 0x82, 0x40, 0x82, 0x60, 0x82,
    0x40, 0x82, 0x60, 0x8a, 0x61, 0x8a, 0x40, 0x8a, 0x61, 0x8a, 0x60, 0x82,
    0x40, 0x82, 0x40, 0x82, 0x40, 0x82, 0x60, 0x82, 0x40, 0x8a, 0x60, 0x8a,
    0x61, 0x8a, 0x60, 0x8a, 0x41, 0x82, 0x41, 0x82, 0x60, 0x82, 0x61, 0x8a,
    0x60, 0x8a, 0x40, 0x82, 0x40, 0x82, 0x60, 0x82, 0x40, 0x82, 0x40, 0x82,
    0x40, 0x82, 0x60, 0x8a, 0x61, 0x8a, 0x61, 0x8a, 0x61, 0x8a, 0x60, 0x8a,
    0x60, 0x8a, 0x61, 0x8a, 0x61, 0x8a, 0x60, 0x8a, 0x60, 0x8a, 0x60, 0x82,
    0x61, 0x82, 0x60, 0x8a, 0x60, 0x82, 0x40, 0x8a, 0x40, 0x82, 0x60, 0x8a,
    0x61, 0x8a, 0x60, 0x8a, 0x60, 0x8a, 0x61, 0x8a, 0x60, 0x8a, 0x81, 0x8a,
    0x60, 0x8a, 0x61, 0x8a, 0x61, 0x8a, 0x60, 0x8a, 0x60, 0x8a, 0x60, 0x8a,
    0x60, 0x8a, 0x60, 0x8a, 0x60, 0x8a, 0x61, 0x8a, 0x60, 0x8a, 0x60, 0x8a,
    0x60, 0x8a, 0x61, 0x8a, 0x60, 0x8a, 0x60, 0x8a, 0x61, 0x8a, 0x60, 0x8a,
    0x60, 0x8a, 0x61, 0x8a, 0x60, 0x8a, 0x60, 0x82, 0x60, 0x8a, 0x60, 0x82,
    0x61, 0x82, 0x60, 0x82, 0x60, 0x8a, 0x61, 0x82, 0x60, 0x8a, 0x61, 0x8a,
    0x61, 0x82, 0x60, 0x8a, 0x60, 0x8a, 0x61, 0x82, 0x60, 0x8a, 0x60, 0x82,
    0x61, 0x8a, 0x00, 0x7a, 0x21, 0x41, 0xeb, 0x4a, 0x36, 0x4d, 0x16, 0x45,
    0x16, 0x45, 0x16, 0x45, 0x16, 0x45, 0x16, 0x45, 0x16, 0x45, 0x16, 0x45,
    0x16, 0x45, 0x16, 0x45, 0x16, 0x45, 0xf5, 0x44, 0x16, 0x45, 0x16, 0x45,
    0x65, 0x82, 0x64, 0x82, 0x64, 0x82, 0x44, 0x82, 0x65, 0x7a, 0x44, 0x82,
    0x45, 0x7a, 0x65, 0x7a, 0xa8, 0x6a, 0x94, 0x34, 0xb5, 0x34, 0xd6, 0x34,
    0x12, 0x34, 0x02, 0x41, 0x80, 0x59, 0x81, 0x92, 0x81, 0x92, 0x80, 0x92,
    0x81, 0x92, 0x81, 0x8a, 0x80, 0x8a, 0x81, 0x92, 0x80, 0x8a, 0x81, 0x92,
    0x80, 0x92, 0x81, 0x8a, 0x81, 0x8a, 0x80, 0x92, 0x81, 0x8a, 0x81, 0x8a,
    0x80, 0x8a, 0x81, 0x8a, 0x80, 0x8a, 0x80, 0x92, 0x80, 0x8a, 0x81, 0x8a,
    0x81, 0x8a, 0x60, 0x8a, 0x81, 0x8a, 0x80, 0x8a, 0x61, 0x8a, 0x61, 0x8a,
    0x80, 0x92, 0x81, 0x8a, 0x81, 0x8a, 0x60, 0x92, 0x61, 0x8a, 0x60, 0x8a,
    0x60, 0x8a, 0x60, 0x8a, 0x60, 0x8a, 0x60, 0x8a, 0x61, 0x8a, 0x60, 0x82,
    0x60, 0x8a, 0x60, 0x8a, 0x61, 0x8a, 0x60, 0x8a, 0x60, 0x82, 0x60, 0x8a,
    0x61, 0x8a, 0x61, 0x82, 0x60, 0x8a, 0x61, 0x8a, 0x60, 0x8a, 0x60, 0x8a,
    0x61, 0x8a, 0x60, 0x8a, 0x60, 0x8a, 0x60, 0x8a, 0x60, 0x8a, 0x61, 0x8a,
    0x60, 0x82, 0x60, 0x82, 0x60, 0x8a, 0x61, 0x8a, 0x60, 0x8a, 0x60, 0x8a,
    0x61, 0x8a, 0x61, 0x8a, 0x60, 0x8a, 0x61, 0x8a, 0x61, 0x8a, 0x60, 0x8a,
    0x60, 0x8a, 0x60, 0x8a, 0x60, 0x8a, 0x60, 0x8a, 0x60, 0x8a, 0x61, 0x82,
    0x40, 0x82, 0x60, 0x82, 0x40, 0x8a, 0x61, 0x82, 0x60, 0x8a, 0x60, 0x82,
    0x61, 0x82, 0x60, 0x82, 0x60, 0x8a, 0x60, 0x8a, 0x40, 0x82, 0x61, 0x82,
    0x60, 0x82, 0x60, 0x82, 0x40, 0x82, 0x40, 0x82, 0x40, 0x8a, 0x60, 0x82,
    0x41, 0x82, 0x40, 0x82, 0x60, 0x8a, 0x60, 0x82, 0x60, 0x82, 0x61, 0x8a,
    0x40, 0x82, 0x60, 0x8a, 0x41, 0x82, 0x40, 0x82, 0x41, 0x8a, 0x40, 0x82,
    0x41, 0x82, 0x40, 0x82, 0x40, 0x82, 0x40, 0x82, 0x60, 0x82, 0x61, 0x82,
    0x60, 0x82, 0x40, 0x82, 0x60, 0x82, 0x40, 0x82, 0x40, 0x82, 0x40, 0x8a,
    0x40, 0x82, 0x60, 0x82, 0x60, 0x8a, 0x40, 0x8a, 0x60, 0x82, 0x40, 0x82,
    0x41, 0x82, 0x40, 0x82, 0x40, 0x82, 0x40, 0x82, 0x40, 0x82, 0x40, 0x82,
    0x40, 0x82, 0x41, 0x82, 0x40, 0x82, 0x40, 0x82, 0x40, 0x82, 0x60, 0x82,
    0x40, 0x82, 0x60, 0x82, 0x40, 0x82, 0x60, 0x82, 0x40, 0x82, 0x40, 0x82,
    0x41, 0x82, 0x40, 0x82, 0x40, 0x82, 0x40, 0x82, 0x40, 0x82, 0x40, 0x82,
    0x60, 0x82, 0x40, 0x82, 0x40, 0x82, 0x40, 0x82, 0x40, 0x82, 0x40, 0x82,
    0x40, 0x82, 0x40, 0x82, 0x61, 0x82, 0x60, 0x82, 0x40, 0x82, 0x40, 0x82,
    0x40, 0x82, 0x40, 0x8a, 0x41, 0x82, 0x40, 0x82, 0x60, 0x82, 0x60, 0x82,
    0x60, 0x8a, 0x60, 0x82, 0x60, 0x82, 0x60, 0x8a, 0x60, 0x82, 0x60, 0x82,
    0x60, 0x8a, 0x60, 0x82, 0x60, 0x82, 0x60, 0x82, 0x61, 0x82, 0x60, 0x82,
    0x61, 0x82, 0x60, 0x82, 0x60, 0x82, 0x60, 0x8a, 0x61, 0x82, 0x60, 0x82,
    0x60, 0x8a, 0x60, 0x82, 0x60, 0x82, 0x60, 0x8a, 0x60, 0x82, 0x60, 0x82,
    0x60, 0x8a, 0x60, 0x8a, 0x61, 0x82, 0x60, 0x8a, 0x40, 0x82, 0x61, 0x8a,
    0x60, 0x82, 0x60, 0x8a, 0x40, 0x82, 0x61, 0x82, 0x60, 0x82, 0x60, 0x8a,
    0x61, 0x8a, 0x60, 0x82, 0x61, 0x82, 0x60, 0x8a, 0x60, 0x82, 0x61, 0x82,
    0x60, 0x8a, 0x00, 0x72, 0x01, 0x41, 0xeb, 0x42, 0x36, 0x45, 0xf6, 0x44,
    0x16, 0x45, 0x15, 0x45, 0x16, 0x45, 0x16, 0x45, 0x16, 0x45, 0x16, 0x45,
    0x15, 0x45, 0x16, 0x45, 0xf6, 0x44, 0xf6, 0x44, 0x16, 0x45, 0x16, 0x45,
    0x64, 0x82, 0x65, 0x82, 0x65, 0x82, 0x65, 0x82, 0x65, 0x82, 0x65, 0x82,
    0x65, 0x7a, 0x65, 0x7a, 0x65, 0x7a, 0x31, 0x44, 0xd5, 0x34, 0xd6, 0x34,
    0x53, 0x3c, 0x42, 0x41, 0x40, 0x51, 0x61, 0x8a, 0x80, 0x8a, 0x80, 0x8a,
    0x81, 0x8a, 0x81, 0x8a, 0x81, 0x92, 0x81, 0x92, 0x81, 0x8a, 0x81, 0x8a,
    0x81, 0x8a, 0x81, 0x92, 0x80, 0x8a, 0x81, 0x8a, 0x81, 0x92, 0x80, 0x92,
    0x81, 0x92, 0x80, 0x8a, 0x81, 0x92, 0x81, 0x8a, 0x60, 0x92, 0x80, 0x92,
    0x81, 0x92, 0x60, 0x8a, 0x61, 0x8a, 0x81, 0x92, 0x60, 0x8a, 0x81, 0x8a,
    0x80, 0x8a, 0x61, 0x92, 0x61, 0x8a, 0x60, 0x8a, 0x61, 0x8a, 0x61, 0x8a,
    0x60, 0x8a, 0x60, 0x8a, 0x61, 0x82, 0x60, 0x82, 0x60, 0x8a, 0x61, 0x8a,
    0x60, 0x8a, 0x60, 0x82, 0x61, 0x8a, 0x60, 0x8a, 0x60, 0x82, 0x61, 0x8a,
    0x40, 0x82, 0x60, 0x8a, 0x60, 0x82, 0x60, 0x82, 0x60, 0x8a, 0x61, 0x8a,
    0x60, 0x8a, 0x60, 0x8a, 0x41, 0x8a, 0x40, 0x82, 0x40, 0x8a, 0x40, 0x82,
    0x40, 0x82, 0x60, 0x8a, 0x40, 0x82, 0x60, 0x82, 0x60, 0x82, 0x60, 0x8a,
    0x40, 0x8a, 0x60, 0x8a, 0x60, 0x8a, 0x61, 0x8a, 0x60, 0x82, 0x40, 0x82,
    0x60, 0x82, 0x40, 0x82, 0x61, 0x8a, 0x40, 0x82, 0x40, 0x82, 0x40, 0x82,
    0x41, 0x8a, 0x40, 0x82, 0x40, 0x82, 0x40, 0x82, 0x40, 0x82, 0x40, 0x82,
    0x40, 0x82, 0x40, 0x82, 0x41, 0x82, 0x40, 0x82, 0x40, 0x82, 0x40, 0x82,
    0x40, 0x82, 0x41, 0x82, 0x40, 0x82, 0x40, 0x82, 0x41, 0x82, 0x40, 0x82,
    0x40, 0x82, 0x40, 0x82, 0x41, 0x82, 0x40, 0x82, 0x40, 0x82, 0x40, 0x82,
    0x40, 0x82, 0x40, 0x82, 0x40, 0x82, 0x40, 0x82, 0x40, 0x82, 0x40, 0x82,
    0x40, 0x82, 0x40, 0x82, 0x40, 0x82, 0x40, 0x82, 0x41, 0x82, 0x40, 0x82,
    0x40, 0x82, 0x40, 0x82, 0x40, 0x82, 0x41, 0x82, 0x40, 0x82, 0x40, 0x82,
    0x40, 0x82, 0x40, 0x82, 0x40, 0x82, 0x40, 0x82, 0x41, 0x82, 0x40, 0x82,
    0x40, 0x82, 0x40, 0x82, 0x40, 0x82, 0x40, 0x82, 0x40, 0x82, 0x40, 0x82,
    0x41, 0x82, 0x40, 0x82, 0x40, 0x82, 0x40, 0x82, 0x40, 0x82, 0x41, 0x82,
    0x40, 0x82, 0x40, 0x82, 0x40, 0x82, 0x40, 0x82, 0x40, 0x82, 0x40, 0x82,
    0x40, 0x82, 0x40, 0x82, 0x41, 0x82, 0x41, 0x82, 0x40, 0x82, 0x40, 0x82,
    0x40, 0x82, 0x40, 0x82, 0x40, 0x82, 0x40, 0x82, 0x40, 0x82, 0x40, 0x82,
    0x40, 0x82, 0x40, 0x82, 0x40, 0x82, 0x40, 0x82, 0x40, 0x82, 0x40, 0x82,
    0x40, 0x82, 0x40, 0x82, 0x40, 0x82, 0x41, 0x82, 0x40, 0x82, 0x40, 0x82,
    0x40, 0x82, 0x40, 0x82, 0x40, 0x82, 0x41, 0x82, 0x40, 0x82, 0x40, 0x82,
    0x61, 0x82, 0x40, 0x8a, 0x40, 0x82, 0x60, 0x82, 0x40, 0x8a, 0x40, 0x8a,
    0x60, 0x82, 0x40, 0x82, 0x41, 0x82, 0x40, 0x82, 0x60, 0x82, 0x41, 0x82,
    0x40, 0x82, 0x60, 0x82, 0x61, 0x8a, 0x40, 0x82, 0x60, 0x82, 0x61, 0x82,
    0x40, 0x82, 0x60, 0x82, 0x60, 0x8a, 0x41, 0x82, 0x60, 0x8a, 0x40, 0x82,
    0x41, 0x82, 0x40, 0x82, 0x60, 0x8a, 0x40, 0x8a, 0x40, 0x82, 0x60, 0x82,
    0x40, 0x8a, 0x60, 0x8a, 0x60, 0x8a, 0x60, 0x82, 0x40, 0x8a, 0x40, 0x82,
    0x61, 0x82, 0x80, 0x59, 0x01, 0x41, 0x4d, 0x43, 0x16, 0x3d, 0xf6, 0x44,
    0x16, 0x45, 0x16, 0x45, 0x16, 0x45, 0x16, 0x45, 0x16, 0x45, 0x16, 0x3d,
    0xf6, 0x44, 0x16, 0x45, 0x16, 0x3d, 0xf5, 0x3c, 0xf5, 0x44, 0xd5, 0x44,
    0x65, 0x82, 0x64, 0x82, 0x65, 0x82, 0x65, 0x82, 0x65, 0x7a, 0x64, 0x82,
    0x64, 0x82, 0x65, 0x7a, 0x25, 0x7a, 0x6d, 0x5b, 0xd6, 0x34, 0xd5, 0x34,
    0xb5, 0x3c, 0xe7, 0x41, 0x00, 0x41, 0xc0, 0x69, 0x81, 0x8a, 0x80, 0x8a,
    0x81, 0x92, 0x80, 0x8a, 0x81, 0x92, 0x81, 0x8a, 0x80, 0x8a, 0x81, 0x92,
    0x80, 0x8a, 0x80, 0x8a, 0x81, 0x92, 0x80, 0x8a, 0x80, 0x8a, 0x61, 0x8a,
    0x80, 0x8a, 0x60, 0x8a, 0x81, 0x92, 0x81, 0x8a, 0x60, 0x8a, 0x60, 0x8a,
    0x61, 0x8a, 0x81, 0x8a, 0x60, 0x8a, 0x60, 0x8a, 0x61, 0x8a, 0x80, 0x8a,
    0x60, 0x8a, 0x60, 0x8a, 0x61, 0x8a, 0x60, 0x8a, 0x60, 0x8a, 0x60, 0x8a,
    0x61, 0x8a, 0x60, 0x82, 0x61, 0x8a, 0x60, 0x82, 0x40, 0x8a, 0x60, 0x82,
    0x40, 0x82, 0x41, 0x82, 0x40, 0x82, 0x40, 0x82, 0x60, 0x8a, 0x40, 0x82,
    0x60, 0x82, 0x40, 0x8a, 0x41, 0x8a, 0x60, 0x82, 0x40, 0x82, 0x40, 0x82,
    0x40, 0x82, 0x40, 0x82, 0x60, 0x82, 0x61, 0x82, 0x40, 0x82, 0x40, 0x82,
    0x61, 0x82, 0x40, 0x82, 0x40, 0x82, 0x41, 0x82, 0x60, 0x8a, 0x41, 0x82,
    0x61, 0x82, 0x60, 0x82, 0x60, 0x82, 0x40, 0x82, 0x60, 0x82, 0x60, 0x8a,
    0x41, 0x82, 0x40, 0x82, 0x40, 0x82, 0x41, 0x82, 0x40, 0x82, 0x40, 0x82,
    0x40, 0x82, 0x41, 0x82, 0x40, 0x82, 0x40, 0x82, 0x41, 0x82, 0x40, 0x82,
    0x40, 0x82, 0x40, 0x82, 0x40, 0x82, 0x40, 0x82, 0x40, 0x82, 0x40, 0x82,
    0x41, 0x82, 0x40, 0x82, 0x40, 0x82, 0x40, 0x82, 0x40, 0x82, 0x40, 0x82,
    0x40, 0x82, 0x41, 0x82, 0x40, 0x82, 0x40, 0x82, 0x40, 0x82, 0x40, 0x82,
    0x40, 0x82, 0x40, 0x82, 0x40, 0x82, 0x41, 0x82, 0x40, 0x82, 0x40, 0x82,
    0x41, 0x82, 0x40, 0x82, 0x40, 0x82, 0x40, 0x82, 0x40, 0x82, 0x40, 0x82,
    0x41, 0x82, 0x40, 0x82, 0x40, 0x82, 0x40, 0x82, 0x20, 0x82, 0x40, 0x82,
    0x41, 0x82, 0x40, 0x82, 0x40, 0x82, 0x40, 0x82, 0x40, 0x82, 0x40, 0x82,
    0x40, 0x82, 0x40, 0x82, 0x40, 0x82, 0x20, 0x82, 0x40, 0x82, 0x41, 0x82,
    0x40, 0x82, 0x40, 0x82, 0x40, 0x82, 0x40, 0x82, 0x41, 0x82, 0x40, 0x82,
    0x40, 0x82, 0x40, 0x82, 0x41, 0x82, 0x20, 0x82, 0x40, 0x82, 0x41, 0x82,
    0x40, 0x82, 0x40, 0x82, 0x40, 0x82, 0x40, 0x82, 0x40, 0x82, 0x20, 0x82,
    0x41, 0x82, 0x40, 0x82, 0x40, 0x82, 0x41, 0x82, 0x41, 0x82, 0x40, 0x82,
    0x20, 0x82, 0x40, 0x82, 0x20, 0x82, 0x40, 0x82, 0x41, 0x82, 0x40, 0x82,
    0x40, 0x82, 0x40, 0x82, 0x40, 0x82, 0x40, 0x82, 0x40, 0x82, 0x20, 0x82,
    0x41, 0x82, 0x40, 0x82, 0x40, 0x82, 0x41, 0x82, 0x40, 0x82, 0x40, 0x82,
    0x40, 0x82, 0x40, 0x82, 0x40, 0x82, 0x41, 0x82, 0x40, 0x82, 0x40, 0x82,
    0x40, 0x8a, 0x61, 0x82, 0x40, 0x82, 0x40, 0x8a, 0x40, 0x82, 0x40, 0x8a,
    0x40, 0x82, 0x40, 0x82, 0x40, 0x82, 0x41, 0x82, 0x40, 0x82, 0x40, 0x8a,
    0x41, 0x82, 0x60, 0x82, 0x40, 0x82, 0x40, 0x82, 0x60, 0x8a, 0x60, 0x82,
    0x40, 0x82, 0x41, 0x8a, 0x40, 0x82, 0x40, 0x82, 0x60, 0x82, 0x40, 0x82,
    0x60, 0x82, 0x40, 0x82, 0x41, 0x82, 0x40, 0x82, 0x60, 0x82, 0x41, 0x8a,
    0xe0, 0x71, 0x20, 0x41, 0x64, 0x41, 0x53, 0x3c, 0xf6, 0x3c, 0x16, 0x3d,
    0xf6, 0x3c, 0xf6, 0x3c, 0x16, 0x3d, 0x16, 0x3d, 0x16, 0x3d, 0xf6, 0x3c,
    0xf6, 0x3c, 0x16, 0x3d, 0x16, 0x3d, 0xf6, 0x44, 0xf6, 0x44, 0x0c, 0x84,
    0x65, 0x82, 0x65, 0x82, 0x64, 0x82, 0x65, 0x82, 0x64, 0x7a, 0x65, 0x82,
    0x65, 0x82, 0x65, 0x7a, 0x45, 0x7a, 0xc8, 0x62, 0xd5, 0x3c, 0xf5, 0x3c,
    0xf6, 0x3c, 0x8f, 0x43, 0x01, 0x41, 0x20, 0x41, 0x21, 0x7a, 0x81, 0x92,
    0x61, 0x8a, 0x80, 0x8a, 0x60, 0x8a, 0x81, 0x8a, 0x60, 0x8a, 0x80, 0x8a,
    0x61, 0x8a, 0x61, 0x8a, 0x81, 0x8a, 0x61, 0x8a, 0x60, 0x8a, 0x81, 0x8a,
    0x61, 0x8a, 0x60, 0x8a, 0x61, 0x8a, 0x61, 0x8a, 0x60, 0x8a, 0x61, 0x8a,
    0x60, 0x8a, 0x60, 0x8a, 0x60, 0x8a, 0x61, 0x8a, 0x60, 0x8a, 0x60, 0x8a,
    0x61, 0x8a, 0x60, 0x8a, 0x61, 0x8a, 0x60, 0x8a, 0x60, 0x82, 0x60, 0x82,
    0x40, 0x82, 0x40, 0x82, 0x40, 0x82, 0x40, 0x82, 0x40, 0x82, 0x41, 0x82,
    0x40, 0x82, 0x40, 0x8a, 0x40, 0x82, 0x41, 0x82, 0x41, 0x82, 0x40, 0x82,
    0x40, 0x82, 0x40, 0x82, 0x41, 0x82, 0x40, 0x82, 0x40, 0x82, 0x40, 0x82,
    0x40, 0x82, 0x40, 0x82, 0x40, 0x82, 0x40, 0x82, 0x40, 0x82, 0x40, 0x82,
    0x41, 0x82, 0x40, 0x82, 0x40, 0x82, 0x40, 0x82, 0x40, 0x82, 0x40, 0x82,
    0x40, 0x82, 0x40, 0x82, 0x41, 0x82, 0x40, 0x82, 0x40, 0x82, 0x40, 0x82,
    0x40, 0x82, 0x40, 0x82, 0x40, 0x82, 0x40, 0x82, 0x41, 0x82, 0x40, 0x82,
    0x40, 0x82, 0x40, 0x82, 0x40, 0x82, 0x20, 0x82, 0x41, 0x82, 0x20, 0x82,
    0x40, 0x82, 0x20, 0x82, 0x40, 0x82, 0x20, 0x82, 0x40, 0x82, 0x41, 0x82,
    0x20, 0x82, 0x40, 0x82, 0x40, 0x82, 0x20, 0x82, 0x40, 0x82, 0x41, 0x82,
    0x40, 0x82, 0x40, 0x82, 0x40, 0x82, 0x20, 0x82, 0x40, 0x82, 0x41, 0x82,
    0x20, 0x82, 0x41, 0x82, 0x40, 0x82, 0x40, 0x82, 0x20, 0x82, 0x40, 0x82,
    0x20, 0x82, 0x40, 0x82, 0x20, 0x82, 0x20, 0x82, 0x40, 0x82, 0x20, 0x82,
    0x20, 0x82, 0x40, 0x82, 0x41, 0x82, 0x20, 0x82, 0x40, 0x82, 0x20, 0x82,
    0x20, 0x82, 0x20, 0x82, 0x20, 0x82, 0x41, 0x82, 0x40, 0x82, 0x20, 0x82,
    0x20, 0x82, 0x41, 0x82, 0x20, 0x82, 0x20, 0x7a, 0x20, 0x7a, 0x20, 0x82,
    0x20, 0x82, 0x20, 0x82, 0x21, 0x82, 0x20, 0x82, 0x20, 0x82, 0x20, 0x82,
    0x20, 0x82, 0x20, 0x82, 0x20, 0x82, 0x20, 0x82, 0x40, 0x82, 0x20, 0x82,
    0x20, 0x82, 0x40, 0x82, 0x20, 0x82, 0x20, 0x7a, 0x20, 0x82, 0x40, 0x82,
    0x20, 0x82, 0x20, 0x7a, 0x20, 0x7a, 0x20, 0x7a, 0x20, 0x82, 0x20, 0x82,
    0x40, 0x82, 0x21, 0x82, 0x21, 0x82, 0x40, 0x82, 0x20, 0x82, 0x20, 0x82,
    0x21, 0x82, 0x20, 0x82, 0x20, 0x82, 0x40, 0x82, 0x40, 0x82, 0x20, 0x82,
    0x40, 0x82, 0x40, 0x82, 0x40, 0x82, 0x40, 0x82, 0x40, 0x82, 0x40, 0x82,
    0x40, 0x82, 0x40, 0x82, 0x40, 0x82, 0x40, 0x82, 0x40, 0x82, 0x40, 0x82,
    0x41, 0x82, 0x40, 0x82, 0x40, 0x82, 0x40, 0x82, 0x41, 0x82, 0x40, 0x82,
    0x40, 0x82, 0x41, 0x82, 0x40, 0x82, 0x40, 0x82, 0x40, 0x82, 0x40, 0x82,
    0x40, 0x82, 0x40, 0x82, 0x40, 0x82, 0x40, 0x82, 0x41, 0x82, 0x40, 0x82,
    0x40, 0x82, 0x40, 0x82, 0x40, 0x82, 0x41, 0x82, 0x40, 0x82, 0x41, 0x82,
    0x40, 0x82, 0x40, 0x82, 0x41, 0x82, 0x40, 0x82, 0x40, 0x8a, 0x20, 0x7a,
    0x20, 0x41, 0x01, 0x41, 0xec, 0x42, 0xf6, 0x3c, 0xf6, 0x3c, 0xf6, 0x3c,
    0xf6, 0x3c, 0x16, 0x3d, 0xf6, 0x3c, 0xf6, 0x3c, 0xf6, 0x3c, 0xf6, 0x3c,
    0x16, 0x3d, 0xf6, 0x3c, 0xf6, 0x44, 0x16, 0x3d, 0x70, 0x64, 0x45, 0xb3,
    0x65, 0x82, 0x64, 0x82, 0x65, 0x82, 0x65, 0x82, 0x65, 0x82, 0x64, 0x7a,
    0x45, 0x7a, 0x65, 0x7a, 0x45, 0x7a, 0x66, 0x72, 0x31, 0x4c, 0xd5, 0x44,
    0xf6, 0x3c, 0xd5, 0x44, 0x28, 0x42, 0xe1, 0x40, 0x40, 0x49, 0xe0, 0x69,
    0x21, 0x7a, 0x20, 0x82, 0x20, 0x7a, 0x20, 0x82, 0x20, 0x7a, 0x20, 0x7a,
    0x20, 0x82, 0x20, 0x7a, 0x20, 0x7a, 0x20, 0x7a, 0x20, 0x7a, 0x20, 0x7a,
    0x20, 0x7a, 0x20, 0x7a, 0x20, 0x7a, 0x20, 0x7a, 0x20, 0x7a, 0x21, 0x7a,
    0x20, 0x7a, 0x20, 0x7a, 0x20, 0x7a, 0x21, 0x7a, 0x20, 0x7a, 0x00, 0x7a,
    0x20, 0x7a, 0x20, 0x7a, 0x00, 0x7a, 0x21, 0x7a, 0x00, 0x72, 0x01, 0x7a,
    0x20, 0x7a, 0x00, 0x7a, 0x00, 0x72, 0x00, 0x72, 0x00, 0x7a, 0x00, 0x7a,
    0x00, 0x72, 0x00, 0x7a, 0x00, 0x7a, 0x00, 0x72, 0x00, 0x72, 0x01, 0x7a,
    0x00, 0x72, 0x00, 0x72, 0x00, 0x72, 0x00, 0x72, 0x00, 0x7a, 0x01, 0x7a,
    0x01, 0x7a, 0x00, 0x72, 0x00, 0x72, 0x00, 0x72, 0x00, 0x72, 0x00, 0x72,
    0x00, 0x7a, 0x00, 0x72, 0x00, 0x72, 0x00, 0x7a, 0x00, 0x72, 0x00, 0x7a,
    0x00, 0x7a, 0x00, 0x72, 0x00, 0x72, 0x00, 0x7a, 0x00, 0x72, 0x00, 0x72,
    0x00, 0x72, 0x00, 0x72, 0x00, 0x72, 0xe0, 0x71, 0x00, 0x72, 0x00, 0x72,
    0x00, 0x72, 0xe0, 0x71, 0xe0, 0x71, 0x00, 0x72, 0xe0, 0x71, 0x00, 0x72,
    0xe0, 0x71, 0xe0, 0x71, 0x01, 0x72, 0x00, 0x72, 0x00, 0x72, 0x00, 0x72,
    0xe0, 0x71, 0xe0, 0x71, 0x00, 0x72, 0xe0, 0x71, 0xe0, 0x71, 0x00, 0x72,
    0x00, 0x72, 0xe0, 0x71, 0xe0, 0x71, 0x00, 0x72, 0x00, 0x72, 0xe0, 0x71,
    0xe0, 0x71, 0x00, 0x72, 0x00, 0x72, 0xe0, 0x71, 0xe0, 0x71, 0x00, 0x72,
    0x00, 0x72, 0xe0, 0x71, 0x00, 0x72, 0x01, 0x72, 0x00, 0x72, 0xe0, 0x71,
    0x00, 0x72, 0x00, 0x72, 0x00, 0x72, 0xe0, 0x71, 0x00, 0x72, 0x00, 0x72,
    0xe0, 0x71, 0x00, 0x72, 0xe0, 0x71, 0xe0, 0x71, 0x00, 0x72, 0x00, 0x72,
    0xe0, 0x71, 0x00, 0x72, 0x00, 0x72, 0xe0, 0x71, 0xe0, 0x71, 0x00, 0x72,
    0x00, 0x72, 0xe0, 0x71, 0x00, 0x72, 0x00, 0x72, 0xe0, 0x71, 0x00, 0x72,
    0xe0, 0x71, 0x00, 0x72, 0xe0, 0x71, 0x00, 0x72, 0x00, 0x72, 0x00, 0x72,
    0x00, 0x72, 0xe0, 0x71, 0xe0, 0x71, 0x00, 0x72, 0x01, 0x72, 0xe0, 0x71,
    0xe0, 0x71, 0xe0, 0x71, 0xe0, 0x71, 0x00, 0x72, 0xe0, 0x71, 0x00, 0x72,
    0x00, 0x72, 0x00, 0x72, 0x00, 0x72, 0xe0, 0x71, 0x00, 0x72, 0xe0, 0x71,
    0x00, 0x72, 0xe0, 0x71, 0xe0, 0x71, 0x00, 0x72, 0x00, 0x72, 0x00, 0x72,
    0x00, 0x72, 0x00, 0x72, 0xe0, 0x71, 0x00, 0x72, 0x00, 0x72, 0x00, 0x72,
    0x01, 0x72, 0x00, 0x72, 0x00, 0x72, 0x00, 0x72, 0x00, 0x72, 0x00, 0x72,
    0x00, 0x72, 0x00, 0x72, 0x00, 0x72, 0x00, 0x72, 0x00, 0x72, 0x00, 0x72,
    0x00, 0x7a, 0x00, 0x72, 0x00, 0x72, 0x00, 0x7a, 0x00, 0x72, 0x00, 0x7a,
    0x00, 0x72, 0x00, 0x72, 0x00, 0x7a, 0x00, 0x72, 0x00, 0x72, 0x00, 0x7a,
    0x00, 0x72, 0x00, 0x72, 0x00, 0x72, 0x00, 0x7a, 0x00, 0x7a, 0x00, 0x7a,
    0x20, 0x7a, 0x00, 0x7a, 0x00, 0x7a, 0x00, 0x7a, 0xe0, 0x69, 0x41, 0x49,
    0x01, 0x41, 0xe6, 0x41, 0x95, 0x34, 0xd6, 0x34, 0xf6, 0x3c, 0xf6, 0x3c,
    0xf6, 0x3c, 0xf6, 0x3c, 0xf6, 0x3c, 0xf6, 0x3c, 0x16, 0x3d, 0xf6, 0x3c,
    0xf6, 0x3c, 0xf6, 0x3c, 0x15, 0x3d, 0xb4, 0x4c, 0x87, 0xa3, 0x64, 0xbb,
    0x65, 0x82, 0x65, 0x82, 0x64, 0x82, 0x65, 0x82, 0x64, 0x7a, 0x65, 0x82,
    0x44, 0x82, 0x65, 0x7a, 0x45, 0x7a, 0x44, 0x7a, 0x4b, 0x5b, 0xf6, 0x44,
    0xf5, 0x44, 0x16, 0x45, 0x94, 0x4c, 0xc6, 0x41, 0x00, 0x41, 0x00, 0x41,
    0x00, 0x41, 0x00, 0x41, 0x00, 0x41, 0x00, 0x41, 0x00, 0x41, 0x00, 0x41,
    0x00, 0x41, 0x00, 0x41, 0x00, 0x41, 0x00, 0x41, 0x00, 0x41, 0x00, 0x41,
    0x00, 0x41, 0x00, 0x41, 0x00, 0x41, 0x00, 0x41, 0x00, 0x41, 0x00, 0x41,
    0x00, 0x41, 0x00, 0x41, 0x00, 0x39, 0x00, 0x41, 0x00, 0x39, 0x00, 0x39,
    0x00, 0x39, 0x00, 0x39, 0x00, 0x39, 0x00, 0x41, 0x00, 0x39, 0x00, 0x41,
    0x00, 0x41, 0x00, 0x39, 0x00, 0x41, 0x00, 0x39, 0x00, 0x41, 0x00, 0x41,
    0x00, 0x39, 0x00, 0x39, 0x00, 0x41, 0x00, 0x39, 0x00, 0x39, 0x00, 0x41,
    0x00, 0x39, 0x00, 0x39, 0x00, 0x41, 0x00, 0x39, 0x00, 0x39, 0x00, 0x39,
    0x00, 0x41, 0x00, 0x41, 0xe0, 0x38, 0x00, 0x41, 0x00, 0x41, 0x00, 0x39,
    0x00, 0x41, 0x00, 0x41, 0x00, 0x41, 0x01, 0x41, 0x00, 0x39, 0x00, 0x39,
    0x00, 0x41, 0x00, 0x41, 0x00, 0x41, 0x00, 0x41, 0x00, 0x39, 0x00, 0x41,
    0x01, 0x41, 0x00, 0x41, 0x00, 0x41, 0x00, 0x39, 0x00, 0x41, 0x00, 0x39,
    0x00, 0x39, 0x00, 0x39, 0x00, 0x39, 0x00, 0x41, 0x00, 0x39, 0x00, 0x39,
    0x00, 0x39, 0x00, 0x39, 0xe0, 0x38, 0x00, 0x41, 0x00, 0x41, 0x00, 0x39,
    0x00, 0x41, 0xe0, 0x38, 0x00, 0x39, 0x00, 0x39, 0x00, 0x41, 0x00, 0x41,
    0x00, 0x39, 0x00, 0x41, 0x00, 0x39, 0x00, 0x39, 0xe0, 0x38, 0x00, 0x39,
    0x00, 0x39, 0x00, 0x39, 0x00, 0x41, 0x00, 0x41, 0x00, 0x39, 0x00, 0x41,
    0x00, 0x39, 0x00, 0x41, 0x00, 0x41, 0x00, 0x41, 0x00, 0x39, 0x00, 0x41,
    0x00, 0x39, 0x00, 0x39, 0x00, 0x41, 0x00, 0x41, 0x00, 0x39, 0x00, 0x39,
    0x00, 0x39, 0x00, 0x39, 0x00, 0x39, 0x00, 0x41, 0x00, 0x41, 0x00, 0x39,
    0x00, 0x39, 0x00, 0x39, 0x00, 0x41, 0x00, 0x39, 0x00, 0x41, 0x00, 0x39,
    0x00, 0x39, 0x00, 0x39, 0x00, 0x41, 0x00, 0x39, 0x00, 0x39, 0x00, 0x39,
    0x00, 0x41, 0x01, 0x39, 0x00, 0x39, 0x00, 0x39, 0x01, 0x41, 0x00, 0x39,
    0x00, 0x39, 0x00, 0x39, 0x00, 0x41, 0x00, 0x41, 0x00, 0x39, 0x00, 0x39,
    0x00, 0x41, 0x00, 0x41, 0x00, 0x39, 0x00, 0x39, 0x00, 0x39, 0x00, 0x41,
    0x00, 0x39, 0x00, 0x39, 0x00, 0x39, 0x00, 0x39, 0x00, 0x39, 0x00, 0x39,
    0x00, 0x39, 0x00, 0x39, 0x00, 0x39, 0x01, 0x39, 0x00, 0x39, 0xe0, 0x38,
    0xe0, 0x38, 0x00, 0x39, 0x01, 0x39, 0xe0, 0x38, 0x00, 0x39, 0xe0, 0x40,
    0x00, 0x41, 0x00, 0x39, 0xe0, 0x40, 0x00, 0x41, 0x00, 0x39, 0x00, 0x41,
    0x00, 0x41, 0x00, 0x41, 0x01, 0x41, 0x00, 0x41, 0x00, 0x41, 0x00, 0x41,
    0x00, 0x41, 0x00, 0x41, 0x00, 0x41, 0x00, 0x39, 0x00, 0x39, 0x00, 0x41,
    0x00, 0x41, 0x01, 0x41, 0x00, 0x41, 0x00, 0x39, 0x00, 0x39, 0x00, 0x41,
    0x00, 0x41, 0x00, 0x41, 0x00, 0x41, 0x00, 0x39, 0x00, 0x39, 0x00, 0x41,
    0x00, 0x39, 0x00, 0x39, 0x00, 0x39, 0x00, 0x39, 0x00, 0x41, 0x00, 0x41,
    0x43, 0x41, 0xf2, 0x3b, 0xd6, 0x34, 0xd5, 0x34, 0xd6, 0x34, 0xf6, 0x3c,
    0xf6, 0x3c, 0xf6, 0x3c, 0xf6, 0x3c, 0xf6, 0x3c, 0xf6, 0x3c, 0xf6, 0x3c,
    0xf6, 0x3c, 0xf6, 0x3c, 0xf5, 0x3c, 0xec, 0x7b, 0x44, 0xbb, 0x64, 0xbb,
    0x85, 0x82, 0x64, 0x82, 0x65, 0x82, 0x65, 0x82, 0x65, 0x82, 0x65, 0x82,
    0x65, 0x7a, 0x45, 0x7a, 0x65, 0x7a, 0x45, 0x7a, 0x87, 0x72, 0xb4, 0x44,
    0x16, 0x4d, 0x16, 0x55, 0x36, 0x55, 0xb3, 0x54, 0xa6, 0x49, 0xe0, 0x40,
    0xe0, 0x40, 0xe0, 0x40, 0xe0, 0x40, 0xe0, 0x40, 0xe1, 0x40, 0xe0, 0x38,
    0xc0, 0x40, 0xc0, 0x40, 0xc0, 0x40, 0xc0, 0x40, 0xe1, 0x40, 0xc0, 0x40,
    0xc0, 0x40, 0xe1, 0x40, 0xe0, 0x40, 0xc0, 0x40, 0xc0, 0x40, 0xe0, 0x40,
    0xc0, 0x40, 0xc0, 0x40, 0xc0, 0x40, 0xc0, 0x40, 0xe0, 0x40, 0xc0, 0x40,
    0xc1, 0x40, 0xc0, 0x40, 0xe0, 0x40, 0xc0, 0x40, 0xe0, 0x40, 0xe0, 0x40,
    0xe0, 0x40, 0xe0, 0x40, 0xc1, 0x40, 0xe0, 0x40, 0xe0, 0x40, 0xc1, 0x40,
    0xc0, 0x40, 0xe0, 0x40, 0xe0, 0x40, 0xe0, 0x40, 0xe0, 0x40, 0xc0, 0x40,
    0xc0, 0x40, 0xe0, 0x40, 0xc0, 0x40, 0xc0, 0x40, 0xc0, 0x40, 0xc0, 0x40,
    0xe0, 0x40, 0xc0, 0x40, 0xe1, 0x40, 0xc0, 0x40, 0xe0, 0x40, 0xc1, 0x40,
    0xc0, 0x40, 0xe0, 0x40, 0xc0, 0x40, 0xe0, 0x40, 0xc0, 0x40, 0xe0, 0x40,
    0xe1, 0x40, 0xc0, 0x40, 0xe0, 0x40, 0xc1, 0x40, 0xe0, 0x40, 0xe0, 0x40,
    0xc0, 0x40, 0xc0, 0x40, 0xc1, 0x40, 0xc0, 0x40, 0xc0, 0x40, 0xc1, 0x40,
    0xc0, 0x40, 0xc0, 0x40, 0xc1, 0x40, 0xc0, 0x40, 0xc0, 0x40, 0xc0, 0x40,
    0xe0, 0x40, 0xe0, 0x40, 0xc0, 0x40, 0xc0, 0x40, 0xc0, 0x40, 0xc0, 0x40,
    0xe0, 0x40, 0xc0, 0x40, 0xc0, 0x40, 0xc0, 0x40, 0xe0, 0x40, 0xc0, 0x40,
    0xc0, 0x40, 0xc0, 0x40, 0xc1, 0x40, 0xe0, 0x40, 0xc0, 0x40, 0xc1, 0x40,
    0xe0, 0x40, 0xe0, 0x40, 0xc0, 0x40, 0xe1, 0x40, 0xe0, 0x40, 0xc0, 0x40,
    0xc1, 0x40, 0xc0, 0x40, 0xc0, 0x40, 0xc0, 0x40, 0xc0, 0x40, 0xc1, 0x40,
    0xc0, 0x40, 0xc0, 0x40, 0xc0, 0x40, 0xc1, 0x40, 0xc0, 0x40, 0xc0, 0x40,
    0xc0, 0x40, 0xc1, 0x40, 0xc0, 0x40, 0xe0, 0x40, 0xc1, 0x40, 0xc0, 0x40,
    0xc0, 0x40, 0xc1, 0x40, 0xc0, 0x40, 0xc0, 0x40, 0xc1, 0x40, 0xc0, 0x40,
    0xc0, 0x40, 0xc0, 0x40, 0xc0, 0x40, 0xc0, 0x40, 0xc0, 0x40, 0xc0, 0x40,
    0xe0, 0x40, 0xc1, 0x40, 0xc0, 0x40, 0xc0, 0x40, 0xc0, 0x40, 0xc1, 0x40,
    0xc0, 0x40, 0xc0, 0x40, 0xc0, 0x40, 0xc0, 0x40, 0xe0, 0x40, 0xe0, 0x40,
    0xe0, 0x40, 0xe1, 0x40, 0xc0, 0x40, 0xc0, 0x40, 0xc0, 0x40, 0xc0, 0x40,
    0xc0, 0x40, 0xc0, 0x40, 0xc0, 0x40, 0xc1, 0x40, 0xc0, 0x40, 0xe0, 0x40,
    0xc0, 0x40, 0xe0, 0x40, 0xc0, 0x40, 0xc0, 0x40, 0xe0, 0x40, 0xc0, 0x40,
    0xc0, 0x40, 0xc0, 0x40, 0xc1, 0x40, 0xc0, 0x40, 0xc0, 0x40, 0xc0, 0x40,
    0xc0, 0x40, 0xc0, 0x40, 0xc1, 0x40, 0xc0, 0x40, 0xc0, 0x40, 0xc0, 0x40,
    0xc0, 0x40, 0xc0, 0x40, 0xc0, 0x40, 0xc0, 0x40, 0xe1, 0x40, 0xc0, 0x40,
    0xe0, 0x40, 0xc0, 0x40, 0xc0, 0x40, 0xc0, 0x40, 0xc1, 0x40, 0xc0, 0x40,
    0xc0, 0x40, 0xc0, 0x40, 0xc0, 0x40, 0xe1, 0x40, 0xe1, 0x40, 0xe0, 0x40,
    0xe0, 0x40, 0xc0, 0x40, 0xe1, 0x40, 0xe0, 0x40, 0xc0, 0x40, 0xe0, 0x40,
    0xe0, 0x40, 0xe0, 0x40, 0xe0, 0x40, 0xe0, 0x40, 0xe0, 0x40, 0x02, 0x41,
    0x8f, 0x3b, 0xf6, 0x34, 0xd6, 0x34, 0xd6, 0x34, 0xf6, 0x34, 0xf6, 0x34,
    0xf5, 0x34, 0xf6, 0x34, 0xf6, 0x3c, 0xf6, 0x3c, 0xf6, 0x3c, 0x16, 0x3d,
    0xf6, 0x3c, 0x16, 0x3d, 0x91, 0x64, 0x65, 0xab, 0x64, 0xb3, 0x44, 0xbb,
    0x64, 0x82, 0x85, 0x82, 0x65, 0x82, 0x64, 0x82, 0x65, 0x82, 0x64, 0x7a,
    0x45, 0x7a, 0x45, 0x7a, 0x44, 0x7a, 0x45, 0x7a, 0x45, 0x72, 0x30, 0x54,
    0x36, 0x4d, 0x36, 0x55, 0x36, 0x55, 0x56, 0x55, 0xf5, 0x54, 0x2c, 0x53,
    0xca, 0x4a, 0xca, 0x52, 0xca, 0x4a, 0xca, 0x4a, 0xca, 0x4a, 0xca, 0x52,
    0xcb, 0x4a, 0xcb, 0x4a, 0xca, 0x4a, 0xcb, 0x4a, 0xcb, 0x4a, 0xca, 0x4a,
    0xca, 0x4a, 0xaa, 0x4a, 0xca, 0x4a, 0xaa, 0x42, 0x8a, 0x42, 0xab, 0x42,
    0x8a, 0x42, 0x8a, 0x3a, 0x8b, 0x42, 0xab, 0x42, 0x8b, 0x42, 0xaa, 0x3a,
    0x8a, 0x3a, 0xaa, 0x3a, 0x8a, 0x3a, 0x8a, 0x3a, 0x8a, 0x3a, 0x8b, 0x3a,
    0x8a, 0x3a, 0x8a, 0x3a, 0x8a, 0x3a, 0x8a, 0x3a, 0x8a, 0x3a, 0x8a, 0x3a,
    0x8b, 0x3a, 0x8a, 0x3a, 0x6b, 0x3a, 0x8b, 0x3a, 0x8a, 0x3a, 0x8b, 0x3a,
    0x8b, 0x3a, 0x8a, 0x3a, 0x8a, 0x3a, 0x8b, 0x3a, 0x8a, 0x3a, 0x8a, 0x3a,
    0x8a, 0x3a, 0x8a, 0x3a, 0x8b, 0x3a, 0x8b, 0x3a, 0x8a, 0x3a, 0x8a, 0x3a,
    0x8b, 0x3a, 0x8a, 0x3a, 0x8a, 0x3a, 0x8a, 0x3a, 0x8a, 0x3a, 0x8b, 0x3a,
    0x8a, 0x3a, 0x8a, 0x32, 0x8b, 0x3a, 0x8a, 0x3a, 0x8a, 0x3a, 0x8b, 0x3a,
    0x8b, 0x3a, 0x8a, 0x3a, 0x8b, 0x3a, 0x8b, 0x3a, 0x8a, 0x3a, 0x8a, 0x3a,
    0x8a, 0x3a, 0x8a, 0x3a, 0x8b, 0x3a, 0x8b, 0x3a, 0x8a, 0x3a, 0x8b, 0x3a,
    0x8a, 0x3a, 0x8a, 0x3a, 0x8b, 0x3a, 0x8a, 0x3a, 0x8b, 0x3a, 0x8b, 0x3a,
    0x8a, 0x3a, 0x8b, 0x3a, 0x8a, 0x3a, 0x8b, 0x3a, 0x8a, 0x3a, 0x8b, 0x3a,
    0x8a, 0x3a, 0x8a, 0x3a, 0x8b, 0x3a, 0x8a, 0x3a, 0x8a, 0x3a, 0x8b, 0x3a,
    0x8a, 0x3a, 0x8a, 0x3a, 0x8b, 0x3a, 0x8a, 0x3a, 0x8a, 0x3a, 0x8a, 0x3a,
    0x8b, 0x3a, 0x8a, 0x3a, 0x8a, 0x3a, 0x8a, 0x3a, 0x8a, 0x3a, 0x8a, 0x3a,
    0x8a, 0x3a, 0x8a, 0x3a, 0x8a, 0x3a, 0x8a, 0x3a, 0x8a, 0x3a, 0x8b, 0x3a,
    0x8a, 0x3a, 0x8a, 0x3a, 0x8a, 0x3a, 0x8a, 0x3a, 0x8a, 0x3a, 0x8a, 0x3a,
    0x8a, 0x3a, 0x8a, 0x3a, 0x8a, 0x3a, 0x8a, 0x3a, 0x8a, 0x3a, 0x8b, 0x3a,
    0x8a, 0x3a, 0xab, 0x3a, 0xab, 0x3a, 0x8a, 0x3a, 0x8b, 0x3a, 0x8b, 0x3a,
    0x8a, 0x3a, 0x8a, 0x3a, 0x8a, 0x3a, 0x8a, 0x3a, 0x8a, 0x3a, 0xab, 0x3a,
    0xaa, 0x3a, 0x8b, 0x3a, 0x8b, 0x3a, 0x8a, 0x3a, 0x8b, 0x3a, 0x8a, 0x3a,
    0x8a, 0x3a, 0x6a, 0x3a, 0x8a, 0x3a, 0x8a, 0x3a, 0x8b, 0x3a, 0x8b, 0x3a,
    0x8a, 0x3a, 0x8a, 0x3a, 0x8a, 0x3a, 0x8a, 0x3a, 0x8b, 0x3a, 0x8a, 0x3a,
    0x8b, 0x3a, 0xab, 0x3a, 0xaa, 0x3a, 0x8a, 0x3a, 0x8b, 0x3a, 0x8a, 0x3a,
    0x8b, 0x3a, 0x8b, 0x3a, 0x8a, 0x3a, 0xab, 0x3a, 0xab, 0x3a, 0xab, 0x3a,
    0xab, 0x3a, 0xaa, 0x3a, 0x8a, 0x3a, 0xab, 0x3a, 0x8b, 0x3a, 0x8a, 0x3a,
    0x8b, 0x3a, 0xab, 0x3a, 0xab, 0x3a, 0x8a, 0x3a, 0xab, 0x3a, 0x8b, 0x3a,
    0x8b, 0x3a, 0xab, 0x3a, 0xab, 0x3a, 0x8a, 0x3a, 0xab, 0x3a, 0x8b, 0x3a,
    0x8a, 0x3a, 0x8b, 0x3a, 0x8a, 0x3a, 0x8a, 0x3a, 0x8b, 0x3a, 0x8b, 0x3a,
    0x8a, 0x3a, 0x8b, 0x3a, 0x8b, 0x3a, 0xaa, 0x3a, 0x8b, 0x3a, 0x8a, 0x3a,
    0x8b, 0x3a, 0x8b, 0x3a, 0x8b, 0x3a, 0xab, 0x3a, 0xab, 0x3a, 0x90, 0x3b,
    0xd6, 0x34, 0xd5, 0x34, 0xd6, 0x34, 0xf6, 0x34, 0xf6, 0x3c, 0xf6, 0x34,
    0xf6, 0x34, 0xf6, 0x34, 0xf6, 0x3c, 0xf6, 0x3c, 0xf6, 0x3c, 0xf6, 0x3c,
    0xf6, 0x3c, 0xf5, 0x44, 0xa8, 0x9b, 0x45, 0xb3, 0x64, 0xbb, 0x64, 0xbb,
    0x65, 0x82, 0x85, 0x82, 0x64, 0x82, 0x65, 0x82, 0x65, 0x82, 0x65, 0x7a,
    0x44, 0x7a, 0x24, 0x72, 0x25, 0x72, 0x25, 0x72, 0x25, 0x72, 0xce, 0x5b,
    0x36, 0x4d, 0x36, 0x55, 0x36, 0x55, 0x56, 0x5d, 0x56, 0x5d, 0x76, 0x5d,
    0x76, 0x5d, 0x77, 0x5d, 0x77, 0x5d, 0x77, 0x5d, 0x76, 0x65, 0x76, 0x65,
    0x97, 0x65, 0x97, 0x5d, 0x96, 0x5d, 0x96, 0x65, 0x77, 0x5d, 0x77, 0x5d,
    0x77, 0x5d, 0x77, 0x5d, 0x57, 0x5d, 0x56, 0x55, 0x36, 0x4d, 0x36, 0x4d,
    0x16, 0x45, 0xf6, 0x3c, 0xf6, 0x34, 0xd6, 0x34, 0xd6, 0x34, 0xf6, 0x34,
    0xd6, 0x34, 0xf6, 0x34, 0xf6, 0x34, 0xf6, 0x34, 0xd6, 0x34, 0xd6, 0x34,
    0xd6, 0x34, 0xd6, 0x34, 0xd6, 0x34, 0xd6, 0x34, 0xd6, 0x34, 0xd6, 0x34,
    0xd6, 0x34, 0xd6, 0x34, 0xd6, 0x34, 0xd6, 0x34, 0xf6, 0x34, 0xd6, 0x34,
    0xd6, 0x34, 0xd6, 0x34, 0xd6, 0x34, 0xd6, 0x34, 0xd6, 0x34, 0xd6, 0x34,
    0xd6, 0x2c, 0xd6, 0x34, 0xd6, 0x34, 0xd6, 0x2c, 0xd6, 0x34, 0xd6, 0x34,
    0xd6, 0x2c, 0xd6, 0x34, 0xd6, 0x2c, 0xd6, 0x34, 0xd6, 0x34, 0xd6, 0x2c,
    0xd6, 0x34, 0xd6, 0x34, 0xf6, 0x2c, 0xd6, 0x2c, 0xd6, 0x34, 0xd6, 0x2c,
    0xd6, 0x34, 0xd6, 0x2c, 0xd6, 0x2c, 0xd6, 0x34, 0xd6, 0x2c, 0xd6, 0x34,
    0xd6, 0x34, 0xd6, 0x2c, 0xd6, 0x2c, 0xd6, 0x34, 0xd6, 0x2c, 0xd6, 0x34,
    0xd6, 0x34, 0xd6, 0x34, 0xd6, 0x34, 0xd6, 0x2c, 0xd6, 0x34, 0xd6, 0x34,
    0xd6, 0x34, 0xd6, 0x34, 0xf6, 0x34, 0xd6, 0x2c, 0xd6, 0x34, 0xd6, 0x34,
    0xd6, 0x34, 0xd6, 0x34, 0xf6, 0x34, 0xd6, 0x34, 0xd6, 0x34, 0xd6, 0x34,
    0xd6, 0x34, 0xf6, 0x34, 0xd6, 0x34, 0xd6, 0x34, 0xd6, 0x34, 0xd6, 0x34,
    0xd6, 0x2c, 0xd6, 0x34, 0xd6, 0x34, 0xd6, 0x34, 0xd6, 0x2c, 0xd6, 0x34,
    0xd6, 0x34, 0xd6, 0x34, 0xf6, 0x34, 0xd6, 0x34, 0xf6, 0x34, 0xd6, 0x34,
    0xd6, 0x34, 0xf6, 0x34, 0xd6, 0x34, 0xd6, 0x34, 0xd6, 0x34, 0xd6, 0x2c,
    0xd6, 0x34, 0xd6, 0x34, 0xd6, 0x34, 0xd6, 0x34, 0xf6, 0x34, 0xf6, 0x34,
    0xf6, 0x34, 0xd6, 0x34, 0xd6, 0x34, 0xd6, 0x34, 0xd6, 0x34, 0xd6, 0x34,
    0xf6, 0x34, 0xd6, 0x2c, 0xd6, 0x34, 0xd6, 0x34, 0xf6, 0x34, 0xf6, 0x34,
    0xd6, 0x34, 0xf6, 0x34, 0xf6, 0x34, 0xd6, 0x34, 0xd6, 0x2c, 0xd6, 0x34,
    0xd6, 0x34, 0xd6, 0x34, 0xf6, 0x34, 0xd6, 0x34, 0xd6, 0x34, 0xd6, 0x34,
    0xf6, 0x34, 0xd6, 0x34, 0xf6, 0x34, 0xf6, 0x34, 0xd6, 0x34, 0xf6, 0x34,
    0xf6, 0x34, 0xd6, 0x34, 0xf6, 0x34, 0xf6, 0x34, 0xf6, 0x34, 0xf6, 0x34,
    0xf6, 0x34, 0xf6, 0x34, 0xf6, 0x34, 0xf6, 0x34, 0xf6, 0x34, 0xd6, 0x34,
    0xf6, 0x34, 0xf6, 0x34, 0xf6, 0x34, 0xf6, 0x34, 0xf6, 0x34, 0xf6, 0x34,
    0xd6, 0x34, 0xf6, 0x34, 0xf6, 0x34, 0xf6, 0x34, 0xf6, 0x34, 0xf6, 0x34,
    0xd6, 0x34, 0xf6, 0x34, 0xf6, 0x34, 0xd6, 0x34, 0xf6, 0x34, 0xf6, 0x34,
    0xf6, 0x34, 0xf6, 0x34, 0xf6, 0x34, 0xf6, 0x34, 0xf6, 0x34, 0xf6, 0x34,
    0xd6, 0x34, 0xf6, 0x34, 0xf6, 0x34, 0xf6, 0x34, 0xf6, 0x34, 0xd6, 0x34,
    0xf6, 0x34, 0xd6, 0x34, 0xf6, 0x34, 0xd6, 0x34, 0xd6, 0x34, 0xf6, 0x34,
    0xd6, 0x34, 0xd6, 0x34, 0xf6, 0x34, 0xd6, 0x3c, 0xf6, 0x34, 0xd6, 0x3c,
    0xf6, 0x34, 0xf6, 0x34, 0xf6, 0x34, 0xf5, 0x3c, 0xf6, 0x34, 0xf5, 0x3c,
    0xf6, 0x3c, 0x2e, 0x6c, 0x44, 0xb3, 0x65, 0xb3, 0x64, 0xbb, 0x64, 0xbb,
    0x65, 0x82, 0x85, 0x82, 0x65, 0x82, 0x64, 0x82, 0x65, 0x7a, 0x45, 0x7a,
    0x24, 0x72, 0x24, 0x72, 0x25, 0x72, 0x24, 0x72, 0x04, 0x72, 0x6c, 0x63,
    0x36, 0x4d, 0x36, 0x55, 0x36, 0x55, 0x56, 0x5d, 0x56, 0x5d, 0x56, 0x5d,
    0x76, 0x5d, 0x76, 0x5d, 0x76, 0x5d, 0x76, 0x65, 0x77, 0x65, 0x76, 0x5d,
    0x76, 0x65, 0x77, 0x65, 0x96, 0x65, 0x76, 0x65, 0x76, 0x65, 0x76, 0x65,
    0x76, 0x5d, 0x76, 0x5d, 0x56, 0x5d, 0x56, 0x5d, 0x56, 0x55, 0x36, 0x4d,
    0x16, 0x4d, 0xf6, 0x3c, 0xd5, 0x3c, 0xd5, 0x34, 0xd5, 0x34, 0xd6, 0x3c,
    0xd6, 0x34, 0xd6, 0x34, 0xd6, 0x3c, 0xd6, 0x34, 0xf6, 0x34, 0xf6, 0x34,
    0xf6, 0x34, 0xd6, 0x34, 0xd6, 0x34, 0xd6, 0x34, 0xd6, 0x34, 0xd6, 0x34,
    0xd6, 0x34, 0xd6, 0x34, 0xd6, 0x34, 0xd6, 0x34, 0xd6, 0x34, 0xd6, 0x34,
    0xd6, 0x34, 0xd6, 0x34, 0xd6, 0x34, 0xd6, 0x34, 0xd6, 0x34, 0xd6, 0x34,
    0xd6, 0x34, 0xd6, 0x34, 0xd6, 0x34, 0xd6, 0x34, 0xd6, 0x34, 0xd6, 0x34,
    0xf6, 0x34, 0xd6, 0x34, 0xd6, 0x34, 0xd6, 0x34, 0xd6, 0x34, 0xd6, 0x34,
    0xd6, 0x34, 0xd6, 0x34, 0xd6, 0x34, 0xd6, 0x34, 0xd6, 0x34, 0xd6, 0x34,
    0xd5, 0x34, 0xd6, 0x34, 0xd6, 0x34, 0xd5, 0x34, 0xd6, 0x34, 0xd6, 0x34,
    0xd6, 0x34, 0xd6, 0x34, 0xd6, 0x34, 0xd6, 0x34, 0xd6, 0x34, 0xd6, 0x34,
    0xd6, 0x34, 0xd6, 0x34, 0xd6, 0x34, 0xd6, 0x34, 0xd6, 0x34, 0xd6, 0x2c,
    0xd6, 0x34, 0xd6, 0x34, 0xd6, 0x34, 0xd6, 0x34, 0xd6, 0x34, 0xd6, 0x34,
    0xd6, 0x34, 0xd6, 0x34, 0xd6, 0x34, 0xd6, 0x34, 0xd6, 0x34, 0xd6, 0x34,
    0xd6, 0x34, 0xd6, 0x34, 0xd6, 0x34, 0xd6, 0x34, 0xd6, 0x34, 0xd6, 0x34,
    0xd6, 0x34, 0xd6, 0x34, 0xd6, 0x34, 0xd6, 0x34, 0xd6, 0x34, 0xd6, 0x34,
    0xd6, 0x34, 0xd6, 0x2c, 0xd6, 0x34, 0xd6, 0x34, 0xd6, 0x34, 0xd6, 0x34,
    0xf6, 0x34, 0xd6, 0x34, 0xd6, 0x34, 0xd6, 0x34, 0xd6, 0x34, 0xd6, 0x34,
    0xd6, 0x34, 0xd6, 0x34, 0xd6, 0x34, 0xd6, 0x34, 0xd6, 0x34, 0xd6, 0x34,
    0xd6, 0x34, 0xd6, 0x34, 0xd6, 0x34, 0xd6, 0x34, 0xd6, 0x2c, 0xd6, 0x34,
    0xd6, 0x34, 0xd6, 0x34, 0xd6, 0x34, 0xd6, 0x34, 0xd6, 0x34, 0xd6, 0x34,
    0xd6, 0x34, 0xd6, 0x34, 0xd6, 0x34, 0xd6, 0x34, 0xd6, 0x34, 0xd6, 0x34,
    0xd6, 0x34, 0xd6, 0x34, 0xd6, 0x34, 0xd6, 0x34, 0xd6, 0x2c, 0xf6, 0x34,
    0xd6, 0x34, 0xd6, 0x34, 0xd6, 0x34, 0xf6, 0x34, 0xd6, 0x34, 0xd6, 0x34,
    0xd6, 0x34, 0xd6, 0x34, 0xd6, 0x34, 0xd6, 0x34, 0xd6, 0x34, 0xd6, 0x34,
    0xd6, 0x34, 0xf6, 0x34, 0xd6, 0x34, 0xd6, 0x34, 0xd6, 0x34, 0xd6, 0x34,
    0xf6, 0x34, 0xd6, 0x34, 0xd6, 0x34, 0xd6, 0x34, 0xd6, 0x34, 0xf6, 0x34,
    0xd6, 0x34, 0xd6, 0x34, 0xf6, 0x34, 0xd6, 0x34, 0xd6, 0x34, 0xf6, 0x34,
    0xd6, 0x34, 0xf6, 0x34, 0xd6, 0x34, 0xf6, 0x34, 0xf6, 0x34, 0xd6, 0x34,
    0xf6, 0x34, 0xf6, 0x34, 0xf6, 0x34, 0xf6, 0x34, 0xd6, 0x34, 0xf6, 0x34,
    0xf6, 0x34, 0xd6, 0x34, 0xd6, 0x34, 0xf6, 0x34, 0xd6, 0x34, 0xd6, 0x34,
    0xf6, 0x34, 0xf6, 0x34, 0xd6, 0x34, 0xd6, 0x34, 0xd6, 0x34, 0xd6, 0x34,
    0xd6, 0x34, 0xf6, 0x34, 0xf6, 0x34, 0xf6, 0x34, 0xf6, 0x3c, 0xf6, 0x34,
    0xf6, 0x34, 0xf6, 0x3c, 0xf6, 0x3c, 0xf6, 0x3c, 0xf6, 0x34, 0xf6, 0x3c,
    0xd4, 0x44, 0x87, 0x9b, 0x44, 0xb3, 0x65, 0xb3, 0x64, 0xb3, 0x44, 0xbb,
    0x65, 0x82, 0x65, 0x82, 0x64, 0x82, 0x65, 0x82, 0x45, 0x7a, 0x24, 0x7a,
    0x24, 0x72, 0x25, 0x72, 0x25, 0x72, 0x25, 0x72, 0x25, 0x72, 0x4a, 0x63,
    0x36, 0x55, 0x36, 0x55, 0x36, 0x5d, 0x56, 0x5d, 0x56, 0x5d, 0x56, 0x5d,
    0x56, 0x5d, 0x76, 0x5d, 0x77, 0x5d, 0x76, 0x5d, 0x76, 0x65, 0x97, 0x65,
    0x76, 0x65, 0x77, 0x65, 0x76, 0x5d, 0x76, 0x65, 0x77, 0x65, 0x76, 0x5d,
    0x76, 0x5d, 0x56, 0x5d, 0x56, 0x5d, 0x56, 0x5d, 0x36, 0x55, 0x36, 0x4d,
    0x16, 0x4d, 0xf6, 0x44, 0xf5, 0x3c, 0xd6, 0x3c, 0xd6, 0x3c, 0xd6, 0x3c,
    0xd6, 0x34, 0xd6, 0x3c, 0xd6, 0x34, 0xd6, 0x34, 0xf6, 0x3c, 0xd6, 0x34,
    0xd6, 0x34, 0xd6, 0x34, 0xf6, 0x34, 0xd6, 0x34, 0xd6, 0x34, 0xd6, 0x34,
    0xd6, 0x34, 0xd6, 0x34, 0xd5, 0x34, 0xf6, 0x34, 0xd6, 0x34, 0xd6, 0x34,
    0xd5, 0x34, 0xd6, 0x34, 0xd6, 0x34, 0xd6, 0x34, 0xd6, 0x34, 0xd6, 0x34,
    0xd5, 0x34, 0xd6, 0x34, 0xd6, 0x34, 0xd5, 0x34, 0xd6, 0x34, 0xd6, 0x2c,
    0xd6, 0x34, 0xd6, 0x34, 0xd6, 0x2c, 0xd6, 0x34, 0xd6, 0x34, 0xd5, 0x34,
    0xd6, 0x34, 0xd6, 0x34, 0xd6, 0x34, 0xd5, 0x34, 0xd6, 0x34, 0xd6, 0x34,
    0xd5, 0x34, 0xd6, 0x34, 0xd6, 0x34, 0xd5, 0x34, 0xd6, 0x34, 0xd6, 0x34,
    0xd6, 0x34, 0xd5, 0x34, 0xd6, 0x34, 0xd6, 0x34, 0xd5, 0x34, 0xd6, 0x34,
    0xd6, 0x2c, 0xd6, 0x34, 0xd6, 0x34, 0xd5, 0x34, 0xd5, 0x34, 0xd6, 0x34,
    0xd5, 0x34, 0xd5, 0x2c, 0xd6, 0x34, 0xd6, 0x34, 0xd5, 0x34, 0xd6, 0x34,
    0xd6, 0x34, 0xd5, 0x2c, 0xd6, 0x34, 0xd6, 0x34, 0xd6, 0x34, 0xd5, 0x34,
    0xd6, 0x34, 0xd6, 0x2c, 0xd6, 0x34, 0xd6, 0x34, 0xd6, 0x2c, 0xd5, 0x34,
    0xf6, 0x34, 0xd6, 0x34, 0xd5, 0x34, 0xd6, 0x34, 0xd5, 0x34, 0xd6, 0x34,
    0xd6, 0x34, 0xd5, 0x34, 0xd6, 0x34, 0xd6, 0x34, 0xd5, 0x34, 0xd6, 0x34,
    0xd6, 0x34, 0xd5, 0x34, 0xd6, 0x34, 0xd6, 0x34, 0xd6, 0x34, 0xd6, 0x34,
    0xd6, 0x34, 0xd5, 0x34, 0xd6, 0x2c, 0xd6, 0x34, 0xd6, 0x34, 0xd6, 0x34,
    0xd6, 0x34, 0xd6, 0x34, 0xd5, 0x34, 0xd6, 0x34, 0xd6, 0x2c, 0xd6, 0x34,
    0xd6, 0x34, 0xd6, 0x34, 0xf6, 0x34, 0xd6, 0x34, 0xd6, 0x34, 0xd6, 0x34,
    0xd6, 0x34, 0xd6, 0x34, 0xd6, 0x34, 0xf6, 0x34, 0xd6, 0x34, 0xd6, 0x34,
    0xf6, 0x34, 0xd6, 0x34, 0xd6, 0x34, 0xf6, 0x34, 0xd6, 0x34, 0xd6, 0x34,
    0xd6, 0x34, 0xd6, 0x34, 0xf6, 0x34, 0xd6, 0x34, 0xd6, 0x34, 0xd6, 0x34,
    0xd6, 0x34, 0xd6, 0x34, 0xd6, 0x34, 0xf6, 0x34, 0xf6, 0x34, 0xd6, 0x34,
    0xd6, 0x34, 0xd6, 0x34, 0xf6, 0x34, 0xf6, 0x34, 0xd6, 0x34, 0xf6, 0x34,
    0xf6, 0x34, 0xd6, 0x34, 0xf6, 0x34, 0xf6, 0x34, 0xd6, 0x34, 0xd6, 0x34,
    0xf6, 0x34, 0xd6, 0x34, 0xf6, 0x34, 0xd6, 0x34, 0xf6, 0x34, 0xd6, 0x34,
    0xd6, 0x34, 0xf6, 0x34, 0xd6, 0x34, 0xd6, 0x34, 0xf6, 0x34, 0xd6, 0x34,
    0xd6, 0x34, 0xf6, 0x34, 0xf6, 0x3c, 0xd6, 0x34, 0xd6, 0x34, 0xd6, 0x34,
    0xf6, 0x34, 0xd6, 0x34, 0xd6, 0x34, 0xf6, 0x34, 0xd6, 0x34, 0xf6, 0x34,
    0xd6, 0x34, 0xf6, 0x34, 0xf6, 0x34, 0xf6, 0x34, 0xd6, 0x34, 0xd6, 0x34,
    0xf6, 0x34, 0xd6, 0x34, 0xf6, 0x3c, 0xf6, 0x34, 0xd6, 0x34, 0xf6, 0x3c,
    0xf6, 0x34, 0xf6, 0x3c, 0xf6, 0x3c, 0xf6, 0x3c, 0xf6, 0x3c, 0x16, 0x3d,
    0x2e, 0x74, 0x24, 0xb3, 0x45, 0xbb, 0x44, 0xbb, 0x65, 0xb3, 0x44, 0xb3,
    0x85, 0x82, 0x65, 0x82, 0x65, 0x82, 0x64, 0x82, 0x45, 0x7a, 0x25, 0x72,
    0x24, 0x72, 0x25, 0x72, 0x25, 0x72, 0x24, 0x72, 0x25, 0x72, 0x09, 0x6b,
    0x35, 0x55, 0x36, 0x55, 0x55, 0x55, 0x56, 0x5d, 0x56, 0x5d, 0x76, 0x5d,
    0x76, 0x5d, 0x76, 0x5d, 0x76, 0x65, 0x77, 0x65, 0x76, 0x5d, 0x76, 0x5d,
    0x77, 0x65, 0x76, 0x65, 0x76, 0x5d, 0x76, 0x65, 0x77, 0x65, 0x76, 0x5d,
    0x56, 0x65, 0x76, 0x5d, 0x56, 0x5d, 0x56, 0x5d, 0x36, 0x55, 0x36, 0x55,
    0x16, 0x4d, 0x16, 0x45, 0xf6, 0x3c, 0xf6, 0x3c, 0xf5, 0x3c, 0xf6, 0x34,
    0xd5, 0x3c, 0xd6, 0x34, 0xf5, 0x34, 0xd6, 0x34, 0xd6, 0x34, 0xd6, 0x34,
    0xd6, 0x3c, 0xd6, 0x34, 0xd5, 0x34, 0xd6, 0x34, 0xd6, 0x34, 0xf6, 0x34,
    0xd6, 0x34, 0xd5, 0x34, 0xd6, 0x34, 0xd5, 0x34, 0xd6, 0x34, 0xd6, 0x34,
    0xd6, 0x34, 0xd5, 0x34, 0xd5, 0x34, 0xd6, 0x34, 0xd6, 0x34, 0xd6, 0x34,
    0xd6, 0x34, 0xd5, 0x34, 0xd6, 0x34, 0xd6, 0x34, 0xd5, 0x34, 0xd6, 0x34,
    0xd6, 0x34, 0xd6, 0x34, 0xd5, 0x34, 0xd6, 0x34, 0xd6, 0x34, 0xd6, 0x34,
    0xd5, 0x34, 0xd6, 0x34, 0xd5, 0x34, 0xd5, 0x34, 0xd6, 0x34, 0xd5, 0x34,
    0xd6, 0x34, 0xd6, 0x34, 0xd5, 0x34, 0xd6, 0x34, 0xd5, 0x34, 0xd6, 0x34,
    0xd6, 0x34, 0xd5, 0x34, 0xd5, 0x34, 0xd6, 0x34, 0xd5, 0x34, 0xd6, 0x34,
    0xd6, 0x34, 0xd5, 0x34, 0xd6, 0x34, 0xd6, 0x34, 0xd5, 0x34, 0xd6, 0x34,
    0xd6, 0x34, 0xd6, 0x34, 0xd6, 0x34, 0xd5, 0x34, 0xd5, 0x34, 0xd6, 0x34,
    0xd6, 0x34, 0xd5, 0x34, 0xd5, 0x34, 0xd6, 0x34, 0xd5, 0x34, 0xd6, 0x34,
    0xd5, 0x34, 0xf6, 0x34, 0xd6, 0x34, 0xd5, 0x34, 0xd6, 0x34, 0xd6, 0x34,
    0xd6, 0x34, 0xd5, 0x34, 0xf6, 0x34, 0xd6, 0x34, 0xd6, 0x34, 0xf6, 0x34,
    0xd6, 0x34, 0xd6, 0x34, 0xd6, 0x34, 0xd6, 0x34, 0xd6, 0x34, 0xd6, 0x34,
    0xd6, 0x34, 0xd5, 0x34, 0xf6, 0x34, 0xd6, 0x34, 0xd5, 0x34, 0xd6, 0x34,
    0xd5, 0x34, 0xd6, 0x34, 0xd6, 0x34, 0xd5, 0x34, 0xd6, 0x34, 0xd5, 0x34,
    0xd6, 0x34, 0xd6, 0x34, 0xd6, 0x34, 0xf5, 0x34, 0xd6, 0x34, 0xd6, 0x34,
    0xf6, 0x34, 0xd6, 0x34, 0xd6, 0x34, 0xd6, 0x34, 0xd6, 0x34, 0xd6, 0x34,
    0xf6, 0x34, 0xf6, 0x34, 0xf6, 0x34, 0xf6, 0x34, 0xd6, 0x34, 0xf6, 0x34,
    0xd6, 0x34, 0xf6, 0x34, 0xd6, 0x34, 0xf6, 0x34, 0xf6, 0x34, 0xd6, 0x34,
    0xd6, 0x34, 0xd6, 0x34, 0xf6, 0x34, 0xf6, 0x34, 0xd6, 0x34, 0xf6, 0x34,
    0xd5, 0x34, 0xd6, 0x34, 0xf6, 0x34, 0xf6, 0x34, 0xd6, 0x34, 0xf6, 0x34,
    0xd6, 0x34, 0xf6, 0x34, 0xd6, 0x34, 0xf6, 0x34, 0xd6, 0x34, 0xf6, 0x34,
    0xd6, 0x34, 0xf6, 0x34, 0xf6, 0x34, 0xd6, 0x34, 0xf6, 0x34, 0xf6, 0x34,
    0xd6, 0x34, 0xf6, 0x34, 0xd6, 0x34, 0xf6, 0x34, 0xd6, 0x34, 0xf6, 0x34,
    0xf6, 0x34, 0xd6, 0x34, 0xf6, 0x34, 0xf6, 0x34, 0xd6, 0x34, 0xf6, 0x34,
    0xd6, 0x34, 0xd6, 0x34, 0xf6, 0x3c, 0xd6, 0x34, 0xf6, 0x34, 0xf6, 0x34,
    0xd6, 0x34, 0xf6, 0x3c, 0xf6, 0x34, 0xd6, 0x34, 0xf6, 0x3c, 0xd6, 0x34,
    0xf6, 0x34, 0xd6, 0x34, 0xd6, 0x3c, 0xf6, 0x34, 0xf6, 0x34, 0xf6, 0x34,
    0xd6, 0x34, 0xd6, 0x34, 0xf6, 0x34, 0xf6, 0x3c, 0xf6, 0x34, 0xf6, 0x34,
    0xf6, 0x34, 0xf6, 0x34, 0xf6, 0x34, 0xf6, 0x3c, 0xf6, 0x3c, 0xd4, 0x4c,
    0x67, 0xa3, 0x44, 0xb3, 0x64, 0xb3, 0x65, 0xbb, 0x64, 0xbb, 0x64, 0xb3,
    0x65, 0x82, 0x65, 0x82, 0x65, 0x82, 0x65, 0x82, 0x44, 0x7a, 0x24, 0x72,
    0x25, 0x72, 0x25, 0x72, 0x04, 0x72, 0x25, 0x72, 0x25, 0x72, 0xc8, 0x6a,
    0x15, 0x55, 0x36, 0x55, 0x56, 0x5d, 0x56, 0x5d, 0x56, 0x5d, 0x76, 0x5d,
    0x56, 0x5d, 0x76, 0x5d, 0x76, 0x65, 0x76, 0x65, 0x76, 0x5d, 0x97, 0x65,
    0x76, 0x65, 0x76, 0x5d, 0x76, 0x65, 0x77, 0x65, 0x76, 0x65, 0x76, 0x5d,
    0x77, 0x5d, 0x76, 0x5d, 0x57, 0x5d, 0x56, 0x5d, 0x56, 0x55, 0x36, 0x55,
    0x36, 0x4d, 0xf5, 0x44, 0xf6, 0x3c, 0xd6, 0x3c, 0xd5, 0x3c, 0xf6, 0x3c,
    0xd6, 0x34, 0xd5, 0x3c, 0xf6, 0x3c, 0xf6, 0x3c, 0xf6, 0x34, 0xd6, 0x34,
    0xf6, 0x3c, 0xf6, 0x3c, 0xd6, 0x34, 0xf6, 0x34, 0xd5, 0x34, 0xd6, 0x34,
    0xf6, 0x34, 0xd6, 0x34, 0xf6, 0x34, 0xd6, 0x34, 0xd5, 0x34, 0xf6, 0x34,
    0xd6, 0x34, 0xd6, 0x34, 0xf6, 0x34, 0xd6, 0x34, 0xd6, 0x34, 0xf6, 0x34,
    0xd6, 0x34, 0xf6, 0x34, 0xf6, 0x34, 0xd6, 0x34, 0xd6, 0x34, 0xd5, 0x34,
    0xd6, 0x34, 0xd5, 0x34, 0xd6, 0x34, 0xd6, 0x34, 0xd6, 0x34, 0xd6, 0x34,
    0xd5, 0x34, 0xd6, 0x34, 0xd6, 0x34, 0xd6, 0x34, 0xd5, 0x34, 0xd6, 0x34,
    0xd6, 0x2c, 0xd6, 0x34, 0xd6, 0x34, 0xd6, 0x34, 0xd6, 0x34, 0xd6, 0x34,
    0xf5, 0x34, 0xd6, 0x34, 0xd6, 0x34, 0xd6, 0x34, 0xd5, 0x34, 0xf6, 0x34,
    0xd6, 0x34, 0xd5, 0x34, 0xd6, 0x34, 0xd6, 0x34, 0xd6, 0x34, 0xd5, 0x34,
    0xd6, 0x34, 0xd6, 0x34, 0xd6, 0x34, 0xd6, 0x34, 0xd6, 0x34, 0xd6, 0x34,
    0xf6, 0x34, 0xd6, 0x34, 0xd6, 0x34, 0xf6, 0x34, 0xd6, 0x34, 0xd6, 0x34,
    0xd6, 0x34, 0xf6, 0x34, 0xd6, 0x34, 0xd6, 0x34, 0xd6, 0x34, 0xf6, 0x34,
    0xd6, 0x34, 0xf6, 0x34, 0xd6, 0x34, 0xd6, 0x34, 0xd5, 0x34, 0xf6, 0x34,
    0xf5, 0x34, 0xd5, 0x34, 0xd6, 0x34, 0xf5, 0x34, 0xd6, 0x34, 0xf6, 0x34,
    0xd5, 0x34, 0xd6, 0x34, 0xd6, 0x34, 0xd6, 0x34, 0xd6, 0x34, 0xd6, 0x34,
    0xf6, 0x34, 0xd5, 0x34, 0xd6, 0x34, 0xd6, 0x34, 0xf6, 0x34, 0xd6, 0x34,
    0xd5, 0x34, 0xf6, 0x34, 0xd6, 0x34, 0xf6, 0x34, 0xd6, 0x34, 0xf6, 0x34,
    0xf6, 0x34, 0xd6, 0x34, 0xf5, 0x34, 0xf6, 0x34, 0xd6, 0x34, 0xd6, 0x34,
    0xd6, 0x34, 0xd6, 0x34, 0xd6, 0x34, 0xd6, 0x34, 0xd5, 0x34, 0xf6, 0x34,
    0xf6, 0x34, 0xd6, 0x34, 0xd6, 0x34, 0xf6, 0x34, 0xf6, 0x34, 0xd6, 0x34,
    0xf6, 0x34, 0xf6, 0x34, 0xd5, 0x34, 0xd6, 0x34, 0xf6, 0x34, 0xf6, 0x34,
    0xf6, 0x34, 0xd6, 0x34, 0xf6, 0x34, 0xd5, 0x34, 0xf6, 0x34, 0xd6, 0x34,
    0xf6, 0x3c, 0xf6, 0x34, 0xf6, 0x34, 0xf6, 0x3c, 0xd6, 0x34, 0xd6, 0x34,
    0xf6, 0x34, 0xf6, 0x34, 0xd6, 0x34, 0xd6, 0x34, 0xf6, 0x34, 0xf6, 0x34,
    0xf6, 0x34, 0xd6, 0x34, 0xf6, 0x3c, 0xd6, 0x34, 0xf6, 0x34, 0xf6, 0x3c,
    0xf6, 0x34, 0xf6, 0x3c, 0xf6, 0x34, 0xf6, 0x34, 0xd6, 0x34, 0xf6, 0x3c,
    0xf6, 0x34, 0xf6, 0x34, 0xf6, 0x34, 0xf6, 0x34, 0xd6, 0x34, 0xf6, 0x34,
    0xf6, 0x3c, 0xf6, 0x34, 0xd6, 0x34, 0xf6, 0x34, 0xd6, 0x34, 0xf6, 0x3c,
    0xf6, 0x34, 0xf6, 0x3c, 0xf6, 0x34, 0xd6, 0x34, 0xd6, 0x34, 0xf6, 0x34,
    0xf6, 0x34, 0xf6, 0x34, 0xf6, 0x34, 0xf6, 0x34, 0xf6, 0x3c, 0xf6, 0x34,
    0xf6, 0x3c, 0xf6, 0x3c, 0xf6, 0x34, 0xf6, 0x3c, 0x16, 0x35, 0x0d, 0x74,
    0x24, 0xb3, 0x44, 0xb3, 0x65, 0xb3, 0x65, 0xb3, 0x64, 0xbb, 0x64, 0xbb,
    0x65, 0x82, 0x64, 0x82, 0x64, 0x82, 0x65, 0x7a, 0x24, 0x7a, 0x25, 0x72,
    0x04, 0x72, 0x24, 0x72, 0x25, 0x72, 0x25, 0x72, 0x25, 0x72, 0xa8, 0x6a,
    0x15, 0x55, 0x35, 0x55, 0x56, 0x5d, 0x56, 0x5d, 0x76, 0x5d, 0x76, 0x5d,
    0x76, 0x5d, 0x77, 0x5d, 0x77, 0x5d, 0x76, 0x65, 0x76, 0x5d, 0x96, 0x5d,
    0x76, 0x5d, 0x77, 0x65, 0x76, 0x5d, 0x76, 0x5d, 0x76, 0x5d, 0x76, 0x65,
    0x76, 0x5d, 0x76, 0x5d, 0x56, 0x5d, 0x56, 0x5d, 0x56, 0x55, 0x36, 0x55,
    0x16, 0x45, 0xf5, 0x44, 0xf6, 0x3c, 0xf5, 0x3c, 0xf6, 0x3c, 0xf6, 0x3c,
    0xf6, 0x3c, 0xd6, 0x34, 0xf6, 0x3c, 0xf6, 0x3c, 0xd6, 0x34, 0xf6, 0x3c,
    0xf6, 0x34, 0xd5, 0x34, 0xd6, 0x34, 0xf6, 0x3c, 0xf6, 0x3c, 0xd5, 0x34,
    0xd6, 0x34, 0xd6, 0x3c, 0xf6, 0x34, 0xd6, 0x34, 0xd6, 0x34, 0xd5, 0x34,
    0xd6, 0x34, 0xd6, 0x34, 0xd6, 0x34, 0xd5, 0x34, 0xd5, 0x34, 0xf6, 0x34,
    0xd5, 0x34, 0xd5, 0x34, 0xd6, 0x34, 0xd6, 0x34, 0xd6, 0x34, 0xf5, 0x34,
    0xd6, 0x34, 0xd6, 0x34, 0xf6, 0x34, 0xd5, 0x34, 0xd6, 0x34, 0xf5, 0x34,
    0xd6, 0x34, 0xd6, 0x34, 0xd5, 0x34, 0xd6, 0x34, 0xd6, 0x34, 0xd6, 0x34,
    0xd5, 0x34, 0xd5, 0x34, 0xd6, 0x34, 0xd6, 0x34, 0xd5, 0x34, 0xd6, 0x34,
    0xd6, 0x34, 0xf6, 0x34, 0xf6, 0x34, 0xf6, 0x34, 0xd6, 0x34, 0xd6, 0x34,
    0xd6, 0x34, 0xd5, 0x34, 0xd6, 0x34, 0xd6, 0x34, 0xd5, 0x34, 0xd6, 0x34,
    0xd6, 0x34, 0xd5, 0x34, 0xd5, 0x34, 0xd6, 0x34, 0xf6, 0x34, 0xd5, 0x34,
    0xd6, 0x34, 0xd6, 0x34, 0xd6, 0x34, 0xf5, 0x34, 0xf6, 0x34, 0xf6, 0x34,
    0xd5, 0x34, 0xd6, 0x34, 0xf6, 0x34, 0xf5, 0x34, 0xf6, 0x34, 0xd6, 0x34,
    0xf6, 0x34, 0xf6, 0x34, 0xd5, 0x34, 0xf6, 0x34, 0xf6, 0x34, 0xd6, 0x34,
    0xd6, 0x34, 0xd6, 0x34, 0xf6, 0x34, 0xf6, 0x34, 0xf6, 0x34, 0xd6, 0x34,
    0xf6, 0x34, 0xf6, 0x34, 0xd6, 0x34, 0xf6, 0x34, 0xd5, 0x34, 0xf6, 0x34,
    0xd6, 0x34, 0xf6, 0x34, 0xd6, 0x34, 0xd5, 0x34, 0xd5, 0x34, 0xd6, 0x34,
    0xf6, 0x34, 0xf6, 0x34, 0xd5, 0x34, 0xf5, 0x34, 0xf6, 0x34, 0xd5, 0x34,
    0xd6, 0x34, 0xf6, 0x34, 0xf6, 0x34, 0xd5, 0x34, 0xd6, 0x34, 0xf6, 0x34,
    0xf6, 0x34, 0xd5, 0x34, 0xf6, 0x34, 0xf6, 0x34, 0xd6, 0x34, 0xf6, 0x34,
    0xd6, 0x34, 0xf6, 0x34, 0xd5, 0x34, 0xf6, 0x34, 0xf6, 0x34, 0xf6, 0x34,
    0xf6, 0x34, 0xf6, 0x34, 0xf6, 0x34, 0xf6, 0x3c, 0xd6, 0x34, 0xd6, 0x34,
    0xf6, 0x34, 0xf6, 0x34, 0xf6, 0x3c, 0xf6, 0x3c, 0xf6, 0x34, 0xf6, 0x3c,
    0xf5, 0x34, 0xd5, 0x34, 0xd6, 0x34, 0xf6, 0x3c, 0xf6, 0x34, 0xd6, 0x34,
    0xf6, 0x3c, 0xf6, 0x3c, 0xd6, 0x34, 0xf6, 0x3c, 0xd6, 0x34, 0xf6, 0x3c,
    0xf6, 0x34, 0xf6, 0x3c, 0xf5, 0x3c, 0xf6, 0x34, 0xf6, 0x3c, 0xf6, 0x34,
    0xf6, 0x34, 0xf6, 0x34, 0xf6, 0x3c, 0xf6, 0x34, 0xf6, 0x3c, 0xf6, 0x3c,
    0xf6, 0x34, 0xf6, 0x3c, 0xf6, 0x3c, 0xf6, 0x34, 0xf6, 0x3c, 0xf6, 0x34,
    0xf6, 0x34, 0xf6, 0x34, 0xf6, 0x3c, 0xf6, 0x3c, 0xf6, 0x34, 0xf6, 0x34,
    0xf6, 0x34, 0xf6, 0x34, 0xf6, 0x34, 0xf6, 0x34, 0xf6, 0x3c, 0xf6, 0x3c,
    0xf6, 0x3c, 0xf6, 0x3c, 0xf6, 0x3c, 0xf6, 0x3c, 0xf6, 0x34, 0xf6, 0x3c,
    0xf6, 0x3c, 0xf6, 0x3c, 0xf6, 0x3c, 0xf6, 0x3c, 0xb3, 0x4c, 0x46, 0x9b,
    0x44, 0xb3, 0x44, 0xb3, 0x45, 0xb3, 0x65, 0xbb, 0x64, 0xbb, 0x64, 0xbb,
    0x65, 0x82, 0x64, 0x82, 0x65, 0x82, 0x45, 0x7a, 0x25, 0x72, 0x24, 0x72,
    0x25, 0x72, 0x04, 0x72, 0x25, 0x72, 0x24, 0x72, 0x25, 0x72, 0x87, 0x6a,
    0xd3, 0x5c, 0x36, 0x5d, 0x56, 0x5d, 0x76, 0x5d, 0x76, 0x5d, 0x76, 0x5d,
    0x76, 0x65, 0x77, 0x5d, 0x76, 0x5d, 0x77, 0x65, 0x77, 0x65, 0x76, 0x5d,
    0x76, 0x5d, 0x76, 0x65, 0x77, 0x65, 0x76, 0x5d, 0x77, 0x65, 0x76, 0x65,
    0x76, 0x5d, 0x77, 0x5d, 0x56, 0x5d, 0x56, 0x5d, 0x56, 0x55, 0x36, 0x55,
    0x16, 0x4d, 0x16, 0x45, 0xf5, 0x3c, 0xf6, 0x3c, 0xd5, 0x3c, 0xd6, 0x3c,
    0xf6, 0x34, 0xd5, 0x34, 0xd6, 0x34, 0xf5, 0x3c, 0xd6, 0x34, 0xd6, 0x3c,
    0xf5, 0x34, 0xd6, 0x3c, 0xf6, 0x34, 0xd5, 0x34, 0xf6, 0x34, 0xd6, 0x34,
    0xd5, 0x3c, 0xd5, 0x34, 0xf6, 0x3c, 0xd6, 0x34, 0xd6, 0x34, 0xf6, 0x34,
    0xd5, 0x34, 0xd5, 0x34, 0xf6, 0x34, 0xd6, 0x34, 0xf6, 0x34, 0xd5, 0x34,
    0xf6, 0x34, 0xf6, 0x34, 0xd5, 0x34, 0xf6, 0x34, 0xd5, 0x34, 0xd6, 0x34,
    0xd6, 0x34, 0xd6, 0x34, 0xf5, 0x34, 0xd6, 0x34, 0xd6, 0x34, 0xd5, 0x34,
    0xd6, 0x34, 0xd6, 0x34, 0xd6, 0x34, 0xd5, 0x34, 0xd6, 0x34, 0xd6, 0x34,
    0xd6, 0x34, 0xd6, 0x34, 0xd6, 0x34, 0xf6, 0x34, 0xd5, 0x34, 0xd6, 0x34,
    0xf6, 0x34, 0xd5, 0x34, 0xd6, 0x34, 0xd5, 0x34, 0xf6, 0x34, 0xf6, 0x34,
    0xd5, 0x34, 0xd6, 0x34, 0xd6, 0x34, 0xd6, 0x34, 0xd5, 0x34, 0xf6, 0x34,
    0xd6, 0x34, 0xd6, 0x34, 0xd6, 0x34, 0xf6, 0x34, 0xd6, 0x34, 0xf5, 0x34,
    0xf6, 0x34, 0xd6, 0x34, 0xd5, 0x34, 0xd6, 0x34, 0xf6, 0x34, 0xd6, 0x34,
    0xf6, 0x34, 0xf6, 0x34, 0xd5, 0x34, 0xd6, 0x34, 0xf6, 0x34, 0xd6, 0x34,
    0xd6, 0x34, 0xf6, 0x34, 0xd5, 0x34, 0xd6, 0x34, 0xf6, 0x34, 0xd6, 0x34,
    0xf6, 0x34, 0xf6, 0x34, 0xd6, 0x34, 0xd5, 0x34, 0xf6, 0x34, 0xd6, 0x34,
    0xf6, 0x34, 0xf6, 0x34, 0xf5, 0x34, 0xf6, 0x34, 0xf6, 0x34, 0xd6, 0x34,
    0xf6, 0x34, 0xd6, 0x34, 0xd6, 0x34, 0xf6, 0x34, 0xf6, 0x34, 0xf6, 0x34,
    0xd6, 0x34, 0xd6, 0x34, 0xf6, 0x34, 0xd6, 0x34, 0xf6, 0x34, 0xf6, 0x3c,
    0xd6, 0x34, 0xf6, 0x34, 0xd6, 0x34, 0xd6, 0x34, 0xf6, 0x34, 0xf6, 0x34,
    0xd6, 0x34, 0xf6, 0x34, 0xf6, 0x34, 0xf6, 0x34, 0xd6, 0x34, 0xd6, 0x34,
    0xf6, 0x34, 0xf6, 0x34, 0xf6, 0x34, 0xf6, 0x34, 0xf6, 0x3c, 0xf6, 0x3c,
    0xd6, 0x34, 0xf6, 0x34, 0xf6, 0x3c, 0xf6, 0x34, 0xf5, 0x34, 0xd6, 0x3c,
    0xf6, 0x34, 0xf6, 0x34, 0xd6, 0x3c, 0xf6, 0x34, 0xf6, 0x3c, 0xf6, 0x34,
    0xf6, 0x34, 0xf6, 0x34, 0xf6, 0x34, 0xf6, 0x34, 0xd6, 0x34, 0xf5, 0x3c,
    0xf5, 0x34, 0xf6, 0x34, 0xd6, 0x34, 0xf5, 0x3c, 0xf6, 0x34, 0xf6, 0x34,
    0xf6, 0x3c, 0xf6, 0x34, 0xf6, 0x34, 0xf6, 0x34, 0xd6, 0x34, 0xf6, 0x3c,
    0xf5, 0x34, 0xd6, 0x3c, 0xf6, 0x34, 0xf6, 0x34, 0xd6, 0x34, 0xf6, 0x34,
    0xf6, 0x34, 0xd6, 0x3c, 0xf6, 0x34, 0xf6, 0x34, 0xf6, 0x34, 0xf6, 0x3c,
    0xd6, 0x34, 0xf6, 0x3c, 0xf6, 0x34, 0xf6, 0x34, 0xd6, 0x34, 0xf6, 0x3c,
    0xd6, 0x3c, 0xf6, 0x34, 0xf6, 0x3c, 0xf6, 0x34, 0xf6, 0x34, 0xf6, 0x34,
    0xf6, 0x3c, 0xf6, 0x34, 0xf6, 0x34, 0xf6, 0x3c, 0xf6, 0x3c, 0xf6, 0x3c,
    0xf6, 0x3c, 0x16, 0x35, 0xf6, 0x3c, 0xf6, 0x3c, 0x0e, 0x64, 0x04, 0xab,
    0x25, 0xab, 0x45, 0xb3, 0x64, 0xbb, 0x64, 0xb3, 0x64, 0xbb, 0x65, 0xbb,
    0x65, 0x82, 0x65, 0x82, 0x65, 0x82, 0x44, 0x7a, 0x04, 0x72, 0x25, 0x72,
    0x04, 0x72, 0x25, 0x72, 0x24, 0x72, 0x25, 0x72, 0x25, 0x72, 0x66, 0x6a,
    0xd3, 0x54, 0x36, 0x5d, 0x56, 0x5d, 0x56, 0x5d, 0x76, 0x5d, 0x56, 0x5d,
    0x76, 0x65, 0x76, 0x65, 0x76, 0x5d, 0x76, 0x65, 0x76, 0x65, 0x76, 0x5d,
    0x76, 0x65, 0x77, 0x65, 0x76, 0x5d, 0x76, 0x5d, 0x76, 0x65, 0x77, 0x65,
    0x76, 0x5d, 0x56, 0x5d, 0x56, 0x5d, 0x56, 0x5d, 0x56, 0x5d, 0x36, 0x55,
    0x36, 0x4d, 0x16, 0x45, 0xf5, 0x3c, 0xf6, 0x3c, 0xf6, 0x3c, 0xf6, 0x3c,
    0xd6, 0x34, 0xf6, 0x3c, 0xf6, 0x3c, 0xd6, 0x34, 0xf6, 0x3c, 0xf6, 0x34,
    0xd6, 0x34, 0xf6, 0x3c, 0xd6, 0x3c, 0xd6, 0x34, 0xf6, 0x3c, 0xf6, 0x3c,
    0xf6, 0x34, 0xf6, 0x34, 0xf6, 0x3c, 0xf6, 0x34, 0xf6, 0x34, 0xd6, 0x3c,
    0xf6, 0x34, 0xf5, 0x3c, 0xd6, 0x34, 0xd6, 0x34, 0xf6, 0x34, 0xd5, 0x34,
    0xf6, 0x3c, 0xd6, 0x34, 0xf6, 0x34, 0xf5, 0x34, 0xf6, 0x34, 0xf5, 0x34,
    0xf6, 0x34, 0xd5, 0x34, 0xd6, 0x34, 0xd6, 0x34, 0xd5, 0x34, 0xf6, 0x34,
    0xd5, 0x34, 0xd6, 0x34, 0xf5, 0x34, 0xd6, 0x34, 0xf6, 0x34, 0xd5, 0x34,
    0xd5, 0x34, 0xd6, 0x34, 0xf6, 0x34, 0xf6, 0x34, 0xf6, 0x34, 0xf5, 0x34,
    0xd6, 0x34, 0xd5, 0x34, 0xd6, 0x34, 0xf5, 0x34, 0xd5, 0x34, 0xf6, 0x34,
    0xf6, 0x34, 0xd6, 0x34, 0xf5, 0x34, 0xf5, 0x34, 0xd6, 0x34, 0xf5, 0x34,
    0xf6, 0x34, 0xd6, 0x34, 0xd5, 0x3c, 0xf6, 0x34, 0xf5, 0x34, 0xd6, 0x34,
    0xd5, 0x3c, 0xf6, 0x34, 0xf5, 0x3c, 0xd6, 0x34, 0xd5, 0x34, 0xd5, 0x3c,
    0xf6, 0x34, 0xd6, 0x3c, 0xd6, 0x34, 0xf6, 0x3c, 0xd5, 0x34, 0xf5, 0x3c,
    0xf6, 0x34, 0xd5, 0x34, 0xf6, 0x3c, 0xd6, 0x3c, 0xf5, 0x34, 0xd6, 0x3c,
    0xd5, 0x3c, 0xf5, 0x34, 0xd6, 0x3c, 0xf6, 0x3c, 0xf6, 0x34, 0xd5, 0x3c,
    0xd6, 0x3c, 0xd6, 0x34, 0xd6, 0x3c, 0xd6, 0x3c, 0xf6, 0x3c, 0xd5, 0x34,
    0xf6, 0x3c, 0xf5, 0x3c, 0xf6, 0x34, 0xf6, 0x34, 0xd6, 0x34, 0xf5, 0x34,
    0xd6, 0x3c, 0xf6, 0x34, 0xf6, 0x34, 0xf6, 0x3c, 0xd6, 0x34, 0xf6, 0x34,
    0xf6, 0x3c, 0xf5, 0x34, 0xf6, 0x3c, 0xd6, 0x3c, 0xf5, 0x34, 0xd6, 0x34,
    0xf6, 0x3c, 0xd6, 0x3c, 0xd6, 0x34, 0xf5, 0x34, 0xf6, 0x3c, 0xf6, 0x34,
    0xd6, 0x34, 0xd6, 0x3c, 0xf6, 0x34, 0xf6, 0x34, 0xd6, 0x3c, 0xf5, 0x3c,
    0xf6, 0x34, 0xd6, 0x34, 0xf6, 0x3c, 0xf6, 0x34, 0xf6, 0x3c, 0xf6, 0x3c,
    0xd6, 0x34, 0xf5, 0x3c, 0xf6, 0x34, 0xf6, 0x34, 0xd6, 0x34, 0xf6, 0x3c,
    0xf6, 0x34, 0xf6, 0x3c, 0xf6, 0x3c, 0xf6, 0x34, 0xf6, 0x3c, 0xf6, 0x34,
    0xf6, 0x3c, 0xd6, 0x34, 0xd6, 0x34, 0xf5, 0x34, 0xf6, 0x34, 0xf6, 0x3c,
    0xd6, 0x3c, 0xf6, 0x34, 0xf6, 0x3c, 0xf6, 0x34, 0xd6, 0x3c, 0xf6, 0x3c,
    0xf6, 0x3c, 0xf6, 0x34, 0xf6, 0x3c, 0xf6, 0x3c, 0xd6, 0x3c, 0xf6, 0x3c,
    0xf6, 0x34, 0xf6, 0x3c, 0xd6, 0x3c, 0xf6, 0x34, 0xf6, 0x3c, 0xf6, 0x34,
    0xf6, 0x3c, 0xf6, 0x34, 0xf6, 0x34, 0xf6, 0x3c, 0xf6, 0x34, 0xf6, 0x3c,
    0xf6, 0x3c, 0xd6, 0x34, 0xf6, 0x3c, 0xd6, 0x3c, 0xf6, 0x34, 0xf6, 0x3c,
    0xf6, 0x34, 0xf6, 0x34, 0xf6, 0x34, 0xf6, 0x3c, 0xf6, 0x3c, 0xf6, 0x34,
    0xf6, 0x3c, 0xf6, 0x3c, 0xf6, 0x3c, 0xf5, 0x3c, 0x69, 0x83, 0xe4, 0xaa,
    0x04, 0xab, 0x24, 0xab, 0x44, 0xb3, 0x44, 0xb3, 0x65, 0xbb, 0x64, 0xbb,
    0x64, 0x82, 0x65, 0x7a, 0x45, 0x7a, 0x24, 0x7a, 0x24, 0x72, 0x04, 0x72,
    0x05, 0x72, 0x24, 0x72, 0x24, 0x72, 0x25, 0x6a, 0x25, 0x72, 0x66, 0x6a,
    0xb2, 0x5c, 0x35, 0x5d, 0x56, 0x5d, 0x76, 0x5d, 0x76, 0x5d, 0x76, 0x5d,
    0x77, 0x5d, 0x76, 0x65, 0x76, 0x5d, 0x77, 0x5d, 0x76, 0x5d, 0x76, 0x5d,
    0x76, 0x65, 0x76, 0x5d, 0x76, 0x5d, 0x76, 0x65, 0x76, 0x5d, 0x76, 0x5d,
    0x76, 0x65, 0x76, 0x5d, 0x56, 0x5d, 0x56, 0x5d, 0x56, 0x5d, 0x36, 0x55,
    0x36, 0x4d, 0xf5, 0x44, 0xf5, 0x44, 0xd5, 0x3c, 0xd5, 0x3c, 0xd5, 0x3c,
    0xd5, 0x3c, 0xd5, 0x3c, 0xd5, 0x3c, 0xd5, 0x3c, 0xf5, 0x3c, 0xd6, 0x3c,
    0xd5, 0x3c, 0xd5, 0x34, 0xd6, 0x34, 0xd5, 0x3c, 0xd5, 0x3c, 0xd5, 0x34,
    0xd6, 0x3c, 0xd5, 0x3c, 0xd5, 0x34, 0xd5, 0x34, 0xd5, 0x3c, 0xd6, 0x3c,
    0xd5, 0x34, 0xd5, 0x3c, 0xd5, 0x3c, 0xd5, 0x3c, 0xd6, 0x34, 0xd6, 0x3c,
    0xd5, 0x34, 0xd5, 0x34, 0xd6, 0x34, 0xd5, 0x34, 0xd5, 0x34, 0xd5, 0x34,
    0xd6, 0x34, 0xd5, 0x34, 0xd5, 0x34, 0xd5, 0x3c, 0xd5, 0x34, 0xd6, 0x34,
    0xd5, 0x34, 0xd5, 0x3c, 0xd6, 0x34, 0xd5, 0x34, 0xd5, 0x34, 0xd6, 0x3c,
    0xd5, 0x34, 0xd5, 0x34, 0xd5, 0x34, 0xd5, 0x34, 0xd5, 0x34, 0xd6, 0x34,
    0xd5, 0x34, 0xd6, 0x34, 0xd6, 0x34, 0xd5, 0x34, 0xd5, 0x34, 0xd6, 0x3c,
    0xd6, 0x34, 0xd5, 0x34, 0xd5, 0x34, 0xd6, 0x34, 0xd5, 0x34, 0xd5, 0x34,
    0xd5, 0x34, 0xd6, 0x3c, 0xd5, 0x34, 0xd5, 0x3c, 0xd6, 0x3c, 0xd5, 0x34,
    0xd6, 0x34, 0xd5, 0x3c, 0xd5, 0x34, 0xd5, 0x34, 0xd6, 0x3c, 0xd5, 0x34,
    0xd5, 0x3c, 0xd6, 0x3c, 0xd5, 0x3c, 0xd6, 0x34, 0xd6, 0x3c, 0xd5, 0x34,
    0xd5, 0x3c, 0xd6, 0x34, 0xd5, 0x3c, 0xd5, 0x3c, 0xd6, 0x34, 0xd5, 0x34,
    0xd6, 0x34, 0xd5, 0x3c, 0xd5, 0x3c, 0xd6, 0x34, 0xd5, 0x3c, 0xd5, 0x3c,
    0xd5, 0x34, 0xd5, 0x3c, 0xd5, 0x34, 0xd6, 0x3c, 0xd5, 0x34, 0xd5, 0x34,
    0xd6, 0x34, 0xd5, 0x3c, 0xd5, 0x3c, 0xd6, 0x34, 0xd5, 0x3c, 0xd5, 0x3c,
    0xd5, 0x34, 0xd5, 0x3c, 0xd5, 0x3c, 0xd5, 0x3c, 0xd5, 0x34, 0xd5, 0x34,
    0xd5, 0x3c, 0xd6, 0x3c, 0xd5, 0x34, 0xd5, 0x34, 0xd6, 0x3c, 0xf5, 0x34,
    0xf5, 0x3c, 0xd5, 0x3c, 0xd5, 0x34, 0xd6, 0x3c, 0xd6, 0x3c, 0xf5, 0x3c,
    0xf5, 0x34, 0xd5, 0x3c, 0xd5, 0x34, 0xd5, 0x3c, 0xd6, 0x34, 0xf5, 0x34,
    0xd5, 0x3c, 0xd6, 0x3c, 0xd5, 0x34, 0xd6, 0x3c, 0xd5, 0x3c, 0xf5, 0x34,
    0xd6, 0x3c, 0xf5, 0x3c, 0xf6, 0x3c, 0xd5, 0x3c, 0xf6, 0x3c, 0xf6, 0x3c,
    0xd5, 0x3c, 0xd5, 0x34, 0xd6, 0x3c, 0xd6, 0x3c, 0xd5, 0x34, 0xd6, 0x3c,
    0xd5, 0x3c, 0xf6, 0x3c, 0xf5, 0x3c, 0xd6, 0x34, 0xd6, 0x3c, 0xf5, 0x3c,
    0xf5, 0x34, 0xd5, 0x3c, 0xf6, 0x3c, 0xd6, 0x3c, 0xd5, 0x34, 0xd6, 0x34,
    0xd5, 0x34, 0xf6, 0x3c, 0xd6, 0x34, 0xf6, 0x34, 0xf6, 0x3c, 0xf6, 0x34,
    0xf6, 0x3c, 0xf6, 0x34, 0xf6, 0x3c, 0xf6, 0x3c, 0xf6, 0x3c, 0xf6, 0x34,
    0xf6, 0x3c, 0xf6, 0x3c, 0xf6, 0x3c, 0xf6, 0x34, 0xf6, 0x3c, 0xf6, 0x34,
    0xf6, 0x34, 0xf6, 0x34, 0xf6, 0x3c, 0xf6, 0x34, 0xf6, 0x3c, 0xf6, 0x3c,
    0xf6, 0x3c, 0xf6, 0x3c, 0x16, 0x3d, 0x16, 0x3d, 0xf6, 0x3c, 0xf6, 0x34,
    0x16, 0x3d, 0x16, 0x3d, 0x16, 0x3d, 0x92, 0x4c, 0x25, 0x9b, 0x04, 0xa3,
    0x04, 0xa3, 0x04, 0xa3, 0x04, 0xab, 0x24, 0xab, 0x44, 0xb3, 0x44, 0xb3,
    0x65, 0x82, 0x45, 0x7a, 0x44, 0x7a, 0x25, 0x72, 0x25, 0x72, 0x05, 0x72,
    0x24, 0x72, 0x05, 0x72, 0x24, 0x72, 0x25, 0x72, 0x25, 0x72, 0x45, 0x6a,
    0x92, 0x5c, 0x56, 0x5d, 0x56, 0x5d, 0x76, 0x5d, 0x76, 0x5d, 0x76, 0x5d,
    0x76, 0x5d, 0x76, 0x5d, 0x76, 0x65, 0x77, 0x65, 0x96, 0x5d, 0x76, 0x5d,
    0x77, 0x65, 0x76, 0x65, 0x76, 0x65, 0x76, 0x5d, 0x76, 0x65, 0x77, 0x65,
    0x76, 0x5d, 0x76, 0x65, 0x56, 0x5d, 0x56, 0x5d, 0x56, 0x5d, 0x56, 0x55,
    0x36, 0x4d, 0x15, 0x4d, 0x16, 0x45, 0x37, 0x3d, 0x37, 0x3d, 0x38, 0x3d,
    0x37, 0x3d, 0x37, 0x3d, 0x37, 0x35, 0x37, 0x3d, 0x37, 0x3d, 0x37, 0x3d,
    0x37, 0x3d, 0x37, 0x3d, 0x37, 0x3d, 0x37, 0x3d, 0x37, 0x3d, 0x38, 0x35,
    0x37, 0x3d, 0x37, 0x3d, 0x37, 0x3d, 0x37, 0x3d, 0x38, 0x3d, 0x37, 0x35,
    0x37, 0x35, 0x37, 0x3d, 0x37, 0x3d, 0x37, 0x3d, 0x37, 0x35, 0x37, 0x35,
    0x37, 0x35, 0x37, 0x35, 0x37, 0x3d, 0x17, 0x3d, 0x37, 0x3d, 0x37, 0x3d,
    0x17, 0x35, 0x17, 0x35, 0x37, 0x3d, 0x37, 0x3d, 0x37, 0x3d, 0x37, 0x3d,
    0x37, 0x3d, 0x37, 0x35, 0x37, 0x3d, 0x37, 0x3d, 0x37, 0x35, 0x37, 0x35,
    0x37, 0x3d, 0x37, 0x3d, 0x37, 0x3d, 0x37, 0x3d, 0x17, 0x3d, 0x37, 0x35,
    0x37, 0x3d, 0x37, 0x3d, 0x37, 0x3d, 0x37, 0x35, 0x37, 0x3d, 0x37, 0x35,
    0x37, 0x3d, 0x37, 0x3d, 0x37, 0x35, 0x37, 0x3d, 0x37, 0x3d, 0x37, 0x35,
    0x37, 0x3d, 0x37, 0x3d, 0x37, 0x3d, 0x37, 0x35, 0x37, 0x3d, 0x37, 0x3d,
    0x37, 0x35, 0x37, 0x35, 0x37, 0x3d, 0x37, 0x3d, 0x37, 0x35, 0x37, 0x3d,
    0x37, 0x35, 0x37, 0x35, 0x37, 0x35, 0x37, 0x35, 0x37, 0x35, 0x37, 0x3d,
    0x37, 0x3d, 0x37, 0x35, 0x37, 0x3d, 0x37, 0x3d, 0x37, 0x35, 0x57, 0x3d,
    0x37, 0x35, 0x37, 0x35, 0x37, 0x35, 0x37, 0x35, 0x37, 0x35, 0x57, 0x35,
    0x37, 0x3d, 0x37, 0x35, 0x37, 0x3d, 0x37, 0x35, 0x37, 0x35, 0x37, 0x3d,
    0x37, 0x35, 0x37, 0x35, 0x37, 0x35, 0x37, 0x3d, 0x37, 0x3d, 0x37, 0x35,
    0x57, 0x35, 0x38, 0x3d, 0x37, 0x3d, 0x37, 0x35, 0x37, 0x3d, 0x37, 0x35,
    0x37, 0x3d, 0x37, 0x3d, 0x37, 0x35, 0x37, 0x35, 0x37, 0x3d, 0x37, 0x3d,
    0x37, 0x35, 0x37, 0x35, 0x37, 0x35, 0x37, 0x35, 0x37, 0x35, 0x37, 0x3d,
    0x37, 0x35, 0x37, 0x35, 0x37, 0x3d, 0x37, 0x3d, 0x37, 0x35, 0x37, 0x3d,
    0x37, 0x3d, 0x37, 0x35, 0x37, 0x35, 0x37, 0x35, 0x37, 0x35, 0x37, 0x35,
    0x37, 0x35, 0x37, 0x3d, 0x37, 0x35, 0x37, 0x3d, 0x37, 0x35, 0x37, 0x35,
    0x37, 0x35, 0x37, 0x35, 0x37, 0x35, 0x37, 0x35, 0x37, 0x3d, 0x37, 0x35,
    0x37, 0x3d, 0x37, 0x3d, 0x37, 0x3d, 0x37, 0x3d, 0x37, 0x35, 0x37, 0x3d,
    0x37, 0x35, 0x37, 0x35, 0x37, 0x3d, 0x37, 0x35, 0x37, 0x35, 0x37, 0x3d,
    0x37, 0x3d, 0x37, 0x3d, 0x37, 0x35, 0xf6, 0x34, 0xf5, 0x3c, 0xf6, 0x3c,
    0xf6, 0x34, 0xf6, 0x3c, 0xf6, 0x34, 0xf6, 0x34, 0xf6, 0x3c, 0xf6, 0x34,
    0xf6, 0x3c, 0xf6, 0x34, 0xf6, 0x3c, 0xf6, 0x34, 0xf6, 0x3c, 0xf6, 0x3c,
    0xf6, 0x3c, 0xf6, 0x34, 0xf6, 0x34, 0xf6, 0x3c, 0xf6, 0x34, 0xf6, 0x34,
    0xf6, 0x3c, 0xf6, 0x3c, 0x16, 0x3d, 0xf6, 0x34, 0x16, 0x3d, 0x16, 0x3d,
    0xf6, 0x3c, 0xf6, 0x3c, 0x16, 0x35, 0x0e, 0x6c, 0xe5, 0xa2, 0x05, 0xa3,
    0xe4, 0xa2, 0xe4, 0xa2, 0xe4, 0xa2, 0x04, 0xa3, 0x04, 0xab, 0x24, 0xab,
    0x45, 0x7a, 0x24, 0x7a, 0x24, 0x72, 0x25, 0x72, 0x04, 0x72, 0x24, 0x72,
    0x25, 0x72, 0x04, 0x6a, 0x25, 0x72, 0x24, 0x72, 0x25, 0x72, 0x45, 0x72,
    0x72, 0x5c, 0x56, 0x55, 0x56, 0x5d, 0x76, 0x5d, 0x56, 0x5d, 0x76, 0x65,
    0x77, 0x65, 0x76, 0x5d, 0x76, 0x65, 0x76, 0x65, 0x76, 0x65, 0x77, 0x65,
    0x76, 0x5d, 0x76, 0x5d, 0x77, 0x65, 0x76, 0x5d, 0x76, 0x5d, 0x76, 0x5d,
    0x56, 0x5d, 0x56, 0x5d, 0x76, 0x5d, 0x56, 0x5d, 0x56, 0x5d, 0x36, 0x55,
    0x36, 0x4d, 0xf0, 0x4b, 0x6a, 0x42, 0x08, 0x3a, 0xe7, 0x39, 0xc7, 0x39,
    0xa6, 0x39, 0xc7, 0x39, 0xc6, 0x39, 0xa6, 0x39, 0xa6, 0x39, 0xa6, 0x39,
    0xa6, 0x39, 0xa6, 0x39, 0xa6, 0x39, 0xa6, 0x39, 0xa6, 0x39, 0xa7, 0x39,
    0xa6, 0x39, 0xa6, 0x39, 0x86, 0x39, 0xa6, 0x39, 0xa7, 0x39, 0xa6, 0x39,
    0xa6, 0x39, 0xa6, 0x39, 0xa6, 0x39, 0x86, 0x39, 0xa6, 0x39, 0xa7, 0x39,
    0xa6, 0x39, 0x86, 0x39, 0xa6, 0x39, 0xa6, 0x39, 0xa6, 0x39, 0xa6, 0x39,
    0xa6, 0x39, 0xa6, 0x39, 0xa6, 0x39, 0xa6, 0x39, 0xa6, 0x39, 0xa6, 0x39,
    0xa6, 0x39, 0xc7, 0x39, 0xc6, 0x39, 0xa6, 0x39, 0xa6, 0x39, 0xa6, 0x39,
    0xa6, 0x39, 0xa7, 0x39, 0xa6, 0x39, 0xa6, 0x39, 0xa6, 0x39, 0xa6, 0x39,
    0xa6, 0x39, 0xa6, 0x39, 0xa6, 0x39, 0xa6, 0x39, 0xa6, 0x39, 0xa6, 0x39,
    0xa6, 0x31, 0xa6, 0x39, 0xa6, 0x39, 0xa6, 0x39, 0xa6, 0x39, 0xa6, 0x39,
    0xa6, 0x39, 0xa6, 0x31, 0xa6, 0x39, 0xa6, 0x39, 0x86, 0x39, 0xa6, 0x39,
    0xa6, 0x39, 0xa7, 0x39, 0x86, 0x39, 0xa6, 0x39, 0xa6, 0x39, 0xa6, 0x39,
    0xa6, 0x39, 0xa6, 0x39, 0xa6, 0x39, 0xc6, 0x39, 0xa6, 0x39, 0xa6, 0x39,
    0xa6, 0x39, 0xc6, 0x39, 0xa6, 0x39, 0xa6, 0x39, 0xa6, 0x39, 0xa6, 0x39,
    0xa6, 0x39, 0xa7, 0x39, 0xa6, 0x39, 0xa6, 0x39, 0xa6, 0x39, 0xa6, 0x39,
    0xa6, 0x39, 0xa6, 0x39, 0xa6, 0x39, 0xa6, 0x39, 0xa6, 0x39, 0xa6, 0x39,
    0xa6, 0x39, 0xa7, 0x39, 0xa6, 0x39, 0xa6, 0x39, 0xa6, 0x39, 0xa7, 0x39,
    0xa7, 0x39, 0xa6, 0x39, 0xa6, 0x39, 0xa7, 0x39, 0xa6, 0x39, 0xa6, 0x39,
    0xa6, 0x39, 0xc6, 0x39, 0xa7, 0x31, 0xa6, 0x39, 0xa6, 0x39, 0xa6, 0x39,
    0xa7, 0x39, 0xa6, 0x39, 0xa6, 0x39, 0xa6, 0x39, 0xa6, 0x39, 0xa6, 0x39,
    0xa6, 0x31, 0xa6, 0x39, 0xa6, 0x39, 0xa6, 0x31, 0xa6, 0x39, 0xa6, 0x39,
    0xa6, 0x39, 0xa6, 0x39, 0xa6, 0x39, 0xa6, 0x39, 0xa6, 0x39, 0xa6, 0x39,
    0xa6, 0x39, 0xa6, 0x39, 0xa7, 0x39, 0xa7, 0x39, 0xa6, 0x39, 0xa6, 0x39,
    0x86, 0x39, 0xa6, 0x39, 0xa6, 0x39, 0xa6, 0x39, 0xa6, 0x39, 0xa6, 0x31,
    0xa6, 0x31, 0xa6, 0x31, 0x86, 0x39, 0xa6, 0x39, 0xa6, 0x39, 0xa6, 0x39,
    0xa6, 0x39, 0xa6, 0x39, 0xa6, 0x39, 0xa6, 0x39, 0xa6, 0x39, 0xa6, 0x39,
    0xa6, 0x39, 0x85, 0x39, 0xc7, 0x41, 0x0c, 0x43, 0xb5, 0x3c, 0xf6, 0x3c,
    0xf6, 0x3c, 0xf6, 0x3c, 0xf6, 0x3c, 0xf6, 0x3c, 0xf6, 0x3c, 0xf6, 0x3c,
    0xf6, 0x3c, 0xf6, 0x3c, 0xf6, 0x34, 0xf6, 0x3c, 0xf6, 0x34, 0xf6, 0x3c,
    0xf6, 0x3c, 0xf6, 0x3c, 0xf6, 0x3c, 0xf6, 0x3c, 0xf6, 0x3c, 0x16, 0x3d,
    0x16, 0x35, 0x16, 0x3d, 0xf6, 0x3c, 0xf6, 0x34, 0xf6, 0x3c, 0x16, 0x3d,
    0xf6, 0x3c, 0xf6, 0x3c, 0xf5, 0x3c, 0x89, 0x83, 0xe4, 0xa2, 0x04, 0xa3,
    0xe4, 0xa2, 0xe4, 0xa2, 0xe4, 0xa2, 0x04, 0xa3, 0xe4, 0xa2, 0x04, 0xab,
    0x24, 0x72, 0x25, 0x72, 0x24, 0x72, 0x24, 0x72, 0x04, 0x72, 0x04, 0x72,
    0x25, 0x72, 0x04, 0x72, 0x25, 0x6a, 0x24, 0x72, 0x25, 0x72, 0x25, 0x6a,
    0x71, 0x5c, 0x35, 0x5d, 0x56, 0x5d, 0x56, 0x5d, 0x76, 0x5d, 0x76, 0x5d,
    0x77, 0x65, 0x76, 0x5d, 0x76, 0x5d, 0x76, 0x5d, 0x76, 0x65, 0x76, 0x5d,
    0x76, 0x65, 0x77, 0x5d, 0x76, 0x5d, 0x76, 0x65, 0x76, 0x5d, 0x76, 0x65,
    0x56, 0x5d, 0x56, 0x5d, 0x56, 0x5d, 0x56, 0x5d, 0x56, 0x55, 0x56, 0x55,
    0xec, 0x4a, 0xe1, 0x40, 0x61, 0x49, 0x41, 0x7a, 0x41, 0x82, 0x41, 0x7a,
    0x41, 0x82, 0x41, 0x82, 0x41, 0x82, 0x61, 0x82, 0x61, 0x82, 0x61, 0x82,
    0x81, 0x82, 0x61, 0x82, 0x61, 0x82, 0x81, 0x8a, 0x61, 0x82, 0x61, 0x82,
    0x61, 0x82, 0x61, 0x82, 0x61, 0x82, 0x61, 0x82, 0x41, 0x82, 0x41, 0x82,
    0x61, 0x82, 0x61, 0x82, 0x61, 0x82, 0x41, 0x82, 0x41, 0x82, 0x61, 0x7a,
    0x61, 0x82, 0x41, 0x82, 0x61, 0x82, 0x61, 0x82, 0x61, 0x82, 0x61, 0x82,
    0x61, 0x82, 0x61, 0x82, 0x61, 0x82, 0x41, 0x82, 0x61, 0x7a, 0x61, 0x82,
    0x41, 0x82, 0x41, 0x7a, 0x61, 0x82, 0x61, 0x82, 0x61, 0x82, 0x61, 0x82,
    0x61, 0x82, 0x61, 0x82, 0x81, 0x82, 0x61, 0x82, 0x61, 0x82, 0x61, 0x82,
    0x61, 0x82, 0x61, 0x82, 0x41, 0x82, 0x61, 0x82, 0x61, 0x7a, 0x61, 0x82,
    0x61, 0x82, 0x61, 0x82, 0x61, 0x82, 0x81, 0x82, 0x61, 0x82, 0x61, 0x82,
    0x61, 0x82, 0x61, 0x82, 0x81, 0x82, 0x81, 0x82, 0x61, 0x82, 0x61, 0x82,
    0x61, 0x82, 0x61, 0x82, 0x61, 0x82, 0x61, 0x82, 0x61, 0x82, 0x61, 0x82,
    0x61, 0x82, 0x61, 0x82, 0x61, 0x82, 0x61, 0x82, 0x61, 0x82, 0x61, 0x82,
    0x61, 0x7a, 0x61, 0x82, 0x61, 0x82, 0x61, 0x82, 0x61, 0x82, 0x61, 0x82,
    0x61, 0x82, 0x61, 0x82, 0x61, 0x82, 0x61, 0x82, 0x61, 0x82, 0x61, 0x8a,
    0x61, 0x82, 0x61, 0x82, 0x61, 0x82, 0x61, 0x82, 0x81, 0x82, 0x81, 0x82,
    0x61, 0x82, 0x61, 0x82, 0x41, 0x82, 0x41, 0x82, 0x61, 0x82, 0x61, 0x82,
    0x81, 0x82, 0x61, 0x82, 0x61, 0x82, 0x61, 0x82, 0x60, 0x82, 0x61, 0x82,
    0x61, 0x82, 0x61, 0x82, 0x41, 0x82, 0x61, 0x82, 0x61, 0x82, 0x61, 0x82,
    0x61, 0x82, 0x41, 0x82, 0x61, 0x82, 0x61, 0x8a, 0x41, 0x82, 0x41, 0x82,
    0x61, 0x8a, 0x61, 0x82, 0x41, 0x82, 0x61, 0x82, 0x61, 0x82, 0x61, 0x82,
    0x61, 0x82, 0x61, 0x82, 0x61, 0x82, 0x61, 0x82, 0x61, 0x82, 0x61, 0x82,
    0x61, 0x82, 0x61, 0x82, 0x61, 0x82, 0x81, 0x82, 0x61, 0x82, 0x61, 0x82,
    0x61, 0x82, 0x61, 0x82, 0x61, 0x82, 0x61, 0x82, 0x61, 0x82, 0x61, 0x82,
    0x61, 0x82, 0x61, 0x82, 0x61, 0x82, 0x61, 0x82, 0x61, 0x82, 0x41, 0x82,
    0x41, 0x82, 0x61, 0x82, 0x61, 0x82, 0x81, 0x8a, 0x61, 0x82, 0x61, 0x82,
    0x61, 0x82, 0x61, 0x82, 0xe1, 0x69, 0x01, 0x41, 0xa6, 0x41, 0x94, 0x3c,
    0xf6, 0x3c, 0xf6, 0x3c, 0xf6, 0x3c, 0xf6, 0x34, 0xf6, 0x34, 0x16, 0x3d,
    0x16, 0x3d, 0xf6, 0x3c, 0xf6, 0x3c, 0xf6, 0x34, 0xf6, 0x3c, 0xf6, 0x34,
    0x16, 0x3d, 0xf6, 0x34, 0x16, 0x3d, 0x16, 0x3d, 0xf6, 0x3c, 0xf6, 0x3c,
    0x16, 0x3d, 0xf6, 0x34, 0x16, 0x3d, 0xf6, 0x3c, 0x16, 0x3d, 0x16, 0x3d,
    0x16, 0x3d, 0x16, 0x3d, 0xb3, 0x4c, 0x06, 0x93, 0x05, 0xa3, 0xe4, 0xa2,
    0xe4, 0xa2, 0x05, 0xa3, 0xe4, 0xa2, 0xe4, 0xa2, 0xe4, 0xa2, 0x04, 0xa3,
    0x24, 0x72, 0x24, 0x7a, 0x25, 0x7a, 0x25, 0x72, 0x04, 0x72, 0x24, 0x72,
    0x25, 0x72, 0x24, 0x72, 0x04, 0x72, 0x25, 0x72, 0x25, 0x6a, 0x25, 0x6a,
    0x30, 0x5c, 0x36, 0x5d, 0x56, 0x5d, 0x76, 0x5d, 0x76, 0x65, 0x76, 0x5d,
    0x76, 0x65, 0x76, 0x65, 0x77, 0x65, 0x76, 0x65, 0x76, 0x5d, 0x76, 0x65,
    0x76, 0x65, 0x76, 0x65, 0x76, 0x5d, 0x76, 0x65, 0x76, 0x65, 0x76, 0x5d,
    0x76, 0x65, 0x76, 0x65, 0x76, 0x5d, 0x56, 0x5d, 0x56, 0x5d, 0x8e, 0x4b,
    0x01, 0x41, 0x81, 0x51, 0x61, 0xbb, 0xc1, 0xcb, 0xc1, 0xcb, 0xc1, 0xcb,
    0xc1, 0xcb, 0xc1, 0xcb, 0xc1, 0xcb, 0xc1, 0xcb, 0xc1, 0xcb, 0xc1, 0xcb,
    0xc1, 0xcb, 0xa1, 0xcb, 0xc1, 0xcb, 0xc1, 0xcb, 0xc1, 0xcb, 0xc1, 0xcb,
    0xc1, 0xcb, 0xa1, 0xcb, 0xa1, 0xcb, 0xa1, 0xcb, 0xc1, 0xc3, 0xa1, 0xcb,
    0xa1, 0xcb, 0xa1, 0xcb, 0xa1, 0xc3, 0xa1, 0xcb, 0xc1, 0xcb, 0xc1, 0xcb,
    0xc1, 0xcb, 0xa1, 0xcb, 0xc1, 0xc3, 0xc1, 0xcb, 0xc1, 0xcb, 0xc1, 0xcb,
    0xc1, 0xc3, 0xa1, 0xcb, 0xa1, 0xcb, 0xc1, 0xc3, 0xc1, 0xcb, 0xc1, 0xc3,
    0xa1, 0xcb, 0xc0, 0xc3, 0xa1, 0xc3, 0xc1, 0xcb, 0xc1, 0xcb, 0xc1, 0xcb,
    0xa1, 0xc3, 0xc1, 0xc3, 0xc1, 0xc3, 0xc1, 0xc3, 0xa1, 0xcb, 0xc1, 0xcb,
    0xa1, 0xcb, 0xc1, 0xcb, 0xc1, 0xcb, 0xc1, 0xc3, 0xc1, 0xc3, 0xc1, 0xcb,
    0xc1, 0xc3, 0xc1, 0xc3, 0xc1, 0xcb, 0xc1, 0xcb, 0xc1, 0xcb, 0xc1, 0xcb,
    0xc1, 0xcb, 0xc1, 0xcb, 0xc1, 0xcb, 0xc1, 0xcb, 0xc1, 0xc3, 0xc1, 0xcb,
    0xc1, 0xc3, 0xc1, 0xc3, 0xa1, 0xc3, 0xc1, 0xcb, 0xa1, 0xcb, 0xa1, 0xc3,
    0xc1, 0xcb, 0xc1, 0xc3, 0xc1, 0xc3, 0xc1, 0xcb, 0xc1, 0xcb, 0xc1, 0xc3,
    0xc1, 0xcb, 0xc1, 0xc3, 0xc1, 0xc3, 0xc1, 0xcb, 0xc1, 0xcb, 0xc1, 0xcb,
    0xc1, 0xcb, 0xc1, 0xc3, 0xc1, 0xcb, 0xc1, 0xcb, 0xa1, 0xcb, 0xc1, 0xcb,
    0xc1, 0xc3, 0xa1, 0xcb, 0xc1, 0xcb, 0xa1, 0xc3, 0xc1, 0xcb, 0xc1, 0xcb,
    0xc1, 0xc3, 0xa0, 0xc3, 0xa1, 0xc3, 0xa1, 0xcb, 0xc0, 0xcb, 0xa1, 0xc3,
    0xa0, 0xc3, 0xc1, 0xcb, 0xa1, 0xc3, 0xa1, 0xcb, 0xa1, 0xcb, 0xa1, 0xc3,
    0xc1, 0xcb, 0xa1, 0xcb, 0xa1, 0xcb, 0xa1, 0xc3, 0xa1, 0xcb, 0xa1, 0xcb,
    0xa1, 0xc3, 0xa1, 0xcb, 0xa1, 0xc3, 0xa1, 0xc3, 0xa0, 0xcb, 0xa1, 0xc3,
    0xa1, 0xcb, 0xa1, 0xc3, 0xa1, 0xcb, 0xa1, 0xc3, 0xa1, 0xc3, 0xa1, 0xcb,
    0xa1, 0xcb, 0xa1, 0xcb, 0xa1, 0xc3, 0xc1, 0xcb, 0xc1, 0xcb, 0xa1, 0xc3,
    0xa1, 0xc3, 0xa1, 0xcb, 0xa1, 0xc3, 0xa0, 0xc3, 0xc1, 0xcb, 0xc1, 0xc3,
    0xc1, 0xcb, 0xc1, 0xc3, 0xc1, 0xc3, 0xa1, 0xcb, 0xa1, 0xc3, 0xa1, 0xc3,
    0xa1, 0xc3, 0xa1, 0xcb, 0xa1, 0xc3, 0xa1, 0xc3, 0xa1, 0xc3, 0xa1, 0xc3,
    0xa1, 0xc3, 0xa1, 0xc3, 0xa1, 0xc3, 0xa1, 0xc3, 0x81, 0xc3, 0x81, 0xc3,
    0x81, 0xbb, 0x81, 0xbb, 0x61, 0xbb, 0x80, 0x8a, 0x01, 0x41, 0x49, 0x42,
    0xf5, 0x3c, 0xf6, 0x3c, 0x16, 0x3d, 0xf6, 0x3c, 0x16, 0x3d, 0xf6, 0x34,
    0xf6, 0x34, 0x16, 0x3d, 0x16, 0x3d, 0x16, 0x3d, 0x16, 0x3d, 0xf6, 0x3c,
    0x16, 0x3d, 0x16, 0x35, 0xf6, 0x3c, 0xf6, 0x34, 0xf6, 0x34, 0x16, 0x3d,
    0xf6, 0x3c, 0xf6, 0x3c, 0x16, 0x3d, 0x17, 0x3d, 0x16, 0x3d, 0x16, 0x3d,
    0xf6, 0x3c, 0xf6, 0x3c, 0x30, 0x5c, 0xe4, 0xa2, 0x05, 0xa3, 0xe4, 0xa2,
    0xe4, 0xa2, 0xe5, 0xa2, 0xe4, 0xa2, 0x04, 0xa3, 0x04, 0xa3, 0x04, 0xa3,
    0x25, 0x72, 0x24, 0x72, 0x25, 0x72, 0x24, 0x72, 0x05, 0x72, 0x04, 0x72,
    0x04, 0x72, 0x05, 0x72, 0x04, 0x72, 0x24, 0x72, 0x25, 0x72, 0x25, 0x6a,
    0x30, 0x5c, 0x56, 0x5d, 0x56, 0x5d, 0x56, 0x5d, 0x76, 0x5d, 0x76, 0x65,
    0x76, 0x5d, 0x76, 0x5d, 0x76, 0x65, 0x76, 0x5d, 0x76, 0x5d, 0x76, 0x65,
    0x77, 0x5d, 0x76, 0x5d, 0x76, 0x65, 0x76, 0x5d, 0x77, 0x5d, 0x76, 0x5d,
    0x76, 0x5d, 0x77, 0x65, 0x76, 0x5d, 0x56, 0x5d, 0xb3, 0x54, 0x84, 0x49,
    0x40, 0x49, 0xe1, 0xa2, 0x41, 0xb3, 0xa1, 0x9a, 0xa1, 0x92, 0xa0, 0x92,
    0xa1, 0x92, 0xa1, 0x9a, 0xa0, 0x92, 0xa1, 0x92, 0x81, 0x92, 0xa0, 0x92,
    0xa1, 0x92, 0x81, 0x92, 0xa1, 0x92, 0x80, 0x92, 0x81, 0x92, 0x80, 0x92,
    0xa0, 0x92, 0xa1, 0x92, 0xa0, 0x92, 0xa0, 0x92, 0x81, 0x92, 0x80, 0x92,
    0xa0, 0x92, 0x80, 0x8a, 0x80, 0x92, 0x81, 0x92, 0x80, 0x92, 0xa0, 0x92,
    0x80, 0x92, 0x81, 0x92, 0x80, 0x92, 0x80, 0x8a, 0x81, 0x92, 0x80, 0x92,
    0xa0, 0x92, 0x81, 0x92, 0xa0, 0x92, 0xa1, 0x92, 0x80, 0x92, 0x80, 0x92,
    0x80, 0x92, 0x80, 0x92, 0xa1, 0x92, 0x80, 0x92, 0xa0, 0x92, 0x81, 0x92,
    0xa0, 0x92, 0x80, 0x92, 0x80, 0x92, 0x80, 0x92, 0xa0, 0x92, 0x81, 0x92,
    0x80, 0x92, 0xa0, 0x92, 0xa1, 0x92, 0x80, 0x92, 0xa1, 0x92, 0x81, 0x92,
    0x80, 0x92, 0x81, 0x92, 0xa0, 0x92, 0x81, 0x92, 0x80, 0x92, 0x80, 0x8a,
    0x80, 0x8a, 0x80, 0x92, 0xa0, 0x92, 0x80, 0x8a, 0x80, 0x92, 0x80, 0x92,
    0xa0, 0x92, 0x80, 0x92, 0xa0, 0x92, 0x80, 0x92, 0xa0, 0x92, 0x81, 0x92,
    0xa0, 0x92, 0x80, 0x92, 0x80, 0x92, 0xa1, 0x92, 0x80, 0x92, 0x80, 0x92,
    0xa1, 0x92, 0x80, 0x92, 0x80, 0x92, 0x81, 0x92, 0x80, 0x92, 0x81, 0x92,
    0xa0, 0x92, 0x80, 0x8a, 0x80, 0x92, 0xa0, 0x92, 0x81, 0x92, 0xa1, 0x92,
    0xa0, 0x92, 0x80, 0x92, 0x81, 0x92, 0xa0, 0x92, 0x80, 0x92, 0x80, 0x92,
    0x80, 0x92, 0x80, 0x92, 0x80, 0x92, 0x80, 0x92, 0x80, 0x92, 0x80, 0x92,
    0x81, 0x92, 0x80, 0x92, 0x80, 0x92, 0x80, 0x92, 0x80, 0x8a, 0xa1, 0x92,
    0x80, 0x92, 0x80, 0x8a, 0x80, 0x92, 0xa0, 0x92, 0x80, 0x92, 0x80, 0x92,
    0x80, 0x8a, 0x80, 0x92, 0x80, 0x92, 0x80, 0x92, 0x80, 0x92, 0x80, 0x92,
    0x80, 0x8a, 0x80, 0x92, 0x80, 0x92, 0x80, 0x92, 0x80, 0x8a, 0x80, 0x92,
    0x80, 0x92, 0xa0, 0x92, 0xa1, 0x92, 0x80, 0x92, 0x80, 0x92, 0x81, 0x92,
    0x80, 0x92, 0x80, 0x92, 0x80, 0x92, 0xa0, 0x92, 0x80, 0x92, 0x80, 0x92,
    0x80, 0x92, 0x80, 0x92, 0x80, 0x92, 0x80, 0x92, 0x80, 0x92, 0x80, 0x8a,
    0x80, 0x92, 0x80, 0x92, 0x80, 0x92, 0x80, 0x92, 0x80, 0x92, 0x80, 0x92,
    0x81, 0x92, 0x80, 0x92, 0xa0, 0x92, 0x80, 0x92, 0x81, 0x8a, 0x80, 0x92,
    0x80, 0x92, 0x81, 0x92, 0x80, 0x8a, 0x80, 0x92, 0xa0, 0x61, 0x22, 0x41,
    0x11, 0x3c, 0x16, 0x3d, 0xf6, 0x3c, 0x16, 0x3d, 0x16, 0x3d, 0x16, 0x3d,
    0x16, 0x3d, 0xf6, 0x3c, 0xf6, 0x34, 0x16, 0x3d, 0xf6, 0x3c, 0xf6, 0x3c,
    0x16, 0x3d, 0xf6, 0x3c, 0x16, 0x3d, 0x16, 0x3d, 0xf6, 0x34, 0x16, 0x3d,
    0x16, 0x3d, 0xf6, 0x3c, 0x16, 0x3d, 0x16, 0x3d, 0xf6, 0x3c, 0x16, 0x3d,
    0x16, 0x3d, 0x16, 0x3d, 0xab, 0x7b, 0xe4, 0xa2, 0xe4, 0xa2, 0xe4, 0xa2,
    0xe4, 0x9a, 0xe4, 0xa2, 0xe4, 0xa2, 0x04, 0xa3, 0xe4, 0xa2, 0xe4, 0xa2,
    0x24, 0x72, 0x25, 0x72, 0x24, 0x7a, 0x25, 0x72, 0x04, 0x72, 0x24, 0x72,
    0x25, 0x72, 0x25, 0x72, 0x24, 0x72, 0x25, 0x72, 0x25, 0x72, 0x25, 0x6a,
    0x71, 0x5c, 0x35, 0x5d, 0x56, 0x5d, 0x76, 0x5d, 0x56, 0x5d, 0x76, 0x5d,
    0x76, 0x5d, 0x77, 0x65, 0x76, 0x5d, 0x76, 0x5d, 0x76, 0x65, 0x76, 0x65,
    0x76, 0x5d, 0x77, 0x5d, 0x76, 0x65, 0x76, 0x65, 0x76, 0x5d, 0x56, 0x5d,
    0x56, 0x5d, 0x76, 0x65, 0x56, 0x5d, 0x76, 0x5d, 0x4d, 0x53, 0x01, 0x41,
    0xc1, 0x61, 0x01, 0xab, 0xa1, 0x9a, 0xc1, 0x9a, 0xc1, 0x9a, 0xa1, 0x9a,
    0xa0, 0x9a, 0xc1, 0x9a, 0xa1, 0x9a, 0xa0, 0x9a, 0xa1, 0x92, 0xa1, 0x92,
    0xa0, 0x9a, 0xa1, 0x9a, 0xa1, 0x92, 0xa0, 0x92, 0xa1, 0x92, 0xa1, 0x92,
    0xa0, 0x92, 0xa1, 0x92, 0xa0, 0x92, 0xa0, 0x92, 0xa1, 0x92, 0xa0, 0x92,
    0xa1, 0x92, 0xa1, 0x92, 0xa0, 0x92, 0xa1, 0x92, 0xa0, 0x92, 0xa0, 0x92,
    0xa1, 0x92, 0xa1, 0x92, 0xa0, 0x92, 0xa0, 0x92, 0xa1, 0x92, 0xa0, 0x92,
    0xa0, 0x92, 0xa1, 0x92, 0xa0, 0x92, 0xa0, 0x92, 0xa1, 0x92, 0xa1, 0x92,
    0xa0, 0x92, 0xa0, 0x92, 0xa1, 0x92, 0xa0, 0x92, 0xa0, 0x92, 0xa1, 0x92,
    0xa0, 0x92, 0xa1, 0x92, 0xa1, 0x92, 0xa1, 0x92, 0xa1, 0x92, 0xa0, 0x92,
    0xa0, 0x92, 0xa0, 0x92, 0xa0, 0x92, 0xa1, 0x92, 0xa0, 0x92, 0xa0, 0x92,
    0xa1, 0x92, 0xa0, 0x92, 0xa0, 0x92, 0xa0, 0x92, 0xa1, 0x92, 0xa0, 0x92,
    0xa1, 0x92, 0xa0, 0x92, 0xa1, 0x92, 0xa1, 0x92, 0xa0, 0x92, 0xa0, 0x92,
    0xa1, 0x92, 0xa0, 0x92, 0xa1, 0x92, 0xa0, 0x92, 0xa1, 0x92, 0xa0, 0x92,
    0xa0, 0x92, 0xa1, 0x92, 0xa0, 0x92, 0xa0, 0x92, 0xa0, 0x92, 0xa0, 0x92,
    0xa0, 0x92, 0xa0, 0x92, 0xa0, 0x92, 0xa0, 0x92, 0xa1, 0x92, 0xa0, 0x92,
    0xa1, 0x92, 0xa1, 0x92, 0xa0, 0x92, 0xa1, 0x92, 0xa0, 0x92, 0xa0, 0x92,
    0x80, 0x92, 0xa0, 0x92, 0xa1, 0x92, 0xa1, 0x92, 0xa0, 0x92, 0xa0, 0x92,
    0xa1, 0x92, 0xa1, 0x92, 0xa0, 0x92, 0xa1, 0x92, 0xa0, 0x92, 0xa1, 0x92,
    0xa0, 0x92, 0xa0, 0x92, 0xa1, 0x92, 0xa1, 0x92, 0xa0, 0x92, 0x80, 0x92,
    0x80, 0x92, 0xa1, 0x92, 0xa0, 0x92, 0xa0, 0x92, 0x81, 0x8a, 0xa1, 0x92,
    0x80, 0x92, 0xa0, 0x92, 0xa1, 0x92, 0xa0, 0x92, 0xa1, 0x92, 0xa1, 0x92,
    0x80, 0x92, 0xa0, 0x92, 0xa1, 0x92, 0xa0, 0x92, 0xa0, 0x92, 0xa1, 0x92,
    0xa0, 0x92, 0x80, 0x92, 0xa0, 0x92, 0xa0, 0x92, 0xa0, 0x92, 0xa1, 0x92,
    0xa0, 0x92, 0xa0, 0x92, 0xa1, 0x92, 0xa1, 0x92, 0x80, 0x92, 0xa1, 0x92,
    0x81, 0x92, 0x80, 0x92, 0xa1, 0x92, 0xa1, 0x92, 0xa0, 0x92, 0x80, 0x92,
    0xa1, 0x92, 0xa1, 0x92, 0xa1, 0x92, 0xa1, 0x92, 0xa0, 0x92, 0xa1, 0x92,
    0xa0, 0x92, 0xa1, 0x92, 0xa0, 0x92, 0x81, 0x92, 0xa1, 0x92, 0xa0, 0x92,
    0x80, 0x92, 0x81, 0x92, 0x81, 0x92, 0x80, 0x92, 0x40, 0x82, 0x21, 0x41,
    0x2d, 0x3b, 0x37, 0x3d, 0xf6, 0x3c, 0x16, 0x3d, 0xf6, 0x3c, 0x16, 0x3d,
    0xf6, 0x3c, 0x16, 0x3d, 0x16, 0x3d, 0xf6, 0x34, 0x16, 0x3d, 0xf6, 0x34,
    0x16, 0x3d, 0x16, 0x3d, 0x16, 0x3d, 0x16, 0x3d, 0x16, 0x3d, 0x17, 0x3d,
    0x16, 0x3d, 0x16, 0x35, 0x17, 0x3d, 0x16, 0x3d, 0x16, 0x3d, 0xf6, 0x3c,
    0x16, 0x3d, 0xd4, 0x44, 0x47, 0x8b, 0xe4, 0xa2, 0xe4, 0xa2, 0xe4, 0xa2,
    0xe4, 0xa2, 0xe4, 0xa2, 0xe4, 0xa2, 0xe4, 0xa2, 0xe4, 0xa2, 0x04, 0xa3,
    0x24, 0x72, 0x25, 0x72, 0x24, 0x7a, 0x24, 0x72, 0x25, 0x72, 0x05, 0x72,
    0x24, 0x72, 0x24, 0x72, 0x24, 0x72, 0x24, 0x72, 0x25, 0x72, 0x25, 0x6a,
    0x71, 0x5c, 0x35, 0x5d, 0x56, 0x5d, 0x56, 0x5d, 0x56, 0x5d, 0x76, 0x5d,
    0x76, 0x5d, 0x76, 0x5d, 0x76, 0x65, 0x76, 0x65, 0x76, 0x5d, 0x76, 0x65,
    0x76, 0x65, 0x76, 0x5d, 0x76, 0x65, 0x76, 0x5d, 0x76, 0x5d, 0x76, 0x65,
    0x76, 0x65, 0x76, 0x5d, 0x56, 0x65, 0x76, 0x65, 0xea, 0x52, 0x00, 0x41,
    0x21, 0x7a, 0xc1, 0x9a, 0xa1, 0x9a, 0xa1, 0x9a, 0xc1, 0x9a, 0xa1, 0x9a,
    0xa1, 0x92, 0xc1, 0x9a, 0xa0, 0x92, 0xa1, 0x9a, 0xa1, 0x9a, 0xa0, 0x92,
    0xa0, 0x92, 0xa1, 0x92, 0xa0, 0x9a, 0xa1, 0x92, 0xa1, 0x92, 0xa0, 0x92,
    0x81, 0x92, 0xa1, 0x92, 0x80, 0x92, 0xa1, 0x92, 0x80, 0x92, 0xa0, 0x92,
    0xa0, 0x92, 0xa0, 0x92, 0xa1, 0x92, 0x80, 0x92, 0xa1, 0x92, 0xa1, 0x92,
    0xa0, 0x92, 0xa0, 0x92, 0x80, 0x92, 0x81, 0x92, 0x81, 0x92, 0x80, 0x92,
    0x80, 0x92, 0xa1, 0x92, 0xa1, 0x92, 0x80, 0x92, 0x81, 0x92, 0xa1, 0x92,
    0xa0, 0x92, 0x81, 0x92, 0xa1, 0x92, 0x80, 0x92, 0xa1, 0x92, 0xa1, 0x92,
    0x80, 0x92, 0xa0, 0x92, 0xa0, 0x92, 0x80, 0x92, 0x80, 0x92, 0x81, 0x92,
    0x81, 0x92, 0x80, 0x92, 0x81, 0x92, 0x81, 0x92, 0x80, 0x92, 0x81, 0x92,
    0xa1, 0x92, 0x80, 0x92, 0x80, 0x92, 0x81, 0x92, 0x80, 0x92, 0x80, 0x92,
    0x81, 0x92, 0xa0, 0x92, 0x81, 0x92, 0x80, 0x92, 0x81, 0x92, 0x81, 0x8a,
    0x80, 0x92, 0x81, 0x92, 0x80, 0x92, 0x80, 0x92, 0x81, 0x92, 0x80, 0x92,
    0x80, 0x92, 0xa1, 0x92, 0x81, 0x92, 0xa0, 0x92, 0x80, 0x92, 0x81, 0x92,
    0x81, 0x92, 0x81, 0x92, 0x80, 0x92, 0x81, 0x92, 0x80, 0x92, 0x80, 0x92,
    0x80, 0x92, 0x80, 0x92, 0x81, 0x92, 0x80, 0x92, 0x80, 0x92, 0x81, 0x92,
    0x80, 0x8a, 0x80, 0x8a, 0x80, 0x92, 0x81, 0x92, 0x80, 0x92, 0xa1, 0x92,
    0x81, 0x92, 0x80, 0x92, 0x80, 0x92, 0x81, 0x92, 0x80, 0x92, 0x80, 0x8a,
    0x81, 0x92, 0x80, 0x92, 0x80, 0x92, 0x81, 0x92, 0x80, 0x92, 0x80, 0x92,
    0x80, 0x92, 0x81, 0x8a, 0x81, 0x92, 0x80, 0x8a, 0x80, 0x8a, 0x80, 0x92,
    0x81, 0x92, 0x80, 0x8a, 0x81, 0x92, 0x80, 0x8a, 0x80, 0x8a, 0x81, 0x92,
    0x81, 0x92, 0x80, 0x8a, 0x81, 0x92, 0x80, 0x92, 0x81, 0x92, 0x81, 0x92,
    0x80, 0x8a, 0x81, 0x92, 0x81, 0x8a, 0x80, 0x92, 0x81, 0x8a, 0x80, 0x8a,
    0x81, 0x92, 0x81, 0x92, 0x80, 0x8a, 0x80, 0x92, 0x81, 0x92, 0x80, 0x8a,
    0x80, 0x8a, 0x80, 0x92, 0x80, 0x8a, 0x81, 0x8a, 0x81, 0x92, 0x81, 0x92,
    0x80, 0x92, 0x80, 0x92, 0x80, 0x92, 0xa0, 0x92, 0x81, 0x92, 0x80, 0x92,
    0xa0, 0x92, 0x81, 0x92, 0xa1, 0x92, 0x80, 0x92, 0x80, 0x92, 0x80, 0x92,
    0x81, 0x92, 0x80, 0x92, 0x81, 0x8a, 0x80, 0x92, 0x41, 0x82, 0x21, 0x49,
    0xcb, 0x3a, 0x37, 0x3d, 0x16, 0x3d, 0x16, 0x3d, 0x16, 0x3d, 0x16, 0x3d,
    0xf6, 0x3c, 0x16, 0x3d, 0xf6, 0x3c, 0x16, 0x3d, 0x17, 0x3d, 0xf6, 0x3c,
    0x17, 0x3d, 0x16, 0x3d, 0xf7, 0x3c, 0x16, 0x3d, 0xf6, 0x3c, 0x16, 0x3d,
    0x16, 0x3d, 0xf6, 0x3c, 0x16, 0x3d, 0x16, 0x3d, 0x16, 0x3d, 0x16, 0x3d,
    0x16, 0x3d, 0x71, 0x5c, 0x05, 0x9b, 0x05, 0xa3, 0xe4, 0xa2, 0x04, 0xa3,
    0xe4, 0xa2, 0x04, 0xa3, 0x04, 0xa3, 0xe4, 0xa2, 0x04, 0xa3, 0x05, 0xa3,
    0x04, 0x72, 0x04, 0x72, 0x25, 0x72, 0x24, 0x72, 0x24, 0x72, 0x25, 0x72,
    0x04, 0x72, 0x25, 0x72, 0x25, 0x72, 0x24, 0x72, 0x25, 0x6a, 0x45, 0x6a,
    0x72, 0x5c, 0x35, 0x5d, 0x56, 0x5d, 0x56, 0x5d, 0x76, 0x5d, 0x76, 0x5d,
    0x56, 0x5d, 0x76, 0x5d, 0x76, 0x65, 0x76, 0x5d, 0x76, 0x5d, 0x76, 0x5d,
    0x76, 0x65, 0x76, 0x5d, 0x76, 0x5d, 0x56, 0x5d, 0x56, 0x5d, 0x76, 0x5d,
    0x56, 0x5d, 0x77, 0x65, 0x76, 0x5d, 0x56, 0x5d, 0xea, 0x52, 0x20, 0x41,
    0x41, 0x82, 0xc1, 0x9a, 0xa1, 0x9a, 0xa0, 0x92, 0xa0, 0x92, 0xa0, 0x92,
    0xa1, 0x9a, 0xa1, 0x92, 0xa0, 0x92, 0xa1, 0x92, 0xa1, 0x92, 0xa0, 0x9a,
    0xa1, 0x92, 0xa0, 0x92, 0xa1, 0x92, 0x80, 0x92, 0x80, 0x92, 0x80, 0x92,
    0xa1, 0x92, 0x80, 0x92, 0x80, 0x92, 0xa1, 0x92, 0x80, 0x92, 0x81, 0x92,
    0x80, 0x92, 0x80, 0x92, 0x81, 0x92, 0xa0, 0x92, 0x80, 0x92, 0x81, 0x92,
    0x80, 0x92, 0x80, 0x92, 0x81, 0x8a, 0x80, 0x8a, 0x80, 0x92, 0x80, 0x92,
    0x81, 0x92, 0x81, 0x92, 0xa0, 0x92, 0xa0, 0x92, 0x80, 0x92, 0x80, 0x92,
    0x80, 0x92, 0xa0, 0x92, 0x80, 0x92, 0x81, 0x92, 0x80, 0x92, 0x80, 0x92,
    0x81, 0x92, 0x80, 0x92, 0x81, 0x92, 0x81, 0x92, 0x80, 0x8a, 0x80, 0x92,
    0x80, 0x92, 0x81, 0x92, 0x80, 0x92, 0x80, 0x8a, 0x80, 0x92, 0x80, 0x92,
    0x80, 0x92, 0x80, 0x92, 0x81, 0x92, 0x81, 0x8a, 0x80, 0x8a, 0x80, 0x8a,
    0x80, 0x8a, 0x80, 0x92, 0x80, 0x92, 0x80, 0x8a, 0x80, 0x8a, 0x80, 0x92,
    0x80, 0x92, 0x81, 0x8a, 0x80, 0x92, 0x80, 0x92, 0x81, 0x92, 0x80, 0x92,
    0x80, 0x92, 0x81, 0x92, 0x80, 0x92, 0x80, 0x92, 0x81, 0x92, 0x80, 0x8a,
    0x80, 0x92, 0x81, 0x92, 0x80, 0x8a, 0x80, 0x8a, 0x81, 0x92, 0x80, 0x92,
    0x80, 0x8a, 0x80, 0x92, 0x81, 0x92, 0x80, 0x8a, 0x80, 0x92, 0x81, 0x8a,
    0x80, 0x8a, 0x80, 0x92, 0x80, 0x8a, 0x80, 0x8a, 0x80, 0x92, 0x81, 0x8a,
    0x80, 0x8a, 0x80, 0x92, 0x81, 0x8a, 0x80, 0x92, 0x80, 0x8a, 0x81, 0x92,
    0x80, 0x92, 0x80, 0x92, 0x81, 0x8a, 0x80, 0x8a, 0x81, 0x8a, 0x81, 0x8a,
    0x80, 0x92, 0x80, 0x8a, 0x60, 0x8a, 0x81, 0x92, 0x80, 0x92, 0x80, 0x8a,
    0x80, 0x92, 0x80, 0x92, 0x61, 0x8a, 0x80, 0x92, 0x80, 0x8a, 0x80, 0x8a,
    0x80, 0x8a, 0x80, 0x8a, 0x80, 0x8a, 0x60, 0x8a, 0x80, 0x8a, 0x80, 0x8a,
    0x80, 0x8a, 0x60, 0x8a, 0x81, 0x8a, 0x80, 0x92, 0x80, 0x92, 0x80, 0x8a,
    0x80, 0x92, 0x81, 0x92, 0x80, 0x8a, 0x80, 0x8a, 0x81, 0x8a, 0x80, 0x8a,
    0x80, 0x8a, 0x81, 0x8a, 0x80, 0x8a, 0x80, 0x92, 0x80, 0x8a, 0x80, 0x8a,
    0x80, 0x92, 0x81, 0x8a, 0x80, 0x92, 0x80, 0x92, 0x80, 0x8a, 0x81, 0x92,
    0x80, 0x8a, 0x80, 0x8a, 0x80, 0x92, 0x80, 0x8a, 0x81, 0x8a, 0x80, 0x92,
    0xa1, 0x92, 0x81, 0x8a, 0x80, 0x92, 0x80, 0x8a, 0x41, 0x82, 0x01, 0x49,
    0xeb, 0x42, 0x37, 0x3d, 0xf6, 0x3c, 0x16, 0x3d, 0x16, 0x3d, 0x16, 0x3d,
    0x17, 0x3d, 0x16, 0x3d, 0x17, 0x3d, 0x16, 0x3d, 0x16, 0x3d, 0xf6, 0x3c,
    0x16, 0x3d, 0x16, 0x35, 0x16, 0x3d, 0xf6, 0x3c, 0x16, 0x3d, 0x17, 0x3d,
    0x16, 0x3d, 0x16, 0x3d, 0x16, 0x3d, 0x17, 0x3d, 0x16, 0x3d, 0x16, 0x3d,
    0x16, 0x3d, 0xed, 0x6b, 0x04, 0xa3, 0xe4, 0xa2, 0x05, 0xa3, 0xe4, 0xa2,
    0xe4, 0xa2, 0xe4, 0xa2, 0xe5, 0xa2, 0xe4, 0xa2, 0xe4, 0xa2, 0xe4, 0xa2,
    0x04, 0x72, 0x04, 0x72, 0x05, 0x72, 0x04, 0x72, 0x04, 0x72, 0x24, 0x72,
    0x24, 0x72, 0x05, 0x72, 0x24, 0x72, 0x25, 0x72, 0x24, 0x6a, 0x25, 0x6a,
    0x72, 0x5c, 0x35, 0x5d, 0x56, 0x5d, 0x56, 0x5d, 0x76, 0x5d, 0x56, 0x65,
    0x56, 0x5d, 0x76, 0x5d, 0x56, 0x5d, 0x76, 0x5d, 0x76, 0x65, 0x76, 0x65,
    0x77, 0x5d, 0x76, 0x65, 0x76, 0x65, 0x76, 0x65, 0x76, 0x5d, 0x76, 0x65,
    0x76, 0x5d, 0x76, 0x5d, 0x56, 0x5d, 0x56, 0x5d, 0xca, 0x4a, 0x00, 0x41,
    0x41, 0x7a, 0xa1, 0x9a, 0xc1, 0x92, 0xa1, 0x9a, 0xa1, 0x9a, 0xa1, 0x9a,
    0xa1, 0x92, 0xa1, 0x9a, 0xa0, 0x92, 0xa1, 0x92, 0xa0, 0x92, 0xa1, 0x92,
    0xa1, 0x9a, 0xa0, 0x92, 0xa0, 0x92, 0x81, 0x92, 0x81, 0x92, 0x80, 0x92,
    0x80, 0x92, 0xa1, 0x92, 0xa1, 0x9a, 0xa0, 0x9a, 0xc1, 0x9a, 0xa1, 0x92,
    0xa1, 0x92, 0x81, 0x92, 0x80, 0x92, 0xa0, 0x8a, 0xa0, 0x92, 0xa1, 0x92,
    0xa0, 0x92, 0xa1, 0x92, 0xa1, 0x92, 0xa0, 0x92, 0xa1, 0x8a, 0xa0, 0x92,
    0xa1, 0x92, 0xa0, 0x92, 0xa0, 0x92, 0xa1, 0x92, 0xa0, 0x92, 0x81, 0x8a,
    0x81, 0x92, 0x80, 0x92, 0x80, 0x8a, 0x81, 0x92, 0x80, 0x8a, 0xa0, 0x92,
    0xa1, 0x92, 0xa0, 0x92, 0xa1, 0x92, 0xa1, 0x92, 0xa0, 0x92, 0xa1, 0x92,
    0xa1, 0x8a, 0x80, 0x8a, 0x81, 0x92, 0x80, 0x8a, 0xa1, 0x92, 0xa1, 0x92,
    0xa0, 0x92, 0xa0, 0x92, 0xa1, 0x92, 0xa0, 0x92, 0x80, 0x8a, 0x81, 0x8a,
    0x81, 0x8a, 0x80, 0x92, 0x81, 0x92, 0xa1, 0x92, 0xa0, 0x92, 0xa0, 0x92,
    0x81, 0x8a, 0x80, 0x8a, 0x80, 0x92, 0x81, 0x8a, 0x80, 0x8a, 0x81, 0x8a,
    0x80, 0x92, 0x80, 0x8a, 0x80, 0x8a, 0x81, 0x8a, 0x80, 0x8a, 0xa0, 0x92,
    0xa0, 0x92, 0xa0, 0x92, 0xa0, 0x92, 0xa1, 0x92, 0xa1, 0x92, 0x80, 0x92,
    0x81, 0x8a, 0x81, 0x92, 0x80, 0x8a, 0x80, 0x92, 0x81, 0x92, 0x80, 0x8a,
    0x81, 0x92, 0x81, 0x92, 0xa1, 0x92, 0xa0, 0x92, 0x81, 0x92, 0xa0, 0x92,
    0xa0, 0x92, 0xa1, 0x92, 0x80, 0x92, 0x81, 0x8a, 0x80, 0x8a, 0x81, 0x8a,
    0x80, 0x8a, 0x80, 0x8a, 0x80, 0x8a, 0x80, 0x92, 0xa0, 0x92, 0xa1, 0x92,
    0x80, 0x92, 0x80, 0x8a, 0xa0, 0x92, 0xa1, 0x92, 0x81, 0x92, 0x81, 0x8a,
    0x80, 0x8a, 0x80, 0x8a, 0x81, 0x92, 0x80, 0x8a, 0x81, 0x92, 0x80, 0x92,
    0x81, 0x92, 0x80, 0x92, 0xa1, 0x92, 0x81, 0x92, 0x80, 0x92, 0xa0, 0x92,
    0xa1, 0x92, 0x80, 0x92, 0x80, 0x8a, 0x81, 0x8a, 0x81, 0x92, 0x80, 0x8a,
    0x80, 0x8a, 0x80, 0x8a, 0x81, 0x92, 0xa1, 0x92, 0xa0, 0x92, 0xa0, 0x92,
    0x80, 0x92, 0x81, 0x92, 0x80, 0x92, 0xa0, 0x92, 0xa1, 0x92, 0xa0, 0x92,
    0xa1, 0x92, 0xa1, 0x92, 0x81, 0x92, 0x80, 0x8a, 0x80, 0x92, 0x81, 0x92,
    0x80, 0x92, 0x81, 0x92, 0x81, 0x92, 0x80, 0x92, 0xa1, 0x92, 0x80, 0x8a,
    0x80, 0x92, 0x80, 0x8a, 0x81, 0x8a, 0x81, 0x92, 0x40, 0x82, 0x01, 0x41,
    0xeb, 0x3a, 0x37, 0x3d, 0x16, 0x3d, 0x16, 0x3d, 0x16, 0x3d, 0xf6, 0x3c,
    0x16, 0x3d, 0x16, 0x3d, 0xf6, 0x3c, 0x17, 0x3d, 0x16, 0x3d, 0x16, 0x3d,
    0x17, 0x3d, 0x16, 0x3d, 0x16, 0x3d, 0x16, 0x3d, 0xf7, 0x3c, 0x16, 0x3d,
    0x16, 0x3d, 0x16, 0x3d, 0x16, 0x3d, 0x16, 0x3d, 0x16, 0x45, 0x16, 0x45,
    0xf6, 0x44, 0x8a, 0x83, 0x04, 0xa3, 0xe4, 0xa2, 0x04, 0xa3, 0xe4, 0xa2,
    0xe4, 0xa2, 0xe4, 0xa2, 0x04, 0xa3, 0x04, 0xa3, 0x04, 0xa3, 0x04, 0xa3,
    0x04, 0x72, 0x04, 0x72, 0x25, 0x72, 0x25, 0x72, 0x04, 0x72, 0x05, 0x72,
    0x24, 0x72, 0x25, 0x72, 0x24, 0x72, 0x25, 0x72, 0x25, 0x72, 0x25, 0x6a,
    0x92, 0x5c, 0x35, 0x5d, 0x55, 0x5d, 0x56, 0x5d, 0x56, 0x5d, 0x76, 0x5d,
    0x56, 0x5d, 0x56, 0x5d, 0x56, 0x5d, 0x56, 0x5d, 0x56, 0x65, 0x76, 0x5d,
    0x56, 0x5d, 0x56, 0x5d, 0x76, 0x5d, 0x77, 0x5d, 0x56, 0x5d, 0x56, 0x65,
    0x56, 0x65, 0x56, 0x5d, 0x76, 0x65, 0x56, 0x5d, 0xca, 0x4a, 0x00, 0x41,
    0x41, 0x7a, 0xa1, 0x9a, 0xa1, 0x92, 0xa1, 0x92, 0xa1, 0x9a, 0xc1, 0x92,
    0xa0, 0x92, 0xa0, 0x9a, 0xa1, 0x92, 0xa1, 0x92, 0xa0, 0x9a, 0x80, 0x92,
    0xa1, 0x92, 0x81, 0x92, 0x80, 0x92, 0xa0, 0x92, 0xa1, 0x92, 0xa1, 0x92,
    0x60, 0x8a, 0xe0, 0x69, 0xc0, 0x59, 0xa0, 0x59, 0xa0, 0x59, 0xe0, 0x69,
    0x60, 0x82, 0xa1, 0x92, 0x81, 0x8a, 0x80, 0x8a, 0x01, 0x72, 0xa0, 0x59,
    0x80, 0x51, 0xa0, 0x59, 0xc0, 0x61, 0x20, 0x72, 0x81, 0x8a, 0x40, 0x7a,
    0xc0, 0x61, 0xc0, 0x59, 0xc0, 0x59, 0xe0, 0x69, 0x40, 0x82, 0x81, 0x92,
    0x81, 0x8a, 0x80, 0x8a, 0x81, 0x92, 0x80, 0x8a, 0x80, 0x8a, 0x20, 0x7a,
    0xc0, 0x61, 0x80, 0x49, 0x40, 0x41, 0x40, 0x49, 0x80, 0x51, 0xe0, 0x69,
    0x60, 0x82, 0x80, 0x92, 0x80, 0x92, 0x81, 0x8a, 0x00, 0x72, 0xa0, 0x59,
    0x80, 0x51, 0x80, 0x51, 0xa0, 0x51, 0xc0, 0x61, 0x40, 0x82, 0x81, 0x92,
    0x60, 0x8a, 0x00, 0x72, 0xc0, 0x61, 0xc0, 0x61, 0xa0, 0x59, 0xc0, 0x61,
    0xe0, 0x69, 0x60, 0x8a, 0x81, 0x92, 0x80, 0x8a, 0x80, 0x92, 0x81, 0x92,
    0x81, 0x8a, 0x80, 0x92, 0x81, 0x8a, 0x80, 0x92, 0x81, 0x8a, 0x20, 0x72,
    0xa1, 0x59, 0x60, 0x49, 0x40, 0x41, 0x60, 0x49, 0xc0, 0x61, 0x20, 0x7a,
    0x80, 0x8a, 0x80, 0x92, 0x81, 0x92, 0x80, 0x8a, 0x80, 0x8a, 0x81, 0x8a,
    0x80, 0x92, 0x60, 0x82, 0xe0, 0x69, 0x80, 0x51, 0x40, 0x41, 0x40, 0x41,
    0x40, 0x49, 0xa0, 0x59, 0x21, 0x7a, 0x80, 0x8a, 0x80, 0x92, 0x81, 0x8a,
    0x81, 0x8a, 0x80, 0x8a, 0x60, 0x8a, 0x20, 0x7a, 0xc0, 0x61, 0x60, 0x49,
    0x20, 0x39, 0x00, 0x39, 0x40, 0x41, 0xa0, 0x59, 0x20, 0x7a, 0x80, 0x8a,
    0x81, 0x92, 0x60, 0x8a, 0x60, 0x8a, 0x61, 0x8a, 0x00, 0x72, 0xa0, 0x59,
    0x80, 0x51, 0x80, 0x51, 0x80, 0x51, 0x80, 0x51, 0x80, 0x51, 0x80, 0x51,
    0xa0, 0x59, 0xe0, 0x69, 0x40, 0x82, 0x60, 0x8a, 0x81, 0x8a, 0x80, 0x92,
    0x81, 0x8a, 0x20, 0x7a, 0xa0, 0x61, 0x80, 0x51, 0xa0, 0x51, 0x80, 0x51,
    0x80, 0x51, 0x80, 0x51, 0x80, 0x51, 0x80, 0x51, 0x80, 0x51, 0x80, 0x51,
    0xa0, 0x59, 0x40, 0x7a, 0x80, 0x92, 0x81, 0x8a, 0x80, 0x8a, 0x81, 0x8a,
    0x80, 0x8a, 0xa1, 0x92, 0x80, 0x92, 0x80, 0x8a, 0x80, 0x8a, 0x81, 0x8a,
    0x80, 0x92, 0x81, 0x92, 0x80, 0x8a, 0x80, 0x8a, 0x41, 0x82, 0x01, 0x41,
    0xcb, 0x42, 0x37, 0x3d, 0x16, 0x3d, 0x16, 0x3d, 0x17, 0x3d, 0x16, 0x3d,
    0x16, 0x3d, 0x16, 0x3d, 0x16, 0x3d, 0x16, 0x3d, 0xf6, 0x3c, 0x16, 0x3d,
    0xf7, 0x3c, 0x17, 0x3d, 0x16, 0x3d, 0x16, 0x3d, 0x16, 0x3d, 0x16, 0x3d,
    0x16, 0x3d, 0x16, 0x3d, 0x16, 0x3d, 0x16, 0x3d, 0x16, 0x3d, 0x16, 0x45,
    0xd4, 0x4c, 0x27, 0x93, 0xe4, 0xa2, 0x04, 0xa3, 0x04, 0xa3, 0x04, 0xa3,
    0xe4, 0xa2, 0xe4, 0xa2, 0x04, 0xa3, 0x04, 0xa3, 0xe4, 0xa2, 0xe4, 0xa2,
    0x04, 0x72, 0x25, 0x72, 0x24, 0x72, 0x24, 0x72, 0x25, 0x72, 0x04, 0x72,
    0x25, 0x72, 0x24, 0x72, 0x24, 0x72, 0x24, 0x72, 0x05, 0x6a, 0x25, 0x6a,
    0x91, 0x5c, 0x35, 0x5d, 0x56, 0x5d, 0x55, 0x5d, 0x56, 0x5d, 0x56, 0x5d,
    0x56, 0x5d, 0x76, 0x5d, 0x76, 0x5d, 0x56, 0x5d, 0x76, 0x5d, 0x76, 0x5d,
    0x56, 0x5d, 0x56, 0x65, 0x56, 0x5d, 0x76, 0x5d, 0x76, 0x5d, 0x76, 0x5d,
    0x57, 0x5d, 0x76, 0x5d, 0x76, 0x5d, 0x76, 0x5d, 0xca, 0x4a, 0x00, 0x41,
    0x21, 0x82, 0xa1, 0x9a, 0xc1, 0x92, 0xa0, 0x9a, 0xa1, 0x9a, 0xa1, 0x92,
    0xa1, 0x92, 0xa0, 0x92, 0xa1, 0x92, 0xa1, 0x92, 0xa1, 0x92, 0xa1, 0x92,
    0xa0, 0x92, 0x81, 0x92, 0x81, 0x92, 0xa1, 0x92, 0xa0, 0x92, 0x41, 0x82,
    0x20, 0x41, 0xc0, 0x30, 0xa0, 0x28, 0x80, 0x28, 0xa0, 0x28, 0xa0, 0x28,
    0x00, 0x39, 0x00, 0x6a, 0xa1, 0x92, 0x60, 0x49, 0xe0, 0x30, 0x80, 0x28,
    0xa0, 0x28, 0x80, 0x28, 0xa0, 0x28, 0xe0, 0x30, 0x20, 0x41, 0xe0, 0x30,
    0x80, 0x28, 0xa0, 0x28, 0xa0, 0x28, 0xa0, 0x28, 0xe0, 0x38, 0xe0, 0x61,
    0x80, 0x8a, 0x80, 0x8a, 0x81, 0x92, 0xc0, 0x61, 0x20, 0x41, 0x00, 0x39,
    0xa0, 0x28, 0xa0, 0x28, 0xa0, 0x28, 0xa0, 0x28, 0xa0, 0x28, 0xc0, 0x28,
    0x00, 0x39, 0x80, 0x51, 0x61, 0x82, 0xa0, 0x59, 0xe0, 0x30, 0xa0, 0x28,
    0xa0, 0x28, 0xa0, 0x28, 0xa0, 0x28, 0xc0, 0x30, 0x40, 0x49, 0x61, 0x8a,
    0xa0, 0x59, 0xe0, 0x30, 0xa0, 0x30, 0xa0, 0x28, 0xa0, 0x28, 0xa0, 0x28,
    0xc0, 0x30, 0x60, 0x49, 0x81, 0x8a, 0x80, 0x92, 0x80, 0x92, 0x80, 0x92,
    0x80, 0x8a, 0x81, 0x92, 0xa0, 0x92, 0x20, 0x7a, 0x40, 0x41, 0x00, 0x31,
    0xa0, 0x28, 0xa0, 0x28, 0xa0, 0x28, 0x80, 0x28, 0xa0, 0x28, 0xe0, 0x30,
    0x20, 0x41, 0xa0, 0x59, 0xa1, 0x8a, 0x80, 0x92, 0x81, 0x92, 0x81, 0x92,
    0xa0, 0x59, 0x20, 0x39, 0xc0, 0x30, 0xa0, 0x28, 0xa0, 0x28, 0xa0, 0x28,
    0xa0, 0x28, 0xa0, 0x28, 0x00, 0x39, 0x20, 0x41, 0xe0, 0x69, 0x81, 0x92,
    0x81, 0x92, 0x01, 0x72, 0x40, 0x41, 0x00, 0x31, 0xa0, 0x28, 0xa0, 0x28,
    0xe0, 0x30, 0x00, 0x31, 0xc0, 0x30, 0xa0, 0x28, 0xe0, 0x38, 0x40, 0x41,
    0x00, 0x72, 0xa1, 0x92, 0x81, 0x8a, 0xa0, 0x61, 0xe0, 0x30, 0xc0, 0x30,
    0xa0, 0x28, 0xa0, 0x28, 0xa0, 0x28, 0xa0, 0x28, 0xa0, 0x28, 0xa0, 0x28,
    0x80, 0x28, 0xc0, 0x30, 0x00, 0x39, 0x40, 0x41, 0x00, 0x72, 0xa1, 0x92,
    0xe0, 0x69, 0x00, 0x39, 0xa0, 0x28, 0xa0, 0x28, 0x80, 0x28, 0xa0, 0x28,
    0xa0, 0x28, 0x80, 0x28, 0xa0, 0x28, 0xa0, 0x28, 0xa0, 0x28, 0xa0, 0x28,
    0xc0, 0x30, 0x20, 0x39, 0x20, 0x7a, 0x80, 0x8a, 0x81, 0x92, 0x80, 0x92,
    0x80, 0x92, 0x80, 0x8a, 0x80, 0x92, 0x81, 0x8a, 0x81, 0x92, 0x80, 0x8a,
    0x80, 0x8a, 0x81, 0x8a, 0x80, 0x92, 0x80, 0x92, 0x40, 0x82, 0x01, 0x41,
    0xec, 0x3a, 0x37, 0x3d, 0x16, 0x3d, 0x16, 0x3d, 0x16, 0x3d, 0x17, 0x3d,
    0x16, 0x3d, 0x17, 0x3d, 0x16, 0x3d, 0x16, 0x3d, 0x16, 0x3d, 0x16, 0x3d,
    0x16, 0x3d, 0x16, 0x3d, 0x16, 0x3d, 0x16, 0x3d, 0x16, 0x3d, 0x16, 0x3d,
    0x16, 0x3d, 0x16, 0x3d, 0x17, 0x45, 0x16, 0x3d, 0x16, 0x45, 0x16, 0x3d,
    0x92, 0x54, 0xe5, 0x9a, 0x04, 0xa3, 0xe4, 0xa2, 0xe5, 0xa2, 0xe4, 0xa2,
    0x04, 0xa3, 0xe4, 0xa2, 0x04, 0xa3, 0xe4, 0xa2, 0xe4, 0xaa, 0x04, 0xa3,
    0x04, 0x72, 0x04, 0x72, 0x04, 0x72, 0x04, 0x72, 0x04, 0x72, 0x24, 0x72,
    0x25, 0x72, 0x24, 0x72, 0x25, 0x72, 0x25, 0x72, 0x24, 0x72, 0x25, 0x72,
    0x72, 0x5c, 0x35, 0x5d, 0x56, 0x5d, 0x56, 0x5d, 0x56, 0x5d, 0x56, 0x5d,
    0x56, 0x5d, 0x76, 0x5d, 0x76, 0x5d, 0x56, 0x5d, 0x76, 0x5d, 0x76, 0x5d,
    0x76, 0x65, 0x76, 0x5d, 0x56, 0x5d, 0x56, 0x65, 0x76, 0x5d, 0x56, 0x5d,
    0x76, 0x5d, 0x56, 0x5d, 0x56, 0x5d, 0x76, 0x5d, 0xca, 0x4a, 0x00, 0x41,
    0x21, 0x7a, 0xa1, 0x9a, 0xc1, 0x9a, 0xa1, 0x92, 0xa0, 0x9a, 0xa1, 0x92,
    0xa1, 0x92, 0xa1, 0x9a, 0xa1, 0x9a, 0xa0, 0x92, 0x80, 0x92, 0xa0, 0x92,
    0x80, 0x92, 0xa0, 0x92, 0xa1, 0x92, 0x80, 0x92, 0x81, 0x92, 0xc0, 0x61,
    0x20, 0x39, 0x60, 0x7b, 0xe0, 0xac, 0x00, 0xad, 0xe0, 0xac, 0x40, 0x94,
    0x80, 0x49, 0x80, 0x51, 0x21, 0x72, 0x00, 0x39, 0x00, 0x73, 0xe0, 0xac,
    0xe0, 0xb4, 0xe0, 0xac, 0x40, 0x9c, 0xc0, 0x49, 0x20, 0x39, 0x20, 0x7b,
    0xa0, 0xa4, 0xa0, 0xa4, 0xa0, 0xa4, 0x60, 0x9c, 0xe0, 0x51, 0x40, 0x49,
    0x81, 0x8a, 0x61, 0x8a, 0x60, 0x49, 0x00, 0x31, 0x60, 0x41, 0xe0, 0x6a,
    0xc0, 0xac, 0x00, 0xd6, 0x60, 0xe6, 0x40, 0xe6, 0xa0, 0xc5, 0xe0, 0x8b,
    0xe0, 0x51, 0x00, 0x31, 0x00, 0x39, 0x00, 0x39, 0x20, 0x52, 0xe0, 0xac,
    0x00, 0xb5, 0x00, 0xb5, 0x00, 0xb5, 0xa0, 0x6a, 0x00, 0x39, 0xe1, 0x69,
    0x20, 0x41, 0x00, 0x52, 0x80, 0x9c, 0xa0, 0xac, 0xc0, 0xac, 0xa0, 0xac,
    0xc0, 0x6a, 0x00, 0x39, 0x00, 0x72, 0x81, 0x8a, 0x81, 0x92, 0x80, 0x8a,
    0x80, 0x8a, 0xa1, 0x92, 0xe0, 0x69, 0xe0, 0x30, 0x20, 0x39, 0xc0, 0x6a,
    0xc0, 0xac, 0x00, 0xde, 0x60, 0xe6, 0x20, 0xde, 0x20, 0xb5, 0x60, 0x7b,
    0xa0, 0x49, 0xe0, 0x30, 0x80, 0x51, 0x80, 0x8a, 0x40, 0x82, 0x60, 0x49,
    0xe0, 0x30, 0x80, 0x49, 0x80, 0x83, 0x80, 0xc5, 0x60, 0xe6, 0x60, 0xe6,
    0x00, 0xd6, 0xa0, 0xa4, 0xa0, 0x6a, 0x20, 0x39, 0xe0, 0x30, 0xc0, 0x59,
    0xc0, 0x61, 0x00, 0x39, 0x00, 0x39, 0x40, 0x5a, 0x80, 0xa4, 0x00, 0xde,
    0x80, 0xee, 0xa0, 0xee, 0x40, 0xe6, 0xe0, 0xb4, 0xc0, 0x6a, 0x20, 0x39,
    0xe0, 0x30, 0xa0, 0x59, 0x61, 0x82, 0x40, 0x41, 0x80, 0x41, 0x40, 0x9c,
    0x00, 0xb5, 0x20, 0xb5, 0x20, 0xbd, 0x20, 0xbd, 0x40, 0xbd, 0x40, 0xbd,
    0x00, 0xad, 0xe0, 0x8b, 0x20, 0x5a, 0x00, 0x39, 0xe0, 0x30, 0xc0, 0x61,
    0x80, 0x51, 0x40, 0x39, 0x00, 0x94, 0x00, 0xb5, 0x20, 0xb5, 0x00, 0xb5,
    0x20, 0xb5, 0x00, 0xb5, 0x20, 0xb5, 0x00, 0xb5, 0x20, 0xb5, 0x20, 0xb5,
    0x80, 0x83, 0x00, 0x39, 0xa0, 0x59, 0x81, 0x92, 0x80, 0x8a, 0x81, 0x92,
    0x81, 0x8a, 0x81, 0x92, 0x80, 0x92, 0x80, 0x92, 0x81, 0x92, 0x80, 0x8a,
    0x80, 0x8a, 0x80, 0x8a, 0x81, 0x8a, 0x81, 0x92, 0x20, 0x7a, 0x01, 0x41,
    0xeb, 0x42, 0x57, 0x3d, 0x16, 0x3d, 0x16, 0x3d, 0x16, 0x3d, 0x16, 0x3d,
    0x16, 0x3d, 0x16, 0x3d, 0x16, 0x3d, 0x17, 0x3d, 0x17, 0x3d, 0x16, 0x3d,
    0x16, 0x3d, 0x16, 0x3d, 0x17, 0x3d, 0x16, 0x3d, 0x16, 0x3d, 0x16, 0x3d,
    0x16, 0x45, 0x16, 0x3d, 0x36, 0x3d, 0x36, 0x45, 0x16, 0x45, 0x36, 0x3d,
    0x50, 0x5c, 0xe4, 0xa2, 0x05, 0xa3, 0x04, 0xa3, 0xe4, 0xa2, 0xe4, 0xa2,
    0x04, 0xa3, 0x04, 0xa3, 0xe4, 0xa2, 0xe5, 0xa2, 0x04, 0xa3, 0x04, 0xab,
    0x24, 0x72, 0x25, 0x72, 0x25, 0x72, 0x04, 0x72, 0x04, 0x72, 0x25, 0x72,
    0x25, 0x7a, 0x44, 0x7a, 0x45, 0x7a, 0x45, 0x7a, 0x44, 0x7a, 0x65, 0x7a,
    0x4f, 0x6c, 0x56, 0x5d, 0x55, 0x5d, 0x55, 0x5d, 0x55, 0x5d, 0x56, 0x5d,
    0x56, 0x5d, 0x55, 0x5d, 0x56, 0x5d, 0x56, 0x5d, 0x56, 0x5d, 0x56, 0x5d,
    0x56, 0x5d, 0x56, 0x5d, 0x76, 0x5d, 0x56, 0x5d, 0x56, 0x5d, 0x76, 0x5d,
    0x56, 0x65, 0x76, 0x5d, 0x56, 0x5d, 0x56, 0x5d, 0xca, 0x4a, 0x00, 0x41,
    0x21, 0x7a, 0xa1, 0x9a, 0xa0, 0x92, 0xa1, 0x92, 0xa1, 0x92, 0xa0, 0x92,
    0xa0, 0x92, 0xa1, 0x92, 0xa0, 0x92, 0xa1, 0x9a, 0xa1, 0x92, 0x81, 0x92,
    0xa1, 0x92, 0x80, 0x92, 0xa0, 0x92, 0x81, 0x92, 0xa0, 0x92, 0xa0, 0x61,
    0x40, 0x39, 0x20, 0xbd, 0xc0, 0xfe, 0xe0, 0xfe, 0xc0, 0xfe, 0x20, 0xe6,
    0x00, 0x52, 0x60, 0x49, 0x00, 0x6a, 0x20, 0x39, 0xc0, 0xb4, 0xe0, 0xfe,
    0xc0, 0xfe, 0xc0, 0xfe, 0x80, 0xee, 0x60, 0x62, 0x20, 0x39, 0xe0, 0xb4,
    0xc0, 0xfe, 0xc0, 0xfe, 0xc0, 0xfe, 0xc0, 0xfe, 0xe0, 0x72, 0x20, 0x41,
    0x41, 0x7a, 0x60, 0x49, 0xe0, 0x30, 0xc0, 0x6a, 0x40, 0xde, 0xe0, 0xfe,
    0xc0, 0xfe, 0xc0, 0xfe, 0xe0, 0xfe, 0xc0, 0xfe, 0xc0, 0xfe, 0xe0, 0xfe,
    0xa0, 0xf6, 0xe0, 0x8b, 0x00, 0x39, 0x00, 0x39, 0x00, 0x73, 0xc0, 0xfe,
    0xc0, 0xfe, 0xe0, 0xfe, 0xc0, 0xf6, 0x00, 0x94, 0xe0, 0x30, 0xc0, 0x61,
    0x20, 0x41, 0xe0, 0x72, 0xa0, 0xee, 0xc0, 0xfe, 0xc0, 0xfe, 0xe0, 0xfe,
    0x60, 0xa4, 0x00, 0x39, 0x00, 0x6a, 0x81, 0x92, 0x80, 0x8a, 0x80, 0x92,
    0xa0, 0x92, 0x01, 0x72, 0x00, 0x31, 0xa0, 0x49, 0xa0, 0xc5, 0xe0, 0xfe,
    0xc0, 0xfe, 0xe0, 0xfe, 0xc0, 0xfe, 0xc0, 0xfe, 0xc0, 0xfe, 0xc0, 0xfe,
    0x80, 0xe6, 0x80, 0x62, 0x00, 0x39, 0x01, 0x72, 0x40, 0x41, 0x00, 0x39,
    0x60, 0x7b, 0xa0, 0xe6, 0xe0, 0xfe, 0xc0, 0xfe, 0xe0, 0xfe, 0xc0, 0xfe,
    0xc0, 0xfe, 0xc0, 0xfe, 0xe0, 0xfe, 0xe0, 0xcd, 0x20, 0x52, 0x00, 0x39,
    0x00, 0x39, 0x20, 0x39, 0xa0, 0xa4, 0xe0, 0xf6, 0xc0, 0xfe, 0xc0, 0xfe,
    0xc0, 0xfe, 0xc0, 0xfe, 0xc0, 0xfe, 0xc0, 0xfe, 0xe0, 0xfe, 0xc0, 0xcd,
    0x00, 0x52, 0x00, 0x39, 0x80, 0x59, 0x20, 0x41, 0x00, 0x52, 0x60, 0xe6,
    0xc0, 0xfe, 0xc0, 0xfe, 0xc0, 0xfe, 0xc0, 0xfe, 0xc0, 0xfe, 0xe0, 0xfe,
    0xc0, 0xfe, 0xe0, 0xfe, 0xc0, 0xf6, 0x60, 0xbd, 0xa0, 0x41, 0x00, 0x39,
    0x00, 0x39, 0x60, 0x41, 0xc0, 0xcd, 0xc0, 0xfe, 0xc0, 0xfe, 0xc0, 0xfe,
    0xc0, 0xfe, 0xc0, 0xfe, 0xc0, 0xfe, 0xc0, 0xfe, 0xc0, 0xfe, 0xe0, 0xfe,
    0x20, 0xbd, 0x20, 0x39, 0xa0, 0x59, 0x81, 0x8a, 0x80, 0x8a, 0x80, 0x92,
    0x80, 0x8a, 0x80, 0x92, 0x81, 0x8a, 0x80, 0x8a, 0x80, 0x92, 0x81, 0x92,
    0x80, 0x92, 0x80, 0x92, 0x81, 0x8a, 0x80, 0x92, 0x20, 0x7a, 0x01, 0x41,
    0xec, 0x42, 0x57, 0x3d, 0x16, 0x45, 0x36, 0x45, 0x17, 0x45, 0x17, 0x3d,
    0x16, 0x3d, 0x16, 0x3d, 0x16, 0x3d, 0x16, 0x3d, 0x16, 0x3d, 0x17, 0x3d,
    0x16, 0x3d, 0x16, 0x3d, 0x16, 0x3d, 0x16, 0x45, 0x16, 0x3d, 0x17, 0x45,
    0x37, 0x3d, 0x16, 0x3d, 0x16, 0x45, 0x36, 0x3d, 0x36, 0x45, 0x36, 0x45,
    0x0e, 0x6c, 0xe4, 0xa2, 0x05, 0xa3, 0x04, 0xa3, 0x04, 0xa3, 0x04, 0xa3,
    0xe4, 0xa2, 0xe4, 0xa2, 0xe4, 0xa2, 0x04, 0xa3, 0xe4, 0xa2, 0x04, 0xa3,
    0x24, 0x72, 0x24, 0x7a, 0x45, 0x7a, 0x85, 0x82, 0xa5, 0x8a, 0xa5, 0x8a,
    0xc5, 0x92, 0xc5, 0x92, 0xe5, 0x92, 0xe5, 0x92, 0xc5, 0x92, 0xe5, 0x9a,
    0xe5, 0x9a, 0x68, 0x8b, 0x70, 0x74, 0x55, 0x5d, 0x56, 0x5d, 0x55, 0x5d,
    0x56, 0x5d, 0x56, 0x5d, 0x56, 0x5d, 0x56, 0x5d, 0x76, 0x5d, 0x76, 0x5d,
    0x56, 0x5d, 0x76, 0x5d, 0x76, 0x5d, 0x56, 0x5d, 0x76, 0x5d, 0x56, 0x5d,
    0x56, 0x5d, 0x56, 0x5d, 0x56, 0x5d, 0x56, 0x5d, 0xca, 0x4a, 0x00, 0x41,
    0x21, 0x7a, 0xa1, 0x92, 0xa1, 0x92, 0xa1, 0x92, 0xa1, 0x9a, 0xa1, 0x92,
    0xa1, 0x92, 0xa0, 0x9a, 0xa1, 0x92, 0xa1, 0x92, 0xa0, 0x92, 0xa0, 0x92,
    0x81, 0x9a, 0xa1, 0x92, 0x80, 0x92, 0x81, 0x92, 0x80, 0x92, 0xc0, 0x59,
    0x40, 0x39, 0x40, 0xbd, 0xc0, 0xfe, 0xe0, 0xfe, 0xe0, 0xfe, 0x40, 0xe6,
    0x00, 0x52, 0x60, 0x49, 0xe0, 0x69, 0x20, 0x39, 0xe0, 0xb4, 0xe0, 0xfe,
    0xc0, 0xfe, 0xc0, 0xfe, 0x80, 0xee, 0x40, 0x62, 0x00, 0x39, 0x00, 0xb5,
    0xe0, 0xfe, 0xe0, 0xfe, 0xc0, 0xfe, 0xc0, 0xfe, 0xe0, 0x72, 0x40, 0x41,
    0x60, 0x49, 0x00, 0x39, 0x40, 0x7b, 0xa0, 0xee, 0xc0, 0xfe, 0xc0, 0xfe,
    0xc0, 0xfe, 0xe0, 0xfe, 0xc0, 0xfe, 0xc0, 0xfe, 0xe0, 0xfe, 0xc0, 0xfe,
    0xe0, 0xfe, 0xa0, 0xa4, 0x20, 0x39, 0x00, 0x39, 0xe0, 0x72, 0xc0, 0xfe,
    0xe0, 0xfe, 0xc0, 0xfe, 0xe0, 0xfe, 0x00, 0x94, 0xe0, 0x30, 0xe1, 0x61,
    0x40, 0x41, 0xe0, 0x72, 0xa0, 0xf6, 0xc0, 0xfe, 0xc0, 0xfe, 0xe0, 0xfe,
    0x60, 0xa4, 0x00, 0x39, 0x00, 0x6a, 0x81, 0x8a, 0x80, 0x8a, 0x81, 0x8a,
    0x80, 0x8a, 0x60, 0x49, 0x80, 0x41, 0x60, 0xbd, 0xe0, 0xfe, 0xc0, 0xfe,
    0xc0, 0xfe, 0xc0, 0xfe, 0xc0, 0xfe, 0xc0, 0xfe, 0xc0, 0xfe, 0xc0, 0xfe,
    0x80, 0xee, 0x60, 0x62, 0xe0, 0x30, 0x20, 0x41, 0x00, 0x39, 0xa0, 0x83,
    0xc0, 0xfe, 0xc0, 0xfe, 0xc0, 0xfe, 0xc0, 0xfe, 0xe0, 0xfe, 0xc0, 0xfe,
    0xc0, 0xfe, 0xc0, 0xfe, 0xc0, 0xfe, 0xc0, 0xf6, 0x00, 0x73, 0xe0, 0x38,
    0x40, 0x39, 0xa0, 0xa4, 0xe0, 0xfe, 0xc0, 0xfe, 0xc0, 0xfe, 0xe0, 0xfe,
    0xc0, 0xfe, 0xc0, 0xfe, 0xc0, 0xfe, 0xe0, 0xfe, 0xc0, 0xfe, 0xe0, 0xfe,
    0x00, 0xde, 0x00, 0x52, 0x00, 0x39, 0x00, 0x39, 0x00, 0x52, 0x60, 0xe6,
    0xc0, 0xfe, 0xc0, 0xfe, 0xc0, 0xfe, 0xe0, 0xfe, 0xc0, 0xfe, 0xc0, 0xfe,
    0xc0, 0xfe, 0xc0, 0xfe, 0xc0, 0xfe, 0xe0, 0xfe, 0xa1, 0xc5, 0x81, 0x49,
    0x00, 0x39, 0x80, 0x41, 0xc0, 0xcd, 0xc0, 0xfe, 0xc0, 0xfe, 0xe0, 0xfe,
    0xe0, 0xfe, 0xc0, 0xfe, 0xc0, 0xfe, 0xc0, 0xfe, 0xc0, 0xfe, 0xc0, 0xfe,
    0x40, 0xbd, 0x40, 0x39, 0x80, 0x51, 0x61, 0x8a, 0x80, 0x8a, 0x80, 0x92,
    0x81, 0x92, 0x80, 0x8a, 0x80, 0x92, 0x81, 0x92, 0x81, 0x8a, 0x80, 0x8a,
    0x61, 0x8a, 0x80, 0x8a, 0x80, 0x8a, 0x80, 0x92, 0x21, 0x7a, 0x01, 0x41,
    0xec, 0x42, 0x37, 0x3d, 0x16, 0x3d, 0x16, 0x45, 0x16, 0x3d, 0x16, 0x45,
    0x17, 0x3d, 0x16, 0x45, 0x17, 0x3d, 0x16, 0x45, 0x16, 0x3d, 0x16, 0x3d,
    0x17, 0x45, 0x16, 0x45, 0x16, 0x3d, 0x16, 0x3d, 0x37, 0x45, 0x36, 0x45,
    0x16, 0x3d, 0x36, 0x45, 0x36, 0x45, 0x16, 0x3d, 0x16, 0x45, 0x35, 0x45,
    0xab, 0x7b, 0x04, 0xa3, 0x04, 0xa3, 0xe4, 0xa2, 0xe4, 0xa2, 0xe5, 0xa2,
    0x04, 0xa3, 0xe4, 0xa2, 0x04, 0xa3, 0xe4, 0xaa, 0xe4, 0xa2, 0xe4, 0xa2,
    0x65, 0x82, 0x85, 0x8a, 0xa5, 0x92, 0xc5, 0x92, 0xc5, 0x92, 0xc5, 0x92,
    0xc5, 0x92, 0xe5, 0x9a, 0xe5, 0x9a, 0xe5, 0x9a, 0xe5, 0x9a, 0xe6, 0x9a,
    0x05, 0x9b, 0x06, 0x93, 0xe5, 0x9a, 0x28, 0x8b, 0xd2, 0x6c, 0x56, 0x5d,
    0x55, 0x5d, 0x56, 0x5d, 0x55, 0x5d, 0x56, 0x5d, 0x56, 0x5d, 0x56, 0x5d,
    0x56, 0x5d, 0x56, 0x5d, 0x56, 0x5d, 0x56, 0x5d, 0x56, 0x5d, 0x56, 0x5d,
    0x56, 0x5d, 0x56, 0x5d, 0x56, 0x5d, 0x76, 0x5d, 0xea, 0x52, 0x00, 0x41,
    0xe0, 0x71, 0x80, 0x92, 0xa1, 0x92, 0xa0, 0x9a, 0xa1, 0x92, 0xa1, 0x92,
    0x80, 0x92, 0xa1, 0x9a, 0xa1, 0x9a, 0xa0, 0x9a, 0xa1, 0x9a, 0xa0, 0x92,
    0xa1, 0x92, 0x80, 0x92, 0xa1, 0x92, 0x81, 0x92, 0xa1, 0x92, 0xc0, 0x61,
    0x40, 0x39, 0x40, 0xbd, 0xc0, 0xfe, 0xe0, 0xfe, 0xe0, 0xfe, 0x40, 0xe6,
    0x00, 0x52, 0x60, 0x49, 0x00, 0x6a, 0x20, 0x39, 0xc0, 0xb4, 0xc0, 0xfe,
    0xe0, 0xfe, 0xc0, 0xfe, 0x80, 0xee, 0x40, 0x62, 0x20, 0x39, 0x00, 0xb5,
    0xe0, 0xfe, 0xe0, 0xfe, 0xc0, 0xfe, 0xc0, 0xfe, 0xe0, 0x72, 0x00, 0x39,
    0x00, 0x39, 0xc0, 0x6a, 0x80, 0xee, 0xc0, 0xfe, 0xe0, 0xfe, 0xe0, 0xfe,
    0xc0, 0xfe, 0xc0, 0xfe, 0xe0, 0xfe, 0xe0, 0xfe, 0xc0, 0xfe, 0xc0, 0xfe,
    0x80, 0xee, 0x61, 0x5a, 0x00, 0x39, 0x00, 0x39, 0x00, 0x73, 0xc0, 0xfe,
    0xc0, 0xfe, 0xc0, 0xfe, 0xe0, 0xfe, 0x00, 0x94, 0xe0, 0x30, 0xc0, 0x61,
    0x20, 0x41, 0xe0, 0x72, 0xa0, 0xf6, 0xc0, 0xfe, 0xc0, 0xfe, 0xe0, 0xfe,
    0x60, 0xa4, 0x00, 0x39, 0x01, 0x6a, 0x80, 0x8a, 0x80, 0x8a, 0x81, 0x8a,
    0x20, 0x7a, 0x00, 0x31, 0x60, 0x7b, 0xe0, 0xfe, 0xe0, 0xfe, 0xe0, 0xfe,
    0xe0, 0xfe, 0xe0, 0xfe, 0xe0, 0xfe, 0xe0, 0xfe, 0xc0, 0xfe, 0xe0, 0xfe,
    0x80, 0xc5, 0x21, 0x39, 0x20, 0x39, 0x00, 0x39, 0xa1, 0x62, 0xa0, 0xee,
    0xc0, 0xfe, 0xc0, 0xfe, 0xc0, 0xfe, 0xc0, 0xfe, 0xe0, 0xfe, 0xe0, 0xfe,
    0xe0, 0xfe, 0xc0, 0xfe, 0xe0, 0xfe, 0xc0, 0xcd, 0x80, 0x41, 0x00, 0x39,
    0x80, 0x83, 0x00, 0xff, 0xe0, 0xfe, 0xc0, 0xfe, 0xe0, 0xfe, 0xe0, 0xfe,
    0xe0, 0xfe, 0xe0, 0xfe, 0xe0, 0xfe, 0xc0, 0xfe, 0xe0, 0xfe, 0xc0, 0xfe,
    0xe0, 0xfe, 0x00, 0xb5, 0x20, 0x39, 0xe0, 0x38, 0x00, 0x52, 0x60, 0xe6,
    0xc0, 0xfe, 0xc0, 0xfe, 0xe0, 0xfe, 0xe0, 0xfe, 0xe0, 0xfe, 0xc0, 0xfe,
    0xc0, 0xfe, 0xe0, 0xfe, 0xe0, 0xfe, 0xc0, 0xfe, 0xe0, 0xfe, 0xe0, 0x8b,
    0xe0, 0x30, 0x80, 0x49, 0xe0, 0xcd, 0xc0, 0xfe, 0xe0, 0xfe, 0xc0, 0xfe,
    0xe0, 0xfe, 0xe0, 0xfe, 0xe0, 0xfe, 0xe0, 0xfe, 0xc0, 0xfe, 0xe0, 0xfe,
    0x40, 0xbd, 0x20, 0x39, 0x80, 0x51, 0x81, 0x8a, 0x81, 0x8a, 0x80, 0x92,
    0x81, 0x8a, 0x81, 0x92, 0x80, 0x92, 0x81, 0x8a, 0x80, 0x92, 0x80, 0x92,
    0x81, 0x92, 0x60, 0x8a, 0x40, 0x82, 0x20, 0x7a, 0x80, 0x59, 0x21, 0x41,
    0xaf, 0x43, 0x37, 0x3d, 0x16, 0x3d, 0x16, 0x3d, 0x36, 0x45, 0x36, 0x3d,
    0x36, 0x45, 0x36, 0x3d, 0x36, 0x3d, 0x37, 0x45, 0x36, 0x3d, 0x17, 0x3d,
    0x16, 0x3d, 0x16, 0x3d, 0x36, 0x45, 0x37, 0x3d, 0x16, 0x3d, 0x16, 0x45,
    0x36, 0x3d, 0x16, 0x45, 0x15, 0x45, 0xf3, 0x3c, 0x14, 0x3d, 0xf3, 0x44,
    0x68, 0x8b, 0x04, 0xa3, 0x04, 0xa3, 0x04, 0xa3, 0xe4, 0xa2, 0xe4, 0xa2,
    0xe4, 0xa2, 0xe4, 0xa2, 0x04, 0xa3, 0x05, 0xa3, 0x04, 0xab, 0x04, 0xa3,
    0xc5, 0x92, 0xc5, 0x92, 0xc5, 0x92, 0xc5, 0x92, 0xc5, 0x92, 0xe5, 0x9a,
    0xe5, 0x9a, 0xe5, 0x9a, 0xe5, 0x9a, 0xe5, 0x9a, 0x05, 0x9b, 0x05, 0x9b,
    0x05, 0x9b, 0x06, 0x9b, 0x06, 0x9b, 0xe5, 0x9a, 0x06, 0x93, 0x2e, 0x74,
    0x56, 0x5d, 0x55, 0x5d, 0x56, 0x5d, 0x56, 0x5d, 0x56, 0x5d, 0x56, 0x5d,
    0x56, 0x5d, 0x56, 0x5d, 0x56, 0x5d, 0x56, 0x5d, 0x56, 0x5d, 0x76, 0x5d,
    0x76, 0x5d, 0x56, 0x5d, 0x56, 0x5d, 0x76, 0x55, 0xaf, 0x4b, 0x22, 0x41,
    0x00, 0x39, 0xe0, 0x38, 0x20, 0x41, 0x60, 0x51, 0xa0, 0x61, 0xe0, 0x69,
    0x20, 0x72, 0x40, 0x82, 0x41, 0x82, 0x61, 0x8a, 0x61, 0x8a, 0x81, 0x8a,
    0x60, 0x8a, 0x81, 0x92, 0x80, 0x92, 0x80, 0x92, 0xa1, 0x92, 0xc1, 0x61,
    0x40, 0x39, 0x20, 0xbd, 0xe0, 0xfe, 0xe0, 0xfe, 0xc0, 0xfe, 0x40, 0xe6,
    0x00, 0x52, 0x60, 0x49, 0xe1, 0x69, 0x00, 0x31, 0xe0, 0xb4, 0xe0, 0xfe,
    0xe0, 0xfe, 0xe0, 0xfe, 0x80, 0xee, 0x40, 0x5a, 0x00, 0x39, 0x00, 0xb5,
    0xe0, 0xfe, 0xc0, 0xfe, 0xe0, 0xfe, 0xc0, 0xfe, 0x00, 0x73, 0x20, 0x39,
    0x80, 0x41, 0x80, 0xc5, 0xe0, 0xfe, 0xe0, 0xfe, 0xc0, 0xfe, 0xe0, 0xfe,
    0x80, 0xee, 0x00, 0x94, 0x60, 0x5a, 0xa0, 0x62, 0x40, 0x9c, 0x80, 0xe6,
    0x80, 0xc5, 0x20, 0x39, 0x00, 0x31, 0x00, 0x31, 0xe0, 0x72, 0xc0, 0xfe,
    0xc0, 0xfe, 0xc0, 0xfe, 0xc0, 0xfe, 0x00, 0x94, 0xe0, 0x30, 0xe1, 0x69,
    0x20, 0x41, 0xe0, 0x6a, 0xa0, 0xee, 0xc0, 0xfe, 0xe0, 0xfe, 0xe0, 0xfe,
    0x60, 0xa4, 0x00, 0x39, 0xe0, 0x69, 0x81, 0x92, 0x80, 0x8a, 0x80, 0x92,
    0xe0, 0x69, 0x00, 0x39, 0xe0, 0xb4, 0xe0, 0xfe, 0xc0, 0xfe, 0xe0, 0xfe,
    0xc0, 0xf6, 0x21, 0x9c, 0x20, 0x5a, 0xa0, 0x62, 0x61, 0x9c, 0xa0, 0xe6,
    0x20, 0x9c, 0x00, 0x39, 0x00, 0x39, 0x40, 0x39, 0x40, 0xc5, 0xe0, 0xfe,
    0xc0, 0xfe, 0xc0, 0xfe, 0xe0, 0xfe, 0xe0, 0xd5, 0x81, 0x83, 0xa0, 0x6a,
    0x20, 0x7b, 0xc0, 0xac, 0xc0, 0xee, 0xe1, 0x8b, 0x00, 0x39, 0xa0, 0x49,
    0xe0, 0xd5, 0xe0, 0xfe, 0xc0, 0xfe, 0xe0, 0xfe, 0xc0, 0xfe, 0x20, 0xb5,
    0x80, 0x62, 0x60, 0x5a, 0xa1, 0xa4, 0xe0, 0xfe, 0xe0, 0xfe, 0xe0, 0xfe,
    0xc0, 0xfe, 0xa0, 0xee, 0xa0, 0x62, 0xc0, 0x30, 0x00, 0x52, 0x60, 0xe6,
    0xc0, 0xfe, 0xe0, 0xfe, 0xc0, 0xfe, 0xc0, 0xcd, 0xc0, 0x6a, 0xe0, 0x72,
    0xe0, 0xac, 0xe0, 0xfe, 0xc0, 0xfe, 0xc0, 0xfe, 0xe0, 0xfe, 0x40, 0xc5,
    0x20, 0x39, 0x80, 0x41, 0xc0, 0xcd, 0xc0, 0xfe, 0xe0, 0xfe, 0xc0, 0xfe,
    0x40, 0xee, 0x00, 0x9c, 0xa0, 0x8b, 0xa0, 0x8b, 0xa0, 0x8b, 0xa0, 0x8b,
    0x81, 0x62, 0x00, 0x31, 0xa0, 0x61, 0x61, 0x8a, 0x60, 0x8a, 0x60, 0x8a,
    0x80, 0x8a, 0x80, 0x8a, 0x80, 0x8a, 0x61, 0x8a, 0x40, 0x82, 0x20, 0x7a,
    0xe0, 0x69, 0xa0, 0x61, 0x61, 0x51, 0x00, 0x39, 0x00, 0x39, 0x84, 0x41,
    0x93, 0x3c, 0x16, 0x3d, 0x16, 0x3d, 0x16, 0x45, 0x36, 0x3d, 0x17, 0x45,
    0x36, 0x3d, 0x16, 0x3d, 0x16, 0x45, 0x36, 0x3d, 0x36, 0x45, 0x36, 0x3d,
    0x16, 0x3d, 0x16, 0x45, 0x36, 0x3d, 0x36, 0x45, 0x17, 0x45, 0x36, 0x3d,
    0x35, 0x45, 0xd1, 0x3c, 0x8e, 0x3c, 0x8d, 0x3c, 0x8e, 0x3c, 0x6d, 0x4c,
    0x05, 0x93, 0xe5, 0xa2, 0xe5, 0xa2, 0xe4, 0xa2, 0x04, 0xa3, 0x04, 0xa3,
    0xe5, 0xa2, 0x04, 0xab, 0xe4, 0xa2, 0xe4, 0xa2, 0x04, 0xa3, 0x04, 0xa3,
    0xc5, 0x92, 0xc5, 0x92, 0xc5, 0x92, 0xe5, 0x9a, 0xc5, 0x9a, 0xe5, 0x9a,
    0xe5, 0x9a, 0xe5, 0x9a, 0xe5, 0x9a, 0xe5, 0x9a, 0xe5, 0x9a, 0xe5, 0x9a,
    0x05, 0x9b, 0x05, 0x9b, 0x05, 0x9b, 0x05, 0x9b, 0x06, 0x9b, 0x05, 0x9b,
    0xcc, 0x83, 0x35, 0x5d, 0x56, 0x55, 0x35, 0x55, 0x55, 0x55, 0x56, 0x5d,
    0x56, 0x5d, 0x56, 0x5d, 0x56, 0x5d, 0x56, 0x5d, 0x56, 0x5d, 0x56, 0x5d,
    0x56, 0x55, 0x56, 0x55, 0x56, 0x55, 0x56, 0x55, 0x31, 0x4c, 0x43, 0x41,
    0xa1, 0x61, 0x61, 0x82, 0xe1, 0x9a, 0x21, 0xab, 0x21, 0xb3, 0x01, 0xab,
    0x01, 0xab, 0xe1, 0xa2, 0xe1, 0xa2, 0xc0, 0xa2, 0xc0, 0x9a, 0xa0, 0x9a,
    0xa1, 0x9a, 0xa1, 0x9a, 0xa0, 0x92, 0x80, 0x92, 0x81, 0x92, 0xa0, 0x59,
    0x20, 0x39, 0x40, 0xbd, 0xe0, 0xfe, 0xe0, 0xfe, 0xc0, 0xfe, 0x40, 0xe6,
    0x20, 0x5a, 0x20, 0x41, 0xa0, 0x59, 0x20, 0x39, 0xe1, 0xb4, 0xe0, 0xfe,
    0xc0, 0xfe, 0xc0, 0xfe, 0x80, 0xee, 0x40, 0x62, 0x20, 0x39, 0x01, 0xb5,
    0xe0, 0xfe, 0xc0, 0xfe, 0xe0, 0xfe, 0xc0, 0xfe, 0x00, 0x73, 0x00, 0x31,
    0x00, 0x73, 0xe0, 0xfe, 0xc0, 0xfe, 0xc0, 0xfe, 0xc0, 0xfe, 0x60, 0xe6,
    0x41, 0x5a, 0xe0, 0x30, 0x20, 0x39, 0x20, 0x39, 0xe0, 0x30, 0x60, 0x41,
    0xe1, 0x51, 0x00, 0x31, 0x60, 0x49, 0x00, 0x39, 0x00, 0x73, 0xc0, 0xfe,
    0xe0, 0xfe, 0xc0, 0xfe, 0xc0, 0xfe, 0x00, 0x94, 0xe0, 0x30, 0x81, 0x51,
    0x20, 0x39, 0xe0, 0x72, 0xa0, 0xf6, 0xc0, 0xfe, 0xc0, 0xfe, 0xe0, 0xfe,
    0x60, 0xa4, 0x00, 0x39, 0x00, 0x6a, 0x81, 0x92, 0x81, 0x92, 0x80, 0x92,
    0xa0, 0x61, 0x40, 0x41, 0x60, 0xcd, 0xc0, 0xfe, 0xc0, 0xfe, 0xc0, 0xfe,
    0x40, 0xde, 0xe0, 0x51, 0x20, 0x39, 0x20, 0x39, 0xe0, 0x30, 0x40, 0x39,
    0x60, 0x41, 0x00, 0x39, 0x00, 0x31, 0x80, 0x62, 0x80, 0xee, 0xc0, 0xfe,
    0xe0, 0xfe, 0xe0, 0xfe, 0xa0, 0xcd, 0xa0, 0x41, 0xe0, 0x38, 0x20, 0x39,
    0x00, 0x39, 0xc0, 0x28, 0xc1, 0x49, 0x80, 0x41, 0xe0, 0x30, 0x00, 0x73,
    0xc0, 0xf6, 0xc0, 0xfe, 0xc0, 0xfe, 0xe0, 0xfe, 0x61, 0xc5, 0x40, 0x39,
    0x20, 0x39, 0x20, 0x41, 0x20, 0x39, 0xe0, 0xb4, 0xe0, 0xfe, 0xc0, 0xfe,
    0xc0, 0xfe, 0xe1, 0xfe, 0x60, 0xa4, 0xe0, 0x30, 0xe0, 0x49, 0x60, 0xe6,
    0xc0, 0xfe, 0xc0, 0xfe, 0xe0, 0xfe, 0x40, 0xbd, 0x60, 0x41, 0x20, 0x39,
    0x60, 0x41, 0xa0, 0xcd, 0xc0, 0xfe, 0xc0, 0xfe, 0xc0, 0xfe, 0xe0, 0xd5,
    0x60, 0x41, 0x80, 0x41, 0xc0, 0xcd, 0xc0, 0xfe, 0xe0, 0xfe, 0xc0, 0xfe,
    0xc0, 0xd5, 0x60, 0x41, 0xe0, 0x30, 0x00, 0x31, 0x00, 0x31, 0x00, 0x31,
    0x00, 0x39, 0x60, 0x51, 0x61, 0x8a, 0xa1, 0x92, 0xa0, 0x92, 0xa0, 0x92,
    0xa1, 0x92, 0xa0, 0x92, 0xa1, 0x9a, 0xa1, 0x9a, 0xc1, 0x9a, 0xc0, 0x9a,
    0xc1, 0x9a, 0xc1, 0xa2, 0xe1, 0xa2, 0xc1, 0x9a, 0xa0, 0x61, 0x01, 0x41,
    0x8f, 0x43, 0x37, 0x3d, 0x16, 0x3d, 0x17, 0x45, 0x37, 0x45, 0x16, 0x3d,
    0x16, 0x45, 0x37, 0x45, 0x16, 0x3d, 0x16, 0x3d, 0x17, 0x45, 0x37, 0x45,
    0x36, 0x3d, 0x16, 0x45, 0x37, 0x3d, 0x16, 0x3d, 0x36, 0x45, 0x36, 0x45,
    0xf2, 0x44, 0x8d, 0x3c, 0x6c, 0x3c, 0x6c, 0x3c, 0x6c, 0x44, 0x0a, 0x54,
    0xc4, 0x9a, 0xe4, 0x9a, 0xe4, 0xa2, 0xe4, 0xa2, 0xe4, 0xa2, 0xe4, 0xa2,
    0xe4, 0xa2, 0x04, 0xa3, 0x04, 0xa3, 0xe4, 0xa2, 0xe4, 0xa2, 0xe4, 0xa2,
    0xc5, 0x9a, 0xc5, 0x92, 0xe5, 0x9a, 0xe5, 0x9a, 0xe5, 0x9a, 0xe5, 0x9a,
    0xe5, 0x9a, 0xe5, 0x9a, 0xe5, 0x9a, 0x05, 0x9b, 0x05, 0x9b, 0x05, 0xa3,
    0x05, 0xa3, 0x05, 0x9b, 0xe5, 0x9a, 0x05, 0x9b, 0x05, 0xa3, 0x06, 0x9b,
    0x05, 0x9b, 0x69, 0x8b, 0x15, 0x55, 0x36, 0x55, 0x56, 0x55, 0x56, 0x55,
    0x55, 0x55, 0x56, 0x55, 0x56, 0x5d, 0x56, 0x55, 0x56, 0x55, 0x56, 0x55,
    0x56, 0x5d, 0x56, 0x5d, 0x56, 0x5d, 0x56, 0x55, 0x0c, 0x4b, 0x00, 0x49,
    0x81, 0x8a, 0xe1, 0xa2, 0xa1, 0x9a, 0xa1, 0x9a, 0xa1, 0x92, 0xa1, 0x92,
    0xa1, 0x92, 0xa1, 0x92, 0xa0, 0x92, 0x80, 0x92, 0xa1, 0x92, 0xa0, 0x92,
    0xa1, 0x92, 0x80, 0x92, 0xa0, 0x92, 0x81, 0x92, 0x80, 0x92, 0xc0, 0x61,
    0x20, 0x39, 0x20, 0xbd, 0xe0, 0xfe, 0xe0, 0xfe, 0xc0, 0xfe, 0x40, 0xe6,
    0xe0, 0x49, 0x80, 0x20, 0x80, 0x20, 0x80, 0x20, 0xc0, 0xac, 0xe0, 0xfe,
    0xc0, 0xfe, 0xc0, 0xfe, 0x80, 0xee, 0x40, 0x62, 0x20, 0x39, 0x00, 0xb5,
    0xe0, 0xfe, 0xc0, 0xfe, 0xc0, 0xfe, 0xc0, 0xfe, 0x00, 0x73, 0xe0, 0x38,
    0x61, 0xa4, 0x00, 0xff, 0xc0, 0xfe, 0xc0, 0xfe, 0xe0, 0xfe, 0x60, 0x9c,
    0xe0, 0x30, 0x00, 0x39, 0x20, 0x39, 0x20, 0x39, 0x20, 0x39, 0x20, 0x39,
    0x00, 0x39, 0x00, 0x39, 0x20, 0x41, 0x00, 0x39, 0x20, 0x73, 0xe0, 0xfe,
    0xc0, 0xfe, 0xe0, 0xfe, 0xe0, 0xf6, 0xc0, 0x8b, 0x60, 0x18, 0x80, 0x20,
    0x80, 0x20, 0x80, 0x62, 0xa0, 0xee, 0xc0, 0xfe, 0xc0, 0xfe, 0xe0, 0xfe,
    0x60, 0xa4, 0x00, 0x31, 0x00, 0x6a, 0x80, 0x92, 0x81, 0x8a, 0x81, 0x8a,
    0xc0, 0x61, 0x40, 0x39, 0x60, 0xc5, 0xe0, 0xfe, 0xe0, 0xfe, 0xc0, 0xfe,
    0xc0, 0xfe, 0xe0, 0xb4, 0xa0, 0x41, 0xc0, 0x30, 0x00, 0x39, 0x00, 0x39,
    0x00, 0x39, 0x00, 0x39, 0x00, 0x31, 0xe1, 0x93, 0xe0, 0xfe, 0xc0, 0xfe,
    0xc0, 0xfe, 0xc0, 0xf6, 0x01, 0x73, 0xe0, 0x30, 0x80, 0x51, 0x41, 0x82,
    0x21, 0x7a, 0x80, 0x51, 0x00, 0x39, 0x00, 0x39, 0x00, 0x31, 0x40, 0xa4,
    0xc0, 0xfe, 0xc0, 0xfe, 0xc0, 0xfe, 0xe0, 0xfe, 0xa0, 0x8b, 0x00, 0x39,
    0x60, 0x51, 0xa0, 0x59, 0x00, 0x31, 0xe0, 0x6a, 0xa0, 0xf6, 0xc0, 0xfe,
    0xe0, 0xfe, 0xe0, 0xfe, 0x80, 0xc5, 0x20, 0x39, 0x00, 0x52, 0x40, 0xe6,
    0xc0, 0xfe, 0xe0, 0xfe, 0xe0, 0xfe, 0x40, 0xbd, 0x40, 0x41, 0x20, 0x39,
    0x21, 0x39, 0x20, 0xbd, 0xc0, 0xfe, 0xe0, 0xfe, 0xe0, 0xfe, 0x00, 0xd6,
    0x80, 0x41, 0x80, 0x41, 0xc0, 0xcd, 0xc0, 0xfe, 0xe0, 0xfe, 0xc0, 0xfe,
    0xc0, 0xd5, 0x40, 0x39, 0xc0, 0x28, 0xa0, 0x28, 0xa0, 0x28, 0xc0, 0x30,
    0x00, 0x39, 0x20, 0x72, 0xa1, 0x92, 0x80, 0x92, 0x81, 0x92, 0xa1, 0x92,
    0x80, 0x92, 0x80, 0x92, 0x80, 0x92, 0x80, 0x8a, 0x80, 0x8a, 0xa0, 0x8a,
    0x81, 0x92, 0x80, 0x8a, 0x80, 0x8a, 0x81, 0x92, 0x41, 0x82, 0x01, 0x41,
    0x0c, 0x43, 0x37, 0x3d, 0x16, 0x45, 0x36, 0x3d, 0x37, 0x3d, 0x16, 0x45,
    0x36, 0x3d, 0x36, 0x45, 0x37, 0x3d, 0x37, 0x45, 0x36, 0x3d, 0x36, 0x3d,
    0x16, 0x45, 0x36, 0x45, 0x36, 0x45, 0x36, 0x3d, 0x35, 0x45, 0x14, 0x3d,
    0xaf, 0x3c, 0x6c, 0x3c, 0x8b, 0x3c, 0x6b, 0x44, 0x8c, 0x3c, 0xc8, 0x63,
    0xc4, 0x9a, 0xe4, 0xa2, 0xe4, 0xa2, 0xe5, 0xa2, 0xe4, 0xa2, 0x05, 0xa3,
    0xe4, 0xa2, 0xe4, 0xa2, 0x04, 0xa3, 0xe5, 0xaa, 0x05, 0xa3, 0xe4, 0xa2,
    0xc5, 0x92, 0xe5, 0x9a, 0xe5, 0x9a, 0xe5, 0x9a, 0xe5, 0x9a, 0xe5, 0x9a,
    0xe5, 0x9a, 0x05, 0x9b, 0x05, 0x9b, 0x05, 0x9b, 0x05, 0x9b, 0x05, 0x9b,
    0x05, 0x9b, 0x05, 0xa3, 0x05, 0xa3, 0x05, 0xa3, 0x05, 0xa3, 0x05, 0xa3,
    0x05, 0x9b, 0x05, 0x9b, 0x48, 0x8b, 0xd3, 0x5c, 0x36, 0x55, 0x56, 0x55,
    0x56, 0x5d, 0x56, 0x55, 0x56, 0x55, 0x56, 0x55, 0x56, 0x55, 0x56, 0x5d,
    0x56, 0x55, 0x56, 0x55, 0x36, 0x55, 0x36, 0x55, 0xa9, 0x4a, 0x00, 0x41,
    0x41, 0x82, 0xa1, 0x9a, 0xa1, 0x92, 0xa1, 0x9a, 0xa0, 0x92, 0xa1, 0x92,
    0xa1, 0x9a, 0x80, 0x92, 0xa1, 0x92, 0x81, 0x92, 0xa1, 0x92, 0x81, 0x92,
    0xa1, 0x92, 0xa1, 0x92, 0x80, 0x92, 0x81, 0x92, 0xa1, 0x92, 0xc0, 0x61,
    0x40, 0x39, 0x20, 0xbd, 0xe0, 0xfe, 0xe0, 0xfe, 0xe0, 0xfe, 0xc0, 0xfe,
    0xe0, 0xcd, 0x80, 0xbd, 0xa0, 0xc5, 0xc0, 0xc5, 0x80, 0xee, 0xc0, 0xfe,
    0xe0, 0xfe, 0xe0, 0xfe, 0x80, 0xee, 0x40, 0x5a, 0x00, 0x39, 0x00, 0xb5,
    0xe0, 0xfe, 0xe0, 0xfe, 0xc0, 0xfe, 0xa0, 0xfe, 0x00, 0x73, 0x40, 0x39,
    0x40, 0xc5, 0xe0, 0xfe, 0xc0, 0xfe, 0xe0, 0xfe, 0xc0, 0xfe, 0x00, 0x73,
    0x00, 0x39, 0x00, 0x39, 0x40, 0x39, 0x40, 0x39, 0x20, 0x39, 0x20, 0x39,
    0x00, 0x39, 0x00, 0x39, 0x00, 0x39, 0x00, 0x39, 0x20, 0x73, 0xc0, 0xfe,
    0xc0, 0xfe, 0xc0, 0xfe, 0xc0, 0xfe, 0x40, 0xe6, 0x80, 0xbd, 0x80, 0xbd,
    0x80, 0xbd, 0x00, 0xd6, 0xc0, 0xfe, 0xc0, 0xfe, 0xe0, 0xfe, 0xc0, 0xfe,
    0x60, 0xa4, 0x00, 0x39, 0xe0, 0x69, 0x80, 0x92, 0x80, 0x8a, 0x80, 0x92,
    0x01, 0x72, 0x00, 0x31, 0x60, 0xa4, 0x00, 0xff, 0xe0, 0xfe, 0xe0, 0xfe,
    0xc0, 0xfe, 0xe0, 0xfe, 0xc0, 0xf6, 0x01, 0xb5, 0xa0, 0x62, 0x20, 0x39,
    0x00, 0x39, 0x20, 0x39, 0x20, 0x39, 0xc0, 0xac, 0xe0, 0xfe, 0xc0, 0xfe,
    0xc0, 0xfe, 0x20, 0xde, 0xc0, 0x49, 0x20, 0x41, 0x60, 0x82, 0x61, 0x8a,
    0x60, 0x8a, 0x80, 0x8a, 0x21, 0x7a, 0x20, 0x39, 0x60, 0x41, 0x60, 0xbd,
    0xc0, 0xfe, 0xc0, 0xfe, 0xc0, 0xfe, 0x80, 0xee, 0x60, 0x5a, 0x20, 0x39,
    0x41, 0x7a, 0x61, 0x82, 0x40, 0x41, 0x00, 0x5a, 0x40, 0xe6, 0xc0, 0xfe,
    0xc0, 0xfe, 0xc0, 0xfe, 0x00, 0xd6, 0xa0, 0x49, 0x00, 0x52, 0x60, 0xe6,
    0xc0, 0xfe, 0xc0, 0xfe, 0xe0, 0xfe, 0x40, 0xbd, 0x40, 0x39, 0x00, 0x39,
    0x80, 0x41, 0xe0, 0xd5, 0xc0, 0xfe, 0xc0, 0xfe, 0xe0, 0xfe, 0xe0, 0xd5,
    0x60, 0x41, 0x80, 0x41, 0xc0, 0xd5, 0xc0, 0xfe, 0xe0, 0xfe, 0xc0, 0xfe,
    0x80, 0xf6, 0x60, 0xbd, 0x20, 0xb5, 0x20, 0xb5, 0x20, 0xbd, 0xc0, 0x8b,
    0x00, 0x31, 0xc1, 0x61, 0x80, 0x92, 0x80, 0x92, 0x81, 0x92, 0x81, 0x92,
    0x80, 0x8a, 0x81, 0x92, 0x80, 0x92, 0x81, 0x8a, 0x81, 0x92, 0x80, 0x92,
    0x80, 0x92, 0x81, 0x8a, 0x80, 0x8a, 0x80, 0x92, 0x40, 0x82, 0x01, 0x41,
    0xeb, 0x3a, 0x37, 0x3d, 0x16, 0x45, 0x36, 0x45, 0x16, 0x45, 0x37, 0x45,
    0x36, 0x3d, 0x36, 0x3d, 0x36, 0x45, 0x36, 0x45, 0x37, 0x45, 0x36, 0x3d,
    0x37, 0x45, 0x36, 0x45, 0x15, 0x3d, 0xf4, 0x3c, 0xf2, 0x3c, 0xd0, 0x3c,
    0x8c, 0x3c, 0x6b, 0x3c, 0x6b, 0x3c, 0x6b, 0x3c, 0x6b, 0x44, 0x67, 0x73,
    0xc4, 0x9a, 0xe5, 0x9a, 0xe4, 0xa2, 0xe4, 0xa2, 0x04, 0xa3, 0xe4, 0xa2,
    0xe4, 0xa2, 0xe4, 0xa2, 0x04, 0xa3, 0xe4, 0xa2, 0xe4, 0xa2, 0x04, 0xa3,
    0xc5, 0x9a, 0xe5, 0x9a, 0xe5, 0x9a, 0xe5, 0x9a, 0x05, 0x9b, 0xe5, 0x9a,
    0x05, 0x9b, 0x05, 0x9b, 0x05, 0x9b, 0x05, 0xa3, 0x05, 0xa3, 0x05, 0x9b,
    0xe5, 0xa2, 0x05, 0x9b, 0x05, 0x9b, 0x06, 0xa3, 0x05, 0x9b, 0x25, 0xa3,
    0x05, 0xa3, 0x06, 0xa3, 0x05, 0x9b, 0x48, 0x93, 0xf4, 0x5c, 0x56, 0x55,
    0x35, 0x55, 0x36, 0x55, 0x36, 0x55, 0x35, 0x55, 0x36, 0x55, 0x36, 0x55,
    0x35, 0x55, 0x36, 0x55, 0x35, 0x55, 0x35, 0x55, 0x89, 0x4a, 0x00, 0x41,
    0x20, 0x7a, 0x81, 0x92, 0xa1, 0x92, 0xa0, 0x92, 0xa1, 0x92, 0xa1, 0x92,
    0x80, 0x92, 0xa1, 0x92, 0x80, 0x92, 0xa1, 0x92, 0x80, 0x92, 0x80, 0x92,
    0x81, 0x92, 0x80, 0x92, 0x80, 0x92, 0x81, 0x92, 0x81, 0x92, 0xc0, 0x61,
    0x40, 0x39, 0x20, 0xbd, 0xc0, 0xfe, 0xe0, 0xfe, 0xe0, 0xfe, 0xe0, 0xfe,
    0xc0, 0xfe, 0xc0, 0xfe, 0xc0, 0xfe, 0xe0, 0xfe, 0xe0, 0xfe, 0xc0, 0xfe,
    0xc0, 0xfe, 0xe0, 0xfe, 0x80, 0xee, 0x40, 0x5a, 0x20, 0x39, 0xe0, 0xbc,
    0xe0, 0xfe, 0xe0, 0xfe, 0xc0, 0xfe, 0xc0, 0xfe, 0x00, 0x73, 0x60, 0x41,
    0xc0, 0xd5, 0xc0, 0xfe, 0xc0, 0xfe, 0xe0, 0xfe, 0x80, 0xee, 0x60, 0x5a,
    0x00, 0x39, 0x40, 0x5a, 0x80, 0xe6, 0xa0, 0xee, 0xa0, 0xee, 0xa0, 0xee,
    0xa0, 0xe6, 0x80, 0xde, 0x40, 0x7b, 0xe0, 0x30, 0x20, 0x7b, 0xc0, 0xfe,
    0xe0, 0xfe, 0xc0, 0xfe, 0xe0, 0xfe, 0xc0, 0xfe, 0xc0, 0xfe, 0xc0, 0xfe,
    0xc0, 0xfe, 0xc0, 0xfe, 0xc0, 0xfe, 0xc0, 0xfe, 0xe0, 0xfe, 0xc0, 0xfe,
    0x60, 0xa4, 0x00, 0x39, 0xe0, 0x69, 0x81, 0x8a, 0x80, 0x8a, 0x81, 0x8a,
    0x40, 0x82, 0x20, 0x39, 0x80, 0x62, 0xa0, 0xf6, 0xc0, 0xfe, 0xc0, 0xfe,
    0xe0, 0xfe, 0xc0, 0xfe, 0xe0, 0xfe, 0xc0, 0xfe, 0xe0, 0xfe, 0xe0, 0xcd,
    0x01, 0x52, 0x00, 0x39, 0x40, 0x39, 0x80, 0xc5, 0xe0, 0xfe, 0xe0, 0xfe,
    0xe0, 0xfe, 0xc0, 0xd5, 0x20, 0x39, 0x80, 0x51, 0x81, 0x8a, 0x60, 0x8a,
    0x60, 0x8a, 0x41, 0x82, 0x40, 0x82, 0x40, 0x41, 0x60, 0x41, 0xc0, 0xcd,
    0xe0, 0xfe, 0xe0, 0xfe, 0xc0, 0xfe, 0x40, 0xe6, 0x01, 0x52, 0x40, 0x49,
    0x60, 0x8a, 0x61, 0x8a, 0x60, 0x49, 0xc0, 0x49, 0x00, 0xde, 0xc0, 0xfe,
    0xc0, 0xfe, 0xc0, 0xfe, 0x40, 0xe6, 0x00, 0x52, 0x00, 0x52, 0x61, 0xe6,
    0xc0, 0xfe, 0xc0, 0xfe, 0xc0, 0xfe, 0x80, 0xcd, 0x60, 0x5a, 0x00, 0x73,
    0x80, 0xc5, 0xe0, 0xfe, 0xe0, 0xfe, 0xc0, 0xfe, 0xe0, 0xfe, 0x20, 0xbd,
    0x00, 0x31, 0x80, 0x41, 0xc0, 0xcd, 0xc0, 0xfe, 0xe0, 0xfe, 0xe0, 0xfe,
    0xe0, 0xfe, 0xc0, 0xfe, 0xc0, 0xfe, 0xc0, 0xfe, 0xc0, 0xfe, 0x40, 0xc5,
    0x00, 0x39, 0xa0, 0x59, 0x81, 0x92, 0x80, 0x92, 0xa0, 0x8a, 0x80, 0x92,
    0x80, 0x92, 0x81, 0x8a, 0x81, 0x8a, 0x80, 0x92, 0x80, 0x92, 0x81, 0x8a,
    0x80, 0x8a, 0x81, 0x92, 0x81, 0x8a, 0x80, 0x92, 0x41, 0x82, 0x21, 0x49,
    0xeb, 0x42, 0x37, 0x3d, 0x16, 0x45, 0x36, 0x3d, 0x36, 0x45, 0x36, 0x45,
    0x36, 0x3d, 0x37, 0x45, 0x36, 0x45, 0x16, 0x3d, 0x37, 0x45, 0x36, 0x3d,
    0x36, 0x3d, 0x15, 0x45, 0xb0, 0x3c, 0x6d, 0x3c, 0x6c, 0x3c, 0x6c, 0x3c,
    0x6b, 0x3c, 0x6b, 0x3c, 0x6b, 0x3c, 0x6b, 0x3c, 0x4b, 0x44, 0x26, 0x7b,
    0xa4, 0x9a, 0xe4, 0x9a, 0xe4, 0xa2, 0xe4, 0x9a, 0xe4, 0xa2, 0xe4, 0xa2,
    0xe4, 0xa2, 0xe4, 0xa2, 0xe4, 0xa2, 0xe4, 0xa2, 0xe4, 0xa2, 0xe4, 0xa2,
    0xe5, 0x9a, 0x05, 0x9b, 0xe5, 0x9a, 0x05, 0x9b, 0x05, 0x9b, 0xe5, 0x9a,
    0x05, 0x9b, 0x05, 0xa3, 0x05, 0x9b, 0x05, 0xa3, 0x05, 0xa3, 0x05, 0x9b,
    0x05, 0xa3, 0x05, 0xa3, 0x05, 0xa3, 0x05, 0x9b, 0x25, 0xa3, 0x25, 0xa3,
    0x25, 0xa3, 0x05, 0xa3, 0x05, 0x9b, 0x05, 0x9b, 0x48, 0x8b, 0xf3, 0x5c,
    0x56, 0x55, 0x36, 0x55, 0x35, 0x55, 0x36, 0x55, 0x56, 0x55, 0x56, 0x55,
    0x56, 0x55, 0x36, 0x55, 0x36, 0x55, 0x16, 0x4d, 0x69, 0x42, 0x00, 0x41,
    0x21, 0x82, 0xa1, 0x92, 0xa0, 0x92, 0xa1, 0x92, 0x81, 0x92, 0x80, 0x92,
    0xa1, 0x92, 0xa1, 0x92, 0x81, 0x92, 0x80, 0x92, 0x80, 0x92, 0xa1, 0x92,
    0x80, 0x92, 0x81, 0x92, 0x80, 0x8a, 0x80, 0x8a, 0xa1, 0x92, 0xc0, 0x61,
    0x40, 0x39, 0x20, 0xbd, 0xe0, 0xfe, 0xe0, 0xfe, 0xe0, 0xfe, 0xe0, 0xfe,
    0xe0, 0xfe, 0xe0, 0xfe, 0xc0, 0xfe, 0xc0, 0xfe, 0xe0, 0xfe, 0xc0, 0xfe,
    0xc0, 0xfe, 0xe0, 0xfe, 0x80, 0xee, 0x40, 0x5a, 0x00, 0x39, 0x00, 0xb5,
    0xe0, 0xfe, 0xc0, 0xfe, 0xe0, 0xfe, 0xc0, 0xfe, 0x00, 0x73, 0x80, 0x41,
    0xe0, 0xd5, 0xc0, 0xfe, 0xe0, 0xfe, 0xe0, 0xfe, 0x80, 0xee, 0x40, 0x5a,
    0x00, 0x39, 0x60, 0x62, 0xc0, 0xf6, 0xc0, 0xfe, 0xc0, 0xfe, 0xc0, 0xfe,
    0xc0, 0xfe, 0xc0, 0xfe, 0xe0, 0x93, 0xe0, 0x28, 0x20, 0x73, 0xc0, 0xfe,
    0xc0, 0xfe, 0xe0, 0xfe, 0xc0, 0xfe, 0xe0, 0xfe, 0xc0, 0xfe, 0xc0, 0xfe,
    0xc0, 0xfe, 0xe0, 0xfe, 0xe0, 0xfe, 0xe0, 0xfe, 0xc0, 0xfe, 0xe0, 0xfe,
    0x60, 0xa4, 0x00, 0x39, 0xe1, 0x69, 0x80, 0x8a, 0x80, 0x8a, 0x60, 0x8a,
    0x81, 0x8a, 0xa0, 0x59, 0x00, 0x31, 0xc0, 0x8b, 0xc0, 0xf6, 0xc0, 0xfe,
    0xc0, 0xfe, 0xc0, 0xfe, 0xc0, 0xfe, 0xc0, 0xfe, 0xc0, 0xfe, 0xe0, 0xfe,
    0xe0, 0xd5, 0xa0, 0x49, 0x60, 0x41, 0xc0, 0xcd, 0xe0, 0xfe, 0xc0, 0xfe,
    0xc0, 0xfe, 0xc0, 0xd5, 0x20, 0x39, 0x80, 0x51, 0x80, 0x8a, 0x60, 0x8a,
    0x61, 0x8a, 0x60, 0x8a, 0x40, 0x82, 0x40, 0x41, 0x80, 0x41, 0xe0, 0xd5,
    0xc0, 0xfe, 0xe0, 0xfe, 0xc0, 0xfe, 0x20, 0xde, 0xe0, 0x51, 0x40, 0x49,
    0x60, 0x8a, 0x60, 0x8a, 0x60, 0x49, 0xa0, 0x49, 0x00, 0xde, 0xc0, 0xfe,
    0xe0, 0xfe, 0xe0, 0xfe, 0x60, 0xe6, 0x00, 0x52, 0x00, 0x52, 0x60, 0xe6,
    0xc0, 0xfe, 0xc0, 0xfe, 0xe0, 0xfe, 0xe0, 0xfe, 0xe0, 0xfe, 0x00, 0xff,
    0xe0, 0xfe, 0xe0, 0xfe, 0xe0, 0xfe, 0xc0, 0xfe, 0xc0, 0xf6, 0x21, 0x7b,
    0xe0, 0x38, 0x80, 0x41, 0xc0, 0xcd, 0xc0, 0xfe, 0xe0, 0xfe, 0xc0, 0xfe,
    0xc0, 0xfe, 0xe0, 0xfe, 0xc0, 0xfe, 0xc0, 0xfe, 0xc0, 0xfe, 0x20, 0xc5,
    0x20, 0x39, 0x80, 0x51, 0x81, 0x92, 0x81, 0x8a, 0x80, 0x8a, 0x80, 0x8a,
    0x81, 0x92, 0x80, 0x8a, 0x80, 0x92, 0x80, 0x8a, 0x81, 0x8a, 0x80, 0x8a,
    0x81, 0x92, 0x80, 0x92, 0x80, 0x8a, 0x80, 0x8a, 0x41, 0x82, 0x21, 0x49,
    0xeb, 0x42, 0x57, 0x3d, 0x36, 0x45, 0x36, 0x3d, 0x37, 0x3d, 0x16, 0x45,
    0x36, 0x45, 0x36, 0x3d, 0x37, 0x45, 0x36, 0x45, 0x36, 0x45, 0x36, 0x45,
    0x16, 0x3d, 0xd1, 0x3c, 0x6c, 0x3c, 0x6c, 0x3c, 0x6b, 0x3c, 0x8c, 0x3c,
    0x8b, 0x3c, 0x6b, 0x3c, 0x6b, 0x3c, 0x8b, 0x3c, 0x4b, 0x44, 0x06, 0x8b,
    0xc5, 0x9a, 0xc4, 0x9a, 0xe4, 0x9a, 0xe4, 0xa2, 0xe4, 0xa2, 0xe4, 0x9a,
    0xe4, 0xa2, 0xe4, 0xa2, 0xe4, 0xa2, 0x04, 0xa3, 0xe4, 0xa2, 0xe4, 0xa2,
    0xe5, 0x9a, 0xe5, 0x9a, 0x05, 0x9b, 0xe5, 0x9a, 0xe5, 0xa2, 0x05, 0x9b,
    0x05, 0xa3, 0x05, 0xa3, 0x05, 0xa3, 0x05, 0x9b, 0x05, 0x9b, 0x05, 0xa3,
    0x06, 0x9b, 0x05, 0xa3, 0x05, 0xa3, 0x05, 0xa3, 0x05, 0xa3, 0x05, 0xa3,
    0x26, 0x9b, 0x05, 0xa3, 0x05, 0x9b, 0x06, 0x9b, 0xe5, 0x9a, 0x48, 0x8b,
    0xf4, 0x5c, 0x36, 0x55, 0x36, 0x55, 0x35, 0x55, 0x36, 0x55, 0x36, 0x55,
    0x35, 0x55, 0x36, 0x4d, 0x36, 0x4d, 0x15, 0x4d, 0x69, 0x42, 0x00, 0x41,
    0x21, 0x7a, 0xa0, 0x92, 0x81, 0x92, 0x81, 0x92, 0x80, 0x92, 0x81, 0x92,
    0x80, 0x92, 0x81, 0x92, 0x80, 0x92, 0xa1, 0x92, 0x81, 0x92, 0x80, 0x92,
    0x80, 0x92, 0xa1, 0x92, 0x81, 0x92, 0x80, 0x92, 0x81, 0x92, 0xc0, 0x61,
    0x20, 0x39, 0x20, 0xbd, 0xe0, 0xfe, 0xe0, 0xfe, 0xe0, 0xfe, 0xe0, 0xfe,
    0xe0, 0xfe, 0xe0, 0xfe, 0xc0, 0xfe, 0xe0, 0xfe, 0xe0, 0xfe, 0xc0, 0xfe,
    0xe0, 0xfe, 0xc0, 0xfe, 0x60, 0xee, 0x40, 0x5a, 0x20, 0x39, 0x00, 0xbd,
    0xe0, 0xfe, 0xc0, 0xfe, 0xe0, 0xfe, 0xc0, 0xfe, 0x00, 0x73, 0x60, 0x41,
    0xe0, 0xd5, 0xc0, 0xfe, 0xc0, 0xfe, 0xe0, 0xfe, 0x80, 0xf6, 0x60, 0x5a,
    0x00, 0x39, 0x80, 0x62, 0xc0, 0xf6, 0xc0, 0xfe, 0xc0, 0xfe, 0xc0, 0xfe,
    0xc0, 0xfe, 0xc0, 0xfe, 0xe0, 0x93, 0xe0, 0x30, 0x00, 0x7b, 0xc0, 0xfe,
    0xc0, 0xfe, 0xc0, 0xfe, 0xe0, 0xfe, 0xc0, 0xfe, 0xe0, 0xfe, 0xe0, 0xfe,
    0xe0, 0xfe, 0xe0, 0xfe, 0xe0, 0xfe, 0xc0, 0xfe, 0xc0, 0xfe, 0xe0, 0xfe,
    0x60, 0xa4, 0x00, 0x39, 0xe0, 0x69, 0x81, 0x8a, 0x60, 0x8a, 0x60, 0x8a,
    0x81, 0x8a, 0x61, 0x8a, 0x40, 0x49, 0xe0, 0x30, 0x01, 0x73, 0x60, 0xde,
    0xe0, 0xfe, 0xc0, 0xfe, 0xc0, 0xfe, 0xc0, 0xfe, 0xc0, 0xfe, 0xc0, 0xfe,
    0xe0, 0xfe, 0x01, 0x94, 0x40, 0x39, 0xa0, 0xc5, 0xe0, 0xfe, 0xc0, 0xfe,
    0xc0, 0xfe, 0xe0, 0xd5, 0x40, 0x39, 0x60, 0x51, 0x60, 0x82, 0x60, 0x82,
    0x61, 0x82, 0x60, 0x82, 0x41, 0x82, 0x40, 0x41, 0x80, 0x41, 0xc0, 0xcd,
    0xc0, 0xfe, 0xc0, 0xfe, 0xc0, 0xfe, 0x20, 0xde, 0xe0, 0x51, 0x40, 0x49,
    0x61, 0x82, 0x61, 0x8a, 0x60, 0x49, 0xc0, 0x49, 0x00, 0xde, 0xc0, 0xfe,
    0xe0, 0xfe, 0xc0, 0xfe, 0x40, 0xe6, 0xe0, 0x51, 0x00, 0x52, 0x60, 0xe6,
    0xc0, 0xfe, 0xc0, 0xfe, 0xc0, 0xfe, 0xc0, 0xfe, 0xc0, 0xfe, 0xe0, 0xfe,
    0xe0, 0xfe, 0xc0, 0xfe, 0xe0, 0xfe, 0xe0, 0xfe, 0x80, 0xa4, 0x20, 0x39,
    0x00, 0x39, 0x80, 0x41, 0xc0, 0xcd, 0xc0, 0xfe, 0xe0, 0xfe, 0xc0, 0xfe,
    0xe0, 0xfe, 0xe0, 0xfe, 0xc0, 0xfe, 0xc0, 0xfe, 0xe0, 0xfe, 0x20, 0xbd,
    0x00, 0x39, 0x80, 0x59, 0x81, 0x92, 0x80, 0x92, 0x80, 0x8a, 0x81, 0x8a,
    0x80, 0x92, 0x81, 0x92, 0x81, 0x8a, 0x81, 0x8a, 0x80, 0x92, 0x80, 0x8a,
    0x81, 0x92, 0x60, 0x8a, 0x60, 0x8a, 0x80, 0x8a, 0x40, 0x82, 0x01, 0x41,
    0xcb, 0x42, 0x57, 0x45, 0x36, 0x45, 0x36, 0x45, 0x36, 0x3d, 0x37, 0x45,
    0x36, 0x45, 0x36, 0x3d, 0x37, 0x45, 0x36, 0x45, 0x37, 0x3d, 0x36, 0x45,
    0x15, 0x45, 0xaf, 0x3c, 0x6c, 0x3c, 0x6b, 0x3c, 0x6b, 0x3c, 0x6b, 0x3c,
    0x6b, 0x3c, 0x8b, 0x3c, 0x6b, 0x44, 0x8c, 0x3c, 0x2b, 0x4c, 0xc5, 0x8a,
    0xc4, 0x9a, 0xc4, 0x9a, 0xc4, 0xa2, 0xe4, 0xa2, 0xe4, 0x9a, 0xe4, 0x9a,
    0xe4, 0xa2, 0xe4, 0xa2, 0xe4, 0xa2, 0xe5, 0xa2, 0xe4, 0xa2, 0xe4, 0xa2,
    0xe5, 0x9a, 0x05, 0xa3, 0x05, 0xa3, 0x05, 0xa3, 0x05, 0x9b, 0x05, 0xa3,
    0x05, 0x9b, 0x05, 0xa3, 0x05, 0xa3, 0x05, 0x9b, 0x05, 0xa3, 0x05, 0xa3,
    0x05, 0x9b, 0x05, 0x9b, 0x06, 0xa3, 0x26, 0xa3, 0x05, 0x9b, 0x05, 0xa3,
    0x05, 0x9b, 0x05, 0xa3, 0x05, 0xa3, 0x05, 0xa3, 0x05, 0x9b, 0x05, 0x9b,
    0x8a, 0x83, 0x15, 0x4d, 0x36, 0x4d, 0x36, 0x4d, 0x36, 0x4d, 0x36, 0x4d,
    0x36, 0x4d, 0x36, 0x4d, 0x36, 0x4d, 0x16, 0x4d, 0x89, 0x42, 0x00, 0x41,
    0x20, 0x7a, 0xa1, 0x92, 0x81, 0x92, 0xa0, 0x92, 0x81, 0x92, 0x81, 0x92,
    0xa1, 0x92, 0xa0, 0x92, 0xa0, 0x92, 0x81, 0x92, 0x80, 0x92, 0x81, 0x92,
    0x80, 0x8a, 0x80, 0x8a, 0x80, 0x8a, 0x80, 0x92, 0x80, 0x92, 0xc0, 0x61,
    0x40, 0x39, 0x20, 0xbd, 0xe0, 0xfe, 0xe0, 0xfe, 0xe0, 0xfe, 0x80, 0xee,
    0xc0, 0x8b, 0xe0, 0x72, 0x00, 0x73, 0x00, 0x73, 0x80, 0xcd, 0xe0, 0xfe,
    0xe0, 0xfe, 0xc0, 0xfe, 0x80, 0xee, 0x40, 0x5a, 0x00, 0x39, 0x00, 0xb5,
    0xe0, 0xfe, 0xc0, 0xfe, 0xc0, 0xfe, 0xc0, 0xfe, 0x01, 0x73, 0x60, 0x41,
    0xa0, 0xd5, 0xe0, 0xfe, 0xc0, 0xfe, 0xe0, 0xfe, 0xc0, 0xfe, 0x00, 0x73,
    0x00, 0x31, 0x00, 0x52, 0xe0, 0xd5, 0x41, 0xe6, 0xc0, 0xf6, 0xe0, 0xfe,
    0xc0, 0xfe, 0xc0, 0xfe, 0xe1, 0x8b, 0xe0, 0x30, 0x00, 0x73, 0xc0, 0xfe,
    0xc0, 0xfe, 0xc0, 0xfe, 0xc0, 0xfe, 0x00, 0xb5, 0xc0, 0x6a, 0xe0, 0x6a,
    0xc0, 0x6a, 0x40, 0x9c, 0xc0, 0xfe, 0xc0, 0xfe, 0xc0, 0xfe, 0xe0, 0xfe,
    0x60, 0xa4, 0x00, 0x39, 0xe0, 0x69, 0x80, 0x8a, 0x80, 0x92, 0x61, 0x8a,
    0x60, 0x8a, 0x80, 0x92, 0x21, 0x7a, 0x20, 0x41, 0x00, 0x31, 0x60, 0x41,
    0x40, 0x7b, 0xc0, 0xcd, 0x00, 0xff, 0xc0, 0xfe, 0xc0, 0xfe, 0xc0, 0xfe,
    0xc0, 0xfe, 0x80, 0xc5, 0xc0, 0x41, 0x60, 0xc5, 0xe0, 0xfe, 0xc0, 0xfe,
    0xc0, 0xfe, 0x60, 0xe6, 0xe0, 0x51, 0x20, 0x41, 0x40, 0x82, 0x61, 0x8a,
    0x60, 0x8a, 0x60, 0x8a, 0x61, 0x82, 0x40, 0x41, 0x60, 0x41, 0x80, 0xc5,
    0xe0, 0xfe, 0xe0, 0xfe, 0xc0, 0xfe, 0x60, 0xe6, 0x00, 0x52, 0x40, 0x41,
    0x40, 0x82, 0x41, 0x82, 0x40, 0x41, 0x20, 0x5a, 0x60, 0xe6, 0xc0, 0xfe,
    0xc0, 0xfe, 0xe0, 0xfe, 0x00, 0xd6, 0xa1, 0x49, 0x00, 0x52, 0x60, 0xe6,
    0xc0, 0xfe, 0xc0, 0xfe, 0xc0, 0xfe, 0xe0, 0xfe, 0x20, 0xff, 0xc0, 0xfe,
    0xc0, 0xfe, 0xc0, 0xfe, 0xc0, 0xfe, 0xc0, 0x8b, 0x20, 0x31, 0x20, 0x39,
    0x00, 0x39, 0x80, 0x41, 0xc0, 0xcd, 0xc0, 0xfe, 0xe0, 0xfe, 0xe0, 0xfe,
    0x20, 0xe6, 0x60, 0x83, 0xe0, 0x72, 0xe0, 0x72, 0x00, 0x73, 0x41, 0x5a,
    0x00, 0x31, 0xc0, 0x61, 0x81, 0x92, 0x80, 0x8a, 0x80, 0x8a, 0x81, 0x92,
    0x80, 0x8a, 0x80, 0x92, 0x60, 0x8a, 0x80, 0x92, 0x61, 0x8a, 0x61, 0x8a,
    0x80, 0x8a, 0x61, 0x8a, 0x61, 0x8a, 0x60, 0x8a, 0x41, 0x82, 0x01, 0x49,
    0xeb, 0x42, 0x57, 0x3d, 0x36, 0x45, 0x16, 0x45, 0x37, 0x45, 0x36, 0x45,
    0x36, 0x3d, 0x36, 0x45, 0x37, 0x45, 0x36, 0x45, 0x36, 0x45, 0x36, 0x45,
    0x15, 0x45, 0xd0, 0x3c, 0x8c, 0x3c, 0x6b, 0x34, 0x6b, 0x3c, 0x6c, 0x3c,
    0x6b, 0x3c, 0x6c, 0x3c, 0x6b, 0x3c, 0x6c, 0x3c, 0xea, 0x53, 0xc4, 0x92,
    0xc5, 0x9a, 0xc4, 0x9a, 0xc4, 0x9a, 0xe4, 0x9a, 0xe5, 0xa2, 0xe4, 0xa2,
    0xe4, 0xa2, 0xe4, 0xa2, 0x04, 0xa3, 0xe4, 0xa2, 0x04, 0xa3, 0xe4, 0xa2,
    0x05, 0x9b, 0x05, 0x9b, 0x05, 0xa3, 0x05, 0x9b, 0x05, 0x9b, 0x05, 0xa3,
    0x05, 0xa3, 0x05, 0x9b, 0x05, 0xa3, 0x05, 0xa3, 0x05, 0x9b, 0x05, 0xa3,
    0x25, 0xa3, 0x05, 0xa3, 0x05, 0x9b, 0x05, 0xa3, 0x05, 0xa3, 0x05, 0xa3,
    0x25, 0xa3, 0x05, 0xa3, 0x06, 0xa3, 0x05, 0x9b, 0x25, 0x9b, 0x06, 0x9b,
    0xe5, 0x9a, 0xcd, 0x73, 0x36, 0x4d, 0x35, 0x4d, 0x36, 0x4d, 0x36, 0x4d,
    0x36, 0x4d, 0x36, 0x4d, 0x16, 0x4d, 0x16, 0x4d, 0x69, 0x42, 0x00, 0x41,
    0x21, 0x7a, 0x81, 0x92, 0xa1, 0x92, 0xa0, 0x92, 0x81, 0x92, 0x80, 0x92,
    0x81, 0x92, 0x81, 0x92, 0x80, 0x92, 0x81, 0x92, 0x80, 0x92, 0x80, 0x8a,
    0x81, 0x92, 0x80, 0x92, 0x81, 0x8a, 0x81, 0x8a, 0x80, 0x8a, 0xc1, 0x61,
    0x20, 0x39, 0x20, 0xbd, 0xe0, 0xfe, 0xe0, 0xfe, 0xc0, 0xfe, 0x40, 0xe6,
    0x20, 0x5a, 0x00, 0x39, 0x00, 0x39, 0x00, 0x39, 0xc0, 0xb4, 0xe0, 0xfe,
    0xc0, 0xfe, 0xc0, 0xfe, 0x80, 0xee, 0x40, 0x5a, 0x20, 0x39, 0x01, 0xb5,
    0xe0, 0xfe, 0xc0, 0xfe, 0xc0, 0xfe, 0xc0, 0xfe, 0x00, 0x73, 0x20, 0x39,
    0xe0, 0xb4, 0xe0, 0xfe, 0xc0, 0xfe, 0xc0, 0xfe, 0xe0, 0xfe, 0xe0, 0x8b,
    0xe1, 0x38, 0xe0, 0x30, 0xc0, 0x28, 0xe0, 0x30, 0x00, 0xbd, 0xc0, 0xfe,
    0xc0, 0xfe, 0xc0, 0xfe, 0xe0, 0x8b, 0xc0, 0x30, 0x00, 0x73, 0xc0, 0xfe,
    0xc0, 0xfe, 0xc0, 0xfe, 0xc0, 0xfe, 0xe0, 0x8b, 0xc0, 0x30, 0x00, 0x39,
    0x00, 0x39, 0xe0, 0x72, 0xa0, 0xf6, 0xc0, 0xfe, 0xc0, 0xfe, 0xc0, 0xfe,
    0x60, 0xa4, 0x00, 0x39, 0xe1, 0x69, 0x80, 0x8a, 0x81, 0x8a, 0x60, 0x92,
    0x80, 0x8a, 0xe0, 0x69, 0x00, 0x31, 0x00, 0x39, 0x00, 0x39, 0x20, 0x39,
    0xe0, 0x30, 0xe0, 0x30, 0x41, 0x7b, 0x80, 0xee, 0xc0, 0xfe, 0xc0, 0xfe,
    0xe0, 0xfe, 0x00, 0xd6, 0xa0, 0x41, 0x80, 0xa4, 0xc0, 0xfe, 0xc0, 0xfe,
    0xc0, 0xfe, 0xc0, 0xf6, 0x40, 0x83, 0x00, 0x39, 0x80, 0x51, 0x61, 0x82,
    0x61, 0x8a, 0x20, 0x7a, 0x80, 0x51, 0x20, 0x39, 0x00, 0x39, 0x80, 0xac,
    0xc0, 0xfe, 0xc0, 0xfe, 0xc0, 0xfe, 0x80, 0xee, 0xa0, 0x6a, 0x00, 0x39,
    0x00, 0x72, 0x00, 0x72, 0x00, 0x39, 0xc0, 0x72, 0xc0, 0xf6, 0xc0, 0xfe,
    0xc0, 0xfe, 0xc0, 0xfe, 0x60, 0xbd, 0x40, 0x39, 0x00, 0x52, 0x60, 0xe6,
    0xc0, 0xfe, 0xc0, 0xfe, 0xc0, 0xfe, 0xc0, 0xcd, 0x00, 0x94, 0xc0, 0xfe,
    0xe0, 0xfe, 0xc0, 0xfe, 0xe0, 0xfe, 0x00, 0x94, 0xe0, 0x38, 0x00, 0x39,
    0x00, 0x39, 0x80, 0x41, 0xc0, 0xcd, 0xc0, 0xfe, 0xe0, 0xfe, 0xc0, 0xfe,
    0xe0, 0xd5, 0xa0, 0x49, 0x00, 0x39, 0x00, 0x31, 0x00, 0x39, 0x00, 0x39,
    0x40, 0x41, 0x41, 0x82, 0x80, 0x8a, 0x81, 0x8a, 0x80, 0x92, 0x80, 0x8a,
    0x61, 0x8a, 0x80, 0x8a, 0x80, 0x8a, 0x80, 0x92, 0x60, 0x8a, 0x61, 0x8a,
    0x60, 0x92, 0x80, 0x8a, 0x80, 0x8a, 0x61, 0x8a, 0x41, 0x82, 0x01, 0x41,
    0xeb, 0x42, 0x57, 0x3d, 0x16, 0x45, 0x36, 0x45, 0x36, 0x45, 0x36, 0x45,
    0x36, 0x45, 0x37, 0x45, 0x36, 0x45, 0x36, 0x3d, 0x36, 0x45, 0x34, 0x45,
    0xd1, 0x3c, 0x8e, 0x3c, 0x6c, 0x3c, 0x6b, 0x3c, 0x6b, 0x3c, 0x6b, 0x3c,
    0x6b, 0x3c, 0x6b, 0x3c, 0x6b, 0x3c, 0x6b, 0x34, 0xa8, 0x5b, 0xc4, 0x9a,
    0xc4, 0x9a, 0xc4, 0x9a, 0xc4, 0x9a, 0xc4, 0x9a, 0xe4, 0xa2, 0xe4, 0x9a,
    0xe4, 0x9a, 0xe5, 0xa2, 0xe4, 0xa2, 0xe4, 0xa2, 0xe4, 0xa2, 0xe4, 0xa2,
    0x05, 0x9b, 0xe5, 0xa2, 0x05, 0x9b, 0x05, 0xa3, 0x05, 0xa3, 0x05, 0xa3,
    0x05, 0x9b, 0x05, 0xa3, 0x05, 0xa3, 0x05, 0xa3, 0x05, 0x9b, 0x25, 0xa3,
    0x05, 0xa3, 0x26, 0xa3, 0x05, 0x9b, 0x25, 0xa3, 0x26, 0xa3, 0x26, 0x9b,
    0x26, 0xa3, 0x05, 0x9b, 0x05, 0xa3, 0x26, 0xa3, 0x26, 0xa3, 0x05, 0xa3,
    0x06, 0x9b, 0xe5, 0x92, 0x2f, 0x64, 0x36, 0x4d, 0x35, 0x4d, 0x36, 0x4d,
    0x36, 0x4d, 0x36, 0x4d, 0x36, 0x4d, 0x15, 0x45, 0x69, 0x42, 0x00, 0x41,
    0x20, 0x82, 0x81, 0x92, 0x80, 0x92, 0x81, 0x92, 0x81, 0x92, 0x80, 0x92,
    0x81, 0x92, 0x81, 0x92, 0x80, 0x92, 0x81, 0x8a, 0x81, 0x92, 0x80, 0x92,
    0x81, 0x8a, 0x80, 0x8a, 0x80, 0x92, 0x61, 0x8a, 0x80, 0x92, 0xc1, 0x61,
    0x20, 0x39, 0x20, 0xbd, 0xe0, 0xfe, 0xe0, 0xfe, 0xc0, 0xfe, 0x40, 0xe6,
    0x20, 0x52, 0x20, 0x39, 0x21, 0x39, 0x00, 0x31, 0xc0, 0xb4, 0xe0, 0xfe,
    0xc0, 0xfe, 0xc0, 0xfe, 0x80, 0xee, 0x40, 0x5a, 0x20, 0x39, 0x00, 0xb5,
    0xe0, 0xfe, 0xe0, 0xfe, 0xc0, 0xfe, 0xc0, 0xfe, 0x00, 0x73, 0x00, 0x39,
    0xa0, 0x83, 0xe0, 0xfe, 0xc0, 0xfe, 0xe0, 0xfe, 0xc0, 0xfe, 0x80, 0xcd,
    0x40, 0x39, 0x20, 0x39, 0x20, 0x39, 0x40, 0x41, 0x20, 0xbd, 0xe0, 0xfe,
    0xc0, 0xfe, 0xe0, 0xfe, 0xc0, 0x8b, 0xe0, 0x30, 0x00, 0x73, 0xc0, 0xfe,
    0xe0, 0xfe, 0xc0, 0xfe, 0xe0, 0xfe, 0x00, 0x94, 0xe0, 0x30, 0x40, 0x49,
    0x00, 0x39, 0xe0, 0x6a, 0xa0, 0xf6, 0xc0, 0xfe, 0xc0, 0xfe, 0xe0, 0xfe,
    0x80, 0xa4, 0x00, 0x39, 0xe0, 0x69, 0x81, 0x8a, 0x80, 0x92, 0x80, 0x8a,
    0x40, 0x82, 0x20, 0x39, 0x80, 0x49, 0xa0, 0x62, 0xc0, 0x30, 0x00, 0x31,
    0x20, 0x41, 0x20, 0x39, 0x40, 0x39, 0x60, 0xc5, 0xe0, 0xfe, 0xc0, 0xfe,
    0xe0, 0xfe, 0x00, 0xd6, 0xa0, 0x41, 0x40, 0x7b, 0xc0, 0xf6, 0xc0, 0xfe,
    0xc0, 0xfe, 0xe0, 0xfe, 0xa0, 0xc5, 0x40, 0x39, 0x20, 0x39, 0x20, 0x39,
    0x20, 0x39, 0x00, 0x39, 0xe0, 0x30, 0x00, 0x39, 0xe0, 0x30, 0x80, 0x83,
    0xe0, 0xfe, 0xc0, 0xfe, 0xc0, 0xfe, 0xe0, 0xfe, 0x60, 0x9c, 0x00, 0x39,
    0x20, 0x39, 0x20, 0x39, 0x00, 0x39, 0x20, 0x9c, 0xe0, 0xfe, 0xe0, 0xfe,
    0xc0, 0xfe, 0xe0, 0xfe, 0x40, 0x9c, 0xe0, 0x30, 0x00, 0x52, 0x60, 0xe6,
    0xc0, 0xfe, 0xe0, 0xfe, 0xc0, 0xfe, 0x40, 0xbd, 0xe0, 0x49, 0xa0, 0xcd,
    0xe0, 0xfe, 0xc0, 0xfe, 0xc0, 0xfe, 0xc0, 0xd5, 0x61, 0x41, 0x00, 0x39,
    0x00, 0x39, 0x80, 0x49, 0xc0, 0xcd, 0xc0, 0xfe, 0xe0, 0xfe, 0xc0, 0xfe,
    0xe0, 0xdd, 0xc0, 0x49, 0x20, 0x39, 0x20, 0x39, 0x20, 0x39, 0x20, 0x39,
    0x20, 0x41, 0xa0, 0x59, 0x81, 0x8a, 0x81, 0x8a, 0x80, 0x8a, 0x60, 0x8a,
    0x61, 0x8a, 0x61, 0x8a, 0x61, 0x8a, 0x80, 0x8a, 0x81, 0x8a, 0x80, 0x8a,
    0x80, 0x92, 0x60, 0x8a, 0x60, 0x8a, 0x60, 0x8a, 0x20, 0x7a, 0x01, 0x41,
    0xec, 0x42, 0x57, 0x3d, 0x16, 0x45, 0x36, 0x45, 0x37, 0x3d, 0x36, 0x45,
    0x37, 0x45, 0x36, 0x3d, 0x36, 0x45, 0x36, 0x45, 0x35, 0x45, 0xd0, 0x3c,
    0x6c, 0x3c, 0x6b, 0x3c, 0x6b, 0x3c, 0x6b, 0x3c, 0x6b, 0x34, 0x6b, 0x3c,
    0x6b, 0x3c, 0x8b, 0x34, 0x8b, 0x3c, 0x6b, 0x34, 0x88, 0x63, 0xc4, 0x9a,
    0xc4, 0x9a, 0xc4, 0x9a, 0xc4, 0x9a, 0xe4, 0xa2, 0xe4, 0xa2, 0xc4, 0x9a,
    0xe4, 0xa2, 0xe4, 0xa2, 0xe4, 0x9a, 0xe4, 0xa2, 0xe4, 0xa2, 0xe4, 0xa2,
    0x05, 0x9b, 0x05, 0x9b, 0x05, 0xa3, 0x05, 0xa3, 0x05, 0xa3, 0x05, 0xa3,
    0x05, 0x9b, 0x05, 0xa3, 0x05, 0x9b, 0x05, 0xa3, 0x05, 0xa3, 0x25, 0xa3,
    0x26, 0xa3, 0x05, 0x9b, 0x25, 0xa3, 0x25, 0xa3, 0x05, 0xa3, 0x05, 0x9b,
    0x05, 0xa3, 0x25, 0xa3, 0x25, 0xa3, 0x05, 0x9b, 0x05, 0xa3, 0x05, 0x9b,
    0x06, 0x9b, 0xe6, 0x92, 0xe7, 0x82, 0xd3, 0x54, 0x36, 0x4d, 0x36, 0x4d,
    0x36, 0x4d, 0x16, 0x45, 0x16, 0x45, 0x15, 0x45, 0x89, 0x42, 0x00, 0x41,
    0x21, 0x7a, 0x80, 0x92, 0x81, 0x92, 0x81, 0x92, 0x80, 0x92, 0x81, 0x8a,
    0x81, 0x8a, 0x81, 0x92, 0x80, 0x8a, 0x80, 0x8a, 0x81, 0x92, 0x81, 0x8a,
    0x60, 0x8a, 0x80, 0x8a, 0x60, 0x8a, 0x60, 0x8a, 0x60, 0x8a, 0xc0, 0x61,
    0x20, 0x39, 0x20, 0xbd, 0xc0, 0xfe, 0xe0, 0xfe, 0xc0, 0xfe, 0x40, 0xe6,
    0x20, 0x5a, 0x61, 0x49, 0xc1, 0x61, 0x20, 0x39, 0xc0, 0xb4, 0xe0, 0xfe,
    0xe0, 0xfe, 0xe0, 0xfe, 0x80, 0xee, 0x40, 0x62, 0x20, 0x39, 0x00, 0xbd,
    0xe0, 0xfe, 0xe0, 0xfe, 0xe0, 0xfe, 0xc0, 0xfe, 0x00, 0x73, 0x00, 0x39,
    0x00, 0x52, 0x40, 0xe6, 0xe0, 0xfe, 0xe0, 0xfe, 0xc0, 0xfe, 0xc0, 0xfe,
    0x80, 0xa4, 0xa0, 0x49, 0x40, 0x39, 0xe0, 0x51, 0xa1, 0xd5, 0xc0, 0xfe,
    0xc0, 0xfe, 0xc0, 0xfe, 0xe0, 0x8b, 0xe0, 0x30, 0x00, 0x73, 0xc0, 0xfe,
    0xc0, 0xfe, 0xc0, 0xfe, 0xe0, 0xfe, 0xe0, 0x93, 0xe0, 0x30, 0xe1, 0x69,
    0x20, 0x41, 0xe0, 0x72, 0xa0, 0xee, 0xc0, 0xfe, 0xe0, 0xfe, 0xe0, 0xfe,
    0x60, 0xac, 0x00, 0x39, 0xe0, 0x69, 0x60, 0x8a, 0x80, 0x8a, 0x81, 0x92,
    0xe1, 0x69, 0xe0, 0x30, 0x80, 0x83, 0x20, 0xff, 0xa1, 0xc5, 0x20, 0x7b,
    0xc0, 0x49, 0x60, 0x41, 0x80, 0x62, 0x40, 0xe6, 0xc0, 0xfe, 0xc0, 0xfe,
    0xc0, 0xfe, 0xa0, 0xcd, 0x80, 0x41, 0xe1, 0x51, 0x20, 0xde, 0xc0, 0xfe,
    0xc0, 0xfe, 0xc0, 0xfe, 0xe0, 0xfe, 0x20, 0xbd, 0x40, 0x5a, 0x80, 0x41,
    0x80, 0x49, 0xc0, 0x6a, 0x40, 0xbd, 0x00, 0x73, 0xe0, 0x30, 0x40, 0x5a,
    0x80, 0xee, 0xc0, 0xfe, 0xc0, 0xfe, 0xe0, 0xfe, 0x80, 0xee, 0x00, 0x73,
    0x20, 0x39, 0x20, 0x39, 0xa0, 0x62, 0x60, 0xe6, 0xc0, 0xfe, 0xc0, 0xfe,
    0xc0, 0xfe, 0x80, 0xee, 0x80, 0x62, 0xe0, 0x30, 0x00, 0x52, 0x60, 0xe6,
    0xc0, 0xfe, 0xc0, 0xfe, 0xc0, 0xfe, 0x40, 0xbd, 0x40, 0x39, 0xc1, 0x8b,
    0xc0, 0xfe, 0xc0, 0xfe, 0xc0, 0xfe, 0xc0, 0xf6, 0x80, 0x83, 0xe0, 0x30,
    0x00, 0x39, 0x80, 0x41, 0xa0, 0xcd, 0xc0, 0xfe, 0xe0, 0xfe, 0xc0, 0xfe,
    0x00, 0xde, 0xa0, 0x6a, 0x20, 0x5a, 0x20, 0x5a, 0x20, 0x5a, 0x20, 0x5a,
    0xa0, 0x49, 0x00, 0x39, 0xe0, 0x69, 0x80, 0x8a, 0x60, 0x8a, 0x61, 0x8a,
    0x80, 0x92, 0x80, 0x92, 0x61, 0x8a, 0x60, 0x8a, 0x80, 0x8a, 0x60, 0x8a,
    0x61, 0x8a, 0x61, 0x8a, 0x60, 0x8a, 0x60, 0x8a, 0x20, 0x7a, 0x01, 0x41,
    0xeb, 0x42, 0x57, 0x45, 0x36, 0x45, 0x36, 0x3d, 0x37, 0x45, 0x36, 0x45,
    0x37, 0x45, 0x36, 0x3d, 0x36, 0x45, 0x36, 0x45, 0x13, 0x3d, 0x8d, 0x3c,
    0x6c, 0x3c, 0x6b, 0x3c, 0x6b, 0x3c, 0x6b, 0x3c, 0x6b, 0x3c, 0x6b, 0x34,
    0x6b, 0x3c, 0x6b, 0x3c, 0x6b, 0x3c, 0x6b, 0x3c, 0x26, 0x73, 0xc5, 0x92,
    0xc5, 0x92, 0xc4, 0x9a, 0xc4, 0x9a, 0xe4, 0x9a, 0xe5, 0x9a, 0xe4, 0xa2,
    0xe4, 0xa2, 0xe4, 0xa2, 0xe4, 0xa2, 0xe4, 0xa2, 0xe4, 0xa2, 0xe4, 0x9a,
    0x05, 0x9b, 0x05, 0x9b, 0x05, 0xa3, 0x05, 0xa3, 0x25, 0x9b, 0x05, 0xa3,
    0x25, 0xa3, 0x05, 0xa3, 0x25, 0xa3, 0x05, 0xa3, 0x25, 0xa3, 0x05, 0xa3,
    0x05, 0xa3, 0x05, 0x9b, 0x05, 0xa3, 0x05, 0xa3, 0x05, 0xa3, 0x25, 0xa3,
    0x05, 0xa3, 0x25, 0xa3, 0x26, 0xa3, 0x06, 0x9b, 0x05, 0x9b, 0xe5, 0x9a,
    0xa5, 0x8a, 0x85, 0x82, 0x85, 0x82, 0x6b, 0x6b, 0x15, 0x4d, 0x36, 0x4d,
    0x15, 0x4d, 0x15, 0x45, 0x16, 0x45, 0x16, 0x45, 0xca, 0x42, 0x00, 0x41,
    0xc1, 0x61, 0x60, 0x8a, 0x80, 0x8a, 0x80, 0x8a, 0x80, 0x92, 0x80, 0x8a,
    0x80, 0x92, 0x81, 0x8a, 0x80, 0x8a, 0x60, 0x8a, 0x60, 0x8a, 0x60, 0x8a,
    0x60, 0x8a, 0x61, 0x92, 0x60, 0x8a, 0x60, 0x8a, 0x61, 0x8a, 0xc1, 0x61,
    0x20, 0x39, 0x20, 0xb5, 0xc0, 0xfe, 0xe0, 0xfe, 0xc0, 0xfe, 0x40, 0xe6,
    0x20, 0x5a, 0x40, 0x49, 0xc0, 0x61, 0x20, 0x39, 0xc0, 0xb4, 0xe0, 0xfe,
    0xc0, 0xfe, 0xc0, 0xfe, 0x80, 0xee, 0x40, 0x5a, 0x20, 0x39, 0x00, 0xb5,
    0xe0, 0xfe, 0xc0, 0xfe, 0xe0, 0xfe, 0xe0, 0xfe, 0x00, 0x73, 0x00, 0x39,
    0x01, 0x31, 0x00, 0x94, 0xc0, 0xfe, 0xc0, 0xfe, 0xc0, 0xfe, 0xc0, 0xfe,
    0xe0, 0xfe, 0xe0, 0xf6, 0xa0, 0xee, 0xe0, 0xf6, 0xc0, 0xfe, 0xe0, 0xfe,
    0xc0, 0xfe, 0xc0, 0xf6, 0xe0, 0x8b, 0xe0, 0x30, 0x01, 0x73, 0xc0, 0xfe,
    0xe0, 0xfe, 0xc0, 0xfe, 0xc0, 0xfe, 0xe0, 0x93, 0xe0, 0x30, 0xc1, 0x61,
    0x20, 0x41, 0xc0, 0x72, 0xa0, 0xee, 0xc0, 0xfe, 0xc0, 0xfe, 0xe0, 0xfe,
    0x80, 0xa4, 0x00, 0x39, 0xe0, 0x69, 0x60, 0x8a, 0x60, 0x8a, 0x60, 0x8a,
    0x80, 0x51, 0x40, 0x39, 0x20, 0xbd, 0xe0, 0xfe, 0xe0, 0xfe, 0xe0, 0xfe,
    0x00, 0xf7, 0xe0, 0xf6, 0xe0, 0xfe, 0xc0, 0xfe, 0xc0, 0xfe, 0xe0, 0xfe,
    0xe0, 0xfe, 0x60, 0xa4, 0x00, 0x39, 0x00, 0x39, 0x00, 0x94, 0x00, 0xff,
    0xc0, 0xfe, 0xc0, 0xfe, 0xe0, 0xfe, 0xc0, 0xfe, 0xe0, 0xfe, 0x00, 0xf7,
    0xe0, 0xf6, 0xe0, 0xfe, 0xe0, 0xfe, 0x00, 0xb5, 0x40, 0x39, 0x40, 0x39,
    0xc0, 0xac, 0x00, 0xff, 0xc0, 0xfe, 0xe0, 0xfe, 0xc0, 0xfe, 0xe0, 0xfe,
    0x80, 0xee, 0x80, 0xee, 0xe0, 0xf6, 0xc0, 0xfe, 0xc0, 0xfe, 0xc0, 0xfe,
    0xe0, 0xfe, 0x21, 0xbd, 0x00, 0x39, 0x00, 0x39, 0x00, 0x52, 0x60, 0xe6,
    0xa0, 0xfe, 0xc0, 0xfe, 0xe0, 0xfe, 0x40, 0xbd, 0x40, 0x41, 0x00, 0x52,
    0x40, 0xe6, 0xc0, 0xfe, 0xc0, 0xfe, 0xe0, 0xfe, 0xc0, 0xcd, 0x80, 0x41,
    0x00, 0x39, 0x80, 0x41, 0xc0, 0xcd, 0xc0, 0xfe, 0xe0, 0xfe, 0xc0, 0xfe,
    0xe0, 0xfe, 0x00, 0xff, 0x00, 0xff, 0x00, 0xff, 0xe0, 0xfe, 0x00, 0xff,
    0x20, 0xad, 0x00, 0x31, 0xc0, 0x59, 0x81, 0x92, 0x80, 0x8a, 0x81, 0x8a,
    0x60, 0x8a, 0x60, 0x8a, 0x60, 0x8a, 0x81, 0x8a, 0x61, 0x92, 0x60, 0x8a,
    0x60, 0x8a, 0x60, 0x8a, 0x61, 0x8a, 0x60, 0x8a, 0x20, 0x7a, 0x01, 0x41,
    0xeb, 0x42, 0x57, 0x45, 0x36, 0x45, 0x37, 0x45, 0x37, 0x45, 0x36, 0x45,
    0x36, 0x3d, 0x36, 0x45, 0x36, 0x45, 0x36, 0x45, 0xd1, 0x3c, 0x6c, 0x3c,
    0x6c, 0x3c, 0x6b, 0x3c, 0x6b, 0x3c, 0x6b, 0x3c, 0x6b, 0x3c, 0x4b, 0x3c,
    0x6b, 0x3c, 0x6b, 0x34, 0x6b, 0x3c, 0x2a, 0x44, 0xc5, 0x7a, 0xc4, 0x92,
    0xc4, 0x9a, 0xc4, 0x9a, 0xc4, 0x9a, 0xc4, 0x9a, 0xe5, 0xa2, 0xe4, 0xa2,
    0xe4, 0xa2, 0xe4, 0xa2, 0xe4, 0x9a, 0xe5, 0xa2, 0xe4, 0xa2, 0xe4, 0xa2,
    0xe5, 0x9a, 0x05, 0xa3, 0x05, 0xa3, 0x05, 0x9b, 0x05, 0xa3, 0x05, 0xa3,
    0x05, 0xa3, 0x05, 0x9b, 0x05, 0x9b, 0x05, 0x9b, 0x05, 0xa3, 0x05, 0x9b,
    0x26, 0xa3, 0x05, 0x9b, 0x05, 0xa3, 0x26, 0xa3, 0x25, 0x9b, 0x06, 0xa3,
    0x25, 0xa3, 0x06, 0x9b, 0x05, 0x9b, 0xe5, 0x9a, 0xc5, 0x92, 0xa5, 0x8a,
    0x85, 0x82, 0x85, 0x82, 0x85, 0x82, 0xa7, 0x7a, 0xb3, 0x54, 0x35, 0x4d,
    0x36, 0x4d, 0x36, 0x4d, 0x36, 0x45, 0x36, 0x45, 0xf0, 0x43, 0x22, 0x41,
    0x20, 0x41, 0x00, 0x41, 0x00, 0x41, 0x20, 0x41, 0x40, 0x49, 0x60, 0x51,
    0x80, 0x59, 0xa0, 0x61, 0xe0, 0x69, 0xe0, 0x69, 0x01, 0x72, 0x20, 0x7a,
    0x40, 0x82, 0x60, 0x8a, 0x61, 0x8a, 0x60, 0x8a, 0x60, 0x8a, 0xc0, 0x69,
    0x20, 0x39, 0x20, 0xb5, 0xc0, 0xfe, 0xe0, 0xfe, 0xe0, 0xfe, 0x40, 0xe6,
    0x00, 0x52, 0x60, 0x49, 0xc1, 0x61, 0x00, 0x39, 0xc0, 0xb4, 0xe0, 0xfe,
    0xc0, 0xfe, 0xc0, 0xfe, 0x80, 0xee, 0x61, 0x5a, 0x00, 0x39, 0x00, 0xbd,
    0xe0, 0xfe, 0xc0, 0xfe, 0xc0, 0xfe, 0xc0, 0xfe, 0xe0, 0x72, 0x20, 0x39,
    0x40, 0x41, 0x80, 0x41, 0xa0, 0xc5, 0xe0, 0xfe, 0xc0, 0xfe, 0xe0, 0xfe,
    0xc0, 0xfe, 0xc0, 0xfe, 0xc0, 0xfe, 0xc0, 0xfe, 0xc0, 0xfe, 0xc0, 0xfe,
    0xc0, 0xfe, 0xc0, 0xf6, 0xc0, 0x8b, 0xe0, 0x30, 0x00, 0x73, 0xc0, 0xfe,
    0xc0, 0xfe, 0xc0, 0xfe, 0xe0, 0xfe, 0x00, 0x94, 0xe0, 0x30, 0xe0, 0x61,
    0x20, 0x41, 0xc0, 0x72, 0xa0, 0xf6, 0xc0, 0xfe, 0xc0, 0xfe, 0xc0, 0xfe,
    0x60, 0xa4, 0x00, 0x39, 0xc0, 0x69, 0x61, 0x8a, 0x60, 0x8a, 0x61, 0x82,
    0x40, 0x41, 0x20, 0x5a, 0x40, 0xe6, 0xc0, 0xfe, 0xc0, 0xfe, 0xc0, 0xfe,
    0xc0, 0xfe, 0xc0, 0xfe, 0xc0, 0xfe, 0xc0, 0xfe, 0xc0, 0xfe, 0xc0, 0xfe,
    0x40, 0xde, 0x00, 0x52, 0x00, 0x39, 0x00, 0x31, 0x80, 0x41, 0x40, 0xbd,
    0xe0, 0xfe, 0xc0, 0xfe, 0xc0, 0xfe, 0xc0, 0xfe, 0xc0, 0xfe, 0xc0, 0xfe,
    0xa0, 0xfe, 0xa0, 0xfe, 0xc0, 0xfe, 0x20, 0xde, 0xe0, 0x51, 0x01, 0x39,
    0xc1, 0x49, 0xe0, 0xd5, 0xc0, 0xfe, 0xc0, 0xfe, 0xc0, 0xfe, 0xc0, 0xfe,
    0xc0, 0xfe, 0xc0, 0xfe, 0xc0, 0xfe, 0xc0, 0xfe, 0xc0, 0xfe, 0xe0, 0xfe,
    0x40, 0xde, 0x20, 0x5a, 0x00, 0x39, 0xe0, 0x30, 0x00, 0x52, 0x60, 0xe6,
    0xa0, 0xfe, 0xc0, 0xfe, 0xe0, 0xfe, 0x20, 0xbd, 0x40, 0x39, 0x20, 0x39,
    0xe0, 0xb4, 0xe0, 0xfe, 0xe0, 0xfe, 0xc0, 0xfe, 0xa0, 0xf6, 0x20, 0x7b,
    0xe0, 0x30, 0x60, 0x41, 0xa0, 0xcd, 0xc0, 0xfe, 0xe0, 0xfe, 0xc0, 0xfe,
    0xc0, 0xfe, 0xc0, 0xfe, 0xc0, 0xfe, 0xc0, 0xfe, 0xc0, 0xfe, 0xe0, 0xfe,
    0x20, 0xb5, 0x20, 0x39, 0xa1, 0x59, 0x61, 0x8a, 0x60, 0x8a, 0x60, 0x8a,
    0x61, 0x8a, 0x60, 0x8a, 0x60, 0x8a, 0x60, 0x8a, 0x40, 0x82, 0x40, 0x82,
    0x20, 0x7a, 0xe0, 0x69, 0x80, 0x59, 0x60, 0x51, 0x40, 0x49, 0x21, 0x41,
    0x6e, 0x43, 0x37, 0x3d, 0x36, 0x45, 0x36, 0x45, 0x37, 0x45, 0x57, 0x45,
    0x57, 0x45, 0x56, 0x45, 0x36, 0x45, 0x15, 0x3d, 0xaf, 0x3c, 0x6c, 0x3c,
    0x6b, 0x3c, 0x6b, 0x34, 0x6b, 0x34, 0x6c, 0x34, 0x6b, 0x34, 0x6b, 0x3c,
    0x6b, 0x34, 0x6b, 0x34, 0x6b, 0x34, 0xea, 0x4b, 0x85, 0x82, 0xa4, 0x92,
    0xc4, 0x92, 0xc4, 0x9a, 0xc4, 0x9a, 0xe4, 0x9a, 0xe4, 0xa2, 0xe4, 0x9a,
    0xe4, 0xa2, 0xe4, 0xa2, 0xe4, 0xa2, 0xe4, 0xa2, 0xe4, 0xa2, 0xe4, 0xa2,
    0xe5, 0x9a, 0x05, 0x9b, 0x05, 0xa3, 0x05, 0x9b, 0x05, 0xa3, 0x05, 0xa3,
    0x05, 0xa3, 0x25, 0xa3, 0x05, 0xa3, 0x05, 0xa3, 0x05, 0xa3, 0x25, 0xa3,
    0x05, 0xa3, 0x05, 0xa3, 0x05, 0x9b, 0x05, 0xa3, 0x05, 0xa3, 0x05, 0x9b,
    0x05, 0xa3, 0x06, 0x9b, 0xc5, 0x92, 0xa5, 0x8a, 0x85, 0x82, 0x85, 0x82,
    0x85, 0x82, 0x65, 0x82, 0x86, 0x82, 0x65, 0x7a, 0x0f, 0x64, 0x36, 0x4d,
    0x36, 0x4d, 0x15, 0x4d, 0x36, 0x4d, 0x36, 0x45, 0x8e, 0x43, 0x01, 0x41,
    0x61, 0x51, 0xa1, 0x92, 0x01, 0xa3, 0x21, 0xab, 0x21, 0xab, 0x21, 0xab,
    0x21, 0xab, 0x21, 0xab, 0x01, 0xab, 0xe1, 0xa2, 0xe1, 0xa2, 0xc1, 0xa2,
    0xa0, 0x9a, 0xa1, 0x92, 0x80, 0x92, 0x81, 0x92, 0x80, 0x92, 0xe1, 0x69,
    0x20, 0x39, 0x00, 0xb5, 0xe0, 0xfe, 0xc0, 0xfe, 0xc0, 0xfe, 0x40, 0xde,
    0x00, 0x52, 0x60, 0x49, 0xc0, 0x61, 0x00, 0x31, 0xa0, 0xac, 0xc0, 0xfe,
    0xc0, 0xfe, 0xc0, 0xfe, 0x80, 0xee, 0x40, 0x62, 0x20, 0x39, 0x00, 0xb5,
    0xe0, 0xfe, 0xc0, 0xfe, 0xc0, 0xfe, 0xc0, 0xfe, 0xe0, 0x72, 0x40, 0x41,
    0x01, 0x6a, 0x00, 0x39, 0xc0, 0x49, 0xc0, 0xcd, 0xe0, 0xfe, 0xe0, 0xfe,
    0xc0, 0xfe, 0xc0, 0xfe, 0xc0, 0xfe, 0xc0, 0xfe, 0xc0, 0xfe, 0xe0, 0xfe,
    0xe0, 0xfe, 0xe1, 0xd5, 0x20, 0x5a, 0xe0, 0x30, 0x00, 0x7b, 0xc0, 0xfe,
    0xc0, 0xfe, 0xc0, 0xfe, 0xc0, 0xf6, 0x00, 0x94, 0xc0, 0x30, 0xe0, 0x61,
    0x20, 0x41, 0xe0, 0x6a, 0xa0, 0xee, 0xc0, 0xfe, 0xc0, 0xfe, 0xe0, 0xfe,
    0x80, 0xa4, 0x00, 0x39, 0xe0, 0x61, 0x80, 0x8a, 0x61, 0x8a, 0x40, 0x82,
    0x40, 0x41, 0xc0, 0x51, 0xe0, 0xcd, 0xe0, 0xfe, 0xc0, 0xfe, 0xc0, 0xfe,
    0xc0, 0xfe, 0xc0, 0xfe, 0xc0, 0xfe, 0xc0, 0xfe, 0xc0, 0xfe, 0x80, 0xe6,
    0x01, 0x73, 0x00, 0x39, 0x81, 0x51, 0xc1, 0x61, 0x00, 0x39, 0x80, 0x49,
    0x60, 0xbd, 0xe1, 0xfe, 0xc0, 0xfe, 0xc0, 0xfe, 0xc0, 0xfe, 0xc0, 0xfe,
    0xc0, 0xfe, 0xc0, 0xfe, 0xe0, 0xfe, 0xc0, 0xcd, 0xa1, 0x49, 0x00, 0x39,
    0xe0, 0x30, 0x20, 0x5a, 0x20, 0xde, 0xc0, 0xfe, 0xc0, 0xfe, 0xc0, 0xfe,
    0xc0, 0xfe, 0xc0, 0xfe, 0xc0, 0xfe, 0xc0, 0xfe, 0xc0, 0xfe, 0x20, 0xd6,
    0x40, 0x5a, 0xe0, 0x30, 0x60, 0x49, 0x20, 0x41, 0x00, 0x52, 0x60, 0xe6,
    0xc0, 0xfe, 0xc0, 0xfe, 0xc0, 0xfe, 0x00, 0xbd, 0x40, 0x39, 0x00, 0x39,
    0xe0, 0x72, 0xc0, 0xf6, 0xc0, 0xfe, 0xe0, 0xfe, 0xe0, 0xfe, 0x40, 0xbd,
    0x20, 0x39, 0x61, 0x41, 0xa0, 0xcd, 0xc0, 0xfe, 0xe0, 0xfe, 0xe0, 0xfe,
    0xe0, 0xfe, 0xc0, 0xfe, 0xc0, 0xfe, 0xe0, 0xfe, 0xc0, 0xfe, 0xe0, 0xfe,
    0x40, 0xbd, 0x20, 0x39, 0xa0, 0x59, 0x81, 0x92, 0x80, 0x8a, 0x60, 0x8a,
    0x60, 0x8a, 0x81, 0x8a, 0x81, 0x8a, 0x81, 0x8a, 0x61, 0x8a, 0x81, 0x8a,
    0x80, 0x8a, 0x81, 0x8a, 0x60, 0x82, 0xe0, 0x69, 0x60, 0x51, 0x01, 0x41,
    0x6e, 0x43, 0x57, 0x45, 0x36, 0x45, 0x36, 0x45, 0x37, 0x45, 0x36, 0x45,
    0x57, 0x45, 0x37, 0x45, 0x36, 0x45, 0x13, 0x3d, 0x8d, 0x3c, 0x6c, 0x3c,
    0x6c, 0x3c, 0x6b, 0x3c, 0x6b, 0x3c, 0x6b, 0x3c, 0x6b, 0x34, 0x6b, 0x3c,
    0x6b, 0x3c, 0x4b, 0x34, 0x6b, 0x3c, 0xa8, 0x53, 0x64, 0x8a, 0x84, 0x8a,
    0xa5, 0x92, 0xc4, 0x9a, 0xc5, 0x9a, 0xe4, 0xa2, 0xe4, 0x9a, 0xc4, 0xa2,
    0xe4, 0xa2, 0xe5, 0xa2, 0xe4, 0xa2, 0xe4, 0xa2, 0xe4, 0x9a, 0xe4, 0xa2,
    0xe5, 0x9a, 0x05, 0x9b, 0x05, 0x9b, 0x05, 0xa3, 0x05, 0x9b, 0x05, 0xa3,
    0x25, 0xa3, 0x05, 0x9b, 0x05, 0xa3, 0x25, 0xa3, 0x05, 0xa3, 0x05, 0xa3,
    0x05, 0xa3, 0x05, 0xa3, 0x05, 0xa3, 0x05, 0x9b, 0x06, 0x9b, 0xe5, 0x9a,
    0xa5, 0x92, 0x85, 0x8a, 0x85, 0x82, 0x85, 0x82, 0x85, 0x82, 0x86, 0x82,
    0x85, 0x82, 0x85, 0x82, 0x86, 0x82, 0x65, 0x7a, 0x6b, 0x6b, 0x56, 0x4d,
    0x36, 0x4d, 0x36, 0x4d, 0x36, 0x45, 0x36, 0x4d, 0x0b, 0x43, 0xe0, 0x40,
    0x41, 0x82, 0xe1, 0xa2, 0xa1, 0x92, 0xc1, 0x9a, 0xa1, 0x92, 0x81, 0x92,
    0xa1, 0x92, 0x80, 0x92, 0x81, 0x92, 0x80, 0x92, 0x80, 0x92, 0x80, 0x8a,
    0x80, 0x8a, 0x61, 0x8a, 0x80, 0x8a, 0x80, 0x8a, 0x61, 0x8a, 0xe0, 0x69,
    0x00, 0x39, 0xe0, 0x93, 0x20, 0xde, 0x20, 0xde, 0x20, 0xde, 0x40, 0xbd,
    0x80, 0x49, 0x61, 0x49, 0xc0, 0x61, 0x00, 0x31, 0xc0, 0x8b, 0x20, 0xde,
    0x20, 0xde, 0x40, 0xde, 0xc1, 0xcd, 0x00, 0x52, 0x00, 0x39, 0x01, 0x94,
    0x00, 0xd6, 0x00, 0xde, 0x00, 0xde, 0xe1, 0xd5, 0x80, 0x62, 0x40, 0x41,
    0x61, 0x82, 0xc0, 0x61, 0xe0, 0x30, 0x60, 0x41, 0x81, 0x7b, 0xc0, 0xcd,
    0xe0, 0xf6, 0x20, 0xff, 0x20, 0xff, 0x00, 0xff, 0x80, 0xee, 0x40, 0xbd,
    0x20, 0x73, 0x40, 0x41, 0x00, 0x31, 0x00, 0x31, 0x00, 0x52, 0xa0, 0xc5,
    0x20, 0xde, 0x20, 0xde, 0x20, 0xde, 0x61, 0x7b, 0xc0, 0x30, 0x01, 0x6a,
    0x40, 0x41, 0x00, 0x52, 0x81, 0xc5, 0x20, 0xde, 0x20, 0xde, 0x20, 0xde,
    0xa0, 0x8b, 0x00, 0x39, 0xc0, 0x61, 0x60, 0x8a, 0x61, 0x8a, 0x60, 0x8a,
    0xc0, 0x61, 0x00, 0x39, 0x80, 0x41, 0xa0, 0x83, 0xc0, 0xcd, 0x00, 0xff,
    0x40, 0xff, 0x20, 0xff, 0x20, 0xff, 0xa0, 0xee, 0xa1, 0xa4, 0xe0, 0x49,
    0x00, 0x39, 0x40, 0x49, 0x40, 0x82, 0x41, 0x82, 0x80, 0x51, 0x00, 0x31,
    0x40, 0x41, 0x20, 0x7b, 0xc0, 0xcd, 0xe0, 0xfe, 0x20, 0xff, 0x20, 0xff,
    0x20, 0xff, 0x80, 0xe6, 0x21, 0x9c, 0x80, 0x41, 0xe0, 0x30, 0x60, 0x49,
    0x60, 0x49, 0xe0, 0x30, 0x80, 0x41, 0xc1, 0x8b, 0x00, 0xd6, 0x00, 0xff,
    0x40, 0xff, 0x20, 0xff, 0x00, 0xff, 0x00, 0xd6, 0xa0, 0x83, 0x61, 0x41,
    0xe0, 0x30, 0x60, 0x49, 0x41, 0x82, 0x40, 0x49, 0x80, 0x41, 0x41, 0xb5,
    0x20, 0xde, 0x20, 0xde, 0x20, 0xde, 0x40, 0x9c, 0x00, 0x39, 0x00, 0x39,
    0x40, 0x41, 0xc0, 0xa4, 0x20, 0xde, 0x20, 0xde, 0x20, 0xde, 0x20, 0xb5,
    0x60, 0x41, 0x20, 0x39, 0xc0, 0xac, 0x20, 0xde, 0x20, 0xde, 0x20, 0xde,
    0x20, 0xde, 0x20, 0xde, 0x20, 0xde, 0x20, 0xd6, 0x20, 0xde, 0x20, 0xde,
    0x60, 0x9c, 0x20, 0x39, 0x80, 0x51, 0x60, 0x8a, 0x61, 0x8a, 0x60, 0x8a,
    0x60, 0x8a, 0x60, 0x8a, 0x60, 0x8a, 0x60, 0x8a, 0x60, 0x8a, 0x60, 0x8a,
    0x61, 0x8a, 0x61, 0x82, 0x60, 0x8a, 0x61, 0x8a, 0x21, 0x7a, 0x01, 0x41,
    0xcb, 0x42, 0x57, 0x45, 0x36, 0x45, 0x57, 0x45, 0x36, 0x45, 0x36, 0x45,
    0x56, 0x45, 0x36, 0x45, 0x36, 0x45, 0xf3, 0x3c, 0x8d, 0x3c, 0x6b, 0x3c,
    0x6b, 0x3c, 0x6c, 0x34, 0x6b, 0x34, 0x6b, 0x3c, 0x4b, 0x34, 0x6b, 0x34,
    0x6b, 0x3c, 0x4b, 0x34, 0x6b, 0x34, 0x88, 0x5b, 0x44, 0x8a, 0x64, 0x8a,
    0x84, 0x92, 0xc5, 0x9a, 0xe4, 0x9a, 0xe5, 0x9a, 0xe4, 0xa2, 0xe4, 0xa2,
    0xe4, 0x9a, 0xe4, 0xa2, 0xe5, 0xa2, 0xe4, 0xa2, 0xe4, 0xa2, 0xe5, 0xa2,
    0xa5, 0x92, 0xe5, 0x9a, 0x05, 0x9b, 0x05, 0x9b, 0x05, 0xa3, 0x05, 0xa3,
    0x05, 0x9b, 0x25, 0xa3, 0x25, 0xa3, 0x25, 0xa3, 0x05, 0x9b, 0x06, 0x9b,
    0x05, 0x9b, 0x06, 0x9b, 0x05, 0x9b, 0xe5, 0x92, 0xa5, 0x92, 0x85, 0x8a,
    0x85, 0x82, 0x85, 0x82, 0x85, 0x82, 0x85, 0x82, 0x85, 0x8a, 0x85, 0x82,
    0x85, 0x82, 0x65, 0x82, 0x65, 0x82, 0x85, 0x7a, 0xe8, 0x72, 0x15, 0x4d,
    0x36, 0x4d, 0x36, 0x4d, 0x36, 0x45, 0x36, 0x45, 0xaa, 0x42, 0x00, 0x41,
    0x21, 0x7a, 0x81, 0x92, 0xa1, 0x92, 0xa1, 0x92, 0x81, 0x92, 0x81, 0x92,
    0xa0, 0x92, 0x81, 0x92, 0x80, 0x92, 0x81, 0x92, 0x80, 0x8a, 0x80, 0x92,
    0x81, 0x92, 0x60, 0x8a, 0x80, 0x8a, 0x61, 0x8a, 0x80, 0x8a, 0x40, 0x7a,
    0x20, 0x41, 0xc0, 0x30, 0xc0, 0x28, 0xc0, 0x28, 0xc0, 0x28, 0xa0, 0x28,
    0xe0, 0x30, 0xc0, 0x61, 0x41, 0x82, 0x20, 0x41, 0xc0, 0x30, 0xc0, 0x28,
    0xc0, 0x30, 0xc0, 0x28, 0xc1, 0x28, 0xe0, 0x30, 0x00, 0x39, 0xc0, 0x28,
    0xa0, 0x28, 0xa0, 0x28, 0xc0, 0x28, 0xa0, 0x28, 0xe0, 0x30, 0x81, 0x59,
    0x61, 0x8a, 0x60, 0x8a, 0xe1, 0x69, 0x40, 0x39, 0xe0, 0x30, 0xa0, 0x28,
    0x20, 0x39, 0x80, 0x41, 0xa0, 0x41, 0x60, 0x39, 0xe1, 0x30, 0xa0, 0x28,
    0xe0, 0x30, 0x20, 0x39, 0xa0, 0x51, 0x60, 0x51, 0xe0, 0x30, 0xa0, 0x28,
    0xa0, 0x28, 0xc0, 0x30, 0xe0, 0x30, 0xc0, 0x30, 0x20, 0x41, 0x41, 0x82,
    0xa1, 0x59, 0xe0, 0x30, 0xa0, 0x28, 0xa0, 0x28, 0xc0, 0x28, 0xc0, 0x28,
    0xc0, 0x30, 0x41, 0x41, 0x20, 0x7a, 0x60, 0x8a, 0x60, 0x82, 0x61, 0x82,
    0x41, 0x82, 0x80, 0x51, 0x20, 0x39, 0xe1, 0x30, 0xc0, 0x28, 0x41, 0x41,
    0xe0, 0x49, 0x40, 0x5a, 0xc0, 0x49, 0x20, 0x39, 0xa0, 0x28, 0x00, 0x39,
    0x60, 0x51, 0x40, 0x82, 0x60, 0x82, 0x40, 0x82, 0x60, 0x82, 0xc0, 0x69,
    0x20, 0x41, 0xe0, 0x30, 0xc0, 0x28, 0x60, 0x39, 0xe0, 0x51, 0x00, 0x52,
    0xa0, 0x41, 0x00, 0x31, 0xc0, 0x30, 0x20, 0x39, 0xa0, 0x59, 0x41, 0x82,
    0x41, 0x8a, 0xa0, 0x59, 0x20, 0x39, 0xc0, 0x30, 0xc0, 0x28, 0x60, 0x39,
    0x00, 0x52, 0x20, 0x52, 0x81, 0x41, 0xe0, 0x30, 0xc0, 0x30, 0x20, 0x41,
    0xa0, 0x59, 0x41, 0x82, 0x60, 0x82, 0xc0, 0x61, 0xe0, 0x30, 0xa0, 0x28,
    0xc0, 0x28, 0xc0, 0x28, 0xc0, 0x28, 0xc0, 0x30, 0x20, 0x39, 0xa1, 0x59,
    0x00, 0x39, 0xa0, 0x28, 0xa0, 0x28, 0xa0, 0x28, 0xc0, 0x30, 0xa0, 0x28,
    0xe0, 0x30, 0x00, 0x39, 0xc0, 0x28, 0xc0, 0x28, 0xc0, 0x28, 0xc0, 0x28,
    0xc0, 0x28, 0xc0, 0x28, 0xa0, 0x28, 0xc0, 0x28, 0xc0, 0x28, 0xa0, 0x28,
    0xc0, 0x28, 0x00, 0x39, 0xc0, 0x61, 0x60, 0x8a, 0x40, 0x82, 0x61, 0x8a,
    0x60, 0x8a, 0x60, 0x82, 0x60, 0x8a, 0x61, 0x8a, 0x60, 0x8a, 0x60, 0x8a,
    0x60, 0x8a, 0x60, 0x82, 0x60, 0x8a, 0x61, 0x82, 0x21, 0x7a, 0x01, 0x41,
    0xec, 0x42, 0x57, 0x45, 0x36, 0x45, 0x36, 0x45, 0x37, 0x3d, 0x56, 0x45,
    0x56, 0x45, 0x36, 0x45, 0x36, 0x3d, 0xf2, 0x3c, 0x8d, 0x3c, 0x6b, 0x3c,
    0x6b, 0x3c, 0x6c, 0x3c, 0x6c, 0x34, 0x6b, 0x3c, 0x6b, 0x3c, 0x6c, 0x34,
    0x4b, 0x3c, 0x4b, 0x34, 0x6b, 0x34, 0x48, 0x5b, 0x44, 0x8a, 0x64, 0x82,
    0x84, 0x8a, 0xa4, 0x92, 0xc4, 0x9a, 0xe4, 0x9a, 0xe4, 0xa2, 0xe4, 0xa2,
    0xe5, 0xa2, 0xe4, 0xa2, 0xe4, 0x9a, 0xe4, 0xa2, 0xe4, 0xa2, 0xc4, 0x9a,
    0x84, 0x8a, 0xc5, 0x92, 0xe5, 0x9a, 0x05, 0x9b, 0x05, 0x9b, 0x05, 0xa3,
    0x05, 0xa3, 0x05, 0xa3, 0x05, 0xa3, 0x05, 0x9b, 0x05, 0x9b, 0xe5, 0x9a,
    0xe5, 0x9a, 0xa5, 0x92, 0x85, 0x8a, 0x85, 0x8a, 0x85, 0x8a, 0x85, 0x82,
    0x65, 0x82, 0x65, 0x82, 0x65, 0x82, 0x65, 0x82, 0x65, 0x82, 0x85, 0x82,
    0x86, 0x82, 0x65, 0x82, 0x65, 0x82, 0x86, 0x7a, 0x86, 0x7a, 0x92, 0x5c,
    0x56, 0x4d, 0x56, 0x4d, 0x36, 0x4d, 0x16, 0x45, 0x48, 0x42, 0x00, 0x41,
    0x01, 0x7a, 0x81, 0x92, 0xa1, 0x92, 0x80, 0x92, 0x81, 0x92, 0x81, 0x92,
    0x80, 0x92, 0x81, 0x92, 0x81, 0x92, 0x80, 0x92, 0x81, 0x8a, 0x81, 0x92,
    0x80, 0x92, 0x80, 0x8a, 0x61, 0x8a, 0x60, 0x8a, 0x61, 0x8a, 0x61, 0x8a,
    0x40, 0x82, 0x80, 0x59, 0x40, 0x49, 0x40, 0x49, 0x40, 0x49, 0x80, 0x51,
    0xe1, 0x71, 0x61, 0x8a, 0x81, 0x8a, 0x20, 0x7a, 0x80, 0x51, 0x40, 0x41,
    0x40, 0x41, 0x20, 0x41, 0x40, 0x49, 0xc0, 0x61, 0x41, 0x82, 0xc1, 0x61,
    0x40, 0x49, 0x20, 0x41, 0x20, 0x41, 0x40, 0x41, 0xa0, 0x61, 0x40, 0x82,
    0x40, 0x82, 0x61, 0x82, 0x60, 0x8a, 0x61, 0x82, 0xe0, 0x69, 0x40, 0x49,
    0x00, 0x39, 0xe0, 0x30, 0xe0, 0x30, 0xe0, 0x30, 0x20, 0x39, 0x60, 0x49,
    0xc0, 0x69, 0x41, 0x82, 0x61, 0x8a, 0x61, 0x82, 0xc0, 0x61, 0x40, 0x49,
    0x40, 0x41, 0x40, 0x39, 0x20, 0x41, 0x80, 0x51, 0x21, 0x7a, 0x60, 0x82,
    0x60, 0x82, 0xe0, 0x69, 0x80, 0x51, 0x40, 0x49, 0x40, 0x49, 0x60, 0x49,
    0xa0, 0x59, 0x21, 0x7a, 0x60, 0x82, 0x61, 0x82, 0x40, 0x8a, 0x60, 0x8a,
    0x61, 0x8a, 0x60, 0x82, 0x20, 0x7a, 0x61, 0x51, 0x20, 0x39, 0xe0, 0x30,
    0x00, 0x31, 0xe0, 0x30, 0x00, 0x31, 0x20, 0x39, 0x80, 0x51, 0x21, 0x72,
    0x61, 0x8a, 0x60, 0x82, 0x41, 0x82, 0x40, 0x82, 0x40, 0x82, 0x61, 0x82,
    0x41, 0x82, 0xe1, 0x71, 0x40, 0x51, 0x00, 0x41, 0x00, 0x39, 0x01, 0x31,
    0x20, 0x39, 0x40, 0x49, 0xa1, 0x61, 0x40, 0x7a, 0x61, 0x8a, 0x40, 0x82,
    0x60, 0x82, 0x61, 0x8a, 0x40, 0x82, 0xc0, 0x61, 0x40, 0x49, 0x00, 0x39,
    0xe0, 0x30, 0xe0, 0x30, 0x00, 0x39, 0x40, 0x49, 0xc0, 0x61, 0x41, 0x82,
    0x60, 0x82, 0x40, 0x82, 0x40, 0x82, 0x61, 0x82, 0xe1, 0x69, 0x60, 0x51,
    0x40, 0x49, 0x40, 0x49, 0x40, 0x41, 0x40, 0x49, 0x01, 0x72, 0x61, 0x82,
    0x20, 0x7a, 0xa1, 0x59, 0x40, 0x49, 0x20, 0x41, 0x40, 0x49, 0x60, 0x51,
    0xe1, 0x69, 0xc0, 0x61, 0x40, 0x49, 0x20, 0x41, 0x20, 0x41, 0x20, 0x41,
    0x20, 0x41, 0x20, 0x39, 0x20, 0x41, 0x20, 0x39, 0x20, 0x41, 0x40, 0x41,
    0x61, 0x49, 0xe1, 0x69, 0x61, 0x8a, 0x60, 0x82, 0x60, 0x82, 0x60, 0x82,
    0x61, 0x8a, 0x61, 0x82, 0x61, 0x82, 0x60, 0x82, 0x40, 0x82, 0x41, 0x82,
    0x40, 0x82, 0x40, 0x82, 0x40, 0x82, 0x40, 0x82, 0x20, 0x7a, 0x21, 0x41,
    0xec, 0x42, 0x57, 0x3d, 0x36, 0x45, 0x36, 0x45, 0x37, 0x3d, 0x57, 0x45,
    0x37, 0x45, 0x36, 0x45, 0x36, 0x45, 0xf2, 0x3c, 0x6d, 0x3c, 0x6c, 0x3c,
    0x8b, 0x34, 0x6b, 0x3c, 0x6b, 0x34, 0x6b, 0x34, 0x6b, 0x34, 0x6b, 0x3c,
    0x4b, 0x34, 0x6b, 0x34, 0x4b, 0x34, 0x27, 0x6b, 0x44, 0x8a, 0x64, 0x82,
    0x64, 0x8a, 0x84, 0x92, 0xc4, 0x9a, 0xe4, 0x9a, 0xe5, 0xa2, 0xe4, 0xa2,
    0xe4, 0xa2, 0xe4, 0xa2, 0xe4, 0xa2, 0xe4, 0x9a, 0xe4, 0x9a, 0xc4, 0x9a,
    0x64, 0x8a, 0x85, 0x8a, 0xc5, 0x92, 0xe5, 0x9a, 0x05, 0x9b, 0x05, 0x9b,
    0x05, 0x9b, 0xe5, 0x9a, 0xe5, 0x9a, 0xc5, 0x92, 0xa5, 0x92, 0xa5, 0x8a,
    0x85, 0x8a, 0x85, 0x8a, 0x85, 0x82, 0x85, 0x82, 0x65, 0x82, 0x65, 0x82,
    0x65, 0x82, 0x85, 0x82, 0x65, 0x82, 0x85, 0x82, 0x65, 0x82, 0x85, 0x82,
    0x85, 0x82, 0x65, 0x82, 0x85, 0x7a, 0x65, 0x82, 0x65, 0x7a, 0xee, 0x63,
    0x36, 0x55, 0x56, 0x55, 0x56, 0x4d, 0x15, 0x4d, 0x27, 0x42, 0x01, 0x41,
    0x21, 0x7a, 0x80, 0x92, 0x81, 0x8a, 0x81, 0x92, 0x80, 0x92, 0xa1, 0x92,
    0x81, 0x92, 0x80, 0x92, 0x80, 0x8a, 0x80, 0x92, 0x80, 0x92, 0x81, 0x8a,
    0x61, 0x8a, 0x81, 0x92, 0x80, 0x8a, 0x60, 0x8a, 0x60, 0x8a, 0x60, 0x8a,
    0x61, 0x8a, 0x81, 0x8a, 0x81, 0x92, 0x81, 0x8a, 0x81, 0x8a, 0x80, 0x92,
    0x60, 0x8a, 0x60, 0x8a, 0x60, 0x8a, 0x60, 0x8a, 0x61, 0x8a, 0x61, 0x8a,
    0x60, 0x8a, 0x80, 0x8a, 0x61, 0x8a, 0x60, 0x8a, 0x60, 0x82, 0x61, 0x8a,
    0x80, 0x8a, 0x60, 0x8a, 0x61, 0x8a, 0x80, 0x8a, 0x60, 0x8a, 0x40, 0x82,
    0x60, 0x82, 0x40, 0x82, 0x60, 0x8a, 0x40, 0x82, 0x61, 0x8a, 0x60, 0x8a,
    0x61, 0x82, 0x41, 0x82, 0x40, 0x82, 0x40, 0x82, 0x61, 0x8a, 0x60, 0x8a,
    0x60, 0x8a, 0x60, 0x82, 0x60, 0x8a, 0x40, 0x82, 0x61, 0x8a, 0x80, 0x8a,
    0x60, 0x8a, 0x61, 0x8a, 0x60, 0x8a, 0x60, 0x8a, 0x61, 0x8a, 0x60, 0x8a,
    0x60, 0x8a, 0x61, 0x8a, 0x60, 0x8a, 0x80, 0x8a, 0x81, 0x8a, 0x60, 0x8a,
    0x60, 0x8a, 0x60, 0x8a, 0x60, 0x82, 0x40, 0x82, 0x40, 0x82, 0x60, 0x8a,
    0x40, 0x82, 0x40, 0x82, 0x60, 0x8a, 0x60, 0x8a, 0x60, 0x8a, 0x40, 0x82,
    0x20, 0x7a, 0x20, 0x7a, 0x40, 0x82, 0x40, 0x8a, 0x60, 0x8a, 0x60, 0x82,
    0x40, 0x82, 0x40, 0x82, 0x60, 0x8a, 0x61, 0x82, 0x40, 0x82, 0x60, 0x82,
    0x40, 0x82, 0x41, 0x8a, 0x41, 0x8a, 0x21, 0x82, 0x01, 0x82, 0x20, 0x7a,
    0x41, 0x7a, 0x61, 0x82, 0x60, 0x82, 0x40, 0x82, 0x40, 0x82, 0x40, 0x82,
    0x40, 0x82, 0x40, 0x82, 0x41, 0x82, 0x61, 0x8a, 0x60, 0x8a, 0x41, 0x82,
    0x41, 0x82, 0x20, 0x82, 0x40, 0x82, 0x60, 0x8a, 0x61, 0x82, 0x40, 0x82,
    0x40, 0x82, 0x40, 0x8a, 0x40, 0x82, 0x40, 0x82, 0x60, 0x8a, 0x60, 0x8a,
    0x60, 0x8a, 0x61, 0x8a, 0x60, 0x8a, 0x60, 0x8a, 0x60, 0x8a, 0x40, 0x82,
    0x60, 0x82, 0x60, 0x8a, 0x61, 0x8a, 0x60, 0x8a, 0x61, 0x8a, 0x60, 0x8a,
    0x60, 0x8a, 0x61, 0x8a, 0x60, 0x8a, 0x61, 0x8a, 0x60, 0x8a, 0x61, 0x8a,
    0x61, 0x8a, 0x60, 0x8a, 0x61, 0x8a, 0x60, 0x8a, 0x60, 0x8a, 0x60, 0x8a,
    0x60, 0x8a, 0x60, 0x8a, 0x40, 0x82, 0x40, 0x8a, 0x41, 0x82, 0x60, 0x8a,
    0x40, 0x8a, 0x60, 0x82, 0x40, 0x8a, 0x40, 0x82, 0x60, 0x8a, 0x60, 0x82,
    0x41, 0x8a, 0x60, 0x8a, 0x60, 0x82, 0x40, 0x82, 0x00, 0x7a, 0x21, 0x41,
    0xeb, 0x42, 0x57, 0x45, 0x36, 0x3d, 0x56, 0x45, 0x36, 0x45, 0x36, 0x45,
    0x36, 0x45, 0x36, 0x45, 0x36, 0x45, 0xf2, 0x3c, 0x6c, 0x3c, 0x6c, 0x34,
    0x6c, 0x3c, 0x6b, 0x34, 0x6b, 0x3c, 0x6c, 0x34, 0x4b, 0x34, 0x6b, 0x3c,
    0x4b, 0x3c, 0x4b, 0x34, 0x4b, 0x3c, 0xe6, 0x6a, 0x64, 0x8a, 0x64, 0x82,
    0x64, 0x82, 0x64, 0x8a, 0xa5, 0x92, 0xe5, 0x9a, 0xe4, 0xa2, 0xe4, 0x9a,
    0xe4, 0xa2, 0xe5, 0xa2, 0xe4, 0xa2, 0xe4, 0xa2, 0xc4, 0x9a, 0x84, 0x92,
    0x85, 0x8a, 0x64, 0x82, 0x84, 0x8a, 0xa5, 0x92, 0xc5, 0x9a, 0xe5, 0x9a,
    0xc5, 0x9a, 0xc5, 0x92, 0xa5, 0x92, 0x85, 0x8a, 0x85, 0x8a, 0x65, 0x82,
    0x64, 0x82, 0x65, 0x8a, 0x65, 0x82, 0x65, 0x82, 0x85, 0x82, 0x85, 0x8a,
    0x65, 0x82, 0x65, 0x82, 0x85, 0x82, 0x65, 0x82, 0x65, 0x82, 0x86, 0x82,
    0x65, 0x82, 0x65, 0x82, 0x85, 0x7a, 0x65, 0x7a, 0x65, 0x7a, 0x2a, 0x73,
    0x35, 0x55, 0x35, 0x55, 0x36, 0x4d, 0x36, 0x4d, 0x68, 0x4a, 0x00, 0x41,
    0x00, 0x72, 0x81, 0x8a, 0x81, 0x92, 0x80, 0x92, 0x81, 0x8a, 0x80, 0x8a,
    0x80, 0x92, 0x81, 0x8a, 0x81, 0x8a, 0x81, 0x8a, 0x80, 0x8a, 0x80, 0x8a,
    0x80, 0x92, 0x60, 0x8a, 0x81, 0x8a, 0x60, 0x8a, 0x60, 0x8a, 0x61, 0x8a,
    0x60, 0x8a, 0x60, 0x8a, 0x60, 0x8a, 0x60, 0x8a, 0x60, 0x8a, 0x60, 0x82,
    0x60, 0x82, 0x41, 0x82, 0x60, 0x82, 0x40, 0x82, 0x60, 0x82, 0x60, 0x8a,
    0x61, 0x8a, 0x60, 0x82, 0x60, 0x8a, 0x60, 0x82, 0x60, 0x8a, 0x60, 0x82,
    0x60, 0x8a, 0x60, 0x8a, 0x60, 0x82, 0x40, 0x8a, 0x41, 0x8a, 0x40, 0x82,
    0x61, 0x8a, 0x40, 0x82, 0x40, 0x82, 0x60, 0x82, 0x40, 0x82, 0x40, 0x82,
    0x60, 0x82, 0x40, 0x82, 0x60, 0x82, 0x60, 0x82, 0x40, 0x82, 0x61, 0x82,
    0x40, 0x82, 0x40, 0x82, 0x40, 0x82, 0x40, 0x8a, 0x60, 0x82, 0x40, 0x82,
    0x40, 0x82, 0x60, 0x82, 0x40, 0x82, 0x61, 0x82, 0x40, 0x8a, 0x60, 0x82,
    0x40, 0x82, 0x41, 0x8a, 0x60, 0x8a, 0x60, 0x8a, 0x61, 0x8a, 0x40, 0x82,
    0x60, 0x82, 0x41, 0x82, 0x40, 0x82, 0x40, 0x82, 0x61, 0x8a, 0x40, 0x82,
    0x60, 0x82, 0x40, 0x8a, 0x41, 0x82, 0x60, 0x82, 0x60, 0x8a, 0x40, 0x82,
    0x41, 0x82, 0x60, 0x82, 0x40, 0x82, 0x61, 0x82, 0x40, 0x82, 0x60, 0x82,
    0x40, 0x82, 0x40, 0x82, 0x60, 0x82, 0x41, 0x82, 0x21, 0x9a, 0x03, 0xca,
    0x03, 0xe2, 0x03, 0xea, 0xe3, 0xe1, 0xc3, 0xe1, 0xc3, 0xe1, 0xc3, 0xd1,
    0xe2, 0xb9, 0x21, 0x92, 0x40, 0x7a, 0x40, 0x82, 0x40, 0x82, 0x40, 0x82,
    0x40, 0x82, 0x40, 0x82, 0x40, 0x82, 0x40, 0x82, 0x40, 0x82, 0x60, 0x82,
    0x40, 0x82, 0x40, 0x82, 0x40, 0x82, 0x40, 0x82, 0x40, 0x82, 0x40, 0x82,
    0x40, 0x82, 0x40, 0x82, 0x40, 0x82, 0x41, 0x8a, 0x40, 0x82, 0x40, 0x82,
    0x40, 0x82, 0x41, 0x82, 0x60, 0x82, 0x60, 0x82, 0x40, 0x82, 0x40, 0x82,
    0x40, 0x82, 0x40, 0x82, 0x40, 0x82, 0x40, 0x82, 0x60, 0x82, 0x40, 0x82,
    0x40, 0x82, 0x40, 0x82, 0x60, 0x82, 0x60, 0x82, 0x40, 0x82, 0x60, 0x82,
    0x60, 0x82, 0x60, 0x8a, 0x60, 0x82, 0x60, 0x82, 0x61, 0x82, 0x40, 0x82,
    0x40, 0x82, 0x40, 0x82, 0x60, 0x8a, 0x61, 0x82, 0x40, 0x82, 0x40, 0x82,
    0x41, 0x82, 0x40, 0x8a, 0x40, 0x8a, 0x61, 0x8a, 0x40, 0x82, 0x40, 0x82,
    0x40, 0x8a, 0x61, 0x82, 0x40, 0x8a, 0x40, 0x82, 0x00, 0x7a, 0x01, 0x41,
    0xec, 0x42, 0x57, 0x45, 0x36, 0x45, 0x37, 0x45, 0x36, 0x45, 0x57, 0x45,
    0x56, 0x45, 0x56, 0x45, 0x36, 0x3d, 0xd2, 0x3c, 0x8c, 0x3c, 0x6b, 0x3c,
    0x6b, 0x3c, 0x6c, 0x34, 0x4b, 0x3c, 0x4b, 0x34, 0x6b, 0x34, 0x4b, 0x34,
    0x6b, 0x34, 0x4b, 0x34, 0x2b, 0x3c, 0xc6, 0x72, 0x64, 0x8a, 0x64, 0x82,
    0x64, 0x8a, 0x64, 0x8a, 0x84, 0x8a, 0xa4, 0x9a, 0xe4, 0x9a, 0xe4, 0xa2,
    0xe4, 0xa2, 0xe4, 0xa2, 0xe4, 0x9a, 0xc4, 0x9a, 0xc5, 0x9a, 0x64, 0x8a,
    0x64, 0x82, 0x65, 0x82, 0x84, 0x8a, 0x85, 0x8a, 0xa5, 0x92, 0xa4, 0x92,
    0xa5, 0x92, 0xa5, 0x8a, 0xa5, 0x8a, 0x85, 0x8a, 0x85, 0x8a, 0x85, 0x8a,
    0x85, 0x82, 0x64, 0x82, 0x85, 0x82, 0x65, 0x82, 0x64, 0x82, 0x65, 0x82,
    0x85, 0x82, 0x65, 0x82, 0x65, 0x82, 0x65, 0x82, 0x65, 0x82, 0x85, 0x82,
    0x65, 0x82, 0x65, 0x7a, 0x85, 0x82, 0x65, 0x7a, 0x65, 0x7a, 0xc8, 0x72,
    0x14, 0x55, 0x56, 0x55, 0x56, 0x55, 0x76, 0x55, 0x0c, 0x4b, 0x01, 0x41,
    0x80, 0x59, 0x81, 0x92, 0x81, 0x8a, 0x81, 0x8a, 0x80, 0x8a, 0x81, 0x92,
    0x60, 0x8a, 0x80, 0x8a, 0x80, 0x8a, 0x61, 0x8a, 0x61, 0x8a, 0x60, 0x8a,
    0x60, 0x8a, 0x60, 0x8a, 0x60, 0x8a, 0x61, 0x8a, 0x61, 0x8a, 0x60, 0x8a,
    0x60, 0x8a, 0x60, 0x82, 0x61, 0x8a, 0x60, 0x82, 0x40, 0x82, 0x61, 0x8a,
    0x40, 0x82, 0x40, 0x82, 0x61, 0x8a, 0x41, 0x82, 0x40, 0x82, 0x40, 0x82,
    0x40, 0x82, 0x40, 0x82, 0x41, 0x82, 0x40, 0x82, 0x41, 0x82, 0x40, 0x82,
    0x40, 0x82, 0x41, 0x82, 0x40, 0x82, 0x40, 0x82, 0x40, 0x82, 0x41, 0x82,
    0x40, 0x82, 0x40, 0x82, 0x40, 0x82, 0x41, 0x82, 0x40, 0x82, 0x40, 0x82,
    0x40, 0x82, 0x40, 0x82, 0x41, 0x82, 0x60, 0x8a, 0x40, 0x82, 0x60, 0x82,
    0x41, 0x82, 0x40, 0x82, 0x40, 0x82, 0x41, 0x82, 0x40, 0x82, 0x40, 0x82,
    0x40, 0x82, 0x40, 0x82, 0x40, 0x82, 0x40, 0x82, 0x40, 0x82, 0x40, 0x82,
    0x40, 0x82, 0x40, 0x82, 0x40, 0x82, 0x40, 0x82, 0x60, 0x8a, 0x40, 0x82,
    0x60, 0x8a, 0x41, 0x8a, 0x40, 0x82, 0x40, 0x82, 0x40, 0x82, 0x41, 0x82,
    0x40, 0x82, 0x40, 0x82, 0x61, 0x82, 0x40, 0x82, 0x40, 0x8a, 0x41, 0x82,
    0x40, 0x82, 0x40, 0x8a, 0x41, 0x82, 0x40, 0x82, 0x40, 0x82, 0x60, 0x82,
    0x61, 0x82, 0x41, 0x82, 0x41, 0xa2, 0x63, 0xda, 0x63, 0xf2, 0x63, 0xf2,
    0x44, 0xea, 0x23, 0xea, 0x03, 0xea, 0xe3, 0xe9, 0xe3, 0xe1, 0xc3, 0xe1,
    0xa3, 0xe1, 0xa3, 0xe1, 0xa3, 0xc9, 0x02, 0xa2, 0x61, 0x7a, 0x40, 0x82,
    0x40, 0x82, 0x41, 0x82, 0x40, 0x82, 0x60, 0x82, 0x40, 0x82, 0x40, 0x82,
    0x40, 0x82, 0x41, 0x7a, 0x60, 0x7a, 0x40, 0x7a, 0x40, 0x7a, 0x41, 0x82,
    0x41, 0x82, 0x40, 0x82, 0x40, 0x82, 0x41, 0x82, 0x40, 0x82, 0x40, 0x82,
    0x41, 0x82, 0x40, 0x82, 0x40, 0x82, 0x41, 0x82, 0x41, 0x82, 0x40, 0x82,
    0x41, 0x82, 0x40, 0x8a, 0x40, 0x82, 0x40, 0x82, 0x40, 0x82, 0x40, 0x82,
    0x40, 0x82, 0x40, 0x82, 0x40, 0x82, 0x40, 0x82, 0x40, 0x82, 0x40, 0x82,
    0x40, 0x82, 0x41, 0x82, 0x40, 0x82, 0x40, 0x82, 0x61, 0x82, 0x40, 0x82,
    0x40, 0x82, 0x41, 0x82, 0x40, 0x82, 0x40, 0x82, 0x40, 0x82, 0x40, 0x82,
    0x40, 0x82, 0x40, 0x82, 0x40, 0x82, 0x40, 0x82, 0x41, 0x82, 0x40, 0x82,
    0x40, 0x82, 0x40, 0x82, 0x41, 0x82, 0x40, 0x82, 0x80, 0x59, 0x01, 0x41,
    0x2d, 0x43, 0x77, 0x45, 0x37, 0x45, 0x57, 0x45, 0x56, 0x45, 0x36, 0x45,
    0x36, 0x45, 0x36, 0x45, 0x35, 0x45, 0xf2, 0x3c, 0x8c, 0x3c, 0x6b, 0x3c,
    0x6b, 0x34, 0x6b, 0x3c, 0x6b, 0x34, 0x4b, 0x3c, 0x4b, 0x34, 0x4b, 0x3c,
    0x4b, 0x34, 0x4b, 0x34, 0x0a, 0x3c, 0xa5, 0x7a, 0x64, 0x8a, 0x64, 0x8a,
    0x65, 0x82, 0x64, 0x8a, 0x64, 0x8a, 0x84, 0x8a, 0xa4, 0x9a, 0xc5, 0x9a,
    0xe5, 0x9a, 0xe4, 0x9a, 0xe4, 0xa2, 0xc5, 0x9a, 0x84, 0x8a, 0x44, 0x82,
    0x65, 0x8a, 0x65, 0x8a, 0x85, 0x8a, 0xa5, 0x8a, 0xa5, 0x8a, 0xa5, 0x92,
    0xa5, 0x8a, 0xa4, 0x8a, 0x85, 0x8a, 0x84, 0x8a, 0x84, 0x8a, 0x85, 0x82,
    0x65, 0x8a, 0x85, 0x8a, 0x85, 0x82, 0x65, 0x82, 0x65, 0x82, 0x65, 0x82,
    0x85, 0x82, 0x85, 0x82, 0x85, 0x82, 0x65, 0x82, 0x65, 0x82, 0x65, 0x7a,
    0x65, 0x82, 0x86, 0x82, 0x65, 0x7a, 0x65, 0x7a, 0x66, 0x7a, 0x66, 0x7a,
    0x92, 0x5c, 0x56, 0x55, 0x56, 0x55, 0x56, 0x55, 0xb4, 0x4c, 0x84, 0x41,
    0x20, 0x41, 0xe0, 0x69, 0x80, 0x92, 0x60, 0x8a, 0x61, 0x8a, 0x81, 0x8a,
    0x60, 0x8a, 0x61, 0x8a, 0x60, 0x92, 0x60, 0x8a, 0x61, 0x8a, 0x60, 0x8a,
    0x61, 0x8a, 0x60, 0x8a, 0x60, 0x8a, 0x60, 0x8a, 0x60, 0x8a, 0x60, 0x8a,
    0x60, 0x82, 0x40, 0x82, 0x60, 0x8a, 0x40, 0x82, 0x41, 0x82, 0x60, 0x8a,
    0x60, 0x82, 0x40, 0x82, 0x40, 0x82, 0x40, 0x82, 0x40, 0x82, 0x40, 0x82,
    0x40, 0x82, 0x40, 0x82, 0x40, 0x82, 0x41, 0x82, 0x40, 0x82, 0x40, 0x82,
    0x40, 0x82, 0x40, 0x82, 0x41, 0x82, 0x40, 0x82, 0x40, 0x82, 0x40, 0x82,
    0x40, 0x82, 0x40, 0x82, 0x40, 0x82, 0x41, 0x82, 0x40, 0x82, 0x40, 0x82,
    0x40, 0x82, 0x40, 0x82, 0x40, 0x82, 0x40, 0x82, 0x40, 0x82, 0x40, 0x82,
    0x40, 0x82, 0x40, 0x82, 0x40, 0x82, 0x41, 0x82, 0x40, 0x82, 0x40, 0x82,
    0x40, 0x82, 0x40, 0x82, 0x40, 0x82, 0x40, 0x82, 0x41, 0x8a, 0x40, 0x8a,
    0x40, 0x82, 0x40, 0x82, 0x40, 0x82, 0x40, 0x82, 0x41, 0x82, 0x40, 0x82,
    0x40, 0x82, 0x40, 0x82, 0x40, 0x82, 0x40, 0x82, 0x40, 0x82, 0x40, 0x82,
    0x40, 0x82, 0x40, 0x82, 0x40, 0x82, 0x40, 0x82, 0x40, 0x82, 0x40, 0x82,
    0x40, 0x82, 0x40, 0x82, 0x40, 0x82, 0x40, 0x82, 0x40, 0x82, 0x41, 0x82,
    0x41, 0x8a, 0x62, 0xca, 0x83, 0xf2, 0x84, 0xf2, 0x63, 0xea, 0x63, 0xea,
    0x43, 0xea, 0x03, 0xea, 0xe3, 0xe9, 0xe3, 0xe1, 0xc3, 0xe1, 0xa3, 0xe1,
    0xa3, 0xe1, 0xa3, 0xe1, 0x83, 0xd9, 0x83, 0xe1, 0x83, 0xc9, 0x21, 0x8a,
    0x40, 0x7a, 0x40, 0x82, 0x41, 0x82, 0x40, 0x82, 0x41, 0x82, 0x40, 0x82,
    0x41, 0x82, 0x41, 0x8a, 0x22, 0x9a, 0x03, 0xaa, 0x03, 0xaa, 0x22, 0x92,
    0x41, 0x8a, 0x40, 0x82, 0x40, 0x82, 0x40, 0x82, 0x40, 0x82, 0x40, 0x82,
    0x40, 0x82, 0x40, 0x82, 0x40, 0x82, 0x40, 0x82, 0x20, 0x82, 0x40, 0x82,
    0x40, 0x82, 0x41, 0x82, 0x40, 0x82, 0x40, 0x82, 0x41, 0x82, 0x40, 0x82,
    0x40, 0x82, 0x41, 0x82, 0x40, 0x82, 0x40, 0x82, 0x41, 0x82, 0x40, 0x82,
    0x40, 0x82, 0x41, 0x82, 0x40, 0x82, 0x40, 0x82, 0x40, 0x82, 0x40, 0x82,
    0x40, 0x82, 0x40, 0x82, 0x40, 0x82, 0x40, 0x82, 0x40, 0x82, 0x40, 0x82,
    0x41, 0x82, 0x40, 0x82, 0x40, 0x82, 0x40, 0x82, 0x40, 0x82, 0x40, 0x82,
    0x40, 0x82, 0x40, 0x82, 0x60, 0x82, 0xa0, 0x61, 0x00, 0x39, 0x43, 0x41,
    0x52, 0x44, 0x36, 0x45, 0x56, 0x45, 0x36, 0x45, 0x56, 0x45, 0x56, 0x45,
    0x36, 0x45, 0x35, 0x45, 0x14, 0x45, 0xf1, 0x3c, 0x6c, 0x3c, 0x6c, 0x3c,
    0x6b, 0x34, 0x6b, 0x3c, 0x6b, 0x3c, 0x4b, 0x34, 0x4b, 0x34, 0x4b, 0x3c,
    0x4b, 0x34, 0x4b, 0x34, 0xea, 0x43, 0x85, 0x82, 0x65, 0x8a, 0x64, 0x82,
    0x64, 0x82, 0x64, 0x8a, 0x64, 0x8a, 0x64, 0x8a, 0x84, 0x8a, 0xc4, 0x9a,
    0xc4, 0x9a, 0xc5, 0xa2, 0xe4, 0x9a, 0xa4, 0x92, 0x44, 0x8a, 0x44, 0x82,
    0x64, 0x82, 0x84, 0x82, 0x84, 0x8a, 0x85, 0x8a, 0x84, 0x8a, 0xa4, 0x8a,
    0xa5, 0x92, 0xa5, 0x92, 0xa5, 0x8a, 0x85, 0x8a, 0x84, 0x8a, 0x85, 0x82,
    0x65, 0x82, 0x64, 0x82, 0x65, 0x82, 0x65, 0x82, 0x65, 0x8a, 0x65, 0x82,
    0x85, 0x82, 0x65, 0x82, 0x65, 0x82, 0x65, 0x82, 0x65, 0x82, 0x65, 0x7a,
    0x65, 0x7a, 0x65, 0x7a, 0x65, 0x7a, 0x65, 0x7a, 0x66, 0x7a, 0x65, 0x7a,
    0xee, 0x63, 0x77, 0x4d, 0x56, 0x55, 0x56, 0x55, 0x56, 0x4d, 0x4c, 0x4b,
    0xe1, 0x40, 0x00, 0x41, 0xe0, 0x71, 0x80, 0x92, 0x81, 0x8a, 0x60, 0x8a,
    0x80, 0x8a, 0x61, 0x8a, 0x60, 0x8a, 0x60, 0x8a, 0x60, 0x8a, 0x81, 0x8a,
    0x60, 0x8a, 0x61, 0x8a, 0x60, 0x8a, 0x60, 0x82, 0x60, 0x82, 0x40, 0x8a,
    0x60, 0x8a, 0x41, 0x82, 0x40, 0x82, 0x40, 0x82, 0x40, 0x82, 0x40, 0x82,
    0x40, 0x82, 0x40, 0x82, 0x40, 0x82, 0x40, 0x82, 0x40, 0x82, 0x41, 0x82,
    0x41, 0x82, 0x40, 0x82, 0x40, 0x82, 0x40, 0x82, 0x40, 0x82, 0x40, 0x82,
    0x40, 0x82, 0x40, 0x82, 0x40, 0x82, 0x40, 0x82, 0x40, 0x82, 0x40, 0x82,
    0x41, 0x82, 0x40, 0x82, 0x40, 0x82, 0x40, 0x82, 0x40, 0x82, 0x40, 0x82,
    0x40, 0x82, 0x41, 0x82, 0x40, 0x82, 0x40, 0x82, 0x41, 0x82, 0x40, 0x82,
    0x40, 0x82, 0x40, 0x82, 0x40, 0x82, 0x40, 0x82, 0x40, 0x82, 0x20, 0x82,
    0x41, 0x82, 0x40, 0x82, 0x41, 0x82, 0x40, 0x82, 0x40, 0x82, 0x61, 0x82,
    0x40, 0x82, 0x41, 0x82, 0x40, 0x82, 0x40, 0x82, 0x40, 0x82, 0x40, 0x82,
    0x40, 0x82, 0x40, 0x82, 0x40, 0x82, 0x40, 0x82, 0x41, 0x82, 0x40, 0x8a,
    0x40, 0x82, 0x40, 0x82, 0x40, 0x82, 0x40, 0x82, 0x40, 0x82, 0x40, 0x82,
    0x40, 0x82, 0x40, 0x82, 0x40, 0x82, 0x40, 0x8a, 0x60, 0x82, 0x41, 0x8a,
    0x83, 0xda, 0xa3, 0xf2, 0xa3, 0xf2, 0x84, 0xf2, 0x64, 0xf2, 0x23, 0xea,
    0x03, 0xea, 0xe3, 0xe9, 0xc3, 0xe9, 0xa3, 0xe1, 0xa3, 0xe1, 0x83, 0xe1,
    0x83, 0xd9, 0x83, 0xd9, 0x63, 0xd9, 0x63, 0xd9, 0x63, 0xd9, 0x63, 0xd1,
    0x02, 0x92, 0x80, 0x72, 0x60, 0x7a, 0x60, 0x72, 0x21, 0x8a, 0xe4, 0xb1,
    0xe5, 0xc9, 0xe5, 0xd9, 0xe5, 0xd9, 0xe5, 0xd9, 0xe6, 0xd9, 0xe5, 0xd9,
    0xc5, 0xd9, 0xc5, 0xc9, 0xe3, 0x99, 0x21, 0x7a, 0x20, 0x82, 0x20, 0x82,
    0x20, 0x82, 0x40, 0x82, 0x40, 0x82, 0x20, 0x82, 0x40, 0x82, 0x20, 0x82,
    0x40, 0x82, 0x40, 0x82, 0x20, 0x82, 0x40, 0x82, 0x40, 0x82, 0x40, 0x82,
    0x20, 0x82, 0x40, 0x82, 0x40, 0x82, 0x40, 0x82, 0x40, 0x82, 0x40, 0x82,
    0x40, 0x82, 0x40, 0x82, 0x40, 0x82, 0x40, 0x82, 0x40, 0x82, 0x40, 0x82,
    0x40, 0x82, 0x40, 0x82, 0x40, 0x82, 0x41, 0x82, 0x40, 0x82, 0x40, 0x82,
    0x40, 0x82, 0x40, 0x82, 0x41, 0x82, 0x40, 0x82, 0x40, 0x82, 0x40, 0x82,
    0x40, 0x82, 0x60, 0x8a, 0xa1, 0x61, 0x20, 0x41, 0xe1, 0x40, 0xec, 0x42,
    0x77, 0x45, 0x36, 0x45, 0x37, 0x45, 0x36, 0x45, 0x36, 0x45, 0x35, 0x45,
    0xf1, 0x3c, 0xaf, 0x3c, 0xaf, 0x3c, 0x8d, 0x3c, 0x6c, 0x3c, 0x6b, 0x3c,
    0x6b, 0x34, 0x4b, 0x34, 0x4b, 0x34, 0x4b, 0x34, 0x4b, 0x34, 0x4b, 0x3c,
    0x4b, 0x34, 0x4c, 0x34, 0xea, 0x43, 0x85, 0x82, 0x64, 0x8a, 0x64, 0x8a,
    0x64, 0x8a, 0x64, 0x8a, 0x64, 0x8a, 0x64, 0x8a, 0x64, 0x8a, 0xa4, 0x92,
    0xc4, 0x9a, 0xc4, 0x9a, 0x84, 0x92, 0x64, 0x8a, 0x44, 0x82, 0x24, 0x7a,
    0x64, 0x82, 0x85, 0x82, 0x85, 0x82, 0x85, 0x8a, 0x85, 0x8a, 0xa5, 0x8a,
    0xa5, 0x92, 0xa5, 0x92, 0xa5, 0x8a, 0xa5, 0x8a, 0x85, 0x8a, 0x85, 0x8a,
    0x85, 0x82, 0x85, 0x8a, 0x85, 0x8a, 0x65, 0x82, 0x65, 0x82, 0x65, 0x82,
    0x85, 0x82, 0x85, 0x82, 0x65, 0x82, 0x65, 0x82, 0x85, 0x82, 0x65, 0x7a,
    0x65, 0x7a, 0x65, 0x7a, 0x65, 0x7a, 0x65, 0x7a, 0x65, 0x7a, 0x45, 0x7a,
    0x2a, 0x6b, 0x55, 0x55, 0x56, 0x55, 0x56, 0x55, 0x56, 0x55, 0x15, 0x4d,
    0xe7, 0x49, 0x01, 0x41, 0x20, 0x41, 0xa0, 0x61, 0x00, 0x72, 0x00, 0x72,
    0x00, 0x72, 0x00, 0x72, 0xe0, 0x71, 0x00, 0x72, 0xe0, 0x71, 0xe0, 0x71,
    0xe0, 0x71, 0xe0, 0x71, 0xe0, 0x71, 0xe0, 0x69, 0xe1, 0x71, 0xe0, 0x69,
    0xe0, 0x69, 0xe0, 0x71, 0xe0, 0x69, 0xe0, 0x71, 0xe0, 0x71, 0xe0, 0x69,
    0xe1, 0x69, 0xe0, 0x71, 0xe0, 0x71, 0xe0, 0x69, 0xe0, 0x69, 0xe0, 0x71,
    0xe0, 0x69, 0xe0, 0x69, 0xe0, 0x69, 0xe0, 0x69, 0xe0, 0x69, 0xe0, 0x69,
    0xe0, 0x69, 0xc0, 0x69, 0xc0, 0x69, 0xc0, 0x69, 0xc0, 0x69, 0xc0, 0x69,
    0xc0, 0x69, 0xe0, 0x69, 0xc0, 0x69, 0xe0, 0x69, 0xe0, 0x69, 0xe0, 0x69,
    0xe0, 0x69, 0xc0, 0x71, 0xe0, 0x71, 0xc0, 0x69, 0xc0, 0x69, 0xc0, 0x69,
    0xc0, 0x69, 0xe1, 0x69, 0xc0, 0x69, 0xc0, 0x69, 0xc0, 0x69, 0xc0, 0x69,
    0xc0, 0x69, 0xc0, 0x69, 0xe0, 0x69, 0xe0, 0x69, 0xc0, 0x69, 0xe0, 0x69,
    0xe0, 0x69, 0xe0, 0x69, 0xe0, 0x69, 0xe0, 0x69, 0xe0, 0x69, 0xe0, 0x69,
    0xe0, 0x71, 0xe0, 0x69, 0xe0, 0x69, 0xc0, 0x69, 0xc0, 0x69, 0xe0, 0x69,
    0xc0, 0x69, 0xc0, 0x69, 0xc0, 0x69, 0xc1, 0x69, 0xc0, 0x69, 0xe0, 0x69,
    0xc0, 0x69, 0xc0, 0x69, 0xe0, 0x69, 0xc0, 0x69, 0x01, 0x8a, 0x83, 0xe2,
    0xc3, 0xf2, 0xc3, 0xf2, 0x83, 0xf2, 0x63, 0xf2, 0x43, 0xf2, 0x03, 0xea,
    0xe3, 0xe9, 0xc3, 0xe9, 0xa3, 0xe1, 0x82, 0xe1, 0x63, 0xe1, 0x63, 0xe1,
    0x42, 0xd9, 0x43, 0xd9, 0x43, 0xd9, 0x43, 0xd9, 0x43, 0xd9, 0x43, 0xd9,
    0x43, 0xc9, 0x21, 0x82, 0x41, 0x7a, 0xe4, 0xa9, 0xa5, 0xd1, 0xc6, 0xd9,
    0xe6, 0xd1, 0xe5, 0xd1, 0xe6, 0xd9, 0xe5, 0xd9, 0xe6, 0xd9, 0xe6, 0xd9,
    0xe5, 0xd9, 0xe5, 0xd9, 0xc6, 0xd9, 0xc4, 0xc1, 0xc2, 0x81, 0xc0, 0x69,
    0xc0, 0x69, 0xc0, 0x69, 0xc0, 0x69, 0xe0, 0x69, 0xc0, 0x69, 0xc0, 0x69,
    0xc0, 0x69, 0xc0, 0x69, 0xe0, 0x69, 0xc0, 0x69, 0xc0, 0x69, 0xc0, 0x69,
    0xc0, 0x69, 0xc0, 0x69, 0xc0, 0x69, 0xc0, 0x69, 0xc0, 0x69, 0xe0, 0x69,
    0xe0, 0x69, 0xc0, 0x69, 0xe0, 0x69, 0xe0, 0x69, 0xc0, 0x69, 0xc1, 0x69,
    0xe0, 0x69, 0xe0, 0x69, 0xc0, 0x69, 0xe0, 0x69, 0xe0, 0x69, 0xe0, 0x71,
    0xe0, 0x69, 0xe0, 0x69, 0xe0, 0x69, 0xe0, 0x69, 0xe0, 0x69, 0xc0, 0x69,
    0xc0, 0x69, 0x80, 0x59, 0x00, 0x41, 0x00, 0x41, 0xe7, 0x41, 0x36, 0x45,
    0x36, 0x45, 0x56, 0x45, 0x56, 0x45, 0x36, 0x45, 0x13, 0x3d, 0xaf, 0x3c,
    0x6d, 0x3c, 0x6c, 0x3c, 0x6c, 0x3c, 0x6b, 0x3c, 0x6b, 0x3c, 0x6b, 0x34,
    0x6b, 0x34, 0x6b, 0x3c, 0x6b, 0x3c, 0x4b, 0x3c, 0x4b, 0x34, 0x4b, 0x34,
    0x4b, 0x34, 0x4b, 0x34, 0xca, 0x4b, 0x64, 0x82, 0x64, 0x82, 0x64, 0x8a,
    0x65, 0x8a, 0x64, 0x82, 0x64, 0x82, 0x64, 0x8a, 0x64, 0x8a, 0x64, 0x8a,
    0xa4, 0x92, 0xa4, 0x92, 0x64, 0x8a, 0x44, 0x82, 0x44, 0x82, 0x24, 0x7a,
    0x64, 0x82, 0x64, 0x82, 0x85, 0x8a, 0x84, 0x8a, 0xa4, 0x8a, 0x85, 0x8a,
    0xa5, 0x8a, 0xa5, 0x8a, 0xa4, 0x92, 0x85, 0x8a, 0x85, 0x8a, 0x64, 0x8a,
    0x85, 0x82, 0x85, 0x82, 0x65, 0x8a, 0x65, 0x82, 0x85, 0x82, 0x65, 0x82,
    0x65, 0x82, 0x65, 0x82, 0x65, 0x7a, 0x65, 0x82, 0x65, 0x7a, 0x65, 0x7a,
    0x65, 0x82, 0x65, 0x82, 0x65, 0x7a, 0x66, 0x7a, 0x65, 0x7a, 0x45, 0x72,
    0x87, 0x72, 0xf4, 0x54, 0x56, 0x55, 0x76, 0x55, 0x56, 0x55, 0x77, 0x55,
    0xb3, 0x54, 0x63, 0x49, 0x00, 0x41, 0x00, 0x41, 0x00, 0x41, 0x00, 0x41,
    0x00, 0x41, 0x00, 0x41, 0x20, 0x41, 0x00, 0x41, 0x00, 0x41, 0x00, 0x41,
    0x00, 0x41, 0x00, 0x41, 0x00, 0x41, 0x00, 0x41, 0x00, 0x41, 0x00, 0x41,
    0x00, 0x41, 0x00, 0x41, 0x00, 0x41, 0x00, 0x41, 0x20, 0x41, 0x00, 0x41,
    0x00, 0x41, 0x00, 0x41, 0x00, 0x41, 0x01, 0x41, 0x00, 0x41, 0x00, 0x41,
    0x20, 0x41, 0x00, 0x41, 0x00, 0x41, 0x00, 0x41, 0x00, 0x41, 0x01, 0x41,
    0x00, 0x41, 0x00, 0x41, 0x00, 0x41, 0x01, 0x41, 0x00, 0x41, 0x00, 0x41,
    0x00, 0x41, 0x00, 0x41, 0x00, 0x41, 0x00, 0x41, 0x00, 0x41, 0x00, 0x41,
    0x00, 0x41, 0x00, 0x41, 0x00, 0x41, 0x00, 0x41, 0x00, 0x41, 0x00, 0x41,
    0x00, 0x41, 0x20, 0x41, 0x20, 0x41, 0x00, 0x41, 0x20, 0x41, 0x00, 0x41,
    0x00, 0x41, 0x00, 0x41, 0x00, 0x41, 0x00, 0x41, 0x00, 0x41, 0x20, 0x41,
    0x00, 0x41, 0x00, 0x41, 0x00, 0x41, 0x00, 0x41, 0x00, 0x41, 0x00, 0x41,
    0x00, 0x41, 0x00, 0x41, 0x00, 0x41, 0x00, 0x41, 0x00, 0x41, 0x00, 0x41,
    0x00, 0x41, 0x00, 0x41, 0x00, 0x41, 0x00, 0x41, 0x00, 0x41, 0x00, 0x49,
    0x00, 0x41, 0x01, 0x41, 0xe0, 0x40, 0x41, 0x61, 0x82, 0xda, 0xa3, 0xf2,
    0xa3, 0xf2, 0xa3, 0xf2, 0x63, 0xf2, 0x43, 0xf2, 0x03, 0xea, 0xe3, 0xe9,
    0xa2, 0xe9, 0x82, 0xe1, 0x82, 0xe1, 0x62, 0xe1, 0x42, 0xe1, 0x42, 0xd9,
    0x42, 0xd9, 0x43, 0xd9, 0x43, 0xd9, 0x23, 0xd1, 0x23, 0xd1, 0x23, 0xd1,
    0x23, 0xd9, 0x24, 0xc1, 0x84, 0xc1, 0xa5, 0xd1, 0xc5, 0xd1, 0xc5, 0xd9,
    0xc6, 0xd9, 0xe6, 0xd9, 0xe6, 0xd9, 0xe6, 0xd9, 0xe5, 0xd9, 0xe6, 0xd9,
    0xe6, 0xd9, 0xe6, 0xd9, 0xe5, 0xd1, 0xa5, 0xd1, 0x85, 0xd1, 0x42, 0x79,
    0x00, 0x41, 0x00, 0x41, 0x00, 0x41, 0x00, 0x41, 0x00, 0x41, 0x01, 0x41,
    0x00, 0x41, 0x00, 0x41, 0x01, 0x41, 0x00, 0x41, 0x00, 0x41, 0x01, 0x41,
    0x00, 0x41, 0x00, 0x41, 0x00, 0x41, 0x01, 0x41, 0x00, 0x41, 0x00, 0x41,
    0x00, 0x41, 0x00, 0x41, 0x00, 0x41, 0x00, 0x41, 0x00, 0x41, 0x00, 0x41,
    0x00, 0x41, 0x00, 0x41, 0x00, 0x41, 0x00, 0x41, 0x00, 0x41, 0x00, 0x41,
    0x00, 0x41, 0x00, 0x41, 0x00, 0x41, 0x00, 0x41, 0x00, 0x41, 0x20, 0x41,
    0x01, 0x41, 0x00, 0x41, 0x00, 0x41, 0x85, 0x41, 0xb4, 0x44, 0x36, 0x4d,
    0x36, 0x45, 0x57, 0x45, 0x56, 0x45, 0x14, 0x45, 0x8e, 0x3c, 0x6c, 0x3c,
    0x6b, 0x34, 0x6c, 0x34, 0x6b, 0x3c, 0x6b, 0x3c, 0x6b, 0x3c, 0x6b, 0x34,
    0x4b, 0x34, 0x4b, 0x34, 0x6b, 0x34, 0x4b, 0x34, 0x4b, 0x34, 0x4b, 0x34,
    0x4b, 0x34, 0x4b, 0x34, 0xa9, 0x4b, 0x64, 0x82, 0x65, 0x8a, 0x64, 0x82,
    0x64, 0x8a, 0x64, 0x82, 0x64, 0x8a, 0x64, 0x8a, 0x64, 0x8a, 0x84, 0x8a,
    0x84, 0x8a, 0x64, 0x8a, 0x64, 0x82, 0x44, 0x82, 0x44, 0x82, 0x24, 0x7a,
    0x64, 0x82, 0x65, 0x8a, 0x64, 0x8a, 0xa5, 0x8a, 0xa5, 0x8a, 0xa4, 0x92,
    0x85, 0x8a, 0xa4, 0x8a, 0x85, 0x8a, 0xa5, 0x8a, 0x85, 0x8a, 0x85, 0x82,
    0x85, 0x82, 0x65, 0x82, 0x85, 0x82, 0x85, 0x82, 0x64, 0x82, 0x65, 0x82,
    0x65, 0x82, 0x65, 0x82, 0x65, 0x82, 0x65, 0x7a, 0x65, 0x7a, 0x65, 0x82,
    0x65, 0x7a, 0x66, 0x7a, 0x65, 0x7a, 0x65, 0x7a, 0x45, 0x7a, 0x45, 0x72,
    0x45, 0x72, 0x50, 0x5c, 0x56, 0x4d, 0x76, 0x4d, 0x76, 0x55, 0x56, 0x55,
    0x76, 0x55, 0x72, 0x4c, 0x85, 0x41, 0xe0, 0x40, 0xe0, 0x40, 0xe1, 0x40,
    0xc0, 0x40, 0xe0, 0x40, 0xe1, 0x40, 0xc0, 0x40, 0xc0, 0x40, 0xe0, 0x40,
    0xc0, 0x40, 0xe0, 0x40, 0xc0, 0x40, 0xc0, 0x40, 0xc0, 0x40, 0xc0, 0x40,
    0xc0, 0x40, 0xc1, 0x40, 0xc0, 0x40, 0xc0, 0x40, 0xe1, 0x40, 0xc0, 0x40,
    0xc0, 0x40, 0xe0, 0x40, 0xc0, 0x40, 0xc0, 0x40, 0xc0, 0x40, 0xc0, 0x40,
    0xc0, 0x40, 0xc0, 0x40, 0xe0, 0x40, 0xc0, 0x40, 0xc0, 0x40, 0xc0, 0x40,
    0xc0, 0x40, 0xe0, 0x40, 0xe0, 0x40, 0xe0, 0x40, 0xe0, 0x40, 0xc0, 0x40,
    0xe1, 0x40, 0xc0, 0x40, 0xc0, 0x40, 0xe0, 0x40, 0xc1, 0x40, 0xc0, 0x40,
    0xc0, 0x40, 0xe0, 0x40, 0xe0, 0x40, 0xe0, 0x40, 0xc0, 0x40, 0xc0, 0x40,
    0xe0, 0x40, 0xc0, 0x40, 0xe0, 0x40, 0xe0, 0x40, 0xc0, 0x40, 0xe0, 0x40,
    0xc0, 0x40, 0xc0, 0x40, 0xe0, 0x40, 0xe0, 0x40, 0xe0, 0x40, 0xc0, 0x40,
    0xc0, 0x40, 0xc0, 0x40, 0xe0, 0x40, 0xc0, 0x40, 0xc1, 0x48, 0xe0, 0x40,
    0xc0, 0x40, 0xe1, 0x40, 0xe0, 0x40, 0xc0, 0x40, 0xc0, 0x40, 0xe0, 0x40,
    0xc0, 0x40, 0xc0, 0x40, 0xc0, 0x40, 0xe0, 0x40, 0xc0, 0x40, 0xc0, 0x40,
    0xc0, 0x40, 0xc0, 0x40, 0x01, 0x51, 0x62, 0xca, 0xc3, 0xf2, 0xc3, 0xf2,
    0xa3, 0xf2, 0x63, 0xf2, 0x23, 0xf2, 0x03, 0xea, 0xc2, 0xe9, 0xa2, 0xe9,
    0x82, 0xe1, 0x62, 0xe1, 0x62, 0xe1, 0x42, 0xe1, 0x22, 0xd9, 0x22, 0xd9,
    0x22, 0xd9, 0x22, 0xd1, 0x02, 0xd9, 0x02, 0xd1, 0x03, 0xd1, 0x03, 0xd1,
    0x03, 0xd1, 0x03, 0xd1, 0x64, 0xc9, 0x85, 0xd1, 0xa5, 0xd1, 0xc6, 0xd1,
    0xc6, 0xd9, 0xc6, 0xd9, 0xc6, 0xd9, 0xe6, 0xd9, 0xe6, 0xd9, 0xc5, 0xd9,
    0xc6, 0xd9, 0xc5, 0xd9, 0xa6, 0xd1, 0xc6, 0xd1, 0xc5, 0xd1, 0xa5, 0xc9,
    0x22, 0x79, 0xe0, 0x40, 0xc1, 0x40, 0xc0, 0x40, 0xc0, 0x40, 0xc0, 0x40,
    0xc0, 0x40, 0xc0, 0x40, 0xe0, 0x40, 0xc0, 0x40, 0xc0, 0x40, 0xc0, 0x40,
    0xc0, 0x48, 0xc0, 0x40, 0xe0, 0x40, 0xe0, 0x40, 0xe0, 0x40, 0xc0, 0x40,
    0xc1, 0x40, 0xc0, 0x40, 0xc0, 0x40, 0xc1, 0x40, 0xc0, 0x40, 0xe0, 0x40,
    0xc0, 0x40, 0xc0, 0x40, 0xc1, 0x40, 0xc0, 0x40, 0xe0, 0x40, 0xe1, 0x40,
    0xc0, 0x40, 0xc0, 0x40, 0xc1, 0x40, 0xc0, 0x40, 0xe0, 0x40, 0xc0, 0x40,
    0xc0, 0x40, 0xc0, 0x40, 0xa5, 0x41, 0x94, 0x4c, 0x57, 0x4d, 0x56, 0x45,
    0x56, 0x4d, 0x56, 0x45, 0x36, 0x45, 0xd0, 0x44, 0x6c, 0x3c, 0x6c, 0x3c,
    0x6b, 0x3c, 0x6b, 0x34, 0x6c, 0x3c, 0x6b, 0x34, 0x6b, 0x34, 0x6b, 0x3c,
    0x6b, 0x3c, 0x4b, 0x34, 0x4b, 0x34, 0x4b, 0x34, 0x4b, 0x34, 0x4b, 0x3c,
    0x2a, 0x34, 0x4b, 0x34, 0xa9, 0x4b, 0x64, 0x8a, 0x64, 0x8a, 0x64, 0x8a,
    0x64, 0x82, 0x64, 0x8a, 0x64, 0x8a, 0x64, 0x8a, 0x64, 0x8a, 0x64, 0x8a,
    0x64, 0x8a, 0x64, 0x8a, 0x44, 0x82, 0x24, 0x82, 0x44, 0x7a, 0x24, 0x82,
    0x64, 0x82, 0x85, 0x82, 0x64, 0x8a, 0x84, 0x8a, 0x85, 0x8a, 0xa5, 0x92,
    0x85, 0x8a, 0xa5, 0x8a, 0x85, 0x8a, 0x84, 0x8a, 0x85, 0x8a, 0x85, 0x8a,
    0x64, 0x82, 0x65, 0x8a, 0x85, 0x82, 0x85, 0x82, 0x65, 0x82, 0x64, 0x82,
    0x85, 0x82, 0x85, 0x82, 0x65, 0x82, 0x65, 0x82, 0x65, 0x82, 0x65, 0x7a,
    0x65, 0x7a, 0x65, 0x82, 0x65, 0x7a, 0x65, 0x7a, 0x45, 0x7a, 0x45, 0x72,
    0x45, 0x72, 0xad, 0x63, 0x56, 0x4d, 0x56, 0x55, 0x56, 0x55, 0x76, 0x4d,
    0x76, 0x55, 0x77, 0x55, 0x36, 0x4d, 0x93, 0x4c, 0xb3, 0x4c, 0xb3, 0x4c,
    0x93, 0x4c, 0x93, 0x4c, 0x93, 0x4c, 0x93, 0x44, 0x93, 0x44, 0x93, 0x44,
    0x93, 0x44, 0x93, 0x44, 0x93, 0x44, 0x93, 0x44, 0x93, 0x44, 0x93, 0x44,
    0x93, 0x44, 0x93, 0x44, 0x93, 0x44, 0x93, 0x44, 0x93, 0x44, 0x93, 0x44,
    0x93, 0x44, 0x94, 0x44, 0x93, 0x44, 0x93, 0x44, 0x93, 0x44, 0x93, 0x44,
    0x93, 0x44, 0x93, 0x44, 0x93, 0x44, 0x93, 0x44, 0x93, 0x44, 0x93, 0x44,
    0x93, 0x44, 0x93, 0x44, 0x93, 0x44, 0x93, 0x44, 0x93, 0x44, 0x93, 0x44,
    0x93, 0x44, 0x93, 0x44, 0x93, 0x44, 0x93, 0x44, 0x93, 0x44, 0x93, 0x44,
    0x93, 0x44, 0x93, 0x44, 0x94, 0x44, 0x93, 0x44, 0x93, 0x44, 0x94, 0x44,
    0x93, 0x44, 0x93, 0x44, 0x93, 0x44, 0x93, 0x44, 0x93, 0x44, 0x93, 0x44,
    0x93, 0x44, 0x93, 0x44, 0x73, 0x44, 0x93, 0x44, 0x73, 0x44, 0x73, 0x44,
    0x73, 0x44, 0x73, 0x44, 0x73, 0x44, 0x73, 0x44, 0x93, 0x44, 0x93, 0x44,
    0x73, 0x44, 0x93, 0x44, 0x73, 0x44, 0x73, 0x44, 0x73, 0x44, 0x73, 0x44,
    0x73, 0x44, 0x73, 0x44, 0x73, 0x44, 0x52, 0x44, 0x73, 0x44, 0x52, 0x44,
    0x52, 0x44, 0x32, 0x44, 0x06, 0xab, 0xc2, 0xf2, 0xa2, 0xf2, 0xa2, 0xf2,
    0x63, 0xf2, 0x22, 0xf2, 0xe2, 0xf1, 0xc2, 0xe9, 0xa2, 0xe9, 0x82, 0xe1,
    0x62, 0xe1, 0x42, 0xe1, 0x42, 0xe1, 0x22, 0xd9, 0x02, 0xd9, 0x02, 0xd9,
    0x02, 0xd1, 0x02, 0xd1, 0x02, 0xd1, 0x02, 0xd1, 0x02, 0xd1, 0x03, 0xd1,
    0x03, 0xd1, 0xe3, 0xc8, 0x04, 0xc9, 0x65, 0xc9, 0x85, 0xd1, 0x85, 0xd1,
    0xa5, 0xd1, 0xa5, 0xd1, 0xc5, 0xd1, 0xc5, 0xd9, 0xa6, 0xd9, 0xa5, 0xd9,
    0xa5, 0xd9, 0xc6, 0xd1, 0xa5, 0xd1, 0xa5, 0xd1, 0xc5, 0xd1, 0xa5, 0xd1,
    0xa5, 0xc1, 0xaf, 0x6b, 0x93, 0x44, 0x93, 0x44, 0x93, 0x44, 0x93, 0x44,
    0x93, 0x44, 0x93, 0x44, 0x73, 0x44, 0x73, 0x44, 0x93, 0x44, 0x93, 0x44,
    0x93, 0x44, 0x93, 0x44, 0x93, 0x44, 0x93, 0x44, 0x93, 0x44, 0x93, 0x44,
    0x93, 0x44, 0x94, 0x44, 0x93, 0x44, 0x93, 0x44, 0x93, 0x44, 0x94, 0x44,
    0x93, 0x44, 0x93, 0x44, 0x93, 0x44, 0x73, 0x44, 0x93, 0x44, 0x93, 0x44,
    0x93, 0x44, 0x93, 0x44, 0x93, 0x44, 0x93, 0x44, 0x73, 0x44, 0x73, 0x44,
    0x72, 0x44, 0x73, 0x44, 0x16, 0x45, 0x56, 0x4d, 0x56, 0x45, 0x57, 0x45,
    0x56, 0x4d, 0x56, 0x45, 0x14, 0x45, 0x8e, 0x3c, 0x6c, 0x3c, 0x6c, 0x3c,
    0x6b, 0x3c, 0x6b, 0x3c, 0x6b, 0x3c, 0x6b, 0x34, 0x6b, 0x3c, 0x6b, 0x34,
    0x4b, 0x34, 0x4b, 0x34, 0x4b, 0x34, 0x4b, 0x34, 0x4b, 0x34, 0x2a, 0x34,
    0x2b, 0x34, 0x2b, 0x34, 0x88, 0x53, 0x65, 0x8a, 0x64, 0x82, 0x64, 0x8a,
    0x64, 0x8a, 0x64, 0x82, 0x64, 0x8a, 0x64, 0x8a, 0x64, 0x8a, 0x64, 0x8a,
    0x64, 0x8a, 0x64, 0x82, 0x44, 0x82, 0x44, 0x82, 0x24, 0x7a, 0x24, 0x7a,
    0x64, 0x82, 0x64, 0x82, 0x85, 0x8a, 0x85, 0x8a, 0x84, 0x8a, 0xa5, 0x8a,
    0xa5, 0x92, 0x84, 0x8a, 0xa5, 0x8a, 0x85, 0x8a, 0x85, 0x8a, 0x85, 0x8a,
    0x65, 0x82, 0x65, 0x82, 0x85, 0x8a, 0x65, 0x82, 0x65, 0x82, 0x85, 0x82,
    0x65, 0x82, 0x85, 0x82, 0x65, 0x7a, 0x65, 0x7a, 0x65, 0x82, 0x65, 0x82,
    0x65, 0x7a, 0x65, 0x7a, 0x65, 0x7a, 0x45, 0x7a, 0x65, 0x7a, 0x45, 0x7a,
    0x45, 0x72, 0x09, 0x6b, 0x55, 0x55, 0x56, 0x4d, 0x56, 0x4d, 0x76, 0x55,
    0x76, 0x55, 0x56, 0x4d, 0x76, 0x4d, 0x77, 0x4d, 0x77, 0x4d, 0x77, 0x4d,
    0x77, 0x4d, 0x97, 0x4d, 0x77, 0x4d, 0x77, 0x4d, 0x77, 0x4d, 0x77, 0x4d,
    0x77, 0x4d, 0x77, 0x4d, 0x77, 0x4d, 0x77, 0x4d, 0x77, 0x4d, 0x77, 0x4d,
    0x77, 0x4d, 0x77, 0x4d, 0x77, 0x4d, 0x77, 0x4d, 0x77, 0x4d, 0x77, 0x4d,
    0x77, 0x4d, 0x77, 0x4d, 0x77, 0x45, 0x77, 0x4d, 0x77, 0x4d, 0x77, 0x45,
    0x77, 0x4d, 0x77, 0x4d, 0x77, 0x4d, 0x77, 0x4d, 0x77, 0x4d, 0x77, 0x4d,
    0x77, 0x45, 0x77, 0x45, 0x77, 0x4d, 0x77, 0x4d, 0x77, 0x45, 0x77, 0x4d,
    0x77, 0x45, 0x77, 0x4d, 0x77, 0x4d, 0x77, 0x4d, 0x77, 0x4d, 0x77, 0x45,
    0x57, 0x45, 0x57, 0x45, 0x57, 0x45, 0x57, 0x45, 0x77, 0x45, 0x77, 0x45,
    0x57, 0x45, 0x57, 0x45, 0x57, 0x45, 0x57, 0x45, 0x57, 0x45, 0x57, 0x45,
    0x57, 0x45, 0x57, 0x45, 0x56, 0x45, 0x57, 0x45, 0x57, 0x45, 0x56, 0x45,
    0x56, 0x45, 0x57, 0x45, 0x57, 0x45, 0x57, 0x4d, 0x56, 0x45, 0x57, 0x4d,
    0x77, 0x4d, 0x56, 0x45, 0x56, 0x4d, 0x56, 0x4d, 0x56, 0x45, 0x57, 0x45,
    0x56, 0x45, 0x36, 0x45, 0x36, 0x45, 0x57, 0x45, 0x57, 0x4d, 0x56, 0x45,
    0x57, 0x45, 0x91, 0x74, 0xc3, 0xea, 0x82, 0xf2, 0x82, 0xf2, 0x62, 0xf2,
    0x22, 0xf2, 0x02, 0xea, 0xe2, 0xe9, 0xa2, 0xe9, 0x82, 0xe1, 0x42, 0xe1,
    0x42, 0xe1, 0x22, 0xd9, 0x02, 0xd9, 0x02, 0xd9, 0x21, 0xd1, 0x02, 0xd1,
    0x02, 0xd1, 0xe2, 0xd0, 0xe2, 0xd0, 0xe2, 0xc8, 0x02, 0xd1, 0xe2, 0xc8,
    0xe2, 0xc8, 0xe3, 0xc8, 0xe3, 0xc8, 0x24, 0xc9, 0x64, 0xc9, 0x65, 0xd1,
    0x85, 0xd1, 0xa5, 0xd1, 0xa5, 0xd1, 0xa5, 0xd1, 0xa5, 0xd1, 0x85, 0xd1,
    0xa5, 0xd1, 0x85, 0xd1, 0xa6, 0xd1, 0x85, 0xd1, 0x85, 0xd1, 0x85, 0xd1,
    0x85, 0xd1, 0x48, 0xb2, 0x15, 0x4d, 0x56, 0x4d, 0x57, 0x45, 0x57, 0x4d,
    0x57, 0x4d, 0x77, 0x45, 0x77, 0x45, 0x57, 0x4d, 0x57, 0x4d, 0x57, 0x45,
    0x57, 0x45, 0x57, 0x4d, 0x57, 0x4d, 0x77, 0x4d, 0x77, 0x45, 0x77, 0x4d,
    0x77, 0x4d, 0x77, 0x4d, 0x77, 0x45, 0x57, 0x4d, 0x77, 0x45, 0x77, 0x4d,
    0x57, 0x45, 0x77, 0x45, 0x77, 0x4d, 0x77, 0x45, 0x57, 0x45, 0x57, 0x4d,
    0x77, 0x45, 0x56, 0x4d, 0x77, 0x4d, 0x57, 0x45, 0x77, 0x45, 0x57, 0x45,
    0x77, 0x45, 0x56, 0x45, 0x56, 0x45, 0x56, 0x45, 0x56, 0x4d, 0x56, 0x45,
    0x56, 0x4d, 0x56, 0x45, 0xf1, 0x3c, 0x6d, 0x3c, 0x8c, 0x3c, 0x8c, 0x34,
    0x8c, 0x34, 0x6c, 0x3c, 0x6b, 0x3c, 0x6c, 0x3c, 0x6c, 0x3c, 0x6b, 0x3c,
    0x6b, 0x34, 0x4b, 0x34, 0x4b, 0x34, 0x4b, 0x34, 0x2b, 0x34, 0x2a, 0x34,
    0x2b, 0x34, 0x2b, 0x34, 0x48, 0x53, 0x64, 0x82, 0x64, 0x8a, 0x64, 0x82,
    0x64, 0x82, 0x64, 0x8a, 0x64, 0x82, 0x64, 0x8a, 0x64, 0x82, 0x64, 0x8a,
    0x64, 0x8a, 0x64, 0x82, 0x24, 0x82, 0x44, 0x82, 0x44, 0x7a, 0x24, 0x7a,
    0x64, 0x82, 0x64, 0x82, 0x64, 0x82, 0x85, 0x8a, 0x85, 0x8a, 0xa5, 0x8a,
    0x85, 0x8a, 0xa4, 0x8a, 0xa5, 0x8a, 0x85, 0x8a, 0x84, 0x8a, 0x85, 0x82,
    0x85, 0x82, 0x85, 0x82, 0x65, 0x82, 0x65, 0x82, 0x65, 0x82, 0x85, 0x82,
    0x65, 0x82, 0x65, 0x82, 0x65, 0x82, 0x65, 0x7a, 0x85, 0x7a, 0x65, 0x7a,
    0x65, 0x7a, 0x65, 0x7a, 0x65, 0x7a, 0x65, 0x7a, 0x45, 0x7a, 0x66, 0x7a,
    0x45, 0x72, 0x87, 0x72, 0xf3, 0x54, 0x56, 0x55, 0x76, 0x4d, 0x56, 0x55,
    0x56, 0x4d, 0x56, 0x4d, 0x56, 0x4d, 0x56, 0x4d, 0x76, 0x4d, 0x56, 0x4d,
    0x77, 0x4d, 0x76, 0x4d, 0x76, 0x4d, 0x56, 0x4d, 0x76, 0x4d, 0x76, 0x4d,
    0x76, 0x4d, 0x77, 0x4d, 0x76, 0x4d, 0x77, 0x4d, 0x76, 0x4d, 0x76, 0x4d,
    0x77, 0x4d, 0x76, 0x4d, 0x76, 0x4d, 0x77, 0x4d, 0x77, 0x45, 0x77, 0x4d,
    0x76, 0x45, 0x76, 0x4d, 0x77, 0x4d, 0x77, 0x45, 0x76, 0x4d, 0x77, 0x4d,
    0x77, 0x4d, 0x77, 0x4d, 0x76, 0x4d, 0x77, 0x4d, 0x77, 0x4d, 0x77, 0x4d,
    0x56, 0x4d, 0x77, 0x4d, 0x77, 0x4d, 0x76, 0x4d, 0x77, 0x4d, 0x57, 0x4d,
    0x77, 0x4d, 0x76, 0x45, 0x77, 0x45, 0x76, 0x4d, 0x56, 0x45, 0x77, 0x4d,
    0x76, 0x4d, 0x56, 0x45, 0x56, 0x45, 0x56, 0x4d, 0x56, 0x4d, 0x56, 0x45,
    0x56, 0x4d, 0x56, 0x4d, 0x56, 0x45, 0x56, 0x45, 0x56, 0x4d, 0x56, 0x45,
    0x57, 0x45, 0x57, 0x45, 0x56, 0x45, 0x56, 0x45, 0x57, 0x45, 0x56, 0x4d,
    0x56, 0x4d, 0x56, 0x45, 0x56, 0x45, 0x56, 0x45, 0x56, 0x4d, 0x56, 0x4d,
    0x56, 0x4d, 0x56, 0x45, 0x56, 0x45, 0x35, 0x55, 0x11, 0x6d, 0x11, 0x6d,
    0x34, 0x5d, 0x56, 0x45, 0x56, 0x45, 0x77, 0x45, 0x57, 0x45, 0x37, 0x45,
    0x36, 0x45, 0x48, 0xb3, 0x62, 0xea, 0x21, 0xea, 0x02, 0xea, 0xe2, 0xe9,
    0xc1, 0xe9, 0xc1, 0xe9, 0xc2, 0xe1, 0xc1, 0xe1, 0xe1, 0xe1, 0xe1, 0xe1,
    0xc1, 0xd9, 0xa1, 0xd9, 0x81, 0xd9, 0x21, 0xd1, 0x21, 0xd1, 0x02, 0xc9,
    0xc2, 0xc8, 0xc2, 0xc8, 0xc2, 0xc8, 0xe2, 0xc8, 0xe2, 0xc8, 0xc2, 0xc8,
    0xc2, 0xc0, 0xc2, 0xc0, 0xe3, 0xc8, 0x03, 0xc9, 0x24, 0xc9, 0x44, 0xc9,
    0x65, 0xd1, 0x85, 0xd1, 0x85, 0xd1, 0x85, 0xd1, 0x85, 0xd1, 0x85, 0xd1,
    0x85, 0xd1, 0x85, 0xd9, 0x85, 0xd1, 0x85, 0xd1, 0x85, 0xd1, 0x85, 0xc9,
    0x85, 0xc9, 0x45, 0xc9, 0x6e, 0x83, 0x57, 0x45, 0x56, 0x4d, 0x76, 0x4d,
    0x57, 0x4d, 0x56, 0x45, 0x56, 0x4d, 0x57, 0x45, 0x56, 0x4d, 0x56, 0x4d,
    0x57, 0x4d, 0x57, 0x45, 0x56, 0x45, 0x57, 0x4d, 0x57, 0x45, 0x56, 0x4d,
    0x57, 0x4d, 0x56, 0x45, 0x56, 0x4d, 0x57, 0x4d, 0x56, 0x45, 0x56, 0x4d,
    0x57, 0x4d, 0x57, 0x45, 0x76, 0x4d, 0x57, 0x4d, 0x56, 0x4d, 0x56, 0x45,
    0x57, 0x45, 0x56, 0x4d, 0x56, 0x4d, 0x57, 0x45, 0x56, 0x4d, 0x56, 0x4d,
    0x56, 0x45, 0x56, 0x4d, 0x56, 0x4d, 0x56, 0x45, 0x57, 0x45, 0x56, 0x4d,
    0x56, 0x45, 0x56, 0x45, 0xd1, 0x44, 0x6c, 0x3c, 0x6c, 0x34, 0x8b, 0x3c,
    0x6b, 0x34, 0x6c, 0x34, 0x6b, 0x34, 0x6b, 0x34, 0x6b, 0x34, 0x6b, 0x3c,
    0x4b, 0x3c, 0x4b, 0x34, 0x4b, 0x34, 0x2b, 0x34, 0x2a, 0x34, 0x2b, 0x34,
    0x2b, 0x34, 0x2b, 0x34, 0x47, 0x5b, 0x44, 0x8a, 0x64, 0x82, 0x64, 0x8a,
    0x64, 0x8a, 0x64, 0x8a, 0x64, 0x8a, 0x64, 0x8a, 0x64, 0x8a, 0x64, 0x8a,
    0x64, 0x8a, 0x44, 0x82, 0x24, 0x82, 0x44, 0x82, 0x24, 0x7a, 0x24, 0x82,
    0x64, 0x82, 0x64, 0x82, 0x65, 0x82, 0x84, 0x8a, 0x84, 0x8a, 0xa5, 0x8a,
    0xa5, 0x8a, 0xa5, 0x92, 0xa5, 0x8a, 0xa5, 0x8a, 0x85, 0x8a, 0x64, 0x82,
    0x85, 0x8a, 0x85, 0x82, 0x65, 0x82, 0x85, 0x82, 0x64, 0x82, 0x65, 0x82,
    0x65, 0x82, 0x65, 0x7a, 0x65, 0x82, 0x65, 0x82, 0x65, 0x82, 0x65, 0x7a,
    0x65, 0x7a, 0x66, 0x82, 0x65, 0x7a, 0x46, 0x7a, 0x45, 0x7a, 0x45, 0x72,
    0x65, 0x72, 0x45, 0x72, 0x50, 0x5c, 0x76, 0x4d, 0x56, 0x4d, 0x76, 0x4d,
    0x56, 0x4d, 0x55, 0x4d, 0x33, 0x4d, 0x12, 0x4d, 0x12, 0x45, 0x34, 0x4d,
    0x55, 0x4d, 0x76, 0x4d, 0x76, 0x4d, 0x76, 0x4d, 0x76, 0x4d, 0x77, 0x4d,
    0x76, 0x4d, 0x77, 0x4d, 0x77, 0x4d, 0x76, 0x4d, 0x97, 0x4d, 0x76, 0x4d,
    0x77, 0x4d, 0x76, 0x4d, 0x77, 0x4d, 0x76, 0x4d, 0x77, 0x4d, 0x77, 0x4d,
    0x77, 0x4d, 0x77, 0x4d, 0x77, 0x4d, 0x96, 0x4d, 0x76, 0x4d, 0x77, 0x4d,
    0x77, 0x4d, 0x97, 0x4d, 0x76, 0x4d, 0x76, 0x4d, 0x76, 0x45, 0x77, 0x4d,
    0x76, 0x4d, 0x77, 0x45, 0x77, 0x4d, 0x76, 0x4d, 0x76, 0x45, 0x76, 0x4d,
    0x77, 0x4d, 0x77, 0x4d, 0x76, 0x4d, 0x76, 0x45, 0x77, 0x4d, 0x77, 0x4d,
    0x77, 0x4d, 0x77, 0x4d, 0x76, 0x4d, 0x76, 0x4d, 0x77, 0x4d, 0x77, 0x4d,
    0x76, 0x45, 0x57, 0x4d, 0x77, 0x4d, 0x77, 0x4d, 0x56, 0x4d, 0x57, 0x4d,
    0x56, 0x45, 0x56, 0x4d, 0x76, 0x4d, 0x56, 0x4d, 0x57, 0x4d, 0x56, 0x45,
    0x57, 0x4d, 0x56, 0x45, 0x56, 0x4d, 0x56, 0x4d, 0x56, 0x45, 0x76, 0x45,
    0x56, 0x45, 0xcd, 0x94, 0x44, 0xdc, 0x62, 0xf4, 0x60, 0xf4, 0x60, 0xf4,
    0x41, 0xf4, 0x43, 0xec, 0x46, 0xcc, 0xae, 0x8c, 0x34, 0x5d, 0xd0, 0x7c,
    0x88, 0xb3, 0x22, 0xe2, 0x81, 0xea, 0x01, 0xf3, 0xc0, 0xf3, 0x20, 0xfc,
    0x80, 0xf4, 0x80, 0xf4, 0x80, 0xfc, 0xa0, 0xfc, 0x80, 0xfc, 0xa0, 0xfc,
    0x80, 0xfc, 0x80, 0xfc, 0x80, 0xfc, 0x80, 0xfc, 0x60, 0xfc, 0x40, 0xf4,
    0xc0, 0xf3, 0x20, 0xe3, 0x41, 0xda, 0x02, 0xc1, 0x62, 0xb8, 0x82, 0xc0,
    0xc2, 0xc0, 0xc2, 0xc0, 0xc3, 0xc0, 0xe3, 0xc0, 0x03, 0xc1, 0x24, 0xc9,
    0x44, 0xc9, 0x44, 0xc9, 0x64, 0xd1, 0x65, 0xd1, 0x65, 0xd1, 0x65, 0xd1,
    0x65, 0xd1, 0x65, 0xd1, 0x65, 0xd1, 0x65, 0xd1, 0x65, 0xc9, 0x65, 0xc9,
    0x65, 0xc9, 0x65, 0xc9, 0xc7, 0xb1, 0x15, 0x4d, 0x76, 0x4d, 0x56, 0x45,
    0x56, 0x45, 0x56, 0x4d, 0x77, 0x4d, 0x76, 0x45, 0x77, 0x4d, 0x77, 0x4d,
    0x76, 0x4d, 0x77, 0x4d, 0x76, 0x4d, 0x76, 0x4d, 0x56, 0x45, 0x57, 0x4d,
    0x76, 0x45, 0x57, 0x4d, 0x56, 0x45, 0x77, 0x4d, 0x56, 0x4d, 0x76, 0x4d,
    0x77, 0x4d, 0x76, 0x4d, 0x76, 0x45, 0x57, 0x4d, 0x77, 0x4d, 0x56, 0x45,
    0x77, 0x4d, 0x76, 0x4d, 0x57, 0x45, 0x76, 0x4d, 0x56, 0x4d, 0x56, 0x45,
    0x57, 0x45, 0x56, 0x4d, 0x56, 0x4d, 0x56, 0x45, 0x56, 0x45, 0x56, 0x4d,
    0x56, 0x45, 0x55, 0x45, 0xf2, 0x44, 0x8d, 0x3c, 0x6c, 0x3c, 0x6b, 0x3c,
    0x6b, 0x3c, 0x6c, 0x34, 0x6b, 0x3c, 0x6b, 0x3c, 0x6b, 0x34, 0x6b, 0x34,
    0x4b, 0x34, 0x4b, 0x34, 0x2a, 0x34, 0x2b, 0x34, 0x0a, 0x34, 0x0a, 0x34,
    0x2a, 0x2c, 0x2a, 0x34, 0x27, 0x5b, 0x64, 0x8a, 0x65, 0x8a, 0x64, 0x82,
    0x64, 0x82, 0x64, 0x8a, 0x64, 0x82, 0x64, 0x8a, 0x64, 0x82, 0x64, 0x82,
    0x64, 0x8a, 0x44, 0x82, 0x44, 0x7a, 0x24, 0x7a, 0x24, 0x7a, 0x24, 0x7a,
    0x64, 0x82, 0x44, 0x82, 0x64, 0x82, 0x64, 0x8a, 0x85, 0x8a, 0xa4, 0x8a,
    0xa5, 0x8a, 0x85, 0x8a, 0x85, 0x92, 0xa5, 0x8a, 0x85, 0x8a, 0x85, 0x8a,
    0x65, 0x82, 0x65, 0x82, 0x85, 0x82, 0x85, 0x82, 0x65, 0x82, 0x65, 0x82,
    0x65, 0x82, 0x85, 0x7a, 0x65, 0x82, 0x65, 0x7a, 0x65, 0x7a, 0x65, 0x7a,
    0x65, 0x7a, 0x65, 0x7a, 0x65, 0x7a, 0x65, 0x7a, 0x65, 0x7a, 0x45, 0x72,
    0x45, 0x72, 0x45, 0x7a, 0x8c, 0x63, 0x56, 0x4d, 0x56, 0x4d, 0x56, 0x4d,
    0x55, 0x4d, 0x12, 0x4d, 0xae, 0x44, 0x8c, 0x44, 0xad, 0x44, 0xae, 0x44,
    0xf0, 0x44, 0x33, 0x4d, 0x55, 0x4d, 0x76, 0x4d, 0x76, 0x4d, 0x76, 0x4d,
    0x76, 0x4d, 0x76, 0x4d, 0x96, 0x4d, 0x77, 0x4d, 0x96, 0x4d, 0x77, 0x4d,
    0x97, 0x4d, 0x96, 0x4d, 0x97, 0x4d, 0x97, 0x4d, 0x96, 0x4d, 0x96, 0x4d,
    0x97, 0x4d, 0x77, 0x4d, 0x96, 0x4d, 0x77, 0x4d, 0x97, 0x4d, 0x76, 0x4d,
    0x76, 0x4d, 0x97, 0x45, 0x97, 0x4d, 0x97, 0x4d, 0x77, 0x4d, 0x76, 0x4d,
    0x77, 0x4d, 0x76, 0x4d, 0x77, 0x4d, 0x77, 0x4d, 0x77, 0x4d, 0x97, 0x4d,
    0x76, 0x4d, 0x77, 0x4d, 0x77, 0x4d, 0x76, 0x4d, 0x77, 0x4d, 0x76, 0x4d,
    0x56, 0x45, 0x77, 0x4d, 0x77, 0x4d, 0x77, 0x4d, 0x77, 0x45, 0x76, 0x4d,
    0x57, 0x45, 0x56, 0x45, 0x76, 0x45, 0x77, 0x45, 0x57, 0x45, 0x76, 0x4d,
    0x77, 0x45, 0x77, 0x45, 0x56, 0x4d, 0x76, 0x45, 0x57, 0x45, 0x56, 0x4d,
    0x57, 0x45, 0x56, 0x4d, 0x57, 0x45, 0x56, 0x4d, 0x57, 0x45, 0x11, 0x6d,
    0x24, 0xdc, 0x40, 0xfc, 0x80, 0xfc, 0x80, 0xfc, 0x80, 0xfc, 0xa0, 0xfc,
    0x80, 0xfc, 0x80, 0xf4, 0x80, 0xfc, 0x60, 0xfc, 0x20, 0xfc, 0x20, 0xfc,
    0x40, 0xfc, 0xa0, 0xfc, 0xc0, 0xfc, 0xc0, 0xfc, 0xa0, 0xfc, 0x80, 0xfc,
    0xa0, 0xfc, 0xa0, 0xfc, 0xa0, 0xfc, 0xc0, 0xfc, 0xc0, 0xfc, 0xc0, 0xfc,
    0xc0, 0xf4, 0xc0, 0xfc, 0xc0, 0xfc, 0xa0, 0xfc, 0x60, 0xf4, 0x40, 0xf4,
    0x20, 0xfc, 0x20, 0xfc, 0x20, 0xf4, 0x20, 0xf4, 0x61, 0xe3, 0x21, 0xd2,
    0x22, 0xc1, 0xa2, 0xb8, 0xa3, 0xb8, 0xc3, 0xb8, 0xe3, 0xc0, 0xe3, 0xc0,
    0x03, 0xc9, 0x24, 0xc9, 0x24, 0xc9, 0x44, 0xd1, 0x44, 0xd1, 0x44, 0xc9,
    0x44, 0xd1, 0x64, 0xc9, 0x65, 0xc9, 0x65, 0xc9, 0x45, 0xc9, 0x45, 0xc9,
    0x45, 0xc9, 0x65, 0xc1, 0x45, 0xc1, 0xd0, 0x73, 0x77, 0x45, 0x77, 0x4d,
    0x77, 0x4d, 0x77, 0x4d, 0x56, 0x45, 0x77, 0x4d, 0x77, 0x4d, 0x76, 0x45,
    0x76, 0x4d, 0x77, 0x45, 0x57, 0x4d, 0x57, 0x4d, 0x77, 0x45, 0x76, 0x4d,
    0x57, 0x4d, 0x77, 0x4d, 0x77, 0x45, 0x77, 0x45, 0x76, 0x4d, 0x77, 0x4d,
    0x77, 0x45, 0x57, 0x4d, 0x77, 0x4d, 0x76, 0x4d, 0x57, 0x45, 0x77, 0x4d,
    0x77, 0x4d, 0x77, 0x4d, 0x56, 0x45, 0x77, 0x4d, 0x76, 0x4d, 0x57, 0x45,
    0x57, 0x4d, 0x56, 0x45, 0x56, 0x45, 0x34, 0x45, 0x13, 0x45, 0xf2, 0x44,
    0xf2, 0x44, 0xf2, 0x44, 0xd0, 0x3c, 0x8c, 0x3c, 0x8c, 0x3c, 0x8c, 0x3c,
    0x6b, 0x34, 0x6b, 0x3c, 0x6b, 0x3c, 0x6b, 0x34, 0x6b, 0x34, 0x4b, 0x3c,
    0x4b, 0x34, 0x2b, 0x34, 0x0a, 0x34, 0xea, 0x2b, 0xea, 0x2b, 0xea, 0x2b,
    0xea, 0x2b, 0x0a, 0x34, 0x07, 0x63, 0x44, 0x82, 0x64, 0x8a, 0x64, 0x8a,
    0x64, 0x82, 0x64, 0x8a, 0x64, 0x8a, 0x64, 0x82, 0x64, 0x8a, 0x64, 0x8a,
    0x64, 0x8a, 0x44, 0x82, 0x44, 0x82, 0x24, 0x7a, 0x24, 0x7a, 0x24, 0x7a,
    0x64, 0x82, 0x64, 0x82, 0x64, 0x82, 0x65, 0x8a, 0x85, 0x8a, 0xa4, 0x8a,
    0xa5, 0x92, 0xa4, 0x8a, 0xa5, 0x8a, 0xa5, 0x8a, 0x84, 0x8a, 0x85, 0x8a,
    0x85, 0x82, 0x85, 0x82, 0x64, 0x82, 0x65, 0x82, 0x65, 0x82, 0x85, 0x82,
    0x65, 0x82, 0x85, 0x82, 0x65, 0x7a, 0x65, 0x7a, 0x65, 0x7a, 0x65, 0x82,
    0x65, 0x7a, 0x66, 0x7a, 0x65, 0x7a, 0x45, 0x7a, 0x45, 0x7a, 0x45, 0x72,
    0x45, 0x72, 0x45, 0x72, 0xe9, 0x6a, 0x13, 0x4d, 0x55, 0x4d, 0x54, 0x4d,
    0x11, 0x4d, 0xad, 0x44, 0x8c, 0x44, 0x8c, 0x44, 0x8b, 0x44, 0xac, 0x44,
    0x8c, 0x44, 0xad, 0x44, 0xf0, 0x44, 0x33, 0x4d, 0x55, 0x4d, 0x76, 0x4d,
    0x76, 0x4d, 0x76, 0x4d, 0x96, 0x4d, 0x97, 0x4d, 0x96, 0x4d, 0x96, 0x4d,
    0x97, 0x4d, 0x76, 0x4d, 0x97, 0x4d, 0x97, 0x4d, 0x97, 0x4d, 0x96, 0x4d,
    0x97, 0x4d, 0x96, 0x4d, 0x77, 0x4d, 0x97, 0x4d, 0x97, 0x4d, 0x97, 0x4d,
    0x97, 0x4d, 0x96, 0x4d, 0x97, 0x4d, 0x97, 0x4d, 0x97, 0x4d, 0x96, 0x4d,
    0x97, 0x4d, 0x97, 0x4d, 0x96, 0x4d, 0x97, 0x4d, 0x97, 0x4d, 0x96, 0x4d,
    0x77, 0x4d, 0x77, 0x4d, 0x76, 0x45, 0x77, 0x4d, 0x77, 0x4d, 0x76, 0x45,
    0x76, 0x4d, 0x77, 0x4d, 0x77, 0x4d, 0x76, 0x4d, 0x76, 0x45, 0x77, 0x4d,
    0x76, 0x4d, 0x77, 0x4d, 0x76, 0x4d, 0x56, 0x4d, 0x56, 0x45, 0x76, 0x4d,
    0x57, 0x4d, 0x77, 0x4d, 0x76, 0x45, 0x57, 0x45, 0x76, 0x4d, 0x77, 0x4d,
    0x56, 0x45, 0x76, 0x4d, 0x56, 0x4d, 0x57, 0x45, 0xcf, 0x84, 0x22, 0xec,
    0x61, 0xf4, 0x60, 0xfc, 0x80, 0xfc, 0xa0, 0xf4, 0xa0, 0xfc, 0xa0, 0xfc,
    0xa0, 0xfc, 0xc0, 0xf4, 0xc0, 0xfc, 0xc0, 0xfc, 0xc0, 0xfc, 0xa0, 0xfc,
    0xa1, 0xfc, 0xc0, 0xfc, 0xe0, 0xfc, 0xe0, 0xfc, 0xe0, 0xfc, 0xe0, 0xfc,
    0xe0, 0xfc, 0x00, 0xfd, 0xe0, 0xfc, 0x00, 0xfd, 0x00, 0xfd, 0x00, 0xfd,
    0xe0, 0xfc, 0x00, 0xfd, 0xe0, 0xfc, 0x80, 0xf4, 0x20, 0xf4, 0x00, 0xf4,
    0xe0, 0xf3, 0xe0, 0xf3, 0xe0, 0xf3, 0x00, 0xf4, 0x00, 0xf4, 0xc0, 0xfb,
    0x00, 0xf4, 0x61, 0xeb, 0xc1, 0xc9, 0xa2, 0xb0, 0xa2, 0xb8, 0xc3, 0xb8,
    0xe3, 0xc0, 0xe3, 0xc0, 0x03, 0xc9, 0x04, 0xc9, 0x24, 0xc9, 0x24, 0xc9,
    0x24, 0xc9, 0x44, 0xc9, 0x44, 0xc9, 0x24, 0xc9, 0x44, 0xc9, 0x45, 0xc1,
    0x45, 0xc1, 0x45, 0xc1, 0x45, 0xc9, 0x8a, 0x9a, 0x56, 0x4d, 0x56, 0x4d,
    0x77, 0x4d, 0x77, 0x4d, 0x56, 0x4d, 0x77, 0x4d, 0x77, 0x4d, 0x76, 0x4d,
    0x77, 0x4d, 0x77, 0x45, 0x76, 0x4d, 0x57, 0x45, 0x77, 0x4d, 0x76, 0x4d,
    0x76, 0x4d, 0x76, 0x4d, 0x56, 0x4d, 0x77, 0x4d, 0x77, 0x4d, 0x56, 0x45,
    0x76, 0x45, 0x57, 0x4d, 0x76, 0x4d, 0x76, 0x4d, 0x76, 0x4d, 0x77, 0x4d,
    0x56, 0x45, 0x56, 0x45, 0x56, 0x4d, 0x77, 0x4d, 0x76, 0x45, 0x56, 0x4d,
    0x56, 0x45, 0x55, 0x45, 0xf2, 0x44, 0x8e, 0x3c, 0x8d, 0x3c, 0x6c, 0x3c,
    0x6c, 0x3c, 0x6c, 0x3c, 0x6c, 0x3c, 0x6b, 0x34, 0x6b, 0x34, 0x6c, 0x3c,
    0x6b, 0x34, 0x6b, 0x34, 0x6b, 0x3c, 0x6b, 0x34, 0x4b, 0x34, 0x4b, 0x3c,
    0x4b, 0x34, 0x0a, 0x34, 0xea, 0x33, 0xea, 0x2b, 0xea, 0x2b, 0xca, 0x2b,
    0xca, 0x2b, 0xea, 0x2b, 0xe6, 0x62, 0x44, 0x82, 0x65, 0x82, 0x64, 0x8a,
    0x64, 0x82, 0x65, 0x8a, 0x64, 0x8a, 0x64, 0x8a, 0x64, 0x8a, 0x64, 0x8a,
    0x64, 0x82, 0x44, 0x82, 0x44, 0x82, 0x24, 0x7a, 0x24, 0x7a, 0x24, 0x7a,
    0x44, 0x82, 0x65, 0x82, 0x64, 0x82, 0x64, 0x8a, 0x85, 0x8a, 0x85, 0x8a,
    0x84, 0x8a, 0x85, 0x8a, 0x85, 0x8a, 0xa5, 0x8a, 0x85, 0x8a, 0x85, 0x8a,
    0x85, 0x82, 0x85, 0x82, 0x65, 0x82, 0x84, 0x82, 0x85, 0x82, 0x65, 0x82,
    0x65, 0x82, 0x65, 0x82, 0x65, 0x82, 0x65, 0x82, 0x65, 0x7a, 0x65, 0x7a,
    0x65, 0x7a, 0x65, 0x7a, 0x66, 0x7a, 0x45, 0x7a, 0x45, 0x7a, 0x45, 0x72,
    0x45, 0x72, 0x45, 0x72, 0x86, 0x6a, 0x8f, 0x4c, 0xf1, 0x4c, 0xf0, 0x44,
    0x8d, 0x44, 0x8c, 0x3c, 0x8b, 0x3c, 0x8b, 0x44, 0x8b, 0x44, 0x8b, 0x3c,
    0x8b, 0x44, 0x8c, 0x44, 0xac, 0x44, 0xae, 0x44, 0xf0, 0x44, 0x33, 0x45,
    0x75, 0x4d, 0x76, 0x4d, 0x76, 0x4d, 0x96, 0x4d, 0x97, 0x4d, 0x97, 0x4d,
    0x97, 0x4d, 0x96, 0x4d, 0x76, 0x4d, 0x96, 0x4d, 0x97, 0x4d, 0x76, 0x4d,
    0x97, 0x4d, 0x96, 0x4d, 0x96, 0x4d, 0x97, 0x4d, 0x96, 0x4d, 0x97, 0x4d,
    0x97, 0x4d, 0x96, 0x4d, 0x76, 0x4d, 0x97, 0x4d, 0x76, 0x4d, 0x97, 0x4d,
    0x97, 0x4d, 0x96, 0x4d, 0x97, 0x4d, 0x96, 0x4d, 0x96, 0x45, 0x97, 0x4d,
    0x77, 0x4d, 0x96, 0x4d, 0x96, 0x4d, 0x97, 0x4d, 0x77, 0x4d, 0x97, 0x4d,
    0x76, 0x4d, 0x76, 0x45, 0x76, 0x4d, 0x77, 0x4d, 0x76, 0x4d, 0x77, 0x45,
    0x76, 0x4d, 0x77, 0x4d, 0x77, 0x4d, 0x76, 0x4d, 0x76, 0x45, 0x76, 0x45,
    0x76, 0x4d, 0x76, 0x4d, 0x76, 0x4d, 0x76, 0x4d, 0x76, 0x45, 0x56, 0x45,
    0x76, 0x45, 0x76, 0x45, 0x56, 0x45, 0xf0, 0x7c, 0x22, 0xec, 0x60, 0xfc,
    0x80, 0xfc, 0xa0, 0xfc, 0xc0, 0xfc, 0xc0, 0xfc, 0xc0, 0xfc, 0xc0, 0xfc,
    0xc0, 0xfc, 0xe0, 0xfc, 0xe0, 0xfc, 0xc0, 0xfc, 0xc0, 0xfc, 0xe0, 0xfc,
    0xe0, 0xfc, 0xe0, 0xfc, 0x00, 0xfd, 0x00, 0xfd, 0x00, 0xfd, 0x20, 0xfd,
    0x20, 0xfd, 0x40, 0xfd, 0x20, 0xfd, 0x20, 0xfd, 0x20, 0xfd, 0x20, 0xfd,
    0x20, 0xfd, 0x00, 0xfd, 0xa0, 0xfc, 0x80, 0xfc, 0xa0, 0xfc, 0xc0, 0xfc,
    0xe0, 0xfc, 0xe0, 0xfc, 0xc0, 0xfc, 0xa0, 0xfc, 0xa0, 0xfc, 0x80, 0xfc,
    0x40, 0xf4, 0x20, 0xf4, 0x00, 0xf4, 0x61, 0xeb, 0xc2, 0xc9, 0xa2, 0xb8,
    0xa3, 0xb8, 0xe3, 0xc0, 0xe3, 0xc0, 0x03, 0xc1, 0x03, 0xc9, 0x03, 0xc1,
    0x04, 0xc9, 0x24, 0xc9, 0x24, 0xc1, 0x24, 0xc1, 0x24, 0xc1, 0x44, 0xc1,
    0x45, 0xc1, 0x45, 0xc1, 0x45, 0xc1, 0xc7, 0xb1, 0xf4, 0x54, 0x56, 0x4d,
    0x77, 0x4d, 0x77, 0x45, 0x76, 0x4d, 0x77, 0x45, 0x76, 0x4d, 0x76, 0x4d,
    0x57, 0x4d, 0x77, 0x4d, 0x76, 0x4d, 0x76, 0x4d, 0x77, 0x45, 0x77, 0x4d,
    0x77, 0x45, 0x76, 0x4d, 0x77, 0x45, 0x77, 0x4d, 0x77, 0x4d, 0x76, 0x4d,
    0x76, 0x4d, 0x77, 0x4d, 0x77, 0x45, 0x77, 0x45, 0x76, 0x4d, 0x77, 0x4d,
    0x77, 0x4d, 0x77, 0x4d, 0x77, 0x4d, 0x56, 0x45, 0x56, 0x45, 0x56, 0x4d,
    0x55, 0x45, 0xf1, 0x44, 0x8d, 0x3c, 0x8c, 0x3c, 0x8b, 0x3c, 0x8b, 0x3c,
    0x8c, 0x3c, 0x6b, 0x3c, 0x6b, 0x3c, 0x6b, 0x3c, 0x6b, 0x3c, 0x6b, 0x3c,
    0x6b, 0x34, 0x6b, 0x34, 0x6c, 0x3c, 0x6b, 0x34, 0x4b, 0x34, 0x4b, 0x34,
    0x0b, 0x34, 0xea, 0x2b, 0xea, 0x2b, 0xea, 0x2b, 0xca, 0x2b, 0xca, 0x2b,
    0xaa, 0x2b, 0xca, 0x2b, 0xe6, 0x62, 0x64, 0x82, 0x64, 0x82, 0x44, 0x82,
    0x64, 0x8a, 0x64, 0x82, 0x64, 0x82, 0x64, 0x8a, 0x65, 0x82, 0x64, 0x8a,
    0x64, 0x82, 0x64, 0x82, 0x24, 0x82, 0x24, 0x7a, 0x24, 0x7a, 0x24, 0x7a,
    0x44, 0x82, 0x64, 0x82, 0x44, 0x82, 0x64, 0x8a, 0x85, 0x8a, 0x84, 0x8a,
    0x85, 0x8a, 0x84, 0x8a, 0x85, 0x92, 0xa5, 0x8a, 0x85, 0x8a, 0x84, 0x8a,
    0x85, 0x82, 0x65, 0x82, 0x65, 0x82, 0x85, 0x82, 0x65, 0x82, 0x65, 0x82,
    0x65, 0x7a, 0x65, 0x7a, 0x65, 0x82, 0x65, 0x82, 0x65, 0x7a, 0x65, 0x7a,
    0x66, 0x7a, 0x65, 0x7a, 0x45, 0x7a, 0x65, 0x7a, 0x65, 0x72, 0x46, 0x7a,
    0x45, 0x72, 0x45, 0x72, 0x65, 0x72, 0xca, 0x4b, 0x6c, 0x44, 0x6b, 0x44,
    0x6b, 0x3c, 0x6b, 0x44, 0x8b, 0x44, 0x8b, 0x44, 0x8b, 0x3c, 0x8b, 0x44,
    0x8b, 0x44, 0x8b, 0x44, 0x8b, 0x44, 0x8b, 0x44, 0xac, 0x44, 0xcf, 0x44,
    0x33, 0x45, 0x76, 0x4d, 0x76, 0x4d, 0x76, 0x4d, 0x96, 0x4d, 0x76, 0x4d,
    0x96, 0x4d, 0x97, 0x4d, 0x97, 0x4d, 0x97, 0x4d, 0x96, 0x4d, 0x97, 0x4d,
    0x97, 0x4d, 0x97, 0x4d, 0x96, 0x4d, 0x97, 0x4d, 0x77, 0x4d, 0x96, 0x4d,
    0x97, 0x4d, 0x97, 0x4d, 0x97, 0x4d, 0x96, 0x4d, 0x97, 0x4d, 0x97, 0x4d,
    0x97, 0x4d, 0x96, 0x4d, 0x77, 0x4d, 0x77, 0x4d, 0x96, 0x4d, 0x76, 0x4d,
    0x97, 0x4d, 0x97, 0x4d, 0x96, 0x4d, 0x97, 0x4d, 0x76, 0x4d, 0x97, 0x4d,
    0x97, 0x4d, 0x76, 0x4d, 0x77, 0x4d, 0x77, 0x45, 0x76, 0x4d, 0x77, 0x4d,
    0x76, 0x45, 0x76, 0x4d, 0x77, 0x4d, 0x77, 0x4d, 0x77, 0x45, 0x77, 0x4d,
    0x76, 0x45, 0x77, 0x45, 0x57, 0x4d, 0x76, 0x4d, 0x77, 0x4d, 0x56, 0x4d,
    0x56, 0x4d, 0x77, 0x45, 0x34, 0x5d, 0x25, 0xd4, 0x40, 0xfc, 0x80, 0xfc,
    0xa0, 0xfc, 0x60, 0xf4, 0xe0, 0xf3, 0xe0, 0xfb, 0x60, 0xfc, 0xc0, 0xfc,
    0xe0, 0xfc, 0x00, 0xfd, 0x00, 0xfd, 0x00, 0xfd, 0xe0, 0xfc, 0x00, 0xfd,
    0x00, 0xfd, 0x00, 0xfd, 0x20, 0xfd, 0x20, 0xfd, 0x40, 0xfd, 0x40, 0xfd,
    0x40, 0xfd, 0x40, 0xfd, 0x60, 0xfd, 0x40, 0xfd, 0x40, 0xfd, 0x40, 0xfd,
    0x20, 0xfd, 0xe0, 0xfc, 0xe0, 0xfc, 0x20, 0xfd, 0x20, 0xfd, 0x20, 0xfd,
    0x20, 0xfd, 0x40, 0xfd, 0x20, 0xfd, 0x00, 0xfd, 0xe0, 0xfc, 0xc0, 0xfc,
    0xa0, 0xfc, 0x80, 0xfc, 0x40, 0xf4, 0x00, 0xf4, 0xe0, 0xf3, 0x00, 0xe3,
    0x42, 0xc1, 0xa2, 0xb8, 0xc2, 0xc0, 0xc3, 0xc0, 0xe3, 0xc0, 0xe3, 0xc0,
    0xe3, 0xc0, 0x04, 0xc1, 0x04, 0xc1, 0x04, 0xc1, 0x04, 0xc1, 0x24, 0xc1,
    0x24, 0xc1, 0x24, 0xc1, 0x25, 0xc1, 0x45, 0xc1, 0x52, 0x64, 0x97, 0x4d,
    0x77, 0x4d, 0x76, 0x4d, 0x77, 0x4d, 0x77, 0x4d, 0x76, 0x45, 0x77, 0x4d,
    0x77, 0x45, 0x76, 0x4d, 0x77, 0x4d, 0x77, 0x4d, 0x76, 0x4d, 0x77, 0x4d,
    0x77, 0x4d, 0x77, 0x45, 0x76, 0x4d, 0x56, 0x4d, 0x77, 0x45, 0x77, 0x4d,
    0x56, 0x4d, 0x77, 0x4d, 0x77, 0x4d, 0x76, 0x4d, 0x56, 0x4d, 0x77, 0x45,
    0x76, 0x45, 0x76, 0x4d, 0x77, 0x4d, 0x76, 0x4d, 0x56, 0x4d, 0x56, 0x45,
    0x12, 0x45, 0x8d, 0x3c, 0x6c, 0x3c, 0x8c, 0x3c, 0x6b, 0x3c, 0x6b, 0x3c,
    0x8b, 0x3c, 0x8b, 0x3c, 0x6b, 0x3c, 0x6b, 0x34, 0x6b, 0x34, 0x8c, 0x3c,
    0x6b, 0x34, 0x6b, 0x3c, 0x6b, 0x3c, 0x4b, 0x34, 0x4b, 0x34, 0x0b, 0x34,
    0x0a, 0x34, 0xea, 0x2b, 0xea, 0x2b, 0xca, 0x2b, 0xea, 0x33, 0xca, 0x2b,
    0xc9, 0x2b, 0xc9, 0x2b, 0xe6, 0x62, 0x45, 0x82, 0x44, 0x8a, 0x64, 0x82,
    0x64, 0x8a, 0x44, 0x8a, 0x64, 0x8a, 0x64, 0x82, 0x64, 0x82, 0x64, 0x8a,
    0x44, 0x82, 0x44, 0x82, 0x24, 0x7a, 0x24, 0x7a, 0x24, 0x7a, 0x24, 0x7a,
    0x44, 0x82, 0x44, 0x82, 0x64, 0x82, 0x64, 0x82, 0x84, 0x8a, 0x85, 0x8a,
    0xa5, 0x8a, 0xa4, 0x8a, 0xa5, 0x8a, 0x85, 0x8a, 0x84, 0x8a, 0x85, 0x8a,
    0x65, 0x8a, 0x65, 0x82, 0x85, 0x82, 0x65, 0x82, 0x65, 0x82, 0x65, 0x82,
    0x65, 0x82, 0x65, 0x7a, 0x65, 0x7a, 0x65, 0x7a, 0x65, 0x7a, 0x65, 0x7a,
    0x66, 0x7a, 0x45, 0x7a, 0x45, 0x7a, 0x45, 0x72, 0x45, 0x72, 0x45, 0x72,
    0x45, 0x7a, 0x45, 0x72, 0x45, 0x72, 0x68, 0x53, 0x6b, 0x3c, 0x6b, 0x44,
    0x6b, 0x3c, 0x6b, 0x3c, 0x6b, 0x3c, 0x8b, 0x44, 0x6b, 0x3c, 0x6b, 0x44,
    0x6b, 0x44, 0x8b, 0x44, 0x8b, 0x44, 0x8b, 0x44, 0x8c, 0x44, 0xad, 0x44,
    0x12, 0x45, 0x75, 0x4d, 0x76, 0x4d, 0x96, 0x4d, 0x96, 0x4d, 0x97, 0x55,
    0x76, 0x4d, 0x97, 0x4d, 0x96, 0x55, 0x96, 0x4d, 0x97, 0x4d, 0x96, 0x55,
    0x97, 0x4d, 0x97, 0x4d, 0x96, 0x4d, 0x97, 0x4d, 0x97, 0x4d, 0x97, 0x4d,
    0x96, 0x4d, 0x97, 0x4d, 0x97, 0x4d, 0x96, 0x4d, 0x96, 0x4d, 0x97, 0x4d,
    0x96, 0x4d, 0x97, 0x4d, 0x97, 0x4d, 0x97, 0x4d, 0x97, 0x4d, 0x97, 0x4d,
    0x96, 0x4d, 0x97, 0x4d, 0x97, 0x4d, 0x76, 0x45, 0x76, 0x4d, 0x97, 0x4d,
    0x77, 0x4d, 0x76, 0x4d, 0x77, 0x4d, 0x76, 0x45, 0x77, 0x4d, 0x77, 0x4d,
    0x76, 0x4d, 0x77, 0x4d, 0x76, 0x4d, 0x76, 0x45, 0x77, 0x4d, 0x77, 0x4d,
    0x76, 0x4d, 0x76, 0x45, 0x76, 0x45, 0x76, 0x4d, 0x76, 0x45, 0x57, 0x4d,
    0x56, 0x4d, 0x76, 0x45, 0x8a, 0xa4, 0x20, 0xfc, 0x60, 0xfc, 0x60, 0xfc,
    0x80, 0xf3, 0x00, 0xf3, 0xe0, 0xf2, 0x00, 0xf3, 0x40, 0xf3, 0x40, 0xfc,
    0x00, 0xfd, 0x00, 0xfd, 0x20, 0xfd, 0x00, 0xfd, 0x00, 0xfd, 0x00, 0xfd,
    0x20, 0xfd, 0x20, 0xfd, 0x40, 0xfd, 0x40, 0xfd, 0x40, 0xfd, 0x60, 0xfd,
    0x60, 0xfd, 0x60, 0xfd, 0x60, 0xfd, 0x60, 0xfd, 0x60, 0xfd, 0x40, 0xfd,
    0x20, 0xfd, 0x20, 0xfd, 0x40, 0xfd, 0x40, 0xfd, 0x60, 0xfd, 0x60, 0xfd,
    0x40, 0xfd, 0x40, 0xfd, 0x20, 0xfd, 0x20, 0xfd, 0x00, 0xfd, 0xe0, 0xfc,
    0xe0, 0xfc, 0xc0, 0xfc, 0x80, 0xfc, 0x60, 0xfc, 0x20, 0xf4, 0xe0, 0xf3,
    0xc0, 0xf3, 0x81, 0xda, 0xe2, 0xb8, 0xa3, 0xb8, 0xc3, 0xb8, 0xc3, 0xc0,
    0xe3, 0xb8, 0xe3, 0xc0, 0xe3, 0xc0, 0x04, 0xc1, 0x04, 0xc1, 0x24, 0xc1,
    0x24, 0xb9, 0x04, 0xc1, 0x25, 0xc1, 0x25, 0xc1, 0xcf, 0x73, 0x97, 0x45,
    0x76, 0x4d, 0x76, 0x4d, 0x77, 0x4d, 0x77, 0x4d, 0x77, 0x4d, 0x76, 0x4d,
    0x77, 0x4d, 0x77, 0x45, 0x76, 0x4d, 0x77, 0x45, 0x77, 0x4d, 0x76, 0x4d,
    0x76, 0x4d, 0x77, 0x4d, 0x77, 0x4d, 0x76, 0x45, 0x76, 0x4d, 0x77, 0x4d,
    0x76, 0x4d, 0x77, 0x4d, 0x77, 0x4d, 0x76, 0x4d, 0x77, 0x4d, 0x77, 0x4d,
    0x76, 0x4d, 0x56, 0x4d, 0x77, 0x45, 0x76, 0x4d, 0x76, 0x45, 0x34, 0x45,
    0xaf, 0x3c, 0x8c, 0x3c, 0x8b, 0x3c, 0x6b, 0x3c, 0x8b, 0x3c, 0x8b, 0x3c,
    0x8b, 0x3c, 0x8c, 0x3c, 0x8b, 0x3c, 0x8b, 0x3c, 0x6c, 0x3c, 0x6c, 0x3c,
    0x6b, 0x34, 0x6b, 0x3c, 0x6b, 0x34, 0x4b, 0x34, 0x4b, 0x34, 0x0b, 0x34,
    0xea, 0x33, 0xea, 0x2b, 0xea, 0x2b, 0xca, 0x2b, 0xca, 0x2b, 0xca, 0x2b,
    0xca, 0x2b, 0xaa, 0x2b, 0xe6, 0x62, 0x44, 0x82, 0x64, 0x82, 0x44, 0x8a,
    0x64, 0x82, 0x64, 0x82, 0x64, 0x8a, 0x64, 0x8a, 0x64, 0x8a, 0x64, 0x82,
    0x64, 0x8a, 0x44, 0x82, 0x24, 0x7a, 0x24, 0x7a, 0x04, 0x7a, 0x03, 0x7a,
    0x44, 0x82, 0x44, 0x82, 0x44, 0x82, 0x64, 0x82, 0x64, 0x82, 0x85, 0x8a,
    0xa5, 0x8a, 0x84, 0x8a, 0xa5, 0x8a, 0x85, 0x8a, 0x85, 0x8a, 0x85, 0x8a,
    0x84, 0x82, 0x85, 0x82, 0x85, 0x82, 0x65, 0x82, 0x65, 0x82, 0x85, 0x82,
    0x65, 0x82, 0x65, 0x82, 0x65, 0x82, 0x65, 0x7a, 0x65, 0x7a, 0x65, 0x7a,
    0x65, 0x7a, 0x65, 0x7a, 0x65, 0x7a, 0x45, 0x7a, 0x45, 0x72, 0x45, 0x72,
    0x45, 0x72, 0x45, 0x72, 0x45, 0x72, 0x07, 0x5b, 0x6b, 0x3c, 0x6b, 0x3c,
    0x6b, 0x44, 0x6b, 0x44, 0x6b, 0x44, 0x8b, 0x3c, 0x6b, 0x3c, 0x6b, 0x44,
    0x8b, 0x44, 0x8b, 0x3c, 0x8b, 0x3c, 0x8b, 0x44, 0x8c, 0x44, 0xad, 0x44,
    0x12, 0x45, 0x75, 0x4d, 0x75, 0x4d, 0x76, 0x4d, 0x76, 0x4d, 0x96, 0x4d,
    0x97, 0x4d, 0x96, 0x55, 0x97, 0x4d, 0x97, 0x4d, 0x96, 0x55, 0x96, 0x4d,
    0x96, 0x4d, 0x97, 0x55, 0x97, 0x55, 0x96, 0x4d, 0x97, 0x4d, 0x96, 0x4d,
    0x97, 0x4d, 0x96, 0x4d, 0x97, 0x4d, 0x97, 0x4d, 0x97, 0x4d, 0x96, 0x4d,
    0x97, 0x4d, 0x96, 0x4d, 0x96, 0x4d, 0x97, 0x4d, 0x97, 0x4d, 0x96, 0x4d,
    0x97, 0x4d, 0x97, 0x4d, 0x97, 0x4d, 0x96, 0x4d, 0x97, 0x4d, 0x76, 0x4d,
    0x96, 0x45, 0x77, 0x4d, 0x77, 0x4d, 0x96, 0x4d, 0x96, 0x4d, 0x77, 0x4d,
    0x77, 0x4d, 0x76, 0x45, 0x77, 0x4d, 0x76, 0x4d, 0x76, 0x4d, 0x77, 0x4d,
    0x77, 0x4d, 0x56, 0x4d, 0x77, 0x4d, 0x76, 0x45, 0x76, 0x4d, 0x56, 0x45,
    0x77, 0x45, 0x12, 0x65, 0x23, 0xe4, 0x60, 0xfc, 0x40, 0xfc, 0x20, 0xf3,
    0xe0, 0xf2, 0xe0, 0xf2, 0xe0, 0xf2, 0x00, 0xf3, 0x40, 0xf3, 0xa0, 0xf3,
    0xe0, 0xfc, 0x20, 0xfd, 0x20, 0xfd, 0x20, 0xfd, 0x20, 0xfd, 0x20, 0xfd,
    0x40, 0xfd, 0x40, 0xfd, 0x60, 0xfd, 0x60, 0xfd, 0x60, 0xfd, 0x60, 0xfd,
    0x80, 0xfd, 0x80, 0xfd, 0x80, 0xfd, 0x80, 0xfd, 0x60, 0xfd, 0x60, 0xfd,
    0x60, 0xfd, 0x80, 0xfd, 0x60, 0xfd, 0x60, 0xfd, 0x80, 0xfd, 0x60, 0xfd,
    0x60, 0xfd, 0x60, 0xfd, 0x40, 0xfd, 0x40, 0xfd, 0x20, 0xfd, 0x00, 0xfd,
    0x00, 0xfd, 0xe0, 0xfc, 0xc0, 0xfc, 0xa0, 0xfc, 0x40, 0xfc, 0x20, 0xf4,
    0xe0, 0xf3, 0xc0, 0xf3, 0x60, 0xeb, 0x82, 0xc1, 0xa2, 0xb8, 0xc3, 0xb8,
    0xc3, 0xb8, 0xc3, 0xb8, 0xc3, 0xb8, 0xe3, 0xb8, 0x04, 0xb9, 0x04, 0xb9,
    0x04, 0xb9, 0x04, 0xb9, 0x25, 0xb9, 0x04, 0xc1, 0x2d, 0x83, 0x97, 0x45,
    0x76, 0x4d, 0x77, 0x4d, 0x77, 0x45, 0x76, 0x4d, 0x76, 0x4d, 0x77, 0x4d,
    0x77, 0x4d, 0x77, 0x4d, 0x76, 0x4d, 0x77, 0x4d, 0x77, 0x4d, 0x76, 0x45,
    0x77, 0x45, 0x77, 0x4d, 0x77, 0x4d, 0x76, 0x4d, 0x77, 0x4d, 0x77, 0x45,
    0x76, 0x4d, 0x77, 0x4d, 0x76, 0x4d, 0x76, 0x4d, 0x77, 0x4d, 0x77, 0x45,
    0x76, 0x4d, 0x77, 0x4d, 0x77, 0x45, 0x76, 0x4d, 0x55, 0x4d, 0xf1, 0x44,
    0x8c, 0x3c, 0x8c, 0x3c, 0x8b, 0x3c, 0x8b, 0x3c, 0x6b, 0x3c, 0x8b, 0x3c,
    0x6b, 0x3c, 0x6b, 0x3c, 0x6b, 0x34, 0x6b, 0x3c, 0x6b, 0x3c, 0x6b, 0x34,
    0x6b, 0x34, 0x6b, 0x34, 0x4b, 0x3c, 0x4b, 0x34, 0x4b, 0x34, 0x2a, 0x34,
    0xea, 0x2b, 0xeb, 0x2b, 0xca, 0x2b, 0xca, 0x2b, 0xcb, 0x2b, 0xca, 0x2b,
    0xaa, 0x2b, 0xaa, 0x2b, 0xe6, 0x62, 0x44, 0x82, 0x44, 0x82, 0x65, 0x8a,
    0x65, 0x8a, 0x64, 0x82, 0x64, 0x82, 0x64, 0x8a, 0x64, 0x8a, 0x44, 0x82,
    0x44, 0x82, 0x44, 0x82, 0x24, 0x7a, 0x24, 0x7a, 0x04, 0x7a, 0x04, 0x7a,
    0x44, 0x82, 0x44, 0x82, 0x44, 0x82, 0x65, 0x82, 0x65, 0x8a, 0x84, 0x8a,
    0x84, 0x8a, 0xa5, 0x8a, 0x84, 0x8a, 0xa5, 0x8a, 0xa5, 0x8a, 0x85, 0x8a,
    0x84, 0x82, 0x65, 0x82, 0x65, 0x82, 0x64, 0x82, 0x65, 0x82, 0x65, 0x7a,
    0x65, 0x7a, 0x65, 0x7a, 0x65, 0x7a, 0x65, 0x82, 0x65, 0x7a, 0x65, 0x7a,
    0x66, 0x7a, 0x65, 0x7a, 0x45, 0x7a, 0x46, 0x72, 0x45, 0x72, 0x45, 0x72,
    0x45, 0x72, 0x45, 0x72, 0x45, 0x72, 0xa6, 0x62, 0x4a, 0x44, 0x6a, 0x3c,
    0x6b, 0x3c, 0x6b, 0x44, 0x6b, 0x44, 0x6b, 0x3c, 0x6b, 0x44, 0x6b, 0x44,
    0x6b, 0x3c, 0x6b, 0x44, 0x8b, 0x3c, 0x8b, 0x3c, 0x8b, 0x44, 0xad, 0x44,
    0xf0, 0x44, 0x12, 0x4d, 0x53, 0x4d, 0x75, 0x4d, 0x76, 0x55, 0x76, 0x4d,
    0x96, 0x55, 0x97, 0x4d, 0x96, 0x4d, 0x96, 0x4d, 0x97, 0x4d, 0x97, 0x55,
    0x97, 0x4d, 0x96, 0x4d, 0x97, 0x4d, 0x97, 0x55, 0x96, 0x4d, 0x96, 0x4d,
    0x97, 0x4d, 0x97, 0x55, 0x96, 0x4d, 0x97, 0x4d, 0x97, 0x4d, 0x97, 0x4d,
    0x97, 0x4d, 0x97, 0x4d, 0x96, 0x4d, 0x97, 0x4d, 0x96, 0x4d, 0x97, 0x4d,
    0x96, 0x4d, 0x96, 0x4d, 0x97, 0x4d, 0x97, 0x4d, 0x96, 0x4d, 0x97, 0x4d,
    0x96, 0x4d, 0x96, 0x4d, 0x77, 0x4d, 0x96, 0x45, 0x96, 0x4d, 0x77, 0x4d,
    0x96, 0x4d, 0x76, 0x4d, 0x77, 0x4d, 0x77, 0x4d, 0x76, 0x45, 0x76, 0x4d,
    0x76, 0x45, 0x77, 0x4d, 0x56, 0x4d, 0x56, 0x4d, 0x77, 0x4d, 0x76, 0x4d,
    0x76, 0x45, 0x8a, 0xa4, 0x01, 0xfc, 0x20, 0xfc, 0x20, 0xf3, 0xc0, 0xf2,
    0xe0, 0xf2, 0x20, 0xf3, 0x40, 0xf3, 0x60, 0xf3, 0x80, 0xf3, 0xa0, 0xf3,
    0xc0, 0xfc, 0x20, 0xfd, 0x20, 0xfd, 0x20, 0xfd, 0x40, 0xfd, 0x60, 0xfd,
    0x60, 0xfd, 0x60, 0xfd, 0x80, 0xfd, 0x80, 0xfd, 0x80, 0xfd, 0x80, 0xfd,
    0xa0, 0xfd, 0xa0, 0xfd, 0x80, 0xfd, 0x80, 0xfd, 0x80, 0xfd, 0x80, 0xfd,
    0xa0, 0xfd, 0xa0, 0xfd, 0x80, 0xfd, 0x80, 0xfd, 0x80, 0xfd, 0x60, 0xfd,
    0x80, 0xfc, 0xe0, 0xfb, 0xc0, 0xfb, 0x00, 0xfc, 0x60, 0xfc, 0xe0, 0xfc,
    0x20, 0xfd, 0x00, 0xfd, 0xe0, 0xfc, 0xc0, 0xfc, 0x80, 0xfc, 0x40, 0xfc,
    0x20, 0xf4, 0xe0, 0xf3, 0xa0, 0xf3, 0x60, 0xeb, 0x21, 0xd2, 0x82, 0xb0,
    0xa2, 0xb8, 0xc3, 0xb8, 0xc3, 0xb0, 0xc3, 0xb8, 0xe4, 0xb8, 0xe4, 0xb8,
    0xe4, 0xb8, 0x04, 0xb9, 0x24, 0xb9, 0x04, 0xc1, 0xcc, 0x8a, 0x97, 0x4d,
    0x76, 0x4d, 0x77, 0x4d, 0x77, 0x45, 0x76, 0x4d, 0x97, 0x4d, 0x97, 0x4d,
    0x76, 0x4d, 0x97, 0x4d, 0x97, 0x4d, 0x96, 0x4d, 0x77, 0x4d, 0x77, 0x4d,
    0x77, 0x4d, 0x77, 0x4d, 0x76, 0x45, 0x77, 0x4d, 0x76, 0x4d, 0x76, 0x45,
    0x77, 0x4d, 0x97, 0x4d, 0x77, 0x4d, 0x77, 0x4d, 0x76, 0x4d, 0x76, 0x45,
    0x77, 0x4d, 0x76, 0x4d, 0x76, 0x4d, 0x76, 0x45, 0x34, 0x45, 0xae, 0x44,
    0x8c, 0x3c, 0x8b, 0x3c, 0x8b, 0x3c, 0x8b, 0x3c, 0x6b, 0x3c, 0x6b, 0x3c,
    0x6b, 0x3c, 0x6b, 0x3c, 0x6b, 0x3c, 0x6b, 0x34, 0x6b, 0x34, 0x6b, 0x34,
    0x6b, 0x3c, 0x6b, 0x34, 0x4b, 0x34, 0x6b, 0x3c, 0x4b, 0x34, 0x0a, 0x34,
    0xea, 0x2b, 0xca, 0x2b, 0xca, 0x33, 0xca, 0x2b, 0xca, 0x2b, 0xca, 0x2b,
    0xaa, 0x2b, 0xaa, 0x2b, 0xc6, 0x6a, 0x44, 0x82, 0x64, 0x82, 0x64, 0x82,
    0x64, 0x82, 0x64, 0x8a, 0x64, 0x8a, 0x64, 0x82, 0x64, 0x82, 0x64, 0x82,
    0x44, 0x82, 0x44, 0x82, 0x24, 0x7a, 0x24, 0x7a, 0x03, 0x7a, 0x24, 0x72,
    0x44, 0x82, 0x64, 0x82, 0x65, 0x82, 0x64, 0x82, 0x64, 0x82, 0x85, 0x8a,
    0x84, 0x8a, 0x84, 0x8a, 0x85, 0x8a, 0x84, 0x8a, 0x85, 0x8a, 0x85, 0x8a,
    0x64, 0x82, 0x65, 0x82, 0x65, 0x82, 0x65, 0x82, 0x65, 0x82, 0x65, 0x7a,
    0x65, 0x82, 0x65, 0x7a, 0x65, 0x7a, 0x65, 0x7a, 0x65, 0x7a, 0x65, 0x7a,
    0x45, 0x7a, 0x65, 0x7a, 0x46, 0x72, 0x45, 0x7a, 0x45, 0x7a, 0x45, 0x72,
    0x45, 0x72, 0x45, 0x72, 0x45, 0x72, 0x66, 0x6a, 0xe9, 0x43, 0x4a, 0x44,
    0x4a, 0x3c, 0x6a, 0x3c, 0x6b, 0x44, 0x6b, 0x3c, 0x6a, 0x3c, 0x6a, 0x44,
    0x6a, 0x3c, 0x6b, 0x44, 0x6b, 0x44, 0x6b, 0x3c, 0x6b, 0x3c, 0x8b, 0x44,
    0x8c, 0x44, 0x8c, 0x3c, 0xad, 0x44, 0xf0, 0x44, 0x33, 0x4d, 0x76, 0x4d,
    0x96, 0x4d, 0x96, 0x4d, 0x97, 0x4d, 0x96, 0x55, 0x97, 0x4d, 0x97, 0x4d,
    0x97, 0x55, 0x96, 0x4d, 0x97, 0x4d, 0x96, 0x4d, 0xb7, 0x4d, 0x97, 0x55,
    0x97, 0x4d, 0x97, 0x4d, 0x97, 0x4d, 0x96, 0x4d, 0x97, 0x4d, 0x97, 0x4d,
    0x97, 0x4d, 0x97, 0x4d, 0x97, 0x4d, 0x96, 0x4d, 0x97, 0x4d, 0x96, 0x4d,
    0x77, 0x4d, 0x97, 0x4d, 0x96, 0x4d, 0x97, 0x4d, 0x97, 0x4d, 0x77, 0x4d,
    0x76, 0x4d, 0x97, 0x4d, 0x97, 0x4d, 0x76, 0x4d, 0x77, 0x4d, 0x97, 0x4d,
    0x76, 0x4d, 0x76, 0x4d, 0x76, 0x45, 0x76, 0x4d, 0x77, 0x4d, 0x76, 0x4d,
    0x76, 0x4d, 0x77, 0x45, 0x76, 0x4d, 0x76, 0x4d, 0x76, 0x4d, 0x56, 0x4d,
    0x33, 0x5d, 0xe3, 0xe3, 0x01, 0xfc, 0x60, 0xf3, 0x40, 0xf3, 0x40, 0xfc,
    0xe0, 0xfc, 0x00, 0xfd, 0x00, 0xfd, 0x20, 0xfd, 0x20, 0xfd, 0x20, 0xfd,
    0x20, 0xfd, 0x20, 0xfd, 0x20, 0xfd, 0x20, 0xfd, 0x40, 0xfd, 0x60, 0xfd,
    0x80, 0xfd, 0x80, 0xfd, 0x80, 0xfd, 0x80, 0xfd, 0xa0, 0xfd, 0xa0, 0xfd,
    0xa0, 0xfd, 0xa0, 0xfd, 0xa0, 0xfd, 0x80, 0xfd, 0xa0, 0xfd, 0xa0, 0xfd,
    0xa0, 0xfd, 0x80, 0xfd, 0xa0, 0xfd, 0x80, 0xfd, 0x00, 0xfd, 0xc0, 0xf3,
    0x60, 0xf3, 0x60, 0xf3, 0x40, 0xf3, 0x20, 0xf3, 0x00, 0xf3, 0x40, 0xf3,
    0xc0, 0xf3, 0x80, 0xfc, 0xe0, 0xfc, 0xe0, 0xfc, 0xc0, 0xfc, 0x80, 0xfc,
    0x40, 0xf4, 0x00, 0xf4, 0xa0, 0xf3, 0x60, 0xeb, 0x60, 0xeb, 0x41, 0xd2,
    0xc2, 0xb0, 0xc3, 0xb0, 0xc3, 0xb0, 0xc3, 0xb0, 0xe3, 0xb0, 0x03, 0xb9,
    0x04, 0xb9, 0x04, 0xb9, 0x04, 0xb9, 0x04, 0xb9, 0x6a, 0x92, 0x97, 0x4d,
    0x77, 0x4d, 0x77, 0x4d, 0x77, 0x4d, 0x76, 0x4d, 0x77, 0x45, 0x97, 0x4d,
    0x76, 0x4d, 0x77, 0x45, 0x77, 0x4d, 0x76, 0x45, 0x96, 0x4d, 0x97, 0x4d,
    0x97, 0x4d, 0x76, 0x4d, 0x77, 0x4d, 0x97, 0x4d, 0x76, 0x4d, 0x76, 0x4d,
    0x77, 0x45, 0x76, 0x4d, 0x77, 0x45, 0x76, 0x4d, 0x77, 0x4d, 0x76, 0x4d,
    0x76, 0x45, 0x77, 0x4d, 0x76, 0x4d, 0x56, 0x45, 0x12, 0x45, 0xad, 0x3c,
    0x8b, 0x3c, 0x6b, 0x3c, 0x6b, 0x3c, 0x6b, 0x3c, 0x6b, 0x3c, 0x6b, 0x3c,
    0x6b, 0x3c, 0x6b, 0x34, 0x6b, 0x3c, 0x6b, 0x34, 0x6b, 0x34, 0x6b, 0x3c,
    0x6b, 0x3c, 0x4b, 0x34, 0x6b, 0x34, 0x6b, 0x34, 0x4b, 0x34, 0x0b, 0x34,
    0xea, 0x2b, 0xca, 0x2b, 0xca, 0x2b, 0xca, 0x2b, 0xca, 0x2b, 0xca, 0x2b,
    0xaa, 0x2b, 0xa9, 0x2b, 0xc6, 0x6a, 0x64, 0x8a, 0x64, 0x82, 0x64, 0x8a,
    0x64, 0x82, 0x64, 0x82, 0x44, 0x82, 0x65, 0x8a, 0x64, 0x8a, 0x44, 0x82,
    0x44, 0x82, 0x24, 0x82, 0x24, 0x7a, 0x24, 0x7a, 0x04, 0x7a, 0x04, 0x7a,
    0x44, 0x82, 0x44, 0x82, 0x44, 0x82, 0x44, 0x82, 0x64, 0x82, 0x84, 0x8a,
    0x65, 0x8a, 0x85, 0x8a, 0x84, 0x92, 0x85, 0x8a, 0xa5, 0x8a, 0x85, 0x8a,
    0x84, 0x82, 0x65, 0x82, 0x65, 0x82, 0x64, 0x82, 0x65, 0x7a, 0x65, 0x82,
    0x65, 0x7a, 0x65, 0x7a, 0x65, 0x82, 0x65, 0x7a, 0x65, 0x7a, 0x45, 0x7a,
    0x45, 0x7a, 0x65, 0x7a, 0x65, 0x72, 0x45, 0x72, 0x45, 0x72, 0x45, 0x72,
    0x45, 0x72, 0x45, 0x72, 0x45, 0x72, 0x45, 0x72, 0x88, 0x4b, 0x4b, 0x44,
    0x4a, 0x44, 0x4b, 0x3c, 0x4a, 0x3c, 0x6a, 0x44, 0x6b, 0x3c, 0x6b, 0x44,
    0x6a, 0x3c, 0x6a, 0x3c, 0x6b, 0x44, 0x6a, 0x3c, 0x6b, 0x3c, 0x8b, 0x44,
    0x6b, 0x3c, 0x6b, 0x3c, 0x8b, 0x44, 0x8c, 0x44, 0xcf, 0x44, 0x54, 0x4d,
    0x76, 0x4d, 0x76, 0x4d, 0x97, 0x4d, 0x96, 0x55, 0x96, 0x4d, 0x97, 0x4d,
    0x96, 0x55, 0xb7, 0x4d, 0xb7, 0x55, 0x97, 0x4d, 0x96, 0x4d, 0x97, 0x55,
    0xb7, 0x4d, 0x96, 0x4d, 0x97, 0x55, 0xb7, 0x4d, 0x96, 0x4d, 0x97, 0x4d,
    0x96, 0x4d, 0x97, 0x4d, 0x97, 0x4d, 0x96, 0x4d, 0x97, 0x4d, 0x97, 0x4d,
    0x96, 0x4d, 0x97, 0x4d, 0x97, 0x4d, 0x76, 0x4d, 0x97, 0x4d, 0x97, 0x4d,
    0x97, 0x4d, 0x76, 0x4d, 0x97, 0x4d, 0x97, 0x4d, 0x96, 0x4d, 0x77, 0x4d,
    0x97, 0x4d, 0x76, 0x4d, 0x77, 0x4d, 0x76, 0x4d, 0x97, 0x4d, 0x77, 0x4d,
    0x76, 0x4d, 0x77, 0x4d, 0x76, 0x45, 0x76, 0x4d, 0x56, 0x4d, 0x77, 0x45,
    0xae, 0x8c, 0xc1, 0xf3, 0xe0, 0xfb, 0x20, 0xfc, 0x00, 0xfd, 0x00, 0xfd,
    0x00, 0xfd, 0x00, 0xfd, 0x00, 0xfd, 0x00, 0xfd, 0x20, 0xfd, 0x40, 0xfd,
    0x40, 0xfd, 0x40, 0xfd, 0x40, 0xfd, 0x40, 0xfd, 0x40, 0xfd, 0x60, 0xfd,
    0x80, 0xfd, 0xa0, 0xfd, 0xa0, 0xfd, 0xa0, 0xfd, 0xa0, 0xfd, 0xa0, 0xfd,
    0xa0, 0xfd, 0xa0, 0xfd, 0xa0, 0xfd, 0xa0, 0xfd, 0xa0, 0xfd, 0x80, 0xfd,
    0x80, 0xfd, 0x80, 0xfd, 0x80, 0xfd, 0x80, 0xfd, 0x20, 0xfd, 0x00, 0xfc,
    0x80, 0xfb, 0x60, 0xf3, 0x20, 0xf3, 0x20, 0xf3, 0x20, 0xf3, 0x20, 0xf3,
    0x20, 0xf3, 0x40, 0xf3, 0x40, 0xf4, 0xc0, 0xfc, 0xc0, 0xfc, 0xa0, 0xfc,
    0x80, 0xfc, 0x40, 0xf4, 0x00, 0xf4, 0xa0, 0xf3, 0x60, 0xeb, 0x60, 0xeb,
    0x81, 0xd2, 0xa2, 0xb0, 0xa2, 0xb0, 0xc3, 0xb0, 0xc3, 0xb0, 0xe3, 0xb0,
    0xe3, 0xb8, 0xe3, 0xb8, 0x04, 0xb9, 0xe4, 0xb8, 0x29, 0x9a, 0x77, 0x4d,
    0x76, 0x4d, 0x76, 0x4d, 0x77, 0x4d, 0x97, 0x4d, 0x96, 0x4d, 0x77, 0x4d,
    0x96, 0x4d, 0x97, 0x4d, 0x77, 0x4d, 0x77, 0x4d, 0x76, 0x4d, 0x97, 0x4d,
    0x96, 0x45, 0x77, 0x4d, 0x97, 0x4d, 0x77, 0x45, 0x77, 0x4d, 0x76, 0x4d,
    0x77, 0x4d, 0x97, 0x4d, 0x76, 0x4d, 0x77, 0x4d, 0x77, 0x4d, 0x76, 0x4d,
    0x77, 0x4d, 0x77, 0x45, 0x76, 0x4d, 0x55, 0x45, 0xf1, 0x44, 0x8c, 0x3c,
    0x6b, 0x3c, 0x6b, 0x3c, 0x6b, 0x3c, 0x6b, 0x3c, 0x6b, 0x3c, 0x8b, 0x3c,
    0x6b, 0x34, 0x6b, 0x3c, 0x6b, 0x3c, 0x6b, 0x34, 0x6b, 0x34, 0x6b, 0x3c,
    0x4b, 0x34, 0x4b, 0x34, 0x2b, 0x34, 0x2a, 0x34, 0x2b, 0x34, 0x0a, 0x34,
    0xea, 0x2b, 0xca, 0x2b, 0xca, 0x2b, 0xca, 0x2b, 0xca, 0x2b, 0xca, 0x2b,
    0xaa, 0x2b, 0xa9, 0x2b, 0xa6, 0x6a, 0x44, 0x82, 0x44, 0x82, 0x45, 0x8a,
    0x64, 0x82, 0x64, 0x82, 0x64, 0x82, 0x44, 0x8a, 0x44, 0x82, 0x44, 0x82,
    0x44, 0x82, 0x44, 0x7a, 0x24, 0x7a, 0x24, 0x7a, 0x03, 0x7a, 0x03, 0x72,
    0x44, 0x7a, 0x44, 0x82, 0x44, 0x82, 0x44, 0x82, 0x64, 0x82, 0x84, 0x8a,
    0x84, 0x8a, 0x84, 0x8a, 0x85, 0x8a, 0x85, 0x8a, 0x85, 0x8a, 0x84, 0x8a,
    0x65, 0x82, 0x65, 0x82, 0x65, 0x82, 0x65, 0x7a, 0x65, 0x82, 0x65, 0x82,
    0x65, 0x7a, 0x65, 0x7a, 0x45, 0x7a, 0x65, 0x7a, 0x65, 0x7a, 0x65, 0x7a,
    0x65, 0x7a, 0x45, 0x7a, 0x45, 0x72, 0x45, 0x72, 0x45, 0x72, 0x45, 0x72,
    0x25, 0x72, 0x45, 0x72, 0x45, 0x72, 0x25, 0x72, 0x68, 0x53, 0x4b, 0x3c,
    0x4a, 0x3c, 0x4b, 0x44, 0x4b, 0x3c, 0x4a, 0x3c, 0x4b, 0x44, 0x4b, 0x3c,
    0x6b, 0x3c, 0x6b, 0x3c, 0x6a, 0x3c, 0x6b, 0x3c, 0x6b, 0x44, 0x6b, 0x44,
    0x6b, 0x3c, 0x6b, 0x3c, 0x6b, 0x44, 0x8c, 0x3c, 0x8c, 0x44, 0x11, 0x45,
    0x75, 0x4d, 0x96, 0x4d, 0x97, 0x4d, 0x97, 0x4d, 0x97, 0x4d, 0x96, 0x4d,
    0x97, 0x4d, 0x97, 0x4d, 0x97, 0x4d, 0x96, 0x4d, 0x97, 0x4d, 0x97, 0x4d,
    0x97, 0x4d, 0x96, 0x4d, 0x97, 0x4d, 0xb7, 0x4d, 0x97, 0x4d, 0xb7, 0x55,
    0x96, 0x4d, 0x96, 0x4d, 0xb7, 0x4d, 0x97, 0x4d, 0x96, 0x4d, 0x97, 0x4d,
    0x97, 0x4d, 0x96, 0x4d, 0x97, 0x4d, 0x96, 0x4d, 0x96, 0x4d, 0x97, 0x4d,
    0x96, 0x4d, 0x96, 0x4d, 0x77, 0x45, 0x76, 0x4d, 0x96, 0x4d, 0x97, 0x45,
    0x76, 0x45, 0x97, 0x4d, 0x97, 0x4d, 0x97, 0x4d, 0x76, 0x4d, 0x76, 0x45,
    0x76, 0x4d, 0x77, 0x4d, 0x76, 0x4d, 0x76, 0x45, 0x77, 0x45, 0x57, 0x45,
    0x28, 0xbc, 0xe0, 0xfb, 0x20, 0xfc, 0xc0, 0xfc, 0xc0, 0xfc, 0x60, 0xfc,
    0x00, 0xf4, 0x20, 0xf4, 0x80, 0xfc, 0xe0, 0xfc, 0x20, 0xfd, 0x40, 0xfd,
    0x60, 0xfd, 0x60, 0xfd, 0x60, 0xfd, 0x80, 0xfd, 0x80, 0xfd, 0x80, 0xfd,
    0xa0, 0xfd, 0xa0, 0xfd, 0xa0, 0xfd, 0xa0, 0xfd, 0xa0, 0xfd, 0xa0, 0xfd,
    0xa0, 0xfd, 0xa0, 0xfd, 0xa0, 0xfd, 0xa0, 0xfd, 0x80, 0xfd, 0xa0, 0xfd,
    0xa0, 0xfd, 0x80, 0xfd, 0x80, 0xfd, 0x80, 0xfd, 0x80, 0xfd, 0x60, 0xfd,
    0x00, 0xfd, 0xe0, 0xfc, 0xa0, 0xfc, 0x40, 0xfc, 0xc0, 0xf3, 0x20, 0xf3,
    0x00, 0xf3, 0x20, 0xf3, 0x40, 0xf3, 0x40, 0xfc, 0xc0, 0xfc, 0xa0, 0xfc,
    0xa0, 0xfc, 0x80, 0xfc, 0x40, 0xf4, 0x00, 0xf4, 0x80, 0xf3, 0x60, 0xeb,
    0x40, 0xeb, 0x61, 0xd2, 0xa2, 0xb0, 0xa2, 0xa8, 0xc3, 0xa8, 0xc3, 0xb0,
    0xc3, 0xb0, 0xe3, 0xb0, 0xe4, 0xb0, 0xe4, 0xb8, 0x08, 0x9a, 0x56, 0x4d,
    0x76, 0x4d, 0x76, 0x4d, 0x77, 0x4d, 0x77, 0x4d, 0x96, 0x4d, 0x77, 0x4d,
    0x77, 0x4d, 0x96, 0x4d, 0x97, 0x4d, 0x97, 0x4d, 0x77, 0x4d, 0x77, 0x4d,
    0x96, 0x4d, 0x77, 0x4d, 0x96, 0x4d, 0x76, 0x4d, 0x97, 0x4d, 0x96, 0x4d,
    0x77, 0x45, 0x77, 0x4d, 0x96, 0x4d, 0x77, 0x4d, 0x76, 0x4d, 0x96, 0x4d,
    0x77, 0x4d, 0x76, 0x4d, 0x76, 0x45, 0x55, 0x4d, 0xf1, 0x44, 0x6c, 0x3c,
    0x6b, 0x3c, 0x6b, 0x3c, 0x6b, 0x34, 0x6b, 0x3c, 0x6b, 0x3c, 0x6b, 0x34,
    0x6b, 0x3c, 0x6b, 0x3c, 0x6b, 0x3c, 0x6b, 0x34, 0x4b, 0x34, 0x4b, 0x34,
    0x2b, 0x34, 0x0a, 0x34, 0x0a, 0x34, 0xea, 0x2b, 0x0a, 0x34, 0xea, 0x33,
    0xca, 0x2b, 0xca, 0x2b, 0xca, 0x2b, 0xca, 0x2b, 0xaa, 0x2b, 0xaa, 0x2b,
    0xaa, 0x2b, 0xaa, 0x33, 0xa5, 0x6a, 0x44, 0x82, 0x64, 0x82, 0x64, 0x82,
    0x44, 0x82, 0x64, 0x8a, 0x64, 0x8a, 0x64, 0x82, 0x44, 0x82, 0x64, 0x82,
    0x44, 0x82, 0x24, 0x7a, 0x04, 0x7a, 0x24, 0x7a, 0x04, 0x72, 0x04, 0x7a,
    0x44, 0x82, 0x44, 0x7a, 0x44, 0x82, 0x44, 0x82, 0x64, 0x82, 0x64, 0x8a,
    0x85, 0x8a, 0x84, 0x8a, 0x84, 0x8a, 0x84, 0x8a, 0x85, 0x8a, 0x84, 0x8a,
    0x85, 0x8a, 0x64, 0x82, 0x65, 0x82, 0x65, 0x7a, 0x64, 0x7a, 0x65, 0x82,
    0x65, 0x7a, 0x65, 0x7a, 0x65, 0x7a, 0x45, 0x7a, 0x45, 0x7a, 0x65, 0x7a,
    0x65, 0x7a, 0x45, 0x72, 0x45, 0x72, 0x45, 0x7a, 0x45, 0x72, 0x45, 0x72,
    0x25, 0x72, 0x25, 0x72, 0x25, 0x72, 0x25, 0x72, 0x07, 0x5b, 0x4a, 0x3c,
    0x2a, 0x44, 0x4a, 0x3c, 0x4a, 0x3c, 0x4a, 0x3c, 0x6b, 0x3c, 0x4a, 0x3c,
    0x4a, 0x3c, 0x4b, 0x44, 0x4b, 0x3c, 0x6a, 0x3c, 0x4a, 0x44, 0x6b, 0x3c,
    0x6b, 0x44, 0x6b, 0x3c, 0x6b, 0x3c, 0x8b, 0x44, 0x8c, 0x3c, 0xae, 0x44,
    0x54, 0x4d, 0x96, 0x4d, 0x96, 0x4d, 0x97, 0x55, 0xb7, 0x4d, 0x96, 0x4d,
    0xb7, 0x4d, 0x96, 0x55, 0x96, 0x4d, 0x97, 0x55, 0xb6, 0x4d, 0x97, 0x4d,
    0x96, 0x4d, 0xb7, 0x55, 0x97, 0x4d, 0xb7, 0x4d, 0x97, 0x4d, 0x97, 0x55,
    0xb7, 0x4d, 0x96, 0x4d, 0xb7, 0x4d, 0x97, 0x4d, 0x96, 0x4d, 0x96, 0x4d,
    0x97, 0x4d, 0x97, 0x4d, 0x97, 0x4d, 0x97, 0x4d, 0x97, 0x4d, 0x97, 0x4d,
    0x97, 0x4d, 0x97, 0x4d, 0x97, 0x4d, 0x96, 0x4d, 0x77, 0x4d, 0x76, 0x4d,
    0x96, 0x4d, 0x96, 0x4d, 0x77, 0x4d, 0x96, 0x4d, 0x76, 0x4d, 0x77, 0x4d,
    0x96, 0x45, 0x76, 0x4d, 0x76, 0x4d, 0x76, 0x4d, 0x77, 0x45, 0x14, 0x5d,
    0xe4, 0xdb, 0x20, 0xf4, 0x60, 0xfc, 0x40, 0xf4, 0x80, 0xf3, 0xe0, 0xea,
    0xc0, 0xea, 0xa0, 0xea, 0x00, 0xf3, 0xc0, 0xf3, 0xc0, 0xfc, 0x40, 0xfd,
    0x60, 0xfd, 0x60, 0xfd, 0x80, 0xfd, 0x80, 0xfd, 0x80, 0xfd, 0xa0, 0xfd,
    0xa0, 0xfd, 0xa0, 0xfd, 0xa0, 0xfd, 0xa0, 0xfd, 0xa0, 0xfd, 0xc0, 0xfd,
    0xc0, 0xfd, 0xc0, 0xfd, 0xa0, 0xfd, 0xa0, 0xfd, 0xa0, 0xfd, 0x80, 0xfd,
    0x80, 0xfd, 0x60, 0xfd, 0x60, 0xfd, 0x60, 0xfd, 0x60, 0xfd, 0x60, 0xfd,
    0x40, 0xfd, 0x20, 0xfd, 0x20, 0xfd, 0x20, 0xfd, 0x20, 0xfd, 0xe0, 0xfc,
    0x20, 0xfc, 0x60, 0xf3, 0x00, 0xf3, 0x80, 0xf3, 0xa0, 0xfc, 0xa0, 0xfc,
    0xa0, 0xf4, 0x80, 0xfc, 0x60, 0xfc, 0x40, 0xf4, 0xc0, 0xf3, 0x60, 0xf3,
    0x60, 0xeb, 0x40, 0xeb, 0x61, 0xd2, 0xa2, 0xa8, 0xc3, 0xa8, 0xc3, 0xa8,
    0xc3, 0xb0, 0xe3, 0xb0, 0xe4, 0xb0, 0xe4, 0xb0, 0xe8, 0x91, 0x76, 0x4d,
    0x76, 0x4d, 0x77, 0x4d, 0x97, 0x4d, 0x76, 0x4d, 0x97, 0x45, 0x77, 0x4d,
    0x76, 0x4d, 0x77, 0x4d, 0x97, 0x4d, 0x96, 0x4d, 0x97, 0x45, 0x77, 0x4d,
    0x77, 0x4d, 0x97, 0x45, 0x76, 0x4d, 0x77, 0x4d, 0x97, 0x4d, 0x97, 0x4d,
    0x76, 0x4d, 0x77, 0x4d, 0x97, 0x4d, 0x97, 0x4d, 0x97, 0x4d, 0x76, 0x4d,
    0x77, 0x4d, 0x77, 0x4d, 0x76, 0x4d, 0x55, 0x45, 0xf0, 0x3c, 0x6c, 0x3c,
    0x6b, 0x3c, 0x6b, 0x34, 0x6b, 0x34, 0x6b, 0x3c, 0x6b, 0x34, 0x6b, 0x3c,
    0x6b, 0x34, 0x6b, 0x34, 0x6b, 0x3c, 0x6b, 0x3c, 0x4b, 0x34, 0x2a, 0x34,
    0x0b, 0x34, 0x0a, 0x34, 0xea, 0x2b, 0xea, 0x2b, 0xea, 0x2b, 0xea, 0x2b,
    0xca, 0x2b, 0xca, 0x2b, 0xaa, 0x2b, 0xca, 0x2b, 0xaa, 0x2b, 0xaa, 0x2b,
    0xaa, 0x2b, 0xa9, 0x33, 0xa5, 0x72, 0x65, 0x82, 0x44, 0x82, 0x64, 0x8a,
    0x65, 0x8a, 0x64, 0x82, 0x64, 0x82, 0x64, 0x82, 0x64, 0x8a, 0x44, 0x82,
    0x44, 0x82, 0x24, 0x7a, 0x03, 0x7a, 0x04, 0x72, 0x04, 0x72, 0x03, 0x7a,
    0x44, 0x7a, 0x44, 0x7a, 0x44, 0x82, 0x44, 0x82, 0x64, 0x82, 0x64, 0x82,
    0x85, 0x8a, 0x85, 0x8a, 0x84, 0x8a, 0x85, 0x8a, 0x85, 0x8a, 0x85, 0x8a,
    0x85, 0x82, 0x64, 0x82, 0x65, 0x82, 0x65, 0x7a, 0x65, 0x82, 0x45, 0x7a,
    0x45, 0x7a, 0x65, 0x7a, 0x45, 0x7a, 0x65, 0x7a, 0x45, 0x7a, 0x45, 0x7a,
    0x45, 0x7a, 0x45, 0x72, 0x45, 0x7a, 0x45, 0x72, 0x45, 0x72, 0x45, 0x72,
    0x45, 0x72, 0x25, 0x72, 0x45, 0x72, 0x45, 0x6a, 0x86, 0x62, 0x0a, 0x44,
    0x2a, 0x3c, 0x4b, 0x3c, 0x4a, 0x3c, 0x4b, 0x44, 0x6b, 0x3c, 0x4a, 0x3c,
    0x4a, 0x44, 0x4a, 0x3c, 0x6b, 0x44, 0x4a, 0x44, 0x4b, 0x3c, 0x6a, 0x3c,
    0x6a, 0x3c, 0x6b, 0x44, 0x6b, 0x3c, 0x6b, 0x44, 0x8b, 0x44, 0x8d, 0x3c,
    0x12, 0x4d, 0x96, 0x4d, 0x96, 0x4d, 0x97, 0x55, 0x96, 0x55, 0x97, 0x4d,
    0x97, 0x4d, 0xb7, 0x55, 0x97, 0x4d, 0x97, 0x4d, 0x97, 0x4d, 0xb7, 0x4d,
    0xb7, 0x4d, 0x96, 0x4d, 0x97, 0x4d, 0x96, 0x4d, 0x96, 0x4d, 0xb7, 0x4d,
    0x97, 0x4d, 0x96, 0x4d, 0x97, 0x4d, 0x97, 0x4d, 0x97, 0x4d, 0x96, 0x4d,
    0x96, 0x4d, 0x97, 0x4d, 0x96, 0x4d, 0x96, 0x4d, 0x97, 0x4d, 0x96, 0x4d,
    0x96, 0x4d, 0x97, 0x4d, 0x97, 0x4d, 0x77, 0x4d, 0x96, 0x4d, 0x97, 0x4d,
    0x76, 0x4d, 0x76, 0x4d, 0x77, 0x4d, 0x97, 0x4d, 0x76, 0x45, 0x97, 0x4d,
    0x97, 0x4d, 0x76, 0x4d, 0x77, 0x4d, 0x77, 0x4d, 0x97, 0x45, 0xaf, 0x7c,
    0xc1, 0xf3, 0x40, 0xfc, 0x00, 0xf4, 0x20, 0xeb, 0xe0, 0xea, 0x61, 0xc2,
    0xe2, 0x99, 0xe2, 0x99, 0x61, 0xca, 0x00, 0xf3, 0xe0, 0xf3, 0xe0, 0xfc,
    0x60, 0xfd, 0x80, 0xfd, 0x80, 0xfd, 0xa0, 0xfd, 0xa0, 0xfd, 0xa0, 0xfd,
    0xa0, 0xfd, 0xa0, 0xfd, 0xc0, 0xfd, 0xc0, 0xfd, 0xc0, 0xfd, 0xc0, 0xfd,
    0xa0, 0xfd, 0xa0, 0xfd, 0xa0, 0xfd, 0xa0, 0xfd, 0x80, 0xfd, 0x60, 0xfd,
    0x60, 0xfd, 0x60, 0xfd, 0x60, 0xfd, 0x60, 0xfd, 0x40, 0xfd, 0x40, 0xfd,
    0x20, 0xfd, 0x20, 0xfd, 0x20, 0xfd, 0x00, 0xfd, 0x00, 0xfd, 0x00, 0xfd,
    0x00, 0xfd, 0xe0, 0xfc, 0x60, 0xf4, 0x80, 0xf3, 0x00, 0xfc, 0xa0, 0xfc,
    0xa0, 0xfc, 0xa0, 0xfc, 0x80, 0xfc, 0x60, 0xf4, 0x20, 0xf4, 0x60, 0xf3,
    0x40, 0xeb, 0x40, 0xeb, 0x40, 0xeb, 0x01, 0xca, 0x83, 0xa8, 0xa3, 0xa8,
    0xc3, 0xa8, 0xc3, 0xb0, 0xc3, 0xb0, 0xe4, 0xb0, 0xe8, 0x91, 0x56, 0x4d,
    0x56, 0x4d, 0x36, 0x4d, 0x76, 0x4d, 0x76, 0x45, 0x77, 0x4d, 0x76, 0x4d,
    0x97, 0x4d, 0x96, 0x45, 0x97, 0x4d, 0x76, 0x4d, 0x76, 0x4d, 0x97, 0x4d,
    0x97, 0x4d, 0x96, 0x4d, 0x77, 0x4d, 0x77, 0x4d, 0x96, 0x4d, 0x77, 0x4d,
    0x96, 0x4d, 0x96, 0x4d, 0x77, 0x4d, 0x76, 0x4d, 0x97, 0x4d, 0x76, 0x45,
    0x76, 0x4d, 0x77, 0x4d, 0x76, 0x4d, 0x55, 0x45, 0xf1, 0x44, 0x8c, 0x34,
    0x6b, 0x3c, 0x6b, 0x3c, 0x6b, 0x3c, 0x6b, 0x34, 0x6b, 0x3c, 0x6b, 0x34,
    0x6b, 0x3c, 0x6b, 0x34, 0x6b, 0x34, 0x6b, 0x3c, 0x4b, 0x34, 0x2a, 0x34,
    0x0a, 0x34, 0xea, 0x33, 0xea, 0x2b, 0xea, 0x2b, 0xea, 0x2b, 0xcb, 0x2b,
    0xca, 0x2b, 0xca, 0x2b, 0xca, 0x2b, 0xaa, 0x2b, 0xaa, 0x2b, 0xaa, 0x2b,
    0xaa, 0x2b, 0x89, 0x2b, 0x85, 0x72, 0x44, 0x82, 0x44, 0x82, 0x44, 0x82,
    0x44, 0x82, 0x64, 0x8a, 0x44, 0x82, 0x44, 0x82, 0x64, 0x8a, 0x44, 0x82,
    0x44, 0x82, 0x24, 0x7a, 0x04, 0x7a, 0x23, 0x72, 0x04, 0x7a, 0x24, 0x72,
    0x44, 0x82, 0x44, 0x7a, 0x44, 0x82, 0x44, 0x82, 0x64, 0x82, 0x64, 0x82,
    0x64, 0x8a, 0x84, 0x8a, 0x85, 0x8a, 0x84, 0x8a, 0x84, 0x8a, 0x85, 0x8a,
    0x84, 0x82, 0x64, 0x82, 0x65, 0x82, 0x64, 0x82, 0x65, 0x7a, 0x45, 0x7a,
    0x44, 0x7a, 0x65, 0x7a, 0x45, 0x7a, 0x45, 0x7a, 0x45, 0x7a, 0x65, 0x7a,
    0x45, 0x72, 0x65, 0x7a, 0x45, 0x72, 0x45, 0x72, 0x45, 0x72, 0x45, 0x72,
    0x45, 0x72, 0x25, 0x72, 0x45, 0x72, 0x45, 0x72, 0x65, 0x6a, 0xe9, 0x43,
    0x4a, 0x3c, 0x4a, 0x3c, 0x4b, 0x3c, 0x4a, 0x3c, 0x4b, 0x3c, 0x4b, 0x3c,
    0x4a, 0x3c, 0x4a, 0x3c, 0x4a, 0x3c, 0x4b, 0x3c, 0x4b, 0x3c, 0x6b, 0x3c,
    0x6a, 0x3c, 0x6b, 0x44, 0x6b, 0x3c, 0x6b, 0x3c, 0x6b, 0x44, 0x8c, 0x3c,
    0xf1, 0x44, 0x76, 0x4d, 0x96, 0x4d, 0x96, 0x4d, 0x96, 0x4d, 0xb7, 0x55,
    0x96, 0x4d, 0x96, 0x4d, 0xb7, 0x4d, 0x96, 0x4d, 0xb7, 0x4d, 0xb7, 0x55,
    0x97, 0x55, 0x97, 0x4d, 0x97, 0x55, 0xb7, 0x4d, 0x96, 0x4d, 0x97, 0x4d,
    0x97, 0x4d, 0x97, 0x4d, 0x96, 0x4d, 0x97, 0x4d, 0x97, 0x4d, 0x97, 0x4d,
    0x97, 0x4d, 0x97, 0x4d, 0x96, 0x4d, 0x97, 0x4d, 0x97, 0x4d, 0x96, 0x4d,
    0x97, 0x4d, 0x76, 0x4d, 0x96, 0x4d, 0x77, 0x4d, 0x96, 0x45, 0x97, 0x4d,
    0x97, 0x4d, 0x97, 0x4d, 0x76, 0x4d, 0x96, 0x4d, 0x77, 0x4d, 0x76, 0x4d,
    0x76, 0x4d, 0x76, 0x4d, 0x76, 0x4d, 0x76, 0x4d, 0x76, 0x4d, 0x2a, 0xac,
    0xe0, 0xfb, 0xe0, 0xfb, 0x20, 0xeb, 0x61, 0xb2, 0x03, 0x41, 0xa4, 0x18,
    0x05, 0x21, 0xe5, 0x20, 0xa3, 0x18, 0xa2, 0x81, 0x01, 0xeb, 0x80, 0xfc,
    0x40, 0xfd, 0x80, 0xfd, 0x80, 0xfd, 0x80, 0xfd, 0xa0, 0xfd, 0xa0, 0xfd,
    0xc0, 0xfd, 0xc0, 0xfd, 0xc0, 0xfd, 0xa0, 0xfd, 0xc0, 0xfd, 0xc0, 0xfd,
    0xa0, 0xfd, 0xa0, 0xfd, 0xa0, 0xfd, 0x80, 0xfd, 0x80, 0xfd, 0x80, 0xfd,
    0x60, 0xfd, 0x60, 0xfd, 0x40, 0xfd, 0x40, 0xfd, 0x40, 0xfd, 0x40, 0xfd,
    0x20, 0xfd, 0x00, 0xfd, 0x00, 0xfd, 0xe0, 0xfc, 0xe0, 0xfc, 0xe0, 0xfc,
    0xe0, 0xfc, 0xe0, 0xfc, 0xe0, 0xfc, 0xc0, 0xfc, 0x40, 0xf4, 0x80, 0xfc,
    0xa0, 0xfc, 0xa0, 0xf4, 0xa0, 0xfc, 0x60, 0xf4, 0x40, 0xf4, 0xa0, 0xf3,
    0x60, 0xeb, 0x40, 0xeb, 0x40, 0xeb, 0x20, 0xe3, 0xc1, 0xc1, 0xa2, 0xa0,
    0xa2, 0xa8, 0xc3, 0xa8, 0xc3, 0xb0, 0xe3, 0xb0, 0xa7, 0xa1, 0x11, 0x64,
    0xd3, 0x5c, 0x55, 0x4d, 0x77, 0x45, 0x76, 0x4d, 0x76, 0x4d, 0x76, 0x4d,
    0x97, 0x4d, 0x97, 0x4d, 0x97, 0x4d, 0x77, 0x45, 0x96, 0x4d, 0x97, 0x4d,
    0x76, 0x45, 0x97, 0x4d, 0x97, 0x4d, 0x76, 0x4d, 0x97, 0x45, 0x77, 0x4d,
    0x97, 0x4d, 0x97, 0x4d, 0x97, 0x4d, 0x76, 0x4d, 0x97, 0x4d, 0x97, 0x4d,
    0x76, 0x4d, 0x76, 0x4d, 0x76, 0x45, 0x76, 0x4d, 0xf2, 0x44, 0x8c, 0x3c,
    0x6c, 0x3c, 0x6b, 0x34, 0x6b, 0x34, 0x6b, 0x3c, 0x6b, 0x3c, 0x6b, 0x34,
    0x6b, 0x3c, 0x4b, 0x34, 0x4b, 0x34, 0x4b, 0x3c, 0x2a, 0x34, 0x0a, 0x34,
    0x0a, 0x34, 0xea, 0x33, 0xea, 0x2b, 0xea, 0x33, 0xca, 0x33, 0xca, 0x2b,
    0xca, 0x2b, 0xca, 0x2b, 0xca, 0x2b, 0xaa, 0x2b, 0xaa, 0x2b, 0xaa, 0x2b,
    0xa9, 0x2b, 0x89, 0x33, 0x65, 0x72, 0x45, 0x82, 0x44, 0x82, 0x44, 0x82,
    0x44, 0x82, 0x64, 0x82, 0x44, 0x8a, 0x44, 0x82, 0x64, 0x82, 0x44, 0x82,
    0x44, 0x82, 0x04, 0x7a, 0x04, 0x72, 0x04, 0x7a, 0x24, 0x7a, 0x04, 0x72,
    0xa4, 0x6a, 0xc4, 0x72, 0x44, 0x7a, 0x24, 0x82, 0x44, 0x82, 0x64, 0x82,
    0x84, 0x82, 0x64, 0x82, 0x84, 0x8a, 0x85, 0x8a, 0x84, 0x8a, 0x85, 0x8a,
    0x64, 0x8a, 0x65, 0x82, 0x65, 0x82, 0x45, 0x7a, 0x65, 0x82, 0x45, 0x7a,
    0x65, 0x7a, 0x65, 0x7a, 0x45, 0x7a, 0x45, 0x7a, 0x65, 0x7a, 0x65, 0x7a,
    0x65, 0x7a, 0x45, 0x72, 0x45, 0x7a, 0x45, 0x72, 0x45, 0x72, 0x45, 0x72,
    0x25, 0x72, 0x25, 0x72, 0x45, 0x72, 0x45, 0x6a, 0x45, 0x6a, 0x89, 0x4b,
    0x4a, 0x3c, 0x2a, 0x3c, 0x2b, 0x3c, 0x4a, 0x3c, 0x4a, 0x3c, 0x4a, 0x3c,
    0x4a, 0x3c, 0x4b, 0x3c, 0x4a, 0x3c, 0x4a, 0x3c, 0x4a, 0x3c, 0x4b, 0x44,
    0x4b, 0x3c, 0x6b, 0x3c, 0x6b, 0x3c, 0x6b, 0x3c, 0x6b, 0x44, 0x8d, 0x44,
    0x12, 0x45, 0x75, 0x4d, 0x96, 0x4d, 0x97, 0x4d, 0x97, 0x55, 0xb6, 0x4d,
    0x96, 0x4d, 0xb7, 0x55, 0x97, 0x4d, 0xb7, 0x55, 0xb6, 0x55, 0x97, 0x4d,
    0x96, 0x4d, 0xb7, 0x4d, 0x97, 0x4d, 0x96, 0x4d, 0xb7, 0x4d, 0xb7, 0x4d,
    0x97, 0x4d, 0x96, 0x4d, 0xb7, 0x4d, 0x97, 0x4d, 0x96, 0x4d, 0x97, 0x4d,
    0x97, 0x4d, 0x97, 0x4d, 0x97, 0x4d, 0x97, 0x4d, 0x97, 0x4d, 0x97, 0x4d,
    0x97, 0x4d, 0x96, 0x4d, 0x97, 0x4d, 0x96, 0x45, 0x97, 0x4d, 0x76, 0x4d,
    0x76, 0x4d, 0x96, 0x45, 0x96, 0x4d, 0x76, 0x4d, 0x77, 0x4d, 0x96, 0x4d,
    0x76, 0x4d, 0x97, 0x4d, 0x76, 0x4d, 0x76, 0x4d, 0x55, 0x55, 0xe4, 0xd3,
    0xe0, 0xf3, 0x40, 0xeb, 0xe1, 0x91, 0xc4, 0x20, 0x0c, 0x6b, 0x75, 0xbd,
    0xf7, 0xc5, 0xd6, 0xc5, 0x71, 0x94, 0x25, 0x31, 0xc1, 0x81, 0xc0, 0xf3,
    0x20, 0xfd, 0x60, 0xfd, 0x80, 0xfd, 0xa0, 0xfd, 0xa0, 0xfd, 0xa0, 0xfd,
    0xc0, 0xfd, 0xc0, 0xfd, 0xa0, 0xfd, 0xa0, 0xfd, 0xa0, 0xfd, 0xa0, 0xfd,
    0xa0, 0xfd, 0xa0, 0xfd, 0x80, 0xfd, 0x80, 0xfd, 0x60, 0xfd, 0x60, 0xfd,
    0x60, 0xfd, 0x40, 0xfd, 0x20, 0xfd, 0x20, 0xfd, 0x00, 0xfd, 0xa0, 0xfc,
    0x40, 0xf4, 0xc0, 0xf3, 0xa0, 0xf3, 0xa0, 0xf3, 0xc0, 0xf3, 0x40, 0xfc,
    0xc0, 0xfc, 0xc0, 0xfc, 0xc0, 0xfc, 0xe0, 0xfc, 0xe0, 0xfc, 0xc0, 0xfc,
    0xa0, 0xfc, 0xa0, 0xfc, 0x80, 0xfc, 0x80, 0xf4, 0x60, 0xf4, 0xe0, 0xf3,
    0x80, 0xf3, 0x60, 0xeb, 0x40, 0xeb, 0x40, 0xeb, 0x00, 0xe3, 0x42, 0xb1,
    0x82, 0xa8, 0xa3, 0xa8, 0xc3, 0xa8, 0xc3, 0xb0, 0xe4, 0xb8, 0x45, 0xc1,
    0x45, 0xc1, 0x46, 0xb9, 0x8b, 0x92, 0xd4, 0x5c, 0xb7, 0x45, 0x77, 0x4d,
    0x77, 0x4d, 0x96, 0x4d, 0x77, 0x4d, 0x77, 0x4d, 0x97, 0x4d, 0x96, 0x4d,
    0x97, 0x4d, 0x97, 0x4d, 0x96, 0x4d, 0x97, 0x4d, 0x76, 0x4d, 0x97, 0x4d,
    0x96, 0x4d, 0x97, 0x45, 0x97, 0x4d, 0x96, 0x4d, 0x76, 0x4d, 0x77, 0x4d,
    0x76, 0x45, 0x76, 0x4d, 0x76, 0x4d, 0x76, 0x45, 0x33, 0x45, 0xae, 0x3c,
    0x6c, 0x34, 0x6b, 0x34, 0x4b, 0x3c, 0x6b, 0x3c, 0x6b, 0x34, 0x6b, 0x3c,
    0x6b, 0x3c, 0x6b, 0x34, 0x6a, 0x34, 0x4b, 0x34, 0x4b, 0x34, 0x0a, 0x34,
    0x0a, 0x2c, 0xeb, 0x2b, 0xea, 0x2b, 0xea, 0x33, 0xca, 0x2b, 0xca, 0x2b,
    0xca, 0x2b, 0xca, 0x2b, 0xaa, 0x2b, 0xaa, 0x2b, 0xaa, 0x2b, 0xa9, 0x2b,
    0xaa, 0x2b, 0x89, 0x2b, 0x85, 0x72, 0x44, 0x82, 0x64, 0x82, 0x44, 0x82,
    0x64, 0x82, 0x64, 0x82, 0x64, 0x82, 0x44, 0x82, 0x44, 0x82, 0x44, 0x82,
    0x24, 0x7a, 0x24, 0x7a, 0x04, 0x7a, 0x03, 0x72, 0x04, 0x72, 0x03, 0x7a,
    0x03, 0x44, 0x03, 0x44, 0xa4, 0x6a, 0x24, 0x82, 0x64, 0x82, 0x65, 0x82,
    0x64, 0x8a, 0x85, 0x8a, 0x84, 0x8a, 0x84, 0x82, 0x65, 0x8a, 0x84, 0x8a,
    0x85, 0x82, 0x65, 0x82, 0x64, 0x82, 0x45, 0x7a, 0x65, 0x82, 0x45, 0x82,
    0x65, 0x82, 0x45, 0x7a, 0x65, 0x7a, 0x65, 0x7a, 0x45, 0x7a, 0x45, 0x72,
    0x45, 0x72, 0x45, 0x7a, 0x45, 0x72, 0x45, 0x72, 0x45, 0x72, 0x45, 0x72,
    0x25, 0x72, 0x25, 0x72, 0x25, 0x72, 0x45, 0x6a, 0x45, 0x6a, 0x48, 0x53,
    0x4a, 0x3c, 0x2b, 0x3c, 0x2b, 0x3c, 0x2a, 0x3c, 0x2a, 0x3c, 0x4a, 0x3c,
    0x4b, 0x3c, 0x4b, 0x3c, 0x4b, 0x3c, 0x4a, 0x3c, 0x4b, 0x3c, 0x6b, 0x3c,
    0x4a, 0x3c, 0x4a, 0x3c, 0x6b, 0x44, 0x6b, 0x3c, 0x6c, 0x3c, 0xae, 0x44,
    0x53, 0x4d, 0x76, 0x4d, 0x96, 0x4d, 0x96, 0x55, 0xb7, 0x4d, 0xb7, 0x4d,
    0x97, 0x4d, 0xb7, 0x55, 0xb7, 0x4d, 0xb7, 0x4d, 0x97, 0x4d, 0x97, 0x4d,
    0xb7, 0x4d, 0x96, 0x4d, 0xb7, 0x4d, 0xb7, 0x4d, 0x97, 0x4d, 0xb7, 0x55,
    0x96, 0x4d, 0xb7, 0x4d, 0xb7, 0x4d, 0x96, 0x4d, 0x96, 0x4d, 0x97, 0x4d,
    0x96, 0x4d, 0xb6, 0x4d, 0x97, 0x4d, 0x96, 0x4d, 0x96, 0x4d, 0x97, 0x4d,
    0x96, 0x4d, 0x97, 0x4d, 0x97, 0x4d, 0x97, 0x4d, 0x97, 0x4d, 0x96, 0x4d,
    0x97, 0x4d, 0x77, 0x4d, 0x96, 0x4d, 0x97, 0x4d, 0x97, 0x4d, 0x76, 0x4d,
    0x96, 0x45, 0x76, 0x4d, 0x76, 0x4d, 0x77, 0x45, 0xf2, 0x6c, 0xa2, 0xeb,
    0x80, 0xf3, 0x41, 0xaa, 0x86, 0x41, 0xd2, 0xa4, 0x78, 0xde, 0x78, 0xde,
    0x57, 0xde, 0xf6, 0xcd, 0xf6, 0xcd, 0x34, 0xb5, 0xc6, 0x51, 0xe1, 0xd2,
    0x00, 0xfd, 0x80, 0xfd, 0xa0, 0xfd, 0xa0, 0xfd, 0xa0, 0xfd, 0xa0, 0xfd,
    0xc0, 0xfd, 0xc0, 0xfd, 0xa0, 0xfd, 0xc0, 0xfd, 0xa0, 0xfd, 0xa0, 0xfd,
    0xa0, 0xfd, 0xa0, 0xfd, 0x80, 0xfd, 0x80, 0xfd, 0x60, 0xfd, 0x40, 0xfd,
    0x20, 0xfd, 0x20, 0xfd, 0xe0, 0xfc, 0x80, 0xfc, 0xc0, 0xf3, 0x40, 0xeb,
    0x00, 0xf3, 0xe0, 0xf2, 0xc0, 0xea, 0xc0, 0xea, 0xc0, 0xea, 0x00, 0xeb,
    0x60, 0xeb, 0x00, 0xf4, 0x80, 0xfc, 0xa0, 0xfc, 0xc0, 0xfc, 0xc0, 0xfc,
    0xc0, 0xfc, 0xa0, 0xfc, 0xa0, 0xf4, 0x80, 0xfc, 0x60, 0xfc, 0x20, 0xf4,
    0xc0, 0xf3, 0x80, 0xeb, 0x60, 0xeb, 0x40, 0xeb, 0x40, 0xeb, 0xe1, 0xda,
    0x02, 0xa9, 0xa2, 0xa8, 0xa3, 0xa8, 0xc3, 0xb0, 0xe4, 0xb0, 0x25, 0xb9,
    0x45, 0xb9, 0x46, 0xc1, 0x25, 0xc9, 0x45, 0xc1, 0x2d, 0x8b, 0x56, 0x4d,
    0x77, 0x45, 0x77, 0x4d, 0x76, 0x4d, 0x76, 0x4d, 0x77, 0x4d, 0x97, 0x4d,
    0x77, 0x4d, 0x76, 0x4d, 0x97, 0x45, 0x77, 0x4d, 0x76, 0x4d, 0x76, 0x45,
    0x76, 0x4d, 0x77, 0x4d, 0x76, 0x4d, 0x77, 0x4d, 0x77, 0x4d, 0x96, 0x4d,
    0x77, 0x4d, 0x76, 0x4d, 0x76, 0x4d, 0x76, 0x45, 0x54, 0x45, 0xd0, 0x44,
    0x6c, 0x34, 0x4b, 0x34, 0x4b, 0x34, 0x4b, 0x3c, 0x4a, 0x34, 0x4a, 0x34,
    0x6b, 0x34, 0x4b, 0x3c, 0x6a, 0x3c, 0x6b, 0x34, 0x4b, 0x34, 0x0a, 0x34,
    0x0a, 0x2c, 0x0a, 0x34, 0xeb, 0x2b, 0xea, 0x2b, 0xca, 0x2b, 0xca, 0x2b,
    0xca, 0x2b, 0xca, 0x2b, 0xaa, 0x2b, 0xaa, 0x2b, 0xa9, 0x2b, 0xaa, 0x2b,
    0xa9, 0x2b, 0x89, 0x33, 0x85, 0x72, 0x44, 0x82, 0x44, 0x82, 0x44, 0x82,
    0x64, 0x8a, 0x44, 0x82, 0x44, 0x82, 0x44, 0x82, 0x44, 0x82, 0x44, 0x82,
    0x24, 0x7a, 0x04, 0x7a, 0x03, 0x72, 0x04, 0x72, 0x04, 0x7a, 0x04, 0x72,
    0xe3, 0x43, 0x03, 0x44, 0x04, 0x63, 0x24, 0x7a, 0x44, 0x82, 0x64, 0x82,
    0x64, 0x82, 0x64, 0x8a, 0x85, 0x8a, 0x64, 0x82, 0x84, 0x8a, 0x65, 0x82,
    0x84, 0x8a, 0x65, 0x82, 0x44, 0x7a, 0x44, 0x7a, 0x65, 0x7a, 0x44, 0x7a,
    0x65, 0x7a, 0x65, 0x7a, 0x45, 0x7a, 0x45, 0x7a, 0x45, 0x7a, 0x45, 0x72,
    0x65, 0x7a, 0x45, 0x72, 0x45, 0x72, 0x45, 0x7a, 0x45, 0x72, 0x45, 0x72,
    0x25, 0x72, 0x24, 0x72, 0x45, 0x72, 0x25, 0x6a, 0x25, 0x6a, 0x07, 0x5b,
    0x4a, 0x3c, 0x2a, 0x3c, 0x2a, 0x3c, 0x2b, 0x3c, 0x2a, 0x3c, 0x2a, 0x3c,
    0x2b, 0x3c, 0x4a, 0x3c, 0x4a, 0x3c, 0x4b, 0x3c, 0x4a, 0x3c, 0x4b, 0x3c,
    0x4b, 0x3c, 0x4a, 0x3c, 0x4b, 0x3c, 0x6b, 0x3c, 0x6b, 0x3c, 0xd0, 0x44,
    0x54, 0x4d, 0x95, 0x4d, 0x96, 0x4d, 0x96, 0x4d, 0xb6, 0x55, 0x96, 0x4d,
    0x97, 0x55, 0xb7, 0x4d, 0x96, 0x4d, 0x97, 0x4d, 0xb7, 0x4d, 0xb7, 0x4d,
    0x97, 0x55, 0x97, 0x4d, 0xb6, 0x4d, 0x97, 0x4d, 0x97, 0x55, 0xb6, 0x4d,
    0x97, 0x4d, 0x97, 0x4d, 0xb7, 0x55, 0x97, 0x4d, 0x97, 0x4d, 0x97, 0x4d,
    0xb7, 0x4d, 0x96, 0x4d, 0x97, 0x4d, 0xb7, 0x4d, 0x97, 0x4d, 0x96, 0x4d,
    0x96, 0x4d, 0x97, 0x4d, 0x97, 0x4d, 0x96, 0x4d, 0x97, 0x4d, 0x96, 0x4d,
    0x97, 0x4d, 0x76, 0x4d, 0x96, 0x4d, 0x96, 0x4d, 0x97, 0x4d, 0x76, 0x4d,
    0x77, 0x4d, 0x96, 0x4d, 0x76, 0x4d, 0x77, 0x45, 0x8e, 0x94, 0x81, 0xf3,
    0x01, 0xcb, 0x85, 0x49, 0x34, 0xb5, 0xb8, 0xe6, 0x19, 0xff, 0x39, 0xff,
    0x39, 0xff, 0x19, 0xf7, 0x77, 0xe6, 0xf7, 0xcd, 0x71, 0x9c, 0x42, 0x9a,
    0xc0, 0xfc, 0x80, 0xfd, 0x80, 0xfd, 0xa0, 0xfd, 0xa0, 0xfd, 0xa0, 0xfd,
    0xa0, 0xfd, 0xa0, 0xfd, 0xc0, 0xfd, 0xa0, 0xfd, 0xa0, 0xfd, 0xa0, 0xfd,
    0xa0, 0xfd, 0x80, 0xfd, 0x80, 0xfd, 0x60, 0xfd, 0x60, 0xfd, 0x40, 0xfd,
    0x20, 0xfd, 0xc0, 0xfc, 0x00, 0xf4, 0x40, 0xeb, 0xe0, 0xea, 0x81, 0xd2,
    0x01, 0xaa, 0xa2, 0x81, 0x82, 0x79, 0xe1, 0x91, 0x41, 0xc2, 0x80, 0xe2,
    0xa0, 0xe2, 0x00, 0xeb, 0xa0, 0xf3, 0x20, 0xf4, 0x80, 0xfc, 0xa0, 0xfc,
    0xa0, 0xfc, 0xa0, 0xf4, 0x80, 0xfc, 0x80, 0xf4, 0x60, 0xfc, 0x40, 0xf4,
    0xe0, 0xf3, 0x80, 0xf3, 0x60, 0xeb, 0x60, 0xeb, 0x40, 0xeb, 0x20, 0xeb,
    0x61, 0xd2, 0xa2, 0xa0, 0xa3, 0xa8, 0xc3, 0xa8, 0xe3, 0xb0, 0x04, 0xb9,
    0x25, 0xb9, 0x25, 0xc1, 0x25, 0xc1, 0x45, 0xc1, 0x25, 0xc1, 0x49, 0xa2,
    0x35, 0x55, 0x97, 0x4d, 0x97, 0x4d, 0x96, 0x4d, 0x97, 0x4d, 0x76, 0x45,
    0x97, 0x4d, 0x77, 0x4d, 0x96, 0x4d, 0x97, 0x4d, 0x97, 0x4d, 0x77, 0x4d,
    0x77, 0x4d, 0x97, 0x4d, 0x97, 0x4d, 0x97, 0x4d, 0x96, 0x4d, 0x77, 0x4d,
    0x76, 0x45, 0x76, 0x4d, 0x76, 0x45, 0x34, 0x45, 0xd0, 0x44, 0x8d, 0x3c,
    0x6b, 0x34, 0x6b, 0x3c, 0x6b, 0x3c, 0x4a, 0x34, 0x6b, 0x34, 0x4b, 0x3c,
    0x4a, 0x34, 0x6b, 0x34, 0x4b, 0x3c, 0x4b, 0x34, 0x4a, 0x34, 0x2a, 0x34,
    0x0a, 0x34, 0xea, 0x2b, 0xea, 0x2b, 0xca, 0x2b, 0xca, 0x2b, 0xca, 0x33,
    0xca, 0x2b, 0xaa, 0x2b, 0xaa, 0x2b, 0xa9, 0x2b, 0xaa, 0x2b, 0xa9, 0x2b,
    0xaa, 0x2b, 0x89, 0x33, 0x65, 0x72, 0x44, 0x82, 0x65, 0x82, 0x44, 0x82,
    0x44, 0x82, 0x64, 0x8a, 0x44, 0x82, 0x44, 0x82, 0x64, 0x82, 0x44, 0x82,
    0x24, 0x7a, 0x04, 0x72, 0x04, 0x7a, 0x04, 0x72, 0x24, 0x72, 0x04, 0x7a,
    0xe3, 0x43, 0xe3, 0x43, 0x04, 0x63, 0x24, 0x7a, 0x44, 0x82, 0x64, 0x82,
    0x64, 0x82, 0x65, 0x82, 0x64, 0x8a, 0x84, 0x8a, 0x85, 0x8a, 0x64, 0x82,
    0x85, 0x8a, 0x65, 0x82, 0x64, 0x82, 0x45, 0x7a, 0x45, 0x82, 0x45, 0x7a,
    0x65, 0x7a, 0x65, 0x7a, 0x45, 0x7a, 0x45, 0x7a, 0x45, 0x72, 0x45, 0x7a,
    0x45, 0x72, 0x45, 0x72, 0x45, 0x72, 0x45, 0x72, 0x45, 0x72, 0x25, 0x72,
    0x25, 0x72, 0x25, 0x6a, 0x24, 0x6a, 0x45, 0x72, 0x25, 0x6a, 0xc6, 0x5a,
    0x2a, 0x3c, 0x2a, 0x3c, 0x2a, 0x3c, 0x2b, 0x34, 0x2a, 0x34, 0x2b, 0x3c,
    0x2a, 0x3c, 0x4a, 0x3c, 0x2b, 0x3c, 0x4a, 0x3c, 0x2a, 0x3c, 0x4a, 0x3c,
    0x4a, 0x3c, 0x4b, 0x3c, 0x4b, 0x3c, 0x4b, 0x3c, 0x4b, 0x3c, 0x8d, 0x3c,
    0x11, 0x45, 0x75, 0x4d, 0x96, 0x4d, 0x96, 0x55, 0x97, 0x4d, 0x96, 0x4d,
    0x96, 0x55, 0xb7, 0x4d, 0x97, 0x4d, 0x96, 0x55, 0x96, 0x4d, 0x96, 0x4d,
    0xb7, 0x4d, 0x96, 0x4d, 0x97, 0x4d, 0xb6, 0x4d, 0x96, 0x4d, 0x97, 0x4d,
    0x97, 0x4d, 0x96, 0x4d, 0x96, 0x4d, 0x97, 0x4d, 0x96, 0x4d, 0xb7, 0x4d,
    0xb7, 0x4d, 0x97, 0x4d, 0x97, 0x4d, 0xb7, 0x4d, 0x97, 0x4d, 0x97, 0x4d,
    0xb7, 0x4d, 0x96, 0x4d, 0x96, 0x4d, 0x97, 0x4d, 0x97, 0x4d, 0x96, 0x4d,
    0x96, 0x4d, 0x97, 0x4d, 0x97, 0x4d, 0x76, 0x4d, 0x77, 0x4d, 0x97, 0x4d,
    0x76, 0x4d, 0x97, 0x4d, 0x76, 0x4d, 0x57, 0x45, 0xea, 0xa3, 0x80, 0xf3,
    0x03, 0x7a, 0x91, 0x9c, 0xd9, 0xee, 0x39, 0xff, 0x39, 0xff, 0x59, 0xff,
    0x39, 0xff, 0x19, 0xf7, 0xf8, 0xf6, 0x57, 0xe6, 0x95, 0xc5, 0x07, 0xa3,
    0x61, 0xfc, 0x80, 0xfd, 0xa0, 0xfd, 0xa0, 0xfd, 0xa0, 0xfd, 0xc0, 0xfd,
    0xa0, 0xfd, 0xc0, 0xfd, 0xc0, 0xfd, 0xa0, 0xfd, 0xa0, 0xfd, 0xa0, 0xfd,
    0x80, 0xfd, 0x80, 0xfd, 0x80, 0xfd, 0x60, 0xfd, 0x40, 0xfd, 0x00, 0xfd,
    0x80, 0xfc, 0xc0, 0xf3, 0x21, 0xeb, 0x42, 0xa2, 0x23, 0x49, 0xa3, 0x20,
    0x63, 0x10, 0x83, 0x10, 0x83, 0x10, 0x62, 0x08, 0x83, 0x18, 0x03, 0x39,
    0xc2, 0x91, 0xa0, 0xe2, 0xc0, 0xe2, 0x60, 0xeb, 0x20, 0xf4, 0x80, 0xfc,
    0xa0, 0xf4, 0xa0, 0xfc, 0xa0, 0xfc, 0x80, 0xfc, 0x60, 0xf4, 0x40, 0xf4,
    0x20, 0xf4, 0xa0, 0xf3, 0x80, 0xf3, 0x80, 0xeb, 0x60, 0xeb, 0x40, 0xeb,
    0x00, 0xe3, 0xc1, 0xc1, 0x83, 0xa8, 0xa3, 0xa8, 0xc3, 0xb0, 0xe4, 0xb8,
    0x04, 0xb9, 0x25, 0xc1, 0x25, 0xc1, 0x25, 0xc1, 0x46, 0xc9, 0x25, 0xc9,
    0x6a, 0x9a, 0x56, 0x4d, 0x76, 0x4d, 0x97, 0x4d, 0x77, 0x4d, 0x76, 0x4d,
    0x77, 0x4d, 0x96, 0x4d, 0x77, 0x4d, 0x76, 0x4d, 0x76, 0x4d, 0x97, 0x45,
    0x76, 0x4d, 0x76, 0x4d, 0x76, 0x4d, 0x76, 0x45, 0x77, 0x4d, 0x76, 0x4d,
    0x76, 0x45, 0x76, 0x45, 0x34, 0x45, 0xaf, 0x3c, 0x6c, 0x34, 0x6b, 0x3c,
    0x6b, 0x34, 0x4b, 0x34, 0x4b, 0x34, 0x6a, 0x34, 0x6b, 0x34, 0x4b, 0x34,
    0x4a, 0x34, 0x4a, 0x34, 0x4b, 0x34, 0x4a, 0x34, 0x4b, 0x34, 0x4b, 0x34,
    0x0b, 0x34, 0xea, 0x2b, 0xea, 0x2b, 0xca, 0x2b, 0xca, 0x2b, 0xaa, 0x2b,
    0xaa, 0x2b, 0xaa, 0x2b, 0xa9, 0x2b, 0xaa, 0x2b, 0xa9, 0x2b, 0x8a, 0x2b,
    0x8a, 0x2b, 0x68, 0x3b, 0x44, 0x7a, 0x44, 0x82, 0x44, 0x82, 0x44, 0x82,
    0x44, 0x82, 0x64, 0x82, 0x44, 0x82, 0x44, 0x82, 0x44, 0x82, 0x44, 0x82,
    0x24, 0x7a, 0x03, 0x7a, 0x03, 0x72, 0x03, 0x72, 0x04, 0x72, 0x03, 0x72,
    0xe3, 0x43, 0xe3, 0x43, 0xe4, 0x62, 0x04, 0x7a, 0x44, 0x7a, 0x44, 0x82,
    0x64, 0x8a, 0x64, 0x82, 0x64, 0x82, 0x64, 0x82, 0x65, 0x82, 0x84, 0x8a,
    0x64, 0x82, 0x65, 0x82, 0x44, 0x7a, 0x44, 0x7a, 0x45, 0x7a, 0x64, 0x7a,
    0x45, 0x7a, 0x45, 0x7a, 0x45, 0x7a, 0x65, 0x7a, 0x65, 0x7a, 0x45, 0x72,
    0x45, 0x7a, 0x45, 0x72, 0x45, 0x72, 0x45, 0x72, 0x45, 0x72, 0x45, 0x72,
    0x45, 0x72, 0x25, 0x6a, 0x25, 0x72, 0x25, 0x6a, 0x45, 0x6a, 0xa6, 0x62,
    0x0a, 0x3c, 0x2a, 0x34, 0x2b, 0x3c, 0x2a, 0x3c, 0x2a, 0x34, 0x2b, 0x3c,
    0x2a, 0x3c, 0x2a, 0x3c, 0x2a, 0x3c, 0x2a, 0x3c, 0x2a, 0x3c, 0x2a, 0x3c,
    0x2b, 0x3c, 0x4b, 0x3c, 0x4a, 0x3c, 0x4b, 0x3c, 0x4b, 0x3c, 0x6b, 0x3c,
    0xaf, 0x44, 0x54, 0x4d, 0x76, 0x4d, 0x96, 0x4d, 0x97, 0x4d, 0xb7, 0x4d,
    0xb7, 0x4d, 0x96, 0x4d, 0xb7, 0x55, 0xb7, 0x4d, 0x97, 0x4d, 0xb7, 0x4d,
    0xb7, 0x4d, 0x96, 0x4d, 0x97, 0x4d, 0x97, 0x4d, 0x97, 0x4d, 0x97, 0x4d,
    0x96, 0x4d, 0xb7, 0x4d, 0x97, 0x4d, 0x96, 0x4d, 0xb7, 0x4d, 0x96, 0x4d,
    0x96, 0x4d, 0x97, 0x4d, 0xb6, 0x55, 0x96, 0x4d, 0xb7, 0x4d, 0x96, 0x4d,
    0x97, 0x4d, 0xb7, 0x4d, 0x96, 0x4d, 0x97, 0x4d, 0x97, 0x4d, 0x97, 0x4d,
    0x76, 0x4d, 0x96, 0x4d, 0x97, 0x4d, 0x96, 0x4d, 0x76, 0x45, 0x97, 0x4d,
    0x96, 0x4d, 0x76, 0x4d, 0x57, 0x45, 0x35, 0x4d, 0x85, 0xcb, 0xe1, 0xc2,
    0x2b, 0x7b, 0xf9, 0xee, 0x39, 0xff, 0x39, 0xff, 0x39, 0xff, 0x39, 0xff,
    0xf8, 0xee, 0xb8, 0xde, 0xd8, 0xee, 0x97, 0xee, 0xf6, 0xcd, 0xca, 0xb3,
    0x40, 0xf4, 0x60, 0xfd, 0xa0, 0xfd, 0xa0, 0xfd, 0xc0, 0xfd, 0xc0, 0xfd,
    0xc0, 0xfd, 0xc0, 0xfd, 0xa0, 0xfd, 0xa0, 0xfd, 0xa0, 0xfd, 0x80, 0xfd,
    0x80, 0xfd, 0x80, 0xfd, 0x60, 0xfd, 0x40, 0xfd, 0x20, 0xfd, 0x80, 0xfc,
    0xc0, 0xf3, 0xe1, 0xda, 0x63, 0x59, 0xc4, 0x18, 0xc7, 0x39, 0x4d, 0x73,
    0xb2, 0x9c, 0x34, 0xb5, 0x34, 0xb5, 0xb2, 0xa4, 0xae, 0x7b, 0xc7, 0x41,
    0xc4, 0x10, 0x23, 0x49, 0x41, 0xc2, 0xe0, 0xe2, 0x80, 0xf3, 0x40, 0xf4,
    0xa0, 0xfc, 0xc0, 0xfc, 0xa0, 0xfc, 0xa0, 0xfc, 0x80, 0xfc, 0x40, 0xf4,
    0x20, 0xf4, 0xe0, 0xf3, 0xa0, 0xf3, 0x80, 0xeb, 0x60, 0xeb, 0x40, 0xeb,
    0x20, 0xeb, 0xc0, 0xe2, 0x22, 0xb1, 0xa3, 0xa8, 0xc3, 0xb0, 0xe4, 0xb0,
    0xe4, 0xb8, 0x04, 0xc1, 0x25, 0xc1, 0x25, 0xc1, 0x45, 0xc1, 0x46, 0xc9,
    0x45, 0xc1, 0x4e, 0x83, 0xb7, 0x45, 0x77, 0x4d, 0x76, 0x4d, 0x97, 0x4d,
    0x97, 0x4d, 0x96, 0x4d, 0x77, 0x4d, 0x97, 0x4d, 0x76, 0x4d, 0x76, 0x45,
    0x76, 0x4d, 0x77, 0x4d, 0x96, 0x4d, 0x77, 0x45, 0x77, 0x4d, 0x76, 0x4d,
    0x76, 0x4d, 0x55, 0x4d, 0xf1, 0x44, 0x6c, 0x3c, 0x6b, 0x34, 0x6b, 0x34,
    0x6b, 0x3c, 0x6b, 0x34, 0x4b, 0x3c, 0x6a, 0x3c, 0x4b, 0x34, 0x4a, 0x34,
    0x6b, 0x3c, 0x6b, 0x34, 0x4a, 0x34, 0x4b, 0x34, 0x4b, 0x34, 0x4a, 0x34,
    0x2b, 0x34, 0x0a, 0x34, 0xea, 0x33, 0xca, 0x2b, 0xca, 0x2b, 0xaa, 0x2b,
    0xa9, 0x2b, 0xa9, 0x2b, 0xaa, 0x2b, 0xa9, 0x2b, 0x89, 0x2b, 0xaa, 0x2b,
    0xa9, 0x23, 0x69, 0x3b, 0x65, 0x82, 0x44, 0x82, 0x44, 0x82, 0x64, 0x82,
    0x44, 0x82, 0x64, 0x82, 0x44, 0x82, 0x44, 0x82, 0x44, 0x82, 0x44, 0x82,
    0x24, 0x7a, 0x04, 0x72, 0x04, 0x72, 0x04, 0x72, 0x03, 0x72, 0x04, 0x72,
    0xc3, 0x43, 0xe3, 0x43, 0xa4, 0x62, 0x03, 0x7a, 0x24, 0x7a, 0x44, 0x82,
    0x64, 0x82, 0x64, 0x82, 0x64, 0x8a, 0x84, 0x8a, 0x65, 0x82, 0x84, 0x8a,
    0x64, 0x82, 0x64, 0x82, 0x65, 0x82, 0x45, 0x7a, 0x45, 0x7a, 0x44, 0x7a,
    0x45, 0x7a, 0x45, 0x7a, 0x45, 0x7a, 0x45, 0x72, 0x65, 0x72, 0x45, 0x72,
    0x45, 0x72, 0x45, 0x72, 0x45, 0x72, 0x45, 0x72, 0x45, 0x72, 0x25, 0x72,
    0x24, 0x6a, 0x45, 0x72, 0x24, 0x6a, 0x25, 0x6a, 0x25, 0x6a, 0x85, 0x62,
    0xe9, 0x3b, 0x2a, 0x3c, 0x2a, 0x34, 0x2b, 0x3c, 0x2a, 0x34, 0x2a, 0x34,
    0x2a, 0x3c, 0x2b, 0x34, 0x2b, 0x3c, 0x2a, 0x3c, 0x2a, 0x3c, 0x2b, 0x3c,
    0x2a, 0x3c, 0x2a, 0x3c, 0x2a, 0x3c, 0x4b, 0x3c, 0x4b, 0x3c, 0x4b, 0x3c,
    0x8d, 0x3c, 0x33, 0x45, 0x76, 0x4d, 0x96, 0x4d, 0x96, 0x4d, 0x96, 0x55,
    0xb7, 0x4d, 0x97, 0x4d, 0xb7, 0x55, 0x96, 0x4d, 0xb7, 0x4d, 0x97, 0x55,
    0x96, 0x4d, 0x96, 0x4d, 0xb7, 0x55, 0x97, 0x4d, 0xb6, 0x4d, 0x96, 0x4d,
    0x97, 0x4d, 0xb7, 0x4d, 0x96, 0x4d, 0x97, 0x4d, 0xb7, 0x4d, 0x97, 0x4d,
    0x97, 0x4d, 0x96, 0x4d, 0xb7, 0x4d, 0x97, 0x4d, 0x96, 0x4d, 0x97, 0x4d,
    0xb6, 0x4d, 0x97, 0x4d, 0x96, 0x4d, 0x97, 0x4d, 0x97, 0x4d, 0x96, 0x4d,
    0x97, 0x4d, 0x97, 0x4d, 0x96, 0x4d, 0x97, 0x4d, 0x96, 0x4d, 0x76, 0x4d,
    0x96, 0x4d, 0x76, 0x4d, 0x77, 0x4d, 0xf1, 0x6c, 0x62, 0xe3, 0x64, 0x8a,
    0xb5, 0xc5, 0x39, 0xff, 0x39, 0xff, 0x38, 0xff, 0x39, 0xf7, 0x72, 0x94,
    0x8c, 0x31, 0x0c, 0x21, 0xed, 0x39, 0x34, 0xb5, 0x36, 0xde, 0xca, 0xc3,
    0x60, 0xfc, 0x60, 0xfd, 0x80, 0xfd, 0xa0, 0xfd, 0xa0, 0xfd, 0xc0, 0xfd,
    0xa0, 0xfd, 0xa0, 0xfd, 0xa0, 0xfd, 0xa0, 0xfd, 0x80, 0xfd, 0x80, 0xfd,
    0x60, 0xfd, 0x60, 0xfd, 0x40, 0xfd, 0x20, 0xfd, 0xc0, 0xfc, 0x00, 0xf4,
    0x21, 0xdb, 0x23, 0x49, 0x66, 0x31, 0x71, 0x94, 0xb6, 0xc5, 0x16, 0xd6,
    0x77, 0xde, 0x77, 0xde, 0x57, 0xde, 0x17, 0xd6, 0xb6, 0xc5, 0x96, 0xc5,
    0x91, 0x9c, 0x66, 0x31, 0xe3, 0x38, 0x41, 0xc2, 0x00, 0xeb, 0xe0, 0xf3,
    0x80, 0xfc, 0xa0, 0xfc, 0xa0, 0xf4, 0xa0, 0xf4, 0x80, 0xfc, 0x40, 0xfc,
    0x40, 0xf4, 0xe0, 0xf3, 0xa0, 0xf3, 0x80, 0xeb, 0x60, 0xeb, 0x40, 0xeb,
    0x20, 0xe3, 0x00, 0xe3, 0x21, 0xca, 0xa3, 0xa8, 0xa3, 0xa8, 0xc3, 0xb0,
    0xe4, 0xb8, 0x04, 0xb9, 0x24, 0xc1, 0x25, 0xc1, 0x25, 0xc1, 0x45, 0xc9,
    0x46, 0xc9, 0x86, 0xb9, 0xb3, 0x5c, 0x77, 0x4d, 0x96, 0x45, 0x77, 0x4d,
    0x76, 0x4d, 0x96, 0x4d, 0x97, 0x4d, 0x77, 0x4d, 0x97, 0x4d, 0x76, 0x4d,
    0x77, 0x4d, 0x96, 0x4d, 0x96, 0x4d, 0x76, 0x4d, 0x76, 0x4d, 0x76, 0x4d,
    0x76, 0x45, 0x54, 0x45, 0xaf, 0x3c, 0x6c, 0x3c, 0x6b, 0x3c, 0x4b, 0x34,
    0x4b, 0x34, 0x6b, 0x3c, 0x6b, 0x34, 0x4b, 0x3c, 0x6a, 0x34, 0x4a, 0x34,
    0x4b, 0x34, 0x6a, 0x34, 0x4a, 0x34, 0x4b, 0x34, 0x4b, 0x34, 0x4a, 0x34,
    0x4b, 0x34, 0x2a, 0x34, 0xea, 0x33, 0xca, 0x2b, 0xa9, 0x2b, 0xa9, 0x2b,
    0xaa, 0x2b, 0xa9, 0x2b, 0x8a, 0x2b, 0x89, 0x2b, 0x8a, 0x2b, 0xa9, 0x2b,
    0x8a, 0x2b, 0x28, 0x3b, 0x44, 0x7a, 0x44, 0x82, 0x64, 0x82, 0x44, 0x82,
    0x44, 0x82, 0x44, 0x82, 0x44, 0x82, 0x44, 0x82, 0x44, 0x82, 0x44, 0x82,
    0x23, 0x7a, 0x04, 0x72, 0x03, 0x72, 0xe4, 0x71, 0xe4, 0x71, 0xe3, 0x71,
    0xc3, 0x43, 0xa3, 0x43, 0x44, 0x6a, 0x03, 0x72, 0x24, 0x7a, 0x44, 0x7a,
    0x44, 0x82, 0x64, 0x82, 0x64, 0x82, 0x65, 0x82, 0x84, 0x8a, 0x65, 0x82,
    0x64, 0x82, 0x64, 0x82, 0x64, 0x82, 0x44, 0x82, 0x45, 0x7a, 0x45, 0x7a,
    0x65, 0x7a, 0x45, 0x7a, 0x45, 0x7a, 0x45, 0x72, 0x45, 0x7a, 0x45, 0x72,
    0x45, 0x72, 0x45, 0x72, 0x45, 0x72, 0x45, 0x72, 0x25, 0x72, 0x24, 0x6a,
    0x25, 0x6a, 0x25, 0x6a, 0x24, 0x72, 0x24, 0x6a, 0x25, 0x6a, 0x65, 0x6a,
    0xe9, 0x3b, 0x0a, 0x34, 0x2a, 0x3c, 0x2a, 0x3c, 0x2a, 0x3c, 0x2a, 0x3c,
    0x2a, 0x34, 0x2a, 0x34, 0x2b, 0x3c, 0x2a, 0x34, 0x2a, 0x3c, 0x2b, 0x3c,
    0x2a, 0x3c, 0x2a, 0x3c, 0x2b, 0x3c, 0x4b, 0x3c, 0x4b, 0x3c, 0x4b, 0x3c,
    0x8d, 0x3c, 0x33, 0x45, 0x75, 0x4d, 0x96, 0x4d, 0x96, 0x4d, 0x96, 0x4d,
    0x97, 0x4d, 0x96, 0x4d, 0x96, 0x4d, 0x97, 0x4d, 0x96, 0x4d, 0xb7, 0x4d,
    0x97, 0x4d, 0x97, 0x4d, 0x96, 0x4d, 0x97, 0x4d, 0xb7, 0x4d, 0x96, 0x4d,
    0x97, 0x4d, 0x97, 0x4d, 0xb7, 0x4d, 0x97, 0x4d, 0x97, 0x4d, 0xb7, 0x4d,
    0xb7, 0x4d, 0x97, 0x4d, 0x97, 0x4d, 0x97, 0x4d, 0x97, 0x4d, 0x97, 0x4d,
    0x97, 0x4d, 0x96, 0x4d, 0x96, 0x4d, 0x97, 0x4d, 0x96, 0x4d, 0x97, 0x4d,
    0x96, 0x4d, 0x97, 0x4d, 0x96, 0x4d, 0x97, 0x4d, 0x97, 0x4d, 0x97, 0x4d,
    0x97, 0x4d, 0x96, 0x4d, 0x97, 0x45, 0x6d, 0x94, 0x21, 0xdb, 0xac, 0x93,
    0x19, 0xf7, 0x59, 0xff, 0x39, 0xff, 0xf8, 0xe6, 0x50, 0x6b, 0xed, 0x18,
    0xb2, 0x29, 0xd3, 0x31, 0xb2, 0x29, 0xae, 0x31, 0x14, 0xb5, 0xe8, 0xdb,
    0xa0, 0xfc, 0x80, 0xfd, 0xa0, 0xfd, 0xa0, 0xfd, 0xa0, 0xfd, 0xc0, 0xfd,
    0xa0, 0xfd, 0xa0, 0xfd, 0xa0, 0xfd, 0xa0, 0xfd, 0x80, 0xfd, 0x60, 0xfd,
    0x60, 0xfd, 0x60, 0xfd, 0x40, 0xfd, 0x00, 0xfd, 0x40, 0xfc, 0x41, 0xe3,
    0x42, 0x51, 0x49, 0x4a, 0xb5, 0xc5, 0x57, 0xde, 0xf8, 0xf6, 0x59, 0xff,
    0x59, 0xff, 0x59, 0xff, 0x59, 0xff, 0x18, 0xff, 0xf8, 0xf6, 0x56, 0xde,
    0xd6, 0xcd, 0x34, 0xb5, 0xc7, 0x41, 0x23, 0x51, 0xa1, 0xda, 0x60, 0xf3,
    0x40, 0xf4, 0x80, 0xfc, 0xa0, 0xfc, 0x80, 0xfc, 0x60, 0xf4, 0x60, 0xfc,
    0x40, 0xf4, 0x00, 0xf4, 0xa0, 0xf3, 0x80, 0xf3, 0x80, 0xeb, 0x60, 0xeb,
    0x20, 0xeb, 0x00, 0xe3, 0xc0, 0xda, 0x22, 0xb1, 0xa3, 0xa8, 0xc3, 0xb0,
    0xe4, 0xb0, 0xe4, 0xb8, 0x04, 0xb9, 0x25, 0xc1, 0x25, 0xc1, 0x25, 0xc1,
    0x45, 0xc1, 0x25, 0xc9, 0xec, 0x92, 0x97, 0x4d, 0x97, 0x4d, 0x97, 0x4d,
    0x76, 0x4d, 0x77, 0x45, 0x76, 0x4d, 0x76, 0x4d, 0x76, 0x4d, 0x77, 0x4d,
    0x97, 0x4d, 0x76, 0x45, 0x77, 0x4d, 0x76, 0x4d, 0x76, 0x4d, 0x76, 0x45,
    0x76, 0x4d, 0x34, 0x45, 0xae, 0x3c, 0x6b, 0x34, 0x6b, 0x34, 0x6b, 0x3c,
    0x6b, 0x3c, 0x6a, 0x34, 0x4b, 0x34, 0x6b, 0x34, 0x4b, 0x34, 0x4b, 0x3c,
    0x4b, 0x34, 0x4a, 0x34, 0x4b, 0x34, 0x4b, 0x34, 0x2a, 0x34, 0x4b, 0x34,
    0x2a, 0x34, 0x2a, 0x34, 0x0a, 0x34, 0xca, 0x2b, 0xa9, 0x2b, 0xa9, 0x2b,
    0xaa, 0x2b, 0x89, 0x2b, 0xa9, 0x2b, 0x8a, 0x2b, 0x89, 0x2b, 0x89, 0x23,
    0x89, 0x2b, 0x28, 0x3b, 0x44, 0x7a, 0x44, 0x82, 0x44, 0x82, 0x44, 0x82,
    0x44, 0x82, 0x64, 0x82, 0x44, 0x82, 0x44, 0x82, 0x44, 0x82, 0x44, 0x7a,
    0x04, 0x7a, 0x03, 0x72, 0xe3, 0x71, 0xe4, 0x71, 0xe3, 0x71, 0xe3, 0x71,
    0xc3, 0x43, 0x43, 0x4b, 0x04, 0x6a, 0x03, 0x72, 0x03, 0x72, 0x24, 0x7a,
    0x24, 0x7a, 0x64, 0x82, 0x64, 0x82, 0x64, 0x82, 0x64, 0x8a, 0x64, 0x82,
    0x44, 0x82, 0x44, 0x82, 0x44, 0x7a, 0x44, 0x7a, 0x45, 0x7a, 0x45, 0x7a,
    0x44, 0x7a, 0x45, 0x7a, 0x44, 0x72, 0x45, 0x72, 0x45, 0x7a, 0x45, 0x72,
    0x45, 0x72, 0x25, 0x72, 0x25, 0x72, 0x45, 0x72, 0x25, 0x72, 0x24, 0x6a,
    0x24, 0x6a, 0x25, 0x6a, 0x25, 0x72, 0x25, 0x6a, 0x25, 0x6a, 0x65, 0x6a,
    0xc9, 0x43, 0x0a, 0x34, 0x0a, 0x34, 0x2a, 0x3c, 0x2b, 0x34, 0x0a, 0x3c,
    0x2a, 0x3c, 0x0a, 0x34, 0x0a, 0x34, 0x0a, 0x3c, 0x0a, 0x34, 0x2a, 0x34,
    0x2a, 0x34, 0x2b, 0x3c, 0x2a, 0x3c, 0x4a, 0x3c, 0x2b, 0x3c, 0x4b, 0x3c,
    0x8e, 0x3c, 0x33, 0x4d, 0x76, 0x4d, 0x96, 0x4d, 0x96, 0x4d, 0x97, 0x55,
    0x97, 0x4d, 0x97, 0x55, 0xb7, 0x4d, 0xb6, 0x4d, 0xb7, 0x4d, 0x96, 0x4d,
    0xb7, 0x4d, 0xb7, 0x4d, 0xb7, 0x4d, 0xb6, 0x4d, 0x97, 0x4d, 0x97, 0x55,
    0x96, 0x4d, 0x96, 0x4d, 0x96, 0x4d, 0x97, 0x4d, 0x96, 0x4d, 0x96, 0x4d,
    0xb7, 0x4d, 0xb7, 0x4d, 0xb7, 0x4d, 0xb6, 0x4d, 0x97, 0x4d, 0x96, 0x4d,
    0x97, 0x4d, 0x97, 0x4d, 0x97, 0x4d, 0x97, 0x4d, 0x96, 0x4d, 0x96, 0x4d,
    0x97, 0x4d, 0x96, 0x4d, 0x97, 0x4d, 0x96, 0x4d, 0x96, 0x4d, 0x96, 0x4d,
    0x96, 0x4d, 0x76, 0x4d, 0x76, 0x55, 0x08, 0xbc, 0x23, 0xbb, 0x94, 0xbd,
    0x59, 0xff, 0x59, 0xff, 0x39, 0xf7, 0xb0, 0x7b, 0x2e, 0x19, 0xb8, 0x94,
    0x39, 0xc6, 0x2b, 0x42, 0xf1, 0x31, 0xd4, 0x31, 0xae, 0x62, 0xe4, 0xe3,
    0xe0, 0xfc, 0x80, 0xfd, 0x80, 0xfd, 0xa0, 0xfd, 0xa0, 0xfd, 0xa0, 0xfd,
    0xa0, 0xfd, 0xa0, 0xfd, 0xa0, 0xfd, 0xa0, 0xfd, 0x60, 0xfd, 0x60, 0xfd,
    0x40, 0xfd, 0x40, 0xfd, 0x20, 0xfd, 0xc0, 0xfc, 0xc0, 0xf3, 0x02, 0x8a,
    0x49, 0x52, 0xf6, 0xc5, 0x98, 0xe6, 0x59, 0xff, 0x7a, 0xff, 0x7a, 0xff,
    0x7a, 0xff, 0x5a, 0xff, 0x59, 0xff, 0x59, 0xff, 0x39, 0xff, 0xf8, 0xfe,
    0xb7, 0xee, 0x16, 0xd6, 0x54, 0xb5, 0xe8, 0x41, 0xc2, 0x81, 0x20, 0xeb,
    0x00, 0xf4, 0x80, 0xf4, 0xa0, 0xfc, 0x80, 0xfc, 0x80, 0xf4, 0x60, 0xfc,
    0x40, 0xf4, 0x00, 0xf4, 0xc0, 0xf3, 0xa0, 0xf3, 0x80, 0xeb, 0x60, 0xeb,
    0x40, 0xeb, 0x20, 0xeb, 0xe0, 0xe2, 0x01, 0xca, 0xa3, 0xa8, 0xc3, 0xb0,
    0xc4, 0xb0, 0xe4, 0xb8, 0xe4, 0xb8, 0x05, 0xc1, 0x25, 0xc1, 0x25, 0xc1,
    0x25, 0xc1, 0x45, 0xc1, 0xa7, 0xb1, 0x15, 0x55, 0x97, 0x4d, 0x97, 0x4d,
    0x76, 0x4d, 0x77, 0x4d, 0x97, 0x4d, 0x96, 0x4d, 0x76, 0x45, 0x77, 0x4d,
    0x76, 0x4d, 0x76, 0x4d, 0x76, 0x4d, 0x97, 0x4d, 0x76, 0x45, 0x76, 0x4d,
    0x76, 0x4d, 0x33, 0x45, 0x8e, 0x3c, 0x6b, 0x3c, 0x6b, 0x34, 0x4b, 0x34,
    0x4a, 0x34, 0x4b, 0x34, 0x6b, 0x3c, 0x4a, 0x34, 0x4a, 0x34, 0x2a, 0x34,
    0x0a, 0x34, 0x0a, 0x34, 0x0a, 0x34, 0x2a, 0x34, 0x2a, 0x34, 0x2a, 0x34,
    0x2b, 0x34, 0x2a, 0x34, 0x0a, 0x2c, 0xca, 0x2b, 0xaa, 0x2b, 0xa9, 0x2b,
    0xa9, 0x2b, 0xaa, 0x2b, 0xa9, 0x2b, 0x89, 0x2b, 0x8a, 0x23, 0x89, 0x2b,
    0x89, 0x23, 0x28, 0x43, 0x44, 0x82, 0x44, 0x82, 0x44, 0x82, 0x44, 0x82,
    0x44, 0x82, 0x64, 0x82, 0x44, 0x82, 0x44, 0x82, 0x44, 0x82, 0x24, 0x7a,
    0x03, 0x7a, 0x04, 0x72, 0xe3, 0x71, 0xe3, 0x71, 0x04, 0x72, 0xe3, 0x71,
    0xa3, 0x43, 0xc3, 0x5a, 0x03, 0x72, 0xe3, 0x69, 0x04, 0x72, 0x04, 0x72,
    0x24, 0x7a, 0x24, 0x7a, 0x44, 0x82, 0x44, 0x82, 0x64, 0x82, 0x44, 0x82,
    0x44, 0x7a, 0x44, 0x7a, 0x24, 0x7a, 0x44, 0x7a, 0x44, 0x7a, 0x45, 0x7a,
    0x44, 0x7a, 0x45, 0x72, 0x45, 0x72, 0x45, 0x72, 0x45, 0x72, 0x45, 0x72,
    0x45, 0x72, 0x45, 0x7a, 0x45, 0x72, 0x25, 0x72, 0x25, 0x72, 0x25, 0x72,
    0x25, 0x6a, 0x25, 0x72, 0x25, 0x6a, 0x24, 0x6a, 0x24, 0x6a, 0x45, 0x6a,
    0x88, 0x43, 0x0a, 0x34, 0x0a, 0x34, 0x0a, 0x34, 0x2a, 0x34, 0x2b, 0x34,
    0x0a, 0x3c, 0x0a, 0x3c, 0x0a, 0x34, 0x0a, 0x34, 0x0a, 0x3c, 0x0a, 0x34,
    0x2b, 0x3c, 0x2a, 0x3c, 0x2a, 0x3c, 0x2a, 0x34, 0x2b, 0x3c, 0x4c, 0x3c,
    0xb0, 0x3c, 0x55, 0x4d, 0x76, 0x4d, 0x76, 0x4d, 0x96, 0x4d, 0x96, 0x4d,
    0x96, 0x4d, 0x97, 0x4d, 0x96, 0x55, 0x97, 0x4d, 0x97, 0x4d, 0xb6, 0x55,
    0x96, 0x4d, 0x97, 0x4d, 0x96, 0x55, 0x97, 0x4d, 0x96, 0x4d, 0x97, 0x4d,
    0xb6, 0x4d, 0x97, 0x4d, 0x96, 0x4d, 0x97, 0x4d, 0x97, 0x4d, 0x96, 0x4d,
    0x96, 0x4d, 0x97, 0x4d, 0x96, 0x4d, 0x96, 0x4d, 0x97, 0x4d, 0x96, 0x4d,
    0x96, 0x4d, 0x96, 0x4d, 0x97, 0x4d, 0x96, 0x4d, 0x97, 0x4d, 0x97, 0x4d,
    0x97, 0x4d, 0x96, 0x4d, 0x77, 0x4d, 0x96, 0x4d, 0x97, 0x4d, 0x97, 0x4d,
    0x96, 0x4d, 0x76, 0x4d, 0x35, 0x5d, 0xa4, 0xd3, 0x67, 0xb3, 0xb8, 0xe6,
    0x38, 0xff, 0x58, 0xff, 0xb5, 0xbd, 0x8f, 0x31, 0x51, 0x42, 0x9a, 0xde,
    0x5b, 0xef, 0x69, 0x52, 0x83, 0x10, 0x8e, 0x29, 0x2d, 0x62, 0x01, 0xec,
    0x00, 0xfd, 0x60, 0xfd, 0xa0, 0xfd, 0xa0, 0xfd, 0xa0, 0xfd, 0xa0, 0xfd,
    0xa0, 0xfd, 0xa0, 0xfd, 0x80, 0xfd, 0x80, 0xfd, 0x60, 0xfd, 0x60, 0xfd,
    0x40, 0xfd, 0x20, 0xfd, 0xe0, 0xfc, 0x20, 0xf4, 0xc1, 0xc2, 0xc6, 0x51,
    0x74, 0xbd, 0xb8, 0xe6, 0x7a, 0xff, 0x7a, 0xff, 0x7b, 0xff, 0x7a, 0xff,
    0x7a, 0xff, 0x59, 0xff, 0x39, 0xff, 0x18, 0xff, 0xf8, 0xfe, 0xf7, 0xf6,
    0xd7, 0xf6, 0x97, 0xee, 0xf6, 0xcd, 0xb2, 0xa4, 0x65, 0x49, 0xc1, 0xd2,
    0xc0, 0xf3, 0x40, 0xf4, 0x80, 0xf4, 0xa0, 0xfc, 0x80, 0xf4, 0x60, 0xfc,
    0x20, 0xf4, 0x00, 0xf4, 0xe0, 0xf3, 0xc0, 0xf3, 0xa0, 0xf3, 0x80, 0xeb,
    0x40, 0xeb, 0x00, 0xeb, 0x00, 0xe3, 0xa0, 0xda, 0x02, 0xb1, 0xa3, 0xa8,
    0xc3, 0xb0, 0xe4, 0xb0, 0xe4, 0xb8, 0x04, 0xb9, 0x05, 0xc1, 0x25, 0xc1,
    0x25, 0xc1, 0x45, 0xc1, 0x26, 0xc1, 0x11, 0x6c, 0xb7, 0x45, 0x77, 0x4d,
    0x96, 0x4d, 0x76, 0x4d, 0x97, 0x4d, 0x97, 0x4d, 0x76, 0x4d, 0x96, 0x4d,
    0x97, 0x4d, 0x76, 0x4d, 0x77, 0x4d, 0x76, 0x45, 0x76, 0x4d, 0x76, 0x4d,
    0x76, 0x45, 0x33, 0x45, 0x8e, 0x3c, 0x6b, 0x34, 0x4b, 0x34, 0x4b, 0x34,
    0x6b, 0x34, 0x6b, 0x34, 0x4b, 0x34, 0x4a, 0x34, 0x2a, 0x34, 0x0a, 0x34,
    0xea, 0x2b, 0xea, 0x2b, 0xea, 0x2b, 0xea, 0x2b, 0xea, 0x33, 0xea, 0x2b,
    0x0a, 0x34, 0x0a, 0x34, 0xea, 0x2b, 0xaa, 0x2b, 0xa9, 0x2b, 0xaa, 0x2b,
    0xaa, 0x2b, 0x89, 0x2b, 0x89, 0x2b, 0x89, 0x2b, 0x89, 0x2b, 0x8a, 0x2b,
    0x89, 0x23, 0x28, 0x43, 0x24, 0x82, 0x44, 0x82, 0x44, 0x82, 0x44, 0x82,
    0x44, 0x82, 0x44, 0x82, 0x44, 0x82, 0x44, 0x82, 0x44, 0x82, 0x24, 0x7a,
    0x04, 0x72, 0x03, 0x72, 0x04, 0x72, 0xe4, 0x71, 0xe3, 0x71, 0xe3, 0x71,
    0x63, 0x43, 0x23, 0x62, 0xe3, 0x69, 0xe4, 0x71, 0x03, 0x72, 0x03, 0x72,
    0x24, 0x7a, 0x24, 0x7a, 0x44, 0x7a, 0x44, 0x82, 0x44, 0x7a, 0x24, 0x7a,
    0x24, 0x7a, 0x24, 0x7a, 0x24, 0x7a, 0x24, 0x7a, 0x45, 0x7a, 0x45, 0x7a,
    0x45, 0x7a, 0x45, 0x7a, 0x45, 0x72, 0x45, 0x72, 0x45, 0x7a, 0x44, 0x72,
    0x24, 0x72, 0x25, 0x72, 0x24, 0x72, 0x45, 0x72, 0x25, 0x72, 0x25, 0x6a,
    0x25, 0x6a, 0x24, 0x6a, 0x25, 0x72, 0x25, 0x72, 0x25, 0x6a, 0x25, 0x6a,
    0x88, 0x43, 0x0a, 0x34, 0x0a, 0x3c, 0x0a, 0x3c, 0x0a, 0x34, 0x0a, 0x34,
    0x0a, 0x34, 0x0a, 0x34, 0x0a, 0x34, 0x0a, 0x34, 0x0a, 0x3c, 0x0a, 0x3c,
    0x2a, 0x34, 0x0a, 0x34, 0x0a, 0x3c, 0x2a, 0x34, 0x2b, 0x3c, 0x8e, 0x3c,
    0x32, 0x45, 0x55, 0x4d, 0x75, 0x4d, 0x96, 0x4d, 0x96, 0x4d, 0x96, 0x4d,
    0x96, 0x4d, 0xb7, 0x4d, 0x97, 0x4d, 0x96, 0x4d, 0x97, 0x4d, 0x97, 0x4d,
    0x97, 0x55, 0xb6, 0x4d, 0x97, 0x4d, 0x97, 0x4d, 0x96, 0x4d, 0xb7, 0x4d,
    0x97, 0x4d, 0x96, 0x4d, 0xb7, 0x4d, 0x97, 0x4d, 0x96, 0x4d, 0xb7, 0x4d,
    0xb7, 0x4d, 0x97, 0x55, 0x97, 0x4d, 0xb7, 0x4d, 0x97, 0x4d, 0x97, 0x4d,
    0x96, 0x4d, 0xb7, 0x4d, 0x96, 0x4d, 0x97, 0x4d, 0x97, 0x4d, 0x97, 0x4d,
    0x96, 0x4d, 0x96, 0x4d, 0x96, 0x4d, 0x96, 0x4d, 0x97, 0x4d, 0x97, 0x4d,
    0x96, 0x4d, 0x97, 0x4d, 0xf2, 0x74, 0x82, 0xe3, 0x4c, 0xbc, 0x19, 0xf7,
    0x38, 0xff, 0x39, 0xf7, 0x91, 0x73, 0x71, 0x21, 0xe8, 0x18, 0xeb, 0x62,
    0x6d, 0x73, 0xa3, 0x18, 0x83, 0x18, 0x84, 0x10, 0x65, 0x92, 0x81, 0xfc,
    0x20, 0xfd, 0x80, 0xfd, 0x80, 0xfd, 0xa0, 0xfd, 0xa0, 0xfd, 0xa0, 0xfd,
    0xa0, 0xfd, 0xa0, 0xfd, 0x80, 0xfd, 0x80, 0xfd, 0x60, 0xfd, 0x40, 0xfd,
    0x20, 0xfd, 0x00, 0xfd, 0xa0, 0xfc, 0xc0, 0xf3, 0xe2, 0x81, 0x10, 0x94,
    0x98, 0xe6, 0x5a, 0xff, 0x5a, 0xff, 0x7a, 0xff, 0x7a, 0xff, 0x5a, 0xff,
    0x59, 0xff, 0x39, 0xff, 0x39, 0xf7, 0xf8, 0xee, 0xf8, 0xee, 0xf8, 0xf6,
    0xb7, 0xf6, 0xb7, 0xee, 0x76, 0xe6, 0xd5, 0xcd, 0x4d, 0x73, 0x02, 0x9a,
    0x80, 0xf3, 0x20, 0xf4, 0x60, 0xf4, 0x80, 0xfc, 0x60, 0xfc, 0x40, 0xf4,
    0x40, 0xf4, 0x00, 0xf4, 0xc0, 0xf3, 0xc0, 0xf3, 0x80, 0xf3, 0x60, 0xeb,
    0x40, 0xeb, 0x20, 0xe3, 0x00, 0xe3, 0xe0, 0xe2, 0xc2, 0xc1, 0x83, 0xa8,
    0xa3, 0xb0, 0xe4, 0xb0, 0xe4, 0xb8, 0x04, 0xb9, 0x04, 0xb9, 0x05, 0xc1,
    0x25, 0xc1, 0x25, 0xc1, 0x05, 0xc1, 0x2d, 0x8b, 0x97, 0x4d, 0x77, 0x4d,
    0x76, 0x4d, 0x96, 0x4d, 0x77, 0x4d, 0x77, 0x4d, 0x76, 0x4d, 0x76, 0x45,
    0x76, 0x4d, 0x96, 0x4d, 0x76, 0x45, 0x77, 0x4d, 0x76, 0x4d, 0x76, 0x45,
    0x56, 0x45, 0x13, 0x45, 0x8d, 0x3c, 0x6b, 0x34, 0x6b, 0x34, 0x4b, 0x3c,
    0x6b, 0x34, 0x4a, 0x34, 0x4b, 0x34, 0x4a, 0x34, 0x0a, 0x34, 0xea, 0x2b,
    0xea, 0x33, 0xea, 0x2b, 0xea, 0x2b, 0xca, 0x2b, 0xca, 0x2b, 0xea, 0x2b,
    0xea, 0x2b, 0xca, 0x2b, 0xca, 0x2b, 0xaa, 0x2b, 0xa9, 0x2b, 0xaa, 0x2b,
    0xa9, 0x2b, 0xa9, 0x2b, 0xaa, 0x23, 0x89, 0x2b, 0x89, 0x23, 0x89, 0x23,
    0x89, 0x2b, 0x08, 0x43, 0x24, 0x7a, 0x24, 0x7a, 0x44, 0x82, 0x44, 0x82,
    0x44, 0x82, 0x44, 0x82, 0x44, 0x82, 0x44, 0x82, 0x44, 0x82, 0x24, 0x7a,
    0x03, 0x7a, 0x03, 0x72, 0xe3, 0x71, 0xe4, 0x71, 0xe3, 0x71, 0xe3, 0x71,
    0xe3, 0x4a, 0xe4, 0x69, 0xe3, 0x69, 0x04, 0x72, 0x04, 0x72, 0x03, 0x72,
    0x04, 0x7a, 0x24, 0x7a, 0x24, 0x7a, 0x44, 0x7a, 0x44, 0x7a, 0x24, 0x7a,
    0x24, 0x7a, 0x04, 0x72, 0x24, 0x72, 0x24, 0x72, 0x44, 0x7a, 0x45, 0x7a,
    0x44, 0x72, 0x45, 0x7a, 0x45, 0x72, 0x44, 0x72, 0x45, 0x72, 0x45, 0x72,
    0x25, 0x72, 0x45, 0x72, 0x25, 0x72, 0x24, 0x72, 0x24, 0x6a, 0x24, 0x72,
    0x25, 0x72, 0x25, 0x6a, 0x24, 0x6a, 0x25, 0x72, 0x24, 0x6a, 0x25, 0x6a,
    0x68, 0x4b, 0x0a, 0x34, 0x0a, 0x34, 0x0a, 0x3c, 0x2a, 0x34, 0x0a, 0x3c,
    0x0a, 0x34, 0x0a, 0x34, 0x0a, 0x3c, 0x0a, 0x34, 0x0b, 0x34, 0x0a, 0x34,
    0x0a, 0x3c, 0x0a, 0x34, 0x2b, 0x34, 0x0b, 0x3c, 0x2b, 0x3c, 0x8e, 0x3c,
    0xf1, 0x44, 0x12, 0x45, 0x12, 0x45, 0x54, 0x4d, 0x76, 0x4d, 0x96, 0x4d,
    0x97, 0x4d, 0x96, 0x4d, 0x97, 0x4d, 0xb7, 0x4d, 0xb6, 0x4d, 0x96, 0x4d,
    0x97, 0x4d, 0x96, 0x4d, 0x97, 0x4d, 0xb6, 0x4d, 0x96, 0x4d, 0x97, 0x4d,
    0x96, 0x4d, 0x96, 0x4d, 0x97, 0x4d, 0x97, 0x4d, 0x96, 0x4d, 0x96, 0x4d,
    0x97, 0x4d, 0x96, 0x4d, 0x96, 0x4d, 0x97, 0x4d, 0x97, 0x4d, 0x96, 0x4d,
    0x97, 0x4d, 0x97, 0x4d, 0x96, 0x4d, 0x96, 0x4d, 0x96, 0x4d, 0x96, 0x4d,
    0x97, 0x4d, 0x98, 0x4d, 0xb8, 0x45, 0x98, 0x45, 0x97, 0x4d, 0x77, 0x4d,
    0x77, 0x45, 0x77, 0x45, 0xae, 0x8c, 0xa2, 0xeb, 0x2f, 0xdd, 0x59, 0xff,
    0x38, 0xff, 0xb7, 0xee, 0x90, 0x52, 0xf3, 0x31, 0xa4, 0x10, 0x62, 0x10,
    0x63, 0x10, 0x83, 0x10, 0x83, 0x18, 0xc3, 0x28, 0xa1, 0xcb, 0xe0, 0xfc,
    0x40, 0xfd, 0x60, 0xfd, 0x80, 0xfd, 0xa0, 0xfd, 0xa0, 0xfd, 0xa0, 0xfd,
    0xa0, 0xfd, 0xa0, 0xfd, 0x80, 0xfd, 0x80, 0xfd, 0x60, 0xfd, 0x40, 0xfd,
    0x20, 0xfd, 0x00, 0xfd, 0x60, 0xfc, 0x61, 0xdb, 0x87, 0x72, 0x56, 0xde,
    0x39, 0xff, 0x5a, 0xff, 0x7a, 0xff, 0x7a, 0xff, 0x59, 0xff, 0x7a, 0xff,
    0xd9, 0xe6, 0x11, 0x84, 0x2d, 0x42, 0xad, 0x31, 0xcd, 0x39, 0xce, 0x62,
    0xb5, 0xc5, 0xb7, 0xee, 0x76, 0xe6, 0x36, 0xde, 0xf3, 0xac, 0xe4, 0x71,
    0x20, 0xeb, 0xe0, 0xf3, 0x60, 0xfc, 0x60, 0xf4, 0x60, 0xf4, 0x60, 0xfc,
    0x40, 0xfc, 0x00, 0xf4, 0xe0, 0xf3, 0xc0, 0xf3, 0xa0, 0xeb, 0x60, 0xeb,
    0x40, 0xeb, 0x20, 0xeb, 0xe0, 0xe2, 0xe0, 0xe2, 0x21, 0xca, 0xa3, 0xa0,
    0xa3, 0xa8, 0xc3, 0xb0, 0xe4, 0xb0, 0xe4, 0xb8, 0x04, 0xb9, 0x25, 0xb9,
    0x25, 0xc1, 0x25, 0xc1, 0x26, 0xc1, 0x8b, 0x92, 0x97, 0x4d, 0x76, 0x4d,
    0x97, 0x4d, 0x77, 0x4d, 0x76, 0x4d, 0x96, 0x4d, 0x97, 0x4d, 0x77, 0x4d,
    0x97, 0x4d, 0x96, 0x4d, 0x77, 0x4d, 0x76, 0x4d, 0x76, 0x4d, 0x76, 0x45,
    0x55, 0x45, 0xf2, 0x44, 0x6d, 0x34, 0x6b, 0x34, 0x6b, 0x3c, 0x4b, 0x34,
    0x4b, 0x34, 0x4b, 0x34, 0x4a, 0x34, 0x2a, 0x34, 0x0a, 0x34, 0xea, 0x2b,
    0xca, 0x2b, 0xca, 0x2b, 0xca, 0x2b, 0xca, 0x2b, 0xca, 0x2b, 0xca, 0x2b,
    0xca, 0x2b, 0xca, 0x2b, 0xa9, 0x2b, 0xa9, 0x23, 0xa9, 0x2b, 0xa9, 0x2b,
    0xa9, 0x2b, 0xa9, 0x2b, 0x89, 0x2b, 0x8a, 0x23, 0x89, 0x2b, 0x89, 0x23,
    0x89, 0x23, 0x27, 0x43, 0x24, 0x7a, 0x24, 0x7a, 0x24, 0x82, 0x24, 0x82,
    0x44, 0x82, 0x24, 0x82, 0x44, 0x82, 0x44, 0x82, 0x23, 0x7a, 0x24, 0x7a,
    0x04, 0x72, 0xe3, 0x71, 0x04, 0x72, 0xe3, 0x71, 0xe3, 0x71, 0xe4, 0x71,
    0x23, 0x62, 0xe3, 0x69, 0xe4, 0x69, 0x03, 0x72, 0x03, 0x72, 0x04, 0x72,
    0x03, 0x72, 0x24, 0x7a, 0x03, 0x7a, 0x24, 0x7a, 0x24, 0x7a, 0x24, 0x7a,
    0x24, 0x7a, 0x24, 0x72, 0x04, 0x72, 0x24, 0x72, 0x24, 0x72, 0x45, 0x7a,
    0x44, 0x72, 0x44, 0x72, 0x45, 0x72, 0x45, 0x72, 0x25, 0x72, 0x25, 0x72,
    0x45, 0x72, 0x24, 0x72, 0x25, 0x72, 0x25, 0x72, 0x25, 0x6a, 0x25, 0x6a,
    0x24, 0x72, 0x25, 0x6a, 0x25, 0x6a, 0x24, 0x6a, 0x25, 0x6a, 0x25, 0x6a,
    0x68, 0x43, 0x0a, 0x34, 0x0a, 0x34, 0x0a, 0x34, 0x0a, 0x34, 0x0a, 0x34,
    0x0a, 0x34, 0x0a, 0x3c, 0x0a, 0x34, 0x0a, 0x34, 0x0a, 0x34, 0x0a, 0x3c,
    0x0a, 0x3c, 0x0a, 0x34, 0x2a, 0x3c, 0x2a, 0x34, 0x2a, 0x34, 0x4b, 0x3c,
    0x4d, 0x3c, 0x4c, 0x34, 0x4c, 0x3c, 0xaf, 0x3c, 0x33, 0x4d, 0x75, 0x4d,
    0x96, 0x4d, 0x96, 0x4d, 0x96, 0x55, 0x97, 0x4d, 0xb6, 0x4d, 0xb7, 0x4d,
    0x97, 0x4d, 0x96, 0x4d, 0x97, 0x4d, 0x96, 0x4d, 0x96, 0x4d, 0x97, 0x4d,
    0xb7, 0x4d, 0x96, 0x4d, 0x97, 0x4d, 0x97, 0x4d, 0x96, 0x4d, 0x97, 0x4d,
    0x97, 0x4d, 0x96, 0x4d, 0x96, 0x4d, 0x96, 0x4d, 0x96, 0x4d, 0x96, 0x4d,
    0x97, 0x4d, 0x97, 0x4d, 0x97, 0x4d, 0x97, 0x4d, 0x97, 0x4d, 0x75, 0x55,
    0x53, 0x6d, 0xf0, 0x84, 0xee, 0x8c, 0xef, 0x8c, 0x10, 0x7d, 0x11, 0x75,
    0x32, 0x6d, 0x53, 0x5d, 0x28, 0xb4, 0x82, 0xf3, 0x92, 0xe5, 0x39, 0xff,
    0x38, 0xff, 0x36, 0xd6, 0x51, 0x42, 0xf2, 0x31, 0x84, 0x10, 0x83, 0x10,
    0x83, 0x10, 0x83, 0x10, 0x83, 0x18, 0x22, 0x6a, 0xa0, 0xf4, 0x20, 0xfd,
    0x60, 0xfd, 0x60, 0xfd, 0x80, 0xfd, 0xa0, 0xfd, 0xa0, 0xfd, 0x80, 0xfd,
    0x80, 0xfd, 0x80, 0xfd, 0x80, 0xfd, 0x60, 0xfd, 0x40, 0xfd, 0x40, 0xfd,
    0x20, 0xfd, 0xc0, 0xfc, 0x20, 0xf4, 0xe2, 0xba, 0x50, 0xa4, 0x19, 0xf7,
    0x59, 0xff, 0x7a, 0xff, 0x7a, 0xff, 0x5a, 0xff, 0x3a, 0xf7, 0xd4, 0x9c,
    0x6a, 0x29, 0xed, 0x18, 0x91, 0x21, 0xb3, 0x29, 0x92, 0x29, 0x4f, 0x21,
    0x2c, 0x21, 0x52, 0x94, 0x77, 0xe6, 0x36, 0xde, 0x95, 0xc5, 0x89, 0x72,
    0xa0, 0xd2, 0xc0, 0xf3, 0x40, 0xf4, 0x60, 0xfc, 0x60, 0xf4, 0x40, 0xf4,
    0x20, 0xf4, 0x20, 0xf4, 0xe0, 0xf3, 0xc0, 0xf3, 0xa0, 0xeb, 0x80, 0xeb,
    0x40, 0xeb, 0x20, 0xeb, 0x00, 0xe3, 0xe0, 0xe2, 0x80, 0xda, 0x02, 0xa9,
    0xa3, 0xa8, 0xc3, 0xa8, 0xe4, 0xb0, 0xe4, 0xb0, 0x04, 0xb9, 0x05, 0xb9,
    0x25, 0xb9, 0x25, 0xc1, 0x25, 0xc1, 0x4a, 0xa2, 0x76, 0x4d, 0x76, 0x4d,
    0x77, 0x4d, 0x76, 0x4d, 0x76, 0x4d, 0x97, 0x4d, 0x76, 0x4d, 0x76, 0x4d,
    0x96, 0x4d, 0x97, 0x4d, 0x76, 0x45, 0x76, 0x4d, 0x76, 0x4d, 0x56, 0x45,
    0x55, 0x45, 0xf2, 0x44, 0x6c, 0x34, 0x4b, 0x34, 0x4b, 0x34, 0x6b, 0x34,
    0x4b, 0x34, 0x4b, 0x3c, 0x4b, 0x34, 0x0a, 0x34, 0xea, 0x2b, 0xca, 0x2b,
    0xc9, 0x2b, 0xca, 0x2b, 0xca, 0x2b, 0xc9, 0x2b, 0xca, 0x2b, 0xc9, 0x2b,
    0xca, 0x2b, 0xca, 0x2b, 0xa9, 0x23, 0xaa, 0x2b, 0xaa, 0x2b, 0xa9, 0x2b,
    0xaa, 0x23, 0x89, 0x2b, 0x89, 0x2b, 0x89, 0x2b, 0x89, 0x2b, 0x89, 0x2b,
    0x89, 0x23, 0x08, 0x43, 0x44, 0x82, 0x44, 0x7a, 0x44, 0x7a, 0x24, 0x7a,
    0x24, 0x82, 0x44, 0x82, 0x24, 0x7a, 0x24, 0x7a, 0x24, 0x82, 0x24, 0x7a,
    0x03, 0x72, 0xe4, 0x71, 0xe3, 0x71, 0xe4, 0x71, 0x03, 0x72, 0x64, 0x82,
    0xc3, 0x69, 0xe4, 0x69, 0xe3, 0x69, 0xe3, 0x69, 0x04, 0x72, 0x04, 0x72,
    0x03, 0x72, 0x24, 0x7a, 0x24, 0x7a, 0x24, 0x7a, 0x24, 0x7a, 0x24, 0x7a,
    0x04, 0x72, 0x04, 0x72, 0x24, 0x7a, 0x04, 0x72, 0x24, 0x72, 0x24, 0x7a,
    0x25, 0x72, 0x45, 0x7a, 0x25, 0x72, 0x24, 0x72, 0x45, 0x72, 0x45, 0x72,
    0x45, 0x72, 0x45, 0x72, 0x25, 0x72, 0x25, 0x72, 0x24, 0x72, 0x25, 0x6a,
    0x04, 0x6a, 0x24, 0x6a, 0x25, 0x6a, 0x25, 0x6a, 0x24, 0x72, 0x25, 0x6a,
    0x68, 0x43, 0x0a, 0x34, 0xea, 0x3b, 0x0a, 0x34, 0x0a, 0x34, 0x0a, 0x34,
    0x0a, 0x3c, 0x0a, 0x34, 0xea, 0x33, 0xea, 0x33, 0xea, 0x33, 0x0a, 0x34,
    0x0a, 0x34, 0x0a, 0x34, 0x0a, 0x34, 0x0a, 0x34, 0x0b, 0x34, 0x2b, 0x3c,
    0x2b, 0x3c, 0x2b, 0x34, 0x4b, 0x3c, 0x4b, 0x3c, 0x8e, 0x44, 0x12, 0x45,
    0x76, 0x4d, 0x96, 0x4d, 0x96, 0x4d, 0x96, 0x4d, 0x97, 0x55, 0x96, 0x4d,
    0x96, 0x4d, 0x97, 0x4d, 0x97, 0x4d, 0x96, 0x4d, 0x96, 0x4d, 0x96, 0x4d,
    0x97, 0x4d, 0x96, 0x4d, 0x96, 0x4d, 0x96, 0x4d, 0x96, 0x4d, 0x96, 0x4d,
    0x97, 0x4d, 0xb7, 0x4d, 0x96, 0x4d, 0x96, 0x4d, 0x97, 0x4d, 0x97, 0x4d,
    0x97, 0x4d, 0x98, 0x3d, 0x54, 0x5d, 0xca, 0xac, 0x64, 0xdc, 0x62, 0xec,
    0x61, 0xfc, 0x80, 0xfc, 0xa0, 0xfc, 0x80, 0xfc, 0x60, 0xfc, 0x60, 0xfc,
    0x61, 0xfc, 0x41, 0xf4, 0x41, 0xfc, 0x01, 0xf4, 0xaa, 0xec, 0x13, 0xf6,
    0x19, 0xf7, 0x78, 0xd6, 0x72, 0x4a, 0x12, 0x32, 0x83, 0x10, 0x83, 0x18,
    0x83, 0x18, 0x83, 0x10, 0x22, 0x39, 0x21, 0xd4, 0x00, 0xfd, 0x40, 0xfd,
    0x60, 0xfd, 0x80, 0xfd, 0x80, 0xfd, 0x80, 0xfd, 0x80, 0xfd, 0xa0, 0xfd,
    0x80, 0xfd, 0x80, 0xfd, 0x80, 0xfd, 0x60, 0xfd, 0x40, 0xfd, 0x40, 0xfd,
    0x00, 0xfd, 0xc0, 0xfc, 0xe0, 0xf3, 0xc4, 0xa2, 0xf5, 0xd5, 0x39, 0xff,
    0x59, 0xff, 0x59, 0xff, 0x5a, 0xff, 0x5a, 0xf7, 0xf1, 0x83, 0x2c, 0x21,
    0xb5, 0x73, 0x98, 0x8c, 0xd1, 0x31, 0x70, 0x21, 0xd3, 0x29, 0x16, 0x32,
    0x92, 0x29, 0x6d, 0x29, 0xf2, 0xac, 0x56, 0xe6, 0xd5, 0xcd, 0x6d, 0x83,
    0x40, 0xb2, 0xa0, 0xf3, 0x40, 0xf4, 0x60, 0xfc, 0x60, 0xfc, 0x40, 0xfc,
    0x40, 0xf4, 0x20, 0xf4, 0x00, 0xf4, 0xe0, 0xf3, 0xa0, 0xf3, 0x80, 0xeb,
    0x60, 0xeb, 0x20, 0xeb, 0x00, 0xe3, 0xe0, 0xe2, 0xc0, 0xda, 0x62, 0xb9,
    0xa3, 0xa0, 0xc3, 0xa8, 0xc4, 0xb0, 0xe4, 0xb0, 0x04, 0xb1, 0x04, 0xb9,
    0x05, 0xb9, 0x25, 0xb9, 0x05, 0xc1, 0x29, 0xa2, 0x56, 0x4d, 0x76, 0x4d,
    0x76, 0x4d, 0x77, 0x4d, 0x76, 0x4d, 0x77, 0x4d, 0x76, 0x45, 0x76, 0x4d,
    0x77, 0x4d, 0x76, 0x4d, 0x76, 0x45, 0x76, 0x45, 0x55, 0x45, 0x34, 0x45,
    0x33, 0x45, 0xf1, 0x3c, 0x6d, 0x3c, 0x6b, 0x34, 0x4b, 0x34, 0x4b, 0x34,
    0x4b, 0x34, 0x4b, 0x34, 0x4a, 0x34, 0x0a, 0x34, 0xea, 0x2b, 0xca, 0x2b,
    0xc9, 0x2b, 0xca, 0x2b, 0xc9, 0x2b, 0xca, 0x2b, 0xca, 0x2b, 0xca, 0x2b,
    0xc9, 0x2b, 0xa9, 0x23, 0xa9, 0x2b, 0xa9, 0x2b, 0xaa, 0x2b, 0xa9, 0x23,
    0x89, 0x2b, 0xaa, 0x2b, 0xaa, 0x2b, 0x89, 0x23, 0x89, 0x2b, 0x89, 0x2b,
    0x89, 0x23, 0x07, 0x43, 0x24, 0x82, 0x24, 0x7a, 0x44, 0x82, 0x24, 0x7a,
    0x24, 0x82, 0x43, 0x82, 0x23, 0x7a, 0x44, 0x82, 0x23, 0x82, 0x24, 0x7a,
    0x03, 0x72, 0xe4, 0x71, 0xe3, 0x71, 0x04, 0x72, 0x64, 0x8a, 0xc4, 0x9a,
    0xe3, 0x69, 0xe4, 0x69, 0xe3, 0x69, 0xe4, 0x71, 0x04, 0x72, 0x03, 0x72,
    0x04, 0x72, 0x24, 0x7a, 0x24, 0x72, 0x04, 0x72, 0x23, 0x7a, 0x24, 0x72,
    0x04, 0x72, 0x24, 0x72, 0x04, 0x72, 0x04, 0x72, 0x24, 0x72, 0x24, 0x72,
    0x25, 0x72, 0x44, 0x72, 0x44, 0x72, 0x25, 0x72, 0x44, 0x72, 0x24, 0x72,
    0x25, 0x72, 0x24, 0x72, 0x25, 0x72, 0x25, 0x72, 0x25, 0x6a, 0x24, 0x72,
    0x05, 0x6a, 0x04, 0x6a, 0x24, 0x72, 0x25, 0x6a, 0x25, 0x72, 0x45, 0x6a,
    0x88, 0x43, 0xea, 0x33, 0xea, 0x33, 0x0a, 0x3c, 0x0a, 0x34, 0x0a, 0x34,
    0x0b, 0x34, 0x0a, 0x34, 0x0a, 0x34, 0xea, 0x33, 0xea, 0x33, 0xea, 0x33,
    0xea, 0x33, 0x0a, 0x3c, 0x0a, 0x34, 0x0a, 0x3c, 0x0a, 0x34, 0x0a, 0x34,
    0x0a, 0x34, 0x2a, 0x3c, 0x2b, 0x3c, 0x2b, 0x3c, 0x4b, 0x3c, 0x8e, 0x3c,
    0x33, 0x4d, 0x76, 0x4d, 0x96, 0x4d, 0x96, 0x4d, 0x97, 0x4d, 0x96, 0x4d,
    0x96, 0x4d, 0x96, 0x4d, 0x96, 0x4d, 0x97, 0x4d, 0x96, 0x4d, 0x96, 0x4d,
    0x96, 0x4d, 0x96, 0x4d, 0x97, 0x4d, 0x96, 0x4d, 0x96, 0x4d, 0x96, 0x4d,
    0x96, 0x4d, 0x97, 0x4d, 0x96, 0x4d, 0x76, 0x4d, 0x96, 0x4d, 0x97, 0x45,
    0x52, 0x6d, 0xa8, 0xc4, 0x61, 0xf4, 0xa0, 0xfc, 0xe0, 0xfc, 0xe0, 0xfc,
    0xe0, 0xfc, 0x00, 0xfd, 0xe0, 0xfc, 0xe0, 0xfc, 0xe0, 0xfc, 0xe0, 0xfc,
    0x00, 0xfd, 0x00, 0xfd, 0x00, 0xfd, 0x00, 0xfd, 0xc0, 0xfc, 0x60, 0xfc,
    0x64, 0xfc, 0xea, 0xe4, 0x6e, 0x6a, 0x35, 0x42, 0xa5, 0x18, 0x63, 0x10,
    0x83, 0x10, 0x22, 0x39, 0xe1, 0xc3, 0x00, 0xfd, 0x40, 0xfd, 0x60, 0xfd,
    0x80, 0xfd, 0x80, 0xfd, 0x80, 0xfd, 0x80, 0xfd, 0x80, 0xfd, 0x80, 0xfd,
    0x80, 0xfd, 0x80, 0xfd, 0x60, 0xfd, 0x60, 0xfd, 0x40, 0xfd, 0x20, 0xfd,
    0xe0, 0xfc, 0xa0, 0xfc, 0xa0, 0xe3, 0x6a, 0xa3, 0xf8, 0xee, 0x59, 0xff,
    0x59, 0xff, 0x59, 0xff, 0x5a, 0xff, 0xd3, 0x9c, 0x2d, 0x21, 0xb8, 0x94,
    0xdf, 0xff, 0xde, 0xff, 0xb2, 0x9c, 0x62, 0x10, 0x63, 0x10, 0xe9, 0x18,
    0xf4, 0x29, 0x93, 0x21, 0x0d, 0x42, 0xd5, 0xcd, 0xd5, 0xd5, 0x0f, 0x94,
    0x21, 0xaa, 0x60, 0xeb, 0x20, 0xf4, 0x60, 0xf4, 0x60, 0xf4, 0x60, 0xf4,
    0x40, 0xfc, 0x20, 0xf4, 0x00, 0xf4, 0xe0, 0xf3, 0xc0, 0xf3, 0x80, 0xeb,
    0x60, 0xeb, 0x40, 0xeb, 0x00, 0xeb, 0xe0, 0xe2, 0xc0, 0xe2, 0xe1, 0xc1,
    0xa3, 0xa0, 0xc3, 0xa8, 0xc3, 0xa8, 0xe4, 0xb0, 0xe4, 0xb0, 0x05, 0xb9,
    0x05, 0xb9, 0x05, 0xb9, 0x05, 0xc1, 0x8b, 0x92, 0x77, 0x4d, 0x77, 0x4d,
    0x96, 0x4d, 0x96, 0x4d, 0x97, 0x4d, 0x76, 0x4d, 0x77, 0x4d, 0x96, 0x4d,
    0x76, 0x4d, 0x76, 0x45, 0x75, 0x4d, 0x54, 0x45, 0xf1, 0x44, 0xaf, 0x3c,
    0x8e, 0x3c, 0x8d, 0x3c, 0x6c, 0x34, 0x4b, 0x34, 0x4b, 0x34, 0x4b, 0x34,
    0x4a, 0x34, 0x4b, 0x34, 0x2a, 0x34, 0x0a, 0x2c, 0xea, 0x2b, 0xca, 0x2b,
    0xca, 0x2b, 0xca, 0x2b, 0xca, 0x2b, 0xc9, 0x2b, 0xca, 0x2b, 0xca, 0x2b,
    0xaa, 0x2b, 0xa9, 0x2b, 0xa9, 0x2b, 0xaa, 0x23, 0xa9, 0x2b, 0xa9, 0x23,
    0x89, 0x2b, 0xa9, 0x2b, 0x89, 0x23, 0xa9, 0x23, 0x8a, 0x2b, 0x89, 0x2b,
    0x89, 0x2b, 0x27, 0x43, 0x24, 0x7a, 0x24, 0x7a, 0x24, 0x82, 0x24, 0x82,
    0x24, 0x7a, 0x44, 0x7a, 0x24, 0x82, 0x23, 0x7a, 0x24, 0x7a, 0x24, 0x7a,
    0x03, 0x72, 0x03, 0x72, 0x04, 0x7a, 0x64, 0x8a, 0xc4, 0x92, 0xc4, 0x9a,
    0xe3, 0x61, 0xe3, 0x69, 0xe4, 0x69, 0x04, 0x6a, 0x03, 0x72, 0x04, 0x72,
    0x03, 0x72, 0x24, 0x7a, 0x24, 0x7a, 0x24, 0x7a, 0x03, 0x7a, 0x24, 0x72,
    0x04, 0x7a, 0x04, 0x72, 0x04, 0x72, 0x04, 0x72, 0x24, 0x72, 0x24, 0x72,
    0x24, 0x72, 0x45, 0x72, 0x45, 0x7a, 0x25, 0x72, 0x45, 0x72, 0x25, 0x72,
    0x25, 0x72, 0x24, 0x72, 0x25, 0x72, 0x25, 0x72, 0x24, 0x6a, 0x25, 0x6a,
    0x25, 0x6a, 0x24, 0x72, 0x25, 0x6a, 0x24, 0x6a, 0x25, 0x6a, 0x45, 0x6a,
    0xa9, 0x3b, 0xea, 0x33, 0x0a, 0x34, 0x0a, 0x34, 0xea, 0x33, 0xea, 0x3b,
    0x0a, 0x34, 0x0a, 0x34, 0x0a, 0x3c, 0xea, 0x33, 0xea, 0x33, 0xea, 0x33,
    0xea, 0x33, 0xea, 0x33, 0xea, 0x33, 0xea, 0x33, 0x0a, 0x3c, 0x0a, 0x34,
    0x0a, 0x34, 0x0a, 0x3c, 0x0a, 0x34, 0x2b, 0x34, 0x2b, 0x3c, 0x4b, 0x3c,
    0x8f, 0x3c, 0x54, 0x45, 0x76, 0x4d, 0x96, 0x4d, 0x96, 0x4d, 0x97, 0x4d,
    0x96, 0x4d, 0x96, 0x4d, 0x96, 0x4d, 0x97, 0x4d, 0x96, 0x4d, 0x96, 0x4d,
    0x97, 0x4d, 0x96, 0x4d, 0x96, 0x4d, 0x76, 0x4d, 0x97, 0x4d, 0x97, 0x4d,
    0x96, 0x45, 0x76, 0x4d, 0x96, 0x45, 0x76, 0x4d, 0x76, 0x4d, 0xac, 0x9c,
    0x61, 0xf4, 0xc0, 0xfc, 0xc0, 0xfc, 0xe0, 0xfc, 0x00, 0xfd, 0x00, 0xfd,
    0x00, 0xfd, 0x00, 0xfd, 0x20, 0xfd, 0x20, 0xfd, 0x20, 0xfd, 0x20, 0xfd,
    0x20, 0xfd, 0x20, 0xfd, 0x20, 0xfd, 0x20, 0xfd, 0x20, 0xfd, 0x20, 0xfd,
    0x20, 0xfd, 0x00, 0xfd, 0xc1, 0xfc, 0x42, 0xec, 0xa3, 0xcb, 0xc2, 0x9a,
    0xa1, 0x92, 0x41, 0xdc, 0x20, 0xfd, 0x40, 0xfd, 0x60, 0xfd, 0x60, 0xfd,
    0x80, 0xfd, 0x80, 0xfd, 0x80, 0xfd, 0x80, 0xfd, 0xa0, 0xfd, 0x80, 0xfd,
    0x80, 0xfd, 0x60, 0xfd, 0x60, 0xfd, 0x40, 0xfd, 0x40, 0xfd, 0x00, 0xfd,
    0xe0, 0xfc, 0x80, 0xfc, 0x61, 0xdb, 0x8f, 0xac, 0x18, 0xf7, 0x39, 0xff,
    0x59, 0xff, 0x5a, 0xff, 0x57, 0xd6, 0xee, 0x39, 0xd3, 0x31, 0x5c, 0xce,
    0xde, 0xff, 0xdf, 0xff, 0x35, 0xa5, 0xa3, 0x10, 0x83, 0x10, 0x83, 0x10,
    0xc7, 0x18, 0xb3, 0x29, 0x2e, 0x21, 0x52, 0x94, 0x16, 0xde, 0xb1, 0xac,
    0x63, 0xb2, 0x60, 0xeb, 0x20, 0xf4, 0x40, 0xfc, 0x60, 0xf4, 0x60, 0xfc,
    0x40, 0xf4, 0x20, 0xf4, 0x00, 0xf4, 0xe0, 0xf3, 0xc0, 0xf3, 0x80, 0xeb,
    0x60, 0xeb, 0x20, 0xeb, 0x20, 0xe3, 0xe0, 0xe2, 0xe0, 0xe2, 0x41, 0xd2,
    0xa3, 0xa0, 0xa3, 0xa8, 0xc3, 0xa8, 0xe4, 0xb0, 0xe4, 0xb0, 0x04, 0xb9,
    0x05, 0xb9, 0x05, 0xb9, 0x05, 0xc1, 0x0d, 0x83, 0x97, 0x45, 0x76, 0x4d,
    0x76, 0x4d, 0x77, 0x4d, 0x76, 0x4d, 0x76, 0x45, 0x76, 0x4d, 0x76, 0x4d,
    0x76, 0x45, 0x55, 0x45, 0x12, 0x45, 0xaf, 0x3c, 0x6c, 0x3c, 0x6b, 0x34,
    0x6b, 0x34, 0x4c, 0x3c, 0x4b, 0x34, 0x4b, 0x34, 0x6b, 0x34, 0x4b, 0x34,
    0x4a, 0x34, 0x4b, 0x34, 0x2a, 0x34, 0x0a, 0x34, 0xea, 0x2b, 0xca, 0x2b,
    0xc9, 0x2b, 0xca, 0x2b, 0xca, 0x2b, 0xc9, 0x2b, 0xa9, 0x2b, 0xaa, 0x2b,
    0xa9, 0x23, 0xa9, 0x23, 0xaa, 0x2b, 0xa9, 0x2b, 0xa9, 0x23, 0x89, 0x2b,
    0xa9, 0x2b, 0xaa, 0x2b, 0x89, 0x2b, 0xa9, 0x2b, 0x89, 0x2b, 0x89, 0x23,
    0x89, 0x23, 0x07, 0x43, 0x24, 0x7a, 0x24, 0x7a, 0x24, 0x7a, 0x23, 0x7a,
    0x24, 0x7a, 0x24, 0x82, 0x24, 0x82, 0x24, 0x7a, 0x24, 0x7a, 0x04, 0x7a,
    0x03, 0x72, 0xe3, 0x71, 0x44, 0x82, 0xc4, 0x9a, 0xc4, 0x9a, 0xc4, 0x9a,
    0xe3, 0x69, 0xe3, 0x69, 0xe3, 0x69, 0xe3, 0x71, 0x03, 0x72, 0x04, 0x72,
    0x04, 0x72, 0x03, 0x72, 0x24, 0x7a, 0x03, 0x72, 0x24, 0x72, 0x24, 0x7a,
    0x24, 0x72, 0x04, 0x72, 0x24, 0x7a, 0x24, 0x72, 0x04, 0x72, 0x04, 0x72,
    0x24, 0x72, 0x24, 0x72, 0x25, 0x72, 0x24, 0x72, 0x44, 0x72, 0x25, 0x72,
    0x25, 0x72, 0x24, 0x72, 0x24, 0x6a, 0x25, 0x72, 0x24, 0x72, 0x24, 0x6a,
    0x05, 0x6a, 0x05, 0x6a, 0x04, 0x6a, 0x25, 0x72, 0x24, 0x72, 0x45, 0x62,
    0xa9, 0x3b, 0xea, 0x33, 0xea, 0x3b, 0xea, 0x33, 0xea, 0x33, 0x0a, 0x34,
    0x0a, 0x34, 0x0a, 0x34, 0x0a, 0x3c, 0x0a, 0x34, 0xea, 0x33, 0xea, 0x33,
    0xea, 0x33, 0xea, 0x33, 0xea, 0x3b, 0xea, 0x33, 0xea, 0x33, 0xea, 0x33,
    0x0a, 0x3c, 0x0a, 0x34, 0x0a, 0x34, 0x0a, 0x3c, 0x2b, 0x3c, 0x2b, 0x34,
    0x4c, 0x3c, 0xf2, 0x44, 0x75, 0x4d, 0x96, 0x4d, 0x96, 0x4d, 0x96, 0x4d,
    0x97, 0x4d, 0x96, 0x4d, 0x96, 0x4d, 0x96, 0x4d, 0x96, 0x4d, 0x96, 0x4d,
    0x96, 0x4d, 0x76, 0x4d, 0x96, 0x4d, 0x76, 0x4d, 0x76, 0x4d, 0x76, 0x45,
    0x76, 0x45, 0x76, 0x45, 0x97, 0x45, 0x54, 0x5d, 0xa7, 0xcc, 0xa1, 0xfc,
    0xe0, 0xfc, 0xe0, 0xfc, 0x00, 0xfd, 0x00, 0xfd, 0x20, 0xfd, 0x20, 0xfd,
    0x20, 0xfd, 0x20, 0xfd, 0x40, 0xfd, 0x20, 0xfd, 0x20, 0xfd, 0x40, 0xfd,
    0x40, 0xfd, 0x40, 0xfd, 0x40, 0xfd, 0x40, 0xfd, 0x60, 0xfd, 0x60, 0xfd,
    0x60, 0xfd, 0x40, 0xfd, 0x40, 0xfd, 0x40, 0xfd, 0x40, 0xfd, 0x40, 0xfd,
    0x20, 0xfd, 0xe0, 0xfc, 0xc0, 0xfc, 0x20, 0xfd, 0x60, 0xfd, 0x80, 0xfd,
    0x80, 0xfd, 0xa0, 0xfd, 0xa0, 0xfd, 0x80, 0xfd, 0x80, 0xfd, 0x80, 0xfd,
    0x80, 0xfd, 0x60, 0xfd, 0x60, 0xfd, 0x40, 0xfd, 0x20, 0xfd, 0x00, 0xfd,
    0xc0, 0xfc, 0x60, 0xfc, 0x63, 0xd3, 0x53, 0xbd, 0x39, 0xff, 0x59, 0xff,
    0x59, 0xff, 0x59, 0xff, 0x32, 0x84, 0x50, 0x21, 0x6e, 0x29, 0xaf, 0x7b,
    0x1c, 0xe7, 0xd7, 0xbd, 0xe8, 0x41, 0x83, 0x10, 0x84, 0x10, 0x83, 0x10,
    0x83, 0x10, 0x4d, 0x21, 0x72, 0x21, 0x10, 0x6b, 0x36, 0xde, 0xd2, 0xac,
    0x83, 0xb2, 0x60, 0xeb, 0x20, 0xf4, 0x60, 0xfc, 0x60, 0xf4, 0x60, 0xfc,
    0x40, 0xf4, 0x20, 0xf4, 0x00, 0xf4, 0xe0, 0xf3, 0xc0, 0xf3, 0x80, 0xeb,
    0x60, 0xeb, 0x40, 0xeb, 0x20, 0xe3, 0xe0, 0xe2, 0xe0, 0xe2, 0x80, 0xda,
    0xc2, 0xa8, 0xa3, 0xa0, 0xc3, 0xa8, 0xc4, 0xa8, 0xe4, 0xb0, 0x04, 0xb1,
    0x05, 0xb9, 0x25, 0xb9, 0x25, 0xb9, 0x31, 0x6c, 0x97, 0x4d, 0x76, 0x4d,
    0x76, 0x4d, 0x76, 0x4d, 0x76, 0x4d, 0x77, 0x45, 0x76, 0x4d, 0x76, 0x45,
    0x55, 0x45, 0x11, 0x45, 0x8d, 0x3c, 0x4c, 0x34, 0x4b, 0x34, 0x4b, 0x34,
    0x4b, 0x34, 0x4b, 0x34, 0x4b, 0x34, 0x4b, 0x34, 0x4b, 0x3c, 0x4b, 0x34,
    0x4b, 0x34, 0x2b, 0x34, 0x0a, 0x2c, 0xea, 0x2b, 0xca, 0x2b, 0xca, 0x2b,
    0xca, 0x2b, 0xca, 0x2b, 0xc9, 0x2b, 0xaa, 0x2b, 0xca, 0x2b, 0xa9, 0x2b,
    0xa9, 0x23, 0xaa, 0x2b, 0xa9, 0x2b, 0xa9, 0x23, 0xa9, 0x23, 0x89, 0x2b,
    0xa9, 0x2b, 0x89, 0x23, 0x89, 0x23, 0x89, 0x2b, 0x89, 0x2b, 0x89, 0x23,
    0x89, 0x23, 0x07, 0x43, 0x23, 0x7a, 0x24, 0x7a, 0x23, 0x7a, 0x23, 0x7a,
    0x23, 0x7a, 0x24, 0x7a, 0x23, 0x7a, 0x23, 0x7a, 0x04, 0x7a, 0x03, 0x7a,
    0xe3, 0x71, 0x24, 0x7a, 0xa4, 0x92, 0xc3, 0x9a, 0xc4, 0x9a, 0xc4, 0x9a,
    0xe3, 0x69, 0xe3, 0x69, 0xe4, 0x69, 0xe3, 0x69, 0xe3, 0x71, 0x03, 0x72,
    0x04, 0x72, 0x24, 0x72, 0x04, 0x7a, 0x24, 0x72, 0x03, 0x72, 0x04, 0x72,
    0x04, 0x7a, 0x24, 0x72, 0x04, 0x72, 0x04, 0x72, 0x04, 0x72, 0x04, 0x72,
    0x04, 0x72, 0x24, 0x72, 0x25, 0x72, 0x25, 0x72, 0x24, 0x72, 0x25, 0x72,
    0x25, 0x72, 0x25, 0x72, 0x25, 0x72, 0x25, 0x72, 0x24, 0x6a, 0x04, 0x6a,
    0x04, 0x6a, 0x04, 0x6a, 0x25, 0x6a, 0x24, 0x6a, 0x25, 0x72, 0x45, 0x62,
    0xa9, 0x3b, 0xe9, 0x33, 0xea, 0x33, 0xea, 0x33, 0xea, 0x33, 0x0a, 0x34,
    0x0a, 0x34, 0xea, 0x33, 0xea, 0x33, 0xea, 0x33, 0xea, 0x33, 0xea, 0x33,
    0xe9, 0x33, 0xe9, 0x33, 0xe9, 0x33, 0xe9, 0x33, 0xea, 0x33, 0xe9, 0x33,
    0xea, 0x33, 0xea, 0x33, 0x0a, 0x34, 0x0a, 0x34, 0x0a, 0x34, 0x2a, 0x34,
    0x4b, 0x3c, 0xb0, 0x3c, 0x55, 0x4d, 0x96, 0x4d, 0x96, 0x4d, 0x96, 0x4d,
    0x96, 0x4d, 0x97, 0x4d, 0x96, 0x4d, 0x96, 0x4d, 0x96, 0x4d, 0x76, 0x45,
    0x76, 0x45, 0x76, 0x4d, 0x76, 0x45, 0x76, 0x45, 0x76, 0x4d, 0x76, 0x45,
    0x76, 0x45, 0x56, 0x45, 0x34, 0x55, 0x86, 0xcc, 0xc1, 0xfc, 0xc0, 0xf4,
    0x00, 0xfd, 0x00, 0xfd, 0x00, 0xfd, 0x20, 0xfd, 0x20, 0xfd, 0x20, 0xfd,
    0x40, 0xfd, 0x40, 0xfd, 0x40, 0xfd, 0x40, 0xfd, 0x40, 0xfd, 0x40, 0xfd,
    0x60, 0xfd, 0x60, 0xfd, 0x60, 0xfd, 0x60, 0xfd, 0x80, 0xfd, 0x80, 0xfd,
    0x80, 0xfd, 0x80, 0xfd, 0x80, 0xfd, 0x80, 0xfd, 0x80, 0xfd, 0x80, 0xfd,
    0x80, 0xfd, 0x60, 0xfd, 0x40, 0xfd, 0xe0, 0xfc, 0x00, 0xfd, 0x60, 0xfd,
    0x80, 0xfd, 0x80, 0xfd, 0xa0, 0xfd, 0x80, 0xfd, 0x80, 0xfd, 0x60, 0xfd,
    0x60, 0xfd, 0x60, 0xfd, 0x40, 0xfd, 0x40, 0xfd, 0x00, 0xfd, 0xe0, 0xfc,
    0xa0, 0xfc, 0x80, 0xfc, 0xc5, 0xdb, 0x16, 0xde, 0x38, 0xff, 0x39, 0xff,
    0x39, 0xff, 0xf8, 0xe6, 0x4f, 0x4a, 0x72, 0x29, 0xe9, 0x18, 0x62, 0x10,
    0xa4, 0x18, 0x63, 0x10, 0x84, 0x10, 0x84, 0x10, 0x83, 0x18, 0x84, 0x10,
    0x83, 0x10, 0xe8, 0x18, 0x73, 0x29, 0x6f, 0x52, 0x16, 0xd6, 0xb1, 0xac,
    0x82, 0xba, 0x60, 0xeb, 0x20, 0xf4, 0x40, 0xf4, 0x40, 0xfc, 0x60, 0xf4,
    0x40, 0xfc, 0x20, 0xf4, 0x00, 0xf4, 0xe0, 0xf3, 0xc0, 0xf3, 0xa0, 0xeb,
    0x60, 0xeb, 0x40, 0xeb, 0x00, 0xeb, 0xe0, 0xe2, 0xc0, 0xe2, 0xa0, 0xda,
    0x22, 0xa9, 0x83, 0xa0, 0xc3, 0xa8, 0xc4, 0xa8, 0xe4, 0xb0, 0xe4, 0xb0,
    0xe4, 0xb0, 0x05, 0xb9, 0x87, 0xa9, 0x15, 0x55, 0x76, 0x4d, 0x77, 0x4d,
    0x76, 0x4d, 0x76, 0x4d, 0x76, 0x45, 0x76, 0x4d, 0x76, 0x45, 0x34, 0x45,
    0xf1, 0x44, 0x6d, 0x3c, 0x6b, 0x34, 0x6b, 0x34, 0x4b, 0x34, 0x4b, 0x3c,
    0x4b, 0x34, 0x4b, 0x34, 0x4b, 0x34, 0x4a, 0x3c, 0x4b, 0x34, 0x4a, 0x34,
    0x2b, 0x34, 0x0a, 0x34, 0xea, 0x2b, 0xea, 0x2b, 0xea, 0x2b, 0xc9, 0x2b,
    0xca, 0x2b, 0xca, 0x2b, 0xc9, 0x2b, 0xca, 0x2b, 0xca, 0x23, 0xca, 0x2b,
    0xa9, 0x2b, 0xa9, 0x23, 0xaa, 0x2b, 0xa9, 0x2b, 0xa9, 0x2b, 0x89, 0x23,
    0x89, 0x2b, 0x89, 0x2b, 0x89, 0x23, 0x89, 0x2b, 0x89, 0x2b, 0x69, 0x23,
    0x69, 0x2b, 0xe7, 0x42, 0x03, 0x7a, 0x24, 0x7a, 0x24, 0x7a, 0x04, 0x7a,
    0x24, 0x82, 0x24, 0x7a, 0x23, 0x7a, 0x23, 0x7a, 0x04, 0x7a, 0x03, 0x72,
    0x03, 0x72, 0x44, 0x82, 0xa4, 0x9a, 0xc4, 0x9a, 0xc4, 0x9a, 0xc4, 0x9a,
    0xe3, 0x69, 0xe4, 0x69, 0xe4, 0x69, 0x04, 0x72, 0x04, 0x72, 0x03, 0x72,
    0x04, 0x72, 0x03, 0x72, 0x03, 0x7a, 0x24, 0x72, 0x04, 0x72, 0x03, 0x7a,
    0x24, 0x72, 0x04, 0x72, 0x04, 0x72, 0x24, 0x72, 0x04, 0x72, 0x04, 0x72,
    0x04, 0x72, 0x04, 0x72, 0x24, 0x72, 0x25, 0x72, 0x25, 0x72, 0x24, 0x72,
    0x24, 0x6a, 0x25, 0x72, 0x25, 0x6a, 0x24, 0x6a, 0x25, 0x72, 0x05, 0x6a,
    0x04, 0x6a, 0x04, 0x6a, 0x04, 0x6a, 0x25, 0x6a, 0x24, 0x6a, 0x65, 0x62,
    0xa9, 0x3b, 0xea, 0x3b, 0xea, 0x3b, 0xea, 0x33, 0xea, 0x3b, 0xea, 0x3b,
    0x0a, 0x34, 0x0a, 0x34, 0x0a, 0x34, 0xea, 0x33, 0xea, 0x33, 0xea, 0x33,
    0xca, 0x33, 0xea, 0x33, 0xea, 0x33, 0xe9, 0x33, 0xea, 0x33, 0xea, 0x3b,
    0xea, 0x33, 0xea, 0x33, 0xea, 0x33, 0x0a, 0x34, 0x0a, 0x3c, 0x2b, 0x3c,
    0x2b, 0x3c, 0x6d, 0x3c, 0x33, 0x45, 0x76, 0x4d, 0x76, 0x4d, 0x96, 0x4d,
    0x96, 0x4d, 0x96, 0x4d, 0x96, 0x4d, 0x76, 0x4d, 0x76, 0x45, 0x76, 0x45,
    0x56, 0x45, 0x56, 0x45, 0x56, 0x45, 0x56, 0x45, 0x56, 0x45, 0x56, 0x45,
    0x56, 0x45, 0x34, 0x55, 0x85, 0xcc, 0xc0, 0xfc, 0xe0, 0xfc, 0xe0, 0xfc,
    0x00, 0xfd, 0x00, 0xfd, 0x20, 0xfd, 0x20, 0xfd, 0x40, 0xfd, 0x40, 0xfd,
    0x40, 0xfd, 0x60, 0xfd, 0x40, 0xfd, 0x60, 0xfd, 0x60, 0xfd, 0x60, 0xfd,
    0x60, 0xfd, 0x80, 0xfd, 0x80, 0xfd, 0x80, 0xfd, 0x80, 0xfd, 0xa0, 0xfd,
    0xa0, 0xfd, 0xa0, 0xfd, 0xc0, 0xfd, 0xa0, 0xfd, 0xa0, 0xfd, 0xa0, 0xfd,
    0xa0, 0xfd, 0x80, 0xfd, 0x80, 0xfd, 0x60, 0xfd, 0x40, 0xfd, 0x20, 0xfd,
    0x40, 0xfd, 0x60, 0xfd, 0x60, 0xfd, 0x80, 0xfd, 0x80, 0xfd, 0x60, 0xfd,
    0x60, 0xfd, 0x40, 0xfd, 0x40, 0xfd, 0x20, 0xfd, 0x00, 0xfd, 0x00, 0xfd,
    0xc0, 0xfc, 0x80, 0xfc, 0xe6, 0xe3, 0x56, 0xe6, 0x18, 0xff, 0x38, 0xff,
    0x39, 0xff, 0x57, 0xde, 0x8e, 0x31, 0x92, 0x29, 0xc6, 0x10, 0x83, 0x10,
    0xa4, 0x10, 0xa4, 0x10, 0xa4, 0x18, 0x83, 0x10, 0x83, 0x10, 0x84, 0x18,
    0x83, 0x10, 0xc7, 0x18, 0x72, 0x29, 0x6e, 0x4a, 0x36, 0xd6, 0x4f, 0xac,
    0x81, 0xca, 0x80, 0xf3, 0x20, 0xf4, 0x60, 0xfc, 0x60, 0xf4, 0x40, 0xf4,
    0x40, 0xf4, 0x20, 0xf4, 0x00, 0xf4, 0xe0, 0xf3, 0xc0, 0xf3, 0xa0, 0xf3,
    0x60, 0xeb, 0x40, 0xeb, 0x00, 0xe3, 0xc0, 0xe2, 0xc0, 0xda, 0xa0, 0xda,
    0x62, 0xb1, 0xa3, 0xa0, 0xc3, 0xa0, 0xc3, 0xa8, 0xe4, 0xb0, 0xe4, 0xb0,
    0x05, 0xb1, 0xe4, 0xb8, 0x8b, 0x8a, 0x77, 0x45, 0x56, 0x4d, 0x76, 0x45,
    0x76, 0x4d, 0x76, 0x45, 0x76, 0x4d, 0x76, 0x4d, 0x54, 0x45, 0xd1, 0x3c,
    0x8d, 0x3c, 0x6b, 0x34, 0x4b, 0x34, 0x4b, 0x34, 0x4b, 0x34, 0x4b, 0x34,
    0x4b, 0x34, 0x4a, 0x34, 0x4b, 0x34, 0x4a, 0x34, 0x4a, 0x34, 0x4a, 0x34,
    0x0a, 0x34, 0xea, 0x2b, 0xca, 0x2b, 0xca, 0x2b, 0xc9, 0x2b, 0xca, 0x2b,
    0xc9, 0x2b, 0xca, 0x2b, 0xca, 0x2b, 0xa9, 0x2b, 0xa9, 0x23, 0xa9, 0x2b,
    0xa9, 0x2b, 0xa9, 0x23, 0xa9, 0x23, 0xa9, 0x2b, 0x89, 0x23, 0xa9, 0x2b,
    0xa9, 0x23, 0x89, 0x2b, 0x89, 0x2b, 0x89, 0x23, 0x89, 0x2b, 0x69, 0x23,
    0x88, 0x23, 0x07, 0x43, 0x04, 0x7a, 0x23, 0x7a, 0x04, 0x7a, 0x23, 0x7a,
    0x23, 0x7a, 0x04, 0x7a, 0x24, 0x7a, 0x04, 0x7a, 0x03, 0x7a, 0x04, 0x72,
    0x03, 0x72, 0x64, 0x8a, 0xc4, 0x9a, 0xc4, 0x9a, 0xc4, 0x9a, 0xc4, 0x9a,
    0xe3, 0x69, 0xe3, 0x69, 0xe3, 0x69, 0xe3, 0x69, 0x04, 0x72, 0x03, 0x72,
    0x04, 0x72, 0x04, 0x72, 0x23, 0x72, 0x04, 0x7a, 0x24, 0x7a, 0x04, 0x72,
    0x03, 0x72, 0x04, 0x72, 0x04, 0x72, 0x04, 0x72, 0x24, 0x72, 0x04, 0x72,
    0x04, 0x72, 0x04, 0x6a, 0x04, 0x72, 0x04, 0x72, 0x25, 0x6a, 0x24, 0x6a,
    0x25, 0x72, 0x24, 0x72, 0x24, 0x6a, 0x25, 0x6a, 0x04, 0x6a, 0x04, 0x6a,
    0x05, 0x6a, 0x04, 0x6a, 0x24, 0x6a, 0x05, 0x6a, 0x24, 0x6a, 0x65, 0x62,
    0x89, 0x43, 0xc9, 0x3b, 0xea, 0x33, 0xea, 0x33, 0xea, 0x33, 0xea, 0x33,
    0xea, 0x3b, 0xea, 0x33, 0xea, 0x3b, 0xea, 0x33, 0xc9, 0x33, 0xc9, 0x33,
    0xe9, 0x33, 0xea, 0x33, 0xea, 0x33, 0xea, 0x33, 0xe9, 0x33, 0xea, 0x33,
    0xe9, 0x33, 0xea, 0x33, 0xea, 0x33, 0xea, 0x33, 0x0a, 0x34, 0x0a, 0x34,
    0x2b, 0x34, 0x4d, 0x3c, 0x13, 0x45, 0x75, 0x45, 0x76, 0x45, 0x76, 0x4d,
    0x76, 0x4d, 0x76, 0x45, 0x76, 0x45, 0x56, 0x45, 0x56, 0x45, 0x35, 0x45,
    0x55, 0x45, 0x55, 0x45, 0x55, 0x45, 0x35, 0x45, 0x35, 0x45, 0x35, 0x45,
    0x35, 0x45, 0x88, 0xb4, 0x81, 0xfc, 0xc0, 0xfc, 0xe0, 0xfc, 0x00, 0xfd,
    0x00, 0xfd, 0x00, 0xfd, 0x20, 0xfd, 0x40, 0xfd, 0x20, 0xfd, 0x20, 0xfd,
    0x40, 0xfd, 0x40, 0xfd, 0x60, 0xfd, 0x60, 0xfd, 0x60, 0xfd, 0x80, 0xfd,
    0x80, 0xfd, 0x80, 0xfd, 0xa0, 0xfd, 0xa0, 0xfd, 0xa0, 0xfd, 0xc0, 0xfd,
    0xc0, 0xfd, 0xc0, 0xfd, 0xc0, 0xfd, 0xa0, 0xfd, 0xa0, 0xfd, 0xa0, 0xfd,
    0xa0, 0xfd, 0xa0, 0xfd, 0xa0, 0xfd, 0x80, 0xfd, 0x60, 0xfd, 0x40, 0xfd,
    0x40, 0xfd, 0x40, 0xfd, 0x60, 0xfd, 0x60, 0xfd, 0x60, 0xfd, 0x60, 0xfd,
    0x60, 0xfd, 0x40, 0xfd, 0x40, 0xfd, 0x20, 0xfd, 0x20, 0xfd, 0x00, 0xfd,
    0xc0, 0xfc, 0x80, 0xfc, 0x05, 0xec, 0x15, 0xe6, 0xd7, 0xf6, 0x18, 0xff,
    0x18, 0xff, 0x16, 0xce, 0x6f, 0x29, 0xb2, 0x29, 0xa5, 0x10, 0x84, 0x10,
    0x83, 0x10, 0x83, 0x10, 0x84, 0x18, 0x83, 0x10, 0x84, 0x10, 0x83, 0x10,
    0x83, 0x10, 0xc8, 0x18, 0x31, 0x21, 0xf0, 0x62, 0x56, 0xde, 0x8c, 0xab,
    0xa0, 0xe2, 0xa0, 0xf3, 0x20, 0xf4, 0x60, 0xfc, 0x40, 0xf4, 0x40, 0xfc,
    0x40, 0xf4, 0x20, 0xf4, 0x00, 0xf4, 0x00, 0xf4, 0xc0, 0xf3, 0xa0, 0xeb,
    0x60, 0xeb, 0x40, 0xeb, 0xe0, 0xe2, 0xc0, 0xe2, 0xc0, 0xda, 0xa0, 0xda,
    0x81, 0xb9, 0xa3, 0x98, 0xc3, 0xa0, 0xc4, 0xa8, 0xc4, 0xa8, 0xe4, 0xb0,
    0x05, 0xb1, 0x25, 0xa9, 0x32, 0x64, 0x76, 0x4d, 0x56, 0x4d, 0x76, 0x4d,
    0x56, 0x45, 0x56, 0x45, 0x56, 0x45, 0x55, 0x45, 0x12, 0x45, 0x8e, 0x3c,
    0x4c, 0x34, 0x4b, 0x34, 0x6b, 0x34, 0x4b, 0x34, 0x4b, 0x34, 0x4b, 0x34,
    0x4a, 0x34, 0x4b, 0x34, 0x4b, 0x34, 0x4b, 0x34, 0x4b, 0x34, 0x2b, 0x34,
    0x0a, 0x34, 0xea, 0x2b, 0xea, 0x2b, 0xca, 0x2b, 0xca, 0x2b, 0xca, 0x2b,
    0xc9, 0x2b, 0xc9, 0x2b, 0xca, 0x2b, 0xc9, 0x2b, 0xa9, 0x23, 0xaa, 0x2b,
    0xa9, 0x2b, 0xa9, 0x23, 0xa9, 0x2b, 0xa9, 0x2b, 0xa9, 0x23, 0xa9, 0x2b,
    0x89, 0x2b, 0x89, 0x23, 0x89, 0x23, 0x89, 0x2b, 0x68, 0x23, 0x88, 0x23,
    0x68, 0x2b, 0x07, 0x3b, 0x03, 0x72, 0x03, 0x7a, 0x04, 0x7a, 0x03, 0x7a,
    0x03, 0x72, 0x23, 0x7a, 0x04, 0x7a, 0x04, 0x7a, 0x03, 0x72, 0x03, 0x7a,
    0x24, 0x7a, 0x84, 0x92, 0xc4, 0x9a, 0xc4, 0x9a, 0xc4, 0x9a, 0xc3, 0x9a,
    0xc3, 0x69, 0xe3, 0x69, 0xe3, 0x69, 0xe3, 0x69, 0xe4, 0x71, 0x04, 0x72,
    0x03, 0x72, 0x04, 0x72, 0x04, 0x72, 0x04, 0x72, 0x03, 0x72, 0x04, 0x72,
    0x04, 0x72, 0x04, 0x72, 0x04, 0x72, 0x04, 0x72, 0x04, 0x72, 0x04, 0x72,
    0x04, 0x6a, 0x04, 0x6a, 0x04, 0x6a, 0x04, 0x6a, 0x04, 0x72, 0x24, 0x6a,
    0x25, 0x72, 0x05, 0x6a, 0x24, 0x6a, 0x04, 0x6a, 0x05, 0x6a, 0x04, 0x6a,
    0x24, 0x72, 0x45, 0x7a, 0x65, 0x82, 0x65, 0x82, 0x65, 0x82, 0x85, 0x82,
    0x85, 0x82, 0xa5, 0x82, 0x06, 0x73, 0x88, 0x4b, 0xe9, 0x33, 0x0a, 0x34,
    0xea, 0x33, 0xea, 0x3b, 0xe9, 0x33, 0xe9, 0x33, 0xea, 0x33, 0xc9, 0x33,
    0xc9, 0x33, 0xc9, 0x33, 0xea, 0x33, 0xc9, 0x33, 0xea, 0x33, 0xca, 0x33,
    0xca, 0x33, 0xe9, 0x33, 0xea, 0x33, 0xea, 0x33, 0x0a, 0x34, 0x0a, 0x34,
    0x2b, 0x34, 0x6f, 0x3c, 0x34, 0x45, 0x75, 0x45, 0x76, 0x4d, 0x76, 0x4d,
    0x76, 0x45, 0x55, 0x45, 0x56, 0x45, 0x35, 0x45, 0x35, 0x45, 0x35, 0x45,
    0x35, 0x45, 0x35, 0x3d, 0x55, 0x45, 0x35, 0x3d, 0x35, 0x45, 0x15, 0x3d,
    0xac, 0x8c, 0x81, 0xf4, 0xa0, 0xfc, 0xe0, 0xfc, 0x00, 0xfd, 0xe0, 0xfc,
    0xc0, 0xfc, 0xa0, 0xfc, 0xe0, 0xfc, 0x20, 0xfd, 0x40, 0xfd, 0x20, 0xfd,
    0x40, 0xfd, 0x60, 0xfd, 0x60, 0xfd, 0x60, 0xfd, 0x60, 0xfd, 0x80, 0xfd,
    0x80, 0xfd, 0x80, 0xfd, 0xa0, 0xfd, 0xa0, 0xfd, 0xc0, 0xfd, 0xc0, 0xfd,
    0xc0, 0xfd, 0xc0, 0xfd, 0xa0, 0xfd, 0xc0, 0xfd, 0xc0, 0xfd, 0xa0, 0xfd,
    0xa0, 0xfd, 0xa0, 0xfd, 0xa0, 0xfd, 0x80, 0xfd, 0x80, 0xfd, 0x80, 0xfd,
    0x60, 0xfd, 0x40, 0xfd, 0x40, 0xfd, 0x60, 0xfd, 0x40, 0xfd, 0x40, 0xfd,
    0x60, 0xfd, 0x40, 0xfd, 0x40, 0xfd, 0x40, 0xfd, 0x20, 0xfd, 0xe0, 0xfc,
    0xe0, 0xfc, 0x80, 0xfc, 0x23, 0xec, 0xd3, 0xe5, 0xb6, 0xee, 0xf7, 0xf6,
    0xf8, 0xfe, 0xf6, 0xcd, 0x6e, 0x29, 0xb3, 0x29, 0xc6, 0x18, 0x83, 0x10,
    0x84, 0x10, 0x83, 0x18, 0x83, 0x10, 0x84, 0x18, 0x83, 0x10, 0x83, 0x10,
    0x63, 0x10, 0x2d, 0x21, 0x2f, 0x21, 0x32, 0x94, 0x16, 0xd6, 0xe7, 0xaa,
    0x20, 0xeb, 0xe0, 0xf3, 0x40, 0xf4, 0x40, 0xf4, 0x60, 0xfc, 0x40, 0xf4,
    0x20, 0xfc, 0x20, 0xf4, 0x00, 0xf4, 0xe0, 0xf3, 0xc0, 0xf3, 0xa0, 0xeb,
    0x60, 0xeb, 0x00, 0xe3, 0xc0, 0xe2, 0xc0, 0xda, 0xa0, 0xda, 0xa0, 0xda,
    0xc1, 0xc1, 0x83, 0x98, 0xc3, 0xa0, 0xc4, 0xa8, 0xe4, 0xa8, 0xe4, 0xa8,
    0xe4, 0xb0, 0x6b, 0x8a, 0x76, 0x45, 0x56, 0x45, 0x56, 0x4d, 0x56, 0x45,
    0x56, 0x4d, 0x56, 0x4d, 0x55, 0x4d, 0x54, 0x45, 0xd0, 0x3c, 0x6c, 0x3c,
    0x6b, 0x34, 0x4b, 0x34, 0x4b, 0x34, 0x4b, 0x34, 0x4b, 0x34, 0x4a, 0x3c,
    0x4a, 0x34, 0x4b, 0x34, 0x2a, 0x34, 0x4a, 0x34, 0x4a, 0x34, 0x4b, 0x34,
    0x0a, 0x34, 0xe9, 0x2b, 0xc9, 0x2b, 0xc9, 0x2b, 0xca, 0x2b, 0xca, 0x2b,
    0xc9, 0x2b, 0xca, 0x23, 0xa9, 0x23, 0xa9, 0x2b, 0xca, 0x2b, 0xaa, 0x23,
    0xa9, 0x23, 0xa9, 0x2b, 0xa9, 0x23, 0xa9, 0x23, 0xc7, 0x2b, 0xc7, 0x2b,
    0xa8, 0x2b, 0x69, 0x23, 0x88, 0x2b, 0x88, 0x2b, 0x69, 0x23, 0x68, 0x2b,
    0x68, 0x23, 0x07, 0x3b, 0x04, 0x72, 0x03, 0x72, 0x03, 0x72, 0x04, 0x72,
    0x04, 0x72, 0x03, 0x7a, 0x23, 0x7a, 0x24, 0x7a, 0x04, 0x72, 0x03, 0x72,
    0x24, 0x82, 0xa4, 0x92, 0xc4, 0x9a, 0xc4, 0x9a, 0xc4, 0x9a, 0xc4, 0x9a,
    0xe3, 0x69, 0xe4, 0x69, 0xe3, 0x69, 0x03, 0x6a, 0x04, 0x72, 0x03, 0x72,
    0x04, 0x72, 0x03, 0x72, 0x04, 0x72, 0x03, 0x72, 0x04, 0x72, 0x03, 0x72,
    0x04, 0x72, 0x04, 0x72, 0x04, 0x72, 0x04, 0x72, 0x04, 0x72, 0x04, 0x72,
    0x04, 0x6a, 0x04, 0x72, 0x04, 0x6a, 0x04, 0x6a, 0x04, 0x6a, 0x04, 0x6a,
    0x04, 0x72, 0x05, 0x72, 0x04, 0x6a, 0x04, 0x6a, 0x05, 0x72, 0x44, 0x7a,
    0x85, 0x82, 0x85, 0x82, 0x85, 0x8a, 0x85, 0x82, 0x85, 0x82, 0xa5, 0x8a,
    0xa5, 0x82, 0xa5, 0x8a, 0x84, 0x8a, 0x85, 0x8a, 0xa5, 0x7a, 0x27, 0x63,
    0xa9, 0x43, 0xea, 0x33, 0xe9, 0x33, 0xca, 0x33, 0xca, 0x33, 0xca, 0x33,
    0xca, 0x33, 0xc9, 0x33, 0xea, 0x33, 0xca, 0x33, 0xca, 0x33, 0xea, 0x33,
    0xca, 0x33, 0xe9, 0x33, 0xea, 0x33, 0xea, 0x33, 0xea, 0x33, 0xea, 0x33,
    0x0b, 0x34, 0xaf, 0x3c, 0x34, 0x45, 0x55, 0x45, 0x56, 0x45, 0x56, 0x45,
    0x55, 0x45, 0x55, 0x45, 0x35, 0x45, 0x35, 0x45, 0x35, 0x3d, 0x35, 0x3d,
    0x35, 0x45, 0x35, 0x45, 0x35, 0x45, 0x35, 0x3d, 0x35, 0x3d, 0xd1, 0x54,
    0x83, 0xdc, 0xa0, 0xfc, 0xc0, 0xfc, 0xe0, 0xfc, 0xe0, 0xfc, 0xc0, 0xfc,
    0x00, 0xd4, 0x40, 0xdc, 0x20, 0xfd, 0xe0, 0xfc, 0x20, 0xfd, 0x40, 0xfd,
    0x60, 0xfd, 0x60, 0xfd, 0x60, 0xfd, 0x80, 0xfd, 0x80, 0xfd, 0x80, 0xfd,
    0x80, 0xfd, 0x80, 0xfd, 0xa0, 0xfd, 0xa0, 0xfd, 0xa0, 0xfd, 0xc0, 0xfd,
    0xc0, 0xfd, 0xa0, 0xfd, 0xa0, 0xfd, 0xc0, 0xfd, 0xc0, 0xfd, 0xa0, 0xfd,
    0xc0, 0xfd, 0xa0, 0xfd, 0xa0, 0xfd, 0xa0, 0xfd, 0x80, 0xfd, 0x80, 0xfd,
    0x60, 0xfd, 0x40, 0xfd, 0x40, 0xfd, 0x60, 0xfd, 0x60, 0xfd, 0x60, 0xfd,
    0x60, 0xfd, 0x40, 0xfd, 0x20, 0xfd, 0x20, 0xfd, 0x20, 0xfd, 0x00, 0xfd,
    0xe0, 0xfc, 0xa0, 0xfc, 0x41, 0xf4, 0x2d, 0xe5, 0x76, 0xee, 0xb6, 0xf6,
    0xd7, 0xf6, 0x76, 0xde, 0x0f, 0x42, 0x94, 0x29, 0x2d, 0x21, 0x83, 0x10,
    0x84, 0x10, 0x84, 0x18, 0x83, 0x18, 0x84, 0x10, 0x84, 0x18, 0x83, 0x18,
    0xc7, 0x18, 0x72, 0x29, 0x8e, 0x31, 0x95, 0xbd, 0x12, 0xbd, 0xa3, 0xc2,
    0x80, 0xf3, 0xe0, 0xf3, 0x40, 0xf4, 0x40, 0xfc, 0x60, 0xf4, 0x60, 0xfc,
    0x40, 0xf4, 0x20, 0xf4, 0x00, 0xf4, 0xe0, 0xf3, 0xc0, 0xf3, 0x80, 0xeb,
    0x20, 0xeb, 0xe0, 0xe2, 0xe0, 0xe2, 0xc0, 0xe2, 0xa0, 0xda, 0x80, 0xda,
    0x01, 0xca, 0xa3, 0x98, 0xa3, 0xa0, 0xc3, 0xa8, 0xe4, 0xa8, 0xe4, 0xb0,
    0x26, 0xa9, 0x93, 0x5c, 0x56, 0x45, 0x56, 0x45, 0x56, 0x4d, 0x56, 0x45,
    0x56, 0x45, 0x76, 0x45, 0x55, 0x4d, 0x34, 0x45, 0xae, 0x3c, 0x6b, 0x34,
    0x4b, 0x34, 0x4b, 0x34, 0x4a, 0x34, 0x4a, 0x34, 0x6b, 0x34, 0x4b, 0x34,
    0x4a, 0x34, 0x4b, 0x34, 0x4a, 0x34, 0x4b, 0x34, 0x4a, 0x34, 0x2a, 0x34,
    0xea, 0x2b, 0xc9, 0x2b, 0xc9, 0x2b, 0xca, 0x2b, 0xc9, 0x2b, 0xa9, 0x2b,
    0xa9, 0x23, 0xaa, 0x2b, 0xa9, 0x2b, 0xc9, 0x23, 0xa9, 0x23, 0xa9, 0x2b,
    0xa9, 0x2b, 0xa9, 0x23, 0xa9, 0x2b, 0x05, 0x3c, 0x22, 0x4c, 0x22, 0x4c,
    0x22, 0x44, 0xe4, 0x3b, 0xa7, 0x2b, 0x68, 0x23, 0x88, 0x2b, 0x68, 0x2b,
    0x68, 0x2b, 0xe7, 0x3a, 0x03, 0x72, 0x04, 0x72, 0x03, 0x72, 0x03, 0x72,
    0x04, 0x72, 0x03, 0x72, 0x04, 0x72, 0x03, 0x72, 0x03, 0x72, 0xe3, 0x71,
    0x44, 0x82, 0xa4, 0x92, 0xc4, 0x9a, 0xc4, 0x9a, 0xc4, 0x9a, 0xc4, 0x9a,
    0xe3, 0x69, 0xe4, 0x69, 0x04, 0x6a, 0x04, 0x72, 0xe3, 0x69, 0x03, 0x72,
    0x04, 0x72, 0x04, 0x72, 0x03, 0x72, 0x04, 0x72, 0x04, 0x72, 0x03, 0x72,
    0x04, 0x72, 0x04, 0x72, 0x04, 0x72, 0x04, 0x6a, 0x03, 0x6a, 0xe4, 0x69,
    0x04, 0x72, 0x04, 0x72, 0x04, 0x72, 0x04, 0x6a, 0x04, 0x6a, 0x04, 0x6a,
    0x05, 0x6a, 0x04, 0x6a, 0x04, 0x6a, 0x04, 0x72, 0x45, 0x7a, 0x85, 0x82,
    0xa5, 0x8a, 0x85, 0x8a, 0x84, 0x82, 0x84, 0x8a, 0x85, 0x8a, 0xa5, 0x8a,
    0x84, 0x8a, 0x85, 0x8a, 0x85, 0x8a, 0x85, 0x8a, 0x85, 0x8a, 0xa5, 0x8a,
    0x85, 0x8a, 0xe6, 0x6a, 0xa9, 0x43, 0xc9, 0x33, 0xc9, 0x33, 0xc9, 0x33,
    0xca, 0x33, 0xc9, 0x33, 0xca, 0x33, 0xc9, 0x33, 0xc9, 0x33, 0xc9, 0x33,
    0xe9, 0x33, 0xca, 0x33, 0xc9, 0x33, 0xea, 0x33, 0xea, 0x33, 0x0a, 0x34,
    0x0a, 0x34, 0x4d, 0x3c, 0x12, 0x45, 0x54, 0x45, 0x55, 0x45, 0x55, 0x45,
    0x34, 0x45, 0x34, 0x45, 0x35, 0x45, 0x35, 0x3d, 0x35, 0x3d, 0x35, 0x45,
    0x35, 0x3d, 0x35, 0x45, 0x35, 0x3d, 0x14, 0x3d, 0x14, 0x3d, 0x89, 0xa4,
    0x60, 0xfc, 0x80, 0xfc, 0xc0, 0xfc, 0xe0, 0xfc, 0xe0, 0xfc, 0xa0, 0xd3,
    0x40, 0x79, 0x60, 0x79, 0x01, 0xd4, 0x20, 0xfd, 0x00, 0xfd, 0x40, 0xfd,
    0x60, 0xfd, 0x60, 0xfd, 0x60, 0xfd, 0x80, 0xfd, 0x80, 0xfd, 0x80, 0xfd,
    0x80, 0xfd, 0xa0, 0xfd, 0xa0, 0xfd, 0xa0, 0xfd, 0xa0, 0xfd, 0xc0, 0xfd,
    0xc0, 0xfd, 0xa0, 0xfd, 0xa0, 0xfd, 0xa0, 0xfd, 0xa0, 0xfd, 0xa0, 0xfd,
    0xa0, 0xfd, 0xa0, 0xfd, 0xa0, 0xfd, 0xa0, 0xfd, 0xa0, 0xfd, 0xa0, 0xfd,
    0x80, 0xfd, 0x60, 0xfd, 0x60, 0xfd, 0x60, 0xfd, 0x40, 0xfd, 0x40, 0xfd,
    0x60, 0xfd, 0x40, 0xfd, 0x40, 0xfd, 0x40, 0xfd, 0x20, 0xfd, 0x00, 0xfd,
    0xe0, 0xfc, 0xc0, 0xfc, 0x60, 0xfc, 0x87, 0xf4, 0x14, 0xe6, 0x75, 0xee,
    0xb6, 0xf6, 0xd7, 0xf6, 0xb1, 0x7b, 0x31, 0x21, 0xd5, 0x31, 0xc7, 0x18,
    0x84, 0x10, 0x84, 0x10, 0xa4, 0x18, 0x83, 0x10, 0x83, 0x10, 0xa6, 0x18,
    0xb3, 0x29, 0x30, 0x21, 0x72, 0x73, 0x17, 0xd6, 0xab, 0xab, 0xe1, 0xe2,
    0xa0, 0xf3, 0x00, 0xf4, 0x40, 0xf4, 0x40, 0xf4, 0x40, 0xfc, 0x40, 0xf4,
    0x20, 0xf4, 0x20, 0xf4, 0x00, 0xf4, 0xe0, 0xf3, 0xc0, 0xf3, 0x80, 0xeb,
    0x00, 0xeb, 0x00, 0xe3, 0xe0, 0xe2, 0xc0, 0xe2, 0xa0, 0xda, 0xa0, 0xda,
    0x21, 0xca, 0xa3, 0x98, 0xa3, 0xa0, 0xc3, 0xa0, 0xe4, 0xa8, 0xe4, 0xb0,
    0x2d, 0x73, 0x36, 0x45, 0x35, 0x4d, 0x55, 0x45, 0x55, 0x45, 0x55, 0x45,
    0x55, 0x45, 0x55, 0x45, 0x55, 0x45, 0x12, 0x45, 0x6d, 0x34, 0x4b, 0x34,
    0x4b, 0x34, 0x4a, 0x34, 0x4a, 0x34, 0x4b, 0x34, 0x4b, 0x34, 0x4a, 0x34,
    0x4b, 0x34, 0x2a, 0x34, 0x4b, 0x34, 0x4a, 0x34, 0x4b, 0x34, 0x0a, 0x34,
    0xea, 0x2b, 0xca, 0x2b, 0xa9, 0x2b, 0xaa, 0x2b, 0xc9, 0x2b, 0xa9, 0x23,
    0xca, 0x2b, 0xa9, 0x2b, 0xa9, 0x2b, 0xa9, 0x2b, 0xa9, 0x23, 0xa9, 0x2b,
    0xa9, 0x23, 0xa9, 0x2b, 0xe6, 0x33, 0x42, 0x44, 0x22, 0x4c, 0x22, 0x44,
    0x22, 0x44, 0x22, 0x4c, 0x02, 0x44, 0xc5, 0x33, 0x68, 0x23, 0x68, 0x23,
    0x68, 0x2b, 0xe6, 0x3a, 0x03, 0x72, 0x04, 0x72, 0x03, 0x72, 0x03, 0x7a,
    0x03, 0x7a, 0x04, 0x72, 0x03, 0x7a, 0x04, 0x72, 0xe3, 0x71, 0x03, 0x72,
    0x44, 0x82, 0x83, 0x8a, 0xa3, 0x92, 0xc4, 0x9a, 0xc4, 0x9a, 0xc4, 0x9a,
    0xe3, 0x4a, 0x23, 0x4b, 0x23, 0x43, 0x03, 0x4b, 0xc3, 0x52, 0x64, 0x62,
    0x04, 0x6a, 0x03, 0x6a, 0x03, 0x72, 0x04, 0x72, 0x03, 0x72, 0x04, 0x72,
    0x03, 0x6a, 0x04, 0x72, 0x04, 0x6a, 0x04, 0x72, 0x04, 0x6a, 0x04, 0x6a,
    0xe4, 0x69, 0x04, 0x6a, 0xe4, 0x69, 0x04, 0x6a, 0xe4, 0x69, 0x04, 0x6a,
    0x04, 0x6a, 0x04, 0x6a, 0x04, 0x72, 0x45, 0x7a, 0x85, 0x82, 0x84, 0x8a,
    0x85, 0x8a, 0x84, 0x82, 0x85, 0x8a, 0x84, 0x8a, 0x85, 0x8a, 0xa5, 0x8a,
    0xa4, 0x8a, 0x85, 0x8a, 0xa5, 0x8a, 0xa5, 0x8a, 0x84, 0x8a, 0xa5, 0x82,
    0xa5, 0x8a, 0x85, 0x8a, 0x85, 0x82, 0x07, 0x63, 0xa9, 0x3b, 0xca, 0x2b,
    0xc9, 0x33, 0xc9, 0x2b, 0xc9, 0x33, 0xc9, 0x33, 0xca, 0x33, 0xc9, 0x33,
    0xca, 0x33, 0xc9, 0x33, 0xc9, 0x33, 0xea, 0x33, 0xea, 0x33, 0xea, 0x33,
    0x0a, 0x34, 0x2b, 0x3c, 0x6e, 0x3c, 0xb0, 0x3c, 0xd0, 0x3c, 0xb0, 0x3c,
    0xb0, 0x3c, 0xd1, 0x3c, 0xf2, 0x44, 0x13, 0x45, 0x14, 0x3d, 0x14, 0x45,
    0x35, 0x3d, 0x14, 0x3d, 0x14, 0x3d, 0x14, 0x3d, 0xd1, 0x54, 0x43, 0xe4,
    0x80, 0xfc, 0xa0, 0xfc, 0xa0, 0xfc, 0xe0, 0xfc, 0xa0, 0xfc, 0xc0, 0xc2,
    0x00, 0xa2, 0xa0, 0x91, 0xa0, 0xaa, 0x40, 0xfd, 0x40, 0xfd, 0x60, 0xfd,
    0x60, 0xfd, 0x80, 0xfd, 0x80, 0xfd, 0x80, 0xfd, 0xa0, 0xfd, 0xa0, 0xfd,
    0xa0, 0xfd, 0xa0, 0xfd, 0xa0, 0xfd, 0xc0, 0xfd, 0xc0, 0xfd, 0xc0, 0xfd,
    0xa0, 0xfd, 0xa0, 0xfd, 0x60, 0xfd, 0x40, 0xfd, 0x60, 0xfd, 0x60, 0xfd,
    0x80, 0xfd, 0x80, 0xfd, 0xa0, 0xfd, 0xa0, 0xfd, 0xa0, 0xfd, 0xa0, 0xfd,
    0x80, 0xfd, 0x80, 0xfd, 0x80, 0xfd, 0x60, 0xfd, 0x60, 0xfd, 0x60, 0xfd,
    0x60, 0xfd, 0x60, 0xfd, 0x60, 0xfd, 0x40, 0xfd, 0x20, 0xfd, 0x00, 0xfd,
    0x00, 0xfd, 0xe0, 0xfc, 0xa0, 0xfc, 0x42, 0xf4, 0x2e, 0xdd, 0x35, 0xde,
    0x95, 0xee, 0xb6, 0xf6, 0xd5, 0xcd, 0xae, 0x31, 0x93, 0x29, 0xf5, 0x31,
    0x2c, 0x21, 0x84, 0x10, 0x83, 0x10, 0xa5, 0x18, 0x2c, 0x21, 0xb4, 0x31,
    0x52, 0x29, 0x0f, 0x4a, 0xd5, 0xcd, 0x12, 0xbd, 0xc3, 0xca, 0x60, 0xeb,
    0xe0, 0xf3, 0x20, 0xf4, 0x40, 0xfc, 0x40, 0xf4, 0x40, 0xf4, 0x40, 0xfc,
    0x20, 0xf4, 0x00, 0xf4, 0x00, 0xf4, 0xe0, 0xf3, 0xa0, 0xf3, 0x60, 0xeb,
    0x20, 0xeb, 0xe0, 0xe2, 0xe0, 0xe2, 0xc0, 0xe2, 0xa0, 0xda, 0xa0, 0xda,
    0x40, 0xca, 0xc3, 0xa0, 0xc3, 0xa0, 0xc4, 0xa0, 0xc4, 0xa8, 0xe8, 0x91,
    0x14, 0x45, 0x35, 0x45, 0x35, 0x45, 0x56, 0x45, 0x35, 0x4d, 0x35, 0x45,
    0x55, 0x4d, 0x55, 0x45, 0x35, 0x45, 0xf2, 0x3c, 0x6c, 0x34, 0x4b, 0x34,
    0x4b, 0x34, 0x4b, 0x34, 0x4a, 0x34, 0x4b, 0x34, 0x4a, 0x34, 0x4a, 0x34,
    0x4b, 0x34, 0x2a, 0x34, 0x2a, 0x34, 0x2a, 0x34, 0x2a, 0x34, 0x0a, 0x34,
    0xe9, 0x2b, 0xc9, 0x2b, 0xca, 0x2b, 0xc9, 0x2b, 0xa9, 0x2b, 0xc9, 0x2b,
    0xc9, 0x2b, 0xc9, 0x23, 0xc9, 0x2b, 0xa9, 0x2b, 0xa9, 0x2b, 0xa9, 0x23,
    0xa9, 0x23, 0xa8, 0x2b, 0x23, 0x44, 0x22, 0x4c, 0x22, 0x4c, 0x21, 0x44,
    0x21, 0x4c, 0x22, 0x4c, 0x01, 0x4c, 0x02, 0x44, 0xa4, 0x33, 0x67, 0x2b,
    0x68, 0x2b, 0xe6, 0x42, 0x03, 0x72, 0x03, 0x72, 0x04, 0x72, 0x03, 0x72,
    0x04, 0x72, 0x03, 0x72, 0x03, 0x7a, 0x04, 0x72, 0xe3, 0x71, 0x04, 0x7a,
    0x44, 0x82, 0x63, 0x8a, 0x64, 0x8a, 0xa3, 0x92, 0xc4, 0x9a, 0xc4, 0x9a,
    0x63, 0x3b, 0x82, 0x3b, 0x83, 0x43, 0x83, 0x3b, 0x82, 0x3b, 0x83, 0x3b,
    0x43, 0x43, 0x43, 0x62, 0x04, 0x72, 0x04, 0x72, 0x04, 0x72, 0x03, 0x6a,
    0x04, 0x72, 0x04, 0x6a, 0xe4, 0x71, 0x04, 0x72, 0x04, 0x6a, 0xe4, 0x69,
    0x04, 0x72, 0x04, 0x6a, 0x04, 0x6a, 0x04, 0x72, 0x05, 0x6a, 0xe4, 0x71,
    0x04, 0x72, 0x24, 0x72, 0x65, 0x82, 0x85, 0x82, 0x84, 0x8a, 0x84, 0x8a,
    0x84, 0x82, 0xa5, 0x8a, 0x85, 0x8a, 0x85, 0x8a, 0xa4, 0x82, 0xa5, 0x8a,
    0x85, 0x8a, 0xa4, 0x8a, 0x84, 0x8a, 0x85, 0x8a, 0x84, 0x82, 0x85, 0x8a,
    0x85, 0x8a, 0x85, 0x82, 0xa5, 0x82, 0x85, 0x82, 0xa5, 0x7a, 0x68, 0x4b,
    0xca, 0x33, 0xca, 0x33, 0xca, 0x33, 0xc9, 0x2b, 0xca, 0x33, 0xc9, 0x33,
    0xca, 0x33, 0xca, 0x33, 0xea, 0x33, 0xc9, 0x33, 0xe9, 0x33, 0xea, 0x33,
    0xea, 0x33, 0x0a, 0x34, 0x0b, 0x3c, 0x2b, 0x3c, 0x4c, 0x34, 0x4c, 0x34,
    0x4b, 0x34, 0x4c, 0x3c, 0x6d, 0x3c, 0xb0, 0x3c, 0xf3, 0x3c, 0x13, 0x45,
    0x14, 0x3d, 0x14, 0x3d, 0xf3, 0x44, 0xf4, 0x3c, 0x6a, 0x94, 0x60, 0xfc,
    0x80, 0xfc, 0xa0, 0xfc, 0xc0, 0xfc, 0xe0, 0xfc, 0x60, 0xf4, 0x00, 0xdb,
    0xc0, 0xca, 0x40, 0xba, 0x60, 0xb2, 0x00, 0xf5, 0x40, 0xfd, 0x60, 0xfd,
    0x60, 0xfd, 0x80, 0xfd, 0xa0, 0xfd, 0x80, 0xfd, 0xa0, 0xfd, 0xa0, 0xfd,
    0xa0, 0xfd, 0xa0, 0xfd, 0xc0, 0xfd, 0xc0, 0xfd, 0xc0, 0xfd, 0xa0, 0xfd,
    0x80, 0xfd, 0x20, 0xfd, 0x20, 0xfd, 0x20, 0xfd, 0x20, 0xfd, 0x20, 0xfd,
    0x20, 0xfd, 0x00, 0xfd, 0x40, 0xfd, 0x80, 0xfd, 0xa0, 0xfd, 0xa0, 0xfd,
    0xa0, 0xfd, 0x80, 0xfd, 0x80, 0xfd, 0x80, 0xfd, 0x80, 0xfd, 0x60, 0xfd,
    0x60, 0xfd, 0x60, 0xfd, 0x40, 0xfd, 0x40, 0xfd, 0x40, 0xfd, 0x20, 0xfd,
    0x00, 0xfd, 0x00, 0xfd, 0xc0, 0xfc, 0xa0, 0xfc, 0x43, 0xf4, 0x50, 0xdd,
    0x15, 0xde, 0x75, 0xee, 0xb6, 0xee, 0xb3, 0xa4, 0x2e, 0x21, 0x71, 0x21,
    0xf5, 0x31, 0x17, 0x32, 0xd6, 0x31, 0xd6, 0x31, 0xb5, 0x29, 0x51, 0x21,
    0xcf, 0x39, 0xf3, 0xb4, 0xcf, 0xcc, 0x25, 0xd3, 0x20, 0xeb, 0xc0, 0xf3,
    0x20, 0xf4, 0x40, 0xfc, 0x40, 0xfc, 0x20, 0xf4, 0x20, 0xf4, 0x20, 0xf4,
    0x20, 0xfc, 0x20, 0xf4, 0x00, 0xf4, 0xe0, 0xf3, 0xa0, 0xf3, 0x80, 0xeb,
    0x00, 0xeb, 0xe0, 0xe2, 0xe0, 0xe2, 0xc0, 0xe2, 0xa0, 0xda, 0xa0, 0xda,
    0x41, 0xd2, 0xe3, 0x98, 0xc3, 0xa0, 0xa3, 0xa0, 0x05, 0xa1, 0x10, 0x64,
    0x35, 0x45, 0x35, 0x45, 0x35, 0x45, 0x35, 0x45, 0x36, 0x45, 0x35, 0x45,
    0x35, 0x45, 0x35, 0x45, 0x35, 0x45, 0xf2, 0x3c, 0x6d, 0x3c, 0x4b, 0x34,
    0x4b, 0x34, 0x4a, 0x34, 0x4b, 0x34, 0x4b, 0x34, 0x4a, 0x34, 0x4b, 0x34,
    0x4a, 0x34, 0x4b, 0x34, 0x2a, 0x34, 0x2b, 0x34, 0x2a, 0x34, 0x0a, 0x34,
    0xea, 0x2b, 0xc9, 0x2b, 0xc9, 0x2b, 0xc9, 0x2b, 0xa9, 0x2b, 0xa9, 0x2b,
    0xa9, 0x23, 0xa9, 0x2b, 0xc9, 0x23, 0xc9, 0x23, 0xa9, 0x2b, 0xa9, 0x2b,
    0xa9, 0x23, 0xc7, 0x33, 0x22, 0x44, 0x42, 0x4c, 0x22, 0x44, 0x22, 0x4c,
    0x22, 0x4c, 0x01, 0x44, 0x02, 0x44, 0x02, 0x44, 0x01, 0x44, 0xa4, 0x33,
    0x87, 0x23, 0xe6, 0x42, 0xe3, 0x71, 0x03, 0x72, 0x04, 0x72, 0x03, 0x72,
    0x03, 0x72, 0x04, 0x72, 0x04, 0x72, 0xe3, 0x71, 0xe3, 0x71, 0x24, 0x7a,
    0x44, 0x82, 0x44, 0x8a, 0x64, 0x8a, 0x63, 0x8a, 0xa4, 0x9a, 0xc4, 0x9a,
    0x62, 0x3b, 0x63, 0x3b, 0x63, 0x3b, 0x63, 0x43, 0x63, 0x3b, 0x63, 0x43,
    0x83, 0x3b, 0x03, 0x4b, 0x04, 0x6a, 0x03, 0x6a, 0xe3, 0x69, 0xe4, 0x69,
    0x04, 0x6a, 0x03, 0x72, 0xe4, 0x69, 0x03, 0x6a, 0x04, 0x72, 0xe3, 0x69,
    0xe4, 0x69, 0x04, 0x6a, 0x04, 0x6a, 0xe4, 0x69, 0xe4, 0x69, 0x04, 0x6a,
    0x04, 0x72, 0x65, 0x7a, 0x85, 0x82, 0x84, 0x8a, 0x84, 0x82, 0x85, 0x8a,
    0x85, 0x8a, 0x84, 0x82, 0x84, 0x8a, 0x84, 0x8a, 0x84, 0x8a, 0x85, 0x82,
    0xa5, 0x8a, 0x84, 0x8a, 0x85, 0x8a, 0x85, 0x8a, 0x85, 0x82, 0xa4, 0x8a,
    0xa5, 0x8a, 0x85, 0x8a, 0x84, 0x82, 0xa5, 0x82, 0x85, 0x82, 0x85, 0x82,
    0x27, 0x53, 0xc9, 0x2b, 0xca, 0x33, 0xc9, 0x33, 0xc9, 0x33, 0xc9, 0x2b,
    0xca, 0x33, 0xe9, 0x33, 0xc9, 0x33, 0xea, 0x33, 0xea, 0x33, 0xea, 0x33,
    0xea, 0x33, 0x0a, 0x34, 0x0a, 0x34, 0x2a, 0x3c, 0x2b, 0x3c, 0x2b, 0x3c,
    0x2b, 0x34, 0x4b, 0x34, 0x4b, 0x3c, 0x6d, 0x3c, 0xd0, 0x3c, 0xf2, 0x44,
    0x13, 0x3d, 0xf3, 0x3c, 0xf3, 0x3c, 0xd2, 0x44, 0x45, 0xc4, 0x80, 0xfc,
    0x80, 0xfc, 0xa0, 0xfc, 0xc0, 0xfc, 0xe0, 0xfc, 0x60, 0xfc, 0x80, 0xf3,
    0x60, 0xeb, 0x20, 0xe3, 0xe1, 0xd2, 0x00, 0xf5, 0x20, 0xfd, 0x60, 0xfd,
    0x60, 0xfd, 0x80, 0xfd, 0x80, 0xfd, 0xa0, 0xfd, 0x80, 0xfd, 0xa0, 0xfd,
    0xa0, 0xfd, 0xa0, 0xfd, 0xc0, 0xfd, 0xc0, 0xfd, 0xa0, 0xfd, 0xa0, 0xfd,
    0x80, 0xfd, 0x60, 0xfd, 0x40, 0xfd, 0x80, 0xfd, 0xa0, 0xfd, 0xa0, 0xfd,
    0xa0, 0xfd, 0x60, 0xfd, 0x20, 0xfd, 0x00, 0xfd, 0x80, 0xfd, 0xa0, 0xfd,
    0x80, 0xfd, 0xa0, 0xfd, 0x80, 0xfd, 0x80, 0xfd, 0x80, 0xfd, 0x80, 0xfd,
    0x80, 0xfd, 0x60, 0xfd, 0x40, 0xfd, 0x40, 0xfd, 0x40, 0xfd, 0x20, 0xfd,
    0x00, 0xfd, 0x00, 0xfd, 0xe0, 0xfc, 0xc0, 0xfc, 0xa0, 0xfc, 0x63, 0xf4,
    0xed, 0xdc, 0xf4, 0xcd, 0x55, 0xe6, 0x75, 0xee, 0xb2, 0xa4, 0x4d, 0x29,
    0xef, 0x18, 0x32, 0x21, 0x52, 0x21, 0x12, 0x19, 0xf1, 0x18, 0x4c, 0x62,
    0x47, 0xdc, 0x42, 0xf4, 0x81, 0xf4, 0xa0, 0xfc, 0x80, 0xfc, 0x60, 0xfc,
    0x60, 0xf4, 0x60, 0xf4, 0x60, 0xfc, 0x40, 0xfc, 0x20, 0xf4, 0x20, 0xfc,
    0x00, 0xf4, 0x00, 0xf4, 0x00, 0xf4, 0xe0, 0xf3, 0xa0, 0xeb, 0x80, 0xeb,
    0x20, 0xeb, 0x00, 0xe3, 0xe0, 0xe2, 0xc0, 0xe2, 0xc0, 0xe2, 0xa0, 0xda,
    0x61, 0xd2, 0xe2, 0xa0, 0xa3, 0x98, 0xa3, 0xa0, 0x8a, 0x7a, 0x35, 0x45,
    0x14, 0x45, 0x14, 0x45, 0x35, 0x45, 0x35, 0x45, 0x35, 0x45, 0x35, 0x45,
    0x35, 0x45, 0x35, 0x45, 0x14, 0x45, 0xf2, 0x3c, 0x6d, 0x34, 0x4b, 0x34,
    0x4a, 0x34, 0x4a, 0x34, 0x2a, 0x34, 0x4b, 0x34, 0x2a, 0x34, 0x2a, 0x34,
    0x4a, 0x34, 0x2a, 0x34, 0x2a, 0x34, 0x2a, 0x34, 0x0a, 0x2c, 0x0a, 0x2c,
    0xea, 0x2b, 0xea, 0x2b, 0xc9, 0x2b, 0xca, 0x2b, 0xc9, 0x23, 0xc9, 0x2b,
    0xc9, 0x23, 0xc8, 0x2b, 0xc8, 0x2b, 0xa9, 0x2b, 0xa9, 0x2b, 0xa9, 0x2b,
    0xa9, 0x2b, 0x05, 0x34, 0x42, 0x4c, 0x22, 0x4c, 0x21, 0x44, 0x01, 0x44,
    0x02, 0x4c, 0x01, 0x44, 0x01, 0x44, 0x02, 0x4c, 0x02, 0x44, 0xe2, 0x43,
    0x84, 0x33, 0xe5, 0x42, 0x03, 0x72, 0x04, 0x72, 0x03, 0x72, 0x03, 0x72,
    0x03, 0x7a, 0x04, 0x72, 0x03, 0x72, 0xe3, 0x71, 0x03, 0x72, 0x43, 0x82,
    0x44, 0x82, 0x43, 0x82, 0x63, 0x8a, 0x64, 0x8a, 0x83, 0x8a, 0x83, 0x92,
    0x82, 0x3b, 0x62, 0x3b, 0x62, 0x3b, 0x63, 0x3b, 0x63, 0x43, 0x62, 0x3b,
    0x82, 0x3b, 0xa3, 0x5a, 0x03, 0x72, 0x04, 0x6a, 0x04, 0x72, 0x04, 0x6a,
    0x04, 0x6a, 0x03, 0x6a, 0x04, 0x6a, 0x04, 0x6a, 0x04, 0x6a, 0xe4, 0x69,
    0x04, 0x6a, 0xe4, 0x69, 0xe4, 0x69, 0x04, 0x6a, 0x04, 0x6a, 0x04, 0x72,
    0x44, 0x7a, 0x85, 0x82, 0x84, 0x8a, 0x84, 0x8a, 0x85, 0x8a, 0xa5, 0x8a,
    0x85, 0x82, 0xa5, 0x8a, 0x85, 0x82, 0x85, 0x8a, 0xa4, 0x8a, 0xa5, 0x8a,
    0xa5, 0x8a, 0x84, 0x8a, 0xa5, 0x8a, 0x85, 0x8a, 0x84, 0x8a, 0xa5, 0x8a,
    0x85, 0x8a, 0x85, 0x8a, 0x85, 0x8a, 0x85, 0x82, 0x85, 0x82, 0x85, 0x82,
    0x65, 0x7a, 0x07, 0x53, 0xc9, 0x33, 0xca, 0x33, 0xc9, 0x33, 0xc9, 0x2b,
    0xc9, 0x33, 0xca, 0x33, 0xe9, 0x2b, 0xca, 0x33, 0xc9, 0x33, 0xea, 0x33,
    0xea, 0x33, 0xea, 0x33, 0x0a, 0x34, 0xea, 0x33, 0x0a, 0x34, 0x2a, 0x34,
    0x2b, 0x3c, 0x2b, 0x34, 0x2b, 0x34, 0x4c, 0x3c, 0x8d, 0x3c, 0xb0, 0x3c,
    0xf2, 0x44, 0xf2, 0x44, 0xf3, 0x3c, 0x8f, 0x64, 0x42, 0xec, 0x60, 0xfc,
    0xa0, 0xfc, 0xc0, 0xfc, 0xe0, 0xfc, 0x00, 0xfd, 0xc0, 0xfc, 0xe0, 0xfb,
    0x00, 0xfc, 0xc0, 0xf3, 0x20, 0xf4, 0x20, 0xfd, 0x40, 0xfd, 0x60, 0xfd,
    0x80, 0xfd, 0x80, 0xfd, 0x80, 0xfd, 0xa0, 0xfd, 0xa0, 0xfd, 0xa0, 0xfd,
    0xa0, 0xfd, 0xc0, 0xfd, 0xa0, 0xfd, 0xa0, 0xfd, 0xc0, 0xfd, 0xa0, 0xfd,
    0x80, 0xfd, 0x20, 0xfd, 0x20, 0xfd, 0x40, 0xdc, 0xc0, 0xaa, 0x60, 0x9a,
    0x40, 0xbb, 0x00, 0xed, 0x60, 0xfd, 0x20, 0xfd, 0x40, 0xfd, 0xa0, 0xfd,
    0xa0, 0xfd, 0x80, 0xfd, 0x80, 0xfd, 0xa0, 0xfd, 0x80, 0xfd, 0x80, 0xfd,
    0x80, 0xfd, 0x60, 0xfd, 0x60, 0xfd, 0x40, 0xfd, 0x40, 0xfd, 0x20, 0xfd,
    0x20, 0xfd, 0x00, 0xfd, 0x00, 0xfd, 0xe0, 0xfc, 0xc0, 0xfc, 0xa0, 0xfc,
    0x60, 0xfc, 0x45, 0xec, 0xed, 0xdc, 0x70, 0xdd, 0xb1, 0xdd, 0x31, 0xcd,
    0xcc, 0x7a, 0xa9, 0x59, 0xc8, 0x69, 0xc6, 0x92, 0xe2, 0xd3, 0xa0, 0xfc,
    0xc0, 0xfc, 0x20, 0xfd, 0x20, 0xfd, 0x20, 0xfd, 0x20, 0xfd, 0x20, 0xfd,
    0x00, 0xfd, 0xe0, 0xfc, 0xc0, 0xfc, 0xa0, 0xfc, 0x80, 0xfc, 0x40, 0xf4,
    0x20, 0xfc, 0x00, 0xf4, 0x00, 0xf4, 0xc0, 0xf3, 0xa0, 0xf3, 0x80, 0xeb,
    0x40, 0xeb, 0x00, 0xe3, 0xe0, 0xe2, 0xc0, 0xe2, 0xc0, 0xe2, 0xa0, 0xda,
    0x60, 0xd2, 0x02, 0xa1, 0xc3, 0x98, 0xe3, 0xa0, 0x45, 0xa1, 0x10, 0x5c,
    0x14, 0x3d, 0xf4, 0x3c, 0x15, 0x45, 0x35, 0x45, 0x14, 0x45, 0x14, 0x45,
    0x14, 0x45, 0x14, 0x45, 0x14, 0x3d, 0xf2, 0x3c, 0x8e, 0x34, 0x4c, 0x34,
    0x4b, 0x34, 0x2a, 0x34, 0x4a, 0x34, 0x4b, 0x34, 0x2a, 0x34, 0x4b, 0x34,
    0x2a, 0x34, 0x2a, 0x34, 0x2a, 0x2c, 0x0a, 0x2c, 0x0a, 0x34, 0xea, 0x2b,
    0xe9, 0x2b, 0xea, 0x2b, 0xc9, 0x2b, 0xc9, 0x2b, 0xc9, 0x2b, 0xc9, 0x2b,
    0x05, 0x3c, 0x43, 0x44, 0x42, 0x44, 0x24, 0x3c, 0xe6, 0x33, 0xa8, 0x2b,
    0xa8, 0x23, 0x04, 0x3c, 0x42, 0x4c, 0x22, 0x4c, 0x22, 0x4c, 0x21, 0x4c,
    0x01, 0x44, 0x02, 0x4c, 0x01, 0x4c, 0xe1, 0x43, 0xe1, 0x4b, 0xc1, 0x43,
    0xa2, 0x43, 0xe3, 0x4a, 0xe3, 0x71, 0x03, 0x72, 0x04, 0x72, 0x04, 0x72,
    0xe3, 0x71, 0xe3, 0x71, 0x04, 0x72, 0xe3, 0x71, 0x04, 0x7a, 0x44, 0x82,
    0x43, 0x82, 0x64, 0x8a, 0x63, 0x8a, 0x64, 0x8a, 0x64, 0x8a, 0x63, 0x8a,
    0x63, 0x3b, 0x62, 0x3b, 0x62, 0x3b, 0x63, 0x3b, 0x62, 0x43, 0x62, 0x3b,
    0xe3, 0x4a, 0x04, 0x6a, 0x04, 0x72, 0x04, 0x6a, 0x03, 0x72, 0x03, 0x72,
    0xe4, 0x69, 0xe4, 0x69, 0xe4, 0x71, 0xe4, 0x69, 0xe3, 0x69, 0x04, 0x72,
    0x04, 0x6a, 0xe4, 0x69, 0x04, 0x72, 0xe4, 0x69, 0xe4, 0x69, 0x44, 0x7a,
    0x85, 0x82, 0x85, 0x8a, 0x85, 0x8a, 0x84, 0x8a, 0x85, 0x82, 0xa4, 0x8a,
    0x84, 0x8a, 0xa4, 0x8a, 0xa5, 0x8a, 0x85, 0x8a, 0xa4, 0x8a, 0x85, 0x8a,
    0x85, 0x8a, 0xa4, 0x8a, 0x84, 0x82, 0xa5, 0x8a, 0xa4, 0x8a, 0x85, 0x82,
    0x84, 0x8a, 0x85, 0x82, 0x84, 0x82, 0x85, 0x8a, 0x85, 0x82, 0x85, 0x82,
    0x65, 0x7a, 0x45, 0x7a, 0x07, 0x53, 0xc9, 0x33, 0xca, 0x33, 0xca, 0x2b,
    0xc9, 0x33, 0xca, 0x33, 0xc9, 0x33, 0xea, 0x33, 0xca, 0x33, 0xe9, 0x33,
    0xca, 0x33, 0xea, 0x33, 0xea, 0x33, 0xea, 0x33, 0xea, 0x33, 0xea, 0x33,
    0x2a, 0x34, 0x2a, 0x3c, 0x2b, 0x34, 0x4b, 0x34, 0x4b, 0x3c, 0x6c, 0x34,
    0x6d, 0x3c, 0x8e, 0x3c, 0xb1, 0x34, 0x4a, 0x84, 0x20, 0xf4, 0x60, 0xf4,
    0x80, 0xfc, 0xc0, 0xfc, 0xc0, 0xfc, 0xe0, 0xfc, 0x00, 0xfd, 0x60, 0xfc,
    0x40, 0xfc, 0x40, 0xfc, 0x00, 0xfd, 0x40, 0xfd, 0x40, 0xfd, 0x80, 0xfd,
    0x80, 0xfd, 0x80, 0xfd, 0xa0, 0xfd, 0xa0, 0xfd, 0xa0, 0xfd, 0xa0, 0xfd,
    0xa0, 0xfd, 0xc0, 0xfd, 0xc0, 0xfd, 0xa0, 0xfd, 0xc0, 0xfd, 0x80, 0xfd,
    0x20, 0xfd, 0x20, 0xfd, 0x80, 0xcb, 0x40, 0x79, 0x40, 0x79, 0x40, 0x79,
    0x20, 0x71, 0x00, 0x8a, 0x00, 0xf5, 0x60, 0xfd, 0x20, 0xfd, 0x60, 0xfd,
    0x80, 0xfd, 0x80, 0xfd, 0x80, 0xfd, 0x80, 0xfd, 0x80, 0xfd, 0x80, 0xfd,
    0x80, 0xfd, 0x60, 0xfd, 0x40, 0xfd, 0x40, 0xfd, 0x20, 0xfd, 0x20, 0xfd,
    0x20, 0xfd, 0x00, 0xfd, 0x00, 0xfd, 0xe0, 0xfc, 0xe0, 0xfc, 0xc0, 0xfc,
    0xc0, 0xfc, 0xc0, 0xfc, 0xa1, 0xfc, 0x81, 0xfc, 0x61, 0xfc, 0x81, 0xf4,
    0x81, 0xfc, 0xa0, 0xfc, 0xa0, 0xfc, 0xe0, 0xfc, 0x00, 0xfd, 0x20, 0xfd,
    0x40, 0xfd, 0x40, 0xfd, 0x40, 0xfd, 0x60, 0xfd, 0x40, 0xfd, 0x40, 0xfd,
    0x40, 0xfd, 0x20, 0xfd, 0x20, 0xfd, 0xe0, 0xfc, 0xa0, 0xfc, 0x80, 0xfc,
    0x40, 0xf4, 0x20, 0xf4, 0x00, 0xf4, 0xc0, 0xf3, 0xa0, 0xf3, 0x80, 0xeb,
    0x40, 0xeb, 0x00, 0xeb, 0xe0, 0xe2, 0xc0, 0xe2, 0xc0, 0xe2, 0xa0, 0xda,
    0x60, 0xd2, 0xe2, 0xa0, 0xa3, 0xa0, 0xc3, 0xa8, 0x04, 0xb1, 0x45, 0xa9,
    0x10, 0x54, 0xf4, 0x3c, 0xf4, 0x3c, 0xf3, 0x3c, 0xf4, 0x3c, 0xf4, 0x3c,
    0xf3, 0x3c, 0xd3, 0x3c, 0xd2, 0x3c, 0xd2, 0x3c, 0xb0, 0x3c, 0x6c, 0x34,
    0x4b, 0x34, 0x2a, 0x34, 0x2a, 0x34, 0x2a, 0x34, 0x2b, 0x34, 0x2a, 0x2c,
    0x2a, 0x34, 0x0a, 0x34, 0x0a, 0x2c, 0x0a, 0x2c, 0xea, 0x33, 0xea, 0x2b,
    0xe9, 0x2b, 0xe9, 0x2b, 0xc9, 0x2b, 0xc9, 0x2b, 0xc9, 0x2b, 0x06, 0x3c,
    0x62, 0x4c, 0x42, 0x4c, 0x42, 0x44, 0x42, 0x44, 0x42, 0x44, 0x03, 0x3c,
    0xc6, 0x2b, 0xe3, 0x3b, 0x42, 0x4c, 0x21, 0x4c, 0x21, 0x4c, 0x02, 0x44,
    0x01, 0x4c, 0x01, 0x4c, 0xe2, 0x43, 0xe1, 0x43, 0xe1, 0x43, 0xc1, 0x43,
    0xa1, 0x43, 0x02, 0x53, 0xe3, 0x71, 0x03, 0x72, 0x03, 0x72, 0xe3, 0x71,
    0x04, 0x72, 0x03, 0x72, 0xe3, 0x71, 0xe3, 0x71, 0x23, 0x7a, 0x44, 0x82,
    0x44, 0x8a, 0x64, 0x8a, 0x63, 0x8a, 0x63, 0x8a, 0x64, 0x8a, 0x63, 0x8a,
    0x63, 0x3b, 0x43, 0x3b, 0x42, 0x3b, 0x43, 0x3b, 0x43, 0x3b, 0xe3, 0x42,
    0x03, 0x62, 0x03, 0x6a, 0xe4, 0x69, 0xe3, 0x69, 0xe3, 0x69, 0xe4, 0x69,
    0x03, 0x6a, 0x04, 0x6a, 0xe4, 0x69, 0x04, 0x6a, 0xe4, 0x69, 0x04, 0x6a,
    0xe4, 0x69, 0xe4, 0x69, 0x04, 0x6a, 0x04, 0x6a, 0x44, 0x7a, 0x65, 0x82,
    0x85, 0x82, 0x84, 0x82, 0x85, 0x8a, 0x85, 0x8a, 0xa5, 0x8a, 0x85, 0x8a,
    0x85, 0x8a, 0xa4, 0x8a, 0xa5, 0x8a, 0x85, 0x8a, 0xa5, 0x8a, 0xa5, 0x8a,
    0x85, 0x82, 0xa5, 0x8a, 0xa5, 0x8a, 0x85, 0x8a, 0xa5, 0x8a, 0x84, 0x8a,
    0x85, 0x8a, 0xa5, 0x8a, 0x84, 0x82, 0x85, 0x8a, 0x85, 0x82, 0x84, 0x82,
    0x64, 0x7a, 0x45, 0x72, 0x65, 0x6a, 0x68, 0x43, 0xea, 0x33, 0xc9, 0x33,
    0xc9, 0x2b, 0xc9, 0x33, 0xc9, 0x33, 0xc9, 0x2b, 0xea, 0x33, 0xc9, 0x33,
    0xe9, 0x33, 0xe9, 0x33, 0xe9, 0x33, 0xea, 0x33, 0x0a, 0x34, 0x0a, 0x34,
    0x0a, 0x34, 0x2a, 0x34, 0x2a, 0x3c, 0x4a, 0x34, 0x4b, 0x34, 0x4b, 0x3c,
    0x4c, 0x34, 0x6c, 0x3c, 0x6f, 0x3c, 0x06, 0xac, 0x20, 0xfc, 0x60, 0xfc,
    0x80, 0xfc, 0xc0, 0xfc, 0xe0, 0xfc, 0xe0, 0xfc, 0x00, 0xfd, 0xe0, 0xfc,
    0xa0, 0xfc, 0xe0, 0xfc, 0x20, 0xfd, 0x40, 0xfd, 0x60, 0xfd, 0x60, 0xfd,
    0x80, 0xfd, 0x80, 0xfd, 0xa0, 0xfd, 0xa0, 0xfd, 0xa0, 0xfd, 0xa0, 0xfd,
    0xc0, 0xfd, 0xc0, 0xfd, 0xa0, 0xfd, 0xc0, 0xfd, 0xa0, 0xfd, 0x80, 0xfd,
    0x40, 0xfd, 0xa0, 0xec, 0x20, 0xaa, 0xe0, 0xa1, 0xc0, 0x99, 0xa0, 0x89,
    0x80, 0x89, 0x80, 0x81, 0x00, 0xd4, 0x60, 0xfd, 0x20, 0xfd, 0x60, 0xfd,
    0x80, 0xfd, 0x80, 0xfd, 0xa0, 0xfd, 0x80, 0xfd, 0x80, 0xfd, 0x80, 0xfd,
    0x60, 0xfd, 0x60, 0xfd, 0x60, 0xfd, 0x40, 0xfd, 0x40, 0xfd, 0x40, 0xfd,
    0x20, 0xfd, 0x20, 0xfd, 0x00, 0xfd, 0x00, 0xfd, 0xe0, 0xfc, 0xe0, 0xfc,
    0xe0, 0xfc, 0xe0, 0xfc, 0xe0, 0xfc, 0xe0, 0xfc, 0x00, 0xfd, 0x00, 0xfd,
    0x00, 0xfd, 0x00, 0xfd, 0x20, 0xfd, 0x40, 0xfd, 0x40, 0xfd, 0x60, 0xfd,
    0x80, 0xfd, 0x80, 0xfd, 0x60, 0xfd, 0x80, 0xfd, 0x60, 0xfd, 0x60, 0xfd,
    0x40, 0xfd, 0x40, 0xfd, 0x20, 0xfd, 0x00, 0xfd, 0xe0, 0xfc, 0xa0, 0xfc,
    0x60, 0xfc, 0x20, 0xfc, 0x00, 0xf4, 0xc0, 0xf3, 0xa0, 0xf3, 0x80, 0xeb,
    0x60, 0xeb, 0x20, 0xeb, 0xe0, 0xe2, 0xc0, 0xe2, 0xc0, 0xe2, 0xa0, 0xda,
    0x61, 0xd2, 0xe2, 0xa0, 0xc3, 0xa0, 0xc3, 0xa8, 0xe4, 0xa8, 0x04, 0xb1,
    0xc7, 0x99, 0x91, 0x3c, 0xb2, 0x34, 0xb2, 0x34, 0x91, 0x34, 0x91, 0x34,
    0xb1, 0x34, 0x90, 0x34, 0x8f, 0x34, 0x8f, 0x34, 0x6d, 0x34, 0x4b, 0x34,
    0x4b, 0x34, 0x2a, 0x34, 0x2a, 0x34, 0x2a, 0x34, 0x2a, 0x2c, 0x2a, 0x2c,
    0x2a, 0x34, 0x0a, 0x2c, 0x0a, 0x2c, 0xea, 0x2b, 0xea, 0x2b, 0xe9, 0x33,
    0xc9, 0x2b, 0xc9, 0x2b, 0xc9, 0x2b, 0xc9, 0x2b, 0xc8, 0x2b, 0x24, 0x44,
    0x42, 0x44, 0x42, 0x4c, 0x42, 0x4c, 0x22, 0x4c, 0x42, 0x4c, 0x42, 0x4c,
    0x24, 0x44, 0x03, 0x44, 0x22, 0x4c, 0x22, 0x44, 0x01, 0x4c, 0x02, 0x4c,
    0x01, 0x44, 0x01, 0x44, 0x01, 0x44, 0xe2, 0x4b, 0xe1, 0x43, 0xc1, 0x43,
    0xa1, 0x43, 0x02, 0x53, 0xe3, 0x71, 0xe4, 0x71, 0xe3, 0x71, 0x03, 0x72,
    0x04, 0x72, 0x03, 0x72, 0xe3, 0x71, 0xe3, 0x71, 0x24, 0x7a, 0x43, 0x82,
    0x64, 0x82, 0x63, 0x8a, 0x63, 0x8a, 0x64, 0x8a, 0x64, 0x8a, 0x63, 0x8a,
    0x42, 0x3b, 0x42, 0x3b, 0x42, 0x3b, 0x42, 0x3b, 0x03, 0x43, 0x03, 0x62,
    0xe3, 0x69, 0xe3, 0x69, 0x04, 0x6a, 0xe3, 0x69, 0x04, 0x72, 0x04, 0x72,
    0xe3, 0x69, 0x04, 0x6a, 0x04, 0x6a, 0xe3, 0x69, 0x04, 0x6a, 0x04, 0x6a,
    0x04, 0x6a, 0xe4, 0x69, 0xe4, 0x69, 0x04, 0x6a, 0x64, 0x7a, 0x85, 0x82,
    0x85, 0x8a, 0x85, 0x8a, 0x84, 0x8a, 0x85, 0x8a, 0x84, 0x8a, 0x85, 0x8a,
    0x85, 0x8a, 0xa5, 0x8a, 0x84, 0x8a, 0x85, 0x8a, 0xa4, 0x8a, 0xa4, 0x8a,
    0x84, 0x8a, 0x85, 0x8a, 0xa4, 0x8a, 0x85, 0x8a, 0x85, 0x8a, 0xa5, 0x8a,
    0x84, 0x82, 0x85, 0x82, 0x85, 0x82, 0x85, 0x82, 0x65, 0x82, 0x64, 0x7a,
    0x45, 0x72, 0x45, 0x72, 0x45, 0x72, 0xa6, 0x62, 0xc9, 0x33, 0xc9, 0x33,
    0xc9, 0x2b, 0xca, 0x33, 0xc9, 0x2b, 0xc9, 0x33, 0xca, 0x2b, 0xea, 0x33,
    0xe9, 0x33, 0xea, 0x2b, 0xea, 0x33, 0x09, 0x34, 0x0a, 0x34, 0x0a, 0x34,
    0x2a, 0x34, 0x2a, 0x34, 0x0a, 0x34, 0x2b, 0x34, 0x2b, 0x34, 0x4b, 0x34,
    0x4c, 0x3c, 0x6d, 0x3c, 0x4e, 0x3c, 0xe4, 0xc3, 0x20, 0xfc, 0x60, 0xfc,
    0x80, 0xfc, 0xa0, 0xfc, 0xe0, 0xfc, 0xe0, 0xfc, 0x00, 0xfd, 0x00, 0xfd,
    0x00, 0xfd, 0x20, 0xfd, 0x20, 0xfd, 0x40, 0xfd, 0x60, 0xfd, 0x60, 0xfd,
    0x80, 0xfd, 0x80, 0xfd, 0x80, 0xfd, 0x80, 0xfd, 0xa0, 0xfd, 0xa0, 0xfd,
    0xa0, 0xfd, 0xa0, 0xfd, 0xa0, 0xfd, 0xc0, 0xfd, 0xa0, 0xfd, 0x80, 0xfd,
    0x60, 0xfd, 0x00, 0xe4, 0xa0, 0xd2, 0xc0, 0xd2, 0x80, 0xca, 0x60, 0xc2,
    0x20, 0xb2, 0xc0, 0x99, 0xe0, 0xd3, 0x60, 0xfd, 0x20, 0xfd, 0x60, 0xfd,
    0x80, 0xfd, 0x80, 0xfd, 0xa0, 0xfd, 0x80, 0xfd, 0x80, 0xfd, 0x60, 0xfd,
    0x60, 0xfd, 0x60, 0xfd, 0x40, 0xfd, 0x40, 0xfd, 0x40, 0xfd, 0x20, 0xfd,
    0x20, 0xfd, 0x20, 0xfd, 0x20, 0xfd, 0x00, 0xfd, 0xe0, 0xfc, 0xe0, 0xfc,
    0x00, 0xfd, 0x00, 0xfd, 0x00, 0xfd, 0x00, 0xfd, 0x20, 0xfd, 0x00, 0xfd,
    0x20, 0xfd, 0x40, 0xfd, 0x40, 0xfd, 0x60, 0xfd, 0x60, 0xfd, 0x80, 0xfd,
    0x80, 0xfd, 0x80, 0xfd, 0x80, 0xfd, 0x60, 0xfd, 0x60, 0xfd, 0x60, 0xfd,
    0x40, 0xfd, 0x40, 0xfd, 0x40, 0xfd, 0x00, 0xfd, 0xe0, 0xfc, 0xc0, 0xfc,
    0x80, 0xfc, 0x60, 0xf4, 0x00, 0xf4, 0xc0, 0xf3, 0xa0, 0xf3, 0x80, 0xeb,
    0x60, 0xeb, 0x40, 0xeb, 0x00, 0xeb, 0xe0, 0xe2, 0xc0, 0xe2, 0xa0, 0xda,
    0x41, 0xd2, 0xc2, 0xa0, 0xc3, 0xa0, 0xc3, 0xa8, 0xe4, 0xa8, 0x04, 0xb1,
    0x04, 0xb1, 0xca, 0x72, 0xb1, 0x34, 0x70, 0x34, 0x70, 0x34, 0x6f, 0x34,
    0x8e, 0x34, 0x6c, 0x34, 0x6c, 0x34, 0x6b, 0x34, 0x4b, 0x34, 0x4a, 0x34,
    0x4a, 0x34, 0x4a, 0x34, 0x2b, 0x34, 0x2a, 0x34, 0x2a, 0x2c, 0x0a, 0x34,
    0x0a, 0x2c, 0xea, 0x2b, 0xea, 0x2b, 0xe9, 0x33, 0xe9, 0x2b, 0xe9, 0x2b,
    0xea, 0x2b, 0xc9, 0x2b, 0xc9, 0x2b, 0xc9, 0x2b, 0xc7, 0x2b, 0x43, 0x44,
    0x42, 0x44, 0x42, 0x44, 0x42, 0x4c, 0x42, 0x4c, 0x22, 0x44, 0x22, 0x44,
    0x22, 0x4c, 0x22, 0x44, 0x22, 0x44, 0x22, 0x4c, 0x21, 0x4c, 0x01, 0x44,
    0x02, 0x4c, 0x02, 0x4c, 0xe1, 0x4b, 0xe2, 0x43, 0xa1, 0x43, 0xa1, 0x43,
    0x81, 0x43, 0xe2, 0x4a, 0xe3, 0x69, 0xe3, 0x69, 0x03, 0x72, 0xe3, 0x71,
    0xe3, 0x71, 0x03, 0x72, 0xe3, 0x71, 0x03, 0x72, 0x44, 0x82, 0x44, 0x82,
    0x63, 0x8a, 0x44, 0x8a, 0x64, 0x8a, 0x63, 0x8a, 0x64, 0x8a, 0x64, 0x8a,
    0x42, 0x3b, 0x22, 0x3b, 0x23, 0x3b, 0x03, 0x43, 0x23, 0x5a, 0xe3, 0x69,
    0xe3, 0x69, 0xe4, 0x69, 0x04, 0x6a, 0xe3, 0x69, 0x04, 0x6a, 0xe4, 0x69,
    0xe3, 0x69, 0xe4, 0x69, 0xe4, 0x69, 0x03, 0x72, 0xe4, 0x69, 0xe4, 0x69,
    0x03, 0x72, 0x04, 0x6a, 0xe4, 0x69, 0x04, 0x6a, 0x24, 0x7a, 0x64, 0x7a,
    0x64, 0x82, 0x85, 0x82, 0xa5, 0x8a, 0xa4, 0x8a, 0xa5, 0x8a, 0xa4, 0x8a,
    0xa5, 0x8a, 0x84, 0x8a, 0xa5, 0x8a, 0xa5, 0x8a, 0x84, 0x82, 0x85, 0x8a,
    0xa5, 0x8a, 0xa4, 0x8a, 0x85, 0x8a, 0x84, 0x82, 0x85, 0x8a, 0x84, 0x82,
    0x85, 0x8a, 0x84, 0x8a, 0x84, 0x82, 0x65, 0x82, 0x64, 0x7a, 0x44, 0x7a,
    0x45, 0x72, 0x44, 0x72, 0x45, 0x72, 0x45, 0x72, 0x48, 0x43, 0xc9, 0x2b,
    0xc9, 0x33, 0xca, 0x33, 0xca, 0x33, 0xc9, 0x2b, 0xea, 0x33, 0xea, 0x33,
    0xea, 0x33, 0xea, 0x33, 0x0a, 0x34, 0x0a, 0x34, 0x0a, 0x34, 0x0a, 0x34,
    0x2a, 0x34, 0x2a, 0x34, 0x2b, 0x34, 0x2a, 0x34, 0x2b, 0x34, 0x2b, 0x34,
    0x4c, 0x34, 0x6c, 0x34, 0x4d, 0x44, 0xe3, 0xcb, 0x20, 0xfc, 0x60, 0xf4,
    0x60, 0xfc, 0xa0, 0xfc, 0xc0, 0xfc, 0xe0, 0xfc, 0xe0, 0xfc, 0x00, 0xfd,
    0x00, 0xfd, 0x20, 0xfd, 0x20, 0xfd, 0x40, 0xfd, 0x40, 0xfd, 0x60, 0xfd,
    0x80, 0xfd, 0x80, 0xfd, 0x80, 0xfd, 0x80, 0xfd, 0xa0, 0xfd, 0xa0, 0xfd,
    0xa0, 0xfd, 0xa0, 0xfd, 0xa0, 0xfd, 0xc0, 0xfd, 0xa0, 0xfd, 0x80, 0xfd,
    0x80, 0xfd, 0x40, 0xf4, 0x60, 0xeb, 0x80, 0xeb, 0x80, 0xeb, 0x21, 0xe3,
    0xc0, 0xd2, 0x60, 0xc2, 0x80, 0xec, 0x40, 0xfd, 0x40, 0xfd, 0x60, 0xfd,
    0x80, 0xfd, 0x80, 0xfd, 0x80, 0xfd, 0x80, 0xfd, 0x60, 0xfd, 0x60, 0xfd,
    0x60, 0xfd, 0x40, 0xfd, 0x40, 0xfd, 0x40, 0xfd, 0x20, 0xfd, 0x20, 0xfd,
    0x20, 0xfd, 0x20, 0xfd, 0x00, 0xfd, 0xe0, 0xfc, 0xe0, 0xfc, 0xe0, 0xfc,
    0xe0, 0xfc, 0xe0, 0xfc, 0x00, 0xfd, 0x00, 0xfd, 0x00, 0xfd, 0x20, 0xfd,
    0x20, 0xfd, 0x40, 0xfd, 0x40, 0xfd, 0x60, 0xfd, 0x60, 0xfd, 0x60, 0xfd,
    0x80, 0xfd, 0x60, 0xfd, 0x60, 0xfd, 0x60, 0xfd, 0x60, 0xfd, 0x60, 0xfd,
    0x60, 0xfd, 0x40, 0xfd, 0x20, 0xfd, 0x00, 0xfd, 0xe0, 0xfc, 0xc0, 0xfc,
    0x80, 0xfc, 0x60, 0xf4, 0x20, 0xf4, 0xe0, 0xf3, 0xa0, 0xf3, 0x80, 0xeb,
    0x40, 0xeb, 0x40, 0xeb, 0x20, 0xeb, 0x00, 0xe3, 0xc0, 0xe2, 0xa0, 0xda,
    0x21, 0xca, 0xc2, 0xa0, 0xc3, 0xa0, 0xe3, 0xa8, 0xe4, 0xa8, 0xe4, 0xb0,
    0xe4, 0xb0, 0x45, 0xa9, 0x0d, 0x44, 0x8f, 0x34, 0x6e, 0x34, 0x6d, 0x34,
    0x6c, 0x34, 0x6b, 0x34, 0x6b, 0x34, 0x6b, 0x34, 0x4b, 0x34, 0x4a, 0x34,
    0x4b, 0x34, 0x4b, 0x34, 0x2a, 0x34, 0x2a, 0x34, 0x2a, 0x34, 0xea, 0x2b,
    0xea, 0x33, 0xea, 0x2b, 0xea, 0x2b, 0xe9, 0x33, 0xc9, 0x2b, 0xea, 0x2b,
    0xe9, 0x2b, 0xc9, 0x2b, 0xa9, 0x2b, 0xa9, 0x23, 0xc7, 0x2b, 0x42, 0x44,
    0x42, 0x4c, 0x42, 0x4c, 0x42, 0x44, 0x22, 0x4c, 0x22, 0x4c, 0x22, 0x44,
    0x22, 0x4c, 0x22, 0x44, 0x01, 0x4c, 0x01, 0x4c, 0x02, 0x44, 0x02, 0x44,
    0x01, 0x4c, 0xe1, 0x43, 0xe1, 0x43, 0xc2, 0x43, 0x82, 0x43, 0x81, 0x43,
    0x81, 0x43, 0xe2, 0x4a, 0xe3, 0x71, 0x04, 0x72, 0xe3, 0x69, 0x03, 0x72,
    0xe4, 0x71, 0xe3, 0x71, 0xe3, 0x71, 0x24, 0x7a, 0x43, 0x82, 0x44, 0x82,
    0x64, 0x8a, 0x63, 0x82, 0x63, 0x8a, 0x64, 0x8a, 0x63, 0x8a, 0x63, 0x8a,
    0x22, 0x33, 0x02, 0x3b, 0xc3, 0x42, 0xe3, 0x59, 0xc3, 0x61, 0xc4, 0x61,
    0xe3, 0x69, 0xe3, 0x69, 0xe3, 0x69, 0x04, 0x6a, 0xe3, 0x69, 0xe4, 0x69,
    0x04, 0x6a, 0xe3, 0x69, 0x04, 0x6a, 0x04, 0x6a, 0xe4, 0x69, 0xe4, 0x69,
    0x03, 0x6a, 0xe4, 0x69, 0xe3, 0x69, 0x04, 0x6a, 0x24, 0x7a, 0x24, 0x7a,
    0x44, 0x7a, 0x44, 0x7a, 0x64, 0x82, 0x65, 0x82, 0x85, 0x82, 0x85, 0x8a,
    0x84, 0x8a, 0x85, 0x8a, 0xa5, 0x8a, 0x84, 0x8a, 0xa5, 0x8a, 0x85, 0x8a,
    0x84, 0x82, 0xa5, 0x8a, 0x85, 0x8a, 0x84, 0x8a, 0xa4, 0x82, 0x85, 0x82,
    0x85, 0x8a, 0x85, 0x8a, 0x84, 0x82, 0x65, 0x82, 0x44, 0x7a, 0x25, 0x72,
    0x45, 0x72, 0x24, 0x72, 0x45, 0x72, 0x45, 0x72, 0xa6, 0x5a, 0xc9, 0x33,
    0xc9, 0x33, 0xc9, 0x33, 0xc9, 0x2b, 0xe9, 0x33, 0xc9, 0x33, 0xea, 0x33,
    0xe9, 0x33, 0xea, 0x33, 0x0a, 0x34, 0x0a, 0x34, 0x0a, 0x34, 0x0a, 0x34,
    0x0a, 0x34, 0x2a, 0x34, 0x2a, 0x34, 0x2b, 0x3c, 0x2a, 0x34, 0x4b, 0x3c,
    0x4c, 0x34, 0x4c, 0x3c, 0x4b, 0x44, 0xc2, 0xd3, 0x00, 0xf4, 0x40, 0xf4,
    0x60, 0xfc, 0x80, 0xfc, 0xa0, 0xfc, 0xc0, 0xfc, 0xe0, 0xfc, 0x00, 0xfd,
    0x00, 0xfd, 0x20, 0xfd, 0x20, 0xfd, 0x20, 0xfd, 0x40, 0xfd, 0x60, 0xfd,
    0x60, 0xfd, 0x60, 0xfd, 0x80, 0xfd, 0x80, 0xfd, 0x80, 0xfd, 0x80, 0xfd,
    0xa0, 0xfd, 0xa0, 0xfd, 0xa0, 0xfd, 0xa0, 0xfd, 0xa0, 0xfd, 0xa0, 0xfd,
    0x80, 0xfd, 0xe0, 0xfc, 0x00, 0xfc, 0x40, 0xfc, 0x20, 0xfc, 0xe0, 0xf3,
    0x60, 0xeb, 0x00, 0xf4, 0x40, 0xfd, 0x40, 0xfd, 0x40, 0xfd, 0x60, 0xfd,
    0x60, 0xfd, 0x80, 0xfd, 0x80, 0xfd, 0x60, 0xfd, 0x60, 0xfd, 0x60, 0xfd,
    0x60, 0xfd, 0x40, 0xfd, 0x40, 0xfd, 0x40, 0xfd, 0x40, 0xfd, 0x20, 0xfd,
    0x20, 0xfd, 0x20, 0xfd, 0x00, 0xfd, 0x00, 0xfd, 0xe0, 0xfc, 0xe0, 0xfc,
    0xe0, 0xfc, 0xe0, 0xfc, 0xe0, 0xfc, 0xe0, 0xfc, 0x00, 0xfd, 0x00, 0xfd,
    0x20, 0xfd, 0x20, 0xfd, 0x40, 0xfd, 0x60, 0xfd, 0x40, 0xfd, 0x60, 0xfd,
    0x60, 0xfd, 0x60, 0xfd, 0x60, 0xfd, 0x60, 0xfd, 0x60, 0xfd, 0x60, 0xfd,
    0x40, 0xfd, 0x40, 0xfd, 0x20, 0xfd, 0x00, 0xfd, 0xe0, 0xfc, 0xa0, 0xfc,
    0xa0, 0xfc, 0x60, 0xf4, 0x40, 0xf4, 0x00, 0xf4, 0xa0, 0xf3, 0x80, 0xeb,
    0x40, 0xeb, 0x40, 0xeb, 0x20, 0xe3, 0x00, 0xe3, 0xe0, 0xe2, 0xa0, 0xda,
    0x01, 0xc2, 0xa3, 0xa0, 0xc3, 0xa0, 0xc3, 0xa8, 0xe4, 0xa8, 0xe4, 0xb0,
    0xe4, 0xb0, 0xe4, 0xb0, 0xa9, 0x72, 0x6d, 0x34, 0x6c, 0x34, 0x6b, 0x34,
    0x6b, 0x34, 0x6a, 0x34, 0x6a, 0x34, 0x4a, 0x34, 0x4a, 0x34, 0x4a, 0x34,
    0x4a, 0x34, 0x2a, 0x34, 0x2a, 0x2c, 0x4a, 0x34, 0x0a, 0x2c, 0xea, 0x2b,
    0x0a, 0x34, 0xe9, 0x2b, 0xea, 0x2b, 0xea, 0x2b, 0xc9, 0x2b, 0xc9, 0x2b,
    0xe9, 0x2b, 0xc9, 0x2b, 0xc9, 0x2b, 0xa9, 0x2b, 0xc7, 0x2b, 0x43, 0x44,
    0x42, 0x4c, 0x22, 0x44, 0x23, 0x44, 0x42, 0x4c, 0x22, 0x4c, 0x22, 0x44,
    0x02, 0x44, 0x02, 0x4c, 0x02, 0x4c, 0x01, 0x44, 0x02, 0x44, 0xe1, 0x43,
    0xe1, 0x43, 0xe1, 0x43, 0xc1, 0x43, 0x81, 0x43, 0x81, 0x3b, 0x61, 0x3b,
    0x62, 0x3b, 0xa2, 0x52, 0x03, 0x72, 0x04, 0x72, 0xe3, 0x69, 0xe3, 0x69,
    0xe3, 0x71, 0xe3, 0x69, 0x04, 0x72, 0x44, 0x82, 0x43, 0x82, 0x43, 0x82,
    0x64, 0x8a, 0x44, 0x8a, 0x43, 0x82, 0x64, 0x8a, 0x63, 0x8a, 0x64, 0x8a,
    0x02, 0x3b, 0x83, 0x4a, 0xe3, 0x59, 0xc3, 0x61, 0xc3, 0x61, 0xe3, 0x61,
    0xe4, 0x61, 0xe3, 0x69, 0xe3, 0x69, 0xe4, 0x69, 0xe3, 0x69, 0xe3, 0x69,
    0x04, 0x6a, 0x04, 0x6a, 0x04, 0x6a, 0x04, 0x6a, 0xe3, 0x69, 0xe4, 0x69,
    0x04, 0x6a, 0x04, 0x6a, 0xe3, 0x69, 0x24, 0x72, 0x44, 0x72, 0x24, 0x7a,
    0x44, 0x7a, 0x44, 0x7a, 0x44, 0x7a, 0x44, 0x7a, 0x44, 0x7a, 0x64, 0x82,
    0x85, 0x82, 0x85, 0x82, 0x85, 0x8a, 0x84, 0x82, 0x85, 0x8a, 0x85, 0x8a,
    0x84, 0x82, 0x85, 0x8a, 0xa5, 0x8a, 0x85, 0x8a, 0x85, 0x8a, 0x84, 0x8a,
    0x85, 0x82, 0x85, 0x82, 0x65, 0x82, 0x24, 0x7a, 0x25, 0x72, 0x25, 0x72,
    0x44, 0x72, 0x44, 0x72, 0x44, 0x72, 0x45, 0x72, 0x45, 0x6a, 0x48, 0x43,
    0xc9, 0x2b, 0xca, 0x33, 0xe9, 0x33, 0xe9, 0x33, 0xca, 0x33, 0xe9, 0x33,
    0xea, 0x33, 0xea, 0x33, 0xea, 0x33, 0xea, 0x33, 0x0a, 0x34, 0x0a, 0x34,
    0x0a, 0x34, 0x0a, 0x34, 0x2a, 0x34, 0x2b, 0x34, 0x2a, 0x34, 0x2b, 0x34,
    0x4b, 0x34, 0x4c, 0x34, 0x4b, 0x44, 0xc2, 0xd3, 0x00, 0xf4, 0x20, 0xf4,
    0x40, 0xfc, 0x60, 0xfc, 0x80, 0xfc, 0xa0, 0xfc, 0xc0, 0xfc, 0xe0, 0xfc,
    0xe0, 0xfc, 0x00, 0xfd, 0x20, 0xfd, 0x40, 0xfd, 0x40, 0xfd, 0x60, 0xfd,
    0x60, 0xfd, 0x60, 0xfd, 0x80, 0xfd, 0x80, 0xfd, 0x80, 0xfd, 0x80, 0xfd,
    0x80, 0xfd, 0x80, 0xfd, 0xa0, 0xfd, 0xa0, 0xfd, 0xa0, 0xfd, 0xa0, 0xfd,
    0x80, 0xfd, 0x80, 0xfd, 0xe0, 0xfc, 0x80, 0xfc, 0x80, 0xfc, 0x80, 0xfc,
    0xe0, 0xfc, 0x40, 0xfd, 0x60, 0xfd, 0x60, 0xfd, 0x60, 0xfd, 0x60, 0xfd,
    0x80, 0xfd, 0x80, 0xfd, 0x60, 0xfd, 0x60, 0xfd, 0x40, 0xfd, 0x40, 0xfd,
    0x40, 0xfd, 0x40, 0xfd, 0x40, 0xfd, 0x40, 0xfd, 0x20, 0xfd, 0x20, 0xfd,
    0x20, 0xfd, 0x00, 0xfd, 0x00, 0xfd, 0xe0, 0xfc, 0xe0, 0xfc, 0xc0, 0xfc,
    0xc0, 0xfc, 0xc0, 0xfc, 0xc0, 0xfc, 0xe0, 0xfc, 0xe0, 0xfc, 0x00, 0xfd,
    0x00, 0xfd, 0x20, 0xfd, 0x20, 0xfd, 0x40, 0xfd, 0x60, 0xfd, 0x40, 0xfd,
    0x60, 0xfd, 0x60, 0xfd, 0x60, 0xfd, 0x60, 0xfd, 0x60, 0xfd, 0x40, 0xfd,
    0x40, 0xfd, 0x20, 0xfd, 0x00, 0xfd, 0xe0, 0xfc, 0xc0, 0xfc, 0xa0, 0xf4,
    0x80, 0xfc, 0x40, 0xfc, 0x20, 0xf4, 0x00, 0xf4, 0xa0, 0xf3, 0x60, 0xeb,
    0x60, 0xeb, 0x40, 0xeb, 0x00, 0xeb, 0xe0, 0xe2, 0xc0, 0xe2, 0xa0, 0xda,
    0xc1, 0xb9, 0x83, 0x98, 0xc2, 0xa0, 0xc3, 0xa8, 0xe4, 0xa8, 0xe4, 0xb0,
    0x04, 0xb1, 0xe4, 0xb0, 0xa6, 0x91, 0x6c, 0x34, 0x6b, 0x34, 0x6b, 0x34,
    0x6b, 0x34, 0x6a, 0x34, 0x6a, 0x34, 0x4a, 0x34, 0x4b, 0x34, 0x4a, 0x34,
    0x4a, 0x34, 0x2a, 0x34, 0x4a, 0x34, 0x2a, 0x34, 0x0a, 0x2c, 0xea, 0x2b,
    0xea, 0x2b, 0xe9, 0x2b, 0xc9, 0x2b, 0xc9, 0x2b, 0xea, 0x2b, 0xc9, 0x2b,
    0xc9, 0x2b, 0xc9, 0x2b, 0xc9, 0x2b, 0xa9, 0x2b, 0xc7, 0x2b, 0x22, 0x44,
    0x42, 0x44, 0x22, 0x4c, 0x22, 0x44, 0x22, 0x44, 0x22, 0x4c, 0x22, 0x44,
    0x21, 0x44, 0x02, 0x44, 0x02, 0x44, 0x01, 0x44, 0xe2, 0x43, 0xe1, 0x4b,
    0xe2, 0x43, 0xe2, 0x43, 0xa1, 0x43, 0x62, 0x3b, 0x61, 0x3b, 0x61, 0x3b,
    0x62, 0x3b, 0x82, 0x5a, 0xe3, 0x71, 0x03, 0x6a, 0xe3, 0x71, 0xe3, 0x69,
    0xe3, 0x69, 0xe3, 0x71, 0x24, 0x7a, 0x44, 0x82, 0x43, 0x82, 0x43, 0x82,
    0x43, 0x82, 0x43, 0x82, 0x64, 0x8a, 0x43, 0x8a, 0x63, 0x8a, 0x63, 0x8a,
    0x23, 0x52, 0xc3, 0x59, 0xc3, 0x59, 0xc4, 0x61, 0xc3, 0x61, 0xc3, 0x61,
    0xc4, 0x61, 0xc3, 0x61, 0xe4, 0x61, 0xe4, 0x69, 0xe3, 0x69, 0xe3, 0x61,
    0xe3, 0x69, 0xe4, 0x69, 0xe3, 0x69, 0xe4, 0x69, 0x04, 0x6a, 0xe3, 0x69,
    0xe4, 0x69, 0xe4, 0x69, 0x04, 0x72, 0x24, 0x72, 0x24, 0x72, 0x24, 0x72,
    0x24, 0x72, 0x44, 0x7a, 0x45, 0x7a, 0x24, 0x72, 0x44, 0x7a, 0x44, 0x7a,
    0x44, 0x7a, 0x84, 0x82, 0xa5, 0x8a, 0xa5, 0x8a, 0xa4, 0x8a, 0xa4, 0x8a,
    0xa5, 0x8a, 0x84, 0x8a, 0x84, 0x82, 0x84, 0x8a, 0x85, 0x82, 0x85, 0x82,
    0x84, 0x8a, 0x64, 0x82, 0x24, 0x72, 0x24, 0x72, 0x24, 0x72, 0x25, 0x72,
    0x25, 0x72, 0x25, 0x72, 0x24, 0x72, 0x24, 0x72, 0x24, 0x72, 0xc6, 0x5a,
    0xc9, 0x33, 0xc9, 0x33, 0xc9, 0x2b, 0xea, 0x33, 0xea, 0x33, 0xea, 0x2b,
    0xe9, 0x33, 0xea, 0x33, 0xe9, 0x33, 0x0a, 0x34, 0x0a, 0x34, 0x0a, 0x34,
    0x0a, 0x34, 0x0a, 0x34, 0x0a, 0x34, 0x2b, 0x34, 0x2a, 0x34, 0x2b, 0x34,
    0x2b, 0x34, 0x2b, 0x3c, 0x2b, 0x3c, 0xa3, 0xcb, 0xc0, 0xf3, 0x00, 0xf4,
    0x20, 0xf4, 0x40, 0xf4, 0x60, 0xfc, 0xa0, 0xfc, 0xc0, 0xfc, 0xc0, 0xfc,
    0xc0, 0xfc, 0xe0, 0xfc, 0x20, 0xfd, 0x20, 0xfd, 0x40, 0xfd, 0x40, 0xfd,
    0x40, 0xfd, 0x60, 0xfd, 0x60, 0xfd, 0x60, 0xfd, 0x60, 0xfd, 0x80, 0xfd,
    0x80, 0xfd, 0x80, 0xfd, 0xa0, 0xfd, 0xa0, 0xfd, 0xa0, 0xfd, 0xa0, 0xfd,
    0xa0, 0xfd, 0x80, 0xfd, 0xa0, 0xfd, 0x80, 0xfd, 0x80, 0xfd, 0x80, 0xfd,
    0x80, 0xfd, 0x60, 0xfd, 0x60, 0xfd, 0x60, 0xfd, 0x60, 0xfd, 0x60, 0xfd,
    0x60, 0xfd, 0x60, 0xfd, 0x40, 0xfd, 0x60, 0xfd, 0x40, 0xfd, 0x40, 0xfd,
    0x40, 0xfd, 0x40, 0xfd, 0x40, 0xfd, 0x20, 0xfd, 0x20, 0xfd, 0x00, 0xfd,
    0x00, 0xfd, 0x00, 0xfd, 0xe0, 0xfc, 0xe0, 0xfc, 0xc0, 0xfc, 0xc0, 0xfc,
    0xa0, 0xfc, 0xc0, 0xfc, 0xc0, 0xfc, 0xc0, 0xfc, 0xc0, 0xfc, 0xe0, 0xfc,
    0xe0, 0xfc, 0x00, 0xfd, 0x20, 0xfd, 0x20, 0xfd, 0x40, 0xfd, 0x20, 0xfd,
    0x40, 0xfd, 0x40, 0xfd, 0x40, 0xfd, 0x40, 0xfd, 0x40, 0xfd, 0x40, 0xfd,
    0x20, 0xfd, 0x20, 0xfd, 0x00, 0xfd, 0xc0, 0xfc, 0xa0, 0xfc, 0x80, 0xfc,
    0x60, 0xf4, 0x40, 0xfc, 0x20, 0xf4, 0x00, 0xf4, 0xc0, 0xf3, 0x60, 0xeb,
    0x40, 0xeb, 0x40, 0xeb, 0x00, 0xe3, 0xe0, 0xe2, 0xc0, 0xe2, 0xa0, 0xda,
    0x81, 0xb9, 0xa3, 0xa0, 0xc3, 0xa0, 0xc3, 0xa8, 0xc3, 0xa8, 0xe4, 0xa8,
    0xe4, 0xa8, 0x04, 0xb1, 0x65, 0xa1, 0x0a, 0x44, 0x8b, 0x34, 0x6b, 0x34,
    0x6b, 0x34, 0x4b, 0x34, 0x6a, 0x34, 0x4a, 0x34, 0x4a, 0x34, 0x4a, 0x34,
    0x4a, 0x34, 0x4a, 0x34, 0x2a, 0x34, 0x2a, 0x34, 0x0a, 0x2c, 0xea, 0x2b,
    0xea, 0x2b, 0xe9, 0x2b, 0xe9, 0x2b, 0xc9, 0x2b, 0xe9, 0x33, 0xe9, 0x2b,
    0xc9, 0x2b, 0xc9, 0x2b, 0xa9, 0x2b, 0xa9, 0x2b, 0xa8, 0x2b, 0x23, 0x44,
    0x22, 0x44, 0x22, 0x44, 0x22, 0x4c, 0x22, 0x44, 0x22, 0x44, 0x02, 0x4c,
    0x02, 0x4c, 0x01, 0x44, 0x01, 0x44, 0xe2, 0x43, 0xe1, 0x43, 0xe2, 0x43,
    0xe1, 0x43, 0xc1, 0x43, 0x81, 0x43, 0x61, 0x3b, 0x62, 0x3b, 0x42, 0x3b,
    0x41, 0x3b, 0x63, 0x5a, 0xe3, 0x71, 0xe3, 0x69, 0xe3, 0x71, 0xe3, 0x71,
    0xe3, 0x69, 0xe3, 0x71, 0x23, 0x7a, 0x43, 0x82, 0x44, 0x82, 0x64, 0x82,
    0x43, 0x82, 0x64, 0x8a, 0x63, 0x82, 0x64, 0x8a, 0x44, 0x8a, 0x64, 0x8a,
    0xc3, 0x59, 0xc3, 0x59, 0xc3, 0x61, 0xc3, 0x61, 0xc3, 0x61, 0xc3, 0x61,
    0xc4, 0x69, 0xc3, 0x61, 0xe3, 0x61, 0xc3, 0x61, 0xe4, 0x61, 0xe3, 0x61,
    0xe3, 0x61, 0xe3, 0x69, 0x23, 0x62, 0x43, 0x5a, 0xe4, 0x69, 0xe3, 0x69,
    0xe4, 0x69, 0xe4, 0x69, 0x24, 0x6a, 0x24, 0x72, 0x24, 0x72, 0x24, 0x72,
    0x24, 0x72, 0x24, 0x72, 0x24, 0x7a, 0x44, 0x72, 0x24, 0x7a, 0x44, 0x7a,
    0x44, 0x7a, 0x44, 0x7a, 0x64, 0x82, 0x85, 0x82, 0x84, 0x82, 0x85, 0x8a,
    0x84, 0x8a, 0x85, 0x82, 0x84, 0x8a, 0xa5, 0x8a, 0x85, 0x82, 0x85, 0x82,
    0x64, 0x82, 0x24, 0x72, 0x24, 0x72, 0x24, 0x72, 0x24, 0x72, 0x24, 0x72,
    0x24, 0x72, 0x24, 0x72, 0x25, 0x72, 0x24, 0x72, 0x25, 0x72, 0x45, 0x6a,
    0x68, 0x43, 0xc9, 0x33, 0xc9, 0x2b, 0xc9, 0x33, 0xc9, 0x33, 0xe9, 0x2b,
    0xea, 0x33, 0xe9, 0x33, 0xea, 0x2b, 0x0a, 0x34, 0xea, 0x33, 0x0a, 0x34,
    0x0a, 0x34, 0x0a, 0x34, 0x2a, 0x34, 0x2a, 0x3c, 0x2b, 0x3c, 0x2a, 0x34,
    0x2b, 0x34, 0x4b, 0x34, 0x2b, 0x3c, 0xa3, 0xbb, 0xa0, 0xf3, 0xe0, 0xf3,
    0x00, 0xfc, 0x20, 0xf4, 0x40, 0xf4, 0x60, 0xfc, 0x80, 0xfc, 0xa0, 0xfc,
    0xc0, 0xfc, 0xe0, 0xfc, 0x00, 0xfd, 0x20, 0xfd, 0x20, 0xfd, 0x20, 0xfd,
    0x40, 0xfd, 0x40, 0xfd, 0x60, 0xfd, 0x60, 0xfd, 0x60, 0xfd, 0x60, 0xfd,
    0x80, 0xfd, 0x80, 0xfd, 0x80, 0xfd, 0x80, 0xfd, 0x80, 0xfd, 0xa0, 0xfd,
    0xa0, 0xfd, 0xa0, 0xfd, 0x80, 0xfd, 0x80, 0xfd, 0x80, 0xfd, 0x80, 0xfd,
    0x80, 0xfd, 0x80, 0xfd, 0x60, 0xfd, 0x40, 0xfd, 0x40, 0xfd, 0x40, 0xfd,
    0x40, 0xfd, 0x40, 0xfd, 0x40, 0xfd, 0x40, 0xfd, 0x40, 0xfd, 0x40, 0xfd,
    0x40, 0xfd, 0x20, 0xfd, 0x20, 0xfd, 0x20, 0xfd, 0x20, 0xfd, 0x00, 0xfd,
    0x00, 0xfd, 0xe0, 0xfc, 0xe0, 0xfc, 0xc0, 0xfc, 0xc0, 0xfc, 0xa0, 0xfc,
    0xa0, 0xf4, 0xc0, 0xfc, 0xa0, 0xf4, 0xa0, 0xfc, 0xa0, 0xfc, 0xc0, 0xfc,
    0xc0, 0xfc, 0xe0, 0xfc, 0x00, 0xfd, 0x20, 0xfd, 0x00, 0xfd, 0x00, 0xfd,
    0x20, 0xfd, 0x20, 0xfd, 0x20, 0xfd, 0x20, 0xfd, 0x20, 0xfd, 0x20, 0xfd,
    0x20, 0xfd, 0x00, 0xfd, 0xe0, 0xfc, 0xa0, 0xfc, 0x80, 0xfc, 0x80, 0xfc,
    0x60, 0xf4, 0x40, 0xf4, 0x20, 0xf4, 0x00, 0xf4, 0xc0, 0xf3, 0x60, 0xeb,
    0x40, 0xeb, 0x20, 0xeb, 0x00, 0xe3, 0xe0, 0xe2, 0xc0, 0xe2, 0xa0, 0xda,
    0x22, 0xb1, 0xa3, 0xa0, 0xc3, 0xa0, 0xc3, 0xa8, 0xe3, 0xa8, 0xe4, 0xa8,
    0xe4, 0xb0, 0x04, 0xb1, 0x24, 0xa9, 0x68, 0x53, 0x8b, 0x34, 0x6a, 0x34,
    0x6a, 0x34, 0x4a, 0x34, 0x6a, 0x34, 0x6a, 0x34, 0x6b, 0x34, 0x4a, 0x34,
    0x4a, 0x34, 0x2a, 0x2c, 0x2a, 0x34, 0x0a, 0x34, 0x0a, 0x2c, 0xe9, 0x2b,
    0xe9, 0x33, 0xca, 0x2b, 0xca, 0x2b, 0xc9, 0x2b, 0xc9, 0x2b, 0xc9, 0x2b,
    0xc9, 0x2b, 0xa9, 0x2b, 0xc9, 0x2b, 0xa8, 0x2b, 0xa8, 0x23, 0x04, 0x3c,
    0x22, 0x44, 0x22, 0x44, 0x22, 0x44, 0x22, 0x4c, 0x22, 0x44, 0x22, 0x44,
    0x01, 0x44, 0x02, 0x44, 0xe2, 0x43, 0xe2, 0x43, 0xe1, 0x43, 0xe1, 0x43,
    0xe2, 0x43, 0xc1, 0x43, 0x61, 0x3b, 0x61, 0x3b, 0x41, 0x3b, 0x41, 0x3b,
    0x02, 0x43, 0x23, 0x62, 0xe3, 0x69, 0xe3, 0x71, 0xe3, 0x69, 0xe3, 0x69,
    0x04, 0x72, 0x03, 0x72, 0x44, 0x82, 0x44, 0x82, 0x43, 0x82, 0x64, 0x82,
    0x63, 0x8a, 0x44, 0x8a, 0x43, 0x82, 0x43, 0x82, 0x64, 0x8a, 0x43, 0x8a,
    0xc3, 0x59, 0xc3, 0x59, 0xc4, 0x59, 0xc3, 0x59, 0xc3, 0x61, 0xc3, 0x61,
    0xc3, 0x61, 0xc3, 0x61, 0xe3, 0x61, 0xc4, 0x61, 0xe3, 0x61, 0xe4, 0x61,
    0x04, 0x62, 0x83, 0x4a, 0x03, 0x3b, 0x83, 0x4a, 0xe4, 0x61, 0xe3, 0x61,
    0xe3, 0x69, 0x04, 0x6a, 0x24, 0x72, 0x24, 0x72, 0x24, 0x72, 0x24, 0x72,
    0x24, 0x72, 0x24, 0x72, 0x24, 0x72, 0x45, 0x7a, 0x24, 0x7a, 0x24, 0x72,
    0x45, 0x7a, 0x44, 0x7a, 0x44, 0x7a, 0x65, 0x82, 0x85, 0x82, 0x85, 0x8a,
    0x85, 0x82, 0x84, 0x82, 0x85, 0x82, 0x64, 0x82, 0x64, 0x7a, 0x24, 0x7a,
    0x24, 0x72, 0x24, 0x72, 0x05, 0x72, 0x05, 0x72, 0x24, 0x72, 0x25, 0x72,
    0x24, 0x72, 0x24, 0x72, 0x25, 0x72, 0x24, 0x72, 0x25, 0x72, 0x25, 0x72,
    0xc6, 0x5a, 0xe9, 0x2b, 0xc9, 0x33, 0xe9, 0x33, 0xea, 0x33, 0xe9, 0x33,
    0xea, 0x33, 0xea, 0x33, 0xea, 0x33, 0x0a, 0x34, 0x0a, 0x34, 0x0a, 0x34,
    0x0a, 0x34, 0x0a, 0x34, 0x2a, 0x34, 0x2a, 0x34, 0x2b, 0x34, 0x2b, 0x34,
    0x2b, 0x34, 0x2b, 0x34, 0x2a, 0x34, 0xa5, 0x9b, 0xa0, 0xf3, 0xc0, 0xf3,
    0x00, 0xf4, 0x00, 0xfc, 0x20, 0xf4, 0x40, 0xfc, 0x40, 0xfc, 0x60, 0xfc,
    0xa0, 0xfc, 0xc0, 0xfc, 0xe0, 0xfc, 0xe0, 0xfc, 0x00, 0xfd, 0x00, 0xfd,
    0x20, 0xfd, 0x40, 0xfd, 0x40, 0xfd, 0x40, 0xfd, 0x40, 0xfd, 0x60, 0xfd,
    0x60, 0xfd, 0x60, 0xfd, 0x60, 0xfd, 0x80, 0xfd, 0x80, 0xfd, 0x80, 0xfd,
    0xa0, 0xfd, 0xa0, 0xfd, 0xa0, 0xfd, 0x80, 0xfd, 0x80, 0xfd, 0x80, 0xfd,
    0x60, 0xfd, 0x60, 0xfd, 0x60, 0xfd, 0x40, 0xfd, 0x60, 0xfd, 0x60, 0xfd,
    0x40, 0xfd, 0x40, 0xfd, 0x40, 0xfd, 0x60, 0xfd, 0x40, 0xfd, 0x20, 0xfd,
    0x20, 0xfd, 0x20, 0xfd, 0x20, 0xfd, 0x00, 0xfd, 0x00, 0xfd, 0x00, 0xfd,
    0xe0, 0xfc, 0xe0, 0xfc, 0xc0, 0xfc, 0xa0, 0xfc, 0xa0, 0xfc, 0xa0, 0xf4,
    0xa0, 0xfc, 0xa0, 0xfc, 0xa0, 0xfc, 0x80, 0xf4, 0xa0, 0xfc, 0xa0, 0xfc,
    0xa0, 0xfc, 0xc0, 0xfc, 0xe0, 0xfc, 0xe0, 0xfc, 0xe0, 0xfc, 0x00, 0xfd,
    0x00, 0xfd, 0x20, 0xfd, 0x00, 0xfd, 0x00, 0xfd, 0x00, 0xfd, 0x00, 0xfd,
    0xe0, 0xfc, 0xe0, 0xfc, 0xa0, 0xfc, 0x80, 0xfc, 0x80, 0xf4, 0x60, 0xfc,
    0x40, 0xfc, 0x40, 0xf4, 0x00, 0xf4, 0xe0, 0xf3, 0xa0, 0xf3, 0x60, 0xeb,
    0x40, 0xeb, 0x20, 0xeb, 0x00, 0xe3, 0xe0, 0xe2, 0xc0, 0xe2, 0x80, 0xd2,
    0x02, 0xa9, 0xa2, 0xa0, 0xa3, 0xa0, 0xc3, 0xa8, 0xe3, 0xa8, 0xe3, 0xa8,
    0xe4, 0xb0, 0x04, 0xb1, 0x04, 0xb1, 0x07, 0x5b, 0x8a, 0x34, 0x6b, 0x34,
    0x4a, 0x34, 0x4a, 0x34, 0x4b, 0x34, 0x4a, 0x34, 0x4a, 0x34, 0x4a, 0x34,
    0x2a, 0x34, 0x2a, 0x34, 0x2a, 0x34, 0x0a, 0x2c, 0xe9, 0x2b, 0xc9, 0x2b,
    0xc9, 0x2b, 0xc9, 0x2b, 0xc9, 0x2b, 0xc9, 0x2b, 0xc9, 0x2b, 0xc9, 0x2b,
    0xa9, 0x2b, 0xa9, 0x2b, 0xa8, 0x2b, 0xa8, 0x23, 0x88, 0x23, 0xa6, 0x33,
    0x23, 0x44, 0x22, 0x44, 0x22, 0x44, 0x02, 0x44, 0x02, 0x44, 0x22, 0x44,
    0x02, 0x44, 0x01, 0x4c, 0xe2, 0x43, 0xe1, 0x43, 0xe2, 0x43, 0xe2, 0x43,
    0xc1, 0x43, 0xc2, 0x43, 0x61, 0x3b, 0x42, 0x3b, 0x41, 0x3b, 0x41, 0x3b,
    0xa2, 0x52, 0xe3, 0x69, 0xe3, 0x69, 0xe4, 0x71, 0xe3, 0x69, 0xe3, 0x69,
    0xe3, 0x69, 0x23, 0x7a, 0x43, 0x82, 0x44, 0x82, 0x63, 0x8a, 0x43, 0x8a,
    0x64, 0x82, 0x64, 0x8a, 0x43, 0x8a, 0x63, 0x82, 0x63, 0x8a, 0x63, 0x8a,
    0xc3, 0x59, 0xc3, 0x59, 0xc3, 0x59, 0xc3, 0x59, 0xa3, 0x59, 0xc4, 0x61,
    0xc3, 0x61, 0xc3, 0x61, 0xe4, 0x61, 0xc3, 0x69, 0xe3, 0x61, 0xe3, 0x61,
    0x83, 0x4a, 0x03, 0x33, 0x23, 0x3b, 0xe3, 0x42, 0x04, 0x62, 0xe3, 0x61,
    0xe3, 0x61, 0x04, 0x6a, 0x04, 0x72, 0x24, 0x72, 0x24, 0x72, 0x24, 0x72,
    0x24, 0x72, 0x24, 0x72, 0x45, 0x7a, 0x24, 0x72, 0x44, 0x7a, 0x24, 0x72,
    0x24, 0x72, 0x24, 0x7a, 0x44, 0x7a, 0x44, 0x7a, 0x64, 0x82, 0x85, 0x82,
    0x84, 0x82, 0x65, 0x82, 0x64, 0x82, 0x44, 0x7a, 0x24, 0x72, 0x24, 0x72,
    0x04, 0x72, 0x04, 0x72, 0x24, 0x72, 0x25, 0x72, 0x04, 0x72, 0x24, 0x72,
    0x25, 0x72, 0x04, 0x72, 0x04, 0x72, 0x24, 0x72, 0x24, 0x72, 0x25, 0x72,
    0x45, 0x6a, 0x89, 0x3b, 0xc9, 0x33, 0xca, 0x33, 0xea, 0x33, 0xe9, 0x2b,
    0xe9, 0x33, 0xea, 0x33, 0xea, 0x33, 0x0a, 0x34, 0x09, 0x34, 0x0a, 0x34,
    0x0a, 0x34, 0x0a, 0x34, 0x0a, 0x34, 0x0a, 0x34, 0x2a, 0x34, 0x2a, 0x3c,
    0x2a, 0x34, 0x2a, 0x34, 0x2a, 0x34, 0xe6, 0x73, 0x80, 0xf3, 0xa0, 0xf3,
    0xe0, 0xf3, 0xe0, 0xfb, 0x00, 0xfc, 0x20, 0xf4, 0x40, 0xfc, 0x40, 0xf4,
    0x80, 0xfc, 0xa0, 0xfc, 0xc0, 0xfc, 0xe0, 0xfc, 0xe0, 0xfc, 0x00, 0xfd,
    0x20, 0xfd, 0x20, 0xfd, 0x20, 0xfd, 0x20, 0xfd, 0x40, 0xfd, 0x40, 0xfd,
    0x40, 0xfd, 0x60, 0xfd, 0x60, 0xfd, 0x80, 0xfd, 0x80, 0xfd, 0x80, 0xfd,
    0x80, 0xfd, 0x80, 0xfd, 0x80, 0xfd, 0x80, 0xfd, 0x80, 0xfd, 0x60, 0xfd,
    0x40, 0xfd, 0x40, 0xfd, 0x40, 0xfd, 0x40, 0xfd, 0x40, 0xfd, 0x20, 0xfd,
    0x40, 0xfd, 0x40, 0xfd, 0x40, 0xfd, 0x40, 0xfd, 0x20, 0xfd, 0x20, 0xfd,
    0x20, 0xfd, 0x00, 0xfd, 0x00, 0xfd, 0x00, 0xfd, 0xe0, 0xfc, 0xe0, 0xfc,
    0xe0, 0xfc, 0xc0, 0xfc, 0xc0, 0xfc, 0xa0, 0xfc, 0xa0, 0xfc, 0x80, 0xfc,
    0x80, 0xfc, 0x80, 0xf4, 0x60, 0xf4, 0x40, 0xf4, 0x40, 0xf4, 0x00, 0xf4,
    0x00, 0xf4, 0x20, 0xf4, 0x40, 0xf4, 0x80, 0xfc, 0xa0, 0xfc, 0xc0, 0xfc,
    0xc0, 0xfc, 0xe0, 0xfc, 0xe0, 0xfc, 0x00, 0xfd, 0xe0, 0xfc, 0xe0, 0xfc,
    0xc0, 0xfc, 0xa0, 0xfc, 0xa0, 0xfc, 0x60, 0xf4, 0x80, 0xf4, 0x60, 0xfc,
    0x40, 0xf4, 0x00, 0xf4, 0x00, 0xf4, 0xe0, 0xf3, 0xa0, 0xf3, 0x60, 0xeb,
    0x40, 0xeb, 0x20, 0xeb, 0x00, 0xe3, 0xe0, 0xe2, 0xc0, 0xe2, 0x41, 0xd2,
    0xc2, 0xa0, 0xa2, 0xa0, 0xa3, 0xa0, 0xc3, 0xa8, 0xc3, 0xa8, 0xe4, 0xa8,
    0xe3, 0xa8, 0xe4, 0xa8, 0x04, 0xb1, 0x28, 0x63, 0x6a, 0x2c, 0x4b, 0x34,
    0x6a, 0x34, 0x4a, 0x34, 0x4b, 0x34, 0x4a, 0x34, 0x2a, 0x34, 0x2a, 0x2c,
    0x2a, 0x2c, 0x2a, 0x34, 0x0a, 0x2c, 0x0a, 0x2c, 0xe9, 0x2b, 0xea, 0x2b,
    0xc9, 0x2b, 0xc9, 0x2b, 0xc9, 0x2b, 0xc9, 0x2b, 0xc9, 0x2b, 0xa9, 0x2b,
    0xa8, 0x2b, 0xa9, 0x23, 0xa9, 0x2b, 0xa8, 0x23, 0xa8, 0x2b, 0xa7, 0x2b,
    0xe3, 0x3b, 0x02, 0x44, 0x02, 0x44, 0x02, 0x44, 0x01, 0x44, 0x02, 0x44,
    0x22, 0x4c, 0x02, 0x44, 0xe1, 0x43, 0xe2, 0x43, 0xc1, 0x43, 0xc1, 0x43,
    0xc2, 0x43, 0xa1, 0x43, 0x61, 0x3b, 0x42, 0x3b, 0x42, 0x3b, 0x22, 0x3b,
    0x03, 0x62, 0xe3, 0x69, 0xe3, 0x69, 0xe3, 0x69, 0xe3, 0x71, 0xc3, 0x69,
    0xe3, 0x71, 0x24, 0x7a, 0x43, 0x82, 0x44, 0x82, 0x44, 0x82, 0x63, 0x82,
    0x44, 0x8a, 0x64, 0x82, 0x64, 0x8a, 0x63, 0x8a, 0x64, 0x8a, 0x44, 0x82,
    0xe3, 0x51, 0xc3, 0x59, 0xc3, 0x59, 0xa4, 0x59, 0xa3, 0x61, 0xc3, 0x61,
    0xc4, 0x61, 0xc4, 0x61, 0xc3, 0x61, 0xc3, 0x61, 0xc4, 0x61, 0x03, 0x52,
    0xe3, 0x3a, 0x23, 0x3b, 0x03, 0x3b, 0x03, 0x3b, 0x43, 0x5a, 0xe4, 0x61,
    0xe4, 0x69, 0x04, 0x6a, 0x04, 0x6a, 0x04, 0x6a, 0x04, 0x6a, 0x24, 0x6a,
    0x24, 0x72, 0x25, 0x72, 0x44, 0x72, 0x24, 0x72, 0x24, 0x72, 0x25, 0x7a,
    0x44, 0x7a, 0x24, 0x72, 0x25, 0x72, 0x24, 0x72, 0x44, 0x7a, 0x44, 0x7a,
    0x44, 0x7a, 0x24, 0x7a, 0x24, 0x72, 0x04, 0x72, 0x04, 0x72, 0x04, 0x72,
    0x04, 0x72, 0x05, 0x72, 0x04, 0x72, 0x24, 0x72, 0x04, 0x72, 0x24, 0x72,
    0x25, 0x72, 0x04, 0x72, 0x24, 0x72, 0x25, 0x72, 0x24, 0x72, 0x24, 0x72,
    0x25, 0x72, 0x07, 0x4b, 0xe9, 0x33, 0xc9, 0x33, 0xe9, 0x2b, 0xe9, 0x2b,
    0xea, 0x33, 0xea, 0x33, 0xe9, 0x2b, 0x09, 0x34, 0x0a, 0x34, 0x0a, 0x34,
    0x0a, 0x34, 0x0a, 0x34, 0x0a, 0x34, 0x0a, 0x34, 0x2a, 0x34, 0x0a, 0x34,
    0x29, 0x34, 0x29, 0x34, 0x09, 0x3c, 0x08, 0x4c, 0x62, 0xd3, 0xa0, 0xf3,
    0xc0, 0xf3, 0xc0, 0xf3, 0xe0, 0xf3, 0x00, 0xf4, 0x20, 0xfc, 0x40, 0xf4,
    0x40, 0xfc, 0x60, 0xfc, 0x80, 0xfc, 0xc0, 0xfc, 0xc0, 0xfc, 0xe0, 0xfc,
    0xe0, 0xfc, 0x00, 0xfd, 0x00, 0xfd, 0x00, 0xfd, 0x20, 0xfd, 0x20, 0xfd,
    0x40, 0xfd, 0x40, 0xfd, 0x60, 0xfd, 0x60, 0xfd, 0x60, 0xfd, 0x60, 0xfd,
    0x60, 0xfd, 0x60, 0xfd, 0x60, 0xfd, 0x60, 0xfd, 0x60, 0xfd, 0x60, 0xfd,
    0x40, 0xfd, 0x40, 0xfd, 0x20, 0xfd, 0x20, 0xfd, 0x20, 0xfd, 0x20, 0xfd,
    0x20, 0xfd, 0x20, 0xfd, 0x20, 0xfd, 0x00, 0xfd, 0x00, 0xfd, 0x00, 0xfd,
    0x00, 0xfd, 0xe0, 0xfc, 0xe0, 0xfc, 0xe0, 0xfc, 0xe0, 0xfc, 0xc0, 0xfc,
    0xc0, 0xfc, 0xa0, 0xfc, 0xa0, 0xfc, 0xa0, 0xf4, 0x80, 0xfc, 0x60, 0xf4,
    0x60, 0xfc, 0x40, 0xf4, 0x20, 0xf4, 0x00, 0xf4, 0xc0, 0xf3, 0x80, 0xf3,
    0x40, 0xeb, 0x00, 0xeb, 0xc0, 0xe2, 0x00, 0xb2, 0xe0, 0x99, 0x40, 0xd3,
    0x80, 0xf4, 0xa0, 0xfc, 0xa0, 0xfc, 0xc0, 0xfc, 0xc0, 0xfc, 0xa0, 0xfc,
    0xa0, 0xf4, 0x80, 0xfc, 0x80, 0xf4, 0x60, 0xfc, 0x40, 0xfc, 0x40, 0xf4,
    0x20, 0xf4, 0x00, 0xf4, 0xe0, 0xf3, 0xc0, 0xf3, 0x80, 0xeb, 0x60, 0xeb,
    0x40, 0xeb, 0x20, 0xeb, 0x00, 0xe3, 0xe0, 0xe2, 0xc0, 0xe2, 0x01, 0xc2,
    0xa2, 0x98, 0xa2, 0xa0, 0xa3, 0xa0, 0xc3, 0xa8, 0xc4, 0xa8, 0xe4, 0xa8,
    0xe4, 0xb0, 0xe4, 0xb0, 0xe4, 0xb0, 0x48, 0x5b, 0x8a, 0x2c, 0x4b, 0x34,
    0x6b, 0x34, 0x4a, 0x34, 0x4a, 0x34, 0x4a, 0x34, 0x2a, 0x34, 0x0a, 0x2c,
    0xe9, 0x2b, 0xea, 0x2b, 0xe9, 0x33, 0xe9, 0x2b, 0xe9, 0x2b, 0xe9, 0x2b,
    0xc9, 0x2b, 0xc9, 0x2b, 0xc9, 0x2b, 0xa9, 0x2b, 0xc8, 0x2b, 0xc7, 0x2b,
    0xc6, 0x33, 0xc6, 0x2b, 0xc7, 0x2b, 0xa7, 0x2b, 0x88, 0x2b, 0x88, 0x23,
    0xc5, 0x33, 0x02, 0x44, 0x02, 0x44, 0x02, 0x44, 0x02, 0x44, 0x01, 0x44,
    0x02, 0x44, 0x02, 0x44, 0xe2, 0x43, 0xe1, 0x43, 0xc2, 0x43, 0xc2, 0x43,
    0xa1, 0x3b, 0x81, 0x43, 0x61, 0x3b, 0x41, 0x3b, 0x42, 0x3b, 0xc2, 0x4a,
    0xe3, 0x69, 0xe3, 0x69, 0xe3, 0x69, 0xe3, 0x69, 0xe3, 0x69, 0xc3, 0x69,
    0x03, 0x72, 0x23, 0x7a, 0x43, 0x82, 0x44, 0x82, 0x43, 0x82, 0x63, 0x82,
    0x43, 0x8a, 0x43, 0x82, 0x43, 0x82, 0x43, 0x8a, 0x43, 0x82, 0x43, 0x8a,
    0xe2, 0x3a, 0xe3, 0x3a, 0xc3, 0x42, 0x83, 0x42, 0x43, 0x4a, 0xe3, 0x59,
    0xc3, 0x59, 0xc3, 0x59, 0xc3, 0x61, 0xc3, 0x61, 0xe4, 0x59, 0x83, 0x4a,
    0x03, 0x33, 0x03, 0x33, 0x23, 0x3b, 0x03, 0x3b, 0x43, 0x52, 0xe4, 0x61,
    0xe3, 0x69, 0x04, 0x6a, 0x24, 0x6a, 0x63, 0x5a, 0xe3, 0x42, 0x23, 0x3b,
    0xc4, 0x52, 0x24, 0x6a, 0x44, 0x72, 0x24, 0x72, 0x24, 0x72, 0x24, 0x72,
    0x24, 0x72, 0x24, 0x72, 0x24, 0x72, 0x24, 0x72, 0x24, 0x72, 0x24, 0x72,
    0x24, 0x72, 0x24, 0x72, 0x04, 0x72, 0x04, 0x72, 0x04, 0x6a, 0x24, 0x72,
    0x04, 0x72, 0x24, 0x6a, 0x24, 0x72, 0x04, 0x72, 0x04, 0x6a, 0x24, 0x72,
    0x04, 0x72, 0x24, 0x72, 0x04, 0x72, 0x05, 0x72, 0x04, 0x6a, 0x24, 0x72,
    0x24, 0x72, 0x86, 0x5a, 0xc8, 0x33, 0xe9, 0x33, 0xc9, 0x33, 0xea, 0x33,
    0xe9, 0x33, 0xe9, 0x33, 0x0a, 0x34, 0xea, 0x33, 0xea, 0x33, 0x09, 0x34,
    0xea, 0x33, 0x09, 0x34, 0x09, 0x34, 0x09, 0x34, 0x09, 0x34, 0x09, 0x34,
    0x09, 0x3c, 0x09, 0x34, 0x28, 0x3c, 0x28, 0x34, 0x84, 0x9b, 0x80, 0xf3,
    0xa0, 0xf3, 0xa0, 0xf3, 0xc0, 0xf3, 0xe0, 0xfb, 0x00, 0xf4, 0x00, 0xfc,
    0x40, 0xf4, 0x40, 0xfc, 0x80, 0xfc, 0x80, 0xfc, 0xa0, 0xfc, 0xc0, 0xfc,
    0xe0, 0xfc, 0xe0, 0xfc, 0x00, 0xfd, 0x00, 0xfd, 0x00, 0xfd, 0x20, 0xfd,
    0x20, 0xfd, 0x20, 0xfd, 0x40, 0xfd, 0x40, 0xfd, 0x40, 0xfd, 0x40, 0xfd,
    0x40, 0xfd, 0x40, 0xfd, 0x40, 0xfd, 0x40, 0xfd, 0x40, 0xfd, 0x40, 0xfd,
    0x20, 0xfd, 0x20, 0xfd, 0x20, 0xfd, 0x00, 0xfd, 0x00, 0xfd, 0x20, 0xfd,
    0x00, 0xfd, 0x00, 0xfd, 0x00, 0xfd, 0xe0, 0xfc, 0x00, 0xfd, 0x00, 0xfd,
    0xe0, 0xfc, 0xe0, 0xfc, 0xc0, 0xfc, 0xc0, 0xfc, 0xc0, 0xfc, 0xc0, 0xfc,
    0xc0, 0xfc, 0xa0, 0xfc, 0x80, 0xfc, 0x60, 0xfc, 0x60, 0xf4, 0x40, 0xf4,
    0x20, 0xf4, 0x00, 0xf4, 0x00, 0xfc, 0xe0, 0xf3, 0xe0, 0xf3, 0xc0, 0xf3,
    0x80, 0xf3, 0x40, 0xeb, 0xa0, 0xca, 0x80, 0x78, 0x20, 0x70, 0xe0, 0x90,
    0x60, 0xca, 0x00, 0xf4, 0x80, 0xfc, 0xa0, 0xfc, 0x80, 0xf4, 0x80, 0xfc,
    0x60, 0xfc, 0x80, 0xfc, 0x60, 0xf4, 0x40, 0xf4, 0x40, 0xfc, 0x20, 0xf4,
    0x00, 0xf4, 0xe0, 0xf3, 0xc0, 0xf3, 0xa0, 0xf3, 0x80, 0xf3, 0x60, 0xeb,
    0x40, 0xeb, 0x00, 0xe3, 0x00, 0xe3, 0xc0, 0xe2, 0xa0, 0xda, 0x81, 0xb1,
    0x82, 0x98, 0xa3, 0xa0, 0xc3, 0xa0, 0xc3, 0xa8, 0xc3, 0xa8, 0xc3, 0xa8,
    0xe4, 0xa8, 0x04, 0xb1, 0x04, 0xb1, 0x89, 0x53, 0x8b, 0x34, 0x6a, 0x34,
    0x4a, 0x34, 0x4a, 0x34, 0x4a, 0x34, 0x2a, 0x2c, 0x0a, 0x34, 0xe9, 0x2b,
    0xe9, 0x2b, 0xe9, 0x33, 0xe9, 0x2b, 0xe9, 0x2b, 0xe9, 0x2b, 0xc9, 0x2b,
    0xc9, 0x2b, 0xc9, 0x2b, 0xc9, 0x2b, 0xc6, 0x33, 0x03, 0x3c, 0x22, 0x44,
    0x22, 0x44, 0x02, 0x44, 0x22, 0x44, 0x22, 0x44, 0x03, 0x3c, 0xc5, 0x33,
    0xc5, 0x33, 0xe3, 0x3b, 0xe1, 0x43, 0x01, 0x44, 0x02, 0x44, 0xe2, 0x43,
    0xe2, 0x43, 0xe2, 0x43, 0xe2, 0x43, 0xc1, 0x43, 0xc1, 0x3b, 0xc2, 0x43,
    0xa1, 0x3b, 0x82, 0x3b, 0x62, 0x3b, 0x41, 0x3b, 0x22, 0x3b, 0x23, 0x5a,
    0xe3, 0x69, 0xe3, 0x69, 0xe3, 0x69, 0xe3, 0x69, 0xc3, 0x69, 0xe3, 0x69,
    0x04, 0x72, 0x44, 0x82, 0x43, 0x82, 0x64, 0x82, 0x43, 0x8a, 0x44, 0x8a,
    0x64, 0x82, 0x63, 0x8a, 0x44, 0x8a, 0x64, 0x82, 0x63, 0x8a, 0x43, 0x8a,
    0x02, 0x33, 0x02, 0x33, 0x02, 0x33, 0x02, 0x33, 0x02, 0x33, 0xe3, 0x3a,
    0x63, 0x42, 0x03, 0x4a, 0xe3, 0x59, 0xc3, 0x59, 0x03, 0x52, 0xe3, 0x3a,
    0x02, 0x33, 0x03, 0x33, 0x03, 0x33, 0x03, 0x33, 0x63, 0x4a, 0xc3, 0x61,
    0xe3, 0x61, 0x04, 0x62, 0xa3, 0x4a, 0x23, 0x3b, 0x43, 0x3b, 0x23, 0x33,
    0x23, 0x43, 0x64, 0x62, 0x24, 0x72, 0x24, 0x72, 0x25, 0x7a, 0x44, 0x7a,
    0x24, 0x72, 0x24, 0x7a, 0x24, 0x7a, 0x24, 0x72, 0x24, 0x72, 0x24, 0x72,
    0x24, 0x72, 0x04, 0x72, 0x04, 0x72, 0x04, 0x6a, 0x04, 0x72, 0x04, 0x6a,
    0x04, 0x72, 0x24, 0x72, 0x04, 0x6a, 0x05, 0x72, 0x24, 0x72, 0x05, 0x6a,
    0x25, 0x72, 0x04, 0x72, 0x24, 0x72, 0x05, 0x6a, 0x24, 0x72, 0x24, 0x72,
    0x25, 0x72, 0x65, 0x62, 0x87, 0x33, 0xc8, 0x33, 0xe9, 0x33, 0xc9, 0x33,
    0xc8, 0x2b, 0xe9, 0x33, 0xe8, 0x33, 0xe8, 0x2b, 0xe8, 0x33, 0xe9, 0x33,
    0xe9, 0x33, 0xe9, 0x33, 0x08, 0x34, 0x09, 0x34, 0x08, 0x34, 0x08, 0x34,
    0xe8, 0x33, 0x08, 0x34, 0x08, 0x34, 0x08, 0x34, 0xc5, 0x5b, 0x41, 0xe3,
    0x80, 0xf3, 0xa0, 0xf3, 0xa0, 0xf3, 0xc0, 0xf3, 0xe0, 0xfb, 0x00, 0xf4,
    0x00, 0xf4, 0x20, 0xfc, 0x60, 0xfc, 0x60, 0xf4, 0x80, 0xfc, 0xa0, 0xfc,
    0xc0, 0xfc, 0xe0, 0xfc, 0xe0, 0xfc, 0xe0, 0xfc, 0x00, 0xfd, 0x00, 0xfd,
    0x00, 0xfd, 0x00, 0xfd, 0x20, 0xfd, 0x20, 0xfd, 0x20, 0xfd, 0x20, 0xfd,
    0x40, 0xfd, 0x20, 0xfd, 0x20, 0xfd, 0x40, 0xfd, 0x20, 0xfd, 0x20, 0xfd,
    0x00, 0xfd, 0x00, 0xfd, 0x00, 0xfd, 0x00, 0xfd, 0x00, 0xfd, 0x00, 0xfd,
    0xe0, 0xfc, 0xc0, 0xfc, 0xe0, 0xfc, 0xe0, 0xfc, 0xe0, 0xfc, 0xe0, 0xfc,
    0xc0, 0xfc, 0xc0, 0xfc, 0xa0, 0xfc, 0xa0, 0xfc, 0xa0, 0xfc, 0xa0, 0xfc,
    0x80, 0xfc, 0x60, 0xfc, 0x40, 0xf4, 0x40, 0xfc, 0x40, 0xf4, 0x20, 0xf4,
    0x00, 0xf4, 0x00, 0xf4, 0xc0, 0xf3, 0xc0, 0xf3, 0xc0, 0xf3, 0xa0, 0xf3,
    0x80, 0xeb, 0x20, 0xe3, 0x00, 0x89, 0x40, 0x78, 0xc1, 0x88, 0x61, 0xd2,
    0x80, 0xda, 0xc0, 0xda, 0x40, 0xf4, 0x80, 0xfc, 0x60, 0xf4, 0x60, 0xf4,
    0x60, 0xf4, 0x60, 0xfc, 0x40, 0xf4, 0x40, 0xfc, 0x20, 0xf4, 0x00, 0xf4,
    0x00, 0xf4, 0xe0, 0xf3, 0xc0, 0xf3, 0xa0, 0xf3, 0x80, 0xeb, 0x60, 0xeb,
    0x20, 0xeb, 0x20, 0xeb, 0x00, 0xe3, 0xc0, 0xe2, 0x80, 0xda, 0x02, 0xa1,
    0x83, 0x98, 0xa3, 0xa0, 0xc3, 0xa0, 0xc3, 0xa8, 0xc3, 0xa8, 0xe4, 0xa8,
    0xe4, 0xb0, 0x04, 0xb1, 0x45, 0xa1, 0x0a, 0x3c, 0x6a, 0x34, 0x4a, 0x34,
    0x6a, 0x34, 0x4a, 0x34, 0x4a, 0x34, 0x0a, 0x2c, 0xe9, 0x2b, 0xe9, 0x33,
    0x09, 0x2c, 0xe9, 0x33, 0xea, 0x2b, 0xe9, 0x2b, 0xe9, 0x33, 0xc9, 0x2b,
    0xe9, 0x2b, 0xc9, 0x2b, 0xc8, 0x2b, 0xe4, 0x3b, 0x03, 0x44, 0x03, 0x3c,
    0x22, 0x44, 0x02, 0x44, 0x02, 0x3c, 0x22, 0x44, 0x22, 0x44, 0x02, 0x44,
    0xe2, 0x3b, 0x02, 0x44, 0xe2, 0x43, 0xe1, 0x3b, 0xc1, 0x3b, 0xe2, 0x43,
    0xe1, 0x43, 0xe1, 0x43, 0xe2, 0x43, 0xc1, 0x3b, 0xa2, 0x43, 0xa2, 0x3b,
    0xa1, 0x3b, 0x81, 0x3b, 0x62, 0x3b, 0x42, 0x3b, 0xc2, 0x42, 0xe3, 0x61,
    0xe3, 0x69, 0xe3, 0x69, 0xc3, 0x69, 0xe3, 0x69, 0xc3, 0x69, 0xe3, 0x69,
    0x23, 0x7a, 0x43, 0x82, 0x44, 0x82, 0x43, 0x82, 0x64, 0x82, 0x43, 0x8a,
    0x63, 0x82, 0x63, 0x8a, 0x43, 0x82, 0x43, 0x82, 0x63, 0x8a, 0x44, 0x82,
    0x02, 0x33, 0x03, 0x33, 0x03, 0x3b, 0x02, 0x3b, 0x02, 0x33, 0x02, 0x33,
    0x02, 0x3b, 0x02, 0x33, 0xc3, 0x3a, 0xe3, 0x51, 0x43, 0x42, 0x03, 0x33,
    0x02, 0x3b, 0x02, 0x3b, 0x03, 0x3b, 0x02, 0x33, 0x83, 0x42, 0xe4, 0x61,
    0x03, 0x62, 0xc3, 0x42, 0x03, 0x3b, 0x23, 0x3b, 0x23, 0x33, 0x23, 0x33,
    0x03, 0x3b, 0x64, 0x62, 0x24, 0x72, 0x24, 0x72, 0x24, 0x72, 0x24, 0x72,
    0x24, 0x72, 0x24, 0x72, 0x24, 0x72, 0x04, 0x72, 0x24, 0x72, 0x24, 0x72,
    0x24, 0x72, 0x04, 0x72, 0x24, 0x72, 0x04, 0x72, 0x04, 0x6a, 0x04, 0x6a,
    0x04, 0x72, 0x24, 0x72, 0x04, 0x6a, 0x04, 0x72, 0x24, 0x72, 0x04, 0x6a,
    0x24, 0x72, 0x24, 0x72, 0x24, 0x6a, 0x24, 0x72, 0x24, 0x72, 0x04, 0x6a,
    0x25, 0x72, 0x25, 0x72, 0x26, 0x43, 0xc6, 0x33, 0xc6, 0x33, 0xa6, 0x33,
    0xc6, 0x33, 0xc6, 0x33, 0xc6, 0x33, 0xc6, 0x33, 0xe6, 0x33, 0xc6, 0x33,
    0xe6, 0x33, 0xe6, 0x33, 0xe6, 0x33, 0xe6, 0x33, 0xe6, 0x33, 0xe6, 0x33,
    0xe6, 0x33, 0x05, 0x34, 0x06, 0x3c, 0x06, 0x3c, 0x06, 0x3c, 0xa3, 0x9b,
    0x60, 0xf3, 0x80, 0xf3, 0xa0, 0xf3, 0xc0, 0xf3, 0xc0, 0xf3, 0xe0, 0xf3,
    0x00, 0xfc, 0x00, 0xf4, 0x20, 0xf4, 0x40, 0xfc, 0x40, 0xfc, 0x60, 0xfc,
    0x80, 0xfc, 0xa0, 0xfc, 0xc0, 0xfc, 0xc0, 0xfc, 0xe0, 0xfc, 0xe0, 0xfc,
    0xe0, 0xfc, 0xe0, 0xfc, 0xe0, 0xfc, 0x00, 0xfd, 0x00, 0xfd, 0x20, 0xfd,
    0x20, 0xfd, 0x00, 0xfd, 0x00, 0xfd, 0x00, 0xfd, 0x00, 0xfd, 0x00, 0xfd,
    0x00, 0xfd, 0xe0, 0xfc, 0xe0, 0xfc, 0x00, 0xfd, 0xc0, 0xfc, 0xc0, 0xfc,
    0xc0, 0xfc, 0xe0, 0xfc, 0xe0, 0xfc, 0xe0, 0xfc, 0xe0, 0xfc, 0xc0, 0xfc,
    0xc0, 0xfc, 0xa0, 0xfc, 0xa0, 0xfc, 0x80, 0xfc, 0x60, 0xf4, 0x60, 0xf4,
    0x60, 0xfc, 0x40, 0xf4, 0x40, 0xf4, 0x20, 0xfc, 0x00, 0xf4, 0xe0, 0xf3,
    0xe0, 0xf3, 0xc0, 0xf3, 0xc0, 0xf3, 0xa0, 0xf3, 0xa0, 0xf3, 0x80, 0xeb,
    0x20, 0xe3, 0x40, 0x91, 0x20, 0x70, 0x60, 0x78, 0x20, 0xba, 0x00, 0xe3,
    0x00, 0xeb, 0x20, 0xe3, 0xc0, 0xf3, 0x40, 0xf4, 0x40, 0xf4, 0x40, 0xfc,
    0x40, 0xfc, 0x40, 0xf4, 0x40, 0xf4, 0x20, 0xf4, 0x00, 0xf4, 0xe0, 0xf3,
    0xe0, 0xf3, 0xc0, 0xf3, 0xa0, 0xf3, 0xa0, 0xf3, 0x80, 0xeb, 0x40, 0xeb,
    0x20, 0xeb, 0x00, 0xe3, 0xe0, 0xe2, 0xc0, 0xe2, 0x41, 0xca, 0xa2, 0x98,
    0xa2, 0x98, 0xa3, 0xa0, 0xc3, 0xa0, 0xc3, 0xa8, 0xc4, 0xa8, 0xe4, 0xa8,
    0xe3, 0xa8, 0xe4, 0xb0, 0x06, 0x82, 0x8b, 0x34, 0x6b, 0x34, 0x4b, 0x34,
    0x6b, 0x34, 0x4a, 0x34, 0x2a, 0x34, 0x0a, 0x2c, 0x09, 0x34, 0xe9, 0x2b,
    0xe9, 0x2b, 0xe9, 0x2b, 0xe9, 0x2b, 0xe9, 0x2b, 0xc9, 0x2b, 0xe9, 0x2b,
    0xc9, 0x2b, 0xc9, 0x2b, 0xc8, 0x2b, 0xe4, 0x33, 0x02, 0x44, 0x02, 0x3c,
    0x02, 0x3c, 0x02, 0x3c, 0x03, 0x3c, 0x02, 0x3c, 0x02, 0x44, 0x02, 0x44,
    0x02, 0x44, 0xe1, 0x43, 0xe2, 0x43, 0xe2, 0x43, 0xc1, 0x3b, 0xc2, 0x3b,
    0xe1, 0x3b, 0xe2, 0x43, 0xc2, 0x43, 0xc1, 0x3b, 0xa2, 0x3b, 0x82, 0x3b,
    0x81, 0x3b, 0x62, 0x3b, 0x62, 0x3b, 0x41, 0x3b, 0x62, 0x52, 0xe3, 0x61,
    0xe3, 0x61, 0xe3, 0x69, 0xe3, 0x69, 0xc3, 0x69, 0xe3, 0x69, 0xe3, 0x71,
    0x23, 0x7a, 0x44, 0x82, 0x63, 0x82, 0x43, 0x82, 0x43, 0x8a, 0x64, 0x82,
    0x43, 0x8a, 0x44, 0x82, 0x64, 0x8a, 0x43, 0x8a, 0x43, 0x82, 0x63, 0x82,
    0xe2, 0x32, 0xe2, 0x32, 0x02, 0x33, 0x03, 0x33, 0x02, 0x33, 0x02, 0x33,
    0xe2, 0x32, 0x02, 0x33, 0x02, 0x3b, 0x83, 0x3a, 0x83, 0x3a, 0xe2, 0x32,
    0x03, 0x33, 0x02, 0x33, 0x02, 0x33, 0x02, 0x33, 0xa3, 0x42, 0xe4, 0x59,
    0x63, 0x4a, 0x22, 0x33, 0x03, 0x3b, 0x22, 0x33, 0x22, 0x3b, 0x23, 0x33,
    0x03, 0x3b, 0x44, 0x62, 0x24, 0x6a, 0x24, 0x72, 0x24, 0x6a, 0x24, 0x72,
    0x24, 0x72, 0x24, 0x72, 0x04, 0x72, 0x24, 0x72, 0x24, 0x72, 0x24, 0x72,
    0x04, 0x72, 0x04, 0x72, 0x04, 0x6a, 0x04, 0x6a, 0x04, 0x72, 0x04, 0x6a,
    0x04, 0x72, 0x04, 0x72, 0x04, 0x6a, 0x04, 0x6a, 0x04, 0x72, 0x04, 0x6a,
    0x04, 0x72, 0x04, 0x72, 0x04, 0x6a, 0x04, 0x72, 0x04, 0x72, 0x24, 0x72,
    0x24, 0x6a, 0x04, 0x72, 0x05, 0x4b, 0xc5, 0x33, 0xa5, 0x33, 0xa5, 0x33,
    0xc5, 0x33, 0xc5, 0x33, 0xc6, 0x33, 0xc6, 0x33, 0xc5, 0x33, 0xe5, 0x33,
    0xc5, 0x33, 0xc5, 0x33, 0xe5, 0x33, 0xc5, 0x33, 0xe5, 0x33, 0xe5, 0x33,
    0xe5, 0x33, 0xe5, 0x3b, 0x06, 0x3c, 0x06, 0x3c, 0x06, 0x3c, 0xe5, 0x4b,
    0x61, 0xc3, 0x80, 0xf3, 0x80, 0xf3, 0x80, 0xf3, 0xa0, 0xf3, 0xa0, 0xf3,
    0xc0, 0xf3, 0xe0, 0xf3, 0x00, 0xf4, 0x20, 0xfc, 0x20, 0xfc, 0x20, 0xf4,
    0x60, 0xfc, 0x60, 0xfc, 0x80, 0xfc, 0xa0, 0xfc, 0xc0, 0xfc, 0xc0, 0xfc,
    0xa0, 0xfc, 0xc0, 0xfc, 0xe0, 0xfc, 0xe0, 0xfc, 0x00, 0xfd, 0x00, 0xfd,
    0xe0, 0xfc, 0xe0, 0xfc, 0xe0, 0xfc, 0xe0, 0xfc, 0xe0, 0xfc, 0xe0, 0xfc,
    0xe0, 0xfc, 0xe0, 0xfc, 0xc0, 0xfc, 0xc0, 0xfc, 0xa0, 0xfc, 0xa0, 0xfc,
    0xc0, 0xfc, 0xc0, 0xfc, 0xe0, 0xfc, 0xc0, 0xfc, 0xc0, 0xfc, 0xa0, 0xfc,
    0x80, 0xfc, 0x80, 0xf4, 0x60, 0xfc, 0x60, 0xfc, 0x40, 0xf4, 0x20, 0xf4,
    0x20, 0xfc, 0x20, 0xf4, 0x00, 0xf4, 0x00, 0xf4, 0xe0, 0xf3, 0xc0, 0xf3,
    0xc0, 0xf3, 0xa0, 0xf3, 0xa0, 0xf3, 0x80, 0xeb, 0x60, 0xeb, 0x00, 0xe3,
    0x40, 0x91, 0x40, 0x70, 0x41, 0x78, 0x60, 0x99, 0x20, 0xe3, 0x60, 0xeb,
    0x80, 0xeb, 0xa0, 0xf3, 0xe0, 0xf3, 0x20, 0xf4, 0x40, 0xfc, 0x40, 0xf4,
    0x40, 0xf4, 0x20, 0xf4, 0x20, 0xfc, 0x00, 0xfc, 0x00, 0xf4, 0x00, 0xf4,
    0xe0, 0xf3, 0xc0, 0xf3, 0xa0, 0xf3, 0x80, 0xeb, 0x60, 0xeb, 0x40, 0xeb,
    0x20, 0xeb, 0x00, 0xe3, 0xe0, 0xe2, 0xc0, 0xe2, 0xc2, 0xb9, 0x82, 0x90,
    0xa3, 0xa0, 0xc3, 0xa0, 0xc3, 0xa0, 0xc3, 0xa8, 0xe3, 0xa8, 0xe4, 0xa8,
    0xe4, 0xa8, 0xe4, 0xb0, 0x08, 0x5b, 0x6b, 0x34, 0x6a, 0x34, 0x6a, 0x34,
    0x4a, 0x34, 0x4a, 0x34, 0x2a, 0x34, 0x0a, 0x2c, 0xe9, 0x2b, 0xe9, 0x2b,
    0xe9, 0x2b, 0xe9, 0x2b, 0xe9, 0x2b, 0xe9, 0x2b, 0xe9, 0x2b, 0xc9, 0x2b,
    0xc9, 0x2b, 0xc9, 0x2b, 0xc8, 0x2b, 0xe5, 0x33, 0x03, 0x3c, 0xe3, 0x3b,
    0xe2, 0x43, 0x02, 0x44, 0x02, 0x44, 0xe2, 0x3b, 0x02, 0x44, 0x02, 0x44,
    0x02, 0x44, 0x01, 0x44, 0x01, 0x3c, 0xe2, 0x43, 0xc1, 0x3b, 0xa2, 0x3b,
    0xa2, 0x3b, 0xa2, 0x3b, 0xa1, 0x3b, 0x81, 0x3b, 0x81, 0x3b, 0x81, 0x3b,
    0x61, 0x3b, 0x61, 0x3b, 0x42, 0x3b, 0x22, 0x3b, 0x23, 0x5a, 0xc3, 0x61,
    0xc3, 0x69, 0xc3, 0x69, 0xe3, 0x69, 0xc3, 0x69, 0xe3, 0x69, 0x03, 0x72,
    0x44, 0x82, 0x43, 0x82, 0x44, 0x82, 0x63, 0x8a, 0x64, 0x8a, 0x44, 0x82,
    0x63, 0x8a, 0x43, 0x82, 0x64, 0x82, 0x43, 0x8a, 0x43, 0x8a, 0x64, 0x8a,
    0xc3, 0x4a, 0x02, 0x33, 0x02, 0x33, 0x03, 0x3b, 0xe2, 0x32, 0x02, 0x3b,
    0xe3, 0x32, 0xe2, 0x32, 0xe2, 0x3a, 0xe2, 0x32, 0xc2, 0x32, 0xe2, 0x32,
    0xe2, 0x32, 0x03, 0x3b, 0x02, 0x33, 0x02, 0x3b, 0xa3, 0x3a, 0x03, 0x52,
    0xc2, 0x3a, 0x02, 0x33, 0x02, 0x33, 0x23, 0x33, 0x22, 0x3b, 0x23, 0x3b,
    0xe3, 0x42, 0x44, 0x62, 0x04, 0x6a, 0x04, 0x6a, 0x04, 0x6a, 0x04, 0x72,
    0x24, 0x72, 0x04, 0x6a, 0x24, 0x6a, 0x04, 0x72, 0x24, 0x72, 0x04, 0x72,
    0x04, 0x72, 0x04, 0x72, 0x04, 0x6a, 0x04, 0x72, 0x04, 0x72, 0x04, 0x6a,
    0x04, 0x6a, 0x04, 0x72, 0x04, 0x6a, 0x04, 0x6a, 0x04, 0x6a, 0x04, 0x6a,
    0x24, 0x6a, 0x25, 0x6a, 0x04, 0x6a, 0x24, 0x6a, 0x25, 0x72, 0x24, 0x6a,
    0x24, 0x6a, 0x24, 0x6a, 0xa4, 0x52, 0xa4, 0x33, 0x85, 0x33, 0xa5, 0x33,
    0xa5, 0x33, 0xc5, 0x33, 0xc5, 0x33, 0xc5, 0x33, 0xc5, 0x33, 0xe5, 0x33,
    0xe5, 0x33, 0xc5, 0x33, 0xc5, 0x33, 0xe5, 0x33, 0xe5, 0x33, 0xe4, 0x33,
    0xe5, 0x33, 0xe4, 0x33, 0xe5, 0x33, 0xe5, 0x33, 0x05, 0x3c, 0x05, 0x34,
    0xc4, 0x5b, 0x60, 0xdb, 0x80, 0xf3, 0x80, 0xf3, 0x80, 0xf3, 0xa0, 0xf3,
    0xc0, 0xf3, 0xc0, 0xf3, 0xe0, 0xf3, 0xe0, 0xf3, 0x20, 0xfc, 0x20, 0xf4,
    0x20, 0xf4, 0x40, 0xfc, 0x60, 0xf4, 0x60, 0xfc, 0x80, 0xfc, 0x80, 0xfc,
    0xa0, 0xfc, 0xc0, 0xfc, 0xc0, 0xfc, 0xc0, 0xfc, 0xc0, 0xfc, 0xc0, 0xfc,
    0xc0, 0xfc, 0xc0, 0xfc, 0xc0, 0xfc, 0xc0, 0xfc, 0xc0, 0xfc, 0xc0, 0xfc,
    0xc0, 0xfc, 0xc0, 0xfc, 0xa0, 0xfc, 0xa0, 0xfc, 0xa0, 0xfc, 0xa0, 0xfc,
    0xa0, 0xfc, 0xa0, 0xfc, 0xa0, 0xfc, 0xa0, 0xfc, 0x80, 0xfc, 0x80, 0xf4,
    0x60, 0xfc, 0x40, 0xfc, 0x40, 0xf4, 0x40, 0xfc, 0x20, 0xf4, 0x00, 0xf4,
    0x00, 0xf4, 0xe0, 0xfb, 0xe0, 0xf3, 0xc0, 0xf3, 0xc0, 0xf3, 0xa0, 0xf3,
    0xa0, 0xf3, 0xa0, 0xf3, 0x80, 0xeb, 0x60, 0xeb, 0xe1, 0xda, 0x20, 0x89,
    0x20, 0x70, 0x40, 0x78, 0xa0, 0x80, 0xa0, 0xd2, 0x80, 0xeb, 0xa0, 0xf3,
    0xc0, 0xf3, 0xe0, 0xf3, 0x00, 0xf4, 0x40, 0xf4, 0x40, 0xfc, 0x40, 0xf4,
    0x20, 0xf4, 0x20, 0xfc, 0x00, 0xf4, 0x00, 0xf4, 0x00, 0xf4, 0xe0, 0xf3,
    0xc0, 0xf3, 0xa0, 0xf3, 0x80, 0xf3, 0x80, 0xeb, 0x60, 0xeb, 0x40, 0xeb,
    0x00, 0xe3, 0x00, 0xe3, 0xc0, 0xe2, 0x81, 0xd2, 0x02, 0xa1, 0xa2, 0x98,
    0xa2, 0xa0, 0xc3, 0xa0, 0xc3, 0xa0, 0xc3, 0xa8, 0xe4, 0xa8, 0xe3, 0xa8,
    0xc4, 0xa8, 0x64, 0x91, 0x4b, 0x34, 0x6b, 0x34, 0x6b, 0x34, 0x4a, 0x34,
    0x6a, 0x34, 0x4a, 0x34, 0x2a, 0x2c, 0x09, 0x2c, 0xe9, 0x2b, 0xe9, 0x33,
    0xe9, 0x33, 0xe9, 0x2b, 0xe9, 0x2b, 0xc9, 0x2b, 0xe9, 0x2b, 0xe8, 0x2b,
    0xc8, 0x2b, 0xc8, 0x2b, 0xc8, 0x2b, 0xc7, 0x2b, 0xe4, 0x3b, 0x02, 0x3c,
    0xe2, 0x3b, 0xe2, 0x3b, 0xe2, 0x43, 0x02, 0x3c, 0xe2, 0x3b, 0xe2, 0x43,
    0x02, 0x44, 0xe2, 0x43, 0xe1, 0x43, 0xe1, 0x43, 0xe2, 0x43, 0xa1, 0x3b,
    0xa1, 0x3b, 0x81, 0x3b, 0x82, 0x3b, 0x82, 0x3b, 0x82, 0x3b, 0x62, 0x3b,
    0x62, 0x3b, 0x41, 0x33, 0x41, 0x33, 0x02, 0x3b, 0x03, 0x62, 0xe3, 0x61,
    0xe3, 0x69, 0xe3, 0x69, 0xe3, 0x69, 0xc3, 0x69, 0xc3, 0x69, 0x23, 0x72,
    0x43, 0x82, 0x44, 0x82, 0x43, 0x82, 0x63, 0x82, 0x43, 0x82, 0x43, 0x82,
    0x43, 0x82, 0x43, 0x8a, 0x43, 0x82, 0x64, 0x8a, 0x43, 0x82, 0x43, 0x82,
    0xa5, 0x92, 0xc4, 0x7a, 0xe3, 0x52, 0xe3, 0x3a, 0xe2, 0x32, 0xe2, 0x32,
    0xe3, 0x32, 0xe2, 0x32, 0xe2, 0x32, 0xe3, 0x32, 0xc3, 0x3a, 0xe2, 0x32,
    0xe2, 0x32, 0xe3, 0x32, 0x03, 0x33, 0x02, 0x3b, 0xa3, 0x3a, 0xa3, 0x3a,
    0x02, 0x33, 0x02, 0x33, 0x03, 0x3b, 0x03, 0x33, 0x02, 0x33, 0x23, 0x33,
    0xc3, 0x42, 0x24, 0x62, 0x04, 0x6a, 0x04, 0x6a, 0x04, 0x6a, 0x04, 0x6a,
    0x04, 0x6a, 0x04, 0x6a, 0x04, 0x6a, 0x04, 0x6a, 0x24, 0x6a, 0x24, 0x6a,
    0x04, 0x6a, 0x04, 0x72, 0x04, 0x6a, 0x04, 0x72, 0x04, 0x6a, 0x04, 0x6a,
    0x04, 0x6a, 0x04, 0x6a, 0x04, 0x72, 0x24, 0x72, 0x04, 0x6a, 0x04, 0x72,
    0x04, 0x6a, 0x04, 0x6a, 0x24, 0x72, 0x04, 0x6a, 0x24, 0x72, 0x24, 0x6a,
    0x04, 0x6a, 0x04, 0x6a, 0x84, 0x5a, 0x84, 0x33, 0x85, 0x33, 0x85, 0x33,
    0xa4, 0x33, 0xa5, 0x33, 0xa4, 0x33, 0xa4, 0x33, 0xc4, 0x33, 0xc4, 0x33,
    0xc4, 0x33, 0xc4, 0x33, 0xe5, 0x33, 0xc4, 0x33, 0xc4, 0x33, 0xe4, 0x33,
    0xe4, 0x33, 0xe4, 0x33, 0xe5, 0x33, 0xe4, 0x33, 0x05, 0x3c, 0x05, 0x3c,
    0x05, 0x34, 0xa3, 0x6b, 0x61, 0xe3, 0x60, 0xeb, 0x60, 0xf3, 0x80, 0xf3,
    0x80, 0xf3, 0xa0, 0xf3, 0xc0, 0xf3, 0xc0, 0xf3, 0xe0, 0xf3, 0x00, 0xfc,
    0x00, 0xf4, 0x20, 0xf4, 0x40, 0xfc, 0x40, 0xfc, 0x40, 0xf4, 0x60, 0xf4,
    0x80, 0xfc, 0x80, 0xfc, 0x80, 0xfc, 0xa0, 0xfc, 0xa0, 0xfc, 0xa0, 0xfc,
    0xa0, 0xfc, 0xa0, 0xfc, 0xa0, 0xfc, 0xa0, 0xfc, 0xa0, 0xfc, 0xa0, 0xfc,
    0xa0, 0xfc, 0xa0, 0xfc, 0x80, 0xfc, 0x80, 0xfc, 0x80, 0xfc, 0x80, 0xf4,
    0x80, 0xfc, 0x80, 0xfc, 0x80, 0xfc, 0x80, 0xfc, 0x60, 0xf4, 0x60, 0xfc,
    0x40, 0xf4, 0x20, 0xf4, 0x20, 0xf4, 0x00, 0xf4, 0x00, 0xfc, 0x00, 0xf4,
    0xe0, 0xf3, 0xc0, 0xf3, 0xc0, 0xf3, 0xa0, 0xf3, 0xa0, 0xf3, 0x80, 0xeb,
    0x80, 0xeb, 0x80, 0xeb, 0x40, 0xeb, 0xc0, 0xd2, 0xc0, 0x80, 0x20, 0x70,
    0x20, 0x78, 0x40, 0x70, 0x20, 0xb2, 0x80, 0xeb, 0xc0, 0xf3, 0xe0, 0xf3,
    0x00, 0xf4, 0x00, 0xf4, 0x20, 0xf4, 0x40, 0xfc, 0x40, 0xfc, 0x20, 0xf4,
    0x20, 0xf4, 0x20, 0xf4, 0x00, 0xf4, 0x00, 0xf4, 0xe0, 0xf3, 0xc0, 0xf3,
    0xa0, 0xf3, 0xa0, 0xeb, 0x80, 0xeb, 0x60, 0xeb, 0x40, 0xeb, 0x20, 0xeb,
    0x00, 0xe3, 0xe0, 0xe2, 0xc0, 0xe2, 0x01, 0xc2, 0xa2, 0x90, 0xa2, 0x98,
    0xa3, 0x98, 0xc3, 0xa0, 0xc3, 0xa8, 0xc3, 0xa8, 0xc3, 0xa8, 0xe4, 0xa8,
    0xe4, 0xa8, 0x69, 0x53, 0x8c, 0x2c, 0x6b, 0x34, 0x4a, 0x34, 0x4a, 0x34,
    0x4a, 0x34, 0x4a, 0x34, 0x29, 0x34, 0x09, 0x2c, 0x09, 0x34, 0xe9, 0x2b,
    0xe9, 0x2b, 0xe9, 0x2b, 0xe9, 0x33, 0xc8, 0x2b, 0xc8, 0x2b, 0xe8, 0x2b,
    0xc8, 0x2b, 0xc8, 0x2b, 0xc8, 0x2b, 0xc8, 0x2b, 0xe6, 0x33, 0xe3, 0x3b,
    0xe2, 0x3b, 0xe2, 0x43, 0xe2, 0x3b, 0x02, 0x3c, 0xe2, 0x3b, 0x02, 0x44,
    0xe1, 0x43, 0xe1, 0x43, 0xe2, 0x3b, 0xe2, 0x43, 0xc1, 0x43, 0xc2, 0x3b,
    0xa1, 0x3b, 0x81, 0x3b, 0x82, 0x3b, 0x81, 0x33, 0x61, 0x33, 0x61, 0x3b,
    0x62, 0x3b, 0x41, 0x33, 0x42, 0x33, 0xc2, 0x42, 0xe3, 0x61, 0xe3, 0x61,
    0xc3, 0x69, 0xe3, 0x61, 0xe3, 0x69, 0xe3, 0x69, 0xe3, 0x69, 0x23, 0x7a,
    0x44, 0x82, 0x43, 0x82, 0x44, 0x82, 0x43, 0x82, 0x44, 0x8a, 0x64, 0x8a,
    0x63, 0x8a, 0x43, 0x82, 0x43, 0x82, 0x44, 0x8a, 0x43, 0x82, 0x43, 0x8a,
    0xa4, 0x8a, 0xa4, 0x8a, 0xa4, 0x92, 0xc5, 0x8a, 0xc4, 0x6a, 0xe3, 0x3a,
    0xe2, 0x32, 0xe2, 0x32, 0xe2, 0x32, 0xc2, 0x32, 0xe2, 0x32, 0xc2, 0x32,
    0xe2, 0x32, 0xe2, 0x32, 0xe2, 0x32, 0xe2, 0x32, 0xc2, 0x3a, 0xe2, 0x3a,
    0x02, 0x33, 0x02, 0x3b, 0x02, 0x33, 0x02, 0x3b, 0x03, 0x33, 0x02, 0x33,
    0x63, 0x4a, 0x04, 0x62, 0x04, 0x62, 0x03, 0x6a, 0x23, 0x62, 0x83, 0x52,
    0xa3, 0x52, 0xc3, 0x52, 0xc3, 0x4a, 0x83, 0x52, 0x44, 0x62, 0x03, 0x6a,
    0x04, 0x6a, 0x04, 0x6a, 0x03, 0x6a, 0x04, 0x6a, 0x04, 0x6a, 0x04, 0x6a,
    0x04, 0x6a, 0x04, 0x6a, 0x04, 0x6a, 0x04, 0x72, 0x04, 0x6a, 0x04, 0x6a,
    0x24, 0x6a, 0x64, 0x5a, 0x44, 0x62, 0x24, 0x72, 0x24, 0x6a, 0x04, 0x72,
    0x04, 0x72, 0x04, 0x72, 0x64, 0x62, 0x84, 0x3b, 0x84, 0x33, 0x84, 0x33,
    0x84, 0x33, 0x84, 0x33, 0xa4, 0x33, 0xa4, 0x33, 0xa4, 0x33, 0xc5, 0x33,
    0xc4, 0x33, 0xc4, 0x33, 0xc4, 0x33, 0xc4, 0x33, 0xc4, 0x33, 0xc4, 0x33,
    0xe4, 0x33, 0xe4, 0x33, 0xe4, 0x33, 0xe4, 0x33, 0xe4, 0x33, 0x04, 0x3c,
    0x04, 0x3c, 0x04, 0x34, 0xa3, 0x63, 0x40, 0xe3, 0x60, 0xeb, 0x80, 0xf3,
    0x80, 0xf3, 0x80, 0xf3, 0xa0, 0xf3, 0xa0, 0xf3, 0xc0, 0xf3, 0xe0, 0xf3,
    0xe0, 0xf3, 0x00, 0xf4, 0x20, 0xfc, 0x20, 0xf4, 0x40, 0xfc, 0x40, 0xfc,
    0x40, 0xf4, 0x40, 0xf4, 0x60, 0xfc, 0x60, 0xfc, 0x60, 0xf4, 0x80, 0xfc,
    0x80, 0xfc, 0x80, 0xf4, 0x60, 0xfc, 0x80, 0xfc, 0x80, 0xfc, 0x80, 0xfc,
    0x80, 0xf4, 0x80, 0xf4, 0x80, 0xfc, 0x60, 0xf4, 0x60, 0xfc, 0x60, 0xf4,
    0x60, 0xfc, 0x60, 0xf4, 0x60, 0xf4, 0x60, 0xfc, 0x40, 0xfc, 0x20, 0xf4,
    0x20, 0xfc, 0x00, 0xf4, 0x00, 0xf4, 0xe0, 0xf3, 0xe0, 0xf3, 0xc0, 0xf3,
    0xc0, 0xf3, 0xa0, 0xf3, 0xa0, 0xf3, 0x80, 0xf3, 0x80, 0xf3, 0x80, 0xeb,
    0x60, 0xeb, 0x60, 0xeb, 0x61, 0xc2, 0xa0, 0x78, 0x20, 0x78, 0x20, 0x78,
    0x40, 0x70, 0x21, 0x91, 0x61, 0xe3, 0xe0, 0xf3, 0x00, 0xf4, 0x00, 0xf4,
    0x20, 0xf4, 0x40, 0xf4, 0x40, 0xf4, 0x40, 0xfc, 0x40, 0xf4, 0x20, 0xf4,
    0x20, 0xf4, 0x20, 0xfc, 0x00, 0xf4, 0xe0, 0xf3, 0xe0, 0xf3, 0xc0, 0xf3,
    0xa0, 0xf3, 0x80, 0xf3, 0x60, 0xeb, 0x60, 0xeb, 0x40, 0xeb, 0x20, 0xeb,
    0x00, 0xe3, 0xc0, 0xe2, 0xa0, 0xda, 0x42, 0xa9, 0x82, 0x98, 0xa3, 0x98,
    0xa3, 0xa0, 0xc3, 0xa0, 0xc3, 0xa0, 0xc4, 0xa8, 0xc4, 0xa8, 0xa4, 0xb0,
    0x67, 0x72, 0x8d, 0x34, 0x8c, 0x34, 0x6b, 0x34, 0x4b, 0x34, 0x4a, 0x34,
    0x2a, 0x2c, 0x2a, 0x2c, 0x09, 0x34, 0xe9, 0x2b, 0xe9, 0x2b, 0xe8, 0x2b,
    0xe9, 0x2b, 0xe9, 0x2b, 0xe8, 0x2b, 0xe8, 0x2b, 0xc9, 0x2b, 0xc9, 0x2b,
    0xc8, 0x2b, 0xc8, 0x2b, 0xc8, 0x2b, 0xc8, 0x2b, 0xc7, 0x2b, 0xe3, 0x3b,
    0xe2, 0x3b, 0xe2, 0x3b, 0xe2, 0x3b, 0xe2, 0x43, 0xe2, 0x43, 0xe2, 0x3b,
    0x02, 0x3c, 0x01, 0x44, 0x02, 0x44, 0xe1, 0x43, 0xe2, 0x43, 0xe2, 0x43,
    0x81, 0x3b, 0x82, 0x3b, 0x82, 0x33, 0x81, 0x33, 0x61, 0x33, 0x62, 0x3b,
    0x41, 0x3b, 0x42, 0x33, 0x42, 0x33, 0xc2, 0x42, 0xe3, 0x61, 0xe3, 0x61,
    0xc3, 0x69, 0xc3, 0x69, 0xe3, 0x61, 0xc3, 0x69, 0xe3, 0x69, 0x23, 0x7a,
    0x44, 0x82, 0x43, 0x82, 0x43, 0x82, 0x64, 0x82, 0x43, 0x82, 0x43, 0x82,
    0x44, 0x82, 0x43, 0x82, 0x64, 0x8a, 0x43, 0x82, 0x64, 0x8a, 0x43, 0x82,
    0xc5, 0x92, 0xc5, 0x92, 0xa4, 0x92, 0xc4, 0x92, 0xc5, 0x92, 0xa4, 0x92,
    0xc3, 0x62, 0xe3, 0x3a, 0xe2, 0x32, 0xe2, 0x32, 0xc2, 0x32, 0xc2, 0x32,
    0xc2, 0x32, 0xe2, 0x32, 0xe2, 0x32, 0xe2, 0x32, 0xe2, 0x32, 0x02, 0x33,
    0x02, 0x33, 0x02, 0x33, 0x02, 0x33, 0x02, 0x33, 0x03, 0x3b, 0x02, 0x33,
    0xa3, 0x42, 0x83, 0x52, 0x83, 0x52, 0xa3, 0x4a, 0x03, 0x3b, 0x23, 0x33,
    0x22, 0x33, 0x43, 0x3b, 0x23, 0x3b, 0x23, 0x3b, 0xe3, 0x42, 0x23, 0x62,
    0x04, 0x72, 0x03, 0x6a, 0x03, 0x6a, 0x04, 0x72, 0x04, 0x6a, 0x23, 0x6a,
    0x04, 0x6a, 0x04, 0x6a, 0x04, 0x6a, 0x04, 0x6a, 0x04, 0x6a, 0x83, 0x5a,
    0x23, 0x3b, 0x43, 0x3b, 0xe3, 0x4a, 0x44, 0x6a, 0x04, 0x6a, 0x04, 0x6a,
    0x04, 0x6a, 0x04, 0x6a, 0x64, 0x62, 0x64, 0x3b, 0x64, 0x33, 0x64, 0x33,
    0x84, 0x3b, 0x84, 0x33, 0xa4, 0x33, 0xa4, 0x33, 0xa4, 0x33, 0xc4, 0x33,
    0xc4, 0x33, 0xc4, 0x33, 0xc4, 0x33, 0xc4, 0x33, 0xc4, 0x33, 0xe4, 0x33,
    0xe4, 0x33, 0xe4, 0x33, 0xe4, 0x3b, 0xe4, 0x33, 0xe4, 0x33, 0x04, 0x34,
    0x04, 0x3c, 0x04, 0x3c, 0x04, 0x34, 0xc3, 0x63, 0x41, 0xdb, 0x40, 0xeb,
    0x60, 0xeb, 0x60, 0xf3, 0x60, 0xf3, 0x80, 0xf3, 0x80, 0xf3, 0xa0, 0xf3,
    0xc0, 0xf3, 0xe0, 0xf3, 0xe0, 0xf3, 0x00, 0xf4, 0x00, 0xf4, 0x20, 0xfc,
    0x20, 0xf4, 0x20, 0xf4, 0x20, 0xf4, 0x20, 0xf4, 0x40, 0xfc, 0x40, 0xf4,
    0x40, 0xf4, 0x40, 0xfc, 0x60, 0xf4, 0x60, 0xf4, 0x60, 0xfc, 0x60, 0xf4,
    0x40, 0xfc, 0x40, 0xfc, 0x40, 0xf4, 0x40, 0xfc, 0x60, 0xfc, 0x60, 0xfc,
    0x40, 0xf4, 0x40, 0xfc, 0x20, 0xf4, 0x20, 0xf4, 0x20, 0xf4, 0x00, 0xf4,
    0x00, 0xf4, 0xe0, 0xf3, 0xe0, 0xf3, 0xc0, 0xf3, 0xa0, 0xf3, 0xa0, 0xf3,
    0x80, 0xf3, 0x80, 0xf3, 0x60, 0xeb, 0x60, 0xeb, 0x40, 0xeb, 0x40, 0xeb,
    0x21, 0xe3, 0xc0, 0xa9, 0x40, 0x70, 0x20, 0x78, 0x20, 0x78, 0x20, 0x78,
    0x80, 0x70, 0xc0, 0xca, 0xe0, 0xf3, 0x20, 0xf4, 0x40, 0xf4, 0x40, 0xf4,
    0x40, 0xf4, 0x60, 0xfc, 0x60, 0xfc, 0x40, 0xf4, 0x40, 0xf4, 0x20, 0xf4,
    0x20, 0xf4, 0x00, 0xf4, 0x00, 0xf4, 0xc0, 0xf3, 0xc0, 0xf3, 0xa0, 0xf3,
    0xa0, 0xeb, 0x80, 0xeb, 0x60, 0xeb, 0x60, 0xeb, 0x20, 0xeb, 0x20, 0xeb,
    0xe0, 0xe2, 0xa0, 0xda, 0x41, 0xca, 0xa2, 0x98, 0xa2, 0x98, 0xa2, 0x98,
    0xa3, 0xa0, 0xa3, 0xa0, 0xc3, 0xa0, 0xc3, 0xa8, 0xc4, 0xa8, 0x06, 0x82,
    0x8d, 0x34, 0x8d, 0x34, 0x6c, 0x34, 0x4b, 0x34, 0x2b, 0x34, 0x2a, 0x34,
    0x2a, 0x34, 0x2a, 0x2c, 0x29, 0x2c, 0x09, 0x2c, 0x08, 0x2c, 0x08, 0x34,
    0xe9, 0x2b, 0xe8, 0x2b, 0xc8, 0x2b, 0xe9, 0x2b, 0xe8, 0x2b, 0xc8, 0x2b,
    0xe8, 0x2b, 0xe8, 0x2b, 0xc8, 0x2b, 0xc8, 0x2b, 0xc7, 0x2b, 0xc6, 0x33,
    0xc3, 0x3b, 0xe2, 0x3b, 0xe2, 0x3b, 0xe2, 0x43, 0xe1, 0x43, 0xe2, 0x43,
    0xe2, 0x43, 0xe2, 0x43, 0x01, 0x44, 0xe1, 0x43, 0xe1, 0x3b, 0xe1, 0x3b,
    0xa2, 0x3b, 0x81, 0x3b, 0x62, 0x33, 0x62, 0x33, 0x62, 0x3b, 0x62, 0x33,
    0x42, 0x33, 0x21, 0x3b, 0x22, 0x33, 0x82, 0x4a, 0xc3, 0x61, 0xc3, 0x61,
    0xe3, 0x69, 0xe3, 0x69, 0xc3, 0x61, 0xe3, 0x69, 0x03, 0x72, 0x43, 0x82,
    0x44, 0x82, 0x43, 0x82, 0x43, 0x82, 0x44, 0x82, 0x63, 0x82, 0x43, 0x82,
    0x44, 0x82, 0x43, 0x82, 0x63, 0x8a, 0x43, 0x82, 0x43, 0x82, 0x63, 0x8a,
    0xc4, 0x92, 0xa4, 0x92, 0xc5, 0x92, 0xc5, 0x92, 0xc4, 0x92, 0xc5, 0x92,
    0xa4, 0x92, 0xa4, 0x8a, 0xe3, 0x52, 0xe2, 0x32, 0xc3, 0x32, 0xc2, 0x32,
    0xc2, 0x32, 0xe2, 0x32, 0xe2, 0x32, 0xe2, 0x32, 0xe3, 0x32, 0xe2, 0x32,
    0xe2, 0x32, 0x03, 0x33, 0x02, 0x33, 0x02, 0x33, 0x02, 0x33, 0x03, 0x33,
    0xe2, 0x3a, 0xe2, 0x3a, 0x02, 0x33, 0x23, 0x33, 0x23, 0x33, 0x23, 0x3b,
    0x22, 0x33, 0x23, 0x3b, 0x22, 0x33, 0x22, 0x3b, 0xe3, 0x42, 0x24, 0x62,
    0x04, 0x6a, 0x03, 0x6a, 0x04, 0x6a, 0x04, 0x72, 0x03, 0x6a, 0x03, 0x6a,
    0x04, 0x6a, 0x04, 0x6a, 0x03, 0x6a, 0x04, 0x6a, 0x63, 0x5a, 0x23, 0x3b,
    0x42, 0x3b, 0x43, 0x3b, 0x03, 0x43, 0x24, 0x6a, 0x24, 0x6a, 0x04, 0x6a,
    0x04, 0x6a, 0x04, 0x72, 0x64, 0x62, 0x44, 0x3b, 0x64, 0x33, 0x64, 0x33,
    0x84, 0x33, 0x84, 0x33, 0x84, 0x33, 0x84, 0x33, 0xa4, 0x33, 0xa4, 0x33,
    0xa4, 0x33, 0xc4, 0x33, 0xc4, 0x33, 0xc4, 0x33, 0xc4, 0x33, 0xc4, 0x33,
    0xc4, 0x33, 0xe4, 0x33, 0xe4, 0x33, 0xe4, 0x33, 0xe4, 0x33, 0x04, 0x3c,
    0x04, 0x34, 0x04, 0x3c, 0x04, 0x3c, 0x04, 0x3c, 0xc3, 0x4b, 0x41, 0xc3,
    0x40, 0xeb, 0x40, 0xeb, 0x60, 0xeb, 0x60, 0xeb, 0x60, 0xf3, 0x80, 0xf3,
    0x80, 0xf3, 0xa0, 0xf3, 0xc0, 0xf3, 0xc0, 0xf3, 0xe0, 0xf3, 0xe0, 0xf3,
    0xe0, 0xf3, 0x00, 0xfc, 0x00, 0xf4, 0x00, 0xf4, 0x20, 0xf4, 0x20, 0xf4,
    0x20, 0xf4, 0x20, 0xfc, 0x00, 0xf4, 0x20, 0xf4, 0x20, 0xfc, 0x20, 0xf4,
    0x20, 0xf4, 0x20, 0xfc, 0x20, 0xf4, 0x20, 0xf4, 0x20, 0xf4, 0x20, 0xf4,
    0x20, 0xf4, 0x00, 0xfc, 0x00, 0xf4, 0x00, 0xf4, 0xe0, 0xf3, 0xe0, 0xf3,
    0xc0, 0xf3, 0xc0, 0xf3, 0xa0, 0xf3, 0xa0, 0xf3, 0x80, 0xf3, 0x60, 0xeb,
    0x60, 0xeb, 0x60, 0xeb, 0x40, 0xeb, 0x20, 0xeb, 0x40, 0xeb, 0xa0, 0xca,
    0x21, 0x79, 0x61, 0x68, 0x20, 0x78, 0x40, 0x78, 0x40, 0x78, 0x20, 0x70,
    0xa0, 0x99, 0xc0, 0xeb, 0x20, 0xf4, 0x40, 0xf4, 0x40, 0xf4, 0x60, 0xfc,
    0x60, 0xfc, 0x60, 0xf4, 0x40, 0xf4, 0x40, 0xf4, 0x20, 0xf4, 0x00, 0xf4,
    0x00, 0xf4, 0x00, 0xf4, 0xc0, 0xf3, 0xc0, 0xf3, 0xa0, 0xf3, 0xa0, 0xeb,
    0x80, 0xeb, 0x80, 0xeb, 0x60, 0xeb, 0x40, 0xeb, 0x20, 0xeb, 0x00, 0xe3,
    0xa0, 0xda, 0xa0, 0xda, 0x61, 0xb1, 0x82, 0x90, 0xa2, 0x98, 0xa2, 0x98,
    0xa3, 0xa0, 0xa3, 0xa0, 0xc3, 0xa8, 0xc3, 0xa8, 0xc5, 0x81, 0x28, 0x3c,
    0x48, 0x34, 0x48, 0x2c, 0x28, 0x2c, 0x28, 0x34, 0x48, 0x2c, 0x28, 0x2c,
    0x28, 0x2c, 0x28, 0x34, 0x07, 0x2c, 0x08, 0x2c, 0x07, 0x2c, 0xe7, 0x2b,
    0x07, 0x2c, 0xe7, 0x2b, 0xe7, 0x2b, 0xe7, 0x2b, 0xe7, 0x2b, 0xe7, 0x2b,
    0xe8, 0x2b, 0xe8, 0x2b, 0xe7, 0x2b, 0xe7, 0x2b, 0xc7, 0x2b, 0xc6, 0x2b,
    0xc4, 0x33, 0xc2, 0x3b, 0xc2, 0x3b, 0xe2, 0x3b, 0xe1, 0x3b, 0xe1, 0x43,
    0xe1, 0x43, 0x01, 0x44, 0x02, 0x44, 0xe2, 0x43, 0xe1, 0x43, 0xe1, 0x3b,
    0xc2, 0x3b, 0x81, 0x3b, 0x81, 0x33, 0x61, 0x33, 0x41, 0x33, 0x41, 0x33,
    0x41, 0x33, 0x22, 0x3b, 0x22, 0x33, 0x43, 0x52, 0xc3, 0x61, 0xc3, 0x61,
    0xc3, 0x69, 0xe3, 0x69, 0xc3, 0x69, 0xe3, 0x69, 0x23, 0x7a, 0x23, 0x7a,
    0x44, 0x82, 0x43, 0x82, 0x44, 0x82, 0x64, 0x8a, 0x43, 0x82, 0x43, 0x82,
    0x64, 0x8a, 0x43, 0x82, 0x43, 0x82, 0x63, 0x8a, 0x43, 0x82, 0x63, 0x8a,
    0xc5, 0x92, 0xc4, 0x92, 0xc5, 0x9a, 0xc4, 0x9a, 0xc4, 0x9a, 0xc5, 0x9a,
    0xc5, 0x92, 0xc5, 0x92, 0xa5, 0x92, 0xc3, 0x62, 0xc2, 0x3a, 0xc2, 0x32,
    0xc2, 0x32, 0xe3, 0x32, 0xe2, 0x32, 0xc2, 0x32, 0xe2, 0x32, 0xe2, 0x32,
    0xe2, 0x32, 0xe2, 0x32, 0x02, 0x3b, 0x02, 0x33, 0x03, 0x33, 0xe2, 0x3a,
    0xe2, 0x32, 0x02, 0x33, 0x02, 0x33, 0x02, 0x33, 0x02, 0x3b, 0x22, 0x33,
    0x22, 0x33, 0x22, 0x33, 0x03, 0x3b, 0x23, 0x33, 0xc3, 0x42, 0x03, 0x62,
    0x04, 0x6a, 0x04, 0x6a, 0x04, 0x6a, 0x04, 0x6a, 0x24, 0x6a, 0x04, 0x6a,
    0x04, 0x6a, 0x04, 0x6a, 0x24, 0x6a, 0x23, 0x62, 0xe3, 0x4a, 0x43, 0x3b,
    0x42, 0x3b, 0x42, 0x3b, 0xe3, 0x42, 0x24, 0x6a, 0x24, 0x6a, 0x24, 0x6a,
    0x04, 0x6a, 0x04, 0x6a, 0x64, 0x62, 0x43, 0x3b, 0x84, 0x33, 0x84, 0x33,
    0x84, 0x33, 0x84, 0x33, 0x84, 0x33, 0xa3, 0x33, 0xa4, 0x33, 0xa4, 0x33,
    0xa3, 0x33, 0xc3, 0x33, 0xe3, 0x33, 0xe3, 0x33, 0xc3, 0x33, 0xe3, 0x33,
    0xc3, 0x33, 0xe3, 0x33, 0xe3, 0x33, 0xe3, 0x33, 0xe3, 0x33, 0xe4, 0x33,
    0xe4, 0x33, 0xe4, 0x33, 0x04, 0x34, 0x04, 0x3c, 0x04, 0x34, 0x04, 0x44,
    0x62, 0xa3, 0x20, 0xe3, 0x40, 0xeb, 0x60, 0xeb, 0x60, 0xeb, 0x60, 0xeb,
    0x60, 0xf3, 0x80, 0xf3, 0xa0, 0xf3, 0xa0, 0xf3, 0xa0, 0xf3, 0xa0, 0xf3,
    0xc0, 0xf3, 0xc0, 0xf3, 0xe0, 0xf3, 0xe0, 0xf3, 0xe0, 0xfb, 0xe0, 0xf3,
    0x00, 0xf4, 0x00, 0xf4, 0x00, 0xfc, 0x00, 0xf4, 0x00, 0xfc, 0x00, 0xf4,
    0x00, 0xf4, 0x00, 0xf4, 0x00, 0xf4, 0x00, 0xf4, 0xe0, 0xf3, 0xe0, 0xf3,
    0xe0, 0xf3, 0xe0, 0xf3, 0xc0, 0xf3, 0xc0, 0xf3, 0xc0, 0xf3, 0xa0, 0xf3,
    0xa0, 0xf3, 0xa0, 0xf3, 0x80, 0xf3, 0x60, 0xeb, 0x60, 0xeb, 0x40, 0xeb,
    0x40, 0xeb, 0x20, 0xeb, 0x20, 0xeb, 0xe0, 0xda, 0xe1, 0x99, 0xc3, 0x79,
    0x26, 0xab, 0x83, 0x89, 0x20, 0x78, 0x20, 0x78, 0x20, 0x78, 0x80, 0x78,
    0x00, 0xd3, 0x20, 0xf4, 0x40, 0xfc, 0x60, 0xfc, 0x80, 0xfc, 0x60, 0xf4,
    0x80, 0xfc, 0x60, 0xf4, 0x40, 0xf4, 0x40, 0xfc, 0x20, 0xf4, 0x00, 0xf4,
    0x00, 0xf4, 0xe0, 0xf3, 0xc0, 0xf3, 0xa0, 0xf3, 0xa0, 0xf3, 0xa0, 0xeb,
    0x60, 0xeb, 0x60, 0xf3, 0x40, 0xeb, 0x20, 0xeb, 0x00, 0xe3, 0xc0, 0xe2,
    0x80, 0xda, 0x41, 0xca, 0xc2, 0x98, 0x82, 0x98, 0xa2, 0x98, 0xa3, 0x98,
    0xa3, 0xa0, 0xa3, 0xa0, 0xa3, 0xa8, 0x04, 0x7a, 0x06, 0x34, 0x26, 0x34,
    0x26, 0x34, 0x26, 0x34, 0x26, 0x34, 0x26, 0x2c, 0x06, 0x2c, 0x26, 0x34,
    0x26, 0x34, 0x26, 0x34, 0x26, 0x34, 0x06, 0x34, 0x06, 0x34, 0x06, 0x34,
    0x06, 0x2c, 0x06, 0x34, 0x05, 0x34, 0x05, 0x2c, 0x05, 0x34, 0x05, 0x34,
    0xe5, 0x2b, 0x05, 0x2c, 0xe5, 0x33, 0xe6, 0x2b, 0xe6, 0x2b, 0xc6, 0x2b,
    0xc4, 0x33, 0xc2, 0x3b, 0xc2, 0x3b, 0xc2, 0x3b, 0xc1, 0x3b, 0xe2, 0x43,
    0xe2, 0x43, 0x01, 0x44, 0x02, 0x44, 0xe2, 0x43, 0xe1, 0x43, 0xe2, 0x43,
    0xc1, 0x3b, 0x81, 0x3b, 0x82, 0x3b, 0x61, 0x3b, 0x42, 0x33, 0x41, 0x33,
    0x41, 0x3b, 0x22, 0x33, 0x02, 0x3b, 0x03, 0x5a, 0xc3, 0x61, 0xe3, 0x69,
    0xc3, 0x61, 0xc3, 0x61, 0xc3, 0x61, 0xc3, 0x69, 0x23, 0x7a, 0x43, 0x82,
    0x44, 0x82, 0x43, 0x82, 0x43, 0x82, 0x63, 0x82, 0x44, 0x8a, 0x43, 0x82,
    0x43, 0x82, 0x43, 0x82, 0x44, 0x8a, 0x64, 0x82, 0x44, 0x8a, 0x43, 0x82,
    0xa4, 0x92, 0xc4, 0x9a, 0xc5, 0x9a, 0xc5, 0x92, 0xc5, 0x9a, 0xc4, 0x9a,
    0xc4, 0x9a, 0xc5, 0x9a, 0xc4, 0x92, 0xc5, 0x92, 0xa4, 0x7a, 0xc3, 0x3a,
    0xc2, 0x32, 0xe2, 0x32, 0xe2, 0x32, 0xc2, 0x32, 0xe2, 0x32, 0xe2, 0x32,
    0xe2, 0x32, 0x02, 0x3b, 0x02, 0x33, 0xe2, 0x32, 0xc2, 0x32, 0xe2, 0x32,
    0xe2, 0x32, 0x02, 0x33, 0x02, 0x33, 0x02, 0x33, 0x02, 0x3b, 0x02, 0x33,
    0x23, 0x33, 0x03, 0x3b, 0x02, 0x33, 0x03, 0x3b, 0x43, 0x5a, 0xe3, 0x61,
    0x03, 0x6a, 0x03, 0x6a, 0x03, 0x6a, 0x24, 0x6a, 0x23, 0x6a, 0x24, 0x6a,
    0x23, 0x6a, 0x23, 0x6a, 0x44, 0x6a, 0x83, 0x52, 0x22, 0x3b, 0x22, 0x3b,
    0x43, 0x3b, 0x42, 0x3b, 0xc3, 0x4a, 0x03, 0x62, 0x04, 0x6a, 0x24, 0x6a,
    0x04, 0x6a, 0x04, 0x6a, 0x64, 0x5a, 0x43, 0x3b, 0x83, 0x33, 0x83, 0x3b,
    0x84, 0x33, 0xa3, 0x3b, 0xc3, 0x3b, 0xe4, 0x3b, 0x04, 0x34, 0xe4, 0x3b,
    0xe4, 0x33, 0xe3, 0x33, 0x04, 0x3c, 0xe3, 0x33, 0xe3, 0x33, 0xe3, 0x33,
    0xc3, 0x33, 0xe3, 0x33, 0xe4, 0x33, 0xe3, 0x33, 0x04, 0x34, 0x04, 0x3c,
    0x03, 0x34, 0x03, 0x34, 0x04, 0x34, 0x04, 0x3c, 0x04, 0x3c, 0x24, 0x3c,
    0x24, 0x3c, 0xa3, 0x63, 0x01, 0xd3, 0x20, 0xeb, 0x40, 0xeb, 0x40, 0xeb,
    0x40, 0xeb, 0x60, 0xeb, 0x60, 0xeb, 0x80, 0xf3, 0x80, 0xf3, 0x80, 0xf3,
    0xa0, 0xf3, 0xa0, 0xf3, 0xa0, 0xf3, 0xa0, 0xf3, 0xc0, 0xf3, 0xc0, 0xf3,
    0xc0, 0xf3, 0xc0, 0xf3, 0xc0, 0xf3, 0xc0, 0xf3, 0xe0, 0xf3, 0xe0, 0xf3,
    0xe0, 0xf3, 0xc0, 0xf3, 0xc0, 0xf3, 0xe0, 0xf3, 0xc0, 0xf3, 0xc0, 0xf3,
    0xa0, 0xf3, 0xa0, 0xf3, 0xa0, 0xf3, 0x80, 0xf3, 0xa0, 0xf3, 0x80, 0xf3,
    0x80, 0xf3, 0x60, 0xeb, 0x60, 0xeb, 0x60, 0xeb, 0x20, 0xeb, 0x20, 0xeb,
    0x20, 0xeb, 0x00, 0xe3, 0x21, 0xaa, 0x62, 0x79, 0x05, 0xab, 0x29, 0xd4,
    0x29, 0xcc, 0x24, 0x9a, 0x20, 0x78, 0x20, 0x78, 0x40, 0x78, 0xc0, 0xa1,
    0x21, 0xf4, 0x40, 0xfc, 0x60, 0xf4, 0x80, 0xfc, 0x80, 0xf4, 0x60, 0xf4,
    0x60, 0xfc, 0x40, 0xf4, 0x40, 0xf4, 0x20, 0xf4, 0x20, 0xf4, 0x00, 0xf4,
    0xe0, 0xf3, 0xe0, 0xf3, 0xc0, 0xf3, 0xa0, 0xf3, 0x80, 0xeb, 0x80, 0xeb,
    0x60, 0xeb, 0x40, 0xeb, 0x40, 0xeb, 0x20, 0xeb, 0xe0, 0xe2, 0x80, 0xda,
    0x60, 0xd2, 0x41, 0xa9, 0x82, 0x90, 0xa2, 0x98, 0xa3, 0x98, 0xa3, 0x98,
    0xa3, 0xa0, 0xe3, 0xa0, 0xe5, 0x5a, 0x46, 0x2c, 0x26, 0x34, 0x26, 0x34,
    0x26, 0x2c, 0x25, 0x2c, 0x25, 0x34, 0x25, 0x34, 0x25, 0x34, 0x25, 0x2c,
    0x25, 0x34, 0x25, 0x34, 0x25, 0x2c, 0x25, 0x34, 0x25, 0x2c, 0x05, 0x34,
    0x25, 0x34, 0x25, 0x34, 0x05, 0x34, 0x05, 0x34, 0x05, 0x2c, 0x05, 0x34,
    0x05, 0x34, 0x05, 0x2c, 0x05, 0x34, 0x05, 0x34, 0xe5, 0x2b, 0x05, 0x34,
    0xe5, 0x33, 0xc3, 0x33, 0xa1, 0x3b, 0xa2, 0x3b, 0xc1, 0x3b, 0xc1, 0x3b,
    0xe2, 0x3b, 0xe2, 0x43, 0x01, 0x44, 0x01, 0x44, 0xe2, 0x43, 0xe2, 0x3b,
    0xc1, 0x43, 0xa2, 0x3b, 0x61, 0x33, 0x62, 0x33, 0x41, 0x33, 0x42, 0x33,
    0x22, 0x33, 0x41, 0x33, 0xc2, 0x42, 0xe3, 0x59, 0xc3, 0x61, 0xe3, 0x69,
    0xe3, 0x69, 0xc3, 0x61, 0xc3, 0x69, 0xe3, 0x71, 0x43, 0x7a, 0x44, 0x82,
    0x43, 0x82, 0x44, 0x82, 0x43, 0x82, 0x43, 0x82, 0x43, 0x82, 0x44, 0x82,
    0x64, 0x82, 0x43, 0x82, 0x43, 0x8a, 0x43, 0x82, 0x43, 0x82, 0x43, 0x82,
    0xc5, 0x9a, 0xc5, 0x9a, 0xc5, 0x92, 0xc4, 0x92, 0xc5, 0x92, 0xc4, 0x9a,
    0xc5, 0x92, 0xc4, 0x9a, 0xa4, 0x92, 0xa4, 0x92, 0xa5, 0x92, 0xc4, 0x82,
    0xc3, 0x42, 0xc2, 0x32, 0xc2, 0x3a, 0xe2, 0x32, 0xe2, 0x32, 0xe2, 0x32,
    0xe2, 0x32, 0x02, 0x33, 0xe2, 0x32, 0xe2, 0x32, 0xc2, 0x32, 0xe2, 0x32,
    0xe2, 0x32, 0x02, 0x33, 0x02, 0x33, 0x23, 0x33, 0x22, 0x33, 0x02, 0x33,
    0x02, 0x33, 0x02, 0x3b, 0x02, 0x33, 0x83, 0x4a, 0xe3, 0x61, 0x03, 0x62,
    0x24, 0x5a, 0x63, 0x52, 0xa3, 0x52, 0xc3, 0x4a, 0xa3, 0x52, 0xa3, 0x52,
    0xc2, 0x52, 0xa3, 0x52, 0x83, 0x52, 0x03, 0x43, 0x22, 0x3b, 0x22, 0x3b,
    0x42, 0x3b, 0x43, 0x3b, 0x83, 0x52, 0x04, 0x6a, 0x44, 0x62, 0x44, 0x62,
    0x83, 0x5a, 0xa3, 0x52, 0xc3, 0x52, 0x63, 0x3b, 0xa3, 0x3b, 0xa3, 0x33,
    0xa3, 0x33, 0xe3, 0x33, 0x04, 0x3c, 0x04, 0x34, 0x03, 0x3c, 0x03, 0x3c,
    0x04, 0x3c, 0x04, 0x3c, 0x03, 0x3c, 0x04, 0x34, 0x03, 0x34, 0x03, 0x34,
    0xe3, 0x3b, 0x04, 0x3c, 0x03, 0x34, 0x24, 0x3c, 0x24, 0x3c, 0x24, 0x3c,
    0x44, 0x3c, 0x24, 0x3c, 0x24, 0x3c, 0x24, 0x3c, 0x24, 0x3c, 0x24, 0x3c,
    0x24, 0x3c, 0x44, 0x3c, 0x24, 0x5c, 0xc5, 0xc3, 0x01, 0xe3, 0x00, 0xeb,
    0x40, 0xeb, 0x40, 0xeb, 0x40, 0xeb, 0x60, 0xeb, 0x60, 0xeb, 0x60, 0xeb,
    0x60, 0xf3, 0x80, 0xf3, 0x80, 0xf3, 0x80, 0xf3, 0xa0, 0xf3, 0x80, 0xf3,
    0x80, 0xf3, 0xa0, 0xf3, 0xa0, 0xf3, 0xa0, 0xf3, 0xa0, 0xf3, 0xa0, 0xf3,
    0xa0, 0xf3, 0xa0, 0xf3, 0xa0, 0xf3, 0xa0, 0xf3, 0xa0, 0xf3, 0x80, 0xf3,
    0x80, 0xf3, 0x80, 0xeb, 0x80, 0xf3, 0x80, 0xeb, 0x80, 0xeb, 0x60, 0xeb,
    0x60, 0xeb, 0x40, 0xeb, 0x20, 0xeb, 0x20, 0xeb, 0x40, 0xeb, 0x01, 0xdb,
    0xe1, 0xa9, 0x21, 0x79, 0x46, 0xab, 0x69, 0xdc, 0xea, 0xe4, 0xeb, 0xe4,
    0xaa, 0xdc, 0x65, 0x9a, 0x40, 0x78, 0x40, 0x78, 0x80, 0x80, 0x40, 0xd3,
    0x40, 0xfc, 0x60, 0xf4, 0x60, 0xf4, 0x80, 0xfc, 0x80, 0xf4, 0x60, 0xf4,
    0x60, 0xfc, 0x40, 0xf4, 0x20, 0xf4, 0x20, 0xfc, 0x00, 0xf4, 0xe0, 0xf3,
    0xe0, 0xf3, 0xc0, 0xf3, 0xa0, 0xf3, 0xa0, 0xeb, 0x80, 0xf3, 0x60, 0xeb,
    0x60, 0xeb, 0x40, 0xeb, 0x20, 0xeb, 0xe0, 0xe2, 0xa0, 0xda, 0x80, 0xda,
    0x01, 0xc2, 0xa2, 0x98, 0xa3, 0x98, 0xa3, 0x98, 0xa2, 0x98, 0x82, 0xa0,
    0xc4, 0x79, 0xa5, 0x43, 0x46, 0x34, 0x26, 0x34, 0x26, 0x2c, 0x26, 0x34,
    0x25, 0x34, 0x25, 0x34, 0x25, 0x34, 0x25, 0x34, 0x25, 0x34, 0x25, 0x34,
    0x25, 0x34, 0x25, 0x2c, 0x25, 0x34, 0x05, 0x2c, 0x05, 0x34, 0x25, 0x34,
    0x04, 0x2c, 0x05, 0x2c, 0x25, 0x34, 0x04, 0x34, 0x05, 0x2c, 0x05, 0x34,
    0x04, 0x34, 0x05, 0x2c, 0x04, 0x34, 0xe4, 0x33, 0xe5, 0x2b, 0x04, 0x34,
    0xe5, 0x2b, 0xe4, 0x33, 0xa2, 0x33, 0xa2, 0x3b, 0x82, 0x3b, 0xa1, 0x3b,
    0xa1, 0x3b, 0xc2, 0x3b, 0xc1, 0x3b, 0xe2, 0x43, 0x02, 0x44, 0xe1, 0x3b,
    0xe1, 0x3b, 0xc2, 0x3b, 0x61, 0x33, 0x41, 0x33, 0x41, 0x33, 0x42, 0x33,
    0x41, 0x33, 0x22, 0x33, 0xa2, 0x42, 0xc3, 0x61, 0xc3, 0x61, 0xc3, 0x69,
    0xc3, 0x61, 0xc3, 0x61, 0xc3, 0x69, 0x03, 0x72, 0x43, 0x7a, 0x43, 0x82,
    0x44, 0x82, 0x43, 0x82, 0x63, 0x82, 0x44, 0x82, 0x43, 0x82, 0x64, 0x8a,
    0x43, 0x82, 0x43, 0x82, 0x44, 0x82, 0x43, 0x82, 0x43, 0x82, 0x43, 0x82,
    0xc4, 0x92, 0xc5, 0x9a, 0xc4, 0x9a, 0xc4, 0x92, 0xc5, 0x9a, 0xc5, 0x9a,
    0xc5, 0x9a, 0xc5, 0x92, 0xc4, 0x92, 0xc4, 0x92, 0xa4, 0x92, 0xc4, 0x92,
    0xc4, 0x8a, 0xc3, 0x42, 0xc2, 0x32, 0xc2, 0x32, 0xc2, 0x32, 0xe2, 0x32,
    0xe2, 0x32, 0xe2, 0x32, 0xe2, 0x32, 0xc2, 0x32, 0xe2, 0x32, 0xe2, 0x32,
    0x02, 0x33, 0xe2, 0x32, 0x02, 0x3b, 0x02, 0x33, 0x02, 0x3b, 0x02, 0x33,
    0x22, 0x33, 0x02, 0x33, 0xe3, 0x3a, 0x63, 0x52, 0x83, 0x4a, 0xe2, 0x3a,
    0x22, 0x33, 0x42, 0x3b, 0x42, 0x3b, 0x42, 0x3b, 0x42, 0x3b, 0x42, 0x3b,
    0x62, 0x3b, 0x42, 0x3b, 0x02, 0x43, 0x22, 0x3b, 0x22, 0x3b, 0x22, 0x3b,
    0x42, 0x3b, 0x22, 0x3b, 0xc3, 0x4a, 0x03, 0x4b, 0x62, 0x43, 0x83, 0x43,
    0x83, 0x43, 0xa2, 0x3b, 0xa3, 0x3b, 0xa3, 0x3b, 0xc3, 0x3b, 0xe3, 0x3b,
    0xe3, 0x3b, 0xe3, 0x3b, 0x03, 0x34, 0x03, 0x34, 0x03, 0x3c, 0x03, 0x34,
    0x23, 0x34, 0x03, 0x3c, 0x23, 0x3c, 0x23, 0x3c, 0x03, 0x3c, 0x23, 0x3c,
    0x24, 0x3c, 0x23, 0x3c, 0x23, 0x3c, 0x23, 0x3c, 0x43, 0x3c, 0x43, 0x3c,
    0x43, 0x3c, 0x23, 0x3c, 0x44, 0x3c, 0x43, 0x3c, 0x23, 0x3c, 0x24, 0x3c,
    0x44, 0x3c, 0x44, 0x3c, 0x44, 0x4c, 0x69, 0xcd, 0x2a, 0xe5, 0xa5, 0xdb,
    0x02, 0xe3, 0x01, 0xeb, 0x40, 0xeb, 0x40, 0xeb, 0x40, 0xeb, 0x60, 0xeb,
    0x40, 0xeb, 0x40, 0xeb, 0x60, 0xeb, 0x60, 0xeb, 0x60, 0xf3, 0x60, 0xeb,
    0x60, 0xeb, 0x60, 0xeb, 0x60, 0xeb, 0x80, 0xf3, 0x80, 0xf3, 0x80, 0xeb,
    0x80, 0xf3, 0x80, 0xeb, 0x60, 0xeb, 0x60, 0xf3, 0x60, 0xeb, 0x60, 0xeb,
    0x60, 0xeb, 0x60, 0xeb, 0x60, 0xeb, 0x40, 0xeb, 0x40, 0xeb, 0x40, 0xeb,
    0x20, 0xeb, 0x20, 0xeb, 0x00, 0xe3, 0x80, 0xca, 0x60, 0x91, 0x60, 0x68,
    0x20, 0x60, 0x81, 0x68, 0xa8, 0xb3, 0x4b, 0xed, 0x8c, 0xf5, 0x8c, 0xf5,
    0x0a, 0xed, 0x44, 0xa2, 0x20, 0x78, 0x40, 0x78, 0xe1, 0xa1, 0x40, 0xf4,
    0x60, 0xf4, 0x80, 0xfc, 0x80, 0xfc, 0x80, 0xf4, 0x80, 0xf4, 0x60, 0xfc,
    0x40, 0xf4, 0x20, 0xf4, 0x20, 0xf4, 0x00, 0xf4, 0xe0, 0xf3, 0xe0, 0xf3,
    0xe0, 0xf3, 0xa0, 0xf3, 0xa0, 0xf3, 0x80, 0xeb, 0x60, 0xeb, 0x40, 0xeb,
    0x40, 0xeb, 0x40, 0xeb, 0x00, 0xe3, 0xc0, 0xda, 0x60, 0xd2, 0x60, 0xd2,
    0x61, 0xa9, 0x83, 0x90, 0xa2, 0x98, 0xa3, 0x98, 0xc3, 0x98, 0xa4, 0x5a,
    0x46, 0x2c, 0x25, 0x34, 0x26, 0x34, 0x25, 0x34, 0x25, 0x34, 0x25, 0x34,
    0x25, 0x34, 0x25, 0x2c, 0x25, 0x34, 0x24, 0x34, 0x25, 0x34, 0x24, 0x34,
    0x25, 0x34, 0x25, 0x34, 0x05, 0x34, 0x25, 0x34, 0x04, 0x34, 0x24, 0x34,
    0x24, 0x34, 0x04, 0x2c, 0x04, 0x34, 0x24, 0x2c, 0x04, 0x34, 0x04, 0x34,
    0x04, 0x2c, 0x05, 0x34, 0x04, 0x34, 0x04, 0x2c, 0xe4, 0x33, 0x04, 0x34,
    0xe4, 0x33, 0xe4, 0x33, 0xc3, 0x33, 0x82, 0x33, 0xa2, 0x3b, 0x82, 0x3b,
    0x81, 0x3b, 0xa1, 0x3b, 0xa2, 0x3b, 0xc1, 0x3b, 0xc1, 0x43, 0xe1, 0x43,
    0xc2, 0x43, 0xc2, 0x43, 0x81, 0x3b, 0x41, 0x33, 0x42, 0x33, 0x21, 0x33,
    0x21, 0x33, 0x41, 0x3b, 0x62, 0x4a, 0xc3, 0x61, 0xc3, 0x61, 0xe3, 0x69,
    0xc3, 0x69, 0xc3, 0x61, 0xc3, 0x61, 0x03, 0x72, 0x43, 0x7a, 0x43, 0x82,
    0x43, 0x82, 0x44, 0x82, 0x63, 0x82, 0x43, 0x82, 0x43, 0x82, 0x43, 0x82,
    0x43, 0x82, 0x43, 0x8a, 0x43, 0x82, 0x63, 0x82, 0x43, 0x8a, 0x43, 0x82,
    0xc4, 0x92, 0xc5, 0x92, 0xc5, 0x9a, 0xc4, 0x9a, 0xc5, 0x92, 0xc5, 0x9a,
    0xc5, 0x9a, 0xc5, 0x92, 0xc5, 0x9a, 0xc5, 0x9a, 0xc5, 0x9a, 0xc5, 0x92,
    0xc5, 0x9a, 0xa4, 0x82, 0xc2, 0x42, 0xe2, 0x32, 0xe2, 0x32, 0xe2, 0x32,
    0xe2, 0x32, 0xe2, 0x32, 0xe2, 0x32, 0xe2, 0x32, 0xe2, 0x32, 0x02, 0x33,
    0x02, 0x33, 0x02, 0x33, 0x02, 0x33, 0x02, 0x33, 0x02, 0x33, 0x02, 0x33,
    0x02, 0x33, 0x02, 0x33, 0xe2, 0x3a, 0xe2, 0x3a, 0x22, 0x33, 0x22, 0x33,
    0x22, 0x3b, 0x42, 0x3b, 0x42, 0x3b, 0x42, 0x3b, 0x42, 0x3b, 0x42, 0x3b,
    0x42, 0x3b, 0x42, 0x3b, 0x42, 0x3b, 0x42, 0x3b, 0x42, 0x3b, 0x43, 0x3b,
    0x42, 0x3b, 0x42, 0x3b, 0x62, 0x3b, 0xa2, 0x3b, 0xa2, 0x3b, 0xa2, 0x3b,
    0xc3, 0x43, 0xc2, 0x43, 0xe3, 0x43, 0xe3, 0x3b, 0x03, 0x3c, 0x03, 0x3c,
    0xe3, 0x3b, 0x03, 0x3c, 0x24, 0x3c, 0x23, 0x3c, 0x03, 0x3c, 0x04, 0x3c,
    0x03, 0x3c, 0x23, 0x34, 0x23, 0x34, 0x03, 0x3c, 0x23, 0x3c, 0x23, 0x3c,
    0x23, 0x34, 0x23, 0x3c, 0x43, 0x3c, 0x43, 0x3c, 0x24, 0x3c, 0x44, 0x3c,
    0x23, 0x3c, 0x43, 0x3c, 0x24, 0x3c, 0x23, 0x3c, 0x24, 0x3c, 0x23, 0x3c,
    0x23, 0x3c, 0x43, 0x3c, 0x44, 0x3c, 0x07, 0x8d, 0x0c, 0xfe, 0xeb, 0xfd,
    0xe9, 0xe4, 0xc6, 0xd3, 0xe2, 0xca, 0x01, 0xdb, 0x00, 0xf3, 0x20, 0xf3,
    0x20, 0xeb, 0x40, 0xe3, 0x40, 0xeb, 0x20, 0xeb, 0x40, 0xeb, 0x40, 0xeb,
    0x40, 0xeb, 0x40, 0xeb, 0x40, 0xeb, 0x40, 0xeb, 0x40, 0xeb, 0x40, 0xeb,
    0x60, 0xeb, 0x40, 0xeb, 0x60, 0xf3, 0x40, 0xeb, 0x20, 0xeb, 0x20, 0xeb,
    0x20, 0xe3, 0x20, 0xeb, 0x40, 0xeb, 0x40, 0xeb, 0x60, 0xf3, 0x40, 0xe3,
    0x80, 0xca, 0x60, 0x91, 0x80, 0x68, 0x40, 0x68, 0x40, 0x68, 0x40, 0x70,
    0x40, 0x70, 0x20, 0x68, 0x25, 0x92, 0xec, 0xf5, 0xed, 0xfd, 0xac, 0xfd,
    0x2a, 0xed, 0xc3, 0x99, 0x20, 0x78, 0xc0, 0x80, 0xa0, 0xdb, 0x60, 0xfc,
    0x80, 0xf4, 0x80, 0xfc, 0x80, 0xfc, 0x80, 0xf4, 0x60, 0xfc, 0x40, 0xf4,
    0x40, 0xf4, 0x20, 0xf4, 0x00, 0xf4, 0x00, 0xf4, 0xe0, 0xf3, 0xc0, 0xf3,
    0xc0, 0xf3, 0x80, 0xf3, 0x80, 0xeb, 0x60, 0xeb, 0x60, 0xeb, 0x40, 0xeb,
    0x20, 0xeb, 0x20, 0xeb, 0xe0, 0xe2, 0x60, 0xd2, 0x60, 0xd2, 0x21, 0xca,
    0xe2, 0x98, 0xa2, 0x90, 0xa2, 0x98, 0xa3, 0x98, 0xa3, 0x98, 0xc4, 0x5a,
    0x25, 0x2c, 0x45, 0x34, 0x25, 0x34, 0x25, 0x34, 0x25, 0x34, 0x25, 0x34,
    0x24, 0x34, 0x24, 0x34, 0x24, 0x34, 0x24, 0x34, 0x24, 0x2c, 0x24, 0x34,
    0x24, 0x34, 0x24, 0x34, 0x24, 0x2c, 0x24, 0x34, 0x04, 0x34, 0x24, 0x2c,
    0x25, 0x34, 0x04, 0x34, 0x04, 0x34, 0x04, 0x34, 0x04, 0x34, 0x04, 0x2c,
    0x04, 0x34, 0x04, 0x34, 0x05, 0x34, 0x04, 0x34, 0xe4, 0x33, 0x04, 0x34,
    0x04, 0x34, 0xe4, 0x33, 0xe4, 0x33, 0xc3, 0x33, 0x82, 0x33, 0x81, 0x33,
    0x81, 0x33, 0x82, 0x3b, 0x81, 0x33, 0xa1, 0x3b, 0xa1, 0x3b, 0xc2, 0x3b,
    0xc2, 0x3b, 0xc1, 0x43, 0xa2, 0x3b, 0x61, 0x33, 0x41, 0x33, 0x22, 0x33,
    0x21, 0x33, 0x22, 0x33, 0x42, 0x52, 0xc3, 0x61, 0xe3, 0x61, 0xc3, 0x69,
    0xe3, 0x69, 0xc3, 0x61, 0xc3, 0x61, 0x23, 0x72, 0x43, 0x82, 0x44, 0x82,
    0x43, 0x7a, 0x43, 0x82, 0x43, 0x82, 0x43, 0x82, 0x44, 0x82, 0x43, 0x8a,
    0x43, 0x82, 0x43, 0x82, 0x43, 0x82, 0x43, 0x82, 0x43, 0x82, 0x43, 0x82,
    0xc5, 0x92, 0xc5, 0x92, 0xc4, 0x92, 0xc5, 0x9a, 0xc4, 0x92, 0xc4, 0x92,
    0xc4, 0x9a, 0xc5, 0x9a, 0xc4, 0x92, 0xc4, 0x9a, 0xc5, 0x92, 0xc4, 0x92,
    0xc5, 0x92, 0xc5, 0x9a, 0xc4, 0x7a, 0xe2, 0x42, 0x02, 0x33, 0xe2, 0x32,
    0xe2, 0x32, 0x02, 0x33, 0x02, 0x33, 0xe2, 0x32, 0xe2, 0x32, 0xe2, 0x32,
    0xe2, 0x32, 0x02, 0x33, 0x02, 0x33, 0x02, 0x33, 0x02, 0x33, 0x02, 0x33,
    0xe2, 0x32, 0xe2, 0x32, 0x02, 0x3b, 0x02, 0x33, 0x02, 0x33, 0x22, 0x3b,
    0x22, 0x3b, 0x42, 0x3b, 0x42, 0x3b, 0x42, 0x33, 0x42, 0x3b, 0x42, 0x3b,
    0x42, 0x3b, 0x42, 0x3b, 0x42, 0x3b, 0x62, 0x3b, 0x42, 0x3b, 0x62, 0x3b,
    0x62, 0x3b, 0x83, 0x3b, 0x83, 0x3b, 0xa3, 0x3b, 0xa3, 0x43, 0xc2, 0x43,
    0xc2, 0x43, 0xe3, 0x3b, 0xe2, 0x3b, 0xe3, 0x43, 0xe3, 0x3b, 0x03, 0x3c,
    0x03, 0x44, 0x03, 0x3c, 0x03, 0x3c, 0x03, 0x3c, 0x23, 0x3c, 0x23, 0x3c,
    0x23, 0x3c, 0x23, 0x3c, 0x23, 0x3c, 0x23, 0x3c, 0x03, 0x3c, 0x23, 0x3c,
    0x23, 0x3c, 0x23, 0x3c, 0x23, 0x34, 0x23, 0x3c, 0x43, 0x3c, 0x23, 0x3c,
    0x23, 0x3c, 0x23, 0x3c, 0x23, 0x3c, 0x24, 0x3c, 0x23, 0x3c, 0x23, 0x3c,
    0x23, 0x3c, 0x24, 0x3c, 0x44, 0x3c, 0x44, 0x4c, 0xcb, 0xd5, 0x6d, 0xfe,
    0xaa, 0xfd, 0x46, 0xe4, 0xe3, 0xd2, 0x62, 0x83, 0x02, 0x5c, 0x82, 0x8b,
    0x41, 0xbb, 0x21, 0xd3, 0x20, 0xe3, 0x00, 0xeb, 0x00, 0xeb, 0x00, 0xeb,
    0x20, 0xeb, 0x20, 0xeb, 0x20, 0xeb, 0x40, 0xeb, 0x40, 0xeb, 0x40, 0xeb,
    0x40, 0xeb, 0x20, 0xeb, 0x40, 0xeb, 0x40, 0xeb, 0x20, 0xe3, 0x00, 0xe3,
    0xc0, 0xda, 0x80, 0xca, 0x20, 0xb2, 0xa0, 0xa1, 0x00, 0x89, 0x60, 0x70,
    0x21, 0x60, 0x20, 0x68, 0x40, 0x70, 0x40, 0x70, 0x20, 0x70, 0x40, 0x70,
    0x20, 0x70, 0x40, 0x70, 0xe2, 0x78, 0xc9, 0xdc, 0xcc, 0xfd, 0x8b, 0xfd,
    0x68, 0xdc, 0xe2, 0x80, 0x60, 0x78, 0x81, 0xb2, 0x80, 0xf4, 0x80, 0xf4,
    0x80, 0xfc, 0x80, 0xfc, 0x80, 0xf4, 0x80, 0xf4, 0x60, 0xf4, 0x40, 0xf4,
    0x20, 0xf4, 0x00, 0xfc, 0x00, 0xf4, 0xe0, 0xf3, 0xc0, 0xf3, 0xa0, 0xf3,
    0xa0, 0xeb, 0x80, 0xeb, 0x60, 0xeb, 0x40, 0xeb, 0x20, 0xeb, 0x20, 0xeb,
    0x00, 0xe3, 0xe0, 0xe2, 0x80, 0xd2, 0x40, 0xd2, 0x60, 0xd2, 0xc1, 0xb9,
    0x83, 0x90, 0xa2, 0x98, 0xa3, 0x98, 0xc3, 0x98, 0xc3, 0xa0, 0xc3, 0x79,
    0x24, 0x34, 0x24, 0x34, 0x24, 0x34, 0x44, 0x34, 0x24, 0x34, 0x24, 0x34,
    0x44, 0x34, 0x24, 0x34, 0x24, 0x34, 0x44, 0x34, 0x24, 0x34, 0x24, 0x34,
    0x24, 0x34, 0x24, 0x34, 0x24, 0x34, 0x24, 0x34, 0x24, 0x34, 0x24, 0x34,
    0x24, 0x34, 0x24, 0x34, 0x24, 0x34, 0x04, 0x34, 0x04, 0x34, 0x04, 0x34,
    0x04, 0x34, 0x04, 0x34, 0x04, 0x34, 0x04, 0x34, 0x04, 0x34, 0x04, 0x34,
    0xe4, 0x2b, 0x04, 0x34, 0xe3, 0x33, 0xe3, 0x33, 0xc3, 0x33, 0xa2, 0x33,
    0x81, 0x33, 0x82, 0x33, 0x81, 0x3b, 0x82, 0x33, 0x82, 0x33, 0x81, 0x3b,
    0xa1, 0x3b, 0xa1, 0x3b, 0x81, 0x3b, 0x62, 0x33, 0x41, 0x33, 0x21, 0x33,
    0x22, 0x33, 0x22, 0x33, 0x23, 0x52, 0xc3, 0x61, 0xc3, 0x61, 0xc3, 0x61,
    0xe3, 0x61, 0xc3, 0x69, 0xc2, 0x69, 0x23, 0x72, 0x43, 0x7a, 0x43, 0x7a,
    0x44, 0x82, 0x43, 0x82, 0x43, 0x82, 0x44, 0x82, 0x43, 0x82, 0x43, 0x82,
    0x44, 0x82, 0x43, 0x82, 0x43, 0x82, 0x44, 0x82, 0x43, 0x82, 0x43, 0x82,
    0xa4, 0x92, 0xa4, 0x9a, 0xc5, 0x9a, 0xc4, 0x92, 0xc5, 0x9a, 0xc5, 0x9a,
    0xc5, 0x92, 0xc4, 0x9a, 0xc4, 0x92, 0xc5, 0x92, 0xc5, 0x9a, 0xc4, 0x9a,
    0xc4, 0x92, 0xc5, 0x92, 0xa5, 0x92, 0x84, 0x7a, 0x02, 0x3b, 0xe2, 0x32,
    0xe2, 0x32, 0x02, 0x33, 0xe2, 0x32, 0xe2, 0x32, 0xe2, 0x32, 0xe2, 0x32,
    0x02, 0x33, 0x02, 0x33, 0x02, 0x33, 0x02, 0x33, 0x02, 0x33, 0xe2, 0x32,
    0x02, 0x33, 0x02, 0x33, 0x02, 0x33, 0x02, 0x3b, 0x02, 0x3b, 0x02, 0x33,
    0x22, 0x33, 0x22, 0x3b, 0x42, 0x3b, 0x42, 0x3b, 0x42, 0x3b, 0x42, 0x3b,
    0x42, 0x33, 0x42, 0x33, 0x42, 0x33, 0x42, 0x33, 0x62, 0x33, 0x43, 0x33,
    0x62, 0x33, 0x62, 0x33, 0x82, 0x33, 0xa3, 0x3b, 0xa3, 0x3b, 0xc2, 0x43,
    0xe2, 0x43, 0xc3, 0x43, 0xe2, 0x3b, 0xe2, 0x43, 0xe3, 0x43, 0x03, 0x44,
    0x03, 0x44, 0x03, 0x44, 0x23, 0x44, 0x03, 0x3c, 0x23, 0x3c, 0x23, 0x3c,
    0x23, 0x3c, 0x23, 0x44, 0x23, 0x3c, 0x23, 0x3c, 0x23, 0x3c, 0x23, 0x3c,
    0x23, 0x3c, 0x23, 0x3c, 0x23, 0x3c, 0x43, 0x3c, 0x23, 0x3c, 0x23, 0x3c,
    0x23, 0x3c, 0x23, 0x3c, 0x23, 0x3c, 0x23, 0x3c, 0x23, 0x3c, 0x23, 0x3c,
    0x23, 0x3c, 0x23, 0x3c, 0x43, 0x3c, 0x23, 0x3c, 0xe7, 0x8c, 0x4c, 0xf6,
    0x8a, 0xfd, 0xc5, 0xe3, 0x02, 0xc3, 0x43, 0x54, 0x63, 0x44, 0x63, 0x44,
    0x43, 0x3c, 0x43, 0x3c, 0x02, 0x4c, 0xc2, 0x63, 0x82, 0x73, 0x61, 0x7b,
    0xc1, 0xba, 0x80, 0xda, 0x60, 0xca, 0x21, 0xca, 0x00, 0xc2, 0xe0, 0xc1,
    0x80, 0xa9, 0x60, 0x99, 0x20, 0x91, 0xe0, 0x80, 0x80, 0x78, 0x61, 0x70,
    0x40, 0x70, 0x20, 0x70, 0x20, 0x78, 0x21, 0x78, 0x20, 0x70, 0x40, 0x70,
    0x40, 0x70, 0x40, 0x70, 0x40, 0x70, 0x40, 0x70, 0x40, 0x80, 0x20, 0x88,
    0x40, 0x90, 0x20, 0x90, 0x20, 0x88, 0x22, 0x89, 0x07, 0xcc, 0x88, 0xdc,
    0x83, 0x91, 0x40, 0x70, 0x61, 0x89, 0x00, 0xec, 0x80, 0xfc, 0xa0, 0xfc,
    0x80, 0xfc, 0x80, 0xf4, 0x60, 0xf4, 0x60, 0xfc, 0x40, 0xf4, 0x20, 0xf4,
    0x00, 0xf4, 0x00, 0xf4, 0xe0, 0xf3, 0xc0, 0xf3, 0xa0, 0xf3, 0x80, 0xeb,
    0x60, 0xeb, 0x60, 0xeb, 0x40, 0xeb, 0x20, 0xeb, 0x20, 0xeb, 0x00, 0xe3,
    0xe0, 0xe2, 0x80, 0xd2, 0x40, 0xd2, 0x60, 0xd2, 0x60, 0xd2, 0x22, 0xa1,
    0x82, 0x90, 0xa2, 0x98, 0xa3, 0x98, 0xa3, 0x98, 0xc3, 0xa0, 0x03, 0x91,
    0x84, 0x43, 0x44, 0x34, 0x44, 0x34, 0x44, 0x34, 0x44, 0x34, 0x24, 0x34,
    0x24, 0x34, 0x44, 0x34, 0x24, 0x34, 0x24, 0x34, 0x24, 0x34, 0x24, 0x34,
    0x24, 0x34, 0x24, 0x34, 0x24, 0x34, 0x24, 0x34, 0x24, 0x34, 0x24, 0x34,
    0x24, 0x34, 0x04, 0x34, 0x24, 0x34, 0x24, 0x34, 0x24, 0x34, 0x04, 0x34,
    0x04, 0x34, 0x04, 0x34, 0x04, 0x34, 0xe4, 0x33, 0x04, 0x34, 0x03, 0x34,
    0x03, 0x34, 0xe4, 0x33, 0x03, 0x34, 0x03, 0x34, 0xe3, 0x33, 0xe3, 0x3b,
    0xc2, 0x3b, 0x82, 0x33, 0x81, 0x3b, 0x81, 0x33, 0x61, 0x33, 0x61, 0x33,
    0x61, 0x33, 0x62, 0x3b, 0x61, 0x33, 0x62, 0x3b, 0x41, 0x33, 0x41, 0x33,
    0x42, 0x33, 0x02, 0x33, 0xe3, 0x51, 0xc3, 0x61, 0xc3, 0x61, 0xe3, 0x69,
    0xc2, 0x61, 0xc3, 0x61, 0xc3, 0x69, 0x23, 0x72, 0x43, 0x7a, 0x43, 0x82,
    0x23, 0x7a, 0x43, 0x82, 0x43, 0x82, 0x43, 0x82, 0x43, 0x82, 0x43, 0x82,
    0x43, 0x82, 0x43, 0x82, 0x43, 0x82, 0x43, 0x82, 0x43, 0x82, 0x43, 0x82,
    0xa4, 0x92, 0xc5, 0x92, 0xc5, 0x92, 0xa5, 0x92, 0xc5, 0x92, 0xc4, 0x92,
    0xc5, 0x92, 0xc5, 0x9a, 0xc5, 0x9a, 0xc5, 0x9a, 0xc5, 0x92, 0xc4, 0x92,
    0xc4, 0x92, 0xa5, 0x92, 0xa4, 0x8a, 0x84, 0x8a, 0x84, 0x62, 0xe3, 0x3a,
    0x02, 0x33, 0xe2, 0x32, 0x02, 0x33, 0x02, 0x33, 0x01, 0x33, 0x02, 0x33,
    0x22, 0x33, 0x01, 0x33, 0x02, 0x33, 0x02, 0x33, 0x02, 0x33, 0x02, 0x33,
    0x01, 0x33, 0x02, 0x33, 0x02, 0x33, 0x22, 0x33, 0x22, 0x3b, 0x02, 0x3b,
    0x22, 0x3b, 0x41, 0x3b, 0x62, 0x3b, 0x61, 0x33, 0x62, 0x3b, 0x81, 0x6b,
    0xa1, 0xa3, 0xa0, 0xc3, 0xc0, 0xdb, 0xc0, 0xe3, 0xa0, 0xe3, 0xa0, 0xe3,
    0x81, 0xe3, 0x80, 0xd3, 0x61, 0xb3, 0x61, 0x8b, 0x82, 0x53, 0xc2, 0x3b,
    0xc2, 0x43, 0xc2, 0x43, 0xe2, 0x43, 0xe2, 0x43, 0x02, 0x44, 0x02, 0x44,
    0x02, 0x3c, 0x22, 0x3c, 0x22, 0x44, 0x23, 0x44, 0x23, 0x44, 0x23, 0x44,
    0x43, 0x44, 0x23, 0x44, 0x23, 0x44, 0x23, 0x44, 0x43, 0x44, 0x43, 0x3c,
    0x23, 0x3c, 0x43, 0x3c, 0x43, 0x3c, 0x23, 0x3c, 0x23, 0x3c, 0x43, 0x3c,
    0x43, 0x3c, 0x23, 0x3c, 0x23, 0x3c, 0x23, 0x3c, 0x23, 0x3c, 0x23, 0x3c,
    0x23, 0x3c, 0x23, 0x44, 0x23, 0x3c, 0x43, 0x3c, 0x43, 0x4c, 0x89, 0xcd,
    0xe8, 0xf4, 0x23, 0xd3, 0xe3, 0x6b, 0x63, 0x44, 0x43, 0x44, 0x63, 0x44,
    0x43, 0x44, 0x43, 0x44, 0x43, 0x44, 0x63, 0x44, 0x63, 0x3c, 0x02, 0x4c,
    0xc1, 0xc2, 0x40, 0xca, 0x80, 0xb9, 0xe0, 0xa8, 0xe0, 0xa0, 0xc0, 0xa0,
    0x21, 0x70, 0x20, 0x70, 0x20, 0x70, 0x20, 0x78, 0x40, 0x78, 0x40, 0x78,
    0x20, 0x78, 0x40, 0x78, 0x40, 0x78, 0x20, 0x78, 0x20, 0x78, 0x20, 0x78,
    0x20, 0x70, 0x40, 0x80, 0x40, 0x90, 0x40, 0x98, 0x40, 0xa0, 0x40, 0x98,
    0x40, 0x98, 0x40, 0x98, 0x20, 0x90, 0x20, 0x88, 0x40, 0x80, 0x40, 0x80,
    0x20, 0x80, 0x80, 0x80, 0x20, 0xcb, 0x60, 0xfc, 0x80, 0xf4, 0x80, 0xfc,
    0x80, 0xfc, 0x80, 0xf4, 0x40, 0xf4, 0x20, 0xfc, 0x20, 0xf4, 0x00, 0xf4,
    0xe0, 0xf3, 0xc0, 0xf3, 0xa0, 0xf3, 0xa0, 0xf3, 0x80, 0xeb, 0x80, 0xeb,
    0x60, 0xf3, 0x40, 0xeb, 0x20, 0xeb, 0x20, 0xeb, 0x00, 0xe3, 0x00, 0xe3,
    0x80, 0xda, 0x40, 0xd2, 0x60, 0xd2, 0x60, 0xd2, 0x21, 0xc2, 0xa2, 0x90,
    0x82, 0x98, 0xa3, 0x98, 0xc3, 0x98, 0xc3, 0xa0, 0xc3, 0xa0, 0xc4, 0xa8,
    0xa4, 0x62, 0x44, 0x34, 0x44, 0x3c, 0x44, 0x3c, 0x23, 0x3c, 0x43, 0x3c,
    0x43, 0x34, 0x43, 0x3c, 0x43, 0x34, 0x43, 0x34, 0x43, 0x34, 0x43, 0x34,
    0x43, 0x34, 0x23, 0x3c, 0x23, 0x34, 0x23, 0x34, 0x24, 0x34, 0x24, 0x34,
    0x23, 0x34, 0x24, 0x34, 0x03, 0x34, 0x24, 0x34, 0x23, 0x34, 0x03, 0x34,
    0x03, 0x34, 0x03, 0x34, 0x03, 0x34, 0x04, 0x34, 0x03, 0x34, 0x03, 0x34,
    0xe3, 0x33, 0x03, 0x34, 0xe3, 0x33, 0xe3, 0x33, 0xe3, 0x33, 0xe3, 0x33,
    0xc3, 0x3b, 0xa2, 0x33, 0x82, 0x33, 0x82, 0x33, 0x62, 0x3b, 0x62, 0x33,
    0x62, 0x33, 0x62, 0x33, 0x41, 0x33, 0x62, 0x3b, 0x41, 0x33, 0x42, 0x33,
    0x21, 0x33, 0xe2, 0x3a, 0xe3, 0x59, 0xc2, 0x61, 0xc3, 0x61, 0xc3, 0x61,
    0xc2, 0x61, 0xc3, 0x69, 0xe3, 0x69, 0x23, 0x72, 0x23, 0x7a, 0x23, 0x82,
    0x43, 0x7a, 0x43, 0x82, 0x44, 0x82, 0x43, 0x82, 0x43, 0x82, 0x44, 0x82,
    0x43, 0x82, 0x43, 0x82, 0x43, 0x82, 0x43, 0x82, 0x43, 0x82, 0x43, 0x82,
    0xc5, 0x92, 0xc4, 0x92, 0xc4, 0x9a, 0xa5, 0x9a, 0xa4, 0x92, 0xc4, 0x92,
    0xc4, 0x9a, 0xc5, 0x92, 0xc5, 0x9a, 0xc4, 0x92, 0xc5, 0x9a, 0xa5, 0x92,
    0x64, 0x8a, 0x24, 0x7a, 0x24, 0x72, 0x03, 0x72, 0x03, 0x72, 0x63, 0x5a,
    0xe2, 0x3a, 0x02, 0x33, 0xe2, 0x32, 0x02, 0x33, 0x01, 0x33, 0x02, 0x33,
    0x01, 0x33, 0x02, 0x33, 0x21, 0x33, 0x22, 0x33, 0x21, 0x33, 0x02, 0x33,
    0x22, 0x33, 0x42, 0x3b, 0x21, 0x33, 0x22, 0x3b, 0x41, 0x3b, 0x42, 0x3b,
    0x42, 0x3b, 0x61, 0x3b, 0x61, 0x43, 0x81, 0x93, 0xe0, 0xe3, 0x00, 0xfc,
    0x00, 0xf4, 0x00, 0xf4, 0xe0, 0xf3, 0xe0, 0xf3, 0xc0, 0xf3, 0xc0, 0xf3,
    0xc0, 0xf3, 0xa0, 0xeb, 0xa0, 0xeb, 0xa0, 0xf3, 0x60, 0xeb, 0x61, 0xb3,
    0x82, 0x5b, 0xe2, 0x43, 0x02, 0x44, 0xe2, 0x43, 0xe2, 0x43, 0x02, 0x44,
    0x02, 0x44, 0x22, 0x44, 0x23, 0x44, 0x22, 0x44, 0x42, 0x4c, 0x42, 0x44,
    0x43, 0x44, 0x42, 0x44, 0x42, 0x44, 0x22, 0x44, 0x43, 0x44, 0x23, 0x44,
    0x43, 0x44, 0x43, 0x44, 0x43, 0x44, 0x43, 0x44, 0x43, 0x44, 0x43, 0x44,
    0x43, 0x44, 0x43, 0x44, 0x43, 0x44, 0x43, 0x44, 0x43, 0x44, 0x43, 0x44,
    0x43, 0x44, 0x43, 0x44, 0x23, 0x44, 0x43, 0x44, 0x23, 0x3c, 0x24, 0x64,
    0xa4, 0xa3, 0x03, 0x64, 0x43, 0x4c, 0x43, 0x44, 0x63, 0x44, 0x43, 0x44,
    0x43, 0x4c, 0x43, 0x44, 0x43, 0x44, 0x43, 0x44, 0x43, 0x44, 0xc2, 0x7b,
    0xc0, 0xda, 0x20, 0xca, 0xa0, 0xc1, 0x00, 0xa9, 0xe0, 0xa8, 0xa0, 0x90,
    0x20, 0x70, 0x20, 0x78, 0x20, 0x78, 0x20, 0x78, 0x40, 0x78, 0x40, 0x78,
    0x40, 0x78, 0x20, 0x78, 0x20, 0x78, 0x20, 0x78, 0x20, 0x78, 0x40, 0x80,
    0x40, 0x98, 0x40, 0xa0, 0x41, 0xa0, 0x40, 0xa0, 0x40, 0xa0, 0x40, 0xa0,
    0x40, 0xa0, 0x20, 0x98, 0x40, 0x98, 0x40, 0x98, 0x20, 0x90, 0x20, 0x90,
    0x40, 0x88, 0x00, 0xaa, 0x60, 0xf4, 0x80, 0xf4, 0xa0, 0xfc, 0x80, 0xf4,
    0x80, 0xf4, 0x60, 0xf4, 0x60, 0xfc, 0x20, 0xf4, 0x00, 0xf4, 0x00, 0xf4,
    0xe0, 0xf3, 0xc0, 0xf3, 0xa0, 0xf3, 0x80, 0xeb, 0x80, 0xeb, 0x60, 0xeb,
    0x40, 0xeb, 0x20, 0xeb, 0x20, 0xeb, 0x00, 0xeb, 0x00, 0xe3, 0xa0, 0xda,
    0x60, 0xd2, 0x60, 0xd2, 0x60, 0xd2, 0x60, 0xd2, 0xa1, 0xb1, 0x82, 0x90,
    0xa2, 0x98, 0xa3, 0x98, 0xc3, 0x98, 0xc3, 0xa0, 0xc3, 0xa0, 0xc4, 0xa8,
    0x03, 0x7a, 0x44, 0x34, 0x23, 0x3c, 0x43, 0x3c, 0x43, 0x3c, 0x43, 0x3c,
    0x43, 0x3c, 0x43, 0x3c, 0x23, 0x3c, 0x23, 0x3c, 0x23, 0x3c, 0x43, 0x3c,
    0x23, 0x3c, 0x43, 0x3c, 0x43, 0x34, 0x23, 0x3c, 0x23, 0x3c, 0x23, 0x3c,
    0x23, 0x3c, 0x03, 0x3c, 0x03, 0x3c, 0xe3, 0x33, 0xe3, 0x33, 0xc3, 0x33,
    0xe3, 0x33, 0xe3, 0x33, 0xe3, 0x33, 0xe3, 0x33, 0xe3, 0x33, 0xe3, 0x33,
    0xe3, 0x33, 0xc3, 0x33, 0xc3, 0x33, 0xc3, 0x33, 0xc3, 0x33, 0xc2, 0x33,
    0xa2, 0x33, 0xa3, 0x33, 0xa2, 0x33, 0x82, 0x33, 0x62, 0x33, 0x61, 0x33,
    0x61, 0x33, 0x62, 0x33, 0x61, 0x33, 0x41, 0x33, 0x42, 0x33, 0x41, 0x33,
    0x21, 0x33, 0xc2, 0x42, 0xe3, 0x61, 0xc3, 0x61, 0xc3, 0x69, 0xe3, 0x61,
    0xe3, 0x61, 0xe3, 0x69, 0xc3, 0x69, 0x23, 0x72, 0x23, 0x7a, 0x23, 0x82,
    0x44, 0x7a, 0x43, 0x82, 0x23, 0x82, 0x43, 0x82, 0x43, 0x82, 0x43, 0x82,
    0x43, 0x82, 0x44, 0x82, 0x63, 0x82, 0x43, 0x82, 0x43, 0x82, 0x43, 0x82,
    0xc5, 0x9a, 0xc5, 0x9a, 0xc4, 0x92, 0xa4, 0x92, 0xa5, 0x92, 0xa5, 0x92,
    0xc5, 0x92, 0xc4, 0x92, 0xc4, 0x9a, 0xc5, 0x92, 0x84, 0x8a, 0x44, 0x7a,
    0x04, 0x72, 0x03, 0x72, 0x04, 0x6a, 0x04, 0x6a, 0x03, 0x6a, 0x23, 0x62,
    0xc2, 0x42, 0x02, 0x33, 0x02, 0x33, 0x01, 0x33, 0x02, 0x33, 0x01, 0x33,
    0x21, 0x33, 0x22, 0x33, 0x21, 0x33, 0x42, 0x3b, 0x41, 0x3b, 0x42, 0x3b,
    0x21, 0x33, 0x41, 0x3b, 0x41, 0x3b, 0x42, 0x3b, 0x42, 0x3b, 0x41, 0x43,
    0x61, 0x3b, 0xa1, 0x8b, 0xe1, 0xdb, 0x21, 0xf4, 0x00, 0xf4, 0x20, 0xf4,
    0x21, 0xf4, 0x01, 0xf4, 0x00, 0xf4, 0x01, 0xf4, 0x00, 0xf4, 0xe0, 0xf3,
    0xc0, 0xf3, 0xc0, 0xf3, 0xa0, 0xf3, 0x80, 0xf3, 0x80, 0xeb, 0x40, 0xeb,
    0x20, 0xe3, 0x21, 0xb3, 0xc2, 0x5b, 0x02, 0x44, 0x02, 0x4c, 0x03, 0x44,
    0x03, 0x44, 0x22, 0x44, 0x22, 0x44, 0x23, 0x4c, 0x42, 0x4c, 0x42, 0x4c,
    0x43, 0x4c, 0x43, 0x4c, 0x43, 0x4c, 0x42, 0x4c, 0x42, 0x4c, 0x43, 0x4c,
    0x42, 0x4c, 0x42, 0x4c, 0x43, 0x4c, 0x63, 0x4c, 0x62, 0x4c, 0x62, 0x4c,
    0x43, 0x4c, 0x63, 0x4c, 0x62, 0x4c, 0x43, 0x4c, 0x42, 0x44, 0x42, 0x4c,
    0x42, 0x4c, 0x42, 0x4c, 0x42, 0x44, 0x42, 0x44, 0x42, 0x44, 0x42, 0x4c,
    0x63, 0x44, 0x63, 0x4c, 0x43, 0x4c, 0x63, 0x4c, 0x63, 0x4c, 0x43, 0x4c,
    0x42, 0x44, 0x42, 0x4c, 0x62, 0x4c, 0x42, 0x4c, 0x42, 0x44, 0x21, 0xa3,
    0x80, 0xe2, 0x20, 0xca, 0x80, 0xb1, 0x81, 0x90, 0xc0, 0xa0, 0x60, 0x80,
    0x40, 0x78, 0x20, 0x70, 0x40, 0x80, 0x40, 0x90, 0x40, 0xa0, 0x40, 0xa0,
    0x40, 0x98, 0x40, 0x90, 0x40, 0x80, 0x20, 0x78, 0x40, 0x88, 0x40, 0xa8,
    0x40, 0xa8, 0x40, 0xa8, 0x40, 0xa8, 0x40, 0xb0, 0x60, 0xa8, 0x40, 0xa8,
    0x40, 0xa0, 0x20, 0xa0, 0x40, 0x98, 0x20, 0x98, 0x20, 0x90, 0x20, 0x90,
    0x40, 0x99, 0xe0, 0xeb, 0x80, 0xf4, 0x80, 0xfc, 0xa0, 0xfc, 0x80, 0xfc,
    0x80, 0xf4, 0x60, 0xfc, 0x20, 0xf4, 0x00, 0xf4, 0x00, 0xf4, 0xe0, 0xf3,
    0xa0, 0xf3, 0xa0, 0xeb, 0x80, 0xeb, 0x60, 0xeb, 0x40, 0xeb, 0x20, 0xeb,
    0x20, 0xeb, 0x00, 0xe3, 0x00, 0xe3, 0x00, 0xe3, 0x80, 0xda, 0x60, 0xd2,
    0x60, 0xd2, 0x60, 0xd2, 0x60, 0xd2, 0x60, 0xd2, 0x22, 0xa1, 0x82, 0x90,
    0xa3, 0x98, 0xa3, 0x98, 0xc3, 0xa0, 0xc3, 0xa0, 0xc3, 0xa0, 0xe4, 0xa8,
    0xa3, 0x81, 0x23, 0x34, 0x43, 0x3c, 0x43, 0x3c, 0x43, 0x3c, 0x43, 0x3c,
    0x43, 0x3c, 0x43, 0x3c, 0x63, 0x3c, 0x43, 0x3c, 0x23, 0x3c, 0x23, 0x3c,
    0x23, 0x3c, 0x43, 0x3c, 0x23, 0x3c, 0x43, 0x3c, 0x43, 0x3c, 0x23, 0x3c,
    0xe2, 0x3b, 0xe2, 0x33, 0xc2, 0x33, 0xc2, 0x3b, 0xc3, 0x3b, 0xa2, 0x33,
    0xa2, 0x3b, 0xc2, 0x3b, 0xc3, 0x33, 0xc3, 0x33, 0xc3, 0x33, 0xc3, 0x33,
    0xe3, 0x33, 0xc3, 0x33, 0xa2, 0x33, 0xa3, 0x33, 0xc2, 0x33, 0xa3, 0x33,
    0xa2, 0x33, 0xa2, 0x33, 0xa2, 0x3b, 0x82, 0x33, 0x62, 0x33, 0x62, 0x33,
    0x62, 0x3b, 0x62, 0x3b, 0x62, 0x33, 0x41, 0x33, 0x22, 0x33, 0x22, 0x33,
    0x22, 0x33, 0x62, 0x4a, 0xe3, 0x61, 0xc3, 0x61, 0xc3, 0x61, 0xe3, 0x61,
    0xe3, 0x69, 0xc3, 0x61, 0xc2, 0x69, 0x23, 0x7a, 0x43, 0x7a, 0x43, 0x82,
    0x43, 0x7a, 0x23, 0x7a, 0x43, 0x82, 0x44, 0x82, 0x43, 0x7a, 0x43, 0x82,
    0x43, 0x82, 0x23, 0x82, 0x83, 0x72, 0xe2, 0x62, 0x43, 0x82, 0x43, 0x82,
    0x84, 0x8a, 0x64, 0x82, 0x44, 0x7a, 0x23, 0x7a, 0x44, 0x7a, 0x44, 0x82,
    0x64, 0x82, 0x84, 0x8a, 0x84, 0x8a, 0x44, 0x82, 0x24, 0x72, 0x03, 0x72,
    0x03, 0x72, 0x04, 0x6a, 0xe3, 0x71, 0x04, 0x6a, 0x04, 0x6a, 0xe4, 0x69,
    0xa2, 0x4a, 0x22, 0x33, 0x21, 0x3b, 0x22, 0x3b, 0x22, 0x33, 0x21, 0x3b,
    0x22, 0x3b, 0x41, 0x3b, 0x42, 0x3b, 0x41, 0x3b, 0x42, 0x3b, 0x41, 0x3b,
    0x41, 0x3b, 0x42, 0x3b, 0x61, 0x3b, 0x62, 0x43, 0x61, 0x43, 0x81, 0x5b,
    0xc1, 0xc3, 0x21, 0xf4, 0x21, 0xf4, 0x21, 0xf4, 0x41, 0xf4, 0x41, 0xfc,
    0x41, 0xf4, 0x21, 0xf4, 0x21, 0xfc, 0x20, 0xfc, 0x00, 0xfc, 0x01, 0xf4,
    0xe0, 0xfb, 0xe0, 0xf3, 0xc0, 0xf3, 0xa0, 0xf3, 0x80, 0xf3, 0x40, 0xeb,
    0x20, 0xe3, 0x00, 0xe3, 0xe0, 0xda, 0x81, 0x7b, 0xe2, 0x43, 0x02, 0x4c,
    0x02, 0x44, 0x22, 0x4c, 0x22, 0x4c, 0x22, 0x44, 0x23, 0x4c, 0x22, 0x4c,
    0x42, 0x4c, 0x42, 0x4c, 0x43, 0x4c, 0x43, 0x4c, 0x42, 0x4c, 0x43, 0x4c,
    0x43, 0x4c, 0x42, 0x4c, 0x63, 0x4c, 0x62, 0x4c, 0x42, 0x4c, 0x63, 0x4c,
    0x63, 0x4c, 0x42, 0x4c, 0x62, 0x4c, 0x43, 0x4c, 0x42, 0x4c, 0x62, 0x4c,
    0x63, 0x4c, 0x63, 0x4c, 0x62, 0x4c, 0x62, 0x4c, 0x63, 0x4c, 0x42, 0x4c,
    0x62, 0x4c, 0x42, 0x4c, 0x43, 0x4c, 0x42, 0x44, 0x43, 0x4c, 0x43, 0x4c,
    0x63, 0x4c, 0x63, 0x4c, 0x63, 0x4c, 0x63, 0x4c, 0x02, 0x5c, 0xa0, 0xd2,
    0x60, 0xda, 0x20, 0xca, 0x00, 0xa1, 0x60, 0x90, 0x80, 0x90, 0x40, 0x78,
    0x41, 0x80, 0x60, 0x98, 0x40, 0xa8, 0x60, 0xa8, 0x40, 0xa8, 0x40, 0xa8,
    0x40, 0xa0, 0x21, 0xa0, 0x40, 0xa0, 0x40, 0x98, 0x60, 0xb0, 0x60, 0xb0,
    0x61, 0xb0, 0x60, 0xb0, 0x60, 0xb8, 0x60, 0xb0, 0x60, 0xb0, 0x40, 0xa8,
    0x41, 0xa8, 0x40, 0xa0, 0x40, 0x98, 0x20, 0x98, 0x20, 0x90, 0xe0, 0x98,
    0xc0, 0xe3, 0x81, 0xf4, 0xa0, 0xfc, 0xa0, 0xfc, 0x80, 0xfc, 0x80, 0xfc,
    0x40, 0xf4, 0x20, 0xf4, 0x20, 0xf4, 0xe0, 0xf3, 0xc0, 0xf3, 0xa0, 0xf3,
    0x80, 0xeb, 0x80, 0xeb, 0x60, 0xeb, 0x60, 0xeb, 0x40, 0xeb, 0x20, 0xeb,
    0x00, 0xe3, 0x01, 0xe3, 0xe0, 0xe2, 0x80, 0xda, 0x60, 0xd2, 0x80, 0xd2,
    0x60, 0xd2, 0x60, 0xd2, 0x60, 0xd2, 0x21, 0xca, 0xa2, 0x90, 0xa2, 0x90,
    0xa2, 0x98, 0xc3, 0x98, 0xc3, 0xa0, 0xc3, 0xa0, 0xe3, 0xa0, 0xe3, 0xa8,
    0x63, 0x91, 0x23, 0x44, 0x43, 0x3c, 0x43, 0x3c, 0x62, 0x44, 0x42, 0x44,
    0x43, 0x44, 0x42, 0x44, 0x42, 0x44, 0x42, 0x44, 0x43, 0x44, 0x42, 0x3c,
    0x22, 0x3c, 0x22, 0x44, 0x22, 0x44, 0x22, 0x3c, 0x02, 0x3c, 0x02, 0x3c,
    0xe2, 0x33, 0xc2, 0x33, 0xc2, 0x3b, 0xc2, 0x3b, 0xc2, 0x33, 0xc2, 0x3b,
    0xa2, 0x3b, 0xa2, 0x33, 0xc2, 0x3b, 0xa2, 0x3b, 0xc2, 0x33, 0xc2, 0x33,
    0xc3, 0x33, 0xa2, 0x33, 0xa2, 0x33, 0xa2, 0x33, 0xa2, 0x33, 0xa2, 0x33,
    0xa2, 0x33, 0x82, 0x3b, 0x82, 0x33, 0x62, 0x33, 0x82, 0x3b, 0x62, 0x33,
    0x62, 0x33, 0x61, 0x33, 0x42, 0x33, 0x42, 0x3b, 0x41, 0x33, 0x22, 0x33,
    0x02, 0x33, 0x43, 0x52, 0xe3, 0x61, 0xc3, 0x61, 0xc2, 0x61, 0xc3, 0x61,
    0xc2, 0x61, 0xc3, 0x61, 0xe3, 0x69, 0x23, 0x7a, 0x43, 0x7a, 0x23, 0x7a,
    0x44, 0x82, 0x43, 0x82, 0x43, 0x82, 0x43, 0x82, 0x23, 0x82, 0x23, 0x7a,
    0x43, 0x82, 0x43, 0x7a, 0x22, 0x5b, 0xc1, 0x4b, 0xa3, 0x6a, 0x43, 0x82,
    0x03, 0x72, 0x03, 0x72, 0x03, 0x72, 0x04, 0x72, 0x03, 0x72, 0x03, 0x72,
    0x04, 0x72, 0x24, 0x72, 0x04, 0x72, 0x04, 0x72, 0x04, 0x6a, 0x03, 0x72,
    0x04, 0x72, 0x04, 0x6a, 0xe3, 0x69, 0xe3, 0x69, 0xe3, 0x69, 0xe3, 0x69,
    0x63, 0x5a, 0x42, 0x3b, 0x41, 0x43, 0x41, 0x43, 0x41, 0x3b, 0x61, 0x3b,
    0x62, 0x43, 0x61, 0x3b, 0x81, 0x3b, 0x61, 0x3b, 0x82, 0x43, 0x82, 0x43,
    0x82, 0x43, 0x81, 0x43, 0xa2, 0x4b, 0xa2, 0x43, 0x81, 0x7b, 0xe0, 0xe3,
    0x01, 0xf4, 0x21, 0xf4, 0x41, 0xfc, 0x41, 0xfc, 0x61, 0xf4, 0x61, 0xfc,
    0x61, 0xfc, 0x61, 0xf4, 0x41, 0xfc, 0x41, 0xf4, 0x21, 0xfc, 0x01, 0xfc,
    0x00, 0xf4, 0xe0, 0xfb, 0xc0, 0xf3, 0xa0, 0xf3, 0x80, 0xf3, 0x40, 0xeb,
    0x20, 0xeb, 0x00, 0xe3, 0xe0, 0xe2, 0xc0, 0xda, 0x21, 0x93, 0xe2, 0x43,
    0xe2, 0x4b, 0x02, 0x44, 0x02, 0x44, 0x22, 0x4c, 0x22, 0x44, 0x22, 0x44,
    0x22, 0x44, 0x22, 0x44, 0x22, 0x4c, 0x22, 0x4c, 0x43, 0x4c, 0x42, 0x44,
    0x42, 0x4c, 0x42, 0x4c, 0x43, 0x4c, 0x43, 0x4c, 0x43, 0x4c, 0x42, 0x44,
    0x42, 0x4c, 0x42, 0x4c, 0x42, 0x44, 0x43, 0x4c, 0x42, 0x44, 0x42, 0x4c,
    0x42, 0x4c, 0x42, 0x4c, 0x42, 0x4c, 0x63, 0x4c, 0x63, 0x4c, 0x63, 0x4c,
    0x42, 0x4c, 0x43, 0x4c, 0x43, 0x4c, 0x62, 0x4c, 0x62, 0x4c, 0x62, 0x4c,
    0x62, 0x4c, 0x63, 0x4c, 0x63, 0x54, 0x83, 0x4c, 0xa2, 0x83, 0xa0, 0xe2,
    0x80, 0xda, 0xe0, 0xc1, 0x80, 0x90, 0x60, 0x90, 0x60, 0x88, 0x40, 0x90,
    0x60, 0xb8, 0x60, 0xb8, 0x80, 0xb8, 0x60, 0xb8, 0x40, 0xb0, 0x40, 0xa8,
    0x40, 0xa8, 0x20, 0xa0, 0x40, 0xa8, 0x60, 0xb8, 0x61, 0xb8, 0x60, 0xb8,
    0x80, 0xb8, 0x80, 0xb8, 0x80, 0xc0, 0x81, 0xb8, 0x60, 0xb0, 0x60, 0xb0,
    0x40, 0xa8, 0x40, 0xa0, 0x20, 0x98, 0x40, 0x98, 0xa0, 0x90, 0x80, 0xd3,
    0x80, 0xf4, 0xa0, 0xfc, 0xa0, 0xfc, 0x80, 0xf4, 0x60, 0xf4, 0x40, 0xf4,
    0x40, 0xf4, 0x00, 0xf4, 0x00, 0xf4, 0xc0, 0xf3, 0xa0, 0xeb, 0xa0, 0xf3,
    0x80, 0xeb, 0x60, 0xeb, 0x40, 0xeb, 0x20, 0xeb, 0x00, 0xe3, 0x00, 0xe3,
    0x00, 0xe3, 0xc0, 0xda, 0x60, 0xd2, 0x80, 0xd2, 0x80, 0xd2, 0x80, 0xd2,
    0x60, 0xd2, 0x60, 0xd2, 0x80, 0xd2, 0xe1, 0xb9, 0x82, 0x90, 0xa2, 0x98,
    0xa3, 0x98, 0xa3, 0x98, 0xc3, 0xa0, 0xc3, 0xa0, 0xc3, 0xa0, 0xe4, 0xa8,
    0x44, 0x99, 0x02, 0x44, 0x42, 0x44, 0x42, 0x44, 0x42, 0x44, 0x42, 0x44,
    0x62, 0x44, 0x42, 0x44, 0x42, 0x44, 0x42, 0x44, 0x42, 0x44, 0x42, 0x44,
    0x42, 0x44, 0x22, 0x44, 0x22, 0x44, 0x02, 0x3c, 0x02, 0x3c, 0xe2, 0x3b,
    0xe2, 0x3b, 0xe2, 0x3b, 0xc2, 0x3b, 0xc2, 0x33, 0xc2, 0x3b, 0xc2, 0x3b,
    0xc2, 0x3b, 0xa2, 0x3b, 0xa2, 0x3b, 0xc2, 0x33, 0xa2, 0x3b, 0xa2, 0x33,
    0xa2, 0x33, 0xa2, 0x33, 0xa2, 0x33, 0xa2, 0x3b, 0xa2, 0x3b, 0x82, 0x33,
    0x82, 0x3b, 0x62, 0x33, 0x62, 0x33, 0x62, 0x3b, 0x62, 0x33, 0x62, 0x33,
    0x41, 0x33, 0x42, 0x33, 0x41, 0x3b, 0x41, 0x3b, 0x21, 0x33, 0x02, 0x33,
    0xc2, 0x3a, 0x22, 0x5a, 0xe3, 0x69, 0x03, 0x6a, 0xe3, 0x69, 0xc3, 0x61,
    0xc3, 0x61, 0xc3, 0x61, 0xe3, 0x69, 0x23, 0x7a, 0x23, 0x7a, 0x43, 0x7a,
    0x43, 0x82, 0x43, 0x7a, 0x43, 0x7a, 0x44, 0x82, 0x43, 0x82, 0x44, 0x82,
    0x23, 0x82, 0x63, 0x72, 0xa1, 0x53, 0xc1, 0x4b, 0x22, 0x5b, 0x23, 0x7a,
    0x03, 0x6a, 0x04, 0x6a, 0x03, 0x72, 0x04, 0x72, 0x04, 0x72, 0x03, 0x6a,
    0x04, 0x72, 0x04, 0x72, 0x03, 0x72, 0x03, 0x6a, 0x04, 0x6a, 0x04, 0x72,
    0x03, 0x6a, 0x04, 0x6a, 0x04, 0x72, 0x03, 0x72, 0x03, 0x6a, 0x04, 0x6a,
    0x63, 0x5a, 0x81, 0x43, 0xa1, 0x43, 0xa1, 0x43, 0x81, 0x43, 0x81, 0x43,
    0xa2, 0x43, 0xa1, 0x43, 0x81, 0x43, 0x81, 0x43, 0xa1, 0x43, 0xa1, 0x43,
    0xa1, 0x43, 0xc1, 0x4b, 0xc1, 0x4b, 0xa1, 0x83, 0x01, 0xec, 0x21, 0xf4,
    0x21, 0xf4, 0x41, 0xf4, 0x61, 0xf4, 0x62, 0xfc, 0x62, 0xf4, 0x62, 0xf4,
    0x82, 0xfc, 0x82, 0xfc, 0x61, 0xf4, 0x61, 0xfc, 0x41, 0xf4, 0x41, 0xfc,
    0x21, 0xf4, 0x01, 0xfc, 0xe0, 0xf3, 0xc1, 0xf3, 0x80, 0xf3, 0x60, 0xf3,
    0x40, 0xeb, 0x20, 0xeb, 0xe0, 0xe2, 0xe0, 0xda, 0xc0, 0xda, 0x01, 0x8b,
    0xe2, 0x43, 0xe2, 0x4b, 0x02, 0x4c, 0x02, 0x44, 0x02, 0x44, 0x02, 0x44,
    0x02, 0x44, 0x02, 0x44, 0x02, 0x44, 0x22, 0x44, 0x22, 0x44, 0x22, 0x44,
    0x22, 0x4c, 0x22, 0x4c, 0x42, 0x4c, 0x22, 0x4c, 0x22, 0x4c, 0x22, 0x44,
    0x42, 0x4c, 0x42, 0x4c, 0x42, 0x4c, 0x42, 0x4c, 0x42, 0x4c, 0x43, 0x4c,
    0x42, 0x4c, 0x42, 0x4c, 0x42, 0x4c, 0x42, 0x4c, 0x42, 0x4c, 0x42, 0x4c,
    0x42, 0x4c, 0x63, 0x54, 0x42, 0x4c, 0x43, 0x4c, 0x63, 0x54, 0x42, 0x4c,
    0x62, 0x4c, 0x63, 0x4c, 0x63, 0x4c, 0x63, 0x4c, 0x41, 0xab, 0xc0, 0xe2,
    0x80, 0xda, 0x40, 0xa9, 0x61, 0x90, 0x60, 0x90, 0x60, 0xa0, 0x80, 0xc0,
    0xa0, 0xc0, 0xa0, 0xc0, 0x80, 0xc0, 0x61, 0xc0, 0x60, 0xb8, 0x40, 0xb0,
    0x40, 0xa8, 0x40, 0xa8, 0x80, 0xc0, 0x80, 0xc0, 0xa0, 0xc0, 0xa0, 0xc0,
    0x80, 0xc0, 0xa0, 0xc0, 0xa0, 0xc0, 0x80, 0xc0, 0x60, 0xb8, 0x60, 0xb0,
    0x40, 0xa8, 0x40, 0xa0, 0x40, 0x98, 0xa0, 0x98, 0x20, 0xd3, 0xa1, 0xfc,
    0xa0, 0xfc, 0xa0, 0xfc, 0x80, 0xf4, 0x60, 0xf4, 0x40, 0xfc, 0x20, 0xf4,
    0x00, 0xf4, 0xe0, 0xf3, 0xc0, 0xf3, 0xa0, 0xf3, 0x80, 0xeb, 0x60, 0xeb,
    0x60, 0xeb, 0x40, 0xeb, 0x40, 0xeb, 0x20, 0xeb, 0x00, 0xe3, 0xc0, 0xe2,
    0x80, 0xda, 0x60, 0xd2, 0x60, 0xd2, 0x60, 0xd2, 0x60, 0xd2, 0x80, 0xda,
    0x80, 0xd2, 0x80, 0xda, 0x80, 0xda, 0x82, 0xb1, 0x82, 0x90, 0xa2, 0x98,
    0xc3, 0x98, 0xc3, 0xa0, 0xc3, 0xa0, 0xc3, 0xa0, 0xe3, 0xa8, 0xe4, 0xa8,
    0x83, 0x91, 0x22, 0x44, 0x42, 0x44, 0x42, 0x44, 0x62, 0x44, 0x42, 0x44,
    0x42, 0x44, 0x42, 0x44, 0x42, 0x44, 0x42, 0x44, 0x42, 0x44, 0x42, 0x44,
    0x42, 0x44, 0x42, 0x44, 0x22, 0x44, 0x22, 0x44, 0xe2, 0x3b, 0xe2, 0x3b,
    0x02, 0x3c, 0xe2, 0x3b, 0xe2, 0x3b, 0xe2, 0x3b, 0xc2, 0x3b, 0xa2, 0x3b,
    0xc2, 0x3b, 0xc2, 0x3b, 0xc2, 0x3b, 0xc2, 0x3b, 0xa2, 0x3b, 0xa2, 0x3b,
    0xa2, 0x3b, 0xa2, 0x3b, 0xa2, 0x33, 0x82, 0x33, 0x82, 0x33, 0x62, 0x33,
    0x62, 0x33, 0x62, 0x33, 0x42, 0x33, 0x62, 0x33, 0x42, 0x3b, 0x41, 0x33,
    0x42, 0x33, 0x41, 0x33, 0x41, 0x33, 0x22, 0x3b, 0xc2, 0x52, 0x63, 0x6a,
    0x43, 0x7a, 0x63, 0x7a, 0x63, 0x7a, 0x43, 0x82, 0x43, 0x7a, 0x43, 0x7a,
    0x03, 0x72, 0xe3, 0x69, 0xe2, 0x69, 0x23, 0x7a, 0x43, 0x7a, 0x43, 0x7a,
    0x43, 0x82, 0x23, 0x82, 0x43, 0x7a, 0x43, 0x7a, 0x43, 0x82, 0x43, 0x7a,
    0x43, 0x82, 0xa3, 0x72, 0xa1, 0x4b, 0xa1, 0x4b, 0x81, 0x53, 0x62, 0x6a,
    0xe3, 0x69, 0x04, 0x6a, 0xe3, 0x69, 0x03, 0x72, 0x04, 0x6a, 0x03, 0x72,
    0x04, 0x72, 0x03, 0x6a, 0x04, 0x72, 0x03, 0x72, 0x03, 0x6a, 0x04, 0x72,
    0x03, 0x72, 0xe3, 0x69, 0x04, 0x6a, 0x04, 0x6a, 0xe3, 0x69, 0x03, 0x62,
    0x83, 0x5a, 0xa1, 0x43, 0xa2, 0x4b, 0xa2, 0x4b, 0xa1, 0x4b, 0xa1, 0x4b,
    0xa1, 0x4b, 0xa1, 0x43, 0xa2, 0x4b, 0xa1, 0x43, 0xc1, 0x43, 0xc1, 0x4b,
    0xc1, 0x4b, 0xc1, 0x4b, 0xa1, 0x7b, 0x00, 0xec, 0x21, 0xf4, 0x21, 0xf4,
    0x41, 0xfc, 0x62, 0xfc, 0x82, 0xf4, 0xa3, 0xfc, 0xa3, 0xfc, 0xa3, 0xfc,
    0xa3, 0xfc, 0xa2, 0xfc, 0xa2, 0xfc, 0x82, 0xf4, 0x81, 0xfc, 0x61, 0xfc,
    0x41, 0xfc, 0x20, 0xfc, 0x00, 0xf4, 0xc0, 0xf3, 0xa0, 0xf3, 0x60, 0xf3,
    0x40, 0xeb, 0x20, 0xeb, 0x00, 0xe3, 0xe0, 0xe2, 0xc0, 0xda, 0xa0, 0xd2,
    0x41, 0x7b, 0x02, 0x4c, 0x02, 0x4c, 0x03, 0x4c, 0x22, 0x4c, 0x22, 0x4c,
    0x22, 0x4c, 0x22, 0x4c, 0x22, 0x4c, 0x22, 0x4c, 0x22, 0x4c, 0x23, 0x4c,
    0x22, 0x4c, 0x42, 0x4c, 0x42, 0x4c, 0x42, 0x4c, 0x22, 0x4c, 0x22, 0x4c,
    0x43, 0x4c, 0x42, 0x4c, 0x42, 0x4c, 0x43, 0x4c, 0x22, 0x4c, 0x22, 0x4c,
    0x43, 0x54, 0x42, 0x54, 0x43, 0x54, 0x42, 0x54, 0x42, 0x54, 0x42, 0x54,
    0x43, 0x54, 0x42, 0x54, 0x43, 0x54, 0x42, 0x54, 0x43, 0x54, 0x42, 0x54,
    0x63, 0x54, 0x62, 0x54, 0x63, 0x4c, 0x02, 0x64, 0xc0, 0xd2, 0xa0, 0xda,
    0x60, 0xd2, 0xa0, 0x98, 0x61, 0x90, 0x60, 0xa0, 0xa1, 0xc8, 0xc0, 0xc8,
    0xc1, 0xc8, 0xa0, 0xc8, 0xa0, 0xc0, 0x80, 0xc0, 0x80, 0xc0, 0x60, 0xb0,
    0x40, 0xa8, 0x80, 0xc0, 0xc0, 0xc8, 0xc0, 0xc8, 0xc1, 0xc8, 0xc1, 0xd0,
    0xc0, 0xd0, 0xc0, 0xc8, 0xc0, 0xc8, 0xa0, 0xc0, 0x80, 0xc0, 0x60, 0xb0,
    0x60, 0xa8, 0x40, 0xa0, 0xa0, 0x98, 0x21, 0xd3, 0x80, 0xf4, 0xa0, 0xfc,
    0xa0, 0xfc, 0x80, 0xf4, 0x60, 0xf4, 0x40, 0xfc, 0x20, 0xf4, 0x00, 0xf4,
    0xe0, 0xf3, 0xa0, 0xf3, 0xa0, 0xeb, 0x80, 0xeb, 0x60, 0xeb, 0x40, 0xeb,
    0x40, 0xeb, 0x20, 0xeb, 0x00, 0xe3, 0x00, 0xe3, 0xa0, 0xda, 0x80, 0xd2,
    0x60, 0xd2, 0x80, 0xd2, 0x80, 0xda, 0x80, 0xda, 0x80, 0xda, 0x80, 0xda,
    0x80, 0xda, 0x80, 0xd2, 0x80, 0xda, 0x42, 0xa9, 0x82, 0x90, 0xc3, 0x98,
    0xc2, 0x98, 0xc3, 0xa0, 0xc3, 0xa0, 0xe3, 0xa8, 0xe3, 0xa8, 0xe4, 0xb0,
    0x23, 0x82, 0x82, 0x3c, 0x42, 0x44, 0x62, 0x44, 0x42, 0x44, 0x62, 0x44,
    0x62, 0x44, 0x42, 0x44, 0x42, 0x44, 0x42, 0x44, 0x42, 0x44, 0x42, 0x44,
    0x42, 0x44, 0x42, 0x44, 0x22, 0x44, 0x22, 0x44, 0x22, 0x44, 0x02, 0x44,
    0x02, 0x3c, 0xe2, 0x3b, 0x02, 0x3c, 0x02, 0x3c, 0xe1, 0x4b, 0xe1, 0xa3,
    0x00, 0xdc, 0xc0, 0xcb, 0xa1, 0x7b, 0xe2, 0x3b, 0xe2, 0x3b, 0xc2, 0x3b,
    0xc2, 0x3b, 0xa2, 0x33, 0x82, 0x33, 0x82, 0x3b, 0x82, 0x3b, 0x61, 0x33,
    0x62, 0x33, 0x62, 0x33, 0x62, 0x3b, 0x41, 0x33, 0x41, 0x33, 0x42, 0x3b,
    0x41, 0x3b, 0x22, 0x43, 0xe2, 0x52, 0x83, 0x72, 0x83, 0x7a, 0x63, 0x82,
    0x63, 0x7a, 0x64, 0x82, 0x63, 0x82, 0x63, 0x82, 0x43, 0x82, 0x63, 0x82,
    0x63, 0x82, 0x43, 0x82, 0x23, 0x7a, 0x23, 0x7a, 0x43, 0x82, 0x43, 0x82,
    0x43, 0x82, 0x43, 0x7a, 0x43, 0x82, 0x43, 0x82, 0x43, 0x7a, 0x43, 0x7a,
    0x43, 0x82, 0xc2, 0x6a, 0xc1, 0x4b, 0xa1, 0x4b, 0xa1, 0x4b, 0x01, 0x5b,
    0x03, 0x6a, 0x03, 0x72, 0x04, 0x72, 0x04, 0x6a, 0x03, 0x72, 0x24, 0x6a,
    0x03, 0x6a, 0x03, 0x6a, 0x04, 0x6a, 0x04, 0x72, 0x04, 0x6a, 0x04, 0x72,
    0x04, 0x72, 0x03, 0x6a, 0x03, 0x6a, 0xe4, 0x69, 0x04, 0x6a, 0x03, 0x6a,
    0xc2, 0x52, 0xa1, 0x4b, 0xa1, 0x4b, 0xa1, 0x4b, 0xc1, 0x4b, 0xc1, 0x4b,
    0xc1, 0x4b, 0xc1, 0x4b, 0xc1, 0x4b, 0xc1, 0x4b, 0xc1, 0x4b, 0xc2, 0x4b,
    0xc2, 0x4b, 0xc1, 0x63, 0xc1, 0xdb, 0x01, 0xf4, 0x21, 0xf4, 0x41, 0xf4,
    0x82, 0xfc, 0xc3, 0xfc, 0x46, 0xfd, 0x87, 0xfd, 0x46, 0xfd, 0x04, 0xfd,
    0xe3, 0xfc, 0xc3, 0xf4, 0xc3, 0xfc, 0xa2, 0xfc, 0x82, 0xfc, 0x81, 0xf4,
    0x61, 0xf4, 0x41, 0xf4, 0x01, 0xfc, 0xe0, 0xf3, 0xa0, 0xf3, 0x80, 0xf3,
    0x80, 0xeb, 0x40, 0xeb, 0x00, 0xe3, 0xe0, 0xe2, 0xc0, 0xda, 0xc0, 0xda,
    0xc1, 0xc2, 0xa2, 0x5b, 0x02, 0x4c, 0x02, 0x54, 0x02, 0x4c, 0x02, 0x4c,
    0x03, 0x44, 0x02, 0x4c, 0x22, 0x4c, 0x23, 0x54, 0x03, 0x54, 0x22, 0x54,
    0x22, 0x54, 0x23, 0x54, 0x23, 0x54, 0x43, 0x54, 0x42, 0x54, 0x43, 0x54,
    0x43, 0x54, 0x42, 0x54, 0x42, 0x54, 0x43, 0x54, 0x42, 0x54, 0x42, 0x54,
    0x43, 0x54, 0x42, 0x54, 0x42, 0x54, 0x43, 0x54, 0x42, 0x54, 0x42, 0x54,
    0x43, 0x54, 0x62, 0x5c, 0x62, 0x54, 0x62, 0x54, 0x42, 0x54, 0x63, 0x54,
    0x62, 0x54, 0x63, 0x54, 0x63, 0x54, 0x81, 0x8b, 0xa0, 0xe2, 0xc0, 0xe2,
    0xe0, 0xc1, 0x60, 0x90, 0x60, 0x90, 0xc0, 0xc0, 0xe0, 0xd0, 0x01, 0xd1,
    0xe0, 0xd0, 0xc0, 0xd0, 0xc1, 0xc8, 0xa0, 0xc8, 0x80, 0xb8, 0x60, 0xb0,
    0xa1, 0xc8, 0xe1, 0xd0, 0x00, 0xd1, 0x01, 0xd9, 0x00, 0xd1, 0xe0, 0xd0,
    0x01, 0xd1, 0xe0, 0xd0, 0xc0, 0xc8, 0xa1, 0xc0, 0x80, 0xc0, 0x60, 0xb0,
    0x60, 0xa8, 0xa0, 0x98, 0x00, 0xd3, 0x80, 0xf4, 0xa0, 0xfc, 0xa0, 0xfc,
    0x80, 0xf4, 0x80, 0xfc, 0x60, 0xf4, 0x40, 0xf4, 0x00, 0xf4, 0xe0, 0xf3,
    0xa0, 0xf3, 0x80, 0xeb, 0x60, 0xeb, 0x60, 0xeb, 0x40, 0xeb, 0x20, 0xeb,
    0x20, 0xe3, 0x00, 0xe3, 0xc0, 0xda, 0x80, 0xda, 0x80, 0xd2, 0x80, 0xd2,
    0x80, 0xd2, 0x80, 0xda, 0xa0, 0xda, 0xa0, 0xd2, 0xa0, 0xda, 0xa1, 0xda,
    0x80, 0xda, 0x80, 0xd2, 0x80, 0xd2, 0x22, 0xa1, 0xa2, 0x90, 0xa3, 0x98,
    0xc3, 0xa0, 0xc3, 0xa0, 0xc3, 0xa0, 0xc3, 0xa8, 0xe3, 0xa8, 0xc3, 0xa8,
    0xe2, 0x6a, 0x62, 0x44, 0x62, 0x44, 0x62, 0x44, 0x42, 0x44, 0x42, 0x44,
    0x42, 0x44, 0x42, 0x44, 0x42, 0x44, 0x42, 0x44, 0x42, 0x44, 0x22, 0x44,
    0x22, 0x44, 0x42, 0x44, 0x22, 0x44, 0x41, 0x44, 0x41, 0x44, 0x22, 0x44,
    0x02, 0x44, 0x02, 0x3c, 0xe2, 0x43, 0xe1, 0x6b, 0x40, 0xdc, 0x60, 0xf4,
    0x60, 0xf4, 0x40, 0xf4, 0xe0, 0xeb, 0xc1, 0x83, 0x02, 0x3c, 0x02, 0x3c,
    0xc2, 0x3b, 0xc1, 0x3b, 0xa2, 0x3b, 0xa1, 0x3b, 0x81, 0x3b, 0x81, 0x3b,
    0x61, 0x3b, 0x82, 0x3b, 0x61, 0x3b, 0x61, 0x3b, 0x81, 0x3b, 0x62, 0x43,
    0xe2, 0x62, 0xa3, 0x7a, 0x83, 0x82, 0x83, 0x82, 0x63, 0x82, 0x83, 0x82,
    0x63, 0x82, 0x63, 0x82, 0x64, 0x82, 0x63, 0x82, 0x64, 0x82, 0x43, 0x82,
    0x43, 0x82, 0x64, 0x82, 0x43, 0x82, 0x43, 0x82, 0x43, 0x7a, 0x43, 0x7a,
    0x23, 0x7a, 0x43, 0x7a, 0x23, 0x7a, 0x23, 0x7a, 0x43, 0x82, 0x43, 0x82,
    0x23, 0x7a, 0xa2, 0x6a, 0xa1, 0x4b, 0xa1, 0x4b, 0xc1, 0x4b, 0x81, 0x4b,
    0x03, 0x6a, 0x03, 0x6a, 0x04, 0x6a, 0x03, 0x6a, 0x03, 0x72, 0x04, 0x6a,
    0x23, 0x6a, 0x23, 0x72, 0x04, 0x6a, 0x03, 0x6a, 0x03, 0x6a, 0x04, 0x72,
    0x03, 0x6a, 0x04, 0x6a, 0x04, 0x6a, 0x03, 0x6a, 0x03, 0x6a, 0x04, 0x62,
    0xe2, 0x52, 0xc1, 0x4b, 0xa1, 0x43, 0xc1, 0x4b, 0xc1, 0x43, 0xc1, 0x4b,
    0xa1, 0x4b, 0xc2, 0x4b, 0xc1, 0x4b, 0xe1, 0x4b, 0xe1, 0x4b, 0xe1, 0x4b,
    0xc1, 0x4b, 0xa1, 0xb3, 0xe0, 0xf3, 0x01, 0xf4, 0x21, 0xf4, 0x62, 0xf4,
    0xc4, 0xf4, 0x89, 0xfd, 0x2d, 0xfe, 0x2d, 0xfe, 0x0b, 0xfe, 0x87, 0xfd,
    0x25, 0xf5, 0xe4, 0xfc, 0xe3, 0xfc, 0xc2, 0xfc, 0xa2, 0xfc, 0x82, 0xf4,
    0x62, 0xfc, 0x41, 0xfc, 0x21, 0xf4, 0xe1, 0xf3, 0xc0, 0xf3, 0xa0, 0xf3,
    0x80, 0xeb, 0x40, 0xeb, 0x20, 0xeb, 0x00, 0xe3, 0xe0, 0xda, 0xc0, 0xda,
    0xa0, 0xda, 0x01, 0xa3, 0x02, 0x4c, 0x02, 0x54, 0x03, 0x54, 0xe2, 0x53,
    0xe3, 0x53, 0x03, 0x54, 0x03, 0x5c, 0xe3, 0x63, 0x03, 0x64, 0x03, 0x64,
    0x02, 0x64, 0x23, 0x64, 0x23, 0x5c, 0x22, 0x5c, 0x22, 0x5c, 0x22, 0x5c,
    0x42, 0x5c, 0x43, 0x5c, 0x43, 0x5c, 0x22, 0x5c, 0x23, 0x5c, 0x42, 0x5c,
    0x42, 0x5c, 0x23, 0x54, 0x22, 0x54, 0x43, 0x54, 0x42, 0x5c, 0x42, 0x5c,
    0x43, 0x5c, 0x42, 0x5c, 0x42, 0x54, 0x43, 0x5c, 0x42, 0x54, 0x63, 0x54,
    0x62, 0x54, 0x42, 0x54, 0x42, 0x54, 0x01, 0xb3, 0xc0, 0xe2, 0xc0, 0xe2,
    0x60, 0xb1, 0x60, 0x90, 0xc1, 0xb0, 0x20, 0xd9, 0x20, 0xd9, 0x21, 0xd9,
    0x20, 0xd9, 0x01, 0xd9, 0xe0, 0xd0, 0xa0, 0xc8, 0x80, 0xb8, 0xc0, 0xc8,
    0x01, 0xd9, 0x20, 0xd9, 0x21, 0xd9, 0x21, 0xd9, 0x40, 0xd9, 0x20, 0xd9,
    0x20, 0xd9, 0x00, 0xd1, 0xc0, 0xc8, 0xa0, 0xc0, 0x60, 0xb8, 0x60, 0xb0,
    0xc1, 0xa8, 0x20, 0xd3, 0x60, 0xfc, 0xa0, 0xfc, 0xa0, 0xfc, 0x80, 0xf4,
    0x80, 0xf4, 0x40, 0xfc, 0x20, 0xf4, 0x00, 0xf4, 0xe0, 0xf3, 0xc0, 0xf3,
    0x80, 0xeb, 0x60, 0xeb, 0x60, 0xeb, 0x20, 0xeb, 0x20, 0xeb, 0x00, 0xe3,
    0xe0, 0xe2, 0xa0, 0xda, 0x80, 0xda, 0xa0, 0xda, 0x80, 0xda, 0xa0, 0xda,
    0xa0, 0xda, 0xa0, 0xda, 0xa0, 0xda, 0xa0, 0xda, 0xa0, 0xda, 0xa0, 0xda,
    0xa0, 0xda, 0x80, 0xda, 0x60, 0xd2, 0x02, 0x99, 0xa2, 0x98, 0xa2, 0x98,
    0xa3, 0xa0, 0xc3, 0xa0, 0xc3, 0xa0, 0xe3, 0xa8, 0xe3, 0xa8, 0x24, 0xa1,
    0xc3, 0x5b, 0x62, 0x4c, 0x42, 0x44, 0x42, 0x44, 0x42, 0x44, 0x22, 0x44,
    0x42, 0x44, 0x22, 0x44, 0x42, 0x44, 0x42, 0x44, 0x22, 0x44, 0x22, 0x44,
    0x21, 0x3c, 0x01, 0x3c, 0x01, 0x3c, 0x01, 0x44, 0x22, 0x44, 0x21, 0x44,
    0x02, 0x3c, 0x02, 0x3c, 0xe1, 0x53, 0x40, 0xd4, 0xa0, 0xfc, 0xc0, 0xfc,
    0xa0, 0xfc, 0x60, 0xfc, 0x20, 0xf4, 0x80, 0xdb, 0xc1, 0x53, 0x22, 0x44,
    0x02, 0x44, 0x01, 0x3c, 0xe1, 0x43, 0xe2, 0x43, 0x02, 0x44, 0x02, 0x44,
    0xe2, 0x43, 0xe1, 0x43, 0xc1, 0x43, 0xa2, 0x43, 0x82, 0x4b, 0xc2, 0x72,
    0x83, 0x82, 0x83, 0x82, 0xa3, 0x82, 0x83, 0x82, 0x84, 0x82, 0x64, 0x82,
    0x83, 0x82, 0x63, 0x82, 0x64, 0x82, 0x63, 0x82, 0x44, 0x82, 0x63, 0x82,
    0x63, 0x82, 0x43, 0x82, 0x43, 0x82, 0x43, 0x82, 0x43, 0x82, 0x23, 0x7a,
    0x03, 0x7a, 0x23, 0x7a, 0x23, 0x7a, 0x23, 0x7a, 0x43, 0x7a, 0x43, 0x82,
    0x23, 0x7a, 0x82, 0x72, 0xa1, 0x4b, 0xa1, 0x4b, 0xc1, 0x4b, 0xa0, 0x4b,
    0x04, 0x6a, 0x03, 0x6a, 0x03, 0x6a, 0x03, 0x6a, 0x24, 0x6a, 0x03, 0x6a,
    0x03, 0x6a, 0x04, 0x6a, 0x03, 0x6a, 0x03, 0x6a, 0x04, 0x6a, 0x43, 0x6a,
    0x23, 0x6a, 0x04, 0x6a, 0x23, 0x62, 0x83, 0x52, 0x82, 0x52, 0xc2, 0x4a,
    0x62, 0x4b, 0xa1, 0x43, 0xc1, 0x43, 0xa1, 0x43, 0xa1, 0x43, 0xa1, 0x4b,
    0xc1, 0x43, 0xc1, 0x43, 0xc1, 0x4b, 0xe1, 0x4b, 0xe1, 0x4b, 0xe1, 0x4b,
    0xa1, 0x6b, 0xa0, 0xe3, 0xc0, 0xf3, 0xe1, 0xf3, 0x41, 0xf4, 0x62, 0xfc,
    0x05, 0xfd, 0xeb, 0xfd, 0x4e, 0xfe, 0x4e, 0xfe, 0x0c, 0xfe, 0xa8, 0xfd,
    0x46, 0xfd, 0x04, 0xfd, 0xe3, 0xfc, 0xa3, 0xf4, 0x82, 0xfc, 0x82, 0xfc,
    0x61, 0xfc, 0x41, 0xfc, 0x21, 0xf4, 0xe0, 0xf3, 0xc0, 0xf3, 0xa0, 0xf3,
    0x80, 0xf3, 0x40, 0xeb, 0x20, 0xeb, 0x00, 0xe3, 0xc0, 0xe2, 0xc0, 0xda,
    0xa0, 0xd2, 0x80, 0xd2, 0x41, 0x83, 0x03, 0x54, 0xe2, 0x5b, 0xc3, 0x5b,
    0xc3, 0x63, 0xc3, 0x63, 0xc3, 0x63, 0xc3, 0x63, 0xe3, 0x63, 0x03, 0x64,
    0x03, 0x64, 0x02, 0x64, 0x23, 0x64, 0x23, 0x64, 0x23, 0x64, 0x23, 0x64,
    0x23, 0x64, 0x23, 0x64, 0x22, 0x64, 0x23, 0x64, 0x23, 0x64, 0x23, 0x64,
    0x23, 0x64, 0x23, 0x64, 0x23, 0x64, 0x22, 0x5c, 0x23, 0x5c, 0x42, 0x5c,
    0x43, 0x64, 0x43, 0x64, 0x42, 0x5c, 0x63, 0x5c, 0x62, 0x64, 0x62, 0x64,
    0x43, 0x5c, 0x63, 0x5c, 0x22, 0x6c, 0xe0, 0xd2, 0xe0, 0xe2, 0xa0, 0xda,
    0xe1, 0xa0, 0x80, 0x98, 0x00, 0xd1, 0x20, 0xd9, 0x41, 0xd9, 0x40, 0xd9,
    0x41, 0xd9, 0x21, 0xd9, 0xe0, 0xd8, 0xa0, 0xc8, 0xc1, 0xc8, 0x20, 0xd9,
    0x40, 0xe1, 0x61, 0xe1, 0x61, 0xe1, 0x60, 0xd9, 0x61, 0xd9, 0x41, 0xd9,
    0x20, 0xd9, 0xe0, 0xd0, 0xc0, 0xc8, 0x80, 0xc0, 0x60, 0xb0, 0xa1, 0xa8,
    0x20, 0xdb, 0x80, 0xf4, 0xa0, 0xfc, 0xa0, 0xfc, 0x80, 0xf4, 0x80, 0xfc,
    0x60, 0xf4, 0x20, 0xf4, 0x00, 0xf4, 0xc0, 0xf3, 0xa0, 0xeb, 0x80, 0xeb,
    0x60, 0xeb, 0x60, 0xeb, 0x40, 0xeb, 0x20, 0xe3, 0xc0, 0xe2, 0xa0, 0xda,
    0xa0, 0xd2, 0xa0, 0xda, 0xa0, 0xd2, 0xa0, 0xd2, 0xa0, 0xda, 0xa1, 0xda,
    0xc0, 0xda, 0xc0, 0xda, 0xc0, 0xda, 0xc0, 0xda, 0xc0, 0xda, 0xc0, 0xda,
    0xa0, 0xda, 0xa0, 0xd2, 0x61, 0xca, 0xc2, 0x98, 0xa2, 0x98, 0xa3, 0x98,
    0xc3, 0xa0, 0xc3, 0xa0, 0xe3, 0xa0, 0xe4, 0xa8, 0xc3, 0xa8, 0x03, 0x8a,
    0x42, 0x4c, 0x42, 0x44, 0x42, 0x44, 0x42, 0x44, 0x42, 0x44, 0x42, 0x44,
    0x22, 0x44, 0x22, 0x44, 0x22, 0x3c, 0x22, 0x44, 0x22, 0x44, 0x21, 0x3c,
    0x01, 0x3c, 0x02, 0x3c, 0x01, 0x3c, 0x02, 0x3c, 0x01, 0x3c, 0x01, 0x3c,
    0x01, 0x3c, 0xe1, 0x3b, 0xe1, 0x83, 0x80, 0xf4, 0xc0, 0xfc, 0xc0, 0xfc,
    0xa0, 0xfc, 0x60, 0xfc, 0x20, 0xfc, 0xc0, 0xf3, 0xa1, 0x8b, 0x22, 0x4c,
    0x01, 0x44, 0x02, 0x44, 0x02, 0x4c, 0x02, 0x4c, 0x01, 0x44, 0x01, 0x44,
    0x01, 0x3c, 0xe1, 0x43, 0xa2, 0x53, 0x22, 0x5b, 0xc3, 0x7a, 0x83, 0x8a,
    0x84, 0x82, 0xa3, 0x82, 0x83, 0x82, 0x83, 0x82, 0x84, 0x82, 0x83, 0x8a,
    0x83, 0x82, 0x64, 0x82, 0x63, 0x82, 0x63, 0x82, 0x63, 0x82, 0x64, 0x82,
    0x64, 0x82, 0x63, 0x82, 0x43, 0x82, 0x43, 0x82, 0x43, 0x7a, 0x23, 0x72,
    0x03, 0x72, 0x03, 0x72, 0x03, 0x72, 0x23, 0x7a, 0x03, 0x7a, 0x23, 0x7a,
    0x43, 0x7a, 0x62, 0x72, 0x81, 0x4b, 0xa1, 0x4b, 0xa1, 0x4b, 0xc1, 0x4b,
    0x23, 0x62, 0x03, 0x62, 0x43, 0x62, 0xc3, 0x52, 0x02, 0x4b, 0x22, 0x43,
    0x22, 0x43, 0xe2, 0x52, 0x63, 0x62, 0x43, 0x62, 0xa3, 0x52, 0x42, 0x43,
    0x02, 0x4b, 0xe3, 0x52, 0x22, 0x43, 0x61, 0x3b, 0x61, 0x3b, 0x81, 0x3b,
    0x81, 0x43, 0xa2, 0x43, 0xc1, 0x43, 0xc1, 0x43, 0xa1, 0x43, 0xc1, 0x43,
    0xc1, 0x43, 0xc1, 0x4b, 0xc1, 0x43, 0xc1, 0x4b, 0xe1, 0x4b, 0xc1, 0x53,
    0x81, 0xb3, 0xa1, 0xf3, 0xc1, 0xf3, 0x01, 0xf4, 0x42, 0xf4, 0x83, 0xf4,
    0x05, 0xfd, 0xca, 0xfd, 0x2d, 0xfe, 0x2d, 0xfe, 0xeb, 0xfd, 0x67, 0xfd,
    0x25, 0xf5, 0xe4, 0xf4, 0xc3, 0xfc, 0xa2, 0xf4, 0x82, 0xf4, 0x82, 0xfc,
    0x62, 0xf4, 0x41, 0xfc, 0x21, 0xfc, 0x01, 0xf4, 0xc0, 0xf3, 0xa0, 0xf3,
    0x80, 0xeb, 0x61, 0xeb, 0x20, 0xeb, 0x00, 0xe3, 0xe0, 0xe2, 0xa0, 0xda,
    0xa0, 0xd2, 0x80, 0xd2, 0x80, 0xc2, 0xa2, 0x5b, 0xe2, 0x53, 0xc2, 0x5b,
    0xa3, 0x5b, 0xa3, 0x63, 0xa2, 0x63, 0xa3, 0x63, 0xa3, 0x6b, 0xc3, 0x6b,
    0xe3, 0x63, 0xe3, 0x6b, 0xe3, 0x6b, 0xe3, 0x63, 0x03, 0x6c, 0x03, 0x6c,
    0x03, 0x6c, 0x03, 0x6c, 0x03, 0x6c, 0x03, 0x6c, 0x23, 0x6c, 0x03, 0x6c,
    0x03, 0x6c, 0x23, 0x6c, 0x23, 0x6c, 0x23, 0x6c, 0x23, 0x6c, 0x23, 0x6c,
    0x23, 0x6c, 0x43, 0x6c, 0x43, 0x6c, 0x42, 0x64, 0x43, 0x64, 0x42, 0x64,
    0x63, 0x5c, 0x63, 0x5c, 0xc1, 0x7b, 0xe0, 0xe2, 0xe0, 0xe2, 0x80, 0xd2,
    0x80, 0x90, 0xa0, 0xb0, 0x01, 0xd9, 0x20, 0xd9, 0x61, 0xe1, 0x61, 0xe1,
    0x41, 0xe1, 0x40, 0xe1, 0x00, 0xd9, 0xc0, 0xd0, 0x41, 0xd9, 0x61, 0xe1,
    0x81, 0xe1, 0xa1, 0xe1, 0x80, 0xe1, 0x81, 0xe1, 0x60, 0xd9, 0x40, 0xd9,
    0x01, 0xd1, 0xc0, 0xc8, 0x80, 0xc0, 0x60, 0xb8, 0x01, 0xb1, 0x40, 0xe3,
    0x80, 0xfc, 0xa0, 0xfc, 0xa0, 0xfc, 0xa0, 0xfc, 0x80, 0xf4, 0x40, 0xf4,
    0x20, 0xf4, 0x00, 0xf4, 0xc0, 0xf3, 0xa0, 0xeb, 0x80, 0xeb, 0x60, 0xeb,
    0x40, 0xeb, 0x20, 0xe3, 0x00, 0xe3, 0xe1, 0xda, 0xa0, 0xd2, 0xa0, 0xda,
    0xa0, 0xda, 0xa0, 0xd2, 0xa0, 0xda, 0xa0, 0xda, 0xa0, 0xda, 0xc0, 0xda,
    0xc0, 0xda, 0xc0, 0xda, 0xc0, 0xda, 0xe0, 0xda, 0xc0, 0xda, 0xc0, 0xda,
    0xc0, 0xda, 0xa0, 0xda, 0x41, 0xca, 0xc2, 0x98, 0xa3, 0x98, 0xc3, 0x98,
    0xc3, 0xa0, 0xc3, 0xa0, 0xe3, 0xa0, 0xe3, 0xa8, 0x03, 0xa1, 0x82, 0x63,
    0x62, 0x44, 0x42, 0x44, 0x41, 0x44, 0x41, 0x44, 0x41, 0x44, 0x21, 0x44,
    0x21, 0x3c, 0x21, 0x3c, 0x21, 0x44, 0x21, 0x3c, 0x21, 0x3c, 0x21, 0x44,
    0x02, 0x44, 0x02, 0x44, 0x22, 0x3c, 0x01, 0x3c, 0x02, 0x3c, 0x02, 0x3c,
    0x01, 0x44, 0xe1, 0x43, 0x01, 0xc4, 0x80, 0xfc, 0xa0, 0xfc, 0xa0, 0xfc,
    0xa0, 0xfc, 0x60, 0xf4, 0x20, 0xf4, 0xc0, 0xf3, 0xa1, 0x9b, 0x22, 0x4c,
    0x22, 0x4c, 0x21, 0x4c, 0x21, 0x4c, 0x01, 0x54, 0xc1, 0x73, 0xc1, 0xa3,
    0xe1, 0xab, 0xc1, 0x9b, 0x82, 0x73, 0xc3, 0x7a, 0xa3, 0x82, 0x84, 0x8a,
    0x83, 0x82, 0x84, 0x82, 0x84, 0x8a, 0x83, 0x8a, 0x83, 0x82, 0x84, 0x8a,
    0x83, 0x8a, 0x63, 0x82, 0x64, 0x82, 0x63, 0x82, 0x63, 0x82, 0x43, 0x82,
    0x43, 0x82, 0x43, 0x82, 0x43, 0x82, 0x44, 0x82, 0x23, 0x7a, 0x03, 0x72,
    0x03, 0x72, 0x02, 0x72, 0x22, 0x72, 0x23, 0x72, 0x02, 0x72, 0x02, 0x72,
    0x02, 0x72, 0x23, 0x72, 0x41, 0x4b, 0xa1, 0x43, 0xa1, 0x43, 0xa1, 0x43,
    0x21, 0x43, 0x22, 0x43, 0x62, 0x3b, 0x81, 0x3b, 0x61, 0x3b, 0x62, 0x3b,
    0x62, 0x3b, 0x62, 0x3b, 0x22, 0x43, 0x42, 0x43, 0x61, 0x43, 0x61, 0x3b,
    0x41, 0x43, 0x61, 0x3b, 0x81, 0x3b, 0x61, 0x3b, 0x61, 0x3b, 0x81, 0x3b,
    0x81, 0x3b, 0x81, 0x3b, 0xa1, 0x43, 0xa1, 0x43, 0xa1, 0x43, 0xa2, 0x43,
    0xa2, 0x43, 0xc1, 0x43, 0xc1, 0x4b, 0xc1, 0x4b, 0xe1, 0x43, 0xa1, 0x63,
    0x60, 0xdb, 0xa0, 0xeb, 0xe0, 0xf3, 0x01, 0xf4, 0x42, 0xf4, 0x83, 0xf4,
    0xe4, 0xf4, 0x46, 0xf5, 0xa8, 0xfd, 0xc9, 0xfd, 0x87, 0xfd, 0x45, 0xfd,
    0x04, 0xf5, 0xc3, 0xfc, 0xa3, 0xfc, 0xa2, 0xf4, 0x82, 0xfc, 0x62, 0xf4,
    0x61, 0xf4, 0x41, 0xf4, 0x21, 0xf4, 0xe0, 0xf3, 0xe0, 0xf3, 0xa0, 0xf3,
    0x80, 0xf3, 0x60, 0xeb, 0x20, 0xeb, 0x00, 0xe3, 0xe0, 0xe2, 0xc1, 0xda,
    0x80, 0xd2, 0x80, 0xd2, 0x60, 0xca, 0x01, 0x8b, 0xe3, 0x53, 0xa2, 0x53,
    0xc3, 0x5b, 0xa2, 0x5b, 0x83, 0x63, 0x83, 0x63, 0x83, 0x63, 0x82, 0x63,
    0xa3, 0x63, 0xc3, 0x63, 0xe2, 0x63, 0xe2, 0x63, 0x03, 0x64, 0x02, 0x64,
    0x02, 0x64, 0x03, 0x64, 0x02, 0x64, 0x02, 0x6c, 0x03, 0x6c, 0x03, 0x6c,
    0x02, 0x6c, 0x03, 0x6c, 0x02, 0x6c, 0x23, 0x6c, 0x23, 0x6c, 0x43, 0x6c,
    0x42, 0x6c, 0x43, 0x6c, 0x43, 0x6c, 0x62, 0x64, 0x63, 0x64, 0x62, 0x64,
    0x62, 0x64, 0x62, 0x5c, 0x81, 0x93, 0xe0, 0xe2, 0xe0, 0xe2, 0x80, 0xd2,
    0xa0, 0x98, 0xc0, 0xc8, 0x01, 0xd9, 0x40, 0xe1, 0x61, 0xe1, 0x61, 0xe9,
    0x60, 0xe1, 0x41, 0xe1, 0x00, 0xd9, 0x20, 0xd9, 0x81, 0xe9, 0xa1, 0xe9,
    0xc1, 0xe1, 0xa0, 0xe1, 0xa1, 0xe1, 0x81, 0xe1, 0x40, 0xd9, 0x00, 0xd9,
    0xe0, 0xd0, 0xa0, 0xc0, 0x80, 0xb8, 0x61, 0xb9, 0xc0, 0xeb, 0x80, 0xfc,
    0xa0, 0xfc, 0xa0, 0xf4, 0x80, 0xf4, 0x60, 0xf4, 0x40, 0xfc, 0x00, 0xf4,
    0xe0, 0xf3, 0xc0, 0xf3, 0x80, 0xeb, 0x80, 0xeb, 0x40, 0xeb, 0x20, 0xe3,
    0x21, 0xd3, 0x61, 0xd3, 0x81, 0xd3, 0x41, 0xd3, 0xa0, 0xda, 0xc0, 0xda,
    0xc0, 0xda, 0xc1, 0xda, 0xc0, 0xda, 0xc0, 0xda, 0xc0, 0xda, 0xe0, 0xda,
    0xe0, 0xe2, 0xe0, 0xe2, 0xe0, 0xe2, 0xe0, 0xe2, 0xe0, 0xe2, 0xe0, 0xe2,
    0xc0, 0xda, 0xa0, 0xda, 0x41, 0xca, 0xa2, 0x90, 0xa2, 0x98, 0xa3, 0x98,
    0xc3, 0xa0, 0xc3, 0xa0, 0xc3, 0xa0, 0xc3, 0xa8, 0x63, 0x7a, 0x82, 0x44,
    0x62, 0x4c, 0x62, 0x44, 0x42, 0x4c, 0x42, 0x44, 0x41, 0x44, 0x42, 0x44,
    0x42, 0x44, 0x42, 0x44, 0x41, 0x44, 0x42, 0x44, 0x42, 0x44, 0x22, 0x44,
    0x21, 0x44, 0x21, 0x44, 0x21, 0x44, 0x21, 0x44, 0x02, 0x44, 0x02, 0x3c,
    0x01, 0x3c, 0xe1, 0x63, 0x40, 0xec, 0x80, 0xfc, 0xa0, 0xfc, 0xa0, 0xfc,
    0x80, 0xfc, 0x60, 0xfc, 0x20, 0xf4, 0xc0, 0xf3, 0xa1, 0x9b, 0x21, 0x4c,
    0x22, 0x4c, 0x21, 0x4c, 0xe1, 0x63, 0x01, 0xd4, 0x80, 0xfc, 0x80, 0xfc,
    0x80, 0xfc, 0x20, 0xf4, 0xc0, 0xeb, 0xe2, 0xa2, 0x83, 0x82, 0x83, 0x82,
    0x83, 0x82, 0x83, 0x8a, 0x84, 0x82, 0x83, 0x82, 0x83, 0x82, 0x84, 0x82,
    0x63, 0x8a, 0x83, 0x82, 0x64, 0x82, 0x63, 0x82, 0x64, 0x82, 0x63, 0x82,
    0x63, 0x82, 0x63, 0x82, 0x43, 0x82, 0x43, 0x7a, 0x03, 0x72, 0x03, 0x6a,
    0x03, 0x6a, 0x42, 0x6a, 0x61, 0x4b, 0x61, 0x53, 0xa2, 0x62, 0xe2, 0x69,
    0xe2, 0x71, 0xe3, 0x69, 0xc2, 0x5a, 0xa1, 0x43, 0xa1, 0x4b, 0x80, 0x43,
    0x61, 0x3b, 0x61, 0x3b, 0x61, 0x3b, 0x61, 0x3b, 0x81, 0x3b, 0x81, 0x3b,
    0x81, 0x3b, 0x61, 0x3b, 0x81, 0x3b, 0x81, 0x3b, 0x81, 0x3b, 0x81, 0x3b,
    0x61, 0x3b, 0x61, 0x3b, 0x81, 0x3b, 0x61, 0x3b, 0x81, 0x3b, 0x81, 0x3b,
    0x81, 0x3b, 0x81, 0x3b, 0xa1, 0x3b, 0xa1, 0x3b, 0xa1, 0x3b, 0xa1, 0x43,
    0xa1, 0x43, 0xc1, 0x43, 0xc2, 0x43, 0xc2, 0x4b, 0xc1, 0x43, 0x81, 0x83,
    0x80, 0xeb, 0xa1, 0xeb, 0xc0, 0xf3, 0x01, 0xf4, 0x42, 0xf4, 0x82, 0xf4,
    0xa3, 0xfc, 0xe4, 0xfc, 0x25, 0xfd, 0x26, 0xfd, 0x25, 0xfd, 0x04, 0xfd,
    0xe3, 0xfc, 0xa3, 0xf4, 0x82, 0xfc, 0x82, 0xfc, 0x62, 0xf4, 0x61, 0xfc,
    0x41, 0xfc, 0x21, 0xf4, 0x00, 0xfc, 0x00, 0xf4, 0xc0, 0xf3, 0xa0, 0xf3,
    0x80, 0xeb, 0x60, 0xeb, 0x41, 0xeb, 0x00, 0xe3, 0x00, 0xe3, 0xc0, 0xda,
    0xa0, 0xda, 0x80, 0xd2, 0x60, 0xca, 0xa1, 0xaa, 0xe2, 0x5b, 0xe3, 0x53,
    0xc2, 0x53, 0xc2, 0x5b, 0xc3, 0x5b, 0xa3, 0x5b, 0xc2, 0x63, 0xc3, 0x63,
    0xc3, 0x63, 0xe3, 0x63, 0x03, 0x64, 0x03, 0x64, 0x03, 0x6c, 0x03, 0x64,
    0x03, 0x64, 0x02, 0x64, 0x03, 0x64, 0x03, 0x64, 0x03, 0x64, 0x03, 0x6c,
    0x03, 0x6c, 0x03, 0x6c, 0x03, 0x64, 0x03, 0x6c, 0x22, 0x6c, 0x42, 0x6c,
    0x43, 0x6c, 0x62, 0x64, 0x42, 0x64, 0x63, 0x64, 0x62, 0x5c, 0x63, 0x5c,
    0x62, 0x5c, 0x62, 0x5c, 0xa1, 0x9b, 0x00, 0xeb, 0x00, 0xe3, 0xc0, 0xda,
    0xc1, 0xa8, 0xc1, 0xd0, 0x20, 0xe1, 0x40, 0xe1, 0x60, 0xe9, 0x61, 0xe9,
    0x81, 0xe9, 0x61, 0xe1, 0x41, 0xe1, 0x80, 0xe1, 0xc1, 0xe9, 0xc1, 0xe9,
    0xc1, 0xe9, 0xc1, 0xe1, 0x80, 0xe1, 0x61, 0xe1, 0x20, 0xd9, 0xe0, 0xd0,
    0xa0, 0xc8, 0x80, 0xb8, 0x00, 0xca, 0xe0, 0xf3, 0x80, 0xfc, 0xa0, 0xfc,
    0xa0, 0xf4, 0x60, 0xf4, 0x40, 0xf4, 0x20, 0xf4, 0x00, 0xf4, 0xe0, 0xf3,
    0xa0, 0xeb, 0xa0, 0xeb, 0x40, 0xe3, 0xc1, 0xca, 0x01, 0xcb, 0x62, 0xcb,
    0x82, 0xd3, 0xa2, 0xdb, 0xa1, 0xdb, 0x21, 0xdb, 0xc0, 0xda, 0xc0, 0xda,
    0xc0, 0xda, 0xc0, 0xda, 0xe0, 0xda, 0xe0, 0xe2, 0xe0, 0xe2, 0x00, 0xe3,
    0x00, 0xe3, 0x00, 0xe3, 0x00, 0xe3, 0x00, 0xe3, 0x00, 0xe3, 0xe0, 0xe2,
    0xc0, 0xe2, 0xc0, 0xda, 0x40, 0xca, 0xa2, 0x98, 0xa2, 0x98, 0xa3, 0x98,
    0xc3, 0x98, 0xe3, 0xa0, 0xc3, 0xa8, 0xa3, 0x91, 0x62, 0x54, 0x82, 0x54,
    0x82, 0x4c, 0x81, 0x4c, 0x82, 0x4c, 0x62, 0x4c, 0x61, 0x4c, 0x61, 0x4c,
    0x62, 0x4c, 0x62, 0x4c, 0x41, 0x4c, 0x41, 0x44, 0x42, 0x4c, 0x61, 0x44,
    0x62, 0x44, 0x41, 0x44, 0x41, 0x44, 0x21, 0x44, 0x01, 0x44, 0x01, 0x44,
    0x22, 0x44, 0xe1, 0x9b, 0x80, 0xfc, 0xc0, 0xfc, 0xc0, 0xfc, 0xa0, 0xfc,
    0x60, 0xf4, 0x40, 0xf4, 0x00, 0xf4, 0x80, 0xeb, 0xa1, 0x83, 0x42, 0x4c,
    0x21, 0x4c, 0x01, 0x64, 0x40, 0xdc, 0xc0, 0xfc, 0xe0, 0xfc, 0xe0, 0xfc,
    0xa0, 0xfc, 0x60, 0xf4, 0x00, 0xf4, 0x21, 0xcb, 0x83, 0x82, 0x83, 0x8a,
    0x84, 0x8a, 0x83, 0x8a, 0x83, 0x82, 0x83, 0x82, 0x84, 0x8a, 0x83, 0x82,
    0x84, 0x82, 0x63, 0x82, 0x83, 0x82, 0x63, 0x82, 0x63, 0x82, 0x43, 0x82,
    0x43, 0x82, 0x43, 0x7a, 0x23, 0x72, 0x03, 0x72, 0x03, 0x6a, 0x02, 0x6a,
    0x02, 0x6a, 0x62, 0x62, 0x81, 0x4b, 0xa1, 0x4b, 0xa1, 0x43, 0x21, 0x4b,
    0x42, 0x62, 0xe2, 0x69, 0x62, 0x62, 0x61, 0x43, 0x80, 0x43, 0x81, 0x43,
    0x62, 0x33, 0x61, 0x3b, 0x62, 0x33, 0x61, 0x3b, 0x62, 0x33, 0x62, 0x3b,
    0x81, 0x3b, 0x81, 0x3b, 0x81, 0x3b, 0x81, 0x3b, 0x81, 0x3b, 0x82, 0x3b,
    0x81, 0x3b, 0x81, 0x3b, 0x82, 0x3b, 0x81, 0x3b, 0x82, 0x3b, 0xa1, 0x3b,
    0x81, 0x3b, 0xa1, 0x3b, 0x81, 0x3b, 0x81, 0x3b, 0x81, 0x3b, 0xa1, 0x43,
    0xa1, 0x43, 0xa1, 0x43, 0xa1, 0x43, 0xc1, 0x43, 0xa1, 0x43, 0x61, 0xab,
    0x61, 0xeb, 0xa0, 0xeb, 0xe1, 0xf3, 0x01, 0xf4, 0x41, 0xf4, 0x62, 0xf4,
    0x83, 0xf4, 0xa3, 0xfc, 0xc3, 0xf4, 0xe3, 0xfc, 0xc3, 0xf4, 0xc3, 0xf4,
    0xa3, 0xfc, 0xa2, 0xfc, 0x82, 0xf4, 0x82, 0xf4, 0x61, 0xfc, 0x41, 0xf4,
    0x41, 0xfc, 0x21, 0xf4, 0x01, 0xf4, 0xe0, 0xf3, 0xc0, 0xf3, 0xa1, 0xf3,
    0x80, 0xeb, 0x60, 0xeb, 0x40, 0xeb, 0x00, 0xe3, 0xe0, 0xe2, 0xc0, 0xda,
    0xa0, 0xd2, 0x80, 0xd2, 0x60, 0xca, 0x80, 0xc2, 0xc2, 0x6b, 0x03, 0x5c,
    0xe2, 0x5b, 0xe2, 0x5b, 0x03, 0x64, 0x02, 0x64, 0x02, 0x64, 0x03, 0x64,
    0x02, 0x64, 0x02, 0x6c, 0x03, 0x64, 0x02, 0x64, 0x03, 0x64, 0x23, 0x6c,
    0x22, 0x6c, 0x23, 0x64, 0x03, 0x64, 0x02, 0x64, 0x03, 0x64, 0x23, 0x64,
    0x22, 0x64, 0x23, 0x64, 0x23, 0x64, 0x23, 0x64, 0x22, 0x64, 0x23, 0x64,
    0x43, 0x64, 0x62, 0x5c, 0x62, 0x5c, 0x42, 0x5c, 0x42, 0x5c, 0x62, 0x5c,
    0x63, 0x5c, 0x62, 0x5c, 0x81, 0x9b, 0x00, 0xeb, 0x20, 0xe3, 0x00, 0xe3,
    0x20, 0xb9, 0xc1, 0xd0, 0x21, 0xe1, 0x40, 0xe1, 0x61, 0xe9, 0x81, 0xe9,
    0x80, 0xe9, 0x80, 0xe9, 0xa1, 0xe9, 0xa1, 0xe9, 0xc1, 0xe9, 0xc1, 0xe9,
    0xc1, 0xe1, 0xa0, 0xe1, 0x60, 0xe1, 0x20, 0xd1, 0xe0, 0xd0, 0xc0, 0xc8,
    0xc1, 0xb8, 0xc0, 0xd2, 0x40, 0xf4, 0x80, 0xf4, 0xa0, 0xfc, 0x80, 0xf4,
    0x60, 0xfc, 0x40, 0xf4, 0x00, 0xf4, 0xe0, 0xf3, 0xc0, 0xf3, 0xa0, 0xeb,
    0x80, 0xeb, 0xa0, 0xd2, 0x21, 0xaa, 0x62, 0xc3, 0xa2, 0xd3, 0xc1, 0xdb,
    0xc1, 0xdb, 0xc2, 0xdb, 0xc1, 0xdb, 0x21, 0xdb, 0xe0, 0xda, 0xe0, 0xe2,
    0xe0, 0xe2, 0xe0, 0xe2, 0x00, 0xe3, 0x00, 0xe3, 0x00, 0xe3, 0x20, 0xe3,
    0x20, 0xe3, 0x20, 0xe3, 0x20, 0xe3, 0x20, 0xe3, 0x00, 0xe3, 0xe0, 0xe2,
    0xc0, 0xe2, 0xc0, 0xda, 0x41, 0xca, 0xc2, 0x98, 0xa2, 0x98, 0xa3, 0x98,
    0xc3, 0x98, 0xc3, 0xa0, 0x43, 0x99, 0x22, 0x5c, 0xa2, 0x4c, 0xa2, 0x54,
    0x82, 0x54, 0xa2, 0x54, 0x82, 0x4c, 0x82, 0x54, 0x82, 0x4c, 0x82, 0x4c,
    0x81, 0x4c, 0x82, 0x4c, 0x62, 0x4c, 0x81, 0x4c, 0x61, 0x4c, 0x61, 0x4c,
    0x62, 0x4c, 0x61, 0x4c, 0x62, 0x4c, 0x62, 0x4c, 0x41, 0x44, 0x42, 0x4c,
    0x21, 0x54, 0x00, 0xcc, 0x80, 0xfc, 0xa0, 0xfc, 0xa0, 0xfc, 0x80, 0xfc,
    0x40, 0xf4, 0x00, 0xf4, 0xc0, 0xf3, 0x40, 0xdb, 0xc1, 0x63, 0x42, 0x54,
    0x01, 0x5c, 0x21, 0xcc, 0xe0, 0xfc, 0x00, 0xfd, 0x00, 0xfd, 0x00, 0xfd,
    0xa0, 0xfc, 0x60, 0xf4, 0xe0, 0xf3, 0x21, 0xd3, 0x83, 0x82, 0x63, 0x82,
    0x83, 0x82, 0x83, 0x82, 0x84, 0x82, 0x84, 0x82, 0x63, 0x82, 0x63, 0x82,
    0x63, 0x82, 0x63, 0x82, 0x43, 0x7a, 0x43, 0x82, 0x43, 0x7a, 0x43, 0x7a,
    0x44, 0x7a, 0x23, 0x72, 0x03, 0x72, 0xe3, 0x69, 0xe2, 0x69, 0x03, 0x6a,
    0x03, 0x72, 0x22, 0x6a, 0x41, 0x53, 0xa1, 0x43, 0xa1, 0x43, 0xa1, 0x43,
    0x80, 0x4b, 0xa1, 0x5a, 0x22, 0x62, 0x41, 0x4b, 0x80, 0x43, 0x80, 0x43,
    0x61, 0x33, 0x81, 0x3b, 0x81, 0x3b, 0x61, 0x33, 0x61, 0x3b, 0x81, 0x33,
    0x81, 0x3b, 0x82, 0x3b, 0x81, 0x3b, 0x81, 0x3b, 0xa1, 0x3b, 0x81, 0x3b,
    0x81, 0x3b, 0x82, 0x3b, 0xa1, 0x3b, 0x81, 0x3b, 0x81, 0x3b, 0xa1, 0x3b,
    0xa1, 0x3b, 0xa2, 0x3b, 0xa1, 0x43, 0x81, 0x3b, 0x81, 0x3b, 0xa1, 0x3b,
    0xa1, 0x3b, 0xa1, 0x43, 0xa2, 0x43, 0xa1, 0x43, 0xa1, 0x53, 0x40, 0xcb,
    0x60, 0xeb, 0xa0, 0xeb, 0xe1, 0xf3, 0x01, 0xf4, 0x41, 0xf4, 0x62, 0xf4,
    0x82, 0xfc, 0xa3, 0xf4, 0xa3, 0xfc, 0xa2, 0xf4, 0xa2, 0xfc, 0xa3, 0xfc,
    0xa2, 0xfc, 0xa2, 0xfc, 0x82, 0xf4, 0x61, 0xfc, 0x61, 0xf4, 0x41, 0xf4,
    0x21, 0xf4, 0x00, 0xfc, 0xe0, 0xf3, 0xe0, 0xf3, 0xc0, 0xf3, 0xa0, 0xf3,
    0x60, 0xeb, 0x40, 0xeb, 0x40, 0xeb, 0x20, 0xeb, 0xe0, 0xe2, 0xc0, 0xda,
    0xa0, 0xd2, 0x81, 0xd2, 0x60, 0xca, 0x60, 0xca, 0xa2, 0x7b, 0x22, 0x64,
    0x22, 0x64, 0x23, 0x64, 0x22, 0x64, 0x22, 0x64, 0x23, 0x64, 0x02, 0x64,
    0x23, 0x64, 0x23, 0x6c, 0x02, 0x6c, 0x22, 0x64, 0x23, 0x64, 0x22, 0x64,
    0x22, 0x64, 0x43, 0x64, 0x43, 0x64, 0x22, 0x64, 0x42, 0x64, 0x42, 0x64,
    0x42, 0x64, 0x42, 0x64, 0x42, 0x64, 0x62, 0x64, 0x42, 0x64, 0x42, 0x5c,
    0x42, 0x5c, 0x62, 0x5c, 0x63, 0x5c, 0x62, 0x5c, 0x62, 0x5c, 0x63, 0x5c,
    0x62, 0x5c, 0x83, 0x54, 0xc2, 0x8b, 0x00, 0xeb, 0x20, 0xeb, 0x40, 0xeb,
    0x00, 0xca, 0xa0, 0xc8, 0x20, 0xe1, 0x40, 0xe1, 0x61, 0xe1, 0x80, 0xe9,
    0xa1, 0xe1, 0xa0, 0xe9, 0xa0, 0xe9, 0xc1, 0xe9, 0xc1, 0xe1, 0xa0, 0xe1,
    0xa1, 0xe1, 0x60, 0xd9, 0x20, 0xd1, 0xe0, 0xd0, 0x80, 0xc0, 0x60, 0xb9,
    0x80, 0xe3, 0x80, 0xf4, 0xa0, 0xfc, 0xa0, 0xfc, 0xa0, 0xf4, 0x60, 0xf4,
    0x20, 0xf4, 0x00, 0xf4, 0xc0, 0xf3, 0xa0, 0xeb, 0x80, 0xeb, 0x20, 0xe3,
    0x41, 0xba, 0xe2, 0xba, 0xa2, 0xd3, 0xc2, 0xd3, 0xc2, 0xdb, 0xc1, 0xdb,
    0xe1, 0xdb, 0xe2, 0xe3, 0xe1, 0xdb, 0x20, 0xdb, 0xe0, 0xe2, 0x00, 0xe3,
    0x20, 0xe3, 0x20, 0xe3, 0x20, 0xe3, 0x20, 0xe3, 0x40, 0xeb, 0x40, 0xe3,
    0x40, 0xe3, 0x40, 0xeb, 0x40, 0xeb, 0x40, 0xe3, 0x20, 0xe3, 0x00, 0xe3,
    0xe0, 0xe2, 0xc0, 0xda, 0x41, 0xca, 0xa2, 0x90, 0xa2, 0x98, 0xc3, 0x98,
    0xc3, 0xa0, 0xc3, 0xa0, 0x42, 0x6b, 0xa2, 0x54, 0xa2, 0x54, 0xa1, 0x54,
    0xa2, 0x54, 0xa2, 0x54, 0xa1, 0x54, 0xa2, 0x54, 0xa1, 0x54, 0x82, 0x54,
    0x81, 0x54, 0x81, 0x54, 0xa2, 0x54, 0x82, 0x4c, 0x61, 0x54, 0x61, 0x54,
    0x81, 0x4c, 0x82, 0x54, 0x61, 0x54, 0x62, 0x54, 0x62, 0x4c, 0x61, 0x4c,
    0x41, 0x6c, 0x20, 0xec, 0x80, 0xf4, 0x80, 0xfc, 0x80, 0xf4, 0x40, 0xf4,
    0x00, 0xf4, 0xe0, 0xf3, 0x80, 0xf3, 0x21, 0xc3, 0x01, 0x54, 0x22, 0x4c,
    0x01, 0xa4, 0xa0, 0xfc, 0x00, 0xfd, 0x20, 0xfd, 0x00, 0xfd, 0xe0, 0xfc,
    0x80, 0xf4, 0x00, 0xf4, 0xa0, 0xeb, 0xe1, 0xca, 0x63, 0x82, 0x63, 0x7a,
    0x43, 0x7a, 0x43, 0x7a, 0x43, 0x7a, 0x43, 0x7a, 0x43, 0x7a, 0x23, 0x72,
    0x23, 0x72, 0x03, 0x6a, 0x03, 0x6a, 0xe3, 0x69, 0xe3, 0x69, 0xe3, 0x69,
    0xe3, 0x69, 0xe3, 0x69, 0xe3, 0x69, 0x02, 0x6a, 0xe2, 0x69, 0x03, 0x6a,
    0xe3, 0x69, 0xe2, 0x69, 0x82, 0x5a, 0x60, 0x4b, 0x80, 0x43, 0x81, 0x43,
    0x80, 0x43, 0x81, 0x43, 0x01, 0x4b, 0x61, 0x43, 0x81, 0x43, 0x80, 0x43,
    0x81, 0x3b, 0x81, 0x3b, 0x81, 0x3b, 0x81, 0x3b, 0x81, 0x3b, 0x81, 0x3b,
    0x81, 0x3b, 0x81, 0x3b, 0x81, 0x3b, 0xa1, 0x3b, 0x81, 0x3b, 0xa2, 0x43,
    0xa1, 0x3b, 0xa1, 0x43, 0x81, 0x3b, 0xa1, 0x3b, 0x81, 0x3b, 0xa1, 0x3b,
    0xa2, 0x3b, 0xa1, 0x3b, 0x81, 0x3b, 0xa1, 0x3b, 0x81, 0x43, 0x81, 0x3b,
    0xa2, 0x43, 0xa1, 0x43, 0xa1, 0x43, 0xc1, 0x4b, 0x81, 0x63, 0x40, 0xdb,
    0x60, 0xeb, 0x80, 0xeb, 0xc1, 0xf3, 0x01, 0xf4, 0x21, 0xf4, 0x42, 0xf4,
    0x82, 0xfc, 0x82, 0xf4, 0x82, 0xf4, 0x82, 0xfc, 0x82, 0xfc, 0x82, 0xf4,
    0xa2, 0xf4, 0x82, 0xfc, 0x82, 0xfc, 0x62, 0xf4, 0x41, 0xf4, 0x21, 0xf4,
    0x21, 0xf4, 0x00, 0xf4, 0xe1, 0xf3, 0xc0, 0xf3, 0xa0, 0xf3, 0x80, 0xf3,
    0x80, 0xeb, 0x40, 0xeb, 0x40, 0xeb, 0x00, 0xe3, 0xe0, 0xe2, 0xc0, 0xda,
    0x80, 0xd2, 0x80, 0xd2, 0x60, 0xca, 0x41, 0xca, 0x42, 0x8b, 0x42, 0x5c,
    0x22, 0x5c, 0x22, 0x64, 0x23, 0x64, 0x23, 0x64, 0x22, 0x64, 0x23, 0x6c,
    0x03, 0x64, 0x23, 0x64, 0x23, 0x6c, 0x22, 0x6c, 0x23, 0x6c, 0x23, 0x64,
    0x22, 0x6c, 0x42, 0x64, 0x43, 0x64, 0x42, 0x64, 0x43, 0x64, 0x42, 0x64,
    0x43, 0x64, 0x62, 0x5c, 0x62, 0x64, 0x62, 0x64, 0x62, 0x5c, 0x42, 0x5c,
    0x42, 0x5c, 0x62, 0x5c, 0x62, 0x5c, 0x62, 0x5c, 0x62, 0x5c, 0x62, 0x5c,
    0x62, 0x5c, 0x62, 0x5c, 0xc1, 0x7b, 0x00, 0xe3, 0x40, 0xeb, 0x40, 0xeb,
    0x00, 0xe3, 0x20, 0xc9, 0xe0, 0xd8, 0x40, 0xe1, 0x60, 0xe9, 0x61, 0xe9,
    0x81, 0xe1, 0x80, 0xe9, 0xa1, 0xe1, 0xc0, 0xe1, 0xa0, 0xe1, 0x80, 0xe1,
    0x61, 0xd9, 0x01, 0xd1, 0xc0, 0xc8, 0xe1, 0xc0, 0x80, 0xd2, 0x40, 0xf4,
    0x60, 0xf4, 0x80, 0xfc, 0x80, 0xfc, 0x60, 0xf4, 0x40, 0xf4, 0x20, 0xf4,
    0xe0, 0xf3, 0xc0, 0xeb, 0xa0, 0xeb, 0x60, 0xeb, 0xe0, 0xda, 0x81, 0xba,
    0x82, 0xcb, 0xc2, 0xd3, 0xc2, 0xdb, 0xe2, 0xdb, 0xe2, 0xdb, 0x01, 0xdc,
    0x02, 0xe4, 0x01, 0xe4, 0xe1, 0xe3, 0x20, 0xe3, 0x20, 0xe3, 0x20, 0xe3,
    0x40, 0xe3, 0x40, 0xeb, 0x40, 0xeb, 0x60, 0xeb, 0x80, 0xeb, 0x80, 0xeb,
    0x80, 0xeb, 0x80, 0xeb, 0x60, 0xeb, 0x60, 0xeb, 0x40, 0xeb, 0x20, 0xe3,
    0xe0, 0xe2, 0xe0, 0xe2, 0x61, 0xca, 0xc2, 0x98, 0xa2, 0x98, 0xa3, 0x98,
    0xc3, 0xa0, 0x22, 0x73, 0xc2, 0x4c, 0xa2, 0x54, 0xc1, 0x54, 0xa2, 0x54,
    0xa2, 0x54, 0xa2, 0x54, 0xa1, 0x54, 0xa2, 0x54, 0x81, 0x54, 0xa2, 0x54,
    0xa2, 0x54, 0x82, 0x54, 0x61, 0x64, 0x01, 0xb4, 0x00, 0xec, 0x20, 0xec,
    0x21, 0xcc, 0x21, 0x7c, 0x61, 0x54, 0x61, 0x54, 0x62, 0x54, 0x62, 0x54,
    0x01, 0x94, 0x20, 0xf4, 0x60, 0xfc, 0x40, 0xfc, 0x40, 0xf4, 0x00, 0xf4,
    0xe0, 0xf3, 0xa0, 0xf3, 0x20, 0xeb, 0x81, 0x8b, 0x22, 0x4c, 0xe1, 0x7b,
    0x20, 0xf4, 0xc0, 0xfc, 0xe0, 0xfc, 0xe0, 0xfc, 0xe0, 0xfc, 0xa0, 0xfc,
    0x20, 0xf4, 0xc0, 0xf3, 0x60, 0xeb, 0xc1, 0xba, 0x63, 0x72, 0x63, 0x7a,
    0x43, 0x72, 0x43, 0x72, 0x23, 0x72, 0x23, 0x72, 0x23, 0x72, 0x23, 0x6a,
    0x03, 0x6a, 0x03, 0x6a, 0x03, 0x6a, 0x03, 0x6a, 0x03, 0x6a, 0xe2, 0x69,
    0x03, 0x6a, 0x02, 0x6a, 0xe2, 0x69, 0x03, 0x6a, 0x03, 0x6a, 0xe2, 0x69,
    0xe2, 0x69, 0xe2, 0x69, 0x02, 0x6a, 0xe1, 0x52, 0x81, 0x43, 0xa1, 0x43,
    0x80, 0x43, 0x80, 0x43, 0x81, 0x3b, 0x80, 0x3b, 0x80, 0x43, 0x81, 0x43,
    0x81, 0x3b, 0x81, 0x3b, 0x81, 0x3b, 0x81, 0x3b, 0x81, 0x3b, 0x81, 0x3b,
    0xa1, 0x3b, 0xa1, 0x3b, 0x81, 0x3b, 0xa1, 0x3b, 0xa1, 0x3b, 0x81, 0x3b,
    0xa1, 0x3b, 0xa1, 0x43, 0xa1, 0x43, 0xa1, 0x3b, 0xa1, 0x43, 0xa2, 0x43,
    0xa1, 0x43, 0xa1, 0x43, 0xa1, 0x43, 0xa1, 0x3b, 0xa1, 0x43, 0xa1, 0x3b,
    0xa1, 0x3b, 0xa1, 0x43, 0xa1, 0x43, 0xa1, 0x43, 0x81, 0x63, 0x20, 0xdb,
    0x60, 0xeb, 0x80, 0xeb, 0xc1, 0xf3, 0xe1, 0xf3, 0x21, 0xf4, 0x41, 0xf4,
    0x41, 0xf4, 0x62, 0xfc, 0x61, 0xf4, 0x62, 0xf4, 0x62, 0xfc, 0x82, 0xfc,
    0x62, 0xf4, 0x82, 0xf4, 0x62, 0xf4, 0x61, 0xfc, 0x41, 0xf4, 0x21, 0xf4,
    0x00, 0xfc, 0xe0, 0xf3, 0xe1, 0xf3, 0xa0, 0xf3, 0x80, 0xf3, 0x80, 0xf3,
    0x60, 0xeb, 0x40, 0xeb, 0x20, 0xeb, 0x00, 0xe3, 0xe0, 0xda, 0xc0, 0xda,
    0x80, 0xd2, 0x80, 0xd2, 0x60, 0xd2, 0x40, 0xca, 0x21, 0x9b, 0x42, 0x5c,
    0x23, 0x64, 0x42, 0x64, 0x42, 0x64, 0x42, 0x64, 0x22, 0x64, 0x43, 0x64,
    0x22, 0x64, 0x42, 0x64, 0x23, 0x6c, 0x22, 0x64, 0x43, 0x64, 0x43, 0x6c,
    0x42, 0x64, 0x43, 0x6c, 0x42, 0x64, 0x42, 0x64, 0x42, 0x64, 0x62, 0x5c,
    0x21, 0x8c, 0xe1, 0xbb, 0xe1, 0x9b, 0x62, 0x5c, 0x82, 0x5c, 0x62, 0x5c,
    0x62, 0x5c, 0x62, 0x5c, 0x62, 0x5c, 0x63, 0x5c, 0x62, 0x5c, 0x62, 0x5c,
    0x63, 0x5c, 0x62, 0x5c, 0x02, 0x6c, 0x20, 0xd3, 0x40, 0xeb, 0x80, 0xeb,
    0x80, 0xeb, 0x00, 0xe3, 0x00, 0xd1, 0x01, 0xd9, 0x20, 0xe1, 0x40, 0xe1,
    0x60, 0xe1, 0x60, 0xe1, 0x61, 0xe1, 0x80, 0xe1, 0x60, 0xe1, 0x40, 0xd9,
    0xe0, 0xd0, 0xa0, 0xc8, 0x20, 0xd2, 0xc0, 0xeb, 0x60, 0xf4, 0x80, 0xfc,
    0x80, 0xfc, 0x60, 0xf4, 0x40, 0xf4, 0x20, 0xf4, 0x00, 0xf4, 0xc0, 0xf3,
    0xa0, 0xf3, 0x80, 0xeb, 0x40, 0xeb, 0x81, 0xca, 0x22, 0xc3, 0xc2, 0xd3,
    0xe2, 0xdb, 0xe2, 0xdb, 0xe2, 0xdb, 0x01, 0xdc, 0x01, 0xdc, 0x01, 0xe4,
    0x21, 0xe4, 0x21, 0xe4, 0xe1, 0xe3, 0x20, 0xe3, 0x40, 0xe3, 0x40, 0xe3,
    0x60, 0xeb, 0x80, 0xeb, 0x80, 0xeb, 0xa0, 0xeb, 0xa0, 0xeb, 0xc0, 0xf3,
    0xc0, 0xeb, 0xa0, 0xeb, 0x80, 0xeb, 0x80, 0xeb, 0x60, 0xeb, 0x20, 0xeb,
    0x00, 0xe3, 0xe0, 0xe2, 0x61, 0xd2, 0xc2, 0x98, 0x82, 0x98, 0xa2, 0x98,
    0x02, 0x73, 0xc2, 0x54, 0xa1, 0x54, 0xa2, 0x54, 0xa2, 0x5c, 0xa1, 0x54,
    0xa2, 0x54, 0xa2, 0x54, 0xa1, 0x54, 0xa2, 0x54, 0xa1, 0x54, 0x81, 0x54,
    0xa2, 0x5c, 0x61, 0x64, 0x00, 0xcc, 0x80, 0xfc, 0xa0, 0xfc, 0xc0, 0xfc,
    0xa0, 0xfc, 0x20, 0xec, 0x01, 0x8c, 0x81, 0x54, 0x61, 0x54, 0x62, 0x54,
    0xe0, 0xbb, 0x00, 0xf4, 0x20, 0xf4, 0x00, 0xf4, 0xe0, 0xf3, 0xc0, 0xf3,
    0x80, 0xf3, 0x40, 0xeb, 0x00, 0xd3, 0x01, 0x5c, 0x01, 0x64, 0xc0, 0xd3,
    0x40, 0xf4, 0x80, 0xfc, 0xa0, 0xfc, 0xa0, 0xfc, 0xa0, 0xfc, 0x40, 0xf4,
    0xe0, 0xf3, 0x60, 0xeb, 0x00, 0xe3, 0x61, 0x9a, 0x43, 0x72, 0x63, 0x72,
    0x43, 0x72, 0x23, 0x72, 0x23, 0x72, 0x23, 0x6a, 0x23, 0x72, 0x03, 0x72,
    0x03, 0x6a, 0x02, 0x6a, 0x02, 0x6a, 0x03, 0x6a, 0x03, 0x6a, 0xe2, 0x69,
    0x03, 0x6a, 0xe3, 0x69, 0xe2, 0x69, 0x62, 0x5a, 0xe2, 0x52, 0xc2, 0x52,
    0x42, 0x62, 0xe2, 0x69, 0xe2, 0x61, 0x02, 0x62, 0x01, 0x4b, 0x81, 0x43,
    0x80, 0x43, 0x81, 0x43, 0x80, 0x43, 0x80, 0x3b, 0x80, 0x3b, 0x81, 0x43,
    0x81, 0x3b, 0x81, 0x3b, 0x81, 0x3b, 0x81, 0x3b, 0x81, 0x3b, 0x81, 0x3b,
    0xa2, 0x3b, 0x81, 0x3b, 0x81, 0x3b, 0x81, 0x3b, 0xa1, 0x3b, 0x81, 0x3b,
    0xa1, 0x43, 0xa1, 0x3b, 0xa2, 0x3b, 0xa1, 0x43, 0xa1, 0x3b, 0xa1, 0x43,
    0xa1, 0x43, 0xc1, 0x43, 0xa1, 0x43, 0xa1, 0x43, 0xa1, 0x43, 0xa1, 0x43,
    0xa1, 0x43, 0xa1, 0x43, 0xc1, 0x43, 0xc1, 0x4b, 0x81, 0x6b, 0x00, 0xdb,
    0x60, 0xeb, 0x80, 0xeb, 0xa0, 0xeb, 0xe1, 0xf3, 0x01, 0xf4, 0x01, 0xf4,
    0x41, 0xf4, 0x41, 0xf4, 0x41, 0xfc, 0x61, 0xf4, 0x61, 0xf4, 0x62, 0xfc,
    0x41, 0xfc, 0x61, 0xf4, 0x41, 0xf4, 0x41, 0xfc, 0x21, 0xf4, 0x01, 0xf4,
    0x01, 0xf4, 0xe0, 0xf3, 0xc0, 0xf3, 0xc0, 0xf3, 0x80, 0xf3, 0x60, 0xeb,
    0x60, 0xeb, 0x40, 0xeb, 0x00, 0xe3, 0x00, 0xe3, 0xc0, 0xe2, 0xa0, 0xda,
    0x81, 0xd2, 0x80, 0xd2, 0x60, 0xca, 0x40, 0xca, 0xe1, 0xa2, 0x22, 0x5c,
    0x42, 0x5c, 0x42, 0x64, 0x42, 0x5c, 0x42, 0x64, 0x43, 0x64, 0x42, 0x64,
    0x42, 0x64, 0x43, 0x64, 0x42, 0x64, 0x42, 0x64, 0x62, 0x64, 0x62, 0x64,
    0x63, 0x64, 0x63, 0x64, 0x62, 0x64, 0x63, 0x64, 0x42, 0x64, 0x41, 0xb4,
    0x80, 0xfc, 0xa0, 0xfc, 0x80, 0xfc, 0xe1, 0xd3, 0x42, 0x74, 0x82, 0x5c,
    0x62, 0x5c, 0x62, 0x5c, 0x62, 0x5c, 0x62, 0x54, 0x62, 0x5c, 0x62, 0x5c,
    0x62, 0x5c, 0x62, 0x5c, 0x42, 0x5c, 0x61, 0xab, 0x40, 0xf3, 0x80, 0xeb,
    0xa0, 0xf3, 0xc0, 0xf3, 0x20, 0xeb, 0x41, 0xd1, 0xc0, 0xd0, 0xe0, 0xd8,
    0x01, 0xd9, 0x00, 0xd9, 0x00, 0xd1, 0x00, 0xd9, 0x00, 0xd1, 0x21, 0xd1,
    0x00, 0xd2, 0xa0, 0xeb, 0x40, 0xfc, 0x60, 0xf4, 0x60, 0xfc, 0x60, 0xf4,
    0x40, 0xf4, 0x40, 0xf4, 0x00, 0xf4, 0xe0, 0xf3, 0xc0, 0xeb, 0x80, 0xeb,
    0x60, 0xeb, 0x00, 0xe3, 0xe1, 0xca, 0x82, 0xd3, 0xe2, 0xdb, 0xe2, 0xdb,
    0x02, 0xdc, 0x02, 0xe4, 0x21, 0xdc, 0x22, 0xe4, 0x22, 0xe4, 0x41, 0xe4,
    0x41, 0xe4, 0x42, 0xec, 0x01, 0xe4, 0x40, 0xe3, 0x60, 0xeb, 0x80, 0xeb,
    0xa0, 0xeb, 0xc0, 0xeb, 0xc0, 0xeb, 0xe0, 0xf3, 0x00, 0xf4, 0xe0, 0xf3,
    0xe0, 0xf3, 0xc0, 0xf3, 0xc0, 0xf3, 0x80, 0xeb, 0x60, 0xeb, 0x40, 0xeb,
    0x20, 0xe3, 0x00, 0xe3, 0xa0, 0xd2, 0xe2, 0x98, 0xa3, 0x98, 0x03, 0x82,
    0xc2, 0x54, 0xc2, 0x54, 0xa2, 0x54, 0xa2, 0x5c, 0xa2, 0x5c, 0xa1, 0x54,
    0xa2, 0x5c, 0xa2, 0x54, 0x82, 0x54, 0xa2, 0x54, 0xa2, 0x5c, 0xa1, 0x54,
    0xa2, 0x5c, 0x21, 0x8c, 0x40, 0xf4, 0xc0, 0xfc, 0x00, 0xfd, 0x00, 0xfd,
    0xe0, 0xfc, 0x80, 0xfc, 0xe0, 0xe3, 0x21, 0x74, 0x61, 0x54, 0x21, 0x6c,
    0xa0, 0xe3, 0xc0, 0xf3, 0xc0, 0xf3, 0xc0, 0xf3, 0xc0, 0xf3, 0xa0, 0xf3,
    0x60, 0xeb, 0x20, 0xe3, 0x61, 0x8b, 0x01, 0x5c, 0xc1, 0xc3, 0x00, 0xf4,
    0x20, 0xf4, 0x40, 0xfc, 0x60, 0xf4, 0x60, 0xfc, 0x40, 0xf4, 0xe0, 0xf3,
    0x80, 0xf3, 0x20, 0xe3, 0xc1, 0xc2, 0x82, 0x72, 0x63, 0x72, 0x43, 0x72,
    0x43, 0x72, 0x23, 0x72, 0x43, 0x6a, 0x23, 0x6a, 0x22, 0x72, 0x02, 0x6a,
    0x03, 0x6a, 0x03, 0x6a, 0x03, 0x6a, 0x03, 0x6a, 0x03, 0x72, 0x03, 0x72,
    0x02, 0x6a, 0xe3, 0x69, 0x03, 0x6a, 0xc2, 0x52, 0x81, 0x3b, 0x81, 0x43,
    0x61, 0x43, 0xe1, 0x4a, 0x22, 0x5a, 0xe2, 0x61, 0x22, 0x62, 0x41, 0x4b,
    0x81, 0x43, 0x81, 0x43, 0x81, 0x3b, 0x81, 0x43, 0x81, 0x3b, 0x80, 0x3b,
    0x81, 0x3b, 0xa1, 0x43, 0xa1, 0x43, 0xa1, 0x3b, 0xa1, 0x3b, 0xa1, 0x43,
    0xa1, 0x43, 0xa1, 0x43, 0xa1, 0x43, 0xa2, 0x43, 0xa1, 0x43, 0xa1, 0x43,
    0xa1, 0x43, 0xa1, 0x43, 0xc1, 0x43, 0xc1, 0x43, 0xa1, 0x43, 0xc1, 0x43,
    0xc1, 0x43, 0xc1, 0x43, 0xc2, 0x4b, 0xe1, 0x4b, 0xe1, 0x4b, 0xc1, 0x4b,
    0xc1, 0x4b, 0xc1, 0x4b, 0xc1, 0x4b, 0xe1, 0x4b, 0xa1, 0x6b, 0x20, 0xdb,
    0x41, 0xeb, 0x60, 0xeb, 0x80, 0xeb, 0xc0, 0xf3, 0xc1, 0xf3, 0xe1, 0xf3,
    0x01, 0xf4, 0x21, 0xf4, 0x21, 0xf4, 0x21, 0xf4, 0x21, 0xf4, 0x41, 0xfc,
    0x21, 0xf4, 0x41, 0xf4, 0x21, 0xf4, 0x01, 0xf4, 0x00, 0xfc, 0xe0, 0xf3,
    0xe0, 0xf3, 0xc0, 0xf3, 0xa1, 0xf3, 0xa0, 0xf3, 0x80, 0xf3, 0x60, 0xeb,
    0x40, 0xeb, 0x20, 0xeb, 0x01, 0xe3, 0xe0, 0xe2, 0xc0, 0xe2, 0xa0, 0xda,
    0x80, 0xd2, 0x60, 0xd2, 0x60, 0xca, 0x40, 0xd2, 0x01, 0x9b, 0x42, 0x54,
    0x22, 0x5c, 0x43, 0x5c, 0x42, 0x5c, 0x42, 0x5c, 0x42, 0x5c, 0x42, 0x5c,
    0x63, 0x64, 0x62, 0x64, 0x62, 0x5c, 0x63, 0x64, 0x62, 0x64, 0x42, 0x64,
    0x42, 0x64, 0x62, 0x64, 0x62, 0x64, 0x62, 0x64, 0x41, 0x9c, 0xa0, 0xfc,
    0x00, 0xfd, 0x00, 0xfd, 0xe0, 0xfc, 0xa0, 0xfc, 0x00, 0xdc, 0x42, 0x6c,
    0x82, 0x5c, 0x82, 0x5c, 0x82, 0x5c, 0x82, 0x5c, 0x82, 0x5c, 0x83, 0x5c,
    0x82, 0x64, 0x82, 0x5c, 0x62, 0x64, 0x22, 0x64, 0x60, 0xcb, 0x80, 0xf3,
    0xa0, 0xf3, 0xe0, 0xf3, 0xc0, 0xf3, 0xe0, 0xf3, 0x20, 0xe3, 0xc1, 0xd1,
    0x41, 0xc9, 0x61, 0xd1, 0xc0, 0xd1, 0xa0, 0xda, 0x81, 0xeb, 0x20, 0xf4,
    0x40, 0xf4, 0x40, 0xf4, 0x40, 0xfc, 0x40, 0xf4, 0x40, 0xf4, 0x20, 0xf4,
    0x20, 0xf4, 0xe0, 0xf3, 0xc0, 0xeb, 0xa0, 0xeb, 0x60, 0xeb, 0x40, 0xeb,
    0xc0, 0xd2, 0x41, 0xcb, 0xe2, 0xd3, 0x02, 0xdc, 0x01, 0xdc, 0x21, 0xe4,
    0x21, 0xe4, 0x21, 0xe4, 0x21, 0xe4, 0x22, 0xe4, 0x41, 0xe4, 0x41, 0xec,
    0x61, 0xec, 0x61, 0xec, 0x21, 0xec, 0x80, 0xeb, 0xa0, 0xeb, 0xa0, 0xeb,
    0xc0, 0xeb, 0xe0, 0xf3, 0x00, 0xf4, 0x20, 0xf4, 0x20, 0xf4, 0x20, 0xf4,
    0x00, 0xf4, 0x00, 0xf4, 0xe0, 0xf3, 0xa0, 0xf3, 0x80, 0xeb, 0x60, 0xeb,
    0x20, 0xe3, 0x00, 0xe3, 0xc0, 0xda, 0x02, 0xa1, 0x83, 0x98, 0xa3, 0x98,
    0x23, 0x99, 0xa2, 0x73, 0xe2, 0x54, 0xa2, 0x5c, 0x81, 0x5c, 0xa1, 0x54,
    0xa2, 0x54, 0xa2, 0x5c, 0xa1, 0x5c, 0x82, 0x5c, 0xa2, 0x54, 0xa1, 0x5c,
    0x82, 0x5c, 0x01, 0xac, 0x60, 0xfc, 0xc0, 0xfc, 0x20, 0xfd, 0x20, 0xfd,
    0x00, 0xfd, 0xc0, 0xfc, 0x20, 0xfc, 0xe1, 0xb3, 0x62, 0x54, 0xc1, 0xab,
    0xe0, 0xf3, 0x20, 0xf4, 0x40, 0xf4, 0x60, 0xf4, 0x60, 0xfc, 0x40, 0xf4,
    0x20, 0xf4, 0xe0, 0xf3, 0xc0, 0xf3, 0xa0, 0xf3, 0xe0, 0xf3, 0x00, 0xf4,
    0x00, 0xf4, 0x20, 0xfc, 0x20, 0xf4, 0x00, 0xf4, 0xe0, 0xf3, 0xa0, 0xf3,
    0x40, 0xeb, 0xc0, 0xd2, 0xc1, 0x7a, 0xa3, 0x72, 0x63, 0x72, 0x43, 0x72,
    0x43, 0x72, 0x43, 0x6a, 0x23, 0x6a, 0x23, 0x6a, 0x23, 0x6a, 0x02, 0x6a,
    0x03, 0x6a, 0x03, 0x6a, 0x03, 0x6a, 0x02, 0x6a, 0x03, 0x6a, 0x03, 0x6a,
    0x02, 0x6a, 0x03, 0x6a, 0x03, 0x6a, 0x62, 0x5a, 0x61, 0x43, 0x81, 0x3b,
    0x61, 0x3b, 0x61, 0x3b, 0x41, 0x43, 0xc2, 0x4a, 0x22, 0x62, 0x42, 0x5a,
    0x41, 0x43, 0x60, 0x3b, 0x80, 0x3b, 0x61, 0x43, 0x80, 0x43, 0x60, 0x3b,
    0xc1, 0x4b, 0xc1, 0x4b, 0xc1, 0x4b, 0xc1, 0x4b, 0xc1, 0x4b, 0xe1, 0x4b,
    0xc1, 0x4b, 0xc1, 0x4b, 0xc1, 0x4b, 0xc1, 0x4b, 0xc1, 0x4b, 0xc1, 0x4b,
    0xc1, 0x4b, 0xc1, 0x4b, 0xc1, 0x4b, 0xe1, 0x53, 0xe1, 0x53, 0xe1, 0x53,
    0xe1, 0x53, 0xe1, 0x53, 0xe1, 0x53, 0xe1, 0x53, 0x01, 0x54, 0xe1, 0x53,
    0xe1, 0x53, 0xe2, 0x53, 0xe1, 0x53, 0x01, 0x5c, 0xa1, 0x6b, 0x00, 0xdb,
    0x20, 0xe3, 0x60, 0xeb, 0x80, 0xeb, 0xa0, 0xeb, 0xc0, 0xf3, 0xe0, 0xf3,
    0xe1, 0xf3, 0x01, 0xf4, 0x00, 0xf4, 0x01, 0xf4, 0x01, 0xfc, 0x01, 0xf4,
    0x21, 0xf4, 0x21, 0xf4, 0x01, 0xfc, 0x01, 0xf4, 0xe0, 0xf3, 0xe0, 0xf3,
    0xc0, 0xf3, 0xc0, 0xf3, 0xa0, 0xf3, 0x80, 0xf3, 0x80, 0xf3, 0x60, 0xeb,
    0x40, 0xeb, 0x20, 0xeb, 0x00, 0xe3, 0xe0, 0xe2, 0xc0, 0xda, 0xa0, 0xda,
    0x80, 0xd2, 0x60, 0xca, 0x60, 0xca, 0x40, 0xca, 0x21, 0x93, 0x22, 0x5c,
    0x22, 0x5c, 0x42, 0x54, 0x42, 0x5c, 0x42, 0x5c, 0x43, 0x5c, 0x62, 0x5c,
    0x42, 0x5c, 0x63, 0x5c, 0x62, 0x5c, 0x63, 0x5c, 0x63, 0x5c, 0x62, 0x5c,
    0x63, 0x64, 0x82, 0x64, 0x83, 0x64, 0x62, 0x6c, 0x41, 0xd4, 0xc0, 0xfc,
    0x20, 0xfd, 0x20, 0xfd, 0x20, 0xfd, 0xe0, 0xfc, 0x80, 0xf4, 0xe1, 0xc3,
    0x82, 0x64, 0x82, 0x64, 0x82, 0x5c, 0x82, 0x64, 0x82, 0x5c, 0x82, 0x64,
    0x83, 0x64, 0x83, 0x5c, 0x82, 0x64, 0x82, 0x64, 0x02, 0x7c, 0x60, 0xdb,
    0x80, 0xeb, 0xa0, 0xeb, 0xc0, 0xf3, 0xc0, 0xf3, 0x00, 0xf4, 0x20, 0xf4,
    0x40, 0xf4, 0x40, 0xf4, 0x40, 0xf4, 0x60, 0xfc, 0x40, 0xf4, 0x40, 0xf4,
    0x40, 0xfc, 0x40, 0xf4, 0x20, 0xf4, 0x20, 0xf4, 0x20, 0xf4, 0x00, 0xf4,
    0xe0, 0xf3, 0xa0, 0xf3, 0x80, 0xeb, 0x80, 0xeb, 0x00, 0xe3, 0x01, 0xd3,
    0xa1, 0xd3, 0x01, 0xdc, 0x01, 0xdc, 0x21, 0xe4, 0x21, 0xe4, 0x21, 0xe4,
    0x41, 0xe4, 0x41, 0xe4, 0x42, 0xe4, 0x61, 0xec, 0x81, 0xec, 0x62, 0xec,
    0x81, 0xec, 0x81, 0xec, 0x01, 0xec, 0x80, 0xeb, 0xc0, 0xf3, 0xe0, 0xf3,
    0x20, 0xf4, 0x20, 0xf4, 0x40, 0xf4, 0x20, 0xf4, 0x40, 0xf4, 0x40, 0xf4,
    0x20, 0xf4, 0x00, 0xf4, 0x00, 0xf4, 0xc0, 0xeb, 0xa0, 0xeb, 0x60, 0xeb,
    0x40, 0xeb, 0x00, 0xe3, 0xe0, 0xe2, 0x42, 0xa9, 0x83, 0x98, 0xc3, 0xa0,
    0xc3, 0xa0, 0xc3, 0xa8, 0x43, 0x8a, 0x82, 0x5c, 0xa2, 0x5c, 0x82, 0x5c,
    0x82, 0x5c, 0xa2, 0x5c, 0xa1, 0x5c, 0xa2, 0x54, 0x81, 0x5c, 0x82, 0x5c,
    0x81, 0x54, 0xe0, 0xab, 0x20, 0xfc, 0xc0, 0xfc, 0xe0, 0xfc, 0x00, 0xfd,
    0x00, 0xfd, 0xc0, 0xfc, 0x60, 0xf4, 0xc0, 0xd3, 0x01, 0x6c, 0xe0, 0xdb,
    0x60, 0xf4, 0x80, 0xfc, 0x80, 0xfc, 0xa0, 0xfc, 0xa0, 0xfc, 0xa0, 0xfc,
    0xa0, 0xfc, 0x60, 0xfc, 0x40, 0xf4, 0x00, 0xf4, 0xc0, 0xf3, 0xe0, 0xf3,
    0xe0, 0xf3, 0xe0, 0xf3, 0x00, 0xf4, 0xc0, 0xf3, 0x80, 0xf3, 0x20, 0xeb,
    0xe1, 0xda, 0x21, 0x83, 0x42, 0x5b, 0xe3, 0x62, 0xc3, 0x62, 0x43, 0x62,
    0x23, 0x6a, 0x23, 0x6a, 0x23, 0x6a, 0x23, 0x6a, 0x23, 0x6a, 0x03, 0x6a,
    0x22, 0x62, 0x42, 0x62, 0x22, 0x62, 0x02, 0x6a, 0xe2, 0x69, 0xe3, 0x69,
    0xe2, 0x69, 0xe2, 0x69, 0xe2, 0x69, 0x02, 0x6a, 0xe1, 0x52, 0x61, 0x43,
    0x61, 0x3b, 0x80, 0x43, 0x60, 0x43, 0x60, 0x3b, 0x41, 0x43, 0xc1, 0x4a,
    0xa1, 0x4a, 0x41, 0x43, 0x80, 0x43, 0x60, 0x3b, 0x81, 0x3b, 0x61, 0x3b,
    0xc1, 0x4b, 0xe1, 0x53, 0xe1, 0x4b, 0xe1, 0x53, 0xc1, 0x53, 0xc1, 0x4b,
    0xc1, 0x4b, 0xc1, 0x53, 0xe1, 0x4b, 0xc1, 0x53, 0xc1, 0x53, 0xc1, 0x4b,
    0xe1, 0x53, 0xe1, 0x53, 0xe1, 0x53, 0xe1, 0x53, 0xe1, 0x53, 0xe1, 0x53,
    0xe1, 0x53, 0xe1, 0x53, 0xe1, 0x53, 0x01, 0x54, 0x02, 0x5c, 0xe1, 0x5b,
    0x01, 0x5c, 0xe1, 0x53, 0xe1, 0x5b, 0xe1, 0x5b, 0xc1, 0x63, 0x00, 0xcb,
    0x20, 0xe3, 0x60, 0xe3, 0x60, 0xeb, 0x80, 0xeb, 0xa0, 0xf3, 0xc0, 0xf3,
    0xe0, 0xf3, 0xe1, 0xf3, 0xe0, 0xf3, 0xe0, 0xf3, 0x00, 0xf4, 0xe0, 0xf3,
    0x00, 0xf4, 0x00, 0xf4, 0x00, 0xf4, 0xe0, 0xf3, 0xc0, 0xf3, 0xc1, 0xf3,
    0xc1, 0xf3, 0xc0, 0xf3, 0xa0, 0xf3, 0x80, 0xeb, 0x60, 0xeb, 0x40, 0xeb,
    0x20, 0xeb, 0x00, 0xeb, 0xe0, 0xe2, 0xc0, 0xda, 0xa0, 0xda, 0x80, 0xd2,
    0x60, 0xd2, 0x60, 0xca, 0x60, 0xca, 0x41, 0xca, 0x81, 0x7b, 0x42, 0x54,
    0x42, 0x54, 0x42, 0x5c, 0x42, 0x54, 0x42, 0x54, 0x42, 0x5c, 0x42, 0x5c,
    0x62, 0x5c, 0x42, 0x5c, 0x62, 0x5c, 0x42, 0x5c, 0x62, 0x5c, 0x82, 0x64,
    0x62, 0x5c, 0x83, 0x5c, 0x83, 0x64, 0x62, 0x6c, 0x20, 0xe4, 0xc0, 0xfc,
    0xe0, 0xfc, 0x20, 0xfd, 0x20, 0xfd, 0x00, 0xfd, 0xa0, 0xfc, 0x00, 0xf4,
    0xe1, 0x93, 0x82, 0x5c, 0x82, 0x64, 0x82, 0x5c, 0x82, 0x64, 0x82, 0x5c,
    0x62, 0x6c, 0x21, 0x8c, 0x22, 0x84, 0x82, 0x64, 0x82, 0x64, 0x01, 0x7c,
    0x40, 0xdb, 0x80, 0xeb, 0xa0, 0xf3, 0xa0, 0xf3, 0xc0, 0xf3, 0xe0, 0xf3,
    0x00, 0xf4, 0x20, 0xf4, 0x20, 0xf4, 0x20, 0xf4, 0x20, 0xf4, 0x00, 0xf4,
    0x00, 0xf4, 0xe0, 0xf3, 0xe0, 0xf3, 0xe0, 0xf3, 0xe0, 0xf3, 0xc0, 0xf3,
    0x80, 0xeb, 0x60, 0xeb, 0x40, 0xeb, 0x01, 0xdb, 0x81, 0xd3, 0x01, 0xdc,
    0x01, 0xe4, 0x01, 0xe4, 0x21, 0xe4, 0x41, 0xe4, 0x41, 0xe4, 0x41, 0xec,
    0x41, 0xe4, 0x61, 0xe4, 0x61, 0xec, 0x81, 0xec, 0x81, 0xec, 0xa1, 0xec,
    0xa1, 0xec, 0xc1, 0xf4, 0x00, 0xec, 0xc0, 0xf3, 0xe0, 0xf3, 0x20, 0xf4,
    0x40, 0xf4, 0x60, 0xf4, 0x60, 0xfc, 0x60, 0xfc, 0x60, 0xfc, 0x60, 0xf4,
    0x60, 0xfc, 0x40, 0xf4, 0x00, 0xf4, 0xe0, 0xf3, 0xa0, 0xf3, 0x80, 0xeb,
    0x60, 0xeb, 0x20, 0xeb, 0x00, 0xe3, 0xe1, 0xb9, 0x82, 0x98, 0xa3, 0xa0,
    0xc3, 0xa0, 0xc3, 0xa8, 0xc3, 0xb0, 0x83, 0x99, 0x42, 0x64, 0xa2, 0x5c,
    0x82, 0x5c, 0x82, 0x5c, 0xa2, 0x54, 0x82, 0x5c, 0x82, 0x5c, 0x82, 0x5c,
    0x82, 0x54, 0xc1, 0x9b, 0xe0, 0xf3, 0x60, 0xf4, 0xc0, 0xfc, 0xe0, 0xfc,
    0xc0, 0xfc, 0xa0, 0xfc, 0x60, 0xfc, 0xc0, 0xe3, 0x80, 0xbb, 0x20, 0xf4,
    0x80, 0xf4, 0xa0, 0xfc, 0xc0, 0xfc, 0xe0, 0xfc, 0xe0, 0xfc, 0xc0, 0xfc,
    0xc0, 0xfc, 0xa0, 0xfc, 0x80, 0xfc, 0x40, 0xfc, 0x00, 0xf4, 0x80, 0xeb,
    0xc0, 0xf3, 0xc0, 0xf3, 0xa0, 0xf3, 0x80, 0xf3, 0x40, 0xeb, 0xc0, 0xda,
    0x61, 0x7b, 0x22, 0x54, 0x22, 0x5c, 0x01, 0x54, 0x01, 0x54, 0x62, 0x53,
    0xe2, 0x5a, 0xc2, 0x5a, 0x22, 0x53, 0x41, 0x53, 0x61, 0x53, 0x21, 0x4b,
    0x41, 0x53, 0x41, 0x53, 0x41, 0x4b, 0x02, 0x53, 0xc2, 0x52, 0x82, 0x5a,
    0x42, 0x5a, 0x22, 0x62, 0x03, 0x62, 0x23, 0x62, 0x42, 0x5a, 0x01, 0x43,
    0x80, 0x3b, 0x61, 0x43, 0x61, 0x3b, 0x81, 0x3b, 0x60, 0x3b, 0x60, 0x3b,
    0x61, 0x3b, 0x41, 0x43, 0x61, 0x3b, 0x60, 0x3b, 0x61, 0x3b, 0x60, 0x3b,
    0xc1, 0x53, 0xc1, 0x53, 0xe1, 0x4b, 0xc1, 0x53, 0xe1, 0x53, 0xe1, 0x53,
    0xe1, 0x53, 0xe1, 0x53, 0xe1, 0x53, 0xe1, 0x53, 0xc1, 0x53, 0xe1, 0x53,
    0xe1, 0x53, 0xe1, 0x5b, 0xe1, 0x5b, 0xe1, 0x53, 0xe1, 0x5b, 0xe1, 0x5b,
    0xe1, 0x53, 0xe1, 0x5b, 0xe1, 0x53, 0xe1, 0x5b, 0xe1, 0x5b, 0x01, 0x5c,
    0xe1, 0x53, 0x01, 0x5c, 0x01, 0x5c, 0x01, 0x5c, 0xe1, 0x5b, 0x00, 0xbb,
    0x00, 0xe3, 0x40, 0xe3, 0x60, 0xeb, 0x80, 0xeb, 0x80, 0xeb, 0xa0, 0xeb,
    0xc0, 0xf3, 0xc0, 0xf3, 0xc0, 0xf3, 0xc0, 0xf3, 0xe0, 0xf3, 0xe0, 0xf3,
    0xe0, 0xf3, 0xe0, 0xf3, 0xe1, 0xf3, 0xc0, 0xf3, 0xc0, 0xf3, 0xc0, 0xf3,
    0xc0, 0xf3, 0xa0, 0xf3, 0x80, 0xeb, 0x80, 0xeb, 0x60, 0xeb, 0x41, 0xeb,
    0x20, 0xeb, 0x00, 0xe3, 0xe0, 0xe2, 0xc0, 0xda, 0xa0, 0xda, 0x80, 0xd2,
    0x60, 0xca, 0x60, 0xca, 0x40, 0xca, 0x40, 0xc2, 0xa2, 0x73, 0x42, 0x5c,
    0x42, 0x5c, 0x42, 0x5c, 0x42, 0x5c, 0x62, 0x5c, 0x63, 0x5c, 0x62, 0x5c,
    0x62, 0x5c, 0x62, 0x5c, 0x63, 0x5c, 0x62, 0x64, 0x62, 0x64, 0x62, 0x5c,
    0x82, 0x5c, 0x82, 0x64, 0x82, 0x64, 0x82, 0x64, 0x01, 0xcc, 0x80, 0xfc,
    0xe0, 0xfc, 0x20, 0xfd, 0x00, 0xfd, 0x00, 0xfd, 0xc0, 0xfc, 0x40, 0xf4,
    0xc0, 0xd3, 0x62, 0x64, 0x82, 0x64, 0xa2, 0x64, 0x82, 0x64, 0x41, 0xa4,
    0x60, 0xec, 0x80, 0xfc, 0x40, 0xf4, 0xe0, 0xcb, 0x42, 0x74, 0xa2, 0x64,
    0x22, 0x74, 0x40, 0xcb, 0x40, 0xf3, 0x80, 0xeb, 0xa0, 0xf3, 0xa0, 0xf3,
    0xc0, 0xf3, 0xc0, 0xf3, 0xe0, 0xf3, 0xe0, 0xf3, 0xe0, 0xf3, 0xe0, 0xf3,
    0xc0, 0xf3, 0xc0, 0xf3, 0xc0, 0xf3, 0xa0, 0xf3, 0xa0, 0xeb, 0x60, 0xeb,
    0x20, 0xeb, 0x20, 0xe3, 0x81, 0xdb, 0xe1, 0xdb, 0x01, 0xe4, 0x01, 0xe4,
    0x21, 0xe4, 0x21, 0xe4, 0x21, 0xe4, 0x41, 0xec, 0x61, 0xec, 0x61, 0xec,
    0x61, 0xec, 0x81, 0xec, 0xa1, 0xec, 0xa1, 0xec, 0xa1, 0xf4, 0xc1, 0xf4,
    0xc1, 0xf4, 0xc1, 0xf4, 0x00, 0xf4, 0x00, 0xf4, 0x20, 0xf4, 0x40, 0xf4,
    0x60, 0xf4, 0x80, 0xfc, 0x80, 0xf4, 0x80, 0xf4, 0xa0, 0xfc, 0xa0, 0xfc,
    0x80, 0xfc, 0x60, 0xf4, 0x40, 0xf4, 0x20, 0xf4, 0xe0, 0xf3, 0xc0, 0xf3,
    0x80, 0xeb, 0x40, 0xeb, 0x20, 0xe3, 0xa1, 0xd2, 0xa2, 0x98, 0x82, 0xa0,
    0xa3, 0xa0, 0xc3, 0xa8, 0xe3, 0xa8, 0xe3, 0xb0, 0x83, 0x99, 0x22, 0x64,
    0xa2, 0x54, 0x81, 0x5c, 0x82, 0x5c, 0x82, 0x5c, 0x81, 0x5c, 0x81, 0x5c,
    0x82, 0x5c, 0x21, 0x74, 0x60, 0xe3, 0xe0, 0xf3, 0x40, 0xf4, 0x80, 0xfc,
    0xa0, 0xfc, 0x80, 0xfc, 0x40, 0xf4, 0xe0, 0xf3, 0xe0, 0xf3, 0x60, 0xf4,
    0xa0, 0xfc, 0xa0, 0xfc, 0xc0, 0xfc, 0xe0, 0xfc, 0xe0, 0xfc, 0x00, 0xfd,
    0xe0, 0xfc, 0xc0, 0xfc, 0xa0, 0xfc, 0x60, 0xfc, 0x40, 0xf4, 0xc0, 0xf3,
    0x60, 0xeb, 0x80, 0xeb, 0x40, 0xeb, 0x20, 0xeb, 0xe0, 0xd2, 0x81, 0x6b,
    0x01, 0x4c, 0x01, 0x4c, 0x01, 0x4c, 0x01, 0x44, 0x01, 0x4c, 0x01, 0x54,
    0xe1, 0x4b, 0xc1, 0x4b, 0xc1, 0x4b, 0xc1, 0x4b, 0xc1, 0x4b, 0xa1, 0x43,
    0xa1, 0x4b, 0xa1, 0x43, 0xa1, 0x43, 0x81, 0x43, 0x81, 0x43, 0x81, 0x43,
    0x41, 0x4b, 0x21, 0x4b, 0x01, 0x4b, 0xe1, 0x4a, 0xe1, 0x4a, 0x01, 0x43,
    0x61, 0x3b, 0x81, 0x3b, 0x81, 0x3b, 0x81, 0x3b, 0x81, 0x3b, 0x81, 0x3b,
    0x60, 0x3b, 0x81, 0x3b, 0x80, 0x3b, 0x60, 0x3b, 0x61, 0x3b, 0x60, 0x3b,
    0xe1, 0x53, 0xe1, 0x53, 0xc1, 0x53, 0xc1, 0x53, 0xe1, 0x53, 0xe1, 0x53,
    0xe1, 0x5b, 0xc1, 0x5b, 0xc1, 0x5b, 0xe2, 0x53, 0xc1, 0x5b, 0xc2, 0x5b,
    0xe1, 0x5b, 0xe1, 0x5b, 0xe2, 0x5b, 0xe1, 0x5b, 0xe2, 0x5b, 0xe1, 0x5b,
    0xe1, 0x5b, 0x01, 0x5c, 0x01, 0x5c, 0xe1, 0x53, 0x01, 0x54, 0x01, 0x5c,
    0x01, 0x5c, 0x01, 0x5c, 0x01, 0x5c, 0x01, 0x54, 0xc1, 0x53, 0xe1, 0xa2,
    0x00, 0xdb, 0x20, 0xe3, 0x40, 0xe3, 0x60, 0xeb, 0x60, 0xeb, 0x80, 0xeb,
    0x80, 0xeb, 0xa0, 0xeb, 0xa0, 0xf3, 0xc1, 0xf3, 0xa0, 0xf3, 0xa0, 0xf3,
    0xa0, 0xf3, 0xc0, 0xf3, 0xa1, 0xf3, 0xc0, 0xf3, 0xc0, 0xf3, 0xa0, 0xf3,
    0xa0, 0xf3, 0x80, 0xeb, 0x60, 0xeb, 0x60, 0xeb, 0x40, 0xeb, 0x20, 0xeb,
    0x00, 0xe3, 0xe0, 0xe2, 0xc0, 0xda, 0xc0, 0xda, 0xa0, 0xd2, 0x81, 0xd2,
    0x60, 0xca, 0x40, 0xca, 0x40, 0xca, 0x60, 0xba, 0xc2, 0x6b, 0x42, 0x64,
    0x42, 0x64, 0x42, 0x64, 0x42, 0x64, 0x42, 0x64, 0x63, 0x64, 0x62, 0x5c,
    0x62, 0x5c, 0x63, 0x5c, 0x62, 0x64, 0x62, 0x64, 0x83, 0x64, 0x83, 0x64,
    0x62, 0x5c, 0x82, 0x64, 0x82, 0x64, 0x83, 0x64, 0x01, 0x94, 0x20, 0xf4,
    0x80, 0xfc, 0xc0, 0xfc, 0xe0, 0xfc, 0xe0, 0xfc, 0xc0, 0xfc, 0x60, 0xf4,
    0xe0, 0xf3, 0xc2, 0x9b, 0x82, 0x64, 0x82, 0x64, 0x01, 0xac, 0x80, 0xfc,
    0xe0, 0xfc, 0xe0, 0xfc, 0xa0, 0xfc, 0x20, 0xfc, 0xa0, 0xc3, 0x62, 0x64,
    0x82, 0x64, 0x62, 0x64, 0xa1, 0x9b, 0x40, 0xdb, 0x60, 0xeb, 0x60, 0xeb,
    0xa0, 0xf3, 0xa0, 0xf3, 0xa0, 0xf3, 0xa0, 0xf3, 0xa0, 0xf3, 0xa0, 0xf3,
    0xa0, 0xeb, 0xa0, 0xf3, 0x80, 0xf3, 0x60, 0xf3, 0x40, 0xe3, 0x61, 0xb3,
    0xa1, 0xab, 0xe0, 0xe3, 0x20, 0xe4, 0x20, 0xe4, 0x20, 0xe4, 0x20, 0xe4,
    0x41, 0xe4, 0x40, 0xe4, 0x40, 0xec, 0x60, 0xec, 0x81, 0xec, 0xa1, 0xec,
    0xa1, 0xec, 0xa0, 0xf4, 0xc1, 0xf4, 0xc1, 0xf4, 0xc1, 0xf4, 0xe1, 0xf4,
    0xc1, 0xf4, 0xe1, 0xf4, 0x20, 0xf4, 0x20, 0xf4, 0x60, 0xf4, 0x80, 0xf4,
    0x80, 0xfc, 0xa0, 0xfc, 0xa0, 0xfc, 0xc0, 0xfc, 0xc0, 0xfc, 0xc0, 0xfc,
    0xa0, 0xfc, 0xa0, 0xfc, 0x80, 0xfc, 0x40, 0xf4, 0x20, 0xf4, 0xe0, 0xf3,
    0xa0, 0xf3, 0x80, 0xeb, 0x20, 0xeb, 0x00, 0xe3, 0x62, 0xb1, 0x82, 0x98,
    0xa3, 0xa0, 0xc3, 0xa0, 0xc3, 0xa8, 0xc3, 0xa8, 0xc3, 0xb0, 0xc3, 0x91,
    0x62, 0x5c, 0x82, 0x5c, 0xa2, 0x5c, 0x82, 0x5c, 0x82, 0x5c, 0x81, 0x5c,
    0x61, 0x5c, 0x62, 0x5c, 0xa1, 0xa3, 0x60, 0xeb, 0xe0, 0xf3, 0x40, 0xf4,
    0x40, 0xf4, 0x40, 0xf4, 0x00, 0xf4, 0x00, 0xf4, 0x40, 0xf4, 0x80, 0xfc,
    0xc0, 0xfc, 0xc0, 0xf4, 0x80, 0xfc, 0xa0, 0xfc, 0xe0, 0xfc, 0xe0, 0xfc,
    0xe0, 0xfc, 0xc0, 0xfc, 0xa0, 0xf4, 0x80, 0xfc, 0x60, 0xf4, 0x40, 0xf4,
    0xc0, 0xf3, 0x40, 0xeb, 0x00, 0xe3, 0xe0, 0xd2, 0x81, 0x73, 0xe1, 0x6b,
    0x00, 0xac, 0x00, 0xd4, 0x00, 0xd4, 0x00, 0xc4, 0xe1, 0x8b, 0xe1, 0x53,
    0x01, 0x4c, 0xe1, 0x4b, 0xc1, 0x4b, 0xc1, 0x4b, 0xc1, 0x43, 0xc0, 0x43,
    0xa1, 0x43, 0xa1, 0x43, 0xa1, 0x43, 0xa1, 0x43, 0xa0, 0x43, 0xa1, 0x43,
    0xa1, 0x43, 0x81, 0x43, 0x81, 0x43, 0x81, 0x43, 0x61, 0x3b, 0x61, 0x3b,
    0x61, 0x3b, 0x80, 0x3b, 0x60, 0x3b, 0x80, 0x3b, 0x80, 0x3b, 0x81, 0x3b,
    0x81, 0x3b, 0x80, 0x3b, 0x61, 0x3b, 0x81, 0x3b, 0x60, 0x3b, 0x61, 0x3b,
    0xc1, 0x53, 0xe1, 0x53, 0xe1, 0x53, 0xc1, 0x53, 0xc1, 0x5b, 0xc1, 0x5b,
    0xc2, 0x5b, 0xc1, 0x5b, 0xc1, 0x5b, 0xc1, 0x5b, 0xc2, 0x5b, 0xe2, 0x5b,
    0xe1, 0x5b, 0xc1, 0x5b, 0xe1, 0x5b, 0xe1, 0x63, 0xe1, 0x5b, 0xe2, 0x5b,
    0xe1, 0x5b, 0xe2, 0x5b, 0xe1, 0x5b, 0x01, 0x54, 0xe1, 0x53, 0x21, 0x5c,
    0x02, 0x5c, 0x61, 0x4b, 0xa1, 0x4a, 0xe1, 0x72, 0xc1, 0x9b, 0x81, 0xb3,
    0xe0, 0xda, 0x00, 0xe3, 0x20, 0xe3, 0x40, 0xeb, 0x40, 0xeb, 0x61, 0xeb,
    0x60, 0xeb, 0x80, 0xeb, 0xa0, 0xf3, 0x80, 0xf3, 0xa0, 0xf3, 0xa0, 0xeb,
    0xa0, 0xf3, 0xa1, 0xf3, 0xa0, 0xf3, 0xa0, 0xf3, 0xa0, 0xf3, 0x80, 0xeb,
    0x80, 0xf3, 0x80, 0xf3, 0x60, 0xeb, 0x40, 0xeb, 0x20, 0xeb, 0x20, 0xe3,
    0x00, 0xe3, 0xe0, 0xe2, 0xc0, 0xda, 0xa0, 0xda, 0x80, 0xd2, 0x60, 0xd2,
    0x60, 0xca, 0x40, 0xca, 0x40, 0xca, 0x41, 0xaa, 0x62, 0x6a, 0x42, 0x62,
    0x62, 0x52, 0x22, 0x4b, 0x42, 0x5c, 0xa3, 0x64, 0x62, 0x64, 0x42, 0x64,
    0x62, 0x64, 0x83, 0x64, 0x82, 0x64, 0x82, 0x64, 0x83, 0x64, 0x82, 0x64,
    0x83, 0x5c, 0xa3, 0x54, 0xa3, 0x54, 0xa2, 0x5c, 0x62, 0x6c, 0xc0, 0xcb,
    0x20, 0xf4, 0x60, 0xfc, 0x80, 0xfc, 0xa0, 0xf4, 0x80, 0xfc, 0x60, 0xf4,
    0x00, 0xf4, 0x81, 0xd3, 0x62, 0x64, 0x21, 0x8c, 0x40, 0xf4, 0xa0, 0xfc,
    0xe0, 0xfc, 0xe0, 0xfc, 0xa0, 0xfc, 0x20, 0xf4, 0xa0, 0xe3, 0x42, 0x7c,
    0xa2, 0x6c, 0x82, 0x6c, 0x82, 0x6c, 0x82, 0x5c, 0x21, 0x74, 0xa1, 0x8b,
    0x61, 0xbb, 0x60, 0xdb, 0x40, 0xf3, 0x40, 0xfb, 0x60, 0xf3, 0x40, 0xf3,
    0x60, 0xeb, 0x60, 0xdb, 0x61, 0xb3, 0xc1, 0x83, 0x41, 0x64, 0x61, 0x64,
    0xe1, 0xbb, 0xe0, 0xeb, 0x20, 0xe4, 0x20, 0xe4, 0x40, 0xe4, 0x40, 0xec,
    0x41, 0xec, 0x60, 0xec, 0x81, 0xec, 0x80, 0xec, 0xa0, 0xec, 0xa0, 0xec,
    0xc1, 0xf4, 0xc0, 0xf4, 0xe1, 0xf4, 0xe1, 0xf4, 0x01, 0xf5, 0x01, 0xf5,
    0x01, 0xf5, 0x01, 0xf5, 0x40, 0xf4, 0x40, 0xf4, 0x80, 0xfc, 0xa0, 0xfc,
    0xa0, 0xfc, 0xc0, 0xfc, 0xe0, 0xfc, 0xe0, 0xfc, 0xe0, 0xfc, 0xc0, 0xfc,
    0xc0, 0xfc, 0xc0, 0xfc, 0xa0, 0xf4, 0x60, 0xfc, 0x60, 0xf4, 0x20, 0xf4,
    0xe0, 0xf3, 0xa0, 0xf3, 0x60, 0xeb, 0x20, 0xeb, 0x61, 0xca, 0xa2, 0xa0,
    0xa2, 0xa0, 0xa3, 0xa8, 0xc3, 0xa8, 0xc3, 0xa8, 0xc3, 0xb0, 0xe3, 0xb0,
    0x42, 0x73, 0xa2, 0x5c, 0x61, 0x5c, 0x82, 0x5c, 0x61, 0x5c, 0x82, 0x5c,
    0x61, 0x5c, 0x61, 0x5c, 0x42, 0x64, 0x41, 0xbb, 0x60, 0xf3, 0xc0, 0xf3,
    0x00, 0xf4, 0xe0, 0xf3, 0xe0, 0xf3, 0x20, 0xf4, 0x80, 0xf4, 0xc0, 0xfc,
    0xe0, 0xfc, 0xc0, 0xfc, 0xa0, 0xf4, 0x60, 0xf4, 0xa0, 0xfc, 0xc0, 0xfc,
    0xc0, 0xfc, 0xc0, 0xfc, 0xc0, 0xfc, 0x80, 0xf4, 0x60, 0xfc, 0x40, 0xf4,
    0x20, 0xf4, 0xc0, 0xf3, 0x20, 0xe3, 0x81, 0x83, 0xc1, 0xab, 0x40, 0xec,
    0xa0, 0xfc, 0xa0, 0xfc, 0xc0, 0xfc, 0x80, 0xfc, 0x60, 0xf4, 0xe0, 0xd3,
    0xc1, 0x53, 0xe1, 0x43, 0xe1, 0x4b, 0xc1, 0x4b, 0xc1, 0x43, 0xc1, 0x43,
    0xc1, 0x4b, 0xa0, 0x43, 0xa1, 0x43, 0xa1, 0x43, 0xa0, 0x43, 0xa1, 0x43,
    0xa1, 0x43, 0xa0, 0x3b, 0xa1, 0x3b, 0x81, 0x43, 0x80, 0x3b, 0x81, 0x3b,
    0x81, 0x3b, 0x80, 0x43, 0x81, 0x3b, 0x80, 0x3b, 0x81, 0x43, 0x81, 0x3b,
    0x80, 0x3b, 0x81, 0x3b, 0x60, 0x3b, 0x81, 0x43, 0x81, 0x3b, 0x60, 0x3b,
    0xc2, 0x5b, 0xc2, 0x5b, 0xe2, 0x5b, 0xc1, 0x5b, 0xc1, 0x5b, 0xc2, 0x5b,
    0xc2, 0x5b, 0xc2, 0x5b, 0xc2, 0x5b, 0xc2, 0x5b, 0xc2, 0x63, 0xc2, 0x63,
    0xc2, 0x63, 0xc2, 0x63, 0xc2, 0x63, 0xe2, 0x63, 0xe2, 0x63, 0xe1, 0x5b,
    0x01, 0x5c, 0x01, 0x5c, 0x01, 0x5c, 0x01, 0x5c, 0xc1, 0x53, 0x21, 0x53,
    0x21, 0x7b, 0x20, 0xac, 0x01, 0xd5, 0x60, 0xdd, 0x60, 0xdd, 0x41, 0xbc,
    0xc0, 0xca, 0xe0, 0xda, 0x00, 0xe3, 0x00, 0xe3, 0x20, 0xe3, 0x40, 0xeb,
    0x40, 0xeb, 0x60, 0xeb, 0x60, 0xeb, 0x60, 0xeb, 0x80, 0xeb, 0x80, 0xeb,
    0x80, 0xf3, 0x80, 0xeb, 0x80, 0xeb, 0x80, 0xeb, 0x80, 0xeb, 0x60, 0xeb,
    0x60, 0xeb, 0x40, 0xeb, 0x40, 0xeb, 0x20, 0xeb, 0x00, 0xe3, 0xe0, 0xe2,
    0xc0, 0xda, 0xc0, 0xda, 0xa0, 0xda, 0x80, 0xd2, 0x60, 0xd2, 0x60, 0xca,
    0x40, 0xca, 0x40, 0xc2, 0x60, 0xc2, 0x82, 0xa2, 0x24, 0x93, 0x24, 0x93,
    0xe3, 0x92, 0x83, 0x82, 0x22, 0x6a, 0x62, 0x5a, 0x82, 0x5b, 0x43, 0x64,
    0x63, 0x64, 0x62, 0x64, 0x63, 0x64, 0x82, 0x64, 0x82, 0x64, 0x82, 0x64,
    0x41, 0x94, 0x41, 0xbc, 0x20, 0xbc, 0x21, 0x8c, 0x41, 0x64, 0x01, 0x74,
    0x61, 0xdb, 0xe0, 0xf3, 0x20, 0xf4, 0x40, 0xf4, 0x40, 0xf4, 0x40, 0xf4,
    0xe0, 0xf3, 0x60, 0xeb, 0x60, 0xbb, 0xc0, 0xd3, 0x80, 0xfc, 0xe0, 0xfc,
    0x00, 0xfd, 0xe0, 0xfc, 0x80, 0xfc, 0x00, 0xf4, 0x80, 0xeb, 0x01, 0x84,
    0xa2, 0x64, 0xa2, 0x6c, 0xa2, 0x64, 0xa2, 0x6c, 0xa2, 0x64, 0xa2, 0x5c,
    0xa2, 0x54, 0x82, 0x5c, 0x42, 0x6c, 0x41, 0x6c, 0x41, 0x64, 0x42, 0x64,
    0x62, 0x5c, 0x62, 0x5c, 0x82, 0x54, 0xa2, 0x5c, 0x82, 0x64, 0x41, 0x74,
    0xe0, 0xdb, 0x00, 0xe4, 0x00, 0xe4, 0x40, 0xec, 0x61, 0xec, 0x80, 0xec,
    0x80, 0xec, 0x80, 0xec, 0x81, 0xec, 0xa1, 0xec, 0xc0, 0xec, 0xc1, 0xf4,
    0xe1, 0xf4, 0x01, 0xf5, 0x01, 0xf5, 0x21, 0xf5, 0x21, 0xf5, 0x41, 0xf5,
    0x41, 0xf5, 0x00, 0xf5, 0x40, 0xf4, 0x60, 0xf4, 0x80, 0xf4, 0xc0, 0xfc,
    0xc0, 0xfc, 0xe0, 0xf4, 0x00, 0xfd, 0x00, 0xfd, 0x00, 0xfd, 0x00, 0xfd,
    0xe0, 0xfc, 0xe0, 0xfc, 0xc0, 0xfc, 0xa0, 0xfc, 0x60, 0xf4, 0x40, 0xf4,
    0x20, 0xf4, 0xe0, 0xf3, 0x80, 0xeb, 0x60, 0xeb, 0x20, 0xe3, 0x62, 0xb1,
    0xa3, 0xa0, 0xa2, 0xa0, 0xa3, 0xa8, 0xc3, 0xa8, 0xc3, 0xa8, 0xc3, 0xb0,
    0x03, 0x92, 0x82, 0x5c, 0x62, 0x5c, 0x61, 0x5c, 0x61, 0x5c, 0x62, 0x5c,
    0x61, 0x5c, 0x81, 0x5c, 0x61, 0x5c, 0xe1, 0x6b, 0x20, 0xdb, 0x80, 0xeb,
    0xa0, 0xf3, 0xa0, 0xf3, 0x00, 0xf4, 0x40, 0xf4, 0xa0, 0xfc, 0xc0, 0xfc,
    0xc0, 0xfc, 0xc0, 0xfc, 0xc0, 0xfc, 0x80, 0xfc, 0x60, 0xf4, 0xa0, 0xfc,
    0xc0, 0xfc, 0xc0, 0xf4, 0xa0, 0xf4, 0x80, 0xfc, 0x60, 0xf4, 0x40, 0xf4,
    0x20, 0xf4, 0x00, 0xf4, 0x80, 0xe3, 0xa0, 0xdb, 0x40, 0xfc, 0xa0, 0xf4,
    0xc0, 0xfc, 0xc0, 0xfc, 0xc0, 0xfc, 0xa0, 0xfc, 0x40, 0xf4, 0x00, 0xf4,
    0x81, 0xb3, 0xe1, 0x4b, 0xe1, 0x4b, 0xe1, 0x4b, 0xe0, 0x43, 0xc1, 0x43,
    0xc1, 0x43, 0xc1, 0x43, 0xc1, 0x43, 0xc1, 0x43, 0xa1, 0x43, 0xa1, 0x43,
    0xa0, 0x3b, 0x81, 0x3b, 0x81, 0x3b, 0xa0, 0x3b, 0xa1, 0x3b, 0x81, 0x3b,
    0x80, 0x3b, 0x81, 0x3b, 0xa1, 0x43, 0x81, 0x3b, 0xa0, 0x43, 0xa1, 0x3b,
    0x81, 0x43, 0x80, 0x3b, 0x80, 0x3b, 0x81, 0x43, 0x80, 0x3b, 0x80, 0x3b,
    0x43, 0x83, 0x63, 0x7b, 0x82, 0x63, 0xc2, 0x5b, 0xc2, 0x5b, 0xc2, 0x5b,
    0xc2, 0x5b, 0xa2, 0x5b, 0xa1, 0x5b, 0xc1, 0x63, 0xc2, 0x63, 0xc1, 0x63,
    0xc2, 0x63, 0xc2, 0x63, 0xc2, 0x63, 0xe1, 0x63, 0xe2, 0x63, 0xe2, 0x63,
    0xe2, 0x63, 0x02, 0x64, 0x01, 0x64, 0x41, 0x53, 0x01, 0x7b, 0x21, 0xd5,
    0x41, 0xdd, 0x00, 0xd5, 0xa0, 0xcc, 0x21, 0x8b, 0xc0, 0x59, 0x20, 0x49,
    0x00, 0x9a, 0xc0, 0xda, 0xe0, 0xda, 0xe0, 0xe2, 0x00, 0xe3, 0x20, 0xe3,
    0x20, 0xe3, 0x20, 0xeb, 0x40, 0xeb, 0x40, 0xeb, 0x60, 0xeb, 0x60, 0xeb,
    0x60, 0xeb, 0x60, 0xeb, 0x60, 0xeb, 0x40, 0xeb, 0x40, 0xeb, 0x60, 0xeb,
    0x20, 0xeb, 0x20, 0xeb, 0x20, 0xeb, 0x00, 0xe3, 0xe0, 0xe2, 0xe0, 0xe2,
    0xc0, 0xda, 0xa0, 0xd2, 0x80, 0xd2, 0x81, 0xd2, 0x60, 0xca, 0x60, 0xca,
    0x40, 0xc2, 0x40, 0xc2, 0x20, 0xba, 0x41, 0x51, 0x81, 0x51, 0x42, 0x72,
    0xe3, 0x8a, 0x03, 0x93, 0x03, 0x93, 0x23, 0x93, 0x62, 0x7a, 0x62, 0x52,
    0x42, 0x6c, 0x63, 0x6c, 0x83, 0x64, 0x82, 0x64, 0x62, 0x74, 0x21, 0xd4,
    0xa0, 0xfc, 0xe0, 0xfc, 0xc0, 0xfc, 0xa0, 0xfc, 0x01, 0xec, 0xc1, 0xa3,
    0xe1, 0x6b, 0x20, 0xcb, 0x80, 0xeb, 0xc0, 0xf3, 0xe0, 0xf3, 0x00, 0xf4,
    0x00, 0xf4, 0xe0, 0xf3, 0xa0, 0xf3, 0x00, 0xf4, 0x80, 0xfc, 0xa0, 0xfc,
    0xc0, 0xfc, 0xa0, 0xf4, 0x60, 0xf4, 0x00, 0xf4, 0x80, 0xeb, 0x22, 0x8c,
    0xa2, 0x64, 0xa2, 0x64, 0xa2, 0x64, 0xa2, 0x64, 0xa3, 0x6c, 0x82, 0x64,
    0xa2, 0x64, 0xa2, 0x64, 0x82, 0x64, 0xa2, 0x64, 0xa2, 0x64, 0xa2, 0x6c,
    0x82, 0x64, 0x82, 0x64, 0x82, 0x64, 0x82, 0x64, 0x62, 0x5c, 0x21, 0xa4,
    0x20, 0xec, 0x20, 0xec, 0x20, 0xe4, 0x20, 0xe4, 0x20, 0xec, 0x60, 0xec,
    0xa1, 0xec, 0xa0, 0xec, 0xc0, 0xec, 0xc1, 0xf4, 0xc1, 0xf4, 0x01, 0xf5,
    0x01, 0xf5, 0x01, 0xf5, 0x21, 0xf5, 0x41, 0xf5, 0x21, 0xf5, 0x01, 0xf5,
    0x00, 0xf5, 0x21, 0xfd, 0x60, 0xf4, 0xa0, 0xfc, 0xc0, 0xfc, 0xe0, 0xfc,
    0xe0, 0xfc, 0x00, 0xfd, 0x00, 0xfd, 0x00, 0xfd, 0x00, 0xfd, 0x00, 0xfd,
    0xe0, 0xfc, 0xe0, 0xfc, 0xe0, 0xfc, 0xc0, 0xfc, 0xa0, 0xfc, 0x80, 0xfc,
    0x60, 0xf4, 0x20, 0xf4, 0xc0, 0xf3, 0x80, 0xf3, 0x60, 0xeb, 0xe1, 0xda,
    0xc2, 0xa0, 0xa3, 0xa0, 0xa3, 0xa8, 0xa3, 0xa8, 0xc3, 0xa8, 0xc3, 0xb0,
    0x43, 0xa1, 0x02, 0x64, 0x61, 0x5c, 0x62, 0x5c, 0x41, 0x5c, 0x61, 0x5c,
    0x62, 0x5c, 0x61, 0x5c, 0x61, 0x5c, 0x42, 0x5c, 0x81, 0x8b, 0x40, 0xeb,
    0xa0, 0xf3, 0x00, 0xf4, 0x40, 0xf4, 0x60, 0xfc, 0xa0, 0xfc, 0xc0, 0xfc,
    0xc0, 0xfc, 0xc0, 0xf4, 0xa0, 0xfc, 0x80, 0xf4, 0x40, 0xf4, 0x60, 0xf4,
    0xa0, 0xfc, 0x80, 0xf4, 0x80, 0xf4, 0x60, 0xfc, 0x40, 0xfc, 0x40, 0xf4,
    0x00, 0xf4, 0x00, 0xf4, 0xc0, 0xf3, 0x00, 0xf4, 0x60, 0xf4, 0x80, 0xf4,
    0xa0, 0xf4, 0xa0, 0xfc, 0xa0, 0xfc, 0x60, 0xf4, 0x20, 0xf4, 0xc0, 0xeb,
    0xa0, 0xc3, 0xe1, 0x53, 0x01, 0x4c, 0xe1, 0x4b, 0xe0, 0x4b, 0xe1, 0x4b,
    0xe1, 0x43, 0xe1, 0x43, 0xc0, 0x43, 0xc0, 0x43, 0xc1, 0x43, 0xa1, 0x3b,
    0xa0, 0x3b, 0xa1, 0x43, 0x81, 0x43, 0xa0, 0x3b, 0xa1, 0x43, 0xa0, 0x3b,
    0xa0, 0x3b, 0xa0, 0x43, 0xa1, 0x3b, 0xa0, 0x43, 0xa0, 0x3b, 0xa1, 0x43,
    0xa0, 0x3b, 0xa0, 0x43, 0x81, 0x3b, 0x81, 0x3b, 0x80, 0x3b, 0x81, 0x3b,
    0x04, 0x9b, 0x04, 0x9b, 0x24, 0x93, 0x23, 0x83, 0x62, 0x63, 0xa2, 0x63,
    0xa2, 0x63, 0xa2, 0x63, 0xa2, 0x63, 0xa2, 0x63, 0xa2, 0x63, 0xa2, 0x63,
    0xc2, 0x63, 0xc2, 0x63, 0xc2, 0x63, 0xc2, 0x6b, 0xc2, 0x6b, 0xe2, 0x6b,
    0xe2, 0x6b, 0x02, 0x64, 0x61, 0x53, 0x81, 0x8b, 0x41, 0xdd, 0x21, 0xdd,
    0x20, 0xd5, 0xe1, 0xa3, 0x80, 0x51, 0x20, 0x49, 0x20, 0x49, 0x20, 0x49,
    0x60, 0x61, 0x80, 0xca, 0xc0, 0xd2, 0xc0, 0xda, 0xe0, 0xda, 0xe0, 0xda,
    0x00, 0xe3, 0x20, 0xe3, 0x20, 0xe3, 0x20, 0xe3, 0x40, 0xeb, 0x40, 0xe3,
    0x40, 0xeb, 0x40, 0xeb, 0x40, 0xeb, 0x40, 0xeb, 0x20, 0xeb, 0x20, 0xeb,
    0x20, 0xe3, 0x00, 0xe3, 0xe0, 0xe2, 0xe0, 0xe2, 0xe0, 0xda, 0xc0, 0xda,
    0xa0, 0xda, 0x80, 0xd2, 0x80, 0xd2, 0x60, 0xca, 0x60, 0xca, 0x40, 0xc2,
    0x40, 0xc2, 0x40, 0xc2, 0xc0, 0x91, 0x21, 0x49, 0x20, 0x49, 0x00, 0x41,
    0x21, 0x41, 0xe2, 0x61, 0xe3, 0x8a, 0x03, 0x93, 0x23, 0x93, 0xc2, 0x82,
    0xc2, 0x5a, 0x63, 0x6c, 0x62, 0x6c, 0x82, 0x64, 0x41, 0xac, 0xa0, 0xfc,
    0x00, 0xfd, 0x20, 0xfd, 0x40, 0xfd, 0x20, 0xfd, 0xe0, 0xfc, 0x60, 0xf4,
    0xe0, 0xc3, 0xe1, 0x7b, 0x60, 0xcb, 0xa0, 0xf3, 0x00, 0xf4, 0x00, 0xf4,
    0x20, 0xf4, 0x40, 0xfc, 0x00, 0xf4, 0x20, 0xf4, 0x60, 0xf4, 0x80, 0xf4,
    0x60, 0xfc, 0x60, 0xf4, 0x00, 0xf4, 0xc0, 0xf3, 0x40, 0xe3, 0x22, 0x84,
    0xa2, 0x6c, 0xa2, 0x64, 0x82, 0x64, 0x82, 0x64, 0x82, 0x64, 0x82, 0x5c,
    0x82, 0x64, 0x82, 0x5c, 0x82, 0x5c, 0x82, 0x64, 0x82, 0x64, 0x82, 0x64,
    0x82, 0x64, 0xa2, 0x64, 0x82, 0x64, 0x82, 0x64, 0x41, 0x74, 0x40, 0xdc,
    0x40, 0xec, 0x60, 0xec, 0x60, 0xec, 0x60, 0xec, 0x40, 0xec, 0x40, 0xec,
    0x60, 0xec, 0x80, 0xec, 0xa0, 0xf4, 0xc0, 0xf4, 0xe0, 0xf4, 0xe0, 0xf4,
    0x00, 0xf5, 0xe0, 0xf4, 0x00, 0xf5, 0x00, 0xf5, 0x21, 0xfd, 0x41, 0xfd,
    0x82, 0xfd, 0x61, 0xfd, 0x80, 0xfc, 0xc0, 0xfc, 0xc0, 0xfc, 0x00, 0xfd,
    0x00, 0xfd, 0x20, 0xfd, 0x20, 0xfd, 0x00, 0xfd, 0x00, 0xfd, 0x00, 0xfd,
    0x00, 0xfd, 0x00, 0xfd, 0xe0, 0xfc, 0xe0, 0xfc, 0xc0, 0xfc, 0xc0, 0xfc,
    0x80, 0xfc, 0x60, 0xfc, 0x20, 0xf4, 0xe0, 0xf3, 0xa0, 0xf3, 0x80, 0xeb,
    0x21, 0xc2, 0x82, 0xa0, 0xa2, 0xa8, 0xa3, 0xa8, 0xc3, 0xa8, 0xc3, 0xb0,
    0xe2, 0xa8, 0x82, 0x6b, 0x42, 0x5c, 0x42, 0x5c, 0x41, 0x5c, 0x41, 0x5c,
    0x42, 0x54, 0x41, 0x5c, 0x41, 0x5c, 0x42, 0x5c, 0x01, 0x74, 0x80, 0xe3,
    0x00, 0xf4, 0x60, 0xf4, 0x80, 0xfc, 0xa0, 0xf4, 0xa0, 0xfc, 0xc0, 0xfc,
    0xc0, 0xf4, 0xc0, 0xfc, 0xa0, 0xfc, 0x80, 0xfc, 0x20, 0xf4, 0x40, 0xf4,
    0x80, 0xfc, 0x80, 0xfc, 0x80, 0xf4, 0x60, 0xfc, 0x40, 0xf4, 0x40, 0xf4,
    0x00, 0xf4, 0xe0, 0xf3, 0xc0, 0xf3, 0xe0, 0xf3, 0x40, 0xf4, 0x60, 0xf4,
    0x60, 0xf4, 0x80, 0xf4, 0x60, 0xf4, 0x20, 0xf4, 0xe0, 0xf3, 0xa0, 0xeb,
    0x60, 0xc3, 0xe1, 0x53, 0x01, 0x54, 0x01, 0x4c, 0x21, 0x4c, 0x21, 0x54,
    0x01, 0x54, 0x01, 0x4c, 0x01, 0x4c, 0xe1, 0x43, 0xc1, 0x43, 0xe1, 0x43,
    0xe1, 0x4b, 0xe1, 0x43, 0xc1, 0x43, 0xc1, 0x43, 0xa0, 0x43, 0xa1, 0x43,
    0xc1, 0x43, 0xa1, 0x43, 0xc0, 0x43, 0xa1, 0x3b, 0xa0, 0x43, 0xa1, 0x3b,
    0xa1, 0x43, 0xa1, 0x43, 0xa0, 0x3b, 0x80, 0x3b, 0x81, 0x43, 0x81, 0x3b,
    0x04, 0x9b, 0x04, 0x9b, 0x04, 0x9b, 0x24, 0x9b, 0x23, 0x7b, 0x82, 0x63,
    0xa2, 0x63, 0xa2, 0x63, 0xa2, 0x6b, 0xa2, 0x6b, 0xa2, 0x6b, 0xa2, 0x6b,
    0xa2, 0x6b, 0xa2, 0x6b, 0xa2, 0x6b, 0xc2, 0x6b, 0xc2, 0x6b, 0xc2, 0x6b,
    0xc2, 0x6b, 0xe2, 0x6b, 0xa1, 0x62, 0xc0, 0xcc, 0x21, 0xd5, 0x20, 0xd5,
    0x20, 0xd5, 0x01, 0x83, 0x00, 0x41, 0x40, 0x49, 0x20, 0x49, 0x20, 0x49,
    0x20, 0x49, 0x01, 0x9a, 0xa0, 0xd2, 0xa0, 0xd2, 0xc0, 0xda, 0xc0, 0xda,
    0xc0, 0xda, 0xe0, 0xda, 0xe0, 0xe2, 0xe1, 0xe2, 0x00, 0xe3, 0x00, 0xe3,
    0x00, 0xe3, 0x00, 0xe3, 0x00, 0xe3, 0x00, 0xe3, 0x00, 0xe3, 0x00, 0xe3,
    0x00, 0xe3, 0xe0, 0xe2, 0xc0, 0xda, 0xc0, 0xda, 0xc0, 0xda, 0xa0, 0xd2,
    0x80, 0xd2, 0x80, 0xd2, 0x80, 0xd2, 0x60, 0xca, 0x40, 0xc2, 0x40, 0xc2,
    0x40, 0xc2, 0x20, 0xba, 0x61, 0x61, 0x20, 0x49, 0x20, 0x41, 0x21, 0x41,
    0x00, 0x41, 0xa1, 0x59, 0xe3, 0x8a, 0x03, 0x93, 0x03, 0x93, 0x03, 0x93,
    0x42, 0x62, 0x02, 0x64, 0x83, 0x6c, 0x62, 0x74, 0x20, 0xdc, 0xc0, 0xf4,
    0xe0, 0xfc, 0x20, 0xfd, 0x40, 0xfd, 0x41, 0xfd, 0x00, 0xfd, 0xa0, 0xfc,
    0x00, 0xf4, 0x81, 0xd3, 0xa1, 0x9b, 0x80, 0xeb, 0xe0, 0xf3, 0x00, 0xf4,
    0x40, 0xf4, 0x60, 0xfc, 0x20, 0xf4, 0xe0, 0xf3, 0x20, 0xf4, 0x40, 0xf4,
    0x20, 0xf4, 0x20, 0xf4, 0xe0, 0xf3, 0x80, 0xeb, 0x00, 0xe3, 0x01, 0x84,
    0xc3, 0x6c, 0xa3, 0x6c, 0x82, 0x6c, 0x82, 0x64, 0x83, 0x64, 0x82, 0x64,
    0x82, 0x64, 0x82, 0x5c, 0x82, 0x5c, 0x82, 0x5c, 0x82, 0x5c, 0x82, 0x64,
    0x82, 0x64, 0xa2, 0x64, 0x82, 0x64, 0x81, 0x64, 0x41, 0xc4, 0x60, 0xf4,
    0x60, 0xec, 0x80, 0xec, 0x80, 0xec, 0xa0, 0xec, 0xa0, 0xec, 0xa1, 0xec,
    0xa0, 0xec, 0xa0, 0xec, 0xa1, 0xec, 0xa0, 0xf4, 0xc0, 0xec, 0xc1, 0xf4,
    0xe0, 0xf4, 0x01, 0xf5, 0x41, 0xfd, 0x81, 0xfd, 0xa2, 0xfd, 0xc2, 0xfd,
    0xc2, 0xfd, 0x62, 0xfd, 0xa0, 0xf4, 0xe0, 0xfc, 0xe0, 0xfc, 0x00, 0xfd,
    0x20, 0xfd, 0x20, 0xfd, 0x20, 0xfd, 0x20, 0xfd, 0x00, 0xfd, 0x00, 0xfd,
    0x00, 0xfd, 0x00, 0xfd, 0x00, 0xfd, 0x00, 0xfd, 0x00, 0xfd, 0xe0, 0xfc,
    0xc0, 0xfc, 0xa0, 0xfc, 0x60, 0xf4, 0x20, 0xf4, 0xe0, 0xf3, 0xa0, 0xf3,
    0x80, 0xeb, 0x01, 0xc2, 0x82, 0xa0, 0xa3, 0xa8, 0xc2, 0xa8, 0xc3, 0xa8,
    0xe3, 0xa8, 0x62, 0x73, 0x42, 0x5c, 0x42, 0x5c, 0x41, 0x5c, 0x41, 0x54,
    0x42, 0x5c, 0x41, 0x5c, 0x41, 0x5c, 0x62, 0x5c, 0xc1, 0x8b, 0xa0, 0xf3,
    0x20, 0xf4, 0x60, 0xf4, 0x80, 0xfc, 0x80, 0xf4, 0xa0, 0xf4, 0xa0, 0xfc,
    0xa0, 0xfc, 0xa0, 0xf4, 0xa0, 0xfc, 0x60, 0xfc, 0x20, 0xf4, 0x40, 0xf4,
    0x60, 0xfc, 0x60, 0xfc, 0x60, 0xf4, 0x40, 0xf4, 0x40, 0xf4, 0x00, 0xf4,
    0xe0, 0xf3, 0xe0, 0xf3, 0xa0, 0xeb, 0xa0, 0xf3, 0xe0, 0xf3, 0x00, 0xf4,
    0x00, 0xf4, 0x00, 0xf4, 0xe0, 0xf3, 0xc0, 0xeb, 0x80, 0xeb, 0x60, 0xeb,
    0x81, 0x93, 0x21, 0x54, 0x21, 0x54, 0x41, 0x54, 0x21, 0x54, 0x21, 0x54,
    0x21, 0x54, 0x21, 0x54, 0x21, 0x54, 0x21, 0x54, 0x21, 0x54, 0x01, 0x54,
    0x00, 0x54, 0x01, 0x54, 0x01, 0x4c, 0xe1, 0x4b, 0xc1, 0x43, 0xc1, 0x43,
    0xa0, 0x43, 0xa0, 0x3b, 0xa1, 0x3b, 0xa1, 0x43, 0xa0, 0x3b, 0xa0, 0x43,
    0xa1, 0x43, 0xc0, 0x43, 0xa0, 0x43, 0xa1, 0x43, 0xa0, 0x43, 0x81, 0x3b,
    0x04, 0x9b, 0x04, 0x9b, 0x04, 0x9b, 0xe4, 0x92, 0xa4, 0x82, 0x03, 0x6b,
    0x82, 0x6b, 0x82, 0x6b, 0xa2, 0x73, 0xa2, 0x6b, 0xa2, 0x6b, 0x82, 0x6b,
    0xa2, 0x73, 0xa2, 0x73, 0xa2, 0x73, 0xc2, 0x73, 0xc2, 0x73, 0xc2, 0x73,
    0xe2, 0x73, 0xc2, 0x6b, 0xe0, 0x51, 0x40, 0xb4, 0x61, 0xdd, 0x20, 0xd5,
    0x41, 0xdd, 0x21, 0xd5, 0x61, 0x93, 0x40, 0x49, 0xc0, 0x38, 0x00, 0x49,
    0x20, 0x49, 0x60, 0x61, 0x80, 0xca, 0xa0, 0xca, 0x80, 0xca, 0xa0, 0xd2,
    0xa0, 0xd2, 0xc0, 0xd2, 0xc0, 0xda, 0xc0, 0xda, 0xe0, 0xda, 0xe0, 0xda,
    0xe0, 0xda, 0xe0, 0xda, 0xe0, 0xda, 0xe0, 0xe2, 0xe0, 0xda, 0xe0, 0xda,
    0xc0, 0xda, 0xc0, 0xda, 0xc0, 0xda, 0xa0, 0xda, 0xa0, 0xd2, 0xa1, 0xd2,
    0x80, 0xd2, 0x80, 0xca, 0x60, 0xca, 0x60, 0xc2, 0x60, 0xc2, 0x40, 0xc2,
    0x41, 0xc2, 0xa1, 0x89, 0x21, 0x49, 0x00, 0x49, 0x00, 0x41, 0x41, 0x49,
    0x42, 0x72, 0x03, 0x93, 0x03, 0x93, 0x23, 0x93, 0x43, 0x9b, 0x82, 0x82,
    0x61, 0x49, 0xc2, 0x5b, 0x63, 0x6c, 0x22, 0x7c, 0x01, 0xe4, 0x80, 0xf4,
    0xe0, 0xfc, 0x00, 0xfd, 0x20, 0xfd, 0x20, 0xfd, 0x00, 0xfd, 0xc0, 0xfc,
    0x40, 0xfc, 0xc0, 0xf3, 0x20, 0xe3, 0xc0, 0xf3, 0x20, 0xf4, 0x20, 0xf4,
    0x20, 0xf4, 0x40, 0xf4, 0x00, 0xf4, 0xa0, 0xeb, 0xa0, 0xf3, 0xe0, 0xf3,
    0x00, 0xf4, 0x00, 0xf4, 0xe0, 0xf3, 0x80, 0xeb, 0x20, 0xdb, 0x42, 0x84,
    0xa2, 0x6c, 0xa2, 0x6c, 0xa2, 0x6c, 0x82, 0x64, 0x82, 0x64, 0x83, 0x64,
    0x82, 0x64, 0x82, 0x64, 0x82, 0x64, 0x82, 0x5c, 0x82, 0x64, 0x82, 0x64,
    0x82, 0x64, 0x82, 0x64, 0x82, 0x5c, 0x21, 0x94, 0x40, 0xec, 0x60, 0xec,
    0x80, 0xf4, 0x81, 0xf4, 0xa0, 0xf4, 0xc1, 0xf4, 0xe0, 0xf4, 0xe0, 0xf4,
    0xe1, 0xf4, 0xe1, 0xf4, 0x01, 0xf5, 0x21, 0xf5, 0x41, 0xf5, 0x61, 0xf5,
    0x82, 0xfd, 0x82, 0xfd, 0xa2, 0xfd, 0xa2, 0xf5, 0xc2, 0xfd, 0xc2, 0xfd,
    0xe3, 0xfd, 0x82, 0xfd, 0xc0, 0xfc, 0xe0, 0xfc, 0x00, 0xfd, 0x20, 0xfd,
    0x20, 0xfd, 0x20, 0xfd, 0x20, 0xfd, 0x20, 0xfd, 0x00, 0xfd, 0x20, 0xfd,
    0x20, 0xfd, 0x20, 0xfd, 0x20, 0xfd, 0x00, 0xfd, 0x00, 0xfd, 0x00, 0xfd,
    0xe0, 0xfc, 0xc0, 0xfc, 0xa0, 0xfc, 0x60, 0xf4, 0x20, 0xf4, 0xe0, 0xf3,
    0xc0, 0xf3, 0xa0, 0xf3, 0x41, 0xca, 0x82, 0xa0, 0x83, 0xa8, 0xa2, 0xa8,
    0xc2, 0xa8, 0x42, 0x73, 0x22, 0x64, 0x42, 0x5c, 0x41, 0x5c, 0x41, 0x5c,
    0x42, 0x5c, 0x42, 0x5c, 0x41, 0x5c, 0x01, 0x74, 0x60, 0xd3, 0xa0, 0xeb,
    0x20, 0xf4, 0x60, 0xf4, 0x80, 0xf4, 0x80, 0xfc, 0x80, 0xf4, 0x80, 0xfc,
    0x80, 0xfc, 0x80, 0xf4, 0x80, 0xf4, 0x40, 0xf4, 0x20, 0xf4, 0x20, 0xf4,
    0x40, 0xf4, 0x60, 0xf4, 0x40, 0xf4, 0x40, 0xf4, 0x00, 0xf4, 0xe0, 0xf3,
    0xc0, 0xf3, 0xc0, 0xf3, 0x80, 0xeb, 0x80, 0xeb, 0xa0, 0xeb, 0xa0, 0xf3,
    0xc0, 0xf3, 0xa0, 0xeb, 0x80, 0xeb, 0x60, 0xeb, 0x20, 0xeb, 0x41, 0xbb,
    0x21, 0x5c, 0x41, 0x54, 0x21, 0x54, 0x21, 0x54, 0x21, 0x54, 0x21, 0x54,
    0x21, 0x54, 0x20, 0x54, 0x21, 0x54, 0x21, 0x54, 0x21, 0x54, 0x21, 0x54,
    0x21, 0x54, 0x20, 0x54, 0x21, 0x54, 0x21, 0x54, 0x01, 0x4c, 0xe1, 0x4b,
    0xe0, 0x43, 0xc1, 0x43, 0xe1, 0x4b, 0xe1, 0x43, 0xe1, 0x43, 0xe1, 0x4b,
    0xe1, 0x43, 0xc1, 0x43, 0xc1, 0x43, 0xc1, 0x43, 0xc1, 0x43, 0xa0, 0x43,
    0xe4, 0x9a, 0x04, 0x9b, 0xe4, 0x92, 0x84, 0x82, 0x63, 0x7a, 0xa3, 0x6a,
    0x23, 0x6b, 0x83, 0x6b, 0x83, 0x73, 0x83, 0x73, 0xa3, 0x73, 0xa3, 0x73,
    0xa3, 0x73, 0xa2, 0x73, 0xc3, 0x73, 0xc3, 0x7b, 0xc3, 0x7b, 0xe2, 0x7b,
    0x02, 0x74, 0xa2, 0x6b, 0xa0, 0x49, 0xc0, 0x59, 0x80, 0x9b, 0x00, 0xd5,
    0x21, 0xdd, 0x20, 0xdd, 0x61, 0xe5, 0x41, 0xdd, 0x01, 0xac, 0x81, 0x72,
    0xa0, 0x59, 0x40, 0x49, 0x81, 0x79, 0x20, 0xb2, 0x60, 0xc2, 0xa1, 0xca,
    0xc0, 0xd2, 0xc0, 0xd2, 0xc0, 0xd2, 0xc0, 0xd2, 0xc0, 0xd2, 0xc0, 0xda,
    0xc0, 0xda, 0xc0, 0xda, 0xe0, 0xda, 0xe0, 0xda, 0xc0, 0xda, 0xc0, 0xda,
    0xc0, 0xda, 0xa0, 0xd2, 0xa0, 0xd2, 0xa0, 0xd2, 0xa0, 0xd2, 0x80, 0xd2,
    0x80, 0xd2, 0x80, 0xca, 0x60, 0xca, 0x60, 0xc2, 0x40, 0xba, 0x00, 0xb2,
    0xa0, 0x91, 0x40, 0x51, 0x81, 0x51, 0xe1, 0x69, 0xc2, 0x82, 0x43, 0x9b,
    0x22, 0x9b, 0x03, 0x93, 0x02, 0x93, 0xc2, 0x8a, 0x01, 0x6a, 0x60, 0x51,
    0xa0, 0x51, 0xa2, 0x63, 0x63, 0x6c, 0x43, 0x6c, 0xa1, 0xbb, 0xe0, 0xf3,
    0x61, 0xfc, 0xe0, 0xfc, 0xe0, 0xfc, 0xe0, 0xfc, 0xc0, 0xfc, 0x80, 0xfc,
    0x40, 0xf4, 0xc0, 0xeb, 0xe0, 0xf3, 0x60, 0xf4, 0x80, 0xf4, 0x40, 0xfc,
    0x00, 0xf4, 0x00, 0xf4, 0xa0, 0xf3, 0xe0, 0xf3, 0x20, 0xf4, 0x20, 0xf4,
    0x00, 0xf4, 0xe0, 0xf3, 0xa0, 0xf3, 0x80, 0xeb, 0x41, 0xd3, 0x62, 0x7c,
    0xa2, 0x74, 0x82, 0x6c, 0x82, 0x6c, 0x82, 0x64, 0x82, 0x64, 0x82, 0x64,
    0x83, 0x64, 0x82, 0x64, 0x82, 0x64, 0x82, 0x64, 0x82, 0x64, 0x82, 0x64,
    0x82, 0x64, 0x82, 0x6c, 0x61, 0x74, 0x40, 0xdc, 0x80, 0xf4, 0x80, 0xf4,
    0xa0, 0xec, 0xc0, 0xf4, 0xc0, 0xf4, 0xe0, 0xf4, 0xe1, 0xf4, 0x00, 0xf5,
    0x01, 0xf5, 0x21, 0xf5, 0x41, 0xf5, 0x61, 0xfd, 0x61, 0xfd, 0xa2, 0xfd,
    0xc2, 0xfd, 0xc2, 0xfd, 0xc2, 0xfd, 0xe3, 0xfd, 0x03, 0xfe, 0x03, 0xfe,
    0x03, 0xfe, 0x61, 0xfd, 0xe0, 0xfc, 0x20, 0xfd, 0x20, 0xfd, 0x20, 0xfd,
    0x20, 0xfd, 0x20, 0xfd, 0x20, 0xfd, 0x20, 0xfd, 0x20, 0xfd, 0x20, 0xfd,
    0x20, 0xfd, 0x20, 0xfd, 0x20, 0xfd, 0x20, 0xfd, 0x20, 0xfd, 0x00, 0xfd,
    0x00, 0xfd, 0xe0, 0xfc, 0xc0, 0xfc, 0xa0, 0xfc, 0x60, 0xfc, 0x20, 0xf4,
    0x00, 0xf4, 0xe0, 0xf3, 0xc0, 0xf3, 0xa1, 0xd2, 0xe2, 0xa8, 0x83, 0xa8,
    0xa2, 0xa8, 0x42, 0x73, 0x42, 0x64, 0x41, 0x5c, 0x61, 0x5c, 0x41, 0x5c,
    0x41, 0x5c, 0x62, 0x5c, 0x01, 0x74, 0xc0, 0xdb, 0xc0, 0xf3, 0xa0, 0xeb,
    0x20, 0xf4, 0x40, 0xf4, 0x60, 0xfc, 0x60, 0xf4, 0x80, 0xf4, 0x80, 0xfc,
    0x80, 0xfc, 0x80, 0xfc, 0x60, 0xfc, 0x40, 0xfc, 0x20, 0xfc, 0x20, 0xf4,
    0x40, 0xf4, 0x60, 0xfc, 0x40, 0xf4, 0x20, 0xf4, 0xe0, 0xf3, 0xe0, 0xf3,
    0xc0, 0xf3, 0x80, 0xeb, 0x60, 0xeb, 0x60, 0xeb, 0x60, 0xeb, 0x40, 0xeb,
    0x60, 0xeb, 0x40, 0xe3, 0x40, 0xeb, 0x20, 0xe3, 0x21, 0xab, 0x01, 0x5c,
    0x41, 0x5c, 0x41, 0x54, 0x41, 0x54, 0x21, 0x54, 0x21, 0x54, 0x21, 0x5c,
    0x21, 0x54, 0x21, 0x54, 0x20, 0x5c, 0x21, 0x54, 0x20, 0x5c, 0x21, 0x54,
    0x21, 0x54, 0x21, 0x54, 0x21, 0x54, 0x21, 0x54, 0x21, 0x54, 0x21, 0x54,
    0x21, 0x54, 0x21, 0x54, 0x21, 0x54, 0x00, 0x54, 0x01, 0x4c, 0x01, 0x4c,
    0x01, 0x4c, 0x00, 0x4c, 0x01, 0x4c, 0x00, 0x4c, 0x01, 0x4c, 0xe1, 0x4b,
    0xe4, 0x8a, 0xc4, 0x8a, 0x84, 0x7a, 0x83, 0x72, 0x63, 0x72, 0xc3, 0x62,
    0x82, 0x5b, 0xa2, 0x63, 0xa2, 0x6b, 0xa2, 0x73, 0xa2, 0x6b, 0xa2, 0x73,
    0xc2, 0x73, 0xc2, 0x73, 0xc2, 0x73, 0xe2, 0x73, 0xe2, 0x73, 0xe2, 0x73,
    0x22, 0x74, 0x82, 0x63, 0xe0, 0x59, 0x80, 0x82, 0x60, 0x82, 0xa0, 0x59,
    0xe0, 0x82, 0xe0, 0xd4, 0x61, 0xe5, 0x41, 0xdd, 0x41, 0xdd, 0x80, 0xe5,
    0xa1, 0xe5, 0xa1, 0xe5, 0x01, 0xd5, 0x21, 0xac, 0x02, 0x83, 0x01, 0x6a,
    0x81, 0x69, 0xa0, 0x79, 0xa0, 0x89, 0xe0, 0x99, 0x00, 0xaa, 0x00, 0xb2,
    0x40, 0xba, 0x40, 0xc2, 0x40, 0xc2, 0x60, 0xc2, 0x60, 0xca, 0x40, 0xc2,
    0x60, 0xca, 0x40, 0xc2, 0x20, 0xb2, 0xe0, 0xa9, 0xa0, 0xa1, 0xa0, 0x91,
    0xa0, 0x81, 0xa1, 0x79, 0x81, 0x71, 0xc0, 0x71, 0x41, 0x82, 0xe1, 0x92,
    0x62, 0xa3, 0xa3, 0xa3, 0xa3, 0xab, 0x83, 0xa3, 0x42, 0xa3, 0x42, 0x9b,
    0x22, 0x9b, 0x82, 0x82, 0xa1, 0x51, 0x40, 0x49, 0xa0, 0x59, 0xc0, 0x61,
    0x81, 0x51, 0x82, 0x63, 0x63, 0x6c, 0x63, 0x6c, 0x42, 0x6c, 0xa0, 0xb3,
    0xa0, 0xf3, 0x20, 0xf4, 0x60, 0xf4, 0x80, 0xfc, 0x60, 0xfc, 0x20, 0xf4,
    0xc0, 0xf3, 0x00, 0xf4, 0x80, 0xfc, 0xc0, 0xfc, 0xa0, 0xfc, 0x80, 0xfc,
    0x00, 0xf4, 0xc0, 0xf3, 0x20, 0xf4, 0x80, 0xfc, 0x80, 0xf4, 0x80, 0xfc,
    0x40, 0xf4, 0xe0, 0xf3, 0xa0, 0xeb, 0x40, 0xeb, 0x21, 0xcb, 0x82, 0x7c,
    0x82, 0x74, 0xa3, 0x6c, 0xa3, 0x6c, 0xa3, 0x6c, 0xa3, 0x74, 0x82, 0x6c,
    0xa3, 0x6c, 0x83, 0x6c, 0xa2, 0x6c, 0xa3, 0x6c, 0xa2, 0x6c, 0xa2, 0x6c,
    0xa2, 0x6c, 0x82, 0x64, 0x21, 0xb4, 0xa0, 0xf4, 0xc0, 0xf4, 0xc0, 0xf4,
    0xc0, 0xf4, 0xe0, 0xf4, 0xe0, 0xf4, 0x01, 0xf5, 0x01, 0xf5, 0x21, 0xf5,
    0x41, 0xf5, 0x61, 0xfd, 0x61, 0xfd, 0x82, 0xf5, 0xa2, 0xfd, 0xc2, 0xfd,
    0xe3, 0xfd, 0xe3, 0xfd, 0x03, 0xfe, 0x03, 0xfe, 0x03, 0xfe, 0x03, 0xfe,
    0x03, 0xfe, 0x62, 0xfd, 0xe0, 0xfc, 0x20, 0xfd, 0x20, 0xfd, 0x20, 0xfd,
    0x20, 0xfd, 0x20, 0xfd, 0x20, 0xfd, 0x20, 0xfd, 0x20, 0xfd, 0x20, 0xfd,
    0x20, 0xfd, 0x20, 0xfd, 0x20, 0xfd, 0x20, 0xfd, 0x00, 0xfd, 0x20, 0xfd,
    0x00, 0xfd, 0x00, 0xfd, 0xe0, 0xfc, 0xc0, 0xfc, 0xc0, 0xfc, 0x80, 0xfc,
    0x60, 0xf4, 0x40, 0xf4, 0x00, 0xf4, 0xe0, 0xeb, 0xa1, 0xeb, 0x21, 0xca,
    0xa2, 0xa8, 0x22, 0x73, 0x62, 0x64, 0x42, 0x64, 0x41, 0x64, 0x62, 0x64,
    0x61, 0x5c, 0xe1, 0x8b, 0xe0, 0xe3, 0x60, 0xfc, 0x40, 0xf4, 0xa0, 0xf3,
    0xc0, 0xf3, 0x20, 0xf4, 0x40, 0xf4, 0x40, 0xf4, 0x60, 0xf4, 0x60, 0xf4,
    0x60, 0xf4, 0x60, 0xf4, 0x40, 0xf4, 0x40, 0xf4, 0x20, 0xf4, 0x20, 0xf4,
    0x20, 0xf4, 0x20, 0xfc, 0x20, 0xf4, 0xe0, 0xf3, 0xc0, 0xf3, 0xa0, 0xf3,
    0x80, 0xeb, 0x60, 0xeb, 0x20, 0xeb, 0x20, 0xe3, 0x20, 0xe3, 0xe0, 0xea,
    0xe0, 0xea, 0xe0, 0xda, 0x00, 0xb3, 0xa1, 0x6b, 0x42, 0x5c, 0x41, 0x5c,
    0x41, 0x5c, 0x21, 0x5c, 0x41, 0x5c, 0x41, 0x5c, 0x41, 0x5c, 0x41, 0x5c,
    0x41, 0x5c, 0x21, 0x5c, 0x21, 0x5c, 0x41, 0x5c, 0x41, 0x5c, 0x21, 0x5c,
    0x21, 0x5c, 0x21, 0x5c, 0x21, 0x54, 0x20, 0x54, 0x21, 0x54, 0x20, 0x54,
    0x21, 0x54, 0x21, 0x54, 0x21, 0x54, 0x21, 0x54, 0x20, 0x54, 0x20, 0x54,
    0x01, 0x54, 0x01, 0x54, 0x20, 0x54, 0x01, 0x54, 0x00, 0x54, 0x01, 0x4c,
    0xc3, 0x62, 0xe2, 0x62, 0xe2, 0x62, 0xc3, 0x62, 0xe3, 0x5a, 0x62, 0x53,
    0xc1, 0x53, 0xe1, 0x53, 0xc1, 0x5b, 0xc2, 0x5b, 0xc2, 0x5b, 0xc2, 0x63,
    0xc2, 0x63, 0xe2, 0x63, 0xe2, 0x6b, 0xe2, 0x6b, 0x02, 0x64, 0x02, 0x6c,
    0x02, 0x6c, 0x81, 0x5b, 0xe0, 0x61, 0x60, 0x7a, 0xa0, 0x82, 0x40, 0x9b,
    0xe0, 0x8a, 0x40, 0x72, 0x80, 0x7a, 0x80, 0x9b, 0x60, 0xbc, 0x00, 0xd5,
    0x60, 0xe5, 0x80, 0xe5, 0xc1, 0xed, 0x22, 0xf6, 0x85, 0xf6, 0xc8, 0xf6,
    0xa9, 0xee, 0x28, 0xde, 0x67, 0xbd, 0xe5, 0xb4, 0x84, 0xac, 0x22, 0xa4,
    0xe1, 0x9b, 0xc1, 0x9b, 0xa1, 0x9b, 0x81, 0x9b, 0x80, 0x9b, 0x81, 0x9b,
    0xa1, 0x9b, 0xa1, 0xa3, 0xc1, 0xa3, 0x01, 0xac, 0x01, 0xb4, 0x01, 0xb4,
    0x40, 0xb4, 0x61, 0xbc, 0x61, 0xc4, 0x41, 0xc4, 0x41, 0xc4, 0x02, 0xbc,
    0xc2, 0xb3, 0x82, 0xab, 0x42, 0x9b, 0xc1, 0x8a, 0x41, 0x72, 0xc1, 0x61,
    0x60, 0x51, 0x60, 0x51, 0xa0, 0x69, 0xc0, 0x69, 0x80, 0x59, 0xa0, 0x61,
    0x81, 0x51, 0x62, 0x63, 0x62, 0x74, 0x63, 0x74, 0x62, 0x74, 0x62, 0x6c,
    0xe1, 0x8b, 0x41, 0xcb, 0x60, 0xeb, 0xa0, 0xf3, 0xe0, 0xf3, 0xc0, 0xeb,
    0xc0, 0xf3, 0x60, 0xfc, 0xa0, 0xfc, 0xe0, 0xfc, 0xa0, 0xfc, 0x80, 0xf4,
    0x20, 0xf4, 0xe0, 0xf3, 0x60, 0xf4, 0xa0, 0xfc, 0xa0, 0xfc, 0x80, 0xfc,
    0x40, 0xf4, 0x00, 0xf4, 0xa0, 0xf3, 0x40, 0xeb, 0x40, 0xc3, 0x82, 0x74,
    0x82, 0x7c, 0x82, 0x74, 0x83, 0x74, 0xa2, 0x74, 0x82, 0x74, 0x82, 0x74,
    0xa2, 0x74, 0xa3, 0x74, 0x82, 0x74, 0x82, 0x74, 0x82, 0x6c, 0xa2, 0x6c,
    0x62, 0x74, 0xe1, 0xab, 0x80, 0xec, 0xe0, 0xf4, 0xe0, 0xf4, 0xe0, 0xf4,
    0x01, 0xf5, 0x21, 0xf5, 0x20, 0xf5, 0x41, 0xf5, 0x41, 0xf5, 0x41, 0xf5,
    0x61, 0xfd, 0x81, 0xfd, 0xa2, 0xf5, 0xc2, 0xfd, 0xc3, 0xfd, 0xe3, 0xfd,
    0x03, 0xfe, 0x03, 0xfe, 0x24, 0xfe, 0x24, 0xfe, 0x24, 0xfe, 0x24, 0xfe,
    0x23, 0xfe, 0x61, 0xfd, 0x00, 0xfd, 0x20, 0xfd, 0x20, 0xfd, 0x20, 0xfd,
    0x40, 0xfd, 0x20, 0xfd, 0x20, 0xfd, 0x00, 0xfd, 0x00, 0xfd, 0x00, 0xfd,
    0x20, 0xfd, 0x20, 0xfd, 0x20, 0xfd, 0x20, 0xfd, 0x20, 0xfd, 0x20, 0xfd,
    0x20, 0xfd, 0x00, 0xfd, 0x00, 0xfd, 0xe0, 0xfc, 0xe0, 0xfc, 0xc0, 0xfc,
    0xc0, 0xfc, 0xa0, 0xfc, 0x40, 0xf4, 0x00, 0xf4, 0x00, 0xf4, 0x00, 0xf4,
    0x80, 0xeb, 0x41, 0xc3, 0xc1, 0x93, 0x01, 0x7c, 0x21, 0x7c, 0x01, 0x94,
    0x21, 0xcc, 0x60, 0xf4, 0xa0, 0xfc, 0xa0, 0xfc, 0xa0, 0xfc, 0x60, 0xf4,
    0xe0, 0xf3, 0xe0, 0xf3, 0x20, 0xf4, 0x20, 0xf4, 0x40, 0xfc, 0x40, 0xfc,
    0x20, 0xf4, 0x20, 0xf4, 0x20, 0xf4, 0x20, 0xf4, 0x20, 0xf4, 0x20, 0xf4,
    0x20, 0xf4, 0x00, 0xf4, 0xe0, 0xf3, 0xc0, 0xf3, 0xa0, 0xf3, 0x80, 0xeb,
    0x60, 0xeb, 0x40, 0xeb, 0xe0, 0xe2, 0xe1, 0xca, 0x21, 0xa3, 0x41, 0x93,
    0xc1, 0x73, 0x01, 0x64, 0x41, 0x54, 0x41, 0x5c, 0x41, 0x5c, 0x42, 0x5c,
    0x41, 0x5c, 0x41, 0x5c, 0x41, 0x5c, 0x41, 0x5c, 0x41, 0x5c, 0x41, 0x5c,
    0x41, 0x5c, 0x21, 0x5c, 0x41, 0x54, 0x41, 0x5c, 0x21, 0x5c, 0x41, 0x5c,
    0x41, 0x54, 0x21, 0x5c, 0x41, 0x5c, 0x21, 0x5c, 0x21, 0x5c, 0x21, 0x54,
    0x40, 0x5c, 0x21, 0x5c, 0x21, 0x54, 0x21, 0x54, 0x21, 0x54, 0x21, 0x54,
    0x21, 0x54, 0x21, 0x54, 0x21, 0x54, 0x21, 0x54, 0x21, 0x54, 0x21, 0x54,
    0xc1, 0x4b, 0xa2, 0x53, 0xc1, 0x4b, 0xc1, 0x4b, 0xc1, 0x4b, 0xe1, 0x4b,
    0xe1, 0x4b, 0xe1, 0x53, 0x01, 0x54, 0x02, 0x54, 0x01, 0x54, 0x01, 0x54,
    0x01, 0x54, 0xe2, 0x5b, 0x02, 0x5c, 0x01, 0x5c, 0x01, 0x64, 0x01, 0x5c,
    0x22, 0x64, 0x61, 0x5b, 0xe0, 0x61, 0x40, 0x7a, 0x40, 0x7a, 0x40, 0x7a,
    0x41, 0x7a, 0x00, 0x9b, 0xe0, 0xb3, 0xc0, 0xab, 0xc0, 0x8a, 0x00, 0x6a,
    0x20, 0x6a, 0xe0, 0x82, 0xe0, 0xa3, 0x80, 0xc4, 0x41, 0xdd, 0xc1, 0xe5,
    0x01, 0xee, 0x45, 0xf6, 0xaa, 0xf6, 0xed, 0xf6, 0x0e, 0xf7, 0x0e, 0xf7,
    0xed, 0xfe, 0x88, 0xf6, 0x02, 0xee, 0xe1, 0xed, 0xa1, 0xe5, 0x40, 0xe5,
    0x40, 0xdd, 0x20, 0xdd, 0xe0, 0xd4, 0xe0, 0xcc, 0xa0, 0xcc, 0xa0, 0xcc,
    0x80, 0xcc, 0x60, 0xc4, 0x40, 0xbc, 0xc1, 0xb3, 0x41, 0x9b, 0xc1, 0x82,
    0x20, 0x6a, 0xc0, 0x61, 0x80, 0x59, 0xa0, 0x61, 0xe0, 0x69, 0x00, 0x7a,
    0xe0, 0x71, 0xc0, 0x69, 0xa0, 0x61, 0x80, 0x61, 0x80, 0x59, 0xa0, 0x61,
    0x80, 0x51, 0x42, 0x5b, 0x83, 0x74, 0x62, 0x74, 0x63, 0x74, 0x63, 0x74,
    0x62, 0x6c, 0x62, 0x6c, 0xc1, 0x7b, 0x00, 0xc3, 0x00, 0xe3, 0x20, 0xe3,
    0xc0, 0xf3, 0x80, 0xf4, 0xc0, 0xf4, 0xe0, 0xfc, 0xc0, 0xfc, 0x80, 0xf4,
    0x20, 0xf4, 0x20, 0xf4, 0x60, 0xfc, 0x80, 0xfc, 0xa0, 0xfc, 0x80, 0xf4,
    0x20, 0xf4, 0xe0, 0xf3, 0xa0, 0xeb, 0x60, 0xeb, 0x00, 0xdb, 0xe1, 0x83,
    0x82, 0x74, 0x83, 0x7c, 0xa3, 0x74, 0x82, 0x74, 0x82, 0x74, 0x83, 0x74,
    0xa3, 0x74, 0xa2, 0x74, 0x82, 0x74, 0x83, 0x74, 0x42, 0x6c, 0x81, 0xa3,
    0x00, 0xe3, 0x20, 0xf4, 0xe0, 0xf4, 0xe0, 0xf4, 0x01, 0xf5, 0x21, 0xf5,
    0x41, 0xf5, 0x41, 0xf5, 0x41, 0xf5, 0x61, 0xfd, 0x81, 0xfd, 0x81, 0xfd,
    0xa2, 0xfd, 0xc2, 0xf5, 0xc2, 0xfd, 0xe3, 0xfd, 0xe3, 0xfd, 0x03, 0xfe,
    0x03, 0xfe, 0x24, 0xfe, 0x44, 0xfe, 0x44, 0xfe, 0x44, 0xfe, 0x44, 0xfe,
    0x43, 0xfe, 0x62, 0xfd, 0x00, 0xfd, 0x20, 0xfd, 0x40, 0xfd, 0x40, 0xfd,
    0x40, 0xfd, 0x40, 0xfd, 0x20, 0xfd, 0x20, 0xfd, 0x00, 0xfd, 0x20, 0xfd,
    0x20, 0xfd, 0x20, 0xfd, 0x20, 0xfd, 0x20, 0xfd, 0x20, 0xfd, 0x20, 0xfd,
    0x20, 0xfd, 0x20, 0xfd, 0x20, 0xfd, 0x00, 0xfd, 0x00, 0xfd, 0xe0, 0xfc,
    0xe0, 0xfc, 0xc0, 0xfc, 0xa0, 0xfc, 0x60, 0xfc, 0x20, 0xf4, 0x00, 0xf4,
    0x00, 0xf4, 0xe0, 0xeb, 0xe0, 0xf3, 0xe0, 0xfb, 0xe0, 0xfb, 0x40, 0xfc,
    0x80, 0xf4, 0xc0, 0xfc, 0xe0, 0xfc, 0xe0, 0xfc, 0xc0, 0xfc, 0x80, 0xfc,
    0x40, 0xf4, 0x00, 0xf4, 0xe0, 0xf3, 0xe0, 0xf3, 0x00, 0xf4, 0x00, 0xf4,
    0x20, 0xf4, 0x20, 0xf4, 0x20, 0xfc, 0x20, 0xfc, 0x00, 0xf4, 0x00, 0xf4,
    0x00, 0xf4, 0xe0, 0xf3, 0xc0, 0xf3, 0xc0, 0xf3, 0x80, 0xeb, 0x80, 0xeb,
    0x40, 0xeb, 0x00, 0xeb, 0xe1, 0xba, 0x01, 0x5c, 0x41, 0x5c, 0x42, 0x64,
    0x22, 0x64, 0x41, 0x64, 0x42, 0x5c, 0x41, 0x5c, 0x41, 0x5c, 0x41, 0x5c,
    0x41, 0x5c, 0x42, 0x5c, 0x41, 0x5c, 0x21, 0x5c, 0x21, 0x54, 0x41, 0x5c,
    0x41, 0x5c, 0x21, 0x5c, 0x41, 0x5c, 0x41, 0x5c, 0x41, 0x5c, 0x41, 0x54,
    0x21, 0x5c, 0x40, 0x5c, 0x41, 0x5c, 0x41, 0x54, 0x21, 0x5c, 0x41, 0x5c,
    0x41, 0x5c, 0x21, 0x5c, 0x41, 0x5c, 0x41, 0x5c, 0x21, 0x5c, 0x21, 0x5c,
    0x20, 0x54, 0x21, 0x54, 0x21, 0x54, 0x20, 0x54, 0x01, 0x54, 0x21, 0x54,
    0xc1, 0x4b, 0xe1, 0x4b, 0xc1, 0x53, 0xe1, 0x53, 0xe1, 0x53, 0xe1, 0x53,
    0xe1, 0x53, 0xe2, 0x53, 0xe1, 0x53, 0xe1, 0x53, 0x01, 0x5c, 0x01, 0x5c,
    0x01, 0x5c, 0x01, 0x54, 0x01, 0x5c, 0x02, 0x64, 0x02, 0x64, 0x22, 0x64,
    0x21, 0x64, 0x61, 0x5b, 0xe1, 0x61, 0x40, 0x7a, 0x40, 0x7a, 0x60, 0x7a,
    0x40, 0x7a, 0x20, 0x7a, 0x40, 0x7a, 0x80, 0x82, 0x00, 0x93, 0xa0, 0xab,
    0x00, 0xb4, 0x40, 0xbc, 0x20, 0xb4, 0xe1, 0xab, 0x80, 0x9b, 0x40, 0x93,
    0x40, 0x8b, 0x00, 0x8b, 0xe0, 0x82, 0x00, 0x83, 0x21, 0x8b, 0x61, 0x8b,
    0x82, 0x93, 0xa3, 0x93, 0xc3, 0x9b, 0xc2, 0x9b, 0xa1, 0x9b, 0x81, 0x93,
    0x21, 0x93, 0x00, 0x8b, 0x00, 0x8b, 0xc0, 0x82, 0xa0, 0x7a, 0xa0, 0x7a,
    0x80, 0x7a, 0x80, 0x82, 0x80, 0x82, 0xa0, 0x82, 0x80, 0x82, 0x80, 0x82,
    0x40, 0x7a, 0x20, 0x7a, 0x00, 0x72, 0xc0, 0x69, 0xa0, 0x61, 0xa0, 0x61,
    0xa0, 0x61, 0xa0, 0x61, 0x80, 0x61, 0x80, 0x59, 0x80, 0x59, 0xa0, 0x59,
    0x80, 0x51, 0x22, 0x5b, 0x82, 0x74, 0x62, 0x74, 0x82, 0x6c, 0x82, 0x74,
    0xa2, 0x6c, 0x62, 0x6c, 0x21, 0x74, 0xe1, 0x73, 0xc1, 0x7b, 0xa1, 0xa3,
    0xe0, 0xf3, 0x80, 0xf4, 0xc0, 0xfc, 0xe0, 0xfc, 0xc0, 0xfc, 0x80, 0xfc,
    0x00, 0xf4, 0x20, 0xf4, 0x60, 0xfc, 0x80, 0xf4, 0x80, 0xf4, 0x60, 0xf4,
    0x20, 0xf4, 0xe0, 0xf3, 0xa0, 0xf3, 0x60, 0xeb, 0x20, 0xeb, 0x01, 0xdb,
    0x81, 0xa3, 0x22, 0x7c, 0xa2, 0x6c, 0xa2, 0x6c, 0xa3, 0x74, 0xc3, 0x74,
    0xa2, 0x6c, 0xa2, 0x6c, 0x42, 0x7c, 0xa1, 0xa3, 0x40, 0xd3, 0x40, 0xeb,
    0x80, 0xeb, 0xe0, 0xf4, 0x01, 0xf5, 0x20, 0xf5, 0x41, 0xf5, 0x41, 0xf5,
    0x41, 0xfd, 0x61, 0xfd, 0x81, 0xf5, 0x81, 0xfd, 0xa2, 0xfd, 0xc2, 0xfd,
    0xc2, 0xfd, 0xe3, 0xfd, 0xe3, 0xfd, 0x03, 0xfe, 0x23, 0xfe, 0x24, 0xfe,
    0x24, 0xfe, 0x44, 0xfe, 0x44, 0xfe, 0x64, 0xfe, 0x44, 0xfe, 0x44, 0xfe,
    0x44, 0xfe, 0x61, 0xfd, 0x00, 0xfd, 0x40, 0xfd, 0x40, 0xfd, 0x40, 0xfd,
    0x20, 0xfd, 0x20, 0xfd, 0x20, 0xfd, 0x20, 0xfd, 0x00, 0xfd, 0x00, 0xfd,
    0x20, 0xfd, 0x00, 0xfd, 0x00, 0xfd, 0x20, 0xfd, 0x20, 0xfd, 0x00, 0xfd,
    0x20, 0xfd, 0x20, 0xfd, 0x20, 0xfd, 0x00, 0xfd, 0x00, 0xfd, 0x00, 0xfd,
    0xe0, 0xfc, 0xe0, 0xfc, 0xc0, 0xfc, 0xa0, 0xfc, 0x80, 0xf4, 0x60, 0xf4,
    0x40, 0xf4, 0x40, 0xf4, 0x40, 0xf4, 0x60, 0xf4, 0x80, 0xf4, 0xa0, 0xfc,
    0xe0, 0xfc, 0xe0, 0xfc, 0x00, 0xfd, 0xe0, 0xfc, 0xe0, 0xfc, 0xa0, 0xfc,
    0x60, 0xf4, 0x40, 0xf4, 0x20, 0xf4, 0x00, 0xf4, 0x00, 0xf4, 0x00, 0xf4,
    0x00, 0xf4, 0xe0, 0xf3, 0x00, 0xf4, 0x00, 0xf4, 0x00, 0xf4, 0x00, 0xf4,
    0x00, 0xf4, 0xe0, 0xf3, 0xc0, 0xf3, 0xa0, 0xeb, 0x60, 0xeb, 0x20, 0xeb,
    0xe0, 0xea, 0xe0, 0xda, 0xc1, 0x7b, 0x41, 0x64, 0x41, 0x64, 0x41, 0x64,
    0x41, 0x5c, 0x61, 0x5c, 0x62, 0x5c, 0x61, 0x5c, 0x61, 0x5c, 0x41, 0x5c,
    0x41, 0x5c, 0x41, 0x5c, 0x41, 0x5c, 0x41, 0x5c, 0x41, 0x5c, 0x41, 0x5c,
    0x41, 0x5c, 0x41, 0x5c, 0x41, 0x5c, 0x21, 0x5c, 0x41, 0x5c, 0x41, 0x5c,
    0x41, 0x5c, 0x41, 0x5c, 0x41, 0x5c, 0x41, 0x5c, 0x21, 0x5c, 0x21, 0x5c,
    0x41, 0x54, 0x21, 0x5c, 0x20, 0x54, 0x21, 0x54, 0x21, 0x5c, 0x21, 0x54,
    0x21, 0x54, 0x21, 0x54, 0x21, 0x54, 0x00, 0x54, 0x00, 0x54, 0x01, 0x54,
    0xe1, 0x53, 0xe1, 0x53, 0xe1, 0x53, 0xe1, 0x53, 0xe2, 0x53, 0xe1, 0x5b,
    0x02, 0x64, 0x02, 0x5c, 0x02, 0x5c, 0x02, 0x64, 0x02, 0x64, 0x02, 0x64,
    0x02, 0x64, 0x02, 0x64, 0x02, 0x64, 0x02, 0x6c, 0x22, 0x6c, 0x22, 0x6c,
    0x22, 0x6c, 0x81, 0x63, 0xc0, 0x59, 0x40, 0x7a, 0x40, 0x7a, 0x40, 0x7a,
    0x40, 0x7a, 0x40, 0x7a, 0x40, 0x7a, 0x60, 0x82, 0x40, 0x82, 0x41, 0x7a,
    0x20, 0x7a, 0x60, 0x82, 0xc0, 0x92, 0xa0, 0xab, 0x40, 0xc4, 0x80, 0xcc,
    0xe1, 0xdc, 0x20, 0xe5, 0x41, 0xe5, 0x41, 0xdd, 0xe0, 0xd4, 0xc0, 0xcc,
    0xa0, 0xcc, 0x80, 0xc4, 0x60, 0xc4, 0x40, 0xbc, 0x00, 0xb4, 0x00, 0xb4,
    0x20, 0xb4, 0x01, 0xb4, 0x00, 0xb4, 0xe1, 0xb3, 0xa1, 0xb3, 0x80, 0xab,
    0x21, 0xa3, 0xe0, 0x92, 0xa0, 0x82, 0x40, 0x7a, 0x00, 0x72, 0xe0, 0x69,
    0xc0, 0x69, 0xc0, 0x69, 0xc0, 0x69, 0xc0, 0x61, 0xa0, 0x61, 0xa0, 0x61,
    0x80, 0x61, 0x80, 0x61, 0x80, 0x61, 0x80, 0x61, 0x80, 0x61, 0x80, 0x59,
    0x81, 0x51, 0x42, 0x5b, 0x82, 0x74, 0x63, 0x74, 0x82, 0x74, 0x62, 0x74,
    0xe1, 0xb3, 0xa0, 0xe3, 0xa0, 0xfb, 0xa0, 0xfb, 0x80, 0xf3, 0x60, 0xe3,
    0xe0, 0xf3, 0x60, 0xfc, 0xc0, 0xfc, 0xc0, 0xfc, 0xc0, 0xfc, 0xa0, 0xf4,
    0x00, 0xf4, 0xe0, 0xf3, 0x40, 0xf4, 0x60, 0xfc, 0x40, 0xfc, 0x20, 0xf4,
    0x00, 0xf4, 0xe0, 0xf3, 0x80, 0xeb, 0x60, 0xeb, 0x40, 0xeb, 0x40, 0xeb,
    0x40, 0xf3, 0x20, 0xeb, 0x40, 0xcb, 0x61, 0xb3, 0xa1, 0xa3, 0xc1, 0xa3,
    0xa1, 0xb3, 0x41, 0xd3, 0x20, 0xeb, 0x40, 0xeb, 0x40, 0xeb, 0x40, 0xe3,
    0x40, 0xec, 0x01, 0xf5, 0x20, 0xf5, 0x41, 0xfd, 0x60, 0xfd, 0x81, 0xfd,
    0x61, 0xf5, 0x81, 0xfd, 0xa1, 0xfd, 0xc2, 0xfd, 0xc2, 0xfd, 0xe3, 0xfd,
    0x03, 0xfe, 0x04, 0xfe, 0x04, 0xfe, 0x44, 0xfe, 0x44, 0xfe, 0x44, 0xfe,
    0x44, 0xfe, 0x65, 0xfe, 0x65, 0xfe, 0x64, 0xfe, 0x65, 0xfe, 0x44, 0xfe,
    0x44, 0xfe, 0x41, 0xfd, 0x20, 0xfd, 0x40, 0xfd, 0x40, 0xfd, 0x40, 0xfd,
    0x40, 0xfd, 0x20, 0xfd, 0x20, 0xfd, 0x00, 0xfd, 0x00, 0xfd, 0x00, 0xfd,
    0xe0, 0xfc, 0x00, 0xfd, 0x00, 0xfd, 0x00, 0xfd, 0x00, 0xfd, 0x00, 0xfd,
    0x00, 0xfd, 0x00, 0xfd, 0x00, 0xfd, 0x20, 0xfd, 0x20, 0xfd, 0x00, 0xfd,
    0x00, 0xfd, 0x00, 0xfd, 0x00, 0xfd, 0xe0, 0xfc, 0xa0, 0xfc, 0xa0, 0xfc,
    0xa0, 0xfc, 0xa0, 0xfc, 0xc0, 0xfc, 0xe0, 0xfc, 0xe0, 0xfc, 0xe0, 0xfc,
    0x00, 0xfd, 0x00, 0xfd, 0x00, 0xfd, 0x00, 0xfd, 0xe0, 0xfc, 0xa0, 0xfc,
    0x60, 0xf4, 0x40, 0xfc, 0x40, 0xf4, 0x20, 0xf4, 0x00, 0xf4, 0x00, 0xf4,
    0xe0, 0xf3, 0xe0, 0xf3, 0xe0, 0xf3, 0xc0, 0xf3, 0xc0, 0xf3, 0xc0, 0xf3,
    0xe0, 0xf3, 0xa0, 0xf3, 0x80, 0xeb, 0x60, 0xeb, 0x40, 0xeb, 0x00, 0xeb,
    0xe0, 0xda, 0x81, 0x8b, 0x42, 0x5c, 0x42, 0x64, 0x61, 0x64, 0x61, 0x64,
    0x41, 0x64, 0x61, 0x5c, 0x61, 0x5c, 0x62, 0x64, 0x41, 0x5c, 0x62, 0x5c,
    0x41, 0x5c, 0x61, 0x5c, 0x61, 0x5c, 0x41, 0x5c, 0x41, 0x5c, 0x41, 0x5c,
    0x41, 0x5c, 0x41, 0x5c, 0x41, 0x5c, 0x41, 0x5c, 0x41, 0x54, 0x41, 0x5c,
    0x41, 0x54, 0x21, 0x54, 0x41, 0x5c, 0x21, 0x5c, 0x21, 0x5c, 0x41, 0x54,
    0x21, 0x5c, 0x41, 0x5c, 0x41, 0x5c, 0x21, 0x5c, 0x21, 0x54, 0x21, 0x5c,
    0x21, 0x5c, 0x21, 0x54, 0x21, 0x5c, 0x21, 0x5c, 0x21, 0x54, 0x21, 0x54,
    0xe1, 0x53, 0xe1, 0x53, 0xe2, 0x5b, 0x02, 0x5c, 0x02, 0x64, 0x02, 0x6c,
    0x02, 0x6c, 0x02, 0x74, 0x02, 0x74, 0x02, 0x7c, 0x02, 0x7c, 0x22, 0x7c,
    0x02, 0x74, 0x02, 0x7c, 0x22, 0x7c, 0x22, 0x7c, 0x22, 0x7c, 0x22, 0x7c,
    0x22, 0x7c, 0x82, 0x6b, 0xa0, 0x59, 0x40, 0x72, 0x40, 0x7a, 0x60, 0x7a,
    0x40, 0x7a, 0x40, 0x7a, 0x40, 0x7a, 0x60, 0x7a, 0x60, 0x82, 0x60, 0x82,
    0x80, 0x82, 0x80, 0x82, 0x80, 0x82, 0xc0, 0x92, 0xe0, 0xbb, 0x00, 0xbc,
    0x00, 0xbc, 0x00, 0xbc, 0x00, 0xbc, 0x20, 0xa3, 0x20, 0x9b, 0x20, 0xa3,
    0x00, 0x9b, 0x00, 0x9b, 0x00, 0x9b, 0x00, 0x9b, 0x00, 0x93, 0xe0, 0x92,
    0xc0, 0x92, 0xc0, 0x92, 0xc0, 0x8a, 0xa0, 0x8a, 0xa0, 0x82, 0x80, 0x82,
    0x80, 0x82, 0x60, 0x82, 0x60, 0x7a, 0x40, 0x7a, 0x20, 0x7a, 0x00, 0x72,
    0xe0, 0x69, 0xe0, 0x69, 0xc0, 0x69, 0xc0, 0x69, 0xa0, 0x61, 0xa0, 0x61,
    0xa0, 0x61, 0x80, 0x61, 0xa0, 0x59, 0x80, 0x59, 0x80, 0x61, 0x80, 0x59,
    0x81, 0x51, 0x42, 0x63, 0x82, 0x74, 0x62, 0x74, 0x42, 0x7c, 0xe1, 0xdb,
    0x80, 0xfc, 0xc0, 0xfc, 0xc0, 0xfc, 0xa1, 0xf4, 0x60, 0xf4, 0x00, 0xf4,
    0xe0, 0xeb, 0x40, 0xf4, 0x80, 0xf4, 0xa0, 0xf4, 0xa0, 0xfc, 0x80, 0xfc,
    0x40, 0xf4, 0xe0, 0xf3, 0x40, 0xf4, 0x40, 0xf4, 0x40, 0xf4, 0x20, 0xf4,
    0xe0, 0xf3, 0xe0, 0xf3, 0xa0, 0xeb, 0x60, 0xeb, 0x80, 0xeb, 0x60, 0xeb,
    0x60, 0xeb, 0x80, 0xeb, 0x60, 0xeb, 0x60, 0xeb, 0x60, 0xeb, 0x60, 0xeb,
    0x60, 0xeb, 0x60, 0xeb, 0x60, 0xeb, 0x40, 0xeb, 0x40, 0xe3, 0xe1, 0xeb,
    0x21, 0xf5, 0x40, 0xf5, 0x41, 0xf5, 0x61, 0xf5, 0x61, 0xfd, 0x81, 0xfd,
    0xa1, 0xfd, 0xa2, 0xfd, 0xc2, 0xfd, 0xe3, 0xfd, 0x03, 0xfe, 0x04, 0xfe,
    0x24, 0xfe, 0x24, 0xfe, 0x44, 0xfe, 0x44, 0xfe, 0x45, 0xfe, 0x65, 0xfe,
    0x65, 0xfe, 0x65, 0xfe, 0x65, 0xfe, 0x65, 0xfe, 0x65, 0xfe, 0x64, 0xfe,
    0x44, 0xfe, 0x21, 0xfd, 0x20, 0xfd, 0x40, 0xfd, 0x40, 0xfd, 0x40, 0xfd,
    0x40, 0xfd, 0x20, 0xfd, 0x20, 0xfd, 0x20, 0xfd, 0x00, 0xfd, 0xe0, 0xfc,
    0xe0, 0xfc, 0xe0, 0xfc, 0x00, 0xfd, 0x00, 0xfd, 0x00, 0xfd, 0xe0, 0xfc,
    0x00, 0xfd, 0x00, 0xfd, 0x00, 0xfd, 0x20, 0xfd, 0x20, 0xfd, 0x20, 0xfd,
    0x00, 0xfd, 0x00, 0xfd, 0x00, 0xfd, 0xe0, 0xfc, 0xc0, 0xfc, 0xc0, 0xfc,
    0xe0, 0xfc, 0xe0, 0xfc, 0xe0, 0xfc, 0x00, 0xfd, 0x00, 0xfd, 0x20, 0xfd,
    0x20, 0xfd, 0x20, 0xfd, 0x00, 0xfd, 0xe0, 0xfc, 0xc0, 0xfc, 0xa0, 0xfc,
    0x60, 0xfc, 0x40, 0xf4, 0x40, 0xf4, 0x20, 0xfc, 0x00, 0xf4, 0xe0, 0xf3,
    0xc0, 0xfb, 0xc0, 0xf3, 0xc0, 0xf3, 0xa0, 0xf3, 0xa0, 0xf3, 0xa0, 0xeb,
    0x80, 0xeb, 0x60, 0xeb, 0x40, 0xeb, 0x40, 0xe3, 0x00, 0xeb, 0xc0, 0xda,
    0xa1, 0x83, 0x62, 0x5c, 0x41, 0x64, 0x41, 0x64, 0x62, 0x64, 0x62, 0x64,
    0x62, 0x64, 0x62, 0x5c, 0x61, 0x64, 0x41, 0x5c, 0x41, 0x5c, 0x41, 0x5c,
    0x42, 0x5c, 0x41, 0x5c, 0x41, 0x5c, 0x41, 0x5c, 0x41, 0x54, 0x41, 0x5c,
    0x41, 0x5c, 0x41, 0x5c, 0x41, 0x5c, 0x41, 0x5c, 0x21, 0x5c, 0x41, 0x5c,
    0x21, 0x54, 0x41, 0x5c, 0x41, 0x5c, 0x21, 0x54, 0x41, 0x5c, 0x41, 0x5c,
    0x21, 0x5c, 0x41, 0x5c, 0x41, 0x5c, 0x21, 0x5c, 0x21, 0x54, 0x21, 0x5c,
    0x21, 0x5c, 0x21, 0x5c, 0x00, 0x54, 0x21, 0x54, 0x21, 0x54, 0x21, 0x54,
    0x02, 0x6c, 0x02, 0x74, 0x02, 0x74, 0x02, 0x74, 0x02, 0x74, 0x02, 0x7c,
    0x02, 0x7c, 0x02, 0x7c, 0x02, 0x7c, 0x22, 0x84, 0x02, 0x84, 0x03, 0x84,
    0x23, 0x84, 0x22, 0x84, 0x23, 0x84, 0x02, 0x84, 0x23, 0x8c, 0x22, 0x84,
    0x22, 0x84, 0x02, 0x7c, 0x01, 0x5a, 0x20, 0x72, 0x40, 0x7a, 0x60, 0x7a,
    0x60, 0x7a, 0x60, 0x7a, 0x60, 0x82, 0x40, 0x82, 0x60, 0x7a, 0x80, 0x82,
    0x80, 0x82, 0xa0, 0x8a, 0xa0, 0x8a, 0xe0, 0x92, 0xa0, 0xb3, 0xc0, 0xb3,
    0xe0, 0xbb, 0x20, 0xc4, 0x00, 0xbc, 0x40, 0xa3, 0x20, 0xa3, 0x20, 0x9b,
    0x20, 0xa3, 0x00, 0x9b, 0x20, 0x9b, 0x00, 0x9b, 0xe0, 0x92, 0xe0, 0x92,
    0xe0, 0x92, 0xc0, 0x92, 0xc0, 0x8a, 0xc0, 0x8a, 0xa0, 0x8a, 0x80, 0x82,
    0x80, 0x82, 0x80, 0x82, 0x60, 0x82, 0x60, 0x7a, 0x40, 0x7a, 0x20, 0x72,
    0xe0, 0x71, 0xe0, 0x69, 0xc0, 0x69, 0xc0, 0x69, 0xc0, 0x61, 0xa0, 0x61,
    0xa0, 0x61, 0x80, 0x61, 0x80, 0x61, 0x80, 0x61, 0x80, 0x59, 0xa0, 0x61,
    0xa0, 0x51, 0xa2, 0x6b, 0x62, 0x74, 0x82, 0x74, 0x01, 0xb4, 0x80, 0xfc,
    0xc0, 0xfc, 0xe0, 0xfc, 0xe0, 0xfc, 0xa0, 0xf4, 0x60, 0xf4, 0x20, 0xf4,
    0xe0, 0xf3, 0x00, 0xf4, 0x60, 0xf4, 0x40, 0xf4, 0x60, 0xfc, 0x60, 0xf4,
    0x40, 0xf4, 0x20, 0xf4, 0x00, 0xf4, 0x20, 0xf4, 0x20, 0xf4, 0x20, 0xf4,
    0x00, 0xf4, 0xc0, 0xf3, 0x80, 0xeb, 0x80, 0xeb, 0x80, 0xeb, 0xa0, 0xeb,
    0xa0, 0xf3, 0x80, 0xeb, 0x80, 0xf3, 0xa0, 0xeb, 0x80, 0xeb, 0xa0, 0xeb,
    0x80, 0xeb, 0x80, 0xeb, 0x80, 0xeb, 0x60, 0xeb, 0x60, 0xeb, 0xe0, 0xf4,
    0x41, 0xfd, 0x61, 0xfd, 0x61, 0xfd, 0x81, 0xf5, 0x81, 0xfd, 0xa2, 0xfd,
    0xc2, 0xf5, 0xe2, 0xfd, 0xe3, 0xfd, 0x03, 0xfe, 0x24, 0xfe, 0x44, 0xfe,
    0x44, 0xfe, 0x64, 0xfe, 0x65, 0xfe, 0x65, 0xfe, 0x65, 0xfe, 0x85, 0xfe,
    0x85, 0xfe, 0x85, 0xfe, 0x85, 0xfe, 0x85, 0xfe, 0x85, 0xfe, 0x65, 0xfe,
    0x44, 0xfe, 0x21, 0xfd, 0x40, 0xfd, 0x40, 0xfd, 0x40, 0xfd, 0x20, 0xfd,
    0x20, 0xfd, 0x40, 0xfd, 0x20, 0xfd, 0x20, 0xfd, 0x00, 0xfd, 0xe0, 0xfc,
    0xc0, 0xfc, 0xc0, 0xfc, 0xe0, 0xfc, 0xe0, 0xfc, 0xe0, 0xfc, 0xe0, 0xfc,
    0x00, 0xfd, 0x00, 0xfd, 0x00, 0xfd, 0x00, 0xfd, 0x00, 0xfd, 0x00, 0xfd,
    0x00, 0xfd, 0x00, 0xfd, 0x00, 0xfd, 0x00, 0xfd, 0xe0, 0xfc, 0xe0, 0xfc,
    0x00, 0xfd, 0x20, 0xfd, 0x00, 0xfd, 0x20, 0xfd, 0x20, 0xfd, 0x20, 0xfd,
    0x20, 0xfd, 0x20, 0xfd, 0x00, 0xfd, 0xe0, 0xfc, 0xc0, 0xf4, 0x80, 0xf4,
    0x60, 0xfc, 0x40, 0xf4, 0x40, 0xfc, 0x00, 0xf4, 0x00, 0xf4, 0xe0, 0xf3,
    0xc0, 0xf3, 0xc0, 0xf3, 0xa0, 0xf3, 0x60, 0xeb, 0x40, 0xeb, 0x40, 0xeb,
    0x20, 0xe3, 0xe0, 0xe2, 0xe0, 0xe2, 0xe1, 0xd2, 0x21, 0xab, 0xe1, 0x6b,
    0x42, 0x64, 0x41, 0x64, 0x41, 0x64, 0x61, 0x5c, 0x61, 0x5c, 0x61, 0x5c,
    0x61, 0x5c, 0x62, 0x64, 0x61, 0x5c, 0x62, 0x5c, 0x41, 0x5c, 0x42, 0x5c,
    0x41, 0x5c, 0x41, 0x5c, 0x41, 0x5c, 0x41, 0x5c, 0x41, 0x5c, 0x41, 0x5c,
    0x41, 0x5c, 0x41, 0x5c, 0x41, 0x5c, 0x41, 0x54, 0x41, 0x5c, 0x41, 0x5c,
    0x41, 0x5c, 0x41, 0x5c, 0x41, 0x5c, 0x21, 0x5c, 0x41, 0x5c, 0x21, 0x5c,
    0x21, 0x5c, 0x41, 0x5c, 0x21, 0x5c, 0x21, 0x54, 0x21, 0x5c, 0x21, 0x54,
    0x21, 0x5c, 0x21, 0x5c, 0x21, 0x54, 0x20, 0x54, 0x01, 0x5c, 0x01, 0x54,
    0x02, 0x84, 0x02, 0x84, 0x02, 0x84, 0x02, 0x84, 0x02, 0x84, 0x22, 0x84,
    0x02, 0x84, 0x22, 0x84, 0x22, 0x84, 0x23, 0x84, 0x23, 0x8c, 0x22, 0x8c,
    0x23, 0x84, 0x23, 0x8c, 0x22, 0x8c, 0x23, 0x8c, 0x23, 0x8c, 0x22, 0x8c,
    0x23, 0x8c, 0x43, 0x8c, 0xc2, 0x7b, 0xe1, 0x59, 0x20, 0x72, 0x40, 0x7a,
    0x40, 0x7a, 0x40, 0x7a, 0x40, 0x7a, 0x60, 0x82, 0x60, 0x82, 0x80, 0x82,
    0x80, 0x8a, 0x80, 0x8a, 0xa0, 0x8a, 0xc0, 0x92, 0xa0, 0xab, 0xc0, 0xb3,
    0xe0, 0xbb, 0x00, 0xbc, 0x00, 0xbc, 0x40, 0xa3, 0x20, 0xa3, 0x20, 0x9b,
    0x00, 0x9b, 0x20, 0x9b, 0x00, 0x9b, 0x00, 0x9b, 0xe0, 0x92, 0xe0, 0x92,
    0xc0, 0x92, 0xc0, 0x8a, 0xc0, 0x8a, 0xa0, 0x8a, 0xa0, 0x82, 0x80, 0x82,
    0x80, 0x82, 0x80, 0x82, 0x60, 0x82, 0x60, 0x7a, 0x40, 0x7a, 0x00, 0x72,
    0x00, 0x72, 0xe0, 0x69, 0xe0, 0x69, 0xc0, 0x69, 0xc0, 0x61, 0xa0, 0x61,
    0xa0, 0x61, 0xa0, 0x61, 0x80, 0x61, 0x80, 0x61, 0x80, 0x59, 0x80, 0x59,
    0xc1, 0x51, 0x22, 0x74, 0x43, 0x74, 0x42, 0x74, 0xe1, 0xcb, 0x20, 0xf4,
    0x80, 0xfc, 0xa0, 0xfc, 0xa0, 0xfc, 0x60, 0xfc, 0x40, 0xf4, 0x20, 0xf4,
    0xe0, 0xf3, 0xe0, 0xf3, 0x20, 0xf4, 0x20, 0xf4, 0x40, 0xfc, 0x60, 0xfc,
    0x40, 0xf4, 0x00, 0xf4, 0x20, 0xf4, 0x20, 0xf4, 0x20, 0xf4, 0x00, 0xf4,
    0xc0, 0xf3, 0xc0, 0xf3, 0x80, 0xeb, 0xa0, 0xf3, 0xa0, 0xf3, 0xa0, 0xeb,
    0xc0, 0xf3, 0xc0, 0xf3, 0xa0, 0xf3, 0xa0, 0xf3, 0xa0, 0xeb, 0x80, 0xf3,
    0x80, 0xf3, 0x80, 0xeb, 0x60, 0xeb, 0x40, 0xeb, 0x20, 0xec, 0x41, 0xf5,
    0x61, 0xf5, 0x61, 0xfd, 0x81, 0xfd, 0xa1, 0xf5, 0xc1, 0xfd, 0xc2, 0xfd,
    0xe2, 0xfd, 0xe3, 0xfd, 0x23, 0xfe, 0x24, 0xfe, 0x44, 0xfe, 0x45, 0xfe,
    0x65, 0xfe, 0x65, 0xfe, 0x85, 0xfe, 0x85, 0xfe, 0x85, 0xfe, 0x85, 0xfe,
    0x85, 0xfe, 0x85, 0xfe, 0x85, 0xfe, 0x85, 0xfe, 0x85, 0xfe, 0x65, 0xfe,
    0x24, 0xfe, 0x01, 0xfd, 0x20, 0xfd, 0x40, 0xfd, 0x40, 0xfd, 0x40, 0xfd,
    0x40, 0xfd, 0x20, 0xfd, 0x20, 0xfd, 0x00, 0xfd, 0x00, 0xfd, 0xe0, 0xfc,
    0xc0, 0xfc, 0xc0, 0xf4, 0xc0, 0xf4, 0xc0, 0xfc, 0xc0, 0xfc, 0xe0, 0xfc,
    0xe0, 0xfc, 0xe0, 0xfc, 0xe0, 0xfc, 0xe0, 0xfc, 0x00, 0xfd, 0x00, 0xfd,
    0x00, 0xfd, 0x00, 0xfd, 0xe0, 0xfc, 0x00, 0xfd, 0x00, 0xfd, 0x00, 0xfd,
    0x20, 0xfd, 0x20, 0xfd, 0x20, 0xfd, 0x20, 0xfd, 0x20, 0xfd, 0x20, 0xfd,
    0x00, 0xfd, 0x00, 0xfd, 0xe0, 0xfc, 0xe0, 0xfc, 0xa0, 0xfc, 0x80, 0xfc,
    0x60, 0xf4, 0x40, 0xf4, 0x40, 0xfc, 0x00, 0xf4, 0xe0, 0xf3, 0xc0, 0xf3,
    0xc0, 0xf3, 0xa0, 0xf3, 0x80, 0xeb, 0x40, 0xeb, 0xe0, 0xda, 0x01, 0xab,
    0x41, 0xa3, 0x41, 0x93, 0xc1, 0x7b, 0x42, 0x64, 0x61, 0x64, 0x62, 0x6c,
    0x62, 0x64, 0x62, 0x64, 0x62, 0x64, 0x42, 0x64, 0x41, 0x64, 0x61, 0x64,
    0x61, 0x64, 0x62, 0x5c, 0x42, 0x64, 0x41, 0x5c, 0x41, 0x5c, 0x61, 0x5c,
    0x41, 0x5c, 0x41, 0x5c, 0x62, 0x5c, 0x41, 0x5c, 0x41, 0x5c, 0x41, 0x5c,
    0x42, 0x5c, 0x41, 0x5c, 0x41, 0x5c, 0x21, 0x5c, 0x41, 0x54, 0x41, 0x5c,
    0x21, 0x5c, 0x41, 0x5c, 0x41, 0x5c, 0x41, 0x5c, 0x21, 0x5c, 0x21, 0x54,
    0x41, 0x5c, 0x21, 0x5c, 0x41, 0x5c, 0x41, 0x5c, 0x21, 0x5c, 0x20, 0x54,
    0x21, 0x5c, 0x21, 0x5c, 0x21, 0x5c, 0x21, 0x5c, 0x21, 0x5c, 0x21, 0x5c,
    0x03, 0x84, 0x02, 0x84, 0x03, 0x8c, 0x03, 0x84, 0x02, 0x8c, 0x23, 0x8c,
    0x23, 0x8c, 0x23, 0x8c, 0x23, 0x8c, 0x22, 0x8c, 0x23, 0x84, 0x22, 0x8c,
    0x22, 0x8c, 0x23, 0x8c, 0x23, 0x8c, 0x22, 0x8c, 0x23, 0x8c, 0x23, 0x94,
    0x23, 0x8c, 0x43, 0x8c, 0x42, 0x94, 0x82, 0x7b, 0xc1, 0x59, 0xe0, 0x69,
    0x60, 0x7a, 0x60, 0x82, 0x60, 0x7a, 0x60, 0x82, 0x60, 0x82, 0x80, 0x82,
    0x80, 0x82, 0xa0, 0x82, 0xa0, 0x8a, 0xc0, 0x92, 0x80, 0xab, 0xa0, 0xb3,
    0xc0, 0xbb, 0x00, 0xbc, 0x00, 0xbc, 0x20, 0xa3, 0x00, 0x9b, 0x20, 0x9b,
    0x00, 0x9b, 0x00, 0x9b, 0x00, 0x9b, 0x00, 0x93, 0xe0, 0x92, 0xc0, 0x92,
    0xe0, 0x8a, 0xc0, 0x8a, 0xc0, 0x8a, 0xa0, 0x8a, 0xa0, 0x8a, 0x80, 0x82,
    0x80, 0x82, 0x60, 0x82, 0x60, 0x82, 0x60, 0x82, 0x40, 0x7a, 0x00, 0x72,
    0xe0, 0x69, 0xe0, 0x69, 0xc0, 0x69, 0xc1, 0x69, 0xc0, 0x69, 0xa0, 0x61,
    0xa0, 0x61, 0x80, 0x61, 0x81, 0x61, 0xa0, 0x59, 0x80, 0x59, 0x81, 0x49,
    0x82, 0x63, 0x62, 0x6c, 0x62, 0x74, 0x42, 0x74, 0xa1, 0xc3, 0xc0, 0xf3,
    0x00, 0xf4, 0x20, 0xf4, 0x20, 0xf4, 0x00, 0xf4, 0x00, 0xf4, 0xe0, 0xf3,
    0xa0, 0xf3, 0xa0, 0xeb, 0xe0, 0xf3, 0x00, 0xf4, 0x20, 0xf4, 0x20, 0xf4,
    0x00, 0xf4, 0xe0, 0xf3, 0x00, 0xf4, 0x00, 0xf4, 0xe0, 0xf3, 0x00, 0xf4,
    0xc0, 0xf3, 0xc0, 0xeb, 0xa0, 0xeb, 0xa0, 0xf3, 0xc0, 0xf3, 0xc0, 0xf3,
    0xc0, 0xf3, 0xc0, 0xeb, 0xa0, 0xf3, 0xc0, 0xf3, 0xa0, 0xf3, 0xa0, 0xeb,
    0xa0, 0xeb, 0x80, 0xf3, 0x80, 0xeb, 0x80, 0xeb, 0x01, 0xf5, 0x61, 0xf5,
    0x81, 0xf5, 0x81, 0xfd, 0xa1, 0xfd, 0xc2, 0xfd, 0xc2, 0xfd, 0xe3, 0xfd,
    0x03, 0xfe, 0x23, 0xfe, 0x24, 0xfe, 0x45, 0xfe, 0x65, 0xfe, 0x65, 0xfe,
    0x85, 0xfe, 0x86, 0xfe, 0x86, 0xfe, 0x86, 0xfe, 0x86, 0xfe, 0x86, 0xfe,
    0xa6, 0xfe, 0x86, 0xfe, 0x86, 0xfe, 0xa5, 0xfe, 0x85, 0xfe, 0x85, 0xfe,
    0x44, 0xfe, 0x00, 0xfd, 0x20, 0xfd, 0x40, 0xfd, 0x40, 0xfd, 0x40, 0xfd,
    0x40, 0xfd, 0x20, 0xfd, 0x20, 0xfd, 0x00, 0xfd, 0xe0, 0xfc, 0xe0, 0xfc,
    0xc0, 0xfc, 0xa0, 0xfc, 0xa0, 0xfc, 0xa0, 0xf4, 0xa0, 0xfc, 0xc0, 0xfc,
    0xc0, 0xfc, 0xc0, 0xfc, 0xc0, 0xfc, 0xe0, 0xfc, 0xe0, 0xfc, 0xe0, 0xfc,
    0xe0, 0xfc, 0xe0, 0xfc, 0xe0, 0xfc, 0xe0, 0xfc, 0x00, 0xfd, 0x00, 0xfd,
    0x00, 0xfd, 0x00, 0xfd, 0x00, 0xfd, 0x00, 0xfd, 0x00, 0xfd, 0x00, 0xfd,
    0x00, 0xfd, 0xe0, 0xfc, 0xe0, 0xfc, 0xc0, 0xfc, 0x80, 0xfc, 0x60, 0xf4,
    0x40, 0xf4, 0x40, 0xfc, 0x20, 0xf4, 0x20, 0xf4, 0x00, 0xf4, 0xc0, 0xf3,
    0xa0, 0xf3, 0x60, 0xeb, 0x40, 0xeb, 0x20, 0xe3, 0xe1, 0xd2, 0xe1, 0x73,
    0x82, 0x5c, 0x62, 0x64, 0x62, 0x64, 0x62, 0x64, 0x41, 0x64, 0x61, 0x64,
    0x61, 0x64, 0x61, 0x64, 0x41, 0x64, 0x61, 0x64, 0x62, 0x5c, 0x61, 0x64,
    0x41, 0x64, 0x41, 0x5c, 0x61, 0x5c, 0x41, 0x64, 0x42, 0x64, 0x41, 0x5c,
    0x41, 0x5c, 0x42, 0x64, 0x41, 0x5c, 0x42, 0x5c, 0x41, 0x5c, 0x41, 0x5c,
    0x41, 0x5c, 0x41, 0x5c, 0x41, 0x5c, 0x41, 0x5c, 0x21, 0x5c, 0x41, 0x5c,
    0x21, 0x54, 0x41, 0x5c, 0x41, 0x5c, 0x21, 0x5c, 0x21, 0x5c, 0x41, 0x5c,
    0x41, 0x5c, 0x21, 0x5c, 0x21, 0x5c, 0x21, 0x5c, 0x21, 0x5c, 0x21, 0x5c,
    0x21, 0x5c, 0x21, 0x5c, 0x21, 0x54, 0x01, 0x54, 0x01, 0x54, 0x01, 0x54,
    0x02, 0x8c, 0x02, 0x84, 0x23, 0x8c, 0x02, 0x8c, 0x02, 0x84, 0x23, 0x8c,
    0x02, 0x8c, 0x22, 0x8c, 0x03, 0x8c, 0x22, 0x8c, 0x23, 0x8c, 0x23, 0x8c,
    0x22, 0x8c, 0x23, 0x8c, 0x22, 0x8c, 0x23, 0x8c, 0x22, 0x8c, 0x22, 0x8c,
    0x23, 0x94, 0x42, 0x94, 0x43, 0x8c, 0x42, 0x8c, 0x22, 0x84, 0x21, 0x5a,
    0x60, 0x51, 0x20, 0x72, 0x60, 0x82, 0x61, 0x82, 0x80, 0x82, 0x80, 0x82,
    0x80, 0x82, 0xa0, 0x82, 0xa0, 0x8a, 0xc0, 0x8a, 0x60, 0xab, 0xa0, 0xb3,
    0xa0, 0xb3, 0xe0, 0xbb, 0xe0, 0xbb, 0x40, 0xa3, 0x20, 0x9b, 0x20, 0x9b,
    0x00, 0x9b, 0x00, 0x9b, 0x00, 0x9b, 0xe0, 0x92, 0xe0, 0x92, 0xc0, 0x92,
    0xc0, 0x8a, 0xc0, 0x8a, 0xa0, 0x8a, 0xa0, 0x8a, 0xa0, 0x8a, 0xa0, 0x8a,
    0x80, 0x82, 0x80, 0x82, 0x60, 0x82, 0x60, 0x7a, 0x40, 0x7a, 0x20, 0x72,
    0xe0, 0x71, 0xe0, 0x69, 0xe0, 0x69, 0xc0, 0x69, 0xc0, 0x61, 0xa0, 0x61,
    0xa0, 0x61, 0xa0, 0x61, 0x80, 0x61, 0x40, 0x51, 0xe1, 0x49, 0xe2, 0x6b,
    0x43, 0x74, 0x42, 0x6c, 0x62, 0x6c, 0x62, 0x74, 0x42, 0x6c, 0xa1, 0xa3,
    0x40, 0xdb, 0x40, 0xeb, 0x80, 0xeb, 0xa0, 0xeb, 0x80, 0xeb, 0x60, 0xeb,
    0x60, 0xeb, 0x60, 0xeb, 0xa0, 0xf3, 0xc0, 0xf3, 0xe0, 0xf3, 0xe0, 0xf3,
    0xe0, 0xf3, 0xc0, 0xf3, 0xc0, 0xf3, 0xe0, 0xf3, 0xe0, 0xf3, 0xe0, 0xf3,
    0xc0, 0xeb, 0xc0, 0xeb, 0xa0, 0xeb, 0xa0, 0xeb, 0xa0, 0xeb, 0xc0, 0xeb,
    0xc0, 0xeb, 0xa0, 0xf3, 0xc0, 0xeb, 0xc0, 0xeb, 0xa0, 0xf3, 0xa0, 0xeb,
    0xa0, 0xf3, 0x80, 0xf3, 0x60, 0xeb, 0x60, 0xf4, 0x61, 0xf5, 0x61, 0xfd,
    0x81, 0xfd, 0xa1, 0xfd, 0xc2, 0xfd, 0xc2, 0xfd, 0x03, 0xfe, 0x23, 0xfe,
    0x24, 0xfe, 0x44, 0xfe, 0x65, 0xfe, 0x65, 0xfe, 0x86, 0xfe, 0x86, 0xfe,
    0xa6, 0xfe, 0x86, 0xfe, 0xa6, 0xfe, 0xa6, 0xfe, 0x86, 0xfe, 0xa6, 0xfe,
    0xa5, 0xfe, 0x86, 0xfe, 0xa6, 0xfe, 0xa6, 0xfe, 0x85, 0xfe, 0x85, 0xfe,
    0x44, 0xfe, 0x00, 0xfd, 0x20, 0xfd, 0x40, 0xfd, 0x40, 0xfd, 0x40, 0xfd,
    0x20, 0xfd, 0x20, 0xfd, 0x20, 0xfd, 0x00, 0xfd, 0xe0, 0xfc, 0xe0, 0xfc,
    0xc0, 0xfc, 0xa0, 0xf4, 0x80, 0xfc, 0x80, 0xfc, 0x80, 0xf4, 0xa0, 0xfc,
    0xa0, 0xf4, 0xc0, 0xf4, 0xc0, 0xfc, 0xc0, 0xfc, 0xa0, 0xfc, 0xc0, 0xfc,
    0xc0, 0xfc, 0xe0, 0xfc, 0xe0, 0xfc, 0xe0, 0xfc, 0x00, 0xfd, 0x00, 0xfd,
    0x00, 0xfd, 0x00, 0xfd, 0x00, 0xfd, 0x00, 0xfd, 0xe0, 0xfc, 0xe0, 0xfc,
    0xc0, 0xfc, 0xc0, 0xfc, 0xa0, 0xf4, 0x80, 0xf4, 0x60, 0xfc, 0x40, 0xf4,
    0x40, 0xf4, 0x20, 0xf4, 0x20, 0xf4, 0x00, 0xf4, 0xe0, 0xf3, 0xa0, 0xf3,
    0x80, 0xeb, 0x60, 0xeb, 0x20, 0xeb, 0x00, 0xeb, 0x21, 0xb3, 0x42, 0x64,
    0x62, 0x64, 0x61, 0x64, 0x62, 0x64, 0x62, 0x64, 0x61, 0x64, 0x42, 0x64,
    0x61, 0x64, 0x62, 0x64, 0x41, 0x64, 0x62, 0x64, 0x41, 0x64, 0x41, 0x5c,
    0x42, 0x64, 0x61, 0x64, 0x61, 0x64, 0x62, 0x64, 0x41, 0x5c, 0x41, 0x5c,
    0x41, 0x64, 0x41, 0x5c, 0x41, 0x5c, 0x41, 0x5c, 0x41, 0x5c, 0x41, 0x5c,
    0x41, 0x5c, 0x41, 0x5c, 0x41, 0x5c, 0x41, 0x5c, 0x41, 0x5c, 0x21, 0x5c,
    0x41, 0x5c, 0x41, 0x5c, 0x41, 0x5c, 0x41, 0x5c, 0x41, 0x5c, 0x21, 0x5c,
    0x21, 0x5c, 0x21, 0x5c, 0x41, 0x5c, 0x41, 0x54, 0x21, 0x5c, 0x21, 0x5c,
    0x21, 0x54, 0x21, 0x54, 0x21, 0x5c, 0x01, 0x5c, 0x21, 0x54, 0x01, 0x5c,
    0x02, 0x8c, 0x03, 0x8c, 0x23, 0x8c, 0x22, 0x84, 0x23, 0x84, 0x23, 0x8c,
    0x23, 0x8c, 0x22, 0x8c, 0x23, 0x8c, 0x22, 0x84, 0x23, 0x8c, 0x22, 0x8c,
    0x22, 0x8c, 0x23, 0x8c, 0x23, 0x8c, 0x23, 0x8c, 0x43, 0x8c, 0x42, 0x8c,
    0x23, 0x8c, 0x23, 0x94, 0x43, 0x94, 0x23, 0x94, 0x42, 0x8c, 0x43, 0x8c,
    0xe1, 0x51, 0x00, 0x41, 0x20, 0x49, 0x80, 0x59, 0x20, 0x72, 0x80, 0x82,
    0xa0, 0x8a, 0xa0, 0x8a, 0x80, 0x82, 0x80, 0x82, 0x40, 0xa3, 0x80, 0xab,
    0x80, 0xab, 0xc0, 0xb3, 0xe0, 0xbb, 0x40, 0xa3, 0x20, 0x9b, 0x20, 0xa3,
    0x20, 0x9b, 0x00, 0x9b, 0x00, 0x9b, 0xe0, 0x92, 0xc0, 0x92, 0xc0, 0x8a,
    0xc0, 0x8a, 0xc0, 0x8a, 0xa0, 0x8a, 0xa0, 0x8a, 0xa0, 0x82, 0x80, 0x82,
    0x80, 0x82, 0x80, 0x82, 0x60, 0x82, 0x60, 0x82, 0x40, 0x7a, 0x21, 0x7a,
    0x00, 0x72, 0xe0, 0x71, 0xe0, 0x71, 0xe0, 0x69, 0xc0, 0x69, 0x80, 0x59,
    0x40, 0x51, 0x20, 0x49, 0x00, 0x41, 0xe2, 0x5a, 0x43, 0x6c, 0x42, 0x6c,
    0x42, 0x6c, 0x42, 0x6c, 0x62, 0x74, 0x62, 0x6c, 0x62, 0x6c, 0x62, 0x64,
    0x62, 0x64, 0x02, 0x74, 0xe2, 0x7b, 0xa1, 0x8b, 0x61, 0x9b, 0x20, 0xb3,
    0x00, 0xc3, 0xc0, 0xda, 0x00, 0xeb, 0x61, 0xeb, 0x80, 0xeb, 0xa0, 0xeb,
    0xa0, 0xeb, 0xa0, 0xf3, 0xa0, 0xeb, 0xc0, 0xeb, 0xc0, 0xf3, 0xc0, 0xeb,
    0xa0, 0xeb, 0x80, 0xf3, 0xa0, 0xf3, 0xa0, 0xeb, 0xc0, 0xf3, 0xc0, 0xf3,
    0xc0, 0xf3, 0xc0, 0xf3, 0xc0, 0xeb, 0xc0, 0xf3, 0xa0, 0xf3, 0xc0, 0xeb,
    0xa0, 0xf3, 0xa0, 0xf3, 0xa0, 0xf3, 0x21, 0xf5, 0x61, 0xf5, 0x41, 0xf5,
    0x81, 0xfd, 0xe2, 0xfd, 0xe3, 0xfd, 0x03, 0xfe, 0x23, 0xfe, 0x24, 0xfe,
    0x45, 0xfe, 0x65, 0xfe, 0x86, 0xfe, 0x86, 0xfe, 0xa6, 0xfe, 0xa6, 0xfe,
    0xa6, 0xfe, 0xa6, 0xfe, 0xa6, 0xfe, 0xa6, 0xfe, 0xa6, 0xfe, 0xa6, 0xfe,
    0xa6, 0xfe, 0x85, 0xfe, 0xa6, 0xfe, 0xa6, 0xfe, 0xa6, 0xfe, 0x85, 0xfe,
    0x24, 0xfe, 0xe0, 0xfc, 0x20, 0xfd, 0x40, 0xfd, 0x20, 0xfd, 0x20, 0xfd,
    0x20, 0xfd, 0x00, 0xfd, 0x00, 0xfd, 0x00, 0xfd, 0xe0, 0xfc, 0xc0, 0xfc,
    0xc0, 0xf4, 0xa0, 0xfc, 0x80, 0xf4, 0x40, 0xf4, 0x40, 0xf4, 0x80, 0xfc,
    0x80, 0xfc, 0xa0, 0xfc, 0xa0, 0xfc, 0xa0, 0xf4, 0xa0, 0xf4, 0xa0, 0xfc,
    0xa0, 0xf4, 0xa0, 0xfc, 0xc0, 0xfc, 0xe0, 0xfc, 0xe0, 0xfc, 0x00, 0xfd,
    0x00, 0xfd, 0xe0, 0xfc, 0xe0, 0xfc, 0xc0, 0xfc, 0xc0, 0xfc, 0xc0, 0xfc,
    0xa0, 0xf4, 0x80, 0xf4, 0x60, 0xfc, 0x60, 0xfc, 0x40, 0xf4, 0x40, 0xfc,
    0x20, 0xf4, 0x00, 0xfc, 0x00, 0xf4, 0xe0, 0xf3, 0xc0, 0xf3, 0xa0, 0xf3,
    0x60, 0xeb, 0x40, 0xeb, 0x00, 0xe3, 0x00, 0xdb, 0xe1, 0x7b, 0x62, 0x64,
    0x62, 0x6c, 0x61, 0x64, 0x42, 0x6c, 0x41, 0x64, 0x62, 0x64, 0x41, 0x64,
    0x42, 0x64, 0x62, 0x64, 0x41, 0x64, 0x41, 0x64, 0x42, 0x64, 0x41, 0x64,
    0x41, 0x5c, 0x42, 0x5c, 0x41, 0x64, 0x41, 0x5c, 0x41, 0x5c, 0x41, 0x5c,
    0x41, 0x5c, 0x41, 0x5c, 0x41, 0x5c, 0x41, 0x64, 0x42, 0x64, 0x41, 0x5c,
    0x41, 0x5c, 0x41, 0x5c, 0x41, 0x5c, 0x21, 0x5c, 0x21, 0x5c, 0x21, 0x5c,
    0x21, 0x5c, 0x21, 0x5c, 0x41, 0x5c, 0x21, 0x5c, 0x21, 0x54, 0x41, 0x5c,
    0x41, 0x5c, 0x41, 0x5c, 0x41, 0x5c, 0x21, 0x5c, 0x21, 0x54, 0x21, 0x5c,
    0x21, 0x54, 0x21, 0x5c, 0x01, 0x54, 0x21, 0x5c, 0x21, 0x54, 0x01, 0x5c,
    0x23, 0x8c, 0x22, 0x8c, 0x02, 0x8c, 0x03, 0x8c, 0x22, 0x8c, 0x22, 0x8c,
    0x23, 0x8c, 0x23, 0x8c, 0x22, 0x8c, 0x23, 0x8c, 0x22, 0x8c, 0x23, 0x8c,
    0x23, 0x8c, 0x22, 0x8c, 0x23, 0x8c, 0x22, 0x8c, 0x23, 0x8c, 0x43, 0x94,
    0x22, 0x8c, 0x23, 0x8c, 0x43, 0x94, 0x23, 0x94, 0x42, 0x8c, 0x43, 0x94,
    0x21, 0x5a, 0x80, 0x59, 0x60, 0x51, 0x00, 0x41, 0xe0, 0x38, 0x00, 0x41,
    0x40, 0x51, 0xc0, 0x61, 0x60, 0x7a, 0xe1, 0x92, 0x40, 0xa3, 0x80, 0xab,
    0xa0, 0xab, 0xc1, 0xb3, 0xc0, 0xbb, 0x60, 0xa3, 0x41, 0xa3, 0x20, 0xa3,
    0x20, 0x9b, 0x00, 0x9b, 0x00, 0x93, 0xe1, 0x92, 0xc0, 0x8a, 0xc0, 0x92,
    0xc0, 0x8a, 0xc0, 0x8a, 0xa0, 0x8a, 0xa0, 0x8a, 0xa0, 0x8a, 0xa0, 0x8a,
    0x80, 0x8a, 0x80, 0x8a, 0x80, 0x82, 0x60, 0x82, 0x20, 0x7a, 0x00, 0x72,
    0xc0, 0x69, 0x80, 0x59, 0x40, 0x51, 0x00, 0x41, 0xe0, 0x40, 0x00, 0x41,
    0x20, 0x49, 0x60, 0x59, 0x40, 0x49, 0x62, 0x6b, 0x42, 0x6c, 0x42, 0x6c,
    0x42, 0x6c, 0x42, 0x6c, 0x42, 0x6c, 0x42, 0x6c, 0x62, 0x6c, 0x62, 0x6c,
    0x62, 0x74, 0x42, 0x74, 0x62, 0x74, 0x62, 0x6c, 0x62, 0x6c, 0x82, 0x6c,
    0x82, 0x6c, 0x22, 0x74, 0x41, 0xb3, 0x00, 0xe3, 0x40, 0xeb, 0x40, 0xeb,
    0x60, 0xeb, 0x80, 0xeb, 0x80, 0xeb, 0x80, 0xeb, 0x80, 0xeb, 0x80, 0xeb,
    0x60, 0xeb, 0x80, 0xeb, 0xa0, 0xf3, 0xa0, 0xf3, 0xa0, 0xeb, 0xa0, 0xeb,
    0xc0, 0xf3, 0xc0, 0xeb, 0xc0, 0xf3, 0xc0, 0xf3, 0xa0, 0xf3, 0xa0, 0xeb,
    0xa0, 0xf3, 0xa0, 0xeb, 0x60, 0xf4, 0x61, 0xf5, 0x81, 0xfd, 0x81, 0xf5,
    0x41, 0xf5, 0xa2, 0xfd, 0x03, 0xfe, 0x24, 0xfe, 0x44, 0xfe, 0x65, 0xfe,
    0x85, 0xfe, 0x86, 0xfe, 0xa6, 0xfe, 0xa6, 0xfe, 0xa6, 0xfe, 0xa6, 0xfe,
    0xa7, 0xfe, 0xc6, 0xfe, 0xa6, 0xfe, 0xa6, 0xfe, 0xa6, 0xfe, 0xa6, 0xfe,
    0xa5, 0xfe, 0xa6, 0xfe, 0xa6, 0xfe, 0xa5, 0xfe, 0x85, 0xfe, 0x85, 0xfe,
    0x24, 0xfe, 0x00, 0xfd, 0x20, 0xfd, 0x20, 0xfd, 0x40, 0xfd, 0x20, 0xfd,
    0x20, 0xfd, 0x20, 0xfd, 0x20, 0xfd, 0x00, 0xfd, 0xe0, 0xfc, 0xc0, 0xf4,
    0xc0, 0xfc, 0xa0, 0xfc, 0x80, 0xfc, 0x20, 0xf4, 0x00, 0xf4, 0x40, 0xfc,
    0x40, 0xf4, 0x60, 0xf4, 0x80, 0xfc, 0x80, 0xfc, 0x80, 0xf4, 0x80, 0xfc,
    0x80, 0xfc, 0xa0, 0xf4, 0xa0, 0xfc, 0xc0, 0xfc, 0xe0, 0xfc, 0xe0, 0xfc,
    0xc0, 0xfc, 0xc0, 0xfc, 0xc0, 0xf4, 0x80, 0xf4, 0x00, 0xf4, 0x00, 0xf4,
    0x00, 0xf4, 0x40, 0xfc, 0x40, 0xf4, 0x20, 0xf4, 0x00, 0xf4, 0x00, 0xf4,
    0x00, 0xf4, 0xe0, 0xf3, 0xe0, 0xf3, 0xc0, 0xf3, 0xa0, 0xf3, 0xa0, 0xeb,
    0x60, 0xeb, 0x20, 0xeb, 0xc0, 0xe2, 0x61, 0x9b, 0x42, 0x64, 0x41, 0x6c,
    0x62, 0x64, 0x61, 0x64, 0x42, 0x6c, 0x42, 0x6c, 0x61, 0x64, 0x61, 0x64,
    0x41, 0x64, 0x41, 0x64, 0x41, 0x64, 0x42, 0x64, 0x41, 0x5c, 0x41, 0x5c,
    0x41, 0x5c, 0x21, 0x5c, 0x21, 0x5c, 0x21, 0x5c, 0x21, 0x54, 0x21, 0x54,
    0x21, 0x5c, 0x21, 0x5c, 0x41, 0x5c, 0x41, 0x5c, 0x41, 0x5c, 0x42, 0x64,
    0x41, 0x5c, 0x42, 0x5c, 0x42, 0x5c, 0x41, 0x5c, 0x41, 0x5c, 0x41, 0x5c,
    0x41, 0x5c, 0x41, 0x5c, 0x41, 0x5c, 0x22, 0x5c, 0x21, 0x5c, 0x41, 0x5c,
    0x41, 0x5c, 0x21, 0x5c, 0x21, 0x5c, 0x41, 0x5c, 0x21, 0x5c, 0x21, 0x5c,
    0x21, 0x5c, 0x21, 0x5c, 0x01, 0x5c, 0x01, 0x5c, 0x21, 0x5c, 0x21, 0x54,
    0x02, 0x84, 0x23, 0x8c, 0x22, 0x84, 0x23, 0x8c, 0x22, 0x8c, 0x22, 0x8c,
    0x23, 0x8c, 0x23, 0x8c, 0x22, 0x8c, 0x43, 0x8c, 0x22, 0x8c, 0x43, 0x8c,
    0x42, 0x8c, 0x22, 0x8c, 0x23, 0x8c, 0x42, 0x8c, 0x23, 0x94, 0x23, 0x94,
    0x42, 0x94, 0x43, 0x8c, 0x43, 0x94, 0x42, 0x94, 0x43, 0x94, 0x43, 0x8c,
    0x01, 0x5a, 0xa0, 0x61, 0xa0, 0x61, 0xa0, 0x61, 0x80, 0x59, 0x40, 0x51,
    0x20, 0x49, 0x00, 0x41, 0x00, 0x41, 0xe0, 0x40, 0x00, 0x41, 0x20, 0x49,
    0x60, 0x51, 0xa0, 0x59, 0x00, 0x6a, 0x80, 0x82, 0xc0, 0x8a, 0x00, 0x93,
    0x00, 0x9b, 0x21, 0x9b, 0x00, 0x9b, 0x40, 0xa3, 0x21, 0xa3, 0x00, 0x9b,
    0x01, 0x9b, 0xe1, 0x92, 0xa0, 0x8a, 0x60, 0x82, 0x20, 0x72, 0xe0, 0x61,
    0x80, 0x59, 0x60, 0x51, 0x20, 0x49, 0x01, 0x41, 0x00, 0x41, 0x00, 0x41,
    0x00, 0x41, 0x20, 0x49, 0x20, 0x49, 0x40, 0x51, 0x60, 0x59, 0x80, 0x59,
    0x80, 0x59, 0x80, 0x59, 0x41, 0x49, 0x62, 0x63, 0x22, 0x74, 0x22, 0x74,
    0x42, 0x6c, 0x42, 0x6c, 0x42, 0x6c, 0x62, 0x74, 0x62, 0x6c, 0x62, 0x6c,
    0x62, 0x74, 0x42, 0x6c, 0x62, 0x74, 0x62, 0x74, 0x62, 0x74, 0x62, 0x74,
    0x82, 0x7c, 0x62, 0x84, 0x21, 0x7c, 0x21, 0xb3, 0xc0, 0xea, 0x20, 0xe3,
    0x40, 0xe3, 0x41, 0xe3, 0x40, 0xe3, 0x40, 0xeb, 0x20, 0xeb, 0x40, 0xeb,
    0x60, 0xeb, 0x60, 0xeb, 0x80, 0xeb, 0x80, 0xeb, 0xa0, 0xeb, 0xa0, 0xf3,
    0xa0, 0xf3, 0xa0, 0xeb, 0xa0, 0xf3, 0xa0, 0xf3, 0xa0, 0xeb, 0xa0, 0xeb,
    0xa0, 0xf3, 0xc0, 0xeb, 0x01, 0xf5, 0x81, 0xfd, 0x81, 0xfd, 0xc2, 0xfd,
    0xc2, 0xfd, 0x81, 0xfd, 0xa1, 0xfd, 0x03, 0xfe, 0x65, 0xfe, 0x85, 0xfe,
    0xa6, 0xfe, 0xa6, 0xfe, 0xc6, 0xfe, 0xa7, 0xfe, 0xa6, 0xfe, 0xa7, 0xfe,
    0xa6, 0xfe, 0xc6, 0xfe, 0xc7, 0xfe, 0xc6, 0xfe, 0xa6, 0xfe, 0xa6, 0xfe,
    0xa5, 0xfe, 0xa6, 0xfe, 0xa6, 0xfe, 0xa5, 0xfe, 0x85, 0xfe, 0xa5, 0xfe,
    0x04, 0xfe, 0x00, 0xfd, 0x20, 0xfd, 0x20, 0xfd, 0x40, 0xfd, 0x40, 0xfd,
    0x20, 0xfd, 0x20, 0xfd, 0x00, 0xfd, 0x00, 0xfd, 0x00, 0xfd, 0xe0, 0xfc,
    0xc0, 0xfc, 0xa0, 0xf4, 0x80, 0xfc, 0x40, 0xf4, 0xe0, 0xf3, 0x00, 0xf4,
    0x00, 0xf4, 0x20, 0xf4, 0x40, 0xf4, 0x40, 0xf4, 0x60, 0xfc, 0x60, 0xf4,
    0x60, 0xfc, 0x60, 0xf4, 0xa0, 0xf4, 0xa0, 0xfc, 0xa0, 0xfc, 0xa0, 0xf4,
    0xc0, 0xfc, 0xa0, 0xfc, 0x80, 0xf4, 0x20, 0xf4, 0xe0, 0xf3, 0xe0, 0xf3,
    0xc0, 0xf3, 0xe0, 0xf3, 0xe0, 0xf3, 0x00, 0xf4, 0x00, 0xfc, 0x00, 0xf4,
    0xe0, 0xf3, 0xc0, 0xf3, 0xc0, 0xf3, 0xa0, 0xf3, 0x80, 0xeb, 0x60, 0xeb,
    0x20, 0xeb, 0x00, 0xeb, 0x01, 0xc3, 0x22, 0x6c, 0x42, 0x6c, 0x62, 0x64,
    0x62, 0x6c, 0x62, 0x6c, 0x41, 0x64, 0x42, 0x64, 0x42, 0x6c, 0x42, 0x64,
    0x41, 0x64, 0x42, 0x64, 0x62, 0x64, 0x42, 0x64, 0x41, 0x64, 0x41, 0x5c,
    0x21, 0x5c, 0x01, 0x54, 0x01, 0x54, 0x01, 0x54, 0x01, 0x54, 0x01, 0x4c,
    0x21, 0x54, 0x21, 0x54, 0x41, 0x5c, 0x41, 0x5c, 0x41, 0x5c, 0x41, 0x64,
    0x41, 0x5c, 0x41, 0x5c, 0x41, 0x5c, 0x41, 0x5c, 0x21, 0x5c, 0x42, 0x5c,
    0x21, 0x5c, 0x21, 0x5c, 0x41, 0x5c, 0x41, 0x5c, 0x41, 0x5c, 0x41, 0x5c,
    0x21, 0x5c, 0x21, 0x5c, 0x41, 0x5c, 0x41, 0x5c, 0x21, 0x5c, 0x21, 0x5c,
    0x21, 0x5c, 0x21, 0x54, 0x01, 0x54, 0x01, 0x5c, 0x01, 0x54, 0xe1, 0x5b,
    0x02, 0x8c, 0x02, 0x8c, 0x23, 0x8c, 0x22, 0x8c, 0x23, 0x8c, 0x23, 0x8c,
    0x22, 0x8c, 0x23, 0x8c, 0x43, 0x8c, 0x42, 0x8c, 0x23, 0x8c, 0x23, 0x8c,
    0x22, 0x8c, 0x43, 0x8c, 0x43, 0x8c, 0x43, 0x94, 0x42, 0x8c, 0x43, 0x8c,
    0x43, 0x8c, 0x43, 0x94, 0x42, 0x8c, 0x43, 0x94, 0x43, 0x94, 0x22, 0x8c,
    0xc1, 0x59, 0x00, 0x6a, 0xc0, 0x69, 0xa0, 0x61, 0xa0, 0x61, 0xa0, 0x61,
    0x80, 0x61, 0x60, 0x59, 0x41, 0x49, 0x40, 0x49, 0x40, 0x51, 0x20, 0x49,
    0x20, 0x49, 0x00, 0x49, 0x00, 0x41, 0xe0, 0x40, 0xc0, 0x40, 0xe0, 0x38,
    0xe0, 0x38, 0xc0, 0x38, 0xe0, 0x38, 0xc0, 0x38, 0xc0, 0x38, 0xc0, 0x38,
    0xc0, 0x38, 0xe0, 0x38, 0xe0, 0x38, 0xe0, 0x38, 0xe0, 0x40, 0xe0, 0x40,
    0x00, 0x41, 0x20, 0x41, 0x20, 0x49, 0x40, 0x51, 0x40, 0x51, 0x00, 0x49,
    0x60, 0x59, 0x60, 0x59, 0x60, 0x59, 0x80, 0x59, 0x60, 0x59, 0x80, 0x61,
    0xa0, 0x61, 0xa0, 0x61, 0x40, 0x51, 0xe2, 0x5a, 0x42, 0x74, 0x43, 0x74,
    0x43, 0x74, 0x42, 0x74, 0x42, 0x6c, 0x62, 0x74, 0x62, 0x74, 0x62, 0x74,
    0x62, 0x74, 0x62, 0x74, 0x62, 0x74, 0x62, 0x74, 0x62, 0x74, 0x62, 0x74,
    0x62, 0x74, 0x62, 0x74, 0x62, 0x7c, 0x62, 0x74, 0xc1, 0x8b, 0x01, 0xc3,
    0xe0, 0xda, 0xe0, 0xe2, 0xe1, 0xe2, 0xc0, 0xe2, 0x00, 0xe3, 0x20, 0xeb,
    0x60, 0xeb, 0x60, 0xeb, 0x80, 0xeb, 0xa0, 0xeb, 0xa0, 0xf3, 0xc0, 0xf3,
    0xc0, 0xeb, 0xa0, 0xf3, 0xa0, 0xeb, 0xa0, 0xf3, 0xa0, 0xf3, 0xa0, 0xeb,
    0x80, 0xeb, 0x00, 0xf4, 0x81, 0xfd, 0x81, 0xf5, 0xa2, 0xfd, 0xc2, 0xfd,
    0x03, 0xfe, 0x23, 0xfe, 0x03, 0xfe, 0xe2, 0xfd, 0x03, 0xfe, 0x44, 0xfe,
    0xa6, 0xfe, 0xc6, 0xfe, 0xc7, 0xfe, 0xc7, 0xfe, 0xc6, 0xfe, 0xc7, 0xfe,
    0xc6, 0xfe, 0xa6, 0xfe, 0xa6, 0xfe, 0xa6, 0xfe, 0xa6, 0xfe, 0xa6, 0xfe,
    0xa6, 0xfe, 0xa5, 0xfe, 0xa5, 0xfe, 0x86, 0xfe, 0xa5, 0xfe, 0x85, 0xfe,
    0x03, 0xfe, 0xe0, 0xfc, 0x00, 0xfd, 0x40, 0xfd, 0x40, 0xfd, 0x20, 0xfd,
    0x20, 0xfd, 0x20, 0xfd, 0x00, 0xfd, 0xe0, 0xfc, 0xe0, 0xfc, 0xc0, 0xfc,
    0xa0, 0xfc, 0xa0, 0xfc, 0x80, 0xf4, 0x60, 0xfc, 0x00, 0xf4, 0xc0, 0xf3,
    0xc0, 0xf3, 0x00, 0xf4, 0x00, 0xf4, 0x20, 0xf4, 0x20, 0xf4, 0x20, 0xf4,
    0x40, 0xf4, 0x40, 0xf4, 0x60, 0xf4, 0x60, 0xfc, 0x80, 0xf4, 0x80, 0xf4,
    0x80, 0xf4, 0x60, 0xf4, 0x20, 0xf4, 0xc0, 0xf3, 0xc0, 0xf3, 0xc0, 0xf3,
    0xc0, 0xf3, 0xc0, 0xf3, 0xc0, 0xf3, 0xc0, 0xf3, 0xc0, 0xf3, 0xc0, 0xf3,
    0xa0, 0xf3, 0xa0, 0xf3, 0x80, 0xeb, 0x80, 0xeb, 0x40, 0xeb, 0x20, 0xeb,
    0x00, 0xe3, 0xe0, 0xd2, 0x01, 0x74, 0x42, 0x6c, 0x42, 0x6c, 0x41, 0x64,
    0x42, 0x6c, 0x41, 0x6c, 0x42, 0x6c, 0x42, 0x6c, 0x42, 0x64, 0x42, 0x64,
    0x41, 0x64, 0x21, 0x64, 0x21, 0x5c, 0x42, 0x5c, 0x42, 0x64, 0x42, 0x5c,
    0x21, 0x54, 0x01, 0x4c, 0x01, 0x4c, 0xe1, 0x4b, 0x01, 0x4c, 0x01, 0x4c,
    0x01, 0x54, 0x21, 0x54, 0x21, 0x54, 0x21, 0x5c, 0x41, 0x5c, 0x41, 0x5c,
    0x41, 0x5c, 0x41, 0x5c, 0x41, 0x5c, 0x41, 0x5c, 0x42, 0x5c, 0x41, 0x5c,
    0x41, 0x5c, 0x21, 0x5c, 0x21, 0x5c, 0x41, 0x5c, 0x21, 0x5c, 0x41, 0x5c,
    0x21, 0x5c, 0x21, 0x5c, 0x42, 0x5c, 0x21, 0x5c, 0x22, 0x5c, 0x21, 0x5c,
    0x21, 0x5c, 0x01, 0x5c, 0x01, 0x54, 0x01, 0x54, 0xe1, 0x6b, 0xa0, 0xd3,
    0x22, 0x8c, 0x23, 0x8c, 0x02, 0x8c, 0x22, 0x8c, 0x23, 0x8c, 0x23, 0x8c,
    0x22, 0x8c, 0x23, 0x8c, 0x43, 0x8c, 0x22, 0x8c, 0x43, 0x8c, 0x23, 0x8c,
    0x23, 0x8c, 0x42, 0x8c, 0x23, 0x8c, 0x23, 0x8c, 0x42, 0x94, 0x43, 0x8c,
    0x22, 0x8c, 0x42, 0x94, 0x43, 0x94, 0x43, 0x8c, 0x43, 0x8c, 0xa2, 0x7b,
    0xa0, 0x61, 0x40, 0x7a, 0x20, 0x72, 0x00, 0x72, 0xe0, 0x71, 0xc0, 0x69,
    0xc0, 0x61, 0xa0, 0x61, 0x40, 0x49, 0x60, 0x51, 0x00, 0x72, 0xe0, 0x69,
    0xc0, 0x61, 0xa0, 0x61, 0x81, 0x59, 0xa0, 0x61, 0xa0, 0x61, 0x80, 0x59,
    0x60, 0x59, 0x60, 0x59, 0x60, 0x59, 0x60, 0x59, 0x60, 0x51, 0x60, 0x59,
    0x60, 0x59, 0x60, 0x59, 0x60, 0x59, 0x60, 0x59, 0x60, 0x59, 0x80, 0x61,
    0x81, 0x61, 0x80, 0x61, 0x80, 0x61, 0xa0, 0x61, 0x80, 0x59, 0x20, 0x49,
    0x40, 0x51, 0x80, 0x59, 0x80, 0x59, 0x80, 0x59, 0x60, 0x59, 0x80, 0x61,
    0xa0, 0x61, 0xa0, 0x59, 0x60, 0x59, 0x61, 0x52, 0x42, 0x74, 0x42, 0x74,
    0x42, 0x74, 0x42, 0x74, 0x42, 0x74, 0x62, 0x6c, 0x62, 0x74, 0x62, 0x74,
    0x42, 0x74, 0x62, 0x74, 0x62, 0x74, 0x62, 0x74, 0x62, 0x74, 0x62, 0x74,
    0x62, 0x74, 0x62, 0x74, 0x62, 0x74, 0x62, 0x74, 0x82, 0x74, 0x82, 0x74,
    0x82, 0x6c, 0x42, 0x74, 0x41, 0x74, 0xc1, 0x9b, 0x20, 0xe3, 0x60, 0xeb,
    0x60, 0xeb, 0x60, 0xeb, 0x80, 0xeb, 0x80, 0xf3, 0x80, 0xeb, 0xa0, 0xeb,
    0xa0, 0xeb, 0x80, 0xf3, 0xa0, 0xeb, 0x80, 0xeb, 0x80, 0xf3, 0x80, 0xeb,
    0x80, 0xeb, 0xa0, 0xf4, 0x61, 0xfd, 0xa1, 0xf5, 0xa2, 0xfd, 0xc2, 0xfd,
    0x03, 0xfe, 0x24, 0xfe, 0x65, 0xfe, 0x85, 0xfe, 0x64, 0xfe, 0x23, 0xfe,
    0x03, 0xfe, 0x23, 0xfe, 0x65, 0xfe, 0x85, 0xfe, 0xa6, 0xfe, 0xc7, 0xfe,
    0xc7, 0xfe, 0xc7, 0xfe, 0xc6, 0xfe, 0xa6, 0xfe, 0xa6, 0xfe, 0xa6, 0xfe,
    0xa6, 0xfe, 0xa6, 0xfe, 0x85, 0xfe, 0x65, 0xfe, 0x44, 0xfe, 0x02, 0xfe,
    0xa2, 0xfd, 0x00, 0xfd, 0x20, 0xfd, 0x20, 0xfd, 0x20, 0xfd, 0x20, 0xfd,
    0x20, 0xfd, 0x00, 0xfd, 0x00, 0xfd, 0x00, 0xfd, 0xe0, 0xfc, 0xc0, 0xf4,
    0xa0, 0xfc, 0x80, 0xfc, 0x60, 0xfc, 0x60, 0xf4, 0x40, 0xf4, 0xa0, 0xf3,
    0x80, 0xf3, 0xa0, 0xf3, 0xc0, 0xf3, 0xe0, 0xf3, 0x00, 0xf4, 0x00, 0xf4,
    0x00, 0xf4, 0x20, 0xf4, 0x20, 0xf4, 0x20, 0xf4, 0x40, 0xf4, 0x40, 0xfc,
    0x20, 0xf4, 0x20, 0xf4, 0x00, 0xf4, 0xc0, 0xf3, 0xc0, 0xf3, 0xa0, 0xf3,
    0xa0, 0xf3, 0xa0, 0xf3, 0xa0, 0xf3, 0xa0, 0xf3, 0xa0, 0xf3, 0xa0, 0xeb,
    0x80, 0xf3, 0x60, 0xeb, 0x60, 0xeb, 0x40, 0xeb, 0x20, 0xeb, 0x00, 0xeb,
    0xe1, 0xd2, 0xc1, 0x7b, 0x22, 0x6c, 0x22, 0x6c, 0x22, 0x6c, 0x42, 0x6c,
    0x22, 0x6c, 0x22, 0x6c, 0x22, 0x64, 0x22, 0x64, 0x21, 0x64, 0x22, 0x64,
    0x22, 0x64, 0x01, 0x5c, 0x01, 0x54, 0x01, 0x54, 0x21, 0x5c, 0x21, 0x54,
    0x21, 0x54, 0x01, 0x4c, 0x01, 0x4c, 0x01, 0x4c, 0x01, 0x4c, 0xe1, 0x4b,
    0x01, 0x4c, 0x01, 0x54, 0x01, 0x54, 0x21, 0x54, 0x41, 0x5c, 0x21, 0x5c,
    0x21, 0x5c, 0x41, 0x5c, 0x21, 0x5c, 0x21, 0x5c, 0x41, 0x5c, 0x21, 0x5c,
    0x41, 0x5c, 0x42, 0x5c, 0x22, 0x5c, 0x41, 0x5c, 0x21, 0x5c, 0x22, 0x5c,
    0x21, 0x5c, 0x21, 0x5c, 0x21, 0x5c, 0x21, 0x5c, 0x21, 0x5c, 0x22, 0x5c,
    0x22, 0x5c, 0x21, 0x5c, 0x21, 0x5c, 0xe1, 0x5b, 0xc0, 0xbb, 0xe0, 0xf3,
    0x02, 0x84, 0x23, 0x84, 0x23, 0x84, 0x22, 0x84, 0x22, 0x84, 0x23, 0x84,
    0x22, 0x84, 0x22, 0x84, 0x43, 0x84, 0x22, 0x84, 0x42, 0x8c, 0x42, 0x8c,
    0x43, 0x8c, 0x42, 0x8c, 0x42, 0x8c, 0x43, 0x8c, 0x43, 0x8c, 0x42, 0x8c,
    0x43, 0x94, 0x42, 0x8c, 0x42, 0x8c, 0x42, 0x8c, 0x62, 0x94, 0xc1, 0x6a,
    0xe0, 0x69, 0x20, 0x7a, 0x20, 0x7a, 0x20, 0x7a, 0x20, 0x7a, 0x20, 0x7a,
    0x20, 0x7a, 0x00, 0x72, 0x20, 0x49, 0xc0, 0x61, 0x60, 0x82, 0x20, 0x72,
    0x00, 0x72, 0x00, 0x72, 0x00, 0x72, 0xc0, 0x69, 0xc0, 0x69, 0xc0, 0x69,
    0xc0, 0x69, 0xc0, 0x69, 0xc0, 0x69, 0xc0, 0x69, 0xc0, 0x61, 0xc0, 0x61,
    0xa0, 0x61, 0xa0, 0x61, 0xc0, 0x69, 0xa0, 0x61, 0xa0, 0x61, 0xa0, 0x61,
    0xc0, 0x61, 0xa0, 0x61, 0xa0, 0x61, 0xa0, 0x61, 0xa0, 0x61, 0x40, 0x49,
    0x40, 0x51, 0x80, 0x61, 0x60, 0x59, 0x80, 0x59, 0x80, 0x61, 0x80, 0x59,
    0x80, 0x61, 0xa0, 0x61, 0xa0, 0x61, 0xc1, 0x51, 0x02, 0x6c, 0x42, 0x74,
    0x42, 0x74, 0x42, 0x74, 0x62, 0x74, 0x62, 0x74, 0x42, 0x7c, 0x62, 0x74,
    0x62, 0x74, 0x42, 0x74, 0x62, 0x74, 0x42, 0x74, 0x61, 0x74, 0x62, 0x7c,
    0x61, 0x74, 0x62, 0x74, 0x62, 0x74, 0x82, 0x7c, 0x82, 0x7c, 0x62, 0x74,
    0x82, 0x7c, 0x82, 0x7c, 0x82, 0x7c, 0x62, 0x7c, 0x41, 0xb3, 0x20, 0xeb,
    0x60, 0xeb, 0x60, 0xeb, 0x80, 0xeb, 0x80, 0xeb, 0x80, 0xeb, 0x80, 0xeb,
    0x80, 0xf3, 0x80, 0xf3, 0x80, 0xeb, 0x80, 0xeb, 0x60, 0xeb, 0x60, 0xeb,
    0xa0, 0xeb, 0x21, 0xf5, 0x81, 0xfd, 0xa1, 0xfd, 0xc2, 0xfd, 0xe2, 0xfd,
    0x23, 0xfe, 0x44, 0xfe, 0x65, 0xfe, 0x86, 0xfe, 0xa6, 0xfe, 0xa6, 0xfe,
    0x86, 0xfe, 0x64, 0xfe, 0x23, 0xfe, 0x23, 0xfe, 0x23, 0xfe, 0x23, 0xfe,
    0x23, 0xfe, 0x44, 0xfe, 0x44, 0xfe, 0x44, 0xfe, 0x44, 0xfe, 0x43, 0xfe,
    0x23, 0xfe, 0x03, 0xfe, 0xe2, 0xfd, 0xe2, 0xfd, 0x02, 0xfe, 0x44, 0xfe,
    0xe3, 0xfd, 0xe0, 0xfc, 0x20, 0xfd, 0x20, 0xfd, 0x20, 0xfd, 0x20, 0xfd,
    0x20, 0xfd, 0x00, 0xfd, 0x00, 0xfd, 0x00, 0xfd, 0xe0, 0xf4, 0xc0, 0xfc,
    0xc0, 0xfc, 0xa0, 0xf4, 0x80, 0xfc, 0x60, 0xf4, 0x40, 0xf4, 0x00, 0xf4,
    0x80, 0xeb, 0x60, 0xeb, 0x80, 0xf3, 0xa0, 0xf3, 0xc0, 0xf3, 0xc0, 0xf3,
    0xc0, 0xf3, 0xe0, 0xf3, 0xe0, 0xf3, 0x00, 0xf4, 0xe0, 0xf3, 0x00, 0xf4,
    0x00, 0xf4, 0xe0, 0xf3, 0xe0, 0xf3, 0xc0, 0xf3, 0xa0, 0xf3, 0xa0, 0xf3,
    0x80, 0xf3, 0x80, 0xf3, 0x80, 0xeb, 0xa0, 0xf3, 0x80, 0xeb, 0x80, 0xeb,
    0x60, 0xeb, 0x60, 0xeb, 0x40, 0xeb, 0x20, 0xeb, 0xe0, 0xea, 0xe0, 0xc2,
    0xa1, 0x83, 0x02, 0x74, 0x02, 0x74, 0xe2, 0x73, 0x02, 0x6c, 0x02, 0x6c,
    0x02, 0x6c, 0x02, 0x6c, 0x02, 0x6c, 0x02, 0x64, 0x01, 0x64, 0x02, 0x64,
    0x01, 0x5c, 0xe1, 0x53, 0x01, 0x54, 0x01, 0x54, 0xe1, 0x53, 0xe1, 0x4b,
    0xe1, 0x4b, 0xe1, 0x4b, 0xe1, 0x4b, 0x01, 0x4c, 0x01, 0x4c, 0xe1, 0x4b,
    0x01, 0x4c, 0x01, 0x4c, 0x01, 0x54, 0x21, 0x54, 0x01, 0x54, 0x01, 0x54,
    0x21, 0x54, 0x21, 0x5c, 0x21, 0x5c, 0x42, 0x5c, 0x21, 0x5c, 0x21, 0x5c,
    0x21, 0x5c, 0x41, 0x5c, 0x21, 0x5c, 0x21, 0x5c, 0x21, 0x5c, 0x21, 0x5c,
    0x22, 0x5c, 0x21, 0x5c, 0x21, 0x5c, 0x22, 0x5c, 0x21, 0x5c, 0x01, 0x5c,
    0x01, 0x5c, 0x01, 0x5c, 0x01, 0x54, 0xc1, 0x83, 0xe0, 0xeb, 0x00, 0xf4,
    0x22, 0x84, 0x22, 0x7c, 0x22, 0x84, 0x22, 0x84, 0x22, 0x84, 0x42, 0x84,
    0x22, 0x84, 0x22, 0x84, 0x42, 0x7c, 0x22, 0x7c, 0x22, 0x7c, 0x22, 0x7c,
    0x42, 0x7c, 0x42, 0x7c, 0x42, 0x84, 0x42, 0x84, 0x43, 0x8c, 0x43, 0x8c,
    0x43, 0x8c, 0x23, 0x8c, 0x43, 0x8c, 0x42, 0x94, 0xe2, 0x83, 0xc1, 0x59,
    0x40, 0x7a, 0x40, 0x7a, 0x20, 0x7a, 0x40, 0x7a, 0x40, 0x7a, 0x20, 0x7a,
    0x40, 0x7a, 0x00, 0x6a, 0x40, 0x49, 0x61, 0x82, 0x80, 0x8a, 0x80, 0x8a,
    0x60, 0x82, 0x60, 0x82, 0x40, 0x82, 0x40, 0x7a, 0x20, 0x7a, 0x00, 0x72,
    0x00, 0x72, 0xe0, 0x71, 0xe0, 0x69, 0xe0, 0x69, 0xe0, 0x71, 0xc0, 0x69,
    0xe0, 0x69, 0xc0, 0x69, 0xe0, 0x69, 0xc0, 0x69, 0xe0, 0x69, 0xe0, 0x69,
    0xe0, 0x71, 0xe0, 0x71, 0x00, 0x72, 0xe0, 0x71, 0xe0, 0x71, 0x80, 0x59,
    0x20, 0x49, 0x80, 0x61, 0x80, 0x61, 0x80, 0x61, 0x80, 0x61, 0x80, 0x59,
    0xa0, 0x61, 0xa0, 0x61, 0xc0, 0x69, 0xa0, 0x59, 0xa1, 0x5a, 0x43, 0x7c,
    0x22, 0x7c, 0x43, 0x7c, 0x42, 0x7c, 0x62, 0x7c, 0x62, 0x74, 0x42, 0x74,
    0x62, 0x74, 0x42, 0x74, 0x62, 0x74, 0x62, 0x74, 0x62, 0x74, 0x62, 0x7c,
    0x62, 0x74, 0x62, 0x74, 0x61, 0x74, 0x62, 0x74, 0x62, 0x74, 0x82, 0x74,
    0x62, 0x7c, 0x82, 0x7c, 0x82, 0x7c, 0x82, 0x7c, 0x22, 0x7c, 0x21, 0xcb,
    0x40, 0xeb, 0x40, 0xeb, 0x60, 0xeb, 0x60, 0xeb, 0x60, 0xeb, 0x60, 0xeb,
    0x80, 0xeb, 0x80, 0xeb, 0x80, 0xf3, 0x60, 0xeb, 0x60, 0xeb, 0x40, 0xeb,
    0x01, 0xec, 0x61, 0xfd, 0x81, 0xfd, 0xa1, 0xf5, 0xc2, 0xfd, 0x03, 0xfe,
    0x24, 0xfe, 0x64, 0xfe, 0x65, 0xfe, 0x86, 0xfe, 0xa6, 0xfe, 0xa6, 0xfe,
    0xc7, 0xfe, 0xc7, 0xfe, 0xc7, 0xfe, 0xa6, 0xfe, 0x85, 0xfe, 0x65, 0xfe,
    0x44, 0xfe, 0x44, 0xfe, 0x23, 0xfe, 0x23, 0xfe, 0x23, 0xfe, 0x23, 0xfe,
    0x23, 0xfe, 0x44, 0xfe, 0x44, 0xfe, 0x64, 0xfe, 0x64, 0xfe, 0x64, 0xfe,
    0xe3, 0xfd, 0x00, 0xfd, 0x20, 0xfd, 0x20, 0xfd, 0x20, 0xfd, 0x20, 0xfd,
    0x20, 0xfd, 0x00, 0xfd, 0x00, 0xfd, 0xe0, 0xfc, 0xe0, 0xfc, 0xe0, 0xfc,
    0xc0, 0xfc, 0xa0, 0xf4, 0x80, 0xfc, 0x60, 0xfc, 0x40, 0xf4, 0x20, 0xf4,
    0xe0, 0xf3, 0x40, 0xeb, 0x20, 0xeb, 0x60, 0xeb, 0x80, 0xeb, 0x80, 0xeb,
    0xa0, 0xf3, 0xa0, 0xf3, 0xc0, 0xf3, 0xa0, 0xf3, 0xc0, 0xf3, 0xc0, 0xf3,
    0xc0, 0xf3, 0xa0, 0xf3, 0xa0, 0xf3, 0xa0, 0xf3, 0x80, 0xf3, 0x80, 0xeb,
    0x80, 0xeb, 0x80, 0xeb, 0x80, 0xeb, 0x60, 0xeb, 0x60, 0xeb, 0x40, 0xeb,
    0x40, 0xeb, 0x20, 0xeb, 0x00, 0xeb, 0xe0, 0xe2, 0x01, 0xb3, 0xe2, 0x73,
    0x02, 0x74, 0xe2, 0x73, 0xe2, 0x73, 0xe2, 0x73, 0xe2, 0x73, 0xe2, 0x73,
    0xe2, 0x73, 0x02, 0x6c, 0x02, 0x6c, 0x02, 0x6c, 0xe2, 0x63, 0xe1, 0x5b,
    0xe1, 0x5b, 0xe1, 0x53, 0xe2, 0x53, 0xe1, 0x53, 0xe1, 0x53, 0xe1, 0x53,
    0xe1, 0x4b, 0x01, 0x4c, 0x02, 0x54, 0xe1, 0x53, 0xe1, 0x4b, 0xe1, 0x53,
    0x01, 0x4c, 0x01, 0x4c, 0x01, 0x4c, 0x01, 0x4c, 0xe1, 0x4b, 0xe1, 0x4b,
    0x01, 0x54, 0x21, 0x54, 0x21, 0x54, 0x21, 0x54, 0x21, 0x5c, 0x21, 0x5c,
    0x21, 0x54, 0x21, 0x54, 0x21, 0x5c, 0x21, 0x54, 0x21, 0x54, 0x21, 0x54,
    0x21, 0x5c, 0x21, 0x5c, 0x22, 0x5c, 0x21, 0x5c, 0x01, 0x5c, 0x01, 0x5c,
    0x01, 0x5c, 0x01, 0x5c, 0xc1, 0x63, 0xa0, 0xcb, 0xe0, 0xf3, 0x00, 0xf4,
    0x22, 0x7c, 0x22, 0x7c, 0x22, 0x84, 0x22, 0x7c, 0x22, 0x7c, 0x42, 0x7c,
    0x42, 0x7c, 0x42, 0x7c, 0x42, 0x7c, 0x42, 0x7c, 0x42, 0x74, 0x42, 0x74,
    0x42, 0x7c, 0x42, 0x7c, 0x42, 0x7c, 0x42, 0x7c, 0x42, 0x84, 0x42, 0x8c,
    0x43, 0x8c, 0x43, 0x8c, 0x43, 0x94, 0x43, 0x94, 0xa1, 0x6a, 0xe0, 0x69,
    0x40, 0x7a, 0x40, 0x7a, 0x40, 0x7a, 0x40, 0x7a, 0x40, 0x7a, 0x41, 0x7a,
    0x40, 0x82, 0xc0, 0x61, 0xa0, 0x59, 0xe0, 0x92, 0xa0, 0x8a, 0xa0, 0x8a,
    0xa1, 0x8a, 0x80, 0x8a, 0x80, 0x8a, 0x80, 0x8a, 0x80, 0x82, 0x60, 0x82,
    0x41, 0x82, 0x40, 0x7a, 0x20, 0x7a, 0x20, 0x7a, 0x20, 0x7a, 0x00, 0x7a,
    0x00, 0x72, 0x00, 0x7a, 0x00, 0x72, 0x00, 0x72, 0x20, 0x7a, 0x20, 0x7a,
    0x00, 0x7a, 0x00, 0x72, 0x20, 0x72, 0x20, 0x7a, 0x00, 0x72, 0xc0, 0x69,
    0x21, 0x49, 0x80, 0x59, 0x80, 0x61, 0xa0, 0x61, 0x80, 0x61, 0x80, 0x61,
    0xa0, 0x61, 0xa0, 0x61, 0xa0, 0x61, 0xa0, 0x61, 0x81, 0x51, 0xc2, 0x6b,
    0x42, 0x7c, 0x42, 0x74, 0x42, 0x7c, 0x42, 0x7c, 0x62, 0x74, 0x62, 0x74,
    0x42, 0x74, 0x62, 0x74, 0x62, 0x74, 0x62, 0x74, 0x62, 0x74, 0x62, 0x74,
    0x61, 0x74, 0x62, 0x7c, 0x62, 0x74, 0x61, 0x74, 0x62, 0x74, 0x82, 0x74,
    0x82, 0x74, 0x82, 0x7c, 0x82, 0x7c, 0xa2, 0x7c, 0xa2, 0x7c, 0x01, 0x94,
    0x20, 0xe3, 0x40, 0xeb, 0x40, 0xeb, 0x60, 0xeb, 0x60, 0xeb, 0x60, 0xeb,
    0x60, 0xeb, 0x60, 0xeb, 0x60, 0xeb, 0x40, 0xeb, 0x40, 0xeb, 0x40, 0xeb,
    0xc0, 0xf4, 0x81, 0xf5, 0x81, 0xfd, 0xa2, 0xfd, 0xe2, 0xfd, 0x03, 0xfe,
    0x44, 0xfe, 0x65, 0xfe, 0x85, 0xfe, 0xa6, 0xfe, 0xa6, 0xfe, 0xa6, 0xfe,
    0xc7, 0xfe, 0xc6, 0xfe, 0xa6, 0xfe, 0xa6, 0xfe, 0xc7, 0xfe, 0xa7, 0xfe,
    0xc6, 0xfe, 0xc6, 0xfe, 0xa6, 0xfe, 0xa6, 0xfe, 0xa6, 0xfe, 0xa6, 0xfe,
    0xa6, 0xfe, 0xa5, 0xfe, 0x85, 0xfe, 0x85, 0xfe, 0x64, 0xfe, 0x64, 0xfe,
    0x03, 0xfe, 0xe0, 0xfc, 0x00, 0xfd, 0x20, 0xfd, 0x20, 0xfd, 0x00, 0xfd,
    0x00, 0xfd, 0x00, 0xfd, 0x00, 0xfd, 0x00, 0xfd, 0xe0, 0xfc, 0xc0, 0xfc,
    0xc0, 0xfc, 0xc0, 0xfc, 0xa0, 0xfc, 0x80, 0xf4, 0x60, 0xf4, 0x20, 0xf4,
    0x00, 0xf4, 0xa0, 0xf3, 0x40, 0xeb, 0x00, 0xe3, 0x20, 0xeb, 0x60, 0xeb,
    0x60, 0xeb, 0x60, 0xeb, 0x60, 0xeb, 0x80, 0xeb, 0x80, 0xeb, 0x80, 0xeb,
    0x80, 0xeb, 0x80, 0xeb, 0x80, 0xeb, 0x80, 0xeb, 0x60, 0xeb, 0x60, 0xeb,
    0x60, 0xeb, 0x40, 0xeb, 0x40, 0xeb, 0x40, 0xeb, 0x20, 0xeb, 0x20, 0xeb,
    0x00, 0xeb, 0x20, 0xeb, 0xa1, 0xda, 0x82, 0xb9, 0xa3, 0x8a, 0x22, 0x6c,
    0xe2, 0x73, 0xe2, 0x73, 0xe2, 0x73, 0xe2, 0x73, 0xe2, 0x73, 0xe2, 0x73,
    0xe2, 0x73, 0xe2, 0x6b, 0xc2, 0x6b, 0xe2, 0x6b, 0xc2, 0x63, 0xc2, 0x63,
    0xe2, 0x5b, 0xe1, 0x5b, 0xe2, 0x5b, 0xe2, 0x53, 0xe2, 0x53, 0x01, 0x54,
    0xe1, 0x53, 0x01, 0x54, 0x01, 0x54, 0x01, 0x54, 0x01, 0x54, 0x01, 0x54,
    0x01, 0x54, 0x01, 0x54, 0xe1, 0x4b, 0xe1, 0x4b, 0x01, 0x4c, 0x01, 0x54,
    0x01, 0x54, 0xe1, 0x53, 0x01, 0x54, 0x01, 0x54, 0x01, 0x54, 0x01, 0x54,
    0x01, 0x54, 0x01, 0x54, 0x01, 0x54, 0x01, 0x54, 0x01, 0x54, 0x01, 0x54,
    0x21, 0x54, 0x01, 0x5c, 0x02, 0x5c, 0x01, 0x5c, 0x01, 0x5c, 0x01, 0x5c,
    0x02, 0x5c, 0x01, 0x5c, 0xa1, 0x8b, 0xc0, 0xeb, 0x00, 0xf4, 0xe0, 0xf3,
    0x22, 0x7c, 0x22, 0x7c, 0x22, 0x7c, 0x22, 0x84, 0x43, 0x84, 0x22, 0x7c,
    0x22, 0x7c, 0x42, 0x7c, 0x42, 0x74, 0x42, 0x74, 0x42, 0x74, 0x42, 0x74,
    0x42, 0x74, 0x42, 0x7c, 0x42, 0x7c, 0x42, 0x7c, 0x42, 0x7c, 0x42, 0x84,
    0x42, 0x84, 0x42, 0x8c, 0x42, 0x8c, 0xc2, 0x7b, 0xc1, 0x59, 0x40, 0x7a,
    0x40, 0x7a, 0x40, 0x7a, 0x40, 0x7a, 0x40, 0x7a, 0x40, 0x7a, 0x40, 0x7a,
    0x40, 0x82, 0x80, 0x51, 0x40, 0x7a, 0xe0, 0x9a, 0xa0, 0x8a, 0xa0, 0x8a,
    0xa0, 0x8a, 0xa0, 0x8a, 0x80, 0x8a, 0x80, 0x8a, 0x80, 0x8a, 0x80, 0x8a,
    0x60, 0x82, 0x60, 0x82, 0x60, 0x82, 0x40, 0x7a, 0x20, 0x7a, 0x40, 0x7a,
    0x20, 0x7a, 0x20, 0x7a, 0x20, 0x7a, 0x40, 0x7a, 0x40, 0x82, 0x40, 0x82,
    0x60, 0x82, 0x40, 0x82, 0x40, 0x82, 0x40, 0x7a, 0x40, 0x7a, 0x20, 0x7a,
    0x40, 0x51, 0x60, 0x51, 0xa0, 0x61, 0xa0, 0x61, 0xa0, 0x61, 0x80, 0x61,
    0xa1, 0x61, 0xa0, 0x69, 0xc0, 0x69, 0xc0, 0x69, 0x80, 0x59, 0x41, 0x5a,
    0x63, 0x7c, 0x42, 0x74, 0x42, 0x7c, 0x62, 0x7c, 0x62, 0x74, 0x62, 0x74,
    0x42, 0x74, 0x62, 0x74, 0x62, 0x74, 0x62, 0x74, 0x62, 0x74, 0x62, 0x74,
    0x61, 0x74, 0x62, 0x74, 0x82, 0x74, 0x82, 0x7c, 0x62, 0x74, 0x82, 0x74,
    0x82, 0x74, 0x82, 0x7c, 0x82, 0x7c, 0x82, 0x7c, 0x82, 0x7c, 0x82, 0x7c,
    0xc1, 0x9b, 0x00, 0xe3, 0x20, 0xeb, 0x40, 0xeb, 0x60, 0xeb, 0x40, 0xeb,
    0x60, 0xeb, 0x40, 0xeb, 0x20, 0xeb, 0x20, 0xeb, 0x00, 0xe3, 0x80, 0xeb,
    0x61, 0xf5, 0x81, 0xf5, 0xa1, 0xfd, 0xc2, 0xf5, 0x03, 0xfe, 0x23, 0xfe,
    0x44, 0xfe, 0x65, 0xfe, 0x85, 0xfe, 0xa6, 0xfe, 0xa6, 0xfe, 0xa6, 0xfe,
    0xa6, 0xfe, 0xc6, 0xfe, 0xc6, 0xfe, 0xa6, 0xfe, 0xc7, 0xfe, 0xa6, 0xfe,
    0xa6, 0xfe, 0xc6, 0xfe, 0xc6, 0xfe, 0xa6, 0xfe, 0xa6, 0xfe, 0xa6, 0xfe,
    0xa5, 0xfe, 0x85, 0xfe, 0x85, 0xfe, 0x64, 0xfe, 0x64, 0xfe, 0x64, 0xfe,
    0xe3, 0xfd, 0xe0, 0xfc, 0x00, 0xfd, 0x00, 0xfd, 0x00, 0xfd, 0x00, 0xfd,
    0x00, 0xfd, 0x00, 0xfd, 0x00, 0xfd, 0xe0, 0xfc, 0xe0, 0xfc, 0xc0, 0xf4,
    0xc0, 0xfc, 0xc0, 0xf4, 0xa0, 0xfc, 0x80, 0xfc, 0x60, 0xfc, 0x20, 0xf4,
    0x00, 0xf4, 0xe0, 0xf3, 0x80, 0xeb, 0x20, 0xeb, 0xc0, 0xe2, 0xe0, 0xe2,
    0x20, 0xeb, 0x20, 0xeb, 0x20, 0xeb, 0x20, 0xeb, 0x20, 0xeb, 0x40, 0xeb,
    0x40, 0xeb, 0x40, 0xeb, 0x40, 0xeb, 0x40, 0xeb, 0x40, 0xeb, 0x20, 0xeb,
    0x00, 0xeb, 0x00, 0xeb, 0x00, 0xeb, 0x00, 0xeb, 0x00, 0xeb, 0x00, 0xe3,
    0xe0, 0xe2, 0xe2, 0xc1, 0xc3, 0xb0, 0xa3, 0xb0, 0xa3, 0xb8, 0xa3, 0xa1,
    0xc2, 0x73, 0xe2, 0x73, 0xe2, 0x73, 0xe2, 0x73, 0xe2, 0x73, 0xc2, 0x6b,
    0xe2, 0x6b, 0xe2, 0x73, 0xe2, 0x6b, 0xc2, 0x6b, 0xe2, 0x6b, 0xe2, 0x63,
    0xc2, 0x63, 0xc2, 0x63, 0xe1, 0x63, 0x01, 0x5c, 0x01, 0x5c, 0x01, 0x5c,
    0x01, 0x5c, 0x01, 0x5c, 0x02, 0x5c, 0xe1, 0x53, 0xe1, 0x53, 0xe1, 0x53,
    0xe1, 0x53, 0x01, 0x54, 0x01, 0x54, 0x01, 0x54, 0x01, 0x54, 0x01, 0x54,
    0x01, 0x54, 0x01, 0x54, 0x01, 0x54, 0x01, 0x54, 0xe1, 0x53, 0x01, 0x54,
    0x01, 0x54, 0x01, 0x54, 0x01, 0x54, 0x01, 0x54, 0x01, 0x54, 0xe1, 0x53,
    0x01, 0x5c, 0x01, 0x5c, 0xe1, 0x5b, 0xe1, 0x5b, 0xe1, 0x5b, 0xe1, 0x5b,
    0xe1, 0x5b, 0xc1, 0x63, 0x80, 0xcb, 0xe0, 0xeb, 0x00, 0xf4, 0x00, 0xf4,
    0x02, 0x8c, 0x22, 0x84, 0x23, 0x84, 0x42, 0x84, 0x23, 0x84, 0x22, 0x7c,
    0x42, 0x7c, 0x42, 0x7c, 0x42, 0x7c, 0x42, 0x7c, 0x42, 0x7c, 0x62, 0x7c,
    0x42, 0x7c, 0x42, 0x7c, 0x42, 0x7c, 0x43, 0x84, 0x43, 0x84, 0x22, 0x84,
    0x22, 0x84, 0x43, 0x8c, 0x42, 0x8c, 0xa1, 0x62, 0x00, 0x72, 0x40, 0x82,
    0x40, 0x7a, 0x40, 0x7a, 0x40, 0x82, 0x40, 0x82, 0x40, 0x82, 0x60, 0x82,
    0x20, 0x7a, 0x60, 0x51, 0x00, 0x93, 0xe1, 0x9a, 0xc0, 0x92, 0xc0, 0x92,
    0xa0, 0x92, 0xa0, 0x92, 0xa0, 0x8a, 0x80, 0x8a, 0x80, 0x8a, 0x80, 0x82,
    0x60, 0x82, 0x60, 0x8a, 0x80, 0x8a, 0x80, 0x8a, 0x80, 0x8a, 0x60, 0x8a,
    0x60, 0x82, 0x60, 0x82, 0x60, 0x82, 0x60, 0x82, 0x60, 0x82, 0x80, 0x82,
    0x60, 0x82, 0x60, 0x82, 0x60, 0x82, 0x40, 0x82, 0x40, 0x7a, 0x20, 0x7a,
    0xa0, 0x61, 0x40, 0x49, 0xa0, 0x61, 0x80, 0x61, 0xa0, 0x61, 0xa0, 0x61,
    0xa0, 0x61, 0xa0, 0x61, 0xa0, 0x61, 0xc0, 0x69, 0xc0, 0x69, 0x81, 0x51,
    0xa2, 0x6b, 0x42, 0x7c, 0x62, 0x7c, 0x62, 0x74, 0x62, 0x74, 0x42, 0x74,
    0x42, 0x74, 0x62, 0x74, 0x42, 0x6c, 0x61, 0x74, 0x62, 0x74, 0x62, 0x74,
    0x61, 0x74, 0x62, 0x74, 0x81, 0x74, 0x62, 0x74, 0x81, 0x74, 0x82, 0x74,
    0x82, 0x7c, 0x82, 0x7c, 0x82, 0x7c, 0x81, 0x7c, 0x82, 0x7c, 0x82, 0x7c,
    0xa2, 0x7c, 0xc2, 0x93, 0x00, 0xe3, 0x20, 0xeb, 0x20, 0xeb, 0x20, 0xeb,
    0x20, 0xe3, 0x20, 0xe3, 0x00, 0xe3, 0x00, 0xe3, 0xe0, 0xe2, 0x20, 0xec,
    0x81, 0xf5, 0x81, 0xfd, 0xa1, 0xfd, 0xe2, 0xfd, 0x23, 0xfe, 0x44, 0xfe,
    0x64, 0xfe, 0x85, 0xfe, 0x85, 0xfe, 0x86, 0xfe, 0xa6, 0xfe, 0xa6, 0xfe,
    0xa6, 0xfe, 0xa6, 0xfe, 0xa6, 0xfe, 0xa6, 0xfe, 0xc6, 0xfe, 0xc7, 0xfe,
    0xc6, 0xfe, 0xa7, 0xfe, 0xc6, 0xfe, 0xa6, 0xfe, 0xa6, 0xfe, 0xa6, 0xfe,
    0xa5, 0xfe, 0x85, 0xfe, 0x85, 0xfe, 0x64, 0xfe, 0x64, 0xfe, 0x64, 0xfe,
    0xe3, 0xfd, 0xe1, 0xf4, 0x00, 0xfd, 0x00, 0xfd, 0x00, 0xfd, 0xe0, 0xfc,
    0xe0, 0xfc, 0x00, 0xfd, 0xe0, 0xfc, 0xe0, 0xfc, 0xe0, 0xfc, 0xe0, 0xfc,
    0xc0, 0xfc, 0xc0, 0xfc, 0xa0, 0xf4, 0x80, 0xfc, 0x60, 0xfc, 0x40, 0xf4,
    0x00, 0xf4, 0xe0, 0xf3, 0xa0, 0xf3, 0x80, 0xf3, 0x20, 0xeb, 0xc0, 0xe2,
    0x80, 0xda, 0xa0, 0xda, 0xe0, 0xe2, 0x00, 0xe3, 0x00, 0xeb, 0x20, 0xeb,
    0x00, 0xeb, 0x20, 0xe3, 0x20, 0xeb, 0x00, 0xeb, 0x00, 0xe3, 0x00, 0xe3,
    0xe0, 0xe2, 0xe0, 0xe2, 0xc0, 0xe2, 0xe0, 0xe2, 0xe0, 0xe2, 0xe1, 0xc9,
    0xc3, 0xb0, 0xa3, 0xb0, 0xc3, 0xb0, 0xc3, 0xb8, 0xe3, 0xb0, 0xc3, 0xb0,
    0x83, 0xa1, 0xc2, 0x7b, 0xe2, 0x73, 0xe2, 0x73, 0xe2, 0x73, 0xe2, 0x73,
    0xe2, 0x73, 0x02, 0x6c, 0xe2, 0x6b, 0xe2, 0x6b, 0xe2, 0x6b, 0xe2, 0x6b,
    0xe1, 0x6b, 0x02, 0x6c, 0x02, 0x6c, 0x01, 0x6c, 0x02, 0x64, 0xe2, 0x63,
    0xe1, 0x63, 0xe2, 0x63, 0xe1, 0x63, 0x01, 0x5c, 0xe1, 0x5b, 0x01, 0x5c,
    0x01, 0x5c, 0x01, 0x5c, 0x01, 0x5c, 0x01, 0x5c, 0x01, 0x54, 0x01, 0x5c,
    0x01, 0x54, 0x01, 0x54, 0x01, 0x5c, 0x01, 0x5c, 0x01, 0x5c, 0x01, 0x5c,
    0xe1, 0x53, 0x01, 0x54, 0x01, 0x5c, 0x01, 0x5c, 0xe1, 0x53, 0xe1, 0x5b,
    0xe1, 0x5b, 0xe2, 0x5b, 0xe1, 0x63, 0xe2, 0x63, 0xe1, 0x5b, 0xe1, 0x5b,
    0xe1, 0x5b, 0xc1, 0x8b, 0xc0, 0xeb, 0xe0, 0xf3, 0xe0, 0xeb, 0xe0, 0xf3,
    0x23, 0x8c, 0x23, 0x8c, 0x23, 0x8c, 0x23, 0x8c, 0x23, 0x8c, 0x22, 0x84,
    0x42, 0x84, 0x43, 0x84, 0x42, 0x7c, 0x42, 0x7c, 0x42, 0x7c, 0x42, 0x7c,
    0x42, 0x7c, 0x42, 0x7c, 0x42, 0x84, 0x43, 0x84, 0x43, 0x8c, 0x43, 0x8c,
    0x42, 0x8c, 0x43, 0x8c, 0xc2, 0x7b, 0x00, 0x62, 0x60, 0x82, 0x60, 0x82,
    0x60, 0x82, 0x40, 0x7a, 0x40, 0x82, 0x40, 0x7a, 0x40, 0x7a, 0x60, 0x82,
    0xc1, 0x61, 0xc0, 0x59, 0x20, 0xa3, 0xc0, 0x92, 0xc0, 0x92, 0xa0, 0x8a,
    0xa0, 0x8a, 0xa0, 0x8a, 0x80, 0x8a, 0x80, 0x8a, 0x80, 0x8a, 0x60, 0x82,
    0x20, 0x7a, 0xe0, 0x69, 0xc0, 0x61, 0xa0, 0x61, 0xa0, 0x61, 0xc0, 0x61,
    0xe0, 0x69, 0x00, 0x72, 0x40, 0x7a, 0x60, 0x82, 0x80, 0x8a, 0x60, 0x82,
    0x60, 0x82, 0x60, 0x82, 0x40, 0x82, 0x40, 0x82, 0x40, 0x82, 0x20, 0x7a,
    0xe0, 0x71, 0x20, 0x49, 0x80, 0x59, 0xa0, 0x61, 0xa0, 0x61, 0xa0, 0x61,
    0xa0, 0x61, 0xa0, 0x61, 0xa0, 0x61, 0xa0, 0x61, 0xc0, 0x69, 0xa0, 0x61,
    0x21, 0x52, 0x22, 0x74, 0x42, 0x74, 0x42, 0x74, 0x42, 0x74, 0x62, 0x74,
    0x62, 0x74, 0x62, 0x74, 0x62, 0x74, 0x42, 0x74, 0x62, 0x74, 0x62, 0x74,
    0x62, 0x74, 0x61, 0x74, 0x82, 0x74, 0x82, 0x74, 0x81, 0x74, 0x61, 0x74,
    0x82, 0x74, 0x82, 0x74, 0x81, 0x74, 0x82, 0x74, 0x82, 0x7c, 0x82, 0x7c,
    0x82, 0x7c, 0x82, 0x7c, 0xc1, 0x93, 0x01, 0xd3, 0x00, 0xeb, 0x20, 0xe3,
    0x20, 0xe3, 0x20, 0xe3, 0x00, 0xe3, 0x00, 0xe3, 0x00, 0xe3, 0xc1, 0xf4,
    0x81, 0xf5, 0xa1, 0xfd, 0xc2, 0xfd, 0xe2, 0xfd, 0x23, 0xfe, 0x44, 0xfe,
    0x65, 0xfe, 0x65, 0xfe, 0x85, 0xfe, 0xa6, 0xfe, 0xa6, 0xfe, 0xa6, 0xfe,
    0xa6, 0xfe, 0xa6, 0xfe, 0xc7, 0xfe, 0xa6, 0xfe, 0xc6, 0xfe, 0xa6, 0xfe,
    0xa6, 0xfe, 0xa6, 0xfe, 0xa6, 0xfe, 0xa6, 0xfe, 0xa6, 0xfe, 0xa6, 0xfe,
    0xa5, 0xfe, 0x85, 0xfe, 0x65, 0xfe, 0x65, 0xfe, 0x64, 0xfe, 0x64, 0xfe,
    0x03, 0xfe, 0xc0, 0xfc, 0xe0, 0xfc, 0x00, 0xfd, 0x00, 0xfd, 0xe0, 0xfc,
    0xe0, 0xfc, 0xe0, 0xf4, 0x00, 0xfd, 0x00, 0xfd, 0xe0, 0xfc, 0xe0, 0xf4,
    0xc0, 0xfc, 0xc0, 0xfc, 0xa0, 0xf4, 0x80, 0xf4, 0x60, 0xfc, 0x40, 0xf4,
    0x20, 0xf4, 0x00, 0xf4, 0xe0, 0xf3, 0xa0, 0xf3, 0x80, 0xeb, 0x40, 0xeb,
    0x00, 0xe3, 0xa0, 0xda, 0x40, 0xd2, 0x60, 0xd2, 0xa0, 0xda, 0xe0, 0xe2,
    0xe0, 0xe2, 0x00, 0xe3, 0x00, 0xe3, 0xe0, 0xe2, 0xe0, 0xe2, 0xc0, 0xe2,
    0xc0, 0xe2, 0xa0, 0xda, 0x61, 0xd2, 0xc1, 0xc1, 0xe2, 0xa8, 0xa3, 0xa8,
    0xa3, 0xb0, 0xc3, 0xb0, 0xc3, 0xb0, 0xc3, 0xb0, 0xc3, 0xb8, 0xe3, 0xb8,
    0xc4, 0xb8, 0x03, 0x9a, 0x02, 0x74, 0x02, 0x74, 0x02, 0x7c, 0x02, 0x74,
    0x02, 0x74, 0xe2, 0x73, 0x02, 0x74, 0xe2, 0x73, 0x02, 0x74, 0x02, 0x74,
    0x02, 0x74, 0x01, 0x6c, 0x02, 0x6c, 0x02, 0x6c, 0x01, 0x6c, 0x01, 0x6c,
    0x02, 0x6c, 0xe1, 0x63, 0x02, 0x64, 0x02, 0x6c, 0x02, 0x64, 0x01, 0x64,
    0x01, 0x64, 0x01, 0x64, 0x01, 0x64, 0x01, 0x5c, 0x01, 0x5c, 0x01, 0x5c,
    0x01, 0x5c, 0xe1, 0x63, 0x01, 0x64, 0x01, 0x5c, 0x01, 0x5c, 0x01, 0x5c,
    0xe1, 0x63, 0xe1, 0x63, 0xe1, 0x5b, 0xe1, 0x63, 0xe2, 0x63, 0xe2, 0x63,
    0xc2, 0x63, 0xc1, 0x63, 0xc2, 0x63, 0xa2, 0x63, 0xa2, 0x63, 0xc2, 0x5b,
    0xa1, 0x63, 0xc0, 0xcb, 0xe0, 0xf3, 0x00, 0xf4, 0xe0, 0xeb, 0xc0, 0xf3,
    0x23, 0x8c, 0x22, 0x8c, 0x23, 0x8c, 0x22, 0x8c, 0x23, 0x8c, 0x43, 0x8c,
    0x23, 0x8c, 0x23, 0x8c, 0x23, 0x8c, 0x43, 0x8c, 0x43, 0x84, 0x43, 0x84,
    0x42, 0x84, 0x43, 0x8c, 0x63, 0x8c, 0x43, 0x8c, 0x43, 0x8c, 0x43, 0x8c,
    0x43, 0x8c, 0x63, 0x8c, 0x81, 0x62, 0x20, 0x72, 0x40, 0x7a, 0x40, 0x7a,
    0x40, 0x7a, 0x41, 0x82, 0x40, 0x7a, 0x40, 0x82, 0x40, 0x82, 0x60, 0x82,
    0x60, 0x51, 0x60, 0x82, 0x00, 0x9b, 0xa0, 0x8a, 0xc0, 0x92, 0xa0, 0x8a,
    0xa0, 0x8a, 0x80, 0x8a, 0xa0, 0x8a, 0x20, 0x7a, 0x80, 0x59, 0x20, 0x49,
    0x20, 0x49, 0x21, 0x49, 0x20, 0x49, 0x20, 0x49, 0x20, 0x49, 0x21, 0x49,
    0x20, 0x49, 0x20, 0x41, 0x20, 0x49, 0x40, 0x49, 0xc0, 0x61, 0x40, 0x82,
    0x60, 0x82, 0x61, 0x82, 0x40, 0x82, 0x60, 0x82, 0x40, 0x82, 0x20, 0x7a,
    0x20, 0x7a, 0x60, 0x51, 0x41, 0x51, 0xa0, 0x61, 0xa0, 0x61, 0xa0, 0x61,
    0xa0, 0x61, 0xa0, 0x69, 0xa0, 0x61, 0xa0, 0x61, 0xa0, 0x69, 0xc0, 0x61,
    0x80, 0x51, 0x42, 0x63, 0x62, 0x74, 0x42, 0x74, 0x62, 0x74, 0x42, 0x74,
    0x42, 0x74, 0x41, 0x6c, 0x61, 0x6c, 0x61, 0x74, 0x62, 0x6c, 0x62, 0x74,
    0x82, 0x74, 0x61, 0x74, 0x62, 0x74, 0x82, 0x74, 0x62, 0x74, 0x61, 0x74,
    0x82, 0x74, 0x82, 0x74, 0x82, 0x74, 0x82, 0x7c, 0x82, 0x7c, 0x82, 0x7c,
    0x81, 0x7c, 0x82, 0x7c, 0x82, 0x84, 0x62, 0x7c, 0x81, 0xa3, 0x01, 0xe3,
    0x00, 0xe3, 0x00, 0xe3, 0xe0, 0xe2, 0xe0, 0xe2, 0x40, 0xe3, 0x41, 0xf5,
    0x81, 0xf5, 0xc2, 0xfd, 0xc2, 0xfd, 0x03, 0xfe, 0x23, 0xfe, 0x44, 0xfe,
    0x65, 0xfe, 0x85, 0xfe, 0x85, 0xfe, 0x86, 0xfe, 0xa6, 0xfe, 0xa6, 0xfe,
    0xa6, 0xfe, 0xa6, 0xfe, 0xa6, 0xfe, 0xa6, 0xfe, 0xa6, 0xfe, 0xa6, 0xfe,
    0xa6, 0xfe, 0xa6, 0xfe, 0xa6, 0xfe, 0x85, 0xfe, 0x86, 0xfe, 0xa6, 0xfe,
    0x85, 0xfe, 0x85, 0xfe, 0x85, 0xfe, 0x65, 0xfe, 0x64, 0xfe, 0x44, 0xfe,
    0x03, 0xfe, 0xe1, 0xfc, 0xe0, 0xfc, 0xe0, 0xfc, 0x00, 0xfd, 0x00, 0xfd,
    0x00, 0xfd, 0x00, 0xfd, 0x00, 0xfd, 0xe0, 0xfc, 0xe0, 0xfc, 0xe0, 0xfc,
    0xc0, 0xfc, 0xc0, 0xfc, 0xa0, 0xfc, 0xa0, 0xfc, 0x80, 0xf4, 0x40, 0xfc,
    0x20, 0xf4, 0x20, 0xf4, 0xe0, 0xf3, 0xc0, 0xf3, 0xa0, 0xeb, 0x60, 0xeb,
    0x20, 0xeb, 0x00, 0xe3, 0xe0, 0xe2, 0xa0, 0xda, 0x60, 0xda, 0x40, 0xd2,
    0x00, 0xca, 0x40, 0xd2, 0x40, 0xd2, 0x40, 0xd2, 0x20, 0xd2, 0x20, 0xca,
    0x20, 0xca, 0xe2, 0xa8, 0x62, 0xa0, 0x82, 0xa8, 0xa2, 0xa8, 0xa2, 0xa8,
    0xa2, 0xa8, 0xa2, 0xb0, 0xc3, 0xb0, 0xc3, 0xb8, 0xc3, 0xb8, 0xc3, 0xb8,
    0xc3, 0xb8, 0xe4, 0xb8, 0xa3, 0x92, 0x22, 0x74, 0x02, 0x7c, 0x02, 0x7c,
    0x02, 0x7c, 0xe2, 0x73, 0xe2, 0x7b, 0x02, 0x7c, 0x02, 0x7c, 0x02, 0x74,
    0x02, 0x74, 0x01, 0x7c, 0xe2, 0x7b, 0xe2, 0x7b, 0x02, 0x74, 0x02, 0x7c,
    0x02, 0x74, 0x01, 0x74, 0xe1, 0x73, 0x01, 0x74, 0x02, 0x74, 0xe1, 0x6b,
    0xe2, 0x6b, 0x02, 0x6c, 0xe1, 0x6b, 0x01, 0x6c, 0x01, 0x6c, 0xe1, 0x6b,
    0xe1, 0x63, 0xe1, 0x63, 0xe1, 0x63, 0x01, 0x64, 0x01, 0x64, 0x01, 0x64,
    0x02, 0x64, 0xe2, 0x6b, 0xe1, 0x63, 0xc1, 0x63, 0xc2, 0x6b, 0xc1, 0x63,
    0xc2, 0x63, 0xa2, 0x6b, 0xa2, 0x6b, 0xc2, 0x63, 0xc2, 0x6b, 0xc1, 0x63,
    0xa1, 0xa3, 0xc0, 0xf3, 0x00, 0xf4, 0xe0, 0xeb, 0xe0, 0xf3, 0xe0, 0xeb,
    0x23, 0x8c, 0x02, 0x8c, 0x23, 0x8c, 0x23, 0x8c, 0x22, 0x94, 0x23, 0x8c,
    0x23, 0x8c, 0x22, 0x8c, 0x43, 0x8c, 0x42, 0x8c, 0x43, 0x94, 0x43, 0x8c,
    0x43, 0x8c, 0x43, 0x94, 0x43, 0x94, 0x43, 0x94, 0x43, 0x94, 0x43, 0x94,
    0x43, 0x94, 0xa2, 0x83, 0xc0, 0x61, 0x40, 0x7a, 0x40, 0x82, 0x40, 0x7a,
    0x40, 0x7a, 0x40, 0x82, 0x60, 0x7a, 0x40, 0x7a, 0x60, 0x82, 0x20, 0x72,
    0x60, 0x51, 0x00, 0x9b, 0xc0, 0x92, 0xa0, 0x8a, 0xa0, 0x8a, 0xa0, 0x92,
    0xa0, 0x92, 0x21, 0x7a, 0x80, 0x59, 0x20, 0x49, 0x00, 0x49, 0xc0, 0x61,
    0xe0, 0x8a, 0xa0, 0xab, 0xe0, 0xb3, 0xe0, 0xb3, 0xe0, 0xb3, 0xc0, 0xb3,
    0xa0, 0xab, 0x40, 0x9b, 0x81, 0x82, 0xa1, 0x59, 0x00, 0x41, 0x20, 0x49,
    0xc0, 0x61, 0x40, 0x82, 0x60, 0x82, 0x40, 0x82, 0x40, 0x82, 0x40, 0x7a,
    0x20, 0x7a, 0xc0, 0x69, 0x20, 0x49, 0xa0, 0x61, 0xa0, 0x61, 0x80, 0x61,
    0xa0, 0x61, 0xa0, 0x61, 0xa0, 0x69, 0xc0, 0x69, 0xa0, 0x61, 0xa0, 0x69,
    0xa0, 0x61, 0xe1, 0x51, 0x22, 0x74, 0x62, 0x74, 0x62, 0x74, 0x62, 0x74,
    0x42, 0x74, 0x62, 0x74, 0x62, 0x74, 0x61, 0x74, 0x61, 0x74, 0x62, 0x74,
    0x61, 0x74, 0x82, 0x74, 0x82, 0x74, 0x81, 0x74, 0x82, 0x74, 0x82, 0x74,
    0x82, 0x7c, 0x81, 0x7c, 0x82, 0x74, 0x61, 0x74, 0x81, 0x74, 0x82, 0x7c,
    0x82, 0x7c, 0x82, 0x7c, 0x82, 0x7c, 0x82, 0x84, 0x82, 0x7c, 0x42, 0x84,
    0x81, 0xab, 0xc1, 0xca, 0xc0, 0xe2, 0xa0, 0xea, 0xa1, 0xeb, 0x61, 0xf5,
    0xa1, 0xf5, 0xc2, 0xfd, 0xe2, 0xfd, 0x03, 0xfe, 0x24, 0xfe, 0x44, 0xfe,
    0x65, 0xfe, 0x85, 0xfe, 0x85, 0xfe, 0x85, 0xfe, 0x85, 0xfe, 0xa6, 0xfe,
    0xa6, 0xfe, 0xa6, 0xfe, 0xa6, 0xfe, 0xa6, 0xfe, 0xa6, 0xfe, 0xa6, 0xfe,
    0xa6, 0xfe, 0xa6, 0xfe, 0xa5, 0xfe, 0x85, 0xfe, 0x85, 0xfe, 0xa5, 0xfe,
    0x85, 0xfe, 0x85, 0xfe, 0x85, 0xfe, 0x65, 0xfe, 0x64, 0xfe, 0x44, 0xfe,
    0x03, 0xfe, 0xc1, 0xfc, 0xe0, 0xfc, 0xe0, 0xfc, 0xe0, 0xfc, 0xe0, 0xfc,
    0xe0, 0xfc, 0x00, 0xfd, 0xe0, 0xfc, 0xe0, 0xfc, 0xe0, 0xfc, 0xe0, 0xfc,
    0xc0, 0xf4, 0xc0, 0xfc, 0xa0, 0xfc, 0x80, 0xf4, 0x60, 0xfc, 0x60, 0xfc,
    0x40, 0xf4, 0x20, 0xf4, 0x00, 0xf4, 0xc0, 0xf3, 0xc0, 0xf3, 0x80, 0xeb,
    0x40, 0xeb, 0x20, 0xeb, 0x00, 0xe3, 0xe1, 0xe2, 0xc0, 0xe2, 0xa0, 0xda,
    0xa0, 0xda, 0x80, 0xd2, 0x60, 0xd2, 0x60, 0xd2, 0x40, 0xd2, 0x60, 0xd2,
    0x60, 0xd2, 0x21, 0xca, 0xe2, 0xa8, 0x82, 0xa8, 0xa2, 0xa8, 0xa3, 0xa8,
    0xa3, 0xb0, 0xa3, 0xb0, 0xa3, 0xb8, 0xc3, 0xb8, 0xc3, 0xb8, 0xc3, 0xb8,
    0xe3, 0xb8, 0xe3, 0xb8, 0x83, 0xa9, 0x02, 0x7c, 0x22, 0x7c, 0x22, 0x7c,
    0x22, 0x7c, 0x02, 0x7c, 0x02, 0x7c, 0x02, 0x7c, 0x02, 0x7c, 0x01, 0x7c,
    0x01, 0x7c, 0x02, 0x7c, 0x02, 0x7c, 0x02, 0x7c, 0x02, 0x7c, 0x02, 0x7c,
    0x02, 0x7c, 0x02, 0x7c, 0x02, 0x7c, 0x01, 0x7c, 0x02, 0x7c, 0x02, 0x74,
    0xe1, 0x7b, 0xe2, 0x73, 0x01, 0x74, 0x01, 0x74, 0x01, 0x6c, 0xe1, 0x6b,
    0x01, 0x6c, 0x01, 0x6c, 0x01, 0x6c, 0x01, 0x6c, 0x01, 0x6c, 0xe1, 0x6b,
    0xe2, 0x6b, 0x02, 0x6c, 0xe2, 0x6b, 0x02, 0x74, 0xe2, 0x73, 0xe2, 0x73,
    0xe2, 0x73, 0xc2, 0x73, 0xc1, 0x6b, 0xc2, 0x6b, 0xc2, 0x6b, 0x81, 0x8b,
    0xe0, 0xeb, 0x00, 0xf4, 0x00, 0xec, 0xe0, 0xf3, 0xe0, 0xf3, 0xe0, 0xf3,
    0x22, 0x8c, 0x22, 0x94, 0x23, 0x94, 0x23, 0x8c, 0x23, 0x94, 0x23, 0x94,
    0x42, 0x94, 0x43, 0x94, 0x42, 0x94, 0x43, 0x8c, 0x42, 0x94, 0x43, 0x94,
    0x42, 0x8c, 0x42, 0x94, 0x43, 0x94, 0x43, 0x94, 0x62, 0x94, 0x43, 0x94,
    0x63, 0x94, 0x81, 0x6a, 0x20, 0x72, 0x40, 0x7a, 0x40, 0x82, 0x61, 0x82,
    0x40, 0x82, 0x40, 0x82, 0x40, 0x7a, 0x40, 0x82, 0x60, 0x82, 0xc0, 0x61,
    0x01, 0x6a, 0x01, 0x9b, 0xa0, 0x8a, 0xa0, 0x92, 0xa0, 0x8a, 0xa0, 0x8a,
    0xc0, 0x69, 0x20, 0x49, 0x40, 0x49, 0x40, 0x72, 0xe1, 0xb3, 0x81, 0xcc,
    0xe0, 0xbb, 0x20, 0xa3, 0xc0, 0x92, 0xa0, 0x92, 0xa1, 0x92, 0xa0, 0x92,
    0xa0, 0x92, 0xe0, 0x9a, 0x40, 0xab, 0xa0, 0xb3, 0x20, 0x9b, 0xe0, 0x61,
    0x20, 0x49, 0x40, 0x49, 0x00, 0x72, 0x60, 0x82, 0x40, 0x7a, 0x40, 0x7a,
    0x20, 0x7a, 0x00, 0x72, 0x60, 0x51, 0x60, 0x51, 0xa0, 0x61, 0xa0, 0x61,
    0xa0, 0x61, 0xa1, 0x69, 0xa0, 0x61, 0xa0, 0x61, 0xa0, 0x69, 0xa0, 0x61,
    0xc0, 0x69, 0x80, 0x59, 0x01, 0x6b, 0x62, 0x7c, 0x61, 0x7c, 0x62, 0x7c,
    0x62, 0x7c, 0x61, 0x7c, 0x62, 0x74, 0x62, 0x74, 0x62, 0x74, 0x62, 0x74,
    0x61, 0x74, 0x81, 0x74, 0x62, 0x74, 0x61, 0x74, 0x82, 0x74, 0x82, 0x74,
    0x61, 0x74, 0x82, 0x7c, 0x82, 0x74, 0x82, 0x74, 0x82, 0x74, 0x82, 0x7c,
    0x82, 0x7c, 0x81, 0x7c, 0x82, 0x7c, 0x82, 0x7c, 0x82, 0x84, 0x82, 0x84,
    0x82, 0x84, 0x82, 0x7c, 0x01, 0x8c, 0xe1, 0x9b, 0x81, 0xdc, 0x81, 0xfd,
    0xa1, 0xf5, 0xc2, 0xfd, 0xe2, 0xfd, 0x03, 0xfe, 0x23, 0xfe, 0x44, 0xfe,
    0x65, 0xfe, 0x65, 0xfe, 0x85, 0xfe, 0x85, 0xfe, 0xa6, 0xfe, 0xa6, 0xfe,
    0xa6, 0xfe, 0xa6, 0xfe, 0xa6, 0xfe, 0xa6, 0xfe, 0xa6, 0xfe, 0xa6, 0xfe,
    0x85, 0xfe, 0xa6, 0xfe, 0xa6, 0xfe, 0xa5, 0xfe, 0x86, 0xfe, 0x85, 0xfe,
    0x85, 0xfe, 0x85, 0xfe, 0x85, 0xfe, 0x64, 0xfe, 0x64, 0xfe, 0x44, 0xfe,
    0x03, 0xfe, 0xe1, 0xf4, 0xe0, 0xfc, 0xe0, 0xfc, 0xe0, 0xfc, 0xe0, 0xfc,
    0x00, 0xf5, 0x00, 0xfd, 0x00, 0xfd, 0xe0, 0xfc, 0xe0, 0xfc, 0xe0, 0xfc,
    0xc0, 0xfc, 0xc0, 0xfc, 0x80, 0xf4, 0x60, 0xf4, 0x60, 0xf4, 0x40, 0xf4,
    0x40, 0xfc, 0x20, 0xf4, 0xe0, 0xf3, 0xe0, 0xf3, 0xc0, 0xf3, 0x80, 0xeb,
    0x80, 0xeb, 0x40, 0xeb, 0x20, 0xeb, 0x00, 0xe3, 0xe0, 0xe2, 0xe0, 0xe2,
    0xc0, 0xda, 0xa1, 0xda, 0x80, 0xda, 0x80, 0xda, 0x80, 0xd2, 0x60, 0xd2,
    0x60, 0xd2, 0x60, 0xd2, 0x01, 0xca, 0x82, 0xa8, 0x82, 0xa8, 0xa2, 0xa8,
    0xa2, 0xb0, 0xa3, 0xb0, 0xc3, 0xb8, 0xc3, 0xb8, 0xc3, 0xb8, 0xe3, 0xb8,
    0xe3, 0xb8, 0x04, 0xb9, 0xe3, 0xb8, 0x02, 0x8b, 0x41, 0x74, 0x21, 0x7c,
    0x22, 0x7c, 0x22, 0x7c, 0x21, 0x7c, 0x21, 0x7c, 0x22, 0x7c, 0x01, 0x7c,
    0x01, 0x7c, 0x02, 0x7c, 0x02, 0x84, 0x22, 0x7c, 0x01, 0x84, 0x02, 0x84,
    0x02, 0x84, 0x02, 0x84, 0x02, 0x7c, 0x02, 0x7c, 0x02, 0x7c, 0x02, 0x7c,
    0x01, 0x7c, 0x01, 0x7c, 0x02, 0x7c, 0x02, 0x74, 0x02, 0x74, 0x02, 0x74,
    0x02, 0x74, 0x02, 0x74, 0x02, 0x6c, 0x02, 0x6c, 0x02, 0x6c, 0x01, 0x6c,
    0x02, 0x6c, 0x02, 0x6c, 0x01, 0x6c, 0xe2, 0x73, 0xe2, 0x7b, 0xe2, 0x7b,
    0xe2, 0x7b, 0xe2, 0x7b, 0xe2, 0x73, 0xc1, 0x73, 0xc1, 0x7b, 0xc0, 0xdb,
    0x00, 0xf4, 0x00, 0xf4, 0x00, 0xf4, 0xe0, 0xf3, 0xe0, 0xf3, 0xc0, 0xeb,
    0x23, 0x94, 0x23, 0x94, 0x22, 0x8c, 0x22, 0x94, 0x23, 0x8c, 0x23, 0x8c,
    0x23, 0x8c, 0x42, 0x94, 0x23, 0x8c, 0x43, 0x8c, 0x43, 0x94, 0x43, 0x8c,
    0x43, 0x94, 0x42, 0x8c, 0x43, 0x94, 0x43, 0x94, 0x43, 0x94, 0x63, 0x94,
    0xc2, 0x83, 0xe0, 0x61, 0x60, 0x82, 0x40, 0x7a, 0x40, 0x7a, 0x40, 0x7a,
    0x40, 0x82, 0x40, 0x82, 0x40, 0x7a, 0x40, 0x82, 0x40, 0x7a, 0x40, 0x51,
    0xc0, 0x92, 0xe0, 0x92, 0xa0, 0x92, 0xc0, 0x92, 0x81, 0x8a, 0xa0, 0x59,
    0x20, 0x49, 0xe0, 0x61, 0x01, 0xb4, 0x41, 0xc4, 0x20, 0xa3, 0xc0, 0x9a,
    0xc0, 0x9a, 0xe0, 0x9a, 0xc0, 0x9a, 0xe0, 0x9a, 0xe0, 0x9a, 0xe0, 0x9a,
    0xe0, 0x9a, 0xc0, 0x9a, 0xc0, 0x9a, 0xc0, 0x9a, 0xe0, 0x9a, 0x20, 0xa3,
    0xe1, 0x92, 0x80, 0x51, 0x20, 0x49, 0xa0, 0x61, 0x41, 0x7a, 0x40, 0x7a,
    0x20, 0x7a, 0x20, 0x7a, 0xa0, 0x61, 0x20, 0x49, 0x80, 0x61, 0xa0, 0x61,
    0xa0, 0x69, 0xa0, 0x61, 0xa0, 0x61, 0xa0, 0x61, 0xa0, 0x69, 0xc0, 0x69,
    0xc0, 0x69, 0xc0, 0x69, 0x01, 0x5a, 0x42, 0x84, 0x42, 0x84, 0x62, 0x84,
    0x62, 0x84, 0x62, 0x84, 0x62, 0x7c, 0x62, 0x7c, 0x62, 0x7c, 0x82, 0x7c,
    0x82, 0x7c, 0x62, 0x74, 0x82, 0x74, 0x81, 0x74, 0x82, 0x7c, 0x82, 0x74,
    0x81, 0x74, 0x62, 0x74, 0x82, 0x74, 0x81, 0x74, 0x61, 0x74, 0x82, 0x7c,
    0x81, 0x74, 0x82, 0x7c, 0x82, 0x7c, 0x82, 0x7c, 0x82, 0x7c, 0x82, 0x84,
    0x82, 0x8c, 0x82, 0x8c, 0xa2, 0x8c, 0xa2, 0x94, 0x21, 0xe5, 0xa1, 0xfd,
    0xc2, 0xfd, 0xe2, 0xfd, 0xe2, 0xfd, 0x03, 0xfe, 0x23, 0xfe, 0x44, 0xfe,
    0x64, 0xfe, 0x65, 0xfe, 0x65, 0xfe, 0x85, 0xfe, 0x85, 0xfe, 0x85, 0xfe,
    0x86, 0xfe, 0xa5, 0xfe, 0xa5, 0xfe, 0x85, 0xfe, 0xa5, 0xfe, 0x85, 0xfe,
    0xa6, 0xfe, 0x85, 0xfe, 0x85, 0xfe, 0x86, 0xfe, 0x85, 0xfe, 0x85, 0xfe,
    0x85, 0xfe, 0x65, 0xfe, 0x65, 0xfe, 0x64, 0xfe, 0x64, 0xfe, 0x44, 0xfe,
    0x23, 0xfe, 0xe1, 0xf4, 0xe0, 0xfc, 0xe0, 0xfc, 0xe0, 0xf4, 0x00, 0xfd,
    0xe0, 0xfc, 0xe0, 0xfc, 0x00, 0xfd, 0xe0, 0xf4, 0xe0, 0xfc, 0xe0, 0xfc,
    0xc0, 0xfc, 0x60, 0xf4, 0x40, 0xfc, 0x60, 0xfc, 0x60, 0xf4, 0x40, 0xfc,
    0x20, 0xf4, 0x20, 0xf4, 0x00, 0xf4, 0xe0, 0xf3, 0xc0, 0xf3, 0xa0, 0xf3,
    0x80, 0xeb, 0x60, 0xeb, 0x40, 0xeb, 0x20, 0xeb, 0x00, 0xe3, 0xe0, 0xe2,
    0xc0, 0xe2, 0xa0, 0xda, 0xa0, 0xda, 0x80, 0xda, 0x80, 0xda, 0x60, 0xda,
    0x60, 0xd2, 0x60, 0xd2, 0x60, 0xd2, 0xa1, 0xc1, 0x83, 0xa8, 0xa2, 0xb0,
    0xa2, 0xb0, 0xa2, 0xb0, 0xa3, 0xb8, 0xc3, 0xb8, 0xc3, 0xb8, 0xc3, 0xb8,
    0xe3, 0xc0, 0xe3, 0xc0, 0xe4, 0xb8, 0x03, 0xa2, 0x42, 0x7c, 0x22, 0x7c,
    0x21, 0x7c, 0x22, 0x7c, 0x21, 0x74, 0x41, 0x7c, 0x42, 0x7c, 0x21, 0x7c,
    0x22, 0x7c, 0x02, 0x7c, 0x01, 0x84, 0x22, 0x84, 0x22, 0x84, 0x01, 0x84,
    0x22, 0x84, 0x01, 0x84, 0x22, 0x84, 0x22, 0x84, 0x01, 0x84, 0x02, 0x84,
    0x02, 0x84, 0x01, 0x7c, 0x01, 0x7c, 0x02, 0x7c, 0x01, 0x7c, 0x01, 0x7c,
    0x01, 0x74, 0x01, 0x6c, 0x21, 0x6c, 0x02, 0x83, 0xa3, 0xa1, 0x43, 0xb9,
    0x43, 0xb9, 0x83, 0xa9, 0x02, 0x83, 0x21, 0x74, 0xe1, 0x7b, 0xe1, 0x7b,
    0xe2, 0x7b, 0xe2, 0x73, 0xe2, 0x73, 0xe1, 0x73, 0xc1, 0xcb, 0x00, 0xf4,
    0x20, 0xf4, 0x00, 0xf4, 0x00, 0xec, 0xe0, 0xf3, 0xe0, 0xeb, 0xa0, 0xeb,
    0xa1, 0x5b, 0xc2, 0x6b, 0x02, 0x84, 0x22, 0x94, 0x22, 0x8c, 0x23, 0x8c,
    0x22, 0x8c, 0x23, 0x8c, 0x43, 0x94, 0x23, 0x94, 0x42, 0x8c, 0x43, 0x94,
    0x23, 0x94, 0x43, 0x94, 0x43, 0x94, 0x42, 0x94, 0x43, 0x94, 0x63, 0x94,
    0xa1, 0x62, 0xa0, 0x61, 0x40, 0x82, 0x40, 0x7a, 0x40, 0x82, 0x40, 0x7a,
    0x60, 0x82, 0x40, 0x7a, 0x40, 0x7a, 0x61, 0x82, 0xc0, 0x61, 0xa0, 0x59,
    0x00, 0x9b, 0xa0, 0x92, 0xa0, 0x92, 0x80, 0x8a, 0x60, 0x51, 0x20, 0x49,
    0xa1, 0x82, 0xa1, 0xcc, 0xa0, 0xb3, 0xc0, 0x9a, 0xe0, 0xa2, 0xe0, 0x9a,
    0xe0, 0x9a, 0xe0, 0x9a, 0xe0, 0x9a, 0xe0, 0x9a, 0xe0, 0x9a, 0xe0, 0x9a,
    0xe0, 0x9a, 0xc0, 0x9a, 0xe0, 0x9a, 0xc0, 0x9a, 0xc0, 0x9a, 0xc0, 0x9a,
    0xe0, 0x9a, 0x20, 0xa3, 0xe0, 0x69, 0x20, 0x41, 0x80, 0x59, 0x20, 0x7a,
    0x20, 0x7a, 0x20, 0x7a, 0x00, 0x72, 0x40, 0x49, 0x60, 0x59, 0xa0, 0x69,
    0xa0, 0x61, 0xa0, 0x69, 0xa0, 0x61, 0xa0, 0x69, 0xa0, 0x61, 0xc0, 0x69,
    0xe0, 0x69, 0x80, 0x59, 0x40, 0x41, 0x81, 0x73, 0x62, 0x84, 0x42, 0x84,
    0x42, 0x84, 0x62, 0x84, 0x62, 0x84, 0x62, 0x84, 0x62, 0x84, 0x81, 0x7c,
    0x82, 0x7c, 0x82, 0x7c, 0x81, 0x7c, 0x82, 0x7c, 0x82, 0x7c, 0x61, 0x74,
    0x81, 0x74, 0x82, 0x74, 0x82, 0x74, 0x81, 0x74, 0x82, 0x74, 0x82, 0x74,
    0x81, 0x74, 0x82, 0x74, 0x82, 0x7c, 0x81, 0x7c, 0x82, 0x7c, 0x82, 0x84,
    0x82, 0x8c, 0x62, 0x8c, 0x82, 0x94, 0xa1, 0xa4, 0x61, 0xed, 0xa1, 0xf5,
    0xc2, 0xf5, 0xc2, 0xfd, 0x02, 0xf6, 0x23, 0xfe, 0x23, 0xfe, 0x44, 0xfe,
    0x64, 0xfe, 0x65, 0xfe, 0x65, 0xfe, 0x85, 0xfe, 0x85, 0xfe, 0x85, 0xfe,
    0x85, 0xfe, 0x85, 0xfe, 0x85, 0xfe, 0x85, 0xfe, 0xa5, 0xfe, 0x86, 0xfe,
    0x85, 0xfe, 0x85, 0xfe, 0x85, 0xfe, 0x85, 0xfe, 0x85, 0xfe, 0x85, 0xfe,
    0x85, 0xfe, 0x85, 0xfe, 0x65, 0xfe, 0x64, 0xfe, 0x44, 0xfe, 0x44, 0xfe,
    0x23, 0xfe, 0x01, 0xfd, 0xc0, 0xfc, 0xe0, 0xfc, 0xe0, 0xfc, 0xe0, 0xfc,
    0xe0, 0xfc, 0xe0, 0xfc, 0x00, 0xfd, 0xe0, 0xfc, 0xe0, 0xfc, 0xc0, 0xf4,
    0x60, 0xf4, 0x40, 0xf4, 0x40, 0xfc, 0x40, 0xfc, 0x20, 0xf4, 0x40, 0xf4,
    0x20, 0xf4, 0x20, 0xf4, 0x00, 0xf4, 0xe0, 0xf3, 0xc0, 0xf3, 0xa0, 0xf3,
    0xa0, 0xeb, 0x80, 0xeb, 0x80, 0xeb, 0x60, 0xeb, 0x40, 0xeb, 0x20, 0xe3,
    0xe0, 0xe2, 0xe0, 0xe2, 0xc0, 0xe2, 0xa0, 0xda, 0xa0, 0xda, 0x80, 0xda,
    0x80, 0xda, 0x60, 0xd2, 0x80, 0xda, 0x80, 0xda, 0x62, 0xb9, 0x83, 0xb0,
    0xa2, 0xb0, 0xa2, 0xb0, 0xa3, 0xb0, 0xa2, 0xb8, 0xc3, 0xb8, 0xc3, 0xb8,
    0xe3, 0xc0, 0xe3, 0xc0, 0xe3, 0xc0, 0x83, 0xb1, 0x02, 0x7c, 0x22, 0x7c,
    0x22, 0x7c, 0x22, 0x7c, 0x22, 0x7c, 0x42, 0x7c, 0x42, 0x7c, 0x61, 0x7c,
    0x41, 0x7c, 0x22, 0x84, 0x21, 0x84, 0x21, 0x84, 0x41, 0x7c, 0x42, 0x84,
    0x42, 0x84, 0x22, 0x84, 0x01, 0x84, 0x22, 0x84, 0x22, 0x84, 0x01, 0x84,
    0x02, 0x7c, 0x01, 0x7c, 0x01, 0x7c, 0x01, 0x7c, 0x02, 0x7c, 0x02, 0x7c,
    0x41, 0x74, 0x82, 0x7b, 0xc3, 0xa9, 0x23, 0xc9, 0x63, 0xc9, 0x84, 0xc9,
    0x84, 0xc9, 0x63, 0xc9, 0x43, 0xc9, 0x43, 0xa2, 0x01, 0x74, 0x01, 0x7c,
    0xe1, 0x73, 0x02, 0x74, 0x01, 0x74, 0xc1, 0xb3, 0x00, 0xf4, 0x20, 0xf4,
    0x20, 0xf4, 0x20, 0xf4, 0x00, 0xf4, 0xe0, 0xf3, 0xc0, 0xf3, 0xa0, 0xeb,
    0x60, 0x3b, 0x61, 0x3b, 0x61, 0x3b, 0x81, 0x53, 0x02, 0x8c, 0x43, 0x94,
    0x43, 0x94, 0x23, 0x94, 0x42, 0x8c, 0x43, 0x94, 0x43, 0x8c, 0x22, 0x8c,
    0x43, 0x94, 0x43, 0x8c, 0x42, 0x8c, 0x43, 0x94, 0x42, 0x94, 0x02, 0x8c,
    0xe1, 0x59, 0x80, 0x51, 0x00, 0x72, 0x41, 0x82, 0x40, 0x82, 0x40, 0x7a,
    0x41, 0x82, 0x40, 0x7a, 0x40, 0x82, 0x40, 0x82, 0x80, 0x51, 0x80, 0x82,
    0xe0, 0x92, 0xa0, 0x8a, 0x81, 0x8a, 0x80, 0x59, 0x40, 0x49, 0xe0, 0x8a,
    0x61, 0xcc, 0x00, 0xa3, 0xe0, 0x9a, 0xe0, 0xa2, 0x00, 0x9b, 0xe0, 0x9a,
    0xe0, 0x9a, 0xe0, 0x9a, 0xe0, 0xa2, 0x00, 0xa3, 0x00, 0xa3, 0x00, 0xa3,
    0xe0, 0xa2, 0xe0, 0x9a, 0xe0, 0x9a, 0xe0, 0x9a, 0xc0, 0x9a, 0xe0, 0x9a,
    0xc0, 0x9a, 0xc0, 0x9a, 0x00, 0x9b, 0x40, 0x7a, 0x20, 0x49, 0x60, 0x51,
    0x20, 0x7a, 0x20, 0x7a, 0x01, 0x7a, 0x80, 0x61, 0x20, 0x49, 0xa0, 0x61,
    0xa0, 0x61, 0xa0, 0x61, 0xa0, 0x69, 0xa0, 0x61, 0xc0, 0x69, 0xc0, 0x69,
    0x80, 0x59, 0x20, 0x49, 0x60, 0x59, 0x41, 0x5a, 0x42, 0x84, 0x42, 0x84,
    0x62, 0x8c, 0x62, 0x8c, 0x62, 0x8c, 0x62, 0x84, 0x62, 0x84, 0x82, 0x84,
    0x81, 0x7c, 0x82, 0x7c, 0x81, 0x7c, 0x82, 0x7c, 0x82, 0x7c, 0x82, 0x74,
    0x82, 0x74, 0x81, 0x74, 0x82, 0x74, 0x82, 0x74, 0x82, 0x74, 0x82, 0x74,
    0x82, 0x74, 0x82, 0x74, 0x81, 0x7c, 0x82, 0x7c, 0x82, 0x7c, 0x82, 0x84,
    0x82, 0x8c, 0x82, 0x8c, 0x82, 0x8c, 0xa1, 0xac, 0x41, 0xf5, 0x81, 0xf5,
    0xa2, 0xfd, 0xe2, 0xfd, 0xe2, 0xfd, 0x23, 0xfe, 0x23, 0xfe, 0x44, 0xfe,
    0x44, 0xfe, 0x65, 0xfe, 0x85, 0xfe, 0x85, 0xfe, 0x85, 0xfe, 0x85, 0xfe,
    0x85, 0xfe, 0x85, 0xfe, 0x85, 0xfe, 0x85, 0xfe, 0x85, 0xfe, 0x85, 0xfe,
    0x85, 0xfe, 0x85, 0xfe, 0x85, 0xfe, 0x85, 0xfe, 0x85, 0xfe, 0x85, 0xfe,
    0x65, 0xfe, 0x85, 0xfe, 0x64, 0xfe, 0x64, 0xfe, 0x44, 0xfe, 0x24, 0xfe,
    0x03, 0xfe, 0x01, 0xf5, 0xa0, 0xfc, 0xe0, 0xfc, 0xe0, 0xfc, 0xe0, 0xfc,
    0xe0, 0xfc, 0xe0, 0xfc, 0xe0, 0xfc, 0xe0, 0xfc, 0xe0, 0xfc, 0xa0, 0xfc,
    0x60, 0xf4, 0x40, 0xfc, 0x40, 0xfc, 0x20, 0xf4, 0x20, 0xfc, 0x00, 0xf4,
    0x00, 0xfc, 0x00, 0xf4, 0x20, 0xf4, 0x00, 0xf4, 0xe0, 0xf3, 0xc0, 0xf3,
    0xa0, 0xf3, 0xa0, 0xf3, 0x80, 0xeb, 0x60, 0xeb, 0x40, 0xeb, 0x40, 0xeb,
    0x20, 0xe3, 0x00, 0xe3, 0xe0, 0xe2, 0xc0, 0xe2, 0xc0, 0xda, 0xa0, 0xda,
    0xa0, 0xda, 0x80, 0xda, 0x80, 0xda, 0x80, 0xda, 0x80, 0xda, 0x22, 0xb9,
    0x82, 0xb0, 0xa2, 0xb0, 0xa2, 0xb8, 0xa3, 0xb8, 0xc2, 0xb8, 0xc3, 0xc0,
    0xc3, 0xc0, 0xc3, 0xc0, 0xe4, 0xc0, 0x03, 0xb9, 0x82, 0x8b, 0x22, 0x84,
    0x21, 0x84, 0x41, 0x7c, 0x41, 0x7c, 0x21, 0x7c, 0xe2, 0x9a, 0xa3, 0xa9,
    0x43, 0xb9, 0x44, 0xc1, 0x24, 0xc1, 0x64, 0xc1, 0xe3, 0xb1, 0x62, 0x8b,
    0x41, 0x84, 0x22, 0x84, 0x22, 0x84, 0x21, 0x84, 0x02, 0x84, 0x21, 0x84,
    0x02, 0x7c, 0x01, 0x7c, 0x02, 0x7c, 0x21, 0x7c, 0x02, 0x7c, 0x22, 0x7c,
    0xc2, 0x9a, 0x24, 0xc1, 0x44, 0xc9, 0x64, 0xc9, 0x43, 0xc9, 0x63, 0xc9,
    0x63, 0xc9, 0x44, 0xc9, 0x63, 0xc9, 0x23, 0xc9, 0xe3, 0xa9, 0x01, 0x74,
    0x02, 0x7c, 0xe1, 0x73, 0xc1, 0xab, 0xe0, 0xf3, 0x20, 0xf4, 0x20, 0xf4,
    0x20, 0xf4, 0x20, 0xf4, 0x00, 0xec, 0xe0, 0xf3, 0xc0, 0xf3, 0xa0, 0xeb,
    0x81, 0x43, 0x80, 0x43, 0x80, 0x43, 0x81, 0x43, 0xa1, 0x5b, 0x22, 0x8c,
    0x43, 0x8c, 0x22, 0x8c, 0x43, 0x8c, 0x43, 0x8c, 0x43, 0x94, 0x43, 0x8c,
    0x42, 0x8c, 0x42, 0x8c, 0x43, 0x94, 0x63, 0x94, 0x63, 0x94, 0x62, 0x73,
    0x60, 0x82, 0xa0, 0x8a, 0x60, 0x51, 0x00, 0x72, 0x40, 0x82, 0x40, 0x7a,
    0x40, 0x82, 0x40, 0x7a, 0x40, 0x82, 0x00, 0x72, 0xa0, 0x59, 0x00, 0x9b,
    0xa0, 0x8a, 0xa0, 0x8a, 0xa0, 0x61, 0x40, 0x49, 0xc0, 0x82, 0x60, 0xc4,
    0x20, 0xa3, 0xe0, 0xa2, 0x00, 0xa3, 0x00, 0xa3, 0xe0, 0xa2, 0x00, 0xa3,
    0xe0, 0x9a, 0x60, 0x82, 0xc0, 0x69, 0x80, 0x59, 0x60, 0x59, 0x60, 0x59,
    0x80, 0x61, 0xe0, 0x69, 0x60, 0x8a, 0xe0, 0x9a, 0xe1, 0x9a, 0xe0, 0x9a,
    0xe0, 0x9a, 0xc0, 0x9a, 0xc0, 0x9a, 0x01, 0xa3, 0x40, 0x7a, 0x20, 0x49,
    0xa0, 0x59, 0x20, 0x7a, 0x00, 0x72, 0xe0, 0x69, 0x40, 0x49, 0x60, 0x59,
    0xa0, 0x69, 0xa0, 0x61, 0xa0, 0x61, 0xa0, 0x69, 0xc0, 0x69, 0x80, 0x59,
    0x20, 0x41, 0xa0, 0x61, 0x60, 0x8a, 0xa0, 0x59, 0xa2, 0x7b, 0x42, 0x8c,
    0x62, 0x8c, 0x42, 0x8c, 0x62, 0x8c, 0x62, 0x8c, 0x62, 0x8c, 0x62, 0x84,
    0x62, 0x84, 0x82, 0x84, 0x82, 0x84, 0x82, 0x84, 0x82, 0x84, 0x81, 0x7c,
    0x82, 0x7c, 0x82, 0x74, 0x61, 0x74, 0x81, 0x74, 0x81, 0x74, 0x81, 0x74,
    0x81, 0x7c, 0x82, 0x7c, 0x82, 0x7c, 0x82, 0x7c, 0x82, 0x84, 0xa2, 0x84,
    0xa2, 0x84, 0xa2, 0x8c, 0x41, 0x94, 0x61, 0xc4, 0x40, 0xf5, 0x61, 0xf5,
    0xc1, 0xfd, 0xe2, 0xf5, 0xe2, 0xfd, 0x23, 0xfe, 0x23, 0xfe, 0x24, 0xfe,
    0x44, 0xfe, 0x64, 0xfe, 0x64, 0xfe, 0x65, 0xfe, 0x85, 0xfe, 0x85, 0xfe,
    0x85, 0xfe, 0x85, 0xfe, 0x86, 0xfe, 0x85, 0xfe, 0x85, 0xfe, 0x85, 0xfe,
    0x85, 0xfe, 0x65, 0xfe, 0x85, 0xfe, 0x65, 0xfe, 0x64, 0xfe, 0x64, 0xfe,
    0x64, 0xfe, 0x64, 0xfe, 0x44, 0xfe, 0x44, 0xfe, 0x44, 0xfe, 0x23, 0xfe,
    0x23, 0xfe, 0x41, 0xfd, 0xa0, 0xfc, 0xc0, 0xf4, 0xc0, 0xf4, 0xc0, 0xfc,
    0xe0, 0xfc, 0xe0, 0xf4, 0xc0, 0xf4, 0xe0, 0xfc, 0xc0, 0xfc, 0xa0, 0xfc,
    0x60, 0xf4, 0x20, 0xfc, 0x40, 0xf4, 0x40, 0xf4, 0x40, 0xf4, 0x20, 0xfc,
    0x00, 0xf4, 0x00, 0xf4, 0x00, 0xf4, 0xe0, 0xf3, 0x00, 0xf4, 0xc0, 0xf3,
    0xa0, 0xeb, 0xc0, 0xf3, 0xa0, 0xf3, 0xa0, 0xeb, 0x80, 0xeb, 0x60, 0xeb,
    0x40, 0xeb, 0x20, 0xeb, 0x20, 0xeb, 0x00, 0xe3, 0xe0, 0xe2, 0xc0, 0xe2,
    0xc0, 0xe2, 0xa0, 0xda, 0xa0, 0xda, 0xa0, 0xda, 0xa0, 0xda, 0x80, 0xda,
    0xe2, 0xb0, 0x82, 0xb0, 0xa2, 0xb0, 0xa2, 0xb8, 0xa2, 0xb8, 0xa3, 0xb8,
    0xc3, 0xc0, 0xe3, 0xc0, 0xe3, 0xc0, 0xc3, 0xc0, 0xc2, 0x9a, 0x21, 0x84,
    0x21, 0x84, 0x61, 0x7c, 0x02, 0x93, 0x23, 0xb9, 0xe4, 0xc8, 0x04, 0xd1,
    0x24, 0xd1, 0x64, 0xd1, 0x64, 0xd1, 0x64, 0xd1, 0x44, 0xd1, 0x24, 0xc9,
    0x02, 0xaa, 0xe1, 0x83, 0x41, 0x84, 0x22, 0x84, 0x22, 0x84, 0x21, 0x7c,
    0x01, 0x7c, 0x02, 0x7c, 0x21, 0x7c, 0x01, 0x7c, 0x21, 0x7c, 0xe2, 0x92,
    0x23, 0xc1, 0x43, 0xc9, 0x43, 0xc9, 0x44, 0xc9, 0x43, 0xc9, 0x43, 0xc9,
    0x43, 0xc9, 0x23, 0xc9, 0x23, 0xc9, 0x23, 0xc9, 0x23, 0xc1, 0xa2, 0x92,
    0x21, 0x74, 0xe1, 0x9b, 0xe0, 0xeb, 0x20, 0xf4, 0x40, 0xf4, 0x40, 0xf4,
    0x20, 0xf4, 0x20, 0xf4, 0x00, 0xf4, 0xe0, 0xf3, 0xc0, 0xeb, 0x80, 0xeb,
    0x80, 0x3b, 0x81, 0x3b, 0x80, 0x3b, 0xc1, 0x63, 0x22, 0x8c, 0x43, 0x8c,
    0x22, 0x8c, 0x22, 0x8c, 0x23, 0x8c, 0x42, 0x8c, 0x42, 0x94, 0x43, 0x94,
    0x43, 0x94, 0x43, 0x94, 0x43, 0x94, 0x42, 0x94, 0x43, 0x94, 0x81, 0x62,
    0x80, 0x8a, 0x40, 0xab, 0x41, 0x82, 0x40, 0x51, 0x00, 0x72, 0x40, 0x82,
    0x40, 0x7a, 0x40, 0x7a, 0x40, 0x7a, 0x80, 0x51, 0x40, 0x7a, 0xc1, 0x9a,
    0x80, 0x8a, 0xe0, 0x71, 0x20, 0x49, 0x41, 0x72, 0x61, 0xcc, 0x20, 0xa3,
    0xe0, 0x9a, 0x00, 0xa3, 0x00, 0xa3, 0x00, 0xa3, 0xe0, 0xa2, 0x20, 0x7a,
    0x20, 0x49, 0x00, 0x41, 0x20, 0x49, 0x20, 0x49, 0x20, 0x49, 0x20, 0x49,
    0x20, 0x49, 0x20, 0x49, 0x00, 0x41, 0x60, 0x51, 0x80, 0x8a, 0xc0, 0x9a,
    0xe0, 0x9a, 0xe0, 0x9a, 0xe0, 0x9a, 0xe0, 0x9a, 0xe0, 0x9a, 0xe0, 0x71,
    0x20, 0x49, 0xc0, 0x69, 0x00, 0x72, 0x00, 0x72, 0x80, 0x59, 0x41, 0x51,
    0xa0, 0x61, 0xa0, 0x61, 0xa0, 0x69, 0xa0, 0x69, 0x60, 0x59, 0x20, 0x49,
    0x81, 0x61, 0x80, 0x92, 0x20, 0x7a, 0x80, 0x59, 0xc2, 0x6a, 0x62, 0x8c,
    0x43, 0x8c, 0x43, 0x8c, 0x62, 0x8c, 0x42, 0x8c, 0x62, 0x8c, 0x62, 0x8c,
    0x62, 0x8c, 0x62, 0x8c, 0x62, 0x8c, 0x82, 0x8c, 0x82, 0x84, 0x82, 0x84,
    0x81, 0x7c, 0x82, 0x7c, 0x62, 0x74, 0x61, 0x7c, 0x62, 0x74, 0x62, 0x74,
    0x81, 0x7c, 0x82, 0x7c, 0x81, 0x7c, 0x82, 0x84, 0x82, 0x84, 0xa2, 0x84,
    0x01, 0x9c, 0x20, 0xd3, 0xc0, 0xe2, 0x00, 0xec, 0x41, 0xf5, 0x41, 0xf5,
    0x81, 0xf5, 0xc2, 0xfd, 0xe3, 0xfd, 0x03, 0xfe, 0x23, 0xfe, 0x24, 0xfe,
    0x44, 0xfe, 0x44, 0xfe, 0x64, 0xfe, 0x65, 0xfe, 0x65, 0xfe, 0x85, 0xfe,
    0x85, 0xfe, 0x85, 0xfe, 0x85, 0xfe, 0x85, 0xfe, 0x85, 0xfe, 0x65, 0xfe,
    0x65, 0xfe, 0x85, 0xfe, 0x64, 0xfe, 0x65, 0xfe, 0x64, 0xfe, 0x64, 0xfe,
    0x44, 0xfe, 0x64, 0xfe, 0x64, 0xfe, 0x44, 0xfe, 0x24, 0xfe, 0x23, 0xfe,
    0x03, 0xfe, 0x62, 0xfd, 0x80, 0xf4, 0xa0, 0xfc, 0xa0, 0xfc, 0xc0, 0xfc,
    0xc0, 0xfc, 0xc0, 0xfc, 0xc0, 0xfc, 0xc0, 0xfc, 0xa0, 0xfc, 0xa0, 0xf4,
    0x80, 0xfc, 0x40, 0xf4, 0x40, 0xf4, 0x40, 0xfc, 0x40, 0xfc, 0x40, 0xf4,
    0x40, 0xf4, 0x00, 0xf4, 0xe0, 0xf3, 0x00, 0xf4, 0xe0, 0xf3, 0xe0, 0xf3,
    0xe0, 0xf3, 0xe0, 0xf3, 0xe0, 0xf3, 0xe0, 0xf3, 0xc0, 0xf3, 0xc0, 0xf3,
    0x80, 0xeb, 0x60, 0xeb, 0x60, 0xeb, 0x40, 0xeb, 0x00, 0xe3, 0x00, 0xe3,
    0xe0, 0xe2, 0xc0, 0xe2, 0xc0, 0xe2, 0xa0, 0xda, 0xa0, 0xda, 0xc0, 0xe2,
    0x80, 0xda, 0x02, 0xb9, 0x82, 0xb0, 0xa2, 0xb8, 0xa2, 0xb8, 0xa2, 0xb8,
    0xc3, 0xc0, 0xc3, 0xc0, 0xc3, 0xc0, 0xc3, 0xc8, 0x42, 0xa2, 0x22, 0x84,
    0x22, 0x84, 0x03, 0xa2, 0xc3, 0xc0, 0x03, 0xc9, 0x23, 0xd1, 0x23, 0xd1,
    0x23, 0xd1, 0x43, 0xd1, 0x44, 0xd1, 0x44, 0xd1, 0x64, 0xd1, 0x84, 0xd1,
    0x64, 0xd1, 0x44, 0xc1, 0x62, 0x8b, 0x41, 0x7c, 0x22, 0x84, 0x21, 0x7c,
    0x01, 0x7c, 0x02, 0x7c, 0x22, 0x7c, 0x41, 0x7c, 0x62, 0x8b, 0x23, 0xb9,
    0x43, 0xc9, 0x23, 0xc9, 0x23, 0xc9, 0x23, 0xc9, 0x23, 0xc9, 0x23, 0xc9,
    0x23, 0xc9, 0x23, 0xc9, 0x03, 0xc9, 0x03, 0xc9, 0x03, 0xc9, 0x43, 0xb1,
    0x01, 0xab, 0xe0, 0xeb, 0x00, 0xf4, 0x40, 0xf4, 0x40, 0xf4, 0x20, 0xf4,
    0x20, 0xec, 0x00, 0xf4, 0xe0, 0xf3, 0xc0, 0xf3, 0xa0, 0xeb, 0x80, 0xeb,
    0x81, 0x3b, 0x81, 0x4b, 0xe2, 0x73, 0x22, 0x8c, 0x22, 0x8c, 0x43, 0x8c,
    0x43, 0x8c, 0x43, 0x94, 0x42, 0x8c, 0x43, 0x94, 0x22, 0x94, 0x42, 0x8c,
    0x43, 0x94, 0x43, 0x94, 0x43, 0x94, 0x43, 0x94, 0x02, 0x8c, 0x01, 0x62,
    0x20, 0x7a, 0x60, 0x8a, 0x20, 0xab, 0x20, 0x7a, 0x40, 0x49, 0xc0, 0x69,
    0x40, 0x7a, 0x40, 0x82, 0x00, 0x72, 0x80, 0x51, 0xa0, 0x8a, 0x60, 0x8a,
    0x60, 0x82, 0x40, 0x49, 0xa0, 0x59, 0x01, 0xbc, 0x40, 0xab, 0xe0, 0xa2,
    0xe0, 0xa2, 0xe0, 0x9a, 0x00, 0xa3, 0xa0, 0x8a, 0x60, 0x51, 0x20, 0x49,
    0x20, 0x49, 0x20, 0x49, 0x20, 0x49, 0x20, 0x49, 0x20, 0x49, 0x20, 0x49,
    0x20, 0x49, 0x20, 0x49, 0x20, 0x49, 0x20, 0x49, 0x20, 0x49, 0xe0, 0x71,
    0xc0, 0x9a, 0xe0, 0x9a, 0xe0, 0xa2, 0xe0, 0x9a, 0xc0, 0x9a, 0xe0, 0x9a,
    0xa0, 0x59, 0x60, 0x51, 0x00, 0x72, 0xe0, 0x71, 0xc0, 0x69, 0x20, 0x49,
    0x80, 0x59, 0xc0, 0x69, 0xa0, 0x61, 0x60, 0x51, 0x20, 0x49, 0xe0, 0x69,
    0xa0, 0x92, 0x00, 0x7a, 0xa0, 0x69, 0x80, 0x61, 0x21, 0x5a, 0x62, 0x94,
    0x62, 0x94, 0x62, 0x8c, 0x62, 0x8c, 0x62, 0x94, 0x62, 0x8c, 0x62, 0x8c,
    0x62, 0x8c, 0x62, 0x8c, 0x62, 0x8c, 0x82, 0x8c, 0x62, 0x84, 0x62, 0x84,
    0x62, 0x84, 0x62, 0x84, 0x82, 0x84, 0x82, 0x84, 0x82, 0x84, 0x62, 0x84,
    0x82, 0x84, 0x82, 0x84, 0x82, 0x84, 0x82, 0x84, 0x82, 0x84, 0x81, 0xab,
    0xe0, 0xe2, 0x00, 0xe3, 0x00, 0xe3, 0x60, 0xec, 0x81, 0xf5, 0x61, 0xfd,
    0x40, 0xf5, 0x81, 0xf5, 0xe2, 0xfd, 0x03, 0xfe, 0x23, 0xfe, 0x23, 0xfe,
    0x44, 0xfe, 0x44, 0xfe, 0x44, 0xfe, 0x64, 0xfe, 0x64, 0xfe, 0x64, 0xfe,
    0x65, 0xfe, 0x65, 0xfe, 0x65, 0xfe, 0x65, 0xfe, 0x65, 0xfe, 0x64, 0xfe,
    0x85, 0xfe, 0x65, 0xfe, 0x64, 0xfe, 0x64, 0xfe, 0x64, 0xfe, 0x44, 0xfe,
    0x65, 0xfe, 0x44, 0xfe, 0x44, 0xfe, 0x24, 0xfe, 0x23, 0xfe, 0x23, 0xfe,
    0x23, 0xfe, 0x82, 0xfd, 0x60, 0xf4, 0xa0, 0xfc, 0xa0, 0xfc, 0xc0, 0xf4,
    0xc0, 0xfc, 0xa0, 0xfc, 0xc0, 0xfc, 0xa0, 0xf4, 0xa0, 0xfc, 0xa0, 0xfc,
    0x80, 0xfc, 0x60, 0xfc, 0x40, 0xf4, 0x40, 0xf4, 0x40, 0xfc, 0x20, 0xf4,
    0x00, 0xf4, 0x00, 0xf4, 0x20, 0xf4, 0x40, 0xf4, 0x20, 0xf4, 0x20, 0xf4,
    0x20, 0xf4, 0x40, 0xf4, 0x20, 0xf4, 0x00, 0xf4, 0x00, 0xf4, 0xe0, 0xf3,
    0xc0, 0xf3, 0xc0, 0xf3, 0x80, 0xeb, 0x60, 0xeb, 0x60, 0xeb, 0x40, 0xeb,
    0x00, 0xe3, 0xe0, 0xe2, 0xc0, 0xe2, 0xc0, 0xe2, 0xc0, 0xe2, 0xc0, 0xe2,
    0xc0, 0xe2, 0xa0, 0xda, 0x22, 0xb9, 0x62, 0xb0, 0xa2, 0xb8, 0xa2, 0xb8,
    0xa3, 0xc0, 0xc3, 0xc0, 0xc3, 0xc0, 0xc3, 0xc8, 0x42, 0xa2, 0x22, 0x84,
    0xe3, 0xa9, 0xc3, 0xc8, 0xe3, 0xc8, 0x04, 0xd1, 0x23, 0xd1, 0x24, 0xd1,
    0x03, 0xd1, 0x24, 0xd9, 0x23, 0xd1, 0x24, 0xd9, 0x44, 0xd9, 0x44, 0xd1,
    0x64, 0xd1, 0x44, 0xd1, 0x23, 0xc1, 0x22, 0x93, 0x41, 0x7c, 0x22, 0x7c,
    0x01, 0x7c, 0x02, 0x7c, 0x21, 0x7c, 0xe1, 0x83, 0x83, 0xb1, 0x03, 0xc9,
    0x23, 0xc9, 0x23, 0xc9, 0x23, 0xd1, 0x03, 0xd1, 0x23, 0xd1, 0x03, 0xc9,
    0x02, 0xc9, 0x02, 0xc9, 0x03, 0xc9, 0x02, 0xc1, 0xe3, 0xc0, 0x81, 0xda,
    0x00, 0xec, 0x20, 0xf4, 0x20, 0xf4, 0x40, 0xf4, 0x40, 0xf4, 0x20, 0xf4,
    0x20, 0xf4, 0x00, 0xf4, 0xe0, 0xf3, 0xc0, 0xeb, 0x80, 0xeb, 0x60, 0xeb,
    0xc1, 0x63, 0x22, 0x84, 0x22, 0x84, 0x22, 0x8c, 0x22, 0x8c, 0x23, 0x8c,
    0x42, 0x8c, 0x42, 0x8c, 0x42, 0x8c, 0x43, 0x94, 0x43, 0x8c, 0x42, 0x94,
    0x42, 0x8c, 0x43, 0x94, 0x42, 0x94, 0x43, 0x94, 0xa2, 0x7b, 0xc0, 0x61,
    0x20, 0x7a, 0x20, 0x7a, 0x80, 0x8a, 0x21, 0xab, 0x00, 0x72, 0x40, 0x49,
    0xc1, 0x61, 0x40, 0x7a, 0x80, 0x59, 0x01, 0x6a, 0xa0, 0x8a, 0x60, 0x82,
    0xa0, 0x61, 0x40, 0x49, 0x60, 0xa3, 0xa0, 0xb3, 0xe0, 0x9a, 0x00, 0xa3,
    0x00, 0xa3, 0x00, 0xa3, 0x60, 0x82, 0x20, 0x49, 0x20, 0x49, 0x20, 0x49,
    0x20, 0x49, 0x20, 0x49, 0x20, 0x49, 0x20, 0x49, 0x20, 0x49, 0x20, 0x49,
    0x20, 0x49, 0x20, 0x49, 0x20, 0x49, 0x20, 0x49, 0x20, 0x49, 0x20, 0x49,
    0xe0, 0x69, 0xe0, 0xa2, 0x00, 0xa3, 0xe0, 0xa2, 0xe0, 0x9a, 0xe1, 0x9a,
    0xa1, 0x8a, 0x40, 0x49, 0xa0, 0x61, 0x00, 0x72, 0xe0, 0x71, 0x60, 0x59,
    0x40, 0x51, 0x80, 0x61, 0x20, 0x49, 0x40, 0x49, 0x01, 0x7a, 0xa0, 0x92,
    0xe0, 0x71, 0xa0, 0x69, 0xc0, 0x69, 0xc0, 0x69, 0x81, 0x59, 0xe2, 0x8b,
    0x62, 0x94, 0x63, 0x94, 0x42, 0x94, 0x62, 0x8c, 0x63, 0x8c, 0x62, 0x8c,
    0x62, 0x94, 0x62, 0x8c, 0x62, 0x8c, 0x62, 0x8c, 0x62, 0x8c, 0x62, 0x8c,
    0x62, 0x8c, 0x82, 0x84, 0x82, 0x8c, 0x62, 0x84, 0x62, 0x8c, 0x62, 0x8c,
    0x82, 0x8c, 0x82, 0x8c, 0x62, 0x8c, 0x62, 0x8c, 0x80, 0xab, 0x00, 0xe3,
    0x20, 0xe3, 0x40, 0xe3, 0x20, 0xe3, 0xa1, 0xec, 0x81, 0xfd, 0xa1, 0xfd,
    0x81, 0xf5, 0x61, 0xf5, 0x61, 0xf5, 0xa1, 0xf5, 0x03, 0xfe, 0x23, 0xfe,
    0x23, 0xfe, 0x44, 0xfe, 0x44, 0xfe, 0x64, 0xfe, 0x64, 0xfe, 0x64, 0xfe,
    0x64, 0xfe, 0x64, 0xfe, 0x64, 0xfe, 0x64, 0xfe, 0x64, 0xfe, 0x64, 0xfe,
    0x64, 0xfe, 0x64, 0xfe, 0x44, 0xfe, 0x64, 0xfe, 0x44, 0xfe, 0x64, 0xfe,
    0x44, 0xfe, 0x44, 0xfe, 0x44, 0xfe, 0x44, 0xfe, 0x23, 0xfe, 0x23, 0xfe,
    0x03, 0xfe, 0xa2, 0xfd, 0x81, 0xf4, 0x80, 0xfc, 0x80, 0xf4, 0xa0, 0xf4,
    0xa0, 0xfc, 0xa0, 0xf4, 0xa0, 0xf4, 0xa0, 0xfc, 0xa0, 0xf4, 0x80, 0xf4,
    0x80, 0xf4, 0x60, 0xf4, 0x60, 0xfc, 0x20, 0xfc, 0x20, 0xf4, 0x20, 0xf4,
    0x40, 0xfc, 0x40, 0xfc, 0x60, 0xf4, 0x60, 0xfc, 0x60, 0xfc, 0x60, 0xf4,
    0x60, 0xf4, 0x60, 0xfc, 0x40, 0xf4, 0x20, 0xf4, 0x20, 0xf4, 0x00, 0xf4,
    0x00, 0xf4, 0xe0, 0xf3, 0xe0, 0xf3, 0xa0, 0xf3, 0x80, 0xeb, 0x60, 0xeb,
    0x40, 0xeb, 0x20, 0xeb, 0x00, 0xe3, 0xe0, 0xe2, 0xe0, 0xe2, 0xe0, 0xda,
    0xc0, 0xe2, 0xc0, 0xe2, 0xe0, 0xda, 0x61, 0xc1, 0x82, 0xb0, 0xa2, 0xb8,
    0xa2, 0xc0, 0xa2, 0xc0, 0xc2, 0xc0, 0xc3, 0xc0, 0x02, 0xb9, 0x22, 0xb9,
    0xc3, 0xc8, 0xc2, 0xc8, 0xe3, 0xd0, 0x03, 0xd1, 0x03, 0xd1, 0xe3, 0xd0,
    0x03, 0xd1, 0x03, 0xd9, 0x03, 0xd1, 0x23, 0xd9, 0x24, 0xd9, 0x24, 0xd9,
    0x23, 0xd1, 0x43, 0xd1, 0x23, 0xd1, 0x23, 0xc1, 0x82, 0x83, 0x41, 0x7c,
    0x01, 0x7c, 0x02, 0x7c, 0x21, 0x84, 0x62, 0xa2, 0xe3, 0xc8, 0x03, 0xc9,
    0x03, 0xc9, 0x03, 0xc9, 0x03, 0xd1, 0x03, 0xd1, 0xe2, 0xc8, 0xe2, 0xc8,
    0x03, 0xc9, 0xe2, 0xc8, 0xe2, 0xc0, 0xe2, 0xc0, 0xc1, 0xda, 0x40, 0xf4,
    0x20, 0xf4, 0x40, 0xf4, 0x40, 0xf4, 0x40, 0xf4, 0x40, 0xf4, 0x20, 0xf4,
    0x00, 0xf4, 0x00, 0xf4, 0xe0, 0xf3, 0xa0, 0xeb, 0x80, 0xeb, 0x40, 0xeb,
    0x22, 0x7c, 0x22, 0x84, 0x22, 0x84, 0x22, 0x84, 0x22, 0x8c, 0x42, 0x8c,
    0x23, 0x8c, 0x43, 0x94, 0x22, 0x8c, 0x43, 0x8c, 0x43, 0x94, 0x43, 0x94,
    0x43, 0x94, 0x43, 0x94, 0x42, 0x94, 0x63, 0x94, 0x02, 0x73, 0xc0, 0x69,
    0x20, 0x7a, 0x20, 0x7a, 0x20, 0x7a, 0x80, 0x8a, 0x20, 0xab, 0x20, 0x7a,
    0x40, 0x49, 0x80, 0x59, 0x40, 0x51, 0x60, 0x82, 0x60, 0x82, 0x21, 0x7a,
    0x40, 0x49, 0x20, 0x72, 0x21, 0xc4, 0x00, 0x9b, 0x00, 0xa3, 0x00, 0x9b,
    0x00, 0xa3, 0x60, 0x82, 0x20, 0x49, 0x20, 0x49, 0x20, 0x49, 0x20, 0x49,
    0x20, 0x49, 0x20, 0x49, 0x20, 0x49, 0x20, 0x49, 0x20, 0x49, 0x00, 0x49,
    0x20, 0x49, 0x20, 0x49, 0x20, 0x49, 0x20, 0x49, 0x20, 0x49, 0x20, 0x49,
    0x20, 0x49, 0xc0, 0x69, 0x00, 0xa3, 0xe0, 0x9a, 0xe0, 0xa2, 0xc0, 0x9a,
    0xe0, 0x9a, 0xe0, 0x69, 0x20, 0x49, 0x00, 0x72, 0x00, 0x72, 0x80, 0x59,
    0x20, 0x49, 0x20, 0x41, 0x80, 0x59, 0x60, 0x8a, 0x81, 0x92, 0xe0, 0x71,
    0xc0, 0x69, 0xc1, 0x69, 0xc0, 0x69, 0xc0, 0x69, 0x80, 0x59, 0x82, 0x7b,
    0x63, 0x94, 0x63, 0x94, 0x42, 0x94, 0x63, 0x94, 0x62, 0x94, 0x62, 0x94,
    0x62, 0x8c, 0x62, 0x94, 0x62, 0x8c, 0x62, 0x8c, 0x62, 0x8c, 0x62, 0x8c,
    0x62, 0x8c, 0x62, 0x8c, 0x82, 0x8c, 0x62, 0x8c, 0x62, 0x8c, 0x82, 0x8c,
    0x62, 0x8c, 0x62, 0x8c, 0x62, 0x84, 0x81, 0xa3, 0xe0, 0xe2, 0x20, 0xeb,
    0x40, 0xeb, 0x40, 0xeb, 0x40, 0xe3, 0xc0, 0xec, 0x81, 0xf5, 0x81, 0xf5,
    0xa1, 0xfd, 0xc2, 0xfd, 0x81, 0xf5, 0x61, 0xf5, 0x81, 0xfd, 0xc2, 0xfd,
    0x23, 0xfe, 0x43, 0xfe, 0x44, 0xfe, 0x44, 0xfe, 0x44, 0xfe, 0x64, 0xfe,
    0x64, 0xfe, 0x64, 0xfe, 0x64, 0xfe, 0x64, 0xfe, 0x64, 0xfe, 0x64, 0xfe,
    0x64, 0xfe, 0x64, 0xfe, 0x44, 0xfe, 0x44, 0xfe, 0x44, 0xfe, 0x44, 0xfe,
    0x44, 0xfe, 0x44, 0xfe, 0x24, 0xfe, 0x23, 0xfe, 0x23, 0xfe, 0x03, 0xfe,
    0x03, 0xfe, 0xc2, 0xfd, 0x61, 0xf4, 0x60, 0xfc, 0x60, 0xfc, 0x80, 0xfc,
    0x80, 0xf4, 0x80, 0xf4, 0x80, 0xfc, 0x80, 0xfc, 0x80, 0xfc, 0x80, 0xf4,
    0x80, 0xfc, 0x60, 0xfc, 0x40, 0xf4, 0x00, 0xf4, 0x40, 0xf4, 0x60, 0xf4,
    0x80, 0xfc, 0x80, 0xf4, 0x80, 0xfc, 0x80, 0xfc, 0x80, 0xfc, 0x80, 0xf4,
    0x60, 0xfc, 0x60, 0xfc, 0x60, 0xfc, 0x40, 0xfc, 0x40, 0xf4, 0x20, 0xf4,
    0x20, 0xf4, 0x20, 0xf4, 0x00, 0xf4, 0xc0, 0xf3, 0xa0, 0xeb, 0x80, 0xeb,
    0x80, 0xeb, 0x40, 0xeb, 0x20, 0xeb, 0x00, 0xe3, 0xe0, 0xe2, 0xe0, 0xe2,
    0xe0, 0xe2, 0xe0, 0xe2, 0xe0, 0xe2, 0xe0, 0xe2, 0x01, 0xca, 0xa2, 0xb8,
    0xa2, 0xb8, 0xa3, 0xc0, 0xa2, 0xc0, 0xa2, 0xc0, 0xc2, 0xc8, 0xa2, 0xc8,
    0xc2, 0xc8, 0xc2, 0xc8, 0xc3, 0xc8, 0xe3, 0xd0, 0xe3, 0xd0, 0xe3, 0xd0,
    0xe3, 0xd0, 0x03, 0xd1, 0x03, 0xd9, 0x03, 0xd9, 0x03, 0xd9, 0x23, 0xd9,
    0x23, 0xd9, 0x23, 0xd1, 0x03, 0xd1, 0x03, 0xd1, 0x83, 0xb1, 0xe1, 0x7b,
    0xe1, 0x7b, 0x21, 0x7c, 0xe2, 0x83, 0x23, 0xb9, 0x03, 0xc9, 0x03, 0xc9,
    0x03, 0xc9, 0x02, 0xd1, 0xe3, 0xc8, 0xe2, 0xd0, 0xe2, 0xc8, 0xe2, 0xc8,
    0xe3, 0xc8, 0xa2, 0xc0, 0x42, 0xc9, 0xa1, 0xeb, 0x40, 0xf4, 0x40, 0xf4,
    0x40, 0xf4, 0x40, 0xf4, 0x40, 0xfc, 0x40, 0xf4, 0x20, 0xf4, 0x20, 0xf4,
    0x00, 0xf4, 0xe0, 0xf3, 0xc0, 0xf3, 0x80, 0xeb, 0x60, 0xeb, 0x40, 0xeb,
    0x21, 0x84, 0x42, 0x84, 0x42, 0x8c, 0x22, 0x8c, 0x42, 0x8c, 0x42, 0x8c,
    0x23, 0x8c, 0x42, 0x8c, 0x42, 0x94, 0x42, 0x8c, 0x42, 0x94, 0x43, 0x94,
    0x43, 0x94, 0x42, 0x94, 0x43, 0x94, 0x63, 0x94, 0xa1, 0x6a, 0xe0, 0x69,
    0x40, 0x7a, 0x20, 0x7a, 0x40, 0x7a, 0x20, 0x7a, 0x60, 0x8a, 0x01, 0xa3,
    0x60, 0x82, 0x60, 0x49, 0x40, 0x49, 0x60, 0x51, 0xe0, 0x71, 0xe0, 0x69,
    0x40, 0x49, 0x60, 0xa3, 0x40, 0xab, 0xe0, 0x9a, 0xe0, 0xa2, 0x00, 0xa3,
    0x80, 0x8a, 0x20, 0x49, 0x20, 0x49, 0x20, 0x49, 0x20, 0x49, 0x20, 0x49,
    0x20, 0x49, 0x20, 0x49, 0x20, 0x49, 0x20, 0x49, 0x20, 0x49, 0x20, 0x49,
    0x20, 0x49, 0x20, 0x49, 0x20, 0x49, 0x20, 0x49, 0x20, 0x49, 0x20, 0x49,
    0x20, 0x49, 0x20, 0x49, 0x40, 0x7a, 0x20, 0xa3, 0xe0, 0xa2, 0xe0, 0xa2,
    0xe0, 0x9a, 0xe0, 0x9a, 0x40, 0x51, 0x60, 0x51, 0x60, 0x51, 0x60, 0x59,
    0x20, 0x49, 0xa1, 0x61, 0xa0, 0x9a, 0x40, 0x82, 0xa0, 0x69, 0xa0, 0x61,
    0xa0, 0x69, 0xc0, 0x69, 0xa0, 0x69, 0xc0, 0x69, 0x80, 0x59, 0x22, 0x73,
    0x62, 0x8c, 0x42, 0x8c, 0x62, 0x8c, 0x62, 0x8c, 0x62, 0x94, 0x62, 0x8c,
    0x62, 0x8c, 0x62, 0x94, 0x62, 0x8c, 0x62, 0x8c, 0x62, 0x8c, 0x62, 0x8c,
    0x62, 0x8c, 0x62, 0x8c, 0x82, 0x8c, 0x82, 0x8c, 0x82, 0x8c, 0x82, 0x8c,
    0x82, 0x8c, 0x62, 0x8c, 0x01, 0x8c, 0xe0, 0xd2, 0x20, 0xeb, 0x60, 0xeb,
    0x60, 0xeb, 0x80, 0xeb, 0x80, 0xeb, 0xe0, 0xf4, 0x61, 0xf5, 0x81, 0xf5,
    0xa1, 0xf5, 0xa1, 0xfd, 0xe2, 0xfd, 0xe2, 0xf5, 0xa1, 0xf5, 0x81, 0xf5,
    0xa2, 0xfd, 0xe3, 0xfd, 0x23, 0xfe, 0x23, 0xfe, 0x44, 0xfe, 0x44, 0xfe,
    0x44, 0xfe, 0x44, 0xfe, 0x44, 0xfe, 0x44, 0xfe, 0x44, 0xfe, 0x44, 0xfe,
    0x44, 0xfe, 0x44, 0xfe, 0x44, 0xfe, 0x44, 0xfe, 0x44, 0xfe, 0x23, 0xfe,
    0x23, 0xfe, 0x23, 0xfe, 0x23, 0xfe, 0x03, 0xfe, 0xe3, 0xfd, 0xc2, 0xfd,
    0x81, 0xf5, 0x61, 0xf5, 0x80, 0xf4, 0x40, 0xf4, 0x40, 0xfc, 0x40, 0xf4,
    0x40, 0xfc, 0x40, 0xf4, 0x60, 0xf4, 0x60, 0xf4, 0x60, 0xfc, 0x60, 0xf4,
    0x60, 0xfc, 0x40, 0xf4, 0x00, 0xf4, 0x60, 0xf4, 0x80, 0xfc, 0x80, 0xfc,
    0xa0, 0xf4, 0xa0, 0xfc, 0xa0, 0xf4, 0xa0, 0xf4, 0xc0, 0xfc, 0xa0, 0xfc,
    0xa0, 0xfc, 0x80, 0xf4, 0x80, 0xf4, 0x80, 0xfc, 0x60, 0xfc, 0x60, 0xfc,
    0x40, 0xf4, 0x40, 0xf4, 0x20, 0xf4, 0x00, 0xf4, 0xe0, 0xf3, 0xc0, 0xf3,
    0xa0, 0xf3, 0x80, 0xeb, 0x40, 0xeb, 0x20, 0xeb, 0x00, 0xe3, 0x00, 0xe3,
    0xe0, 0xe2, 0xe0, 0xe2, 0xe0, 0xe2, 0x00, 0xe3, 0x00, 0xe3, 0x61, 0xda,
    0x02, 0xc1, 0x83, 0xb8, 0xa2, 0xc0, 0xa2, 0xc0, 0xa2, 0xc0, 0x82, 0xc0,
    0xa2, 0xc8, 0xa2, 0xc8, 0xc2, 0xc8, 0xc3, 0xd0, 0xc3, 0xd0, 0xe3, 0xd0,
    0xe3, 0xd0, 0xe3, 0xd0, 0xe3, 0xd8, 0xe3, 0xd0, 0x03, 0xd1, 0xe3, 0xd0,
    0x03, 0xd9, 0x03, 0xd1, 0x03, 0xd1, 0xe3, 0xd0, 0xe3, 0xd0, 0x62, 0x9a,
    0x01, 0x74, 0x02, 0x7c, 0x42, 0xa2, 0xc3, 0xc0, 0xe2, 0xc8, 0xe3, 0xd0,
    0xe2, 0xd0, 0xe2, 0xc8, 0xe2, 0xc8, 0xe2, 0xc8, 0xe2, 0xc8, 0xc3, 0xc0,
    0xe2, 0xc0, 0x61, 0xd2, 0x20, 0xf4, 0x40, 0xf4, 0x60, 0xf4, 0x60, 0xf4,
    0x60, 0xf4, 0x40, 0xf4, 0x40, 0xfc, 0x40, 0xf4, 0x20, 0xf4, 0x00, 0xf4,
    0xe0, 0xf3, 0xc0, 0xf3, 0xa0, 0xeb, 0x60, 0xeb, 0x40, 0xeb, 0x20, 0xeb,
    0x22, 0x84, 0x42, 0x84, 0x22, 0x8c, 0x22, 0x8c, 0x22, 0x8c, 0x42, 0x8c,
    0x23, 0x8c, 0x42, 0x8c, 0x43, 0x94, 0x42, 0x8c, 0x42, 0x8c, 0x42, 0x94,
    0x43, 0x94, 0x42, 0x94, 0x43, 0x94, 0x63, 0x94, 0x41, 0x62, 0xe0, 0x71,
    0x20, 0x7a, 0x20, 0x7a, 0x40, 0x82, 0x40, 0x82, 0x20, 0x82, 0x40, 0x7a,
    0xa0, 0x92, 0xe0, 0x71, 0x20, 0x49, 0x21, 0x49, 0x40, 0x49, 0x20, 0x49,
    0xe0, 0x61, 0xc1, 0xb3, 0x00, 0xa3, 0x00, 0xa3, 0xe0, 0xa2, 0xc0, 0x9a,
    0x60, 0x51, 0x20, 0x49, 0x20, 0x49, 0x20, 0x49, 0x20, 0x49, 0x20, 0x49,
    0x20, 0x49, 0x20, 0x49, 0x20, 0x49, 0x20, 0x49, 0x00, 0x49, 0x20, 0x49,
    0x00, 0x49, 0x20, 0x49, 0x20, 0x49, 0x20, 0x49, 0x20, 0x49, 0x20, 0x49,
    0x20, 0x49, 0x21, 0x49, 0x40, 0x49, 0xc0, 0x92, 0xe0, 0xa2, 0xe0, 0xa2,
    0xe0, 0x9a, 0x00, 0xa3, 0xe0, 0x69, 0x20, 0x49, 0x21, 0x49, 0x20, 0x49,
    0x20, 0x49, 0x60, 0x59, 0xe0, 0x69, 0xa0, 0x69, 0xa0, 0x69, 0xc0, 0x69,
    0xc0, 0x61, 0xa0, 0x69, 0xc0, 0x69, 0xc0, 0x69, 0x80, 0x61, 0xc1, 0x6a,
    0x42, 0x8c, 0x42, 0x8c, 0x43, 0x8c, 0x42, 0x8c, 0x42, 0x8c, 0x63, 0x8c,
    0x63, 0x8c, 0x62, 0x8c, 0x62, 0x8c, 0x83, 0x94, 0x62, 0x8c, 0x82, 0x8c,
    0x62, 0x8c, 0x82, 0x8c, 0x62, 0x8c, 0x62, 0x8c, 0x62, 0x8c, 0x62, 0x8c,
    0x62, 0x8c, 0x62, 0x8c, 0x21, 0xc3, 0x00, 0xeb, 0x40, 0xeb, 0x60, 0xeb,
    0x80, 0xeb, 0xa0, 0xeb, 0xa0, 0xeb, 0xc0, 0xf4, 0x61, 0xf5, 0x61, 0xf5,
    0x81, 0xf5, 0xa1, 0xfd, 0xc2, 0xfd, 0xe2, 0xfd, 0xe3, 0xfd, 0xe2, 0xfd,
    0xa1, 0xfd, 0x81, 0xf5, 0xa1, 0xf5, 0xa1, 0xf5, 0xc2, 0xfd, 0xe2, 0xfd,
    0x03, 0xfe, 0x03, 0xfe, 0x03, 0xfe, 0x23, 0xfe, 0x44, 0xfe, 0x44, 0xfe,
    0x24, 0xfe, 0x24, 0xfe, 0x23, 0xfe, 0x23, 0xfe, 0x03, 0xfe, 0x03, 0xfe,
    0xe2, 0xfd, 0xc2, 0xfd, 0xa1, 0xf5, 0x81, 0xf5, 0x41, 0xf5, 0x41, 0xf5,
    0x61, 0xfd, 0xa1, 0xfd, 0xc1, 0xfc, 0x20, 0xf4, 0x40, 0xf4, 0x40, 0xf4,
    0x40, 0xf4, 0x40, 0xfc, 0x40, 0xf4, 0x40, 0xf4, 0x40, 0xf4, 0x40, 0xf4,
    0x20, 0xf4, 0x00, 0xf4, 0x60, 0xfc, 0xa0, 0xfc, 0xa0, 0xfc, 0xa0, 0xfc,
    0xa0, 0xf4, 0xc0, 0xfc, 0xc0, 0xfc, 0xc0, 0xfc, 0xc0, 0xfc, 0xc0, 0xfc,
    0xa0, 0xf4, 0x80, 0xfc, 0xa0, 0xfc, 0xa0, 0xfc, 0x80, 0xf4, 0x60, 0xfc,
    0x40, 0xf4, 0x40, 0xf4, 0x40, 0xf4, 0x20, 0xf4, 0x00, 0xf4, 0xe0, 0xf3,
    0xa0, 0xeb, 0x80, 0xeb, 0x40, 0xeb, 0x40, 0xeb, 0x20, 0xeb, 0x00, 0xeb,
    0x00, 0xe3, 0xe0, 0xe2, 0xe0, 0xe2, 0x00, 0xe3, 0x00, 0xeb, 0x00, 0xeb,
    0x20, 0xe3, 0x61, 0xd2, 0xe2, 0xc0, 0x82, 0xc0, 0x82, 0xc0, 0xa2, 0xc0,
    0xa2, 0xc0, 0xa2, 0xc8, 0xa2, 0xc8, 0xc2, 0xc8, 0xc2, 0xd0, 0xc2, 0xd0,
    0xc2, 0xd0, 0xc3, 0xd0, 0xe3, 0xd0, 0xe3, 0xd8, 0xe3, 0xd0, 0xe3, 0xd0,
    0xe3, 0xd0, 0xe3, 0xd0, 0xe3, 0xd8, 0xe3, 0xd0, 0xe3, 0xd0, 0x22, 0xc1,
    0x82, 0x7b, 0xa2, 0x92, 0xa2, 0xc0, 0xc2, 0xc0, 0xc2, 0xc8, 0xc2, 0xc8,
    0xc2, 0xc8, 0xc2, 0xc8, 0xc2, 0xc8, 0xa2, 0xc8, 0xa2, 0xc0, 0x41, 0xd2,
    0x20, 0xec, 0x60, 0xf4, 0x40, 0xf4, 0x60, 0xf4, 0x60, 0xf4, 0x60, 0xfc,
    0x40, 0xf4, 0x40, 0xfc, 0x40, 0xf4, 0x20, 0xf4, 0x00, 0xf4, 0xc0, 0xf3,
    0xc0, 0xeb, 0xa0, 0xeb, 0x80, 0xeb, 0x40, 0xeb, 0x20, 0xeb, 0x20, 0xe3,
    0x22, 0x84, 0x22, 0x84, 0x22, 0x84, 0x22, 0x84, 0x22, 0x8c, 0x42, 0x8c,
    0x23, 0x8c, 0x42, 0x8c, 0x42, 0x8c, 0x43, 0x94, 0x43, 0x8c, 0x42, 0x8c,
    0x42, 0x8c, 0x23, 0x94, 0x42, 0x94, 0x22, 0x8c, 0xe1, 0x59, 0x20, 0x7a,
    0x20, 0x7a, 0x20, 0x7a, 0x20, 0x7a, 0x40, 0x82, 0x20, 0x82, 0x20, 0x7a,
    0x40, 0x82, 0x80, 0x59, 0x20, 0x7a, 0xa0, 0x8a, 0xa0, 0x61, 0x40, 0x49,
    0xa1, 0x82, 0x80, 0xb3, 0x00, 0xa3, 0x00, 0xa3, 0x00, 0xa3, 0x00, 0x72,
    0x20, 0x41, 0x20, 0x49, 0x20, 0x49, 0x20, 0x49, 0x20, 0x49, 0x20, 0x49,
    0x20, 0x49, 0x00, 0x49, 0x20, 0x49, 0x20, 0x49, 0x20, 0x49, 0x20, 0x49,
    0x21, 0x41, 0x20, 0x49, 0x00, 0x49, 0x20, 0x49, 0x20, 0x49, 0x20, 0x49,
    0x20, 0x49, 0x20, 0x49, 0x20, 0x49, 0xe0, 0x69, 0x20, 0xa3, 0xe0, 0xa2,
    0xe0, 0x9a, 0xe0, 0x9a, 0x80, 0x82, 0x20, 0x49, 0x60, 0x51, 0xa0, 0x61,
    0xa0, 0x69, 0x40, 0x51, 0xc0, 0x69, 0xa0, 0x61, 0xc0, 0x69, 0xc0, 0x69,
    0xa0, 0x69, 0xa0, 0x69, 0xc0, 0x69, 0xc0, 0x69, 0xa0, 0x61, 0x61, 0x5a,
    0x62, 0x84, 0x62, 0x84, 0x62, 0x84, 0x62, 0x84, 0x62, 0x84, 0x62, 0x84,
    0x62, 0x8c, 0x62, 0x84, 0x82, 0x84, 0x62, 0x8c, 0x62, 0x84, 0x62, 0x84,
    0x62, 0x84, 0x82, 0x84, 0x62, 0x84, 0x82, 0x84, 0x82, 0x84, 0x82, 0x8c,
    0x82, 0x84, 0xc1, 0x9b, 0x00, 0xe3, 0x40, 0xeb, 0x60, 0xeb, 0x80, 0xeb,
    0xa0, 0xf3, 0xa0, 0xeb, 0x80, 0xeb, 0xa0, 0xec, 0x61, 0xf5, 0x61, 0xf5,
    0x81, 0xf5, 0xa1, 0xf5, 0xa2, 0xf5, 0xe2, 0xfd, 0xe2, 0xfd, 0x03, 0xfe,
    0x03, 0xfe, 0x02, 0xfe, 0xe2, 0xfd, 0xc2, 0xfd, 0xa1, 0xf5, 0xa1, 0xfd,
    0xa1, 0xf5, 0xa1, 0xf5, 0xa1, 0xfd, 0xa1, 0xfd, 0xa1, 0xf5, 0xc1, 0xfd,
    0xc1, 0xf5, 0xa1, 0xfd, 0xa1, 0xf5, 0x81, 0xfd, 0x81, 0xf5, 0x81, 0xf5,
    0x61, 0xf5, 0x61, 0xf5, 0x81, 0xfd, 0xa1, 0xfd, 0xa2, 0xfd, 0xc2, 0xfd,
    0xc1, 0xfd, 0xa2, 0xfd, 0x01, 0xf5, 0x00, 0xf4, 0x20, 0xf4, 0x00, 0xf4,
    0x20, 0xf4, 0x20, 0xf4, 0x20, 0xfc, 0x20, 0xf4, 0x20, 0xfc, 0x00, 0xf4,
    0x00, 0xf4, 0x60, 0xf4, 0xa0, 0xfc, 0xc0, 0xf4, 0xc0, 0xfc, 0xc0, 0xfc,
    0xe0, 0xfc, 0xe0, 0xfc, 0xe0, 0xfc, 0xe0, 0xfc, 0xc0, 0xfc, 0xc0, 0xfc,
    0xa0, 0xf4, 0xa0, 0xfc, 0xa0, 0xfc, 0xa0, 0xf4, 0x80, 0xf4, 0xa0, 0xfc,
    0x80, 0xfc, 0x60, 0xfc, 0x60, 0xf4, 0x40, 0xf4, 0x20, 0xf4, 0x00, 0xf4,
    0xc0, 0xf3, 0xa0, 0xf3, 0x80, 0xeb, 0x60, 0xeb, 0x40, 0xeb, 0x20, 0xeb,
    0x00, 0xeb, 0x00, 0xe3, 0xe0, 0xe2, 0x00, 0xeb, 0x00, 0xeb, 0x20, 0xe3,
    0x20, 0xeb, 0x40, 0xeb, 0x40, 0xeb, 0x81, 0xda, 0x82, 0xc9, 0x82, 0xc0,
    0x62, 0xc0, 0xa3, 0xc0, 0xa2, 0xc8, 0xc2, 0xc8, 0xc2, 0xc8, 0xa2, 0xc8,
    0xc2, 0xd0, 0xc2, 0xd0, 0xc2, 0xd0, 0xe2, 0xd0, 0xe2, 0xd0, 0xe2, 0xd0,
    0xe2, 0xd0, 0xe2, 0xd0, 0xe2, 0xd0, 0xc2, 0xd0, 0xc2, 0xd0, 0xc2, 0xc8,
    0xc2, 0xa9, 0x02, 0xb9, 0xc2, 0xc0, 0xa2, 0xc0, 0xa2, 0xc8, 0xc2, 0xc8,
    0xc2, 0xc8, 0xa2, 0xc0, 0x22, 0xc9, 0x81, 0xda, 0xe0, 0xeb, 0x80, 0xf4,
    0x40, 0xf4, 0x40, 0xf4, 0x60, 0xfc, 0x60, 0xf4, 0x60, 0xf4, 0x40, 0xf4,
    0x40, 0xf4, 0x40, 0xf4, 0x20, 0xf4, 0x00, 0xf4, 0x00, 0xf4, 0xc0, 0xf3,
    0xa0, 0xeb, 0x80, 0xf3, 0x60, 0xeb, 0x40, 0xeb, 0x00, 0xeb, 0x00, 0xeb,
    0x22, 0x84, 0x22, 0x84, 0x22, 0x84, 0x42, 0x84, 0x42, 0x8c, 0x22, 0x8c,
    0x22, 0x8c, 0x22, 0x8c, 0x43, 0x8c, 0x42, 0x8c, 0x42, 0x8c, 0x43, 0x94,
    0x42, 0x94, 0x43, 0x8c, 0x42, 0x8c, 0x02, 0x8c, 0xe0, 0x59, 0x40, 0x7a,
    0x20, 0x82, 0x20, 0x7a, 0x40, 0x7a, 0x20, 0x7a, 0x40, 0x82, 0x40, 0x7a,
    0x20, 0x7a, 0x61, 0x51, 0x80, 0x8a, 0x40, 0x82, 0xa0, 0x59, 0x40, 0x49,
    0x20, 0x9b, 0x40, 0xab, 0xe0, 0xa2, 0xe0, 0xa2, 0xc0, 0x9a, 0x80, 0x51,
    0x40, 0x49, 0x20, 0x49, 0x20, 0x49, 0x20, 0x49, 0x20, 0x49, 0x20, 0x49,
    0x20, 0x49, 0x20, 0x49, 0x00, 0x49, 0x20, 0x49, 0x20, 0x49, 0x00, 0x49,
    0x20, 0x49, 0x20, 0x49, 0x20, 0x49, 0x20, 0x49, 0x20, 0x49, 0x20, 0x49,
    0x20, 0x49, 0x20, 0x49, 0x40, 0x51, 0x60, 0x51, 0x00, 0x9b, 0x00, 0xa3,
    0xe0, 0xa2, 0xe0, 0xa2, 0xe0, 0x92, 0x40, 0x49, 0xa0, 0x61, 0xc0, 0x69,
    0xa0, 0x69, 0x40, 0x51, 0xa0, 0x61, 0xa0, 0x69, 0xc0, 0x69, 0xa0, 0x69,
    0xc0, 0x69, 0xc0, 0x69, 0xc0, 0x69, 0xc0, 0x69, 0xa0, 0x61, 0x41, 0x5a,
    0x42, 0x7c, 0x62, 0x7c, 0x61, 0x7c, 0x62, 0x7c, 0x61, 0x7c, 0x62, 0x7c,
    0x61, 0x7c, 0x82, 0x84, 0x82, 0x7c, 0x82, 0x7c, 0x81, 0x84, 0x82, 0x7c,
    0x81, 0x84, 0x81, 0x7c, 0x82, 0x7c, 0xa1, 0x7c, 0x81, 0x7c, 0x82, 0x84,
    0x62, 0x84, 0x21, 0xc3, 0x20, 0xeb, 0x60, 0xeb, 0x80, 0xeb, 0xa0, 0xeb,
    0xc0, 0xf3, 0xc0, 0xeb, 0xa0, 0xeb, 0xa0, 0xf4, 0x40, 0xf5, 0x61, 0xf5,
    0x61, 0xf5, 0x81, 0xf5, 0xc2, 0xf5, 0xc2, 0xf5, 0xc2, 0xf5, 0xe2, 0xf5,
    0xe3, 0xfd, 0x02, 0xfe, 0x03, 0xfe, 0x03, 0xfe, 0x23, 0xfe, 0x03, 0xfe,
    0x02, 0xfe, 0xe2, 0xfd, 0xe2, 0xfd, 0xc2, 0xfd, 0xc2, 0xfd, 0xc2, 0xfd,
    0xa1, 0xfd, 0xa1, 0xf5, 0xa2, 0xfd, 0xa2, 0xfd, 0xa1, 0xfd, 0xc2, 0xfd,
    0xc2, 0xfd, 0xe2, 0xfd, 0x02, 0xfe, 0xe2, 0xfd, 0xc2, 0xfd, 0xa1, 0xf5,
    0xa1, 0xf5, 0x81, 0xfd, 0x41, 0xf5, 0x00, 0xf4, 0x00, 0xf4, 0x00, 0xf4,
    0x00, 0xf4, 0x20, 0xf4, 0x20, 0xf4, 0x20, 0xf4, 0x20, 0xf4, 0xe0, 0xf3,
    0x40, 0xfc, 0x80, 0xfc, 0xc0, 0xf4, 0xe0, 0xfc, 0xe0, 0xfc, 0xe0, 0xf4,
    0x00, 0xfd, 0xe0, 0xfc, 0x00, 0xfd, 0x00, 0xfd, 0xe0, 0xfc, 0xc0, 0xfc,
    0xc0, 0xfc, 0xc0, 0xfc, 0xc0, 0xf4, 0xc0, 0xfc, 0xa0, 0xfc, 0xa0, 0xf4,
    0xa0, 0xfc, 0x80, 0xfc, 0x60, 0xf4, 0x40, 0xfc, 0x20, 0xf4, 0x00, 0xf4,
    0x00, 0xf4, 0xc0, 0xf3, 0xa0, 0xf3, 0x80, 0xeb, 0x60, 0xeb, 0x40, 0xeb,
    0x20, 0xeb, 0x00, 0xeb, 0x00, 0xe3, 0x00, 0xe3, 0x00, 0xeb, 0x40, 0xeb,
    0x40, 0xeb, 0x60, 0xeb, 0x60, 0xeb, 0x60, 0xeb, 0x80, 0xeb, 0x61, 0xe3,
    0x21, 0xd2, 0x02, 0xc1, 0xa2, 0xc0, 0xa2, 0xc0, 0xa2, 0xc8, 0xa2, 0xc8,
    0xa2, 0xd0, 0xc2, 0xc8, 0xc2, 0xd0, 0xc2, 0xd0, 0xc2, 0xd0, 0xc2, 0xd0,
    0xc2, 0xd0, 0xc2, 0xd0, 0xe2, 0xd0, 0xc3, 0xd0, 0xc2, 0xd0, 0xa2, 0xd0,
    0xa2, 0xc8, 0xa2, 0xc0, 0xa2, 0xc0, 0xa2, 0xc0, 0xa2, 0xc0, 0xa2, 0xc0,
    0x82, 0xc9, 0x21, 0xe3, 0x40, 0xf4, 0x60, 0xf4, 0x40, 0xf4, 0x60, 0xf4,
    0x40, 0xf4, 0x60, 0xfc, 0x60, 0xf4, 0x60, 0xf4, 0x40, 0xfc, 0x40, 0xf4,
    0x40, 0xf4, 0x20, 0xf4, 0x20, 0xf4, 0x00, 0xf4, 0xe0, 0xf3, 0xc0, 0xeb,
    0xa0, 0xeb, 0x80, 0xeb, 0x40, 0xeb, 0x20, 0xeb, 0x00, 0xeb, 0xe0, 0xea,
    0x22, 0x7c, 0x22, 0x7c, 0x22, 0x84, 0x22, 0x84, 0x42, 0x8c, 0x43, 0x8c,
    0x42, 0x8c, 0x43, 0x8c, 0x42, 0x8c, 0x42, 0x8c, 0x43, 0x8c, 0x42, 0x94,
    0x43, 0x8c, 0x42, 0x8c, 0x42, 0x8c, 0x02, 0x84, 0xc0, 0x59, 0x20, 0x7a,
    0x20, 0x7a, 0x20, 0x7a, 0x20, 0x7a, 0x20, 0x82, 0x40, 0x7a, 0x40, 0x82,
    0x00, 0x7a, 0x80, 0x51, 0xa1, 0x8a, 0x40, 0x7a, 0x80, 0x59, 0x60, 0x51,
    0x60, 0xa3, 0x00, 0xa3, 0x00, 0xa3, 0x00, 0xa3, 0x60, 0x82, 0x20, 0x49,
    0x20, 0x51, 0x40, 0x49, 0x20, 0x49, 0x20, 0x49, 0x20, 0x49, 0x20, 0x49,
    0x20, 0x49, 0x20, 0x49, 0x00, 0x49, 0x20, 0x49, 0x00, 0x49, 0x00, 0x49,
    0x00, 0x41, 0x20, 0x49, 0x20, 0x49, 0x00, 0x49, 0x20, 0x49, 0x20, 0x49,
    0x20, 0x49, 0x20, 0x49, 0x40, 0x49, 0x40, 0x51, 0x81, 0x8a, 0x00, 0xa3,
    0xe0, 0xa2, 0xc0, 0x9a, 0xe0, 0x9a, 0x80, 0x51, 0x81, 0x59, 0xc0, 0x69,
    0xc0, 0x69, 0x60, 0x51, 0x80, 0x59, 0xc0, 0x69, 0xa0, 0x69, 0xa0, 0x69,
    0xc0, 0x69, 0xc0, 0x69, 0xc0, 0x69, 0xc0, 0x69, 0xa0, 0x69, 0x41, 0x5a,
    0x42, 0x7c, 0x61, 0x7c, 0x61, 0x7c, 0x61, 0x74, 0x62, 0x74, 0x81, 0x74,
    0x81, 0x74, 0x82, 0x7c, 0x82, 0x7c, 0x82, 0x7c, 0x81, 0x7c, 0x81, 0x7c,
    0x82, 0x7c, 0x82, 0x7c, 0x82, 0x7c, 0xa2, 0x7c, 0xa1, 0x7c, 0xa2, 0x7c,
    0x21, 0x8c, 0x00, 0xdb, 0x40, 0xeb, 0x60, 0xeb, 0x80, 0xeb, 0xa0, 0xf3,
    0xc0, 0xf3, 0xc0, 0xeb, 0xc0, 0xeb, 0x81, 0xec, 0x41, 0xf5, 0x41, 0xf5,
    0x61, 0xf5, 0x81, 0xf5, 0xa1, 0xf5, 0xa1, 0xfd, 0xc2, 0xfd, 0xc2, 0xf5,
    0xe2, 0xfd, 0xe2, 0xfd, 0xe3, 0xf5, 0x02, 0xfe, 0x03, 0xfe, 0x03, 0xfe,
    0x03, 0xfe, 0x03, 0xfe, 0x23, 0xfe, 0x23, 0xfe, 0x23, 0xfe, 0x23, 0xfe,
    0x23, 0xfe, 0x23, 0xfe, 0x03, 0xfe, 0x03, 0xfe, 0x23, 0xfe, 0x03, 0xfe,
    0x02, 0xfe, 0xe2, 0xfd, 0xc2, 0xf5, 0xe2, 0xfd, 0xc2, 0xf5, 0xa2, 0xfd,
    0xa1, 0xf5, 0x81, 0xf5, 0x61, 0xf5, 0x21, 0xf4, 0xe0, 0xf3, 0xe0, 0xf3,
    0xe0, 0xf3, 0x00, 0xf4, 0xe0, 0xf3, 0xe0, 0xf3, 0xe0, 0xf3, 0x20, 0xf4,
    0x80, 0xf4, 0xa0, 0xfc, 0xc0, 0xfc, 0xe0, 0xf4, 0xe0, 0xfc, 0x00, 0xfd,
    0x00, 0xfd, 0x20, 0xfd, 0x00, 0xfd, 0xa0, 0xfc, 0x80, 0xf4, 0x80, 0xf4,
    0xa0, 0xfc, 0xe0, 0xfc, 0xe0, 0xfc, 0xe0, 0xfc, 0xc0, 0xfc, 0xc0, 0xf4,
    0xa0, 0xfc, 0x80, 0xfc, 0x80, 0xf4, 0x60, 0xf4, 0x40, 0xfc, 0x20, 0xf4,
    0x00, 0xf4, 0xe0, 0xf3, 0xc0, 0xeb, 0xa0, 0xeb, 0x60, 0xeb, 0x40, 0xeb,
    0x20, 0xeb, 0x20, 0xeb, 0x20, 0xe3, 0x00, 0xe3, 0x00, 0xe3, 0x40, 0xeb,
    0x60, 0xeb, 0x60, 0xeb, 0x80, 0xeb, 0x80, 0xeb, 0xa0, 0xeb, 0xa0, 0xf3,
    0xa0, 0xeb, 0xa0, 0xeb, 0x60, 0xeb, 0xa1, 0xda, 0xa1, 0xd1, 0xe2, 0xc8,
    0x62, 0xc0, 0x62, 0xc0, 0x62, 0xc8, 0x82, 0xc8, 0xa3, 0xc8, 0xa2, 0xd0,
    0xa2, 0xd0, 0xa2, 0xd0, 0xa2, 0xd0, 0x82, 0xc8, 0x82, 0xc8, 0x42, 0xc8,
    0x62, 0xc0, 0xa2, 0xc0, 0x22, 0xc1, 0x01, 0xd2, 0x01, 0xe3, 0xe0, 0xeb,
    0x40, 0xf4, 0x60, 0xf4, 0x40, 0xf4, 0x40, 0xf4, 0x60, 0xf4, 0x60, 0xfc,
    0x60, 0xf4, 0x60, 0xfc, 0x60, 0xf4, 0x40, 0xf4, 0x40, 0xf4, 0x20, 0xf4,
    0x20, 0xf4, 0x00, 0xf4, 0x00, 0xf4, 0xc0, 0xf3, 0xc0, 0xeb, 0x80, 0xeb,
    0x60, 0xf3, 0x40, 0xeb, 0x20, 0xeb, 0x00, 0xe3, 0xe0, 0xe2, 0xc0, 0xe2,
    0x02, 0x7c, 0x22, 0x7c, 0x22, 0x7c, 0x22, 0x84, 0x22, 0x84, 0x42, 0x84,
    0x22, 0x8c, 0x43, 0x8c, 0x42, 0x8c, 0x23, 0x8c, 0x42, 0x8c, 0x42, 0x8c,
    0x43, 0x94, 0x43, 0x94, 0x42, 0x94, 0x02, 0x84, 0xc1, 0x59, 0x20, 0x7a,
    0x20, 0x7a, 0x20, 0x7a, 0x20, 0x7a, 0x20, 0x7a, 0x21, 0x82, 0x40, 0x82,
    0xe0, 0x71, 0xa0, 0x59, 0x80, 0x8a, 0x20, 0x7a, 0x60, 0x59, 0xa0, 0x59,
    0x61, 0xab, 0xe0, 0x9a, 0xe0, 0xa2, 0xe0, 0xa2, 0x00, 0x72, 0x40, 0x49,
    0x40, 0x51, 0x20, 0x49, 0x20, 0x49, 0x20, 0x49, 0x20, 0x49, 0x20, 0x49,
    0x00, 0x49, 0x20, 0x49, 0x20, 0x49, 0x20, 0x41, 0x00, 0x49, 0x20, 0x49,
    0x00, 0x41, 0x20, 0x49, 0x00, 0x49, 0x20, 0x49, 0x20, 0x41, 0x20, 0x49,
    0x20, 0x49, 0x20, 0x49, 0x40, 0x49, 0x40, 0x51, 0x20, 0x7a, 0x00, 0xa3,
    0xe0, 0x9a, 0xc0, 0x9a, 0x00, 0xa3, 0xa0, 0x59, 0x60, 0x51, 0xc0, 0x69,
    0xc0, 0x69, 0x60, 0x59, 0x60, 0x51, 0xa0, 0x69, 0xa0, 0x69, 0xa0, 0x61,
    0xc0, 0x69, 0xc0, 0x69, 0xc0, 0x69, 0xc0, 0x69, 0xa0, 0x61, 0x61, 0x5a,
    0x61, 0x7c, 0x61, 0x7c, 0x61, 0x7c, 0x62, 0x7c, 0x81, 0x7c, 0x61, 0x74,
    0x81, 0x74, 0x81, 0x74, 0x81, 0x74, 0x82, 0x74, 0x82, 0x7c, 0xa2, 0x7c,
    0x81, 0x7c, 0x81, 0x7c, 0x81, 0x7c, 0xa2, 0x7c, 0xa2, 0x7c, 0xa2, 0x7c,
    0xe1, 0x93, 0xe0, 0xe2, 0x40, 0xeb, 0x60, 0xeb, 0x80, 0xeb, 0xc0, 0xf3,
    0xc0, 0xeb, 0xc0, 0xf3, 0xa0, 0xeb, 0x40, 0xec, 0x40, 0xf5, 0x60, 0xf5,
    0x61, 0xf5, 0x61, 0xf5, 0x81, 0xf5, 0xa1, 0xf5, 0xc2, 0xf5, 0xc2, 0xf5,
    0xe2, 0xfd, 0xe2, 0xf5, 0xe2, 0xfd, 0xe2, 0xfd, 0x02, 0xf6, 0x02, 0xf6,
    0x03, 0xfe, 0x02, 0xf6, 0x03, 0xf6, 0x03, 0xfe, 0x03, 0xfe, 0x03, 0xf6,
    0x03, 0xfe, 0x23, 0xfe, 0x03, 0xfe, 0x02, 0xfe, 0x02, 0xf6, 0xe2, 0xfd,
    0xe2, 0xfd, 0xe2, 0xf5, 0xc2, 0xfd, 0xc2, 0xfd, 0xa2, 0xf5, 0xa2, 0xfd,
    0x82, 0xfd, 0x61, 0xf5, 0x61, 0xf5, 0x81, 0xf4, 0xc0, 0xf3, 0xe0, 0xf3,
    0xc0, 0xf3, 0xe0, 0xf3, 0xc0, 0xf3, 0xc0, 0xf3, 0xe0, 0xf3, 0x60, 0xfc,
    0xa0, 0xfc, 0xc0, 0xf4, 0xe0, 0xfc, 0x00, 0xfd, 0x00, 0xfd, 0x00, 0xfd,
    0x20, 0xfd, 0xc0, 0xfc, 0x40, 0xfc, 0x40, 0xf4, 0x20, 0xfc, 0x20, 0xf4,
    0x40, 0xf4, 0xc0, 0xfc, 0xe0, 0xfc, 0xe0, 0xfc, 0xe0, 0xfc, 0xc0, 0xfc,
    0xa0, 0xf4, 0xa0, 0xfc, 0xa0, 0xfc, 0x60, 0xf4, 0x60, 0xf4, 0x20, 0xf4,
    0x20, 0xf4, 0xe0, 0xf3, 0xc0, 0xf3, 0xa0, 0xeb, 0x80, 0xeb, 0x60, 0xeb,
    0x40, 0xeb, 0x20, 0xeb, 0x20, 0xeb, 0x00, 0xeb, 0x00, 0xe3, 0x40, 0xeb,
    0x60, 0xeb, 0x60, 0xeb, 0x80, 0xf3, 0xa0, 0xf3, 0xa0, 0xeb, 0xc0, 0xf3,
    0xc0, 0xf3, 0xe0, 0xf3, 0xc0, 0xeb, 0xe0, 0xf3, 0x20, 0xf4, 0x20, 0xf4,
    0xc0, 0xeb, 0x21, 0xe3, 0x81, 0xda, 0x21, 0xd2, 0x01, 0xd2, 0xc1, 0xd1,
    0xa1, 0xd1, 0xa1, 0xd1, 0xe1, 0xd1, 0x41, 0xda, 0x81, 0xda, 0x21, 0xdb,
    0xe0, 0xeb, 0x60, 0xf4, 0x80, 0xf4, 0x80, 0xfc, 0x60, 0xf4, 0x60, 0xf4,
    0x60, 0xfc, 0x60, 0xf4, 0x60, 0xf4, 0x60, 0xfc, 0x60, 0xf4, 0x60, 0xf4,
    0x60, 0xf4, 0x60, 0xf4, 0x40, 0xf4, 0x40, 0xf4, 0x20, 0xf4, 0x20, 0xf4,
    0x00, 0xf4, 0x00, 0xf4, 0xe0, 0xf3, 0xc0, 0xf3, 0x80, 0xeb, 0x80, 0xeb,
    0x40, 0xeb, 0x00, 0xeb, 0x00, 0xe3, 0xe0, 0xe2, 0xe0, 0xe2, 0xe1, 0xba,
    0x40, 0x3b, 0x60, 0x3b, 0x60, 0x43, 0x81, 0x5b, 0xe2, 0x73, 0x22, 0x8c,
    0x22, 0x8c, 0x22, 0x8c, 0x42, 0x8c, 0x42, 0x8c, 0x42, 0x8c, 0x43, 0x8c,
    0x42, 0x8c, 0x42, 0x8c, 0x43, 0x8c, 0x22, 0x84, 0xc0, 0x59, 0x00, 0x7a,
    0x00, 0x72, 0x00, 0x7a, 0x20, 0x7a, 0x20, 0x7a, 0x20, 0x7a, 0x20, 0x7a,
    0xe0, 0x69, 0xc0, 0x61, 0x80, 0x8a, 0x20, 0x7a, 0x60, 0x51, 0xa0, 0x61,
    0x61, 0xab, 0xc0, 0x9a, 0xe0, 0x9a, 0xe0, 0x9a, 0xa0, 0x61, 0x40, 0x49,
    0x40, 0x49, 0x20, 0x49, 0x40, 0x51, 0x20, 0x49, 0x20, 0x49, 0x20, 0x49,
    0x20, 0x49, 0x00, 0x49, 0x20, 0x49, 0x20, 0x49, 0x20, 0x49, 0x00, 0x49,
    0x20, 0x41, 0x00, 0x49, 0x20, 0x49, 0x00, 0x49, 0x20, 0x41, 0x00, 0x49,
    0x20, 0x49, 0x20, 0x49, 0x40, 0x49, 0x40, 0x51, 0x00, 0x6a, 0x00, 0xa3,
    0xc0, 0x9a, 0xc0, 0x9a, 0x00, 0xa3, 0xc0, 0x61, 0x40, 0x51, 0xc0, 0x69,
    0xc0, 0x69, 0x80, 0x59, 0x40, 0x51, 0xc0, 0x69, 0xa0, 0x61, 0xa0, 0x69,
    0xc0, 0x69, 0xc0, 0x69, 0xa0, 0x69, 0xc0, 0x69, 0xa0, 0x61, 0x81, 0x5a,
    0x62, 0x7c, 0x61, 0x74, 0x62, 0x74, 0x81, 0x74, 0x61, 0x74, 0x62, 0x7c,
    0x82, 0x74, 0x81, 0x74, 0x81, 0x74, 0x81, 0x74, 0x81, 0x74, 0x81, 0x7c,
    0x82, 0x7c, 0x81, 0x7c, 0x81, 0x7c, 0xa1, 0x7c, 0xa1, 0x7c, 0x82, 0x74,
    0x81, 0xab, 0x00, 0xeb, 0x40, 0xeb, 0x60, 0xeb, 0x80, 0xf3, 0xc0, 0xf3,
    0xc0, 0xeb, 0xc0, 0xf3, 0xc0, 0xeb, 0x20, 0xec, 0x00, 0xf5, 0x20, 0xf5,
    0x41, 0xf5, 0x61, 0xf5, 0x61, 0xf5, 0x81, 0xf5, 0xa1, 0xf5, 0xc2, 0xf5,
    0xc2, 0xf5, 0xc2, 0xfd, 0xe2, 0xfd, 0xc2, 0xf5, 0xe2, 0xfd, 0xe2, 0xfd,
    0xe2, 0xfd, 0x03, 0xfe, 0x02, 0xfe, 0xe2, 0xfd, 0x03, 0xfe, 0x03, 0xfe,
    0x03, 0xfe, 0x02, 0xf6, 0xe2, 0xfd, 0x02, 0xfe, 0xe2, 0xfd, 0xe2, 0xf5,
    0xe3, 0xfd, 0xe2, 0xfd, 0xc2, 0xf5, 0xc2, 0xfd, 0xa1, 0xf5, 0x81, 0xf5,
    0x81, 0xf5, 0x61, 0xf5, 0x61, 0xf5, 0x01, 0xf5, 0xc0, 0xeb, 0xc0, 0xf3,
    0xc0, 0xeb, 0xc0, 0xeb, 0xc0, 0xf3, 0xa0, 0xeb, 0x20, 0xf4, 0x80, 0xfc,
    0xa0, 0xfc, 0xe0, 0xfc, 0x00, 0xfd, 0x20, 0xfd, 0x20, 0xfd, 0x20, 0xfd,
    0x00, 0xfd, 0x40, 0xf4, 0x40, 0xfc, 0x40, 0xfc, 0x40, 0xfc, 0x20, 0xfc,
    0x40, 0xf4, 0xc0, 0xfc, 0x01, 0xfd, 0x00, 0xfd, 0xe0, 0xfc, 0xe0, 0xfc,
    0xc0, 0xf4, 0xc0, 0xfc, 0xa0, 0xfc, 0x80, 0xf4, 0x40, 0xf4, 0x20, 0xf4,
    0xe0, 0xf3, 0x80, 0xf3, 0xa0, 0xf3, 0xa0, 0xf3, 0x80, 0xeb, 0x80, 0xeb,
    0x60, 0xeb, 0x40, 0xeb, 0x40, 0xeb, 0x20, 0xeb, 0x00, 0xe3, 0x20, 0xeb,
    0x60, 0xeb, 0x80, 0xeb, 0xa0, 0xf3, 0xa0, 0xf3, 0xc0, 0xeb, 0xc0, 0xeb,
    0xe0, 0xf3, 0xe0, 0xf3, 0x00, 0xf4, 0x00, 0xf4, 0x00, 0xf4, 0x00, 0xf4,
    0x00, 0xf4, 0xe0, 0xf3, 0xc0, 0xf3, 0xc0, 0xeb, 0xc0, 0xf3, 0xe0, 0xf3,
    0x20, 0xf4, 0x40, 0xf4, 0x40, 0xf4, 0x60, 0xf4, 0x60, 0xf4, 0x60, 0xf4,
    0x60, 0xf4, 0x60, 0xf4, 0x60, 0xfc, 0x60, 0xf4, 0x80, 0xfc, 0x80, 0xfc,
    0x60, 0xf4, 0x60, 0xf4, 0x60, 0xf4, 0x60, 0xf4, 0x60, 0xf4, 0x60, 0xf4,
    0x40, 0xf4, 0x40, 0xf4, 0x20, 0xf4, 0x20, 0xf4, 0x00, 0xf4, 0x00, 0xf4,
    0xe0, 0xf3, 0xe0, 0xf3, 0xc0, 0xeb, 0xa0, 0xeb, 0x80, 0xeb, 0x40, 0xeb,
    0x20, 0xeb, 0x00, 0xeb, 0xe0, 0xe2, 0xe0, 0xe2, 0xc0, 0xe2, 0x41, 0x83,
    0x60, 0x3b, 0x60, 0x3b, 0x60, 0x3b, 0x40, 0x33, 0x41, 0x3b, 0x81, 0x53,
    0x22, 0x7c, 0x42, 0x84, 0x42, 0x84, 0x42, 0x84, 0x62, 0x84, 0x42, 0x84,
    0x42, 0x84, 0x62, 0x84, 0x42, 0x84, 0x22, 0x84, 0xc0, 0x59, 0x20, 0x72,
    0x00, 0x7a, 0x00, 0x7a, 0x00, 0x72, 0x20, 0x7a, 0x20, 0x7a, 0x40, 0x82,
    0xc0, 0x69, 0xc0, 0x61, 0x60, 0x8a, 0x21, 0x7a, 0x60, 0x51, 0xc0, 0x59,
    0x60, 0xab, 0xe0, 0x9a, 0xe0, 0xa2, 0xc0, 0x9a, 0xa0, 0x61, 0x40, 0x51,
    0x40, 0x51, 0x20, 0x49, 0x20, 0x49, 0x20, 0x49, 0x20, 0x49, 0x20, 0x49,
    0x20, 0x49, 0x21, 0x49, 0x20, 0x49, 0x20, 0x49, 0x00, 0x49, 0x20, 0x41,
    0x20, 0x49, 0x00, 0x49, 0x20, 0x49, 0x20, 0x41, 0x00, 0x49, 0x20, 0x49,
    0x20, 0x49, 0x20, 0x49, 0x40, 0x51, 0x40, 0x51, 0x00, 0x72, 0x00, 0xa3,
    0xe0, 0x9a, 0xc0, 0x9a, 0x00, 0xa3, 0xe1, 0x69, 0x40, 0x51, 0xc0, 0x69,
    0xc0, 0x69, 0x80, 0x59, 0x40, 0x51, 0xa0, 0x69, 0xc0, 0x69, 0xc0, 0x69,
    0xa0, 0x69, 0xc0, 0x69, 0xc0, 0x69, 0xc0, 0x69, 0xa0, 0x61, 0xe1, 0x62,
    0x82, 0x7c, 0x61, 0x7c, 0x81, 0x7c, 0x81, 0x74, 0x81, 0x7c, 0x61, 0x74,
    0x81, 0x7c, 0x81, 0x7c, 0x61, 0x74, 0x81, 0x74, 0x81, 0x74, 0x82, 0x7c,
    0x81, 0x74, 0xa1, 0x74, 0xa2, 0x7c, 0x82, 0x7c, 0xa1, 0x7c, 0xa2, 0x74,
    0x61, 0xb3, 0x00, 0xeb, 0x40, 0xeb, 0x60, 0xeb, 0x80, 0xeb, 0xc0, 0xeb,
    0xc0, 0xf3, 0xc0, 0xeb, 0xc0, 0xeb, 0xe0, 0xeb, 0xe1, 0xec, 0x21, 0xf5,
    0x41, 0xf5, 0x41, 0xf5, 0x61, 0xf5, 0x81, 0xf5, 0x81, 0xf5, 0x81, 0xf5,
    0xa2, 0xf5, 0xa2, 0xfd, 0xc2, 0xf5, 0xc2, 0xf5, 0xc2, 0xfd, 0xe2, 0xf5,
    0xe2, 0xf5, 0xe2, 0xfd, 0xe2, 0xf5, 0xe2, 0xf5, 0xe2, 0xf5, 0xe2, 0xfd,
    0xe2, 0xfd, 0xe2, 0xf5, 0xe2, 0xfd, 0xc2, 0xf5, 0xc2, 0xfd, 0xc2, 0xf5,
    0xc2, 0xfd, 0xa2, 0xf5, 0xa1, 0xf5, 0xa1, 0xf5, 0xa1, 0xfd, 0x81, 0xf5,
    0x81, 0xf5, 0x61, 0xf5, 0x61, 0xf5, 0x21, 0xf5, 0x00, 0xf4, 0xa0, 0xeb,
    0xa0, 0xf3, 0xa0, 0xf3, 0xa0, 0xeb, 0xa0, 0xeb, 0x60, 0xf4, 0x80, 0xf4,
    0xc0, 0xfc, 0xe0, 0xfc, 0x00, 0xfd, 0x00, 0xfd, 0x20, 0xfd, 0x20, 0xfd,
    0xc0, 0xfc, 0x40, 0xf4, 0x40, 0xfc, 0x40, 0xfc, 0x40, 0xfc, 0x40, 0xfc,
    0x40, 0xfc, 0xc0, 0xfc, 0x00, 0xfd, 0x00, 0xfd, 0x00, 0xfd, 0xe0, 0xfc,
    0xc0, 0xfc, 0xa0, 0xf4, 0xa0, 0xfc, 0x60, 0xfc, 0x60, 0xf4, 0x00, 0xf4,
    0xa0, 0xf3, 0x80, 0xeb, 0x40, 0xeb, 0xa0, 0xeb, 0xa0, 0xf3, 0x80, 0xeb,
    0x60, 0xeb, 0x60, 0xeb, 0x40, 0xeb, 0x40, 0xeb, 0x20, 0xe3, 0x40, 0xeb,
    0x60, 0xeb, 0x80, 0xeb, 0xa0, 0xf3, 0xc0, 0xf3, 0xc0, 0xf3, 0xc0, 0xeb,
    0xe0, 0xf3, 0x00, 0xf4, 0x00, 0xf4, 0x20, 0xf4, 0x00, 0xf4, 0x20, 0xf4,
    0x20, 0xf4, 0xe0, 0xf3, 0x80, 0xeb, 0x80, 0xf3, 0xa0, 0xf3, 0xc0, 0xf3,
    0x20, 0xf4, 0x40, 0xf4, 0x60, 0xf4, 0x60, 0xf4, 0x80, 0xf4, 0x80, 0xf4,
    0x60, 0xf4, 0x60, 0xf4, 0x60, 0xf4, 0x60, 0xf4, 0x80, 0xf4, 0x80, 0xf4,
    0x80, 0xfc, 0x60, 0xf4, 0x60, 0xfc, 0x60, 0xf4, 0x60, 0xf4, 0x40, 0xf4,
    0x40, 0xf4, 0x20, 0xf4, 0x00, 0xf4, 0x00, 0xf4, 0x00, 0xf4, 0xe0, 0xf3,
    0xe0, 0xf3, 0xc0, 0xf3, 0xa0, 0xeb, 0x60, 0xeb, 0x60, 0xeb, 0x20, 0xeb,
    0x00, 0xeb, 0xe0, 0xe2, 0xe0, 0xe2, 0xc0, 0xe2, 0xe0, 0xc2, 0xe1, 0x63,
    0x60, 0x33, 0x41, 0x33, 0x40, 0x3b, 0x40, 0x3b, 0x40, 0x3b, 0x40, 0x33,
    0x41, 0x3b, 0xe1, 0x6b, 0x62, 0x7c, 0x62, 0x7c, 0x41, 0x7c, 0x62, 0x7c,
    0x62, 0x7c, 0x62, 0x84, 0x42, 0x84, 0x42, 0x84, 0xe1, 0x59, 0x00, 0x72,
    0x00, 0x72, 0x00, 0x72, 0x00, 0x7a, 0x00, 0x72, 0x20, 0x7a, 0x40, 0x82,
    0xc0, 0x61, 0xc0, 0x69, 0x60, 0x8a, 0x20, 0x7a, 0x60, 0x51, 0xa0, 0x59,
    0x41, 0xab, 0xe0, 0x9a, 0xe0, 0xa2, 0xc0, 0x9a, 0xa0, 0x61, 0x40, 0x51,
    0x40, 0x51, 0x20, 0x49, 0x20, 0x49, 0x20, 0x49, 0x00, 0x49, 0x00, 0x49,
    0x20, 0x49, 0x20, 0x41, 0x00, 0x49, 0x20, 0x49, 0x20, 0x49, 0x20, 0x49,
    0x00, 0x49, 0x00, 0x49, 0x20, 0x49, 0x20, 0x49, 0x20, 0x49, 0x00, 0x49,
    0x20, 0x49, 0x20, 0x49, 0x40, 0x51, 0x60, 0x51, 0x00, 0x72, 0x21, 0xa3,
    0xe0, 0x9a, 0xc0, 0x9a, 0x00, 0x9b, 0xe0, 0x69, 0x20, 0x49, 0xc0, 0x69,
    0xc0, 0x69, 0x80, 0x59, 0x40, 0x51, 0xa0, 0x69, 0xc0, 0x69, 0xa0, 0x69,
    0xc0, 0x69, 0xc0, 0x69, 0xc0, 0x69, 0xe0, 0x69, 0x80, 0x61, 0x41, 0x63,
    0x61, 0x74, 0x61, 0x7c, 0x61, 0x74, 0x81, 0x74, 0x81, 0x7c, 0x81, 0x74,
    0x61, 0x74, 0x82, 0x7c, 0x81, 0x74, 0x81, 0x74, 0x82, 0x74, 0x81, 0x7c,
    0x81, 0x74, 0x81, 0x7c, 0x82, 0x7c, 0x81, 0x7c, 0x82, 0x7c, 0x81, 0x7c,
    0x40, 0xbb, 0x00, 0xeb, 0x40, 0xeb, 0x60, 0xeb, 0x80, 0xeb, 0xa0, 0xf3,
    0xc0, 0xf3, 0xc0, 0xeb, 0xc0, 0xeb, 0xa0, 0xeb, 0xa1, 0xec, 0x00, 0xed,
    0x20, 0xed, 0x20, 0xf5, 0x41, 0xf5, 0x61, 0xf5, 0x81, 0xf5, 0x81, 0xf5,
    0x81, 0xf5, 0xa1, 0xfd, 0xa2, 0xf5, 0xc2, 0xf5, 0xc2, 0xf5, 0xc2, 0xfd,
    0xc2, 0xf5, 0xc2, 0xf5, 0xc2, 0xf5, 0xc2, 0xfd, 0xe2, 0xfd, 0xc2, 0xf5,
    0xc2, 0xf5, 0xe2, 0xfd, 0xe2, 0xfd, 0xc2, 0xf5, 0xc2, 0xf5, 0xa2, 0xf5,
    0xc2, 0xfd, 0xa1, 0xf5, 0x81, 0xf5, 0x81, 0xfd, 0x81, 0xf5, 0x81, 0xf5,
    0x61, 0xfd, 0x61, 0xfd, 0x41, 0xf5, 0x21, 0xf5, 0x81, 0xf4, 0x80, 0xeb,
    0x80, 0xeb, 0xa0, 0xeb, 0x80, 0xeb, 0x00, 0xf4, 0x60, 0xfc, 0xa0, 0xfc,
    0xc0, 0xfc, 0x00, 0xfd, 0x00, 0xfd, 0x20, 0xfd, 0x20, 0xfd, 0x20, 0xfd,
    0xe0, 0xfc, 0x40, 0xfc, 0x60, 0xfc, 0x40, 0xf4, 0x40, 0xfc, 0x40, 0xf4,
    0xc0, 0xfc, 0x20, 0xfd, 0x20, 0xfd, 0x00, 0xfd, 0xe0, 0xfc, 0xe0, 0xfc,
    0xe0, 0xfc, 0xa0, 0xfc, 0xa0, 0xf4, 0x80, 0xf4, 0x40, 0xfc, 0xa0, 0xf3,
    0x80, 0xf3, 0x80, 0xeb, 0x40, 0xeb, 0xa0, 0xf3, 0xa0, 0xeb, 0x80, 0xeb,
    0x60, 0xeb, 0x60, 0xeb, 0x40, 0xeb, 0x40, 0xeb, 0x20, 0xeb, 0x20, 0xeb,
    0x60, 0xeb, 0x80, 0xeb, 0xa0, 0xeb, 0xa0, 0xeb, 0xc0, 0xf3, 0xc0, 0xeb,
    0xe0, 0xf3, 0xe0, 0xeb, 0x00, 0xec, 0x00, 0xf4, 0x00, 0xf4, 0x20, 0xf4,
    0x00, 0xf4, 0xa0, 0xeb, 0x80, 0xeb, 0x80, 0xf3, 0xa0, 0xf3, 0xc0, 0xf3,
    0x00, 0xf4, 0x40, 0xf4, 0x60, 0xf4, 0x80, 0xf4, 0x60, 0xf4, 0x80, 0xfc,
    0x80, 0xf4, 0x60, 0xf4, 0x80, 0xfc, 0x80, 0xfc, 0x80, 0xf4, 0x80, 0xfc,
    0x80, 0xf4, 0x60, 0xf4, 0x60, 0xfc, 0x60, 0xf4, 0x40, 0xf4, 0x20, 0xf4,
    0x20, 0xf4, 0x00, 0xf4, 0xe0, 0xf3, 0xe0, 0xf3, 0xe0, 0xf3, 0xe0, 0xf3,
    0xc0, 0xeb, 0x80, 0xeb, 0x60, 0xeb, 0x40, 0xeb, 0x20, 0xeb, 0x00, 0xeb,
    0xe0, 0xe2, 0xe0, 0xe2, 0xc0, 0xe2, 0xa0, 0xda, 0x60, 0x7b, 0x01, 0x64,
    0x40, 0x3b, 0x40, 0x33, 0x20, 0x33, 0x21, 0x33, 0x21, 0x33, 0x61, 0x43,
    0xe1, 0x5b, 0x41, 0x74, 0x61, 0x7c, 0x61, 0x7c, 0x61, 0x7c, 0x61, 0x7c,
    0x62, 0x7c, 0x41, 0x7c, 0x41, 0x84, 0x42, 0x7c, 0x41, 0x5a, 0xc0, 0x69,
    0x00, 0x72, 0x00, 0x72, 0x00, 0x7a, 0x00, 0x7a, 0x00, 0x7a, 0x20, 0x7a,
    0xa0, 0x61, 0xc0, 0x61, 0x60, 0x82, 0x20, 0x7a, 0x60, 0x59, 0x60, 0x51,
    0x20, 0xa3, 0xe0, 0x9a, 0xe0, 0xa2, 0xe0, 0x9a, 0xc0, 0x69, 0x60, 0x51,
    0x60, 0x51, 0x20, 0x51, 0x20, 0x49, 0x20, 0x49, 0x20, 0x49, 0x20, 0x49,
    0x20, 0x49, 0x00, 0x41, 0x20, 0x49, 0x20, 0x49, 0x00, 0x49, 0x20, 0x49,
    0x00, 0x49, 0x20, 0x41, 0x20, 0x49, 0x20, 0x49, 0x20, 0x49, 0x20, 0x49,
    0x20, 0x49, 0x40, 0x51, 0x60, 0x51, 0x60, 0x59, 0x60, 0x7a, 0x20, 0xa3,
    0xe0, 0xa2, 0xe0, 0x9a, 0x00, 0x9b, 0xa1, 0x59, 0x40, 0x51, 0xc0, 0x69,
    0xc0, 0x71, 0x80, 0x61, 0x60, 0x51, 0xc0, 0x69, 0xa1, 0x69, 0xa0, 0x69,
    0xc0, 0x69, 0xc0, 0x69, 0xc1, 0x69, 0xe0, 0x71, 0xa0, 0x59, 0xc1, 0x6b,
    0x61, 0x7c, 0x61, 0x74, 0x61, 0x74, 0x61, 0x7c, 0x61, 0x74, 0x61, 0x74,
    0x81, 0x74, 0x81, 0x7c, 0x81, 0x7c, 0x81, 0x74, 0x81, 0x7c, 0x81, 0x74,
    0x81, 0x7c, 0xa1, 0x7c, 0x81, 0x74, 0x81, 0x74, 0x81, 0x7c, 0x82, 0x74,
    0x41, 0xb3, 0x00, 0xeb, 0x20, 0xeb, 0x60, 0xeb, 0x60, 0xeb, 0x80, 0xeb,
    0xa0, 0xeb, 0xc0, 0xeb, 0xa0, 0xeb, 0x80, 0xeb, 0x40, 0xe4, 0xe0, 0xec,
    0x00, 0xed, 0x21, 0xed, 0x21, 0xf5, 0x40, 0xf5, 0x41, 0xf5, 0x61, 0xf5,
    0x61, 0xf5, 0x81, 0xf5, 0x81, 0xf5, 0xa1, 0xf5, 0xa1, 0xf5, 0xa2, 0xf5,
    0xa2, 0xfd, 0xa2, 0xf5, 0xa2, 0xfd, 0xc2, 0xf5, 0xa2, 0xfd, 0xa2, 0xf5,
    0xa2, 0xf5, 0xa2, 0xf5, 0xa2, 0xf5, 0xa2, 0xfd, 0xa1, 0xf5, 0xa1, 0xf5,
    0x81, 0xf5, 0x81, 0xfd, 0x81, 0xf5, 0x81, 0xf5, 0x82, 0xfd, 0x61, 0xf5,
    0x41, 0xf5, 0x41, 0xf5, 0x41, 0xf5, 0x21, 0xf5, 0x01, 0xf5, 0xc0, 0xeb,
    0x60, 0xf3, 0x60, 0xeb, 0x60, 0xeb, 0x20, 0xf4, 0x60, 0xf4, 0xc0, 0xfc,
    0xc0, 0xfc, 0x00, 0xfd, 0x20, 0xfd, 0x20, 0xfd, 0x20, 0xfd, 0x20, 0xfd,
    0x20, 0xfd, 0xc0, 0xfc, 0x60, 0xfc, 0x60, 0xfc, 0x60, 0xfc, 0xe0, 0xfc,
    0x20, 0xfd, 0x20, 0xfd, 0x20, 0xfd, 0x00, 0xfd, 0x00, 0xfd, 0xe0, 0xfc,
    0xc0, 0xf4, 0xc0, 0xfc, 0xa0, 0xfc, 0x80, 0xf4, 0x60, 0xfc, 0xa0, 0xf3,
    0x80, 0xf3, 0x60, 0xeb, 0x60, 0xeb, 0xa0, 0xf3, 0xa0, 0xf3, 0x80, 0xeb,
    0x80, 0xeb, 0x80, 0xeb, 0x60, 0xeb, 0x60, 0xeb, 0x20, 0xeb, 0x20, 0xe3,
    0x60, 0xeb, 0x80, 0xeb, 0x80, 0xf3, 0xc0, 0xeb, 0xc0, 0xf3, 0xc0, 0xeb,
    0xc0, 0xf3, 0xe0, 0xf3, 0xe0, 0xf3, 0x00, 0xf4, 0x00, 0xf4, 0x00, 0xf4,
    0xe0, 0xf3, 0x80, 0xf3, 0xa0, 0xf3, 0xa0, 0xf3, 0xc0, 0xeb, 0xe0, 0xf3,
    0x00, 0xf4, 0x40, 0xf4, 0x60, 0xf4, 0x60, 0xfc, 0x60, 0xf4, 0x80, 0xf4,
    0x80, 0xfc, 0x80, 0xf4, 0x80, 0xf4, 0x60, 0xf4, 0x80, 0xf4, 0x80, 0xfc,
    0x80, 0xf4, 0x60, 0xf4, 0x40, 0xf4, 0x40, 0xf4, 0x20, 0xf4, 0x00, 0xf4,
    0xe0, 0xf3, 0xe0, 0xf3, 0xe0, 0xf3, 0xe0, 0xeb, 0xe0, 0xf3, 0xc0, 0xeb,
    0xa0, 0xeb, 0x80, 0xeb, 0x40, 0xeb, 0x20, 0xeb, 0x00, 0xeb, 0x00, 0xe3,
    0xe0, 0xe2, 0xc0, 0xe2, 0xa0, 0xe2, 0x21, 0xa3, 0x01, 0x64, 0x01, 0x64,
    0x40, 0x3b, 0x61, 0x4b, 0xa1, 0x53, 0xe1, 0x6b, 0x21, 0x74, 0x61, 0x7c,
    0x41, 0x74, 0x41, 0x74, 0x41, 0x74, 0x61, 0x74, 0x61, 0x7c, 0x61, 0x7c,
    0x61, 0x7c, 0x61, 0x7c, 0x42, 0x7c, 0x41, 0x7c, 0xc1, 0x62, 0x80, 0x61,
    0x00, 0x72, 0x00, 0x72, 0x00, 0x72, 0x00, 0x7a, 0x20, 0x7a, 0x20, 0x7a,
    0xa0, 0x69, 0xa1, 0x61, 0x40, 0x82, 0x20, 0x7a, 0x80, 0x59, 0x40, 0x49,
    0xe0, 0x9a, 0x00, 0xa3, 0xe0, 0x9a, 0xe0, 0xa2, 0x20, 0x7a, 0x60, 0x51,
    0x61, 0x51, 0x40, 0x51, 0x40, 0x49, 0x20, 0x49, 0x20, 0x49, 0x20, 0x49,
    0x00, 0x49, 0x20, 0x49, 0x20, 0x49, 0x00, 0x49, 0x00, 0x41, 0x20, 0x49,
    0x20, 0x49, 0x00, 0x49, 0x20, 0x49, 0x20, 0x49, 0x00, 0x49, 0x20, 0x49,
    0x40, 0x49, 0x60, 0x51, 0x80, 0x59, 0x80, 0x59, 0xc1, 0x92, 0x00, 0xa3,
    0xe0, 0xa2, 0xe0, 0x9a, 0xe0, 0x9a, 0x60, 0x51, 0x60, 0x59, 0xc0, 0x71,
    0xc0, 0x69, 0x80, 0x59, 0x60, 0x51, 0xa0, 0x69, 0xc0, 0x69, 0xc0, 0x69,
    0xc0, 0x69, 0xc0, 0x71, 0xc0, 0x69, 0xc0, 0x69, 0xe0, 0x59, 0x21, 0x74,
    0x61, 0x74, 0x61, 0x74, 0x61, 0x7c, 0x62, 0x7c, 0x61, 0x74, 0x61, 0x7c,
    0x81, 0x74, 0x81, 0x74, 0x81, 0x74, 0x81, 0x74, 0x81, 0x74, 0x81, 0x74,
    0xa1, 0x74, 0x81, 0x74, 0x81, 0x74, 0x81, 0x7c, 0x81, 0x74, 0x81, 0x74,
    0x60, 0xab, 0xe0, 0xea, 0x20, 0xeb, 0x40, 0xeb, 0x40, 0xeb, 0x60, 0xeb,
    0xa0, 0xeb, 0xa0, 0xeb, 0x80, 0xeb, 0x60, 0xeb, 0xe0, 0xe3, 0xe0, 0xec,
    0xe0, 0xec, 0x00, 0xed, 0x21, 0xed, 0x20, 0xed, 0x21, 0xf5, 0x41, 0xf5,
    0x61, 0xf5, 0x61, 0xf5, 0x61, 0xf5, 0x81, 0xf5, 0x81, 0xf5, 0x81, 0xf5,
    0x81, 0xf5, 0x81, 0xf5, 0xa1, 0xf5, 0x81, 0xf5, 0xa1, 0xf5, 0xa1, 0xf5,
    0xa1, 0xfd, 0xa1, 0xf5, 0x81, 0xf5, 0x81, 0xf5, 0x81, 0xf5, 0x81, 0xfd,
    0x81, 0xf5, 0x81, 0xf5, 0x61, 0xf5, 0x61, 0xf5, 0x61, 0xf5, 0x41, 0xf5,
    0x41, 0xf5, 0x21, 0xf5, 0x20, 0xf5, 0x20, 0xf5, 0x21, 0xf5, 0x40, 0xf4,
    0x80, 0xeb, 0x60, 0xeb, 0xa0, 0xf3, 0x40, 0xf4, 0x80, 0xf4, 0xc0, 0xfc,
    0xe0, 0xfc, 0x00, 0xfd, 0x20, 0xfd, 0x20, 0xfd, 0x20, 0xfd, 0x20, 0xfd,
    0x20, 0xfd, 0x20, 0xfd, 0xe0, 0xfc, 0xc0, 0xfc, 0x20, 0xfd, 0x40, 0xfd,
    0x20, 0xfd, 0x40, 0xfd, 0x20, 0xfd, 0x00, 0xfd, 0x00, 0xfd, 0xe0, 0xfc,
    0xc0, 0xfc, 0xc0, 0xf4, 0xa0, 0xfc, 0x80, 0xf4, 0x60, 0xf4, 0xa0, 0xf3,
    0x80, 0xf3, 0x60, 0xeb, 0x60, 0xeb, 0xa0, 0xf3, 0xa0, 0xeb, 0x80, 0xf3,
    0x80, 0xeb, 0x80, 0xeb, 0x60, 0xeb, 0x60, 0xeb, 0x20, 0xeb, 0x20, 0xe3,
    0x40, 0xeb, 0x80, 0xeb, 0xa0, 0xf3, 0xa0, 0xeb, 0xa0, 0xf3, 0xc0, 0xeb,
    0xc0, 0xeb, 0xc0, 0xf3, 0xe0, 0xeb, 0xe0, 0xf3, 0x00, 0xf4, 0x00, 0xec,
    0xa0, 0xeb, 0x80, 0xeb, 0x80, 0xeb, 0xa0, 0xf3, 0xc0, 0xf3, 0xe0, 0xeb,
    0x20, 0xf4, 0x60, 0xf4, 0x60, 0xf4, 0x80, 0xf4, 0x80, 0xfc, 0x80, 0xf4,
    0x60, 0xf4, 0x60, 0xf4, 0x60, 0xf4, 0x60, 0xf4, 0x60, 0xf4, 0x60, 0xf4,
    0x60, 0xf4, 0x40, 0xf4, 0x40, 0xf4, 0x20, 0xf4, 0x20, 0xf4, 0x00, 0xf4,
    0xe0, 0xf3, 0xe0, 0xf3, 0xe0, 0xf3, 0xc0, 0xeb, 0xc0, 0xeb, 0xa0, 0xf3,
    0x60, 0xeb, 0x40, 0xeb, 0x20, 0xeb, 0x00, 0xeb, 0x00, 0xe3, 0xe0, 0xe2,
    0xc0, 0xe2, 0xa0, 0xe2, 0xc0, 0xc2, 0xc1, 0x6b, 0x01, 0x6c, 0xe1, 0x6b,
    0x21, 0x74, 0x21, 0x74, 0x21, 0x74, 0x21, 0x74, 0x41, 0x74, 0x41, 0x74,
    0x41, 0x74, 0x41, 0x74, 0x61, 0x74, 0x41, 0x74, 0x61, 0x74, 0x41, 0x74,
    0x61, 0x7c, 0x62, 0x7c, 0x41, 0x7c, 0x41, 0x7c, 0x61, 0x6b, 0x60, 0x59,
    0x00, 0x72, 0x00, 0x72, 0x00, 0x72, 0x00, 0x72, 0x00, 0x7a, 0x20, 0x7a,
    0xc0, 0x69, 0x80, 0x59, 0x40, 0x82, 0x00, 0x7a, 0xa0, 0x61, 0x20, 0x49,
    0xa0, 0x8a, 0x20, 0xa3, 0xe0, 0xa2, 0xe0, 0xa2, 0x80, 0x8a, 0x80, 0x59,
    0x60, 0x59, 0x60, 0x51, 0x40, 0x51, 0x20, 0x49, 0x20, 0x49, 0x20, 0x49,
    0x00, 0x49, 0x00, 0x49, 0x20, 0x49, 0x20, 0x41, 0x20, 0x49, 0x20, 0x49,
    0x20, 0x49, 0x20, 0x49, 0x20, 0x49, 0x20, 0x49, 0x20, 0x49, 0x20, 0x49,
    0x61, 0x51, 0x60, 0x59, 0x80, 0x59, 0xa0, 0x61, 0x60, 0xab, 0x00, 0xa3,
    0x00, 0xa3, 0xe0, 0x9a, 0xa1, 0x92, 0x20, 0x49, 0x80, 0x61, 0xc0, 0x69,
    0xe0, 0x71, 0x80, 0x59, 0x60, 0x59, 0xa0, 0x69, 0xc0, 0x69, 0xc0, 0x69,
    0xc0, 0x69, 0xc0, 0x69, 0xe0, 0x71, 0xa0, 0x61, 0x41, 0x5a, 0x61, 0x7c,
    0x41, 0x74, 0x61, 0x74, 0x61, 0x74, 0x61, 0x74, 0x81, 0x74, 0x81, 0x7c,
    0x82, 0x74, 0x61, 0x74, 0x81, 0x74, 0x81, 0x74, 0x81, 0x74, 0x81, 0x74,
    0x81, 0x74, 0x81, 0x74, 0x81, 0x7c, 0x81, 0x74, 0x81, 0x74, 0x81, 0x74,
    0x61, 0x9b, 0xe0, 0xe2, 0x00, 0xeb, 0x20, 0xeb, 0x40, 0xeb, 0x60, 0xeb,
    0x80, 0xeb, 0xa0, 0xeb, 0xa0, 0xeb, 0x80, 0xeb, 0x80, 0xe3, 0x81, 0xec,
    0xe0, 0xec, 0xe1, 0xec, 0x00, 0xed, 0x00, 0xed, 0x00, 0xed, 0x21, 0xed,
    0x41, 0xf5, 0x41, 0xf5, 0x61, 0xf5, 0x61, 0xf5, 0x61, 0xf5, 0x61, 0xf5,
    0x61, 0xf5, 0x81, 0xf5, 0x81, 0xf5, 0x61, 0xf5, 0x61, 0xf5, 0x81, 0xf5,
    0x81, 0xf5, 0x61, 0xf5, 0x61, 0xf5, 0x61, 0xf5, 0x61, 0xf5, 0x61, 0xf5,
    0x61, 0xf5, 0x61, 0xf5, 0x41, 0xf5, 0x41, 0xf5, 0x41, 0xf5, 0x20, 0xf5,
    0x20, 0xf5, 0x20, 0xf5, 0x00, 0xf5, 0x00, 0xf5, 0x01, 0xf5, 0xa0, 0xf4,
    0xa0, 0xeb, 0x80, 0xeb, 0x00, 0xf4, 0x60, 0xf4, 0xa0, 0xfc, 0xc0, 0xfc,
    0xe0, 0xfc, 0x00, 0xfd, 0x20, 0xfd, 0x20, 0xfd, 0x20, 0xfd, 0x40, 0xfd,
    0x40, 0xfd, 0x20, 0xfd, 0x20, 0xfd, 0x20, 0xfd, 0x40, 0xfd, 0x20, 0xfd,
    0x20, 0xfd, 0x00, 0xfd, 0x00, 0xfd, 0x00, 0xfd, 0xe0, 0xfc, 0xe0, 0xfc,
    0xc0, 0xfc, 0xc0, 0xfc, 0xa0, 0xf4, 0x60, 0xfc, 0x60, 0xf4, 0xe0, 0xf3,
    0x61, 0xf3, 0x40, 0xeb, 0x40, 0xeb, 0xa0, 0xf3, 0xa0, 0xeb, 0xa0, 0xf3,
    0x80, 0xf3, 0x60, 0xeb, 0x60, 0xeb, 0x40, 0xeb, 0x40, 0xeb, 0x20, 0xeb,
    0x40, 0xeb, 0x80, 0xeb, 0x80, 0xeb, 0xa0, 0xf3, 0xa0, 0xf3, 0xc0, 0xeb,
    0xc0, 0xf3, 0xc0, 0xeb, 0xe0, 0xf3, 0xe0, 0xeb, 0xe0, 0xf3, 0x00, 0xf4,
    0xe0, 0xf3, 0x80, 0xf3, 0x80, 0xeb, 0xa0, 0xeb, 0xa0, 0xf3, 0xe0, 0xf3,
    0x40, 0xf4, 0x60, 0xf4, 0x80, 0xf4, 0x60, 0xf4, 0x60, 0xf4, 0x80, 0xf4,
    0x60, 0xf4, 0x60, 0xfc, 0x60, 0xfc, 0x60, 0xf4, 0x60, 0xf4, 0x40, 0xf4,
    0x40, 0xfc, 0x40, 0xf4, 0x20, 0xf4, 0x00, 0xf4, 0x00, 0xf4, 0xe0, 0xf3,
    0xe0, 0xf3, 0xc0, 0xeb, 0xc0, 0xeb, 0xc0, 0xf3, 0xa0, 0xeb, 0x80, 0xeb,
    0x40, 0xeb, 0x20, 0xeb, 0x00, 0xeb, 0x00, 0xe3, 0xe0, 0xe2, 0xc0, 0xe2,
    0xc0, 0xe2, 0xa0, 0xda, 0x61, 0x83, 0xe1, 0x63, 0xe0, 0x63, 0x01, 0x64,
    0x00, 0x6c, 0x00, 0x6c, 0x20, 0x74, 0x21, 0x74, 0x41, 0x74, 0x21, 0x74,
    0x40, 0x74, 0x41, 0x74, 0x41, 0x74, 0x41, 0x74, 0x41, 0x74, 0x61, 0x74,
    0x41, 0x74, 0x41, 0x74, 0x42, 0x7c, 0x42, 0x7c, 0x01, 0x6c, 0xc0, 0x51,
    0x00, 0x72, 0x00, 0x72, 0x00, 0x7a, 0x00, 0x72, 0x00, 0x72, 0x20, 0x7a,
    0xe0, 0x69, 0x40, 0x51, 0x20, 0x7a, 0x20, 0x7a, 0xe0, 0x69, 0x20, 0x41,
    0x00, 0x72, 0x21, 0xa3, 0xe0, 0xa2, 0xe0, 0xa2, 0xc0, 0x9a, 0xc0, 0x69,
    0x80, 0x61, 0x60, 0x59, 0x40, 0x51, 0x40, 0x51, 0x20, 0x49, 0x20, 0x49,
    0x20, 0x49, 0x20, 0x49, 0x20, 0x49, 0x20, 0x49, 0x00, 0x49, 0x20, 0x41,
    0x20, 0x49, 0x20, 0x49, 0x21, 0x49, 0x20, 0x49, 0x20, 0x49, 0x60, 0x51,
    0x80, 0x59, 0x80, 0x61, 0x80, 0x59, 0x41, 0x7a, 0x80, 0xb3, 0xe0, 0x9a,
    0xe0, 0x9a, 0x00, 0xa3, 0x80, 0x82, 0x20, 0x49, 0xc0, 0x61, 0xc0, 0x69,
    0xc0, 0x69, 0x40, 0x51, 0xa1, 0x61, 0xc0, 0x69, 0xc0, 0x69, 0xc0, 0x69,
    0xc0, 0x69, 0xc0, 0x69, 0xe0, 0x69, 0x80, 0x59, 0xe1, 0x62, 0x41, 0x74,
    0x41, 0x74, 0x41, 0x74, 0x41, 0x74, 0x61, 0x74, 0x61, 0x74, 0x61, 0x74,
    0x61, 0x74, 0x61, 0x74, 0x61, 0x74, 0x61, 0x74, 0x81, 0x74, 0x81, 0x74,
    0x61, 0x74, 0x81, 0x74, 0x82, 0x74, 0x81, 0x74, 0x81, 0x74, 0x82, 0x74,
    0xc1, 0x8b, 0xe0, 0xda, 0x00, 0xe3, 0x20, 0xe3, 0x40, 0xeb, 0x60, 0xeb,
    0x80, 0xeb, 0x80, 0xeb, 0xa0, 0xeb, 0x80, 0xeb, 0x60, 0xe3, 0x00, 0xec,
    0xc0, 0xec, 0xc1, 0xec, 0xe0, 0xec, 0x00, 0xf5, 0x00, 0xed, 0x00, 0xf5,
    0x21, 0xed, 0x20, 0xf5, 0x41, 0xf5, 0x41, 0xf5, 0x41, 0xf5, 0x61, 0xf5,
    0x61, 0xf5, 0x41, 0xf5, 0x61, 0xf5, 0x61, 0xf5, 0x61, 0xf5, 0x61, 0xf5,
    0x41, 0xf5, 0x41, 0xf5, 0x41, 0xf5, 0x61, 0xf5, 0x41, 0xf5, 0x41, 0xf5,
    0x41, 0xf5, 0x41, 0xf5, 0x41, 0xf5, 0x21, 0xf5, 0x20, 0xf5, 0x21, 0xf5,
    0x00, 0xf5, 0x01, 0xf5, 0x01, 0xf5, 0xe0, 0xec, 0xc0, 0xf4, 0xe0, 0xf4,
    0xe0, 0xeb, 0x80, 0xeb, 0x00, 0xf4, 0x60, 0xf4, 0x80, 0xfc, 0xa0, 0xfc,
    0xe0, 0xfc, 0x00, 0xfd, 0x00, 0xfd, 0x20, 0xfd, 0x20, 0xfd, 0x20, 0xfd,
    0x20, 0xfd, 0x20, 0xfd, 0x40, 0xfd, 0x20, 0xfd, 0x20, 0xfd, 0x20, 0xfd,
    0x00, 0xfd, 0x00, 0xfd, 0x00, 0xfd, 0xe0, 0xfc, 0xe0, 0xf4, 0xc0, 0xf4,
    0xc0, 0xfc, 0xa0, 0xf4, 0x80, 0xfc, 0x60, 0xf4, 0x40, 0xf4, 0x20, 0xf4,
    0xe0, 0xf3, 0xc0, 0xf3, 0xc0, 0xf3, 0xc0, 0xeb, 0xa0, 0xf3, 0x80, 0xeb,
    0x80, 0xeb, 0x60, 0xeb, 0x60, 0xeb, 0x60, 0xeb, 0x60, 0xeb, 0x20, 0xeb,
    0x20, 0xeb, 0x60, 0xeb, 0x80, 0xeb, 0xa0, 0xeb, 0xc0, 0xf3, 0xa0, 0xeb,
    0xc0, 0xeb, 0xe0, 0xf3, 0xc0, 0xf3, 0xe0, 0xf3, 0xe0, 0xeb, 0x00, 0xf4,
    0x20, 0xf4, 0x20, 0xf4, 0x00, 0xf4, 0x00, 0xf4, 0x20, 0xf4, 0x40, 0xf4,
    0x60, 0xf4, 0x60, 0xf4, 0x60, 0xf4, 0x60, 0xf4, 0x60, 0xf4, 0x60, 0xfc,
    0x60, 0xf4, 0x60, 0xf4, 0x60, 0xf4, 0x40, 0xf4, 0x40, 0xf4, 0x20, 0xf4,
    0x20, 0xf4, 0x20, 0xf4, 0x00, 0xf4, 0x00, 0xf4, 0xe0, 0xf3, 0xe0, 0xf3,
    0xc0, 0xf3, 0xc0, 0xeb, 0xa0, 0xf3, 0x80, 0xeb, 0x80, 0xeb, 0x40, 0xeb,
    0x20, 0xeb, 0x00, 0xeb, 0x00, 0xe3, 0xc0, 0xe2, 0xc0, 0xe2, 0xa0, 0xe2,
    0x80, 0xe2, 0x01, 0x9b, 0xe1, 0x63, 0x01, 0x6c, 0xe1, 0x6b, 0xe1, 0x63,
    0x01, 0x6c, 0x21, 0x6c, 0x21, 0x74, 0x21, 0x6c, 0x20, 0x74, 0x20, 0x74,
    0x41, 0x74, 0x41, 0x74, 0x41, 0x74, 0x41, 0x74, 0x41, 0x74, 0x41, 0x74,
    0x61, 0x74, 0x41, 0x74, 0x41, 0x74, 0x41, 0x74, 0x61, 0x74, 0x61, 0x5a,
    0xa0, 0x69, 0x00, 0x72, 0x00, 0x72, 0x00, 0x72, 0x00, 0x72, 0x00, 0x7a,
    0xe0, 0x71, 0x40, 0x49, 0xe0, 0x71, 0x20, 0x7a, 0x00, 0x72, 0x40, 0x51,
    0x80, 0x51, 0x00, 0x9b, 0xe0, 0x9a, 0xe0, 0xa2, 0x00, 0x9b, 0x61, 0x82,
    0x80, 0x59, 0xa0, 0x61, 0x80, 0x59, 0x60, 0x51, 0x40, 0x51, 0x20, 0x49,
    0x20, 0x49, 0x20, 0x49, 0x20, 0x49, 0x20, 0x49, 0x20, 0x49, 0x20, 0x49,
    0x20, 0x49, 0x20, 0x49, 0x20, 0x49, 0x20, 0x49, 0x60, 0x59, 0x80, 0x61,
    0xa0, 0x61, 0xa0, 0x61, 0xa0, 0x61, 0x20, 0x9b, 0x00, 0xa3, 0xe0, 0x9a,
    0xe0, 0xa2, 0x00, 0xa3, 0xe0, 0x61, 0x60, 0x51, 0xc0, 0x69, 0xc0, 0x69,
    0xa0, 0x69, 0x40, 0x49, 0xa0, 0x69, 0xc0, 0x69, 0xc0, 0x69, 0xc0, 0x69,
    0xc0, 0x69, 0xc0, 0x71, 0xc0, 0x69, 0x80, 0x51, 0x81, 0x63, 0x01, 0x6c,
    0x21, 0x6c, 0x41, 0x74, 0x41, 0x74, 0x41, 0x74, 0x61, 0x74, 0x61, 0x74,
    0x61, 0x74, 0x61, 0x74, 0x61, 0x74, 0x61, 0x6c, 0x61, 0x74, 0x61, 0x74,
    0x61, 0x74, 0x61, 0x74, 0x61, 0x74, 0x61, 0x74, 0x81, 0x74, 0x81, 0x74,
    0x01, 0x7c, 0x00, 0xcb, 0x00, 0xe3, 0x00, 0xe3, 0x20, 0xe3, 0x60, 0xeb,
    0x80, 0xeb, 0x80, 0xf3, 0x80, 0xeb, 0x80, 0xeb, 0x60, 0xe3, 0xa0, 0xe3,
    0x80, 0xec, 0xa0, 0xec, 0xc0, 0xec, 0xe1, 0xec, 0xe0, 0xec, 0x00, 0xed,
    0x00, 0xed, 0x21, 0xf5, 0x20, 0xed, 0x21, 0xf5, 0x41, 0xf5, 0x40, 0xf5,
    0x41, 0xf5, 0x41, 0xf5, 0x41, 0xf5, 0x41, 0xf5, 0x41, 0xf5, 0x41, 0xf5,
    0x41, 0xf5, 0x41, 0xf5, 0x41, 0xf5, 0x21, 0xf5, 0x21, 0xf5, 0x20, 0xf5,
    0x21, 0xf5, 0x21, 0xf5, 0x20, 0xf5, 0x20, 0xf5, 0x21, 0xf5, 0x00, 0xf5,
    0x00, 0xf5, 0xe1, 0xec, 0xe0, 0xec, 0xc0, 0xf4, 0xc1, 0xec, 0xc1, 0xf4,
    0x60, 0xec, 0xa0, 0xeb, 0x00, 0xf4, 0x60, 0xf4, 0x80, 0xf4, 0xc0, 0xfc,
    0xc0, 0xf4, 0xe0, 0xfc, 0x00, 0xfd, 0x20, 0xfd, 0x20, 0xfd, 0x00, 0xfd,
    0x20, 0xfd, 0x20, 0xfd, 0x20, 0xfd, 0x40, 0xfd, 0x20, 0xfd, 0x00, 0xfd,
    0x20, 0xfd, 0x00, 0xfd, 0x00, 0xfd, 0xe0, 0xfc, 0xc0, 0xfc, 0xc0, 0xf4,
    0xa0, 0xfc, 0xa0, 0xfc, 0x80, 0xf4, 0x60, 0xfc, 0x40, 0xf4, 0x20, 0xf4,
    0x00, 0xf4, 0xe0, 0xf3, 0xe0, 0xf3, 0xc0, 0xeb, 0xa0, 0xf3, 0x80, 0xeb,
    0x80, 0xeb, 0x60, 0xf3, 0x60, 0xeb, 0x60, 0xeb, 0x40, 0xeb, 0x20, 0xeb,
    0x20, 0xeb, 0x60, 0xeb, 0x80, 0xeb, 0x80, 0xeb, 0xa0, 0xeb, 0xa0, 0xf3,
    0xc0, 0xeb, 0xc0, 0xf3, 0xe0, 0xf3, 0xe0, 0xeb, 0xe0, 0xf3, 0xe0, 0xf3,
    0x00, 0xec, 0x20, 0xf4, 0x20, 0xf4, 0x20, 0xf4, 0x40, 0xf4, 0x40, 0xf4,
    0x40, 0xf4, 0x60, 0xf4, 0x40, 0xf4, 0x60, 0xf4, 0x60, 0xf4, 0x40, 0xf4,
    0x40, 0xf4, 0x40, 0xf4, 0x40, 0xf4, 0x20, 0xf4, 0x20, 0xf4, 0x00, 0xf4,
    0x00, 0xf4, 0xe0, 0xf3, 0xe0, 0xf3, 0xe0, 0xf3, 0xc0, 0xeb, 0xc0, 0xeb,
    0xa0, 0xeb, 0x80, 0xeb, 0x80, 0xeb, 0x60, 0xeb, 0x40, 0xeb, 0x40, 0xeb,
    0x00, 0xeb, 0x00, 0xe3, 0xe0, 0xe2, 0xc0, 0xe2, 0xc0, 0xda, 0xa0, 0xe2,
    0xc0, 0xb2, 0xe1, 0x63, 0xe1, 0x6b, 0x01, 0x6c, 0x01, 0x6c, 0xe1, 0x63,
    0x00, 0x6c, 0x01, 0x6c, 0x01, 0x6c, 0x20, 0x6c, 0x21, 0x6c, 0x21, 0x6c,
    0x21, 0x6c, 0x40, 0x6c, 0x40, 0x6c, 0x41, 0x6c, 0x41, 0x6c, 0x41, 0x74,
    0x41, 0x74, 0x41, 0x74, 0x61, 0x74, 0x41, 0x74, 0x61, 0x74, 0x41, 0x63,
    0x80, 0x59, 0x00, 0x72, 0x00, 0x72, 0x00, 0x72, 0x00, 0x7a, 0x00, 0x72,
    0x00, 0x7a, 0x60, 0x51, 0xc1, 0x61, 0x20, 0x7a, 0x00, 0x7a, 0xa0, 0x61,
    0x20, 0x49, 0x60, 0x82, 0x00, 0xa3, 0x00, 0xa3, 0xe0, 0xa2, 0x00, 0xa3,
    0x00, 0x72, 0xa0, 0x69, 0xa0, 0x61, 0xa0, 0x61, 0x80, 0x61, 0x60, 0x59,
    0x40, 0x51, 0x20, 0x49, 0x20, 0x41, 0x20, 0x41, 0x20, 0x49, 0x00, 0x49,
    0x21, 0x49, 0x20, 0x49, 0x60, 0x51, 0xa0, 0x61, 0xa0, 0x61, 0xa0, 0x61,
    0xc0, 0x61, 0xa0, 0x61, 0x80, 0x82, 0xc0, 0xb3, 0xe0, 0x9a, 0x00, 0xa3,
    0xe0, 0x9a, 0xe1, 0x92, 0x40, 0x49, 0x80, 0x61, 0xc1, 0x69, 0xc0, 0x69,
    0x80, 0x61, 0x40, 0x51, 0xc0, 0x69, 0xc0, 0x69, 0xc0, 0x71, 0xc0, 0x69,
    0xc0, 0x69, 0xc0, 0x69, 0xa0, 0x69, 0x21, 0x52, 0x01, 0x6c, 0x01, 0x6c,
    0x01, 0x6c, 0x21, 0x6c, 0x21, 0x6c, 0x21, 0x6c, 0x21, 0x6c, 0x41, 0x6c,
    0x41, 0x6c, 0x41, 0x6c, 0x41, 0x6c, 0x61, 0x6c, 0x61, 0x6c, 0x41, 0x74,
    0x61, 0x6c, 0x61, 0x6c, 0x61, 0x6c, 0x61, 0x74, 0x61, 0x74, 0x81, 0x74,
    0x41, 0x6c, 0x00, 0xb3, 0x00, 0xe3, 0x00, 0xe3, 0x20, 0xe3, 0x20, 0xeb,
    0x40, 0xeb, 0x80, 0xeb, 0x80, 0xeb, 0x80, 0xeb, 0x60, 0xeb, 0x40, 0xe3,
    0x40, 0xe4, 0xa0, 0xec, 0xa0, 0xec, 0xa1, 0xec, 0xc1, 0xec, 0xe0, 0xec,
    0xe1, 0xf4, 0xe0, 0xec, 0x00, 0xed, 0x01, 0xed, 0x00, 0xf5, 0x00, 0xed,
    0x21, 0xf5, 0x20, 0xf5, 0x20, 0xf5, 0x21, 0xf5, 0x21, 0xf5, 0x20, 0xf5,
    0x21, 0xf5, 0x21, 0xf5, 0x20, 0xf5, 0x21, 0xf5, 0x20, 0xed, 0x20, 0xf5,
    0x20, 0xf5, 0x00, 0xed, 0x00, 0xf5, 0x01, 0xed, 0xe0, 0xec, 0x00, 0xed,
    0xe1, 0xec, 0xe0, 0xf4, 0xc0, 0xec, 0xe0, 0xf4, 0xe0, 0xec, 0xc0, 0xec,
    0x20, 0xec, 0xc0, 0xeb, 0x20, 0xf4, 0x40, 0xf4, 0x80, 0xfc, 0xc0, 0xfc,
    0xe0, 0xfc, 0xe0, 0xfc, 0x00, 0xfd, 0x00, 0xfd, 0x00, 0xfd, 0x00, 0xfd,
    0x00, 0xfd, 0x20, 0xfd, 0x20, 0xfd, 0x00, 0xfd, 0x00, 0xfd, 0x00, 0xfd,
    0x00, 0xfd, 0x00, 0xfd, 0xe0, 0xf4, 0xc0, 0xf4, 0xa0, 0xfc, 0xa0, 0xfc,
    0x80, 0xfc, 0x80, 0xf4, 0x60, 0xf4, 0x40, 0xfc, 0x40, 0xf4, 0x20, 0xf4,
    0x00, 0xf4, 0xe0, 0xf3, 0xc0, 0xf3, 0xa0, 0xf3, 0xa0, 0xeb, 0x80, 0xf3,
    0x80, 0xeb, 0x80, 0xeb, 0x60, 0xeb, 0x60, 0xeb, 0x40, 0xeb, 0x20, 0xeb,
    0x20, 0xe3, 0x40, 0xeb, 0x60, 0xeb, 0x80, 0xeb, 0x80, 0xeb, 0xa0, 0xeb,
    0xa0, 0xeb, 0xc0, 0xeb, 0xc0, 0xeb, 0xc0, 0xf3, 0xe0, 0xf3, 0xe0, 0xf3,
    0x00, 0xf4, 0x00, 0xf4, 0x00, 0xf4, 0x20, 0xf4, 0x40, 0xf4, 0x40, 0xf4,
    0x40, 0xf4, 0x20, 0xf4, 0x20, 0xf4, 0x40, 0xf4, 0x40, 0xf4, 0x20, 0xf4,
    0x20, 0xf4, 0x20, 0xf4, 0x20, 0xf4, 0x20, 0xf4, 0x00, 0xf4, 0x00, 0xf4,
    0x00, 0xf4, 0xe0, 0xf3, 0xc0, 0xeb, 0xc0, 0xeb, 0xc0, 0xf3, 0xa0, 0xf3,
    0x60, 0xeb, 0x60, 0xeb, 0x40, 0xeb, 0x20, 0xeb, 0x20, 0xeb, 0x00, 0xeb,
    0x00, 0xe3, 0xe0, 0xe2, 0xc0, 0xe2, 0xa0, 0xe2, 0xa0, 0xe2, 0xc1, 0xc2,
    0xc1, 0x6b, 0x01, 0x64, 0xe0, 0x6b, 0xe1, 0x63, 0xe0, 0x63, 0xe0, 0x63,
    0xe0, 0x6b, 0x01, 0x6c, 0x01, 0x74, 0x21, 0x74, 0x21, 0x6c, 0x01, 0x6c,
    0x20, 0x6c, 0x21, 0x6c, 0x21, 0x6c, 0x20, 0x6c, 0x21, 0x6c, 0x41, 0x74,
    0x41, 0x74, 0x41, 0x74, 0x41, 0x74, 0x41, 0x74, 0x41, 0x74, 0x01, 0x74,
    0xc1, 0x51, 0xc0, 0x69, 0xe0, 0x71, 0xe0, 0x71, 0xe0, 0x71, 0x00, 0x72,
    0x00, 0x7a, 0xa0, 0x61, 0x60, 0x51, 0x20, 0x7a, 0x00, 0x7a, 0xe1, 0x71,
    0x40, 0x49, 0xa0, 0x61, 0x00, 0xa3, 0xe0, 0x9a, 0xe0, 0xa2, 0xe0, 0xa2,
    0xe0, 0x9a, 0xe0, 0x69, 0xc0, 0x69, 0xc0, 0x69, 0xc0, 0x69, 0xa1, 0x61,
    0x80, 0x61, 0xa0, 0x61, 0x80, 0x59, 0x60, 0x59, 0x60, 0x59, 0x80, 0x59,
    0xa0, 0x61, 0xa0, 0x69, 0xc0, 0x69, 0xc0, 0x69, 0xc0, 0x69, 0xc0, 0x69,
    0xc0, 0x69, 0x20, 0x72, 0x00, 0xbc, 0x00, 0xa3, 0xe0, 0xa2, 0xe0, 0xa2,
    0x00, 0x9b, 0x00, 0x72, 0x20, 0x49, 0xc0, 0x69, 0xc0, 0x71, 0xc0, 0x69,
    0x60, 0x51, 0x60, 0x51, 0xc0, 0x69, 0xc0, 0x71, 0xc0, 0x71, 0xc0, 0x69,
    0xc0, 0x69, 0xe0, 0x69, 0xa0, 0x59, 0x41, 0x5b, 0xe1, 0x63, 0xc1, 0x5b,
    0xe1, 0x63, 0x01, 0x64, 0x01, 0x64, 0x01, 0x64, 0x21, 0x6c, 0x21, 0x6c,
    0x21, 0x6c, 0x41, 0x6c, 0x41, 0x6c, 0x41, 0x6c, 0x41, 0x6c, 0x41, 0x6c,
    0x41, 0x6c, 0x41, 0x6c, 0x41, 0x6c, 0x61, 0x6c, 0x61, 0x6c, 0x61, 0x74,
    0x61, 0x6c, 0x81, 0x8b, 0xc0, 0xe2, 0xe0, 0xe2, 0x00, 0xe3, 0x20, 0xeb,
    0x20, 0xeb, 0x60, 0xeb, 0x60, 0xeb, 0x60, 0xeb, 0x60, 0xe3, 0x20, 0xe3,
    0xa0, 0xe3, 0x81, 0xe4, 0x60, 0xe4, 0x80, 0xec, 0x80, 0xec, 0xc0, 0xec,
    0xc1, 0xec, 0xe0, 0xec, 0xe1, 0xec, 0xe0, 0xec, 0xe0, 0xec, 0xe1, 0xec,
    0x00, 0xed, 0x00, 0xed, 0x00, 0xed, 0x00, 0xed, 0x00, 0xed, 0x00, 0xed,
    0x00, 0xed, 0x01, 0xf5, 0x00, 0xed, 0x00, 0xed, 0x01, 0xed, 0xe0, 0xec,
    0x01, 0xf5, 0x00, 0xed, 0xe0, 0xec, 0xe1, 0xec, 0xe0, 0xf4, 0xe0, 0xec,
    0xc0, 0xec, 0xc0, 0xec, 0xc1, 0xec, 0xc0, 0xec, 0xc0, 0xec, 0xa1, 0xec,
    0x20, 0xec, 0xc0, 0xf3, 0x20, 0xf4, 0x40, 0xfc, 0x60, 0xf4, 0xa0, 0xfc,
    0xc0, 0xfc, 0xc0, 0xf4, 0xe0, 0xfc, 0xe0, 0xfc, 0x00, 0xfd, 0x00, 0xfd,
    0x00, 0xfd, 0x00, 0xfd, 0x00, 0xfd, 0x00, 0xfd, 0x00, 0xfd, 0x00, 0xfd,
    0xe0, 0xfc, 0xe0, 0xfc, 0xc0, 0xfc, 0xa0, 0xf4, 0xa0, 0xfc, 0xa0, 0xfc,
    0x80, 0xf4, 0x60, 0xf4, 0x40, 0xf4, 0x40, 0xfc, 0x20, 0xf4, 0x00, 0xf4,
    0x00, 0xf4, 0xe0, 0xf3, 0xc0, 0xf3, 0xa0, 0xeb, 0xa0, 0xeb, 0x80, 0xf3,
    0x60, 0xeb, 0x60, 0xeb, 0x60, 0xeb, 0x40, 0xeb, 0x40, 0xeb, 0x20, 0xeb,
    0x00, 0xe3, 0x40, 0xeb, 0x60, 0xeb, 0x60, 0xeb, 0x60, 0xeb, 0x80, 0xf3,
    0xa0, 0xeb, 0xa0, 0xf3, 0xc0, 0xf3, 0xc0, 0xeb, 0xc0, 0xeb, 0xc0, 0xf3,
    0xe0, 0xeb, 0xe0, 0xf3, 0x00, 0xf4, 0x00, 0xf4, 0x00, 0xf4, 0x20, 0xf4,
    0x20, 0xf4, 0x00, 0xf4, 0x00, 0xf4, 0x00, 0xf4, 0x20, 0xf4, 0x00, 0xf4,
    0x00, 0xf4, 0x00, 0xf4, 0x00, 0xf4, 0x00, 0xf4, 0xe0, 0xf3, 0xe0, 0xeb,
    0xe0, 0xeb, 0xa0, 0xf3, 0xa0, 0xeb, 0x80, 0xeb, 0x80, 0xeb, 0x60, 0xeb,
    0x40, 0xeb, 0x40, 0xeb, 0x20, 0xeb, 0x20, 0xeb, 0x00, 0xe3, 0xe0, 0xe2,
    0xc0, 0xe2, 0xc0, 0xe2, 0xc0, 0xe2, 0xa0, 0xda, 0xa0, 0xca, 0x81, 0x73,
    0x01, 0x6c, 0x01, 0x6c, 0x00, 0x64, 0xe1, 0x63, 0xe1, 0x63, 0xe0, 0x63,
    0x22, 0x8b, 0xa1, 0x6b, 0xe1, 0x6b, 0x01, 0x74, 0xe1, 0x6b, 0x00, 0x6c,
    0x01, 0x6c, 0x01, 0x6c, 0x00, 0x6c, 0x21, 0x6c, 0x21, 0x6c, 0x20, 0x6c,
    0x41, 0x6c, 0x41, 0x6c, 0x40, 0x6c, 0x21, 0x74, 0x21, 0x74, 0x41, 0x74,
    0x01, 0x5b, 0x80, 0x59, 0x00, 0x72, 0xe0, 0x71, 0xe0, 0x71, 0xe0, 0x71,
    0x00, 0x72, 0xc0, 0x69, 0x40, 0x49, 0xe0, 0x71, 0x00, 0x7a, 0x00, 0x7a,
    0x80, 0x61, 0x40, 0x49, 0x80, 0x82, 0xe1, 0xa2, 0x00, 0xa3, 0x00, 0xa3,
    0xe0, 0x9a, 0x01, 0x9b, 0x00, 0x72, 0xe0, 0x69, 0xc0, 0x69, 0xc0, 0x69,
    0xc0, 0x69, 0xa0, 0x61, 0xa0, 0x61, 0xa0, 0x69, 0xc0, 0x69, 0xc0, 0x69,
    0xc0, 0x69, 0xc0, 0x69, 0xc0, 0x69, 0xc0, 0x69, 0xc0, 0x69, 0xc1, 0x69,
    0xe0, 0x71, 0xe1, 0xb3, 0x40, 0xab, 0xc0, 0x9a, 0xe0, 0xa2, 0xe0, 0x9a,
    0xc0, 0x92, 0x40, 0x49, 0x80, 0x59, 0xc0, 0x69, 0xc0, 0x69, 0xc0, 0x69,
    0x40, 0x49, 0xa0, 0x61, 0xc0, 0x69, 0xc0, 0x69, 0xc0, 0x69, 0xe0, 0x71,
    0xe0, 0x69, 0xa0, 0x69, 0xe1, 0x51, 0x81, 0x53, 0xa1, 0x53, 0xc1, 0x5b,
    0xe1, 0x63, 0x01, 0x64, 0x01, 0x64, 0x01, 0x64, 0x21, 0x6c, 0x01, 0x64,
    0x00, 0x5c, 0x21, 0x6c, 0x41, 0x6c, 0x20, 0x6c, 0x00, 0x5c, 0xe1, 0x5b,
    0x21, 0x64, 0x41, 0x6c, 0x41, 0x6c, 0x41, 0x6c, 0x41, 0x6c, 0x21, 0x6c,
    0x21, 0x64, 0xc1, 0x63, 0xe0, 0xc2, 0xe0, 0xe2, 0xe0, 0xe2, 0x20, 0xe3,
    0x20, 0xe3, 0x20, 0xe3, 0x40, 0xe3, 0x40, 0xe3, 0x40, 0xe3, 0x40, 0xe3,
    0x40, 0xe3, 0x00, 0xe4, 0x81, 0xe4, 0x80, 0xe4, 0x60, 0xe4, 0x40, 0xec,
    0x80, 0xec, 0xa0, 0xec, 0xc1, 0xec, 0xe1, 0xec, 0xe0, 0xec, 0xe0, 0xec,
    0xe1, 0xec, 0xe1, 0xec, 0xe0, 0xec, 0xe1, 0xec, 0xe1, 0xec, 0xe0, 0xec,
    0xe0, 0xec, 0xe1, 0xec, 0xe0, 0xec, 0xe0, 0xf4, 0xe1, 0xec, 0xe0, 0xec,
    0xe1, 0xec, 0xe0, 0xec, 0xe0, 0xec, 0xc1, 0xec, 0xc0, 0xec, 0xc1, 0xf4,
    0xc0, 0xec, 0xc0, 0xec, 0xc1, 0xec, 0xa1, 0xec, 0x80, 0xec, 0x80, 0xec,
    0xe0, 0xeb, 0xa0, 0xeb, 0x00, 0xf4, 0x40, 0xf4, 0x60, 0xf4, 0x80, 0xf4,
    0xa0, 0xfc, 0xc0, 0xfc, 0xc0, 0xf4, 0xc0, 0xf4, 0xe0, 0xfc, 0xe0, 0xfc,
    0xe0, 0xf4, 0xe0, 0xfc, 0xe0, 0xfc, 0xe0, 0xfc, 0xe0, 0xf4, 0xe0, 0xf4,
    0xc0, 0xfc, 0xc0, 0xfc, 0xc0, 0xfc, 0xa0, 0xfc, 0x80, 0xf4, 0x80, 0xf4,
    0x60, 0xf4, 0x40, 0xf4, 0x40, 0xfc, 0x20, 0xf4, 0x00, 0xf4, 0x00, 0xf4,
    0x00, 0xf4, 0xe0, 0xf3, 0xc0, 0xeb, 0xa0, 0xf3, 0xa0, 0xeb, 0x80, 0xeb,
    0x60, 0xeb, 0x60, 0xeb, 0x40, 0xeb, 0x40, 0xeb, 0x20, 0xeb, 0x20, 0xeb,
    0x00, 0xe3, 0x20, 0xeb, 0x40, 0xeb, 0x60, 0xeb, 0x60, 0xeb, 0x60, 0xeb,
    0x60, 0xeb, 0x80, 0xeb, 0xa0, 0xf3, 0xa0, 0xeb, 0xc0, 0xf3, 0xc0, 0xf3,
    0xc0, 0xeb, 0xe0, 0xeb, 0xe0, 0xf3, 0xe0, 0xeb, 0xe0, 0xf3, 0xe0, 0xf3,
    0x00, 0xf4, 0x00, 0xf4, 0x00, 0xf4, 0x00, 0xf4, 0x00, 0xf4, 0x00, 0xf4,
    0x00, 0xf4, 0xe0, 0xf3, 0xe0, 0xf3, 0xe0, 0xf3, 0xc0, 0xeb, 0xa0, 0xeb,
    0xa0, 0xeb, 0xa0, 0xf3, 0x80, 0xeb, 0x60, 0xeb, 0x60, 0xeb, 0x40, 0xeb,
    0x20, 0xeb, 0x20, 0xeb, 0x00, 0xeb, 0x00, 0xe3, 0xe0, 0xe2, 0xe0, 0xe2,
    0xc0, 0xe2, 0xa0, 0xe2, 0xa0, 0xe2, 0xa1, 0xca, 0x81, 0x73, 0x00, 0x64,
    0xe1, 0x6b, 0xe1, 0x63, 0xe0, 0x63, 0xe0, 0x63, 0xc1, 0x63, 0xe1, 0x63,
    0xe3, 0xa2, 0xe3, 0x9a, 0x42, 0x7b, 0xa1, 0x6b, 0xe0, 0x6b, 0xe1, 0x6b,
    0xe1, 0x63, 0xc0, 0x5b, 0xe0, 0x63, 0x01, 0x64, 0x00, 0x6c, 0x01, 0x6c,
    0x21, 0x6c, 0x20, 0x6c, 0x21, 0x6c, 0x21, 0x6c, 0x21, 0x6c, 0x41, 0x6c,
    0x01, 0x6c, 0xe0, 0x59, 0xe0, 0x69, 0x00, 0x72, 0xe0, 0x71, 0x00, 0x72,
    0x00, 0x72, 0x00, 0x72, 0x60, 0x59, 0x80, 0x59, 0x00, 0x7a, 0x00, 0x7a,
    0xe0, 0x71, 0x40, 0x51, 0x80, 0x59, 0xc0, 0x9a, 0xe0, 0x9a, 0xe0, 0xa2,
    0xe0, 0xa2, 0x00, 0xa3, 0x20, 0xa3, 0x20, 0x72, 0xe0, 0x69, 0xe0, 0x69,
    0xe0, 0x69, 0xc0, 0x69, 0xc0, 0x69, 0xc0, 0x69, 0xe0, 0x69, 0xe0, 0x69,
    0xc0, 0x69, 0xe0, 0x69, 0xe0, 0x69, 0xe0, 0x69, 0xc0, 0x69, 0x40, 0x7a,
    0x20, 0xbc, 0x60, 0xb3, 0xe0, 0x9a, 0xe0, 0xa2, 0xe0, 0xa2, 0x00, 0x9b,
    0xc1, 0x61, 0x40, 0x51, 0xa0, 0x69, 0xc1, 0x69, 0xc0, 0x69, 0x80, 0x59,
    0x40, 0x51, 0xc0, 0x71, 0xc0, 0x71, 0xc0, 0x69, 0xc1, 0x71, 0xe0, 0x69,
    0xe0, 0x71, 0xa0, 0x59, 0xc1, 0x4a, 0x81, 0x53, 0x81, 0x53, 0x80, 0x4b,
    0xc1, 0x5b, 0xe1, 0x5b, 0xe1, 0x5b, 0xe0, 0x5b, 0xe1, 0x5b, 0xc1, 0x53,
    0xc0, 0x53, 0x21, 0x64, 0x21, 0x6c, 0x21, 0x64, 0xe1, 0x5b, 0xc1, 0x53,
    0x01, 0x5c, 0x01, 0x64, 0x21, 0x6c, 0x21, 0x6c, 0x21, 0x6c, 0x01, 0x64,
    0xe0, 0x5b, 0xe1, 0x53, 0x60, 0x83, 0xc0, 0xda, 0xe0, 0xda, 0xe0, 0xe2,
    0x00, 0xe3, 0x00, 0xe3, 0x20, 0xeb, 0x20, 0xe3, 0x40, 0xe3, 0x20, 0xe3,
    0x00, 0xe3, 0x80, 0xe3, 0x60, 0xe4, 0x60, 0xe4, 0x61, 0xe4, 0x80, 0xec,
    0x60, 0xe4, 0x40, 0xec, 0x60, 0xec, 0x80, 0xec, 0xa0, 0xec, 0xc0, 0xec,
    0xc0, 0xec, 0xc1, 0xec, 0xc0, 0xec, 0xc0, 0xec, 0xc1, 0xf4, 0xc1, 0xec,
    0xe0, 0xec, 0xc0, 0xec, 0xc1, 0xec, 0xc0, 0xec, 0xe0, 0xf4, 0xc0, 0xec,
    0xc1, 0xec, 0xc0, 0xec, 0xc0, 0xec, 0xa0, 0xec, 0xa0, 0xec, 0xa0, 0xec,
    0xa0, 0xec, 0xa0, 0xec, 0x80, 0xec, 0x60, 0xec, 0x40, 0xec, 0x60, 0xec,
    0xc0, 0xe3, 0xa0, 0xeb, 0x00, 0xf4, 0x40, 0xf4, 0x60, 0xf4, 0x60, 0xf4,
    0x80, 0xf4, 0xa0, 0xf4, 0xa0, 0xfc, 0xa0, 0xfc, 0xc0, 0xfc, 0xc0, 0xf4,
    0xc0, 0xfc, 0xc0, 0xfc, 0xe0, 0xfc, 0xe0, 0xfc, 0xc0, 0xfc, 0xc0, 0xfc,
    0xa0, 0xf4, 0xa0, 0xfc, 0xa0, 0xf4, 0x80, 0xf4, 0x60, 0xf4, 0x60, 0xfc,
    0x40, 0xfc, 0x40, 0xf4, 0x20, 0xf4, 0x20, 0xf4, 0x00, 0xf4, 0x00, 0xf4,
    0xe0, 0xf3, 0xc0, 0xf3, 0xc0, 0xf3, 0xa0, 0xeb, 0x80, 0xeb, 0x60, 0xeb,
    0x60, 0xeb, 0x60, 0xeb, 0x40, 0xeb, 0x40, 0xeb, 0x20, 0xe3, 0x20, 0xe3,
    0xe0, 0xe2, 0x00, 0xe3, 0x20, 0xeb, 0x40, 0xeb, 0x40, 0xeb, 0x60, 0xeb,
    0x60, 0xeb, 0x60, 0xeb, 0x60, 0xeb, 0x80, 0xeb, 0xa0, 0xeb, 0xc0, 0xf3,
    0xc0, 0xf3, 0xc0, 0xeb, 0xc0, 0xeb, 0xc0, 0xf3, 0xe0, 0xf3, 0xc0, 0xeb,
    0xe0, 0xf3, 0xe0, 0xf3, 0xe0, 0xeb, 0xc0, 0xf3, 0xc0, 0xf3, 0xc0, 0xf3,
    0xc0, 0xeb, 0xc0, 0xeb, 0xc0, 0xf3, 0xa0, 0xeb, 0x80, 0xeb, 0x80, 0xeb,
    0x80, 0xeb, 0x60, 0xeb, 0x60, 0xeb, 0x40, 0xeb, 0x20, 0xeb, 0x00, 0xeb,
    0x00, 0xeb, 0x00, 0xe3, 0xe0, 0xe2, 0xc0, 0xe2, 0xc0, 0xe2, 0xc0, 0xe2,
    0xc0, 0xe2, 0xa0, 0xe2, 0x80, 0xca, 0x81, 0x73, 0xe1, 0x6b, 0xe0, 0x6b,
    0xe1, 0x63, 0xe1, 0x63, 0xe0, 0x63, 0xe0, 0x63, 0xc1, 0x63, 0xe1, 0x63,
    0x03, 0xab, 0xe3, 0xa2, 0xe3, 0xa2, 0xc2, 0x92, 0x61, 0x6b, 0x81, 0x63,
    0x81, 0x53, 0x80, 0x43, 0x81, 0x43, 0xa1, 0x53, 0x01, 0x6c, 0x01, 0x64,
    0x00, 0x6c, 0x21, 0x6c, 0x21, 0x6c, 0x20, 0x6c, 0x20, 0x6c, 0x21, 0x6c,
    0x00, 0x6c, 0x21, 0x5b, 0x80, 0x59, 0x00, 0x72, 0x01, 0x72, 0xe0, 0x71,
    0xe0, 0x71, 0x00, 0x72, 0xc0, 0x69, 0x40, 0x49, 0xe0, 0x69, 0x00, 0x7a,
    0x00, 0x7a, 0xc0, 0x69, 0x20, 0x41, 0xe0, 0x69, 0x00, 0xa3, 0xe0, 0x9a,
    0x00, 0xa3, 0xe0, 0xa2, 0x00, 0xa3, 0x80, 0xb3, 0x21, 0x9b, 0xc0, 0x69,
    0xa0, 0x69, 0xe0, 0x71, 0xe0, 0x71, 0xe0, 0x69, 0xe0, 0x71, 0xe0, 0x71,
    0xe0, 0x71, 0xe0, 0x71, 0xc0, 0x69, 0xa0, 0x69, 0x40, 0x9b, 0x41, 0xc4,
    0x20, 0xa3, 0xe0, 0xa2, 0xe0, 0xa2, 0xe0, 0x9a, 0xe0, 0xa2, 0x40, 0x7a,
    0x01, 0x41, 0x80, 0x61, 0xc0, 0x69, 0xc0, 0x69, 0xa0, 0x69, 0x40, 0x51,
    0x80, 0x59, 0xc0, 0x71, 0xc0, 0x69, 0xe0, 0x71, 0xc0, 0x71, 0xe0, 0x71,
    0xc0, 0x61, 0x20, 0x4a, 0x61, 0x4b, 0x40, 0x4b, 0x60, 0x4b, 0x81, 0x4b,
    0x81, 0x4b, 0xa1, 0x53, 0xa1, 0x53, 0xa0, 0x53, 0xa1, 0x53, 0xa1, 0x53,
    0xa0, 0x4b, 0xe1, 0x5b, 0x01, 0x64, 0xe1, 0x5b, 0xc0, 0x53, 0xc1, 0x53,
    0x01, 0x5c, 0x01, 0x64, 0x01, 0x64, 0x01, 0x5c, 0xe1, 0x5b, 0xe0, 0x53,
    0xe1, 0x5b, 0xe1, 0x5b, 0xc1, 0x5b, 0xe0, 0xb2, 0xc0, 0xe2, 0xc0, 0xda,
    0xe0, 0xe2, 0x00, 0xe3, 0x00, 0xe3, 0x20, 0xe3, 0x20, 0xe3, 0x00, 0xe3,
    0x00, 0xe3, 0x00, 0xe3, 0x00, 0xe4, 0x60, 0xe4, 0x60, 0xe4, 0x61, 0xe4,
    0x60, 0xe4, 0x60, 0xe4, 0x40, 0xe4, 0x20, 0xe4, 0x40, 0xec, 0x81, 0xec,
    0x80, 0xec, 0xa0, 0xec, 0xc0, 0xec, 0xc0, 0xec, 0xc0, 0xec, 0xc0, 0xec,
    0xc0, 0xec, 0xc0, 0xec, 0xa0, 0xec, 0xa0, 0xec, 0xa0, 0xec, 0xa0, 0xec,
    0xa1, 0xec, 0x80, 0xec, 0xa0, 0xec, 0xa0, 0xec, 0xa0, 0xec, 0x81, 0xec,
    0x60, 0xec, 0x40, 0xe4, 0x20, 0xec, 0x20, 0xe4, 0x40, 0xec, 0x61, 0xec,
    0xc0, 0xe3, 0xa0, 0xeb, 0xe0, 0xf3, 0x20, 0xf4, 0x40, 0xfc, 0x40, 0xfc,
    0x60, 0xf4, 0x80, 0xf4, 0x80, 0xfc, 0x80, 0xf4, 0x80, 0xf4, 0x60, 0xfc,
    0x80, 0xf4, 0xc0, 0xfc, 0xc0, 0xf4, 0xc0, 0xfc, 0xa0, 0xf4, 0xa0, 0xfc,
    0xa0, 0xf4, 0x80, 0xf4, 0x60, 0xfc, 0x60, 0xf4, 0x60, 0xfc, 0x40, 0xfc,
    0x40, 0xf4, 0x20, 0xf4, 0x20, 0xf4, 0x00, 0xf4, 0x00, 0xf4, 0xe0, 0xf3,
    0xc0, 0xf3, 0xa0, 0xf3, 0xa0, 0xf3, 0xa0, 0xeb, 0x80, 0xeb, 0x80, 0xf3,
    0x40, 0xeb, 0x60, 0xeb, 0x60, 0xeb, 0x40, 0xeb, 0x20, 0xeb, 0x00, 0xe3,
    0xe0, 0xe2, 0x00, 0xe3, 0x00, 0xeb, 0x20, 0xeb, 0x40, 0xeb, 0x40, 0xeb,
    0x40, 0xeb, 0x60, 0xeb, 0x60, 0xeb, 0x60, 0xeb, 0x80, 0xeb, 0x80, 0xeb,
    0x80, 0xeb, 0xa0, 0xf3, 0xa0, 0xeb, 0xa0, 0xeb, 0xa0, 0xeb, 0xc0, 0xeb,
    0xc0, 0xeb, 0xc0, 0xeb, 0xa0, 0xeb, 0xa0, 0xeb, 0xa0, 0xeb, 0x80, 0xeb,
    0xa0, 0xeb, 0xa0, 0xeb, 0x80, 0xeb, 0x60, 0xeb, 0x60, 0xeb, 0x60, 0xeb,
    0x60, 0xeb, 0x20, 0xeb, 0x20, 0xeb, 0x20, 0xeb, 0x00, 0xeb, 0xe0, 0xe2,
    0xe0, 0xe2, 0xe0, 0xe2, 0xc0, 0xe2, 0xc0, 0xe2, 0xa0, 0xe2, 0xa0, 0xe2,
    0xa0, 0xda, 0x81, 0xca, 0x81, 0x73, 0xe1, 0x63, 0xe1, 0x6b, 0xe0, 0x63,
    0xe1, 0x63, 0xe1, 0x63, 0xc0, 0x63, 0xc1, 0x5b, 0xc0, 0x63, 0xc0, 0x63,
    0x03, 0xab, 0xe3, 0xa2, 0xa3, 0x92, 0x83, 0x8a, 0x82, 0x7a, 0x01, 0x5b,
    0x81, 0x43, 0x81, 0x43, 0xa0, 0x4b, 0xa1, 0x4b, 0xe1, 0x5b, 0xe0, 0x5b,
    0x01, 0x64, 0x01, 0x64, 0x20, 0x64, 0x21, 0x6c, 0x21, 0x6c, 0x01, 0x64,
    0xe0, 0x63, 0xc0, 0x63, 0x41, 0x52, 0xa0, 0x61, 0x00, 0x72, 0xe0, 0x71,
    0x00, 0x72, 0xe1, 0x71, 0xe0, 0x71, 0x80, 0x59, 0x60, 0x51, 0x20, 0x7a,
    0x00, 0x7a, 0x00, 0x72, 0x80, 0x59, 0x20, 0x49, 0x40, 0x7a, 0x01, 0xa3,
    0xe0, 0x9a, 0x00, 0x9b, 0xe0, 0xa2, 0xe0, 0x9a, 0x60, 0xb3, 0x00, 0xbc,
    0x60, 0xa3, 0x80, 0x82, 0x00, 0x72, 0xe0, 0x71, 0xe0, 0x71, 0x00, 0x72,
    0x21, 0x7a, 0xa0, 0x82, 0x60, 0xa3, 0x61, 0xcc, 0xe0, 0xbb, 0xc0, 0x9a,
    0xe0, 0xa2, 0xe0, 0xa2, 0xe0, 0x9a, 0xe0, 0xa2, 0x81, 0x82, 0x20, 0x41,
    0x60, 0x51, 0xc0, 0x69, 0xc0, 0x69, 0xc0, 0x71, 0x60, 0x59, 0x40, 0x49,
    0xa0, 0x69, 0xc0, 0x69, 0xe0, 0x69, 0xe0, 0x69, 0xe0, 0x69, 0xc0, 0x69,
    0xa1, 0x49, 0x01, 0x43, 0x21, 0x43, 0x21, 0x43, 0x41, 0x43, 0x61, 0x4b,
    0x61, 0x4b, 0x80, 0x4b, 0x81, 0x4b, 0x81, 0x4b, 0xa1, 0x4b, 0xa1, 0x4b,
    0xa1, 0x4b, 0xa0, 0x53, 0xc1, 0x53, 0xc1, 0x4b, 0xa1, 0x53, 0xc1, 0x53,
    0xe1, 0x53, 0xe0, 0x5b, 0xe1, 0x5b, 0xc1, 0x5b, 0xc0, 0x53, 0xe1, 0x5b,
    0xe1, 0x5b, 0xe0, 0x5b, 0xe1, 0x5b, 0x61, 0x63, 0xa0, 0xca, 0xc0, 0xda,
    0xe0, 0xda, 0xe0, 0xe2, 0xe0, 0xe2, 0x00, 0xe3, 0x00, 0xe3, 0x00, 0xe3,
    0x00, 0xe3, 0xe0, 0xda, 0x20, 0xdb, 0x21, 0xe4, 0x61, 0xe4, 0x60, 0xec,
    0x60, 0xec, 0x60, 0xe4, 0x60, 0xe4, 0x61, 0xec, 0x40, 0xe4, 0x20, 0xe4,
    0x20, 0xe4, 0x40, 0xe4, 0x40, 0xe4, 0x60, 0xec, 0x60, 0xec, 0x60, 0xec,
    0x81, 0xec, 0x80, 0xec, 0x80, 0xec, 0x81, 0xec, 0x80, 0xec, 0x80, 0xec,
    0x80, 0xec, 0x60, 0xec, 0x60, 0xec, 0x40, 0xec, 0x40, 0xe4, 0x20, 0xe4,
    0x20, 0xe4, 0x20, 0xe4, 0x40, 0xe4, 0x40, 0xec, 0x60, 0xec, 0x61, 0xec,
    0xc0, 0xe3, 0x80, 0xeb, 0xc0, 0xf3, 0xe0, 0xf3, 0x20, 0xf4, 0x20, 0xf4,
    0x40, 0xf4, 0x60, 0xf4, 0x60, 0xf4, 0x40, 0xf4, 0xe0, 0xf3, 0xa0, 0xf3,
    0x80, 0xf3, 0xe0, 0xf3, 0xa0, 0xfc, 0xa0, 0xf4, 0x80, 0xf4, 0x80, 0xfc,
    0x80, 0xfc, 0x80, 0xf4, 0x60, 0xf4, 0x40, 0xfc, 0x40, 0xf4, 0x40, 0xf4,
    0x20, 0xf4, 0x20, 0xf4, 0x00, 0xf4, 0x00, 0xf4, 0xe0, 0xf3, 0xe0, 0xf3,
    0xc0, 0xf3, 0xa0, 0xf3, 0xa0, 0xeb, 0x80, 0xeb, 0x80, 0xf3, 0x60, 0xeb,
    0x40, 0xeb, 0x40, 0xeb, 0x20, 0xeb, 0x20, 0xeb, 0x00, 0xe3, 0x00, 0xe3,
    0xe0, 0xe2, 0xe1, 0xe2, 0x00, 0xe3, 0x00, 0xeb, 0x20, 0xeb, 0x20, 0xeb,
    0x40, 0xeb, 0x40, 0xeb, 0x60, 0xeb, 0x60, 0xeb, 0x60, 0xeb, 0x60, 0xeb,
    0x60, 0xeb, 0x60, 0xeb, 0x80, 0xeb, 0x80, 0xeb, 0x80, 0xeb, 0x80, 0xf3,
    0x80, 0xeb, 0x80, 0xeb, 0x80, 0xf3, 0xa0, 0xeb, 0x80, 0xeb, 0x80, 0xeb,
    0x80, 0xeb, 0x60, 0xeb, 0x60, 0xeb, 0x40, 0xeb, 0x40, 0xeb, 0x40, 0xeb,
    0x20, 0xeb, 0x00, 0xeb, 0x00, 0xe3, 0x00, 0xe3, 0xe0, 0xe2, 0xc0, 0xe2,
    0xc0, 0xe2, 0xc0, 0xe2, 0xc0, 0xe2, 0xa0, 0xe2, 0xa0, 0xda, 0xa0, 0xe2,
    0x80, 0xc2, 0x41, 0x73, 0xe1, 0x6b, 0xe0, 0x63, 0xc1, 0x63, 0xc0, 0x63,
    0xc0, 0x5b, 0xc1, 0x63, 0xc0, 0x5b, 0xa0, 0x5b, 0xc1, 0x63, 0xc1, 0x63,
    0xa3, 0x92, 0x63, 0x8a, 0x63, 0x82, 0x63, 0x82, 0x43, 0x82, 0x82, 0x72,
    0x61, 0x43, 0x81, 0x43, 0x81, 0x4b, 0x80, 0x43, 0x80, 0x43, 0x61, 0x4b,
    0x81, 0x4b, 0xc1, 0x53, 0xe0, 0x5b, 0x01, 0x64, 0x01, 0x64, 0x01, 0x64,
    0xe1, 0x63, 0xc0, 0x63, 0xc1, 0x5b, 0x00, 0x52, 0xc0, 0x69, 0x00, 0x72,
    0xe0, 0x71, 0xe0, 0x71, 0x00, 0x72, 0xc0, 0x69, 0x40, 0x49, 0xa0, 0x61,
    0x00, 0x7a, 0x00, 0x7a, 0xe0, 0x79, 0x60, 0x59, 0x20, 0x49, 0x40, 0x7a,
    0x00, 0xa3, 0xe0, 0x9a, 0x00, 0xa3, 0x00, 0xa3, 0xe0, 0x9a, 0xe0, 0x9a,
    0x00, 0xa3, 0x80, 0xb3, 0x20, 0xbc, 0x61, 0xc4, 0x80, 0xcc, 0x80, 0xcc,
    0x40, 0xc4, 0xe0, 0xbb, 0x00, 0xa3, 0xc0, 0x9a, 0xe0, 0xa2, 0xe0, 0xa2,
    0xe0, 0xa2, 0xe0, 0xa2, 0x00, 0xa3, 0x41, 0x82, 0x00, 0x41, 0x40, 0x51,
    0xc0, 0x69, 0xc0, 0x71, 0xc0, 0x69, 0xa0, 0x61, 0x20, 0x49, 0x80, 0x59,
    0xc0, 0x69, 0xe0, 0x71, 0xe1, 0x69, 0xc0, 0x69, 0xe0, 0x71, 0xa0, 0x51,
    0xc1, 0x42, 0x21, 0x43, 0x21, 0x43, 0x21, 0x43, 0x41, 0x43, 0x61, 0x4b,
    0x61, 0x43, 0x60, 0x4b, 0x81, 0x4b, 0x81, 0x4b, 0x80, 0x4b, 0xa1, 0x4b,
    0xa1, 0x4b, 0xa1, 0x4b, 0xc1, 0x4b, 0xc1, 0x53, 0xa1, 0x53, 0xc0, 0x53,
    0xc1, 0x53, 0xc0, 0x53, 0xe1, 0x5b, 0xe1, 0x5b, 0xe1, 0x5b, 0xe1, 0x5b,
    0xe1, 0x5b, 0x01, 0x5c, 0x01, 0x5c, 0xe1, 0x5b, 0x81, 0x73, 0xa0, 0xd2,
    0xc0, 0xda, 0xc0, 0xda, 0xc0, 0xda, 0xe0, 0xe2, 0xe0, 0xe2, 0xe0, 0xe2,
    0x00, 0xe3, 0xe0, 0xda, 0xc0, 0xda, 0x40, 0xdb, 0x40, 0xe4, 0x40, 0xe4,
    0x40, 0xe4, 0x40, 0xe4, 0x61, 0xe4, 0x60, 0xe4, 0x60, 0xe4, 0x80, 0xe4,
    0x60, 0xe4, 0x60, 0xe4, 0x40, 0xe4, 0x40, 0xe4, 0x20, 0xe4, 0x20, 0xe4,
    0x20, 0xe4, 0x20, 0xe4, 0x20, 0xe4, 0x20, 0xe4, 0x20, 0xe4, 0x20, 0xe4,
    0x20, 0xe4, 0x20, 0xe4, 0x40, 0xe4, 0x41, 0xec, 0x40, 0xe4, 0x20, 0xe4,
    0x41, 0xec, 0x60, 0xe4, 0x60, 0xe4, 0x40, 0xe4, 0x40, 0xe4, 0x40, 0xe4,
    0xc1, 0xe3, 0x60, 0xeb, 0xa0, 0xeb, 0xe0, 0xf3, 0x00, 0xf4, 0x00, 0xf4,
    0x20, 0xf4, 0x20, 0xf4, 0x40, 0xf4, 0x20, 0xf4, 0xa0, 0xf3, 0xa0, 0xf3,
    0xa0, 0xeb, 0xa0, 0xf3, 0x40, 0xf4, 0x60, 0xfc, 0x60, 0xf4, 0x60, 0xf4,
    0x40, 0xfc, 0x40, 0xf4, 0x40, 0xf4, 0x20, 0xf4, 0x20, 0xf4, 0x20, 0xf4,
    0x20, 0xf4, 0x00, 0xf4, 0xe0, 0xf3, 0xe0, 0xf3, 0xc0, 0xf3, 0xc0, 0xf3,
    0xc0, 0xf3, 0xa0, 0xeb, 0x80, 0xeb, 0x80, 0xeb, 0x60, 0xeb, 0x60, 0xeb,
    0x40, 0xeb, 0x40, 0xeb, 0x20, 0xeb, 0x00, 0xe3, 0x00, 0xe3, 0xe0, 0xe2,
    0xe0, 0xe2, 0xe0, 0xe2, 0xe0, 0xea, 0x00, 0xe3, 0x00, 0xe3, 0x00, 0xe3,
    0x00, 0xeb, 0x20, 0xeb, 0x40, 0xeb, 0x40, 0xeb, 0x40, 0xeb, 0x40, 0xeb,
    0x40, 0xeb, 0x40, 0xeb, 0x60, 0xeb, 0x60, 0xeb, 0x60, 0xeb, 0x60, 0xeb,
    0x60, 0xeb, 0x60, 0xeb, 0x60, 0xeb, 0x60, 0xeb, 0x60, 0xeb, 0x60, 0xeb,
    0x60, 0xeb, 0x40, 0xeb, 0x20, 0xeb, 0x20, 0xeb, 0x20, 0xeb, 0x00, 0xe3,
    0x00, 0xe3, 0xe0, 0xe2, 0xe0, 0xe2, 0xc0, 0xe2, 0xc0, 0xe2, 0xc0, 0xe2,
    0xc0, 0xe2, 0xa0, 0xda, 0xa0, 0xda, 0xa0, 0xda, 0xa0, 0xe2, 0xa1, 0xaa,
    0x61, 0x5b, 0xc1, 0x63, 0xe1, 0x63, 0xa1, 0x5b, 0xa1, 0x5b, 0xa1, 0x5b,
    0xa1, 0x5b, 0x81, 0x53, 0x61, 0x4b, 0x21, 0x43, 0x61, 0x4b, 0xc1, 0x5b,
    0x63, 0x82, 0x63, 0x82, 0x63, 0x82, 0x62, 0x7a, 0x63, 0x7a, 0x62, 0x72,
    0x21, 0x4b, 0x80, 0x4b, 0xa1, 0x4b, 0x80, 0x43, 0x80, 0x4b, 0x80, 0x4b,
    0x81, 0x4b, 0xa0, 0x4b, 0xe0, 0x5b, 0x01, 0x64, 0x00, 0x6c, 0x00, 0x6c,
    0x00, 0x64, 0x01, 0x64, 0xc1, 0x63, 0x81, 0x5b, 0xc0, 0x51, 0xc0, 0x69,
    0x00, 0x72, 0x00, 0x72, 0xe0, 0x71, 0xe0, 0x71, 0x80, 0x59, 0x40, 0x49,
    0xe0, 0x71, 0x00, 0x7a, 0x00, 0x7a, 0xe0, 0x71, 0x60, 0x51, 0x20, 0x49,
    0x00, 0x72, 0xe0, 0x9a, 0xe0, 0xa2, 0x00, 0xa3, 0x00, 0xa3, 0x00, 0xa3,
    0xe0, 0xa2, 0xe0, 0x9a, 0xc0, 0x9a, 0xc0, 0x9a, 0xe0, 0x9a, 0xc0, 0x9a,
    0xc0, 0x9a, 0xe0, 0x9a, 0xe0, 0xa2, 0xe0, 0xa2, 0x00, 0xa3, 0xe0, 0xa2,
    0xe0, 0xa2, 0xe0, 0x9a, 0xe0, 0x69, 0x00, 0x41, 0x40, 0x51, 0xa0, 0x69,
    0xc0, 0x71, 0xc0, 0x71, 0xc0, 0x71, 0x40, 0x51, 0x60, 0x51, 0xc0, 0x69,
    0xc0, 0x69, 0xc0, 0x69, 0xe0, 0x71, 0xc0, 0x69, 0x80, 0x51, 0x61, 0x42,
    0x01, 0x43, 0x00, 0x43, 0x20, 0x43, 0x20, 0x43, 0x40, 0x43, 0x41, 0x43,
    0x61, 0x43, 0x60, 0x43, 0x81, 0x4b, 0x81, 0x4b, 0x81, 0x4b, 0x81, 0x4b,
    0xa1, 0x4b, 0xa1, 0x53, 0xa0, 0x4b, 0xa1, 0x4b, 0xa1, 0x4b, 0xc1, 0x53,
    0xc1, 0x53, 0xc1, 0x53, 0xc1, 0x53, 0xe0, 0x5b, 0xe1, 0x5b, 0xe1, 0x5b,
    0xe1, 0x5b, 0x01, 0x5c, 0xe1, 0x63, 0xe1, 0x5b, 0xe1, 0x5b, 0x41, 0x7b,
    0x80, 0xca, 0xa0, 0xda, 0xa0, 0xda, 0xc0, 0xda, 0xe0, 0xda, 0xc0, 0xda,
    0xc0, 0xda, 0xc0, 0xda, 0xc0, 0xda, 0xa0, 0xda, 0x60, 0xdb, 0x41, 0xe4,
    0x40, 0xe4, 0x40, 0xe4, 0x40, 0xe4, 0x60, 0xe4, 0x61, 0xe4, 0x40, 0xe4,
    0x60, 0xec, 0x60, 0xe4, 0x61, 0xe4, 0x61, 0xe4, 0x60, 0xe4, 0x40, 0xe4,
    0x60, 0xe4, 0x40, 0xe4, 0x40, 0xe4, 0x40, 0xe4, 0x41, 0xe4, 0x40, 0xe4,
    0x41, 0xe4, 0x40, 0xec, 0x40, 0xe4, 0x40, 0xec, 0x40, 0xe4, 0x40, 0xe4,
    0x60, 0xec, 0x40, 0xec, 0x41, 0xe4, 0x20, 0xe4, 0x40, 0xe4, 0x20, 0xe4,
    0x00, 0xe4, 0x60, 0xeb, 0xa0, 0xeb, 0xc0, 0xeb, 0xe0, 0xf3, 0xe0, 0xf3,
    0x00, 0xf4, 0x00, 0xf4, 0x00, 0xf4, 0x00, 0xf4, 0x80, 0xf3, 0x80, 0xf3,
    0x80, 0xf3, 0x80, 0xeb, 0x20, 0xf4, 0x20, 0xf4, 0x40, 0xfc, 0x40, 0xf4,
    0x20, 0xf4, 0x40, 0xf4, 0x20, 0xf4, 0x20, 0xf4, 0x00, 0xf4, 0x00, 0xf4,
    0x00, 0xf4, 0x00, 0xf4, 0xe0, 0xf3, 0xc0, 0xf3, 0xc0, 0xf3, 0xa0, 0xf3,
    0x80, 0xeb, 0x80, 0xeb, 0x80, 0xf3, 0x60, 0xeb, 0x60, 0xeb, 0x40, 0xeb,
    0x40, 0xeb, 0x20, 0xeb, 0x20, 0xeb, 0x00, 0xeb, 0xe0, 0xea, 0xc0, 0xe2,
    0xc0, 0xe2, 0xe0, 0xe2, 0xe0, 0xe2, 0xe0, 0xe2, 0xe0, 0xe2, 0xe0, 0xe2,
    0x00, 0xe3, 0x00, 0xe3, 0x00, 0xe3, 0x00, 0xeb, 0x20, 0xeb, 0x20, 0xeb,
    0x20, 0xeb, 0x20, 0xeb, 0x20, 0xeb, 0x40, 0xeb, 0x40, 0xeb, 0x40, 0xeb,
    0x40, 0xeb, 0x40, 0xeb, 0x40, 0xeb, 0x40, 0xeb, 0x40, 0xeb, 0x20, 0xeb,
    0x20, 0xeb, 0x20, 0xeb, 0x00, 0xe3, 0x00, 0xe3, 0xe0, 0xe2, 0xe0, 0xe2,
    0xc0, 0xe2, 0xc0, 0xe2, 0xc0, 0xe2, 0xc0, 0xe2, 0xa0, 0xe2, 0xa0, 0xe2,
    0xa0, 0xda, 0xa0, 0xda, 0x80, 0xe2, 0x80, 0xd2, 0xa1, 0x82, 0x21, 0x43,
    0x41, 0x43, 0x40, 0x4b, 0x81, 0x53, 0x41, 0x4b, 0x60, 0x4b, 0x81, 0x53,
    0x61, 0x4b, 0x21, 0x43, 0x21, 0x43, 0x20, 0x3b, 0x01, 0x3b, 0x40, 0x4b,
    0x82, 0x7a, 0x83, 0x82, 0x62, 0x7a, 0x42, 0x7a, 0x43, 0x7a, 0x42, 0x72,
    0x21, 0x5b, 0xa1, 0x4b, 0xa1, 0x4b, 0xa1, 0x4b, 0xa0, 0x4b, 0xa1, 0x4b,
    0xa1, 0x4b, 0xc1, 0x53, 0x01, 0x64, 0x01, 0x64, 0x00, 0x6c, 0x00, 0x6c,
    0x00, 0x64, 0x01, 0x6c, 0xc1, 0x63, 0xc0, 0x63, 0x61, 0x5b, 0xa0, 0x51,
    0xc0, 0x69, 0xe0, 0x71, 0xe0, 0x71, 0xe0, 0x71, 0xe0, 0x71, 0x40, 0x51,
    0x60, 0x51, 0x00, 0x7a, 0x01, 0x7a, 0x00, 0x72, 0xe0, 0x71, 0x60, 0x59,
    0x20, 0x49, 0x80, 0x51, 0xa1, 0x92, 0x00, 0xa3, 0xe0, 0x9a, 0xe0, 0xa2,
    0xe0, 0xa2, 0xe0, 0xa2, 0x00, 0xa3, 0x00, 0xa3, 0xe0, 0xa2, 0xe0, 0xa2,
    0xe0, 0xa2, 0xe0, 0xa2, 0xe0, 0x9a, 0xe0, 0xa2, 0xe0, 0xa2, 0x00, 0xa3,
    0x60, 0x82, 0x40, 0x49, 0x20, 0x49, 0x60, 0x59, 0xe0, 0x71, 0xc0, 0x71,
    0xc0, 0x71, 0xc0, 0x71, 0x60, 0x59, 0x40, 0x51, 0xa1, 0x61, 0xc0, 0x69,
    0xc0, 0x69, 0xc0, 0x69, 0xc0, 0x69, 0x60, 0x49, 0x61, 0x3a, 0xe1, 0x3a,
    0xe1, 0x3a, 0xe0, 0x3a, 0x01, 0x3b, 0x21, 0x43, 0x20, 0x43, 0x41, 0x43,
    0x41, 0x43, 0x81, 0x4b, 0x81, 0x4b, 0xa1, 0x4b, 0xa0, 0x4b, 0xa1, 0x4b,
    0xa1, 0x4b, 0xa1, 0x4b, 0xa0, 0x4b, 0xa1, 0x4b, 0xa1, 0x53, 0xc0, 0x53,
    0xc1, 0x53, 0xc1, 0x53, 0xe0, 0x53, 0xe1, 0x5b, 0xe0, 0x53, 0xe1, 0x5b,
    0xe1, 0x53, 0xe1, 0x53, 0xe1, 0x5b, 0xe1, 0x5b, 0xe0, 0x5b, 0xe1, 0x5b,
    0x61, 0x73, 0xa0, 0xc2, 0xa0, 0xda, 0xa0, 0xda, 0xc0, 0xda, 0xc0, 0xda,
    0xc0, 0xda, 0xc0, 0xda, 0xc0, 0xda, 0xc0, 0xda, 0xa0, 0xda, 0x81, 0xdb,
    0x41, 0xe4, 0x40, 0xe4, 0x40, 0xe4, 0x40, 0xe4, 0x40, 0xe4, 0x41, 0xe4,
    0x40, 0xe4, 0x60, 0xe4, 0x40, 0xe4, 0x40, 0xe4, 0x40, 0xec, 0x41, 0xe4,
    0x41, 0xe4, 0x40, 0xe4, 0x40, 0xe4, 0x41, 0xec, 0x40, 0xe4, 0x40, 0xe4,
    0x40, 0xe4, 0x40, 0xe4, 0x40, 0xec, 0x41, 0xe4, 0x40, 0xe4, 0x40, 0xe4,
    0x20, 0xe4, 0x40, 0xe4, 0x20, 0xe4, 0x21, 0xe4, 0x20, 0xe4, 0x20, 0xe4,
    0x00, 0xe4, 0x80, 0xe3, 0x60, 0xeb, 0xa0, 0xeb, 0xc0, 0xeb, 0xc0, 0xeb,
    0xc0, 0xf3, 0xe0, 0xf3, 0xc0, 0xf3, 0xe0, 0xf3, 0xa0, 0xeb, 0x60, 0xeb,
    0x60, 0xeb, 0x80, 0xeb, 0x20, 0xf4, 0x20, 0xf4, 0x20, 0xf4, 0x20, 0xf4,
    0x20, 0xfc, 0x00, 0xf4, 0x00, 0xf4, 0x00, 0xfc, 0x00, 0xf4, 0x00, 0xf4,
    0xe0, 0xf3, 0xc0, 0xf3, 0xc0, 0xf3, 0xc0, 0xf3, 0xa0, 0xf3, 0x80, 0xeb,
    0x80, 0xeb, 0x60, 0xf3, 0x60, 0xeb, 0x40, 0xeb, 0x40, 0xeb, 0x40, 0xeb,
    0x20, 0xeb, 0x00, 0xe3, 0x00, 0xe3, 0x00, 0xe3, 0xe0, 0xe2, 0xc0, 0xe2,
    0xc0, 0xe2, 0xc0, 0xe2, 0xe0, 0xe2, 0xc0, 0xe2, 0xc0, 0xe2, 0xe0, 0xe2,
    0xe0, 0xe2, 0xe0, 0xe2, 0xe0, 0xe2, 0x00, 0xe3, 0x00, 0xe3, 0x00, 0xe3,
    0x00, 0xe3, 0x20, 0xeb, 0x20, 0xeb, 0x20, 0xe3, 0x20, 0xeb, 0x20, 0xeb,
    0x20, 0xeb, 0x20, 0xeb, 0x20, 0xe3, 0x20, 0xeb, 0x00, 0xeb, 0x00, 0xe3,
    0x00, 0xe3, 0xe0, 0xe2, 0x00, 0xe3, 0xe0, 0xe2, 0xe0, 0xe2, 0xc0, 0xe2,
    0xc0, 0xe2, 0xc0, 0xe2, 0xa0, 0xda, 0xa0, 0xda, 0xa0, 0xda, 0xa0, 0xda,
    0xa0, 0xda, 0x80, 0xda, 0x80, 0xc2, 0xe1, 0x5a, 0x21, 0x43, 0x21, 0x43,
    0x01, 0x43, 0x00, 0x3b, 0x21, 0x3b, 0x01, 0x3b, 0x21, 0x43, 0x21, 0x3b,
    0x01, 0x43, 0x21, 0x3b, 0x00, 0x3b, 0x21, 0x3b, 0x01, 0x3b, 0x01, 0x3b,
    0x21, 0x6b, 0x22, 0x6b, 0x02, 0x73, 0xa2, 0x72, 0xa2, 0x6a, 0xe1, 0x5a,
    0x61, 0x53, 0xa0, 0x4b, 0xa0, 0x53, 0xc1, 0x53, 0xa0, 0x4b, 0xa0, 0x4b,
    0xa1, 0x53, 0xc0, 0x5b, 0xe0, 0x5b, 0x01, 0x64, 0x00, 0x64, 0x01, 0x6c,
    0x01, 0x6c, 0x00, 0x64, 0xc0, 0x63, 0xa1, 0x5b, 0x61, 0x53, 0x41, 0x4b,
    0xe1, 0x49, 0x80, 0x61, 0x00, 0x72, 0xe0, 0x71, 0xe0, 0x71, 0xc1, 0x69,
    0x20, 0x49, 0x80, 0x59, 0xe0, 0x79, 0x00, 0x7a, 0x00, 0x72, 0xe0, 0x71,
    0x80, 0x61, 0x20, 0x49, 0x20, 0x49, 0xa0, 0x61, 0x80, 0x8a, 0x20, 0xa3,
    0x01, 0xa3, 0xe0, 0xa2, 0xe0, 0x9a, 0xe0, 0x9a, 0xc0, 0x9a, 0xe0, 0x9a,
    0xe0, 0x9a, 0xe0, 0xa2, 0x20, 0xab, 0x00, 0xa3, 0x40, 0x82, 0x60, 0x51,
    0x01, 0x41, 0x40, 0x51, 0xa0, 0x69, 0xc0, 0x71, 0xc0, 0x71, 0xc0, 0x71,
    0xe0, 0x71, 0xa0, 0x61, 0x20, 0x49, 0x80, 0x59, 0xc0, 0x69, 0xc0, 0x69,
    0xe0, 0x69, 0xa0, 0x61, 0xa1, 0x49, 0x61, 0x3a, 0xc1, 0x3a, 0xc0, 0x3a,
    0xe1, 0x3a, 0xe1, 0x3a, 0x01, 0x43, 0x21, 0x43, 0x20, 0x43, 0x61, 0x4b,
    0x80, 0x4b, 0x80, 0x4b, 0x81, 0x4b, 0x81, 0x4b, 0xa0, 0x53, 0xa1, 0x53,
    0xa1, 0x4b, 0xa0, 0x53, 0xa1, 0x53, 0xa1, 0x53, 0xa0, 0x53, 0xc1, 0x4b,
    0xc0, 0x53, 0xc1, 0x53, 0xc1, 0x53, 0xe1, 0x53, 0xe1, 0x4b, 0x81, 0x63,
    0x60, 0x9b, 0x40, 0xc3, 0x00, 0xcb, 0x00, 0xd3, 0xe0, 0xd2, 0xc0, 0xd2,
    0xe0, 0xc2, 0xe1, 0xa2, 0x80, 0xba, 0xa0, 0xd2, 0xa0, 0xda, 0xa0, 0xda,
    0xa0, 0xda, 0xa0, 0xda, 0xc0, 0xda, 0xc0, 0xd2, 0xc0, 0xd2, 0xa0, 0xd2,
    0x80, 0xdb, 0x20, 0xe4, 0x21, 0xe4, 0x20, 0xe4, 0x40, 0xe4, 0x40, 0xe4,
    0x40, 0xe4, 0x40, 0xe4, 0x40, 0xe4, 0x40, 0xe4, 0x40, 0xe4, 0x40, 0xe4,
    0x40, 0xe4, 0x40, 0xe4, 0x40, 0xe4, 0x40, 0xe4, 0x40, 0xe4, 0x20, 0xe4,
    0x21, 0xe4, 0x20, 0xe4, 0x40, 0xe4, 0x20, 0xe4, 0x20, 0xe4, 0x40, 0xe4,
    0x20, 0xe4, 0x21, 0xe4, 0x20, 0xe4, 0x20, 0xe4, 0x20, 0xe4, 0x21, 0xe4,
    0x00, 0xe4, 0x80, 0xe3, 0x60, 0xe3, 0x80, 0xeb, 0xa0, 0xeb, 0xa0, 0xeb,
    0xa0, 0xeb, 0xa0, 0xeb, 0xc0, 0xf3, 0xc0, 0xf3, 0xc0, 0xf3, 0x80, 0xf3,
    0x80, 0xeb, 0xe0, 0xf3, 0x00, 0xf4, 0x00, 0xf4, 0x00, 0xf4, 0x00, 0xf4,
    0x00, 0xf4, 0x00, 0xf4, 0xe0, 0xf3, 0xe0, 0xf3, 0xe0, 0xf3, 0xc0, 0xf3,
    0xc0, 0xf3, 0xc0, 0xf3, 0xa0, 0xf3, 0xa0, 0xeb, 0x80, 0xeb, 0x80, 0xeb,
    0x80, 0xeb, 0x60, 0xeb, 0x40, 0xeb, 0x40, 0xeb, 0x20, 0xeb, 0x20, 0xeb,
    0x20, 0xeb, 0x00, 0xe3, 0x00, 0xe3, 0x00, 0xe3, 0xc0, 0xe2, 0xa0, 0xda,
    0xc0, 0xe2, 0xc0, 0xe2, 0xc0, 0xe2, 0xc0, 0xda, 0xc0, 0xe2, 0xc0, 0xe2,
    0xc0, 0xe2, 0xc0, 0xe2, 0xe0, 0xe2, 0xe0, 0xe2, 0xe0, 0xe2, 0xe0, 0xe2,
    0xe0, 0xe2, 0x00, 0xe3, 0x00, 0xe3, 0xe0, 0xe2, 0x00, 0xe3, 0x00, 0xe3,
    0x00, 0xe3, 0x00, 0xe3, 0x00, 0xe3, 0x00, 0xe3, 0x00, 0xe3, 0xe0, 0xe2,
    0xe0, 0xe2, 0xc0, 0xe2, 0xc0, 0xe2, 0xc0, 0xe2, 0xc0, 0xe2, 0xa0, 0xda,
    0xa0, 0xda, 0xa0, 0xda, 0x80, 0xda, 0x80, 0xe2, 0xa0, 0xda, 0x80, 0xda,
    0x60, 0xda, 0xa1, 0x92, 0x01, 0x43, 0x21, 0x43, 0x21, 0x43, 0x01, 0x43,
    0x01, 0x3b, 0x01, 0x3b, 0x01, 0x3b, 0x01, 0x3b, 0x01, 0x3b, 0x01, 0x3b,
    0x01, 0x3b, 0x00, 0x3b, 0x21, 0x3b, 0x01, 0x3b, 0x01, 0x3b, 0x01, 0x3b,
    0xc1, 0x5b, 0x81, 0x63, 0xa1, 0x63, 0x81, 0x5b, 0xa1, 0x63, 0x20, 0x64,
    0x01, 0x64, 0x20, 0x64, 0x00, 0x5c, 0xc0, 0x5b, 0xe0, 0x5b, 0x20, 0x6c,
    0x21, 0x6c, 0x20, 0x6c, 0x00, 0x6c, 0x00, 0x6c, 0x20, 0x6c, 0x20, 0x6c,
    0x01, 0x64, 0x00, 0x64, 0xa0, 0x5b, 0x61, 0x53, 0x60, 0x4b, 0x40, 0x4b,
    0x21, 0x43, 0x00, 0x42, 0xa0, 0x59, 0xe0, 0x69, 0xe0, 0x71, 0xe0, 0x71,
    0xa0, 0x61, 0x20, 0x49, 0xc0, 0x69, 0x00, 0x72, 0xe0, 0x71, 0xe0, 0x71,
    0xe0, 0x71, 0xa0, 0x69, 0x60, 0x51, 0x20, 0x49, 0x00, 0x41, 0x40, 0x51,
    0x00, 0x6a, 0x60, 0x8a, 0xa0, 0x92, 0xc0, 0x9a, 0xc1, 0x9a, 0xc0, 0x9a,
    0xa0, 0x92, 0x40, 0x82, 0xa0, 0x61, 0x21, 0x49, 0x00, 0x41, 0x40, 0x51,
    0x80, 0x61, 0xc0, 0x71, 0xc0, 0x69, 0xc0, 0x71, 0xc0, 0x71, 0xe0, 0x71,
    0xc0, 0x71, 0x40, 0x49, 0x60, 0x59, 0xa0, 0x61, 0xc0, 0x69, 0xc0, 0x69,
    0x60, 0x59, 0xc1, 0x39, 0xa1, 0x3a, 0x80, 0x32, 0xa0, 0x32, 0xc1, 0x3a,
    0xc0, 0x3a, 0xe0, 0x3a, 0x01, 0x43, 0x20, 0x43, 0x41, 0x43, 0x61, 0x4b,
    0x61, 0x4b, 0x80, 0x4b, 0x80, 0x4b, 0x80, 0x4b, 0xa0, 0x53, 0x81, 0x4b,
    0xa0, 0x4b, 0xa1, 0x4b, 0xa1, 0x4b, 0xa0, 0x53, 0xc1, 0x53, 0xc1, 0x53,
    0xa1, 0x4b, 0xc1, 0x53, 0xc0, 0x53, 0xa1, 0x63, 0x40, 0xb3, 0x60, 0xeb,
    0x80, 0xf3, 0x60, 0xeb, 0x40, 0xeb, 0x40, 0xeb, 0x20, 0xe3, 0x20, 0xe3,
    0x00, 0xdb, 0xc0, 0xe2, 0xa0, 0xd2, 0x60, 0xca, 0x80, 0xd2, 0x80, 0xd2,
    0x80, 0xd2, 0xa0, 0xd2, 0xa0, 0xd2, 0xa0, 0xda, 0xa0, 0xd2, 0xa0, 0xd2,
    0xa0, 0xd2, 0x40, 0xd3, 0x00, 0xdc, 0x21, 0xe4, 0x20, 0xe4, 0x20, 0xe4,
    0x20, 0xe4, 0x20, 0xe4, 0x20, 0xe4, 0x20, 0xe4, 0x20, 0xe4, 0x20, 0xe4,
    0x20, 0xe4, 0x20, 0xe4, 0x20, 0xe4, 0x20, 0xe4, 0x20, 0xe4, 0x20, 0xe4,
    0x20, 0xe4, 0x20, 0xe4, 0x40, 0xe4, 0x20, 0xe4, 0x20, 0xe4, 0x21, 0xe4,
    0x20, 0xe4, 0x20, 0xe4, 0x20, 0xe4, 0x00, 0xe4, 0x20, 0xe4, 0x00, 0xe4,
    0x00, 0xe4, 0xa0, 0xdb, 0x40, 0xe3, 0x60, 0xeb, 0x60, 0xeb, 0x80, 0xeb,
    0x80, 0xeb, 0x80, 0xeb, 0xa0, 0xeb, 0x80, 0xeb, 0x80, 0xeb, 0xa0, 0xf3,
    0xc0, 0xf3, 0xc0, 0xf3, 0xc0, 0xf3, 0xe0, 0xf3, 0xc1, 0xf3, 0xe0, 0xf3,
    0xe0, 0xf3, 0xc0, 0xf3, 0xe0, 0xf3, 0xc0, 0xf3, 0xa0, 0xf3, 0xa0, 0xf3,
    0xa0, 0xf3, 0x80, 0xeb, 0x80, 0xeb, 0x80, 0xf3, 0x60, 0xeb, 0x60, 0xf3,
    0x60, 0xeb, 0x40, 0xeb, 0x40, 0xeb, 0x20, 0xeb, 0x20, 0xeb, 0x20, 0xeb,
    0x20, 0xe3, 0x00, 0xe3, 0xe0, 0xe2, 0xc0, 0xe2, 0xa1, 0xda, 0xa0, 0xda,
    0xa0, 0xda, 0xc0, 0xe2, 0xc0, 0xe2, 0xc0, 0xda, 0xc0, 0xda, 0xa0, 0xe2,
    0xa0, 0xda, 0xc0, 0xda, 0xc0, 0xe2, 0xc0, 0xe2, 0xe0, 0xe2, 0xe0, 0xe2,
    0xe0, 0xe2, 0xe0, 0xe2, 0xe0, 0xe2, 0xe0, 0xe2, 0xe0, 0xe2, 0xe0, 0xe2,
    0xe0, 0xe2, 0xe0, 0xe2, 0xe0, 0xe2, 0xe0, 0xe2, 0xc0, 0xe2, 0xc0, 0xe2,
    0xc0, 0xda, 0xa0, 0xda, 0xa0, 0xda, 0xa0, 0xda, 0xa0, 0xda, 0x80, 0xda,
    0xa0, 0xe2, 0xa0, 0xda, 0x80, 0xda, 0x80, 0xda, 0x60, 0xda, 0x61, 0xba,
    0xa1, 0x62, 0x01, 0x3b, 0x01, 0x43, 0xe1, 0x3a, 0x01, 0x3b, 0x01, 0x3b,
    0x01, 0x3b, 0x01, 0x3b, 0x01, 0x43, 0x01, 0x3b, 0xe1, 0x3a, 0x01, 0x3b,
    0x01, 0x3b, 0x01, 0x3b, 0x01, 0x3b, 0x01, 0x3b, 0x00, 0x3b, 0x01, 0x3b,
    0x00, 0x64, 0x00, 0x6c, 0x00, 0x6c, 0x20, 0x6c, 0x20, 0x74, 0x41, 0x74,
    0x41, 0x74, 0x41, 0x74, 0x41, 0x74, 0x41, 0x6c, 0x21, 0x6c, 0x41, 0x6c,
    0x40, 0x74, 0x20, 0x6c, 0x21, 0x6c, 0x20, 0x6c, 0x20, 0x6c, 0x20, 0x6c,
    0x00, 0x6c, 0xc1, 0x5b, 0x81, 0x4b, 0x60, 0x4b, 0x60, 0x4b, 0x41, 0x4b,
    0x21, 0x4b, 0x01, 0x43, 0x60, 0x42, 0x61, 0x49, 0xa0, 0x69, 0xe0, 0x71,
    0xe0, 0x71, 0x80, 0x59, 0x40, 0x51, 0xe0, 0x71, 0xe0, 0x71, 0xe0, 0x71,
    0xc0, 0x71, 0xc0, 0x71, 0xe0, 0x71, 0xc0, 0x71, 0x80, 0x59, 0x40, 0x49,
    0x20, 0x49, 0x00, 0x41, 0x00, 0x41, 0x00, 0x41, 0x00, 0x41, 0x00, 0x41,
    0x01, 0x41, 0x00, 0x41, 0x20, 0x49, 0x60, 0x59, 0xa0, 0x61, 0xc0, 0x71,
    0xc0, 0x71, 0xc0, 0x69, 0xe0, 0x71, 0xe0, 0x71, 0xe0, 0x71, 0xe0, 0x71,
    0x60, 0x51, 0x40, 0x51, 0xa1, 0x61, 0xc0, 0x69, 0x80, 0x61, 0x60, 0x49,
    0x41, 0x3a, 0xa1, 0x3a, 0xa0, 0x32, 0x81, 0x32, 0xa1, 0x3a, 0xc1, 0x3a,
    0xe1, 0x3a, 0xe1, 0x3a, 0x01, 0x3b, 0x20, 0x43, 0x20, 0x43, 0x41, 0x43,
    0x61, 0x4b, 0x60, 0x4b, 0x61, 0x4b, 0x81, 0x4b, 0x81, 0x4b, 0xa1, 0x53,
    0xa0, 0x53, 0xa1, 0x53, 0xc0, 0x53, 0xc1, 0x5b, 0xc0, 0x53, 0xc1, 0x53,
    0xa1, 0x53, 0xa1, 0x53, 0x80, 0x83, 0xa0, 0xe3, 0xe0, 0xf3, 0xe0, 0xf3,
    0xc0, 0xf3, 0xa0, 0xeb, 0x80, 0xeb, 0x60, 0xeb, 0x60, 0xeb, 0x40, 0xeb,
    0x40, 0xe3, 0x20, 0xe3, 0x20, 0xe3, 0xe0, 0xda, 0xc0, 0xda, 0xa1, 0xd2,
    0x80, 0xd2, 0x80, 0xd2, 0xa0, 0xd2, 0xa0, 0xda, 0xa0, 0xda, 0xa0, 0xd2,
    0xa0, 0xd2, 0x80, 0xd2, 0xe0, 0xd2, 0x01, 0xdc, 0x20, 0xe4, 0x00, 0xdc,
    0x20, 0xe4, 0x21, 0xe4, 0x20, 0xdc, 0x20, 0xe4, 0x21, 0xe4, 0x20, 0xdc,
    0x20, 0xdc, 0x20, 0xe4, 0x01, 0xe4, 0x20, 0xe4, 0x21, 0xe4, 0x20, 0xe4,
    0x20, 0xe4, 0x20, 0xe4, 0x20, 0xe4, 0x20, 0xe4, 0x20, 0xe4, 0x21, 0xe4,
    0x20, 0xe4, 0x00, 0xe4, 0x20, 0xe4, 0x00, 0xe4, 0x00, 0xdc, 0x00, 0xe4,
    0x00, 0xe4, 0xe1, 0xdb, 0x20, 0xdb, 0x20, 0xe3, 0x41, 0xeb, 0x60, 0xeb,
    0x60, 0xeb, 0x60, 0xeb, 0x60, 0xeb, 0x80, 0xeb, 0x80, 0xeb, 0x80, 0xf3,
    0x80, 0xeb, 0xa0, 0xf3, 0xa0, 0xf3, 0xa0, 0xf3, 0xa0, 0xf3, 0xa0, 0xf3,
    0xa0, 0xf3, 0xa0, 0xf3, 0xa0, 0xf3, 0xa0, 0xeb, 0xa0, 0xeb, 0x80, 0xf3,
    0x80, 0xeb, 0x60, 0xeb, 0x60, 0xeb, 0x60, 0xeb, 0x40, 0xeb, 0x40, 0xeb,
    0x40, 0xeb, 0x20, 0xeb, 0x20, 0xeb, 0x20, 0xe3, 0x00, 0xe3, 0x00, 0xeb,
    0xe0, 0xe2, 0xe0, 0xe2, 0xe0, 0xe2, 0xa0, 0xda, 0x80, 0xda, 0xa0, 0xda,
    0xa0, 0xda, 0xa0, 0xda, 0xa0, 0xda, 0xa0, 0xe2, 0xa0, 0xda, 0xa0, 0xda,
    0xa0, 0xda, 0xa0, 0xe2, 0xc0, 0xda, 0xc0, 0xe2, 0xa0, 0xda, 0xc0, 0xda,
    0xa0, 0xda, 0xc0, 0xda, 0xc0, 0xe2, 0xc0, 0xe2, 0xc0, 0xe2, 0xc0, 0xe2,
    0xe0, 0xe2, 0xc0, 0xe2, 0xc0, 0xe2, 0xc0, 0xda, 0xa0, 0xda, 0xa0, 0xda,
    0xa0, 0xda, 0xa0, 0xda, 0xa0, 0xda, 0xa0, 0xda, 0x80, 0xda, 0x80, 0xda,
    0x80, 0xda, 0x80, 0xda, 0x80, 0xe2, 0x81, 0xc2, 0xa1, 0x6a, 0x01, 0x3b,
    0xe1, 0x42, 0xe1, 0x3a, 0xe1, 0x3a, 0xe0, 0x3a, 0xe1, 0x3a, 0xe1, 0x3a,
    0x01, 0x3b, 0x01, 0x43, 0x01, 0x3b, 0xe1, 0x3a, 0xe0, 0x3a, 0x01, 0x43,
    0x01, 0x3b, 0x01, 0x3b, 0x01, 0x3b, 0x01, 0x3b, 0x01, 0x3b, 0x01, 0x3b,
    0x40, 0x74, 0x40, 0x74, 0x41, 0x74, 0x40, 0x74, 0x40, 0x74, 0x40, 0x74,
    0x60, 0x74, 0x40, 0x74, 0x60, 0x74, 0x60, 0x74, 0x40, 0x74, 0x40, 0x74,
    0x40, 0x74, 0x41, 0x74, 0x41, 0x6c, 0x20, 0x6c, 0x20, 0x6c, 0x21, 0x6c,
    0x00, 0x64, 0xa0, 0x5b, 0x81, 0x53, 0x61, 0x4b, 0x41, 0x4b, 0x40, 0x43,
    0x20, 0x43, 0x01, 0x43, 0x00, 0x43, 0xc0, 0x42, 0x01, 0x42, 0xa0, 0x59,
    0xc0, 0x69, 0xc0, 0x69, 0x40, 0x49, 0x61, 0x59, 0xe0, 0x71, 0xe0, 0x71,
    0xe0, 0x71, 0xc0, 0x71, 0xe0, 0x71, 0xc0, 0x71, 0xe0, 0x71, 0xc0, 0x71,
    0xa0, 0x69, 0xa0, 0x61, 0xa0, 0x61, 0x80, 0x61, 0x80, 0x61, 0xa0, 0x61,
    0xa0, 0x61, 0xa0, 0x69, 0xc0, 0x69, 0xe0, 0x71, 0xc0, 0x71, 0xc0, 0x71,
    0xc0, 0x71, 0xe0, 0x71, 0xe0, 0x79, 0xe0, 0x79, 0xe0, 0x79, 0x81, 0x61,
    0x40, 0x49, 0xa0, 0x61, 0x80, 0x61, 0x60, 0x51, 0xa1, 0x41, 0x81, 0x3a,
    0xa0, 0x3a, 0xa1, 0x3a, 0xa0, 0x3a, 0xc1, 0x3a, 0xc1, 0x3a, 0xe0, 0x3a,
    0xe1, 0x3a, 0xe1, 0x3a, 0x01, 0x43, 0x21, 0x43, 0x20, 0x43, 0x41, 0x43,
    0x40, 0x43, 0x60, 0x4b, 0x41, 0x4b, 0x80, 0x4b, 0xa0, 0x53, 0xc0, 0x53,
    0xc0, 0x5b, 0xc0, 0x5b, 0xe0, 0x5b, 0x00, 0x64, 0xe1, 0x63, 0xe0, 0x5b,
    0x00, 0x5c, 0xc0, 0x83, 0x00, 0xec, 0x20, 0xf4, 0x00, 0xf4, 0xe0, 0xf3,
    0xc0, 0xf3, 0xa0, 0xf3, 0x80, 0xeb, 0xa0, 0xf3, 0xc0, 0xf3, 0xe0, 0xf3,
    0xe0, 0xf3, 0xc0, 0xf3, 0xa0, 0xeb, 0x60, 0xeb, 0x20, 0xe3, 0x00, 0xe3,
    0xc0, 0xda, 0xa0, 0xda, 0xa0, 0xda, 0xa0, 0xd2, 0xa0, 0xd2, 0xa0, 0xd2,
    0xa0, 0xd2, 0xa0, 0xd2, 0x80, 0xd2, 0xa0, 0xd2, 0x80, 0xd3, 0x00, 0xdc,
    0x00, 0xdc, 0x21, 0xdc, 0x20, 0xe4, 0x00, 0xdc, 0x01, 0xdc, 0x20, 0xdc,
    0x00, 0xdc, 0x20, 0xe4, 0x20, 0xdc, 0x20, 0xdc, 0x20, 0xe4, 0x20, 0xdc,
    0x20, 0xdc, 0x21, 0xe4, 0x20, 0xe4, 0x20, 0xdc, 0x21, 0xdc, 0x00, 0xdc,
    0x00, 0xdc, 0x00, 0xdc, 0x20, 0xdc, 0x01, 0xdc, 0x01, 0xe4, 0x00, 0xdc,
    0xe1, 0xdb, 0xe0, 0xe3, 0x60, 0xdb, 0xe0, 0xda, 0x20, 0xe3, 0x40, 0xe3,
    0x40, 0xeb, 0x40, 0xeb, 0x40, 0xeb, 0x40, 0xeb, 0x60, 0xeb, 0x60, 0xeb,
    0x60, 0xeb, 0x80, 0xeb, 0x80, 0xeb, 0x80, 0xeb, 0x80, 0xeb, 0x80, 0xeb,
    0x80, 0xeb, 0x80, 0xeb, 0x80, 0xeb, 0x80, 0xeb, 0x60, 0xeb, 0x60, 0xeb,
    0x60, 0xeb, 0x40, 0xeb, 0x40, 0xeb, 0x40, 0xeb, 0x20, 0xeb, 0x20, 0xeb,
    0x20, 0xeb, 0x00, 0xeb, 0x00, 0xeb, 0x00, 0xeb, 0x00, 0xe3, 0xe0, 0xe2,
    0xe0, 0xe2, 0xc0, 0xe2, 0xc0, 0xe2, 0x80, 0xda, 0x80, 0xda, 0xa0, 0xda,
    0xa0, 0xda, 0xa0, 0xda, 0xa0, 0xda, 0xa0, 0xda, 0xa0, 0xda, 0xa0, 0xda,
    0xa0, 0xda, 0xa0, 0xda, 0xa0, 0xda, 0xa0, 0xda, 0xa0, 0xda, 0xa0, 0xe2,
    0xa0, 0xda, 0xa0, 0xda, 0xa0, 0xe2, 0xc0, 0xda, 0xc0, 0xda, 0xa0, 0xda,
    0xc0, 0xda, 0xc0, 0xda, 0xa0, 0xda, 0xa0, 0xda, 0xa0, 0xda, 0xa0, 0xda,
    0xa0, 0xda, 0x80, 0xda, 0xa0, 0xda, 0x80, 0xda, 0x81, 0xda, 0x80, 0xda,
    0x80, 0xda, 0x61, 0xba, 0x81, 0x72, 0xc1, 0x3a, 0xe1, 0x3a, 0xe1, 0x3a,
    0xe1, 0x3a, 0xe1, 0x3a, 0xe1, 0x3a, 0xe1, 0x3a, 0xe1, 0x3a, 0xe0, 0x3a,
    0xe1, 0x3a, 0xe1, 0x3a, 0x01, 0x3b, 0xe1, 0x3a, 0x01, 0x3b, 0xe1, 0x3a,
    0xe1, 0x42, 0x01, 0x3b, 0xe1, 0x3a, 0x01, 0x43, 0x01, 0x3b, 0x01, 0x3b,
    0x40, 0x74, 0x41, 0x74, 0x41, 0x74, 0x41, 0x74, 0x60, 0x74, 0x61, 0x74,
    0x60, 0x74, 0x61, 0x74, 0x60, 0x74, 0x60, 0x74, 0x61, 0x74, 0x60, 0x74,
    0x40, 0x74, 0x60, 0x74, 0x40, 0x74, 0x40, 0x74, 0x41, 0x74, 0x20, 0x6c,
    0x21, 0x6c, 0x00, 0x64, 0xc0, 0x5b, 0x81, 0x53, 0xa1, 0x53, 0x60, 0x4b,
    0x20, 0x4b, 0x01, 0x43, 0x01, 0x43, 0xe0, 0x42, 0xe1, 0x42, 0x60, 0x42,
    0x80, 0x49, 0x80, 0x59, 0xa0, 0x61, 0x40, 0x49, 0x80, 0x59, 0xe0, 0x71,
    0xe0, 0x71, 0xc0, 0x71, 0xe0, 0x71, 0xe0, 0x71, 0xc0, 0x71, 0xc0, 0x71,
    0xc0, 0x71, 0xc0, 0x69, 0xc0, 0x69, 0xc0, 0x69, 0xc0, 0x69, 0xc0, 0x69,
    0xc0, 0x71, 0xc0, 0x71, 0xc0, 0x71, 0xc0, 0x69, 0xe0, 0x71, 0xe0, 0x71,
    0xe0, 0x79, 0xe0, 0x79, 0xe0, 0x71, 0x00, 0x7a, 0xc0, 0x69, 0x20, 0x49,
    0x60, 0x59, 0x40, 0x51, 0x80, 0x41, 0x41, 0x42, 0xa1, 0x3a, 0xa0, 0x3a,
    0xa0, 0x3a, 0xa0, 0x3a, 0xa1, 0x3a, 0xc0, 0x3a, 0xe0, 0x3a, 0xe1, 0x3a,
    0xe0, 0x3a, 0x00, 0x43, 0x21, 0x43, 0x41, 0x43, 0x40, 0x43, 0x81, 0x53,
    0xc1, 0x5b, 0xe0, 0x5b, 0xa1, 0x53, 0xa0, 0x53, 0xc1, 0x5b, 0xe0, 0x5b,
    0xe1, 0x5b, 0xe0, 0x63, 0xe0, 0x5b, 0x01, 0x64, 0xe0, 0x63, 0x00, 0x64,
    0xc1, 0x73, 0xe0, 0xe3, 0x60, 0xfc, 0x40, 0xf4, 0x20, 0xf4, 0xe0, 0xf3,
    0xa0, 0xf3, 0xa0, 0xf3, 0x20, 0xf4, 0x40, 0xfc, 0x40, 0xfc, 0x40, 0xf4,
    0x20, 0xf4, 0x00, 0xf4, 0xc0, 0xf3, 0xa0, 0xeb, 0x80, 0xeb, 0x40, 0xeb,
    0x40, 0xeb, 0x20, 0xe3, 0x20, 0xe3, 0x00, 0xe3, 0xe0, 0xe2, 0xe0, 0xda,
    0xc0, 0xda, 0xa0, 0xda, 0xa0, 0xd2, 0x80, 0xd2, 0x60, 0xca, 0xc0, 0xca,
    0xc0, 0xdb, 0x01, 0xdc, 0x00, 0xdc, 0x00, 0xe4, 0x00, 0xdc, 0x00, 0xdc,
    0x00, 0xdc, 0x00, 0xdc, 0x00, 0xdc, 0x00, 0xdc, 0x00, 0xdc, 0x00, 0xdc,
    0x01, 0xdc, 0x00, 0xdc, 0x00, 0xdc, 0x00, 0xdc, 0x00, 0xdc, 0x20, 0xe4,
    0x00, 0xdc, 0x20, 0xdc, 0x00, 0xe4, 0x00, 0xdc, 0x00, 0xdc, 0x00, 0xdc,
    0xe0, 0xdb, 0xc0, 0xdb, 0xa0, 0xdb, 0x00, 0xdb, 0xe0, 0xe2, 0x00, 0xe3,
    0x00, 0xe3, 0x00, 0xe3, 0x20, 0xe3, 0x20, 0xeb, 0x40, 0xeb, 0x40, 0xeb,
    0x40, 0xeb, 0x60, 0xeb, 0x60, 0xeb, 0x60, 0xeb, 0x60, 0xeb, 0x60, 0xeb,
    0x60, 0xeb, 0x60, 0xeb, 0x60, 0xeb, 0x60, 0xeb, 0x40, 0xeb, 0x40, 0xeb,
    0x20, 0xeb, 0x20, 0xeb, 0x20, 0xeb, 0x20, 0xeb, 0x20, 0xeb, 0x20, 0xeb,
    0x00, 0xeb, 0x00, 0xe3, 0x00, 0xe3, 0x00, 0xeb, 0xe0, 0xe2, 0xe0, 0xe2,
    0xc0, 0xe2, 0xa1, 0xe2, 0x60, 0xd2, 0x80, 0xda, 0x80, 0xda, 0x80, 0xda,
    0x80, 0xda, 0x80, 0xda, 0xa0, 0xda, 0xa0, 0xda, 0xa0, 0xda, 0x80, 0xda,
    0xa0, 0xda, 0x80, 0xda, 0x80, 0xda, 0xa0, 0xda, 0xa0, 0xda, 0xa0, 0xda,
    0xa0, 0xda, 0xa0, 0xda, 0xa0, 0xda, 0xa0, 0xda, 0xa0, 0xda, 0xa0, 0xda,
    0xa0, 0xda, 0xa0, 0xda, 0xa0, 0xda, 0xa0, 0xda, 0xa0, 0xda, 0xa0, 0xda,
    0x81, 0xda, 0x80, 0xda, 0x80, 0xda, 0x80, 0xda, 0x60, 0xda, 0x61, 0xb2,
    0x81, 0x62, 0xe1, 0x3a, 0xe1, 0x3a, 0xe1, 0x3a, 0xe1, 0x3a, 0xe1, 0x3a,
    0xe0, 0x3a, 0xe1, 0x3a, 0xe1, 0x3a, 0xe1, 0x3a, 0x01, 0x3b, 0x00, 0x3b,
    0x01, 0x43, 0x01, 0x3b, 0xe1, 0x42, 0xe1, 0x3a, 0xe1, 0x3a, 0xe1, 0x3a,
    0x01, 0x3b, 0x00, 0x43, 0x01, 0x43, 0x01, 0x3b, 0x01, 0x53, 0x63, 0xa3,
    0x40, 0x74, 0x60, 0x74, 0x60, 0x74, 0x40, 0x74, 0x61, 0x74, 0x60, 0x74,
    0x61, 0x74, 0x60, 0x7c, 0x61, 0x7c, 0x60, 0x7c, 0x61, 0x74, 0x60, 0x74,
    0x61, 0x74, 0x60, 0x74, 0x40, 0x74, 0x40, 0x74, 0x40, 0x74, 0x40, 0x6c,
    0x20, 0x6c, 0x20, 0x6c, 0xe0, 0x5b, 0xc0, 0x53, 0x81, 0x53, 0x80, 0x53,
    0x41, 0x4b, 0x40, 0x4b, 0x20, 0x43, 0x00, 0x43, 0x01, 0x43, 0x01, 0x43,
    0xe1, 0x42, 0x81, 0x42, 0x00, 0x42, 0x80, 0x49, 0x20, 0x49, 0x60, 0x59,
    0xe0, 0x71, 0xe0, 0x71, 0xe1, 0x71, 0xe0, 0x79, 0xe0, 0x71, 0xe0, 0x71,
    0xe0, 0x71, 0xc0, 0x71, 0xc0, 0x71, 0xe0, 0x71, 0xe0, 0x71, 0xc0, 0x71,
    0xe0, 0x71, 0xe0, 0x71, 0xe0, 0x71, 0x00, 0x7a, 0x00, 0x7a, 0x00, 0x7a,
    0x00, 0x7a, 0x00, 0x7a, 0x00, 0x7a, 0xc0, 0x71, 0x20, 0x49, 0x40, 0x49,
    0xc1, 0x41, 0x61, 0x3a, 0xc1, 0x3a, 0xa1, 0x3a, 0xa0, 0x3a, 0xc0, 0x3a,
    0xc1, 0x3a, 0xc1, 0x3a, 0xc1, 0x3a, 0xe0, 0x3a, 0x01, 0x3b, 0x01, 0x43,
    0x00, 0x43, 0x20, 0x43, 0x40, 0x43, 0x40, 0x43, 0x60, 0x4b, 0xc0, 0x5b,
    0x00, 0x64, 0x01, 0x64, 0xe0, 0x63, 0x00, 0x64, 0x00, 0x64, 0xe0, 0x63,
    0xe0, 0x63, 0x01, 0x64, 0x01, 0x64, 0xe0, 0x5b, 0xe0, 0x63, 0xe1, 0x5b,
    0xc1, 0xb3, 0x40, 0xfc, 0x40, 0xf4, 0x20, 0xfc, 0xe0, 0xf3, 0xa0, 0xf3,
    0xe0, 0xf3, 0x80, 0xfc, 0xa0, 0xfc, 0xa0, 0xfc, 0xa0, 0xfc, 0x60, 0xfc,
    0x40, 0xf4, 0x20, 0xf4, 0xe0, 0xf3, 0xc0, 0xf3, 0xa0, 0xf3, 0x80, 0xeb,
    0xa0, 0xeb, 0xa0, 0xeb, 0x80, 0xeb, 0x60, 0xeb, 0x40, 0xeb, 0x00, 0xe3,
    0xe0, 0xe2, 0xc0, 0xda, 0xa0, 0xd2, 0xa0, 0xd2, 0x80, 0xd2, 0x60, 0xca,
    0x60, 0xca, 0xe0, 0xca, 0xa1, 0xdb, 0x00, 0xdc, 0x00, 0xdc, 0x00, 0xdc,
    0x01, 0xdc, 0x01, 0xdc, 0x00, 0xdc, 0x01, 0xdc, 0x00, 0xdc, 0x00, 0xdc,
    0x00, 0xe4, 0x00, 0xdc, 0x00, 0xdc, 0x00, 0xdc, 0x00, 0xdc, 0x00, 0xdc,
    0x00, 0xdc, 0x01, 0xdc, 0x00, 0xdc, 0x00, 0xdc, 0x00, 0xdc, 0xe0, 0xdb,
    0xe1, 0xdb, 0xc0, 0xdb, 0xa1, 0xdb, 0x81, 0xdb, 0x20, 0xdb, 0xc0, 0xda,
    0xe0, 0xda, 0xe0, 0xe2, 0xe0, 0xe2, 0x00, 0xe3, 0x20, 0xe3, 0x20, 0xeb,
    0x20, 0xeb, 0x20, 0xeb, 0x20, 0xeb, 0x40, 0xeb, 0x40, 0xeb, 0x40, 0xeb,
    0x40, 0xeb, 0x40, 0xeb, 0x20, 0xeb, 0x40, 0xeb, 0x40, 0xeb, 0x20, 0xeb,
    0x20, 0xeb, 0x20, 0xeb, 0x00, 0xeb, 0x00, 0xe3, 0x00, 0xe3, 0x00, 0xe3,
    0xe0, 0xe2, 0xe0, 0xe2, 0xe0, 0xe2, 0xe0, 0xe2, 0xc0, 0xe2, 0xc0, 0xe2,
    0xa0, 0xda, 0x80, 0xda, 0x80, 0xd2, 0x80, 0xd2, 0x80, 0xd2, 0x81, 0xd2,
    0x80, 0xda, 0x80, 0xda, 0x80, 0xda, 0x80, 0xda, 0x80, 0xda, 0x80, 0xda,
    0x80, 0xda, 0x80, 0xda, 0x80, 0xda, 0x80, 0xda, 0x80, 0xda, 0x80, 0xda,
    0x80, 0xda, 0x80, 0xda, 0x80, 0xda, 0xa0, 0xda, 0xa0, 0xda, 0xa0, 0xda,
    0x80, 0xda, 0xa0, 0xda, 0xa0, 0xda, 0x80, 0xda, 0x80, 0xda, 0x80, 0xda,
    0x81, 0xda, 0x60, 0xda, 0x61, 0xba, 0x81, 0x82, 0xa0, 0x52, 0xc1, 0x3a,
    0xe1, 0x3a, 0xe1, 0x3a, 0x01, 0x3b, 0xe1, 0x3a, 0xe1, 0x3a, 0xe1, 0x3a,
    0xe1, 0x3a, 0xe0, 0x3a, 0xe1, 0x3a, 0x01, 0x43, 0x01, 0x43, 0x01, 0x3b,
    0x01, 0x43, 0x01, 0x43, 0x00, 0x3b, 0x01, 0x3b, 0x01, 0x43, 0x00, 0x43,
    0x01, 0x43, 0x01, 0x3b, 0x21, 0x53, 0x22, 0x8b, 0x64, 0xb3, 0x64, 0xbb,
    0x40, 0x74, 0x60, 0x74, 0x40, 0x74, 0x40, 0x74, 0x60, 0x74, 0x60, 0x74,
    0x60, 0x74, 0x61, 0x7c, 0x60, 0x7c, 0x60, 0x7c, 0x60, 0x7c, 0x60, 0x7c,
    0x60, 0x74, 0x41, 0x74, 0x60, 0x74, 0x61, 0x74, 0x40, 0x74, 0x40, 0x74,
    0x20, 0x6c, 0x21, 0x6c, 0x00, 0x64, 0xe0, 0x5b, 0xa0, 0x5b, 0x81, 0x53,
    0x60, 0x4b, 0x61, 0x4b, 0x41, 0x4b, 0x20, 0x43, 0x21, 0x43, 0x20, 0x43,
    0x00, 0x43, 0x01, 0x43, 0x00, 0x43, 0x41, 0x43, 0x01, 0x43, 0x21, 0x42,
    0xa0, 0x51, 0xc0, 0x61, 0xc0, 0x71, 0xc0, 0x71, 0xc0, 0x71, 0xc0, 0x71,
    0xe0, 0x71, 0xc0, 0x71, 0xe0, 0x71, 0xe0, 0x79, 0xe0, 0x79, 0xe0, 0x79,
    0xe0, 0x79, 0x00, 0x7a, 0xe0, 0x71, 0xe0, 0x71, 0xe0, 0x79, 0x00, 0x7a,
    0xe0, 0x79, 0xc1, 0x71, 0xa0, 0x61, 0x80, 0x41, 0x01, 0x3a, 0xa1, 0x3a,
    0xc0, 0x3a, 0xa0, 0x3a, 0xc0, 0x3a, 0xc0, 0x3a, 0xc1, 0x3a, 0xe1, 0x42,
    0xe0, 0x3a, 0xe0, 0x3a, 0xe0, 0x42, 0x01, 0x43, 0x20, 0x43, 0x21, 0x43,
    0x21, 0x43, 0x60, 0x4b, 0x81, 0x53, 0xa1, 0x53, 0xa0, 0x53, 0xe0, 0x63,
    0xe0, 0x63, 0x01, 0x64, 0xe0, 0x63, 0xe1, 0x63, 0x01, 0x64, 0x00, 0x64,
    0x00, 0x64, 0xe1, 0x5b, 0xc0, 0x5b, 0xe1, 0x5b, 0xe1, 0x5b, 0xa0, 0x7b,
    0x00, 0xec, 0x60, 0xf4, 0x20, 0xf4, 0xe0, 0xf3, 0xa0, 0xf3, 0xe0, 0xf3,
    0xe0, 0xfc, 0x00, 0xfd, 0xe0, 0xfc, 0xc0, 0xfc, 0xa0, 0xfc, 0x80, 0xfc,
    0x40, 0xfc, 0x00, 0xf4, 0xe0, 0xf3, 0xa0, 0xf3, 0xc0, 0xf3, 0xe0, 0xf3,
    0xe0, 0xf3, 0xc0, 0xf3, 0xc0, 0xf3, 0xa0, 0xeb, 0x80, 0xeb, 0x40, 0xeb,
    0x20, 0xe3, 0xe0, 0xe2, 0xc0, 0xda, 0xc0, 0xda, 0x80, 0xd2, 0x80, 0xd2,
    0x60, 0xca, 0x40, 0xca, 0x20, 0xca, 0xc0, 0xca, 0xa1, 0xd3, 0xe0, 0xdb,
    0xe0, 0xdb, 0xe0, 0xdb, 0xe0, 0xdb, 0x00, 0xdc, 0x00, 0xdc, 0x00, 0xdc,
    0x00, 0xdc, 0x01, 0xdc, 0x00, 0xdc, 0x00, 0xdc, 0x01, 0xdc, 0x00, 0xdc,
    0x00, 0xdc, 0xe0, 0xdb, 0x00, 0xdc, 0xe1, 0xdb, 0xe0, 0xdb, 0xc0, 0xdb,
    0xc0, 0xdb, 0xc0, 0xd3, 0xa0, 0xd3, 0x60, 0xdb, 0x20, 0xdb, 0xc0, 0xd2,
    0xa0, 0xd2, 0xa0, 0xda, 0xc0, 0xda, 0xc0, 0xda, 0xe0, 0xe2, 0x00, 0xe3,
    0x00, 0xe3, 0x00, 0xe3, 0x00, 0xe3, 0x20, 0xeb, 0x00, 0xe3, 0x00, 0xe3,
    0x20, 0xeb, 0x20, 0xeb, 0x20, 0xeb, 0x20, 0xe3, 0x00, 0xeb, 0x00, 0xe3,
    0x00, 0xe3, 0x00, 0xe3, 0x00, 0xe3, 0xe0, 0xe2, 0xe0, 0xe2, 0xe0, 0xe2,
    0xe0, 0xe2, 0xe0, 0xe2, 0xc1, 0xe2, 0xc0, 0xe2, 0xc0, 0xe2, 0xa0, 0xda,
    0x80, 0xda, 0x60, 0xd2, 0x60, 0xd2, 0x60, 0xd2, 0x80, 0xd2, 0x80, 0xda,
    0x80, 0xd2, 0x80, 0xd2, 0x81, 0xd2, 0x80, 0xd2, 0x80, 0xd2, 0x81, 0xd2,
    0x80, 0xd2, 0x80, 0xd2, 0x80, 0xd2, 0x80, 0xd2, 0x60, 0xd2, 0x60, 0xd2,
    0x80, 0xd2, 0x80, 0xd2, 0x80, 0xda, 0x80, 0xda, 0x80, 0xda, 0x80, 0xda,
    0x81, 0xda, 0x80, 0xda, 0xa0, 0xda, 0x81, 0xda, 0x80, 0xda, 0x81, 0xc2,
    0x80, 0x9a, 0x80, 0x5a, 0xc1, 0x32, 0xc1, 0x3a, 0xc1, 0x3a, 0xe1, 0x3a,
    0xe1, 0x3a, 0xe1, 0x3a, 0x01, 0x3b, 0x01, 0x43, 0x01, 0x43, 0x01, 0x3b,
    0xe0, 0x3a, 0xe1, 0x3a, 0xe1, 0x3a, 0x01, 0x3b, 0x00, 0x43, 0x01, 0x3b,
    0x01, 0x43, 0x00, 0x43, 0x01, 0x3b, 0x01, 0x43, 0x21, 0x43, 0x21, 0x43,
    0x01, 0x3b, 0x01, 0x53, 0x43, 0xab, 0x64, 0xbb, 0x64, 0xbb, 0x83, 0xbb,
    0x60, 0x74, 0x61, 0x7c, 0x60, 0x7c, 0x60, 0x74, 0x61, 0x7c, 0x61, 0x74,
    0x60, 0x74, 0x60, 0x74, 0x61, 0x74, 0x60, 0x74, 0x61, 0x74, 0x61, 0x74,
    0x60, 0x74, 0x60, 0x74, 0x40, 0x74, 0x41, 0x74, 0x40, 0x74, 0x40, 0x74,
    0x41, 0x6c, 0x20, 0x6c, 0x00, 0x6c, 0x00, 0x6c, 0x00, 0x64, 0xc0, 0x5b,
    0xa0, 0x5b, 0xa0, 0x53, 0xa1, 0x53, 0xa0, 0x5b, 0x80, 0x53, 0x41, 0x4b,
    0x40, 0x4b, 0x40, 0x4b, 0x20, 0x4b, 0x40, 0x4b, 0x40, 0x4b, 0x60, 0x4b,
    0x61, 0x4b, 0x01, 0x43, 0xa0, 0x42, 0x21, 0x52, 0xe0, 0x59, 0xe0, 0x61,
    0xc0, 0x69, 0xa0, 0x71, 0x80, 0x71, 0xa0, 0x71, 0xa0, 0x79, 0xa0, 0x71,
    0xa0, 0x71, 0xa0, 0x71, 0xc0, 0x71, 0xe0, 0x69, 0x00, 0x5a, 0x20, 0x52,
    0x61, 0x42, 0x80, 0x3a, 0xc0, 0x3a, 0xc1, 0x42, 0xc0, 0x3a, 0xa0, 0x3a,
    0xc0, 0x42, 0xe1, 0x42, 0xe1, 0x42, 0xc0, 0x3a, 0x01, 0x43, 0x21, 0x4b,
    0x00, 0x43, 0x00, 0x43, 0x61, 0x4b, 0xa1, 0x5b, 0x80, 0x53, 0x80, 0x53,
    0xc0, 0x5b, 0xc0, 0x5b, 0xe0, 0x5b, 0xc0, 0x5b, 0xe1, 0x5b, 0xc1, 0x5b,
    0xe0, 0x63, 0x00, 0x64, 0x00, 0x64, 0xe0, 0x63, 0xe1, 0x63, 0x00, 0x5c,
    0x00, 0x64, 0xe0, 0x5b, 0xc0, 0x5b, 0xc0, 0x5b, 0xc1, 0x5b, 0xa0, 0xab,
    0x20, 0xfc, 0x40, 0xf4, 0xe0, 0xf3, 0xa0, 0xf3, 0xa0, 0xf3, 0xc0, 0xfc,
    0x00, 0xfd, 0x20, 0xfd, 0x00, 0xfd, 0xc0, 0xfc, 0x80, 0xfc, 0x60, 0xfc,
    0x40, 0xf4, 0xe0, 0xf3, 0xa0, 0xf3, 0x20, 0xf4, 0x60, 0xf4, 0x60, 0xfc,
    0x40, 0xf4, 0x20, 0xf4, 0xe0, 0xf3, 0xc0, 0xf3, 0xa0, 0xeb, 0x60, 0xeb,
    0x40, 0xe3, 0x00, 0xe3, 0xe0, 0xda, 0xc0, 0xda, 0xa0, 0xd2, 0x80, 0xd2,
    0x80, 0xd2, 0x80, 0xca, 0x60, 0xca, 0x40, 0xca, 0x20, 0xc2, 0x60, 0xc2,
    0x00, 0xcb, 0x81, 0xd3, 0xc1, 0xe3, 0xe0, 0xdb, 0xe0, 0xd3, 0xe1, 0xd3,
    0xe0, 0xd3, 0xe0, 0xd3, 0x00, 0xd4, 0x00, 0xd4, 0xe0, 0xdb, 0xe0, 0xd3,
    0xe0, 0xd3, 0xe0, 0xd3, 0xe0, 0xd3, 0xe0, 0xd3, 0xc0, 0xd3, 0xc0, 0xd3,
    0xc1, 0xd3, 0xa0, 0xd3, 0x40, 0xdb, 0x20, 0xdb, 0xe0, 0xe2, 0xc0, 0xda,
    0xc0, 0xe2, 0xc0, 0xda, 0xc0, 0xda, 0xa0, 0xda, 0xc0, 0xda, 0xe0, 0xe2,
    0xe0, 0xe2, 0xc0, 0xe2, 0xe0, 0xe2, 0x00, 0xe3, 0x00, 0xe3, 0x00, 0xe3,
    0x00, 0xe3, 0x00, 0xe3, 0x00, 0xe3, 0x00, 0xe3, 0x00, 0xe3, 0x00, 0xe3,
    0xe1, 0xe2, 0xe0, 0xe2, 0xc0, 0xe2, 0xe0, 0xe2, 0xe0, 0xe2, 0xc0, 0xe2,
    0xe0, 0xe2, 0xc0, 0xe2, 0xc0, 0xe2, 0xc0, 0xe2, 0xa0, 0xda, 0xa0, 0xda,
    0xa0, 0xda, 0x40, 0xca, 0x20, 0xa2, 0x40, 0xc2, 0x40, 0xd2, 0x40, 0xda,
    0x41, 0xe2, 0x60, 0xe2, 0x80, 0xda, 0x81, 0xda, 0x80, 0xda, 0x80, 0xd2,
    0x80, 0xd2, 0x60, 0xd2, 0x60, 0xd2, 0x80, 0xd2, 0x61, 0xd2, 0x60, 0xda,
    0x80, 0xda, 0x60, 0xda, 0x81, 0xe2, 0x60, 0xe2, 0x60, 0xda, 0x60, 0xd2,
    0x80, 0xc2, 0x80, 0xb2, 0x80, 0x8a, 0xa1, 0x62, 0xc1, 0x42, 0xe1, 0x3a,
    0xc1, 0x3a, 0xc1, 0x3a, 0xe1, 0x3a, 0xe1, 0x3a, 0xe1, 0x3a, 0xc1, 0x3a,
    0xe0, 0x3a, 0xe1, 0x3a, 0xe1, 0x3a, 0x00, 0x3b, 0xe1, 0x42, 0x01, 0x3b,
    0x01, 0x43, 0x01, 0x43, 0x01, 0x3b, 0xe0, 0x3a, 0x01, 0x43, 0x01, 0x3b,
    0x01, 0x43, 0x21, 0x43, 0x01, 0x3b, 0x01, 0x43, 0x21, 0x43, 0x21, 0x43,
    0x20, 0x43, 0x03, 0x8b, 0x64, 0xbb, 0x64, 0xb3, 0x64, 0xbb, 0x63, 0xbb,
    0x40, 0x74, 0x60, 0x7c, 0x61, 0x7c, 0x60, 0x74, 0x60, 0x74, 0x61, 0x7c,
    0x60, 0x7c, 0x60, 0x7c, 0x61, 0x74, 0x60, 0x74, 0x60, 0x7c, 0x60, 0x74,
    0x61, 0x74, 0x40, 0x74, 0x60, 0x74, 0x40, 0x74, 0x40, 0x74, 0x40, 0x74,
    0x40, 0x74, 0x40, 0x6c, 0x21, 0x6c, 0x20, 0x6c, 0x21, 0x6c, 0x20, 0x6c,
    0x20, 0x6c, 0x20, 0x6c, 0x00, 0x6c, 0x00, 0x64, 0xc0, 0x5b, 0x80, 0x53,
    0x80, 0x53, 0x60, 0x4b, 0x61, 0x4b, 0x60, 0x53, 0x80, 0x53, 0xe0, 0x63,
    0xe0, 0x63, 0x60, 0x53, 0x21, 0x4b, 0x40, 0x4b, 0x21, 0x43, 0x40, 0x4b,
    0x61, 0x4b, 0xe1, 0x42, 0xc1, 0x42, 0xa0, 0x4a, 0x81, 0x4a, 0x81, 0x42,
    0xe0, 0x4a, 0x00, 0x4b, 0xe1, 0x42, 0x01, 0x43, 0x01, 0x43, 0x00, 0x43,
    0x80, 0x5b, 0x40, 0x53, 0xe0, 0x42, 0x00, 0x4b, 0x41, 0x4b, 0x20, 0x4b,
    0x01, 0x43, 0x21, 0x4b, 0x40, 0x53, 0x80, 0x5b, 0xa0, 0x5b, 0x80, 0x53,
    0x41, 0x4b, 0x60, 0x4b, 0xc0, 0x5b, 0xe0, 0x63, 0xe0, 0x63, 0xe0, 0x63,
    0xe0, 0x63, 0x01, 0x64, 0xe0, 0x63, 0xe0, 0x63, 0xe0, 0x63, 0xe0, 0x63,
    0xe0, 0x63, 0x01, 0x64, 0x00, 0x64, 0x00, 0x64, 0xe0, 0x63, 0x01, 0x64,
    0xe0, 0x63, 0xe1, 0x63, 0xe0, 0x63, 0xe0, 0x63, 0xc1, 0x63, 0x80, 0xcb,
    0xe0, 0xf3, 0xe0, 0xf3, 0xc0, 0xf3, 0x60, 0xeb, 0xe0, 0xf3, 0xc0, 0xfc,
    0x00, 0xfd, 0xe0, 0xfc, 0xc0, 0xfc, 0x80, 0xfc, 0x60, 0xf4, 0x40, 0xf4,
    0xe0, 0xf3, 0x80, 0xf3, 0x20, 0xf4, 0xa0, 0xfc, 0xc0, 0xfc, 0xa0, 0xfc,
    0x60, 0xfc, 0x60, 0xfc, 0x00, 0xf4, 0xe0, 0xf3, 0xa0, 0xf3, 0x80, 0xeb,
    0x40, 0xeb, 0x20, 0xe3, 0x00, 0xe3, 0xe0, 0xda, 0xc0, 0xda, 0xa0, 0xd2,
    0x80, 0xd2, 0x80, 0xd2, 0x60, 0xd2, 0x40, 0xca, 0x40, 0xca, 0x40, 0xca,
    0x20, 0xc2, 0x60, 0x62, 0xc1, 0x52, 0x00, 0x93, 0x41, 0xbb, 0xa0, 0xcb,
    0xc1, 0xd3, 0xc0, 0xd3, 0xe0, 0xd3, 0xe1, 0xd3, 0x00, 0xd4, 0xe0, 0xd3,
    0xe0, 0xd3, 0xc1, 0xd3, 0xc0, 0xd3, 0xc0, 0xd3, 0xc0, 0xd3, 0xa0, 0xcb,
    0x81, 0xd3, 0x40, 0xdb, 0x20, 0xe3, 0x60, 0xeb, 0x80, 0xeb, 0x60, 0xeb,
    0x40, 0xeb, 0x20, 0xe3, 0x00, 0xe3, 0xe0, 0xe2, 0xe0, 0xe2, 0xc0, 0xda,
    0xe0, 0xda, 0xe0, 0xe2, 0xe0, 0xe2, 0xc0, 0xda, 0xc0, 0xda, 0xc1, 0xe2,
    0xc0, 0xe2, 0xe0, 0xe2, 0xe0, 0xe2, 0xe1, 0xe2, 0xe0, 0xe2, 0xe0, 0xe2,
    0xe0, 0xe2, 0xc0, 0xe2, 0xc0, 0xe2, 0xc0, 0xe2, 0xc0, 0xe2, 0xa0, 0xe2,
    0xc0, 0xe2, 0xc0, 0xe2, 0xc0, 0xe2, 0xc0, 0xe2, 0xa0, 0xda, 0xa0, 0xda,
    0xa0, 0xda, 0x80, 0xda, 0xa1, 0x72, 0xc1, 0x2a, 0xa1, 0x32, 0xa1, 0x4a,
    0x81, 0x5a, 0x61, 0x72, 0x60, 0x82, 0x61, 0x92, 0x61, 0x9a, 0x61, 0xa2,
    0x61, 0xa2, 0x61, 0xaa, 0x61, 0xaa, 0x60, 0xa2, 0x61, 0xa2, 0x61, 0x9a,
    0x80, 0x8a, 0x81, 0x7a, 0x81, 0x72, 0x81, 0x5a, 0xa1, 0x4a, 0xc1, 0x3a,
    0xe1, 0x32, 0xe1, 0x2a, 0xe1, 0x32, 0xe1, 0x3a, 0xe1, 0x3a, 0xe1, 0x3a,
    0xe1, 0x3a, 0xe1, 0x3a, 0xe1, 0x3a, 0xe0, 0x3a, 0xe1, 0x3a, 0xc1, 0x3a,
    0xe1, 0x3a, 0xe0, 0x3a, 0xe1, 0x3a, 0x01, 0x3b, 0x00, 0x43, 0x00, 0x43,
    0x00, 0x3b, 0x01, 0x43, 0x01, 0x43, 0x01, 0x43, 0x21, 0x43, 0x21, 0x43,
    0x41, 0x43, 0x21, 0x43, 0x20, 0x43, 0x61, 0x43, 0x61, 0x43, 0x61, 0x43,
    0xe2, 0x5a, 0xc3, 0x92, 0x44, 0xbb, 0x44, 0xbb, 0x43, 0xbb, 0x44, 0xbb,
    0x60, 0x74, 0x40, 0x74, 0x60, 0x74, 0x61, 0x74, 0x40, 0x74, 0x60, 0x7c,
    0x60, 0x74, 0x61, 0x7c, 0x60, 0x7c, 0x60, 0x7c, 0x60, 0x7c, 0x60, 0x74,
    0x60, 0x7c, 0x41, 0x74, 0x40, 0x74, 0x60, 0x74, 0x40, 0x74, 0x41, 0x74,
    0x40, 0x74, 0x20, 0x6c, 0x20, 0x6c, 0x20, 0x74, 0x20, 0x6c, 0x40, 0x74,
    0x21, 0x6c, 0x20, 0x6c, 0x00, 0x6c, 0x00, 0x6c, 0x00, 0x6c, 0x00, 0x64,
    0xe1, 0x63, 0xa0, 0x5b, 0xc0, 0x5b, 0xe1, 0x63, 0x00, 0x6c, 0x00, 0x6c,
    0x00, 0x64, 0xe0, 0x63, 0xc0, 0x5b, 0xa0, 0x5b, 0xc1, 0x63, 0xe0, 0x63,
    0xc0, 0x63, 0xc1, 0x63, 0x80, 0x53, 0x80, 0x5b, 0x61, 0x53, 0x40, 0x53,
    0xa1, 0x63, 0xc0, 0x63, 0x60, 0x53, 0x20, 0x4b, 0x21, 0x4b, 0xa0, 0x63,
    0x00, 0x6c, 0xe1, 0x6b, 0xe0, 0x63, 0x00, 0x6c, 0xc0, 0x6b, 0xc0, 0x63,
    0xa0, 0x5b, 0x20, 0x74, 0x20, 0x74, 0x00, 0x6c, 0x00, 0x6c, 0xe0, 0x6b,
    0xc0, 0x63, 0xc0, 0x63, 0xc0, 0x63, 0xe1, 0x63, 0xe1, 0x63, 0xe0, 0x63,
    0xe0, 0x63, 0x01, 0x64, 0x00, 0x64, 0xe0, 0x63, 0x00, 0x64, 0x00, 0x64,
    0x01, 0x64, 0x00, 0x64, 0x00, 0x64, 0xe0, 0x63, 0xe0, 0x63, 0xe1, 0x63,
    0x00, 0x64, 0x00, 0x64, 0x01, 0x64, 0x00, 0x64, 0xe0, 0x6b, 0x40, 0xcb,
    0xa0, 0xeb, 0xa0, 0xf3, 0x60, 0xeb, 0x20, 0xeb, 0x20, 0xf4, 0xa0, 0xfc,
    0xc0, 0xfc, 0xa0, 0xf4, 0x80, 0xfc, 0x60, 0xf4, 0x00, 0xf4, 0xc0, 0xf3,
    0x80, 0xf3, 0xc0, 0xf3, 0x60, 0xfc, 0xc0, 0xfc, 0xc0, 0xfc, 0xa0, 0xfc,
    0x60, 0xf4, 0x40, 0xf4, 0x20, 0xf4, 0xe0, 0xf3, 0xc0, 0xf3, 0x80, 0xeb,
    0x40, 0xeb, 0x00, 0xe3, 0x00, 0xe3, 0xe0, 0xda, 0xc0, 0xda, 0xa0, 0xda,
    0xa0, 0xd2, 0x80, 0xd2, 0x60, 0xd2, 0x60, 0xca, 0x40, 0xca, 0x20, 0xca,
    0x61, 0x7a, 0xc1, 0x3a, 0xc1, 0x3a, 0xc0, 0x32, 0xc0, 0x32, 0xc1, 0x3a,
    0xe1, 0x52, 0x40, 0x7b, 0x80, 0xa3, 0xa1, 0xbb, 0xc0, 0xcb, 0xe0, 0xdb,
    0xe0, 0xdb, 0xe0, 0xdb, 0xc0, 0xdb, 0xc0, 0xdb, 0xc0, 0xd3, 0x80, 0xd3,
    0x20, 0xdb, 0x40, 0xeb, 0x00, 0xf4, 0x40, 0xf4, 0x00, 0xf4, 0xe0, 0xf3,
    0xa0, 0xeb, 0x60, 0xeb, 0x20, 0xeb, 0x00, 0xe3, 0xe0, 0xe2, 0x40, 0xeb,
    0x80, 0xeb, 0xa0, 0xf3, 0xa0, 0xeb, 0x80, 0xeb, 0x60, 0xeb, 0x40, 0xeb,
    0x00, 0xe3, 0xe0, 0xe2, 0xc0, 0xe2, 0xa0, 0xda, 0x80, 0xda, 0x80, 0xda,
    0xa0, 0xda, 0xc0, 0xe2, 0xe0, 0xe2, 0x00, 0xe3, 0x00, 0xe3, 0x00, 0xeb,
    0xe0, 0xe2, 0xe0, 0xe2, 0xe0, 0xe2, 0xc0, 0xe2, 0xc0, 0xe2, 0xa0, 0xda,
    0xa0, 0xda, 0x80, 0xda, 0x60, 0xc2, 0xa1, 0x4a, 0xc1, 0x32, 0xc1, 0x3a,
    0xc1, 0x3a, 0xe1, 0x32, 0xe1, 0x3a, 0xe1, 0x3a, 0xc0, 0x32, 0xe1, 0x32,
    0xe1, 0x3a, 0xe1, 0x3a, 0xe1, 0x32, 0xe1, 0x3a, 0xe1, 0x32, 0x01, 0x3b,
    0x01, 0x3b, 0x01, 0x3b, 0xe1, 0x3a, 0xe1, 0x3a, 0xe1, 0x3a, 0xe1, 0x3a,
    0xe1, 0x3a, 0xe1, 0x3a, 0xe0, 0x3a, 0xe1, 0x3a, 0xe0, 0x3a, 0x01, 0x3b,
    0x00, 0x3b, 0x01, 0x3b, 0xe1, 0x3a, 0xe0, 0x3a, 0x01, 0x3b, 0x01, 0x3b,
    0x01, 0x3b, 0x20, 0x43, 0x01, 0x43, 0x40, 0x4b, 0x41, 0x4b, 0x21, 0x43,
    0x20, 0x43, 0x21, 0x43, 0x60, 0x4b, 0x60, 0x4b, 0x41, 0x4b, 0x40, 0x43,
    0x41, 0x4b, 0x40, 0x43, 0x61, 0x43, 0x60, 0x4b, 0x61, 0x4b, 0x21, 0x4b,
    0x62, 0x72, 0x63, 0x8a, 0xe3, 0xa2, 0x44, 0xb3, 0x44, 0xbb, 0x44, 0xbb,
    0x60, 0x7c, 0x60, 0x7c, 0x60, 0x7c, 0x60, 0x7c, 0x61, 0x74, 0x60, 0x74,
    0x60, 0x74, 0x60, 0x74, 0x40, 0x74, 0x61, 0x74, 0x61, 0x74, 0x40, 0x74,
    0x40, 0x74, 0x40, 0x74, 0x41, 0x74, 0x60, 0x74, 0x61, 0x74, 0x40, 0x74,
    0x40, 0x74, 0x20, 0x6c, 0x21, 0x6c, 0x20, 0x74, 0x40, 0x74, 0x20, 0x74,
    0x20, 0x74, 0x40, 0x74, 0x41, 0x6c, 0x20, 0x6c, 0x40, 0x74, 0x21, 0x74,
    0x20, 0x74, 0x20, 0x74, 0x20, 0x6c, 0x20, 0x74, 0x00, 0x6c, 0x00, 0x6c,
    0x20, 0x6c, 0x00, 0x6c, 0x00, 0x6c, 0x00, 0x6c, 0x00, 0x6c, 0x00, 0x6c,
    0x20, 0x6c, 0x00, 0x74, 0x20, 0x74, 0x20, 0x74, 0x00, 0x6c, 0x20, 0x74,
    0x20, 0x74, 0x20, 0x74, 0xe0, 0x6b, 0xc0, 0x63, 0x00, 0x74, 0x20, 0x74,
    0x40, 0x74, 0x40, 0x74, 0x20, 0x74, 0x40, 0x74, 0x20, 0x74, 0x20, 0x74,
    0x20, 0x74, 0x20, 0x74, 0x20, 0x74, 0x20, 0x74, 0x20, 0x74, 0x00, 0x6c,
    0x00, 0x6c, 0x00, 0x6c, 0x01, 0x6c, 0x20, 0x6c, 0x00, 0x6c, 0x00, 0x6c,
    0x21, 0x6c, 0x20, 0x6c, 0x20, 0x6c, 0x21, 0x74, 0x20, 0x6c, 0x20, 0x74,
    0x21, 0x74, 0x20, 0x6c, 0x20, 0x6c, 0x21, 0x6c, 0x01, 0x6c, 0x00, 0x64,
    0x00, 0x64, 0x00, 0x64, 0x01, 0x64, 0x00, 0x64, 0xe1, 0x63, 0x41, 0x8b,
    0x20, 0xe3, 0x40, 0xeb, 0x00, 0xeb, 0x40, 0xeb, 0x20, 0xf4, 0x60, 0xf4,
    0x60, 0xf4, 0x20, 0xf4, 0x00, 0xf4, 0xc0, 0xf3, 0x80, 0xf3, 0x20, 0xeb,
    0x60, 0xeb, 0x20, 0xf4, 0x80, 0xfc, 0xa0, 0xfc, 0xc0, 0xfc, 0xa0, 0xfc,
    0x60, 0xfc, 0x40, 0xfc, 0x00, 0xf4, 0xc0, 0xf3, 0xa0, 0xeb, 0x80, 0xeb,
    0x40, 0xeb, 0x00, 0xe3, 0xe0, 0xe2, 0xc0, 0xda, 0xc0, 0xda, 0xa1, 0xd2,
    0xa0, 0xda, 0x80, 0xda, 0x61, 0xd2, 0x41, 0xb2, 0x61, 0x7a, 0x81, 0x4a,
    0xc1, 0x32, 0xe1, 0x3a, 0xc1, 0x32, 0xe1, 0x3a, 0xe1, 0x3a, 0xc1, 0x3a,
    0xe1, 0x32, 0xc1, 0x2a, 0xa1, 0x2a, 0xa1, 0x2a, 0xc1, 0x32, 0xc1, 0x3a,
    0xc1, 0x3a, 0xe1, 0x42, 0xe1, 0x42, 0xe1, 0x42, 0xe1, 0x52, 0xe0, 0xba,
    0x80, 0xeb, 0x40, 0xf4, 0xa0, 0xfc, 0xa0, 0xfc, 0xa0, 0xfc, 0x40, 0xf4,
    0x00, 0xf4, 0xa0, 0xf3, 0x40, 0xeb, 0x20, 0xe3, 0xc0, 0xf3, 0x20, 0xf4,
    0x20, 0xf4, 0x20, 0xf4, 0x00, 0xf4, 0xe0, 0xf3, 0xc0, 0xf3, 0xa0, 0xf3,
    0x60, 0xeb, 0x40, 0xeb, 0x20, 0xeb, 0xe0, 0xe2, 0xe0, 0xe2, 0x40, 0xeb,
    0x80, 0xeb, 0x80, 0xeb, 0x80, 0xeb, 0x80, 0xeb, 0x80, 0xeb, 0x40, 0xeb,
    0x20, 0xeb, 0x00, 0xe3, 0xe0, 0xe2, 0xe0, 0xe2, 0xc0, 0xe2, 0xc0, 0xe2,
    0xc0, 0xe2, 0x80, 0xda, 0x80, 0xda, 0x61, 0x82, 0xc1, 0x32, 0xc1, 0x32,
    0xe1, 0x32, 0xe1, 0x32, 0xe1, 0x3a, 0xe1, 0x3a, 0xe1, 0x3a, 0xe1, 0x3a,
    0xe1, 0x3a, 0xe0, 0x3a, 0xe1, 0x3a, 0xe1, 0x3a, 0xe1, 0x3a, 0xe1, 0x3a,
    0xe1, 0x3a, 0x01, 0x3b, 0x00, 0x3b, 0x00, 0x3b, 0x01, 0x3b, 0x00, 0x3b,
    0x00, 0x3b, 0x01, 0x3b, 0x01, 0x3b, 0xe0, 0x3a, 0xe1, 0x3a, 0x00, 0x3b,
    0x01, 0x3b, 0x00, 0x3b, 0x01, 0x3b, 0x20, 0x43, 0x20, 0x43, 0x40, 0x43,
    0x60, 0x4b, 0x60, 0x4b, 0x60, 0x4b, 0x60, 0x4b, 0x60, 0x4b, 0x61, 0x53,
    0x60, 0x53, 0x80, 0x53, 0x80, 0x53, 0x60, 0x53, 0x80, 0x53, 0x80, 0x53,
    0x60, 0x4b, 0x61, 0x43, 0x61, 0x4b, 0x60, 0x4b, 0x60, 0x43, 0xe2, 0x62,
    0x43, 0x82, 0x43, 0x82, 0x63, 0x8a, 0xc3, 0x9a, 0x24, 0xb3, 0x44, 0xb3,
    0xc0, 0x5b, 0x81, 0x4b, 0x60, 0x4b, 0x81, 0x4b, 0xa0, 0x53, 0x01, 0x6c,
    0x40, 0x74, 0x60, 0x7c, 0x40, 0x74, 0x40, 0x74, 0x40, 0x74, 0x41, 0x74,
    0x41, 0x74, 0x40, 0x74, 0x40, 0x74, 0x40, 0x74, 0x40, 0x74, 0x41, 0x74,
    0x40, 0x74, 0x20, 0x74, 0x41, 0x74, 0x40, 0x74, 0x40, 0x74, 0x40, 0x74,
    0x40, 0x74, 0x41, 0x74, 0x40, 0x74, 0x40, 0x74, 0x40, 0x74, 0x40, 0x74,
    0x20, 0x74, 0x20, 0x74, 0x20, 0x74, 0x20, 0x74, 0x20, 0x6c, 0x21, 0x6c,
    0x20, 0x74, 0x20, 0x74, 0x20, 0x74, 0x41, 0x74, 0x40, 0x74, 0x20, 0x74,
    0x40, 0x74, 0x20, 0x74, 0x20, 0x74, 0x40, 0x74, 0x20, 0x74, 0x40, 0x7c,
    0x40, 0x7c, 0x41, 0x7c, 0x40, 0x7c, 0x40, 0x7c, 0x40, 0x7c, 0x40, 0x7c,
    0x40, 0x7c, 0x40, 0x7c, 0x40, 0x7c, 0x41, 0x7c, 0x41, 0x7c, 0x40, 0x7c,
    0x40, 0x74, 0x40, 0x74, 0x41, 0x74, 0x20, 0x74, 0x20, 0x74, 0x21, 0x74,
    0x41, 0x74, 0x40, 0x74, 0x20, 0x6c, 0x20, 0x6c, 0x40, 0x74, 0x20, 0x74,
    0x21, 0x74, 0x20, 0x74, 0x20, 0x74, 0x21, 0x74, 0x40, 0x74, 0x40, 0x7c,
    0x40, 0x7c, 0x60, 0x7c, 0x60, 0x7c, 0x40, 0x7c, 0x20, 0x74, 0x20, 0x74,
    0x41, 0x74, 0x20, 0x74, 0x20, 0x6c, 0x20, 0x6c, 0x00, 0x6c, 0xe0, 0x5b,
    0x81, 0x63, 0x00, 0x93, 0xe0, 0x82, 0xe0, 0xb2, 0xe0, 0xf3, 0x00, 0xf4,
    0x00, 0xf4, 0xe0, 0xf3, 0xa0, 0xf3, 0x80, 0xeb, 0x40, 0xeb, 0x00, 0xe3,
    0x80, 0xf3, 0x00, 0xf4, 0x40, 0xf4, 0x60, 0xfc, 0x80, 0xfc, 0x60, 0xf4,
    0x40, 0xf4, 0x20, 0xf4, 0xe0, 0xf3, 0xa0, 0xf3, 0x80, 0xeb, 0x40, 0xeb,
    0x20, 0xeb, 0x00, 0xe3, 0xe0, 0xda, 0xc0, 0xe2, 0x81, 0xda, 0x60, 0xc2,
    0x60, 0xa2, 0x61, 0x72, 0x81, 0x3a, 0xc0, 0x2a, 0xc1, 0x3a, 0xc1, 0x3a,
    0xc1, 0x32, 0xe0, 0x3a, 0xe1, 0x32, 0xc0, 0x32, 0xe1, 0x32, 0xe1, 0x32,
    0xc0, 0x32, 0xe1, 0x32, 0xe1, 0x32, 0xc1, 0x32, 0xe1, 0x3a, 0xe0, 0x32,
    0xe1, 0x3a, 0xe1, 0x3a, 0xe1, 0x32, 0xe1, 0x3a, 0xc1, 0x42, 0x40, 0xbb,
    0x20, 0xf4, 0xa0, 0xfc, 0xe0, 0xfc, 0xc0, 0xfc, 0xa0, 0xfc, 0x80, 0xfc,
    0x20, 0xf4, 0xc0, 0xf3, 0xa0, 0xeb, 0x40, 0xf4, 0xc0, 0xfc, 0xc0, 0xfc,
    0xa0, 0xfc, 0x80, 0xfc, 0x60, 0xfc, 0x20, 0xf4, 0xe0, 0xf3, 0xc0, 0xf3,
    0xa0, 0xf3, 0x60, 0xeb, 0x20, 0xe3, 0x40, 0xeb, 0xc0, 0xf3, 0x00, 0xf4,
    0x00, 0xf4, 0x00, 0xf4, 0xe0, 0xf3, 0xc0, 0xf3, 0xa0, 0xf3, 0x80, 0xf3,
    0x40, 0xeb, 0x20, 0xeb, 0x00, 0xeb, 0xe0, 0xe2, 0xe0, 0xe2, 0xe0, 0xe2,
    0xc0, 0xe2, 0xa0, 0xda, 0x80, 0xe2, 0x80, 0xaa, 0xc1, 0x32, 0xc1, 0x3a,
    0xc1, 0x32, 0xc1, 0x32, 0xe1, 0x3a, 0xe1, 0x3a, 0xe1, 0x32, 0xe1, 0x3a,
    0xe1, 0x3a, 0xe1, 0x32, 0xe1, 0x3a, 0xe0, 0x3a, 0xe1, 0x32, 0xe1, 0x3a,
    0x00, 0x3b, 0x01, 0x3b, 0x21, 0x3b, 0x01, 0x3b, 0x21, 0x43, 0x20, 0x43,
    0x41, 0x43, 0x41, 0x4b, 0x20, 0x43, 0x20, 0x43, 0x01, 0x43, 0x21, 0x43,
    0x41, 0x4b, 0x41, 0x4b, 0x40, 0x4b, 0x61, 0x4b, 0x81, 0x53, 0x80, 0x53,
    0x81, 0x53, 0x80, 0x53, 0x81, 0x53, 0x60, 0x53, 0x80, 0x53, 0x81, 0x53,
    0x80, 0x53, 0x80, 0x5b, 0xa1, 0x53, 0x81, 0x53, 0xa1, 0x53, 0xa1, 0x53,
    0x60, 0x4b, 0x61, 0x4b, 0x61, 0x4b, 0x61, 0x43, 0x21, 0x4b, 0x63, 0x82,
    0x63, 0x8a, 0x63, 0x82, 0x63, 0x82, 0x43, 0x82, 0xa3, 0x9a, 0x23, 0xb3,
    0x60, 0x3b, 0x60, 0x3b, 0x60, 0x3b, 0x60, 0x3b, 0x60, 0x3b, 0x60, 0x3b,
    0x81, 0x4b, 0x21, 0x74, 0x40, 0x7c, 0x60, 0x74, 0x60, 0x7c, 0x60, 0x74,
    0x40, 0x7c, 0x41, 0x74, 0x40, 0x74, 0x40, 0x74, 0x40, 0x74, 0x40, 0x74,
    0x40, 0x7c, 0x41, 0x84, 0x60, 0x7c, 0x40, 0x7c, 0x41, 0x7c, 0x40, 0x74,
    0x40, 0x74, 0x60, 0x74, 0x40, 0x74, 0x40, 0x74, 0x40, 0x74, 0x40, 0x74,
    0x40, 0x74, 0x40, 0x74, 0x41, 0x74, 0x40, 0x74, 0x40, 0x74, 0x40, 0x7c,
    0x40, 0x74, 0x40, 0x74, 0x40, 0x74, 0x40, 0x74, 0x40, 0x74, 0x40, 0x74,
    0x40, 0x7c, 0x40, 0x7c, 0x40, 0x7c, 0x40, 0x7c, 0x40, 0x7c, 0x60, 0x7c,
    0x40, 0x7c, 0x40, 0x7c, 0x60, 0x7c, 0x40, 0x7c, 0x61, 0x7c, 0x60, 0x7c,
    0x60, 0x7c, 0x60, 0x7c, 0x61, 0x7c, 0x60, 0x84, 0x60, 0x7c, 0x60, 0x7c,
    0x60, 0x7c, 0x40, 0x7c, 0x40, 0x7c, 0x41, 0x74, 0x40, 0x74, 0x60, 0x7c,
    0x60, 0x74, 0x40, 0x74, 0x40, 0x74, 0x41, 0x74, 0x40, 0x74, 0x40, 0x7c,
    0x41, 0x7c, 0x40, 0x7c, 0x40, 0x74, 0x40, 0x7c, 0x40, 0x7c, 0x60, 0x7c,
    0x60, 0x7c, 0x60, 0x7c, 0x60, 0x84, 0x60, 0x84, 0x60, 0x7c, 0x60, 0x7c,
    0x60, 0x7c, 0x40, 0x7c, 0x40, 0x74, 0x40, 0x74, 0x40, 0x74, 0x20, 0x6c,
    0xe1, 0x63, 0xc1, 0x53, 0xa1, 0x4b, 0x40, 0x6b, 0x00, 0xd3, 0x60, 0xf3,
    0x80, 0xf3, 0x80, 0xeb, 0x40, 0xeb, 0x20, 0xeb, 0x00, 0xeb, 0x80, 0xd2,
    0x40, 0xeb, 0xc0, 0xf3, 0xe0, 0xf3, 0x20, 0xf4, 0x40, 0xf4, 0x20, 0xf4,
    0x00, 0xf4, 0xe0, 0xf3, 0xc0, 0xf3, 0x80, 0xeb, 0x40, 0xeb, 0x20, 0xeb,
    0xe0, 0xea, 0x81, 0xd2, 0xa0, 0x9a, 0xc0, 0x62, 0xc1, 0x4a, 0xe1, 0x3a,
    0xe0, 0x32, 0xe1, 0x32, 0xe1, 0x32, 0xc0, 0x3a, 0xc0, 0x32, 0xc0, 0x32,
    0xe1, 0x3a, 0xe1, 0x32, 0xe1, 0x3a, 0xe0, 0x3a, 0xe1, 0x3a, 0xe0, 0x3a,
    0xe1, 0x3a, 0xe1, 0x3a, 0xe1, 0x32, 0xe1, 0x3a, 0xc0, 0x32, 0xe1, 0x3a,
    0xe0, 0x3a, 0xc0, 0x32, 0xc1, 0x32, 0xe0, 0x3a, 0xc0, 0x4a, 0x40, 0xcb,
    0x60, 0xf4, 0xc0, 0xfc, 0xc0, 0xfc, 0xa0, 0xfc, 0xa0, 0xf4, 0x60, 0xf4,
    0x00, 0xf4, 0xc0, 0xf3, 0x60, 0xf4, 0xe0, 0xfc, 0x00, 0xfd, 0x00, 0xfd,
    0xe0, 0xfc, 0xc0, 0xfc, 0x80, 0xfc, 0x40, 0xfc, 0x20, 0xf4, 0xc0, 0xf3,
    0x80, 0xeb, 0x60, 0xeb, 0x80, 0xeb, 0x20, 0xf4, 0x80, 0xfc, 0x80, 0xfc,
    0x80, 0xfc, 0x60, 0xfc, 0x40, 0xfc, 0x00, 0xf4, 0xc0, 0xf3, 0xa0, 0xeb,
    0x60, 0xeb, 0x40, 0xeb, 0x20, 0xe3, 0xe0, 0xe2, 0xe0, 0xe2, 0xc0, 0xe2,
    0xc0, 0xe2, 0xa0, 0xda, 0xa0, 0xe2, 0x60, 0xaa, 0xc1, 0x32, 0xe1, 0x3a,
    0xe1, 0x3a, 0xe0, 0x32, 0xe1, 0x3a, 0xe0, 0x32, 0xe0, 0x3a, 0xe1, 0x3a,
    0xe1, 0x32, 0xe0, 0x3a, 0xe0, 0x3a, 0x01, 0x3b, 0x01, 0x3b, 0x01, 0x3b,
    0x00, 0x3b, 0x21, 0x3b, 0x41, 0x43, 0x40, 0x4b, 0x60, 0x4b, 0x61, 0x53,
    0x80, 0x53, 0x80, 0x53, 0x80, 0x53, 0x61, 0x53, 0x61, 0x4b, 0x60, 0x4b,
    0x80, 0x53, 0x80, 0x53, 0x80, 0x53, 0xa0, 0x53, 0xa0, 0x5b, 0xa1, 0x5b,
    0xc0, 0x5b, 0xa0, 0x5b, 0xa0, 0x5b, 0xa1, 0x5b, 0xa1, 0x53, 0xa0, 0x5b,
    0xa0, 0x5b, 0xa0, 0x5b, 0xa0, 0x5b, 0xa0, 0x5b, 0xa0, 0x5b, 0x80, 0x5b,
    0x81, 0x4b, 0x41, 0x43, 0x60, 0x4b, 0x40, 0x43, 0xa2, 0x6a, 0x63, 0x8a,
    0x63, 0x8a, 0x43, 0x8a, 0x43, 0x82, 0x43, 0x82, 0x63, 0x8a, 0xa3, 0x9a,
    0x60, 0x3b, 0x60, 0x3b, 0x60, 0x43, 0x61, 0x43, 0x60, 0x43, 0x60, 0x43,
    0x61, 0x43, 0x00, 0x6c, 0x40, 0x7c, 0x41, 0x7c, 0x41, 0x7c, 0x60, 0x7c,
    0x40, 0x7c, 0x41, 0x7c, 0x41, 0x7c, 0x61, 0x7c, 0x41, 0x7c, 0x40, 0x7c,
    0x40, 0x7c, 0x61, 0x8c, 0x61, 0x8c, 0x61, 0x8c, 0x61, 0x8c, 0x40, 0x84,
    0x40, 0x7c, 0x61, 0x7c, 0x60, 0x74, 0x60, 0x74, 0x41, 0x74, 0x40, 0x74,
    0x40, 0x74, 0x40, 0x74, 0x40, 0x7c, 0x40, 0x7c, 0x60, 0x7c, 0x40, 0x7c,
    0x60, 0x7c, 0x60, 0x7c, 0x60, 0x7c, 0x60, 0x7c, 0x40, 0x7c, 0x60, 0x7c,
    0x61, 0x7c, 0x60, 0x7c, 0x60, 0x7c, 0x61, 0x7c, 0x60, 0x7c, 0x60, 0x84,
    0x60, 0x84, 0x60, 0x84, 0x40, 0x84, 0x60, 0x7c, 0x60, 0x7c, 0x60, 0x84,
    0x60, 0x7c, 0x60, 0x7c, 0x60, 0x7c, 0x80, 0x84, 0x80, 0x84, 0x60, 0x7c,
    0x61, 0x7c, 0x60, 0x7c, 0x60, 0x7c, 0x60, 0x7c, 0x60, 0x7c, 0x60, 0x7c,
    0x60, 0x7c, 0x40, 0x74, 0x41, 0x7c, 0x40, 0x7c, 0x40, 0x7c, 0x60, 0x74,
    0x40, 0x7c, 0x60, 0x7c, 0x60, 0x7c, 0x40, 0x7c, 0x61, 0x7c, 0x60, 0x84,
    0x61, 0x84, 0x60, 0x84, 0x60, 0x84, 0x80, 0x84, 0x60, 0x84, 0x61, 0x84,
    0x60, 0x84, 0x60, 0x84, 0x60, 0x7c, 0x60, 0x7c, 0x40, 0x74, 0x40, 0x74,
    0x40, 0x74, 0x00, 0x6c, 0xe0, 0x63, 0xa1, 0x53, 0x21, 0x53, 0xe1, 0x82,
    0xc1, 0xb2, 0xc0, 0xca, 0xc0, 0xd2, 0xa0, 0xba, 0xa1, 0x82, 0x01, 0x53,
    0xe0, 0xa2, 0x40, 0xeb, 0x80, 0xf3, 0xe0, 0xf3, 0xe0, 0xf3, 0xc0, 0xf3,
    0xa0, 0xf3, 0x80, 0xf3, 0x60, 0xeb, 0x20, 0xeb, 0xe1, 0xd2, 0xa0, 0xa2,
    0xa1, 0x6a, 0xe0, 0x42, 0x20, 0x3b, 0x41, 0x43, 0x21, 0x43, 0x00, 0x3b,
    0x01, 0x3b, 0x01, 0x3b, 0xe0, 0x3a, 0xe1, 0x3a, 0xe1, 0x3a, 0xe1, 0x3a,
    0xe1, 0x32, 0xe1, 0x3a, 0xe0, 0x3a, 0x01, 0x3b, 0x01, 0x3b, 0x00, 0x3b,
    0xe1, 0x3a, 0xe0, 0x3a, 0xe0, 0x3a, 0xe1, 0x32, 0xe1, 0x3a, 0xe1, 0x3a,
    0xe1, 0x3a, 0xe1, 0x3a, 0xe1, 0x3a, 0xe0, 0x3a, 0xe1, 0x4a, 0xa0, 0xcb,
    0x80, 0xf4, 0xa0, 0xfc, 0xa0, 0xfc, 0x80, 0xfc, 0x60, 0xf4, 0x20, 0xf4,
    0xc0, 0xf3, 0x40, 0xf4, 0xe0, 0xfc, 0x20, 0xfd, 0x40, 0xfd, 0x20, 0xfd,
    0x00, 0xfd, 0xc0, 0xfc, 0x80, 0xf4, 0x40, 0xf4, 0x00, 0xf4, 0xc0, 0xf3,
    0x80, 0xf3, 0xe0, 0xf3, 0x60, 0xfc, 0xc0, 0xfc, 0xe0, 0xfc, 0xc0, 0xfc,
    0xc0, 0xfc, 0xa0, 0xfc, 0x80, 0xfc, 0x40, 0xf4, 0x00, 0xf4, 0xc0, 0xf3,
    0x80, 0xeb, 0x40, 0xeb, 0x20, 0xeb, 0x00, 0xe3, 0xe0, 0xe2, 0xc0, 0xe2,
    0xc0, 0xda, 0xa0, 0xda, 0x80, 0xda, 0x80, 0x8a, 0xc1, 0x32, 0xe1, 0x3a,
    0xe1, 0x32, 0xe1, 0x3a, 0xe1, 0x3a, 0xe1, 0x32, 0xe0, 0x3a, 0x01, 0x3b,
    0x01, 0x3b, 0x00, 0x3b, 0x01, 0x3b, 0x01, 0x3b, 0x21, 0x3b, 0x21, 0x43,
    0x40, 0x43, 0x41, 0x4b, 0x60, 0x4b, 0x80, 0x53, 0x80, 0x53, 0xa1, 0x53,
    0xa0, 0x5b, 0xa1, 0x5b, 0xa0, 0x5b, 0xa0, 0x53, 0x80, 0x53, 0xa0, 0x53,
    0xa0, 0x53, 0xa1, 0x53, 0xa0, 0x5b, 0xc0, 0x5b, 0xc1, 0x5b, 0xc0, 0x5b,
    0xc0, 0x5b, 0xc1, 0x5b, 0xa0, 0x5b, 0xa0, 0x5b, 0xa0, 0x5b, 0xa1, 0x5b,
    0xc0, 0x5b, 0xa0, 0x5b, 0xa1, 0x5b, 0xa0, 0x5b, 0xc0, 0x63, 0xc0, 0x5b,
    0x61, 0x4b, 0x01, 0x3b, 0x20, 0x3b, 0x01, 0x53, 0x63, 0x82, 0x43, 0x82,
    0x43, 0x82, 0x43, 0x82, 0x43, 0x82, 0x43, 0x8a, 0x43, 0x82, 0x43, 0x8a,
    0x61, 0x3b, 0x80, 0x43, 0x80, 0x3b, 0x81, 0x3b, 0x60, 0x43, 0x60, 0x43,
    0xe0, 0x6b, 0x40, 0x7c, 0x60, 0x7c, 0x60, 0x84, 0x61, 0x84, 0x61, 0x84,
    0x61, 0x84, 0x61, 0x84, 0x60, 0x84, 0x60, 0x84, 0x61, 0x84, 0x61, 0x7c,
    0x40, 0x7c, 0x41, 0x84, 0x61, 0x94, 0x61, 0x94, 0x61, 0x94, 0x61, 0x94,
    0x61, 0x8c, 0x61, 0x8c, 0x40, 0x84, 0x40, 0x7c, 0x40, 0x7c, 0x40, 0x7c,
    0x61, 0x7c, 0x41, 0x84, 0x41, 0x84, 0x61, 0x84, 0x60, 0x84, 0x40, 0x7c,
    0x41, 0x7c, 0x61, 0x84, 0x60, 0x84, 0x60, 0x7c, 0x60, 0x84, 0x60, 0x7c,
    0x60, 0x7c, 0x61, 0x7c, 0x60, 0x84, 0x60, 0x84, 0x60, 0x7c, 0x61, 0x84,
    0x60, 0x84, 0x60, 0x84, 0x61, 0x84, 0x80, 0x84, 0x60, 0x84, 0x61, 0x7c,
    0x61, 0x84, 0x60, 0x7c, 0x60, 0x84, 0x80, 0x7c, 0x60, 0x7c, 0x80, 0x84,
    0x80, 0x84, 0x81, 0x84, 0x60, 0x7c, 0x60, 0x7c, 0x61, 0x7c, 0x60, 0x7c,
    0x40, 0x7c, 0x41, 0x7c, 0x40, 0x74, 0x60, 0x7c, 0x60, 0x7c, 0x60, 0x7c,
    0x61, 0x7c, 0x40, 0x7c, 0x60, 0x7c, 0x40, 0x7c, 0x60, 0x84, 0x60, 0x84,
    0x60, 0x84, 0x61, 0x7c, 0x60, 0x84, 0x60, 0x7c, 0x60, 0x7c, 0x60, 0x7c,
    0x60, 0x84, 0x60, 0x84, 0x61, 0x7c, 0x60, 0x7c, 0x60, 0x7c, 0x60, 0x7c,
    0x60, 0x7c, 0x40, 0x74, 0x40, 0x74, 0x00, 0x6c, 0xe0, 0x6b, 0xc0, 0x5b,
    0x80, 0x53, 0x80, 0x4b, 0x40, 0x4b, 0x41, 0x43, 0x20, 0x43, 0x20, 0x43,
    0x21, 0x43, 0xe1, 0x52, 0xc0, 0x82, 0xe0, 0xba, 0x01, 0xcb, 0x00, 0xcb,
    0xc1, 0xba, 0xc0, 0x9a, 0xc0, 0x72, 0x01, 0x53, 0x20, 0x43, 0x41, 0x43,
    0x41, 0x43, 0x60, 0x4b, 0x81, 0x4b, 0xa0, 0x53, 0x80, 0x53, 0x80, 0x4b,
    0x41, 0x43, 0x20, 0x3b, 0x20, 0x3b, 0x21, 0x43, 0x21, 0x43, 0x40, 0x43,
    0x21, 0x43, 0x01, 0x3b, 0x00, 0x33, 0x01, 0x3b, 0x00, 0x3b, 0x01, 0x3b,
    0x01, 0x3b, 0x01, 0x3b, 0xe1, 0x3a, 0xe1, 0x3a, 0x00, 0x3b, 0x00, 0x3b,
    0x01, 0x3b, 0x01, 0x3b, 0xe0, 0x3a, 0x01, 0x3b, 0x01, 0x73, 0x20, 0xf4,
    0x80, 0xfc, 0x80, 0xf4, 0x60, 0xf4, 0x40, 0xfc, 0x20, 0xf4, 0xe0, 0xf3,
    0xc0, 0xf3, 0xa0, 0xfc, 0x00, 0xfd, 0x20, 0xfd, 0x20, 0xfd, 0x00, 0xfd,
    0xe0, 0xfc, 0xa0, 0xfc, 0x60, 0xfc, 0x20, 0xf4, 0x00, 0xf4, 0x80, 0xeb,
    0xc0, 0xf3, 0x80, 0xfc, 0xc0, 0xfc, 0xe0, 0xfc, 0xe0, 0xfc, 0xe0, 0xfc,
    0xc0, 0xfc, 0xa0, 0xfc, 0x80, 0xf4, 0x40, 0xfc, 0xe0, 0xf3, 0xa0, 0xf3,
    0x60, 0xeb, 0x40, 0xeb, 0x20, 0xeb, 0x00, 0xe3, 0xc0, 0xe2, 0xc0, 0xda,
    0xc0, 0xda, 0xa1, 0xe2, 0x80, 0xaa, 0xe1, 0x3a, 0xe0, 0x32, 0xe0, 0x32,
    0xe1, 0x3a, 0x01, 0x3b, 0xe0, 0x3a, 0x01, 0x3b, 0x01, 0x3b, 0x01, 0x3b,
    0x01, 0x3b, 0x01, 0x3b, 0x01, 0x3b, 0x21, 0x43, 0x20, 0x43, 0x60, 0x4b,
    0x61, 0x4b, 0x80, 0x4b, 0x80, 0x53, 0xa1, 0x53, 0xa1, 0x53, 0xa0, 0x5b,
    0xa0, 0x5b, 0xa0, 0x5b, 0xa0, 0x5b, 0xa0, 0x5b, 0xa0, 0x5b, 0xa0, 0x5b,
    0xa1, 0x5b, 0xa0, 0x5b, 0xc1, 0x5b, 0xc0, 0x5b, 0xc0, 0x5b, 0xc0, 0x5b,
    0xc1, 0x5b, 0xc0, 0x5b, 0xc0, 0x5b, 0xc1, 0x5b, 0xc0, 0x5b, 0xa0, 0x5b,
    0xa0, 0x5b, 0xc1, 0x5b, 0xc1, 0x5b, 0xa0, 0x5b, 0xc1, 0x5b, 0xc0, 0x63,
    0x41, 0x4b, 0x01, 0x3b, 0x01, 0x3b, 0x82, 0x6a, 0x43, 0x82, 0x43, 0x82,
    0x43, 0x82, 0x43, 0x82, 0x43, 0x82, 0x43, 0x82, 0x43, 0x82, 0x43, 0x82,
    0x80, 0x3b, 0x80, 0x3b, 0x80, 0x3b, 0x60, 0x3b, 0x60, 0x43, 0xe1, 0x6b,
    0x41, 0x7c, 0x40, 0x7c, 0x60, 0x7c, 0x61, 0x7c, 0x61, 0x84, 0x61, 0x8c,
    0x61, 0x8c, 0x61, 0x8c, 0x41, 0x84, 0x60, 0x84, 0x60, 0x84, 0x60, 0x8c,
    0x60, 0x84, 0x41, 0x84, 0x41, 0x8c, 0x61, 0x94, 0x61, 0x94, 0x61, 0x94,
    0x41, 0x94, 0x41, 0x8c, 0x41, 0x8c, 0x61, 0x94, 0x61, 0x9c, 0x61, 0x9c,
    0x81, 0x9c, 0x81, 0x9c, 0x61, 0x9c, 0x62, 0x9c, 0x61, 0x94, 0x61, 0x8c,
    0x61, 0x84, 0x60, 0x84, 0x60, 0x84, 0x61, 0x84, 0x60, 0x84, 0x60, 0x84,
    0x60, 0x84, 0x60, 0x84, 0x60, 0x84, 0x60, 0x84, 0x60, 0x84, 0x60, 0x84,
    0x61, 0x84, 0x60, 0x84, 0x60, 0x84, 0x60, 0x84, 0x60, 0x84, 0x60, 0x84,
    0x60, 0x7c, 0x80, 0x84, 0x81, 0x84, 0x60, 0x84, 0x80, 0x84, 0x80, 0x84,
    0x80, 0x84, 0x60, 0x84, 0x60, 0x84, 0x80, 0x84, 0x60, 0x84, 0x60, 0x7c,
    0x60, 0x7c, 0x40, 0x7c, 0x60, 0x7c, 0x40, 0x7c, 0x60, 0x7c, 0x60, 0x7c,
    0x60, 0x84, 0x60, 0x7c, 0x60, 0x7c, 0x61, 0x84, 0x60, 0x84, 0x60, 0x7c,
    0x60, 0x84, 0x60, 0x84, 0x61, 0x84, 0x60, 0x84, 0x60, 0x84, 0x60, 0x84,
    0x60, 0x7c, 0x60, 0x7c, 0x60, 0x84, 0x60, 0x7c, 0x60, 0x7c, 0x61, 0x7c,
    0x60, 0x7c, 0x60, 0x7c, 0x61, 0x7c, 0x60, 0x74, 0x40, 0x7c, 0x40, 0x74,
    0x20, 0x74, 0x21, 0x74, 0x00, 0x6c, 0xc1, 0x5b, 0x80, 0x53, 0x60, 0x4b,
    0x60, 0x4b, 0x41, 0x43, 0x41, 0x3b, 0x41, 0x3b, 0x41, 0x3b, 0x41, 0x3b,
    0x60, 0x3b, 0x81, 0x43, 0xa0, 0x4b, 0xc0, 0x53, 0xc0, 0x5b, 0xa0, 0x53,
    0xc0, 0x5b, 0xc0, 0x5b, 0xe0, 0x5b, 0x21, 0x6c, 0x20, 0x6c, 0xe0, 0x63,
    0xa0, 0x53, 0x80, 0x4b, 0x80, 0x53, 0x80, 0x53, 0xa0, 0x53, 0xc0, 0x5b,
    0xc0, 0x5b, 0xa0, 0x53, 0x41, 0x43, 0x21, 0x43, 0x20, 0x43, 0x21, 0x3b,
    0x01, 0x3b, 0x20, 0x3b, 0x20, 0x43, 0x40, 0x43, 0x21, 0x3b, 0x20, 0x3b,
    0x20, 0x3b, 0x21, 0x43, 0x21, 0x3b, 0x00, 0x3b, 0x40, 0xab, 0x20, 0xfc,
    0x60, 0xf4, 0x40, 0xf4, 0x20, 0xf4, 0x00, 0xf4, 0xc0, 0xf3, 0x80, 0xeb,
    0x00, 0xf4, 0xe0, 0xfc, 0x00, 0xfd, 0x00, 0xfd, 0x00, 0xfd, 0x00, 0xfd,
    0xc0, 0xfc, 0x60, 0xfc, 0x40, 0xf4, 0x00, 0xf4, 0xc0, 0xf3, 0x80, 0xeb,
    0x20, 0xf4, 0xa0, 0xfc, 0xe0, 0xfc, 0xe0, 0xfc, 0xe0, 0xfc, 0xe0, 0xfc,
    0xa0, 0xfc, 0x80, 0xf4, 0x40, 0xf4, 0x00, 0xf4, 0xe0, 0xf3, 0xa0, 0xf3,
    0x60, 0xeb, 0x40, 0xeb, 0x20, 0xeb, 0xe1, 0xe2, 0xc0, 0xe2, 0xa0, 0xe2,
    0x80, 0xd2, 0x81, 0x8a, 0xe1, 0x3a, 0xe1, 0x3a, 0xe1, 0x3a, 0x00, 0x3b,
    0x00, 0x33, 0x01, 0x3b, 0xe0, 0x3a, 0x01, 0x3b, 0x01, 0x3b, 0x00, 0x3b,
    0x00, 0x3b, 0x00, 0x3b, 0x21, 0x3b, 0x40, 0x43, 0x80, 0x53, 0xa0, 0x53,
    0xa1, 0x53, 0xa0, 0x5b, 0xa0, 0x5b, 0xa1, 0x53, 0xa0, 0x5b, 0xa0, 0x5b,
    0xa1, 0x5b, 0xc0, 0x5b, 0xc1, 0x5b, 0xc1, 0x5b, 0xc0, 0x5b, 0xa0, 0x5b,
    0xa0, 0x5b, 0xc0, 0x5b, 0xa1, 0x5b, 0xc0, 0x5b, 0xc0, 0x5b, 0xc1, 0x5b,
    0xa0, 0x5b, 0xc0, 0x5b, 0xc1, 0x5b, 0xa0, 0x5b, 0xc0, 0x5b, 0xc0, 0x5b,
    0xc1, 0x5b, 0xc0, 0x5b, 0xc0, 0x5b, 0xc0, 0x5b, 0xc0, 0x63, 0xc1, 0x5b,
    0x60, 0x43, 0x01, 0x3b, 0xe1, 0x4a, 0x43, 0x7a, 0x43, 0x82, 0x43, 0x82,
    0x43, 0x82, 0x43, 0x82, 0x43, 0x82, 0x43, 0x82, 0x43, 0x82, 0x43, 0x82,
    0x60, 0x3b, 0x80, 0x3b, 0x61, 0x3b, 0x60, 0x43, 0x20, 0x6c, 0x40, 0x74,
    0x40, 0x7c, 0x40, 0x74, 0x40, 0x7c, 0x40, 0x7c, 0x40, 0x7c, 0x61, 0x84,
    0x61, 0x8c, 0x61, 0x8c, 0x41, 0x8c, 0x61, 0x8c, 0x41, 0x8c, 0x40, 0x8c,
    0x61, 0x8c, 0x41, 0x84, 0x41, 0x8c, 0x61, 0x94, 0x62, 0x94, 0x42, 0x94,
    0x62, 0x94, 0x42, 0x9c, 0x62, 0x9c, 0x62, 0x9c, 0x62, 0x9c, 0x62, 0x9c,
    0x62, 0x9c, 0x62, 0xa4, 0x62, 0x9c, 0x62, 0x9c, 0x62, 0x9c, 0x62, 0x9c,
    0x61, 0x94, 0x40, 0x8c, 0x60, 0x94, 0x61, 0x94, 0x61, 0x8c, 0x60, 0x8c,
    0x80, 0x8c, 0x60, 0x8c, 0x60, 0x8c, 0x61, 0x8c, 0x60, 0x8c, 0x60, 0x84,
    0x60, 0x84, 0x60, 0x84, 0x60, 0x84, 0x60, 0x84, 0x61, 0x84, 0x60, 0x84,
    0x60, 0x84, 0x60, 0x84, 0x80, 0x84, 0x60, 0x84, 0x60, 0x84, 0x81, 0x84,
    0x60, 0x84, 0x60, 0x84, 0x61, 0x84, 0x60, 0x84, 0x60, 0x84, 0x60, 0x84,
    0x81, 0x84, 0x60, 0x84, 0x60, 0x84, 0x61, 0x84, 0x60, 0x84, 0x60, 0x84,
    0x60, 0x84, 0x61, 0x84, 0x40, 0x7c, 0x40, 0x84, 0x41, 0x84, 0x40, 0x7c,
    0x60, 0x84, 0x40, 0x84, 0x40, 0x84, 0x61, 0x84, 0x60, 0x84, 0x60, 0x84,
    0x61, 0x84, 0x60, 0x84, 0x60, 0x84, 0x60, 0x7c, 0x60, 0x84, 0x60, 0x7c,
    0x60, 0x7c, 0x60, 0x7c, 0x60, 0x7c, 0x60, 0x7c, 0x61, 0x7c, 0x60, 0x7c,
    0x60, 0x84, 0x60, 0x7c, 0x60, 0x7c, 0x60, 0x7c, 0x41, 0x74, 0x20, 0x74,
    0x00, 0x64, 0x60, 0x4b, 0x60, 0x4b, 0x80, 0x4b, 0xa0, 0x53, 0xc0, 0x5b,
    0xe0, 0x63, 0x01, 0x64, 0x00, 0x6c, 0x00, 0x64, 0x00, 0x6c, 0x20, 0x6c,
    0x20, 0x6c, 0x20, 0x6c, 0x20, 0x6c, 0x20, 0x6c, 0x20, 0x74, 0x21, 0x6c,
    0x20, 0x6c, 0x00, 0x6c, 0xe1, 0x63, 0xe0, 0x63, 0xe0, 0x63, 0xe0, 0x5b,
    0xe0, 0x5b, 0xc0, 0x5b, 0xc0, 0x5b, 0xc0, 0x5b, 0xc0, 0x5b, 0x80, 0x53,
    0x80, 0x53, 0x80, 0x53, 0x80, 0x53, 0x81, 0x4b, 0x60, 0x4b, 0x40, 0x4b,
    0x61, 0x4b, 0x80, 0x53, 0x60, 0x4b, 0x21, 0x43, 0x20, 0xb3, 0xe0, 0xf3,
    0x00, 0xf4, 0xe0, 0xf3, 0xa0, 0xf3, 0x80, 0xeb, 0x40, 0xeb, 0x00, 0xe3,
    0x00, 0xf4, 0xa0, 0xfc, 0xc0, 0xfc, 0xc0, 0xfc, 0xc0, 0xfc, 0xa0, 0xfc,
    0x60, 0xfc, 0x40, 0xf4, 0x00, 0xf4, 0xc0, 0xf3, 0x60, 0xeb, 0xa0, 0xf3,
    0x40, 0xfc, 0xa0, 0xfc, 0xc0, 0xfc, 0xc0, 0xfc, 0xa0, 0xfc, 0xa0, 0xfc,
    0x60, 0xf4, 0x40, 0xf4, 0x00, 0xfc, 0xc0, 0xf3, 0xa0, 0xf3, 0x80, 0xeb,
    0x40, 0xeb, 0x20, 0xeb, 0x00, 0xe3, 0xc0, 0xe2, 0xa0, 0xe2, 0x81, 0xa2,
    0xc1, 0x4a, 0xe1, 0x32, 0xe1, 0x3a, 0x00, 0x33, 0x01, 0x3b, 0x01, 0x3b,
    0xe1, 0x3a, 0x01, 0x3b, 0x01, 0x3b, 0x00, 0x3b, 0x01, 0x3b, 0x00, 0x3b,
    0x21, 0x3b, 0x21, 0x43, 0x40, 0x43, 0x81, 0x53, 0xa0, 0x53, 0xc0, 0x5b,
    0xc1, 0x5b, 0xc0, 0x5b, 0xc0, 0x5b, 0xc0, 0x5b, 0xc0, 0x5b, 0xc0, 0x5b,
    0xc0, 0x5b, 0xe0, 0x5b, 0xe1, 0x63, 0xe0, 0x63, 0xe0, 0x63, 0xe1, 0x5b,
    0xc1, 0x5b, 0xc0, 0x5b, 0xc0, 0x5b, 0xc1, 0x5b, 0xc0, 0x5b, 0xc0, 0x5b,
    0xa1, 0x5b, 0x80, 0x53, 0x80, 0x4b, 0x81, 0x53, 0xa0, 0x5b, 0xc1, 0x5b,
    0xc0, 0x5b, 0xc0, 0x63, 0xa1, 0x53, 0x81, 0x53, 0x60, 0x53, 0xa1, 0x5b,
    0x60, 0x43, 0x20, 0x3b, 0x82, 0x62, 0x43, 0x82, 0x43, 0x82, 0x43, 0x82,
    0x43, 0x82, 0x43, 0x82, 0x43, 0x82, 0x23, 0x82, 0x23, 0x82, 0x43, 0x82,
    0x80, 0x43, 0x60, 0x3b, 0x81, 0x4b, 0x00, 0x74, 0x40, 0x74, 0x40, 0x74,
    0x41, 0x7c, 0x40, 0x74, 0x40, 0x7c, 0x40, 0x7c, 0x40, 0x7c, 0x40, 0x84,
    0x41, 0x8c, 0x41, 0x8c, 0x60, 0x8c, 0x60, 0x8c, 0x40, 0x8c, 0x61, 0x84,
    0x60, 0x8c, 0x40, 0x8c, 0x40, 0x8c, 0x41, 0x8c, 0x61, 0x94, 0x42, 0x94,
    0x42, 0x9c, 0x62, 0x9c, 0x62, 0x9c, 0x62, 0x9c, 0x62, 0x9c, 0x62, 0x9c,
    0x62, 0xa4, 0x62, 0x9c, 0x42, 0x9c, 0x61, 0xa4, 0x82, 0xa4, 0x61, 0xa4,
    0x61, 0x9c, 0x61, 0x9c, 0x41, 0x94, 0x61, 0x94, 0x60, 0x94, 0x60, 0x8c,
    0x60, 0x8c, 0x60, 0x8c, 0x61, 0x8c, 0x60, 0x8c, 0x60, 0x8c, 0x61, 0x8c,
    0x60, 0x84, 0x60, 0x84, 0x61, 0x84, 0x60, 0x84, 0x60, 0x84, 0x60, 0x84,
    0x80, 0x84, 0x60, 0x84, 0x60, 0x84, 0x60, 0x84, 0x60, 0x84, 0x60, 0x84,
    0x61, 0x84, 0x60, 0x84, 0x60, 0x84, 0x61, 0x84, 0x60, 0x84, 0x60, 0x84,
    0x60, 0x84, 0x60, 0x8c, 0x60, 0x84, 0x60, 0x8c, 0x60, 0x84, 0x60, 0x84,
    0x61, 0x8c, 0x60, 0x84, 0x60, 0x84, 0x60, 0x84, 0x60, 0x84, 0x60, 0x84,
    0x61, 0x84, 0x60, 0x84, 0x60, 0x7c, 0x61, 0x84, 0x60, 0x84, 0x60, 0x84,
    0x60, 0x7c, 0x60, 0x84, 0x60, 0x7c, 0x61, 0x84, 0x60, 0x84, 0x60, 0x84,
    0x60, 0x84, 0x60, 0x84, 0x60, 0x84, 0x60, 0x7c, 0x40, 0x84, 0x60, 0x84,
    0x60, 0x84, 0x60, 0x7c, 0x60, 0x7c, 0x60, 0x84, 0x60, 0x7c, 0x60, 0x7c,
    0x40, 0x7c, 0x40, 0x7c, 0x00, 0x74, 0x20, 0x74, 0x20, 0x7c, 0x40, 0x7c,
    0x40, 0x7c, 0x40, 0x7c, 0x40, 0x7c, 0x40, 0x7c, 0x41, 0x7c, 0x40, 0x7c,
    0x40, 0x74, 0x40, 0x74, 0x40, 0x74, 0x61, 0x7c, 0x60, 0x7c, 0x60, 0x7c,
    0x60, 0x7c, 0x40, 0x7c, 0x20, 0x74, 0x20, 0x6c, 0x00, 0x6c, 0xe0, 0x63,
    0xe0, 0x63, 0xe0, 0x63, 0xe0, 0x63, 0x00, 0x6c, 0x00, 0x64, 0xe0, 0x63,
    0xe0, 0x63, 0xe1, 0x63, 0xe1, 0x63, 0xc0, 0x5b, 0xc0, 0x5b, 0xc0, 0x5b,
    0xc0, 0x5b, 0xa1, 0x5b, 0xa1, 0x53, 0x61, 0x4b, 0x00, 0x6b, 0x60, 0xdb,
    0x80, 0xf3, 0x80, 0xeb, 0x60, 0xeb, 0x00, 0xe3, 0xc0, 0xba, 0x00, 0x9b,
    0xe0, 0xeb, 0x60, 0xfc, 0x80, 0xfc, 0x80, 0xf4, 0x60, 0xf4, 0x40, 0xf4,
    0x20, 0xf4, 0xe0, 0xf3, 0xc0, 0xf3, 0x80, 0xeb, 0x20, 0xeb, 0xc0, 0xf3,
    0x40, 0xf4, 0x60, 0xf4, 0x80, 0xfc, 0x80, 0xf4, 0x60, 0xf4, 0x40, 0xf4,
    0x20, 0xf4, 0xe0, 0xf3, 0xc0, 0xf3, 0x80, 0xf3, 0x60, 0xeb, 0x40, 0xeb,
    0x00, 0xe3, 0xe0, 0xe2, 0xc0, 0xda, 0xa0, 0xb2, 0xa1, 0x5a, 0xe1, 0x32,
    0x00, 0x33, 0x01, 0x3b, 0x00, 0x3b, 0x01, 0x3b, 0x01, 0x3b, 0x00, 0x3b,
    0x00, 0x3b, 0x01, 0x3b, 0x00, 0x3b, 0x01, 0x3b, 0x01, 0x3b, 0x00, 0x3b,
    0x20, 0x43, 0x41, 0x43, 0x80, 0x53, 0xc0, 0x5b, 0xc1, 0x5b, 0xc0, 0x5b,
    0xc0, 0x5b, 0xc0, 0x5b, 0xc1, 0x5b, 0xc0, 0x5b, 0xc0, 0x5b, 0xc1, 0x5b,
    0xc0, 0x63, 0xe0, 0x5b, 0xe0, 0x63, 0xe0, 0x63, 0xc0, 0x63, 0xc0, 0x63,
    0xe0, 0x63, 0xc0, 0x5b, 0xc0, 0x5b, 0xe0, 0x63, 0xe0, 0x5b, 0xc0, 0x5b,
    0xa1, 0x53, 0x21, 0x3b, 0x21, 0x3b, 0x21, 0x3b, 0x41, 0x43, 0xc1, 0x5b,
    0xc1, 0x63, 0x60, 0x4b, 0x01, 0x3b, 0x01, 0x33, 0x00, 0x33, 0x21, 0x3b,
    0x21, 0x3b, 0xe1, 0x42, 0x43, 0x72, 0x43, 0x7a, 0x23, 0x7a, 0x23, 0x82,
    0x43, 0x82, 0x43, 0x82, 0x43, 0x82, 0x43, 0x82, 0x43, 0x82, 0x43, 0x82,
    0x80, 0x3b, 0x80, 0x53, 0x21, 0x74, 0x20, 0x74, 0x20, 0x74, 0x21, 0x74,
    0x20, 0x74, 0x21, 0x74, 0x20, 0x7c, 0x21, 0x7c, 0x21, 0x7c, 0x20, 0x7c,
    0x40, 0x84, 0x41, 0x8c, 0x61, 0x8c, 0x40, 0x84, 0x41, 0x84, 0x40, 0x7c,
    0x40, 0x84, 0x41, 0x8c, 0x61, 0x8c, 0x61, 0x94, 0x42, 0x94, 0x42, 0x94,
    0x42, 0x9c, 0x42, 0x9c, 0x41, 0x9c, 0x62, 0x9c, 0x62, 0x9c, 0x42, 0x9c,
    0x61, 0xa4, 0x62, 0xa4, 0x62, 0x9c, 0x62, 0xa4, 0x62, 0xa4, 0x62, 0xa4,
    0x82, 0xa4, 0x82, 0x9c, 0x61, 0x9c, 0x81, 0x9c, 0x61, 0x9c, 0x61, 0x94,
    0x61, 0x94, 0x61, 0x94, 0x61, 0x94, 0x81, 0x94, 0x61, 0x9c, 0x61, 0x94,
    0x60, 0x94, 0x61, 0x8c, 0x60, 0x8c, 0x60, 0x8c, 0x60, 0x8c, 0x61, 0x8c,
    0x60, 0x8c, 0x61, 0x8c, 0x60, 0x8c, 0x61, 0x84, 0x60, 0x84, 0x60, 0x84,
    0x60, 0x84, 0x60, 0x84, 0x61, 0x84, 0x60, 0x84, 0x60, 0x84, 0x60, 0x84,
    0x60, 0x84, 0x61, 0x8c, 0x60, 0x84, 0x60, 0x8c, 0x61, 0x8c, 0x60, 0x8c,
    0x60, 0x8c, 0x60, 0x8c, 0x60, 0x8c, 0x61, 0x8c, 0x60, 0x84, 0x60, 0x84,
    0x60, 0x84, 0x60, 0x84, 0x40, 0x7c, 0x40, 0x7c, 0x40, 0x7c, 0x61, 0x84,
    0x60, 0x7c, 0x60, 0x7c, 0x60, 0x84, 0x60, 0x84, 0x60, 0x84, 0x60, 0x84,
    0x61, 0x84, 0x60, 0x84, 0x61, 0x84, 0x60, 0x8c, 0x60, 0x8c, 0x60, 0x8c,
    0x60, 0x84, 0x60, 0x84, 0x40, 0x8c, 0x60, 0x8c, 0x60, 0x8c, 0x80, 0x8c,
    0x80, 0x84, 0x60, 0x84, 0x60, 0x84, 0x60, 0x84, 0x60, 0x8c, 0x60, 0x8c,
    0x60, 0x84, 0x60, 0x8c, 0x80, 0x8c, 0x60, 0x8c, 0x60, 0x8c, 0x60, 0x8c,
    0x60, 0x84, 0x40, 0x84, 0x40, 0x7c, 0x41, 0x84, 0x60, 0x84, 0x60, 0x84,
    0x80, 0x8c, 0x60, 0x84, 0x40, 0x84, 0x40, 0x84, 0x41, 0x8c, 0x40, 0x84,
    0x00, 0x74, 0xe1, 0x63, 0xe0, 0x6b, 0x00, 0x6c, 0x00, 0x6c, 0x00, 0x6c,
    0x00, 0x6c, 0xe1, 0x6b, 0xe0, 0x63, 0xe0, 0x63, 0xe0, 0x63, 0xe0, 0x63,
    0xc1, 0x63, 0xc0, 0x5b, 0xc0, 0x5b, 0xa1, 0x53, 0x81, 0x43, 0x41, 0x53,
    0x00, 0x8b, 0xc1, 0xa2, 0xc0, 0x8a, 0x01, 0x63, 0x41, 0x4b, 0x20, 0x5b,
    0x80, 0xdb, 0x00, 0xf4, 0x20, 0xf4, 0x20, 0xf4, 0x20, 0xf4, 0x00, 0xf4,
    0xc0, 0xf3, 0xa0, 0xf3, 0x80, 0xeb, 0x40, 0xeb, 0xe0, 0xe2, 0xa0, 0xeb,
    0x00, 0xf4, 0x00, 0xf4, 0x00, 0xf4, 0x00, 0xf4, 0x00, 0xf4, 0xe0, 0xf3,
    0xc0, 0xf3, 0xa0, 0xf3, 0x60, 0xeb, 0x40, 0xeb, 0x20, 0xe3, 0xe1, 0xe2,
    0xa1, 0xda, 0x60, 0xba, 0x81, 0x5a, 0xa1, 0x2a, 0xc1, 0x3a, 0x00, 0x3b,
    0x01, 0x3b, 0x00, 0x3b, 0x00, 0x3b, 0x01, 0x3b, 0x01, 0x3b, 0x00, 0x3b,
    0x21, 0x3b, 0x21, 0x3b, 0x00, 0x3b, 0x21, 0x3b, 0x21, 0x3b, 0x40, 0x43,
    0x61, 0x4b, 0x80, 0x4b, 0xa0, 0x53, 0xc0, 0x5b, 0xc1, 0x5b, 0xc0, 0x5b,
    0xc0, 0x5b, 0xc1, 0x5b, 0xc0, 0x63, 0xc0, 0x63, 0xc1, 0x5b, 0xc0, 0x63,
    0xc0, 0x63, 0xe1, 0x63, 0xc0, 0x63, 0xc1, 0x63, 0xe0, 0x5b, 0xc0, 0x63,
    0xe1, 0x63, 0xe0, 0x63, 0xe0, 0x63, 0xe1, 0x63, 0xe0, 0x63, 0xe0, 0x5b,
    0xa0, 0x53, 0x40, 0x43, 0x21, 0x3b, 0x20, 0x3b, 0x20, 0x3b, 0x60, 0x4b,
    0x61, 0x4b, 0x01, 0x3b, 0x20, 0x3b, 0x21, 0x33, 0x20, 0x3b, 0x01, 0x3b,
    0x20, 0x33, 0xc1, 0x4a, 0x23, 0x7a, 0x22, 0x7a, 0x23, 0x7a, 0x23, 0x7a,
    0x23, 0x82, 0x23, 0x82, 0x23, 0x82, 0x23, 0x82, 0x23, 0x82, 0x43, 0x82,
    0xc0, 0x53, 0x41, 0x7c, 0x60, 0x7c, 0x60, 0x7c, 0x81, 0x84, 0x60, 0x84,
    0x80, 0x84, 0x60, 0x84, 0x61, 0x84, 0x60, 0x84, 0x61, 0x84, 0x61, 0x84,
    0x61, 0x8c, 0x81, 0x8c, 0x81, 0x94, 0x81, 0x8c, 0x81, 0x8c, 0x60, 0x84,
    0x80, 0x8c, 0x81, 0x94, 0xa1, 0x9c, 0xa1, 0x9c, 0xa1, 0x9c, 0xa2, 0x9c,
    0xa2, 0xa4, 0x82, 0xa4, 0xa2, 0xa4, 0x82, 0xa4, 0x82, 0xa4, 0x82, 0xa4,
    0xa2, 0xac, 0xa2, 0xac, 0xa2, 0xa4, 0xa2, 0xac, 0xa2, 0xac, 0xa2, 0xac,
    0xa2, 0xac, 0xa2, 0xac, 0xa1, 0xa4, 0xa1, 0xa4, 0xc1, 0xa4, 0xa1, 0xa4,
    0xa1, 0xa4, 0xa0, 0xa4, 0xa0, 0xa4, 0xa1, 0xa4, 0xc1, 0xa4, 0xc1, 0xa4,
    0xa1, 0x9c, 0xa0, 0x9c, 0xa1, 0x94, 0xa1, 0x9c, 0xa1, 0x94, 0xa1, 0x9c,
    0xc1, 0x9c, 0xa0, 0x9c, 0xa1, 0x9c, 0xa1, 0x9c, 0xa0, 0xa4, 0xc1, 0x9c,
    0xa0, 0x94, 0xa0, 0x94, 0xa0, 0x94, 0xa0, 0x94, 0xa0, 0x94, 0xa1, 0x94,
    0xa0, 0x94, 0x80, 0x94, 0x80, 0x8c, 0x81, 0x94, 0xa0, 0x94, 0xa1, 0x9c,
    0xa0, 0x9c, 0xa1, 0x9c, 0xa0, 0x94, 0xa0, 0x94, 0xa1, 0x9c, 0xa1, 0x9c,
    0xc0, 0x94, 0x80, 0x94, 0xa1, 0x94, 0x80, 0x8c, 0x80, 0x8c, 0x80, 0x8c,
    0xa1, 0x8c, 0xa0, 0x94, 0xa0, 0x8c, 0xa0, 0x8c, 0xa0, 0x8c, 0xa0, 0x94,
    0xa0, 0x94, 0xa0, 0x94, 0xa0, 0x9c, 0xa0, 0x9c, 0xa0, 0x9c, 0xa0, 0x9c,
    0xa0, 0x94, 0xa0, 0x94, 0xa0, 0x9c, 0xa0, 0x9c, 0xc0, 0x9c, 0xc0, 0x9c,
    0xc0, 0x9c, 0xa0, 0x94, 0xa0, 0x94, 0xc0, 0x94, 0xc0, 0x94, 0xc1, 0x9c,
    0xa0, 0x9c, 0xc0, 0x9c, 0xc1, 0x9c, 0xa0, 0x9c, 0xa0, 0x9c, 0xc1, 0x9c,
    0xa1, 0x9c, 0xa0, 0x9c, 0xa0, 0x9c, 0xa0, 0x94, 0xa0, 0x94, 0xa0, 0x94,
    0xa1, 0x94, 0xa0, 0x94, 0xa0, 0x9c, 0xa0, 0x9c, 0xa0, 0x9c, 0x80, 0x9c,
    0x80, 0x94, 0x60, 0x94, 0x60, 0x8c, 0x60, 0x8c, 0x60, 0x8c, 0x60, 0x8c,
    0x40, 0x84, 0x60, 0x84, 0x60, 0x84, 0x40, 0x7c, 0x40, 0x74, 0x40, 0x74,
    0x40, 0x74, 0x20, 0x6c, 0x20, 0x64, 0x00, 0x64, 0xe0, 0x5b, 0x00, 0x54,
    0xe0, 0x53, 0xc0, 0x53, 0xe0, 0x53, 0xc1, 0x53, 0xa0, 0x53, 0x80, 0x4b,
    0x60, 0xb3, 0x00, 0xfc, 0x20, 0xfc, 0x00, 0xfc, 0xe0, 0xfb, 0xc0, 0xfb,
    0x81, 0xf3, 0x80, 0xf3, 0x40, 0xeb, 0x01, 0xeb, 0xe0, 0xe2, 0x60, 0xf3,
    0xe0, 0xfb, 0xe0, 0xfb, 0xe0, 0xfb, 0xc0, 0xfb, 0xc0, 0xfb, 0xc0, 0xfb,
    0xc0, 0xfb, 0x80, 0xf3, 0x60, 0xf3, 0x20, 0xeb, 0x00, 0xeb, 0xc0, 0xb2,
    0xa1, 0x5a, 0xe0, 0x32, 0x00, 0x33, 0x21, 0x3b, 0x41, 0x3b, 0x60, 0x43,
    0x60, 0x43, 0x61, 0x3b, 0x60, 0x3b, 0x60, 0x43, 0x80, 0x43, 0x80, 0x43,
    0x81, 0x43, 0x80, 0x43, 0x80, 0x4b, 0x80, 0x4b, 0xa0, 0x53, 0xe0, 0x5b,
    0xe1, 0x5b, 0x00, 0x64, 0x00, 0x64, 0x00, 0x64, 0x00, 0x64, 0x00, 0x64,
    0x00, 0x64, 0x00, 0x6c, 0x00, 0x6c, 0x20, 0x64, 0x00, 0x64, 0x00, 0x64,
    0x00, 0x64, 0x20, 0x64, 0x00, 0x64, 0xe1, 0x5b, 0x00, 0x5c, 0x00, 0x64,
    0x21, 0x64, 0x20, 0x64, 0x20, 0x6c, 0x20, 0x64, 0x20, 0x64, 0x01, 0x64,
    0xc0, 0x53, 0x60, 0x3b, 0x61, 0x3b, 0x80, 0x43, 0x80, 0x3b, 0xa0, 0x43,
    0x61, 0x3b, 0x61, 0x3b, 0x60, 0x33, 0x41, 0x3b, 0x40, 0x3b, 0x40, 0x3b,
    0x61, 0x33, 0xc2, 0x62, 0x43, 0x8a, 0x43, 0x82, 0x43, 0x82, 0x43, 0x82,
    0x43, 0x82, 0x43, 0x82, 0x43, 0x82, 0x43, 0x82, 0x63, 0x8a, 0x43, 0x8a,
    0x02, 0x32, 0x02, 0x32, 0x02, 0x3a, 0x02, 0x32, 0x02, 0x3a, 0x02, 0x3a,
    0x02, 0x3a, 0x02, 0x3a, 0x02, 0x3a, 0x02, 0x3a, 0x02, 0x3a, 0x02, 0x3a,
    0x02, 0x3a, 0x02, 0x42, 0x22, 0x42, 0x22, 0x3a, 0x22, 0x42, 0x02, 0x3a,
    0x02, 0x42, 0x22, 0x42, 0x03, 0x42, 0x22, 0x42, 0x22, 0x4a, 0x22, 0x4a,
    0x23, 0x4a, 0x02, 0x42, 0x22, 0x4a, 0x22, 0x42, 0x02, 0x4a, 0x02, 0x4a,
    0x23, 0x4a, 0x23, 0x4a, 0x22, 0x4a, 0x22, 0x4a, 0x23, 0x42, 0x23, 0x4a,
    0x22, 0x4a, 0x22, 0x4a, 0x23, 0x4a, 0x22, 0x4a, 0x22, 0x42, 0x22, 0x42,
    0x22, 0x42, 0x22, 0x4a, 0x22, 0x4a, 0x22, 0x42, 0x22, 0x42, 0x22, 0x4a,
    0x22, 0x42, 0x02, 0x42, 0x02, 0x42, 0x22, 0x42, 0x02, 0x42, 0x22, 0x42,
    0x22, 0x4a, 0x22, 0x4a, 0x02, 0x42, 0x22, 0x4a, 0x22, 0x4a, 0x02, 0x42,
    0x22, 0x42, 0x22, 0x42, 0x22, 0x4a, 0x22, 0x42, 0x22, 0x4a, 0x02, 0x42,
    0x22, 0x42, 0x22, 0x42, 0x02, 0x42, 0x22, 0x42, 0x22, 0x42, 0x22, 0x42,
    0x02, 0x4a, 0x02, 0x42, 0x22, 0x42, 0x22, 0x42, 0x22, 0x42, 0x22, 0x42,
    0x02, 0x42, 0xe2, 0x39, 0x02, 0x3a, 0x02, 0x42, 0x02, 0x42, 0x22, 0x42,
    0x02, 0x42, 0x22, 0x42, 0x02, 0x42, 0x22, 0x42, 0x22, 0x42, 0x22, 0x42,
    0x22, 0x42, 0x22, 0x42, 0x22, 0x42, 0x22, 0x42, 0x22, 0x42, 0x02, 0x42,
    0x02, 0x42, 0x22, 0x42, 0x22, 0x4a, 0x22, 0x4a, 0x22, 0x4a, 0x22, 0x4a,
    0x22, 0x4a, 0x22, 0x42, 0x22, 0x4a, 0x22, 0x4a, 0x22, 0x42, 0x22, 0x42,
    0x22, 0x4a, 0x22, 0x42, 0x22, 0x42, 0x22, 0x4a, 0x22, 0x4a, 0x22, 0x42,
    0x22, 0x4a, 0x22, 0x4a, 0x22, 0x4a, 0x22, 0x42, 0x22, 0x42, 0x22, 0x42,
    0x22, 0x42, 0x22, 0x4a, 0x22, 0x4a, 0x22, 0x42, 0x42, 0x4a, 0x22, 0x4a,
    0x22, 0x42, 0x42, 0x42, 0x42, 0x42, 0x22, 0x42, 0x22, 0x42, 0x22, 0x42,
    0x02, 0x42, 0x02, 0x42, 0x02, 0x3a, 0x02, 0x42, 0x02, 0x3a, 0x22, 0x3a,
    0x22, 0x3a, 0x02, 0x32, 0x02, 0x32, 0x02, 0x32, 0x02, 0x32, 0xe2, 0x29,
    0xe2, 0x29, 0xe2, 0x29, 0xe2, 0x31, 0xc2, 0x29, 0xa2, 0x21, 0xa2, 0x21,
    0x42, 0x31, 0xc2, 0x69, 0xe2, 0x79, 0x02, 0x7a, 0x02, 0x7a, 0xc2, 0x71,
    0xc2, 0x71, 0xa2, 0x71, 0x82, 0x69, 0x82, 0x69, 0x62, 0x61, 0x82, 0x69,
    0xe2, 0x79, 0x02, 0x7a, 0xe2, 0x79, 0xc2, 0x71, 0xc2, 0x71, 0xc2, 0x69,
    0xa2, 0x69, 0x82, 0x61, 0x82, 0x61, 0x62, 0x59, 0x41, 0x41, 0x62, 0x19,
    0x42, 0x19, 0x42, 0x19, 0x81, 0x21, 0xa1, 0x21, 0xa2, 0x21, 0x82, 0x21,
    0xa2, 0x21, 0xa2, 0x21, 0xa2, 0x21, 0xa2, 0x21, 0xa2, 0x21, 0xc2, 0x21,
    0xc2, 0x21, 0xc2, 0x29, 0xc2, 0x29, 0xe2, 0x29, 0xe2, 0x29, 0xe2, 0x31,
    0xe2, 0x31, 0xe2, 0x31, 0x02, 0x32, 0x02, 0x3a, 0xe2, 0x31, 0xe2, 0x31,
    0xe2, 0x31, 0xe2, 0x31, 0xe2, 0x31, 0xe2, 0x31, 0xe2, 0x31, 0xe2, 0x29,
    0xe2, 0x29, 0xe2, 0x31, 0xe2, 0x31, 0xe2, 0x29, 0xe2, 0x29, 0xe2, 0x29,
    0xe2, 0x29, 0xe2, 0x29, 0xe2, 0x31, 0x02, 0x32, 0xe2, 0x31, 0xe2, 0x29,
    0xa2, 0x21, 0x82, 0x21, 0xa2, 0x21, 0xa2, 0x21, 0xa2, 0x21, 0xc2, 0x21,
    0xa2, 0x19, 0xa2, 0x19, 0xa2, 0x21, 0x82, 0x19, 0xa2, 0x19, 0xa2, 0x21,
    0x82, 0x19, 0x42, 0x31, 0x43, 0x41, 0x23, 0x39, 0x42, 0x41, 0x23, 0x39,
    0x43, 0x39, 0x43, 0x39, 0x43, 0x39, 0x43, 0x39, 0x43, 0x39, 0x43, 0x39,
    0xc3, 0x10, 0xc3, 0x10, 0xc3, 0x10, 0xc3, 0x10, 0xc3, 0x10, 0xc3, 0x10,
    0xc3, 0x10, 0xe3, 0x10, 0xc3, 0x10, 0xc3, 0x10, 0xc3, 0x10, 0xc3, 0x10,
    0xe3, 0x10, 0xc3, 0x10, 0xc3, 0x10, 0xc3, 0x10, 0xc3, 0x10, 0xc3, 0x10,
    0xc3, 0x10, 0xc3, 0x10, 0xc3, 0x10, 0xc3, 0x10, 0xc3, 0x10, 0xe3, 0x10,
    0xc3, 0x10, 0xe3, 0x10, 0xc3, 0x10, 0xe3, 0x10, 0xc3, 0x10, 0xc3, 0x10,
    0xe3, 0x10, 0xc3, 0x10, 0xe3, 0x10, 0xe3, 0x18, 0xc3, 0x10, 0xe3, 0x10,
    0xe3, 0x10, 0xc3, 0x10, 0xc3, 0x10, 0xe3, 0x10, 0xc3, 0x10, 0xc3, 0x10,
    0xc3, 0x10, 0xc3, 0x10, 0xc3, 0x10, 0xc3, 0x10, 0xe3, 0x10, 0xc3, 0x10,
    0xc3, 0x18, 0xe3, 0x10, 0xe3, 0x10, 0xe3, 0x18, 0xc3, 0x10, 0xc3, 0x10,
    0xc3, 0x10, 0xc3, 0x10, 0xe3, 0x10, 0xc3, 0x10, 0xc3, 0x10, 0xc3, 0x10,
    0xc3, 0x10, 0xc3, 0x18, 0xc3, 0x10, 0xe3, 0x18, 0xc3, 0x10, 0xc3, 0x10,
    0xc3, 0x10, 0xc3, 0x10, 0xc3, 0x10, 0xe3, 0x10, 0xc3, 0x10, 0xc3, 0x10,
    0xe3, 0x10, 0xe3, 0x10, 0xc3, 0x10, 0xc3, 0x10, 0xc3, 0x10, 0xc3, 0x10,
    0xc3, 0x10, 0xc3, 0x10, 0xc3, 0x10, 0xc3, 0x10, 0xe3, 0x10, 0xe3, 0x10,
    0xc3, 0x10, 0xc3, 0x10, 0xe3, 0x10, 0xc3, 0x10, 0xc3, 0x10, 0xe3, 0x10,
    0xe3, 0x10, 0xe3, 0x10, 0xc3, 0x10, 0xe3, 0x10, 0xe3, 0x10, 0xe3, 0x10,
    0xe3, 0x10, 0xe3, 0x18, 0xe3, 0x10, 0xe3, 0x10, 0xe3, 0x10, 0xe3, 0x10,
    0xc3, 0x10, 0xe3, 0x10, 0xe3, 0x10, 0xe3, 0x10, 0xe3, 0x18, 0xe3, 0x10,
    0xe3, 0x10, 0xe3, 0x10, 0xe3, 0x10, 0xe3, 0x10, 0xc3, 0x10, 0xe3, 0x10,
    0xe3, 0x10, 0xe3, 0x10, 0xe3, 0x10, 0xe3, 0x10, 0xe3, 0x10, 0xe3, 0x10,
    0xe3, 0x18, 0xe3, 0x10, 0xe3, 0x10, 0xe3, 0x10, 0xe3, 0x10, 0xe3, 0x10,
    0xc3, 0x10, 0xc3, 0x10, 0xc3, 0x10, 0xc3, 0x10, 0xc3, 0x10, 0xc3, 0x10,
    0xc3, 0x10, 0xc3, 0x10, 0xc3, 0x10, 0xc3, 0x10, 0xe3, 0x10, 0xe3, 0x10,
    0xc3, 0x10, 0xc3, 0x10, 0xe3, 0x10, 0xc3, 0x10, 0xc2, 0x10, 0xc3, 0x10,
    0xc3, 0x10, 0xc2, 0x10, 0xc3, 0x10, 0xc3, 0x10, 0xc2, 0x10, 0xa3, 0x10,
    0xc2, 0x10, 0xa3, 0x10, 0xc3, 0x10, 0xa3, 0x10, 0xa2, 0x10, 0xa2, 0x10,
    0xa2, 0x10, 0xc3, 0x10, 0xc3, 0x10, 0xa2, 0x10, 0xa2, 0x10, 0xa2, 0x10,
    0xa2, 0x10, 0xa2, 0x10, 0xa2, 0x10, 0xa2, 0x10, 0xa2, 0x10, 0xa2, 0x10,
    0xa2, 0x10, 0xa2, 0x10, 0xc3, 0x10, 0xc3, 0x10, 0xa2, 0x10, 0xc2, 0x10,
    0xa2, 0x10, 0xa2, 0x10, 0xa3, 0x10, 0xa2, 0x10, 0xc2, 0x10, 0xc2, 0x10,
    0xc2, 0x10, 0xc2, 0x10, 0xc3, 0x10, 0xa2, 0x10, 0xa2, 0x10, 0xc3, 0x10,
    0xc2, 0x10, 0xc3, 0x10, 0xc3, 0x10, 0xc3, 0x10, 0xc3, 0x10, 0xc3, 0x10,
    0xc3, 0x10, 0xc3, 0x10, 0xc3, 0x10, 0xc3, 0x10, 0xc3, 0x10, 0xc2, 0x10,
    0xa3, 0x10, 0xc3, 0x10, 0xa3, 0x10, 0xc2, 0x10, 0xa3, 0x10, 0xa3, 0x10,
    0xc2, 0x10, 0xa3, 0x10, 0xa3, 0x10, 0xa2, 0x10, 0xc2, 0x10, 0xa3, 0x10,
    0xa2, 0x10, 0xc3, 0x10, 0xc3, 0x10, 0xa2, 0x10, 0xc3, 0x10, 0xc3, 0x10,
    0xc2, 0x10, 0xc3, 0x10, 0xa3, 0x10, 0xa3, 0x10, 0xc3, 0x10, 0xa3, 0x10,
    0xa2, 0x10, 0xc2, 0x10, 0xa2, 0x10, 0xc3, 0x10, 0xa3, 0x10, 0xa3, 0x10,
    0xa2, 0x10, 0xc2, 0x10, 0xc3, 0x10, 0xc2, 0x10, 0xc2, 0x10, 0xa2, 0x10,
    0xa2, 0x10, 0xa2, 0x10, 0xa2, 0x10, 0xc2, 0x10, 0xa2, 0x10, 0xa3, 0x10
};
