// 4.25.0 0xa3ed883c D2 R0 FRGB565 U565 N0 SExtFlashSection
// Generated by imageconverter. Please, do not edit!

#include <touchgfx/hal/Config.hpp>

LOCATION_PRAGMA("ExtFlashSection")
KEEP extern const unsigned char image_intro[] LOCATION_ATTRIBUTE("ExtFlashSection") = { // 240x320 RGB565 pixels.
    0x7a, 0x2d, 0x7b, 0x2d, 0x7a, 0x2d, 0x7a, 0x2d, 0x7a, 0x2d, 0x7a, 0x2d,
    0x7b, 0x2d, 0x7a, 0x2d, 0x7a, 0x2d, 0x7a, 0x2d, 0x7a, 0x2d, 0x7a, 0x2d,
    0x7b, 0x2d, 0x7a, 0x2d, 0x7a, 0x2d, 0x7b, 0x2d, 0x7a, 0x2d, 0x7a, 0x2d,
    0x5a, 0x2d, 0x7a, 0x25, 0x7a, 0x2d, 0x5a, 0x2d, 0x7a, 0x25, 0x7a, 0x2d,
    0x7a, 0x2d, 0x7a, 0x25, 0x7b, 0x25, 0x7a, 0x2d, 0x7a, 0x25, 0x7a, 0x2d,
    0x7a, 0x25, 0x7a, 0x25, 0x7a, 0x2d, 0x7a, 0x25, 0x7a, 0x25, 0x7a, 0x2d,
    0x7a, 0x25, 0x7a, 0x25, 0x5a, 0x25, 0x7b, 0x2d, 0x7a, 0x25, 0x7a, 0x25,
    0x7a, 0x25, 0x7b, 0x2d, 0x7a, 0x25, 0x7a, 0x25, 0x7a, 0x25, 0x7a, 0x25,
    0x7a, 0x25, 0x5a, 0x25, 0x7a, 0x25, 0x7a, 0x2d, 0x7a, 0x25, 0x7a, 0x25,
    0x7a, 0x25, 0x7a, 0x25, 0x7a, 0x25, 0x7b, 0x2d, 0x7a, 0x25, 0x7a, 0x25,
    0x7b, 0x2d, 0x5a, 0x25, 0x7a, 0x25, 0x7b, 0x2d, 0x7a, 0x25, 0x7a, 0x25,
    0x7b, 0x25, 0x7a, 0x25, 0x7a, 0x2d, 0x7a, 0x25, 0x7a, 0x25, 0x7a, 0x2d,
    0x7a, 0x25, 0x7b, 0x25, 0x7a, 0x2d, 0x5a, 0x25, 0x7a, 0x25, 0x7a, 0x25,
    0x7a, 0x25, 0x7a, 0x25, 0x7a, 0x25, 0x7b, 0x25, 0x7a, 0x25, 0x5a, 0x25,
    0x7a, 0x25, 0x7a, 0x25, 0x7a, 0x25, 0x7b, 0x25, 0x7a, 0x25, 0x7a, 0x25,
    0x5a, 0x25, 0x7a, 0x25, 0x7b, 0x25, 0x7a, 0x25, 0x5a, 0x25, 0x7a, 0x25,
    0x5a, 0x25, 0x5a, 0x25, 0x7b, 0x25, 0x7a, 0x25, 0x7a, 0x25, 0x7b, 0x25,
    0x7a, 0x25, 0x7a, 0x25, 0x5b, 0x25, 0x7a, 0x25, 0x7a, 0x25, 0x7b, 0x25,
    0x7b, 0x25, 0x5a, 0x25, 0x7a, 0x25, 0x7b, 0x25, 0x7a, 0x25, 0x7a, 0x25,
    0x7b, 0x25, 0x7a, 0x25, 0x5a, 0x25, 0x5b, 0x25, 0x7b, 0x25, 0x7a, 0x25,
    0x5a, 0x25, 0x5a, 0x25, 0x7b, 0x25, 0x7a, 0x25, 0x7a, 0x25, 0x7a, 0x25,
    0x7b, 0x25, 0x7b, 0x25, 0x7a, 0x25, 0x7a, 0x25, 0x7b, 0x25, 0x7a, 0x25,
    0x7a, 0x25, 0x7b, 0x25, 0x7a, 0x25, 0x7a, 0x25, 0x7b, 0x25, 0x7a, 0x25,
    0x7a, 0x25, 0x7a, 0x25, 0x7a, 0x25, 0x5a, 0x25, 0x7a, 0x25, 0x7b, 0x25,
    0x7a, 0x25, 0x7a, 0x25, 0x7b, 0x25, 0x7a, 0x25, 0x7a, 0x25, 0x7b, 0x25,
    0x7b, 0x25, 0x7a, 0x25, 0x7a, 0x25, 0x7a, 0x25, 0x7a, 0x25, 0x7b, 0x25,
    0x7a, 0x25, 0x7a, 0x25, 0x7b, 0x25, 0x7a, 0x25, 0x7a, 0x25, 0x7a, 0x25,
    0x7a, 0x25, 0x7a, 0x25, 0x7b, 0x25, 0x7a, 0x25, 0x7a, 0x25, 0x5a, 0x25,
    0x7a, 0x25, 0x7b, 0x25, 0x5a, 0x25, 0x7a, 0x25, 0x7b, 0x25, 0x7a, 0x25,
    0x7a, 0x25, 0x7a, 0x25, 0x7a, 0x25, 0x7a, 0x25, 0x7a, 0x25, 0x7b, 0x25,
    0x7a, 0x25, 0x7a, 0x25, 0x7a, 0x25, 0x7b, 0x25, 0x7a, 0x25, 0x7a, 0x25,
    0x7a, 0x25, 0x7a, 0x25, 0x7a, 0x25, 0x7a, 0x25, 0x7a, 0x25, 0x7a, 0x25,
    0x7b, 0x25, 0x7a, 0x25, 0x7a, 0x25, 0x7a, 0x25, 0x7a, 0x25, 0x7a, 0x25,
    0x7a, 0x25, 0x7a, 0x25, 0x7a, 0x25, 0x7a, 0x2d, 0x7a, 0x2d, 0x7a, 0x25,
    0x7a, 0x25, 0x7a, 0x25, 0x7a, 0x2d, 0x7a, 0x25, 0x7b, 0x25, 0x7a, 0x2d,
    0x7a, 0x25, 0x7a, 0x25, 0x7a, 0x2d, 0x7a, 0x25, 0x7a, 0x25, 0x7a, 0x2d,
    0x7a, 0x2d, 0x7a, 0x25, 0x7b, 0x2d, 0x7a, 0x2d, 0x7a, 0x25, 0x7a, 0x2d,
    0x7a, 0x2d, 0x7b, 0x2d, 0x7a, 0x2d, 0x7a, 0x2d, 0x7a, 0x25, 0x7a, 0x2d,
    0x7a, 0x2d, 0x7a, 0x2d, 0x7a, 0x2d, 0x7b, 0x2d, 0x7a, 0x2d, 0x7a, 0x2d,
    0x7a, 0x2d, 0x7a, 0x2d, 0x7a, 0x2d, 0x7a, 0x2d, 0x7a, 0x2d, 0x7a, 0x2d,
    0x7a, 0x2d, 0x7a, 0x2d, 0x7b, 0x2d, 0x7b, 0x2d, 0x7a, 0x2d, 0x7a, 0x2d,
    0x7b, 0x2d, 0x7b, 0x2d, 0x7a, 0x2d, 0x7b, 0x2d, 0x5b, 0x2d, 0x7a, 0x2d,
    0x7a, 0x2d, 0x7b, 0x2d, 0x5a, 0x2d, 0x7a, 0x25, 0x7b, 0x2d, 0x7a, 0x2d,
    0x7a, 0x2d, 0x7b, 0x25, 0x7a, 0x2d, 0x7b, 0x2d, 0x7b, 0x25, 0x7b, 0x2d,
    0x5a, 0x2d, 0x7b, 0x2d, 0x7a, 0x25, 0x7b, 0x2d, 0x7a, 0x2d, 0x7a, 0x25,
    0x5b, 0x2d, 0x7b, 0x2d, 0x5a, 0x2d, 0x7b, 0x2d, 0x7b, 0x25, 0x5a, 0x25,
    0x7a, 0x2d, 0x7b, 0x25, 0x7b, 0x2d, 0x7a, 0x2d, 0x7b, 0x25, 0x7b, 0x2d,
    0x7a, 0x2d, 0x7b, 0x25, 0x5a, 0x25, 0x7a, 0x2d, 0x7b, 0x2d, 0x5b, 0x25,
    0x7a, 0x2d, 0x7b, 0x25, 0x7b, 0x2d, 0x7b, 0x25, 0x5a, 0x25, 0x7b, 0x2d,
    0x7b, 0x2d, 0x7a, 0x25, 0x7a, 0x25, 0x7b, 0x25, 0x7a, 0x2d, 0x7a, 0x25,
    0x7b, 0x25, 0x7a, 0x2d, 0x7a, 0x2d, 0x7a, 0x25, 0x7b, 0x25, 0x7a, 0x2d,
    0x7b, 0x2d, 0x7a, 0x25, 0x5b, 0x25, 0x7b, 0x25, 0x7b, 0x2d, 0x7b, 0x2d,
    0x7a, 0x25, 0x7b, 0x2d, 0x7a, 0x25, 0x7b, 0x25, 0x7b, 0x2d, 0x7b, 0x25,
    0x7b, 0x2d, 0x5a, 0x25, 0x7a, 0x2d, 0x7b, 0x25, 0x7b, 0x2d, 0x7a, 0x25,
    0x7b, 0x2d, 0x5a, 0x25, 0x7b, 0x25, 0x5b, 0x2d, 0x7a, 0x25, 0x7a, 0x25,
    0x7b, 0x2d, 0x7a, 0x25, 0x7a, 0x25, 0x7b, 0x25, 0x7b, 0x25, 0x7a, 0x25,
    0x7b, 0x2d, 0x7b, 0x25, 0x7a, 0x25, 0x5a, 0x25, 0x7b, 0x25, 0x5a, 0x25,
    0x7a, 0x25, 0x7a, 0x25, 0x7b, 0x25, 0x7b, 0x25, 0x7a, 0x25, 0x7a, 0x25,
    0x7a, 0x25, 0x7b, 0x25, 0x7a, 0x25, 0x7a, 0x25, 0x5b, 0x25, 0x7a, 0x25,
    0x5a, 0x25, 0x7b, 0x25, 0x7a, 0x25, 0x7a, 0x25, 0x7b, 0x25, 0x7a, 0x25,
    0x7b, 0x25, 0x7a, 0x25, 0x7b, 0x25, 0x7b, 0x25, 0x7a, 0x25, 0x7a, 0x25,
    0x7b, 0x25, 0x5a, 0x25, 0x7b, 0x25, 0x7b, 0x25, 0x7a, 0x2d, 0x5b, 0x25,
    0x7b, 0x25, 0x5a, 0x25, 0x7b, 0x25, 0x7b, 0x25, 0x7a, 0x25, 0x7a, 0x25,
    0x7b, 0x25, 0x7a, 0x25, 0x7b, 0x25, 0x7a, 0x25, 0x7b, 0x25, 0x7a, 0x25,
    0x5a, 0x25, 0x7a, 0x25, 0x7b, 0x25, 0x5a, 0x25, 0x7a, 0x25, 0x5a, 0x25,
    0x7a, 0x25, 0x7a, 0x25, 0x7b, 0x25, 0x5b, 0x25, 0x7a, 0x25, 0x7a, 0x25,
    0x5b, 0x25, 0x7a, 0x25, 0x7a, 0x25, 0x5b, 0x25, 0x7a, 0x25, 0x7b, 0x25,
    0x5b, 0x25, 0x7a, 0x25, 0x7a, 0x25, 0x7b, 0x25, 0x7a, 0x25, 0x7a, 0x25,
    0x7a, 0x25, 0x7a, 0x25, 0x7a, 0x25, 0x7a, 0x25, 0x7b, 0x25, 0x7a, 0x25,
    0x7b, 0x25, 0x7b, 0x25, 0x7a, 0x25, 0x5a, 0x25, 0x7b, 0x25, 0x7a, 0x25,
    0x7b, 0x25, 0x7b, 0x25, 0x5a, 0x25, 0x7b, 0x25, 0x5a, 0x25, 0x7a, 0x25,
    0x7b, 0x25, 0x7b, 0x25, 0x7a, 0x25, 0x7b, 0x25, 0x7a, 0x2d, 0x7a, 0x25,
    0x7a, 0x25, 0x7b, 0x2d, 0x7a, 0x2d, 0x7a, 0x25, 0x7b, 0x2d, 0x7b, 0x2d,
    0x7a, 0x25, 0x7b, 0x2d, 0x7b, 0x25, 0x7a, 0x25, 0x7b, 0x2d, 0x7b, 0x2d,
    0x7a, 0x25, 0x7b, 0x25, 0x7a, 0x2d, 0x7a, 0x2d, 0x7b, 0x25, 0x7a, 0x2d,
    0x7a, 0x2d, 0x7b, 0x2d, 0x7b, 0x2d, 0x7a, 0x2d, 0x7b, 0x2d, 0x7b, 0x2d,
    0x7a, 0x2d, 0x9b, 0x2d, 0x7a, 0x2d, 0x7a, 0x25, 0x7b, 0x2d, 0x7a, 0x2d,
    0x7a, 0x2d, 0x7b, 0x2d, 0x7a, 0x2d, 0x7a, 0x2d, 0x7b, 0x2d, 0x9a, 0x2d,
    0x7a, 0x2d, 0x7b, 0x2d, 0x7a, 0x2d, 0x9b, 0x2d, 0x7a, 0x2d, 0x7b, 0x2d,
    0x7b, 0x2d, 0x7b, 0x2d, 0x7b, 0x2d, 0x7b, 0x2d, 0x7a, 0x2d, 0x7b, 0x2d,
    0x7a, 0x2d, 0x7a, 0x2d, 0x7b, 0x2d, 0x7b, 0x2d, 0x5a, 0x2d, 0x7a, 0x2d,
    0x7a, 0x2d, 0x5a, 0x2d, 0x7b, 0x2d, 0x7b, 0x2d, 0x7a, 0x2d, 0x7a, 0x2d,
    0x7b, 0x2d, 0x7a, 0x2d, 0x7a, 0x25, 0x7b, 0x2d, 0x5a, 0x2d, 0x7a, 0x2d,
    0x7b, 0x25, 0x5a, 0x2d, 0x7b, 0x2d, 0x7a, 0x2d, 0x5a, 0x25, 0x7b, 0x2d,
    0x7a, 0x25, 0x7a, 0x2d, 0x7a, 0x2d, 0x7b, 0x25, 0x7b, 0x2d, 0x7b, 0x2d,
    0x7a, 0x25, 0x7a, 0x2d, 0x7b, 0x25, 0x5a, 0x2d, 0x7a, 0x2d, 0x7b, 0x2d,
    0x7a, 0x2d, 0x7a, 0x25, 0x7a, 0x2d, 0x7b, 0x25, 0x7a, 0x25, 0x7b, 0x2d,
    0x7a, 0x2d, 0x7a, 0x25, 0x7b, 0x2d, 0x7a, 0x25, 0x7a, 0x25, 0x7b, 0x2d,
    0x5a, 0x25, 0x5a, 0x25, 0x7a, 0x2d, 0x7a, 0x25, 0x7b, 0x2d, 0x7b, 0x25,
    0x5a, 0x25, 0x7a, 0x2d, 0x7b, 0x2d, 0x7a, 0x2d, 0x5a, 0x25, 0x7a, 0x25,
    0x7b, 0x2d, 0x7b, 0x25, 0x7a, 0x25, 0x7a, 0x2d, 0x7b, 0x2d, 0x7b, 0x25,
    0x7a, 0x25, 0x7a, 0x2d, 0x7a, 0x2d, 0x7a, 0x25, 0x7a, 0x2d, 0x7b, 0x2d,
    0x5a, 0x25, 0x7b, 0x2d, 0x7a, 0x2d, 0x5a, 0x25, 0x7a, 0x2d, 0x7a, 0x25,
    0x5b, 0x25, 0x7a, 0x2d, 0x7a, 0x25, 0x7b, 0x2d, 0x7a, 0x25, 0x7a, 0x25,
    0x7b, 0x2d, 0x7a, 0x2d, 0x7a, 0x25, 0x7a, 0x2d, 0x5b, 0x2d, 0x7b, 0x25,
    0x7a, 0x25, 0x5b, 0x2d, 0x7b, 0x2d, 0x7a, 0x25, 0x7a, 0x25, 0x7a, 0x25,
    0x7a, 0x25, 0x7b, 0x25, 0x7a, 0x25, 0x7b, 0x25, 0x7b, 0x25, 0x7b, 0x25,
    0x5a, 0x25, 0x7a, 0x25, 0x5b, 0x25, 0x7b, 0x25, 0x7b, 0x25, 0x7a, 0x25,
    0x7a, 0x2d, 0x7b, 0x25, 0x5a, 0x25, 0x7b, 0x2d, 0x7b, 0x2d, 0x7a, 0x25,
    0x7a, 0x25, 0x7b, 0x2d, 0x7b, 0x25, 0x7a, 0x25, 0x7b, 0x2d, 0x7b, 0x25,
    0x7a, 0x25, 0x7a, 0x25, 0x7b, 0x25, 0x7a, 0x25, 0x7a, 0x25, 0x7b, 0x25,
    0x7b, 0x25, 0x7a, 0x25, 0x7a, 0x25, 0x5a, 0x25, 0x7b, 0x25, 0x7a, 0x25,
    0x5a, 0x25, 0x5a, 0x25, 0x7b, 0x25, 0x7a, 0x25, 0x5a, 0x25, 0x7b, 0x25,
    0x7b, 0x25, 0x7b, 0x25, 0x7b, 0x2d, 0x7b, 0x25, 0x7a, 0x25, 0x7b, 0x25,
    0x5b, 0x2d, 0x7a, 0x25, 0x5a, 0x25, 0x7b, 0x25, 0x7b, 0x25, 0x7a, 0x25,
    0x5b, 0x25, 0x7a, 0x25, 0x7a, 0x25, 0x7a, 0x25, 0x7b, 0x25, 0x7a, 0x25,
    0x7b, 0x25, 0x7b, 0x25, 0x7a, 0x25, 0x7b, 0x25, 0x7a, 0x25, 0x7a, 0x25,
    0x7b, 0x25, 0x5a, 0x25, 0x7a, 0x25, 0x5b, 0x25, 0x7b, 0x2d, 0x7a, 0x25,
    0x7b, 0x25, 0x7b, 0x2d, 0x7a, 0x25, 0x5b, 0x25, 0x7a, 0x2d, 0x7a, 0x25,
    0x7a, 0x25, 0x5a, 0x25, 0x7a, 0x25, 0x7b, 0x25, 0x7a, 0x25, 0x5a, 0x25,
    0x7a, 0x25, 0x7a, 0x25, 0x7a, 0x25, 0x7b, 0x25, 0x7a, 0x25, 0x7a, 0x25,
    0x7b, 0x2d, 0x5a, 0x25, 0x7a, 0x25, 0x7b, 0x2d, 0x7b, 0x2d, 0x7a, 0x25,
    0x7b, 0x2d, 0x7b, 0x25, 0x7a, 0x25, 0x7a, 0x2d, 0x7a, 0x2d, 0x7b, 0x25,
    0x7a, 0x2d, 0x7a, 0x2d, 0x7b, 0x25, 0x7a, 0x2d, 0x7a, 0x25, 0x7b, 0x2d,
    0x7a, 0x25, 0x7b, 0x2d, 0x7b, 0x2d, 0x7a, 0x2d, 0x7a, 0x25, 0x7b, 0x2d,
    0x7a, 0x2d, 0x7a, 0x2d, 0x7a, 0x2d, 0x7a, 0x2d, 0x7a, 0x2d, 0x7b, 0x2d,
    0x7a, 0x2d, 0x7a, 0x2d, 0x7b, 0x2d, 0x7a, 0x2d, 0x9b, 0x2d, 0x7a, 0x2d,
    0x9a, 0x2d, 0x7b, 0x2d, 0x7a, 0x2d, 0x7a, 0x2d, 0x7b, 0x2d, 0x7a, 0x2d,
    0x9b, 0x2d, 0x9a, 0x2d, 0x7a, 0x2d, 0x7a, 0x2d, 0x9b, 0x2d, 0x9a, 0x2d,
    0x7a, 0x2d, 0x9b, 0x2d, 0x9a, 0x2d, 0x7a, 0x2d, 0x9a, 0x2d, 0x9a, 0x2d,
    0x7b, 0x2d, 0x7a, 0x2d, 0x7a, 0x2d, 0x7b, 0x2d, 0x7b, 0x2d, 0x7a, 0x2d,
    0x7b, 0x2d, 0x7a, 0x2d, 0x7a, 0x2d, 0x7a, 0x2d, 0x7a, 0x2d, 0x7b, 0x2d,
    0x7b, 0x2d, 0x7a, 0x2d, 0x7b, 0x2d, 0x7a, 0x2d, 0x7a, 0x2d, 0x7b, 0x25,
    0x7b, 0x2d, 0x5a, 0x2d, 0x7a, 0x2d, 0x7a, 0x25, 0x7a, 0x2d, 0x7a, 0x25,
    0x7b, 0x2d, 0x7a, 0x25, 0x5a, 0x2d, 0x7a, 0x25, 0x7b, 0x2d, 0x5a, 0x25,
    0x7a, 0x25, 0x7a, 0x2d, 0x7b, 0x25, 0x7a, 0x25, 0x7a, 0x2d, 0x7b, 0x2d,
    0x7b, 0x25, 0x5a, 0x2d, 0x7b, 0x2d, 0x7a, 0x2d, 0x7a, 0x25, 0x7a, 0x25,
    0x7a, 0x25, 0x7b, 0x2d, 0x5a, 0x25, 0x7a, 0x2d, 0x7b, 0x2d, 0x7b, 0x2d,
    0x7a, 0x25, 0x7a, 0x25, 0x7b, 0x2d, 0x7a, 0x2d, 0x7a, 0x25, 0x7b, 0x2d,
    0x7a, 0x2d, 0x7a, 0x25, 0x7b, 0x25, 0x7b, 0x25, 0x7a, 0x2d, 0x7a, 0x2d,
    0x7a, 0x2d, 0x5a, 0x25, 0x7b, 0x25, 0x7a, 0x2d, 0x5a, 0x25, 0x7b, 0x25,
    0x7a, 0x2d, 0x7b, 0x2d, 0x7a, 0x2d, 0x7a, 0x25, 0x7a, 0x25, 0x7a, 0x2d,
    0x7b, 0x2d, 0x7a, 0x25, 0x7b, 0x25, 0x7a, 0x2d, 0x7a, 0x2d, 0x7b, 0x2d,
    0x7a, 0x25, 0x7a, 0x2d, 0x7b, 0x2d, 0x5a, 0x25, 0x7a, 0x2d, 0x7a, 0x25,
    0x7b, 0x25, 0x7b, 0x2d, 0x7a, 0x25, 0x7a, 0x25, 0x7a, 0x25, 0x7b, 0x2d,
    0x7a, 0x25, 0x5a, 0x25, 0x7a, 0x2d, 0x7a, 0x25, 0x7b, 0x2d, 0x5a, 0x25,
    0x5a, 0x25, 0x7a, 0x2d, 0x7b, 0x25, 0x7a, 0x2d, 0x7a, 0x25, 0x7b, 0x2d,
    0x7a, 0x25, 0x7b, 0x25, 0x7a, 0x25, 0x7a, 0x2d, 0x5b, 0x2d, 0x7a, 0x25,
    0x7b, 0x25, 0x7b, 0x25, 0x7a, 0x25, 0x7a, 0x25, 0x7b, 0x25, 0x7b, 0x2d,
    0x7a, 0x25, 0x7b, 0x25, 0x7a, 0x25, 0x7a, 0x25, 0x7b, 0x2d, 0x7a, 0x25,
    0x7a, 0x25, 0x7a, 0x25, 0x5a, 0x2d, 0x7b, 0x25, 0x7a, 0x2d, 0x7b, 0x25,
    0x7a, 0x25, 0x7a, 0x2d, 0x7a, 0x25, 0x7b, 0x2d, 0x7a, 0x25, 0x5a, 0x25,
    0x7b, 0x2d, 0x7b, 0x25, 0x7a, 0x25, 0x7b, 0x2d, 0x7a, 0x25, 0x7a, 0x25,
    0x7a, 0x2d, 0x7a, 0x25, 0x7a, 0x25, 0x7b, 0x25, 0x7a, 0x25, 0x7b, 0x2d,
    0x7b, 0x25, 0x7a, 0x2d, 0x7a, 0x25, 0x7b, 0x25, 0x7a, 0x2d, 0x7b, 0x2d,
    0x7b, 0x25, 0x7a, 0x25, 0x7a, 0x2d, 0x7b, 0x2d, 0x7b, 0x2d, 0x7a, 0x25,
    0x7a, 0x2d, 0x7b, 0x25, 0x7a, 0x2d, 0x7a, 0x25, 0x7a, 0x2d, 0x7a, 0x25,
    0x7b, 0x25, 0x7b, 0x2d, 0x7a, 0x25, 0x7a, 0x25, 0x7a, 0x2d, 0x7a, 0x25,
    0x5b, 0x2d, 0x7a, 0x25, 0x7a, 0x25, 0x7a, 0x25, 0x7b, 0x2d, 0x7b, 0x25,
    0x7a, 0x25, 0x7b, 0x25, 0x7a, 0x25, 0x7b, 0x2d, 0x7a, 0x2d, 0x7b, 0x2d,
    0x5a, 0x25, 0x7a, 0x2d, 0x7a, 0x25, 0x7a, 0x25, 0x7b, 0x2d, 0x7a, 0x25,
    0x7a, 0x2d, 0x7a, 0x2d, 0x7a, 0x25, 0x7a, 0x2d, 0x7a, 0x25, 0x7a, 0x25,
    0x7a, 0x2d, 0x7a, 0x25, 0x7a, 0x25, 0x7a, 0x2d, 0x7a, 0x25, 0x7a, 0x25,
    0x7a, 0x2d, 0x7a, 0x25, 0x7b, 0x2d, 0x7a, 0x2d, 0x7a, 0x25, 0x7a, 0x2d,
    0x7a, 0x2d, 0x7a, 0x25, 0x7a, 0x2d, 0x7b, 0x25, 0x7a, 0x2d, 0x7a, 0x25,
    0x7a, 0x2d, 0x7b, 0x25, 0x7a, 0x25, 0x7a, 0x2d, 0x9b, 0x2d, 0x7a, 0x25,
    0x7a, 0x2d, 0x9b, 0x2d, 0x7b, 0x2d, 0x7a, 0x2d, 0x7a, 0x2d, 0x7a, 0x2d,
    0x7b, 0x25, 0x7a, 0x2d, 0x9a, 0x2d, 0x7a, 0x2d, 0x9b, 0x2d, 0x9b, 0x2d,
    0x7a, 0x2d, 0x9a, 0x2d, 0x7b, 0x2d, 0x7a, 0x2d, 0x7a, 0x2d, 0x7a, 0x2d,
    0x9a, 0x2d, 0x9b, 0x2d, 0x9a, 0x2d, 0x7a, 0x2d, 0x9b, 0x2d, 0x7a, 0x2d,
    0x7a, 0x2d, 0x7a, 0x2d, 0x7a, 0x35, 0x7a, 0x2d, 0x7a, 0x2d, 0x7b, 0x2d,
    0x7a, 0x2d, 0x7b, 0x2d, 0x7a, 0x2d, 0x7b, 0x2d, 0x7a, 0x2d, 0x7a, 0x2d,
    0x7a, 0x2d, 0x7b, 0x2d, 0x7a, 0x2d, 0x7b, 0x2d, 0x7a, 0x2d, 0x7a, 0x2d,
    0x7a, 0x2d, 0x7b, 0x2d, 0x7b, 0x2d, 0x7a, 0x2d, 0x7a, 0x2d, 0x7b, 0x2d,
    0x7a, 0x2d, 0x7b, 0x2d, 0x7a, 0x2d, 0x7b, 0x2d, 0x7a, 0x2d, 0x7b, 0x2d,
    0x5a, 0x2d, 0x7b, 0x2d, 0x5a, 0x2d, 0x7a, 0x25, 0x7b, 0x2d, 0x7a, 0x25,
    0x7a, 0x25, 0x7b, 0x2d, 0x7a, 0x2d, 0x7a, 0x25, 0x7b, 0x2d, 0x7a, 0x2d,
    0x7b, 0x25, 0x7a, 0x2d, 0x7a, 0x25, 0x7b, 0x2d, 0x7a, 0x25, 0x7a, 0x2d,
    0x7b, 0x2d, 0x7a, 0x25, 0x7a, 0x2d, 0x7b, 0x2d, 0x7a, 0x2d, 0x7a, 0x25,
    0x7b, 0x2d, 0x7a, 0x2d, 0x7a, 0x25, 0x7b, 0x2d, 0x7b, 0x25, 0x7a, 0x2d,
    0x7b, 0x25, 0x7a, 0x2d, 0x7b, 0x2d, 0x7a, 0x2d, 0x7a, 0x25, 0x7b, 0x25,
    0x7a, 0x2d, 0x7b, 0x2d, 0x7b, 0x2d, 0x7b, 0x25, 0x7b, 0x2d, 0x7b, 0x2d,
    0x7a, 0x25, 0x7a, 0x2d, 0x7b, 0x2d, 0x7b, 0x25, 0x7b, 0x2d, 0x7a, 0x25,
    0x7a, 0x2d, 0x7b, 0x25, 0x7a, 0x25, 0x7b, 0x2d, 0x7a, 0x2d, 0x7a, 0x25,
    0x7a, 0x2d, 0x7b, 0x25, 0x7a, 0x2d, 0x7b, 0x2d, 0x7a, 0x25, 0x7a, 0x25,
    0x5a, 0x25, 0x7b, 0x25, 0x7a, 0x25, 0x7b, 0x2d, 0x5b, 0x25, 0x7b, 0x2d,
    0x7b, 0x2d, 0x7a, 0x25, 0x7a, 0x25, 0x5b, 0x25, 0x7a, 0x25, 0x5a, 0x25,
    0x7b, 0x2d, 0x7a, 0x25, 0x7b, 0x25, 0x7a, 0x25, 0x7a, 0x25, 0x7a, 0x2d,
    0x7b, 0x25, 0x7a, 0x25, 0x7b, 0x2d, 0x5a, 0x25, 0x7a, 0x25, 0x7b, 0x25,
    0x7a, 0x25, 0x7a, 0x25, 0x7b, 0x2d, 0x5a, 0x25, 0x7a, 0x25, 0x7b, 0x2d,
    0x7b, 0x25, 0x7a, 0x2d, 0x7b, 0x25, 0x7a, 0x25, 0x7b, 0x2d, 0x7a, 0x2d,
    0x7a, 0x25, 0x7b, 0x2d, 0x7b, 0x2d, 0x7a, 0x25, 0x7b, 0x2d, 0x7a, 0x25,
    0x7b, 0x25, 0x7a, 0x25, 0x7a, 0x25, 0x7b, 0x2d, 0x7b, 0x25, 0x7a, 0x2d,
    0x7a, 0x25, 0x7b, 0x2d, 0x7a, 0x2d, 0x7a, 0x25, 0x7a, 0x2d, 0x7a, 0x25,
    0x7b, 0x25, 0x7a, 0x25, 0x7b, 0x25, 0x7a, 0x25, 0x7a, 0x25, 0x7a, 0x2d,
    0x7a, 0x25, 0x7b, 0x2d, 0x7a, 0x25, 0x7a, 0x25, 0x7b, 0x25, 0x7a, 0x2d,
    0x7b, 0x25, 0x7a, 0x2d, 0x7b, 0x25, 0x7a, 0x2d, 0x5b, 0x25, 0x7b, 0x2d,
    0x7a, 0x2d, 0x7b, 0x25, 0x7a, 0x2d, 0x7b, 0x2d, 0x7a, 0x25, 0x7b, 0x25,
    0x7a, 0x2d, 0x7a, 0x2d, 0x7b, 0x25, 0x7a, 0x25, 0x7a, 0x2d, 0x5a, 0x25,
    0x7b, 0x2d, 0x7a, 0x2d, 0x7b, 0x25, 0x7a, 0x25, 0x7a, 0x25, 0x7b, 0x25,
    0x7b, 0x2d, 0x7b, 0x2d, 0x7a, 0x25, 0x5b, 0x2d, 0x7a, 0x25, 0x7b, 0x25,
    0x7b, 0x25, 0x7b, 0x2d, 0x7a, 0x25, 0x7b, 0x25, 0x7a, 0x2d, 0x7b, 0x2d,
    0x7b, 0x25, 0x7a, 0x25, 0x7b, 0x2d, 0x7b, 0x2d, 0x7b, 0x2d, 0x7a, 0x2d,
    0x7a, 0x25, 0x7b, 0x2d, 0x7a, 0x25, 0x7b, 0x2d, 0x7b, 0x2d, 0x7b, 0x2d,
    0x7a, 0x2d, 0x7a, 0x25, 0x7a, 0x2d, 0x7a, 0x2d, 0x9b, 0x2d, 0x7a, 0x2d,
    0x7a, 0x2d, 0x9b, 0x2d, 0x7a, 0x2d, 0x7a, 0x2d, 0x7b, 0x2d, 0x7a, 0x2d,
    0x7a, 0x2d, 0x7a, 0x2d, 0x9a, 0x2d, 0x9a, 0x2d, 0x7a, 0x2d, 0x7b, 0x2d,
    0x7a, 0x2d, 0x9b, 0x2d, 0x7a, 0x2d, 0x7a, 0x2d, 0x9b, 0x2d, 0x7a, 0x2d,
    0x7a, 0x2d, 0x9b, 0x2d, 0x7b, 0x2d, 0x9a, 0x2d, 0x9b, 0x2d, 0x7b, 0x2d,
    0x7b, 0x2d, 0x9a, 0x2d, 0x7a, 0x2d, 0x7b, 0x2d, 0x9b, 0x2d, 0x7a, 0x2d,
    0x7a, 0x2d, 0x7b, 0x2d, 0x7a, 0x2d, 0x7a, 0x35, 0x7a, 0x2d, 0x7a, 0x2d,
    0x7a, 0x2d, 0x7b, 0x2d, 0x7a, 0x2d, 0x7b, 0x2d, 0x7b, 0x2d, 0x7a, 0x2d,
    0x7a, 0x2d, 0x7a, 0x2d, 0x7b, 0x2d, 0x7a, 0x2d, 0x7b, 0x2d, 0x7a, 0x2d,
    0x7a, 0x25, 0x7a, 0x2d, 0x7b, 0x2d, 0x7a, 0x2d, 0x7a, 0x2d, 0x7b, 0x2d,
    0x7a, 0x25, 0x7a, 0x2d, 0x5b, 0x2d, 0x7a, 0x2d, 0x7b, 0x2d, 0x7a, 0x2d,
    0x7a, 0x2d, 0x7b, 0x2d, 0x7a, 0x2d, 0x7a, 0x2d, 0x7b, 0x2d, 0x7a, 0x2d,
    0x7a, 0x2d, 0x7a, 0x2d, 0x7a, 0x25, 0x7b, 0x2d, 0x5a, 0x2d, 0x7b, 0x2d,
    0x7a, 0x2d, 0x7b, 0x2d, 0x7a, 0x25, 0x7b, 0x2d, 0x5a, 0x25, 0x7a, 0x25,
    0x7b, 0x2d, 0x7a, 0x25, 0x5a, 0x2d, 0x7b, 0x25, 0x7a, 0x25, 0x7a, 0x2d,
    0x7b, 0x2d, 0x7a, 0x2d, 0x7a, 0x2d, 0x7a, 0x2d, 0x7a, 0x2d, 0x7b, 0x25,
    0x7a, 0x2d, 0x7a, 0x2d, 0x7b, 0x25, 0x7a, 0x2d, 0x7b, 0x2d, 0x7a, 0x25,
    0x7a, 0x25, 0x7a, 0x2d, 0x7a, 0x25, 0x7a, 0x25, 0x7b, 0x2d, 0x7b, 0x2d,
    0x7a, 0x25, 0x7b, 0x25, 0x7a, 0x2d, 0x7a, 0x25, 0x7a, 0x25, 0x7a, 0x2d,
    0x7b, 0x25, 0x7a, 0x25, 0x7a, 0x2d, 0x7b, 0x2d, 0x7b, 0x2d, 0x5a, 0x25,
    0x7a, 0x25, 0x7a, 0x2d, 0x5b, 0x2d, 0x7a, 0x25, 0x7b, 0x2d, 0x7a, 0x2d,
    0x7b, 0x2d, 0x7a, 0x2d, 0x7a, 0x25, 0x7a, 0x25, 0x7a, 0x25, 0x7a, 0x25,
    0x7b, 0x25, 0x7b, 0x2d, 0x7a, 0x25, 0x7b, 0x2d, 0x7b, 0x25, 0x7a, 0x2d,
    0x7a, 0x25, 0x7b, 0x25, 0x5a, 0x25, 0x7b, 0x2d, 0x7a, 0x25, 0x7b, 0x25,
    0x7a, 0x25, 0x7a, 0x2d, 0x7b, 0x25, 0x7a, 0x2d, 0x7b, 0x2d, 0x7a, 0x25,
    0x7b, 0x2d, 0x7b, 0x25, 0x7a, 0x25, 0x7b, 0x2d, 0x7a, 0x25, 0x7b, 0x25,
    0x7a, 0x25, 0x7b, 0x2d, 0x7a, 0x25, 0x7b, 0x25, 0x7b, 0x2d, 0x7a, 0x25,
    0x7b, 0x25, 0x7a, 0x25, 0x7a, 0x25, 0x7a, 0x25, 0x7b, 0x25, 0x7a, 0x2d,
    0x7a, 0x2d, 0x7a, 0x25, 0x7a, 0x2d, 0x7a, 0x25, 0x7b, 0x25, 0x7a, 0x25,
    0x7b, 0x25, 0x7b, 0x25, 0x7b, 0x2d, 0x7b, 0x25, 0x7b, 0x25, 0x7a, 0x2d,
    0x7a, 0x25, 0x7b, 0x2d, 0x7a, 0x2d, 0x7a, 0x2d, 0x7a, 0x2d, 0x7a, 0x25,
    0x7b, 0x25, 0x7a, 0x2d, 0x7a, 0x2d, 0x7b, 0x25, 0x7a, 0x25, 0x7b, 0x2d,
    0x7a, 0x2d, 0x7a, 0x25, 0x7a, 0x25, 0x7b, 0x2d, 0x7a, 0x25, 0x7a, 0x25,
    0x7a, 0x2d, 0x7a, 0x25, 0x7a, 0x2d, 0x7b, 0x2d, 0x7a, 0x25, 0x7b, 0x2d,
    0x7b, 0x25, 0x7a, 0x25, 0x7b, 0x2d, 0x7a, 0x2d, 0x7a, 0x2d, 0x7a, 0x25,
    0x7b, 0x2d, 0x7a, 0x2d, 0x7a, 0x25, 0x7b, 0x2d, 0x7b, 0x2d, 0x7a, 0x25,
    0x7a, 0x25, 0x7a, 0x2d, 0x7a, 0x25, 0x7b, 0x25, 0x7a, 0x2d, 0x7a, 0x2d,
    0x7a, 0x25, 0x7a, 0x2d, 0x7b, 0x25, 0x7a, 0x2d, 0x7a, 0x2d, 0x7b, 0x25,
    0x7a, 0x2d, 0x7a, 0x2d, 0x7a, 0x25, 0x7a, 0x25, 0x7b, 0x2d, 0x7a, 0x2d,
    0x7a, 0x2d, 0x7a, 0x25, 0x7b, 0x2d, 0x7a, 0x2d, 0x7a, 0x2d, 0x7a, 0x2d,
    0x7a, 0x25, 0x7b, 0x2d, 0x7a, 0x2d, 0x9a, 0x25, 0x7a, 0x2d, 0x7b, 0x2d,
    0x7a, 0x2d, 0x7a, 0x2d, 0x9a, 0x2d, 0x7b, 0x2d, 0x7a, 0x2d, 0x9b, 0x2d,
    0x7a, 0x2d, 0x7b, 0x2d, 0x7a, 0x2d, 0x7b, 0x2d, 0x9b, 0x2d, 0x9a, 0x2d,
    0x7a, 0x2d, 0x9b, 0x2d, 0x9b, 0x2d, 0x7a, 0x2d, 0x7a, 0x2d, 0x9a, 0x2d,
    0x7a, 0x2d, 0x9b, 0x2d, 0x7a, 0x2d, 0x9a, 0x2d, 0x9a, 0x2d, 0x7a, 0x2d,
    0x7a, 0x2d, 0x9b, 0x2d, 0x7a, 0x2d, 0x9a, 0x35, 0x9a, 0x2d, 0x7a, 0x2d,
    0x7a, 0x35, 0x7b, 0x2d, 0x7a, 0x2d, 0x7b, 0x35, 0x7b, 0x35, 0x7a, 0x2d,
    0x7b, 0x35, 0x7a, 0x2d, 0x7a, 0x2d, 0x7a, 0x2d, 0x7a, 0x2d, 0x7b, 0x2d,
    0x7a, 0x2d, 0x7a, 0x2d, 0x7a, 0x2d, 0x7a, 0x2d, 0x7a, 0x2d, 0x7b, 0x2d,
    0x5a, 0x2d, 0x7a, 0x2d, 0x7a, 0x2d, 0x7a, 0x2d, 0x7b, 0x2d, 0x7a, 0x2d,
    0x7a, 0x25, 0x7b, 0x2d, 0x7a, 0x2d, 0x7a, 0x2d, 0x7a, 0x2d, 0x7b, 0x25,
    0x7a, 0x2d, 0x7a, 0x2d, 0x7b, 0x25, 0x7a, 0x2d, 0x7a, 0x2d, 0x7b, 0x25,
    0x7a, 0x2d, 0x7b, 0x2d, 0x7a, 0x2d, 0x7b, 0x2d, 0x7a, 0x25, 0x7a, 0x2d,
    0x7b, 0x25, 0x7a, 0x25, 0x7a, 0x2d, 0x7b, 0x2d, 0x7a, 0x2d, 0x7a, 0x25,
    0x7b, 0x2d, 0x7a, 0x2d, 0x7b, 0x25, 0x7a, 0x2d, 0x7a, 0x25, 0x7b, 0x2d,
    0x7a, 0x25, 0x7b, 0x2d, 0x7b, 0x25, 0x7a, 0x25, 0x7a, 0x2d, 0x7b, 0x2d,
    0x7a, 0x2d, 0x7a, 0x2d, 0x7a, 0x2d, 0x7b, 0x2d, 0x7b, 0x2d, 0x7a, 0x2d,
    0x7a, 0x2d, 0x7b, 0x2d, 0x7b, 0x2d, 0x7a, 0x25, 0x7a, 0x2d, 0x7a, 0x2d,
    0x7a, 0x25, 0x7b, 0x2d, 0x7a, 0x25, 0x7b, 0x2d, 0x7b, 0x25, 0x7a, 0x2d,
    0x7a, 0x2d, 0x5b, 0x25, 0x7a, 0x2d, 0x7a, 0x2d, 0x7b, 0x25, 0x7b, 0x2d,
    0x7a, 0x25, 0x7a, 0x2d, 0x7b, 0x25, 0x7b, 0x25, 0x7a, 0x25, 0x7a, 0x2d,
    0x7b, 0x25, 0x7b, 0x25, 0x7a, 0x2d, 0x7b, 0x2d, 0x7a, 0x25, 0x7a, 0x25,
    0x7a, 0x2d, 0x7b, 0x25, 0x7a, 0x2d, 0x7a, 0x25, 0x7b, 0x25, 0x7a, 0x2d,
    0x7a, 0x25, 0x7b, 0x2d, 0x7a, 0x25, 0x7b, 0x2d, 0x7a, 0x25, 0x7a, 0x25,
    0x7b, 0x2d, 0x7a, 0x25, 0x7b, 0x25, 0x7a, 0x25, 0x7b, 0x2d, 0x7a, 0x25,
    0x7a, 0x2d, 0x7b, 0x25, 0x7a, 0x25, 0x7a, 0x2d, 0x7b, 0x2d, 0x7a, 0x25,
    0x7a, 0x25, 0x7b, 0x2d, 0x7a, 0x2d, 0x7a, 0x25, 0x7a, 0x25, 0x7b, 0x2d,
    0x7b, 0x25, 0x7a, 0x25, 0x7a, 0x25, 0x7b, 0x2d, 0x7a, 0x25, 0x5b, 0x25,
    0x7b, 0x25, 0x7b, 0x2d, 0x7a, 0x25, 0x7a, 0x2d, 0x7a, 0x2d, 0x7b, 0x25,
    0x7a, 0x2d, 0x7a, 0x25, 0x7a, 0x2d, 0x7a, 0x25, 0x7b, 0x25, 0x7b, 0x2d,
    0x7a, 0x25, 0x7a, 0x25, 0x7b, 0x2d, 0x7b, 0x25, 0x7b, 0x2d, 0x7a, 0x2d,
    0x7b, 0x25, 0x7a, 0x25, 0x7b, 0x2d, 0x7b, 0x2d, 0x7a, 0x25, 0x7a, 0x25,
    0x7b, 0x2d, 0x5a, 0x25, 0x7a, 0x2d, 0x7b, 0x2d, 0x7a, 0x25, 0x7a, 0x25,
    0x7b, 0x2d, 0x7a, 0x25, 0x7b, 0x2d, 0x7a, 0x2d, 0x7a, 0x25, 0x7b, 0x2d,
    0x7a, 0x2d, 0x7a, 0x25, 0x7a, 0x2d, 0x7b, 0x2d, 0x7a, 0x25, 0x7b, 0x2d,
    0x7a, 0x25, 0x7a, 0x25, 0x7a, 0x2d, 0x7a, 0x2d, 0x7b, 0x2d, 0x7a, 0x25,
    0x7a, 0x25, 0x7a, 0x2d, 0x7b, 0x2d, 0x7a, 0x25, 0x7a, 0x2d, 0x7b, 0x2d,
    0x7a, 0x2d, 0x7a, 0x2d, 0x7a, 0x25, 0x7b, 0x25, 0x7a, 0x2d, 0x7a, 0x25,
    0x7a, 0x2d, 0x7b, 0x2d, 0x7a, 0x2d, 0x7a, 0x2d, 0x7a, 0x25, 0x7b, 0x25,
    0x7b, 0x2d, 0x9a, 0x2d, 0x7a, 0x2d, 0x9a, 0x2d, 0x7a, 0x2d, 0x7a, 0x25,
    0x9b, 0x2d, 0x7b, 0x2d, 0x7a, 0x25, 0x7b, 0x2d, 0x7a, 0x2d, 0x9a, 0x2d,
    0x7b, 0x2d, 0x7a, 0x25, 0x7b, 0x2d, 0x7a, 0x2d, 0x9a, 0x2d, 0x9b, 0x2d,
    0x7a, 0x2d, 0x7a, 0x2d, 0x9a, 0x2d, 0x9a, 0x2d, 0x7b, 0x2d, 0x7a, 0x2d,
    0x9a, 0x2d, 0x7a, 0x2d, 0x9b, 0x2d, 0x7a, 0x2d, 0x7b, 0x2d, 0x9b, 0x2d,
    0x7a, 0x2d, 0x9a, 0x2d, 0x7a, 0x2d, 0x7b, 0x2d, 0x9a, 0x2d, 0x9a, 0x35,
    0x7b, 0x2d, 0x7a, 0x2d, 0x7b, 0x2d, 0x9b, 0x2d, 0x7a, 0x35, 0x7b, 0x2d,
    0x7a, 0x2d, 0x7a, 0x35, 0x7b, 0x2d, 0x7a, 0x2d, 0x7a, 0x2d, 0x7b, 0x35,
    0x7a, 0x2d, 0x7a, 0x2d, 0x7a, 0x2d, 0x7a, 0x2d, 0x7b, 0x2d, 0x7a, 0x2d,
    0x7a, 0x2d, 0x7b, 0x2d, 0x7b, 0x2d, 0x7a, 0x2d, 0x7a, 0x2d, 0x7b, 0x2d,
    0x7a, 0x2d, 0x7a, 0x2d, 0x7b, 0x2d, 0x7b, 0x2d, 0x7a, 0x2d, 0x7b, 0x2d,
    0x7a, 0x2d, 0x7a, 0x2d, 0x7b, 0x2d, 0x7b, 0x2d, 0x7a, 0x2d, 0x7a, 0x25,
    0x7b, 0x2d, 0x7a, 0x2d, 0x7b, 0x2d, 0x7b, 0x2d, 0x7a, 0x2d, 0x7a, 0x25,
    0x7b, 0x2d, 0x7a, 0x2d, 0x7a, 0x2d, 0x7a, 0x2d, 0x7a, 0x2d, 0x7a, 0x2d,
    0x7b, 0x2d, 0x7a, 0x2d, 0x7a, 0x2d, 0x7b, 0x25, 0x7a, 0x2d, 0x7a, 0x2d,
    0x7b, 0x25, 0x7b, 0x2d, 0x7a, 0x2d, 0x7a, 0x2d, 0x7b, 0x2d, 0x7a, 0x2d,
    0x7a, 0x2d, 0x7a, 0x25, 0x7b, 0x2d, 0x7a, 0x2d, 0x7b, 0x2d, 0x7a, 0x25,
    0x7b, 0x2d, 0x7a, 0x25, 0x7a, 0x2d, 0x7a, 0x2d, 0x7b, 0x25, 0x7a, 0x25,
    0x7a, 0x2d, 0x7b, 0x25, 0x7a, 0x2d, 0x7a, 0x25, 0x7b, 0x2d, 0x7b, 0x25,
    0x7a, 0x2d, 0x7b, 0x2d, 0x7a, 0x2d, 0x7b, 0x2d, 0x7b, 0x2d, 0x7a, 0x25,
    0x7b, 0x2d, 0x7b, 0x2d, 0x7a, 0x25, 0x7a, 0x2d, 0x7a, 0x2d, 0x7a, 0x25,
    0x7b, 0x2d, 0x7a, 0x2d, 0x7a, 0x25, 0x7a, 0x25, 0x7a, 0x2d, 0x7a, 0x25,
    0x7a, 0x25, 0x7a, 0x25, 0x7a, 0x2d, 0x7a, 0x2d, 0x7b, 0x2d, 0x7a, 0x2d,
    0x7a, 0x25, 0x7b, 0x2d, 0x7b, 0x25, 0x7a, 0x2d, 0x7a, 0x25, 0x7b, 0x25,
    0x7a, 0x2d, 0x7a, 0x25, 0x7a, 0x25, 0x7a, 0x2d, 0x7b, 0x2d, 0x7a, 0x2d,
    0x7a, 0x25, 0x7b, 0x25, 0x7a, 0x2d, 0x7b, 0x25, 0x7a, 0x25, 0x7a, 0x2d,
    0x7b, 0x2d, 0x7a, 0x25, 0x7a, 0x25, 0x7b, 0x25, 0x7b, 0x2d, 0x7a, 0x2d,
    0x7a, 0x25, 0x7b, 0x2d, 0x7a, 0x2d, 0x7a, 0x25, 0x7b, 0x2d, 0x7a, 0x2d,
    0x7a, 0x25, 0x7b, 0x25, 0x7b, 0x2d, 0x7a, 0x2d, 0x7a, 0x25, 0x7b, 0x2d,
    0x7a, 0x2d, 0x7a, 0x25, 0x7b, 0x25, 0x7a, 0x25, 0x7b, 0x2d, 0x7b, 0x2d,
    0x7a, 0x2d, 0x7a, 0x2d, 0x7a, 0x2d, 0x7a, 0x2d, 0x7b, 0x2d, 0x7a, 0x25,
    0x7a, 0x25, 0x7a, 0x2d, 0x7b, 0x2d, 0x7a, 0x25, 0x7a, 0x2d, 0x7a, 0x2d,
    0x7a, 0x2d, 0x7b, 0x25, 0x7a, 0x25, 0x7a, 0x2d, 0x7a, 0x2d, 0x7b, 0x25,
    0x7b, 0x2d, 0x7b, 0x2d, 0x7a, 0x2d, 0x7a, 0x2d, 0x7b, 0x25, 0x7b, 0x2d,
    0x7a, 0x2d, 0x7a, 0x2d, 0x7b, 0x25, 0x7a, 0x2d, 0x7a, 0x25, 0x7a, 0x25,
    0x7b, 0x2d, 0x7a, 0x25, 0x7a, 0x25, 0x7a, 0x2d, 0x7a, 0x25, 0x7b, 0x2d,
    0x7a, 0x2d, 0x7b, 0x25, 0x7a, 0x2d, 0x7a, 0x25, 0x7a, 0x2d, 0x7b, 0x2d,
    0x7a, 0x2d, 0x7b, 0x2d, 0x7a, 0x25, 0x7a, 0x2d, 0x7a, 0x25, 0x7b, 0x25,
    0x7b, 0x2d, 0x7a, 0x2d, 0x7b, 0x25, 0x7a, 0x2d, 0x7a, 0x2d, 0x7b, 0x2d,
    0x7a, 0x25, 0x7a, 0x25, 0x7b, 0x2d, 0x7b, 0x2d, 0x9a, 0x2d, 0x9a, 0x2d,
    0x7a, 0x2d, 0x7b, 0x2d, 0x7b, 0x25, 0x7a, 0x2d, 0x9b, 0x2d, 0x7a, 0x2d,
    0x7a, 0x2d, 0x7a, 0x2d, 0x9a, 0x2d, 0x7b, 0x2d, 0x7a, 0x2d, 0x9a, 0x2d,
    0x7a, 0x2d, 0x9b, 0x2d, 0x9a, 0x2d, 0x7a, 0x2d, 0x9a, 0x2d, 0x7a, 0x2d,
    0x9b, 0x2d, 0x7a, 0x2d, 0x7a, 0x2d, 0x9a, 0x2d, 0x7b, 0x2d, 0x7a, 0x2d,
    0x9a, 0x2d, 0x7b, 0x2d, 0x9a, 0x2d, 0x7a, 0x2d, 0x9a, 0x2d, 0x9b, 0x2d,
    0x9b, 0x2d, 0x7a, 0x2d, 0x9b, 0x2d, 0x7a, 0x2d, 0x7b, 0x2d, 0x7b, 0x2d,
    0x9a, 0x35, 0x9a, 0x2d, 0x9b, 0x35, 0x7a, 0x2d, 0x9b, 0x2d, 0x9a, 0x35,
    0x7a, 0x2d, 0x7a, 0x2d, 0x9b, 0x35, 0x9a, 0x2d, 0x9a, 0x2d, 0x9b, 0x35,
    0x7a, 0x2d, 0x9b, 0x35, 0x7a, 0x2d, 0x7b, 0x2d, 0x7a, 0x2d, 0x7a, 0x2d,
    0x7b, 0x2d, 0x7a, 0x2d, 0x7a, 0x2d, 0x7a, 0x2d, 0x7b, 0x2d, 0x7a, 0x2d,
    0x7a, 0x2d, 0x7a, 0x2d, 0x7a, 0x2d, 0x7a, 0x2d, 0x7a, 0x2d, 0x7a, 0x2d,
    0x7b, 0x2d, 0x7a, 0x2d, 0x7a, 0x2d, 0x7a, 0x2d, 0x7b, 0x2d, 0x7a, 0x2d,
    0x7a, 0x2d, 0x7b, 0x2d, 0x7a, 0x2d, 0x7a, 0x2d, 0x7a, 0x2d, 0x7b, 0x2d,
    0x7a, 0x2d, 0x7a, 0x2d, 0x7b, 0x2d, 0x7b, 0x2d, 0x7a, 0x2d, 0x7b, 0x2d,
    0x7a, 0x25, 0x7a, 0x2d, 0x7a, 0x2d, 0x7a, 0x2d, 0x7a, 0x2d, 0x7b, 0x2d,
    0x7a, 0x2d, 0x7a, 0x25, 0x7a, 0x2d, 0x7a, 0x25, 0x7a, 0x2d, 0x7b, 0x2d,
    0x7a, 0x2d, 0x7a, 0x2d, 0x7b, 0x2d, 0x7a, 0x2d, 0x7a, 0x25, 0x7a, 0x2d,
    0x7b, 0x2d, 0x7b, 0x2d, 0x7a, 0x25, 0x7a, 0x2d, 0x7b, 0x2d, 0x7a, 0x2d,
    0x7a, 0x2d, 0x7a, 0x2d, 0x7b, 0x2d, 0x7a, 0x2d, 0x7a, 0x2d, 0x7a, 0x2d,
    0x7a, 0x2d, 0x7a, 0x2d, 0x7b, 0x25, 0x7a, 0x2d, 0x7a, 0x2d, 0x7a, 0x2d,
    0x7a, 0x2d, 0x7a, 0x25, 0x7b, 0x2d, 0x7b, 0x2d, 0x7a, 0x2d, 0x7a, 0x25,
    0x7b, 0x25, 0x7b, 0x2d, 0x7a, 0x2d, 0x7b, 0x2d, 0x7b, 0x2d, 0x7a, 0x2d,
    0x7a, 0x2d, 0x7b, 0x25, 0x7b, 0x25, 0x7a, 0x25, 0x7a, 0x25, 0x7b, 0x2d,
    0x7b, 0x25, 0x7a, 0x25, 0x7a, 0x2d, 0x7a, 0x2d, 0x7b, 0x25, 0x7a, 0x2d,
    0x7a, 0x25, 0x7b, 0x2d, 0x7b, 0x25, 0x7a, 0x25, 0x7a, 0x2d, 0x7a, 0x25,
    0x7b, 0x2d, 0x7b, 0x2d, 0x7a, 0x25, 0x7b, 0x2d, 0x7a, 0x2d, 0x7b, 0x25,
    0x7a, 0x25, 0x7a, 0x2d, 0x7b, 0x2d, 0x7a, 0x25, 0x7a, 0x25, 0x7b, 0x2d,
    0x9a, 0x25, 0x7a, 0x25, 0x7b, 0x2d, 0x7b, 0x25, 0x7a, 0x25, 0x7a, 0x2d,
    0x7a, 0x2d, 0x7a, 0x2d, 0x7b, 0x25, 0x7a, 0x25, 0x7a, 0x2d, 0x7a, 0x2d,
    0x7a, 0x25, 0x7b, 0x2d, 0x7a, 0x2d, 0x7a, 0x2d, 0x7b, 0x25, 0x7a, 0x25,
    0x7b, 0x25, 0x7b, 0x2d, 0x7a, 0x25, 0x7b, 0x25, 0x7a, 0x2d, 0x7a, 0x2d,
    0x7a, 0x2d, 0x7b, 0x25, 0x7a, 0x25, 0x7a, 0x2d, 0x7b, 0x25, 0x7a, 0x25,
    0x9a, 0x2d, 0x7b, 0x2d, 0x7a, 0x2d, 0x7a, 0x2d, 0x7b, 0x2d, 0x7a, 0x25,
    0x7a, 0x25, 0x7a, 0x2d, 0x7b, 0x2d, 0x7a, 0x2d, 0x7a, 0x2d, 0x7a, 0x25,
    0x7b, 0x2d, 0x7a, 0x2d, 0x7a, 0x2d, 0x7b, 0x2d, 0x7a, 0x2d, 0x7a, 0x2d,
    0x7b, 0x2d, 0x7a, 0x2d, 0x7b, 0x2d, 0x7a, 0x25, 0x7a, 0x25, 0x9a, 0x2d,
    0x7b, 0x2d, 0x7a, 0x2d, 0x9a, 0x25, 0x7b, 0x2d, 0x7a, 0x25, 0x7a, 0x2d,
    0x9b, 0x2d, 0x7a, 0x25, 0x7a, 0x25, 0x7b, 0x2d, 0x7a, 0x25, 0x7a, 0x2d,
    0x9b, 0x25, 0x7a, 0x25, 0x7a, 0x2d, 0x9a, 0x2d, 0x7b, 0x25, 0x7a, 0x2d,
    0x7b, 0x2d, 0x7a, 0x25, 0x9a, 0x2d, 0x7a, 0x2d, 0x7a, 0x2d, 0x9a, 0x2d,
    0x7a, 0x2d, 0x9a, 0x2d, 0x7b, 0x2d, 0x9a, 0x2d, 0x9a, 0x2d, 0x7b, 0x2d,
    0x7a, 0x2d, 0x7a, 0x2d, 0x7a, 0x2d, 0x9a, 0x2d, 0x9a, 0x2d, 0x7b, 0x2d,
    0x7a, 0x2d, 0x9a, 0x2d, 0x7a, 0x2d, 0x7a, 0x2d, 0x9a, 0x2d, 0x7b, 0x2d,
    0x9a, 0x2d, 0x9a, 0x2d, 0x7b, 0x2d, 0x7a, 0x2d, 0x9a, 0x2d, 0x9a, 0x2d,
    0x7a, 0x35, 0x7a, 0x2d, 0x9b, 0x2d, 0x7a, 0x35, 0x7a, 0x2d, 0x9a, 0x35,
    0x7a, 0x2d, 0x9a, 0x2d, 0x7b, 0x35, 0x9a, 0x35, 0x9a, 0x2d, 0x7a, 0x2d,
    0x7a, 0x35, 0x9a, 0x2d, 0x7a, 0x2d, 0x7a, 0x2d, 0x9a, 0x2d, 0x7a, 0x2d,
    0x9a, 0x35, 0x9b, 0x35, 0x7b, 0x35, 0x7a, 0x2d, 0x7a, 0x2d, 0x7a, 0x2d,
    0x9a, 0x35, 0x7a, 0x2d, 0x7a, 0x35, 0x7a, 0x2d, 0x9b, 0x35, 0x9a, 0x35,
    0x7a, 0x2d, 0x7a, 0x2d, 0x9a, 0x2d, 0x7a, 0x2d, 0x7a, 0x2d, 0x7b, 0x2d,
    0x7a, 0x2d, 0x7b, 0x2d, 0x7a, 0x2d, 0x7a, 0x2d, 0x7a, 0x2d, 0x7a, 0x2d,
    0x7b, 0x2d, 0x7a, 0x2d, 0x7a, 0x25, 0x7b, 0x2d, 0x7a, 0x2d, 0x7b, 0x2d,
    0x7a, 0x2d, 0x7a, 0x2d, 0x7b, 0x2d, 0x7a, 0x2d, 0x7a, 0x2d, 0x7b, 0x2d,
    0x7b, 0x2d, 0x7a, 0x2d, 0x7b, 0x25, 0x7a, 0x2d, 0x7a, 0x25, 0x7b, 0x2d,
    0x7a, 0x25, 0x7b, 0x2d, 0x7b, 0x2d, 0x7a, 0x2d, 0x7b, 0x25, 0x7a, 0x2d,
    0x7a, 0x2d, 0x7b, 0x2d, 0x7b, 0x2d, 0x7a, 0x2d, 0x7b, 0x25, 0x7b, 0x2d,
    0x7a, 0x25, 0x9a, 0x2d, 0x7b, 0x2d, 0x7a, 0x25, 0x7a, 0x2d, 0x9a, 0x2d,
    0x7a, 0x2d, 0x7b, 0x2d, 0x9a, 0x2d, 0x7b, 0x2d, 0x7a, 0x2d, 0x7b, 0x25,
    0x9a, 0x2d, 0x7a, 0x2d, 0x9b, 0x2d, 0x9a, 0x2d, 0x9b, 0x25, 0x7b, 0x2d,
    0x7a, 0x2d, 0x9a, 0x25, 0x7a, 0x2d, 0x7b, 0x2d, 0x7a, 0x25, 0x7a, 0x2d,
    0x7b, 0x2d, 0x7a, 0x25, 0x7a, 0x2d, 0x7a, 0x2d, 0x7b, 0x2d, 0x7a, 0x25,
    0x7a, 0x2d, 0x7a, 0x25, 0x7a, 0x25, 0x7b, 0x2d, 0x7a, 0x25, 0x7b, 0x2d,
    0x7b, 0x2d, 0x7a, 0x25, 0x7b, 0x2d, 0x7b, 0x25, 0x7a, 0x2d, 0x7a, 0x25,
    0x7a, 0x2d, 0x7a, 0x2d, 0x7b, 0x25, 0x7a, 0x25, 0x7b, 0x2d, 0x7a, 0x25,
    0x7a, 0x2d, 0x7b, 0x2d, 0x7a, 0x2d, 0x7b, 0x2d, 0x7b, 0x25, 0x7b, 0x2d,
    0x7a, 0x2d, 0x7a, 0x25, 0x7a, 0x25, 0x7a, 0x2d, 0x7b, 0x2d, 0x7b, 0x25,
    0x7a, 0x25, 0x9a, 0x2d, 0x7b, 0x25, 0x7a, 0x2d, 0x7a, 0x25, 0x7b, 0x2d,
    0x7b, 0x2d, 0x9a, 0x25, 0x7a, 0x2d, 0x9b, 0x2d, 0x7a, 0x25, 0x9b, 0x2d,
    0x7b, 0x2d, 0x7a, 0x25, 0x7a, 0x2d, 0x7b, 0x25, 0x7b, 0x2d, 0x7a, 0x2d,
    0x7b, 0x25, 0x7b, 0x2d, 0x7a, 0x2d, 0x7a, 0x2d, 0x7a, 0x25, 0x7b, 0x2d,
    0x7a, 0x2d, 0x7a, 0x2d, 0x7b, 0x25, 0x7a, 0x25, 0x7b, 0x25, 0x9b, 0x2d,
    0x7a, 0x2d, 0x7b, 0x2d, 0x7a, 0x2d, 0x9b, 0x25, 0x7a, 0x2d, 0x9b, 0x2d,
    0x9b, 0x25, 0x9a, 0x2d, 0x9b, 0x2d, 0x7b, 0x25, 0x9b, 0x2d, 0x7a, 0x2d,
    0x9a, 0x2d, 0x7a, 0x2d, 0x9b, 0x25, 0x7a, 0x2d, 0x7a, 0x2d, 0x9b, 0x2d,
    0x7b, 0x2d, 0x7a, 0x2d, 0x9a, 0x2d, 0x7b, 0x25, 0x9a, 0x2d, 0x7a, 0x2d,
    0x7a, 0x25, 0x7a, 0x2d, 0x7a, 0x2d, 0x7b, 0x2d, 0x7b, 0x2d, 0x7a, 0x25,
    0x9a, 0x2d, 0x7a, 0x25, 0x7b, 0x2d, 0x7b, 0x2d, 0x7a, 0x25, 0x9a, 0x2d,
    0x9a, 0x2d, 0x7a, 0x2d, 0x7a, 0x2d, 0x9b, 0x2d, 0x7a, 0x2d, 0x7a, 0x2d,
    0x7a, 0x2d, 0x7a, 0x2d, 0x7b, 0x2d, 0x9a, 0x2d, 0x7a, 0x2d, 0x7a, 0x25,
    0x9b, 0x2d, 0x9a, 0x2d, 0x7a, 0x2d, 0x7a, 0x2d, 0x7b, 0x2d, 0x9b, 0x2d,
    0x7a, 0x25, 0x9a, 0x2d, 0x9b, 0x2d, 0x7a, 0x2d, 0x7a, 0x2d, 0x9a, 0x2d,
    0x7b, 0x2d, 0x7a, 0x2d, 0x7b, 0x2d, 0x9b, 0x2d, 0x9a, 0x2d, 0x7a, 0x2d,
    0x7a, 0x2d, 0x9b, 0x2d, 0x9b, 0x2d, 0x7a, 0x2d, 0x9b, 0x2d, 0x7a, 0x2d,
    0x7a, 0x2d, 0x9a, 0x2d, 0x9b, 0x2d, 0x7b, 0x2d, 0x9a, 0x35, 0x9b, 0x2d,
    0x9a, 0x2d, 0x7a, 0x2d, 0x9a, 0x2d, 0x9a, 0x2d, 0x9b, 0x35, 0x7a, 0x35,
    0x9a, 0x2d, 0x7a, 0x2d, 0x9b, 0x35, 0x9a, 0x35, 0x9a, 0x2d, 0x9b, 0x35,
    0x9b, 0x2d, 0x9a, 0x35, 0x7a, 0x2d, 0x9b, 0x35, 0x7a, 0x35, 0x7a, 0x35,
    0x7a, 0x35, 0x9a, 0x2d, 0x9a, 0x2d, 0x7b, 0x35, 0x9b, 0x35, 0x7a, 0x35,
    0x9b, 0x2d, 0x7b, 0x2d, 0x7a, 0x35, 0x7a, 0x2d, 0x7b, 0x2d, 0x7b, 0x35,
    0x9a, 0x35, 0x7b, 0x35, 0x7b, 0x2d, 0x9b, 0x35, 0x7a, 0x2d, 0x7a, 0x2d,
    0x7b, 0x35, 0x7a, 0x2d, 0x7b, 0x2d, 0x7b, 0x2d, 0x7b, 0x2d, 0x7a, 0x2d,
    0x7a, 0x2d, 0x7a, 0x2d, 0x7b, 0x2d, 0x7a, 0x2d, 0x7a, 0x2d, 0x7b, 0x2d,
    0x9b, 0x2d, 0x7a, 0x2d, 0x7a, 0x2d, 0x9a, 0x2d, 0x7a, 0x2d, 0x7a, 0x2d,
    0x7a, 0x2d, 0x7a, 0x2d, 0x9a, 0x2d, 0x9a, 0x2d, 0x7a, 0x2d, 0x7b, 0x2d,
    0x9a, 0x2d, 0x7a, 0x2d, 0x7b, 0x2d, 0x7a, 0x2d, 0x9b, 0x2d, 0x7a, 0x2d,
    0x7a, 0x2d, 0x7a, 0x2d, 0x7b, 0x2d, 0x7a, 0x2d, 0x7a, 0x2d, 0x7a, 0x2d,
    0x7b, 0x2d, 0x7a, 0x2d, 0x7b, 0x2d, 0x7b, 0x2d, 0x9b, 0x2d, 0x7a, 0x2d,
    0x9a, 0x2d, 0x9a, 0x2d, 0x7a, 0x2d, 0x7a, 0x2d, 0x9b, 0x2d, 0x7a, 0x2d,
    0x7b, 0x2d, 0x7a, 0x2d, 0x7a, 0x2d, 0x9b, 0x2d, 0x7a, 0x25, 0x7a, 0x2d,
    0x7b, 0x2d, 0x7b, 0x2d, 0x7a, 0x2d, 0x7a, 0x2d, 0x7a, 0x25, 0x9b, 0x2d,
    0x9a, 0x2d, 0x7b, 0x2d, 0x7a, 0x25, 0x7a, 0x2d, 0x7a, 0x25, 0x7b, 0x2d,
    0x7b, 0x2d, 0x7a, 0x2d, 0x7a, 0x2d, 0x7b, 0x25, 0x7a, 0x25, 0x7a, 0x2d,
    0x7a, 0x25, 0x7b, 0x2d, 0x7a, 0x2d, 0x7a, 0x2d, 0x7a, 0x25, 0x7b, 0x2d,
    0x7a, 0x25, 0x7b, 0x2d, 0x7a, 0x25, 0x7a, 0x2d, 0x7a, 0x25, 0x7b, 0x25,
    0x7a, 0x2d, 0x7a, 0x25, 0x7b, 0x2d, 0x7a, 0x25, 0x7a, 0x25, 0x9a, 0x2d,
    0x7a, 0x2d, 0x7b, 0x2d, 0x9a, 0x2d, 0x9a, 0x25, 0x7b, 0x25, 0x7a, 0x2d,
    0x7a, 0x2d, 0x7b, 0x25, 0x7a, 0x2d, 0x9a, 0x25, 0x9b, 0x2d, 0x9a, 0x2d,
    0x7a, 0x2d, 0x7b, 0x25, 0x7a, 0x25, 0x7b, 0x2d, 0x7a, 0x25, 0x7a, 0x2d,
    0x7b, 0x25, 0x7a, 0x2d, 0x7a, 0x25, 0x7b, 0x2d, 0x9b, 0x2d, 0x7a, 0x2d,
    0x7a, 0x25, 0x7a, 0x2d, 0x7b, 0x25, 0x7a, 0x2d, 0x7b, 0x2d, 0x7a, 0x2d,
    0x7a, 0x2d, 0x7a, 0x2d, 0x9a, 0x2d, 0x7a, 0x2d, 0x7b, 0x2d, 0x7a, 0x2d,
    0x7a, 0x2d, 0x7a, 0x2d, 0x9b, 0x25, 0x7a, 0x2d, 0x9a, 0x2d, 0x9b, 0x2d,
    0x7a, 0x25, 0x9a, 0x2d, 0x7b, 0x2d, 0x7a, 0x2d, 0x9a, 0x25, 0x9b, 0x2d,
    0x7a, 0x2d, 0x7b, 0x2d, 0x9a, 0x2d, 0x9b, 0x2d, 0x7a, 0x2d, 0x7a, 0x25,
    0x9a, 0x2d, 0x7a, 0x2d, 0x7b, 0x25, 0x7a, 0x2d, 0x7a, 0x2d, 0x9b, 0x2d,
    0x7a, 0x2d, 0x7a, 0x25, 0x9b, 0x2d, 0x7a, 0x2d, 0x7a, 0x2d, 0x9b, 0x2d,
    0x7a, 0x2d, 0x7a, 0x2d, 0x9b, 0x2d, 0x7a, 0x2d, 0x7a, 0x2d, 0x7a, 0x2d,
    0x7b, 0x2d, 0x9b, 0x2d, 0x7a, 0x25, 0x9a, 0x2d, 0x9b, 0x2d, 0x9b, 0x2d,
    0x9a, 0x2d, 0x7b, 0x2d, 0x7a, 0x25, 0x9b, 0x2d, 0x7a, 0x2d, 0x7a, 0x2d,
    0x7a, 0x2d, 0x9b, 0x2d, 0x9b, 0x2d, 0x7a, 0x2d, 0x7a, 0x2d, 0x7a, 0x2d,
    0x7a, 0x2d, 0x7b, 0x2d, 0x7a, 0x2d, 0x9a, 0x2d, 0x7a, 0x2d, 0x9b, 0x2d,
    0x9a, 0x2d, 0x9a, 0x2d, 0x9a, 0x2d, 0x7a, 0x2d, 0x7b, 0x2d, 0x9a, 0x2d,
    0x7a, 0x2d, 0x9b, 0x2d, 0x7a, 0x2d, 0x9a, 0x2d, 0x9a, 0x2d, 0x7a, 0x2d,
    0x7a, 0x2d, 0x9a, 0x2d, 0x9a, 0x2d, 0x7a, 0x2d, 0x7a, 0x35, 0x7b, 0x35,
    0x9a, 0x35, 0x7a, 0x2d, 0x7b, 0x35, 0x9b, 0x2d, 0x9a, 0x35, 0x7a, 0x2d,
    0x7b, 0x2d, 0x9b, 0x35, 0x7a, 0x2d, 0x9a, 0x2d, 0x9a, 0x35, 0x9b, 0x35,
    0x9a, 0x2d, 0x7a, 0x35, 0x9a, 0x35, 0x9b, 0x35, 0x9b, 0x2d, 0x7a, 0x2d,
    0x7a, 0x2d, 0x7a, 0x2d, 0x7a, 0x35, 0x9a, 0x35, 0x9a, 0x35, 0x7a, 0x2d,
    0x7a, 0x35, 0x7b, 0x35, 0x9a, 0x2d, 0x9a, 0x2d, 0x9a, 0x2d, 0x9a, 0x35,
    0x7b, 0x2d, 0x9a, 0x2d, 0x7a, 0x2d, 0x9a, 0x35, 0x9b, 0x35, 0x9a, 0x2d,
    0x7a, 0x2d, 0x9a, 0x35, 0x9a, 0x2d, 0x9a, 0x2d, 0x7b, 0x2d, 0x9a, 0x2d,
    0x7a, 0x2d, 0x9b, 0x2d, 0x7a, 0x2d, 0x9a, 0x2d, 0x7a, 0x2d, 0x9a, 0x2d,
    0x7b, 0x2d, 0x7a, 0x2d, 0x7a, 0x2d, 0x9b, 0x2d, 0x7b, 0x2d, 0x7a, 0x2d,
    0x9a, 0x2d, 0x7b, 0x2d, 0x7a, 0x2d, 0x7b, 0x2d, 0x7a, 0x2d, 0x7a, 0x2d,
    0x9b, 0x2d, 0x9a, 0x2d, 0x7a, 0x2d, 0x7a, 0x2d, 0x9a, 0x2d, 0x7b, 0x2d,
    0x7a, 0x25, 0x9b, 0x2d, 0x9a, 0x2d, 0x7a, 0x2d, 0x7b, 0x25, 0x9a, 0x2d,
    0x7a, 0x2d, 0x7a, 0x2d, 0x7a, 0x2d, 0x7a, 0x2d, 0x7b, 0x2d, 0x9b, 0x2d,
    0x7a, 0x2d, 0x7a, 0x25, 0x7b, 0x2d, 0x7a, 0x25, 0x7a, 0x2d, 0x7a, 0x2d,
    0x7b, 0x2d, 0x7a, 0x25, 0x9a, 0x2d, 0x7a, 0x2d, 0x7a, 0x2d, 0x7a, 0x2d,
    0x7b, 0x2d, 0x7a, 0x2d, 0x9a, 0x2d, 0x7a, 0x2d, 0x7b, 0x2d, 0x7b, 0x2d,
    0x7a, 0x2d, 0x7a, 0x2d, 0x7b, 0x2d, 0x7a, 0x2d, 0x9b, 0x2d, 0x7a, 0x2d,
    0x7a, 0x2d, 0x7b, 0x2d, 0x7a, 0x2d, 0x7a, 0x2d, 0x9b, 0x2d, 0x7a, 0x2d,
    0x7a, 0x25, 0x7b, 0x2d, 0x7a, 0x2d, 0x7b, 0x2d, 0x7a, 0x25, 0x7a, 0x25,
    0x7b, 0x2d, 0x7a, 0x25, 0x7b, 0x2d, 0x7a, 0x2d, 0x7a, 0x25, 0x7b, 0x2d,
    0x7b, 0x2d, 0x7a, 0x25, 0x7a, 0x2d, 0x7a, 0x2d, 0x7b, 0x25, 0x9a, 0x2d,
    0x7b, 0x2d, 0x7b, 0x25, 0x7b, 0x2d, 0x7a, 0x25, 0x7a, 0x25, 0x9b, 0x2d,
    0x7b, 0x2d, 0x7a, 0x25, 0x7a, 0x2d, 0x9b, 0x2d, 0x9b, 0x25, 0x7a, 0x2d,
    0x7a, 0x2d, 0x9a, 0x2d, 0x7b, 0x2d, 0x7a, 0x2d, 0x9a, 0x2d, 0x7a, 0x25,
    0x7a, 0x2d, 0x7a, 0x2d, 0x7a, 0x2d, 0x7a, 0x25, 0x7a, 0x2d, 0x7a, 0x25,
    0x9a, 0x2d, 0x7b, 0x2d, 0x9a, 0x2d, 0x9a, 0x2d, 0x7a, 0x25, 0x9a, 0x2d,
    0x9b, 0x25, 0x9b, 0x2d, 0x7a, 0x2d, 0x9b, 0x2d, 0x9a, 0x2d, 0x9a, 0x25,
    0x9b, 0x2d, 0x9a, 0x2d, 0x9a, 0x2d, 0x7a, 0x2d, 0x7a, 0x2d, 0x7a, 0x2d,
    0x7a, 0x2d, 0x9a, 0x2d, 0x7b, 0x2d, 0x9a, 0x2d, 0x7a, 0x2d, 0x9a, 0x2d,
    0x9b, 0x2d, 0x7a, 0x2d, 0x9a, 0x2d, 0x9b, 0x2d, 0x7a, 0x2d, 0x9a, 0x25,
    0x7a, 0x2d, 0x7a, 0x2d, 0x9a, 0x2d, 0x9a, 0x2d, 0x7a, 0x25, 0x7b, 0x25,
    0x7b, 0x2d, 0x9a, 0x2d, 0x9b, 0x25, 0x7a, 0x2d, 0x9a, 0x2d, 0x7a, 0x25,
    0x7a, 0x2d, 0x7a, 0x2d, 0x9a, 0x25, 0x7a, 0x2d, 0x9b, 0x2d, 0x7a, 0x25,
    0x7a, 0x2d, 0x9b, 0x2d, 0x7a, 0x2d, 0x7a, 0x2d, 0x7a, 0x2d, 0x7a, 0x2d,
    0x7b, 0x2d, 0x9a, 0x2d, 0x7a, 0x2d, 0x7a, 0x2d, 0x7b, 0x2d, 0x7a, 0x2d,
    0x7a, 0x2d, 0x7b, 0x2d, 0x9a, 0x2d, 0x7a, 0x2d, 0x9b, 0x25, 0x9a, 0x2d,
    0x7b, 0x2d, 0x7a, 0x2d, 0x9b, 0x2d, 0x7a, 0x2d, 0x7a, 0x2d, 0x9b, 0x2d,
    0x7a, 0x2d, 0x9b, 0x2d, 0x7a, 0x2d, 0x7a, 0x2d, 0x9b, 0x2d, 0x7a, 0x2d,
    0x9a, 0x2d, 0x7a, 0x2d, 0x7b, 0x2d, 0x9a, 0x2d, 0x7a, 0x2d, 0x9b, 0x2d,
    0x9b, 0x35, 0x9b, 0x35, 0x7a, 0x2d, 0x9b, 0x35, 0x9a, 0x2d, 0x7a, 0x2d,
    0x7b, 0x35, 0x9a, 0x35, 0x9a, 0x2d, 0x9a, 0x35, 0x7a, 0x2d, 0x9a, 0x35,
    0x9a, 0x35, 0x9a, 0x35, 0x9b, 0x2d, 0x7a, 0x2d, 0x9a, 0x2d, 0x9b, 0x35,
    0x7a, 0x35, 0x9a, 0x2d, 0x9b, 0x35, 0x9a, 0x35, 0x9a, 0x35, 0x9a, 0x35,
    0x9a, 0x35, 0x7b, 0x35, 0x9b, 0x35, 0x7a, 0x2d, 0x9b, 0x35, 0x9a, 0x2d,
    0x7a, 0x2d, 0x9a, 0x35, 0x7a, 0x35, 0x9b, 0x35, 0x9b, 0x35, 0x7a, 0x2d,
    0x9a, 0x35, 0x9b, 0x35, 0x7a, 0x2d, 0x7a, 0x2d, 0x9b, 0x2d, 0x7a, 0x35,
    0x9a, 0x2d, 0x9b, 0x2d, 0x7a, 0x2d, 0x9a, 0x2d, 0x9a, 0x2d, 0x7b, 0x35,
    0x7a, 0x2d, 0x7a, 0x2d, 0x9b, 0x2d, 0x7a, 0x2d, 0x9b, 0x2d, 0x7a, 0x2d,
    0x9a, 0x2d, 0x9b, 0x2d, 0x7a, 0x2d, 0x9a, 0x2d, 0x7a, 0x2d, 0x7a, 0x2d,
    0x7a, 0x2d, 0x7b, 0x2d, 0x7a, 0x2d, 0x7a, 0x2d, 0x7a, 0x2d, 0x7a, 0x2d,
    0x9b, 0x2d, 0x7a, 0x2d, 0x7a, 0x2d, 0x9b, 0x2d, 0x9a, 0x2d, 0x7a, 0x2d,
    0x7a, 0x2d, 0x7b, 0x2d, 0x7a, 0x2d, 0x9a, 0x2d, 0x9b, 0x2d, 0x7a, 0x2d,
    0x9b, 0x2d, 0x9b, 0x2d, 0x7a, 0x25, 0x7a, 0x2d, 0x9a, 0x2d, 0x9b, 0x2d,
    0x7a, 0x2d, 0x7a, 0x2d, 0x7b, 0x2d, 0x9a, 0x2d, 0x7a, 0x2d, 0x7a, 0x2d,
    0x9a, 0x2d, 0x7a, 0x2d, 0x7b, 0x2d, 0x9b, 0x2d, 0x7a, 0x2d, 0x7a, 0x2d,
    0x7b, 0x25, 0x7a, 0x2d, 0x7b, 0x2d, 0x9a, 0x2d, 0x7a, 0x2d, 0x7a, 0x2d,
    0x7a, 0x2d, 0x9b, 0x2d, 0x7a, 0x25, 0x7a, 0x2d, 0x7a, 0x2d, 0x7a, 0x25,
    0x7a, 0x2d, 0x9a, 0x2d, 0x7b, 0x2d, 0x7a, 0x2d, 0x7b, 0x25, 0x7b, 0x2d,
    0x7a, 0x2d, 0x9a, 0x25, 0x7b, 0x2d, 0x7a, 0x2d, 0x9b, 0x2d, 0x7a, 0x2d,
    0x7a, 0x2d, 0x7b, 0x2d, 0x7a, 0x2d, 0x9b, 0x25, 0x7a, 0x2d, 0x7a, 0x2d,
    0x9a, 0x25, 0x7a, 0x2d, 0x9b, 0x2d, 0x7a, 0x2d, 0x7b, 0x25, 0x7b, 0x2d,
    0x9a, 0x2d, 0x7a, 0x2d, 0x7b, 0x2d, 0x7a, 0x2d, 0x9a, 0x2d, 0x7b, 0x2d,
    0x7a, 0x25, 0x9a, 0x2d, 0x7a, 0x2d, 0x7b, 0x25, 0x7a, 0x2d, 0x7b, 0x2d,
    0x9a, 0x25, 0x9b, 0x2d, 0x7a, 0x25, 0x9a, 0x2d, 0x7b, 0x2d, 0x7b, 0x2d,
    0x9b, 0x25, 0x7b, 0x2d, 0x9a, 0x2d, 0x7b, 0x2d, 0x7a, 0x2d, 0x9b, 0x2d,
    0x9b, 0x2d, 0x9b, 0x2d, 0x7a, 0x2d, 0x7a, 0x2d, 0x7b, 0x2d, 0x9a, 0x2d,
    0x9b, 0x2d, 0x7a, 0x2d, 0x7a, 0x2d, 0x9b, 0x2d, 0x7a, 0x2d, 0x7b, 0x2d,
    0x9b, 0x2d, 0x7a, 0x2d, 0x9b, 0x2d, 0x9b, 0x2d, 0x9b, 0x2d, 0x9b, 0x2d,
    0x9a, 0x2d, 0x9b, 0x2d, 0x9a, 0x2d, 0x9a, 0x2d, 0x7a, 0x2d, 0x9a, 0x2d,
    0x9b, 0x2d, 0x9a, 0x2d, 0x7a, 0x2d, 0x9b, 0x2d, 0x9a, 0x2d, 0x7b, 0x2d,
    0x9b, 0x2d, 0x9b, 0x2d, 0x9a, 0x2d, 0x9a, 0x2d, 0x7a, 0x2d, 0x9a, 0x2d,
    0x9a, 0x2d, 0x7a, 0x2d, 0x7a, 0x2d, 0x9b, 0x2d, 0x9b, 0x2d, 0x7b, 0x2d,
    0x9a, 0x2d, 0x9b, 0x2d, 0x7b, 0x2d, 0x7a, 0x2d, 0x9b, 0x2d, 0x9a, 0x2d,
    0x7a, 0x2d, 0x7a, 0x2d, 0x7a, 0x2d, 0x9b, 0x2d, 0x7a, 0x25, 0x7a, 0x2d,
    0x9a, 0x2d, 0x7a, 0x25, 0x9b, 0x2d, 0x9a, 0x2d, 0x7a, 0x2d, 0x9a, 0x2d,
    0x9b, 0x2d, 0x7a, 0x2d, 0x9a, 0x2d, 0x7a, 0x2d, 0x9a, 0x2d, 0x9b, 0x2d,
    0x9a, 0x2d, 0x7a, 0x2d, 0x7a, 0x2d, 0x9b, 0x2d, 0x9a, 0x2d, 0x9a, 0x2d,
    0x9b, 0x2d, 0x7a, 0x2d, 0x7a, 0x2d, 0x9a, 0x2d, 0x9a, 0x2d, 0x7a, 0x2d,
    0x9b, 0x35, 0x9a, 0x2d, 0x9a, 0x2d, 0x7b, 0x35, 0x7b, 0x2d, 0x9a, 0x2d,
    0x9a, 0x2d, 0x9a, 0x35, 0x7b, 0x35, 0x9a, 0x2d, 0x9a, 0x35, 0x7a, 0x2d,
    0x9b, 0x2d, 0x7a, 0x35, 0x7a, 0x2d, 0x9b, 0x35, 0x7a, 0x2d, 0x9b, 0x35,
    0x7a, 0x2d, 0x9a, 0x2d, 0x9b, 0x35, 0x9a, 0x35, 0x9a, 0x35, 0x9a, 0x2d,
    0x9b, 0x35, 0x9a, 0x35, 0x9a, 0x35, 0x7b, 0x2d, 0x9a, 0x35, 0x9a, 0x35,
    0x9a, 0x35, 0x7a, 0x35, 0x9b, 0x35, 0x9a, 0x2d, 0x7a, 0x35, 0x9b, 0x35,
    0x9a, 0x2d, 0x7b, 0x35, 0x9a, 0x35, 0x7a, 0x2d, 0x9b, 0x2d, 0x7a, 0x2d,
    0x9a, 0x35, 0x7a, 0x35, 0x9a, 0x35, 0x7b, 0x2d, 0x7a, 0x35, 0x9a, 0x35,
    0x7b, 0x35, 0x7b, 0x2d, 0x7a, 0x35, 0x9a, 0x35, 0x9a, 0x2d, 0x7a, 0x2d,
    0x7a, 0x2d, 0x9b, 0x2d, 0x7a, 0x2d, 0x9b, 0x2d, 0x7a, 0x2d, 0x7a, 0x2d,
    0x9a, 0x2d, 0x7b, 0x2d, 0x9a, 0x2d, 0x7a, 0x2d, 0x9b, 0x2d, 0x9a, 0x2d,
    0x9b, 0x2d, 0x9a, 0x2d, 0x9b, 0x2d, 0x9a, 0x2d, 0x7a, 0x2d, 0x9b, 0x2d,
    0x7a, 0x2d, 0x7b, 0x2d, 0x7b, 0x2d, 0x9a, 0x2d, 0x7a, 0x2d, 0x9b, 0x2d,
    0x9a, 0x2d, 0x7a, 0x2d, 0x9b, 0x2d, 0x7a, 0x2d, 0x7a, 0x2d, 0x9a, 0x2d,
    0x7a, 0x2d, 0x9a, 0x2d, 0x7a, 0x2d, 0x7a, 0x2d, 0x9b, 0x2d, 0x7a, 0x2d,
    0x7a, 0x2d, 0x9b, 0x2d, 0x7a, 0x2d, 0x9a, 0x2d, 0x9b, 0x2d, 0x9b, 0x2d,
    0x9a, 0x2d, 0x7a, 0x2d, 0x7a, 0x2d, 0x9a, 0x2d, 0x7a, 0x2d, 0x7a, 0x2d,
    0x9b, 0x2d, 0x7a, 0x2d, 0x9a, 0x2d, 0x9b, 0x2d, 0x7b, 0x2d, 0x9b, 0x2d,
    0x9a, 0x2d, 0x7a, 0x2d, 0x9b, 0x2d, 0x7a, 0x2d, 0x7b, 0x2d, 0x9b, 0x2d,
    0x7a, 0x2d, 0x7b, 0x2d, 0x9a, 0x2d, 0x9a, 0x2d, 0x7a, 0x25, 0x7b, 0x2d,
    0x7a, 0x2d, 0x9a, 0x2d, 0x7b, 0x25, 0x7a, 0x25, 0x7a, 0x2d, 0x7a, 0x25,
    0x7b, 0x2d, 0x7a, 0x25, 0x9a, 0x2d, 0x7b, 0x2d, 0x7a, 0x25, 0x7a, 0x2d,
    0x7a, 0x2d, 0x7b, 0x25, 0x7a, 0x2d, 0x9a, 0x25, 0x7a, 0x2d, 0x9a, 0x2d,
    0x7a, 0x25, 0x7a, 0x25, 0x9a, 0x2d, 0x7a, 0x2d, 0x7b, 0x2d, 0x7a, 0x2d,
    0x9a, 0x2d, 0x7a, 0x2d, 0x9b, 0x2d, 0x7a, 0x2d, 0x9a, 0x2d, 0x7a, 0x2d,
    0x7b, 0x2d, 0x7a, 0x25, 0x9a, 0x2d, 0x9b, 0x25, 0x7a, 0x25, 0x7a, 0x2d,
    0x9a, 0x2d, 0x7a, 0x25, 0x7b, 0x2d, 0x7a, 0x2d, 0x9b, 0x2d, 0x9a, 0x2d,
    0x7a, 0x2d, 0x7a, 0x2d, 0x9b, 0x2d, 0x9b, 0x2d, 0x7a, 0x2d, 0x7a, 0x2d,
    0x9a, 0x2d, 0x7b, 0x25, 0x9b, 0x2d, 0x7a, 0x2d, 0x9b, 0x2d, 0x9a, 0x2d,
    0x7a, 0x2d, 0x7b, 0x2d, 0x7a, 0x2d, 0x9a, 0x2d, 0x9a, 0x2d, 0x7a, 0x2d,
    0x7a, 0x2d, 0xbb, 0x2d, 0x9a, 0x2d, 0x9a, 0x2d, 0x9b, 0x2d, 0x9b, 0x2d,
    0x9a, 0x2d, 0x9a, 0x2d, 0x9a, 0x2d, 0x9b, 0x2d, 0x7a, 0x2d, 0x9a, 0x2d,
    0x9a, 0x2d, 0x7a, 0x2d, 0x7b, 0x2d, 0x9b, 0x2d, 0x9b, 0x2d, 0x9a, 0x2d,
    0x9a, 0x2d, 0x7b, 0x2d, 0x9a, 0x2d, 0x9a, 0x2d, 0x9a, 0x2d, 0x7a, 0x2d,
    0x9a, 0x2d, 0x7a, 0x2d, 0x9a, 0x2d, 0x7a, 0x2d, 0x7b, 0x2d, 0x7a, 0x2d,
    0x9b, 0x2d, 0x7a, 0x2d, 0x9b, 0x2d, 0x7a, 0x2d, 0x7a, 0x2d, 0x9b, 0x2d,
    0x9b, 0x2d, 0x7a, 0x2d, 0x9a, 0x2d, 0x7b, 0x2d, 0x9a, 0x2d, 0x9a, 0x2d,
    0x7a, 0x2d, 0x9b, 0x2d, 0x7a, 0x2d, 0x9b, 0x2d, 0x7a, 0x2d, 0x9a, 0x2d,
    0x9a, 0x2d, 0x7a, 0x2d, 0x9b, 0x2d, 0x7a, 0x2d, 0x7b, 0x2d, 0x9a, 0x2d,
    0x7a, 0x2d, 0x9b, 0x2d, 0x9b, 0x2d, 0x7a, 0x2d, 0x9a, 0x2d, 0x9a, 0x2d,
    0x7a, 0x2d, 0x9b, 0x35, 0x7a, 0x2d, 0x9a, 0x35, 0x9a, 0x35, 0x7a, 0x2d,
    0x9a, 0x2d, 0x9a, 0x35, 0x7a, 0x2d, 0x9a, 0x2d, 0x9b, 0x35, 0x7a, 0x2d,
    0x9a, 0x35, 0x9a, 0x2d, 0x9a, 0x35, 0x9b, 0x35, 0x9a, 0x35, 0x9b, 0x35,
    0x9a, 0x35, 0x7a, 0x2d, 0x9a, 0x35, 0x9b, 0x35, 0x9a, 0x35, 0x9b, 0x35,
    0x9a, 0x35, 0x9a, 0x35, 0x9b, 0x35, 0x9a, 0x35, 0x9a, 0x35, 0x9a, 0x2d,
    0x7a, 0x35, 0x9b, 0x2d, 0x7a, 0x35, 0x9a, 0x35, 0x7a, 0x35, 0x7b, 0x35,
    0x9a, 0x2d, 0x7a, 0x2d, 0x9b, 0x2d, 0x9a, 0x35, 0x9a, 0x35, 0x9b, 0x35,
    0x9b, 0x2d, 0x7a, 0x35, 0x9a, 0x35, 0x9b, 0x35, 0x9a, 0x2d, 0x9a, 0x2d,
    0x7a, 0x2d, 0x9a, 0x35, 0x9b, 0x2d, 0x7a, 0x2d, 0x7b, 0x35, 0x9a, 0x35,
    0x9b, 0x2d, 0x9a, 0x35, 0x9a, 0x35, 0x7b, 0x35, 0x9a, 0x35, 0x7a, 0x2d,
    0x9b, 0x35, 0x7a, 0x2d, 0x7a, 0x2d, 0x7a, 0x2d, 0x7a, 0x2d, 0x9a, 0x2d,
    0x9b, 0x2d, 0x9a, 0x2d, 0x7a, 0x2d, 0x9b, 0x2d, 0x9b, 0x35, 0x9a, 0x2d,
    0x9a, 0x2d, 0x7a, 0x2d, 0x9b, 0x2d, 0x7a, 0x2d, 0x7a, 0x2d, 0x9b, 0x2d,
    0x7a, 0x2d, 0x9a, 0x2d, 0x9b, 0x2d, 0x7b, 0x2d, 0x9a, 0x2d, 0x7a, 0x2d,
    0x7a, 0x2d, 0x9b, 0x2d, 0x9b, 0x2d, 0x7a, 0x2d, 0x7a, 0x2d, 0x9a, 0x2d,
    0x7b, 0x2d, 0x7a, 0x2d, 0x9a, 0x2d, 0x7b, 0x2d, 0x7a, 0x2d, 0x7a, 0x2d,
    0x9b, 0x2d, 0x7a, 0x2d, 0x9a, 0x2d, 0x9b, 0x2d, 0x7a, 0x2d, 0x7b, 0x2d,
    0x9a, 0x2d, 0x9a, 0x2d, 0x7a, 0x2d, 0x7a, 0x25, 0x7a, 0x2d, 0x9a, 0x2d,
    0x7a, 0x2d, 0x9b, 0x2d, 0x7a, 0x2d, 0x9a, 0x2d, 0x7a, 0x2d, 0x7a, 0x25,
    0x7b, 0x2d, 0x7a, 0x2d, 0x7b, 0x25, 0x7a, 0x2d, 0x7a, 0x2d, 0x7b, 0x2d,
    0x7a, 0x2d, 0x7a, 0x2d, 0x7b, 0x25, 0x7a, 0x2d, 0x7a, 0x2d, 0x7b, 0x25,
    0x7a, 0x25, 0x9a, 0x2d, 0x7a, 0x2d, 0x7a, 0x2d, 0x9b, 0x2d, 0x7b, 0x2d,
    0x7a, 0x2d, 0x7b, 0x2d, 0x7a, 0x2d, 0x7a, 0x25, 0x9b, 0x2d, 0x7a, 0x2d,
    0x7b, 0x2d, 0x7b, 0x2d, 0x9a, 0x25, 0x9a, 0x2d, 0x9b, 0x2d, 0x9a, 0x2d,
    0x7b, 0x25, 0x9b, 0x2d, 0x7a, 0x2d, 0x9a, 0x2d, 0x9b, 0x25, 0x7a, 0x2d,
    0x7a, 0x2d, 0x9b, 0x2d, 0x7a, 0x2d, 0x7a, 0x2d, 0x9b, 0x2d, 0x9a, 0x2d,
    0x7b, 0x2d, 0x9a, 0x2d, 0x7a, 0x2d, 0x7a, 0x2d, 0x9a, 0x2d, 0x7b, 0x2d,
    0x7a, 0x2d, 0x7a, 0x25, 0x9a, 0x2d, 0x9a, 0x2d, 0x7a, 0x2d, 0x9b, 0x2d,
    0x9b, 0x2d, 0x7a, 0x2d, 0x9a, 0x2d, 0x9a, 0x2d, 0x7a, 0x2d, 0x9a, 0x2d,
    0x9a, 0x2d, 0x9a, 0x2d, 0x9a, 0x2d, 0x9a, 0x2d, 0x9a, 0x2d, 0x9a, 0x35,
    0x7a, 0x35, 0xdb, 0x2d, 0xdc, 0x2d, 0x99, 0x35, 0xf6, 0x54, 0xb5, 0x5c,
    0xf6, 0x4c, 0x79, 0x35, 0xfb, 0x25, 0x9b, 0x2d, 0x9a, 0x2d, 0x9a, 0x2d,
    0x7b, 0x2d, 0x9a, 0x2d, 0x7a, 0x2d, 0x7a, 0x2d, 0x9b, 0x2d, 0x9a, 0x2d,
    0x7a, 0x2d, 0x9b, 0x2d, 0x7a, 0x2d, 0x9b, 0x2d, 0x9b, 0x2d, 0x7a, 0x2d,
    0x9b, 0x2d, 0x9b, 0x2d, 0x7a, 0x2d, 0x9a, 0x2d, 0x9a, 0x2d, 0x9a, 0x2d,
    0x7a, 0x2d, 0x9a, 0x2d, 0x9b, 0x2d, 0x9a, 0x2d, 0x7a, 0x2d, 0x9b, 0x2d,
    0x7a, 0x2d, 0x7a, 0x2d, 0x7a, 0x2d, 0x7a, 0x2d, 0x9b, 0x2d, 0x7a, 0x2d,
    0x7a, 0x2d, 0x9b, 0x2d, 0x7a, 0x2d, 0x7b, 0x2d, 0x7b, 0x2d, 0x7a, 0x2d,
    0x9a, 0x2d, 0x7b, 0x2d, 0x9a, 0x2d, 0x9a, 0x2d, 0x7a, 0x2d, 0x7a, 0x2d,
    0x9a, 0x2d, 0x7a, 0x2d, 0x7a, 0x2d, 0x9a, 0x2d, 0x7b, 0x35, 0x7a, 0x2d,
    0x9b, 0x2d, 0x7a, 0x2d, 0x9a, 0x2d, 0x7a, 0x2d, 0x9a, 0x35, 0x9b, 0x2d,
    0x7a, 0x2d, 0x9b, 0x35, 0x9b, 0x2d, 0x9a, 0x35, 0x9a, 0x2d, 0x9b, 0x35,
    0x9a, 0x35, 0x9b, 0x2d, 0x9b, 0x35, 0x9a, 0x2d, 0x9a, 0x2d, 0x9a, 0x35,
    0x9a, 0x35, 0x9a, 0x35, 0x7a, 0x35, 0x9b, 0x35, 0x9a, 0x2d, 0x7a, 0x35,
    0x7a, 0x2d, 0x9b, 0x35, 0x9a, 0x35, 0x9a, 0x35, 0x7a, 0x35, 0x9b, 0x35,
    0x9a, 0x35, 0x9b, 0x35, 0x9a, 0x35, 0x7b, 0x2d, 0x9a, 0x35, 0x9a, 0x35,
    0x7a, 0x2d, 0x9a, 0x35, 0x7a, 0x35, 0x9b, 0x2d, 0x7a, 0x35, 0x7a, 0x2d,
    0x9b, 0x2d, 0x7a, 0x2d, 0x9b, 0x35, 0x7a, 0x35, 0x9b, 0x35, 0x9a, 0x35,
    0x7a, 0x2d, 0x9a, 0x35, 0x9b, 0x35, 0x9b, 0x2d, 0x9a, 0x35, 0x9b, 0x2d,
    0x7a, 0x35, 0x7a, 0x2d, 0x7a, 0x2d, 0x9b, 0x2d, 0x7a, 0x2d, 0x7a, 0x2d,
    0x9b, 0x35, 0x9a, 0x2d, 0x7b, 0x35, 0x9b, 0x35, 0x9a, 0x2d, 0x9b, 0x2d,
    0x7a, 0x35, 0x7a, 0x2d, 0x9a, 0x2d, 0x9a, 0x35, 0x7a, 0x2d, 0x7b, 0x2d,
    0x9a, 0x2d, 0x7a, 0x2d, 0x9a, 0x2d, 0x7b, 0x2d, 0x9a, 0x2d, 0x7a, 0x2d,
    0x7b, 0x2d, 0x9a, 0x2d, 0x7a, 0x2d, 0x7a, 0x2d, 0x9b, 0x2d, 0x9b, 0x2d,
    0x9a, 0x2d, 0x7a, 0x2d, 0x9b, 0x2d, 0x9a, 0x2d, 0x7a, 0x2d, 0x7a, 0x2d,
    0x9a, 0x2d, 0x9a, 0x2d, 0x9b, 0x2d, 0x9a, 0x2d, 0x7a, 0x2d, 0x9a, 0x2d,
    0x7b, 0x2d, 0x7a, 0x2d, 0x9a, 0x2d, 0x7b, 0x2d, 0x9a, 0x2d, 0x7a, 0x2d,
    0x9b, 0x2d, 0x7a, 0x2d, 0x7a, 0x2d, 0x9b, 0x2d, 0x9a, 0x2d, 0x7a, 0x2d,
    0x7b, 0x2d, 0x9a, 0x2d, 0x7a, 0x2d, 0x9a, 0x2d, 0x9b, 0x2d, 0x7a, 0x2d,
    0x7a, 0x2d, 0x9a, 0x2d, 0x9a, 0x2d, 0x7b, 0x2d, 0x7a, 0x2d, 0x9a, 0x2d,
    0x7b, 0x25, 0x7a, 0x2d, 0x9a, 0x2d, 0x7b, 0x2d, 0x9a, 0x2d, 0x7b, 0x2d,
    0x7a, 0x2d, 0x7a, 0x2d, 0x7a, 0x25, 0x7a, 0x2d, 0x7a, 0x25, 0x9a, 0x2d,
    0x9b, 0x2d, 0x7a, 0x25, 0x7a, 0x2d, 0x7a, 0x2d, 0x7b, 0x2d, 0x7a, 0x25,
    0x9b, 0x2d, 0x9b, 0x2d, 0x7a, 0x2d, 0x7b, 0x25, 0x9a, 0x2d, 0x9a, 0x2d,
    0x7a, 0x2d, 0x9b, 0x2d, 0x7a, 0x2d, 0x7b, 0x2d, 0x9a, 0x2d, 0x9b, 0x2d,
    0x7a, 0x2d, 0x9a, 0x2d, 0x9b, 0x2d, 0x7a, 0x2d, 0x9a, 0x2d, 0x7b, 0x2d,
    0x9a, 0x2d, 0x7a, 0x25, 0x9b, 0x2d, 0x9b, 0x2d, 0x9a, 0x2d, 0x9a, 0x2d,
    0x7b, 0x2d, 0x9b, 0x2d, 0x7a, 0x2d, 0x9b, 0x2d, 0x9a, 0x2d, 0x9a, 0x2d,
    0x9b, 0x2d, 0x7a, 0x2d, 0x9a, 0x2d, 0x9b, 0x2d, 0x9b, 0x2d, 0x9a, 0x2d,
    0x9a, 0x2d, 0x9b, 0x2d, 0x9b, 0x2d, 0x9a, 0x35, 0xdb, 0x25, 0x58, 0x45,
    0x11, 0x74, 0x89, 0xaa, 0x62, 0xe1, 0x22, 0xe9, 0x42, 0xe1, 0x22, 0xe9,
    0x02, 0xe1, 0xc2, 0xe8, 0x44, 0xd9, 0x6f, 0x8b, 0x58, 0x3d, 0xbb, 0x2d,
    0x9a, 0x2d, 0x9b, 0x2d, 0x9a, 0x2d, 0x9a, 0x2d, 0x9a, 0x2d, 0x9a, 0x2d,
    0x9b, 0x2d, 0x9a, 0x2d, 0x9a, 0x2d, 0x9a, 0x2d, 0x9a, 0x2d, 0x9b, 0x2d,
    0x9a, 0x2d, 0x9a, 0x2d, 0x7b, 0x2d, 0x9a, 0x2d, 0x9a, 0x2d, 0x7b, 0x2d,
    0x7a, 0x2d, 0x9b, 0x2d, 0x7a, 0x2d, 0x7a, 0x2d, 0x9b, 0x2d, 0x9a, 0x2d,
    0x9a, 0x2d, 0x9b, 0x2d, 0x7b, 0x2d, 0x9a, 0x2d, 0x9b, 0x2d, 0x9a, 0x2d,
    0x7a, 0x2d, 0x9a, 0x2d, 0x7a, 0x2d, 0x9a, 0x2d, 0x9a, 0x2d, 0x7b, 0x2d,
    0x9b, 0x2d, 0x9a, 0x2d, 0x7b, 0x2d, 0x9a, 0x2d, 0x9b, 0x2d, 0x9a, 0x2d,
    0x9b, 0x2d, 0x7a, 0x2d, 0x9a, 0x2d, 0x9b, 0x35, 0x9a, 0x35, 0x9b, 0x35,
    0x9a, 0x2d, 0x9b, 0x35, 0x9b, 0x2d, 0x9a, 0x35, 0x9b, 0x35, 0x9a, 0x35,
    0x7a, 0x35, 0x9a, 0x35, 0x9a, 0x35, 0x7a, 0x35, 0x9a, 0x2d, 0x7b, 0x35,
    0x9a, 0x35, 0x7a, 0x35, 0x9a, 0x35, 0x7a, 0x2d, 0x7a, 0x35, 0x9b, 0x35,
    0x9a, 0x35, 0x9a, 0x2d, 0x9b, 0x35, 0x9a, 0x35, 0x9a, 0x35, 0x9a, 0x35,
    0x9a, 0x35, 0x7a, 0x35, 0x9b, 0x35, 0x9a, 0x35, 0x9b, 0x35, 0x9a, 0x35,
    0x9a, 0x35, 0x9a, 0x35, 0x9a, 0x35, 0x9b, 0x35, 0x9a, 0x35, 0x9a, 0x2d,
    0x9b, 0x35, 0x9b, 0x35, 0x9a, 0x35, 0x9a, 0x2d, 0x9a, 0x2d, 0x9a, 0x35,
    0x9a, 0x35, 0x9a, 0x35, 0x9a, 0x2d, 0x9a, 0x2d, 0x7a, 0x2d, 0x9b, 0x35,
    0x7a, 0x2d, 0x9a, 0x35, 0x7a, 0x2d, 0x7a, 0x35, 0x9a, 0x35, 0x7a, 0x2d,
    0x7a, 0x2d, 0x9b, 0x35, 0x9a, 0x2d, 0x9a, 0x2d, 0x9a, 0x35, 0x7a, 0x2d,
    0x9b, 0x2d, 0x7a, 0x2d, 0x9a, 0x2d, 0x9a, 0x35, 0x7a, 0x2d, 0x7a, 0x35,
    0x9b, 0x35, 0x9a, 0x2d, 0x9b, 0x35, 0x7a, 0x2d, 0x9a, 0x2d, 0x9b, 0x35,
    0x9a, 0x35, 0x9a, 0x2d, 0x7a, 0x35, 0x9a, 0x2d, 0x9a, 0x2d, 0x7a, 0x2d,
    0x9a, 0x2d, 0x9b, 0x2d, 0x7b, 0x2d, 0x9a, 0x2d, 0x7a, 0x2d, 0x9a, 0x2d,
    0x9a, 0x2d, 0x9a, 0x2d, 0x7a, 0x2d, 0x7b, 0x2d, 0x9b, 0x2d, 0x7a, 0x2d,
    0x9b, 0x2d, 0x7b, 0x2d, 0x7a, 0x2d, 0x9b, 0x2d, 0x9a, 0x2d, 0x9a, 0x2d,
    0x9a, 0x2d, 0x7a, 0x2d, 0x7a, 0x2d, 0x9a, 0x2d, 0x7a, 0x2d, 0x9a, 0x2d,
    0x9b, 0x2d, 0x7a, 0x2d, 0x9a, 0x2d, 0x7b, 0x2d, 0x9b, 0x2d, 0x7a, 0x2d,
    0x9b, 0x2d, 0x7a, 0x2d, 0x7b, 0x2d, 0x7a, 0x2d, 0x9b, 0x2d, 0x9a, 0x2d,
    0x9a, 0x2d, 0x9b, 0x2d, 0x7a, 0x2d, 0x9a, 0x2d, 0x9b, 0x2d, 0x9a, 0x2d,
    0x9a, 0x2d, 0x9b, 0x2d, 0x9a, 0x2d, 0x9a, 0x2d, 0x7a, 0x25, 0x7a, 0x2d,
    0x9b, 0x2d, 0x9b, 0x2d, 0x9b, 0x2d, 0x9a, 0x2d, 0x7a, 0x25, 0x9b, 0x2d,
    0x9a, 0x2d, 0x9a, 0x2d, 0x9a, 0x2d, 0x9b, 0x2d, 0x9b, 0x2d, 0x9a, 0x2d,
    0x7a, 0x2d, 0x9a, 0x2d, 0x9a, 0x2d, 0x7a, 0x2d, 0x9b, 0x2d, 0x9a, 0x2d,
    0x9a, 0x2d, 0x9a, 0x2d, 0x9a, 0x2d, 0x7a, 0x2d, 0x9a, 0x2d, 0x9a, 0x2d,
    0x9b, 0x2d, 0x7a, 0x2d, 0x9a, 0x2d, 0x9b, 0x2d, 0x9a, 0x2d, 0x9a, 0x2d,
    0x7b, 0x2d, 0x9a, 0x2d, 0x9a, 0x2d, 0x7a, 0x2d, 0x9a, 0x2d, 0x9a, 0x2d,
    0x9a, 0x2d, 0x9a, 0x2d, 0x9b, 0x2d, 0x9a, 0x2d, 0x9b, 0x2d, 0x7a, 0x2d,
    0x9a, 0x2d, 0x9a, 0x2d, 0x9a, 0x2d, 0x9a, 0x2d, 0x9a, 0x2d, 0x9b, 0x35,
    0x9b, 0x35, 0x9a, 0x2d, 0xdb, 0x35, 0x72, 0x6c, 0xe6, 0xc9, 0x63, 0xe9,
    0xc3, 0xe1, 0xc3, 0xe1, 0xc3, 0xe1, 0xa3, 0xe1, 0x83, 0xe1, 0xa3, 0xe1,
    0x83, 0xe1, 0x63, 0xe1, 0x63, 0xd9, 0x63, 0xe1, 0x02, 0xe1, 0x8f, 0x83,
    0xba, 0x2d, 0x9b, 0x2d, 0xbb, 0x2d, 0xdb, 0x25, 0xdb, 0x2d, 0x9a, 0x35,
    0x9a, 0x35, 0xbb, 0x35, 0x9a, 0x35, 0x9a, 0x2d, 0x9a, 0x2d, 0x9a, 0x35,
    0x9a, 0x2d, 0x9b, 0x2d, 0x9a, 0x2d, 0x7a, 0x2d, 0x7b, 0x2d, 0x9a, 0x2d,
    0x9a, 0x2d, 0x9b, 0x2d, 0x9a, 0x2d, 0x9a, 0x2d, 0x9a, 0x2d, 0x9a, 0x2d,
    0x7b, 0x2d, 0x9a, 0x2d, 0x9a, 0x2d, 0x7a, 0x2d, 0x9a, 0x2d, 0x9b, 0x2d,
    0x7a, 0x2d, 0x9a, 0x2d, 0x9a, 0x2d, 0x7a, 0x2d, 0x9a, 0x2d, 0x9a, 0x2d,
    0x9a, 0x2d, 0x7a, 0x2d, 0x7a, 0x2d, 0x7b, 0x2d, 0x9a, 0x2d, 0x9a, 0x2d,
    0x7a, 0x35, 0x9a, 0x2d, 0x9b, 0x35, 0x9a, 0x2d, 0x9a, 0x2d, 0x9a, 0x2d,
    0x9a, 0x35, 0x9a, 0x35, 0x7a, 0x2d, 0x9a, 0x35, 0x9a, 0x2d, 0x9a, 0x2d,
    0x9b, 0x35, 0x7a, 0x2d, 0x9b, 0x2d, 0x7a, 0x2d, 0x7a, 0x35, 0x9a, 0x2d,
    0x9a, 0x2d, 0x9a, 0x35, 0x9a, 0x35, 0x9b, 0x35, 0x9a, 0x35, 0x7a, 0x35,
    0x9b, 0x2d, 0x9b, 0x35, 0x9a, 0x35, 0x9b, 0x35, 0x9a, 0x35, 0x9b, 0x35,
    0x9b, 0x35, 0x9a, 0x35, 0x9a, 0x35, 0x9b, 0x2d, 0x9a, 0x35, 0x9a, 0x35,
    0x9a, 0x35, 0x9b, 0x35, 0x9a, 0x35, 0x9a, 0x35, 0x9a, 0x35, 0x9b, 0x35,
    0x9a, 0x35, 0x9a, 0x35, 0x9b, 0x2d, 0x9b, 0x35, 0x9b, 0x35, 0x9a, 0x35,
    0x9a, 0x35, 0x9b, 0x35, 0x9a, 0x35, 0x9b, 0x2d, 0x9a, 0x35, 0x9a, 0x35,
    0x9b, 0x35, 0x9b, 0x2d, 0x9a, 0x35, 0x9a, 0x2d, 0x9b, 0x2d, 0x9a, 0x35,
    0x9a, 0x2d, 0x9b, 0x35, 0x9b, 0x35, 0x9a, 0x35, 0x9a, 0x35, 0x9b, 0x35,
    0x9a, 0x35, 0x9a, 0x35, 0x9b, 0x35, 0x9a, 0x35, 0x9a, 0x2d, 0x7a, 0x2d,
    0x9b, 0x35, 0x9a, 0x2d, 0x9a, 0x2d, 0x9b, 0x35, 0x9a, 0x2d, 0x9a, 0x2d,
    0x9b, 0x35, 0x9b, 0x35, 0x9a, 0x35, 0x7a, 0x2d, 0x9b, 0x35, 0x9a, 0x35,
    0x9a, 0x2d, 0x7a, 0x2d, 0x9b, 0x35, 0x9a, 0x35, 0x7a, 0x2d, 0x9b, 0x35,
    0x9b, 0x35, 0x9a, 0x2d, 0x9a, 0x35, 0x7b, 0x2d, 0x9a, 0x2d, 0x9a, 0x2d,
    0x9a, 0x2d, 0x7a, 0x2d, 0x9a, 0x2d, 0x9b, 0x2d, 0x9b, 0x2d, 0x9a, 0x2d,
    0x9a, 0x2d, 0x7b, 0x2d, 0x9b, 0x2d, 0x9b, 0x2d, 0x9a, 0x2d, 0x7a, 0x2d,
    0x9a, 0x2d, 0x9b, 0x2d, 0x7a, 0x2d, 0x9a, 0x2d, 0x9a, 0x2d, 0x9a, 0x2d,
    0x7a, 0x2d, 0x9b, 0x2d, 0x9a, 0x2d, 0x7a, 0x2d, 0x7a, 0x2d, 0x7a, 0x2d,
    0x7a, 0x2d, 0x7b, 0x2d, 0x7a, 0x2d, 0x7a, 0x2d, 0x7a, 0x2d, 0x9b, 0x2d,
    0x7a, 0x2d, 0x7b, 0x2d, 0x7b, 0x2d, 0x9a, 0x2d, 0x7b, 0x2d, 0x7a, 0x2d,
    0x9a, 0x2d, 0x7a, 0x2d, 0x7b, 0x2d, 0x7a, 0x2d, 0x9b, 0x2d, 0x7a, 0x2d,
    0x7a, 0x2d, 0x7a, 0x2d, 0x9b, 0x2d, 0x7a, 0x2d, 0x9a, 0x2d, 0x9a, 0x2d,
    0x9b, 0x2d, 0x9b, 0x2d, 0x9a, 0x2d, 0x9a, 0x2d, 0x7a, 0x2d, 0x9b, 0x2d,
    0x9a, 0x2d, 0x9b, 0x2d, 0x9a, 0x2d, 0x9a, 0x2d, 0x9a, 0x2d, 0x9b, 0x2d,
    0x9a, 0x2d, 0x9a, 0x2d, 0x9a, 0x2d, 0x9b, 0x2d, 0x9a, 0x2d, 0x9a, 0x2d,
    0x9b, 0x2d, 0x9a, 0x2d, 0x9a, 0x2d, 0x9b, 0x2d, 0x9a, 0x2d, 0x9b, 0x2d,
    0x9a, 0x2d, 0x9a, 0x2d, 0x9a, 0x2d, 0x9b, 0x2d, 0x9a, 0x2d, 0x9b, 0x2d,
    0x9a, 0x2d, 0x9b, 0x2d, 0x9b, 0x2d, 0x9a, 0x35, 0x9a, 0x35, 0x9b, 0x35,
    0xdb, 0x2d, 0x94, 0x6c, 0xa4, 0xd1, 0xe2, 0xe1, 0xc3, 0xe1, 0xc4, 0xe1,
    0xe4, 0xe1, 0xc4, 0xe9, 0xc3, 0xe1, 0xc3, 0xe1, 0xa3, 0xe1, 0xa4, 0xe1,
    0xa3, 0xe1, 0x83, 0xe1, 0x63, 0xe1, 0x63, 0xd9, 0x42, 0xd9, 0x22, 0xd9,
    0xaa, 0xaa, 0x12, 0x74, 0xcc, 0xa2, 0x86, 0xc9, 0x08, 0xba, 0x6f, 0x83,
    0xf7, 0x4c, 0xba, 0x2d, 0x9a, 0x2d, 0x9b, 0x2d, 0x9a, 0x35, 0x9b, 0x35,
    0x9a, 0x2d, 0x9b, 0x35, 0x9a, 0x35, 0x9a, 0x2d, 0x9b, 0x2d, 0x9a, 0x35,
    0x9a, 0x35, 0x9b, 0x2d, 0x9a, 0x2d, 0x9b, 0x2d, 0x9a, 0x2d, 0x7a, 0x2d,
    0x9a, 0x2d, 0x7a, 0x2d, 0x9a, 0x2d, 0x7b, 0x2d, 0x9a, 0x2d, 0x9a, 0x2d,
    0x7b, 0x2d, 0x7a, 0x2d, 0x9b, 0x2d, 0x9b, 0x2d, 0x7a, 0x2d, 0x9b, 0x2d,
    0x9a, 0x2d, 0x9b, 0x2d, 0x9a, 0x35, 0x7a, 0x2d, 0x7a, 0x2d, 0x9a, 0x35,
    0x9a, 0x2d, 0x9b, 0x35, 0x9a, 0x2d, 0x7b, 0x2d, 0x7a, 0x35, 0x9b, 0x2d,
    0x7b, 0x2d, 0x9a, 0x35, 0x9a, 0x35, 0x7a, 0x2d, 0x9a, 0x35, 0x7b, 0x35,
    0x9a, 0x2d, 0x9a, 0x35, 0x9a, 0x35, 0x9b, 0x35, 0x9a, 0x35, 0x9a, 0x35,
    0x9b, 0x35, 0x9b, 0x35, 0x9a, 0x35, 0x9a, 0x2d, 0x9a, 0x35, 0x9b, 0x35,
    0x9a, 0x35, 0x7a, 0x35, 0x9a, 0x35, 0x9a, 0x35, 0x9a, 0x2d, 0x9b, 0x35,
    0x9a, 0x35, 0x9a, 0x35, 0x9a, 0x35, 0x9b, 0x35, 0x9a, 0x35, 0x9a, 0x35,
    0x9a, 0x35, 0x9b, 0x35, 0x9b, 0x35, 0x9a, 0x35, 0x9b, 0x35, 0x9a, 0x35,
    0x9a, 0x35, 0x7a, 0x35, 0x9a, 0x35, 0x9a, 0x35, 0x9a, 0x35, 0x9a, 0x2d,
    0x9a, 0x35, 0x9a, 0x35, 0x9b, 0x35, 0x9a, 0x35, 0x7a, 0x35, 0x9a, 0x2d,
    0x9b, 0x35, 0x9a, 0x35, 0x9a, 0x35, 0x9a, 0x35, 0x9b, 0x35, 0x9a, 0x35,
    0x9a, 0x35, 0x9a, 0x2d, 0x9a, 0x35, 0x9b, 0x2d, 0x9b, 0x2d, 0x9a, 0x35,
    0x9a, 0x35, 0x7b, 0x35, 0x9a, 0x2d, 0x9a, 0x35, 0x9b, 0x35, 0x7a, 0x35,
    0x9a, 0x35, 0x9b, 0x35, 0x7a, 0x2d, 0x9b, 0x35, 0x7a, 0x2d, 0x7a, 0x35,
    0x9a, 0x2d, 0x9a, 0x2d, 0x9a, 0x2d, 0x9b, 0x35, 0x9b, 0x35, 0x9a, 0x2d,
    0x9a, 0x2d, 0x9b, 0x35, 0x9a, 0x35, 0x9a, 0x2d, 0x9a, 0x2d, 0x9b, 0x35,
    0x7a, 0x2d, 0x9b, 0x35, 0x9b, 0x2d, 0x9a, 0x35, 0x9a, 0x35, 0x9b, 0x2d,
    0x7a, 0x2d, 0x9a, 0x35, 0x9a, 0x35, 0x9a, 0x2d, 0x7a, 0x2d, 0x9b, 0x35,
    0x9a, 0x35, 0x9a, 0x2d, 0x7a, 0x2d, 0x9a, 0x35, 0x9b, 0x2d, 0x7a, 0x2d,
    0x7a, 0x2d, 0x7b, 0x2d, 0x7a, 0x2d, 0x9b, 0x2d, 0x9a, 0x2d, 0x9b, 0x2d,
    0x7a, 0x2d, 0x9a, 0x2d, 0x9a, 0x2d, 0x7a, 0x2d, 0x9b, 0x2d, 0x9a, 0x2d,
    0x9b, 0x2d, 0x7a, 0x2d, 0x7a, 0x2d, 0x9b, 0x2d, 0x9a, 0x2d, 0x7a, 0x2d,
    0x9a, 0x2d, 0x7a, 0x2d, 0x9a, 0x2d, 0x9b, 0x2d, 0x7a, 0x2d, 0x9b, 0x2d,
    0x9a, 0x2d, 0x7a, 0x2d, 0x9a, 0x2d, 0x9a, 0x2d, 0x7a, 0x2d, 0x9b, 0x2d,
    0x7b, 0x2d, 0x7a, 0x2d, 0x9a, 0x2d, 0x7a, 0x2d, 0x9a, 0x2d, 0x7b, 0x2d,
    0x9a, 0x2d, 0x7a, 0x2d, 0x9b, 0x2d, 0x9a, 0x2d, 0x9a, 0x2d, 0x7b, 0x2d,
    0x9a, 0x2d, 0x9b, 0x2d, 0x9b, 0x2d, 0x9a, 0x2d, 0x9a, 0x2d, 0x9a, 0x2d,
    0x9a, 0x2d, 0x9b, 0x2d, 0x9a, 0x2d, 0x7a, 0x2d, 0x9b, 0x2d, 0x9a, 0x2d,
    0x9a, 0x2d, 0x9b, 0x2d, 0x9a, 0x2d, 0x7a, 0x2d, 0x9b, 0x2d, 0x9a, 0x2d,
    0x7a, 0x2d, 0x9b, 0x2d, 0x9a, 0x35, 0x7a, 0x2d, 0x9a, 0x2d, 0x9a, 0x35,
    0x9b, 0x35, 0x9a, 0x2d, 0x9b, 0x35, 0x9a, 0x35, 0x9a, 0x35, 0x79, 0x3d,
    0xaa, 0xb2, 0xa3, 0xe9, 0xe3, 0xe9, 0x03, 0xea, 0xe4, 0xe1, 0xe4, 0xe9,
    0x04, 0xea, 0xe4, 0xe9, 0xe4, 0xe9, 0xc4, 0xe9, 0xc4, 0xe9, 0xc3, 0xe9,
    0xa3, 0xe1, 0x83, 0xe1, 0x63, 0xe1, 0x63, 0xe1, 0x63, 0xd9, 0x42, 0xd9,
    0x22, 0xd9, 0x43, 0xd9, 0x43, 0xd9, 0x43, 0xd9, 0x63, 0xd9, 0x23, 0xd1,
    0x03, 0xd9, 0xc7, 0xb9, 0x37, 0x4d, 0xbb, 0x35, 0x9b, 0x2d, 0x9a, 0x35,
    0x9a, 0x35, 0x9a, 0x2d, 0x9b, 0x35, 0x9a, 0x35, 0x9a, 0x2d, 0x9a, 0x2d,
    0x9b, 0x35, 0x9a, 0x35, 0x7a, 0x2d, 0x9b, 0x35, 0x7a, 0x2d, 0x9a, 0x2d,
    0x9b, 0x2d, 0x7a, 0x2d, 0x9a, 0x35, 0x7a, 0x2d, 0x9b, 0x2d, 0x9a, 0x35,
    0x9a, 0x2d, 0x9a, 0x2d, 0x9a, 0x2d, 0x9a, 0x35, 0x7a, 0x2d, 0x9a, 0x2d,
    0x9b, 0x35, 0x7a, 0x35, 0x9b, 0x2d, 0x9a, 0x2d, 0x9a, 0x35, 0x9b, 0x2d,
    0x9a, 0x35, 0x9a, 0x35, 0x7a, 0x2d, 0x9b, 0x35, 0x9a, 0x35, 0x9a, 0x35,
    0x9a, 0x35, 0x9b, 0x2d, 0x9a, 0x2d, 0x9a, 0x35, 0x9b, 0x35, 0x9a, 0x35,
    0x7a, 0x2d, 0x9a, 0x35, 0x9b, 0x35, 0x9a, 0x35, 0x9a, 0x35, 0x9a, 0x35,
    0x9a, 0x35, 0x7a, 0x35, 0x9a, 0x35, 0x9b, 0x35, 0x9a, 0x35, 0x9a, 0x35,
    0x9b, 0x35, 0x9a, 0x35, 0x9b, 0x35, 0x9a, 0x35, 0x9a, 0x35, 0x9a, 0x35,
    0x9b, 0x35, 0x9a, 0x35, 0x9a, 0x35, 0x9b, 0x35, 0x9a, 0x35, 0x9b, 0x35,
    0x9a, 0x35, 0x9a, 0x35, 0x9a, 0x35, 0x9a, 0x35, 0x9a, 0x35, 0x9a, 0x35,
    0x9b, 0x35, 0x9a, 0x35, 0x9b, 0x35, 0x9a, 0x35, 0x9a, 0x35, 0x9b, 0x35,
    0x9a, 0x35, 0x9b, 0x35, 0x9a, 0x35, 0x9a, 0x35, 0x9a, 0x35, 0x9b, 0x35,
    0x9a, 0x35, 0x7a, 0x35, 0x9a, 0x35, 0x9b, 0x35, 0x9a, 0x35, 0x9b, 0x35,
    0x9a, 0x35, 0x9a, 0x35, 0x9a, 0x35, 0x9a, 0x35, 0x9a, 0x2d, 0x9a, 0x35,
    0x9a, 0x2d, 0x9a, 0x35, 0x7a, 0x35, 0x9b, 0x35, 0x9a, 0x35, 0x9b, 0x35,
    0x9a, 0x2d, 0x9a, 0x35, 0x9a, 0x35, 0x9a, 0x35, 0x9b, 0x35, 0x9a, 0x35,
    0x9a, 0x35, 0x9a, 0x2d, 0x7a, 0x35, 0x9b, 0x35, 0x7a, 0x2d, 0x7a, 0x35,
    0x9b, 0x35, 0x9a, 0x2d, 0x9b, 0x35, 0x9a, 0x35, 0x9a, 0x35, 0x7a, 0x2d,
    0x9a, 0x35, 0x9a, 0x2d, 0x9a, 0x2d, 0x9a, 0x35, 0x9b, 0x35, 0x9b, 0x35,
    0x9a, 0x2d, 0x9a, 0x2d, 0x9a, 0x35, 0x7a, 0x35, 0x9b, 0x35, 0x9a, 0x2d,
    0x9b, 0x35, 0x9a, 0x35, 0x9a, 0x2d, 0x9a, 0x2d, 0x9a, 0x35, 0x9b, 0x35,
    0x9b, 0x2d, 0x9a, 0x35, 0x9a, 0x2d, 0x9a, 0x35, 0x7b, 0x35, 0x9a, 0x2d,
    0x9b, 0x35, 0x9b, 0x35, 0x7a, 0x2d, 0x9b, 0x2d, 0x9b, 0x2d, 0x9a, 0x2d,
    0x9a, 0x2d, 0x9b, 0x2d, 0x9a, 0x2d, 0x7a, 0x2d, 0x9b, 0x2d, 0x9a, 0x2d,
    0x9a, 0x2d, 0x9a, 0x2d, 0x7a, 0x2d, 0x9a, 0x2d, 0x9a, 0x2d, 0x9a, 0x2d,
    0x9a, 0x2d, 0x7a, 0x2d, 0x9b, 0x2d, 0x7a, 0x2d, 0x9a, 0x2d, 0x9a, 0x2d,
    0x9a, 0x2d, 0x9a, 0x2d, 0x9b, 0x2d, 0x9a, 0x2d, 0x9a, 0x2d, 0x7b, 0x2d,
    0x9a, 0x2d, 0x9a, 0x2d, 0x7b, 0x2d, 0x9a, 0x2d, 0x9b, 0x2d, 0x9a, 0x2d,
    0x9a, 0x2d, 0x9a, 0x2d, 0x9a, 0x35, 0x9a, 0x35, 0x9a, 0x35, 0x9a, 0x35,
    0x9a, 0x35, 0x9a, 0x35, 0x9a, 0x35, 0x9b, 0x2d, 0x7a, 0x2d, 0x9a, 0x35,
    0xbb, 0x35, 0x9a, 0x35, 0x9b, 0x2d, 0x9a, 0x35, 0x9a, 0x35, 0x9a, 0x35,
    0x9a, 0x35, 0x9b, 0x35, 0x9a, 0x2d, 0x9a, 0x35, 0x9b, 0x35, 0x9a, 0x35,
    0x9a, 0x35, 0x9a, 0x35, 0x9a, 0x35, 0xdb, 0x2d, 0x16, 0x55, 0xc5, 0xd9,
    0xe4, 0xe1, 0xc3, 0xe1, 0x03, 0xea, 0x04, 0xea, 0x04, 0xea, 0x24, 0xea,
    0x03, 0xea, 0xe4, 0xe9, 0xe3, 0xe9, 0xc3, 0xe9, 0xc4, 0xe9, 0xa3, 0xe1,
    0xa4, 0xe9, 0x83, 0xe1, 0x63, 0xe1, 0x63, 0xe1, 0x63, 0xe1, 0x43, 0xe1,
    0x43, 0xd9, 0x43, 0xd9, 0x43, 0xd9, 0x43, 0xd9, 0x43, 0xd9, 0x43, 0xd9,
    0x43, 0xd9, 0x23, 0xd9, 0x03, 0xd9, 0xd0, 0x7b, 0xdb, 0x35, 0x9a, 0x35,
    0x9a, 0x35, 0x9a, 0x2d, 0x9a, 0x35, 0x9b, 0x35, 0x9a, 0x35, 0x9a, 0x2d,
    0x9b, 0x2d, 0x9a, 0x2d, 0x9a, 0x35, 0x9a, 0x2d, 0x9a, 0x35, 0x9a, 0x35,
    0x9b, 0x2d, 0x9b, 0x35, 0x9a, 0x2d, 0x9a, 0x35, 0x9a, 0x2d, 0x9a, 0x2d,
    0x9a, 0x35, 0x9a, 0x35, 0x9b, 0x2d, 0x9a, 0x35, 0x7a, 0x2d, 0x9b, 0x35,
    0x9a, 0x2d, 0x9a, 0x35, 0x9a, 0x35, 0x9a, 0x2d, 0x9a, 0x2d, 0x7b, 0x35,
    0x9a, 0x2d, 0x9a, 0x2d, 0x9a, 0x35, 0x9a, 0x35, 0x9a, 0x2d, 0x9a, 0x35,
    0x9a, 0x35, 0x7a, 0x35, 0x9b, 0x2d, 0x9a, 0x35, 0x9a, 0x35, 0x9b, 0x35,
    0x9b, 0x35, 0x9a, 0x35, 0x9a, 0x35, 0x9a, 0x35, 0x9b, 0x35, 0x9a, 0x2d,
    0x9a, 0x35, 0x9a, 0x35, 0x9b, 0x35, 0x9a, 0x2d, 0x9b, 0x35, 0x9a, 0x35,
    0x9a, 0x35, 0x9a, 0x35, 0x9a, 0x35, 0x9b, 0x35, 0x9a, 0x35, 0x9a, 0x35,
    0x9b, 0x35, 0x9a, 0x35, 0x9a, 0x35, 0x9a, 0x35, 0x9b, 0x35, 0x9a, 0x35,
    0x9a, 0x35, 0x9a, 0x35, 0x9a, 0x35, 0x9b, 0x35, 0x9a, 0x35, 0x9a, 0x35,
    0x9a, 0x35, 0x9a, 0x35, 0x9a, 0x35, 0x9b, 0x35, 0x9a, 0x35, 0x9b, 0x35,
    0x9a, 0x35, 0x9a, 0x35, 0x9b, 0x35, 0x9b, 0x35, 0x9a, 0x35, 0x9a, 0x35,
    0x9b, 0x35, 0x9a, 0x2d, 0x9a, 0x2d, 0x9a, 0x35, 0x9a, 0x35, 0x9a, 0x2d,
    0x9b, 0x35, 0x9a, 0x35, 0x9a, 0x35, 0x9b, 0x35, 0x9a, 0x35, 0x9a, 0x35,
    0x9b, 0x35, 0x9b, 0x35, 0x9a, 0x2d, 0x9a, 0x35, 0x9b, 0x35, 0x9a, 0x35,
    0x9a, 0x35, 0x9a, 0x35, 0x9b, 0x35, 0x9a, 0x2d, 0x9a, 0x35, 0x9a, 0x2d,
    0x9b, 0x35, 0x9a, 0x35, 0x9b, 0x35, 0x9a, 0x2d, 0x9a, 0x35, 0x9b, 0x35,
    0x9a, 0x2d, 0x7a, 0x35, 0x9b, 0x35, 0x9b, 0x2d, 0x9a, 0x35, 0x7a, 0x35,
    0x7b, 0x2d, 0x9a, 0x35, 0x9a, 0x35, 0x7b, 0x2d, 0x7a, 0x35, 0x9a, 0x2d,
    0x9b, 0x35, 0x7a, 0x2d, 0x9a, 0x2d, 0x9b, 0x35, 0x9a, 0x2d, 0x7a, 0x2d,
    0x9a, 0x2d, 0x9b, 0x35, 0x7b, 0x35, 0x9b, 0x2d, 0x9a, 0x35, 0x9a, 0x2d,
    0x9a, 0x2d, 0x9a, 0x35, 0x9b, 0x35, 0x9a, 0x2d, 0x9a, 0x2d, 0x9a, 0x2d,
    0x9a, 0x2d, 0x9a, 0x35, 0x9b, 0x2d, 0x9a, 0x2d, 0x7a, 0x2d, 0x9a, 0x2d,
    0x9a, 0x2d, 0x9a, 0x2d, 0x9a, 0x2d, 0x9a, 0x2d, 0x9a, 0x2d, 0x9b, 0x2d,
    0x9b, 0x2d, 0x9a, 0x2d, 0x9b, 0x2d, 0x9b, 0x2d, 0x9a, 0x2d, 0x9b, 0x2d,
    0x9a, 0x2d, 0x9b, 0x2d, 0x9a, 0x2d, 0x9b, 0x2d, 0x9b, 0x2d, 0x9a, 0x2d,
    0x9a, 0x2d, 0x9b, 0x2d, 0x9b, 0x2d, 0x9a, 0x2d, 0x9a, 0x2d, 0x9b, 0x2d,
    0x9a, 0x35, 0x9a, 0x2d, 0x9a, 0x35, 0x9a, 0x35, 0x9a, 0x2d, 0x9a, 0x35,
    0x9a, 0x35, 0x9a, 0x2d, 0x9a, 0x35, 0x9b, 0x35, 0x9a, 0x35, 0xbb, 0x2d,
    0x9b, 0x35, 0xbb, 0x2d, 0xbb, 0x25, 0xbb, 0x2d, 0xbc, 0x2d, 0x9b, 0x2d,
    0xba, 0x35, 0x9a, 0x35, 0x9a, 0x2d, 0x9a, 0x35, 0x9b, 0x35, 0x9a, 0x2d,
    0x9a, 0x35, 0x9a, 0x2d, 0x9b, 0x35, 0x9b, 0x35, 0xba, 0x2d, 0x9b, 0x2d,
    0x9a, 0x35, 0x9a, 0x35, 0xbb, 0x2d, 0x93, 0x64, 0xa3, 0xe1, 0xe3, 0xe1,
    0xe3, 0xe9, 0xe4, 0xe9, 0x04, 0xea, 0x04, 0xea, 0x24, 0xf2, 0x04, 0xea,
    0x03, 0xea, 0x04, 0xea, 0xe4, 0xe9, 0xc3, 0xe9, 0xc3, 0xe9, 0xa4, 0xe9,
    0xa3, 0xe1, 0x83, 0xe9, 0x83, 0xe1, 0x63, 0xe1, 0x43, 0xe1, 0x43, 0xe1,
    0x43, 0xd9, 0x43, 0xe1, 0x63, 0xe1, 0x64, 0xd9, 0x43, 0xd9, 0x43, 0xd9,
    0x43, 0xd9, 0x23, 0xd1, 0x23, 0xd9, 0xe2, 0xd0, 0x8b, 0xa2, 0xfb, 0x2d,
    0x9a, 0x35, 0x9b, 0x2d, 0x9a, 0x35, 0x9b, 0x2d, 0x9a, 0x35, 0x9b, 0x35,
    0x9a, 0x2d, 0x9a, 0x35, 0x9a, 0x2d, 0x9b, 0x2d, 0x9a, 0x35, 0x7a, 0x2d,
    0x9a, 0x35, 0x9a, 0x2d, 0x9a, 0x35, 0x9b, 0x35, 0x7a, 0x2d, 0x9a, 0x2d,
    0x7b, 0x35, 0x7a, 0x2d, 0x9a, 0x2d, 0x9b, 0x35, 0x9a, 0x35, 0x9a, 0x2d,
    0x9a, 0x2d, 0x9a, 0x2d, 0x7b, 0x35, 0x9b, 0x35, 0x9a, 0x35, 0x9a, 0x2d,
    0x7a, 0x35, 0x9b, 0x35, 0x9a, 0x35, 0x7a, 0x2d, 0x9b, 0x2d, 0x9b, 0x35,
    0x9a, 0x35, 0x9a, 0x35, 0x9a, 0x35, 0x9a, 0x35, 0x7a, 0x35, 0x9a, 0x2d,
    0x9a, 0x35, 0x9b, 0x35, 0x9a, 0x35, 0x9b, 0x35, 0x9b, 0x35, 0x9a, 0x35,
    0x7a, 0x35, 0x9b, 0x35, 0x9a, 0x35, 0x9a, 0x35, 0x9a, 0x35, 0x9b, 0x2d,
    0x9a, 0x35, 0x9a, 0x35, 0x9a, 0x35, 0x9b, 0x35, 0x9a, 0x35, 0x9a, 0x35,
    0x9b, 0x35, 0x9b, 0x35, 0xba, 0x35, 0x9a, 0x35, 0x9b, 0x35, 0xba, 0x35,
    0x9a, 0x35, 0x9a, 0x35, 0x9b, 0x3d, 0x9b, 0x35, 0x9a, 0x35, 0x9a, 0x35,
    0x9b, 0x35, 0x9a, 0x35, 0x9a, 0x35, 0x9a, 0x35, 0x9a, 0x35, 0x9a, 0x35,
    0x9a, 0x35, 0x9a, 0x35, 0x9b, 0x35, 0xba, 0x35, 0x9a, 0x35, 0x9b, 0x35,
    0x9a, 0x35, 0x9b, 0x35, 0x9b, 0x35, 0x9a, 0x35, 0x9a, 0x35, 0x9a, 0x35,
    0x9a, 0x35, 0x9b, 0x35, 0x9a, 0x35, 0x9a, 0x35, 0x9b, 0x35, 0x9a, 0x35,
    0x9a, 0x35, 0x9a, 0x35, 0x9b, 0x35, 0x9a, 0x35, 0x9a, 0x2d, 0x9a, 0x35,
    0x9b, 0x35, 0x9a, 0x35, 0x9a, 0x35, 0x9b, 0x35, 0x9a, 0x2d, 0x9a, 0x35,
    0x9a, 0x35, 0x9a, 0x35, 0x9a, 0x35, 0x9a, 0x35, 0x9a, 0x35, 0x9b, 0x35,
    0x9a, 0x35, 0x9a, 0x35, 0x9a, 0x35, 0x9a, 0x35, 0x9a, 0x35, 0x9b, 0x35,
    0x9a, 0x2d, 0x9a, 0x35, 0x9b, 0x35, 0x9a, 0x2d, 0x9a, 0x35, 0x9a, 0x35,
    0x9b, 0x35, 0x9b, 0x35, 0x9a, 0x35, 0x9a, 0x35, 0x9b, 0x35, 0x9a, 0x35,
    0x9a, 0x2d, 0x9a, 0x35, 0x9a, 0x35, 0x9a, 0x2d, 0x9b, 0x35, 0x9a, 0x35,
    0x9a, 0x2d, 0x9b, 0x35, 0x9a, 0x2d, 0x7a, 0x35, 0x9b, 0x35, 0x9a, 0x2d,
    0x9a, 0x2d, 0x9a, 0x35, 0x9a, 0x2d, 0x9b, 0x35, 0x9a, 0x2d, 0x9b, 0x35,
    0x9b, 0x35, 0x9a, 0x2d, 0x7a, 0x2d, 0x9b, 0x2d, 0x9a, 0x35, 0x7a, 0x2d,
    0x9b, 0x2d, 0x9a, 0x2d, 0x9a, 0x35, 0x9b, 0x2d, 0x9a, 0x2d, 0x9a, 0x35,
    0x9b, 0x2d, 0x9b, 0x2d, 0x9a, 0x2d, 0x7a, 0x2d, 0x9a, 0x2d, 0x9b, 0x35,
    0x9a, 0x2d, 0x7a, 0x35, 0x9b, 0x2d, 0x9a, 0x35, 0x7a, 0x2d, 0x9b, 0x35,
    0x9a, 0x2d, 0x9a, 0x2d, 0x9b, 0x2d, 0x9a, 0x35, 0x9a, 0x35, 0x9a, 0x2d,
    0x9b, 0x35, 0x9a, 0x35, 0x9b, 0x2d, 0x9a, 0x35, 0x99, 0x3d, 0x73, 0x65,
    0xec, 0x9c, 0xa6, 0xcc, 0xa4, 0xdc, 0x84, 0xdc, 0x45, 0xdc, 0x8b, 0xac,
    0x33, 0x65, 0x99, 0x3d, 0xba, 0x35, 0x9a, 0x35, 0x9a, 0x35, 0x9b, 0x35,
    0xbb, 0x35, 0x9a, 0x35, 0xba, 0x35, 0xba, 0x35, 0x9a, 0x35, 0xba, 0x35,
    0xba, 0x35, 0xbb, 0x35, 0x52, 0x6c, 0xc3, 0xe1, 0x03, 0xea, 0xe3, 0xe9,
    0xe4, 0xe9, 0x04, 0xea, 0x04, 0xea, 0x03, 0xea, 0x03, 0xea, 0x04, 0xea,
    0xe3, 0xe9, 0xe3, 0xe9, 0xc4, 0xe9, 0xc4, 0xe9, 0xc4, 0xe9, 0xa3, 0xe9,
    0xa4, 0xe1, 0x84, 0xe1, 0x63, 0xe1, 0x63, 0xe1, 0x63, 0xe1, 0x63, 0xe1,
    0x63, 0xe1, 0x64, 0xe1, 0x63, 0xe1, 0x63, 0xe1, 0x64, 0xe1, 0x63, 0xd9,
    0x43, 0xd9, 0x43, 0xd9, 0x43, 0xd9, 0x43, 0xd1, 0x23, 0xd1, 0x6a, 0xa2,
    0xdb, 0x2d, 0xba, 0x35, 0x9a, 0x35, 0x9a, 0x35, 0x9b, 0x35, 0x9a, 0x35,
    0x9a, 0x35, 0x9b, 0x35, 0x9b, 0x35, 0x9a, 0x35, 0x9a, 0x35, 0x9b, 0x2d,
    0x9b, 0x35, 0x9a, 0x35, 0x9a, 0x2d, 0x9b, 0x35, 0x9a, 0x35, 0x9a, 0x2d,
    0x9a, 0x35, 0x9a, 0x2d, 0x9b, 0x2d, 0x9a, 0x35, 0x9a, 0x35, 0x9a, 0x2d,
    0x9a, 0x35, 0x9a, 0x35, 0x9b, 0x2d, 0x9a, 0x2d, 0x9a, 0x35, 0x9a, 0x35,
    0x9b, 0x35, 0x9a, 0x35, 0x9a, 0x35, 0x9a, 0x35, 0x7a, 0x35, 0x9a, 0x2d,
    0x9b, 0x35, 0x9b, 0x35, 0x9a, 0x35, 0x9a, 0x2d, 0x9a, 0x35, 0x7a, 0x2d,
    0x9a, 0x35, 0x9a, 0x35, 0x9a, 0x35, 0x9a, 0x35, 0x9a, 0x35, 0x9a, 0x35,
    0x9a, 0x35, 0x9a, 0x35, 0x9a, 0x35, 0x9b, 0x35, 0x9a, 0x35, 0x9a, 0x35,
    0x9b, 0x35, 0x9a, 0x35, 0x9a, 0x35, 0x9a, 0x35, 0x9b, 0x35, 0xba, 0x35,
    0x9a, 0x35, 0x9b, 0x35, 0xbb, 0x35, 0x9a, 0x35, 0xba, 0x35, 0xba, 0x3d,
    0x9a, 0x35, 0x9a, 0x35, 0x9a, 0x35, 0xba, 0x3d, 0xbb, 0x35, 0x9a, 0x35,
    0xba, 0x35, 0x9b, 0x35, 0x9a, 0x35, 0x9a, 0x35, 0x9b, 0x35, 0x9a, 0x35,
    0x9b, 0x35, 0xba, 0x35, 0x9a, 0x35, 0x9a, 0x35, 0x9a, 0x35, 0x9a, 0x35,
    0xba, 0x35, 0x9a, 0x35, 0x9a, 0x35, 0x9b, 0x35, 0x9a, 0x35, 0x9a, 0x35,
    0x9a, 0x35, 0x9a, 0x35, 0x9a, 0x35, 0x9a, 0x35, 0x9a, 0x35, 0x9b, 0x35,
    0x9a, 0x35, 0x9a, 0x35, 0x9a, 0x35, 0x9a, 0x35, 0x9a, 0x35, 0x9a, 0x35,
    0x9a, 0x35, 0x9a, 0x35, 0x9b, 0x35, 0x9a, 0x35, 0x9a, 0x35, 0x9b, 0x35,
    0x9b, 0x35, 0x9a, 0x35, 0x9a, 0x35, 0x9b, 0x35, 0x9a, 0x35, 0x9a, 0x35,
    0x9a, 0x2d, 0x9b, 0x35, 0x9a, 0x35, 0x9a, 0x2d, 0x9b, 0x35, 0x9b, 0x35,
    0x9a, 0x35, 0x9a, 0x35, 0x9b, 0x2d, 0x9a, 0x35, 0x9a, 0x2d, 0x9a, 0x35,
    0x9a, 0x2d, 0x9a, 0x35, 0x9a, 0x35, 0x9a, 0x2d, 0x9a, 0x35, 0x9b, 0x35,
    0x9a, 0x35, 0x9a, 0x2d, 0x9a, 0x35, 0x9a, 0x35, 0x9a, 0x2d, 0x9b, 0x35,
    0x9b, 0x35, 0x9a, 0x2d, 0x9a, 0x35, 0x9a, 0x2d, 0x9a, 0x35, 0x9b, 0x35,
    0x7a, 0x35, 0x9a, 0x2d, 0x9a, 0x35, 0x9a, 0x35, 0x7a, 0x2d, 0x9a, 0x35,
    0x9a, 0x35, 0x9a, 0x2d, 0x9b, 0x35, 0x9b, 0x35, 0x9a, 0x35, 0x9a, 0x2d,
    0x7a, 0x35, 0x9a, 0x35, 0x7a, 0x2d, 0x9a, 0x35, 0x7a, 0x35, 0x9a, 0x2d,
    0x9a, 0x35, 0x9a, 0x35, 0x9a, 0x2d, 0x7a, 0x2d, 0x9b, 0x35, 0x9a, 0x35,
    0x7a, 0x2d, 0x9b, 0x2d, 0x9a, 0x35, 0x9a, 0x35, 0x9a, 0x35, 0x9a, 0x2d,
    0x9a, 0x2d, 0x9b, 0x35, 0x9a, 0x2d, 0x9b, 0x35, 0x9a, 0x35, 0x9a, 0x35,
    0x9b, 0x2d, 0x9b, 0x2d, 0x56, 0x5d, 0xa8, 0xc4, 0x81, 0xf4, 0x00, 0xfd,
    0x20, 0xfd, 0x20, 0xfd, 0x20, 0xfd, 0x20, 0xfd, 0x00, 0xfd, 0xe0, 0xfc,
    0x60, 0xfc, 0xe1, 0xfb, 0x25, 0xd4, 0xf1, 0x74, 0xba, 0x35, 0xba, 0x35,
    0x9a, 0x35, 0x9a, 0x35, 0xba, 0x35, 0x9b, 0x35, 0x9a, 0x35, 0xba, 0x35,
    0xbb, 0x35, 0x72, 0x74, 0xa2, 0xe1, 0xe3, 0xe1, 0x04, 0xea, 0x04, 0xea,
    0x04, 0xea, 0x04, 0xea, 0x03, 0xea, 0x04, 0xea, 0xe4, 0xe9, 0xe3, 0xe9,
    0xe4, 0xe9, 0xc4, 0xe9, 0xa3, 0xe9, 0xa3, 0xe9, 0xa3, 0xe1, 0x84, 0xe1,
    0x83, 0xe1, 0x83, 0xe1, 0x63, 0xe1, 0x63, 0xe1, 0x63, 0xe1, 0x63, 0xe1,
    0x43, 0xd9, 0x64, 0xe1, 0x63, 0xe1, 0x63, 0xe1, 0x64, 0xe1, 0x64, 0xe1,
    0x63, 0xd9, 0x43, 0xd9, 0x43, 0xd9, 0x24, 0xd9, 0x23, 0xd1, 0x03, 0xd1,
    0x0d, 0x93, 0xfb, 0x35, 0xba, 0x35, 0x9a, 0x35, 0xba, 0x35, 0xba, 0x35,
    0x9a, 0x35, 0x9a, 0x35, 0x9a, 0x35, 0x9b, 0x35, 0x9a, 0x2d, 0x9a, 0x35,
    0x9a, 0x35, 0x9a, 0x2d, 0x9a, 0x35, 0x9a, 0x35, 0x9a, 0x2d, 0x9b, 0x35,
    0x9a, 0x35, 0x9a, 0x35, 0x9a, 0x2d, 0x9a, 0x35, 0x9a, 0x35, 0x9b, 0x2d,
    0x9b, 0x35, 0x9a, 0x35, 0x9a, 0x35, 0x9a, 0x35, 0x9a, 0x35, 0x9a, 0x35,
    0x9a, 0x2d, 0x9b, 0x35, 0x9a, 0x35, 0x9a, 0x35, 0x9a, 0x35, 0x9b, 0x35,
    0x9a, 0x35, 0x7a, 0x35, 0x9a, 0x35, 0x9b, 0x35, 0x9b, 0x35, 0x9a, 0x35,
    0x9a, 0x35, 0x9b, 0x35, 0x9a, 0x35, 0x9a, 0x35, 0x9a, 0x35, 0x9b, 0x35,
    0x9a, 0x35, 0x9a, 0x35, 0x9a, 0x35, 0x9a, 0x35, 0x9a, 0x35, 0x9b, 0x35,
    0x9a, 0x35, 0x9b, 0x35, 0x9a, 0x35, 0x9a, 0x35, 0x9a, 0x35, 0x9a, 0x35,
    0xba, 0x3d, 0xba, 0x3d, 0x9a, 0x3d, 0xbb, 0x3d, 0x9a, 0x3d, 0x9a, 0x35,
    0x9a, 0x35, 0x9a, 0x3d, 0x9a, 0x3d, 0x9a, 0x35, 0xbb, 0x3d, 0x9a, 0x3d,
    0xba, 0x35, 0x9b, 0x35, 0x9b, 0x35, 0xba, 0x35, 0x9a, 0x35, 0x9a, 0x35,
    0x9a, 0x35, 0x9a, 0x35, 0x9a, 0x35, 0xbb, 0x35, 0x9a, 0x35, 0xbb, 0x35,
    0x9a, 0x35, 0xba, 0x35, 0xbb, 0x3d, 0xba, 0x35, 0x9b, 0x35, 0x9a, 0x35,
    0x9b, 0x35, 0x9a, 0x35, 0x9a, 0x35, 0x9a, 0x35, 0x9a, 0x35, 0x9a, 0x35,
    0x9b, 0x35, 0xba, 0x35, 0x9a, 0x35, 0xbb, 0x35, 0x9a, 0x35, 0x9b, 0x35,
    0x9a, 0x35, 0x9a, 0x35, 0x9a, 0x35, 0x9a, 0x35, 0x9a, 0x35, 0x9b, 0x35,
    0x9a, 0x35, 0x9a, 0x35, 0x9a, 0x35, 0x9a, 0x35, 0x9b, 0x35, 0x9a, 0x35,
    0x9a, 0x35, 0x9b, 0x35, 0x9b, 0x35, 0x9a, 0x35, 0x9a, 0x35, 0x9a, 0x35,
    0x9a, 0x35, 0x9b, 0x2d, 0x9a, 0x35, 0x9b, 0x35, 0x9a, 0x35, 0x9b, 0x35,
    0x9b, 0x35, 0x9a, 0x35, 0x9a, 0x2d, 0x9b, 0x35, 0x9a, 0x35, 0x9b, 0x35,
    0x9a, 0x35, 0x9b, 0x35, 0x9b, 0x35, 0x9a, 0x35, 0x9a, 0x2d, 0x9a, 0x35,
    0x9b, 0x35, 0x9a, 0x2d, 0x9a, 0x35, 0x9b, 0x35, 0x9b, 0x35, 0x9a, 0x35,
    0x9a, 0x35, 0x9b, 0x2d, 0x9b, 0x35, 0x9a, 0x35, 0x9b, 0x2d, 0x9a, 0x35,
    0x9a, 0x35, 0x9a, 0x2d, 0x9a, 0x2d, 0x9a, 0x35, 0x9a, 0x2d, 0x9b, 0x35,
    0x9a, 0x35, 0x9a, 0x2d, 0x9b, 0x2d, 0x9a, 0x35, 0x9a, 0x2d, 0x9b, 0x2d,
    0x9a, 0x35, 0x9b, 0x35, 0x9a, 0x2d, 0x9b, 0x35, 0x9a, 0x35, 0x9a, 0x2d,
    0x9b, 0x35, 0x9a, 0x2d, 0x9b, 0x2d, 0x9a, 0x35, 0x9a, 0x2d, 0x9b, 0x2d,
    0x9b, 0x35, 0x9a, 0x2d, 0x9a, 0x35, 0x9a, 0x35, 0x9a, 0x35, 0xba, 0x35,
    0xba, 0x35, 0x69, 0xbc, 0x80, 0xfc, 0xe0, 0xfc, 0x40, 0xfd, 0x41, 0xfd,
    0x60, 0xfd, 0x60, 0xfd, 0x60, 0xfd, 0x60, 0xfd, 0x40, 0xfd, 0x20, 0xfd,
    0xe0, 0xfc, 0xa0, 0xfc, 0x40, 0xfc, 0x00, 0xfc, 0xa2, 0xeb, 0x6d, 0x9c,
    0x99, 0x3d, 0x9b, 0x2d, 0xbb, 0x35, 0xba, 0x35, 0xba, 0x35, 0xbb, 0x35,
    0x93, 0x6c, 0xa3, 0xe1, 0xc3, 0xe1, 0xe3, 0xe9, 0x04, 0xea, 0xe3, 0xe9,
    0xe3, 0xe9, 0xe3, 0xe9, 0xc3, 0xe9, 0xe4, 0xe9, 0xc3, 0xe9, 0xa3, 0xe9,
    0xc3, 0xe9, 0xa3, 0xe9, 0x84, 0xe1, 0x83, 0xe1, 0x83, 0xe1, 0x83, 0xe1,
    0x83, 0xe1, 0x63, 0xe1, 0x63, 0xe1, 0x63, 0xe1, 0x63, 0xe1, 0x63, 0xe1,
    0x63, 0xe1, 0x64, 0xe1, 0x83, 0xe1, 0x64, 0xe1, 0x63, 0xe1, 0x63, 0xe1,
    0x64, 0xe1, 0x44, 0xd9, 0x43, 0xd9, 0x43, 0xd9, 0x24, 0xd1, 0x23, 0xd1,
    0x03, 0xd1, 0x53, 0x6c, 0xbb, 0x35, 0x9a, 0x35, 0xba, 0x35, 0x9a, 0x2d,
    0xbb, 0x35, 0x9a, 0x35, 0x9a, 0x35, 0x9b, 0x35, 0x9a, 0x35, 0x9a, 0x2d,
    0x9b, 0x35, 0x9a, 0x35, 0x9a, 0x35, 0x9b, 0x35, 0x9a, 0x2d, 0x9a, 0x2d,
    0x9b, 0x35, 0x9a, 0x35, 0x9a, 0x35, 0x9b, 0x35, 0x9a, 0x2d, 0x9a, 0x35,
    0x9b, 0x35, 0x9a, 0x35, 0x9a, 0x35, 0x9b, 0x35, 0x9a, 0x35, 0x9a, 0x35,
    0x9a, 0x35, 0x9a, 0x35, 0x9b, 0x35, 0x9a, 0x35, 0x9a, 0x35, 0x9b, 0x35,
    0x9a, 0x2d, 0x9a, 0x35, 0x9b, 0x35, 0x9a, 0x35, 0x9a, 0x35, 0x9b, 0x35,
    0x9a, 0x35, 0x9a, 0x35, 0x9b, 0x35, 0x9a, 0x35, 0x9a, 0x35, 0x9b, 0x35,
    0x9a, 0x35, 0x9b, 0x35, 0x9a, 0x35, 0x9a, 0x35, 0x9b, 0x35, 0x9a, 0x35,
    0x9a, 0x35, 0xba, 0x35, 0xbb, 0x35, 0x9a, 0x3d, 0xbb, 0x3d, 0x9b, 0x35,
    0xbb, 0x3d, 0x9a, 0x35, 0xba, 0x35, 0x9b, 0x35, 0xba, 0x3d, 0x9b, 0x3d,
    0xba, 0x3d, 0xbb, 0x35, 0xbb, 0x3d, 0xba, 0x35, 0x9b, 0x3d, 0x9a, 0x3d,
    0xba, 0x3d, 0x9a, 0x3d, 0x9a, 0x3d, 0xbb, 0x3d, 0xba, 0x3d, 0xba, 0x3d,
    0xbb, 0x35, 0xbb, 0x3d, 0xba, 0x3d, 0x9a, 0x35, 0xbb, 0x3d, 0xba, 0x35,
    0x9b, 0x3d, 0xba, 0x35, 0x9a, 0x35, 0x9a, 0x35, 0x9a, 0x35, 0xbb, 0x35,
    0xba, 0x35, 0x9b, 0x35, 0xbb, 0x35, 0x9a, 0x35, 0x9a, 0x35, 0x9a, 0x35,
    0xba, 0x35, 0x9b, 0x35, 0x9a, 0x35, 0x9a, 0x35, 0x9b, 0x35, 0x9a, 0x35,
    0xba, 0x35, 0x9b, 0x35, 0xbb, 0x35, 0xba, 0x35, 0xba, 0x35, 0x9a, 0x35,
    0xba, 0x35, 0x9b, 0x35, 0x9a, 0x35, 0x9a, 0x35, 0xbb, 0x35, 0x9a, 0x35,
    0x9a, 0x35, 0xba, 0x35, 0x9a, 0x35, 0x9a, 0x35, 0xba, 0x35, 0x9a, 0x35,
    0x9b, 0x35, 0x9a, 0x35, 0x9a, 0x35, 0x9a, 0x35, 0x9b, 0x35, 0x9a, 0x35,
    0x9a, 0x35, 0x9b, 0x35, 0x9a, 0x35, 0x9a, 0x35, 0x9a, 0x2d, 0x9a, 0x2d,
    0x9a, 0x35, 0x9b, 0x35, 0x9a, 0x2d, 0x9b, 0x35, 0x9a, 0x35, 0x9a, 0x2d,
    0x9a, 0x35, 0x9a, 0x35, 0x9b, 0x35, 0x9a, 0x35, 0x9a, 0x2d, 0x9a, 0x35,
    0x9a, 0x35, 0x9b, 0x35, 0x9a, 0x35, 0x9a, 0x35, 0x9a, 0x35, 0x9b, 0x35,
    0x9b, 0x2d, 0x9b, 0x35, 0x9a, 0x35, 0x9a, 0x35, 0x9b, 0x35, 0x9a, 0x35,
    0x9a, 0x35, 0x9b, 0x35, 0x9a, 0x35, 0x9a, 0x35, 0x9b, 0x35, 0x9a, 0x2d,
    0x9a, 0x35, 0x9a, 0x2d, 0x9b, 0x35, 0x9a, 0x2d, 0x9a, 0x2d, 0x9a, 0x35,
    0x9a, 0x2d, 0x9a, 0x35, 0x9b, 0x35, 0x9a, 0x2d, 0x9a, 0x35, 0x9a, 0x35,
    0xba, 0x35, 0x9b, 0x35, 0x9a, 0x2d, 0x7a, 0x35, 0x9b, 0x2d, 0xb7, 0x4d,
    0x44, 0xdc, 0xe0, 0xfc, 0x00, 0xfd, 0x40, 0xfd, 0x80, 0xfd, 0x60, 0xfd,
    0xa0, 0xfd, 0x80, 0xfd, 0x80, 0xfd, 0x80, 0xfd, 0x80, 0xfd, 0x60, 0xfd,
    0x00, 0xfd, 0x00, 0xfd, 0xe0, 0xfc, 0x80, 0xfc, 0x40, 0xf4, 0xe0, 0xf3,
    0x61, 0xf3, 0x4c, 0xa4, 0xda, 0x35, 0xba, 0x35, 0xda, 0x35, 0x37, 0x55,
    0xa3, 0xd9, 0xe3, 0xe1, 0xe3, 0xe1, 0xe3, 0xe9, 0xe3, 0xe9, 0xe3, 0xe9,
    0xc3, 0xe9, 0xc4, 0xe9, 0xc3, 0xe9, 0xc3, 0xe9, 0xa3, 0xe1, 0xa3, 0xe1,
    0x83, 0xe1, 0x83, 0xe1, 0x63, 0xe1, 0x63, 0xe1, 0x64, 0xe1, 0x64, 0xe1,
    0x43, 0xe1, 0x43, 0xe1, 0x43, 0xe1, 0x43, 0xd9, 0x44, 0xe1, 0x63, 0xd9,
    0x43, 0xd9, 0x44, 0xe1, 0x64, 0xe1, 0x64, 0xe1, 0x64, 0xe1, 0x63, 0xe1,
    0x63, 0xe1, 0x43, 0xd9, 0x43, 0xd9, 0x43, 0xd9, 0x23, 0xd9, 0x23, 0xd1,
    0x03, 0xd1, 0x45, 0xd1, 0xda, 0x35, 0x9a, 0x35, 0xbb, 0x35, 0x9b, 0x35,
    0xba, 0x35, 0xbb, 0x35, 0xba, 0x35, 0x9a, 0x35, 0x9a, 0x35, 0x9b, 0x35,
    0xbb, 0x35, 0xba, 0x35, 0x9a, 0x35, 0x9b, 0x35, 0x9a, 0x35, 0x9a, 0x35,
    0x9a, 0x35, 0x9a, 0x35, 0x9b, 0x35, 0x9b, 0x35, 0x9a, 0x35, 0x9a, 0x35,
    0x9a, 0x35, 0x9a, 0x2d, 0x9a, 0x35, 0x9b, 0x35, 0x9a, 0x35, 0x9a, 0x35,
    0x9b, 0x35, 0x9a, 0x35, 0x9a, 0x35, 0x9b, 0x2d, 0x9a, 0x35, 0x9a, 0x35,
    0x9a, 0x35, 0x9a, 0x35, 0x9a, 0x35, 0x9a, 0x35, 0x9a, 0x35, 0x9a, 0x35,
    0x9a, 0x35, 0x9a, 0x35, 0x9a, 0x35, 0x9a, 0x35, 0x9a, 0x35, 0x9a, 0x35,
    0x9a, 0x35, 0x9a, 0x35, 0x9b, 0x35, 0xba, 0x35, 0x9a, 0x35, 0x9b, 0x35,
    0x9a, 0x35, 0x9a, 0x3d, 0xba, 0x35, 0x9a, 0x35, 0x9a, 0x35, 0xba, 0x35,
    0x9a, 0x35, 0xba, 0x35, 0x9b, 0x3d, 0xba, 0x35, 0x9a, 0x35, 0xba, 0x3d,
    0x9a, 0x3d, 0x9a, 0x35, 0xba, 0x35, 0x9a, 0x3d, 0xbb, 0x3d, 0xba, 0x35,
    0xba, 0x3d, 0xbb, 0x3d, 0x9a, 0x35, 0x9a, 0x35, 0xbb, 0x3d, 0x9a, 0x35,
    0xba, 0x3d, 0xba, 0x3d, 0x9a, 0x35, 0x9a, 0x35, 0x9a, 0x3d, 0xba, 0x35,
    0x9a, 0x35, 0x9b, 0x3d, 0xba, 0x35, 0xba, 0x3d, 0xba, 0x3d, 0xbb, 0x3d,
    0x9a, 0x35, 0xba, 0x35, 0x9a, 0x35, 0xbb, 0x35, 0xba, 0x3d, 0xba, 0x35,
    0x9a, 0x35, 0xbb, 0x3d, 0xba, 0x3d, 0xba, 0x35, 0x9a, 0x35, 0xbb, 0x35,
    0xba, 0x35, 0x9a, 0x35, 0x9a, 0x35, 0x9b, 0x35, 0xba, 0x35, 0x9a, 0x35,
    0x9a, 0x35, 0x9b, 0x35, 0x9a, 0x35, 0x9a, 0x35, 0x9a, 0x35, 0x9a, 0x35,
    0xbb, 0x35, 0x9a, 0x35, 0x9a, 0x35, 0xbb, 0x35, 0x9b, 0x35, 0x9a, 0x35,
    0xba, 0x35, 0x9a, 0x35, 0x9b, 0x35, 0x9a, 0x35, 0x9a, 0x35, 0x9a, 0x35,
    0x9a, 0x35, 0x9a, 0x35, 0x9b, 0x35, 0x9a, 0x35, 0x9b, 0x35, 0x9a, 0x35,
    0x9a, 0x35, 0x9a, 0x35, 0x9a, 0x35, 0x9a, 0x35, 0x9a, 0x35, 0x9a, 0x35,
    0x9a, 0x35, 0x9b, 0x35, 0x9a, 0x35, 0x9a, 0x2d, 0x9b, 0x35, 0x9b, 0x35,
    0x9a, 0x35, 0x9a, 0x35, 0x9a, 0x35, 0x9a, 0x2d, 0x9a, 0x35, 0x9a, 0x35,
    0x9a, 0x35, 0x9a, 0x35, 0x9a, 0x35, 0x9b, 0x2d, 0x9a, 0x35, 0x9a, 0x2d,
    0x9b, 0x2d, 0x9a, 0x35, 0x9a, 0x35, 0x9a, 0x35, 0x9a, 0x2d, 0x9a, 0x35,
    0x9b, 0x35, 0x9a, 0x35, 0x9a, 0x35, 0x9a, 0x35, 0x9b, 0x35, 0x9b, 0x35,
    0xba, 0x35, 0x9a, 0x35, 0x9a, 0x35, 0xbb, 0x35, 0x9a, 0x2d, 0xba, 0x35,
    0xbb, 0x35, 0x9a, 0x35, 0x9a, 0x35, 0xbb, 0x2d, 0x54, 0x65, 0x21, 0xec,
    0xc0, 0xfc, 0x00, 0xfd, 0x20, 0xfd, 0x60, 0xfd, 0x80, 0xfd, 0x80, 0xfd,
    0xa0, 0xfd, 0xa0, 0xfd, 0xa0, 0xfd, 0xa0, 0xfd, 0x80, 0xfd, 0x60, 0xfd,
    0x40, 0xfd, 0x20, 0xfd, 0x00, 0xfd, 0xe0, 0xfc, 0x80, 0xfc, 0x60, 0xfc,
    0x00, 0xfc, 0xc0, 0xf3, 0x84, 0xdb, 0x96, 0x4d, 0x99, 0x45, 0x04, 0xda,
    0xe3, 0xe1, 0xc3, 0xe1, 0xe3, 0xe1, 0xe3, 0xe9, 0xc3, 0xe9, 0xc3, 0xe1,
    0xa3, 0xe1, 0xa3, 0xe1, 0x83, 0xe1, 0x83, 0xe1, 0x63, 0xe1, 0x83, 0xe1,
    0x63, 0xe1, 0x43, 0xd9, 0x43, 0xd9, 0x43, 0xd9, 0x43, 0xe1, 0x43, 0xd9,
    0x23, 0xd9, 0x23, 0xd9, 0x23, 0xd9, 0x23, 0xd9, 0x44, 0xd9, 0x43, 0xd9,
    0x43, 0xe1, 0x43, 0xd9, 0x63, 0xd9, 0x63, 0xe1, 0x64, 0xd9, 0x63, 0xd9,
    0x64, 0xe1, 0x43, 0xe1, 0x43, 0xd9, 0x43, 0xd9, 0x43, 0xd9, 0x23, 0xd9,
    0x23, 0xd1, 0x03, 0xd1, 0xab, 0x9a, 0xfb, 0x2d, 0x9a, 0x35, 0xba, 0x35,
    0x9a, 0x35, 0x9a, 0x35, 0x9a, 0x35, 0x9a, 0x35, 0xbb, 0x35, 0x9a, 0x35,
    0x9a, 0x35, 0x9a, 0x35, 0x9a, 0x35, 0x9a, 0x35, 0x9b, 0x35, 0x9a, 0x35,
    0x9a, 0x35, 0x9a, 0x2d, 0x9a, 0x35, 0x9a, 0x35, 0x9a, 0x35, 0x9a, 0x35,
    0x9b, 0x35, 0x9a, 0x35, 0x9a, 0x35, 0x9a, 0x35, 0xba, 0x35, 0x9b, 0x35,
    0x9a, 0x35, 0x9a, 0x35, 0x9b, 0x35, 0x9a, 0x35, 0x9a, 0x35, 0x9a, 0x35,
    0xbb, 0x35, 0x9a, 0x35, 0xba, 0x35, 0x9b, 0x35, 0x9a, 0x35, 0xba, 0x35,
    0x9b, 0x35, 0x9a, 0x35, 0xba, 0x35, 0x9b, 0x35, 0x9a, 0x35, 0xbb, 0x35,
    0xba, 0x35, 0xbb, 0x35, 0x9a, 0x35, 0x9a, 0x35, 0xbb, 0x35, 0x9a, 0x35,
    0xbb, 0x3d, 0xbb, 0x35, 0x9a, 0x35, 0xbb, 0x3d, 0x9a, 0x35, 0xbb, 0x3d,
    0x9a, 0x3d, 0x9a, 0x3d, 0xbb, 0x3d, 0x9a, 0x35, 0x9a, 0x35, 0xbb, 0x3d,
    0x9a, 0x3d, 0xbb, 0x3d, 0x9a, 0x3d, 0xba, 0x3d, 0x9a, 0x35, 0xbb, 0x3d,
    0x9a, 0x3d, 0xbb, 0x35, 0xba, 0x3d, 0xba, 0x3d, 0x9a, 0x35, 0xbb, 0x3d,
    0x9a, 0x35, 0xbb, 0x35, 0x9a, 0x3d, 0xbb, 0x3d, 0xbb, 0x35, 0x9a, 0x3d,
    0xba, 0x35, 0xba, 0x3d, 0x9b, 0x35, 0x9b, 0x3d, 0xba, 0x3d, 0xba, 0x35,
    0x9a, 0x3d, 0xba, 0x3d, 0x9b, 0x35, 0x9a, 0x3d, 0x9a, 0x35, 0x9b, 0x3d,
    0xba, 0x3d, 0x9a, 0x35, 0x9b, 0x3d, 0xba, 0x3d, 0x9a, 0x35, 0xba, 0x35,
    0x9b, 0x3d, 0xba, 0x35, 0xbb, 0x35, 0x9a, 0x35, 0x9a, 0x35, 0xbb, 0x35,
    0xba, 0x35, 0x9a, 0x35, 0x9b, 0x35, 0xbb, 0x35, 0x9a, 0x35, 0x9a, 0x35,
    0x9b, 0x35, 0xbb, 0x35, 0xba, 0x35, 0xba, 0x35, 0x9b, 0x35, 0x9a, 0x35,
    0xba, 0x35, 0xbb, 0x35, 0xbb, 0x35, 0x9a, 0x35, 0x9a, 0x35, 0x9b, 0x35,
    0x9a, 0x35, 0xbb, 0x35, 0xba, 0x35, 0x9a, 0x35, 0x9a, 0x35, 0x9b, 0x35,
    0xba, 0x35, 0xbb, 0x35, 0x9a, 0x35, 0x9a, 0x35, 0x9b, 0x35, 0x9b, 0x35,
    0x9a, 0x35, 0x9a, 0x35, 0x9a, 0x35, 0x9b, 0x35, 0xba, 0x35, 0x9a, 0x35,
    0x9a, 0x35, 0xbb, 0x35, 0x9a, 0x35, 0xbb, 0x35, 0x9a, 0x35, 0xbb, 0x35,
    0x9a, 0x35, 0x9a, 0x35, 0x9a, 0x2d, 0x9a, 0x35, 0x9b, 0x35, 0x9a, 0x35,
    0x9a, 0x35, 0x9a, 0x2d, 0xbb, 0x35, 0x9b, 0x35, 0x9a, 0x2d, 0x9b, 0x35,
    0x9b, 0x2d, 0x9a, 0x35, 0x9a, 0x35, 0x9b, 0x35, 0xba, 0x35, 0x9a, 0x2d,
    0x9b, 0x2d, 0x9a, 0x35, 0xbb, 0x35, 0x9a, 0x35, 0x9a, 0x35, 0x9b, 0x35,
    0x9a, 0x35, 0xba, 0x35, 0xbb, 0x2d, 0x35, 0x5d, 0x21, 0xfc, 0xc0, 0xfc,
    0x00, 0xfd, 0x20, 0xfd, 0x40, 0xfd, 0x60, 0xfd, 0x80, 0xfd, 0xa0, 0xfd,
    0xa0, 0xfd, 0xa0, 0xfd, 0xc0, 0xfd, 0xa0, 0xfd, 0x80, 0xfd, 0x80, 0xfd,
    0x40, 0xfd, 0x40, 0xfd, 0x00, 0xfd, 0xe0, 0xfc, 0xc0, 0xf4, 0x80, 0xfc,
    0x60, 0xfc, 0x41, 0xf4, 0x00, 0xf4, 0x62, 0xe3, 0x06, 0xc3, 0x01, 0xe2,
    0xe3, 0xe1, 0xe3, 0xe9, 0xe3, 0xe1, 0xc3, 0xe1, 0xa3, 0xe1, 0x83, 0xe1,
    0x83, 0xe1, 0x63, 0xe1, 0x63, 0xd9, 0x63, 0xd9, 0x43, 0xd9, 0x43, 0xd9,
    0x43, 0xd9, 0x44, 0xd9, 0x23, 0xd9, 0x23, 0xd9, 0x23, 0xd1, 0x23, 0xd1,
    0x23, 0xd1, 0x24, 0xd9, 0x23, 0xd9, 0x23, 0xd9, 0x23, 0xd9, 0x23, 0xd9,
    0x43, 0xd9, 0x23, 0xd9, 0x43, 0xd9, 0x43, 0xd9, 0x43, 0xd9, 0x64, 0xe1,
    0x43, 0xe1, 0x63, 0xd9, 0x44, 0xe1, 0x43, 0xd9, 0x43, 0xd9, 0x43, 0xd9,
    0x23, 0xd1, 0x03, 0xd1, 0x03, 0xd1, 0x16, 0x55, 0x9a, 0x3d, 0xbb, 0x35,
    0xba, 0x35, 0xbb, 0x35, 0xba, 0x35, 0xba, 0x35, 0xba, 0x35, 0x9b, 0x35,
    0x9a, 0x35, 0xbb, 0x35, 0xba, 0x35, 0xbb, 0x35, 0xba, 0x35, 0xbb, 0x35,
    0xba, 0x35, 0xba, 0x35, 0x9a, 0x35, 0x9a, 0x35, 0xba, 0x35, 0xbb, 0x35,
    0x9b, 0x35, 0xba, 0x35, 0x9a, 0x35, 0x9b, 0x35, 0x9a, 0x35, 0x9a, 0x35,
    0x9a, 0x35, 0x9a, 0x35, 0x9a, 0x35, 0xbb, 0x35, 0x9a, 0x35, 0x9a, 0x35,
    0x9b, 0x35, 0x9a, 0x35, 0x9a, 0x35, 0x9b, 0x35, 0xba, 0x35, 0xba, 0x35,
    0x9b, 0x35, 0xbb, 0x35, 0x9a, 0x35, 0x9a, 0x35, 0x9a, 0x35, 0xbb, 0x35,
    0x9a, 0x35, 0x9a, 0x35, 0xba, 0x35, 0xbb, 0x35, 0x9a, 0x35, 0x9a, 0x35,
    0x9a, 0x35, 0xba, 0x35, 0xba, 0x3d, 0x9a, 0x3d, 0xba, 0x35, 0xba, 0x3d,
    0xba, 0x35, 0x9a, 0x35, 0xba, 0x35, 0xba, 0x3d, 0xba, 0x3d, 0xbb, 0x3d,
    0xba, 0x3d, 0xba, 0x3d, 0xbb, 0x3d, 0xba, 0x3d, 0xba, 0x3d, 0x9a, 0x35,
    0x9a, 0x3d, 0xba, 0x3d, 0xba, 0x3d, 0xbb, 0x3d, 0xbb, 0x35, 0xba, 0x3d,
    0xba, 0x3d, 0xba, 0x3d, 0xba, 0x3d, 0xba, 0x3d, 0x9a, 0x3d, 0xbb, 0x3d,
    0xba, 0x3d, 0xba, 0x3d, 0xba, 0x3d, 0x9a, 0x35, 0x9a, 0x35, 0xba, 0x3d,
    0xba, 0x35, 0x9a, 0x35, 0xba, 0x3d, 0xba, 0x3d, 0x9a, 0x3d, 0xba, 0x35,
    0x9a, 0x35, 0xba, 0x35, 0xba, 0x35, 0x9a, 0x3d, 0xba, 0x35, 0x9b, 0x3d,
    0x9a, 0x35, 0xba, 0x3d, 0xbb, 0x35, 0x9a, 0x3d, 0xba, 0x3d, 0x9a, 0x35,
    0x9a, 0x3d, 0x9a, 0x3d, 0xbb, 0x35, 0xba, 0x35, 0xba, 0x3d, 0xba, 0x35,
    0xba, 0x35, 0x9a, 0x35, 0x9a, 0x35, 0xba, 0x35, 0x9a, 0x35, 0x9a, 0x35,
    0xbb, 0x35, 0x9a, 0x35, 0x9a, 0x35, 0xba, 0x35, 0x9a, 0x35, 0xba, 0x35,
    0x9a, 0x35, 0x9a, 0x35, 0xbb, 0x35, 0x9a, 0x35, 0x9a, 0x35, 0xbb, 0x35,
    0xba, 0x35, 0x9a, 0x35, 0x9a, 0x35, 0x9b, 0x35, 0xba, 0x35, 0x9a, 0x35,
    0x9a, 0x35, 0xba, 0x35, 0x9a, 0x35, 0x9a, 0x35, 0xbb, 0x35, 0x9a, 0x35,
    0x9a, 0x35, 0xba, 0x35, 0xbb, 0x35, 0x9a, 0x35, 0xbb, 0x35, 0x9a, 0x35,
    0x9a, 0x35, 0xbb, 0x35, 0x9a, 0x35, 0xbb, 0x35, 0x9a, 0x35, 0xba, 0x35,
    0x9a, 0x35, 0x9b, 0x35, 0x9a, 0x35, 0x9a, 0x35, 0x9a, 0x35, 0x9a, 0x35,
    0x9a, 0x35, 0xba, 0x35, 0xbb, 0x35, 0x9a, 0x35, 0xba, 0x2d, 0x9a, 0x35,
    0x9a, 0x35, 0x9b, 0x2d, 0xba, 0x35, 0x9a, 0x35, 0x9a, 0x35, 0x9a, 0x2d,
    0xdb, 0x35, 0xba, 0x35, 0x98, 0x45, 0x22, 0xec, 0xc0, 0xfc, 0xe0, 0xf4,
    0x20, 0xfd, 0x40, 0xfd, 0x60, 0xfd, 0x60, 0xfd, 0x80, 0xfd, 0xa0, 0xfd,
    0xa0, 0xfd, 0xc0, 0xfd, 0xa0, 0xfd, 0xa0, 0xfd, 0xa0, 0xfd, 0x80, 0xfd,
    0x60, 0xfd, 0x40, 0xfd, 0x20, 0xfd, 0x00, 0xfd, 0xe0, 0xfc, 0xc0, 0xfc,
    0xa0, 0xfc, 0x80, 0xfc, 0x40, 0xfc, 0xe0, 0xf3, 0x20, 0xf3, 0xc1, 0xea,
    0x02, 0xe2, 0x03, 0xea, 0xc2, 0xe1, 0x82, 0xd9, 0x63, 0xd9, 0x42, 0xd9,
    0x23, 0xd1, 0x23, 0xd1, 0x23, 0xd1, 0x43, 0xd9, 0x43, 0xd1, 0x23, 0xd1,
    0x03, 0xd1, 0x03, 0xc9, 0x23, 0xc9, 0x23, 0xc9, 0x03, 0xd1, 0x03, 0xd1,
    0x03, 0xd1, 0x23, 0xd1, 0x23, 0xd1, 0x03, 0xd1, 0x03, 0xd1, 0x23, 0xd1,
    0x23, 0xd1, 0x23, 0xd9, 0x24, 0xd9, 0x23, 0xd9, 0x43, 0xd9, 0x43, 0xd9,
    0x43, 0xd9, 0x63, 0xe1, 0x64, 0xe1, 0x43, 0xd9, 0x43, 0xd9, 0x24, 0xd9,
    0x23, 0xd9, 0x23, 0xd9, 0x03, 0xd1, 0x08, 0xb2, 0xfb, 0x35, 0xba, 0x35,
    0xba, 0x35, 0xba, 0x35, 0xbb, 0x35, 0xba, 0x35, 0x9a, 0x35, 0xba, 0x35,
    0xba, 0x35, 0xba, 0x35, 0x9a, 0x35, 0x9a, 0x35, 0x9a, 0x35, 0x9a, 0x35,
    0x9b, 0x35, 0x9a, 0x35, 0x9b, 0x35, 0x9a, 0x35, 0x9a, 0x35, 0x9a, 0x35,
    0x9a, 0x35, 0x9a, 0x35, 0xba, 0x35, 0xbb, 0x35, 0x9a, 0x35, 0xba, 0x35,
    0x9b, 0x35, 0x9a, 0x35, 0x9a, 0x35, 0x9a, 0x35, 0x9a, 0x35, 0x9a, 0x35,
    0xba, 0x35, 0xba, 0x35, 0x9a, 0x35, 0xba, 0x35, 0x9a, 0x3d, 0x9a, 0x35,
    0xba, 0x3d, 0x9a, 0x35, 0x9a, 0x35, 0x9a, 0x35, 0x9a, 0x35, 0x9a, 0x35,
    0xba, 0x3d, 0x9a, 0x3d, 0x9a, 0x35, 0x9a, 0x3d, 0x9a, 0x3d, 0x9a, 0x35,
    0x9a, 0x3d, 0x9a, 0x35, 0xba, 0x3d, 0xba, 0x35, 0xbb, 0x35, 0x9a, 0x3d,
    0xbb, 0x3d, 0xbb, 0x3d, 0xba, 0x3d, 0xbb, 0x3d, 0x9a, 0x3d, 0xba, 0x3d,
    0x9a, 0x3d, 0xba, 0x3d, 0xba, 0x35, 0xbb, 0x3d, 0xba, 0x3d, 0xba, 0x35,
    0xba, 0x3d, 0xbb, 0x3d, 0xba, 0x3d, 0xba, 0x3d, 0xba, 0x35, 0xba, 0x3d,
    0xbb, 0x3d, 0xbb, 0x3d, 0xba, 0x35, 0xba, 0x3d, 0xba, 0x35, 0xbb, 0x3d,
    0xba, 0x3d, 0x9a, 0x3d, 0xba, 0x35, 0xbb, 0x3d, 0xbb, 0x3d, 0xba, 0x35,
    0xbb, 0x3d, 0xbb, 0x3d, 0x9a, 0x3d, 0xbb, 0x35, 0xba, 0x3d, 0x9a, 0x35,
    0xba, 0x3d, 0xbb, 0x3d, 0x9a, 0x35, 0xbb, 0x3d, 0xba, 0x3d, 0xba, 0x35,
    0xbb, 0x35, 0xba, 0x3d, 0x9a, 0x35, 0x9b, 0x3d, 0xba, 0x35, 0x9a, 0x35,
    0xbb, 0x3d, 0xba, 0x35, 0x9a, 0x35, 0xbb, 0x3d, 0x9a, 0x35, 0x9b, 0x3d,
    0xba, 0x35, 0x9a, 0x3d, 0xbb, 0x3d, 0xba, 0x3d, 0xbb, 0x35, 0x9a, 0x35,
    0xba, 0x35, 0x9b, 0x35, 0xba, 0x35, 0xba, 0x35, 0xbb, 0x35, 0xbb, 0x35,
    0x9a, 0x35, 0x9a, 0x35, 0xbb, 0x35, 0x9a, 0x35, 0x9a, 0x35, 0x9a, 0x35,
    0xbb, 0x35, 0xba, 0x35, 0x9a, 0x35, 0xba, 0x35, 0x9a, 0x35, 0x9a, 0x35,
    0xbb, 0x35, 0x9a, 0x35, 0xba, 0x35, 0x9a, 0x35, 0x9b, 0x35, 0xba, 0x35,
    0xba, 0x35, 0xbb, 0x35, 0x9a, 0x35, 0x9a, 0x35, 0xba, 0x35, 0xba, 0x35,
    0xba, 0x35, 0x9a, 0x35, 0x9a, 0x35, 0xba, 0x35, 0xba, 0x35, 0x9b, 0x35,
    0xba, 0x35, 0x9a, 0x35, 0x9a, 0x35, 0xbb, 0x35, 0x9a, 0x35, 0xba, 0x35,
    0x9a, 0x35, 0x9a, 0x35, 0x9a, 0x35, 0xbb, 0x35, 0x9b, 0x35, 0xba, 0x35,
    0xba, 0x35, 0xba, 0x35, 0x9a, 0x2d, 0xba, 0x35, 0xba, 0x35, 0xba, 0x35,
    0xba, 0x35, 0x9a, 0x35, 0x04, 0xdc, 0xa0, 0xfc, 0xc0, 0xfc, 0xe0, 0xfc,
    0x20, 0xfd, 0x40, 0xfd, 0x40, 0xfd, 0x60, 0xfd, 0x80, 0xfd, 0x80, 0xfd,
    0xa0, 0xfd, 0xa0, 0xfd, 0xa0, 0xfd, 0xa0, 0xfd, 0x80, 0xfd, 0x60, 0xfd,
    0x60, 0xfd, 0x40, 0xfd, 0x20, 0xfd, 0x00, 0xfd, 0xe0, 0xfc, 0xe0, 0xfc,
    0xc0, 0xfc, 0xa0, 0xfc, 0x80, 0xfc, 0x20, 0xfc, 0xa0, 0xf3, 0x00, 0xf3,
    0xa1, 0xea, 0x00, 0xeb, 0x80, 0xf3, 0xc0, 0xf3, 0x00, 0xfc, 0x00, 0xfc,
    0xe0, 0xf3, 0xa0, 0xf3, 0x40, 0xeb, 0xa1, 0xe2, 0x01, 0xd2, 0x82, 0xc9,
    0xe3, 0xc8, 0xc3, 0xc0, 0xe3, 0xc0, 0x03, 0xc9, 0x03, 0xc9, 0x03, 0xc9,
    0x03, 0xc9, 0x03, 0xc9, 0x03, 0xc9, 0x03, 0xc9, 0x03, 0xc9, 0x03, 0xc9,
    0x03, 0xd1, 0x23, 0xd1, 0x23, 0xd1, 0x23, 0xd9, 0x23, 0xd9, 0x43, 0xd9,
    0x44, 0xd9, 0x44, 0xd9, 0x43, 0xd9, 0x43, 0xd9, 0x43, 0xd9, 0x43, 0xd9,
    0x23, 0xd9, 0x23, 0xd1, 0x03, 0xd1, 0xe3, 0xd0, 0x36, 0x55, 0xba, 0x35,
    0xbb, 0x35, 0xba, 0x3d, 0x9a, 0x35, 0x9b, 0x35, 0xbb, 0x3d, 0xba, 0x35,
    0x9a, 0x35, 0xbb, 0x35, 0x9a, 0x35, 0x9a, 0x35, 0xba, 0x35, 0x9b, 0x35,
    0xba, 0x35, 0xba, 0x35, 0xba, 0x35, 0xbb, 0x35, 0xba, 0x35, 0xba, 0x35,
    0xba, 0x35, 0x9b, 0x35, 0xba, 0x35, 0x9a, 0x35, 0xba, 0x35, 0xba, 0x35,
    0x9a, 0x35, 0x9b, 0x35, 0xba, 0x35, 0x9a, 0x35, 0x9a, 0x35, 0x9b, 0x35,
    0xba, 0x35, 0xba, 0x3d, 0x9b, 0x3d, 0xba, 0x35, 0x9a, 0x35, 0x9a, 0x35,
    0xba, 0x35, 0x9b, 0x35, 0x9a, 0x35, 0xbb, 0x3d, 0xbb, 0x35, 0x9a, 0x35,
    0x9b, 0x3d, 0x9b, 0x35, 0x9a, 0x35, 0x9a, 0x35, 0xba, 0x3d, 0xbb, 0x3d,
    0xbb, 0x35, 0xba, 0x3d, 0xbb, 0x3d, 0xbb, 0x3d, 0x9a, 0x3d, 0xba, 0x3d,
    0xba, 0x3d, 0xbb, 0x3d, 0xba, 0x3d, 0xbb, 0x3d, 0xba, 0x3d, 0xba, 0x3d,
    0xbb, 0x3d, 0xba, 0x3d, 0x9a, 0x35, 0xba, 0x3d, 0xbb, 0x3d, 0xba, 0x3d,
    0xba, 0x3d, 0xbb, 0x35, 0xba, 0x3d, 0xba, 0x3d, 0x9a, 0x3d, 0xba, 0x3d,
    0xba, 0x35, 0xbb, 0x3d, 0x9a, 0x3d, 0xba, 0x3d, 0xba, 0x3d, 0xba, 0x3d,
    0xbb, 0x3d, 0xba, 0x3d, 0xba, 0x35, 0xba, 0x3d, 0xba, 0x3d, 0xba, 0x3d,
    0xba, 0x3d, 0x9a, 0x35, 0x9a, 0x3d, 0xbb, 0x3d, 0xba, 0x3d, 0xba, 0x3d,
    0xbb, 0x3d, 0xba, 0x3d, 0xba, 0x3d, 0xba, 0x35, 0xba, 0x35, 0xba, 0x3d,
    0xba, 0x35, 0xba, 0x3d, 0xba, 0x3d, 0x9a, 0x35, 0xbb, 0x3d, 0xba, 0x3d,
    0xba, 0x35, 0xbb, 0x3d, 0x9a, 0x35, 0xba, 0x3d, 0x9a, 0x3d, 0xba, 0x35,
    0xbb, 0x3d, 0xba, 0x35, 0x9a, 0x35, 0xbb, 0x3d, 0x9a, 0x3d, 0xba, 0x35,
    0xba, 0x3d, 0x9a, 0x35, 0x9a, 0x3d, 0x9b, 0x3d, 0xba, 0x35, 0x9a, 0x3d,
    0x9a, 0x35, 0xbb, 0x3d, 0x9a, 0x35, 0xba, 0x35, 0xba, 0x35, 0x9a, 0x35,
    0x9a, 0x35, 0xbb, 0x35, 0xbb, 0x35, 0x9a, 0x35, 0xba, 0x35, 0xbb, 0x35,
    0x9a, 0x35, 0x9a, 0x35, 0xbb, 0x35, 0xbb, 0x35, 0x9a, 0x35, 0xba, 0x35,
    0x9a, 0x35, 0x9a, 0x35, 0xbb, 0x35, 0x9a, 0x35, 0x9b, 0x35, 0xba, 0x35,
    0x9b, 0x35, 0x9a, 0x35, 0xbb, 0x35, 0x9a, 0x35, 0xbb, 0x35, 0x9a, 0x35,
    0xba, 0x35, 0xbb, 0x35, 0x9a, 0x35, 0xba, 0x35, 0x9a, 0x35, 0x9b, 0x35,
    0x9a, 0x2d, 0x9a, 0x35, 0x9a, 0x35, 0x9a, 0x35, 0xba, 0x35, 0x9a, 0x35,
    0xbb, 0x35, 0xba, 0x35, 0xbb, 0x35, 0x9a, 0x35, 0xbb, 0x35, 0xba, 0x35,
    0xbb, 0x35, 0x6b, 0xa4, 0x20, 0xf4, 0xa0, 0xfc, 0xc0, 0xfc, 0xe0, 0xfc,
    0xe0, 0xfc, 0xe0, 0xfc, 0x00, 0xfd, 0x20, 0xfd, 0x60, 0xfd, 0x60, 0xfd,
    0x80, 0xfd, 0xa0, 0xfd, 0xa0, 0xfd, 0xa0, 0xfd, 0x80, 0xfd, 0x80, 0xfd,
    0x60, 0xfd, 0x40, 0xfd, 0x40, 0xfd, 0x20, 0xfd, 0x00, 0xfd, 0xe0, 0xfc,
    0xe0, 0xfc, 0xc0, 0xfc, 0xa0, 0xfc, 0x60, 0xfc, 0x80, 0xfc, 0xc0, 0xfc,
    0x80, 0xfc, 0x80, 0xfc, 0x80, 0xfc, 0x80, 0xfc, 0x80, 0xfc, 0x80, 0xfc,
    0x80, 0xfc, 0x60, 0xfc, 0x60, 0xfc, 0x40, 0xfc, 0x20, 0xfc, 0x00, 0xfc,
    0x20, 0xfc, 0x80, 0xf3, 0x21, 0xda, 0x62, 0xc9, 0xc3, 0xc0, 0xc3, 0xc0,
    0xe3, 0xc0, 0xe3, 0xc0, 0xe3, 0xc0, 0xe3, 0xc0, 0xe3, 0xc8, 0xe3, 0xc8,
    0x03, 0xc9, 0x03, 0xc9, 0x23, 0xd1, 0x23, 0xd1, 0x23, 0xd1, 0x23, 0xd1,
    0x23, 0xd9, 0x43, 0xd9, 0x43, 0xd9, 0x43, 0xd9, 0x44, 0xd9, 0x43, 0xd9,
    0x23, 0xd9, 0x23, 0xd9, 0x23, 0xd1, 0x03, 0xd1, 0xab, 0xa2, 0xdb, 0x35,
    0xba, 0x3d, 0xba, 0x35, 0xba, 0x3d, 0xba, 0x3d, 0xba, 0x3d, 0x9a, 0x35,
    0xbb, 0x3d, 0xba, 0x35, 0xba, 0x35, 0xbb, 0x35, 0xbb, 0x35, 0x9a, 0x35,
    0xba, 0x35, 0x9a, 0x35, 0x9a, 0x35, 0xbb, 0x35, 0x9a, 0x35, 0x9a, 0x35,
    0xbb, 0x35, 0xba, 0x35, 0xba, 0x35, 0x9a, 0x35, 0x9b, 0x35, 0xbb, 0x35,
    0x9a, 0x35, 0x9a, 0x35, 0xbb, 0x35, 0x9a, 0x35, 0xbb, 0x3d, 0xba, 0x35,
    0xbb, 0x3d, 0xba, 0x35, 0x9a, 0x35, 0xbb, 0x3d, 0x9b, 0x3d, 0x9a, 0x35,
    0x9a, 0x35, 0x9a, 0x35, 0x9a, 0x35, 0x9a, 0x3d, 0x9a, 0x35, 0x9a, 0x3d,
    0xba, 0x35, 0xba, 0x35, 0xba, 0x35, 0xbb, 0x35, 0xba, 0x35, 0x9a, 0x3d,
    0xbb, 0x3d, 0xba, 0x3d, 0xba, 0x3d, 0xba, 0x3d, 0xba, 0x3d, 0xdb, 0x45,
    0xda, 0x45, 0xba, 0x3d, 0xda, 0x45, 0xba, 0x3d, 0xbb, 0x45, 0xbb, 0x45,
    0xba, 0x3d, 0xba, 0x3d, 0xbb, 0x3d, 0xba, 0x3d, 0xbb, 0x3d, 0x9a, 0x3d,
    0xba, 0x3d, 0xba, 0x3d, 0xbb, 0x3d, 0xba, 0x35, 0xbb, 0x3d, 0x9a, 0x35,
    0xba, 0x3d, 0xba, 0x3d, 0xba, 0x3d, 0xbb, 0x3d, 0xba, 0x3d, 0xbb, 0x3d,
    0xba, 0x3d, 0xba, 0x3d, 0xbb, 0x3d, 0x9a, 0x3d, 0xba, 0x3d, 0xba, 0x3d,
    0x9a, 0x35, 0xba, 0x3d, 0xba, 0x3d, 0xba, 0x3d, 0xba, 0x35, 0xba, 0x3d,
    0x9a, 0x3d, 0xba, 0x35, 0xbb, 0x3d, 0xba, 0x3d, 0x9b, 0x3d, 0x9a, 0x3d,
    0xba, 0x3d, 0xbb, 0x35, 0x9a, 0x3d, 0xba, 0x35, 0xba, 0x35, 0x9a, 0x3d,
    0xba, 0x3d, 0xba, 0x35, 0xba, 0x3d, 0xba, 0x35, 0xbb, 0x35, 0xba, 0x3d,
    0x9a, 0x3d, 0x9a, 0x3d, 0xba, 0x35, 0xba, 0x3d, 0xba, 0x3d, 0x9b, 0x35,
    0xba, 0x35, 0xbb, 0x3d, 0x9b, 0x35, 0xba, 0x35, 0xba, 0x35, 0x9a, 0x35,
    0x9a, 0x35, 0xbb, 0x35, 0x9a, 0x3d, 0xbb, 0x35, 0x9b, 0x35, 0xba, 0x3d,
    0x9a, 0x3d, 0x9a, 0x35, 0x9a, 0x35, 0xba, 0x35, 0xbb, 0x35, 0xba, 0x35,
    0x9a, 0x35, 0xba, 0x35, 0x9b, 0x35, 0xba, 0x35, 0x9a, 0x35, 0xba, 0x35,
    0x9b, 0x35, 0xba, 0x35, 0xba, 0x35, 0x9a, 0x35, 0xba, 0x35, 0x9a, 0x35,
    0x9a, 0x35, 0xbb, 0x35, 0xba, 0x35, 0x9a, 0x35, 0xba, 0x35, 0x9a, 0x35,
    0x9a, 0x35, 0x9a, 0x35, 0x9b, 0x35, 0x9a, 0x35, 0xba, 0x35, 0x9a, 0x35,
    0x9a, 0x35, 0xbb, 0x35, 0xbb, 0x35, 0xba, 0x35, 0xba, 0x35, 0x9a, 0x35,
    0xba, 0x35, 0x9a, 0x35, 0xba, 0x35, 0xba, 0x35, 0xba, 0x3d, 0xba, 0x35,
    0x33, 0x6d, 0x01, 0xf4, 0x80, 0xfc, 0x80, 0xfc, 0x80, 0xf4, 0x80, 0xfc,
    0x80, 0xfc, 0x80, 0xfc, 0xa0, 0xfc, 0xc0, 0xfc, 0x00, 0xfd, 0x40, 0xfd,
    0x60, 0xfd, 0x80, 0xfd, 0x80, 0xfd, 0xa0, 0xfd, 0x80, 0xfd, 0x80, 0xfd,
    0x60, 0xfd, 0x40, 0xfd, 0x40, 0xfd, 0x40, 0xfd, 0x20, 0xfd, 0x00, 0xfd,
    0x00, 0xfd, 0xe0, 0xfc, 0x00, 0xfd, 0x00, 0xfd, 0xe0, 0xfc, 0xe0, 0xfc,
    0xe0, 0xfc, 0xc0, 0xfc, 0xc0, 0xfc, 0xa0, 0xfc, 0xa0, 0xfc, 0xa0, 0xfc,
    0xa0, 0xfc, 0xa0, 0xfc, 0x80, 0xfc, 0x60, 0xf4, 0x40, 0xfc, 0x20, 0xf4,
    0x00, 0xf4, 0xe0, 0xf3, 0xe0, 0xf3, 0xe0, 0xf3, 0xc0, 0xf3, 0x61, 0xda,
    0x42, 0xc1, 0xc3, 0xc0, 0xe3, 0xc0, 0x03, 0xc1, 0xe3, 0xc0, 0x03, 0xc9,
    0x03, 0xc1, 0xe3, 0xc8, 0x03, 0xc9, 0x03, 0xc9, 0x03, 0xd1, 0x03, 0xd1,
    0x23, 0xd9, 0x23, 0xd9, 0x43, 0xd9, 0x44, 0xd9, 0x43, 0xd9, 0x23, 0xd9,
    0x24, 0xd9, 0x23, 0xd1, 0x24, 0xd1, 0x23, 0xd1, 0x24, 0xc9, 0xba, 0x3d,
    0xba, 0x3d, 0xba, 0x3d, 0xba, 0x35, 0xba, 0x35, 0xba, 0x3d, 0xba, 0x35,
    0xba, 0x35, 0xba, 0x35, 0x9a, 0x35, 0x9a, 0x35, 0xba, 0x3d, 0x9a, 0x35,
    0xbb, 0x35, 0x9a, 0x3d, 0x9a, 0x35, 0xba, 0x35, 0x9a, 0x35, 0xbb, 0x3d,
    0x9a, 0x35, 0x9a, 0x35, 0xba, 0x35, 0x9a, 0x3d, 0xba, 0x35, 0x9a, 0x35,
    0xba, 0x3d, 0xba, 0x35, 0x9a, 0x35, 0xba, 0x3d, 0x9a, 0x35, 0xba, 0x35,
    0x9a, 0x3d, 0x9a, 0x35, 0xba, 0x35, 0x9a, 0x35, 0xba, 0x3d, 0xba, 0x35,
    0xbb, 0x3d, 0xba, 0x3d, 0xba, 0x3d, 0xba, 0x35, 0x9a, 0x35, 0xba, 0x3d,
    0xba, 0x3d, 0x9a, 0x3d, 0x9a, 0x3d, 0xbb, 0x3d, 0x9a, 0x3d, 0xba, 0x3d,
    0xba, 0x3d, 0xbb, 0x3d, 0xda, 0x3d, 0xda, 0x45, 0xba, 0x45, 0xdb, 0x45,
    0xda, 0x45, 0xda, 0x45, 0xdb, 0x45, 0xda, 0x45, 0xba, 0x45, 0xba, 0x3d,
    0xba, 0x3d, 0xbb, 0x3d, 0xba, 0x3d, 0xba, 0x3d, 0xba, 0x3d, 0xbb, 0x3d,
    0xba, 0x3d, 0xba, 0x3d, 0xbb, 0x3d, 0xba, 0x3d, 0xba, 0x3d, 0xba, 0x3d,
    0xbb, 0x3d, 0xba, 0x3d, 0xbb, 0x3d, 0xba, 0x35, 0xba, 0x3d, 0xba, 0x3d,
    0xbb, 0x3d, 0xba, 0x3d, 0xba, 0x3d, 0xbb, 0x3d, 0xba, 0x3d, 0xbb, 0x3d,
    0xbb, 0x3d, 0xba, 0x3d, 0xbb, 0x3d, 0xba, 0x35, 0xbb, 0x3d, 0x9a, 0x3d,
    0xba, 0x35, 0xba, 0x35, 0xba, 0x3d, 0xbb, 0x35, 0xba, 0x3d, 0xba, 0x35,
    0xbb, 0x3d, 0x9a, 0x3d, 0xba, 0x35, 0xbb, 0x3d, 0xba, 0x3d, 0xba, 0x35,
    0xbb, 0x3d, 0x9a, 0x3d, 0xbb, 0x35, 0xba, 0x3d, 0xba, 0x35, 0xba, 0x35,
    0xba, 0x3d, 0xbb, 0x3d, 0xbb, 0x35, 0xba, 0x3d, 0xba, 0x35, 0xbb, 0x3d,
    0xba, 0x3d, 0x9a, 0x35, 0xba, 0x3d, 0xba, 0x35, 0xbb, 0x3d, 0x9a, 0x3d,
    0xba, 0x35, 0xba, 0x3d, 0xba, 0x3d, 0xba, 0x35, 0x9a, 0x3d, 0xbb, 0x35,
    0xba, 0x35, 0x9b, 0x3d, 0xba, 0x3d, 0x9a, 0x3d, 0xba, 0x35, 0xbb, 0x3d,
    0xbb, 0x3d, 0x9a, 0x35, 0xba, 0x3d, 0xba, 0x3d, 0x9a, 0x35, 0x9a, 0x35,
    0xbb, 0x3d, 0xba, 0x35, 0x9a, 0x35, 0xba, 0x35, 0xba, 0x35, 0x9a, 0x35,
    0xba, 0x35, 0xba, 0x35, 0x9b, 0x35, 0xba, 0x35, 0x9a, 0x35, 0xbb, 0x35,
    0x9a, 0x35, 0xba, 0x35, 0xba, 0x35, 0x9b, 0x35, 0xba, 0x35, 0xba, 0x35,
    0x9a, 0x35, 0xbb, 0x35, 0x9a, 0x35, 0xbb, 0x35, 0xba, 0x35, 0x9b, 0x35,
    0x9a, 0x35, 0xba, 0x35, 0xbb, 0x35, 0x9a, 0x35, 0xbb, 0x35, 0xb9, 0x3d,
    0xa3, 0xeb, 0x40, 0xfc, 0x60, 0xfc, 0x40, 0xf4, 0x40, 0xfc, 0x40, 0xf4,
    0x00, 0xf4, 0xe0, 0xf3, 0xe0, 0xf3, 0x20, 0xfc, 0x80, 0xfc, 0xe0, 0xfc,
    0x20, 0xfd, 0x60, 0xfd, 0x80, 0xfd, 0x80, 0xfd, 0x80, 0xfd, 0x60, 0xfd,
    0x60, 0xfd, 0x60, 0xfd, 0x40, 0xfd, 0x40, 0xfd, 0x40, 0xfd, 0x20, 0xfd,
    0x20, 0xfd, 0x20, 0xfd, 0x20, 0xfd, 0x20, 0xfd, 0x00, 0xfd, 0x00, 0xfd,
    0xe0, 0xfc, 0xe0, 0xfc, 0xe0, 0xfc, 0xe0, 0xfc, 0xe0, 0xfc, 0xe0, 0xfc,
    0xc0, 0xfc, 0xa0, 0xfc, 0xa0, 0xfc, 0x80, 0xfc, 0x60, 0xfc, 0x60, 0xfc,
    0x40, 0xfc, 0x00, 0xf4, 0x00, 0xfc, 0xe0, 0xf3, 0xc0, 0xf3, 0xc0, 0xf3,
    0xa0, 0xf3, 0x80, 0xf3, 0xe1, 0xd1, 0xe3, 0xc0, 0xe3, 0xc0, 0xe3, 0xc0,
    0xe3, 0xc0, 0xe3, 0xc0, 0xe3, 0xc0, 0x03, 0xc9, 0x03, 0xc9, 0x03, 0xc9,
    0x23, 0xd1, 0x23, 0xd1, 0x23, 0xd9, 0x24, 0xd9, 0x23, 0xd9, 0x23, 0xd9,
    0x23, 0xd9, 0x23, 0xd1, 0x24, 0xd9, 0x03, 0xd1, 0x03, 0xd1, 0x12, 0x6c,
    0x9a, 0x3d, 0xbb, 0x3d, 0xbb, 0x35, 0xba, 0x3d, 0xbb, 0x3d, 0xbb, 0x3d,
    0x9a, 0x3d, 0xba, 0x3d, 0x9b, 0x35, 0xba, 0x3d, 0xba, 0x3d, 0xba, 0x35,
    0x9b, 0x35, 0xba, 0x3d, 0xba, 0x3d, 0x9b, 0x3d, 0xba, 0x3d, 0xba, 0x35,
    0xba, 0x3d, 0x9b, 0x35, 0xbb, 0x3d, 0x9a, 0x35, 0xba, 0x3d, 0x9b, 0x35,
    0x9a, 0x3d, 0xbb, 0x3d, 0x9a, 0x35, 0x9a, 0x3d, 0xbb, 0x35, 0x9a, 0x35,
    0x9a, 0x3d, 0xbb, 0x35, 0xba, 0x35, 0x9a, 0x3d, 0x9a, 0x35, 0xba, 0x35,
    0x9a, 0x3d, 0x9b, 0x3d, 0xba, 0x3d, 0x9b, 0x35, 0xbb, 0x35, 0x9a, 0x3d,
    0x9b, 0x35, 0xba, 0x35, 0xba, 0x3d, 0xba, 0x3d, 0xbb, 0x3d, 0xda, 0x45,
    0xda, 0x45, 0xdb, 0x45, 0xdb, 0x45, 0xba, 0x45, 0xdb, 0x45, 0xdb, 0x45,
    0xda, 0x45, 0xdb, 0x45, 0xdb, 0x45, 0xdb, 0x45, 0xda, 0x45, 0xda, 0x45,
    0xba, 0x3d, 0xba, 0x3d, 0xbb, 0x3d, 0xba, 0x3d, 0xba, 0x3d, 0xba, 0x3d,
    0xbb, 0x3d, 0xba, 0x3d, 0xba, 0x3d, 0xba, 0x3d, 0xba, 0x3d, 0xbb, 0x3d,
    0xba, 0x3d, 0xba, 0x3d, 0xba, 0x3d, 0xbb, 0x3d, 0xba, 0x35, 0xba, 0x3d,
    0xba, 0x3d, 0xba, 0x3d, 0xbb, 0x3d, 0xba, 0x35, 0xba, 0x3d, 0xba, 0x3d,
    0xba, 0x3d, 0xbb, 0x3d, 0xba, 0x3d, 0xba, 0x3d, 0xba, 0x3d, 0xbb, 0x3d,
    0xba, 0x3d, 0xba, 0x3d, 0xba, 0x3d, 0xba, 0x3d, 0xbb, 0x3d, 0xba, 0x3d,
    0xbb, 0x3d, 0xba, 0x35, 0xba, 0x3d, 0x9b, 0x3d, 0xbb, 0x3d, 0xba, 0x3d,
    0xba, 0x35, 0xba, 0x3d, 0x9b, 0x3d, 0xba, 0x3d, 0xba, 0x3d, 0xbb, 0x3d,
    0xbb, 0x3d, 0xba, 0x35, 0xba, 0x3d, 0xba, 0x3d, 0x9a, 0x35, 0xba, 0x3d,
    0xba, 0x3d, 0xba, 0x3d, 0xba, 0x35, 0x9a, 0x3d, 0xbb, 0x3d, 0x9a, 0x3d,
    0xba, 0x3d, 0xbb, 0x35, 0xba, 0x35, 0xba, 0x3d, 0xba, 0x3d, 0x9a, 0x35,
    0xbb, 0x35, 0xba, 0x35, 0x9a, 0x35, 0xbb, 0x3d, 0xba, 0x3d, 0x9a, 0x35,
    0x9a, 0x35, 0xbb, 0x35, 0xba, 0x3d, 0xba, 0x35, 0xbb, 0x3d, 0x9a, 0x35,
    0xba, 0x3d, 0x9a, 0x3d, 0x9b, 0x35, 0xba, 0x3d, 0xbb, 0x3d, 0x9a, 0x35,
    0xba, 0x35, 0xba, 0x35, 0xba, 0x3d, 0x9a, 0x35, 0xbb, 0x3d, 0xba, 0x35,
    0x9a, 0x35, 0xba, 0x3d, 0xbb, 0x35, 0x9a, 0x35, 0xba, 0x35, 0x9b, 0x35,
    0xba, 0x35, 0xba, 0x35, 0xba, 0x35, 0x9a, 0x35, 0xba, 0x35, 0xbb, 0x35,
    0xbb, 0x35, 0xba, 0x35, 0xba, 0x3d, 0x9a, 0x3d, 0xda, 0x35, 0x4d, 0x9c,
    0xe0, 0xfb, 0x20, 0xfc, 0x20, 0xf4, 0xe0, 0xf3, 0xe0, 0xf3, 0x80, 0xf3,
    0x20, 0xf3, 0x00, 0xeb, 0x20, 0xeb, 0x81, 0xf3, 0xe0, 0xf3, 0x60, 0xfc,
    0xe0, 0xfc, 0x40, 0xfd, 0x60, 0xfd, 0x60, 0xfd, 0x80, 0xfd, 0x60, 0xfd,
    0x60, 0xfd, 0x60, 0xfd, 0x40, 0xfd, 0x40, 0xfd, 0x40, 0xfd, 0x20, 0xfd,
    0x40, 0xfd, 0x20, 0xfd, 0x20, 0xfd, 0x40, 0xfd, 0x20, 0xfd, 0x20, 0xfd,
    0x20, 0xfd, 0x00, 0xfd, 0x00, 0xfd, 0x00, 0xfd, 0xe0, 0xfc, 0xe0, 0xfc,
    0xe0, 0xfc, 0xe0, 0xfc, 0xc0, 0xf4, 0xa0, 0xfc, 0x80, 0xfc, 0x80, 0xfc,
    0x60, 0xfc, 0x40, 0xfc, 0x20, 0xfc, 0x00, 0xfc, 0xe0, 0xf3, 0xe0, 0xf3,
    0xc0, 0xf3, 0xa0, 0xf3, 0x80, 0xf3, 0xa0, 0xf3, 0x21, 0xda, 0xe3, 0xc0,
    0xe3, 0xb8, 0xe3, 0xc0, 0x03, 0xc1, 0x03, 0xc9, 0xe3, 0xc8, 0x03, 0xc9,
    0x03, 0xc9, 0x23, 0xd1, 0x23, 0xd1, 0x23, 0xd1, 0x23, 0xd1, 0x44, 0xd9,
    0x23, 0xd1, 0x23, 0xd9, 0x23, 0xd1, 0x23, 0xd1, 0x23, 0xd1, 0x4a, 0xa2,
    0xda, 0x35, 0xba, 0x3d, 0xba, 0x3d, 0xba, 0x35, 0xba, 0x3d, 0x9a, 0x35,
    0xba, 0x35, 0x9a, 0x3d, 0xba, 0x35, 0x9a, 0x3d, 0xba, 0x3d, 0xba, 0x35,
    0x9a, 0x35, 0xba, 0x35, 0xbb, 0x35, 0xba, 0x3d, 0xba, 0x35, 0xba, 0x3d,
    0xba, 0x35, 0xba, 0x3d, 0xba, 0x3d, 0xba, 0x35, 0xbb, 0x3d, 0x9a, 0x35,
    0xba, 0x35, 0xba, 0x35, 0x9a, 0x35, 0xbb, 0x35, 0xba, 0x3d, 0x9a, 0x35,
    0xba, 0x35, 0x9a, 0x3d, 0xbb, 0x3d, 0xba, 0x3d, 0xbb, 0x35, 0x9b, 0x35,
    0xba, 0x35, 0x9a, 0x35, 0x9a, 0x35, 0x9a, 0x3d, 0xba, 0x3d, 0x9a, 0x35,
    0xba, 0x35, 0x9b, 0x3d, 0x9a, 0x3d, 0xba, 0x3d, 0xda, 0x3d, 0xda, 0x45,
    0xda, 0x45, 0xda, 0x45, 0xda, 0x45, 0xda, 0x45, 0xdb, 0x45, 0xda, 0x45,
    0xda, 0x45, 0xda, 0x45, 0xda, 0x45, 0xdb, 0x45, 0xda, 0x45, 0xba, 0x45,
    0xba, 0x3d, 0xba, 0x3d, 0xba, 0x3d, 0xba, 0x3d, 0xba, 0x3d, 0xba, 0x3d,
    0xbb, 0x3d, 0xba, 0x3d, 0xba, 0x3d, 0xbb, 0x3d, 0xba, 0x3d, 0xba, 0x3d,
    0xba, 0x3d, 0xba, 0x3d, 0xbb, 0x3d, 0xba, 0x3d, 0xba, 0x3d, 0xba, 0x3d,
    0xbb, 0x3d, 0xba, 0x3d, 0xba, 0x3d, 0xbb, 0x3d, 0xbb, 0x3d, 0xba, 0x3d,
    0xba, 0x3d, 0xba, 0x3d, 0xba, 0x3d, 0xba, 0x3d, 0xba, 0x3d, 0xba, 0x3d,
    0xbb, 0x3d, 0xbb, 0x3d, 0xba, 0x3d, 0xba, 0x3d, 0xbb, 0x3d, 0xba, 0x3d,
    0xba, 0x3d, 0xba, 0x3d, 0xba, 0x3d, 0xba, 0x35, 0xba, 0x3d, 0xba, 0x35,
    0xba, 0x3d, 0xba, 0x3d, 0xba, 0x3d, 0xbb, 0x35, 0xba, 0x3d, 0x9a, 0x3d,
    0x9a, 0x35, 0xba, 0x3d, 0xbb, 0x3d, 0xba, 0x3d, 0xbb, 0x35, 0x9a, 0x3d,
    0xbb, 0x3d, 0xbb, 0x3d, 0xba, 0x3d, 0xba, 0x3d, 0xba, 0x3d, 0xbb, 0x35,
    0xba, 0x3d, 0xbb, 0x3d, 0x9a, 0x3d, 0xba, 0x3d, 0xbb, 0x3d, 0xba, 0x35,
    0xba, 0x3d, 0xbb, 0x3d, 0xba, 0x3d, 0xba, 0x35, 0xba, 0x35, 0xbb, 0x3d,
    0xba, 0x3d, 0xba, 0x3d, 0xba, 0x35, 0x9b, 0x3d, 0xba, 0x35, 0xbb, 0x3d,
    0xba, 0x35, 0xba, 0x3d, 0xba, 0x35, 0xba, 0x35, 0x9b, 0x3d, 0xba, 0x3d,
    0x9b, 0x35, 0x9b, 0x3d, 0xba, 0x35, 0xba, 0x3d, 0xba, 0x3d, 0x9a, 0x35,
    0x9a, 0x35, 0x9b, 0x3d, 0x9a, 0x3d, 0xba, 0x35, 0xba, 0x3d, 0xbb, 0x3d,
    0x9a, 0x35, 0xba, 0x35, 0xbb, 0x3d, 0x9a, 0x35, 0xba, 0x35, 0xba, 0x35,
    0xba, 0x3d, 0xba, 0x35, 0xba, 0x3d, 0xba, 0x3d, 0x99, 0x45, 0x81, 0xf3,
    0x00, 0xfc, 0x00, 0xf4, 0xe0, 0xf3, 0x80, 0xf3, 0x20, 0xeb, 0x80, 0xe2,
    0x60, 0xe2, 0xa0, 0xea, 0xc0, 0xea, 0x00, 0xeb, 0x60, 0xf3, 0xe0, 0xf3,
    0x80, 0xfc, 0x00, 0xfd, 0x40, 0xfd, 0x40, 0xfd, 0x60, 0xfd, 0x60, 0xfd,
    0x80, 0xfd, 0x60, 0xfd, 0x40, 0xfd, 0x40, 0xfd, 0x40, 0xfd, 0x40, 0xfd,
    0x40, 0xfd, 0x40, 0xfd, 0x40, 0xfd, 0x40, 0xfd, 0x40, 0xfd, 0x40, 0xfd,
    0x20, 0xfd, 0x20, 0xfd, 0x20, 0xfd, 0x20, 0xfd, 0x00, 0xfd, 0x00, 0xfd,
    0x00, 0xfd, 0xe0, 0xfc, 0xe0, 0xfc, 0xc0, 0xfc, 0xc0, 0xfc, 0xa0, 0xf4,
    0x80, 0xfc, 0x60, 0xfc, 0x60, 0xf4, 0x40, 0xfc, 0x20, 0xf4, 0x20, 0xfc,
    0x00, 0xf4, 0xc0, 0xf3, 0xa0, 0xf3, 0xa0, 0xf3, 0x80, 0xf3, 0x80, 0xf3,
    0x81, 0xda, 0x02, 0xc1, 0xc3, 0xc0, 0xe2, 0xc0, 0xe3, 0xc0, 0x03, 0xc9,
    0x03, 0xc9, 0x23, 0xc9, 0x23, 0xd1, 0x23, 0xd1, 0x24, 0xd1, 0x24, 0xd1,
    0x23, 0xd9, 0x23, 0xd1, 0x23, 0xd9, 0x23, 0xd1, 0x23, 0xd1, 0x65, 0xc1,
    0xfb, 0x35, 0xba, 0x3d, 0xba, 0x3d, 0xba, 0x3d, 0xba, 0x3d, 0xbb, 0x3d,
    0xba, 0x3d, 0xbb, 0x3d, 0xba, 0x35, 0xba, 0x35, 0xbb, 0x3d, 0x9b, 0x3d,
    0xba, 0x3d, 0xba, 0x35, 0xba, 0x35, 0x9a, 0x3d, 0xbb, 0x3d, 0xbb, 0x35,
    0x9a, 0x35, 0xba, 0x3d, 0xbb, 0x35, 0x9a, 0x3d, 0xba, 0x35, 0xba, 0x35,
    0xba, 0x3d, 0x9b, 0x3d, 0xba, 0x3d, 0x9a, 0x35, 0x9a, 0x35, 0xbb, 0x3d,
    0xbb, 0x3d, 0xba, 0x35, 0x9a, 0x3d, 0x9a, 0x35, 0xbb, 0x3d, 0xba, 0x3d,
    0xba, 0x3d, 0xba, 0x35, 0xba, 0x35, 0xba, 0x35, 0x9a, 0x35, 0xba, 0x35,
    0xba, 0x3d, 0xba, 0x3d, 0xba, 0x3d, 0xba, 0x45, 0xdb, 0x45, 0xda, 0x45,
    0xdb, 0x45, 0xdb, 0x45, 0xda, 0x45, 0xda, 0x45, 0xdb, 0x45, 0xdb, 0x4d,
    0xda, 0x45, 0xda, 0x45, 0xdb, 0x45, 0xda, 0x45, 0xda, 0x45, 0xda, 0x45,
    0xba, 0x3d, 0xbb, 0x3d, 0xba, 0x3d, 0xbb, 0x3d, 0xba, 0x3d, 0xba, 0x3d,
    0xbb, 0x3d, 0xda, 0x3d, 0xdb, 0x3d, 0xda, 0x3d, 0xbb, 0x3d, 0xba, 0x3d,
    0xbb, 0x3d, 0xba, 0x3d, 0xba, 0x3d, 0xba, 0x3d, 0xba, 0x3d, 0xba, 0x3d,
    0xbb, 0x3d, 0xbb, 0x3d, 0xba, 0x3d, 0xba, 0x3d, 0xbb, 0x3d, 0xba, 0x3d,
    0xba, 0x3d, 0xbb, 0x3d, 0xba, 0x3d, 0xbb, 0x3d, 0xba, 0x3d, 0xba, 0x3d,
    0xba, 0x3d, 0xba, 0x3d, 0xbb, 0x3d, 0xba, 0x3d, 0xba, 0x3d, 0xba, 0x3d,
    0xbb, 0x3d, 0xba, 0x3d, 0xba, 0x3d, 0xbb, 0x3d, 0xba, 0x3d, 0xba, 0x3d,
    0xbb, 0x3d, 0xbb, 0x3d, 0xba, 0x3d, 0xba, 0x3d, 0xba, 0x3d, 0xba, 0x35,
    0xba, 0x3d, 0xba, 0x3d, 0xbb, 0x3d, 0xba, 0x3d, 0xba, 0x3d, 0xbb, 0x3d,
    0xba, 0x3d, 0x9a, 0x3d, 0xbb, 0x3d, 0xbb, 0x3d, 0xba, 0x3d, 0xba, 0x3d,
    0xba, 0x3d, 0xba, 0x3d, 0xba, 0x35, 0xbb, 0x3d, 0xba, 0x35, 0xba, 0x3d,
    0xba, 0x3d, 0xba, 0x35, 0xba, 0x3d, 0x9a, 0x3d, 0xba, 0x3d, 0xbb, 0x3d,
    0xba, 0x3d, 0x9a, 0x35, 0xba, 0x3d, 0xba, 0x35, 0xba, 0x3d, 0xba, 0x35,
    0xba, 0x35, 0xbb, 0x3d, 0xba, 0x3d, 0xba, 0x35, 0xba, 0x35, 0x9a, 0x35,
    0xba, 0x3d, 0x9a, 0x35, 0xba, 0x35, 0x9b, 0x35, 0xba, 0x35, 0xba, 0x3d,
    0xbb, 0x35, 0xba, 0x35, 0xba, 0x3d, 0xbb, 0x35, 0xba, 0x3d, 0x9a, 0x35,
    0xba, 0x35, 0x9a, 0x3d, 0xba, 0x3d, 0xbb, 0x35, 0xba, 0x35, 0xba, 0x3d,
    0xba, 0x3d, 0xba, 0x35, 0xba, 0x35, 0xdb, 0x35, 0x2c, 0x9c, 0xe0, 0xfb,
    0xe0, 0xf3, 0xe0, 0xfb, 0x80, 0xf3, 0xc0, 0xea, 0x40, 0xda, 0x20, 0xeb,
    0xa0, 0xf3, 0xc0, 0xf3, 0x80, 0xf3, 0x60, 0xf3, 0x40, 0xf3, 0xa0, 0xf3,
    0x20, 0xfc, 0xe0, 0xfc, 0x40, 0xfd, 0x40, 0xfd, 0x60, 0xfd, 0x60, 0xfd,
    0x60, 0xfd, 0x60, 0xfd, 0x60, 0xfd, 0x60, 0xfd, 0x60, 0xfd, 0x60, 0xfd,
    0x60, 0xfd, 0x60, 0xfd, 0x40, 0xfd, 0x40, 0xfd, 0x40, 0xfd, 0x40, 0xfd,
    0x40, 0xfd, 0x40, 0xfd, 0x40, 0xfd, 0x20, 0xfd, 0x20, 0xfd, 0x20, 0xfd,
    0x20, 0xfd, 0x00, 0xfd, 0xe0, 0xfc, 0xe0, 0xfc, 0xe0, 0xfc, 0xc0, 0xfc,
    0xc0, 0xfc, 0xa0, 0xf4, 0xa0, 0xfc, 0xa0, 0xfc, 0x80, 0xfc, 0x80, 0xfc,
    0x60, 0xfc, 0x40, 0xfc, 0x20, 0xfc, 0xe0, 0xf3, 0xa0, 0xf3, 0xa0, 0xeb,
    0x80, 0xf3, 0xa0, 0xf3, 0xa1, 0xe2, 0x02, 0xb9, 0xe3, 0xb8, 0xe3, 0xc0,
    0x03, 0xc1, 0x03, 0xc9, 0x23, 0xc9, 0x23, 0xd1, 0x24, 0xd1, 0x23, 0xd1,
    0x23, 0xd1, 0x23, 0xd1, 0x24, 0xd1, 0x23, 0xd1, 0x23, 0xd1, 0x03, 0xd1,
    0x78, 0x45, 0xba, 0x3d, 0xbb, 0x3d, 0xbb, 0x3d, 0xba, 0x3d, 0xba, 0x35,
    0xba, 0x3d, 0xba, 0x35, 0xba, 0x3d, 0xba, 0x3d, 0xbb, 0x3d, 0xba, 0x35,
    0xba, 0x3d, 0xba, 0x3d, 0xba, 0x35, 0x9a, 0x35, 0xba, 0x3d, 0xbb, 0x3d,
    0xba, 0x3d, 0xba, 0x35, 0xbb, 0x3d, 0xba, 0x3d, 0xba, 0x3d, 0xba, 0x35,
    0xbb, 0x3d, 0xba, 0x3d, 0xba, 0x35, 0xba, 0x3d, 0x9a, 0x3d, 0xbb, 0x3d,
    0xba, 0x3d, 0xba, 0x35, 0x9a, 0x3d, 0xba, 0x3d, 0xba, 0x35, 0xba, 0x3d,
    0xba, 0x3d, 0x9b, 0x3d, 0xbb, 0x3d, 0x9a, 0x35, 0x9a, 0x3d, 0xbb, 0x35,
    0xbb, 0x3d, 0xba, 0x3d, 0xba, 0x3d, 0xdb, 0x45, 0xda, 0x45, 0xda, 0x45,
    0xda, 0x45, 0xdb, 0x45, 0xdb, 0x45, 0xda, 0x4d, 0xda, 0x45, 0xdb, 0x45,
    0xda, 0x4d, 0xdb, 0x45, 0xda, 0x45, 0xdb, 0x45, 0xdb, 0x45, 0xda, 0x45,
    0xba, 0x3d, 0xba, 0x45, 0xba, 0x3d, 0xdb, 0x3d, 0xba, 0x3d, 0xba, 0x3d,
    0xda, 0x3d, 0xba, 0x3d, 0xba, 0x3d, 0xda, 0x3d, 0xba, 0x3d, 0xba, 0x3d,
    0xda, 0x3d, 0xba, 0x3d, 0xda, 0x3d, 0xdb, 0x3d, 0xba, 0x3d, 0xba, 0x3d,
    0xba, 0x3d, 0xba, 0x3d, 0xda, 0x3d, 0xba, 0x3d, 0xba, 0x3d, 0xba, 0x3d,
    0xbb, 0x3d, 0xba, 0x3d, 0xba, 0x3d, 0xba, 0x3d, 0xbb, 0x3d, 0xda, 0x3d,
    0xba, 0x3d, 0xba, 0x3d, 0xbb, 0x3d, 0xdb, 0x3d, 0xba, 0x3d, 0xba, 0x3d,
    0xbb, 0x3d, 0xba, 0x3d, 0xbb, 0x3d, 0xba, 0x3d, 0xba, 0x3d, 0xbb, 0x3d,
    0xba, 0x3d, 0xba, 0x3d, 0xba, 0x3d, 0xba, 0x3d, 0xbb, 0x3d, 0xbb, 0x3d,
    0xbb, 0x3d, 0xba, 0x3d, 0xba, 0x3d, 0xbb, 0x3d, 0xba, 0x3d, 0xba, 0x3d,
    0xba, 0x3d, 0xba, 0x3d, 0xba, 0x3d, 0xba, 0x3d, 0xbb, 0x3d, 0xba, 0x3d,
    0xba, 0x3d, 0xba, 0x35, 0xbb, 0x3d, 0xba, 0x3d, 0xba, 0x3d, 0xbb, 0x3d,
    0xba, 0x3d, 0xba, 0x3d, 0x9b, 0x3d, 0xbb, 0x3d, 0xba, 0x3d, 0xba, 0x35,
    0xba, 0x3d, 0xbb, 0x3d, 0x9a, 0x35, 0xba, 0x3d, 0x9b, 0x3d, 0xba, 0x3d,
    0x9a, 0x3d, 0xbb, 0x35, 0x9a, 0x3d, 0xba, 0x3d, 0xbb, 0x3d, 0x9a, 0x35,
    0xba, 0x35, 0xba, 0x3d, 0xba, 0x3d, 0x9a, 0x35, 0xbb, 0x35, 0xba, 0x3d,
    0xba, 0x3d, 0xba, 0x35, 0xba, 0x35, 0xba, 0x3d, 0xbb, 0x3d, 0xba, 0x35,
    0xba, 0x3d, 0xbb, 0x3d, 0xba, 0x35, 0x9a, 0x3d, 0x9a, 0x35, 0xbb, 0x35,
    0x9b, 0x35, 0xba, 0x3d, 0xbb, 0x3d, 0xda, 0x3d, 0x62, 0xf3, 0xe0, 0xfb,
    0x80, 0xf3, 0x40, 0xf3, 0xa0, 0xe2, 0xc0, 0xe2, 0xe0, 0xfb, 0x21, 0xf4,
    0x41, 0xfc, 0x40, 0xfc, 0x40, 0xfc, 0x20, 0xf4, 0xa0, 0xf3, 0x80, 0xf3,
    0x00, 0xf4, 0x80, 0xfc, 0x00, 0xfd, 0x40, 0xfd, 0x60, 0xfd, 0x80, 0xfd,
    0x80, 0xfd, 0x60, 0xfd, 0x60, 0xfd, 0x60, 0xfd, 0x80, 0xfd, 0x60, 0xfd,
    0x60, 0xfd, 0x60, 0xfd, 0x60, 0xfd, 0x60, 0xfd, 0x60, 0xfd, 0x60, 0xfd,
    0x40, 0xfd, 0x40, 0xfd, 0x40, 0xfd, 0x40, 0xfd, 0x40, 0xfd, 0x20, 0xfd,
    0x20, 0xfd, 0x20, 0xfd, 0x20, 0xfd, 0x20, 0xfd, 0x00, 0xfd, 0xe0, 0xfc,
    0xe0, 0xfc, 0xe0, 0xfc, 0xe0, 0xfc, 0xe0, 0xfc, 0xe0, 0xfc, 0xe0, 0xfc,
    0xe0, 0xfc, 0xc0, 0xfc, 0xc0, 0xfc, 0xc0, 0xfc, 0x80, 0xfc, 0x00, 0xf4,
    0xa0, 0xf3, 0x80, 0xf3, 0x80, 0xf3, 0x60, 0xf3, 0x41, 0xda, 0xe2, 0xb8,
    0xe3, 0xc0, 0x03, 0xc1, 0x03, 0xc9, 0x03, 0xc9, 0x23, 0xc9, 0x23, 0xd1,
    0x23, 0xd1, 0x23, 0xd1, 0x23, 0xd1, 0x23, 0xd1, 0x03, 0xd1, 0xe3, 0xd0,
    0x53, 0x64, 0xba, 0x3d, 0xba, 0x35, 0xba, 0x3d, 0xba, 0x35, 0xba, 0x3d,
    0xba, 0x35, 0x9a, 0x3d, 0xbb, 0x3d, 0xbb, 0x3d, 0xba, 0x35, 0xba, 0x3d,
    0xba, 0x35, 0xbb, 0x3d, 0xba, 0x3d, 0xba, 0x3d, 0xbb, 0x35, 0xba, 0x3d,
    0x9a, 0x3d, 0xba, 0x35, 0xbb, 0x3d, 0xba, 0x3d, 0x9a, 0x3d, 0xbb, 0x35,
    0xba, 0x35, 0x9a, 0x35, 0xba, 0x35, 0xbb, 0x3d, 0xba, 0x3d, 0xba, 0x35,
    0xba, 0x3d, 0xba, 0x35, 0xbb, 0x35, 0x9b, 0x3d, 0xba, 0x35, 0xbb, 0x35,
    0xbb, 0x3d, 0xba, 0x35, 0x9a, 0x3d, 0xba, 0x3d, 0xba, 0x3d, 0x9a, 0x35,
    0xba, 0x3d, 0xba, 0x3d, 0xda, 0x45, 0xda, 0x45, 0xdb, 0x45, 0xda, 0x4d,
    0xda, 0x45, 0xda, 0x4d, 0xdb, 0x45, 0xda, 0x4d, 0xda, 0x45, 0xda, 0x45,
    0xda, 0x45, 0xfb, 0x4d, 0xda, 0x45, 0xda, 0x45, 0xba, 0x45, 0xba, 0x45,
    0xba, 0x3d, 0xda, 0x45, 0xdb, 0x45, 0xda, 0x3d, 0xba, 0x45, 0xbb, 0x3d,
    0xba, 0x3d, 0xda, 0x45, 0xbb, 0x3d, 0xdb, 0x3d, 0xba, 0x3d, 0xbb, 0x3d,
    0xda, 0x3d, 0xba, 0x3d, 0xba, 0x3d, 0xbb, 0x3d, 0xda, 0x3d, 0xda, 0x3d,
    0xbb, 0x3d, 0xba, 0x3d, 0xba, 0x3d, 0xbb, 0x3d, 0xda, 0x3d, 0xda, 0x3d,
    0xba, 0x3d, 0xdb, 0x3d, 0xba, 0x3d, 0xda, 0x3d, 0xba, 0x3d, 0xbb, 0x3d,
    0xba, 0x3d, 0xbb, 0x3d, 0xda, 0x3d, 0xba, 0x3d, 0xba, 0x3d, 0xba, 0x3d,
    0xba, 0x3d, 0xba, 0x3d, 0xba, 0x3d, 0xbb, 0x3d, 0xba, 0x3d, 0xda, 0x3d,
    0xba, 0x3d, 0xba, 0x3d, 0xbb, 0x3d, 0xba, 0x3d, 0xba, 0x3d, 0xba, 0x3d,
    0xbb, 0x3d, 0xba, 0x3d, 0xba, 0x3d, 0xdb, 0x3d, 0xbb, 0x3d, 0xba, 0x3d,
    0xba, 0x3d, 0xbb, 0x3d, 0xba, 0x3d, 0xba, 0x35, 0xba, 0x3d, 0xbb, 0x3d,
    0xba, 0x3d, 0xba, 0x3d, 0xbb, 0x3d, 0xba, 0x3d, 0xba, 0x3d, 0xbb, 0x3d,
    0xba, 0x3d, 0xba, 0x3d, 0xbb, 0x3d, 0xba, 0x3d, 0xba, 0x3d, 0xba, 0x3d,
    0xba, 0x3d, 0xba, 0x3d, 0xbb, 0x35, 0xba, 0x3d, 0xba, 0x3d, 0xba, 0x3d,
    0xba, 0x35, 0x9a, 0x35, 0xba, 0x3d, 0xba, 0x3d, 0xba, 0x3d, 0xbb, 0x3d,
    0xba, 0x3d, 0xbb, 0x3d, 0xba, 0x3d, 0xba, 0x35, 0xba, 0x3d, 0xba, 0x3d,
    0xba, 0x35, 0x9a, 0x3d, 0xbb, 0x3d, 0xba, 0x3d, 0xba, 0x35, 0xba, 0x3d,
    0xba, 0x3d, 0xba, 0x35, 0xba, 0x35, 0xba, 0x3d, 0xba, 0x3d, 0xba, 0x35,
    0xba, 0x3d, 0xba, 0x3d, 0xba, 0x35, 0xaf, 0x8c, 0xa0, 0xfb, 0xc0, 0xfb,
    0x40, 0xf3, 0x80, 0xe2, 0x60, 0xeb, 0x00, 0xfc, 0x00, 0xf4, 0x00, 0xf4,
    0x00, 0xf4, 0xe0, 0xf3, 0x40, 0xfc, 0x60, 0xfc, 0x20, 0xfc, 0xa0, 0xf3,
    0xe0, 0xf3, 0x60, 0xfc, 0x00, 0xfd, 0x20, 0xfd, 0x40, 0xfd, 0x60, 0xfd,
    0x80, 0xfd, 0x60, 0xfd, 0x60, 0xfd, 0x80, 0xfd, 0x80, 0xfd, 0x80, 0xfd,
    0x60, 0xfd, 0x60, 0xfd, 0x60, 0xfd, 0x60, 0xfd, 0x60, 0xfd, 0x60, 0xfd,
    0x60, 0xfd, 0x60, 0xfd, 0x40, 0xfd, 0x60, 0xfd, 0x40, 0xfd, 0x40, 0xfd,
    0x40, 0xfd, 0x40, 0xfd, 0x40, 0xfd, 0x20, 0xfd, 0x20, 0xfd, 0x00, 0xfd,
    0x20, 0xfd, 0x20, 0xfd, 0x20, 0xfd, 0x20, 0xfd, 0x20, 0xfd, 0x20, 0xfd,
    0x20, 0xfd, 0x00, 0xfd, 0x00, 0xfd, 0x00, 0xfd, 0xe0, 0xfc, 0xc0, 0xfc,
    0x80, 0xfc, 0x00, 0xf4, 0x80, 0xeb, 0x80, 0xf3, 0x60, 0xf3, 0x40, 0xeb,
    0x82, 0xc9, 0xe3, 0xc0, 0x03, 0xc1, 0x03, 0xc9, 0x03, 0xc9, 0x03, 0xd1,
    0x03, 0xd1, 0x23, 0xd1, 0x24, 0xd1, 0x03, 0xd1, 0x03, 0xd1, 0xe3, 0xd0,
    0x90, 0x83, 0xdb, 0x3d, 0xba, 0x3d, 0xbb, 0x3d, 0xba, 0x3d, 0xbb, 0x3d,
    0xba, 0x35, 0xba, 0x3d, 0xba, 0x35, 0xba, 0x3d, 0xba, 0x3d, 0x9a, 0x3d,
    0xbb, 0x3d, 0xba, 0x3d, 0x9a, 0x35, 0xbb, 0x3d, 0xbb, 0x35, 0xba, 0x35,
    0xba, 0x3d, 0xba, 0x3d, 0x9b, 0x35, 0xba, 0x35, 0xba, 0x3d, 0x9a, 0x3d,
    0xba, 0x3d, 0xbb, 0x3d, 0xba, 0x3d, 0xba, 0x3d, 0xbb, 0x35, 0x9a, 0x3d,
    0xba, 0x3d, 0xbb, 0x3d, 0xba, 0x35, 0x9a, 0x3d, 0xba, 0x3d, 0xba, 0x3d,
    0x9a, 0x35, 0xba, 0x35, 0xba, 0x3d, 0xbb, 0x3d, 0xba, 0x35, 0x9a, 0x35,
    0x9a, 0x3d, 0xbb, 0x45, 0xdb, 0x45, 0xda, 0x45, 0xdb, 0x45, 0xdb, 0x45,
    0xda, 0x4d, 0xda, 0x45, 0xda, 0x45, 0xdb, 0x4d, 0xda, 0x45, 0xda, 0x45,
    0xdb, 0x45, 0xda, 0x45, 0xda, 0x45, 0xdb, 0x45, 0xda, 0x45, 0xda, 0x45,
    0xba, 0x3d, 0xdb, 0x3d, 0xda, 0x3d, 0xba, 0x45, 0xdb, 0x3d, 0xba, 0x45,
    0xda, 0x3d, 0xdb, 0x45, 0xbb, 0x45, 0xda, 0x45, 0xda, 0x3d, 0xdb, 0x3d,
    0xdb, 0x45, 0xda, 0x3d, 0xba, 0x3d, 0xba, 0x3d, 0xdb, 0x3d, 0xba, 0x3d,
    0xba, 0x3d, 0xba, 0x3d, 0xba, 0x3d, 0xba, 0x3d, 0xbb, 0x3d, 0xda, 0x3d,
    0xda, 0x3d, 0xba, 0x3d, 0xdb, 0x3d, 0xda, 0x3d, 0xdb, 0x3d, 0xda, 0x3d,
    0xda, 0x3d, 0xba, 0x3d, 0xba, 0x3d, 0xbb, 0x3d, 0xba, 0x3d, 0xda, 0x3d,
    0xbb, 0x3d, 0xdb, 0x3d, 0xba, 0x3d, 0xba, 0x3d, 0xbb, 0x3d, 0xba, 0x3d,
    0xba, 0x3d, 0xbb, 0x3d, 0xba, 0x3d, 0xbb, 0x3d, 0xba, 0x3d, 0xba, 0x3d,
    0xba, 0x3d, 0xbb, 0x3d, 0xda, 0x3d, 0xba, 0x3d, 0xba, 0x3d, 0xba, 0x3d,
    0xba, 0x3d, 0xdb, 0x3d, 0xba, 0x3d, 0xba, 0x3d, 0xbb, 0x3d, 0xba, 0x3d,
    0xba, 0x3d, 0xba, 0x3d, 0xba, 0x3d, 0xbb, 0x3d, 0xba, 0x3d, 0xba, 0x3d,
    0xba, 0x3d, 0xbb, 0x3d, 0xba, 0x35, 0xba, 0x3d, 0xbb, 0x3d, 0xba, 0x3d,
    0xba, 0x35, 0xbb, 0x3d, 0xba, 0x3d, 0xba, 0x3d, 0xba, 0x3d, 0xbb, 0x3d,
    0xba, 0x35, 0xba, 0x3d, 0xbb, 0x3d, 0xba, 0x3d, 0xba, 0x35, 0xbb, 0x3d,
    0xba, 0x3d, 0xba, 0x3d, 0xbb, 0x35, 0xba, 0x3d, 0xba, 0x3d, 0xba, 0x3d,
    0xba, 0x35, 0xbb, 0x3d, 0xba, 0x3d, 0xba, 0x3d, 0xba, 0x3d, 0x9b, 0x3d,
    0xba, 0x35, 0xba, 0x35, 0xbb, 0x3d, 0xba, 0x3d, 0xba, 0x35, 0x9a, 0x3d,
    0xba, 0x3d, 0xbb, 0x35, 0xba, 0x35, 0x85, 0xdb, 0xa0, 0xfb, 0x60, 0xf3,
    0xc0, 0xe2, 0xa1, 0xf3, 0x00, 0xf4, 0xc1, 0xf3, 0x80, 0xf3, 0xc0, 0xca,
    0x60, 0xb2, 0x01, 0xc3, 0x00, 0xf4, 0x20, 0xf4, 0x60, 0xfc, 0x00, 0xfc,
    0xc0, 0xf3, 0x40, 0xfc, 0xe0, 0xfc, 0x20, 0xfd, 0x40, 0xfd, 0x60, 0xfd,
    0x60, 0xfd, 0x60, 0xfd, 0x80, 0xfd, 0x80, 0xfd, 0x80, 0xfd, 0x80, 0xfd,
    0x80, 0xfd, 0x80, 0xfd, 0x80, 0xfd, 0x80, 0xfd, 0x80, 0xfd, 0x80, 0xfd,
    0x80, 0xfd, 0x60, 0xfd, 0x80, 0xfd, 0x60, 0xfd, 0x80, 0xfd, 0x80, 0xfd,
    0x60, 0xfd, 0x60, 0xfd, 0x60, 0xfd, 0x40, 0xfd, 0x40, 0xfd, 0x40, 0xfd,
    0x40, 0xfd, 0x40, 0xfd, 0x40, 0xfd, 0x40, 0xfd, 0x40, 0xfd, 0x40, 0xfd,
    0x40, 0xfd, 0x20, 0xfd, 0x20, 0xfd, 0x00, 0xfd, 0x00, 0xfd, 0xe0, 0xfc,
    0xc0, 0xfc, 0xa0, 0xfc, 0x60, 0xf4, 0xc0, 0xf3, 0x80, 0xf3, 0x80, 0xf3,
    0x60, 0xf3, 0x81, 0xda, 0xc3, 0xb8, 0x03, 0xc1, 0xe3, 0xc0, 0x03, 0xc9,
    0x03, 0xc9, 0x03, 0xd1, 0x04, 0xd1, 0x24, 0xd1, 0x03, 0xc9, 0x03, 0xd1,
    0x8a, 0xa2, 0xda, 0x3d, 0xba, 0x3d, 0xba, 0x3d, 0xbb, 0x3d, 0xba, 0x3d,
    0xba, 0x3d, 0xba, 0x35, 0xbb, 0x3d, 0xba, 0x3d, 0xba, 0x3d, 0xba, 0x35,
    0xbb, 0x3d, 0xba, 0x3d, 0xba, 0x3d, 0xbb, 0x35, 0xba, 0x3d, 0xba, 0x3d,
    0xba, 0x3d, 0xbb, 0x3d, 0xba, 0x3d, 0xba, 0x3d, 0xbb, 0x3d, 0xba, 0x3d,
    0xba, 0x35, 0xba, 0x35, 0x9a, 0x3d, 0xba, 0x3d, 0xbb, 0x3d, 0xba, 0x3d,
    0xba, 0x3d, 0xba, 0x3d, 0xba, 0x3d, 0xba, 0x3d, 0xba, 0x3d, 0xba, 0x3d,
    0xbb, 0x3d, 0xba, 0x3d, 0x9a, 0x35, 0x9a, 0x3d, 0xbb, 0x3d, 0xba, 0x3d,
    0xba, 0x3d, 0xdb, 0x45, 0xfb, 0x4d, 0xfa, 0x4d, 0xda, 0x4d, 0xda, 0x4d,
    0xfb, 0x45, 0xda, 0x45, 0xfb, 0x4d, 0xdb, 0x4d, 0xfa, 0x45, 0xdb, 0x4d,
    0xda, 0x4d, 0xda, 0x45, 0xdb, 0x45, 0xdb, 0x45, 0xda, 0x45, 0xda, 0x45,
    0xba, 0x45, 0xda, 0x3d, 0xda, 0x3d, 0xbb, 0x3d, 0xda, 0x45, 0xdb, 0x3d,
    0xba, 0x3d, 0xda, 0x45, 0xda, 0x3d, 0xda, 0x45, 0xbb, 0x45, 0xba, 0x3d,
    0xba, 0x45, 0xda, 0x3d, 0xdb, 0x3d, 0xba, 0x45, 0xba, 0x45, 0xda, 0x45,
    0xdb, 0x45, 0xda, 0x45, 0xda, 0x3d, 0xdb, 0x3d, 0xba, 0x3d, 0xbb, 0x3d,
    0xda, 0x3d, 0xbb, 0x3d, 0xba, 0x3d, 0xba, 0x3d, 0xba, 0x3d, 0xba, 0x3d,
    0xda, 0x3d, 0xda, 0x3d, 0xdb, 0x3d, 0xba, 0x3d, 0xdb, 0x3d, 0xba, 0x3d,
    0xdb, 0x3d, 0xda, 0x3d, 0xda, 0x3d, 0xda, 0x3d, 0xdb, 0x3d, 0xda, 0x3d,
    0xda, 0x3d, 0xbb, 0x3d, 0xda, 0x3d, 0xba, 0x3d, 0xdb, 0x3d, 0xda, 0x3d,
    0xba, 0x3d, 0xba, 0x3d, 0xba, 0x3d, 0xba, 0x3d, 0xbb, 0x3d, 0xba, 0x3d,
    0xba, 0x3d, 0xba, 0x3d, 0xba, 0x3d, 0xba, 0x3d, 0xba, 0x3d, 0xba, 0x3d,
    0xbb, 0x3d, 0xba, 0x3d, 0xba, 0x3d, 0xba, 0x3d, 0xbb, 0x3d, 0xba, 0x3d,
    0xba, 0x3d, 0xbb, 0x3d, 0xba, 0x3d, 0xba, 0x3d, 0xbb, 0x3d, 0xba, 0x3d,
    0xbb, 0x3d, 0xba, 0x3d, 0xba, 0x3d, 0xba, 0x3d, 0xba, 0x35, 0xbb, 0x3d,
    0xba, 0x3d, 0xba, 0x3d, 0xbb, 0x3d, 0xba, 0x3d, 0xba, 0x35, 0xba, 0x3d,
    0xba, 0x3d, 0xba, 0x35, 0xba, 0x3d, 0xbb, 0x3d, 0xbb, 0x3d, 0xba, 0x3d,
    0xbb, 0x3d, 0xba, 0x35, 0xba, 0x35, 0xba, 0x35, 0xbb, 0x3d, 0xba, 0x3d,
    0xba, 0x3d, 0xba, 0x3d, 0xbb, 0x3d, 0xba, 0x3d, 0xba, 0x3d, 0xba, 0x35,
    0xba, 0x3d, 0x9a, 0x3d, 0x56, 0x5d, 0x80, 0xfb, 0x80, 0xf3, 0x40, 0xeb,
    0x80, 0xf3, 0x00, 0xfc, 0x81, 0xf3, 0xe0, 0x99, 0x81, 0x30, 0x20, 0x18,
    0x41, 0x20, 0x41, 0x18, 0xa1, 0x38, 0xe0, 0xc2, 0x01, 0xf4, 0x40, 0xfc,
    0xe0, 0xf3, 0x20, 0xf4, 0xe0, 0xfc, 0x20, 0xfd, 0x40, 0xfd, 0x60, 0xfd,
    0x80, 0xfd, 0x80, 0xfd, 0x80, 0xfd, 0x80, 0xfd, 0x60, 0xfd, 0x80, 0xfd,
    0x80, 0xfd, 0x80, 0xfd, 0x80, 0xfd, 0x80, 0xfd, 0x80, 0xfd, 0x80, 0xfd,
    0x80, 0xfd, 0x80, 0xfd, 0x80, 0xfd, 0x80, 0xfd, 0x80, 0xfd, 0x80, 0xfd,
    0x80, 0xfd, 0x80, 0xfd, 0x60, 0xfd, 0x60, 0xfd, 0x60, 0xfd, 0x60, 0xfd,
    0x60, 0xfd, 0x60, 0xfd, 0x40, 0xfd, 0x60, 0xfd, 0x60, 0xfd, 0x40, 0xfd,
    0x40, 0xfd, 0x40, 0xfd, 0x40, 0xfd, 0x40, 0xfd, 0x20, 0xfd, 0x00, 0xfd,
    0x00, 0xfd, 0xc0, 0xfc, 0xc0, 0xfc, 0x80, 0xfc, 0x00, 0xf4, 0x80, 0xf3,
    0x80, 0xf3, 0x40, 0xeb, 0x01, 0xeb, 0x02, 0xc1, 0xe3, 0xc0, 0x03, 0xc1,
    0x03, 0xc1, 0x03, 0xc9, 0x03, 0xc9, 0x03, 0xc9, 0x03, 0xc9, 0x03, 0xc9,
    0x08, 0xaa, 0xfb, 0x3d, 0xba, 0x35, 0xba, 0x3d, 0xba, 0x3d, 0xba, 0x35,
    0xbb, 0x3d, 0xba, 0x3d, 0xba, 0x3d, 0xbb, 0x3d, 0xba, 0x3d, 0xbb, 0x3d,
    0xda, 0x3d, 0xba, 0x3d, 0xbb, 0x3d, 0xba, 0x3d, 0xba, 0x3d, 0xba, 0x3d,
    0xbb, 0x3d, 0xba, 0x3d, 0xba, 0x3d, 0xba, 0x3d, 0xba, 0x3d, 0xbb, 0x3d,
    0xba, 0x35, 0xba, 0x3d, 0xbb, 0x3d, 0xba, 0x3d, 0xba, 0x3d, 0xba, 0x35,
    0xbb, 0x35, 0xba, 0x3d, 0xba, 0x3d, 0xbb, 0x35, 0xba, 0x3d, 0xba, 0x3d,
    0xba, 0x3d, 0xbb, 0x3d, 0xba, 0x3d, 0xba, 0x3d, 0xba, 0x3d, 0xba, 0x3d,
    0xba, 0x45, 0xda, 0x45, 0xda, 0x45, 0xda, 0x4d, 0xda, 0x4d, 0xfb, 0x4d,
    0xfa, 0x4d, 0xfa, 0x4d, 0xda, 0x45, 0xda, 0x45, 0xdb, 0x45, 0xfa, 0x4d,
    0xda, 0x45, 0xdb, 0x45, 0xda, 0x45, 0xda, 0x45, 0xdb, 0x45, 0xda, 0x45,
    0xba, 0x3d, 0xbb, 0x45, 0xda, 0x45, 0xba, 0x45, 0xda, 0x45, 0xbb, 0x3d,
    0xba, 0x3d, 0xba, 0x45, 0xdb, 0x3d, 0xba, 0x3d, 0xda, 0x3d, 0xbb, 0x3d,
    0xba, 0x45, 0xda, 0x3d, 0xba, 0x45, 0xdb, 0x45, 0xda, 0x45, 0xba, 0x3d,
    0xbb, 0x3d, 0xdb, 0x45, 0xba, 0x45, 0xda, 0x3d, 0xda, 0x45, 0xbb, 0x45,
    0xda, 0x3d, 0xdb, 0x45, 0xba, 0x45, 0xba, 0x3d, 0xbb, 0x45, 0xba, 0x45,
    0xbb, 0x3d, 0xba, 0x3d, 0xba, 0x3d, 0xdb, 0x45, 0xda, 0x3d, 0xba, 0x3d,
    0xba, 0x3d, 0xba, 0x45, 0xba, 0x45, 0xdb, 0x3d, 0xba, 0x3d, 0xba, 0x3d,
    0xda, 0x3d, 0xda, 0x3d, 0xbb, 0x3d, 0xda, 0x3d, 0xba, 0x3d, 0xda, 0x3d,
    0xdb, 0x3d, 0xda, 0x3d, 0xba, 0x3d, 0xbb, 0x3d, 0xda, 0x3d, 0xdb, 0x3d,
    0xda, 0x3d, 0xba, 0x3d, 0xba, 0x3d, 0xbb, 0x3d, 0xba, 0x3d, 0xba, 0x3d,
    0xbb, 0x3d, 0xba, 0x3d, 0xba, 0x3d, 0xbb, 0x3d, 0xba, 0x3d, 0xba, 0x3d,
    0xba, 0x3d, 0xbb, 0x3d, 0xba, 0x3d, 0xda, 0x3d, 0xba, 0x3d, 0xbb, 0x3d,
    0xba, 0x3d, 0xba, 0x3d, 0xdb, 0x3d, 0xba, 0x3d, 0xba, 0x3d, 0xba, 0x3d,
    0xba, 0x3d, 0xba, 0x3d, 0xba, 0x3d, 0xbb, 0x3d, 0xba, 0x3d, 0xba, 0x3d,
    0xbb, 0x3d, 0xbb, 0x3d, 0xba, 0x3d, 0xba, 0x3d, 0xba, 0x35, 0xba, 0x3d,
    0xba, 0x3d, 0xba, 0x3d, 0xbb, 0x3d, 0xba, 0x3d, 0xbb, 0x3d, 0xba, 0x35,
    0xba, 0x3d, 0xba, 0x3d, 0xba, 0x35, 0xba, 0x3d, 0xbb, 0x3d, 0xbb, 0x35,
    0xba, 0x3d, 0xdb, 0x35, 0xeb, 0xab, 0xa0, 0xfb, 0x60, 0xf3, 0x40, 0xf3,
    0xc1, 0xf3, 0xe0, 0xd2, 0xe0, 0x48, 0x20, 0x10, 0x43, 0x41, 0xa7, 0x72,
    0xe8, 0x82, 0x25, 0x62, 0x81, 0x28, 0x40, 0x20, 0x20, 0xcb, 0xe0, 0xf3,
    0xe0, 0xf3, 0x00, 0xfc, 0xc0, 0xfc, 0x20, 0xfd, 0x40, 0xfd, 0x60, 0xfd,
    0x80, 0xfd, 0x80, 0xfd, 0x80, 0xfd, 0x80, 0xfd, 0x80, 0xfd, 0x80, 0xfd,
    0x80, 0xfd, 0xa0, 0xfd, 0xa0, 0xfd, 0xa0, 0xfd, 0x80, 0xfd, 0x80, 0xfd,
    0xa0, 0xfd, 0xa0, 0xfd, 0x80, 0xfd, 0xa0, 0xfd, 0xa0, 0xfd, 0x80, 0xfd,
    0xa0, 0xfd, 0x80, 0xfd, 0x80, 0xfd, 0x80, 0xfd, 0x60, 0xfd, 0x60, 0xfd,
    0x60, 0xfd, 0x60, 0xfd, 0x60, 0xfd, 0x60, 0xfd, 0x60, 0xfd, 0x40, 0xfd,
    0x40, 0xfd, 0x40, 0xfd, 0x40, 0xfd, 0x20, 0xfd, 0x20, 0xfd, 0x20, 0xfd,
    0x00, 0xfd, 0x00, 0xfd, 0xe0, 0xfc, 0xc0, 0xfc, 0x80, 0xfc, 0x40, 0xf4,
    0xa0, 0xf3, 0x60, 0xf3, 0x40, 0xeb, 0x40, 0xeb, 0x22, 0xc1, 0xe3, 0xc0,
    0x03, 0xc1, 0x03, 0xc1, 0x03, 0xc9, 0x03, 0xc9, 0x03, 0xc9, 0x03, 0xc9,
    0xc7, 0xb9, 0xfb, 0x35, 0xda, 0x3d, 0xba, 0x3d, 0xdb, 0x3d, 0xba, 0x3d,
    0xba, 0x3d, 0xdb, 0x3d, 0xba, 0x35, 0xba, 0x3d, 0xba, 0x3d, 0xba, 0x3d,
    0xba, 0x3d, 0xba, 0x3d, 0xba, 0x3d, 0xba, 0x35, 0xbb, 0x3d, 0xba, 0x3d,
    0xba, 0x35, 0xba, 0x3d, 0xba, 0x35, 0xba, 0x35, 0xba, 0x3d, 0xbb, 0x3d,
    0xbb, 0x3d, 0xba, 0x3d, 0xba, 0x3d, 0xba, 0x3d, 0xba, 0x35, 0xba, 0x3d,
    0xba, 0x3d, 0xba, 0x3d, 0xbb, 0x3d, 0xba, 0x3d, 0xba, 0x3d, 0xba, 0x3d,
    0xba, 0x3d, 0xbb, 0x3d, 0xbb, 0x3d, 0xba, 0x3d, 0xba, 0x3d, 0xbb, 0x3d,
    0xdb, 0x45, 0xda, 0x45, 0xdb, 0x4d, 0xda, 0x4d, 0xfb, 0x45, 0xda, 0x4d,
    0xda, 0x4d, 0xfb, 0x4d, 0xfa, 0x45, 0xda, 0x4d, 0xfb, 0x45, 0xda, 0x4d,
    0xda, 0x45, 0xdb, 0x45, 0xda, 0x45, 0xda, 0x45, 0xdb, 0x45, 0xda, 0x45,
    0xda, 0x3d, 0xbb, 0x3d, 0xdb, 0x3d, 0xda, 0x45, 0xda, 0x3d, 0xda, 0x45,
    0xdb, 0x45, 0xdb, 0x3d, 0xda, 0x45, 0xdb, 0x45, 0xda, 0x3d, 0xda, 0x3d,
    0xda, 0x45, 0xba, 0x45, 0xdb, 0x3d, 0xda, 0x45, 0xdb, 0x3d, 0xda, 0x3d,
    0xba, 0x45, 0xda, 0x3d, 0xdb, 0x3d, 0xda, 0x45, 0xda, 0x3d, 0xbb, 0x3d,
    0xba, 0x3d, 0xda, 0x45, 0xdb, 0x3d, 0xda, 0x45, 0xdb, 0x3d, 0xdb, 0x3d,
    0xda, 0x45, 0xdb, 0x3d, 0xda, 0x3d, 0xba, 0x45, 0xbb, 0x45, 0xda, 0x3d,
    0xdb, 0x45, 0xba, 0x45, 0xda, 0x3d, 0xba, 0x3d, 0xba, 0x3d, 0xbb, 0x3d,
    0xba, 0x45, 0xba, 0x45, 0xda, 0x45, 0xba, 0x3d, 0xba, 0x3d, 0xbb, 0x45,
    0xda, 0x3d, 0xda, 0x45, 0xdb, 0x3d, 0xda, 0x3d, 0xba, 0x3d, 0xba, 0x3d,
    0xbb, 0x3d, 0xba, 0x3d, 0xda, 0x3d, 0xdb, 0x3d, 0xda, 0x3d, 0xbb, 0x3d,
    0xda, 0x3d, 0xda, 0x3d, 0xbb, 0x3d, 0xba, 0x3d, 0xba, 0x3d, 0xba, 0x3d,
    0xdb, 0x3d, 0xba, 0x3d, 0xba, 0x3d, 0xba, 0x3d, 0xda, 0x3d, 0xba, 0x3d,
    0xda, 0x3d, 0xba, 0x3d, 0xbb, 0x3d, 0xba, 0x3d, 0xba, 0x3d, 0xbb, 0x3d,
    0xba, 0x3d, 0xba, 0x3d, 0xba, 0x3d, 0xba, 0x3d, 0xba, 0x3d, 0xba, 0x3d,
    0xba, 0x3d, 0xba, 0x3d, 0xba, 0x3d, 0xba, 0x3d, 0xba, 0x3d, 0xba, 0x3d,
    0xba, 0x3d, 0xba, 0x3d, 0xba, 0x3d, 0xba, 0x3d, 0xba, 0x3d, 0xba, 0x35,
    0xbb, 0x3d, 0xba, 0x3d, 0xba, 0x3d, 0xba, 0x3d, 0xba, 0x3d, 0xba, 0x3d,
    0xda, 0x3d, 0xb9, 0x3d, 0x23, 0xeb, 0x80, 0xf3, 0x60, 0xf3, 0x80, 0xfb,
    0x60, 0xba, 0x41, 0x18, 0x06, 0x5a, 0x4f, 0xcd, 0x73, 0xee, 0x53, 0xee,
    0x12, 0xe6, 0xf2, 0xed, 0xb0, 0xe5, 0xc5, 0x51, 0xa1, 0x38, 0xc0, 0xf3,
    0x00, 0xfc, 0x20, 0xfc, 0xc0, 0xfc, 0x20, 0xfd, 0x40, 0xfd, 0x60, 0xfd,
    0x60, 0xfd, 0x80, 0xfd, 0x80, 0xfd, 0x80, 0xfd, 0x80, 0xfd, 0x80, 0xfd,
    0x80, 0xfd, 0xa0, 0xfd, 0xa0, 0xfd, 0x80, 0xfd, 0x80, 0xfd, 0xa0, 0xfd,
    0xa0, 0xfd, 0xa0, 0xfd, 0x80, 0xfd, 0xa0, 0xfd, 0x80, 0xfd, 0xa0, 0xfd,
    0xa0, 0xfd, 0x80, 0xfd, 0xa0, 0xfd, 0x80, 0xfd, 0x80, 0xfd, 0x60, 0xfd,
    0x60, 0xfd, 0x60, 0xfd, 0x60, 0xfd, 0x40, 0xfd, 0x40, 0xfd, 0x40, 0xfd,
    0x40, 0xfd, 0x40, 0xfd, 0x20, 0xfd, 0x20, 0xfd, 0x20, 0xfd, 0x00, 0xfd,
    0x00, 0xfd, 0x00, 0xfd, 0xe0, 0xfc, 0xc0, 0xfc, 0xc0, 0xfc, 0x80, 0xfc,
    0x40, 0xf4, 0xa0, 0xf3, 0x60, 0xf3, 0x40, 0xf3, 0x40, 0xf3, 0x62, 0xc1,
    0xe3, 0xc0, 0x03, 0xc1, 0x03, 0xc1, 0x03, 0xc9, 0x03, 0xc9, 0x03, 0xc9,
    0x65, 0xb9, 0x1a, 0x36, 0xba, 0x3d, 0xbb, 0x3d, 0xda, 0x3d, 0xda, 0x3d,
    0xba, 0x3d, 0xba, 0x3d, 0xba, 0x3d, 0xba, 0x3d, 0xdb, 0x3d, 0xba, 0x3d,
    0xba, 0x3d, 0xbb, 0x3d, 0xba, 0x3d, 0xba, 0x3d, 0xbb, 0x3d, 0xba, 0x3d,
    0xba, 0x3d, 0xbb, 0x3d, 0xbb, 0x3d, 0xba, 0x3d, 0xba, 0x3d, 0xba, 0x3d,
    0xba, 0x3d, 0xba, 0x35, 0xba, 0x3d, 0xbb, 0x3d, 0xba, 0x3d, 0xbb, 0x3d,
    0x9a, 0x3d, 0xba, 0x3d, 0xba, 0x3d, 0xba, 0x3d, 0xba, 0x3d, 0xbb, 0x3d,
    0xba, 0x3d, 0xba, 0x3d, 0xba, 0x3d, 0xba, 0x3d, 0xba, 0x3d, 0xba, 0x3d,
    0xdb, 0x45, 0xda, 0x45, 0xfa, 0x4d, 0xfb, 0x4d, 0xfb, 0x4d, 0xda, 0x4d,
    0xfb, 0x45, 0xdb, 0x45, 0xfa, 0x4d, 0xfa, 0x4d, 0xdb, 0x45, 0xfb, 0x4d,
    0xda, 0x45, 0xda, 0x4d, 0xfa, 0x45, 0xdb, 0x4d, 0xda, 0x45, 0xda, 0x45,
    0xba, 0x45, 0xda, 0x45, 0xba, 0x3d, 0xba, 0x3d, 0xda, 0x45, 0xba, 0x3d,
    0xba, 0x3d, 0xda, 0x45, 0xba, 0x3d, 0xba, 0x45, 0xdb, 0x45, 0xba, 0x3d,
    0xda, 0x45, 0xdb, 0x3d, 0xba, 0x3d, 0xba, 0x45, 0xda, 0x3d, 0xba, 0x45,
    0xda, 0x45, 0xdb, 0x3d, 0xba, 0x45, 0xba, 0x3d, 0xda, 0x45, 0xdb, 0x45,
    0xda, 0x3d, 0xba, 0x3d, 0xda, 0x45, 0xda, 0x3d, 0xba, 0x45, 0xba, 0x3d,
    0xda, 0x3d, 0xba, 0x3d, 0xba, 0x45, 0xda, 0x3d, 0xba, 0x3d, 0xdb, 0x45,
    0xda, 0x3d, 0xda, 0x3d, 0xbb, 0x45, 0xda, 0x45, 0xda, 0x45, 0xdb, 0x3d,
    0xda, 0x3d, 0xbb, 0x45, 0xda, 0x3d, 0xdb, 0x3d, 0xdb, 0x45, 0xda, 0x45,
    0xba, 0x3d, 0xba, 0x3d, 0xda, 0x45, 0xba, 0x45, 0xda, 0x45, 0xba, 0x3d,
    0xdb, 0x3d, 0xba, 0x3d, 0xda, 0x3d, 0xbb, 0x3d, 0xba, 0x3d, 0xda, 0x3d,
    0xba, 0x3d, 0xda, 0x3d, 0xbb, 0x3d, 0xba, 0x3d, 0xba, 0x3d, 0xda, 0x3d,
    0xba, 0x3d, 0xda, 0x3d, 0xbb, 0x3d, 0xba, 0x3d, 0xbb, 0x3d, 0xba, 0x3d,
    0xda, 0x3d, 0xbb, 0x3d, 0xba, 0x3d, 0xba, 0x3d, 0xbb, 0x3d, 0xba, 0x3d,
    0xba, 0x3d, 0xba, 0x3d, 0xbb, 0x35, 0xba, 0x3d, 0xdb, 0x3d, 0xba, 0x3d,
    0xba, 0x3d, 0xda, 0x3d, 0xbb, 0x3d, 0xba, 0x3d, 0xbb, 0x3d, 0xbb, 0x3d,
    0xba, 0x3d, 0xba, 0x3d, 0xbb, 0x35, 0xba, 0x3d, 0xba, 0x3d, 0xba, 0x3d,
    0xba, 0x3d, 0xba, 0x3d, 0xbb, 0x3d, 0xba, 0x3d, 0xba, 0x3d, 0xba, 0x3d,
    0xba, 0x3d, 0x35, 0x5d, 0x60, 0xfb, 0xa0, 0xf3, 0xa1, 0xf3, 0x80, 0xba,
    0x61, 0x18, 0xec, 0x9b, 0x94, 0xee, 0x95, 0xee, 0xf7, 0xf6, 0xf7, 0xf6,
    0xf7, 0xf6, 0xb6, 0xf6, 0x54, 0xee, 0x13, 0xe6, 0xa4, 0x49, 0xa0, 0xb2,
    0x40, 0xfc, 0x21, 0xf4, 0xc0, 0xfc, 0x20, 0xfd, 0x60, 0xfd, 0x60, 0xfd,
    0x80, 0xfd, 0x80, 0xfd, 0x80, 0xfd, 0x80, 0xfd, 0xa0, 0xfd, 0x80, 0xfd,
    0xa0, 0xfd, 0xa0, 0xfd, 0xa0, 0xfd, 0xa0, 0xfd, 0xa0, 0xfd, 0xa0, 0xfd,
    0xa0, 0xfd, 0xa0, 0xfd, 0xa0, 0xfd, 0xa0, 0xfd, 0xa0, 0xfd, 0xa0, 0xfd,
    0xa0, 0xfd, 0xa0, 0xfd, 0x80, 0xfd, 0x80, 0xfd, 0x60, 0xfd, 0x60, 0xfd,
    0x60, 0xfd, 0x60, 0xfd, 0x40, 0xfd, 0x40, 0xfd, 0x20, 0xfd, 0x20, 0xfd,
    0x00, 0xfd, 0x00, 0xfd, 0x00, 0xfd, 0xe0, 0xfc, 0x00, 0xfd, 0x00, 0xfd,
    0x00, 0xfd, 0x00, 0xfd, 0x00, 0xfd, 0xe0, 0xfc, 0xc0, 0xfc, 0xc0, 0xfc,
    0x80, 0xfc, 0x20, 0xf4, 0xa0, 0xf3, 0x60, 0xf3, 0x40, 0xeb, 0x20, 0xf3,
    0x62, 0xc1, 0xe3, 0xb8, 0xe3, 0xc0, 0x03, 0xc1, 0x24, 0xc9, 0x03, 0xc9,
    0x24, 0xc9, 0xfa, 0x35, 0xda, 0x3d, 0xda, 0x3d, 0xda, 0x3d, 0xba, 0x3d,
    0xda, 0x3d, 0xda, 0x3d, 0xbb, 0x3d, 0xda, 0x3d, 0xda, 0x3d, 0xbb, 0x3d,
    0xda, 0x3d, 0xba, 0x3d, 0xbb, 0x3d, 0xda, 0x3d, 0xba, 0x3d, 0xba, 0x3d,
    0xbb, 0x3d, 0xba, 0x3d, 0xba, 0x3d, 0xba, 0x3d, 0xbb, 0x3d, 0xba, 0x3d,
    0xba, 0x3d, 0xba, 0x3d, 0xba, 0x3d, 0xba, 0x3d, 0xba, 0x3d, 0xba, 0x3d,
    0xbb, 0x3d, 0xbb, 0x3d, 0xba, 0x3d, 0xda, 0x3d, 0xdb, 0x45, 0xda, 0x45,
    0xdb, 0x45, 0xda, 0x45, 0xda, 0x45, 0xdb, 0x3d, 0xda, 0x3d, 0xda, 0x45,
    0xda, 0x45, 0xdb, 0x4d, 0xda, 0x45, 0xda, 0x4d, 0xfa, 0x4d, 0xfa, 0x4d,
    0xda, 0x45, 0xfa, 0x4d, 0xda, 0x4d, 0xfb, 0x45, 0xda, 0x45, 0xfa, 0x45,
    0xfb, 0x45, 0xdb, 0x45, 0xda, 0x45, 0xda, 0x45, 0xdb, 0x45, 0xda, 0x45,
    0xda, 0x3d, 0xda, 0x45, 0xdb, 0x3d, 0xda, 0x45, 0xdb, 0x45, 0xda, 0x3d,
    0xdb, 0x45, 0xda, 0x45, 0xba, 0x3d, 0xdb, 0x3d, 0xda, 0x45, 0xba, 0x45,
    0xdb, 0x45, 0xda, 0x45, 0xba, 0x3d, 0xda, 0x45, 0xda, 0x45, 0xdb, 0x3d,
    0xbb, 0x45, 0xda, 0x45, 0xdb, 0x3d, 0xba, 0x45, 0xdb, 0x45, 0xdb, 0x45,
    0xba, 0x3d, 0xda, 0x3d, 0xdb, 0x45, 0xba, 0x3d, 0xda, 0x45, 0xbb, 0x45,
    0xba, 0x3d, 0xdb, 0x45, 0xbb, 0x45, 0xda, 0x3d, 0xda, 0x45, 0xdb, 0x45,
    0xda, 0x45, 0xbb, 0x3d, 0xdb, 0x3d, 0xda, 0x45, 0xda, 0x45, 0xda, 0x45,
    0xda, 0x45, 0xdb, 0x45, 0xda, 0x3d, 0xda, 0x45, 0xdb, 0x45, 0xda, 0x3d,
    0xba, 0x3d, 0xbb, 0x45, 0xda, 0x3d, 0xbb, 0x45, 0xda, 0x3d, 0xda, 0x45,
    0xda, 0x45, 0xda, 0x45, 0xba, 0x45, 0xbb, 0x3d, 0xda, 0x45, 0xba, 0x45,
    0xdb, 0x3d, 0xba, 0x3d, 0xda, 0x3d, 0xda, 0x3d, 0xdb, 0x45, 0xda, 0x3d,
    0xba, 0x3d, 0xda, 0x3d, 0xda, 0x3d, 0xdb, 0x3d, 0xda, 0x3d, 0xbb, 0x3d,
    0xda, 0x3d, 0xda, 0x3d, 0xbb, 0x3d, 0xda, 0x3d, 0xda, 0x3d, 0xba, 0x3d,
    0xbb, 0x3d, 0xda, 0x3d, 0xba, 0x3d, 0xbb, 0x3d, 0xba, 0x3d, 0xba, 0x3d,
    0xda, 0x3d, 0xbb, 0x3d, 0xba, 0x35, 0xba, 0x3d, 0xba, 0x3d, 0xba, 0x3d,
    0xba, 0x3d, 0xbb, 0x3d, 0xba, 0x3d, 0xbb, 0x3d, 0xba, 0x3d, 0xba, 0x3d,
    0xda, 0x3d, 0xba, 0x3d, 0xba, 0x3d, 0xba, 0x35, 0xda, 0x3d, 0xba, 0x3d,
    0xdb, 0x3d, 0xeb, 0xa3, 0x80, 0xfb, 0x80, 0xf3, 0x00, 0xdb, 0xc2, 0x30,
    0xf0, 0xc4, 0x95, 0xee, 0x18, 0xf7, 0x39, 0xff, 0x7b, 0xff, 0x9c, 0xff,
    0x7b, 0xff, 0x3a, 0xf7, 0xb6, 0xee, 0x54, 0xee, 0x91, 0xcd, 0x81, 0x69,
    0x60, 0xfc, 0x20, 0xfc, 0xc0, 0xfc, 0x20, 0xfd, 0x40, 0xfd, 0x60, 0xfd,
    0x80, 0xfd, 0x80, 0xfd, 0x80, 0xfd, 0xa0, 0xfd, 0x80, 0xfd, 0xa0, 0xfd,
    0xa0, 0xfd, 0xa0, 0xfd, 0x80, 0xfd, 0xa0, 0xfd, 0xa0, 0xfd, 0xa0, 0xfd,
    0xa0, 0xfd, 0xa0, 0xfd, 0xa0, 0xfd, 0xa0, 0xfd, 0xa0, 0xfd, 0xa0, 0xfd,
    0xa0, 0xfd, 0x80, 0xfd, 0x80, 0xfd, 0x80, 0xfd, 0x60, 0xfd, 0x60, 0xfd,
    0x40, 0xfd, 0x40, 0xfd, 0x20, 0xfd, 0x00, 0xf5, 0xe0, 0xfc, 0xa0, 0xfc,
    0xa0, 0xfc, 0x80, 0xf4, 0xa0, 0xfc, 0xa0, 0xfc, 0xa0, 0xfc, 0xc0, 0xfc,
    0xe0, 0xfc, 0x00, 0xfd, 0xe0, 0xfc, 0xc0, 0xfc, 0xc0, 0xf4, 0xc0, 0xfc,
    0xa0, 0xfc, 0x80, 0xf4, 0x00, 0xf4, 0x80, 0xf3, 0x60, 0xf3, 0x20, 0xeb,
    0x20, 0xf3, 0x42, 0xc1, 0xc3, 0xb8, 0x03, 0xc1, 0x03, 0xc1, 0x23, 0xc9,
    0x24, 0xc9, 0x1b, 0x36, 0x1c, 0x36, 0x1c, 0x36, 0x1b, 0x36, 0xdb, 0x3d,
    0xda, 0x3d, 0xba, 0x3d, 0xdb, 0x3d, 0xba, 0x3d, 0xba, 0x3d, 0xda, 0x3d,
    0xba, 0x3d, 0xda, 0x3d, 0xdb, 0x3d, 0xda, 0x3d, 0xda, 0x3d, 0xda, 0x3d,
    0xba, 0x3d, 0xda, 0x3d, 0xba, 0x3d, 0xba, 0x3d, 0xbb, 0x3d, 0xba, 0x3d,
    0xbb, 0x3d, 0xbb, 0x3d, 0xba, 0x3d, 0xba, 0x3d, 0xbb, 0x3d, 0xba, 0x3d,
    0xda, 0x3d, 0xdb, 0x45, 0xda, 0x45, 0xda, 0x45, 0xfb, 0x45, 0xda, 0x45,
    0xfa, 0x4d, 0xfb, 0x45, 0xda, 0x45, 0xdb, 0x45, 0xda, 0x45, 0xda, 0x45,
    0xfa, 0x4d, 0xdb, 0x4d, 0xda, 0x4d, 0xfa, 0x45, 0xdb, 0x4d, 0xdb, 0x45,
    0xfa, 0x4d, 0xdb, 0x4d, 0xdb, 0x4d, 0xfa, 0x45, 0xda, 0x4d, 0xda, 0x45,
    0xdb, 0x45, 0xda, 0x45, 0xdb, 0x45, 0xda, 0x45, 0xdb, 0x45, 0xda, 0x45,
    0xda, 0x45, 0xdb, 0x45, 0xda, 0x3d, 0xdb, 0x45, 0xda, 0x45, 0xdb, 0x45,
    0xdb, 0x45, 0xda, 0x45, 0xdb, 0x45, 0xba, 0x3d, 0xda, 0x3d, 0xda, 0x3d,
    0xdb, 0x45, 0xba, 0x3d, 0xda, 0x3d, 0xdb, 0x45, 0xba, 0x3d, 0xda, 0x3d,
    0xda, 0x45, 0xda, 0x3d, 0xda, 0x45, 0xba, 0x3d, 0xda, 0x45, 0xda, 0x3d,
    0xda, 0x45, 0xda, 0x45, 0xba, 0x3d, 0xba, 0x45, 0xdb, 0x3d, 0xda, 0x45,
    0xda, 0x45, 0xda, 0x3d, 0xdb, 0x45, 0xda, 0x3d, 0xba, 0x3d, 0xda, 0x45,
    0xda, 0x45, 0xda, 0x45, 0xda, 0x3d, 0xbb, 0x3d, 0xda, 0x45, 0xda, 0x45,
    0xbb, 0x3d, 0xda, 0x45, 0xda, 0x45, 0xba, 0x3d, 0xda, 0x45, 0xda, 0x45,
    0xba, 0x3d, 0xda, 0x45, 0xdb, 0x3d, 0xbb, 0x3d, 0xda, 0x3d, 0xdb, 0x3d,
    0xda, 0x45, 0xba, 0x3d, 0xdb, 0x3d, 0xda, 0x3d, 0xba, 0x3d, 0xdb, 0x45,
    0xda, 0x3d, 0xbb, 0x45, 0xda, 0x45, 0xba, 0x3d, 0xba, 0x3d, 0xbb, 0x3d,
    0xba, 0x3d, 0xba, 0x3d, 0xba, 0x45, 0xda, 0x45, 0xda, 0x3d, 0xba, 0x3d,
    0xbb, 0x45, 0xda, 0x3d, 0xba, 0x3d, 0xba, 0x3d, 0xdb, 0x3d, 0xda, 0x3d,
    0xda, 0x3d, 0xda, 0x3d, 0xba, 0x3d, 0xda, 0x3d, 0xda, 0x3d, 0xba, 0x3d,
    0xba, 0x3d, 0xba, 0x3d, 0xda, 0x3d, 0xba, 0x3d, 0xda, 0x3d, 0xba, 0x3d,
    0xba, 0x3d, 0xda, 0x3d, 0xba, 0x3d, 0xda, 0x3d, 0xdb, 0x3d, 0xdb, 0x3d,
    0xba, 0x3d, 0xda, 0x3d, 0xba, 0x3d, 0xda, 0x3d, 0xba, 0x3d, 0xda, 0x3d,
    0xfa, 0x3d, 0x44, 0xe3, 0x80, 0xf3, 0x60, 0xf3, 0x42, 0x51, 0x92, 0xc5,
    0xb6, 0xee, 0x19, 0xf7, 0x7b, 0xff, 0x9c, 0xff, 0xbd, 0xff, 0xbe, 0xff,
    0xde, 0xff, 0x9c, 0xff, 0x39, 0xf7, 0xb5, 0xf6, 0x73, 0xee, 0xc7, 0x82,
    0x20, 0xf4, 0x60, 0xfc, 0xc0, 0xfc, 0x20, 0xfd, 0x40, 0xfd, 0x60, 0xfd,
    0x80, 0xfd, 0x80, 0xfd, 0xa0, 0xfd, 0xa0, 0xfd, 0xa0, 0xfd, 0x80, 0xfd,
    0x80, 0xfd, 0xa0, 0xfd, 0xa0, 0xfd, 0xa0, 0xfd, 0x80, 0xfd, 0xa0, 0xfd,
    0xa0, 0xfd, 0xa0, 0xfd, 0xa0, 0xfd, 0xa0, 0xfd, 0xa0, 0xfd, 0xa0, 0xfd,
    0x80, 0xfd, 0x80, 0xfd, 0x80, 0xfd, 0x60, 0xfd, 0x60, 0xfd, 0x40, 0xfd,
    0x00, 0xfd, 0xc0, 0xfc, 0x80, 0xf4, 0x20, 0xf4, 0xe0, 0xf3, 0xe0, 0xf3,
    0xc0, 0xf3, 0xc0, 0xf3, 0xe0, 0xf3, 0x00, 0xf4, 0x20, 0xf4, 0x60, 0xfc,
    0xa0, 0xf4, 0xa0, 0xf4, 0xc0, 0xfc, 0xc0, 0xfc, 0xc0, 0xfc, 0xc0, 0xf4,
    0xa0, 0xfc, 0xa0, 0xfc, 0x60, 0xf4, 0xe0, 0xf3, 0x80, 0xf3, 0x40, 0xeb,
    0x00, 0xeb, 0x20, 0xeb, 0x22, 0xb9, 0xe3, 0xb8, 0x03, 0xc1, 0xe3, 0xc0,
    0xe3, 0xc0, 0x45, 0xb1, 0xc3, 0xd8, 0xc3, 0xd8, 0x66, 0xc9, 0xec, 0x92,
    0xb4, 0x64, 0xda, 0x3d, 0xdb, 0x3d, 0xda, 0x45, 0xdb, 0x3d, 0xba, 0x3d,
    0xdb, 0x3d, 0xba, 0x3d, 0xba, 0x3d, 0xdb, 0x3d, 0xda, 0x3d, 0xdb, 0x3d,
    0xba, 0x3d, 0xba, 0x3d, 0xdb, 0x3d, 0xda, 0x3d, 0xda, 0x3d, 0xda, 0x3d,
    0xda, 0x3d, 0xba, 0x3d, 0xdb, 0x3d, 0xda, 0x3d, 0xda, 0x45, 0xda, 0x45,
    0xda, 0x45, 0xda, 0x45, 0xfa, 0x45, 0xda, 0x4d, 0xdb, 0x4d, 0xfa, 0x4d,
    0xda, 0x4d, 0xfa, 0x4d, 0xfb, 0x4d, 0xda, 0x4d, 0xfb, 0x4d, 0xda, 0x4d,
    0xfb, 0x4d, 0xfa, 0x45, 0xdb, 0x4d, 0xfa, 0x4d, 0xfa, 0x4d, 0xda, 0x45,
    0xda, 0x45, 0xda, 0x45, 0xfa, 0x45, 0xda, 0x45, 0xdb, 0x4d, 0xfa, 0x45,
    0xfa, 0x4d, 0xfa, 0x4d, 0xda, 0x45, 0xdb, 0x45, 0xda, 0x45, 0xda, 0x45,
    0xda, 0x45, 0xba, 0x3d, 0xdb, 0x45, 0xba, 0x45, 0xba, 0x3d, 0xda, 0x45,
    0xda, 0x3d, 0xda, 0x3d, 0xba, 0x45, 0xdb, 0x45, 0xdb, 0x45, 0xda, 0x45,
    0xda, 0x45, 0xda, 0x45, 0xda, 0x45, 0xdb, 0x45, 0xda, 0x45, 0xba, 0x3d,
    0xda, 0x45, 0xdb, 0x45, 0xda, 0x3d, 0xdb, 0x45, 0xda, 0x3d, 0xda, 0x45,
    0xdb, 0x45, 0xda, 0x45, 0xda, 0x45, 0xbb, 0x3d, 0xda, 0x3d, 0xda, 0x45,
    0xda, 0x45, 0xdb, 0x45, 0xda, 0x45, 0xda, 0x45, 0xba, 0x3d, 0xdb, 0x45,
    0xda, 0x3d, 0xba, 0x45, 0xdb, 0x45, 0xba, 0x3d, 0xda, 0x45, 0xba, 0x3d,
    0xba, 0x3d, 0xbb, 0x3d, 0xda, 0x45, 0xba, 0x3d, 0xbb, 0x3d, 0xba, 0x45,
    0xda, 0x45, 0xda, 0x45, 0xba, 0x3d, 0xda, 0x45, 0xba, 0x45, 0xba, 0x45,
    0xdb, 0x3d, 0xda, 0x45, 0xda, 0x3d, 0xbb, 0x45, 0xda, 0x45, 0xda, 0x3d,
    0xda, 0x3d, 0xdb, 0x45, 0xdb, 0x45, 0xda, 0x45, 0xbb, 0x45, 0xda, 0x45,
    0xda, 0x3d, 0xba, 0x45, 0xbb, 0x3d, 0xda, 0x3d, 0xba, 0x3d, 0xda, 0x45,
    0xba, 0x3d, 0xdb, 0x3d, 0xba, 0x3d, 0xbb, 0x45, 0xba, 0x3d, 0xba, 0x3d,
    0xbb, 0x3d, 0xba, 0x3d, 0xba, 0x3d, 0xba, 0x3d, 0xda, 0x3d, 0xba, 0x3d,
    0xbb, 0x3d, 0xba, 0x3d, 0xda, 0x3d, 0xdb, 0x3d, 0xbb, 0x3d, 0xba, 0x3d,
    0xdb, 0x3d, 0xba, 0x3d, 0xda, 0x3d, 0xba, 0x3d, 0xba, 0x3d, 0xba, 0x3d,
    0xba, 0x3d, 0xda, 0x3d, 0xbb, 0x3d, 0xbb, 0x3d, 0xba, 0x3d, 0xba, 0x3d,
    0x56, 0x55, 0x60, 0xfb, 0x60, 0xf3, 0xe1, 0x91, 0xb0, 0xa4, 0xb6, 0xf6,
    0x39, 0xf7, 0x9c, 0xff, 0xde, 0xff, 0xde, 0xff, 0xde, 0xff, 0xdf, 0xff,
    0xdf, 0xff, 0xde, 0xff, 0x7c, 0xff, 0xf8, 0xf6, 0x54, 0xee, 0x6d, 0xac,
    0x80, 0xdb, 0x60, 0xf4, 0xc0, 0xfc, 0x20, 0xfd, 0x40, 0xfd, 0x60, 0xfd,
    0x80, 0xfd, 0x80, 0xfd, 0xa0, 0xfd, 0x80, 0xfd, 0xa0, 0xfd, 0xa0, 0xfd,
    0xa0, 0xfd, 0xa0, 0xfd, 0xa0, 0xfd, 0xa0, 0xfd, 0xa0, 0xfd, 0xa0, 0xfd,
    0xa0, 0xfd, 0xa0, 0xfd, 0xa0, 0xfd, 0x80, 0xfd, 0x80, 0xfd, 0x80, 0xfd,
    0x80, 0xfd, 0x80, 0xfd, 0x60, 0xfd, 0x40, 0xfd, 0x00, 0xfd, 0xc0, 0xfc,
    0x80, 0xf4, 0x00, 0xf4, 0xc0, 0xf3, 0xa0, 0xf3, 0x80, 0xf3, 0x60, 0xf3,
    0x80, 0xf3, 0x80, 0xf3, 0x80, 0xf3, 0x80, 0xf3, 0xc0, 0xf3, 0xe0, 0xf3,
    0x20, 0xf4, 0x60, 0xfc, 0xa0, 0xf4, 0xc0, 0xfc, 0xc0, 0xfc, 0xc0, 0xfc,
    0xa0, 0xfc, 0xa0, 0xfc, 0x80, 0xfc, 0x20, 0xf4, 0xc0, 0xf3, 0x60, 0xf3,
    0x20, 0xeb, 0x00, 0xeb, 0xe0, 0xe2, 0xe3, 0xb0, 0xe3, 0xb8, 0xe3, 0xb8,
    0x03, 0xb9, 0x03, 0xc1, 0x03, 0xc9, 0x03, 0xc9, 0x03, 0xd1, 0x24, 0xc9,
    0xe3, 0xd0, 0x04, 0xc9, 0x73, 0x6c, 0x1b, 0x3e, 0xdb, 0x45, 0xba, 0x45,
    0xdb, 0x45, 0xda, 0x3d, 0xba, 0x3d, 0xdb, 0x3d, 0xda, 0x3d, 0xba, 0x3d,
    0xdb, 0x3d, 0xda, 0x3d, 0xbb, 0x3d, 0xbb, 0x3d, 0xba, 0x3d, 0xba, 0x3d,
    0xda, 0x3d, 0xba, 0x3d, 0xda, 0x45, 0xdb, 0x45, 0xda, 0x45, 0xfb, 0x45,
    0xdb, 0x4d, 0xfa, 0x4d, 0xfb, 0x4d, 0xfb, 0x4d, 0xda, 0x4d, 0xfa, 0x45,
    0xfb, 0x4d, 0xfa, 0x4d, 0xfa, 0x4d, 0xda, 0x4d, 0xda, 0x45, 0xfb, 0x4d,
    0xda, 0x4d, 0xfa, 0x4d, 0xdb, 0x45, 0xda, 0x4d, 0xda, 0x45, 0xfa, 0x4d,
    0xfb, 0x4d, 0xda, 0x4d, 0xda, 0x45, 0xdb, 0x45, 0xdb, 0x45, 0xfb, 0x45,
    0xda, 0x45, 0xdb, 0x45, 0xda, 0x45, 0xda, 0x45, 0xdb, 0x45, 0xda, 0x45,
    0xda, 0x3d, 0xda, 0x45, 0xdb, 0x45, 0xda, 0x3d, 0xda, 0x45, 0xdb, 0x45,
    0xda, 0x45, 0xda, 0x45, 0xda, 0x45, 0xda, 0x45, 0xdb, 0x45, 0xda, 0x3d,
    0xda, 0x45, 0xdb, 0x45, 0xda, 0x3d, 0xda, 0x3d, 0xda, 0x45, 0xdb, 0x45,
    0xda, 0x45, 0xba, 0x45, 0xdb, 0x45, 0xda, 0x45, 0xdb, 0x45, 0xda, 0x3d,
    0xba, 0x45, 0xdb, 0x3d, 0xda, 0x45, 0xdb, 0x45, 0xda, 0x45, 0xda, 0x45,
    0xbb, 0x3d, 0xda, 0x45, 0xda, 0x3d, 0xdb, 0x45, 0xda, 0x3d, 0xda, 0x45,
    0xdb, 0x45, 0xda, 0x45, 0xda, 0x3d, 0xdb, 0x45, 0xda, 0x45, 0xda, 0x45,
    0xda, 0x3d, 0xda, 0x45, 0xdb, 0x45, 0xda, 0x45, 0xda, 0x45, 0xdb, 0x3d,
    0xda, 0x45, 0xda, 0x45, 0xda, 0x3d, 0xdb, 0x45, 0xda, 0x45, 0xda, 0x3d,
    0xda, 0x45, 0xda, 0x45, 0xda, 0x3d, 0xba, 0x45, 0xdb, 0x45, 0xda, 0x3d,
    0xda, 0x45, 0xda, 0x3d, 0xda, 0x3d, 0xdb, 0x3d, 0xda, 0x45, 0xda, 0x3d,
    0xdb, 0x45, 0xba, 0x45, 0xda, 0x45, 0xdb, 0x3d, 0xbb, 0x3d, 0xda, 0x45,
    0xda, 0x45, 0xba, 0x3d, 0xdb, 0x45, 0xda, 0x3d, 0xda, 0x3d, 0xba, 0x3d,
    0xdb, 0x45, 0xda, 0x3d, 0xbb, 0x3d, 0xba, 0x3d, 0xda, 0x3d, 0xdb, 0x3d,
    0xda, 0x3d, 0xba, 0x3d, 0xda, 0x3d, 0xba, 0x3d, 0xda, 0x3d, 0xda, 0x3d,
    0xba, 0x3d, 0xdb, 0x3d, 0xda, 0x3d, 0xba, 0x3d, 0xda, 0x3d, 0xda, 0x3d,
    0xba, 0x3d, 0xda, 0x3d, 0xda, 0x3d, 0xba, 0x3d, 0xda, 0x3d, 0xda, 0x3d,
    0x2d, 0x94, 0x61, 0xfb, 0x41, 0xe3, 0x4b, 0x7b, 0xd7, 0xf6, 0x19, 0xf7,
    0x9d, 0xff, 0xde, 0xff, 0xff, 0xff, 0xdf, 0xff, 0xff, 0xff, 0xdf, 0xff,
    0xfe, 0xff, 0xbe, 0xff, 0x7c, 0xff, 0x19, 0xf7, 0x74, 0xee, 0x4f, 0xd5,
    0x60, 0xcb, 0x80, 0xfc, 0xe0, 0xfc, 0x20, 0xfd, 0x40, 0xfd, 0x60, 0xfd,
    0x80, 0xfd, 0xa0, 0xfd, 0x80, 0xfd, 0xa0, 0xfd, 0xa0, 0xfd, 0xa0, 0xfd,
    0xa0, 0xfd, 0xa0, 0xfd, 0xa0, 0xfd, 0xa0, 0xfd, 0xa0, 0xfd, 0x80, 0xfd,
    0xa0, 0xfd, 0xa0, 0xfd, 0x80, 0xfd, 0x80, 0xfd, 0x80, 0xfd, 0x80, 0xfd,
    0x60, 0xfd, 0x60, 0xfd, 0x20, 0xfd, 0x00, 0xfd, 0xa0, 0xfc, 0x40, 0xf4,
    0x00, 0xf4, 0xc0, 0xf3, 0x80, 0xf3, 0x80, 0xf3, 0x80, 0xf3, 0x80, 0xf3,
    0x80, 0xf3, 0x60, 0xf3, 0x40, 0xf3, 0x40, 0xeb, 0x40, 0xf3, 0x80, 0xf3,
    0xa0, 0xf3, 0x00, 0xf4, 0x60, 0xf4, 0xa0, 0xfc, 0xa0, 0xfc, 0xa0, 0xf4,
    0xa0, 0xfc, 0xa0, 0xfc, 0x80, 0xf4, 0x40, 0xf4, 0x00, 0xf4, 0x80, 0xf3,
    0x40, 0xeb, 0x20, 0xeb, 0xe0, 0xea, 0x81, 0xe2, 0xc3, 0xb0, 0xe3, 0xb0,
    0x03, 0xb9, 0x03, 0xc1, 0x03, 0xc1, 0x03, 0xc9, 0x03, 0xc9, 0x24, 0xc9,
    0x23, 0xd1, 0x03, 0xd1, 0xc3, 0xd0, 0xaa, 0xa2, 0x1b, 0x3e, 0xda, 0x3d,
    0xdb, 0x3d, 0xba, 0x3d, 0xdb, 0x45, 0xba, 0x3d, 0xda, 0x45, 0xda, 0x45,
    0xba, 0x3d, 0xda, 0x45, 0xda, 0x3d, 0xba, 0x3d, 0xdb, 0x45, 0xba, 0x45,
    0xdb, 0x3d, 0xda, 0x45, 0xda, 0x45, 0xda, 0x45, 0xda, 0x45, 0xfb, 0x45,
    0xfa, 0x4d, 0xda, 0x4d, 0xfb, 0x4d, 0xfa, 0x4d, 0xfa, 0x4d, 0xfb, 0x4d,
    0xfa, 0x4d, 0xdb, 0x4d, 0xfa, 0x4d, 0xfb, 0x45, 0xfa, 0x45, 0xda, 0x4d,
    0xfb, 0x4d, 0xfa, 0x4d, 0xfa, 0x4d, 0xfb, 0x45, 0xdb, 0x4d, 0xda, 0x45,
    0xda, 0x4d, 0xfb, 0x45, 0xda, 0x4d, 0xda, 0x45, 0xda, 0x45, 0xda, 0x45,
    0xdb, 0x45, 0xdb, 0x45, 0xda, 0x45, 0xda, 0x45, 0xdb, 0x45, 0xda, 0x45,
    0xda, 0x45, 0xdb, 0x45, 0xda, 0x3d, 0xda, 0x45, 0xdb, 0x45, 0xda, 0x45,
    0xdb, 0x45, 0xdb, 0x45, 0xda, 0x45, 0xda, 0x45, 0xdb, 0x3d, 0xda, 0x45,
    0xdb, 0x45, 0xdb, 0x45, 0xda, 0x45, 0xba, 0x45, 0xdb, 0x45, 0xdb, 0x45,
    0xda, 0x45, 0xda, 0x3d, 0xda, 0x45, 0xdb, 0x45, 0xda, 0x45, 0xda, 0x45,
    0xda, 0x45, 0xda, 0x3d, 0xda, 0x45, 0xda, 0x45, 0xdb, 0x45, 0xba, 0x3d,
    0xda, 0x45, 0xdb, 0x45, 0xda, 0x45, 0xda, 0x45, 0xdb, 0x45, 0xba, 0x45,
    0xda, 0x45, 0xda, 0x3d, 0xdb, 0x45, 0xda, 0x45, 0xda, 0x3d, 0xdb, 0x45,
    0xda, 0x45, 0xda, 0x45, 0xda, 0x3d, 0xda, 0x45, 0xda, 0x45, 0xda, 0x3d,
    0xdb, 0x45, 0xda, 0x3d, 0xdb, 0x45, 0xda, 0x45, 0xdb, 0x45, 0xda, 0x45,
    0xdb, 0x3d, 0xba, 0x45, 0xda, 0x45, 0xdb, 0x3d, 0xda, 0x45, 0xba, 0x45,
    0xbb, 0x45, 0xda, 0x45, 0xda, 0x3d, 0xda, 0x45, 0xba, 0x3d, 0xdb, 0x3d,
    0xda, 0x3d, 0xba, 0x45, 0xda, 0x3d, 0xba, 0x45, 0xba, 0x3d, 0xda, 0x3d,
    0xba, 0x3d, 0xda, 0x45, 0xda, 0x3d, 0xda, 0x3d, 0xdb, 0x45, 0xba, 0x3d,
    0xda, 0x3d, 0xba, 0x3d, 0xda, 0x3d, 0xda, 0x45, 0xda, 0x45, 0xda, 0x3d,
    0xbb, 0x3d, 0xda, 0x45, 0xda, 0x3d, 0xbb, 0x3d, 0xba, 0x3d, 0xda, 0x3d,
    0xba, 0x3d, 0xba, 0x3d, 0xbb, 0x3d, 0xda, 0x3d, 0xba, 0x3d, 0xdb, 0x3d,
    0xba, 0x3d, 0xba, 0x3d, 0xda, 0x3d, 0xbb, 0x3d, 0xba, 0x3d, 0xba, 0x3d,
    0x64, 0xdb, 0x80, 0xf3, 0x63, 0x8a, 0x96, 0xe6, 0xf7, 0xf6, 0x7c, 0xff,
    0xdf, 0xff, 0xff, 0xff, 0xff, 0xff, 0xdf, 0xff, 0xbe, 0xf7, 0x3d, 0xe7,
    0xdd, 0xde, 0x1d, 0xdf, 0x3c, 0xef, 0xd9, 0xf6, 0x76, 0xee, 0x90, 0xdd,
    0x60, 0xdb, 0x80, 0xfc, 0xe0, 0xfc, 0x20, 0xfd, 0x40, 0xfd, 0x80, 0xfd,
    0x80, 0xfd, 0xa0, 0xfd, 0xa0, 0xfd, 0xa0, 0xfd, 0xa0, 0xfd, 0xa0, 0xfd,
    0xa0, 0xfd, 0xa0, 0xfd, 0xa0, 0xfd, 0xa0, 0xfd, 0xa0, 0xfd, 0xa0, 0xfd,
    0xa0, 0xfd, 0x80, 0xfd, 0x80, 0xfd, 0x80, 0xfd, 0x80, 0xfd, 0x60, 0xfd,
    0x60, 0xfd, 0x40, 0xfd, 0xe0, 0xfc, 0xa0, 0xfc, 0x40, 0xf4, 0x00, 0xf4,
    0xe0, 0xf3, 0xc0, 0xfb, 0xc0, 0xf3, 0xc0, 0xf3, 0xe0, 0xf3, 0xe0, 0xf3,
    0xe0, 0xf3, 0xe0, 0xf3, 0xc0, 0xf3, 0xa0, 0xf3, 0x60, 0xf3, 0x60, 0xf3,
    0x80, 0xf3, 0x80, 0xf3, 0x20, 0xf4, 0x60, 0xf4, 0xa0, 0xfc, 0xc0, 0xfc,
    0xa0, 0xf4, 0xa0, 0xfc, 0x80, 0xfc, 0x60, 0xf4, 0x20, 0xf4, 0xe0, 0xf3,
    0x60, 0xf3, 0x20, 0xeb, 0x20, 0xeb, 0x00, 0xeb, 0xe2, 0xc9, 0xc3, 0xb0,
    0xe3, 0xb0, 0xe3, 0xb8, 0x03, 0xc9, 0x03, 0xc9, 0x23, 0xc9, 0x03, 0xd1,
    0x23, 0xd1, 0x03, 0xc9, 0x03, 0xc9, 0x03, 0xc9, 0x28, 0xb2, 0x1a, 0x3e,
    0xda, 0x45, 0xda, 0x3d, 0xda, 0x45, 0xda, 0x45, 0xda, 0x3d, 0xdb, 0x45,
    0xda, 0x3d, 0xdb, 0x3d, 0xda, 0x45, 0xba, 0x3d, 0xda, 0x3d, 0xda, 0x45,
    0xba, 0x3d, 0xda, 0x3d, 0xdb, 0x45, 0xda, 0x45, 0xfa, 0x4d, 0xda, 0x4d,
    0xfa, 0x4d, 0xfb, 0x4d, 0xfa, 0x4d, 0xfa, 0x4d, 0xfb, 0x4d, 0xfb, 0x4d,
    0xfa, 0x4d, 0xfa, 0x4d, 0xfb, 0x4d, 0xfa, 0x4d, 0xfa, 0x4d, 0xda, 0x45,
    0xdb, 0x4d, 0xfa, 0x45, 0xda, 0x4d, 0xda, 0x4d, 0xfa, 0x4d, 0xfa, 0x45,
    0xfb, 0x45, 0xfa, 0x45, 0xdb, 0x4d, 0xda, 0x45, 0xda, 0x45, 0xda, 0x45,
    0xda, 0x45, 0xda, 0x45, 0xfb, 0x45, 0xda, 0x45, 0xda, 0x45, 0xda, 0x45,
    0xda, 0x45, 0xba, 0x45, 0xdb, 0x45, 0xda, 0x45, 0xda, 0x45, 0xda, 0x45,
    0xda, 0x3d, 0xdb, 0x3d, 0xda, 0x45, 0xda, 0x45, 0xdb, 0x45, 0xda, 0x45,
    0xda, 0x45, 0xda, 0x45, 0xda, 0x45, 0xda, 0x45, 0xda, 0x3d, 0xda, 0x45,
    0xda, 0x45, 0xda, 0x45, 0xdb, 0x45, 0xda, 0x3d, 0xda, 0x45, 0xbb, 0x45,
    0xdb, 0x45, 0xda, 0x45, 0xba, 0x45, 0xdb, 0x45, 0xda, 0x45, 0xda, 0x45,
    0xdb, 0x45, 0xda, 0x45, 0xda, 0x45, 0xda, 0x45, 0xda, 0x45, 0xdb, 0x45,
    0xba, 0x3d, 0xdb, 0x45, 0xda, 0x45, 0xda, 0x45, 0xda, 0x45, 0xdb, 0x45,
    0xda, 0x45, 0xda, 0x3d, 0xdb, 0x45, 0xda, 0x3d, 0xba, 0x3d, 0xdb, 0x45,
    0xba, 0x45, 0xda, 0x45, 0xda, 0x3d, 0xda, 0x45, 0xda, 0x45, 0xda, 0x45,
    0xdb, 0x3d, 0xdb, 0x45, 0xda, 0x45, 0xda, 0x3d, 0xda, 0x3d, 0xda, 0x45,
    0xda, 0x3d, 0xdb, 0x45, 0xda, 0x45, 0xba, 0x45, 0xda, 0x45, 0xda, 0x45,
    0xbb, 0x3d, 0xda, 0x3d, 0xda, 0x45, 0xbb, 0x45, 0xda, 0x3d, 0xba, 0x45,
    0xda, 0x45, 0xbb, 0x3d, 0xda, 0x3d, 0xbb, 0x45, 0xba, 0x45, 0xda, 0x3d,
    0xdb, 0x3d, 0xba, 0x45, 0xda, 0x3d, 0xba, 0x3d, 0xbb, 0x45, 0xba, 0x45,
    0xba, 0x3d, 0xda, 0x45, 0xba, 0x45, 0xdb, 0x45, 0xba, 0x3d, 0xda, 0x45,
    0xdb, 0x45, 0xba, 0x3d, 0xda, 0x45, 0xba, 0x3d, 0xda, 0x3d, 0xba, 0x3d,
    0xba, 0x3d, 0xda, 0x45, 0xba, 0x3d, 0xda, 0x45, 0xdb, 0x3d, 0x98, 0x4d,
    0x41, 0xfb, 0x21, 0xe3, 0x8f, 0xa4, 0xb6, 0xee, 0x5a, 0xf7, 0xbe, 0xff,
    0xdf, 0xff, 0xff, 0xff, 0xdf, 0xff, 0x7b, 0xad, 0x13, 0x2a, 0x93, 0x01,
    0xb4, 0x01, 0x93, 0x01, 0xf3, 0x21, 0xb6, 0x94, 0x96, 0xee, 0x70, 0xe5,
    0x60, 0xdb, 0x81, 0xf4, 0xe0, 0xfc, 0x20, 0xfd, 0x40, 0xfd, 0x60, 0xfd,
    0x80, 0xfd, 0x80, 0xfd, 0xa0, 0xfd, 0xa0, 0xfd, 0xa0, 0xfd, 0xa0, 0xfd,
    0xa0, 0xfd, 0xa0, 0xfd, 0xa0, 0xfd, 0xa0, 0xfd, 0xa0, 0xfd, 0xa0, 0xfd,
    0xa0, 0xfd, 0xa0, 0xfd, 0x80, 0xfd, 0x80, 0xfd, 0x80, 0xfd, 0x40, 0xfd,
    0x40, 0xfd, 0x00, 0xfd, 0xa0, 0xfc, 0x40, 0xf4, 0x00, 0xf4, 0x00, 0xfc,
    0x00, 0xfc, 0x20, 0xfc, 0x00, 0xfc, 0x00, 0xfc, 0xe0, 0xf3, 0xc0, 0xf3,
    0xc0, 0xf3, 0xe0, 0xf3, 0xe0, 0xf3, 0xc0, 0xf3, 0xc0, 0xf3, 0xa0, 0xf3,
    0x60, 0xf3, 0x60, 0xf3, 0xa0, 0xf3, 0x00, 0xf4, 0x80, 0xfc, 0xa0, 0xfc,
    0xa0, 0xfc, 0xa0, 0xf4, 0xa0, 0xfc, 0x60, 0xfc, 0x40, 0xfc, 0x00, 0xf4,
    0x80, 0xf3, 0x40, 0xeb, 0x20, 0xeb, 0x20, 0xeb, 0x20, 0xeb, 0xe3, 0xb0,
    0xc3, 0xb0, 0xe3, 0xb8, 0x03, 0xc1, 0x04, 0xc9, 0x23, 0xc9, 0x23, 0xd1,
    0x23, 0xd1, 0x24, 0xc9, 0x23, 0xc9, 0x03, 0xc9, 0xe3, 0xd0, 0xab, 0xa2,
    0x1b, 0x46, 0xba, 0x3d, 0xdb, 0x3d, 0xdb, 0x3d, 0xda, 0x3d, 0xdb, 0x45,
    0xda, 0x3d, 0xda, 0x3d, 0xda, 0x45, 0xbb, 0x45, 0xda, 0x3d, 0xba, 0x3d,
    0xba, 0x45, 0xdb, 0x3d, 0xda, 0x45, 0xda, 0x45, 0xfb, 0x45, 0xfb, 0x45,
    0xfa, 0x4d, 0xfa, 0x4d, 0xfa, 0x4d, 0xfb, 0x4d, 0xfa, 0x4d, 0xfa, 0x4d,
    0xda, 0x45, 0xdb, 0x4d, 0xfa, 0x4d, 0xfb, 0x4d, 0xfb, 0x4d, 0xda, 0x4d,
    0xfa, 0x45, 0xfa, 0x4d, 0xda, 0x45, 0xda, 0x4d, 0xfb, 0x45, 0xda, 0x45,
    0xda, 0x45, 0xda, 0x45, 0xfb, 0x45, 0xda, 0x45, 0xda, 0x45, 0xdb, 0x45,
    0xda, 0x45, 0xda, 0x45, 0xdb, 0x45, 0xda, 0x45, 0xda, 0x45, 0xdb, 0x45,
    0xda, 0x45, 0xda, 0x45, 0xdb, 0x45, 0xda, 0x45, 0xda, 0x45, 0xdb, 0x45,
    0xda, 0x45, 0xda, 0x45, 0xdb, 0x45, 0xda, 0x45, 0xda, 0x45, 0xdb, 0x45,
    0xda, 0x45, 0xda, 0x45, 0xdb, 0x45, 0xdb, 0x45, 0xda, 0x45, 0xdb, 0x45,
    0xda, 0x45, 0xdb, 0x45, 0xdb, 0x45, 0xda, 0x45, 0xda, 0x45, 0xda, 0x45,
    0xda, 0x3d, 0xda, 0x45, 0xdb, 0x45, 0xda, 0x45, 0xda, 0x3d, 0xda, 0x45,
    0xda, 0x3d, 0xdb, 0x45, 0xda, 0x3d, 0xda, 0x45, 0xda, 0x45, 0xda, 0x3d,
    0xda, 0x45, 0xdb, 0x45, 0xda, 0x45, 0xda, 0x45, 0xdb, 0x3d, 0xda, 0x45,
    0xda, 0x45, 0xdb, 0x45, 0xdb, 0x45, 0xda, 0x45, 0xda, 0x45, 0xda, 0x45,
    0xda, 0x45, 0xda, 0x3d, 0xdb, 0x45, 0xda, 0x45, 0xda, 0x3d, 0xba, 0x45,
    0xda, 0x45, 0xda, 0x3d, 0xdb, 0x45, 0xda, 0x45, 0xdb, 0x45, 0xda, 0x3d,
    0xda, 0x45, 0xda, 0x3d, 0xdb, 0x45, 0xda, 0x45, 0xda, 0x45, 0xdb, 0x45,
    0xda, 0x45, 0xba, 0x45, 0xda, 0x45, 0xdb, 0x3d, 0xba, 0x3d, 0xdb, 0x45,
    0xdb, 0x45, 0xdb, 0x3d, 0xda, 0x45, 0xba, 0x3d, 0xba, 0x3d, 0xda, 0x45,
    0xba, 0x3d, 0xda, 0x45, 0xba, 0x3d, 0xdb, 0x3d, 0xda, 0x45, 0xda, 0x3d,
    0xda, 0x3d, 0xda, 0x45, 0xda, 0x3d, 0xba, 0x3d, 0xda, 0x45, 0xda, 0x3d,
    0xda, 0x3d, 0xda, 0x45, 0xba, 0x3d, 0xdb, 0x45, 0xba, 0x3d, 0xda, 0x3d,
    0xdb, 0x3d, 0xba, 0x3d, 0xda, 0x45, 0xba, 0x3d, 0xdb, 0x3d, 0x90, 0x7c,
    0x60, 0xfb, 0x84, 0xaa, 0xb7, 0xee, 0x19, 0xf7, 0x9d, 0xff, 0xfe, 0xff,
    0xdf, 0xff, 0x9f, 0xf7, 0x97, 0x53, 0xf6, 0x01, 0x78, 0x02, 0x98, 0x02,
    0x99, 0x02, 0x98, 0x02, 0x77, 0x02, 0xd4, 0x09, 0x73, 0x6b, 0x52, 0xdd,
    0xc0, 0xe3, 0x80, 0xfc, 0x00, 0xfd, 0x20, 0xfd, 0x60, 0xfd, 0x60, 0xfd,
    0x80, 0xfd, 0x80, 0xfd, 0xa0, 0xfd, 0xa0, 0xfd, 0xa0, 0xfd, 0xa0, 0xfd,
    0xa0, 0xfd, 0xa0, 0xfd, 0xa0, 0xfd, 0xa0, 0xfd, 0x80, 0xfd, 0x80, 0xfd,
    0x80, 0xfd, 0x80, 0xfd, 0x80, 0xfd, 0x80, 0xfd, 0x60, 0xfd, 0x40, 0xfd,
    0x00, 0xfd, 0xe0, 0xfc, 0x60, 0xf4, 0x20, 0xfc, 0x40, 0xfc, 0x20, 0xfc,
    0x20, 0xf4, 0x00, 0xf4, 0x60, 0xe3, 0x40, 0xb2, 0x80, 0x79, 0x00, 0x61,
    0xe0, 0x60, 0x41, 0x79, 0x21, 0xb2, 0x20, 0xe3, 0xa0, 0xf3, 0xc0, 0xf3,
    0xa0, 0xf3, 0x60, 0xf3, 0x80, 0xf3, 0xa0, 0xf3, 0x20, 0xf4, 0xa0, 0xfc,
    0xa0, 0xf4, 0xa0, 0xfc, 0xa0, 0xfc, 0x80, 0xfc, 0x40, 0xf4, 0x00, 0xf4,
    0xc0, 0xf3, 0x60, 0xf3, 0x40, 0xeb, 0x20, 0xeb, 0x00, 0xeb, 0x81, 0xda,
    0xa3, 0xb0, 0xe3, 0xb8, 0xe3, 0xc0, 0x03, 0xc1, 0x03, 0xc9, 0x03, 0xc9,
    0x23, 0xd1, 0x24, 0xd1, 0x24, 0xc9, 0x04, 0xd1, 0x03, 0xd1, 0xe3, 0xd0,
    0x11, 0x7c, 0xda, 0x3d, 0xba, 0x45, 0xdb, 0x3d, 0xba, 0x45, 0xda, 0x3d,
    0xdb, 0x45, 0xda, 0x3d, 0xdb, 0x3d, 0xda, 0x45, 0xda, 0x45, 0xda, 0x3d,
    0xba, 0x3d, 0xda, 0x45, 0xda, 0x45, 0xda, 0x45, 0xfb, 0x45, 0xda, 0x4d,
    0xfb, 0x4d, 0xfa, 0x4d, 0xfb, 0x4d, 0xfa, 0x4d, 0xfa, 0x4d, 0xfb, 0x4d,
    0xfa, 0x4d, 0xfb, 0x4d, 0xfa, 0x45, 0xfa, 0x4d, 0xdb, 0x45, 0xda, 0x45,
    0xfb, 0x4d, 0xfb, 0x4d, 0xfa, 0x45, 0xda, 0x45, 0xfb, 0x4d, 0xda, 0x4d,
    0xda, 0x45, 0xdb, 0x45, 0xda, 0x45, 0xda, 0x45, 0xda, 0x45, 0xdb, 0x45,
    0xda, 0x45, 0xda, 0x45, 0xdb, 0x45, 0xda, 0x45, 0xda, 0x45, 0xda, 0x45,
    0xda, 0x45, 0xdb, 0x45, 0xda, 0x45, 0xda, 0x45, 0xdb, 0x45, 0xdb, 0x45,
    0xda, 0x45, 0xda, 0x45, 0xdb, 0x45, 0xda, 0x45, 0xda, 0x45, 0xdb, 0x45,
    0xda, 0x45, 0xda, 0x45, 0xda, 0x3d, 0xda, 0x45, 0xda, 0x45, 0xda, 0x45,
    0xda, 0x45, 0xda, 0x45, 0xda, 0x45, 0xda, 0x45, 0xda, 0x45, 0xdb, 0x45,
    0xda, 0x45, 0xda, 0x3d, 0xda, 0x45, 0xda, 0x45, 0xda, 0x45, 0xda, 0x45,
    0xda, 0x45, 0xdb, 0x45, 0xdb, 0x45, 0xda, 0x45, 0xdb, 0x45, 0xda, 0x45,
    0xda, 0x45, 0xdb, 0x45, 0xda, 0x45, 0xda, 0x45, 0xda, 0x45, 0xda, 0x45,
    0xda, 0x45, 0xda, 0x45, 0xda, 0x45, 0xdb, 0x45, 0xda, 0x45, 0xda, 0x45,
    0xdb, 0x3d, 0xdb, 0x45, 0xda, 0x45, 0xdb, 0x45, 0xda, 0x45, 0xdb, 0x45,
    0xda, 0x45, 0xda, 0x45, 0xdb, 0x45, 0xda, 0x45, 0xdb, 0x45, 0xdb, 0x45,
    0xba, 0x45, 0xda, 0x45, 0xda, 0x3d, 0xdb, 0x45, 0xda, 0x45, 0xdb, 0x3d,
    0xda, 0x45, 0xda, 0x3d, 0xda, 0x45, 0xda, 0x45, 0xda, 0x45, 0xda, 0x3d,
    0xda, 0x45, 0xda, 0x3d, 0xda, 0x45, 0xda, 0x45, 0xda, 0x3d, 0xda, 0x45,
    0xda, 0x3d, 0xda, 0x45, 0xbb, 0x45, 0xda, 0x45, 0xda, 0x3d, 0xbb, 0x45,
    0xda, 0x45, 0xdb, 0x3d, 0xda, 0x3d, 0xda, 0x45, 0xda, 0x45, 0xba, 0x3d,
    0xba, 0x3d, 0xda, 0x3d, 0xda, 0x45, 0xba, 0x3d, 0xda, 0x45, 0xbb, 0x45,
    0xda, 0x45, 0xda, 0x3d, 0xda, 0x3d, 0xda, 0x45, 0xda, 0x3d, 0xe9, 0xb3,
    0x60, 0xeb, 0x6f, 0xb4, 0xd7, 0xf6, 0x5b, 0xff, 0xbe, 0xff, 0xff, 0xff,
    0x9e, 0xf7, 0x17, 0x4b, 0x77, 0x0a, 0xb9, 0x0a, 0x1b, 0x0b, 0xfa, 0x0a,
    0xda, 0x02, 0xda, 0x02, 0x99, 0x0a, 0x36, 0x02, 0xb3, 0x09, 0x4d, 0x9b,
    0x60, 0xec, 0xa0, 0xfc, 0x00, 0xfd, 0x40, 0xfd, 0x60, 0xfd, 0x60, 0xfd,
    0x80, 0xfd, 0x80, 0xfd, 0x80, 0xfd, 0xa0, 0xfd, 0xa0, 0xfd, 0xa0, 0xfd,
    0xa0, 0xfd, 0xa0, 0xfd, 0xa0, 0xfd, 0xa0, 0xfd, 0xa0, 0xfd, 0xa0, 0xfd,
    0xa0, 0xfd, 0x80, 0xfd, 0x80, 0xfd, 0x60, 0xfd, 0x40, 0xfd, 0x20, 0xfd,
    0xe0, 0xfc, 0xa0, 0xfc, 0x60, 0xf4, 0x40, 0xfc, 0x40, 0xfc, 0x01, 0xf4,
    0x40, 0xa2, 0xa0, 0x40, 0x40, 0x18, 0x41, 0x18, 0x41, 0x20, 0x40, 0x20,
    0x40, 0x20, 0x40, 0x20, 0x20, 0x18, 0x40, 0x20, 0x41, 0x69, 0x00, 0xdb,
    0xa0, 0xf3, 0xa0, 0xf3, 0x80, 0xf3, 0xa1, 0xf3, 0xe0, 0xf3, 0x80, 0xf4,
    0x80, 0xfc, 0xa0, 0xf4, 0x80, 0xfc, 0x80, 0xf4, 0x40, 0xf4, 0x20, 0xf4,
    0xc0, 0xf3, 0x80, 0xf3, 0x40, 0xeb, 0x20, 0xeb, 0x20, 0xeb, 0x00, 0xeb,
    0x42, 0xb9, 0xc3, 0xb0, 0xe3, 0xb8, 0x03, 0xc1, 0x03, 0xc9, 0x03, 0xc9,
    0x03, 0xc9, 0x23, 0xd1, 0x03, 0xd1, 0x23, 0xc9, 0x24, 0xc9, 0x03, 0xc9,
    0x25, 0xc1, 0x99, 0x4d, 0xda, 0x45, 0xda, 0x45, 0xda, 0x3d, 0xda, 0x45,
    0xda, 0x45, 0xda, 0x45, 0xbb, 0x45, 0xda, 0x3d, 0xdb, 0x45, 0xda, 0x45,
    0xba, 0x3d, 0xdb, 0x45, 0xda, 0x45, 0xda, 0x45, 0xda, 0x4d, 0xda, 0x45,
    0xfb, 0x45, 0xfa, 0x45, 0xda, 0x4d, 0xfb, 0x45, 0xfa, 0x4d, 0xfa, 0x4d,
    0xfb, 0x4d, 0xfb, 0x4d, 0xfa, 0x45, 0xfa, 0x4d, 0xda, 0x4d, 0xda, 0x45,
    0xdb, 0x4d, 0xda, 0x45, 0xfa, 0x4d, 0xda, 0x45, 0xdb, 0x45, 0xda, 0x45,
    0xda, 0x45, 0xdb, 0x45, 0xda, 0x45, 0xdb, 0x45, 0xfa, 0x45, 0xda, 0x45,
    0xda, 0x45, 0xdb, 0x45, 0xda, 0x45, 0xda, 0x45, 0xda, 0x45, 0xda, 0x45,
    0xda, 0x45, 0xda, 0x45, 0xda, 0x45, 0xda, 0x45, 0xda, 0x45, 0xda, 0x45,
    0xda, 0x45, 0xdb, 0x45, 0xda, 0x45, 0xda, 0x45, 0xda, 0x45, 0xfa, 0x45,
    0xdb, 0x45, 0xdb, 0x45, 0xfa, 0x45, 0xda, 0x45, 0xdb, 0x45, 0xda, 0x45,
    0xdb, 0x45, 0xda, 0x45, 0xda, 0x45, 0xda, 0x45, 0xdb, 0x45, 0xda, 0x45,
    0xda, 0x45, 0xdb, 0x45, 0xda, 0x45, 0xdb, 0x45, 0xdb, 0x45, 0xda, 0x45,
    0xda, 0x45, 0xda, 0x45, 0xda, 0x45, 0xda, 0x45, 0xda, 0x45, 0xdb, 0x45,
    0xda, 0x45, 0xda, 0x45, 0xdb, 0x45, 0xdb, 0x45, 0xda, 0x45, 0xdb, 0x45,
    0xda, 0x45, 0xda, 0x45, 0xda, 0x45, 0xda, 0x45, 0xdb, 0x45, 0xda, 0x45,
    0xda, 0x45, 0xda, 0x45, 0xda, 0x45, 0xdb, 0x45, 0xda, 0x45, 0xda, 0x45,
    0xdb, 0x45, 0xda, 0x45, 0xdb, 0x45, 0xda, 0x45, 0xda, 0x45, 0xdb, 0x45,
    0xda, 0x45, 0xda, 0x45, 0xda, 0x45, 0xda, 0x3d, 0xda, 0x45, 0xda, 0x45,
    0xdb, 0x45, 0xda, 0x45, 0xda, 0x3d, 0xbb, 0x3d, 0xda, 0x45, 0xda, 0x45,
    0xda, 0x45, 0xba, 0x45, 0xda, 0x45, 0xdb, 0x45, 0xdb, 0x45, 0xda, 0x3d,
    0xdb, 0x45, 0xda, 0x45, 0xda, 0x3d, 0xda, 0x3d, 0xba, 0x45, 0xdb, 0x45,
    0xda, 0x45, 0xba, 0x3d, 0xdb, 0x45, 0xba, 0x45, 0xda, 0x3d, 0xdb, 0x3d,
    0xba, 0x45, 0xdb, 0x45, 0xda, 0x3d, 0xda, 0x3d, 0xdb, 0x3d, 0xda, 0x45,
    0xba, 0x3d, 0xda, 0x45, 0xda, 0x3d, 0xba, 0x3d, 0xba, 0x45, 0x23, 0xeb,
    0xc2, 0xd2, 0x56, 0xde, 0xf8, 0xf6, 0x7b, 0xf7, 0xbe, 0xff, 0xdf, 0xff,
    0x58, 0x7c, 0x17, 0x33, 0xfd, 0xce, 0x7e, 0xdf, 0xdd, 0x9d, 0xdb, 0x0a,
    0xdb, 0x02, 0xba, 0x0a, 0x99, 0x02, 0x78, 0x02, 0xf5, 0x01, 0xcb, 0x61,
    0xc0, 0xfc, 0xc0, 0xfc, 0x00, 0xfd, 0x40, 0xfd, 0x60, 0xfd, 0x60, 0xfd,
    0x80, 0xfd, 0x80, 0xfd, 0xa0, 0xfd, 0xa0, 0xfd, 0x80, 0xfd, 0xa0, 0xfd,
    0xa0, 0xfd, 0xa0, 0xfd, 0xa0, 0xfd, 0xa0, 0xfd, 0xa0, 0xfd, 0x80, 0xfd,
    0x80, 0xfd, 0x80, 0xfd, 0x80, 0xfd, 0x40, 0xfd, 0x20, 0xfd, 0x00, 0xfd,
    0xa0, 0xf4, 0x80, 0xfc, 0x60, 0xfc, 0x61, 0xfc, 0x20, 0xcb, 0xa1, 0x38,
    0x40, 0x18, 0x41, 0x18, 0x20, 0x18, 0x41, 0x18, 0xa1, 0x30, 0x02, 0x39,
    0xc1, 0x30, 0x41, 0x18, 0x40, 0x18, 0x41, 0x18, 0x40, 0x18, 0x81, 0x30,
    0x20, 0xb2, 0x81, 0xf3, 0xa0, 0xf3, 0xa0, 0xf3, 0xa0, 0xf3, 0x20, 0xfc,
    0x80, 0xfc, 0xa0, 0xfc, 0x80, 0xf4, 0x60, 0xfc, 0x60, 0xfc, 0x20, 0xf4,
    0xe0, 0xf3, 0x80, 0xf3, 0x60, 0xf3, 0x20, 0xeb, 0x20, 0xeb, 0x00, 0xf3,
    0x81, 0xda, 0xc3, 0xb0, 0xe3, 0xb8, 0xe3, 0xb8, 0x03, 0xc1, 0x04, 0xc9,
    0x03, 0xc9, 0x23, 0xc9, 0x04, 0xd1, 0x03, 0xd1, 0x23, 0xc9, 0x03, 0xc9,
    0x03, 0xc9, 0x8b, 0xa2, 0xfb, 0x3d, 0xda, 0x45, 0xda, 0x3d, 0xda, 0x45,
    0xda, 0x3d, 0xda, 0x3d, 0xba, 0x45, 0xdb, 0x45, 0xda, 0x3d, 0xda, 0x3d,
    0xdb, 0x3d, 0xdb, 0x3d, 0xda, 0x45, 0xda, 0x45, 0xdb, 0x45, 0xda, 0x45,
    0xfb, 0x4d, 0xda, 0x4d, 0xda, 0x45, 0xfb, 0x4d, 0xfb, 0x45, 0xfa, 0x4d,
    0xda, 0x45, 0xfa, 0x4d, 0xdb, 0x45, 0xfb, 0x45, 0xda, 0x4d, 0xfa, 0x45,
    0xfa, 0x45, 0xdb, 0x45, 0xda, 0x45, 0xda, 0x45, 0xdb, 0x45, 0xda, 0x45,
    0xdb, 0x45, 0xda, 0x45, 0xda, 0x45, 0xdb, 0x45, 0xdb, 0x45, 0xda, 0x45,
    0xdb, 0x45, 0xda, 0x45, 0xda, 0x3d, 0xdb, 0x45, 0xda, 0x45, 0xdb, 0x45,
    0xda, 0x45, 0xdb, 0x45, 0xda, 0x45, 0xdb, 0x45, 0xda, 0x45, 0xda, 0x45,
    0xdb, 0x45, 0xda, 0x45, 0xfb, 0x45, 0xfb, 0x45, 0xfb, 0x45, 0xfa, 0x45,
    0xda, 0x45, 0xdb, 0x45, 0xda, 0x45, 0xda, 0x45, 0xfb, 0x45, 0xda, 0x45,
    0xdb, 0x45, 0xda, 0x45, 0xda, 0x45, 0xdb, 0x45, 0xda, 0x45, 0xda, 0x45,
    0xdb, 0x45, 0xda, 0x45, 0xda, 0x45, 0xda, 0x45, 0xdb, 0x45, 0xda, 0x45,
    0xdb, 0x45, 0xda, 0x45, 0xda, 0x45, 0xda, 0x45, 0xda, 0x45, 0xda, 0x45,
    0xdb, 0x45, 0xda, 0x45, 0xda, 0x45, 0xda, 0x45, 0xda, 0x45, 0xda, 0x45,
    0xdb, 0x45, 0xda, 0x45, 0xdb, 0x45, 0xda, 0x45, 0xda, 0x45, 0xda, 0x45,
    0xda, 0x45, 0xda, 0x3d, 0xda, 0x45, 0xda, 0x45, 0xda, 0x3d, 0xdb, 0x45,
    0xda, 0x45, 0xda, 0x45, 0xda, 0x45, 0xda, 0x45, 0xda, 0x45, 0xda, 0x3d,
    0xdb, 0x45, 0xda, 0x45, 0xdb, 0x45, 0xda, 0x45, 0xda, 0x45, 0xda, 0x45,
    0xda, 0x45, 0xda, 0x45, 0xdb, 0x45, 0xda, 0x45, 0xda, 0x45, 0xdb, 0x45,
    0xda, 0x3d, 0xdb, 0x45, 0xda, 0x3d, 0xba, 0x3d, 0xda, 0x45, 0xba, 0x45,
    0xba, 0x3d, 0xdb, 0x45, 0xda, 0x45, 0xda, 0x3d, 0xda, 0x45, 0xda, 0x3d,
    0xdb, 0x45, 0xda, 0x45, 0xba, 0x45, 0xda, 0x45, 0xda, 0x3d, 0xba, 0x45,
    0xda, 0x45, 0xda, 0x45, 0xda, 0x3d, 0xda, 0x45, 0xda, 0x45, 0xda, 0x3d,
    0xda, 0x45, 0xba, 0x3d, 0xda, 0x45, 0xda, 0x45, 0x36, 0x5d, 0x61, 0xf3,
    0x26, 0xbb, 0xd7, 0xee, 0x19, 0xf7, 0x7c, 0xff, 0xbe, 0xff, 0x5b, 0xc6,
    0x15, 0x12, 0xbd, 0xc6, 0x7f, 0xe7, 0x7e, 0xdf, 0x5e, 0xdf, 0x1c, 0x4c,
    0x14, 0x12, 0x8e, 0x19, 0xf3, 0x11, 0x79, 0x02, 0x37, 0x02, 0xc7, 0x92,
    0xa0, 0xfc, 0xc0, 0xfc, 0x20, 0xfd, 0x40, 0xfd, 0x60, 0xfd, 0x80, 0xfd,
    0x80, 0xfd, 0xa0, 0xfd, 0xa0, 0xfd, 0xa0, 0xfd, 0xa0, 0xfd, 0xa0, 0xfd,
    0xa0, 0xfd, 0xa0, 0xfd, 0xa0, 0xfd, 0x80, 0xfd, 0x80, 0xfd, 0x80, 0xfd,
    0x80, 0xfd, 0x80, 0xfd, 0x60, 0xfd, 0x40, 0xfd, 0x00, 0xfd, 0xc0, 0xfc,
    0xa1, 0xfc, 0x80, 0xf4, 0x40, 0xf4, 0x00, 0x92, 0x20, 0x18, 0x41, 0x10,
    0x43, 0x41, 0x68, 0x8b, 0x0d, 0xcd, 0x11, 0xee, 0x52, 0xee, 0x32, 0xee,
    0x32, 0xf6, 0x11, 0xee, 0xcd, 0xc4, 0xe8, 0x7a, 0x61, 0x18, 0x40, 0x18,
    0x41, 0x18, 0xa0, 0x89, 0xa0, 0xf3, 0xa0, 0xf3, 0xa0, 0xf3, 0xc0, 0xf3,
    0x60, 0xf4, 0x80, 0xfc, 0xa0, 0xfc, 0x80, 0xfc, 0x60, 0xfc, 0x20, 0xf4,
    0x00, 0xf4, 0xa0, 0xf3, 0x60, 0xf3, 0x40, 0xeb, 0x20, 0xeb, 0xe0, 0xea,
    0x00, 0xeb, 0x03, 0xb1, 0xc3, 0xb0, 0xe3, 0xb8, 0x03, 0xc1, 0x04, 0xc9,
    0x03, 0xc9, 0x03, 0xc9, 0x03, 0xc9, 0x03, 0xc9, 0x23, 0xc9, 0x04, 0xc9,
    0x03, 0xc9, 0x03, 0xc9, 0x78, 0x4d, 0xda, 0x3d, 0xdb, 0x45, 0xdb, 0x45,
    0xda, 0x3d, 0xda, 0x3d, 0xda, 0x45, 0xda, 0x3d, 0xda, 0x45, 0xda, 0x45,
    0xba, 0x45, 0xba, 0x3d, 0xdb, 0x45, 0xda, 0x45, 0xda, 0x45, 0xda, 0x45,
    0xda, 0x45, 0xda, 0x45, 0xdb, 0x45, 0xda, 0x45, 0xdb, 0x45, 0xda, 0x45,
    0xdb, 0x4d, 0xda, 0x45, 0xda, 0x45, 0xda, 0x45, 0xda, 0x45, 0xdb, 0x45,
    0xda, 0x45, 0xda, 0x45, 0xdb, 0x45, 0xda, 0x45, 0xda, 0x45, 0xda, 0x45,
    0xdb, 0x45, 0xda, 0x45, 0xda, 0x45, 0xda, 0x45, 0xda, 0x45, 0xdb, 0x45,
    0xda, 0x45, 0xda, 0x45, 0xda, 0x45, 0xda, 0x3d, 0xda, 0x45, 0xda, 0x45,
    0xda, 0x45, 0xda, 0x45, 0xdb, 0x45, 0xda, 0x45, 0xda, 0x45, 0xfa, 0x45,
    0xfa, 0x45, 0xda, 0x45, 0xda, 0x45, 0xdb, 0x45, 0xda, 0x45, 0xda, 0x45,
    0xda, 0x45, 0xdb, 0x45, 0xfa, 0x45, 0xda, 0x4d, 0xdb, 0x45, 0xfa, 0x45,
    0xda, 0x45, 0xdb, 0x45, 0xfa, 0x45, 0xda, 0x45, 0xda, 0x45, 0xda, 0x45,
    0xda, 0x45, 0xdb, 0x45, 0xda, 0x45, 0xda, 0x45, 0xda, 0x45, 0xda, 0x45,
    0xda, 0x45, 0xdb, 0x45, 0xda, 0x45, 0xfb, 0x45, 0xda, 0x45, 0xda, 0x45,
    0xfa, 0x45, 0xda, 0x45, 0xda, 0x45, 0xdb, 0x45, 0xda, 0x45, 0xda, 0x45,
    0xda, 0x45, 0xdb, 0x45, 0xda, 0x45, 0xda, 0x3d, 0xdb, 0x45, 0xda, 0x45,
    0xdb, 0x45, 0xdb, 0x45, 0xda, 0x45, 0xda, 0x45, 0xda, 0x45, 0xda, 0x45,
    0xda, 0x45, 0xda, 0x45, 0xdb, 0x45, 0xdb, 0x45, 0xdb, 0x45, 0xda, 0x45,
    0xda, 0x45, 0xda, 0x45, 0xdb, 0x45, 0xda, 0x45, 0xdb, 0x45, 0xda, 0x45,
    0xda, 0x45, 0xdb, 0x45, 0xda, 0x45, 0xda, 0x45, 0xda, 0x45, 0xda, 0x3d,
    0xda, 0x45, 0xda, 0x45, 0xda, 0x45, 0xda, 0x45, 0xda, 0x3d, 0xda, 0x45,
    0xda, 0x45, 0xda, 0x3d, 0xba, 0x45, 0xdb, 0x45, 0xda, 0x3d, 0xda, 0x45,
    0xda, 0x3d, 0xda, 0x3d, 0xda, 0x45, 0xdb, 0x3d, 0xda, 0x45, 0xda, 0x45,
    0xdb, 0x45, 0xda, 0x3d, 0xba, 0x45, 0xda, 0x45, 0xba, 0x3d, 0xdb, 0x45,
    0xda, 0x3d, 0xda, 0x45, 0xdb, 0x45, 0xba, 0x3d, 0x2d, 0x9c, 0x40, 0xfb,
    0x8e, 0xdc, 0xd7, 0xf6, 0x19, 0xf7, 0x7c, 0xff, 0x9e, 0xff, 0x57, 0x4b,
    0xf8, 0x12, 0x9e, 0xef, 0x7e, 0xe7, 0x3d, 0xdf, 0x1c, 0xdf, 0xcf, 0x5a,
    0xe8, 0x20, 0xe9, 0x20, 0xe8, 0x20, 0x0c, 0x11, 0x16, 0x12, 0xe2, 0xd3,
    0xa0, 0xfc, 0xe0, 0xfc, 0x20, 0xfd, 0x40, 0xfd, 0x60, 0xfd, 0x80, 0xfd,
    0x80, 0xfd, 0x80, 0xfd, 0x80, 0xfd, 0x80, 0xfd, 0xa0, 0xfd, 0xa0, 0xfd,
    0xa0, 0xfd, 0xa0, 0xfd, 0xa0, 0xfd, 0x80, 0xfd, 0x80, 0xfd, 0x80, 0xfd,
    0x60, 0xfd, 0x60, 0xfd, 0x40, 0xfd, 0x20, 0xfd, 0xe0, 0xfc, 0xc0, 0xfc,
    0xa0, 0xfc, 0x40, 0xf4, 0xa1, 0x79, 0x41, 0x10, 0xc4, 0x51, 0xcd, 0xc4,
    0x52, 0xee, 0x33, 0xee, 0x74, 0xee, 0x95, 0xee, 0xb5, 0xf6, 0xb6, 0xf6,
    0xb6, 0xee, 0x94, 0xee, 0x53, 0xee, 0x12, 0xee, 0xb0, 0xe5, 0x46, 0x62,
    0x40, 0x18, 0x41, 0x18, 0x01, 0x9a, 0xa0, 0xf3, 0xa0, 0xf3, 0xa0, 0xf3,
    0x20, 0xf4, 0x80, 0xfc, 0x80, 0xf4, 0x60, 0xf4, 0x60, 0xfc, 0x40, 0xf4,
    0x00, 0xf4, 0xa0, 0xf3, 0x60, 0xf3, 0x40, 0xeb, 0x20, 0xeb, 0x00, 0xeb,
    0xe1, 0xea, 0x21, 0xd2, 0xe3, 0xb0, 0xe3, 0xb0, 0x03, 0xc1, 0x03, 0xc1,
    0x03, 0xc9, 0x03, 0xc9, 0x03, 0xc9, 0x03, 0xc9, 0x04, 0xd1, 0x03, 0xc9,
    0x03, 0xc9, 0xe4, 0xc8, 0xed, 0x9a, 0xfa, 0x3d, 0xda, 0x3d, 0xda, 0x45,
    0xba, 0x45, 0xdb, 0x3d, 0xdb, 0x45, 0xba, 0x45, 0xdb, 0x45, 0xba, 0x3d,
    0xda, 0x45, 0xdb, 0x45, 0xda, 0x3d, 0xda, 0x3d, 0xda, 0x3d, 0xdb, 0x45,
    0xda, 0x45, 0xdb, 0x45, 0xda, 0x3d, 0xda, 0x45, 0xda, 0x45, 0xda, 0x45,
    0xdb, 0x45, 0xdb, 0x45, 0xda, 0x45, 0xda, 0x45, 0xdb, 0x45, 0xda, 0x45,
    0xda, 0x45, 0xdb, 0x45, 0xda, 0x45, 0xda, 0x45, 0xdb, 0x45, 0xda, 0x45,
    0xda, 0x45, 0xda, 0x45, 0xdb, 0x45, 0xda, 0x45, 0xda, 0x45, 0xda, 0x3d,
    0xdb, 0x45, 0xdb, 0x45, 0xdb, 0x45, 0xda, 0x45, 0xda, 0x3d, 0xda, 0x45,
    0xfa, 0x45, 0xda, 0x45, 0xfb, 0x45, 0xfb, 0x45, 0xda, 0x45, 0xda, 0x45,
    0xdb, 0x45, 0xda, 0x45, 0xda, 0x45, 0xfb, 0x45, 0xda, 0x45, 0xda, 0x4d,
    0xfb, 0x45, 0xfa, 0x45, 0xdb, 0x45, 0xfa, 0x45, 0xdb, 0x4d, 0xfa, 0x45,
    0xda, 0x45, 0xdb, 0x45, 0xda, 0x45, 0xfa, 0x45, 0xdb, 0x45, 0xfb, 0x45,
    0xda, 0x45, 0xfa, 0x45, 0xfb, 0x45, 0xfa, 0x45, 0xdb, 0x45, 0xda, 0x45,
    0xfa, 0x45, 0xda, 0x45, 0xfa, 0x45, 0xdb, 0x45, 0xdb, 0x45, 0xfa, 0x45,
    0xfb, 0x45, 0xdb, 0x45, 0xda, 0x45, 0xfb, 0x45, 0xdb, 0x45, 0xda, 0x45,
    0xfa, 0x45, 0xdb, 0x45, 0xda, 0x45, 0xda, 0x45, 0xda, 0x45, 0xda, 0x45,
    0xdb, 0x45, 0xda, 0x45, 0xda, 0x45, 0xdb, 0x45, 0xdb, 0x45, 0xda, 0x45,
    0xdb, 0x45, 0xda, 0x45, 0xda, 0x45, 0xda, 0x45, 0xda, 0x45, 0xdb, 0x45,
    0xda, 0x45, 0xda, 0x45, 0xda, 0x45, 0xda, 0x45, 0xda, 0x45, 0xdb, 0x45,
    0xda, 0x45, 0xda, 0x45, 0xda, 0x45, 0xda, 0x45, 0xdb, 0x45, 0xda, 0x45,
    0xba, 0x45, 0xdb, 0x45, 0xda, 0x45, 0xda, 0x45, 0xdb, 0x45, 0xdb, 0x45,
    0xda, 0x45, 0xda, 0x45, 0xda, 0x45, 0xda, 0x3d, 0xdb, 0x45, 0xda, 0x45,
    0xba, 0x45, 0xda, 0x45, 0xda, 0x45, 0xda, 0x45, 0xda, 0x45, 0xda, 0x3d,
    0xdb, 0x45, 0xda, 0x3d, 0xdb, 0x45, 0xda, 0x45, 0xdb, 0x3d, 0xda, 0x45,
    0xda, 0x3d, 0xda, 0x45, 0xda, 0x45, 0xfa, 0x3d, 0x65, 0xd3, 0x21, 0xeb,
    0xb2, 0xe5, 0xd8, 0xf6, 0x3a, 0xf7, 0x5b, 0xff, 0x3c, 0xe7, 0x56, 0x0a,
    0x59, 0x0b, 0x3c, 0xa6, 0x7e, 0xe7, 0x3c, 0xdf, 0xf5, 0x9c, 0xe8, 0x20,
    0xe9, 0x20, 0xc9, 0x20, 0xe8, 0x20, 0xc7, 0x20, 0x0e, 0x52, 0xa0, 0xf4,
    0xe0, 0xfc, 0x00, 0xfd, 0x40, 0xfd, 0x40, 0xfd, 0x60, 0xfd, 0x80, 0xfd,
    0x80, 0xfd, 0x80, 0xfd, 0xa0, 0xfd, 0xa0, 0xfd, 0xa0, 0xfd, 0x80, 0xfd,
    0x80, 0xfd, 0xa0, 0xfd, 0x80, 0xfd, 0x80, 0xfd, 0xa0, 0xfd, 0x80, 0xfd,
    0x60, 0xfd, 0x40, 0xfd, 0x20, 0xfd, 0x00, 0xfd, 0xe0, 0xfc, 0xc0, 0xfc,
    0x40, 0xf4, 0xc0, 0x79, 0x81, 0x20, 0x2c, 0xa4, 0x74, 0xee, 0x75, 0xee,
    0xb6, 0xf6, 0xf7, 0xf6, 0xf8, 0xf6, 0x19, 0xf7, 0x19, 0xf7, 0x19, 0xf7,
    0x19, 0xf7, 0xf8, 0xf6, 0xd7, 0xf6, 0x95, 0xee, 0x34, 0xee, 0x12, 0xe6,
    0xab, 0x93, 0x41, 0x18, 0x40, 0x18, 0xc0, 0xca, 0xa0, 0xf3, 0xa0, 0xf3,
    0x00, 0xf4, 0x80, 0xfc, 0x80, 0xfc, 0x80, 0xfc, 0x60, 0xf4, 0x40, 0xfc,
    0x00, 0xf4, 0xc1, 0xf3, 0x80, 0xf3, 0x60, 0xf3, 0x20, 0xeb, 0x00, 0xeb,
    0xe0, 0xea, 0xc0, 0xe2, 0xc3, 0xa8, 0xe3, 0xb0, 0xe3, 0xb8, 0x03, 0xc1,
    0x03, 0xc1, 0x04, 0xc9, 0x23, 0xc9, 0x03, 0xc9, 0x04, 0xc9, 0x03, 0xc9,
    0x03, 0xc9, 0x03, 0xc9, 0x66, 0xc1, 0xfa, 0x3d, 0xda, 0x3d, 0xda, 0x3d,
    0xda, 0x45, 0xda, 0x3d, 0xdb, 0x3d, 0xda, 0x45, 0xda, 0x3d, 0xdb, 0x3d,
    0xda, 0x45, 0xda, 0x45, 0xda, 0x3d, 0xdb, 0x45, 0xbb, 0x45, 0xda, 0x3d,
    0xda, 0x3d, 0xda, 0x45, 0xda, 0x45, 0xdb, 0x45, 0xda, 0x45, 0xda, 0x45,
    0xda, 0x45, 0xda, 0x45, 0xda, 0x45, 0xdb, 0x45, 0xda, 0x45, 0xda, 0x45,
    0xda, 0x45, 0xda, 0x45, 0xdb, 0x45, 0xda, 0x45, 0xda, 0x45, 0xdb, 0x45,
    0xda, 0x45, 0xda, 0x45, 0xda, 0x45, 0xdb, 0x45, 0xda, 0x3d, 0xda, 0x45,
    0xda, 0x45, 0xda, 0x45, 0xdb, 0x45, 0xdb, 0x45, 0xda, 0x45, 0xdb, 0x45,
    0xda, 0x45, 0xfa, 0x45, 0xda, 0x45, 0xfb, 0x4d, 0xda, 0x4d, 0xdb, 0x45,
    0xda, 0x45, 0xfb, 0x4d, 0xfa, 0x4d, 0xda, 0x45, 0xdb, 0x45, 0xfa, 0x45,
    0xfa, 0x4d, 0xda, 0x45, 0xdb, 0x4d, 0xfb, 0x45, 0xfa, 0x45, 0xda, 0x4d,
    0xda, 0x45, 0xda, 0x45, 0xda, 0x45, 0xda, 0x45, 0xfa, 0x45, 0xfa, 0x45,
    0xda, 0x45, 0xfa, 0x45, 0xda, 0x45, 0xfb, 0x45, 0xda, 0x45, 0xda, 0x45,
    0xfb, 0x45, 0xda, 0x45, 0xda, 0x45, 0xda, 0x45, 0xda, 0x45, 0xda, 0x45,
    0xfb, 0x45, 0xda, 0x45, 0xda, 0x45, 0xda, 0x45, 0xda, 0x45, 0xda, 0x45,
    0xfa, 0x45, 0xda, 0x45, 0xda, 0x45, 0xfb, 0x45, 0xda, 0x45, 0xda, 0x45,
    0xda, 0x45, 0xda, 0x45, 0xda, 0x45, 0xfa, 0x45, 0xda, 0x45, 0xda, 0x45,
    0xda, 0x45, 0xdb, 0x45, 0xda, 0x45, 0xda, 0x45, 0xda, 0x45, 0xda, 0x45,
    0xda, 0x45, 0xdb, 0x45, 0xda, 0x45, 0xda, 0x45, 0xda, 0x45, 0xda, 0x45,
    0xdb, 0x45, 0xda, 0x45, 0xda, 0x45, 0xda, 0x45, 0xda, 0x45, 0xda, 0x45,
    0xda, 0x45, 0xdb, 0x3d, 0xda, 0x45, 0xda, 0x45, 0xda, 0x45, 0xda, 0x45,
    0xda, 0x45, 0xdb, 0x45, 0xda, 0x45, 0xda, 0x45, 0xda, 0x45, 0xba, 0x3d,
    0xda, 0x45, 0xdb, 0x45, 0xda, 0x45, 0xda, 0x45, 0xdb, 0x45, 0xda, 0x45,
    0xda, 0x45, 0xda, 0x45, 0xda, 0x45, 0xda, 0x45, 0xda, 0x45, 0xda, 0x3d,
    0xba, 0x45, 0xdb, 0x45, 0xda, 0x45, 0xb8, 0x4d, 0x42, 0xf3, 0x42, 0xf3,
    0x76, 0xe6, 0xb7, 0xf6, 0x19, 0xf7, 0x5b, 0xf7, 0x3b, 0xc6, 0x96, 0x02,
    0xf9, 0x03, 0x3a, 0x0c, 0x1a, 0x4d, 0x8d, 0x4a, 0xc9, 0x20, 0x09, 0x21,
    0xe9, 0x20, 0xe9, 0x20, 0xe8, 0x20, 0xc7, 0x20, 0x03, 0xab, 0x80, 0xf4,
    0xe0, 0xfc, 0x20, 0xfd, 0x40, 0xfd, 0x60, 0xfd, 0x60, 0xfd, 0x80, 0xfd,
    0x80, 0xfd, 0xa0, 0xfd, 0x80, 0xfd, 0x80, 0xfd, 0xa0, 0xfd, 0xa0, 0xfd,
    0x80, 0xfd, 0x80, 0xfd, 0xa0, 0xfd, 0x80, 0xfd, 0x80, 0xfd, 0x60, 0xfd,
    0x60, 0xfd, 0x40, 0xfd, 0x00, 0xfd, 0x00, 0xfd, 0xe1, 0xfc, 0xa1, 0xfc,
    0x41, 0x9a, 0x03, 0x29, 0x91, 0xcd, 0x74, 0xee, 0xb6, 0xf6, 0x18, 0xf7,
    0x5a, 0xf7, 0x5b, 0xff, 0x7b, 0xff, 0x7b, 0xff, 0x7b, 0xff, 0x7c, 0xff,
    0x7b, 0xff, 0x5a, 0xff, 0x3a, 0xf7, 0x19, 0xf7, 0xd7, 0xf6, 0x75, 0xee,
    0x13, 0xee, 0xaa, 0x93, 0x40, 0x18, 0xc1, 0x40, 0x80, 0xf3, 0xa1, 0xf3,
    0xe0, 0xf3, 0x60, 0xf4, 0x80, 0xfc, 0x80, 0xf4, 0x60, 0xf4, 0x40, 0xfc,
    0x00, 0xf4, 0xc0, 0xf3, 0xa0, 0xf3, 0x60, 0xf3, 0x20, 0xeb, 0xe0, 0xea,
    0xe0, 0xea, 0xe0, 0xea, 0x22, 0xb9, 0xc3, 0xb0, 0xe3, 0xb0, 0xe3, 0xb8,
    0x03, 0xc1, 0x03, 0xc9, 0x23, 0xc9, 0x03, 0xc9, 0x04, 0xc9, 0x24, 0xd1,
    0x03, 0xc9, 0x03, 0xc9, 0x03, 0xd1, 0x98, 0x4d, 0xda, 0x45, 0xdb, 0x45,
    0xdb, 0x45, 0xda, 0x45, 0xda, 0x3d, 0xda, 0x45, 0xda, 0x45, 0xda, 0x3d,
    0xdb, 0x45, 0xda, 0x45, 0xda, 0x3d, 0xda, 0x45, 0xda, 0x45, 0xdb, 0x45,
    0xda, 0x3d, 0xda, 0x45, 0xdb, 0x45, 0xda, 0x3d, 0xda, 0x3d, 0xda, 0x45,
    0xda, 0x3d, 0xda, 0x45, 0xda, 0x3d, 0xda, 0x45, 0xda, 0x3d, 0xdb, 0x45,
    0xdb, 0x45, 0xda, 0x45, 0xda, 0x45, 0xdb, 0x45, 0xda, 0x45, 0xdb, 0x45,
    0xda, 0x45, 0xda, 0x45, 0xda, 0x3d, 0xda, 0x45, 0xdb, 0x45, 0xdb, 0x45,
    0xda, 0x3d, 0xda, 0x3d, 0xda, 0x45, 0xda, 0x45, 0xda, 0x45, 0xda, 0x45,
    0xdb, 0x45, 0xda, 0x4d, 0xda, 0x45, 0xda, 0x45, 0xfa, 0x4d, 0xda, 0x45,
    0xda, 0x45, 0xda, 0x4d, 0xfb, 0x45, 0xfa, 0x4d, 0xda, 0x45, 0xdb, 0x45,
    0xda, 0x4d, 0xda, 0x45, 0xfa, 0x45, 0xda, 0x45, 0xda, 0x4d, 0xda, 0x45,
    0xfb, 0x45, 0xfa, 0x4d, 0xfb, 0x4d, 0xda, 0x45, 0xfa, 0x45, 0xda, 0x45,
    0xdb, 0x45, 0xda, 0x45, 0xda, 0x45, 0xda, 0x45, 0xda, 0x45, 0xdb, 0x45,
    0xfa, 0x45, 0xda, 0x45, 0xdb, 0x45, 0xfb, 0x45, 0xda, 0x45, 0xda, 0x45,
    0xda, 0x45, 0xda, 0x45, 0xdb, 0x45, 0xfa, 0x45, 0xfb, 0x45, 0xdb, 0x45,
    0xfb, 0x45, 0xda, 0x45, 0xda, 0x45, 0xda, 0x45, 0xdb, 0x45, 0xfb, 0x45,
    0xda, 0x45, 0xdb, 0x45, 0xfa, 0x45, 0xda, 0x45, 0xdb, 0x45, 0xfa, 0x45,
    0xda, 0x45, 0xfb, 0x45, 0xdb, 0x45, 0xfa, 0x45, 0xdb, 0x45, 0xda, 0x45,
    0xfa, 0x45, 0xdb, 0x45, 0xda, 0x45, 0xda, 0x45, 0xdb, 0x45, 0xda, 0x45,
    0xda, 0x45, 0xdb, 0x45, 0xda, 0x45, 0xda, 0x45, 0xda, 0x3d, 0xdb, 0x45,
    0xda, 0x45, 0xda, 0x45, 0xda, 0x45, 0xda, 0x45, 0xda, 0x45, 0xdb, 0x45,
    0xda, 0x45, 0xda, 0x45, 0xda, 0x45, 0xda, 0x45, 0xdb, 0x45, 0xda, 0x45,
    0xda, 0x45, 0xda, 0x45, 0xda, 0x3d, 0xda, 0x45, 0xda, 0x45, 0xda, 0x45,
    0xda, 0x45, 0xda, 0x45, 0xda, 0x45, 0xda, 0x3d, 0xda, 0x45, 0xda, 0x45,
    0xda, 0x3d, 0xda, 0x3d, 0xfa, 0x3d, 0xd2, 0x7c, 0x41, 0xf3, 0x61, 0xf3,
    0x76, 0xe6, 0xb7, 0xee, 0x19, 0xf7, 0x3a, 0xf7, 0x79, 0x95, 0xf8, 0x0a,
    0x39, 0x04, 0xba, 0x04, 0x77, 0x14, 0xc8, 0x28, 0x0a, 0x21, 0x09, 0x21,
    0xe9, 0x20, 0xe9, 0x20, 0xe8, 0x20, 0xe7, 0x30, 0x61, 0xec, 0xa0, 0xfc,
    0x00, 0xfd, 0x20, 0xfd, 0x40, 0xfd, 0x60, 0xfd, 0x60, 0xfd, 0x80, 0xfd,
    0x80, 0xfd, 0xa0, 0xfd, 0x80, 0xfd, 0x80, 0xfd, 0x80, 0xfd, 0xa0, 0xfd,
    0x80, 0xfd, 0x80, 0xfd, 0x80, 0xfd, 0x80, 0xfd, 0x60, 0xfd, 0x40, 0xfd,
    0x40, 0xfd, 0x20, 0xfd, 0x00, 0xfd, 0xe0, 0xfc, 0xc0, 0xfc, 0x80, 0xcb,
    0x03, 0x31, 0x13, 0xde, 0xb5, 0xf6, 0xf8, 0xf6, 0x3a, 0xff, 0x9c, 0xff,
    0xbd, 0xff, 0xbd, 0xff, 0xbe, 0xff, 0xbe, 0xff, 0xbe, 0xff, 0xbe, 0xff,
    0xbd, 0xff, 0xbd, 0xff, 0x9c, 0xff, 0x7b, 0xff, 0x3a, 0xff, 0xd7, 0xf6,
    0x75, 0xee, 0x13, 0xee, 0x87, 0x6a, 0x40, 0x18, 0x60, 0xb2, 0xa0, 0xf3,
    0xc0, 0xf3, 0x40, 0xf4, 0x60, 0xfc, 0x80, 0xfc, 0x60, 0xf4, 0x20, 0xfc,
    0x00, 0xf4, 0xc0, 0xf3, 0x80, 0xf3, 0x60, 0xeb, 0x41, 0xeb, 0x00, 0xeb,
    0xe0, 0xea, 0xe0, 0xe2, 0x21, 0xca, 0xc3, 0xa8, 0xe3, 0xb0, 0xe3, 0xb8,
    0x03, 0xc1, 0x04, 0xc1, 0x03, 0xc9, 0x03, 0xc9, 0x03, 0xc9, 0x03, 0xc9,
    0x04, 0xc9, 0x04, 0xc9, 0xe3, 0xc8, 0x12, 0x74, 0xda, 0x3d, 0xda, 0x3d,
    0xda, 0x45, 0xdb, 0x45, 0xda, 0x45, 0xba, 0x3d, 0xdb, 0x45, 0xda, 0x45,
    0xda, 0x3d, 0xbb, 0x45, 0xdb, 0x45, 0xda, 0x3d, 0xda, 0x45, 0xda, 0x45,
    0xdb, 0x3d, 0xda, 0x45, 0xda, 0x45, 0xdb, 0x45, 0xda, 0x45, 0xdb, 0x45,
    0xdb, 0x45, 0xda, 0x3d, 0xdb, 0x45, 0xdb, 0x45, 0xda, 0x45, 0xda, 0x45,
    0xdb, 0x45, 0xda, 0x3d, 0xda, 0x3d, 0xda, 0x45, 0xda, 0x45, 0xda, 0x3d,
    0xdb, 0x3d, 0xda, 0x45, 0xda, 0x45, 0xda, 0x45, 0xdb, 0x45, 0xda, 0x45,
    0xda, 0x3d, 0xdb, 0x45, 0xda, 0x45, 0xda, 0x3d, 0xdb, 0x3d, 0xda, 0x45,
    0xfa, 0x45, 0xdb, 0x4d, 0xfb, 0x4d, 0xfb, 0x4d, 0xda, 0x45, 0xfb, 0x4d,
    0xfa, 0x45, 0xfa, 0x45, 0xda, 0x45, 0xfa, 0x4d, 0xfa, 0x4d, 0xda, 0x45,
    0xdb, 0x45, 0xfa, 0x4d, 0xfa, 0x45, 0xdb, 0x4d, 0xda, 0x45, 0xdb, 0x4d,
    0xfa, 0x45, 0xfa, 0x45, 0xdb, 0x45, 0xdb, 0x4d, 0xfa, 0x45, 0xdb, 0x45,
    0xfb, 0x4d, 0xda, 0x45, 0xda, 0x45, 0xfa, 0x4d, 0xfb, 0x45, 0xfa, 0x45,
    0xda, 0x4d, 0xfa, 0x45, 0xda, 0x45, 0xfb, 0x45, 0xda, 0x45, 0xda, 0x45,
    0xfa, 0x45, 0xdb, 0x45, 0xda, 0x45, 0xfa, 0x45, 0xda, 0x4d, 0xfb, 0x45,
    0xda, 0x45, 0xda, 0x45, 0xda, 0x45, 0xdb, 0x45, 0xfa, 0x45, 0xfa, 0x45,
    0xfb, 0x45, 0xda, 0x45, 0xfa, 0x45, 0xdb, 0x45, 0xfb, 0x45, 0xda, 0x45,
    0xfa, 0x45, 0xda, 0x45, 0xfa, 0x45, 0xda, 0x45, 0xda, 0x45, 0xfb, 0x45,
    0xda, 0x45, 0xda, 0x45, 0xda, 0x45, 0xdb, 0x45, 0xda, 0x45, 0xda, 0x45,
    0xdb, 0x45, 0xda, 0x45, 0xda, 0x45, 0xdb, 0x45, 0xda, 0x45, 0xda, 0x45,
    0xdb, 0x45, 0xda, 0x45, 0xdb, 0x45, 0xda, 0x45, 0xda, 0x45, 0xda, 0x45,
    0xda, 0x45, 0xda, 0x45, 0xda, 0x45, 0xda, 0x45, 0xda, 0x45, 0xda, 0x45,
    0xda, 0x45, 0xda, 0x45, 0xda, 0x45, 0xda, 0x45, 0xda, 0x45, 0xda, 0x45,
    0xda, 0x45, 0xdb, 0x45, 0xda, 0x45, 0xdb, 0x45, 0xda, 0x45, 0xda, 0x45,
    0xda, 0x45, 0xda, 0x45, 0xfb, 0x3d, 0xa8, 0xbb, 0x80, 0xfb, 0x81, 0xf3,
    0x77, 0xe6, 0xb7, 0xee, 0xf8, 0xf6, 0x1a, 0xf7, 0x59, 0x9d, 0xd8, 0x02,
    0x59, 0x04, 0xda, 0x04, 0x36, 0x0c, 0xe9, 0x20, 0x0a, 0x21, 0x0a, 0x21,
    0xe9, 0x28, 0xe9, 0x20, 0xc8, 0x20, 0xe3, 0x9a, 0xa0, 0xf4, 0xc0, 0xfc,
    0xe0, 0xfc, 0x20, 0xfd, 0x60, 0xfd, 0x60, 0xfd, 0x60, 0xfd, 0x60, 0xfd,
    0x80, 0xfd, 0x80, 0xfd, 0xa0, 0xfd, 0x80, 0xfd, 0x80, 0xfd, 0x80, 0xfd,
    0x80, 0xfd, 0x80, 0xfd, 0x80, 0xfd, 0x60, 0xfd, 0x60, 0xfd, 0x60, 0xfd,
    0x40, 0xfd, 0x00, 0xfd, 0x00, 0xfd, 0xe0, 0xfc, 0x60, 0xec, 0x21, 0x51,
    0x92, 0xc5, 0xb6, 0xee, 0x39, 0xf7, 0x7b, 0xff, 0xbd, 0xff, 0xde, 0xff,
    0xde, 0xff, 0xdf, 0xff, 0xff, 0xff, 0xdf, 0xff, 0xff, 0xff, 0xff, 0xff,
    0xdf, 0xff, 0xde, 0xff, 0xbe, 0xff, 0x9d, 0xff, 0x7b, 0xff, 0x39, 0xf7,
    0xd7, 0xf6, 0x54, 0xee, 0xd2, 0xdd, 0xc2, 0x28, 0xe0, 0x48, 0xc1, 0xf3,
    0xc0, 0xf3, 0x20, 0xf4, 0x80, 0xfc, 0x60, 0xfc, 0x40, 0xf4, 0x20, 0xf4,
    0x00, 0xf4, 0xc1, 0xf3, 0xa0, 0xf3, 0x60, 0xf3, 0x40, 0xeb, 0x00, 0xeb,
    0xe0, 0xea, 0xc0, 0xe2, 0xa1, 0xe2, 0xa3, 0xa8, 0xe3, 0xa8, 0xe3, 0xb0,
    0xe3, 0xc0, 0x03, 0xc1, 0x04, 0xc1, 0x04, 0xc9, 0x03, 0xc9, 0x03, 0xc9,
    0x03, 0xc9, 0x04, 0xc9, 0x03, 0xc9, 0x90, 0x83, 0xba, 0x3d, 0xda, 0x3d,
    0xda, 0x45, 0xdb, 0x45, 0xda, 0x3d, 0xda, 0x45, 0xdb, 0x45, 0xda, 0x45,
    0xda, 0x45, 0xda, 0x3d, 0xba, 0x45, 0xdb, 0x3d, 0xda, 0x3d, 0xba, 0x3d,
    0xdb, 0x45, 0xda, 0x3d, 0xda, 0x45, 0xda, 0x45, 0xdb, 0x45, 0xda, 0x45,
    0xda, 0x45, 0xdb, 0x45, 0xda, 0x3d, 0xda, 0x3d, 0xda, 0x45, 0xda, 0x45,
    0xda, 0x45, 0xda, 0x45, 0xda, 0x45, 0xda, 0x3d, 0xda, 0x45, 0xda, 0x45,
    0xdb, 0x45, 0xdb, 0x45, 0xda, 0x45, 0xdb, 0x45, 0xda, 0x3d, 0xda, 0x45,
    0xdb, 0x45, 0xda, 0x45, 0xda, 0x45, 0xda, 0x45, 0xdb, 0x45, 0xda, 0x45,
    0xda, 0x4d, 0xfa, 0x45, 0xda, 0x45, 0xfa, 0x4d, 0xda, 0x45, 0xda, 0x4d,
    0xfb, 0x4d, 0xdb, 0x45, 0xda, 0x45, 0xdb, 0x4d, 0xda, 0x4d, 0xfb, 0x4d,
    0xfa, 0x45, 0xda, 0x45, 0xdb, 0x4d, 0xfa, 0x45, 0xda, 0x4d, 0xda, 0x45,
    0xfa, 0x4d, 0xda, 0x4d, 0xfa, 0x45, 0xda, 0x45, 0xda, 0x4d, 0xfa, 0x45,
    0xda, 0x45, 0xdb, 0x4d, 0xda, 0x45, 0xda, 0x45, 0xfb, 0x4d, 0xdb, 0x4d,
    0xda, 0x45, 0xfb, 0x4d, 0xda, 0x45, 0xda, 0x45, 0xfa, 0x4d, 0xda, 0x45,
    0xfb, 0x45, 0xda, 0x4d, 0xdb, 0x4d, 0xda, 0x45, 0xda, 0x45, 0xfa, 0x45,
    0xfb, 0x4d, 0xfa, 0x45, 0xfa, 0x45, 0xfa, 0x4d, 0xda, 0x45, 0xda, 0x45,
    0xdb, 0x4d, 0xda, 0x45, 0xfa, 0x45, 0xda, 0x45, 0xda, 0x4d, 0xda, 0x45,
    0xdb, 0x45, 0xda, 0x4d, 0xda, 0x45, 0xdb, 0x45, 0xda, 0x45, 0xda, 0x45,
    0xda, 0x45, 0xfa, 0x45, 0xda, 0x45, 0xda, 0x45, 0xda, 0x45, 0xdb, 0x45,
    0xda, 0x45, 0xda, 0x45, 0xda, 0x45, 0xda, 0x45, 0xda, 0x45, 0xda, 0x45,
    0xda, 0x45, 0xda, 0x45, 0xda, 0x45, 0xfb, 0x45, 0xfa, 0x45, 0xda, 0x45,
    0xda, 0x45, 0xdb, 0x45, 0xda, 0x45, 0xda, 0x45, 0xda, 0x45, 0xda, 0x45,
    0xda, 0x45, 0xda, 0x45, 0xda, 0x45, 0xda, 0x45, 0xda, 0x45, 0xda, 0x45,
    0xfa, 0x45, 0xfa, 0x45, 0xdb, 0x45, 0xda, 0x45, 0xda, 0x45, 0xfb, 0x45,
    0xdb, 0x45, 0xfa, 0x45, 0xd8, 0x55, 0x41, 0xf3, 0xa0, 0xf3, 0x82, 0xf3,
    0x77, 0xee, 0xb7, 0xee, 0xd8, 0xf6, 0xd9, 0xf6, 0x19, 0xbe, 0xb6, 0x0a,
    0x19, 0x04, 0xda, 0x0c, 0xf9, 0x0c, 0xe9, 0x28, 0xea, 0x20, 0xe9, 0x20,
    0xe8, 0x28, 0xe8, 0x20, 0x27, 0x31, 0x80, 0xec, 0xa0, 0xfc, 0xe0, 0xfc,
    0x20, 0xfd, 0x20, 0xfd, 0x40, 0xfd, 0x40, 0xfd, 0x60, 0xfd, 0x80, 0xfd,
    0x80, 0xfd, 0x80, 0xfd, 0x80, 0xfd, 0xa0, 0xfd, 0xa0, 0xfd, 0x80, 0xfd,
    0x80, 0xfd, 0x80, 0xfd, 0x80, 0xfd, 0x60, 0xfd, 0x40, 0xfd, 0x40, 0xfd,
    0x20, 0xfd, 0x00, 0xfd, 0x01, 0xfd, 0xa0, 0xfc, 0x60, 0xa2, 0xed, 0x8b,
    0xd7, 0xf6, 0x19, 0xf7, 0x7b, 0xff, 0xbd, 0xff, 0xde, 0xff, 0xff, 0xff,
    0xff, 0xff, 0xff, 0xff, 0xff, 0xff, 0xbf, 0xff, 0xfd, 0xde, 0xbc, 0xd6,
    0xdd, 0xd6, 0x5e, 0xef, 0xbe, 0xff, 0x9d, 0xff, 0x7c, 0xff, 0x3a, 0xf7,
    0xf8, 0xf6, 0xb6, 0xf6, 0x53, 0xee, 0x2d, 0x9c, 0x61, 0x18, 0x60, 0xdb,
    0xc0, 0xf3, 0x00, 0xf4, 0x80, 0xfc, 0x60, 0xfc, 0x40, 0xf4, 0x20, 0xfc,
    0x00, 0xf4, 0xe0, 0xf3, 0xa0, 0xf3, 0x80, 0xf3, 0x40, 0xeb, 0x00, 0xeb,
    0xe0, 0xea, 0xe0, 0xea, 0xc0, 0xe2, 0xe3, 0xa8, 0xc3, 0xa8, 0xe3, 0xb0,
    0xe3, 0xb8, 0xe3, 0xb8, 0x03, 0xc1, 0x03, 0xc9, 0x04, 0xc9, 0xe3, 0xc8,
    0x04, 0xc1, 0x03, 0xc1, 0x03, 0xc1, 0x4e, 0x8b, 0xdb, 0x3d, 0xda, 0x45,
    0xda, 0x45, 0xda, 0x45, 0xda, 0x45, 0xda, 0x45, 0xda, 0x3d, 0xbb, 0x45,
    0xdb, 0x45, 0xda, 0x45, 0xda, 0x3d, 0xdb, 0x45, 0xda, 0x45, 0xda, 0x45,
    0xdb, 0x45, 0xda, 0x45, 0xda, 0x45, 0xdb, 0x45, 0xda, 0x3d, 0xda, 0x3d,
    0xda, 0x45, 0xda, 0x45, 0xda, 0x45, 0xda, 0x45, 0xdb, 0x3d, 0xda, 0x45,
    0xda, 0x3d, 0xdb, 0x45, 0xdb, 0x45, 0xda, 0x45, 0xdb, 0x45, 0xda, 0x45,
    0xda, 0x45, 0xda, 0x3d, 0xda, 0x3d, 0xda, 0x45, 0xda, 0x45, 0xda, 0x3d,
    0xda, 0x45, 0xda, 0x45, 0xda, 0x45, 0xda, 0x45, 0xda, 0x45, 0xda, 0x45,
    0xda, 0x4d, 0xfa, 0x45, 0xda, 0x45, 0xda, 0x4d, 0xfa, 0x45, 0xda, 0x45,
    0xfa, 0x4d, 0xfa, 0x4d, 0xdb, 0x45, 0xfa, 0x4d, 0xfb, 0x4d, 0xda, 0x45,
    0xfa, 0x45, 0xda, 0x4d, 0xfb, 0x4d, 0xfa, 0x45, 0xfa, 0x4d, 0xfa, 0x45,
    0xdb, 0x45, 0xfa, 0x4d, 0xfb, 0x45, 0xdb, 0x45, 0xfa, 0x4d, 0xfa, 0x45,
    0xda, 0x45, 0xfa, 0x4d, 0xfa, 0x45, 0xda, 0x45, 0xda, 0x45, 0xda, 0x45,
    0xda, 0x45, 0xfa, 0x4d, 0xfa, 0x45, 0xda, 0x4d, 0xfb, 0x45, 0xfb, 0x45,
    0xda, 0x45, 0xda, 0x4d, 0xda, 0x45, 0xda, 0x45, 0xfb, 0x45, 0xda, 0x45,
    0xda, 0x4d, 0xdb, 0x45, 0xfa, 0x45, 0xda, 0x4d, 0xfb, 0x45, 0xda, 0x45,
    0xfa, 0x4d, 0xfb, 0x45, 0xda, 0x45, 0xfa, 0x4d, 0xda, 0x45, 0xda, 0x45,
    0xfb, 0x4d, 0xfb, 0x4d, 0xfb, 0x45, 0xda, 0x45, 0xda, 0x45, 0xfb, 0x4d,
    0xda, 0x45, 0xdb, 0x45, 0xfa, 0x45, 0xfa, 0x45, 0xdb, 0x45, 0xfa, 0x45,
    0xfa, 0x45, 0xfa, 0x45, 0xfb, 0x45, 0xfa, 0x45, 0xda, 0x45, 0xda, 0x45,
    0xfb, 0x45, 0xfa, 0x45, 0xfa, 0x45, 0xda, 0x45, 0xda, 0x45, 0xda, 0x45,
    0xda, 0x45, 0xda, 0x45, 0xfa, 0x45, 0xfa, 0x45, 0xdb, 0x45, 0xda, 0x45,
    0xda, 0x45, 0xda, 0x45, 0xda, 0x45, 0xdb, 0x45, 0xdb, 0x45, 0xfb, 0x3d,
    0xfb, 0x45, 0xd9, 0x45, 0xf9, 0x45, 0xd9, 0x45, 0xb9, 0x45, 0xd9, 0x45,
    0xd9, 0x45, 0xd8, 0x45, 0x4b, 0xb4, 0xa0, 0xf3, 0xc0, 0xf3, 0x81, 0xf3,
    0x36, 0xee, 0xb7, 0xee, 0xd7, 0xf6, 0xd8, 0xf6, 0xb8, 0xde, 0x96, 0x0a,
    0xd8, 0x0b, 0xb9, 0x0c, 0x3a, 0x0d, 0x10, 0x1b, 0xe9, 0x28, 0xe9, 0x28,
    0xe8, 0x20, 0xe8, 0x20, 0x82, 0xbb, 0xa0, 0xfc, 0xe0, 0xfc, 0x00, 0xfd,
    0x20, 0xfd, 0x40, 0xfd, 0x20, 0xfd, 0x40, 0xfd, 0x60, 0xfd, 0x80, 0xfd,
    0x80, 0xfd, 0x80, 0xfd, 0x80, 0xfd, 0x80, 0xfd, 0xa0, 0xfd, 0x80, 0xfd,
    0x80, 0xfd, 0x60, 0xfd, 0x60, 0xfd, 0x60, 0xfd, 0x40, 0xfd, 0x40, 0xfd,
    0x20, 0xfd, 0x00, 0xfd, 0xe0, 0xfc, 0x60, 0xec, 0xe5, 0x59, 0xb7, 0xee,
    0x39, 0xf7, 0x7b, 0xff, 0xde, 0xff, 0xdf, 0xff, 0xdf, 0xff, 0xff, 0xff,
    0xff, 0xff, 0x5e, 0xef, 0x79, 0x84, 0xd4, 0x19, 0x94, 0x09, 0x94, 0x01,
    0x73, 0x01, 0x72, 0x11, 0x76, 0x6b, 0xfd, 0xe6, 0x7c, 0xff, 0x3b, 0xf7,
    0x19, 0xf7, 0xd7, 0xf6, 0x54, 0xee, 0x12, 0xe6, 0x03, 0x31, 0x40, 0x9a,
    0xe0, 0xf3, 0x00, 0xf4, 0x60, 0xfc, 0x60, 0xfc, 0x60, 0xf4, 0x40, 0xfc,
    0x00, 0xf4, 0xc0, 0xf3, 0xa0, 0xf3, 0x60, 0xf3, 0x40, 0xeb, 0x20, 0xeb,
    0xe0, 0xea, 0xe0, 0xe2, 0xc0, 0xe2, 0x82, 0xb9, 0xc3, 0xa8, 0xc3, 0xa8,
    0xe3, 0xb0, 0xe3, 0xb8, 0xe3, 0xc0, 0x03, 0xc1, 0x03, 0xc1, 0x03, 0xc9,
    0xe3, 0xc0, 0x04, 0xc9, 0x03, 0xc1, 0x6f, 0x8b, 0xdb, 0x45, 0xda, 0x45,
    0xda, 0x45, 0xdb, 0x45, 0xda, 0x3d, 0xda, 0x45, 0xda, 0x45, 0xdb, 0x45,
    0xda, 0x45, 0xdb, 0x45, 0xda, 0x45, 0xdb, 0x45, 0xda, 0x45, 0xda, 0x45,
    0xdb, 0x45, 0xda, 0x45, 0xda, 0x45, 0xda, 0x3d, 0xdb, 0x45, 0xda, 0x45,
    0xdb, 0x3d, 0xda, 0x45, 0xdb, 0x45, 0xdb, 0x45, 0xda, 0x45, 0xdb, 0x45,
    0xda, 0x3d, 0xda, 0x45, 0xdb, 0x45, 0xda, 0x3d, 0xda, 0x3d, 0xda, 0x45,
    0xda, 0x3d, 0xda, 0x45, 0xdb, 0x3d, 0xda, 0x45, 0xdb, 0x45, 0xda, 0x45,
    0xda, 0x3d, 0xdb, 0x45, 0xdb, 0x45, 0xda, 0x45, 0xda, 0x3d, 0xda, 0x45,
    0xfa, 0x4d, 0xdb, 0x4d, 0xfa, 0x4d, 0xdb, 0x45, 0xda, 0x4d, 0xfa, 0x4d,
    0xda, 0x45, 0xfa, 0x45, 0xfa, 0x4d, 0xda, 0x4d, 0xfa, 0x4d, 0xdb, 0x4d,
    0xfa, 0x45, 0xfa, 0x45, 0xda, 0x4d, 0xda, 0x4d, 0xfa, 0x45, 0xfb, 0x4d,
    0xda, 0x45, 0xda, 0x4d, 0xda, 0x4d, 0xfa, 0x45, 0xfb, 0x4d, 0xda, 0x45,
    0xfa, 0x45, 0xda, 0x4d, 0xdb, 0x45, 0xfb, 0x45, 0xfa, 0x45, 0xda, 0x4d,
    0xfb, 0x4d, 0xda, 0x45, 0xfb, 0x4d, 0xda, 0x45, 0xda, 0x45, 0xfa, 0x45,
    0xfa, 0x4d, 0xfa, 0x45, 0xdb, 0x45, 0xda, 0x45, 0xfa, 0x4d, 0xda, 0x4d,
    0xda, 0x45, 0xfa, 0x4d, 0xdb, 0x45, 0xdb, 0x4d, 0xfa, 0x45, 0xfa, 0x4d,
    0xdb, 0x45, 0xda, 0x45, 0xfa, 0x4d, 0xdb, 0x4d, 0xda, 0x45, 0xda, 0x45,
    0xfa, 0x4d, 0xfa, 0x45, 0xda, 0x45, 0xfa, 0x45, 0xda, 0x4d, 0xda, 0x45,
    0xfb, 0x45, 0xfa, 0x4d, 0xda, 0x4d, 0xdb, 0x45, 0xfa, 0x45, 0xda, 0x45,
    0xda, 0x45, 0xdb, 0x4d, 0xfa, 0x45, 0xfa, 0x45, 0xdb, 0x45, 0xda, 0x45,
    0xfa, 0x45, 0xdb, 0x45, 0xda, 0x45, 0xfa, 0x4d, 0xda, 0x45, 0xda, 0x45,
    0xdb, 0x45, 0xda, 0x45, 0xda, 0x45, 0xfa, 0x45, 0xda, 0x45, 0xda, 0x45,
    0xfa, 0x45, 0xfb, 0x45, 0xd9, 0x45, 0x74, 0x75, 0xcd, 0xa4, 0x25, 0xdc,
    0xe3, 0xeb, 0x01, 0xf4, 0x41, 0xfc, 0x40, 0xfc, 0x41, 0xfc, 0x21, 0xfc,
    0x00, 0xfc, 0x01, 0xf4, 0xe1, 0xfb, 0xe0, 0xfb, 0xe0, 0xfb, 0xc0, 0xf3,
    0x51, 0xe5, 0x97, 0xee, 0xb7, 0xee, 0x97, 0xf6, 0xb7, 0xee, 0x95, 0x53,
    0x37, 0x03, 0x39, 0x04, 0xba, 0x0c, 0x3a, 0x0d, 0x32, 0x13, 0x2a, 0x21,
    0xe9, 0x20, 0xe3, 0x9a, 0xa0, 0xf4, 0xc0, 0xfc, 0xe0, 0xfc, 0x00, 0xfd,
    0x20, 0xfd, 0x40, 0xfd, 0x40, 0xfd, 0x60, 0xfd, 0x60, 0xfd, 0x80, 0xfd,
    0x80, 0xfd, 0x80, 0xfd, 0xa0, 0xfd, 0xa0, 0xfd, 0x80, 0xfd, 0x80, 0xfd,
    0x80, 0xfd, 0x80, 0xfd, 0x60, 0xfd, 0x40, 0xfd, 0x40, 0xfd, 0x40, 0xfd,
    0x00, 0xfd, 0x00, 0xfd, 0xe0, 0xfc, 0x21, 0xb3, 0xf1, 0xac, 0xf8, 0xf6,
    0x7b, 0xff, 0xbd, 0xff, 0xde, 0xff, 0xff, 0xff, 0xff, 0xff, 0xdf, 0xff,
    0x3c, 0xc6, 0xf5, 0x19, 0x36, 0x02, 0x77, 0x02, 0x78, 0x02, 0x77, 0x02,
    0x57, 0x02, 0x16, 0x02, 0xd5, 0x01, 0xb2, 0x19, 0x1a, 0xc6, 0x5b, 0xf7,
    0x19, 0xf7, 0xd7, 0xf6, 0x95, 0xf6, 0x34, 0xee, 0xab, 0x8b, 0x40, 0x61,
    0xe0, 0xf3, 0x20, 0xf4, 0x60, 0xfc, 0x60, 0xfc, 0x40, 0xf4, 0x20, 0xf4,
    0x00, 0xfc, 0xe0, 0xf3, 0xa0, 0xf3, 0x81, 0xf3, 0x40, 0xeb, 0x20, 0xeb,
    0xe1, 0xea, 0xc0, 0xe2, 0xe0, 0xe2, 0x21, 0xd2, 0xa3, 0xa0, 0xc3, 0xa8,
    0xe3, 0xb0, 0xe3, 0xb8, 0x03, 0xb9, 0x03, 0xc1, 0x03, 0xc1, 0x03, 0xc1,
    0x03, 0xc1, 0x04, 0xc1, 0x03, 0xc1, 0xd0, 0x83, 0xda, 0x45, 0xda, 0x45,
    0xda, 0x45, 0xdb, 0x3d, 0xdb, 0x45, 0xda, 0x45, 0xda, 0x45, 0xda, 0x45,
    0xda, 0x45, 0xda, 0x3d, 0xdb, 0x45, 0xda, 0x3d, 0xda, 0x45, 0xdb, 0x45,
    0xda, 0x3d, 0xdb, 0x45, 0xda, 0x45, 0xda, 0x45, 0xda, 0x45, 0xda, 0x45,
    0xda, 0x45, 0xda, 0x3d, 0xda, 0x45, 0xda, 0x3d, 0xda, 0x45, 0xda, 0x45,
    0xda, 0x45, 0xda, 0x45, 0xda, 0x45, 0xdb, 0x45, 0xda, 0x45, 0xda, 0x3d,
    0xda, 0x45, 0xdb, 0x45, 0xda, 0x45, 0xda, 0x45, 0xda, 0x45, 0xdb, 0x45,
    0xda, 0x45, 0xda, 0x3d, 0xdb, 0x45, 0xfa, 0x45, 0xda, 0x45, 0xda, 0x45,
    0xda, 0x45, 0xfb, 0x4d, 0xfa, 0x4d, 0xda, 0x45, 0xda, 0x4d, 0xfb, 0x4d,
    0xda, 0x45, 0xdb, 0x45, 0xfa, 0x4d, 0xda, 0x45, 0xfa, 0x45, 0xda, 0x4d,
    0xdb, 0x4d, 0xfa, 0x45, 0xfa, 0x4d, 0xfb, 0x4d, 0xfa, 0x45, 0xda, 0x4d,
    0xda, 0x4d, 0xfb, 0x4d, 0xfa, 0x45, 0xda, 0x4d, 0xdb, 0x4d, 0xfa, 0x45,
    0xda, 0x4d, 0xfb, 0x4d, 0xfa, 0x45, 0xfa, 0x4d, 0xda, 0x4d, 0xfa, 0x45,
    0xfa, 0x4d, 0xda, 0x45, 0xfb, 0x4d, 0xfa, 0x4d, 0xda, 0x45, 0xdb, 0x4d,
    0xfa, 0x4d, 0xfa, 0x4d, 0xfb, 0x45, 0xfa, 0x4d, 0xfa, 0x4d, 0xdb, 0x45,
    0xfb, 0x45, 0xfa, 0x45, 0xfa, 0x4d, 0xda, 0x4d, 0xda, 0x45, 0xfa, 0x45,
    0xdb, 0x4d, 0xda, 0x4d, 0xfb, 0x45, 0xfa, 0x4d, 0xfa, 0x45, 0xfb, 0x4d,
    0xda, 0x4d, 0xda, 0x45, 0xfa, 0x4d, 0xfb, 0x4d, 0xfa, 0x45, 0xfa, 0x45,
    0xda, 0x4d, 0xda, 0x45, 0xfa, 0x45, 0xda, 0x45, 0xda, 0x4d, 0xfa, 0x4d,
    0xfb, 0x45, 0xfa, 0x45, 0xfa, 0x4d, 0xda, 0x4d, 0xda, 0x45, 0xfa, 0x4d,
    0xda, 0x4d, 0xdb, 0x45, 0xfa, 0x45, 0xfb, 0x45, 0xfa, 0x45, 0xda, 0x45,
    0xfb, 0x4d, 0xda, 0x4d, 0xda, 0x45, 0xfa, 0x45, 0xfb, 0x45, 0xfa, 0x4d,
    0x12, 0x85, 0x46, 0xd4, 0x21, 0xf4, 0x80, 0xfc, 0xc0, 0xfc, 0xc0, 0xfc,
    0xc0, 0xfc, 0xc0, 0xfc, 0xe0, 0xfc, 0xe0, 0xfc, 0xe0, 0xfc, 0x00, 0xfd,
    0xe0, 0xfc, 0x00, 0xfd, 0xe0, 0xfc, 0xe0, 0xfc, 0xc0, 0xfc, 0x60, 0xfc,
    0xe3, 0xf3, 0x69, 0xec, 0x4f, 0xf5, 0x33, 0xf6, 0x96, 0xee, 0xb6, 0xc5,
    0x95, 0x12, 0xb7, 0x0b, 0x38, 0x0c, 0x58, 0x04, 0x79, 0x04, 0x38, 0x14,
    0xea, 0x9b, 0xa0, 0xfc, 0xa0, 0xfc, 0x00, 0xfd, 0x00, 0xfd, 0x00, 0xfd,
    0x40, 0xfd, 0x40, 0xfd, 0x40, 0xfd, 0x60, 0xfd, 0x60, 0xfd, 0x80, 0xfd,
    0x80, 0xfd, 0x80, 0xfd, 0xa0, 0xfd, 0x80, 0xfd, 0x80, 0xfd, 0x80, 0xfd,
    0x80, 0xfd, 0x60, 0xfd, 0x60, 0xfd, 0x40, 0xfd, 0x20, 0xfd, 0x20, 0xfd,
    0x00, 0xfd, 0x00, 0xfd, 0xa1, 0xf4, 0x45, 0x72, 0xd8, 0xee, 0x39, 0xf7,
    0x9c, 0xff, 0xde, 0xff, 0xff, 0xff, 0xff, 0xff, 0xff, 0xff, 0x3c, 0xbe,
    0x16, 0x0a, 0xb8, 0x0a, 0xf9, 0x02, 0x1a, 0x03, 0xfa, 0x02, 0xda, 0x02,
    0xb9, 0x02, 0x78, 0x02, 0x37, 0x02, 0xf5, 0x01, 0xb3, 0x19, 0x7a, 0xce,
    0x3a, 0xf7, 0xf8, 0xf6, 0xb6, 0xf6, 0x54, 0xee, 0x91, 0xcd, 0x01, 0x49,
    0xe0, 0xf3, 0x20, 0xf4, 0x40, 0xfc, 0x60, 0xfc, 0x40, 0xf4, 0x20, 0xfc,
    0x01, 0xf4, 0xc0, 0xf3, 0x80, 0xf3, 0x80, 0xf3, 0x40, 0xeb, 0x00, 0xeb,
    0xe0, 0xea, 0xe0, 0xea, 0xc0, 0xe2, 0x80, 0xe2, 0xa3, 0x98, 0xc3, 0xa0,
    0xe3, 0xa8, 0xe3, 0xb0, 0xe3, 0xb8, 0xe3, 0xc0, 0xe3, 0xc0, 0xe4, 0xc0,
    0xe3, 0xc0, 0x04, 0xc1, 0xe3, 0xc0, 0x52, 0x6c, 0xbb, 0x45, 0xda, 0x3d,
    0xda, 0x45, 0xda, 0x45, 0xdb, 0x45, 0xda, 0x45, 0xdb, 0x45, 0xda, 0x45,
    0xda, 0x45, 0xda, 0x45, 0xda, 0x45, 0xda, 0x45, 0xdb, 0x45, 0xda, 0x45,
    0xda, 0x45, 0xda, 0x3d, 0xda, 0x45, 0xdb, 0x45, 0xda, 0x45, 0xdb, 0x45,
    0xdb, 0x45, 0xda, 0x45, 0xda, 0x45, 0xdb, 0x45, 0xda, 0x45, 0xda, 0x45,
    0xdb, 0x3d, 0xdb, 0x45, 0xda, 0x45, 0xda, 0x45, 0xdb, 0x45, 0xda, 0x45,
    0xda, 0x45, 0xdb, 0x45, 0xda, 0x45, 0xda, 0x45, 0xda, 0x45, 0xda, 0x45,
    0xda, 0x45, 0xda, 0x45, 0xda, 0x45, 0xda, 0x45, 0xda, 0x45, 0xfb, 0x45,
    0xda, 0x4d, 0xfa, 0x4d, 0xda, 0x45, 0xfa, 0x4d, 0xfa, 0x45, 0xfa, 0x4d,
    0xfb, 0x4d, 0xda, 0x4d, 0xfa, 0x45, 0xfa, 0x45, 0xfb, 0x4d, 0xda, 0x4d,
    0xfa, 0x4d, 0xfa, 0x45, 0xfb, 0x4d, 0xda, 0x4d, 0xfa, 0x4d, 0xfb, 0x45,
    0xfb, 0x4d, 0xfa, 0x4d, 0xfa, 0x45, 0xfa, 0x4d, 0xdb, 0x4d, 0xfa, 0x45,
    0xda, 0x45, 0xfb, 0x4d, 0xda, 0x45, 0xda, 0x45, 0xdb, 0x45, 0xfa, 0x4d,
    0xfa, 0x4d, 0xdb, 0x45, 0xfa, 0x45, 0xfb, 0x4d, 0xfa, 0x45, 0xfb, 0x45,
    0xfa, 0x4d, 0xda, 0x4d, 0xda, 0x45, 0xfa, 0x4d, 0xdb, 0x45, 0xfa, 0x4d,
    0xfb, 0x4d, 0xfa, 0x45, 0xda, 0x45, 0xda, 0x45, 0xfa, 0x45, 0xfb, 0x4d,
    0xfb, 0x4d, 0xda, 0x45, 0xfa, 0x45, 0xfa, 0x4d, 0xda, 0x45, 0xfb, 0x45,
    0xfa, 0x4d, 0xda, 0x45, 0xdb, 0x45, 0xdb, 0x4d, 0xfa, 0x4d, 0xdb, 0x45,
    0xda, 0x45, 0xfb, 0x4d, 0xfa, 0x45, 0xdb, 0x45, 0xfb, 0x4d, 0xda, 0x45,
    0xda, 0x4d, 0xfb, 0x4d, 0xda, 0x45, 0xda, 0x45, 0xfa, 0x45, 0xfa, 0x4d,
    0xda, 0x45, 0xfa, 0x4d, 0xda, 0x4d, 0xda, 0x45, 0xfa, 0x4d, 0xda, 0x45,
    0xda, 0x4d, 0xfa, 0x4d, 0xfb, 0x45, 0xd9, 0x4d, 0x8c, 0xac, 0xe2, 0xeb,
    0x60, 0xf4, 0xa0, 0xfc, 0xa0, 0xfc, 0xc0, 0xfc, 0xe0, 0xfc, 0xe0, 0xfc,
    0xe0, 0xfc, 0x00, 0xfd, 0x00, 0xfd, 0x20, 0xfd, 0x20, 0xfd, 0x20, 0xfd,
    0x20, 0xfd, 0x20, 0xfd, 0x20, 0xfd, 0x00, 0xfd, 0x00, 0xfd, 0xe0, 0xfc,
    0xe0, 0xf4, 0xc0, 0xf4, 0xa0, 0xfc, 0x60, 0xfc, 0x21, 0xf4, 0x44, 0xf4,
    0xec, 0xab, 0xf3, 0x2a, 0x77, 0x13, 0xd8, 0x0b, 0x75, 0x2b, 0xa6, 0xc3,
    0x81, 0xf4, 0x80, 0xf4, 0xc0, 0xfc, 0x00, 0xfd, 0x00, 0xfd, 0x20, 0xfd,
    0x20, 0xfd, 0x40, 0xfd, 0x40, 0xfd, 0x60, 0xfd, 0x60, 0xfd, 0x80, 0xfd,
    0x80, 0xfd, 0x80, 0xfd, 0x80, 0xfd, 0x80, 0xfd, 0x80, 0xfd, 0x80, 0xfd,
    0x60, 0xfd, 0x60, 0xfd, 0x40, 0xfd, 0x40, 0xfd, 0x40, 0xfd, 0x20, 0xfd,
    0x00, 0xfd, 0x00, 0xfd, 0x40, 0xd4, 0x2e, 0x94, 0xf8, 0xf6, 0x5b, 0xff,
    0xbd, 0xff, 0xde, 0xff, 0xff, 0xff, 0xff, 0xff, 0x3e, 0xe7, 0x56, 0x1a,
    0xfa, 0x1a, 0x5c, 0x85, 0x1d, 0xa6, 0xdb, 0x3b, 0x1a, 0x03, 0x1a, 0x03,
    0xfa, 0x02, 0xda, 0x02, 0xb9, 0x02, 0x58, 0x0a, 0x15, 0x02, 0x54, 0x32,
    0x3b, 0xef, 0xf8, 0xf6, 0xb7, 0xf6, 0x75, 0xee, 0xf3, 0xdd, 0x63, 0x51,
    0xc0, 0xf3, 0x20, 0xf4, 0x40, 0xfc, 0x60, 0xfc, 0x40, 0xf4, 0x20, 0xfc,
    0x00, 0xf4, 0xc0, 0xf3, 0xa0, 0xf3, 0x60, 0xf3, 0x20, 0xeb, 0x20, 0xeb,
    0xe0, 0xea, 0xc0, 0xe2, 0xc0, 0xe2, 0xc0, 0xe2, 0xc3, 0xa0, 0xc3, 0xa0,
    0xc3, 0xa8, 0xe3, 0xb0, 0xe3, 0xb0, 0x03, 0xb9, 0xe3, 0xc0, 0xe3, 0xc0,
    0xe3, 0xc0, 0xe3, 0xc0, 0xe3, 0xc0, 0x78, 0x4d, 0xba, 0x45, 0xda, 0x45,
    0xda, 0x45, 0xda, 0x45, 0xda, 0x45, 0xda, 0x45, 0xda, 0x45, 0xdb, 0x45,
    0xda, 0x3d, 0xdb, 0x45, 0xda, 0x45, 0xda, 0x45, 0xda, 0x45, 0xda, 0x45,
    0xdb, 0x45, 0xda, 0x45, 0xda, 0x45, 0xda, 0x45, 0xda, 0x45, 0xda, 0x3d,
    0xdb, 0x45, 0xda, 0x45, 0xda, 0x45, 0xdb, 0x3d, 0xdb, 0x45, 0xda, 0x45,
    0xda, 0x45, 0xdb, 0x3d, 0xda, 0x45, 0xda, 0x45, 0xdb, 0x3d, 0xdb, 0x45,
    0xda, 0x45, 0xda, 0x3d, 0xdb, 0x45, 0xdb, 0x45, 0xdb, 0x45, 0xda, 0x45,
    0xdb, 0x3d, 0xda, 0x45, 0xfa, 0x45, 0xda, 0x45, 0xdb, 0x45, 0xfb, 0x3d,
    0xfa, 0x4d, 0xda, 0x45, 0xda, 0x4d, 0xdb, 0x4d, 0xfa, 0x45, 0xda, 0x45,
    0xda, 0x4d, 0xfa, 0x4d, 0xfa, 0x4d, 0xdb, 0x4d, 0xda, 0x4d, 0xfb, 0x4d,
    0xfa, 0x45, 0xfa, 0x4d, 0xda, 0x4d, 0xfa, 0x4d, 0xda, 0x45, 0xda, 0x4d,
    0xfa, 0x4d, 0xfa, 0x45, 0xfa, 0x4d, 0xdb, 0x45, 0xfa, 0x4d, 0xfa, 0x4d,
    0xdb, 0x4d, 0xfa, 0x45, 0xfa, 0x4d, 0xfa, 0x4d, 0xfb, 0x45, 0xfa, 0x4d,
    0xfa, 0x45, 0xda, 0x45, 0xda, 0x4d, 0xfa, 0x4d, 0xfb, 0x45, 0xfa, 0x4d,
    0xfa, 0x45, 0xfa, 0x4d, 0xfb, 0x4d, 0xda, 0x45, 0xda, 0x4d, 0xfa, 0x45,
    0xda, 0x4d, 0xda, 0x4d, 0xfb, 0x4d, 0xfa, 0x45, 0xda, 0x45, 0xda, 0x4d,
    0xfb, 0x45, 0xda, 0x45, 0xfb, 0x4d, 0xfa, 0x4d, 0xfa, 0x45, 0xfb, 0x4d,
    0xfa, 0x4d, 0xfa, 0x4d, 0xfa, 0x45, 0xfb, 0x45, 0xfa, 0x4d, 0xfa, 0x4d,
    0xda, 0x45, 0xfa, 0x4d, 0xda, 0x45, 0xfb, 0x4d, 0xfa, 0x45, 0xfa, 0x45,
    0xda, 0x4d, 0xfa, 0x45, 0xfa, 0x45, 0xdb, 0x4d, 0xfa, 0x45, 0xdb, 0x4d,
    0xfa, 0x45, 0xfa, 0x45, 0xdb, 0x45, 0xda, 0x4d, 0xfa, 0x45, 0xfb, 0x45,
    0xda, 0x4d, 0xfa, 0x45, 0x8c, 0xa4, 0xe0, 0xfb, 0x60, 0xfc, 0x80, 0xfc,
    0xa0, 0xfc, 0xc0, 0xfc, 0xe0, 0xfc, 0xe0, 0xfc, 0x00, 0xfd, 0x00, 0xfd,
    0x20, 0xfd, 0x20, 0xfd, 0x20, 0xfd, 0x20, 0xfd, 0x40, 0xfd, 0x40, 0xfd,
    0x20, 0xfd, 0x40, 0xfd, 0x20, 0xfd, 0x20, 0xfd, 0x20, 0xfd, 0x20, 0xfd,
    0x20, 0xfd, 0x20, 0xfd, 0x00, 0xfd, 0xe0, 0xfc, 0xe0, 0xfc, 0xe0, 0xfc,
    0xa0, 0xfc, 0xa0, 0xfc, 0x61, 0xec, 0x42, 0xec, 0x60, 0xfc, 0x61, 0xf4,
    0x20, 0xf4, 0x40, 0xf4, 0x80, 0xf4, 0xe0, 0xfc, 0xe0, 0xfc, 0x00, 0xfd,
    0x20, 0xfd, 0x40, 0xfd, 0x40, 0xfd, 0x60, 0xfd, 0x60, 0xfd, 0x80, 0xfd,
    0x80, 0xfd, 0x80, 0xfd, 0x80, 0xfd, 0x80, 0xfd, 0x80, 0xfd, 0x60, 0xfd,
    0x60, 0xfd, 0x40, 0xfd, 0x60, 0xfd, 0x40, 0xfd, 0x20, 0xfd, 0x20, 0xfd,
    0x00, 0xfd, 0xe0, 0xfc, 0x41, 0xab, 0x56, 0xde, 0x19, 0xf7, 0x7c, 0xff,
    0xbe, 0xff, 0xdf, 0xff, 0xff, 0xff, 0xdf, 0xff, 0x38, 0x6c, 0xf8, 0x1a,
    0x1d, 0xd7, 0x9e, 0xef, 0x7e, 0xe7, 0x5e, 0xe7, 0x7a, 0x2b, 0x1a, 0x0b,
    0x1a, 0x0b, 0xfb, 0x0a, 0xba, 0x02, 0xb9, 0x02, 0x77, 0x02, 0xd4, 0x09,
    0x77, 0x84, 0xf9, 0xf6, 0xb7, 0xf6, 0x76, 0xee, 0x34, 0xe6, 0xa7, 0x7a,
    0xc0, 0xeb, 0x20, 0xfc, 0x60, 0xfc, 0x60, 0xfc, 0x40, 0xf4, 0x20, 0xf4,
    0x00, 0xfc, 0xe0, 0xf3, 0xa0, 0xf3, 0x80, 0xf3, 0x40, 0xeb, 0x00, 0xeb,
    0xe0, 0xe2, 0xc0, 0xe2, 0xc0, 0xe2, 0xc0, 0xe2, 0x02, 0xa9, 0xc3, 0xa0,
    0xc3, 0xa0, 0xe3, 0xa8, 0xe3, 0xb0, 0xe3, 0xb8, 0xe3, 0xb8, 0xe3, 0xb8,
    0x03, 0xb9, 0xe3, 0xc0, 0x24, 0xc1, 0x1a, 0x3e, 0xda, 0x45, 0xdb, 0x45,
    0xda, 0x3d, 0xdb, 0x45, 0xda, 0x45, 0xda, 0x45, 0xda, 0x45, 0xda, 0x45,
    0xda, 0x45, 0xdb, 0x45, 0xda, 0x3d, 0xdb, 0x45, 0xda, 0x45, 0xda, 0x45,
    0xdb, 0x45, 0xda, 0x45, 0xda, 0x45, 0xdb, 0x45, 0xda, 0x45, 0xda, 0x45,
    0xda, 0x45, 0xda, 0x45, 0xda, 0x45, 0xda, 0x45, 0xda, 0x3d, 0xda, 0x45,
    0xda, 0x45, 0xda, 0x45, 0xdb, 0x45, 0xda, 0x45, 0xda, 0x45, 0xda, 0x45,
    0xda, 0x45, 0xda, 0x45, 0xda, 0x45, 0xfa, 0x45, 0xda, 0x45, 0xda, 0x45,
    0xfb, 0x45, 0xdb, 0x45, 0xda, 0x45, 0xda, 0x45, 0xda, 0x45, 0x53, 0x6d,
    0xda, 0x4d, 0xda, 0x45, 0xda, 0x4d, 0xda, 0x4d, 0xfb, 0x4d, 0xda, 0x4d,
    0xfa, 0x4d, 0xda, 0x4d, 0xfb, 0x4d, 0xfa, 0x45, 0xfa, 0x4d, 0xfa, 0x4d,
    0xfa, 0x4d, 0xdb, 0x4d, 0xda, 0x45, 0xfb, 0x4d, 0xfa, 0x45, 0xfb, 0x4d,
    0xfa, 0x4d, 0xfa, 0x45, 0xfb, 0x4d, 0xfa, 0x4d, 0xfa, 0x45, 0xfa, 0x4d,
    0xfb, 0x4d, 0xfa, 0x45, 0xda, 0x4d, 0xfa, 0x4d, 0xfa, 0x4d, 0xfb, 0x4d,
    0xfa, 0x4d, 0xfa, 0x4d, 0xfb, 0x45, 0xda, 0x4d, 0xfa, 0x4d, 0xda, 0x45,
    0xda, 0x4d, 0xfb, 0x4d, 0xda, 0x45, 0xfb, 0x45, 0xfa, 0x4d, 0xfb, 0x4d,
    0xda, 0x45, 0xfa, 0x45, 0xfa, 0x4d, 0xfa, 0x4d, 0xfa, 0x45, 0xfb, 0x4d,
    0xda, 0x4d, 0xfa, 0x4d, 0xda, 0x45, 0xfb, 0x45, 0xfa, 0x4d, 0xfa, 0x4d,
    0xfa, 0x45, 0xda, 0x45, 0xfa, 0x4d, 0xda, 0x45, 0xda, 0x45, 0xfa, 0x45,
    0xfb, 0x4d, 0xda, 0x45, 0xda, 0x4d, 0xda, 0x4d, 0xfa, 0x45, 0xda, 0x45,
    0xfa, 0x4d, 0xfa, 0x45, 0xfb, 0x4d, 0xfa, 0x45, 0xfa, 0x4d, 0xfa, 0x45,
    0xda, 0x4d, 0xfa, 0x4d, 0xfa, 0x45, 0xda, 0x45, 0xfb, 0x45, 0xfb, 0x45,
    0x33, 0x75, 0x02, 0xec, 0x60, 0xfc, 0xa0, 0xfc, 0xc0, 0xfc, 0xc0, 0xfc,
    0xe0, 0xfc, 0x00, 0xfd, 0x00, 0xfd, 0x20, 0xfd, 0x20, 0xfd, 0x40, 0xfd,
    0x40, 0xfd, 0x40, 0xfd, 0x60, 0xfd, 0x60, 0xfd, 0x60, 0xfd, 0x40, 0xfd,
    0x60, 0xfd, 0x60, 0xfd, 0x60, 0xfd, 0x60, 0xfd, 0x40, 0xfd, 0x40, 0xfd,
    0x40, 0xfd, 0x40, 0xfd, 0x40, 0xfd, 0x40, 0xfd, 0x20, 0xfd, 0x40, 0xfd,
    0x20, 0xfd, 0x00, 0xfd, 0x00, 0xfd, 0x00, 0xfd, 0x00, 0xfd, 0x00, 0xfd,
    0x00, 0xfd, 0xe0, 0xfc, 0xa0, 0xf4, 0x60, 0xf4, 0x60, 0xf4, 0xa0, 0xf4,
    0xe0, 0xfc, 0x20, 0xfd, 0x20, 0xfd, 0x40, 0xfd, 0x60, 0xfd, 0x60, 0xfd,
    0x80, 0xfd, 0x80, 0xfd, 0x80, 0xfd, 0x80, 0xfd, 0x60, 0xfd, 0x60, 0xfd,
    0x60, 0xfd, 0x40, 0xfd, 0x40, 0xfd, 0x40, 0xfd, 0x20, 0xfd, 0x00, 0xfd,
    0x20, 0xfd, 0xe0, 0xfc, 0xe5, 0x8a, 0xf8, 0xee, 0x19, 0xf7, 0x9c, 0xff,
    0xde, 0xff, 0xdf, 0xff, 0xff, 0xff, 0x1d, 0xe7, 0x36, 0x0a, 0x9b, 0x6c,
    0x9f, 0xef, 0x9e, 0xe7, 0x7e, 0xe7, 0x7e, 0xe7, 0xfa, 0x74, 0x54, 0x12,
    0x12, 0x12, 0x34, 0x12, 0x1b, 0x0b, 0xda, 0x02, 0xb8, 0x02, 0x56, 0x02,
    0x53, 0x2a, 0x19, 0xf7, 0xb7, 0xf6, 0x76, 0xee, 0x33, 0xee, 0x4a, 0x83,
    0xc0, 0xe3, 0x20, 0xf4, 0x60, 0xfc, 0x60, 0xf4, 0x40, 0xfc, 0x20, 0xf4,
    0x00, 0xf4, 0xc0, 0xf3, 0xa0, 0xf3, 0x80, 0xf3, 0x40, 0xeb, 0x21, 0xeb,
    0xe0, 0xea, 0xc0, 0xe2, 0xa0, 0xe2, 0xa0, 0xe2, 0x62, 0xb1, 0xc3, 0xa0,
    0xc3, 0xa0, 0xe3, 0xa8, 0xe3, 0xb0, 0xe3, 0xb0, 0xe3, 0xb8, 0xe3, 0xb8,
    0xe3, 0xb8, 0xe3, 0xc0, 0x09, 0xa2, 0x1b, 0x3e, 0xda, 0x45, 0xda, 0x45,
    0xda, 0x45, 0xda, 0x45, 0xfb, 0x45, 0xdb, 0x45, 0xda, 0x3d, 0xda, 0x45,
    0xda, 0x45, 0xda, 0x45, 0xda, 0x45, 0xdb, 0x3d, 0xdb, 0x45, 0xda, 0x45,
    0xda, 0x3d, 0xda, 0x45, 0xda, 0x45, 0xdb, 0x3d, 0xda, 0x45, 0xda, 0x45,
    0xdb, 0x45, 0xda, 0x3d, 0xda, 0x45, 0xda, 0x45, 0xda, 0x45, 0xdb, 0x45,
    0xda, 0x45, 0xdb, 0x45, 0xda, 0x45, 0xda, 0x45, 0xda, 0x3d, 0xda, 0x45,
    0xda, 0x45, 0xdb, 0x45, 0xda, 0x45, 0xda, 0x3d, 0xda, 0x45, 0xdb, 0x45,
    0xda, 0x45, 0xda, 0x45, 0xda, 0x45, 0xfa, 0x45, 0xfa, 0x45, 0xc6, 0xc3,
    0x37, 0x4d, 0x57, 0x4d, 0x78, 0x45, 0x98, 0x45, 0xfa, 0x45, 0xfb, 0x4d,
    0xfb, 0x4d, 0xfa, 0x4d, 0xda, 0x45, 0xfb, 0x4d, 0xfa, 0x4d, 0xfa, 0x45,
    0xfb, 0x4d, 0xda, 0x4d, 0xfa, 0x4d, 0xfa, 0x4d, 0xfa, 0x4d, 0xfb, 0x4d,
    0xfb, 0x4d, 0xfa, 0x45, 0xfa, 0x4d, 0xda, 0x4d, 0xfa, 0x4d, 0xfb, 0x45,
    0xfa, 0x4d, 0xda, 0x4d, 0xfb, 0x45, 0xfa, 0x4d, 0xda, 0x45, 0xfa, 0x4d,
    0xfa, 0x4d, 0xfb, 0x4d, 0xfa, 0x45, 0xfb, 0x4d, 0xfb, 0x45, 0xfa, 0x4d,
    0xda, 0x4d, 0xfa, 0x45, 0xfb, 0x4d, 0xfa, 0x4d, 0xfa, 0x4d, 0xdb, 0x4d,
    0xfb, 0x45, 0xfa, 0x4d, 0xfa, 0x4d, 0xdb, 0x45, 0xfa, 0x4d, 0xfa, 0x45,
    0xfa, 0x45, 0xda, 0x4d, 0xfa, 0x4d, 0xfa, 0x45, 0xfb, 0x45, 0xfb, 0x4d,
    0xdb, 0x45, 0xfa, 0x4d, 0xfa, 0x45, 0xda, 0x45, 0xfb, 0x45, 0xfa, 0x4d,
    0xda, 0x45, 0xfb, 0x45, 0xfa, 0x4d, 0xfb, 0x45, 0xfa, 0x4d, 0xfa, 0x4d,
    0xdb, 0x45, 0xfa, 0x4d, 0xfb, 0x4d, 0xfa, 0x45, 0xfa, 0x4d, 0xfa, 0x4d,
    0xfb, 0x4d, 0xda, 0x4d, 0xfa, 0x4d, 0xfa, 0x4d, 0xfb, 0x45, 0xef, 0x94,
    0x00, 0xf4, 0x60, 0xfc, 0xa0, 0xfc, 0xc0, 0xfc, 0xc0, 0xfc, 0x00, 0xfd,
    0x00, 0xfd, 0x00, 0xfd, 0x20, 0xfd, 0x40, 0xfd, 0x40, 0xfd, 0x40, 0xfd,
    0x60, 0xfd, 0x60, 0xfd, 0x60, 0xfd, 0x60, 0xfd, 0x60, 0xfd, 0x60, 0xfd,
    0x60, 0xfd, 0x80, 0xfd, 0x80, 0xfd, 0x60, 0xfd, 0x60, 0xfd, 0x60, 0xfd,
    0x60, 0xfd, 0x60, 0xfd, 0x60, 0xfd, 0x60, 0xfd, 0x40, 0xfd, 0x40, 0xfd,
    0x40, 0xfd, 0x40, 0xfd, 0x40, 0xfd, 0x20, 0xfd, 0x40, 0xfd, 0x20, 0xfd,
    0x20, 0xfd, 0x20, 0xfd, 0x20, 0xfd, 0x20, 0xfd, 0x40, 0xfd, 0xe0, 0xfc,
    0xa0, 0xf4, 0xa0, 0xfc, 0x00, 0xfd, 0x20, 0xfd, 0x60, 0xfd, 0x60, 0xfd,
    0x60, 0xfd, 0x60, 0xfd, 0x60, 0xfd, 0x80, 0xfd, 0x60, 0xfd, 0x60, 0xfd,
    0x60, 0xfd, 0x40, 0xfd, 0x40, 0xfd, 0x40, 0xfd, 0x20, 0xfd, 0x00, 0xfd,
    0x20, 0xfd, 0xe0, 0xf4, 0x09, 0x83, 0xf8, 0xf6, 0x3a, 0xf7, 0x9c, 0xff,
    0xde, 0xff, 0xff, 0xff, 0xde, 0xff, 0xd9, 0x8c, 0xd8, 0x02, 0x9b, 0x95,
    0x7e, 0xe7, 0x9e, 0xe7, 0x7e, 0xe7, 0x5e, 0xdf, 0xd2, 0x73, 0x09, 0x29,
    0x2a, 0x29, 0xe9, 0x28, 0x8d, 0x19, 0x3b, 0x03, 0xd9, 0x02, 0x96, 0x02,
    0xb3, 0x09, 0xf7, 0xc5, 0xb7, 0xf6, 0x96, 0xee, 0x34, 0xee, 0xcc, 0x93,
    0xc0, 0xe3, 0x20, 0xf4, 0x60, 0xf4, 0x60, 0xfc, 0x40, 0xf4, 0x20, 0xfc,
    0x00, 0xf4, 0xc0, 0xf3, 0xa0, 0xf3, 0x80, 0xf3, 0x40, 0xeb, 0x00, 0xeb,
    0xe0, 0xea, 0xc0, 0xe2, 0xa0, 0xe2, 0xa0, 0xe2, 0xc2, 0xb9, 0xc3, 0x98,
    0xc3, 0xa0, 0xc3, 0xa8, 0xe3, 0xa8, 0xe3, 0xb0, 0xe3, 0xb8, 0xe4, 0xb8,
    0xe3, 0xb8, 0xe3, 0xc0, 0x11, 0x74, 0xfb, 0x45, 0xda, 0x45, 0xda, 0x45,
    0xda, 0x45, 0xdb, 0x45, 0xda, 0x45, 0xda, 0x3d, 0xdb, 0x45, 0xdb, 0x45,
    0xdb, 0x3d, 0xda, 0x45, 0xda, 0x45, 0xda, 0x45, 0xda, 0x3d, 0xda, 0x45,
    0xda, 0x45, 0xdb, 0x45, 0xda, 0x45, 0xda, 0x45, 0xda, 0x45, 0xfa, 0x45,
    0xdb, 0x45, 0xda, 0x45, 0xdb, 0x45, 0xda, 0x45, 0xda, 0x45, 0xda, 0x45,
    0xda, 0x3d, 0xdb, 0x3d, 0xda, 0x45, 0xda, 0x45, 0xfb, 0x3d, 0xda, 0x45,
    0xfa, 0x45, 0xda, 0x3d, 0xdb, 0x45, 0xfa, 0x45, 0xda, 0x45, 0xfa, 0x45,
    0xda, 0x45, 0xda, 0x45, 0xdb, 0x45, 0xfb, 0x3d, 0x8d, 0x9c, 0xc6, 0xcb,
    0xf5, 0x54, 0xf5, 0x54, 0xf5, 0x4c, 0xd5, 0x4c, 0xd5, 0x4c, 0x16, 0x4d,
    0xda, 0x45, 0xfa, 0x45, 0xda, 0x4d, 0xfa, 0x4d, 0xda, 0x4d, 0xfb, 0x4d,
    0xfa, 0x4d, 0xda, 0x4d, 0xfa, 0x4d, 0xfa, 0x4d, 0xfb, 0x4d, 0xfa, 0x4d,
    0xfa, 0x4d, 0xdb, 0x4d, 0xfa, 0x4d, 0xfa, 0x4d, 0xdb, 0x4d, 0xfa, 0x4d,
    0xfa, 0x4d, 0xfa, 0x4d, 0xfb, 0x4d, 0xfa, 0x4d, 0xfa, 0x4d, 0xdb, 0x45,
    0xfa, 0x4d, 0xda, 0x45, 0xfa, 0x4d, 0xda, 0x4d, 0xda, 0x45, 0xfa, 0x4d,
    0xfa, 0x4d, 0xfa, 0x4d, 0xda, 0x45, 0xfa, 0x4d, 0xfa, 0x45, 0xfa, 0x4d,
    0xfa, 0x4d, 0xfa, 0x4d, 0xfa, 0x45, 0xfb, 0x45, 0xda, 0x4d, 0xda, 0x4d,
    0xfb, 0x45, 0xfb, 0x4d, 0xfa, 0x4d, 0xfa, 0x4d, 0xfa, 0x4d, 0xfa, 0x4d,
    0xda, 0x45, 0xfb, 0x4d, 0xfb, 0x4d, 0xda, 0x4d, 0xfa, 0x4d, 0xfa, 0x4d,
    0xda, 0x45, 0xfa, 0x4d, 0xfa, 0x4d, 0xda, 0x45, 0xfa, 0x45, 0xfb, 0x4d,
    0xfa, 0x4d, 0xda, 0x45, 0xfa, 0x4d, 0xda, 0x45, 0xda, 0x4d, 0xfa, 0x45,
    0xfa, 0x4d, 0xfa, 0x4d, 0xfa, 0x4d, 0xfb, 0x45, 0xce, 0x9c, 0x20, 0xfc,
    0xa0, 0xfc, 0xa0, 0xfc, 0xc0, 0xfc, 0xe0, 0xf4, 0xe0, 0xfc, 0x20, 0xfd,
    0x00, 0xfd, 0x00, 0xfd, 0x20, 0xfd, 0x40, 0xfd, 0x40, 0xfd, 0x40, 0xfd,
    0x60, 0xfd, 0x60, 0xfd, 0x60, 0xfd, 0x80, 0xfd, 0x80, 0xfd, 0x80, 0xfd,
    0x80, 0xfd, 0x80, 0xfd, 0x80, 0xfd, 0x80, 0xfd, 0x80, 0xfd, 0x80, 0xfd,
    0x80, 0xfd, 0x60, 0xfd, 0x80, 0xfd, 0x60, 0xfd, 0x60, 0xfd, 0x60, 0xfd,
    0x60, 0xfd, 0x60, 0xfd, 0x60, 0xfd, 0x40, 0xfd, 0x60, 0xfd, 0x40, 0xfd,
    0x60, 0xfd, 0x60, 0xfd, 0x40, 0xfd, 0x40, 0xfd, 0x40, 0xfd, 0x20, 0xfd,
    0x20, 0xfd, 0x20, 0xfd, 0xc0, 0xfc, 0xe0, 0xfc, 0x40, 0xfd, 0x40, 0xfd,
    0x60, 0xfd, 0x60, 0xfd, 0x80, 0xfd, 0x60, 0xfd, 0x60, 0xfd, 0x60, 0xfd,
    0x40, 0xfd, 0x40, 0xfd, 0x40, 0xfd, 0x40, 0xfd, 0x20, 0xfd, 0x20, 0xfd,
    0x20, 0xfd, 0xa1, 0xf4, 0x8c, 0x83, 0xd8, 0xf6, 0x5b, 0xff, 0x9d, 0xff,
    0xde, 0xff, 0xdf, 0xff, 0xde, 0xff, 0x56, 0x43, 0x58, 0x03, 0xfb, 0x6c,
    0x9e, 0xe7, 0x7e, 0xe7, 0x5d, 0xdf, 0xdc, 0xce, 0x6a, 0x31, 0x0a, 0x29,
    0x0a, 0x21, 0x09, 0x21, 0xc8, 0x20, 0x18, 0x0b, 0x19, 0x03, 0xb7, 0x02,
    0x14, 0x0a, 0x95, 0x9c, 0x97, 0xee, 0x76, 0xee, 0x34, 0xe6, 0x0c, 0x9c,
    0xe0, 0xe3, 0x20, 0xfc, 0x60, 0xfc, 0x60, 0xfc, 0x40, 0xf4, 0x20, 0xfc,
    0x00, 0xf4, 0xe0, 0xf3, 0xa0, 0xf3, 0x60, 0xf3, 0x20, 0xeb, 0x00, 0xeb,
    0xc0, 0xe2, 0xa0, 0xe2, 0xa0, 0xe2, 0xa0, 0xe2, 0x21, 0xca, 0xa3, 0x98,
    0xc2, 0xa0, 0xc3, 0xa0, 0xe3, 0xa8, 0xe3, 0xb0, 0xe3, 0xb0, 0x04, 0xb1,
    0xe3, 0xb8, 0x24, 0xb9, 0xf9, 0x45, 0xda, 0x45, 0xfa, 0x45, 0xda, 0x45,
    0xda, 0x45, 0xda, 0x45, 0xda, 0x45, 0xfa, 0x45, 0xfa, 0x45, 0xda, 0x45,
    0xda, 0x45, 0xfa, 0x45, 0xda, 0x45, 0xda, 0x45, 0xda, 0x45, 0xfb, 0x45,
    0xda, 0x45, 0xfa, 0x45, 0xdb, 0x45, 0xfb, 0x45, 0xda, 0x45, 0xdb, 0x45,
    0xda, 0x45, 0xda, 0x45, 0xda, 0x45, 0xda, 0x45, 0xdb, 0x45, 0xda, 0x45,
    0xfa, 0x45, 0xda, 0x45, 0xda, 0x45, 0xfa, 0x45, 0xfb, 0x45, 0xfa, 0x45,
    0xda, 0x45, 0xdb, 0x45, 0xfa, 0x45, 0xda, 0x45, 0xdb, 0x45, 0xfa, 0x45,
    0xda, 0x45, 0xda, 0x45, 0xda, 0x45, 0xb8, 0x5d, 0xc5, 0xcb, 0xe6, 0xcb,
    0xf5, 0x54, 0xf5, 0x54, 0xf5, 0x54, 0xf5, 0x54, 0xd5, 0x4c, 0xd5, 0x4c,
    0xb4, 0x4c, 0x58, 0x45, 0xfa, 0x45, 0xfa, 0x4d, 0xda, 0x4d, 0xfa, 0x4d,
    0xfa, 0x4d, 0xfb, 0x4d, 0xfb, 0x4d, 0xfa, 0x4d, 0xfa, 0x4d, 0xfa, 0x4d,
    0xfa, 0x4d, 0xfb, 0x4d, 0xfa, 0x4d, 0xfa, 0x4d, 0xfa, 0x45, 0xfa, 0x4d,
    0xfa, 0x4d, 0xdb, 0x45, 0xfa, 0x4d, 0xfa, 0x4d, 0xfb, 0x4d, 0xfa, 0x4d,
    0xfa, 0x4d, 0xfb, 0x4d, 0xfa, 0x4d, 0xfa, 0x45, 0xfb, 0x4d, 0xfa, 0x45,
    0xfb, 0x4d, 0xfa, 0x4d, 0xda, 0x4d, 0xfb, 0x4d, 0xfa, 0x45, 0xfa, 0x4d,
    0xfa, 0x4d, 0xdb, 0x45, 0xfa, 0x4d, 0xda, 0x4d, 0xfa, 0x4d, 0xfa, 0x4d,
    0xfb, 0x45, 0xfa, 0x4d, 0xdb, 0x45, 0xda, 0x45, 0xfa, 0x4d, 0xfa, 0x4d,
    0xfa, 0x45, 0xfa, 0x4d, 0xfb, 0x4d, 0xda, 0x4d, 0xfa, 0x45, 0xfb, 0x45,
    0xfa, 0x4d, 0xfa, 0x4d, 0xfb, 0x4d, 0xfa, 0x4d, 0xfa, 0x45, 0xfa, 0x45,
    0xda, 0x4d, 0xfa, 0x4d, 0xfb, 0x45, 0xfa, 0x4d, 0xfb, 0x4d, 0xfa, 0x45,
    0xfa, 0x4d, 0xfa, 0x4d, 0xfb, 0x45, 0x0f, 0x95, 0x61, 0xfc, 0xa0, 0xfc,
    0xc0, 0xfc, 0xc0, 0xfc, 0xa0, 0xfc, 0x60, 0xf4, 0x60, 0xf4, 0x60, 0xf4,
    0xa0, 0xf4, 0x20, 0xfd, 0x20, 0xfd, 0x40, 0xfd, 0x40, 0xfd, 0x60, 0xfd,
    0x60, 0xfd, 0x60, 0xfd, 0x80, 0xfd, 0x80, 0xfd, 0x80, 0xfd, 0xa0, 0xfd,
    0xa0, 0xfd, 0x80, 0xfd, 0x80, 0xfd, 0xa0, 0xfd, 0xa0, 0xfd, 0x80, 0xfd,
    0x80, 0xfd, 0xa0, 0xfd, 0x80, 0xfd, 0x80, 0xfd, 0x80, 0xfd, 0x80, 0xfd,
    0x80, 0xfd, 0x80, 0xfd, 0x80, 0xfd, 0x60, 0xfd, 0x60, 0xfd, 0x80, 0xfd,
    0x80, 0xfd, 0x60, 0xfd, 0x60, 0xfd, 0x80, 0xfd, 0x60, 0xfd, 0x60, 0xfd,
    0x60, 0xfd, 0x40, 0xfd, 0x40, 0xfd, 0x20, 0xfd, 0xe0, 0xfc, 0x40, 0xfd,
    0x60, 0xfd, 0x60, 0xfd, 0x60, 0xfd, 0x60, 0xfd, 0x40, 0xfd, 0x60, 0xfd,
    0x40, 0xfd, 0x40, 0xfd, 0x40, 0xfd, 0x40, 0xfd, 0x20, 0xfd, 0x00, 0xfd,
    0x00, 0xfd, 0x80, 0xec, 0x70, 0x9c, 0xd8, 0xf6, 0x5a, 0xff, 0x9d, 0xff,
    0xdf, 0xff, 0xdf, 0xff, 0x7e, 0xef, 0xb6, 0x22, 0x99, 0x03, 0xf9, 0x13,
    0x9d, 0xae, 0x7e, 0xe7, 0xdc, 0xce, 0xae, 0x52, 0x09, 0x21, 0x09, 0x29,
    0x09, 0x21, 0x09, 0x21, 0xe9, 0x20, 0x53, 0x12, 0x39, 0x03, 0xf7, 0x0a,
    0x34, 0x0a, 0x94, 0x63, 0x77, 0xee, 0x76, 0xee, 0x34, 0xe6, 0x8b, 0x8b,
    0x00, 0xe4, 0x40, 0xfc, 0x61, 0xfc, 0x60, 0xfc, 0x40, 0xf4, 0x20, 0xf4,
    0xe0, 0xf3, 0xc0, 0xf3, 0xa1, 0xf3, 0x60, 0xf3, 0x40, 0xeb, 0x00, 0xeb,
    0xe0, 0xea, 0xa0, 0xe2, 0xc0, 0xe2, 0xa0, 0xe2, 0x41, 0xd2, 0x83, 0x90,
    0xc3, 0xa0, 0xe3, 0xa0, 0xc3, 0xa8, 0xe3, 0xa8, 0xe3, 0xb0, 0xe3, 0xb0,
    0x03, 0xb9, 0x8b, 0x92, 0xfa, 0x45, 0xfb, 0x45, 0xda, 0x45, 0xda, 0x45,
    0xdb, 0x45, 0xfa, 0x45, 0xda, 0x45, 0xdb, 0x45, 0xdb, 0x45, 0xfa, 0x45,
    0xda, 0x45, 0xdb, 0x45, 0xdb, 0x45, 0xda, 0x45, 0xfa, 0x45, 0xda, 0x45,
    0xda, 0x45, 0xda, 0x45, 0xdb, 0x45, 0xfa, 0x45, 0xfa, 0x45, 0xda, 0x45,
    0xfa, 0x45, 0xfa, 0x45, 0xfb, 0x45, 0xda, 0x45, 0xfb, 0x45, 0xfb, 0x45,
    0xfa, 0x45, 0xfa, 0x45, 0xdb, 0x45, 0xda, 0x45, 0xda, 0x45, 0xfb, 0x45,
    0xfb, 0x45, 0xfa, 0x45, 0xda, 0x45, 0xfa, 0x45, 0xda, 0x45, 0xda, 0x45,
    0xdb, 0x45, 0xfa, 0x45, 0xfb, 0x45, 0x4a, 0xac, 0xe6, 0xcb, 0xc6, 0xcb,
    0x15, 0x55, 0xf5, 0x54, 0xf5, 0x54, 0xf5, 0x54, 0xf4, 0x54, 0xd5, 0x4c,
    0xd5, 0x4c, 0xd4, 0x4c, 0x36, 0x45, 0xfa, 0x4d, 0xfb, 0x4d, 0xfa, 0x4d,
    0xfa, 0x4d, 0xfb, 0x4d, 0xfa, 0x4d, 0xda, 0x45, 0xfa, 0x4d, 0xfb, 0x4d,
    0xfa, 0x4d, 0xfa, 0x4d, 0xfa, 0x4d, 0xfa, 0x45, 0xfb, 0x4d, 0xfa, 0x4d,
    0xfa, 0x45, 0xfa, 0x4d, 0xfa, 0x45, 0xfa, 0x45, 0xda, 0x4d, 0xfa, 0x4d,
    0xfa, 0x45, 0xda, 0x4d, 0xfa, 0x45, 0xfa, 0x4d, 0xfa, 0x4d, 0xda, 0x4d,
    0xfa, 0x45, 0xda, 0x45, 0xfb, 0x4d, 0xfa, 0x4d, 0xfa, 0x4d, 0xdb, 0x45,
    0xfb, 0x4d, 0xfa, 0x4d, 0xfa, 0x45, 0xfa, 0x4d, 0xfa, 0x45, 0xfa, 0x4d,
    0xfa, 0x4d, 0xfa, 0x4d, 0xfa, 0x4d, 0xfb, 0x45, 0xfb, 0x4d, 0xdb, 0x4d,
    0xda, 0x45, 0xfa, 0x4d, 0xfa, 0x4d, 0xfb, 0x4d, 0xfa, 0x4d, 0xfb, 0x45,
    0xfa, 0x4d, 0xda, 0x45, 0xfb, 0x4d, 0xfa, 0x4d, 0xfb, 0x4d, 0xda, 0x45,
    0xda, 0x45, 0xfb, 0x4d, 0xfa, 0x4d, 0xfa, 0x45, 0xfa, 0x4d, 0xfa, 0x4d,
    0xfa, 0x4d, 0xfb, 0x45, 0x52, 0x7d, 0x41, 0xf4, 0xa0, 0xfc, 0xc0, 0xfc,
    0xe0, 0xfc, 0xc0, 0xfc, 0x60, 0xf4, 0x80, 0xf4, 0x80, 0xf4, 0x80, 0xfc,
    0xc0, 0xfc, 0xa0, 0xf4, 0x20, 0xfd, 0x40, 0xfd, 0x40, 0xfd, 0x60, 0xfd,
    0x60, 0xfd, 0x80, 0xfd, 0x80, 0xfd, 0x80, 0xfd, 0xa0, 0xfd, 0xa0, 0xfd,
    0xa0, 0xfd, 0xa0, 0xfd, 0xa0, 0xfd, 0xc0, 0xfd, 0xa0, 0xfd, 0xa0, 0xfd,
    0xa0, 0xfd, 0xa0, 0xfd, 0xa0, 0xfd, 0x80, 0xfd, 0xa0, 0xfd, 0x80, 0xfd,
    0x80, 0xfd, 0x80, 0xfd, 0x80, 0xfd, 0x80, 0xfd, 0x80, 0xfd, 0x80, 0xfd,
    0xa0, 0xfd, 0x80, 0xfd, 0x80, 0xfd, 0x80, 0xfd, 0x80, 0xfd, 0x80, 0xfd,
    0x60, 0xfd, 0x60, 0xfd, 0x60, 0xfd, 0x40, 0xfd, 0x40, 0xfd, 0x20, 0xfd,
    0x40, 0xfd, 0x60, 0xfd, 0x60, 0xfd, 0x60, 0xfd, 0x60, 0xfd, 0x40, 0xfd,
    0x40, 0xfd, 0x40, 0xfd, 0x40, 0xfd, 0x40, 0xfd, 0x20, 0xfd, 0x00, 0xfd,
    0x01, 0xfd, 0x80, 0xf4, 0xd1, 0xac, 0xd8, 0xf6, 0x3a, 0xf7, 0x9d, 0xff,
    0xde, 0xff, 0xde, 0xff, 0x3d, 0xe7, 0x55, 0x02, 0xd9, 0x03, 0x7a, 0x0c,
    0x9a, 0x0c, 0x70, 0x1a, 0xe9, 0x20, 0xea, 0x28, 0x0a, 0x29, 0x0a, 0x29,
    0x0a, 0x21, 0x09, 0x29, 0x09, 0x21, 0xcf, 0x19, 0x7a, 0x0b, 0x18, 0x03,
    0x34, 0x0a, 0x13, 0x5b, 0x76, 0xee, 0x55, 0xee, 0x34, 0xe6, 0x4a, 0x93,
    0x20, 0xf4, 0x60, 0xfc, 0x60, 0xfc, 0x60, 0xf4, 0x40, 0xfc, 0x00, 0xf4,
    0xe0, 0xf3, 0xc0, 0xf3, 0x80, 0xf3, 0x60, 0xeb, 0x20, 0xeb, 0x00, 0xeb,
    0xc0, 0xea, 0xc0, 0xe2, 0xa0, 0xe2, 0xa0, 0xe2, 0x80, 0xda, 0x83, 0x90,
    0xc3, 0x98, 0xc3, 0xa0, 0xe3, 0xa0, 0xc3, 0xa8, 0xc3, 0xb0, 0xe3, 0xb0,
    0xe4, 0xb8, 0x37, 0x55, 0xda, 0x45, 0xda, 0x45, 0xfb, 0x45, 0xfa, 0x45,
    0xda, 0x45, 0xdb, 0x45, 0xfa, 0x45, 0xda, 0x45, 0xda, 0x45, 0xda, 0x45,
    0xda, 0x45, 0xfa, 0x45, 0xda, 0x45, 0xfb, 0x45, 0xda, 0x45, 0xda, 0x45,
    0xfb, 0x45, 0xda, 0x45, 0xda, 0x45, 0xfa, 0x45, 0xda, 0x45, 0xfb, 0x45,
    0xda, 0x45, 0xda, 0x45, 0xda, 0x45, 0xda, 0x45, 0xda, 0x45, 0xfa, 0x45,
    0xdb, 0x45, 0xda, 0x45, 0xda, 0x45, 0xfa, 0x45, 0xda, 0x45, 0xda, 0x45,
    0xda, 0x45, 0xda, 0x45, 0xfa, 0x45, 0xda, 0x45, 0xda, 0x45, 0xfa, 0x45,
    0xfb, 0x45, 0xfa, 0x45, 0x75, 0x65, 0xc5, 0xcb, 0xe6, 0xc3, 0xe6, 0xcb,
    0x15, 0x5d, 0xf5, 0x54, 0xf5, 0x54, 0xf5, 0x54, 0xf5, 0x54, 0xf5, 0x54,
    0xf4, 0x4c, 0xf5, 0x4c, 0xd4, 0x4c, 0x37, 0x45, 0xfb, 0x4d, 0xfa, 0x4d,
    0xfa, 0x4d, 0xda, 0x4d, 0xfa, 0x4d, 0xfa, 0x4d, 0xfb, 0x4d, 0xfa, 0x4d,
    0xfb, 0x4d, 0xfa, 0x4d, 0xfa, 0x4d, 0xfb, 0x4d, 0xfa, 0x4d, 0xfa, 0x4d,
    0xfb, 0x4d, 0xfa, 0x4d, 0xfb, 0x4d, 0xfb, 0x4d, 0xfa, 0x4d, 0xfb, 0x45,
    0xda, 0x4d, 0xfa, 0x4d, 0xfb, 0x4d, 0xda, 0x4d, 0xfa, 0x4d, 0xfb, 0x4d,
    0xfa, 0x4d, 0xfa, 0x4d, 0xfa, 0x4d, 0xfa, 0x4d, 0xfa, 0x4d, 0xfb, 0x4d,
    0xfa, 0x4d, 0xfa, 0x4d, 0xfa, 0x4d, 0xfb, 0x4d, 0xfb, 0x4d, 0xfa, 0x4d,
    0xfa, 0x4d, 0xdb, 0x4d, 0xfa, 0x4d, 0xfa, 0x4d, 0xfa, 0x4d, 0xda, 0x4d,
    0xfa, 0x4d, 0xfa, 0x45, 0xda, 0x4d, 0xfa, 0x45, 0xfa, 0x4d, 0xfa, 0x4d,
    0xda, 0x4d, 0xda, 0x45, 0xfa, 0x4d, 0xfa, 0x4d, 0xfa, 0x4d, 0xfb, 0x4d,
    0xfa, 0x4d, 0xfa, 0x4d, 0xfa, 0x4d, 0xfa, 0x4d, 0xfa, 0x4d, 0xfb, 0x4d,
    0xfa, 0x45, 0xb7, 0x55, 0x02, 0xec, 0xc0, 0xfc, 0xc0, 0xfc, 0xe0, 0xfc,
    0xe0, 0xfc, 0xc0, 0xfc, 0xa0, 0xf4, 0x41, 0xe4, 0x40, 0xc3, 0x00, 0xe4,
    0xa1, 0xfc, 0xc0, 0xfc, 0x00, 0xfd, 0x40, 0xfd, 0x60, 0xfd, 0x80, 0xfd,
    0x80, 0xfd, 0x80, 0xfd, 0xa0, 0xfd, 0xa0, 0xfd, 0xc0, 0xfd, 0xc0, 0xfd,
    0xc0, 0xfd, 0xc0, 0xfd, 0xc0, 0xfd, 0xc0, 0xfd, 0xc0, 0xfd, 0xc0, 0xfd,
    0xc0, 0xfd, 0xc0, 0xfd, 0xa0, 0xfd, 0xc0, 0xfd, 0xc0, 0xfd, 0xa0, 0xfd,
    0xa0, 0xfd, 0xa0, 0xfd, 0x80, 0xfd, 0xa0, 0xfd, 0xa0, 0xfd, 0xa0, 0xfd,
    0xa0, 0xfd, 0xa0, 0xfd, 0xa0, 0xfd, 0xa0, 0xfd, 0x80, 0xfd, 0x80, 0xfd,
    0x80, 0xfd, 0x80, 0xfd, 0x80, 0xfd, 0x80, 0xfd, 0x60, 0xfd, 0x60, 0xfd,
    0x60, 0xfd, 0x60, 0xfd, 0x60, 0xfd, 0x60, 0xfd, 0x60, 0xfd, 0x40, 0xfd,
    0x60, 0xfd, 0x40, 0xfd, 0x40, 0xfd, 0x20, 0xfd, 0x20, 0xfd, 0x00, 0xfd,
    0xe0, 0xfc, 0xa0, 0xec, 0xf2, 0xb4, 0xd8, 0xee, 0x3a, 0xf7, 0x9c, 0xff,
    0xde, 0xff, 0xde, 0xff, 0x1d, 0xe7, 0x75, 0x02, 0xf8, 0x03, 0x9a, 0x0c,
    0xda, 0x0c, 0xe9, 0x28, 0x09, 0x21, 0x0a, 0x21, 0x09, 0x29, 0x09, 0x21,
    0x09, 0x29, 0xe9, 0x28, 0x09, 0x21, 0xcd, 0x19, 0xba, 0x03, 0x18, 0x03,
    0x54, 0x02, 0x13, 0x5b, 0x76, 0xee, 0x35, 0xe6, 0x34, 0xe6, 0x27, 0x93,
    0x21, 0xf4, 0x60, 0xf4, 0x60, 0xfc, 0x60, 0xfc, 0x40, 0xf4, 0x20, 0xfc,
    0xe0, 0xf3, 0xc0, 0xf3, 0x80, 0xf3, 0x60, 0xeb, 0x40, 0xeb, 0x00, 0xeb,
    0xc0, 0xe2, 0xa1, 0xe2, 0xa0, 0xe2, 0x80, 0xe2, 0x80, 0xda, 0xa3, 0x90,
    0xc3, 0x98, 0xc3, 0xa0, 0xc3, 0xa0, 0xe3, 0xa0, 0xe4, 0xa8, 0xe4, 0xb0,
    0xab, 0x92, 0xfb, 0x45, 0xda, 0x45, 0xda, 0x45, 0xfb, 0x45, 0xda, 0x45,
    0xda, 0x45, 0xfa, 0x45, 0xdb, 0x45, 0xda, 0x45, 0xfa, 0x45, 0xda, 0x45,
    0xfb, 0x45, 0xfa, 0x45, 0xda, 0x45, 0xda, 0x45, 0xda, 0x45, 0xfb, 0x45,
    0xfa, 0x45, 0xda, 0x45, 0xda, 0x45, 0xda, 0x45, 0xdb, 0x45, 0xda, 0x45,
    0xda, 0x45, 0xfa, 0x45, 0xfb, 0x45, 0xfb, 0x45, 0xda, 0x45, 0xfa, 0x45,
    0xda, 0x45, 0xda, 0x45, 0xfb, 0x45, 0xfa, 0x45, 0xda, 0x45, 0xfb, 0x4d,
    0xda, 0x45, 0xda, 0x45, 0xfb, 0x45, 0xda, 0x45, 0xfb, 0x45, 0xda, 0x45,
    0xda, 0x4d, 0xfa, 0x4d, 0x08, 0xbc, 0xe6, 0xcb, 0xe6, 0xcb, 0xe6, 0xcb,
    0x15, 0x5d, 0xf5, 0x5c, 0xf5, 0x54, 0xd4, 0x54, 0xf5, 0x54, 0xd4, 0x4c,
    0xd5, 0x4c, 0xd4, 0x4c, 0xd4, 0x4c, 0xd4, 0x4c, 0x99, 0x4d, 0xda, 0x4d,
    0xfa, 0x4d, 0xfb, 0x4d, 0xfb, 0x4d, 0xfa, 0x4d, 0xfa, 0x4d, 0xfa, 0x4d,
    0xfa, 0x4d, 0xfa, 0x4d, 0xfb, 0x4d, 0xfa, 0x4d, 0xfa, 0x4d, 0xfb, 0x4d,
    0xfa, 0x4d, 0xfa, 0x4d, 0xfa, 0x4d, 0xfa, 0x4d, 0xfa, 0x4d, 0xfb, 0x4d,
    0xfb, 0x4d, 0xfa, 0x4d, 0xfa, 0x4d, 0xfb, 0x4d, 0xfa, 0x45, 0xfa, 0x4d,
    0xfb, 0x4d, 0xfa, 0x4d, 0xfa, 0x4d, 0xfb, 0x45, 0xfa, 0x4d, 0xfa, 0x4d,
    0xfa, 0x45, 0xfa, 0x4d, 0xfa, 0x4d, 0xfa, 0x45, 0xfa, 0x4d, 0xda, 0x4d,
    0xfa, 0x45, 0xfa, 0x4d, 0xfa, 0x4d, 0xda, 0x4d, 0xfa, 0x4d, 0xfa, 0x4d,
    0xfb, 0x4d, 0xfa, 0x4d, 0xfa, 0x4d, 0xdb, 0x4d, 0xfb, 0x4d, 0xfa, 0x4d,
    0xfa, 0x4d, 0xfb, 0x4d, 0xfa, 0x45, 0xfa, 0x4d, 0xda, 0x45, 0xfa, 0x4d,
    0xfa, 0x4d, 0xfa, 0x4d, 0xfb, 0x45, 0xfa, 0x4d, 0xfa, 0x4d, 0xdb, 0x4d,
    0xda, 0x45, 0x25, 0xdc, 0x80, 0xfc, 0xc0, 0xfc, 0x00, 0xfd, 0x00, 0xfd,
    0xc0, 0xfc, 0xc0, 0xf4, 0xa0, 0xcb, 0x60, 0x50, 0x40, 0x50, 0x60, 0x58,
    0xe1, 0xdb, 0xe0, 0xfc, 0xe0, 0xfc, 0x00, 0xfd, 0x60, 0xfd, 0x80, 0xfd,
    0x80, 0xfd, 0xa0, 0xfd, 0xa0, 0xfd, 0xc0, 0xfd, 0xc0, 0xfd, 0xc0, 0xfd,
    0xe0, 0xfd, 0xe0, 0xfd, 0xe0, 0xfd, 0xe0, 0xfd, 0xe0, 0xfd, 0xe0, 0xfd,
    0xc0, 0xfd, 0xc0, 0xfd, 0xc0, 0xfd, 0xc0, 0xfd, 0xc0, 0xfd, 0xa0, 0xfd,
    0xc0, 0xfd, 0xa0, 0xfd, 0xa0, 0xfd, 0xa0, 0xfd, 0xa0, 0xfd, 0xa0, 0xfd,
    0xa0, 0xfd, 0xa0, 0xfd, 0xa0, 0xfd, 0xa0, 0xfd, 0xa0, 0xfd, 0xa0, 0xfd,
    0x80, 0xfd, 0x80, 0xfd, 0x80, 0xfd, 0x80, 0xfd, 0x80, 0xfd, 0x80, 0xfd,
    0x80, 0xfd, 0x80, 0xfd, 0x60, 0xfd, 0x60, 0xfd, 0x60, 0xfd, 0x40, 0xfd,
    0x40, 0xfd, 0x40, 0xfd, 0x40, 0xfd, 0x40, 0xfd, 0x20, 0xfd, 0x00, 0xfd,
    0xe0, 0xfc, 0x80, 0xf4, 0xb0, 0xbc, 0xb7, 0xee, 0x3a, 0xf7, 0x7c, 0xff,
    0xbe, 0xff, 0xde, 0xff, 0xfc, 0xde, 0x76, 0x02, 0xf9, 0x03, 0x9a, 0x0c,
    0xb9, 0x0c, 0xc8, 0x28, 0x0a, 0x21, 0x0a, 0x21, 0x09, 0x29, 0x09, 0x21,
    0x0a, 0x21, 0x09, 0x29, 0x09, 0x29, 0xef, 0x19, 0xda, 0x03, 0x38, 0x0b,
    0x54, 0x02, 0x53, 0x63, 0x35, 0xee, 0x14, 0xe6, 0x14, 0xe6, 0x63, 0x8a,
    0x20, 0xf4, 0x60, 0xfc, 0x60, 0xfc, 0x60, 0xfc, 0x40, 0xf4, 0x20, 0xfc,
    0xe0, 0xf3, 0xc0, 0xf3, 0x80, 0xf3, 0x60, 0xf3, 0x40, 0xeb, 0xe0, 0xea,
    0xe0, 0xe2, 0xc0, 0xe2, 0xa0, 0xe2, 0xa0, 0xda, 0x80, 0xe2, 0xc3, 0x90,
    0xc3, 0x98, 0xc3, 0xa0, 0xe3, 0xa0, 0xe3, 0xa0, 0xc4, 0xa8, 0x24, 0xa9,
    0xd9, 0x4d, 0xda, 0x45, 0xfa, 0x45, 0xda, 0x4d, 0xda, 0x45, 0xda, 0x45,
    0xda, 0x45, 0xfb, 0x45, 0xda, 0x45, 0xda, 0x45, 0xfb, 0x45, 0xda, 0x45,
    0xda, 0x45, 0xdb, 0x45, 0xda, 0x45, 0xda, 0x45, 0xfa, 0x45, 0xfa, 0x45,
    0xda, 0x45, 0xfb, 0x45, 0xda, 0x45, 0xda, 0x45, 0xfa, 0x45, 0xfa, 0x45,
    0xfb, 0x45, 0xda, 0x45, 0xda, 0x45, 0xfb, 0x45, 0xfa, 0x45, 0xfa, 0x45,
    0xda, 0x45, 0xfb, 0x4d, 0xfa, 0x45, 0xda, 0x4d, 0xda, 0x45, 0xfa, 0x45,
    0xfa, 0x4d, 0xfb, 0x45, 0xdb, 0x4d, 0xfa, 0x45, 0xda, 0x45, 0xfa, 0x45,
    0xfb, 0x4d, 0x55, 0x6d, 0xc5, 0xc3, 0xe6, 0xcb, 0xe6, 0xcb, 0xe6, 0xc3,
    0xf5, 0x5c, 0xf5, 0x54, 0xf5, 0x54, 0xf5, 0x54, 0xd5, 0x54, 0xd5, 0x4c,
    0xf5, 0x4c, 0xd4, 0x4c, 0xd4, 0x4c, 0xd4, 0x4c, 0xf5, 0x44, 0xfb, 0x4d,
    0xfa, 0x4d, 0xfa, 0x4d, 0xfa, 0x4d, 0xfa, 0x4d, 0xfa, 0x4d, 0xfa, 0x4d,
    0xfa, 0x4d, 0xfb, 0x4d, 0xfa, 0x4d, 0xfa, 0x45, 0xfa, 0x4d, 0xfb, 0x4d,
    0xfa, 0x4d, 0xfb, 0x4d, 0xfa, 0x4d, 0xfa, 0x4d, 0xfb, 0x4d, 0xfa, 0x4d,
    0xfa, 0x4d, 0xfa, 0x4d, 0xfb, 0x4d, 0xfa, 0x4d, 0xfa, 0x4d, 0xfa, 0x4d,
    0xfa, 0x4d, 0xfb, 0x4d, 0xfa, 0x4d, 0xfa, 0x4d, 0xfa, 0x4d, 0xfa, 0x4d,
    0xfa, 0x4d, 0xfb, 0x4d, 0xfa, 0x4d, 0xfa, 0x4d, 0xfb, 0x4d, 0xfa, 0x4d,
    0xfb, 0x4d, 0xfa, 0x45, 0xfa, 0x4d, 0xfb, 0x4d, 0xfa, 0x4d, 0xfa, 0x4d,
    0xfa, 0x4d, 0xfb, 0x4d, 0xfa, 0x4d, 0xfa, 0x4d, 0xfa, 0x4d, 0xfa, 0x45,
    0xfb, 0x4d, 0xfa, 0x4d, 0xfa, 0x4d, 0xfb, 0x4d, 0xfb, 0x4d, 0xfa, 0x4d,
    0xfa, 0x4d, 0xfa, 0x45, 0xfa, 0x4d, 0xfa, 0x4d, 0xfb, 0x4d, 0xfb, 0x45,
    0xcc, 0xa4, 0x80, 0xfc, 0xa0, 0xfc, 0xe0, 0xfc, 0x00, 0xfd, 0x00, 0xfd,
    0xe0, 0xf4, 0xe0, 0xf4, 0xc1, 0x70, 0x60, 0x60, 0x60, 0x60, 0x60, 0x58,
    0xa0, 0x89, 0x00, 0xfd, 0x00, 0xf5, 0x20, 0xfd, 0x60, 0xfd, 0x80, 0xfd,
    0x80, 0xfd, 0xa0, 0xfd, 0xc0, 0xfd, 0xc0, 0xfd, 0xe0, 0xfd, 0xe0, 0xfd,
    0xe0, 0xfd, 0xe0, 0xfd, 0xe0, 0xfd, 0xe0, 0xfd, 0xe0, 0xfd, 0xe0, 0xfd,
    0xe0, 0xfd, 0xe0, 0xfd, 0xc0, 0xfd, 0xe0, 0xfd, 0xc0, 0xfd, 0xc0, 0xfd,
    0xc0, 0xfd, 0xc0, 0xfd, 0xc0, 0xfd, 0xa0, 0xfd, 0xa0, 0xfd, 0xa0, 0xfd,
    0xa0, 0xfd, 0xa0, 0xfd, 0xa0, 0xfd, 0xa0, 0xfd, 0xc0, 0xfd, 0xa0, 0xfd,
    0xa0, 0xfd, 0xa0, 0xfd, 0xa0, 0xfd, 0x80, 0xfd, 0x80, 0xfd, 0x80, 0xfd,
    0x80, 0xfd, 0x60, 0xfd, 0x60, 0xfd, 0x60, 0xfd, 0x60, 0xfd, 0x60, 0xfd,
    0x40, 0xfd, 0x40, 0xfd, 0x40, 0xfd, 0x20, 0xfd, 0x20, 0xfd, 0x00, 0xfd,
    0xe0, 0xfc, 0xa1, 0xfc, 0x0c, 0xbc, 0xb7, 0xee, 0x1a, 0xf7, 0x5b, 0xff,
    0x9d, 0xff, 0xbe, 0xff, 0x1c, 0xe7, 0x75, 0x02, 0xf8, 0x03, 0x99, 0x04,
    0xd9, 0x0c, 0xc9, 0x28, 0x0a, 0x29, 0x0a, 0x29, 0x09, 0x21, 0xe9, 0x28,
    0x09, 0x21, 0xe9, 0x28, 0xe9, 0x28, 0x71, 0x1a, 0xd9, 0x03, 0x38, 0x03,
    0x14, 0x0a, 0x34, 0x84, 0x15, 0xe6, 0x14, 0xe6, 0x93, 0xd5, 0x01, 0xb3,
    0x40, 0xfc, 0x60, 0xfc, 0x60, 0xfc, 0x60, 0xf4, 0x40, 0xf4, 0x20, 0xfc,
    0xe0, 0xf3, 0xa0, 0xf3, 0x80, 0xf3, 0x60, 0xeb, 0x21, 0xeb, 0x00, 0xeb,
    0xc0, 0xea, 0xc0, 0xe2, 0xc0, 0xe2, 0xa0, 0xe2, 0xa0, 0xe2, 0xc2, 0x90,
    0xa2, 0x98, 0xc3, 0x98, 0xc3, 0xa0, 0xe3, 0xa0, 0xe3, 0xb0, 0x72, 0x6c,
    0xfa, 0x45, 0xda, 0x45, 0xfa, 0x4d, 0xfb, 0x45, 0xda, 0x45, 0xfa, 0x4d,
    0xda, 0x45, 0xda, 0x45, 0xfa, 0x4d, 0xfa, 0x45, 0xdb, 0x4d, 0xda, 0x45,
    0xda, 0x45, 0xda, 0x45, 0xfb, 0x45, 0xda, 0x4d, 0xdb, 0x45, 0xfa, 0x45,
    0xda, 0x45, 0xfb, 0x4d, 0xfa, 0x45, 0xfb, 0x45, 0xda, 0x4d, 0xfa, 0x45,
    0xda, 0x45, 0xda, 0x45, 0xfa, 0x4d, 0xda, 0x45, 0xda, 0x4d, 0xda, 0x45,
    0xfb, 0x45, 0xda, 0x4d, 0xda, 0x45, 0xfa, 0x45, 0xfb, 0x45, 0xda, 0x45,
    0xfa, 0x4d, 0xfa, 0x45, 0xda, 0x45, 0xda, 0x45, 0xfa, 0x45, 0xfb, 0x4d,
    0x1b, 0x46, 0x09, 0xb4, 0xe6, 0xc3, 0xe6, 0xcb, 0xe6, 0xcb, 0xe6, 0xc3,
    0xf5, 0x54, 0xf5, 0x54, 0xf5, 0x54, 0xf4, 0x54, 0xd5, 0x4c, 0xd4, 0x4c,
    0xd5, 0x4c, 0xd4, 0x4c, 0xd5, 0x4c, 0xd5, 0x4c, 0xd4, 0x44, 0xda, 0x4d,
    0xfa, 0x4d, 0xfa, 0x4d, 0xfb, 0x4d, 0xfb, 0x4d, 0xfa, 0x4d, 0xfa, 0x4d,
    0xfb, 0x4d, 0xfa, 0x4d, 0xfa, 0x4d, 0xfb, 0x4d, 0xfa, 0x4d, 0xfa, 0x4d,
    0xfa, 0x4d, 0xfa, 0x4d, 0xfb, 0x4d, 0xfa, 0x4d, 0xfa, 0x4d, 0xfa, 0x4d,
    0xfa, 0x4d, 0xfa, 0x4d, 0xfb, 0x4d, 0xfa, 0x4d, 0xfa, 0x4d, 0xfa, 0x4d,
    0xfa, 0x4d, 0xda, 0x4d, 0xfa, 0x4d, 0xfb, 0x4d, 0xfb, 0x4d, 0xfa, 0x4d,
    0xfa, 0x4d, 0xfb, 0x4d, 0xfa, 0x4d, 0xfa, 0x4d, 0xfa, 0x4d, 0xfb, 0x4d,
    0xfa, 0x4d, 0xfa, 0x4d, 0xfb, 0x4d, 0xfa, 0x4d, 0xfb, 0x4d, 0xfa, 0x45,
    0xfa, 0x4d, 0xfa, 0x4d, 0xfb, 0x45, 0xfa, 0x4d, 0xfa, 0x4d, 0xfa, 0x4d,
    0xfa, 0x4d, 0xfa, 0x4d, 0xfa, 0x4d, 0xfa, 0x45, 0xfa, 0x4d, 0xfb, 0x4d,
    0xfa, 0x4d, 0xfa, 0x4d, 0xfa, 0x4d, 0xfa, 0x4d, 0xfa, 0x4d, 0x95, 0x65,
    0x21, 0xfc, 0xc0, 0xfc, 0xe0, 0xfc, 0x00, 0xfd, 0x20, 0xfd, 0x00, 0xfd,
    0x00, 0xf5, 0x41, 0xc3, 0xa0, 0x80, 0xe0, 0x90, 0xc0, 0x88, 0x80, 0x68,
    0xc1, 0x68, 0x61, 0xfd, 0x00, 0xfd, 0x20, 0xfd, 0x60, 0xfd, 0x80, 0xfd,
    0xa0, 0xfd, 0xc0, 0xfd, 0xc0, 0xfd, 0xe0, 0xfd, 0xe0, 0xfd, 0xe0, 0xfd,
    0xe0, 0xfd, 0x00, 0xfe, 0x00, 0xfe, 0x00, 0xfe, 0xe0, 0xfd, 0xe0, 0xfd,
    0x00, 0xfe, 0xe0, 0xfd, 0xe0, 0xfd, 0xe0, 0xfd, 0xe0, 0xfd, 0xe0, 0xfd,
    0xc0, 0xfd, 0xc0, 0xfd, 0xc0, 0xfd, 0xc0, 0xfd, 0xc0, 0xfd, 0xa0, 0xfd,
    0xa0, 0xfd, 0xc0, 0xfd, 0xa0, 0xfd, 0xc0, 0xfd, 0xa0, 0xfd, 0xa0, 0xfd,
    0xa0, 0xfd, 0xa0, 0xfd, 0xa0, 0xfd, 0xa0, 0xfd, 0xa0, 0xfd, 0x80, 0xfd,
    0x80, 0xfd, 0x80, 0xfd, 0x80, 0xfd, 0x60, 0xfd, 0x60, 0xfd, 0x60, 0xfd,
    0x60, 0xfd, 0x40, 0xfd, 0x20, 0xfd, 0x20, 0xfd, 0x20, 0xfd, 0x00, 0xfd,
    0xc0, 0xfc, 0xc0, 0xfc, 0xca, 0xbb, 0xd8, 0xee, 0xf9, 0xf6, 0x5b, 0xff,
    0x7c, 0xff, 0xbd, 0xff, 0x3d, 0xe7, 0x75, 0x0a, 0xd8, 0x03, 0x99, 0x0c,
    0xfa, 0x0c, 0x09, 0x21, 0x0a, 0x21, 0x0a, 0x29, 0x09, 0x21, 0x0a, 0x21,
    0x09, 0x21, 0xe9, 0x20, 0xe8, 0x20, 0x76, 0x0b, 0xb9, 0x03, 0x17, 0x03,
    0xd2, 0x09, 0x35, 0xb5, 0xf4, 0xe5, 0xd3, 0xe5, 0xcf, 0xb4, 0xe0, 0xe3,
    0x60, 0xfc, 0x60, 0xf4, 0x60, 0xfc, 0x60, 0xfc, 0x40, 0xf4, 0x00, 0xf4,
    0xe0, 0xf3, 0xc0, 0xf3, 0x80, 0xf3, 0x40, 0xeb, 0x20, 0xeb, 0xe0, 0xea,
    0xc0, 0xe2, 0xa0, 0xe2, 0xa0, 0xe2, 0xa0, 0xe2, 0xa0, 0xe2, 0xc3, 0x90,
    0xa3, 0x90, 0xc3, 0x98, 0xc3, 0xa0, 0xc3, 0xa8, 0x2e, 0x83, 0x1b, 0x46,
    0xfb, 0x45, 0xfa, 0x4d, 0xfa, 0x45, 0xdb, 0x45, 0xfb, 0x4d, 0xfa, 0x4d,
    0xfb, 0x45, 0xda, 0x45, 0xfa, 0x45, 0xda, 0x45, 0xda, 0x45, 0xfa, 0x4d,
    0xfa, 0x45, 0xfa, 0x4d, 0xfa, 0x45, 0xfa, 0x45, 0xdb, 0x4d, 0xfa, 0x4d,
    0xda, 0x45, 0xda, 0x45, 0xfa, 0x45, 0xdb, 0x4d, 0xda, 0x45, 0xda, 0x4d,
    0xfb, 0x45, 0xda, 0x45, 0xfa, 0x4d, 0xfb, 0x45, 0xdb, 0x4d, 0xfa, 0x45,
    0xfa, 0x4d, 0xda, 0x45, 0xfa, 0x4d, 0xfb, 0x45, 0xda, 0x45, 0xda, 0x45,
    0xda, 0x4d, 0xfb, 0x4d, 0xfa, 0x4d, 0xfa, 0x45, 0xfb, 0x45, 0xfb, 0x45,
    0xb7, 0x65, 0xc5, 0xcb, 0xc5, 0xcb, 0xc6, 0xc3, 0xe6, 0xcb, 0xc6, 0xcb,
    0xf5, 0x54, 0xd5, 0x54, 0xf4, 0x54, 0xf5, 0x54, 0xd4, 0x4c, 0xf5, 0x4c,
    0xd5, 0x4c, 0xd4, 0x4c, 0xd4, 0x4c, 0xd5, 0x4c, 0xb4, 0x44, 0x77, 0x4d,
    0xfa, 0x4d, 0xfa, 0x4d, 0xfa, 0x4d, 0xfb, 0x4d, 0xfa, 0x4d, 0xfa, 0x4d,
    0xfa, 0x4d, 0xfa, 0x4d, 0xfa, 0x4d, 0xfa, 0x4d, 0xfa, 0x4d, 0xfa, 0x4d,
    0xfa, 0x4d, 0xfa, 0x4d, 0xfa, 0x4d, 0xfb, 0x4d, 0xfa, 0x4d, 0xfa, 0x4d,
    0xfb, 0x4d, 0xfa, 0x4d, 0xfa, 0x4d, 0xfa, 0x4d, 0xfb, 0x4d, 0xfb, 0x4d,
    0xfb, 0x4d, 0xfa, 0x4d, 0xfa, 0x4d, 0xfa, 0x4d, 0xfa, 0x4d, 0xfa, 0x4d,
    0xfa, 0x4d, 0xfa, 0x4d, 0xfa, 0x4d, 0xfa, 0x4d, 0xfa, 0x4d, 0xfa, 0x4d,
    0xfa, 0x4d, 0xfa, 0x4d, 0xfa, 0x4d, 0xfa, 0x4d, 0xfa, 0x4d, 0xfb, 0x4d,
    0xfa, 0x4d, 0xfa, 0x4d, 0xfa, 0x45, 0xfa, 0x4d, 0xfb, 0x4d, 0xfa, 0x4d,
    0xfb, 0x4d, 0xfa, 0x4d, 0xfb, 0x4d, 0xfa, 0x4d, 0xfa, 0x4d, 0xfa, 0x4d,
    0xfa, 0x4d, 0xfa, 0x4d, 0xfa, 0x4d, 0xfb, 0x4d, 0x1a, 0x4e, 0x05, 0xdc,
    0x80, 0xfc, 0xc0, 0xfc, 0xe0, 0xfc, 0x00, 0xfd, 0x20, 0xfd, 0x00, 0xfd,
    0x40, 0xfd, 0x00, 0xaa, 0x40, 0xb1, 0x60, 0xb1, 0x20, 0xa1, 0xe0, 0x88,
    0xc0, 0x78, 0x20, 0xf5, 0x20, 0xfd, 0x40, 0xfd, 0x60, 0xfd, 0xa0, 0xfd,
    0xc0, 0xfd, 0xc0, 0xfd, 0xe0, 0xfd, 0xe0, 0xfd, 0xe0, 0xfd, 0x00, 0xfe,
    0x00, 0xfe, 0x00, 0xfe, 0x00, 0xfe, 0x00, 0xfe, 0x00, 0xfe, 0x00, 0xfe,
    0x00, 0xfe, 0x00, 0xfe, 0x00, 0xfe, 0xe0, 0xfd, 0xe0, 0xfd, 0xe0, 0xfd,
    0xe0, 0xfd, 0xc0, 0xfd, 0xc0, 0xfd, 0xc0, 0xfd, 0xa0, 0xfd, 0xc0, 0xfd,
    0xc0, 0xfd, 0xa0, 0xfd, 0xc0, 0xfd, 0xc0, 0xfd, 0xc0, 0xfd, 0xc0, 0xfd,
    0xc0, 0xfd, 0xc0, 0xfd, 0xc0, 0xfd, 0xa0, 0xfd, 0xa0, 0xfd, 0xa0, 0xfd,
    0x80, 0xfd, 0x80, 0xfd, 0x60, 0xfd, 0x80, 0xfd, 0x60, 0xfd, 0x60, 0xfd,
    0x40, 0xfd, 0x40, 0xfd, 0x20, 0xfd, 0x20, 0xfd, 0x00, 0xfd, 0x00, 0xfd,
    0xc0, 0xfc, 0xa0, 0xfc, 0xa5, 0xcb, 0xb8, 0xee, 0xd8, 0xf6, 0x3a, 0xf7,
    0x5c, 0xf7, 0x7c, 0xff, 0x7c, 0xf7, 0xf5, 0x32, 0x98, 0x0b, 0x99, 0x0c,
    0x1a, 0x0d, 0x4f, 0x22, 0x0a, 0x21, 0x09, 0x21, 0x09, 0x29, 0x0a, 0x29,
    0xe9, 0x20, 0xe9, 0x28, 0x4a, 0x21, 0x5a, 0x0c, 0xb8, 0x03, 0xd6, 0x0a,
    0xf2, 0x19, 0x56, 0xde, 0xf3, 0xe5, 0xf3, 0xdd, 0x49, 0x9b, 0x41, 0xf4,
    0x60, 0xfc, 0x80, 0xfc, 0x60, 0xfc, 0x60, 0xfc, 0x40, 0xf4, 0x00, 0xf4,
    0xe0, 0xf3, 0xc0, 0xf3, 0x80, 0xf3, 0x40, 0xeb, 0x20, 0xeb, 0x00, 0xeb,
    0xc0, 0xe2, 0xa0, 0xe2, 0xa0, 0xe2, 0x80, 0xda, 0xc0, 0xe2, 0xe2, 0x90,
    0xa3, 0x90, 0xe3, 0x98, 0xe3, 0xa0, 0xab, 0x8a, 0x1b, 0x3e, 0xda, 0x45,
    0xfa, 0x4d, 0xfb, 0x45, 0xfa, 0x4d, 0xfa, 0x4d, 0xfa, 0x4d, 0xfa, 0x45,
    0xfb, 0x4d, 0xfb, 0x4d, 0xda, 0x4d, 0xfa, 0x45, 0xfb, 0x4d, 0xdb, 0x4d,
    0xfa, 0x45, 0xda, 0x45, 0xfb, 0x4d, 0xfa, 0x45, 0xfa, 0x45, 0xda, 0x45,
    0xfa, 0x45, 0xfb, 0x4d, 0xda, 0x4d, 0xfa, 0x45, 0xfb, 0x45, 0xfa, 0x4d,
    0xfb, 0x45, 0xfa, 0x4d, 0xda, 0x45, 0xfa, 0x45, 0xfb, 0x45, 0xda, 0x4d,
    0xda, 0x45, 0xfb, 0x45, 0xda, 0x45, 0xfb, 0x4d, 0xfa, 0x4d, 0xfa, 0x45,
    0xdb, 0x45, 0xda, 0x45, 0xfa, 0x4d, 0xfa, 0x4d, 0xda, 0x45, 0xfb, 0x45,
    0x8d, 0x9c, 0xe6, 0xc3, 0xe6, 0xcb, 0xc6, 0xc3, 0xe6, 0xcb, 0xe6, 0xcb,
    0xd5, 0x54, 0xf5, 0x54, 0xd5, 0x4c, 0xd5, 0x4c, 0xf5, 0x4c, 0xd4, 0x4c,
    0xd5, 0x4c, 0xd4, 0x4c, 0xd5, 0x4c, 0xb4, 0x44, 0xb4, 0x4c, 0x16, 0x45,
    0xfb, 0x4d, 0xfa, 0x4d, 0xfa, 0x4d, 0xfa, 0x4d, 0xfa, 0x4d, 0xfb, 0x4d,
    0xfa, 0x4d, 0xfa, 0x4d, 0xfb, 0x4d, 0xfa, 0x4d, 0xfb, 0x4d, 0xfb, 0x4d,
    0xfa, 0x4d, 0xfa, 0x4d, 0xfa, 0x4d, 0xfb, 0x4d, 0xfa, 0x4d, 0xfa, 0x4d,
    0xfa, 0x4d, 0xfa, 0x4d, 0xfb, 0x4d, 0xfa, 0x4d, 0xfa, 0x4d, 0xfa, 0x4d,
    0xfa, 0x4d, 0xfa, 0x4d, 0xfb, 0x4d, 0xfa, 0x4d, 0xfa, 0x4d, 0xfb, 0x4d,
    0xfb, 0x4d, 0xfa, 0x4d, 0xfb, 0x4d, 0xfb, 0x4d, 0xfa, 0x4d, 0xfb, 0x4d,
    0xfa, 0x4d, 0xfa, 0x45, 0xfb, 0x4d, 0xfa, 0x4d, 0xfa, 0x4d, 0xfa, 0x4d,
    0xfb, 0x4d, 0xfa, 0x4d, 0xfa, 0x4d, 0xfa, 0x4d, 0xfa, 0x4d, 0xfb, 0x4d,
    0xfa, 0x4d, 0xfa, 0x4d, 0xfa, 0x45, 0xfb, 0x4d, 0xfa, 0x4d, 0xfa, 0x4d,
    0xfb, 0x4d, 0xfa, 0x4d, 0xfa, 0x4d, 0xfb, 0x4d, 0x11, 0x85, 0x20, 0xfc,
    0xa0, 0xfc, 0xe0, 0xfc, 0x00, 0xfd, 0x20, 0xfd, 0x20, 0xfd, 0x20, 0xfd,
    0x60, 0xfd, 0xc0, 0xb9, 0xa0, 0xc9, 0xc0, 0xc1, 0x61, 0xb9, 0x20, 0xa9,
    0xe0, 0x90, 0x40, 0xf5, 0x40, 0xfd, 0x60, 0xfd, 0x80, 0xfd, 0xa0, 0xfd,
    0xc0, 0xfd, 0xe0, 0xfd, 0xe0, 0xfd, 0x00, 0xfe, 0x00, 0xfe, 0x00, 0xfe,
    0x00, 0xfe, 0x00, 0xfe, 0x00, 0xfe, 0x00, 0xfe, 0x00, 0xfe, 0x00, 0xfe,
    0x00, 0xfe, 0x00, 0xfe, 0x00, 0xfe, 0xe0, 0xfd, 0x00, 0xfe, 0xe0, 0xfd,
    0xc0, 0xfd, 0xc0, 0xfd, 0xc0, 0xfd, 0x60, 0xfd, 0x40, 0xfd, 0x20, 0xfd,
    0x20, 0xfd, 0x40, 0xfd, 0x40, 0xfd, 0x60, 0xfd, 0xa0, 0xfd, 0xc0, 0xfd,
    0xc0, 0xfd, 0xc0, 0xfd, 0xc0, 0xfd, 0xc0, 0xfd, 0xa0, 0xfd, 0xa0, 0xfd,
    0x80, 0xfd, 0x80, 0xfd, 0x80, 0xfd, 0x80, 0xfd, 0x80, 0xfd, 0x60, 0xfd,
    0x60, 0xfd, 0x40, 0xfd, 0x20, 0xfd, 0x20, 0xfd, 0x00, 0xfd, 0x00, 0xfd,
    0xe0, 0xfc, 0xa0, 0xfc, 0xe2, 0xdb, 0x57, 0xe6, 0xb7, 0xee, 0xf9, 0xf6,
    0x3a, 0xf7, 0x5b, 0xff, 0x5b, 0xf7, 0xf6, 0x5b, 0x57, 0x03, 0x59, 0x04,
    0xda, 0x0c, 0x97, 0x14, 0xe8, 0x28, 0xea, 0x28, 0xea, 0x20, 0xe9, 0x20,
    0xe9, 0x28, 0xe9, 0x28, 0x75, 0x13, 0x19, 0x0c, 0x58, 0x03, 0x74, 0x0a,
    0x32, 0x5b, 0x14, 0xe6, 0xb3, 0xdd, 0x94, 0xcd, 0xe2, 0xb2, 0x40, 0xfc,
    0x60, 0xf4, 0x60, 0xfc, 0x60, 0xfc, 0x40, 0xf4, 0x20, 0xfc, 0x00, 0xf4,
    0xe0, 0xf3, 0xa1, 0xf3, 0x80, 0xf3, 0x40, 0xeb, 0x00, 0xeb, 0xe0, 0xea,
    0xc0, 0xe2, 0xc1, 0xe2, 0xa0, 0xe2, 0x80, 0xe2, 0xa0, 0xe2, 0xe2, 0x90,
    0xa3, 0x90, 0xc3, 0x98, 0xac, 0x7a, 0x1a, 0x46, 0xfa, 0x4d, 0xfa, 0x45,
    0xfb, 0x4d, 0xfa, 0x45, 0xfa, 0x45, 0xfa, 0x45, 0xfb, 0x45, 0xfa, 0x4d,
    0xda, 0x45, 0xfa, 0x45, 0xfa, 0x45, 0xfa, 0x4d, 0xfa, 0x45, 0xfa, 0x4d,
    0xda, 0x45, 0xfb, 0x45, 0xda, 0x4d, 0xfa, 0x45, 0xda, 0x45, 0xfb, 0x4d,
    0xfa, 0x45, 0xfa, 0x4d, 0xfb, 0x4d, 0xfa, 0x45, 0xda, 0x45, 0xfa, 0x4d,
    0xfa, 0x45, 0xfa, 0x4d, 0xfa, 0x4d, 0xda, 0x45, 0xfa, 0x4d, 0xfa, 0x45,
    0xfa, 0x45, 0xda, 0x4d, 0xfa, 0x45, 0xfa, 0x45, 0xda, 0x4d, 0xfa, 0x4d,
    0xfa, 0x45, 0xfa, 0x45, 0xfb, 0x45, 0xfa, 0x4d, 0xfa, 0x4d, 0xfa, 0x4d,
    0xe6, 0xc3, 0xe6, 0xcb, 0xe6, 0xc3, 0xc6, 0xc3, 0xe6, 0xcb, 0xe6, 0xcb,
    0xf5, 0x54, 0xf5, 0x54, 0xf4, 0x4c, 0xd5, 0x4c, 0xd5, 0x54, 0xd4, 0x4c,
    0xd4, 0x4c, 0xd5, 0x4c, 0xd4, 0x4c, 0xd4, 0x4c, 0xd4, 0x44, 0xd5, 0x44,
    0x1a, 0x4e, 0xfa, 0x4d, 0x1b, 0x4e, 0xfa, 0x55, 0xfa, 0x4d, 0xfa, 0x4d,
    0xfa, 0x4d, 0xfb, 0x4d, 0xfa, 0x4d, 0xfa, 0x4d, 0xfa, 0x4d, 0xfb, 0x4d,
    0xfb, 0x4d, 0xfa, 0x4d, 0xfa, 0x4d, 0xfa, 0x4d, 0xfb, 0x4d, 0xfa, 0x4d,
    0xfb, 0x4d, 0xfa, 0x4d, 0xfa, 0x4d, 0xfa, 0x4d, 0xfa, 0x4d, 0xfb, 0x4d,
    0xfa, 0x4d, 0xfa, 0x4d, 0xfa, 0x4d, 0xfb, 0x4d, 0xfa, 0x4d, 0xfa, 0x4d,
    0xfb, 0x4d, 0xfa, 0x4d, 0xfa, 0x4d, 0xfa, 0x4d, 0xfa, 0x4d, 0xfa, 0x4d,
    0xfb, 0x4d, 0xfa, 0x4d, 0xfa, 0x4d, 0xfa, 0x4d, 0xfa, 0x4d, 0xfb, 0x4d,
    0xfa, 0x4d, 0xfa, 0x4d, 0xfa, 0x4d, 0xfb, 0x4d, 0xfa, 0x4d, 0xfa, 0x4d,
    0xfa, 0x4d, 0xfa, 0x4d, 0xfa, 0x4d, 0xfa, 0x4d, 0xfa, 0x4d, 0xfa, 0x4d,
    0xfa, 0x4d, 0xfb, 0x4d, 0xfa, 0x4d, 0x1a, 0x4e, 0x03, 0xec, 0x80, 0xfc,
    0xc0, 0xfc, 0x00, 0xfd, 0x00, 0xfd, 0x20, 0xfd, 0x20, 0xf5, 0x20, 0xfd,
    0x40, 0xfd, 0x01, 0xca, 0x00, 0xd2, 0xe0, 0xd1, 0xa0, 0xc1, 0x20, 0xb1,
    0x20, 0xa1, 0x81, 0xfd, 0x60, 0xfd, 0x60, 0xfd, 0xa0, 0xfd, 0xc0, 0xfd,
    0xc0, 0xfd, 0xe0, 0xfd, 0xe0, 0xfd, 0x00, 0xfe, 0x00, 0xfe, 0x00, 0xfe,
    0x00, 0xfe, 0x20, 0xfe, 0x20, 0xfe, 0x20, 0xfe, 0x20, 0xfe, 0x00, 0xfe,
    0x00, 0xfe, 0x00, 0xfe, 0x00, 0xfe, 0xe0, 0xfd, 0xe0, 0xfd, 0xe0, 0xfd,
    0xc0, 0xfd, 0x60, 0xfd, 0x60, 0xfd, 0x60, 0xfd, 0x40, 0xfd, 0x40, 0xfd,
    0x40, 0xfd, 0x40, 0xfd, 0x60, 0xfd, 0x60, 0xfd, 0x60, 0xfd, 0x60, 0xfd,
    0xc0, 0xfd, 0xc0, 0xfd, 0xc0, 0xfd, 0xc0, 0xfd, 0xc0, 0xfd, 0xa0, 0xfd,
    0xa0, 0xfd, 0x80, 0xfd, 0x80, 0xfd, 0x80, 0xfd, 0x60, 0xfd, 0x60, 0xfd,
    0x60, 0xfd, 0x40, 0xfd, 0x20, 0xfd, 0x20, 0xfd, 0x00, 0xfd, 0x00, 0xfd,
    0xe0, 0xfc, 0xa0, 0xfc, 0x60, 0xf4, 0xf0, 0xcc, 0x96, 0xee, 0xd8, 0xf6,
    0xf9, 0xf6, 0x3a, 0xf7, 0x3b, 0xf7, 0xb8, 0xb5, 0x95, 0x02, 0xf8, 0x03,
    0xba, 0x0c, 0xfa, 0x0c, 0xb4, 0x13, 0xe8, 0x28, 0x0a, 0x29, 0x09, 0x21,
    0xe8, 0x20, 0x12, 0x1b, 0x99, 0x0c, 0xd8, 0x03, 0xf6, 0x02, 0xd1, 0x09,
    0x74, 0xbd, 0xb3, 0xdd, 0x92, 0xdd, 0xed, 0xa3, 0x40, 0xf4, 0x80, 0xfc,
    0x60, 0xfc, 0x60, 0xfc, 0x60, 0xf4, 0x40, 0xf4, 0x20, 0xfc, 0x00, 0xf4,
    0xc0, 0xf3, 0xa0, 0xf3, 0x60, 0xf3, 0x40, 0xeb, 0x00, 0xeb, 0xe0, 0xe2,
    0xc0, 0xe2, 0xa0, 0xe2, 0xa0, 0xe2, 0xa0, 0xda, 0xa1, 0xda, 0xe2, 0x90,
    0xa3, 0x90, 0xa3, 0x90, 0x0c, 0x73, 0x5b, 0x3e, 0xfa, 0x4d, 0xfb, 0x45,
    0xfa, 0x4d, 0xfa, 0x45, 0xdb, 0x45, 0xfa, 0x4d, 0xfb, 0x45, 0xda, 0x45,
    0xda, 0x4d, 0xfb, 0x4d, 0xfa, 0x45, 0xda, 0x4d, 0xfb, 0x45, 0xfa, 0x45,
    0xfa, 0x4d, 0xfa, 0x4d, 0xda, 0x45, 0xfb, 0x45, 0xfa, 0x4d, 0xfa, 0x4d,
    0xfb, 0x45, 0xda, 0x45, 0xda, 0x45, 0xfa, 0x4d, 0xfa, 0x4d, 0xfb, 0x45,
    0xfa, 0x4d, 0xda, 0x45, 0xdb, 0x45, 0xfa, 0x4d, 0xda, 0x4d, 0xfb, 0x45,
    0xda, 0x4d, 0xfa, 0x4d, 0xfb, 0x4d, 0xfa, 0x45, 0xfb, 0x45, 0xfa, 0x4d,
    0xfb, 0x4d, 0xda, 0x45, 0xfb, 0x45, 0xfa, 0x4d, 0xfb, 0x45, 0x54, 0x6d,
    0xc6, 0xcb, 0xc6, 0xc3, 0xe6, 0xcb, 0xe6, 0xcb, 0xe6, 0xc3, 0xe6, 0xc3,
    0xd5, 0x4c, 0xf5, 0x54, 0xf5, 0x4c, 0xd5, 0x4c, 0xd4, 0x4c, 0xd5, 0x4c,
    0xd5, 0x4c, 0xd4, 0x4c, 0xd5, 0x4c, 0xd5, 0x4c, 0xd5, 0x44, 0xd4, 0x44,
    0x1a, 0x4e, 0xfa, 0x4d, 0xfb, 0x4d, 0x1a, 0x56, 0x1a, 0x4e, 0xfa, 0x4d,
    0xfb, 0x4d, 0xfa, 0x4d, 0xfa, 0x4d, 0xfa, 0x4d, 0xfa, 0x4d, 0xfa, 0x4d,
    0x1a, 0x4e, 0xfb, 0x4d, 0xfa, 0x4d, 0x1a, 0x4e, 0x1b, 0x4e, 0x1a, 0x4e,
    0xfa, 0x4d, 0xfa, 0x4d, 0xfa, 0x4d, 0xfa, 0x4d, 0xfa, 0x4d, 0xfa, 0x4d,
    0xfa, 0x4d, 0xfa, 0x4d, 0xfa, 0x4d, 0xfa, 0x4d, 0xfa, 0x4d, 0xfa, 0x4d,
    0xfa, 0x4d, 0xfa, 0x4d, 0xfa, 0x4d, 0xfa, 0x4d, 0x1a, 0x4e, 0xfa, 0x4d,
    0xfb, 0x4d, 0xfa, 0x4d, 0xfa, 0x4d, 0xfb, 0x4d, 0xfa, 0x4d, 0xfb, 0x4d,
    0xfa, 0x4d, 0xfa, 0x4d, 0xfb, 0x4d, 0xfa, 0x4d, 0xfa, 0x4d, 0xfa, 0x4d,
    0xfb, 0x4d, 0xfa, 0x4d, 0xfa, 0x4d, 0xfb, 0x4d, 0xfa, 0x4d, 0xfa, 0x4d,
    0xfb, 0x4d, 0xfa, 0x4d, 0xfa, 0x4d, 0x10, 0x85, 0x60, 0xfc, 0xa0, 0xfc,
    0xe0, 0xf4, 0x00, 0xfd, 0x20, 0xfd, 0x20, 0xfd, 0x20, 0xfd, 0x20, 0xfd,
    0x40, 0xfd, 0x80, 0xd2, 0xe0, 0xd1, 0xe0, 0xd1, 0xa0, 0xc9, 0x60, 0xb9,
    0xe0, 0xb9, 0x80, 0xfd, 0x60, 0xfd, 0x80, 0xfd, 0x80, 0xfd, 0xa0, 0xfd,
    0xc0, 0xfd, 0xe0, 0xfd, 0xe0, 0xfd, 0x00, 0xfe, 0x00, 0xfe, 0x00, 0xfe,
    0x20, 0xfe, 0x20, 0xfe, 0x20, 0xfe, 0x20, 0xfe, 0x20, 0xfe, 0x20, 0xfe,
    0x20, 0xfe, 0x00, 0xfe, 0x00, 0xfe, 0xe0, 0xfd, 0xe0, 0xfd, 0xc0, 0xfd,
    0x60, 0xfd, 0x60, 0xfd, 0x40, 0xfd, 0x20, 0xfd, 0x00, 0xf5, 0x80, 0xec,
    0x80, 0xec, 0x20, 0xf5, 0x20, 0xfd, 0x40, 0xfd, 0x40, 0xfd, 0x80, 0xfd,
    0x60, 0xfd, 0xc0, 0xfd, 0xc0, 0xfd, 0xc0, 0xfd, 0xc0, 0xfd, 0xc0, 0xfd,
    0xa0, 0xfd, 0x80, 0xfd, 0x80, 0xfd, 0x60, 0xfd, 0x60, 0xfd, 0x60, 0xfd,
    0x40, 0xfd, 0x40, 0xfd, 0x20, 0xfd, 0x20, 0xfd, 0x00, 0xfd, 0x00, 0xfd,
    0xc0, 0xfc, 0xc0, 0xfc, 0x80, 0xfc, 0x07, 0xd4, 0xb7, 0xee, 0xb7, 0xee,
    0xd8, 0xf6, 0xf9, 0xf6, 0x1a, 0xf7, 0xf9, 0xee, 0xd5, 0x2a, 0x97, 0x03,
    0x59, 0x04, 0xd9, 0x0c, 0x1a, 0x0d, 0x98, 0x14, 0xd0, 0x1a, 0xf1, 0x1a,
    0x18, 0x0c, 0x79, 0x0c, 0xf8, 0x0b, 0x57, 0x0b, 0x54, 0x0a, 0xf2, 0x52,
    0xd3, 0xdd, 0x72, 0xd5, 0x52, 0xcd, 0x42, 0xb3, 0x40, 0xf4, 0x80, 0xfc,
    0x60, 0xfc, 0x60, 0xfc, 0x60, 0xf4, 0x40, 0xfc, 0x20, 0xfc, 0xe0, 0xf3,
    0xc0, 0xf3, 0xa0, 0xf3, 0x80, 0xf3, 0x40, 0xeb, 0x21, 0xeb, 0xe0, 0xea,
    0xc0, 0xe2, 0xa0, 0xe2, 0xa0, 0xe2, 0xa0, 0xda, 0xa0, 0xe2, 0xe2, 0x90,
    0xa3, 0x88, 0xa3, 0x90, 0xc3, 0x90, 0xab, 0x72, 0x3b, 0x46, 0xfb, 0x4d,
    0xda, 0x4d, 0xda, 0x45, 0xfb, 0x4d, 0xfa, 0x4d, 0xfa, 0x45, 0xfa, 0x45,
    0xfb, 0x4d, 0xfb, 0x45, 0xfa, 0x45, 0xfa, 0x4d, 0xdb, 0x4d, 0xda, 0x45,
    0xfa, 0x4d, 0xfb, 0x45, 0xfa, 0x4d, 0xda, 0x45, 0xda, 0x45, 0xfa, 0x4d,
    0xfa, 0x4d, 0xfb, 0x4d, 0xfa, 0x45, 0xfb, 0x4d, 0xfa, 0x45, 0xfb, 0x45,
    0xfb, 0x4d, 0xda, 0x45, 0xfa, 0x45, 0xfb, 0x45, 0xfa, 0x4d, 0xfa, 0x45,
    0xda, 0x45, 0xfb, 0x4d, 0xfa, 0x45, 0xda, 0x4d, 0xfb, 0x45, 0xfb, 0x4d,
    0xfa, 0x4d, 0xfa, 0x45, 0xfa, 0x4d, 0xfa, 0x4d, 0xfb, 0x45, 0x0b, 0x9c,
    0xa6, 0xbb, 0xe6, 0xc3, 0xe6, 0xc3, 0xe6, 0xcb, 0xe6, 0xc3, 0xe6, 0xcb,
    0xd5, 0x4c, 0xf5, 0x54, 0xd4, 0x4c, 0xf4, 0x54, 0xf5, 0x4c, 0xd4, 0x4c,
    0xd4, 0x4c, 0xd5, 0x4c, 0xd4, 0x4c, 0xd4, 0x44, 0xd5, 0x4c, 0xd5, 0x4c,
    0xfa, 0x4d, 0xfa, 0x4d, 0xfa, 0x55, 0x1b, 0x56, 0xfa, 0x4d, 0xfa, 0x4d,
    0xfa, 0x55, 0xfa, 0x4d, 0x1b, 0x4e, 0x1a, 0x4e, 0x1b, 0x4e, 0xfa, 0x4d,
    0xfa, 0x4d, 0x1b, 0x4e, 0xfb, 0x4d, 0xfa, 0x4d, 0xfa, 0x4d, 0x1a, 0x4e,
    0x1a, 0x4e, 0xfa, 0x4d, 0xfb, 0x4d, 0xfa, 0x4d, 0xfa, 0x4d, 0xfb, 0x4d,
    0xfa, 0x4d, 0xfa, 0x4d, 0xfa, 0x4d, 0xfa, 0x4d, 0xfb, 0x4d, 0x1a, 0x4e,
    0xfa, 0x4d, 0xfb, 0x4d, 0x1a, 0x4e, 0xfb, 0x4d, 0xfa, 0x4d, 0xfa, 0x4d,
    0xfa, 0x4d, 0xfb, 0x4d, 0xfa, 0x4d, 0xfb, 0x4d, 0xfa, 0x4d, 0xfa, 0x4d,
    0xfa, 0x4d, 0xfa, 0x4d, 0xfa, 0x4d, 0xfa, 0x4d, 0xfa, 0x4d, 0xfb, 0x4d,
    0xfa, 0x4d, 0xfb, 0x4d, 0x1b, 0x4e, 0xfa, 0x4d, 0x1a, 0x4e, 0xfa, 0x4d,
    0xfb, 0x4d, 0xfa, 0x4d, 0x1a, 0x46, 0xe5, 0xdb, 0x80, 0xfc, 0xc0, 0xfc,
    0xe0, 0xfc, 0x00, 0xfd, 0x20, 0xfd, 0x20, 0xfd, 0x20, 0xfd, 0x20, 0xfd,
    0x20, 0xfd, 0xc0, 0xeb, 0xc1, 0xd1, 0xc0, 0xd1, 0xc0, 0xc9, 0x60, 0xc1,
    0xc1, 0xdb, 0x60, 0xfd, 0x60, 0xfd, 0x80, 0xfd, 0xa0, 0xfd, 0xc0, 0xfd,
    0xe0, 0xfd, 0xe0, 0xfd, 0xe0, 0xfd, 0x00, 0xfe, 0x00, 0xfe, 0x00, 0xfe,
    0x00, 0xfe, 0x20, 0xfe, 0x20, 0xfe, 0x00, 0xfe, 0x20, 0xfe, 0x00, 0xfe,
    0x00, 0xfe, 0x00, 0xfe, 0x00, 0xfe, 0xe0, 0xfd, 0xc0, 0xfd, 0x60, 0xfd,
    0x40, 0xfd, 0x20, 0xfd, 0x21, 0xfd, 0x01, 0xe4, 0x60, 0xa1, 0xc0, 0x80,
    0x81, 0x78, 0x20, 0x91, 0xa0, 0xd3, 0x21, 0xf5, 0x20, 0xfd, 0x60, 0xfd,
    0x60, 0xfd, 0x80, 0xfd, 0xa0, 0xfd, 0xc0, 0xfd, 0xc0, 0xfd, 0xa0, 0xfd,
    0xa0, 0xfd, 0x80, 0xfd, 0x80, 0xfd, 0x80, 0xfd, 0x60, 0xfd, 0x60, 0xfd,
    0x40, 0xfd, 0x40, 0xfd, 0x20, 0xfd, 0x20, 0xfd, 0x00, 0xfd, 0xe0, 0xfc,
    0xc0, 0xfc, 0xc0, 0xfc, 0xa0, 0xfc, 0x01, 0xec, 0xd4, 0xdd, 0x76, 0xee,
    0x97, 0xee, 0xb7, 0xee, 0xd8, 0xf6, 0xd8, 0xf6, 0x77, 0xad, 0x94, 0x0a,
    0xd7, 0x03, 0x59, 0x0c, 0xb9, 0x04, 0xfa, 0x0c, 0xba, 0x0c, 0x99, 0x0c,
    0x79, 0x04, 0x19, 0x0c, 0x97, 0x0b, 0x74, 0x0a, 0xd2, 0x21, 0x92, 0xcd,
    0x31, 0xcd, 0x31, 0xcd, 0x68, 0xab, 0x60, 0xf4, 0x60, 0xfc, 0x80, 0xfc,
    0x60, 0xf4, 0x60, 0xfc, 0x40, 0xfc, 0x20, 0xf4, 0x00, 0xf4, 0xe0, 0xf3,
    0xc0, 0xf3, 0x80, 0xf3, 0x60, 0xf3, 0x40, 0xeb, 0x00, 0xeb, 0xc0, 0xe2,
    0xc0, 0xe2, 0xc0, 0xe2, 0xa0, 0xe2, 0xa0, 0xda, 0x80, 0xe2, 0xe2, 0x90,
    0xa3, 0x88, 0xa3, 0x90, 0xc3, 0x90, 0xc3, 0x90, 0x8f, 0x6b, 0x1b, 0x46,
    0xfa, 0x45, 0xfa, 0x4d, 0xfb, 0x4d, 0xfa, 0x4d, 0xda, 0x45, 0xfa, 0x4d,
    0xfa, 0x4d, 0xfa, 0x4d, 0xfa, 0x4d, 0xfa, 0x4d, 0xfa, 0x4d, 0xfa, 0x45,
    0xfb, 0x45, 0xfb, 0x4d, 0xfa, 0x4d, 0xfa, 0x45, 0xfb, 0x45, 0xfa, 0x4d,
    0xda, 0x45, 0xfa, 0x45, 0xda, 0x4d, 0xda, 0x45, 0xfa, 0x4d, 0xfa, 0x4d,
    0xfa, 0x4d, 0xfa, 0x45, 0xfa, 0x4d, 0xfb, 0x4d, 0xfa, 0x4d, 0xda, 0x45,
    0xfa, 0x4d, 0xfb, 0x4d, 0xfa, 0x45, 0xfb, 0x4d, 0xfa, 0x45, 0xda, 0x4d,
    0xfa, 0x4d, 0xfa, 0x45, 0xfa, 0x45, 0xfb, 0x4d, 0xd9, 0x4d, 0x45, 0xbb,
    0x86, 0xbb, 0x86, 0xbb, 0x85, 0xbb, 0xc6, 0xc3, 0xe6, 0xcb, 0xe6, 0xcb,
    0xd5, 0x4c, 0xf5, 0x54, 0xd5, 0x4c, 0xd5, 0x4c, 0xf5, 0x4c, 0xd5, 0x4c,
    0xd5, 0x4c, 0xd5, 0x4c, 0xd5, 0x44, 0xd4, 0x4c, 0xd4, 0x44, 0xd5, 0x44,
    0x1b, 0x56, 0xfa, 0x4d, 0x1a, 0x4e, 0xfa, 0x4d, 0xfa, 0x55, 0x1b, 0x4e,
    0x1a, 0x4e, 0xfb, 0x55, 0x1a, 0x4e, 0xfa, 0x55, 0xfb, 0x55, 0xfa, 0x4d,
    0xfa, 0x55, 0xfa, 0x4d, 0xfa, 0x4d, 0x1a, 0x56, 0xfa, 0x4d, 0xfb, 0x4d,
    0xfa, 0x4d, 0xfa, 0x4d, 0xfb, 0x4d, 0x1a, 0x4e, 0xfa, 0x4d, 0x1b, 0x4e,
    0xfa, 0x4d, 0xfa, 0x4d, 0x1b, 0x4e, 0x1b, 0x4e, 0xfa, 0x4d, 0xfa, 0x4d,
    0x1b, 0x4e, 0xfa, 0x4d, 0xfa, 0x4d, 0x1a, 0x4e, 0xfb, 0x4d, 0xfa, 0x4d,
    0xfa, 0x4d, 0xfa, 0x4d, 0x1a, 0x4e, 0x1a, 0x4e, 0xfa, 0x4d, 0x1a, 0x4e,
    0xfb, 0x4d, 0xfa, 0x4d, 0x1a, 0x4e, 0xfb, 0x4d, 0x1a, 0x4e, 0xfa, 0x4d,
    0xfa, 0x4d, 0x1a, 0x4e, 0x1a, 0x4e, 0xfa, 0x4d, 0x1a, 0x4e, 0xfa, 0x4d,
    0x1a, 0x4e, 0xfa, 0x4d, 0x76, 0x6d, 0xe0, 0xfb, 0x80, 0xfc, 0xc0, 0xfc,
    0xe0, 0xfc, 0x00, 0xfd, 0x00, 0xfd, 0x20, 0xfd, 0x40, 0xfd, 0x20, 0xfd,
    0x00, 0xfd, 0x20, 0xfd, 0xa0, 0xd2, 0x80, 0xc9, 0x60, 0xc9, 0x21, 0xdb,
    0x80, 0xfd, 0x60, 0xfd, 0x80, 0xfd, 0x80, 0xfd, 0xa0, 0xfd, 0xc0, 0xfd,
    0xc0, 0xfd, 0xe0, 0xfd, 0xe0, 0xfd, 0x00, 0xfe, 0x00, 0xfe, 0x00, 0xfe,
    0x00, 0xfe, 0x00, 0xfe, 0x00, 0xfe, 0x20, 0xfe, 0x20, 0xfe, 0x00, 0xfe,
    0x00, 0xfe, 0x00, 0xfe, 0xe0, 0xfd, 0xc0, 0xfd, 0x80, 0xfd, 0x60, 0xfd,
    0x40, 0xfd, 0x40, 0xfd, 0xc0, 0xba, 0x40, 0x60, 0x40, 0x50, 0x40, 0x58,
    0x40, 0x58, 0x61, 0x60, 0x40, 0x58, 0xa0, 0xaa, 0x21, 0xfd, 0x40, 0xfd,
    0x60, 0xfd, 0x80, 0xfd, 0x80, 0xfd, 0xc0, 0xfd, 0xa0, 0xfd, 0xa0, 0xfd,
    0xa0, 0xfd, 0x80, 0xfd, 0x80, 0xfd, 0x60, 0xfd, 0x60, 0xfd, 0x40, 0xfd,
    0x40, 0xfd, 0x40, 0xfd, 0x20, 0xfd, 0x00, 0xfd, 0x00, 0xfd, 0x00, 0xfd,
    0xc0, 0xfc, 0xc0, 0xfc, 0xa0, 0xfc, 0x81, 0xfc, 0x09, 0xd4, 0x76, 0xee,
    0x76, 0xee, 0x76, 0xee, 0x97, 0xee, 0x97, 0xee, 0xb7, 0xee, 0x95, 0x5b,
    0xf5, 0x0a, 0xf8, 0x0b, 0x58, 0x04, 0x78, 0x04, 0x79, 0x0c, 0x38, 0x0c,
    0xf7, 0x0b, 0x76, 0x0b, 0x94, 0x02, 0xb1, 0x19, 0xb1, 0xac, 0xd0, 0xcc,
    0xd1, 0xc4, 0xac, 0xb3, 0x20, 0xec, 0x60, 0xfc, 0x80, 0xfc, 0x60, 0xfc,
    0x60, 0xfc, 0x40, 0xf4, 0x40, 0xfc, 0x20, 0xf4, 0x00, 0xf4, 0xe0, 0xf3,
    0xa0, 0xf3, 0x80, 0xf3, 0x60, 0xeb, 0x20, 0xeb, 0xe0, 0xea, 0xc0, 0xe2,
    0xc0, 0xe2, 0xa0, 0xe2, 0xa0, 0xe2, 0x80, 0xe2, 0x80, 0xda, 0xc3, 0x90,
    0xa3, 0x90, 0xc3, 0x88, 0xc3, 0x90, 0xc3, 0x90, 0xc3, 0x98, 0x16, 0x55,
    0xfb, 0x45, 0xfa, 0x4d, 0xfa, 0x4d, 0xfb, 0x45, 0xfa, 0x45, 0xfb, 0x4d,
    0xda, 0x4d, 0xfa, 0x45, 0xfb, 0x45, 0xda, 0x45, 0xfb, 0x4d, 0xfa, 0x4d,
    0xfa, 0x4d, 0xfa, 0x4d, 0xfb, 0x4d, 0xfa, 0x45, 0xfa, 0x45, 0xda, 0x4d,
    0xfb, 0x4d, 0xfb, 0x4d, 0xfa, 0x4d, 0xfa, 0x45, 0xda, 0x45, 0xfb, 0x4d,
    0xda, 0x45, 0xfb, 0x4d, 0xda, 0x45, 0xda, 0x45, 0xfa, 0x4d, 0xfb, 0x45,
    0xfa, 0x45, 0xfa, 0x4d, 0xfb, 0x4d, 0xfa, 0x45, 0xfa, 0x45, 0xfa, 0x4d,
    0xdb, 0x4d, 0xda, 0x4d, 0xfa, 0x4d, 0x1b, 0x4e, 0x55, 0x65, 0x65, 0xbb,
    0x86, 0xbb, 0x86, 0xbb, 0x86, 0xbb, 0x66, 0xbb, 0x86, 0xbb, 0xa6, 0xc3,
    0xd5, 0x4c, 0xf5, 0x4c, 0xf5, 0x4c, 0xd5, 0x4c, 0xd5, 0x4c, 0xf5, 0x4c,
    0xd4, 0x4c, 0xd5, 0x4c, 0xd5, 0x4c, 0xd5, 0x4c, 0xd4, 0x4c, 0x16, 0x45,
    0x1a, 0x4e, 0x1b, 0x56, 0xfa, 0x55, 0x1a, 0x4e, 0x1a, 0x56, 0xfa, 0x55,
    0xfa, 0x4d, 0xfb, 0x4d, 0x1a, 0x56, 0xfa, 0x4d, 0x1b, 0x4e, 0x1a, 0x4e,
    0xfa, 0x4d, 0xfb, 0x55, 0xfa, 0x4d, 0xfa, 0x4d, 0x1b, 0x56, 0xfa, 0x4d,
    0x1a, 0x4e, 0xfa, 0x4d, 0xfa, 0x4d, 0x1a, 0x4e, 0xfa, 0x4d, 0xfa, 0x4d,
    0xfa, 0x4d, 0xfa, 0x4d, 0x1a, 0x4e, 0xfa, 0x4d, 0xfa, 0x4d, 0xfa, 0x4d,
    0xfa, 0x4d, 0xfa, 0x4d, 0xfa, 0x4d, 0xfa, 0x4d, 0x1b, 0x4e, 0xfa, 0x4d,
    0x1a, 0x4e, 0xfb, 0x4d, 0xfa, 0x55, 0x1b, 0x4e, 0xfa, 0x55, 0x1a, 0x4e,
    0xfb, 0x4d, 0xfa, 0x4d, 0x1a, 0x4e, 0xfb, 0x4d, 0xfa, 0x4d, 0x1a, 0x4e,
    0x1b, 0x4e, 0xfa, 0x4d, 0xfa, 0x4d, 0xfa, 0x4d, 0x1b, 0x4e, 0xfa, 0x4d,
    0xfa, 0x4d, 0xfb, 0x4d, 0xad, 0x9c, 0x20, 0xfc, 0x80, 0xfc, 0xa0, 0xfc,
    0xc0, 0xfc, 0x00, 0xfd, 0x20, 0xfd, 0x40, 0xfd, 0x20, 0xfd, 0x20, 0xfd,
    0x20, 0xfd, 0x20, 0xfd, 0x40, 0xfd, 0xc1, 0xf4, 0x40, 0xf5, 0x60, 0xfd,
    0x60, 0xfd, 0x60, 0xfd, 0x80, 0xfd, 0x80, 0xfd, 0xa0, 0xfd, 0xc0, 0xfd,
    0xe0, 0xfd, 0xe0, 0xfd, 0x00, 0xfe, 0x00, 0xfe, 0x00, 0xfe, 0x00, 0xfe,
    0x20, 0xfe, 0x00, 0xfe, 0x20, 0xfe, 0x00, 0xfe, 0x00, 0xfe, 0x00, 0xfe,
    0x00, 0xfe, 0x00, 0xfe, 0xc0, 0xfd, 0xa0, 0xfd, 0x60, 0xfd, 0x60, 0xfd,
    0x40, 0xfd, 0xa0, 0xc2, 0x40, 0x58, 0x60, 0x58, 0x60, 0x58, 0x40, 0x58,
    0x60, 0x58, 0x60, 0x58, 0x40, 0x58, 0x40, 0x60, 0xa0, 0xd3, 0x60, 0xf5,
    0x60, 0xfd, 0x80, 0xfd, 0x80, 0xfd, 0x80, 0xfd, 0xa0, 0xfd, 0xa0, 0xfd,
    0xa0, 0xfd, 0x80, 0xfd, 0x60, 0xfd, 0x60, 0xfd, 0x60, 0xfd, 0x60, 0xfd,
    0x40, 0xfd, 0x40, 0xfd, 0x20, 0xfd, 0x00, 0xfd, 0x00, 0xfd, 0xe0, 0xfc,
    0xc0, 0xfc, 0xa0, 0xfc, 0x80, 0xfc, 0x80, 0xfc, 0x41, 0xf4, 0xb2, 0xe5,
    0x55, 0xee, 0x55, 0xee, 0x75, 0xee, 0x56, 0xee, 0x56, 0xe6, 0x76, 0xe6,
    0x34, 0x4b, 0x95, 0x0a, 0x57, 0x0b, 0x54, 0x23, 0x32, 0x33, 0x12, 0x33,
    0xd0, 0x3a, 0x2f, 0x3a, 0xef, 0x39, 0x50, 0xac, 0x8f, 0xb4, 0x70, 0xbc,
    0xeb, 0xb3, 0x00, 0xec, 0x60, 0xfc, 0x80, 0xfc, 0x60, 0xfc, 0x60, 0xfc,
    0x60, 0xf4, 0x40, 0xfc, 0x20, 0xf4, 0x20, 0xfc, 0xe0, 0xf3, 0xc0, 0xf3,
    0x81, 0xf3, 0x60, 0xf3, 0x40, 0xeb, 0x20, 0xeb, 0x01, 0xeb, 0xc0, 0xe2,
    0xc0, 0xe2, 0xa1, 0xe2, 0xa0, 0xe2, 0x80, 0xda, 0x80, 0xda, 0xc2, 0x90,
    0xa3, 0x88, 0xa2, 0x90, 0xc3, 0x90, 0xc3, 0x90, 0xe4, 0x98, 0xa7, 0x91,
    0x5b, 0x46, 0xfa, 0x4d, 0xfb, 0x4d, 0xfa, 0x45, 0xfb, 0x4d, 0xfa, 0x45,
    0xfa, 0x4d, 0xfb, 0x4d, 0xfa, 0x4d, 0xfb, 0x4d, 0xfa, 0x4d, 0xfa, 0x45,
    0xfa, 0x45, 0xda, 0x45, 0xfa, 0x4d, 0xfb, 0x4d, 0xda, 0x4d, 0xfa, 0x4d,
    0xfa, 0x45, 0xfa, 0x4d, 0xfa, 0x4d, 0xfb, 0x4d, 0xfa, 0x45, 0xfa, 0x45,
    0xfb, 0x4d, 0xfa, 0x4d, 0xfa, 0x4d, 0xfb, 0x4d, 0xfa, 0x4d, 0xfa, 0x45,
    0xfa, 0x4d, 0xfb, 0x4d, 0xfa, 0x4d, 0xda, 0x45, 0xfa, 0x4d, 0xfa, 0x45,
    0xfa, 0x45, 0xfa, 0x4d, 0xfa, 0x4d, 0x1b, 0x46, 0x4d, 0x8c, 0x65, 0xbb,
    0x65, 0xb3, 0x65, 0xb3, 0x66, 0xb3, 0x65, 0xb3, 0x65, 0xb3, 0x65, 0xb3,
    0xd5, 0x4c, 0xf5, 0x4c, 0xd4, 0x4c, 0xd4, 0x4c, 0xd5, 0x4c, 0xd5, 0x4c,
    0xf5, 0x4c, 0xd4, 0x4c, 0xd5, 0x4c, 0xd5, 0x4c, 0xd5, 0x4c, 0x98, 0x4d,
    0xfa, 0x4d, 0xfa, 0x55, 0x1b, 0x4e, 0xfb, 0x55, 0xfb, 0x4d, 0x1a, 0x4e,
    0xfa, 0x55, 0x1b, 0x56, 0xfa, 0x4d, 0x1a, 0x56, 0x1b, 0x56, 0xfa, 0x4d,
    0xfa, 0x4d, 0x1a, 0x4e, 0xfa, 0x4d, 0x1a, 0x4e, 0xfa, 0x4d, 0x1a, 0x4e,
    0x1b, 0x56, 0x1b, 0x56, 0x1a, 0x4e, 0x1b, 0x4e, 0x1a, 0x56, 0x1a, 0x4e,
    0x1b, 0x4e, 0xfa, 0x4d, 0x1a, 0x4e, 0xfb, 0x4d, 0xfa, 0x55, 0x1b, 0x4e,
    0x1a, 0x56, 0x1b, 0x4e, 0x1a, 0x4e, 0x1a, 0x56, 0xfa, 0x4d, 0xfa, 0x55,
    0x1b, 0x4e, 0xfa, 0x4d, 0xfa, 0x4d, 0xfa, 0x4d, 0xfa, 0x4d, 0xfa, 0x55,
    0xfa, 0x4d, 0xfa, 0x4d, 0x1a, 0x4e, 0xfa, 0x4d, 0xfa, 0x4d, 0xfa, 0x4d,
    0xfa, 0x4d, 0x1b, 0x4e, 0x1b, 0x4e, 0xfa, 0x4d, 0xfa, 0x4d, 0x1b, 0x56,
    0x1b, 0x4e, 0x5b, 0x4e, 0x06, 0xd4, 0x40, 0xf4, 0x80, 0xfc, 0xc0, 0xfc,
    0xe0, 0xf4, 0x00, 0xfd, 0x00, 0xfd, 0x40, 0xfd, 0x40, 0xfd, 0x40, 0xfd,
    0x20, 0xf5, 0x20, 0xfd, 0x20, 0xfd, 0x20, 0xfd, 0x20, 0xfd, 0x40, 0xfd,
    0x60, 0xfd, 0x80, 0xfd, 0x80, 0xfd, 0xa0, 0xfd, 0xc0, 0xfd, 0xc0, 0xfd,
    0xe0, 0xfd, 0xe0, 0xfd, 0xe0, 0xfd, 0xe0, 0xfd, 0x00, 0xfe, 0x00, 0xfe,
    0x20, 0xfe, 0x20, 0xfe, 0x00, 0xfe, 0x20, 0xfe, 0x00, 0xfe, 0x00, 0xfe,
    0x00, 0xfe, 0xe0, 0xfd, 0xc0, 0xfd, 0x80, 0xfd, 0x60, 0xfd, 0x40, 0xfd,
    0x21, 0xe4, 0x81, 0x78, 0x80, 0x78, 0xc0, 0x90, 0xe0, 0x98, 0xe0, 0x98,
    0xc0, 0x90, 0x80, 0x78, 0x60, 0x60, 0x60, 0x60, 0xa0, 0x99, 0x60, 0xfd,
    0x40, 0xfd, 0x40, 0xfd, 0x60, 0xfd, 0x60, 0xfd, 0xa0, 0xfd, 0xa0, 0xfd,
    0xa0, 0xfd, 0x80, 0xfd, 0x60, 0xfd, 0x60, 0xfd, 0x60, 0xfd, 0x40, 0xfd,
    0x20, 0xfd, 0x20, 0xfd, 0x20, 0xfd, 0x00, 0xfd, 0x00, 0xfd, 0xe0, 0xfc,
    0xe0, 0xfc, 0xc0, 0xfc, 0xa0, 0xfc, 0xa0, 0xfc, 0x80, 0xfc, 0x03, 0xec,
    0x35, 0xe6, 0x55, 0xee, 0x55, 0xee, 0x54, 0xee, 0x56, 0xe6, 0xd3, 0xe5,
    0x6e, 0xe5, 0xe4, 0xd3, 0xe1, 0xf3, 0x80, 0xfc, 0x00, 0xfd, 0x00, 0xfd,
    0xe0, 0xfc, 0xc0, 0xf4, 0x21, 0xec, 0x04, 0xcb, 0x68, 0xa3, 0x48, 0xb3,
    0x00, 0xec, 0x60, 0xf4, 0x80, 0xfc, 0x80, 0xf4, 0x80, 0xf4, 0x60, 0xfc,
    0x40, 0xf4, 0x40, 0xfc, 0x20, 0xf4, 0x00, 0xf4, 0xe0, 0xf3, 0xc0, 0xf3,
    0x80, 0xf3, 0x80, 0xf3, 0x40, 0xeb, 0x20, 0xeb, 0xe0, 0xea, 0xc0, 0xe2,
    0xa0, 0xe2, 0xa0, 0xe2, 0x80, 0xe2, 0x80, 0xda, 0x80, 0xe2, 0xc2, 0x88,
    0xa3, 0x88, 0xc3, 0x90, 0xc3, 0x90, 0xc3, 0x90, 0xe3, 0x98, 0xc3, 0xa0,
    0x73, 0x5c, 0xda, 0x4d, 0xda, 0x4d, 0xfa, 0x4d, 0xfb, 0x4d, 0xfa, 0x45,
    0xfb, 0x4d, 0xfa, 0x4d, 0xfa, 0x4d, 0xfa, 0x4d, 0xfa, 0x4d, 0xfb, 0x4d,
    0xfa, 0x4d, 0xfa, 0x45, 0xfa, 0x4d, 0xfa, 0x45, 0xfa, 0x4d, 0xfb, 0x45,
    0xfa, 0x45, 0xda, 0x4d, 0xfb, 0x4d, 0xfb, 0x45, 0xda, 0x4d, 0xfa, 0x4d,
    0xfb, 0x45, 0xda, 0x4d, 0xfa, 0x45, 0xfa, 0x4d, 0xda, 0x45, 0xfa, 0x4d,
    0xfb, 0x4d, 0xda, 0x45, 0xfa, 0x45, 0xfa, 0x4d, 0xfb, 0x4d, 0xfa, 0x4d,
    0xfa, 0x45, 0xfb, 0x4d, 0xfa, 0x4d, 0x1b, 0x46, 0xa7, 0xab, 0x65, 0xbb,
    0x66, 0xb3, 0x66, 0xb3, 0x66, 0xbb, 0x66, 0xbb, 0x65, 0xbb, 0x66, 0xbb,
    0xd5, 0x4c, 0xd5, 0x4c, 0xf5, 0x4c, 0xd5, 0x4c, 0xf5, 0x4c, 0xd5, 0x4c,
    0xd5, 0x4c, 0xd4, 0x4c, 0xf5, 0x4c, 0xf5, 0x44, 0xd4, 0x44, 0xfa, 0x4d,
    0x1b, 0x56, 0x1a, 0x4e, 0x1a, 0x56, 0x1a, 0x4e, 0xfa, 0x4d, 0x1b, 0x4e,
    0x1b, 0x56, 0xfa, 0x4d, 0x1a, 0x4e, 0xfb, 0x55, 0xfa, 0x4d, 0x1a, 0x56,
    0x1a, 0x4e, 0x1b, 0x56, 0x1a, 0x56, 0x1a, 0x4e, 0xfb, 0x55, 0x1a, 0x4e,
    0xfa, 0x4d, 0xfa, 0x55, 0xfa, 0x4d, 0x1b, 0x56, 0xfb, 0x4d, 0xfa, 0x55,
    0x1a, 0x56, 0xfa, 0x4d, 0xfb, 0x4d, 0xfa, 0x55, 0xfa, 0x4d, 0x1a, 0x4e,
    0x1a, 0x56, 0xfb, 0x4d, 0xfa, 0x4d, 0x1a, 0x4e, 0x1b, 0x56, 0xfa, 0x4d,
    0x1a, 0x56, 0x1b, 0x4e, 0x1a, 0x4e, 0x1a, 0x56, 0xfb, 0x4d, 0x1b, 0x4e,
    0xfa, 0x55, 0xfa, 0x4d, 0xfb, 0x55, 0xfa, 0x4d, 0xfb, 0x55, 0xfa, 0x4d,
    0xfa, 0x4d, 0x1a, 0x56, 0xfa, 0x4d, 0x1a, 0x4e, 0xfa, 0x55, 0xfa, 0x4d,
    0xfb, 0x4d, 0x1a, 0x4e, 0x81, 0xfb, 0x40, 0xf4, 0x80, 0xfc, 0xa0, 0xfc,
    0xe0, 0xfc, 0x00, 0xfd, 0x00, 0xfd, 0x20, 0xfd, 0x40, 0xfd, 0x40, 0xfd,
    0x40, 0xfd, 0x40, 0xfd, 0x40, 0xfd, 0x40, 0xfd, 0x60, 0xfd, 0x60, 0xfd,
    0x80, 0xfd, 0x80, 0xfd, 0x80, 0xfd, 0xa0, 0xfd, 0xc0, 0xfd, 0xc0, 0xfd,
    0xe0, 0xfd, 0xe0, 0xfd, 0xe0, 0xfd, 0x00, 0xfe, 0x00, 0xfe, 0x00, 0xfe,
    0x00, 0xfe, 0x00, 0xfe, 0x00, 0xfe, 0x20, 0xfe, 0x00, 0xfe, 0x00, 0xfe,
    0x00, 0xfe, 0x00, 0xfe, 0xc0, 0xfd, 0x80, 0xfd, 0x60, 0xfd, 0x80, 0xf5,
    0xc1, 0xa9, 0xe0, 0x98, 0x20, 0xa9, 0x20, 0xb1, 0x21, 0xb9, 0x20, 0xb1,
    0x20, 0xb1, 0x00, 0xa9, 0xc0, 0x90, 0x80, 0x78, 0x01, 0x89, 0x40, 0xfd,
    0x40, 0xfd, 0x40, 0xfd, 0x60, 0xfd, 0x60, 0xfd, 0x80, 0xfd, 0xa0, 0xfd,
    0x80, 0xfd, 0x60, 0xfd, 0x60, 0xfd, 0x40, 0xfd, 0x40, 0xfd, 0x40, 0xfd,
    0x20, 0xfd, 0x20, 0xfd, 0x00, 0xfd, 0x00, 0xfd, 0x00, 0xfd, 0xe0, 0xfc,
    0xc0, 0xfc, 0xc0, 0xf4, 0xc0, 0xfc, 0xa0, 0xfc, 0x80, 0xfc, 0x80, 0xf4,
    0x26, 0xec, 0x76, 0xe6, 0xf3, 0xed, 0x0c, 0xed, 0x03, 0xf4, 0x60, 0xfc,
    0xc0, 0xfc, 0x00, 0xfd, 0x00, 0xfd, 0x20, 0xfd, 0x20, 0xfd, 0x20, 0xfd,
    0x20, 0xfd, 0x20, 0xfd, 0x20, 0xfd, 0x00, 0xfd, 0x00, 0xfd, 0xa0, 0xfc,
    0x40, 0xf4, 0x80, 0xfc, 0x80, 0xfc, 0x80, 0xfc, 0x60, 0xf4, 0x60, 0xfc,
    0x40, 0xfc, 0x20, 0xf4, 0x20, 0xf4, 0x00, 0xf4, 0xe0, 0xf3, 0xc0, 0xf3,
    0x80, 0xf3, 0x40, 0xeb, 0x40, 0xeb, 0x00, 0xeb, 0xe0, 0xe2, 0xc0, 0xe2,
    0xa0, 0xe2, 0xa0, 0xe2, 0x80, 0xe2, 0x80, 0xda, 0x81, 0xda, 0xa3, 0x88,
    0xa2, 0x88, 0xa3, 0x90, 0xc3, 0x90, 0xc3, 0x98, 0xc3, 0x98, 0xc3, 0x98,
    0xe8, 0x91, 0x1b, 0x46, 0xfa, 0x4d, 0xfa, 0x45, 0xfa, 0x4d, 0xfa, 0x4d,
    0xfb, 0x45, 0xfa, 0x45, 0xfa, 0x4d, 0xfa, 0x45, 0xfb, 0x45, 0xfa, 0x4d,
    0xfa, 0x4d, 0xfb, 0x4d, 0xfb, 0x4d, 0xfa, 0x45, 0xda, 0x45, 0xfb, 0x4d,
    0xfb, 0x4d, 0xfa, 0x45, 0xfa, 0x4d, 0xfa, 0x45, 0xda, 0x4d, 0xfb, 0x4d,
    0xfa, 0x4d, 0xda, 0x45, 0xfb, 0x4d, 0xfb, 0x4d, 0xfa, 0x45, 0xfa, 0x4d,
    0xfa, 0x4d, 0xfa, 0x45, 0xfb, 0x4d, 0xfa, 0x4d, 0xfa, 0x4d, 0xfa, 0x4d,
    0xfa, 0x45, 0xfa, 0x4d, 0xfa, 0x4d, 0xd9, 0x55, 0x45, 0xbb, 0x66, 0xbb,
    0x66, 0xb3, 0x65, 0xb3, 0x66, 0xbb, 0x45, 0xb3, 0x66, 0xbb, 0x45, 0xb3,
    0xf5, 0x4c, 0xf5, 0x4c, 0xf5, 0x54, 0xf5, 0x4c, 0xf5, 0x4c, 0xd4, 0x4c,
    0xf5, 0x4c, 0xf5, 0x4c, 0xd5, 0x4c, 0xf5, 0x4c, 0x36, 0x45, 0x1b, 0x56,
    0xfa, 0x55, 0x1a, 0x56, 0xfa, 0x4d, 0x1a, 0x56, 0x1a, 0x56, 0x1a, 0x56,
    0x1a, 0x4e, 0xfa, 0x4d, 0x1a, 0x56, 0x1a, 0x4e, 0x1b, 0x56, 0x1a, 0x4e,
    0x1a, 0x4e, 0xfb, 0x55, 0x1a, 0x4e, 0x1b, 0x4e, 0xfa, 0x55, 0x1a, 0x4e,
    0x1a, 0x4e, 0xfa, 0x55, 0x1a, 0x4e, 0xfa, 0x55, 0xfa, 0x55, 0x1b, 0x4e,
    0x1a, 0x56, 0x1a, 0x4e, 0x1a, 0x56, 0x1a, 0x56, 0x1a, 0x4e, 0xfa, 0x4d,
    0xfa, 0x4d, 0xfb, 0x55, 0x1a, 0x4e, 0xfa, 0x55, 0x1b, 0x4e, 0xfa, 0x4d,
    0xfa, 0x55, 0x1a, 0x56, 0xfb, 0x4d, 0x1a, 0x56, 0x1a, 0x4e, 0xfa, 0x4d,
    0x1b, 0x4e, 0x1a, 0x56, 0x1b, 0x4e, 0x1a, 0x56, 0x1a, 0x4e, 0xfb, 0x4d,
    0x1a, 0x56, 0xfa, 0x55, 0xfa, 0x4d, 0x1a, 0x56, 0xfa, 0x4d, 0xfa, 0x4d,
    0x1a, 0x56, 0x97, 0x65, 0xa0, 0xf3, 0x40, 0xf4, 0x80, 0xf4, 0xa0, 0xfc,
    0xc0, 0xfc, 0xe0, 0xfc, 0x20, 0xfd, 0x20, 0xfd, 0x40, 0xfd, 0x40, 0xfd,
    0x40, 0xfd, 0x40, 0xfd, 0x40, 0xfd, 0x60, 0xfd, 0x60, 0xfd, 0x60, 0xfd,
    0x80, 0xfd, 0x80, 0xfd, 0xa0, 0xfd, 0xa0, 0xfd, 0xc0, 0xfd, 0xc0, 0xfd,
    0xc0, 0xfd, 0xe0, 0xfd, 0xe0, 0xfd, 0x00, 0xfe, 0xe0, 0xfd, 0x00, 0xfe,
    0x00, 0xfe, 0x00, 0xfe, 0x00, 0xfe, 0x00, 0xfe, 0x00, 0xfe, 0x00, 0xfe,
    0x00, 0xfe, 0xe0, 0xfd, 0xc0, 0xfd, 0x80, 0xfd, 0x60, 0xfd, 0xa0, 0xec,
    0xe0, 0x98, 0x40, 0xb1, 0x60, 0xc1, 0x60, 0xc9, 0x80, 0xc9, 0x80, 0xc9,
    0x60, 0xc1, 0x41, 0xb9, 0x20, 0xb1, 0xe0, 0x98, 0x60, 0x99, 0x40, 0xfd,
    0x40, 0xfd, 0x60, 0xfd, 0x60, 0xfd, 0x60, 0xfd, 0x80, 0xfd, 0x80, 0xfd,
    0x80, 0xfd, 0x60, 0xfd, 0x60, 0xfd, 0x60, 0xfd, 0x40, 0xfd, 0x40, 0xfd,
    0x20, 0xfd, 0x20, 0xfd, 0x00, 0xfd, 0x00, 0xfd, 0xe0, 0xfc, 0xe0, 0xfc,
    0xc0, 0xfc, 0xc0, 0xfc, 0xc0, 0xfc, 0xa0, 0xfc, 0xc0, 0xfc, 0xa0, 0xfc,
    0xa0, 0xfc, 0xe3, 0xeb, 0x20, 0xf4, 0xa0, 0xfc, 0xe0, 0xfc, 0x00, 0xfd,
    0x21, 0xfd, 0x40, 0xfd, 0x60, 0xfd, 0x80, 0xfd, 0x60, 0xfd, 0x60, 0xfd,
    0x60, 0xfd, 0x40, 0xfd, 0x40, 0xfd, 0x60, 0xfd, 0x20, 0xfd, 0x00, 0xfd,
    0x00, 0xfd, 0x80, 0xf4, 0x20, 0xf4, 0x60, 0xf4, 0x80, 0xfc, 0x60, 0xfc,
    0x40, 0xf4, 0x20, 0xf4, 0x20, 0xfc, 0xe0, 0xf3, 0xc0, 0xf3, 0xa0, 0xf3,
    0x60, 0xf3, 0x40, 0xeb, 0x20, 0xeb, 0x00, 0xeb, 0xe1, 0xe2, 0xa0, 0xe2,
    0xa0, 0xe2, 0x80, 0xda, 0x80, 0xda, 0x80, 0xda, 0x60, 0xda, 0x83, 0x88,
    0xa3, 0x88, 0xc3, 0x90, 0xc3, 0x98, 0xc3, 0x98, 0xe3, 0x98, 0xe4, 0xa0,
    0xe3, 0xa0, 0xda, 0x45, 0xfa, 0x45, 0x1a, 0x4e, 0xfa, 0x4d, 0xfb, 0x4d,
    0xfa, 0x4d, 0xfa, 0x4d, 0xfa, 0x4d, 0xfb, 0x4d, 0xfa, 0x4d, 0xfa, 0x4d,
    0xfa, 0x4d, 0xfa, 0x4d, 0xfa, 0x4d, 0xfa, 0x4d, 0xfa, 0x4d, 0xfa, 0x4d,
    0xfa, 0x45, 0xfa, 0x4d, 0xfa, 0x4d, 0xfb, 0x4d, 0xfa, 0x4d, 0xfa, 0x4d,
    0xfa, 0x4d, 0xfa, 0x4d, 0xfa, 0x4d, 0xfa, 0x4d, 0xfa, 0x4d, 0xfb, 0x4d,
    0xfa, 0x4d, 0xfb, 0x45, 0xfa, 0x4d, 0xfa, 0x45, 0xfb, 0x45, 0xfb, 0x4d,
    0xfa, 0x4d, 0xfa, 0x45, 0xfa, 0x45, 0x34, 0x6d, 0x65, 0xbb, 0x86, 0xbb,
    0x66, 0xbb, 0x65, 0xb3, 0x45, 0xb3, 0x66, 0xb3, 0x66, 0xb3, 0x66, 0xb3,
    0xd5, 0x4c, 0xd5, 0x4c, 0xf5, 0x4c, 0xd5, 0x4c, 0xd4, 0x4c, 0xd5, 0x4c,
    0xf5, 0x4c, 0xd5, 0x4c, 0xf5, 0x4c, 0xf5, 0x4c, 0xfa, 0x4d, 0x1a, 0x56,
    0x1a, 0x56, 0x1b, 0x4e, 0x1b, 0x56, 0xfa, 0x55, 0x1b, 0x56, 0x1a, 0x56,
    0x1b, 0x56, 0x1a, 0x4e, 0x1b, 0x56, 0xfa, 0x55, 0x1b, 0x4e, 0x1a, 0x56,
    0x1a, 0x56, 0x1b, 0x4e, 0x1a, 0x56, 0xfa, 0x55, 0xfb, 0x4d, 0x1b, 0x56,
    0xfa, 0x4d, 0x1b, 0x4e, 0x1a, 0x4e, 0x1a, 0x56, 0x1a, 0x4e, 0xfb, 0x4d,
    0x1b, 0x56, 0xfa, 0x55, 0x1b, 0x4e, 0xfa, 0x55, 0xfb, 0x55, 0x1b, 0x4e,
    0x1a, 0x56, 0x1a, 0x4e, 0xfa, 0x4d, 0x1a, 0x56, 0x1b, 0x56, 0xfa, 0x4d,
    0x1a, 0x4e, 0xfb, 0x4d, 0x1a, 0x56, 0x1b, 0x56, 0x1a, 0x56, 0xfa, 0x4d,
    0xfa, 0x4d, 0x1a, 0x4e, 0xfa, 0x4d, 0xfa, 0x55, 0x1a, 0x4e, 0xfa, 0x4d,
    0x1b, 0x56, 0x1a, 0x4e, 0x1a, 0x4e, 0xfa, 0x4d, 0x1b, 0x56, 0x1a, 0x4e,
    0xfa, 0x4d, 0x33, 0x7d, 0xa1, 0xf3, 0x20, 0xf4, 0x60, 0xfc, 0xa0, 0xfc,
    0xc0, 0xfc, 0xe0, 0xf4, 0x00, 0xfd, 0x20, 0xfd, 0x20, 0xfd, 0x20, 0xfd,
    0x40, 0xfd, 0x40, 0xfd, 0x60, 0xfd, 0x60, 0xfd, 0x60, 0xfd, 0x80, 0xfd,
    0x60, 0xfd, 0x80, 0xfd, 0xa0, 0xfd, 0xa0, 0xfd, 0xc0, 0xfd, 0xc0, 0xfd,
    0xc0, 0xfd, 0xe0, 0xfd, 0xe0, 0xfd, 0xe0, 0xfd, 0xe0, 0xfd, 0x00, 0xfe,
    0x00, 0xfe, 0x00, 0xfe, 0x00, 0xfe, 0x00, 0xfe, 0x00, 0xfe, 0x00, 0xfe,
    0xe0, 0xfd, 0xe0, 0xfd, 0xa0, 0xfd, 0x80, 0xfd, 0x60, 0xfd, 0xe0, 0xdb,
    0x00, 0xa9, 0x61, 0xc1, 0x80, 0xc9, 0xa0, 0xd1, 0xc0, 0xd1, 0xa0, 0xd1,
    0x80, 0xc9, 0x80, 0xc9, 0x41, 0xb9, 0x00, 0xa9, 0x40, 0xd3, 0x20, 0xfd,
    0x40, 0xfd, 0x40, 0xfd, 0x60, 0xfd, 0x40, 0xfd, 0xa0, 0xfd, 0x80, 0xfd,
    0x80, 0xfd, 0x60, 0xfd, 0x60, 0xfd, 0x60, 0xfd, 0x40, 0xfd, 0x40, 0xfd,
    0x20, 0xfd, 0x20, 0xfd, 0x00, 0xfd, 0xe0, 0xfc, 0xe0, 0xfc, 0xc0, 0xfc,
    0xc0, 0xfc, 0xc0, 0xfc, 0xc0, 0xfc, 0xc0, 0xfc, 0xa0, 0xfc, 0xa0, 0xfc,
    0xc0, 0xfc, 0xe0, 0xfc, 0x20, 0xfd, 0x20, 0xfd, 0x40, 0xfd, 0x60, 0xfd,
    0x80, 0xfd, 0x80, 0xfd, 0x80, 0xfd, 0xa0, 0xfd, 0x80, 0xfd, 0x80, 0xfd,
    0x80, 0xfd, 0x80, 0xfd, 0x60, 0xfd, 0x60, 0xfd, 0x40, 0xfd, 0x20, 0xfd,
    0x00, 0xfd, 0xe0, 0xfc, 0xa0, 0xfc, 0x60, 0xf4, 0x20, 0xf4, 0x60, 0xf4,
    0x40, 0xf4, 0x20, 0xf4, 0x00, 0xf4, 0x00, 0xf4, 0xc0, 0xf3, 0x80, 0xf3,
    0x60, 0xeb, 0x40, 0xeb, 0x00, 0xeb, 0xe0, 0xe2, 0xc0, 0xe2, 0xa0, 0xe2,
    0x80, 0xe2, 0x80, 0xda, 0x80, 0xda, 0x60, 0xda, 0x60, 0xd2, 0x83, 0x80,
    0xa2, 0x88, 0xc3, 0x90, 0xc3, 0x98, 0xc3, 0x98, 0xe3, 0x98, 0xe4, 0xa0,
    0xe3, 0xa0, 0x94, 0x5c, 0xfa, 0x45, 0xfb, 0x4d, 0xfb, 0x4d, 0xfa, 0x4d,
    0xfa, 0x4d, 0xfa, 0x45, 0xfb, 0x4d, 0xfa, 0x4d, 0xfa, 0x4d, 0xfb, 0x45,
    0xfa, 0x4d, 0xfa, 0x4d, 0xfb, 0x45, 0xfa, 0x4d, 0xfb, 0x4d, 0xfa, 0x4d,
    0xfa, 0x45, 0xfa, 0x4d, 0xfb, 0x4d, 0xfa, 0x4d, 0xfb, 0x4d, 0xfa, 0x45,
    0xfb, 0x4d, 0xfa, 0x4d, 0xfa, 0x45, 0xfa, 0x4d, 0xfa, 0x4d, 0xda, 0x45,
    0xfa, 0x4d, 0xfa, 0x4d, 0xfa, 0x4d, 0xfa, 0x4d, 0xfa, 0x4d, 0xda, 0x4d,
    0xfa, 0x4d, 0xfa, 0x4d, 0xfb, 0x45, 0x4d, 0x8c, 0x86, 0xb3, 0x66, 0xb3,
    0x66, 0xb3, 0x66, 0xbb, 0x66, 0xb3, 0x66, 0xbb, 0x45, 0xbb, 0x45, 0xb3,
    0xf5, 0x4c, 0xd5, 0x4c, 0xf5, 0x4c, 0xf5, 0x4c, 0xd5, 0x4c, 0xf5, 0x4c,
    0xf5, 0x4c, 0xd5, 0x4c, 0xf5, 0x4c, 0xb9, 0x4d, 0x1a, 0x56, 0xfa, 0x55,
    0x1a, 0x4e, 0xfa, 0x4d, 0xfb, 0x55, 0x1a, 0x56, 0x1b, 0x4e, 0x1a, 0x4e,
    0xfa, 0x4d, 0x1b, 0x56, 0x1a, 0x56, 0xfa, 0x4d, 0x1a, 0x4e, 0x1b, 0x56,
    0xfa, 0x4d, 0x1a, 0x4e, 0x1a, 0x56, 0x1a, 0x4e, 0x1b, 0x56, 0x1a, 0x56,
    0xfa, 0x4d, 0x1b, 0x56, 0x1a, 0x4e, 0x1b, 0x56, 0x1a, 0x56, 0x1a, 0x56,
    0x1a, 0x56, 0xfb, 0x4d, 0xfa, 0x4d, 0x1a, 0x56, 0x1a, 0x4e, 0xfa, 0x55,
    0x1a, 0x56, 0xfb, 0x4d, 0x1b, 0x56, 0x1a, 0x4e, 0xfb, 0x55, 0x1a, 0x56,
    0x1a, 0x4e, 0xfa, 0x4d, 0xfa, 0x55, 0x1b, 0x4e, 0x1a, 0x4e, 0x1a, 0x56,
    0xfb, 0x55, 0xfa, 0x4d, 0x1a, 0x56, 0xfb, 0x55, 0x1b, 0x4e, 0xfa, 0x55,
    0xfa, 0x4d, 0x1a, 0x4e, 0xfa, 0x55, 0x1a, 0x4e, 0xfb, 0x4d, 0x1a, 0x56,
    0x1b, 0x4e, 0xd2, 0x7c, 0xa0, 0xf3, 0x20, 0xf4, 0x60, 0xfc, 0x80, 0xf4,
    0xc0, 0xfc, 0xe0, 0xfc, 0x00, 0xfd, 0x00, 0xfd, 0x20, 0xfd, 0x20, 0xfd,
    0x40, 0xfd, 0x40, 0xfd, 0x60, 0xfd, 0x60, 0xfd, 0x60, 0xfd, 0x60, 0xfd,
    0x80, 0xfd, 0x80, 0xfd, 0xa0, 0xfd, 0xa0, 0xfd, 0xa0, 0xfd, 0xc0, 0xfd,
    0xc0, 0xfd, 0xc0, 0xfd, 0xe0, 0xfd, 0xe0, 0xfd, 0x00, 0xfe, 0x00, 0xfe,
    0x00, 0xfe, 0x00, 0xfe, 0xe0, 0xfd, 0x00, 0xfe, 0x00, 0xfe, 0xe0, 0xfd,
    0xe0, 0xfd, 0xc0, 0xfd, 0xa0, 0xfd, 0x80, 0xfd, 0x60, 0xf5, 0xa0, 0xdb,
    0x20, 0xb1, 0x80, 0xc9, 0xc0, 0xd1, 0xc0, 0xd1, 0xe0, 0xd9, 0xe0, 0xd9,
    0xc0, 0xd1, 0xa0, 0xd1, 0x80, 0xc9, 0x61, 0xb9, 0x21, 0xf5, 0x20, 0xfd,
    0x40, 0xfd, 0x40, 0xfd, 0x60, 0xfd, 0x60, 0xfd, 0x80, 0xfd, 0x80, 0xfd,
    0x80, 0xfd, 0x60, 0xfd, 0x40, 0xfd, 0x40, 0xfd, 0x40, 0xfd, 0x20, 0xfd,
    0x20, 0xfd, 0x00, 0xfd, 0xe0, 0xfc, 0xe0, 0xfc, 0xc0, 0xfc, 0xe0, 0xfc,
    0xc0, 0xfc, 0xc0, 0xfc, 0xc0, 0xfc, 0xa0, 0xfc, 0xa0, 0xfc, 0xe0, 0xfc,
    0x00, 0xfd, 0x20, 0xfd, 0x40, 0xfd, 0x60, 0xfd, 0x80, 0xfd, 0x80, 0xfd,
    0x80, 0xfd, 0xa0, 0xfd, 0xa0, 0xfd, 0xa0, 0xfd, 0xa0, 0xfd, 0xa0, 0xfd,
    0xa0, 0xfd, 0x80, 0xfd, 0x80, 0xfd, 0x60, 0xfd, 0x40, 0xfd, 0x20, 0xfd,
    0x00, 0xfd, 0xe0, 0xfc, 0xc0, 0xfc, 0xa0, 0xf4, 0x80, 0xfc, 0x01, 0xf4,
    0x00, 0xf4, 0x20, 0xf4, 0x00, 0xf4, 0xc0, 0xf3, 0xc0, 0xf3, 0x80, 0xf3,
    0x60, 0xeb, 0x20, 0xeb, 0xe1, 0xea, 0xe0, 0xe2, 0xa0, 0xe2, 0xa0, 0xe2,
    0x80, 0xe2, 0x80, 0xda, 0x60, 0xda, 0x60, 0xda, 0x01, 0xc2, 0x83, 0x88,
    0xa3, 0x88, 0xc3, 0x90, 0xc3, 0x98, 0xe3, 0x98, 0xe3, 0xa0, 0xe4, 0xa0,
    0xe3, 0xa8, 0xb0, 0x7b, 0xfa, 0x45, 0xfa, 0x4d, 0xfa, 0x4d, 0x1b, 0x4e,
    0xfa, 0x45, 0xfa, 0x4d, 0xfa, 0x4d, 0xfa, 0x4d, 0xfa, 0x4d, 0xfb, 0x4d,
    0xfa, 0x4d, 0xfa, 0x4d, 0xfb, 0x45, 0xfb, 0x4d, 0xfa, 0x4d, 0xfa, 0x45,
    0xfb, 0x4d, 0xfa, 0x4d, 0xfa, 0x45, 0xda, 0x4d, 0xfa, 0x4d, 0xfb, 0x4d,
    0xfa, 0x4d, 0xfa, 0x4d, 0xfb, 0x4d, 0xfa, 0x4d, 0xfb, 0x4d, 0xfa, 0x45,
    0xfa, 0x4d, 0xfb, 0x4d, 0xfa, 0x45, 0xfa, 0x4d, 0xfb, 0x4d, 0xfa, 0x45,
    0xfa, 0x4d, 0xfa, 0x4d, 0x1b, 0x4e, 0x88, 0xb3, 0x66, 0xbb, 0x45, 0xb3,
    0x66, 0xb3, 0x45, 0xb3, 0x66, 0xb3, 0x45, 0xb3, 0x66, 0xbb, 0x66, 0xbb,
    0xd5, 0x4c, 0xf5, 0x4c, 0xd4, 0x4c, 0xf5, 0x4c, 0xf5, 0x4c, 0xf5, 0x4c,
    0xf5, 0x4c, 0xf5, 0x4c, 0xb8, 0x4d, 0x1a, 0x56, 0x1a, 0x56, 0x1b, 0x56,
    0x1a, 0x56, 0x1a, 0x56, 0x1b, 0x56, 0x1a, 0x4e, 0x1a, 0x56, 0x1b, 0x56,
    0x1a, 0x56, 0x1a, 0x56, 0x1b, 0x56, 0x1a, 0x4e, 0x1a, 0x56, 0xfb, 0x55,
    0x1a, 0x4e, 0x1b, 0x56, 0xfa, 0x4d, 0x1b, 0x56, 0x1a, 0x4e, 0xfa, 0x4d,
    0xfa, 0x55, 0x1b, 0x56, 0x1a, 0x4e, 0xfa, 0x55, 0x1b, 0x4e, 0x1b, 0x56,
    0x1a, 0x4e, 0x1a, 0x4e, 0x1b, 0x56, 0xfa, 0x4d, 0x1b, 0x4e, 0x1a, 0x56,
    0x1a, 0x4e, 0xfa, 0x4d, 0x1a, 0x4e, 0x1b, 0x56, 0xfa, 0x4d, 0x1a, 0x56,
    0xfb, 0x55, 0x1b, 0x4e, 0xfa, 0x55, 0xfa, 0x4d, 0xfa, 0x4d, 0x1a, 0x56,
    0x1b, 0x4e, 0x1a, 0x56, 0x1a, 0x4e, 0x1a, 0x4e, 0xfa, 0x55, 0x1b, 0x4e,
    0x1a, 0x4e, 0xfa, 0x4d, 0xfa, 0x4d, 0x1a, 0x56, 0x1a, 0x4e, 0xfa, 0x55,
    0x1a, 0x4e, 0xf2, 0x84, 0xa0, 0xf3, 0x00, 0xf4, 0x60, 0xfc, 0x80, 0xf4,
    0xa0, 0xfc, 0xc0, 0xfc, 0xe0, 0xfc, 0x00, 0xfd, 0x20, 0xfd, 0x40, 0xfd,
    0x40, 0xfd, 0x40, 0xfd, 0x40, 0xfd, 0x60, 0xfd, 0x60, 0xfd, 0x60, 0xfd,
    0x80, 0xfd, 0x80, 0xfd, 0x80, 0xfd, 0xa0, 0xfd, 0xa0, 0xfd, 0xc0, 0xfd,
    0xc0, 0xfd, 0xc0, 0xfd, 0xe0, 0xfd, 0xe0, 0xfd, 0xe0, 0xfd, 0xe0, 0xfd,
    0xe0, 0xfd, 0x00, 0xfe, 0xe0, 0xfd, 0x00, 0xfe, 0xe0, 0xfd, 0xe0, 0xfd,
    0xe0, 0xfd, 0xc0, 0xfd, 0xc0, 0xfd, 0xa0, 0xfd, 0x60, 0xfd, 0x41, 0xe4,
    0x40, 0xb9, 0xa0, 0xc9, 0xe0, 0xd9, 0x00, 0xda, 0x00, 0xda, 0xe0, 0xd9,
    0xe0, 0xd1, 0xc1, 0xd1, 0x81, 0xc9, 0xe0, 0xe3, 0x40, 0xfd, 0x40, 0xfd,
    0x40, 0xfd, 0x40, 0xfd, 0x40, 0xfd, 0x80, 0xfd, 0x80, 0xfd, 0x60, 0xfd,
    0x60, 0xfd, 0x60, 0xfd, 0x60, 0xfd, 0x40, 0xfd, 0x20, 0xfd, 0x20, 0xfd,
    0x00, 0xfd, 0xe0, 0xfc, 0xe0, 0xfc, 0xe0, 0xfc, 0xc0, 0xfc, 0xc0, 0xfc,
    0xc0, 0xfc, 0xc0, 0xfc, 0xc0, 0xfc, 0xc0, 0xfc, 0xc0, 0xfc, 0x00, 0xfd,
    0x20, 0xfd, 0x40, 0xfd, 0x60, 0xfd, 0x60, 0xfd, 0x80, 0xfd, 0x80, 0xfd,
    0x80, 0xfd, 0x80, 0xfd, 0x80, 0xfd, 0xa0, 0xfd, 0x80, 0xfd, 0x80, 0xfd,
    0x80, 0xfd, 0x80, 0xfd, 0x60, 0xfd, 0x60, 0xfd, 0x40, 0xfd, 0x20, 0xfd,
    0x00, 0xfd, 0xe0, 0xfc, 0xc0, 0xfc, 0xc0, 0xfc, 0x80, 0xfc, 0x60, 0xfc,
    0x40, 0xf4, 0xc0, 0xf3, 0xc0, 0xf3, 0xc1, 0xf3, 0xa0, 0xf3, 0x60, 0xf3,
    0x20, 0xeb, 0x00, 0xeb, 0xe0, 0xea, 0xc0, 0xe2, 0xa0, 0xe2, 0x80, 0xda,
    0x80, 0xda, 0x81, 0xda, 0x80, 0xda, 0x60, 0xda, 0xa1, 0xb9, 0xa3, 0x88,
    0xa3, 0x90, 0xc3, 0x90, 0xc3, 0x98, 0xc3, 0x98, 0xe4, 0xa0, 0xe3, 0xa0,
    0xe4, 0xa8, 0xab, 0x8a, 0x1a, 0x4e, 0xfa, 0x4d, 0x1b, 0x4e, 0xfa, 0x4d,
    0xfa, 0x4d, 0xfb, 0x4d, 0xfb, 0x4d, 0x1b, 0x4e, 0xfa, 0x4d, 0xfa, 0x4d,
    0xfa, 0x4d, 0xfa, 0x4d, 0xfb, 0x4d, 0xfa, 0x4d, 0xfa, 0x4d, 0xfa, 0x4d,
    0xfb, 0x4d, 0xfa, 0x4d, 0xfb, 0x4d, 0xfa, 0x45, 0xfa, 0x4d, 0xfa, 0x4d,
    0xfa, 0x45, 0xfa, 0x4d, 0xfa, 0x4d, 0xfa, 0x4d, 0xfa, 0x4d, 0xfb, 0x4d,
    0xfa, 0x4d, 0xfa, 0x4d, 0xfa, 0x4d, 0xfb, 0x4d, 0xfb, 0x4d, 0xfa, 0x4d,
    0xfb, 0x4d, 0xfa, 0x4d, 0xf9, 0x55, 0x25, 0xbb, 0x86, 0xb3, 0x66, 0xbb,
    0x65, 0xb3, 0x46, 0xb3, 0x45, 0xb3, 0x65, 0xb3, 0x46, 0xb3, 0x46, 0xb3,
    0xf5, 0x4c, 0xf5, 0x4c, 0xf5, 0x44, 0xf5, 0x4c, 0xd5, 0x4c, 0xd5, 0x4c,
    0x15, 0x4d, 0xfa, 0x4d, 0x1a, 0x56, 0xfa, 0x55, 0x1b, 0x56, 0x1a, 0x4e,
    0x1b, 0x56, 0x1a, 0x56, 0x1a, 0x56, 0x1b, 0x56, 0x1a, 0x4e, 0x1a, 0x56,
    0x1b, 0x56, 0xfa, 0x4d, 0x1a, 0x56, 0x1a, 0x56, 0x1b, 0x56, 0x1b, 0x56,
    0x1a, 0x4e, 0x1a, 0x4e, 0xfa, 0x55, 0x1a, 0x56, 0x1b, 0x56, 0x1a, 0x4e,
    0x1a, 0x56, 0x1b, 0x56, 0x1a, 0x4e, 0xfa, 0x55, 0x1a, 0x4e, 0x1a, 0x56,
    0xfa, 0x55, 0xfa, 0x4d, 0x1a, 0x56, 0xfa, 0x55, 0x1a, 0x4e, 0xfb, 0x55,
    0x1a, 0x56, 0x1a, 0x56, 0x1b, 0x56, 0xfa, 0x4d, 0x1a, 0x56, 0xfa, 0x4d,
    0x1b, 0x56, 0x1a, 0x56, 0x1a, 0x4e, 0x1a, 0x56, 0xfb, 0x55, 0x1b, 0x56,
    0x1a, 0x4e, 0x1a, 0x56, 0x1b, 0x4e, 0x1a, 0x56, 0xfa, 0x4d, 0x1a, 0x56,
    0x1b, 0x56, 0xfa, 0x4d, 0x1a, 0x56, 0x1b, 0x4e, 0xfa, 0x55, 0xfa, 0x4d,
    0x1b, 0x56, 0x12, 0x85, 0xa0, 0xf3, 0x00, 0xf4, 0x20, 0xfc, 0x60, 0xfc,
    0xa0, 0xf4, 0xa0, 0xfc, 0xc0, 0xf4, 0x00, 0xfd, 0x00, 0xfd, 0x20, 0xfd,
    0x20, 0xfd, 0x40, 0xfd, 0x40, 0xfd, 0x40, 0xfd, 0x60, 0xfd, 0x80, 0xfd,
    0x80, 0xfd, 0x80, 0xfd, 0x80, 0xfd, 0x80, 0xfd, 0xa0, 0xfd, 0xa0, 0xfd,
    0xc0, 0xfd, 0xc0, 0xfd, 0xc0, 0xfd, 0xe0, 0xfd, 0xe0, 0xfd, 0xe0, 0xfd,
    0xe0, 0xfd, 0xe0, 0xfd, 0x00, 0xfe, 0xe0, 0xfd, 0xe0, 0xfd, 0xe0, 0xfd,
    0xe0, 0xfd, 0xc0, 0xfd, 0xa0, 0xfd, 0xa0, 0xfd, 0x80, 0xfd, 0x60, 0xfd,
    0xc1, 0xc9, 0xc0, 0xd1, 0x00, 0xda, 0x01, 0xda, 0x00, 0xda, 0x00, 0xda,
    0xe0, 0xd9, 0xc0, 0xd1, 0xc0, 0xe3, 0x40, 0xfd, 0x40, 0xfd, 0x40, 0xfd,
    0x40, 0xfd, 0x40, 0xfd, 0x40, 0xfd, 0x80, 0xfd, 0x80, 0xfd, 0x60, 0xfd,
    0x60, 0xfd, 0x60, 0xfd, 0x40, 0xfd, 0x20, 0xfd, 0x20, 0xfd, 0x00, 0xfd,
    0x00, 0xfd, 0x00, 0xfd, 0xe0, 0xfc, 0xe0, 0xfc, 0xc0, 0xfc, 0xc0, 0xfc,
    0xc0, 0xf4, 0xa0, 0xfc, 0xc0, 0xfc, 0xc0, 0xf4, 0xe0, 0xfc, 0x00, 0xfd,
    0x20, 0xfd, 0x40, 0xfd, 0x60, 0xfd, 0x60, 0xfd, 0x80, 0xfd, 0x60, 0xfd,
    0x80, 0xfd, 0x80, 0xfd, 0x80, 0xfd, 0x80, 0xfd, 0x80, 0xfd, 0x80, 0xfd,
    0x80, 0xfd, 0x60, 0xfd, 0x60, 0xfd, 0x40, 0xfd, 0x40, 0xfd, 0x20, 0xfd,
    0x00, 0xfd, 0x00, 0xfd, 0xe0, 0xfc, 0xc0, 0xfc, 0xa0, 0xf4, 0x80, 0xfc,
    0x60, 0xfc, 0x20, 0xf4, 0xc0, 0xf3, 0x60, 0xeb, 0x80, 0xf3, 0x20, 0xeb,
    0x20, 0xeb, 0xe0, 0xea, 0xc0, 0xe2, 0xc0, 0xe2, 0x80, 0xe2, 0x80, 0xda,
    0x80, 0xda, 0x60, 0xda, 0x60, 0xda, 0x60, 0xda, 0x62, 0xa9, 0xa2, 0x88,
    0xc3, 0x90, 0xc3, 0x90, 0xc3, 0x98, 0xe4, 0x98, 0xe3, 0xa0, 0xe4, 0xa8,
    0xe3, 0xa0, 0x49, 0x92, 0x1a, 0x46, 0xfb, 0x45, 0x1a, 0x4e, 0xfa, 0x4d,
    0xfb, 0x4d, 0xfa, 0x4d, 0xfa, 0x4d, 0xfa, 0x4d, 0x1a, 0x4e, 0xfb, 0x4d,
    0xfa, 0x4d, 0xfa, 0x4d, 0xfb, 0x4d, 0xfa, 0x4d, 0xfa, 0x4d, 0xfa, 0x4d,
    0xfb, 0x4d, 0xfa, 0x4d, 0xfa, 0x4d, 0xfb, 0x4d, 0xfa, 0x4d, 0xfa, 0x4d,
    0xfb, 0x4d, 0xfa, 0x4d, 0xfb, 0x4d, 0xfb, 0x4d, 0xfa, 0x4d, 0xfa, 0x4d,
    0xfa, 0x4d, 0xfa, 0x4d, 0xfa, 0x4d, 0xfb, 0x4d, 0xfa, 0x4d, 0xfa, 0x4d,
    0xfb, 0x4d, 0xfa, 0x4d, 0x54, 0x65, 0x46, 0xb3, 0x66, 0xb3, 0x66, 0xb3,
    0x66, 0xb3, 0x66, 0xbb, 0x65, 0xb3, 0x66, 0xbb, 0x45, 0xb3, 0x65, 0xb3,
    0xd5, 0x44, 0xd5, 0x4c, 0xd5, 0x44, 0xf5, 0x44, 0x16, 0x4d, 0xd9, 0x4d,
    0x1a, 0x56, 0x1a, 0x56, 0x1a, 0x56, 0x1a, 0x56, 0x1b, 0x56, 0x1b, 0x56,
    0x1a, 0x56, 0xfa, 0x4d, 0x1b, 0x56, 0x1b, 0x56, 0x1a, 0x56, 0x1a, 0x56,
    0x1b, 0x4e, 0x1b, 0x56, 0x1a, 0x56, 0x1a, 0x4e, 0xfa, 0x55, 0xfa, 0x55,
    0x1b, 0x56, 0x1a, 0x56, 0x1b, 0x56, 0x1a, 0x56, 0x1a, 0x56, 0x1a, 0x4e,
    0x1b, 0x56, 0x1a, 0x4e, 0x1b, 0x4e, 0x1a, 0x56, 0x1b, 0x56, 0x1b, 0x4e,
    0x1a, 0x56, 0xfa, 0x4d, 0x1b, 0x56, 0x1a, 0x4e, 0x1a, 0x4e, 0x1a, 0x56,
    0x1b, 0x56, 0x1a, 0x4e, 0x1a, 0x56, 0xfa, 0x4d, 0x1a, 0x4e, 0x1a, 0x56,
    0x1a, 0x4e, 0x1b, 0x56, 0x1a, 0x56, 0x1a, 0x4e, 0xfa, 0x4d, 0x1a, 0x56,
    0x1a, 0x56, 0xfa, 0x4d, 0x1a, 0x56, 0xfa, 0x55, 0x1a, 0x4e, 0x1a, 0x56,
    0x1a, 0x56, 0x1b, 0x4e, 0x1a, 0x4e, 0xfa, 0x55, 0xfa, 0x4d, 0xfa, 0x55,
    0x1a, 0x4e, 0xf2, 0x84, 0xa0, 0xf3, 0x00, 0xf4, 0x20, 0xf4, 0x60, 0xfc,
    0x80, 0xfc, 0xa0, 0xf4, 0xc0, 0xfc, 0xe0, 0xfc, 0x00, 0xfd, 0x00, 0xfd,
    0x20, 0xfd, 0x20, 0xfd, 0x40, 0xfd, 0x60, 0xfd, 0x40, 0xfd, 0x60, 0xfd,
    0x60, 0xfd, 0x80, 0xfd, 0x80, 0xfd, 0x80, 0xfd, 0xa0, 0xfd, 0xa0, 0xfd,
    0xa0, 0xfd, 0xc0, 0xfd, 0xc0, 0xfd, 0xc0, 0xfd, 0xe0, 0xfd, 0xe0, 0xfd,
    0xe0, 0xfd, 0xc0, 0xfd, 0xe0, 0xfd, 0xe0, 0xfd, 0xe0, 0xfd, 0xe0, 0xfd,
    0xc0, 0xfd, 0xc0, 0xfd, 0xa0, 0xfd, 0xa0, 0xfd, 0x80, 0xfd, 0x60, 0xfd,
    0xe0, 0xf4, 0x00, 0xd2, 0xe0, 0xd9, 0x00, 0xda, 0xe0, 0xd9, 0xe0, 0xd9,
    0xc0, 0xda, 0xe1, 0xf4, 0x40, 0xfd, 0x40, 0xfd, 0x40, 0xfd, 0x40, 0xfd,
    0x40, 0xfd, 0x20, 0xfd, 0x80, 0xfd, 0x60, 0xfd, 0x60, 0xfd, 0x60, 0xfd,
    0x40, 0xfd, 0x40, 0xfd, 0x40, 0xfd, 0x20, 0xfd, 0x00, 0xfd, 0x00, 0xfd,
    0xe0, 0xfc, 0xe0, 0xfc, 0xe0, 0xfc, 0xc0, 0xfc, 0xc0, 0xfc, 0xc0, 0xfc,
    0xc0, 0xfc, 0xa0, 0xfc, 0xc0, 0xfc, 0xe0, 0xfc, 0x00, 0xfd, 0x20, 0xfd,
    0x20, 0xfd, 0x20, 0xfd, 0x40, 0xfd, 0x60, 0xfd, 0x60, 0xfd, 0x60, 0xfd,
    0x60, 0xfd, 0x60, 0xfd, 0x80, 0xfd, 0x80, 0xfd, 0x80, 0xfd, 0x80, 0xfd,
    0x80, 0xfd, 0x60, 0xfd, 0x60, 0xfd, 0x40, 0xfd, 0x40, 0xfd, 0x20, 0xfd,
    0x00, 0xfd, 0xe0, 0xfc, 0xe0, 0xfc, 0xc0, 0xfc, 0xa0, 0xfc, 0x80, 0xfc,
    0x60, 0xf4, 0x40, 0xfc, 0x00, 0xf4, 0xc0, 0xf3, 0x60, 0xeb, 0x20, 0xeb,
    0x21, 0xeb, 0xe0, 0xea, 0xc0, 0xe2, 0xa0, 0xe2, 0x81, 0xda, 0x80, 0xda,
    0x60, 0xda, 0x60, 0xda, 0x60, 0xda, 0x60, 0xda, 0x02, 0x99, 0xa3, 0x88,
    0xc3, 0x90, 0xc3, 0x90, 0xe3, 0x98, 0xe3, 0xa0, 0xe3, 0xa0, 0xe3, 0xa8,
    0x04, 0xa9, 0x6a, 0x92, 0x1b, 0x46, 0xfa, 0x4d, 0x1a, 0x4e, 0xfb, 0x4d,
    0xfa, 0x4d, 0x1a, 0x4e, 0xfa, 0x4d, 0x1a, 0x4e, 0x1b, 0x4e, 0xfa, 0x4d,
    0xfa, 0x4d, 0x1a, 0x4e, 0x1a, 0x4e, 0xfb, 0x4d, 0xfa, 0x4d, 0xfa, 0x4d,
    0xfa, 0x4d, 0xfb, 0x4d, 0xfa, 0x4d, 0xfa, 0x4d, 0xfa, 0x4d, 0xfb, 0x4d,
    0xfa, 0x4d, 0xfa, 0x4d, 0xfa, 0x4d, 0xfa, 0x4d, 0xfa, 0x4d, 0xfb, 0x4d,
    0xfa, 0x4d, 0xfa, 0x4d, 0xfa, 0x4d, 0xfa, 0x45, 0xfa, 0x4d, 0xfa, 0x4d,
    0x1b, 0x4e, 0x1b, 0x4e, 0xaf, 0x7c, 0x66, 0xb3, 0x66, 0xb3, 0x46, 0xb3,
    0x46, 0xb3, 0x45, 0xb3, 0x46, 0xb3, 0x66, 0xbb, 0x65, 0xb3, 0x45, 0xb3,
    0xd9, 0x4d, 0xf9, 0x55, 0x1a, 0x56, 0x1a, 0x56, 0x1a, 0x56, 0x1a, 0x56,
    0x1a, 0x56, 0xfa, 0x55, 0x1b, 0x56, 0x1a, 0x56, 0x1a, 0x56, 0x1a, 0x56,
    0x1a, 0x56, 0x1b, 0x4e, 0x1a, 0x56, 0x1a, 0x56, 0x1b, 0x56, 0x1a, 0x56,
    0x1b, 0x56, 0x1b, 0x56, 0x1a, 0x56, 0x1b, 0x56, 0x1a, 0x56, 0x1a, 0x56,
    0x1b, 0x4e, 0x1a, 0x56, 0x1a, 0x56, 0x1b, 0x4e, 0x1a, 0x56, 0x1b, 0x56,
    0x1a, 0x56, 0xfa, 0x55, 0x1a, 0x56, 0x1b, 0x56, 0xfa, 0x4d, 0x1a, 0x56,
    0x1b, 0x56, 0x1b, 0x4e, 0xfa, 0x4d, 0x1b, 0x56, 0x1b, 0x56, 0x1a, 0x4e,
    0xfa, 0x4d, 0x1b, 0x4e, 0xfa, 0x55, 0xfa, 0x55, 0xfb, 0x4d, 0x1b, 0x56,
    0x1a, 0x56, 0x1b, 0x4e, 0x1b, 0x56, 0x1a, 0x56, 0x1a, 0x4e, 0x1b, 0x56,
    0xfa, 0x4d, 0x1b, 0x4e, 0x1b, 0x56, 0x1a, 0x56, 0x1b, 0x4e, 0xfa, 0x4d,
    0xfa, 0x55, 0xfa, 0x4d, 0x1b, 0x56, 0x1a, 0x4e, 0x1a, 0x56, 0x1a, 0x4e,
    0x1b, 0x56, 0x54, 0x75, 0x81, 0xeb, 0xe0, 0xf3, 0x20, 0xf4, 0x40, 0xf4,
    0x60, 0xfc, 0x80, 0xfc, 0xa0, 0xfc, 0xc0, 0xfc, 0xe0, 0xfc, 0x00, 0xfd,
    0x00, 0xf5, 0x20, 0xfd, 0x20, 0xfd, 0x20, 0xfd, 0x40, 0xfd, 0x60, 0xfd,
    0x60, 0xfd, 0x60, 0xfd, 0x80, 0xfd, 0x80, 0xfd, 0x80, 0xfd, 0xa0, 0xfd,
    0xa0, 0xfd, 0xc0, 0xfd, 0xc0, 0xfd, 0xc0, 0xfd, 0xc0, 0xfd, 0x80, 0xfd,
    0x40, 0xfd, 0x20, 0xfd, 0x80, 0xfd, 0xc0, 0xfd, 0xc0, 0xfd, 0xe0, 0xfd,
    0xc0, 0xfd, 0xc0, 0xfd, 0xc0, 0xfd, 0x80, 0xfd, 0x80, 0xfd, 0x60, 0xfd,
    0x60, 0xfd, 0x80, 0xfd, 0x00, 0xf5, 0x80, 0xf4, 0xc1, 0xf4, 0x60, 0xfd,
    0x40, 0xfd, 0x20, 0xfd, 0x40, 0xfd, 0x40, 0xfd, 0x40, 0xfd, 0x40, 0xfd,
    0x20, 0xf5, 0x60, 0xfd, 0x60, 0xfd, 0x60, 0xfd, 0x40, 0xfd, 0x40, 0xfd,
    0x40, 0xfd, 0x20, 0xfd, 0x20, 0xfd, 0x20, 0xfd, 0x00, 0xfd, 0xe0, 0xfc,
    0xe0, 0xfc, 0xe0, 0xfc, 0xc0, 0xfc, 0xc0, 0xfc, 0xa0, 0xf4, 0xa0, 0xf4,
    0xa0, 0xfc, 0xc0, 0xfc, 0xc0, 0xfc, 0xe0, 0xfc, 0xe0, 0xfc, 0x00, 0xfd,
    0x20, 0xfd, 0x20, 0xfd, 0x20, 0xfd, 0x20, 0xfd, 0x20, 0xfd, 0x20, 0xfd,
    0x40, 0xfd, 0x40, 0xfd, 0x60, 0xfd, 0x60, 0xfd, 0x60, 0xfd, 0x60, 0xfd,
    0x60, 0xfd, 0x40, 0xfd, 0x40, 0xfd, 0x40, 0xfd, 0x20, 0xfd, 0x00, 0xfd,
    0x00, 0xfd, 0xe0, 0xfc, 0xe0, 0xfc, 0xc0, 0xfc, 0x80, 0xf4, 0x80, 0xfc,
    0x40, 0xfc, 0x20, 0xf4, 0x00, 0xf4, 0xc0, 0xf3, 0x80, 0xf3, 0x20, 0xeb,
    0x00, 0xeb, 0xe0, 0xe2, 0xc0, 0xe2, 0xa0, 0xe2, 0x80, 0xda, 0x80, 0xda,
    0x60, 0xda, 0x60, 0xda, 0x60, 0xda, 0x61, 0xda, 0xa3, 0x88, 0xa2, 0x88,
    0xa3, 0x90, 0xe3, 0x98, 0xe3, 0x98, 0xe4, 0xa0, 0x04, 0xa9, 0x03, 0xa9,
    0xe4, 0xb0, 0xab, 0x8a, 0xfa, 0x4d, 0xfa, 0x4d, 0xfb, 0x4d, 0x1a, 0x4e,
    0xfa, 0x4d, 0x1b, 0x4e, 0xfa, 0x4d, 0xfa, 0x4d, 0xfb, 0x4d, 0x1a, 0x4e,
    0xfa, 0x4d, 0xfb, 0x4d, 0xfa, 0x4d, 0xfa, 0x4d, 0xfb, 0x4d, 0xfa, 0x4d,
    0xfa, 0x4d, 0x1a, 0x4e, 0x1a, 0x4e, 0xfb, 0x4d, 0xfa, 0x4d, 0xfa, 0x4d,
    0xfa, 0x4d, 0xfa, 0x4d, 0xfb, 0x4d, 0xfa, 0x4d, 0xfa, 0x4d, 0xfb, 0x4d,
    0xfa, 0x45, 0xfa, 0x4d, 0xfa, 0x4d, 0xfa, 0x4d, 0xfa, 0x4d, 0xfa, 0x4d,
    0xfb, 0x4d, 0x3b, 0x4e, 0x0b, 0x9c, 0x66, 0xb3, 0x45, 0xb3, 0x46, 0xb3,
    0x66, 0xb3, 0x65, 0xb3, 0x46, 0xb3, 0x46, 0xb3, 0x45, 0xb3, 0x66, 0xbb,
    0x1a, 0x56, 0x1a, 0x56, 0x1a, 0x56, 0x1a, 0x56, 0x1a, 0x56, 0x1b, 0x56,
    0x1a, 0x56, 0x1a, 0x56, 0x1a, 0x56, 0x1b, 0x56, 0x1a, 0x56, 0x1a, 0x56,
    0x1b, 0x56, 0x1b, 0x56, 0x1a, 0x56, 0x1a, 0x56, 0x1a, 0x56, 0x1b, 0x56,
    0x1a, 0x4e, 0x1a, 0x56, 0xfa, 0x55, 0x1b, 0x56, 0x1b, 0x4e, 0x1a, 0x4e,
    0x1a, 0x56, 0x1b, 0x56, 0x1a, 0x4e, 0x1a, 0x56, 0x1b, 0x56, 0x1a, 0x56,
    0x1b, 0x4e, 0x1a, 0x56, 0x1a, 0x56, 0x1b, 0x4e, 0x1a, 0x56, 0x1a, 0x56,
    0x1a, 0x4e, 0x1a, 0x56, 0x1a, 0x56, 0xfa, 0x55, 0x1a, 0x4e, 0x1a, 0x56,
    0xfa, 0x55, 0x1b, 0x56, 0x1a, 0x4e, 0x1a, 0x56, 0x1b, 0x56, 0x1a, 0x4e,
    0xfa, 0x55, 0xfa, 0x55, 0x1a, 0x4e, 0x1b, 0x56, 0x1a, 0x56, 0x1a, 0x56,
    0x1a, 0x56, 0x1a, 0x56, 0xfa, 0x4d, 0x1b, 0x56, 0x1a, 0x56, 0xfa, 0x4d,
    0x1b, 0x56, 0x1a, 0x56, 0x1a, 0x4e, 0xfb, 0x55, 0x1a, 0x4e, 0x1a, 0x56,
    0x1a, 0x4e, 0xd8, 0x5d, 0x00, 0xf3, 0xc0, 0xf3, 0x00, 0xf4, 0x20, 0xf4,
    0x60, 0xfc, 0x80, 0xf4, 0xa0, 0xf4, 0xc0, 0xf4, 0xe0, 0xfc, 0xe0, 0xfc,
    0x00, 0xf5, 0x00, 0xfd, 0x20, 0xfd, 0x20, 0xfd, 0x40, 0xfd, 0x40, 0xfd,
    0x40, 0xfd, 0x60, 0xfd, 0x60, 0xfd, 0x80, 0xfd, 0x80, 0xfd, 0x80, 0xfd,
    0xa0, 0xfd, 0xa0, 0xfd, 0xa0, 0xfd, 0xa0, 0xfd, 0xc0, 0xfd, 0x20, 0xfd,
    0x20, 0xfd, 0x20, 0xfd, 0x20, 0xfd, 0xa0, 0xfd, 0xc0, 0xfd, 0xc0, 0xfd,
    0xc0, 0xfd, 0xc0, 0xfd, 0xc0, 0xfd, 0xa0, 0xfd, 0x80, 0xfd, 0x80, 0xfd,
    0x80, 0xfd, 0x60, 0xfd, 0x60, 0xfd, 0x60, 0xfd, 0x40, 0xfd, 0x40, 0xfd,
    0x40, 0xfd, 0x40, 0xfd, 0x40, 0xfd, 0x40, 0xf5, 0x20, 0xf5, 0x20, 0xfd,
    0x60, 0xfd, 0x60, 0xfd, 0x60, 0xfd, 0x40, 0xfd, 0x40, 0xfd, 0x40, 0xfd,
    0x40, 0xfd, 0x20, 0xfd, 0x00, 0xfd, 0x00, 0xfd, 0x00, 0xfd, 0xe0, 0xfc,
    0xc0, 0xfc, 0xc0, 0xfc, 0xc0, 0xfc, 0xa0, 0xf4, 0xa0, 0xfc, 0xa0, 0xfc,
    0xa0, 0xfc, 0xa0, 0xf4, 0xa0, 0xfc, 0xc0, 0xfc, 0xe0, 0xfc, 0xe0, 0xfc,
    0xe0, 0xfc, 0x00, 0xfd, 0x00, 0xfd, 0xe0, 0xfc, 0xe0, 0xfc, 0xe0, 0xfc,
    0xe0, 0xfc, 0x00, 0xfd, 0x20, 0xfd, 0x20, 0xfd, 0x20, 0xfd, 0x40, 0xfd,
    0x40, 0xfd, 0x40, 0xfd, 0x20, 0xfd, 0x20, 0xfd, 0x20, 0xfd, 0x00, 0xfd,
    0x00, 0xfd, 0xe0, 0xfc, 0xc0, 0xfc, 0xa0, 0xf4, 0xa0, 0xfc, 0x60, 0xf4,
    0x40, 0xf4, 0x20, 0xf4, 0xe0, 0xf3, 0xa0, 0xf3, 0x60, 0xf3, 0x40, 0xeb,
    0x00, 0xeb, 0xe0, 0xea, 0xc0, 0xe2, 0xa0, 0xe2, 0x80, 0xda, 0x80, 0xda,
    0x60, 0xda, 0x60, 0xda, 0x60, 0xda, 0x41, 0xd2, 0x83, 0x88, 0xa2, 0x90,
    0xc3, 0x90, 0xc3, 0x98, 0xe3, 0x98, 0xe3, 0xa0, 0xe4, 0xa8, 0x04, 0xa9,
    0x03, 0xa9, 0x6f, 0x83, 0xda, 0x4d, 0xfa, 0x4d, 0x1b, 0x4e, 0xfa, 0x4d,
    0xfa, 0x4d, 0x1b, 0x4e, 0xfa, 0x4d, 0xfa, 0x4d, 0xfa, 0x4d, 0xfa, 0x4d,
    0xfa, 0x4d, 0xfa, 0x4d, 0x1a, 0x4e, 0x1a, 0x4e, 0xfa, 0x4d, 0xfa, 0x4d,
    0x1b, 0x4e, 0x1a, 0x4e, 0xfb, 0x4d, 0xfa, 0x4d, 0xfa, 0x4d, 0xfa, 0x4d,
    0x1b, 0x4e, 0xfb, 0x4d, 0xfa, 0x4d, 0x1b, 0x4e, 0xfa, 0x4d, 0x1a, 0x4e,
    0xfa, 0x4d, 0xfb, 0x4d, 0xfb, 0x4d, 0xfa, 0x4d, 0xfa, 0x4d, 0xfa, 0x4d,
    0xfa, 0x4d, 0xfa, 0x4d, 0x66, 0xab, 0x66, 0xb3, 0x46, 0xb3, 0x66, 0xb3,
    0x66, 0xb3, 0x46, 0xb3, 0x65, 0xb3, 0x66, 0xb3, 0x45, 0xb3, 0x46, 0xb3,
    0x1b, 0x56, 0x1b, 0x56, 0x1b, 0x56, 0x1b, 0x56, 0x1a, 0x56, 0x1a, 0x56,
    0x1b, 0x56, 0x1b, 0x56, 0x1a, 0x56, 0x1b, 0x56, 0x1b, 0x56, 0x1b, 0x56,
    0x1a, 0x56, 0x1a, 0x56, 0x1b, 0x56, 0x1a, 0x56, 0x1a, 0x56, 0x1a, 0x56,
    0x1a, 0x56, 0x1a, 0x56, 0x1b, 0x56, 0x1a, 0x56, 0x1a, 0x56, 0x1b, 0x56,
    0x1a, 0x56, 0x1b, 0x56, 0xfa, 0x55, 0x1a, 0x56, 0x1b, 0x56, 0x1a, 0x56,
    0x1a, 0x56, 0x1b, 0x4e, 0x1a, 0x56, 0x1a, 0x56, 0xfa, 0x55, 0x1b, 0x56,
    0x1a, 0x4e, 0xfa, 0x55, 0x1b, 0x56, 0x1a, 0x4e, 0x1a, 0x56, 0x1a, 0x56,
    0x1b, 0x56, 0x1a, 0x4e, 0x1a, 0x56, 0x1a, 0x56, 0x1a, 0x56, 0x1b, 0x56,
    0x1a, 0x4e, 0x1a, 0x56, 0x1b, 0x56, 0xfa, 0x55, 0x1b, 0x4e, 0x1b, 0x4e,
    0x1a, 0x56, 0x1a, 0x56, 0xfb, 0x55, 0x1a, 0x4e, 0x1a, 0x56, 0x1b, 0x56,
    0x1b, 0x4e, 0x1a, 0x56, 0x1a, 0x56, 0x1b, 0x56, 0xfa, 0x4d, 0x1a, 0x4e,
    0x1a, 0x4e, 0x19, 0x4e, 0x02, 0xeb, 0xa0, 0xf3, 0xe0, 0xf3, 0x20, 0xfc,
    0x40, 0xf4, 0x60, 0xfc, 0x80, 0xfc, 0xa0, 0xf4, 0xc0, 0xfc, 0xe0, 0xfc,
    0xe0, 0xfc, 0xe0, 0xfc, 0x00, 0xfd, 0x20, 0xf5, 0x20, 0xfd, 0x40, 0xfd,
    0x40, 0xfd, 0x40, 0xfd, 0x60, 0xfd, 0x60, 0xfd, 0x80, 0xfd, 0x80, 0xfd,
    0x80, 0xfd, 0xa0, 0xfd, 0xa0, 0xfd, 0xa0, 0xfd, 0xa0, 0xfd, 0x00, 0xfd,
    0xe0, 0xfc, 0x00, 0xfd, 0x20, 0xfd, 0x80, 0xfd, 0xc0, 0xfd, 0xa0, 0xfd,
    0xc0, 0xfd, 0xa0, 0xfd, 0xa0, 0xfd, 0xa0, 0xfd, 0x80, 0xfd, 0xa0, 0xfd,
    0x80, 0xfd, 0x80, 0xfd, 0x60, 0xfd, 0x60, 0xfd, 0x60, 0xfd, 0x40, 0xfd,
    0x60, 0xfd, 0x40, 0xfd, 0x20, 0xfd, 0x20, 0xfd, 0x40, 0xfd, 0x60, 0xfd,
    0x40, 0xfd, 0x40, 0xfd, 0x40, 0xfd, 0x40, 0xfd, 0x40, 0xfd, 0x20, 0xfd,
    0x20, 0xfd, 0x20, 0xfd, 0x00, 0xfd, 0x00, 0xfd, 0xe0, 0xfc, 0xc0, 0xfc,
    0xc0, 0xfc, 0xa0, 0xf4, 0xa0, 0xfc, 0xa0, 0xfc, 0xa0, 0xfc, 0x80, 0xfc,
    0x80, 0xfc, 0xa0, 0xfc, 0xa0, 0xf4, 0xa0, 0xfc, 0xa0, 0xf4, 0xa0, 0xf4,
    0xc0, 0xfc, 0xc0, 0xf4, 0xa0, 0xf4, 0xa0, 0xf4, 0xa0, 0xf4, 0xa0, 0xf4,
    0xa0, 0xf4, 0xc0, 0xfc, 0xe0, 0xfc, 0x00, 0xfd, 0x00, 0xfd, 0x20, 0xfd,
    0x20, 0xfd, 0x20, 0xfd, 0x20, 0xfd, 0x00, 0xfd, 0x00, 0xfd, 0xe0, 0xfc,
    0xe0, 0xfc, 0xe0, 0xfc, 0xc0, 0xfc, 0xa0, 0xfc, 0x80, 0xfc, 0x60, 0xfc,
    0x40, 0xfc, 0x00, 0xf4, 0xe0, 0xf3, 0xa0, 0xf3, 0x60, 0xf3, 0x41, 0xeb,
    0x20, 0xeb, 0xe0, 0xe2, 0xc0, 0xe2, 0xa1, 0xe2, 0x80, 0xda, 0x80, 0xda,
    0x60, 0xda, 0x60, 0xda, 0x60, 0xda, 0x01, 0xc2, 0xa3, 0x88, 0xa3, 0x90,
    0xc3, 0x90, 0xe3, 0x98, 0xe3, 0xa0, 0xe3, 0xa0, 0x04, 0xa9, 0x04, 0xa9,
    0xe3, 0xb0, 0x73, 0x6c, 0xda, 0x4d, 0xfa, 0x4d, 0xfa, 0x4d, 0x1b, 0x4e,
    0xfa, 0x4d, 0xfa, 0x4d, 0xfa, 0x4d, 0xfb, 0x4d, 0x1b, 0x4e, 0xfa, 0x4d,
    0xfb, 0x4d, 0x1b, 0x4e, 0xfa, 0x4d, 0xfa, 0x4d, 0xfb, 0x4d, 0x1a, 0x4e,
    0xfa, 0x4d, 0xfa, 0x4d, 0xfa, 0x4d, 0xfa, 0x4d, 0x1b, 0x4e, 0x1a, 0x4e,
    0xfa, 0x4d, 0xfa, 0x4d, 0xfa, 0x4d, 0x1a, 0x4e, 0x1a, 0x4e, 0xfa, 0x4d,
    0xfa, 0x4d, 0xfa, 0x4d, 0xfa, 0x4d, 0xfb, 0x4d, 0x1a, 0x4e, 0xfa, 0x4d,
    0x1b, 0x46, 0xd9, 0x4d, 0x44, 0xb3, 0x46, 0xb3, 0x66, 0xb3, 0x45, 0xb3,
    0x45, 0xb3, 0x46, 0xb3, 0x45, 0xb3, 0x66, 0xbb, 0x46, 0xb3, 0x45, 0xb3,
    0x1a, 0x56, 0x1a, 0x56, 0x1b, 0x56, 0x1a, 0x56, 0x1a, 0x56, 0x1a, 0x56,
    0x1a, 0x56, 0x1a, 0x56, 0x1b, 0x56, 0x1a, 0x56, 0x1a, 0x56, 0x1a, 0x56,
    0x1a, 0x56, 0x1a, 0x56, 0x1b, 0x4e, 0x1b, 0x56, 0x1a, 0x56, 0x1a, 0x56,
    0x1b, 0x4e, 0x1b, 0x56, 0x1a, 0x56, 0x1a, 0x56, 0x1b, 0x56, 0x1a, 0x56,
    0x1a, 0x56, 0x1a, 0x56, 0x1b, 0x56, 0x1a, 0x56, 0x1a, 0x56, 0x1a, 0x56,
    0x1b, 0x56, 0x1b, 0x56, 0x1a, 0x56, 0x1b, 0x4e, 0x1b, 0x56, 0x1a, 0x56,
    0x1b, 0x56, 0x1a, 0x56, 0x1b, 0x56, 0x1b, 0x56, 0x1a, 0x4e, 0x1a, 0x4e,
    0xfa, 0x55, 0x1b, 0x56, 0x1a, 0x56, 0xfa, 0x4d, 0x1a, 0x4e, 0x1a, 0x56,
    0x1b, 0x56, 0x1a, 0x56, 0x1a, 0x56, 0x1a, 0x56, 0xfa, 0x4d, 0x1a, 0x56,
    0x1a, 0x56, 0x1b, 0x4e, 0x1a, 0x56, 0x1a, 0x56, 0xfa, 0x4d, 0x1a, 0x56,
    0x1a, 0x56, 0xfa, 0x4d, 0x1a, 0x56, 0xfa, 0x55, 0xfa, 0x4d, 0x1a, 0x56,
    0x1a, 0x56, 0x3b, 0x4e, 0x88, 0xc3, 0x80, 0xf3, 0xc0, 0xf3, 0xe0, 0xf3,
    0x20, 0xfc, 0x40, 0xf4, 0x60, 0xfc, 0x80, 0xfc, 0xa0, 0xfc, 0xc0, 0xf4,
    0xe0, 0xfc, 0xe0, 0xfc, 0x00, 0xfd, 0x00, 0xfd, 0x20, 0xfd, 0x20, 0xfd,
    0x20, 0xfd, 0x40, 0xfd, 0x60, 0xfd, 0x60, 0xfd, 0x60, 0xfd, 0x60, 0xfd,
    0x80, 0xfd, 0x80, 0xfd, 0x80, 0xfd, 0xa0, 0xfd, 0xa0, 0xfd, 0x60, 0xfd,
    0x00, 0xfd, 0x20, 0xfd, 0x40, 0xfd, 0xa0, 0xfd, 0xa0, 0xfd, 0xc0, 0xfd,
    0xa0, 0xfd, 0xa0, 0xfd, 0xa0, 0xfd, 0x80, 0xfd, 0x80, 0xfd, 0x80, 0xfd,
    0x80, 0xfd, 0x60, 0xfd, 0x60, 0xfd, 0x60, 0xfd, 0x40, 0xfd, 0x20, 0xfd,
    0x40, 0xfd, 0x40, 0xfd, 0x40, 0xfd, 0x40, 0xfd, 0x60, 0xfd, 0x40, 0xfd,
    0x40, 0xfd, 0x40, 0xfd, 0x20, 0xfd, 0x20, 0xfd, 0x20, 0xfd, 0x00, 0xfd,
    0x00, 0xfd, 0x00, 0xfd, 0xe0, 0xfc, 0xe0, 0xfc, 0xe0, 0xfc, 0xc0, 0xfc,
    0xa0, 0xfc, 0xa0, 0xfc, 0xa0, 0xfc, 0x80, 0xfc, 0x80, 0xf4, 0x80, 0xf4,
    0x60, 0xf4, 0x60, 0xf4, 0x60, 0xfc, 0x60, 0xf4, 0x40, 0xf4, 0x60, 0xfc,
    0x60, 0xf4, 0x80, 0xf4, 0x80, 0xf4, 0x60, 0xfc, 0x40, 0xf4, 0x60, 0xfc,
    0x60, 0xfc, 0x60, 0xf4, 0x80, 0xfc, 0xc0, 0xf4, 0xe0, 0xfc, 0xe0, 0xfc,
    0x00, 0xfd, 0x00, 0xfd, 0x00, 0xfd, 0x00, 0xfd, 0x00, 0xfd, 0xe0, 0xf4,
    0xe0, 0xfc, 0xe0, 0xf4, 0xc0, 0xfc, 0xa0, 0xfc, 0x60, 0xf4, 0x40, 0xf4,
    0x20, 0xfc, 0xe0, 0xf3, 0xc0, 0xf3, 0x80, 0xf3, 0x60, 0xf3, 0x40, 0xeb,
    0x20, 0xeb, 0xe0, 0xea, 0xc0, 0xe2, 0xc0, 0xe2, 0xa0, 0xda, 0x80, 0xda,
    0x60, 0xda, 0x60, 0xda, 0x60, 0xda, 0x62, 0xa9, 0xa3, 0x90, 0xc3, 0x90,
    0xc3, 0x90, 0xc3, 0x98, 0xe3, 0xa0, 0xe4, 0xa0, 0x03, 0xa1, 0x04, 0xa9,
    0xe4, 0xb0, 0xb9, 0x4d, 0xfa, 0x4d, 0x1a, 0x4e, 0xfb, 0x4d, 0x1a, 0x4e,
    0xfb, 0x4d, 0xfa, 0x4d, 0x1a, 0x4e, 0x1a, 0x4e, 0x1b, 0x4e, 0xfa, 0x4d,
    0x1a, 0x4e, 0x1a, 0x4e, 0x1b, 0x4e, 0xfa, 0x4d, 0x1a, 0x4e, 0x1b, 0x4e,
    0xfb, 0x4d, 0x1a, 0x4e, 0xfa, 0x4d, 0x1b, 0x4e, 0xfa, 0x4d, 0xfb, 0x4d,
    0xfa, 0x4d, 0xfa, 0x4d, 0xfa, 0x4d, 0xfb, 0x4d, 0xfa, 0x4d, 0xfb, 0x4d,
    0xfa, 0x4d, 0x1a, 0x4e, 0xfa, 0x4d, 0xfa, 0x4d, 0xfa, 0x4d, 0xfa, 0x4d,
    0x1b, 0x4e, 0x55, 0x65, 0x25, 0xb3, 0x46, 0xb3, 0x46, 0xb3, 0x66, 0xb3,
    0x66, 0xb3, 0x46, 0xb3, 0x65, 0xb3, 0x45, 0xb3, 0x46, 0xb3, 0x66, 0xb3,
    0x1a, 0x56, 0x1a, 0x56, 0x1a, 0x56, 0x1a, 0x56, 0x1b, 0x56, 0x1b, 0x56,
    0x1a, 0x56, 0x1a, 0x56, 0x1a, 0x56, 0x1a, 0x56, 0x1a, 0x56, 0x1b, 0x56,
    0x1b, 0x56, 0x1a, 0x56, 0x1a, 0x56, 0x1b, 0x56, 0x1a, 0x56, 0x1b, 0x56,
    0x1b, 0x56, 0x1a, 0x56, 0x1a, 0x4e, 0x1b, 0x56, 0x1b, 0x56, 0x1a, 0x56,
    0x1a, 0x56, 0x1b, 0x4e, 0x1b, 0x56, 0x1a, 0x56, 0x1a, 0x4e, 0x1b, 0x56,
    0x1b, 0x56, 0x1a, 0x56, 0x1a, 0x56, 0x1b, 0x56, 0x1a, 0x56, 0x1a, 0x4e,
    0x1a, 0x4e, 0x1a, 0x56, 0x1a, 0x56, 0x1a, 0x4e, 0x1a, 0x56, 0x1b, 0x56,
    0x1a, 0x56, 0x1a, 0x56, 0x1b, 0x56, 0x1a, 0x56, 0x1a, 0x56, 0x1b, 0x56,
    0x1a, 0x56, 0xfb, 0x4d, 0x1a, 0x56, 0x1a, 0x56, 0x1a, 0x56, 0xfa, 0x55,
    0x1a, 0x56, 0xfa, 0x55, 0x1a, 0x56, 0x1b, 0x56, 0x1b, 0x4e, 0x1a, 0x56,
    0xfb, 0x55, 0x1a, 0x56, 0x1a, 0x4e, 0x1b, 0x56, 0x1a, 0x56, 0x1a, 0x56,
    0x1a, 0x4e, 0xfa, 0x55, 0xb0, 0x94, 0x60, 0xf3, 0xa1, 0xf3, 0xe0, 0xf3,
    0x00, 0xf4, 0x40, 0xf4, 0x60, 0xfc, 0x80, 0xf4, 0x80, 0xfc, 0xa0, 0xfc,
    0xc0, 0xf4, 0xe0, 0xfc, 0xe0, 0xfc, 0x00, 0xfd, 0x00, 0xfd, 0x20, 0xfd,
    0x20, 0xfd, 0x20, 0xfd, 0x40, 0xfd, 0x40, 0xfd, 0x60, 0xfd, 0x60, 0xfd,
    0x60, 0xfd, 0x60, 0xfd, 0x80, 0xfd, 0xa0, 0xfd, 0xa0, 0xfd, 0xa0, 0xfd,
    0x60, 0xfd, 0x20, 0xfd, 0x80, 0xfd, 0xa0, 0xfd, 0xa0, 0xfd, 0xa0, 0xfd,
    0xa0, 0xfd, 0xa0, 0xfd, 0x80, 0xfd, 0x80, 0xfd, 0x80, 0xfd, 0x80, 0xfd,
    0x80, 0xfd, 0x60, 0xfd, 0x80, 0xfd, 0x80, 0xfd, 0x60, 0xfd, 0x60, 0xfd,
    0x60, 0xfd, 0x40, 0xfd, 0x40, 0xfd, 0x60, 0xfd, 0x40, 0xfd, 0x40, 0xfd,
    0x40, 0xfd, 0x20, 0xfd, 0x20, 0xfd, 0x00, 0xfd, 0x00, 0xfd, 0xe0, 0xfc,
    0xe0, 0xfc, 0xe0, 0xfc, 0xe0, 0xfc, 0xc0, 0xf4, 0xc0, 0xfc, 0xa0, 0xf4,
    0x80, 0xfc, 0x80, 0xf4, 0x80, 0xfc, 0x60, 0xf4, 0x60, 0xfc, 0x60, 0xfc,
    0x40, 0xfc, 0x40, 0xf4, 0x20, 0xf4, 0x20, 0xfc, 0x00, 0xf4, 0x00, 0xf4,
    0xe0, 0xf3, 0xe0, 0xf3, 0x80, 0xeb, 0x00, 0xe3, 0xc0, 0xda, 0x00, 0xdb,
    0xc1, 0xeb, 0x40, 0xf4, 0x20, 0xf4, 0x40, 0xf4, 0x60, 0xfc, 0xc0, 0xfc,
    0xe0, 0xf4, 0xe0, 0xfc, 0xe0, 0xfc, 0xe0, 0xfc, 0xe0, 0xfc, 0xe0, 0xfc,
    0xc0, 0xfc, 0xc0, 0xfc, 0xa0, 0xf4, 0x80, 0xfc, 0x60, 0xf4, 0x40, 0xf4,
    0x00, 0xf4, 0xe0, 0xf3, 0xc0, 0xf3, 0x81, 0xf3, 0x60, 0xf3, 0x40, 0xeb,
    0x00, 0xeb, 0xe0, 0xea, 0xe0, 0xe2, 0xa0, 0xe2, 0xa0, 0xe2, 0x60, 0xda,
    0x60, 0xda, 0x60, 0xda, 0x60, 0xda, 0xe2, 0x90, 0xc3, 0x90, 0xc3, 0x90,
    0xc3, 0x98, 0xe3, 0x98, 0xe4, 0xa0, 0xe3, 0xa0, 0xe4, 0xa8, 0x04, 0xa9,
    0xc7, 0xa1, 0x5b, 0x46, 0x1a, 0x4e, 0x1a, 0x4e, 0xfa, 0x4d, 0xfa, 0x4d,
    0x1a, 0x56, 0xfa, 0x4d, 0xfa, 0x4d, 0xfa, 0x4d, 0xfa, 0x55, 0xfa, 0x4d,
    0x1a, 0x56, 0xfb, 0x55, 0xfa, 0x4d, 0x1a, 0x56, 0xfa, 0x4d, 0xfa, 0x4d,
    0x1b, 0x4e, 0x1a, 0x4e, 0xfa, 0x4d, 0x1b, 0x4e, 0x1a, 0x4e, 0xfa, 0x4d,
    0x1b, 0x4e, 0x1a, 0x4e, 0x1a, 0x4e, 0xfa, 0x4d, 0xfa, 0x4d, 0x1a, 0x4e,
    0xfa, 0x4d, 0xfa, 0x4d, 0x1b, 0x4e, 0x1a, 0x4e, 0xfa, 0x4d, 0xd9, 0x4d,
    0x95, 0x45, 0x4d, 0x7c, 0x25, 0xb3, 0x46, 0xb3, 0x66, 0xb3, 0x46, 0xb3,
    0x45, 0xb3, 0x45, 0xb3, 0x66, 0xb3, 0x46, 0xb3, 0x45, 0xb3, 0x45, 0xb3,
    0x1a, 0x5e, 0x1b, 0x56, 0x1b, 0x56, 0x3a, 0x5e, 0x1a, 0x56, 0x1b, 0x56,
    0x1a, 0x56, 0x1a, 0x56, 0x1b, 0x56, 0x1a, 0x56, 0x1a, 0x56, 0x1b, 0x56,
    0x1a, 0x56, 0x1a, 0x56, 0x1b, 0x56, 0x1a, 0x56, 0x1a, 0x56, 0x1a, 0x56,
    0x1a, 0x56, 0x1b, 0x56, 0x1a, 0x56, 0x1a, 0x56, 0x1a, 0x56, 0x1b, 0x56,
    0x3a, 0x56, 0x1a, 0x56, 0x1a, 0x56, 0x1b, 0x56, 0x1a, 0x56, 0x1a, 0x56,
    0x1a, 0x56, 0x1a, 0x56, 0x1a, 0x56, 0x1a, 0x56, 0x1b, 0x56, 0x1a, 0x56,
    0x1b, 0x56, 0x1a, 0x56, 0x1b, 0x56, 0x1a, 0x56, 0x1b, 0x56, 0x1a, 0x56,
    0x1a, 0x56, 0x1a, 0x56, 0x1a, 0x4e, 0x1b, 0x56, 0x1a, 0x56, 0x1a, 0x56,
    0x1a, 0x56, 0x1a, 0x56, 0x1b, 0x56, 0x1a, 0x4e, 0x1b, 0x56, 0x1b, 0x56,
    0x1a, 0x4e, 0x1b, 0x56, 0x1a, 0x56, 0x1a, 0x4e, 0x1a, 0x56, 0x1a, 0x4e,
    0x1a, 0x56, 0x1b, 0x56, 0x1a, 0x4e, 0x1a, 0x56, 0x1b, 0x56, 0x1a, 0x56,
    0x1a, 0x56, 0xfa, 0x55, 0xd8, 0x5d, 0x01, 0xf3, 0x80, 0xf3, 0xc0, 0xf3,
    0x00, 0xf4, 0x20, 0xfc, 0x40, 0xf4, 0x60, 0xf4, 0x60, 0xf4, 0xa0, 0xfc,
    0xa0, 0xfc, 0xc0, 0xfc, 0xc0, 0xfc, 0xe0, 0xfc, 0xe0, 0xf4, 0x00, 0xfd,
    0x20, 0xfd, 0x20, 0xfd, 0x20, 0xfd, 0x20, 0xfd, 0x40, 0xfd, 0x40, 0xfd,
    0x60, 0xfd, 0x60, 0xfd, 0x60, 0xfd, 0x80, 0xfd, 0x80, 0xfd, 0x80, 0xfd,
    0x80, 0xfd, 0xa0, 0xfd, 0x80, 0xfd, 0xa0, 0xfd, 0x80, 0xfd, 0x80, 0xfd,
    0x80, 0xfd, 0x80, 0xfd, 0x80, 0xfd, 0x80, 0xfd, 0x80, 0xfd, 0x80, 0xfd,
    0x60, 0xfd, 0x60, 0xfd, 0x60, 0xfd, 0x60, 0xfd, 0x40, 0xfd, 0x60, 0xfd,
    0x40, 0xfd, 0x40, 0xfd, 0x40, 0xfd, 0x40, 0xfd, 0x40, 0xfd, 0x20, 0xfd,
    0x20, 0xfd, 0x20, 0xfd, 0x00, 0xfd, 0x00, 0xfd, 0x00, 0xfd, 0xe0, 0xfc,
    0xc0, 0xf4, 0xc0, 0xfc, 0xc0, 0xfc, 0xc0, 0xfc, 0xa0, 0xfc, 0xa0, 0xfc,
    0x80, 0xfc, 0x60, 0xf4, 0x60, 0xf4, 0x60, 0xfc, 0x40, 0xf4, 0x40, 0xfc,
    0x20, 0xfc, 0x00, 0xf4, 0x00, 0xf4, 0x00, 0xf4, 0xe0, 0xf3, 0xa0, 0xf3,
    0x80, 0xf3, 0xe0, 0xea, 0xa0, 0xda, 0x60, 0xda, 0x40, 0xda, 0xa1, 0xa9,
    0x80, 0x78, 0x20, 0x99, 0x01, 0xdb, 0x00, 0xfc, 0x20, 0xf4, 0x60, 0xf4,
    0x80, 0xfc, 0xc0, 0xfc, 0xe0, 0xfc, 0xe0, 0xfc, 0xe0, 0xfc, 0xc0, 0xfc,
    0xc0, 0xf4, 0xa0, 0xfc, 0xa0, 0xfc, 0x60, 0xfc, 0x40, 0xfc, 0x20, 0xfc,
    0x00, 0xf4, 0xe0, 0xf3, 0xa0, 0xf3, 0x60, 0xf3, 0x40, 0xeb, 0x40, 0xeb,
    0x00, 0xeb, 0xe0, 0xea, 0xe0, 0xe2, 0xa0, 0xe2, 0xa0, 0xda, 0x81, 0xda,
    0x80, 0xda, 0x80, 0xda, 0x61, 0xd2, 0xa3, 0x88, 0xa3, 0x90, 0xc3, 0x90,
    0xe3, 0x98, 0xe3, 0xa0, 0xe3, 0xa8, 0xe4, 0xa8, 0xe4, 0xa8, 0x03, 0xb1,
    0x8f, 0x83, 0x1a, 0x4e, 0x1b, 0x4e, 0x1b, 0x4e, 0x1a, 0x4e, 0x1b, 0x56,
    0xfa, 0x4d, 0x1b, 0x4e, 0x1a, 0x56, 0xfb, 0x4d, 0x1b, 0x4e, 0x1a, 0x4e,
    0xfb, 0x55, 0xfa, 0x4d, 0xfa, 0x4d, 0x1b, 0x4e, 0x1a, 0x56, 0x1a, 0x4e,
    0xfa, 0x55, 0xfb, 0x55, 0xfa, 0x4d, 0x1a, 0x4e, 0xfa, 0x4d, 0xfb, 0x4d,
    0x1b, 0x4e, 0xfa, 0x4d, 0xfa, 0x4d, 0xfa, 0x4d, 0xfb, 0x4d, 0x1a, 0x4e,
    0xfa, 0x4d, 0xfb, 0x55, 0xf9, 0x4d, 0x96, 0x45, 0x31, 0x3d, 0xef, 0x3c,
    0xef, 0x34, 0xa8, 0x8b, 0x45, 0xb3, 0x46, 0xb3, 0x46, 0xb3, 0x46, 0xb3,
    0x45, 0xb3, 0x46, 0xb3, 0x46, 0xb3, 0x45, 0xb3, 0x46, 0xb3, 0x46, 0xb3,
    0x1a, 0x56, 0x1b, 0x56, 0x1b, 0x5e, 0x1a, 0x56, 0x1a, 0x56, 0x1a, 0x56,
    0x1b, 0x56, 0x1b, 0x56, 0x1a, 0x56, 0x3b, 0x56, 0x1b, 0x56, 0x1a, 0x56,
    0x1a, 0x56, 0x1a, 0x4e, 0x3b, 0x56, 0x1a, 0x56, 0x1b, 0x56, 0x1a, 0x56,
    0x1a, 0x56, 0x1b, 0x56, 0x1b, 0x56, 0x3a, 0x56, 0x1a, 0x56, 0x1b, 0x56,
    0x1b, 0x56, 0x1a, 0x56, 0x1a, 0x56, 0x1b, 0x56, 0x1a, 0x56, 0x1a, 0x56,
    0x1a, 0x4e, 0x1b, 0x56, 0x1b, 0x56, 0x1a, 0x4e, 0x1a, 0x56, 0x1b, 0x56,
    0x1a, 0x56, 0x1a, 0x56, 0x1a, 0x56, 0x1b, 0x56, 0x1a, 0x56, 0x1a, 0x4e,
    0x1b, 0x56, 0x1a, 0x56, 0x1a, 0x56, 0x1a, 0x56, 0x1b, 0x56, 0x1b, 0x56,
    0x1a, 0x56, 0x1a, 0x56, 0x1b, 0x56, 0x1a, 0x56, 0x1a, 0x56, 0x1b, 0x56,
    0x1a, 0x4e, 0x1a, 0x56, 0xfb, 0x55, 0x1a, 0x56, 0x1a, 0x56, 0xfb, 0x55,
    0x1a, 0x56, 0x1a, 0x56, 0xfa, 0x55, 0x1a, 0x4e, 0x1b, 0x56, 0x1a, 0x56,
    0xfa, 0x55, 0x1b, 0x4e, 0x1b, 0x4e, 0xc8, 0xbb, 0x80, 0xf3, 0xa0, 0xf3,
    0xc0, 0xf3, 0x00, 0xf4, 0x00, 0xf4, 0x40, 0xfc, 0x60, 0xfc, 0x80, 0xf4,
    0xa0, 0xfc, 0xa0, 0xf4, 0xc0, 0xfc, 0xc0, 0xf4, 0xe0, 0xfc, 0x00, 0xfd,
    0x00, 0xfd, 0x00, 0xf5, 0x00, 0xfd, 0x20, 0xfd, 0x40, 0xfd, 0x40, 0xfd,
    0x40, 0xfd, 0x60, 0xfd, 0x60, 0xfd, 0x60, 0xfd, 0x60, 0xfd, 0x60, 0xfd,
    0x60, 0xfd, 0x80, 0xfd, 0x80, 0xfd, 0x80, 0xfd, 0x80, 0xfd, 0x80, 0xfd,
    0x80, 0xfd, 0x80, 0xfd, 0x60, 0xfd, 0x60, 0xfd, 0x60, 0xfd, 0x60, 0xfd,
    0x60, 0xfd, 0x60, 0xfd, 0x40, 0xfd, 0x40, 0xfd, 0x40, 0xfd, 0x40, 0xfd,
    0x40, 0xfd, 0x40, 0xfd, 0x20, 0xfd, 0x20, 0xfd, 0x20, 0xfd, 0x20, 0xfd,
    0x00, 0xfd, 0x00, 0xfd, 0xe0, 0xfc, 0xe0, 0xfc, 0xe0, 0xfc, 0xc0, 0xfc,
    0xc0, 0xfc, 0xa0, 0xf4, 0xa0, 0xf4, 0xa0, 0xfc, 0x80, 0xfc, 0x80, 0xf4,
    0x60, 0xfc, 0x60, 0xfc, 0x40, 0xfc, 0x20, 0xf4, 0x20, 0xf4, 0x00, 0xf4,
    0xe0, 0xf3, 0xe0, 0xf3, 0xc0, 0xf3, 0xc0, 0xf3, 0x80, 0xf3, 0x60, 0xeb,
    0x20, 0xeb, 0xc0, 0xe2, 0xa0, 0xe2, 0x60, 0xda, 0x60, 0xda, 0x40, 0x89,
    0x20, 0x58, 0xe1, 0x70, 0x40, 0xd2, 0xa0, 0xd2, 0x00, 0xf4, 0x20, 0xf4,
    0x40, 0xf4, 0x80, 0xfc, 0xc0, 0xfc, 0xc0, 0xfc, 0xc0, 0xf4, 0xc0, 0xfc,
    0xa0, 0xfc, 0x80, 0xf4, 0x80, 0xfc, 0x60, 0xfc, 0x40, 0xf4, 0x00, 0xf4,
    0xe0, 0xf3, 0xc1, 0xf3, 0x80, 0xf3, 0x60, 0xeb, 0x40, 0xeb, 0x20, 0xeb,
    0x00, 0xeb, 0xc0, 0xe2, 0xc0, 0xe2, 0xa0, 0xe2, 0xa0, 0xe2, 0x80, 0xda,
    0x60, 0xda, 0x60, 0xda, 0xa1, 0xb1, 0xa3, 0x88, 0xc3, 0x90, 0xc3, 0x90,
    0xe3, 0x98, 0xe3, 0xa0, 0xe4, 0xa8, 0xe4, 0xa8, 0xe3, 0xb0, 0x24, 0xb1,
    0xd9, 0x4d, 0xfa, 0x4d, 0x1a, 0x4e, 0x1a, 0x56, 0xfb, 0x55, 0x1a, 0x4e,
    0xfa, 0x4d, 0x1b, 0x4e, 0x1a, 0x56, 0xfa, 0x4d, 0x1a, 0x4e, 0x1a, 0x56,
    0xfa, 0x4d, 0x1a, 0x4e, 0x1a, 0x4e, 0xfa, 0x55, 0xfa, 0x4d, 0x1a, 0x4e,
    0x1a, 0x4e, 0x1b, 0x56, 0xfa, 0x4d, 0xfa, 0x4d, 0x1a, 0x56, 0xfa, 0x4d,
    0xfa, 0x4d, 0x1a, 0x4e, 0xfa, 0x4d, 0x1b, 0x4e, 0x1a, 0x56, 0xfa, 0x55,
    0xfa, 0x4d, 0x95, 0x4d, 0x31, 0x45, 0xef, 0x3c, 0xcf, 0x3c, 0xf0, 0x3c,
    0xd0, 0x34, 0x67, 0x9b, 0x46, 0xab, 0x46, 0xb3, 0x66, 0xb3, 0x45, 0xb3,
    0x45, 0xb3, 0x46, 0xb3, 0x46, 0xb3, 0x45, 0xb3, 0x45, 0xb3, 0x46, 0xb3,
    0x3a, 0x5e, 0x3a, 0x56, 0x1a, 0x56, 0x1b, 0x56, 0x3a, 0x56, 0x3a, 0x56,
    0x1b, 0x56, 0x1a, 0x56, 0x1a, 0x56, 0x1b, 0x56, 0x1a, 0x56, 0x1b, 0x56,
    0x1b, 0x56, 0x1b, 0x56, 0x1a, 0x56, 0x1b, 0x56, 0x1b, 0x56, 0x3a, 0x56,
    0x1b, 0x56, 0x1a, 0x56, 0x3a, 0x56, 0x1b, 0x56, 0x1a, 0x56, 0x1a, 0x56,
    0x1b, 0x56, 0x1a, 0x56, 0x1a, 0x56, 0x1b, 0x56, 0x1b, 0x56, 0x1a, 0x56,
    0x1b, 0x56, 0x3b, 0x56, 0x1a, 0x56, 0x1b, 0x56, 0x1a, 0x56, 0x1a, 0x56,
    0x1b, 0x56, 0x1a, 0x56, 0x1b, 0x56, 0x1a, 0x4e, 0x1a, 0x56, 0x1b, 0x56,
    0x1a, 0x56, 0x1a, 0x56, 0x1b, 0x4e, 0x1a, 0x56, 0x1a, 0x56, 0x1b, 0x4e,
    0x1a, 0x56, 0x1a, 0x56, 0x1a, 0x56, 0x1b, 0x56, 0x1a, 0x56, 0x1a, 0x56,
    0x1a, 0x56, 0x1a, 0x56, 0x1a, 0x4e, 0x1b, 0x56, 0x1b, 0x56, 0x1a, 0x4e,
    0x1b, 0x56, 0x1b, 0x56, 0x1a, 0x4e, 0x1a, 0x56, 0x1a, 0x56, 0x1a, 0x4e,
    0x1a, 0x56, 0x1b, 0x56, 0x1a, 0x56, 0x54, 0x6d, 0x21, 0xf3, 0xa1, 0xf3,
    0xa0, 0xf3, 0xc0, 0xf3, 0x00, 0xf4, 0x20, 0xf4, 0x40, 0xf4, 0x60, 0xf4,
    0x80, 0xfc, 0x80, 0xf4, 0xa0, 0xfc, 0xc0, 0xfc, 0xc0, 0xf4, 0xc0, 0xfc,
    0xe0, 0xfc, 0x00, 0xfd, 0x00, 0xfd, 0x00, 0xf5, 0x20, 0xfd, 0x20, 0xfd,
    0x40, 0xfd, 0x40, 0xf5, 0x40, 0xfd, 0x40, 0xfd, 0x40, 0xfd, 0x60, 0xfd,
    0x60, 0xfd, 0x60, 0xfd, 0x60, 0xfd, 0x60, 0xfd, 0x60, 0xfd, 0x60, 0xfd,
    0x60, 0xfd, 0x60, 0xfd, 0x60, 0xfd, 0x40, 0xfd, 0x40, 0xfd, 0x40, 0xfd,
    0x40, 0xfd, 0x40, 0xfd, 0x40, 0xfd, 0x40, 0xfd, 0x40, 0xfd, 0x20, 0xfd,
    0x20, 0xfd, 0x20, 0xfd, 0x20, 0xfd, 0x00, 0xfd, 0x00, 0xfd, 0x00, 0xfd,
    0x00, 0xfd, 0xe0, 0xfc, 0xe0, 0xf4, 0xc0, 0xfc, 0xc0, 0xfc, 0xa0, 0xf4,
    0xa0, 0xfc, 0xa0, 0xfc, 0x80, 0xf4, 0x80, 0xfc, 0x60, 0xfc, 0x60, 0xf4,
    0x40, 0xf4, 0x40, 0xf4, 0x20, 0xf4, 0x00, 0xf4, 0xe0, 0xf3, 0xc0, 0xf3,
    0xc0, 0xf3, 0xc0, 0xf3, 0xa0, 0xf3, 0x80, 0xf3, 0x60, 0xeb, 0x20, 0xeb,
    0xe0, 0xea, 0xc0, 0xe2, 0x80, 0xda, 0x40, 0xd2, 0x01, 0xca, 0x40, 0x58,
    0x41, 0x50, 0x60, 0xba, 0x00, 0xe3, 0x20, 0xd2, 0x00, 0xdb, 0xe1, 0xf3,
    0x20, 0xf4, 0x60, 0xf4, 0x80, 0xfc, 0xa0, 0xfc, 0xc0, 0xf4, 0xa0, 0xfc,
    0xa0, 0xfc, 0x80, 0xfc, 0x60, 0xf4, 0x40, 0xfc, 0x21, 0xf4, 0x00, 0xf4,
    0xe0, 0xf3, 0xa0, 0xf3, 0x80, 0xf3, 0x60, 0xf3, 0x40, 0xeb, 0x20, 0xeb,
    0xe0, 0xea, 0xe0, 0xe2, 0xa1, 0xe2, 0xa0, 0xe2, 0xa0, 0xe2, 0x80, 0xda,
    0x60, 0xda, 0x60, 0xda, 0xe2, 0x98, 0xc3, 0x90, 0xc2, 0x90, 0xc3, 0x98,
    0xe3, 0xa0, 0xe3, 0xa0, 0xe4, 0xa8, 0x04, 0xa9, 0xe4, 0xa8, 0x0d, 0x8b,
    0x3b, 0x4e, 0x1b, 0x4e, 0x1b, 0x4e, 0xfa, 0x55, 0x1a, 0x4e, 0xfa, 0x4d,
    0xfb, 0x55, 0x1a, 0x4e, 0xfa, 0x4d, 0xfb, 0x55, 0x1a, 0x56, 0xfb, 0x4d,
    0xfa, 0x4d, 0x1a, 0x56, 0x1b, 0x56, 0xfb, 0x55, 0xfa, 0x4d, 0x1a, 0x56,
    0xfb, 0x4d, 0x1a, 0x4e, 0x1b, 0x56, 0xfa, 0x4d, 0xfa, 0x55, 0x1b, 0x4e,
    0xfa, 0x4d, 0x1a, 0x56, 0xfa, 0x55, 0x1a, 0x4e, 0xfa, 0x4d, 0xd8, 0x4d,
    0x31, 0x45, 0x0f, 0x45, 0x0f, 0x45, 0xef, 0x3c, 0xef, 0x3c, 0xf0, 0x3c,
    0xcf, 0x34, 0x46, 0xbb, 0x45, 0xb3, 0x46, 0xb3, 0x45, 0xab, 0x46, 0xb3,
    0x65, 0xb3, 0x45, 0xb3, 0x46, 0xb3, 0x45, 0xb3, 0x46, 0xb3, 0x45, 0xb3,
    0x3b, 0x5e, 0x1b, 0x56, 0x1a, 0x56, 0x3b, 0x5e, 0x1b, 0x56, 0x1a, 0x56,
    0x3a, 0x5e, 0x1a, 0x56, 0x1a, 0x56, 0x1a, 0x56, 0x1a, 0x56, 0x3a, 0x56,
    0x1a, 0x56, 0x3a, 0x56, 0x1b, 0x56, 0x1a, 0x56, 0x3a, 0x56, 0x1a, 0x56,
    0x1b, 0x56, 0x1a, 0x56, 0x1a, 0x56, 0x1b, 0x56, 0x3a, 0x56, 0x3b, 0x56,
    0x1a, 0x56, 0x1a, 0x56, 0x3b, 0x56, 0x3a, 0x56, 0x1a, 0x56, 0x3a, 0x56,
    0x1a, 0x56, 0x1a, 0x56, 0x1b, 0x56, 0x3b, 0x56, 0x1a, 0x56, 0x3a, 0x56,
    0x1b, 0x56, 0x1a, 0x56, 0x1a, 0x56, 0x1b, 0x56, 0x1a, 0x56, 0x1a, 0x56,
    0x1b, 0x56, 0x1a, 0x56, 0x1a, 0x56, 0x1a, 0x56, 0x1a, 0x56, 0x1a, 0x56,
    0x1a, 0x56, 0x1a, 0x56, 0x1b, 0x56, 0x1a, 0x4e, 0x1a, 0x56, 0x1a, 0x56,
    0x1b, 0x56, 0x1a, 0x56, 0x1b, 0x56, 0x1a, 0x4e, 0x1a, 0x56, 0x1a, 0x56,
    0x1a, 0x56, 0x1a, 0x56, 0xfa, 0x4d, 0x1b, 0x56, 0x1a, 0x56, 0x1a, 0x56,
    0x1a, 0x56, 0x1a, 0x56, 0x1a, 0x56, 0x5b, 0x4e, 0x67, 0xc3, 0x61, 0xf3,
    0x80, 0xf3, 0xa0, 0xf3, 0xe0, 0xf3, 0x01, 0xfc, 0x20, 0xfc, 0x40, 0xf4,
    0x60, 0xfc, 0x60, 0xf4, 0x80, 0xfc, 0xa0, 0xfc, 0xa0, 0xfc, 0xc0, 0xf4,
    0xc0, 0xf4, 0xe0, 0xfc, 0x00, 0xfd, 0x00, 0xfd, 0x00, 0xfd, 0x00, 0xfd,
    0x20, 0xfd, 0x20, 0xfd, 0x20, 0xfd, 0x40, 0xfd, 0x40, 0xfd, 0x40, 0xfd,
    0x40, 0xfd, 0x60, 0xfd, 0x60, 0xfd, 0x40, 0xfd, 0x60, 0xfd, 0x60, 0xfd,
    0x40, 0xfd, 0x40, 0xfd, 0x40, 0xfd, 0x40, 0xfd, 0x40, 0xfd, 0x20, 0xfd,
    0x20, 0xfd, 0x20, 0xfd, 0x20, 0xfd, 0x20, 0xfd, 0x20, 0xfd, 0x20, 0xfd,
    0x00, 0xfd, 0x00, 0xfd, 0x00, 0xfd, 0x00, 0xfd, 0x00, 0xfd, 0xe0, 0xfc,
    0xe0, 0xfc, 0xe0, 0xfc, 0xc0, 0xf4, 0xc0, 0xfc, 0xa0, 0xfc, 0xa0, 0xf4,
    0xa0, 0xfc, 0x60, 0xf4, 0x60, 0xfc, 0x40, 0xf4, 0x40, 0xf4, 0x20, 0xf4,
    0x20, 0xfc, 0x00, 0xf4, 0x00, 0xf4, 0xe0, 0xf3, 0xc0, 0xf3, 0xc0, 0xf3,
    0x80, 0xf3, 0x80, 0xf3, 0x80, 0xf3, 0x60, 0xeb, 0x40, 0xeb, 0x00, 0xeb,
    0xc0, 0xe2, 0xa0, 0xda, 0x60, 0xda, 0x40, 0xda, 0xe1, 0x78, 0x40, 0x58,
    0xe0, 0x78, 0x60, 0xeb, 0x40, 0xeb, 0xe0, 0xe2, 0x41, 0xda, 0xc0, 0xf3,
    0x00, 0xf4, 0x40, 0xfc, 0x60, 0xfc, 0x80, 0xfc, 0xa0, 0xfc, 0x80, 0xf4,
    0x80, 0xfc, 0x60, 0xf4, 0x40, 0xf4, 0x20, 0xfc, 0x00, 0xf4, 0xe0, 0xf3,
    0xc0, 0xf3, 0xa0, 0xf3, 0x80, 0xf3, 0x60, 0xeb, 0x20, 0xeb, 0x00, 0xeb,
    0xe0, 0xe2, 0xc0, 0xe2, 0xa0, 0xe2, 0xa0, 0xe2, 0xa0, 0xe2, 0xa0, 0xda,
    0x80, 0xda, 0x41, 0xd2, 0xa2, 0x88, 0xc3, 0x90, 0xc3, 0x90, 0xc3, 0x98,
    0xc3, 0xa0, 0xe4, 0xa0, 0xe4, 0xa8, 0x04, 0xa9, 0x24, 0xb1, 0x19, 0x4e,
    0x1a, 0x4e, 0x1a, 0x56, 0xfa, 0x4d, 0xfa, 0x55, 0x1b, 0x4e, 0x1b, 0x4e,
    0x1a, 0x56, 0x1a, 0x56, 0x1b, 0x4e, 0x1a, 0x4e, 0x1a, 0x56, 0x1a, 0x4e,
    0xfb, 0x4d, 0x1a, 0x56, 0x1a, 0x4e, 0xfa, 0x4d, 0xfa, 0x4d, 0x1b, 0x56,
    0xfa, 0x55, 0xfa, 0x4d, 0x1a, 0x4e, 0x1b, 0x56, 0xfb, 0x4d, 0x1a, 0x4e,
    0xfa, 0x55, 0xfa, 0x4d, 0x1a, 0x4e, 0xfa, 0x4d, 0xda, 0x4d, 0x52, 0x45,
    0x0f, 0x3d, 0xef, 0x3c, 0xef, 0x3c, 0xef, 0x3c, 0xef, 0x3c, 0xef, 0x3c,
    0xae, 0x4c, 0x05, 0xb3, 0x46, 0xab, 0x46, 0xb3, 0x66, 0xb3, 0x66, 0xb3,
    0x46, 0xb3, 0x45, 0xb3, 0x46, 0xb3, 0x46, 0xb3, 0x65, 0xb3, 0x45, 0xb3,
    0x3a, 0x5e, 0x1b, 0x56, 0x3a, 0x5e, 0x3b, 0x5e, 0x1b, 0x56, 0x1a, 0x56,
    0x3b, 0x56, 0x1b, 0x56, 0x1a, 0x56, 0x3b, 0x56, 0x1b, 0x56, 0x1a, 0x56,
    0x3a, 0x56, 0x1b, 0x56, 0x3b, 0x56, 0x1a, 0x56, 0x1a, 0x56, 0x1b, 0x56,
    0x1a, 0x56, 0x3a, 0x56, 0x1b, 0x56, 0x1a, 0x56, 0x1a, 0x56, 0x1b, 0x56,
    0x1b, 0x56, 0x1a, 0x56, 0x1a, 0x56, 0x1b, 0x56, 0x1a, 0x56, 0x1b, 0x56,
    0x3b, 0x56, 0x1a, 0x56, 0x1a, 0x56, 0x1a, 0x56, 0x1a, 0x56, 0x1a, 0x56,
    0x1a, 0x56, 0x1b, 0x56, 0x1a, 0x56, 0x1a, 0x56, 0x1b, 0x56, 0x1a, 0x56,
    0x1a, 0x56, 0x1b, 0x56, 0x1a, 0x56, 0x1b, 0x56, 0x1a, 0x56, 0x1b, 0x56,
    0x1a, 0x56, 0x1b, 0x56, 0x1a, 0x56, 0x1b, 0x56, 0x1a, 0x56, 0x1b, 0x56,
    0x1a, 0x4e, 0x1b, 0x56, 0x1a, 0x56, 0x1a, 0x56, 0x1a, 0x56, 0x1a, 0x56,
    0x1b, 0x56, 0x1a, 0x56, 0x1b, 0x56, 0x1b, 0x56, 0x1a, 0x56, 0x1a, 0x56,
    0x1a, 0x4e, 0x1a, 0x56, 0xfa, 0x55, 0x1b, 0x56, 0x76, 0x6d, 0xe1, 0xf2,
    0x60, 0xeb, 0xa0, 0xf3, 0xa0, 0xf3, 0xe0, 0xf3, 0x00, 0xf4, 0x00, 0xf4,
    0x40, 0xfc, 0x40, 0xf4, 0x60, 0xf4, 0x80, 0xf4, 0x80, 0xfc, 0xa0, 0xfc,
    0xc0, 0xf4, 0xc0, 0xfc, 0xc0, 0xf4, 0xe0, 0xfc, 0xe0, 0xf4, 0x00, 0xfd,
    0x00, 0xfd, 0x20, 0xfd, 0x20, 0xfd, 0x20, 0xfd, 0x20, 0xfd, 0x40, 0xfd,
    0x40, 0xfd, 0x20, 0xfd, 0x40, 0xfd, 0x40, 0xfd, 0x40, 0xfd, 0x40, 0xfd,
    0x40, 0xfd, 0x20, 0xfd, 0x20, 0xfd, 0x20, 0xfd, 0x20, 0xfd, 0x20, 0xfd,
    0x20, 0xfd, 0x00, 0xfd, 0x00, 0xfd, 0x00, 0xfd, 0x00, 0xfd, 0x00, 0xfd,
    0x00, 0xfd, 0x00, 0xfd, 0xe0, 0xfc, 0xe0, 0xfc, 0xe0, 0xf4, 0xc0, 0xfc,
    0xc0, 0xfc, 0xc0, 0xfc, 0xa0, 0xfc, 0xa0, 0xfc, 0xa0, 0xfc, 0x80, 0xf4,
    0x80, 0xf4, 0x60, 0xfc, 0x40, 0xf4, 0x40, 0xf4, 0x20, 0xfc, 0x20, 0xf4,
    0x00, 0xf4, 0xe0, 0xf3, 0xc0, 0xf3, 0xc0, 0xf3, 0xa0, 0xf3, 0x80, 0xf3,
    0x60, 0xf3, 0x60, 0xf3, 0x40, 0xeb, 0x20, 0xeb, 0x21, 0xeb, 0xe0, 0xea,
    0xa0, 0xe2, 0x80, 0xda, 0x61, 0xda, 0x21, 0x91, 0x40, 0x60, 0x40, 0x60,
    0x80, 0xc2, 0x40, 0xeb, 0x40, 0xeb, 0x40, 0xeb, 0x00, 0xe3, 0x20, 0xe3,
    0x00, 0xf4, 0x20, 0xf4, 0x60, 0xf4, 0x60, 0xfc, 0x80, 0xfc, 0x60, 0xf4,
    0x40, 0xfc, 0x20, 0xf4, 0x20, 0xf4, 0x00, 0xfc, 0xe0, 0xf3, 0xc0, 0xf3,
    0xa0, 0xf3, 0x80, 0xf3, 0x60, 0xf3, 0x40, 0xeb, 0x20, 0xeb, 0x00, 0xeb,
    0xe0, 0xe2, 0xc0, 0xe2, 0xa0, 0xe2, 0xa0, 0xe2, 0xa0, 0xda, 0xa0, 0xe2,
    0xa0, 0xda, 0x01, 0xc2, 0xa3, 0x88, 0xa3, 0x90, 0xc3, 0x98, 0xe3, 0xa0,
    0x04, 0xa1, 0x04, 0xa9, 0x04, 0xa9, 0xe3, 0xb0, 0xd0, 0x7b, 0x1b, 0x4e,
    0xfb, 0x4d, 0xfa, 0x4d, 0xfb, 0x55, 0xfa, 0x4d, 0x1a, 0x4e, 0xfa, 0x55,
    0x1a, 0x56, 0x1a, 0x56, 0xfb, 0x4d, 0x1a, 0x4e, 0x1a, 0x56, 0xfa, 0x4d,
    0x1a, 0x56, 0x1a, 0x56, 0xfa, 0x4d, 0x1a, 0x4e, 0x1a, 0x56, 0x1b, 0x4e,
    0x1a, 0x56, 0xfa, 0x55, 0x1a, 0x4e, 0xfa, 0x55, 0x1a, 0x56, 0x1a, 0x4e,
    0x1b, 0x4e, 0xfa, 0x55, 0x1a, 0x4e, 0xfa, 0x55, 0xd9, 0x4d, 0x10, 0x45,
    0x0f, 0x3d, 0xef, 0x3c, 0xef, 0x3c, 0xef, 0x44, 0xef, 0x3c, 0xcf, 0x3c,
    0x0b, 0x6c, 0x46, 0xab, 0x46, 0xab, 0x46, 0xb3, 0x46, 0xb3, 0x45, 0xb3,
    0x46, 0xb3, 0x46, 0xb3, 0x46, 0xb3, 0x45, 0xb3, 0x46, 0xb3, 0x46, 0xb3,
    0x3b, 0x5e, 0x1a, 0x56, 0x3a, 0x5e, 0x3b, 0x56, 0x1a, 0x56, 0x3a, 0x5e,
    0x1a, 0x56, 0x3b, 0x56, 0x1b, 0x5e, 0x3a, 0x56, 0x3b, 0x56, 0x1a, 0x56,
    0x1a, 0x56, 0x3b, 0x56, 0x1a, 0x56, 0x1a, 0x56, 0x1b, 0x56, 0x3b, 0x56,
    0x1a, 0x56, 0x1a, 0x56, 0x3a, 0x56, 0x1a, 0x56, 0x1a, 0x56, 0x3a, 0x56,
    0x1a, 0x56, 0x3b, 0x56, 0x3a, 0x56, 0x1a, 0x56, 0x1b, 0x56, 0x1a, 0x56,
    0x1a, 0x56, 0x3b, 0x56, 0x3b, 0x56, 0x1a, 0x56, 0x1a, 0x56, 0x1b, 0x56,
    0x3b, 0x56, 0x1a, 0x56, 0x1a, 0x56, 0x1a, 0x56, 0x1a, 0x56, 0x1a, 0x56,
    0x1b, 0x56, 0x1a, 0x56, 0x1a, 0x4e, 0x1b, 0x56, 0x1a, 0x56, 0x1a, 0x56,
    0x1a, 0x56, 0x1a, 0x56, 0x1b, 0x56, 0x1a, 0x56, 0x1a, 0x56, 0x1a, 0x56,
    0x1a, 0x56, 0x1a, 0x56, 0x1a, 0x4e, 0x1a, 0x56, 0x1b, 0x56, 0x1b, 0x56,
    0x1a, 0x56, 0x1a, 0x56, 0x1a, 0x56, 0x1a, 0x56, 0x1a, 0x4e, 0x1b, 0x56,
    0x1a, 0x56, 0x1a, 0x56, 0x1a, 0x56, 0x1a, 0x56, 0x3b, 0x56, 0xeb, 0xab,
    0x40, 0xeb, 0x80, 0xf3, 0x80, 0xf3, 0xa0, 0xf3, 0xc0, 0xf3, 0xe0, 0xf3,
    0x20, 0xf4, 0x40, 0xfc, 0x40, 0xf4, 0x60, 0xf4, 0x80, 0xfc, 0x80, 0xfc,
    0xa0, 0xfc, 0xa0, 0xf4, 0xc0, 0xfc, 0xc0, 0xfc, 0xe0, 0xfc, 0xe0, 0xf4,
    0xe0, 0xfc, 0x00, 0xfd, 0x00, 0xf5, 0x20, 0xfd, 0x20, 0xfd, 0x20, 0xfd,
    0x20, 0xfd, 0x20, 0xfd, 0x20, 0xfd, 0x20, 0xfd, 0x40, 0xfd, 0x20, 0xfd,
    0x20, 0xfd, 0x20, 0xfd, 0x20, 0xfd, 0x00, 0xfd, 0x00, 0xfd, 0x00, 0xfd,
    0x00, 0xfd, 0x00, 0xfd, 0x00, 0xfd, 0xe0, 0xfc, 0x00, 0xfd, 0xe0, 0xfc,
    0xe0, 0xfc, 0xe0, 0xfc, 0xc0, 0xfc, 0xc0, 0xfc, 0xc0, 0xfc, 0xc0, 0xf4,
    0xa0, 0xfc, 0xa0, 0xf4, 0x80, 0xf4, 0x80, 0xfc, 0x80, 0xf4, 0x60, 0xfc,
    0x40, 0xf4, 0x40, 0xf4, 0x20, 0xf4, 0x00, 0xf4, 0x00, 0xfc, 0x00, 0xf4,
    0xc0, 0xf3, 0xc0, 0xf3, 0xa0, 0xf3, 0xa0, 0xf3, 0x80, 0xf3, 0x80, 0xf3,
    0x60, 0xeb, 0x40, 0xeb, 0x20, 0xeb, 0x00, 0xeb, 0xe0, 0xea, 0xc0, 0xe2,
    0x80, 0xda, 0x81, 0xda, 0x60, 0x99, 0x40, 0x60, 0x40, 0x60, 0x80, 0x68,
    0x61, 0xeb, 0x60, 0xeb, 0x80, 0xf3, 0xa0, 0xf3, 0x80, 0xf3, 0x60, 0xeb,
    0x00, 0xfc, 0x20, 0xf4, 0x40, 0xfc, 0x60, 0xfc, 0x40, 0xf4, 0x40, 0xf4,
    0x21, 0xf4, 0x20, 0xfc, 0x00, 0xf4, 0x00, 0xf4, 0xe0, 0xf3, 0xc0, 0xf3,
    0xa0, 0xf3, 0x60, 0xf3, 0x40, 0xeb, 0x40, 0xeb, 0x20, 0xeb, 0x00, 0xeb,
    0xe0, 0xe2, 0xc0, 0xe2, 0xa0, 0xe2, 0xa0, 0xda, 0xa0, 0xe2, 0xa0, 0xe2,
    0xa0, 0xda, 0xc1, 0xb9, 0xa3, 0x90, 0xc3, 0x90, 0xe3, 0x98, 0xe4, 0xa0,
    0xe3, 0xa0, 0x04, 0xa9, 0xe4, 0xb0, 0x08, 0x9a, 0x5b, 0x46, 0xfb, 0x4d,
    0x1b, 0x4e, 0x1a, 0x56, 0x1b, 0x56, 0x1a, 0x4e, 0x1a, 0x56, 0x1b, 0x4e,
    0x1a, 0x4e, 0xfa, 0x4d, 0x1b, 0x56, 0x1a, 0x56, 0xfa, 0x4d, 0xfb, 0x55,
    0x1a, 0x4e, 0x1a, 0x56, 0x1b, 0x56, 0xfa, 0x4d, 0x1a, 0x56, 0x1b, 0x4e,
    0x1a, 0x4e, 0xfa, 0x55, 0x1b, 0x4e, 0x1a, 0x4e, 0x1a, 0x56, 0xfa, 0x4d,
    0xfa, 0x4d, 0xd8, 0x4d, 0x53, 0x45, 0x52, 0x45, 0x73, 0x45, 0x0f, 0x45,
    0xef, 0x44, 0x0f, 0x3d, 0xef, 0x3c, 0xef, 0x3c, 0xcf, 0x3c, 0xcf, 0x3c,
    0xa9, 0x8b, 0x46, 0xab, 0x46, 0xab, 0x45, 0xab, 0x46, 0xb3, 0x46, 0xb3,
    0x45, 0xb3, 0x66, 0xb3, 0x45, 0xb3, 0x45, 0xb3, 0x45, 0xb3, 0x46, 0xb3,
    0x3b, 0x5e, 0x3a, 0x56, 0x1b, 0x56, 0x3a, 0x5e, 0x3b, 0x56, 0x1a, 0x5e,
    0x3b, 0x5e, 0x3a, 0x56, 0x1a, 0x56, 0x3b, 0x56, 0x3a, 0x56, 0x1a, 0x56,
    0x1b, 0x56, 0x1b, 0x56, 0x1a, 0x56, 0x3a, 0x56, 0x1a, 0x56, 0x1a, 0x56,
    0x3b, 0x56, 0x1a, 0x56, 0x1b, 0x56, 0x1b, 0x56, 0x3a, 0x56, 0x1b, 0x56,
    0x1a, 0x56, 0x1a, 0x56, 0x3a, 0x56, 0x1a, 0x56, 0x3b, 0x56, 0x3a, 0x56,
    0x1a, 0x56, 0x1a, 0x56, 0x1b, 0x56, 0x1a, 0x56, 0x1b, 0x56, 0x1a, 0x56,
    0x3b, 0x56, 0x1a, 0x56, 0x1b, 0x56, 0x1b, 0x56, 0x1a, 0x56, 0x1a, 0x56,
    0x1a, 0x56, 0x1b, 0x56, 0x1a, 0x56, 0x1a, 0x56, 0x1b, 0x56, 0x1a, 0x56,
    0x1a, 0x56, 0x1b, 0x56, 0x1a, 0x56, 0x1a, 0x56, 0x1a, 0x56, 0x1b, 0x56,
    0x1a, 0x56, 0x1b, 0x56, 0x1a, 0x56, 0x1a, 0x56, 0x1a, 0x56, 0x1a, 0x4e,
    0x1a, 0x4e, 0x1a, 0x56, 0x1b, 0x56, 0x1a, 0x56, 0x1a, 0x56, 0x1b, 0x56,
    0x1a, 0x56, 0x1a, 0x56, 0x1b, 0x56, 0x1a, 0x56, 0x3a, 0x56, 0xf8, 0x55,
    0xe2, 0xea, 0x61, 0xeb, 0x80, 0xf3, 0x80, 0xf3, 0xc0, 0xf3, 0xe0, 0xf3,
    0x00, 0xf4, 0x20, 0xfc, 0x20, 0xf4, 0x40, 0xfc, 0x60, 0xf4, 0x60, 0xf4,
    0x60, 0xf4, 0x80, 0xfc, 0xa0, 0xfc, 0xa0, 0xfc, 0xc0, 0xf4, 0xe0, 0xfc,
    0xe0, 0xfc, 0xe0, 0xfc, 0xe0, 0xf4, 0x00, 0xfd, 0x00, 0xfd, 0x20, 0xf5,
    0x00, 0xfd, 0x20, 0xf5, 0x00, 0xfd, 0x00, 0xfd, 0x00, 0xf5, 0x00, 0xfd,
    0x00, 0xfd, 0x00, 0xfd, 0x00, 0xfd, 0x00, 0xfd, 0xe0, 0xfc, 0xe0, 0xfc,
    0xe0, 0xfc, 0xe0, 0xfc, 0xe0, 0xfc, 0xe0, 0xfc, 0xc0, 0xfc, 0xe0, 0xfc,
    0xc0, 0xfc, 0xc0, 0xfc, 0xa0, 0xfc, 0xa0, 0xf4, 0xa0, 0xfc, 0xa0, 0xfc,
    0x80, 0xf4, 0x80, 0xfc, 0x60, 0xfc, 0x60, 0xf4, 0x40, 0xfc, 0x40, 0xfc,
    0x20, 0xfc, 0x20, 0xf4, 0x00, 0xf4, 0xe0, 0xf3, 0xe0, 0xf3, 0xc0, 0xf3,
    0xc1, 0xf3, 0xa0, 0xf3, 0x80, 0xf3, 0x60, 0xeb, 0x60, 0xeb, 0x40, 0xeb,
    0x41, 0xeb, 0x40, 0xeb, 0x20, 0xeb, 0xe0, 0xe2, 0xe0, 0xe2, 0xa0, 0xe2,
    0x80, 0xe2, 0x81, 0xa1, 0x40, 0x60, 0x40, 0x68, 0x20, 0x60, 0xe0, 0xa1,
    0xa0, 0xf3, 0xa0, 0xf3, 0xc0, 0xf3, 0xe0, 0xf3, 0xe0, 0xf3, 0xe0, 0xf3,
    0x20, 0xf4, 0x40, 0xfc, 0x40, 0xfc, 0x40, 0xf4, 0x40, 0xfc, 0x40, 0xfc,
    0x20, 0xfc, 0x20, 0xf4, 0x00, 0xfc, 0xe0, 0xf3, 0xc0, 0xf3, 0xa0, 0xf3,
    0x80, 0xf3, 0x60, 0xeb, 0x40, 0xeb, 0x20, 0xeb, 0x00, 0xeb, 0xe0, 0xe2,
    0xc0, 0xe2, 0xc0, 0xe2, 0xa0, 0xe2, 0xa0, 0xe2, 0xa0, 0xda, 0xa0, 0xe2,
    0x80, 0xda, 0xe1, 0xc1, 0xc3, 0x90, 0xc3, 0x98, 0xe3, 0xa0, 0xe4, 0xa0,
    0xe4, 0xa8, 0xe4, 0xa8, 0x66, 0xa9, 0xf9, 0x55, 0x1a, 0x4e, 0x1a, 0x56,
    0x1a, 0x4e, 0x1a, 0x56, 0x1a, 0x56, 0x1b, 0x56, 0x1a, 0x4e, 0x1b, 0x56,
    0xfa, 0x55, 0x1a, 0x56, 0x1a, 0x4e, 0x1a, 0x56, 0x1a, 0x4e, 0xfb, 0x4d,
    0x1a, 0x56, 0x1b, 0x4e, 0xfa, 0x4d, 0x1a, 0x56, 0xfa, 0x55, 0x1a, 0x56,
    0xfa, 0x55, 0x1a, 0x56, 0x1b, 0x56, 0x1a, 0x56, 0x1b, 0x56, 0xfa, 0x55,
    0xb7, 0x4d, 0x30, 0x45, 0xee, 0x44, 0xee, 0x3c, 0xef, 0x44, 0xef, 0x44,
    0xee, 0x3c, 0xef, 0x3c, 0xef, 0x3c, 0xef, 0x3c, 0xcf, 0x3c, 0xcf, 0x34,
    0x66, 0xa3, 0x46, 0xb3, 0x46, 0xb3, 0x46, 0xb3, 0x46, 0xb3, 0x46, 0xb3,
    0x46, 0xb3, 0x45, 0xb3, 0x46, 0xb3, 0x45, 0xb3, 0x46, 0xb3, 0x46, 0xb3,
    0x3b, 0x5e, 0x1a, 0x56, 0x3b, 0x5e, 0x1b, 0x56, 0x1a, 0x56, 0x1a, 0x56,
    0x3b, 0x56, 0x1a, 0x56, 0x1a, 0x5e, 0x3b, 0x56, 0x1a, 0x5e, 0x1b, 0x56,
    0x3b, 0x56, 0x1a, 0x56, 0x1b, 0x56, 0x3b, 0x56, 0x3a, 0x56, 0x3a, 0x56,
    0x1a, 0x56, 0x3b, 0x5e, 0x1a, 0x56, 0x1a, 0x56, 0x3b, 0x56, 0x1a, 0x56,
    0x1a, 0x56, 0x1b, 0x56, 0x1b, 0x56, 0x1a, 0x56, 0x1a, 0x56, 0x1b, 0x56,
    0x1a, 0x56, 0x1a, 0x56, 0x1a, 0x56, 0x3b, 0x56, 0x1a, 0x56, 0x1a, 0x56,
    0x3a, 0x56, 0x1a, 0x56, 0x1a, 0x56, 0x1b, 0x56, 0x3b, 0x56, 0x1a, 0x56,
    0x1a, 0x56, 0x3b, 0x56, 0x1a, 0x56, 0x1a, 0x56, 0x1a, 0x56, 0x3b, 0x56,
    0x3a, 0x56, 0x1b, 0x56, 0x1a, 0x56, 0x1a, 0x56, 0x1b, 0x56, 0x1a, 0x56,
    0x1a, 0x56, 0x1a, 0x56, 0x1b, 0x56, 0x1a, 0x56, 0x1a, 0x56, 0x1a, 0x56,
    0x1b, 0x56, 0x1a, 0x56, 0x1b, 0x56, 0x1a, 0x56, 0x1a, 0x56, 0x1a, 0x56,
    0x1b, 0x56, 0x1a, 0x56, 0x1a, 0x56, 0x1a, 0x56, 0x1a, 0x56, 0x1b, 0x4e,
    0x13, 0x85, 0x01, 0xeb, 0x60, 0xf3, 0x60, 0xf3, 0x80, 0xf3, 0xc0, 0xf3,
    0xe0, 0xf3, 0xe0, 0xf3, 0x00, 0xf4, 0x20, 0xf4, 0x40, 0xfc, 0x40, 0xf4,
    0x60, 0xfc, 0x60, 0xf4, 0x80, 0xf4, 0xa0, 0xf4, 0xa0, 0xfc, 0xa0, 0xfc,
    0xc0, 0xfc, 0xc0, 0xf4, 0xc0, 0xfc, 0xc0, 0xfc, 0x00, 0xfd, 0xe0, 0xfc,
    0x00, 0xfd, 0xe0, 0xfc, 0x00, 0xf5, 0x00, 0xfd, 0xe0, 0xfc, 0x00, 0xfd,
    0xe0, 0xfc, 0xe0, 0xfc, 0xe0, 0xf4, 0xc0, 0xfc, 0xe0, 0xf4, 0xe0, 0xfc,
    0xc0, 0xf4, 0xc0, 0xfc, 0xc0, 0xfc, 0xc0, 0xf4, 0xa0, 0xf4, 0xa0, 0xfc,
    0xa0, 0xf4, 0xa0, 0xfc, 0x80, 0xf4, 0x80, 0xfc, 0x80, 0xf4, 0x60, 0xf4,
    0x60, 0xfc, 0x60, 0xf4, 0x40, 0xf4, 0x40, 0xf4, 0x20, 0xf4, 0x00, 0xf4,
    0x00, 0xf4, 0xe0, 0xf3, 0xe1, 0xf3, 0xc0, 0xf3, 0xc0, 0xf3, 0xa0, 0xf3,
    0x80, 0xf3, 0x80, 0xf3, 0x80, 0xeb, 0x60, 0xf3, 0x40, 0xeb, 0x40, 0xeb,
    0x20, 0xeb, 0x00, 0xeb, 0xe0, 0xea, 0xc0, 0xe2, 0xa0, 0xe2, 0x80, 0xda,
    0xa1, 0xa9, 0x40, 0x60, 0x40, 0x68, 0x40, 0x68, 0x41, 0x60, 0x40, 0xdb,
    0xc0, 0xf3, 0xe0, 0xf3, 0xe0, 0xf3, 0xe0, 0xf3, 0x00, 0xf4, 0x20, 0xf4,
    0x40, 0xfc, 0x40, 0xfc, 0x40, 0xf4, 0x40, 0xfc, 0x40, 0xf4, 0x40, 0xfc,
    0x20, 0xf4, 0x00, 0xf4, 0xe0, 0xf3, 0xc0, 0xf3, 0xa0, 0xf3, 0x80, 0xf3,
    0x60, 0xeb, 0x40, 0xeb, 0x40, 0xeb, 0x01, 0xeb, 0xe0, 0xe2, 0xc0, 0xe2,
    0xc0, 0xe2, 0xa0, 0xe2, 0xa1, 0xe2, 0xa0, 0xe2, 0xa0, 0xe2, 0xa0, 0xda,
    0x80, 0xe2, 0xe1, 0xc1, 0xc3, 0x90, 0xe3, 0x98, 0xe3, 0xa0, 0xe4, 0xa0,
    0x04, 0xa9, 0x24, 0xb1, 0x77, 0x55, 0x1b, 0x56, 0xfa, 0x4d, 0x1a, 0x56,
    0xfb, 0x55, 0x1a, 0x4e, 0xfa, 0x4d, 0x1b, 0x56, 0x1a, 0x4e, 0xfa, 0x55,
    0x1b, 0x56, 0x1a, 0x4e, 0xfb, 0x55, 0x1a, 0x4e, 0x1a, 0x56, 0x1a, 0x56,
    0x1a, 0x56, 0xfb, 0x55, 0x1a, 0x4e, 0xfa, 0x55, 0x1a, 0x4e, 0x1b, 0x4e,
    0xfa, 0x4d, 0x1a, 0x56, 0x1b, 0x56, 0xfa, 0x4d, 0x1a, 0x56, 0xf9, 0x4d,
    0x32, 0x45, 0xef, 0x44, 0xee, 0x44, 0xef, 0x3c, 0xef, 0x3c, 0xee, 0x3c,
    0xee, 0x44, 0xef, 0x44, 0xce, 0x3c, 0xce, 0x3c, 0xcf, 0x3c, 0xae, 0x3c,
    0x25, 0xbb, 0x46, 0xab, 0x46, 0xb3, 0x45, 0xb3, 0x46, 0xab, 0x45, 0xb3,
    0x45, 0xb3, 0x66, 0xb3, 0x46, 0xb3, 0x45, 0xb3, 0x45, 0xb3, 0x45, 0xb3,
    0x3a, 0x5e, 0x1a, 0x56, 0x1b, 0x56, 0x3a, 0x5e, 0x3a, 0x56, 0x3b, 0x56,
    0x1b, 0x5e, 0x1a, 0x56, 0x3a, 0x56, 0x3a, 0x56, 0x1a, 0x56, 0x3a, 0x5e,
    0x3a, 0x56, 0x1a, 0x56, 0x3b, 0x5e, 0x1a, 0x56, 0x1b, 0x56, 0x1b, 0x5e,
    0x1a, 0x56, 0x1a, 0x56, 0x1a, 0x56, 0x1a, 0x5e, 0x3b, 0x56, 0x1a, 0x5e,
    0x1a, 0x56, 0x3b, 0x56, 0x1a, 0x56, 0x1a, 0x5e, 0x3b, 0x56, 0x1a, 0x56,
    0x3a, 0x56, 0x3b, 0x5e, 0x3a, 0x56, 0x1a, 0x56, 0x1a, 0x56, 0x1b, 0x56,
    0x1a, 0x56, 0x1b, 0x56, 0x1a, 0x56, 0x3a, 0x56, 0x3a, 0x56, 0x1b, 0x56,
    0x1a, 0x56, 0x1a, 0x56, 0x1b, 0x56, 0x1a, 0x56, 0x1a, 0x56, 0x1a, 0x56,
    0x3b, 0x56, 0x1a, 0x56, 0x1a, 0x56, 0x3a, 0x56, 0x1b, 0x56, 0x1a, 0x56,
    0x1a, 0x56, 0x1b, 0x56, 0x1a, 0x56, 0x1a, 0x56, 0x1b, 0x56, 0x1a, 0x56,
    0x1a, 0x56, 0x1a, 0x56, 0x1b, 0x56, 0x1a, 0x56, 0x1a, 0x56, 0x1a, 0x56,
    0x1a, 0x56, 0x1a, 0x56, 0x1a, 0x56, 0x1a, 0x56, 0x1a, 0x56, 0x1a, 0x56,
    0x3a, 0x56, 0x8a, 0xb3, 0x00, 0xeb, 0x40, 0xeb, 0x61, 0xf3, 0x80, 0xf3,
    0xc0, 0xf3, 0xc0, 0xf3, 0xe0, 0xf3, 0x00, 0xfc, 0x00, 0xf4, 0x20, 0xf4,
    0x20, 0xf4, 0x40, 0xfc, 0x60, 0xfc, 0x60, 0xf4, 0x80, 0xfc, 0xa0, 0xfc,
    0xc0, 0xf4, 0xa0, 0xf4, 0xa0, 0xfc, 0xc0, 0xfc, 0xc0, 0xf4, 0xc0, 0xf4,
    0xc0, 0xfc, 0xe0, 0xfc, 0xe0, 0xfc, 0xc0, 0xfc, 0xe0, 0xfc, 0xc0, 0xf4,
    0xc0, 0xfc, 0xc0, 0xf4, 0xc0, 0xfc, 0xa0, 0xfc, 0xa0, 0xfc, 0xa0, 0xf4,
    0xc0, 0xfc, 0xa0, 0xfc, 0xc0, 0xfc, 0xa0, 0xfc, 0xa0, 0xf4, 0x80, 0xfc,
    0x80, 0xfc, 0x80, 0xf4, 0x60, 0xfc, 0x60, 0xfc, 0x40, 0xf4, 0x60, 0xfc,
    0x40, 0xfc, 0x20, 0xf4, 0x20, 0xf4, 0x00, 0xf4, 0x00, 0xf4, 0xe0, 0xf3,
    0xe0, 0xf3, 0xc0, 0xf3, 0xc0, 0xf3, 0xa0, 0xf3, 0x80, 0xf3, 0x80, 0xf3,
    0x60, 0xeb, 0x40, 0xeb, 0x40, 0xeb, 0x20, 0xeb, 0x20, 0xeb, 0x00, 0xeb,
    0x00, 0xeb, 0xe0, 0xe2, 0xc0, 0xe2, 0xa0, 0xe2, 0x80, 0xda, 0xa1, 0xa1,
    0x40, 0x60, 0x40, 0x68, 0x40, 0x68, 0x41, 0x68, 0x41, 0x81, 0xe0, 0xf3,
    0xe0, 0xf3, 0x00, 0xf4, 0x00, 0xf4, 0x20, 0xf4, 0x40, 0xf4, 0x60, 0xfc,
    0x40, 0xfc, 0x60, 0xf4, 0x40, 0xf4, 0x40, 0xfc, 0x40, 0xf4, 0x20, 0xf4,
    0x00, 0xf4, 0xe0, 0xf3, 0xc0, 0xf3, 0xa1, 0xf3, 0x80, 0xf3, 0x60, 0xeb,
    0x60, 0xeb, 0x40, 0xeb, 0x20, 0xeb, 0xe0, 0xea, 0xe0, 0xea, 0xc0, 0xe2,
    0xc0, 0xe2, 0xc0, 0xe2, 0xa0, 0xda, 0xa0, 0xe2, 0xa0, 0xda, 0xa0, 0xe2,
    0x80, 0xda, 0xc1, 0xb9, 0xe3, 0x98, 0xe4, 0xa0, 0x04, 0xa1, 0xe4, 0xa8,
    0x04, 0xa9, 0x56, 0x5d, 0x1a, 0x4e, 0x1a, 0x56, 0xfa, 0x4d, 0x1b, 0x56,
    0x1b, 0x56, 0x1a, 0x4e, 0x1a, 0x4e, 0xfa, 0x55, 0x1a, 0x56, 0x1a, 0x4e,
    0x1b, 0x4e, 0x1b, 0x56, 0x1a, 0x56, 0xfb, 0x55, 0x1b, 0x4e, 0x1a, 0x56,
    0xfa, 0x55, 0x1b, 0x56, 0x1b, 0x56, 0x1a, 0x56, 0xfb, 0x55, 0x1a, 0x56,
    0xfa, 0x4d, 0x1a, 0x4e, 0x1a, 0x56, 0xfb, 0x4d, 0xfa, 0x4d, 0x74, 0x45,
    0x0f, 0x45, 0x0e, 0x45, 0xef, 0x44, 0xee, 0x44, 0xef, 0x3c, 0xee, 0x3c,
    0xee, 0x3c, 0xcf, 0x3c, 0xce, 0x3c, 0xcf, 0x3c, 0xcf, 0x3c, 0x4c, 0x5c,
    0x25, 0xb3, 0x46, 0xab, 0x46, 0xab, 0x46, 0xb3, 0x66, 0xb3, 0x45, 0xb3,
    0x46, 0xb3, 0x46, 0xb3, 0x45, 0xb3, 0x46, 0xb3, 0x46, 0xb3, 0x45, 0xb3,
    0x3a, 0x5e, 0x3a, 0x5e, 0x3a, 0x5e, 0x3a, 0x56, 0x3b, 0x56, 0x1b, 0x5e,
    0x3a, 0x5e, 0x3a, 0x56, 0x1b, 0x56, 0x3b, 0x5e, 0x1a, 0x56, 0x1b, 0x56,
    0x3a, 0x56, 0x1a, 0x56, 0x1a, 0x56, 0x3a, 0x5e, 0x1a, 0x56, 0x1a, 0x56,
    0x1b, 0x56, 0x3a, 0x56, 0x3a, 0x56, 0x1b, 0x56, 0x3a, 0x56, 0x3a, 0x56,
    0x1b, 0x5e, 0x1a, 0x56, 0x3a, 0x56, 0x3b, 0x56, 0x3a, 0x56, 0x3b, 0x56,
    0x1a, 0x5e, 0x3b, 0x56, 0x3b, 0x56, 0x1a, 0x56, 0x1b, 0x56, 0x3a, 0x56,
    0x3b, 0x56, 0x1a, 0x56, 0x1b, 0x56, 0x3b, 0x56, 0x3a, 0x56, 0x1a, 0x56,
    0x1b, 0x56, 0x3a, 0x56, 0x1a, 0x56, 0x3b, 0x56, 0x1a, 0x56, 0x1a, 0x56,
    0x1a, 0x56, 0x1a, 0x56, 0x1b, 0x56, 0x3a, 0x56, 0x1a, 0x56, 0x1a, 0x56,
    0x3a, 0x56, 0x3b, 0x56, 0x1a, 0x56, 0x1a, 0x56, 0x1a, 0x56, 0x1b, 0x56,
    0x1a, 0x56, 0x1a, 0x56, 0x1a, 0x56, 0x1a, 0x56, 0x1b, 0x56, 0x1a, 0x56,
    0x1a, 0x56, 0x1b, 0x56, 0x1b, 0x56, 0x1a, 0x56, 0x1a, 0x56, 0x1a, 0x56,
    0x3b, 0x56, 0x1a, 0x56, 0xe5, 0xda, 0x20, 0xeb, 0x40, 0xeb, 0x60, 0xeb,
    0x80, 0xf3, 0xa0, 0xf3, 0xc0, 0xf3, 0xe0, 0xf3, 0x00, 0xf4, 0x20, 0xf4,
    0x20, 0xfc, 0x40, 0xfc, 0x40, 0xf4, 0x40, 0xf4, 0x60, 0xf4, 0x60, 0xf4,
    0x80, 0xfc, 0xa0, 0xfc, 0xa0, 0xf4, 0xa0, 0xfc, 0xa0, 0xfc, 0xa0, 0xf4,
    0xc0, 0xf4, 0xa0, 0xfc, 0xa0, 0xf4, 0xc0, 0xf4, 0xc0, 0xfc, 0xc0, 0xfc,
    0xc0, 0xfc, 0xa0, 0xfc, 0xa0, 0xf4, 0xa0, 0xfc, 0xa0, 0xfc, 0xa0, 0xfc,
    0x80, 0xfc, 0x80, 0xf4, 0x60, 0xfc, 0x80, 0xfc, 0x80, 0xf4, 0x60, 0xfc,
    0x60, 0xf4, 0x60, 0xf4, 0x40, 0xfc, 0x20, 0xf4, 0x40, 0xf4, 0x40, 0xf4,
    0x20, 0xf4, 0x00, 0xf4, 0x00, 0xf4, 0xe0, 0xf3, 0xe0, 0xf3, 0xc0, 0xf3,
    0xa0, 0xf3, 0xa0, 0xf3, 0xa0, 0xf3, 0x60, 0xeb, 0x60, 0xeb, 0x40, 0xeb,
    0x20, 0xeb, 0x20, 0xeb, 0x20, 0xeb, 0x00, 0xeb, 0x00, 0xeb, 0xe0, 0xe2,
    0xc0, 0xe2, 0xc0, 0xe2, 0xa1, 0xe2, 0x80, 0xe2, 0x60, 0x99, 0x40, 0x68,
    0x40, 0x68, 0x40, 0x68, 0x40, 0x68, 0x40, 0x68, 0xe0, 0xca, 0xe0, 0xf3,
    0x00, 0xf4, 0x00, 0xf4, 0x20, 0xf4, 0x40, 0xfc, 0x40, 0xfc, 0x60, 0xf4,
    0x60, 0xfc, 0x61, 0xfc, 0x40, 0xf4, 0x40, 0xfc, 0x40, 0xf4, 0x20, 0xfc,
    0x00, 0xf4, 0xe0, 0xf3, 0xc0, 0xf3, 0xa0, 0xf3, 0x60, 0xf3, 0x60, 0xf3,
    0x40, 0xeb, 0x00, 0xeb, 0x00, 0xeb, 0xe0, 0xea, 0xc0, 0xe2, 0xc0, 0xe2,
    0xc0, 0xe2, 0xc0, 0xe2, 0xa0, 0xe2, 0xa0, 0xe2, 0xa0, 0xda, 0xa0, 0xda,
    0xa0, 0xe2, 0x82, 0xb1, 0xe4, 0x98, 0xe3, 0xa0, 0x04, 0xa9, 0x45, 0xa9,
    0x97, 0x5d, 0x1a, 0x56, 0x1a, 0x56, 0x1a, 0x56, 0x1a, 0x56, 0x1a, 0x56,
    0x1a, 0x56, 0x1a, 0x56, 0x1b, 0x56, 0x1a, 0x56, 0x1a, 0x56, 0x1a, 0x4e,
    0x1a, 0x56, 0x1a, 0x56, 0x1a, 0x56, 0x1a, 0x4e, 0x1b, 0x56, 0x1a, 0x56,
    0x1a, 0x4e, 0x1b, 0x4e, 0x1a, 0x56, 0x1a, 0x56, 0x1a, 0x56, 0x1b, 0x56,
    0xfa, 0x55, 0x1b, 0x56, 0x1a, 0x56, 0xfa, 0x55, 0xd9, 0x4d, 0x30, 0x45,
    0x0f, 0x45, 0xef, 0x3c, 0xef, 0x3c, 0xef, 0x3c, 0xef, 0x44, 0xef, 0x44,
    0xef, 0x3c, 0xce, 0x3c, 0xef, 0x3c, 0xcf, 0x3c, 0xae, 0x3c, 0x0a, 0x7c,
    0x66, 0xab, 0x46, 0xab, 0x46, 0xb3, 0x66, 0xb3, 0x66, 0xab, 0x45, 0xb3,
    0x46, 0xab, 0x45, 0xb3, 0x45, 0xb3, 0x46, 0xb3, 0x46, 0xb3, 0x45, 0xb3,
    0x3b, 0x5e, 0x1a, 0x5e, 0x1b, 0x5e, 0x3a, 0x56, 0x1a, 0x56, 0x1b, 0x56,
    0x3a, 0x56, 0x3b, 0x5e, 0x1b, 0x56, 0x3a, 0x5e, 0x3b, 0x56, 0x3b, 0x56,
    0x1a, 0x56, 0x3b, 0x5e, 0x1b, 0x56, 0x3a, 0x56, 0x3a, 0x56, 0x3a, 0x56,
    0x3b, 0x5e, 0x1b, 0x56, 0x3a, 0x5e, 0x1b, 0x56, 0x1a, 0x56, 0x1a, 0x5e,
    0x3b, 0x56, 0x1a, 0x56, 0x3a, 0x5e, 0x1a, 0x5e, 0x1b, 0x56, 0x1a, 0x56,
    0x1a, 0x56, 0x1a, 0x56, 0x1a, 0x56, 0x3a, 0x56, 0x1b, 0x5e, 0x3a, 0x56,
    0x3a, 0x56, 0x3a, 0x56, 0x1a, 0x56, 0x1b, 0x56, 0x1a, 0x56, 0x1a, 0x56,
    0x1b, 0x56, 0x1a, 0x56, 0x1a, 0x56, 0x1b, 0x56, 0x3b, 0x56, 0x3a, 0x56,
    0x1a, 0x56, 0x1a, 0x56, 0x1b, 0x56, 0x1a, 0x56, 0x1b, 0x56, 0x1a, 0x56,
    0x1a, 0x56, 0x1a, 0x56, 0x1a, 0x56, 0x1a, 0x56, 0x1a, 0x56, 0x1a, 0x56,
    0x1b, 0x56, 0x1a, 0x56, 0x1a, 0x56, 0x1a, 0x56, 0x1b, 0x56, 0x1a, 0x56,
    0x1a, 0x56, 0x1a, 0x56, 0x1a, 0x56, 0x3b, 0x56, 0x1a, 0x56, 0x1a, 0x56,
    0x1a, 0x56, 0x1a, 0x56, 0xd8, 0x5d, 0xa3, 0xda, 0x00, 0xeb, 0x21, 0xeb,
    0x40, 0xeb, 0x80, 0xf3, 0xa0, 0xf3, 0xa0, 0xf3, 0xc0, 0xf3, 0xe0, 0xf3,
    0x00, 0xf4, 0x00, 0xf4, 0x20, 0xf4, 0x20, 0xfc, 0x40, 0xf4, 0x40, 0xf4,
    0x60, 0xfc, 0x60, 0xf4, 0x80, 0xf4, 0x80, 0xfc, 0x80, 0xfc, 0x80, 0xf4,
    0x80, 0xfc, 0xa0, 0xfc, 0x80, 0xfc, 0x80, 0xf4, 0xa0, 0xfc, 0xa0, 0xf4,
    0x80, 0xfc, 0xa0, 0xfc, 0x80, 0xfc, 0x80, 0xf4, 0x80, 0xf4, 0x80, 0xfc,
    0x60, 0xf4, 0x60, 0xf4, 0x60, 0xfc, 0x60, 0xf4, 0x40, 0xf4, 0x40, 0xf4,
    0x40, 0xf4, 0x20, 0xf4, 0x20, 0xf4, 0x20, 0xf4, 0x00, 0xfc, 0x00, 0xf4,
    0x00, 0xf4, 0xe0, 0xf3, 0xc0, 0xf3, 0xc0, 0xf3, 0xc0, 0xf3, 0xa0, 0xf3,
    0x80, 0xf3, 0x60, 0xeb, 0x60, 0xeb, 0x40, 0xeb, 0x20, 0xeb, 0x20, 0xeb,
    0x00, 0xeb, 0x00, 0xeb, 0xe0, 0xea, 0xe0, 0xe2, 0xc0, 0xe2, 0xc0, 0xe2,
    0xc0, 0xe2, 0x80, 0xda, 0x80, 0xda, 0x00, 0x91, 0x41, 0x60, 0x40, 0x68,
    0x40, 0x70, 0x40, 0x68, 0x40, 0x70, 0xe1, 0x80, 0x20, 0xf4, 0x00, 0xf4,
    0x20, 0xf4, 0x40, 0xfc, 0x40, 0xfc, 0x40, 0xf4, 0x60, 0xf4, 0x60, 0xfc,
    0x60, 0xfc, 0x40, 0xf4, 0x40, 0xfc, 0x20, 0xf4, 0x20, 0xf4, 0x00, 0xf4,
    0xe0, 0xfb, 0xc0, 0xf3, 0xa0, 0xf3, 0x80, 0xf3, 0x60, 0xf3, 0x40, 0xeb,
    0x20, 0xeb, 0x01, 0xeb, 0xe0, 0xea, 0xe0, 0xe2, 0xe0, 0xe2, 0xc0, 0xe2,
    0xa0, 0xe2, 0xc0, 0xe2, 0xa0, 0xe2, 0xa0, 0xe2, 0xa0, 0xe2, 0xa0, 0xda,
    0xa0, 0xe2, 0x03, 0xa1, 0x04, 0xa1, 0x03, 0xa1, 0x29, 0x92, 0xfa, 0x4d,
    0xfa, 0x55, 0x1b, 0x4e, 0x1b, 0x56, 0x1b, 0x56, 0x1b, 0x4e, 0x1a, 0x56,
    0x1b, 0x56, 0x1a, 0x4e, 0x1b, 0x56, 0x1b, 0x56, 0x1a, 0x4e, 0x1b, 0x56,
    0xfb, 0x55, 0x1a, 0x56, 0x1a, 0x4e, 0xfa, 0x55, 0x1a, 0x56, 0x1b, 0x56,
    0xfa, 0x55, 0x1a, 0x56, 0x1b, 0x4e, 0xfa, 0x55, 0x1b, 0x4e, 0x1a, 0x56,
    0x1a, 0x4e, 0xfa, 0x55, 0x1a, 0x56, 0x1b, 0x56, 0xd9, 0x4d, 0x30, 0x45,
    0x0f, 0x45, 0xee, 0x3c, 0xee, 0x3c, 0xef, 0x3c, 0xee, 0x3c, 0xce, 0x3c,
    0xcf, 0x3c, 0xee, 0x3c, 0xef, 0x3c, 0xce, 0x3c, 0xcf, 0x34, 0x88, 0x93,
    0x46, 0xab, 0x46, 0xab, 0x46, 0xb3, 0x45, 0xb3, 0x46, 0xb3, 0x45, 0xb3,
    0x46, 0xb3, 0x46, 0xb3, 0x45, 0xb3, 0x45, 0xb3, 0x46, 0xb3, 0x45, 0xb3,
    0x3b, 0x5e, 0x3b, 0x5e, 0x3a, 0x56, 0x3b, 0x5e, 0x3a, 0x5e, 0x1a, 0x56,
    0x3b, 0x5e, 0x3b, 0x5e, 0x1a, 0x56, 0x1a, 0x56, 0x3a, 0x56, 0x1a, 0x5e,
    0x1a, 0x56, 0x3b, 0x56, 0x1a, 0x5e, 0x1b, 0x56, 0x3b, 0x5e, 0x1a, 0x56,
    0x1a, 0x5e, 0x1a, 0x56, 0x1a, 0x56, 0x3a, 0x5e, 0x1b, 0x5e, 0x3a, 0x56,
    0x1a, 0x56, 0x1b, 0x56, 0x3a, 0x5e, 0x1a, 0x56, 0x1b, 0x56, 0x3a, 0x5e,
    0x3a, 0x5e, 0x1b, 0x56, 0x3a, 0x56, 0x3a, 0x56, 0x1a, 0x56, 0x1b, 0x56,
    0x1a, 0x56, 0x3a, 0x56, 0x1a, 0x56, 0x1a, 0x56, 0x1a, 0x56, 0x1a, 0x56,
    0x3b, 0x56, 0x1a, 0x56, 0x1a, 0x56, 0x1a, 0x56, 0x3a, 0x56, 0x1a, 0x56,
    0x1b, 0x56, 0x3a, 0x56, 0x1a, 0x56, 0x1b, 0x56, 0x3a, 0x56, 0x1a, 0x56,
    0x1b, 0x56, 0x1b, 0x56, 0x3a, 0x56, 0x1b, 0x56, 0x1b, 0x56, 0x3a, 0x56,
    0x1a, 0x56, 0x1a, 0x56, 0x1b, 0x56, 0x1a, 0x56, 0x1a, 0x56, 0x1a, 0x56,
    0x1a, 0x56, 0x3a, 0x56, 0x1a, 0x56, 0x3a, 0x56, 0x1b, 0x56, 0x1a, 0x56,
    0x3a, 0x56, 0x1b, 0x56, 0x1a, 0x56, 0xf8, 0x5d, 0xc4, 0xda, 0x01, 0xeb,
    0x20, 0xeb, 0x40, 0xeb, 0x40, 0xeb, 0x80, 0xf3, 0xa0, 0xf3, 0xc0, 0xf3,
    0xc0, 0xf3, 0xe0, 0xf3, 0x00, 0xf4, 0x00, 0xf4, 0x20, 0xf4, 0x20, 0xf4,
    0x40, 0xfc, 0x40, 0xf4, 0x60, 0xf4, 0x60, 0xfc, 0x60, 0xf4, 0x60, 0xf4,
    0x60, 0xf4, 0x60, 0xf4, 0x80, 0xfc, 0x60, 0xfc, 0x80, 0xf4, 0x80, 0xfc,
    0x60, 0xf4, 0x60, 0xf4, 0x60, 0xf4, 0x60, 0xfc, 0x60, 0xfc, 0x60, 0xf4,
    0x40, 0xf4, 0x40, 0xfc, 0x60, 0xfc, 0x40, 0xf4, 0x20, 0xfc, 0x20, 0xf4,
    0x00, 0xfc, 0x00, 0xf4, 0x00, 0xf4, 0xe0, 0xf3, 0xe0, 0xf3, 0xe0, 0xf3,
    0xc0, 0xf3, 0xc0, 0xf3, 0xa0, 0xf3, 0xa0, 0xf3, 0x80, 0xf3, 0x80, 0xeb,
    0x60, 0xeb, 0x40, 0xeb, 0x40, 0xeb, 0x20, 0xeb, 0x00, 0xeb, 0xe0, 0xe2,
    0xe0, 0xe2, 0xe0, 0xe2, 0xc0, 0xe2, 0xa0, 0xe2, 0xa0, 0xe2, 0xa1, 0xe2,
    0x80, 0xe2, 0x60, 0xd2, 0xa0, 0x78, 0x20, 0x68, 0x40, 0x68, 0x40, 0x68,
    0x40, 0x70, 0x40, 0x70, 0x41, 0x68, 0xe0, 0xc2, 0x00, 0xf4, 0x20, 0xf4,
    0x40, 0xf4, 0x40, 0xf4, 0x40, 0xf4, 0x60, 0xfc, 0x60, 0xf4, 0x40, 0xfc,
    0x40, 0xf4, 0x40, 0xf4, 0x20, 0xfc, 0x00, 0xfc, 0x00, 0xf4, 0xe0, 0xf3,
    0xc0, 0xf3, 0xa0, 0xf3, 0x80, 0xf3, 0x60, 0xeb, 0x40, 0xeb, 0x20, 0xeb,
    0x00, 0xeb, 0x00, 0xeb, 0xe0, 0xe2, 0xe0, 0xe2, 0xc0, 0xe2, 0xa0, 0xe2,
    0xc0, 0xe2, 0xa0, 0xe2, 0xa1, 0xda, 0xa0, 0xda, 0x80, 0xda, 0x80, 0xe2,
    0x81, 0xda, 0xe2, 0x98, 0xe4, 0xa0, 0x11, 0x74, 0x7b, 0x4e, 0xfa, 0x4d,
    0x1a, 0x56, 0x1a, 0x56, 0x1a, 0x56, 0x1a, 0x4e, 0x1a, 0x56, 0x1b, 0x56,
    0x1a, 0x4e, 0x1a, 0x56, 0x1a, 0x56, 0x1a, 0x4e, 0x1a, 0x56, 0x1b, 0x56,
    0x1a, 0x56, 0x1a, 0x56, 0x1b, 0x56, 0x1a, 0x56, 0x1a, 0x56, 0x1b, 0x4e,
    0x1a, 0x56, 0x1a, 0x56, 0x1a, 0x56, 0xfa, 0x55, 0x1b, 0x56, 0xfa, 0x4d,
    0xfa, 0x4d, 0xfa, 0x4d, 0xf9, 0x4d, 0xd9, 0x4d, 0x96, 0x4d, 0x10, 0x45,
    0xef, 0x44, 0xee, 0x3c, 0xef, 0x3c, 0xef, 0x3c, 0xef, 0x44, 0xef, 0x3c,
    0xce, 0x3c, 0xcf, 0x3c, 0xce, 0x3c, 0xce, 0x3c, 0xaf, 0x3c, 0x26, 0xab,
    0x46, 0xab, 0x46, 0xb3, 0x46, 0xb3, 0x66, 0xab, 0x46, 0xb3, 0x46, 0xb3,
    0x45, 0xb3, 0x46, 0xb3, 0x46, 0xb3, 0x46, 0xb3, 0x46, 0xb3, 0x45, 0xb3,
    0x3a, 0x5e, 0x3b, 0x5e, 0x3a, 0x56, 0x3b, 0x5e, 0x3b, 0x56, 0x3a, 0x5e,
    0x1a, 0x56, 0x3a, 0x56, 0x3b, 0x56, 0x1a, 0x56, 0x3b, 0x5e, 0x3a, 0x56,
    0x1a, 0x5e, 0x3a, 0x56, 0x3a, 0x56, 0x1a, 0x5e, 0x3b, 0x56, 0x3a, 0x56,
    0x1a, 0x56, 0x3b, 0x5e, 0x3a, 0x56, 0x1a, 0x56, 0x1b, 0x56, 0x1a, 0x56,
    0x3b, 0x56, 0x3a, 0x56, 0x1b, 0x56, 0x3a, 0x56, 0x3a, 0x56, 0x1a, 0x56,
    0x3b, 0x5e, 0x1a, 0x56, 0x1a, 0x56, 0x3b, 0x5e, 0x3b, 0x56, 0x1a, 0x56,
    0x1b, 0x56, 0x1a, 0x5e, 0x3b, 0x5e, 0x1a, 0x56, 0x1a, 0x56, 0x3b, 0x5e,
    0x3a, 0x56, 0x3b, 0x56, 0x3b, 0x56, 0x1a, 0x56, 0x1b, 0x56, 0x1a, 0x56,
    0x1a, 0x56, 0x1b, 0x56, 0x1a, 0x56, 0x1a, 0x56, 0x1b, 0x56, 0x3a, 0x56,
    0x1b, 0x56, 0x1a, 0x56, 0x3a, 0x56, 0x1a, 0x56, 0x1a, 0x56, 0x1a, 0x56,
    0x3b, 0x56, 0x1a, 0x56, 0x3a, 0x56, 0x1b, 0x56, 0x3a, 0x56, 0x1a, 0x56,
    0x1b, 0x56, 0x1b, 0x56, 0x1a, 0x56, 0x1a, 0x56, 0x1b, 0x56, 0x1a, 0x56,
    0x1a, 0x56, 0x1a, 0x56, 0x1a, 0x56, 0x1b, 0x56, 0xf9, 0x55, 0xe6, 0xd2,
    0xc0, 0xea, 0xe0, 0xea, 0x01, 0xeb, 0x40, 0xeb, 0x60, 0xf3, 0x80, 0xf3,
    0xa0, 0xf3, 0xc0, 0xf3, 0xc0, 0xf3, 0xe0, 0xf3, 0xe0, 0xf3, 0x00, 0xf4,
    0x20, 0xf4, 0x20, 0xf4, 0x00, 0xf4, 0x20, 0xf4, 0x40, 0xfc, 0x40, 0xf4,
    0x40, 0xf4, 0x40, 0xf4, 0x60, 0xf4, 0x40, 0xfc, 0x40, 0xf4, 0x40, 0xf4,
    0x40, 0xfc, 0x40, 0xf4, 0x40, 0xf4, 0x40, 0xfc, 0x40, 0xf4, 0x40, 0xf4,
    0x20, 0xf4, 0x20, 0xf4, 0x20, 0xf4, 0x00, 0xf4, 0x00, 0xf4, 0x00, 0xfc,
    0xe0, 0xf3, 0xe0, 0xf3, 0xe0, 0xf3, 0xc0, 0xf3, 0xa0, 0xf3, 0xa0, 0xf3,
    0xa0, 0xf3, 0x80, 0xf3, 0x60, 0xf3, 0x60, 0xf3, 0x60, 0xeb, 0x60, 0xeb,
    0x40, 0xeb, 0x20, 0xeb, 0x00, 0xeb, 0x00, 0xeb, 0xe0, 0xe2, 0xc0, 0xe2,
    0xc0, 0xe2, 0xa0, 0xe2, 0xa0, 0xe2, 0xa0, 0xe2, 0x80, 0xda, 0x80, 0xda,
    0xe0, 0xb9, 0x41, 0x60, 0x40, 0x68, 0x40, 0x68, 0x40, 0x68, 0x40, 0x68,
    0x40, 0x70, 0x40, 0x70, 0x20, 0x81, 0x40, 0xf4, 0x20, 0xf4, 0x40, 0xf4,
    0x60, 0xfc, 0x60, 0xfc, 0x60, 0xf4, 0x60, 0xfc, 0x40, 0xfc, 0x40, 0xf4,
    0x40, 0xf4, 0x20, 0xfc, 0x00, 0xf4, 0x00, 0xf4, 0xe0, 0xf3, 0xc0, 0xf3,
    0xa0, 0xf3, 0x80, 0xf3, 0x60, 0xf3, 0x40, 0xeb, 0x20, 0xeb, 0x00, 0xeb,
    0x00, 0xeb, 0xe0, 0xea, 0xc0, 0xe2, 0xa0, 0xe2, 0xc0, 0xe2, 0xa0, 0xe2,
    0xa0, 0xe2, 0xa0, 0xe2, 0xa0, 0xda, 0xa0, 0xda, 0xa0, 0xe2, 0x61, 0xda,
    0xc1, 0xc9, 0xcb, 0x7a, 0xfa, 0x4d, 0xfa, 0x55, 0x1b, 0x56, 0x1a, 0x56,
    0x1a, 0x56, 0x1b, 0x56, 0x1a, 0x56, 0x1a, 0x56, 0x1b, 0x56, 0x1a, 0x56,
    0x1b, 0x56, 0x1b, 0x56, 0x1a, 0x56, 0x1a, 0x4e, 0x1b, 0x56, 0x1a, 0x56,
    0x1b, 0x56, 0x1a, 0x4e, 0x1a, 0x56, 0x1b, 0x56, 0x1a, 0x56, 0x1b, 0x56,
    0xfb, 0x55, 0x1a, 0x56, 0x1a, 0x56, 0x1a, 0x4e, 0xfa, 0x55, 0xd8, 0x4d,
    0x74, 0x45, 0x10, 0x45, 0x0f, 0x45, 0x0f, 0x45, 0xef, 0x3c, 0xef, 0x3c,
    0xef, 0x3c, 0xef, 0x44, 0xef, 0x3c, 0xef, 0x3c, 0xef, 0x44, 0xee, 0x3c,
    0xef, 0x3c, 0xcf, 0x3c, 0xcf, 0x3c, 0xaf, 0x3c, 0x4d, 0x4c, 0x45, 0xb3,
    0x46, 0xab, 0x46, 0xab, 0x66, 0xb3, 0x46, 0xb3, 0x46, 0xb3, 0x45, 0xb3,
    0x46, 0xb3, 0x45, 0xb3, 0x45, 0xb3, 0x45, 0xb3, 0x45, 0xb3, 0x46, 0xb3,
    0x5b, 0x6e, 0x5b, 0x66, 0x3a, 0x66, 0x3a, 0x5e, 0x3b, 0x5e, 0x3b, 0x5e,
    0x3a, 0x5e, 0x3b, 0x5e, 0x3a, 0x56, 0x3a, 0x5e, 0x3b, 0x5e, 0x3b, 0x56,
    0x3b, 0x5e, 0x3a, 0x5e, 0x1b, 0x56, 0x3a, 0x56, 0x1a, 0x5e, 0x3b, 0x56,
    0x3a, 0x5e, 0x1a, 0x56, 0x3b, 0x56, 0x3a, 0x5e, 0x3a, 0x56, 0x1b, 0x5e,
    0x3a, 0x5e, 0x1b, 0x56, 0x1a, 0x5e, 0x3b, 0x56, 0x1a, 0x5e, 0x1a, 0x56,
    0x3b, 0x56, 0x3a, 0x56, 0x1a, 0x5e, 0x1b, 0x56, 0x3a, 0x56, 0x3a, 0x56,
    0x3a, 0x56, 0x1b, 0x5e, 0x3a, 0x56, 0x3a, 0x56, 0x3b, 0x56, 0x1a, 0x56,
    0x1a, 0x56, 0x3a, 0x56, 0x1b, 0x56, 0x3a, 0x56, 0x1a, 0x56, 0x1a, 0x56,
    0x1a, 0x56, 0x1b, 0x56, 0x3a, 0x56, 0x3a, 0x56, 0x1b, 0x56, 0x3a, 0x56,
    0x1a, 0x56, 0x1a, 0x56, 0x1a, 0x56, 0x1b, 0x56, 0x1a, 0x56, 0x3b, 0x56,
    0x1b, 0x56, 0x1a, 0x56, 0x1a, 0x56, 0x3b, 0x56, 0x1a, 0x56, 0x3a, 0x56,
    0x1a, 0x56, 0x1a, 0x56, 0x1a, 0x56, 0x3a, 0x56, 0x1a, 0x56, 0x3a, 0x56,
    0x1a, 0x56, 0x1a, 0x56, 0x3a, 0x56, 0x3a, 0x56, 0x1b, 0x56, 0x3b, 0x56,
    0xcb, 0xb3, 0xa1, 0xf2, 0x00, 0xeb, 0x21, 0xeb, 0x20, 0xeb, 0x40, 0xeb,
    0x80, 0xf3, 0x80, 0xf3, 0xa0, 0xf3, 0xc0, 0xf3, 0xc0, 0xf3, 0x00, 0xf4,
    0x00, 0xf4, 0x00, 0xf4, 0x00, 0xf4, 0x00, 0xf4, 0x20, 0xf4, 0x20, 0xf4,
    0x20, 0xfc, 0x20, 0xf4, 0x20, 0xf4, 0x20, 0xf4, 0x20, 0xf4, 0x20, 0xf4,
    0x20, 0xfc, 0x00, 0xf4, 0x20, 0xfc, 0x20, 0xf4, 0x00, 0xf4, 0x20, 0xf4,
    0x00, 0xf4, 0x00, 0xf4, 0x00, 0xf4, 0xe0, 0xf3, 0xe0, 0xf3, 0xc0, 0xf3,
    0xc0, 0xf3, 0xa0, 0xf3, 0xa0, 0xf3, 0x80, 0xf3, 0x80, 0xf3, 0x80, 0xf3,
    0x80, 0xeb, 0x60, 0xeb, 0x60, 0xeb, 0x40, 0xeb, 0x20, 0xeb, 0x20, 0xeb,
    0x00, 0xeb, 0x00, 0xeb, 0xe0, 0xe2, 0xe0, 0xe2, 0xc0, 0xe2, 0xa1, 0xe2,
    0xa1, 0xe2, 0xa0, 0xe2, 0x80, 0xda, 0x80, 0xda, 0x60, 0xda, 0x00, 0x91,
    0x40, 0x60, 0x40, 0x68, 0x40, 0x68, 0x40, 0x68, 0x40, 0x70, 0x40, 0x70,
    0x40, 0x70, 0x41, 0x68, 0x20, 0xcb, 0x20, 0xf4, 0x40, 0xf4, 0x60, 0xfc,
    0x60, 0xfc, 0x60, 0xfc, 0x60, 0xfc, 0x40, 0xf4, 0x40, 0xf4, 0x20, 0xfc,
    0x20, 0xfc, 0x20, 0xf4, 0x00, 0xf4, 0xe0, 0xf3, 0xc0, 0xf3, 0xa0, 0xf3,
    0x81, 0xf3, 0x60, 0xf3, 0x40, 0xeb, 0x20, 0xeb, 0x00, 0xeb, 0x00, 0xeb,
    0xe1, 0xe2, 0xc0, 0xe2, 0xc0, 0xe2, 0xc0, 0xe2, 0xa1, 0xe2, 0xa0, 0xe2,
    0x80, 0xda, 0xa0, 0xda, 0xa0, 0xe2, 0xa0, 0xe2, 0xa0, 0xda, 0xa1, 0xda,
    0xee, 0x83, 0x3c, 0x46, 0x1a, 0x4e, 0x1a, 0x4e, 0xfa, 0x55, 0x1b, 0x56,
    0x1a, 0x4e, 0x1b, 0x4e, 0x1a, 0x56, 0x1b, 0x56, 0x1a, 0x56, 0x1a, 0x56,
    0x1a, 0x56, 0x1b, 0x56, 0x1a, 0x56, 0x1a, 0x56, 0x1a, 0x4e, 0x1b, 0x56,
    0x1a, 0x56, 0x1a, 0x4e, 0x1b, 0x56, 0x1a, 0x56, 0x1a, 0x56, 0x1a, 0x56,
    0x1a, 0x4e, 0x1b, 0x56, 0x1a, 0x56, 0xf9, 0x4d, 0x54, 0x45, 0x0f, 0x45,
    0x0e, 0x45, 0xef, 0x3c, 0xee, 0x44, 0x0f, 0x45, 0x0f, 0x45, 0xef, 0x44,
    0xef, 0x3c, 0xef, 0x3c, 0xef, 0x3c, 0xce, 0x3c, 0xcf, 0x3c, 0xcf, 0x3c,
    0xcf, 0x3c, 0xcf, 0x3c, 0xcf, 0x3c, 0xaf, 0x3c, 0x2c, 0x64, 0x46, 0xab,
    0x46, 0xb3, 0x66, 0xb3, 0x46, 0xab, 0x45, 0xb3, 0x45, 0xb3, 0x46, 0xb3,
    0x46, 0xb3, 0x45, 0xb3, 0x46, 0xb3, 0x45, 0xb3, 0x45, 0xb3, 0x46, 0xb3,
    0x9b, 0x7e, 0x7b, 0x7e, 0x7b, 0x76, 0x7b, 0x76, 0x5b, 0x6e, 0x5b, 0x6e,
    0x5b, 0x66, 0x3a, 0x5e, 0x3b, 0x5e, 0x1a, 0x56, 0x3a, 0x5e, 0x3b, 0x56,
    0x3a, 0x56, 0x1a, 0x5e, 0x3b, 0x5e, 0x1b, 0x5e, 0x1a, 0x56, 0x3b, 0x56,
    0x3a, 0x5e, 0x1a, 0x56, 0x1a, 0x5e, 0x3b, 0x5e, 0x1a, 0x56, 0x3a, 0x56,
    0x1a, 0x5e, 0x3a, 0x56, 0x3a, 0x56, 0x1b, 0x5e, 0x3b, 0x56, 0x3a, 0x5e,
    0x1b, 0x56, 0x3a, 0x5e, 0x3b, 0x56, 0x3b, 0x5e, 0x1a, 0x5e, 0x1a, 0x56,
    0x3b, 0x5e, 0x1a, 0x56, 0x1a, 0x56, 0x1b, 0x56, 0x3a, 0x56, 0x1b, 0x56,
    0x1a, 0x56, 0x1a, 0x56, 0x1a, 0x5e, 0x1b, 0x56, 0x3a, 0x5e, 0x3b, 0x56,
    0x3a, 0x56, 0x1a, 0x56, 0x1a, 0x56, 0x1a, 0x56, 0x1a, 0x56, 0x1a, 0x56,
    0x1a, 0x56, 0x1a, 0x56, 0x3b, 0x56, 0x1a, 0x56, 0x3a, 0x56, 0x1a, 0x56,
    0x1a, 0x56, 0x1a, 0x56, 0x1a, 0x56, 0x1a, 0x56, 0x1a, 0x56, 0x1b, 0x56,
    0x3b, 0x56, 0x1a, 0x56, 0x1a, 0x56, 0x3a, 0x56, 0x1b, 0x56, 0x1a, 0x56,
    0x1b, 0x56, 0x1a, 0x56, 0x1a, 0x56, 0x1a, 0x56, 0x3a, 0x56, 0x1a, 0x56,
    0x5b, 0x56, 0xb2, 0x84, 0x62, 0xe2, 0xe0, 0xea, 0x00, 0xeb, 0x20, 0xeb,
    0x40, 0xeb, 0x60, 0xeb, 0x60, 0xeb, 0x80, 0xf3, 0xa0, 0xf3, 0xc0, 0xf3,
    0xc0, 0xf3, 0xc0, 0xf3, 0xc0, 0xf3, 0xe0, 0xf3, 0xe0, 0xf3, 0xe0, 0xf3,
    0x00, 0xf4, 0x00, 0xf4, 0xe0, 0xf3, 0xe0, 0xf3, 0xe0, 0xf3, 0x00, 0xf4,
    0xe0, 0xf3, 0xe0, 0xf3, 0xe0, 0xf3, 0x00, 0xf4, 0xe0, 0xf3, 0x00, 0xfc,
    0xe0, 0xf3, 0xe0, 0xf3, 0xc0, 0xf3, 0xc0, 0xf3, 0xc0, 0xf3, 0xa0, 0xf3,
    0x80, 0xf3, 0x80, 0xf3, 0x80, 0xf3, 0x80, 0xeb, 0x60, 0xeb, 0x40, 0xeb,
    0x20, 0xeb, 0x20, 0xeb, 0x21, 0xeb, 0x20, 0xeb, 0x00, 0xeb, 0x01, 0xeb,
    0xe0, 0xe2, 0xc0, 0xe2, 0xc1, 0xe2, 0xa0, 0xe2, 0xa0, 0xda, 0x80, 0xda,
    0x80, 0xda, 0x60, 0xda, 0x60, 0xda, 0xe1, 0xb9, 0xa5, 0xaa, 0x40, 0x68,
    0x40, 0x68, 0x40, 0x68, 0x40, 0x70, 0x40, 0x70, 0x40, 0x70, 0x40, 0x70,
    0x40, 0x70, 0x41, 0x81, 0x40, 0xf4, 0x40, 0xf4, 0x80, 0xfc, 0x80, 0xf4,
    0x60, 0xf4, 0x60, 0xf4, 0x60, 0xf4, 0x40, 0xf4, 0x20, 0xf4, 0x20, 0xf4,
    0x00, 0xf4, 0xe0, 0xf3, 0xe0, 0xf3, 0xc0, 0xf3, 0xa0, 0xf3, 0x80, 0xf3,
    0x60, 0xf3, 0x40, 0xeb, 0x40, 0xeb, 0x00, 0xeb, 0x00, 0xeb, 0xe0, 0xea,
    0xc0, 0xe2, 0xc0, 0xe2, 0xa0, 0xe2, 0xa0, 0xe2, 0xa0, 0xe2, 0xa0, 0xe2,
    0x80, 0xda, 0x80, 0xda, 0xa0, 0xda, 0xa0, 0xda, 0xa0, 0xe2, 0x41, 0xca,
    0x09, 0x6a, 0x3b, 0x4e, 0x1a, 0x56, 0xfa, 0x55, 0x1a, 0x56, 0x1a, 0x56,
    0x1a, 0x56, 0x1a, 0x56, 0x1b, 0x56, 0x1a, 0x56, 0x1a, 0x4e, 0x1b, 0x56,
    0x1a, 0x56, 0x1a, 0x4e, 0x1b, 0x56, 0x1a, 0x56, 0x1b, 0x56, 0x1a, 0x56,
    0x1a, 0x56, 0x1b, 0x56, 0x1a, 0x56, 0x1a, 0x56, 0x1a, 0x56, 0x1a, 0x56,
    0x1a, 0x4e, 0xfa, 0x55, 0xfa, 0x55, 0x74, 0x45, 0xef, 0x3c, 0x0f, 0x45,
    0xef, 0x44, 0x0f, 0x3d, 0xef, 0x3c, 0xef, 0x44, 0x0f, 0x3d, 0xef, 0x3c,
    0xee, 0x44, 0xef, 0x3c, 0xcf, 0x3c, 0xcf, 0x3c, 0xef, 0x3c, 0xcf, 0x3c,
    0xce, 0x3c, 0xcf, 0x3c, 0xcf, 0x3c, 0xaf, 0x3c, 0xc9, 0x7b, 0x46, 0xab,
    0x46, 0xab, 0x46, 0xab, 0x46, 0xb3, 0x45, 0xb3, 0x66, 0xb3, 0x46, 0xb3,
    0x65, 0xb3, 0x45, 0xb3, 0x46, 0xb3, 0x25, 0xb3, 0x45, 0xb3, 0x25, 0xb3,
    0x9b, 0x86, 0xbb, 0x86, 0x9b, 0x86, 0x9b, 0x7e, 0x9b, 0x7e, 0x7b, 0x7e,
    0x7b, 0x76, 0x7b, 0x76, 0x5b, 0x6e, 0x5b, 0x66, 0x3a, 0x5e, 0x3a, 0x5e,
    0x1b, 0x5e, 0x3b, 0x56, 0x3a, 0x5e, 0x3a, 0x56, 0x3a, 0x5e, 0x3a, 0x5e,
    0x1b, 0x5e, 0x3a, 0x56, 0x1a, 0x56, 0x3b, 0x5e, 0x3b, 0x5e, 0x3a, 0x56,
    0x3b, 0x5e, 0x3a, 0x56, 0x1a, 0x56, 0x3a, 0x5e, 0x3a, 0x5e, 0x1a, 0x56,
    0x1a, 0x56, 0x1a, 0x56, 0x3a, 0x56, 0x1a, 0x56, 0x1b, 0x56, 0x3b, 0x56,
    0x1a, 0x56, 0x1a, 0x56, 0x3b, 0x5e, 0x1a, 0x56, 0x3a, 0x5e, 0x1b, 0x5e,
    0x3a, 0x56, 0x3b, 0x5e, 0x1a, 0x56, 0x3a, 0x56, 0x1b, 0x56, 0x3a, 0x56,
    0x1a, 0x56, 0x3a, 0x56, 0x1b, 0x5e, 0x3a, 0x56, 0x1a, 0x56, 0x1b, 0x56,
    0x3a, 0x56, 0x1a, 0x56, 0x1a, 0x56, 0x3a, 0x56, 0x1b, 0x56, 0x1a, 0x56,
    0x3a, 0x56, 0x3b, 0x56, 0x1a, 0x56, 0x3a, 0x56, 0x1a, 0x56, 0x1b, 0x56,
    0x1a, 0x56, 0x1a, 0x56, 0x1b, 0x56, 0x1a, 0x56, 0x1a, 0x56, 0x1a, 0x56,
    0x1a, 0x56, 0x3a, 0x56, 0x3a, 0x56, 0x1a, 0x56, 0x1a, 0x56, 0x3a, 0x56,
    0x3b, 0x56, 0x1b, 0x56, 0xd2, 0x7c, 0x82, 0xda, 0xc0, 0xe2, 0x01, 0xeb,
    0x00, 0xeb, 0x20, 0xeb, 0x40, 0xeb, 0x40, 0xeb, 0x60, 0xf3, 0x80, 0xf3,
    0x80, 0xf3, 0xa0, 0xf3, 0xa0, 0xf3, 0xc0, 0xf3, 0xc0, 0xf3, 0xc0, 0xf3,
    0xc0, 0xf3, 0xc0, 0xf3, 0xc0, 0xf3, 0xc0, 0xf3, 0xc0, 0xf3, 0xc0, 0xf3,
    0xc0, 0xf3, 0xc0, 0xf3, 0xc0, 0xf3, 0xc0, 0xf3, 0xc0, 0xf3, 0xc0, 0xf3,
    0xc0, 0xf3, 0xa0, 0xf3, 0xa0, 0xf3, 0xa0, 0xf3, 0x80, 0xf3, 0x80, 0xf3,
    0x60, 0xeb, 0x60, 0xeb, 0x60, 0xf3, 0x20, 0xeb, 0x20, 0xeb, 0x20, 0xeb,
    0x00, 0xeb, 0x00, 0xeb, 0xe0, 0xe2, 0xe0, 0xe2, 0xe0, 0xe2, 0xc0, 0xe2,
    0xc0, 0xe2, 0xa0, 0xe2, 0x80, 0xda, 0x80, 0xda, 0x80, 0xda, 0x80, 0xda,
    0x60, 0xda, 0x01, 0xc2, 0xa6, 0xb2, 0x6a, 0xdc, 0x09, 0xdc, 0x02, 0x89,
    0x40, 0x70, 0x40, 0x68, 0x40, 0x70, 0x40, 0x68, 0x41, 0x70, 0x40, 0x70,
    0x60, 0x70, 0xc0, 0xdb, 0x40, 0xf4, 0x60, 0xf4, 0x80, 0xfc, 0x60, 0xfc,
    0x60, 0xfc, 0x60, 0xf4, 0x40, 0xfc, 0x20, 0xf4, 0x20, 0xfc, 0x00, 0xf4,
    0xe0, 0xf3, 0xe0, 0xfb, 0xa0, 0xf3, 0xa1, 0xf3, 0x80, 0xf3, 0x60, 0xf3,
    0x40, 0xeb, 0x40, 0xeb, 0x20, 0xeb, 0x00, 0xeb, 0xe1, 0xea, 0xc0, 0xe2,
    0xc0, 0xe2, 0xa0, 0xe2, 0xa0, 0xe2, 0xa0, 0xe2, 0xa0, 0xe2, 0xa0, 0xe2,
    0xa0, 0xe2, 0xa1, 0xe2, 0xa0, 0xda, 0xa0, 0xda, 0xa0, 0xda, 0x01, 0x91,
    0xc3, 0x80, 0xf9, 0x55, 0x1a, 0x56, 0x1b, 0x56, 0x1a, 0x4e, 0x1a, 0x56,
    0x1b, 0x56, 0x1a, 0x56, 0x1b, 0x56, 0x1a, 0x56, 0x1a, 0x56, 0x1a, 0x56,
    0x1a, 0x56, 0x1a, 0x56, 0x1a, 0x56, 0x1b, 0x56, 0x1a, 0x56, 0x1a, 0x56,
    0x1a, 0x56, 0x1a, 0x56, 0x1a, 0x56, 0x1b, 0x56, 0x1b, 0x4e, 0x1b, 0x56,
    0x1a, 0x56, 0x1a, 0x56, 0x96, 0x4d, 0x0f, 0x45, 0x0f, 0x45, 0xef, 0x3c,
    0x0f, 0x3d, 0xef, 0x44, 0xee, 0x3c, 0xef, 0x44, 0x0f, 0x3d, 0xef, 0x3c,
    0xef, 0x44, 0xcf, 0x3c, 0xcf, 0x3c, 0xcf, 0x3c, 0xef, 0x3c, 0xcf, 0x3c,
    0xcf, 0x3c, 0xcf, 0x3c, 0xcf, 0x3c, 0xaf, 0x34, 0x87, 0x93, 0x66, 0xab,
    0x46, 0xab, 0x66, 0xb3, 0x66, 0xb3, 0x66, 0xb3, 0x45, 0xb3, 0x46, 0xab,
    0x46, 0xb3, 0x46, 0xb3, 0x46, 0xb3, 0x46, 0xb3, 0x45, 0xb3, 0x45, 0xab,
    0x9b, 0x86, 0xbb, 0x86, 0xbb, 0x86, 0x9b, 0x86, 0xbb, 0x86, 0x9b, 0x86,
    0x9b, 0x86, 0x9b, 0x7e, 0x9b, 0x7e, 0x7b, 0x76, 0x5b, 0x6e, 0x3b, 0x66,
    0x3a, 0x5e, 0x3a, 0x5e, 0x3a, 0x5e, 0x3b, 0x56, 0x3a, 0x5e, 0x3b, 0x56,
    0x1a, 0x5e, 0x1a, 0x5e, 0x3b, 0x56, 0x3a, 0x5e, 0x3a, 0x56, 0x1b, 0x5e,
    0x3a, 0x5e, 0x3b, 0x5e, 0x3b, 0x56, 0x3a, 0x56, 0x3a, 0x56, 0x3b, 0x5e,
    0x3a, 0x5e, 0x1b, 0x56, 0x3a, 0x56, 0x3a, 0x5e, 0x1a, 0x56, 0x3a, 0x5e,
    0x3a, 0x56, 0x1b, 0x5e, 0x3a, 0x56, 0x3a, 0x56, 0x1a, 0x56, 0x1a, 0x56,
    0x3b, 0x56, 0x3a, 0x56, 0x3a, 0x56, 0x1a, 0x56, 0x3b, 0x5e, 0x1a, 0x56,
    0x3a, 0x56, 0x1b, 0x5e, 0x3a, 0x56, 0x3b, 0x56, 0x1b, 0x5e, 0x1a, 0x56,
    0x3a, 0x5e, 0x1b, 0x56, 0x1a, 0x56, 0x1a, 0x56, 0x3b, 0x56, 0x1a, 0x56,
    0x1a, 0x56, 0x3b, 0x56, 0x1b, 0x56, 0x1a, 0x56, 0x3a, 0x5e, 0x3a, 0x56,
    0x1a, 0x56, 0x3a, 0x56, 0x1a, 0x5e, 0x3a, 0x5e, 0x1a, 0x56, 0x1a, 0x5e,
    0x3b, 0x5e, 0x1a, 0x5e, 0x3a, 0x5e, 0x1a, 0x56, 0x1a, 0x5e, 0x1a, 0x56,
    0x1a, 0x56, 0x1b, 0x5e, 0x13, 0x85, 0x0c, 0xdd, 0xc9, 0xd3, 0x62, 0xda,
    0xc0, 0xe2, 0xe0, 0xea, 0x00, 0xeb, 0x20, 0xeb, 0x40, 0xeb, 0x40, 0xeb,
    0x60, 0xeb, 0x60, 0xeb, 0x60, 0xeb, 0x80, 0xf3, 0xa0, 0xf3, 0x80, 0xf3,
    0xa0, 0xf3, 0xa0, 0xf3, 0xa0, 0xf3, 0xa0, 0xf3, 0xa0, 0xf3, 0xa0, 0xf3,
    0xa0, 0xf3, 0x80, 0xf3, 0xa0, 0xf3, 0xa0, 0xf3, 0xa0, 0xf3, 0xa0, 0xf3,
    0x80, 0xf3, 0x80, 0xf3, 0x80, 0xeb, 0x60, 0xeb, 0x40, 0xeb, 0x60, 0xeb,
    0x20, 0xeb, 0x20, 0xeb, 0x21, 0xeb, 0x00, 0xeb, 0x00, 0xeb, 0xe0, 0xea,
    0xe0, 0xe2, 0xc0, 0xe2, 0xc0, 0xe2, 0xc0, 0xe2, 0xa0, 0xe2, 0xa0, 0xe2,
    0x80, 0xda, 0x80, 0xda, 0x80, 0xda, 0x60, 0xda, 0x40, 0xd2, 0x02, 0xba,
    0xe6, 0xaa, 0xec, 0xe4, 0xec, 0xdc, 0xab, 0xdc, 0x6b, 0xdc, 0xe3, 0xa1,
    0x40, 0x70, 0x40, 0x68, 0x40, 0x68, 0x40, 0x70, 0x40, 0x70, 0x41, 0x70,
    0x40, 0xa2, 0x60, 0xf4, 0x60, 0xfc, 0x80, 0xf4, 0xa0, 0xfc, 0x80, 0xfc,
    0x60, 0xfc, 0x40, 0xf4, 0x20, 0xfc, 0x01, 0xfc, 0x00, 0xf4, 0xe0, 0xf3,
    0xc0, 0xf3, 0xa0, 0xf3, 0x80, 0xf3, 0x80, 0xf3, 0x60, 0xeb, 0x40, 0xeb,
    0x20, 0xeb, 0x20, 0xeb, 0x00, 0xeb, 0xe0, 0xea, 0xc0, 0xe2, 0xc0, 0xe2,
    0xa0, 0xe2, 0xa0, 0xe2, 0xa1, 0xe2, 0xa0, 0xe2, 0x80, 0xda, 0xa0, 0xe2,
    0xa0, 0xe2, 0xa0, 0xda, 0xa0, 0xe2, 0xa0, 0xe2, 0xe1, 0xb9, 0x82, 0x80,
    0x83, 0x80, 0x32, 0x64, 0x1a, 0x56, 0x1b, 0x56, 0x1b, 0x56, 0x1a, 0x56,
    0x1b, 0x56, 0x3a, 0x56, 0x1a, 0x56, 0x1b, 0x56, 0x1b, 0x56, 0x1a, 0x56,
    0x1a, 0x56, 0x1b, 0x56, 0x1b, 0x56, 0x1a, 0x56, 0x1a, 0x56, 0x1b, 0x56,
    0x1b, 0x56, 0x1a, 0x56, 0x1b, 0x56, 0x1a, 0x56, 0x1a, 0x56, 0x1a, 0x56,
    0x1a, 0x56, 0xd9, 0x4d, 0x31, 0x45, 0xef, 0x3c, 0x0f, 0x45, 0xef, 0x3c,
    0xee, 0x3c, 0xef, 0x44, 0xef, 0x44, 0xee, 0x3c, 0xef, 0x44, 0xef, 0x3c,
    0xcf, 0x3c, 0xcf, 0x3c, 0xcf, 0x3c, 0xcf, 0x3c, 0xcf, 0x3c, 0xcf, 0x3c,
    0xcf, 0x3c, 0xcf, 0x3c, 0xaf, 0x3c, 0xaf, 0x3c, 0x46, 0xab, 0x66, 0xab,
    0x46, 0xab, 0x46, 0xb3, 0x46, 0xb3, 0x46, 0xb3, 0x66, 0xb3, 0x45, 0xb3,
    0x45, 0xb3, 0x46, 0xb3, 0x46, 0xb3, 0x46, 0xb3, 0x45, 0xb3, 0x46, 0xb3,
    0x9b, 0x8e, 0xbb, 0x8e, 0xbb, 0x8e, 0xbb, 0x8e, 0x9b, 0x86, 0xbb, 0x86,
    0x9b, 0x86, 0x9b, 0x86, 0x9b, 0x86, 0x9b, 0x86, 0x9b, 0x7e, 0x7b, 0x76,
    0x5b, 0x66, 0x3a, 0x5e, 0x3a, 0x5e, 0x1b, 0x5e, 0x3a, 0x56, 0x3b, 0x5e,
    0x3b, 0x5e, 0x3a, 0x56, 0x3a, 0x56, 0x3a, 0x5e, 0x1a, 0x5e, 0x3a, 0x56,
    0x3a, 0x5e, 0x3b, 0x5e, 0x1a, 0x56, 0x3b, 0x5e, 0x1b, 0x56, 0x3a, 0x5e,
    0x3b, 0x5e, 0x1a, 0x5e, 0x3a, 0x5e, 0x1b, 0x5e, 0x3b, 0x56, 0x1a, 0x56,
    0x1b, 0x5e, 0x3a, 0x56, 0x1b, 0x5e, 0x1a, 0x56, 0x3b, 0x5e, 0x1a, 0x56,
    0x1a, 0x5e, 0x1b, 0x5e, 0x1a, 0x56, 0x3a, 0x56, 0x1a, 0x56, 0x1a, 0x56,
    0x1a, 0x56, 0x1a, 0x56, 0x1a, 0x56, 0x1a, 0x56, 0x1b, 0x56, 0x1a, 0x5e,
    0x1a, 0x56, 0x1a, 0x56, 0x1b, 0x5e, 0x1a, 0x56, 0x1a, 0x5e, 0x3a, 0x56,
    0x1b, 0x5e, 0x1a, 0x56, 0x1a, 0x56, 0x1b, 0x5e, 0x1a, 0x56, 0x1a, 0x5e,
    0x3b, 0x5e, 0x3a, 0x56, 0x3a, 0x56, 0x1a, 0x56, 0x3a, 0x56, 0x1b, 0x56,
    0x1a, 0x56, 0x1a, 0x56, 0x1a, 0x56, 0x3a, 0x56, 0x1a, 0x56, 0x1a, 0x5e,
    0x1a, 0x5e, 0x1a, 0x56, 0xb6, 0x6d, 0xed, 0xe4, 0x6f, 0xe5, 0x6e, 0xdd,
    0x89, 0xcb, 0x42, 0xd2, 0xa0, 0xe2, 0xe0, 0xe2, 0x01, 0xeb, 0x01, 0xeb,
    0x00, 0xeb, 0x00, 0xeb, 0x20, 0xeb, 0x40, 0xeb, 0x40, 0xeb, 0x60, 0xeb,
    0x60, 0xeb, 0x60, 0xeb, 0x60, 0xeb, 0x40, 0xf3, 0x60, 0xeb, 0x60, 0xf3,
    0x60, 0xf3, 0x60, 0xf3, 0x60, 0xeb, 0x60, 0xf3, 0x60, 0xf3, 0x80, 0xeb,
    0x60, 0xeb, 0x40, 0xeb, 0x40, 0xeb, 0x40, 0xeb, 0x20, 0xeb, 0x00, 0xeb,
    0x00, 0xeb, 0xe0, 0xe2, 0xe0, 0xe2, 0xc0, 0xe2, 0xc0, 0xe2, 0xa0, 0xe2,
    0xa0, 0xe2, 0xa0, 0xe2, 0xa0, 0xe2, 0x80, 0xda, 0x80, 0xda, 0x80, 0xda,
    0x60, 0xda, 0x20, 0xd2, 0x01, 0xc2, 0x44, 0xb2, 0xc9, 0xbb, 0x4e, 0xe5,
    0x6e, 0xe5, 0x6e, 0xe5, 0x6e, 0xe5, 0x2d, 0xe5, 0x8b, 0xdc, 0x03, 0xaa,
    0x40, 0x68, 0x40, 0x68, 0x40, 0x70, 0x40, 0x70, 0x40, 0x70, 0xe1, 0x78,
    0x60, 0xf4, 0x80, 0xf4, 0x80, 0xfc, 0x80, 0xf4, 0x80, 0xfc, 0x60, 0xf4,
    0x41, 0xf4, 0x20, 0xf4, 0x00, 0xf4, 0x00, 0xf4, 0xe0, 0xf3, 0xc0, 0xf3,
    0xa1, 0xf3, 0x80, 0xeb, 0x80, 0xf3, 0x60, 0xeb, 0x40, 0xeb, 0x40, 0xeb,
    0x20, 0xeb, 0x01, 0xeb, 0xe0, 0xea, 0xc0, 0xe2, 0xc0, 0xe2, 0xa0, 0xe2,
    0xa0, 0xe2, 0x80, 0xda, 0x80, 0xda, 0xa0, 0xe2, 0xa0, 0xda, 0xa0, 0xe2,
    0xa0, 0xda, 0xa0, 0xda, 0xa0, 0xe2, 0xa1, 0xda, 0xa3, 0x78, 0x83, 0x80,
    0xa3, 0x88, 0x6a, 0x72, 0x1b, 0x4e, 0x1a, 0x56, 0x1a, 0x56, 0x1b, 0x56,
    0x1a, 0x56, 0x1a, 0x56, 0x1a, 0x56, 0x1a, 0x56, 0x3a, 0x56, 0x1a, 0x56,
    0x1a, 0x56, 0x1a, 0x56, 0x3b, 0x56, 0x1a, 0x56, 0x1a, 0x56, 0x1a, 0x56,
    0x1a, 0x56, 0x1b, 0x56, 0x1a, 0x56, 0x1a, 0x56, 0x1b, 0x56, 0x1a, 0x56,
    0x1a, 0x56, 0xb7, 0x4d, 0x10, 0x45, 0x0f, 0x45, 0xef, 0x44, 0x0f, 0x45,
    0xef, 0x44, 0xef, 0x44, 0xef, 0x3c, 0xef, 0x44, 0xcf, 0x3c, 0xef, 0x3c,
    0xcf, 0x44, 0xcf, 0x3c, 0xcf, 0x3c, 0xcf, 0x3c, 0xcf, 0x3c, 0xcf, 0x3c,
    0xcf, 0x3c, 0xaf, 0x3c, 0xcf, 0x3c, 0x4e, 0x44, 0x46, 0xb3, 0x47, 0xab,
    0x46, 0xb3, 0x46, 0xb3, 0x46, 0xb3, 0x45, 0xb3, 0x46, 0xb3, 0x46, 0xb3,
    0x45, 0xb3, 0x45, 0xb3, 0x45, 0xb3, 0x45, 0xb3, 0x46, 0xb3, 0x25, 0xb3,
    0xbb, 0x8e, 0xbb, 0x86, 0xbb, 0x8e, 0xbb, 0x8e, 0x9b, 0x8e, 0x9b, 0x8e,
    0xbb, 0x86, 0xbb, 0x8e, 0x9b, 0x86, 0xbb, 0x86, 0xbb, 0x86, 0x9b, 0x7e,
    0x7b, 0x7e, 0x5b, 0x6e, 0x3b, 0x5e, 0x3a, 0x5e, 0x3a, 0x5e, 0x3a, 0x56,
    0x1a, 0x56, 0x3b, 0x5e, 0x3b, 0x5e, 0x1b, 0x5e, 0x1a, 0x5e, 0x3a, 0x56,
    0x3b, 0x5e, 0x1a, 0x56, 0x3a, 0x5e, 0x1a, 0x5e, 0x3a, 0x56, 0x3a, 0x56,
    0x3b, 0x56, 0x1a, 0x56, 0x1a, 0x56, 0x3b, 0x5e, 0x3a, 0x5e, 0x3a, 0x56,
    0x3a, 0x5e, 0x3b, 0x5e, 0x3a, 0x56, 0x1a, 0x56, 0x3b, 0x5e, 0x3a, 0x56,
    0x1a, 0x56, 0x3a, 0x5e, 0x3b, 0x5e, 0x1b, 0x56, 0x1b, 0x56, 0x3a, 0x5e,
    0x3a, 0x56, 0x3b, 0x56, 0x1a, 0x56, 0x3a, 0x5e, 0x1a, 0x56, 0x1a, 0x56,
    0x3b, 0x56, 0x3a, 0x56, 0x3a, 0x56, 0x1b, 0x56, 0x3a, 0x56, 0x1a, 0x56,
    0x3b, 0x5e, 0x1a, 0x56, 0x1a, 0x56, 0x3a, 0x56, 0x3b, 0x56, 0x1a, 0x56,
    0x1b, 0x5e, 0x1a, 0x56, 0x3b, 0x56, 0x1b, 0x5e, 0x1a, 0x56, 0x3b, 0x56,
    0x1a, 0x5e, 0x1a, 0x56, 0x1b, 0x56, 0x3a, 0x56, 0x1a, 0x56, 0x3a, 0x56,
    0x1a, 0x5e, 0x1a, 0x56, 0x3a, 0x5e, 0xcd, 0xdc, 0xf1, 0xe5, 0xd0, 0xe5,
    0x6f, 0xdd, 0x4f, 0xdd, 0x2a, 0xd4, 0xa4, 0xca, 0x81, 0xda, 0xc0, 0xea,
    0xc0, 0xea, 0xe0, 0xea, 0x00, 0xe3, 0x01, 0xeb, 0x00, 0xeb, 0x00, 0xeb,
    0x00, 0xeb, 0x20, 0xeb, 0x20, 0xeb, 0x20, 0xeb, 0x20, 0xeb, 0x20, 0xeb,
    0x20, 0xeb, 0x20, 0xeb, 0x20, 0xeb, 0x20, 0xeb, 0x20, 0xeb, 0x20, 0xeb,
    0x20, 0xeb, 0x20, 0xeb, 0x00, 0xeb, 0xe1, 0xea, 0xe0, 0xea, 0xe0, 0xe2,
    0xc0, 0xe2, 0xc0, 0xe2, 0xc0, 0xe2, 0xa0, 0xe2, 0xa0, 0xe2, 0xa0, 0xda,
    0x80, 0xda, 0x80, 0xda, 0x61, 0xda, 0x80, 0xda, 0x80, 0xda, 0x41, 0xd2,
    0x80, 0xa9, 0xa1, 0x70, 0x8b, 0xdc, 0xaf, 0xe5, 0xaf, 0xe5, 0xf0, 0xed,
    0x11, 0xe6, 0x31, 0xee, 0xf1, 0xed, 0x6e, 0xe5, 0x8b, 0xdc, 0x83, 0x99,
    0x40, 0x70, 0x40, 0x70, 0x40, 0x70, 0x41, 0x70, 0x60, 0x70, 0xc0, 0xd3,
    0x80, 0xf4, 0xa0, 0xfc, 0x80, 0xfc, 0x80, 0xfc, 0x60, 0xf4, 0x40, 0xf4,
    0x40, 0xfc, 0x00, 0xf4, 0xe0, 0xf3, 0xe0, 0xf3, 0xc0, 0xf3, 0xa0, 0xf3,
    0x80, 0xf3, 0x60, 0xeb, 0x40, 0xf3, 0x40, 0xeb, 0x21, 0xeb, 0x20, 0xeb,
    0x00, 0xeb, 0xe0, 0xea, 0xc0, 0xe2, 0xc0, 0xe2, 0xa0, 0xe2, 0xa0, 0xe2,
    0x80, 0xe2, 0x80, 0xda, 0x80, 0xda, 0xa0, 0xe2, 0xa0, 0xda, 0xa0, 0xe2,
    0xa1, 0xe2, 0xa1, 0xda, 0xc0, 0xe2, 0x42, 0x99, 0xa3, 0x80, 0xa2, 0x88,
    0xa3, 0x88, 0x66, 0x89, 0x3a, 0x4e, 0x1a, 0x4e, 0x1a, 0x56, 0x3a, 0x56,
    0x3b, 0x56, 0x1a, 0x56, 0x1b, 0x56, 0x1a, 0x56, 0x1a, 0x56, 0x1a, 0x56,
    0x3b, 0x56, 0x1a, 0x56, 0x1a, 0x56, 0x1a, 0x56, 0x3a, 0x56, 0x3a, 0x56,
    0x1a, 0x56, 0x1a, 0x56, 0x1b, 0x56, 0x1a, 0x56, 0x1b, 0x56, 0x1b, 0x56,
    0x1a, 0x56, 0x75, 0x45, 0x0f, 0x45, 0xef, 0x3c, 0xef, 0x44, 0xef, 0x44,
    0xef, 0x44, 0xee, 0x3c, 0xef, 0x3c, 0xef, 0x44, 0xef, 0x3c, 0xef, 0x3c,
    0xef, 0x3c, 0xcf, 0x3c, 0xcf, 0x3c, 0xcf, 0x3c, 0xcf, 0x3c, 0xaf, 0x3c,
    0xaf, 0x3c, 0xaf, 0x34, 0xaf, 0x34, 0x2c, 0x6c, 0x66, 0xab, 0x66, 0xab,
    0x46, 0xb3, 0x46, 0xb3, 0x46, 0xb3, 0x45, 0xb3, 0x45, 0xb3, 0x46, 0xb3,
    0x46, 0xb3, 0x46, 0xb3, 0x45, 0xb3, 0x46, 0xb3, 0x26, 0xb3, 0x46, 0xb3,
    0xbb, 0x86, 0xbb, 0x8e, 0x9b, 0x8e, 0xbb, 0x8e, 0x9b, 0x86, 0xbb, 0x8e,
    0xbb, 0x8e, 0x9b, 0x86, 0x9b, 0x8e, 0x9b, 0x8e, 0x9b, 0x86, 0x9b, 0x86,
    0x9b, 0x86, 0x9b, 0x7e, 0x7b, 0x6e, 0x3b, 0x66, 0x3a, 0x5e, 0x3a, 0x5e,
    0x3b, 0x56, 0x1a, 0x5e, 0x3a, 0x5e, 0x3b, 0x56, 0x3a, 0x56, 0x3b, 0x5e,
    0x3a, 0x56, 0x3b, 0x5e, 0x3a, 0x5e, 0x3a, 0x56, 0x3b, 0x5e, 0x3a, 0x5e,
    0x3a, 0x5e, 0x3b, 0x5e, 0x3a, 0x56, 0x1a, 0x56, 0x3a, 0x5e, 0x1a, 0x56,
    0x3b, 0x56, 0x1a, 0x56, 0x1a, 0x56, 0x3a, 0x5e, 0x3a, 0x56, 0x3b, 0x56,
    0x1b, 0x5e, 0x1a, 0x56, 0x1a, 0x56, 0x1a, 0x56, 0x3a, 0x56, 0x3b, 0x5e,
    0x1a, 0x56, 0x1a, 0x56, 0x1a, 0x5e, 0x1b, 0x56, 0x3b, 0x5e, 0x1a, 0x56,
    0x3a, 0x56, 0x1a, 0x5e, 0x3b, 0x56, 0x3a, 0x5e, 0x1a, 0x56, 0x1a, 0x56,
    0x1a, 0x56, 0x3a, 0x5e, 0x3a, 0x5e, 0x1a, 0x56, 0x3a, 0x5e, 0x1b, 0x56,
    0x3a, 0x56, 0x1a, 0x56, 0x1a, 0x5e, 0x1a, 0x56, 0x3a, 0x5e, 0x1a, 0x56,
    0x1a, 0x56, 0x3a, 0x5e, 0x1b, 0x5e, 0x1a, 0x5e, 0x3a, 0x56, 0x1a, 0x56,
    0x1a, 0x5e, 0x1a, 0x5e, 0x5b, 0x56, 0x30, 0xb5, 0x54, 0xde, 0x33, 0xe6,
    0x12, 0xe6, 0xb0, 0xe5, 0x0d, 0xdd, 0x6b, 0xdc, 0x89, 0xbb, 0x91, 0x74,
    0xa7, 0xc2, 0x42, 0xda, 0x61, 0xe2, 0xa0, 0xe2, 0xc0, 0xe2, 0xc0, 0xe2,
    0xc0, 0xea, 0xe0, 0xea, 0xe1, 0xea, 0xe0, 0xea, 0xe0, 0xea, 0xe0, 0xea,
    0xe0, 0xea, 0xe0, 0xea, 0xe0, 0xea, 0xe0, 0xea, 0xe0, 0xea, 0xe0, 0xe2,
    0xe0, 0xea, 0xe0, 0xe2, 0xc0, 0xe2, 0xc0, 0xe2, 0xc0, 0xe2, 0xa0, 0xe2,
    0xa0, 0xe2, 0x80, 0xda, 0x80, 0xda, 0x80, 0xda, 0x61, 0xda, 0x60, 0xda,
    0x60, 0xda, 0x60, 0xda, 0x20, 0xca, 0x60, 0xa1, 0xa1, 0x78, 0x40, 0x60,
    0x40, 0x60, 0x40, 0x68, 0xe6, 0xb2, 0xf1, 0xed, 0x52, 0xee, 0x73, 0xee,
    0x73, 0xee, 0x93, 0xee, 0x52, 0xee, 0x6e, 0xe5, 0x2a, 0xdc, 0x81, 0x78,
    0x40, 0x70, 0x40, 0x70, 0x40, 0x70, 0x40, 0x78, 0x80, 0xaa, 0x80, 0xf4,
    0xa0, 0xf4, 0xa0, 0xfc, 0x80, 0xfc, 0x60, 0xf4, 0x60, 0xf4, 0x20, 0xfc,
    0x00, 0xf4, 0xe0, 0xf3, 0xc0, 0xf3, 0xa0, 0xf3, 0x80, 0xf3, 0x80, 0xf3,
    0x60, 0xeb, 0x40, 0xeb, 0x40, 0xeb, 0x20, 0xeb, 0x00, 0xeb, 0x00, 0xeb,
    0xe0, 0xea, 0xe0, 0xe2, 0xc0, 0xe2, 0xa0, 0xe2, 0xa0, 0xe2, 0x80, 0xda,
    0x80, 0xda, 0x80, 0xe2, 0x80, 0xe2, 0xa0, 0xe2, 0xa0, 0xda, 0xa0, 0xda,
    0xa0, 0xe2, 0x80, 0xda, 0x21, 0xc2, 0x82, 0x78, 0x83, 0x80, 0xc3, 0x88,
    0xc3, 0x88, 0xc3, 0x90, 0xd8, 0x55, 0x1a, 0x56, 0x1a, 0x56, 0x1a, 0x56,
    0x1a, 0x56, 0x3a, 0x56, 0x1a, 0x56, 0x1b, 0x56, 0x1a, 0x56, 0x1a, 0x56,
    0x1b, 0x56, 0x1a, 0x56, 0x1a, 0x56, 0x1b, 0x56, 0x1b, 0x56, 0x1a, 0x56,
    0x1a, 0x56, 0x3a, 0x56, 0x3a, 0x56, 0x1a, 0x56, 0x1a, 0x56, 0x1a, 0x56,
    0xfa, 0x55, 0x52, 0x45, 0xef, 0x44, 0xef, 0x3c, 0xee, 0x3c, 0x0f, 0x45,
    0xef, 0x3c, 0xef, 0x44, 0xef, 0x3c, 0xef, 0x44, 0xef, 0x3c, 0xcf, 0x3c,
    0xcf, 0x3c, 0xcf, 0x3c, 0xcf, 0x3c, 0xcf, 0x3c, 0xcf, 0x3c, 0xaf, 0x3c,
    0xcf, 0x3c, 0xd0, 0x3c, 0xaf, 0x34, 0xca, 0x83, 0x67, 0xab, 0x66, 0xab,
    0x46, 0xb3, 0x46, 0xb3, 0x46, 0xb3, 0x46, 0xb3, 0x66, 0xb3, 0x45, 0xb3,
    0x46, 0xb3, 0x45, 0xb3, 0x46, 0xb3, 0x45, 0xab, 0x25, 0xb3, 0x45, 0xb3,
    0xbb, 0x86, 0x9b, 0x8e, 0xbb, 0x86, 0xbb, 0x86, 0xbb, 0x8e, 0xbb, 0x86,
    0xbb, 0x86, 0x9b, 0x8e, 0xbb, 0x86, 0xbb, 0x8e, 0xbb, 0x8e, 0xbb, 0x86,
    0x9b, 0x86, 0x9b, 0x86, 0x7b, 0x7e, 0x5a, 0x6e, 0x3b, 0x5e, 0x3b, 0x5e,
    0x3a, 0x5e, 0x3b, 0x5e, 0x3a, 0x56, 0x3a, 0x5e, 0x3b, 0x5e, 0x3a, 0x56,
    0x3a, 0x56, 0x3b, 0x5e, 0x1a, 0x56, 0x3a, 0x5e, 0x3b, 0x5e, 0x1a, 0x56,
    0x3a, 0x5e, 0x3b, 0x5e, 0x1b, 0x56, 0x3a, 0x5e, 0x3b, 0x56, 0x1b, 0x5e,
    0x3a, 0x5e, 0x1b, 0x5e, 0x3b, 0x56, 0x1a, 0x56, 0x3a, 0x5e, 0x3a, 0x56,
    0x1a, 0x56, 0x3a, 0x5e, 0x3a, 0x56, 0x3a, 0x5e, 0x3a, 0x5e, 0x3b, 0x56,
    0x1a, 0x5e, 0x3a, 0x56, 0x3a, 0x56, 0x3b, 0x5e, 0x1a, 0x56, 0x1a, 0x56,
    0x1a, 0x56, 0x1a, 0x56, 0x1a, 0x56, 0x1b, 0x5e, 0x3a, 0x5e, 0x3b, 0x56,
    0x1a, 0x56, 0x3a, 0x5e, 0x1a, 0x56, 0x1b, 0x56, 0x1a, 0x5e, 0x3a, 0x5e,
    0x3a, 0x56, 0x1a, 0x56, 0x1a, 0x56, 0x1a, 0x56, 0x3a, 0x5e, 0x1b, 0x56,
    0x1a, 0x56, 0x1a, 0x56, 0x1a, 0x56, 0x1a, 0x56, 0x1a, 0x56, 0x3b, 0x5e,
    0x1a, 0x5e, 0x3a, 0x56, 0x1a, 0x5e, 0x95, 0x75, 0x33, 0xee, 0x95, 0xee,
    0x94, 0xee, 0x52, 0xe6, 0x6f, 0xe5, 0xab, 0xdc, 0x2d, 0xa4, 0x3a, 0x56,
    0x3b, 0x4e, 0x3b, 0x46, 0xd7, 0x5d, 0x50, 0x84, 0x0a, 0xb3, 0x43, 0xda,
    0x21, 0xea, 0x81, 0xda, 0xa1, 0xe2, 0xc0, 0xe2, 0xc0, 0xe2, 0xc0, 0xea,
    0xc1, 0xe2, 0xe0, 0xe2, 0xc0, 0xe2, 0xc0, 0xe2, 0xc0, 0xe2, 0xc0, 0xe2,
    0xc1, 0xe2, 0xc0, 0xe2, 0xa0, 0xe2, 0xa0, 0xe2, 0xa0, 0xda, 0x81, 0xda,
    0x81, 0xda, 0x60, 0xe2, 0x60, 0xe2, 0x20, 0xd2, 0xa0, 0xb9, 0x21, 0x91,
    0xa0, 0x78, 0x40, 0x68, 0x20, 0x60, 0x40, 0x68, 0x40, 0x68, 0x40, 0x68,
    0x40, 0x68, 0x40, 0x68, 0xc2, 0x70, 0x4e, 0xe5, 0x53, 0xee, 0xb3, 0xee,
    0x94, 0xee, 0x93, 0xee, 0x52, 0xee, 0x0e, 0xe5, 0xc6, 0xc2, 0x40, 0x68,
    0x40, 0x70, 0x40, 0x70, 0x40, 0x70, 0x40, 0x81, 0xa0, 0xf4, 0xa0, 0xfc,
    0xa0, 0xfc, 0xa0, 0xf4, 0x80, 0xfc, 0x60, 0xf4, 0x20, 0xf4, 0x00, 0xf4,
    0x00, 0xf4, 0xc0, 0xf3, 0xa0, 0xf3, 0x80, 0xf3, 0x60, 0xeb, 0x40, 0xeb,
    0x40, 0xeb, 0x20, 0xeb, 0x20, 0xeb, 0x00, 0xeb, 0x00, 0xeb, 0xe0, 0xea,
    0xc0, 0xe2, 0xc0, 0xe2, 0xa1, 0xe2, 0xa0, 0xe2, 0x80, 0xda, 0x81, 0xda,
    0x80, 0xe2, 0x80, 0xda, 0x80, 0xda, 0xa0, 0xe2, 0x80, 0xda, 0xa0, 0xe2,
    0x81, 0xda, 0x80, 0xd2, 0xa2, 0x80, 0xa2, 0x80, 0xa2, 0x80, 0xa3, 0x88,
    0xc3, 0x88, 0xa3, 0x90, 0x93, 0x64, 0x1a, 0x56, 0x1a, 0x56, 0x1b, 0x56,
    0x1a, 0x56, 0x1a, 0x56, 0x3b, 0x56, 0x3a, 0x56, 0x1a, 0x5e, 0x3a, 0x56,
    0x1a, 0x56, 0x1a, 0x56, 0x3a, 0x56, 0x1a, 0x56, 0x1a, 0x56, 0x1b, 0x56,
    0x1a, 0x56, 0x1b, 0x56, 0x3b, 0x56, 0x1a, 0x56, 0x1a, 0x56, 0x1b, 0x56,
    0xf9, 0x55, 0x11, 0x45, 0x0f, 0x45, 0xee, 0x44, 0xef, 0x44, 0xef, 0x3c,
    0xef, 0x44, 0xef, 0x44, 0xef, 0x3c, 0xcf, 0x3c, 0xcf, 0x44, 0xcf, 0x3c,
    0xcf, 0x3c, 0xcf, 0x3c, 0xcf, 0x3c, 0xcf, 0x3c, 0xaf, 0x3c, 0xcf, 0x3c,
    0xb0, 0x3c, 0xaf, 0x3c, 0xaf, 0x34, 0xa8, 0x93, 0x46, 0xb3, 0x66, 0xb3,
    0x46, 0xb3, 0x66, 0xb3, 0x45, 0xb3, 0x45, 0xab, 0x46, 0xb3, 0x46, 0xb3,
    0x65, 0xb3, 0x66, 0xb3, 0x45, 0xb3, 0x45, 0xb3, 0x45, 0xb3, 0x46, 0xb3,
    0xbb, 0x8e, 0xbb, 0x8e, 0xbb, 0x8e, 0xbc, 0x8e, 0xbc, 0x8e, 0xbb, 0x8e,
    0xbb, 0x8e, 0xbc, 0x8e, 0xbb, 0x86, 0x9b, 0x8e, 0xbb, 0x86, 0x9b, 0x8e,
    0xbb, 0x86, 0x9b, 0x86, 0x9b, 0x86, 0x7b, 0x76, 0x5b, 0x66, 0x3a, 0x5e,
    0x3a, 0x5e, 0x3a, 0x56, 0x3b, 0x5e, 0x3a, 0x56, 0x1a, 0x5e, 0x3b, 0x5e,
    0x3b, 0x5e, 0x1a, 0x5e, 0x3a, 0x56, 0x3b, 0x56, 0x1a, 0x5e, 0x3a, 0x56,
    0x3b, 0x56, 0x1a, 0x5e, 0x3a, 0x5e, 0x3a, 0x5e, 0x3b, 0x5e, 0x1a, 0x56,
    0x3a, 0x5e, 0x3a, 0x56, 0x1a, 0x5e, 0x3b, 0x5e, 0x3b, 0x5e, 0x1a, 0x5e,
    0x3a, 0x5e, 0x3b, 0x56, 0x3a, 0x5e, 0x3a, 0x56, 0x3b, 0x5e, 0x1a, 0x56,
    0x1a, 0x5e, 0x3a, 0x5e, 0x3a, 0x56, 0x1a, 0x56, 0x3a, 0x5e, 0x3a, 0x56,
    0x3b, 0x5e, 0x3b, 0x56, 0x1a, 0x56, 0x1a, 0x5e, 0x3a, 0x56, 0x1a, 0x56,
    0x3b, 0x5e, 0x1a, 0x56, 0x3b, 0x56, 0x3a, 0x56, 0x1a, 0x56, 0x1a, 0x56,
    0x3b, 0x5e, 0x1a, 0x56, 0x3a, 0x56, 0x1b, 0x56, 0x1a, 0x56, 0x3a, 0x5e,
    0x1a, 0x5e, 0x3b, 0x56, 0x3a, 0x5e, 0x1a, 0x56, 0x3a, 0x5e, 0x3a, 0x5e,
    0x1a, 0x56, 0x1a, 0x5e, 0x1a, 0x5e, 0x3a, 0x56, 0x50, 0xc5, 0xd6, 0xe6,
    0x95, 0xee, 0x53, 0xe6, 0xd0, 0xe5, 0xcb, 0xe4, 0x75, 0x65, 0x1a, 0x56,
    0x3a, 0x56, 0x1a, 0x56, 0xfa, 0x55, 0x1a, 0x56, 0x5b, 0x4e, 0x7c, 0x46,
    0xf9, 0x55, 0x56, 0x65, 0x70, 0x84, 0x4b, 0xab, 0xe1, 0xc9, 0x00, 0xd2,
    0x40, 0xda, 0x80, 0xe2, 0x80, 0xe2, 0xa0, 0xe2, 0xa0, 0xe2, 0xa1, 0xe2,
    0x80, 0xe2, 0x60, 0xe2, 0x40, 0xda, 0x00, 0xc2, 0xc0, 0xb1, 0x60, 0xa1,
    0x00, 0x89, 0x80, 0x78, 0x41, 0x68, 0x40, 0x60, 0x40, 0x68, 0x40, 0x68,
    0x40, 0x68, 0x40, 0x68, 0x40, 0x68, 0x40, 0x68, 0x40, 0x68, 0x40, 0x68,
    0x40, 0x68, 0x20, 0x68, 0x40, 0x68, 0x45, 0xa2, 0x11, 0xee, 0xb4, 0xee,
    0xb4, 0xee, 0x94, 0xf6, 0xf1, 0xed, 0x2a, 0xdc, 0xc1, 0x80, 0x40, 0x70,
    0x40, 0x70, 0x40, 0x70, 0xa1, 0x70, 0x41, 0xe4, 0x80, 0xf4, 0xa0, 0xfc,
    0x80, 0xfc, 0x80, 0xf4, 0x60, 0xfc, 0x20, 0xf4, 0x20, 0xfc, 0xe0, 0xf3,
    0xc0, 0xf3, 0xa0, 0xf3, 0x80, 0xf3, 0x60, 0xf3, 0x40, 0xeb, 0x40, 0xeb,
    0x21, 0xeb, 0x20, 0xeb, 0x00, 0xeb, 0x01, 0xeb, 0xe0, 0xe2, 0xc0, 0xe2,
    0xc1, 0xe2, 0xa0, 0xe2, 0xa0, 0xe2, 0x80, 0xe2, 0x80, 0xda, 0x80, 0xe2,
    0x80, 0xe2, 0x80, 0xda, 0x80, 0xda, 0x80, 0xe2, 0x80, 0xda, 0x81, 0xda,
    0xa1, 0xda, 0xe2, 0x90, 0xa3, 0x80, 0xa3, 0x80, 0xa3, 0x88, 0xa3, 0x88,
    0xc3, 0x90, 0xc3, 0x98, 0x6e, 0x7b, 0x1a, 0x56, 0x1b, 0x56, 0x1b, 0x56,
    0x3a, 0x56, 0x3a, 0x5e, 0x1a, 0x56, 0x1b, 0x56, 0x1a, 0x56, 0x1a, 0x5e,
    0x1b, 0x56, 0x1a, 0x56, 0x1b, 0x5e, 0x3a, 0x5e, 0x1a, 0x56, 0x3a, 0x5e,
    0x1a, 0x56, 0x1a, 0x56, 0x1a, 0x56, 0x1a, 0x56, 0x1a, 0x56, 0x1b, 0x56,
    0xd8, 0x4d, 0x10, 0x45, 0xef, 0x3c, 0xef, 0x44, 0xef, 0x3c, 0xef, 0x44,
    0xef, 0x3c, 0xef, 0x44, 0xef, 0x3c, 0xcf, 0x3c, 0xcf, 0x3c, 0xcf, 0x3c,
    0xcf, 0x3c, 0xcf, 0x44, 0xcf, 0x3c, 0xaf, 0x3c, 0xaf, 0x3c, 0xaf, 0x3c,
    0xaf, 0x3c, 0xaf, 0x34, 0x8f, 0x34, 0x87, 0xa3, 0x66, 0xab, 0x46, 0xb3,
    0x66, 0xb3, 0x46, 0xb3, 0x46, 0xb3, 0x45, 0xb3, 0x66, 0xb3, 0x46, 0xb3,
    0x45, 0xb3, 0x46, 0xb3, 0x45, 0xb3, 0x46, 0xb3, 0x46, 0xb3, 0x46, 0xb3,
    0x9b, 0x8e, 0xbb, 0x8e, 0xbb, 0x8e, 0x9b, 0x86, 0xbb, 0x8e, 0xbb, 0x8e,
    0x9b, 0x8e, 0xbb, 0x8e, 0xbb, 0x8e, 0x9b, 0x86, 0x9b, 0x8e, 0xbb, 0x86,
    0xbb, 0x86, 0x9b, 0x86, 0x9b, 0x86, 0x9b, 0x7e, 0x7a, 0x6e, 0x3a, 0x5e,
    0x3b, 0x5e, 0x3b, 0x5e, 0x3a, 0x5e, 0x3a, 0x5e, 0x3a, 0x56, 0x1a, 0x5e,
    0x3a, 0x5e, 0x3a, 0x56, 0x3b, 0x5e, 0x3a, 0x5e, 0x3a, 0x5e, 0x3b, 0x5e,
    0x3a, 0x56, 0x3a, 0x5e, 0x3a, 0x56, 0x3b, 0x56, 0x3a, 0x56, 0x3a, 0x56,
    0x3a, 0x5e, 0x3b, 0x5e, 0x3a, 0x56, 0x1a, 0x5e, 0x1a, 0x56, 0x3a, 0x56,
    0x1b, 0x5e, 0x3b, 0x5e, 0x1a, 0x56, 0x1a, 0x56, 0x3a, 0x56, 0x1a, 0x56,
    0x3a, 0x56, 0x1b, 0x5e, 0x1a, 0x56, 0x1b, 0x5e, 0x1a, 0x5e, 0x1a, 0x56,
    0x3b, 0x5e, 0x1a, 0x5e, 0x1a, 0x56, 0x1a, 0x56, 0x1a, 0x5e, 0x3a, 0x56,
    0x1a, 0x56, 0x3b, 0x5e, 0x3a, 0x5e, 0x1a, 0x56, 0x1a, 0x56, 0x3b, 0x5e,
    0x1a, 0x5e, 0x1a, 0x56, 0x3a, 0x56, 0x3a, 0x5e, 0x3a, 0x56, 0x3a, 0x56,
    0x1a, 0x56, 0x3a, 0x5e, 0x3a, 0x56, 0x1a, 0x56, 0x1a, 0x56, 0x3a, 0x56,
    0x3b, 0x5e, 0x3a, 0x5e, 0x1a, 0x5e, 0x3b, 0x5e, 0xb6, 0x7d, 0x74, 0xee,
    0xb5, 0xee, 0x53, 0xe6, 0xf1, 0xed, 0x2c, 0xc4, 0x3b, 0x56, 0x1a, 0x56,
    0x1a, 0x56, 0x3a, 0x56, 0x1a, 0x56, 0x1a, 0x56, 0x1a, 0x56, 0x1a, 0x56,
    0x1a, 0x56, 0xfa, 0x4d, 0xfa, 0x55, 0x98, 0x5d, 0xc2, 0xd1, 0x40, 0xda,
    0x40, 0xda, 0x61, 0xa1, 0x20, 0x60, 0x20, 0x68, 0x20, 0x68, 0x20, 0x68,
    0x20, 0x68, 0x20, 0x68, 0x40, 0x68, 0x40, 0x68, 0x40, 0x70, 0x60, 0x70,
    0x40, 0x70, 0x40, 0x70, 0x40, 0x70, 0x40, 0x68, 0x40, 0x68, 0x40, 0x68,
    0x20, 0x68, 0x40, 0x68, 0x40, 0x68, 0x40, 0x68, 0x40, 0x68, 0x40, 0x68,
    0x20, 0x68, 0x40, 0x68, 0x40, 0x68, 0x40, 0x68, 0xc6, 0xc2, 0x8f, 0xed,
    0x32, 0xee, 0xf1, 0xe5, 0x4a, 0xdc, 0x42, 0x91, 0x40, 0x70, 0x40, 0x70,
    0x41, 0x70, 0x40, 0x70, 0x61, 0xcb, 0x80, 0xf4, 0x80, 0xf4, 0x80, 0xfc,
    0x80, 0xfc, 0x60, 0xf4, 0x40, 0xf4, 0x20, 0xfc, 0xe0, 0xf3, 0xc0, 0xf3,
    0xa0, 0xf3, 0x80, 0xf3, 0x60, 0xeb, 0x40, 0xeb, 0x20, 0xeb, 0x20, 0xeb,
    0x00, 0xeb, 0x00, 0xeb, 0xe0, 0xe2, 0xe0, 0xea, 0xc0, 0xe2, 0xc0, 0xe2,
    0xa0, 0xe2, 0x80, 0xe2, 0x80, 0xe2, 0x80, 0xda, 0x80, 0xda, 0x80, 0xda,
    0x80, 0xda, 0x80, 0xda, 0x80, 0xda, 0x80, 0xda, 0x80, 0xe2, 0xa0, 0xda,
    0x42, 0x99, 0x83, 0x80, 0xa2, 0x80, 0xa3, 0x88, 0xc3, 0x88, 0xc3, 0x90,
    0xc3, 0x90, 0xe3, 0x98, 0x29, 0x8a, 0x5b, 0x56, 0x1a, 0x56, 0x3a, 0x56,
    0x1b, 0x56, 0x1b, 0x56, 0x1a, 0x5e, 0x1a, 0x56, 0x3a, 0x56, 0x1b, 0x5e,
    0x3a, 0x56, 0x1a, 0x56, 0x1a, 0x56, 0x1a, 0x56, 0x1b, 0x56, 0x3a, 0x5e,
    0x1a, 0x56, 0x1b, 0x56, 0x1a, 0x5e, 0x3b, 0x56, 0x3a, 0x56, 0x1a, 0x56,
    0xd8, 0x55, 0x0f, 0x45, 0xee, 0x3c, 0xef, 0x3c, 0xef, 0x44, 0xef, 0x44,
    0xef, 0x44, 0xcf, 0x3c, 0xcf, 0x44, 0xcf, 0x3c, 0xcf, 0x3c, 0xcf, 0x3c,
    0xcf, 0x3c, 0xd0, 0x3c, 0xcf, 0x3c, 0xcf, 0x3c, 0xaf, 0x3c, 0xd0, 0x3c,
    0xaf, 0x34, 0xaf, 0x3c, 0x8f, 0x3c, 0x66, 0xab, 0x46, 0xb3, 0x46, 0xb3,
    0x66, 0xb3, 0x46, 0xb3, 0x46, 0xb3, 0x66, 0xb3, 0x45, 0xb3, 0x66, 0xb3,
    0x66, 0xb3, 0x45, 0xb3, 0x45, 0xb3, 0x46, 0xb3, 0x45, 0xb3, 0x45, 0xb3,
    0xbb, 0x86, 0x9b, 0x86, 0xbb, 0x8e, 0xbb, 0x86, 0xbb, 0x86, 0xbb, 0x8e,
    0xbb, 0x86, 0xbb, 0x8e, 0x9b, 0x86, 0xbb, 0x8e, 0xbb, 0x8e, 0xbb, 0x86,
    0x9b, 0x8e, 0xbb, 0x8e, 0xbb, 0x86, 0x9b, 0x86, 0x7b, 0x7e, 0x5b, 0x66,
    0x3b, 0x5e, 0x3a, 0x5e, 0x3a, 0x5e, 0x3b, 0x56, 0x3a, 0x5e, 0x3b, 0x56,
    0x3a, 0x56, 0x3b, 0x5e, 0x1a, 0x5e, 0x3a, 0x56, 0x3b, 0x5e, 0x1a, 0x56,
    0x3b, 0x5e, 0x1a, 0x5e, 0x3a, 0x5e, 0x3a, 0x5e, 0x1a, 0x5e, 0x3b, 0x5e,
    0x3a, 0x56, 0x1a, 0x56, 0x3b, 0x56, 0x3a, 0x5e, 0x3b, 0x5e, 0x3a, 0x56,
    0x3a, 0x5e, 0x1a, 0x56, 0x3a, 0x5e, 0x3b, 0x5e, 0x3b, 0x5e, 0x3a, 0x56,
    0x3a, 0x5e, 0x3a, 0x56, 0x3b, 0x56, 0x3a, 0x5e, 0x3a, 0x56, 0x1a, 0x56,
    0x1a, 0x56, 0x3a, 0x56, 0x3b, 0x5e, 0x3a, 0x5e, 0x3b, 0x56, 0x1a, 0x56,
    0x3a, 0x56, 0x1a, 0x5e, 0x1a, 0x56, 0x3a, 0x56, 0x1b, 0x5e, 0x3a, 0x56,
    0x1a, 0x56, 0x1a, 0x56, 0x1b, 0x5e, 0x1a, 0x56, 0x1a, 0x56, 0x3a, 0x5e,
    0x1b, 0x5e, 0x1a, 0x56, 0x3b, 0x56, 0x1a, 0x5e, 0x1a, 0x56, 0x1a, 0x56,
    0x3a, 0x56, 0x1a, 0x56, 0x3a, 0x5e, 0x3a, 0x56, 0x3a, 0x56, 0x30, 0xb5,
    0xd6, 0xee, 0x73, 0xee, 0x4e, 0xe5, 0xb7, 0x6d, 0x3a, 0x5e, 0x1a, 0x56,
    0x3a, 0x56, 0x1a, 0x5e, 0x1a, 0x56, 0x1a, 0x56, 0x1a, 0x56, 0x1a, 0x56,
    0x1a, 0x56, 0x1a, 0x56, 0x1a, 0x56, 0xf4, 0x6c, 0xe0, 0xd1, 0x20, 0xda,
    0x20, 0xda, 0x80, 0x78, 0x40, 0x70, 0x40, 0x70, 0x40, 0x68, 0x40, 0x70,
    0x40, 0x70, 0x60, 0x70, 0x40, 0x70, 0x41, 0x70, 0x40, 0x70, 0x40, 0x70,
    0x40, 0x70, 0x40, 0x70, 0x40, 0x68, 0x40, 0x70, 0x40, 0x68, 0x40, 0x70,
    0x20, 0x68, 0x40, 0x70, 0x40, 0x68, 0x20, 0x68, 0x40, 0x68, 0x40, 0x68,
    0x40, 0x68, 0x40, 0x68, 0x40, 0x70, 0x40, 0x70, 0x40, 0x68, 0x42, 0x91,
    0x24, 0xaa, 0x83, 0x99, 0x60, 0x70, 0x40, 0x68, 0x40, 0x70, 0x40, 0x70,
    0x40, 0x70, 0x20, 0x9a, 0xa0, 0xf4, 0x80, 0xfc, 0x80, 0xfc, 0x80, 0xf4,
    0x60, 0xf4, 0x20, 0xf4, 0x20, 0xf4, 0xe0, 0xf3, 0xc0, 0xf3, 0xa0, 0xf3,
    0x81, 0xf3, 0x60, 0xeb, 0x40, 0xeb, 0x20, 0xeb, 0x00, 0xeb, 0x00, 0xeb,
    0xe0, 0xea, 0xe0, 0xe2, 0xe0, 0xe2, 0xc0, 0xe2, 0xa0, 0xe2, 0xa0, 0xe2,
    0xa0, 0xe2, 0x80, 0xda, 0x80, 0xda, 0x80, 0xe2, 0x80, 0xe2, 0x80, 0xe2,
    0x81, 0xe2, 0x80, 0xda, 0x80, 0xda, 0x81, 0xe2, 0xa0, 0xe2, 0x82, 0xa9,
    0xa3, 0x80, 0xa2, 0x80, 0xa3, 0x80, 0xa2, 0x88, 0xc3, 0x88, 0xc3, 0x90,
    0xc3, 0x98, 0xe3, 0x98, 0xa7, 0x99, 0x7c, 0x4e, 0x1a, 0x56, 0x3a, 0x5e,
    0x3a, 0x56, 0x1a, 0x5e, 0x3b, 0x56, 0x1a, 0x56, 0x1a, 0x56, 0x1a, 0x56,
    0x1a, 0x56, 0x3a, 0x5e, 0x1b, 0x56, 0x1a, 0x56, 0x1a, 0x5e, 0x3a, 0x5e,
    0x1a, 0x56, 0x1a, 0x56, 0x1b, 0x5e, 0x1a, 0x5e, 0x1a, 0x56, 0x1a, 0x56,
    0xf9, 0x55, 0x32, 0x45, 0xef, 0x44, 0xef, 0x44, 0xcf, 0x3c, 0xef, 0x44,
    0xef, 0x44, 0xcf, 0x3c, 0xcf, 0x3c, 0xcf, 0x44, 0xcf, 0x3c, 0xcf, 0x3c,
    0xcf, 0x3c, 0xcf, 0x3c, 0xcf, 0x3c, 0xaf, 0x3c, 0xb0, 0x3c, 0xaf, 0x34,
    0xcf, 0x3c, 0xaf, 0x3c, 0x6f, 0x3c, 0x46, 0xb3, 0x46, 0xb3, 0x66, 0xb3,
    0x46, 0xab, 0x66, 0xb3, 0x66, 0xb3, 0x45, 0xb3, 0x66, 0xb3, 0x46, 0xb3,
    0x46, 0xb3, 0x46, 0xb3, 0x46, 0xb3, 0x45, 0xab, 0x46, 0xb3, 0x45, 0xb3,
    0xbb, 0x8e, 0xbb, 0x8e, 0xbb, 0x8e, 0x9b, 0x8e, 0xbb, 0x8e, 0x9b, 0x8e,
    0xbc, 0x8e, 0xbb, 0x8e, 0xbc, 0x8e, 0xbb, 0x8e, 0x9b, 0x86, 0xbb, 0x86,
    0xbb, 0x8e, 0x9b, 0x86, 0xbb, 0x86, 0x9b, 0x86, 0x9b, 0x7e, 0x7b, 0x6e,
    0x3a, 0x66, 0x3a, 0x5e, 0x3b, 0x5e, 0x3a, 0x5e, 0x1b, 0x5e, 0x3a, 0x5e,
    0x3a, 0x5e, 0x1b, 0x5e, 0x3a, 0x5e, 0x3b, 0x5e, 0x3a, 0x56, 0x3a, 0x5e,
    0x3a, 0x56, 0x3b, 0x5e, 0x3b, 0x56, 0x3a, 0x5e, 0x3b, 0x5e, 0x3a, 0x5e,
    0x1a, 0x5e, 0x3b, 0x5e, 0x3a, 0x5e, 0x1a, 0x5e, 0x3a, 0x56, 0x1b, 0x56,
    0x3a, 0x5e, 0x3a, 0x5e, 0x3b, 0x56, 0x1a, 0x5e, 0x1a, 0x5e, 0x3b, 0x56,
    0x1a, 0x56, 0x3a, 0x5e, 0x3b, 0x5e, 0x3a, 0x56, 0x3a, 0x5e, 0x3b, 0x5e,
    0x1a, 0x56, 0x3a, 0x56, 0x3a, 0x56, 0x1a, 0x56, 0x3b, 0x5e, 0x3a, 0x5e,
    0x3a, 0x5e, 0x1b, 0x56, 0x1a, 0x56, 0x3a, 0x5e, 0x3a, 0x56, 0x1a, 0x56,
    0x3a, 0x5e, 0x3b, 0x56, 0x3a, 0x5e, 0x1b, 0x56, 0x3a, 0x5e, 0x1a, 0x56,
    0x3a, 0x5e, 0x1a, 0x56, 0x1a, 0x56, 0x3a, 0x5e, 0x3b, 0x5e, 0x1a, 0x5e,
    0x1a, 0x56, 0x3a, 0x5e, 0x1a, 0x5e, 0x3a, 0x56, 0x3a, 0x56, 0x1a, 0x56,
    0x31, 0x9d, 0xef, 0xb4, 0x54, 0x75, 0x3b, 0x5e, 0x1b, 0x56, 0x1a, 0x56,
    0x1a, 0x56, 0x1a, 0x5e, 0x3a, 0x5e, 0x1a, 0x56, 0x1a, 0x56, 0x1a, 0x56,
    0x1a, 0x56, 0xfa, 0x55, 0x3a, 0x56, 0x6b, 0xa3, 0x20, 0xda, 0x20, 0xda,
    0xe0, 0xc9, 0x40, 0x68, 0x40, 0x70, 0x40, 0x70, 0x40, 0x70, 0x60, 0x70,
    0x60, 0x70, 0x40, 0x70, 0x60, 0x70, 0x40, 0x70, 0x40, 0x70, 0x40, 0x70,
    0x40, 0x68, 0x40, 0x68, 0x40, 0x70, 0x40, 0x68, 0x40, 0x68, 0x40, 0x70,
    0x40, 0x68, 0x40, 0x70, 0x20, 0x68, 0x20, 0x68, 0x20, 0x68, 0x40, 0x68,
    0x40, 0x68, 0x40, 0x70, 0x40, 0x70, 0x40, 0x70, 0x40, 0x70, 0x40, 0x70,
    0x40, 0x78, 0x40, 0x70, 0x40, 0x70, 0x40, 0x70, 0x20, 0x70, 0x41, 0x70,
    0x20, 0x81, 0x80, 0xf4, 0x81, 0xf4, 0x80, 0xfc, 0x80, 0xfc, 0x60, 0xf4,
    0x40, 0xfc, 0x00, 0xf4, 0xe0, 0xf3, 0xc0, 0xf3, 0x80, 0xf3, 0x80, 0xf3,
    0x60, 0xeb, 0x20, 0xeb, 0x20, 0xeb, 0x00, 0xeb, 0xe1, 0xea, 0xe0, 0xea,
    0xe0, 0xe2, 0xe0, 0xe2, 0xc0, 0xe2, 0xc0, 0xe2, 0xa0, 0xe2, 0xa0, 0xe2,
    0x80, 0xe2, 0x80, 0xda, 0x80, 0xda, 0x60, 0xe2, 0x80, 0xda, 0x80, 0xda,
    0x80, 0xe2, 0x80, 0xda, 0x80, 0xe2, 0xa0, 0xe2, 0x81, 0xa9, 0xa3, 0x80,
    0xa3, 0x88, 0xa3, 0x88, 0xa3, 0x88, 0xa3, 0x88, 0xc3, 0x90, 0xc3, 0x98,
    0xc3, 0x98, 0xe4, 0xa0, 0xa6, 0x99, 0x5b, 0x4e, 0x1a, 0x56, 0x3b, 0x5e,
    0x1a, 0x56, 0x1a, 0x56, 0x3a, 0x5e, 0x1a, 0x56, 0x3b, 0x5e, 0x3b, 0x5e,
    0x1a, 0x56, 0x1a, 0x56, 0x1a, 0x5e, 0x1b, 0x5e, 0x3a, 0x56, 0x3a, 0x5e,
    0x1b, 0x5e, 0x3a, 0x56, 0x3a, 0x56, 0x1a, 0x5e, 0x1a, 0x56, 0xfa, 0x55,
    0xb7, 0x55, 0x32, 0x45, 0xef, 0x44, 0xef, 0x3c, 0xef, 0x44, 0xef, 0x3c,
    0xcf, 0x3c, 0xcf, 0x3c, 0xcf, 0x44, 0xcf, 0x3c, 0xcf, 0x3c, 0xd0, 0x3c,
    0xaf, 0x3c, 0xaf, 0x3c, 0xd0, 0x3c, 0xaf, 0x3c, 0xcf, 0x3c, 0xaf, 0x34,
    0xaf, 0x34, 0x8f, 0x3c, 0x2d, 0x54, 0x26, 0xab, 0x46, 0xab, 0x46, 0xb3,
    0x66, 0xab, 0x45, 0xb3, 0x45, 0xb3, 0x46, 0xb3, 0x66, 0xb3, 0x45, 0xb3,
    0x45, 0xb3, 0x45, 0xb3, 0x46, 0xb3, 0x45, 0xb3, 0x46, 0xb3, 0x45, 0xb3,
    0xbb, 0x8e, 0xbb, 0x8e, 0xbb, 0x8e, 0xbc, 0x8e, 0xbb, 0x8e, 0xbb, 0x86,
    0xbb, 0x8e, 0xbb, 0x86, 0xbb, 0x8e, 0xbb, 0x8e, 0x9b, 0x86, 0xbb, 0x8e,
    0x9b, 0x86, 0x9b, 0x8e, 0xbb, 0x86, 0x9b, 0x86, 0x9b, 0x86, 0x7b, 0x76,
    0x5a, 0x66, 0x3a, 0x5e, 0x3b, 0x5e, 0x3a, 0x5e, 0x3b, 0x5e, 0x3b, 0x5e,
    0x3a, 0x5e, 0x3a, 0x5e, 0x3a, 0x56, 0x3a, 0x5e, 0x3b, 0x5e, 0x1a, 0x5e,
    0x3a, 0x5e, 0x3b, 0x5e, 0x3a, 0x5e, 0x1a, 0x56, 0x3b, 0x5e, 0x3a, 0x56,
    0x3b, 0x5e, 0x3a, 0x5e, 0x3b, 0x5e, 0x3a, 0x56, 0x1a, 0x56, 0x1a, 0x5e,
    0x3a, 0x5e, 0x3b, 0x5e, 0x3a, 0x56, 0x3a, 0x5e, 0x3a, 0x5e, 0x3b, 0x5e,
    0x1a, 0x56, 0x3a, 0x56, 0x3a, 0x5e, 0x1a, 0x56, 0x3a, 0x56, 0x3a, 0x5e,
    0x1b, 0x5e, 0x1a, 0x5e, 0x3b, 0x5e, 0x1a, 0x5e, 0x3a, 0x5e, 0x3b, 0x56,
    0x1a, 0x5e, 0x1a, 0x56, 0x3b, 0x56, 0x1a, 0x5e, 0x3a, 0x5e, 0x1b, 0x5e,
    0x1a, 0x56, 0x3a, 0x5e, 0x1a, 0x5e, 0x3a, 0x56, 0x1a, 0x5e, 0x3a, 0x5e,
    0x1b, 0x56, 0x3a, 0x56, 0x1a, 0x5e, 0x3b, 0x56, 0x3a, 0x5e, 0x1a, 0x56,
    0x3a, 0x5e, 0x3a, 0x56, 0x1a, 0x5e, 0x1a, 0x5e, 0x1a, 0x56, 0x3a, 0x5e,
    0x1a, 0x56, 0x1b, 0x56, 0x1a, 0x56, 0x3a, 0x56, 0x3a, 0x5e, 0x1a, 0x5e,
    0x3a, 0x5e, 0x1a, 0x56, 0x1a, 0x56, 0x1a, 0x5e, 0x1a, 0x56, 0x1a, 0x56,
    0x1a, 0x56, 0x1a, 0x56, 0x3b, 0x56, 0xe4, 0xd1, 0x20, 0xda, 0x60, 0xe2,
    0x21, 0xa1, 0x40, 0x70, 0x40, 0x70, 0x60, 0x70, 0x40, 0x70, 0x60, 0x70,
    0x60, 0x70, 0x40, 0x70, 0x40, 0x70, 0x40, 0x70, 0x40, 0x70, 0x40, 0x70,
    0x60, 0x88, 0x60, 0x88, 0x60, 0x88, 0x40, 0x80, 0x40, 0x78, 0x40, 0x70,
    0x20, 0x68, 0x20, 0x68, 0x40, 0x68, 0x40, 0x70, 0x40, 0x78, 0x60, 0x88,
    0x60, 0x90, 0x60, 0x90, 0x60, 0x88, 0x80, 0x88, 0x60, 0x88, 0x60, 0x80,
    0x40, 0x70, 0x40, 0x70, 0x40, 0x70, 0x40, 0x70, 0x40, 0x70, 0x81, 0x70,
    0x21, 0xe4, 0x80, 0xf4, 0x80, 0xf4, 0x80, 0xf4, 0x40, 0xf4, 0x20, 0xfc,
    0x00, 0xf4, 0xe0, 0xf3, 0xc0, 0xf3, 0xa0, 0xf3, 0x60, 0xf3, 0x40, 0xeb,
    0x40, 0xeb, 0x20, 0xf3, 0x00, 0xeb, 0x00, 0xeb, 0x00, 0xeb, 0xe0, 0xe2,
    0xc0, 0xe2, 0xc0, 0xea, 0xa0, 0xe2, 0xa0, 0xe2, 0xa0, 0xe2, 0x80, 0xda,
    0x80, 0xe2, 0x80, 0xe2, 0x80, 0xda, 0x60, 0xda, 0x60, 0xda, 0x80, 0xda,
    0x80, 0xda, 0x80, 0xe2, 0x80, 0xda, 0xa2, 0xa9, 0x83, 0x78, 0xa2, 0x80,
    0xa2, 0x80, 0xa3, 0x88, 0xa2, 0x88, 0xc3, 0x88, 0xc3, 0x90, 0xc3, 0x98,
    0xe3, 0xa0, 0xe4, 0xa0, 0xa7, 0xa1, 0x5b, 0x56, 0x1a, 0x56, 0x3b, 0x56,
    0x1b, 0x5e, 0x1a, 0x56, 0x1a, 0x56, 0x3a, 0x5e, 0x1a, 0x5e, 0x3a, 0x56,
    0x3a, 0x56, 0x1b, 0x5e, 0x1a, 0x56, 0x3a, 0x56, 0x1a, 0x56, 0x1b, 0x56,
    0x3a, 0x5e, 0x1a, 0x56, 0x1a, 0x5e, 0x1b, 0x56, 0xf9, 0x55, 0x74, 0x4d,
    0x10, 0x45, 0xef, 0x44, 0xef, 0x3c, 0xef, 0x44, 0xef, 0x3c, 0xcf, 0x44,
    0xcf, 0x3c, 0xef, 0x3c, 0xcf, 0x3c, 0xcf, 0x3c, 0xcf, 0x44, 0xcf, 0x3c,
    0xb0, 0x3c, 0xd0, 0x3c, 0xaf, 0x3c, 0xaf, 0x3c, 0xb0, 0x3c, 0xb0, 0x3c,
    0xaf, 0x34, 0xaf, 0x3c, 0xeb, 0x63, 0x26, 0xa3, 0x06, 0xa3, 0x26, 0xa3,
    0x26, 0xab, 0x66, 0xb3, 0x45, 0xb3, 0x46, 0xab, 0x46, 0xb3, 0x66, 0xb3,
    0x46, 0xb3, 0x45, 0xb3, 0x45, 0xb3, 0x46, 0xb3, 0x45, 0xab, 0x45, 0xab,
    0x9b, 0x86, 0xbb, 0x8e, 0x9b, 0x8e, 0xbb, 0x86, 0xbb, 0x8e, 0x9b, 0x8e,
    0xbb, 0x8e, 0xbb, 0x8e, 0x9b, 0x86, 0x9b, 0x86, 0xbb, 0x8e, 0x9c, 0x86,
    0xbb, 0x86, 0xbb, 0x8e, 0x9b, 0x86, 0x9b, 0x86, 0x9b, 0x86, 0x7b, 0x76,
    0x5b, 0x66, 0x3b, 0x5e, 0x3a, 0x5e, 0x3a, 0x5e, 0x3a, 0x56, 0x3b, 0x5e,
    0x3a, 0x5e, 0x3b, 0x5e, 0x3a, 0x5e, 0x3b, 0x5e, 0x3a, 0x5e, 0x3a, 0x5e,
    0x3b, 0x5e, 0x3a, 0x5e, 0x3a, 0x5e, 0x3b, 0x5e, 0x3a, 0x5e, 0x3a, 0x5e,
    0x3a, 0x5e, 0x3b, 0x56, 0x3a, 0x56, 0x3a, 0x5e, 0x3b, 0x5e, 0x3b, 0x5e,
    0x3a, 0x56, 0x3a, 0x5e, 0x1b, 0x5e, 0x3a, 0x56, 0x1a, 0x56, 0x1a, 0x5e,
    0x3a, 0x5e, 0x1a, 0x56, 0x3b, 0x5e, 0x3a, 0x5e, 0x1a, 0x5e, 0x3b, 0x56,
    0x3a, 0x56, 0x3a, 0x5e, 0x3a, 0x56, 0x1a, 0x56, 0x3a, 0x5e, 0x1a, 0x56,
    0x3a, 0x56, 0x3a, 0x5e, 0x1a, 0x56, 0x3a, 0x5e, 0x1a, 0x56, 0x1a, 0x56,
    0x3a, 0x56, 0x1a, 0x5e, 0x3a, 0x5e, 0x1a, 0x56, 0x1a, 0x56, 0x1b, 0x56,
    0x1a, 0x5e, 0x3a, 0x5e, 0x1b, 0x56, 0x1a, 0x56, 0x3a, 0x5e, 0x1a, 0x56,
    0x1b, 0x56, 0x3a, 0x56, 0x3a, 0x5e, 0x1b, 0x5e, 0x1a, 0x56, 0x1a, 0x5e,
    0x1a, 0x56, 0x3a, 0x56, 0x1a, 0x5e, 0x1a, 0x56, 0x3a, 0x5e, 0x1a, 0x56,
    0x1a, 0x56, 0x1a, 0x56, 0x1a, 0x56, 0x1a, 0x5e, 0x1a, 0x56, 0x1a, 0x56,
    0x1a, 0x56, 0x1a, 0x56, 0x77, 0x65, 0xe1, 0xe1, 0x60, 0xe2, 0x80, 0xda,
    0x60, 0x78, 0x40, 0x70, 0x40, 0x70, 0x40, 0x70, 0x40, 0x70, 0x60, 0x70,
    0x40, 0x78, 0x40, 0x78, 0x40, 0x70, 0x60, 0x78, 0x60, 0x88, 0x80, 0x90,
    0x60, 0x90, 0x60, 0x90, 0x60, 0x88, 0x60, 0x88, 0x60, 0x80, 0x40, 0x78,
    0x40, 0x78, 0x40, 0x78, 0x80, 0x90, 0x80, 0x98, 0x80, 0x98, 0x81, 0x98,
    0x80, 0x98, 0x80, 0x98, 0x80, 0x90, 0x80, 0x90, 0x60, 0x90, 0x60, 0x88,
    0x60, 0x80, 0x40, 0x70, 0x40, 0x70, 0x20, 0x70, 0x40, 0x70, 0x40, 0xc3,
    0x80, 0xf4, 0x80, 0xf4, 0x80, 0xfc, 0x60, 0xf4, 0x40, 0xf4, 0x20, 0xfc,
    0x00, 0xf4, 0xa0, 0xf3, 0xa0, 0xf3, 0x81, 0xf3, 0x60, 0xf3, 0x20, 0xeb,
    0x20, 0xeb, 0x00, 0xeb, 0x00, 0xeb, 0xe0, 0xea, 0xe0, 0xe2, 0xc0, 0xe2,
    0xc0, 0xe2, 0xa0, 0xe2, 0xa0, 0xe2, 0xa1, 0xe2, 0x80, 0xe2, 0x80, 0xda,
    0x81, 0xda, 0x80, 0xe2, 0x80, 0xda, 0x80, 0xe2, 0x80, 0xe2, 0x80, 0xda,
    0x80, 0xda, 0x80, 0xda, 0xe1, 0xb9, 0x83, 0x78, 0xa3, 0x80, 0xa2, 0x80,
    0xa3, 0x88, 0xa3, 0x88, 0xc3, 0x88, 0xc3, 0x90, 0xc3, 0x98, 0xe3, 0x98,
    0xe4, 0xa0, 0x03, 0xa1, 0xa7, 0xa1, 0x5b, 0x56, 0x1a, 0x56, 0x1a, 0x5e,
    0x1a, 0x56, 0x1a, 0x56, 0x3b, 0x56, 0x1a, 0x56, 0x1a, 0x56, 0x1a, 0x56,
    0x3b, 0x5e, 0x1a, 0x56, 0x1a, 0x56, 0x1a, 0x5e, 0x3a, 0x5e, 0x1a, 0x5e,
    0x1a, 0x56, 0x3a, 0x5e, 0x1a, 0x5e, 0x1a, 0x56, 0x95, 0x4d, 0x10, 0x45,
    0xef, 0x3c, 0xf0, 0x3c, 0xef, 0x44, 0xef, 0x3c, 0xcf, 0x3c, 0xcf, 0x3c,
    0xcf, 0x3c, 0xcf, 0x44, 0xcf, 0x3c, 0xd0, 0x3c, 0xcf, 0x3c, 0xcf, 0x3c,
    0xaf, 0x3c, 0xb0, 0x3c, 0xaf, 0x3c, 0xaf, 0x3c, 0xaf, 0x34, 0xb0, 0x34,
    0xb0, 0x3c, 0x8f, 0x34, 0xaa, 0x73, 0x26, 0xa3, 0x06, 0xa3, 0x06, 0xa3,
    0x06, 0xa3, 0x06, 0xab, 0x45, 0xab, 0x46, 0xb3, 0x45, 0xb3, 0x45, 0xab,
    0x46, 0xb3, 0x46, 0xb3, 0x45, 0xb3, 0x46, 0xb3, 0x46, 0xb3, 0x46, 0xb3,
    0xbb, 0x8e, 0xbb, 0x8e, 0xbb, 0x86, 0xbb, 0x8e, 0x9b, 0x8e, 0xbb, 0x8e,
    0x9b, 0x8e, 0x9b, 0x8e, 0x9b, 0x86, 0xbb, 0x8e, 0x9b, 0x8e, 0xbb, 0x86,
    0x9b, 0x8e, 0xbb, 0x8e, 0xbb, 0x86, 0x9b, 0x86, 0x9b, 0x7e, 0x7b, 0x76,
    0x5a, 0x66, 0x3a, 0x5e, 0x3b, 0x5e, 0x3b, 0x5e, 0x3a, 0x5e, 0x3b, 0x5e,
    0x3a, 0x5e, 0x3a, 0x5e, 0x3b, 0x5e, 0x3a, 0x5e, 0x3b, 0x5e, 0x3a, 0x5e,
    0x3b, 0x5e, 0x3b, 0x5e, 0x3a, 0x56, 0x3b, 0x5e, 0x3a, 0x5e, 0x3a, 0x5e,
    0x1a, 0x5e, 0x3b, 0x5e, 0x3a, 0x5e, 0x3a, 0x5e, 0x3a, 0x5e, 0x3b, 0x56,
    0x3a, 0x5e, 0x3a, 0x5e, 0x3a, 0x56, 0x3a, 0x5e, 0x3b, 0x5e, 0x3b, 0x5e,
    0x3a, 0x5e, 0x3a, 0x5e, 0x3b, 0x5e, 0x3a, 0x56, 0x3a, 0x5e, 0x3b, 0x5e,
    0x3a, 0x5e, 0x1a, 0x5e, 0x3b, 0x56, 0x3b, 0x5e, 0x3a, 0x5e, 0x3a, 0x5e,
    0x1a, 0x56, 0x3b, 0x5e, 0x1a, 0x5e, 0x1a, 0x56, 0x3a, 0x56, 0x3a, 0x5e,
    0x1a, 0x56, 0x3a, 0x56, 0x3b, 0x5e, 0x1a, 0x56, 0x3a, 0x5e, 0x3a, 0x5e,
    0x3b, 0x5e, 0x3a, 0x56, 0x1a, 0x5e, 0x1a, 0x5e, 0x3a, 0x5e, 0x1b, 0x5e,
    0x1a, 0x5e, 0x3a, 0x56, 0x1a, 0x5e, 0x3a, 0x56, 0x3a, 0x5e, 0x1a, 0x56,
    0x3a, 0x5e, 0x1a, 0x5e, 0x1a, 0x56, 0x3a, 0x5e, 0x1a, 0x5e, 0x3a, 0x56,
    0x1a, 0x5e, 0x1a, 0x56, 0x3a, 0x56, 0x3a, 0x5e, 0x1a, 0x56, 0x1a, 0x5e,
    0x1a, 0x56, 0x3a, 0x4e, 0xee, 0x9b, 0x40, 0xe2, 0xa0, 0xe2, 0xe0, 0xc1,
    0x40, 0x70, 0x40, 0x70, 0x60, 0x70, 0x41, 0x70, 0x40, 0x70, 0x40, 0x78,
    0x41, 0x78, 0x60, 0x80, 0x60, 0x88, 0x80, 0x98, 0x80, 0x90, 0x60, 0x98,
    0x80, 0x98, 0x80, 0x98, 0x60, 0x90, 0x60, 0x90, 0x60, 0x88, 0x40, 0x80,
    0x80, 0x90, 0x80, 0x98, 0x80, 0xa0, 0x80, 0xa0, 0x80, 0xa0, 0x80, 0x98,
    0x80, 0x98, 0x80, 0x98, 0x80, 0x98, 0x80, 0x98, 0x80, 0x98, 0x60, 0x90,
    0x80, 0x88, 0x40, 0x78, 0x40, 0x70, 0x40, 0x70, 0x81, 0xaa, 0xa0, 0xf4,
    0xa0, 0xf4, 0x80, 0xfc, 0x80, 0xfc, 0x40, 0xf4, 0x20, 0xfc, 0x00, 0xf4,
    0xc0, 0xf3, 0x80, 0xf3, 0x80, 0xf3, 0x40, 0xf3, 0x20, 0xeb, 0x20, 0xeb,
    0x00, 0xeb, 0xe0, 0xea, 0xe0, 0xea, 0xe0, 0xe2, 0xc0, 0xe2, 0xc0, 0xe2,
    0xc0, 0xe2, 0xa0, 0xe2, 0xa0, 0xe2, 0xa0, 0xe2, 0x80, 0xda, 0xa0, 0xe2,
    0x80, 0xda, 0x80, 0xda, 0x80, 0xda, 0x80, 0xda, 0x80, 0xe2, 0x80, 0xe2,
    0x81, 0xda, 0x21, 0xca, 0x82, 0x78, 0xa2, 0x80, 0xa3, 0x80, 0xa2, 0x88,
    0xa3, 0x88, 0xc3, 0x88, 0xa3, 0x90, 0xc3, 0x90, 0xe3, 0x98, 0xe3, 0xa0,
    0xe4, 0xa0, 0xe4, 0xa8, 0xc7, 0xa1, 0x5b, 0x56, 0x1b, 0x56, 0x1a, 0x56,
    0x1a, 0x5e, 0x3a, 0x5e, 0x1a, 0x5e, 0x3b, 0x56, 0x3b, 0x5e, 0x1a, 0x5e,
    0x1a, 0x5e, 0x3b, 0x56, 0x3a, 0x5e, 0x1b, 0x5e, 0x3a, 0x56, 0x1a, 0x56,
    0x1b, 0x5e, 0x3a, 0x56, 0x1a, 0x5e, 0xd8, 0x55, 0x11, 0x45, 0xef, 0x3c,
    0xf0, 0x44, 0xef, 0x44, 0xef, 0x3c, 0xf0, 0x3c, 0xef, 0x3c, 0xd0, 0x44,
    0xd0, 0x44, 0xcf, 0x3c, 0xd0, 0x3c, 0xcf, 0x44, 0xaf, 0x3c, 0xd0, 0x3c,
    0xd0, 0x3c, 0xaf, 0x3c, 0xb0, 0x3c, 0xaf, 0x3c, 0xb0, 0x34, 0xaf, 0x3c,
    0xb0, 0x3c, 0x8f, 0x34, 0x68, 0x8b, 0x06, 0xa3, 0x06, 0xa3, 0x06, 0xa3,
    0x06, 0xa3, 0x06, 0xa3, 0x06, 0xa3, 0x26, 0xab, 0x46, 0xab, 0x46, 0xab,
    0x45, 0xb3, 0x46, 0xb3, 0x45, 0xab, 0x45, 0xb3, 0x46, 0xb3, 0x05, 0xab,
    0xbb, 0x8e, 0x9b, 0x8e, 0xbb, 0x8e, 0xbb, 0x8e, 0xbb, 0x86, 0xbc, 0x86,
    0xbb, 0x86, 0x9b, 0x8e, 0xbb, 0x8e, 0xbb, 0x8e, 0xbb, 0x86, 0x9b, 0x8e,
    0x9b, 0x86, 0xbb, 0x86, 0x9b, 0x8e, 0x9b, 0x86, 0x9b, 0x86, 0x9b, 0x7e,
    0x5a, 0x66, 0x3b, 0x5e, 0x3b, 0x5e, 0x3a, 0x5e, 0x5a, 0x5e, 0x3a, 0x5e,
    0x3b, 0x5e, 0x3b, 0x5e, 0x3a, 0x5e, 0x3a, 0x5e, 0x3b, 0x5e, 0x3b, 0x5e,
    0x3a, 0x5e, 0x3a, 0x5e, 0x3b, 0x5e, 0x3a, 0x5e, 0x3b, 0x5e, 0x3b, 0x56,
    0x3a, 0x5e, 0x3a, 0x5e, 0x3a, 0x5e, 0x3a, 0x5e, 0x1b, 0x5e, 0x3a, 0x5e,
    0x3a, 0x5e, 0x3b, 0x5e, 0x3a, 0x5e, 0x3a, 0x5e, 0x3a, 0x5e, 0x3a, 0x56,
    0x1a, 0x56, 0x3b, 0x5e, 0x3a, 0x56, 0x1a, 0x5e, 0x3a, 0x56, 0x3a, 0x5e,
    0x1b, 0x5e, 0x3a, 0x56, 0x3a, 0x56, 0x3a, 0x5e, 0x3b, 0x56, 0x3a, 0x5e,
    0x3b, 0x5e, 0x3a, 0x5e, 0x1a, 0x56, 0x3b, 0x5e, 0x3a, 0x5e, 0x1a, 0x5e,
    0x3a, 0x5e, 0x3a, 0x56, 0x1b, 0x5e, 0x1a, 0x5e, 0x3a, 0x56, 0x3a, 0x5e,
    0x1a, 0x56, 0x3a, 0x56, 0x3a, 0x5e, 0x1a, 0x56, 0x3b, 0x56, 0x3a, 0x5e,
    0x3a, 0x56, 0x1a, 0x5e, 0x1a, 0x56, 0x3a, 0x5e, 0x1a, 0x56, 0x3b, 0x56,
    0x1a, 0x56, 0x1b, 0x56, 0x3a, 0x5e, 0x1a, 0x56, 0x3a, 0x56, 0x1a, 0x5e,
    0x3b, 0x56, 0x3a, 0x5e, 0x1a, 0x56, 0x3b, 0x56, 0x1a, 0x5e, 0x1a, 0x56,
    0x3a, 0x56, 0x1a, 0x4e, 0x63, 0xda, 0xa0, 0xe2, 0xe0, 0xe2, 0xe0, 0x90,
    0x41, 0x70, 0x40, 0x78, 0x40, 0x70, 0x40, 0x78, 0x60, 0x78, 0x60, 0x78,
    0x60, 0x80, 0x80, 0x90, 0x80, 0xa0, 0x80, 0xa0, 0x80, 0xa0, 0x80, 0xa0,
    0x80, 0xa0, 0x80, 0x98, 0x60, 0x98, 0x60, 0x90, 0x60, 0x88, 0x80, 0xa0,
    0x80, 0xa8, 0xa0, 0xa8, 0x80, 0xa8, 0x80, 0xa0, 0x80, 0xa0, 0x80, 0xa0,
    0x80, 0xa0, 0x80, 0xa0, 0x80, 0xa0, 0x80, 0xa0, 0x80, 0xa0, 0x80, 0x98,
    0x80, 0x90, 0x61, 0x80, 0x60, 0x70, 0xe1, 0x99, 0x80, 0xf4, 0x80, 0xf4,
    0x80, 0xf4, 0x60, 0xfc, 0x40, 0xf4, 0x20, 0xf4, 0x00, 0xf4, 0xc0, 0xf3,
    0x80, 0xf3, 0x80, 0xf3, 0x60, 0xf3, 0x20, 0xeb, 0x20, 0xeb, 0x00, 0xeb,
    0x00, 0xeb, 0xe0, 0xe2, 0xc1, 0xe2, 0xe0, 0xe2, 0xc0, 0xe2, 0xa1, 0xe2,
    0xa0, 0xe2, 0xa0, 0xe2, 0xa0, 0xe2, 0x80, 0xda, 0x80, 0xda, 0x80, 0xda,
    0x60, 0xda, 0x80, 0xe2, 0x81, 0xda, 0x80, 0xe2, 0x80, 0xda, 0x80, 0xda,
    0x60, 0xda, 0xa2, 0x80, 0xa3, 0x80, 0xa3, 0x80, 0xa2, 0x88, 0xa3, 0x88,
    0xa3, 0x88, 0xc3, 0x88, 0xc3, 0x90, 0xc3, 0x98, 0xe3, 0x98, 0xe4, 0xa0,
    0x04, 0xa9, 0x03, 0xa9, 0xaa, 0x9a, 0x3b, 0x56, 0x1a, 0x56, 0x1a, 0x56,
    0x3b, 0x56, 0x3a, 0x5e, 0x1a, 0x5e, 0x1b, 0x56, 0x3a, 0x5e, 0x1a, 0x5e,
    0x3a, 0x56, 0x1a, 0x5e, 0x1a, 0x56, 0x1a, 0x56, 0x1a, 0x56, 0x3b, 0x5e,
    0x1a, 0x5e, 0x1b, 0x56, 0x1a, 0x56, 0x96, 0x4d, 0x10, 0x45, 0xef, 0x3c,
    0xef, 0x3c, 0xef, 0x44, 0xcf, 0x3c, 0xcf, 0x3c, 0xf0, 0x44, 0xcf, 0x3c,
    0xd0, 0x3c, 0xcf, 0x3c, 0xcf, 0x3c, 0xb0, 0x3c, 0xaf, 0x3c, 0xb0, 0x3c,
    0xaf, 0x3c, 0xaf, 0x3c, 0xaf, 0x3c, 0xaf, 0x34, 0xb0, 0x3c, 0xaf, 0x34,
    0x8f, 0x34, 0x8f, 0x34, 0x47, 0x9b, 0x06, 0xa3, 0x06, 0xa3, 0xe6, 0xa2,
    0x06, 0xa3, 0x06, 0xa3, 0x06, 0xa3, 0x05, 0xa3, 0x05, 0xa3, 0x06, 0xab,
    0x26, 0xab, 0x46, 0xab, 0x46, 0xb3, 0x46, 0xab, 0x26, 0xab, 0xe5, 0xa2,
    0xbb, 0x8e, 0xbb, 0x86, 0x9b, 0x8e, 0xbb, 0x8e, 0xbb, 0x8e, 0xbb, 0x8e,
    0xbb, 0x8e, 0x9b, 0x86, 0xbb, 0x8e, 0xbb, 0x86, 0xbb, 0x8e, 0x9b, 0x86,
    0xbb, 0x8e, 0x9b, 0x86, 0xbb, 0x86, 0x9b, 0x86, 0x9b, 0x86, 0x9b, 0x7e,
    0x5a, 0x66, 0x3a, 0x66, 0x5a, 0x66, 0x5a, 0x66, 0x5b, 0x66, 0x3a, 0x5e,
    0x3b, 0x5e, 0x3a, 0x5e, 0x3a, 0x5e, 0x3b, 0x5e, 0x3a, 0x5e, 0x3a, 0x5e,
    0x3a, 0x5e, 0x3b, 0x5e, 0x3a, 0x5e, 0x3a, 0x5e, 0x3a, 0x5e, 0x3b, 0x5e,
    0x3a, 0x5e, 0x3a, 0x5e, 0x3b, 0x5e, 0x3a, 0x5e, 0x3b, 0x5e, 0x3a, 0x56,
    0x3a, 0x5e, 0x3a, 0x56, 0x3b, 0x5e, 0x3a, 0x5e, 0x1a, 0x56, 0x3b, 0x5e,
    0x3a, 0x5e, 0x3a, 0x5e, 0x1a, 0x5e, 0x3b, 0x5e, 0x3a, 0x5e, 0x1a, 0x5e,
    0x3a, 0x5e, 0x3a, 0x56, 0x1a, 0x5e, 0x3b, 0x5e, 0x1a, 0x56, 0x3a, 0x5e,
    0x3a, 0x5e, 0x1a, 0x56, 0x3a, 0x5e, 0x3b, 0x56, 0x3a, 0x5e, 0x3b, 0x56,
    0x1a, 0x56, 0x1a, 0x5e, 0x3a, 0x5e, 0x3a, 0x56, 0x3a, 0x56, 0x1a, 0x5e,
    0x1b, 0x5e, 0x3a, 0x56, 0x1a, 0x5e, 0x3a, 0x56, 0x1a, 0x56, 0x1a, 0x5e,
    0x3b, 0x56, 0x3a, 0x5e, 0x1a, 0x5e, 0x1b, 0x56, 0x3a, 0x5e, 0x1a, 0x5e,
    0x1a, 0x56, 0x3a, 0x5e, 0x1a, 0x5e, 0x1a, 0x56, 0x1a, 0x5e, 0x3b, 0x5e,
    0x1a, 0x56, 0x1a, 0x5e, 0x3a, 0x5e, 0x1a, 0x56, 0x3a, 0x5e, 0x1a, 0x5e,
    0x3a, 0x5e, 0xb2, 0x7c, 0x61, 0xe2, 0xc0, 0xe2, 0x40, 0xd2, 0x41, 0x70,
    0x40, 0x70, 0x60, 0x78, 0x40, 0x70, 0x60, 0x78, 0x60, 0x80, 0x60, 0x90,
    0x80, 0xa0, 0x80, 0xa8, 0xa0, 0xb0, 0x80, 0xb0, 0xa0, 0xa8, 0x80, 0xa8,
    0x80, 0xa0, 0x80, 0x98, 0x60, 0x90, 0x80, 0xa0, 0xa0, 0xa8, 0xa0, 0xb0,
    0xa0, 0xb0, 0xa0, 0xb0, 0xa1, 0xb0, 0xa0, 0xa8, 0xa0, 0xa8, 0xa0, 0xa8,
    0xa0, 0xa8, 0xa0, 0xa8, 0x80, 0xa8, 0x80, 0xa0, 0x80, 0xa0, 0x80, 0x98,
    0x80, 0x90, 0x60, 0x88, 0x41, 0x89, 0xa0, 0xf4, 0x80, 0xfc, 0x60, 0xf4,
    0x60, 0xf4, 0x40, 0xfc, 0x20, 0xf4, 0x00, 0xf4, 0xc0, 0xf3, 0x80, 0xf3,
    0x80, 0xf3, 0x40, 0xeb, 0x20, 0xeb, 0x20, 0xeb, 0x00, 0xeb, 0xe0, 0xe2,
    0xe0, 0xe2, 0xe0, 0xea, 0xc0, 0xe2, 0xc0, 0xe2, 0xc0, 0xea, 0xa0, 0xe2,
    0xa0, 0xe2, 0xa0, 0xe2, 0x80, 0xda, 0x80, 0xda, 0x80, 0xe2, 0x80, 0xda,
    0x80, 0xda, 0x80, 0xe2, 0x80, 0xe2, 0x80, 0xda, 0x80, 0xda, 0x81, 0xda,
    0xe2, 0x90, 0x82, 0x80, 0x82, 0x80, 0xa3, 0x80, 0xa3, 0x80, 0xa3, 0x88,
    0xc3, 0x88, 0xc3, 0x90, 0xc3, 0x90, 0xc3, 0x98, 0xe3, 0xa0, 0xe3, 0xa0,
    0x04, 0xa9, 0xe3, 0xa8, 0xd0, 0x83, 0x1a, 0x56, 0x1a, 0x56, 0x3a, 0x5e,
    0x3b, 0x56, 0x3a, 0x56, 0x1a, 0x5e, 0x3a, 0x56, 0x1a, 0x5e, 0x3a, 0x56,
    0x1b, 0x56, 0x3a, 0x5e, 0x1a, 0x5e, 0x1a, 0x5e, 0x1a, 0x5e, 0x1a, 0x56,
    0x1a, 0x5e, 0x1a, 0x5e, 0x3a, 0x56, 0x96, 0x4d, 0xef, 0x44, 0xef, 0x44,
    0xd0, 0x3c, 0xf0, 0x44, 0xef, 0x44, 0xd0, 0x3c, 0xcf, 0x3c, 0xcf, 0x3c,
    0xcf, 0x3c, 0xcf, 0x3c, 0xb0, 0x3c, 0xcf, 0x3c, 0xaf, 0x3c, 0xd0, 0x3c,
    0xaf, 0x3c, 0xb0, 0x3c, 0xaf, 0x34, 0xb0, 0x3c, 0x8f, 0x34, 0xaf, 0x3c,
    0xaf, 0x3c, 0x8f, 0x34, 0x07, 0x9b, 0x06, 0xa3, 0x06, 0xa3, 0x06, 0xa3,
    0x06, 0xa3, 0xe6, 0xa2, 0xe6, 0xa2, 0xe6, 0xa2, 0xe5, 0xa2, 0x06, 0xa3,
    0x05, 0xa3, 0xe5, 0xa2, 0x05, 0xab, 0x06, 0xab, 0xe5, 0xa2, 0xe6, 0xa2,
    0xbb, 0x86, 0xbb, 0x8e, 0xbb, 0x8e, 0x9b, 0x8e, 0xbb, 0x86, 0xbb, 0x8e,
    0x9b, 0x8e, 0x9b, 0x86, 0x9c, 0x8e, 0xbb, 0x8e, 0x9b, 0x86, 0xbb, 0x8e,
    0xbb, 0x8e, 0x9b, 0x86, 0xbb, 0x86, 0xbb, 0x86, 0x9b, 0x86, 0x7b, 0x7e,
    0x7b, 0x76, 0x7b, 0x6e, 0x5b, 0x6e, 0x7b, 0x6e, 0x7b, 0x76, 0x7b, 0x76,
    0x5b, 0x6e, 0x5a, 0x66, 0x5a, 0x66, 0x5b, 0x66, 0x5a, 0x66, 0x3a, 0x5e,
    0x3b, 0x5e, 0x3a, 0x5e, 0x3a, 0x5e, 0x5b, 0x5e, 0x3a, 0x5e, 0x3a, 0x5e,
    0x3b, 0x5e, 0x3b, 0x5e, 0x3a, 0x56, 0x3a, 0x5e, 0x3a, 0x5e, 0x3a, 0x5e,
    0x3b, 0x5e, 0x3a, 0x5e, 0x3a, 0x5e, 0x3a, 0x56, 0x3b, 0x5e, 0x3a, 0x5e,
    0x3b, 0x5e, 0x3a, 0x5e, 0x3a, 0x56, 0x1b, 0x56, 0x3a, 0x5e, 0x3a, 0x5e,
    0x3b, 0x5e, 0x3a, 0x5e, 0x3a, 0x5e, 0x3a, 0x5e, 0x3a, 0x5e, 0x3b, 0x5e,
    0x3a, 0x56, 0x3a, 0x5e, 0x3a, 0x5e, 0x1a, 0x56, 0x3a, 0x5e, 0x1a, 0x5e,
    0x3a, 0x5e, 0x3b, 0x5e, 0x1a, 0x56, 0x1a, 0x5e, 0x3b, 0x5e, 0x1a, 0x5e,
    0x3a, 0x5e, 0x1a, 0x5e, 0x1a, 0x56, 0x3b, 0x5e, 0x3a, 0x5e, 0x1a, 0x5e,
    0x3a, 0x5e, 0x3a, 0x5e, 0x3b, 0x56, 0x3a, 0x5e, 0x3a, 0x5e, 0x1a, 0x56,
    0x3a, 0x5e, 0x3a, 0x5e, 0x3a, 0x56, 0x1b, 0x5e, 0x3a, 0x56, 0x3a, 0x56,
    0x1a, 0x56, 0x1a, 0x5e, 0x3a, 0x56, 0x1a, 0x56, 0x1a, 0x5e, 0x1a, 0x5e,
    0x3a, 0x56, 0x84, 0xca, 0xe0, 0xe2, 0xe0, 0xea, 0x20, 0xa1, 0x60, 0x70,
    0x40, 0x78, 0x40, 0x70, 0x41, 0x78, 0x80, 0x90, 0xa0, 0xa0, 0xa0, 0xb0,
    0xa0, 0xb0, 0xa0, 0xb8, 0xa0, 0xb8, 0xa0, 0xb8, 0xa0, 0xb0, 0x80, 0xa8,
    0x80, 0xa0, 0x60, 0x98, 0xa0, 0xb0, 0xa1, 0xb8, 0xc0, 0xc0, 0xc0, 0xc0,
    0xc0, 0xb8, 0xc0, 0xb8, 0xa0, 0xb8, 0xa0, 0xb0, 0xa0, 0xb0, 0xa0, 0xb0,
    0x80, 0xa8, 0x80, 0xa8, 0xa1, 0xa8, 0x80, 0xa0, 0x80, 0xa0, 0x80, 0x98,
    0x60, 0x88, 0xc0, 0x88, 0x61, 0xec, 0x60, 0xf4, 0x60, 0xf4, 0x60, 0xf4,
    0x40, 0xfc, 0x20, 0xf4, 0x00, 0xf4, 0xc0, 0xf3, 0x80, 0xf3, 0x60, 0xf3,
    0x40, 0xeb, 0x20, 0xeb, 0x00, 0xeb, 0xe0, 0xea, 0xe0, 0xea, 0xe0, 0xe2,
    0xc0, 0xe2, 0xc0, 0xe2, 0xc0, 0xe2, 0xa0, 0xe2, 0xa0, 0xe2, 0xa0, 0xe2,
    0x80, 0xe2, 0x80, 0xda, 0x80, 0xda, 0x80, 0xe2, 0x81, 0xe2, 0x80, 0xda,
    0x80, 0xe2, 0x80, 0xe2, 0x80, 0xda, 0x80, 0xda, 0x80, 0xda, 0xc1, 0xb1,
    0xa3, 0x80, 0x82, 0x80, 0xa3, 0x80, 0xa2, 0x88, 0xc3, 0x88, 0xa2, 0x88,
    0xc3, 0x88, 0xc3, 0x90, 0xc3, 0x98, 0xe3, 0x98, 0xe3, 0xa0, 0x03, 0xa9,
    0xe4, 0xa8, 0xe3, 0xb0, 0x55, 0x65, 0x1a, 0x56, 0x3a, 0x5e, 0x1b, 0x5e,
    0x1a, 0x56, 0x3a, 0x5e, 0x3b, 0x56, 0x1a, 0x56, 0x3a, 0x5e, 0x1b, 0x5e,
    0x3a, 0x56, 0x1a, 0x56, 0x3b, 0x5e, 0x3b, 0x5e, 0x1a, 0x56, 0x3a, 0x5e,
    0x1b, 0x56, 0x1a, 0x5e, 0x1a, 0x56, 0x96, 0x4d, 0xef, 0x44, 0xcf, 0x3c,
    0xd0, 0x3c, 0xcf, 0x3c, 0xef, 0x3c, 0xd0, 0x3c, 0xcf, 0x3c, 0xd0, 0x44,
    0xb0, 0x3c, 0xaf, 0x3c, 0xb0, 0x3c, 0xd0, 0x3c, 0xaf, 0x3c, 0xaf, 0x3c,
    0xb0, 0x3c, 0xaf, 0x3c, 0xaf, 0x3c, 0xaf, 0x3c, 0x8f, 0x3c, 0x8f, 0x34,
    0x8f, 0x3c, 0x6f, 0x3c, 0x06, 0x9b, 0xe6, 0x9a, 0x06, 0xa3, 0xe6, 0x9a,
    0xe6, 0xa2, 0x06, 0xa3, 0xe6, 0xa2, 0x06, 0xa3, 0x06, 0xa3, 0x06, 0xa3,
    0xe6, 0xa2, 0x06, 0xa3, 0xe6, 0xa2, 0x06, 0xa3, 0xe5, 0xa2, 0xe6, 0xa2,
    0xbb, 0x8e, 0x9b, 0x86, 0xbb, 0x8e, 0xbb, 0x8e, 0xbc, 0x86, 0xbb, 0x8e,
    0xbb, 0x86, 0xbb, 0x86, 0xbb, 0x8e, 0xbb, 0x8e, 0x9b, 0x86, 0xbb, 0x86,
    0x9b, 0x8e, 0x9b, 0x8e, 0x9b, 0x86, 0x9b, 0x86, 0x9b, 0x86, 0x9b, 0x7e,
    0x9b, 0x7e, 0x7b, 0x7e, 0x9b, 0x7e, 0x9a, 0x7e, 0x7b, 0x7e, 0x7b, 0x7e,
    0x9b, 0x7e, 0x7b, 0x7e, 0x7b, 0x76, 0x7b, 0x6e, 0x5b, 0x6e, 0x5a, 0x66,
    0x5a, 0x66, 0x5a, 0x5e, 0x3a, 0x5e, 0x3b, 0x5e, 0x3b, 0x5e, 0x3a, 0x5e,
    0x3a, 0x5e, 0x3a, 0x5e, 0x3b, 0x5e, 0x3a, 0x5e, 0x3a, 0x5e, 0x3b, 0x5e,
    0x1a, 0x5e, 0x3b, 0x5e, 0x3a, 0x5e, 0x3b, 0x5e, 0x3a, 0x5e, 0x3a, 0x5e,
    0x3b, 0x5e, 0x3a, 0x5e, 0x3a, 0x5e, 0x3a, 0x5e, 0x3a, 0x5e, 0x3a, 0x56,
    0x3b, 0x5e, 0x3a, 0x56, 0x1a, 0x56, 0x3a, 0x56, 0x3a, 0x5e, 0x1b, 0x56,
    0x3a, 0x56, 0x3a, 0x5e, 0x1a, 0x5e, 0x3b, 0x56, 0x3a, 0x5e, 0x1a, 0x5e,
    0x1a, 0x56, 0x3a, 0x56, 0x1a, 0x5e, 0x3a, 0x56, 0x1a, 0x5e, 0x3a, 0x56,
    0x3a, 0x56, 0x1a, 0x5e, 0x3a, 0x56, 0x1a, 0x56, 0x3a, 0x5e, 0x1a, 0x56,
    0x3a, 0x5e, 0x3a, 0x56, 0x1a, 0x5e, 0x1a, 0x56, 0x3a, 0x56, 0x1b, 0x5e,
    0x1a, 0x56, 0x1a, 0x56, 0x3a, 0x5e, 0x3a, 0x5e, 0x3a, 0x5e, 0x1a, 0x56,
    0x3b, 0x56, 0x3a, 0x56, 0x1a, 0x5e, 0x1a, 0x56, 0x1b, 0x56, 0x3b, 0x56,
    0x70, 0x8c, 0xe1, 0xe2, 0x00, 0xeb, 0xa0, 0xda, 0x60, 0x78, 0x40, 0x78,
    0x40, 0x70, 0x60, 0x88, 0xa0, 0xa8, 0xa0, 0xb0, 0xa0, 0xb8, 0xc0, 0xb8,
    0xc0, 0xc0, 0xc0, 0xc0, 0xc0, 0xc0, 0xc0, 0xb8, 0xa0, 0xb0, 0x80, 0xa8,
    0x61, 0xa0, 0xc0, 0xb8, 0xc0, 0xc0, 0xe0, 0xc0, 0xe0, 0xc0, 0xe0, 0xc8,
    0xc0, 0xc0, 0xc0, 0xb8, 0xc0, 0xb8, 0xa0, 0xb8, 0xa0, 0xb8, 0xc0, 0xb0,
    0xa0, 0xb0, 0xa0, 0xb0, 0x80, 0xa8, 0x80, 0xa0, 0x80, 0xa0, 0x61, 0x98,
    0xa1, 0x80, 0xe0, 0xdb, 0x60, 0xf4, 0x60, 0xf4, 0x60, 0xfc, 0x40, 0xf4,
    0x00, 0xf4, 0x00, 0xf4, 0xc0, 0xf3, 0xa0, 0xf3, 0x81, 0xf3, 0x40, 0xeb,
    0x20, 0xeb, 0x00, 0xeb, 0xe1, 0xea, 0xe0, 0xe2, 0xc0, 0xe2, 0xc0, 0xe2,
    0xc0, 0xe2, 0xc0, 0xe2, 0xa0, 0xe2, 0x80, 0xe2, 0xa0, 0xe2, 0x80, 0xda,
    0x81, 0xda, 0x80, 0xda, 0x80, 0xda, 0x80, 0xda, 0x80, 0xda, 0x80, 0xe2,
    0x80, 0xda, 0x80, 0xda, 0x80, 0xe2, 0x80, 0xe2, 0x61, 0xda, 0xa2, 0x78,
    0xa2, 0x80, 0xa3, 0x80, 0xa3, 0x80, 0xc3, 0x88, 0xc3, 0x88, 0xc3, 0x88,
    0xc3, 0x90, 0xc3, 0x90, 0xe3, 0x98, 0xe3, 0xa0, 0xe4, 0xa0, 0x04, 0xa9,
    0xe3, 0xa8, 0x25, 0xb1, 0x3a, 0x56, 0x1a, 0x56, 0x3a, 0x5e, 0x3a, 0x5e,
    0x1a, 0x56, 0x1b, 0x5e, 0x3b, 0x5e, 0x1a, 0x56, 0x1a, 0x5e, 0x1a, 0x5e,
    0x1a, 0x56, 0x3a, 0x5e, 0x1a, 0x5e, 0x3a, 0x56, 0x1a, 0x5e, 0x3a, 0x5e,
    0x3a, 0x5e, 0x3a, 0x5e, 0x1a, 0x5e, 0xf9, 0x55, 0x11, 0x45, 0xcf, 0x3c,
    0xd0, 0x3c, 0xcf, 0x3c, 0xd0, 0x44, 0xcf, 0x3c, 0xcf, 0x3c, 0xd0, 0x3c,
    0xaf, 0x3c, 0xaf, 0x3c, 0xd0, 0x3c, 0xb0, 0x3c, 0xaf, 0x3c, 0xaf, 0x3c,
    0xb0, 0x3c, 0xb0, 0x34, 0xaf, 0x34, 0xaf, 0x34, 0x90, 0x3c, 0x8f, 0x34,
    0x8f, 0x3c, 0x4e, 0x3c, 0x06, 0xa3, 0x06, 0x9b, 0xe6, 0xa2, 0xe6, 0xa2,
    0xe6, 0xa2, 0x06, 0xa3, 0x06, 0xa3, 0x06, 0xa3, 0x06, 0xa3, 0xe5, 0xa2,
    0xe6, 0xa2, 0x05, 0xa3, 0x06, 0xa3, 0xe6, 0xa2, 0xe6, 0xa2, 0xe6, 0xa2,
    0x9b, 0x8e, 0xbb, 0x86, 0xbb, 0x8e, 0x9b, 0x86, 0x9b, 0x8e, 0xbb, 0x8e,
    0x9b, 0x86, 0x9b, 0x86, 0xbb, 0x86, 0xbb, 0x8e, 0xbb, 0x86, 0x9b, 0x86,
    0xbb, 0x8e, 0xbb, 0x86, 0xbb, 0x86, 0x9b, 0x86, 0x9b, 0x86, 0x9b, 0x86,
    0x9b, 0x86, 0x9b, 0x86, 0x9b, 0x86, 0x9b, 0x86, 0x7a, 0x7e, 0x9b, 0x7e,
    0x9b, 0x86, 0x9b, 0x7e, 0x7a, 0x7e, 0x7b, 0x7e, 0x7a, 0x76, 0x5b, 0x76,
    0x5b, 0x6e, 0x5a, 0x66, 0x3b, 0x5e, 0x3a, 0x5e, 0x3a, 0x5e, 0x3a, 0x5e,
    0x3a, 0x5e, 0x3a, 0x5e, 0x3b, 0x5e, 0x3a, 0x5e, 0x3a, 0x5e, 0x3a, 0x5e,
    0x3b, 0x5e, 0x3a, 0x5e, 0x3a, 0x5e, 0x3a, 0x5e, 0x3a, 0x5e, 0x3a, 0x5e,
    0x3a, 0x5e, 0x3a, 0x5e, 0x3b, 0x5e, 0x3a, 0x5e, 0x3a, 0x5e, 0x3b, 0x5e,
    0x3a, 0x5e, 0x3a, 0x5e, 0x1b, 0x5e, 0x3a, 0x5e, 0x3a, 0x5e, 0x3a, 0x5e,
    0x1b, 0x5e, 0x3a, 0x56, 0x3a, 0x5e, 0x1a, 0x56, 0x3b, 0x5e, 0x3a, 0x5e,
    0x3a, 0x56, 0x3a, 0x5e, 0x3b, 0x56, 0x1a, 0x56, 0x3a, 0x5e, 0x1a, 0x5e,
    0x1b, 0x56, 0x3a, 0x5e, 0x3a, 0x5e, 0x1a, 0x5e, 0x1a, 0x56, 0x3b, 0x5e,
    0x1a, 0x56, 0x1a, 0x5e, 0x3a, 0x5e, 0x1a, 0x5e, 0x1a, 0x5e, 0x3a, 0x56,
    0x3a, 0x5e, 0x1a, 0x56, 0x1a, 0x5e, 0x1a, 0x5e, 0x1a, 0x5e, 0x3a, 0x5e,
    0x1a, 0x5e, 0x1a, 0x5e, 0x1a, 0x5e, 0x1a, 0x56, 0x3a, 0x56, 0x19, 0x56,
    0x82, 0xe2, 0x20, 0xeb, 0x40, 0xeb, 0x60, 0xa1, 0x40, 0x70, 0x40, 0x70,
    0x61, 0x88, 0xa0, 0xa8, 0xa0, 0xb0, 0xc0, 0xb8, 0xc0, 0xc0, 0xe0, 0xc8,
    0xe0, 0xc0, 0xe0, 0xc0, 0xc0, 0xc0, 0xa0, 0xb8, 0x80, 0xa8, 0x80, 0xa8,
    0xc0, 0xb8, 0xc0, 0xc0, 0xe0, 0xc8, 0xe0, 0xc8, 0x00, 0xc9, 0xe0, 0xc8,
    0xe0, 0xc8, 0xc0, 0xc0, 0xc0, 0xc0, 0xc0, 0xc0, 0xc0, 0xb8, 0xc0, 0xb8,
    0xa0, 0xb0, 0xa0, 0xb0, 0xa0, 0xa8, 0x80, 0xa0, 0x80, 0xa0, 0x80, 0x90,
    0xa0, 0xd3, 0x60, 0xfc, 0x80, 0xf4, 0x40, 0xfc, 0x20, 0xf4, 0x00, 0xf4,
    0x00, 0xf4, 0xc0, 0xf3, 0xa0, 0xf3, 0x60, 0xeb, 0x40, 0xeb, 0x20, 0xeb,
    0x00, 0xeb, 0xe0, 0xe2, 0xc0, 0xe2, 0xc0, 0xe2, 0xc0, 0xe2, 0xc0, 0xe2,
    0xa0, 0xe2, 0xc0, 0xe2, 0x81, 0xda, 0x80, 0xda, 0x80, 0xda, 0x60, 0xda,
    0x80, 0xda, 0x80, 0xda, 0xa0, 0xe2, 0x80, 0xda, 0xa0, 0xe2, 0xa0, 0xe2,
    0xa0, 0xe2, 0x80, 0xda, 0x80, 0xe2, 0x80, 0xda, 0xc1, 0xb1, 0xa3, 0x80,
    0xa3, 0x80, 0xa3, 0x80, 0xa2, 0x88, 0xa3, 0x88, 0xa3, 0x88, 0xc3, 0x90,
    0xc3, 0x90, 0xc3, 0x90, 0xc3, 0x98, 0xe3, 0xa0, 0xe3, 0xa8, 0xe3, 0xa8,
    0xe4, 0xa8, 0x4a, 0x9a, 0x5b, 0x56, 0x1a, 0x5e, 0x1a, 0x5e, 0x3b, 0x56,
    0x3a, 0x56, 0x3a, 0x5e, 0x1a, 0x5e, 0x3b, 0x5e, 0x1a, 0x56, 0x3a, 0x5e,
    0x1b, 0x56, 0x1a, 0x56, 0x3a, 0x5e, 0x1a, 0x5e, 0x1b, 0x5e, 0x1a, 0x56,
    0x3a, 0x5e, 0x1b, 0x5e, 0x1a, 0x5e, 0x1a, 0x56, 0x96, 0x4d, 0xf0, 0x3c,
    0xcf, 0x3c, 0xd0, 0x3c, 0xd0, 0x3c, 0xcf, 0x3c, 0xcf, 0x3c, 0xaf, 0x3c,
    0xaf, 0x3c, 0xaf, 0x3c, 0xb0, 0x3c, 0xaf, 0x3c, 0xb0, 0x3c, 0xaf, 0x3c,
    0xaf, 0x3c, 0xb0, 0x3c, 0xb0, 0x34, 0x8f, 0x3c, 0x8f, 0x34, 0x8f, 0x34,
    0x8f, 0x34, 0x2d, 0x4c, 0xe7, 0xa2, 0x06, 0x9b, 0x06, 0xa3, 0xe6, 0xa2,
    0x06, 0xa3, 0x06, 0xa3, 0xe6, 0xa2, 0xe5, 0xa2, 0xe6, 0xa2, 0x06, 0xa3,
    0x05, 0xa3, 0xe5, 0xa2, 0xe5, 0xa2, 0xe5, 0xa2, 0x06, 0xa3, 0xe6, 0xa2,
    0xbb, 0x8e, 0x9b, 0x86, 0x9b, 0x86, 0x9b, 0x8e, 0xbb, 0x86, 0xbb, 0x8e,
    0x9b, 0x8e, 0x9b, 0x8e, 0x9b, 0x86, 0x9b, 0x86, 0xbb, 0x8e, 0x9b, 0x86,
    0x9b, 0x86, 0x9b, 0x86, 0xbb, 0x8e, 0xbb, 0x86, 0x9b, 0x86, 0x9b, 0x86,
    0xbb, 0x86, 0x9b, 0x86, 0x9b, 0x86, 0x9b, 0x86, 0x9b, 0x86, 0x9a, 0x86,
    0x9b, 0x86, 0x9a, 0x86, 0x9a, 0x7e, 0x9b, 0x7e, 0x7b, 0x7e, 0x7b, 0x7e,
    0x7b, 0x76, 0x5a, 0x6e, 0x5a, 0x66, 0x3a, 0x5e, 0x5a, 0x66, 0x3b, 0x5e,
    0x3b, 0x5e, 0x3a, 0x5e, 0x3a, 0x5e, 0x3b, 0x5e, 0x3a, 0x5e, 0x3a, 0x5e,
    0x3a, 0x5e, 0x3a, 0x5e, 0x3a, 0x5e, 0x3a, 0x5e, 0x3b, 0x5e, 0x3a, 0x5e,
    0x3a, 0x5e, 0x3a, 0x5e, 0x3b, 0x56, 0x3a, 0x5e, 0x3a, 0x5e, 0x3a, 0x5e,
    0x3a, 0x56, 0x3a, 0x5e, 0x3a, 0x5e, 0x3b, 0x5e, 0x3a, 0x56, 0x3a, 0x5e,
    0x3a, 0x5e, 0x3b, 0x5e, 0x3a, 0x56, 0x1a, 0x5e, 0x1a, 0x5e, 0x3a, 0x5e,
    0x3a, 0x5e, 0x3a, 0x5e, 0x3b, 0x5e, 0x1a, 0x5e, 0x3a, 0x5e, 0x1a, 0x5e,
    0x3a, 0x5e, 0x3a, 0x5e, 0x1a, 0x5e, 0x3b, 0x5e, 0x3a, 0x5e, 0x3a, 0x56,
    0x1a, 0x56, 0x3b, 0x5e, 0x3a, 0x5e, 0x3a, 0x56, 0x1a, 0x5e, 0x3a, 0x5e,
    0x3a, 0x5e, 0x3a, 0x5e, 0x3b, 0x56, 0x3a, 0x5e, 0x3a, 0x56, 0x3a, 0x56,
    0x3a, 0x5e, 0x1a, 0x56, 0x3a, 0x56, 0x1a, 0x5e, 0x5b, 0x56, 0xcc, 0xb3,
    0x20, 0xf3, 0x60, 0xeb, 0xc0, 0xe2, 0x60, 0x70, 0x40, 0x70, 0x60, 0x80,
    0xa0, 0xb0, 0xa0, 0xb0, 0xc0, 0xc0, 0xe0, 0xc8, 0x00, 0xc9, 0x00, 0xc9,
    0xe0, 0xc8, 0xc0, 0xc0, 0xa0, 0xb8, 0xa1, 0xb0, 0xa0, 0xa8, 0xc0, 0xc0,
    0xe0, 0xc8, 0x00, 0xd1, 0x00, 0xd1, 0x00, 0xd1, 0x00, 0xd1, 0xe0, 0xd0,
    0xe0, 0xd0, 0xe0, 0xc8, 0xc0, 0xc0, 0xc0, 0xc0, 0xc0, 0xb8, 0xc0, 0xb8,
    0xa0, 0xb0, 0x80, 0xa8, 0x80, 0xa8, 0x80, 0xa0, 0x80, 0x90, 0x20, 0xc3,
    0x81, 0xf4, 0x60, 0xfc, 0x60, 0xf4, 0x40, 0xfc, 0x20, 0xf4, 0x00, 0xf4,
    0xc0, 0xf3, 0xa0, 0xf3, 0x60, 0xf3, 0x40, 0xeb, 0x20, 0xeb, 0x00, 0xeb,
    0xc0, 0xea, 0xc0, 0xe2, 0xc0, 0xe2, 0xc0, 0xe2, 0xa0, 0xe2, 0xa0, 0xe2,
    0xa0, 0xe2, 0xa0, 0xe2, 0x80, 0xda, 0x80, 0xda, 0x60, 0xda, 0x60, 0xda,
    0x80, 0xda, 0x80, 0xe2, 0x81, 0xe2, 0xa0, 0xe2, 0xa0, 0xe2, 0xa1, 0xe2,
    0xa0, 0xda, 0xa0, 0xda, 0x81, 0xda, 0x80, 0xda, 0xa3, 0x80, 0x83, 0x80,
    0xa2, 0x80, 0xa3, 0x88, 0xc3, 0x88, 0xc3, 0x88, 0xc3, 0x88, 0xc3, 0x90,
    0xc3, 0x90, 0xe3, 0x98, 0xe3, 0xa0, 0xe3, 0xa0, 0xe4, 0xa8, 0x03, 0xb1,
    0xe3, 0xb0, 0xb3, 0x6c, 0x3a, 0x56, 0x3a, 0x5e, 0x3b, 0x5e, 0x1a, 0x56,
    0x1a, 0x5e, 0x1a, 0x56, 0x3a, 0x56, 0x3a, 0x5e, 0x1a, 0x5e, 0x1a, 0x56,
    0x3a, 0x5e, 0x3b, 0x5e, 0x1a, 0x5e, 0x3a, 0x5e, 0x3a, 0x5e, 0x1a, 0x56,
    0x3a, 0x5e, 0x3a, 0x56, 0x1a, 0x5e, 0x3a, 0x5e, 0x1a, 0x56, 0x74, 0x4d,
    0xcf, 0x3c, 0xd0, 0x3c, 0xcf, 0x3c, 0xcf, 0x3c, 0xd0, 0x44, 0xd0, 0x3c,
    0xd0, 0x3c, 0xaf, 0x3c, 0xb0, 0x3c, 0xaf, 0x3c, 0xb0, 0x3c, 0xb0, 0x3c,
    0x90, 0x34, 0x8f, 0x3c, 0xb0, 0x3c, 0x90, 0x34, 0xb0, 0x3c, 0x8f, 0x34,
    0x8f, 0x34, 0xec, 0x53, 0xe6, 0x9a, 0x06, 0xa3, 0xe6, 0x9a, 0x06, 0xa3,
    0x06, 0x9b, 0x06, 0xa3, 0xe6, 0xa2, 0xe6, 0xa2, 0x06, 0xa3, 0x06, 0xa3,
    0xe6, 0xa2, 0x06, 0xa3, 0x06, 0xa3, 0xe6, 0xa2, 0xe5, 0xa2, 0xe5, 0xa2,
    0xbb, 0x8e, 0xbb, 0x86, 0xbb, 0x8e, 0x9b, 0x8e, 0xbb, 0x86, 0xbc, 0x86,
    0xbb, 0x86, 0xbb, 0x8e, 0xbb, 0x86, 0x9b, 0x86, 0xbb, 0x8e, 0xbb, 0x86,
    0x9b, 0x86, 0xbb, 0x8e, 0x9b, 0x86, 0xbb, 0x8e, 0xbb, 0x86, 0x9b, 0x86,
    0x9b, 0x86, 0x9b, 0x86, 0x9a, 0x86, 0x9b, 0x86, 0x9b, 0x86, 0x9a, 0x86,
    0x9b, 0x86, 0x9b, 0x86, 0x9b, 0x86, 0x9b, 0x7e, 0x9a, 0x7e, 0x7a, 0x7e,
    0x7b, 0x7e, 0x7b, 0x7e, 0x7a, 0x76, 0x5b, 0x6e, 0x5a, 0x66, 0x5a, 0x66,
    0x3a, 0x5e, 0x5a, 0x5e, 0x3a, 0x5e, 0x3a, 0x5e, 0x3b, 0x5e, 0x3a, 0x5e,
    0x3a, 0x5e, 0x3b, 0x5e, 0x3a, 0x5e, 0x3a, 0x5e, 0x3b, 0x5e, 0x3a, 0x5e,
    0x3a, 0x5e, 0x1a, 0x5e, 0x3b, 0x5e, 0x3a, 0x5e, 0x3a, 0x5e, 0x3b, 0x5e,
    0x3a, 0x5e, 0x3a, 0x5e, 0x3a, 0x56, 0x3a, 0x5e, 0x1b, 0x56, 0x3a, 0x56,
    0x3a, 0x5e, 0x1a, 0x5e, 0x3a, 0x5e, 0x1a, 0x5e, 0x3a, 0x56, 0x3a, 0x5e,
    0x1a, 0x56, 0x3a, 0x5e, 0x3a, 0x5e, 0x3a, 0x5e, 0x1a, 0x56, 0x3b, 0x5e,
    0x1a, 0x5e, 0x1a, 0x56, 0x3b, 0x5e, 0x3a, 0x5e, 0x1a, 0x56, 0x3a, 0x5e,
    0x1a, 0x5e, 0x3a, 0x56, 0x3a, 0x5e, 0x3a, 0x5e, 0x3a, 0x56, 0x3a, 0x5e,
    0x1a, 0x5e, 0x3a, 0x5e, 0x3a, 0x5e, 0x3a, 0x5e, 0x1b, 0x5e, 0x1a, 0x5e,
    0x3a, 0x56, 0x1a, 0x5e, 0x1a, 0x5e, 0x1a, 0x5e, 0x96, 0x75, 0xc0, 0xf2,
    0x80, 0xf3, 0x80, 0xf3, 0x41, 0xa9, 0x61, 0x70, 0x40, 0x78, 0xc0, 0xb0,
    0xc0, 0xc0, 0xe0, 0xc0, 0x00, 0xd1, 0x20, 0xd1, 0x21, 0xd1, 0x00, 0xd1,
    0xe0, 0xc8, 0xc0, 0xc0, 0xa0, 0xb0, 0xa0, 0xb0, 0xc0, 0xc0, 0xe0, 0xd0,
    0x20, 0xd1, 0x20, 0xd9, 0x20, 0xd9, 0x20, 0xd9, 0x20, 0xd9, 0x00, 0xd1,
    0x00, 0xc9, 0xe0, 0xc8, 0xe0, 0xc8, 0xc0, 0xc0, 0xc0, 0xb8, 0xa0, 0xb8,
    0xa0, 0xb0, 0x80, 0xa8, 0x80, 0xa0, 0x81, 0x90, 0xc0, 0xc2, 0x80, 0xfc,
    0x80, 0xfc, 0x60, 0xf4, 0x40, 0xf4, 0x00, 0xf4, 0xe0, 0xfb, 0xc0, 0xf3,
    0x80, 0xf3, 0x60, 0xf3, 0x40, 0xeb, 0x00, 0xeb, 0xe0, 0xea, 0xc0, 0xe2,
    0xc0, 0xe2, 0xa0, 0xe2, 0xa0, 0xe2, 0xa0, 0xe2, 0xa0, 0xe2, 0xa1, 0xe2,
    0xa0, 0xe2, 0x80, 0xda, 0x60, 0xda, 0x20, 0xca, 0x40, 0xd2, 0x80, 0xda,
    0x80, 0xda, 0xa0, 0xda, 0xa0, 0xda, 0xa0, 0xda, 0xa0, 0xe2, 0x80, 0xda,
    0x80, 0xda, 0x80, 0xe2, 0x80, 0xda, 0x01, 0xc2, 0x83, 0x80, 0xa2, 0x80,
    0xa3, 0x80, 0xa3, 0x88, 0xa3, 0x88, 0xc3, 0x88, 0xa3, 0x88, 0xc3, 0x90,
    0xc3, 0x90, 0xe3, 0x98, 0xe3, 0xa0, 0xe4, 0xa0, 0xe3, 0xa8, 0x04, 0xa9,
    0x86, 0xa9, 0x5b, 0x56, 0x1a, 0x56, 0x3b, 0x5e, 0x3a, 0x5e, 0x1a, 0x56,
    0x1b, 0x5e, 0x3a, 0x5e, 0x3a, 0x56, 0x1b, 0x5e, 0x3a, 0x5e, 0x1a, 0x5e,
    0x3a, 0x5e, 0x3a, 0x5e, 0x3b, 0x5e, 0x1a, 0x56, 0x3a, 0x5e, 0x1a, 0x5e,
    0xf9, 0x55, 0xd7, 0x55, 0x95, 0x4d, 0x75, 0x4d, 0xb6, 0x4d, 0xb7, 0x55,
    0xf1, 0x44, 0xcf, 0x3c, 0xd0, 0x3c, 0xcf, 0x3c, 0xaf, 0x3c, 0xb0, 0x3c,
    0xaf, 0x3c, 0xb0, 0x3c, 0xaf, 0x3c, 0xaf, 0x3c, 0xb0, 0x3c, 0x90, 0x3c,
    0x8f, 0x34, 0xb0, 0x3c, 0x90, 0x34, 0x90, 0x3c, 0x8f, 0x3c, 0x90, 0x34,
    0x8f, 0x3c, 0xec, 0x5b, 0x06, 0x9b, 0xe6, 0x9a, 0xe6, 0xa2, 0x06, 0xa3,
    0xe6, 0xa2, 0x06, 0xa3, 0x06, 0x9b, 0x06, 0xa3, 0xe5, 0xa2, 0xe5, 0xa2,
    0xe6, 0xa2, 0xe6, 0xa2, 0x06, 0xa3, 0xe6, 0xa2, 0xe5, 0xa2, 0xc6, 0x9a,
    0x9b, 0x86, 0x9b, 0x86, 0xbb, 0x86, 0xbb, 0x86, 0x9b, 0x86, 0xbb, 0x86,
    0x9b, 0x86, 0x9b, 0x86, 0xbb, 0x8e, 0xbb, 0x86, 0xbb, 0x8e, 0x9b, 0x86,
    0xbb, 0x86, 0x9b, 0x86, 0x9b, 0x86, 0x9b, 0x86, 0x9b, 0x86, 0x9b, 0x86,
    0x9b, 0x86, 0x9b, 0x86, 0x9a, 0x86, 0x9b, 0x86, 0x9b, 0x86, 0x9b, 0x7e,
    0x9a, 0x7e, 0x9b, 0x86, 0x9b, 0x86, 0x9b, 0x86, 0x9b, 0x86, 0x9b, 0x7e,
    0x7b, 0x7e, 0x7b, 0x7e, 0x7a, 0x76, 0x7b, 0x76, 0x5a, 0x66, 0x5a, 0x66,
    0x5b, 0x66, 0x5b, 0x66, 0x5a, 0x66, 0x3a, 0x5e, 0x3b, 0x5e, 0x3a, 0x5e,
    0x3a, 0x5e, 0x3b, 0x5e, 0x3a, 0x5e, 0x3a, 0x5e, 0x3a, 0x5e, 0x3a, 0x5e,
    0x3a, 0x5e, 0x3b, 0x5e, 0x3a, 0x5e, 0x3a, 0x5e, 0x3a, 0x5e, 0x3a, 0x5e,
    0x3b, 0x5e, 0x3b, 0x5e, 0x3a, 0x5e, 0x3a, 0x5e, 0x3a, 0x5e, 0x3a, 0x5e,
    0x1a, 0x5e, 0x3a, 0x5e, 0x3a, 0x5e, 0x3a, 0x5e, 0x3b, 0x56, 0x1a, 0x56,
    0x1a, 0x5e, 0x3b, 0x5e, 0x1a, 0x5e, 0x3a, 0x56, 0x3a, 0x56, 0x1a, 0x5e,
    0x3a, 0x56, 0x1a, 0x5e, 0x3a, 0x5e, 0x3a, 0x56, 0x1a, 0x5e, 0x1a, 0x5e,
    0x3a, 0x5e, 0x1a, 0x56, 0x3a, 0x5e, 0x1a, 0x5e, 0x3a, 0x5e, 0x3b, 0x5e,
    0x3a, 0x56, 0x1a, 0x56, 0x3a, 0x5e, 0x3a, 0x5e, 0x3a, 0x5e, 0x3b, 0x56,
    0x1a, 0x5e, 0x1a, 0x5e, 0x1a, 0x56, 0x3a, 0x4e, 0x46, 0xcb, 0xa0, 0xeb,
    0x80, 0xeb, 0xe0, 0xe2, 0x80, 0x78, 0x40, 0x70, 0xa0, 0xa8, 0xc0, 0xb8,
    0xe0, 0xc0, 0x00, 0xd1, 0x20, 0xd9, 0x40, 0xd9, 0x20, 0xd9, 0x00, 0xd1,
    0xc0, 0xc8, 0xa0, 0xc0, 0xa0, 0xb0, 0xe0, 0xc8, 0x00, 0xd1, 0x20, 0xd9,
    0x40, 0xd9, 0x60, 0xd9, 0x60, 0xe1, 0x60, 0xd9, 0x40, 0xd9, 0x20, 0xd9,
    0x00, 0xd1, 0xe0, 0xc8, 0xc0, 0xc8, 0xc0, 0xc0, 0xc0, 0xb8, 0xa0, 0xb0,
    0xa0, 0xa8, 0x80, 0xa0, 0x81, 0x98, 0xe1, 0xc2, 0x80, 0xf4, 0x60, 0xf4,
    0x40, 0xfc, 0x40, 0xfc, 0x20, 0xf4, 0xe0, 0xf3, 0xa0, 0xf3, 0xa0, 0xf3,
    0x60, 0xf3, 0x41, 0xeb, 0x00, 0xeb, 0xe0, 0xea, 0xc0, 0xe2, 0xa1, 0xe2,
    0xa0, 0xe2, 0xa0, 0xe2, 0xa0, 0xe2, 0xa0, 0xe2, 0xa0, 0xe2, 0x80, 0xda,
    0x80, 0xda, 0x20, 0xca, 0x41, 0xca, 0x80, 0xd2, 0x61, 0xd2, 0x80, 0xda,
    0x80, 0xda, 0xa1, 0xe2, 0xa0, 0xe2, 0xa0, 0xe2, 0xa0, 0xe2, 0x80, 0xda,
    0x80, 0xe2, 0x80, 0xda, 0x80, 0xda, 0x42, 0xa1, 0xa3, 0x80, 0xa2, 0x80,
    0xa3, 0x88, 0xc3, 0x88, 0xc3, 0x88, 0xc3, 0x90, 0xc3, 0x90, 0xc3, 0x90,
    0xc3, 0x98, 0xe3, 0x98, 0xe3, 0xa0, 0xe4, 0xa8, 0xe3, 0xa8, 0xe3, 0xa8,
    0x51, 0x7c, 0x5a, 0x56, 0x3b, 0x5e, 0x1a, 0x5e, 0x1a, 0x56, 0x3a, 0x5e,
    0x1a, 0x56, 0x3b, 0x5e, 0x1a, 0x5e, 0x1a, 0x56, 0x3b, 0x5e, 0x3a, 0x5e,
    0x1a, 0x56, 0x3a, 0x5e, 0x1a, 0x5e, 0x3a, 0x5e, 0x1a, 0x5e, 0xf9, 0x55,
    0x73, 0x4d, 0x10, 0x45, 0xef, 0x44, 0xef, 0x44, 0xf0, 0x44, 0x11, 0x45,
    0x11, 0x45, 0xd0, 0x3c, 0xd0, 0x3c, 0xd0, 0x3c, 0xaf, 0x3c, 0xaf, 0x3c,
    0xaf, 0x3c, 0xaf, 0x3c, 0xb0, 0x3c, 0xaf, 0x34, 0xb0, 0x3c, 0x8f, 0x34,
    0xb0, 0x3c, 0x8f, 0x34, 0x8f, 0x34, 0x90, 0x3c, 0x8f, 0x34, 0x8f, 0x34,
    0x6f, 0x34, 0xcb, 0x63, 0xe7, 0xa2, 0x06, 0x9b, 0x06, 0xa3, 0x06, 0xa3,
    0x06, 0xa3, 0x06, 0x9b, 0xe6, 0xa2, 0x06, 0xa3, 0x06, 0xa3, 0xe6, 0xa2,
    0x06, 0xa3, 0x05, 0xa3, 0xe6, 0xa2, 0xe6, 0xa2, 0x06, 0xa3, 0xc6, 0x9a,
    0x9b, 0x86, 0xbb, 0x8e, 0x9b, 0x8e, 0x9b, 0x8e, 0xbb, 0x8e, 0xbb, 0x8e,
    0x9b, 0x86, 0x9b, 0x8e, 0xbb, 0x8e, 0x9b, 0x86, 0x9b, 0x86, 0xbb, 0x86,
    0x9b, 0x8e, 0xbb, 0x86, 0x9b, 0x86, 0xbb, 0x86, 0x9b, 0x86, 0x9b, 0x86,
    0xbb, 0x86, 0x9b, 0x86, 0x9b, 0x86, 0x9b, 0x86, 0x9b, 0x86, 0x9b, 0x86,
    0x9b, 0x86, 0x9a, 0x86, 0x9b, 0x86, 0x7a, 0x7e, 0x9b, 0x86, 0x7a, 0x7e,
    0x9a, 0x7e, 0x7a, 0x7e, 0x7b, 0x76, 0x7b, 0x76, 0x5b, 0x6e, 0x5a, 0x66,
    0x5b, 0x66, 0x3a, 0x66, 0x3a, 0x5e, 0x3a, 0x5e, 0x3a, 0x5e, 0x3a, 0x5e,
    0x3b, 0x5e, 0x3a, 0x5e, 0x3a, 0x5e, 0x3a, 0x5e, 0x3b, 0x5e, 0x3a, 0x5e,
    0x3a, 0x5e, 0x3a, 0x5e, 0x3a, 0x5e, 0x3a, 0x5e, 0x3a, 0x5e, 0x3a, 0x5e,
    0x3a, 0x5e, 0x1a, 0x5e, 0x3a, 0x5e, 0x3a, 0x5e, 0x3a, 0x5e, 0x3a, 0x5e,
    0x3b, 0x5e, 0x3a, 0x56, 0x3a, 0x5e, 0x3a, 0x5e, 0x3a, 0x5e, 0x3a, 0x5e,
    0x3a, 0x5e, 0x3a, 0x5e, 0x3a, 0x5e, 0x1a, 0x5e, 0x3a, 0x5e, 0x1a, 0x5e,
    0x3a, 0x5e, 0x3a, 0x5e, 0x3a, 0x5e, 0x3a, 0x5e, 0x1b, 0x5e, 0x3a, 0x5e,
    0x3a, 0x5e, 0x1a, 0x5e, 0x3a, 0x5e, 0x3a, 0x5e, 0x1a, 0x5e, 0x3a, 0x5e,
    0x3a, 0x5e, 0x1a, 0x5e, 0x3a, 0x5e, 0x3a, 0x5e, 0x3a, 0x5e, 0x1a, 0x5e,
    0x1a, 0x5e, 0x1a, 0x56, 0x3b, 0x56, 0x4e, 0x9c, 0x40, 0xeb, 0xa0, 0xf3,
    0xa0, 0xf3, 0x80, 0xa9, 0x60, 0x70, 0x60, 0x80, 0xa0, 0xb8, 0xc0, 0xc8,
    0x00, 0xd1, 0x61, 0xd9, 0x81, 0xe1, 0x60, 0xe1, 0x40, 0xd9, 0x00, 0xd1,
    0xc0, 0xc8, 0xa0, 0xb8, 0x01, 0xc9, 0x20, 0xd9, 0x60, 0xe1, 0x60, 0xe1,
    0x81, 0xe9, 0xa0, 0xe9, 0xa0, 0xe9, 0x60, 0xe1, 0x41, 0xd9, 0x00, 0xd9,
    0x00, 0xd1, 0xe0, 0xc8, 0xc0, 0xc0, 0xc0, 0xb8, 0xc0, 0xb0, 0xa0, 0xb0,
    0xa0, 0xa8, 0x80, 0x98, 0xe0, 0xc2, 0x80, 0xf4, 0x40, 0xf4, 0x60, 0xfc,
    0x20, 0xf4, 0x00, 0xf4, 0xe0, 0xf3, 0xa0, 0xf3, 0x60, 0xf3, 0x40, 0xeb,
    0x00, 0xeb, 0x00, 0xeb, 0xe0, 0xea, 0xc0, 0xe2, 0xa0, 0xe2, 0xc0, 0xe2,
    0xa0, 0xe2, 0xa0, 0xe2, 0xa0, 0xda, 0x80, 0xda, 0x80, 0xda, 0x41, 0xba,
    0x01, 0xba, 0x60, 0xca, 0x60, 0xd2, 0x80, 0xda, 0x80, 0xda, 0x80, 0xda,
    0xa0, 0xda, 0xa0, 0xe2, 0xa0, 0xda, 0xa0, 0xe2, 0xa0, 0xe2, 0xa0, 0xda,
    0x80, 0xda, 0x80, 0xe2, 0x80, 0xe2, 0xc2, 0x88, 0xa2, 0x88, 0xa3, 0x80,
    0xa3, 0x88, 0xa3, 0x88, 0xc2, 0x88, 0xc3, 0x90, 0xc3, 0x90, 0xe3, 0x98,
    0xe3, 0x98, 0xe4, 0xa0, 0xe4, 0xa0, 0xe3, 0xa0, 0xc3, 0xa8, 0xa7, 0xa1,
    0x7b, 0x4e, 0x3a, 0x56, 0x3a, 0x5e, 0x3b, 0x5e, 0x3a, 0x56, 0x3a, 0x5e,
    0x3a, 0x5e, 0x1a, 0x5e, 0x3a, 0x5e, 0x3a, 0x5e, 0x1a, 0x56, 0x3b, 0x5e,
    0x1a, 0x5e, 0x3b, 0x5e, 0x3a, 0x5e, 0x3a, 0x5e, 0x1a, 0x5e, 0xb6, 0x55,
    0x10, 0x45, 0xef, 0x44, 0xef, 0x44, 0xef, 0x44, 0xcf, 0x44, 0xcf, 0x3c,
    0xd0, 0x3c, 0xd0, 0x3c, 0xcf, 0x3c, 0xaf, 0x3c, 0xb0, 0x3c, 0xaf, 0x3c,
    0xb0, 0x3c, 0xaf, 0x3c, 0xb0, 0x3c, 0xb0, 0x3c, 0x8f, 0x3c, 0x8f, 0x34,
    0x90, 0x3c, 0xb0, 0x3c, 0x90, 0x3c, 0x90, 0x34, 0x8f, 0x34, 0x8f, 0x34,
    0x90, 0x34, 0xaa, 0x73, 0x06, 0x9b, 0x06, 0x9b, 0x06, 0xa3, 0x06, 0xa3,
    0xe6, 0x9a, 0x06, 0xa3, 0x06, 0xa3, 0x06, 0xa3, 0xe5, 0x9a, 0xe6, 0xa2,
    0xe6, 0xa2, 0x06, 0xa3, 0x05, 0xa3, 0xe6, 0xa2, 0xe6, 0xa2, 0xc5, 0x9a,
    0x9b, 0x86, 0xbb, 0x86, 0x9b, 0x86, 0x9b, 0x86, 0xbb, 0x86, 0x9b, 0x86,
    0x9b, 0x86, 0xbb, 0x86, 0xbb, 0x86, 0x9b, 0x8e, 0x9b, 0x86, 0x9b, 0x86,
    0xbb, 0x86, 0x9b, 0x86, 0x9b, 0x86, 0x9b, 0x86, 0x9b, 0x86, 0x9a, 0x86,
    0x9b, 0x86, 0x9a, 0x86, 0x9b, 0x86, 0x9b, 0x86, 0x9a, 0x7e, 0x9a, 0x7e,
    0x9b, 0x86, 0x7b, 0x7e, 0x9b, 0x7e, 0x9a, 0x86, 0x9b, 0x7e, 0x7b, 0x7e,
    0x9b, 0x7e, 0x9b, 0x7e, 0x7a, 0x7e, 0x7b, 0x76, 0x7a, 0x76, 0x5b, 0x6e,
    0x5a, 0x66, 0x3a, 0x66, 0x3b, 0x66, 0x5a, 0x5e, 0x5a, 0x5e, 0x3a, 0x66,
    0x5a, 0x5e, 0x3b, 0x5e, 0x5a, 0x5e, 0x3a, 0x5e, 0x3b, 0x5e, 0x3a, 0x5e,
    0x3b, 0x5e, 0x3a, 0x5e, 0x3a, 0x5e, 0x3b, 0x5e, 0x3a, 0x5e, 0x3a, 0x5e,
    0x3a, 0x5e, 0x3a, 0x5e, 0x3b, 0x5e, 0x3a, 0x56, 0x3a, 0x5e, 0x1a, 0x5e,
    0x1a, 0x5e, 0x3a, 0x5e, 0x3a, 0x5e, 0x1b, 0x5e, 0x3a, 0x5e, 0x3a, 0x5e,
    0x3a, 0x5e, 0x3b, 0x5e, 0x1a, 0x5e, 0x3a, 0x5e, 0x3a, 0x5e, 0x1a, 0x5e,
    0x3a, 0x56, 0x3a, 0x5e, 0x3b, 0x5e, 0x3a, 0x5e, 0x1a, 0x5e, 0x3a, 0x5e,
    0x3a, 0x5e, 0x3a, 0x5e, 0x3a, 0x5e, 0x3a, 0x56, 0x1a, 0x56, 0x1a, 0x5e,
    0x1a, 0x5e, 0x1a, 0x5e, 0x3a, 0x5e, 0x3a, 0x5e, 0x1a, 0x56, 0x3a, 0x5e,
    0x3a, 0x5e, 0x3a, 0x56, 0xf8, 0x65, 0xe2, 0xea, 0xa0, 0xf3, 0xc0, 0xf3,
    0x80, 0xeb, 0xa0, 0x80, 0x41, 0x70, 0xa0, 0xa8, 0xc0, 0xc8, 0xe0, 0xd0,
    0x40, 0xd9, 0xc0, 0xe9, 0xe0, 0xe9, 0xa0, 0xe9, 0x20, 0xe1, 0x01, 0xd1,
    0xc0, 0xc8, 0x00, 0xd1, 0x40, 0xd9, 0x81, 0xe1, 0xc1, 0xe9, 0xc1, 0xe9,
    0xe1, 0xe9, 0xe1, 0xe9, 0xa0, 0xe9, 0x80, 0xe1, 0x40, 0xd9, 0x00, 0xd1,
    0x00, 0xc9, 0xe0, 0xc0, 0xc0, 0xb8, 0xa0, 0xb0, 0xa1, 0xa8, 0xa0, 0xa8,
    0xa1, 0x98, 0x20, 0xcb, 0x60, 0xf4, 0x60, 0xfc, 0x40, 0xf4, 0x20, 0xf4,
    0x00, 0xf4, 0xe0, 0xf3, 0xa0, 0xf3, 0x60, 0xf3, 0x40, 0xf3, 0x00, 0xeb,
    0xe0, 0xea, 0xc0, 0xe2, 0xa0, 0xe2, 0xa0, 0xe2, 0xa0, 0xe2, 0xa0, 0xe2,
    0xa0, 0xda, 0xc0, 0xe2, 0x80, 0xda, 0x41, 0xc2, 0x81, 0xb2, 0xa3, 0xbb,
    0x60, 0xca, 0x80, 0xd2, 0x80, 0xd2, 0x80, 0xda, 0x80, 0xda, 0x80, 0xda,
    0xa0, 0xe2, 0xa0, 0xe2, 0xc0, 0xe2, 0xa0, 0xda, 0xa0, 0xda, 0xa1, 0xe2,
    0x80, 0xe2, 0x80, 0xda, 0x61, 0xda, 0x83, 0x78, 0xa2, 0x80, 0xa2, 0x88,
    0xa3, 0x88, 0xa3, 0x88, 0xc3, 0x88, 0xc3, 0x90, 0xc3, 0x90, 0xe3, 0x98,
    0xe3, 0x98, 0xe4, 0xa0, 0x04, 0xa1, 0xe3, 0xa0, 0x04, 0xa9, 0xb8, 0x5d,
    0x3a, 0x5e, 0x1a, 0x5e, 0x3a, 0x5e, 0x3a, 0x5e, 0x3b, 0x5e, 0x3a, 0x56,
    0x1a, 0x56, 0x3b, 0x5e, 0x1a, 0x5e, 0x3a, 0x56, 0x3a, 0x5e, 0x1a, 0x5e,
    0x3a, 0x5e, 0x3a, 0x5e, 0x1a, 0x5e, 0x1a, 0x56, 0xd8, 0x55, 0x11, 0x45,
    0xef, 0x44, 0xcf, 0x44, 0xef, 0x44, 0xcf, 0x3c, 0xef, 0x44, 0xcf, 0x3c,
    0xcf, 0x3c, 0xcf, 0x44, 0xd0, 0x3c, 0xaf, 0x3c, 0x8f, 0x3c, 0xb0, 0x3c,
    0xaf, 0x3c, 0xaf, 0x3c, 0xb0, 0x3c, 0xaf, 0x3c, 0x8f, 0x34, 0x90, 0x34,
    0x8f, 0x34, 0x8f, 0x34, 0x8f, 0x3c, 0x90, 0x3c, 0x8f, 0x3c, 0x6f, 0x34,
    0x90, 0x34, 0x69, 0x7b, 0x07, 0x9b, 0x06, 0x9b, 0x06, 0xa3, 0xe6, 0xa2,
    0xe6, 0xa2, 0x06, 0xa3, 0xe6, 0xa2, 0xe6, 0xa2, 0x06, 0xa3, 0xe5, 0xa2,
    0xe5, 0xa2, 0xe6, 0xa2, 0x06, 0xa3, 0xe5, 0xa2, 0xe6, 0xa2, 0xc5, 0x9a,
    0x7b, 0x7e, 0x9b, 0x7e, 0x9b, 0x86, 0x9b, 0x86, 0x9b, 0x86, 0x9b, 0x86,
    0xbb, 0x86, 0x9b, 0x86, 0x9b, 0x86, 0x9b, 0x86, 0x9b, 0x86, 0x9b, 0x86,
    0x9b, 0x86, 0x9b, 0x86, 0x9b, 0x86, 0x9b, 0x86, 0xbb, 0x86, 0x9a, 0x86,
    0x9b, 0x86, 0x9b, 0x86, 0x9b, 0x7e, 0x9b, 0x7e, 0x9b, 0x86, 0x9b, 0x86,
    0x9b, 0x7e, 0x9a, 0x86, 0x7b, 0x7e, 0x7b, 0x7e, 0x7a, 0x7e, 0x9b, 0x7e,
    0x7b, 0x7e, 0x7b, 0x7e, 0x7a, 0x7e, 0x7b, 0x7e, 0x7b, 0x76, 0x7a, 0x76,
    0x5b, 0x6e, 0x5a, 0x66, 0x5a, 0x66, 0x5b, 0x66, 0x3a, 0x5e, 0x5b, 0x66,
    0x3a, 0x5e, 0x3b, 0x5e, 0x3a, 0x66, 0x3b, 0x5e, 0x3a, 0x5e, 0x3a, 0x5e,
    0x5a, 0x5e, 0x3b, 0x5e, 0x3a, 0x5e, 0x3a, 0x5e, 0x3b, 0x5e, 0x3a, 0x5e,
    0x3a, 0x5e, 0x3a, 0x5e, 0x3a, 0x5e, 0x3b, 0x5e, 0x3a, 0x5e, 0x3b, 0x5e,
    0x3a, 0x5e, 0x3a, 0x5e, 0x3a, 0x5e, 0x1b, 0x5e, 0x3a, 0x5e, 0x1a, 0x5e,
    0x3a, 0x5e, 0x3a, 0x5e, 0x3a, 0x5e, 0x3a, 0x5e, 0x1a, 0x5e, 0x3b, 0x5e,
    0x3a, 0x5e, 0x1a, 0x56, 0x3a, 0x5e, 0x3a, 0x5e, 0x3a, 0x56, 0x3a, 0x5e,
    0x1a, 0x56, 0x3a, 0x5e, 0x3a, 0x5e, 0x1a, 0x5e, 0x3a, 0x5e, 0x3a, 0x5e,
    0x3b, 0x5e, 0x3a, 0x56, 0x3a, 0x5e, 0x3a, 0x5e, 0x3a, 0x5e, 0x3a, 0x5e,
    0x3a, 0x5e, 0x3b, 0x56, 0xeb, 0xb3, 0x80, 0xf3, 0xc0, 0xf3, 0x00, 0xf4,
    0xa0, 0xd2, 0x60, 0x70, 0x60, 0x78, 0xc0, 0xc0, 0xe0, 0xd0, 0x20, 0xd9,
    0x81, 0xe1, 0xe1, 0xe9, 0x21, 0xea, 0xe0, 0xe9, 0x60, 0xe1, 0x20, 0xd9,
    0x40, 0xd9, 0xa1, 0xe1, 0xe1, 0xe9, 0x01, 0xea, 0x21, 0xf2, 0x41, 0xf2,
    0x21, 0xf2, 0x01, 0xea, 0xa0, 0xe9, 0x60, 0xe1, 0x20, 0xd9, 0x00, 0xd1,
    0xe0, 0xc8, 0xc0, 0xb8, 0xa0, 0xb0, 0xa0, 0xb0, 0xa0, 0xa8, 0xa0, 0x98,
    0x81, 0xd3, 0x60, 0xf4, 0x60, 0xf4, 0x41, 0xfc, 0x20, 0xf4, 0xe0, 0xfb,
    0xc0, 0xf3, 0xa0, 0xf3, 0x40, 0xf3, 0x20, 0xeb, 0x00, 0xeb, 0x00, 0xeb,
    0xc0, 0xe2, 0xc0, 0xe2, 0xc1, 0xe2, 0xa0, 0xe2, 0xa0, 0xda, 0xa0, 0xe2,
    0xa0, 0xda, 0x61, 0xca, 0xe2, 0xba, 0x82, 0xc3, 0x62, 0xc3, 0x82, 0xbb,
    0x60, 0xd2, 0x81, 0xd2, 0x80, 0xda, 0xa0, 0xda, 0xa0, 0xda, 0xa0, 0xe2,
    0xa0, 0xda, 0xa0, 0xe2, 0xa0, 0xda, 0xa0, 0xe2, 0xa0, 0xe2, 0xa0, 0xda,
    0x80, 0xda, 0x80, 0xda, 0x41, 0xca, 0x83, 0x78, 0xa3, 0x80, 0xa3, 0x88,
    0xc3, 0x88, 0xc3, 0x88, 0xc3, 0x90, 0xc3, 0x98, 0xe3, 0x98, 0xe4, 0x98,
    0xe4, 0xa0, 0xe3, 0xa0, 0xe4, 0xa0, 0xe3, 0xa8, 0xb3, 0x6c, 0x3b, 0x56,
    0x3a, 0x5e, 0x3b, 0x5e, 0x3b, 0x56, 0x1a, 0x5e, 0x3a, 0x5e, 0x1a, 0x56,
    0x3b, 0x5e, 0x3a, 0x5e, 0x3a, 0x5e, 0x3a, 0x5e, 0x1a, 0x5e, 0x3b, 0x5e,
    0x3a, 0x56, 0x1a, 0x5e, 0x3a, 0x5e, 0x19, 0x56, 0x95, 0x4d, 0xef, 0x44,
    0xef, 0x44, 0xef, 0x44, 0xcf, 0x44, 0xef, 0x44, 0xcf, 0x3c, 0xcf, 0x44,
    0xcf, 0x3c, 0xaf, 0x3c, 0xd0, 0x44, 0xaf, 0x3c, 0xcf, 0x3c, 0xaf, 0x3c,
    0xaf, 0x3c, 0xaf, 0x3c, 0xb0, 0x3c, 0xb0, 0x3c, 0x8f, 0x3c, 0x90, 0x3c,
    0x90, 0x3c, 0x90, 0x3c, 0x8f, 0x34, 0x90, 0x34, 0x90, 0x3c, 0x8f, 0x34,
    0x90, 0x34, 0x68, 0x83, 0x06, 0x9b, 0xe6, 0x9a, 0xe6, 0xa2, 0x06, 0xa3,
    0x06, 0x9b, 0x06, 0x9b, 0x06, 0xa3, 0xe6, 0xa2, 0x06, 0xa3, 0x06, 0xa3,
    0xe5, 0x9a, 0xe6, 0x9a, 0xe6, 0xa2, 0xe6, 0xa2, 0xe5, 0x9a, 0xc5, 0x9a,
    0x5a, 0x6e, 0x7b, 0x76, 0x7b, 0x76, 0x7a, 0x76, 0x7b, 0x7e, 0x9b, 0x7e,
    0x7b, 0x7e, 0x9b, 0x7e, 0x9b, 0x7e, 0x9b, 0x7e, 0x9b, 0x7e, 0x9b, 0x7e,
    0x9b, 0x86, 0x9b, 0x7e, 0x9b, 0x7e, 0x9b, 0x86, 0x9b, 0x7e, 0x9b, 0x7e,
    0x9b, 0x86, 0x9b, 0x86, 0x9a, 0x7e, 0x9a, 0x7e, 0x7a, 0x7e, 0x9b, 0x7e,
    0x7a, 0x7e, 0x7b, 0x7e, 0x9b, 0x7e, 0x9b, 0x7e, 0x7a, 0x7e, 0x7a, 0x7e,
    0x7b, 0x7e, 0x7a, 0x76, 0x7a, 0x7e, 0x7b, 0x76, 0x7a, 0x76, 0x7b, 0x76,
    0x5a, 0x6e, 0x5a, 0x6e, 0x3a, 0x66, 0x3a, 0x5e, 0x3a, 0x5e, 0x3a, 0x66,
    0x5a, 0x5e, 0x3a, 0x5e, 0x3a, 0x5e, 0x5b, 0x5e, 0x3a, 0x5e, 0x3a, 0x5e,
    0x3a, 0x5e, 0x3a, 0x5e, 0x3a, 0x5e, 0x3a, 0x5e, 0x3a, 0x5e, 0x3a, 0x5e,
    0x3a, 0x5e, 0x3a, 0x5e, 0x3a, 0x5e, 0x1a, 0x5e, 0x3a, 0x5e, 0x3a, 0x5e,
    0x3b, 0x5e, 0x3a, 0x5e, 0x3a, 0x5e, 0x3a, 0x5e, 0x3a, 0x5e, 0x1a, 0x56,
    0x3a, 0x5e, 0x3a, 0x56, 0x3a, 0x5e, 0x1a, 0x56, 0x3a, 0x5e, 0x3b, 0x5e,
    0x3a, 0x5e, 0x3a, 0x5e, 0x1a, 0x56, 0x3a, 0x5e, 0x3a, 0x5e, 0x3a, 0x5e,
    0x3a, 0x5e, 0x3a, 0x5e, 0x3a, 0x5e, 0x3a, 0x5e, 0x1a, 0x5e, 0x3a, 0x5e,
    0x1a, 0x5e, 0x3a, 0x5e, 0x3a, 0x5e, 0x3a, 0x5e, 0x1a, 0x56, 0x3a, 0x5e,
    0x1a, 0x5e, 0xf8, 0x5d, 0x01, 0xeb, 0xe0, 0xf3, 0x00, 0xfc, 0x00, 0xf4,
    0xe0, 0xb1, 0x60, 0x78, 0x81, 0x98, 0xe0, 0xc8, 0x40, 0xd9, 0x80, 0xe9,
    0xc0, 0xe9, 0x21, 0xf2, 0x21, 0xf2, 0x01, 0xea, 0xa1, 0xe9, 0xc1, 0xe9,
    0xe1, 0xf1, 0x21, 0xf2, 0x41, 0xf2, 0x61, 0xf2, 0x81, 0xf2, 0x61, 0xf2,
    0x21, 0xf2, 0xc1, 0xe9, 0x80, 0xe9, 0x40, 0xe1, 0x00, 0xd9, 0xe0, 0xc8,
    0xc0, 0xc0, 0xa0, 0xb8, 0xa0, 0xb0, 0xa0, 0xa8, 0xc1, 0x98, 0xc0, 0xe3,
    0x60, 0xf4, 0x60, 0xf4, 0x40, 0xfc, 0x20, 0xf4, 0x00, 0xf4, 0xc0, 0xf3,
    0x80, 0xf3, 0x60, 0xf3, 0x00, 0xeb, 0x00, 0xeb, 0xe0, 0xe2, 0xc0, 0xe2,
    0xc0, 0xe2, 0xa0, 0xe2, 0xa0, 0xe2, 0xa0, 0xda, 0x80, 0xda, 0x81, 0xca,
    0x01, 0xbb, 0xa2, 0xc3, 0x82, 0xc3, 0x82, 0xc3, 0x82, 0xc3, 0x61, 0xc3,
    0x80, 0xd2, 0x80, 0xd2, 0x80, 0xda, 0xa0, 0xda, 0xa0, 0xe2, 0xa0, 0xe2,
    0xa0, 0xda, 0xc0, 0xe2, 0xc0, 0xe2, 0xa0, 0xe2, 0xa0, 0xe2, 0xa0, 0xe2,
    0x80, 0xda, 0x60, 0xda, 0xe1, 0xc1, 0x82, 0x80, 0xa3, 0x80, 0xa3, 0x88,
    0xc3, 0x88, 0xc3, 0x90, 0xc3, 0x90, 0xc3, 0x98, 0xe3, 0x98, 0xe4, 0x98,
    0xe4, 0xa0, 0xe3, 0xa0, 0xe3, 0xa8, 0x52, 0x74, 0x5a, 0x56, 0x3a, 0x56,
    0x1a, 0x5e, 0x3a, 0x5e, 0x3b, 0x5e, 0x3a, 0x5e, 0x1a, 0x5e, 0x3b, 0x5e,
    0x1a, 0x5e, 0x3a, 0x5e, 0x3b, 0x5e, 0x3a, 0x56, 0x3a, 0x5e, 0x3b, 0x5e,
    0x1a, 0x5e, 0x1a, 0x5e, 0x3a, 0x5e, 0xd8, 0x55, 0x32, 0x4d, 0xef, 0x44,
    0xcf, 0x44, 0xd0, 0x44, 0xcf, 0x3c, 0xcf, 0x3c, 0xd0, 0x44, 0xcf, 0x3c,
    0xcf, 0x3c, 0xcf, 0x3c, 0xaf, 0x3c, 0xaf, 0x3c, 0xaf, 0x3c, 0xaf, 0x3c,
    0xb0, 0x3c, 0xaf, 0x3c, 0xaf, 0x3c, 0x8f, 0x34, 0x8f, 0x34, 0x8f, 0x3c,
    0x8f, 0x34, 0x8f, 0x34, 0x6f, 0x3c, 0x8f, 0x34, 0x70, 0x34, 0x70, 0x3c,
    0x70, 0x34, 0x68, 0x83, 0x07, 0x9b, 0xe6, 0x9a, 0x06, 0xa3, 0x06, 0xa3,
    0xe6, 0x9a, 0x06, 0xa3, 0xe6, 0xa2, 0x06, 0xa3, 0xe5, 0xa2, 0x06, 0xa3,
    0x06, 0xa3, 0x06, 0xa3, 0xe5, 0xa2, 0xe6, 0xa2, 0xe5, 0x9a, 0xa6, 0x9a,
    0x5a, 0x6e, 0x5b, 0x6e, 0x5a, 0x6e, 0x5b, 0x6e, 0x7b, 0x6e, 0x5a, 0x6e,
    0x7b, 0x6e, 0x7b, 0x6e, 0x7a, 0x76, 0x7b, 0x76, 0x7a, 0x76, 0x7b, 0x76,
    0x7b, 0x7e, 0x9a, 0x7e, 0x9b, 0x7e, 0x7a, 0x7e, 0x7b, 0x7e, 0x9b, 0x7e,
    0x9a, 0x7e, 0x9a, 0x7e, 0x7b, 0x7e, 0x7b, 0x7e, 0x7b, 0x7e, 0x9a, 0x7e,
    0x9b, 0x7e, 0x7a, 0x7e, 0x7b, 0x76, 0x9b, 0x7e, 0x9a, 0x76, 0x7b, 0x7e,
    0x7b, 0x76, 0x9b, 0x7e, 0x7a, 0x76, 0x7b, 0x76, 0x7a, 0x76, 0x7b, 0x76,
    0x5b, 0x6e, 0x5a, 0x66, 0x5b, 0x66, 0x3a, 0x5e, 0x3a, 0x66, 0x3a, 0x5e,
    0x5b, 0x66, 0x3a, 0x5e, 0x3b, 0x66, 0x5a, 0x5e, 0x3a, 0x66, 0x3b, 0x5e,
    0x3a, 0x5e, 0x3a, 0x5e, 0x3b, 0x5e, 0x3a, 0x5e, 0x3a, 0x5e, 0x3a, 0x5e,
    0x3b, 0x5e, 0x3b, 0x5e, 0x3b, 0x5e, 0x3a, 0x5e, 0x3a, 0x5e, 0x3a, 0x5e,
    0x3a, 0x5e, 0x3a, 0x5e, 0x1a, 0x5e, 0x3a, 0x5e, 0x3b, 0x5e, 0x3a, 0x5e,
    0x3a, 0x5e, 0x1a, 0x5e, 0x1b, 0x5e, 0x3a, 0x5e, 0x3a, 0x5e, 0x3a, 0x5e,
    0x3a, 0x5e, 0x3a, 0x5e, 0x3a, 0x5e, 0x1a, 0x5e, 0x1a, 0x56, 0x3b, 0x5e,
    0x1a, 0x5e, 0x3a, 0x5e, 0x3a, 0x5e, 0x1b, 0x56, 0x1a, 0x56, 0x3a, 0x5e,
    0x1a, 0x5e, 0x1a, 0x5e, 0x3a, 0x5e, 0x3a, 0x5e, 0x1a, 0x5e, 0x3a, 0x5e,
    0x1a, 0x56, 0x0d, 0xa4, 0x80, 0xf3, 0xe0, 0xf3, 0x00, 0xf4, 0x20, 0xfc,
    0x60, 0xa1, 0x60, 0x78, 0xc0, 0xb8, 0x20, 0xd1, 0x80, 0xe1, 0xc0, 0xe9,
    0x21, 0xf2, 0x41, 0xf2, 0x61, 0xf2, 0x21, 0xf2, 0x21, 0xf2, 0x21, 0xf2,
    0x41, 0xf2, 0x82, 0xf2, 0xa2, 0xf2, 0xa2, 0xf2, 0x82, 0xf2, 0x42, 0xf2,
    0xe1, 0xe9, 0xa0, 0xe9, 0x40, 0xe1, 0x20, 0xd9, 0xe0, 0xc8, 0xc0, 0xc0,
    0xa0, 0xb8, 0xa1, 0xb0, 0xa0, 0xa8, 0x21, 0x99, 0x40, 0xe4, 0x60, 0xf4,
    0x60, 0xfc, 0x40, 0xf4, 0x00, 0xf4, 0xe0, 0xf3, 0xc0, 0xf3, 0xa0, 0xf3,
    0x40, 0xeb, 0x00, 0xeb, 0xe0, 0xea, 0xe0, 0xe2, 0xc0, 0xe2, 0xa0, 0xe2,
    0xa0, 0xe2, 0xa0, 0xda, 0x80, 0xda, 0x81, 0xca, 0x42, 0xbb, 0xc2, 0xc3,
    0xa2, 0xc3, 0xa2, 0xc3, 0xa2, 0xc3, 0xa2, 0xc3, 0xa2, 0xc3, 0x61, 0xcb,
    0x80, 0xd2, 0xa0, 0xda, 0xa0, 0xda, 0xc0, 0xda, 0xc0, 0xe2, 0xc1, 0xe2,
    0xc0, 0xda, 0xc0, 0xe2, 0xc0, 0xe2, 0xc0, 0xe2, 0xa0, 0xe2, 0xa0, 0xe2,
    0x80, 0xda, 0x80, 0xda, 0xc1, 0xc1, 0xa2, 0x80, 0xa3, 0x80, 0xc3, 0x88,
    0xc3, 0x88, 0xc3, 0x90, 0xc3, 0x90, 0xe3, 0x98, 0xe4, 0x98, 0xe4, 0x98,
    0xe3, 0xa0, 0x04, 0xa1, 0xb4, 0x6c, 0x3b, 0x56, 0x1a, 0x56, 0x3a, 0x5e,
    0x3b, 0x5e, 0x1a, 0x5e, 0x3a, 0x5e, 0x3b, 0x5e, 0x3a, 0x5e, 0x3a, 0x5e,
    0x3a, 0x5e, 0x1b, 0x5e, 0x3a, 0x5e, 0x1a, 0x5e, 0x3a, 0x5e, 0x1a, 0x5e,
    0x3a, 0x5e, 0x3a, 0x5e, 0x19, 0x56, 0x95, 0x4d, 0xf0, 0x44, 0xef, 0x44,
    0xef, 0x44, 0xcf, 0x44, 0xcf, 0x3c, 0xcf, 0x3c, 0xcf, 0x44, 0xcf, 0x3c,
    0xb0, 0x44, 0xaf, 0x44, 0xcf, 0x3c, 0xd0, 0x3c, 0xaf, 0x3c, 0xaf, 0x3c,
    0xaf, 0x3c, 0xaf, 0x3c, 0xb0, 0x3c, 0x90, 0x3c, 0x8f, 0x34, 0x90, 0x3c,
    0x8f, 0x34, 0x90, 0x3c, 0x6f, 0x34, 0x6f, 0x34, 0x6f, 0x34, 0x8f, 0x3c,
    0x70, 0x34, 0x48, 0x8b, 0x07, 0x9b, 0x06, 0xa3, 0x06, 0xa3, 0x07, 0xa3,
    0x06, 0xa3, 0x06, 0xa3, 0x06, 0xa3, 0x06, 0xa3, 0x06, 0xa3, 0xe6, 0x9a,
    0xe5, 0xa2, 0xe6, 0xa2, 0xe5, 0xa2, 0xe6, 0x9a, 0xe6, 0x9a, 0xa5, 0x9a,
    0x5b, 0x6e, 0x5a, 0x6e, 0x5b, 0x6e, 0x5a, 0x6e, 0x5a, 0x66, 0x5a, 0x66,
    0x5a, 0x6e, 0x5b, 0x6e, 0x5a, 0x66, 0x5b, 0x6e, 0x5b, 0x6e, 0x5a, 0x6e,
    0x7b, 0x6e, 0x7b, 0x76, 0x7a, 0x76, 0x7b, 0x76, 0x7a, 0x7e, 0x9b, 0x7e,
    0x7b, 0x7e, 0x7b, 0x76, 0x7b, 0x7e, 0x7a, 0x7e, 0x7b, 0x76, 0x7a, 0x76,
    0x7b, 0x7e, 0x7b, 0x76, 0x7a, 0x76, 0x7b, 0x76, 0x7b, 0x76, 0x7a, 0x76,
    0x7a, 0x76, 0x7b, 0x76, 0x7b, 0x76, 0x7a, 0x76, 0x7b, 0x76, 0x5a, 0x76,
    0x5a, 0x6e, 0x5b, 0x66, 0x5a, 0x66, 0x3b, 0x66, 0x5b, 0x5e, 0x5b, 0x66,
    0x3a, 0x5e, 0x5a, 0x66, 0x3a, 0x5e, 0x5a, 0x5e, 0x5a, 0x5e, 0x3a, 0x66,
    0x5b, 0x5e, 0x3a, 0x5e, 0x3a, 0x5e, 0x3a, 0x5e, 0x3a, 0x5e, 0x3a, 0x5e,
    0x3a, 0x5e, 0x3a, 0x5e, 0x3a, 0x5e, 0x3a, 0x5e, 0x3a, 0x5e, 0x3b, 0x5e,
    0x3a, 0x5e, 0x3b, 0x5e, 0x3a, 0x5e, 0x1a, 0x5e, 0x3a, 0x5e, 0x1a, 0x5e,
    0x3a, 0x5e, 0x3a, 0x5e, 0x1a, 0x5e, 0x3a, 0x5e, 0x3a, 0x5e, 0x1a, 0x5e,
    0x1a, 0x5e, 0x1a, 0x5e, 0x3a, 0x5e, 0x3a, 0x5e, 0x3a, 0x5e, 0x3a, 0x5e,
    0x3a, 0x5e, 0x1a, 0x5e, 0x3b, 0x5e, 0x1a, 0x5e, 0x3a, 0x5e, 0x3a, 0x5e,
    0x3a, 0x5e, 0x3a, 0x56, 0x3a, 0x5e, 0x1a, 0x5e, 0x3a, 0x56, 0x1a, 0x5e,
    0x5b, 0x56, 0x25, 0xdb, 0xa0, 0xf3, 0xe0, 0xfb, 0x20, 0xf4, 0x40, 0xfc,
    0x81, 0xa1, 0x80, 0x80, 0x00, 0xc9, 0x21, 0xd9, 0x80, 0xe9, 0x01, 0xea,
    0x41, 0xf2, 0x62, 0xf2, 0x61, 0xf2, 0x41, 0xf2, 0x62, 0xf2, 0x82, 0xf2,
    0xa2, 0xf2, 0xc2, 0xf2, 0xc2, 0xf2, 0x82, 0xf2, 0x61, 0xf2, 0x01, 0xf2,
    0xa0, 0xe9, 0x40, 0xe1, 0x20, 0xd9, 0xe0, 0xd0, 0xc1, 0xc0, 0xc0, 0xb0,
    0xa0, 0xa8, 0xa0, 0xa0, 0xa1, 0xa9, 0xa1, 0xf4, 0x60, 0xf4, 0x60, 0xf4,
    0x40, 0xfc, 0x00, 0xf4, 0xe0, 0xf3, 0xa0, 0xf3, 0x80, 0xf3, 0x40, 0xeb,
    0x00, 0xeb, 0xe0, 0xe2, 0xe0, 0xe2, 0xc0, 0xe2, 0xa0, 0xe2, 0xa1, 0xe2,
    0x80, 0xda, 0xa1, 0xca, 0x62, 0xbb, 0xa2, 0xc3, 0xa2, 0xc3, 0xa2, 0xc3,
    0xa2, 0xc3, 0xa2, 0xc3, 0x81, 0xc3, 0xa2, 0xc3, 0xa2, 0xc3, 0x21, 0xcb,
    0xc0, 0xda, 0xc0, 0xda, 0xc0, 0xe2, 0xc0, 0xe2, 0xc0, 0xe2, 0xc0, 0xe2,
    0xc0, 0xe2, 0xe0, 0xe2, 0xc0, 0xe2, 0xc1, 0xe2, 0xa0, 0xe2, 0x80, 0xe2,
    0x80, 0xda, 0x80, 0xda, 0xe1, 0xc1, 0x83, 0x80, 0xa3, 0x80, 0xc3, 0x88,
    0xc3, 0x90, 0xc3, 0x90, 0xc3, 0x90, 0xe3, 0x98, 0xe4, 0x98, 0xc3, 0x98,
    0xa7, 0x99, 0xd8, 0x5d, 0x3a, 0x5e, 0x1a, 0x56, 0x3a, 0x5e, 0x3b, 0x5e,
    0x3a, 0x5e, 0x3b, 0x56, 0x1a, 0x5e, 0x3a, 0x5e, 0x3a, 0x5e, 0x1a, 0x5e,
    0x3a, 0x5e, 0x1a, 0x5e, 0x3a, 0x5e, 0x3b, 0x5e, 0x3a, 0x5e, 0x1a, 0x5e,
    0xf9, 0x55, 0xb7, 0x4d, 0x96, 0x4d, 0x32, 0x4d, 0xcf, 0x3c, 0xef, 0x44,
    0xcf, 0x3c, 0xcf, 0x44, 0xd0, 0x44, 0xcf, 0x3c, 0xcf, 0x3c, 0xaf, 0x44,
    0xcf, 0x3c, 0xaf, 0x3c, 0xaf, 0x3c, 0xb0, 0x44, 0xb0, 0x3c, 0xaf, 0x3c,
    0x8f, 0x3c, 0xaf, 0x3c, 0x90, 0x34, 0x8f, 0x34, 0x8f, 0x3c, 0x8f, 0x3c,
    0x6f, 0x34, 0x6f, 0x34, 0x90, 0x34, 0x70, 0x3c, 0x8f, 0x34, 0x6f, 0x34,
    0x8f, 0x34, 0x27, 0x8b, 0x06, 0x9b, 0x06, 0x9b, 0xe6, 0x9a, 0xe6, 0xa2,
    0x06, 0xa3, 0xe6, 0xa2, 0xe6, 0xa2, 0xe5, 0x9a, 0x06, 0xa3, 0xe6, 0xa2,
    0xe5, 0xa2, 0xe6, 0xa2, 0xe5, 0x9a, 0xe6, 0x9a, 0xc6, 0x9a, 0xa5, 0x92,
    0x5a, 0x6e, 0x5a, 0x6e, 0x5b, 0x6e, 0x5a, 0x66, 0x5b, 0x66, 0x5b, 0x66,
    0x5a, 0x66, 0x5b, 0x66, 0x5a, 0x66, 0x5a, 0x66, 0x5a, 0x66, 0x5a, 0x66,
    0x5b, 0x66, 0x5a, 0x6e, 0x7a, 0x6e, 0x5a, 0x6e, 0x7b, 0x6e, 0x7a, 0x76,
    0x5a, 0x76, 0x7b, 0x76, 0x7a, 0x76, 0x7a, 0x76, 0x7b, 0x76, 0x7a, 0x76,
    0x7a, 0x76, 0x7b, 0x76, 0x7a, 0x76, 0x7a, 0x76, 0x7b, 0x76, 0x7a, 0x76,
    0x7a, 0x76, 0x7b, 0x76, 0x7a, 0x76, 0x5a, 0x76, 0x5a, 0x6e, 0x7b, 0x6e,
    0x5a, 0x6e, 0x3a, 0x66, 0x3a, 0x66, 0x5a, 0x66, 0x3a, 0x66, 0x3a, 0x5e,
    0x3a, 0x5e, 0x5a, 0x66, 0x3b, 0x5e, 0x3a, 0x5e, 0x5a, 0x66, 0x3a, 0x5e,
    0x3a, 0x5e, 0x5a, 0x5e, 0x3b, 0x66, 0x3a, 0x5e, 0x3a, 0x5e, 0x3b, 0x5e,
    0x3a, 0x5e, 0x3a, 0x5e, 0x3a, 0x5e, 0x3a, 0x5e, 0x3a, 0x5e, 0x3a, 0x5e,
    0x3a, 0x5e, 0x3a, 0x5e, 0x3b, 0x5e, 0x3a, 0x5e, 0x3a, 0x5e, 0x3a, 0x5e,
    0x3a, 0x5e, 0x3a, 0x5e, 0x3a, 0x5e, 0x3a, 0x5e, 0x3a, 0x5e, 0x1a, 0x5e,
    0x3a, 0x5e, 0x3a, 0x5e, 0x3a, 0x5e, 0x3a, 0x5e, 0x3a, 0x5e, 0x3a, 0x5e,
    0x3a, 0x5e, 0x3a, 0x5e, 0x3a, 0x5e, 0x3a, 0x5e, 0x1a, 0x5e, 0x3a, 0x5e,
    0x3a, 0x5e, 0x3a, 0x5e, 0x3a, 0x5e, 0x3b, 0x5e, 0x3a, 0x5e, 0x3a, 0x5e,
    0x39, 0x5e, 0x02, 0xeb, 0xa0, 0xf3, 0xe0, 0xf3, 0x20, 0xfc, 0x20, 0xf4,
    0xc0, 0xa9, 0x80, 0x90, 0x00, 0xd1, 0x60, 0xe1, 0xc0, 0xe9, 0x01, 0xf2,
    0x41, 0xf2, 0x62, 0xf2, 0x82, 0xf2, 0x61, 0xf2, 0x82, 0xf2, 0xa2, 0xfa,
    0xc2, 0xfa, 0xc2, 0xf2, 0x82, 0xfa, 0x41, 0xf2, 0xe1, 0xf1, 0xc0, 0xe9,
    0x60, 0xe1, 0x00, 0xd9, 0xe0, 0xd0, 0xc0, 0xc0, 0xa0, 0xb0, 0xa1, 0xa8,
    0xa0, 0xa0, 0xa0, 0xba, 0xa0, 0xf4, 0x60, 0xfc, 0x60, 0xf4, 0x40, 0xf4,
    0x20, 0xfc, 0xc0, 0xf3, 0xa0, 0xf3, 0x60, 0xf3, 0x20, 0xeb, 0x00, 0xeb,
    0xe0, 0xea, 0xe0, 0xe2, 0xc0, 0xe2, 0xc0, 0xe2, 0xa0, 0xe2, 0x81, 0xca,
    0x42, 0xc3, 0xc2, 0xc3, 0xa2, 0xc3, 0xa2, 0xc3, 0xc2, 0xc3, 0xa2, 0xc3,
    0x81, 0xc3, 0xa2, 0xc3, 0xa2, 0xc3, 0xc1, 0xcb, 0x02, 0xcc, 0x21, 0xd3,
    0xc0, 0xda, 0xe0, 0xda, 0xe0, 0xe2, 0xe1, 0xe2, 0xe0, 0xe2, 0x00, 0xe3,
    0xe0, 0xe2, 0xc0, 0xe2, 0xe0, 0xe2, 0xc0, 0xe2, 0xa0, 0xe2, 0xa0, 0xe2,
    0x80, 0xda, 0x80, 0xda, 0xe1, 0xc1, 0x83, 0x80, 0xa2, 0x80, 0xc3, 0x88,
    0xc3, 0x88, 0xc3, 0x90, 0xc3, 0x90, 0xe4, 0x98, 0x04, 0x91, 0xaf, 0x73,
    0x5b, 0x56, 0x1a, 0x5e, 0x1a, 0x5e, 0x3b, 0x56, 0x1a, 0x5e, 0x3a, 0x5e,
    0x3a, 0x56, 0x3b, 0x5e, 0x3a, 0x5e, 0x3b, 0x5e, 0x3a, 0x56, 0x3a, 0x5e,
    0x3b, 0x5e, 0x1a, 0x56, 0x3a, 0x56, 0x1a, 0x5e, 0x1a, 0x5e, 0xd8, 0x55,
    0x53, 0x45, 0x11, 0x45, 0x10, 0x45, 0xcf, 0x44, 0xaf, 0x44, 0xaf, 0x44,
    0xcf, 0x3c, 0xaf, 0x3c, 0xaf, 0x3c, 0xaf, 0x3c, 0xaf, 0x3c, 0xb0, 0x3c,
    0xcf, 0x3c, 0xaf, 0x3c, 0xaf, 0x3c, 0xaf, 0x3c, 0xaf, 0x3c, 0xb0, 0x3c,
    0xb0, 0x3c, 0x8f, 0x3c, 0x90, 0x3c, 0x90, 0x3c, 0x8f, 0x34, 0x90, 0x3c,
    0x90, 0x3c, 0x8f, 0x34, 0x6f, 0x3c, 0x6f, 0x34, 0x8f, 0x3c, 0x6f, 0x34,
    0x70, 0x34, 0x27, 0x93, 0xe7, 0x9a, 0x06, 0xa3, 0xe6, 0xa2, 0xe6, 0x9a,
    0xe6, 0x9a, 0x06, 0xa3, 0xe6, 0xa2, 0xe5, 0xa2, 0xe6, 0xa2, 0xe5, 0x9a,
    0xe6, 0xa2, 0xe5, 0xa2, 0xe5, 0x9a, 0xe6, 0xa2, 0xc5, 0x9a, 0xa6, 0x9a,
    0x5a, 0x6e, 0x5b, 0x6e, 0x5b, 0x6e, 0x5b, 0x66, 0x5a, 0x6e, 0x5b, 0x6e,
    0x5b, 0x66, 0x5a, 0x66, 0x5b, 0x66, 0x5b, 0x66, 0x5a, 0x66, 0x5b, 0x66,
    0x5b, 0x66, 0x5a, 0x66, 0x5a, 0x66, 0x5b, 0x66, 0x5a, 0x6e, 0x5a, 0x66,
    0x5b, 0x6e, 0x7b, 0x6e, 0x5a, 0x6e, 0x7b, 0x6e, 0x7b, 0x6e, 0x5a, 0x6e,
    0x7b, 0x6e, 0x5a, 0x6e, 0x5a, 0x6e, 0x7b, 0x6e, 0x7b, 0x76, 0x7a, 0x76,
    0x7b, 0x76, 0x7b, 0x76, 0x7a, 0x76, 0x5b, 0x76, 0x5a, 0x6e, 0x5b, 0x6e,
    0x5a, 0x66, 0x3a, 0x66, 0x5b, 0x66, 0x5b, 0x66, 0x3a, 0x5e, 0x5a, 0x66,
    0x3b, 0x66, 0x3a, 0x5e, 0x5a, 0x5e, 0x3b, 0x5e, 0x3a, 0x5e, 0x3b, 0x5e,
    0x3a, 0x5e, 0x3a, 0x66, 0x3a, 0x5e, 0x5b, 0x5e, 0x3a, 0x5e, 0x3a, 0x5e,
    0x3a, 0x5e, 0x3a, 0x5e, 0x3a, 0x5e, 0x3a, 0x5e, 0x3b, 0x5e, 0x3a, 0x5e,
    0x1a, 0x5e, 0x3a, 0x5e, 0x3a, 0x5e, 0x3a, 0x5e, 0x3a, 0x5e, 0x3b, 0x5e,
    0x1a, 0x5e, 0x3a, 0x5e, 0x3a, 0x5e, 0x3a, 0x5e, 0x3a, 0x5e, 0x3a, 0x5e,
    0x3a, 0x5e, 0x1a, 0x5e, 0x3a, 0x5e, 0x1a, 0x5e, 0x3a, 0x5e, 0x3a, 0x5e,
    0x3a, 0x5e, 0x3a, 0x5e, 0x3a, 0x5e, 0x3a, 0x5e, 0x3a, 0x5e, 0x3a, 0x5e,
    0x1a, 0x5e, 0x3a, 0x5e, 0x3a, 0x5e, 0x1a, 0x56, 0x3a, 0x5e, 0x3a, 0x5e,
    0xf9, 0x65, 0xe0, 0xf2, 0xa0, 0xf3, 0xc0, 0xf3, 0x20, 0xfc, 0x20, 0xf4,
    0x00, 0xcb, 0x80, 0x98, 0x01, 0xd1, 0x60, 0xe1, 0xa0, 0xe9, 0x01, 0xf2,
    0x41, 0xf2, 0x61, 0xf2, 0x61, 0xf2, 0x81, 0xf2, 0x82, 0xfa, 0xa2, 0xf2,
    0xa2, 0xf2, 0x82, 0xf2, 0x42, 0xf2, 0x01, 0xf2, 0xa0, 0xe9, 0x60, 0xe1,
    0x20, 0xd9, 0xe0, 0xc8, 0xc0, 0xc0, 0xa0, 0xb8, 0xa0, 0xa8, 0x00, 0xa1,
    0xe1, 0xe3, 0x81, 0xfc, 0x80, 0xf4, 0x60, 0xf4, 0x40, 0xf4, 0x20, 0xf4,
    0xe0, 0xf3, 0x80, 0xf3, 0x60, 0xf3, 0x20, 0xeb, 0x00, 0xeb, 0xe0, 0xea,
    0xe0, 0xe2, 0xc0, 0xe2, 0xa1, 0xe2, 0x60, 0xda, 0x01, 0xc3, 0xc2, 0xc3,
    0xc2, 0xc3, 0xc2, 0xcb, 0xc2, 0xcb, 0xc2, 0xc3, 0xa2, 0xcb, 0xa2, 0xc3,
    0xa2, 0xcb, 0xa1, 0xc3, 0xc2, 0xcb, 0xe2, 0xcb, 0x22, 0xd4, 0x00, 0xdb,
    0xe0, 0xe2, 0xe0, 0xe2, 0x00, 0xe3, 0x00, 0xe3, 0x00, 0xeb, 0x00, 0xeb,
    0x00, 0xeb, 0x00, 0xeb, 0xe0, 0xea, 0xe0, 0xe2, 0xc0, 0xe2, 0xa0, 0xe2,
    0x80, 0xe2, 0x81, 0xda, 0x20, 0xca, 0xa2, 0x80, 0xa3, 0x88, 0xc3, 0x88,
    0xa3, 0x88, 0xa3, 0x90, 0x25, 0x91, 0x6e, 0x73, 0x3a, 0x5e, 0x3b, 0x56,
    0x3a, 0x56, 0x3a, 0x5e, 0x1a, 0x5e, 0x3a, 0x56, 0x3b, 0x5e, 0x3a, 0x5e,
    0x3a, 0x5e, 0x3a, 0x5e, 0x3b, 0x5e, 0x1a, 0x5e, 0x3a, 0x5e, 0x3b, 0x5e,
    0x3a, 0x5e, 0x3a, 0x5e, 0x1a, 0x5e, 0x3a, 0x5e, 0xf8, 0x55, 0x52, 0x4d,
    0xf0, 0x44, 0xef, 0x44, 0xef, 0x44, 0xcf, 0x44, 0xcf, 0x44, 0xcf, 0x44,
    0xaf, 0x3c, 0xaf, 0x44, 0xaf, 0x3c, 0xaf, 0x3c, 0xaf, 0x3c, 0xaf, 0x3c,
    0xb0, 0x44, 0xaf, 0x3c, 0xb0, 0x3c, 0xaf, 0x3c, 0xaf, 0x3c, 0xaf, 0x3c,
    0x8f, 0x3c, 0x8f, 0x3c, 0x8f, 0x3c, 0x90, 0x34, 0x8f, 0x3c, 0x90, 0x34,
    0x8f, 0x34, 0x6f, 0x34, 0x6f, 0x34, 0x70, 0x34, 0x70, 0x34, 0x6f, 0x34,
    0x70, 0x34, 0x27, 0x93, 0xe6, 0x9a, 0x06, 0x9b, 0x06, 0xa3, 0xe6, 0x9a,
    0x06, 0xa3, 0x06, 0xa3, 0x06, 0xa3, 0xe6, 0x9a, 0x06, 0xa3, 0x06, 0xa3,
    0xe6, 0xa2, 0xe5, 0xa2, 0xe6, 0xa2, 0xc6, 0x9a, 0xa5, 0x9a, 0xc6, 0x9a,
    0x9c, 0x6e, 0x5a, 0x66, 0x7a, 0x6e, 0x5a, 0x66, 0x5b, 0x66, 0x5a, 0x6e,
    0x5a, 0x6e, 0x5a, 0x66, 0x5b, 0x66, 0x5a, 0x66, 0x5a, 0x66, 0x5b, 0x66,
    0x5a, 0x66, 0x5a, 0x66, 0x5b, 0x66, 0x5a, 0x66, 0x5a, 0x66, 0x5b, 0x66,
    0x5a, 0x66, 0x5a, 0x66, 0x5b, 0x66, 0x5a, 0x6e, 0x5a, 0x6e, 0x5a, 0x6e,
    0x5b, 0x6e, 0x5a, 0x6e, 0x5a, 0x6e, 0x5a, 0x6e, 0x5a, 0x6e, 0x5a, 0x6e,
    0x5a, 0x6e, 0x5a, 0x76, 0x5b, 0x6e, 0x5a, 0x6e, 0x5a, 0x6e, 0x5b, 0x66,
    0x5a, 0x66, 0x5a, 0x66, 0x5b, 0x66, 0x5a, 0x66, 0x5b, 0x5e, 0x3b, 0x5e,
    0x5a, 0x66, 0x5a, 0x66, 0x3a, 0x66, 0x3a, 0x66, 0x3b, 0x5e, 0x5b, 0x5e,
    0x3a, 0x66, 0x3a, 0x5e, 0x3a, 0x5e, 0x5a, 0x5e, 0x3a, 0x66, 0x3a, 0x5e,
    0x3b, 0x5e, 0x3a, 0x5e, 0x3b, 0x5e, 0x3a, 0x5e, 0x3a, 0x5e, 0x3a, 0x5e,
    0x3a, 0x5e, 0x3a, 0x5e, 0x3a, 0x5e, 0x3a, 0x5e, 0x3a, 0x5e, 0x3a, 0x5e,
    0x1b, 0x5e, 0x3a, 0x5e, 0x3a, 0x5e, 0x1a, 0x5e, 0x3a, 0x5e, 0x3a, 0x5e,
    0x3a, 0x5e, 0x3a, 0x5e, 0x3a, 0x5e, 0x3a, 0x5e, 0x3a, 0x5e, 0x3a, 0x5e,
    0x1a, 0x5e, 0x1a, 0x5e, 0x3a, 0x5e, 0x3a, 0x5e, 0x3a, 0x5e, 0x3a, 0x5e,
    0x3a, 0x5e, 0x3a, 0x5e, 0x3a, 0x5e, 0x3a, 0x5e, 0x3a, 0x5e, 0x3b, 0x56,
    0x39, 0x5e, 0xe1, 0xf2, 0x80, 0xf3, 0xc0, 0xf3, 0x20, 0xfc, 0x20, 0xfc,
    0x21, 0xec, 0xa1, 0x90, 0x00, 0xc9, 0x41, 0xe1, 0x80, 0xe9, 0xe1, 0xe9,
    0x21, 0xf2, 0x61, 0xfa, 0x61, 0xf2, 0x61, 0xfa, 0x82, 0xf2, 0x82, 0xf2,
    0x61, 0xf2, 0x41, 0xf2, 0x01, 0xf2, 0xa1, 0xe9, 0x60, 0xe1, 0x00, 0xd1,
    0xe0, 0xc8, 0xc0, 0xc0, 0xa1, 0xb0, 0xa0, 0xa0, 0x40, 0xba, 0xa0, 0xf4,
    0x80, 0xfc, 0x80, 0xfc, 0x60, 0xf4, 0x40, 0xfc, 0x00, 0xf4, 0xc0, 0xf3,
    0x80, 0xf3, 0x40, 0xeb, 0x20, 0xeb, 0x00, 0xeb, 0xe0, 0xe2, 0xe0, 0xe2,
    0xc1, 0xe2, 0xa0, 0xe2, 0x61, 0xca, 0xa2, 0xc3, 0xc2, 0xc3, 0xa2, 0xcb,
    0xc2, 0xc3, 0xc2, 0xc3, 0xa2, 0xc3, 0xc2, 0xcb, 0xc2, 0xcb, 0xa1, 0xc3,
    0xc2, 0xcb, 0xc1, 0xcb, 0xe2, 0xcb, 0x22, 0xd4, 0x42, 0xdc, 0x00, 0xe3,
    0x00, 0xe3, 0x20, 0xe3, 0x20, 0xeb, 0x20, 0xeb, 0x20, 0xeb, 0x20, 0xeb,
    0x01, 0xeb, 0x00, 0xeb, 0x00, 0xeb, 0x00, 0xeb, 0xc0, 0xe2, 0xa0, 0xe2,
    0xa0, 0xe2, 0x80, 0xda, 0x60, 0xda, 0x83, 0x78, 0xa3, 0x80, 0xc3, 0x88,
    0xa3, 0x88, 0x31, 0x6c, 0x9b, 0x56, 0x1a, 0x5e, 0x3b, 0x5e, 0x3a, 0x5e,
    0x3a, 0x5e, 0x1a, 0x56, 0x3b, 0x5e, 0x1a, 0x5e, 0x3a, 0x56, 0x3b, 0x5e,
    0x3a, 0x5e, 0x3b, 0x5e, 0x3a, 0x5e, 0x3a, 0x5e, 0x1a, 0x5e, 0x3a, 0x5e,
    0x3a, 0x5e, 0x3a, 0x5e, 0x3b, 0x5e, 0x1a, 0x56, 0x95, 0x4d, 0xf0, 0x44,
    0x10, 0x45, 0xd0, 0x44, 0xcf, 0x44, 0xcf, 0x3c, 0xaf, 0x3c, 0xd0, 0x3c,
    0xcf, 0x3c, 0xaf, 0x3c, 0xaf, 0x44, 0xaf, 0x3c, 0xaf, 0x3c, 0xaf, 0x3c,
    0xaf, 0x3c, 0xaf, 0x3c, 0xaf, 0x3c, 0xb0, 0x3c, 0xaf, 0x3c, 0xb0, 0x3c,
    0x90, 0x3c, 0x8f, 0x3c, 0x8f, 0x34, 0x90, 0x3c, 0x8f, 0x34, 0x6f, 0x34,
    0x70, 0x34, 0x6f, 0x3c, 0x6f, 0x34, 0x70, 0x34, 0x6f, 0x34, 0x6f, 0x34,
    0x6f, 0x34, 0x27, 0x93, 0xe6, 0x9a, 0x06, 0xa3, 0xe6, 0x9a, 0xe6, 0xa2,
    0x06, 0xa3, 0x06, 0xa3, 0xe6, 0xa2, 0xe6, 0xa2, 0xe6, 0xa2, 0x06, 0xa3,
    0x06, 0xa3, 0xe6, 0xa2, 0xe5, 0x9a, 0xc5, 0x9a, 0xc6, 0x9a, 0xa5, 0x9a,
    0x3a, 0x6e, 0x5b, 0x6e, 0x5b, 0x6e, 0x5b, 0x6e, 0x5a, 0x66, 0x5a, 0x66,
    0x5b, 0x6e, 0x5b, 0x66, 0x5b, 0x66, 0x3a, 0x66, 0x3a, 0x66, 0x5a, 0x66,
    0x3b, 0x66, 0x5b, 0x66, 0x3a, 0x66, 0x5a, 0x66, 0x5b, 0x66, 0x5b, 0x66,
    0x5a, 0x66, 0x5a, 0x66, 0x5b, 0x66, 0x5a, 0x66, 0x5a, 0x66, 0x5b, 0x66,
    0x7a, 0x6e, 0x5a, 0x66, 0x5b, 0x6e, 0x7a, 0x6e, 0x5a, 0x6e, 0x5b, 0x6e,
    0x5a, 0x6e, 0x7b, 0x6e, 0x7a, 0x6e, 0x5a, 0x6e, 0x5b, 0x66, 0x5a, 0x66,
    0x5b, 0x66, 0x5a, 0x66, 0x5b, 0x66, 0x3a, 0x5e, 0x3a, 0x66, 0x5a, 0x5e,
    0x3a, 0x5e, 0x3b, 0x66, 0x3a, 0x5e, 0x5a, 0x5e, 0x3a, 0x66, 0x3a, 0x66,
    0x5a, 0x5e, 0x3b, 0x5e, 0x3a, 0x5e, 0x3a, 0x5e, 0x3b, 0x5e, 0x3a, 0x5e,
    0x3a, 0x5e, 0x3a, 0x5e, 0x3a, 0x5e, 0x3a, 0x5e, 0x3a, 0x5e, 0x3a, 0x5e,
    0x3b, 0x5e, 0x3b, 0x5e, 0x3a, 0x5e, 0x3b, 0x5e, 0x3a, 0x5e, 0x3a, 0x5e,
    0x3a, 0x5e, 0x3a, 0x5e, 0x3a, 0x5e, 0x3a, 0x5e, 0x1a, 0x5e, 0x1a, 0x5e,
    0x3a, 0x5e, 0x3a, 0x5e, 0x3a, 0x5e, 0x3a, 0x5e, 0x1a, 0x5e, 0x3a, 0x5e,
    0x3a, 0x5e, 0x3a, 0x5e, 0x3a, 0x5e, 0x3a, 0x5e, 0x3a, 0x5e, 0x3a, 0x5e,
    0x3a, 0x5e, 0x1a, 0x5e, 0x3b, 0x5e, 0x3a, 0x5e, 0x3a, 0x5e, 0x3a, 0x5e,
    0x3a, 0x56, 0xe3, 0xda, 0x80, 0xf3, 0xc0, 0xf3, 0x00, 0xf4, 0x20, 0xf4,
    0x60, 0xf4, 0xe1, 0xca, 0xc0, 0xc0, 0x40, 0xd9, 0x80, 0xe1, 0xc0, 0xe9,
    0x01, 0xf2, 0x41, 0xf2, 0x41, 0xf2, 0x41, 0xf2, 0x41, 0xf2, 0x61, 0xf2,
    0x21, 0xf2, 0xe1, 0xe9, 0x80, 0xe1, 0x40, 0xd9, 0x00, 0xd1, 0xe0, 0xc8,
    0xc0, 0xb8, 0xa1, 0xb0, 0x60, 0xa9, 0x00, 0xe4, 0x80, 0xfc, 0x80, 0xf4,
    0x60, 0xf4, 0x40, 0xf4, 0x20, 0xf4, 0x00, 0xf4, 0xc0, 0xf3, 0x80, 0xf3,
    0x40, 0xeb, 0x20, 0xeb, 0xe0, 0xe2, 0xc0, 0xe2, 0xe0, 0xe2, 0xc0, 0xe2,
    0x80, 0xda, 0xc1, 0xc2, 0xe2, 0xc3, 0xc2, 0xcb, 0xc2, 0xcb, 0xc2, 0xcb,
    0xc2, 0xcb, 0xc1, 0xc3, 0xc1, 0xc3, 0xc2, 0xcb, 0xc1, 0xc3, 0xc2, 0xcb,
    0xc2, 0xcb, 0x02, 0xd4, 0x42, 0xdc, 0x62, 0xdc, 0x41, 0xdc, 0x20, 0xeb,
    0x40, 0xeb, 0x40, 0xeb, 0x40, 0xeb, 0x20, 0xeb, 0x40, 0xeb, 0x20, 0xeb,
    0x20, 0xeb, 0x20, 0xeb, 0x00, 0xe3, 0xe1, 0xe2, 0xe0, 0xea, 0xc0, 0xe2,
    0xa0, 0xe2, 0x80, 0xe2, 0x80, 0xda, 0xa2, 0x80, 0xa3, 0x80, 0xa3, 0x88,
    0xa2, 0x90, 0xa3, 0x90, 0xe8, 0x89, 0xb8, 0x5d, 0x5b, 0x56, 0x1a, 0x5e,
    0x3a, 0x5e, 0x3a, 0x5e, 0x3a, 0x5e, 0x3a, 0x5e, 0x3a, 0x56, 0x1a, 0x5e,
    0x3a, 0x5e, 0x3a, 0x5e, 0x3a, 0x5e, 0x3b, 0x5e, 0x3a, 0x5e, 0x3a, 0x5e,
    0x1b, 0x5e, 0x3a, 0x5e, 0x3a, 0x5e, 0x1a, 0x56, 0x74, 0x4d, 0xf0, 0x44,
    0xf0, 0x44, 0xf0, 0x3c, 0x8f, 0x44, 0x24, 0xbc, 0x01, 0xec, 0xe1, 0xeb,
    0x05, 0xb4, 0x8e, 0x44, 0x8f, 0x3c, 0xaf, 0x3c, 0xaf, 0x3c, 0xaf, 0x3c,
    0xb0, 0x44, 0xb0, 0x3c, 0xaf, 0x3c, 0xaf, 0x3c, 0xaf, 0x3c, 0xaf, 0x3c,
    0x90, 0x3c, 0x90, 0x3c, 0x8f, 0x34, 0x8f, 0x3c, 0x70, 0x3c, 0x6f, 0x34,
    0x6f, 0x34, 0x70, 0x3c, 0x6f, 0x34, 0x6f, 0x3c, 0x6f, 0x3c, 0x6f, 0x34,
    0x6f, 0x34, 0x27, 0x9b, 0xe6, 0x9a, 0xe6, 0x9a, 0x06, 0xa3, 0x06, 0xa3,
    0x06, 0x9b, 0xe6, 0xa2, 0xe5, 0xa2, 0x05, 0xa3, 0xe6, 0x9a, 0xe6, 0xa2,
    0xe5, 0xa2, 0xe6, 0xa2, 0xe6, 0x9a, 0xc5, 0x9a, 0xa5, 0x9a, 0xa6, 0x92,
    0x14, 0x75, 0x5a, 0x6e, 0x7b, 0x66, 0x5a, 0x66, 0x5a, 0x66, 0x5b, 0x6e,
    0x5b, 0x66, 0x5a, 0x66, 0x5a, 0x66, 0x5b, 0x66, 0x3a, 0x66, 0x5a, 0x66,
    0x5a, 0x66, 0x5b, 0x66, 0x5a, 0x66, 0x5a, 0x66, 0x5b, 0x66, 0x5a, 0x66,
    0x5a, 0x66, 0x5a, 0x66, 0x5b, 0x66, 0x5a, 0x66, 0x5b, 0x66, 0x5a, 0x66,
    0x5a, 0x66, 0x5b, 0x66, 0x5a, 0x6e, 0x5a, 0x6e, 0x5b, 0x66, 0x5a, 0x6e,
    0x5b, 0x6e, 0x5a, 0x6e, 0x7a, 0x6e, 0x5b, 0x66, 0x5b, 0x66, 0x5a, 0x66,
    0x3a, 0x66, 0x5a, 0x66, 0x5b, 0x66, 0x5b, 0x66, 0x5a, 0x66, 0x3a, 0x5e,
    0x3a, 0x66, 0x5b, 0x5e, 0x5a, 0x5e, 0x3a, 0x5e, 0x5a, 0x66, 0x3b, 0x5e,
    0x3a, 0x5e, 0x5a, 0x5e, 0x5b, 0x66, 0x3a, 0x5e, 0x3a, 0x5e, 0x3a, 0x66,
    0x3a, 0x66, 0x3b, 0x5e, 0x3a, 0x5e, 0x3a, 0x5e, 0x3a, 0x5e, 0x3b, 0x5e,
    0x3a, 0x5e, 0x3a, 0x5e, 0x3a, 0x5e, 0x3a, 0x5e, 0x3a, 0x5e, 0x3a, 0x5e,
    0x3a, 0x5e, 0x3a, 0x5e, 0x3a, 0x5e, 0x3a, 0x5e, 0x3a, 0x5e, 0x3a, 0x5e,
    0x3a, 0x5e, 0x3a, 0x66, 0x3a, 0x5e, 0x3a, 0x5e, 0x3a, 0x66, 0x3a, 0x5e,
    0x3a, 0x5e, 0x3a, 0x5e, 0x3a, 0x5e, 0x3a, 0x66, 0x3a, 0x5e, 0x3a, 0x5e,
    0x3a, 0x5e, 0x3a, 0x5e, 0x3a, 0x5e, 0x3a, 0x5e, 0x3a, 0x5e, 0x3a, 0x5e,
    0x5b, 0x5e, 0x69, 0xb3, 0x60, 0xf3, 0x80, 0xf3, 0xe0, 0xf3, 0x20, 0xfc,
    0x40, 0xfc, 0xa0, 0xf4, 0xa0, 0xc1, 0x20, 0xd1, 0x60, 0xe1, 0x80, 0xe9,
    0xc0, 0xf1, 0xe1, 0xf1, 0x00, 0xf2, 0xe0, 0xf1, 0xe0, 0xf1, 0xc1, 0xe9,
    0x81, 0xe9, 0x40, 0xe1, 0x20, 0xd9, 0x00, 0xd1, 0xe0, 0xc8, 0xa0, 0xb8,
    0xe1, 0xb0, 0x40, 0xd3, 0xa0, 0xfc, 0x80, 0xfc, 0x81, 0xfc, 0x60, 0xf4,
    0x40, 0xf4, 0x20, 0xf4, 0xe0, 0xf3, 0xa0, 0xf3, 0x60, 0xf3, 0x40, 0xeb,
    0x00, 0xeb, 0xe0, 0xea, 0xe0, 0xea, 0xc0, 0xe2, 0xa1, 0xe2, 0x61, 0xc2,
    0xa2, 0xc3, 0xe2, 0xcb, 0xc1, 0xcb, 0xc2, 0xcb, 0xc2, 0xc3, 0xc2, 0xcb,
    0xc2, 0xc3, 0xc2, 0xcb, 0xc2, 0xcb, 0xc1, 0xc3, 0xc2, 0xcb, 0xc2, 0xcb,
    0xe2, 0xcb, 0x42, 0xdc, 0x81, 0xdc, 0x62, 0xe4, 0x21, 0xe4, 0x40, 0xeb,
    0x40, 0xeb, 0x40, 0xeb, 0x60, 0xeb, 0x40, 0xeb, 0x40, 0xeb, 0x40, 0xeb,
    0x20, 0xeb, 0x20, 0xeb, 0x00, 0xeb, 0x00, 0xeb, 0xe0, 0xea, 0xc0, 0xe2,
    0xa0, 0xe2, 0xa0, 0xe2, 0xa0, 0xe2, 0x02, 0x99, 0xa3, 0x88, 0xa3, 0x88,
    0xc3, 0x88, 0xc3, 0x90, 0xc3, 0x90, 0xa3, 0x98, 0xf0, 0x73, 0x5b, 0x56,
    0x1a, 0x5e, 0x3b, 0x5e, 0x1b, 0x5e, 0x3a, 0x5e, 0x3a, 0x5e, 0x3b, 0x5e,
    0x3b, 0x5e, 0x3a, 0x5e, 0x3a, 0x5e, 0x3b, 0x5e, 0x3a, 0x5e, 0x3a, 0x5e,
    0x3b, 0x5e, 0x1a, 0x5e, 0x3a, 0x5e, 0x1a, 0x5e, 0x74, 0x4d, 0xef, 0x44,
    0xf0, 0x3c, 0x8e, 0x54, 0x21, 0xe4, 0xa0, 0xfc, 0xe0, 0xfc, 0xc0, 0xfc,
    0xa0, 0xfc, 0xc1, 0xeb, 0x6d, 0x4c, 0xaf, 0x3c, 0x8f, 0x3c, 0xb0, 0x3c,
    0xaf, 0x3c, 0xaf, 0x3c, 0xaf, 0x3c, 0x8f, 0x3c, 0x8f, 0x3c, 0x8f, 0x3c,
    0x8f, 0x3c, 0x8f, 0x34, 0x70, 0x3c, 0x6f, 0x3c, 0x6f, 0x34, 0x70, 0x34,
    0x6f, 0x3c, 0x70, 0x34, 0x70, 0x34, 0x6f, 0x34, 0x6f, 0x34, 0x70, 0x34,
    0x70, 0x34, 0x27, 0x9b, 0xe6, 0x9a, 0x06, 0x9b, 0x06, 0xa3, 0xe6, 0x9a,
    0xe6, 0xa2, 0x06, 0xa3, 0xe6, 0x9a, 0xe6, 0xa2, 0xe5, 0xa2, 0xe6, 0x9a,
    0x05, 0xa3, 0xe6, 0x9a, 0xc5, 0x9a, 0xc6, 0x9a, 0xa6, 0x9a, 0xa5, 0x9a,
    0xce, 0x7b, 0x9b, 0x66, 0x5a, 0x6e, 0x5b, 0x6e, 0x5b, 0x66, 0x5a, 0x66,
    0x5a, 0x66, 0x5a, 0x66, 0x3a, 0x66, 0x5b, 0x66, 0x5b, 0x66, 0x5b, 0x66,
    0x5a, 0x66, 0x3a, 0x66, 0x5a, 0x66, 0x5b, 0x66, 0x3b, 0x66, 0x5a, 0x66,
    0x5a, 0x66, 0x3b, 0x66, 0x5a, 0x66, 0x5a, 0x6e, 0x5b, 0x6e, 0x5a, 0x6e,
    0x5a, 0x66, 0x5a, 0x66, 0x5a, 0x66, 0x5a, 0x66, 0x5b, 0x6e, 0x7a, 0x66,
    0x5a, 0x6e, 0x5b, 0x6e, 0x5a, 0x66, 0x5a, 0x6e, 0x5a, 0x66, 0x5a, 0x66,
    0x5a, 0x66, 0x3a, 0x66, 0x3a, 0x66, 0x3b, 0x5e, 0x5a, 0x5e, 0x3b, 0x66,
    0x3a, 0x66, 0x3a, 0x66, 0x5a, 0x66, 0x3a, 0x5e, 0x3b, 0x5e, 0x3a, 0x66,
    0x3a, 0x5e, 0x3a, 0x66, 0x3a, 0x5e, 0x3a, 0x5e, 0x3a, 0x5e, 0x3a, 0x5e,
    0x3a, 0x5e, 0x3a, 0x5e, 0x5b, 0x66, 0x3a, 0x5e, 0x3a, 0x5e, 0x3a, 0x5e,
    0x3a, 0x5e, 0x3a, 0x5e, 0x3a, 0x5e, 0x3a, 0x5e, 0x3a, 0x5e, 0x3a, 0x5e,
    0x3a, 0x5e, 0x3b, 0x5e, 0x3a, 0x5e, 0x3a, 0x66, 0x3b, 0x5e, 0x3b, 0x5e,
    0x3a, 0x5e, 0x53, 0x7d, 0x32, 0x8d, 0x95, 0x75, 0x5a, 0x5e, 0x3b, 0x5e,
    0x3b, 0x5e, 0x1a, 0x5e, 0x1a, 0x5e, 0x3a, 0x5e, 0x1a, 0x5e, 0x3a, 0x5e,
    0x3a, 0x5e, 0x3a, 0x5e, 0x1a, 0x5e, 0x3a, 0x5e, 0x3a, 0x5e, 0x3a, 0x5e,
    0x3a, 0x5e, 0x12, 0x7d, 0x00, 0xf3, 0x60, 0xf3, 0xe1, 0xf3, 0x20, 0xf4,
    0x40, 0xfc, 0x80, 0xfc, 0x80, 0xf4, 0xa0, 0xc9, 0x21, 0xd9, 0x40, 0xe1,
    0x60, 0xe1, 0x60, 0xe1, 0x80, 0xe9, 0x60, 0xe9, 0x40, 0xe1, 0x40, 0xe1,
    0x01, 0xd1, 0x00, 0xd1, 0xe0, 0xc0, 0xa1, 0xb8, 0x20, 0xb1, 0x20, 0xd3,
    0xc0, 0xf4, 0x80, 0xfc, 0x80, 0xfc, 0x80, 0xfc, 0x60, 0xf4, 0x20, 0xf4,
    0x00, 0xfc, 0xc0, 0xf3, 0xa0, 0xf3, 0x60, 0xf3, 0x40, 0xeb, 0x00, 0xeb,
    0xe0, 0xe2, 0xc0, 0xe2, 0xc0, 0xe2, 0x61, 0xd2, 0x21, 0xc3, 0x02, 0xcc,
    0xe2, 0xcb, 0xc1, 0xcb, 0xc2, 0xcb, 0xc2, 0xc3, 0xc1, 0xcb, 0xe1, 0xcb,
    0xc2, 0xcb, 0xc2, 0xcb, 0xc1, 0xcb, 0xc2, 0xcb, 0xc1, 0xcb, 0x01, 0xcc,
    0x62, 0xdc, 0xa2, 0xe4, 0xa2, 0xe4, 0xc2, 0xec, 0x21, 0xec, 0x60, 0xeb,
    0x80, 0xeb, 0x80, 0xeb, 0x61, 0xf3, 0x60, 0xeb, 0x60, 0xeb, 0x40, 0xeb,
    0x40, 0xeb, 0x40, 0xeb, 0x20, 0xeb, 0x00, 0xeb, 0x00, 0xe3, 0xc0, 0xe2,
    0xc1, 0xe2, 0xa0, 0xe2, 0xa0, 0xe2, 0xa1, 0xa9, 0x83, 0x80, 0xa3, 0x88,
    0xc3, 0x88, 0xc3, 0x90, 0xc3, 0x98, 0xa3, 0x98, 0xc3, 0x98, 0xec, 0x82,
    0x7b, 0x56, 0x3b, 0x56, 0x3a, 0x56, 0x1a, 0x5e, 0x3a, 0x56, 0x3a, 0x5e,
    0x1a, 0x5e, 0x1a, 0x5e, 0x3a, 0x5e, 0x1a, 0x5e, 0x3a, 0x5e, 0x1a, 0x5e,
    0x3a, 0x5e, 0x3a, 0x5e, 0x3a, 0x5e, 0xf9, 0x55, 0x34, 0x4d, 0xd0, 0x3c,
    0xce, 0x44, 0x02, 0xe4, 0xc0, 0xfc, 0x20, 0xfd, 0x40, 0xfd, 0x20, 0xfd,
    0xe0, 0xfc, 0x80, 0xf4, 0xe3, 0xdb, 0xb0, 0x34, 0x8f, 0x3c, 0x8f, 0x3c,
    0xaf, 0x3c, 0x8f, 0x3c, 0xb0, 0x3c, 0xb0, 0x3c, 0x8f, 0x3c, 0x8f, 0x3c,
    0x8f, 0x3c, 0x8f, 0x34, 0x8f, 0x3c, 0x6f, 0x3c, 0x6f, 0x3c, 0x70, 0x34,
    0x6f, 0x34, 0x6f, 0x3c, 0x6f, 0x34, 0x6f, 0x34, 0x70, 0x34, 0x6f, 0x3c,
    0x6f, 0x34, 0x06, 0x9b, 0x07, 0x9b, 0x06, 0x9b, 0xe6, 0xa2, 0xe6, 0x9a,
    0x06, 0xa3, 0xe6, 0xa2, 0x06, 0xa3, 0xe6, 0x9a, 0xe5, 0x9a, 0xe6, 0xa2,
    0xe5, 0xa2, 0xe5, 0xa2, 0xc5, 0x9a, 0xa5, 0x9a, 0xa5, 0x92, 0xa6, 0x9a,
    0xe9, 0x82, 0x9b, 0x66, 0x5b, 0x66, 0x5a, 0x6e, 0x5a, 0x66, 0x5b, 0x66,
    0x5a, 0x66, 0x5b, 0x66, 0x5b, 0x66, 0x5a, 0x66, 0x5b, 0x66, 0x5a, 0x66,
    0x5a, 0x66, 0x5a, 0x66, 0x5b, 0x66, 0x5a, 0x66, 0x5a, 0x66, 0x5a, 0x66,
    0x5b, 0x66, 0x5b, 0x66, 0x5a, 0x66, 0x5a, 0x66, 0x5b, 0x66, 0x5a, 0x66,
    0x5a, 0x66, 0x5b, 0x6e, 0x5a, 0x66, 0x5a, 0x66, 0x5a, 0x66, 0x5a, 0x66,
    0x5a, 0x6e, 0x5a, 0x66, 0x5a, 0x66, 0x5a, 0x66, 0x5a, 0x66, 0x5b, 0x66,
    0x5b, 0x66, 0x5a, 0x66, 0x3a, 0x66, 0x5a, 0x5e, 0x5a, 0x5e, 0x5a, 0x66,
    0x3a, 0x5e, 0x3a, 0x5e, 0x5a, 0x66, 0x5b, 0x66, 0x3a, 0x5e, 0x3a, 0x5e,
    0x3a, 0x66, 0x5a, 0x5e, 0x3a, 0x5e, 0x3a, 0x66, 0x5a, 0x66, 0x3b, 0x5e,
    0x3a, 0x5e, 0x3a, 0x5e, 0x3a, 0x5e, 0x3a, 0x66, 0x3a, 0x66, 0x3a, 0x5e,
    0x3a, 0x5e, 0x3a, 0x5e, 0x3a, 0x66, 0x3a, 0x5e, 0x3a, 0x5e, 0x3a, 0x5e,
    0x3a, 0x5e, 0x3a, 0x66, 0x3a, 0x5e, 0x3a, 0x5e, 0x5b, 0x56, 0xad, 0xa4,
    0x01, 0xf4, 0x60, 0xf4, 0x60, 0xf4, 0x20, 0xf4, 0xa1, 0xf3, 0x4a, 0xb4,
    0x19, 0x66, 0x3b, 0x5e, 0x3a, 0x5e, 0x3a, 0x5e, 0x3a, 0x5e, 0x3a, 0x66,
    0x3a, 0x5e, 0x3a, 0x5e, 0x3a, 0x5e, 0x3a, 0x5e, 0x3a, 0x5e, 0x3a, 0x5e,
    0x3a, 0x5e, 0x5a, 0x5e, 0xe5, 0xda, 0x61, 0xeb, 0x80, 0xf3, 0xe0, 0xf3,
    0x20, 0xf4, 0x60, 0xfc, 0x80, 0xfc, 0xc0, 0xfc, 0x01, 0xdb, 0x20, 0xc9,
    0xe0, 0xd0, 0x20, 0xd9, 0x21, 0xd9, 0x00, 0xd1, 0xc0, 0xd0, 0xa0, 0xc8,
    0x80, 0xb8, 0x40, 0xc1, 0xa0, 0xca, 0x20, 0xe4, 0xe0, 0xfc, 0x80, 0xfc,
    0xa0, 0xfc, 0x80, 0xf4, 0x60, 0xf4, 0x40, 0xf4, 0x20, 0xf4, 0xe0, 0xf3,
    0xc0, 0xf3, 0x80, 0xf3, 0x60, 0xf3, 0x20, 0xeb, 0xe0, 0xea, 0xc0, 0xe2,
    0xc0, 0xe2, 0x60, 0xda, 0xc1, 0xca, 0xe2, 0xcb, 0x02, 0xcc, 0x02, 0xcc,
    0xe2, 0xcb, 0xe2, 0xcb, 0xe2, 0xcb, 0xe2, 0xcb, 0xe2, 0xcb, 0xc2, 0xcb,
    0xe2, 0xcb, 0xe2, 0xcb, 0xe2, 0xcb, 0xe2, 0xcb, 0x22, 0xd4, 0x82, 0xdc,
    0xa2, 0xe4, 0xc1, 0xe4, 0xc2, 0xec, 0xe2, 0xec, 0xe1, 0xeb, 0xa0, 0xf3,
    0xa0, 0xf3, 0x80, 0xeb, 0x80, 0xf3, 0x80, 0xf3, 0x80, 0xf3, 0x60, 0xeb,
    0x40, 0xeb, 0x40, 0xeb, 0x20, 0xeb, 0x20, 0xeb, 0x00, 0xeb, 0xe0, 0xea,
    0xc0, 0xe2, 0xa0, 0xe2, 0xa0, 0xe2, 0x41, 0xca, 0x83, 0x80, 0xa3, 0x88,
    0xc3, 0x88, 0xc3, 0x90, 0xc3, 0x90, 0xc4, 0x98, 0xe4, 0x98, 0xc3, 0x98,
    0x8f, 0x7b, 0x5b, 0x56, 0x3a, 0x5e, 0x3a, 0x5e, 0x1a, 0x56, 0x3a, 0x5e,
    0x3a, 0x5e, 0x3b, 0x5e, 0x3a, 0x5e, 0x3a, 0x5e, 0x3b, 0x5e, 0x3a, 0x5e,
    0x3a, 0x5e, 0x1a, 0x5e, 0x19, 0x5e, 0xb7, 0x55, 0x32, 0x45, 0xf0, 0x3c,
    0xc7, 0xa3, 0xc0, 0xf4, 0x20, 0xfd, 0x60, 0xfd, 0x60, 0xfd, 0x40, 0xfd,
    0x20, 0xfd, 0xc0, 0xf4, 0x20, 0xf4, 0x29, 0x84, 0xaf, 0x34, 0x8f, 0x3c,
    0xb0, 0x3c, 0x90, 0x3c, 0xb0, 0x3c, 0xb0, 0x3c, 0xaf, 0x3c, 0x8f, 0x3c,
    0x90, 0x3c, 0x8f, 0x3c, 0x8f, 0x3c, 0x6f, 0x34, 0x70, 0x3c, 0x6f, 0x34,
    0x6f, 0x34, 0x6f, 0x3c, 0x6f, 0x34, 0x70, 0x3c, 0x6f, 0x3c, 0x6f, 0x34,
    0x70, 0x34, 0x06, 0xa3, 0xe6, 0x9a, 0xe6, 0xa2, 0xe6, 0x9a, 0xe6, 0xa2,
    0x06, 0xa3, 0x06, 0xa3, 0xe6, 0xa2, 0xe5, 0xa2, 0xe6, 0xa2, 0xe5, 0xa2,
    0xe6, 0xa2, 0xe6, 0x9a, 0xc6, 0x9a, 0xc6, 0x9a, 0xa5, 0x92, 0xa5, 0x92,
    0xc8, 0x8a, 0xd8, 0x6d, 0x5a, 0x6e, 0x5b, 0x66, 0x5a, 0x66, 0x5b, 0x66,
    0x5b, 0x6e, 0x5a, 0x66, 0x5a, 0x66, 0x5a, 0x66, 0x5a, 0x66, 0x3b, 0x66,
    0x5b, 0x66, 0x3a, 0x66, 0x5b, 0x66, 0x5b, 0x66, 0x3a, 0x66, 0x3a, 0x66,
    0x5a, 0x66, 0x5a, 0x66, 0x5b, 0x6e, 0x5a, 0x66, 0x5a, 0x66, 0x5a, 0x66,
    0x5b, 0x6e, 0x5a, 0x66, 0x5b, 0x6e, 0x5b, 0x6e, 0x5a, 0x66, 0x5a, 0x66,
    0x5b, 0x66, 0x5a, 0x66, 0x5a, 0x66, 0x5b, 0x66, 0x5a, 0x66, 0x3a, 0x66,
    0x5a, 0x66, 0x5b, 0x66, 0x5a, 0x66, 0x3b, 0x66, 0x5a, 0x66, 0x5b, 0x66,
    0x5a, 0x66, 0x5a, 0x5e, 0x3b, 0x5e, 0x3a, 0x5e, 0x5a, 0x5e, 0x3a, 0x66,
    0x3a, 0x5e, 0x5b, 0x5e, 0x5a, 0x66, 0x3a, 0x5e, 0x3a, 0x5e, 0x5a, 0x66,
    0x3b, 0x5e, 0x3a, 0x5e, 0x3a, 0x66, 0x5b, 0x5e, 0x3a, 0x5e, 0x3a, 0x66,
    0x5b, 0x5e, 0x3a, 0x66, 0x5a, 0x5e, 0x3a, 0x5e, 0x3a, 0x66, 0x3a, 0x66,
    0x3b, 0x5e, 0x3a, 0x5e, 0x3a, 0x66, 0x5a, 0x5e, 0xae, 0x9c, 0x60, 0xfc,
    0x00, 0xfd, 0x20, 0xfd, 0x00, 0xfd, 0xe0, 0xfc, 0xa0, 0xfc, 0x20, 0xf4,
    0x22, 0xe3, 0x95, 0x75, 0x5a, 0x5e, 0x3a, 0x5e, 0x3a, 0x5e, 0x3a, 0x5e,
    0x3a, 0x66, 0x3a, 0x5e, 0x3a, 0x66, 0x3a, 0x5e, 0x3a, 0x66, 0x3a, 0x5e,
    0x3a, 0x5e, 0x3a, 0x66, 0x74, 0x7d, 0xe0, 0xea, 0x40, 0xf3, 0x80, 0xf3,
    0xe0, 0xf3, 0x20, 0xf4, 0x60, 0xfc, 0x80, 0xfc, 0x80, 0xf4, 0xe0, 0xfc,
    0x60, 0xf4, 0xa1, 0xe3, 0x60, 0xdb, 0x60, 0xdb, 0xa1, 0xdb, 0x21, 0xec,
    0xc0, 0xfc, 0xe0, 0xfc, 0x80, 0xfc, 0x80, 0xfc, 0x80, 0xfc, 0x80, 0xf4,
    0x60, 0xf4, 0x40, 0xf4, 0x20, 0xf4, 0x00, 0xf4, 0xc0, 0xf3, 0x80, 0xf3,
    0x60, 0xeb, 0x40, 0xeb, 0x00, 0xeb, 0xc0, 0xe2, 0xe0, 0xe2, 0xa0, 0xda,
    0xc1, 0xca, 0xc2, 0xcb, 0x22, 0xcc, 0x02, 0xcc, 0x02, 0xcc, 0x02, 0xcc,
    0xe2, 0xcb, 0xe2, 0xcb, 0xe2, 0xcb, 0xe2, 0xcb, 0xe2, 0xcb, 0xe2, 0xcb,
    0xe1, 0xcb, 0x02, 0xcc, 0x02, 0xcc, 0x21, 0xd4, 0xa2, 0xe4, 0xc2, 0xe4,
    0xc2, 0xe4, 0xe2, 0xec, 0x02, 0xed, 0x02, 0xed, 0xc0, 0xeb, 0xa0, 0xf3,
    0xa0, 0xf3, 0xa0, 0xf3, 0xa0, 0xf3, 0xa0, 0xf3, 0x80, 0xf3, 0x80, 0xf3,
    0x80, 0xf3, 0x41, 0xf3, 0x40, 0xeb, 0x20, 0xeb, 0x00, 0xeb, 0xe0, 0xea,
    0xe0, 0xe2, 0xc0, 0xe2, 0xa0, 0xe2, 0xa0, 0xe2, 0xc2, 0x88, 0xa3, 0x88,
    0xc3, 0x90, 0xc3, 0x90, 0xc3, 0x90, 0xe3, 0x98, 0xc4, 0x98, 0xc3, 0x98,
    0xe4, 0xa0, 0xb7, 0x65, 0x3a, 0x5e, 0x3a, 0x5e, 0x3b, 0x5e, 0x3a, 0x5e,
    0x3a, 0x5e, 0x3a, 0x5e, 0x3a, 0x5e, 0x3b, 0x5e, 0x3a, 0x5e, 0x1a, 0x5e,
    0xf9, 0x55, 0xb6, 0x55, 0x53, 0x4d, 0x32, 0x45, 0x11, 0x45, 0xd0, 0x44,
    0x61, 0xeb, 0x00, 0xfd, 0x60, 0xfd, 0x80, 0xfd, 0x80, 0xfd, 0x60, 0xfd,
    0x40, 0xfd, 0xe0, 0xfc, 0x80, 0xf4, 0xc2, 0xdb, 0xb0, 0x34, 0x8f, 0x34,
    0x8f, 0x3c, 0xb0, 0x3c, 0x8f, 0x3c, 0x8f, 0x3c, 0x90, 0x3c, 0x8f, 0x3c,
    0x6f, 0x34, 0x70, 0x3c, 0x6f, 0x34, 0x6f, 0x34, 0x6f, 0x3c, 0x6f, 0x34,
    0x70, 0x3c, 0x6f, 0x34, 0x6f, 0x34, 0x70, 0x34, 0x6f, 0x3c, 0x70, 0x34,
    0x50, 0x34, 0x06, 0x9b, 0x06, 0x9b, 0x06, 0xa3, 0x06, 0xa3, 0xe6, 0x9a,
    0xe6, 0x9a, 0x06, 0xa3, 0x06, 0xa3, 0xe5, 0x9a, 0xe6, 0xa2, 0xe6, 0xa2,
    0xe6, 0xa2, 0xe5, 0x9a, 0xc6, 0x9a, 0xa6, 0x9a, 0xa5, 0x9a, 0xa6, 0x9a,
    0xc8, 0x82, 0x91, 0x74, 0x5a, 0x66, 0x5a, 0x66, 0x5b, 0x66, 0x3a, 0x66,
    0x5a, 0x66, 0x5a, 0x66, 0x5b, 0x66, 0x5b, 0x66, 0x5a, 0x66, 0x5a, 0x66,
    0x5a, 0x66, 0x5a, 0x66, 0x5a, 0x66, 0x5a, 0x66, 0x5b, 0x66, 0x5a, 0x66,
    0x5b, 0x66, 0x5a, 0x66, 0x3a, 0x66, 0x5a, 0x66, 0x5a, 0x66, 0x5a, 0x66,
    0x5b, 0x66, 0x5a, 0x66, 0x5a, 0x66, 0x5a, 0x66, 0x5a, 0x6e, 0x5a, 0x66,
    0x5b, 0x66, 0x5a, 0x66, 0x5a, 0x6e, 0x5a, 0x66, 0x5b, 0x66, 0x5a, 0x66,
    0x5a, 0x66, 0x5b, 0x66, 0x3a, 0x66, 0x5a, 0x66, 0x5a, 0x5e, 0x5b, 0x66,
    0x3a, 0x66, 0x3a, 0x66, 0x3a, 0x66, 0x5a, 0x66, 0x3a, 0x66, 0x3a, 0x66,
    0x5b, 0x66, 0x3a, 0x66, 0x5a, 0x5e, 0x3b, 0x5e, 0x5a, 0x66, 0x3a, 0x5e,
    0x3a, 0x66, 0x3a, 0x5e, 0x3a, 0x5e, 0x3b, 0x66, 0x5a, 0x5e, 0x3a, 0x5e,
    0x3a, 0x66, 0x3a, 0x5e, 0x5a, 0x5e, 0x3a, 0x5e, 0x3a, 0x66, 0x5a, 0x66,
    0x3a, 0x66, 0x5a, 0x66, 0x3a, 0x5e, 0x19, 0x6e, 0xc1, 0xf3, 0x20, 0xfd,
    0x20, 0xfd, 0x40, 0xfd, 0x40, 0xfd, 0x20, 0xfd, 0x00, 0xfd, 0xc0, 0xfc,
    0x40, 0xf4, 0x61, 0xeb, 0xb6, 0x65, 0x3a, 0x66, 0x3a, 0x5e, 0x3a, 0x66,
    0x3a, 0x66, 0x3b, 0x5e, 0x3a, 0x5e, 0x3a, 0x66, 0x3a, 0x5e, 0x3a, 0x66,
    0x3a, 0x5e, 0x3a, 0x5e, 0x7b, 0x56, 0x4e, 0x9c, 0xc1, 0xea, 0x60, 0xf3,
    0x80, 0xf3, 0xe0, 0xf3, 0x20, 0xfc, 0x40, 0xf4, 0x60, 0xfc, 0xa0, 0xfc,
    0xa0, 0xfc, 0x80, 0xfc, 0x80, 0xfc, 0x80, 0xfc, 0x80, 0xfc, 0x80, 0xf4,
    0x80, 0xfc, 0x60, 0xfc, 0x60, 0xf4, 0x40, 0xf4, 0x40, 0xf4, 0x20, 0xf4,
    0x20, 0xfc, 0xe0, 0xf3, 0xc0, 0xf3, 0x80, 0xf3, 0x60, 0xf3, 0x40, 0xf3,
    0x40, 0xeb, 0xe0, 0xea, 0xc0, 0xe2, 0x80, 0xda, 0xc1, 0xd2, 0xa2, 0xc3,
    0x22, 0xd4, 0x02, 0xcc, 0x02, 0xcc, 0x02, 0xd4, 0x02, 0xd4, 0x02, 0xd4,
    0x02, 0xd4, 0x01, 0xcc, 0x02, 0xcc, 0xe1, 0xcb, 0xe1, 0xcb, 0xe2, 0xcb,
    0x01, 0xcc, 0x01, 0xd4, 0x42, 0xdc, 0xa2, 0xe4, 0xc1, 0xe4, 0xc1, 0xec,
    0xe2, 0xec, 0x02, 0xed, 0x02, 0xf5, 0x22, 0xed, 0xa0, 0xeb, 0xa0, 0xf3,
    0xc0, 0xf3, 0xa0, 0xf3, 0xc0, 0xf3, 0xc0, 0xf3, 0xa0, 0xeb, 0xa0, 0xf3,
    0x80, 0xf3, 0x60, 0xf3, 0x60, 0xeb, 0x40, 0xeb, 0x20, 0xf3, 0x20, 0xeb,
    0xe0, 0xea, 0xc0, 0xe2, 0xa0, 0xe2, 0xa0, 0xe2, 0xa1, 0xa9, 0xa3, 0x88,
    0xc3, 0x88, 0xc3, 0x90, 0xe3, 0x90, 0xc3, 0x98, 0xc3, 0x98, 0xe3, 0xa0,
    0xe3, 0xa0, 0xab, 0x8a, 0x5b, 0x56, 0x3a, 0x5e, 0x1a, 0x5e, 0x3a, 0x5e,
    0x1a, 0x5e, 0x3a, 0x5e, 0x3a, 0x5e, 0x3a, 0x5e, 0x1a, 0x5e, 0xb7, 0x55,
    0x53, 0x4d, 0x11, 0x45, 0x10, 0x45, 0x10, 0x45, 0x11, 0x45, 0x8e, 0x5c,
    0x00, 0xf4, 0x20, 0xfd, 0x60, 0xfd, 0x80, 0xfd, 0x80, 0xfd, 0x60, 0xfd,
    0x40, 0xfd, 0x00, 0xfd, 0xa0, 0xfc, 0x00, 0xf4, 0x4c, 0x64, 0xaf, 0x3c,
    0x8f, 0x3c, 0xaf, 0x3c, 0x90, 0x3c, 0x8f, 0x3c, 0x8f, 0x3c, 0xaf, 0x3c,
    0x90, 0x3c, 0x6f, 0x3c, 0x8f, 0x3c, 0x6f, 0x34, 0x6f, 0x34, 0x6f, 0x3c,
    0x6f, 0x34, 0x4f, 0x34, 0x70, 0x34, 0x6f, 0x34, 0x6f, 0x34, 0x50, 0x34,
    0x4f, 0x34, 0x06, 0xa3, 0x06, 0x9b, 0x06, 0x9b, 0xe6, 0xa2, 0xe6, 0x9a,
    0x06, 0xa3, 0xe6, 0xa2, 0xe6, 0xa2, 0xe6, 0x9a, 0xe5, 0x9a, 0x06, 0xa3,
    0xe5, 0xa2, 0xc5, 0x9a, 0xa5, 0x9a, 0xa5, 0x92, 0xa6, 0x9a, 0xa5, 0x92,
    0xc9, 0x82, 0xad, 0x7b, 0x7b, 0x66, 0x5a, 0x6e, 0x5a, 0x66, 0x5a, 0x6e,
    0x5a, 0x6e, 0x5a, 0x66, 0x5a, 0x66, 0x5b, 0x66, 0x5a, 0x66, 0x3a, 0x66,
    0x3a, 0x66, 0x5a, 0x66, 0x5a, 0x66, 0x5b, 0x66, 0x5a, 0x66, 0x5b, 0x66,
    0x5a, 0x6e, 0x5a, 0x66, 0x5b, 0x66, 0x5b, 0x6e, 0x5a, 0x66, 0x5a, 0x66,
    0x5a, 0x66, 0x3a, 0x66, 0x5a, 0x66, 0x5b, 0x66, 0x5a, 0x66, 0x5a, 0x66,
    0x5a, 0x6e, 0x5a, 0x66, 0x5a, 0x66, 0x5b, 0x66, 0x5a, 0x66, 0x3a, 0x66,
    0x5a, 0x66, 0x5a, 0x66, 0x5b, 0x66, 0x3a, 0x5e, 0x5a, 0x66, 0x3a, 0x5e,
    0x5a, 0x66, 0x3b, 0x66, 0x3a, 0x5e, 0x5a, 0x66, 0x5b, 0x66, 0x3a, 0x5e,
    0x3a, 0x66, 0x3a, 0x66, 0x3a, 0x66, 0x3b, 0x66, 0x3b, 0x5e, 0x3a, 0x5e,
    0x5b, 0x66, 0x5a, 0x66, 0x5a, 0x66, 0x5a, 0x66, 0x3a, 0x5e, 0x3a, 0x5e,
    0x3a, 0x66, 0x3b, 0x66, 0x3a, 0x66, 0x3a, 0x5e, 0x5a, 0x5e, 0x3a, 0x66,
    0x3a, 0x5e, 0x3a, 0x66, 0x3a, 0x66, 0x74, 0x7d, 0x40, 0xf4, 0x00, 0xfd,
    0x20, 0xfd, 0x40, 0xfd, 0x60, 0xfd, 0x40, 0xfd, 0x20, 0xfd, 0x00, 0xfd,
    0xa0, 0xf4, 0x00, 0xf4, 0x43, 0xe3, 0x7a, 0x5e, 0x5b, 0x5e, 0x3a, 0x5e,
    0x3a, 0x66, 0x3a, 0x5e, 0x3a, 0x5e, 0x3a, 0x5e, 0x3a, 0x5e, 0x3a, 0x66,
    0x5a, 0x5e, 0x3a, 0x66, 0x3a, 0x66, 0x5b, 0x56, 0x2e, 0xa4, 0xc0, 0xea,
    0x40, 0xeb, 0x80, 0xf3, 0xc0, 0xf3, 0xe0, 0xf3, 0x20, 0xf4, 0x40, 0xf4,
    0x40, 0xfc, 0x40, 0xf4, 0x40, 0xf4, 0x40, 0xf4, 0x40, 0xfc, 0x40, 0xfc,
    0x20, 0xf4, 0x20, 0xf4, 0x00, 0xf4, 0x00, 0xf4, 0xe0, 0xf3, 0xe0, 0xf3,
    0xc0, 0xf3, 0xa0, 0xf3, 0x60, 0xf3, 0x60, 0xeb, 0x40, 0xeb, 0x01, 0xeb,
    0xe0, 0xea, 0x81, 0xd2, 0x21, 0xcb, 0x23, 0xcc, 0x22, 0xd4, 0x22, 0xd4,
    0x22, 0xd4, 0x22, 0xd4, 0x22, 0xd4, 0x22, 0xd4, 0x02, 0xd4, 0x22, 0xd4,
    0x01, 0xcc, 0x02, 0xcc, 0x02, 0xcc, 0x02, 0xd4, 0x02, 0xd4, 0x02, 0xd4,
    0x22, 0xd4, 0x62, 0xdc, 0xa2, 0xe4, 0xc2, 0xe4, 0xe2, 0xec, 0xe2, 0xec,
    0x01, 0xed, 0x22, 0xed, 0x22, 0xf5, 0x22, 0xf5, 0x80, 0xeb, 0xc0, 0xf3,
    0xc0, 0xf3, 0xc0, 0xf3, 0xc0, 0xf3, 0xc0, 0xf3, 0xc0, 0xf3, 0xa1, 0xf3,
    0x80, 0xf3, 0x80, 0xf3, 0x60, 0xf3, 0x40, 0xeb, 0x40, 0xeb, 0x20, 0xeb,
    0x00, 0xeb, 0xe0, 0xea, 0xa0, 0xe2, 0xa0, 0xe2, 0x41, 0xd2, 0xa3, 0x88,
    0xc3, 0x90, 0xc3, 0x90, 0xe4, 0x98, 0xe3, 0x98, 0xc3, 0xa0, 0xc4, 0xa0,
    0xc3, 0xa0, 0xe4, 0xa0, 0x5a, 0x56, 0x1a, 0x5e, 0x3a, 0x5e, 0x3b, 0x5e,
    0x3a, 0x5e, 0x3b, 0x5e, 0x3a, 0x5e, 0x1a, 0x56, 0xd8, 0x55, 0x53, 0x4d,
    0x11, 0x45, 0x10, 0x45, 0xf0, 0x44, 0xf0, 0x44, 0xf1, 0x44, 0x6b, 0x74,
    0x61, 0xf4, 0x00, 0xfd, 0x60, 0xfd, 0x60, 0xfd, 0x60, 0xfd, 0x60, 0xfd,
    0x20, 0xfd, 0x00, 0xfd, 0xa0, 0xfc, 0xe0, 0xf3, 0xc7, 0x9b, 0x8f, 0x34,
    0xb0, 0x3c, 0x90, 0x3c, 0xb0, 0x3c, 0x90, 0x3c, 0x8f, 0x3c, 0x6f, 0x3c,
    0x8f, 0x3c, 0x6f, 0x3c, 0x6f, 0x3c, 0x6f, 0x3c, 0x70, 0x34, 0x6f, 0x34,
    0x6f, 0x3c, 0x70, 0x3c, 0x6f, 0x3c, 0x4f, 0x34, 0x6f, 0x34, 0x4f, 0x34,
    0x4f, 0x34, 0xe6, 0x9a, 0xe7, 0x9a, 0x06, 0xa3, 0xe6, 0xa2, 0xe6, 0xa2,
    0x06, 0xa3, 0x06, 0xa3, 0xe5, 0xa2, 0xe6, 0x9a, 0xe5, 0xa2, 0xe6, 0xa2,
    0xe6, 0x9a, 0xc5, 0x9a, 0xa6, 0x9a, 0xa5, 0x92, 0xa5, 0x92, 0xa5, 0x9a,
    0xe8, 0x82, 0xe9, 0x82, 0x7a, 0x66, 0x5a, 0x66, 0x5a, 0x66, 0x39, 0x66,
    0x39, 0x66, 0x3a, 0x66, 0x5a, 0x66, 0x5a, 0x66, 0x5a, 0x66, 0x17, 0x66,
    0xf7, 0x5d, 0x18, 0x5e, 0x39, 0x66, 0x3a, 0x66, 0x5a, 0x66, 0x3a, 0x66,
    0x3a, 0x66, 0x5a, 0x66, 0x5a, 0x66, 0x3a, 0x66, 0x5a, 0x6e, 0x5b, 0x66,
    0x5a, 0x66, 0x3a, 0x66, 0x5b, 0x66, 0x5a, 0x66, 0x5a, 0x66, 0x5b, 0x66,
    0x5a, 0x66, 0x5a, 0x66, 0x5b, 0x66, 0x5a, 0x6e, 0x5b, 0x66, 0x5a, 0x66,
    0x5a, 0x66, 0x5b, 0x66, 0x5a, 0x66, 0x5b, 0x66, 0x3a, 0x66, 0x5b, 0x66,
    0x5a, 0x66, 0x5a, 0x5e, 0x5b, 0x66, 0x3a, 0x5e, 0x5a, 0x5e, 0x5a, 0x66,
    0x3a, 0x5e, 0x3b, 0x5e, 0x5a, 0x5e, 0x5a, 0x66, 0x3a, 0x66, 0x3a, 0x5e,
    0x5a, 0x5e, 0x3b, 0x66, 0x5a, 0x66, 0x3a, 0x5e, 0x5b, 0x66, 0x5a, 0x66,
    0x5a, 0x5e, 0x3a, 0x5e, 0x3a, 0x5e, 0x5a, 0x66, 0x3a, 0x66, 0x3b, 0x5e,
    0x3a, 0x66, 0x3a, 0x66, 0x3a, 0x66, 0x53, 0x75, 0x21, 0xf4, 0xe0, 0xf4,
    0x20, 0xfd, 0x40, 0xfd, 0x40, 0xfd, 0x40, 0xfd, 0x00, 0xfd, 0x00, 0xfd,
    0xa0, 0xfc, 0x40, 0xf4, 0xa0, 0xf3, 0x4c, 0xac, 0x5b, 0x5e, 0x5a, 0x5e,
    0x5a, 0x66, 0x5a, 0x66, 0x3a, 0x5e, 0x3a, 0x5e, 0x3a, 0x66, 0x3a, 0x5e,
    0x5a, 0x66, 0x3a, 0x66, 0x3a, 0x5e, 0x3a, 0x5e, 0x5a, 0x66, 0x33, 0x7d,
    0xa3, 0xe2, 0x00, 0xf3, 0x60, 0xf3, 0xa0, 0xf3, 0xc0, 0xf3, 0xc0, 0xf3,
    0xc0, 0xf3, 0xc0, 0xf3, 0xe0, 0xf3, 0xe0, 0xf3, 0xc0, 0xf3, 0xc0, 0xf3,
    0xc0, 0xf3, 0xa0, 0xf3, 0xa0, 0xf3, 0x80, 0xf3, 0x80, 0xf3, 0x80, 0xf3,
    0x40, 0xf3, 0x40, 0xeb, 0x21, 0xeb, 0x00, 0xeb, 0xe0, 0xe2, 0x60, 0xd2,
    0xe0, 0xb9, 0x42, 0xbb, 0x22, 0xd4, 0x22, 0xd4, 0x22, 0xd4, 0x22, 0xd4,
    0x22, 0xd4, 0x22, 0xd4, 0x22, 0xd4, 0x22, 0xd4, 0x22, 0xcc, 0x02, 0xd4,
    0x22, 0xd4, 0x22, 0xd4, 0x22, 0xd4, 0x22, 0xd4, 0x22, 0xd4, 0x42, 0xd4,
    0x82, 0xdc, 0xe2, 0xe4, 0x02, 0xed, 0x02, 0xed, 0x02, 0xed, 0x22, 0xed,
    0x22, 0xf5, 0x42, 0xf5, 0x21, 0xf5, 0x02, 0xf5, 0xa0, 0xeb, 0xe0, 0xf3,
    0xe0, 0xf3, 0xe0, 0xf3, 0xe0, 0xf3, 0xc0, 0xf3, 0xc0, 0xf3, 0xc0, 0xf3,
    0xa0, 0xf3, 0xa0, 0xf3, 0x60, 0xf3, 0x60, 0xf3, 0x40, 0xeb, 0x20, 0xeb,
    0x00, 0xeb, 0xe1, 0xea, 0xe0, 0xe2, 0xc0, 0xe2, 0xa0, 0xe2, 0xe2, 0x90,
    0xc3, 0x90, 0xc3, 0x90, 0xe3, 0x98, 0xe3, 0x98, 0xe4, 0xa0, 0xe4, 0xa0,
    0xe3, 0xa0, 0xc3, 0xa0, 0x15, 0x65, 0x1a, 0x5e, 0x3a, 0x5e, 0x3a, 0x5e,
    0x3a, 0x5e, 0x1a, 0x5e, 0x19, 0x56, 0x95, 0x4d, 0x32, 0x45, 0x11, 0x45,
    0x11, 0x45, 0xf0, 0x44, 0xf0, 0x44, 0xd0, 0x44, 0xf1, 0x3c, 0x29, 0x8c,
    0x61, 0xf4, 0x00, 0xfd, 0x40, 0xfd, 0x60, 0xfd, 0x60, 0xfd, 0x20, 0xfd,
    0x00, 0xfd, 0xe0, 0xfc, 0x80, 0xf4, 0xe0, 0xfb, 0xa5, 0xb3, 0xb0, 0x34,
    0x8f, 0x3c, 0x90, 0x3c, 0x8f, 0x3c, 0x8f, 0x3c, 0x90, 0x3c, 0x91, 0x2c,
    0x6f, 0x4c, 0x4e, 0x4c, 0x70, 0x2c, 0x6f, 0x3c, 0x4f, 0x34, 0x4f, 0x34,
    0x4f, 0x3c, 0x4f, 0x34, 0x4f, 0x34, 0x70, 0x3c, 0x4f, 0x34, 0x70, 0x34,
    0x4f, 0x3c, 0xe6, 0x9a, 0x06, 0x9b, 0xe6, 0x9a, 0x06, 0xa3, 0xe6, 0x9a,
    0x06, 0xa3, 0x06, 0xa3, 0xe5, 0xa2, 0xe6, 0xa2, 0xe6, 0xa2, 0xe5, 0xa2,
    0xe6, 0x9a, 0xa5, 0x9a, 0xa5, 0x92, 0xa5, 0x9a, 0xa5, 0x9a, 0xa6, 0x9a,
    0xe8, 0x82, 0xc8, 0x82, 0x96, 0x65, 0xf6, 0x5d, 0xb4, 0x5d, 0xb3, 0x55,
    0xb3, 0x55, 0xd4, 0x5d, 0x17, 0x5e, 0x18, 0x5e, 0xd4, 0x5d, 0x91, 0x55,
    0x70, 0x55, 0x91, 0x55, 0xb3, 0x5d, 0xf7, 0x5d, 0x39, 0x66, 0x5a, 0x66,
    0x5a, 0x66, 0x5a, 0x66, 0x5a, 0x66, 0x5a, 0x66, 0x5a, 0x66, 0x5a, 0x66,
    0x5b, 0x66, 0x5a, 0x66, 0x5a, 0x66, 0x5a, 0x66, 0x3a, 0x66, 0x5a, 0x66,
    0x5a, 0x66, 0x5a, 0x66, 0x5a, 0x66, 0x5a, 0x66, 0x5a, 0x66, 0x5a, 0x66,
    0x5b, 0x66, 0x3a, 0x66, 0x5a, 0x66, 0x5a, 0x66, 0x5a, 0x66, 0x3a, 0x66,
    0x5a, 0x66, 0x5a, 0x66, 0x3a, 0x66, 0x3a, 0x66, 0x5b, 0x66, 0x5a, 0x66,
    0x5a, 0x66, 0x5a, 0x66, 0x3a, 0x5e, 0x3a, 0x5e, 0x3a, 0x66, 0x5a, 0x66,
    0x3a, 0x66, 0x5a, 0x66, 0x3a, 0x5e, 0x3a, 0x5e, 0x3b, 0x66, 0x5a, 0x5e,
    0x3a, 0x5e, 0x3a, 0x66, 0x5a, 0x5e, 0x3a, 0x66, 0x5a, 0x66, 0x3a, 0x5e,
    0x3a, 0x5e, 0x5a, 0x66, 0x3a, 0x66, 0x18, 0x66, 0xa1, 0xf3, 0x60, 0xf4,
    0xe0, 0xfc, 0x20, 0xfd, 0x20, 0xfd, 0x20, 0xfd, 0x00, 0xfd, 0xe0, 0xfc,
    0xc0, 0xfc, 0x60, 0xf4, 0xc0, 0xf3, 0x22, 0xe3, 0xf7, 0x6d, 0x3a, 0x66,
    0x5a, 0x66, 0x3a, 0x66, 0x3a, 0x66, 0x3a, 0x66, 0x3a, 0x66, 0x3a, 0x66,
    0x3a, 0x66, 0x3a, 0x5e, 0x5a, 0x5e, 0x5a, 0x66, 0x3a, 0x66, 0x3a, 0x66,
    0x3a, 0x5e, 0x6a, 0xbb, 0xc1, 0xea, 0x20, 0xf3, 0x40, 0xf3, 0x60, 0xf3,
    0x60, 0xf3, 0x60, 0xf3, 0x80, 0xf3, 0x80, 0xf3, 0x60, 0xf3, 0x60, 0xf3,
    0x60, 0xeb, 0x60, 0xeb, 0x40, 0xf3, 0x41, 0xeb, 0x21, 0xeb, 0xe0, 0xea,
    0xe1, 0xe2, 0xa1, 0xea, 0x40, 0xe2, 0x84, 0xca, 0xe1, 0xb9, 0x21, 0xc2,
    0x01, 0xba, 0x42, 0xd4, 0x42, 0xd4, 0x42, 0xd4, 0x22, 0xd4, 0x22, 0xd4,
    0x22, 0xd4, 0x22, 0xd4, 0x22, 0xd4, 0x42, 0xd4, 0x22, 0xd4, 0x22, 0xd4,
    0x22, 0xd4, 0x22, 0xcc, 0x22, 0xd4, 0x42, 0xd4, 0x62, 0xdc, 0xa2, 0xe4,
    0xe2, 0xec, 0x02, 0xed, 0x02, 0xed, 0x22, 0xed, 0x22, 0xed, 0x22, 0xf5,
    0x42, 0xf5, 0x42, 0xf5, 0x42, 0xf5, 0xe1, 0xec, 0xc0, 0xf3, 0x00, 0xf4,
    0xe0, 0xf3, 0x00, 0xf4, 0xe0, 0xf3, 0xe0, 0xf3, 0xe0, 0xf3, 0xe0, 0xf3,
    0xe0, 0xf3, 0xa0, 0xf3, 0xa0, 0xf3, 0x60, 0xf3, 0x61, 0xf3, 0x40, 0xeb,
    0x20, 0xeb, 0x00, 0xeb, 0x00, 0xeb, 0xe0, 0xe2, 0xc0, 0xe2, 0xc1, 0xb9,
    0xa3, 0x90, 0xc3, 0x90, 0xc3, 0x98, 0xe4, 0x98, 0xe3, 0xa0, 0xc3, 0x98,
    0xe3, 0x98, 0xe3, 0x98, 0x52, 0x74, 0x3a, 0x5e, 0x3a, 0x5e, 0x3a, 0x5e,
    0x1a, 0x5e, 0x3a, 0x5e, 0xd9, 0x55, 0x52, 0x45, 0xf0, 0x44, 0xf1, 0x44,
    0xf1, 0x44, 0x10, 0x45, 0xf1, 0x44, 0xf1, 0x44, 0xf1, 0x3c, 0xc8, 0x93,
    0x60, 0xf4, 0xe0, 0xfc, 0x20, 0xfd, 0x20, 0xfd, 0x20, 0xfd, 0x20, 0xfd,
    0xe0, 0xfc, 0xc0, 0xfc, 0x80, 0xf4, 0xe0, 0xfb, 0xa4, 0xc3, 0x90, 0x2c,
    0x90, 0x3c, 0x90, 0x34, 0x8f, 0x34, 0x90, 0x34, 0x49, 0x84, 0x42, 0xdc,
    0x40, 0xf4, 0x40, 0xf4, 0x02, 0xe4, 0x2a, 0x7c, 0x70, 0x34, 0x4f, 0x3c,
    0x4f, 0x34, 0x6f, 0x34, 0x4f, 0x34, 0x4f, 0x34, 0x50, 0x34, 0x70, 0x34,
    0x2f, 0x34, 0xe6, 0x9a, 0xe6, 0xa2, 0x06, 0xa3, 0xe6, 0x9a, 0xe6, 0xa2,
    0xe6, 0xa2, 0xe5, 0xa2, 0x06, 0xa3, 0xe6, 0xa2, 0xe5, 0x9a, 0xe5, 0xa2,
    0xc5, 0x9a, 0xc6, 0x9a, 0xa6, 0x9a, 0xa5, 0x9a, 0xa5, 0x92, 0xa5, 0x92,
    0xc9, 0x82, 0xc9, 0x82, 0x2c, 0x6c, 0x4f, 0x5d, 0x4e, 0x55, 0x2e, 0x55,
    0x2e, 0x55, 0x4f, 0x55, 0x91, 0x55, 0x91, 0x5d, 0x4f, 0x55, 0x4f, 0x55,
    0x4f, 0x55, 0x4f, 0x55, 0x4f, 0x55, 0x70, 0x55, 0xd4, 0x5d, 0x39, 0x66,
    0x5a, 0x66, 0x5b, 0x6e, 0x5a, 0x66, 0x5a, 0x66, 0x3a, 0x66, 0x5a, 0x66,
    0x3a, 0x66, 0x5a, 0x66, 0x5a, 0x66, 0x3b, 0x66, 0x5a, 0x66, 0x5a, 0x66,
    0x3a, 0x66, 0x5b, 0x66, 0x5a, 0x66, 0x5b, 0x66, 0x3a, 0x66, 0x5a, 0x66,
    0x5a, 0x66, 0x3a, 0x66, 0x3a, 0x66, 0x5b, 0x5e, 0x5a, 0x66, 0x5a, 0x66,
    0x5b, 0x66, 0x3a, 0x5e, 0x5a, 0x66, 0x5b, 0x66, 0x5b, 0x66, 0x3a, 0x5e,
    0x5a, 0x66, 0x3a, 0x66, 0x3a, 0x66, 0x5a, 0x66, 0x3a, 0x66, 0x5a, 0x66,
    0x3a, 0x5e, 0x5b, 0x66, 0x5a, 0x66, 0x3a, 0x66, 0x5a, 0x66, 0x3a, 0x66,
    0x3a, 0x5e, 0x3a, 0x66, 0x5b, 0x66, 0x5a, 0x5e, 0x5a, 0x66, 0x3b, 0x66,
    0x5a, 0x66, 0x5a, 0x66, 0x3a, 0x5e, 0x7b, 0x5e, 0xc6, 0xd3, 0x40, 0xf4,
    0xa0, 0xfc, 0xe0, 0xfc, 0x00, 0xfd, 0x00, 0xfd, 0xe0, 0xfc, 0xe0, 0xfc,
    0xc0, 0xfc, 0x80, 0xf4, 0x00, 0xf4, 0x81, 0xeb, 0xc9, 0xbb, 0x7b, 0x5e,
    0x3a, 0x66, 0x3a, 0x5e, 0x5a, 0x5e, 0x3a, 0x5e, 0x5b, 0x56, 0x18, 0x6e,
    0x18, 0x66, 0x5a, 0x56, 0x3a, 0x66, 0x3a, 0x5e, 0x3a, 0x66, 0x3b, 0x66,
    0x5a, 0x5e, 0x5b, 0x5e, 0xd7, 0x6d, 0x8a, 0xbb, 0xc3, 0xe2, 0xc0, 0xea,
    0x21, 0xeb, 0x20, 0xf3, 0x20, 0xf3, 0x20, 0xeb, 0x20, 0xeb, 0x20, 0xf3,
    0x21, 0xf3, 0x00, 0xeb, 0xe0, 0xea, 0xa0, 0xea, 0xa1, 0xea, 0xc5, 0xca,
    0x6a, 0xb3, 0x70, 0x8c, 0x19, 0x66, 0xb2, 0x74, 0x01, 0xc2, 0x00, 0xba,
    0x21, 0xc3, 0x42, 0xd4, 0x22, 0xd4, 0x42, 0xd4, 0x42, 0xd4, 0x42, 0xd4,
    0x42, 0xd4, 0x42, 0xd4, 0x22, 0xd4, 0x42, 0xd4, 0x22, 0xd4, 0x22, 0xd4,
    0x42, 0xd4, 0x42, 0xd4, 0x42, 0xd4, 0x62, 0xdc, 0xc2, 0xe4, 0x02, 0xed,
    0x02, 0xed, 0x02, 0xed, 0x02, 0xed, 0x42, 0xf5, 0x42, 0xf5, 0x42, 0xf5,
    0x42, 0xf5, 0x42, 0xf5, 0x62, 0xf5, 0xa1, 0xf4, 0x00, 0xf4, 0x00, 0xf4,
    0x00, 0xf4, 0x00, 0xf4, 0x00, 0xf4, 0x00, 0xf4, 0x00, 0xf4, 0x00, 0xf4,
    0xe0, 0xf3, 0xc0, 0xf3, 0xa0, 0xf3, 0x80, 0xf3, 0x80, 0xf3, 0x60, 0xf3,
    0x40, 0xf3, 0x20, 0xeb, 0x00, 0xeb, 0xe0, 0xea, 0xe0, 0xe2, 0xa1, 0xda,
    0xa3, 0x88, 0xc3, 0x90, 0xc3, 0x90, 0xc3, 0x98, 0xe3, 0xa0, 0xe4, 0xa0,
    0xc3, 0x98, 0xc3, 0xa0, 0x2d, 0x83, 0x1a, 0x5e, 0x3a, 0x5e, 0x3a, 0x5e,
    0x3a, 0x5e, 0x5a, 0x56, 0x96, 0x5d, 0x52, 0x5d, 0xcf, 0x4c, 0xf1, 0x3c,
    0xf0, 0x3c, 0xf0, 0x44, 0xd0, 0x44, 0xd0, 0x3c, 0xf1, 0x3c, 0xe9, 0x83,
    0x40, 0xf4, 0xc0, 0xfc, 0xe0, 0xf4, 0x00, 0xfd, 0xe0, 0xfc, 0xe0, 0xfc,
    0xc0, 0xfc, 0x80, 0xf4, 0x40, 0xf4, 0xc0, 0xfb, 0xa5, 0xb3, 0x90, 0x34,
    0x8f, 0x34, 0x8f, 0x34, 0x6e, 0x4c, 0x42, 0xdc, 0xc0, 0xfc, 0xe0, 0xfc,
    0xe0, 0xfc, 0xe0, 0xfc, 0xc0, 0xfc, 0x20, 0xf4, 0x08, 0x94, 0x50, 0x2c,
    0x70, 0x34, 0x4f, 0x34, 0x4f, 0x34, 0x4f, 0x34, 0x4f, 0x34, 0x4f, 0x34,
    0x4f, 0x34, 0xe6, 0x9a, 0xe6, 0x9a, 0xe6, 0x9a, 0xe6, 0xa2, 0xe6, 0x9a,
    0x06, 0xa3, 0xe6, 0xa2, 0xe6, 0xa2, 0xe6, 0x9a, 0xe6, 0xa2, 0xe6, 0xa2,
    0xc5, 0x9a, 0xa5, 0x9a, 0xa5, 0x92, 0xa5, 0x9a, 0xa6, 0x9a, 0xa5, 0x92,
    0xc8, 0x82, 0xc9, 0x82, 0x49, 0x7b, 0x4e, 0x55, 0x2e, 0x55, 0x2e, 0x55,
    0x2e, 0x55, 0x4f, 0x55, 0x2f, 0x55, 0x4f, 0x55, 0x4f, 0x55, 0x4f, 0x55,
    0x4f, 0x55, 0x6f, 0x55, 0x4f, 0x55, 0x4f, 0x55, 0x70, 0x55, 0xd6, 0x5d,
    0x3a, 0x66, 0x5a, 0x66, 0x5a, 0x6e, 0x5a, 0x66, 0x5b, 0x66, 0x3a, 0x66,
    0x5a, 0x6e, 0x5a, 0x66, 0x5a, 0x66, 0x5a, 0x66, 0x5a, 0x66, 0x5a, 0x6e,
    0x5b, 0x6e, 0x3a, 0x66, 0x5a, 0x66, 0x5b, 0x6e, 0x5a, 0x66, 0x5b, 0x66,
    0x5a, 0x66, 0x5b, 0x66, 0x5a, 0x66, 0x5a, 0x66, 0x5a, 0x66, 0x5b, 0x66,
    0x5a, 0x66, 0x3a, 0x5e, 0x5a, 0x66, 0x3a, 0x5e, 0x3a, 0x66, 0x5a, 0x66,
    0x3a, 0x5e, 0x3b, 0x66, 0x5a, 0x66, 0x5a, 0x66, 0x3a, 0x5e, 0x3a, 0x66,
    0x5a, 0x5e, 0x5a, 0x66, 0x3a, 0x5e, 0x5a, 0x5e, 0x5a, 0x66, 0x3a, 0x5e,
    0x5b, 0x66, 0x5a, 0x66, 0x3a, 0x5e, 0x3a, 0x66, 0x3a, 0x66, 0x5a, 0x66,
    0x5a, 0x5e, 0x3a, 0x66, 0x5b, 0x66, 0x5b, 0x5e, 0x33, 0x85, 0x80, 0xf3,
    0x40, 0xf4, 0x80, 0xfc, 0xc0, 0xfc, 0xa0, 0xf4, 0xc0, 0xfc, 0xa0, 0xf4,
    0xa0, 0xfc, 0x80, 0xf4, 0x40, 0xfc, 0xe0, 0xf3, 0x41, 0xeb, 0x95, 0x6d,
    0x3a, 0x66, 0x3a, 0x5e, 0x5a, 0x5e, 0x93, 0x7d, 0xe2, 0xe3, 0x20, 0xf4,
    0x00, 0xf4, 0xc4, 0xeb, 0xd5, 0x75, 0x5b, 0x5e, 0x5a, 0x66, 0x3a, 0x66,
    0x3a, 0x5e, 0x3a, 0x66, 0x3a, 0x66, 0x5b, 0x5e, 0x7b, 0x56, 0x96, 0x75,
    0x2f, 0x9c, 0x49, 0xc3, 0xe6, 0xd2, 0xa5, 0xda, 0xc5, 0xda, 0xc5, 0xd2,
    0xe8, 0xc2, 0x8b, 0xb3, 0x30, 0x94, 0xb6, 0x65, 0x7b, 0x56, 0x9b, 0x56,
    0x3a, 0x5e, 0x3a, 0x5e, 0x5a, 0x56, 0xac, 0x9b, 0x20, 0xc2, 0xe0, 0xb1,
    0x22, 0xd4, 0x42, 0xd4, 0x22, 0xd4, 0x42, 0xd4, 0x42, 0xd4, 0x42, 0xd4,
    0x42, 0xd4, 0x42, 0xd4, 0x42, 0xd4, 0x62, 0xd4, 0x22, 0xd4, 0x42, 0xd4,
    0x42, 0xd4, 0x62, 0xd4, 0x82, 0xdc, 0xc2, 0xe4, 0x02, 0xed, 0x02, 0xed,
    0x22, 0xed, 0x22, 0xed, 0x22, 0xed, 0x42, 0xf5, 0x42, 0xf5, 0x42, 0xed,
    0x62, 0xf5, 0x42, 0xf5, 0x62, 0xf5, 0x81, 0xf4, 0x00, 0xf4, 0x20, 0xf4,
    0x00, 0xfc, 0x20, 0xfc, 0x20, 0xf4, 0x20, 0xfc, 0x00, 0xfc, 0x00, 0xf4,
    0x00, 0xf4, 0xe0, 0xf3, 0xc0, 0xf3, 0xc0, 0xf3, 0xc0, 0xf3, 0xa0, 0xf3,
    0x80, 0xf3, 0x60, 0xeb, 0x40, 0xeb, 0x20, 0xeb, 0x00, 0xeb, 0x00, 0xeb,
    0xa2, 0xb1, 0xc3, 0x90, 0xc3, 0x98, 0xc3, 0x98, 0xe3, 0x98, 0xc3, 0xa0,
    0xe4, 0xa0, 0xc3, 0x98, 0x0c, 0x83, 0x1a, 0x5e, 0x3a, 0x5e, 0x3b, 0x4e,
    0xd5, 0x65, 0x83, 0xdb, 0xc0, 0xfb, 0x00, 0xf4, 0xa0, 0xf3, 0x43, 0xdb,
    0x6b, 0x64, 0xf1, 0x34, 0xd0, 0x3c, 0xf0, 0x3c, 0xf1, 0x3c, 0x2c, 0x6c,
    0xc0, 0xf3, 0x80, 0xf4, 0xa0, 0xfc, 0xa0, 0xf4, 0xa0, 0xf4, 0xa0, 0xf4,
    0x80, 0xfc, 0x60, 0xf4, 0x00, 0xf4, 0xa0, 0xfb, 0xe7, 0x9b, 0x90, 0x34,
    0x8f, 0x34, 0x6c, 0x64, 0x41, 0xf4, 0xe0, 0xfc, 0x00, 0xfd, 0x20, 0xfd,
    0x20, 0xf5, 0x00, 0xfd, 0xc0, 0xfc, 0x80, 0xf4, 0xc0, 0xf3, 0x0c, 0x54,
    0x4f, 0x34, 0x4f, 0x34, 0x4f, 0x3c, 0x4f, 0x34, 0x4f, 0x34, 0x4f, 0x34,
    0x4f, 0x34, 0x06, 0x9b, 0xe6, 0x9a, 0xe6, 0x9a, 0xe6, 0xa2, 0xe6, 0xa2,
    0x06, 0xa3, 0xe5, 0xa2, 0x05, 0xa3, 0xe5, 0xa2, 0xe5, 0x9a, 0xc5, 0x9a,
    0xc6, 0x9a, 0xa6, 0x9a, 0xa5, 0x92, 0xa5, 0x9a, 0xa6, 0x9a, 0xa5, 0x92,
    0xc8, 0x82, 0xe9, 0x82, 0xe9, 0x7a, 0x4d, 0x55, 0x2e, 0x55, 0x2e, 0x55,
    0x2f, 0x4d, 0x2e, 0x4d, 0x4f, 0x55, 0x2e, 0x55, 0x4e, 0x55, 0x4f, 0x55,
    0x4f, 0x4d, 0x4e, 0x55, 0x4f, 0x55, 0x4f, 0x55, 0x4f, 0x55, 0x71, 0x55,
    0x17, 0x5e, 0x39, 0x66, 0x3a, 0x66, 0x5a, 0x66, 0x5a, 0x66, 0x5a, 0x66,
    0x3a, 0x66, 0x5a, 0x66, 0x3a, 0x66, 0x5b, 0x6e, 0x5a, 0x66, 0x5a, 0x66,
    0x5a, 0x66, 0x5a, 0x6e, 0x5a, 0x6e, 0x5a, 0x66, 0x5a, 0x66, 0x5a, 0x66,
    0x5b, 0x66, 0x5a, 0x66, 0x5a, 0x66, 0x3a, 0x66, 0x3a, 0x66, 0x5b, 0x66,
    0x5a, 0x66, 0x5a, 0x66, 0x5a, 0x66, 0x5a, 0x66, 0x5a, 0x66, 0x3a, 0x66,
    0x5a, 0x66, 0x5a, 0x5e, 0x5b, 0x66, 0x3a, 0x66, 0x3b, 0x66, 0x3a, 0x5e,
    0x5b, 0x66, 0x3a, 0x66, 0x5a, 0x66, 0x3a, 0x5e, 0x5b, 0x66, 0x3a, 0x66,
    0x5a, 0x5e, 0x3a, 0x66, 0x3a, 0x5e, 0x3a, 0x66, 0x5b, 0x66, 0x3a, 0x5e,
    0x5a, 0x5e, 0x3a, 0x66, 0x5a, 0x66, 0x3a, 0x66, 0x5a, 0x5e, 0x65, 0xd3,
    0xc0, 0xf3, 0x20, 0xf4, 0x40, 0xf4, 0x80, 0xf4, 0x80, 0xf4, 0x80, 0xfc,
    0x80, 0xfc, 0x60, 0xf4, 0x40, 0xf4, 0x20, 0xf4, 0xc0, 0xeb, 0x67, 0xc3,
    0x7b, 0x5e, 0x5a, 0x66, 0xb4, 0x7d, 0x41, 0xf4, 0xe0, 0xfc, 0x00, 0xfd,
    0x00, 0xfd, 0xc0, 0xf4, 0xa1, 0xeb, 0xb4, 0x7d, 0x3a, 0x5e, 0x3a, 0x5e,
    0x3a, 0x66, 0x3a, 0x5e, 0x3a, 0x5e, 0x3a, 0x5e, 0x3b, 0x66, 0x3a, 0x5e,
    0x3a, 0x66, 0x5b, 0x5e, 0x7b, 0x56, 0x7c, 0x56, 0x7b, 0x56, 0x7b, 0x56,
    0x3b, 0x5e, 0x3b, 0x5e, 0x3a, 0x66, 0x3a, 0x5e, 0x3a, 0x5e, 0x3a, 0x66,
    0x3a, 0x5e, 0x3a, 0x5e, 0x5a, 0x5e, 0x45, 0xba, 0x01, 0xc2, 0xe1, 0xc2,
    0x42, 0xd4, 0x42, 0xdc, 0x62, 0xd4, 0x42, 0xdc, 0x42, 0xd4, 0x42, 0xd4,
    0x42, 0xdc, 0x42, 0xdc, 0x42, 0xd4, 0x42, 0xd4, 0x62, 0xdc, 0x62, 0xdc,
    0x62, 0xd4, 0xa2, 0xdc, 0xe2, 0xe4, 0x02, 0xed, 0x02, 0xed, 0x22, 0xed,
    0x42, 0xf5, 0x42, 0xf5, 0x42, 0xf5, 0x62, 0xf5, 0x62, 0xf5, 0x62, 0xf5,
    0x62, 0xf5, 0x62, 0xf5, 0x82, 0xf5, 0x61, 0xf4, 0x20, 0xf4, 0x20, 0xf4,
    0x40, 0xfc, 0x20, 0xf4, 0x40, 0xf4, 0x40, 0xfc, 0x20, 0xf4, 0x20, 0xfc,
    0x20, 0xf4, 0x20, 0xfc, 0x00, 0xf4, 0xe0, 0xf3, 0xe0, 0xf3, 0xe0, 0xf3,
    0xa0, 0xf3, 0x80, 0xf3, 0x60, 0xf3, 0x40, 0xeb, 0x20, 0xeb, 0x00, 0xe3,
    0xc1, 0xda, 0xc3, 0x88, 0xc3, 0x90, 0xc3, 0x98, 0xe3, 0x98, 0xe4, 0x98,
    0xc3, 0xa0, 0xe3, 0xa0, 0x8f, 0x7b, 0x1a, 0x5e, 0x3a, 0x5e, 0xb7, 0x6d,
    0x22, 0xec, 0xe0, 0xfc, 0xe0, 0xfc, 0xc0, 0xfc, 0xa0, 0xf4, 0x60, 0xf4,
    0x21, 0xf4, 0xe7, 0xa3, 0xd1, 0x34, 0xd0, 0x3c, 0xd1, 0x3c, 0x6f, 0x54,
    0x80, 0xf3, 0x20, 0xf4, 0x60, 0xfc, 0x60, 0xf4, 0x60, 0xf4, 0x40, 0xf4,
    0x20, 0xf4, 0x00, 0xf4, 0xc0, 0xf3, 0x61, 0xf3, 0x0b, 0x74, 0x8f, 0x34,
    0x8b, 0x64, 0x41, 0xf4, 0xe0, 0xfc, 0x00, 0xfd, 0x40, 0xfd, 0x20, 0xfd,
    0x00, 0xfd, 0x00, 0xfd, 0xc0, 0xfc, 0x80, 0xf4, 0xc0, 0xf3, 0xca, 0x7b,
    0x4f, 0x34, 0x4f, 0x34, 0x4f, 0x34, 0x50, 0x34, 0x4f, 0x34, 0x4f, 0x34,
    0x50, 0x34, 0x06, 0x9b, 0xe6, 0xa2, 0x06, 0x9b, 0xe6, 0xa2, 0xe6, 0xa2,
    0xe6, 0xa2, 0xe5, 0xa2, 0xe6, 0xa2, 0xe6, 0xa2, 0xe5, 0xa2, 0xc6, 0x9a,
    0xa5, 0x92, 0xa5, 0x9a, 0xa6, 0x9a, 0xa5, 0x9a, 0xa5, 0x92, 0xa6, 0x92,
    0xc8, 0x82, 0xc9, 0x82, 0xa9, 0x82, 0xac, 0x5c, 0x2e, 0x4d, 0x0e, 0x4d,
    0x2e, 0x55, 0x2f, 0x4d, 0x2f, 0x55, 0x4f, 0x4d, 0x2f, 0x4d, 0x4f, 0x55,
    0x4f, 0x55, 0x4f, 0x4d, 0x4f, 0x55, 0x4e, 0x55, 0x4f, 0x55, 0x4f, 0x55,
    0x92, 0x55, 0xd4, 0x5d, 0xd5, 0x5d, 0x17, 0x66, 0x39, 0x66, 0x5a, 0x6e,
    0x5a, 0x66, 0x5a, 0x66, 0x5b, 0x6e, 0x5a, 0x66, 0x5a, 0x66, 0x5a, 0x66,
    0x5a, 0x66, 0x5b, 0x66, 0x5a, 0x66, 0x5a, 0x6e, 0x5a, 0x66, 0x5a, 0x66,
    0x3a, 0x66, 0x5a, 0x66, 0x5b, 0x66, 0x5a, 0x66, 0x5a, 0x66, 0x3a, 0x66,
    0x5a, 0x66, 0x5b, 0x66, 0x3a, 0x66, 0x5a, 0x66, 0x5a, 0x66, 0x3a, 0x5e,
    0x3a, 0x66, 0x5a, 0x66, 0x5a, 0x66, 0x5a, 0x66, 0x5a, 0x66, 0x5a, 0x66,
    0x3a, 0x66, 0x5a, 0x66, 0x5a, 0x66, 0x3a, 0x66, 0x3a, 0x5e, 0x5a, 0x66,
    0x3a, 0x66, 0x5a, 0x66, 0x5b, 0x66, 0x3a, 0x5e, 0x5a, 0x66, 0x5a, 0x66,
    0x3a, 0x66, 0x5a, 0x5e, 0x3a, 0x66, 0x5a, 0x66, 0x3a, 0x66, 0x95, 0x75,
    0x01, 0xeb, 0xc0, 0xf3, 0x00, 0xf4, 0x40, 0xf4, 0x40, 0xf4, 0x60, 0xf4,
    0x60, 0xf4, 0x40, 0xfc, 0x20, 0xf4, 0x20, 0xf4, 0xc0, 0xf3, 0x01, 0xeb,
    0x75, 0x75, 0x59, 0x5e, 0x04, 0xdc, 0xc1, 0xf4, 0x01, 0xfd, 0x40, 0xfd,
    0x20, 0xfd, 0x00, 0xfd, 0xa0, 0xf4, 0xa3, 0xe3, 0x39, 0x5e, 0x3a, 0x5e,
    0x3a, 0x66, 0x3a, 0x66, 0x3a, 0x5e, 0x5a, 0x66, 0x5a, 0x5e, 0x3a, 0x66,
    0x3a, 0x5e, 0x3a, 0x66, 0x3a, 0x66, 0x5a, 0x66, 0x5a, 0x66, 0x5a, 0x66,
    0x3a, 0x66, 0x3a, 0x66, 0x3a, 0x5e, 0x3b, 0x5e, 0x3a, 0x5e, 0x3a, 0x66,
    0x3a, 0x5e, 0x3a, 0x5e, 0xd8, 0x65, 0xc1, 0xc9, 0xe1, 0xb9, 0x42, 0xd4,
    0x42, 0xd4, 0x43, 0xdc, 0x62, 0xdc, 0x62, 0xdc, 0x62, 0xdc, 0x62, 0xdc,
    0x62, 0xd4, 0x62, 0xd4, 0x42, 0xdc, 0x42, 0xd4, 0x62, 0xdc, 0x62, 0xdc,
    0xa2, 0xe4, 0xe2, 0xe4, 0x02, 0xed, 0x22, 0xed, 0x22, 0xed, 0x42, 0xf5,
    0x42, 0xf5, 0x42, 0xf5, 0x62, 0xf5, 0x62, 0xf5, 0x62, 0xf5, 0x82, 0xf5,
    0x62, 0xf5, 0x82, 0xf5, 0x62, 0xf5, 0x40, 0xf4, 0x20, 0xf4, 0x40, 0xf4,
    0x40, 0xfc, 0x40, 0xf4, 0x40, 0xfc, 0x60, 0xfc, 0x40, 0xf4, 0x60, 0xfc,
    0x40, 0xfc, 0x40, 0xf4, 0x20, 0xfc, 0x20, 0xf4, 0x00, 0xf4, 0xe0, 0xf3,
    0xe0, 0xf3, 0xa0, 0xf3, 0x80, 0xf3, 0x60, 0xeb, 0x40, 0xeb, 0x00, 0xeb,
    0x00, 0xeb, 0x82, 0xa9, 0xc3, 0x90, 0xe3, 0x98, 0xc3, 0x98, 0xe3, 0x98,
    0xc3, 0xa0, 0xc3, 0xa0, 0x93, 0x74, 0x1a, 0x66, 0x3a, 0x5e, 0x28, 0xcc,
    0xc1, 0xf4, 0x00, 0xfd, 0x20, 0xfd, 0x20, 0xfd, 0x00, 0xfd, 0xe0, 0xfc,
    0x80, 0xf4, 0xe0, 0xfb, 0xe8, 0x93, 0xd0, 0x34, 0xd1, 0x3c, 0x91, 0x3c,
    0x01, 0xeb, 0xe0, 0xf3, 0x00, 0xf4, 0x20, 0xf4, 0x20, 0xf4, 0x00, 0xf4,
    0x00, 0xf4, 0xc0, 0xf3, 0x80, 0xf3, 0x61, 0xeb, 0x4d, 0x54, 0x6c, 0x54,
    0x01, 0xec, 0x80, 0xfc, 0xc0, 0xfc, 0x20, 0xfd, 0x20, 0xfd, 0x00, 0xf5,
    0x00, 0xfd, 0xe0, 0xf4, 0xa0, 0xfc, 0x40, 0xf4, 0x80, 0xf3, 0xcb, 0x6b,
    0x4f, 0x3c, 0x4f, 0x34, 0x4f, 0x34, 0x50, 0x34, 0x4f, 0x34, 0x4f, 0x34,
    0x50, 0x34, 0xe6, 0x9a, 0x06, 0x9b, 0xe6, 0xa2, 0xe6, 0xa2, 0xe6, 0x9a,
    0x06, 0xa3, 0xe5, 0xa2, 0xe6, 0xa2, 0xe6, 0xa2, 0xe5, 0xa2, 0xc6, 0x9a,
    0xa6, 0x9a, 0xa5, 0x9a, 0xa5, 0x9a, 0xa5, 0x92, 0xa5, 0x9a, 0x85, 0x92,
    0xc8, 0x82, 0xe9, 0x82, 0xc9, 0x82, 0xeb, 0x63, 0x0e, 0x4d, 0x0f, 0x4d,
    0x2f, 0x55, 0x0f, 0x55, 0x2f, 0x4d, 0x2f, 0x4d, 0x2f, 0x4d, 0x2e, 0x55,
    0x2f, 0x55, 0x4f, 0x55, 0x4f, 0x4d, 0x4f, 0x55, 0x2e, 0x4d, 0x4f, 0x55,
    0x4f, 0x55, 0x50, 0x55, 0x70, 0x55, 0x92, 0x55, 0x17, 0x5e, 0x3a, 0x66,
    0x5a, 0x66, 0x5a, 0x66, 0x5a, 0x66, 0x5a, 0x6e, 0x5a, 0x66, 0x5a, 0x6e,
    0x5a, 0x6e, 0x5a, 0x66, 0x5a, 0x66, 0x5a, 0x6e, 0x5a, 0x66, 0x5b, 0x66,
    0x5a, 0x6e, 0x5a, 0x66, 0x5a, 0x66, 0x5a, 0x66, 0x5a, 0x66, 0x5a, 0x66,
    0x3a, 0x66, 0x3a, 0x66, 0x5a, 0x66, 0x5b, 0x66, 0x5a, 0x66, 0x5a, 0x66,
    0x5b, 0x66, 0x5a, 0x66, 0x3a, 0x66, 0x3a, 0x5e, 0x5a, 0x66, 0x5a, 0x66,
    0x3a, 0x5e, 0x5a, 0x66, 0x5b, 0x66, 0x3a, 0x66, 0x3a, 0x66, 0x3a, 0x66,
    0x5a, 0x66, 0x3b, 0x66, 0x5a, 0x66, 0x3a, 0x66, 0x3a, 0x66, 0x3b, 0x5e,
    0x3b, 0x5e, 0x3a, 0x66, 0x3a, 0x5e, 0x5b, 0x5e, 0x5a, 0x66, 0x5b, 0x5e,
    0xec, 0xb3, 0x60, 0xeb, 0x80, 0xf3, 0xe0, 0xf3, 0x20, 0xf4, 0x20, 0xf4,
    0x20, 0xfc, 0x20, 0xf4, 0x00, 0xf4, 0xe0, 0xf3, 0xa0, 0xf3, 0x81, 0xf3,
    0xa7, 0xcb, 0x73, 0x7d, 0x60, 0xf4, 0xe0, 0xfc, 0x20, 0xfd, 0x40, 0xfd,
    0x40, 0xfd, 0x20, 0xfd, 0xc0, 0xfc, 0x21, 0xf4, 0x0a, 0xbc, 0x7b, 0x5e,
    0x3a, 0x66, 0x5a, 0x66, 0x5a, 0x66, 0x5a, 0x66, 0x3a, 0x66, 0x5a, 0x5e,
    0x3a, 0x66, 0x3a, 0x5e, 0x3a, 0x66, 0x3a, 0x66, 0x5a, 0x66, 0x3a, 0x66,
    0x5a, 0x66, 0x3a, 0x66, 0x5a, 0x66, 0x5a, 0x66, 0x3a, 0x5e, 0x3a, 0x66,
    0x3a, 0x66, 0x5b, 0x5e, 0x50, 0x8c, 0x00, 0xca, 0xe1, 0xc2, 0x42, 0xdc,
    0x62, 0xdc, 0x83, 0xdc, 0x82, 0xdc, 0x62, 0xdc, 0x82, 0xdc, 0x62, 0xdc,
    0x62, 0xdc, 0x62, 0xd4, 0x62, 0xd4, 0x62, 0xdc, 0x82, 0xdc, 0xc2, 0xdc,
    0x02, 0xed, 0x22, 0xed, 0x22, 0xf5, 0x22, 0xf5, 0x42, 0xed, 0x42, 0xf5,
    0x42, 0xf5, 0x62, 0xf5, 0x82, 0xf5, 0x62, 0xf5, 0x82, 0xf5, 0x82, 0xf5,
    0x62, 0xf5, 0x62, 0xf5, 0x20, 0xf5, 0x40, 0xf4, 0x40, 0xfc, 0x40, 0xfc,
    0x60, 0xf4, 0x60, 0xf4, 0x60, 0xfc, 0x60, 0xf4, 0x60, 0xfc, 0x60, 0xf4,
    0x60, 0xfc, 0x40, 0xf4, 0x60, 0xf4, 0x40, 0xfc, 0x20, 0xf4, 0x20, 0xf4,
    0x00, 0xf4, 0xe0, 0xf3, 0xc0, 0xf3, 0x80, 0xf3, 0x60, 0xeb, 0x20, 0xeb,
    0x00, 0xeb, 0xe0, 0xe2, 0xa3, 0x90, 0xc3, 0x90, 0xc3, 0x98, 0xe4, 0x98,
    0xe4, 0xa0, 0xc3, 0xa0, 0x76, 0x65, 0x1a, 0x5e, 0x3a, 0x5e, 0xe2, 0xeb,
    0xe0, 0xfc, 0x40, 0xfd, 0x40, 0xfd, 0x40, 0xfd, 0x20, 0xfd, 0x00, 0xfd,
    0xc0, 0xfc, 0x60, 0xf4, 0x01, 0xf4, 0x6b, 0x64, 0xf1, 0x34, 0xb1, 0x34,
    0xe2, 0xd2, 0xa0, 0xeb, 0xc0, 0xf3, 0xc0, 0xf3, 0xa0, 0xf3, 0xa0, 0xf3,
    0x80, 0xeb, 0x80, 0xeb, 0x40, 0xeb, 0x43, 0xd3, 0x6f, 0x2c, 0xe2, 0xe3,
    0x40, 0xf4, 0xa0, 0xfc, 0xe0, 0xfc, 0x00, 0xfd, 0x00, 0xf5, 0x00, 0xfd,
    0xe0, 0xfc, 0xa0, 0xfc, 0x60, 0xf4, 0xc0, 0xeb, 0x21, 0xe3, 0x6f, 0x3c,
    0x6f, 0x3c, 0x50, 0x34, 0x50, 0x34, 0x4f, 0x34, 0x4f, 0x34, 0x50, 0x34,
    0x4f, 0x34, 0xe6, 0x9a, 0xe6, 0x9a, 0xe6, 0x9a, 0xe6, 0xa2, 0xe6, 0xa2,
    0xe5, 0x9a, 0xe6, 0xa2, 0xe5, 0xa2, 0x05, 0xa3, 0xe5, 0xa2, 0xc6, 0x9a,
    0xa5, 0x92, 0xa5, 0x92, 0xa6, 0x9a, 0xa6, 0x9a, 0xa5, 0x9a, 0x85, 0x92,
    0xc8, 0x82, 0xc8, 0x82, 0xe8, 0x7a, 0x8a, 0x73, 0x2f, 0x4d, 0x0f, 0x55,
    0x0f, 0x4d, 0x2e, 0x4d, 0x0f, 0x55, 0x2f, 0x4d, 0x2f, 0x4d, 0x2f, 0x4d,
    0x2f, 0x55, 0x2f, 0x4d, 0x2f, 0x55, 0x2f, 0x55, 0x2f, 0x4d, 0x4f, 0x55,
    0x2f, 0x55, 0x4f, 0x55, 0x4f, 0x55, 0x4f, 0x55, 0xd4, 0x5d, 0x38, 0x66,
    0x5a, 0x66, 0x5a, 0x66, 0x5a, 0x66, 0x3a, 0x66, 0x5a, 0x66, 0x5a, 0x66,
    0x5a, 0x6e, 0x5a, 0x66, 0x5b, 0x66, 0x5a, 0x6e, 0x5a, 0x66, 0x5b, 0x66,
    0x5a, 0x66, 0x5a, 0x66, 0x3a, 0x66, 0x3a, 0x66, 0x5b, 0x66, 0x5a, 0x66,
    0x5a, 0x66, 0x3a, 0x66, 0x5a, 0x66, 0x3a, 0x5e, 0x5b, 0x66, 0x5a, 0x66,
    0x3a, 0x66, 0x5a, 0x66, 0x5b, 0x66, 0x5a, 0x66, 0x5a, 0x66, 0x5a, 0x66,
    0x5a, 0x66, 0x5a, 0x66, 0x5a, 0x5e, 0x5a, 0x66, 0x5a, 0x66, 0x5a, 0x5e,
    0x3a, 0x66, 0x5a, 0x66, 0x7b, 0x5e, 0x39, 0x5e, 0x52, 0x95, 0xcc, 0xb4,
    0xaa, 0xbc, 0xed, 0xac, 0x73, 0x8d, 0x59, 0x5e, 0x7b, 0x5e, 0x3a, 0x66,
    0x5a, 0x5e, 0x05, 0xd3, 0x60, 0xeb, 0xa0, 0xf3, 0xe0, 0xf3, 0x00, 0xf4,
    0x00, 0xf4, 0x00, 0xf4, 0xe0, 0xf3, 0xe0, 0xf3, 0xe0, 0xf3, 0xc0, 0xeb,
    0xa1, 0xeb, 0xa5, 0xcb, 0x60, 0xfc, 0xe0, 0xfc, 0x20, 0xfd, 0x40, 0xfd,
    0x20, 0xfd, 0x20, 0xfd, 0xe0, 0xfc, 0x60, 0xf4, 0x61, 0xeb, 0x18, 0x66,
    0x3a, 0x66, 0x3a, 0x5e, 0x5a, 0x66, 0x3b, 0x66, 0x3a, 0x5e, 0x5a, 0x66,
    0x5a, 0x66, 0x5a, 0x5e, 0x3a, 0x5e, 0x3a, 0x66, 0x3a, 0x5e, 0x3a, 0x66,
    0x5a, 0x5e, 0x3a, 0x5e, 0x3a, 0x66, 0x3a, 0x5e, 0x3a, 0x66, 0x3a, 0x66,
    0x3a, 0x5e, 0x5a, 0x5e, 0x24, 0xc2, 0x00, 0xc2, 0x42, 0xdc, 0x62, 0xdc,
    0x42, 0xdc, 0x41, 0xdc, 0x42, 0xdc, 0x62, 0xdc, 0x82, 0xdc, 0x82, 0xdc,
    0x62, 0xdc, 0x62, 0xdc, 0x82, 0xdc, 0x82, 0xdc, 0xc2, 0xdc, 0x22, 0xed,
    0x42, 0xed, 0x22, 0xed, 0x42, 0xf5, 0x42, 0xf5, 0x42, 0xf5, 0x62, 0xf5,
    0x62, 0xf5, 0x62, 0xf5, 0x41, 0xf5, 0x21, 0xf5, 0x20, 0xf5, 0x00, 0xf5,
    0x00, 0xf5, 0x41, 0xf5, 0xa2, 0xfd, 0x40, 0xf4, 0x40, 0xf4, 0x60, 0xfc,
    0x60, 0xfc, 0x80, 0xfc, 0x80, 0xfc, 0x60, 0xfc, 0x60, 0xf4, 0x60, 0xf4,
    0x60, 0xfc, 0x60, 0xfc, 0x60, 0xfc, 0x60, 0xfc, 0x40, 0xfc, 0x40, 0xf4,
    0x20, 0xfc, 0x00, 0xf4, 0xe0, 0xf3, 0xa0, 0xf3, 0x80, 0xf3, 0x60, 0xeb,
    0x21, 0xeb, 0x00, 0xeb, 0xa2, 0xb1, 0xc3, 0x90, 0xc3, 0x98, 0xe3, 0x98,
    0xc4, 0xa0, 0x25, 0x99, 0x7b, 0x4e, 0x3a, 0x5e, 0x3a, 0x5e, 0xe2, 0xeb,
    0xc0, 0xfc, 0x40, 0xfd, 0x40, 0xfd, 0x60, 0xfd, 0x40, 0xfd, 0x20, 0xfd,
    0xe0, 0xfc, 0xc0, 0xfc, 0x40, 0xf4, 0xa2, 0xdb, 0xd1, 0x34, 0xd1, 0x3c,
    0x26, 0xa3, 0x60, 0xeb, 0x80, 0xeb, 0x80, 0xeb, 0x80, 0xeb, 0x80, 0xeb,
    0x60, 0xeb, 0x40, 0xeb, 0x20, 0xeb, 0xc9, 0x83, 0x06, 0xa4, 0xe0, 0xf3,
    0x40, 0xf4, 0x80, 0xf4, 0xc0, 0xfc, 0xe0, 0xf4, 0xe0, 0xfc, 0xc0, 0xfc,
    0xc0, 0xf4, 0x80, 0xf4, 0x01, 0xf4, 0x80, 0xeb, 0x66, 0xa3, 0x6f, 0x34,
    0x50, 0x34, 0x4f, 0x34, 0x50, 0x34, 0x4f, 0x34, 0x4f, 0x3c, 0x50, 0x34,
    0x2f, 0x3c, 0xe6, 0xa2, 0xe6, 0x9a, 0xe6, 0xa2, 0xe6, 0xa2, 0xe5, 0xa2,
    0x06, 0xa3, 0xe6, 0xa2, 0xe5, 0xa2, 0xe5, 0x9a, 0xc6, 0x9a, 0xa5, 0x9a,
    0xa5, 0x92, 0xa6, 0x9a, 0xa5, 0x9a, 0xa5, 0x92, 0xa5, 0x92, 0x85, 0x92,
    0xc8, 0x82, 0xc9, 0x82, 0xe9, 0x7a, 0x09, 0x7b, 0x0e, 0x4d, 0x0f, 0x55,
    0x0f, 0x4d, 0x0f, 0x4d, 0x0f, 0x55, 0x0f, 0x55, 0x0f, 0x4d, 0x0f, 0x4d,
    0x2f, 0x55, 0x2f, 0x4d, 0x2f, 0x4d, 0x4f, 0x55, 0x2f, 0x4d, 0x4f, 0x55,
    0x2f, 0x4d, 0x4f, 0x55, 0x4f, 0x55, 0x4f, 0x55, 0x71, 0x55, 0xf6, 0x5d,
    0x39, 0x66, 0x3a, 0x66, 0x3a, 0x66, 0x5a, 0x66, 0x5b, 0x6e, 0x5a, 0x66,
    0x5a, 0x66, 0x5b, 0x6e, 0x5a, 0x66, 0x5a, 0x66, 0x5a, 0x66, 0x5a, 0x66,
    0x5a, 0x66, 0x5a, 0x66, 0x5a, 0x66, 0x5a, 0x66, 0x5a, 0x66, 0x5b, 0x66,
    0x5a, 0x66, 0x5a, 0x66, 0x5a, 0x66, 0x5a, 0x66, 0x3a, 0x66, 0x3a, 0x66,
    0x3a, 0x66, 0x5a, 0x66, 0x3a, 0x66, 0x3a, 0x66, 0x3a, 0x66, 0x5a, 0x66,
    0x3b, 0x5e, 0x5a, 0x66, 0x5a, 0x66, 0x5a, 0x5e, 0x3a, 0x66, 0x3a, 0x66,
    0x3a, 0x66, 0x39, 0x66, 0x28, 0xc4, 0x00, 0xfc, 0x60, 0xf4, 0xa0, 0xf4,
    0xc0, 0xf4, 0xa0, 0xfc, 0x60, 0xfc, 0xe1, 0xfb, 0x27, 0xcc, 0x94, 0x7d,
    0x7c, 0x5e, 0xf8, 0x6d, 0xc2, 0xda, 0x60, 0xeb, 0xa0, 0xf3, 0xc0, 0xf3,
    0xc0, 0xf3, 0x00, 0xf4, 0x20, 0xf4, 0x20, 0xf4, 0x00, 0xf4, 0x00, 0xf4,
    0x00, 0xf4, 0xe0, 0xf3, 0x60, 0xf4, 0xe0, 0xfc, 0x00, 0xfd, 0x20, 0xfd,
    0x40, 0xfd, 0x20, 0xfd, 0xe0, 0xfc, 0x80, 0xf4, 0xa0, 0xf3, 0xb0, 0x94,
    0x3a, 0x66, 0x3a, 0x66, 0x5b, 0x66, 0x3a, 0x5e, 0x3a, 0x66, 0x5a, 0x66,
    0x3a, 0x66, 0x3a, 0x66, 0x3a, 0x66, 0x3a, 0x66, 0x3a, 0x66, 0x5a, 0x66,
    0x3a, 0x5e, 0x5a, 0x66, 0x3a, 0x66, 0x3a, 0x5e, 0x3a, 0x5e, 0x5a, 0x5e,
    0x5a, 0x5e, 0x76, 0x75, 0xe1, 0xc9, 0xc1, 0xca, 0x82, 0xe4, 0x82, 0xdc,
    0x82, 0xdc, 0x82, 0xdc, 0x62, 0xdc, 0x41, 0xdc, 0x21, 0xd4, 0x01, 0xdc,
    0x21, 0xdc, 0x21, 0xdc, 0x41, 0xdc, 0x81, 0xe4, 0xc1, 0xec, 0xc1, 0xec,
    0xc1, 0xec, 0xe1, 0xec, 0xe1, 0xec, 0x01, 0xf5, 0x01, 0xf5, 0x00, 0xf5,
    0x00, 0xf5, 0x00, 0xf5, 0x20, 0xf5, 0x41, 0xf5, 0x61, 0xf5, 0xa2, 0xfd,
    0xc3, 0xfd, 0xc2, 0xf5, 0xa2, 0xfd, 0x20, 0xf4, 0x40, 0xf4, 0x60, 0xf4,
    0x80, 0xfc, 0x80, 0xfc, 0x80, 0xf4, 0x80, 0xfc, 0x80, 0xfc, 0x80, 0xf4,
    0x80, 0xfc, 0x60, 0xfc, 0x60, 0xf4, 0x60, 0xfc, 0x60, 0xfc, 0x40, 0xf4,
    0x40, 0xf4, 0x20, 0xf4, 0x01, 0xf4, 0xc0, 0xf3, 0xa0, 0xf3, 0x80, 0xeb,
    0x40, 0xeb, 0x20, 0xeb, 0xe0, 0xe2, 0xe3, 0x90, 0xc3, 0x98, 0xe3, 0x98,
    0xc3, 0x98, 0xeb, 0x82, 0x5b, 0x5e, 0x3a, 0x5e, 0x3a, 0x5e, 0x82, 0xe3,
    0x80, 0xf4, 0xe1, 0xfc, 0x20, 0xfd, 0x40, 0xfd, 0x40, 0xfd, 0x20, 0xfd,
    0xe0, 0xfc, 0xc0, 0xfc, 0x60, 0xf4, 0xe0, 0xf3, 0xc9, 0x8b, 0xd0, 0x44,
    0x44, 0xc3, 0x80, 0xeb, 0xc0, 0xf3, 0xa0, 0xf3, 0xa0, 0xf3, 0xa0, 0xeb,
    0x60, 0xeb, 0x40, 0xeb, 0x22, 0xd3, 0x0a, 0x7c, 0xa0, 0xfb, 0xe0, 0xf3,
    0x40, 0xf4, 0x80, 0xfc, 0xa0, 0xfc, 0xc0, 0xf4, 0xc0, 0xfc, 0xa0, 0xf4,
    0x80, 0xf4, 0x20, 0xf4, 0x80, 0xf3, 0x41, 0xeb, 0x4e, 0x44, 0x50, 0x34,
    0x4f, 0x3c, 0x70, 0x34, 0x50, 0x34, 0x4f, 0x34, 0x4f, 0x34, 0x4f, 0x34,
    0x2f, 0x3c, 0xe6, 0xa2, 0xe6, 0x9a, 0x06, 0x9b, 0xe6, 0x9a, 0xe6, 0x9a,
    0xe5, 0xa2, 0xe6, 0xa2, 0xe6, 0xa2, 0xe6, 0xa2, 0xc6, 0x9a, 0xa6, 0x92,
    0xa5, 0x9a, 0xa5, 0x92, 0xa5, 0x9a, 0xa5, 0x9a, 0xa6, 0x92, 0x85, 0x92,
    0xc8, 0x82, 0xc8, 0x82, 0xc9, 0x82, 0xc9, 0x82, 0xce, 0x54, 0x0f, 0x4d,
    0x0f, 0x4d, 0x0f, 0x4d, 0x0f, 0x55, 0x0f, 0x4d, 0x2f, 0x55, 0x2f, 0x55,
    0x2f, 0x4d, 0x2f, 0x4d, 0x2f, 0x4d, 0x4e, 0x55, 0x2e, 0x4d, 0x2f, 0x55,
    0x2f, 0x4d, 0x2f, 0x4d, 0x2f, 0x4d, 0x2f, 0x55, 0x50, 0x55, 0xb4, 0x5d,
    0xd6, 0x5d, 0x18, 0x66, 0x39, 0x66, 0x5a, 0x66, 0x5a, 0x66, 0x5a, 0x66,
    0x3a, 0x66, 0x5a, 0x66, 0x3a, 0x66, 0x5a, 0x66, 0x5a, 0x66, 0x3a, 0x66,
    0x5a, 0x6e, 0x5a, 0x66, 0x5b, 0x66, 0x5a, 0x66, 0x5a, 0x66, 0x3a, 0x66,
    0x5a, 0x66, 0x5a, 0x66, 0x5a, 0x66, 0x5a, 0x66, 0x5a, 0x66, 0x5a, 0x66,
    0x5a, 0x66, 0x3a, 0x66, 0x5a, 0x66, 0x5a, 0x5e, 0x3a, 0x66, 0x5a, 0x66,
    0x3b, 0x66, 0x3a, 0x66, 0x5a, 0x66, 0x3a, 0x5e, 0x5b, 0x66, 0x5a, 0x66,
    0x5b, 0x5e, 0xc6, 0xd3, 0x61, 0xf4, 0xe0, 0xf4, 0xe0, 0xfc, 0x00, 0xfd,
    0x20, 0xfd, 0x20, 0xfd, 0x00, 0xfd, 0xc0, 0xfc, 0x80, 0xf4, 0x00, 0xf4,
    0xc6, 0xd3, 0x94, 0x7d, 0x96, 0x6d, 0xe2, 0xea, 0x40, 0xf3, 0xc0, 0xeb,
    0x20, 0xf4, 0x20, 0xf4, 0x40, 0xf4, 0x40, 0xf4, 0x40, 0xf4, 0x00, 0xf4,
    0xa0, 0xf3, 0x20, 0xf4, 0x80, 0xfc, 0xc0, 0xfc, 0x00, 0xf5, 0x20, 0xfd,
    0x20, 0xfd, 0x00, 0xfd, 0xc0, 0xfc, 0x80, 0xf4, 0xc0, 0xf3, 0x2c, 0xac,
    0x3a, 0x66, 0x5a, 0x5e, 0x5a, 0x66, 0x5a, 0x66, 0x3a, 0x66, 0x3b, 0x5e,
    0x3a, 0x5e, 0x5a, 0x66, 0x3a, 0x5e, 0x5a, 0x5e, 0x5a, 0x66, 0x3a, 0x66,
    0x3a, 0x66, 0x3a, 0x5e, 0x3a, 0x66, 0x3a, 0x66, 0x3a, 0x66, 0x3a, 0x5e,
    0x7b, 0x5e, 0x4b, 0xab, 0x00, 0xc2, 0x62, 0xdc, 0xa2, 0xe4, 0xa2, 0xe4,
    0xa2, 0xdc, 0xa2, 0xe4, 0xa2, 0xdc, 0x82, 0xdc, 0x82, 0xdc, 0x82, 0xdc,
    0xa2, 0xdc, 0xe2, 0xe4, 0x02, 0xed, 0x22, 0xed, 0x01, 0xf5, 0x21, 0xf5,
    0x21, 0xf5, 0x21, 0xf5, 0x41, 0xf5, 0x41, 0xf5, 0x41, 0xf5, 0x62, 0xf5,
    0x82, 0xf5, 0xa2, 0xf5, 0xc2, 0xf5, 0xc2, 0xf5, 0xc3, 0xfd, 0xc2, 0xf5,
    0xc2, 0xf5, 0xc2, 0xfd, 0xa2, 0xf5, 0x20, 0xf4, 0x60, 0xfc, 0x60, 0xfc,
    0x60, 0xf4, 0x80, 0xf4, 0x80, 0xfc, 0x80, 0xfc, 0xa0, 0xfc, 0x80, 0xfc,
    0xa0, 0xfc, 0x80, 0xf4, 0x80, 0xf4, 0x80, 0xfc, 0x60, 0xfc, 0x60, 0xfc,
    0x40, 0xfc, 0x40, 0xfc, 0x20, 0xf4, 0xe0, 0xf3, 0xc0, 0xf3, 0x80, 0xf3,
    0x60, 0xf3, 0x40, 0xeb, 0x20, 0xeb, 0x61, 0xd2, 0xa3, 0x90, 0xc3, 0x90,
    0xc3, 0x98, 0x35, 0x65, 0x1a, 0x5e, 0x3a, 0x5e, 0x3a, 0x5e, 0x28, 0xc4,
    0x60, 0xf4, 0xe0, 0xf4, 0x00, 0xfd, 0x00, 0xfd, 0x00, 0xfd, 0xe0, 0xfc,
    0xc0, 0xfc, 0xa0, 0xfc, 0x60, 0xf4, 0xe0, 0xf3, 0x62, 0xd3, 0x64, 0xcb,
    0x80, 0xf3, 0xc0, 0xf3, 0xe0, 0xf3, 0x00, 0xf4, 0xe0, 0xf3, 0x00, 0xf4,
    0x00, 0xf4, 0x00, 0xf4, 0xc0, 0xf3, 0xa0, 0xf3, 0xa0, 0xeb, 0xc0, 0xf3,
    0x20, 0xf4, 0x40, 0xf4, 0x80, 0xfc, 0xa0, 0xf4, 0xa0, 0xf4, 0x60, 0xfc,
    0x20, 0xf4, 0xa0, 0xeb, 0x41, 0xeb, 0x89, 0x8b, 0x30, 0x34, 0x50, 0x34,
    0x4f, 0x34, 0x4f, 0x34, 0x4f, 0x3c, 0x4f, 0x34, 0x4f, 0x34, 0x4f, 0x34,
    0x2e, 0x44, 0xe6, 0xa2, 0xe6, 0x9a, 0xe5, 0x9a, 0xe6, 0xa2, 0xe6, 0xa2,
    0xe5, 0xa2, 0xe5, 0xa2, 0xe6, 0xa2, 0xc6, 0x9a, 0xa5, 0x9a, 0xa6, 0x92,
    0xa5, 0x92, 0xa6, 0x9a, 0xc6, 0x9a, 0xa5, 0x9a, 0xa5, 0x92, 0xe5, 0xa2,
    0xa8, 0x82, 0xc8, 0x82, 0xc9, 0x82, 0xc9, 0x82, 0x4d, 0x5c, 0xef, 0x4c,
    0xef, 0x4c, 0x0e, 0x4d, 0x0f, 0x4d, 0x0f, 0x4d, 0x0f, 0x4d, 0x0f, 0x4d,
    0x0f, 0x4d, 0x2f, 0x55, 0x2f, 0x4d, 0x2f, 0x4d, 0x2f, 0x55, 0x2f, 0x55,
    0x2f, 0x4d, 0x2f, 0x55, 0x2f, 0x4d, 0x2f, 0x4d, 0x2f, 0x55, 0x4f, 0x55,
    0x70, 0x55, 0xb3, 0x5d, 0xf7, 0x65, 0x39, 0x66, 0x3a, 0x66, 0x5a, 0x66,
    0x5a, 0x66, 0x5a, 0x6e, 0x5a, 0x66, 0x5a, 0x66, 0x5a, 0x66, 0x5a, 0x66,
    0x5a, 0x6e, 0x5a, 0x66, 0x5b, 0x66, 0x5a, 0x6e, 0x5a, 0x66, 0x5a, 0x66,
    0x5a, 0x66, 0x5a, 0x66, 0x3a, 0x66, 0x5a, 0x66, 0x5a, 0x66, 0x5a, 0x66,
    0x5a, 0x5e, 0x5a, 0x66, 0x5a, 0x66, 0x3a, 0x66, 0x5a, 0x66, 0x5a, 0x66,
    0x5a, 0x66, 0x3a, 0x66, 0x5a, 0x66, 0x3a, 0x66, 0x5a, 0x66, 0x5b, 0x66,
    0x74, 0x7d, 0xa0, 0xf3, 0xc0, 0xfc, 0x00, 0xfd, 0x00, 0xfd, 0x00, 0xfd,
    0x20, 0xfd, 0x00, 0xfd, 0x00, 0xfd, 0x00, 0xfd, 0xc0, 0xfc, 0x80, 0xfc,
    0x20, 0xf4, 0xc0, 0xf3, 0x63, 0xe3, 0x8d, 0x94, 0x81, 0xf3, 0x00, 0xf4,
    0x20, 0xf4, 0x40, 0xf4, 0x60, 0xfc, 0x80, 0xfc, 0x60, 0xfc, 0x40, 0xfc,
    0x00, 0xf4, 0x40, 0xf4, 0x60, 0xf4, 0xc0, 0xfc, 0xe0, 0xfc, 0x00, 0xfd,
    0x00, 0xfd, 0xe0, 0xf4, 0xa0, 0xf4, 0x40, 0xf4, 0xa0, 0xf3, 0x0c, 0xac,
    0x5a, 0x66, 0x5a, 0x66, 0x5a, 0x66, 0x5a, 0x66, 0x3a, 0x66, 0x5a, 0x5e,
    0x5a, 0x66, 0x3a, 0x5e, 0x3b, 0x66, 0x5a, 0x66, 0x3a, 0x5e, 0x5b, 0x66,
    0x3a, 0x5e, 0x3a, 0x5e, 0x3b, 0x66, 0x5a, 0x66, 0x3a, 0x66, 0x3b, 0x5e,
    0x19, 0x5e, 0x02, 0xd2, 0xc1, 0xca, 0xe2, 0xe4, 0xe3, 0xe4, 0xa2, 0xe4,
    0xc2, 0xe4, 0xa2, 0xe4, 0xa2, 0xe4, 0xa2, 0xe4, 0xa2, 0xe4, 0xc2, 0xe4,
    0x22, 0xed, 0x42, 0xed, 0x62, 0xf5, 0x82, 0xf5, 0x82, 0xf5, 0x82, 0xf5,
    0x82, 0xf5, 0x82, 0xf5, 0x82, 0xf5, 0x82, 0xf5, 0xa2, 0xf5, 0xa3, 0xf5,
    0xa2, 0xf5, 0xa2, 0xfd, 0xc3, 0xfd, 0xa3, 0xf5, 0xc2, 0xf5, 0xc2, 0xfd,
    0xc3, 0xfd, 0xc3, 0xfd, 0x82, 0xf5, 0x40, 0xf4, 0x60, 0xfc, 0x80, 0xfc,
    0x60, 0xfc, 0x80, 0xfc, 0x80, 0xfc, 0x80, 0xf4, 0xa0, 0xf4, 0xa0, 0xfc,
    0xa0, 0xfc, 0xa0, 0xfc, 0x80, 0xfc, 0x80, 0xfc, 0x80, 0xf4, 0x80, 0xfc,
    0x60, 0xfc, 0x40, 0xf4, 0x20, 0xf4, 0x00, 0xf4, 0xe0, 0xf3, 0xa0, 0xf3,
    0x80, 0xf3, 0x60, 0xeb, 0x20, 0xeb, 0x40, 0xeb, 0x62, 0xa9, 0xa3, 0x98,
    0xa6, 0x91, 0x7b, 0x56, 0x1a, 0x5e, 0x3a, 0x5e, 0x3a, 0x56, 0x11, 0x8d,
    0xe1, 0xeb, 0x60, 0xf4, 0xa0, 0xfc, 0xe0, 0xfc, 0xe0, 0xfc, 0xe0, 0xf4,
    0xc0, 0xfc, 0x80, 0xf4, 0x40, 0xf4, 0x00, 0xf4, 0xa1, 0xf3, 0x80, 0xeb,
    0xa0, 0xf3, 0xa0, 0xf3, 0xc0, 0xf3, 0xe0, 0xeb, 0x00, 0xf4, 0x00, 0xf4,
    0x20, 0xf4, 0x20, 0xf4, 0x20, 0xf4, 0x20, 0xf4, 0xe0, 0xf3, 0xa0, 0xeb,
    0xe0, 0xf3, 0x20, 0xf4, 0x40, 0xf4, 0x40, 0xf4, 0x40, 0xf4, 0x00, 0xf4,
    0xc0, 0xf3, 0x40, 0xeb, 0x24, 0xcb, 0x2f, 0x34, 0x2f, 0x34, 0x50, 0x3c,
    0x4f, 0x34, 0x4f, 0x34, 0x50, 0x34, 0x30, 0x34, 0x2f, 0x34, 0x50, 0x34,
    0xee, 0x3b, 0xc5, 0x9a, 0xe6, 0x9a, 0xe6, 0xa2, 0xe6, 0xa2, 0xe6, 0xa2,
    0xe6, 0xa2, 0x05, 0xa3, 0xe5, 0x9a, 0xc5, 0x9a, 0xa6, 0x9a, 0xa6, 0x92,
    0xa5, 0x92, 0xa5, 0x92, 0xc6, 0x9a, 0xa5, 0x92, 0xe5, 0xa2, 0x45, 0xb3,
    0xc8, 0x82, 0xc8, 0x82, 0xc9, 0x7a, 0xc9, 0x7a, 0xcb, 0x6b, 0xee, 0x4c,
    0x0f, 0x4d, 0x0f, 0x4d, 0x0f, 0x4d, 0x0f, 0x4d, 0x0f, 0x55, 0x0f, 0x4d,
    0x0f, 0x4d, 0x2f, 0x55, 0x2f, 0x4d, 0x2f, 0x55, 0x2f, 0x4d, 0x2f, 0x4d,
    0x2f, 0x4d, 0x2f, 0x55, 0x2f, 0x4d, 0x2f, 0x55, 0x2e, 0x4d, 0x4f, 0x4d,
    0x2f, 0x55, 0x4f, 0x55, 0xd4, 0x5d, 0x19, 0x66, 0x5a, 0x66, 0x5a, 0x66,
    0x5a, 0x6e, 0x5a, 0x6e, 0x5a, 0x66, 0x5a, 0x6e, 0x5a, 0x6e, 0x5b, 0x66,
    0x5a, 0x66, 0x5a, 0x6e, 0x5a, 0x66, 0x5a, 0x66, 0x5a, 0x66, 0x5a, 0x66,
    0x5a, 0x66, 0x5a, 0x66, 0x3a, 0x66, 0x5a, 0x66, 0x5a, 0x66, 0x3a, 0x66,
    0x5a, 0x66, 0x5a, 0x66, 0x5a, 0x66, 0x5a, 0x66, 0x3a, 0x66, 0x5a, 0x66,
    0x5b, 0x66, 0x5a, 0x66, 0x5a, 0x66, 0x3a, 0x66, 0x5a, 0x66, 0x5b, 0x66,
    0xae, 0x94, 0x00, 0xf4, 0xa0, 0xfc, 0xe0, 0xfc, 0x00, 0xfd, 0x20, 0xfd,
    0x00, 0xfd, 0x00, 0xf5, 0x00, 0xfd, 0xe0, 0xfc, 0xc0, 0xfc, 0x80, 0xf4,
    0x40, 0xfc, 0x01, 0xfc, 0xe0, 0xf3, 0xe0, 0xf3, 0x00, 0xf4, 0x40, 0xf4,
    0x60, 0xfc, 0x80, 0xfc, 0x80, 0xfc, 0xa0, 0xfc, 0x60, 0xf4, 0x40, 0xf4,
    0x20, 0xf4, 0x40, 0xf4, 0x60, 0xf4, 0x80, 0xfc, 0xa0, 0xfc, 0xc0, 0xf4,
    0xc0, 0xfc, 0xa0, 0xfc, 0x80, 0xf4, 0x20, 0xf4, 0x60, 0xf3, 0x0c, 0xa4,
    0x5a, 0x5e, 0x3b, 0x66, 0x3a, 0x66, 0x3a, 0x5e, 0x5a, 0x66, 0x3a, 0x66,
    0x3a, 0x66, 0x5a, 0x66, 0x3a, 0x66, 0x3a, 0x66, 0x3a, 0x66, 0x5a, 0x66,
    0x3a, 0x5e, 0x3a, 0x66, 0x3a, 0x5e, 0x3a, 0x5e, 0x5a, 0x5e, 0x5b, 0x5e,
    0x50, 0x8c, 0x01, 0xd2, 0x82, 0xe4, 0xc2, 0xe4, 0xc2, 0xe4, 0xe2, 0xe4,
    0xc2, 0xe4, 0xc2, 0xe4, 0xc2, 0xe4, 0xe2, 0xe4, 0x02, 0xed, 0x42, 0xed,
    0x63, 0xf5, 0x82, 0xf5, 0x82, 0xf5, 0x82, 0xf5, 0x83, 0xf5, 0xa2, 0xf5,
    0xa2, 0xf5, 0xa3, 0xf5, 0xa2, 0xf5, 0xa3, 0xfd, 0xa2, 0xf5, 0xc2, 0xf5,
    0xc3, 0xfd, 0xc2, 0xfd, 0xc3, 0xfd, 0xc2, 0xf5, 0xc2, 0xfd, 0xc3, 0xfd,
    0xc2, 0xf5, 0xc3, 0xf5, 0x42, 0xf5, 0x60, 0xfc, 0x80, 0xf4, 0x60, 0xf4,
    0x80, 0xfc, 0x80, 0xf4, 0x80, 0xfc, 0xa0, 0xfc, 0x80, 0xf4, 0xa0, 0xfc,
    0xa0, 0xf4, 0x80, 0xfc, 0x80, 0xfc, 0xa0, 0xfc, 0x80, 0xf4, 0x80, 0xf4,
    0x60, 0xfc, 0x60, 0xfc, 0x40, 0xfc, 0x20, 0xf4, 0xe0, 0xf3, 0xc0, 0xf3,
    0xa0, 0xf3, 0x80, 0xf3, 0x60, 0xeb, 0x40, 0xeb, 0x20, 0xeb, 0x02, 0x99,
    0x52, 0x74, 0x3a, 0x5e, 0x3a, 0x5e, 0x3a, 0x5e, 0x1a, 0x5e, 0xf8, 0x5d,
    0x41, 0xeb, 0x00, 0xec, 0x60, 0xf4, 0xa0, 0xfc, 0xa0, 0xfc, 0xa0, 0xf4,
    0x80, 0xfc, 0x60, 0xf4, 0x20, 0xf4, 0x00, 0xf4, 0xa0, 0xf3, 0xa0, 0xf3,
    0xa0, 0xeb, 0xa0, 0xeb, 0xc0, 0xf3, 0xe0, 0xf3, 0xe0, 0xf3, 0x20, 0xf4,
    0x20, 0xf4, 0x40, 0xf4, 0x60, 0xf4, 0x60, 0xf4, 0x40, 0xf4, 0xe0, 0xf3,
    0x80, 0xeb, 0xe0, 0xf3, 0xe0, 0xf3, 0xe0, 0xf3, 0xe0, 0xf3, 0x80, 0xeb,
    0x40, 0xeb, 0x02, 0xdb, 0x2f, 0x44, 0x30, 0x34, 0x4f, 0x34, 0x4f, 0x34,
    0x50, 0x34, 0x4f, 0x34, 0x2f, 0x34, 0x30, 0x34, 0x2f, 0x34, 0x2f, 0x34,
    0xed, 0x43, 0xe6, 0xa2, 0xc6, 0x9a, 0xc6, 0x9a, 0xe5, 0x9a, 0xe6, 0x9a,
    0xe6, 0xa2, 0xe6, 0xa2, 0xc6, 0x9a, 0xa5, 0x92, 0xc5, 0x9a, 0xa6, 0x92,
    0xa5, 0x92, 0xa5, 0x9a, 0xa5, 0x92, 0xc5, 0x9a, 0x45, 0xb3, 0x45, 0xb3,
    0xc8, 0x82, 0xc8, 0x82, 0xc9, 0x82, 0xc8, 0x7a, 0x2a, 0x73, 0x0f, 0x4d,
    0xef, 0x4c, 0xef, 0x4c, 0xef, 0x4c, 0x0f, 0x4d, 0x0f, 0x4d, 0x0f, 0x4d,
    0x0f, 0x4d, 0x0f, 0x4d, 0x0f, 0x55, 0x2f, 0x4d, 0x2f, 0x55, 0x0f, 0x4d,
    0x0f, 0x55, 0x0e, 0x4d, 0x2f, 0x4d, 0x2f, 0x55, 0x2f, 0x4d, 0x2f, 0x4d,
    0x4f, 0x55, 0x2f, 0x4d, 0x93, 0x55, 0x18, 0x5e, 0x39, 0x66, 0x3a, 0x66,
    0x3a, 0x66, 0x5a, 0x66, 0x5a, 0x66, 0x5a, 0x66, 0x5a, 0x66, 0x5a, 0x66,
    0x5a, 0x66, 0x5a, 0x66, 0x5a, 0x66, 0x3a, 0x66, 0x5a, 0x66, 0x3a, 0x66,
    0x5b, 0x66, 0x5a, 0x66, 0x5a, 0x66, 0x5b, 0x66, 0x5a, 0x66, 0x5a, 0x66,
    0x3a, 0x66, 0x5b, 0x66, 0x5a, 0x66, 0x5a, 0x66, 0x5a, 0x66, 0x5a, 0x66,
    0x3a, 0x66, 0x3a, 0x66, 0x5a, 0x66, 0x5a, 0x66, 0x5a, 0x5e, 0x5a, 0x66,
    0xcf, 0x94, 0xe0, 0xf3, 0x60, 0xf4, 0xa0, 0xfc, 0xe0, 0xfc, 0xe0, 0xfc,
    0x00, 0xfd, 0xe0, 0xfc, 0xc0, 0xfc, 0xa0, 0xfc, 0xa0, 0xf4, 0x80, 0xf4,
    0x20, 0xf4, 0xe0, 0xf3, 0xe0, 0xf3, 0x20, 0xf4, 0x40, 0xf4, 0x60, 0xfc,
    0x80, 0xfc, 0x80, 0xf4, 0xa0, 0xf4, 0x80, 0xfc, 0x80, 0xfc, 0x40, 0xf4,
    0x20, 0xf4, 0x40, 0xfc, 0x60, 0xfc, 0x80, 0xf4, 0x80, 0xf4, 0xa0, 0xf4,
    0xa0, 0xfc, 0x80, 0xfc, 0x20, 0xf4, 0xe0, 0xf3, 0x00, 0xf3, 0x12, 0x85,
    0x5a, 0x66, 0x5a, 0x66, 0x3b, 0x5e, 0x5a, 0x66, 0x3a, 0x5e, 0x5b, 0x66,
    0x3a, 0x5e, 0x3a, 0x5e, 0x3a, 0x5e, 0x3a, 0x5e, 0x3a, 0x66, 0x3a, 0x66,
    0x3a, 0x66, 0x5a, 0x5e, 0x3a, 0x66, 0x3a, 0x66, 0x5a, 0x66, 0x1a, 0x5e,
    0xe3, 0xc9, 0xc1, 0xca, 0xe2, 0xe4, 0xe2, 0xe4, 0xe2, 0xe4, 0xe2, 0xe4,
    0xe2, 0xe4, 0xe2, 0xe4, 0x02, 0xe5, 0x43, 0xed, 0x62, 0xf5, 0x82, 0xf5,
    0xa3, 0xf5, 0xa2, 0xf5, 0xa2, 0xf5, 0xa3, 0xf5, 0xa2, 0xf5, 0xa3, 0xfd,
    0xa2, 0xfd, 0xa2, 0xf5, 0xa3, 0xfd, 0xc2, 0xf5, 0xc3, 0xfd, 0xc3, 0xfd,
    0xc2, 0xf5, 0xc3, 0xf5, 0xe2, 0xfd, 0xe3, 0xf5, 0xe3, 0xfd, 0xe2, 0xf5,
    0xe3, 0xfd, 0xc2, 0xfd, 0x22, 0xf5, 0x60, 0xf4, 0x80, 0xfc, 0x80, 0xfc,
    0x80, 0xfc, 0x80, 0xf4, 0xa0, 0xfc, 0xa0, 0xfc, 0xa0, 0xfc, 0xa0, 0xfc,
    0xa0, 0xfc, 0xa0, 0xf4, 0xa0, 0xfc, 0xa0, 0xfc, 0xa0, 0xfc, 0xa0, 0xfc,
    0x80, 0xfc, 0x60, 0xf4, 0x60, 0xfc, 0x40, 0xf4, 0x00, 0xf4, 0xe0, 0xf3,
    0xc0, 0xf3, 0xa0, 0xf3, 0x80, 0xf3, 0x60, 0xf3, 0x40, 0xeb, 0xc2, 0xda,
    0x98, 0x5d, 0x3a, 0x56, 0x1a, 0x5e, 0x3a, 0x5e, 0x1a, 0x5e, 0x1b, 0x5e,
    0xc8, 0xbb, 0xc0, 0xf3, 0x00, 0xf4, 0x60, 0xf4, 0x80, 0xf4, 0x80, 0xfc,
    0x60, 0xf4, 0x40, 0xf4, 0x20, 0xf4, 0xe0, 0xf3, 0xc0, 0xf3, 0xa0, 0xf3,
    0xa0, 0xf3, 0xc0, 0xf3, 0xc0, 0xf3, 0xe0, 0xf3, 0xe1, 0xf3, 0x00, 0xf4,
    0x40, 0xf4, 0x60, 0xfc, 0x60, 0xfc, 0x80, 0xfc, 0x40, 0xf4, 0x20, 0xf4,
    0xe0, 0xf3, 0x80, 0xeb, 0x80, 0xeb, 0x80, 0xeb, 0x80, 0xf3, 0x41, 0xeb,
    0x22, 0xdb, 0x2e, 0x4c, 0x50, 0x34, 0x50, 0x34, 0x4f, 0x34, 0x4f, 0x34,
    0x50, 0x34, 0x4f, 0x34, 0x2f, 0x34, 0x4f, 0x34, 0x2f, 0x34, 0x2f, 0x34,
    0x0d, 0x44, 0xc5, 0x9a, 0xe6, 0x9a, 0xe6, 0x9a, 0xe6, 0x9a, 0xe6, 0x9a,
    0xe6, 0x9a, 0xe6, 0x9a, 0xc6, 0x9a, 0xa5, 0x92, 0xa6, 0x9a, 0xa6, 0x9a,
    0xa6, 0x9a, 0xa6, 0x9a, 0xc5, 0x9a, 0x45, 0xb3, 0x45, 0xbb, 0x45, 0xb3,
    0xa8, 0x82, 0xc8, 0x82, 0xc8, 0x82, 0xc9, 0x82, 0xe9, 0x72, 0xef, 0x4c,
    0xef, 0x4c, 0xef, 0x4c, 0xef, 0x4c, 0x0f, 0x4d, 0x0f, 0x4d, 0x10, 0x4d,
    0x0f, 0x4d, 0x0f, 0x55, 0x0f, 0x4d, 0x0f, 0x4d, 0x0f, 0x4d, 0x0f, 0x55,
    0x0f, 0x4d, 0x0f, 0x4d, 0x2f, 0x4d, 0x2f, 0x55, 0x0f, 0x4d, 0x2f, 0x4d,
    0x2f, 0x55, 0x4f, 0x4d, 0x71, 0x55, 0xf7, 0x5d, 0x39, 0x66, 0x5a, 0x66,
    0x5a, 0x66, 0x5a, 0x66, 0x5a, 0x66, 0x5a, 0x66, 0x3a, 0x66, 0x5a, 0x66,
    0x5a, 0x66, 0x5a, 0x66, 0x5a, 0x6e, 0x5b, 0x66, 0x5a, 0x6e, 0x5a, 0x66,
    0x3a, 0x66, 0x5a, 0x66, 0x5a, 0x66, 0x3a, 0x66, 0x3a, 0x66, 0x5a, 0x66,
    0x5a, 0x66, 0x5a, 0x66, 0x5a, 0x66, 0x5a, 0x66, 0x5a, 0x66, 0x5a, 0x66,
    0x3a, 0x66, 0x5a, 0x66, 0x5a, 0x66, 0x5a, 0x66, 0x5a, 0x66, 0x5b, 0x66,
    0x95, 0x75, 0x41, 0xf3, 0x20, 0xf4, 0x80, 0xf4, 0xa0, 0xfc, 0xc0, 0xfc,
    0xc0, 0xfc, 0xa0, 0xfc, 0xa0, 0xfc, 0x80, 0xfc, 0x60, 0xf4, 0x40, 0xf4,
    0xe0, 0xf3, 0xe0, 0xf3, 0x00, 0xf4, 0x20, 0xf4, 0x40, 0xf4, 0x60, 0xfc,
    0x80, 0xfc, 0x80, 0xf4, 0x80, 0xfc, 0x80, 0xf4, 0x40, 0xf4, 0x20, 0xf4,
    0x20, 0xf4, 0x20, 0xf4, 0x40, 0xf4, 0x40, 0xf4, 0x60, 0xfc, 0x60, 0xf4,
    0x40, 0xf4, 0x40, 0xf4, 0x00, 0xf4, 0xa0, 0xeb, 0xa1, 0xea, 0xf7, 0x6d,
    0x5b, 0x5e, 0x3a, 0x66, 0x5a, 0x66, 0x5a, 0x66, 0x3a, 0x5e, 0x3a, 0x5e,
    0x5a, 0x66, 0x3a, 0x66, 0x3a, 0x66, 0x3a, 0x66, 0x5a, 0x5e, 0x3a, 0x5e,
    0x5a, 0x5e, 0x3b, 0x66, 0x3a, 0x66, 0x3a, 0x5e, 0x3b, 0x5e, 0x4f, 0x8c,
    0x00, 0xca, 0x61, 0xe4, 0xe2, 0xe4, 0x02, 0xe5, 0xe2, 0xec, 0xe2, 0xec,
    0x02, 0xed, 0x22, 0xed, 0x63, 0xf5, 0x83, 0xf5, 0x82, 0xf5, 0xa3, 0xf5,
    0xa3, 0xf5, 0xa2, 0xf5, 0xa3, 0xf5, 0xa2, 0xf5, 0xa2, 0xf5, 0xa3, 0xf5,
    0xa2, 0xf5, 0xc3, 0xfd, 0xa3, 0xf5, 0xc3, 0xfd, 0xe3, 0xfd, 0xc3, 0xfd,
    0xe3, 0xf5, 0xe2, 0xfd, 0xe3, 0xfd, 0xe3, 0xf5, 0xe3, 0xfd, 0xe3, 0xfd,
    0xc3, 0xfd, 0xe2, 0xfd, 0x21, 0xf5, 0x80, 0xfc, 0x80, 0xfc, 0x80, 0xfc,
    0x80, 0xfc, 0xa0, 0xfc, 0x80, 0xf4, 0x80, 0xf4, 0xa0, 0xfc, 0xa0, 0xf4,
    0xa0, 0xfc, 0xa0, 0xfc, 0xa0, 0xf4, 0xa0, 0xfc, 0xa0, 0xfc, 0xa0, 0xfc,
    0xa0, 0xf4, 0x80, 0xfc, 0x60, 0xfc, 0x40, 0xfc, 0x20, 0xf4, 0x00, 0xf4,
    0xe0, 0xf3, 0xc0, 0xf3, 0xa0, 0xf3, 0x80, 0xf3, 0x60, 0xeb, 0x40, 0xeb,
    0x46, 0xc3, 0x3a, 0x56, 0x3a, 0x5e, 0x1a, 0x5e, 0x1a, 0x5e, 0x1a, 0x5e,
    0x75, 0x75, 0x21, 0xeb, 0x00, 0xf4, 0x20, 0xf4, 0x60, 0xfc, 0x40, 0xf4,
    0x40, 0xf4, 0x20, 0xfc, 0x00, 0xf4, 0xe0, 0xf3, 0xe0, 0xf3, 0xe0, 0xf3,
    0xa0, 0xeb, 0xa0, 0xf3, 0xc0, 0xf3, 0xc0, 0xf3, 0x00, 0xf4, 0x20, 0xf4,
    0x40, 0xf4, 0x60, 0xf4, 0x80, 0xfc, 0xa0, 0xf4, 0x60, 0xf4, 0x40, 0xf4,
    0x00, 0xf4, 0xc0, 0xf3, 0x60, 0xeb, 0x40, 0xeb, 0x21, 0xe3, 0x24, 0xc3,
    0x4f, 0x34, 0x6f, 0x34, 0x4f, 0x34, 0x50, 0x34, 0x50, 0x34, 0x4f, 0x34,
    0x50, 0x34, 0x30, 0x3c, 0x2f, 0x34, 0x4f, 0x34, 0x0f, 0x34, 0x2f, 0x34,
    0x6a, 0x63, 0xc6, 0x9a, 0xc6, 0x9a, 0xc5, 0x92, 0xa5, 0x92, 0xc6, 0x92,
    0xa5, 0x92, 0xc5, 0x92, 0xa6, 0x92, 0xa6, 0x9a, 0xc5, 0x92, 0xa5, 0x92,
    0xa5, 0x92, 0xa5, 0x9a, 0x25, 0xab, 0x45, 0xb3, 0x45, 0xb3, 0x45, 0xbb,
    0xc8, 0x82, 0xc9, 0x82, 0xc8, 0x82, 0xa9, 0x7a, 0xa9, 0x7a, 0xae, 0x4c,
    0xef, 0x4c, 0xef, 0x4c, 0xef, 0x4c, 0xef, 0x4c, 0xef, 0x4c, 0x0f, 0x4d,
    0x0f, 0x55, 0xef, 0x4c, 0x0f, 0x4d, 0x0f, 0x55, 0x0f, 0x4d, 0x0f, 0x4d,
    0x2f, 0x4d, 0x0f, 0x4d, 0x0f, 0x4d, 0x0f, 0x4d, 0x2f, 0x4d, 0x2f, 0x55,
    0x2f, 0x55, 0x30, 0x4d, 0x51, 0x55, 0xd6, 0x5d, 0x3a, 0x66, 0x5a, 0x66,
    0x5a, 0x66, 0x5a, 0x66, 0x3a, 0x6e, 0x5a, 0x66, 0x5a, 0x66, 0x3a, 0x66,
    0x5a, 0x6e, 0x3a, 0x66, 0x5a, 0x66, 0x5a, 0x66, 0x5a, 0x66, 0x5a, 0x66,
    0x5a, 0x66, 0x5a, 0x66, 0x5a, 0x66, 0x5a, 0x66, 0x5b, 0x66, 0x5a, 0x66,
    0x3a, 0x66, 0x5a, 0x66, 0x5a, 0x66, 0x3a, 0x66, 0x5a, 0x66, 0x5a, 0x66,
    0x3a, 0x66, 0x5a, 0x66, 0x3a, 0x66, 0x5a, 0x66, 0x5a, 0x66, 0x5a, 0x66,
    0x5a, 0x66, 0x04, 0xdb, 0xa0, 0xeb, 0x00, 0xf4, 0x60, 0xf4, 0x80, 0xfc,
    0x80, 0xf4, 0x80, 0xf4, 0x80, 0xf4, 0x60, 0xf4, 0x60, 0xfc, 0x20, 0xf4,
    0xa0, 0xf3, 0x00, 0xf4, 0x00, 0xf4, 0x40, 0xf4, 0x60, 0xfc, 0x60, 0xfc,
    0x80, 0xf4, 0x80, 0xfc, 0x80, 0xfc, 0x60, 0xf4, 0x20, 0xf4, 0xe0, 0xf3,
    0x20, 0xf4, 0x40, 0xfc, 0x60, 0xfc, 0x80, 0xfc, 0x60, 0xfc, 0x20, 0xf4,
    0x00, 0xf4, 0xe0, 0xf3, 0xc0, 0xf3, 0x60, 0xeb, 0x05, 0xd3, 0xbb, 0x56,
    0x5a, 0x5e, 0x3a, 0x66, 0x3a, 0x66, 0x3a, 0x5e, 0x3a, 0x66, 0x5a, 0x66,
    0x3a, 0x66, 0x5a, 0x66, 0x3a, 0x5e, 0x5b, 0x66, 0x3a, 0x66, 0x3a, 0x66,
    0x3a, 0x66, 0x5a, 0x5e, 0x5a, 0x5e, 0x3a, 0x5e, 0xf8, 0x5d, 0x02, 0xd2,
    0xe1, 0xd2, 0x02, 0xed, 0x02, 0xed, 0x02, 0xed, 0x02, 0xed, 0x22, 0xed,
    0x42, 0xed, 0x83, 0xf5, 0x83, 0xf5, 0x82, 0xf5, 0xa2, 0xf5, 0xa3, 0xf5,
    0xc3, 0xfd, 0xa2, 0xf5, 0xa3, 0xfd, 0xc3, 0xfd, 0xc3, 0xf5, 0xc2, 0xfd,
    0xc3, 0xfd, 0xc3, 0xf5, 0xe2, 0xf5, 0xe3, 0xfd, 0xe2, 0xf5, 0xe3, 0xf5,
    0xe3, 0xfd, 0xe3, 0xf5, 0xe3, 0xfd, 0xe3, 0xf5, 0xe2, 0xfd, 0xe3, 0xfd,
    0xe3, 0xf5, 0xe2, 0xf5, 0xe1, 0xf4, 0x80, 0xfc, 0x80, 0xf4, 0x80, 0xf4,
    0xa0, 0xf4, 0x80, 0xfc, 0xa0, 0xfc, 0x80, 0xfc, 0xa0, 0xf4, 0xa0, 0xfc,
    0x80, 0xfc, 0xa0, 0xfc, 0xa0, 0xfc, 0xa0, 0xf4, 0xa0, 0xf4, 0xa0, 0xfc,
    0xa0, 0xfc, 0xa0, 0xfc, 0xa0, 0xf4, 0x60, 0xfc, 0x40, 0xfc, 0x20, 0xf4,
    0x00, 0xf4, 0xe0, 0xf3, 0xc0, 0xf3, 0xa0, 0xf3, 0x80, 0xf3, 0x60, 0xeb,
    0x40, 0xf3, 0x4c, 0x9c, 0x3a, 0x56, 0x3a, 0x5e, 0x3a, 0x5e, 0x3a, 0x5e,
    0x3a, 0x56, 0x26, 0xd3, 0xe0, 0xf3, 0x21, 0xf4, 0x40, 0xf4, 0x20, 0xf4,
    0x00, 0xf4, 0x00, 0xf4, 0x00, 0xfc, 0x40, 0xf4, 0x40, 0xfc, 0x40, 0xf4,
    0x20, 0xf4, 0xc0, 0xf3, 0xc0, 0xf3, 0xc0, 0xf3, 0xe0, 0xf3, 0x20, 0xf4,
    0x40, 0xf4, 0x80, 0xfc, 0x80, 0xf4, 0x80, 0xf4, 0x80, 0xfc, 0x60, 0xf4,
    0x20, 0xf4, 0x00, 0xf4, 0x61, 0xeb, 0x00, 0xe3, 0xa7, 0x9b, 0x70, 0x24,
    0x2e, 0x3c, 0x2d, 0x54, 0x0d, 0x5c, 0x2c, 0x54, 0x0e, 0x4c, 0x30, 0x2c,
    0x4f, 0x34, 0x4f, 0x34, 0x30, 0x34, 0x2f, 0x34, 0x0f, 0x34, 0x0e, 0x34,
    0xe6, 0x92, 0xc6, 0x92, 0xa6, 0x92, 0xa6, 0x92, 0xa5, 0x92, 0xa6, 0x92,
    0xc6, 0x9a, 0xa5, 0x92, 0xa6, 0x92, 0xa6, 0x9a, 0xa6, 0x92, 0xa5, 0x92,
    0xa6, 0x9a, 0xc5, 0x9a, 0x45, 0xb3, 0x46, 0xb3, 0x65, 0xbb, 0x45, 0xbb,
    0xa8, 0x82, 0xc8, 0x82, 0xc8, 0x82, 0xa9, 0x7a, 0xa9, 0x7a, 0x4d, 0x54,
    0xef, 0x4c, 0xef, 0x4c, 0xef, 0x4c, 0xef, 0x4c, 0xf0, 0x4c, 0xef, 0x4c,
    0xef, 0x4c, 0x0f, 0x4d, 0x0f, 0x4d, 0x0f, 0x4d, 0x0f, 0x4d, 0x0f, 0x4d,
    0x0f, 0x55, 0x0f, 0x55, 0x0f, 0x4d, 0x0f, 0x4d, 0x0f, 0x4d, 0x2f, 0x4d,
    0x2f, 0x4d, 0x30, 0x4d, 0x50, 0x55, 0xd6, 0x5d, 0x39, 0x66, 0x5a, 0x66,
    0x3a, 0x66, 0x5a, 0x66, 0x5a, 0x66, 0x5a, 0x66, 0x3a, 0x66, 0x5a, 0x66,
    0x5a, 0x66, 0x5b, 0x66, 0x3a, 0x66, 0x5a, 0x66, 0x5a, 0x66, 0x3a, 0x66,
    0x5a, 0x66, 0x5a, 0x66, 0x5a, 0x6e, 0x3a, 0x66, 0x5a, 0x66, 0x5a, 0x66,
    0x5a, 0x66, 0x5a, 0x66, 0x5b, 0x66, 0x5a, 0x66, 0x5a, 0x66, 0x5b, 0x66,
    0x5a, 0x66, 0x5a, 0x66, 0x3a, 0x66, 0x5b, 0x66, 0x3a, 0x66, 0x5a, 0x66,
    0x5a, 0x66, 0x55, 0x7d, 0xc1, 0xea, 0x81, 0xeb, 0x00, 0xf4, 0x20, 0xf4,
    0x40, 0xfc, 0x40, 0xf4, 0x40, 0xf4, 0x40, 0xfc, 0x20, 0xf4, 0xc0, 0xf3,
    0xc0, 0xf3, 0x00, 0xf4, 0x20, 0xf4, 0x20, 0xf4, 0x40, 0xf4, 0x60, 0xf4,
    0x60, 0xf4, 0x60, 0xfc, 0x60, 0xf4, 0x40, 0xf4, 0xe0, 0xf3, 0x20, 0xf4,
    0x60, 0xf4, 0x60, 0xfc, 0xa0, 0xfc, 0x80, 0xf4, 0x60, 0xfc, 0x40, 0xf4,
    0x20, 0xf4, 0xe0, 0xf3, 0xa0, 0xf3, 0x40, 0xeb, 0xcb, 0xab, 0x3a, 0x5e,
    0x19, 0x5e, 0x3a, 0x5e, 0x3a, 0x5e, 0x3a, 0x66, 0x5a, 0x66, 0x3a, 0x5e,
    0x5a, 0x5e, 0x3a, 0x5e, 0x3a, 0x66, 0x3a, 0x5e, 0x3a, 0x66, 0x3a, 0x66,
    0x3a, 0x5e, 0x3a, 0x66, 0x3a, 0x5e, 0x5a, 0x5e, 0xc8, 0xba, 0x40, 0xca,
    0xc2, 0xec, 0x02, 0xed, 0x22, 0xed, 0x22, 0xed, 0x42, 0xed, 0x62, 0xf5,
    0x83, 0xf5, 0xa2, 0xf5, 0x82, 0xf5, 0xc3, 0xf5, 0xc2, 0xf5, 0xc3, 0xf5,
    0xc3, 0xf5, 0xc2, 0xfd, 0xc3, 0xf5, 0xc3, 0xfd, 0xc3, 0xfd, 0xc3, 0xf5,
    0xe2, 0xfd, 0xe3, 0xf5, 0xe3, 0xfd, 0xe3, 0xfd, 0xe3, 0xf5, 0xe3, 0xfd,
    0xe3, 0xfd, 0xe3, 0xf5, 0xe3, 0xfd, 0xe3, 0xfd, 0xe3, 0xf5, 0xe3, 0xfd,
    0xe3, 0xfd, 0xe3, 0xfd, 0xc1, 0xf4, 0x80, 0xf4, 0x80, 0xfc, 0x80, 0xfc,
    0x80, 0xf4, 0x80, 0xfc, 0xa0, 0xfc, 0xa0, 0xf4, 0xa0, 0xfc, 0xa0, 0xfc,
    0xa0, 0xf4, 0xa0, 0xfc, 0xa0, 0xfc, 0xa0, 0xfc, 0xa0, 0xfc, 0xa0, 0xf4,
    0xa0, 0xfc, 0xc0, 0xfc, 0xa0, 0xfc, 0x80, 0xfc, 0x80, 0xfc, 0x40, 0xfc,
    0x40, 0xfc, 0x20, 0xf4, 0xe0, 0xf3, 0xe0, 0xf3, 0xa0, 0xf3, 0xa0, 0xeb,
    0x80, 0xf3, 0x41, 0xeb, 0xf1, 0x84, 0x1a, 0x56, 0x3a, 0x5e, 0x19, 0x5e,
    0x3a, 0x56, 0x32, 0x7d, 0x80, 0xf3, 0x20, 0xf4, 0x20, 0xf4, 0x00, 0xf4,
    0x00, 0xf4, 0x40, 0xfc, 0x60, 0xf4, 0x80, 0xfc, 0x80, 0xfc, 0x80, 0xfc,
    0x40, 0xf4, 0x20, 0xf4, 0xc0, 0xf3, 0xa0, 0xeb, 0xa0, 0xeb, 0x00, 0xf4,
    0x60, 0xf4, 0x80, 0xfc, 0xa0, 0xfc, 0xa0, 0xfc, 0xa0, 0xfc, 0x80, 0xf4,
    0x40, 0xf4, 0x00, 0xf4, 0x41, 0xe3, 0x46, 0x93, 0xc7, 0xa3, 0xc1, 0xe3,
    0x20, 0xf4, 0x60, 0xf4, 0x80, 0xf4, 0x40, 0xf4, 0x00, 0xf4, 0xc3, 0xcb,
    0x2d, 0x44, 0x30, 0x2c, 0x2f, 0x34, 0x2f, 0x34, 0x0e, 0x34, 0x6a, 0x63,
    0xc6, 0x92, 0xc6, 0x92, 0xc6, 0x92, 0xa6, 0x92, 0xc6, 0x92, 0xa6, 0x92,
    0xa6, 0x92, 0xa6, 0x92, 0xa5, 0x92, 0xa5, 0x92, 0xa6, 0x92, 0xa5, 0x92,
    0xa6, 0x9a, 0x25, 0xab, 0x45, 0xb3, 0x45, 0xbb, 0x65, 0xb3, 0x45, 0xb3,
    0xc8, 0x82, 0xa8, 0x82, 0xa8, 0x82, 0xa8, 0x7a, 0xc9, 0x7a, 0xac, 0x63,
    0xcf, 0x4c, 0xcf, 0x44, 0xef, 0x4c, 0xef, 0x4c, 0xef, 0x4c, 0xef, 0x4c,
    0xef, 0x4c, 0x10, 0x4d, 0xef, 0x4c, 0x0f, 0x4d, 0x0f, 0x4d, 0x0f, 0x4d,
    0x0f, 0x4d, 0x0f, 0x4d, 0x0f, 0x4d, 0x0f, 0x4d, 0x0f, 0x4d, 0x0f, 0x4d,
    0x30, 0x4d, 0x2f, 0x4d, 0x50, 0x4d, 0xd6, 0x5d, 0x39, 0x66, 0x5a, 0x66,
    0x3a, 0x66, 0x5a, 0x66, 0x3a, 0x66, 0x5a, 0x6e, 0x3a, 0x66, 0x5a, 0x66,
    0x5a, 0x6e, 0x5a, 0x66, 0x5a, 0x66, 0x5a, 0x66, 0x5a, 0x6e, 0x5a, 0x66,
    0x3a, 0x66, 0x5a, 0x66, 0x5a, 0x66, 0x3a, 0x66, 0x5a, 0x66, 0x5a, 0x66,
    0x5a, 0x66, 0x5a, 0x66, 0x3a, 0x6e, 0x5a, 0x66, 0x5a, 0x66, 0x3a, 0x66,
    0x5a, 0x66, 0x5a, 0x66, 0x5a, 0x66, 0x5a, 0x66, 0x5a, 0x66, 0x5a, 0x66,
    0x3a, 0x66, 0x7a, 0x66, 0x12, 0x8d, 0xc1, 0xea, 0x80, 0xf3, 0xc1, 0xf3,
    0xe0, 0xf3, 0x00, 0xf4, 0x00, 0xf4, 0x00, 0xf4, 0xe0, 0xf3, 0x80, 0xeb,
    0x00, 0xf4, 0x20, 0xf4, 0x40, 0xf4, 0x40, 0xf4, 0x40, 0xfc, 0x60, 0xf4,
    0x60, 0xf4, 0x60, 0xfc, 0x40, 0xf4, 0xe1, 0xf3, 0x40, 0xf4, 0x60, 0xf4,
    0x80, 0xfc, 0x80, 0xfc, 0xa0, 0xf4, 0xa0, 0xfc, 0x80, 0xfc, 0x60, 0xfc,
    0x20, 0xf4, 0xe0, 0xf3, 0xa1, 0xf3, 0x60, 0xeb, 0x6d, 0x94, 0x5a, 0x5e,
    0x3a, 0x5e, 0x3a, 0x66, 0x3a, 0x66, 0x3a, 0x66, 0x3a, 0x5e, 0x3a, 0x66,
    0x3a, 0x5e, 0x3a, 0x66, 0x5a, 0x5e, 0x3a, 0x66, 0x5a, 0x5e, 0x3a, 0x5e,
    0x3b, 0x66, 0x3a, 0x5e, 0x3a, 0x5e, 0x8b, 0xa3, 0x21, 0xd2, 0xe1, 0xd2,
    0x62, 0xf5, 0x42, 0xf5, 0x42, 0xf5, 0x62, 0xf5, 0x83, 0xf5, 0x83, 0xf5,
    0xa2, 0xf5, 0xa3, 0xf5, 0xa3, 0xf5, 0xc3, 0xfd, 0xc3, 0xf5, 0xc3, 0xfd,
    0xe3, 0xfd, 0xe3, 0xf5, 0xe3, 0xf5, 0xe3, 0xf5, 0xc3, 0xfd, 0xe3, 0xf5,
    0xc3, 0xf5, 0xe3, 0xfd, 0xe3, 0xfd, 0xe3, 0xf5, 0xe3, 0xf5, 0xe3, 0xfd,
    0x03, 0xfe, 0xe3, 0xfd, 0x03, 0xf6, 0x03, 0xfe, 0x03, 0xfe, 0x03, 0xfe,
    0xe2, 0xfd, 0xe3, 0xfd, 0xa1, 0xf4, 0x80, 0xf4, 0x80, 0xfc, 0x80, 0xfc,
    0x80, 0xf4, 0x80, 0xf4, 0x80, 0xfc, 0xa0, 0xfc, 0xa0, 0xf4, 0xa0, 0xfc,
    0xa0, 0xfc, 0xa0, 0xf4, 0xa0, 0xfc, 0xa0, 0xf4, 0xa0, 0xfc, 0xa0, 0xfc,
    0xc0, 0xfc, 0xc0, 0xfc, 0xc0, 0xfc, 0xa0, 0xf4, 0x80, 0xf4, 0x80, 0xfc,
    0x60, 0xfc, 0x40, 0xf4, 0x20, 0xf4, 0x00, 0xf4, 0xc0, 0xf3, 0xc0, 0xf3,
    0xa0, 0xf3, 0xa0, 0xeb, 0x21, 0xe3, 0x54, 0x75, 0x1a, 0x56, 0x1a, 0x5e,
    0x19, 0x5e, 0x1a, 0x4e, 0x43, 0xdb, 0x01, 0xec, 0x00, 0xf4, 0x20, 0xf4,
    0x60, 0xfc, 0x60, 0xfc, 0x80, 0xfc, 0xa0, 0xfc, 0xa0, 0xfc, 0xa0, 0xfc,
    0x60, 0xf4, 0x40, 0xf4, 0x20, 0xf4, 0xc0, 0xf3, 0xa0, 0xf3, 0xe0, 0xf3,
    0x40, 0xf4, 0x80, 0xf4, 0xa0, 0xfc, 0xa0, 0xf4, 0xa0, 0xf4, 0x80, 0xfc,
    0x60, 0xf4, 0x20, 0xf4, 0xc0, 0xeb, 0xa0, 0xeb, 0x00, 0xf4, 0x80, 0xfc,
    0xa0, 0xfc, 0xa0, 0xfc, 0xc0, 0xfc, 0x80, 0xf4, 0x40, 0xfc, 0x20, 0xfc,
    0xc1, 0xeb, 0xec, 0x5b, 0x2f, 0x34, 0x0f, 0x34, 0xee, 0x3b, 0xe6, 0x92,
    0xe6, 0x92, 0xa6, 0x92, 0xa6, 0x92, 0xc6, 0x92, 0xa5, 0x92, 0xc6, 0x92,
    0xa5, 0x92, 0xa6, 0x92, 0xa6, 0x9a, 0xa6, 0x92, 0xa5, 0x92, 0xa6, 0x92,
    0xc5, 0x9a, 0x45, 0xb3, 0x45, 0xb3, 0x45, 0xb3, 0x45, 0xb3, 0x45, 0xbb,
    0xa8, 0x82, 0xa8, 0x82, 0xa8, 0x82, 0xa9, 0x82, 0xc8, 0x7a, 0x4b, 0x6b,
    0xcf, 0x4c, 0xef, 0x44, 0xd0, 0x44, 0xef, 0x4c, 0xcf, 0x44, 0xef, 0x4c,
    0xf0, 0x4c, 0xef, 0x4c, 0x0f, 0x4d, 0xef, 0x4c, 0x0f, 0x4d, 0x0f, 0x4d,
    0x0f, 0x4d, 0x0f, 0x4d, 0x0f, 0x4d, 0xef, 0x4c, 0x0f, 0x4d, 0x0f, 0x4d,
    0x30, 0x55, 0x30, 0x55, 0x51, 0x55, 0xd6, 0x5d, 0x39, 0x66, 0x3a, 0x66,
    0x5a, 0x66, 0x5a, 0x66, 0x5a, 0x66, 0x5a, 0x66, 0x5a, 0x66, 0x5a, 0x6e,
    0x3a, 0x66, 0x5a, 0x66, 0x5a, 0x6e, 0x5a, 0x66, 0x5a, 0x66, 0x5a, 0x66,
    0x5a, 0x6e, 0x5a, 0x66, 0x5a, 0x66, 0x5a, 0x66, 0x5a, 0x6e, 0x5a, 0x66,
    0x5a, 0x66, 0x5a, 0x6e, 0x5a, 0x66, 0x5a, 0x66, 0x5a, 0x66, 0x5a, 0x66,
    0x5a, 0x66, 0x5a, 0x66, 0x3a, 0x66, 0x3a, 0x66, 0x5a, 0x66, 0x5a, 0x66,
    0x5a, 0x66, 0x5a, 0x66, 0x5b, 0x5e, 0x95, 0x75, 0xc4, 0xda, 0x00, 0xeb,
    0x60, 0xeb, 0xa0, 0xeb, 0xc1, 0xf3, 0xc0, 0xf3, 0xa0, 0xf3, 0x80, 0xeb,
    0x00, 0xf4, 0x20, 0xfc, 0x40, 0xf4, 0x40, 0xfc, 0x40, 0xf4, 0x40, 0xfc,
    0x60, 0xfc, 0x60, 0xf4, 0x40, 0xf4, 0x00, 0xf4, 0x60, 0xfc, 0x60, 0xfc,
    0x80, 0xfc, 0xa0, 0xf4, 0xa0, 0xfc, 0x80, 0xfc, 0x80, 0xf4, 0x60, 0xfc,
    0x20, 0xf4, 0xe0, 0xf3, 0xa0, 0xf3, 0x60, 0xeb, 0x01, 0xeb, 0xc8, 0xbb,
    0xf7, 0x5d, 0x5a, 0x5e, 0x1a, 0x66, 0x5a, 0x5e, 0x3a, 0x5e, 0x3a, 0x66,
    0x3a, 0x66, 0x5a, 0x5e, 0x5a, 0x66, 0x5b, 0x66, 0x5a, 0x5e, 0x3a, 0x66,
    0x39, 0x5e, 0x3a, 0x56, 0x4a, 0xab, 0x40, 0xd2, 0x40, 0xca, 0xe2, 0xec,
    0x42, 0xf5, 0x62, 0xf5, 0x82, 0xf5, 0xa3, 0xf5, 0xa2, 0xf5, 0xa2, 0xf5,
    0xa2, 0xf5, 0xa3, 0xf5, 0xc3, 0xf5, 0xe2, 0xf5, 0xc2, 0xfd, 0xc3, 0xfd,
    0xe3, 0xfd, 0xe3, 0xf5, 0xc3, 0xfd, 0xe3, 0xfd, 0xe3, 0xfd, 0xe3, 0xfd,
    0xe3, 0xf5, 0xe3, 0xfd, 0x03, 0xfe, 0x03, 0xfe, 0xe3, 0xfd, 0x03, 0xf6,
    0x03, 0xfe, 0x03, 0xfe, 0x03, 0xf6, 0x03, 0xf6, 0xe3, 0xfd, 0x03, 0xfe,
    0xe3, 0xf5, 0xe3, 0xfd, 0xa1, 0xf4, 0x80, 0xfc, 0x80, 0xfc, 0x80, 0xf4,
    0x80, 0xfc, 0x80, 0xfc, 0x80, 0xfc, 0x80, 0xf4, 0xa0, 0xfc, 0xa0, 0xfc,
    0xa0, 0xfc, 0xa0, 0xfc, 0xa0, 0xfc, 0xa0, 0xf4, 0xc0, 0xfc, 0xc0, 0xfc,
    0xc0, 0xf4, 0xc0, 0xfc, 0xc0, 0xfc, 0xa0, 0xfc, 0xa0, 0xfc, 0xa0, 0xfc,
    0x80, 0xfc, 0x60, 0xfc, 0x40, 0xfc, 0x20, 0xf4, 0x00, 0xf4, 0xe0, 0xf3,
    0xa0, 0xf3, 0x80, 0xeb, 0x60, 0xeb, 0x22, 0xe3, 0xb6, 0x6d, 0x5a, 0x56,
    0x3a, 0x56, 0x56, 0x6d, 0x42, 0xeb, 0x00, 0xf4, 0x40, 0xf4, 0x60, 0xf4,
    0x80, 0xfc, 0x80, 0xf4, 0xa0, 0xfc, 0xa0, 0xfc, 0xa0, 0xf4, 0xa0, 0xfc,
    0x80, 0xfc, 0x40, 0xf4, 0x20, 0xf4, 0x00, 0xf4, 0xe0, 0xf3, 0xe0, 0xf3,
    0x40, 0xf4, 0x80, 0xfc, 0xa0, 0xfc, 0xc0, 0xf4, 0xc0, 0xfc, 0xa0, 0xfc,
    0x60, 0xf4, 0x40, 0xf4, 0xc0, 0xeb, 0x00, 0xf4, 0x60, 0xf4, 0xa0, 0xf4,
    0xc0, 0xfc, 0xc0, 0xfc, 0xc0, 0xf4, 0xa0, 0xfc, 0x80, 0xfc, 0x40, 0xf4,
    0xe0, 0xf3, 0x62, 0xdb, 0x30, 0x24, 0x2f, 0x2c, 0x6a, 0x6b, 0xc6, 0x92,
    0xc6, 0x92, 0xc6, 0x92, 0xa6, 0x92, 0xa6, 0x92, 0xa6, 0x92, 0xa6, 0x92,
    0xa5, 0x92, 0xa5, 0x92, 0xa6, 0x92, 0x85, 0x92, 0xa5, 0x92, 0xa6, 0x92,
    0x25, 0xab, 0x45, 0xb3, 0x45, 0xb3, 0x45, 0xbb, 0x45, 0xb3, 0x45, 0xb3,
    0xa8, 0x82, 0xa8, 0x82, 0xa8, 0x82, 0xc9, 0x7a, 0xc8, 0x7a, 0xe9, 0x72,
    0xf0, 0x44, 0xcf, 0x4c, 0xd0, 0x44, 0xef, 0x4c, 0xd0, 0x4c, 0xd0, 0x44,
    0xef, 0x4c, 0xef, 0x4c, 0xef, 0x4c, 0xf0, 0x4c, 0xef, 0x4c, 0xef, 0x4c,
    0x0f, 0x4d, 0xef, 0x4c, 0x10, 0x4d, 0x10, 0x4d, 0x0f, 0x4d, 0x30, 0x4d,
    0x0f, 0x4d, 0x10, 0x4d, 0x51, 0x4d, 0xd6, 0x5d, 0x39, 0x66, 0x3a, 0x66,
    0x5a, 0x66, 0x3a, 0x66, 0x5a, 0x66, 0x3a, 0x66, 0x5a, 0x66, 0x5a, 0x66,
    0x5a, 0x66, 0x5a, 0x66, 0x5a, 0x66, 0x3a, 0x6e, 0x5a, 0x66, 0x5a, 0x66,
    0x5a, 0x6e, 0x5a, 0x6e, 0x5a, 0x66, 0x5a, 0x66, 0x3a, 0x6e, 0x5a, 0x66,
    0x5a, 0x66, 0x3a, 0x66, 0x5a, 0x66, 0x5a, 0x66, 0x3a, 0x6e, 0x5a, 0x66,
    0x5a, 0x66, 0x5a, 0x66, 0x5a, 0x66, 0x5a, 0x66, 0x5a, 0x66, 0x5a, 0x66,
    0x5b, 0x66, 0x5a, 0x66, 0x5a, 0x66, 0x5a, 0x66, 0x7b, 0x5e, 0x12, 0x95,
    0xe6, 0xd2, 0xe3, 0xe2, 0x21, 0xeb, 0x60, 0xeb, 0x80, 0xeb, 0xa0, 0xeb,
    0xe0, 0xf3, 0x20, 0xf4, 0x40, 0xfc, 0x40, 0xf4, 0x60, 0xf4, 0x60, 0xf4,
    0x80, 0xfc, 0x60, 0xfc, 0x00, 0xf4, 0x20, 0xf4, 0x60, 0xf4, 0x80, 0xf4,
    0x80, 0xf4, 0xa0, 0xf4, 0xa0, 0xfc, 0x80, 0xfc, 0x80, 0xf4, 0x60, 0xfc,
    0x20, 0xf4, 0xe0, 0xf3, 0xc0, 0xf3, 0x80, 0xeb, 0x80, 0xeb, 0xa0, 0xeb,
    0x21, 0xeb, 0xec, 0xab, 0x5a, 0x56, 0x5a, 0x66, 0x3a, 0x5e, 0x3a, 0x66,
    0x3a, 0x66, 0x3a, 0x66, 0x3a, 0x66, 0x3a, 0x5e, 0x3a, 0x5e, 0x5b, 0x5e,
    0xf8, 0x65, 0x86, 0xc2, 0x61, 0xd2, 0x60, 0xd2, 0x01, 0xd3, 0xa2, 0xf5,
    0x62, 0xf5, 0x83, 0xf5, 0xa3, 0xf5, 0xa2, 0xf5, 0xa3, 0xf5, 0xc3, 0xf5,
    0xc3, 0xfd, 0xc2, 0xfd, 0xe3, 0xf5, 0xe3, 0xfd, 0xe3, 0xf5, 0xe3, 0xf5,
    0xe3, 0xf5, 0xe3, 0xfd, 0xe3, 0xfd, 0xe3, 0xf5, 0x03, 0xf6, 0xe3, 0xfd,
    0x03, 0xfe, 0xe3, 0xf5, 0x03, 0xf6, 0x03, 0xfe, 0x03, 0xfe, 0x03, 0xfe,
    0x03, 0xfe, 0x03, 0xfe, 0x03, 0xfe, 0x03, 0xf6, 0x03, 0xfe, 0x03, 0xfe,
    0x03, 0xf6, 0x03, 0xfe, 0xa1, 0xf4, 0xa0, 0xfc, 0x80, 0xf4, 0x80, 0xfc,
    0x80, 0xfc, 0x80, 0xf4, 0x80, 0xfc, 0x80, 0xfc, 0x80, 0xfc, 0xa0, 0xf4,
    0xa0, 0xfc, 0xa0, 0xfc, 0xc0, 0xfc, 0xc0, 0xfc, 0xc0, 0xfc, 0xc0, 0xfc,
    0xc0, 0xf4, 0xc0, 0xfc, 0xc0, 0xfc, 0xe0, 0xfc, 0xc0, 0xfc, 0xa0, 0xfc,
    0xa0, 0xfc, 0x80, 0xfc, 0x60, 0xfc, 0x40, 0xf4, 0x20, 0xf4, 0x00, 0xf4,
    0xe0, 0xf3, 0xa0, 0xf3, 0xa0, 0xf3, 0x80, 0xeb, 0x02, 0xeb, 0x8f, 0x94,
    0xb5, 0x5d, 0x63, 0xd3, 0xa0, 0xeb, 0x00, 0xf4, 0x40, 0xf4, 0x60, 0xfc,
    0x80, 0xfc, 0xa0, 0xf4, 0xa0, 0xfc, 0xa0, 0xfc, 0xa0, 0xfc, 0xa0, 0xf4,
    0x80, 0xfc, 0x60, 0xfc, 0x40, 0xfc, 0x20, 0xf4, 0xe0, 0xf3, 0xe0, 0xf3,
    0x40, 0xf4, 0x80, 0xfc, 0xc0, 0xfc, 0xc0, 0xfc, 0xc0, 0xfc, 0xa0, 0xfc,
    0x80, 0xf4, 0x40, 0xf4, 0xe0, 0xf3, 0x20, 0xf4, 0x60, 0xf4, 0xc0, 0xf4,
    0xe0, 0xfc, 0xc0, 0xf4, 0xa0, 0xfc, 0xa0, 0xfc, 0x80, 0xf4, 0x20, 0xf4,
    0xe0, 0xf3, 0x60, 0xf3, 0xac, 0x5b, 0x0e, 0x34, 0xc6, 0x92, 0xc6, 0x92,
    0xc6, 0x92, 0xa6, 0x92, 0xa6, 0x92, 0xa6, 0x92, 0xa6, 0x92, 0xc6, 0x92,
    0xa6, 0x92, 0xa6, 0x92, 0xa6, 0x92, 0xa6, 0x92, 0xa6, 0x92, 0xc5, 0x9a,
    0x25, 0xb3, 0x25, 0xb3, 0x45, 0xb3, 0x45, 0xb3, 0x45, 0xbb, 0x45, 0xbb,
    0xa8, 0x82, 0xa8, 0x7a, 0xa8, 0x7a, 0xa8, 0x7a, 0xa8, 0x82, 0xc9, 0x7a,
    0xcf, 0x44, 0xcf, 0x44, 0xcf, 0x44, 0xcf, 0x44, 0xcf, 0x44, 0xef, 0x4c,
    0xf0, 0x4c, 0xef, 0x4c, 0xf0, 0x4c, 0xef, 0x4c, 0xef, 0x4c, 0x10, 0x4d,
    0xf0, 0x4c, 0x0f, 0x4d, 0x0f, 0x4d, 0x0f, 0x55, 0x10, 0x4d, 0x0f, 0x4d,
    0x2f, 0x4d, 0x30, 0x55, 0x51, 0x55, 0xf7, 0x5d, 0x39, 0x66, 0x5a, 0x66,
    0x3a, 0x66, 0x3a, 0x66, 0x5a, 0x6e, 0x3a, 0x66, 0x5a, 0x6e, 0x5a, 0x66,
    0x3a, 0x66, 0x5a, 0x6e, 0x5a, 0x66, 0x5a, 0x66, 0x5a, 0x6e, 0x3a, 0x66,
    0x5a, 0x66, 0x5a, 0x66, 0x5a, 0x6e, 0x5a, 0x66, 0x5a, 0x66, 0x5a, 0x6e,
    0x5a, 0x66, 0x5a, 0x66, 0x5a, 0x6e, 0x3a, 0x66, 0x5a, 0x66, 0x5a, 0x6e,
    0x3a, 0x66, 0x5a, 0x66, 0x5a, 0x66, 0x3a, 0x66, 0x5a, 0x66, 0x5a, 0x66,
    0x3a, 0x66, 0x5a, 0x66, 0x3a, 0x66, 0x5a, 0x66, 0x5a, 0x6e, 0x7b, 0x5e,
    0xd5, 0x75, 0x6a, 0xac, 0x81, 0xe3, 0x80, 0xeb, 0x80, 0xeb, 0x80, 0xeb,
    0xe0, 0xf3, 0x20, 0xf4, 0x20, 0xf4, 0x40, 0xfc, 0x60, 0xfc, 0x80, 0xf4,
    0x80, 0xfc, 0x80, 0xf4, 0xe0, 0xf3, 0x40, 0xf4, 0x60, 0xfc, 0x80, 0xfc,
    0xa0, 0xfc, 0xa0, 0xfc, 0xa0, 0xfc, 0xa0, 0xf4, 0x80, 0xfc, 0x60, 0xfc,
    0x20, 0xf4, 0xe0, 0xf3, 0xa0, 0xf3, 0x80, 0xeb, 0x80, 0xf3, 0xc0, 0xf3,
    0xe0, 0xeb, 0x80, 0xf3, 0x24, 0xdb, 0xb5, 0x6d, 0x3a, 0x5e, 0x3a, 0x66,
    0x5a, 0x66, 0x3a, 0x66, 0x3a, 0x5e, 0x7b, 0x56, 0x39, 0x5e, 0x8b, 0xa3,
    0x41, 0xda, 0x80, 0xda, 0x80, 0xd2, 0x41, 0xca, 0x42, 0xed, 0x83, 0xf5,
    0x82, 0xf5, 0xa3, 0xf5, 0xa3, 0xf5, 0xa2, 0xf5, 0xc3, 0xfd, 0xc3, 0xf5,
    0xe3, 0xfd, 0xe3, 0xf5, 0xe3, 0xf5, 0xe3, 0xfd, 0xe3, 0xfd, 0xe3, 0xfd,
    0x03, 0xfe, 0xe3, 0xf5, 0xe3, 0xf5, 0x03, 0xfe, 0xe3, 0xfd, 0x03, 0xf6,
    0x03, 0xfe, 0x03, 0xfe, 0x03, 0xfe, 0x03, 0xf6, 0x03, 0xf6, 0x03, 0xfe,
    0x03, 0xfe, 0x03, 0xfe, 0x23, 0xfe, 0x03, 0xfe, 0x03, 0xf6, 0xe3, 0xfd,
    0xe3, 0xfd, 0x03, 0xfe, 0x80, 0xf4, 0xa0, 0xf4, 0x80, 0xf4, 0x80, 0xfc,
    0x80, 0xf4, 0x80, 0xf4, 0x80, 0xfc, 0x80, 0xf4, 0x80, 0xfc, 0xa0, 0xfc,
    0xa0, 0xf4, 0xa0, 0xf4, 0xa0, 0xfc, 0xc0, 0xfc, 0xc0, 0xf4, 0xc0, 0xfc,
    0xc0, 0xfc, 0xe0, 0xfc, 0xe0, 0xfc, 0xc0, 0xfc, 0xe0, 0xfc, 0xc0, 0xf4,
    0xa0, 0xf4, 0xa0, 0xfc, 0x80, 0xf4, 0x40, 0xfc, 0x20, 0xf4, 0x00, 0xf4,
    0xe0, 0xf3, 0xc0, 0xf3, 0xa1, 0xf3, 0x80, 0xeb, 0x80, 0xeb, 0x60, 0xeb,
    0x40, 0xeb, 0x80, 0xeb, 0xa0, 0xf3, 0xe0, 0xf3, 0x20, 0xf4, 0x60, 0xf4,
    0x60, 0xfc, 0x80, 0xfc, 0xa0, 0xfc, 0xc0, 0xfc, 0xa0, 0xfc, 0xa0, 0xf4,
    0x80, 0xfc, 0x81, 0xfc, 0x40, 0xf4, 0x40, 0xf4, 0x00, 0xf4, 0x00, 0xf4,
    0x60, 0xf4, 0xa0, 0xf4, 0xc0, 0xfc, 0xc0, 0xfc, 0xc0, 0xf4, 0xa0, 0xf4,
    0x80, 0xfc, 0x40, 0xf4, 0xe0, 0xf3, 0x00, 0xf4, 0x60, 0xf4, 0xa0, 0xfc,
    0xc0, 0xfc, 0xc0, 0xfc, 0xa0, 0xf4, 0x80, 0xf4, 0x40, 0xf4, 0x00, 0xf4,
    0xc0, 0xf3, 0x61, 0xf3, 0xa9, 0x7b, 0x8a, 0x5b, 0xc6, 0x92, 0xe6, 0x92,
    0xc6, 0x92, 0xc6, 0x92, 0xc6, 0x92, 0xa6, 0x92, 0xa5, 0x92, 0xa6, 0x92,
    0xa6, 0x92, 0xa5, 0x92, 0xa5, 0x92, 0xa6, 0x92, 0x86, 0x92, 0x05, 0xa3,
    0x25, 0xb3, 0x45, 0xb3, 0x45, 0xb3, 0x45, 0xb3, 0x45, 0xb3, 0x45, 0xbb,
    0x88, 0x82, 0xa8, 0x82, 0xa8, 0x7a, 0xa8, 0x82, 0xa8, 0x82, 0xa9, 0x7a,
    0xaf, 0x44, 0xcf, 0x44, 0xd0, 0x44, 0xd0, 0x4c, 0xcf, 0x44, 0xcf, 0x44,
    0xd0, 0x4c, 0xef, 0x4c, 0xf0, 0x44, 0xef, 0x4c, 0xef, 0x4c, 0xef, 0x4c,
    0x0f, 0x4d, 0x10, 0x4d, 0x0f, 0x4d, 0xef, 0x4c, 0x10, 0x4d, 0x30, 0x55,
    0x30, 0x4d, 0x30, 0x4d, 0x72, 0x55, 0xf7, 0x5d, 0x39, 0x66, 0x5a, 0x66,
    0x5a, 0x66, 0x5a, 0x66, 0x39, 0x66, 0x3a, 0x66, 0x5a, 0x66, 0x3a, 0x66,
    0x5a, 0x66, 0x3a, 0x66, 0x3a, 0x66, 0x5a, 0x66, 0x5a, 0x6e, 0x5a, 0x66,
    0x3a, 0x66, 0x5a, 0x6e, 0x5a, 0x66, 0x5a, 0x66, 0x5a, 0x6e, 0x5a, 0x66,
    0x5a, 0x6e, 0x5a, 0x6e, 0x5a, 0x6e, 0x5a, 0x66, 0x5a, 0x66, 0x5a, 0x66,
    0x5a, 0x6e, 0x5a, 0x66, 0x3a, 0x66, 0x5a, 0x66, 0x5a, 0x66, 0x5a, 0x6e,
    0x3a, 0x66, 0x3b, 0x6e, 0x5a, 0x66, 0x5a, 0x66, 0xf6, 0x75, 0xe5, 0xdb,
    0x00, 0xfc, 0x40, 0xfc, 0x40, 0xf4, 0x20, 0xf4, 0xe0, 0xf3, 0x60, 0xeb,
    0xe0, 0xf3, 0x20, 0xf4, 0x40, 0xf4, 0x60, 0xf4, 0x80, 0xfc, 0x80, 0xfc,
    0x80, 0xfc, 0x60, 0xf4, 0x00, 0xf4, 0x60, 0xf4, 0x80, 0xf4, 0xa0, 0xfc,
    0xa0, 0xfc, 0xa0, 0xfc, 0x80, 0xf4, 0x80, 0xfc, 0x60, 0xfc, 0x40, 0xf4,
    0x20, 0xf4, 0xe0, 0xf3, 0xc0, 0xf3, 0x60, 0xeb, 0xe0, 0xf3, 0xe0, 0xf3,
    0x00, 0xf4, 0xe0, 0xf3, 0xc0, 0xf3, 0x41, 0xeb, 0xb0, 0x94, 0x9b, 0x4e,
    0x9b, 0x56, 0x39, 0x5e, 0xd1, 0x8c, 0x27, 0xc3, 0x80, 0xe2, 0xa0, 0xe2,
    0xc0, 0xda, 0x80, 0xd2, 0x60, 0xd2, 0xc1, 0xdb, 0xa3, 0xf5, 0xa3, 0xf5,
    0xa3, 0xfd, 0xa2, 0xf5, 0xc3, 0xf5, 0xc3, 0xfd, 0xe3, 0xf5, 0xe3, 0xfd,
    0xe3, 0xf5, 0xe3, 0xfd, 0xe3, 0xf5, 0x03, 0xfe, 0xe3, 0xfd, 0x03, 0xf6,
    0x03, 0xfe, 0x03, 0xfe, 0x03, 0xfe, 0x03, 0xfe, 0x03, 0xf6, 0x03, 0xfe,
    0x03, 0xfe, 0x03, 0xf6, 0x03, 0xfe, 0x03, 0xfe, 0x04, 0xfe, 0x03, 0xf6,
    0x03, 0xf6, 0x03, 0xf6, 0x03, 0xfe, 0x03, 0xfe, 0x03, 0xfe, 0x03, 0xfe,
    0x03, 0xfe, 0x03, 0xfe, 0x60, 0xf4, 0x80, 0xf4, 0x80, 0xfc, 0x80, 0xfc,
    0x60, 0xf4, 0x60, 0xfc, 0x60, 0xf4, 0x80, 0xf4, 0x80, 0xfc, 0x80, 0xfc,
    0xa0, 0xfc, 0x80, 0xf4, 0xa0, 0xfc, 0xa0, 0xfc, 0xc0, 0xf4, 0xc0, 0xfc,
    0xc0, 0xfc, 0xe0, 0xfc, 0xe0, 0xfc, 0xc0, 0xfc, 0xc0, 0xfc, 0xc0, 0xfc,
    0xc0, 0xfc, 0xc0, 0xfc, 0x80, 0xfc, 0x60, 0xfc, 0x40, 0xfc, 0x20, 0xf4,
    0x00, 0xf4, 0xe0, 0xf3, 0xc0, 0xf3, 0x80, 0xeb, 0x80, 0xeb, 0xe0, 0xf3,
    0x00, 0xf4, 0x00, 0xf4, 0xc0, 0xeb, 0xe0, 0xf3, 0x00, 0xf4, 0x40, 0xf4,
    0x80, 0xf4, 0x80, 0xfc, 0xa0, 0xf4, 0xa0, 0xf4, 0xa0, 0xfc, 0xa0, 0xfc,
    0x80, 0xf4, 0x80, 0xfc, 0x60, 0xf4, 0x40, 0xf4, 0x00, 0xf4, 0xe0, 0xf3,
    0x60, 0xf4, 0xa0, 0xfc, 0xc0, 0xfc, 0xc0, 0xf4, 0xc0, 0xfc, 0x80, 0xf4,
    0x60, 0xf4, 0x40, 0xf4, 0x01, 0xf4, 0xe0, 0xeb, 0x60, 0xf4, 0xa0, 0xfc,
    0xa0, 0xf4, 0xa0, 0xfc, 0x80, 0xfc, 0x60, 0xfc, 0x40, 0xf4, 0xe0, 0xf3,
    0xa0, 0xf3, 0x21, 0xeb, 0x88, 0x73, 0x06, 0x8b, 0xa6, 0x92, 0xc6, 0x92,
    0xa6, 0x92, 0xa5, 0x92, 0xc6, 0x92, 0xc6, 0x92, 0xa6, 0x92, 0xa6, 0x92,
    0xa6, 0x92, 0xa5, 0x92, 0xa6, 0x92, 0xa6, 0x92, 0xa5, 0x92, 0x05, 0xab,
    0x45, 0xb3, 0x25, 0xb3, 0x45, 0xb3, 0x45, 0xbb, 0x45, 0xbb, 0x45, 0xb3,
    0xa8, 0x82, 0xa8, 0x7a, 0xa8, 0x82, 0xc8, 0x7a, 0xa8, 0x7a, 0xa8, 0x7a,
    0x6f, 0x4c, 0xd0, 0x44, 0xd0, 0x44, 0xcf, 0x44, 0xaf, 0x44, 0xd0, 0x44,
    0xef, 0x4c, 0xcf, 0x44, 0xf0, 0x4c, 0xef, 0x4c, 0xf0, 0x4c, 0xf0, 0x4c,
    0x0f, 0x4d, 0x10, 0x4d, 0xef, 0x4c, 0x0f, 0x4d, 0x10, 0x4d, 0x10, 0x4d,
    0x0f, 0x4d, 0x30, 0x55, 0x93, 0x55, 0x18, 0x5e, 0x39, 0x66, 0x3a, 0x66,
    0x3a, 0x66, 0x59, 0x66, 0x3a, 0x66, 0x5a, 0x66, 0x3a, 0x66, 0x3a, 0x66,
    0x5a, 0x66, 0x3a, 0x66, 0x3a, 0x66, 0x5a, 0x66, 0x5a, 0x66, 0x5a, 0x66,
    0x5a, 0x6e, 0x5a, 0x6e, 0x5a, 0x66, 0x5a, 0x66, 0x3a, 0x6e, 0x5a, 0x6e,
    0x5a, 0x66, 0x5a, 0x66, 0x5a, 0x6e, 0x5a, 0x66, 0x5a, 0x66, 0x5a, 0x6e,
    0x3a, 0x66, 0x5a, 0x66, 0x5a, 0x6e, 0x5a, 0x66, 0x5a, 0x66, 0x5a, 0x66,
    0x5a, 0x66, 0x5a, 0x6e, 0x5a, 0x66, 0xf7, 0x75, 0xa2, 0xf3, 0x40, 0xf4,
    0x61, 0xf4, 0xa0, 0xfc, 0x80, 0xfc, 0x80, 0xfc, 0x40, 0xfc, 0x00, 0xf4,
    0xe0, 0xf3, 0x20, 0xf4, 0x40, 0xfc, 0x60, 0xfc, 0x60, 0xf4, 0x80, 0xfc,
    0x80, 0xf4, 0x80, 0xfc, 0x40, 0xf4, 0x60, 0xfc, 0x80, 0xfc, 0x80, 0xfc,
    0xa0, 0xf4, 0xa0, 0xfc, 0x80, 0xf4, 0x60, 0xfc, 0x40, 0xf4, 0x20, 0xf4,
    0x00, 0xf4, 0xe0, 0xf3, 0xc0, 0xeb, 0xa0, 0xeb, 0x00, 0xf4, 0x21, 0xf4,
    0x20, 0xf4, 0x00, 0xf4, 0xe0, 0xf3, 0xc0, 0xf3, 0xa1, 0xf3, 0xa6, 0xc3,
    0xe3, 0xda, 0xe0, 0xea, 0x20, 0xeb, 0x00, 0xeb, 0x00, 0xeb, 0xe0, 0xe2,
    0xa0, 0xda, 0x80, 0xd2, 0x81, 0xca, 0xa2, 0xfd, 0xa3, 0xf5, 0xc3, 0xf5,
    0xc3, 0xfd, 0xc3, 0xfd, 0xe3, 0xfd, 0xe3, 0xf5, 0xe3, 0xfd, 0xe3, 0xfd,
    0x03, 0xfe, 0xe3, 0xf5, 0xe3, 0xfd, 0x03, 0xfe, 0x03, 0xf6, 0x04, 0xf6,
    0x03, 0xfe, 0x04, 0xfe, 0x03, 0xf6, 0x03, 0xfe, 0x04, 0xf6, 0x03, 0xfe,
    0x23, 0xfe, 0x04, 0xf6, 0x24, 0xfe, 0x23, 0xfe, 0x03, 0xfe, 0x24, 0xfe,
    0x24, 0xfe, 0x23, 0xfe, 0x04, 0xfe, 0x23, 0xf6, 0x03, 0xfe, 0x03, 0xf6,
    0x03, 0xf6, 0x03, 0xfe, 0x81, 0xf4, 0x80, 0xf4, 0x80, 0xfc, 0x80, 0xfc,
    0x60, 0xf4, 0x60, 0xfc, 0x60, 0xfc, 0x60, 0xf4, 0x60, 0xfc, 0x80, 0xfc,
    0x80, 0xfc, 0xa0, 0xf4, 0xa0, 0xfc, 0xa0, 0xfc, 0xc0, 0xfc, 0xc0, 0xfc,
    0xc0, 0xf4, 0xe0, 0xf4, 0xe0, 0xfc, 0xe0, 0xfc, 0xe0, 0xf4, 0xc0, 0xfc,
    0xe0, 0xfc, 0xc0, 0xfc, 0xa0, 0xf4, 0x80, 0xfc, 0x60, 0xfc, 0x40, 0xf4,
    0x21, 0xf4, 0xe0, 0xf3, 0xa0, 0xeb, 0xc0, 0xeb, 0x40, 0xf4, 0x40, 0xf4,
    0x40, 0xf4, 0x40, 0xf4, 0xe0, 0xf3, 0xe0, 0xf3, 0x00, 0xf4, 0x40, 0xf4,
    0x60, 0xf4, 0x60, 0xfc, 0x80, 0xfc, 0x80, 0xf4, 0x80, 0xfc, 0x80, 0xf4,
    0x80, 0xfc, 0x60, 0xf4, 0x40, 0xfc, 0x40, 0xf4, 0x00, 0xf4, 0x00, 0xf4,
    0x60, 0xfc, 0xa0, 0xfc, 0xa0, 0xf4, 0xa0, 0xfc, 0xa0, 0xfc, 0x60, 0xf4,
    0x40, 0xf4, 0x20, 0xf4, 0x00, 0xf4, 0xa0, 0xeb, 0x20, 0xf4, 0x60, 0xf4,
    0x80, 0xf4, 0x60, 0xf4, 0x40, 0xfc, 0x20, 0xf4, 0xe0, 0xf3, 0xa0, 0xf3,
    0x40, 0xeb, 0xe1, 0xe2, 0x27, 0x7b, 0xc5, 0x92, 0xa6, 0x92, 0xa6, 0x92,
    0xa5, 0x92, 0xa6, 0x92, 0xa6, 0x92, 0xa5, 0x92, 0xa6, 0x92, 0xa6, 0x92,
    0xa5, 0x92, 0xa6, 0x92, 0x85, 0x92, 0x85, 0x92, 0xe6, 0xa2, 0x05, 0xab,
    0x25, 0xb3, 0x45, 0xb3, 0x45, 0xb3, 0x65, 0xbb, 0x45, 0xb3, 0x45, 0xb3,
    0xa8, 0x7a, 0xa8, 0x7a, 0xa8, 0x82, 0xc9, 0x82, 0xc8, 0x7a, 0xc8, 0x82,
    0x2e, 0x54, 0xb0, 0x44, 0xcf, 0x44, 0xaf, 0x44, 0xcf, 0x44, 0xd0, 0x44,
    0xcf, 0x44, 0xcf, 0x44, 0xf0, 0x4c, 0xcf, 0x44, 0xef, 0x44, 0xef, 0x4c,
    0xf0, 0x4c, 0xf0, 0x4c, 0xf0, 0x4c, 0x10, 0x4d, 0x0f, 0x4d, 0x10, 0x4d,
    0x30, 0x4d, 0x30, 0x4d, 0x73, 0x55, 0xd6, 0x5d, 0xf7, 0x5d, 0x18, 0x66,
    0x19, 0x66, 0x39, 0x66, 0x5a, 0x66, 0x5a, 0x66, 0x39, 0x66, 0x5a, 0x66,
    0x5a, 0x66, 0x59, 0x66, 0x3a, 0x66, 0x3a, 0x66, 0x3a, 0x66, 0x5a, 0x6e,
    0x5a, 0x66, 0x5a, 0x6e, 0x5a, 0x6e, 0x5a, 0x66, 0x5a, 0x6e, 0x5a, 0x66,
    0x5a, 0x6e, 0x5a, 0x66, 0x3a, 0x66, 0x5a, 0x66, 0x5a, 0x6e, 0x3a, 0x66,
    0x5a, 0x66, 0x5a, 0x66, 0x5a, 0x66, 0x3a, 0x6e, 0x5a, 0x6e, 0x5a, 0x66,
    0x3a, 0x66, 0x5a, 0x66, 0x5a, 0x66, 0x85, 0xdb, 0x00, 0xf4, 0x60, 0xfc,
    0x80, 0xfc, 0xa0, 0xfc, 0xc0, 0xfc, 0xa0, 0xfc, 0x80, 0xf4, 0x40, 0xf4,
    0xe0, 0xf3, 0x20, 0xf4, 0x40, 0xf4, 0x80, 0xfc, 0x80, 0xfc, 0xa0, 0xf4,
    0x80, 0xf4, 0x80, 0xfc, 0x80, 0xf4, 0x80, 0xfc, 0x60, 0xf4, 0x80, 0xf4,
    0x80, 0xf4, 0x80, 0xf4, 0x60, 0xfc, 0x60, 0xf4, 0x20, 0xf4, 0x00, 0xf4,
    0x00, 0xf4, 0xe0, 0xf3, 0xa0, 0xeb, 0xc0, 0xf3, 0x00, 0xf4, 0x20, 0xf4,
    0x20, 0xf4, 0x20, 0xf4, 0x20, 0xf4, 0x00, 0xf4, 0x00, 0xf4, 0xe0, 0xf3,
    0xa0, 0xf3, 0x60, 0xeb, 0x60, 0xeb, 0x20, 0xeb, 0x00, 0xe3, 0xc0, 0xe2,
    0xa0, 0xda, 0x61, 0xd2, 0x01, 0xed, 0x41, 0xf5, 0xa3, 0xf5, 0xc2, 0xf5,
    0xc3, 0xf5, 0xe3, 0xfd, 0xe3, 0xf5, 0xe3, 0xf5, 0xe3, 0xf5, 0x03, 0xfe,
    0x03, 0xfe, 0x03, 0xf6, 0x04, 0xfe, 0x04, 0xfe, 0x03, 0xf6, 0x04, 0xfe,
    0x04, 0xfe, 0x04, 0xf6, 0x04, 0xfe, 0x03, 0xfe, 0x24, 0xfe, 0x24, 0xfe,
    0x03, 0xfe, 0x03, 0xf6, 0x24, 0xfe, 0x23, 0xfe, 0x23, 0xfe, 0x04, 0xf6,
    0x23, 0xfe, 0x03, 0xfe, 0x24, 0xfe, 0x03, 0xfe, 0x03, 0xfe, 0x03, 0xf6,
    0x03, 0xfe, 0x03, 0xfe, 0x60, 0xf4, 0x80, 0xf4, 0x80, 0xfc, 0x80, 0xf4,
    0x80, 0xf4, 0x60, 0xfc, 0x40, 0xf4, 0x40, 0xf4, 0x60, 0xfc, 0x60, 0xf4,
    0x80, 0xfc, 0x80, 0xfc, 0xa0, 0xfc, 0xa0, 0xf4, 0xa0, 0xfc, 0xc0, 0xfc,
    0xc0, 0xfc, 0xe0, 0xfc, 0xe0, 0xfc, 0xe0, 0xfc, 0xe0, 0xfc, 0xe0, 0xfc,
    0xc0, 0xfc, 0xc0, 0xfc, 0xc0, 0xfc, 0xa0, 0xfc, 0x60, 0xf4, 0x40, 0xf4,
    0x20, 0xf4, 0xa1, 0xe3, 0xe0, 0xeb, 0x60, 0xf4, 0x80, 0xfc, 0x80, 0xfc,
    0x40, 0xf4, 0x40, 0xf4, 0x20, 0xf4, 0xa0, 0xeb, 0xe1, 0xf3, 0x20, 0xf4,
    0x40, 0xfc, 0x60, 0xf4, 0x80, 0xf4, 0x80, 0xfc, 0x80, 0xfc, 0x80, 0xfc,
    0x60, 0xf4, 0x40, 0xf4, 0x40, 0xfc, 0x20, 0xf4, 0xe0, 0xf3, 0x20, 0xf4,
    0x80, 0xfc, 0x80, 0xfc, 0xa0, 0xfc, 0xa0, 0xf4, 0x80, 0xf4, 0x40, 0xf4,
    0x20, 0xfc, 0x00, 0xf4, 0xe0, 0xf3, 0xa0, 0xeb, 0xa0, 0xeb, 0x01, 0xf4,
    0x20, 0xf4, 0x00, 0xf4, 0xe0, 0xf3, 0xc0, 0xeb, 0x80, 0xeb, 0x21, 0xeb,
    0xe0, 0xe2, 0xe5, 0xa2, 0xe6, 0x8a, 0xa6, 0x92, 0xa6, 0x92, 0xa6, 0x92,
    0xc6, 0x92, 0xa6, 0x92, 0xa6, 0x92, 0xa6, 0x92, 0xa5, 0x8a, 0xa6, 0x92,
    0xa6, 0x92, 0xa6, 0x92, 0xa6, 0x92, 0x85, 0x92, 0xe5, 0xa2, 0xe5, 0xa2,
    0x05, 0xa3, 0x45, 0xb3, 0x45, 0xb3, 0x45, 0xb3, 0x45, 0xbb, 0x45, 0xbb,
    0xa8, 0x82, 0xa8, 0x7a, 0xa8, 0x82, 0xa8, 0x7a, 0xa9, 0x82, 0xc8, 0x82,
    0x0e, 0x4c, 0xb0, 0x44, 0xcf, 0x44, 0xb0, 0x44, 0xd0, 0x44, 0xd0, 0x4c,
    0xcf, 0x4c, 0xd0, 0x44, 0xcf, 0x4c, 0xd0, 0x44, 0xcf, 0x44, 0xf0, 0x4c,
    0xef, 0x4c, 0xf0, 0x44, 0x10, 0x4d, 0x0f, 0x4d, 0x0f, 0x4d, 0x10, 0x4d,
    0x30, 0x4d, 0x30, 0x4d, 0x52, 0x55, 0x53, 0x55, 0x93, 0x55, 0x93, 0x55,
    0xb5, 0x55, 0xf7, 0x5d, 0x39, 0x66, 0x39, 0x66, 0x39, 0x66, 0x3a, 0x66,
    0x3a, 0x66, 0x59, 0x66, 0x59, 0x6e, 0x3a, 0x66, 0x5a, 0x6e, 0x5a, 0x66,
    0x3a, 0x66, 0x5a, 0x6e, 0x5a, 0x66, 0x5a, 0x66, 0x5a, 0x66, 0x5a, 0x66,
    0x3a, 0x6e, 0x5a, 0x6e, 0x5a, 0x66, 0x3a, 0x6e, 0x5a, 0x66, 0x5a, 0x66,
    0x3a, 0x6e, 0x5a, 0x66, 0x5a, 0x66, 0x3a, 0x66, 0x3a, 0x66, 0x5a, 0x66,
    0x3a, 0x66, 0x3a, 0x66, 0x95, 0x75, 0x40, 0xfb, 0x20, 0xf4, 0x60, 0xfc,
    0x80, 0xfc, 0xc0, 0xfc, 0xa0, 0xfc, 0xa0, 0xfc, 0x80, 0xfc, 0x60, 0xfc,
    0xe1, 0xf3, 0x00, 0xf4, 0x40, 0xf4, 0x60, 0xfc, 0xa0, 0xfc, 0xa0, 0xf4,
    0x80, 0xfc, 0x81, 0xfc, 0x80, 0xf4, 0x80, 0xfc, 0x80, 0xf4, 0x80, 0xfc,
    0x80, 0xfc, 0x60, 0xfc, 0x60, 0xf4, 0x40, 0xf4, 0x20, 0xf4, 0x01, 0xf4,
    0xe0, 0xf3, 0xe0, 0xf3, 0xa0, 0xf3, 0x01, 0xf4, 0x20, 0xf4, 0x40, 0xf4,
    0x40, 0xf4, 0x40, 0xfc, 0x40, 0xf4, 0x40, 0xfc, 0x20, 0xf4, 0xe0, 0xf3,
    0xc0, 0xf3, 0x80, 0xeb, 0x60, 0xeb, 0x20, 0xeb, 0x00, 0xe3, 0xe0, 0xe2,
    0xa0, 0xda, 0xe1, 0xdb, 0xa2, 0xf5, 0x61, 0xf5, 0x20, 0xfd, 0x81, 0xfd,
    0xc3, 0xfd, 0xe3, 0xfd, 0xe3, 0xfd, 0xe3, 0xfd, 0x03, 0xfe, 0x03, 0xf6,
    0x03, 0xfe, 0x03, 0xf6, 0x04, 0xfe, 0x03, 0xfe, 0x24, 0xf6, 0x24, 0xfe,
    0x03, 0xfe, 0x23, 0xfe, 0x24, 0xf6, 0x24, 0xfe, 0x24, 0xf6, 0x24, 0xfe,
    0x24, 0xfe, 0x23, 0xfe, 0x24, 0xfe, 0x24, 0xf6, 0x23, 0xfe, 0x03, 0xfe,
    0x24, 0xf6, 0x03, 0xf6, 0x23, 0xfe, 0x24, 0xfe, 0x03, 0xfe, 0x03, 0xfe,
    0x03, 0xfe, 0x03, 0xfe, 0x40, 0xf4, 0x80, 0xfc, 0x80, 0xfc, 0x80, 0xfc,
    0x60, 0xf4, 0x60, 0xfc, 0x40, 0xf4, 0x40, 0xf4, 0x20, 0xf4, 0x20, 0xf4,
    0x60, 0xf4, 0x60, 0xf4, 0x80, 0xfc, 0x80, 0xfc, 0xa0, 0xf4, 0xa0, 0xfc,
    0xc0, 0xfc, 0xc0, 0xfc, 0xc0, 0xfc, 0xe0, 0xfc, 0xe0, 0xfc, 0xe0, 0xfc,
    0xc0, 0xfc, 0xc0, 0xf4, 0xa0, 0xfc, 0x80, 0xfc, 0x80, 0xfc, 0x60, 0xf4,
    0xc0, 0xeb, 0x60, 0xf4, 0x80, 0xfc, 0x80, 0xfc, 0xa1, 0xfc, 0x80, 0xfc,
    0x80, 0xfc, 0x60, 0xfc, 0x40, 0xf4, 0xc0, 0xeb, 0x00, 0xf4, 0x00, 0xf4,
    0x40, 0xf4, 0x60, 0xf4, 0x60, 0xfc, 0x80, 0xf4, 0x60, 0xf4, 0x60, 0xfc,
    0x60, 0xf4, 0x40, 0xfc, 0x20, 0xf4, 0x20, 0xf4, 0xe0, 0xf3, 0x40, 0xf4,
    0x61, 0xf4, 0x80, 0xfc, 0x80, 0xfc, 0x60, 0xf4, 0x40, 0xf4, 0x20, 0xf4,
    0xe0, 0xf3, 0xc0, 0xf3, 0xa0, 0xeb, 0x60, 0xeb, 0x60, 0xeb, 0xc0, 0xf3,
    0xc0, 0xf3, 0xa0, 0xf3, 0x60, 0xf3, 0x61, 0xeb, 0x01, 0xeb, 0xa0, 0xe2,
    0x07, 0x93, 0xed, 0x4b, 0xc6, 0x92, 0xc6, 0x92, 0xa6, 0x92, 0xa6, 0x92,
    0xa6, 0x92, 0xa6, 0x8a, 0xa6, 0x8a, 0xa6, 0x8a, 0xa6, 0x92, 0xa5, 0x92,
    0xa5, 0x92, 0xa6, 0x92, 0xa5, 0x92, 0xc5, 0x92, 0xc5, 0x9a, 0xc5, 0xa2,
    0xe5, 0xa2, 0xe5, 0xa2, 0x25, 0xb3, 0x45, 0xb3, 0x65, 0xbb, 0x45, 0xb3,
    0xa8, 0x82, 0xa8, 0x82, 0xa8, 0x7a, 0xa8, 0x82, 0xa8, 0x7a, 0xa8, 0x7a,
    0x0d, 0x54, 0xb0, 0x44, 0xb0, 0x44, 0xaf, 0x44, 0xd0, 0x44, 0xaf, 0x44,
    0xd0, 0x4c, 0xcf, 0x44, 0xaf, 0x44, 0xd0, 0x4c, 0xcf, 0x4c, 0xf0, 0x4c,
    0xf0, 0x44, 0xf0, 0x4c, 0xef, 0x4c, 0xf0, 0x4c, 0x10, 0x4d, 0x10, 0x4d,
    0x10, 0x4d, 0x10, 0x4d, 0x30, 0x4d, 0x30, 0x4d, 0x31, 0x4d, 0x31, 0x4d,
    0x31, 0x4d, 0x94, 0x55, 0xf7, 0x5d, 0x39, 0x66, 0x3a, 0x66, 0x3a, 0x66,
    0x5a, 0x66, 0x3a, 0x66, 0x5a, 0x66, 0x3a, 0x66, 0x5a, 0x66, 0x5a, 0x6e,
    0x5a, 0x66, 0x5a, 0x66, 0x3a, 0x6e, 0x5a, 0x6e, 0x5a, 0x66, 0x5a, 0x66,
    0x5a, 0x6e, 0x5a, 0x66, 0x5a, 0x66, 0x5a, 0x66, 0x3a, 0x66, 0x5a, 0x66,
    0x5a, 0x6e, 0x3a, 0x6e, 0x5a, 0x66, 0x5a, 0x6e, 0x5a, 0x66, 0x5a, 0x66,
    0x5a, 0x6e, 0x3a, 0x66, 0xcf, 0x94, 0x80, 0xf3, 0x00, 0xf4, 0x40, 0xf4,
    0x80, 0xfc, 0x80, 0xf4, 0x80, 0xf4, 0x80, 0xfc, 0x60, 0xf4, 0x40, 0xf4,
    0xe0, 0xf3, 0xe0, 0xf3, 0x40, 0xf4, 0x60, 0xfc, 0x80, 0xf4, 0x80, 0xfc,
    0x80, 0xfc, 0x80, 0xfc, 0x80, 0xf4, 0x80, 0xf4, 0x60, 0xfc, 0x60, 0xfc,
    0x60, 0xf4, 0x60, 0xfc, 0x41, 0xf4, 0x20, 0xf4, 0x00, 0xf4, 0xe0, 0xf3,
    0xe0, 0xf3, 0xc0, 0xf3, 0xc0, 0xeb, 0x00, 0xf4, 0x20, 0xf4, 0x40, 0xfc,
    0x40, 0xfc, 0x60, 0xf4, 0x60, 0xf4, 0x40, 0xf4, 0x20, 0xf4, 0x00, 0xf4,
    0xa0, 0xf3, 0x80, 0xeb, 0x41, 0xeb, 0x20, 0xeb, 0x00, 0xe3, 0xc0, 0xe2,
    0xa1, 0xd2, 0x82, 0xf5, 0xa2, 0xfd, 0xc3, 0xfd, 0xa2, 0xfd, 0x40, 0xfd,
    0x60, 0xf5, 0xa2, 0xf5, 0xe3, 0xf5, 0xe3, 0xfd, 0x03, 0xfe, 0x04, 0xfe,
    0x03, 0xfe, 0x04, 0xfe, 0x04, 0xf6, 0x23, 0xfe, 0x24, 0xfe, 0x24, 0xfe,
    0x24, 0xfe, 0x04, 0xf6, 0x24, 0xfe, 0x23, 0xfe, 0x24, 0xfe, 0x24, 0xf6,
    0x23, 0xfe, 0x24, 0xfe, 0x24, 0xf6, 0x23, 0xfe, 0x04, 0xfe, 0x24, 0xfe,
    0x23, 0xfe, 0x24, 0xfe, 0x23, 0xfe, 0x03, 0xf6, 0x23, 0xfe, 0x03, 0xfe,
    0x03, 0xfe, 0x03, 0xfe, 0x60, 0xf4, 0x80, 0xfc, 0x80, 0xfc, 0x60, 0xf4,
    0x60, 0xfc, 0x60, 0xfc, 0x40, 0xf4, 0x40, 0xfc, 0x20, 0xfc, 0x20, 0xf4,
    0x40, 0xfc, 0x60, 0xf4, 0x60, 0xf4, 0x80, 0xfc, 0xa0, 0xfc, 0xa0, 0xf4,
    0xa0, 0xfc, 0xc0, 0xf4, 0xe0, 0xfc, 0xc0, 0xfc, 0xe0, 0xfc, 0xe0, 0xfc,
    0xc0, 0xfc, 0xc0, 0xfc, 0xa0, 0xfc, 0xa1, 0xfc, 0x80, 0xf4, 0x40, 0xf4,
    0xc0, 0xfc, 0xa0, 0xfc, 0xa0, 0xfc, 0xc0, 0xfc, 0xa0, 0xfc, 0xa0, 0xf4,
    0x80, 0xfc, 0x80, 0xfc, 0x60, 0xf4, 0x20, 0xf4, 0xc0, 0xf3, 0xe0, 0xf3,
    0x20, 0xf4, 0x20, 0xf4, 0x40, 0xfc, 0x40, 0xfc, 0x40, 0xf4, 0x40, 0xf4,
    0x40, 0xf4, 0x40, 0xf4, 0x20, 0xf4, 0x00, 0xf4, 0x20, 0xf4, 0x40, 0xf4,
    0x60, 0xf4, 0x60, 0xfc, 0x60, 0xf4, 0x40, 0xf4, 0x00, 0xf4, 0xe0, 0xf3,
    0xa0, 0xf3, 0x80, 0xeb, 0x40, 0xeb, 0x00, 0xe3, 0x00, 0xe3, 0x21, 0xe3,
    0x40, 0xeb, 0x21, 0xe3, 0x00, 0xe3, 0xc0, 0xe2, 0xa3, 0xca, 0xcc, 0x6b,
    0x91, 0x34, 0xe7, 0x82, 0xa6, 0x92, 0xa6, 0x92, 0xa6, 0x92, 0xa5, 0x8a,
    0xa6, 0x92, 0xa6, 0x8a, 0x85, 0x8a, 0xa6, 0x92, 0xa6, 0x92, 0x85, 0x8a,
    0xa6, 0x92, 0xa5, 0x92, 0x85, 0x92, 0xa5, 0x9a, 0xc5, 0xa2, 0xe5, 0xa2,
    0xc5, 0xa2, 0xe5, 0xa2, 0xe5, 0xa2, 0x05, 0xab, 0x25, 0xb3, 0x45, 0xb3,
    0xa8, 0x82, 0xa8, 0x7a, 0xa8, 0x82, 0xa8, 0x7a, 0xa8, 0x7a, 0xa8, 0x82,
    0x0d, 0x54, 0xb0, 0x44, 0xb0, 0x44, 0xaf, 0x44, 0xaf, 0x44, 0xd0, 0x44,
    0xb0, 0x44, 0xcf, 0x44, 0xd0, 0x44, 0xcf, 0x44, 0xd0, 0x44, 0xcf, 0x44,
    0xf0, 0x44, 0xef, 0x4c, 0xf0, 0x4c, 0xf0, 0x44, 0x10, 0x4d, 0x10, 0x4d,
    0x10, 0x4d, 0x10, 0x4d, 0x10, 0x4d, 0x10, 0x45, 0x10, 0x4d, 0x10, 0x4d,
    0x10, 0x4d, 0x31, 0x4d, 0x94, 0x55, 0xf8, 0x5d, 0x39, 0x66, 0x5a, 0x66,
    0x5a, 0x66, 0x3a, 0x66, 0x39, 0x66, 0x59, 0x66, 0x5a, 0x66, 0x39, 0x66,
    0x5a, 0x6e, 0x5a, 0x6e, 0x39, 0x66, 0x5a, 0x66, 0x3a, 0x66, 0x39, 0x66,
    0x39, 0x66, 0x39, 0x66, 0x3a, 0x66, 0x39, 0x66, 0x39, 0x66, 0x5a, 0x66,
    0x5a, 0x66, 0x3a, 0x66, 0x3a, 0x6e, 0x5a, 0x66, 0x5a, 0x6e, 0x5a, 0x66,
    0x3a, 0x66, 0x5a, 0x66, 0x53, 0x7d, 0x01, 0xeb, 0xa0, 0xf3, 0xe0, 0xf3,
    0x20, 0xf4, 0x60, 0xf4, 0x60, 0xfc, 0x40, 0xf4, 0x20, 0xf4, 0x00, 0xf4,
    0xa0, 0xf3, 0xa0, 0xf3, 0x00, 0xf4, 0x40, 0xfc, 0x40, 0xf4, 0x60, 0xfc,
    0x80, 0xf4, 0x80, 0xf4, 0x80, 0xfc, 0x80, 0xfc, 0x60, 0xf4, 0x61, 0xf4,
    0x60, 0xf4, 0x20, 0xf4, 0x20, 0xfc, 0x20, 0xf4, 0x00, 0xf4, 0xe0, 0xf3,
    0xc0, 0xf3, 0xa0, 0xeb, 0xe0, 0xf3, 0x00, 0xf4, 0x20, 0xf4, 0x40, 0xf4,
    0x40, 0xf4, 0x60, 0xfc, 0x60, 0xf4, 0x40, 0xfc, 0x00, 0xf4, 0x00, 0xf4,
    0xc0, 0xf3, 0x80, 0xeb, 0x60, 0xeb, 0x20, 0xeb, 0xe0, 0xe2, 0x80, 0xd2,
    0xc1, 0xec, 0x82, 0xf5, 0xa2, 0xf5, 0xc2, 0xf5, 0xc3, 0xfd, 0xe3, 0xf5,
    0xa2, 0xfd, 0x60, 0xfd, 0x61, 0xfd, 0xc2, 0xfd, 0x03, 0xf6, 0x03, 0xf6,
    0x03, 0xfe, 0x03, 0xfe, 0x24, 0xfe, 0x24, 0xfe, 0x23, 0xf6, 0x24, 0xfe,
    0x24, 0xfe, 0x24, 0xfe, 0x24, 0xfe, 0x23, 0xf6, 0x23, 0xfe, 0x24, 0xfe,
    0x24, 0xfe, 0x23, 0xfe, 0x24, 0xfe, 0x23, 0xfe, 0x24, 0xfe, 0x24, 0xfe,
    0x24, 0xfe, 0x23, 0xfe, 0x24, 0xfe, 0x03, 0xfe, 0x04, 0xfe, 0x03, 0xfe,
    0x03, 0xfe, 0xe3, 0xfd, 0x60, 0xf4, 0x80, 0xfc, 0xa0, 0xf4, 0x80, 0xf4,
    0x60, 0xfc, 0x60, 0xf4, 0x40, 0xf4, 0x40, 0xfc, 0x20, 0xf4, 0x20, 0xf4,
    0x20, 0xfc, 0x20, 0xf4, 0x61, 0xfc, 0x60, 0xf4, 0x80, 0xf4, 0xa0, 0xfc,
    0xa0, 0xfc, 0xc0, 0xfc, 0xc0, 0xfc, 0xc0, 0xfc, 0xe0, 0xfc, 0xe0, 0xfc,
    0xe0, 0xfc, 0xc0, 0xf4, 0xa0, 0xfc, 0xa0, 0xfc, 0xa0, 0xf4, 0xa0, 0xfc,
    0xc0, 0xfc, 0xc0, 0xfc, 0xc0, 0xf4, 0xc0, 0xfc, 0xa0, 0xfc, 0xa0, 0xfc,
    0x80, 0xf4, 0x80, 0xfc, 0x60, 0xfc, 0x61, 0xfc, 0x00, 0xf4, 0xe0, 0xf3,
    0x00, 0xf4, 0x20, 0xf4, 0x20, 0xf4, 0x20, 0xf4, 0x20, 0xfc, 0x20, 0xf4,
    0x40, 0xf4, 0x20, 0xfc, 0x20, 0xf4, 0x00, 0xf4, 0x20, 0xfc, 0x40, 0xf4,
    0x20, 0xfc, 0x40, 0xf4, 0x20, 0xf4, 0x00, 0xf4, 0xe0, 0xf3, 0xa1, 0xf3,
    0x60, 0xf3, 0x21, 0xeb, 0xc1, 0xe2, 0xa4, 0xba, 0xa3, 0xca, 0x82, 0xd2,
    0x83, 0xca, 0xe5, 0xb2, 0x28, 0x8b, 0xee, 0x5b, 0xb2, 0x34, 0x70, 0x3c,
    0x2f, 0x44, 0x85, 0x92, 0xa6, 0x8a, 0xa6, 0x8a, 0x86, 0x8a, 0xa6, 0x92,
    0xa6, 0x8a, 0x86, 0x8a, 0xa6, 0x92, 0x86, 0x8a, 0xa5, 0x92, 0xa6, 0x92,
    0xa6, 0x92, 0xa6, 0x92, 0xa6, 0x92, 0xc6, 0x9a, 0xe6, 0xa2, 0xe5, 0x9a,
    0xc5, 0xa2, 0xc5, 0xa2, 0xe5, 0xa2, 0xe5, 0xa2, 0xe5, 0xaa, 0x05, 0xab,
    0x87, 0x7a, 0xa8, 0x82, 0xa8, 0x7a, 0xa8, 0x7a, 0xa8, 0x7a, 0xa8, 0x82,
    0xec, 0x53, 0xb0, 0x44, 0xb0, 0x44, 0xaf, 0x44, 0xaf, 0x44, 0xaf, 0x44,
    0xcf, 0x44, 0xb0, 0x44, 0xd0, 0x44, 0xcf, 0x44, 0xcf, 0x4c, 0xcf, 0x44,
    0xf0, 0x44, 0xf0, 0x4c, 0xf0, 0x44, 0xef, 0x44, 0xef, 0x44, 0xf0, 0x4c,
    0x10, 0x4d, 0x10, 0x4d, 0x10, 0x4d, 0x10, 0x4d, 0x10, 0x4d, 0x10, 0x45,
    0x10, 0x45, 0x30, 0x4d, 0x52, 0x4d, 0xb6, 0x5d, 0x38, 0x66, 0x39, 0x66,
    0x3a, 0x66, 0x5a, 0x6e, 0x5a, 0x6e, 0x3a, 0x66, 0x5a, 0x66, 0x5a, 0x66,
    0x59, 0x6e, 0x59, 0x66, 0x3a, 0x66, 0x39, 0x66, 0x18, 0x66, 0xf8, 0x5d,
    0xf7, 0x5d, 0xf7, 0x5d, 0xd7, 0x5d, 0xd7, 0x5d, 0xf7, 0x5d, 0xf8, 0x5d,
    0x18, 0x66, 0x19, 0x5e, 0x39, 0x66, 0x3a, 0x66, 0x3a, 0x66, 0x3a, 0x66,
    0x3a, 0x66, 0x5a, 0x66, 0x19, 0x66, 0xa2, 0xe2, 0x40, 0xeb, 0xa0, 0xf3,
    0xc0, 0xf3, 0xe0, 0xf3, 0xe0, 0xf3, 0xe0, 0xf3, 0xc0, 0xf3, 0xa0, 0xeb,
    0x60, 0xf3, 0x80, 0xeb, 0xc0, 0xf3, 0x00, 0xf4, 0x20, 0xf4, 0x40, 0xf4,
    0x60, 0xfc, 0x60, 0xf4, 0x60, 0xfc, 0x40, 0xf4, 0x40, 0xf4, 0x40, 0xfc,
    0x20, 0xfc, 0x20, 0xf4, 0x00, 0xf4, 0x00, 0xf4, 0xe0, 0xf3, 0xc0, 0xf3,
    0xc0, 0xf3, 0xc0, 0xf3, 0xe0, 0xf3, 0x00, 0xf4, 0x20, 0xf4, 0x20, 0xf4,
    0x40, 0xfc, 0x41, 0xf4, 0x40, 0xfc, 0x20, 0xf4, 0x00, 0xf4, 0xe0, 0xf3,
    0xa0, 0xf3, 0x80, 0xeb, 0x60, 0xeb, 0x00, 0xe3, 0xc0, 0xda, 0x61, 0xdb,
    0xa2, 0xf5, 0xa2, 0xf5, 0xc2, 0xfd, 0xe3, 0xfd, 0xe3, 0xf5, 0xe3, 0xfd,
    0xe3, 0xf5, 0x03, 0xf6, 0xc2, 0xfd, 0x81, 0xfd, 0x60, 0xfd, 0xa1, 0xfd,
    0xe2, 0xfd, 0x03, 0xf6, 0x03, 0xf6, 0x24, 0xfe, 0x24, 0xfe, 0x24, 0xf6,
    0x24, 0xfe, 0x23, 0xfe, 0x24, 0xfe, 0x24, 0xfe, 0x24, 0xfe, 0x24, 0xfe,
    0x23, 0xfe, 0x24, 0xf6, 0x24, 0xfe, 0x24, 0xfe, 0x24, 0xf6, 0x23, 0xf6,
    0x23, 0xfe, 0x24, 0xfe, 0x23, 0xf6, 0x23, 0xfe, 0x03, 0xfe, 0x24, 0xfe,
    0x23, 0xfe, 0xc3, 0xf5, 0x60, 0xf4, 0x80, 0xfc, 0xa0, 0xfc, 0x80, 0xfc,
    0x60, 0xf4, 0x40, 0xf4, 0x40, 0xfc, 0x40, 0xf4, 0x20, 0xf4, 0x00, 0xf4,
    0x00, 0xf4, 0x20, 0xf4, 0x40, 0xfc, 0x40, 0xf4, 0x60, 0xfc, 0x80, 0xfc,
    0x80, 0xfc, 0xc0, 0xf4, 0xc0, 0xfc, 0xc0, 0xfc, 0xc0, 0xf4, 0xc0, 0xfc,
    0xc0, 0xfc, 0xc0, 0xfc, 0xc0, 0xfc, 0xc0, 0xfc, 0xc0, 0xfc, 0xe0, 0xfc,
    0xe0, 0xfc, 0xe0, 0xfc, 0xc0, 0xfc, 0xc0, 0xfc, 0xc0, 0xfc, 0xc0, 0xfc,
    0xa0, 0xf4, 0xa0, 0xfc, 0x80, 0xfc, 0x60, 0xf4, 0x60, 0xf4, 0x00, 0xf4,
    0x20, 0xf4, 0x20, 0xf4, 0x20, 0xf4, 0x20, 0xf4, 0x20, 0xfc, 0x00, 0xf4,
    0x20, 0xf4, 0x20, 0xfc, 0x00, 0xf4, 0x00, 0xf4, 0x20, 0xf4, 0x00, 0xf4,
    0x00, 0xf4, 0x00, 0xf4, 0xe0, 0xf3, 0xc0, 0xf3, 0x80, 0xeb, 0x40, 0xeb,
    0x20, 0xeb, 0xc0, 0xe2, 0x85, 0xb2, 0xb1, 0x34, 0xb2, 0x34, 0xb2, 0x2c,
    0x92, 0x2c, 0x71, 0x34, 0x51, 0x34, 0x50, 0x34, 0x51, 0x3c, 0x50, 0x3c,
    0x8b, 0x5b, 0xa6, 0x92, 0xa6, 0x8a, 0xa6, 0x8a, 0xa6, 0x8a, 0xa6, 0x92,
    0x86, 0x8a, 0xa6, 0x92, 0xa6, 0x8a, 0x86, 0x8a, 0x85, 0x8a, 0xa6, 0x92,
    0x85, 0x8a, 0x86, 0x92, 0xa5, 0x92, 0xc5, 0x9a, 0xc5, 0x9a, 0xc5, 0x9a,
    0xe5, 0xa2, 0xc5, 0xa2, 0xe5, 0xa2, 0xc5, 0xa2, 0xc5, 0xa2, 0xe5, 0xa2,
    0xa8, 0x82, 0x88, 0x7a, 0xa8, 0x7a, 0xa8, 0x7a, 0xa8, 0x7a, 0xa8, 0x82,
    0xcd, 0x53, 0xb0, 0x3c, 0xb0, 0x44, 0xaf, 0x44, 0xd0, 0x44, 0xcf, 0x44,
    0xaf, 0x44, 0xd0, 0x44, 0xd0, 0x44, 0xcf, 0x4c, 0xd0, 0x44, 0xd0, 0x4c,
    0xef, 0x44, 0xf0, 0x44, 0xf0, 0x4c, 0xf0, 0x4c, 0x10, 0x4d, 0x10, 0x45,
    0xef, 0x44, 0xf0, 0x44, 0x10, 0x4d, 0x10, 0x4d, 0x10, 0x4d, 0x10, 0x4d,
    0x10, 0x4d, 0x10, 0x4d, 0x31, 0x4d, 0x74, 0x55, 0xf7, 0x5d, 0x39, 0x66,
    0x3a, 0x66, 0x59, 0x66, 0x3a, 0x66, 0x5a, 0x6e, 0x3a, 0x66, 0x5a, 0x66,
    0x39, 0x66, 0x39, 0x66, 0x18, 0x66, 0xf7, 0x5d, 0xb5, 0x55, 0x94, 0x55,
    0x74, 0x55, 0x74, 0x4d, 0x94, 0x55, 0x73, 0x55, 0x74, 0x4d, 0x94, 0x55,
    0x94, 0x55, 0xb6, 0x55, 0xf7, 0x5d, 0x18, 0x5e, 0x39, 0x66, 0x3a, 0x66,
    0x3a, 0x66, 0x3a, 0x66, 0x5a, 0x5e, 0x4f, 0x94, 0xa0, 0xe2, 0x20, 0xeb,
    0x40, 0xeb, 0x60, 0xeb, 0x81, 0xf3, 0x60, 0xeb, 0x60, 0xeb, 0x60, 0xeb,
    0x41, 0xeb, 0x40, 0xeb, 0x80, 0xeb, 0xc0, 0xf3, 0x00, 0xf4, 0x00, 0xf4,
    0x20, 0xf4, 0x20, 0xf4, 0x40, 0xf4, 0x20, 0xfc, 0x00, 0xf4, 0x20, 0xfc,
    0x00, 0xf4, 0x00, 0xf4, 0x00, 0xf4, 0x00, 0xf4, 0xe0, 0xf3, 0xc0, 0xf3,
    0xc0, 0xf3, 0xe0, 0xf3, 0xe0, 0xf3, 0x00, 0xf4, 0x20, 0xf4, 0x20, 0xfc,
    0x20, 0xf4, 0x40, 0xf4, 0x20, 0xf4, 0x00, 0xf4, 0xe0, 0xf3, 0xc0, 0xf3,
    0x80, 0xf3, 0x60, 0xeb, 0x40, 0xeb, 0xe0, 0xda, 0x81, 0xd2, 0x62, 0xf5,
    0xa2, 0xf5, 0xc2, 0xf5, 0xc3, 0xfd, 0xe3, 0xfd, 0xe3, 0xfd, 0xe3, 0xfd,
    0x03, 0xfe, 0x03, 0xfe, 0x03, 0xf6, 0x03, 0xf6, 0xe3, 0xfd, 0xa2, 0xfd,
    0x81, 0xfd, 0x80, 0xfd, 0x80, 0xfd, 0xa1, 0xfd, 0xa1, 0xfd, 0xc1, 0xfd,
    0xe2, 0xfd, 0x03, 0xf6, 0x23, 0xfe, 0x24, 0xfe, 0x23, 0xf6, 0x24, 0xfe,
    0x44, 0xfe, 0x24, 0xfe, 0x44, 0xf6, 0x44, 0xfe, 0x23, 0xfe, 0x24, 0xfe,
    0x23, 0xfe, 0x03, 0xfe, 0x03, 0xf6, 0x03, 0xfe, 0xe3, 0xfd, 0xa2, 0xfd,
    0x81, 0xfd, 0x21, 0xfd, 0x60, 0xf4, 0x80, 0xf4, 0x80, 0xfc, 0x80, 0xfc,
    0x60, 0xf4, 0x60, 0xf4, 0x40, 0xfc, 0x20, 0xf4, 0x00, 0xfc, 0xe0, 0xf3,
    0x00, 0xf4, 0x00, 0xf4, 0x00, 0xf4, 0x40, 0xf4, 0x40, 0xfc, 0x60, 0xfc,
    0x80, 0xf4, 0xa0, 0xf4, 0xc0, 0xfc, 0xc0, 0xfc, 0xc0, 0xfc, 0xc0, 0xf4,
    0xc0, 0xfc, 0xc0, 0xfc, 0xe0, 0xfc, 0xe0, 0xfc, 0xc0, 0xfc, 0xe0, 0xfc,
    0xe0, 0xfc, 0xe0, 0xfc, 0xc0, 0xf4, 0xc0, 0xfc, 0xc0, 0xfc, 0xa0, 0xf4,
    0xa0, 0xfc, 0xa0, 0xfc, 0x80, 0xf4, 0x80, 0xfc, 0x60, 0xfc, 0x60, 0xfc,
    0x20, 0xf4, 0x00, 0xfc, 0x00, 0xf4, 0x00, 0xf4, 0x00, 0xf4, 0x00, 0xf4,
    0x00, 0xf4, 0x00, 0xf4, 0x00, 0xf4, 0x00, 0xf4, 0x00, 0xf4, 0xe0, 0xf3,
    0xe0, 0xf3, 0xc0, 0xf3, 0xa0, 0xf3, 0x60, 0xeb, 0x20, 0xeb, 0x00, 0xeb,
    0xe0, 0xe2, 0x62, 0xd2, 0x6f, 0x44, 0x51, 0x3c, 0x71, 0x3c, 0x71, 0x3c,
    0x71, 0x3c, 0x51, 0x3c, 0x71, 0x3c, 0x71, 0x3c, 0x50, 0x34, 0x51, 0x34,
    0x28, 0x73, 0x86, 0x8a, 0xa6, 0x8a, 0x86, 0x8a, 0x86, 0x8a, 0xa6, 0x8a,
    0x86, 0x92, 0x85, 0x8a, 0xa6, 0x8a, 0x86, 0x8a, 0x85, 0x8a, 0xa6, 0x8a,
    0xa6, 0x92, 0x85, 0x92, 0xc5, 0x9a, 0xc5, 0xa2, 0xc5, 0x9a, 0xc5, 0xa2,
    0xe5, 0xa2, 0xc5, 0x9a, 0xc5, 0xa2, 0xc5, 0xa2, 0xc5, 0xa2, 0xe5, 0xa2,
    0xa8, 0x82, 0xa8, 0x7a, 0xa8, 0x82, 0xa8, 0x7a, 0xa8, 0x7a, 0xa8, 0x7a,
    0xec, 0x53, 0xaf, 0x44, 0xaf, 0x44, 0xaf, 0x3c, 0xb0, 0x44, 0xb0, 0x44,
    0xaf, 0x44, 0xb0, 0x44, 0xd0, 0x44, 0xd0, 0x44, 0xcf, 0x44, 0xd0, 0x4c,
    0xd0, 0x44, 0xf0, 0x4c, 0xf0, 0x4c, 0xf0, 0x44, 0xf0, 0x4c, 0xef, 0x44,
    0xf0, 0x4c, 0x0f, 0x4d, 0x10, 0x45, 0x0f, 0x45, 0x10, 0x4d, 0x10, 0x4d,
    0x10, 0x4d, 0x11, 0x4d, 0x31, 0x4d, 0x52, 0x4d, 0xb5, 0x55, 0x18, 0x5e,
    0x39, 0x66, 0x39, 0x66, 0x39, 0x66, 0x39, 0x66, 0x59, 0x6e, 0x39, 0x66,
    0x18, 0x5e, 0xd7, 0x5d, 0xb5, 0x55, 0x73, 0x4d, 0x53, 0x4d, 0x53, 0x4d,
    0x52, 0x4d, 0x32, 0x4d, 0x32, 0x4d, 0x32, 0x45, 0x32, 0x4d, 0x32, 0x4d,
    0x32, 0x4d, 0x53, 0x4d, 0x74, 0x4d, 0x95, 0x55, 0xd6, 0x5d, 0xf7, 0x5d,
    0x39, 0x5e, 0x3a, 0x66, 0x3a, 0x66, 0x5a, 0x5e, 0x90, 0x94, 0xa4, 0xda,
    0xa1, 0xe2, 0xa0, 0xea, 0xa0, 0xea, 0x81, 0xea, 0x81, 0xe2, 0xc4, 0xd2,
    0xe6, 0xca, 0xc1, 0xea, 0x20, 0xeb, 0x80, 0xf3, 0xc0, 0xf3, 0xc0, 0xf3,
    0xe0, 0xf3, 0x00, 0xfc, 0x00, 0xfc, 0x00, 0xf4, 0x00, 0xf4, 0xe0, 0xf3,
    0x00, 0xf4, 0xe0, 0xf3, 0xe0, 0xfb, 0xe0, 0xf3, 0xc0, 0xf3, 0xc0, 0xf3,
    0xc0, 0xf3, 0xe0, 0xf3, 0xe0, 0xf3, 0xe0, 0xf3, 0x00, 0xf4, 0x00, 0xf4,
    0x00, 0xf4, 0x00, 0xf4, 0x00, 0xf4, 0xe0, 0xf3, 0xc0, 0xf3, 0xa0, 0xf3,
    0x81, 0xeb, 0x20, 0xeb, 0x20, 0xe3, 0xe0, 0xda, 0x41, 0xe4, 0xa2, 0xf5,
    0xa3, 0xf5, 0xe3, 0xfd, 0xe3, 0xfd, 0xe3, 0xf5, 0x03, 0xf6, 0x03, 0xfe,
    0x03, 0xf6, 0x03, 0xfe, 0x03, 0xfe, 0x04, 0xfe, 0x24, 0xfe, 0x23, 0xf6,
    0x24, 0xfe, 0x24, 0xfe, 0x03, 0xfe, 0xe2, 0xfd, 0xc1, 0xfd, 0xa1, 0xfd,
    0xa1, 0xfd, 0xa1, 0xfd, 0xa0, 0xfd, 0xa0, 0xfd, 0xa0, 0xfd, 0xa0, 0xfd,
    0xa0, 0xfd, 0xa0, 0xfd, 0xa0, 0xfd, 0xa1, 0xfd, 0xa0, 0xfd, 0x81, 0xfd,
    0xa1, 0xfd, 0xa0, 0xfd, 0x81, 0xfd, 0xa1, 0xfd, 0x81, 0xfd, 0xa1, 0xfd,
    0xe2, 0xfd, 0x62, 0xf5, 0x60, 0xfc, 0x80, 0xfc, 0x80, 0xf4, 0x80, 0xfc,
    0x60, 0xfc, 0x40, 0xf4, 0x20, 0xf4, 0x20, 0xfc, 0x00, 0xf4, 0xe0, 0xf3,
    0xc0, 0xf3, 0xe0, 0xf3, 0x00, 0xfc, 0x20, 0xf4, 0x40, 0xf4, 0x60, 0xfc,
    0x60, 0xfc, 0x80, 0xfc, 0xa0, 0xfc, 0xa0, 0xfc, 0xc0, 0xfc, 0xc0, 0xfc,
    0xc0, 0xfc, 0xe0, 0xfc, 0xc0, 0xfc, 0xe0, 0xfc, 0xe0, 0xf4, 0xe0, 0xfc,
    0xe0, 0xfc, 0xe0, 0xfc, 0xe0, 0xfc, 0xc0, 0xfc, 0xc0, 0xfc, 0xa0, 0xfc,
    0xa0, 0xfc, 0x80, 0xfc, 0x80, 0xf4, 0x80, 0xfc, 0x60, 0xf4, 0x60, 0xfc,
    0x40, 0xf4, 0x00, 0xf4, 0x00, 0xf4, 0xe0, 0xf3, 0xe0, 0xf3, 0xe0, 0xf3,
    0xe0, 0xf3, 0xe0, 0xf3, 0xc0, 0xf3, 0xc1, 0xf3, 0xa0, 0xf3, 0xa0, 0xf3,
    0xa0, 0xf3, 0x80, 0xeb, 0x40, 0xeb, 0x00, 0xeb, 0xe1, 0xe2, 0xc0, 0xe2,
    0x81, 0xda, 0xab, 0x73, 0x71, 0x3c, 0x70, 0x34, 0x71, 0x3c, 0x70, 0x34,
    0x70, 0x3c, 0x70, 0x34, 0x50, 0x3c, 0x71, 0x3c, 0x70, 0x3c, 0x71, 0x3c,
    0x86, 0x82, 0xa6, 0x8a, 0x86, 0x8a, 0x86, 0x8a, 0xa6, 0x8a, 0xa6, 0x8a,
    0xa6, 0x8a, 0x86, 0x8a, 0x86, 0x8a, 0xa6, 0x92, 0x85, 0x8a, 0xa6, 0x8a,
    0x86, 0x92, 0xa5, 0x92, 0xe5, 0x9a, 0xe5, 0xa2, 0xc5, 0xa2, 0xc5, 0x9a,
    0xc5, 0x9a, 0xc5, 0xa2, 0xc5, 0x9a, 0xe5, 0xa2, 0xe5, 0xa2, 0xc5, 0xa2,
    0x87, 0x7a, 0xa8, 0x7a, 0xa8, 0x82, 0xa8, 0x7a, 0xa9, 0x7a, 0xa8, 0x82,
    0xed, 0x53, 0x8f, 0x44, 0xaf, 0x3c, 0xaf, 0x44, 0xb0, 0x3c, 0xd0, 0x44,
    0xaf, 0x44, 0xaf, 0x44, 0xb0, 0x44, 0xd0, 0x44, 0xaf, 0x44, 0xd0, 0x44,
    0xd0, 0x44, 0xcf, 0x44, 0xd0, 0x44, 0xef, 0x44, 0xf0, 0x4c, 0xf0, 0x4c,
    0xef, 0x44, 0xf0, 0x4c, 0x10, 0x4d, 0xf0, 0x44, 0x10, 0x4d, 0x10, 0x45,
    0x10, 0x4d, 0x11, 0x4d, 0x10, 0x4d, 0x31, 0x4d, 0x74, 0x4d, 0xd7, 0x5d,
    0x19, 0x66, 0x39, 0x66, 0x3a, 0x66, 0x3a, 0x66, 0x39, 0x66, 0xf7, 0x5d,
    0xb6, 0x55, 0x74, 0x55, 0x53, 0x4d, 0x52, 0x4d, 0x53, 0x4d, 0x32, 0x4d,
    0x52, 0x4d, 0x32, 0x4d, 0x32, 0x4d, 0x32, 0x4d, 0x32, 0x4d, 0x32, 0x4d,
    0x32, 0x4d, 0x32, 0x45, 0x32, 0x4d, 0x32, 0x4d, 0x53, 0x4d, 0x94, 0x55,
    0xd6, 0x55, 0xf8, 0x5d, 0x39, 0x66, 0x3a, 0x66, 0x5a, 0x66, 0x7b, 0x5e,
    0x5a, 0x5e, 0x19, 0x66, 0x39, 0x66, 0x3a, 0x66, 0x7a, 0x56, 0x7b, 0x56,
    0x7b, 0x5e, 0xe7, 0xc2, 0xe0, 0xe2, 0x20, 0xeb, 0x60, 0xeb, 0x80, 0xf3,
    0xa0, 0xf3, 0xa1, 0xf3, 0xc0, 0xf3, 0xe0, 0xf3, 0xe0, 0xf3, 0xe0, 0xf3,
    0xc0, 0xf3, 0xc0, 0xf3, 0xa0, 0xf3, 0xc0, 0xf3, 0xa0, 0xf3, 0xa0, 0xf3,
    0xc0, 0xf3, 0xc0, 0xf3, 0xc0, 0xf3, 0xe0, 0xf3, 0xe0, 0xf3, 0xe0, 0xf3,
    0xe0, 0xfb, 0xe0, 0xfb, 0xc0, 0xf3, 0xc0, 0xf3, 0xa0, 0xf3, 0x80, 0xf3,
    0x60, 0xeb, 0x20, 0xe3, 0xe0, 0xe2, 0xe1, 0xd2, 0xc2, 0xf5, 0xc2, 0xf5,
    0xc3, 0xf5, 0xe3, 0xfd, 0xe3, 0xfd, 0x03, 0xf6, 0x03, 0xfe, 0x03, 0xfe,
    0x04, 0xfe, 0x04, 0xf6, 0x04, 0xfe, 0x24, 0xfe, 0x23, 0xfe, 0x24, 0xf6,
    0x24, 0xfe, 0x24, 0xfe, 0x23, 0xf6, 0x24, 0xfe, 0x44, 0xfe, 0x44, 0xf6,
    0x44, 0xfe, 0x44, 0xfe, 0x44, 0xfe, 0x24, 0xfe, 0x24, 0xfe, 0x23, 0xf6,
    0x23, 0xfe, 0x03, 0xfe, 0x03, 0xfe, 0x03, 0xfe, 0x23, 0xfe, 0x23, 0xfe,
    0x24, 0xfe, 0x23, 0xfe, 0x44, 0xfe, 0x24, 0xfe, 0x23, 0xfe, 0x23, 0xfe,
    0x03, 0xfe, 0x62, 0xf5, 0x60, 0xfc, 0x80, 0xfc, 0x80, 0xf4, 0x80, 0xfc,
    0x60, 0xfc, 0x60, 0xf4, 0x20, 0xf4, 0x20, 0xfc, 0x00, 0xf4, 0xe0, 0xf3,
    0xc0, 0xf3, 0xc0, 0xf3, 0xe0, 0xf3, 0x00, 0xfc, 0x20, 0xf4, 0x20, 0xf4,
    0x60, 0xfc, 0x60, 0xf4, 0x80, 0xfc, 0x80, 0xf4, 0xa0, 0xf4, 0xc0, 0xfc,
    0xc0, 0xfc, 0xc0, 0xfc, 0xc0, 0xfc, 0xc0, 0xfc, 0xc0, 0xf4, 0xe0, 0xfc,
    0xc0, 0xfc, 0xc0, 0xfc, 0xc0, 0xfc, 0xc0, 0xfc, 0xa0, 0xfc, 0xa0, 0xf4,
    0xa0, 0xfc, 0x80, 0xfc, 0x80, 0xf4, 0x60, 0xf4, 0x60, 0xfc, 0x60, 0xfc,
    0x40, 0xf4, 0x20, 0xf4, 0x00, 0xfc, 0xe0, 0xf3, 0xe0, 0xf3, 0xc1, 0xf3,
    0xc0, 0xf3, 0xc0, 0xf3, 0xa0, 0xf3, 0x80, 0xeb, 0x80, 0xeb, 0x60, 0xeb,
    0x40, 0xeb, 0x20, 0xeb, 0x00, 0xe3, 0xc0, 0xe2, 0xa0, 0xe2, 0x60, 0xda,
    0x49, 0x8b, 0xb2, 0x34, 0x71, 0x34, 0x50, 0x34, 0x71, 0x3c, 0x71, 0x3c,
    0x50, 0x34, 0x71, 0x3c, 0x71, 0x3c, 0x50, 0x3c, 0x51, 0x3c, 0x2f, 0x44,
    0x66, 0x8a, 0x86, 0x8a, 0xa6, 0x8a, 0xa6, 0x8a, 0x86, 0x8a, 0x86, 0x92,
    0x86, 0x8a, 0x86, 0x8a, 0x86, 0x8a, 0x86, 0x8a, 0x85, 0x92, 0x86, 0x8a,
    0x86, 0x92, 0xa5, 0x92, 0xc5, 0x9a, 0xe5, 0xa2, 0xc5, 0x9a, 0xc5, 0xa2,
    0xe5, 0xa2, 0xe5, 0xa2, 0xc5, 0x9a, 0xc5, 0x9a, 0xc5, 0xa2, 0xc5, 0xa2,
    0x88, 0x7a, 0x88, 0x7a, 0xa8, 0x7a, 0xa8, 0x7a, 0xa8, 0x7a, 0xa8, 0x7a,
    0x0d, 0x54, 0x8f, 0x44, 0x8f, 0x44, 0xaf, 0x44, 0xb0, 0x44, 0xb0, 0x44,
    0xaf, 0x44, 0xaf, 0x44, 0xb0, 0x44, 0xaf, 0x44, 0xd0, 0x44, 0xb0, 0x44,
    0xd0, 0x44, 0xd0, 0x4c, 0xf0, 0x44, 0xcf, 0x44, 0xf0, 0x4c, 0xf0, 0x44,
    0xf0, 0x44, 0xef, 0x4c, 0x10, 0x4d, 0xf0, 0x4c, 0xf0, 0x4c, 0x10, 0x45,
    0x10, 0x45, 0x10, 0x4d, 0x11, 0x45, 0x11, 0x4d, 0x32, 0x4d, 0x95, 0x55,
    0xf7, 0x5d, 0x39, 0x66, 0x39, 0x66, 0x19, 0x66, 0xd7, 0x5d, 0x95, 0x55,
    0x73, 0x4d, 0x53, 0x4d, 0x32, 0x4d, 0x52, 0x4d, 0x33, 0x4d, 0x32, 0x4d,
    0x32, 0x4d, 0x32, 0x4d, 0x32, 0x4d, 0x32, 0x4d, 0x32, 0x4d, 0x12, 0x45,
    0x32, 0x45, 0x32, 0x4d, 0x12, 0x4d, 0x32, 0x45, 0x32, 0x4d, 0x32, 0x4d,
    0x54, 0x4d, 0x96, 0x55, 0xf8, 0x5d, 0x39, 0x66, 0x3a, 0x66, 0x3a, 0x66,
    0x3a, 0x66, 0x3a, 0x66, 0x3a, 0x66, 0x3a, 0x5e, 0x1a, 0x5e, 0x3a, 0x5e,
    0x3a, 0x66, 0xf8, 0x65, 0x62, 0xda, 0xe0, 0xe2, 0x00, 0xeb, 0x40, 0xeb,
    0x60, 0xeb, 0x60, 0xeb, 0x80, 0xf3, 0xa0, 0xf3, 0xa0, 0xf3, 0xa0, 0xf3,
    0xa0, 0xf3, 0xa0, 0xf3, 0x80, 0xf3, 0x81, 0xeb, 0xa0, 0xeb, 0xa0, 0xf3,
    0xc0, 0xf3, 0xc1, 0xf3, 0xa0, 0xf3, 0xc0, 0xf3, 0xc0, 0xf3, 0xc0, 0xf3,
    0xc0, 0xf3, 0xc1, 0xf3, 0xa0, 0xf3, 0xa0, 0xf3, 0xa0, 0xf3, 0x60, 0xeb,
    0x40, 0xeb, 0x00, 0xe3, 0xa0, 0xda, 0xe2, 0xec, 0xa2, 0xf5, 0xc3, 0xfd,
    0xe3, 0xfd, 0xe3, 0xfd, 0xe3, 0xfd, 0x03, 0xf6, 0x03, 0xfe, 0x03, 0xfe,
    0x04, 0xfe, 0x04, 0xfe, 0x23, 0xf6, 0x24, 0xf6, 0x24, 0xfe, 0x23, 0xfe,
    0x24, 0xfe, 0x24, 0xfe, 0x24, 0xfe, 0x24, 0xfe, 0x44, 0xfe, 0x44, 0xfe,
    0x44, 0xfe, 0x44, 0xfe, 0x44, 0xfe, 0x44, 0xfe, 0x44, 0xfe, 0x44, 0xfe,
    0x44, 0xfe, 0x24, 0xfe, 0x44, 0xfe, 0x44, 0xfe, 0x44, 0xfe, 0x44, 0xfe,
    0x24, 0xfe, 0x44, 0xfe, 0x23, 0xfe, 0x23, 0xfe, 0x03, 0xf6, 0x24, 0xfe,
    0x23, 0xfe, 0x62, 0xf5, 0x80, 0xfc, 0x80, 0xf4, 0xa0, 0xfc, 0x80, 0xfc,
    0x80, 0xf4, 0x60, 0xfc, 0x40, 0xf4, 0x20, 0xf4, 0x00, 0xf4, 0xc0, 0xf3,
    0xa0, 0xf3, 0xa0, 0xf3, 0xa0, 0xf3, 0xc0, 0xf3, 0x00, 0xf4, 0x00, 0xf4,
    0x20, 0xfc, 0x60, 0xf4, 0x60, 0xf4, 0x80, 0xfc, 0xa0, 0xfc, 0xa0, 0xfc,
    0xc0, 0xf4, 0xc0, 0xfc, 0xc0, 0xfc, 0xc0, 0xfc, 0xc0, 0xfc, 0xc0, 0xfc,
    0xc0, 0xfc, 0xc0, 0xf4, 0xc0, 0xf4, 0xc0, 0xfc, 0xa0, 0xfc, 0xa0, 0xf4,
    0x80, 0xf4, 0x80, 0xfc, 0x60, 0xfc, 0x60, 0xfc, 0x60, 0xf4, 0x40, 0xf4,
    0x20, 0xf4, 0x20, 0xf4, 0x00, 0xf4, 0xe0, 0xf3, 0xc0, 0xf3, 0xc0, 0xf3,
    0xa0, 0xf3, 0x80, 0xf3, 0x80, 0xeb, 0x60, 0xeb, 0x40, 0xeb, 0x20, 0xeb,
    0xe0, 0xe2, 0xe1, 0xe2, 0xc0, 0xe2, 0xc0, 0xe2, 0x61, 0xda, 0x29, 0x8b,
    0xb2, 0x2c, 0x71, 0x34, 0x71, 0x3c, 0x50, 0x34, 0x71, 0x34, 0x70, 0x3c,
    0x50, 0x34, 0x70, 0x3c, 0x70, 0x34, 0x51, 0x34, 0x70, 0x3c, 0xcd, 0x53,
    0x66, 0x8a, 0x86, 0x8a, 0x86, 0x8a, 0x86, 0x8a, 0x86, 0x8a, 0x86, 0x8a,
    0x86, 0x8a, 0x86, 0x8a, 0x86, 0x8a, 0x86, 0x8a, 0x85, 0x8a, 0x86, 0x92,
    0xa6, 0x92, 0xc5, 0x9a, 0xc5, 0x9a, 0xc6, 0x9a, 0xc5, 0xa2, 0xe5, 0x9a,
    0xc5, 0x9a, 0xc5, 0xa2, 0xc5, 0xa2, 0xc5, 0xa2, 0xc5, 0x9a, 0xc5, 0xa2,
    0x88, 0x7a, 0xa8, 0x82, 0x88, 0x7a, 0xa8, 0x7a, 0xa8, 0x7a, 0x88, 0x7a,
    0x4e, 0x4c, 0xaf, 0x3c, 0x8f, 0x44, 0x8f, 0x44, 0xb0, 0x3c, 0xaf, 0x44,
    0xb0, 0x3c, 0xb0, 0x44, 0xb0, 0x44, 0xb0, 0x44, 0xaf, 0x44, 0xd0, 0x44,
    0xcf, 0x44, 0xcf, 0x44, 0xd0, 0x44, 0xd0, 0x44, 0xd0, 0x44, 0xf0, 0x4c,
    0xd0, 0x4c, 0xf0, 0x44, 0xf0, 0x4c, 0xf0, 0x44, 0x10, 0x4d, 0xf0, 0x44,
    0xf0, 0x4c, 0x10, 0x4d, 0x11, 0x4d, 0x11, 0x45, 0x31, 0x4d, 0x53, 0x55,
    0xb5, 0x55, 0xf7, 0x5d, 0x18, 0x66, 0xf7, 0x5d, 0x74, 0x55, 0x53, 0x4d,
    0x52, 0x4d, 0x53, 0x4d, 0x33, 0x4d, 0x53, 0x4d, 0x53, 0x4d, 0x53, 0x4d,
    0x32, 0x4d, 0x33, 0x4d, 0x32, 0x45, 0x12, 0x4d, 0x12, 0x4d, 0x12, 0x4d,
    0x32, 0x4d, 0x12, 0x4d, 0x32, 0x45, 0x12, 0x45, 0x32, 0x4d, 0x32, 0x45,
    0x12, 0x4d, 0x53, 0x4d, 0x95, 0x55, 0xf8, 0x5d, 0x39, 0x5e, 0x39, 0x66,
    0x3a, 0x66, 0x3a, 0x66, 0x3a, 0x5e, 0x39, 0x66, 0x3a, 0x5e, 0x3a, 0x66,
    0x3a, 0x66, 0x3a, 0x5e, 0x75, 0x75, 0x63, 0xda, 0xc0, 0xe2, 0xe0, 0xea,
    0x00, 0xe3, 0x40, 0xeb, 0x40, 0xeb, 0x60, 0xeb, 0x60, 0xeb, 0x80, 0xeb,
    0x80, 0xf3, 0x60, 0xeb, 0x60, 0xeb, 0x80, 0xeb, 0x80, 0xf3, 0x60, 0xf3,
    0x80, 0xf3, 0x80, 0xf3, 0xa0, 0xf3, 0xa0, 0xf3, 0xa1, 0xf3, 0xa0, 0xf3,
    0xa0, 0xf3, 0xa0, 0xf3, 0x80, 0xf3, 0x80, 0xeb, 0x80, 0xeb, 0x60, 0xeb,
    0x00, 0xe3, 0xc0, 0xe2, 0x81, 0xdb, 0xe2, 0xfd, 0xc3, 0xfd, 0xe3, 0xf5,
    0xe3, 0xf5, 0xe3, 0xfd, 0x03, 0xf6, 0x03, 0xfe, 0x03, 0xf6, 0x04, 0xfe,
    0x24, 0xf6, 0x23, 0xfe, 0x24, 0xfe, 0x24, 0xfe, 0x24, 0xfe, 0x44, 0xfe,
    0x24, 0xf6, 0x24, 0xfe, 0x44, 0xfe, 0x24, 0xfe, 0x44, 0xfe, 0x44, 0xfe,
    0x44, 0xfe, 0x44, 0xfe, 0x44, 0xfe, 0x44, 0xfe, 0x44, 0xfe, 0x45, 0xfe,
    0x44, 0xfe, 0x44, 0xfe, 0x44, 0xfe, 0x44, 0xfe, 0x44, 0xfe, 0x44, 0xfe,
    0x24, 0xf6, 0x44, 0xfe, 0x24, 0xfe, 0x23, 0xf6, 0x24, 0xfe, 0x23, 0xfe,
    0x23, 0xfe, 0x42, 0xf5, 0x80, 0xfc, 0xa0, 0xfc, 0xa0, 0xfc, 0xa0, 0xf4,
    0x60, 0xf4, 0x60, 0xfc, 0x40, 0xfc, 0x20, 0xf4, 0x00, 0xf4, 0xc0, 0xf3,
    0xa0, 0xf3, 0x60, 0xf3, 0x80, 0xf3, 0xa0, 0xf3, 0xc0, 0xf3, 0xe0, 0xf3,
    0x01, 0xf4, 0x20, 0xf4, 0x40, 0xfc, 0x60, 0xf4, 0x80, 0xfc, 0x80, 0xfc,
    0xa0, 0xfc, 0xa0, 0xf4, 0xa0, 0xfc, 0xa0, 0xfc, 0xc0, 0xf4, 0xa0, 0xfc,
    0xc0, 0xfc, 0xa0, 0xfc, 0xa0, 0xfc, 0x80, 0xf4, 0x80, 0xfc, 0x80, 0xfc,
    0x80, 0xfc, 0x61, 0xf4, 0x60, 0xfc, 0x40, 0xf4, 0x40, 0xf4, 0x20, 0xf4,
    0x00, 0xf4, 0x00, 0xf4, 0xe0, 0xf3, 0xc0, 0xf3, 0xa0, 0xf3, 0xa0, 0xf3,
    0x80, 0xeb, 0x40, 0xeb, 0x20, 0xeb, 0x00, 0xeb, 0xe0, 0xe2, 0xc0, 0xe2,
    0xa1, 0xe2, 0x80, 0xda, 0x81, 0xda, 0x61, 0xda, 0xab, 0x7b, 0x91, 0x34,
    0x71, 0x3c, 0x71, 0x3c, 0x71, 0x3c, 0x71, 0x3c, 0x70, 0x3c, 0x71, 0x3c,
    0x70, 0x3c, 0x50, 0x34, 0x51, 0x3c, 0x70, 0x3c, 0x71, 0x34, 0x4b, 0x63,
    0x66, 0x8a, 0x86, 0x8a, 0x86, 0x8a, 0x86, 0x8a, 0x86, 0x8a, 0x86, 0x8a,
    0x86, 0x8a, 0x86, 0x8a, 0xa6, 0x8a, 0x86, 0x8a, 0x85, 0x8a, 0x86, 0x8a,
    0xa5, 0x92, 0xc5, 0x9a, 0xc5, 0x9a, 0xc5, 0xa2, 0xc5, 0xa2, 0xc5, 0xa2,
    0xe5, 0x9a, 0xe5, 0xa2, 0xe5, 0xa2, 0xc5, 0xa2, 0xc5, 0xa2, 0xc5, 0xa2,
    0x87, 0x7a, 0xa8, 0x7a, 0xa8, 0x82, 0xa8, 0x7a, 0xa8, 0x7a, 0xa8, 0x7a,
    0x6f, 0x44, 0x8f, 0x44, 0xaf, 0x44, 0x90, 0x3c, 0xb0, 0x44, 0xb0, 0x44,
    0xaf, 0x3c, 0xb0, 0x44, 0xb0, 0x44, 0xb0, 0x44, 0xb0, 0x44, 0xd0, 0x44,
    0xb0, 0x44, 0xaf, 0x44, 0xd0, 0x4c, 0xd0, 0x44, 0xcf, 0x44, 0xd0, 0x4c,
    0xd0, 0x44, 0xf0, 0x44, 0xf0, 0x44, 0xf0, 0x4c, 0xf0, 0x4c, 0xf0, 0x4c,
    0x10, 0x45, 0x11, 0x4d, 0xf0, 0x44, 0x10, 0x4d, 0x11, 0x4d, 0x32, 0x4d,
    0x74, 0x55, 0x96, 0x55, 0xb6, 0x55, 0x74, 0x55, 0x53, 0x4d, 0x32, 0x4d,
    0x32, 0x4d, 0x32, 0x4d, 0x32, 0x4d, 0x32, 0x4d, 0x32, 0x4d, 0x32, 0x4d,
    0x32, 0x4d, 0x32, 0x4d, 0x32, 0x4d, 0x32, 0x4d, 0x12, 0x4d, 0x12, 0x45,
    0x32, 0x4d, 0x12, 0x4d, 0x32, 0x4d, 0x12, 0x4d, 0x12, 0x45, 0x32, 0x4d,
    0x12, 0x45, 0x12, 0x45, 0x33, 0x4d, 0x95, 0x55, 0xf8, 0x5d, 0x39, 0x66,
    0x39, 0x66, 0x39, 0x66, 0x3a, 0x66, 0x3a, 0x66, 0x19, 0x5e, 0x39, 0x66,
    0x3a, 0x5e, 0x19, 0x5e, 0x3a, 0x5e, 0x19, 0x66, 0xe8, 0xc2, 0x81, 0xe2,
    0xc0, 0xda, 0xe1, 0xe2, 0x00, 0xeb, 0x00, 0xeb, 0x20, 0xeb, 0x40, 0xeb,
    0x40, 0xeb, 0x40, 0xeb, 0x40, 0xeb, 0x40, 0xeb, 0x40, 0xeb, 0x40, 0xeb,
    0x60, 0xf3, 0x60, 0xeb, 0x80, 0xf3, 0x80, 0xf3, 0x80, 0xf3, 0x60, 0xf3,
    0x80, 0xf3, 0x80, 0xf3, 0x80, 0xeb, 0x60, 0xeb, 0x40, 0xeb, 0x20, 0xeb,
    0x00, 0xe3, 0xa0, 0xda, 0x62, 0xed, 0xa3, 0xf5, 0xc3, 0xfd, 0xe2, 0xfd,
    0x03, 0xfe, 0xe3, 0xf5, 0x03, 0xfe, 0x03, 0xfe, 0x03, 0xfe, 0x24, 0xfe,
    0x24, 0xfe, 0x24, 0xfe, 0x24, 0xfe, 0x44, 0xfe, 0x24, 0xfe, 0x44, 0xf6,
    0x44, 0xfe, 0x44, 0xfe, 0x44, 0xfe, 0x44, 0xf6, 0x44, 0xfe, 0x44, 0xfe,
    0x45, 0xfe, 0x44, 0xfe, 0x44, 0xf6, 0x45, 0xfe, 0x44, 0xfe, 0x65, 0xfe,
    0x65, 0xfe, 0x64, 0xfe, 0x45, 0xfe, 0x44, 0xf6, 0x44, 0xfe, 0x44, 0xfe,
    0x44, 0xfe, 0x24, 0xfe, 0x24, 0xfe, 0x24, 0xfe, 0x24, 0xfe, 0x24, 0xfe,
    0x23, 0xfe, 0x42, 0xf5, 0x80, 0xf4, 0xa0, 0xfc, 0xa0, 0xfc, 0x80, 0xfc,
    0x80, 0xfc, 0x60, 0xf4, 0x40, 0xfc, 0x20, 0xfc, 0x00, 0xf4, 0xe0, 0xf3,
    0xa0, 0xf3, 0x80, 0xf3, 0x80, 0xf3, 0x80, 0xf3, 0xa0, 0xf3, 0xc0, 0xf3,
    0xe0, 0xf3, 0x00, 0xf4, 0x20, 0xf4, 0x20, 0xfc, 0x40, 0xf4, 0x60, 0xf4,
    0x60, 0xfc, 0x80, 0xfc, 0x80, 0xf4, 0xa0, 0xf4, 0xa0, 0xfc, 0xa0, 0xfc,
    0xa0, 0xf4, 0x80, 0xfc, 0x80, 0xfc, 0x80, 0xf4, 0x60, 0xfc, 0x60, 0xf4,
    0x60, 0xf4, 0x40, 0xf4, 0x40, 0xfc, 0x40, 0xfc, 0x20, 0xf4, 0x00, 0xfc,
    0xe0, 0xf3, 0xe0, 0xf3, 0xc0, 0xf3, 0xa0, 0xf3, 0x80, 0xf3, 0x60, 0xeb,
    0x40, 0xeb, 0x20, 0xeb, 0x20, 0xe3, 0xe0, 0xe2, 0xc0, 0xe2, 0xc0, 0xe2,
    0x80, 0xda, 0x81, 0xda, 0x43, 0xca, 0xee, 0x53, 0x71, 0x34, 0x71, 0x34,
    0x71, 0x34, 0x71, 0x3c, 0x70, 0x34, 0x71, 0x3c, 0x70, 0x3c, 0x71, 0x34,
    0x71, 0x3c, 0x71, 0x3c, 0x50, 0x34, 0x71, 0x3c, 0x71, 0x34, 0xc8, 0x7a,
    0x86, 0x82, 0x86, 0x8a, 0x86, 0x8a, 0x86, 0x8a, 0x86, 0x8a, 0x86, 0x8a,
    0x86, 0x8a, 0x86, 0x8a, 0x86, 0x8a, 0x86, 0x8a, 0x85, 0x8a, 0x85, 0x8a,
    0xa5, 0x92, 0xc5, 0x9a, 0xc5, 0x9a, 0xc5, 0xa2, 0xc5, 0xa2, 0xc5, 0x9a,
    0xe5, 0xa2, 0xc5, 0xa2, 0xc5, 0x9a, 0xe5, 0xa2, 0xe5, 0xa2, 0xc5, 0x9a,
    0x87, 0x7a, 0xa8, 0x7a, 0xa8, 0x82, 0x88, 0x7a, 0xa8, 0x7a, 0xc8, 0x7a,
    0x8f, 0x34, 0x90, 0x3c, 0x90, 0x3c, 0x8f, 0x44, 0x8f, 0x44, 0xaf, 0x44,
    0x8f, 0x44, 0xaf, 0x3c, 0xb0, 0x44, 0xaf, 0x44, 0xb0, 0x44, 0xb0, 0x44,
    0xd0, 0x44, 0xd0, 0x44, 0xd0, 0x4c, 0xd0, 0x44, 0xd0, 0x44, 0xcf, 0x44,
    0xf0, 0x4c, 0xd0, 0x4c, 0xd0, 0x44, 0xd0, 0x4c, 0xf0, 0x44, 0xf0, 0x44,
    0xf0, 0x44, 0x10, 0x45, 0xf1, 0x44, 0xf1, 0x3c, 0x12, 0x35, 0xf1, 0x44,
    0xce, 0x6c, 0xef, 0x74, 0xef, 0x7c, 0xce, 0x7c, 0xce, 0x74, 0xcf, 0x6c,
    0x11, 0x55, 0x54, 0x3d, 0x33, 0x3d, 0x32, 0x45, 0x33, 0x4d, 0x12, 0x45,
    0x32, 0x4d, 0x32, 0x4d, 0x12, 0x4d, 0x11, 0x4d, 0x12, 0x4d, 0x12, 0x4d,
    0x11, 0x45, 0x11, 0x4d, 0x12, 0x45, 0x11, 0x45, 0x12, 0x4d, 0x12, 0x4d,
    0x12, 0x45, 0x12, 0x4d, 0x11, 0x45, 0x53, 0x4d, 0xb6, 0x55, 0xf8, 0x5d,
    0x19, 0x5e, 0x39, 0x5e, 0x3a, 0x5e, 0x39, 0x66, 0x19, 0x66, 0x3a, 0x5e,
    0x19, 0x5e, 0x3a, 0x66, 0x39, 0x5e, 0x1a, 0x66, 0x5a, 0x5e, 0x74, 0x75,
    0x29, 0xbb, 0x21, 0xe2, 0x60, 0xe2, 0xa1, 0xe2, 0xc1, 0xda, 0xa0, 0xe2,
    0xc0, 0xe2, 0xe0, 0xe2, 0x20, 0xeb, 0x20, 0xeb, 0x40, 0xeb, 0x40, 0xeb,
    0x40, 0xeb, 0x60, 0xf3, 0x40, 0xeb, 0x60, 0xeb, 0x60, 0xeb, 0x60, 0xeb,
    0x60, 0xeb, 0x60, 0xeb, 0x40, 0xeb, 0x21, 0xeb, 0x20, 0xeb, 0x00, 0xeb,
    0xc0, 0xe2, 0x81, 0xdb, 0xc3, 0xf5, 0xc2, 0xfd, 0xc2, 0xf5, 0x03, 0xfe,
    0x03, 0xfe, 0x03, 0xf6, 0x03, 0xfe, 0x03, 0xfe, 0x24, 0xf6, 0x24, 0xfe,
    0x24, 0xfe, 0x24, 0xf6, 0x44, 0xfe, 0x44, 0xfe, 0x44, 0xf6, 0x44, 0xfe,
    0x44, 0xfe, 0x44, 0xfe, 0x44, 0xfe, 0x44, 0xfe, 0x45, 0xfe, 0x44, 0xfe,
    0x44, 0xfe, 0x44, 0xf6, 0x45, 0xfe, 0x65, 0xfe, 0x64, 0xfe, 0x44, 0xfe,
    0x44, 0xfe, 0x45, 0xfe, 0x44, 0xfe, 0x44, 0xfe, 0x44, 0xfe, 0x44, 0xfe,
    0x44, 0xfe, 0x24, 0xf6, 0x44, 0xfe, 0x23, 0xfe, 0x24, 0xfe, 0x23, 0xfe,
    0x03, 0xfe, 0x22, 0xf5, 0x80, 0xfc, 0xa0, 0xfc, 0xa0, 0xf4, 0x80, 0xfc,
    0x80, 0xf4, 0x60, 0xf4, 0x60, 0xfc, 0x40, 0xf4, 0x20, 0xf4, 0xe0, 0xf3,
    0xa0, 0xf3, 0x40, 0xeb, 0x41, 0xeb, 0x60, 0xeb, 0x80, 0xf3, 0xa0, 0xf3,
    0xa0, 0xf3, 0xe0, 0xf3, 0x00, 0xf4, 0x00, 0xfc, 0x20, 0xf4, 0x40, 0xf4,
    0x60, 0xfc, 0x60, 0xfc, 0x60, 0xfc, 0x80, 0xf4, 0x80, 0xfc, 0x60, 0xf4,
    0x60, 0xf4, 0x60, 0xf4, 0x60, 0xfc, 0x60, 0xfc, 0x60, 0xf4, 0x40, 0xfc,
    0x20, 0xfc, 0x20, 0xf4, 0x20, 0xf4, 0x20, 0xf4, 0x00, 0xf4, 0xe0, 0xf3,
    0xc0, 0xf3, 0xc0, 0xf3, 0x80, 0xf3, 0x81, 0xf3, 0x60, 0xeb, 0x40, 0xeb,
    0x20, 0xeb, 0x00, 0xeb, 0xe0, 0xe2, 0xc0, 0xe2, 0xa0, 0xda, 0x80, 0xda,
    0x21, 0xda, 0x08, 0x8b, 0x91, 0x3c, 0x70, 0x34, 0x71, 0x34, 0x70, 0x3c,
    0x70, 0x34, 0x71, 0x3c, 0x70, 0x3c, 0x70, 0x3c, 0x71, 0x34, 0x70, 0x3c,
    0x70, 0x34, 0x71, 0x3c, 0x50, 0x3c, 0x71, 0x3c, 0x50, 0x3c, 0x86, 0x82,
    0x86, 0x8a, 0x86, 0x82, 0x87, 0x82, 0x86, 0x82, 0x86, 0x8a, 0x86, 0x82,
    0x86, 0x8a, 0x86, 0x8a, 0x86, 0x8a, 0x86, 0x8a, 0x66, 0x8a, 0x66, 0x8a,
    0xc6, 0x9a, 0xc5, 0x9a, 0xc5, 0x9a, 0xc5, 0xa2, 0xc5, 0x9a, 0xe5, 0xa2,
    0xc5, 0x9a, 0xc5, 0x9a, 0xc5, 0xa2, 0xc5, 0x9a, 0xc5, 0x9a, 0xc5, 0x9a,
    0x87, 0x82, 0xa8, 0x82, 0xa8, 0x7a, 0x87, 0x7a, 0xa8, 0x82, 0xe6, 0x92,
    0x47, 0x93, 0x47, 0x93, 0x89, 0x83, 0xcb, 0x6b, 0x2d, 0x54, 0xb0, 0x3c,
    0x90, 0x44, 0x8f, 0x44, 0x90, 0x44, 0xb0, 0x3c, 0xb0, 0x44, 0xaf, 0x44,
    0xd0, 0x44, 0xd0, 0x44, 0xd0, 0x44, 0xaf, 0x44, 0xd0, 0x4c, 0xcf, 0x44,
    0xd0, 0x44, 0xd0, 0x44, 0xf0, 0x4c, 0xef, 0x44, 0xd0, 0x44, 0xcf, 0x4c,
    0xf1, 0x3c, 0xcf, 0x4c, 0x49, 0x8c, 0x06, 0xc4, 0x01, 0xf4, 0xe0, 0xfb,
    0x01, 0xfc, 0x21, 0xfc, 0x01, 0xfc, 0x01, 0xfc, 0x01, 0xf4, 0xe0, 0xfb,
    0xc0, 0xfb, 0xc1, 0xf3, 0xe6, 0xcb, 0x8b, 0x8c, 0x32, 0x45, 0x53, 0x3d,
    0x32, 0x45, 0x11, 0x45, 0x11, 0x45, 0x11, 0x4d, 0x12, 0x4d, 0x11, 0x4d,
    0x11, 0x4d, 0x11, 0x4d, 0x12, 0x4d, 0x11, 0x45, 0x11, 0x4d, 0x11, 0x4d,
    0x12, 0x4d, 0x11, 0x45, 0x12, 0x4d, 0x32, 0x4d, 0x74, 0x4d, 0xd7, 0x55,
    0x19, 0x5e, 0x1a, 0x66, 0x3a, 0x5e, 0x3a, 0x66, 0x19, 0x5e, 0x3a, 0x66,
    0x3a, 0x66, 0x39, 0x5e, 0x39, 0x5e, 0x3a, 0x66, 0x39, 0x66, 0x39, 0x5e,
    0x7b, 0x5e, 0x5a, 0x56, 0x54, 0x7d, 0x2f, 0x94, 0x6a, 0xab, 0x42, 0xda,
    0xa0, 0xda, 0xe1, 0xe2, 0x00, 0xeb, 0x00, 0xeb, 0x20, 0xeb, 0x20, 0xeb,
    0x20, 0xeb, 0x20, 0xeb, 0x20, 0xeb, 0x20, 0xf3, 0x40, 0xeb, 0x40, 0xf3,
    0x40, 0xeb, 0x20, 0xeb, 0x00, 0xeb, 0x00, 0xeb, 0xe0, 0xe2, 0xe0, 0xe2,
    0xa0, 0xd2, 0x62, 0xf5, 0xc3, 0xfd, 0xc2, 0xf5, 0xe3, 0xfd, 0xe3, 0xfd,
    0x03, 0xfe, 0x03, 0xfe, 0x03, 0xfe, 0x24, 0xfe, 0x24, 0xfe, 0x23, 0xf6,
    0x24, 0xfe, 0x24, 0xfe, 0x24, 0xf6, 0x24, 0xfe, 0x44, 0xfe, 0x44, 0xfe,
    0x44, 0xfe, 0x44, 0xfe, 0x44, 0xfe, 0x45, 0xf6, 0x45, 0xfe, 0x45, 0xfe,
    0x44, 0xfe, 0x65, 0xfe, 0x45, 0xfe, 0x64, 0xfe, 0x65, 0xfe, 0x44, 0xfe,
    0x44, 0xfe, 0x44, 0xfe, 0x65, 0xfe, 0x64, 0xfe, 0x44, 0xfe, 0x44, 0xfe,
    0x44, 0xfe, 0x24, 0xfe, 0x44, 0xfe, 0x24, 0xfe, 0x23, 0xfe, 0x24, 0xfe,
    0x23, 0xfe, 0x22, 0xf5, 0x80, 0xf4, 0xa0, 0xfc, 0xa0, 0xfc, 0xa0, 0xf4,
    0x80, 0xfc, 0x80, 0xfc, 0x60, 0xf4, 0x40, 0xfc, 0x20, 0xfc, 0xe0, 0xf3,
    0xc0, 0xf3, 0x60, 0xeb, 0xe0, 0xe2, 0x40, 0xeb, 0x40, 0xeb, 0x60, 0xf3,
    0x80, 0xf3, 0xc0, 0xf3, 0xc0, 0xf3, 0xe0, 0xf3, 0x00, 0xf4, 0x20, 0xfc,
    0x20, 0xf4, 0x40, 0xf4, 0x40, 0xfc, 0x60, 0xf4, 0x60, 0xf4, 0x60, 0xfc,
    0x61, 0xfc, 0x60, 0xfc, 0x60, 0xf4, 0x40, 0xf4, 0x40, 0xfc, 0x20, 0xf4,
    0x20, 0xf4, 0x00, 0xfc, 0x00, 0xf4, 0xe0, 0xf3, 0xc0, 0xf3, 0xc0, 0xf3,
    0xa0, 0xf3, 0x80, 0xf3, 0x80, 0xf3, 0x40, 0xeb, 0x40, 0xeb, 0x20, 0xeb,
    0x00, 0xeb, 0xe0, 0xe2, 0xc0, 0xe2, 0xa1, 0xda, 0x80, 0xda, 0x63, 0xc2,
    0x4e, 0x4c, 0x91, 0x34, 0x70, 0x3c, 0x71, 0x3c, 0x70, 0x34, 0x70, 0x3c,
    0x71, 0x3c, 0x71, 0x34, 0x70, 0x3c, 0x71, 0x3c, 0x71, 0x3c, 0x50, 0x3c,
    0x70, 0x3c, 0x71, 0x3c, 0x50, 0x3c, 0x50, 0x3c, 0x2f, 0x3c, 0x46, 0x8a,
    0x87, 0x82, 0x66, 0x82, 0x86, 0x82, 0x87, 0x8a, 0x86, 0x82, 0x86, 0x82,
    0x86, 0x8a, 0x86, 0x82, 0x86, 0x82, 0x66, 0x82, 0x86, 0x8a, 0xa5, 0x8a,
    0xc5, 0x9a, 0xc5, 0x9a, 0xc5, 0xa2, 0xc5, 0x9a, 0xc5, 0xa2, 0xc5, 0xa2,
    0xc5, 0x9a, 0xc5, 0xa2, 0xc5, 0xa2, 0xc5, 0x9a, 0xc5, 0xa2, 0xc5, 0xa2,
    0x87, 0x82, 0x87, 0x7a, 0xa7, 0x8a, 0xe6, 0x9a, 0x05, 0xab, 0x26, 0xab,
    0x26, 0xa3, 0x26, 0xa3, 0x26, 0xa3, 0x05, 0xab, 0x05, 0xa3, 0x06, 0xa3,
    0xa9, 0x83, 0x4e, 0x4c, 0xb0, 0x3c, 0xb0, 0x3c, 0xb0, 0x44, 0x90, 0x44,
    0xb0, 0x44, 0xb0, 0x44, 0xd0, 0x44, 0xaf, 0x44, 0xb0, 0x44, 0xd0, 0x4c,
    0xd0, 0x44, 0xcf, 0x44, 0xd0, 0x44, 0xcf, 0x4c, 0xf0, 0x3c, 0x8d, 0x64,
    0x05, 0xc4, 0x00, 0xfc, 0x01, 0xfc, 0x01, 0xfc, 0x21, 0xfc, 0x01, 0xfc,
    0x21, 0xfc, 0x21, 0xfc, 0x21, 0xfc, 0x21, 0xfc, 0x01, 0xfc, 0x01, 0xfc,
    0xe1, 0xfb, 0xe1, 0xf3, 0xe0, 0xfb, 0xe1, 0xfb, 0x81, 0xfb, 0xc7, 0xbb,
    0xd0, 0x5c, 0x33, 0x3d, 0x32, 0x4d, 0x11, 0x4d, 0x11, 0x45, 0x12, 0x4d,
    0x11, 0x45, 0x11, 0x4d, 0x12, 0x4d, 0x12, 0x45, 0x11, 0x4d, 0x11, 0x4d,
    0x12, 0x45, 0x11, 0x45, 0x12, 0x45, 0x12, 0x4d, 0x33, 0x4d, 0xb6, 0x55,
    0xf8, 0x5d, 0x39, 0x5e, 0x3a, 0x66, 0x3a, 0x5e, 0x39, 0x5e, 0x3a, 0x66,
    0x39, 0x66, 0x3a, 0x5e, 0x3a, 0x66, 0x39, 0x5e, 0x3a, 0x5e, 0x1a, 0x66,
    0x3a, 0x5e, 0x3a, 0x5e, 0x19, 0x66, 0x3a, 0x66, 0x5b, 0x5e, 0x55, 0x75,
    0x41, 0xda, 0xc0, 0xda, 0xc0, 0xe2, 0xe0, 0xe2, 0x01, 0xeb, 0x00, 0xeb,
    0x00, 0xeb, 0x00, 0xeb, 0x20, 0xeb, 0x20, 0xeb, 0x00, 0xeb, 0x21, 0xeb,
    0x20, 0xeb, 0x00, 0xeb, 0x00, 0xeb, 0xe0, 0xe2, 0xe0, 0xe2, 0xe0, 0xe2,
    0x81, 0xdb, 0xc3, 0xfd, 0xc3, 0xfd, 0xe3, 0xf5, 0xe3, 0xf5, 0xe3, 0xfd,
    0x03, 0xf6, 0x23, 0xfe, 0x24, 0xf6, 0x24, 0xfe, 0x24, 0xfe, 0x24, 0xfe,
    0x44, 0xfe, 0x24, 0xfe, 0x44, 0xfe, 0x44, 0xfe, 0x44, 0xfe, 0x44, 0xf6,
    0x44, 0xfe, 0x44, 0xf6, 0x45, 0xfe, 0x44, 0xfe, 0x65, 0xfe, 0x65, 0xfe,
    0x45, 0xfe, 0x65, 0xfe, 0x44, 0xfe, 0x45, 0xfe, 0x65, 0xfe, 0x65, 0xfe,
    0x65, 0xfe, 0x65, 0xfe, 0x44, 0xfe, 0x44, 0xfe, 0x44, 0xfe, 0x44, 0xf6,
    0x24, 0xfe, 0x44, 0xfe, 0x44, 0xfe, 0x24, 0xfe, 0x24, 0xfe, 0x23, 0xfe,
    0x24, 0xfe, 0x22, 0xf5, 0xa0, 0xfc, 0xa0, 0xfc, 0xa0, 0xf4, 0xa0, 0xfc,
    0xa0, 0xfc, 0x80, 0xf4, 0x60, 0xfc, 0x40, 0xf4, 0x20, 0xf4, 0x00, 0xf4,
    0xc0, 0xf3, 0x60, 0xeb, 0x20, 0xeb, 0xc0, 0xda, 0x20, 0xeb, 0x40, 0xeb,
    0x60, 0xeb, 0x60, 0xf3, 0xa0, 0xf3, 0xa0, 0xf3, 0xe0, 0xf3, 0x00, 0xf4,
    0x00, 0xf4, 0x00, 0xfc, 0x20, 0xf4, 0x40, 0xfc, 0x40, 0xfc, 0x40, 0xf4,
    0x40, 0xf4, 0x40, 0xfc, 0x20, 0xf4, 0x20, 0xf4, 0x20, 0xf4, 0x00, 0xfc,
    0xe0, 0xf3, 0xe0, 0xf3, 0xe0, 0xf3, 0xc0, 0xf3, 0xa0, 0xf3, 0xa0, 0xf3,
    0x80, 0xf3, 0x60, 0xeb, 0x40, 0xeb, 0x20, 0xeb, 0x00, 0xeb, 0x00, 0xe3,
    0xe0, 0xe2, 0xe0, 0xe2, 0xc0, 0xda, 0x80, 0xda, 0xa4, 0xba, 0xb2, 0x3c,
    0x71, 0x3c, 0x90, 0x34, 0x71, 0x3c, 0x50, 0x3c, 0x71, 0x3c, 0x70, 0x3c,
    0x50, 0x34, 0x71, 0x34, 0x50, 0x3c, 0x50, 0x34, 0x70, 0x3c, 0x71, 0x3c,
    0x50, 0x3c, 0x70, 0x3c, 0x71, 0x3c, 0x50, 0x3c, 0xee, 0x4b, 0x66, 0x8a,
    0x67, 0x8a, 0x66, 0x82, 0x86, 0x82, 0x86, 0x82, 0x86, 0x82, 0x86, 0x8a,
    0x66, 0x82, 0x66, 0x8a, 0x86, 0x8a, 0x86, 0x82, 0x65, 0x82, 0xa5, 0x92,
    0xc5, 0x9a, 0xc5, 0xa2, 0xe6, 0xa2, 0xc5, 0x9a, 0xc5, 0x9a, 0xc5, 0xa2,
    0xe5, 0x9a, 0xc5, 0xa2, 0xe5, 0xa2, 0xc5, 0xa2, 0xc5, 0xa2, 0xc5, 0x9a,
    0x87, 0x82, 0xe6, 0x9a, 0x05, 0xa3, 0x06, 0xa3, 0x06, 0xab, 0x26, 0xa3,
    0x26, 0xab, 0x26, 0xab, 0x26, 0xab, 0x26, 0xab, 0x26, 0xa3, 0x06, 0xa3,
    0x05, 0xa3, 0x05, 0xab, 0x88, 0x83, 0xb0, 0x3c, 0x8f, 0x44, 0xb0, 0x44,
    0xb0, 0x44, 0xaf, 0x44, 0xb0, 0x44, 0xd0, 0x4c, 0xd0, 0x44, 0xd0, 0x44,
    0xd0, 0x44, 0xd0, 0x44, 0xb0, 0x44, 0xae, 0x5c, 0x25, 0xcc, 0x00, 0xfc,
    0x00, 0xfc, 0x21, 0xfc, 0x21, 0xfc, 0x21, 0xfc, 0x21, 0xfc, 0x41, 0xfc,
    0x42, 0xfc, 0x42, 0xfc, 0x42, 0xfc, 0x42, 0xfc, 0x21, 0xfc, 0x21, 0xfc,
    0x01, 0xfc, 0x01, 0xfc, 0xe0, 0xfb, 0x00, 0xfc, 0xc0, 0xf3, 0xa0, 0xf3,
    0x41, 0xf3, 0xe7, 0xbb, 0x11, 0x4d, 0xf2, 0x44, 0x12, 0x4d, 0x11, 0x4d,
    0x11, 0x4d, 0x11, 0x4d, 0x11, 0x45, 0x11, 0x45, 0x11, 0x45, 0x12, 0x4d,
    0x11, 0x45, 0x11, 0x45, 0x11, 0x4d, 0x12, 0x45, 0x32, 0x45, 0x74, 0x55,
    0xd8, 0x5d, 0x19, 0x5e, 0x19, 0x66, 0x19, 0x66, 0x3a, 0x5e, 0x39, 0x5e,
    0x19, 0x5e, 0x3a, 0x66, 0x19, 0x5e, 0x3a, 0x66, 0x1a, 0x5e, 0x39, 0x66,
    0x3a, 0x5e, 0x39, 0x66, 0x3a, 0x66, 0x3a, 0x66, 0x3a, 0x5e, 0x3a, 0x56,
    0xed, 0x9b, 0x41, 0xda, 0xc0, 0xe2, 0xc0, 0xe2, 0xe0, 0xe2, 0xe0, 0xe2,
    0xe0, 0xea, 0x00, 0xeb, 0xe0, 0xea, 0x00, 0xeb, 0x00, 0xeb, 0x00, 0xeb,
    0x00, 0xeb, 0xe0, 0xe2, 0x01, 0xeb, 0xe0, 0xe2, 0xe0, 0xe2, 0xa0, 0xda,
    0x62, 0xed, 0xc2, 0xf5, 0xc2, 0xf5, 0xe3, 0xfd, 0xe3, 0xfd, 0x03, 0xf6,
    0x03, 0xfe, 0x03, 0xf6, 0x24, 0xfe, 0x24, 0xfe, 0x23, 0xf6, 0x24, 0xfe,
    0x44, 0xfe, 0x44, 0xfe, 0x24, 0xf6, 0x44, 0xfe, 0x44, 0xfe, 0x44, 0xfe,
    0x45, 0xfe, 0x45, 0xfe, 0x44, 0xfe, 0x65, 0xfe, 0x44, 0xf6, 0x45, 0xfe,
    0x64, 0xfe, 0x65, 0xfe, 0x64, 0xfe, 0x65, 0xfe, 0x45, 0xfe, 0x44, 0xfe,
    0x45, 0xfe, 0x64, 0xfe, 0x44, 0xfe, 0x45, 0xfe, 0x44, 0xfe, 0x45, 0xfe,
    0x44, 0xfe, 0x44, 0xfe, 0x44, 0xfe, 0x24, 0xfe, 0x24, 0xfe, 0x23, 0xfe,
    0x23, 0xfe, 0x02, 0xf5, 0xc0, 0xfc, 0xc0, 0xfc, 0xa0, 0xfc, 0xa0, 0xfc,
    0xa0, 0xfc, 0x80, 0xfc, 0x80, 0xfc, 0x60, 0xf4, 0x40, 0xf4, 0x20, 0xf4,
    0xe0, 0xf3, 0x80, 0xf3, 0x40, 0xeb, 0xe0, 0xe2, 0xa1, 0xda, 0x20, 0xeb,
    0x40, 0xeb, 0x40, 0xeb, 0x60, 0xeb, 0xa0, 0xf3, 0xa0, 0xf3, 0xc0, 0xf3,
    0xe0, 0xf3, 0xe0, 0xf3, 0x00, 0xf4, 0x00, 0xf4, 0x00, 0xf4, 0x00, 0xf4,
    0x00, 0xf4, 0x20, 0xf4, 0x00, 0xf4, 0x00, 0xf4, 0x00, 0xf4, 0xe0, 0xf3,
    0xc0, 0xf3, 0xc0, 0xf3, 0xa0, 0xf3, 0xa0, 0xf3, 0x80, 0xf3, 0x60, 0xeb,
    0x60, 0xeb, 0x40, 0xeb, 0x20, 0xeb, 0x00, 0xeb, 0xe0, 0xe2, 0xe0, 0xe2,
    0xc0, 0xe2, 0x80, 0xe2, 0x81, 0xda, 0x43, 0xc2, 0x91, 0x34, 0x71, 0x34,
    0x71, 0x3c, 0x71, 0x3c, 0x50, 0x3c, 0x50, 0x34, 0x70, 0x34, 0x50, 0x3c,
    0x50, 0x3c, 0x71, 0x34, 0x50, 0x3c, 0x70, 0x3c, 0x50, 0x34, 0x50, 0x3c,
    0x50, 0x34, 0x50, 0x34, 0x71, 0x3c, 0x50, 0x3c, 0x8d, 0x53, 0x66, 0x82,
    0x87, 0x82, 0x87, 0x82, 0x86, 0x8a, 0x66, 0x82, 0x66, 0x82, 0x66, 0x82,
    0x86, 0x82, 0x86, 0x8a, 0x66, 0x82, 0x66, 0x82, 0x66, 0x8a, 0xe5, 0x9a,
    0xc5, 0x9a, 0xc5, 0x9a, 0xc5, 0x9a, 0xc5, 0xa2, 0xe5, 0xa2, 0xe5, 0xa2,
    0xc5, 0x9a, 0xc5, 0x9a, 0xc5, 0xa2, 0xc5, 0x9a, 0xc5, 0x9a, 0xc5, 0x9a,
    0xe6, 0xa2, 0x06, 0xa3, 0x06, 0xa3, 0x05, 0xab, 0x06, 0xa3, 0x26, 0xab,
    0x25, 0xab, 0x25, 0xab, 0x26, 0xab, 0x26, 0xab, 0x05, 0xab, 0x06, 0xab,
    0x26, 0xa3, 0x06, 0xab, 0x06, 0xab, 0x46, 0x9b, 0x4f, 0x4c, 0xb0, 0x44,
    0xaf, 0x44, 0xb0, 0x44, 0xb0, 0x44, 0xb0, 0x44, 0xd0, 0x44, 0xcf, 0x44,
    0xd0, 0x44, 0xf0, 0x3c, 0x28, 0x9c, 0x01, 0xfc, 0x21, 0xfc, 0x21, 0xfc,
    0x21, 0xfc, 0x41, 0xfc, 0x41, 0xfc, 0x42, 0xfc, 0x62, 0xfc, 0x62, 0xfc,
    0x62, 0xfc, 0x63, 0xfc, 0x62, 0xfc, 0x42, 0xfc, 0x42, 0xfc, 0x42, 0xfc,
    0x21, 0xfc, 0x21, 0xfc, 0x01, 0xfc, 0xe0, 0xfb, 0xe0, 0xf3, 0xc0, 0xf3,
    0x80, 0xf3, 0x80, 0xf3, 0x61, 0xeb, 0x6d, 0x7c, 0x32, 0x45, 0x12, 0x4d,
    0x12, 0x4d, 0xf1, 0x4c, 0xf1, 0x44, 0x11, 0x4d, 0x11, 0x4d, 0x11, 0x45,
    0xf1, 0x4c, 0xf1, 0x44, 0x11, 0x4d, 0x12, 0x4d, 0x12, 0x45, 0x53, 0x4d,
    0xd6, 0x55, 0x19, 0x5e, 0x19, 0x5e, 0x19, 0x5e, 0x39, 0x66, 0x1a, 0x5e,
    0x3a, 0x66, 0x39, 0x5e, 0x19, 0x5e, 0x1a, 0x5e, 0x39, 0x66, 0x19, 0x5e,
    0x3a, 0x5e, 0x39, 0x66, 0x3a, 0x5e, 0x3a, 0x5e, 0x39, 0x66, 0x3a, 0x66,
    0x5a, 0x5e, 0xc8, 0xba, 0x80, 0xda, 0xc0, 0xe2, 0xc0, 0xe2, 0xc0, 0xe2,
    0xc0, 0xe2, 0xe1, 0xe2, 0xe0, 0xe2, 0xe0, 0xea, 0xe0, 0xe2, 0xe0, 0xe2,
    0xe0, 0xea, 0xe0, 0xe2, 0xe0, 0xe2, 0xe0, 0xe2, 0xe0, 0xe2, 0x81, 0xdb,
    0xc3, 0xfd, 0xc3, 0xf5, 0xe3, 0xfd, 0xe3, 0xfd, 0x03, 0xfe, 0x03, 0xfe,
    0x04, 0xfe, 0x23, 0xfe, 0x24, 0xfe, 0x24, 0xf6, 0x24, 0xfe, 0x44, 0xfe,
    0x44, 0xfe, 0x44, 0xfe, 0x44, 0xf6, 0x45, 0xf6, 0x44, 0xfe, 0x44, 0xfe,
    0x45, 0xfe, 0x45, 0xfe, 0x65, 0xfe, 0x64, 0xfe, 0x45, 0xfe, 0x44, 0xfe,
    0x65, 0xfe, 0x45, 0xf6, 0x45, 0xfe, 0x64, 0xfe, 0x65, 0xfe, 0x45, 0xfe,
    0x64, 0xf6, 0x45, 0xfe, 0x44, 0xfe, 0x65, 0xfe, 0x45, 0xfe, 0x44, 0xfe,
    0x44, 0xfe, 0x44, 0xfe, 0x44, 0xfe, 0x24, 0xf6, 0x23, 0xfe, 0x23, 0xfe,
    0x03, 0xfe, 0x01, 0xf5, 0xa0, 0xfc, 0xa0, 0xf4, 0xc0, 0xfc, 0xc0, 0xfc,
    0xa0, 0xf4, 0x80, 0xfc, 0x80, 0xfc, 0x60, 0xfc, 0x40, 0xfc, 0x00, 0xf4,
    0xe0, 0xf3, 0xa1, 0xf3, 0x60, 0xeb, 0x20, 0xeb, 0xc0, 0xe2, 0xa0, 0xda,
    0x40, 0xeb, 0x20, 0xeb, 0x40, 0xeb, 0x60, 0xeb, 0x80, 0xf3, 0x80, 0xf3,
    0xa0, 0xf3, 0xc0, 0xf3, 0xc0, 0xf3, 0xc0, 0xf3, 0xe0, 0xf3, 0xe0, 0xfb,
    0x00, 0xf4, 0xe0, 0xf3, 0xe0, 0xf3, 0xe0, 0xfb, 0xc0, 0xf3, 0xc0, 0xf3,
    0xa0, 0xf3, 0x80, 0xf3, 0x80, 0xf3, 0x80, 0xeb, 0x40, 0xeb, 0x40, 0xeb,
    0x40, 0xeb, 0x00, 0xeb, 0x00, 0xeb, 0xe0, 0xe2, 0xe0, 0xe2, 0xc0, 0xe2,
    0x81, 0xda, 0x60, 0xda, 0x22, 0xd2, 0x2f, 0x44, 0x71, 0x34, 0x71, 0x3c,
    0x70, 0x3c, 0x50, 0x3c, 0x50, 0x3c, 0x70, 0x3c, 0x70, 0x3c, 0x71, 0x3c,
    0x70, 0x3c, 0x50, 0x3c, 0x70, 0x3c, 0x70, 0x3c, 0x71, 0x3c, 0x70, 0x3c,
    0x50, 0x3c, 0x51, 0x3c, 0x50, 0x3c, 0x50, 0x3c, 0x6b, 0x5b, 0x66, 0x82,
    0x66, 0x82, 0x66, 0x82, 0x66, 0x82, 0x87, 0x8a, 0x66, 0x82, 0x86, 0x82,
    0x86, 0x82, 0x86, 0x82, 0x66, 0x82, 0x66, 0x82, 0x85, 0x8a, 0xc5, 0x9a,
    0xc5, 0xa2, 0xc6, 0x9a, 0xc5, 0xa2, 0xc5, 0x9a, 0xc5, 0x9a, 0xc5, 0xa2,
    0xe5, 0xa2, 0xe5, 0x9a, 0xe5, 0xa2, 0xc5, 0x9a, 0xc5, 0x9a, 0xc5, 0xa2,
    0x05, 0xa3, 0x06, 0xa3, 0x06, 0xa3, 0x06, 0xa3, 0x25, 0xab, 0x26, 0xab,
    0x05, 0xa3, 0x05, 0xab, 0x26, 0xab, 0x25, 0xa3, 0x06, 0xa3, 0x05, 0xab,
    0x26, 0xab, 0x05, 0xa3, 0x26, 0xab, 0x05, 0xa3, 0xe5, 0xa2, 0x0d, 0x5c,
    0x90, 0x44, 0x8f, 0x44, 0xb0, 0x44, 0xd0, 0x44, 0xaf, 0x4c, 0xcf, 0x44,
    0x8e, 0x4c, 0xe3, 0xdb, 0xe1, 0xfb, 0x01, 0xfc, 0x01, 0xfc, 0x41, 0xfc,
    0x41, 0xfc, 0x41, 0xfc, 0x62, 0xfc, 0x83, 0xfc, 0x63, 0xfc, 0x83, 0xfc,
    0x83, 0xfc, 0x83, 0xfc, 0x83, 0xfc, 0x63, 0xfc, 0x62, 0xfc, 0x62, 0xfc,
    0x42, 0xfc, 0x21, 0xfc, 0x01, 0xfc, 0xe0, 0xfb, 0xe0, 0xfb, 0xc1, 0xf3,
    0xc0, 0xf3, 0xa0, 0xf3, 0x80, 0xf3, 0x41, 0xfb, 0x29, 0xa4, 0x32, 0x45,
    0x11, 0x4d, 0xf1, 0x44, 0x11, 0x45, 0xf1, 0x4c, 0x11, 0x45, 0xf1, 0x44,
    0x11, 0x45, 0xf1, 0x44, 0x11, 0x45, 0x11, 0x45, 0xf1, 0x4c, 0x33, 0x4d,
    0x96, 0x55, 0xf8, 0x5d, 0x19, 0x5e, 0x3a, 0x66, 0x39, 0x5e, 0x19, 0x5e,
    0x1a, 0x66, 0x39, 0x5e, 0x3a, 0x5e, 0x39, 0x5e, 0x19, 0x66, 0x1a, 0x5e,
    0x3a, 0x5e, 0x3a, 0x66, 0x39, 0x5e, 0x39, 0x66, 0x39, 0x5e, 0x3a, 0x5e,
    0x19, 0x66, 0x19, 0x56, 0x64, 0xc2, 0xa1, 0xda, 0xc0, 0xe2, 0xa0, 0xe2,
    0xc0, 0xe2, 0xc0, 0xe2, 0xa0, 0xe2, 0xc0, 0xe2, 0xc0, 0xe2, 0xe1, 0xe2,
    0xe0, 0xe2, 0xe0, 0xe2, 0xe0, 0xe2, 0xe0, 0xe2, 0xc0, 0xda, 0x62, 0xed,
    0xc3, 0xf5, 0xc3, 0xfd, 0xe3, 0xf5, 0xe3, 0xf5, 0x03, 0xfe, 0x03, 0xf6,
    0x04, 0xf6, 0x03, 0xfe, 0x24, 0xfe, 0x24, 0xfe, 0x24, 0xfe, 0x24, 0xfe,
    0x24, 0xf6, 0x44, 0xfe, 0x44, 0xfe, 0x45, 0xfe, 0x45, 0xfe, 0x44, 0xfe,
    0x64, 0xf6, 0x44, 0xf6, 0x45, 0xfe, 0x65, 0xfe, 0x45, 0xf6, 0x65, 0xfe,
    0x65, 0xfe, 0x45, 0xfe, 0x65, 0xfe, 0x65, 0xfe, 0x65, 0xfe, 0x65, 0xfe,
    0x44, 0xfe, 0x65, 0xfe, 0x45, 0xf6, 0x65, 0xfe, 0x44, 0xfe, 0x44, 0xf6,
    0x45, 0xfe, 0x44, 0xfe, 0x44, 0xfe, 0x24, 0xfe, 0x24, 0xfe, 0x23, 0xfe,
    0x23, 0xfe, 0x02, 0xf5, 0xc0, 0xfc, 0xa0, 0xfc, 0xa0, 0xf4, 0xc0, 0xf4,
    0xa0, 0xfc, 0x80, 0xf4, 0x80, 0xfc, 0x60, 0xfc, 0x40, 0xf4, 0x20, 0xfc,
    0x00, 0xf4, 0xa0, 0xf3, 0x80, 0xeb, 0x40, 0xeb, 0xe0, 0xe2, 0xa0, 0xda,
    0x80, 0xd2, 0x01, 0xeb, 0x20, 0xeb, 0x20, 0xeb, 0x40, 0xeb, 0x60, 0xeb,
    0x60, 0xeb, 0x80, 0xf3, 0xa0, 0xf3, 0xa0, 0xf3, 0xa0, 0xf3, 0xc0, 0xf3,
    0xc0, 0xf3, 0xa0, 0xf3, 0xc0, 0xf3, 0xa0, 0xf3, 0xa0, 0xf3, 0x80, 0xf3,
    0x60, 0xf3, 0x60, 0xeb, 0x40, 0xeb, 0x40, 0xeb, 0x20, 0xeb, 0x21, 0xeb,
    0x00, 0xeb, 0xe0, 0xe2, 0xc0, 0xe2, 0xc0, 0xe2, 0xa0, 0xe2, 0x80, 0xda,
    0x60, 0xda, 0x22, 0xca, 0x2e, 0x54, 0x71, 0x3c, 0x71, 0x34, 0x70, 0x34,
    0x50, 0x3c, 0x70, 0x3c, 0x70, 0x3c, 0x50, 0x3c, 0x70, 0x3c, 0x50, 0x3c,
    0x50, 0x34, 0x50, 0x3c, 0x50, 0x3c, 0x70, 0x3c, 0x51, 0x3c, 0x50, 0x3c,
    0x71, 0x3c, 0x50, 0x3c, 0x50, 0x3c, 0x51, 0x3c, 0x0a, 0x6b, 0x66, 0x82,
    0x86, 0x82, 0x66, 0x82, 0x87, 0x82, 0x86, 0x82, 0x66, 0x82, 0x66, 0x82,
    0x66, 0x82, 0x86, 0x82, 0x66, 0x8a, 0x66, 0x82, 0xa5, 0x92, 0xc5, 0x9a,
    0xe5, 0x9a, 0xc5, 0xa2, 0xe5, 0xa2, 0xc5, 0x9a, 0xc5, 0x9a, 0xe5, 0xa2,
    0xc5, 0x9a, 0xc5, 0xa2, 0xc5, 0x9a, 0xc5, 0xa2, 0xc5, 0xa2, 0xc5, 0x9a,
    0xe5, 0xa2, 0x06, 0xa3, 0x05, 0xa3, 0x05, 0xa3, 0x06, 0xab, 0x05, 0xab,
    0x26, 0xa3, 0x06, 0xab, 0x25, 0xab, 0x26, 0xab, 0x05, 0xab, 0x26, 0xa3,
    0x06, 0xa3, 0x06, 0xa3, 0x06, 0xa3, 0x06, 0xa3, 0x06, 0xa3, 0xe5, 0x9a,
    0xcb, 0x63, 0x90, 0x44, 0xb0, 0x44, 0xd0, 0x44, 0xaf, 0x44, 0x8e, 0x54,
    0xe1, 0xeb, 0x01, 0xfc, 0x21, 0xfc, 0x21, 0xfc, 0x41, 0xfc, 0x41, 0xfc,
    0x42, 0xfc, 0x62, 0xfc, 0x83, 0xfc, 0x83, 0xfc, 0x84, 0xfc, 0xa4, 0xfc,
    0xa4, 0xfc, 0x84, 0xfc, 0x84, 0xfc, 0x84, 0xfc, 0x83, 0xfc, 0x62, 0xfc,
    0x42, 0xfc, 0x21, 0xfc, 0x21, 0xfc, 0x01, 0xfc, 0xe1, 0xfb, 0xc0, 0xf3,
    0xc0, 0xf3, 0xa0, 0xf3, 0x80, 0xf3, 0x60, 0xeb, 0x40, 0xeb, 0xa6, 0xb3,
    0x12, 0x3d, 0xf1, 0x44, 0x12, 0x45, 0x12, 0x4d, 0xf1, 0x4c, 0xf1, 0x44,
    0x12, 0x4d, 0x11, 0x4d, 0x11, 0x4d, 0xf1, 0x44, 0x11, 0x45, 0x32, 0x4d,
    0xb6, 0x55, 0x18, 0x5e, 0x19, 0x66, 0x19, 0x5e, 0x3a, 0x66, 0x19, 0x5e,
    0x19, 0x66, 0x19, 0x66, 0x3a, 0x5e, 0x39, 0x66, 0x19, 0x66, 0x3a, 0x5e,
    0x3a, 0x66, 0x19, 0x5e, 0x19, 0x66, 0x1a, 0x5e, 0x1a, 0x66, 0x19, 0x5e,
    0x19, 0x5e, 0x19, 0x5e, 0xf8, 0x5d, 0x44, 0xca, 0x80, 0xda, 0xa1, 0xe2,
    0xa0, 0xda, 0x80, 0xe2, 0x80, 0xda, 0xa0, 0xe2, 0xa0, 0xe2, 0xa0, 0xe2,
    0xc0, 0xe2, 0xc0, 0xe2, 0xc0, 0xe2, 0xe1, 0xe2, 0x61, 0xdb, 0xc2, 0xf5,
    0xc2, 0xf5, 0xe2, 0xfd, 0xe3, 0xf5, 0x03, 0xfe, 0x03, 0xfe, 0x03, 0xfe,
    0x24, 0xf6, 0x24, 0xfe, 0x24, 0xfe, 0x24, 0xfe, 0x44, 0xfe, 0x44, 0xfe,
    0x44, 0xfe, 0x44, 0xfe, 0x44, 0xfe, 0x45, 0xfe, 0x45, 0xfe, 0x44, 0xfe,
    0x65, 0xfe, 0x65, 0xfe, 0x45, 0xfe, 0x44, 0xfe, 0x65, 0xfe, 0x65, 0xfe,
    0x64, 0xfe, 0x45, 0xfe, 0x65, 0xfe, 0x45, 0xfe, 0x45, 0xfe, 0x44, 0xfe,
    0x65, 0xfe, 0x45, 0xfe, 0x64, 0xfe, 0x65, 0xfe, 0x44, 0xfe, 0x45, 0xfe,
    0x44, 0xfe, 0x44, 0xfe, 0x24, 0xf6, 0x24, 0xfe, 0x24, 0xfe, 0x23, 0xfe,
    0x23, 0xfe, 0xe2, 0xf4, 0xa0, 0xfc, 0xa0, 0xfc, 0xa0, 0xfc, 0xa0, 0xfc,
    0xc0, 0xfc, 0xa0, 0xf4, 0x80, 0xfc, 0x80, 0xf4, 0x40, 0xf4, 0x20, 0xf4,
    0xe0, 0xf3, 0xc0, 0xf3, 0xa0, 0xeb, 0x60, 0xeb, 0x20, 0xeb, 0xc0, 0xe2,
    0x80, 0xda, 0x61, 0xca, 0xe0, 0xe2, 0x00, 0xe3, 0x00, 0xe3, 0x21, 0xe3,
    0x40, 0xeb, 0x60, 0xeb, 0x60, 0xeb, 0x81, 0xf3, 0xa0, 0xf3, 0xa0, 0xf3,
    0xa0, 0xf3, 0x80, 0xf3, 0x80, 0xf3, 0x60, 0xf3, 0x60, 0xeb, 0x40, 0xeb,
    0x40, 0xeb, 0x40, 0xeb, 0x20, 0xeb, 0x00, 0xeb, 0x00, 0xeb, 0x00, 0xe3,
    0xe0, 0xe2, 0xc0, 0xe2, 0xc1, 0xe2, 0xa0, 0xda, 0x80, 0xda, 0x61, 0xda,
    0x22, 0xc2, 0x0e, 0x44, 0x50, 0x3c, 0x50, 0x3c, 0x50, 0x34, 0x50, 0x3c,
    0x50, 0x34, 0x70, 0x3c, 0x50, 0x3c, 0x50, 0x34, 0x70, 0x3c, 0x70, 0x3c,
    0x71, 0x3c, 0x70, 0x3c, 0x50, 0x3c, 0x50, 0x3c, 0x70, 0x3c, 0x70, 0x3c,
    0x70, 0x34, 0x70, 0x3c, 0x70, 0x3c, 0x50, 0x3c, 0xc9, 0x72, 0x66, 0x7a,
    0x87, 0x82, 0x87, 0x82, 0x87, 0x82, 0x86, 0x82, 0x66, 0x82, 0x87, 0x82,
    0x86, 0x8a, 0x86, 0x82, 0x86, 0x82, 0x86, 0x8a, 0xc5, 0x9a, 0xc5, 0x9a,
    0xc5, 0x9a, 0xc5, 0x9a, 0xc5, 0x9a, 0xe5, 0xa2, 0xc5, 0x9a, 0xc5, 0xa2,
    0xc5, 0x9a, 0xc5, 0xa2, 0xc5, 0x9a, 0xc5, 0xa2, 0xc5, 0xa2, 0xc5, 0x9a,
    0xe6, 0xa2, 0xe5, 0xa2, 0x05, 0xa3, 0x06, 0xa3, 0x05, 0xa3, 0x05, 0xab,
    0x25, 0xa3, 0x26, 0xab, 0x05, 0xa3, 0x05, 0xab, 0x06, 0xab, 0x06, 0xab,
    0x05, 0xa3, 0x06, 0xa3, 0x05, 0xa3, 0x06, 0xa3, 0x06, 0xa3, 0x06, 0x9b,
    0xe5, 0x9a, 0xed, 0x5b, 0xb0, 0x44, 0x8f, 0x44, 0x8e, 0x4c, 0xc2, 0xeb,
    0xe1, 0xfb, 0x01, 0xfc, 0x21, 0xfc, 0x41, 0xfc, 0x41, 0xfc, 0x42, 0xfc,
    0x42, 0xfc, 0x83, 0xfc, 0x84, 0xfc, 0xa5, 0xfc, 0xa5, 0xfc, 0xc5, 0xfc,
    0xc5, 0xfc, 0xa5, 0xfc, 0xa5, 0xfc, 0x84, 0xfc, 0x84, 0xfc, 0x63, 0xfc,
    0x62, 0xfc, 0x42, 0xfc, 0x21, 0xfc, 0x01, 0xfc, 0x01, 0xfc, 0xe0, 0xf3,
    0xc0, 0xfb, 0xa0, 0xf3, 0x60, 0xf3, 0x60, 0xeb, 0x40, 0xeb, 0x61, 0xeb,
    0xc9, 0xa3, 0x32, 0x45, 0x11, 0x45, 0x11, 0x45, 0xf1, 0x4c, 0xf1, 0x44,
    0xf1, 0x44, 0xf1, 0x44, 0xf1, 0x4c, 0xf1, 0x4c, 0x11, 0x45, 0x53, 0x4d,
    0x96, 0x55, 0xd7, 0x5d, 0xf8, 0x5d, 0x19, 0x5e, 0x19, 0x5e, 0x39, 0x66,
    0x1a, 0x5e, 0x19, 0x5e, 0x19, 0x5e, 0x3a, 0x5e, 0x19, 0x5e, 0x19, 0x66,
    0x39, 0x5e, 0x19, 0x5e, 0x3a, 0x66, 0x39, 0x5e, 0x1a, 0x66, 0x39, 0x5e,
    0x19, 0x5e, 0x19, 0x5e, 0x19, 0x5e, 0xf8, 0x5d, 0x86, 0xc2, 0x81, 0xda,
    0xa0, 0xda, 0x80, 0xda, 0x81, 0xda, 0xa0, 0xda, 0xa0, 0xda, 0xa0, 0xda,
    0xa0, 0xda, 0xc0, 0xe2, 0xc1, 0xe2, 0xc0, 0xda, 0x02, 0xed, 0xc2, 0xf5,
    0xc3, 0xfd, 0xe3, 0xfd, 0xe3, 0xfd, 0x03, 0xf6, 0x03, 0xfe, 0x03, 0xfe,
    0x23, 0xfe, 0x24, 0xf6, 0x24, 0xfe, 0x24, 0xf6, 0x44, 0xfe, 0x44, 0xfe,
    0x45, 0xfe, 0x45, 0xfe, 0x44, 0xf6, 0x45, 0xf6, 0x64, 0xfe, 0x65, 0xfe,
    0x45, 0xfe, 0x44, 0xfe, 0x65, 0xfe, 0x65, 0xfe, 0x44, 0xfe, 0x65, 0xfe,
    0x65, 0xfe, 0x65, 0xfe, 0x45, 0xf6, 0x65, 0xfe, 0x64, 0xfe, 0x65, 0xfe,
    0x45, 0xfe, 0x65, 0xfe, 0x65, 0xfe, 0x44, 0xfe, 0x44, 0xfe, 0x44, 0xfe,
    0x44, 0xfe, 0x44, 0xfe, 0x44, 0xfe, 0x24, 0xfe, 0x23, 0xfe, 0x23, 0xfe,
    0x03, 0xf6, 0xe1, 0xf4, 0xa0, 0xf4, 0xa0, 0xfc, 0xc0, 0xfc, 0xa0, 0xfc,
    0xc0, 0xfc, 0xa0, 0xfc, 0xa0, 0xfc, 0x80, 0xfc, 0x40, 0xfc, 0x20, 0xf4,
    0x00, 0xf4, 0xe0, 0xf3, 0xa0, 0xf3, 0x60, 0xeb, 0x20, 0xeb, 0x00, 0xe3,
    0xc0, 0xda, 0x80, 0xd2, 0x20, 0xca, 0xa0, 0xd2, 0x00, 0xe3, 0x00, 0xe3,
    0x00, 0xeb, 0x20, 0xeb, 0x40, 0xeb, 0x40, 0xeb, 0x40, 0xeb, 0x60, 0xeb,
    0x40, 0xf3, 0x60, 0xeb, 0x60, 0xf3, 0x41, 0xeb, 0x40, 0xeb, 0x20, 0xeb,
    0x00, 0xeb, 0x01, 0xeb, 0x00, 0xeb, 0xe0, 0xe2, 0xe0, 0xe2, 0xc0, 0xe2,
    0xc0, 0xe2, 0xa0, 0xda, 0x80, 0xda, 0x60, 0xda, 0x81, 0xda, 0x65, 0xb2,
    0x50, 0x44, 0x50, 0x3c, 0x50, 0x3c, 0x51, 0x3c, 0x70, 0x3c, 0x70, 0x3c,
    0x50, 0x34, 0x50, 0x3c, 0x70, 0x3c, 0x51, 0x3c, 0x50, 0x3c, 0x70, 0x3c,
    0x50, 0x3c, 0x70, 0x3c, 0x71, 0x3c, 0x50, 0x3c, 0x50, 0x3c, 0x70, 0x3c,
    0x50, 0x3c, 0x50, 0x34, 0x70, 0x3c, 0x70, 0x3c, 0xa7, 0x7a, 0x66, 0x7a,
    0x67, 0x82, 0x86, 0x82, 0x87, 0x82, 0x66, 0x82, 0x66, 0x82, 0x86, 0x82,
    0x66, 0x82, 0x66, 0x82, 0x86, 0x8a, 0x86, 0x8a, 0xc5, 0x9a, 0xc6, 0x9a,
    0xc5, 0x9a, 0xc5, 0x9a, 0xc5, 0x9a, 0xc5, 0x9a, 0xc5, 0xa2, 0xc5, 0x9a,
    0xc5, 0xa2, 0xc5, 0x9a, 0xc5, 0x9a, 0xc5, 0x9a, 0xc5, 0x9a, 0xc5, 0x9a,
    0xa5, 0x9a, 0xe6, 0x9a, 0xe6, 0xa2, 0xe5, 0xa2, 0x06, 0xa3, 0x05, 0xa3,
    0x05, 0xa3, 0x06, 0xab, 0x05, 0xa3, 0x06, 0xa3, 0x05, 0xa3, 0x05, 0xa3,
    0x05, 0xab, 0x06, 0xa3, 0x05, 0xa3, 0x06, 0xa3, 0x06, 0xa3, 0xe6, 0xa2,
    0x06, 0x9b, 0xe6, 0x9a, 0x6f, 0x4c, 0xaf, 0x44, 0xc3, 0xd3, 0x01, 0xfc,
    0x01, 0xfc, 0x21, 0xfc, 0x21, 0xfc, 0x21, 0xfc, 0x64, 0xfc, 0x2a, 0xfd,
    0x4b, 0xfd, 0xa5, 0xfc, 0xa5, 0xfc, 0xc6, 0xfc, 0xc6, 0xfc, 0xc6, 0xfc,
    0xc6, 0xfc, 0xa5, 0xfc, 0xa5, 0xfc, 0xa5, 0xfc, 0xa4, 0xfc, 0x83, 0xfc,
    0x63, 0xfc, 0x42, 0xfc, 0x22, 0xfc, 0x01, 0xfc, 0x01, 0xfc, 0xe1, 0xf3,
    0xc0, 0xf3, 0xa1, 0xf3, 0x80, 0xf3, 0x60, 0xeb, 0x40, 0xeb, 0x61, 0xeb,
    0x41, 0xeb, 0x4c, 0x7c, 0x11, 0x45, 0xf1, 0x44, 0x11, 0x4d, 0xf1, 0x44,
    0x11, 0x4d, 0x11, 0x45, 0xf1, 0x44, 0x11, 0x45, 0x12, 0x4d, 0x53, 0x4d,
    0x74, 0x55, 0x95, 0x4d, 0x95, 0x55, 0xd7, 0x55, 0xf8, 0x5d, 0x19, 0x5e,
    0x19, 0x5e, 0x19, 0x66, 0x19, 0x5e, 0x39, 0x5e, 0x1a, 0x66, 0x39, 0x5e,
    0x19, 0x5e, 0x39, 0x66, 0x1a, 0x5e, 0x39, 0x5e, 0x39, 0x5e, 0x19, 0x5e,
    0x19, 0x66, 0x19, 0x5e, 0x19, 0x5e, 0x19, 0x5e, 0x19, 0x56, 0x8a, 0xa3,
    0x21, 0xda, 0x60, 0xda, 0x80, 0xda, 0x60, 0xda, 0x80, 0xda, 0x81, 0xda,
    0xa1, 0xda, 0xc0, 0xe2, 0xc0, 0xda, 0x00, 0xe3, 0xc2, 0xfd, 0xc2, 0xf5,
    0xc3, 0xf5, 0xe3, 0xfd, 0x03, 0xfe, 0x03, 0xf6, 0x03, 0xf6, 0x04, 0xfe,
    0x03, 0xfe, 0x24, 0xfe, 0x24, 0xfe, 0x44, 0xfe, 0x24, 0xf6, 0x44, 0xfe,
    0x44, 0xfe, 0x44, 0xfe, 0x45, 0xfe, 0x44, 0xfe, 0x65, 0xfe, 0x44, 0xfe,
    0x65, 0xf6, 0x65, 0xfe, 0x65, 0xfe, 0x45, 0xfe, 0x64, 0xfe, 0x65, 0xfe,
    0x65, 0xfe, 0x65, 0xfe, 0x44, 0xfe, 0x65, 0xfe, 0x65, 0xfe, 0x65, 0xf6,
    0x44, 0xfe, 0x45, 0xfe, 0x65, 0xfe, 0x44, 0xfe, 0x44, 0xfe, 0x44, 0xfe,
    0x44, 0xfe, 0x44, 0xfe, 0x24, 0xfe, 0x23, 0xf6, 0x23, 0xfe, 0x24, 0xfe,
    0x03, 0xfe, 0xe1, 0xf4, 0xc0, 0xfc, 0xa0, 0xfc, 0xc0, 0xf4, 0xc0, 0xfc,
    0xc0, 0xfc, 0xa0, 0xf4, 0x80, 0xfc, 0x80, 0xfc, 0x40, 0xf4, 0x20, 0xf4,
    0x00, 0xf4, 0xe0, 0xf3, 0xa0, 0xf3, 0x80, 0xf3, 0x40, 0xeb, 0x01, 0xe3,
    0xc0, 0xe2, 0xa0, 0xda, 0x80, 0xd2, 0x61, 0xd2, 0x20, 0xca, 0xc0, 0xda,
    0x00, 0xe3, 0x00, 0xeb, 0x00, 0xeb, 0x20, 0xeb, 0x20, 0xeb, 0x20, 0xeb,
    0x20, 0xeb, 0x20, 0xeb, 0x00, 0xe3, 0x00, 0xeb, 0x00, 0xeb, 0x00, 0xeb,
    0xe0, 0xe2, 0xe0, 0xe2, 0xc0, 0xe2, 0xc0, 0xe2, 0xa0, 0xda, 0xa0, 0xda,
    0xa0, 0xda, 0x80, 0xda, 0x60, 0xd2, 0x41, 0xd2, 0x08, 0x8b, 0x91, 0x34,
    0x71, 0x3c, 0x50, 0x3c, 0x70, 0x3c, 0x50, 0x34, 0x50, 0x3c, 0x71, 0x3c,
    0x50, 0x3c, 0x50, 0x3c, 0x70, 0x3c, 0x70, 0x3c, 0x71, 0x3c, 0x50, 0x3c,
    0x70, 0x3c, 0x50, 0x3c, 0x70, 0x3c, 0x50, 0x3c, 0x70, 0x3c, 0x71, 0x3c,
    0x51, 0x3c, 0x50, 0x3c, 0x70, 0x3c, 0x50, 0x3c, 0x67, 0x82, 0x86, 0x82,
    0x67, 0x82, 0x66, 0x82, 0x66, 0x7a, 0x87, 0x82, 0x86, 0x82, 0x86, 0x82,
    0x66, 0x82, 0x86, 0x82, 0x66, 0x82, 0xa5, 0x8a, 0xa5, 0x9a, 0xc5, 0x9a,
    0xc5, 0x9a, 0xc6, 0x9a, 0xc5, 0x9a, 0xc5, 0x9a, 0xc5, 0x9a, 0xc5, 0x9a,
    0xc5, 0x9a, 0xc5, 0xa2, 0xc5, 0x9a, 0xc5, 0xa2, 0xc4, 0x9a, 0xc5, 0x9a,
    0xa5, 0x92, 0xc5, 0x9a, 0xc5, 0x9a, 0xe5, 0xa2, 0x06, 0xa3, 0x05, 0xa3,
    0x06, 0xab, 0x05, 0xa3, 0x06, 0xa3, 0x06, 0xa3, 0x06, 0xab, 0x06, 0xa3,
    0x05, 0xa3, 0x06, 0xa3, 0xe6, 0xa2, 0xe6, 0xa2, 0xe6, 0x9a, 0xe5, 0x9a,
    0xe6, 0x9a, 0xc6, 0x92, 0x06, 0x83, 0xe7, 0xa3, 0xc1, 0xf3, 0x00, 0xfc,
    0x01, 0xfc, 0x21, 0xfc, 0x21, 0xfc, 0x85, 0xfc, 0x6c, 0xfd, 0xae, 0xfd,
    0xae, 0xfd, 0xe7, 0xfc, 0xa6, 0xfc, 0xc6, 0xfc, 0xc7, 0xfc, 0xc7, 0xfc,
    0xc6, 0xfc, 0xc6, 0xfc, 0xa6, 0xfc, 0xa5, 0xfc, 0xa5, 0xfc, 0x84, 0xfc,
    0x63, 0xfc, 0x42, 0xfc, 0x22, 0xfc, 0x21, 0xfc, 0xe1, 0xfb, 0xe1, 0xfb,
    0xc0, 0xf3, 0xa0, 0xf3, 0xa1, 0xf3, 0x60, 0xf3, 0x40, 0xeb, 0x40, 0xe3,
    0x40, 0xeb, 0x42, 0xdb, 0x11, 0x45, 0xf1, 0x44, 0xf1, 0x44, 0xf1, 0x44,
    0x12, 0x4d, 0xf1, 0x44, 0x11, 0x45, 0xf1, 0x4c, 0x11, 0x4d, 0x32, 0x4d,
    0x33, 0x4d, 0x32, 0x4d, 0x32, 0x45, 0x54, 0x4d, 0xb6, 0x55, 0xd8, 0x5d,
    0x19, 0x5e, 0x19, 0x66, 0x3a, 0x5e, 0x19, 0x5e, 0x19, 0x5e, 0x1a, 0x66,
    0x19, 0x5e, 0x19, 0x5e, 0x19, 0x5e, 0xf9, 0x5d, 0xf8, 0x5d, 0xf9, 0x5d,
    0x19, 0x5e, 0x19, 0x5e, 0x39, 0x5e, 0x19, 0x66, 0x19, 0x5e, 0xf8, 0x4d,
    0x33, 0x65, 0x65, 0xba, 0x40, 0xda, 0x61, 0xda, 0x80, 0xda, 0x80, 0xda,
    0xa0, 0xda, 0xc0, 0xda, 0xc0, 0xda, 0xc1, 0xe3, 0x40, 0xfd, 0xc2, 0xf5,
    0xe2, 0xf5, 0xe3, 0xfd, 0xe3, 0xfd, 0x03, 0xfe, 0x23, 0xfe, 0x24, 0xfe,
    0x24, 0xf6, 0x24, 0xfe, 0x44, 0xfe, 0x44, 0xfe, 0x44, 0xfe, 0x44, 0xf6,
    0x44, 0xfe, 0x45, 0xfe, 0x65, 0xfe, 0x65, 0xfe, 0x44, 0xfe, 0x45, 0xfe,
    0x65, 0xfe, 0x45, 0xfe, 0x65, 0xfe, 0x65, 0xfe, 0x65, 0xf6, 0x65, 0xfe,
    0x65, 0xfe, 0x65, 0xfe, 0x65, 0xfe, 0x65, 0xfe, 0x65, 0xfe, 0x45, 0xfe,
    0x65, 0xfe, 0x65, 0xfe, 0x45, 0xf6, 0x45, 0xfe, 0x45, 0xfe, 0x44, 0xf6,
    0x44, 0xfe, 0x24, 0xfe, 0x24, 0xf6, 0x24, 0xfe, 0x23, 0xfe, 0x03, 0xfe,
    0x03, 0xfe, 0x02, 0xf5, 0xc0, 0xfc, 0xa0, 0xfc, 0xa0, 0xfc, 0xc0, 0xfc,
    0xa0, 0xfc, 0xa0, 0xfc, 0x80, 0xf4, 0x80, 0xfc, 0x60, 0xfc, 0x40, 0xfc,
    0x20, 0xf4, 0xe0, 0xf3, 0xc0, 0xf3, 0x80, 0xeb, 0x60, 0xeb, 0x20, 0xeb,
    0x00, 0xe3, 0xc0, 0xe2, 0xa0, 0xda, 0x80, 0xd2, 0x60, 0xd2, 0x41, 0xca,
    0x40, 0xca, 0xc1, 0xe2, 0xc0, 0xe2, 0xe0, 0xe2, 0x00, 0xe3, 0x00, 0xe3,
    0x00, 0xe3, 0x00, 0xe3, 0x00, 0xe3, 0x00, 0xe3, 0xe0, 0xe2, 0xe0, 0xe2,
    0xe0, 0xe2, 0xa0, 0xe2, 0xa0, 0xda, 0xa0, 0xda, 0x81, 0xda, 0x60, 0xda,
    0x60, 0xda, 0x41, 0xda, 0x64, 0xb2, 0x0e, 0x4c, 0x50, 0x3c, 0x50, 0x3c,
    0x50, 0x3c, 0x71, 0x3c, 0x50, 0x34, 0x70, 0x3c, 0x50, 0x3c, 0x50, 0x3c,
    0x70, 0x3c, 0x50, 0x34, 0x51, 0x3c, 0x70, 0x3c, 0x50, 0x3c, 0x70, 0x3c,
    0x70, 0x3c, 0x70, 0x3c, 0x70, 0x3c, 0x70, 0x34, 0x70, 0x3c, 0x70, 0x3c,
    0x51, 0x3c, 0x71, 0x3c, 0x71, 0x3c, 0x0f, 0x44, 0x46, 0x82, 0x66, 0x82,
    0x67, 0x82, 0x67, 0x7a, 0x86, 0x82, 0x66, 0x82, 0x87, 0x82, 0x66, 0x82,
    0x86, 0x82, 0x86, 0x82, 0x86, 0x82, 0xa6, 0x92, 0xc5, 0x9a, 0xc5, 0x9a,
    0xc5, 0x9a, 0xc5, 0x9a, 0xc5, 0x9a, 0xc5, 0x9a, 0xc5, 0xa2, 0xc5, 0x9a,
    0xc5, 0x9a, 0xc5, 0xa2, 0xc5, 0x9a, 0xc5, 0x9a, 0xa5, 0x9a, 0xc5, 0xa2,
    0xc6, 0x92, 0xa6, 0x9a, 0xc5, 0x9a, 0xc5, 0x9a, 0x06, 0xa3, 0xe5, 0xa2,
    0xe5, 0xa2, 0x05, 0xa3, 0x05, 0xa3, 0xe5, 0xaa, 0x05, 0xa3, 0x06, 0xa3,
    0x06, 0xa3, 0x06, 0xa3, 0x06, 0xa3, 0xe5, 0x9a, 0xa5, 0x9a, 0xc6, 0x9a,
    0xc6, 0x9a, 0xc5, 0x92, 0xe5, 0x92, 0xa1, 0xf3, 0xc0, 0xfb, 0xe0, 0xfb,
    0x01, 0xfc, 0x22, 0xfc, 0x43, 0xfc, 0x4c, 0xfd, 0x8e, 0xfd, 0xd0, 0xfd,
    0xae, 0xfd, 0xc7, 0xfc, 0xa6, 0xfc, 0xe7, 0xfc, 0xc7, 0xfc, 0xc7, 0xfc,
    0xc7, 0xfc, 0xc7, 0xfc, 0xc6, 0xfc, 0xc6, 0xfc, 0x85, 0xfc, 0x84, 0xfc,
    0x63, 0xfc, 0x43, 0xfc, 0x22, 0xfc, 0x21, 0xfc, 0xe1, 0xfb, 0xc0, 0xfb,
    0xc0, 0xf3, 0xa0, 0xf3, 0x80, 0xf3, 0x60, 0xf3, 0x20, 0xeb, 0x20, 0xeb,
    0x40, 0xeb, 0x20, 0xe3, 0xc8, 0xab, 0xf2, 0x44, 0x11, 0x45, 0xf1, 0x44,
    0xf1, 0x44, 0xf1, 0x44, 0xf1, 0x44, 0xf1, 0x44, 0xf1, 0x44, 0xf1, 0x44,
    0xf1, 0x44, 0xf1, 0x44, 0xf1, 0x44, 0xf1, 0x44, 0x32, 0x4d, 0x95, 0x55,
    0xd7, 0x55, 0x19, 0x5e, 0x19, 0x66, 0x19, 0x5e, 0x19, 0x5e, 0x19, 0x5e,
    0x19, 0x5e, 0xf8, 0x55, 0xd7, 0x55, 0xb6, 0x55, 0xb6, 0x55, 0xf7, 0x55,
    0xf8, 0x5d, 0x19, 0x5e, 0x19, 0x5e, 0x19, 0x66, 0xf8, 0x5d, 0xb6, 0x4d,
    0x34, 0x4d, 0x75, 0x3d, 0x2d, 0x6c, 0x42, 0xca, 0x61, 0xd2, 0xa0, 0xda,
    0xa0, 0xda, 0xc1, 0xda, 0xa0, 0xda, 0x02, 0xf5, 0x81, 0xf5, 0x41, 0xfd,
    0xc2, 0xfd, 0xe3, 0xf5, 0xe3, 0xf5, 0x03, 0xfe, 0x03, 0xf6, 0x23, 0xf6,
    0x23, 0xfe, 0x24, 0xf6, 0x24, 0xfe, 0x24, 0xfe, 0x44, 0xfe, 0x44, 0xfe,
    0x44, 0xfe, 0x45, 0xfe, 0x45, 0xfe, 0x45, 0xfe, 0x64, 0xfe, 0x64, 0xfe,
    0x65, 0xfe, 0x65, 0xfe, 0x65, 0xfe, 0x65, 0xfe, 0x65, 0xfe, 0x44, 0xfe,
    0x65, 0xfe, 0x65, 0xf6, 0x45, 0xfe, 0x65, 0xfe, 0x45, 0xfe, 0x45, 0xfe,
    0x65, 0xfe, 0x64, 0xfe, 0x64, 0xfe, 0x45, 0xfe, 0x44, 0xfe, 0x44, 0xfe,
    0x44, 0xfe, 0x44, 0xfe, 0x24, 0xfe, 0x23, 0xfe, 0x24, 0xf6, 0x03, 0xfe,
    0x03, 0xfe, 0x02, 0xf5, 0xa0, 0xf4, 0xa0, 0xfc, 0xa0, 0xf4, 0xc0, 0xfc,
    0xa0, 0xfc, 0xa0, 0xfc, 0xa0, 0xfc, 0x80, 0xf4, 0x60, 0xf4, 0x40, 0xfc,
    0x20, 0xf4, 0x00, 0xf4, 0xc0, 0xf3, 0xc0, 0xf3, 0x80, 0xeb, 0x40, 0xeb,
    0x20, 0xeb, 0xc0, 0xe2, 0xa0, 0xda, 0x80, 0xda, 0x80, 0xd2, 0x60, 0xd2,
    0x40, 0xca, 0x00, 0xc2, 0x20, 0xc2, 0x80, 0xd2, 0xc0, 0xe2, 0xe0, 0xe2,
    0xe0, 0xe2, 0xe0, 0xe2, 0xe0, 0xe2, 0xc0, 0xe2, 0xc0, 0xe2, 0xa0, 0xda,
    0xc0, 0xda, 0xa0, 0xda, 0x80, 0xda, 0x80, 0xd2, 0x61, 0xda, 0x41, 0xd2,
    0x64, 0xaa, 0xcd, 0x53, 0x70, 0x34, 0x50, 0x3c, 0x50, 0x34, 0x50, 0x3c,
    0x50, 0x3c, 0x50, 0x3c, 0x71, 0x3c, 0x50, 0x3c, 0x70, 0x3c, 0x50, 0x3c,
    0x70, 0x3c, 0x70, 0x3c, 0x70, 0x3c, 0x50, 0x3c, 0x70, 0x3c, 0x70, 0x3c,
    0x70, 0x3c, 0x70, 0x3c, 0x71, 0x3c, 0x71, 0x3c, 0x70, 0x3c, 0x71, 0x3c,
    0x6b, 0x44, 0x86, 0x4c, 0x50, 0x3c, 0xac, 0x53, 0x66, 0x82, 0x67, 0x82,
    0x66, 0x7a, 0x66, 0x7a, 0x66, 0x7a, 0x66, 0x7a, 0x67, 0x82, 0x86, 0x82,
    0x86, 0x82, 0x86, 0x82, 0x86, 0x82, 0xa5, 0x9a, 0xc5, 0x9a, 0xc5, 0x9a,
    0xc5, 0x9a, 0xc5, 0x9a, 0xc5, 0x9a, 0xc5, 0xa2, 0xc5, 0x9a, 0xc5, 0x9a,
    0xc5, 0x9a, 0xa5, 0x9a, 0xa5, 0x9a, 0xc5, 0x9a, 0xc5, 0x9a, 0xa5, 0x9a,
    0xa5, 0x92, 0xa5, 0x92, 0xc6, 0x92, 0xa5, 0x92, 0xc5, 0x9a, 0xe6, 0xa2,
    0xe5, 0xa2, 0x06, 0xa3, 0x06, 0xa3, 0x05, 0xa3, 0x05, 0xa3, 0xe5, 0xa2,
    0xe5, 0xa2, 0xe6, 0x9a, 0xc6, 0x9a, 0xc5, 0x9a, 0xc6, 0x9a, 0xa6, 0x92,
    0xc5, 0x92, 0xa6, 0x92, 0x41, 0xe3, 0xa0, 0xfb, 0xe0, 0xfb, 0x01, 0xfc,
    0x01, 0xfc, 0x21, 0xfc, 0xc7, 0xfc, 0x6d, 0xfd, 0xae, 0xfd, 0xcf, 0xfd,
    0x2a, 0xfd, 0xa6, 0xfc, 0xc7, 0xfc, 0xe8, 0xfc, 0xe8, 0xfc, 0xe8, 0xfc,
    0xe7, 0xfc, 0xe7, 0xfc, 0xc6, 0xfc, 0xa6, 0xfc, 0x85, 0xfc, 0x64, 0xfc,
    0x63, 0xfc, 0x42, 0xfc, 0x22, 0xfc, 0x01, 0xfc, 0x01, 0xfc, 0xc0, 0xf3,
    0xa0, 0xf3, 0x81, 0xf3, 0x80, 0xf3, 0x40, 0xeb, 0x20, 0xeb, 0x20, 0xe3,
    0x00, 0xe3, 0x20, 0xe3, 0x01, 0xeb, 0xd1, 0x54, 0xf1, 0x44, 0xf1, 0x44,
    0xf1, 0x44, 0xf1, 0x44, 0xf1, 0x4c, 0xf1, 0x44, 0xf1, 0x44, 0x11, 0x45,
    0xf1, 0x44, 0xf1, 0x44, 0xf0, 0x44, 0xf1, 0x44, 0xf1, 0x44, 0x32, 0x4d,
    0x95, 0x55, 0xf8, 0x5d, 0x19, 0x5e, 0x19, 0x5e, 0x19, 0x5e, 0xf9, 0x5d,
    0xd7, 0x5d, 0xb6, 0x55, 0x75, 0x4d, 0x73, 0x4d, 0x74, 0x4d, 0x95, 0x55,
    0xb6, 0x55, 0xd7, 0x55, 0xf8, 0x5d, 0xf8, 0x5d, 0x96, 0x55, 0x73, 0x4d,
    0x12, 0x4d, 0x32, 0x4d, 0x11, 0x45, 0x12, 0x45, 0xab, 0x7b, 0x42, 0xca,
    0x60, 0xda, 0xc1, 0xda, 0x41, 0xdb, 0x82, 0xfd, 0xa2, 0xf5, 0xa2, 0xf5,
    0x61, 0xfd, 0xc2, 0xfd, 0x03, 0xf6, 0x03, 0xfe, 0x03, 0xfe, 0x03, 0xfe,
    0x24, 0xfe, 0x24, 0xfe, 0x24, 0xf6, 0x44, 0xfe, 0x44, 0xfe, 0x44, 0xf6,
    0x44, 0xfe, 0x44, 0xfe, 0x44, 0xf6, 0x65, 0xfe, 0x45, 0xfe, 0x44, 0xf6,
    0x45, 0xfe, 0x64, 0xfe, 0x44, 0xfe, 0x65, 0xfe, 0x65, 0xfe, 0x45, 0xfe,
    0x65, 0xfe, 0x65, 0xfe, 0x65, 0xfe, 0x65, 0xfe, 0x64, 0xf6, 0x65, 0xfe,
    0x44, 0xf6, 0x45, 0xfe, 0x44, 0xfe, 0x44, 0xf6, 0x44, 0xfe, 0x44, 0xfe,
    0x24, 0xf6, 0x24, 0xfe, 0x23, 0xfe, 0x03, 0xfe, 0x04, 0xfe, 0x03, 0xfe,
    0x03, 0xfe, 0x02, 0xf5, 0xa0, 0xfc, 0xa0, 0xfc, 0xa0, 0xf4, 0xc0, 0xfc,
    0xa0, 0xf4, 0xa0, 0xf4, 0x80, 0xfc, 0x60, 0xfc, 0x60, 0xf4, 0x20, 0xf4,
    0x20, 0xf4, 0xe0, 0xf3, 0xe0, 0xf3, 0xc0, 0xf3, 0x80, 0xf3, 0x60, 0xeb,
    0x20, 0xeb, 0xe1, 0xe2, 0xc0, 0xe2, 0xa0, 0xda, 0x80, 0xd2, 0x60, 0xd2,
    0x40, 0xca, 0x40, 0xca, 0x40, 0xca, 0x20, 0xc2, 0x01, 0xc2, 0x21, 0xc2,
    0x80, 0xd2, 0xa0, 0xda, 0xa1, 0xda, 0xa0, 0xda, 0xa0, 0xda, 0x80, 0xda,
    0x81, 0xd2, 0x60, 0xd2, 0x20, 0xca, 0xa1, 0xb1, 0xa2, 0x99, 0x2e, 0x44,
    0x71, 0x34, 0x30, 0x3c, 0x50, 0x3c, 0x50, 0x3c, 0x50, 0x3c, 0x50, 0x3c,
    0x70, 0x3c, 0x50, 0x34, 0x50, 0x3c, 0x70, 0x3c, 0x70, 0x3c, 0x71, 0x3c,
    0x50, 0x3c, 0x50, 0x3c, 0x70, 0x3c, 0x70, 0x3c, 0x71, 0x3c, 0x70, 0x3c,
    0x70, 0x3c, 0x70, 0x3c, 0x70, 0x3c, 0x70, 0x3c, 0x70, 0x3c, 0x6e, 0x3c,
    0xa4, 0x54, 0x84, 0x4c, 0x67, 0x44, 0x89, 0x5b, 0x47, 0x82, 0x86, 0x7a,
    0x66, 0x7a, 0x67, 0x82, 0x87, 0x7a, 0xc7, 0x7a, 0x66, 0x82, 0x86, 0x82,
    0x86, 0x82, 0x86, 0x82, 0x86, 0x8a, 0xc5, 0x9a, 0xa5, 0x92, 0xc6, 0x9a,
    0xc5, 0x9a, 0xc5, 0x9a, 0xc5, 0x9a, 0xc5, 0x9a, 0xc5, 0x9a, 0xc5, 0x9a,
    0xc5, 0x9a, 0xc5, 0x9a, 0xc5, 0x9a, 0xc5, 0x9a, 0xc5, 0xa2, 0xc5, 0x9a,
    0x85, 0x92, 0xa5, 0x92, 0xa6, 0x92, 0xa6, 0x92, 0xa5, 0x92, 0xc5, 0x9a,
    0xe6, 0xa2, 0xe5, 0xa2, 0xe6, 0xa2, 0xe6, 0xa2, 0xe6, 0xa2, 0xe6, 0xa2,
    0xe5, 0x9a, 0xc6, 0x9a, 0xc6, 0x92, 0xc5, 0x92, 0xa6, 0x92, 0xa6, 0x92,
    0xa6, 0x8a, 0xc4, 0xaa, 0xa0, 0xf3, 0xc0, 0xfb, 0xc0, 0xfb, 0xe1, 0xfb,
    0x01, 0xfc, 0x22, 0xfc, 0x09, 0xfd, 0x8e, 0xfd, 0xae, 0xfd, 0x2a, 0xfd,
    0xa6, 0xfc, 0xa6, 0xfc, 0xe7, 0xfc, 0xe8, 0xfc, 0xe8, 0xfc, 0xe8, 0xfc,
    0xe8, 0xfc, 0xc7, 0xfc, 0xc7, 0xfc, 0xa6, 0xfc, 0x85, 0xfc, 0x64, 0xfc,
    0x63, 0xfc, 0x42, 0xfc, 0x22, 0xfc, 0x01, 0xfc, 0xc0, 0xf3, 0xc1, 0xfb,
    0xa0, 0xf3, 0x80, 0xf3, 0x60, 0xf3, 0x40, 0xeb, 0x20, 0xeb, 0xe1, 0xe2,
    0xe0, 0xe2, 0xe0, 0xda, 0x20, 0xe3, 0xc8, 0xa3, 0xf2, 0x44, 0xf1, 0x44,
    0xf0, 0x44, 0xf1, 0x44, 0xf0, 0x44, 0xf0, 0x44, 0xf0, 0x44, 0xf0, 0x4c,
    0xf0, 0x44, 0xf0, 0x44, 0xf0, 0x44, 0xf0, 0x44, 0xf1, 0x44, 0x11, 0x45,
    0x53, 0x4d, 0xb6, 0x55, 0xf8, 0x5d, 0xf9, 0x5d, 0xf8, 0x5d, 0xd7, 0x55,
    0x74, 0x4d, 0x53, 0x4d, 0x32, 0x4d, 0x32, 0x4d, 0x32, 0x4d, 0x33, 0x4d,
    0x53, 0x4d, 0x95, 0x55, 0xb6, 0x55, 0x95, 0x55, 0x53, 0x4d, 0x12, 0x4d,
    0x11, 0x45, 0xf1, 0x44, 0x11, 0x45, 0xf1, 0x44, 0xf1, 0x44, 0x12, 0x3d,
    0x6f, 0x5c, 0x28, 0x93, 0x81, 0xec, 0x83, 0xf5, 0xc2, 0xfd, 0xc2, 0xfd,
    0xc2, 0xf5, 0x81, 0xfd, 0xa1, 0xfd, 0xe3, 0xfd, 0x23, 0xf6, 0x23, 0xfe,
    0x04, 0xfe, 0x23, 0xf6, 0x24, 0xfe, 0x44, 0xf6, 0x24, 0xfe, 0x44, 0xfe,
    0x45, 0xfe, 0x44, 0xfe, 0x45, 0xfe, 0x65, 0xfe, 0x65, 0xfe, 0x44, 0xfe,
    0x65, 0xfe, 0x65, 0xfe, 0x44, 0xfe, 0x45, 0xfe, 0x45, 0xf6, 0x65, 0xfe,
    0x65, 0xfe, 0x45, 0xfe, 0x65, 0xfe, 0x65, 0xfe, 0x45, 0xfe, 0x45, 0xfe,
    0x64, 0xfe, 0x45, 0xfe, 0x44, 0xfe, 0x44, 0xf6, 0x44, 0xfe, 0x44, 0xfe,
    0x24, 0xfe, 0x24, 0xf6, 0x24, 0xfe, 0x23, 0xfe, 0x03, 0xfe, 0x03, 0xf6,
    0x03, 0xfe, 0x22, 0xf5, 0xa0, 0xfc, 0xa0, 0xfc, 0xa0, 0xfc, 0xa0, 0xf4,
    0xa0, 0xfc, 0xa0, 0xfc, 0x80, 0xf4, 0x40, 0xfc, 0x20, 0xf4, 0x00, 0xf4,
    0xe0, 0xf3, 0xe0, 0xf3, 0xc0, 0xf3, 0xc0, 0xf3, 0x80, 0xf3, 0x80, 0xeb,
    0x40, 0xeb, 0x00, 0xe3, 0xe0, 0xe2, 0xc0, 0xda, 0x80, 0xda, 0x80, 0xd2,
    0x60, 0xd2, 0x60, 0xca, 0x40, 0xca, 0x40, 0xca, 0x40, 0xc2, 0x20, 0xc2,
    0x20, 0xc2, 0x00, 0xc2, 0xe0, 0xb9, 0xe1, 0xb9, 0xc0, 0xb1, 0xc0, 0xb1,
    0xc0, 0xb1, 0xa0, 0xa9, 0xc3, 0x80, 0xc3, 0x88, 0xe3, 0x90, 0xa3, 0x98,
    0x65, 0x81, 0xeb, 0x5a, 0x70, 0x34, 0x70, 0x3c, 0x50, 0x34, 0x70, 0x34,
    0x50, 0x34, 0x50, 0x3c, 0x70, 0x3c, 0x50, 0x3c, 0x50, 0x3c, 0x70, 0x3c,
    0x50, 0x3c, 0x50, 0x3c, 0x70, 0x3c, 0x70, 0x3c, 0x70, 0x3c, 0x70, 0x3c,
    0x70, 0x3c, 0x70, 0x3c, 0x71, 0x3c, 0x70, 0x3c, 0x70, 0x3c, 0x6a, 0x4c,
    0xa5, 0x54, 0xa5, 0x54, 0x85, 0x4c, 0xa6, 0x63, 0x66, 0x7a, 0x66, 0x7a,
    0x86, 0x82, 0xa6, 0x72, 0xe5, 0x53, 0x25, 0x54, 0xc6, 0x7a, 0x87, 0x7a,
    0x66, 0x7a, 0x66, 0x82, 0xa5, 0x92, 0xa5, 0x92, 0xc5, 0x9a, 0xc5, 0x9a,
    0xc5, 0x9a, 0xc5, 0x9a, 0xc5, 0x9a, 0xc5, 0x9a, 0xc5, 0x9a, 0xa5, 0x9a,
    0xa5, 0x9a, 0xc5, 0x9a, 0xc5, 0xa2, 0xc5, 0xa2, 0xc5, 0x9a, 0xc5, 0x9a,
    0xa5, 0x92, 0xa5, 0x92, 0xa5, 0x92, 0xa5, 0x92, 0x85, 0x92, 0xa5, 0x92,
    0xc5, 0x9a, 0xe5, 0x9a, 0xe5, 0x9a, 0xe5, 0x9a, 0xe6, 0xa2, 0xc6, 0x9a,
    0xc5, 0x92, 0xa6, 0x92, 0xa5, 0x92, 0xa5, 0x92, 0xa5, 0x92, 0xa6, 0x8a,
    0x85, 0x8a, 0x01, 0xe3, 0x80, 0xf3, 0xc0, 0xfb, 0xc1, 0xfb, 0xc0, 0xfb,
    0x01, 0xfc, 0x22, 0xfc, 0x64, 0xfc, 0xe8, 0xfc, 0x86, 0xfc, 0x64, 0xfc,
    0xa6, 0xfc, 0xa6, 0xfc, 0xc7, 0xfc, 0xe8, 0xfc, 0xe8, 0xfc, 0xe8, 0xfc,
    0xe8, 0xfc, 0xc7, 0xfc, 0xc6, 0xfc, 0xa6, 0xfc, 0x85, 0xfc, 0x64, 0xfc,
    0x43, 0xfc, 0x22, 0xfc, 0x02, 0xfc, 0xe1, 0xfb, 0xc1, 0xfb, 0xc0, 0xf3,
    0xa0, 0xf3, 0x80, 0xf3, 0x41, 0xeb, 0x40, 0xeb, 0x00, 0xeb, 0x00, 0xe3,
    0xe0, 0xe2, 0xc0, 0xda, 0xe0, 0xe2, 0x02, 0xdb, 0x12, 0x3d, 0xd1, 0x44,
    0xd0, 0x44, 0xf0, 0x4c, 0xf0, 0x44, 0xf0, 0x44, 0xd0, 0x4c, 0xf0, 0x44,
    0xf0, 0x44, 0xf0, 0x44, 0xf0, 0x44, 0xf0, 0x44, 0xf0, 0x44, 0xf0, 0x44,
    0x11, 0x45, 0x74, 0x4d, 0xd7, 0x5d, 0xd8, 0x5d, 0xd7, 0x55, 0x74, 0x55,
    0x32, 0x4d, 0x11, 0x45, 0x11, 0x4d, 0x31, 0x4d, 0x11, 0x4d, 0x11, 0x45,
    0x12, 0x45, 0x32, 0x4d, 0x53, 0x4d, 0x32, 0x4d, 0x32, 0x4d, 0x11, 0x4d,
    0xf0, 0x44, 0xf0, 0x44, 0xf1, 0x44, 0x11, 0x4d, 0xf1, 0x44, 0xf1, 0x44,
    0xd1, 0x44, 0x6d, 0x74, 0x42, 0xf5, 0x62, 0xf5, 0xc2, 0xfd, 0xc3, 0xfd,
    0xe3, 0xf5, 0xe2, 0xfd, 0xa1, 0xfd, 0x80, 0xfd, 0xc2, 0xf5, 0x23, 0xfe,
    0x03, 0xfe, 0x24, 0xfe, 0x23, 0xfe, 0x24, 0xfe, 0x24, 0xfe, 0x24, 0xfe,
    0x44, 0xf6, 0x44, 0xfe, 0x44, 0xfe, 0x65, 0xfe, 0x44, 0xfe, 0x64, 0xfe,
    0x45, 0xfe, 0x44, 0xfe, 0x44, 0xfe, 0x65, 0xfe, 0x65, 0xfe, 0x45, 0xfe,
    0x64, 0xfe, 0x65, 0xfe, 0x45, 0xfe, 0x44, 0xfe, 0x44, 0xf6, 0x65, 0xfe,
    0x44, 0xfe, 0x45, 0xfe, 0x44, 0xfe, 0x44, 0xfe, 0x44, 0xfe, 0x24, 0xfe,
    0x24, 0xfe, 0x23, 0xfe, 0x23, 0xf6, 0x04, 0xfe, 0x03, 0xfe, 0x03, 0xf6,
    0x03, 0xfe, 0x22, 0xf5, 0xa0, 0xf4, 0xa0, 0xfc, 0xa0, 0xfc, 0xc0, 0xfc,
    0xa0, 0xfc, 0x80, 0xfc, 0x20, 0xf4, 0xe0, 0xf3, 0xe0, 0xf3, 0xa0, 0xf3,
    0xa0, 0xf3, 0xa0, 0xf3, 0xe0, 0xf3, 0xc0, 0xf3, 0xa0, 0xf3, 0x81, 0xeb,
    0x60, 0xeb, 0x40, 0xeb, 0x00, 0xe3, 0xc0, 0xe2, 0xc0, 0xda, 0x80, 0xda,
    0x80, 0xd2, 0x60, 0xd2, 0x60, 0xd2, 0x40, 0xca, 0x40, 0xca, 0x40, 0xca,
    0x20, 0xca, 0x20, 0xc2, 0x20, 0xc2, 0x00, 0xc2, 0x00, 0xba, 0x00, 0xba,
    0x00, 0xba, 0x20, 0xba, 0xe3, 0x90, 0xe3, 0x88, 0xc3, 0x88, 0xe3, 0x90,
    0xc3, 0x90, 0xe3, 0x90, 0xc3, 0x90, 0xe7, 0x79, 0x0f, 0x44, 0x71, 0x34,
    0x70, 0x3c, 0x70, 0x3c, 0x70, 0x3c, 0x50, 0x34, 0x70, 0x3c, 0x50, 0x3c,
    0x70, 0x3c, 0x70, 0x3c, 0x70, 0x3c, 0x70, 0x3c, 0x70, 0x44, 0x71, 0x3c,
    0x70, 0x3c, 0x70, 0x44, 0x70, 0x3c, 0x70, 0x3c, 0x70, 0x3c, 0x87, 0x4c,
    0xa5, 0x4c, 0x84, 0x4c, 0x85, 0x54, 0x86, 0x63, 0x66, 0x7a, 0x86, 0x82,
    0x86, 0x7a, 0x06, 0x54, 0x45, 0x4c, 0x66, 0x4c, 0xe6, 0x72, 0x86, 0x82,
    0x66, 0x7a, 0x86, 0x82, 0xa5, 0x92, 0xc5, 0x9a, 0xc6, 0x9a, 0xc5, 0x9a,
    0xc5, 0x9a, 0xc5, 0x9a, 0xc6, 0x9a, 0xa5, 0x9a, 0xa5, 0x9a, 0xc5, 0x9a,
    0xc5, 0x9a, 0xa5, 0x9a, 0xc5, 0x9a, 0xa5, 0x9a, 0xc5, 0x9a, 0xc5, 0x9a,
    0x85, 0x8a, 0x85, 0x8a, 0x85, 0x92, 0xa6, 0x92, 0x85, 0x8a, 0x85, 0x92,
    0xa6, 0x92, 0xa5, 0x92, 0xc5, 0x9a, 0xc6, 0x9a, 0xa5, 0x92, 0xa5, 0x92,
    0x85, 0x8a, 0xa5, 0x92, 0x85, 0x8a, 0x86, 0x8a, 0x85, 0x92, 0x85, 0x92,
    0x84, 0xa2, 0x60, 0xf3, 0x80, 0xf3, 0xa0, 0xf3, 0xc0, 0xfb, 0xe1, 0xfb,
    0x01, 0xfc, 0x22, 0xfc, 0x22, 0xfc, 0x22, 0xfc, 0x63, 0xfc, 0x64, 0xfc,
    0x85, 0xfc, 0xa7, 0xfc, 0xc7, 0xfc, 0xc7, 0xfc, 0xc8, 0xfc, 0xe8, 0xfc,
    0xc8, 0xfc, 0xc7, 0xfc, 0xc6, 0xfc, 0xa6, 0xfc, 0x84, 0xfc, 0x64, 0xfc,
    0x43, 0xfc, 0x22, 0xfc, 0x01, 0xfc, 0xe1, 0xfb, 0xc1, 0xf3, 0xa0, 0xf3,
    0x80, 0xf3, 0x60, 0xf3, 0x40, 0xeb, 0x20, 0xeb, 0x00, 0xeb, 0xe0, 0xe2,
    0xc0, 0xe2, 0xc0, 0xda, 0xc0, 0xda, 0xe0, 0xe2, 0x0d, 0x74, 0xd1, 0x44,
    0xd0, 0x44, 0xf1, 0x44, 0xd0, 0x44, 0xd0, 0x4c, 0xf1, 0x44, 0xf0, 0x4c,
    0xf0, 0x4c, 0xf0, 0x44, 0xf0, 0x4c, 0xf0, 0x44, 0xf0, 0x44, 0x10, 0x45,
    0xf1, 0x44, 0x52, 0x4d, 0x74, 0x4d, 0x95, 0x55, 0x74, 0x55, 0x32, 0x4d,
    0x11, 0x45, 0x11, 0x45, 0x11, 0x4d, 0x11, 0x4d, 0xf1, 0x44, 0x11, 0x45,
    0x11, 0x45, 0x11, 0x45, 0x11, 0x4d, 0x11, 0x45, 0xf0, 0x4c, 0x11, 0x45,
    0x10, 0x4d, 0xf0, 0x44, 0xf0, 0x44, 0xf0, 0x4c, 0xf0, 0x44, 0xf0, 0x44,
    0xf1, 0x44, 0x25, 0xbc, 0x82, 0xf5, 0x82, 0xf5, 0xc2, 0xf5, 0xe3, 0xfd,
    0xe3, 0xf5, 0xe3, 0xf5, 0x03, 0xfe, 0xe2, 0xf5, 0x81, 0xfd, 0x81, 0xfd,
    0xe2, 0xfd, 0x24, 0xf6, 0x24, 0xf6, 0x44, 0xfe, 0x44, 0xfe, 0x44, 0xfe,
    0x44, 0xfe, 0x44, 0xfe, 0x45, 0xfe, 0x44, 0xfe, 0x64, 0xf6, 0x45, 0xfe,
    0x65, 0xfe, 0x65, 0xfe, 0x44, 0xf6, 0x65, 0xfe, 0x44, 0xfe, 0x44, 0xf6,
    0x65, 0xfe, 0x45, 0xfe, 0x65, 0xfe, 0x65, 0xfe, 0x45, 0xfe, 0x65, 0xfe,
    0x44, 0xfe, 0x44, 0xfe, 0x45, 0xfe, 0x44, 0xfe, 0x24, 0xfe, 0x44, 0xf6,
    0x24, 0xfe, 0x23, 0xfe, 0x23, 0xfe, 0x03, 0xf6, 0x03, 0xfe, 0x03, 0xfe,
    0x03, 0xfe, 0x22, 0xf5, 0xa0, 0xf4, 0xc0, 0xfc, 0xc0, 0xfc, 0xa0, 0xf4,
    0xa0, 0xfc, 0x80, 0xf4, 0xe0, 0xf3, 0xe0, 0xfb, 0xc0, 0xf3, 0xc1, 0xf3,
    0xa0, 0xf3, 0x80, 0xf3, 0x80, 0xf3, 0xe0, 0xf3, 0xa0, 0xf3, 0x80, 0xeb,
    0x80, 0xeb, 0x40, 0xeb, 0x20, 0xeb, 0x00, 0xe3, 0xe0, 0xe2, 0xc0, 0xda,
    0xa1, 0xda, 0x80, 0xda, 0x80, 0xd2, 0x60, 0xd2, 0x40, 0xca, 0x40, 0xca,
    0x40, 0xca, 0x20, 0xc2, 0x00, 0xc2, 0x20, 0xc2, 0x00, 0xc2, 0x00, 0xba,
    0x00, 0xba, 0x00, 0xba, 0x62, 0xa1, 0xe3, 0x88, 0xe3, 0x88, 0xe3, 0x90,
    0xe3, 0x90, 0xe4, 0x90, 0xe4, 0x98, 0x04, 0x99, 0xa3, 0xa0, 0xa7, 0x89,
    0x0f, 0x44, 0x91, 0x34, 0x71, 0x3c, 0x70, 0x3c, 0x50, 0x3c, 0x50, 0x3c,
    0x50, 0x3c, 0x70, 0x3c, 0x70, 0x3c, 0x70, 0x44, 0x70, 0x3c, 0x70, 0x3c,
    0x91, 0x44, 0x91, 0x44, 0x70, 0x3c, 0x90, 0x3c, 0x90, 0x3c, 0x85, 0x4c,
    0x85, 0x54, 0x85, 0x4c, 0x85, 0x4c, 0x65, 0x63, 0x66, 0x7a, 0x67, 0x7a,
    0x26, 0x6b, 0x65, 0x4c, 0x65, 0x4c, 0x45, 0x4c, 0xe6, 0x72, 0x66, 0x7a,
    0x66, 0x7a, 0x85, 0x82, 0xc5, 0x92, 0xc6, 0x9a, 0xc5, 0x9a, 0xc5, 0x9a,
    0xc5, 0x9a, 0xc5, 0x9a, 0xc5, 0x9a, 0xc5, 0x9a, 0xc5, 0x9a, 0xc5, 0x9a,
    0xc5, 0xa2, 0xa5, 0x9a, 0xc5, 0x9a, 0xc5, 0x9a, 0xa4, 0x9a, 0xa5, 0x9a,
    0x86, 0x92, 0x86, 0x8a, 0xa5, 0x8a, 0xa6, 0x92, 0xa5, 0x92, 0xa5, 0x92,
    0x85, 0x92, 0xa5, 0x92, 0xa6, 0x92, 0x85, 0x92, 0xa5, 0x92, 0xa6, 0x92,
    0x85, 0x8a, 0x85, 0x8a, 0x85, 0x8a, 0x85, 0x8a, 0x85, 0x8a, 0x65, 0x8a,
    0xa2, 0xba, 0x40, 0xf3, 0x80, 0xfb, 0xa0, 0xf3, 0xc0, 0xf3, 0xe1, 0xfb,
    0xe1, 0xfb, 0x01, 0xfc, 0x23, 0xfc, 0x43, 0xfc, 0x44, 0xfc, 0x64, 0xfc,
    0x85, 0xfc, 0x86, 0xfc, 0xa6, 0xfc, 0xc7, 0xfc, 0xc7, 0xfc, 0xc7, 0xfc,
    0xa7, 0xfc, 0xa6, 0xfc, 0xa6, 0xfc, 0x65, 0xfc, 0x64, 0xfc, 0x43, 0xfc,
    0x23, 0xfc, 0x02, 0xfc, 0xe1, 0xfb, 0xc1, 0xf3, 0xa1, 0xf3, 0x80, 0xfb,
    0x80, 0xf3, 0x60, 0xf3, 0x20, 0xeb, 0x20, 0xeb, 0x00, 0xe3, 0xe1, 0xe2,
    0xc0, 0xda, 0xa0, 0xda, 0xa1, 0xda, 0xc0, 0xe2, 0x46, 0xab, 0xf1, 0x3c,
    0xd0, 0x44, 0xd0, 0x44, 0xd0, 0x44, 0xf0, 0x4c, 0xf0, 0x44, 0xf0, 0x44,
    0xf1, 0x4c, 0xf0, 0x44, 0xf0, 0x4c, 0xf0, 0x4c, 0xf0, 0x4c, 0xf0, 0x4c,
    0xf0, 0x4c, 0x11, 0x4d, 0x31, 0x4d, 0x32, 0x4d, 0x31, 0x4d, 0x11, 0x45,
    0x11, 0x45, 0xf0, 0x4c, 0x10, 0x4d, 0x11, 0x45, 0xf0, 0x44, 0xf0, 0x4c,
    0xf0, 0x44, 0xf0, 0x44, 0xf0, 0x4c, 0xf0, 0x44, 0xf0, 0x44, 0xf0, 0x44,
    0xf1, 0x4c, 0xf0, 0x44, 0xf0, 0x44, 0xf1, 0x4c, 0xf0, 0x44, 0xf0, 0x44,
    0xd0, 0x44, 0xc2, 0xec, 0x82, 0xf5, 0xa2, 0xf5, 0xa2, 0xf5, 0xc2, 0xfd,
    0xe3, 0xfd, 0xe3, 0xf5, 0xe3, 0xfd, 0x03, 0xfe, 0x03, 0xf6, 0xe2, 0xfd,
    0xa1, 0xfd, 0x81, 0xfd, 0xe2, 0xfd, 0x23, 0xf6, 0x44, 0xf6, 0x44, 0xfe,
    0x24, 0xfe, 0x44, 0xf6, 0x44, 0xfe, 0x44, 0xfe, 0x45, 0xfe, 0x44, 0xfe,
    0x44, 0xfe, 0x65, 0xfe, 0x45, 0xfe, 0x64, 0xfe, 0x45, 0xfe, 0x65, 0xfe,
    0x45, 0xfe, 0x44, 0xfe, 0x44, 0xf6, 0x45, 0xfe, 0x44, 0xfe, 0x44, 0xf6,
    0x45, 0xfe, 0x44, 0xfe, 0x24, 0xf6, 0x44, 0xfe, 0x24, 0xfe, 0x44, 0xfe,
    0x24, 0xf6, 0x23, 0xfe, 0x04, 0xfe, 0x23, 0xfe, 0x03, 0xfe, 0x03, 0xf6,
    0xe3, 0xfd, 0x61, 0xfd, 0x80, 0xf4, 0xa0, 0xfc, 0xa0, 0xfc, 0xa0, 0xfc,
    0x80, 0xfc, 0x60, 0xf4, 0xe0, 0xf3, 0xe0, 0xf3, 0xc0, 0xf3, 0xc0, 0xf3,
    0xa0, 0xf3, 0x80, 0xf3, 0x60, 0xeb, 0xc0, 0xf3, 0xc0, 0xf3, 0xa0, 0xf3,
    0x80, 0xeb, 0x60, 0xeb, 0x41, 0xeb, 0x20, 0xeb, 0x00, 0xe3, 0xc0, 0xe2,
    0xc0, 0xda, 0xa0, 0xda, 0xa0, 0xda, 0x81, 0xd2, 0x60, 0xca, 0x40, 0xca,
    0x41, 0xca, 0x20, 0xca, 0x20, 0xc2, 0x21, 0xc2, 0x20, 0xc2, 0x00, 0xc2,
    0x00, 0xc2, 0x00, 0xba, 0x00, 0xba, 0xc3, 0x80, 0xe3, 0x88, 0xe3, 0x90,
    0xe4, 0x90, 0xe3, 0x90, 0x04, 0x99, 0x03, 0x99, 0xe4, 0xa0, 0xe4, 0xa0,
    0xc3, 0xa8, 0x89, 0x72, 0x91, 0x34, 0x50, 0x3c, 0x50, 0x3c, 0x50, 0x3c,
    0x70, 0x3c, 0x50, 0x3c, 0x70, 0x3c, 0x70, 0x3c, 0x70, 0x44, 0x70, 0x3c,
    0x70, 0x3c, 0x71, 0x44, 0x70, 0x3c, 0x70, 0x44, 0x90, 0x3c, 0x85, 0x4c,
    0x85, 0x54, 0x85, 0x4c, 0x64, 0x4c, 0x85, 0x63, 0x66, 0x7a, 0xa6, 0x7a,
    0x05, 0x54, 0x45, 0x4c, 0x65, 0x4c, 0x44, 0x4c, 0xe6, 0x72, 0x66, 0x82,
    0x66, 0x82, 0xa5, 0x8a, 0xc6, 0x9a, 0xc5, 0x92, 0xc5, 0x92, 0xc5, 0x92,
    0xc5, 0x9a, 0xc5, 0x9a, 0xc5, 0x9a, 0xa5, 0x9a, 0xc5, 0x9a, 0xc5, 0x9a,
    0xa5, 0x9a, 0xc5, 0x9a, 0xc5, 0x9a, 0xa5, 0x9a, 0xa5, 0x9a, 0xc5, 0x9a,
    0x85, 0x8a, 0x85, 0x92, 0xa5, 0x8a, 0x85, 0x92, 0x85, 0x8a, 0x85, 0x92,
    0x86, 0x92, 0xa5, 0x92, 0x85, 0x92, 0xa5, 0x8a, 0x85, 0x8a, 0x65, 0x8a,
    0x86, 0x8a, 0x66, 0x8a, 0x86, 0x8a, 0x85, 0x8a, 0x85, 0x8a, 0x65, 0x8a,
    0xe1, 0xe2, 0x40, 0xf3, 0x80, 0xf3, 0xa0, 0xfb, 0xa0, 0xfb, 0xc0, 0xfb,
    0xe1, 0xfb, 0x01, 0xfc, 0x22, 0xfc, 0x43, 0xfc, 0x43, 0xfc, 0x44, 0xfc,
    0x65, 0xfc, 0x85, 0xfc, 0x85, 0xfc, 0x86, 0xfc, 0xa6, 0xfc, 0x86, 0xfc,
    0xa6, 0xfc, 0x85, 0xfc, 0x65, 0xfc, 0x64, 0xfc, 0x23, 0xfc, 0x23, 0xfc,
    0x02, 0xfc, 0xe1, 0xfb, 0xc1, 0xfb, 0xc1, 0xf3, 0xa0, 0xf3, 0x80, 0xf3,
    0x61, 0xf3, 0x40, 0xf3, 0x20, 0xeb, 0x00, 0xeb, 0xe0, 0xe2, 0xc0, 0xe2,
    0xa0, 0xda, 0xa0, 0xda, 0x80, 0xda, 0xa0, 0xe2, 0xa2, 0xda, 0xf1, 0x3c,
    0xb0, 0x44, 0xf0, 0x44, 0xd0, 0x44, 0xf0, 0x44, 0xf0, 0x44, 0xf0, 0x4c,
    0xd0, 0x44, 0xf0, 0x44, 0xf0, 0x4c, 0xf0, 0x44, 0xf0, 0x44, 0xd0, 0x44,
    0xf0, 0x44, 0xf0, 0x4c, 0x10, 0x45, 0x11, 0x45, 0xf0, 0x44, 0xf0, 0x44,
    0xf0, 0x4c, 0xf0, 0x44, 0xf0, 0x44, 0xf0, 0x44, 0xf0, 0x44, 0xf0, 0x4c,
    0xf0, 0x44, 0xf0, 0x44, 0xf0, 0x4c, 0xf0, 0x4c, 0xf0, 0x44, 0xf0, 0x4c,
    0xf0, 0x44, 0xf0, 0x44, 0xf0, 0x4c, 0xf0, 0x4c, 0xd0, 0x44, 0xd0, 0x44,
    0x6b, 0x74, 0x62, 0xfd, 0x82, 0xf5, 0xa2, 0xf5, 0xc2, 0xfd, 0xc3, 0xf5,
    0xe2, 0xfd, 0xe3, 0xfd, 0x03, 0xf6, 0x03, 0xfe, 0x03, 0xfe, 0x03, 0xf6,
    0x23, 0xf6, 0x02, 0xfe, 0xc1, 0xfd, 0xa0, 0xfd, 0xa1, 0xfd, 0xe2, 0xfd,
    0x23, 0xfe, 0x44, 0xfe, 0x44, 0xf6, 0x44, 0xfe, 0x44, 0xfe, 0x44, 0xfe,
    0x64, 0xfe, 0x44, 0xfe, 0x45, 0xfe, 0x44, 0xfe, 0x65, 0xfe, 0x45, 0xfe,
    0x65, 0xfe, 0x44, 0xfe, 0x65, 0xf6, 0x44, 0xfe, 0x45, 0xfe, 0x44, 0xfe,
    0x44, 0xfe, 0x44, 0xf6, 0x44, 0xfe, 0x24, 0xfe, 0x24, 0xfe, 0x24, 0xfe,
    0x23, 0xfe, 0x03, 0xf6, 0x03, 0xfe, 0x03, 0xfe, 0x03, 0xfe, 0x03, 0xfe,
    0xe2, 0xf5, 0x82, 0xf5, 0x60, 0xf4, 0x80, 0xfc, 0xa0, 0xf4, 0xa0, 0xf4,
    0x80, 0xfc, 0x60, 0xfc, 0x00, 0xf4, 0xe0, 0xf3, 0xc0, 0xf3, 0xc0, 0xf3,
    0x80, 0xf3, 0x80, 0xf3, 0x60, 0xeb, 0xa0, 0xeb, 0xc1, 0xf3, 0xa0, 0xf3,
    0x80, 0xf3, 0x80, 0xeb, 0x60, 0xeb, 0x40, 0xeb, 0x20, 0xeb, 0x00, 0xe3,
    0xc0, 0xe2, 0xc0, 0xda, 0xa0, 0xda, 0x80, 0xda, 0x80, 0xd2, 0x60, 0xd2,
    0x40, 0xca, 0x40, 0xca, 0x40, 0xca, 0x20, 0xca, 0x20, 0xc2, 0x20, 0xc2,
    0x00, 0xc2, 0x00, 0xc2, 0x21, 0xc2, 0x23, 0x91, 0xc3, 0x88, 0xe3, 0x90,
    0xe3, 0x90, 0x04, 0x91, 0x04, 0x99, 0xe3, 0x98, 0xe3, 0xa0, 0xe3, 0xa0,
    0xe4, 0xa0, 0xe3, 0xa8, 0xe6, 0x89, 0x71, 0x34, 0x50, 0x3c, 0x50, 0x3c,
    0x50, 0x3c, 0x70, 0x3c, 0x70, 0x3c, 0x70, 0x44, 0x70, 0x3c, 0x70, 0x3c,
    0x70, 0x44, 0x70, 0x3c, 0x70, 0x3c, 0x70, 0x3c, 0x90, 0x44, 0x85, 0x4c,
    0x85, 0x54, 0x85, 0x54, 0x85, 0x4c, 0xa5, 0x5b, 0x67, 0x7a, 0x06, 0x6b,
    0x44, 0x44, 0x45, 0x4c, 0x65, 0x4c, 0x65, 0x4c, 0xe5, 0x72, 0x86, 0x82,
    0x66, 0x7a, 0xa5, 0x92, 0xc5, 0x92, 0xc5, 0x92, 0xc5, 0x9a, 0xa6, 0x92,
    0xc5, 0x9a, 0xa5, 0x9a, 0xc5, 0x9a, 0xc5, 0x9a, 0xc5, 0x9a, 0xc5, 0x9a,
    0xc5, 0x9a, 0xa5, 0x9a, 0xa5, 0x9a, 0xa5, 0x9a, 0xa5, 0x9a, 0xa5, 0x9a,
    0x85, 0x8a, 0x85, 0x8a, 0xa5, 0x92, 0x85, 0x92, 0x85, 0x92, 0xa6, 0x8a,
    0x85, 0x92, 0x85, 0x92, 0x85, 0x8a, 0x85, 0x8a, 0x65, 0x8a, 0x66, 0x8a,
    0x65, 0x8a, 0x85, 0x8a, 0x65, 0x8a, 0x65, 0x92, 0x64, 0x8a, 0x65, 0x8a,
    0x00, 0xf3, 0x40, 0xf3, 0x81, 0xf3, 0x80, 0xf3, 0xa0, 0xfb, 0xc1, 0xfb,
    0xe1, 0xfb, 0x01, 0xfc, 0x01, 0xfc, 0x22, 0xfc, 0x22, 0xfc, 0x43, 0xfc,
    0x64, 0xfc, 0x64, 0xfc, 0x65, 0xfc, 0x85, 0xfc, 0x85, 0xfc, 0x65, 0xfc,
    0x65, 0xfc, 0x64, 0xfc, 0x44, 0xfc, 0x44, 0xfc, 0x23, 0xfc, 0x02, 0xfc,
    0xe2, 0xfb, 0xe1, 0xfb, 0xc1, 0xfb, 0xa1, 0xf3, 0x80, 0xf3, 0x80, 0xf3,
    0x40, 0xf3, 0x20, 0xeb, 0x20, 0xeb, 0x01, 0xeb, 0xe0, 0xe2, 0xc0, 0xe2,
    0xa0, 0xda, 0x80, 0xda, 0x60, 0xda, 0xa0, 0xda, 0xa1, 0xda, 0x6e, 0x5c,
    0xb0, 0x44, 0xd0, 0x44, 0xd0, 0x44, 0xd0, 0x44, 0xf0, 0x4c, 0xf0, 0x4c,
    0xf0, 0x44, 0xf0, 0x4c, 0xf0, 0x44, 0xf0, 0x4c, 0xf0, 0x4c, 0xf0, 0x4c,
    0xf0, 0x44, 0xf0, 0x44, 0xf0, 0x4c, 0xf0, 0x4c, 0xf0, 0x44, 0xf0, 0x4c,
    0xf0, 0x4c, 0xf0, 0x44, 0xd0, 0x44, 0xf0, 0x4c, 0xf0, 0x44, 0xf0, 0x4c,
    0xf0, 0x44, 0xf0, 0x4c, 0xf0, 0x44, 0xf0, 0x44, 0xf0, 0x4c, 0xf0, 0x4c,
    0xf0, 0x4c, 0xf0, 0x44, 0xf0, 0x4c, 0xf0, 0x44, 0xd0, 0x44, 0xd0, 0x44,
    0x26, 0xa4, 0x61, 0xf5, 0x82, 0xf5, 0xa2, 0xf5, 0xa2, 0xf5, 0xc3, 0xfd,
    0xe3, 0xf5, 0xe3, 0xfd, 0x03, 0xfe, 0x03, 0xf6, 0x03, 0xfe, 0x03, 0xfe,
    0x03, 0xfe, 0x23, 0xfe, 0x23, 0xfe, 0x23, 0xfe, 0xe3, 0xfd, 0xc1, 0xfd,
    0xa1, 0xfd, 0xa1, 0xfd, 0xc1, 0xfd, 0x03, 0xfe, 0x23, 0xf6, 0x44, 0xfe,
    0x44, 0xf6, 0x44, 0xf6, 0x44, 0xfe, 0x44, 0xfe, 0x44, 0xf6, 0x45, 0xfe,
    0x44, 0xfe, 0x45, 0xfe, 0x44, 0xfe, 0x44, 0xfe, 0x44, 0xfe, 0x45, 0xfe,
    0x44, 0xfe, 0x25, 0xfe, 0x24, 0xfe, 0x24, 0xfe, 0x24, 0xf6, 0x03, 0xfe,
    0x23, 0xfe, 0x03, 0xfe, 0x03, 0xfe, 0x03, 0xfe, 0xe3, 0xf5, 0xe3, 0xfd,
    0xe3, 0xfd, 0xa2, 0xf5, 0x40, 0xfc, 0x80, 0xfc, 0x80, 0xf4, 0x80, 0xfc,
    0x80, 0xf4, 0x60, 0xfc, 0xc0, 0xf3, 0xe0, 0xf3, 0xc0, 0xf3, 0xa0, 0xf3,
    0xa0, 0xf3, 0x80, 0xf3, 0x80, 0xf3, 0xc0, 0xf3, 0xe0, 0xf3, 0xc0, 0xf3,
    0x80, 0xf3, 0x80, 0xeb, 0x60, 0xeb, 0x40, 0xeb, 0x40, 0xeb, 0x21, 0xe3,
    0x00, 0xe3, 0xe0, 0xe2, 0xc0, 0xda, 0xa0, 0xda, 0x80, 0xda, 0x80, 0xd2,
    0x60, 0xd2, 0x60, 0xca, 0x40, 0xca, 0x40, 0xca, 0x20, 0xc2, 0x21, 0xc2,
    0x20, 0xc2, 0x20, 0xc2, 0x20, 0xc2, 0xe1, 0xb9, 0xc3, 0x88, 0xe3, 0x88,
    0xe3, 0x90, 0x04, 0x99, 0x03, 0x99, 0x04, 0x99, 0x04, 0xa1, 0x04, 0xa1,
    0x04, 0xa9, 0x04, 0xa1, 0x04, 0xa9, 0xc7, 0x91, 0x91, 0x34, 0x70, 0x3c,
    0x70, 0x3c, 0x70, 0x3c, 0x50, 0x3c, 0x70, 0x44, 0x70, 0x3c, 0x70, 0x44,
    0x71, 0x44, 0x70, 0x3c, 0x91, 0x44, 0x91, 0x44, 0x6f, 0x44, 0x85, 0x4c,
    0x84, 0x4c, 0x84, 0x4c, 0x65, 0x54, 0xc5, 0x53, 0x67, 0x7a, 0xa5, 0x5b,
    0x45, 0x4c, 0x45, 0x4c, 0x65, 0x4c, 0x45, 0x4c, 0xe5, 0x72, 0x85, 0x7a,
    0x86, 0x7a, 0xa6, 0x92, 0xa5, 0x92, 0xc5, 0x92, 0xc5, 0x9a, 0xa5, 0x92,
    0xc5, 0x9a, 0xc5, 0x9a, 0xc5, 0x9a, 0xa5, 0x9a, 0xa5, 0x9a, 0xa5, 0x9a,
    0xc5, 0x9a, 0xc5, 0x9a, 0xa5, 0x9a, 0xa4, 0x9a, 0xa5, 0x9a, 0xa5, 0x9a,
    0x85, 0x8a, 0x85, 0x8a, 0x85, 0x8a, 0x85, 0x92, 0x85, 0x8a, 0x85, 0x8a,
    0x85, 0x92, 0x85, 0x8a, 0x86, 0x8a, 0x85, 0x8a, 0x65, 0x8a, 0x65, 0x82,
    0x65, 0x8a, 0x65, 0x8a, 0x65, 0x8a, 0x65, 0x8a, 0x65, 0x8a, 0x84, 0x9a,
    0x00, 0xf3, 0x20, 0xf3, 0x60, 0xf3, 0x60, 0xf3, 0xa0, 0xf3, 0xa1, 0xfb,
    0xc1, 0xfb, 0xe1, 0xfb, 0xe1, 0xfb, 0x02, 0xfc, 0x02, 0xfc, 0x22, 0xfc,
    0x43, 0xfc, 0x44, 0xfc, 0x44, 0xfc, 0x64, 0xfc, 0x44, 0xfc, 0x44, 0xfc,
    0x44, 0xfc, 0x43, 0xfc, 0x23, 0xfc, 0x23, 0xfc, 0x02, 0xfc, 0xe2, 0xfb,
    0xe2, 0xfb, 0xc1, 0xf3, 0xa1, 0xfb, 0x80, 0xf3, 0x60, 0xf3, 0x60, 0xf3,
    0x21, 0xf3, 0x20, 0xeb, 0x00, 0xeb, 0xe0, 0xe2, 0xe0, 0xe2, 0xa0, 0xe2,
    0x80, 0xda, 0x61, 0xd2, 0x60, 0xd2, 0x80, 0xda, 0x80, 0xda, 0xec, 0x73,
    0xd0, 0x3c, 0xb0, 0x44, 0xd0, 0x4c, 0xd0, 0x44, 0xf0, 0x44, 0xf0, 0x44,
    0xd0, 0x44, 0xf0, 0x4c, 0xef, 0x44, 0xf0, 0x4c, 0xef, 0x4c, 0xef, 0x4c,
    0xcf, 0x44, 0xef, 0x4c, 0xef, 0x4c, 0xef, 0x4c, 0xd0, 0x4c, 0xef, 0x4c,
    0xf0, 0x44, 0xef, 0x4c, 0xf0, 0x4c, 0xef, 0x4c, 0xf0, 0x4c, 0xf0, 0x44,
    0xf0, 0x44, 0xf0, 0x4c, 0xf0, 0x4c, 0xd0, 0x44, 0xf0, 0x4c, 0xf0, 0x44,
    0xf0, 0x44, 0xf0, 0x4c, 0xf0, 0x4c, 0xf0, 0x4c, 0xef, 0x4c, 0xf0, 0x3c,
    0x22, 0xdc, 0x62, 0xf5, 0x82, 0xf5, 0xa2, 0xfd, 0xc2, 0xf5, 0xc2, 0xfd,
    0xe3, 0xf5, 0xe2, 0xfd, 0xe2, 0xf5, 0x03, 0xfe, 0x03, 0xfe, 0x03, 0xfe,
    0x03, 0xfe, 0x03, 0xfe, 0x24, 0xf6, 0x23, 0xf6, 0x24, 0xfe, 0x23, 0xfe,
    0x23, 0xf6, 0x03, 0xfe, 0xc2, 0xfd, 0xc1, 0xfd, 0xa1, 0xfd, 0xa1, 0xfd,
    0xa1, 0xfd, 0xe2, 0xfd, 0x03, 0xfe, 0x03, 0xfe, 0x24, 0xfe, 0x24, 0xf6,
    0x44, 0xfe, 0x44, 0xf6, 0x44, 0xf6, 0x45, 0xfe, 0x44, 0xf6, 0x44, 0xf6,
    0x44, 0xfe, 0x24, 0xfe, 0x44, 0xfe, 0x23, 0xf6, 0x24, 0xf6, 0x23, 0xfe,
    0x03, 0xfe, 0x03, 0xf6, 0xe3, 0xfd, 0xc2, 0xfd, 0xa2, 0xf5, 0x81, 0xfd,
    0x61, 0xfd, 0x61, 0xf5, 0x40, 0xf4, 0x80, 0xfc, 0x80, 0xfc, 0x80, 0xfc,
    0x80, 0xf4, 0x60, 0xf4, 0x40, 0xf4, 0xc0, 0xf3, 0xa0, 0xf3, 0xa0, 0xf3,
    0xa0, 0xf3, 0x80, 0xeb, 0x80, 0xeb, 0xe0, 0xf3, 0xe0, 0xf3, 0xc0, 0xf3,
    0xa0, 0xf3, 0x80, 0xeb, 0x60, 0xeb, 0x60, 0xeb, 0x40, 0xeb, 0x20, 0xeb,
    0x00, 0xe3, 0x00, 0xe3, 0xc0, 0xe2, 0xa0, 0xda, 0xa1, 0xda, 0xa0, 0xda,
    0x60, 0xd2, 0x61, 0xd2, 0x60, 0xd2, 0x40, 0xca, 0x40, 0xca, 0x20, 0xca,
    0x20, 0xc2, 0x20, 0xc2, 0x20, 0xc2, 0x20, 0xc2, 0x03, 0x91, 0xe3, 0x90,
    0xe3, 0x90, 0xe3, 0x90, 0x04, 0x99, 0x04, 0xa1, 0x03, 0xa1, 0x04, 0xa1,
    0x03, 0xa1, 0x04, 0xa1, 0x24, 0xa1, 0x04, 0xa9, 0x69, 0x7a, 0x91, 0x3c,
    0x70, 0x3c, 0x70, 0x3c, 0x70, 0x44, 0x70, 0x44, 0x90, 0x3c, 0x90, 0x44,
    0x4d, 0x44, 0x6c, 0x44, 0x6f, 0x3c, 0x70, 0x3c, 0x8f, 0x44, 0x85, 0x4c,
    0x85, 0x4c, 0x64, 0x4c, 0x64, 0x4c, 0xc4, 0x53, 0xa6, 0x72, 0x25, 0x4c,
    0x45, 0x4c, 0x45, 0x4c, 0x45, 0x4c, 0x25, 0x54, 0xe6, 0x72, 0x86, 0x7a,
    0xa6, 0x82, 0xa5, 0x92, 0xc5, 0x92, 0xc5, 0x92, 0xc5, 0x92, 0xc5, 0x92,
    0xa5, 0x92, 0xc5, 0x9a, 0xc5, 0x9a, 0xa5, 0x92, 0xc5, 0x9a, 0xc5, 0x9a,
    0xc5, 0x9a, 0xa5, 0x9a, 0xa5, 0x9a, 0xa5, 0x9a, 0xc5, 0x9a, 0xc5, 0x9a,
    0x85, 0x8a, 0x85, 0x8a, 0x86, 0x8a, 0x85, 0x8a, 0x85, 0x92, 0x85, 0x8a,
    0x85, 0x92, 0x86, 0x8a, 0x65, 0x8a, 0x65, 0x8a, 0x65, 0x82, 0x65, 0x8a,
    0x65, 0x8a, 0x65, 0x8a, 0x65, 0x8a, 0x65, 0x8a, 0x65, 0x8a, 0x63, 0x9a,
    0x00, 0xeb, 0x20, 0xf3, 0x41, 0xf3, 0x60, 0xf3, 0x80, 0xf3, 0xa0, 0xfb,
    0xa0, 0xfb, 0xa1, 0xf3, 0xe1, 0xfb, 0xe1, 0xfb, 0xe2, 0xfb, 0x02, 0xfc,
    0x02, 0xfc, 0x23, 0xfc, 0x23, 0xfc, 0x23, 0xfc, 0x23, 0xfc, 0x23, 0xfc,
    0x23, 0xfc, 0x23, 0xfc, 0x02, 0xfc, 0x02, 0xfc, 0xe2, 0xfb, 0xc2, 0xfb,
    0xc1, 0xfb, 0xa1, 0xf3, 0x80, 0xfb, 0x80, 0xf3, 0x60, 0xf3, 0x40, 0xf3,
    0x20, 0xeb, 0x00, 0xeb, 0x00, 0xeb, 0xe0, 0xe2, 0xc0, 0xe2, 0x80, 0xda,
    0x60, 0xd2, 0x60, 0xd2, 0x40, 0xca, 0x80, 0xd2, 0xa0, 0xda, 0x69, 0x8b,
    0xb0, 0x44, 0xd0, 0x44, 0xd0, 0x44, 0xcf, 0x4c, 0xcf, 0x4c, 0xcf, 0x44,
    0xf0, 0x4c, 0xcf, 0x4c, 0xef, 0x4c, 0xd0, 0x44, 0xcf, 0x44, 0xef, 0x4c,
    0xef, 0x4c, 0xf0, 0x44, 0xef, 0x44, 0xef, 0x4c, 0xcf, 0x44, 0xef, 0x4c,
    0xcf, 0x44, 0xef, 0x4c, 0xef, 0x4c, 0xcf, 0x44, 0xf0, 0x4c, 0xf0, 0x4c,
    0xcf, 0x44, 0xcf, 0x4c, 0xf0, 0x44, 0xf0, 0x4c, 0xf0, 0x4c, 0xcf, 0x4c,
    0xf0, 0x44, 0xcf, 0x44, 0xf0, 0x4c, 0xcf, 0x44, 0xcf, 0x4c, 0x8e, 0x5c,
    0xc2, 0xf4, 0x62, 0xf5, 0x82, 0xf5, 0xa2, 0xfd, 0xc2, 0xf5, 0xc3, 0xfd,
    0xc2, 0xfd, 0xe3, 0xf5, 0xe3, 0xfd, 0x03, 0xfe, 0x03, 0xf6, 0x03, 0xfe,
    0x23, 0xf6, 0x03, 0xfe, 0x03, 0xfe, 0x23, 0xfe, 0x04, 0xfe, 0x23, 0xfe,
    0x23, 0xfe, 0x24, 0xfe, 0x44, 0xfe, 0x24, 0xfe, 0x43, 0xfe, 0x23, 0xf6,
    0x02, 0xfe, 0xe2, 0xfd, 0xc1, 0xfd, 0xc1, 0xfd, 0xa1, 0xfd, 0xa0, 0xfd,
    0xa0, 0xfd, 0xa0, 0xfd, 0xa1, 0xfd, 0xc1, 0xfd, 0xa1, 0xfd, 0xa1, 0xfd,
    0xc1, 0xfd, 0xa1, 0xfd, 0xa1, 0xfd, 0xa1, 0xfd, 0x80, 0xfd, 0x60, 0xfd,
    0x60, 0xfd, 0x60, 0xfd, 0x60, 0xfd, 0x40, 0xfd, 0x61, 0xfd, 0x61, 0xfd,
    0x81, 0xfd, 0xc2, 0xf5, 0x40, 0xf4, 0x80, 0xf4, 0x80, 0xfc, 0x80, 0xf4,
    0x80, 0xfc, 0x60, 0xfc, 0x60, 0xf4, 0x40, 0xfc, 0xc1, 0xf3, 0x80, 0xf3,
    0x80, 0xeb, 0xa0, 0xf3, 0xe0, 0xf3, 0xc0, 0xf3, 0xc0, 0xf3, 0xc0, 0xf3,
    0xa0, 0xeb, 0xa0, 0xf3, 0x80, 0xf3, 0x60, 0xeb, 0x60, 0xeb, 0x40, 0xeb,
    0x20, 0xeb, 0x00, 0xe3, 0xe0, 0xe2, 0xe0, 0xe2, 0xc0, 0xda, 0xa0, 0xda,
    0x80, 0xda, 0x80, 0xd2, 0x60, 0xd2, 0x60, 0xd2, 0x60, 0xca, 0x40, 0xca,
    0x20, 0xc2, 0x20, 0xc2, 0x40, 0xca, 0x40, 0xca, 0xc1, 0xb9, 0xc3, 0x88,
    0xe3, 0x90, 0xe3, 0x98, 0xe3, 0x98, 0x03, 0x99, 0xe4, 0xa0, 0x04, 0xa1,
    0x03, 0xa9, 0x04, 0xa1, 0x03, 0xa9, 0xe4, 0xa8, 0x03, 0xa9, 0xcd, 0x53,
    0x90, 0x3c, 0x70, 0x3c, 0x70, 0x44, 0x70, 0x3c, 0x70, 0x3c, 0x70, 0x3c,
    0x68, 0x4c, 0x66, 0x4c, 0x86, 0x4c, 0x6f, 0x44, 0x6f, 0x3c, 0x65, 0x4c,
    0x85, 0x54, 0x64, 0x4c, 0x44, 0x4c, 0x05, 0x54, 0x46, 0x63, 0x24, 0x4c,
    0x45, 0x4c, 0x45, 0x4c, 0x45, 0x4c, 0x45, 0x4c, 0x25, 0x6b, 0x85, 0x7a,
    0xa5, 0x82, 0xc5, 0x92, 0xc5, 0x92, 0xc6, 0x92, 0xc5, 0x92, 0xa5, 0x92,
    0xa5, 0x9a, 0xa5, 0x92, 0xc5, 0x9a, 0xa5, 0x9a, 0xc5, 0x9a, 0xa5, 0x9a,
    0xa5, 0x9a, 0xc5, 0x9a, 0xc5, 0x9a, 0xa4, 0x92, 0xa5, 0x92, 0xa5, 0x9a,
    0x65, 0x8a, 0x65, 0x8a, 0x85, 0x8a, 0x85, 0x8a, 0x85, 0x8a, 0x85, 0x92,
    0x85, 0x8a, 0x85, 0x8a, 0x65, 0x82, 0x65, 0x82, 0x45, 0x82, 0x45, 0x82,
    0x65, 0x82, 0x65, 0x82, 0x65, 0x82, 0x45, 0x82, 0x65, 0x8a, 0x62, 0xa2,
    0xe0, 0xea, 0x00, 0xeb, 0x40, 0xf3, 0x40, 0xf3, 0x80, 0xf3, 0x80, 0xfb,
    0xa0, 0xfb, 0xa1, 0xf3, 0xc0, 0xfb, 0xe1, 0xfb, 0xe1, 0xfb, 0xe1, 0xfb,
    0xe2, 0xfb, 0x02, 0xfc, 0x02, 0xfc, 0x02, 0xfc, 0x02, 0xfc, 0x02, 0xfc,
    0x02, 0xfc, 0x02, 0xfc, 0xe2, 0xfb, 0xe2, 0xfb, 0xc1, 0xfb, 0xc1, 0xf3,
    0xa1, 0xfb, 0x80, 0xf3, 0x80, 0xf3, 0x61, 0xf3, 0x40, 0xf3, 0x20, 0xf3,
    0x20, 0xeb, 0x00, 0xeb, 0xe0, 0xea, 0xc1, 0xe2, 0xa0, 0xda, 0x80, 0xda,
    0x60, 0xd2, 0x40, 0xca, 0x40, 0xca, 0x60, 0xd2, 0x60, 0xd2, 0x27, 0x9b,
    0xd0, 0x44, 0xd0, 0x44, 0xcf, 0x44, 0xcf, 0x44, 0xcf, 0x4c, 0xef, 0x44,
    0xcf, 0x44, 0xcf, 0x4c, 0xef, 0x4c, 0xcf, 0x4c, 0xef, 0x4c, 0xf0, 0x4c,
    0xef, 0x4c, 0xcf, 0x4c, 0xef, 0x44, 0xef, 0x4c, 0xcf, 0x4c, 0xcf, 0x4c,
    0xef, 0x4c, 0xef, 0x4c, 0xcf, 0x44, 0xcf, 0x44, 0xef, 0x4c, 0xef, 0x4c,
    0xcf, 0x4c, 0xef, 0x4c, 0xef, 0x4c, 0xef, 0x4c, 0xef, 0x4c, 0xf0, 0x4c,
    0xef, 0x4c, 0xcf, 0x4c, 0xef, 0x44, 0xf0, 0x4c, 0xef, 0x4c, 0x2a, 0x7c,
    0x62, 0xf5, 0x62, 0xf5, 0xa2, 0xf5, 0xa2, 0xf5, 0xa2, 0xf5, 0xc3, 0xfd,
    0xe2, 0xf5, 0xe3, 0xf5, 0xe3, 0xfd, 0x03, 0xfe, 0x03, 0xf6, 0x03, 0xfe,
    0x03, 0xfe, 0x03, 0xfe, 0x23, 0xf6, 0x03, 0xfe, 0x23, 0xfe, 0x24, 0xf6,
    0x24, 0xfe, 0x23, 0xfe, 0x23, 0xfe, 0x23, 0xfe, 0x24, 0xfe, 0x24, 0xfe,
    0x24, 0xfe, 0x24, 0xfe, 0x44, 0xf6, 0x24, 0xfe, 0x44, 0xfe, 0x23, 0xfe,
    0x03, 0xfe, 0x03, 0xfe, 0x02, 0xfe, 0xe2, 0xfd, 0xc2, 0xfd, 0xe2, 0xfd,
    0xc2, 0xfd, 0xc2, 0xfd, 0xc2, 0xfd, 0xc2, 0xfd, 0xc2, 0xfd, 0xe2, 0xfd,
    0xe3, 0xfd, 0xe3, 0xf5, 0xe3, 0xfd, 0xe2, 0xf5, 0xe2, 0xfd, 0xe3, 0xf5,
    0xc2, 0xfd, 0xc2, 0xf5, 0x40, 0xf4, 0x60, 0xf4, 0x80, 0xfc, 0x80, 0xf4,
    0x80, 0xf4, 0x60, 0xf4, 0x40, 0xfc, 0x40, 0xf4, 0x20, 0xf4, 0x00, 0xf4,
    0x00, 0xf4, 0x01, 0xf4, 0xe0, 0xf3, 0xc0, 0xf3, 0xc0, 0xeb, 0xa0, 0xf3,
    0x80, 0xeb, 0x81, 0xf3, 0x80, 0xf3, 0x60, 0xeb, 0x60, 0xeb, 0x40, 0xeb,
    0x20, 0xeb, 0x00, 0xe3, 0xe0, 0xe2, 0xe0, 0xe2, 0xc0, 0xda, 0xa0, 0xda,
    0x80, 0xda, 0x80, 0xda, 0x80, 0xd2, 0x80, 0xd2, 0x41, 0xca, 0x40, 0xca,
    0x41, 0xca, 0x40, 0xca, 0x40, 0xca, 0x41, 0xca, 0x40, 0xca, 0x03, 0x99,
    0xe3, 0x90, 0x03, 0x99, 0xe4, 0x98, 0x03, 0x99, 0x04, 0xa1, 0x24, 0xa1,
    0x04, 0xa9, 0x04, 0xa9, 0x24, 0xa9, 0x04, 0xa9, 0xe3, 0xa8, 0x86, 0xa1,
    0xb1, 0x34, 0x70, 0x44, 0x90, 0x44, 0x70, 0x3c, 0x90, 0x44, 0x70, 0x3c,
    0x67, 0x4c, 0x66, 0x4c, 0x65, 0x4c, 0x87, 0x4c, 0x6f, 0x3c, 0x66, 0x4c,
    0x85, 0x4c, 0x65, 0x4c, 0x65, 0x4c, 0xe5, 0x53, 0xc6, 0x53, 0x25, 0x4c,
    0x25, 0x4c, 0x45, 0x4c, 0x45, 0x4c, 0x25, 0x54, 0xc5, 0x5b, 0xa5, 0x7a,
    0xc6, 0x8a, 0xc5, 0x8a, 0xc5, 0x92, 0xa5, 0x92, 0xa5, 0x92, 0xa5, 0x92,
    0xc5, 0x92, 0xa5, 0x92, 0xc5, 0x9a, 0xa5, 0x9a, 0xa5, 0x9a, 0xc5, 0x9a,
    0xa5, 0x92, 0xc5, 0x9a, 0xc5, 0x9a, 0xa5, 0x92, 0xa5, 0x9a, 0xa5, 0x92,
    0x85, 0x8a, 0x85, 0x8a, 0x85, 0x8a, 0x85, 0x8a, 0x85, 0x8a, 0x85, 0x8a,
    0x65, 0x8a, 0x65, 0x8a, 0x45, 0x82, 0x45, 0x82, 0x45, 0x82, 0x45, 0x82,
    0x45, 0x82, 0x45, 0x82, 0x65, 0x8a, 0x44, 0x82, 0x45, 0x82, 0x62, 0xa2,
    0xc0, 0xea, 0x00, 0xeb, 0x20, 0xf3, 0x40, 0xf3, 0x60, 0xf3, 0x80, 0xf3,
    0x80, 0xfb, 0xa0, 0xfb, 0xa0, 0xf3, 0xc1, 0xfb, 0xc1, 0xfb, 0xc1, 0xfb,
    0xe1, 0xfb, 0xc1, 0xfb, 0xe2, 0xfb, 0xc2, 0xfb, 0xe2, 0xfb, 0xe1, 0xfb,
    0xe1, 0xfb, 0xc2, 0xfb, 0xc1, 0xfb, 0xa1, 0xfb, 0xa1, 0xf3, 0xa1, 0xfb,
    0x80, 0xf3, 0x60, 0xf3, 0x60, 0xf3, 0x40, 0xf3, 0x20, 0xeb, 0x00, 0xeb,
    0x01, 0xeb, 0xe0, 0xea, 0xc0, 0xe2, 0xc0, 0xe2, 0xa0, 0xe2, 0x60, 0xda,
    0x60, 0xd2, 0x41, 0xca, 0x20, 0xca, 0x40, 0xd2, 0x80, 0xd2, 0xe6, 0x9a,
    0xd0, 0x44, 0xd0, 0x44, 0xcf, 0x44, 0xcf, 0x4c, 0xcf, 0x4c, 0xcf, 0x4c,
    0xcf, 0x44, 0xef, 0x4c, 0xef, 0x4c, 0xcf, 0x4c, 0xcf, 0x44, 0xef, 0x4c,
    0xcf, 0x4c, 0xcf, 0x4c, 0xcf, 0x4c, 0xef, 0x4c, 0xef, 0x4c, 0xcf, 0x44,
    0xef, 0x4c, 0xcf, 0x4c, 0xcf, 0x4c, 0xef, 0x4c, 0xef, 0x4c, 0xcf, 0x4c,
    0xef, 0x4c, 0xef, 0x4c, 0xef, 0x4c, 0xef, 0x4c, 0xef, 0x4c, 0xef, 0x4c,
    0xef, 0x4c, 0xef, 0x4c, 0xcf, 0x4c, 0xef, 0x4c, 0xef, 0x44, 0x06, 0xa4,
    0x82, 0xf5, 0x82, 0xf5, 0xa2, 0xf5, 0xa2, 0xf5, 0xc2, 0xfd, 0xc3, 0xf5,
    0xc2, 0xfd, 0xe2, 0xf5, 0xe3, 0xfd, 0xe3, 0xfd, 0x03, 0xfe, 0x03, 0xfe,
    0x03, 0xf6, 0x23, 0xfe, 0x03, 0xfe, 0x24, 0xf6, 0x23, 0xfe, 0x24, 0xfe,
    0x24, 0xf6, 0x23, 0xfe, 0x24, 0xf6, 0x24, 0xf6, 0x24, 0xfe, 0x23, 0xfe,
    0x23, 0xfe, 0x24, 0xfe, 0x44, 0xfe, 0x24, 0xfe, 0x23, 0xfe, 0x24, 0xfe,
    0x44, 0xfe, 0x24, 0xfe, 0x23, 0xfe, 0x24, 0xfe, 0x23, 0xfe, 0x23, 0xf6,
    0x23, 0xfe, 0x23, 0xfe, 0x03, 0xf6, 0x03, 0xfe, 0x03, 0xfe, 0x03, 0xfe,
    0xe3, 0xfd, 0x03, 0xfe, 0xe3, 0xfd, 0xe3, 0xfd, 0xe3, 0xfd, 0xe2, 0xfd,
    0xc2, 0xf5, 0xe2, 0xfd, 0x41, 0xf4, 0x60, 0xf4, 0x80, 0xfc, 0x80, 0xfc,
    0x80, 0xfc, 0x60, 0xf4, 0x60, 0xfc, 0x40, 0xf4, 0x20, 0xf4, 0x20, 0xf4,
    0x00, 0xf4, 0x00, 0xf4, 0xc0, 0xf3, 0xc0, 0xf3, 0xa0, 0xeb, 0xa0, 0xf3,
    0xa0, 0xf3, 0xa0, 0xeb, 0x80, 0xeb, 0x60, 0xf3, 0x60, 0xeb, 0x41, 0xeb,
    0x20, 0xeb, 0x00, 0xeb, 0xe0, 0xe2, 0xe0, 0xe2, 0xc1, 0xe2, 0xc0, 0xe2,
    0xa0, 0xda, 0xa0, 0xda, 0x80, 0xda, 0x80, 0xd2, 0x60, 0xd2, 0x60, 0xd2,
    0x40, 0xca, 0x40, 0xca, 0x40, 0xca, 0x40, 0xca, 0x41, 0xca, 0x01, 0xc2,
    0xc3, 0x90, 0x03, 0x99, 0xe3, 0x98, 0x04, 0x99, 0x04, 0xa1, 0x03, 0xa1,
    0x03, 0xa1, 0x04, 0xa9, 0x04, 0xa9, 0xe3, 0xa8, 0x04, 0xa9, 0xc3, 0xb0,
    0xee, 0x53, 0x70, 0x3c, 0x70, 0x3c, 0x90, 0x44, 0x90, 0x44, 0x70, 0x3c,
    0x68, 0x4c, 0x66, 0x4c, 0x85, 0x4c, 0x85, 0x4c, 0x88, 0x4c, 0x66, 0x4c,
    0x65, 0x4c, 0x85, 0x54, 0x45, 0x4c, 0x45, 0x4c, 0x25, 0x4c, 0x45, 0x4c,
    0x45, 0x4c, 0x25, 0x4c, 0x25, 0x4c, 0x25, 0x4c, 0x05, 0x54, 0xe5, 0x7a,
    0xe6, 0x8a, 0xc5, 0x8a, 0xc5, 0x8a, 0xc6, 0x92, 0xc5, 0x92, 0xc5, 0x92,
    0xc5, 0x92, 0xa5, 0x92, 0xc5, 0x9a, 0xc5, 0x9a, 0xa5, 0x92, 0xc5, 0x92,
    0xa5, 0x9a, 0xa5, 0x9a, 0xc5, 0x9a, 0xc5, 0x9a, 0xc5, 0x9a, 0xa5, 0x92,
    0x65, 0x8a, 0x85, 0x8a, 0x65, 0x8a, 0x65, 0x8a, 0x85, 0x8a, 0x65, 0x8a,
    0x65, 0x8a, 0x65, 0x82, 0x45, 0x82, 0x45, 0x82, 0x45, 0x82, 0x45, 0x82,
    0x45, 0x82, 0x65, 0x82, 0x45, 0x82, 0x45, 0x82, 0x45, 0x82, 0x63, 0xa2,
    0xc0, 0xea, 0xe0, 0xea, 0x20, 0xf3, 0x20, 0xf3, 0x40, 0xf3, 0x61, 0xf3,
    0x80, 0xf3, 0x80, 0xfb, 0xa0, 0xfb, 0x80, 0xf3, 0xa1, 0xfb, 0xc1, 0xfb,
    0xc1, 0xfb, 0xc1, 0xfb, 0xc1, 0xfb, 0xc1, 0xfb, 0xc1, 0xfb, 0xa1, 0xf3,
    0xa1, 0xfb, 0xa1, 0xf3, 0xa1, 0xfb, 0xa1, 0xf3, 0x81, 0xf3, 0x80, 0xf3,
    0x60, 0xf3, 0x60, 0xf3, 0x40, 0xf3, 0x20, 0xf3, 0x20, 0xeb, 0x00, 0xeb,
    0xe0, 0xea, 0xe0, 0xe2, 0xc0, 0xe2, 0xa0, 0xe2, 0x80, 0xda, 0x60, 0xd2,
    0x40, 0xd2, 0x20, 0xca, 0x20, 0xca, 0x60, 0xd2, 0x61, 0xd2, 0x07, 0x93,
    0xcf, 0x44, 0xcf, 0x44, 0xaf, 0x4c, 0xcf, 0x4c, 0xcf, 0x4c, 0xcf, 0x4c,
    0xef, 0x4c, 0xcf, 0x4c, 0xef, 0x4c, 0xcf, 0x4c, 0xef, 0x4c, 0xcf, 0x4c,
    0xef, 0x4c, 0xef, 0x4c, 0xcf, 0x4c, 0xcf, 0x4c, 0xcf, 0x4c, 0xef, 0x4c,
    0xef, 0x4c, 0xef, 0x4c, 0xef, 0x4c, 0xef, 0x4c, 0xef, 0x4c, 0xef, 0x4c,
    0xef, 0x4c, 0xef, 0x4c, 0xef, 0x4c, 0xef, 0x4c, 0xef, 0x4c, 0xef, 0x4c,
    0xef, 0x4c, 0xef, 0x4c, 0xef, 0x4c, 0xef, 0x4c, 0x10, 0x45, 0x23, 0xcc,
    0x42, 0xf5, 0x82, 0xf5, 0x82, 0xf5, 0xa2, 0xf5, 0xa2, 0xf5, 0xc3, 0xfd,
    0xc3, 0xfd, 0xe2, 0xf5, 0xe3, 0xfd, 0x03, 0xf6, 0xe3, 0xfd, 0x03, 0xfe,
    0x03, 0xf6, 0x03, 0xfe, 0x03, 0xfe, 0x03, 0xf6, 0x03, 0xfe, 0x03, 0xfe,
    0x24, 0xfe, 0x24, 0xfe, 0x23, 0xfe, 0x23, 0xfe, 0x24, 0xfe, 0x23, 0xf6,
    0x24, 0xfe, 0x24, 0xfe, 0x23, 0xfe, 0x44, 0xfe, 0x44, 0xfe, 0x23, 0xf6,
    0x44, 0xfe, 0x23, 0xfe, 0x24, 0xfe, 0x24, 0xf6, 0x24, 0xfe, 0x03, 0xfe,
    0x03, 0xfe, 0x23, 0xfe, 0x03, 0xf6, 0x03, 0xfe, 0x03, 0xf6, 0x03, 0xf6,
    0xe3, 0xf5, 0xe3, 0xfd, 0x03, 0xfe, 0xe2, 0xf5, 0xe3, 0xf5, 0xc3, 0xfd,
    0xe2, 0xf5, 0xc2, 0xfd, 0x41, 0xf4, 0x60, 0xf4, 0x60, 0xf4, 0x60, 0xfc,
    0x60, 0xf4, 0x60, 0xfc, 0x40, 0xf4, 0x40, 0xfc, 0x20, 0xf4, 0x20, 0xf4,
    0x00, 0xf4, 0x00, 0xf4, 0xe0, 0xf3, 0xc0, 0xf3, 0xa0, 0xeb, 0xa1, 0xf3,
    0xa0, 0xeb, 0x80, 0xf3, 0x80, 0xf3, 0x80, 0xf3, 0x80, 0xeb, 0x60, 0xeb,
    0x40, 0xeb, 0x20, 0xeb, 0x00, 0xeb, 0x00, 0xe3, 0xe0, 0xe2, 0xc0, 0xe2,
    0xc0, 0xda, 0xa0, 0xe2, 0xa0, 0xda, 0xa0, 0xda, 0x80, 0xda, 0x60, 0xd2,
    0x60, 0xd2, 0x60, 0xd2, 0x60, 0xca, 0x40, 0xca, 0x40, 0xca, 0x40, 0xca,
    0x42, 0xa1, 0xe4, 0x90, 0xe3, 0x98, 0x04, 0x99, 0x03, 0xa1, 0x04, 0xa1,
    0x03, 0xa1, 0x04, 0xa1, 0x04, 0xa9, 0x03, 0xa9, 0x04, 0xa9, 0x03, 0xa9,
    0x2b, 0x63, 0x71, 0x3c, 0x90, 0x3c, 0x91, 0x44, 0x70, 0x44, 0x91, 0x44,
    0x69, 0x4c, 0x66, 0x4c, 0x86, 0x4c, 0x85, 0x4c, 0x85, 0x54, 0x65, 0x4c,
    0x65, 0x4c, 0x85, 0x4c, 0x45, 0x4c, 0x45, 0x4c, 0x45, 0x44, 0x45, 0x4c,
    0x25, 0x4c, 0x25, 0x4c, 0x25, 0x4c, 0x25, 0x4c, 0x25, 0x54, 0x06, 0x7b,
    0xc5, 0x82, 0xc5, 0x8a, 0xc5, 0x8a, 0xc5, 0x8a, 0xc6, 0x92, 0xc5, 0x92,
    0xa5, 0x92, 0xa5, 0x92, 0xc5, 0x92, 0xc5, 0x92, 0xa5, 0x9a, 0xc5, 0x9a,
    0xc5, 0x92, 0xa5, 0x92, 0xa5, 0x92, 0xa5, 0x9a, 0xa4, 0x92, 0xa5, 0x92,
    0x65, 0x82, 0x65, 0x82, 0x65, 0x8a, 0x85, 0x8a, 0x65, 0x8a, 0x85, 0x8a,
    0x65, 0x82, 0x45, 0x82, 0x45, 0x82, 0x45, 0x82, 0x45, 0x82, 0x45, 0x82,
    0x45, 0x82, 0x45, 0x82, 0x45, 0x82, 0x44, 0x82, 0x44, 0x82, 0x23, 0x9a,
    0xc0, 0xea, 0xe0, 0xea, 0x00, 0xf3, 0x00, 0xf3, 0x40, 0xf3, 0x41, 0xf3,
    0x60, 0xf3, 0x81, 0xfb, 0x60, 0xf3, 0x80, 0xf3, 0x80, 0xf3, 0x80, 0xfb,
    0xa0, 0xf3, 0xa1, 0xf3, 0x80, 0xfb, 0xa0, 0xf3, 0xa1, 0xfb, 0x81, 0xfb,
    0xa1, 0xf3, 0x80, 0xf3, 0x81, 0xf3, 0x60, 0xf3, 0x60, 0xf3, 0x60, 0xf3,
    0x40, 0xf3, 0x40, 0xf3, 0x41, 0xf3, 0x20, 0xeb, 0x00, 0xeb, 0x00, 0xeb,
    0xe0, 0xea, 0xc0, 0xe2, 0xa0, 0xe2, 0xa0, 0xda, 0x60, 0xda, 0x41, 0xd2,
    0x40, 0xd2, 0x20, 0xca, 0x00, 0xca, 0x40, 0xca, 0x40, 0xd2, 0x48, 0x8b,
    0xaf, 0x44, 0xcf, 0x4c, 0xcf, 0x4c, 0xcf, 0x4c, 0xef, 0x4c, 0xcf, 0x44,
    0xcf, 0x4c, 0xcf, 0x4c, 0xef, 0x4c, 0xcf, 0x4c, 0xef, 0x4c, 0xcf, 0x4c,
    0xef, 0x4c, 0xef, 0x4c, 0xef, 0x4c, 0xce, 0x4c, 0xef, 0x4c, 0xef, 0x4c,
    0xef, 0x4c, 0xef, 0x4c, 0xcf, 0x4c, 0xef, 0x4c, 0xef, 0x4c, 0xef, 0x54,
    0xef, 0x4c, 0xef, 0x4c, 0xcf, 0x4c, 0xef, 0x54, 0xef, 0x4c, 0xef, 0x4c,
    0xef, 0x4c, 0xef, 0x4c, 0xef, 0x4c, 0xef, 0x4c, 0xcf, 0x4c, 0x61, 0xe4,
    0x42, 0xf5, 0x82, 0xf5, 0xa2, 0xf5, 0xa3, 0xfd, 0xa2, 0xf5, 0xc3, 0xf5,
    0xc2, 0xf5, 0xe2, 0xfd, 0xe3, 0xf5, 0xe3, 0xf5, 0x02, 0xfe, 0x03, 0xf6,
    0x03, 0xfe, 0x03, 0xf6, 0x03, 0xfe, 0x03, 0xfe, 0x23, 0xf6, 0x23, 0xfe,
    0x03, 0xfe, 0x04, 0xf6, 0x23, 0xfe, 0x23, 0xfe, 0x24, 0xfe, 0x24, 0xfe,
    0x44, 0xf6, 0x23, 0xfe, 0x23, 0xfe, 0x24, 0xfe, 0x24, 0xfe, 0x23, 0xf6,
    0x23, 0xfe, 0x24, 0xfe, 0x23, 0xfe, 0x03, 0xfe, 0x24, 0xfe, 0x04, 0xfe,
    0x03, 0xf6, 0x03, 0xfe, 0x03, 0xfe, 0x03, 0xf6, 0x03, 0xfe, 0xe3, 0xfd,
    0xe3, 0xf5, 0xe3, 0xfd, 0xe2, 0xfd, 0xe3, 0xf5, 0xe3, 0xfd, 0xe2, 0xfd,
    0xc3, 0xfd, 0xc2, 0xf5, 0x61, 0xf4, 0x60, 0xf4, 0x60, 0xf4, 0x60, 0xfc,
    0x60, 0xf4, 0x60, 0xf4, 0x60, 0xfc, 0x40, 0xf4, 0x20, 0xfc, 0x20, 0xf4,
    0x00, 0xf4, 0xe0, 0xf3, 0xe0, 0xf3, 0xc0, 0xf3, 0xc0, 0xf3, 0xa0, 0xeb,
    0xa0, 0xf3, 0xa0, 0xf3, 0xa0, 0xeb, 0x80, 0xeb, 0x60, 0xf3, 0x60, 0xeb,
    0x40, 0xeb, 0x40, 0xeb, 0x20, 0xeb, 0x00, 0xe3, 0xe0, 0xe2, 0xe0, 0xe2,
    0xe0, 0xe2, 0xc0, 0xe2, 0xa1, 0xda, 0xa0, 0xda, 0xa0, 0xda, 0x80, 0xd2,
    0x61, 0xd2, 0x60, 0xd2, 0x60, 0xd2, 0x60, 0xd2, 0x40, 0xca, 0x60, 0xd2,
    0x41, 0xca, 0xc4, 0x90, 0xe3, 0x98, 0x03, 0x99, 0xe4, 0x98, 0x04, 0xa1,
    0x04, 0xa1, 0x04, 0xa1, 0x04, 0xa1, 0x04, 0xa9, 0x04, 0xa9, 0x03, 0xa9,
    0xa7, 0x7a, 0x4d, 0x44, 0x6f, 0x3c, 0x71, 0x44, 0x70, 0x44, 0x70, 0x3c,
    0x6c, 0x44, 0x65, 0x4c, 0x66, 0x4c, 0x85, 0x4c, 0x65, 0x4c, 0x85, 0x4c,
    0x65, 0x4c, 0x65, 0x4c, 0x65, 0x4c, 0x45, 0x4c, 0x25, 0x4c, 0x25, 0x4c,
    0x25, 0x4c, 0x25, 0x4c, 0x25, 0x4c, 0x25, 0x4c, 0x04, 0x4c, 0x05, 0x73,
    0xe5, 0x82, 0xe5, 0x82, 0xc5, 0x8a, 0xc5, 0x8a, 0xa5, 0x8a, 0xc6, 0x92,
    0xc5, 0x92, 0xc6, 0x92, 0xc5, 0x92, 0xc5, 0x92, 0xc5, 0x92, 0xa5, 0x9a,
    0xa5, 0x9a, 0xc5, 0x9a, 0xa5, 0x92, 0xa5, 0x9a, 0xa5, 0x92, 0xa5, 0x92,
    0x65, 0x82, 0x65, 0x82, 0x65, 0x8a, 0x85, 0x8a, 0x65, 0x8a, 0x65, 0x82,
    0x45, 0x82, 0x45, 0x82, 0x45, 0x82, 0x45, 0x7a, 0x45, 0x82, 0x45, 0x82,
    0x45, 0x7a, 0x45, 0x82, 0x45, 0x82, 0x45, 0x7a, 0x45, 0x82, 0x23, 0x92,
    0x80, 0xe2, 0xc0, 0xea, 0xe0, 0xea, 0x00, 0xf3, 0x20, 0xf3, 0x20, 0xf3,
    0x40, 0xf3, 0x40, 0xf3, 0x60, 0xf3, 0x60, 0xf3, 0x80, 0xf3, 0x80, 0xf3,
    0x80, 0xfb, 0x80, 0xf3, 0x81, 0xf3, 0x60, 0xf3, 0x60, 0xf3, 0x60, 0xf3,
    0x60, 0xf3, 0x60, 0xf3, 0x60, 0xfb, 0x40, 0xf3, 0x40, 0xf3, 0x20, 0xf3,
    0x41, 0xf3, 0x20, 0xeb, 0x00, 0xf3, 0x00, 0xeb, 0xe0, 0xea, 0xc1, 0xea,
    0xc0, 0xe2, 0xa0, 0xe2, 0xa0, 0xe2, 0x80, 0xda, 0x60, 0xda, 0x40, 0xd2,
    0x20, 0xca, 0x00, 0xca, 0x00, 0xca, 0x40, 0xca, 0x20, 0xd2, 0x8a, 0x6b,
    0xaf, 0x44, 0xcf, 0x4c, 0xcf, 0x4c, 0xcf, 0x4c, 0xcf, 0x4c, 0xcf, 0x4c,
    0xef, 0x4c, 0xef, 0x4c, 0xcf, 0x4c, 0xef, 0x4c, 0xce, 0x4c, 0xcf, 0x4c,
    0xee, 0x4c, 0xee, 0x4c, 0xee, 0x4c, 0xef, 0x4c, 0xee, 0x4c, 0xee, 0x54,
    0xee, 0x54, 0xef, 0x54, 0xef, 0x54, 0xee, 0x54, 0xef, 0x4c, 0xef, 0x54,
    0xee, 0x54, 0xef, 0x54, 0xef, 0x54, 0xef, 0x4c, 0xef, 0x54, 0xef, 0x54,
    0xef, 0x4c, 0xcf, 0x54, 0xef, 0x54, 0xee, 0x4c, 0x8c, 0x5c, 0xc1, 0xec,
    0x42, 0xf5, 0x62, 0xf5, 0xa2, 0xf5, 0xa2, 0xf5, 0xc2, 0xf5, 0xc3, 0xf5,
    0xc3, 0xfd, 0xe3, 0xfd, 0xe2, 0xf5, 0xe3, 0xfd, 0xe3, 0xfd, 0x03, 0xfe,
    0x03, 0xf6, 0x03, 0xf6, 0x03, 0xfe, 0x03, 0xfe, 0x03, 0xf6, 0x03, 0xf6,
    0x23, 0xfe, 0x03, 0xfe, 0x23, 0xfe, 0x24, 0xf6, 0x23, 0xfe, 0x23, 0xfe,
    0x24, 0xfe, 0x23, 0xfe, 0x24, 0xfe, 0x23, 0xfe, 0x24, 0xfe, 0x24, 0xfe,
    0x23, 0xf6, 0x24, 0xfe, 0x23, 0xf6, 0x03, 0xfe, 0x23, 0xfe, 0x23, 0xfe,
    0x03, 0xf6, 0x03, 0xfe, 0x03, 0xfe, 0x03, 0xfe, 0x03, 0xfe, 0xe3, 0xfd,
    0xe3, 0xfd, 0xe2, 0xf5, 0xe3, 0xfd, 0xe3, 0xfd, 0xe2, 0xf5, 0xc2, 0xf5,
    0xc2, 0xfd, 0xa2, 0xf5, 0xa1, 0xf4, 0x60, 0xf4, 0x60, 0xf4, 0x60, 0xf4,
    0x60, 0xfc, 0x40, 0xf4, 0x40, 0xf4, 0x40, 0xfc, 0x21, 0xf4, 0x20, 0xf4,
    0x00, 0xf4, 0x00, 0xf4, 0xe1, 0xf3, 0xc0, 0xf3, 0xc0, 0xf3, 0xa0, 0xeb,
    0xa0, 0xf3, 0x80, 0xf3, 0x80, 0xeb, 0x80, 0xf3, 0x80, 0xf3, 0x61, 0xeb,
    0x60, 0xeb, 0x40, 0xeb, 0x21, 0xeb, 0x20, 0xeb, 0x00, 0xeb, 0x00, 0xeb,
    0xe0, 0xe2, 0xc0, 0xe2, 0xc0, 0xe2, 0xa0, 0xda, 0xa0, 0xda, 0x80, 0xda,
    0x80, 0xda, 0x80, 0xd2, 0x60, 0xd2, 0x61, 0xd2, 0x60, 0xd2, 0x60, 0xd2,
    0x60, 0xd2, 0x82, 0xb1, 0xe3, 0x98, 0xe3, 0x98, 0xe4, 0x98, 0x04, 0x99,
    0x03, 0xa1, 0x04, 0xa1, 0x03, 0xa1, 0x04, 0xa1, 0x03, 0xa1, 0x04, 0xa9,
    0x85, 0x8a, 0x64, 0x54, 0x87, 0x4c, 0x69, 0x4c, 0x6e, 0x44, 0x90, 0x3c,
    0x6f, 0x44, 0x65, 0x4c, 0x66, 0x54, 0x65, 0x4c, 0x65, 0x4c, 0x65, 0x4c,
    0x85, 0x54, 0x65, 0x4c, 0x45, 0x4c, 0x45, 0x44, 0x45, 0x4c, 0x45, 0x4c,
    0x45, 0x4c, 0x24, 0x4c, 0x25, 0x4c, 0x25, 0x4c, 0x05, 0x4c, 0x45, 0x63,
    0x25, 0x73, 0x45, 0x73, 0x65, 0x6b, 0xa5, 0x6b, 0x44, 0x6b, 0xe5, 0x82,
    0xc5, 0x8a, 0xc5, 0x92, 0xc5, 0x92, 0xc5, 0x92, 0xc5, 0x92, 0xc5, 0x9a,
    0xc5, 0x92, 0xa5, 0x92, 0xa5, 0x9a, 0xa5, 0x92, 0xa5, 0x92, 0xa5, 0x92,
    0x65, 0x82, 0x65, 0x8a, 0x65, 0x82, 0x65, 0x82, 0x85, 0x8a, 0x45, 0x82,
    0x45, 0x82, 0x45, 0x7a, 0x25, 0x7a, 0x45, 0x7a, 0x25, 0x7a, 0x25, 0x7a,
    0x25, 0x7a, 0x45, 0x7a, 0x45, 0x82, 0x44, 0x7a, 0x45, 0x7a, 0x24, 0x82,
    0x80, 0xea, 0xa0, 0xea, 0xc0, 0xea, 0xe0, 0xea, 0x00, 0xf3, 0x00, 0xf3,
    0x20, 0xf3, 0x20, 0xf3, 0x20, 0xf3, 0x40, 0xf3, 0x40, 0xf3, 0x40, 0xf3,
    0x60, 0xf3, 0x60, 0xf3, 0x40, 0xf3, 0x40, 0xf3, 0x40, 0xf3, 0x40, 0xf3,
    0x40, 0xf3, 0x40, 0xf3, 0x21, 0xf3, 0x20, 0xf3, 0x20, 0xf3, 0x00, 0xeb,
    0x00, 0xeb, 0x00, 0xeb, 0xe0, 0xea, 0xe0, 0xea, 0xc0, 0xea, 0xc0, 0xe2,
    0xa0, 0xe2, 0xa0, 0xe2, 0x80, 0xe2, 0x61, 0xda, 0x40, 0xd2, 0x20, 0xd2,
    0x00, 0xca, 0x00, 0xc2, 0x00, 0xca, 0x20, 0xca, 0x21, 0xd2, 0xaa, 0x53,
    0x10, 0x4d, 0xcf, 0x4c, 0xcf, 0x4c, 0xcf, 0x4c, 0xce, 0x4c, 0xef, 0x4c,
    0xce, 0x4c, 0xce, 0x4c, 0xee, 0x4c, 0xce, 0x4c, 0xef, 0x4c, 0xee, 0x4c,
    0xce, 0x4c, 0xce, 0x4c, 0xcf, 0x4c, 0xce, 0x4c, 0xee, 0x54, 0xef, 0x4c,
    0xef, 0x54, 0xee, 0x4c, 0xee, 0x4c, 0xee, 0x54, 0xee, 0x54, 0xee, 0x54,
    0xce, 0x4c, 0xef, 0x54, 0xee, 0x54, 0xee, 0x4c, 0xef, 0x54, 0xee, 0x54,
    0xee, 0x4c, 0xef, 0x54, 0xee, 0x4c, 0xce, 0x54, 0x4b, 0x6c, 0x21, 0xf5,
    0x62, 0xf5, 0x82, 0xf5, 0x82, 0xf5, 0xa2, 0xf5, 0xa2, 0xf5, 0xc2, 0xfd,
    0xc3, 0xfd, 0xc2, 0xf5, 0xe2, 0xf5, 0xe3, 0xfd, 0xe3, 0xfd, 0xe3, 0xf5,
    0xe2, 0xfd, 0x03, 0xfe, 0x03, 0xf6, 0x03, 0xfe, 0x03, 0xfe, 0x03, 0xfe,
    0x03, 0xf6, 0x04, 0xfe, 0x23, 0xfe, 0x04, 0xfe, 0x03, 0xfe, 0x23, 0xfe,
    0x24, 0xf6, 0x03, 0xfe, 0x24, 0xf6, 0x23, 0xf6, 0x24, 0xfe, 0x23, 0xfe,
    0x03, 0xfe, 0x24, 0xfe, 0x03, 0xfe, 0x03, 0xf6, 0x04, 0xfe, 0x03, 0xfe,
    0x03, 0xfe, 0x03, 0xfe, 0x03, 0xf6, 0x03, 0xfe, 0xe3, 0xf5, 0x03, 0xf6,
    0xe3, 0xfd, 0xe3, 0xf5, 0xe2, 0xf5, 0xc3, 0xfd, 0xc2, 0xfd, 0xc3, 0xfd,
    0xc2, 0xfd, 0xa2, 0xfd, 0xc1, 0xf4, 0x60, 0xfc, 0x40, 0xf4, 0x40, 0xfc,
    0x60, 0xf4, 0x60, 0xfc, 0x40, 0xf4, 0x40, 0xf4, 0x20, 0xf4, 0x20, 0xf4,
    0x00, 0xf4, 0x00, 0xf4, 0xe0, 0xf3, 0xc0, 0xf3, 0xa0, 0xf3, 0xa0, 0xf3,
    0xa0, 0xeb, 0x80, 0xf3, 0xa0, 0xf3, 0x80, 0xeb, 0x80, 0xf3, 0x60, 0xf3,
    0x60, 0xeb, 0x40, 0xeb, 0x40, 0xeb, 0x40, 0xeb, 0x20, 0xeb, 0x20, 0xeb,
    0x00, 0xeb, 0xe0, 0xe2, 0xe0, 0xe2, 0xc0, 0xe2, 0xa0, 0xda, 0xc0, 0xda,
    0xa0, 0xda, 0x80, 0xda, 0x81, 0xda, 0x80, 0xd2, 0x80, 0xd2, 0x60, 0xd2,
    0x60, 0xd2, 0x60, 0xd2, 0xe3, 0x90, 0xe3, 0x98, 0x04, 0x99, 0xe3, 0x98,
    0x03, 0xa1, 0x04, 0xa1, 0x03, 0xa1, 0x04, 0xa1, 0x04, 0xa9, 0x04, 0xa9,
    0x85, 0x7a, 0x65, 0x4c, 0x46, 0x4c, 0x66, 0x4c, 0x46, 0x4c, 0x49, 0x44,
    0x6c, 0x4c, 0x68, 0x4c, 0x65, 0x4c, 0x65, 0x4c, 0x65, 0x4c, 0x45, 0x4c,
    0x65, 0x4c, 0x45, 0x4c, 0x25, 0x44, 0x45, 0x4c, 0x25, 0x4c, 0x25, 0x4c,
    0x45, 0x4c, 0x45, 0x4c, 0x25, 0x4c, 0x25, 0x4c, 0x25, 0x44, 0x05, 0x4c,
    0x24, 0x4c, 0x44, 0x4c, 0x44, 0x4c, 0x44, 0x54, 0x44, 0x54, 0x04, 0x5c,
    0x65, 0x7b, 0xe5, 0x82, 0xe5, 0x8a, 0xe5, 0x92, 0xe6, 0x92, 0xc5, 0x92,
    0xc5, 0x92, 0xc5, 0x92, 0xc5, 0x9a, 0xa5, 0x92, 0xa5, 0x92, 0x85, 0x92,
    0x65, 0x82, 0x65, 0x82, 0x65, 0x82, 0x65, 0x82, 0x65, 0x82, 0x45, 0x82,
    0x45, 0x7a, 0x25, 0x7a, 0x45, 0x82, 0x25, 0x7a, 0x24, 0x7a, 0x24, 0x7a,
    0x24, 0x7a, 0x25, 0x82, 0x45, 0x82, 0x04, 0x7a, 0x42, 0x49, 0xa1, 0x61,
    0x60, 0xd2, 0xa0, 0xe2, 0xc0, 0xe2, 0xc0, 0xea, 0xe0, 0xea, 0xe0, 0xea,
    0xe0, 0xf2, 0x00, 0xf3, 0x00, 0xf3, 0x21, 0xf3, 0x20, 0xf3, 0x20, 0xf3,
    0x21, 0xf3, 0x40, 0xf3, 0x20, 0xf3, 0x20, 0xf3, 0x20, 0xf3, 0x20, 0xf3,
    0x21, 0xf3, 0x00, 0xf3, 0x00, 0xeb, 0x00, 0xeb, 0x00, 0xeb, 0x00, 0xeb,
    0xe0, 0xea, 0xe0, 0xea, 0xe0, 0xea, 0xc1, 0xe2, 0xc0, 0xe2, 0xa0, 0xe2,
    0x80, 0xe2, 0x80, 0xda, 0x60, 0xda, 0x40, 0xda, 0x40, 0xd2, 0x20, 0xca,
    0x00, 0xca, 0x01, 0xc2, 0x00, 0xca, 0x20, 0xca, 0x00, 0xc2, 0x40, 0x8a,
    0xc1, 0x69, 0x88, 0x4a, 0x8e, 0x4c, 0xef, 0x4c, 0xcf, 0x4c, 0xce, 0x4c,
    0xcf, 0x4c, 0xee, 0x4c, 0xce, 0x4c, 0xce, 0x4c, 0xef, 0x54, 0xef, 0x54,
    0xee, 0x4c, 0xee, 0x54, 0xee, 0x54, 0xce, 0x4c, 0xee, 0x54, 0xee, 0x4c,
    0xee, 0x4c, 0xee, 0x54, 0xee, 0x54, 0xee, 0x54, 0xee, 0x54, 0xee, 0x54,
    0xee, 0x54, 0xef, 0x54, 0xee, 0x54, 0xee, 0x54, 0xee, 0x54, 0xee, 0x4c,
    0xee, 0x54, 0xef, 0x54, 0xce, 0x4c, 0xee, 0x54, 0x4a, 0x7c, 0x42, 0xf5,
    0x42, 0xf5, 0x82, 0xf5, 0x82, 0xf5, 0xa3, 0xf5, 0xc3, 0xfd, 0xa2, 0xf5,
    0xc2, 0xf5, 0xc3, 0xfd, 0xe2, 0xf5, 0xe2, 0xf5, 0xe3, 0xf5, 0xe3, 0xfd,
    0xe3, 0xf5, 0xe3, 0xfd, 0xe3, 0xfd, 0x03, 0xf6, 0x03, 0xfe, 0x03, 0xfe,
    0x03, 0xf6, 0x03, 0xfe, 0x03, 0xfe, 0x24, 0xf6, 0x03, 0xfe, 0x03, 0xf6,
    0x24, 0xfe, 0x24, 0xfe, 0x23, 0xfe, 0x24, 0xfe, 0x03, 0xfe, 0x03, 0xf6,
    0x24, 0xfe, 0x03, 0xf6, 0x03, 0xfe, 0x24, 0xfe, 0x03, 0xf6, 0x03, 0xfe,
    0x03, 0xfe, 0x03, 0xf6, 0x03, 0xfe, 0xe3, 0xf5, 0xe3, 0xf5, 0xe3, 0xfd,
    0xe2, 0xfd, 0xe3, 0xfd, 0xe2, 0xfd, 0xc2, 0xf5, 0xc3, 0xf5, 0xc2, 0xf5,
    0xc2, 0xfd, 0xa2, 0xf5, 0x01, 0xf5, 0x40, 0xf4, 0x40, 0xf4, 0x40, 0xf4,
    0x40, 0xf4, 0x40, 0xfc, 0x40, 0xf4, 0x40, 0xfc, 0x20, 0xf4, 0x00, 0xf4,
    0x00, 0xfc, 0x00, 0xf4, 0xe0, 0xf3, 0xc0, 0xf3, 0xa0, 0xeb, 0xa0, 0xf3,
    0xa0, 0xeb, 0xa0, 0xeb, 0xc1, 0xf3, 0xc0, 0xf3, 0xa0, 0xf3, 0xa0, 0xf3,
    0x80, 0xf3, 0x80, 0xf3, 0x60, 0xeb, 0x60, 0xeb, 0x40, 0xeb, 0x41, 0xeb,
    0x20, 0xeb, 0x20, 0xeb, 0x00, 0xe3, 0xe1, 0xe2, 0xe0, 0xe2, 0xc0, 0xe2,
    0xa1, 0xda, 0xc0, 0xda, 0xa0, 0xda, 0x80, 0xda, 0x80, 0xda, 0x80, 0xda,
    0x80, 0xd2, 0x80, 0xda, 0x21, 0xc2, 0xe4, 0x90, 0xe3, 0x98, 0xe4, 0x98,
    0x04, 0x99, 0x04, 0xa1, 0x04, 0xa1, 0x04, 0xa1, 0x03, 0xa9, 0x04, 0xa9,
    0xc5, 0x72, 0x46, 0x44, 0x46, 0x44, 0x45, 0x4c, 0x45, 0x4c, 0x45, 0x4c,
    0x65, 0x4c, 0x45, 0x4c, 0x45, 0x4c, 0x45, 0x4c, 0x45, 0x4c, 0x65, 0x4c,
    0x45, 0x4c, 0x45, 0x4c, 0x45, 0x4c, 0x25, 0x4c, 0x25, 0x44, 0x25, 0x44,
    0x25, 0x4c, 0x45, 0x4c, 0x25, 0x4c, 0x24, 0x4c, 0x45, 0x4c, 0x24, 0x4c,
    0x44, 0x4c, 0x24, 0x4c, 0x24, 0x54, 0x24, 0x4c, 0x44, 0x54, 0x24, 0x54,
    0xe4, 0x5b, 0x65, 0x6b, 0x25, 0x7b, 0x05, 0x83, 0xe5, 0x92, 0xc5, 0x92,
    0xc5, 0x92, 0xc5, 0x9a, 0xc5, 0x92, 0xa5, 0x92, 0xa5, 0x92, 0x85, 0x8a,
    0x65, 0x82, 0x65, 0x82, 0x65, 0x82, 0x65, 0x82, 0x45, 0x82, 0x45, 0x82,
    0x45, 0x7a, 0x45, 0x7a, 0x24, 0x7a, 0x25, 0x7a, 0x24, 0x7a, 0x25, 0x82,
    0x24, 0x7a, 0x45, 0x82, 0x82, 0x59, 0x60, 0x49, 0xa0, 0x92, 0xa1, 0x92,
    0x40, 0xba, 0xa0, 0xe2, 0xa0, 0xe2, 0xc0, 0xe2, 0xc0, 0xea, 0xc0, 0xea,
    0xe1, 0xea, 0xe0, 0xea, 0xe0, 0xf2, 0xe0, 0xea, 0x00, 0xf3, 0x00, 0xf3,
    0x00, 0xf3, 0x00, 0xf3, 0x00, 0xf3, 0x00, 0xf3, 0x00, 0xf3, 0x00, 0xf3,
    0x00, 0xeb, 0x00, 0xf3, 0xe0, 0xea, 0xe0, 0xea, 0xe1, 0xea, 0xe0, 0xea,
    0xc0, 0xea, 0xc0, 0xea, 0xc0, 0xe2, 0xa0, 0xe2, 0xa0, 0xe2, 0x80, 0xe2,
    0x80, 0xe2, 0x60, 0xda, 0x40, 0xda, 0x40, 0xd2, 0x20, 0xd2, 0x00, 0xca,
    0xe0, 0xc1, 0xe0, 0xc1, 0x00, 0xca, 0x20, 0xca, 0x21, 0xba, 0x60, 0x92,
    0x60, 0x92, 0xa0, 0x9a, 0xe1, 0x79, 0x46, 0x42, 0x8e, 0x44, 0xce, 0x4c,
    0xcf, 0x54, 0xce, 0x4c, 0xce, 0x4c, 0xee, 0x54, 0xce, 0x4c, 0xee, 0x54,
    0xce, 0x4c, 0xee, 0x54, 0xee, 0x54, 0xee, 0x54, 0xee, 0x54, 0xee, 0x4c,
    0xce, 0x54, 0xee, 0x54, 0xee, 0x4c, 0xee, 0x54, 0xee, 0x54, 0xee, 0x54,
    0xee, 0x54, 0xee, 0x54, 0xee, 0x54, 0xee, 0x54, 0xee, 0x54, 0xee, 0x54,
    0xee, 0x54, 0xee, 0x54, 0xef, 0x54, 0xee, 0x4c, 0x49, 0x94, 0x42, 0xf5,
    0x42, 0xf5, 0x82, 0xf5, 0x82, 0xf5, 0xa2, 0xf5, 0xa2, 0xf5, 0xc3, 0xf5,
    0xc3, 0xf5, 0xc2, 0xfd, 0xc2, 0xfd, 0xe3, 0xf5, 0xe3, 0xfd, 0xe2, 0xfd,
    0x03, 0xf6, 0x03, 0xf6, 0x03, 0xfe, 0x03, 0xfe, 0x03, 0xf6, 0x03, 0xfe,
    0x03, 0xfe, 0x03, 0xfe, 0x03, 0xfe, 0x03, 0xf6, 0x04, 0xfe, 0x03, 0xfe,
    0x23, 0xf6, 0x03, 0xfe, 0x03, 0xf6, 0x03, 0xfe, 0x03, 0xfe, 0x03, 0xfe,
    0x03, 0xf6, 0x04, 0xfe, 0x03, 0xfe, 0x03, 0xf6, 0x03, 0xfe, 0x03, 0xfe,
    0x03, 0xf6, 0x03, 0xfe, 0x03, 0xfe, 0xe3, 0xf5, 0xe3, 0xfd, 0xe3, 0xfd,
    0xe2, 0xf5, 0xe3, 0xf5, 0xc3, 0xfd, 0xc2, 0xfd, 0xc2, 0xf5, 0xc2, 0xfd,
    0xa2, 0xfd, 0xa2, 0xf5, 0x61, 0xf5, 0x20, 0xf4, 0x40, 0xf4, 0x20, 0xf4,
    0x40, 0xfc, 0x40, 0xf4, 0x20, 0xf4, 0x20, 0xf4, 0x20, 0xfc, 0x00, 0xf4,
    0xe0, 0xf3, 0xe0, 0xf3, 0xc0, 0xf3, 0xc0, 0xf3, 0xa0, 0xf3, 0xa0, 0xeb,
    0xc0, 0xf3, 0xc0, 0xf3, 0xc0, 0xf3, 0xc0, 0xf3, 0xc0, 0xf3, 0xc0, 0xf3,
    0xa0, 0xf3, 0xa1, 0xf3, 0xa0, 0xf3, 0x80, 0xf3, 0x80, 0xf3, 0x60, 0xeb,
    0x60, 0xeb, 0x40, 0xeb, 0x20, 0xeb, 0x00, 0xeb, 0x00, 0xe3, 0xe0, 0xe2,
    0xc0, 0xe2, 0xa0, 0xda, 0xa0, 0xda, 0xa0, 0xda, 0xa0, 0xda, 0xa1, 0xda,
    0x80, 0xda, 0x80, 0xda, 0x81, 0xda, 0x82, 0xa9, 0xe3, 0x90, 0x03, 0x91,
    0xe4, 0x98, 0x04, 0x99, 0x03, 0xa1, 0x03, 0xa1, 0x04, 0xa1, 0x04, 0xa1,
    0x05, 0x6b, 0x26, 0x44, 0x46, 0x44, 0x46, 0x4c, 0x66, 0x4c, 0x46, 0x4c,
    0x45, 0x4c, 0x45, 0x4c, 0x45, 0x4c, 0x65, 0x4c, 0x65, 0x4c, 0x45, 0x4c,
    0x45, 0x4c, 0x45, 0x4c, 0x45, 0x4c, 0x45, 0x4c, 0x44, 0x44, 0x45, 0x4c,
    0x45, 0x44, 0x25, 0x44, 0x24, 0x44, 0x45, 0x4c, 0x45, 0x4c, 0x25, 0x4c,
    0x45, 0x4c, 0x44, 0x54, 0x24, 0x4c, 0x44, 0x54, 0x44, 0x4c, 0x44, 0x54,
    0x04, 0x54, 0x04, 0x54, 0xe4, 0x5b, 0x05, 0x7b, 0xe5, 0x8a, 0xe5, 0x92,
    0xe5, 0x92, 0xc5, 0x92, 0xc5, 0x92, 0xc5, 0x92, 0xa5, 0x92, 0x64, 0x8a,
    0x45, 0x82, 0x65, 0x82, 0x45, 0x82, 0x65, 0x82, 0x45, 0x82, 0x45, 0x7a,
    0x25, 0x82, 0x25, 0x7a, 0x25, 0x7a, 0x24, 0x7a, 0x25, 0x7a, 0x24, 0x7a,
    0x24, 0x7a, 0x02, 0x49, 0x00, 0x7a, 0xc0, 0xa2, 0xc1, 0x9a, 0xc0, 0xa2,
    0x40, 0xa2, 0x80, 0xe2, 0x80, 0xe2, 0x80, 0xe2, 0xa0, 0xe2, 0xa0, 0xea,
    0xc0, 0xe2, 0xc0, 0xea, 0xc0, 0xea, 0xe0, 0xea, 0xe0, 0xea, 0xe0, 0xea,
    0xe0, 0xea, 0xe0, 0xea, 0xe0, 0xea, 0x01, 0xeb, 0x00, 0xeb, 0xe0, 0xea,
    0xe0, 0xea, 0xe0, 0xea, 0xc0, 0xea, 0xc0, 0xea, 0xc0, 0xea, 0xc0, 0xe2,
    0xa0, 0xe2, 0xa1, 0xe2, 0x80, 0xe2, 0x80, 0xe2, 0x80, 0xe2, 0x60, 0xda,
    0x60, 0xda, 0x60, 0xda, 0x41, 0xd2, 0x20, 0xd2, 0x00, 0xca, 0xe0, 0xc9,
    0xe0, 0xc1, 0xe0, 0xc1, 0x00, 0xca, 0x00, 0xc2, 0x00, 0xb2, 0xa0, 0x9a,
    0x80, 0x9a, 0xa0, 0x92, 0x80, 0x92, 0xa0, 0x9a, 0xe1, 0x69, 0x4a, 0x43,
    0x0f, 0x4d, 0xee, 0x54, 0xee, 0x54, 0xee, 0x54, 0xee, 0x54, 0xee, 0x54,
    0xee, 0x54, 0xee, 0x4c, 0xce, 0x4c, 0xee, 0x54, 0xee, 0x4c, 0xee, 0x54,
    0xee, 0x54, 0xee, 0x54, 0xee, 0x4c, 0xee, 0x54, 0xee, 0x54, 0xee, 0x4c,
    0xee, 0x54, 0xee, 0x54, 0xee, 0x54, 0xee, 0x54, 0xef, 0x54, 0xee, 0x54,
    0xee, 0x54, 0xce, 0x54, 0xee, 0x4c, 0xef, 0x4c, 0x27, 0x9c, 0x61, 0xf5,
    0x62, 0xf5, 0x82, 0xf5, 0xa2, 0xf5, 0xa2, 0xf5, 0xa2, 0xf5, 0xc3, 0xfd,
    0xc2, 0xf5, 0xc2, 0xfd, 0xc3, 0xf5, 0xe3, 0xfd, 0xe2, 0xfd, 0xe3, 0xf5,
    0xe3, 0xfd, 0xe3, 0xf5, 0xe3, 0xfd, 0x03, 0xfe, 0xe3, 0xf5, 0x03, 0xf6,
    0x03, 0xfe, 0x03, 0xfe, 0x03, 0xf6, 0x23, 0xfe, 0x03, 0xfe, 0x03, 0xf6,
    0x03, 0xfe, 0x23, 0xfe, 0x03, 0xf6, 0x24, 0xfe, 0x03, 0xfe, 0x03, 0xf6,
    0x03, 0xfe, 0x03, 0xfe, 0x03, 0xfe, 0x03, 0xfe, 0x03, 0xf6, 0x03, 0xf6,
    0x03, 0xfe, 0x03, 0xfe, 0x03, 0xfe, 0xe3, 0xfd, 0xe3, 0xfd, 0xe2, 0xfd,
    0xe2, 0xf5, 0xe3, 0xfd, 0xc2, 0xfd, 0xc2, 0xf5, 0xc3, 0xfd, 0xc2, 0xfd,
    0xa2, 0xf5, 0x82, 0xfd, 0x62, 0xfd, 0x20, 0xf4, 0x20, 0xf4, 0x40, 0xf4,
    0x40, 0xf4, 0x20, 0xf4, 0x20, 0xf4, 0x00, 0xf4, 0x00, 0xf4, 0x00, 0xf4,
    0xe0, 0xf3, 0xc0, 0xf3, 0x60, 0xeb, 0x80, 0xeb, 0xe0, 0xf3, 0x20, 0xf4,
    0x20, 0xf4, 0x00, 0xf4, 0x20, 0xf4, 0x00, 0xf4, 0x00, 0xf4, 0x00, 0xf4,
    0xe0, 0xf3, 0xe0, 0xf3, 0xc0, 0xf3, 0xc0, 0xf3, 0xa0, 0xf3, 0x80, 0xeb,
    0x80, 0xeb, 0x60, 0xeb, 0x60, 0xeb, 0x40, 0xeb, 0x20, 0xeb, 0xe1, 0xe2,
    0xe0, 0xe2, 0xc0, 0xe2, 0xe0, 0xe2, 0xc0, 0xda, 0xc0, 0xda, 0xa0, 0xda,
    0x80, 0xda, 0x80, 0xda, 0xa0, 0xda, 0x81, 0xd2, 0xe3, 0x90, 0xe3, 0x90,
    0x03, 0x99, 0xe3, 0x98, 0x04, 0x99, 0xe4, 0x98, 0xe4, 0xa0, 0x03, 0xa1,
    0x85, 0x5b, 0x26, 0x4c, 0x46, 0x4c, 0x46, 0x4c, 0x46, 0x4c, 0x66, 0x4c,
    0x45, 0x4c, 0x65, 0x4c, 0x65, 0x4c, 0x65, 0x4c, 0x44, 0x4c, 0x45, 0x4c,
    0x45, 0x4c, 0x45, 0x4c, 0x45, 0x44, 0x45, 0x44, 0x44, 0x4c, 0x25, 0x4c,
    0x45, 0x4c, 0x24, 0x4c, 0x45, 0x4c, 0x25, 0x4c, 0x24, 0x4c, 0x44, 0x4c,
    0x25, 0x4c, 0x44, 0x4c, 0x24, 0x4c, 0x24, 0x4c, 0x24, 0x54, 0x24, 0x54,
    0x24, 0x4c, 0x24, 0x4c, 0xc4, 0x53, 0x64, 0x6b, 0x05, 0x8b, 0xe5, 0x92,
    0xe5, 0x92, 0xc5, 0x92, 0xc5, 0x92, 0xc5, 0x92, 0xa5, 0x8a, 0x85, 0x8a,
    0x45, 0x7a, 0x45, 0x82, 0x65, 0x82, 0x45, 0x7a, 0x45, 0x82, 0x45, 0x82,
    0x45, 0x7a, 0x24, 0x7a, 0x45, 0x7a, 0x24, 0x7a, 0x24, 0x7a, 0xe4, 0x69,
    0x61, 0x51, 0xe0, 0x9a, 0x00, 0xa3, 0xc1, 0x9a, 0xc0, 0x9a, 0x80, 0x8a,
    0x81, 0x59, 0x41, 0xca, 0x80, 0xda, 0x80, 0xda, 0x81, 0xe2, 0x80, 0xe2,
    0x80, 0xe2, 0xa0, 0xe2, 0xa0, 0xea, 0xa0, 0xea, 0xc0, 0xea, 0xc0, 0xea,
    0xc0, 0xea, 0xc0, 0xea, 0xc0, 0xea, 0xc0, 0xea, 0xc0, 0xea, 0xc0, 0xea,
    0xc1, 0xea, 0xc0, 0xea, 0xa0, 0xe2, 0xa1, 0xe2, 0xa0, 0xe2, 0x80, 0xe2,
    0xa0, 0xe2, 0x80, 0xe2, 0x80, 0xe2, 0x60, 0xda, 0x60, 0xda, 0x40, 0xda,
    0x40, 0xda, 0x40, 0xd2, 0x20, 0xd2, 0x00, 0xca, 0x00, 0xca, 0xe0, 0xc1,
    0xe0, 0xc1, 0xe0, 0xc1, 0x00, 0xc2, 0x01, 0xc2, 0x61, 0x79, 0x40, 0x8a,
    0xc1, 0xa2, 0xa0, 0x9a, 0xa0, 0x9a, 0x80, 0x92, 0xa0, 0x9a, 0x80, 0x8a,
    0x46, 0x42, 0xee, 0x54, 0xee, 0x54, 0xee, 0x54, 0xee, 0x54, 0xed, 0x54,
    0xee, 0x54, 0xee, 0x54, 0xee, 0x54, 0xce, 0x54, 0xee, 0x54, 0xee, 0x54,
    0xee, 0x54, 0xce, 0x4c, 0xce, 0x54, 0xee, 0x54, 0xee, 0x54, 0xee, 0x54,
    0xee, 0x54, 0xee, 0x54, 0xee, 0x54, 0xee, 0x54, 0xee, 0x54, 0xee, 0x54,
    0xee, 0x54, 0xee, 0x54, 0xee, 0x54, 0xee, 0x4c, 0x46, 0xa4, 0x62, 0xed,
    0x62, 0xf5, 0x82, 0xf5, 0x82, 0xf5, 0xa2, 0xf5, 0xa2, 0xf5, 0xa3, 0xf5,
    0xc2, 0xfd, 0xc2, 0xf5, 0xc3, 0xf5, 0xc2, 0xf5, 0xe2, 0xfd, 0xe3, 0xfd,
    0xe3, 0xf5, 0xe2, 0xfd, 0x03, 0xfe, 0xe3, 0xf5, 0xe3, 0xf5, 0x03, 0xfe,
    0x03, 0xfe, 0x03, 0xf6, 0x03, 0xfe, 0x03, 0xfe, 0x03, 0xfe, 0x03, 0xfe,
    0x03, 0xf6, 0x03, 0xfe, 0x03, 0xfe, 0x03, 0xf6, 0x03, 0xfe, 0x03, 0xf6,
    0x03, 0xfe, 0x03, 0xfe, 0x03, 0xf6, 0x04, 0xfe, 0x03, 0xf6, 0x03, 0xf6,
    0x03, 0xfe, 0x03, 0xf6, 0xe3, 0xf5, 0xe3, 0xf5, 0xe3, 0xf5, 0xe2, 0xf5,
    0xc3, 0xfd, 0xe3, 0xf5, 0xc2, 0xf5, 0xc2, 0xf5, 0xc3, 0xfd, 0xa2, 0xf5,
    0x82, 0xf5, 0x82, 0xf5, 0x61, 0xfd, 0x21, 0xf4, 0x20, 0xf4, 0x20, 0xf4,
    0x20, 0xf4, 0x20, 0xf4, 0x00, 0xf4, 0x00, 0xf4, 0xe0, 0xf3, 0xc0, 0xf3,
    0x41, 0xe3, 0xa1, 0xeb, 0x40, 0xf4, 0x40, 0xf4, 0x41, 0xf4, 0x60, 0xfc,
    0x40, 0xfc, 0x40, 0xf4, 0x20, 0xf4, 0x40, 0xf4, 0x20, 0xf4, 0x20, 0xf4,
    0x00, 0xf4, 0x00, 0xf4, 0xe0, 0xf3, 0xe0, 0xf3, 0xc0, 0xf3, 0xc0, 0xf3,
    0xa0, 0xf3, 0x80, 0xf3, 0x80, 0xeb, 0x60, 0xf3, 0x40, 0xeb, 0x20, 0xeb,
    0x00, 0xe3, 0x00, 0xe3, 0xe0, 0xe2, 0xe0, 0xe2, 0xc0, 0xe2, 0xc0, 0xda,
    0xa0, 0xda, 0xa0, 0xda, 0xa0, 0xda, 0xa0, 0xda, 0x21, 0xca, 0xc4, 0x90,
    0x04, 0x99, 0x04, 0x99, 0x04, 0x99, 0x03, 0x99, 0xe4, 0xa0, 0xe3, 0xa8,
    0xe6, 0x53, 0x46, 0x4c, 0x46, 0x4c, 0x65, 0x4c, 0x65, 0x4c, 0x66, 0x4c,
    0x66, 0x4c, 0x45, 0x4c, 0x45, 0x4c, 0x45, 0x4c, 0x65, 0x4c, 0x65, 0x4c,
    0x45, 0x4c, 0x44, 0x4c, 0x45, 0x4c, 0x45, 0x4c, 0x45, 0x4c, 0x24, 0x44,
    0x25, 0x4c, 0x25, 0x4c, 0x25, 0x4c, 0x44, 0x44, 0x44, 0x4c, 0x45, 0x4c,
    0x24, 0x4c, 0x25, 0x4c, 0x24, 0x4c, 0x24, 0x4c, 0x24, 0x4c, 0x24, 0x4c,
    0x24, 0x4c, 0x24, 0x4c, 0xa4, 0x5b, 0x84, 0x6b, 0x25, 0x83, 0x05, 0x8b,
    0x05, 0x8b, 0xc5, 0x8a, 0xe5, 0x92, 0xc5, 0x8a, 0xa5, 0x8a, 0xa5, 0x8a,
    0x45, 0x7a, 0x45, 0x7a, 0x25, 0x7a, 0x45, 0x7a, 0x45, 0x7a, 0x25, 0x7a,
    0x24, 0x7a, 0x25, 0x7a, 0x24, 0x7a, 0x45, 0x7a, 0xc4, 0x69, 0xa1, 0x59,
    0x20, 0xa3, 0x00, 0xab, 0xc0, 0x9a, 0x80, 0x92, 0x40, 0x82, 0xe0, 0x40,
    0xe0, 0x38, 0x61, 0x71, 0x40, 0xda, 0x40, 0xda, 0x60, 0xda, 0x60, 0xda,
    0x60, 0xe2, 0x60, 0xe2, 0x80, 0xe2, 0x80, 0xe2, 0x81, 0xe2, 0x80, 0xe2,
    0xa0, 0xe2, 0x80, 0xe2, 0xa0, 0xe2, 0xa0, 0xe2, 0xa0, 0xea, 0xa0, 0xe2,
    0xa0, 0xe2, 0xa0, 0xe2, 0x80, 0xe2, 0x80, 0xe2, 0x80, 0xe2, 0x60, 0xe2,
    0x60, 0xe2, 0x60, 0xda, 0x40, 0xda, 0x40, 0xda, 0x40, 0xda, 0x40, 0xda,
    0x20, 0xd2, 0x20, 0xd2, 0x00, 0xd2, 0x00, 0xca, 0xe0, 0xc1, 0xe0, 0xc1,
    0xe1, 0xc1, 0xe0, 0xc1, 0x00, 0xc2, 0xc0, 0xb1, 0xe0, 0x38, 0xe0, 0x38,
    0x80, 0x61, 0xe1, 0xa2, 0xc0, 0x9a, 0xc0, 0x9a, 0xa0, 0x92, 0x80, 0x92,
    0x61, 0x82, 0x28, 0x43, 0xed, 0x54, 0xed, 0x54, 0xed, 0x54, 0xcd, 0x54,
    0xed, 0x54, 0xed, 0x54, 0xee, 0x54, 0xed, 0x54, 0xed, 0x54, 0xed, 0x54,
    0xee, 0x54, 0xee, 0x54, 0xed, 0x54, 0xed, 0x54, 0xee, 0x54, 0xee, 0x54,
    0xee, 0x54, 0x0e, 0x55, 0xed, 0x54, 0x0e, 0x55, 0xee, 0x54, 0x0e, 0x55,
    0x0e, 0x55, 0xee, 0x54, 0xce, 0x54, 0xee, 0x4c, 0x86, 0xb4, 0x42, 0xed,
    0x82, 0xf5, 0x82, 0xf5, 0x82, 0xf5, 0x82, 0xf5, 0xa2, 0xf5, 0xa3, 0xf5,
    0xc2, 0xfd, 0xc2, 0xf5, 0xc3, 0xf5, 0xe2, 0xf5, 0xe3, 0xfd, 0xe3, 0xfd,
    0xe2, 0xf5, 0xe3, 0xf5, 0xe3, 0xfd, 0x03, 0xf6, 0x03, 0xfe, 0x03, 0xfe,
    0x03, 0xf6, 0x03, 0xfe, 0x03, 0xf6, 0x03, 0xf6, 0x03, 0xfe, 0x03, 0xfe,
    0x03, 0xf6, 0x03, 0xfe, 0x03, 0xfe, 0x03, 0xf6, 0x04, 0xfe, 0x04, 0xfe,
    0x03, 0xfe, 0x03, 0xfe, 0x03, 0xfe, 0x03, 0xf6, 0x03, 0xfe, 0x03, 0xfe,
    0x03, 0xfe, 0xe3, 0xf5, 0xe3, 0xfd, 0xe3, 0xfd, 0xe3, 0xfd, 0xe3, 0xfd,
    0xe3, 0xfd, 0xc2, 0xf5, 0xc3, 0xfd, 0xc2, 0xfd, 0xc2, 0xf5, 0xa2, 0xfd,
    0xa2, 0xf5, 0x82, 0xfd, 0x61, 0xf5, 0x81, 0xf4, 0x20, 0xf4, 0x20, 0xf4,
    0x00, 0xf4, 0x00, 0xf4, 0x00, 0xfc, 0xe1, 0xf3, 0x60, 0xeb, 0x60, 0xe3,
    0x60, 0xf4, 0x60, 0xf4, 0x60, 0xfc, 0x60, 0xfc, 0x60, 0xfc, 0x80, 0xfc,
    0x60, 0xfc, 0x60, 0xfc, 0x60, 0xfc, 0x60, 0xfc, 0x40, 0xfc, 0x40, 0xf4,
    0x20, 0xf4, 0x20, 0xfc, 0x20, 0xf4, 0x00, 0xf4, 0x00, 0xf4, 0xe0, 0xf3,
    0xc0, 0xf3, 0xc0, 0xf3, 0xa0, 0xf3, 0x80, 0xeb, 0x80, 0xeb, 0x60, 0xeb,
    0x20, 0xeb, 0x01, 0xeb, 0xe0, 0xe2, 0xe0, 0xe2, 0xe1, 0xe2, 0xe0, 0xe2,
    0xc0, 0xe2, 0xa1, 0xe2, 0xa0, 0xe2, 0xa0, 0xe2, 0xa1, 0xe2, 0xc2, 0xb9,
    0xe3, 0x90, 0xe3, 0x98, 0x04, 0x99, 0xe4, 0xa0, 0xe4, 0xa0, 0x04, 0xa1,
    0x46, 0x44, 0x46, 0x4c, 0x46, 0x44, 0x65, 0x4c, 0x66, 0x4c, 0x45, 0x4c,
    0x65, 0x4c, 0x66, 0x4c, 0x65, 0x4c, 0x65, 0x4c, 0x85, 0x4c, 0x64, 0x44,
    0x64, 0x44, 0x65, 0x4c, 0x45, 0x4c, 0x45, 0x4c, 0x45, 0x4c, 0x65, 0x4c,
    0x44, 0x4c, 0x45, 0x4c, 0x44, 0x4c, 0x45, 0x4c, 0x45, 0x4c, 0x24, 0x4c,
    0x45, 0x4c, 0x44, 0x4c, 0x24, 0x4c, 0x44, 0x4c, 0x25, 0x4c, 0x24, 0x4c,
    0x24, 0x4c, 0x24, 0x4c, 0xe4, 0x53, 0xa4, 0x63, 0x45, 0x73, 0x45, 0x7b,
    0x64, 0x7b, 0x44, 0x7b, 0x25, 0x7b, 0x05, 0x7b, 0x04, 0x7b, 0x05, 0x73,
    0x45, 0x7a, 0x45, 0x7a, 0x45, 0x7a, 0x45, 0x7a, 0x45, 0x7a, 0x45, 0x7a,
    0x45, 0x7a, 0x25, 0x7a, 0x45, 0x7a, 0x44, 0x7a, 0xa1, 0x59, 0x00, 0xb3,
    0xe0, 0xa2, 0xa0, 0x92, 0x81, 0x8a, 0x81, 0x8a, 0x60, 0x59, 0xe0, 0x38,
    0xe0, 0x38, 0xe1, 0x40, 0x00, 0xca, 0x20, 0xd2, 0x40, 0xda, 0x40, 0xda,
    0x40, 0xda, 0x60, 0xda, 0x60, 0xda, 0x60, 0xda, 0x80, 0xe2, 0x80, 0xe2,
    0x60, 0xe2, 0x81, 0xe2, 0x80, 0xe2, 0x60, 0xe2, 0x81, 0xe2, 0x60, 0xe2,
    0x60, 0xe2, 0x80, 0xe2, 0x60, 0xe2, 0x60, 0xda, 0x60, 0xda, 0x61, 0xda,
    0x40, 0xda, 0x40, 0xda, 0x40, 0xda, 0x21, 0xd2, 0x20, 0xd2, 0x20, 0xd2,
    0x20, 0xd2, 0x00, 0xca, 0x00, 0xca, 0xe0, 0xc1, 0xe0, 0xc1, 0xc0, 0xc1,
    0xc0, 0xb9, 0xe0, 0xc1, 0x01, 0xc2, 0x20, 0x79, 0xc0, 0x38, 0x00, 0x41,
    0x00, 0x41, 0xe0, 0x71, 0xe0, 0xa2, 0xc0, 0xa2, 0xc0, 0x9a, 0xc0, 0x9a,
    0xc0, 0x9a, 0x02, 0x62, 0x2e, 0x55, 0xed, 0x54, 0xed, 0x54, 0xed, 0x54,
    0xed, 0x54, 0xed, 0x54, 0xed, 0x54, 0xed, 0x54, 0xed, 0x54, 0xed, 0x54,
    0xed, 0x54, 0xed, 0x54, 0xed, 0x54, 0xed, 0x54, 0xed, 0x54, 0xed, 0x54,
    0xed, 0x54, 0xed, 0x54, 0xee, 0x54, 0x0e, 0x55, 0xee, 0x54, 0xee, 0x54,
    0xee, 0x54, 0xee, 0x54, 0xee, 0x54, 0xef, 0x4c, 0x85, 0xbc, 0x42, 0xf5,
    0x62, 0xf5, 0x62, 0xf5, 0x82, 0xf5, 0x82, 0xf5, 0xa2, 0xf5, 0xc3, 0xf5,
    0xa2, 0xf5, 0xc2, 0xf5, 0xc3, 0xfd, 0xc2, 0xf5, 0xe2, 0xf5, 0xe3, 0xfd,
    0xe3, 0xf5, 0xe3, 0xfd, 0xe3, 0xfd, 0xe3, 0xfd, 0xe2, 0xfd, 0xe3, 0xf5,
    0x03, 0xfe, 0x03, 0xfe, 0x03, 0xf6, 0x03, 0xfe, 0x03, 0xf6, 0x03, 0xfe,
    0x03, 0xfe, 0x03, 0xf6, 0x03, 0xf6, 0x03, 0xfe, 0x03, 0xfe, 0x03, 0xf6,
    0x03, 0xfe, 0x03, 0xfe, 0x04, 0xfe, 0x03, 0xf6, 0x03, 0xfe, 0xe3, 0xf5,
    0xe3, 0xfd, 0xe3, 0xfd, 0xe3, 0xfd, 0xe2, 0xf5, 0xe2, 0xf5, 0xc3, 0xfd,
    0xe2, 0xfd, 0xc2, 0xf5, 0xc3, 0xfd, 0xc3, 0xf5, 0xa2, 0xf5, 0xa2, 0xfd,
    0xa2, 0xf5, 0x82, 0xf5, 0x62, 0xf5, 0xc1, 0xf4, 0x00, 0xf4, 0xe0, 0xf3,
    0x00, 0xf4, 0x00, 0xf4, 0xe0, 0xf3, 0x40, 0xe3, 0x20, 0xf4, 0x60, 0xfc,
    0x60, 0xf4, 0x80, 0xfc, 0x80, 0xfc, 0xa0, 0xfc, 0x80, 0xf4, 0x80, 0xf4,
    0xa0, 0xf4, 0xa0, 0xfc, 0x80, 0xfc, 0x60, 0xfc, 0x80, 0xfc, 0x60, 0xfc,
    0x60, 0xfc, 0x40, 0xf4, 0x40, 0xf4, 0x20, 0xf4, 0x20, 0xf4, 0x20, 0xf4,
    0xe0, 0xf3, 0xe0, 0xf3, 0xc0, 0xf3, 0xc0, 0xf3, 0xa0, 0xf3, 0x80, 0xeb,
    0x60, 0xeb, 0x20, 0xeb, 0x20, 0xeb, 0x00, 0xe3, 0xe0, 0xe2, 0xe0, 0xe2,
    0xe0, 0xe2, 0xe0, 0xe2, 0xc0, 0xe2, 0xc0, 0xda, 0xa0, 0xda, 0xa0, 0xda,
    0x62, 0xa9, 0xe4, 0x98, 0xe3, 0x98, 0x04, 0xa1, 0xe4, 0xa0, 0xa4, 0x89,
    0x47, 0x3c, 0x27, 0x44, 0x47, 0x44, 0x66, 0x44, 0x66, 0x4c, 0x66, 0x44,
    0xc6, 0x44, 0xc5, 0x44, 0xa5, 0x44, 0xa5, 0x44, 0xe5, 0x44, 0xc5, 0x44,
    0x85, 0x4c, 0x85, 0x44, 0x65, 0x4c, 0x64, 0x4c, 0x65, 0x4c, 0x44, 0x4c,
    0x45, 0x4c, 0x45, 0x4c, 0x24, 0x4c, 0x44, 0x4c, 0x24, 0x4c, 0x44, 0x4c,
    0x24, 0x4c, 0x45, 0x4c, 0x44, 0x4c, 0x44, 0x54, 0x24, 0x4c, 0x44, 0x54,
    0x24, 0x4c, 0x04, 0x4c, 0x04, 0x54, 0x04, 0x54, 0x04, 0x54, 0x04, 0x54,
    0xe4, 0x5b, 0xe4, 0x5b, 0xe4, 0x5b, 0xc4, 0x5b, 0x84, 0x63, 0x84, 0x63,
    0x45, 0x7a, 0x45, 0x7a, 0x45, 0x7a, 0x45, 0x7a, 0x45, 0x7a, 0x45, 0x7a,
    0x25, 0x7a, 0x44, 0x7a, 0x45, 0x7a, 0x24, 0x72, 0xe1, 0x9a, 0x20, 0xab,
    0x00, 0xa3, 0xe0, 0x9a, 0x80, 0x8a, 0x80, 0x92, 0x80, 0x59, 0xe0, 0x38,
    0xe0, 0x38, 0xe0, 0x38, 0x80, 0x91, 0x20, 0xca, 0x20, 0xd2, 0x20, 0xd2,
    0x20, 0xd2, 0x40, 0xda, 0x40, 0xd2, 0x40, 0xda, 0x40, 0xda, 0x40, 0xda,
    0x40, 0xda, 0x40, 0xda, 0x60, 0xda, 0x40, 0xda, 0x40, 0xda, 0x60, 0xda,
    0x60, 0xda, 0x40, 0xda, 0x41, 0xda, 0x40, 0xda, 0x40, 0xda, 0x20, 0xd2,
    0x20, 0xd2, 0x20, 0xd2, 0x20, 0xd2, 0x20, 0xd2, 0x00, 0xd2, 0x00, 0xd2,
    0x00, 0xca, 0x00, 0xca, 0xe1, 0xc9, 0xc0, 0xc1, 0xc0, 0xc1, 0xc0, 0xc1,
    0xe0, 0xc1, 0xe0, 0xb9, 0xc1, 0xc1, 0xa0, 0x30, 0xe0, 0x38, 0xe0, 0x40,
    0x00, 0x41, 0x81, 0x61, 0xe0, 0xa2, 0xe0, 0xa2, 0xe0, 0xa2, 0xc1, 0xa2,
    0xc0, 0x9a, 0x22, 0x7a, 0x2d, 0x5d, 0x0d, 0x55, 0xed, 0x54, 0xed, 0x54,
    0xed, 0x54, 0xed, 0x54, 0xed, 0x54, 0xed, 0x54, 0xed, 0x54, 0xed, 0x54,
    0xed, 0x54, 0xed, 0x54, 0xed, 0x54, 0x0d, 0x55, 0xed, 0x54, 0x0d, 0x55,
    0xed, 0x54, 0xed, 0x54, 0xed, 0x54, 0xed, 0x54, 0x0d, 0x5d, 0xee, 0x5c,
    0xed, 0x54, 0x0d, 0x55, 0xee, 0x54, 0xee, 0x4c, 0x85, 0xbc, 0x42, 0xed,
    0x62, 0xf5, 0x62, 0xf5, 0x82, 0xf5, 0x82, 0xf5, 0xa2, 0xf5, 0xa2, 0xf5,
    0xc3, 0xf5, 0xc3, 0xfd, 0xc3, 0xfd, 0xc2, 0xf5, 0xc2, 0xf5, 0xc3, 0xfd,
    0xe3, 0xfd, 0xe3, 0xf5, 0xe3, 0xfd, 0xe3, 0xf5, 0xe3, 0xf5, 0xe3, 0xfd,
    0xe3, 0xfd, 0xe3, 0xf5, 0x03, 0xfe, 0x03, 0xfe, 0xe3, 0xf5, 0x03, 0xf6,
    0x03, 0xfe, 0x03, 0xf6, 0x03, 0xfe, 0x03, 0xfe, 0x03, 0xf6, 0x03, 0xf6,
    0xe3, 0xfd, 0x03, 0xf6, 0x03, 0xfe, 0x03, 0xfe, 0x03, 0xf6, 0xe3, 0xfd,
    0xe3, 0xf5, 0xe3, 0xfd, 0xe3, 0xf5, 0xe3, 0xfd, 0xe3, 0xf5, 0xc2, 0xf5,
    0xc3, 0xf5, 0xc3, 0xfd, 0xc2, 0xf5, 0xc2, 0xf5, 0xa2, 0xfd, 0xa2, 0xf5,
    0x82, 0xf5, 0x62, 0xf5, 0x62, 0xf5, 0x21, 0xf5, 0xe0, 0xf3, 0xe0, 0xf3,
    0xc0, 0xf3, 0xc0, 0xf3, 0x60, 0xe3, 0x40, 0xf4, 0x60, 0xf4, 0x81, 0xfc,
    0xa0, 0xfc, 0xa0, 0xfc, 0xc0, 0xfc, 0xc0, 0xf4, 0xa0, 0xfc, 0xa0, 0xfc,
    0xa0, 0xfc, 0xc0, 0xfc, 0xa0, 0xf4, 0xa0, 0xf4, 0x80, 0xfc, 0x80, 0xfc,
    0x80, 0xf4, 0x60, 0xfc, 0x60, 0xfc, 0x60, 0xfc, 0x40, 0xfc, 0x20, 0xf4,
    0x20, 0xf4, 0x00, 0xf4, 0xe0, 0xf3, 0xc0, 0xf3, 0xc0, 0xf3, 0x80, 0xf3,
    0x80, 0xeb, 0x40, 0xeb, 0x20, 0xeb, 0x00, 0xeb, 0x00, 0xe3, 0xe0, 0xe2,
    0xe0, 0xe2, 0xe0, 0xe2, 0xc0, 0xe2, 0xc0, 0xe2, 0xc0, 0xe2, 0xa0, 0xda,
    0xa1, 0xda, 0x03, 0x99, 0xe3, 0x98, 0xe3, 0x98, 0xe4, 0xa0, 0xe6, 0x6a,
    0x47, 0x3c, 0x47, 0x44, 0x47, 0x44, 0x86, 0x44, 0x25, 0x54, 0xc4, 0x82,
    0x84, 0xb1, 0xa4, 0xd0, 0xa3, 0xd8, 0xa3, 0xd8, 0xa3, 0xd0, 0xa3, 0xb1,
    0x24, 0x7b, 0x65, 0x4c, 0x85, 0x44, 0x45, 0x4c, 0x45, 0x4c, 0x44, 0x4c,
    0x45, 0x4c, 0x45, 0x4c, 0x44, 0x4c, 0x45, 0x4c, 0x44, 0x4c, 0x44, 0x4c,
    0x44, 0x4c, 0x44, 0x4c, 0x24, 0x4c, 0x24, 0x4c, 0x44, 0x4c, 0x24, 0x4c,
    0x25, 0x4c, 0x24, 0x54, 0x24, 0x54, 0x04, 0x54, 0x04, 0x54, 0xe4, 0x53,
    0xc4, 0x53, 0xc4, 0x5b, 0xc4, 0x5b, 0xc4, 0x5b, 0xa4, 0x5b, 0xa5, 0x63,
    0x45, 0x72, 0x45, 0x7a, 0x45, 0x7a, 0x45, 0x7a, 0x45, 0x7a, 0x45, 0x7a,
    0x45, 0x7a, 0x45, 0x7a, 0x44, 0x7a, 0x04, 0x72, 0x41, 0xb3, 0x80, 0xbb,
    0x40, 0xab, 0x00, 0xa3, 0xc0, 0x9a, 0xa1, 0x92, 0x40, 0x8a, 0x00, 0x41,
    0xe0, 0x38, 0xe0, 0x40, 0xe1, 0x40, 0xe0, 0xb9, 0x00, 0xca, 0x00, 0xca,
    0x20, 0xca, 0x20, 0xd2, 0x21, 0xd2, 0x20, 0xd2, 0x40, 0xd2, 0x40, 0xd2,
    0x20, 0xda, 0x40, 0xda, 0x40, 0xda, 0x40, 0xda, 0x40, 0xda, 0x40, 0xd2,
    0x20, 0xda, 0x40, 0xd2, 0x20, 0xd2, 0x20, 0xd2, 0x20, 0xd2, 0x20, 0xd2,
    0x20, 0xd2, 0x00, 0xd2, 0x00, 0xd2, 0x00, 0xca, 0x00, 0xca, 0xe0, 0xc9,
    0xe0, 0xc9, 0xe0, 0xc1, 0xc0, 0xc1, 0xc0, 0xc1, 0xc0, 0xb9, 0xe0, 0xb9,
    0xe0, 0xb9, 0xe0, 0xc1, 0x40, 0x79, 0xc0, 0x30, 0xe0, 0x38, 0xe0, 0x40,
    0x20, 0x49, 0x00, 0x7a, 0xe0, 0xa2, 0x00, 0xab, 0xe0, 0xa2, 0xe0, 0xa2,
    0xc0, 0xa2, 0x02, 0x6a, 0x4c, 0x5d, 0x0c, 0x5d, 0xed, 0x54, 0xec, 0x54,
    0xec, 0x54, 0xec, 0x54, 0xed, 0x54, 0xed, 0x54, 0xed, 0x54, 0xed, 0x54,
    0xed, 0x54, 0xed, 0x54, 0xed, 0x54, 0xed, 0x54, 0xed, 0x5c, 0xed, 0x5c,
    0xed, 0x54, 0xed, 0x5c, 0xed, 0x54, 0xed, 0x5c, 0x0e, 0x5d, 0xed, 0x54,
    0xed, 0x54, 0x0d, 0x5d, 0xed, 0x54, 0xee, 0x44, 0x44, 0xbc, 0x01, 0xed,
    0x62, 0xed, 0x62, 0xf5, 0x82, 0xf5, 0x82, 0xf5, 0xa2, 0xf5, 0xa2, 0xf5,
    0xa2, 0xf5, 0xc2, 0xf5, 0xc3, 0xf5, 0xc2, 0xf5, 0xc2, 0xfd, 0xe2, 0xf5,
    0xe3, 0xf5, 0xc2, 0xfd, 0xe2, 0xf5, 0xe2, 0xf5, 0xe3, 0xfd, 0xe3, 0xfd,
    0xe3, 0xf5, 0xe3, 0xfd, 0xe3, 0xfd, 0xe3, 0xf5, 0xe3, 0xfd, 0xe3, 0xfd,
    0xe3, 0xfd, 0x03, 0xf6, 0x03, 0xfe, 0x03, 0xfe, 0xe3, 0xf5, 0x03, 0xfe,
    0x03, 0xfe, 0x03, 0xf6, 0xe3, 0xf5, 0xe3, 0xfd, 0xe3, 0xfd, 0xe3, 0xfd,
    0xe3, 0xf5, 0xe3, 0xf5, 0xe3, 0xfd, 0xe2, 0xfd, 0xc3, 0xfd, 0xe3, 0xf5,
    0xc3, 0xfd, 0xc2, 0xfd, 0xa2, 0xf5, 0xa2, 0xf5, 0xa2, 0xfd, 0x82, 0xf5,
    0x82, 0xfd, 0x62, 0xf5, 0x61, 0xf5, 0x41, 0xf5, 0x00, 0xec, 0xe0, 0xf3,
    0xc0, 0xf3, 0x61, 0xe3, 0x40, 0xf4, 0x80, 0xfc, 0x80, 0xfc, 0xa0, 0xfc,
    0xc0, 0xfc, 0xe0, 0xfc, 0xc0, 0xfc, 0xe0, 0xfc, 0xe0, 0xfc, 0xe0, 0xfc,
    0xe0, 0xfc, 0xc0, 0xfc, 0xc0, 0xfc, 0xc0, 0xfc, 0xa0, 0xfc, 0xa0, 0xf4,
    0xa1, 0xfc, 0x80, 0xfc, 0x80, 0xf4, 0x80, 0xf4, 0x60, 0xfc, 0x40, 0xfc,
    0x40, 0xf4, 0x20, 0xf4, 0x00, 0xf4, 0xe0, 0xf3, 0xc0, 0xf3, 0xc0, 0xf3,
    0xa0, 0xf3, 0x80, 0xeb, 0x60, 0xeb, 0x20, 0xeb, 0x20, 0xeb, 0x00, 0xeb,
    0xe0, 0xe2, 0xe0, 0xe2, 0xe0, 0xe2, 0xe0, 0xe2, 0xc0, 0xe2, 0xc0, 0xe2,
    0xc1, 0xe2, 0x61, 0xd2, 0xe3, 0x90, 0xe4, 0xa0, 0xc3, 0xa0, 0x08, 0x4c,
    0x28, 0x3c, 0x48, 0x3c, 0xa7, 0x5b, 0x64, 0xa1, 0xa4, 0xc0, 0x03, 0xb9,
    0xc3, 0xc8, 0xe3, 0xc8, 0x03, 0xc9, 0xe3, 0xd0, 0xe3, 0xd0, 0xe3, 0xd0,
    0xe3, 0xd0, 0xc3, 0xd8, 0x23, 0xa2, 0xa4, 0x44, 0x64, 0x4c, 0x64, 0x4c,
    0x65, 0x4c, 0x64, 0x4c, 0x64, 0x4c, 0x65, 0x4c, 0x44, 0x4c, 0x44, 0x4c,
    0x45, 0x4c, 0x44, 0x4c, 0x44, 0x54, 0x44, 0x4c, 0x24, 0x4c, 0x44, 0x4c,
    0x44, 0x4c, 0x44, 0x4c, 0x44, 0x4c, 0x24, 0x54, 0x04, 0x54, 0xe4, 0x53,
    0xc3, 0x53, 0xc4, 0x5b, 0xc4, 0x5b, 0xc4, 0x5b, 0xa4, 0x5b, 0xa4, 0x5b,
    0x65, 0x72, 0x45, 0x72, 0x45, 0x7a, 0x45, 0x7a, 0x65, 0x72, 0x45, 0x72,
    0x45, 0x72, 0x45, 0x7a, 0x45, 0x7a, 0x24, 0x6a, 0xc1, 0x9a, 0x80, 0xbb,
    0x80, 0xbb, 0x41, 0xab, 0x20, 0xa3, 0xe0, 0xa2, 0xa1, 0x9a, 0x80, 0x92,
    0xc0, 0x69, 0x00, 0x41, 0xe0, 0x40, 0x21, 0x51, 0xe1, 0xb9, 0x00, 0xc2,
    0x20, 0xca, 0x20, 0xca, 0x00, 0xca, 0x00, 0xca, 0x20, 0xca, 0x20, 0xd2,
    0x21, 0xd2, 0x20, 0xd2, 0x20, 0xd2, 0x21, 0xd2, 0x20, 0xd2, 0x20, 0xd2,
    0x21, 0xd2, 0x20, 0xd2, 0x20, 0xd2, 0x00, 0xd2, 0x20, 0xca, 0x00, 0xca,
    0x00, 0xca, 0x00, 0xca, 0xe0, 0xc9, 0xe0, 0xc1, 0xe0, 0xc9, 0xe1, 0xc1,
    0xc0, 0xc1, 0xc0, 0xc1, 0xc0, 0xb9, 0xe0, 0xb9, 0xe0, 0xb9, 0xe0, 0xb9,
    0xe1, 0xc1, 0xe0, 0xb9, 0xa0, 0x38, 0xa0, 0x30, 0xe0, 0x40, 0x40, 0x51,
    0xe0, 0x71, 0xa0, 0x9a, 0x00, 0xab, 0x00, 0xab, 0x00, 0xab, 0xe0, 0xa2,
    0x00, 0xab, 0x81, 0x51, 0x2c, 0x5d, 0xeb, 0x5c, 0xec, 0x54, 0xec, 0x54,
    0xec, 0x54, 0xec, 0x54, 0xec, 0x54, 0xcc, 0x54, 0xec, 0x54, 0xec, 0x54,
    0xec, 0x54, 0xed, 0x5c, 0xed, 0x5c, 0xed, 0x5c, 0xed, 0x5c, 0xed, 0x54,
    0xed, 0x54, 0xed, 0x5c, 0xed, 0x5c, 0xed, 0x54, 0x0d, 0x5d, 0xed, 0x54,
    0xed, 0x5c, 0x0d, 0x55, 0x0d, 0x55, 0xc7, 0x8b, 0xe1, 0xeb, 0x01, 0xed,
    0xe1, 0xf4, 0x62, 0xf5, 0x62, 0xf5, 0x82, 0xf5, 0x82, 0xf5, 0x82, 0xf5,
    0xa2, 0xfd, 0xc2, 0xf5, 0xa2, 0xf5, 0xc3, 0xfd, 0xc3, 0xf5, 0xc2, 0xfd,
    0xe3, 0xfd, 0xc3, 0xf5, 0xe3, 0xfd, 0xe3, 0xfd, 0xe3, 0xf5, 0xe3, 0xfd,
    0x03, 0xf6, 0x03, 0xfe, 0xe3, 0xfd, 0xe3, 0xf5, 0x03, 0xfe, 0x03, 0xfe,
    0xe3, 0xf5, 0x03, 0xfe, 0xe3, 0xfd, 0x03, 0xfe, 0xe3, 0xfd, 0xe3, 0xfd,
    0xe3, 0xfd, 0xe3, 0xf5, 0x03, 0xfe, 0xe3, 0xfd, 0xe3, 0xf5, 0xe3, 0xf5,
    0xe3, 0xfd, 0xe2, 0xfd, 0xe2, 0xf5, 0xc2, 0xf5, 0xc2, 0xf5, 0xc3, 0xf5,
    0xc2, 0xfd, 0xa2, 0xf5, 0xc3, 0xf5, 0xa2, 0xf5, 0x82, 0xf5, 0x82, 0xfd,
    0x82, 0xf5, 0x61, 0xf5, 0x42, 0xfd, 0x21, 0xf5, 0x61, 0xf4, 0xa0, 0xf3,
    0x80, 0xe3, 0x40, 0xf4, 0x80, 0xfc, 0xa0, 0xfc, 0xc0, 0xfc, 0xe0, 0xf4,
    0xe0, 0xfc, 0x00, 0xfd, 0xe0, 0xfc, 0x00, 0xfd, 0x00, 0xfd, 0x00, 0xfd,
    0xe0, 0xfc, 0xe0, 0xfc, 0xe0, 0xfc, 0xe0, 0xfc, 0xc0, 0xfc, 0xc0, 0xfc,
    0xa0, 0xfc, 0xa0, 0xfc, 0xa0, 0xfc, 0x80, 0xfc, 0x80, 0xf4, 0x80, 0xfc,
    0x60, 0xfc, 0x40, 0xfc, 0x20, 0xf4, 0x00, 0xf4, 0xe0, 0xf3, 0xe1, 0xf3,
    0xc0, 0xf3, 0xa0, 0xf3, 0x80, 0xeb, 0x61, 0xf3, 0x40, 0xeb, 0x20, 0xeb,
    0x01, 0xeb, 0x00, 0xe3, 0x00, 0xeb, 0x00, 0xe3, 0xe0, 0xe2, 0xe0, 0xe2,
    0xc0, 0xe2, 0xc0, 0xe2, 0x21, 0xca, 0xc4, 0x98, 0x44, 0x91, 0x6a, 0x3c,
    0x29, 0x44, 0x84, 0x91, 0xc3, 0xb0, 0x03, 0xb1, 0x04, 0xb9, 0x04, 0xb9,
    0x03, 0xc1, 0x03, 0xc9, 0x03, 0xc9, 0x03, 0xd1, 0x04, 0xd1, 0x03, 0xd1,
    0x03, 0xd1, 0x03, 0xd1, 0xc3, 0xd8, 0xe3, 0xd0, 0x25, 0x64, 0xa4, 0x44,
    0x65, 0x4c, 0x64, 0x4c, 0x64, 0x4c, 0x44, 0x4c, 0x64, 0x4c, 0x64, 0x54,
    0x44, 0x4c, 0x44, 0x4c, 0x44, 0x4c, 0x44, 0x4c, 0x44, 0x54, 0x44, 0x54,
    0x44, 0x4c, 0x24, 0x4c, 0x44, 0x54, 0x24, 0x54, 0x24, 0x54, 0xe3, 0x53,
    0x04, 0x54, 0xe4, 0x53, 0xe4, 0x53, 0xe3, 0x53, 0xe4, 0x5b, 0xc4, 0x53,
    0x65, 0x72, 0x65, 0x72, 0x65, 0x72, 0x65, 0x72, 0x85, 0x7a, 0x85, 0x7a,
    0x65, 0x72, 0x65, 0x7a, 0x65, 0x7a, 0x24, 0x72, 0xc0, 0x59, 0x80, 0xbb,
    0xa0, 0xbb, 0x60, 0xb3, 0x40, 0xab, 0x40, 0xab, 0x20, 0xab, 0xc1, 0x9a,
    0xa1, 0x92, 0xa0, 0x92, 0x20, 0x82, 0x60, 0x59, 0xe0, 0x48, 0xa1, 0xa1,
    0x00, 0xc2, 0x00, 0xc2, 0x00, 0xc2, 0xe0, 0xc1, 0x00, 0xca, 0x00, 0xca,
    0x00, 0xca, 0x00, 0xca, 0x00, 0xca, 0x00, 0xca, 0x00, 0xca, 0x00, 0xca,
    0x00, 0xca, 0x00, 0xca, 0x00, 0xca, 0x00, 0xca, 0x00, 0xca, 0xe1, 0xc9,
    0xe0, 0xc1, 0xe0, 0xc1, 0xe0, 0xc1, 0xe0, 0xc1, 0xe0, 0xc1, 0xc0, 0xc1,
    0xc0, 0xc1, 0xc0, 0xb9, 0xc0, 0xb9, 0xc0, 0xb9, 0xc0, 0xb9, 0xe1, 0xc1,
    0xe0, 0xb9, 0x21, 0x59, 0x80, 0x59, 0x01, 0x7a, 0x40, 0x8a, 0x80, 0x92,
    0xa1, 0x9a, 0xe0, 0xa2, 0x20, 0xab, 0x41, 0xab, 0x20, 0xab, 0x21, 0xb3,
    0x80, 0x92, 0x42, 0x49, 0x4b, 0x5d, 0xeb, 0x54, 0xeb, 0x5c, 0xeb, 0x5c,
    0xeb, 0x54, 0xeb, 0x54, 0xeb, 0x54, 0xec, 0x5c, 0xec, 0x5c, 0xec, 0x54,
    0xec, 0x5c, 0xec, 0x5c, 0xec, 0x54, 0xec, 0x54, 0xec, 0x54, 0xec, 0x5c,
    0xed, 0x54, 0xed, 0x5c, 0xed, 0x54, 0xed, 0x5c, 0xed, 0x5c, 0xec, 0x5c,
    0xed, 0x5c, 0x0d, 0x55, 0xe7, 0x8b, 0x20, 0xeb, 0xe1, 0xeb, 0x61, 0xf5,
    0x21, 0xed, 0x01, 0xed, 0x62, 0xf5, 0x82, 0xf5, 0x82, 0xf5, 0xa2, 0xf5,
    0xa3, 0xf5, 0xa2, 0xf5, 0xc2, 0xfd, 0xc2, 0xf5, 0xc2, 0xf5, 0xc2, 0xf5,
    0xc2, 0xf5, 0xc3, 0xfd, 0xe2, 0xf5, 0xc2, 0xfd, 0xe3, 0xf5, 0xe2, 0xf5,
    0xe3, 0xfd, 0xe3, 0xf5, 0xe3, 0xfd, 0x03, 0xf6, 0x03, 0xfe, 0xe3, 0xf5,
    0x03, 0xfe, 0xe3, 0xf5, 0xe3, 0xf5, 0x03, 0xfe, 0xe3, 0xf5, 0x03, 0xf6,
    0x03, 0xfe, 0xe3, 0xfd, 0xe3, 0xfd, 0xe3, 0xfd, 0xe3, 0xf5, 0xe2, 0xf5,
    0xe3, 0xfd, 0xe3, 0xfd, 0xc3, 0xf5, 0xc3, 0xfd, 0xc2, 0xfd, 0xc3, 0xf5,
    0xc2, 0xfd, 0xa2, 0xf5, 0xa2, 0xf5, 0xa2, 0xfd, 0x82, 0xf5, 0x82, 0xf5,
    0x62, 0xf5, 0x41, 0xf5, 0x41, 0xf5, 0x41, 0xfd, 0x21, 0xf5, 0x80, 0xe3,
    0x60, 0xf4, 0x60, 0xf4, 0xa0, 0xfc, 0xa0, 0xf4, 0xe0, 0xfc, 0xe0, 0xfc,
    0x00, 0xfd, 0x00, 0xfd, 0x00, 0xfd, 0x20, 0xfd, 0x00, 0xfd, 0x00, 0xfd,
    0x00, 0xfd, 0x00, 0xfd, 0x00, 0xfd, 0xe0, 0xf4, 0xe0, 0xfc, 0xc0, 0xf4,
    0xc0, 0xfc, 0xc0, 0xfc, 0xa0, 0xf4, 0xa0, 0xfc, 0x80, 0xfc, 0x80, 0xf4,
    0x60, 0xfc, 0x60, 0xfc, 0x40, 0xf4, 0x20, 0xf4, 0x00, 0xf4, 0xe0, 0xf3,
    0xc0, 0xf3, 0xc0, 0xf3, 0x80, 0xf3, 0x80, 0xeb, 0x40, 0xeb, 0x20, 0xeb,
    0x00, 0xe3, 0x00, 0xeb, 0x00, 0xeb, 0x00, 0xeb, 0xe0, 0xe2, 0xe0, 0xe2,
    0xc0, 0xe2, 0xc0, 0xe2, 0xc0, 0xe2, 0x21, 0xc2, 0x65, 0x72, 0x47, 0x5b,
    0xc3, 0xa8, 0xe4, 0xa8, 0xc3, 0xb0, 0xe4, 0xb0, 0x03, 0xb9, 0xe3, 0xb8,
    0xe3, 0xc0, 0x03, 0xc9, 0x03, 0xc9, 0x03, 0xc9, 0x03, 0xd1, 0x03, 0xd1,
    0x04, 0xd1, 0x03, 0xd1, 0x03, 0xd1, 0x03, 0xd1, 0xe3, 0xd0, 0xa4, 0x6b,
    0x64, 0x44, 0x84, 0x4c, 0x64, 0x4c, 0x64, 0x54, 0x64, 0x54, 0x65, 0x54,
    0x64, 0x4c, 0x64, 0x54, 0x44, 0x54, 0x44, 0x4c, 0x44, 0x4c, 0x64, 0x4c,
    0x64, 0x54, 0x44, 0x4c, 0x64, 0x54, 0x43, 0x54, 0x24, 0x54, 0x23, 0x54,
    0x23, 0x54, 0x04, 0x54, 0x03, 0x54, 0xe3, 0x53, 0xe4, 0x53, 0xe3, 0x4b,
    0xc5, 0x6a, 0xe5, 0x6a, 0xe5, 0x6a, 0xc5, 0x6a, 0xc5, 0x72, 0xa5, 0x72,
    0xa5, 0x72, 0xc5, 0x7a, 0xa4, 0x7a, 0x24, 0x6a, 0x80, 0x51, 0x60, 0x82,
    0x21, 0xa3, 0xe1, 0xbb, 0x80, 0xb3, 0x40, 0xab, 0x60, 0xab, 0x60, 0xab,
    0x20, 0xab, 0x00, 0xa3, 0xc0, 0x9a, 0xa0, 0x9a, 0xa0, 0x9a, 0x20, 0x7a,
    0x80, 0x59, 0x21, 0x59, 0x61, 0x71, 0xa0, 0x99, 0xe0, 0xb1, 0xe0, 0xb9,
    0x00, 0xc2, 0x00, 0xc2, 0x01, 0xc2, 0x00, 0xc2, 0x00, 0xc2, 0x00, 0xc2,
    0x00, 0xc2, 0x00, 0xc2, 0x00, 0xba, 0x00, 0xc2, 0xe0, 0xc1, 0xe0, 0xc1,
    0xe0, 0xc1, 0xc0, 0xb9, 0xe0, 0xb9, 0xe0, 0xb9, 0xc0, 0xb9, 0xc0, 0xb9,
    0xe0, 0xb9, 0xe0, 0xb9, 0xc1, 0xb1, 0x80, 0x99, 0x40, 0x79, 0x40, 0x59,
    0x00, 0x7a, 0xc0, 0x9a, 0xc0, 0x9a, 0xc0, 0x9a, 0xe0, 0x9a, 0x00, 0xa3,
    0x20, 0xab, 0x40, 0xab, 0x20, 0xab, 0x41, 0xb3, 0xa1, 0xc3, 0xc0, 0x92,
    0x00, 0x72, 0x41, 0x49, 0x29, 0x5d, 0xe9, 0x5c, 0xea, 0x54, 0xea, 0x5c,
    0xea, 0x5c, 0xeb, 0x5c, 0xeb, 0x5c, 0xcb, 0x54, 0xcb, 0x54, 0xec, 0x54,
    0xec, 0x54, 0xeb, 0x5c, 0xec, 0x5c, 0xec, 0x54, 0xec, 0x5c, 0xec, 0x5c,
    0xec, 0x54, 0xec, 0x5c, 0xec, 0x5c, 0xec, 0x54, 0xec, 0x54, 0x0c, 0x5d,
    0x0c, 0x55, 0x69, 0x6c, 0x20, 0xe3, 0x40, 0xeb, 0xa1, 0xe3, 0x42, 0xed,
    0x42, 0xf5, 0x41, 0xf5, 0x00, 0xf5, 0x62, 0xed, 0x82, 0xf5, 0x82, 0xf5,
    0x82, 0xf5, 0xa2, 0xf5, 0xc3, 0xf5, 0xc2, 0xfd, 0xc2, 0xf5, 0xc3, 0xfd,
    0xc2, 0xf5, 0xe3, 0xfd, 0xc2, 0xf5, 0xc3, 0xf5, 0xe3, 0xfd, 0xe2, 0xf5,
    0xe3, 0xfd, 0xe3, 0xfd, 0xe3, 0xf5, 0xe3, 0xf5, 0xe3, 0xfd, 0xe3, 0xf5,
    0xe3, 0xfd, 0x03, 0xfe, 0xe3, 0xf5, 0xe3, 0xfd, 0xe3, 0xf5, 0xe3, 0xfd,
    0xe3, 0xfd, 0xe3, 0xf5, 0xe3, 0xf5, 0xe3, 0xfd, 0xe3, 0xfd, 0xe3, 0xfd,
    0xc2, 0xf5, 0xe2, 0xfd, 0xc3, 0xf5, 0xc3, 0xfd, 0xc2, 0xfd, 0xc2, 0xf5,
    0xa2, 0xf5, 0xa2, 0xfd, 0xa2, 0xf5, 0x82, 0xfd, 0x82, 0xf5, 0x62, 0xf5,
    0x62, 0xf5, 0x42, 0xf5, 0x41, 0xf5, 0x21, 0xf5, 0x41, 0xec, 0x40, 0xf4,
    0x80, 0xfc, 0xa0, 0xf4, 0xc0, 0xfc, 0xe0, 0xfc, 0xe0, 0xfc, 0x00, 0xfd,
    0x20, 0xfd, 0x20, 0xfd, 0x20, 0xfd, 0x40, 0xfd, 0x20, 0xfd, 0x20, 0xfd,
    0x20, 0xfd, 0x20, 0xfd, 0x00, 0xfd, 0x00, 0xfd, 0xe0, 0xfc, 0xe0, 0xfc,
    0xe0, 0xfc, 0xc0, 0xfc, 0xc0, 0xfc, 0xc0, 0xfc, 0xa0, 0xfc, 0xa0, 0xfc,
    0x80, 0xf4, 0x60, 0xfc, 0x60, 0xfc, 0x40, 0xfc, 0x20, 0xf4, 0x00, 0xf4,
    0x00, 0xf4, 0xe0, 0xf3, 0xa0, 0xf3, 0x80, 0xf3, 0x60, 0xeb, 0x40, 0xeb,
    0x20, 0xeb, 0x20, 0xeb, 0x21, 0xeb, 0x00, 0xe3, 0x00, 0xeb, 0xe0, 0xe2,
    0xe0, 0xe2, 0xc0, 0xe2, 0xc0, 0xe2, 0xe1, 0xe2, 0x82, 0xca, 0xc3, 0xa0,
    0xc3, 0xa0, 0xe3, 0xa8, 0xe3, 0xa8, 0xe3, 0xb0, 0xe3, 0xb0, 0xe3, 0xb8,
    0x04, 0xc1, 0x03, 0xc9, 0x03, 0xc9, 0x03, 0xc9, 0x03, 0xd1, 0x03, 0xd1,
    0x03, 0xd1, 0x23, 0xd9, 0x03, 0xd1, 0x03, 0xd1, 0x03, 0xd1, 0xe3, 0xd8,
    0x44, 0x54, 0x64, 0x4c, 0x64, 0x4c, 0x64, 0x4c, 0x64, 0x4c, 0x64, 0x4c,
    0x64, 0x54, 0x84, 0x54, 0x84, 0x4c, 0x84, 0x4c, 0xa3, 0x4c, 0xc4, 0x4c,
    0x84, 0x4c, 0x63, 0x4c, 0x63, 0x4c, 0x44, 0x4c, 0x44, 0x4c, 0x43, 0x54,
    0x23, 0x4c, 0x23, 0x54, 0x23, 0x54, 0x43, 0x54, 0x43, 0x4c, 0xc2, 0x93,
    0x84, 0x53, 0xa4, 0x53, 0xa4, 0x53, 0xa4, 0x53, 0x84, 0x5b, 0x64, 0x5b,
    0x44, 0x63, 0x44, 0x63, 0x24, 0x6b, 0xe3, 0x61, 0xc0, 0x69, 0x80, 0x82,
    0x60, 0x82, 0xa0, 0x82, 0x61, 0xa3, 0x41, 0xc4, 0x21, 0xc4, 0x60, 0xab,
    0x41, 0xab, 0x40, 0xab, 0x41, 0xab, 0x20, 0xa3, 0x00, 0xa3, 0xe0, 0x9a,
    0xc0, 0x9a, 0xe1, 0x9a, 0xa0, 0x92, 0x80, 0x8a, 0x21, 0x72, 0xc0, 0x61,
    0x81, 0x61, 0x60, 0x59, 0x60, 0x61, 0x41, 0x69, 0x60, 0x79, 0x61, 0x81,
    0x80, 0x89, 0x81, 0x89, 0x80, 0x91, 0x81, 0x89, 0x61, 0x81, 0x60, 0x81,
    0x60, 0x81, 0x61, 0x89, 0x61, 0x81, 0x41, 0x79, 0x40, 0x71, 0x20, 0x69,
    0x40, 0x59, 0x80, 0x61, 0xe0, 0x71, 0x80, 0x92, 0xc0, 0xa2, 0xc0, 0xa2,
    0xc0, 0x9a, 0xe0, 0xa2, 0x20, 0xab, 0x20, 0xab, 0x40, 0xb3, 0x40, 0xab,
    0x41, 0xb3, 0xa1, 0xbb, 0xe0, 0xc3, 0x60, 0xab, 0x40, 0x7a, 0x00, 0x72,
    0x20, 0x72, 0x41, 0x41, 0x28, 0x5d, 0xc8, 0x5c, 0xe9, 0x54, 0xe9, 0x54,
    0xea, 0x54, 0xea, 0x54, 0xca, 0x54, 0xeb, 0x5c, 0xea, 0x5c, 0xeb, 0x54,
    0xea, 0x54, 0xeb, 0x5c, 0xeb, 0x5c, 0xeb, 0x5c, 0xeb, 0x5c, 0xeb, 0x5c,
    0xeb, 0x5c, 0xeb, 0x5c, 0x0b, 0x5d, 0x0b, 0x5d, 0x0b, 0x5d, 0x0b, 0x5d,
    0xcb, 0x5c, 0x01, 0xe3, 0x40, 0xe3, 0x60, 0xe3, 0x80, 0xe3, 0x62, 0xed,
    0x42, 0xed, 0x62, 0xf5, 0x42, 0xf5, 0xe0, 0xf4, 0x41, 0xf5, 0x82, 0xf5,
    0xa2, 0xf5, 0xa2, 0xf5, 0xa2, 0xf5, 0xa2, 0xf5, 0xc3, 0xfd, 0xc2, 0xf5,
    0xc2, 0xf5, 0xc3, 0xf5, 0xe3, 0xfd, 0xc3, 0xf5, 0xe2, 0xfd, 0xe3, 0xfd,
    0xe3, 0xf5, 0xc2, 0xfd, 0xe3, 0xf5, 0xe3, 0xfd, 0xe3, 0xfd, 0xe3, 0xfd,
    0xe3, 0xf5, 0xe3, 0xfd, 0xe3, 0xfd, 0xe3, 0xfd, 0xe3, 0xfd, 0xe3, 0xf5,
    0xc2, 0xfd, 0xe3, 0xf5, 0xe3, 0xfd, 0xe2, 0xf5, 0xe2, 0xf5, 0xe3, 0xfd,
    0xc3, 0xfd, 0xc2, 0xf5, 0xc2, 0xf5, 0xc3, 0xf5, 0xc3, 0xf5, 0xc2, 0xfd,
    0xc3, 0xfd, 0xa2, 0xf5, 0x82, 0xf5, 0x82, 0xf5, 0x82, 0xf5, 0x82, 0xfd,
    0x41, 0xf5, 0x42, 0xf5, 0x21, 0xf5, 0xc1, 0xf4, 0x00, 0xec, 0x60, 0xf4,
    0x80, 0xf4, 0xa0, 0xfc, 0xe0, 0xfc, 0xe0, 0xfc, 0x00, 0xfd, 0x20, 0xfd,
    0x40, 0xfd, 0x40, 0xfd, 0x40, 0xfd, 0x40, 0xfd, 0x40, 0xfd, 0x40, 0xfd,
    0x20, 0xfd, 0x20, 0xf5, 0x20, 0xfd, 0x00, 0xfd, 0x00, 0xfd, 0x00, 0xfd,
    0xe0, 0xfc, 0xe0, 0xfc, 0xc0, 0xf4, 0xc0, 0xf4, 0xa0, 0xfc, 0xa0, 0xfc,
    0x80, 0xfc, 0x80, 0xf4, 0x60, 0xf4, 0x40, 0xfc, 0x40, 0xfc, 0x20, 0xf4,
    0x00, 0xf4, 0xe0, 0xf3, 0xc0, 0xf3, 0xa0, 0xf3, 0x80, 0xeb, 0x60, 0xeb,
    0x40, 0xeb, 0x20, 0xeb, 0x20, 0xeb, 0x20, 0xe3, 0x00, 0xeb, 0x01, 0xe3,
    0x00, 0xe3, 0xe0, 0xe2, 0xe0, 0xe2, 0xc0, 0xe2, 0xe0, 0xe2, 0x81, 0xd2,
    0xc3, 0xa0, 0xc4, 0xa8, 0xc3, 0xa8, 0xe3, 0xb0, 0xe3, 0xb8, 0xe3, 0xb8,
    0x03, 0xc1, 0x03, 0xc1, 0x03, 0xc9, 0x04, 0xd1, 0x03, 0xd1, 0x23, 0xd1,
    0x03, 0xd1, 0x23, 0xd9, 0x23, 0xd1, 0x04, 0xd1, 0x03, 0xd1, 0xe4, 0xd0,
    0x83, 0xc1, 0xc4, 0x44, 0x64, 0x4c, 0x64, 0x4c, 0x64, 0x54, 0x84, 0x54,
    0x64, 0x4c, 0x83, 0x4c, 0xa4, 0x4c, 0x03, 0x6c, 0x43, 0xa2, 0x63, 0xc9,
    0x63, 0xb9, 0x63, 0x9a, 0x04, 0x64, 0xa3, 0x4c, 0x64, 0x54, 0x64, 0x54,
    0x64, 0x54, 0x43, 0x54, 0x43, 0x54, 0x44, 0x4c, 0x02, 0x74, 0xc0, 0xeb,
    0xc4, 0x4b, 0xe4, 0x43, 0xe4, 0x4b, 0xe4, 0x4b, 0xe4, 0x4b, 0x04, 0x4c,
    0xc4, 0x53, 0xc4, 0x53, 0xc4, 0x5b, 0xc2, 0x49, 0x40, 0x72, 0x60, 0x7a,
    0x80, 0x82, 0x80, 0x7a, 0x80, 0x82, 0xc0, 0x82, 0x01, 0x9b, 0xc1, 0xb3,
    0x81, 0xbc, 0x81, 0xc4, 0xc1, 0xb3, 0x20, 0xab, 0x20, 0xa3, 0x21, 0xa3,
    0x20, 0xab, 0x20, 0xab, 0x00, 0xa3, 0x00, 0xa3, 0x00, 0x9b, 0x00, 0xa3,
    0x00, 0xa3, 0x00, 0xa3, 0x00, 0xa3, 0x00, 0xa3, 0xe0, 0xa2, 0xc0, 0xa2,
    0xc0, 0xa2, 0xe0, 0xa2, 0xe0, 0xa2, 0xe0, 0x9a, 0xe0, 0xa2, 0xe1, 0xa2,
    0xe0, 0xa2, 0xe0, 0xa2, 0x00, 0xab, 0x00, 0xab, 0x00, 0xab, 0x01, 0xab,
    0x01, 0xa3, 0x00, 0xa3, 0x00, 0xab, 0x20, 0xab, 0x20, 0xab, 0x21, 0xb3,
    0x40, 0xb3, 0x60, 0xb3, 0x61, 0xb3, 0x80, 0xbb, 0x01, 0xc4, 0x61, 0xcc,
    0xe0, 0xbb, 0x00, 0x9b, 0x40, 0x7a, 0x00, 0x6a, 0x00, 0x6a, 0x00, 0x72,
    0x40, 0x72, 0x41, 0x49, 0x27, 0x5d, 0xc8, 0x5c, 0xc8, 0x5c, 0xc9, 0x5c,
    0xe9, 0x5c, 0xe9, 0x5c, 0xe9, 0x5c, 0xea, 0x5c, 0xea, 0x5c, 0xea, 0x5c,
    0xea, 0x5c, 0xea, 0x54, 0xea, 0x5c, 0xea, 0x5c, 0x0a, 0x5d, 0xea, 0x5c,
    0xea, 0x5c, 0xea, 0x5c, 0xeb, 0x5c, 0xeb, 0x5c, 0x0b, 0x5d, 0x2b, 0x5d,
    0x43, 0xc3, 0x40, 0xe3, 0x60, 0xe3, 0x60, 0xeb, 0x60, 0xe3, 0x62, 0xed,
    0x42, 0xed, 0x42, 0xed, 0x42, 0xf5, 0x62, 0xed, 0x00, 0xf5, 0x21, 0xf5,
    0x82, 0xf5, 0xa2, 0xf5, 0xa2, 0xf5, 0xa2, 0xf5, 0xa2, 0xf5, 0xc2, 0xfd,
    0xc2, 0xf5, 0xc2, 0xfd, 0xc3, 0xfd, 0xe2, 0xf5, 0xc3, 0xf5, 0xc3, 0xf5,
    0xe2, 0xf5, 0xe3, 0xfd, 0xe3, 0xf5, 0xe3, 0xf5, 0xe3, 0xfd, 0xe3, 0xf5,
    0xe3, 0xf5, 0xe3, 0xf5, 0xe3, 0xfd, 0xe3, 0xf5, 0xe3, 0xf5, 0xe3, 0xfd,
    0xc3, 0xf5, 0xc2, 0xfd, 0xc2, 0xfd, 0xe3, 0xfd, 0xc3, 0xf5, 0xc2, 0xf5,
    0xc2, 0xf5, 0xc3, 0xfd, 0xc2, 0xfd, 0xc2, 0xf5, 0xc3, 0xfd, 0xa3, 0xf5,
    0xa2, 0xf5, 0xa2, 0xf5, 0xa2, 0xfd, 0x82, 0xf5, 0x82, 0xf5, 0x62, 0xf5,
    0x42, 0xf5, 0x41, 0xf5, 0x21, 0xf5, 0xe0, 0xeb, 0x80, 0xfc, 0x80, 0xfc,
    0x80, 0xf4, 0xc0, 0xfc, 0xe0, 0xfc, 0x00, 0xfd, 0x20, 0xf5, 0x20, 0xfd,
    0x40, 0xfd, 0x40, 0xfd, 0x40, 0xfd, 0x40, 0xfd, 0x40, 0xfd, 0x40, 0xfd,
    0x40, 0xfd, 0x20, 0xfd, 0x20, 0xfd, 0x20, 0xfd, 0x20, 0xfd, 0x00, 0xfd,
    0xe0, 0xfc, 0xe0, 0xf4, 0xc0, 0xfc, 0xc0, 0xfc, 0xc0, 0xfc, 0xc0, 0xfc,
    0xa0, 0xf4, 0x80, 0xf4, 0x80, 0xfc, 0x60, 0xf4, 0x40, 0xf4, 0x20, 0xfc,
    0x00, 0xf4, 0x00, 0xf4, 0xe0, 0xf3, 0xc0, 0xf3, 0x81, 0xf3, 0x60, 0xeb,
    0x40, 0xeb, 0x20, 0xeb, 0x20, 0xeb, 0x40, 0xeb, 0x20, 0xeb, 0x00, 0xeb,
    0xe0, 0xe2, 0xe0, 0xe2, 0xe0, 0xe2, 0xc0, 0xe2, 0xc0, 0xe2, 0xe1, 0xe2,
    0xa1, 0xda, 0xc3, 0xa0, 0xc3, 0xa8, 0xe3, 0xb0, 0xe4, 0xb8, 0x03, 0xb9,
    0xe3, 0xb8, 0x03, 0xc1, 0x03, 0xc9, 0x03, 0xc9, 0x03, 0xd1, 0x03, 0xd1,
    0x03, 0xd1, 0x03, 0xd9, 0x03, 0xd9, 0x23, 0xd9, 0x03, 0xd1, 0x03, 0xd1,
    0xe3, 0xd0, 0xe4, 0x92, 0x84, 0x4c, 0x64, 0x4c, 0x84, 0x54, 0x64, 0x54,
    0x84, 0x4c, 0x24, 0x64, 0x63, 0xc1, 0xc3, 0xd8, 0x04, 0xd9, 0x03, 0xd9,
    0xe3, 0xd8, 0x03, 0xd1, 0xc3, 0xd8, 0xa3, 0xb9, 0x44, 0x54, 0x63, 0x4c,
    0x63, 0x54, 0x43, 0x54, 0x63, 0x54, 0x43, 0x64, 0xa0, 0xe3, 0x00, 0xf4,
    0x04, 0x4c, 0xe4, 0x4b, 0x04, 0x4c, 0x04, 0x4c, 0x04, 0x4c, 0x04, 0x4c,
    0x04, 0x4c, 0x24, 0x54, 0x24, 0x4c, 0x81, 0x39, 0x80, 0x7a, 0x80, 0x7a,
    0xa0, 0x82, 0x81, 0x82, 0xa0, 0x82, 0xa0, 0x82, 0xe0, 0x8a, 0x40, 0x9b,
    0x20, 0x93, 0x20, 0x9b, 0x80, 0xa3, 0x21, 0xb4, 0xa1, 0xc4, 0xe2, 0xcc,
    0xe1, 0xcc, 0x41, 0xbc, 0xc0, 0xb3, 0x40, 0xab, 0x60, 0xab, 0x80, 0xab,
    0x81, 0xb3, 0xa0, 0xb3, 0x80, 0xab, 0x81, 0xb3, 0x80, 0xab, 0x60, 0xab,
    0x60, 0xb3, 0x80, 0xb3, 0x80, 0xb3, 0x80, 0xb3, 0x60, 0xb3, 0x60, 0xb3,
    0x80, 0xb3, 0xa0, 0xb3, 0x80, 0xab, 0x80, 0xb3, 0x80, 0xb3, 0x60, 0xb3,
    0x40, 0xab, 0x40, 0xb3, 0x80, 0xb3, 0xe1, 0xbb, 0x41, 0xc4, 0xc1, 0xcc,
    0xe1, 0xd4, 0xc1, 0xcc, 0x41, 0xc4, 0xc1, 0xb3, 0xe0, 0x92, 0x40, 0x82,
    0x20, 0x72, 0x40, 0x7a, 0x20, 0x72, 0x00, 0x6a, 0x00, 0x6a, 0x00, 0x72,
    0x20, 0x72, 0x61, 0x49, 0x27, 0x5d, 0xe7, 0x5c, 0xc7, 0x5c, 0xe8, 0x5c,
    0xe8, 0x5c, 0xe8, 0x5c, 0xe9, 0x5c, 0xe9, 0x5c, 0xe9, 0x5c, 0xe9, 0x5c,
    0xe9, 0x5c, 0xe9, 0x5c, 0xea, 0x5c, 0xea, 0x5c, 0xea, 0x5c, 0x0a, 0x5d,
    0x0a, 0x5d, 0xea, 0x64, 0x0a, 0x65, 0xea, 0x64, 0xeb, 0x5c, 0x07, 0x8c,
    0x40, 0xe3, 0x60, 0xe3, 0x60, 0xe3, 0x80, 0xeb, 0x60, 0xe3, 0x62, 0xf5,
    0x41, 0xf5, 0x42, 0xed, 0x62, 0xf5, 0x62, 0xf5, 0x62, 0xf5, 0x21, 0xf5,
    0x00, 0xf5, 0x62, 0xf5, 0xa2, 0xf5, 0xa2, 0xf5, 0xa2, 0xf5, 0xa3, 0xf5,
    0xc3, 0xfd, 0xc2, 0xf5, 0xc2, 0xf5, 0xc3, 0xfd, 0xc3, 0xfd, 0xc2, 0xf5,
    0xc3, 0xfd, 0xe3, 0xfd, 0xe3, 0xf5, 0xe2, 0xfd, 0xe3, 0xfd, 0xe3, 0xf5,
    0xe2, 0xfd, 0xe3, 0xfd, 0xe3, 0xf5, 0xe2, 0xfd, 0xe2, 0xfd, 0xe3, 0xfd,
    0xe3, 0xf5, 0xc2, 0xf5, 0xe3, 0xfd, 0xc3, 0xf5, 0xc3, 0xfd, 0xc3, 0xfd,
    0xe2, 0xf5, 0xc3, 0xf5, 0xc2, 0xfd, 0xc2, 0xfd, 0xa2, 0xf5, 0xa2, 0xf5,
    0x82, 0xf5, 0xa2, 0xf5, 0x82, 0xf5, 0x82, 0xfd, 0x62, 0xf5, 0x62, 0xf5,
    0x41, 0xf5, 0x41, 0xf5, 0xc1, 0xf4, 0x40, 0xf4, 0x80, 0xf4, 0xa0, 0xfc,
    0xc0, 0xfc, 0xe0, 0xfc, 0x00, 0xfd, 0x20, 0xfd, 0x20, 0xfd, 0x40, 0xfd,
    0x40, 0xfd, 0x40, 0xfd, 0x60, 0xfd, 0x40, 0xfd, 0x40, 0xfd, 0x40, 0xfd,
    0x40, 0xfd, 0x40, 0xfd, 0x40, 0xfd, 0x20, 0xfd, 0x20, 0xfd, 0x20, 0xfd,
    0x00, 0xfd, 0x00, 0xfd, 0xe0, 0xfc, 0xe0, 0xfc, 0xc0, 0xfc, 0xc0, 0xfc,
    0xa0, 0xfc, 0x80, 0xfc, 0x80, 0xfc, 0x80, 0xfc, 0x60, 0xf4, 0x40, 0xf4,
    0x20, 0xf4, 0x20, 0xf4, 0xe0, 0xf3, 0xc0, 0xf3, 0xa0, 0xf3, 0x80, 0xf3,
    0x60, 0xeb, 0x40, 0xeb, 0x41, 0xeb, 0x40, 0xeb, 0x40, 0xeb, 0x20, 0xeb,
    0x00, 0xeb, 0x00, 0xeb, 0xe0, 0xe2, 0xc0, 0xe2, 0xe0, 0xe2, 0xe0, 0xe2,
    0x00, 0xeb, 0xc1, 0xe2, 0xe3, 0xa8, 0xc3, 0xb0, 0xe3, 0xb0, 0xe3, 0xb8,
    0xe3, 0xb8, 0xe3, 0xc0, 0x03, 0xc9, 0x03, 0xc9, 0x03, 0xc9, 0x03, 0xd1,
    0x23, 0xd1, 0x23, 0xd1, 0x23, 0xd9, 0x03, 0xd1, 0x03, 0xd9, 0x03, 0xd1,
    0xe3, 0xd0, 0x04, 0xd9, 0xa4, 0x4c, 0x84, 0x54, 0x83, 0x54, 0xa3, 0x4c,
    0x63, 0x7b, 0xe3, 0xd8, 0x03, 0xd9, 0x23, 0xd9, 0x23, 0xd9, 0x23, 0xd9,
    0x03, 0xd9, 0x03, 0xd1, 0xe3, 0xd0, 0x03, 0xd1, 0x03, 0xd9, 0x44, 0x5c,
    0x63, 0x4c, 0x63, 0x4c, 0x23, 0x5c, 0xc0, 0xe3, 0x20, 0xf4, 0x40, 0xf4,
    0x04, 0x4c, 0x04, 0x4c, 0x04, 0x4c, 0x04, 0x4c, 0x04, 0x4c, 0x24, 0x4c,
    0x24, 0x4c, 0x24, 0x4c, 0x44, 0x54, 0x01, 0x39, 0x80, 0x82, 0xa0, 0x82,
    0xa0, 0x82, 0x80, 0x82, 0xa0, 0x82, 0xa0, 0x82, 0xc0, 0x8a, 0x20, 0x9b,
    0x20, 0x9b, 0x20, 0x93, 0x40, 0x9b, 0x40, 0x9b, 0x20, 0x9b, 0x00, 0x9b,
    0x20, 0x9b, 0xa1, 0xab, 0x61, 0xbc, 0xc1, 0xcc, 0x02, 0xd5, 0x42, 0xd5,
    0x22, 0xd5, 0x42, 0xd5, 0x42, 0xdd, 0x41, 0xd5, 0x02, 0xd5, 0xe2, 0xcc,
    0xc2, 0xcc, 0xa1, 0xc4, 0x81, 0xcc, 0x82, 0xc4, 0x61, 0xc4, 0x81, 0xcc,
    0xa2, 0xcc, 0xa2, 0xcc, 0xe2, 0xcc, 0x02, 0xd5, 0x22, 0xd5, 0x41, 0xd5,
    0x42, 0xd5, 0x22, 0xd5, 0xc2, 0xcc, 0x41, 0xbc, 0xa1, 0xab, 0x00, 0x9b,
    0x80, 0x8a, 0x60, 0x82, 0x80, 0x82, 0x60, 0x7a, 0x60, 0x82, 0x40, 0x7a,
    0x40, 0x7a, 0x40, 0x7a, 0x40, 0x72, 0x00, 0x6a, 0x00, 0x6a, 0x20, 0x72,
    0x20, 0x72, 0x61, 0x49, 0x26, 0x5d, 0xe6, 0x5c, 0xc7, 0x5c, 0xe7, 0x5c,
    0xe7, 0x5c, 0xe8, 0x5c, 0xe8, 0x5c, 0xe8, 0x5c, 0xe8, 0x5c, 0xe8, 0x5c,
    0x09, 0x5d, 0xe9, 0x64, 0x09, 0x65, 0x09, 0x65, 0xe9, 0x64, 0x09, 0x65,
    0x09, 0x65, 0x09, 0x65, 0x09, 0x65, 0xea, 0x64, 0xea, 0x64, 0x01, 0xdb,
    0x61, 0xe3, 0x60, 0xe3, 0x60, 0xeb, 0x80, 0xeb, 0x60, 0xe3, 0x21, 0xed,
    0x22, 0xed, 0x42, 0xf5, 0x41, 0xf5, 0x42, 0xf5, 0x62, 0xf5, 0x62, 0xf5,
    0x41, 0xf5, 0x00, 0xf5, 0x21, 0xf5, 0x62, 0xf5, 0xa2, 0xf5, 0xa2, 0xf5,
    0xa2, 0xf5, 0xc2, 0xf5, 0xa2, 0xf5, 0xc2, 0xf5, 0xc3, 0xfd, 0xc3, 0xfd,
    0xc2, 0xf5, 0xc3, 0xfd, 0xc3, 0xf5, 0xc2, 0xfd, 0xc3, 0xfd, 0xe3, 0xf5,
    0xc3, 0xfd, 0xc3, 0xf5, 0xc3, 0xfd, 0xe3, 0xfd, 0xc2, 0xf5, 0xc3, 0xf5,
    0xe3, 0xfd, 0xe3, 0xf5, 0xc3, 0xf5, 0xe2, 0xfd, 0xc2, 0xf5, 0xc3, 0xfd,
    0xc2, 0xf5, 0xc3, 0xf5, 0xc3, 0xf5, 0xa2, 0xfd, 0xa3, 0xfd, 0xa2, 0xfd,
    0xa2, 0xfd, 0xa2, 0xf5, 0x82, 0xfd, 0x62, 0xf5, 0x62, 0xf5, 0x42, 0xfd,
    0x41, 0xf5, 0x21, 0xf5, 0xe1, 0xeb, 0x60, 0xf4, 0x80, 0xf4, 0xa0, 0xf4,
    0xe0, 0xfc, 0x00, 0xfd, 0x20, 0xf5, 0x20, 0xfd, 0x40, 0xfd, 0x40, 0xfd,
    0x40, 0xfd, 0x60, 0xfd, 0x60, 0xfd, 0x60, 0xfd, 0x60, 0xfd, 0x60, 0xfd,
    0x61, 0xfd, 0x40, 0xfd, 0x40, 0xfd, 0x40, 0xfd, 0x20, 0xfd, 0x20, 0xfd,
    0x20, 0xfd, 0x00, 0xfd, 0x00, 0xfd, 0xe0, 0xfc, 0xc0, 0xf4, 0xc0, 0xf4,
    0xc0, 0xfc, 0xa0, 0xfc, 0x80, 0xfc, 0x80, 0xf4, 0x60, 0xf4, 0x40, 0xfc,
    0x20, 0xf4, 0x00, 0xf4, 0xe0, 0xf3, 0xe0, 0xf3, 0xc0, 0xf3, 0xa0, 0xf3,
    0x60, 0xeb, 0x60, 0xf3, 0x40, 0xeb, 0x20, 0xeb, 0x40, 0xeb, 0x20, 0xeb,
    0x00, 0xe3, 0x00, 0xe3, 0x00, 0xeb, 0xe0, 0xe2, 0xe0, 0xe2, 0xe0, 0xea,
    0x00, 0xe3, 0x00, 0xe3, 0xe0, 0xe2, 0x03, 0xa9, 0xc3, 0xb0, 0xe3, 0xb8,
    0xe3, 0xb8, 0xe3, 0xc0, 0x03, 0xc9, 0x03, 0xc9, 0x03, 0xc9, 0x03, 0xd1,
    0x03, 0xd1, 0x03, 0xd1, 0x03, 0xd1, 0x03, 0xd1, 0x03, 0xd1, 0xe3, 0xd8,
    0x03, 0xd1, 0xc4, 0xd0, 0x24, 0x8b, 0xa3, 0x54, 0xc3, 0x54, 0xa3, 0x73,
    0xc4, 0xe0, 0x03, 0xd9, 0x03, 0xe1, 0x03, 0xd9, 0x24, 0xd9, 0x23, 0xd9,
    0x03, 0xd9, 0xe3, 0xd8, 0xe3, 0xd8, 0x02, 0xd9, 0xe2, 0xd8, 0x03, 0xd1,
    0x64, 0x4c, 0x23, 0x54, 0xc1, 0xdb, 0xe0, 0xf3, 0x20, 0xf4, 0x60, 0xf4,
    0x24, 0x4c, 0x04, 0x4c, 0x24, 0x4c, 0x24, 0x4c, 0x04, 0x4c, 0x04, 0x4c,
    0x24, 0x4c, 0x24, 0x4c, 0x23, 0x4c, 0x20, 0x41, 0x80, 0x82, 0x80, 0x7a,
    0x80, 0x82, 0x80, 0x82, 0xa0, 0x7a, 0xa0, 0x82, 0xc0, 0x8a, 0x20, 0x93,
    0x20, 0x9b, 0x40, 0x9b, 0x20, 0x9b, 0x20, 0x9b, 0x40, 0x9b, 0x40, 0x9b,
    0x40, 0x9b, 0x60, 0xa3, 0x80, 0xa3, 0xa0, 0xab, 0xa0, 0xab, 0x80, 0xab,
    0x60, 0xa3, 0x60, 0xa3, 0x40, 0xab, 0x60, 0xab, 0x80, 0xab, 0xa0, 0xb3,
    0xe1, 0xb3, 0xe0, 0xb3, 0xc0, 0xb3, 0xc0, 0xb3, 0xc1, 0xb3, 0xa0, 0xab,
    0xa1, 0xab, 0x40, 0xa3, 0x00, 0x9b, 0xe0, 0x92, 0xc0, 0x92, 0xa0, 0x8a,
    0xc0, 0x92, 0xc0, 0x8a, 0xe0, 0x8a, 0xe0, 0x92, 0xc0, 0x8a, 0xa0, 0x82,
    0x80, 0x82, 0x60, 0x82, 0x80, 0x82, 0x60, 0x7a, 0x60, 0x7a, 0x60, 0x7a,
    0x40, 0x7a, 0x40, 0x72, 0x40, 0x72, 0x00, 0x6a, 0x00, 0x6a, 0x20, 0x72,
    0x40, 0x7a, 0x61, 0x49, 0x26, 0x65, 0xc6, 0x5c, 0xe6, 0x5c, 0xe7, 0x5c,
    0xe7, 0x5c, 0xe7, 0x5c, 0xe7, 0x5c, 0x07, 0x65, 0x08, 0x65, 0xe8, 0x64,
    0x08, 0x65, 0x08, 0x65, 0xe8, 0x64, 0x08, 0x65, 0x08, 0x65, 0x08, 0x65,
    0x08, 0x65, 0x08, 0x65, 0x09, 0x65, 0x09, 0x65, 0xe6, 0x9b, 0x81, 0xe3,
    0x81, 0xe3, 0x81, 0xeb, 0x80, 0xe3, 0x80, 0xeb, 0x40, 0xeb, 0xe1, 0xec,
    0x22, 0xed, 0x42, 0xed, 0x42, 0xed, 0x62, 0xf5, 0x62, 0xf5, 0x82, 0xf5,
    0x82, 0xf5, 0x82, 0xf5, 0x41, 0xf5, 0x00, 0xf5, 0x20, 0xf5, 0x61, 0xf5,
    0xa2, 0xf5, 0xc3, 0xfd, 0xa2, 0xf5, 0xa2, 0xf5, 0xc2, 0xf5, 0xc3, 0xf5,
    0xc3, 0xf5, 0xe3, 0xfd, 0xc2, 0xf5, 0xc2, 0xf5, 0xe3, 0xf5, 0xc3, 0xfd,
    0xc2, 0xf5, 0xc3, 0xf5, 0xc3, 0xfd, 0xc3, 0xfd, 0xc3, 0xf5, 0xc3, 0xfd,
    0xc2, 0xfd, 0xc2, 0xf5, 0xc3, 0xfd, 0xc3, 0xf5, 0xc2, 0xf5, 0xc3, 0xfd,
    0xc2, 0xf5, 0xa2, 0xfd, 0xa2, 0xf5, 0xa2, 0xf5, 0xc3, 0xf5, 0xa2, 0xf5,
    0x82, 0xf5, 0x82, 0xf5, 0x62, 0xf5, 0x62, 0xf5, 0x61, 0xf5, 0x42, 0xf5,
    0x21, 0xf5, 0xc1, 0xec, 0x00, 0xf4, 0x60, 0xfc, 0x80, 0xfc, 0xc0, 0xfc,
    0xe0, 0xf4, 0x00, 0xfd, 0x20, 0xfd, 0x20, 0xfd, 0x40, 0xfd, 0x60, 0xfd,
    0x40, 0xfd, 0x40, 0xfd, 0x60, 0xfd, 0x60, 0xfd, 0x60, 0xfd, 0x60, 0xfd,
    0x60, 0xfd, 0x40, 0xfd, 0x40, 0xfd, 0x40, 0xfd, 0x40, 0xfd, 0x20, 0xfd,
    0x20, 0xfd, 0x00, 0xfd, 0x00, 0xfd, 0x00, 0xfd, 0xe0, 0xfc, 0xe0, 0xfc,
    0xc0, 0xf4, 0xc0, 0xfc, 0xa0, 0xfc, 0x80, 0xfc, 0x60, 0xfc, 0x40, 0xfc,
    0x40, 0xf4, 0x20, 0xf4, 0x00, 0xf4, 0xe0, 0xf3, 0xc1, 0xf3, 0xa0, 0xf3,
    0x80, 0xf3, 0x60, 0xeb, 0x40, 0xeb, 0x40, 0xeb, 0x40, 0xeb, 0x40, 0xeb,
    0x20, 0xeb, 0x00, 0xeb, 0x00, 0xe3, 0x00, 0xeb, 0xe0, 0xea, 0xe0, 0xea,
    0x00, 0xe3, 0x20, 0xeb, 0x20, 0xeb, 0x20, 0xeb, 0xa2, 0xc1, 0xc3, 0xb0,
    0xe3, 0xb8, 0xe3, 0xc0, 0xe3, 0xc0, 0xe3, 0xc0, 0x03, 0xc9, 0x03, 0xc9,
    0x03, 0xd1, 0x03, 0xd1, 0x03, 0xd1, 0x03, 0xd1, 0x03, 0xd1, 0x03, 0xd1,
    0xe3, 0xd0, 0xe3, 0xd8, 0x83, 0xc1, 0xe3, 0x4c, 0x24, 0x64, 0xc3, 0xe0,
    0xe4, 0xe0, 0x03, 0xd9, 0x23, 0xd9, 0x23, 0xd9, 0x23, 0xd9, 0x03, 0xd9,
    0x23, 0xd9, 0x03, 0xd1, 0x03, 0xd1, 0xe3, 0xd8, 0xe3, 0xd8, 0xc3, 0xd8,
    0x22, 0xca, 0xa1, 0xeb, 0xe0, 0xf3, 0x20, 0xf4, 0x60, 0xf4, 0x60, 0xf4,
    0x24, 0x4c, 0x03, 0x4c, 0x24, 0x4c, 0x24, 0x4c, 0x24, 0x4c, 0x23, 0x4c,
    0x44, 0x54, 0x43, 0x54, 0x43, 0x54, 0x40, 0x41, 0x80, 0x82, 0x80, 0x7a,
    0x81, 0x7a, 0x80, 0x7a, 0x80, 0x7a, 0xa0, 0x82, 0xe0, 0x8a, 0x20, 0x93,
    0x40, 0x9b, 0x40, 0x9b, 0x40, 0x93, 0x40, 0x9b, 0x40, 0x93, 0x40, 0x9b,
    0x40, 0x9b, 0x60, 0x9b, 0xa0, 0xa3, 0xa0, 0xa3, 0xa0, 0xab, 0xa0, 0xab,
    0xa0, 0xa3, 0xa0, 0xab, 0x80, 0xa3, 0x80, 0xa3, 0x60, 0xa3, 0x60, 0x9b,
    0x40, 0xa3, 0x60, 0x9b, 0x40, 0x9b, 0x40, 0x9b, 0x40, 0x9b, 0x40, 0x9b,
    0x20, 0x93, 0xe0, 0x8a, 0xe0, 0x92, 0xe0, 0x92, 0xe0, 0x8a, 0xe0, 0x8a,
    0xe0, 0x92, 0xe0, 0x92, 0xe0, 0x8a, 0xe0, 0x8a, 0xc0, 0x8a, 0xa0, 0x8a,
    0x80, 0x82, 0x80, 0x82, 0x80, 0x82, 0x60, 0x7a, 0x60, 0x7a, 0x60, 0x7a,
    0x60, 0x7a, 0x41, 0x72, 0x40, 0x72, 0x00, 0x72, 0x00, 0x6a, 0x20, 0x72,
    0x40, 0x72, 0xa1, 0x51, 0x26, 0x65, 0xc6, 0x5c, 0xe6, 0x5c, 0xe6, 0x5c,
    0x06, 0x65, 0xe6, 0x5c, 0x06, 0x65, 0x07, 0x65, 0x07, 0x65, 0xe7, 0x64,
    0x07, 0x65, 0x07, 0x65, 0x07, 0x65, 0x07, 0x65, 0x07, 0x65, 0x27, 0x65,
    0x07, 0x65, 0xe8, 0x6c, 0x08, 0x6d, 0xe8, 0x64, 0x01, 0xe3, 0x80, 0xe3,
    0x80, 0xe3, 0x80, 0xeb, 0x80, 0xeb, 0x80, 0xe3, 0x60, 0xe3, 0x61, 0xe4,
    0x02, 0xf5, 0x21, 0xed, 0x42, 0xed, 0x42, 0xf5, 0x61, 0xf5, 0x62, 0xf5,
    0x82, 0xf5, 0x82, 0xf5, 0x82, 0xf5, 0x82, 0xf5, 0x61, 0xfd, 0x21, 0xf5,
    0x20, 0xf5, 0x41, 0xfd, 0xa2, 0xf5, 0xa3, 0xfd, 0xc2, 0xfd, 0xc2, 0xf5,
    0xc3, 0xf5, 0xc3, 0xfd, 0xc2, 0xfd, 0xc3, 0xf5, 0xc3, 0xfd, 0xc2, 0xf5,
    0xc3, 0xfd, 0xe3, 0xf5, 0xc2, 0xf5, 0xc2, 0xfd, 0xc3, 0xfd, 0xc2, 0xf5,
    0xc2, 0xf5, 0xc3, 0xfd, 0xc2, 0xfd, 0xc2, 0xf5, 0xa3, 0xf5, 0xc2, 0xfd,
    0xc2, 0xfd, 0xa2, 0xf5, 0xa2, 0xfd, 0xa2, 0xf5, 0xa2, 0xf5, 0x82, 0xfd,
    0x82, 0xf5, 0x82, 0xf5, 0x82, 0xf5, 0x42, 0xf5, 0x42, 0xf5, 0x41, 0xf5,
    0x41, 0xf5, 0xe1, 0xeb, 0x60, 0xf4, 0x80, 0xf4, 0xa0, 0xfc, 0xc0, 0xfc,
    0xe0, 0xfc, 0x00, 0xfd, 0x20, 0xfd, 0x40, 0xfd, 0x40, 0xfd, 0x60, 0xfd,
    0x60, 0xfd, 0x60, 0xfd, 0x60, 0xfd, 0x60, 0xfd, 0x60, 0xfd, 0x60, 0xfd,
    0x60, 0xfd, 0x60, 0xfd, 0x60, 0xfd, 0x40, 0xfd, 0x40, 0xfd, 0x40, 0xfd,
    0x20, 0xfd, 0x20, 0xfd, 0x20, 0xfd, 0x00, 0xfd, 0x00, 0xfd, 0xe0, 0xfc,
    0xc0, 0xfc, 0xc0, 0xfc, 0xa0, 0xf4, 0x40, 0xf4, 0x20, 0xf4, 0x40, 0xfc,
    0x40, 0xf4, 0x20, 0xf4, 0x00, 0xf4, 0x00, 0xf4, 0xc0, 0xf3, 0xc0, 0xf3,
    0xa0, 0xf3, 0x80, 0xeb, 0x61, 0xf3, 0x40, 0xeb, 0x40, 0xeb, 0x40, 0xeb,
    0x40, 0xeb, 0x20, 0xeb, 0x00, 0xeb, 0x01, 0xeb, 0x00, 0xeb, 0x00, 0xeb,
    0x20, 0xeb, 0x00, 0xeb, 0x00, 0xe3, 0x20, 0xeb, 0x40, 0xeb, 0x61, 0xd2,
    0xe3, 0xb8, 0xe3, 0xb8, 0xe3, 0xc0, 0xe3, 0xc0, 0xe3, 0xc8, 0xe3, 0xc8,
    0xe3, 0xc8, 0x03, 0xd1, 0x03, 0xd1, 0xe3, 0xd0, 0x03, 0xd9, 0x03, 0xd1,
    0x03, 0xd1, 0xe3, 0xd8, 0x04, 0xd9, 0x83, 0x5c, 0x23, 0xd1, 0x03, 0xd9,
    0x03, 0xd9, 0x23, 0xd9, 0x03, 0xd9, 0x23, 0xd9, 0x23, 0xd9, 0x03, 0xd9,
    0x03, 0xd9, 0xe2, 0xd0, 0xe2, 0xd0, 0xc3, 0xd0, 0x42, 0xd1, 0x20, 0xeb,
    0xe0, 0xf3, 0xe0, 0xf3, 0x20, 0xf4, 0x60, 0xf4, 0x60, 0xf4, 0x80, 0xfc,
    0x23, 0x4c, 0x44, 0x4c, 0x23, 0x4c, 0x44, 0x4c, 0x44, 0x4c, 0x43, 0x4c,
    0x44, 0x54, 0x44, 0x54, 0x64, 0x54, 0x41, 0x39, 0x40, 0x7a, 0x81, 0x7a,
    0x80, 0x7a, 0x80, 0x82, 0xa0, 0x82, 0xa0, 0x82, 0xe1, 0x8a, 0x20, 0x93,
    0x20, 0x9b, 0x20, 0x93, 0x40, 0x9b, 0x40, 0x9b, 0x40, 0x9b, 0x40, 0x9b,
    0x40, 0x9b, 0x60, 0x9b, 0xa0, 0xab, 0xa0, 0xa3, 0xa0, 0xab, 0xa0, 0xa3,
    0xa0, 0xa3, 0xa0, 0xa3, 0x80, 0xa3, 0x80, 0xa3, 0x60, 0xa3, 0x60, 0xa3,
    0x60, 0xa3, 0x60, 0xa3, 0x60, 0x9b, 0x60, 0x9b, 0x40, 0x9b, 0x40, 0x9b,
    0x20, 0x93, 0xe0, 0x8a, 0xe0, 0x8a, 0xe0, 0x92, 0xe0, 0x8a, 0xe0, 0x92,
    0xe0, 0x8a, 0xe0, 0x8a, 0xe0, 0x92, 0xe0, 0x92, 0xc0, 0x8a, 0xa0, 0x8a,
    0xa0, 0x82, 0x60, 0x7a, 0x81, 0x82, 0x80, 0x7a, 0x60, 0x7a, 0x60, 0x7a,
    0x60, 0x7a, 0x40, 0x72, 0x40, 0x72, 0x20, 0x72, 0x00, 0x6a, 0x20, 0x72,
    0x41, 0x72, 0xe2, 0x41, 0xe5, 0x5c, 0xe5, 0x5c, 0xe5, 0x64, 0xe5, 0x5c,
    0xe6, 0x64, 0x06, 0x65, 0x06, 0x65, 0x06, 0x65, 0x06, 0x65, 0x06, 0x65,
    0x06, 0x65, 0x07, 0x65, 0x06, 0x65, 0x06, 0x6d, 0x07, 0x6d, 0x07, 0x6d,
    0x07, 0x6d, 0x07, 0x6d, 0x27, 0x6d, 0x04, 0x94, 0x40, 0xeb, 0x80, 0xe3,
    0x80, 0xeb, 0x80, 0xeb, 0x80, 0xeb, 0x80, 0xeb, 0x80, 0xeb, 0x01, 0xe4,
    0x22, 0xf5, 0x21, 0xed, 0x21, 0xed, 0x42, 0xed, 0x41, 0xf5, 0x62, 0xf5,
    0x61, 0xf5, 0x81, 0xf5, 0x82, 0xf5, 0x82, 0xf5, 0x82, 0xf5, 0xa2, 0xf5,
    0x62, 0xf5, 0x41, 0xf5, 0x00, 0xf5, 0x20, 0xf5, 0x61, 0xfd, 0x82, 0xf5,
    0xc2, 0xf5, 0xc3, 0xfd, 0xc2, 0xf5, 0xc2, 0xf5, 0xc3, 0xfd, 0xc2, 0xfd,
    0xc2, 0xf5, 0xc3, 0xfd, 0xc2, 0xf5, 0xc3, 0xf5, 0xc2, 0xfd, 0xc3, 0xf5,
    0xc3, 0xfd, 0xa3, 0xf5, 0xc2, 0xf5, 0xa3, 0xf5, 0xa3, 0xfd, 0xa2, 0xf5,
    0xa3, 0xf5, 0xa3, 0xf5, 0xa2, 0xf5, 0x82, 0xfd, 0x82, 0xf5, 0x82, 0xf5,
    0x82, 0xfd, 0x62, 0xf5, 0x62, 0xf5, 0x41, 0xf5, 0x41, 0xf5, 0x01, 0xf5,
    0xc1, 0xf4, 0xe0, 0xf3, 0x60, 0xf4, 0x80, 0xf4, 0xa0, 0xf4, 0xe0, 0xfc,
    0x00, 0xfd, 0x00, 0xfd, 0x20, 0xfd, 0x40, 0xfd, 0x40, 0xfd, 0x40, 0xfd,
    0x60, 0xfd, 0x60, 0xfd, 0x60, 0xfd, 0x60, 0xfd, 0x60, 0xfd, 0x60, 0xfd,
    0x60, 0xfd, 0x60, 0xfd, 0x60, 0xfd, 0x40, 0xfd, 0x40, 0xfd, 0x40, 0xfd,
    0x40, 0xf5, 0x20, 0xfd, 0x00, 0xfd, 0x00, 0xfd, 0xe0, 0xfc, 0xe0, 0xfc,
    0xc0, 0xfc, 0x80, 0xfc, 0x00, 0xf4, 0x21, 0xf4, 0x00, 0xf4, 0xe0, 0xf3,
    0x00, 0xf4, 0x20, 0xfc, 0x00, 0xf4, 0x00, 0xf4, 0xe0, 0xf3, 0xc0, 0xf3,
    0xa0, 0xf3, 0x60, 0xf3, 0x60, 0xeb, 0x40, 0xf3, 0x20, 0xeb, 0x41, 0xeb,
    0x20, 0xeb, 0x20, 0xeb, 0x20, 0xeb, 0x00, 0xe3, 0x00, 0xeb, 0x20, 0xeb,
    0x20, 0xeb, 0x00, 0xe3, 0x20, 0xeb, 0x20, 0xeb, 0x40, 0xeb, 0x20, 0xeb,
    0x40, 0xeb, 0xc2, 0xc9, 0xa4, 0xb8, 0xc3, 0xc0, 0xe3, 0xc8, 0xe3, 0xc8,
    0xe3, 0xc8, 0xe3, 0xd0, 0xe3, 0xd0, 0xe3, 0xd0, 0x03, 0xd1, 0x03, 0xd9,
    0x03, 0xd9, 0xe3, 0xd8, 0xe3, 0xd8, 0x43, 0xaa, 0xe3, 0xd8, 0xe3, 0xd8,
    0x03, 0xd9, 0x03, 0xd9, 0x03, 0xd9, 0x03, 0xd9, 0x03, 0xd9, 0x03, 0xd9,
    0x02, 0xd9, 0xc3, 0xd0, 0x02, 0xd9, 0xe1, 0xe2, 0xe0, 0xf3, 0xc0, 0xeb,
    0x00, 0xf4, 0x20, 0xf4, 0x40, 0xf4, 0x60, 0xfc, 0x80, 0xf4, 0x60, 0xf4,
    0x24, 0x4c, 0x44, 0x4c, 0x43, 0x4c, 0x43, 0x54, 0x43, 0x4c, 0x43, 0x54,
    0x44, 0x54, 0x63, 0x54, 0x63, 0x54, 0xe3, 0x53, 0x20, 0x41, 0x60, 0x7a,
    0x80, 0x82, 0x80, 0x7a, 0x80, 0x7a, 0xa0, 0x82, 0x00, 0x8b, 0x40, 0x9b,
    0x40, 0x9b, 0x40, 0x9b, 0x41, 0x9b, 0x40, 0x9b, 0x40, 0x93, 0x40, 0x93,
    0x40, 0x9b, 0x60, 0x9b, 0xc1, 0xab, 0xa0, 0xab, 0xc0, 0xab, 0xa0, 0xa3,
    0xa0, 0xa3, 0xa0, 0xab, 0x80, 0xa3, 0x80, 0xa3, 0x80, 0x9b, 0x60, 0xa3,
    0x60, 0xa3, 0x60, 0x9b, 0x60, 0xa3, 0x60, 0x9b, 0x60, 0x9b, 0x40, 0x9b,
    0x20, 0x9b, 0x00, 0x93, 0x00, 0x93, 0x00, 0x93, 0x00, 0x93, 0x00, 0x93,
    0xe0, 0x8a, 0xe0, 0x8a, 0xe0, 0x92, 0xe0, 0x8a, 0xc0, 0x8a, 0xc1, 0x8a,
    0x80, 0x82, 0x80, 0x82, 0x80, 0x82, 0x60, 0x7a, 0x80, 0x7a, 0x61, 0x7a,
    0x40, 0x7a, 0x40, 0x72, 0x40, 0x72, 0x20, 0x72, 0x00, 0x6a, 0x41, 0x72,
    0x00, 0x6a, 0x23, 0x4b, 0xa5, 0x5c, 0xc5, 0x5c, 0xe5, 0x5c, 0xe5, 0x64,
    0xe5, 0x64, 0x05, 0x65, 0x05, 0x65, 0x05, 0x6d, 0x06, 0x6d, 0x06, 0x6d,
    0x05, 0x6d, 0x06, 0x6d, 0x06, 0x6d, 0x06, 0x6d, 0x06, 0x6d, 0x06, 0x6d,
    0x06, 0x6d, 0x06, 0x6d, 0x27, 0x6d, 0x21, 0xcb, 0x80, 0xe3, 0x80, 0xeb,
    0x80, 0xeb, 0x80, 0xe3, 0x80, 0xe3, 0xa0, 0xeb, 0x80, 0xeb, 0xa1, 0xe3,
    0x22, 0xed, 0x22, 0xed, 0x22, 0xf5, 0x42, 0xf5, 0x42, 0xed, 0x62, 0xf5,
    0x62, 0xf5, 0x62, 0xf5, 0x82, 0xf5, 0x82, 0xf5, 0x82, 0xf5, 0x82, 0xf5,
    0x82, 0xf5, 0xa2, 0xf5, 0x82, 0xf5, 0x61, 0xf5, 0x21, 0xf5, 0x20, 0xfd,
    0x00, 0xfd, 0x41, 0xf5, 0x81, 0xf5, 0xa2, 0xf5, 0xa2, 0xf5, 0xc3, 0xf5,
    0xc2, 0xf5, 0xc3, 0xfd, 0xc3, 0xfd, 0xc2, 0xf5, 0xa3, 0xf5, 0xa3, 0xfd,
    0xc2, 0xf5, 0xa2, 0xfd, 0xa2, 0xfd, 0xa2, 0xf5, 0xa2, 0xf5, 0xa3, 0xfd,
    0xa2, 0xf5, 0xa2, 0xf5, 0x82, 0xf5, 0x82, 0xf5, 0x82, 0xf5, 0x82, 0xf5,
    0x82, 0xf5, 0x62, 0xf5, 0x62, 0xf5, 0x42, 0xf5, 0x21, 0xf5, 0x01, 0xf5,
    0x01, 0xec, 0x20, 0xf4, 0x80, 0xfc, 0xa0, 0xfc, 0xc0, 0xfc, 0xe0, 0xf4,
    0x00, 0xfd, 0x20, 0xfd, 0x20, 0xfd, 0x40, 0xfd, 0x40, 0xfd, 0x40, 0xfd,
    0x60, 0xfd, 0x40, 0xfd, 0x60, 0xfd, 0x40, 0xfd, 0x60, 0xfd, 0x60, 0xfd,
    0x60, 0xfd, 0x60, 0xfd, 0x60, 0xfd, 0x60, 0xfd, 0x40, 0xfd, 0x40, 0xfd,
    0x40, 0xfd, 0x20, 0xfd, 0x20, 0xfd, 0x00, 0xf5, 0x00, 0xfd, 0xe0, 0xfc,
    0xc0, 0xfc, 0x40, 0xf4, 0x00, 0xfc, 0x00, 0xf4, 0x00, 0xf4, 0xe0, 0xf3,
    0xc0, 0xf3, 0x20, 0xfc, 0x20, 0xfc, 0x00, 0xf4, 0xe0, 0xf3, 0xe0, 0xf3,
    0xa0, 0xf3, 0x80, 0xf3, 0x60, 0xeb, 0x40, 0xeb, 0x40, 0xeb, 0x20, 0xeb,
    0x40, 0xeb, 0x40, 0xeb, 0x20, 0xeb, 0x20, 0xeb, 0x20, 0xeb, 0x20, 0xeb,
    0x20, 0xe3, 0x20, 0xeb, 0x20, 0xeb, 0x41, 0xeb, 0x40, 0xeb, 0x20, 0xeb,
    0x20, 0xeb, 0x40, 0xeb, 0x20, 0xeb, 0xc2, 0xc9, 0xc3, 0xc0, 0xc3, 0xc8,
    0xe3, 0xc8, 0xe3, 0xd0, 0x03, 0xd1, 0xe3, 0xd0, 0xe3, 0xd0, 0xe3, 0xd0,
    0xe3, 0xd0, 0xe3, 0xd8, 0xe3, 0xd8, 0xc3, 0xd8, 0x03, 0xd9, 0xe3, 0xd8,
    0x03, 0xd9, 0xe3, 0xd8, 0xe3, 0xd8, 0xe3, 0xd8, 0xe3, 0xd0, 0xc3, 0xd0,
    0x43, 0xd9, 0xa1, 0xe2, 0xe0, 0xf3, 0xc0, 0xf3, 0xe0, 0xf3, 0x00, 0xf4,
    0x20, 0xf4, 0x60, 0xf4, 0x60, 0xf4, 0x80, 0xfc, 0x80, 0xfc, 0x80, 0xf4,
    0x23, 0x4c, 0x43, 0x4c, 0x23, 0x4c, 0x43, 0x54, 0x43, 0x54, 0x64, 0x54,
    0x63, 0x54, 0x63, 0x54, 0x63, 0x54, 0x63, 0x5c, 0xe2, 0x53, 0x21, 0x41,
    0x60, 0x72, 0xa0, 0x82, 0x80, 0x82, 0x80, 0x82, 0xe0, 0x8a, 0x20, 0x9b,
    0x40, 0x9b, 0x40, 0x93, 0x40, 0x9b, 0x60, 0x9b, 0x40, 0x9b, 0x40, 0x93,
    0x40, 0x9b, 0x40, 0x9b, 0xa0, 0xa3, 0xc0, 0xa3, 0xa0, 0xa3, 0xa1, 0xa3,
    0xa0, 0xa3, 0x80, 0xa3, 0x81, 0xa3, 0x80, 0xa3, 0x60, 0x9b, 0x60, 0x9b,
    0x60, 0xa3, 0x61, 0x9b, 0x60, 0x9b, 0x60, 0xa3, 0x60, 0x9b, 0x40, 0x9b,
    0x20, 0x93, 0x01, 0x93, 0xe0, 0x8a, 0x00, 0x8b, 0xe1, 0x8a, 0xe0, 0x8a,
    0x00, 0x93, 0xe1, 0x8a, 0x00, 0x93, 0xe0, 0x8a, 0xc0, 0x8a, 0xc0, 0x8a,
    0xa0, 0x82, 0x60, 0x7a, 0x80, 0x82, 0x60, 0x7a, 0x80, 0x7a, 0x60, 0x7a,
    0x60, 0x7a, 0x40, 0x72, 0x20, 0x72, 0x20, 0x72, 0x41, 0x72, 0x00, 0x62,
    0x41, 0x42, 0xe4, 0x5c, 0xa4, 0x5c, 0xc5, 0x64, 0xc5, 0x5c, 0xc5, 0x64,
    0xe5, 0x64, 0xe5, 0x64, 0x05, 0x65, 0x05, 0x6d, 0x05, 0x6d, 0x05, 0x6d,
    0x05, 0x6d, 0x05, 0x6d, 0x05, 0x6d, 0x05, 0x6d, 0x05, 0x6d, 0x05, 0x6d,
    0x26, 0x6d, 0x06, 0x6d, 0xe5, 0x74, 0x21, 0xe3, 0x60, 0xe3, 0x80, 0xeb,
    0x80, 0xeb, 0x80, 0xeb, 0xa0, 0xeb, 0x80, 0xeb, 0x80, 0xeb, 0x60, 0xe3,
    0x01, 0xed, 0x01, 0xed, 0x22, 0xed, 0x42, 0xf5, 0x41, 0xf5, 0x62, 0xed,
    0x62, 0xf5, 0x62, 0xf5, 0x62, 0xf5, 0x61, 0xf5, 0x82, 0xf5, 0x82, 0xf5,
    0x82, 0xf5, 0x82, 0xf5, 0xa2, 0xfd, 0x82, 0xf5, 0xa2, 0xf5, 0xa2, 0xf5,
    0x82, 0xf5, 0x41, 0xfd, 0x40, 0xfd, 0x20, 0xfd, 0x20, 0xfd, 0x20, 0xfd,
    0x41, 0xf5, 0x61, 0xf5, 0x81, 0xfd, 0x82, 0xf5, 0x82, 0xf5, 0x82, 0xf5,
    0xa2, 0xf5, 0xa2, 0xf5, 0xa2, 0xfd, 0xa2, 0xf5, 0xa2, 0xf5, 0x82, 0xf5,
    0x82, 0xfd, 0x82, 0xfd, 0x82, 0xf5, 0x82, 0xf5, 0x62, 0xf5, 0x41, 0xfd,
    0x21, 0xf5, 0xe0, 0xf4, 0xc0, 0xf4, 0xc0, 0xf4, 0xc0, 0xf4, 0xc1, 0xf4,
    0xc0, 0xeb, 0x40, 0xf4, 0x80, 0xfc, 0xa0, 0xfc, 0xc0, 0xf4, 0xe0, 0xfc,
    0x00, 0xfd, 0x00, 0xfd, 0x20, 0xfd, 0x40, 0xfd, 0x40, 0xfd, 0x40, 0xfd,
    0x20, 0xfd, 0xc0, 0xfc, 0xc0, 0xf4, 0xc0, 0xfc, 0xe0, 0xfc, 0x40, 0xfd,
    0x60, 0xfd, 0x60, 0xfd, 0x60, 0xfd, 0x60, 0xfd, 0x60, 0xfd, 0x40, 0xfd,
    0x40, 0xfd, 0x40, 0xfd, 0x20, 0xfd, 0x20, 0xfd, 0x00, 0xfd, 0xe0, 0xfc,
    0xa0, 0xf4, 0x20, 0xf4, 0x20, 0xfc, 0x20, 0xf4, 0xe0, 0xfb, 0xe0, 0xf3,
    0xe0, 0xf3, 0x00, 0xf4, 0x21, 0xf4, 0x20, 0xf4, 0x00, 0xf4, 0xc0, 0xf3,
    0xa0, 0xf3, 0xa0, 0xf3, 0x60, 0xeb, 0x60, 0xeb, 0x40, 0xeb, 0x40, 0xeb,
    0x40, 0xeb, 0x40, 0xeb, 0x40, 0xeb, 0x20, 0xeb, 0x20, 0xeb, 0x20, 0xeb,
    0x41, 0xeb, 0x40, 0xeb, 0x40, 0xeb, 0x40, 0xeb, 0x40, 0xeb, 0x40, 0xeb,
    0x61, 0xeb, 0x60, 0xeb, 0x40, 0xeb, 0x60, 0xeb, 0x80, 0xf3, 0x21, 0xda,
    0x02, 0xd1, 0xc3, 0xc8, 0xc3, 0xc8, 0xe3, 0xd0, 0xe3, 0xd0, 0xe3, 0xd0,
    0xe3, 0xd0, 0xe3, 0xd8, 0xe3, 0xd8, 0xe3, 0xd8, 0xe3, 0xd0, 0xe3, 0xd8,
    0x03, 0xd9, 0xe3, 0xd0, 0xc3, 0xd0, 0x22, 0xd9, 0x21, 0xe2, 0x80, 0xeb,
    0xc0, 0xf3, 0xc0, 0xf3, 0xc0, 0xf3, 0xe0, 0xf3, 0x00, 0xf4, 0x40, 0xf4,
    0x60, 0xf4, 0x80, 0xfc, 0x80, 0xfc, 0x80, 0xf4, 0x80, 0xfc, 0x60, 0xf4,
    0x43, 0x4c, 0x43, 0x54, 0x63, 0x54, 0x64, 0x54, 0x63, 0x54, 0x43, 0x54,
    0x63, 0x54, 0x63, 0x54, 0x63, 0x5c, 0x63, 0x5c, 0x63, 0x64, 0x63, 0x64,
    0xc1, 0x41, 0xa1, 0x59, 0xa0, 0x82, 0xa0, 0x82, 0xe1, 0x8a, 0x20, 0x93,
    0x40, 0x9b, 0x40, 0x93, 0x40, 0x9b, 0x60, 0x9b, 0x61, 0x9b, 0x40, 0x9b,
    0x60, 0x93, 0x40, 0x9b, 0x80, 0xa3, 0xa0, 0xa3, 0xa0, 0xa3, 0xa0, 0xa3,
    0xa0, 0xa3, 0xa0, 0xa3, 0x80, 0xa3, 0x80, 0xa3, 0x80, 0xa3, 0x60, 0x9b,
    0x60, 0x9b, 0x60, 0x9b, 0x60, 0x9b, 0x40, 0x9b, 0x40, 0x9b, 0x40, 0x9b,
    0x20, 0x93, 0xe0, 0x8a, 0x00, 0x93, 0x00, 0x93, 0x00, 0x93, 0xe0, 0x8a,
    0x00, 0x93, 0x00, 0x93, 0x00, 0x8b, 0xe0, 0x92, 0xc0, 0x8a, 0xc0, 0x8a,
    0xa0, 0x82, 0x60, 0x7a, 0x60, 0x82, 0x80, 0x82, 0x60, 0x7a, 0x60, 0x7a,
    0x40, 0x7a, 0x40, 0x72, 0x20, 0x7a, 0x40, 0x7a, 0x61, 0x51, 0xe2, 0x4a,
    0xa4, 0x5c, 0xa4, 0x5c, 0xc4, 0x64, 0xc4, 0x64, 0xe5, 0x64, 0xe5, 0x64,
    0xe4, 0x64, 0x05, 0x6d, 0xe5, 0x6c, 0x05, 0x6d, 0x05, 0x6d, 0x05, 0x6d,
    0x05, 0x6d, 0x05, 0x6d, 0x05, 0x6d, 0x25, 0x75, 0x05, 0x75, 0x05, 0x6d,
    0x05, 0x75, 0x26, 0x6d, 0x44, 0x94, 0x60, 0xe3, 0x60, 0xe3, 0x60, 0xe3,
    0x80, 0xeb, 0x80, 0xe3, 0x80, 0xeb, 0x80, 0xeb, 0x80, 0xeb, 0x60, 0xe3,
    0xa1, 0xe4, 0x01, 0xed, 0x01, 0xed, 0x21, 0xf5, 0x21, 0xed, 0x41, 0xf5,
    0x41, 0xf5, 0x62, 0xf5, 0x62, 0xf5, 0x61, 0xf5, 0x62, 0xf5, 0x82, 0xf5,
    0x82, 0xf5, 0x82, 0xf5, 0x82, 0xf5, 0xa2, 0xfd, 0x82, 0xf5, 0xa2, 0xf5,
    0x82, 0xf5, 0xa2, 0xf5, 0xa2, 0xf5, 0xa2, 0xf5, 0xa2, 0xf5, 0x61, 0xf5,
    0x41, 0xfd, 0x41, 0xf5, 0x20, 0xf5, 0x20, 0xfd, 0x20, 0xfd, 0x20, 0xf5,
    0x20, 0xfd, 0x00, 0xf5, 0x01, 0xf5, 0x20, 0xfd, 0x00, 0xf5, 0x00, 0xf5,
    0x00, 0xf5, 0x00, 0xf5, 0xe0, 0xf4, 0xe0, 0xfc, 0xe0, 0xf4, 0xe0, 0xf4,
    0xe1, 0xf4, 0x01, 0xf5, 0x01, 0xf5, 0x21, 0xf5, 0x21, 0xf5, 0xc1, 0xec,
    0xe0, 0xeb, 0x40, 0xf4, 0x80, 0xf4, 0xa0, 0xfc, 0xc0, 0xfc, 0xe0, 0xfc,
    0x00, 0xfd, 0x20, 0xfd, 0x20, 0xf5, 0x20, 0xfd, 0x20, 0xfd, 0x01, 0xfd,
    0xa0, 0xf4, 0xc0, 0xfc, 0xc0, 0xfc, 0xc0, 0xfc, 0xa0, 0xfc, 0xe0, 0xfc,
    0x40, 0xfd, 0x60, 0xfd, 0x60, 0xfd, 0x60, 0xfd, 0x40, 0xfd, 0x60, 0xfd,
    0x40, 0xfd, 0x20, 0xfd, 0x20, 0xfd, 0x00, 0xfd, 0x00, 0xfd, 0xe0, 0xfc,
    0x60, 0xf4, 0x20, 0xfc, 0x20, 0xf4, 0x00, 0xf4, 0x00, 0xf4, 0x00, 0xfc,
    0xe0, 0xf3, 0xe0, 0xf3, 0x40, 0xfc, 0x20, 0xf4, 0xe0, 0xf3, 0xe0, 0xf3,
    0xc0, 0xf3, 0x80, 0xf3, 0x80, 0xf3, 0x60, 0xf3, 0x40, 0xeb, 0x20, 0xeb,
    0x41, 0xf3, 0x60, 0xeb, 0x40, 0xeb, 0x40, 0xeb, 0x20, 0xeb, 0x40, 0xeb,
    0x40, 0xeb, 0x40, 0xeb, 0x40, 0xeb, 0x40, 0xeb, 0x60, 0xeb, 0x60, 0xeb,
    0x60, 0xeb, 0x60, 0xeb, 0x80, 0xeb, 0x80, 0xeb, 0x60, 0xeb, 0x80, 0xf3,
    0xc0, 0xf3, 0x80, 0xeb, 0x81, 0xe2, 0xa2, 0xd9, 0x22, 0xd1, 0x02, 0xd1,
    0xc3, 0xd0, 0xa3, 0xd0, 0xa3, 0xd0, 0xc3, 0xd0, 0x22, 0xd9, 0x62, 0xd9,
    0x02, 0xda, 0x21, 0xeb, 0xe0, 0xf3, 0xe0, 0xf3, 0xc0, 0xf3, 0xc0, 0xf3,
    0xc0, 0xf3, 0xe0, 0xf3, 0x00, 0xf4, 0x20, 0xf4, 0x20, 0xf4, 0x60, 0xf4,
    0x60, 0xf4, 0x80, 0xf4, 0x80, 0xfc, 0x80, 0xf4, 0x60, 0xf4, 0x40, 0xfc,
    0x43, 0x54, 0x44, 0x54, 0x63, 0x54, 0x63, 0x54, 0x63, 0x54, 0x63, 0x54,
    0x43, 0x54, 0x63, 0x5c, 0x63, 0x5c, 0x83, 0x5c, 0x63, 0x64, 0x83, 0x64,
    0xa3, 0x6c, 0x82, 0x4a, 0x20, 0x39, 0x01, 0x62, 0xe0, 0x8a, 0x20, 0x93,
    0x41, 0x93, 0x40, 0x9b, 0x40, 0x9b, 0x60, 0x9b, 0x40, 0x9b, 0x40, 0x9b,
    0x40, 0x9b, 0x41, 0x93, 0x80, 0xa3, 0x80, 0xa3, 0xa0, 0xa3, 0xa0, 0xa3,
    0xa0, 0xa3, 0x80, 0xa3, 0x80, 0x9b, 0x80, 0xa3, 0x60, 0x9b, 0x40, 0x9b,
    0x60, 0x9b, 0x60, 0x9b, 0x40, 0x9b, 0x41, 0x9b, 0x40, 0x9b, 0x40, 0x9b,
    0x20, 0x93, 0xe0, 0x92, 0xe0, 0x92, 0xe0, 0x8a, 0xe0, 0x8a, 0xe0, 0x92,
    0xe0, 0x8a, 0x00, 0x8b, 0xe0, 0x8a, 0xe1, 0x8a, 0xc0, 0x8a, 0xa0, 0x8a,
    0xa0, 0x82, 0x81, 0x82, 0x80, 0x82, 0x80, 0x7a, 0x60, 0x7a, 0x61, 0x7a,
    0x60, 0x7a, 0x61, 0x82, 0xe1, 0x69, 0x20, 0x41, 0x83, 0x4b, 0xa4, 0x5c,
    0xa4, 0x5c, 0xc4, 0x5c, 0xc4, 0x64, 0xc4, 0x64, 0xc4, 0x64, 0xe4, 0x64,
    0xe4, 0x6c, 0xe5, 0x6c, 0xe4, 0x64, 0x05, 0x6d, 0x05, 0x6d, 0x05, 0x6d,
    0x05, 0x75, 0x05, 0x6d, 0x05, 0x6d, 0x05, 0x75, 0x05, 0x75, 0x25, 0x75,
    0x25, 0x75, 0x45, 0x75, 0x83, 0xbb, 0x60, 0xe3, 0x60, 0xe3, 0x80, 0xeb,
    0x80, 0xeb, 0x80, 0xeb, 0xa0, 0xeb, 0x80, 0xeb, 0x80, 0xeb, 0x80, 0xeb,
    0x01, 0xe4, 0x02, 0xed, 0x02, 0xed, 0x02, 0xed, 0x22, 0xed, 0x41, 0xed,
    0x42, 0xf5, 0x62, 0xf5, 0x62, 0xf5, 0x62, 0xf5, 0x62, 0xf5, 0x82, 0xf5,
    0x82, 0xf5, 0x82, 0xf5, 0x82, 0xf5, 0x82, 0xf5, 0x82, 0xf5, 0x82, 0xf5,
    0x82, 0xf5, 0xa2, 0xf5, 0xa3, 0xf5, 0xa2, 0xf5, 0xa2, 0xf5, 0xa2, 0xfd,
    0xa2, 0xf5, 0xa2, 0xf5, 0xa3, 0xfd, 0xa2, 0xf5, 0xa2, 0xf5, 0x82, 0xfd,
    0x82, 0xf5, 0x82, 0xf5, 0x82, 0xfd, 0x62, 0xf5, 0x62, 0xf5, 0x62, 0xfd,
    0x62, 0xf5, 0x62, 0xf5, 0x62, 0xf5, 0x82, 0xf5, 0x62, 0xf5, 0x42, 0xf5,
    0x61, 0xf5, 0x41, 0xf5, 0x21, 0xf5, 0x21, 0xf5, 0x01, 0xf5, 0x61, 0xe4,
    0x00, 0xf4, 0x40, 0xf4, 0x80, 0xf4, 0xa0, 0xfc, 0xc0, 0xfc, 0xe0, 0xfc,
    0xe0, 0xfc, 0x20, 0xfd, 0x20, 0xfd, 0x40, 0xfd, 0x20, 0xfd, 0xa0, 0xfc,
    0xc0, 0xfc, 0xa0, 0xfc, 0xc0, 0xfc, 0xa0, 0xfc, 0xc0, 0xfc, 0xc0, 0xfc,
    0x00, 0xfd, 0x60, 0xfd, 0x60, 0xfd, 0x60, 0xfd, 0x60, 0xfd, 0x40, 0xfd,
    0x40, 0xfd, 0x20, 0xfd, 0x40, 0xfd, 0x20, 0xfd, 0x00, 0xf5, 0x00, 0xfd,
    0x60, 0xfc, 0x20, 0xf4, 0x00, 0xf4, 0x00, 0xf4, 0x00, 0xfc, 0xe0, 0xf3,
    0xe0, 0xf3, 0x00, 0xf4, 0x40, 0xfc, 0x20, 0xfc, 0x00, 0xf4, 0xe0, 0xf3,
    0xc0, 0xf3, 0xa1, 0xf3, 0x80, 0xeb, 0x60, 0xf3, 0x40, 0xeb, 0x40, 0xeb,
    0x20, 0xeb, 0x40, 0xeb, 0x60, 0xeb, 0x61, 0xeb, 0x60, 0xeb, 0x60, 0xeb,
    0x60, 0xeb, 0x60, 0xeb, 0x60, 0xeb, 0x60, 0xeb, 0x60, 0xf3, 0x80, 0xeb,
    0x80, 0xeb, 0x80, 0xf3, 0x80, 0xeb, 0x80, 0xf3, 0xa0, 0xf3, 0xa0, 0xeb,
    0xc0, 0xf3, 0xc0, 0xf3, 0xc0, 0xf3, 0xc0, 0xeb, 0xe0, 0xf3, 0xe0, 0xf3,
    0xe0, 0xf3, 0x00, 0xf4, 0x00, 0xf4, 0x00, 0xf4, 0x20, 0xf4, 0x00, 0xf4,
    0xe0, 0xf3, 0xc0, 0xf3, 0xe0, 0xf3, 0x00, 0xf4, 0x00, 0xf4, 0x00, 0xf4,
    0x00, 0xf4, 0x20, 0xf4, 0x20, 0xf4, 0x40, 0xf4, 0x60, 0xf4, 0x80, 0xfc,
    0x80, 0xfc, 0x80, 0xf4, 0x80, 0xf4, 0x60, 0xfc, 0x60, 0xf4, 0x40, 0xf4,
    0x43, 0x54, 0x63, 0x54, 0x64, 0x54, 0x63, 0x54, 0x63, 0x5c, 0x63, 0x5c,
    0x63, 0x5c, 0x63, 0x5c, 0x83, 0x5c, 0x63, 0x5c, 0x83, 0x64, 0x83, 0x64,
    0xa3, 0x64, 0x41, 0x52, 0xc0, 0x82, 0x20, 0x6a, 0x40, 0x49, 0x80, 0x51,
    0x80, 0x7a, 0x20, 0x93, 0x60, 0x9b, 0x40, 0x9b, 0x40, 0x9b, 0x40, 0x9b,
    0x40, 0x9b, 0x40, 0x93, 0x80, 0x9b, 0x81, 0xa3, 0x80, 0xa3, 0x80, 0xa3,
    0x81, 0xa3, 0x80, 0xa3, 0x60, 0x9b, 0x60, 0x9b, 0x40, 0x9b, 0x41, 0x9b,
    0x40, 0x9b, 0x60, 0x9b, 0x40, 0x9b, 0x60, 0x9b, 0x40, 0x9b, 0x41, 0x9b,
    0x20, 0x93, 0xe0, 0x8a, 0xe1, 0x92, 0x00, 0x8b, 0xe0, 0x92, 0xe0, 0x8a,
    0xe1, 0x92, 0xe0, 0x92, 0xe0, 0x8a, 0xe0, 0x92, 0xc0, 0x8a, 0xa0, 0x82,
    0xa0, 0x82, 0x80, 0x82, 0x80, 0x82, 0x80, 0x82, 0x80, 0x82, 0x21, 0x72,
    0x80, 0x51, 0x00, 0x39, 0x80, 0x51, 0xc0, 0x59, 0x22, 0x4a, 0xa4, 0x64,
    0xa4, 0x5c, 0xa4, 0x5c, 0xc4, 0x5c, 0xc4, 0x64, 0xe4, 0x64, 0xe4, 0x6c,
    0xe5, 0x6c, 0x05, 0x6d, 0x05, 0x6d, 0x04, 0x6d, 0x05, 0x75, 0x05, 0x6d,
    0x05, 0x75, 0x05, 0x75, 0x05, 0x75, 0x25, 0x75, 0x25, 0x75, 0x05, 0x75,
    0x05, 0x75, 0x25, 0x75, 0x21, 0xdb, 0x40, 0xeb, 0x60, 0xeb, 0x80, 0xe3,
    0x80, 0xeb, 0x81, 0xeb, 0x80, 0xeb, 0x80, 0xeb, 0x80, 0xeb, 0x80, 0xeb,
    0x80, 0xe3, 0xe1, 0xec, 0xe1, 0xec, 0x01, 0xed, 0x22, 0xed, 0x22, 0xed,
    0x41, 0xf5, 0x41, 0xed, 0x62, 0xf5, 0x62, 0xf5, 0x61, 0xf5, 0x62, 0xf5,
    0x82, 0xf5, 0x82, 0xf5, 0x82, 0xf5, 0x82, 0xf5, 0x82, 0xf5, 0x82, 0xf5,
    0x82, 0xf5, 0x83, 0xf5, 0xa2, 0xfd, 0x82, 0xf5, 0xa3, 0xf5, 0xa2, 0xf5,
    0x82, 0xf5, 0xa2, 0xf5, 0xa2, 0xf5, 0xa2, 0xf5, 0xa2, 0xfd, 0x82, 0xf5,
    0xa2, 0xf5, 0x82, 0xf5, 0x82, 0xf5, 0x82, 0xf5, 0x82, 0xf5, 0x82, 0xf5,
    0x82, 0xf5, 0x62, 0xf5, 0x62, 0xf5, 0x62, 0xf5, 0x62, 0xf5, 0x41, 0xf5,
    0x41, 0xf5, 0x42, 0xf5, 0x21, 0xf5, 0x01, 0xf5, 0xe1, 0xf4, 0xc1, 0xe3,
    0x40, 0xf4, 0x40, 0xf4, 0x80, 0xfc, 0xa0, 0xfc, 0xc0, 0xf4, 0xe0, 0xfc,
    0x00, 0xf5, 0x20, 0xfd, 0x20, 0xfd, 0x20, 0xfd, 0xc0, 0xfc, 0xa0, 0xfc,
    0xc0, 0xfc, 0xa0, 0xfc, 0xa0, 0xfc, 0xa0, 0xfc, 0xc0, 0xfc, 0xc0, 0xfc,
    0xe0, 0xfc, 0x60, 0xfd, 0x40, 0xfd, 0x60, 0xfd, 0x60, 0xfd, 0x60, 0xfd,
    0x40, 0xfd, 0x20, 0xfd, 0x20, 0xfd, 0x20, 0xfd, 0x00, 0xfd, 0xe0, 0xfc,
    0xa0, 0xf4, 0x20, 0xf4, 0x00, 0xfc, 0x00, 0xfc, 0x01, 0xf4, 0xe0, 0xf3,
    0xe0, 0xf3, 0x20, 0xfc, 0x20, 0xf4, 0x20, 0xf4, 0x00, 0xf4, 0xe0, 0xf3,
    0xc0, 0xf3, 0x80, 0xf3, 0x60, 0xeb, 0x60, 0xeb, 0x41, 0xeb, 0x20, 0xeb,
    0x40, 0xf3, 0x40, 0xeb, 0x60, 0xf3, 0x60, 0xf3, 0x60, 0xeb, 0x60, 0xeb,
    0x60, 0xeb, 0x60, 0xeb, 0x60, 0xeb, 0x60, 0xf3, 0x80, 0xeb, 0x80, 0xf3,
    0xa0, 0xf3, 0xa1, 0xf3, 0xa0, 0xf3, 0xa0, 0xf3, 0xa0, 0xeb, 0xc0, 0xf3,
    0xc0, 0xf3, 0xe0, 0xf3, 0xe0, 0xf3, 0x00, 0xf4, 0x00, 0xf4, 0xe0, 0xf3,
    0x00, 0xf4, 0x00, 0xf4, 0x00, 0xf4, 0x00, 0xf4, 0x00, 0xf4, 0x00, 0xf4,
    0x00, 0xf4, 0x00, 0xf4, 0x00, 0xf4, 0x20, 0xf4, 0x20, 0xf4, 0x20, 0xf4,
    0x20, 0xf4, 0x40, 0xf4, 0x60, 0xf4, 0x60, 0xf4, 0x80, 0xfc, 0x80, 0xfc,
    0x80, 0xfc, 0x80, 0xf4, 0x60, 0xf4, 0x40, 0xf4, 0x40, 0xfc, 0x20, 0xf4,
    0x63, 0x54, 0x63, 0x54, 0x63, 0x5c, 0x63, 0x5c, 0x63, 0x5c, 0x83, 0x5c,
    0x83, 0x5c, 0x83, 0x5c, 0x83, 0x5c, 0x83, 0x5c, 0x83, 0x64, 0x82, 0x64,
    0xa3, 0x64, 0xc1, 0x59, 0xa0, 0x7a, 0x80, 0x7a, 0x81, 0x82, 0x80, 0x7a,
    0x00, 0x6a, 0x60, 0x49, 0x61, 0x49, 0x20, 0x6a, 0xe1, 0x8a, 0x20, 0x93,
    0x40, 0x9b, 0x40, 0x9b, 0x80, 0x9b, 0x80, 0xa3, 0x80, 0x9b, 0x60, 0x9b,
    0x80, 0xa3, 0x60, 0x9b, 0x60, 0x9b, 0x61, 0x9b, 0x40, 0x9b, 0x40, 0x9b,
    0x40, 0x9b, 0x40, 0x9b, 0x40, 0x9b, 0x40, 0x9b, 0x20, 0x9b, 0x40, 0x93,
    0x00, 0x93, 0xe0, 0x8a, 0xe0, 0x8a, 0xe0, 0x92, 0xe0, 0x8a, 0xe0, 0x8a,
    0xe0, 0x8a, 0xe0, 0x92, 0xe0, 0x8a, 0xe0, 0x8a, 0xa0, 0x8a, 0xa0, 0x8a,
    0xa0, 0x8a, 0x80, 0x82, 0x00, 0x6a, 0x60, 0x51, 0x20, 0x41, 0x40, 0x41,
    0xa0, 0x59, 0xc0, 0x61, 0xc0, 0x61, 0xc0, 0x61, 0x61, 0x51, 0x84, 0x5c,
    0xa4, 0x5c, 0xc4, 0x64, 0xc4, 0x64, 0xe4, 0x6c, 0xe5, 0x6c, 0xe4, 0x6c,
    0xe4, 0x6c, 0x04, 0x6d, 0xe4, 0x6c, 0x04, 0x6d, 0x04, 0x75, 0x05, 0x75,
    0x24, 0x75, 0x04, 0x75, 0x25, 0x75, 0x24, 0x75, 0x24, 0x75, 0x04, 0x75,
    0x04, 0x7d, 0x05, 0x7d, 0xe0, 0xda, 0x20, 0xe3, 0x00, 0xe3, 0xe1, 0xe2,
    0x20, 0xe3, 0x60, 0xe3, 0x80, 0xeb, 0x80, 0xe3, 0x80, 0xeb, 0x80, 0xeb,
    0x61, 0xeb, 0xc1, 0xe4, 0xe1, 0xec, 0xe1, 0xec, 0x01, 0xed, 0x22, 0xed,
    0x22, 0xed, 0x21, 0xed, 0x42, 0xf5, 0x41, 0xf5, 0x62, 0xf5, 0x62, 0xf5,
    0x62, 0xf5, 0x62, 0xf5, 0x62, 0xf5, 0x82, 0xf5, 0x82, 0xf5, 0x82, 0xf5,
    0x82, 0xf5, 0x82, 0xf5, 0x82, 0xf5, 0x82, 0xf5, 0x82, 0xfd, 0x82, 0xf5,
    0x82, 0xfd, 0x82, 0xf5, 0xa3, 0xf5, 0x82, 0xf5, 0x82, 0xf5, 0x82, 0xf5,
    0x82, 0xfd, 0x82, 0xf5, 0x82, 0xf5, 0x82, 0xf5, 0x62, 0xfd, 0x61, 0xf5,
    0x82, 0xf5, 0x62, 0xf5, 0x61, 0xfd, 0x61, 0xf5, 0x42, 0xf5, 0x41, 0xf5,
    0x41, 0xf5, 0x22, 0xf5, 0x01, 0xf5, 0x02, 0xf5, 0xe1, 0xec, 0x80, 0xe3,
    0x40, 0xf4, 0x40, 0xf4, 0x80, 0xfc, 0xa0, 0xfc, 0xa0, 0xfc, 0xe0, 0xfc,
    0x00, 0xfd, 0x00, 0xfd, 0x20, 0xfd, 0x20, 0xfd, 0xa0, 0xfc, 0xa0, 0xfc,
    0xa0, 0xf4, 0xa0, 0xfc, 0xa0, 0xfc, 0xa0, 0xfc, 0xa0, 0xfc, 0xc0, 0xfc,
    0xe0, 0xf4, 0x40, 0xfd, 0x40, 0xfd, 0x60, 0xfd, 0x60, 0xfd, 0x40, 0xfd,
    0x40, 0xfd, 0x40, 0xfd, 0x20, 0xf5, 0x20, 0xfd, 0x00, 0xfd, 0xe0, 0xfc,
    0xc0, 0xfc, 0x60, 0xfc, 0x20, 0xf4, 0x00, 0xf4, 0x00, 0xf4, 0x00, 0xf4,
    0x40, 0xfc, 0x40, 0xf4, 0x40, 0xf4, 0x20, 0xfc, 0x00, 0xf4, 0xe0, 0xf3,
    0xc0, 0xf3, 0xa0, 0xf3, 0x80, 0xf3, 0x60, 0xf3, 0x40, 0xeb, 0x40, 0xeb,
    0x40, 0xeb, 0x40, 0xeb, 0x40, 0xeb, 0x60, 0xeb, 0x80, 0xf3, 0x80, 0xf3,
    0x80, 0xf3, 0x80, 0xeb, 0x80, 0xeb, 0xa0, 0xf3, 0xa0, 0xeb, 0xa0, 0xeb,
    0xa0, 0xeb, 0xc0, 0xf3, 0xc0, 0xeb, 0xc0, 0xf3, 0xc0, 0xf3, 0xe0, 0xf3,
    0xe0, 0xf3, 0xe0, 0xf3, 0x00, 0xf4, 0x00, 0xf4, 0x00, 0xf4, 0x20, 0xf4,
    0x20, 0xf4, 0x20, 0xf4, 0x20, 0xf4, 0x20, 0xf4, 0x20, 0xf4, 0x20, 0xf4,
    0x20, 0xf4, 0x20, 0xf4, 0x20, 0xf4, 0x40, 0xf4, 0x40, 0xf4, 0x40, 0xf4,
    0x60, 0xf4, 0x60, 0xfc, 0x60, 0xf4, 0x60, 0xfc, 0x80, 0xf4, 0x80, 0xf4,
    0x80, 0xf4, 0x60, 0xfc, 0x60, 0xfc, 0x40, 0xf4, 0x20, 0xf4, 0x00, 0xf4,
    0x63, 0x5c, 0x83, 0x5c, 0x63, 0x5c, 0x63, 0x5c, 0x63, 0x5c, 0x83, 0x5c,
    0x83, 0x5c, 0x83, 0x5c, 0x83, 0x64, 0x83, 0x64, 0x83, 0x64, 0x83, 0x5c,
    0x22, 0x53, 0x20, 0x72, 0x80, 0x7a, 0xa0, 0x82, 0xa0, 0x82, 0xa0, 0x82,
    0xa0, 0x7a, 0xa0, 0x82, 0xa1, 0x82, 0x60, 0x72, 0x00, 0x62, 0x80, 0x49,
    0x61, 0x49, 0x80, 0x49, 0xc0, 0x59, 0x61, 0x6a, 0xc1, 0x82, 0x41, 0x93,
    0x81, 0xa3, 0x80, 0xa3, 0x60, 0xa3, 0x60, 0x9b, 0x40, 0x9b, 0x20, 0x9b,
    0x40, 0x9b, 0x41, 0x9b, 0x41, 0x9b, 0x40, 0x9b, 0x20, 0x93, 0x21, 0x9b,
    0xe0, 0x8a, 0xc0, 0x8a, 0xc0, 0x8a, 0xe1, 0x8a, 0xe0, 0x92, 0x00, 0x93,
    0x21, 0x93, 0x00, 0x93, 0xc1, 0x8a, 0x80, 0x7a, 0xe1, 0x61, 0x80, 0x49,
    0x20, 0x41, 0x41, 0x41, 0x60, 0x49, 0xa0, 0x59, 0xc0, 0x61, 0xc1, 0x61,
    0xe0, 0x61, 0xc0, 0x61, 0xc0, 0x61, 0xe0, 0x61, 0xc0, 0x69, 0x03, 0x53,
    0xc4, 0x64, 0xc4, 0x64, 0xc4, 0x64, 0xc5, 0x6c, 0xe4, 0x6c, 0xe4, 0x6c,
    0x05, 0x6d, 0xe4, 0x74, 0xe5, 0x74, 0xe5, 0x74, 0xe4, 0x74, 0x05, 0x75,
    0x05, 0x75, 0x04, 0x75, 0x04, 0x7d, 0x25, 0x7d, 0x25, 0x7d, 0x24, 0x7d,
    0x24, 0x7d, 0xc4, 0x84, 0xc0, 0xe2, 0x00, 0xe3, 0x00, 0xe3, 0x00, 0xe3,
    0x00, 0xe3, 0x20, 0xe3, 0x60, 0xeb, 0x80, 0xeb, 0x80, 0xeb, 0x80, 0xeb,
    0x80, 0xeb, 0x01, 0xe4, 0xe2, 0xec, 0xe2, 0xec, 0xe1, 0xec, 0x01, 0xed,
    0x22, 0xed, 0x22, 0xf5, 0x22, 0xed, 0x42, 0xed, 0x41, 0xed, 0x62, 0xf5,
    0x62, 0xf5, 0x62, 0xf5, 0x62, 0xf5, 0x62, 0xf5, 0x62, 0xf5, 0x62, 0xf5,
    0x82, 0xf5, 0x62, 0xf5, 0x82, 0xf5, 0x82, 0xf5, 0x82, 0xf5, 0x82, 0xf5,
    0x82, 0xf5, 0x82, 0xf5, 0x82, 0xf5, 0x82, 0xf5, 0x82, 0xf5, 0x82, 0xf5,
    0x82, 0xf5, 0x62, 0xf5, 0x62, 0xf5, 0x62, 0xf5, 0x62, 0xf5, 0x62, 0xf5,
    0x61, 0xf5, 0x62, 0xf5, 0x42, 0xf5, 0x41, 0xf5, 0x42, 0xf5, 0x21, 0xf5,
    0x22, 0xf5, 0x21, 0xf5, 0x21, 0xf5, 0x01, 0xf5, 0xa1, 0xec, 0xa0, 0xeb,
    0x20, 0xf4, 0x40, 0xf4, 0x60, 0xf4, 0xa0, 0xfc, 0xa0, 0xfc, 0xe0, 0xfc,
    0xe0, 0xfc, 0x00, 0xfd, 0x20, 0xfd, 0x20, 0xfd, 0x80, 0xf4, 0xa0, 0xfc,
    0xc0, 0xfc, 0xc0, 0xfc, 0xa0, 0xfc, 0xc0, 0xfc, 0xa0, 0xfc, 0xa0, 0xfc,
    0xe0, 0xfc, 0x40, 0xfd, 0x60, 0xfd, 0x40, 0xfd, 0x40, 0xfd, 0x40, 0xf5,
    0x40, 0xfd, 0x20, 0xfd, 0x20, 0xfd, 0x00, 0xfd, 0x00, 0xf5, 0xe0, 0xfc,
    0xe0, 0xfc, 0xc1, 0xf4, 0xa0, 0xfc, 0x80, 0xfc, 0x60, 0xfc, 0x60, 0xfc,
    0x60, 0xfc, 0x40, 0xf4, 0x40, 0xfc, 0x20, 0xf4, 0xe0, 0xf3, 0xc0, 0xf3,
    0xa0, 0xf3, 0xa0, 0xf3, 0x60, 0xeb, 0x40, 0xeb, 0x60, 0xf3, 0x40, 0xeb,
    0x20, 0xeb, 0x20, 0xeb, 0x60, 0xeb, 0x60, 0xeb, 0x80, 0xeb, 0x80, 0xf3,
    0x80, 0xf3, 0x80, 0xeb, 0x80, 0xf3, 0xa0, 0xf3, 0xc0, 0xeb, 0xc0, 0xf3,
    0xc0, 0xf3, 0xc0, 0xf3, 0xc0, 0xf3, 0xe0, 0xf3, 0xe0, 0xf3, 0x00, 0xf4,
    0x00, 0xf4, 0x00, 0xf4, 0x00, 0xf4, 0x20, 0xf4, 0x20, 0xf4, 0x20, 0xf4,
    0x40, 0xf4, 0x20, 0xf4, 0x20, 0xf4, 0x40, 0xf4, 0x40, 0xf4, 0x40, 0xf4,
    0x40, 0xf4, 0x40, 0xf4, 0x60, 0xf4, 0x60, 0xfc, 0x60, 0xf4, 0x60, 0xf4,
    0x60, 0xfc, 0x80, 0xfc, 0x80, 0xfc, 0x80, 0xf4, 0x60, 0xf4, 0x60, 0xf4,
    0x60, 0xf4, 0x60, 0xfc, 0x20, 0xf4, 0x20, 0xf4, 0x00, 0xf4, 0xc0, 0xf3,
    0x83, 0x5c, 0x83, 0x64, 0x83, 0x5c, 0x83, 0x5c, 0x83, 0x64, 0x83, 0x64,
    0x83, 0x64, 0x83, 0x64, 0x83, 0x5c, 0x83, 0x64, 0x83, 0x64, 0xa3, 0x64,
    0xa0, 0x49, 0xa0, 0x82, 0x80, 0x7a, 0xa0, 0x82, 0xa0, 0x82, 0xa0, 0x82,
    0xa0, 0x82, 0xa0, 0x82, 0xc0, 0x82, 0xa0, 0x82, 0xa0, 0x82, 0xa0, 0x82,
    0xa0, 0x82, 0xa0, 0x82, 0x80, 0x7a, 0x40, 0x72, 0x00, 0x62, 0xa0, 0x59,
    0x20, 0x39, 0x40, 0x41, 0x61, 0x49, 0xa0, 0x51, 0xe1, 0x59, 0x00, 0x62,
    0x20, 0x62, 0x20, 0x6a, 0x40, 0x6a, 0x20, 0x6a, 0x41, 0x6a, 0x00, 0x6a,
    0xe1, 0x59, 0xc0, 0x59, 0xa0, 0x51, 0x81, 0x49, 0x40, 0x41, 0x40, 0x41,
    0x21, 0x39, 0x00, 0x39, 0x40, 0x41, 0x80, 0x49, 0xa0, 0x59, 0xc1, 0x59,
    0xe0, 0x61, 0xc0, 0x61, 0xe0, 0x61, 0xe0, 0x61, 0xe0, 0x61, 0xe0, 0x61,
    0xe0, 0x69, 0xe0, 0x61, 0xc0, 0x61, 0xc0, 0x61, 0xc0, 0x69, 0xa1, 0x59,
    0xc5, 0x64, 0xc4, 0x64, 0xc4, 0x6c, 0xc5, 0x6c, 0xe4, 0x6c, 0xe4, 0x6c,
    0xe5, 0x74, 0xe4, 0x74, 0xe4, 0x74, 0x04, 0x75, 0xe5, 0x74, 0x05, 0x75,
    0x04, 0x75, 0x04, 0x75, 0x04, 0x7d, 0x04, 0x7d, 0x05, 0x7d, 0x24, 0x85,
    0x24, 0x85, 0xa4, 0x8c, 0xc0, 0xe2, 0x00, 0xe3, 0x00, 0xe3, 0x00, 0xe3,
    0x00, 0xe3, 0x00, 0xe3, 0x40, 0xe3, 0x81, 0xeb, 0x80, 0xeb, 0x80, 0xeb,
    0x80, 0xeb, 0x80, 0xe3, 0xe1, 0xec, 0xe1, 0xec, 0xe1, 0xec, 0x02, 0xed,
    0x01, 0xed, 0x21, 0xed, 0x22, 0xf5, 0x41, 0xed, 0x42, 0xed, 0x41, 0xed,
    0x42, 0xed, 0x62, 0xf5, 0x42, 0xed, 0x62, 0xf5, 0x62, 0xf5, 0x62, 0xf5,
    0x62, 0xf5, 0x62, 0xf5, 0x62, 0xf5, 0x62, 0xf5, 0x62, 0xf5, 0x82, 0xf5,
    0x82, 0xf5, 0x82, 0xf5, 0x62, 0xf5, 0x82, 0xf5, 0x62, 0xf5, 0x62, 0xf5,
    0x82, 0xf5, 0x62, 0xf5, 0x62, 0xf5, 0x62, 0xf5, 0x62, 0xf5, 0x62, 0xf5,
    0x61, 0xf5, 0x42, 0xf5, 0x41, 0xf5, 0x42, 0xf5, 0x21, 0xf5, 0x21, 0xf5,
    0x22, 0xf5, 0x01, 0xf5, 0x01, 0xed, 0xe1, 0xec, 0x61, 0xec, 0xe0, 0xf3,
    0x20, 0xf4, 0x40, 0xfc, 0x80, 0xfc, 0xa0, 0xf4, 0xa0, 0xfc, 0xe0, 0xfc,
    0x00, 0xf5, 0x00, 0xfd, 0x20, 0xfd, 0x20, 0xfd, 0xa1, 0xf4, 0x80, 0xfc,
    0xa0, 0xfc, 0xa0, 0xfc, 0xa0, 0xfc, 0xa0, 0xf4, 0xa0, 0xfc, 0xa0, 0xfc,
    0x00, 0xfd, 0x40, 0xfd, 0x60, 0xfd, 0x60, 0xfd, 0x40, 0xfd, 0x40, 0xfd,
    0x40, 0xfd, 0x40, 0xfd, 0x20, 0xfd, 0x00, 0xfd, 0x00, 0xfd, 0xe0, 0xfc,
    0xc0, 0xf4, 0xc0, 0xfc, 0xa0, 0xf4, 0x80, 0xf4, 0x60, 0xf4, 0x60, 0xf4,
    0x40, 0xf4, 0x40, 0xf4, 0x20, 0xfc, 0x21, 0xf4, 0x00, 0xf4, 0xe0, 0xf3,
    0xa1, 0xf3, 0x80, 0xf3, 0x80, 0xeb, 0x40, 0xeb, 0x41, 0xeb, 0x40, 0xeb,
    0x20, 0xeb, 0x21, 0xeb, 0x40, 0xeb, 0x60, 0xeb, 0x80, 0xeb, 0x80, 0xf3,
    0x80, 0xeb, 0xa1, 0xeb, 0xa0, 0xf3, 0xa0, 0xeb, 0xa0, 0xf3, 0xc0, 0xf3,
    0xc0, 0xf3, 0xe0, 0xf3, 0xe0, 0xf3, 0xe0, 0xf3, 0x00, 0xf4, 0x00, 0xf4,
    0x00, 0xf4, 0x20, 0xf4, 0x20, 0xf4, 0x20, 0xf4, 0x40, 0xf4, 0x40, 0xf4,
    0x40, 0xfc, 0x40, 0xf4, 0x40, 0xf4, 0x40, 0xfc, 0x40, 0xf4, 0x40, 0xf4,
    0x60, 0xfc, 0x60, 0xfc, 0x60, 0xf4, 0x60, 0xfc, 0x80, 0xfc, 0x60, 0xf4,
    0x60, 0xf4, 0x60, 0xf4, 0x80, 0xf4, 0x80, 0xfc, 0x60, 0xfc, 0x60, 0xf4,
    0x40, 0xf4, 0x20, 0xf4, 0x00, 0xf4, 0xe0, 0xf3, 0xe0, 0xf3, 0xa0, 0xf3,
    0x83, 0x64, 0x83, 0x64, 0x83, 0x64, 0x83, 0x64, 0x83, 0x64, 0x83, 0x64,
    0x83, 0x64, 0x83, 0x64, 0x82, 0x64, 0x82, 0x64, 0x83, 0x64, 0x62, 0x53,
    0x20, 0x72, 0x80, 0x7a, 0x80, 0x82, 0xa0, 0x82, 0xa0, 0x82, 0xc1, 0x82,
    0xc0, 0x82, 0xa0, 0x82, 0xc0, 0x82, 0xc0, 0x82, 0xc0, 0x82, 0xa0, 0x82,
    0xa0, 0x82, 0xa0, 0x82, 0xa0, 0x82, 0xa0, 0x7a, 0x80, 0x7a, 0x60, 0x72,
    0x40, 0x41, 0x40, 0x72, 0x20, 0x6a, 0xe0, 0x61, 0xe0, 0x61, 0xe0, 0x59,
    0xc1, 0x59, 0xc1, 0x59, 0xa0, 0x59, 0xc0, 0x59, 0xc1, 0x59, 0xc0, 0x59,
    0xe0, 0x61, 0xc0, 0x59, 0xe0, 0x61, 0x00, 0x6a, 0xe0, 0x69, 0x00, 0x6a,
    0x20, 0x39, 0xa0, 0x59, 0xc0, 0x61, 0xe0, 0x61, 0xe0, 0x61, 0xe0, 0x61,
    0xe0, 0x61, 0xe0, 0x61, 0xe0, 0x61, 0xe0, 0x69, 0xe0, 0x69, 0xe0, 0x69,
    0xe0, 0x69, 0xe0, 0x69, 0xe0, 0x69, 0xe0, 0x69, 0xe0, 0x69, 0xe0, 0x69,
    0x42, 0x53, 0xc4, 0x6c, 0xc4, 0x6c, 0xc4, 0x6c, 0xe4, 0x6c, 0xe4, 0x74,
    0xe5, 0x74, 0xe4, 0x6c, 0xe4, 0x74, 0xe4, 0x74, 0x04, 0x75, 0xe4, 0x74,
    0x04, 0x7d, 0x04, 0x7d, 0x05, 0x85, 0x04, 0x85, 0x04, 0x85, 0x24, 0x85,
    0x24, 0x85, 0xa4, 0x8c, 0xa0, 0xe2, 0xe0, 0xe2, 0x00, 0xe3, 0x01, 0xe3,
    0x00, 0xe3, 0x00, 0xe3, 0x20, 0xe3, 0x60, 0xeb, 0x60, 0xeb, 0x80, 0xeb,
    0x80, 0xeb, 0x60, 0xe3, 0x41, 0xe4, 0xa1, 0xec, 0xe2, 0xec, 0xe1, 0xec,
    0xe1, 0xec, 0x02, 0xed, 0x22, 0xed, 0x02, 0xed, 0x22, 0xf5, 0x42, 0xed,
    0x42, 0xf5, 0x42, 0xf5, 0x42, 0xed, 0x42, 0xed, 0x42, 0xf5, 0x62, 0xf5,
    0x62, 0xf5, 0x62, 0xf5, 0x62, 0xf5, 0x62, 0xf5, 0x62, 0xf5, 0x62, 0xf5,
    0x62, 0xf5, 0x62, 0xf5, 0x62, 0xf5, 0x62, 0xf5, 0x62, 0xf5, 0x62, 0xf5,
    0x62, 0xf5, 0x62, 0xf5, 0x62, 0xf5, 0x62, 0xf5, 0x62, 0xf5, 0x42, 0xf5,
    0x42, 0xf5, 0x42, 0xf5, 0x42, 0xf5, 0x22, 0xf5, 0x21, 0xf5, 0x22, 0xf5,
    0x22, 0xed, 0x01, 0xed, 0xe1, 0xec, 0xc1, 0xec, 0x01, 0xe4, 0x00, 0xf4,
    0x20, 0xf4, 0x40, 0xfc, 0x60, 0xf4, 0x80, 0xfc, 0xa0, 0xf4, 0xc0, 0xfc,
    0xe0, 0xfc, 0x00, 0xfd, 0x20, 0xfd, 0x20, 0xfd, 0xc0, 0xf4, 0x80, 0xf4,
    0x80, 0xfc, 0xa0, 0xfc, 0xa0, 0xfc, 0xa0, 0xf4, 0xa0, 0xfc, 0xc0, 0xfc,
    0x41, 0xfd, 0x40, 0xfd, 0x40, 0xfd, 0x40, 0xfd, 0x40, 0xfd, 0x40, 0xfd,
    0x20, 0xfd, 0x20, 0xfd, 0x20, 0xfd, 0x00, 0xf5, 0xe0, 0xfc, 0xe0, 0xfc,
    0xc0, 0xf4, 0xa0, 0xfc, 0x80, 0xfc, 0x80, 0xf4, 0x60, 0xfc, 0x60, 0xf4,
    0x40, 0xf4, 0x40, 0xfc, 0x20, 0xf4, 0x00, 0xf4, 0xe0, 0xf3, 0xc0, 0xf3,
    0xa0, 0xf3, 0x80, 0xf3, 0x60, 0xeb, 0x60, 0xeb, 0x40, 0xf3, 0x20, 0xeb,
    0x00, 0xeb, 0x00, 0xeb, 0x20, 0xeb, 0x40, 0xf3, 0x60, 0xf3, 0x80, 0xeb,
    0x80, 0xf3, 0xa0, 0xf3, 0xa0, 0xeb, 0xa0, 0xf3, 0xa1, 0xeb, 0xc0, 0xf3,
    0xc0, 0xf3, 0xe0, 0xf3, 0x00, 0xf4, 0x00, 0xf4, 0x21, 0xf4, 0x00, 0xf4,
    0x20, 0xf4, 0x20, 0xf4, 0x20, 0xf4, 0x40, 0xf4, 0x20, 0xf4, 0x40, 0xf4,
    0x40, 0xf4, 0x60, 0xfc, 0x60, 0xf4, 0x60, 0xfc, 0x60, 0xf4, 0x60, 0xf4,
    0x60, 0xf4, 0x60, 0xf4, 0x60, 0xf4, 0x80, 0xfc, 0x60, 0xf4, 0x60, 0xf4,
    0x60, 0xfc, 0x60, 0xf4, 0x60, 0xf4, 0x60, 0xf4, 0x60, 0xf4, 0x40, 0xfc,
    0x40, 0xfc, 0x00, 0xf4, 0x00, 0xf4, 0xc0, 0xf3, 0xc0, 0xf3, 0x80, 0xeb,
    0x83, 0x6c, 0xa3, 0x6c, 0xa3, 0x6c, 0x83, 0x6c, 0x83, 0x6c, 0xa3, 0x64,
    0x83, 0x64, 0x82, 0x64, 0xa3, 0x64, 0x82, 0x64, 0xa3, 0x64, 0xc1, 0x51,
    0x80, 0x82, 0x80, 0x82, 0xa0, 0x82, 0xa0, 0x82, 0xc0, 0x82, 0xc0, 0x8a,
    0x00, 0x93, 0xe0, 0x8a, 0xc0, 0x8a, 0xc0, 0x82, 0xc0, 0x82, 0xc0, 0x82,
    0xc0, 0x82, 0xc0, 0x82, 0xa1, 0x82, 0xa0, 0x82, 0xa0, 0x82, 0x60, 0x7a,
    0x40, 0x41, 0x61, 0x72, 0x40, 0x72, 0x40, 0x6a, 0x20, 0x6a, 0x20, 0x6a,
    0x20, 0x72, 0x40, 0x72, 0x20, 0x6a, 0x20, 0x6a, 0x20, 0x6a, 0x00, 0x6a,
    0x00, 0x62, 0x00, 0x62, 0x00, 0x6a, 0x00, 0x6a, 0x00, 0x62, 0x00, 0x6a,
    0x20, 0x39, 0xc0, 0x61, 0x00, 0x6a, 0xe0, 0x69, 0xe0, 0x69, 0xe0, 0x69,
    0x00, 0x6a, 0x01, 0x72, 0x00, 0x6a, 0x00, 0x6a, 0x01, 0x6a, 0xe0, 0x69,
    0xe0, 0x69, 0xe0, 0x69, 0xe0, 0x69, 0xe0, 0x69, 0xe0, 0x69, 0xe0, 0x69,
    0xa1, 0x59, 0xe4, 0x6c, 0xc4, 0x74, 0xc4, 0x74, 0xc4, 0x74, 0xc4, 0x74,
    0xc4, 0x74, 0xe4, 0x7c, 0xe4, 0x7c, 0xe5, 0x7c, 0xe4, 0x7c, 0x04, 0x85,
    0x04, 0x85, 0x05, 0x85, 0x05, 0x85, 0x04, 0x8d, 0x04, 0x8d, 0x05, 0x85,
    0x04, 0x7d, 0xc4, 0x8c, 0xa0, 0xda, 0xe0, 0xda, 0xe0, 0xda, 0x00, 0xe3,
    0xe0, 0xe2, 0xe0, 0xe2, 0x00, 0xe3, 0x80, 0xeb, 0x80, 0xeb, 0x80, 0xeb,
    0x80, 0xeb, 0x60, 0xeb, 0x81, 0xe3, 0xc1, 0xec, 0xc1, 0xec, 0xc1, 0xe4,
    0xe2, 0xec, 0xe1, 0xec, 0x01, 0xed, 0x02, 0xed, 0x21, 0xed, 0x22, 0xf5,
    0x22, 0xed, 0x41, 0xed, 0x42, 0xf5, 0x22, 0xed, 0x42, 0xed, 0x42, 0xf5,
    0x62, 0xf5, 0x42, 0xed, 0x62, 0xf5, 0x62, 0xf5, 0x62, 0xf5, 0x62, 0xf5,
    0x42, 0xf5, 0x62, 0xf5, 0x62, 0xf5, 0x62, 0xf5, 0x62, 0xf5, 0x42, 0xf5,
    0x62, 0xf5, 0x62, 0xf5, 0x42, 0xf5, 0x42, 0xf5, 0x41, 0xf5, 0x42, 0xf5,
    0x21, 0xed, 0x21, 0xf5, 0x21, 0xf5, 0x21, 0xed, 0x22, 0xed, 0x01, 0xf5,
    0x01, 0xf5, 0x02, 0xed, 0xe1, 0xec, 0xc2, 0xec, 0xa1, 0xe3, 0x00, 0xf4,
    0x20, 0xf4, 0x40, 0xf4, 0x60, 0xfc, 0x80, 0xfc, 0xa0, 0xf4, 0xc0, 0xfc,
    0xe0, 0xfc, 0xe0, 0xf4, 0x00, 0xfd, 0x20, 0xfd, 0x00, 0xfd, 0x80, 0xf4,
    0x80, 0xf4, 0x80, 0xfc, 0x80, 0xfc, 0xa0, 0xf4, 0xe0, 0xfc, 0x20, 0xfd,
    0x40, 0xfd, 0x40, 0xfd, 0x40, 0xfd, 0x40, 0xfd, 0x20, 0xfd, 0x20, 0xfd,
    0x20, 0xfd, 0x00, 0xfd, 0x00, 0xfd, 0x00, 0xfd, 0xe0, 0xfc, 0xc0, 0xf4,
    0xc0, 0xfc, 0xa0, 0xf4, 0xa0, 0xfc, 0x80, 0xfc, 0x60, 0xf4, 0x40, 0xfc,
    0x40, 0xfc, 0x20, 0xf4, 0x00, 0xf4, 0x00, 0xf4, 0xe0, 0xf3, 0xc0, 0xf3,
    0xa0, 0xf3, 0x80, 0xeb, 0x80, 0xeb, 0x40, 0xeb, 0x40, 0xeb, 0x20, 0xeb,
    0x20, 0xeb, 0x00, 0xeb, 0x20, 0xeb, 0x40, 0xeb, 0x60, 0xeb, 0x80, 0xeb,
    0x80, 0xf3, 0x80, 0xeb, 0xa0, 0xf3, 0xa0, 0xf3, 0xc0, 0xf3, 0xc0, 0xf3,
    0xe0, 0xf3, 0xe0, 0xf3, 0x00, 0xf4, 0x00, 0xf4, 0x00, 0xf4, 0x00, 0xf4,
    0x20, 0xf4, 0x20, 0xf4, 0x20, 0xfc, 0x40, 0xf4, 0x40, 0xfc, 0x40, 0xf4,
    0x40, 0xfc, 0x60, 0xf4, 0x60, 0xf4, 0x40, 0xf4, 0x60, 0xfc, 0x60, 0xfc,
    0x60, 0xf4, 0x60, 0xfc, 0x80, 0xf4, 0x60, 0xf4, 0x60, 0xfc, 0x60, 0xf4,
    0x60, 0xfc, 0x80, 0xfc, 0x60, 0xf4, 0x40, 0xf4, 0x40, 0xf4, 0x20, 0xf4,
    0x00, 0xf4, 0xe0, 0xf3, 0xc0, 0xf3, 0xc0, 0xf3, 0x80, 0xeb, 0x80, 0xeb,
    0xa3, 0x6c, 0xa3, 0x74, 0xa3, 0x6c, 0xa3, 0x6c, 0x82, 0x6c, 0xa2, 0x64,
    0xa3, 0x6c, 0xa2, 0x64, 0xa3, 0x6c, 0xc3, 0x6c, 0xc2, 0x5b, 0x00, 0x72,
    0x80, 0x82, 0xa0, 0x82, 0xa0, 0x82, 0xa0, 0x82, 0x01, 0x93, 0x60, 0x9b,
    0x40, 0x9b, 0x40, 0x9b, 0x61, 0x9b, 0x40, 0x9b, 0x20, 0x93, 0x01, 0x93,
    0xe0, 0x8a, 0xe0, 0x8a, 0xe0, 0x8a, 0xc0, 0x82, 0xc1, 0x82, 0x80, 0x7a,
    0x40, 0x39, 0xa1, 0x82, 0xa0, 0x82, 0xa0, 0x7a, 0x80, 0x7a, 0x60, 0x7a,
    0x60, 0x7a, 0x60, 0x72, 0x60, 0x72, 0x40, 0x72, 0x40, 0x72, 0x20, 0x6a,
    0x00, 0x6a, 0x00, 0x6a, 0x01, 0x6a, 0x00, 0x6a, 0x20, 0x6a, 0x00, 0x6a,
    0x20, 0x39, 0x21, 0x6a, 0x40, 0x7a, 0x40, 0x72, 0x40, 0x72, 0x40, 0x7a,
    0x60, 0x7a, 0x60, 0x82, 0x60, 0x7a, 0x40, 0x7a, 0x41, 0x7a, 0x20, 0x72,
    0xe0, 0x69, 0xe0, 0x69, 0xe0, 0x69, 0x00, 0x6a, 0x00, 0x6a, 0xe0, 0x71,
    0xe0, 0x69, 0x22, 0x5b, 0xe4, 0x7c, 0xc4, 0x7c, 0xe5, 0x84, 0xe4, 0x84,
    0xe4, 0x84, 0xe5, 0x84, 0xe5, 0x84, 0xe4, 0x84, 0xe4, 0x8c, 0xe4, 0x84,
    0xe4, 0x84, 0xe4, 0x84, 0x04, 0x85, 0x04, 0x8d, 0xe4, 0x8c, 0x04, 0x85,
    0x04, 0x85, 0xe4, 0x84, 0xa1, 0xda, 0xe0, 0xda, 0xe0, 0xe2, 0xe0, 0xe2,
    0xe0, 0xe2, 0xe0, 0xe2, 0x01, 0xe3, 0x80, 0xeb, 0x80, 0xeb, 0x61, 0xeb,
    0x60, 0xeb, 0x60, 0xeb, 0x40, 0xe3, 0x61, 0xe4, 0xc1, 0xe4, 0xc1, 0xec,
    0xe2, 0xec, 0xe1, 0xe4, 0xe1, 0xec, 0x01, 0xed, 0x01, 0xed, 0x01, 0xed,
    0x02, 0xed, 0x21, 0xed, 0x22, 0xf5, 0x22, 0xed, 0x22, 0xed, 0x22, 0xed,
    0x22, 0xed, 0x42, 0xed, 0x42, 0xf5, 0x42, 0xed, 0x42, 0xed, 0x42, 0xed,
    0x42, 0xf5, 0x42, 0xf5, 0x42, 0xf5, 0x42, 0xf5, 0x42, 0xf5, 0x42, 0xf5,
    0x42, 0xf5, 0x42, 0xf5, 0x42, 0xf5, 0x22, 0xf5, 0x42, 0xed, 0x22, 0xed,
    0x21, 0xf5, 0x22, 0xf5, 0x02, 0xed, 0x21, 0xed, 0x01, 0xed, 0x01, 0xed,
    0x02, 0xf5, 0xe1, 0xec, 0xc1, 0xec, 0xa1, 0xec, 0x80, 0xe3, 0xe0, 0xf3,
    0x00, 0xf4, 0x20, 0xf4, 0x60, 0xfc, 0x80, 0xfc, 0x80, 0xfc, 0xa0, 0xf4,
    0xc0, 0xfc, 0xe0, 0xfc, 0x00, 0xfd, 0x20, 0xfd, 0x20, 0xfd, 0x20, 0xfd,
    0x00, 0xfd, 0x00, 0xfd, 0x00, 0xfd, 0x20, 0xfd, 0x20, 0xfd, 0x20, 0xfd,
    0x20, 0xf5, 0x40, 0xfd, 0x40, 0xfd, 0x20, 0xfd, 0x20, 0xf5, 0x20, 0xfd,
    0x20, 0xfd, 0x20, 0xfd, 0x00, 0xf5, 0xe0, 0xfc, 0xc0, 0xfc, 0xc0, 0xf4,
    0xc0, 0xf4, 0xa0, 0xfc, 0x80, 0xf4, 0x60, 0xf4, 0x60, 0xf4, 0x40, 0xfc,
    0x40, 0xf4, 0x20, 0xf4, 0x00, 0xf4, 0xe0, 0xfb, 0xc0, 0xf3, 0xc0, 0xf3,
    0xa0, 0xf3, 0x80, 0xf3, 0x80, 0xeb, 0x40, 0xeb, 0x20, 0xeb, 0x00, 0xeb,
    0x00, 0xeb, 0x00, 0xeb, 0x20, 0xeb, 0x20, 0xeb, 0x60, 0xeb, 0x60, 0xf3,
    0x80, 0xeb, 0x80, 0xeb, 0xa0, 0xf3, 0xa0, 0xeb, 0xc0, 0xeb, 0xc0, 0xf3,
    0xe0, 0xf3, 0x00, 0xf4, 0x00, 0xf4, 0x00, 0xf4, 0x00, 0xf4, 0x20, 0xf4,
    0x20, 0xf4, 0x20, 0xf4, 0x20, 0xf4, 0x20, 0xf4, 0x40, 0xfc, 0x40, 0xf4,
    0x40, 0xf4, 0x60, 0xfc, 0x60, 0xf4, 0x60, 0xf4, 0x60, 0xfc, 0x60, 0xfc,
    0x60, 0xf4, 0x60, 0xf4, 0x60, 0xfc, 0x60, 0xf4, 0x60, 0xf4, 0x80, 0xfc,
    0x60, 0xf4, 0x60, 0xf4, 0x40, 0xfc, 0x20, 0xf4, 0x20, 0xf4, 0x00, 0xf4,
    0xe0, 0xf3, 0xc0, 0xf3, 0xa1, 0xf3, 0x80, 0xf3, 0x80, 0xeb, 0x40, 0xeb,
    0xa2, 0x6c, 0xa2, 0x74, 0xa3, 0x74, 0xa3, 0x6c, 0xa3, 0x6c, 0xa3, 0x74,
    0xa3, 0x6c, 0xa3, 0x6c, 0xa3, 0x6c, 0xe2, 0x6c, 0xe1, 0x51, 0x80, 0x82,
    0x80, 0x82, 0xa0, 0x82, 0xa0, 0x82, 0x00, 0x93, 0x60, 0x9b, 0x60, 0x9b,
    0x60, 0x9b, 0x40, 0x9b, 0x60, 0x9b, 0x40, 0x9b, 0x40, 0x9b, 0x40, 0x9b,
    0x40, 0x9b, 0x20, 0x93, 0x20, 0x93, 0x20, 0x93, 0x00, 0x93, 0xc1, 0x82,
    0x60, 0x41, 0xc0, 0x82, 0xc0, 0x82, 0xc0, 0x82, 0xa0, 0x82, 0xa0, 0x82,
    0xa0, 0x7a, 0xa0, 0x82, 0xa0, 0x82, 0x81, 0x7a, 0x60, 0x7a, 0x61, 0x7a,
    0x40, 0x72, 0x40, 0x72, 0x40, 0x72, 0x40, 0x72, 0x40, 0x72, 0x40, 0x72,
    0x21, 0x41, 0x20, 0x72, 0x40, 0x7a, 0x60, 0x7a, 0x41, 0x7a, 0x60, 0x7a,
    0x60, 0x7a, 0x60, 0x7a, 0x40, 0x7a, 0x40, 0x7a, 0x40, 0x7a, 0x40, 0x7a,
    0x40, 0x7a, 0xe0, 0x69, 0xe1, 0x69, 0x00, 0x72, 0x00, 0x72, 0x00, 0x6a,
    0xe0, 0x71, 0x61, 0x51, 0xe4, 0x84, 0xc4, 0x84, 0xc4, 0x84, 0xc5, 0x8c,
    0xe4, 0x8c, 0xe4, 0x8c, 0xe5, 0x8c, 0xe4, 0x8c, 0xe4, 0x8c, 0xe5, 0x8c,
    0xe4, 0x8c, 0xe4, 0x8c, 0xe4, 0x8c, 0x04, 0x8d, 0xe4, 0x8c, 0x04, 0x8d,
    0x04, 0x8d, 0x04, 0x8d, 0xc1, 0xd2, 0xe0, 0xda, 0xe0, 0xe2, 0xe0, 0xe2,
    0x00, 0xe3, 0xe0, 0xe2, 0x40, 0xe3, 0x60, 0xeb, 0x60, 0xeb, 0x80, 0xeb,
    0x80, 0xeb, 0x60, 0xe3, 0x60, 0xeb, 0x61, 0xe3, 0xc1, 0xe4, 0xc1, 0xec,
    0xc1, 0xec, 0xc2, 0xec, 0xe2, 0xec, 0xe2, 0xec, 0xe2, 0xec, 0x01, 0xed,
    0x02, 0xed, 0x02, 0xed, 0x02, 0xed, 0x21, 0xed, 0x22, 0xed, 0x22, 0xed,
    0x22, 0xf5, 0x22, 0xed, 0x22, 0xed, 0x42, 0xf5, 0x42, 0xed, 0x42, 0xf5,
    0x42, 0xed, 0x42, 0xed, 0x42, 0xf5, 0x22, 0xed, 0x42, 0xf5, 0x21, 0xed,
    0x21, 0xed, 0x22, 0xed, 0x42, 0xf5, 0x21, 0xed, 0x22, 0xed, 0x22, 0xf5,
    0x22, 0xed, 0x22, 0xed, 0x02, 0xf5, 0x02, 0xed, 0x02, 0xf5, 0x02, 0xed,
    0xe1, 0xec, 0xe1, 0xec, 0xa1, 0xec, 0x81, 0xec, 0x61, 0xdb, 0xe0, 0xf3,
    0x00, 0xf4, 0x20, 0xf4, 0x40, 0xf4, 0x60, 0xf4, 0x80, 0xfc, 0xa0, 0xf4,
    0xc0, 0xfc, 0xe0, 0xfc, 0x00, 0xf5, 0x20, 0xfd, 0x20, 0xfd, 0x20, 0xfd,
    0x20, 0xfd, 0x20, 0xfd, 0x20, 0xfd, 0x20, 0xfd, 0x20, 0xfd, 0x21, 0xfd,
    0x20, 0xfd, 0x20, 0xfd, 0x40, 0xfd, 0x20, 0xfd, 0x20, 0xfd, 0x20, 0xfd,
    0x00, 0xfd, 0x00, 0xfd, 0xe0, 0xfc, 0xe0, 0xfc, 0xe0, 0xfc, 0xc0, 0xfc,
    0xa1, 0xfc, 0xa0, 0xfc, 0x80, 0xf4, 0x80, 0xfc, 0x60, 0xf4, 0x40, 0xf4,
    0x20, 0xfc, 0x01, 0xf4, 0xe0, 0xf3, 0xe0, 0xf3, 0xc0, 0xf3, 0xa0, 0xf3,
    0x80, 0xf3, 0x80, 0xf3, 0x60, 0xf3, 0x40, 0xeb, 0x40, 0xeb, 0x20, 0xeb,
    0x00, 0xeb, 0x00, 0xeb, 0x00, 0xeb, 0x20, 0xeb, 0x41, 0xeb, 0x60, 0xeb,
    0x60, 0xeb, 0x80, 0xf3, 0xa0, 0xf3, 0xa0, 0xf3, 0xc0, 0xf3, 0xc0, 0xeb,
    0xe0, 0xf3, 0xe0, 0xf3, 0x00, 0xf4, 0x00, 0xf4, 0x00, 0xf4, 0x20, 0xf4,
    0x20, 0xf4, 0x20, 0xf4, 0x40, 0xf4, 0x40, 0xf4, 0x40, 0xf4, 0x40, 0xf4,
    0x40, 0xfc, 0x40, 0xf4, 0x60, 0xf4, 0x60, 0xf4, 0x60, 0xf4, 0x60, 0xf4,
    0x60, 0xf4, 0x60, 0xfc, 0x60, 0xf4, 0x60, 0xfc, 0x60, 0xf4, 0x40, 0xf4,
    0x60, 0xf4, 0x40, 0xf4, 0x20, 0xf4, 0x20, 0xf4, 0x00, 0xf4, 0xe0, 0xf3,
    0xc0, 0xf3, 0xa0, 0xf3, 0x80, 0xeb, 0x80, 0xeb, 0x60, 0xeb, 0x40, 0xeb,
    0xa3, 0x74, 0xa3, 0x74, 0xa2, 0x74, 0xa3, 0x74, 0xa3, 0x74, 0xa3, 0x74,
    0xa2, 0x74, 0xa2, 0x74, 0xa3, 0x74, 0x82, 0x63, 0x00, 0x6a, 0xa0, 0x82,
    0xa0, 0x82, 0xa0, 0x82, 0xe0, 0x8a, 0x60, 0x9b, 0x60, 0x9b, 0x60, 0x9b,
    0x60, 0x9b, 0x40, 0x9b, 0x60, 0x9b, 0x60, 0x9b, 0x60, 0x9b, 0x60, 0x9b,
    0x40, 0x9b, 0x40, 0x9b, 0x20, 0x93, 0x20, 0x93, 0x40, 0x9b, 0x00, 0x8b,
    0xc0, 0x59, 0xc0, 0x8a, 0xe1, 0x8a, 0xa0, 0x82, 0x60, 0x7a, 0x21, 0x6a,
    0xe0, 0x61, 0xc0, 0x51, 0xa0, 0x51, 0xc0, 0x59, 0xe0, 0x61, 0x00, 0x62,
    0x20, 0x6a, 0x60, 0x7a, 0x80, 0x82, 0x80, 0x7a, 0x81, 0x82, 0x60, 0x7a,
    0x20, 0x39, 0x20, 0x72, 0x60, 0x82, 0x60, 0x82, 0x60, 0x82, 0x60, 0x82,
    0x60, 0x82, 0x61, 0x7a, 0x40, 0x7a, 0x40, 0x7a, 0x40, 0x7a, 0x40, 0x7a,
    0x40, 0x7a, 0x20, 0x72, 0x00, 0x6a, 0x00, 0x72, 0x00, 0x6a, 0x00, 0x6a,
    0x00, 0x72, 0xc0, 0x61, 0xc2, 0x62, 0xc4, 0x8c, 0xc4, 0x94, 0xc4, 0x8c,
    0xc4, 0x8c, 0xc4, 0x8c, 0xe4, 0x8c, 0xe4, 0x84, 0xe4, 0x84, 0xe4, 0x84,
    0xe4, 0x8c, 0xe4, 0x8c, 0xe4, 0x8c, 0xe4, 0x8c, 0x04, 0x8d, 0x04, 0x8d,
    0x04, 0x8d, 0x04, 0x8d, 0xe1, 0xc2, 0xc0, 0xda, 0xc0, 0xda, 0xe0, 0xe2,
    0x00, 0xe3, 0xe0, 0xe2, 0x40, 0xeb, 0x60, 0xeb, 0x60, 0xeb, 0x60, 0xe3,
    0x80, 0xeb, 0x60, 0xeb, 0x60, 0xeb, 0x40, 0xe3, 0x21, 0xe4, 0xc1, 0xe4,
    0xc2, 0xe4, 0xc1, 0xe4, 0xe1, 0xec, 0xe2, 0xe4, 0xe1, 0xec, 0x02, 0xed,
    0x01, 0xed, 0x01, 0xed, 0x01, 0xed, 0x02, 0xed, 0x01, 0xed, 0x02, 0xed,
    0x01, 0xed, 0x22, 0xed, 0x02, 0xed, 0x22, 0xed, 0x22, 0xed, 0x22, 0xf5,
    0x21, 0xf5, 0x22, 0xed, 0x22, 0xed, 0x21, 0xed, 0x01, 0xed, 0x22, 0xf5,
    0x22, 0xed, 0x22, 0xf5, 0x22, 0xed, 0x01, 0xed, 0x01, 0xed, 0x02, 0xf5,
    0x01, 0xed, 0x01, 0xed, 0xe1, 0xec, 0xe1, 0xec, 0xe1, 0xec, 0xe1, 0xec,
    0xe2, 0xec, 0xc1, 0xec, 0xa1, 0xec, 0xa1, 0xec, 0x61, 0xdb, 0xc0, 0xf3,
    0xe0, 0xf3, 0x00, 0xf4, 0x40, 0xf4, 0x60, 0xfc, 0x80, 0xf4, 0x80, 0xfc,
    0xc0, 0xfc, 0xe0, 0xfc, 0x00, 0xfd, 0x00, 0xfd, 0x00, 0xfd, 0x00, 0xfd,
    0x00, 0xfd, 0x20, 0xfd, 0x20, 0xfd, 0x20, 0xfd, 0x20, 0xfd, 0x20, 0xfd,
    0x20, 0xfd, 0x20, 0xfd, 0x20, 0xf5, 0x20, 0xfd, 0x20, 0xfd, 0x20, 0xfd,
    0x00, 0xfd, 0xe0, 0xf4, 0xe0, 0xfc, 0xe0, 0xfc, 0xc0, 0xf4, 0xc0, 0xf4,
    0xa0, 0xfc, 0xa0, 0xf4, 0x80, 0xfc, 0x60, 0xf4, 0x40, 0xfc, 0x20, 0xf4,
    0x20, 0xf4, 0x00, 0xf4, 0xe0, 0xf3, 0xe0, 0xf3, 0xa0, 0xf3, 0xa0, 0xf3,
    0x80, 0xeb, 0x61, 0xeb, 0x40, 0xeb, 0x40, 0xeb, 0x40, 0xeb, 0x21, 0xeb,
    0x20, 0xeb, 0xe0, 0xe2, 0x00, 0xeb, 0x20, 0xeb, 0x40, 0xeb, 0x60, 0xeb,
    0x60, 0xeb, 0x80, 0xf3, 0x80, 0xeb, 0xa0, 0xf3, 0xc0, 0xf3, 0xc0, 0xf3,
    0xc0, 0xf3, 0xe0, 0xf3, 0x00, 0xf4, 0x00, 0xf4, 0x00, 0xf4, 0x00, 0xf4,
    0x20, 0xf4, 0x20, 0xf4, 0x20, 0xf4, 0x40, 0xfc, 0x40, 0xf4, 0x40, 0xf4,
    0x40, 0xf4, 0x60, 0xfc, 0x60, 0xf4, 0x60, 0xfc, 0x60, 0xfc, 0x60, 0xf4,
    0x40, 0xfc, 0x40, 0xf4, 0x40, 0xf4, 0x40, 0xf4, 0x40, 0xf4, 0x40, 0xf4,
    0x20, 0xf4, 0x20, 0xf4, 0x01, 0xf4, 0x00, 0xf4, 0xe0, 0xf3, 0xc1, 0xf3,
    0xa0, 0xeb, 0x80, 0xeb, 0x60, 0xeb, 0x60, 0xeb, 0x40, 0xeb, 0x40, 0xeb,
    0x83, 0x74, 0xa3, 0x7c, 0xa3, 0x7c, 0xa3, 0x7c, 0xa3, 0x84, 0xa3, 0x84,
    0xa3, 0x84, 0xc3, 0x84, 0xc3, 0x84, 0x61, 0x41, 0xa0, 0x59, 0xc0, 0x82,
    0xc0, 0x82, 0xc0, 0x82, 0x40, 0x93, 0x61, 0x9b, 0x40, 0x9b, 0x60, 0x9b,
    0x60, 0xa3, 0x41, 0x9b, 0x60, 0x9b, 0x60, 0x9b, 0x40, 0x9b, 0x40, 0x9b,
    0x60, 0x9b, 0x41, 0x9b, 0x40, 0x9b, 0x20, 0x93, 0x40, 0x93, 0x00, 0x8b,
    0x00, 0x62, 0x60, 0x72, 0x80, 0x51, 0x20, 0x39, 0x21, 0x39, 0x60, 0x49,
    0x80, 0x49, 0xa0, 0x51, 0xa1, 0x51, 0x80, 0x51, 0x80, 0x51, 0x60, 0x49,
    0x40, 0x41, 0x01, 0x39, 0x40, 0x41, 0xa0, 0x51, 0x20, 0x72, 0x80, 0x82,
    0x40, 0x41, 0x41, 0x72, 0x60, 0x7a, 0x60, 0x82, 0x80, 0x82, 0x60, 0x82,
    0x60, 0x7a, 0x40, 0x82, 0x60, 0x82, 0x40, 0x82, 0x40, 0x7a, 0x40, 0x7a,
    0x40, 0x7a, 0x40, 0x7a, 0x00, 0x72, 0xe0, 0x69, 0x00, 0x6a, 0x00, 0x72,
    0x00, 0x6a, 0xa0, 0x61, 0x21, 0x41, 0xa4, 0x8c, 0xc4, 0x94, 0xc4, 0x8c,
    0xc5, 0x94, 0xc4, 0x8c, 0xe5, 0x8c, 0xe4, 0x8c, 0xc4, 0x8c, 0xe4, 0x8c,
    0xe4, 0x8c, 0xe4, 0x8c, 0xe4, 0x8c, 0xe4, 0x8c, 0xe4, 0x8c, 0xe4, 0x8c,
    0x04, 0x95, 0x04, 0x8d, 0x62, 0xbb, 0xc0, 0xda, 0xc0, 0xda, 0xe0, 0xe2,
    0x00, 0xe3, 0x41, 0xe3, 0x40, 0xe3, 0x60, 0xeb, 0x60, 0xeb, 0x60, 0xe3,
    0x60, 0xeb, 0x60, 0xe3, 0x60, 0xe3, 0x40, 0xe3, 0x40, 0xe3, 0xa1, 0xe4,
    0xc1, 0xe4, 0xc2, 0xec, 0xc1, 0xe4, 0xc1, 0xe4, 0xe1, 0xec, 0xe1, 0xec,
    0xe2, 0xec, 0xe1, 0xec, 0xe2, 0xec, 0xe2, 0xec, 0x01, 0xed, 0xe1, 0xec,
    0x01, 0xed, 0x02, 0xed, 0x01, 0xed, 0x01, 0xed, 0x02, 0xed, 0x01, 0xed,
    0x02, 0xed, 0x01, 0xf5, 0x01, 0xed, 0x01, 0xed, 0x22, 0xf5, 0x22, 0xed,
    0x01, 0xed, 0x01, 0xed, 0x02, 0xed, 0x02, 0xed, 0x02, 0xf5, 0x01, 0xed,
    0x01, 0xed, 0xe2, 0xec, 0xe1, 0xec, 0xe2, 0xec, 0xe1, 0xec, 0xc1, 0xec,
    0xc2, 0xec, 0xc1, 0xec, 0xa1, 0xec, 0x81, 0xe4, 0x60, 0xdb, 0xc0, 0xeb,
    0xc0, 0xf3, 0x00, 0xf4, 0x20, 0xf4, 0x60, 0xfc, 0x80, 0xfc, 0xa0, 0xfc,
    0xa0, 0xf4, 0xc0, 0xfc, 0xe0, 0xfc, 0xe0, 0xf4, 0x00, 0xfd, 0x01, 0xfd,
    0x00, 0xfd, 0x00, 0xf5, 0x20, 0xfd, 0x20, 0xfd, 0x00, 0xf5, 0x20, 0xfd,
    0x20, 0xfd, 0x20, 0xfd, 0x20, 0xfd, 0x00, 0xfd, 0x00, 0xf5, 0x00, 0xfd,
    0x00, 0xfd, 0xe0, 0xfc, 0xe0, 0xf4, 0xc0, 0xfc, 0xc0, 0xfc, 0xa0, 0xf4,
    0x80, 0xf4, 0x80, 0xfc, 0x60, 0xf4, 0x40, 0xf4, 0x40, 0xf4, 0x20, 0xf4,
    0x00, 0xf4, 0xe0, 0xf3, 0xe0, 0xf3, 0xc0, 0xf3, 0xa0, 0xf3, 0xa0, 0xf3,
    0x80, 0xeb, 0x60, 0xeb, 0x40, 0xeb, 0x20, 0xeb, 0x40, 0xeb, 0x20, 0xeb,
    0x00, 0xe3, 0xc0, 0xe2, 0x00, 0xeb, 0x00, 0xeb, 0x20, 0xeb, 0x40, 0xeb,
    0x60, 0xeb, 0x61, 0xeb, 0x80, 0xf3, 0xa0, 0xeb, 0xa0, 0xf3, 0xc0, 0xf3,
    0xc0, 0xeb, 0xe0, 0xf3, 0xe0, 0xf3, 0xe0, 0xf3, 0x00, 0xf4, 0x00, 0xf4,
    0x20, 0xf4, 0x20, 0xf4, 0x20, 0xf4, 0x20, 0xf4, 0x40, 0xfc, 0x20, 0xf4,
    0x40, 0xf4, 0x40, 0xf4, 0x60, 0xfc, 0x40, 0xf4, 0x40, 0xf4, 0x40, 0xf4,
    0x40, 0xfc, 0x40, 0xf4, 0x40, 0xf4, 0x20, 0xfc, 0x20, 0xf4, 0x20, 0xf4,
    0x00, 0xf4, 0x00, 0xf4, 0xe0, 0xf3, 0xc0, 0xf3, 0xa0, 0xf3, 0xa0, 0xf3,
    0x80, 0xeb, 0x60, 0xeb, 0x40, 0xeb, 0x40, 0xeb, 0x20, 0xeb, 0x20, 0xeb,
    0xa4, 0x9c, 0xa4, 0xa4, 0xa4, 0xa4, 0xc4, 0xa4, 0xa4, 0x9c, 0xa4, 0x9c,
    0xc4, 0x9c, 0xc4, 0x9c, 0x62, 0x73, 0x60, 0xa3, 0x60, 0x49, 0x80, 0x7a,
    0xe0, 0x8a, 0xe0, 0x8a, 0x40, 0x9b, 0x60, 0xa3, 0x60, 0xa3, 0x80, 0xa3,
    0x80, 0xa3, 0x60, 0xa3, 0x60, 0x9b, 0x60, 0xa3, 0x60, 0x9b, 0x60, 0x9b,
    0x40, 0x9b, 0x60, 0x9b, 0x60, 0x9b, 0x40, 0x9b, 0x41, 0x9b, 0x80, 0x7a,
    0x60, 0x41, 0x40, 0x41, 0xc0, 0x59, 0xa0, 0x7a, 0x60, 0xa3, 0x80, 0xab,
    0x80, 0xab, 0x60, 0xa3, 0x60, 0xa3, 0x60, 0xa3, 0x60, 0xa3, 0x60, 0xa3,
    0x60, 0xa3, 0x20, 0x9b, 0x41, 0x72, 0x80, 0x51, 0x20, 0x39, 0x00, 0x39,
    0x61, 0x49, 0x40, 0x72, 0x80, 0x82, 0x80, 0x82, 0x80, 0x82, 0x60, 0x82,
    0x60, 0x82, 0x60, 0x82, 0x60, 0x82, 0x60, 0x7a, 0x60, 0x7a, 0x40, 0x7a,
    0x40, 0x7a, 0x40, 0x7a, 0x40, 0x7a, 0x00, 0x72, 0x01, 0x72, 0x20, 0x72,
    0x00, 0x6a, 0x20, 0x39, 0x21, 0x72, 0xa2, 0x5a, 0xe4, 0x94, 0xc4, 0x94,
    0xc4, 0x8c, 0xc4, 0x8c, 0xe4, 0x8c, 0xc4, 0x8c, 0xe4, 0x94, 0xe4, 0x8c,
    0xe4, 0x8c, 0xc4, 0x8c, 0xe4, 0x8c, 0xe4, 0x8c, 0xe4, 0x94, 0xe4, 0x94,
    0xe4, 0x94, 0x04, 0x8d, 0x02, 0xa4, 0xe0, 0xe2, 0x20, 0xe3, 0x41, 0xe3,
    0x40, 0xe3, 0x40, 0xe3, 0x60, 0xeb, 0x60, 0xe3, 0x61, 0xe3, 0x60, 0xeb,
    0x60, 0xeb, 0x40, 0xe3, 0x41, 0xeb, 0x40, 0xe3, 0x40, 0xeb, 0xc1, 0xe3,
    0xc1, 0xe4, 0xa2, 0xe4, 0xc1, 0xec, 0xc2, 0xe4, 0xc1, 0xe4, 0xc1, 0xe4,
    0xe2, 0xe4, 0xe2, 0xec, 0xc1, 0xe4, 0xe2, 0xec, 0xe1, 0xec, 0xe2, 0xec,
    0xe2, 0xec, 0xe1, 0xec, 0xe1, 0xec, 0xe2, 0xec, 0x01, 0xed, 0x02, 0xed,
    0x02, 0xed, 0x01, 0xed, 0x02, 0xed, 0x02, 0xed, 0x02, 0xf5, 0x02, 0xed,
    0x01, 0xed, 0x02, 0xed, 0x02, 0xed, 0xe1, 0xec, 0x02, 0xed, 0x01, 0xed,
    0xe2, 0xec, 0xe1, 0xec, 0xe2, 0xec, 0xe2, 0xec, 0xc2, 0xec, 0xc2, 0xec,
    0xc1, 0xec, 0xa1, 0xec, 0xa1, 0xe4, 0x61, 0xe4, 0x61, 0xdb, 0xa0, 0xf3,
    0xc0, 0xeb, 0xe0, 0xf3, 0x20, 0xf4, 0x40, 0xf4, 0x40, 0xf4, 0x80, 0xf4,
    0x80, 0xf4, 0xc0, 0xfc, 0xc0, 0xfc, 0xe0, 0xf4, 0xe0, 0xfc, 0x00, 0xfd,
    0x00, 0xfd, 0x00, 0xfd, 0x00, 0xfd, 0x00, 0xfd, 0x00, 0xfd, 0x00, 0xfd,
    0x00, 0xfd, 0x00, 0xfd, 0x00, 0xfd, 0x00, 0xfd, 0x00, 0xfd, 0xe0, 0xfc,
    0xe0, 0xfc, 0xc0, 0xfc, 0xc0, 0xfc, 0xc0, 0xfc, 0xa0, 0xf4, 0x80, 0xfc,
    0x80, 0xfc, 0x80, 0xfc, 0x40, 0xf4, 0x40, 0xfc, 0x20, 0xf4, 0x20, 0xfc,
    0xe0, 0xf3, 0xc0, 0xf3, 0xc0, 0xf3, 0xc0, 0xf3, 0x80, 0xf3, 0x80, 0xf3,
    0x80, 0xf3, 0x60, 0xf3, 0x60, 0xeb, 0x40, 0xeb, 0x20, 0xeb, 0x00, 0xeb,
    0xe0, 0xea, 0xc0, 0xe2, 0xe1, 0xe2, 0x00, 0xeb, 0x20, 0xeb, 0x40, 0xeb,
    0x60, 0xf3, 0x60, 0xeb, 0x80, 0xf3, 0x80, 0xeb, 0xc0, 0xf3, 0xc0, 0xf3,
    0xc0, 0xf3, 0xe0, 0xf3, 0xe0, 0xf3, 0x00, 0xf4, 0x00, 0xf4, 0x00, 0xf4,
    0x00, 0xf4, 0x20, 0xf4, 0x00, 0xf4, 0x20, 0xf4, 0x20, 0xf4, 0x20, 0xfc,
    0x20, 0xf4, 0x20, 0xf4, 0x20, 0xf4, 0x20, 0xf4, 0x20, 0xf4, 0x20, 0xf4,
    0x20, 0xf4, 0x20, 0xf4, 0x20, 0xf4, 0x00, 0xf4, 0x00, 0xfc, 0xe0, 0xf3,
    0xe0, 0xf3, 0xe0, 0xf3, 0xc0, 0xf3, 0xa0, 0xf3, 0x80, 0xf3, 0x80, 0xeb,
    0x60, 0xeb, 0x40, 0xeb, 0x20, 0xeb, 0x20, 0xeb, 0x00, 0xe3, 0xe0, 0xe2,
    0xc5, 0xac, 0xa4, 0xa4, 0xc4, 0xa4, 0xa4, 0xa4, 0xa4, 0xa4, 0xa5, 0xa4,
    0xa4, 0x9c, 0x84, 0x9c, 0x01, 0x62, 0xc1, 0xb3, 0x20, 0x93, 0x60, 0x49,
    0xe0, 0x8a, 0x01, 0x93, 0x40, 0x9b, 0x60, 0xa3, 0x60, 0x9b, 0x60, 0x9b,
    0x60, 0x9b, 0x60, 0xa3, 0x80, 0xa3, 0x60, 0x9b, 0x61, 0xa3, 0x60, 0x9b,
    0x60, 0x9b, 0x60, 0x9b, 0x60, 0x9b, 0x20, 0x93, 0xa0, 0x51, 0x40, 0x41,
    0x01, 0x62, 0xa1, 0xab, 0xa0, 0xab, 0x60, 0xa3, 0x61, 0xa3, 0x20, 0x93,
    0xe0, 0x8a, 0xc0, 0x82, 0xa0, 0x82, 0xa0, 0x82, 0x81, 0x82, 0xa0, 0x82,
    0xc0, 0x8a, 0x00, 0x9b, 0x20, 0x9b, 0x60, 0xa3, 0x20, 0x9b, 0xe0, 0x61,
    0x20, 0x39, 0x20, 0x39, 0xa0, 0x59, 0x80, 0x82, 0x81, 0x82, 0x80, 0x82,
    0x60, 0x82, 0x60, 0x7a, 0x60, 0x82, 0x60, 0x82, 0x41, 0x7a, 0x40, 0x7a,
    0x40, 0x7a, 0x41, 0x7a, 0x40, 0x7a, 0x20, 0x72, 0x20, 0x72, 0x21, 0x72,
    0x40, 0x41, 0xa0, 0x59, 0xe0, 0xa2, 0xe0, 0x71, 0x84, 0x94, 0xa4, 0x9c,
    0xc4, 0x94, 0xc4, 0x94, 0xc4, 0x94, 0xc4, 0x94, 0xc4, 0x94, 0xc4, 0x94,
    0xc4, 0x94, 0xc4, 0x94, 0xe4, 0x94, 0xe4, 0x94, 0xe4, 0x94, 0xe4, 0x94,
    0xe4, 0x94, 0xe4, 0x94, 0xa4, 0x9c, 0xc0, 0xda, 0x20, 0xe3, 0x20, 0xe3,
    0x40, 0xe3, 0x60, 0xeb, 0x40, 0xe3, 0x40, 0xe3, 0x60, 0xeb, 0x40, 0xeb,
    0x40, 0xe3, 0x40, 0xeb, 0x40, 0xeb, 0x40, 0xe3, 0x40, 0xeb, 0x20, 0xe3,
    0x61, 0xe4, 0xa1, 0xe4, 0xc1, 0xe4, 0xc2, 0xe4, 0xc2, 0xe4, 0xc1, 0xec,
    0xc1, 0xe4, 0xc2, 0xe4, 0xc2, 0xec, 0xe1, 0xec, 0xc2, 0xe4, 0xc1, 0xe4,
    0xe1, 0xec, 0xe2, 0xec, 0xe2, 0xec, 0xe1, 0xec, 0xe2, 0xec, 0xe1, 0xec,
    0xe1, 0xec, 0x02, 0xed, 0x01, 0xed, 0xe1, 0xec, 0xe1, 0xec, 0xe2, 0xec,
    0x02, 0xed, 0x01, 0xed, 0xe2, 0xec, 0xe1, 0xec, 0xe1, 0xec, 0xc2, 0xec,
    0xe1, 0xec, 0xc1, 0xec, 0xc1, 0xec, 0xc1, 0xec, 0xc1, 0xec, 0xc1, 0xec,
    0xa1, 0xe4, 0xa1, 0xec, 0x81, 0xe4, 0x61, 0xe4, 0x61, 0xdb, 0xa0, 0xeb,
    0xc0, 0xf3, 0xe0, 0xf3, 0x00, 0xf4, 0x20, 0xf4, 0x40, 0xfc, 0x60, 0xfc,
    0x80, 0xfc, 0xa0, 0xfc, 0xc0, 0xf4, 0xc0, 0xfc, 0xe0, 0xfc, 0xe0, 0xfc,
    0xe0, 0xfc, 0xe0, 0xfc, 0x00, 0xf5, 0xe0, 0xfc, 0x00, 0xfd, 0x00, 0xfd,
    0x00, 0xf5, 0xe0, 0xfc, 0xe0, 0xfc, 0xe0, 0xf4, 0xe0, 0xfc, 0xe0, 0xf4,
    0xc0, 0xfc, 0xc0, 0xf4, 0xa0, 0xfc, 0xa0, 0xf4, 0x80, 0xf4, 0x80, 0xfc,
    0x60, 0xfc, 0x60, 0xf4, 0x40, 0xfc, 0x20, 0xf4, 0x20, 0xf4, 0x00, 0xf4,
    0xe0, 0xf3, 0xe0, 0xf3, 0xc0, 0xf3, 0xa0, 0xf3, 0x80, 0xf3, 0x80, 0xeb,
    0x60, 0xeb, 0x40, 0xeb, 0x40, 0xeb, 0x20, 0xeb, 0x21, 0xeb, 0x00, 0xeb,
    0xe0, 0xea, 0xc0, 0xe2, 0xe0, 0xe2, 0x00, 0xeb, 0x20, 0xeb, 0x40, 0xeb,
    0x40, 0xeb, 0x60, 0xf3, 0x60, 0xeb, 0xa0, 0xf3, 0xa0, 0xeb, 0xa0, 0xf3,
    0xc0, 0xf3, 0xc0, 0xeb, 0xe0, 0xf3, 0xe0, 0xf3, 0xe0, 0xf3, 0x00, 0xf4,
    0x00, 0xf4, 0x00, 0xf4, 0x00, 0xf4, 0x00, 0xf4, 0x00, 0xf4, 0x00, 0xf4,
    0x00, 0xf4, 0x00, 0xf4, 0x00, 0xf4, 0x00, 0xf4, 0x00, 0xf4, 0x00, 0xf4,
    0x00, 0xf4, 0x00, 0xf4, 0x00, 0xf4, 0xe0, 0xf3, 0xc0, 0xf3, 0xc0, 0xf3,
    0xc0, 0xf3, 0xa1, 0xf3, 0xa0, 0xf3, 0x60, 0xeb, 0x60, 0xeb, 0x40, 0xeb,
    0x20, 0xeb, 0x00, 0xeb, 0x01, 0xeb, 0xe0, 0xe2, 0xe0, 0xe2, 0xe0, 0xe2,
    0xa5, 0xac, 0xa5, 0xac, 0xc5, 0xac, 0xa5, 0xa4, 0xc5, 0xac, 0xa4, 0xac,
    0xc4, 0xac, 0xc2, 0x6a, 0x40, 0xa3, 0x60, 0xab, 0x00, 0xbc, 0x41, 0x6a,
    0xc0, 0x59, 0x20, 0x9b, 0x60, 0x9b, 0x60, 0xa3, 0x60, 0xa3, 0x80, 0xa3,
    0x80, 0xa3, 0x60, 0x9b, 0x60, 0xa3, 0x60, 0x9b, 0x60, 0x9b, 0x80, 0xa3,
    0x60, 0x9b, 0x61, 0xa3, 0xe0, 0x8a, 0x41, 0x41, 0xe0, 0x61, 0xc0, 0xab,
    0xe0, 0xb3, 0x60, 0xa3, 0xe0, 0x8a, 0xc0, 0x82, 0xc1, 0x82, 0xc0, 0x8a,
    0xc0, 0x8a, 0xc1, 0x8a, 0xc0, 0x8a, 0xc0, 0x8a, 0xc0, 0x8a, 0xc0, 0x8a,
    0xc0, 0x8a, 0xa1, 0x82, 0xa0, 0x82, 0xc0, 0x8a, 0x21, 0x9b, 0x40, 0xa3,
    0x41, 0x9b, 0xa1, 0x51, 0x20, 0x41, 0x40, 0x41, 0x80, 0x7a, 0x80, 0x82,
    0x80, 0x82, 0x81, 0x82, 0x60, 0x82, 0x60, 0x82, 0x60, 0x7a, 0x60, 0x7a,
    0x40, 0x7a, 0x60, 0x7a, 0x40, 0x7a, 0x40, 0x7a, 0x20, 0x72, 0x40, 0x49,
    0x80, 0x51, 0xe0, 0x9a, 0xe1, 0x9a, 0x40, 0x82, 0x62, 0x62, 0xe4, 0xa4,
    0xc4, 0xa4, 0xa5, 0xa4, 0xa4, 0xa4, 0xc4, 0xa4, 0xc5, 0xa4, 0xc5, 0xa4,
    0xe5, 0xa4, 0xe5, 0xa4, 0xe5, 0xa4, 0xe5, 0xa4, 0xe4, 0xa4, 0xe4, 0xac,
    0xe4, 0xa4, 0xe4, 0xa4, 0x04, 0xa5, 0x01, 0xcb, 0x00, 0xe3, 0x20, 0xe3,
    0x40, 0xe3, 0x40, 0xe3, 0x40, 0xe3, 0x40, 0xe3, 0x40, 0xe3, 0x40, 0xe3,
    0x40, 0xeb, 0x40, 0xe3, 0x40, 0xe3, 0x20, 0xe3, 0x20, 0xe3, 0x40, 0xeb,
    0x21, 0xe3, 0x81, 0xe4, 0xa1, 0xe4, 0xa1, 0xe4, 0xa1, 0xe4, 0xa2, 0xe4,
    0xa1, 0xe4, 0xc1, 0xe4, 0xc2, 0xec, 0xc1, 0xe4, 0xc1, 0xe4, 0xe2, 0xec,
    0xc1, 0xe4, 0xc1, 0xe4, 0xe2, 0xec, 0xe1, 0xec, 0xc1, 0xec, 0xe2, 0xec,
    0xe2, 0xec, 0xe1, 0xec, 0xe2, 0xec, 0xe2, 0xec, 0xe1, 0xec, 0xe1, 0xec,
    0xe2, 0xec, 0xe1, 0xec, 0xe1, 0xec, 0xe1, 0xec, 0xc2, 0xec, 0xc1, 0xec,
    0xc1, 0xec, 0xc2, 0xe4, 0xc2, 0xec, 0xc1, 0xec, 0xa1, 0xe4, 0xa1, 0xec,
    0xa2, 0xe4, 0xa1, 0xe4, 0x81, 0xe4, 0x61, 0xe4, 0x61, 0xdb, 0x80, 0xeb,
    0xa0, 0xeb, 0xc0, 0xf3, 0xe0, 0xf3, 0x20, 0xf4, 0x40, 0xf4, 0x60, 0xf4,
    0x80, 0xf4, 0x80, 0xf4, 0xa0, 0xf4, 0xc0, 0xfc, 0xc0, 0xf4, 0xc0, 0xf4,
    0xc0, 0xfc, 0xe0, 0xf4, 0xe0, 0xfc, 0xe0, 0xf4, 0xe0, 0xfc, 0xe0, 0xf4,
    0xe0, 0xfc, 0xe0, 0xfc, 0xe0, 0xfc, 0xe0, 0xfc, 0xc0, 0xfc, 0xc0, 0xfc,
    0xc0, 0xf4, 0xa0, 0xfc, 0x80, 0xfc, 0x80, 0xfc, 0x80, 0xfc, 0x60, 0xf4,
    0x60, 0xf4, 0x40, 0xf4, 0x40, 0xf4, 0x20, 0xfc, 0x00, 0xf4, 0xe0, 0xf3,
    0xc0, 0xf3, 0xc0, 0xf3, 0xa0, 0xf3, 0xa1, 0xf3, 0x80, 0xf3, 0x80, 0xeb,
    0x40, 0xeb, 0x41, 0xeb, 0x20, 0xeb, 0x20, 0xeb, 0x00, 0xeb, 0x00, 0xe3,
    0xe0, 0xe2, 0xc0, 0xe2, 0xc0, 0xe2, 0xe0, 0xe2, 0x00, 0xe3, 0x21, 0xeb,
    0x40, 0xeb, 0x60, 0xeb, 0x80, 0xeb, 0x80, 0xf3, 0x80, 0xeb, 0xa0, 0xeb,
    0xa0, 0xeb, 0xa0, 0xf3, 0xc0, 0xeb, 0xc0, 0xf3, 0xc0, 0xf3, 0xe0, 0xeb,
    0xe0, 0xf3, 0xe1, 0xf3, 0xe0, 0xf3, 0xe0, 0xf3, 0xe0, 0xf3, 0xe0, 0xf3,
    0x00, 0xf4, 0xe0, 0xf3, 0xe0, 0xf3, 0xe0, 0xf3, 0xe0, 0xf3, 0xe0, 0xf3,
    0xe0, 0xf3, 0xe0, 0xf3, 0xc0, 0xf3, 0xc0, 0xf3, 0xa0, 0xf3, 0xa0, 0xf3,
    0xa0, 0xf3, 0x80, 0xeb, 0x60, 0xf3, 0x60, 0xeb, 0x20, 0xeb, 0x20, 0xeb,
    0x00, 0xeb, 0x00, 0xe3, 0xe0, 0xe2, 0xc0, 0xe2, 0xe0, 0xe2, 0xc0, 0xe2,
    0xa4, 0xac, 0xa4, 0xac, 0xa5, 0xac, 0xa4, 0xac, 0xa5, 0xac, 0xa5, 0xac,
    0x64, 0xa4, 0x01, 0x62, 0x80, 0xab, 0x80, 0xab, 0xc0, 0xb3, 0x61, 0xc4,
    0xe0, 0x61, 0x00, 0x6a, 0x60, 0xa3, 0x80, 0x9b, 0x80, 0xa3, 0x80, 0xa3,
    0x80, 0xa3, 0x80, 0xa3, 0x80, 0xa3, 0x80, 0xa3, 0x80, 0xa3, 0xa0, 0xa3,
    0xa0, 0xa3, 0x80, 0x72, 0x41, 0x41, 0x20, 0x93, 0x40, 0xbc, 0x81, 0xa3,
    0xc0, 0x8a, 0xe0, 0x8a, 0xe0, 0x8a, 0xe0, 0x8a, 0xe0, 0x8a, 0xe0, 0x8a,
    0xe0, 0x8a, 0xe0, 0x8a, 0xe0, 0x8a, 0xe0, 0x8a, 0xc0, 0x8a, 0xc0, 0x8a,
    0xc0, 0x8a, 0xc0, 0x8a, 0xc0, 0x8a, 0xc0, 0x8a, 0xc0, 0x82, 0xa0, 0x8a,
    0x20, 0x9b, 0x60, 0xab, 0x81, 0x7a, 0x20, 0x41, 0x20, 0x41, 0x20, 0x72,
    0xa1, 0x8a, 0x80, 0x82, 0x80, 0x82, 0x80, 0x82, 0x60, 0x82, 0x60, 0x7a,
    0x60, 0x82, 0x60, 0x7a, 0x60, 0x7a, 0x21, 0x7a, 0x40, 0x41, 0x80, 0x51,
    0xc0, 0xa2, 0x01, 0x9b, 0x40, 0x7a, 0x40, 0x7a, 0xa0, 0x61, 0xa4, 0xa4,
    0xc5, 0xa4, 0xc4, 0xa4, 0xc5, 0xa4, 0xc4, 0xa4, 0xc5, 0xa4, 0xc4, 0xa4,
    0xc4, 0xa4, 0xc4, 0xa4, 0xc5, 0xac, 0xc4, 0xac, 0xe4, 0xac, 0xe4, 0xac,
    0xc4, 0xac, 0xc4, 0xac, 0xe4, 0xac, 0x03, 0xb4, 0xe0, 0xe2, 0x20, 0xe3,
    0x41, 0xe3, 0x40, 0xe3, 0x40, 0xeb, 0x40, 0xe3, 0x20, 0xe3, 0x40, 0xe3,
    0x40, 0xe3, 0x41, 0xeb, 0x40, 0xe3, 0x20, 0xe3, 0x20, 0xe3, 0x20, 0xe3,
    0x20, 0xe3, 0x61, 0xe3, 0x81, 0xe4, 0x81, 0xec, 0xa1, 0xe4, 0xa2, 0xe4,
    0xa1, 0xe4, 0xc2, 0xe4, 0xa2, 0xe4, 0xa1, 0xe4, 0xc2, 0xe4, 0xa1, 0xe4,
    0xc1, 0xe4, 0xa2, 0xe4, 0xc1, 0xe4, 0xc1, 0xe4, 0xc2, 0xec, 0xc1, 0xe4,
    0xe2, 0xec, 0xc1, 0xec, 0xc1, 0xec, 0xe2, 0xec, 0xe2, 0xec, 0xc1, 0xec,
    0xe2, 0xec, 0xc2, 0xec, 0xc2, 0xec, 0xc2, 0xe4, 0xc1, 0xe4, 0xc2, 0xec,
    0xc1, 0xe4, 0xa1, 0xe4, 0xc1, 0xec, 0xc2, 0xe4, 0x81, 0xe4, 0x81, 0xe4,
    0x82, 0xe4, 0x81, 0xe4, 0x61, 0xe4, 0x41, 0xe4, 0xa1, 0xdb, 0x60, 0xeb,
    0xa0, 0xeb, 0xc0, 0xeb, 0xe0, 0xf3, 0x00, 0xf4, 0x20, 0xf4, 0x40, 0xf4,
    0x60, 0xfc, 0x80, 0xfc, 0x80, 0xf4, 0xa0, 0xfc, 0xa0, 0xf4, 0xa0, 0xfc,
    0xc0, 0xfc, 0xc0, 0xfc, 0xc0, 0xfc, 0xc0, 0xfc, 0xc0, 0xfc, 0xc0, 0xf4,
    0xc0, 0xfc, 0xc0, 0xfc, 0xc0, 0xf4, 0xc0, 0xfc, 0xa0, 0xfc, 0xa0, 0xfc,
    0xa0, 0xf4, 0xa0, 0xfc, 0x80, 0xf4, 0x60, 0xf4, 0x60, 0xfc, 0x40, 0xfc,
    0x40, 0xf4, 0x20, 0xfc, 0x20, 0xf4, 0x00, 0xf4, 0x00, 0xfc, 0xe0, 0xf3,
    0xc0, 0xf3, 0xc0, 0xf3, 0xa0, 0xf3, 0x80, 0xeb, 0x60, 0xeb, 0x60, 0xf3,
    0x40, 0xeb, 0x20, 0xeb, 0x00, 0xeb, 0x00, 0xeb, 0x00, 0xe3, 0xe0, 0xe2,
    0xc0, 0xe2, 0xa0, 0xda, 0xc0, 0xe2, 0xe0, 0xe2, 0x00, 0xe3, 0x20, 0xeb,
    0x20, 0xeb, 0x60, 0xeb, 0x60, 0xeb, 0x61, 0xf3, 0x80, 0xf3, 0x80, 0xeb,
    0x81, 0xf3, 0xa0, 0xf3, 0xa0, 0xeb, 0xa0, 0xeb, 0xa1, 0xf3, 0xc0, 0xf3,
    0xc0, 0xf3, 0xc0, 0xeb, 0xc0, 0xf3, 0xc0, 0xf3, 0xc0, 0xf3, 0xe0, 0xf3,
    0xe1, 0xf3, 0xc0, 0xf3, 0xc0, 0xf3, 0xc0, 0xf3, 0xc0, 0xf3, 0xa0, 0xf3,
    0xc0, 0xf3, 0xa1, 0xf3, 0x80, 0xeb, 0x80, 0xeb, 0x80, 0xeb, 0x60, 0xeb,
    0x60, 0xeb, 0x60, 0xeb, 0x40, 0xeb, 0x21, 0xeb, 0x20, 0xeb, 0x00, 0xe3,
    0xe0, 0xe2, 0xc0, 0xe2, 0xc0, 0xe2, 0xc0, 0xe2, 0xc0, 0xda, 0xc0, 0xda,
    0xc5, 0xb4, 0xc5, 0xb4, 0xa5, 0xb4, 0xc4, 0xb4, 0xc5, 0xb4, 0xc5, 0xb4,
    0x82, 0x6a, 0x40, 0xa3, 0x80, 0xab, 0xa0, 0xab, 0xc0, 0xb3, 0x20, 0xbc,
    0x80, 0xc4, 0xc0, 0x59, 0x00, 0x62, 0x80, 0xa3, 0x80, 0xa3, 0x81, 0xa3,
    0x80, 0x9b, 0x60, 0x9b, 0x80, 0xa3, 0x60, 0xa3, 0x81, 0xa3, 0xa0, 0xa3,
    0x60, 0x72, 0x80, 0x49, 0xe1, 0xab, 0x40, 0xbc, 0x20, 0x93, 0xe0, 0x8a,
    0xe0, 0x8a, 0xe0, 0x8a, 0xe0, 0x8a, 0xe0, 0x8a, 0xe0, 0x92, 0x00, 0x93,
    0x00, 0x93, 0x00, 0x93, 0x00, 0x93, 0x00, 0x93, 0x00, 0x93, 0x00, 0x93,
    0xe0, 0x8a, 0xe0, 0x8a, 0xe0, 0x8a, 0xc0, 0x8a, 0xc0, 0x8a, 0xc0, 0x8a,
    0xc0, 0x82, 0xe0, 0x92, 0x40, 0xa3, 0x01, 0x93, 0x40, 0x41, 0x20, 0x41,
    0x20, 0x6a, 0xa0, 0x82, 0x80, 0x82, 0x80, 0x82, 0x60, 0x82, 0x60, 0x7a,
    0x60, 0x82, 0x60, 0x82, 0x21, 0x72, 0x20, 0x41, 0xa1, 0x59, 0xe0, 0xa2,
    0xc0, 0x9a, 0x40, 0x82, 0x40, 0x82, 0x40, 0x7a, 0x00, 0x72, 0x03, 0x73,
    0xa4, 0xa4, 0xc4, 0xa4, 0xc5, 0xa4, 0xc5, 0xac, 0xc5, 0xac, 0xc5, 0xa4,
    0xa4, 0xac, 0xc5, 0xac, 0xc5, 0xac, 0xc4, 0xac, 0xc5, 0xac, 0xc5, 0xac,
    0xe5, 0xac, 0xc4, 0xac, 0xc4, 0xac, 0xa4, 0xac, 0xc1, 0xda, 0x20, 0xe3,
    0x20, 0xe3, 0x20, 0xe3, 0x20, 0xe3, 0x20, 0xe3, 0x41, 0xe3, 0x40, 0xe3,
    0x20, 0xe3, 0x20, 0xe3, 0x20, 0xeb, 0x20, 0xe3, 0x20, 0xe3, 0x00, 0xe3,
    0x20, 0xe3, 0x00, 0xe3, 0xe1, 0xdb, 0x41, 0xe4, 0x41, 0xe4, 0x81, 0xe4,
    0xa2, 0xec, 0xa1, 0xe4, 0xa1, 0xe4, 0xa1, 0xe4, 0xa2, 0xe4, 0xc1, 0xe4,
    0xa1, 0xe4, 0xa2, 0xe4, 0xc1, 0xe4, 0xc1, 0xe4, 0xc2, 0xe4, 0xc1, 0xe4,
    0xc2, 0xec, 0xc1, 0xe4, 0xc1, 0xe4, 0xc1, 0xe4, 0xc1, 0xe4, 0xc2, 0xe4,
    0xc1, 0xec, 0xc1, 0xe4, 0xa1, 0xe4, 0xc1, 0xec, 0xa2, 0xe4, 0xc2, 0xe4,
    0xa1, 0xec, 0xa1, 0xe4, 0xa1, 0xe4, 0xa1, 0xec, 0x81, 0xe4, 0x81, 0xe4,
    0x81, 0xe4, 0x61, 0xe4, 0x41, 0xe4, 0x41, 0xdc, 0xe1, 0xdb, 0x40, 0xeb,
    0x80, 0xeb, 0xa0, 0xeb, 0xc0, 0xf3, 0xe0, 0xf3, 0x00, 0xf4, 0x20, 0xf4,
    0x40, 0xf4, 0x41, 0xfc, 0x60, 0xfc, 0x80, 0xf4, 0x80, 0xfc, 0xa0, 0xf4,
    0xa0, 0xfc, 0xa0, 0xf4, 0xa0, 0xf4, 0xa0, 0xfc, 0xa0, 0xfc, 0xa0, 0xf4,
    0xa0, 0xfc, 0xa0, 0xf4, 0xa0, 0xf4, 0xa0, 0xfc, 0xa0, 0xfc, 0x80, 0xf4,
    0x80, 0xfc, 0x80, 0xfc, 0x60, 0xf4, 0x80, 0xfc, 0x60, 0xf4, 0x40, 0xf4,
    0x40, 0xfc, 0x20, 0xf4, 0x00, 0xf4, 0xe0, 0xf3, 0xe0, 0xf3, 0xc0, 0xf3,
    0xc0, 0xf3, 0xa0, 0xf3, 0xa0, 0xf3, 0x60, 0xf3, 0x60, 0xeb, 0x40, 0xeb,
    0x40, 0xeb, 0x20, 0xeb, 0x00, 0xeb, 0x00, 0xe3, 0x00, 0xe3, 0xe0, 0xe2,
    0xc0, 0xe2, 0x81, 0xda, 0xc0, 0xe2, 0xe0, 0xe2, 0xe0, 0xe2, 0x00, 0xeb,
    0x20, 0xeb, 0x40, 0xeb, 0x40, 0xeb, 0x60, 0xeb, 0x60, 0xeb, 0x80, 0xeb,
    0x80, 0xf3, 0x80, 0xeb, 0x80, 0xeb, 0x80, 0xeb, 0x80, 0xeb, 0xa0, 0xeb,
    0xa0, 0xf3, 0xa0, 0xf3, 0xa0, 0xeb, 0xa0, 0xf3, 0xa0, 0xf3, 0xa0, 0xf3,
    0xa0, 0xf3, 0xa0, 0xeb, 0xa0, 0xeb, 0xa0, 0xf3, 0x80, 0xeb, 0xa0, 0xeb,
    0x80, 0xeb, 0x80, 0xeb, 0x60, 0xf3, 0x60, 0xeb, 0x60, 0xeb, 0x41, 0xeb,
    0x40, 0xeb, 0x20, 0xeb, 0x20, 0xeb, 0x00, 0xe3, 0xe0, 0xe2, 0xe0, 0xe2,
    0xc1, 0xe2, 0xc0, 0xe2, 0xc0, 0xda, 0xa0, 0xda, 0xc0, 0xda, 0xc0, 0xda,
    0xc5, 0xb4, 0xc5, 0xac, 0xa5, 0xb4, 0xa5, 0xb4, 0xa4, 0xac, 0x84, 0xac,
    0x80, 0x51, 0x40, 0xa3, 0xa0, 0xab, 0xc0, 0xb3, 0xe0, 0xb3, 0x01, 0xbc,
    0x61, 0xc4, 0xa1, 0xcc, 0x00, 0x6a, 0xe0, 0x61, 0x21, 0x93, 0xa0, 0xa3,
    0x80, 0xa3, 0x80, 0xa3, 0x80, 0xa3, 0x80, 0xa3, 0x80, 0xa3, 0x81, 0x7a,
    0x61, 0x49, 0xc0, 0xab, 0x20, 0xbc, 0xe0, 0x8a, 0xe0, 0x8a, 0xe0, 0x8a,
    0xe0, 0x8a, 0x01, 0x8b, 0x00, 0x93, 0x00, 0x93, 0x00, 0x93, 0x20, 0x9b,
    0x00, 0x93, 0xc0, 0x8a, 0xa1, 0x82, 0xc0, 0x82, 0xc0, 0x82, 0x01, 0x93,
    0x21, 0x9b, 0x00, 0x93, 0x00, 0x93, 0xe0, 0x8a, 0xe1, 0x8a, 0xe0, 0x8a,
    0xc0, 0x8a, 0xc0, 0x82, 0xc0, 0x82, 0x60, 0xa3, 0x41, 0x9b, 0x40, 0x49,
    0x21, 0x39, 0x20, 0x6a, 0x80, 0x82, 0x81, 0x82, 0x80, 0x82, 0x60, 0x7a,
    0x61, 0x82, 0xe0, 0x69, 0x20, 0x39, 0x20, 0x6a, 0x20, 0xab, 0xc0, 0x9a,
    0x60, 0x82, 0x40, 0x82, 0x40, 0x82, 0x40, 0x82, 0x20, 0x7a, 0xe1, 0x59,
    0x05, 0xb5, 0xc5, 0xac, 0xc4, 0xac, 0xa5, 0xac, 0xa4, 0xac, 0xc5, 0xac,
    0xc5, 0xac, 0xc5, 0xac, 0xe5, 0xac, 0xc5, 0xac, 0xc5, 0xac, 0xe4, 0xb4,
    0xc5, 0xb4, 0xc4, 0xb4, 0xc5, 0xb4, 0xc4, 0xac, 0xc3, 0xbb, 0x00, 0xdb,
    0x00, 0xe3, 0x00, 0xe3, 0x20, 0xe3, 0x20, 0xe3, 0x20, 0xe3, 0x20, 0xe3,
    0x40, 0xe3, 0x20, 0xe3, 0x20, 0xeb, 0x20, 0xe3, 0x20, 0xe3, 0x00, 0xe3,
    0x00, 0xe3, 0x00, 0xe3, 0xe0, 0xda, 0x41, 0xdc, 0x61, 0xe4, 0x20, 0xe4,
    0x41, 0xe4, 0x81, 0xe4, 0xa1, 0xe4, 0xa2, 0xe4, 0xa1, 0xe4, 0xa1, 0xe4,
    0x81, 0xe4, 0xa1, 0xe4, 0xa1, 0xe4, 0xa2, 0xec, 0xa1, 0xe4, 0xa1, 0xec,
    0xc1, 0xe4, 0xa2, 0xe4, 0xc2, 0xe4, 0xa1, 0xec, 0xc2, 0xe4, 0xa1, 0xe4,
    0xa2, 0xec, 0xa1, 0xe4, 0xa1, 0xe4, 0xa1, 0xe4, 0xa1, 0xe4, 0xa1, 0xe4,
    0xa2, 0xec, 0xa2, 0xe4, 0x81, 0xe4, 0x81, 0xe4, 0x81, 0xe4, 0x61, 0xe4,
    0x61, 0xe4, 0x61, 0xe4, 0x41, 0xe4, 0x41, 0xdc, 0x01, 0xdc, 0x20, 0xe3,
    0x80, 0xeb, 0xa0, 0xeb, 0xc0, 0xeb, 0xc0, 0xf3, 0xe0, 0xf3, 0x00, 0xf4,
    0x20, 0xf4, 0x40, 0xf4, 0x40, 0xf4, 0x40, 0xf4, 0x60, 0xf4, 0x80, 0xf4,
    0x80, 0xfc, 0x80, 0xf4, 0x80, 0xf4, 0xa0, 0xfc, 0x80, 0xf4, 0xa0, 0xfc,
    0x80, 0xfc, 0x80, 0xf4, 0x80, 0xfc, 0x80, 0xfc, 0x80, 0xf4, 0x80, 0xf4,
    0x60, 0xfc, 0x60, 0xf4, 0x60, 0xfc, 0x40, 0xfc, 0x40, 0xf4, 0x20, 0xf4,
    0x20, 0xfc, 0x20, 0xf4, 0x00, 0xf4, 0xe1, 0xf3, 0xc0, 0xf3, 0xc0, 0xf3,
    0xa0, 0xf3, 0x80, 0xf3, 0x80, 0xf3, 0x60, 0xeb, 0x41, 0xeb, 0x20, 0xeb,
    0x20, 0xeb, 0x00, 0xeb, 0x00, 0xe3, 0xe0, 0xe2, 0xe0, 0xe2, 0xc0, 0xe2,
    0xa0, 0xe2, 0x80, 0xda, 0xa0, 0xda, 0xc1, 0xe2, 0xc0, 0xe2, 0xe0, 0xe2,
    0x00, 0xeb, 0x20, 0xeb, 0x40, 0xeb, 0x40, 0xeb, 0x40, 0xeb, 0x60, 0xeb,
    0x40, 0xeb, 0x60, 0xeb, 0x60, 0xeb, 0x60, 0xf3, 0x60, 0xeb, 0x60, 0xeb,
    0x80, 0xeb, 0x80, 0xeb, 0x80, 0xf3, 0x80, 0xeb, 0x80, 0xeb, 0x60, 0xeb,
    0x80, 0xeb, 0x80, 0xeb, 0x80, 0xeb, 0x61, 0xeb, 0x60, 0xeb, 0x60, 0xeb,
    0x60, 0xeb, 0x60, 0xeb, 0x40, 0xeb, 0x40, 0xeb, 0x20, 0xeb, 0x20, 0xeb,
    0x20, 0xeb, 0x00, 0xeb, 0x00, 0xe3, 0xe0, 0xe2, 0xc0, 0xe2, 0xc0, 0xe2,
    0xc0, 0xe2, 0xa0, 0xda, 0xc0, 0xda, 0xa0, 0xda, 0xa0, 0xda, 0xc0, 0xda,
    0xa4, 0xb4, 0xa4, 0xac, 0xc5, 0xb4, 0xc4, 0xb4, 0xa4, 0xb4, 0x03, 0x7b,
    0x00, 0x6a, 0x40, 0x9b, 0xa0, 0xab, 0xe0, 0xb3, 0xe0, 0xb3, 0x00, 0xbc,
    0x00, 0xbc, 0x81, 0xcc, 0x01, 0xd5, 0xe0, 0x82, 0xa0, 0x59, 0x20, 0x6a,
    0x61, 0x9b, 0x80, 0xa3, 0x80, 0xa3, 0xa1, 0xa3, 0xc0, 0x82, 0x80, 0x49,
    0xc1, 0xa3, 0x40, 0xbc, 0xe0, 0x8a, 0xe0, 0x8a, 0x00, 0x8b, 0x00, 0x8b,
    0x01, 0x93, 0x00, 0x93, 0x40, 0x9b, 0x80, 0x7a, 0xc0, 0x51, 0x41, 0x41,
    0x21, 0x39, 0x20, 0x39, 0x40, 0x39, 0x20, 0x41, 0x20, 0x39, 0x21, 0x39,
    0x40, 0x41, 0xc1, 0x59, 0x81, 0x7a, 0x20, 0x9b, 0x00, 0x93, 0xe0, 0x8a,
    0xe0, 0x8a, 0xe0, 0x8a, 0xc0, 0x8a, 0xc0, 0x8a, 0x40, 0xa3, 0x40, 0x9b,
    0x41, 0x41, 0x20, 0x41, 0x60, 0x7a, 0x81, 0x82, 0x80, 0x82, 0x40, 0x7a,
    0x60, 0x49, 0x21, 0x41, 0xc0, 0x92, 0x40, 0xab, 0xa0, 0x92, 0x40, 0x82,
    0x61, 0x82, 0x60, 0x82, 0x40, 0x82, 0x41, 0x82, 0x20, 0x7a, 0x40, 0x49,
    0x44, 0xa4, 0xa5, 0xac, 0xc5, 0xac, 0xc5, 0xac, 0xc5, 0xac, 0xc4, 0xac,
    0xc5, 0xac, 0xa5, 0xac, 0xc4, 0xac, 0xc5, 0xac, 0xc5, 0xac, 0xc5, 0xb4,
    0xc4, 0xac, 0xc5, 0xb4, 0xc4, 0xb4, 0xc5, 0xb4, 0xa4, 0xac, 0xc1, 0xd2,
    0x00, 0xdb, 0x00, 0xe3, 0x00, 0xe3, 0x00, 0xe3, 0x20, 0xe3, 0x00, 0xe3,
    0x20, 0xe3, 0x20, 0xe3, 0x00, 0xe3, 0x01, 0xe3, 0x00, 0xe3, 0xe0, 0xe2,
    0xe0, 0xe2, 0xe0, 0xe2, 0x00, 0xe3, 0xe0, 0xda, 0x81, 0xe4, 0xa1, 0xe4,
    0x61, 0xe4, 0x21, 0xe4, 0x40, 0xe4, 0x61, 0xe4, 0xa2, 0xe4, 0xa1, 0xe4,
    0xa1, 0xec, 0xa2, 0xe4, 0xa1, 0xe4, 0xa2, 0xe4, 0xa1, 0xe4, 0xa1, 0xe4,
    0xa2, 0xec, 0xa1, 0xe4, 0xa1, 0xe4, 0xa1, 0xec, 0xa2, 0xe4, 0xa1, 0xe4,
    0xa1, 0xe4, 0xa2, 0xe4, 0xa2, 0xe4, 0xa2, 0xe4, 0x81, 0xe4, 0x81, 0xe4,
    0x81, 0xe4, 0x61, 0xe4, 0x61, 0xe4, 0x81, 0xe4, 0x61, 0xe4, 0x61, 0xe4,
    0x41, 0xe4, 0x41, 0xe4, 0x41, 0xe4, 0x21, 0xdc, 0x21, 0xdc, 0x00, 0xdb,
    0x60, 0xeb, 0xa0, 0xeb, 0xa1, 0xf3, 0xc0, 0xf3, 0xe0, 0xf3, 0x00, 0xf4,
    0x00, 0xf4, 0x20, 0xf4, 0x20, 0xf4, 0x40, 0xfc, 0x60, 0xfc, 0x40, 0xf4,
    0x60, 0xfc, 0x60, 0xfc, 0x60, 0xfc, 0x80, 0xfc, 0x61, 0xf4, 0x60, 0xfc,
    0x80, 0xf4, 0x80, 0xfc, 0x80, 0xfc, 0x60, 0xf4, 0x60, 0xfc, 0x61, 0xf4,
    0x60, 0xfc, 0x40, 0xf4, 0x40, 0xf4, 0x20, 0xfc, 0x20, 0xf4, 0x20, 0xfc,
    0x00, 0xf4, 0x00, 0xf4, 0x00, 0xf4, 0xe0, 0xf3, 0xc0, 0xf3, 0xa0, 0xf3,
    0xa1, 0xf3, 0x80, 0xf3, 0x60, 0xeb, 0x60, 0xeb, 0x40, 0xeb, 0x20, 0xeb,
    0x00, 0xeb, 0x00, 0xe3, 0x00, 0xe3, 0xe1, 0xe2, 0xc0, 0xe2, 0xc0, 0xe2,
    0x80, 0xda, 0x80, 0xd2, 0xa0, 0xda, 0xc0, 0xe2, 0xc0, 0xe2, 0xe0, 0xe2,
    0x01, 0xe3, 0x00, 0xeb, 0x00, 0xeb, 0x20, 0xeb, 0x20, 0xeb, 0x20, 0xeb,
    0x40, 0xeb, 0x21, 0xeb, 0x40, 0xeb, 0x40, 0xeb, 0x40, 0xeb, 0x40, 0xeb,
    0x40, 0xeb, 0x60, 0xeb, 0x60, 0xeb, 0x61, 0xeb, 0x60, 0xeb, 0x60, 0xeb,
    0x60, 0xeb, 0x60, 0xeb, 0x40, 0xeb, 0x40, 0xeb, 0x40, 0xeb, 0x40, 0xeb,
    0x40, 0xeb, 0x41, 0xeb, 0x20, 0xeb, 0x20, 0xeb, 0x20, 0xe3, 0x00, 0xeb,
    0x00, 0xe3, 0xe1, 0xe2, 0xe0, 0xe2, 0xc0, 0xe2, 0xc1, 0xe2, 0xc0, 0xda,
    0xa0, 0xda, 0xa0, 0xda, 0xa0, 0xda, 0xa0, 0xda, 0xc0, 0xda, 0xa0, 0xda,
    0xc5, 0xb4, 0xc5, 0xb4, 0xc5, 0xb4, 0xa5, 0xb4, 0xc4, 0xbc, 0x81, 0x49,
    0x40, 0x49, 0x40, 0xa3, 0xc0, 0xab, 0xe0, 0xb3, 0xe0, 0xb3, 0x00, 0xbc,
    0x00, 0xbc, 0x00, 0xbc, 0x60, 0xc4, 0x61, 0xdd, 0x81, 0xbc, 0x00, 0x62,
    0xa1, 0x51, 0x60, 0x72, 0x61, 0xa3, 0x40, 0x93, 0x60, 0x49, 0x40, 0x93,
    0x60, 0xbc, 0xa0, 0x82, 0x00, 0x8b, 0x01, 0x93, 0xe0, 0x8a, 0x00, 0x93,
    0x20, 0x93, 0x60, 0x72, 0x61, 0x41, 0x21, 0x39, 0x20, 0x6a, 0xe1, 0x8a,
    0x60, 0xa3, 0x80, 0xab, 0xa1, 0xab, 0x80, 0xab, 0x80, 0xab, 0x60, 0xa3,
    0xe0, 0x8a, 0x00, 0x6a, 0x20, 0x39, 0x40, 0x41, 0x41, 0x72, 0x20, 0x9b,
    0xe0, 0x92, 0xe1, 0x92, 0xe0, 0x8a, 0xe0, 0x8a, 0xc0, 0x8a, 0x40, 0xa3,
    0xe0, 0x92, 0x20, 0x39, 0x60, 0x49, 0x80, 0x82, 0xa1, 0x59, 0x00, 0x39,
    0xe0, 0x61, 0x41, 0xab, 0x20, 0xa3, 0x80, 0x8a, 0x60, 0x8a, 0x60, 0x82,
    0x60, 0x82, 0x40, 0x82, 0x40, 0x82, 0x40, 0x82, 0x00, 0x7a, 0x00, 0x39,
    0x03, 0x7b, 0xa5, 0xb4, 0xc5, 0xac, 0xc5, 0xb4, 0xc5, 0xb4, 0xc5, 0xac,
    0xc5, 0xb4, 0xa5, 0xac, 0xc5, 0xb4, 0xc4, 0xb4, 0xc5, 0xb4, 0xc5, 0xb4,
    0xc5, 0xac, 0xc4, 0xb4, 0xc5, 0xb4, 0xa4, 0xb4, 0xc4, 0xb4, 0xe3, 0xbb,
    0xe0, 0xe2, 0x00, 0xdb, 0x00, 0xe3, 0x00, 0xe3, 0x00, 0xe3, 0x00, 0xe3,
    0x00, 0xe3, 0x00, 0xe3, 0x00, 0xe3, 0xe0, 0xe2, 0xe0, 0xe2, 0xe0, 0xe2,
    0xe0, 0xe2, 0xe0, 0xe2, 0xe0, 0xe2, 0xc0, 0xe2, 0xe1, 0xda, 0x81, 0xe4,
    0x82, 0xe4, 0x81, 0xe4, 0x61, 0xe4, 0x41, 0xe4, 0x20, 0xe4, 0x41, 0xe4,
    0x61, 0xe4, 0x81, 0xe4, 0xa1, 0xe4, 0xa1, 0xe4, 0x81, 0xe4, 0xa2, 0xe4,
    0xa1, 0xe4, 0xa1, 0xe4, 0xa2, 0xe4, 0xa1, 0xe4, 0xa1, 0xe4, 0x82, 0xe4,
    0x81, 0xe4, 0x81, 0xe4, 0xa1, 0xe4, 0x81, 0xe4, 0x81, 0xe4, 0x81, 0xe4,
    0x61, 0xe4, 0x81, 0xe4, 0x61, 0xe4, 0x61, 0xe4, 0x61, 0xe4, 0x41, 0xe4,
    0x61, 0xdc, 0x41, 0xdc, 0x41, 0xe4, 0x21, 0xdc, 0x01, 0xdc, 0x21, 0xd3,
    0x80, 0xeb, 0x81, 0xeb, 0xa0, 0xeb, 0xa0, 0xeb, 0xc0, 0xf3, 0xe0, 0xf3,
    0xe0, 0xf3, 0x00, 0xf4, 0x20, 0xf4, 0x20, 0xf4, 0x20, 0xf4, 0x40, 0xf4,
    0x40, 0xf4, 0x40, 0xf4, 0x60, 0xf4, 0x60, 0xf4, 0x60, 0xfc, 0x40, 0xf4,
    0x40, 0xfc, 0x40, 0xf4, 0x60, 0xf4, 0x40, 0xf4, 0x40, 0xf4, 0x40, 0xfc,
    0x40, 0xf4, 0x20, 0xf4, 0x20, 0xf4, 0x00, 0xf4, 0x00, 0xf4, 0x00, 0xf4,
    0xe0, 0xf3, 0x00, 0xf4, 0xe0, 0xfb, 0xe0, 0xf3, 0xc0, 0xf3, 0x80, 0xf3,
    0x80, 0xf3, 0x80, 0xf3, 0x60, 0xeb, 0x40, 0xf3, 0x20, 0xeb, 0x20, 0xeb,
    0x00, 0xeb, 0xe0, 0xea, 0xe0, 0xe2, 0xe0, 0xe2, 0xc0, 0xe2, 0xa0, 0xe2,
    0x60, 0xd2, 0x60, 0xd2, 0x80, 0xda, 0xa0, 0xda, 0xc0, 0xe2, 0xe0, 0xe2,
    0xc0, 0xe2, 0xe0, 0xe2, 0x00, 0xe3, 0x01, 0xe3, 0x00, 0xeb, 0x20, 0xeb,
    0x20, 0xeb, 0x00, 0xeb, 0x00, 0xeb, 0x20, 0xeb, 0x21, 0xeb, 0x20, 0xeb,
    0x20, 0xeb, 0x20, 0xeb, 0x20, 0xeb, 0x20, 0xeb, 0x20, 0xeb, 0x20, 0xeb,
    0x20, 0xeb, 0x20, 0xeb, 0x20, 0xeb, 0x20, 0xeb, 0x20, 0xeb, 0x20, 0xeb,
    0x20, 0xeb, 0x00, 0xe3, 0x00, 0xe3, 0x00, 0xe3, 0xe1, 0xe2, 0xe0, 0xe2,
    0xe0, 0xe2, 0xc0, 0xe2, 0xc0, 0xe2, 0xc0, 0xda, 0xc0, 0xda, 0xa0, 0xda,
    0xa0, 0xda, 0xa0, 0xda, 0xa0, 0xda, 0xc0, 0xda, 0xe0, 0xda, 0xe1, 0xc2,
    0xa4, 0x9c, 0xa4, 0x9c, 0xa4, 0xa4, 0xa5, 0xac, 0x24, 0xa4, 0xa0, 0x59,
    0x40, 0x49, 0x41, 0x72, 0xa1, 0xab, 0xc0, 0xb3, 0xe0, 0xb3, 0x00, 0xbc,
    0x20, 0xbc, 0x20, 0xbc, 0x20, 0xbc, 0x20, 0xbc, 0xc1, 0xcc, 0x81, 0xe5,
    0xe0, 0xa3, 0xe0, 0x61, 0x81, 0x51, 0x80, 0x51, 0x60, 0x72, 0xa0, 0xc4,
    0xe1, 0x8a, 0xe0, 0x8a, 0xe0, 0x8a, 0x00, 0x93, 0x00, 0x93, 0x01, 0x93,
    0xc0, 0x59, 0x40, 0x41, 0xa0, 0x7a, 0xa1, 0xab, 0x80, 0xa3, 0x60, 0x9b,
    0x60, 0x9b, 0x60, 0x9b, 0x60, 0xa3, 0x60, 0xa3, 0x60, 0x9b, 0x61, 0x9b,
    0x40, 0xa3, 0x60, 0xa3, 0x80, 0xab, 0x80, 0x7a, 0x41, 0x41, 0x81, 0x49,
    0xe0, 0x8a, 0x00, 0x93, 0x00, 0x8b, 0xe0, 0x8a, 0xc1, 0x8a, 0xe0, 0x92,
    0x60, 0xa3, 0x41, 0x6a, 0x20, 0x39, 0x20, 0x39, 0x61, 0x49, 0xc0, 0x92,
    0x40, 0xab, 0xc0, 0x92, 0x60, 0x82, 0x60, 0x8a, 0x61, 0x82, 0x60, 0x82,
    0x60, 0x8a, 0x40, 0x82, 0x41, 0x82, 0x40, 0x7a, 0x80, 0x59, 0x40, 0x49,
    0x22, 0x5a, 0xc5, 0xbc, 0xc5, 0xb4, 0xc5, 0xb4, 0xa5, 0xb4, 0xc5, 0xb4,
    0xc5, 0xb4, 0xa5, 0xb4, 0xc5, 0xb4, 0xc5, 0xb4, 0xc5, 0xb4, 0xa5, 0xb4,
    0xc5, 0xb4, 0xc5, 0xb4, 0xa4, 0xb4, 0xa5, 0xb4, 0xa4, 0xb4, 0xc4, 0xb4,
    0x01, 0xcb, 0xe1, 0xe2, 0x00, 0xdb, 0x00, 0xe3, 0x01, 0xe3, 0x00, 0xe3,
    0x00, 0xe3, 0x00, 0xe3, 0x00, 0xe3, 0xe0, 0xe2, 0xe0, 0xe2, 0xe0, 0xe2,
    0xe1, 0xda, 0xc0, 0xe2, 0xc0, 0xe2, 0xc0, 0xda, 0xc0, 0xe2, 0xc1, 0xda,
    0x81, 0xdc, 0x82, 0xe4, 0x81, 0xe4, 0x81, 0xe4, 0x81, 0xe4, 0x61, 0xe4,
    0x41, 0xe4, 0x00, 0xe4, 0x21, 0xe4, 0x41, 0xe4, 0x81, 0xe4, 0x82, 0xe4,
    0x81, 0xe4, 0xa1, 0xec, 0x82, 0xe4, 0x81, 0xe4, 0xa1, 0xe4, 0x81, 0xe4,
    0x81, 0xe4, 0x81, 0xe4, 0x61, 0xe4, 0x61, 0xe4, 0x61, 0xe4, 0x62, 0xe4,
    0x61, 0xe4, 0x61, 0xdc, 0x41, 0xdc, 0x41, 0xdc, 0x41, 0xdc, 0x41, 0xe4,
    0x41, 0xdc, 0x21, 0xdc, 0x21, 0xdc, 0x21, 0xdc, 0x01, 0xdc, 0xa1, 0xdb,
    0x40, 0xe3, 0x60, 0xeb, 0x80, 0xeb, 0xa0, 0xf3, 0xa0, 0xeb, 0xa0, 0xf3,
    0xc0, 0xf3, 0xc0, 0xf3, 0xe0, 0xf3, 0x00, 0xf4, 0x00, 0xf4, 0x20, 0xf4,
    0x20, 0xf4, 0x40, 0xfc, 0x40, 0xf4, 0x20, 0xf4, 0x40, 0xf4, 0x40, 0xf4,
    0x40, 0xf4, 0x40, 0xf4, 0x40, 0xfc, 0x20, 0xf4, 0x20, 0xf4, 0x20, 0xf4,
    0x20, 0xfc, 0x20, 0xfc, 0x00, 0xf4, 0x00, 0xf4, 0xe0, 0xf3, 0xe0, 0xf3,
    0xc0, 0xf3, 0xc0, 0xf3, 0xc0, 0xf3, 0xa0, 0xf3, 0xc0, 0xf3, 0x80, 0xeb,
    0x80, 0xeb, 0x60, 0xeb, 0x40, 0xeb, 0x40, 0xeb, 0x20, 0xeb, 0x01, 0xeb,
    0x00, 0xeb, 0x00, 0xe3, 0xe0, 0xe2, 0xc0, 0xe2, 0xa0, 0xda, 0xa1, 0xda,
    0x40, 0xd2, 0x60, 0xd2, 0x81, 0xda, 0xa0, 0xda, 0xa0, 0xda, 0xc0, 0xe2,
    0xc0, 0xe2, 0xe0, 0xe2, 0xe0, 0xe2, 0xe0, 0xe2, 0xe0, 0xe2, 0x00, 0xe3,
    0x00, 0xe3, 0xe0, 0xe2, 0x00, 0xeb, 0x00, 0xeb, 0x00, 0xeb, 0x00, 0xeb,
    0x00, 0xeb, 0x20, 0xeb, 0x20, 0xeb, 0x20, 0xeb, 0x20, 0xeb, 0x20, 0xeb,
    0x21, 0xeb, 0x00, 0xe3, 0x00, 0xe3, 0xe0, 0xe2, 0x00, 0xe3, 0xe0, 0xe2,
    0xe0, 0xe2, 0x00, 0xe3, 0xe0, 0xe2, 0xe0, 0xe2, 0xc0, 0xe2, 0xc0, 0xe2,
    0xc0, 0xe2, 0xc0, 0xda, 0xa0, 0xda, 0xc0, 0xda, 0xa0, 0xda, 0xa0, 0xda,
    0x80, 0xda, 0xa0, 0xd2, 0xe1, 0xda, 0xc0, 0xda, 0xc1, 0xd2, 0x63, 0x8c,
    0x84, 0x8c, 0x84, 0x9c, 0x84, 0x9c, 0xa5, 0xac, 0x03, 0x7b, 0x40, 0x7a,
    0x60, 0x72, 0x40, 0x41, 0x40, 0x9b, 0xe0, 0xb3, 0x00, 0xb4, 0x00, 0xbc,
    0x20, 0xbc, 0x20, 0xbc, 0x20, 0xbc, 0x20, 0xbc, 0x20, 0xbc, 0x00, 0xbc,
    0xa0, 0xc4, 0x81, 0xdd, 0xc0, 0x7a, 0xa1, 0x51, 0xa0, 0xcc, 0x40, 0x93,
    0xe0, 0x8a, 0x00, 0x8b, 0x20, 0x93, 0x00, 0x93, 0xc0, 0x82, 0x40, 0x41,
    0xe1, 0x61, 0xa1, 0xab, 0x40, 0x9b, 0x60, 0xa3, 0x60, 0x9b, 0x60, 0xa3,
    0x60, 0x9b, 0x40, 0x9b, 0x60, 0xa3, 0x60, 0x9b, 0x60, 0x9b, 0x60, 0xa3,
    0x60, 0xa3, 0x60, 0xa3, 0x40, 0xa3, 0x41, 0x9b, 0x60, 0xa3, 0xe0, 0x59,
    0x20, 0x41, 0xa1, 0x82, 0x00, 0x93, 0xe0, 0x92, 0xe0, 0x8a, 0xe0, 0x8a,
    0x00, 0x9b, 0x40, 0xa3, 0x60, 0x49, 0x20, 0x41, 0x21, 0xa3, 0xe0, 0x9a,
    0x80, 0x82, 0x60, 0x82, 0x80, 0x8a, 0x80, 0x8a, 0x60, 0x82, 0x60, 0x82,
    0x60, 0x82, 0x40, 0x82, 0x40, 0x82, 0xe1, 0x71, 0x00, 0x39, 0xc0, 0x61,
    0x81, 0x51, 0xe5, 0xbc, 0xc5, 0xbc, 0xc5, 0xb4, 0xa5, 0xb4, 0xc5, 0xb4,
    0xc5, 0xb4, 0xa5, 0xb4, 0xc5, 0xb4, 0xa5, 0xb4, 0xc5, 0xb4, 0xc4, 0xb4,
    0xa5, 0xb4, 0xc5, 0xb4, 0xc4, 0xb4, 0xa5, 0xb4, 0xa4, 0xb4, 0x84, 0xbc,
    0x64, 0xbc, 0xa1, 0xda, 0xe0, 0xda, 0xe0, 0xda, 0xe0, 0xda, 0x00, 0xdb,
    0x00, 0xdb, 0xe1, 0xda, 0xe0, 0xe2, 0xe0, 0xe2, 0xe1, 0xe2, 0xe0, 0xe2,
    0xc0, 0xda, 0xc0, 0xe2, 0xc0, 0xe2, 0xc0, 0xda, 0xc0, 0xe2, 0xc0, 0xda,
    0xe0, 0xda, 0x61, 0xe4, 0x61, 0xe4, 0x81, 0xe4, 0x82, 0xe4, 0x61, 0xe4,
    0x81, 0xe4, 0x81, 0xe4, 0x41, 0xe4, 0x20, 0xe4, 0x20, 0xe4, 0x20, 0xe4,
    0x41, 0xe4, 0x61, 0xe4, 0x81, 0xe4, 0x81, 0xe4, 0x82, 0xe4, 0x82, 0xe4,
    0x61, 0xe4, 0x61, 0xe4, 0x81, 0xe4, 0x61, 0xe4, 0x61, 0xe4, 0x61, 0xdc,
    0x41, 0xdc, 0x61, 0xdc, 0x41, 0xdc, 0x41, 0xe4, 0x41, 0xdc, 0x21, 0xdc,
    0x41, 0xdc, 0x21, 0xe4, 0x21, 0xdc, 0x01, 0xdc, 0x01, 0xdc, 0xe1, 0xdb,
    0x00, 0xdb, 0x40, 0xeb, 0x60, 0xeb, 0x80, 0xeb, 0xa0, 0xeb, 0xa0, 0xeb,
    0xa0, 0xf3, 0xc0, 0xf3, 0xc0, 0xf3, 0xe0, 0xf3, 0xe0, 0xf3, 0x00, 0xf4,
    0x20, 0xf4, 0x20, 0xfc, 0x20, 0xf4, 0x20, 0xf4, 0x00, 0xf4, 0x20, 0xf4,
    0x00, 0xf4, 0x01, 0xf4, 0x20, 0xf4, 0x20, 0xfc, 0x20, 0xf4, 0x20, 0xf4,
    0x00, 0xf4, 0xe0, 0xf3, 0xc1, 0xf3, 0xc0, 0xf3, 0x80, 0xf3, 0x80, 0xf3,
    0x80, 0xf3, 0x80, 0xf3, 0xa0, 0xf3, 0xa0, 0xf3, 0xa0, 0xf3, 0x80, 0xf3,
    0x60, 0xeb, 0x40, 0xeb, 0x40, 0xeb, 0x20, 0xeb, 0x00, 0xeb, 0x00, 0xe3,
    0xe0, 0xe2, 0xe0, 0xe2, 0xc0, 0xe2, 0xa1, 0xe2, 0xa0, 0xda, 0x80, 0xda,
    0x40, 0xca, 0x40, 0xd2, 0x80, 0xda, 0x80, 0xda, 0xa0, 0xda, 0xa1, 0xda,
    0xa0, 0xda, 0xa0, 0xda, 0xc0, 0xe2, 0xc0, 0xe2, 0xc0, 0xe2, 0xc0, 0xe2,
    0xc0, 0xe2, 0xe1, 0xe2, 0xe0, 0xe2, 0xe0, 0xe2, 0xe0, 0xe2, 0xe0, 0xe2,
    0xe0, 0xe2, 0xe1, 0xe2, 0x00, 0xe3, 0x00, 0xe3, 0x00, 0xeb, 0x00, 0xe3,
    0x00, 0xe3, 0x00, 0xeb, 0xe0, 0xe2, 0xe1, 0xe2, 0xe0, 0xe2, 0xe0, 0xe2,
    0xc0, 0xe2, 0xc1, 0xe2, 0xc0, 0xe2, 0xc0, 0xe2, 0xc0, 0xda, 0xc0, 0xda,
    0xc0, 0xda, 0xa0, 0xda, 0xa1, 0xda, 0xa0, 0xda, 0xa0, 0xda, 0xa0, 0xda,
    0xc0, 0xda, 0x00, 0xdb, 0xe0, 0xda, 0xc1, 0xca, 0x23, 0x9c, 0xa3, 0x94,
    0xa4, 0xac, 0xa5, 0xac, 0xa5, 0xb4, 0xc5, 0xb4, 0xe1, 0x59, 0x80, 0x82,
    0xa0, 0x82, 0x00, 0x62, 0x80, 0x51, 0xc1, 0xab, 0x00, 0xbc, 0x00, 0xbc,
    0x20, 0xbc, 0x00, 0xbc, 0x20, 0xbc, 0x20, 0xbc, 0x00, 0xbc, 0x00, 0xbc,
    0x01, 0xbc, 0xc0, 0xb3, 0x41, 0x49, 0xc0, 0x9b, 0x21, 0xb4, 0xc0, 0x8a,
    0xe0, 0x8a, 0x00, 0x8b, 0x00, 0x93, 0xc1, 0x82, 0x40, 0x41, 0x60, 0x72,
    0x80, 0xab, 0x60, 0x9b, 0x60, 0xa3, 0x60, 0xa3, 0x60, 0x9b, 0x60, 0xa3,
    0x60, 0xa3, 0x40, 0x9b, 0x60, 0xa3, 0x60, 0xa3, 0x60, 0xa3, 0x40, 0x9b,
    0x60, 0xa3, 0x60, 0x9b, 0x60, 0x9b, 0x40, 0xa3, 0x40, 0x9b, 0x60, 0xa3,
    0x20, 0x6a, 0x41, 0x41, 0xc0, 0x8a, 0x00, 0x93, 0x00, 0x93, 0xe0, 0x8a,
    0xc0, 0x8a, 0x40, 0xa3, 0xc0, 0x92, 0x01, 0x39, 0xc0, 0x61, 0x60, 0x82,
    0x80, 0x8a, 0x80, 0x8a, 0x60, 0x8a, 0x80, 0x8a, 0x60, 0x8a, 0x60, 0x8a,
    0x60, 0x82, 0x40, 0x82, 0x20, 0x7a, 0x20, 0x39, 0xa0, 0x59, 0xe0, 0x69,
    0x81, 0x59, 0x65, 0xac, 0xa5, 0xbc, 0xc5, 0xbc, 0xa5, 0xb4, 0xa5, 0xb4,
    0xa5, 0xbc, 0xa5, 0xb4, 0xa5, 0xb4, 0xa5, 0xb4, 0xc5, 0xbc, 0xa5, 0xbc,
    0xc5, 0xbc, 0xa5, 0xbc, 0xa5, 0xb4, 0xa5, 0xb4, 0xa4, 0xbc, 0xa4, 0xbc,
    0xa5, 0xbc, 0x03, 0xbc, 0xa0, 0xda, 0xe0, 0xda, 0xe0, 0xda, 0xe0, 0xda,
    0xe0, 0xe2, 0xe0, 0xe2, 0xe0, 0xda, 0xe0, 0xda, 0xe0, 0xe2, 0xc0, 0xda,
    0xc0, 0xe2, 0xe0, 0xda, 0xe0, 0xe2, 0xe0, 0xe2, 0xc0, 0xda, 0xc0, 0xda,
    0xc0, 0xda, 0xa1, 0xda, 0x21, 0xdc, 0x61, 0xe4, 0x62, 0xe4, 0x81, 0xdc,
    0x61, 0xdc, 0x61, 0xe4, 0x61, 0xe4, 0x61, 0xe4, 0x61, 0xe4, 0x61, 0xe4,
    0x41, 0xe4, 0x21, 0xe4, 0x20, 0xe4, 0x00, 0xe4, 0x00, 0xe4, 0x21, 0xe4,
    0x41, 0xe4, 0x41, 0xe4, 0x41, 0xdc, 0x41, 0xdc, 0x41, 0xdc, 0x21, 0xe4,
    0x41, 0xdc, 0x21, 0xe4, 0x21, 0xdc, 0x21, 0xdc, 0x21, 0xdc, 0x01, 0xdc,
    0x01, 0xdc, 0xe1, 0xdb, 0x01, 0xdc, 0xe1, 0xdb, 0xe1, 0xdb, 0xe1, 0xd3,
    0x21, 0xd3, 0x20, 0xe3, 0x40, 0xe3, 0x60, 0xeb, 0x60, 0xeb, 0x80, 0xeb,
    0x80, 0xeb, 0xa0, 0xeb, 0xa0, 0xf3, 0xc0, 0xf3, 0xc0, 0xf3, 0xe0, 0xf3,
    0xe0, 0xf3, 0xe0, 0xf3, 0x00, 0xf4, 0x00, 0xf4, 0xe0, 0xf3, 0xe0, 0xf3,
    0x00, 0xf4, 0x00, 0xf4, 0x00, 0xf4, 0xe0, 0xf3, 0xe0, 0xf3, 0x00, 0xf4,
    0xe0, 0xf3, 0xc0, 0xf3, 0xc0, 0xf3, 0x80, 0xf3, 0x60, 0xf3, 0x60, 0xeb,
    0x41, 0xeb, 0x60, 0xeb, 0x60, 0xf3, 0x80, 0xeb, 0x81, 0xf3, 0x60, 0xeb,
    0x60, 0xf3, 0x40, 0xeb, 0x20, 0xeb, 0x21, 0xeb, 0x00, 0xeb, 0x00, 0xe3,
    0xe0, 0xe2, 0xc0, 0xe2, 0xc0, 0xe2, 0xa0, 0xda, 0xa0, 0xda, 0x60, 0xd2,
    0x20, 0xca, 0x40, 0xd2, 0x60, 0xd2, 0x80, 0xda, 0x80, 0xda, 0x80, 0xda,
    0x80, 0xda, 0xa0, 0xda, 0xa1, 0xda, 0xa0, 0xda, 0xa0, 0xda, 0xa1, 0xe2,
    0xa0, 0xe2, 0xc0, 0xda, 0xc0, 0xe2, 0xc0, 0xe2, 0xc0, 0xe2, 0xc0, 0xe2,
    0xc0, 0xe2, 0xc0, 0xe2, 0xe0, 0xe2, 0xe0, 0xe2, 0xe1, 0xe2, 0xe0, 0xe2,
    0xe0, 0xe2, 0xc0, 0xe2, 0xc0, 0xe2, 0xc0, 0xe2, 0xc0, 0xe2, 0xa0, 0xda,
    0xc0, 0xe2, 0xc0, 0xe2, 0xc0, 0xda, 0xa0, 0xda, 0xa1, 0xe2, 0xa0, 0xda,
    0xa0, 0xda, 0xa0, 0xda, 0xa0, 0xda, 0xa0, 0xda, 0xa0, 0xd2, 0xe0, 0xda,
    0x00, 0xdb, 0xe0, 0xda, 0xc1, 0xca, 0x43, 0x9c, 0x84, 0x9c, 0x83, 0x94,
    0xc4, 0xb4, 0xc5, 0xb4, 0xc5, 0xb4, 0xa4, 0xac, 0x80, 0x59, 0x80, 0x82,
    0xc1, 0x8a, 0x00, 0x93, 0xa0, 0x51, 0xe0, 0x59, 0x00, 0xb4, 0x00, 0xbc,
    0x21, 0xbc, 0x20, 0xbc, 0x20, 0xbc, 0x20, 0xbc, 0x20, 0xbc, 0x21, 0xbc,
    0x40, 0xbc, 0x40, 0x6a, 0xe0, 0x59, 0xa1, 0xcc, 0xe0, 0x8a, 0xe0, 0x8a,
    0x00, 0x8b, 0x00, 0x93, 0x00, 0x93, 0x41, 0x41, 0x60, 0x6a, 0xa0, 0xab,
    0x60, 0xa3, 0x60, 0xa3, 0x60, 0x9b, 0x60, 0x9b, 0x80, 0xa3, 0x60, 0xa3,
    0x60, 0x9b, 0x60, 0xa3, 0x60, 0x9b, 0x60, 0xa3, 0x60, 0xa3, 0x60, 0xa3,
    0x60, 0x9b, 0x60, 0xa3, 0x60, 0x9b, 0x61, 0xa3, 0x60, 0xa3, 0x60, 0xa3,
    0x81, 0xa3, 0x00, 0x62, 0x40, 0x41, 0x21, 0x93, 0x00, 0x93, 0xe0, 0x92,
    0xe0, 0x8a, 0x00, 0x93, 0x61, 0xa3, 0xa0, 0x51, 0x40, 0x41, 0xa0, 0x8a,
    0x80, 0x8a, 0x80, 0x82, 0x60, 0x82, 0x60, 0x82, 0x61, 0x82, 0x60, 0x8a,
    0x60, 0x8a, 0x61, 0x82, 0x41, 0x41, 0x60, 0x49, 0xc0, 0x69, 0xe0, 0x69,
    0x80, 0x61, 0x63, 0x8b, 0xa5, 0xbc, 0xa5, 0xbc, 0xa5, 0xbc, 0xc5, 0xbc,
    0xc5, 0xbc, 0xc5, 0xbc, 0xa4, 0xb4, 0xc5, 0xbc, 0xc5, 0xbc, 0xa5, 0xb4,
    0xc5, 0xbc, 0xc5, 0xbc, 0xa4, 0xbc, 0xa5, 0xbc, 0xa5, 0xbc, 0xa4, 0xbc,
    0xa4, 0xbc, 0xa5, 0xbc, 0xc3, 0xcb, 0xa0, 0xda, 0xc0, 0xda, 0xc0, 0xda,
    0xc0, 0xe2, 0xe0, 0xe2, 0xe0, 0xda, 0xe0, 0xe2, 0xc0, 0xe2, 0xc0, 0xda,
    0xc0, 0xda, 0xe0, 0xda, 0xc0, 0xe2, 0xc0, 0xe2, 0xc0, 0xda, 0xa0, 0xda,
    0xa0, 0xda, 0xc1, 0xda, 0xa0, 0xd2, 0xe1, 0xdb, 0x61, 0xe4, 0x61, 0xe4,
    0x61, 0xe4, 0x61, 0xe4, 0x61, 0xdc, 0x61, 0xdc, 0x61, 0xdc, 0x61, 0xe4,
    0x61, 0xe4, 0x61, 0xdc, 0x61, 0xdc, 0x82, 0xe4, 0x41, 0xdc, 0x21, 0xdc,
    0x21, 0xe4, 0x21, 0xdc, 0x01, 0xdc, 0x21, 0xdc, 0x01, 0xdc, 0x01, 0xdc,
    0x01, 0xdc, 0x00, 0xdc, 0xe0, 0xdb, 0xe1, 0xdb, 0xe1, 0xdb, 0x01, 0xdc,
    0x01, 0xdc, 0x01, 0xdc, 0x01, 0xdc, 0x01, 0xdc, 0x01, 0xdc, 0xe1, 0xdb,
    0xe1, 0xd3, 0xe1, 0xda, 0x20, 0xe3, 0x40, 0xeb, 0x40, 0xeb, 0x60, 0xeb,
    0x60, 0xeb, 0x81, 0xeb, 0x80, 0xeb, 0x80, 0xeb, 0xa0, 0xf3, 0xc0, 0xf3,
    0xc0, 0xf3, 0xc0, 0xf3, 0xe0, 0xf3, 0xe0, 0xf3, 0xc0, 0xf3, 0xe0, 0xf3,
    0xe0, 0xf3, 0xc0, 0xf3, 0xe0, 0xf3, 0xc0, 0xf3, 0xc0, 0xf3, 0xc0, 0xf3,
    0xe0, 0xf3, 0xc0, 0xf3, 0xa0, 0xf3, 0x60, 0xf3, 0x40, 0xeb, 0x40, 0xeb,
    0x40, 0xeb, 0x40, 0xeb, 0x40, 0xeb, 0x60, 0xeb, 0x60, 0xeb, 0x40, 0xeb,
    0x40, 0xeb, 0x20, 0xeb, 0x20, 0xeb, 0x00, 0xeb, 0xe0, 0xe2, 0xe0, 0xe2,
    0xe1, 0xe2, 0xc0, 0xe2, 0xa0, 0xda, 0x80, 0xda, 0xa0, 0xda, 0x20, 0xca,
    0x20, 0xca, 0x41, 0xca, 0x60, 0xd2, 0x60, 0xd2, 0x60, 0xd2, 0x80, 0xda,
    0x80, 0xda, 0xa0, 0xda, 0xa0, 0xda, 0xa0, 0xda, 0x80, 0xda, 0xa0, 0xda,
    0xa0, 0xda, 0xa0, 0xda, 0xa0, 0xda, 0xc0, 0xe2, 0xc1, 0xe2, 0xc0, 0xe2,
    0xc0, 0xda, 0xc0, 0xe2, 0xc0, 0xe2, 0xc0, 0xe2, 0xc0, 0xe2, 0xc0, 0xe2,
    0xc0, 0xe2, 0xa1, 0xda, 0xc0, 0xda, 0xa0, 0xda, 0xc0, 0xda, 0xa0, 0xda,
    0xa0, 0xda, 0xa0, 0xda, 0xa0, 0xda, 0xa0, 0xda, 0xa0, 0xda, 0xa0, 0xda,
    0x80, 0xd2, 0x80, 0xd2, 0xc0, 0xda, 0xe0, 0xda, 0x00, 0xdb, 0x01, 0xdb,
    0x01, 0xd3, 0x02, 0xbb, 0x64, 0xb4, 0x84, 0xb4, 0x84, 0xb4, 0x84, 0xac,
    0xa4, 0xac, 0xa5, 0xb4, 0xc5, 0xb4, 0xe3, 0x9b, 0xe0, 0x61, 0x80, 0x7a,
    0xa0, 0x8a, 0x00, 0x93, 0x00, 0x93, 0x80, 0x51, 0x01, 0x62, 0x21, 0xbc,
    0x00, 0xb4, 0x00, 0xbc, 0x00, 0xbc, 0x20, 0xbc, 0x20, 0xbc, 0x20, 0xbc,
    0xc1, 0xab, 0x40, 0x49, 0xc0, 0xa3, 0xe0, 0xab, 0xc0, 0x82, 0xe0, 0x8a,
    0x00, 0x8b, 0x20, 0x93, 0xa1, 0x51, 0xc0, 0x59, 0xa0, 0xab, 0x60, 0xa3,
    0x60, 0x9b, 0x60, 0xa3, 0x60, 0xa3, 0x60, 0x9b, 0x81, 0xa3, 0x60, 0xa3,
    0x60, 0xa3, 0x60, 0x9b, 0x60, 0x9b, 0x60, 0xa3, 0x61, 0x9b, 0x80, 0xa3,
    0x60, 0xa3, 0x61, 0x9b, 0x60, 0xa3, 0x60, 0xa3, 0x60, 0xa3, 0x60, 0xa3,
    0x60, 0xa3, 0x60, 0xa3, 0xa1, 0x51, 0xc0, 0x59, 0x20, 0x9b, 0xe0, 0x92,
    0xe0, 0x8a, 0xe0, 0x8a, 0x20, 0x9b, 0xc0, 0x8a, 0x00, 0x39, 0x40, 0x72,
    0x80, 0x8a, 0x60, 0x82, 0x80, 0x82, 0x60, 0x82, 0x60, 0x82, 0x60, 0x82,
    0x61, 0x82, 0x40, 0x41, 0x40, 0x49, 0xe0, 0x69, 0xc0, 0x69, 0xe0, 0x69,
    0xc0, 0x69, 0x83, 0x72, 0xc5, 0xbc, 0xc5, 0xbc, 0xc5, 0xbc, 0xa5, 0xb4,
    0xc5, 0xbc, 0xc5, 0xbc, 0xc5, 0xbc, 0xc5, 0xbc, 0xc5, 0xbc, 0xc5, 0xbc,
    0xa4, 0xbc, 0xa5, 0xbc, 0xa4, 0xbc, 0xa5, 0xbc, 0xa5, 0xb4, 0x85, 0xbc,
    0x84, 0xbc, 0x84, 0xbc, 0x85, 0xbc, 0xc3, 0xc3, 0x80, 0xda, 0xc0, 0xda,
    0xc1, 0xda, 0xc0, 0xda, 0xc0, 0xda, 0xc0, 0xda, 0xe0, 0xe2, 0xc0, 0xe2,
    0xc0, 0xe2, 0xc0, 0xda, 0xc0, 0xda, 0xc1, 0xda, 0xa0, 0xda, 0xa0, 0xda,
    0xa0, 0xda, 0xa0, 0xda, 0xa0, 0xda, 0x60, 0xd2, 0x61, 0xd3, 0x41, 0xdc,
    0x61, 0xdc, 0x41, 0xe4, 0x61, 0xe4, 0x61, 0xdc, 0x62, 0xdc, 0x41, 0xdc,
    0x61, 0xe4, 0x61, 0xe4, 0x61, 0xdc, 0x41, 0xdc, 0x61, 0xe4, 0x41, 0xdc,
    0x41, 0xdc, 0x41, 0xdc, 0x41, 0xdc, 0x41, 0xe4, 0x21, 0xdc, 0x21, 0xdc,
    0x21, 0xdc, 0x21, 0xdc, 0x21, 0xdc, 0x21, 0xdc, 0x01, 0xdc, 0x01, 0xdc,
    0x01, 0xdc, 0x01, 0xdc, 0xe0, 0xdb, 0xe1, 0xd3, 0xe1, 0xdb, 0xe1, 0xd3,
    0xe1, 0xd3, 0x01, 0xcb, 0x00, 0xe3, 0x20, 0xe3, 0x40, 0xe3, 0x40, 0xeb,
    0x40, 0xeb, 0x60, 0xeb, 0x60, 0xeb, 0x60, 0xeb, 0x80, 0xeb, 0x80, 0xeb,
    0x80, 0xeb, 0xa0, 0xf3, 0xa1, 0xf3, 0xa0, 0xf3, 0xa0, 0xf3, 0xc0, 0xf3,
    0xc0, 0xf3, 0xc0, 0xf3, 0xa0, 0xf3, 0xa0, 0xf3, 0xa0, 0xf3, 0xa0, 0xf3,
    0xa0, 0xf3, 0xa0, 0xf3, 0x80, 0xf3, 0x40, 0xeb, 0x40, 0xeb, 0x40, 0xeb,
    0x20, 0xeb, 0x20, 0xeb, 0x40, 0xeb, 0x40, 0xeb, 0x40, 0xeb, 0x40, 0xeb,
    0x20, 0xeb, 0x00, 0xeb, 0x00, 0xeb, 0x00, 0xe3, 0xe0, 0xe2, 0xc0, 0xe2,
    0xc0, 0xe2, 0xc0, 0xda, 0xa0, 0xda, 0x81, 0xda, 0x60, 0xd2, 0x00, 0xc2,
    0x20, 0xc2, 0x40, 0xca, 0x40, 0xd2, 0x40, 0xd2, 0x60, 0xd2, 0x80, 0xd2,
    0x81, 0xd2, 0x80, 0xda, 0x80, 0xda, 0x80, 0xda, 0x80, 0xda, 0x80, 0xda,
    0x80, 0xda, 0x80, 0xda, 0x80, 0xda, 0xa0, 0xda, 0xa0, 0xda, 0xa0, 0xda,
    0xa0, 0xda, 0xa0, 0xe2, 0xc0, 0xe2, 0xa0, 0xda, 0xa0, 0xe2, 0xa0, 0xda,
    0xa0, 0xda, 0xa0, 0xda, 0xa0, 0xda, 0xa0, 0xda, 0xa0, 0xda, 0x80, 0xda,
    0xa1, 0xda, 0xa0, 0xda, 0x80, 0xda, 0x80, 0xda, 0x80, 0xd2, 0xa0, 0xd2,
    0xc0, 0xda, 0xe0, 0xda, 0x01, 0xdb, 0x00, 0xdb, 0x01, 0xd3, 0xc0, 0xd2,
    0x63, 0xbb, 0xa5, 0xbc, 0x85, 0xbc, 0x85, 0xbc, 0x65, 0xb4, 0x65, 0xb4,
    0xa4, 0xb4, 0xa5, 0xb4, 0xa5, 0xac, 0x43, 0x83, 0x60, 0x7a, 0x80, 0x82,
    0xc0, 0x8a, 0x00, 0x93, 0x21, 0x93, 0x01, 0x93, 0xa0, 0x51, 0xc0, 0x59,
    0xe0, 0xb3, 0x00, 0xbc, 0x20, 0xb4, 0x20, 0xbc, 0x20, 0xbc, 0x20, 0xbc,
    0xa0, 0x82, 0xa1, 0x51, 0x80, 0xc4, 0xe0, 0x8a, 0xe0, 0x8a, 0x01, 0x93,
    0x00, 0x93, 0x80, 0x7a, 0x40, 0x41, 0x61, 0x9b, 0x81, 0xa3, 0x60, 0xa3,
    0x60, 0x9b, 0x60, 0x9b, 0x60, 0xa3, 0x80, 0xa3, 0x80, 0xa3, 0x60, 0x9b,
    0x60, 0xa3, 0x61, 0xa3, 0x60, 0x9b, 0x60, 0xa3, 0x60, 0x9b, 0x60, 0xa3,
    0x60, 0xa3, 0x60, 0xa3, 0x60, 0x9b, 0x60, 0xa3, 0x60, 0xa3, 0x60, 0x9b,
    0x60, 0xa3, 0x60, 0xa3, 0x20, 0x93, 0x40, 0x41, 0xa1, 0x82, 0x00, 0x93,
    0xe0, 0x92, 0xe0, 0x8a, 0x00, 0x9b, 0x40, 0xa3, 0x60, 0x49, 0x80, 0x49,
    0x80, 0x8a, 0x80, 0x8a, 0x60, 0x8a, 0x60, 0x82, 0x60, 0x8a, 0x60, 0x82,
    0x20, 0x41, 0x40, 0x49, 0xe0, 0x69, 0xc0, 0x69, 0xc0, 0x69, 0xe0, 0x69,
    0xe0, 0x69, 0xe2, 0x59, 0xe5, 0xc4, 0xc5, 0xbc, 0xa5, 0xbc, 0xa5, 0xbc,
    0xc5, 0xbc, 0xc5, 0xbc, 0xa5, 0xbc, 0xa5, 0xbc, 0xc5, 0xbc, 0xa4, 0xbc,
    0xc5, 0xbc, 0xa5, 0xbc, 0xa5, 0xb4, 0xa4, 0xbc, 0xa5, 0xbc, 0xa5, 0xbc,
    0x85, 0xbc, 0x84, 0xbc, 0x64, 0xbc, 0x84, 0xbc, 0xe4, 0xc3, 0x81, 0xda,
    0xa0, 0xda, 0xc0, 0xda, 0xc0, 0xda, 0xc0, 0xda, 0xc0, 0xda, 0xc0, 0xda,
    0xc0, 0xda, 0xc0, 0xda, 0xa0, 0xda, 0xa0, 0xda, 0xa0, 0xda, 0xa0, 0xda,
    0x80, 0xda, 0xa0, 0xda, 0x80, 0xda, 0x80, 0xd2, 0x80, 0xd2, 0xa0, 0xca,
    0x01, 0xdc, 0x41, 0xdc, 0x41, 0xdc, 0x41, 0xe4, 0x41, 0xe4, 0x41, 0xdc,
    0x41, 0xdc, 0x42, 0xdc, 0x41, 0xdc, 0x41, 0xe4, 0x41, 0xdc, 0x41, 0xdc,
    0x41, 0xe4, 0x41, 0xdc, 0x41, 0xdc, 0x41, 0xdc, 0x21, 0xdc, 0x21, 0xdc,
    0x21, 0xdc, 0x21, 0xdc, 0x21, 0xdc, 0x01, 0xdc, 0x01, 0xdc, 0x00, 0xd4,
    0x01, 0xdc, 0xe1, 0xd3, 0xe1, 0xd3, 0xe1, 0xdb, 0xe1, 0xd3, 0xe1, 0xd3,
    0xc1, 0xdb, 0xa1, 0xd3, 0xc0, 0xd2, 0x00, 0xe3, 0x20, 0xe3, 0x21, 0xe3,
    0x40, 0xeb, 0x20, 0xeb, 0x20, 0xeb, 0x40, 0xeb, 0x61, 0xeb, 0x40, 0xeb,
    0x60, 0xeb, 0x60, 0xeb, 0x80, 0xeb, 0x80, 0xeb, 0x80, 0xf3, 0x81, 0xeb,
    0x80, 0xf3, 0xa0, 0xf3, 0x80, 0xf3, 0x80, 0xf3, 0x80, 0xf3, 0x81, 0xf3,
    0x80, 0xeb, 0x80, 0xf3, 0x80, 0xeb, 0x60, 0xeb, 0x20, 0xeb, 0x20, 0xeb,
    0x20, 0xeb, 0x40, 0xeb, 0x40, 0xeb, 0x20, 0xeb, 0x20, 0xeb, 0x20, 0xeb,
    0x00, 0xeb, 0xe1, 0xe2, 0xe0, 0xe2, 0xc0, 0xe2, 0xc0, 0xe2, 0xc0, 0xe2,
    0xa0, 0xda, 0x80, 0xda, 0x80, 0xda, 0x60, 0xd2, 0x41, 0xca, 0x00, 0xc2,
    0x20, 0xc2, 0x40, 0xca, 0x40, 0xca, 0x60, 0xd2, 0x60, 0xd2, 0x61, 0xd2,
    0x60, 0xd2, 0x60, 0xd2, 0x80, 0xd2, 0x80, 0xd2, 0x61, 0xd2, 0x80, 0xd2,
    0x80, 0xd2, 0x80, 0xd2, 0x80, 0xda, 0x80, 0xda, 0x80, 0xda, 0x80, 0xda,
    0xa0, 0xda, 0xa0, 0xda, 0xa0, 0xda, 0xa1, 0xda, 0xa0, 0xda, 0xa0, 0xda,
    0x80, 0xda, 0xa0, 0xda, 0x80, 0xda, 0x81, 0xda, 0x80, 0xda, 0x80, 0xda,
    0x80, 0xd2, 0x80, 0xd2, 0x80, 0xda, 0xa0, 0xd2, 0xc0, 0xda, 0xe1, 0xda,
    0x00, 0xdb, 0x00, 0xd3, 0xe0, 0xda, 0xe0, 0xda, 0xc1, 0xca, 0x25, 0xbc,
    0x85, 0xc4, 0x85, 0xbc, 0x85, 0xbc, 0x65, 0xbc, 0x85, 0xbc, 0x85, 0xbc,
    0xa4, 0xb4, 0xa4, 0xb4, 0xc5, 0xb4, 0xa2, 0x72, 0xa0, 0x82, 0x60, 0x7a,
    0xc0, 0x8a, 0x20, 0x9b, 0x40, 0x9b, 0x20, 0x9b, 0x20, 0x9b, 0x00, 0x62,
    0x80, 0x49, 0x41, 0x93, 0x21, 0xbc, 0x00, 0xbc, 0x00, 0xb4, 0x21, 0xbc,
    0x80, 0x49, 0xc0, 0x82, 0x01, 0xb4, 0xc0, 0x82, 0xe0, 0x8a, 0x00, 0x93,
    0x20, 0x9b, 0xa0, 0x51, 0x40, 0x6a, 0xa0, 0xa3, 0x80, 0xa3, 0x60, 0xa3,
    0x60, 0xa3, 0x80, 0xa3, 0x61, 0x9b, 0x80, 0xa3, 0x60, 0x9b, 0x80, 0xa3,
    0x60, 0x9b, 0x60, 0xa3, 0x60, 0xa3, 0x81, 0xa3, 0x60, 0xa3, 0x60, 0xa3,
    0x80, 0xa3, 0x60, 0x9b, 0x60, 0xa3, 0x60, 0xa3, 0x60, 0x9b, 0x61, 0x9b,
    0x60, 0xa3, 0x60, 0xa3, 0x61, 0xa3, 0x21, 0x6a, 0xa0, 0x51, 0x20, 0x9b,
    0xe1, 0x8a, 0xe0, 0x8a, 0xe0, 0x92, 0x41, 0x9b, 0x60, 0x7a, 0x20, 0x39,
    0x80, 0x8a, 0x81, 0x8a, 0x80, 0x82, 0x80, 0x8a, 0x40, 0x7a, 0x20, 0x41,
    0x60, 0x49, 0xe0, 0x69, 0xc0, 0x61, 0xe0, 0x61, 0xe0, 0x69, 0xe0, 0x69,
    0xe0, 0x71, 0x82, 0x51, 0xe5, 0xc4, 0xc5, 0xbc, 0xc5, 0xbc, 0xc5, 0xbc,
    0xc5, 0xbc, 0xc5, 0xbc, 0xc5, 0xbc, 0xc5, 0xbc, 0xc5, 0xbc, 0xa5, 0xbc,
    0xc5, 0xbc, 0xc5, 0xbc, 0x85, 0xbc, 0x85, 0xbc, 0x85, 0xbc, 0x64, 0xbc,
    0x65, 0xbc, 0x65, 0xbc, 0x65, 0xbc, 0x44, 0xbc, 0x65, 0xb4, 0xe4, 0xb3,
    0x60, 0xca, 0xc0, 0xda, 0xc0, 0xda, 0xc1, 0xda, 0xc0, 0xe2, 0xc0, 0xda,
    0xc1, 0xe2, 0xc0, 0xda, 0xc0, 0xda, 0xa0, 0xda, 0xa0, 0xda, 0xa0, 0xda,
    0x80, 0xda, 0x80, 0xd2, 0x80, 0xd2, 0x80, 0xda, 0x80, 0xd2, 0x80, 0xd2,
    0x40, 0xca, 0x21, 0xd3, 0x41, 0xdc, 0x42, 0xe4, 0x41, 0xe4, 0x21, 0xdc,
    0x21, 0xdc, 0x41, 0xe4, 0x41, 0xdc, 0x41, 0xe4, 0x41, 0xdc, 0x41, 0xdc,
    0x41, 0xe4, 0x21, 0xdc, 0x41, 0xdc, 0x41, 0xdc, 0x21, 0xdc, 0x21, 0xdc,
    0x21, 0xdc, 0x21, 0xdc, 0x21, 0xdc, 0x01, 0xdc, 0xe1, 0xd3, 0xe1, 0xdb,
    0x01, 0xdc, 0xe1, 0xd3, 0xe0, 0xd3, 0xe1, 0xd3, 0xc1, 0xd3, 0xc0, 0xd3,
    0xc1, 0xd3, 0xc1, 0xd3, 0x21, 0xcb, 0xe0, 0xe2, 0x00, 0xe3, 0x00, 0xe3,
    0x00, 0xe3, 0x00, 0xe3, 0x20, 0xe3, 0x20, 0xe3, 0x20, 0xeb, 0x40, 0xeb,
    0x40, 0xeb, 0x40, 0xeb, 0x40, 0xeb, 0x40, 0xeb, 0x60, 0xeb, 0x60, 0xeb,
    0x60, 0xeb, 0x60, 0xeb, 0x60, 0xeb, 0x60, 0xeb, 0x60, 0xeb, 0x60, 0xeb,
    0x80, 0xf3, 0x60, 0xeb, 0x60, 0xf3, 0x60, 0xf3, 0x60, 0xeb, 0x60, 0xeb,
    0x40, 0xeb, 0x41, 0xeb, 0x20, 0xeb, 0x00, 0xeb, 0x01, 0xeb, 0xe0, 0xea,
    0xe0, 0xe2, 0xe0, 0xe2, 0xc0, 0xe2, 0xc0, 0xe2, 0xa1, 0xda, 0xa0, 0xda,
    0xa0, 0xe2, 0x81, 0xda, 0x80, 0xd2, 0x60, 0xd2, 0x21, 0xc2, 0x00, 0xc2,
    0x20, 0xca, 0x40, 0xca, 0x41, 0xca, 0x40, 0xca, 0x60, 0xd2, 0x60, 0xd2,
    0x60, 0xd2, 0x60, 0xd2, 0x60, 0xd2, 0x80, 0xd2, 0x60, 0xd2, 0x81, 0xd2,
    0x80, 0xda, 0x60, 0xd2, 0x81, 0xd2, 0x80, 0xd2, 0x80, 0xd2, 0x80, 0xda,
    0x80, 0xda, 0x80, 0xd2, 0x80, 0xda, 0x80, 0xda, 0x80, 0xda, 0x81, 0xd2,
    0x80, 0xd2, 0x80, 0xda, 0x80, 0xd2, 0x80, 0xd2, 0x80, 0xd2, 0x80, 0xda,
    0xa0, 0xda, 0xc0, 0xd2, 0xe0, 0xda, 0xe0, 0xda, 0x00, 0xdb, 0x00, 0xdb,
    0xe1, 0xd2, 0xe0, 0xd2, 0xc0, 0xd2, 0xe2, 0xba, 0x85, 0xbc, 0x65, 0xbc,
    0x64, 0xbc, 0x65, 0xbc, 0x65, 0xbc, 0x64, 0xbc, 0x64, 0xb4, 0x65, 0xbc,
    0xa4, 0xb4, 0xa5, 0xb4, 0xc5, 0xb4, 0x42, 0x62, 0xa0, 0x82, 0x60, 0x7a,
    0xe1, 0x8a, 0x20, 0x9b, 0x40, 0x9b, 0x40, 0x9b, 0x40, 0x9b, 0x41, 0x9b,
    0x80, 0x7a, 0x80, 0x49, 0xe1, 0x59, 0xa0, 0xa3, 0x21, 0xbc, 0xa1, 0xab,
    0x40, 0x41, 0xc1, 0xab, 0x80, 0xa3, 0xe0, 0x8a, 0xe0, 0x8a, 0x00, 0x8b,
    0xe1, 0x8a, 0x40, 0x41, 0x60, 0x9b, 0x80, 0xa3, 0x80, 0xa3, 0x80, 0xa3,
    0x80, 0xa3, 0x60, 0xa3, 0x80, 0xa3, 0x60, 0xa3, 0x80, 0xa3, 0x61, 0x9b,
    0x80, 0xa3, 0x80, 0xa3, 0x80, 0xa3, 0x60, 0xa3, 0x60, 0x9b, 0x80, 0xa3,
    0x80, 0xa3, 0x81, 0xa3, 0x80, 0xa3, 0x60, 0xa3, 0x60, 0xa3, 0x60, 0xa3,
    0x60, 0xa3, 0x60, 0xa3, 0x60, 0xa3, 0x40, 0x9b, 0x40, 0x41, 0x00, 0x93,
    0x00, 0x8b, 0x00, 0x93, 0xe0, 0x92, 0x00, 0x9b, 0x00, 0x9b, 0x00, 0x31,
    0x21, 0x72, 0x80, 0x8a, 0x80, 0x8a, 0xc1, 0x61, 0x01, 0x39, 0x80, 0x59,
    0xe0, 0x69, 0xc1, 0x61, 0xc0, 0x61, 0xe0, 0x69, 0xe0, 0x69, 0x00, 0x72,
    0xe0, 0x71, 0x61, 0x51, 0xc5, 0xbc, 0xa5, 0xbc, 0xc5, 0xbc, 0xc5, 0xbc,
    0xc5, 0xbc, 0xc5, 0xbc, 0xc5, 0xbc, 0xc5, 0xbc, 0xc5, 0xbc, 0xc5, 0xbc,
    0xa5, 0xbc, 0xa5, 0xbc, 0xa4, 0xbc, 0xa5, 0xbc, 0x84, 0xb4, 0x64, 0xb4,
    0x65, 0xbc, 0x65, 0xb4, 0x64, 0xb4, 0xa3, 0xb3, 0xa1, 0xc2, 0xa0, 0xd2,
    0xa0, 0xca, 0x40, 0xc2, 0x60, 0xca, 0x80, 0xd2, 0xa0, 0xda, 0xa0, 0xe2,
    0xc0, 0xda, 0xc0, 0xe2, 0xa0, 0xda, 0xa0, 0xda, 0xa0, 0xd2, 0x81, 0xd2,
    0x80, 0xd2, 0x80, 0xd2, 0x80, 0xd2, 0x80, 0xd2, 0x80, 0xd2, 0x60, 0xd2,
    0x60, 0xd2, 0x40, 0xca, 0x40, 0xc2, 0x81, 0xd3, 0x41, 0xdc, 0x21, 0xe4,
    0x21, 0xe4, 0x21, 0xdc, 0x21, 0xdc, 0x21, 0xdc, 0x21, 0xdc, 0x21, 0xdc,
    0x21, 0xdc, 0x21, 0xdc, 0x21, 0xdc, 0x21, 0xdc, 0x01, 0xdc, 0x21, 0xdc,
    0x01, 0xdc, 0x01, 0xdc, 0x01, 0xdc, 0xe1, 0xd3, 0xe1, 0xd3, 0xe1, 0xdb,
    0xe1, 0xd3, 0xe1, 0xd3, 0xe1, 0xdb, 0xe1, 0xdb, 0xc1, 0xd3, 0xc1, 0xd3,
    0xc1, 0xd3, 0xc1, 0xd3, 0xa1, 0xd3, 0xc0, 0xca, 0xc0, 0xe2, 0xe0, 0xe2,
    0xe0, 0xe2, 0xe0, 0xe2, 0x01, 0xe3, 0x00, 0xe3, 0x00, 0xe3, 0x00, 0xeb,
    0x20, 0xeb, 0x20, 0xeb, 0x21, 0xeb, 0x20, 0xeb, 0x20, 0xeb, 0x40, 0xeb,
    0x40, 0xeb, 0x41, 0xeb, 0x40, 0xeb, 0x40, 0xeb, 0x40, 0xeb, 0x40, 0xf3,
    0x40, 0xeb, 0x40, 0xeb, 0x40, 0xeb, 0x40, 0xeb, 0x40, 0xeb, 0x20, 0xeb,
    0x20, 0xeb, 0x00, 0xeb, 0x00, 0xeb, 0xe0, 0xe2, 0xe0, 0xe2, 0xe0, 0xe2,
    0xc0, 0xe2, 0xa0, 0xe2, 0xa0, 0xe2, 0xa0, 0xda, 0xa0, 0xda, 0xa0, 0xda,
    0x80, 0xda, 0x80, 0xd2, 0x60, 0xd2, 0x60, 0xd2, 0x00, 0xc2, 0x20, 0xc2,
    0x20, 0xca, 0x40, 0xca, 0x40, 0xca, 0x40, 0xca, 0x41, 0xca, 0x60, 0xca,
    0x60, 0xd2, 0x60, 0xd2, 0x60, 0xd2, 0x60, 0xd2, 0x60, 0xd2, 0x60, 0xd2,
    0x60, 0xd2, 0x60, 0xd2, 0x60, 0xd2, 0x60, 0xd2, 0x81, 0xda, 0x80, 0xd2,
    0x60, 0xd2, 0x61, 0xd2, 0x60, 0xd2, 0x60, 0xda, 0x80, 0xd2, 0x80, 0xd2,
    0x60, 0xd2, 0x80, 0xda, 0xa0, 0xd2, 0xc0, 0xda, 0xc0, 0xda, 0xe0, 0xda,
    0x00, 0xdb, 0x00, 0xdb, 0xe0, 0xd2, 0xe0, 0xda, 0x00, 0xd3, 0x00, 0xd3,
    0xe0, 0xd2, 0xa1, 0xc2, 0xc4, 0xb3, 0x85, 0xbc, 0x64, 0xbc, 0x45, 0xbc,
    0x44, 0xbc, 0x65, 0xbc, 0x65, 0xbc, 0x44, 0xb4, 0x44, 0xb4, 0x65, 0xb4,
    0xa5, 0xac, 0xa5, 0xb4, 0xc5, 0xb4, 0x22, 0x62, 0x80, 0x82, 0x80, 0x82,
    0xe0, 0x8a, 0x20, 0x9b, 0x20, 0x9b, 0x40, 0x9b, 0x41, 0x9b, 0x40, 0x9b,
    0x40, 0x9b, 0x40, 0xa3, 0x20, 0x62, 0x60, 0x49, 0xe0, 0x59, 0x60, 0x7a,
    0x80, 0x51, 0x40, 0xbc, 0x00, 0x93, 0xe0, 0x8a, 0xe0, 0x8a, 0x20, 0x93,
    0x40, 0x72, 0xc1, 0x59, 0xa0, 0xab, 0x80, 0xa3, 0x60, 0xa3, 0x80, 0xa3,
    0x80, 0xa3, 0x60, 0x9b, 0x80, 0xa3, 0x80, 0xa3, 0x60, 0xa3, 0x80, 0xa3,
    0x60, 0x9b, 0x60, 0x9b, 0x80, 0xa3, 0x60, 0x9b, 0x60, 0xa3, 0x80, 0xa3,
    0x60, 0xa3, 0x80, 0xa3, 0x80, 0xa3, 0x60, 0xa3, 0x60, 0xa3, 0x60, 0xa3,
    0x60, 0x9b, 0x60, 0x9b, 0x61, 0xa3, 0x80, 0xa3, 0xc1, 0x51, 0x60, 0x7a,
    0x00, 0x8b, 0xe0, 0x8a, 0xe0, 0x8a, 0x00, 0x93, 0x41, 0xa3, 0x40, 0x41,
    0xc0, 0x61, 0x21, 0x72, 0x20, 0x41, 0x40, 0x41, 0xc0, 0x61, 0xe0, 0x69,
    0xe0, 0x69, 0xe0, 0x69, 0xc0, 0x69, 0xc0, 0x69, 0xe0, 0x69, 0xe1, 0x71,
    0xe0, 0x71, 0x61, 0x49, 0xe5, 0xc4, 0xa5, 0xbc, 0xc5, 0xbc, 0xc5, 0xbc,
    0xc5, 0xbc, 0xc5, 0xbc, 0xc5, 0xbc, 0xc5, 0xbc, 0xc5, 0xbc, 0xc5, 0xc4,
    0xc5, 0xc4, 0xa5, 0xbc, 0xa5, 0xbc, 0x85, 0xbc, 0x85, 0xbc, 0x45, 0xb4,
    0x45, 0xb4, 0x04, 0xb4, 0xe1, 0xda, 0x20, 0xeb, 0x20, 0xe3, 0x20, 0xe3,
    0x01, 0xe3, 0x20, 0xe3, 0x00, 0xe3, 0x00, 0xdb, 0xa1, 0xd2, 0x60, 0xc2,
    0x60, 0xca, 0x80, 0xd2, 0x80, 0xda, 0x80, 0xd2, 0x80, 0xd2, 0x80, 0xd2,
    0x80, 0xd2, 0x60, 0xd2, 0x60, 0xd2, 0x80, 0xd2, 0x60, 0xd2, 0x60, 0xd2,
    0x60, 0xd2, 0x60, 0xd2, 0x40, 0xca, 0x40, 0xca, 0x20, 0xc2, 0x61, 0xd3,
    0x41, 0xdc, 0x21, 0xdc, 0x21, 0xdc, 0x41, 0xe4, 0x21, 0xe4, 0x21, 0xdc,
    0x21, 0xdc, 0x21, 0xdc, 0x01, 0xdc, 0x01, 0xdc, 0x01, 0xdc, 0x01, 0xdc,
    0x01, 0xdc, 0x01, 0xd4, 0xe1, 0xd3, 0xe1, 0xd3, 0xe1, 0xdb, 0xe1, 0xd3,
    0xe0, 0xd3, 0xe1, 0xdb, 0xe1, 0xd3, 0xc1, 0xd3, 0xc1, 0xd3, 0xc1, 0xd3,
    0xa1, 0xd3, 0xa1, 0xd3, 0xa1, 0xd3, 0x81, 0xcb, 0xa0, 0xca, 0xe0, 0xda,
    0xe0, 0xda, 0xe0, 0xe2, 0xe0, 0xe2, 0x00, 0xe3, 0xe0, 0xe2, 0xe0, 0xe2,
    0xe0, 0xe2, 0x00, 0xe3, 0x00, 0xe3, 0x00, 0xeb, 0x00, 0xe3, 0x00, 0xeb,
    0x20, 0xeb, 0x20, 0xeb, 0x20, 0xeb, 0x20, 0xeb, 0x20, 0xeb, 0x20, 0xeb,
    0x21, 0xeb, 0x40, 0xeb, 0x20, 0xeb, 0x20, 0xeb, 0x20, 0xeb, 0x20, 0xeb,
    0x20, 0xeb, 0xe0, 0xe2, 0xe0, 0xe2, 0xe0, 0xe2, 0xc0, 0xe2, 0xc0, 0xe2,
    0xc1, 0xe2, 0xa0, 0xe2, 0x80, 0xda, 0xa0, 0xda, 0x80, 0xda, 0x80, 0xda,
    0x60, 0xda, 0x80, 0xda, 0x60, 0xd2, 0x20, 0xca, 0x20, 0xc2, 0x20, 0xc2,
    0x20, 0xca, 0x40, 0xca, 0x40, 0xca, 0x40, 0xd2, 0x40, 0xca, 0x61, 0xd2,
    0x60, 0xd2, 0x61, 0xd2, 0x60, 0xca, 0x60, 0xd2, 0x61, 0xd2, 0x60, 0xd2,
    0x60, 0xd2, 0x60, 0xd2, 0x60, 0xd2, 0x60, 0xd2, 0x60, 0xd2, 0x60, 0xd2,
    0x60, 0xd2, 0x60, 0xd2, 0x80, 0xd2, 0x80, 0xd2, 0xa0, 0xda, 0xa0, 0xda,
    0xc0, 0xda, 0xe0, 0xda, 0xe0, 0xda, 0xe0, 0xda, 0xe0, 0xda, 0xe0, 0xd2,
    0xe0, 0xda, 0xe1, 0xd2, 0xe0, 0xd2, 0xe0, 0xda, 0xe1, 0xd2, 0xc1, 0xd2,
    0x02, 0xab, 0x44, 0xb4, 0x45, 0xbc, 0x25, 0xb4, 0x24, 0xb4, 0x45, 0xb4,
    0x24, 0xb4, 0x44, 0xb4, 0x24, 0xb4, 0x45, 0xb4, 0x45, 0xb4, 0x45, 0xb4,
    0xa4, 0xb4, 0xa4, 0xb4, 0xc4, 0xb4, 0x22, 0x62, 0x80, 0x82, 0x60, 0x7a,
    0xc0, 0x8a, 0x20, 0x9b, 0x20, 0x9b, 0x20, 0x9b, 0x40, 0x9b, 0x40, 0x9b,
    0x40, 0x9b, 0x41, 0x9b, 0x40, 0x9b, 0x21, 0x93, 0x20, 0x6a, 0x80, 0x49,
    0xe0, 0x59, 0x21, 0xbc, 0xc0, 0x8a, 0xe0, 0x8a, 0xe0, 0x8a, 0x20, 0x93,
    0xa0, 0x51, 0x80, 0x7a, 0x80, 0xa3, 0x81, 0xa3, 0x80, 0xa3, 0x60, 0xa3,
    0x81, 0xa3, 0x60, 0xa3, 0x80, 0xa3, 0x80, 0xa3, 0x80, 0xa3, 0x60, 0xa3,
    0x60, 0xa3, 0x80, 0xa3, 0x80, 0xa3, 0x80, 0xa3, 0x60, 0xa3, 0x80, 0xa3,
    0x80, 0xa3, 0x80, 0xa3, 0x80, 0xa3, 0x81, 0xa3, 0x80, 0xa3, 0x60, 0x9b,
    0x60, 0xa3, 0x60, 0xa3, 0x60, 0xa3, 0x80, 0xa3, 0x81, 0x7a, 0xc1, 0x51,
    0x20, 0x9b, 0xe0, 0x8a, 0xe0, 0x92, 0xe0, 0x92, 0x41, 0xa3, 0xc0, 0x59,
    0x20, 0x39, 0x20, 0x39, 0xc0, 0x61, 0x00, 0x6a, 0x00, 0x6a, 0xe0, 0x69,
    0xe0, 0x69, 0xe0, 0x69, 0xe0, 0x61, 0xc0, 0x61, 0xe0, 0x69, 0x00, 0x72,
    0xe0, 0x69, 0x81, 0x51, 0xc5, 0xbc, 0xa5, 0xbc, 0xc5, 0xbc, 0xa5, 0xbc,
    0xa5, 0xbc, 0xc5, 0xbc, 0xc5, 0xbc, 0xa5, 0xbc, 0xc5, 0xc4, 0xc5, 0xbc,
    0xa5, 0xbc, 0x65, 0xb4, 0x65, 0xb4, 0x65, 0xb4, 0x65, 0xb4, 0x25, 0xac,
    0x62, 0xcb, 0x80, 0xeb, 0x80, 0xeb, 0x80, 0xeb, 0x80, 0xeb, 0x60, 0xeb,
    0x60, 0xe3, 0x60, 0xe3, 0x40, 0xe3, 0x40, 0xe3, 0x40, 0xeb, 0x20, 0xe3,
    0x00, 0xe3, 0xe0, 0xe2, 0xe1, 0xda, 0xc0, 0xda, 0xc0, 0xda, 0xa0, 0xda,
    0xa0, 0xda, 0xa0, 0xda, 0x81, 0xd2, 0x80, 0xd2, 0x80, 0xd2, 0x61, 0xd2,
    0x60, 0xd2, 0x40, 0xd2, 0x40, 0xca, 0x60, 0xd2, 0x40, 0xca, 0x20, 0xca,
    0xe0, 0xc1, 0xc1, 0xc2, 0x01, 0xdc, 0x21, 0xdc, 0x01, 0xdc, 0x01, 0xdc,
    0x01, 0xdc, 0x01, 0xdc, 0x01, 0xdc, 0x01, 0xdc, 0xe1, 0xdb, 0xe1, 0xdb,
    0xe1, 0xdb, 0xe1, 0xd3, 0x01, 0xdc, 0xe1, 0xdb, 0xe1, 0xd3, 0xe1, 0xd3,
    0xe1, 0xdb, 0xc1, 0xd3, 0xc1, 0xd3, 0xc1, 0xd3, 0xc1, 0xd3, 0xc0, 0xd3,
    0xa1, 0xd3, 0xa1, 0xd3, 0xa1, 0xcb, 0x81, 0xcb, 0x61, 0xcb, 0x80, 0xca,
    0xc0, 0xda, 0xc0, 0xda, 0xc0, 0xda, 0xc0, 0xda, 0xc0, 0xda, 0xc1, 0xe2,
    0xc0, 0xe2, 0xe0, 0xe2, 0xe0, 0xe2, 0xe0, 0xe2, 0xe0, 0xe2, 0xe0, 0xe2,
    0xe0, 0xe2, 0x00, 0xe3, 0x00, 0xeb, 0xe0, 0xea, 0x00, 0xe3, 0x00, 0xeb,
    0x00, 0xeb, 0x00, 0xeb, 0x00, 0xeb, 0x00, 0xeb, 0x00, 0xeb, 0x00, 0xe3,
    0x00, 0xe3, 0xe0, 0xe2, 0xc0, 0xe2, 0xc0, 0xe2, 0xa0, 0xe2, 0xa0, 0xda,
    0xa0, 0xda, 0x80, 0xda, 0x80, 0xda, 0x80, 0xda, 0x80, 0xda, 0x60, 0xda,
    0x61, 0xd2, 0x81, 0xd2, 0x60, 0xd2, 0x21, 0xc2, 0x40, 0xc2, 0x40, 0xca,
    0x40, 0xca, 0x41, 0xca, 0x40, 0xca, 0x40, 0xca, 0x60, 0xca, 0x40, 0xca,
    0x40, 0xd2, 0x40, 0xca, 0x60, 0xd2, 0x60, 0xd2, 0x60, 0xd2, 0x60, 0xd2,
    0x60, 0xd2, 0x61, 0xd2, 0x80, 0xd2, 0x80, 0xd2, 0x80, 0xd2, 0xc0, 0xda,
    0xc0, 0xda, 0xc0, 0xda, 0xe0, 0xda, 0xe0, 0xda, 0xe0, 0xda, 0xc0, 0xda,
    0xe0, 0xda, 0xc1, 0xda, 0xc0, 0xda, 0xc0, 0xda, 0xe1, 0xd2, 0xe0, 0xda,
    0xe0, 0xd2, 0xe0, 0xd2, 0xe0, 0xda, 0xc1, 0xd2, 0xa2, 0xa2, 0xa4, 0xa3,
    0x04, 0xac, 0xe4, 0xab, 0xe4, 0xab, 0xe4, 0xa3, 0x05, 0xac, 0xe4, 0xa3,
    0xe5, 0xa3, 0xe4, 0xa3, 0xe4, 0xa3, 0xe4, 0xa3, 0x05, 0xac, 0x24, 0xac,
    0xa4, 0xb4, 0xa4, 0xb4, 0xc4, 0xb4, 0x82, 0x6a, 0x60, 0x7a, 0x80, 0x82,
    0xc0, 0x8a, 0x00, 0x93, 0x20, 0x93, 0x20, 0x9b, 0x20, 0x9b, 0x20, 0x9b,
    0x40, 0x9b, 0x40, 0x9b, 0x40, 0x9b, 0x40, 0x9b, 0x61, 0xa3, 0xa0, 0x51,
    0x60, 0x72, 0xe1, 0xab, 0xa0, 0x82, 0xe0, 0x8a, 0x00, 0x8b, 0x21, 0x93,
    0x80, 0x49, 0x00, 0x8b, 0x80, 0xa3, 0x60, 0xa3, 0x80, 0xa3, 0x80, 0xa3,
    0x60, 0x9b, 0x60, 0xa3, 0x80, 0xa3, 0x80, 0xa3, 0x81, 0xa3, 0x80, 0x9b,
    0x80, 0xa3, 0x80, 0xa3, 0x61, 0xa3, 0x60, 0xa3, 0x80, 0xa3, 0x81, 0xa3,
    0x80, 0xa3, 0x80, 0xa3, 0x80, 0xa3, 0x60, 0xa3, 0x80, 0xa3, 0x81, 0xa3,
    0x80, 0xa3, 0x80, 0xa3, 0x60, 0xa3, 0x60, 0xa3, 0x20, 0x93, 0x60, 0x41,
    0x20, 0x9b, 0xe0, 0x8a, 0xe0, 0x8a, 0xe0, 0x92, 0x20, 0x9b, 0x01, 0x6a,
    0x20, 0x41, 0x01, 0x6a, 0xe0, 0x69, 0xe0, 0x69, 0x00, 0x72, 0xe0, 0x69,
    0xe0, 0x69, 0xe0, 0x69, 0xc1, 0x69, 0xc0, 0x69, 0xe0, 0x69, 0x00, 0x72,
    0xc0, 0x71, 0x61, 0x49, 0xc5, 0xbc, 0x85, 0xbc, 0x85, 0xb4, 0x85, 0xb4,
    0x85, 0xbc, 0x85, 0xb4, 0x85, 0xbc, 0xa5, 0xbc, 0x85, 0xb4, 0x65, 0xb4,
    0x45, 0xac, 0x45, 0xac, 0x45, 0xac, 0x25, 0xac, 0xa4, 0xbb, 0x80, 0xeb,
    0xc0, 0xeb, 0xe0, 0xf3, 0xc0, 0xeb, 0xc0, 0xeb, 0xc0, 0xeb, 0xa0, 0xeb,
    0xa0, 0xeb, 0x80, 0xeb, 0x80, 0xeb, 0x60, 0xeb, 0x60, 0xeb, 0x40, 0xeb,
    0x40, 0xe3, 0x20, 0xe3, 0x20, 0xe3, 0x20, 0xe3, 0x00, 0xe3, 0xe0, 0xe2,
    0x00, 0xdb, 0xc0, 0xda, 0xe0, 0xda, 0xc0, 0xda, 0xc0, 0xda, 0xa0, 0xda,
    0x80, 0xd2, 0x60, 0xd2, 0x61, 0xd2, 0x60, 0xd2, 0x40, 0xca, 0x40, 0xca,
    0x40, 0xca, 0x20, 0xca, 0xe0, 0xb9, 0x61, 0xba, 0x81, 0xcb, 0x21, 0xdc,
    0x01, 0xdc, 0x01, 0xdc, 0x01, 0xdc, 0xe1, 0xdb, 0xe1, 0xd3, 0xe1, 0xd3,
    0xe1, 0xd3, 0xe1, 0xdb, 0xe1, 0xd3, 0xe1, 0xd3, 0xe1, 0xdb, 0xc1, 0xd3,
    0xc0, 0xd3, 0xe1, 0xd3, 0xc1, 0xd3, 0xc0, 0xd3, 0xc0, 0xd3, 0xc1, 0xd3,
    0xa1, 0xd3, 0xa1, 0xd3, 0x80, 0xcb, 0x81, 0xd3, 0x81, 0xd3, 0x61, 0xcb,
    0x81, 0xca, 0xa1, 0xda, 0xc0, 0xda, 0xa0, 0xda, 0xa0, 0xda, 0xc0, 0xda,
    0xc0, 0xe2, 0xc0, 0xe2, 0xc0, 0xe2, 0xc0, 0xe2, 0xc0, 0xe2, 0xc0, 0xe2,
    0xe1, 0xe2, 0xc0, 0xe2, 0xc0, 0xe2, 0xe1, 0xe2, 0xc0, 0xe2, 0xe0, 0xe2,
    0xe0, 0xe2, 0xe0, 0xe2, 0xe0, 0xe2, 0x00, 0xe3, 0xe1, 0xe2, 0xe0, 0xe2,
    0xc0, 0xe2, 0xc0, 0xe2, 0xc1, 0xe2, 0xa0, 0xe2, 0xa0, 0xda, 0x80, 0xda,
    0x80, 0xda, 0x60, 0xda, 0x80, 0xda, 0x60, 0xda, 0x60, 0xd2, 0x60, 0xd2,
    0x80, 0xd2, 0x80, 0xd2, 0x40, 0xca, 0x40, 0xc2, 0x80, 0xca, 0xa0, 0xd2,
    0xa0, 0xd2, 0xa0, 0xd2, 0xa0, 0xd2, 0xa0, 0xd2, 0xc0, 0xd2, 0xc0, 0xd2,
    0xa0, 0xd2, 0xc0, 0xd2, 0xa0, 0xd2, 0xc0, 0xda, 0xc0, 0xd2, 0xa0, 0xda,
    0xc0, 0xda, 0xc0, 0xda, 0xc0, 0xda, 0xc0, 0xda, 0xc0, 0xda, 0xc1, 0xda,
    0xc0, 0xda, 0xe0, 0xda, 0xc0, 0xda, 0xe0, 0xda, 0xc0, 0xda, 0xc0, 0xd2,
    0xc0, 0xd2, 0xe0, 0xda, 0xc0, 0xda, 0xc0, 0xd2, 0xe0, 0xd2, 0xc0, 0xd2,
    0xc0, 0xda, 0xa1, 0xd2, 0xc3, 0x92, 0x05, 0x6b, 0xe5, 0x72, 0xe5, 0x7a,
    0x05, 0x7b, 0x25, 0x83, 0x25, 0x83, 0x25, 0x83, 0x65, 0x8b, 0x85, 0x93,
    0xa5, 0x9b, 0xc4, 0x9b, 0xe4, 0xa3, 0xc4, 0xa3, 0xe4, 0xa3, 0xe4, 0xa3,
    0xa4, 0xb4, 0xa5, 0xb4, 0xc4, 0xb4, 0xe2, 0x7a, 0x20, 0x72, 0x80, 0x7a,
    0xa0, 0x8a, 0x00, 0x93, 0x21, 0x93, 0x20, 0x9b, 0x20, 0x93, 0x20, 0x9b,
    0x20, 0x9b, 0x20, 0x9b, 0x20, 0x9b, 0x20, 0x9b, 0x20, 0x9b, 0x60, 0x49,
    0x01, 0x8b, 0xc0, 0xab, 0xc0, 0x82, 0xe0, 0x8a, 0x00, 0x93, 0x20, 0x9b,
    0x61, 0x41, 0x20, 0x93, 0x80, 0xa3, 0x80, 0xa3, 0x80, 0xa3, 0x60, 0x9b,
    0x80, 0xa3, 0x60, 0xa3, 0x80, 0xa3, 0x60, 0x9b, 0x80, 0xa3, 0x80, 0xa3,
    0x80, 0xa3, 0x80, 0xa3, 0x80, 0xa3, 0x80, 0xa3, 0x80, 0xa3, 0x80, 0xa3,
    0x80, 0xa3, 0x80, 0xa3, 0x61, 0xa3, 0x80, 0xa3, 0x80, 0xa3, 0x80, 0xa3,
    0x60, 0xa3, 0x80, 0xa3, 0x80, 0xa3, 0x80, 0xa3, 0x40, 0xa3, 0x40, 0x41,
    0x01, 0x93, 0xe0, 0x8a, 0xe0, 0x92, 0xe0, 0x8a, 0x00, 0x93, 0x20, 0x72,
    0x20, 0x41, 0xe0, 0x69, 0xe0, 0x69, 0xe0, 0x69, 0x00, 0x72, 0x01, 0x72,
    0x00, 0x6a, 0xe0, 0x69, 0xc0, 0x61, 0xc0, 0x69, 0x00, 0x72, 0xe0, 0x69,
    0xc0, 0x69, 0x81, 0x51, 0xa5, 0xbc, 0x85, 0xb4, 0x85, 0xb4, 0x85, 0xb4,
    0x85, 0xb4, 0x85, 0xb4, 0x65, 0xb4, 0x65, 0xb4, 0x85, 0xb4, 0x66, 0xb4,
    0x46, 0xb4, 0x46, 0xac, 0x46, 0x9c, 0x41, 0xd3, 0xe0, 0xf3, 0x00, 0xf4,
    0x20, 0xf4, 0x20, 0xf4, 0x00, 0xf4, 0x00, 0xf4, 0xe0, 0xf3, 0xe0, 0xf3,
    0xc0, 0xf3, 0x40, 0xe3, 0xa0, 0xeb, 0xc0, 0xeb, 0x81, 0xeb, 0x80, 0xeb,
    0x60, 0xeb, 0x60, 0xeb, 0x60, 0xe3, 0x40, 0xeb, 0x40, 0xe3, 0x40, 0xe3,
    0x21, 0xe3, 0x20, 0xe3, 0x00, 0xe3, 0xe0, 0xe2, 0xc0, 0xe2, 0xc0, 0xda,
    0xa0, 0xda, 0x80, 0xd2, 0x80, 0xd2, 0x80, 0xd2, 0x60, 0xca, 0x60, 0xca,
    0x40, 0xca, 0x40, 0xc2, 0x20, 0xc2, 0x20, 0xc2, 0x00, 0xba, 0xe0, 0xb9,
    0x61, 0xba, 0x41, 0xcb, 0x01, 0xdc, 0xe1, 0xdb, 0xc1, 0xd3, 0xc0, 0xd3,
    0xc1, 0xd3, 0xc1, 0xdb, 0xc1, 0xd3, 0xc0, 0xd3, 0xe1, 0xd3, 0xc1, 0xd3,
    0xc1, 0xd3, 0xc1, 0xd3, 0xc1, 0xd3, 0xa0, 0xd3, 0xa1, 0xd3, 0xa1, 0xd3,
    0xa0, 0xcb, 0xa1, 0xd3, 0x81, 0xcb, 0xa1, 0xd3, 0x81, 0xd3, 0x81, 0xcb,
    0x81, 0xcb, 0x81, 0xc2, 0xa0, 0xda, 0xa0, 0xd2, 0xa0, 0xda, 0xa0, 0xda,
    0xa0, 0xda, 0xa0, 0xda, 0xc0, 0xda, 0xc1, 0xda, 0xc0, 0xe2, 0xc0, 0xe2,
    0xa0, 0xe2, 0xc0, 0xe2, 0xc0, 0xe2, 0xa0, 0xe2, 0xc0, 0xe2, 0xc0, 0xe2,
    0xc0, 0xe2, 0xe0, 0xe2, 0xc0, 0xe2, 0xe0, 0xe2, 0xc0, 0xe2, 0xc0, 0xe2,
    0xc0, 0xe2, 0xa0, 0xe2, 0xa0, 0xda, 0x80, 0xda, 0x80, 0xda, 0x60, 0xda,
    0x60, 0xda, 0x60, 0xd2, 0x60, 0xd2, 0x60, 0xd2, 0x80, 0xd2, 0x60, 0xd2,
    0x60, 0xd2, 0x60, 0xd2, 0x40, 0xc2, 0x80, 0xca, 0x80, 0xd2, 0xa1, 0xd2,
    0xa0, 0xd2, 0xc0, 0xd2, 0xc0, 0xd2, 0xc0, 0xd2, 0xc0, 0xda, 0xc0, 0xda,
    0xc0, 0xd2, 0xc0, 0xda, 0xa0, 0xd2, 0xc0, 0xd2, 0xa0, 0xda, 0xc0, 0xd2,
    0xc0, 0xd2, 0xc0, 0xda, 0xa0, 0xd2, 0xc0, 0xda, 0xc0, 0xda, 0xc0, 0xda,
    0xc0, 0xda, 0xc0, 0xd2, 0xc0, 0xd2, 0xc0, 0xda, 0xc0, 0xd2, 0xc1, 0xda,
    0xc0, 0xda, 0xc0, 0xd2, 0xc0, 0xd2, 0xc0, 0xd2, 0xc1, 0xda, 0x81, 0xc2,
    0xa3, 0x8a, 0xe5, 0x6a, 0x05, 0x73, 0x05, 0x7b, 0x05, 0x73, 0x05, 0x7b,
    0x05, 0x7b, 0x05, 0x73, 0x05, 0x7b, 0x25, 0x7b, 0x05, 0x7b, 0x05, 0x7b,
    0x25, 0x7b, 0x05, 0x7b, 0x25, 0x7b, 0x45, 0x7b, 0x45, 0x83, 0x45, 0x83,
    0xa4, 0xb4, 0xa4, 0xb4, 0xc4, 0xb4, 0x63, 0x83, 0x20, 0x6a, 0x60, 0x7a,
    0xa0, 0x82, 0x00, 0x93, 0x20, 0x93, 0x20, 0x9b, 0x20, 0x9b, 0x21, 0x9b,
    0x20, 0x9b, 0x20, 0x9b, 0x21, 0x9b, 0x20, 0x93, 0x21, 0x9b, 0x40, 0x41,
    0x40, 0x93, 0xa1, 0xa3, 0xe0, 0x8a, 0xe0, 0x8a, 0x00, 0x93, 0x20, 0x9b,
    0x40, 0x41, 0x41, 0x9b, 0x80, 0xa3, 0x60, 0xa3, 0x80, 0xa3, 0x60, 0xa3,
    0x60, 0xa3, 0x81, 0xa3, 0x80, 0xa3, 0x80, 0xa3, 0x80, 0xa3, 0x80, 0xa3,
    0x81, 0xa3, 0x80, 0xa3, 0x80, 0xa3, 0x80, 0xa3, 0x80, 0xa3, 0x80, 0xa3,
    0x80, 0xa3, 0x80, 0xa3, 0x80, 0xa3, 0x80, 0xa3, 0x80, 0xa3, 0x60, 0xa3,
    0x80, 0xa3, 0x60, 0xa3, 0x60, 0xa3, 0x80, 0xa3, 0x60, 0xa3, 0x61, 0x41,
    0x01, 0x93, 0xc0, 0x8a, 0xe0, 0x92, 0xe0, 0x92, 0x00, 0x93, 0x41, 0x72,
    0x20, 0x39, 0xe0, 0x69, 0x00, 0x6a, 0xe0, 0x69, 0xe0, 0x69, 0x00, 0x72,
    0xe0, 0x69, 0xe0, 0x69, 0xe0, 0x61, 0xe0, 0x61, 0xe0, 0x71, 0xe0, 0x71,
    0xc0, 0x69, 0x81, 0x49, 0x85, 0xb4, 0x65, 0xb4, 0x65, 0xb4, 0x65, 0xb4,
    0x45, 0xb4, 0x45, 0xac, 0x65, 0xac, 0x45, 0xac, 0x45, 0xac, 0x65, 0xac,
    0x45, 0xac, 0x25, 0xac, 0x01, 0xdb, 0xe0, 0xf3, 0x20, 0xf4, 0x40, 0xf4,
    0x40, 0xf4, 0x20, 0xf4, 0x00, 0xf4, 0x00, 0xf4, 0xe0, 0xf3, 0x80, 0xe3,
    0xc0, 0xeb, 0x01, 0xf4, 0x00, 0xf4, 0xe0, 0xf3, 0xe0, 0xf3, 0xc0, 0xeb,
    0xc0, 0xeb, 0xa0, 0xeb, 0x80, 0xeb, 0xa0, 0xeb, 0x80, 0xeb, 0x80, 0xeb,
    0x60, 0xeb, 0x40, 0xeb, 0x40, 0xeb, 0x20, 0xe3, 0x01, 0xe3, 0xe0, 0xe2,
    0xc0, 0xda, 0xa0, 0xda, 0xa0, 0xda, 0x80, 0xd2, 0x80, 0xd2, 0x60, 0xd2,
    0x60, 0xca, 0x40, 0xca, 0x40, 0xca, 0x20, 0xc2, 0x20, 0xc2, 0x20, 0xc2,
    0x00, 0xc2, 0xe0, 0xb9, 0xc0, 0xb1, 0x20, 0xb2, 0xc1, 0xc2, 0x81, 0xd3,
    0xe0, 0xe3, 0xc1, 0xdb, 0xc1, 0xd3, 0xc0, 0xd3, 0xa1, 0xd3, 0xc1, 0xd3,
    0xc1, 0xd3, 0xc1, 0xd3, 0xc0, 0xd3, 0xc1, 0xd3, 0xa1, 0xd3, 0xc1, 0xd3,
    0xa1, 0xd3, 0xa1, 0xd3, 0xa1, 0xcb, 0xa1, 0xd3, 0x81, 0xcb, 0x81, 0xcb,
    0x81, 0xcb, 0x81, 0xcb, 0xa1, 0xc2, 0x60, 0xca, 0x80, 0xd2, 0x80, 0xda,
    0xa1, 0xda, 0x80, 0xda, 0xa0, 0xda, 0x80, 0xda, 0xa0, 0xda, 0xa0, 0xda,
    0xa0, 0xda, 0xa0, 0xda, 0xa0, 0xda, 0xa0, 0xda, 0xa0, 0xe2, 0xa0, 0xda,
    0xc0, 0xe2, 0xa0, 0xe2, 0xc0, 0xe2, 0xc0, 0xe2, 0xa0, 0xe2, 0xa0, 0xda,
    0xa0, 0xda, 0xa0, 0xda, 0x80, 0xda, 0x60, 0xda, 0x60, 0xd2, 0x60, 0xd2,
    0x60, 0xd2, 0x61, 0xd2, 0x60, 0xd2, 0x60, 0xd2, 0x81, 0xda, 0x60, 0xd2,
    0x60, 0xd2, 0x20, 0xc2, 0x60, 0xca, 0x60, 0xca, 0xa0, 0xd2, 0xa0, 0xd2,
    0xc0, 0xd2, 0xc0, 0xd2, 0xc1, 0xd2, 0xc0, 0xda, 0xc0, 0xd2, 0xa1, 0xd2,
    0xa0, 0xda, 0xc0, 0xda, 0xc0, 0xda, 0xc0, 0xd2, 0xc1, 0xd2, 0xc0, 0xda,
    0xc0, 0xd2, 0xa0, 0xda, 0xc0, 0xda, 0xc0, 0xd2, 0xc0, 0xda, 0xc0, 0xd2,
    0xc0, 0xd2, 0xc0, 0xda, 0xc1, 0xd2, 0xa0, 0xd2, 0xa0, 0xda, 0xa0, 0xd2,
    0xa0, 0xd2, 0xa1, 0xd2, 0xa0, 0xd2, 0xa2, 0xb2, 0xa4, 0x7a, 0xe6, 0x6a,
    0x05, 0x73, 0x05, 0x73, 0x05, 0x73, 0x05, 0x7b, 0x05, 0x7b, 0x05, 0x73,
    0x25, 0x7b, 0x05, 0x7b, 0x05, 0x7b, 0x25, 0x7b, 0x26, 0x7b, 0x05, 0x7b,
    0x25, 0x7b, 0x25, 0x7b, 0x25, 0x7b, 0x05, 0x7b, 0x25, 0x7b, 0x05, 0x7b,
    0xa4, 0xb4, 0xc4, 0xb4, 0xa4, 0xb4, 0xc3, 0x93, 0xe1, 0x61, 0x60, 0x7a,
    0x80, 0x82, 0xe0, 0x92, 0x00, 0x93, 0x20, 0x93, 0x00, 0x93, 0x20, 0x93,
    0x20, 0x93, 0x20, 0x9b, 0x20, 0x9b, 0x20, 0x93, 0x20, 0x93, 0x40, 0x41,
    0x40, 0x9b, 0xa0, 0xa3, 0xe0, 0x8a, 0xe0, 0x8a, 0x01, 0x93, 0x20, 0x9b,
    0x60, 0x41, 0x40, 0x9b, 0x80, 0xa3, 0x80, 0xa3, 0x80, 0xa3, 0x60, 0xa3,
    0x80, 0xa3, 0x80, 0xa3, 0x80, 0xa3, 0x80, 0xa3, 0x60, 0xa3, 0x80, 0xa3,
    0x80, 0xa3, 0x80, 0xa3, 0x80, 0xa3, 0x81, 0xa3, 0x80, 0xa3, 0x80, 0xa3,
    0x80, 0xa3, 0x80, 0xa3, 0x80, 0xa3, 0x81, 0xa3, 0x80, 0xa3, 0x80, 0xa3,
    0x60, 0xa3, 0x80, 0xa3, 0x80, 0xa3, 0x60, 0xa3, 0x60, 0xa3, 0x61, 0x41,
    0x00, 0x9b, 0xe0, 0x8a, 0xe0, 0x8a, 0xe0, 0x92, 0x00, 0x93, 0x40, 0x72,
    0x20, 0x41, 0xe0, 0x69, 0xe0, 0x69, 0x00, 0x6a, 0x00, 0x72, 0x00, 0x72,
    0xe0, 0x69, 0xe0, 0x69, 0xc1, 0x61, 0xe0, 0x69, 0x00, 0x72, 0xe1, 0x69,
    0xc0, 0x69, 0xa2, 0x51, 0x65, 0xb4, 0x45, 0xb4, 0x45, 0xac, 0x45, 0xac,
    0x45, 0xac, 0x65, 0xb4, 0x45, 0xac, 0x65, 0xb4, 0x65, 0xb4, 0x46, 0xac,
    0x05, 0xa4, 0x41, 0xdb, 0xe0, 0xf3, 0x20, 0xf4, 0x40, 0xf4, 0x60, 0xf4,
    0x60, 0xf4, 0x40, 0xf4, 0x00, 0xf4, 0xe0, 0xf3, 0x40, 0xdb, 0xe0, 0xeb,
    0x21, 0xf4, 0x60, 0xf4, 0x40, 0xf4, 0x20, 0xf4, 0x00, 0xf4, 0xe0, 0xf3,
    0xc0, 0xf3, 0xc0, 0xeb, 0xc1, 0xf3, 0xa0, 0xeb, 0xa0, 0xeb, 0xa0, 0xf3,
    0x80, 0xeb, 0x80, 0xeb, 0x80, 0xeb, 0x60, 0xeb, 0x40, 0xeb, 0x00, 0xe3,
    0xe0, 0xe2, 0xe1, 0xda, 0xc0, 0xda, 0xa0, 0xda, 0x80, 0xd2, 0x81, 0xd2,
    0x60, 0xca, 0x40, 0xca, 0x40, 0xca, 0x40, 0xca, 0x20, 0xc2, 0x40, 0xc2,
    0x20, 0xc2, 0x00, 0xc2, 0x00, 0xc2, 0x00, 0xba, 0x00, 0xba, 0xa0, 0xa9,
    0xe1, 0x89, 0xa2, 0x92, 0x01, 0xab, 0x41, 0xcb, 0xc1, 0xdb, 0xe0, 0xdb,
    0xe1, 0xdb, 0xc0, 0xd3, 0xc1, 0xd3, 0xc1, 0xd3, 0xa1, 0xcb, 0xa1, 0xcb,
    0xc1, 0xd3, 0xa1, 0xcb, 0xa1, 0xd3, 0xa1, 0xd3, 0xa1, 0xd3, 0x81, 0xd3,
    0xa1, 0xd3, 0xa1, 0xd3, 0x61, 0xd3, 0xa1, 0xb2, 0x41, 0xb2, 0x80, 0xd2,
    0xc0, 0xda, 0xa0, 0xda, 0x80, 0xda, 0x80, 0xda, 0xa0, 0xda, 0x80, 0xda,
    0x80, 0xda, 0x80, 0xda, 0x80, 0xda, 0x80, 0xda, 0xa0, 0xda, 0xa0, 0xda,
    0xa1, 0xda, 0xa0, 0xda, 0xa0, 0xda, 0xa0, 0xda, 0xa0, 0xda, 0x80, 0xda,
    0x80, 0xda, 0x81, 0xda, 0x80, 0xda, 0x60, 0xd2, 0x60, 0xd2, 0x60, 0xd2,
    0x60, 0xd2, 0x80, 0xda, 0x80, 0xd2, 0x80, 0xda, 0x60, 0xd2, 0x80, 0xd2,
    0x60, 0xd2, 0x41, 0xca, 0x20, 0xc2, 0x60, 0xca, 0x81, 0xd2, 0xa0, 0xd2,
    0xa0, 0xd2, 0xa0, 0xd2, 0xa0, 0xd2, 0xa0, 0xd2, 0xa0, 0xd2, 0xc1, 0xda,
    0xc0, 0xda, 0xc0, 0xd2, 0xc0, 0xda, 0xc0, 0xda, 0xc0, 0xda, 0xc0, 0xda,
    0xa0, 0xda, 0xa1, 0xd2, 0xc0, 0xd2, 0xc0, 0xda, 0xc1, 0xda, 0xa0, 0xd2,
    0xc0, 0xda, 0xc0, 0xda, 0xa0, 0xda, 0xa0, 0xd2, 0xa0, 0xd2, 0x80, 0xda,
    0x61, 0xca, 0xa3, 0x92, 0xe5, 0x6a, 0x05, 0x6b, 0x05, 0x73, 0x06, 0x7b,
    0x05, 0x7b, 0x05, 0x7b, 0x05, 0x73, 0x05, 0x7b, 0x05, 0x7b, 0x05, 0x7b,
    0x06, 0x7b, 0x25, 0x7b, 0x05, 0x7b, 0x26, 0x7b, 0x25, 0x7b, 0x26, 0x7b,
    0x05, 0x7b, 0x25, 0x7b, 0x26, 0x7b, 0x25, 0x7b, 0x25, 0x7b, 0x45, 0x7b,
    0xa4, 0xb4, 0xa4, 0xb4, 0xa4, 0xb4, 0x44, 0xa4, 0x60, 0x51, 0x60, 0x7a,
    0x60, 0x7a, 0xc1, 0x8a, 0x00, 0x93, 0x00, 0x93, 0x20, 0x9b, 0x00, 0x9b,
    0x20, 0x93, 0x20, 0x9b, 0x20, 0x93, 0x20, 0x93, 0x20, 0x93, 0x20, 0x39,
    0x61, 0x9b, 0x60, 0xa3, 0xe0, 0x8a, 0xe0, 0x8a, 0x00, 0x93, 0x41, 0x9b,
    0x81, 0x41, 0x20, 0x93, 0x60, 0xa3, 0x60, 0x9b, 0x80, 0xa3, 0x81, 0x9b,
    0x80, 0x9b, 0x60, 0xa3, 0x80, 0xa3, 0x81, 0xa3, 0x80, 0xa3, 0x80, 0xa3,
    0x80, 0xa3, 0x60, 0xa3, 0x80, 0xa3, 0x80, 0xa3, 0x60, 0xa3, 0x81, 0xa3,
    0x80, 0xa3, 0x80, 0xa3, 0x80, 0xa3, 0x80, 0xa3, 0x80, 0xa3, 0x80, 0xa3,
    0x81, 0xa3, 0x80, 0xa3, 0x80, 0xa3, 0x80, 0xa3, 0x40, 0x9b, 0x40, 0x41,
    0x60, 0xa3, 0xc0, 0x8a, 0xe0, 0x92, 0xe0, 0x92, 0x00, 0x9b, 0x01, 0x62,
    0x41, 0x41, 0xe0, 0x69, 0xe0, 0x69, 0x00, 0x6a, 0xe0, 0x69, 0xe1, 0x69,
    0xe0, 0x69, 0xe0, 0x69, 0xe0, 0x69, 0xc0, 0x69, 0x00, 0x72, 0x00, 0x6a,
    0xa0, 0x69, 0x82, 0x6a, 0x45, 0xb4, 0x45, 0xac, 0x45, 0xac, 0x45, 0xac,
    0x45, 0xac, 0x45, 0xac, 0x45, 0xac, 0x45, 0xac, 0x45, 0xb4, 0x46, 0xa4,
    0x62, 0xcb, 0xe0, 0xf3, 0x20, 0xf4, 0x40, 0xf4, 0x60, 0xf4, 0x60, 0xf4,
    0x40, 0xfc, 0x20, 0xf4, 0xe0, 0xeb, 0x20, 0xdb, 0x21, 0xf4, 0x40, 0xf4,
    0x60, 0xf4, 0x60, 0xfc, 0x60, 0xf4, 0x40, 0xf4, 0x40, 0xf4, 0x20, 0xf4,
    0x00, 0xf4, 0xe0, 0xf3, 0xe0, 0xf3, 0xc0, 0xf3, 0xc0, 0xf3, 0xc0, 0xf3,
    0xc0, 0xf3, 0xc0, 0xf3, 0xc0, 0xf3, 0xa0, 0xf3, 0x80, 0xeb, 0x60, 0xeb,
    0x20, 0xe3, 0xe0, 0xe2, 0xe0, 0xe2, 0xc0, 0xda, 0xa0, 0xd2, 0xa0, 0xd2,
    0x80, 0xd2, 0x60, 0xca, 0x60, 0xca, 0x40, 0xca, 0x40, 0xca, 0x20, 0xca,
    0x20, 0xc2, 0x20, 0xc2, 0x00, 0xc2, 0x00, 0xc2, 0x00, 0xba, 0x00, 0xba,
    0x23, 0x7a, 0x84, 0x6a, 0x84, 0x6a, 0xa5, 0x62, 0x64, 0x62, 0x63, 0x72,
    0x82, 0x82, 0xc2, 0x92, 0xe1, 0xa2, 0xe1, 0xaa, 0x01, 0xab, 0x01, 0xb3,
    0x21, 0xb3, 0x01, 0xb3, 0x02, 0xab, 0xe2, 0xaa, 0xc2, 0x9a, 0xa2, 0x8a,
    0x62, 0x82, 0x43, 0x62, 0x23, 0x62, 0x43, 0x62, 0xa2, 0xaa, 0x81, 0xca,
    0x40, 0xc2, 0x60, 0xca, 0x81, 0xd2, 0x80, 0xd2, 0x60, 0xd2, 0x80, 0xda,
    0xa1, 0xda, 0xa0, 0xda, 0xa0, 0xe2, 0xa1, 0xe2, 0xa0, 0xda, 0xa0, 0xda,
    0x80, 0xda, 0xa0, 0xda, 0xa0, 0xda, 0x81, 0xda, 0x80, 0xda, 0x80, 0xda,
    0x80, 0xda, 0x80, 0xda, 0x80, 0xda, 0x80, 0xda, 0x60, 0xda, 0x81, 0xd2,
    0x80, 0xda, 0x80, 0xd2, 0x80, 0xda, 0x80, 0xd2, 0x80, 0xd2, 0x80, 0xd2,
    0x60, 0xd2, 0x60, 0xca, 0x40, 0xc2, 0x40, 0xc2, 0x80, 0xd2, 0x80, 0xd2,
    0xa0, 0xd2, 0xa0, 0xd2, 0xa0, 0xd2, 0xa0, 0xd2, 0xa0, 0xd2, 0xc0, 0xd2,
    0xa0, 0xd2, 0xc0, 0xd2, 0xc1, 0xd2, 0xc0, 0xd2, 0xc0, 0xd2, 0xc0, 0xd2,
    0xa0, 0xd2, 0xc0, 0xd2, 0xa0, 0xd2, 0xc0, 0xda, 0xa1, 0xd2, 0xc0, 0xd2,
    0xc0, 0xd2, 0xa0, 0xda, 0xa1, 0xda, 0x81, 0xba, 0x83, 0x9a, 0xc5, 0x72,
    0x06, 0x6b, 0x05, 0x73, 0xe5, 0x72, 0x05, 0x73, 0x05, 0x73, 0x05, 0x7b,
    0x06, 0x73, 0x05, 0x7b, 0x26, 0x7b, 0x26, 0x7b, 0x06, 0x7b, 0x26, 0x7b,
    0x26, 0x7b, 0x26, 0x7b, 0x25, 0x7b, 0x26, 0x7b, 0x26, 0x83, 0x25, 0x7b,
    0x26, 0x7b, 0x26, 0x7b, 0x46, 0x7b, 0x25, 0x7b, 0x26, 0x83, 0x46, 0x83,
    0xa4, 0xb4, 0xa5, 0xb4, 0x84, 0xb4, 0xa4, 0xb4, 0x21, 0x41, 0x60, 0x7a,
    0x60, 0x7a, 0xa0, 0x82, 0x00, 0x93, 0x00, 0x93, 0x00, 0x93, 0x00, 0x93,
    0x00, 0x9b, 0x20, 0x9b, 0x20, 0x9b, 0x20, 0x93, 0x21, 0x9b, 0x40, 0x41,
    0x00, 0x93, 0x61, 0xa3, 0xe0, 0x8a, 0x00, 0x8b, 0x00, 0x93, 0x20, 0x9b,
    0xa0, 0x51, 0xe0, 0x8a, 0x60, 0xa3, 0x60, 0xa3, 0x80, 0xa3, 0x60, 0xa3,
    0x80, 0x9b, 0x80, 0xa3, 0x80, 0xa3, 0x80, 0x9b, 0x80, 0xa3, 0x80, 0xa3,
    0x80, 0xa3, 0x80, 0xa3, 0x80, 0xa3, 0x60, 0xa3, 0x80, 0xa3, 0x80, 0xa3,
    0x80, 0xa3, 0x80, 0xa3, 0x80, 0xa3, 0x80, 0xa3, 0x80, 0xa3, 0x60, 0xa3,
    0x80, 0xa3, 0x80, 0xa3, 0x80, 0xa3, 0xa0, 0xab, 0xc0, 0x8a, 0x81, 0x49,
    0x60, 0xa3, 0xe0, 0x8a, 0xe0, 0x92, 0xe0, 0x92, 0x21, 0x9b, 0x80, 0x51,
    0x40, 0x41, 0xe0, 0x69, 0xe0, 0x69, 0xe0, 0x69, 0xe0, 0x69, 0xe0, 0x69,
    0xe0, 0x69, 0xe0, 0x69, 0xc0, 0x61, 0xe0, 0x69, 0xe0, 0x71, 0xe0, 0x71,
    0x80, 0x59, 0x64, 0x93, 0x45, 0xb4, 0x65, 0xac, 0x65, 0xb4, 0x45, 0xac,
    0x65, 0xac, 0x45, 0xb4, 0x45, 0xac, 0x45, 0xb4, 0x45, 0xac, 0x83, 0xb3,
    0xc0, 0xf3, 0x00, 0xf4, 0x40, 0xf4, 0x40, 0xfc, 0x60, 0xf4, 0x40, 0xf4,
    0x20, 0xf4, 0xe0, 0xf3, 0x21, 0xdb, 0x00, 0xf4, 0x60, 0xf4, 0x80, 0xfc,
    0x80, 0xfc, 0x80, 0xf4, 0x60, 0xfc, 0x60, 0xfc, 0x60, 0xf4, 0x20, 0xf4,
    0x00, 0xf4, 0xe0, 0xf3, 0xc0, 0xeb, 0xa0, 0xeb, 0xa0, 0xeb, 0xe0, 0xf3,
    0xe0, 0xf3, 0xe0, 0xf3, 0xe0, 0xf3, 0xe0, 0xeb, 0xc0, 0xf3, 0x80, 0xeb,
    0x60, 0xeb, 0x20, 0xe3, 0xe0, 0xe2, 0xe0, 0xda, 0xa0, 0xda, 0xa0, 0xda,
    0x80, 0xd2, 0x80, 0xd2, 0x61, 0xca, 0x40, 0xca, 0x20, 0xca, 0x40, 0xc2,
    0x40, 0xc2, 0x20, 0xc2, 0x20, 0xc2, 0x20, 0xc2, 0x00, 0xc2, 0x00, 0xba,
    0x84, 0x6a, 0xa4, 0x6a, 0xa4, 0x6a, 0xa4, 0x6a, 0xa4, 0x72, 0xc4, 0x72,
    0xa4, 0x72, 0xa4, 0x72, 0xa4, 0x72, 0xa4, 0x6a, 0xc4, 0x72, 0xa4, 0x72,
    0xa5, 0x6a, 0xc4, 0x72, 0xa4, 0x6a, 0xa4, 0x6a, 0xa4, 0x72, 0xa4, 0x6a,
    0x84, 0x6a, 0x84, 0x6a, 0xa3, 0x92, 0xe0, 0xe2, 0x20, 0xe3, 0x00, 0xe3,
    0x00, 0xe3, 0x00, 0xe3, 0xc0, 0xda, 0xa0, 0xd2, 0xa0, 0xda, 0x80, 0xca,
    0x60, 0xca, 0x60, 0xca, 0x40, 0xc2, 0x41, 0xca, 0x40, 0xca, 0x40, 0xca,
    0x40, 0xd2, 0x40, 0xca, 0x40, 0xd2, 0x60, 0xd2, 0x60, 0xd2, 0x80, 0xda,
    0xa0, 0xda, 0x80, 0xda, 0x80, 0xda, 0x80, 0xda, 0x80, 0xda, 0x80, 0xda,
    0x80, 0xd2, 0x80, 0xda, 0x80, 0xda, 0x80, 0xda, 0x80, 0xda, 0x80, 0xd2,
    0x60, 0xd2, 0x60, 0xd2, 0x40, 0xca, 0x20, 0xc2, 0x80, 0xca, 0xa0, 0xd2,
    0x81, 0xca, 0x80, 0xd2, 0xa0, 0xd2, 0xa1, 0xd2, 0xc0, 0xd2, 0xa0, 0xda,
    0xa0, 0xd2, 0xa0, 0xd2, 0xa0, 0xd2, 0xc0, 0xda, 0xa0, 0xd2, 0xa1, 0xd2,
    0xc0, 0xd2, 0xc0, 0xda, 0xa0, 0xd2, 0xa0, 0xda, 0xa0, 0xda, 0x81, 0xc2,
    0x82, 0xaa, 0x83, 0x8a, 0xc5, 0x62, 0x06, 0x6b, 0x05, 0x73, 0xe5, 0x72,
    0x05, 0x73, 0x05, 0x73, 0x05, 0x73, 0x06, 0x7b, 0x26, 0x7b, 0x05, 0x7b,
    0x25, 0x7b, 0x25, 0x7b, 0x25, 0x7b, 0x25, 0x7b, 0x25, 0x7b, 0x25, 0x83,
    0x25, 0x7b, 0x26, 0x83, 0x45, 0x83, 0x45, 0x7b, 0x26, 0x83, 0x46, 0x83,
    0x25, 0x83, 0x46, 0x83, 0x25, 0x83, 0x46, 0x83, 0x46, 0x83, 0x45, 0x83,
    0xa4, 0xb4, 0xa4, 0xb4, 0x84, 0xb4, 0xc4, 0xb4, 0xe2, 0x59, 0x40, 0x7a,
    0x60, 0x7a, 0x80, 0x82, 0xe0, 0x92, 0x01, 0x93, 0x00, 0x93, 0x00, 0x93,
    0x01, 0x93, 0x20, 0x9b, 0x20, 0x9b, 0x20, 0x93, 0x20, 0x9b, 0x60, 0x49,
    0xa0, 0x82, 0x80, 0xa3, 0xe0, 0x8a, 0xe0, 0x8a, 0x00, 0x93, 0x40, 0x9b,
    0x00, 0x62, 0x41, 0x6a, 0x80, 0xa3, 0x80, 0xa3, 0x81, 0xa3, 0x60, 0xa3,
    0x60, 0xa3, 0x60, 0x9b, 0x80, 0xa3, 0x80, 0xa3, 0x80, 0xa3, 0x80, 0xa3,
    0x80, 0xa3, 0x80, 0xa3, 0x81, 0xa3, 0x80, 0xa3, 0x80, 0xa3, 0x80, 0xa3,
    0x80, 0xa3, 0x81, 0xa3, 0x80, 0xa3, 0x80, 0xa3, 0x81, 0xa3, 0x80, 0xa3,
    0x80, 0xa3, 0x80, 0xab, 0x80, 0xa3, 0x80, 0xab, 0x20, 0x6a, 0x21, 0x6a,
    0x40, 0x9b, 0xe0, 0x8a, 0xe0, 0x92, 0x00, 0x93, 0x00, 0x9b, 0x41, 0x39,
    0x40, 0x49, 0xe0, 0x69, 0xe0, 0x69, 0xe0, 0x69, 0xe0, 0x71, 0xe0, 0x69,
    0xe0, 0x69, 0xe0, 0x69, 0xe0, 0x61, 0xe0, 0x69, 0xe0, 0x71, 0xe0, 0x71,
    0x41, 0x51, 0x45, 0xac, 0x65, 0xb4, 0x65, 0xb4, 0x45, 0xac, 0x65, 0xb4,
    0x65, 0xb4, 0x45, 0xac, 0x65, 0xb4, 0x45, 0xac, 0x45, 0xac, 0x41, 0xe3,
    0xe0, 0xf3, 0x20, 0xf4, 0x40, 0xfc, 0x40, 0xf4, 0x40, 0xf4, 0x20, 0xf4,
    0xe0, 0xf3, 0x60, 0xe3, 0x80, 0xeb, 0x40, 0xf4, 0x60, 0xf4, 0x80, 0xfc,
    0xa0, 0xfc, 0x80, 0xf4, 0x80, 0xf4, 0x60, 0xf4, 0x40, 0xf4, 0x20, 0xf4,
    0xe0, 0xf3, 0xc0, 0xeb, 0x61, 0xeb, 0xc0, 0xeb, 0xe0, 0xf3, 0x00, 0xf4,
    0x21, 0xf4, 0x20, 0xf4, 0x20, 0xf4, 0x00, 0xf4, 0xe0, 0xf3, 0xa0, 0xeb,
    0x40, 0xeb, 0x21, 0xeb, 0x00, 0xe3, 0xc0, 0xda, 0xa1, 0xda, 0xa0, 0xd2,
    0x80, 0xd2, 0x60, 0xd2, 0x60, 0xca, 0x60, 0xca, 0x40, 0xca, 0x21, 0xc2,
    0x40, 0xc2, 0x20, 0xc2, 0x20, 0xc2, 0x21, 0xc2, 0x20, 0xca, 0x42, 0x8a,
    0xc5, 0x6a, 0xa4, 0x6a, 0xa4, 0x6a, 0xc4, 0x72, 0xa4, 0x72, 0xc4, 0x72,
    0xc4, 0x72, 0xc5, 0x72, 0xa4, 0x72, 0xc4, 0x72, 0xc4, 0x72, 0xc5, 0x72,
    0xc4, 0x72, 0xc4, 0x72, 0xa5, 0x72, 0xa4, 0x6a, 0xa4, 0x6a, 0xa4, 0x62,
    0xa3, 0x8a, 0x20, 0xdb, 0x60, 0xeb, 0x80, 0xeb, 0x60, 0xeb, 0x60, 0xeb,
    0x40, 0xeb, 0x40, 0xeb, 0x20, 0xe3, 0x00, 0xe3, 0x00, 0xe3, 0xe0, 0xe2,
    0xe0, 0xe2, 0xe0, 0xe2, 0xe0, 0xda, 0xe0, 0xda, 0xe0, 0xe2, 0xe1, 0xe2,
    0xe0, 0xda, 0xe0, 0xe2, 0xc0, 0xda, 0xc0, 0xda, 0xc0, 0xda, 0xa1, 0xda,
    0xa0, 0xda, 0xc0, 0xda, 0xc0, 0xda, 0xc1, 0xda, 0xa0, 0xda, 0xa0, 0xda,
    0xa0, 0xda, 0xa0, 0xda, 0xa0, 0xda, 0xa0, 0xda, 0xa0, 0xda, 0x81, 0xda,
    0x80, 0xd2, 0x60, 0xd2, 0x41, 0xca, 0x40, 0xca, 0x21, 0xba, 0x80, 0xca,
    0x80, 0xca, 0x80, 0xca, 0x80, 0xd2, 0x81, 0xd2, 0xa1, 0xd2, 0xa0, 0xda,
    0xa1, 0xda, 0xc0, 0xda, 0xa0, 0xda, 0xa1, 0xda, 0xa0, 0xd2, 0xc1, 0xca,
    0xa2, 0xc2, 0xa2, 0xaa, 0x83, 0xa2, 0x84, 0x82, 0xc5, 0x6a, 0xe5, 0x6a,
    0xe5, 0x72, 0xe5, 0x72, 0xe5, 0x72, 0xe5, 0x72, 0x05, 0x73, 0xe5, 0x72,
    0x06, 0x73, 0x05, 0x73, 0x05, 0x7b, 0x05, 0x7b, 0x05, 0x73, 0x05, 0x73,
    0x26, 0x7b, 0x26, 0x7b, 0x25, 0x7b, 0x25, 0x7b, 0x25, 0x7b, 0x26, 0x83,
    0x25, 0x7b, 0x46, 0x83, 0x25, 0x83, 0x46, 0x83, 0x46, 0x83, 0x45, 0x83,
    0x46, 0x83, 0x45, 0x83, 0x45, 0x83, 0x45, 0x83, 0x46, 0x83, 0x65, 0x8b,
    0x84, 0xac, 0x84, 0xac, 0xa4, 0xb4, 0xa4, 0xb4, 0x43, 0x83, 0xe0, 0x69,
    0x40, 0x72, 0x60, 0x7a, 0xc0, 0x8a, 0xe0, 0x92, 0x00, 0x93, 0xe0, 0x92,
    0x00, 0x93, 0x00, 0x93, 0x20, 0x9b, 0x21, 0x93, 0x20, 0x9b, 0xc0, 0x59,
    0x21, 0x62, 0x80, 0xa3, 0xe0, 0x8a, 0xe0, 0x8a, 0x00, 0x8b, 0x20, 0x93,
    0xa0, 0x82, 0x80, 0x49, 0xa0, 0xa3, 0x80, 0xa3, 0x80, 0xa3, 0x80, 0x9b,
    0x80, 0xa3, 0x80, 0xa3, 0x60, 0xa3, 0x80, 0xa3, 0x80, 0xa3, 0x80, 0xa3,
    0x80, 0xa3, 0x80, 0xa3, 0x80, 0xa3, 0x80, 0xa3, 0x80, 0xa3, 0x80, 0xa3,
    0x81, 0xa3, 0x80, 0xa3, 0x80, 0xa3, 0x60, 0xa3, 0x80, 0xa3, 0x80, 0xa3,
    0x80, 0xab, 0x80, 0xa3, 0x80, 0xa3, 0x60, 0xa3, 0x60, 0x49, 0xe0, 0x8a,
    0xe0, 0x92, 0xe0, 0x8a, 0x00, 0x93, 0x00, 0x93, 0xc0, 0x8a, 0x00, 0x39,
    0xa0, 0x59, 0xe0, 0x69, 0xe0, 0x69, 0xe1, 0x69, 0x00, 0x6a, 0x00, 0x72,
    0xe0, 0x69, 0xc0, 0x69, 0xe1, 0x61, 0xe0, 0x69, 0xe0, 0x69, 0xe0, 0x71,
    0x81, 0x49, 0x85, 0xbc, 0x45, 0xb4, 0x65, 0xb4, 0x65, 0xb4, 0x65, 0xb4,
    0x65, 0xb4, 0x45, 0xac, 0x65, 0xb4, 0x25, 0xac, 0xa3, 0xab, 0x40, 0xf3,
    0xa0, 0xf3, 0xe0, 0xf3, 0x00, 0xf4, 0x20, 0xf4, 0x00, 0xf4, 0xc0, 0xf3,
    0x60, 0xeb, 0xe0, 0xda, 0x00, 0xf4, 0x60, 0xf4, 0x80, 0xfc, 0x80, 0xf4,
    0x80, 0xf4, 0x80, 0xfc, 0x60, 0xf4, 0x60, 0xfc, 0x20, 0xf4, 0xe1, 0xf3,
    0xa0, 0xeb, 0x60, 0xe3, 0x60, 0xe3, 0x00, 0xf4, 0x20, 0xf4, 0x40, 0xf4,
    0x40, 0xf4, 0x40, 0xf4, 0x40, 0xf4, 0x20, 0xf4, 0x00, 0xf4, 0xc0, 0xf3,
    0x60, 0xeb, 0x20, 0xe3, 0x00, 0xe3, 0xe0, 0xda, 0xa0, 0xda, 0xa1, 0xd2,
    0x80, 0xd2, 0x60, 0xca, 0x40, 0xca, 0x40, 0xca, 0x20, 0xc2, 0x20, 0xc2,
    0x20, 0xca, 0x21, 0xc2, 0x40, 0xca, 0x41, 0xba, 0x63, 0x82, 0xc5, 0x6a,
    0xc4, 0x72, 0xc4, 0x72, 0xc4, 0x72, 0xc5, 0x72, 0xc5, 0x72, 0xc4, 0x6a,
    0xc5, 0x72, 0xc5, 0x72, 0xe5, 0x72, 0xc5, 0x72, 0xe5, 0x72, 0xc4, 0x72,
    0xe4, 0x72, 0xe5, 0x72, 0xc5, 0x72, 0xc4, 0x72, 0xc4, 0x7a, 0x41, 0xd3,
    0xc0, 0xf3, 0xc0, 0xf3, 0xc0, 0xf3, 0xc0, 0xeb, 0xe0, 0xf3, 0xc0, 0xeb,
    0xa0, 0xeb, 0x81, 0xeb, 0x60, 0xeb, 0x40, 0xeb, 0x41, 0xeb, 0x40, 0xe3,
    0x40, 0xeb, 0x21, 0xe3, 0x40, 0xe3, 0x20, 0xe3, 0x20, 0xe3, 0x20, 0xe3,
    0x20, 0xe3, 0x20, 0xe3, 0x00, 0xe3, 0x20, 0xe3, 0x00, 0xe3, 0x00, 0xe3,
    0x00, 0xe3, 0x00, 0xe3, 0x00, 0xe3, 0x00, 0xe3, 0x00, 0xe3, 0x00, 0xe3,
    0x00, 0xe3, 0xe0, 0xe2, 0xe1, 0xe2, 0xc0, 0xda, 0xc0, 0xda, 0xa0, 0xda,
    0x80, 0xd2, 0x80, 0xd2, 0x60, 0xca, 0x60, 0xca, 0x40, 0xca, 0x21, 0xb2,
    0x62, 0xa2, 0x62, 0xa2, 0x62, 0xa2, 0x82, 0xa2, 0x83, 0x9a, 0x83, 0x92,
    0x83, 0x92, 0xa4, 0x8a, 0xc4, 0x7a, 0xa5, 0x6a, 0xe5, 0x6a, 0xe5, 0x72,
    0x05, 0x73, 0xe5, 0x7a, 0x05, 0x73, 0xe5, 0x72, 0xe5, 0x72, 0xe5, 0x72,
    0x05, 0x7b, 0x05, 0x73, 0x05, 0x7b, 0x05, 0x7b, 0x05, 0x73, 0x05, 0x7b,
    0x06, 0x7b, 0x05, 0x7b, 0x05, 0x7b, 0x26, 0x7b, 0x25, 0x7b, 0x25, 0x7b,
    0x25, 0x7b, 0x25, 0x7b, 0x26, 0x7b, 0x25, 0x83, 0x25, 0x83, 0x46, 0x83,
    0x25, 0x7b, 0x46, 0x83, 0x46, 0x83, 0x45, 0x83, 0x45, 0x83, 0x45, 0x83,
    0x45, 0x83, 0x46, 0x83, 0x46, 0x83, 0x66, 0x83, 0x66, 0x8b, 0x65, 0x8b,
    0x84, 0xac, 0x84, 0xac, 0x84, 0xac, 0x84, 0xac, 0x44, 0xac, 0x40, 0x49,
    0x61, 0x7a, 0x60, 0x7a, 0x80, 0x82, 0xe1, 0x92, 0xe0, 0x92, 0xe0, 0x92,
    0x00, 0x93, 0x00, 0x93, 0x00, 0x93, 0x00, 0x93, 0x20, 0x93, 0x60, 0x72,
    0x80, 0x49, 0xa0, 0xab, 0x01, 0x93, 0xe0, 0x8a, 0x00, 0x8b, 0x20, 0x93,
    0x41, 0x9b, 0x60, 0x41, 0x00, 0x93, 0x60, 0xa3, 0x80, 0xa3, 0x80, 0xa3,
    0x60, 0x9b, 0x81, 0xa3, 0x80, 0xa3, 0x80, 0xa3, 0x81, 0xa3, 0x80, 0xa3,
    0x80, 0xa3, 0xa0, 0xa3, 0x80, 0xa3, 0x80, 0xa3, 0x80, 0xa3, 0x80, 0xa3,
    0x80, 0xa3, 0x80, 0xa3, 0x80, 0xa3, 0x80, 0xab, 0x80, 0xa3, 0x80, 0xa3,
    0x80, 0xa3, 0x80, 0xa3, 0x61, 0xa3, 0xe0, 0x8a, 0x81, 0x49, 0x80, 0xab,
    0xe0, 0x8a, 0xe0, 0x8a, 0x01, 0x93, 0x21, 0x9b, 0x20, 0x72, 0x20, 0x41,
    0xe0, 0x61, 0xe0, 0x69, 0xe0, 0x69, 0xe0, 0x69, 0xe0, 0x69, 0xe0, 0x69,
    0xc0, 0x69, 0xe0, 0x61, 0xc0, 0x69, 0xe0, 0x71, 0xe0, 0x69, 0xc0, 0x61,
    0x83, 0x72, 0x65, 0xb4, 0x65, 0xb4, 0x65, 0xb4, 0x65, 0xb4, 0x85, 0xb4,
    0x45, 0xac, 0x65, 0xb4, 0x45, 0xac, 0x25, 0xac, 0x63, 0xb3, 0x40, 0xeb,
    0x60, 0xeb, 0xa0, 0xf3, 0xa0, 0xf3, 0xa0, 0xf3, 0x80, 0xeb, 0x40, 0xe3,
    0xe1, 0xda, 0x40, 0xe3, 0x20, 0xf4, 0x60, 0xf4, 0x60, 0xfc, 0x40, 0xf4,
    0x60, 0xfc, 0x60, 0xf4, 0x40, 0xf4, 0x20, 0xf4, 0xe0, 0xf3, 0xa0, 0xf3,
    0x60, 0xeb, 0x00, 0xdb, 0x00, 0xf4, 0x20, 0xf4, 0x20, 0xf4, 0x40, 0xf4,
    0x40, 0xf4, 0x40, 0xf4, 0x40, 0xf4, 0x20, 0xf4, 0xe0, 0xf3, 0xa1, 0xeb,
    0x60, 0xeb, 0x20, 0xe3, 0xe0, 0xda, 0xc0, 0xda, 0xa0, 0xd2, 0x80, 0xd2,
    0x60, 0xd2, 0x60, 0xca, 0x40, 0xca, 0x20, 0xca, 0x20, 0xc2, 0x20, 0xc2,
    0x20, 0xca, 0x21, 0xba, 0x63, 0x8a, 0xc5, 0x6a, 0xc5, 0x72, 0xc5, 0x72,
    0xc5, 0x72, 0xe5, 0x72, 0xe4, 0x72, 0xe5, 0x72, 0xe4, 0x72, 0xe5, 0x7a,
    0xe4, 0x72, 0xe4, 0x7a, 0xe4, 0x7a, 0x05, 0x7b, 0xe5, 0x7a, 0xe5, 0x7a,
    0xe4, 0x7a, 0xe4, 0x7a, 0xc4, 0x72, 0xe2, 0x9a, 0xe0, 0xf3, 0x00, 0xf4,
    0x20, 0xf4, 0x20, 0xf4, 0x00, 0xf4, 0x00, 0xf4, 0xe0, 0xf3, 0xe0, 0xf3,
    0xc0, 0xf3, 0xa0, 0xeb, 0x80, 0xeb, 0xa0, 0xf3, 0xa0, 0xeb, 0x80, 0xeb,
    0x81, 0xeb, 0x80, 0xeb, 0x80, 0xeb, 0xa0, 0xeb, 0x80, 0xeb, 0x60, 0xeb,
    0x80, 0xeb, 0x60, 0xeb, 0x61, 0xeb, 0x60, 0xeb, 0x60, 0xeb, 0x40, 0xeb,
    0x40, 0xeb, 0x20, 0xeb, 0x20, 0xeb, 0x40, 0xeb, 0x40, 0xeb, 0x40, 0xeb,
    0x40, 0xeb, 0x20, 0xe3, 0x20, 0xeb, 0x00, 0xe3, 0xe0, 0xe2, 0xc0, 0xda,
    0xa0, 0xda, 0x80, 0xd2, 0x60, 0xd2, 0x60, 0xca, 0x60, 0xca, 0x60, 0xca,
    0xa3, 0x72, 0xe5, 0x72, 0xe5, 0x72, 0xe5, 0x72, 0xe5, 0x72, 0xc5, 0x72,
    0xe5, 0x72, 0xe5, 0x72, 0xe5, 0x72, 0x05, 0x7b, 0xe5, 0x7a, 0xe5, 0x7a,
    0x05, 0x7b, 0xe5, 0x72, 0x05, 0x7b, 0xe5, 0x72, 0x05, 0x73, 0x05, 0x73,
    0xe5, 0x72, 0x06, 0x7b, 0x05, 0x7b, 0x06, 0x7b, 0x05, 0x7b, 0x05, 0x73,
    0x05, 0x7b, 0x25, 0x7b, 0x05, 0x7b, 0x26, 0x7b, 0x25, 0x7b, 0x25, 0x7b,
    0x26, 0x7b, 0x25, 0x83, 0x25, 0x83, 0x46, 0x83, 0x45, 0x83, 0x25, 0x83,
    0x45, 0x83, 0x25, 0x83, 0x46, 0x83, 0x25, 0x7b, 0x45, 0x83, 0x46, 0x83,
    0x46, 0x83, 0x66, 0x8b, 0x65, 0x83, 0x65, 0x8b, 0x86, 0x8b, 0xa5, 0x9b,
    0x84, 0xac, 0x84, 0xac, 0x84, 0xac, 0x84, 0xac, 0xa4, 0xb4, 0xe1, 0x51,
    0x60, 0x7a, 0x40, 0x7a, 0x60, 0x7a, 0xc0, 0x8a, 0xe1, 0x92, 0xe0, 0x8a,
    0xe0, 0x92, 0x01, 0x93, 0x00, 0x93, 0x00, 0x93, 0x00, 0x9b, 0xe1, 0x8a,
    0x20, 0x41, 0x20, 0x93, 0x20, 0x93, 0xe0, 0x8a, 0xe0, 0x8a, 0x00, 0x93,
    0x41, 0xa3, 0x21, 0x6a, 0xe0, 0x59, 0x80, 0xa3, 0x81, 0xa3, 0x80, 0xa3,
    0x80, 0xa3, 0x80, 0xa3, 0x80, 0xa3, 0x60, 0xa3, 0x80, 0xa3, 0x80, 0xa3,
    0x81, 0xa3, 0x80, 0xa3, 0xa0, 0xa3, 0x81, 0xa3, 0x80, 0xa3, 0x80, 0xa3,
    0x80, 0xa3, 0x80, 0xa3, 0x80, 0xa3, 0x80, 0xab, 0x81, 0xa3, 0x80, 0xa3,
    0x60, 0xa3, 0x60, 0xa3, 0x80, 0xa3, 0xa0, 0x59, 0x60, 0x7a, 0x20, 0x9b,
    0xe0, 0x8a, 0xe0, 0x92, 0x00, 0x93, 0x20, 0x9b, 0x60, 0x49, 0x41, 0x41,
    0x00, 0x6a, 0xe0, 0x69, 0xe0, 0x69, 0xe0, 0x69, 0xe0, 0x69, 0xe0, 0x69,
    0xe1, 0x69, 0xc0, 0x61, 0xe0, 0x69, 0x00, 0x72, 0x00, 0x72, 0x41, 0x49,
    0x04, 0xa4, 0x85, 0xb4, 0x65, 0xb4, 0x65, 0xb4, 0x65, 0xb4, 0x65, 0xb4,
    0x65, 0xb4, 0x65, 0xb4, 0x45, 0xb4, 0x45, 0xac, 0xc4, 0xab, 0x00, 0xe3,
    0x21, 0xe3, 0x20, 0xe3, 0x40, 0xeb, 0x20, 0xeb, 0x00, 0xe3, 0xc0, 0xda,
    0x81, 0xca, 0xa0, 0xeb, 0x00, 0xf4, 0x20, 0xf4, 0x00, 0xf4, 0x20, 0xf4,
    0x20, 0xf4, 0x20, 0xf4, 0x01, 0xf4, 0xe0, 0xf3, 0xa0, 0xeb, 0x60, 0xeb,
    0x00, 0xdb, 0x80, 0xe3, 0x00, 0xf4, 0x20, 0xf4, 0x20, 0xf4, 0x40, 0xf4,
    0x40, 0xf4, 0x40, 0xf4, 0x20, 0xf4, 0x00, 0xf4, 0xc0, 0xf3, 0x60, 0xeb,
    0x20, 0xeb, 0xe0, 0xe2, 0xc0, 0xda, 0xa0, 0xda, 0x80, 0xd2, 0x60, 0xd2,
    0x60, 0xd2, 0x60, 0xca, 0x40, 0xca, 0x41, 0xd2, 0x21, 0xca, 0x62, 0xaa,
    0xc5, 0x7a, 0xc5, 0x6a, 0xc4, 0x72, 0xc4, 0x72, 0xc4, 0x72, 0xc4, 0x72,
    0xe4, 0x72, 0xe5, 0x7a, 0xe5, 0x7a, 0xe4, 0x7a, 0xe4, 0x72, 0xe5, 0x7a,
    0x05, 0x7b, 0x05, 0x7b, 0x05, 0x7b, 0x04, 0x83, 0x05, 0x7b, 0x25, 0x83,
    0x05, 0x83, 0xe5, 0x7a, 0x01, 0xbb, 0x00, 0xf4, 0x60, 0xf4, 0x40, 0xf4,
    0x60, 0xf4, 0x40, 0xf4, 0x20, 0xf4, 0x20, 0xf4, 0x00, 0xf4, 0xe0, 0xf3,
    0xc0, 0xf3, 0xa0, 0xf3, 0x80, 0xeb, 0x20, 0xdb, 0x80, 0xeb, 0xe0, 0xf3,
    0x00, 0xf4, 0x00, 0xf4, 0x00, 0xf4, 0xe0, 0xf3, 0xe0, 0xf3, 0xc0, 0xf3,
    0xa0, 0xeb, 0xa0, 0xeb, 0xa0, 0xf3, 0x80, 0xeb, 0x80, 0xeb, 0x60, 0xeb,
    0x80, 0xeb, 0x80, 0xeb, 0x80, 0xeb, 0x80, 0xeb, 0x61, 0xeb, 0x60, 0xeb,
    0x60, 0xeb, 0x60, 0xeb, 0x40, 0xeb, 0x20, 0xeb, 0x01, 0xe3, 0xe0, 0xe2,
    0xc0, 0xda, 0x80, 0xda, 0x80, 0xd2, 0x60, 0xd2, 0x60, 0xd2, 0x60, 0xd2,
    0x41, 0xb2, 0xc5, 0x6a, 0xe5, 0x72, 0xe5, 0x72, 0xe5, 0x72, 0xc5, 0x72,
    0xe5, 0x72, 0xe5, 0x72, 0xe5, 0x72, 0x05, 0x73, 0x05, 0x73, 0x05, 0x7b,
    0xe5, 0x7a, 0x05, 0x7b, 0x05, 0x73, 0xe5, 0x7a, 0x05, 0x7b, 0xe5, 0x72,
    0x05, 0x7b, 0x05, 0x73, 0x05, 0x7b, 0x05, 0x7b, 0x05, 0x7b, 0x06, 0x7b,
    0x05, 0x7b, 0x25, 0x7b, 0x25, 0x7b, 0x25, 0x7b, 0x26, 0x7b, 0x25, 0x83,
    0x45, 0x83, 0x45, 0x7b, 0x26, 0x83, 0x45, 0x83, 0x25, 0x83, 0x25, 0x83,
    0x46, 0x83, 0x45, 0x83, 0x46, 0x83, 0x45, 0x83, 0x46, 0x83, 0x65, 0x83,
    0x65, 0x8b, 0x66, 0x8b, 0x65, 0x8b, 0x86, 0x93, 0x85, 0x93, 0x05, 0xac,
    0x83, 0xa4, 0x83, 0xac, 0x64, 0xac, 0x83, 0xac, 0xa4, 0xb4, 0x83, 0x8b,
    0xa0, 0x59, 0x40, 0x7a, 0x60, 0x7a, 0xa0, 0x8a, 0xc0, 0x8a, 0xe0, 0x8a,
    0xe0, 0x92, 0xe0, 0x92, 0x00, 0x93, 0x00, 0x93, 0x00, 0x93, 0x00, 0x93,
    0xa0, 0x51, 0x00, 0x62, 0x41, 0x9b, 0xe0, 0x8a, 0xe0, 0x92, 0x00, 0x93,
    0x20, 0x9b, 0x60, 0xa3, 0x60, 0x49, 0xe0, 0x8a, 0x81, 0xa3, 0x80, 0xa3,
    0x80, 0xa3, 0x80, 0xa3, 0x80, 0xa3, 0x80, 0xa3, 0x80, 0xa3, 0xa0, 0xa3,
    0x80, 0xa3, 0x80, 0xa3, 0x80, 0xa3, 0x80, 0xa3, 0x80, 0xa3, 0x80, 0xa3,
    0x80, 0xa3, 0x80, 0xa3, 0x80, 0xa3, 0x80, 0xa3, 0x80, 0xab, 0x80, 0xa3,
    0x60, 0xa3, 0x61, 0xa3, 0xa0, 0x82, 0x60, 0x49, 0x80, 0xab, 0xe0, 0x92,
    0x00, 0x8b, 0xe0, 0x8a, 0xe0, 0x92, 0xc0, 0x8a, 0x01, 0x39, 0x80, 0x51,
    0xe0, 0x69, 0xe0, 0x69, 0xe0, 0x69, 0xe0, 0x69, 0xe0, 0x69, 0xe0, 0x69,
    0xe0, 0x69, 0xc0, 0x61, 0xe0, 0x69, 0x00, 0x72, 0xe0, 0x69, 0xa2, 0x51,
    0xa5, 0xbc, 0x65, 0xb4, 0x65, 0xb4, 0x65, 0xb4, 0x85, 0xb4, 0x85, 0xb4,
    0x64, 0xb4, 0x65, 0xb4, 0x45, 0xb4, 0x45, 0xb4, 0x25, 0xa4, 0xa2, 0xb2,
    0xe0, 0xda, 0x01, 0xdb, 0xe0, 0xe2, 0xe0, 0xda, 0xc0, 0xda, 0x80, 0xd2,
    0x80, 0xca, 0x81, 0xeb, 0xa0, 0xf3, 0xe0, 0xf3, 0xc0, 0xf3, 0xa1, 0xf3,
    0xc0, 0xeb, 0xa0, 0xeb, 0xa0, 0xf3, 0x80, 0xeb, 0x40, 0xe3, 0x00, 0xe3,
    0xa0, 0xca, 0xc0, 0xeb, 0x01, 0xf4, 0x20, 0xf4, 0x20, 0xf4, 0x40, 0xf4,
    0x20, 0xfc, 0x20, 0xfc, 0x00, 0xf4, 0xc0, 0xf3, 0x80, 0xeb, 0x40, 0xeb,
    0x00, 0xe3, 0xc0, 0xe2, 0xa0, 0xda, 0x80, 0xda, 0x60, 0xd2, 0x61, 0xd2,
    0x60, 0xd2, 0x41, 0xca, 0x42, 0xaa, 0x84, 0x7a, 0xe5, 0x6a, 0xe5, 0x72,
    0xc4, 0x72, 0xe5, 0x72, 0xe5, 0x72, 0xe4, 0x72, 0xe5, 0x7a, 0xe5, 0x7a,
    0xe4, 0x7a, 0xe5, 0x7a, 0x05, 0x7b, 0x04, 0x7b, 0x05, 0x7b, 0x05, 0x7b,
    0x05, 0x7b, 0x05, 0x7b, 0x04, 0x7b, 0x25, 0x7b, 0x25, 0x83, 0x24, 0x83,
    0x05, 0x7b, 0x41, 0xcb, 0x20, 0xf4, 0x40, 0xf4, 0x80, 0xf4, 0x80, 0xfc,
    0x60, 0xfc, 0x60, 0xfc, 0x40, 0xf4, 0x20, 0xf4, 0x00, 0xf4, 0xe0, 0xf3,
    0xa0, 0xeb, 0x20, 0xdb, 0xc0, 0xeb, 0x20, 0xf4, 0x20, 0xf4, 0x20, 0xf4,
    0x40, 0xf4, 0x20, 0xf4, 0x20, 0xf4, 0x20, 0xf4, 0x20, 0xf4, 0x00, 0xf4,
    0xe0, 0xf3, 0xc0, 0xf3, 0xa0, 0xf3, 0xa0, 0xeb, 0xa0, 0xeb, 0x80, 0xeb,
    0x80, 0xeb, 0x80, 0xeb, 0x80, 0xeb, 0x80, 0xeb, 0xa0, 0xeb, 0xa0, 0xeb,
    0x80, 0xf3, 0x80, 0xeb, 0x60, 0xeb, 0x40, 0xeb, 0x00, 0xeb, 0xe0, 0xe2,
    0xe0, 0xe2, 0xa1, 0xda, 0x80, 0xda, 0x60, 0xd2, 0x80, 0xd2, 0x81, 0xd2,
    0x60, 0xd2, 0xa5, 0x72, 0xe5, 0x72, 0xe5, 0x72, 0xe5, 0x7a, 0xe5, 0x72,
    0x05, 0x7b, 0x05, 0x7b, 0x05, 0x7b, 0x05, 0x7b, 0x05, 0x73, 0x05, 0x7b,
    0x05, 0x73, 0x05, 0x7b, 0x05, 0x7b, 0x05, 0x7b, 0x05, 0x7b, 0x05, 0x7b,
    0x05, 0x7b, 0x05, 0x7b, 0x05, 0x7b, 0x05, 0x7b, 0x25, 0x7b, 0x05, 0x7b,
    0x05, 0x7b, 0x05, 0x7b, 0x25, 0x7b, 0x25, 0x7b, 0x25, 0x83, 0x45, 0x83,
    0x25, 0x7b, 0x45, 0x83, 0x25, 0x83, 0x45, 0x83, 0x46, 0x83, 0x45, 0x83,
    0x45, 0x83, 0x46, 0x83, 0x45, 0x8b, 0x45, 0x8b, 0x65, 0x8b, 0x65, 0x8b,
    0x66, 0x8b, 0x66, 0x8b, 0x86, 0x8b, 0xa5, 0x9b, 0x05, 0xac, 0x45, 0xb4,
    0x84, 0xa4, 0x64, 0xac, 0x63, 0xac, 0x84, 0xac, 0x84, 0xac, 0xa4, 0xb4,
    0x61, 0x49, 0x40, 0x7a, 0x41, 0x7a, 0x60, 0x7a, 0xc0, 0x8a, 0xc0, 0x8a,
    0xc0, 0x8a, 0xe0, 0x92, 0xe0, 0x92, 0xe0, 0x92, 0xe0, 0x92, 0xe1, 0x92,
    0x80, 0x7a, 0x40, 0x41, 0x41, 0x9b, 0x20, 0x9b, 0xe0, 0x8a, 0x00, 0x93,
    0x00, 0x93, 0x61, 0xa3, 0xa0, 0x82, 0x60, 0x49, 0x60, 0xa3, 0xa0, 0xa3,
    0xa0, 0xa3, 0x81, 0xa3, 0x80, 0xa3, 0x80, 0xa3, 0x80, 0xa3, 0xa0, 0xa3,
    0x80, 0xa3, 0x80, 0xa3, 0xa0, 0xa3, 0x80, 0xa3, 0x80, 0xa3, 0x80, 0xa3,
    0x81, 0xa3, 0x80, 0xa3, 0x80, 0xab, 0x80, 0xa3, 0x80, 0xa3, 0x80, 0xa3,
    0x80, 0xa3, 0x40, 0x9b, 0x61, 0x49, 0x00, 0x8b, 0x60, 0x9b, 0xe1, 0x92,
    0x00, 0x93, 0x00, 0x93, 0x21, 0x9b, 0xa0, 0x51, 0x40, 0x41, 0xc0, 0x69,
    0xe0, 0x69, 0xe0, 0x69, 0xe0, 0x69, 0xe1, 0x69, 0xe0, 0x69, 0xe0, 0x69,
    0xe0, 0x69, 0xe0, 0x69, 0x00, 0x72, 0xe0, 0x71, 0x61, 0x51, 0xc4, 0x9b,
    0x65, 0xb4, 0x65, 0xb4, 0x65, 0xb4, 0x64, 0xb4, 0x65, 0xb4, 0x64, 0xb4,
    0x65, 0xb4, 0x65, 0xb4, 0x45, 0xb4, 0x25, 0xac, 0x25, 0xac, 0xc5, 0x93,
    0xc3, 0x9a, 0xa1, 0xca, 0xc1, 0xd2, 0xa1, 0xd2, 0xa1, 0xca, 0x81, 0xba,
    0x61, 0xb2, 0x20, 0xeb, 0x40, 0xeb, 0x60, 0xeb, 0x60, 0xeb, 0x40, 0xeb,
    0x40, 0xeb, 0x40, 0xeb, 0x20, 0xeb, 0x00, 0xe3, 0x00, 0xdb, 0xc0, 0xda,
    0x80, 0xca, 0x80, 0xeb, 0xc0, 0xeb, 0xe0, 0xf3, 0xe0, 0xf3, 0xe0, 0xf3,
    0x00, 0xf4, 0xe0, 0xf3, 0xc0, 0xf3, 0x80, 0xeb, 0x40, 0xeb, 0x00, 0xe3,
    0xc0, 0xe2, 0xa0, 0xda, 0x80, 0xda, 0x80, 0xda, 0x61, 0xd2, 0x82, 0xa2,
    0xc4, 0x72, 0xe5, 0x6a, 0xe5, 0x72, 0xe5, 0x7a, 0xe5, 0x72, 0xe4, 0x7a,
    0xe5, 0x7a, 0x05, 0x7b, 0xe5, 0x7a, 0x05, 0x7b, 0x05, 0x7b, 0x05, 0x7b,
    0x05, 0x7b, 0x05, 0x7b, 0x05, 0x7b, 0x05, 0x7b, 0x05, 0x7b, 0x04, 0x7b,
    0x05, 0x83, 0x05, 0x83, 0x25, 0x7b, 0x25, 0x83, 0x25, 0x83, 0x25, 0x83,
    0x02, 0xb3, 0x00, 0xf4, 0x41, 0xf4, 0x80, 0xf4, 0xa0, 0xfc, 0x80, 0xfc,
    0x80, 0xf4, 0x60, 0xfc, 0x60, 0xf4, 0x20, 0xf4, 0x00, 0xf4, 0xa1, 0xeb,
    0x40, 0xdb, 0x20, 0xf4, 0x41, 0xf4, 0x40, 0xf4, 0x60, 0xf4, 0x60, 0xfc,
    0x60, 0xfc, 0x60, 0xf4, 0x40, 0xf4, 0x40, 0xf4, 0x20, 0xf4, 0x00, 0xf4,
    0xe0, 0xf3, 0xc0, 0xf3, 0xc0, 0xf3, 0xc0, 0xf3, 0xa1, 0xf3, 0xa0, 0xf3,
    0x40, 0xe3, 0xa1, 0xeb, 0xe0, 0xf3, 0xe0, 0xf3, 0xe0, 0xf3, 0xe0, 0xf3,
    0xc0, 0xf3, 0xa0, 0xf3, 0x81, 0xeb, 0x60, 0xeb, 0x40, 0xeb, 0x00, 0xe3,
    0xe0, 0xe2, 0xa0, 0xe2, 0x80, 0xda, 0x80, 0xd2, 0x80, 0xda, 0x80, 0xd2,
    0x60, 0xda, 0xa4, 0x7a, 0xe5, 0x7a, 0xe5, 0x7a, 0x05, 0x7b, 0x05, 0x7b,
    0x05, 0x7b, 0x05, 0x7b, 0x05, 0x7b, 0x05, 0x7b, 0x05, 0x7b, 0x05, 0x7b,
    0x06, 0x7b, 0x05, 0x7b, 0x25, 0x7b, 0x05, 0x7b, 0x05, 0x7b, 0x26, 0x7b,
    0x05, 0x7b, 0x25, 0x7b, 0x05, 0x7b, 0x05, 0x7b, 0x06, 0x7b, 0x25, 0x7b,
    0x05, 0x7b, 0x25, 0x7b, 0x26, 0x83, 0x25, 0x83, 0x25, 0x83, 0x46, 0x83,
    0x45, 0x83, 0x45, 0x83, 0x45, 0x83, 0x45, 0x83, 0x45, 0x83, 0x66, 0x8b,
    0x45, 0x83, 0x66, 0x8b, 0x65, 0x8b, 0x65, 0x8b, 0x66, 0x8b, 0x66, 0x8b,
    0x65, 0x8b, 0x85, 0x93, 0x25, 0xac, 0x45, 0xb4, 0x45, 0xbc, 0x65, 0xbc,
    0x84, 0xac, 0x84, 0xac, 0x84, 0xac, 0x84, 0xac, 0x84, 0xb4, 0x84, 0xb4,
    0x83, 0x8b, 0xa1, 0x59, 0x40, 0x7a, 0x40, 0x7a, 0x60, 0x82, 0xc0, 0x8a,
    0xc0, 0x8a, 0xc1, 0x8a, 0xe0, 0x8a, 0xe0, 0x8a, 0xe0, 0x92, 0xc0, 0x8a,
    0xe0, 0x92, 0x60, 0x49, 0x20, 0x6a, 0x41, 0x9b, 0x00, 0x93, 0x00, 0x93,
    0x00, 0x8b, 0x40, 0x9b, 0x81, 0xa3, 0x40, 0x6a, 0xa0, 0x51, 0xa1, 0xab,
    0xa1, 0xab, 0x80, 0xa3, 0x80, 0xa3, 0x80, 0xa3, 0x80, 0xa3, 0x80, 0xa3,
    0xa0, 0xab, 0xa1, 0xab, 0x80, 0xa3, 0x80, 0xa3, 0x80, 0xab, 0x80, 0xa3,
    0xa0, 0xa3, 0x80, 0xab, 0xa0, 0xab, 0x81, 0xa3, 0x80, 0xab, 0x80, 0xab,
    0x61, 0xa3, 0x80, 0x51, 0x81, 0x7a, 0xa0, 0xb3, 0xe0, 0x8a, 0xe0, 0x8a,
    0xe0, 0x92, 0x00, 0x93, 0xa1, 0x82, 0x20, 0x39, 0x80, 0x59, 0xe0, 0x61,
    0xc0, 0x61, 0xe0, 0x69, 0xe0, 0x69, 0xe0, 0x69, 0xe0, 0x69, 0xe0, 0x69,
    0xc0, 0x61, 0xe1, 0x69, 0x00, 0x72, 0xc0, 0x69, 0xe2, 0x59, 0x85, 0xbc,
    0x65, 0xb4, 0x85, 0xbc, 0x85, 0xbc, 0x65, 0xb4, 0x65, 0xbc, 0x65, 0xbc,
    0x64, 0xb4, 0x65, 0xb4, 0x44, 0xb4, 0x44, 0xb4, 0x24, 0xac, 0x24, 0xac,
    0xc4, 0x9b, 0x65, 0x83, 0x44, 0x83, 0x24, 0x7b, 0x25, 0x73, 0x05, 0x73,
    0xe5, 0x6a, 0xa1, 0xc2, 0xc0, 0xda, 0xc0, 0xda, 0xe0, 0xda, 0xc0, 0xda,
    0xe0, 0xda, 0xe0, 0xda, 0xc0, 0xda, 0xa0, 0xda, 0xc1, 0xda, 0xa0, 0xd2,
    0x60, 0xc2, 0x40, 0xe3, 0x61, 0xeb, 0x80, 0xeb, 0x80, 0xeb, 0x80, 0xeb,
    0x80, 0xf3, 0x80, 0xeb, 0x61, 0xeb, 0x40, 0xeb, 0xe0, 0xe2, 0xe0, 0xe2,
    0xc0, 0xda, 0x81, 0xda, 0x82, 0xba, 0xc4, 0x82, 0x06, 0x73, 0x05, 0x7b,
    0x05, 0x7b, 0x05, 0x7b, 0x05, 0x7b, 0x25, 0x7b, 0x05, 0x7b, 0x05, 0x7b,
    0x25, 0x7b, 0x25, 0x7b, 0x25, 0x83, 0x24, 0x83, 0x25, 0x7b, 0x25, 0x83,
    0x24, 0x7b, 0x25, 0x7b, 0x25, 0x83, 0x25, 0x83, 0x05, 0x83, 0x25, 0x7b,
    0x25, 0x83, 0x24, 0x83, 0x25, 0x83, 0x25, 0x83, 0x25, 0x83, 0x24, 0x8b,
    0xc0, 0xf3, 0x40, 0xf4, 0x60, 0xf4, 0x80, 0xfc, 0xa0, 0xfc, 0xa1, 0xf4,
    0x80, 0xf4, 0x60, 0xf4, 0x40, 0xf4, 0x00, 0xf4, 0x81, 0xeb, 0x61, 0xe3,
    0x20, 0xf4, 0x60, 0xf4, 0x60, 0xfc, 0x80, 0xfc, 0x80, 0xfc, 0x80, 0xfc,
    0x80, 0xf4, 0x80, 0xfc, 0x60, 0xfc, 0x60, 0xfc, 0x40, 0xf4, 0x00, 0xf4,
    0xe0, 0xf3, 0xc1, 0xf3, 0xc0, 0xf3, 0xc0, 0xeb, 0x60, 0xe3, 0x41, 0xe3,
    0x00, 0xf4, 0x20, 0xf4, 0x20, 0xf4, 0x40, 0xf4, 0x20, 0xf4, 0x00, 0xf4,
    0xe0, 0xf3, 0xc0, 0xf3, 0xa0, 0xf3, 0x60, 0xeb, 0x40, 0xeb, 0x20, 0xeb,
    0x00, 0xe3, 0xc0, 0xe2, 0x80, 0xda, 0xa0, 0xda, 0x80, 0xda, 0x80, 0xd2,
    0x60, 0xd2, 0xa4, 0x8a, 0x05, 0x7b, 0x05, 0x7b, 0xe5, 0x7a, 0x05, 0x7b,
    0x05, 0x7b, 0x25, 0x7b, 0x25, 0x7b, 0x05, 0x7b, 0x25, 0x7b, 0x05, 0x7b,
    0x25, 0x83, 0x25, 0x7b, 0x05, 0x7b, 0x26, 0x7b, 0x25, 0x7b, 0x25, 0x7b,
    0x05, 0x7b, 0x25, 0x7b, 0x25, 0x7b, 0x25, 0x7b, 0x25, 0x83, 0x25, 0x7b,
    0x25, 0x83, 0x45, 0x83, 0x46, 0x83, 0x45, 0x83, 0x45, 0x83, 0x45, 0x83,
    0x65, 0x83, 0x66, 0x8b, 0x65, 0x8b, 0x65, 0x8b, 0x66, 0x8b, 0x66, 0x8b,
    0x65, 0x8b, 0x65, 0x8b, 0x66, 0x8b, 0x66, 0x8b, 0x86, 0x93, 0xc5, 0x9b,
    0x05, 0xac, 0x65, 0xb4, 0x64, 0xbc, 0x65, 0xbc, 0x65, 0xbc, 0x44, 0xb4,
    0x84, 0xac, 0x83, 0xac, 0x84, 0xac, 0x84, 0xac, 0x84, 0xac, 0x84, 0xac,
    0xc4, 0xb4, 0xc1, 0x51, 0x20, 0x72, 0x40, 0x7a, 0x40, 0x7a, 0x80, 0x82,
    0xc0, 0x8a, 0xc0, 0x8a, 0xc0, 0x8a, 0xc0, 0x8a, 0xc0, 0x8a, 0xc0, 0x8a,
    0xc1, 0x8a, 0x60, 0x7a, 0x40, 0x41, 0xe0, 0x8a, 0x20, 0x9b, 0x00, 0x93,
    0x00, 0x93, 0x00, 0x93, 0x40, 0x9b, 0xa0, 0xab, 0x20, 0x6a, 0xc0, 0x59,
    0x80, 0xa3, 0xa0, 0xab, 0x80, 0xab, 0xa0, 0xa3, 0xa0, 0xab, 0x80, 0xa3,
    0xa0, 0xa3, 0xa0, 0xab, 0xa0, 0xab, 0xa0, 0xab, 0xa0, 0xa3, 0x80, 0xab,
    0x80, 0xa3, 0xa0, 0xab, 0x80, 0xa3, 0x81, 0xa3, 0x80, 0xa3, 0x61, 0xa3,
    0x80, 0x51, 0x40, 0x72, 0x00, 0xbc, 0x00, 0x93, 0xe0, 0x8a, 0xe0, 0x8a,
    0xe0, 0x92, 0x00, 0x9b, 0x60, 0x49, 0x40, 0x41, 0xe0, 0x69, 0xc0, 0x61,
    0xe0, 0x69, 0xe0, 0x69, 0xe0, 0x69, 0xe0, 0x69, 0xe0, 0x69, 0xc0, 0x61,
    0xe0, 0x69, 0x00, 0x72, 0xe0, 0x71, 0x21, 0x41, 0x44, 0xac, 0x85, 0xb4,
    0x65, 0xb4, 0x64, 0xb4, 0x65, 0xb4, 0x65, 0xb4, 0x85, 0xbc, 0x65, 0xb4,
    0x64, 0xb4, 0x65, 0xb4, 0x64, 0xb4, 0x65, 0xb4, 0x44, 0xb4, 0x45, 0xb4,
    0x44, 0xac, 0x24, 0xac, 0x44, 0xb4, 0x44, 0xb4, 0x24, 0xac, 0xa4, 0x93,
    0x44, 0x83, 0x05, 0x73, 0xc4, 0x7a, 0x82, 0xa2, 0x82, 0xba, 0x82, 0xba,
    0x82, 0xba, 0xa2, 0xb2, 0x82, 0xb2, 0x82, 0xb2, 0x82, 0xb2, 0x82, 0xb2,
    0x82, 0xa2, 0xe0, 0xda, 0x40, 0xeb, 0x40, 0xeb, 0x40, 0xeb, 0x41, 0xeb,
    0x20, 0xeb, 0x20, 0xe3, 0x00, 0xe3, 0xe1, 0xe2, 0xc0, 0xe2, 0x81, 0xda,
    0xa2, 0xb2, 0xe4, 0x7a, 0x25, 0x7b, 0x25, 0x7b, 0x25, 0x7b, 0x25, 0x83,
    0x25, 0x7b, 0x25, 0x83, 0x25, 0x83, 0x45, 0x83, 0x45, 0x83, 0x45, 0x83,
    0x25, 0x83, 0x25, 0x83, 0x25, 0x83, 0x45, 0x83, 0x25, 0x83, 0x25, 0x83,
    0x45, 0x83, 0x25, 0x83, 0x25, 0x83, 0x25, 0x83, 0x25, 0x83, 0x24, 0x83,
    0x24, 0x83, 0x25, 0x83, 0x45, 0x83, 0x25, 0x83, 0x45, 0x83, 0x61, 0xcb,
    0x21, 0xf4, 0x40, 0xf4, 0x60, 0xf4, 0x80, 0xf4, 0xa0, 0xfc, 0x80, 0xfc,
    0x60, 0xf4, 0x40, 0xf4, 0x00, 0xf4, 0xa0, 0xeb, 0x60, 0xe3, 0x20, 0xfc,
    0x60, 0xfc, 0x80, 0xfc, 0x80, 0xf4, 0xa0, 0xfc, 0xa0, 0xfc, 0xa0, 0xf4,
    0x80, 0xf4, 0x80, 0xfc, 0x60, 0xf4, 0x60, 0xfc, 0x20, 0xf4, 0x00, 0xf4,
    0xe0, 0xf3, 0xc0, 0xeb, 0xa0, 0xeb, 0x40, 0xe3, 0xa0, 0xe3, 0x20, 0xf4,
    0x60, 0xf4, 0x60, 0xf4, 0x60, 0xf4, 0x60, 0xf4, 0x40, 0xf4, 0x20, 0xfc,
    0xe0, 0xf3, 0xe0, 0xf3, 0xa0, 0xf3, 0x80, 0xeb, 0x40, 0xeb, 0x21, 0xeb,
    0xe0, 0xe2, 0xc0, 0xda, 0xa0, 0xda, 0x81, 0xda, 0xa0, 0xd2, 0x80, 0xd2,
    0x40, 0xca, 0xe5, 0x7a, 0xe5, 0x7a, 0x05, 0x7b, 0x25, 0x7b, 0x05, 0x7b,
    0x25, 0x83, 0x45, 0x83, 0x25, 0x7b, 0x25, 0x83, 0x25, 0x83, 0x25, 0x83,
    0x25, 0x83, 0x25, 0x7b, 0x25, 0x7b, 0x25, 0x83, 0x25, 0x83, 0x25, 0x83,
    0x25, 0x83, 0x25, 0x83, 0x46, 0x83, 0x25, 0x83, 0x25, 0x83, 0x25, 0x83,
    0x45, 0x83, 0x45, 0x83, 0x45, 0x83, 0x45, 0x83, 0x45, 0x8b, 0x66, 0x8b,
    0x65, 0x8b, 0x65, 0x8b, 0x66, 0x8b, 0x65, 0x8b, 0x85, 0x8b, 0x65, 0x8b,
    0x85, 0x93, 0xc5, 0xa3, 0xe5, 0xab, 0x24, 0xac, 0x44, 0xb4, 0x65, 0xbc,
    0x65, 0xbc, 0x65, 0xb4, 0x64, 0xbc, 0x65, 0xbc, 0x65, 0xb4, 0x65, 0xb4,
    0x83, 0xac, 0x84, 0xac, 0x84, 0xac, 0x83, 0xac, 0x84, 0xac, 0x84, 0xb4,
    0x84, 0xb4, 0x24, 0xa4, 0x61, 0x49, 0x40, 0x7a, 0x40, 0x7a, 0x40, 0x7a,
    0xa1, 0x8a, 0xc0, 0x8a, 0xc0, 0x8a, 0xc1, 0x8a, 0xc0, 0x8a, 0xc0, 0x8a,
    0xc0, 0x8a, 0xc1, 0x8a, 0xc0, 0x61, 0x80, 0x51, 0x21, 0x9b, 0x00, 0x93,
    0x00, 0x93, 0x00, 0x93, 0x20, 0x93, 0x40, 0x9b, 0xc0, 0xab, 0x61, 0x72,
    0x80, 0x51, 0x20, 0x93, 0xa0, 0xab, 0xa0, 0xa3, 0xa0, 0xab, 0x80, 0xab,
    0x80, 0xa3, 0xa0, 0xab, 0xa0, 0xa3, 0xa1, 0xab, 0xa0, 0xa3, 0xa0, 0xa3,
    0xa1, 0xab, 0x80, 0xa3, 0xa0, 0xab, 0xa0, 0xab, 0xe1, 0x82, 0x80, 0x49,
    0xc0, 0x7a, 0x21, 0xbc, 0x00, 0x93, 0xe0, 0x8a, 0xe1, 0x92, 0xe0, 0x92,
    0x00, 0x9b, 0x01, 0x62, 0x20, 0x41, 0xc0, 0x61, 0xc0, 0x61, 0xe1, 0x69,
    0xe0, 0x69, 0xe0, 0x69, 0xe0, 0x69, 0xc0, 0x69, 0xc0, 0x61, 0xc0, 0x61,
    0x00, 0x72, 0xe0, 0x71, 0x80, 0x59, 0x03, 0x83, 0x65, 0xb4, 0x65, 0xb4,
    0x65, 0xb4, 0x64, 0xb4, 0x64, 0xb4, 0x64, 0xb4, 0x64, 0xb4, 0x65, 0xb4,
    0x65, 0xb4, 0x65, 0xb4, 0x64, 0xb4, 0x65, 0xb4, 0x64, 0xb4, 0x65, 0xb4,
    0x64, 0xb4, 0x64, 0xb4, 0x64, 0xb4, 0x84, 0xb4, 0x64, 0xb4, 0x45, 0xb4,
    0x24, 0xac, 0xc4, 0x9b, 0x64, 0x93, 0x44, 0x8b, 0x45, 0x83, 0x45, 0x83,
    0x44, 0x83, 0x25, 0x83, 0x45, 0x83, 0x25, 0x83, 0x25, 0x83, 0x25, 0x83,
    0x04, 0x7b, 0xc3, 0x7a, 0xa1, 0xc2, 0xc1, 0xe2, 0xe0, 0xe2, 0xc0, 0xe2,
    0xe0, 0xe2, 0xc0, 0xe2, 0xa0, 0xda, 0xa2, 0xba, 0xc4, 0x8a, 0x05, 0x73,
    0x05, 0x7b, 0x05, 0x7b, 0x25, 0x83, 0x25, 0x83, 0x45, 0x83, 0x45, 0x83,
    0x45, 0x83, 0x45, 0x83, 0x45, 0x83, 0x45, 0x83, 0x45, 0x8b, 0x45, 0x83,
    0x45, 0x83, 0x45, 0x83, 0x45, 0x8b, 0x65, 0x8b, 0x45, 0x83, 0x45, 0x83,
    0x45, 0x83, 0x45, 0x83, 0x45, 0x83, 0x44, 0x83, 0x45, 0x83, 0x45, 0x83,
    0x45, 0x83, 0x45, 0x8b, 0x45, 0x8b, 0x25, 0x8b, 0x25, 0x83, 0x61, 0xeb,
    0x00, 0xf4, 0x40, 0xf4, 0x60, 0xf4, 0x60, 0xf4, 0x80, 0xfc, 0x60, 0xf4,
    0x40, 0xf4, 0x00, 0xf4, 0xa0, 0xf3, 0x20, 0xdb, 0xe0, 0xf3, 0x40, 0xf4,
    0x60, 0xfc, 0x80, 0xf4, 0xa0, 0xfc, 0xa0, 0xf4, 0xa0, 0xf4, 0xa0, 0xfc,
    0x80, 0xfc, 0x60, 0xf4, 0x60, 0xf4, 0x40, 0xf4, 0x20, 0xf4, 0xe0, 0xf3,
    0xc0, 0xf3, 0xa0, 0xeb, 0x20, 0xe3, 0xa0, 0xeb, 0x40, 0xf4, 0x60, 0xf4,
    0x80, 0xfc, 0x80, 0xfc, 0x80, 0xfc, 0x80, 0xfc, 0x60, 0xf4, 0x20, 0xf4,
    0x00, 0xf4, 0xc0, 0xf3, 0xa0, 0xf3, 0x80, 0xeb, 0x40, 0xeb, 0x00, 0xeb,
    0xc0, 0xe2, 0xa0, 0xe2, 0x80, 0xda, 0x80, 0xda, 0x80, 0xd2, 0x60, 0xd2,
    0x62, 0xb2, 0x05, 0x7b, 0x05, 0x7b, 0x25, 0x83, 0x25, 0x83, 0x45, 0x83,
    0x25, 0x83, 0x45, 0x83, 0x25, 0x83, 0x45, 0x83, 0x46, 0x83, 0x25, 0x83,
    0x45, 0x83, 0x25, 0x83, 0x25, 0x83, 0x25, 0x83, 0x25, 0x83, 0x45, 0x83,
    0x45, 0x8b, 0x45, 0x83, 0x45, 0x83, 0x45, 0x83, 0x45, 0x83, 0x45, 0x8b,
    0x46, 0x8b, 0x65, 0x8b, 0x65, 0x8b, 0x65, 0x8b, 0x66, 0x8b, 0x85, 0x8b,
    0xa5, 0x93, 0xc5, 0x9b, 0x05, 0xa4, 0x25, 0xac, 0x25, 0xac, 0x25, 0xac,
    0x03, 0x74, 0x03, 0x74, 0x24, 0x94, 0x45, 0xbc, 0x45, 0xbc, 0x44, 0xb4,
    0x65, 0xbc, 0x65, 0xb4, 0x65, 0xb4, 0x65, 0xbc, 0x65, 0xb4, 0x44, 0xb4,
    0x84, 0xac, 0x63, 0xac, 0x83, 0xac, 0x84, 0xac, 0x64, 0xac, 0x64, 0xac,
    0x84, 0xb4, 0x64, 0xb4, 0x02, 0x83, 0xa0, 0x59, 0x40, 0x7a, 0x40, 0x7a,
    0x20, 0x72, 0x80, 0x82, 0xc0, 0x8a, 0xc0, 0x8a, 0xc0, 0x8a, 0xc0, 0x8a,
    0xa0, 0x8a, 0xc0, 0x8a, 0xc0, 0x8a, 0x81, 0x49, 0xe0, 0x59, 0x40, 0x9b,
    0x00, 0x93, 0x01, 0x93, 0x00, 0x93, 0x20, 0x93, 0x60, 0xa3, 0xe1, 0xb3,
    0x20, 0x93, 0x60, 0x49, 0x21, 0x62, 0x01, 0x93, 0xe0, 0xb3, 0xc1, 0xab,
    0xa0, 0xab, 0xa0, 0xab, 0xc0, 0xab, 0xa0, 0xab, 0xa0, 0xab, 0xa0, 0xa3,
    0xc1, 0xab, 0xc1, 0xb3, 0xe0, 0x8a, 0xc0, 0x59, 0x80, 0x51, 0x80, 0xa3,
    0x00, 0xb4, 0xe1, 0x8a, 0xe0, 0x8a, 0xe0, 0x8a, 0xe0, 0x8a, 0xe0, 0x92,
    0x41, 0x72, 0x20, 0x39, 0x80, 0x51, 0xc0, 0x61, 0xc0, 0x61, 0xe0, 0x69,
    0xe0, 0x69, 0xc0, 0x61, 0xc0, 0x61, 0xe0, 0x61, 0xc0, 0x61, 0x01, 0x72,
    0x01, 0x72, 0xe0, 0x71, 0xc1, 0x51, 0x64, 0xac, 0x44, 0xac, 0x64, 0xb4,
    0x64, 0xb4, 0x65, 0xbc, 0x64, 0xb4, 0x65, 0xb4, 0x64, 0xbc, 0x64, 0xb4,
    0x45, 0xb4, 0x65, 0xb4, 0x64, 0xb4, 0x84, 0xbc, 0x84, 0xbc, 0x84, 0xbc,
    0x85, 0xbc, 0x84, 0xb4, 0x85, 0xbc, 0x84, 0xbc, 0x84, 0xbc, 0x84, 0xbc,
    0x64, 0xb4, 0x44, 0xb4, 0x64, 0xb4, 0x44, 0xac, 0x04, 0xa4, 0xe4, 0xa3,
    0xc5, 0x9b, 0xa5, 0x9b, 0xa4, 0x9b, 0xa4, 0x9b, 0xa5, 0x93, 0x85, 0x93,
    0x85, 0x8b, 0x64, 0x8b, 0x25, 0x7b, 0xc4, 0x7a, 0xa3, 0x92, 0xc3, 0x92,
    0xc4, 0x8a, 0x04, 0x83, 0x25, 0x7b, 0x25, 0x83, 0x45, 0x83, 0x44, 0x83,
    0x45, 0x83, 0x45, 0x83, 0x45, 0x8b, 0x45, 0x8b, 0x65, 0x83, 0x45, 0x8b,
    0x45, 0x8b, 0x45, 0x8b, 0x45, 0x83, 0x65, 0x8b, 0x45, 0x8b, 0x65, 0x8b,
    0x65, 0x8b, 0x65, 0x8b, 0x65, 0x8b, 0x65, 0x8b, 0x65, 0x8b, 0x44, 0x8b,
    0x65, 0x8b, 0x65, 0x8b, 0x45, 0x8b, 0x65, 0x8b, 0x65, 0x8b, 0x65, 0x8b,
    0x65, 0x8b, 0x45, 0x8b, 0x65, 0x8b, 0x65, 0x8b, 0x44, 0x9b, 0x40, 0xeb,
    0xc0, 0xf3, 0x00, 0xf4, 0x20, 0xf4, 0x40, 0xf4, 0x40, 0xf4, 0x40, 0xf4,
    0x20, 0xf4, 0xc0, 0xf3, 0x61, 0xe3, 0x40, 0xe3, 0x00, 0xf4, 0x60, 0xfc,
    0x80, 0xf4, 0x80, 0xfc, 0xa0, 0xfc, 0xa0, 0xfc, 0xa0, 0xf4, 0xa0, 0xfc,
    0xa0, 0xfc, 0x60, 0xf4, 0x60, 0xf4, 0x20, 0xf4, 0x00, 0xf4, 0xc0, 0xf3,
    0x81, 0xeb, 0x40, 0xe3, 0x61, 0xe3, 0x20, 0xf4, 0x60, 0xfc, 0xa0, 0xfc,
    0xc0, 0xfc, 0xa0, 0xf4, 0xa0, 0xfc, 0x80, 0xf4, 0x40, 0xf4, 0x20, 0xf4,
    0xe1, 0xf3, 0xa0, 0xf3, 0x80, 0xeb, 0x60, 0xeb, 0x20, 0xeb, 0xe0, 0xe2,
    0xc0, 0xe2, 0x80, 0xda, 0x80, 0xd2, 0x80, 0xd2, 0x60, 0xd2, 0x61, 0xc2,
    0x05, 0x7b, 0x25, 0x83, 0x25, 0x83, 0x25, 0x83, 0x45, 0x8b, 0x45, 0x83,
    0x45, 0x8b, 0x45, 0x8b, 0x45, 0x8b, 0x45, 0x83, 0x45, 0x83, 0x45, 0x83,
    0x65, 0x8b, 0x65, 0x8b, 0x45, 0x83, 0x45, 0x83, 0x66, 0x8b, 0x65, 0x8b,
    0x65, 0x8b, 0x65, 0x8b, 0x65, 0x8b, 0x65, 0x8b, 0x65, 0x8b, 0x85, 0x8b,
    0x65, 0x8b, 0xa5, 0x93, 0xc5, 0x9b, 0xe5, 0xa3, 0x24, 0xac, 0x44, 0xac,
    0x44, 0xb4, 0x64, 0xb4, 0x64, 0xb4, 0x65, 0xb4, 0x64, 0xb4, 0x23, 0x8c,
    0x22, 0x44, 0x22, 0x4c, 0x42, 0x4c, 0x22, 0x44, 0x23, 0x64, 0x24, 0x94,
    0x25, 0xb4, 0x25, 0xb4, 0x44, 0xb4, 0x45, 0xbc, 0x45, 0xb4, 0x24, 0xb4,
    0x63, 0xa4, 0xa4, 0xac, 0x84, 0xac, 0x84, 0xac, 0x63, 0xac, 0x64, 0xac,
    0x64, 0xac, 0x64, 0xac, 0x84, 0xb4, 0x21, 0x5a, 0xe0, 0x69, 0x40, 0x7a,
    0x40, 0x7a, 0x20, 0x72, 0x81, 0x82, 0xc0, 0x8a, 0xa0, 0x8a, 0xa0, 0x8a,
    0xa0, 0x8a, 0xa0, 0x8a, 0xa0, 0x8a, 0xa0, 0x82, 0x60, 0x41, 0xe0, 0x61,
    0x20, 0x9b, 0x20, 0x93, 0x00, 0x93, 0x00, 0x93, 0x00, 0x93, 0x60, 0xa3,
    0xa0, 0xab, 0x20, 0xbc, 0xc0, 0x82, 0x80, 0x51, 0xa0, 0x51, 0x80, 0x72,
    0xc1, 0x82, 0x21, 0x8b, 0x20, 0x93, 0x20, 0x93, 0x01, 0x93, 0xa0, 0x7a,
    0x20, 0x6a, 0x40, 0x41, 0xa0, 0x51, 0x00, 0x8b, 0x61, 0xc4, 0xa0, 0xab,
    0xc0, 0x8a, 0xe0, 0x8a, 0xe0, 0x8a, 0xe0, 0x92, 0xe0, 0x92, 0x80, 0x7a,
    0x00, 0x39, 0x60, 0x49, 0xe0, 0x61, 0xc0, 0x61, 0xc0, 0x61, 0xc0, 0x61,
    0xc0, 0x61, 0xc0, 0x69, 0xc1, 0x61, 0xc0, 0x61, 0xe0, 0x69, 0x00, 0x72,
    0x00, 0x72, 0x41, 0x49, 0x04, 0xa4, 0x05, 0x9c, 0xc5, 0x93, 0xc5, 0x8b,
    0xc5, 0x8b, 0xc5, 0x8b, 0xe5, 0x93, 0xe5, 0x9b, 0x05, 0x9c, 0x25, 0xac,
    0x45, 0xb4, 0x44, 0xb4, 0x65, 0xb4, 0x64, 0xb4, 0x85, 0xbc, 0x84, 0xbc,
    0x85, 0xbc, 0xa5, 0xbc, 0xa4, 0xbc, 0xa5, 0xbc, 0x85, 0xbc, 0x84, 0xbc,
    0x84, 0xbc, 0x84, 0xbc, 0x85, 0xbc, 0x85, 0xbc, 0x64, 0xb4, 0x85, 0xbc,
    0x84, 0xbc, 0x84, 0xbc, 0x84, 0xbc, 0x84, 0xbc, 0x84, 0xbc, 0xa4, 0xbc,
    0x84, 0xbc, 0x64, 0xbc, 0x64, 0xb4, 0x24, 0xb4, 0x04, 0xac, 0xe5, 0xa3,
    0xc5, 0x9b, 0xa5, 0x9b, 0xa5, 0x93, 0x85, 0x93, 0xa5, 0x93, 0x85, 0x93,
    0x85, 0x93, 0x85, 0x93, 0x84, 0x93, 0x85, 0x8b, 0x65, 0x8b, 0x65, 0x8b,
    0x65, 0x8b, 0x65, 0x8b, 0x65, 0x8b, 0x65, 0x8b, 0x65, 0x93, 0x85, 0x93,
    0x85, 0x93, 0x85, 0x93, 0x85, 0x93, 0x85, 0x93, 0x65, 0x93, 0x64, 0x8b,
    0x85, 0x93, 0x65, 0x8b, 0x65, 0x8b, 0x65, 0x93, 0x65, 0x8b, 0x85, 0x8b,
    0x65, 0x8b, 0x85, 0x8b, 0x65, 0x8b, 0x45, 0x8b, 0x24, 0x9b, 0x40, 0xeb,
    0x80, 0xeb, 0xa0, 0xeb, 0xe0, 0xf3, 0xe0, 0xf3, 0xe0, 0xf3, 0xe0, 0xf3,
    0xc0, 0xf3, 0x60, 0xeb, 0xe0, 0xd2, 0xa0, 0xeb, 0x20, 0xf4, 0x60, 0xf4,
    0x80, 0xfc, 0xa0, 0xfc, 0x80, 0xf4, 0x80, 0xf4, 0xa0, 0xfc, 0x80, 0xf4,
    0x60, 0xf4, 0x60, 0xfc, 0x40, 0xfc, 0x00, 0xf4, 0xa0, 0xf3, 0x80, 0xeb,
    0x40, 0xeb, 0x00, 0xdb, 0xe0, 0xf3, 0x40, 0xf4, 0x80, 0xfc, 0xa0, 0xf4,
    0xc0, 0xf4, 0xa0, 0xfc, 0x80, 0xfc, 0x60, 0xf4, 0x40, 0xfc, 0xe0, 0xf3,
    0xe0, 0xf3, 0xa0, 0xf3, 0x60, 0xeb, 0x20, 0xeb, 0xe0, 0xe2, 0xc0, 0xe2,
    0x80, 0xda, 0x80, 0xd2, 0x80, 0xd2, 0x61, 0xd2, 0x61, 0xc2, 0xe5, 0x7a,
    0x05, 0x7b, 0x25, 0x83, 0x46, 0x83, 0x45, 0x83, 0x45, 0x8b, 0x66, 0x8b,
    0x65, 0x8b, 0x65, 0x8b, 0x66, 0x8b, 0x65, 0x8b, 0x85, 0x93, 0x65, 0x93,
    0x65, 0x8b, 0x85, 0x93, 0x65, 0x8b, 0x86, 0x8b, 0x65, 0x8b, 0x85, 0x93,
    0x85, 0x93, 0xc5, 0x9b, 0xe5, 0xa3, 0x05, 0xac, 0x05, 0xac, 0x04, 0xac,
    0x24, 0xb4, 0x44, 0xb4, 0x44, 0xb4, 0x44, 0xb4, 0x65, 0xb4, 0x64, 0xb4,
    0x65, 0xb4, 0x65, 0xb4, 0x65, 0xb4, 0x65, 0xbc, 0x64, 0xb4, 0x44, 0x9c,
    0x42, 0x4c, 0x42, 0x4c, 0x22, 0x4c, 0x22, 0x4c, 0x22, 0x4c, 0x22, 0x44,
    0x02, 0x44, 0x23, 0x7c, 0x24, 0xb4, 0x45, 0xac, 0x45, 0xac, 0x24, 0xac,
    0x83, 0xa4, 0x84, 0xac, 0x63, 0xac, 0x64, 0xac, 0x63, 0xac, 0x64, 0xac,
    0x63, 0xac, 0x63, 0xac, 0x44, 0xac, 0x43, 0xa4, 0xa1, 0x49, 0x00, 0x6a,
    0x20, 0x7a, 0x20, 0x72, 0x20, 0x72, 0x60, 0x7a, 0xa0, 0x8a, 0xc0, 0x8a,
    0xa1, 0x82, 0xa0, 0x8a, 0x80, 0x82, 0x80, 0x82, 0x80, 0x82, 0x41, 0x41,
    0xc0, 0x59, 0x20, 0x9b, 0x20, 0x93, 0x00, 0x93, 0x01, 0x93, 0x00, 0x93,
    0x40, 0x9b, 0xa0, 0xa3, 0xe0, 0xb3, 0x40, 0xc4, 0xa0, 0xa3, 0xc0, 0x82,
    0x60, 0x72, 0xe0, 0x59, 0x80, 0x49, 0x80, 0x51, 0xc0, 0x59, 0x21, 0x6a,
    0xc0, 0x82, 0xe0, 0xab, 0x60, 0xcc, 0xa0, 0xab, 0x20, 0x93, 0xe1, 0x92,
    0xe0, 0x8a, 0xe0, 0x8a, 0xe0, 0x92, 0xe0, 0x92, 0x41, 0x72, 0x00, 0x39,
    0x60, 0x49, 0xc0, 0x61, 0xc0, 0x61, 0xc1, 0x61, 0xc0, 0x61, 0xc0, 0x61,
    0xe0, 0x69, 0xc0, 0x61, 0xc0, 0x61, 0xe0, 0x69, 0x00, 0x72, 0x20, 0x72,
    0x40, 0x49, 0x84, 0x83, 0xc4, 0x83, 0x84, 0x7b, 0xc5, 0x7b, 0xc4, 0x83,
    0xc5, 0x83, 0xc5, 0x83, 0xa5, 0x83, 0xc5, 0x83, 0xa5, 0x83, 0xc5, 0x83,
    0xc5, 0x8b, 0x05, 0x9c, 0x65, 0xb4, 0x85, 0xb4, 0xa5, 0xbc, 0x84, 0xbc,
    0x84, 0xb4, 0xa5, 0xbc, 0x84, 0xbc, 0x84, 0xbc, 0x85, 0xbc, 0x84, 0xbc,
    0x84, 0xbc, 0x84, 0xbc, 0x85, 0xbc, 0xa4, 0xbc, 0xa5, 0xc4, 0xa5, 0xbc,
    0x84, 0xbc, 0xa4, 0xbc, 0xa4, 0xbc, 0x84, 0xbc, 0xa4, 0xbc, 0x84, 0xbc,
    0xa4, 0xbc, 0x84, 0xbc, 0x84, 0xbc, 0x84, 0xbc, 0x84, 0xbc, 0x84, 0xbc,
    0x84, 0xbc, 0x64, 0xbc, 0x64, 0xbc, 0x64, 0xb4, 0x64, 0xb4, 0x44, 0xb4,
    0x44, 0xb4, 0x44, 0xb4, 0x44, 0xb4, 0x44, 0xb4, 0x44, 0xb4, 0x44, 0xb4,
    0x24, 0xb4, 0x24, 0xac, 0xe4, 0xa3, 0xe5, 0xa3, 0xc5, 0x9b, 0xa4, 0x93,
    0xa4, 0x9b, 0xa5, 0x93, 0x85, 0x93, 0xa5, 0x93, 0xa5, 0x93, 0x85, 0x93,
    0xa5, 0x93, 0x84, 0x93, 0x85, 0x93, 0x85, 0x93, 0x85, 0x93, 0x84, 0x93,
    0x85, 0x93, 0x85, 0x93, 0x85, 0x93, 0x65, 0x8b, 0x24, 0x9b, 0x00, 0xeb,
    0x40, 0xeb, 0x60, 0xeb, 0x80, 0xf3, 0xa0, 0xf3, 0xa0, 0xf3, 0xa0, 0xf3,
    0x60, 0xeb, 0x20, 0xe3, 0xa0, 0xd2, 0x80, 0xeb, 0x01, 0xf4, 0x40, 0xf4,
    0x60, 0xf4, 0x60, 0xfc, 0x60, 0xf4, 0x60, 0xfc, 0x60, 0xf4, 0x60, 0xf4,
    0x40, 0xf4, 0x21, 0xf4, 0xe0, 0xf3, 0xa0, 0xeb, 0x60, 0xeb, 0x40, 0xeb,
    0xe0, 0xe2, 0x20, 0xe3, 0xe0, 0xf3, 0x40, 0xfc, 0x80, 0xfc, 0x80, 0xfc,
    0xa0, 0xf4, 0xa0, 0xfc, 0x60, 0xfc, 0x40, 0xf4, 0x20, 0xf4, 0xc0, 0xf3,
    0xa0, 0xf3, 0x60, 0xeb, 0x20, 0xeb, 0xe0, 0xea, 0xc0, 0xe2, 0x80, 0xda,
    0x80, 0xd2, 0x60, 0xd2, 0x60, 0xd2, 0x81, 0xba, 0x05, 0x73, 0x05, 0x7b,
    0x25, 0x83, 0x25, 0x83, 0x45, 0x8b, 0x45, 0x8b, 0x65, 0x8b, 0x65, 0x8b,
    0x85, 0x93, 0x85, 0x93, 0x85, 0x93, 0x85, 0x93, 0xc5, 0x9b, 0xc5, 0x9b,
    0xe5, 0xa3, 0xe5, 0xab, 0x04, 0xac, 0x24, 0xac, 0x24, 0xac, 0x44, 0xb4,
    0x44, 0xb4, 0x44, 0xb4, 0x44, 0xb4, 0x64, 0xb4, 0x65, 0xb4, 0x64, 0xb4,
    0x64, 0xb4, 0x65, 0xbc, 0x65, 0xb4, 0x84, 0xbc, 0x85, 0xbc, 0x65, 0xbc,
    0x64, 0xb4, 0x85, 0xb4, 0x64, 0xbc, 0x65, 0xb4, 0x65, 0xb4, 0x44, 0xb4,
    0x22, 0x44, 0x22, 0x4c, 0x22, 0x4c, 0x22, 0x4c, 0x22, 0x4c, 0x22, 0x4c,
    0x02, 0x4c, 0x22, 0x4c, 0x03, 0x4c, 0x24, 0xa4, 0x24, 0xac, 0x04, 0x8c,
    0x83, 0xa4, 0x63, 0xa4, 0x83, 0xa4, 0x63, 0xa4, 0x63, 0xa4, 0x63, 0xa4,
    0x63, 0xa4, 0x44, 0xa4, 0x43, 0xa4, 0x64, 0xac, 0x24, 0xac, 0x81, 0x49,
    0x00, 0x6a, 0x20, 0x7a, 0x20, 0x72, 0x20, 0x72, 0x20, 0x7a, 0x80, 0x82,
    0xa1, 0x82, 0xa0, 0x82, 0x80, 0x82, 0x80, 0x82, 0x80, 0x82, 0x80, 0x82,
    0x60, 0x49, 0x61, 0x41, 0xe0, 0x8a, 0x00, 0x93, 0x20, 0x93, 0x00, 0x93,
    0x00, 0x93, 0x00, 0x93, 0x40, 0x9b, 0x60, 0xa3, 0xa1, 0xab, 0xc0, 0xab,
    0x20, 0xbc, 0xa0, 0xcc, 0xc0, 0xcc, 0xc1, 0xcc, 0xc0, 0xcc, 0x40, 0xbc,
    0xc0, 0xab, 0x60, 0x9b, 0xe0, 0x92, 0xe0, 0x8a, 0xe0, 0x8a, 0xe0, 0x8a,
    0xe0, 0x8a, 0xe0, 0x8a, 0x00, 0x9b, 0x01, 0x6a, 0x00, 0x39, 0x60, 0x49,
    0xe0, 0x61, 0xc0, 0x61, 0xc0, 0x61, 0xc0, 0x61, 0xc0, 0x61, 0xc0, 0x61,
    0xc0, 0x61, 0xc0, 0x61, 0xc0, 0x61, 0x00, 0x72, 0x01, 0x72, 0x41, 0x49,
    0x44, 0x73, 0xc4, 0x7b, 0xc5, 0x7b, 0xc4, 0x7b, 0xc5, 0x7b, 0xa4, 0x7b,
    0xa5, 0x7b, 0xc5, 0x7b, 0xc5, 0x7b, 0xc5, 0x83, 0xc5, 0x83, 0xc5, 0x83,
    0xc5, 0x83, 0xc5, 0x83, 0xe5, 0x8b, 0x44, 0xac, 0x84, 0xb4, 0x84, 0xbc,
    0x84, 0xb4, 0x84, 0xbc, 0xa4, 0xbc, 0xa4, 0xbc, 0x84, 0xbc, 0xa4, 0xbc,
    0xa4, 0xbc, 0xa5, 0xbc, 0xa4, 0xbc, 0xa4, 0xbc, 0xa5, 0xbc, 0xa4, 0xbc,
    0xa4, 0xc4, 0xa4, 0xbc, 0xa4, 0xc4, 0xa4, 0xbc, 0xa4, 0xbc, 0xa4, 0xbc,
    0xa4, 0xc4, 0x84, 0xbc, 0xa4, 0xbc, 0xa4, 0xbc, 0x84, 0xbc, 0x84, 0xc4,
    0xa4, 0xbc, 0x84, 0xbc, 0x84, 0xbc, 0x84, 0xbc, 0x84, 0xbc, 0x64, 0xbc,
    0x64, 0xb4, 0x64, 0xb4, 0x64, 0xb4, 0x44, 0xb4, 0x44, 0xb4, 0x44, 0xb4,
    0x64, 0xb4, 0x44, 0xb4, 0x44, 0xb4, 0x24, 0xb4, 0x44, 0xb4, 0x44, 0xb4,
    0x44, 0xb4, 0x24, 0xb4, 0x24, 0xac, 0x04, 0xac, 0xe4, 0xab, 0x04, 0xa4,
    0xe4, 0xa3, 0xe4, 0xa3, 0xe4, 0xa3, 0xc4, 0xa3, 0xc5, 0xa3, 0xa5, 0x9b,
    0x85, 0x93, 0x85, 0x93, 0x85, 0x93, 0x85, 0x8b, 0x65, 0x8b, 0xc0, 0xda,
    0x20, 0xe3, 0x40, 0xeb, 0x40, 0xeb, 0x60, 0xeb, 0x40, 0xeb, 0x40, 0xeb,
    0x00, 0xe3, 0xa0, 0xd2, 0xc0, 0xda, 0x60, 0xeb, 0xc0, 0xf3, 0xe0, 0xf3,
    0x20, 0xf4, 0x40, 0xf4, 0x40, 0xf4, 0x40, 0xf4, 0x20, 0xf4, 0x20, 0xf4,
    0x00, 0xf4, 0xc0, 0xf3, 0xa0, 0xf3, 0x80, 0xeb, 0x40, 0xeb, 0x00, 0xe3,
    0xa0, 0xda, 0x40, 0xeb, 0xc0, 0xf3, 0x00, 0xf4, 0x40, 0xf4, 0x60, 0xf4,
    0x60, 0xfc, 0x60, 0xf4, 0x40, 0xf4, 0x00, 0xf4, 0xe1, 0xf3, 0xa0, 0xf3,
    0x61, 0xeb, 0x20, 0xeb, 0x00, 0xe3, 0xc0, 0xe2, 0xa1, 0xda, 0x80, 0xd2,
    0x61, 0xd2, 0x61, 0xd2, 0x83, 0x9a, 0x05, 0x73, 0x05, 0x7b, 0x25, 0x83,
    0x25, 0x83, 0x45, 0x8b, 0x65, 0x8b, 0x65, 0x8b, 0x85, 0x8b, 0x85, 0x93,
    0x85, 0x93, 0x85, 0x93, 0xe5, 0xa3, 0x44, 0xb4, 0x64, 0xb4, 0x64, 0xbc,
    0x64, 0xb4, 0x64, 0xbc, 0x64, 0xbc, 0x64, 0xb4, 0x64, 0xb4, 0x64, 0xb4,
    0x64, 0xb4, 0x64, 0xbc, 0x64, 0xbc, 0x64, 0xbc, 0x64, 0xbc, 0x84, 0xb4,
    0x84, 0xb4, 0x84, 0xbc, 0x84, 0xb4, 0x64, 0xb4, 0x64, 0xb4, 0x65, 0xb4,
    0x64, 0xb4, 0x64, 0xbc, 0x64, 0xb4, 0x65, 0xb4, 0x65, 0xb4, 0x45, 0xb4,
    0x23, 0x64, 0x22, 0x4c, 0x22, 0x44, 0x22, 0x44, 0x22, 0x44, 0x22, 0x44,
    0x22, 0x4c, 0x22, 0x44, 0x02, 0x4c, 0xe2, 0x43, 0x03, 0x74, 0xc3, 0x3b,
    0x63, 0x9c, 0x83, 0x9c, 0x63, 0x9c, 0x63, 0x9c, 0x63, 0xa4, 0x63, 0xa4,
    0x63, 0xa4, 0x43, 0xa4, 0x43, 0xa4, 0x44, 0xac, 0x23, 0xa4, 0x43, 0xa4,
    0x81, 0x49, 0xe0, 0x69, 0x21, 0x7a, 0x20, 0x72, 0x20, 0x72, 0x20, 0x72,
    0x20, 0x72, 0x40, 0x7a, 0x80, 0x82, 0x60, 0x7a, 0x61, 0x7a, 0x60, 0x7a,
    0x60, 0x82, 0x80, 0x51, 0x21, 0x39, 0x20, 0x6a, 0x00, 0x93, 0x00, 0x93,
    0x00, 0x93, 0x00, 0x93, 0x20, 0x93, 0x20, 0x93, 0x20, 0x93, 0x20, 0x9b,
    0x00, 0x93, 0x00, 0x93, 0xe0, 0x92, 0x00, 0x93, 0xe0, 0x8a, 0xe0, 0x8a,
    0xe0, 0x92, 0xe0, 0x92, 0xe0, 0x8a, 0xe0, 0x8a, 0xe0, 0x8a, 0xe0, 0x8a,
    0xc0, 0x92, 0xc1, 0x8a, 0xa0, 0x51, 0x20, 0x39, 0x80, 0x51, 0xe0, 0x69,
    0xc1, 0x61, 0xc0, 0x61, 0xc0, 0x61, 0xc0, 0x61, 0xe0, 0x69, 0xc0, 0x61,
    0xc0, 0x61, 0xc1, 0x61, 0xe0, 0x71, 0xe1, 0x71, 0x21, 0x41, 0x44, 0x6b,
    0xe4, 0x73, 0xc5, 0x7b, 0xc5, 0x7b, 0xc4, 0x73, 0xc4, 0x7b, 0xc5, 0x7b,
    0xc5, 0x7b, 0xc4, 0x7b, 0xc5, 0x7b, 0xc5, 0x83, 0xc4, 0x83, 0xc5, 0x83,
    0xc4, 0x83, 0xe5, 0x83, 0xe5, 0x8b, 0xe5, 0x93, 0x64, 0xb4, 0x84, 0xb4,
    0x85, 0xbc, 0xa5, 0xb4, 0x85, 0xbc, 0x84, 0xb4, 0xa5, 0xbc, 0xa5, 0xbc,
    0x84, 0xbc, 0xa4, 0xbc, 0xa5, 0xbc, 0xa4, 0xbc, 0xa4, 0xbc, 0xa4, 0xbc,
    0xa5, 0xbc, 0xa5, 0xc4, 0xa4, 0xbc, 0xa5, 0xc4, 0xa4, 0xbc, 0xa4, 0xbc,
    0xa5, 0xbc, 0xa4, 0xbc, 0xa4, 0xc4, 0xa5, 0xc4, 0xa4, 0xc4, 0xa4, 0xc4,
    0xa5, 0xc4, 0xa4, 0xbc, 0x84, 0xbc, 0x84, 0xbc, 0x84, 0xbc, 0x84, 0xbc,
    0x64, 0xbc, 0x84, 0xbc, 0x64, 0xbc, 0x64, 0xbc, 0x64, 0xb4, 0x64, 0xbc,
    0x64, 0xb4, 0x64, 0xb4, 0x64, 0xb4, 0x44, 0xb4, 0x44, 0xb4, 0x64, 0xb4,
    0x44, 0xb4, 0x44, 0xb4, 0x44, 0xb4, 0x44, 0xb4, 0x44, 0xb4, 0x44, 0xb4,
    0x44, 0xb4, 0x44, 0xb4, 0x44, 0xb4, 0x44, 0xb4, 0x44, 0xb4, 0x44, 0xb4,
    0xe4, 0xa3, 0xa5, 0x9b, 0xa5, 0x93, 0xa5, 0x93, 0x65, 0x8b, 0xe3, 0x9a,
    0xc0, 0xe2, 0x00, 0xe3, 0x00, 0xe3, 0x21, 0xe3, 0x00, 0xe3, 0xe0, 0xe2,
    0xc0, 0xda, 0x60, 0xca, 0xc1, 0xda, 0x40, 0xe3, 0x80, 0xeb, 0xa0, 0xf3,
    0xc0, 0xf3, 0xe0, 0xf3, 0xe0, 0xf3, 0xe0, 0xf3, 0xe0, 0xf3, 0xc0, 0xf3,
    0xa0, 0xf3, 0x80, 0xf3, 0x60, 0xeb, 0x20, 0xeb, 0x01, 0xe3, 0xe0, 0xda,
    0x80, 0xd2, 0x41, 0xeb, 0xa0, 0xeb, 0xe0, 0xf3, 0x20, 0xfc, 0x20, 0xf4,
    0x20, 0xf4, 0x20, 0xf4, 0x00, 0xf4, 0xe0, 0xf3, 0xa0, 0xf3, 0x60, 0xeb,
    0x20, 0xeb, 0x00, 0xe3, 0xc0, 0xe2, 0x80, 0xda, 0x80, 0xda, 0x80, 0xd2,
    0x41, 0xba, 0xc4, 0x72, 0x05, 0x73, 0xe5, 0x7a, 0x45, 0x83, 0x45, 0x83,
    0x45, 0x8b, 0x65, 0x8b, 0x85, 0x8b, 0x85, 0x93, 0x85, 0x93, 0x85, 0x93,
    0xa5, 0x9b, 0x24, 0xac, 0x64, 0xb4, 0x84, 0xbc, 0x84, 0xbc, 0x84, 0xbc,
    0x64, 0xbc, 0x64, 0xbc, 0x84, 0xbc, 0x84, 0xbc, 0x65, 0xbc, 0x84, 0xbc,
    0x65, 0xbc, 0x64, 0xbc, 0x65, 0xb4, 0x64, 0xbc, 0x85, 0xbc, 0x85, 0xbc,
    0x64, 0xb4, 0x64, 0xb4, 0x64, 0xb4, 0x64, 0xb4, 0x65, 0xbc, 0x65, 0xb4,
    0x64, 0xb4, 0x65, 0xb4, 0x65, 0xb4, 0x44, 0xb4, 0x45, 0xb4, 0x44, 0xb4,
    0x24, 0x94, 0x22, 0x44, 0x22, 0x44, 0x02, 0x44, 0x02, 0x44, 0x22, 0x44,
    0x02, 0x44, 0x22, 0x44, 0x02, 0x44, 0x02, 0x4c, 0xe2, 0x3b, 0xe3, 0x3b,
    0x62, 0x8c, 0x82, 0x94, 0x63, 0x94, 0x63, 0x9c, 0x63, 0x9c, 0x43, 0xa4,
    0x43, 0xa4, 0x43, 0xa4, 0x64, 0xa4, 0x43, 0x9c, 0x03, 0x8c, 0x03, 0x84,
    0x03, 0x84, 0x81, 0x41, 0xe0, 0x69, 0x21, 0x72, 0x00, 0x72, 0x20, 0x7a,
    0x20, 0x72, 0x20, 0x72, 0x20, 0x7a, 0x40, 0x7a, 0x60, 0x7a, 0x60, 0x7a,
    0x40, 0x7a, 0x80, 0x82, 0xe0, 0x61, 0x40, 0x41, 0x21, 0x39, 0x81, 0x7a,
    0x20, 0x93, 0x00, 0x93, 0x01, 0x93, 0x00, 0x93, 0x00, 0x93, 0x00, 0x93,
    0x00, 0x93, 0x00, 0x93, 0x00, 0x93, 0x00, 0x93, 0xe0, 0x92, 0x00, 0x93,
    0xe0, 0x8a, 0xe0, 0x92, 0xe1, 0x8a, 0xe0, 0x8a, 0xe1, 0x92, 0xe0, 0x92,
    0x41, 0x72, 0x21, 0x39, 0x40, 0x41, 0xa0, 0x59, 0xe0, 0x61, 0xe0, 0x61,
    0xc0, 0x69, 0xe0, 0x61, 0xc0, 0x69, 0xe0, 0x69, 0xe0, 0x69, 0xc0, 0x69,
    0xc0, 0x69, 0xe0, 0x69, 0xc0, 0x69, 0x41, 0x39, 0x84, 0x6b, 0xe4, 0x6b,
    0xc5, 0x73, 0xc4, 0x73, 0xc4, 0x73, 0xc4, 0x73, 0xc4, 0x73, 0xc5, 0x73,
    0xc5, 0x73, 0xc4, 0x7b, 0xc4, 0x7b, 0xc5, 0x7b, 0xc4, 0x7b, 0xe5, 0x83,
    0xe5, 0x83, 0xc4, 0x83, 0xe5, 0x83, 0xe5, 0x83, 0x24, 0x9c, 0x84, 0xb4,
    0x84, 0xb4, 0xa4, 0xb4, 0x84, 0xbc, 0xa5, 0xbc, 0xa4, 0xbc, 0x84, 0xb4,
    0xa4, 0xbc, 0xa4, 0xbc, 0xa4, 0xbc, 0xa4, 0xbc, 0xa5, 0xbc, 0xa4, 0xbc,
    0xa4, 0xbc, 0xa4, 0xbc, 0xa5, 0xbc, 0xa4, 0xbc, 0xa4, 0xbc, 0xa4, 0xbc,
    0xa5, 0xbc, 0xa4, 0xc4, 0xa4, 0xbc, 0xa4, 0xbc, 0xa4, 0xbc, 0xa4, 0xbc,
    0xa5, 0xbc, 0xa4, 0xbc, 0xa5, 0xc4, 0xa4, 0xbc, 0xa4, 0xbc, 0x84, 0xbc,
    0x84, 0xbc, 0x84, 0xbc, 0x84, 0xbc, 0x84, 0xbc, 0x84, 0xbc, 0x64, 0xb4,
    0x64, 0xb4, 0x84, 0xbc, 0x64, 0xb4, 0x64, 0xb4, 0x64, 0xbc, 0x64, 0xb4,
    0x64, 0xbc, 0x65, 0xbc, 0x64, 0xb4, 0x64, 0xb4, 0x64, 0xb4, 0x64, 0xb4,
    0x45, 0xbc, 0x65, 0xbc, 0x65, 0xb4, 0x44, 0xb4, 0x44, 0xb4, 0x44, 0xb4,
    0x44, 0xb4, 0x24, 0xb4, 0x04, 0xa4, 0xc5, 0x9b, 0xa5, 0x9b, 0x65, 0x83,
    0xc2, 0x92, 0xc0, 0xe2, 0xe0, 0xe2, 0xe0, 0xe2, 0xc0, 0xe2, 0x80, 0xda,
    0x60, 0xd2, 0x21, 0xba, 0x80, 0xd2, 0x01, 0xe3, 0x40, 0xeb, 0x60, 0xeb,
    0x80, 0xeb, 0x80, 0xeb, 0x80, 0xeb, 0x80, 0xeb, 0x60, 0xeb, 0x60, 0xeb,
    0x40, 0xeb, 0x20, 0xeb, 0x00, 0xe3, 0x00, 0xe3, 0xc0, 0xda, 0xa0, 0xda,
    0x60, 0xc2, 0x01, 0xe3, 0x60, 0xeb, 0xa0, 0xf3, 0xa1, 0xf3, 0xa0, 0xf3,
    0xc0, 0xf3, 0xc1, 0xf3, 0xa0, 0xf3, 0x80, 0xeb, 0x40, 0xeb, 0x20, 0xeb,
    0xe0, 0xe2, 0xc0, 0xe2, 0x80, 0xda, 0x80, 0xda, 0x41, 0xca, 0x83, 0x8a,
    0xc4, 0x72, 0xe4, 0x7a, 0xe4, 0x7a, 0x25, 0x83, 0x44, 0x83, 0x65, 0x8b,
    0x65, 0x8b, 0x85, 0x8b, 0x85, 0x93, 0x85, 0x93, 0xa5, 0x9b, 0x45, 0xac,
    0x64, 0xb4, 0x84, 0xbc, 0x84, 0xbc, 0x84, 0xbc, 0x84, 0xbc, 0x85, 0xbc,
    0x84, 0xbc, 0xa5, 0xbc, 0x84, 0xbc, 0x85, 0xbc, 0xa4, 0xbc, 0x84, 0xbc,
    0x84, 0xbc, 0x84, 0xbc, 0x85, 0xbc, 0x84, 0xbc, 0x84, 0xb4, 0x65, 0xbc,
    0x65, 0xbc, 0x64, 0xac, 0x64, 0xa4, 0x64, 0xac, 0x64, 0xac, 0x64, 0xb4,
    0x45, 0xbc, 0x65, 0xbc, 0x44, 0xb4, 0x65, 0xb4, 0x45, 0xb4, 0x45, 0xb4,
    0x45, 0xb4, 0x03, 0x54, 0x02, 0x44, 0x02, 0x44, 0x02, 0x44, 0x02, 0x44,
    0x02, 0x44, 0x02, 0x44, 0xe2, 0x43, 0x02, 0x44, 0x02, 0x44, 0xe2, 0x3b,
    0x62, 0x8c, 0x82, 0x8c, 0x82, 0x94, 0x62, 0x9c, 0x83, 0x9c, 0x63, 0x9c,
    0x63, 0x9c, 0x63, 0x9c, 0x03, 0x74, 0x03, 0x6c, 0xe3, 0x6b, 0xc3, 0x6b,
    0xa4, 0x6b, 0x63, 0x52, 0x40, 0x49, 0x80, 0x51, 0x00, 0x72, 0x00, 0x72,
    0x00, 0x72, 0x20, 0x72, 0x20, 0x72, 0x20, 0x72, 0x20, 0x7a, 0x40, 0x7a,
    0x41, 0x7a, 0x40, 0x7a, 0x40, 0x72, 0x40, 0x7a, 0xc0, 0x59, 0x41, 0x41,
    0x20, 0x39, 0x00, 0x6a, 0xc0, 0x8a, 0x00, 0x93, 0x21, 0x9b, 0x00, 0x93,
    0x00, 0x93, 0x00, 0x93, 0x00, 0x8b, 0xe0, 0x92, 0xe0, 0x8a, 0xe0, 0x8a,
    0xe0, 0x8a, 0xe0, 0x8a, 0xe0, 0x92, 0xc0, 0x8a, 0x20, 0x6a, 0x00, 0x39,
    0x20, 0x39, 0x80, 0x51, 0xe0, 0x69, 0xc0, 0x61, 0xe0, 0x69, 0xe0, 0x61,
    0xe0, 0x69, 0xe0, 0x69, 0xe0, 0x69, 0xe0, 0x69, 0xe1, 0x69, 0xe0, 0x69,
    0xc0, 0x69, 0xa0, 0x59, 0x01, 0x39, 0x64, 0x63, 0xc5, 0x73, 0xc4, 0x6b,
    0xc5, 0x73, 0xe5, 0x73, 0xc4, 0x73, 0xc5, 0x73, 0xc4, 0x73, 0xc4, 0x73,
    0xc4, 0x73, 0xe5, 0x7b, 0xe4, 0x7b, 0xe4, 0x7b, 0xe4, 0x7b, 0xe5, 0x83,
    0xe5, 0x83, 0xe4, 0x83, 0xe5, 0x83, 0x05, 0x8c, 0x24, 0x94, 0x64, 0xac,
    0x84, 0xb4, 0x84, 0xb4, 0xa4, 0xb4, 0xa4, 0xbc, 0xa4, 0xb4, 0xa4, 0xbc,
    0xa4, 0xbc, 0x84, 0xb4, 0xa4, 0xbc, 0xa4, 0xbc, 0xa4, 0xbc, 0xa4, 0xbc,
    0xa4, 0xbc, 0xa4, 0xbc, 0xa4, 0xbc, 0xc5, 0xbc, 0xa4, 0xbc, 0xa4, 0xbc,
    0xa4, 0xbc, 0xa4, 0xbc, 0xa4, 0xbc, 0xa4, 0xbc, 0xa5, 0xbc, 0xa4, 0xbc,
    0xa4, 0xbc, 0xa4, 0xbc, 0xa4, 0xbc, 0xa4, 0xc4, 0xa4, 0xbc, 0xa4, 0xbc,
    0x84, 0xbc, 0xa4, 0xbc, 0xa4, 0xbc, 0x84, 0xbc, 0x84, 0xbc, 0x84, 0xbc,
    0x84, 0xbc, 0x64, 0xbc, 0x64, 0xbc, 0x64, 0xb4, 0x64, 0xbc, 0x44, 0xb4,
    0x64, 0xb4, 0x64, 0xbc, 0x64, 0xbc, 0x65, 0xbc, 0x64, 0xbc, 0x64, 0xbc,
    0x64, 0xb4, 0x64, 0xb4, 0x64, 0xbc, 0x64, 0xbc, 0x65, 0xbc, 0x44, 0xb4,
    0x45, 0xbc, 0x44, 0xb4, 0x44, 0xb4, 0x24, 0xb4, 0x24, 0xac, 0xe4, 0xab,
    0x84, 0x9b, 0xc4, 0x72, 0xa2, 0x9a, 0xa2, 0xaa, 0xa3, 0x92, 0xc4, 0x7a,
    0xc4, 0x6a, 0xc4, 0x6a, 0x62, 0x9a, 0xe0, 0xe2, 0x00, 0xe3, 0x21, 0xeb,
    0x20, 0xeb, 0x20, 0xe3, 0x20, 0xeb, 0x20, 0xeb, 0x21, 0xe3, 0x20, 0xe3,
    0x00, 0xe3, 0xe1, 0xe2, 0xc0, 0xda, 0xe1, 0xda, 0xc0, 0xda, 0x61, 0xca,
    0x41, 0xa2, 0xe0, 0xe2, 0x00, 0xe3, 0x40, 0xeb, 0x40, 0xeb, 0x60, 0xeb,
    0x60, 0xeb, 0x60, 0xeb, 0x40, 0xeb, 0x20, 0xeb, 0x00, 0xeb, 0xe0, 0xe2,
    0xa0, 0xe2, 0x80, 0xda, 0xa1, 0xda, 0x62, 0xb2, 0xc4, 0x6a, 0xe4, 0x72,
    0x05, 0x7b, 0x24, 0x83, 0x45, 0x83, 0x65, 0x8b, 0x65, 0x8b, 0x85, 0x93,
    0x85, 0x93, 0xa5, 0x93, 0xc4, 0x9b, 0x24, 0xac, 0x64, 0xb4, 0x64, 0xbc,
    0x84, 0xbc, 0x84, 0xbc, 0x84, 0xbc, 0x84, 0xbc, 0xa4, 0xbc, 0xa4, 0xbc,
    0xa5, 0xc4, 0xa4, 0xbc, 0xa5, 0xbc, 0xa4, 0xbc, 0xa4, 0xbc, 0xa4, 0xbc,
    0xa4, 0xbc, 0x84, 0xbc, 0x85, 0xbc, 0x84, 0xbc, 0x84, 0xbc, 0x63, 0x8c,
    0x61, 0x5c, 0x61, 0x5c, 0x62, 0x5c, 0x81, 0x5c, 0x61, 0x5c, 0x62, 0x54,
    0x82, 0x54, 0x62, 0x64, 0x43, 0x7c, 0x24, 0x9c, 0x24, 0xac, 0x24, 0xac,
    0x44, 0xac, 0x24, 0x9c, 0xe2, 0x3b, 0x03, 0x44, 0xe2, 0x43, 0xe2, 0x43,
    0xe2, 0x43, 0xe2, 0x43, 0xe2, 0x43, 0xe2, 0x3b, 0xe2, 0x3b, 0xc3, 0x3b,
    0x62, 0x84, 0x82, 0x8c, 0x82, 0x94, 0x82, 0x94, 0x62, 0x94, 0x82, 0x94,
    0x82, 0x8c, 0x02, 0x6c, 0x23, 0x6c, 0x03, 0x6c, 0xc3, 0x63, 0xc3, 0x63,
    0xc4, 0x6b, 0xe2, 0x5a, 0x80, 0x61, 0xc0, 0x61, 0x40, 0x41, 0xc1, 0x61,
    0x00, 0x72, 0x00, 0x72, 0x00, 0x72, 0x21, 0x72, 0x20, 0x72, 0x40, 0x72,
    0x40, 0x72, 0x40, 0x72, 0x20, 0x72, 0x40, 0x7a, 0x20, 0x7a, 0x20, 0x72,
    0x20, 0x39, 0x60, 0x41, 0x20, 0x39, 0x00, 0x31, 0x60, 0x49, 0x21, 0x6a,
    0x80, 0x82, 0xc0, 0x8a, 0xc0, 0x8a, 0xc1, 0x8a, 0xc1, 0x8a, 0xa1, 0x82,
    0x60, 0x7a, 0x01, 0x62, 0x40, 0x41, 0x00, 0x31, 0x41, 0x41, 0x40, 0x49,
    0x40, 0x49, 0xc0, 0x61, 0xc0, 0x61, 0xe0, 0x61, 0xe0, 0x69, 0xc0, 0x69,
    0xe0, 0x69, 0xe0, 0x61, 0xe0, 0x69, 0xe0, 0x69, 0xe0, 0x69, 0xc0, 0x61,
    0x20, 0x41, 0x81, 0x59, 0x80, 0x59, 0xa5, 0x63, 0xc4, 0x6b, 0xc4, 0x6b,
    0xc4, 0x6b, 0xc4, 0x73, 0xc5, 0x73, 0xc4, 0x73, 0xc5, 0x73, 0xc4, 0x73,
    0xe5, 0x73, 0xe4, 0x73, 0xe5, 0x73, 0xe5, 0x7b, 0x04, 0x7c, 0xe4, 0x7b,
    0xe4, 0x7b, 0x04, 0x84, 0x04, 0x84, 0xe4, 0x83, 0x44, 0x94, 0x84, 0xac,
    0x84, 0xb4, 0xa4, 0xb4, 0xa4, 0xb4, 0xa4, 0xb4, 0xa4, 0xb4, 0xa4, 0xb4,
    0xa4, 0xb4, 0xa4, 0xb4, 0xa4, 0xb4, 0xa4, 0xbc, 0xa4, 0xb4, 0xa4, 0xbc,
    0xa4, 0xbc, 0xa4, 0xbc, 0xa4, 0xbc, 0xa4, 0xbc, 0x84, 0xbc, 0xa4, 0xbc,
    0xa4, 0xbc, 0xc4, 0xbc, 0xa4, 0xbc, 0xa5, 0xc4, 0xa4, 0xbc, 0xa4, 0xbc,
    0xa4, 0xbc, 0xa5, 0xc4, 0xa4, 0xbc, 0xa4, 0xc4, 0xa4, 0xbc, 0xa4, 0xbc,
    0xa4, 0xc4, 0xa4, 0xbc, 0xa4, 0xbc, 0xa4, 0xbc, 0xa4, 0xbc, 0x84, 0xbc,
    0x84, 0xbc, 0x84, 0xbc, 0x85, 0xbc, 0x85, 0xbc, 0x84, 0xbc, 0x85, 0xbc,
    0x85, 0xbc, 0x84, 0xbc, 0x85, 0xbc, 0x84, 0xbc, 0x65, 0xbc, 0x64, 0xbc,
    0x64, 0xbc, 0x64, 0xb4, 0x64, 0xbc, 0x65, 0xbc, 0x64, 0xbc, 0x64, 0xbc,
    0x64, 0xbc, 0x65, 0xbc, 0x64, 0xbc, 0x64, 0xb4, 0x44, 0xb4, 0x44, 0xb4,
    0x45, 0xb4, 0x25, 0xb4, 0xa4, 0x9b, 0x64, 0x93, 0x44, 0x93, 0x44, 0x93,
    0x44, 0x8b, 0x24, 0x83, 0xc4, 0x72, 0x82, 0xaa, 0xa1, 0xe2, 0xc0, 0xe2,
    0xe0, 0xe2, 0xe0, 0xe2, 0xc0, 0xe2, 0xc0, 0xe2, 0xe1, 0xe2, 0xc0, 0xe2,
    0xc0, 0xe2, 0xa0, 0xd2, 0x81, 0xc2, 0x82, 0xa2, 0x83, 0x7a, 0xa4, 0x6a,
    0x84, 0x6a, 0xa0, 0xca, 0xe0, 0xda, 0xe0, 0xe2, 0x00, 0xeb, 0x20, 0xeb,
    0x00, 0xeb, 0x20, 0xeb, 0x00, 0xe3, 0xe0, 0xe2, 0xc1, 0xe2, 0xa0, 0xda,
    0x80, 0xda, 0x61, 0xca, 0xa3, 0x8a, 0xe4, 0x72, 0xe4, 0x7a, 0x04, 0x7b,
    0x25, 0x83, 0x65, 0x8b, 0x65, 0x8b, 0x85, 0x8b, 0xa5, 0x93, 0xc4, 0x9b,
    0x44, 0xac, 0x64, 0xbc, 0x64, 0xb4, 0x64, 0xbc, 0x84, 0xbc, 0x64, 0xbc,
    0x84, 0xbc, 0x84, 0xbc, 0x84, 0xbc, 0xa5, 0xbc, 0x84, 0xbc, 0xa4, 0xbc,
    0xa5, 0xc4, 0xa5, 0xc4, 0xa4, 0xc4, 0xa5, 0xc4, 0xa5, 0xc4, 0xa5, 0xbc,
    0xa5, 0xbc, 0x84, 0xbc, 0xa5, 0xbc, 0x85, 0xbc, 0x63, 0x8c, 0x41, 0x5c,
    0x62, 0x64, 0x62, 0x5c, 0x82, 0x5c, 0x82, 0x5c, 0x62, 0x5c, 0x81, 0x5c,
    0x82, 0x5c, 0x62, 0x5c, 0x62, 0x54, 0x42, 0x54, 0x22, 0x4c, 0x23, 0x74,
    0x24, 0x9c, 0x24, 0xa4, 0x03, 0x7c, 0xe2, 0x3b, 0x02, 0x44, 0xe2, 0x3b,
    0xe3, 0x3b, 0xe2, 0x3b, 0xe3, 0x3b, 0xe2, 0x3b, 0xc2, 0x3b, 0xc2, 0x3b,
    0x82, 0x84, 0x82, 0x8c, 0x82, 0x94, 0x83, 0x94, 0x82, 0x8c, 0x82, 0x8c,
    0x62, 0x84, 0x03, 0x6c, 0x03, 0x6c, 0xe3, 0x6b, 0xe3, 0x63, 0xc3, 0x63,
    0xc4, 0x6b, 0xc4, 0x6b, 0x40, 0x49, 0x00, 0x72, 0x00, 0x72, 0x80, 0x51,
    0x20, 0x41, 0xc0, 0x61, 0x00, 0x72, 0x00, 0x6a, 0x00, 0x72, 0x20, 0x72,
    0x40, 0x7a, 0x20, 0x7a, 0x40, 0x72, 0x20, 0x72, 0x20, 0x72, 0x21, 0x72,
    0x00, 0x39, 0x20, 0x72, 0x21, 0x72, 0xc0, 0x61, 0x80, 0x51, 0x40, 0x49,
    0x20, 0x41, 0x20, 0x39, 0x20, 0x39, 0x20, 0x39, 0x20, 0x39, 0x20, 0x39,
    0x40, 0x41, 0x60, 0x49, 0xa0, 0x59, 0xc0, 0x61, 0xc0, 0x61, 0x80, 0x51,
    0x41, 0x41, 0xc0, 0x69, 0xe0, 0x69, 0xe0, 0x69, 0xe1, 0x69, 0xe0, 0x69,
    0xc0, 0x61, 0xe0, 0x69, 0xc0, 0x69, 0xe0, 0x69, 0x61, 0x49, 0x20, 0x41,
    0xc0, 0x69, 0xe0, 0x71, 0x60, 0x51, 0xa4, 0x6b, 0xc4, 0x6b, 0xc4, 0x6b,
    0xc4, 0x6b, 0xc4, 0x6b, 0xe4, 0x6b, 0xe4, 0x6b, 0xe4, 0x73, 0xe4, 0x73,
    0xe4, 0x73, 0x04, 0x74, 0xe4, 0x73, 0x04, 0x74, 0x04, 0x7c, 0x04, 0x7c,
    0x04, 0x7c, 0x04, 0x7c, 0x04, 0x7c, 0x44, 0x8c, 0x84, 0x9c, 0x63, 0x9c,
    0x83, 0xa4, 0xa3, 0xac, 0xa3, 0xac, 0xa4, 0xac, 0x83, 0xac, 0xa4, 0xb4,
    0x84, 0xac, 0xa4, 0xac, 0xa4, 0xb4, 0xa4, 0xac, 0xa4, 0xb4, 0xa4, 0xb4,
    0xa4, 0xb4, 0xc4, 0xb4, 0xa4, 0xbc, 0xa4, 0xbc, 0xa4, 0xbc, 0xa4, 0xbc,
    0xc5, 0xbc, 0xa4, 0xbc, 0xc4, 0xbc, 0xc4, 0xbc, 0xa4, 0xbc, 0xc4, 0xc4,
    0xc4, 0xbc, 0xa4, 0xbc, 0xc4, 0xbc, 0xa4, 0xbc, 0xa5, 0xc4, 0xc5, 0xc4,
    0xa4, 0xbc, 0xa5, 0xbc, 0xa4, 0xbc, 0xa5, 0xbc, 0xa4, 0xbc, 0xa4, 0xbc,
    0xa5, 0xbc, 0x84, 0xbc, 0xa4, 0xbc, 0xa4, 0xbc, 0xa4, 0xbc, 0xa4, 0xbc,
    0xa5, 0xbc, 0x84, 0xbc, 0x84, 0xbc, 0x85, 0xbc, 0xa5, 0xbc, 0x84, 0xbc,
    0x84, 0xbc, 0x84, 0xbc, 0x85, 0xbc, 0x64, 0xbc, 0x84, 0xbc, 0x84, 0xbc,
    0x85, 0xbc, 0x64, 0xbc, 0x85, 0xbc, 0x64, 0xbc, 0x64, 0xbc, 0x84, 0xbc,
    0x64, 0xbc, 0x64, 0xbc, 0x64, 0xbc, 0x64, 0xbc, 0x44, 0xbc, 0x24, 0xb4,
    0x24, 0xac, 0xc4, 0xa3, 0x64, 0x9b, 0x04, 0x83, 0xc4, 0x7a, 0xa3, 0x8a,
    0x82, 0xb2, 0x81, 0xba, 0x82, 0xb2, 0x82, 0xa2, 0xa2, 0x92, 0xc4, 0x7a,
    0xc4, 0x72, 0xe4, 0x6a, 0xe4, 0x72, 0xe4, 0x72, 0x04, 0x7b, 0xe4, 0x7a,
    0xa4, 0x72, 0x62, 0x72, 0x81, 0xda, 0xe1, 0xe2, 0xe1, 0xda, 0xe0, 0xe2,
    0xe1, 0xe2, 0xe0, 0xe2, 0xc0, 0xe2, 0xc0, 0xda, 0xa0, 0xda, 0x81, 0xd2,
    0xa2, 0x92, 0xe4, 0x72, 0x04, 0x83, 0x24, 0x83, 0x44, 0x8b, 0x44, 0x8b,
    0xa5, 0x93, 0xe4, 0xa3, 0x24, 0xac, 0x64, 0xb4, 0x64, 0xb4, 0x64, 0xbc,
    0x64, 0xb4, 0x84, 0xbc, 0x84, 0xbc, 0x84, 0xbc, 0x84, 0xbc, 0x64, 0xbc,
    0x84, 0xbc, 0x84, 0xbc, 0x84, 0xbc, 0xa4, 0xbc, 0xa4, 0xbc, 0x84, 0xbc,
    0xa4, 0xbc, 0xa4, 0xbc, 0xa4, 0xbc, 0xa5, 0xbc, 0x84, 0xbc, 0x84, 0xbc,
    0x84, 0xbc, 0x85, 0xbc, 0x84, 0xbc, 0x85, 0xbc, 0x84, 0xbc, 0x64, 0xa4,
    0x42, 0x64, 0x62, 0x5c, 0x62, 0x5c, 0x62, 0x5c, 0x62, 0x5c, 0x62, 0x5c,
    0x62, 0x5c, 0x61, 0x54, 0x42, 0x54, 0x42, 0x54, 0x42, 0x54, 0x22, 0x4c,
    0x22, 0x4c, 0x03, 0x7c, 0x24, 0xa4, 0xe3, 0x63, 0x03, 0x3c, 0xe3, 0x43,
    0xe3, 0x43, 0xc2, 0x3b, 0xe3, 0x3b, 0xc2, 0x43, 0xc3, 0x3b, 0xc3, 0x3b,
    0x82, 0x8c, 0x82, 0x8c, 0x82, 0x8c, 0x82, 0x8c, 0x82, 0x8c, 0x62, 0x8c,
    0x62, 0x84, 0x03, 0x6c, 0xe3, 0x63, 0xe3, 0x6b, 0xe3, 0x63, 0xc3, 0x63,
    0xc4, 0x63, 0xc4, 0x63, 0x02, 0x4a, 0xe0, 0x71, 0x00, 0x72, 0xe0, 0x69,
    0xe0, 0x69, 0x60, 0x51, 0x20, 0x41, 0x80, 0x59, 0x00, 0x72, 0x01, 0x72,
    0xe0, 0x69, 0x00, 0x6a, 0x00, 0x72, 0x20, 0x72, 0x20, 0x72, 0x20, 0x72,
    0x00, 0x39, 0x20, 0x72, 0x01, 0x72, 0x00, 0x6a, 0x00, 0x6a, 0x00, 0x6a,
    0xe0, 0x69, 0x00, 0x6a, 0xe0, 0x69, 0xe0, 0x61, 0xe0, 0x69, 0xc0, 0x61,
    0xc0, 0x61, 0xc0, 0x61, 0xc0, 0x61, 0xc0, 0x61, 0xc0, 0x61, 0x80, 0x51,
    0x40, 0x41, 0xc0, 0x69, 0xe0, 0x69, 0xe0, 0x69, 0xe0, 0x69, 0xc0, 0x61,
    0xe0, 0x69, 0xc1, 0x69, 0x80, 0x51, 0x20, 0x39, 0xa0, 0x59, 0xe0, 0x71,
    0xe0, 0x71, 0x00, 0x72, 0x61, 0x49, 0xc5, 0x6b, 0xc4, 0x6b, 0xc4, 0x6b,
    0xc4, 0x6b, 0xe4, 0x6b, 0xc4, 0x6b, 0xe4, 0x6b, 0xe4, 0x73, 0xe4, 0x73,
    0xe4, 0x73, 0xe4, 0x73, 0xe4, 0x73, 0x04, 0x74, 0x04, 0x74, 0x04, 0x7c,
    0x04, 0x7c, 0x04, 0x7c, 0x24, 0x84, 0x63, 0x94, 0xa3, 0x94, 0xa2, 0x9c,
    0xa3, 0x9c, 0xa3, 0x9c, 0xa3, 0x9c, 0x83, 0xa4, 0xa3, 0xa4, 0xa3, 0xac,
    0xa3, 0xa4, 0xa3, 0xa4, 0xa2, 0x9c, 0xa3, 0xa4, 0xc3, 0xac, 0xa3, 0xac,
    0xa3, 0xac, 0xc4, 0xb4, 0xc4, 0xb4, 0xc4, 0xb4, 0xa4, 0xb4, 0xa4, 0xb4,
    0xa4, 0xbc, 0xa4, 0xbc, 0xa4, 0xbc, 0xc4, 0xbc, 0xa4, 0xbc, 0xc4, 0xbc,
    0xc4, 0xbc, 0xc4, 0xbc, 0xa4, 0xbc, 0xc4, 0xbc, 0xc5, 0xc4, 0xa4, 0xbc,
    0xa4, 0xbc, 0xc4, 0xc4, 0xc4, 0xc4, 0xc4, 0xc4, 0xa5, 0xbc, 0xc4, 0xbc,
    0xc4, 0xc4, 0xc4, 0xc4, 0xc5, 0xc4, 0xc5, 0xc4, 0xc5, 0xc4, 0xa5, 0xc4,
    0xa4, 0xc4, 0xa5, 0xc4, 0xa4, 0xc4, 0xa4, 0xbc, 0x84, 0xbc, 0x85, 0xbc,
    0x84, 0xbc, 0x84, 0xbc, 0x84, 0xbc, 0x84, 0xbc, 0x84, 0xbc, 0x85, 0xbc,
    0x84, 0xbc, 0xa5, 0xbc, 0x85, 0xbc, 0x84, 0xbc, 0x84, 0xbc, 0x85, 0xbc,
    0x84, 0xbc, 0x64, 0xbc, 0x64, 0xbc, 0x84, 0xbc, 0x84, 0xbc, 0x64, 0xbc,
    0x44, 0xbc, 0x44, 0xbc, 0x24, 0xb4, 0x04, 0xa4, 0x84, 0x9b, 0x24, 0x83,
    0x04, 0x83, 0xe4, 0x7a, 0x04, 0x7b, 0x04, 0x7b, 0x04, 0x83, 0x04, 0x83,
    0x04, 0x7b, 0x24, 0x83, 0x04, 0x7b, 0x04, 0x7b, 0x24, 0x83, 0x04, 0x7b,
    0xe4, 0x7a, 0xc4, 0x72, 0x83, 0x62, 0x42, 0x9a, 0x80, 0xca, 0xa1, 0xd2,
    0xc0, 0xda, 0xa0, 0xda, 0xa1, 0xd2, 0x61, 0xba, 0xa3, 0x82, 0xe5, 0x72,
    0x24, 0x83, 0x64, 0x8b, 0xc4, 0x9b, 0x04, 0xac, 0x44, 0xb4, 0x44, 0xb4,
    0x44, 0xb4, 0x64, 0xbc, 0x64, 0xbc, 0x84, 0xbc, 0x84, 0xbc, 0x84, 0xbc,
    0x84, 0xbc, 0x84, 0xbc, 0x84, 0xbc, 0x84, 0xbc, 0x84, 0xbc, 0x84, 0xb4,
    0x84, 0xbc, 0x84, 0xbc, 0x84, 0xbc, 0x84, 0xbc, 0x84, 0xbc, 0x84, 0xbc,
    0xa5, 0xbc, 0x84, 0xbc, 0x84, 0xbc, 0x84, 0xbc, 0x84, 0xbc, 0x84, 0xbc,
    0x84, 0xbc, 0x84, 0xbc, 0x84, 0xbc, 0x84, 0xbc, 0x64, 0xbc, 0x64, 0xb4,
    0x44, 0xb4, 0x43, 0x84, 0x42, 0x5c, 0x62, 0x5c, 0x62, 0x54, 0x62, 0x5c,
    0x62, 0x54, 0x62, 0x54, 0x42, 0x54, 0x42, 0x54, 0x42, 0x54, 0x22, 0x4c,
    0x22, 0x4c, 0x02, 0x44, 0xe2, 0x43, 0x03, 0x74, 0xc3, 0x53, 0xc2, 0x3b,
    0xe3, 0x3b, 0xc2, 0x3b, 0xc3, 0x3b, 0xc2, 0x3b, 0xc2, 0x3b, 0xa3, 0x33,
    0x82, 0x8c, 0x82, 0x8c, 0x82, 0x8c, 0x82, 0x8c, 0x82, 0x8c, 0x82, 0x94,
    0x62, 0x8c, 0x03, 0x6c, 0xe3, 0x6b, 0x03, 0x6c, 0xe3, 0x63, 0xc3, 0x63,
    0xc3, 0x63, 0xc3, 0x63, 0xa3, 0x63, 0x21, 0x39, 0xe0, 0x69, 0x00, 0x72,
    0xe1, 0x69, 0xe0, 0x69, 0xc0, 0x69, 0xa0, 0x59, 0x21, 0x41, 0x40, 0x41,
    0xa0, 0x59, 0xc0, 0x69, 0xc0, 0x69, 0xc0, 0x69, 0xc0, 0x61, 0xc0, 0x61,
    0x21, 0x39, 0x00, 0x72, 0x00, 0x6a, 0x00, 0x6a, 0x00, 0x6a, 0x00, 0x6a,
    0xe0, 0x69, 0xe0, 0x69, 0xc1, 0x61, 0xc0, 0x61, 0xc0, 0x61, 0xe0, 0x61,
    0xc0, 0x61, 0xc0, 0x61, 0xc0, 0x61, 0xc0, 0x61, 0xc0, 0x61, 0x60, 0x51,
    0x40, 0x41, 0xe0, 0x69, 0xe0, 0x69, 0xe0, 0x69, 0xa0, 0x61, 0x80, 0x59,
    0x40, 0x41, 0x20, 0x41, 0xa0, 0x61, 0xe1, 0x69, 0xe0, 0x69, 0xe0, 0x71,
    0x01, 0x72, 0x80, 0x59, 0x83, 0x5a, 0xc5, 0x6b, 0xc4, 0x6b, 0xc4, 0x6b,
    0xe4, 0x6b, 0xe4, 0x6b, 0xe4, 0x6b, 0xe4, 0x73, 0xe4, 0x73, 0xe4, 0x73,
    0xe4, 0x73, 0x04, 0x74, 0xe4, 0x73, 0x04, 0x74, 0x04, 0x7c, 0x04, 0x74,
    0x04, 0x7c, 0x43, 0x84, 0x63, 0x8c, 0x82, 0x94, 0xa2, 0x8c, 0xa2, 0x94,
    0xa2, 0x94, 0xa2, 0x94, 0xa3, 0x94, 0xa2, 0x94, 0xa3, 0x9c, 0xa2, 0x9c,
    0xc2, 0x9c, 0xc2, 0x9c, 0xa2, 0x9c, 0xc2, 0x9c, 0xc2, 0x9c, 0xc3, 0xa4,
    0xc2, 0xa4, 0xc3, 0xac, 0xc3, 0xac, 0xc3, 0xac, 0xc3, 0xac, 0xa3, 0xb4,
    0xc4, 0xb4, 0xc4, 0xb4, 0xc4, 0xb4, 0xc4, 0xb4, 0xc4, 0xb4, 0xa4, 0xbc,
    0xc4, 0xbc, 0xc4, 0xbc, 0xc4, 0xc4, 0xc4, 0xbc, 0xc4, 0xbc, 0xc4, 0xc4,
    0xc4, 0xbc, 0xc4, 0xbc, 0xc4, 0xc4, 0xc4, 0xc4, 0xc4, 0xc4, 0xc5, 0xc4,
    0xc5, 0xc4, 0xc4, 0xc4, 0xe5, 0xc4, 0xc4, 0xc4, 0xa4, 0xc4, 0xc5, 0xc4,
    0xa4, 0xc4, 0xc4, 0xc4, 0x84, 0xbc, 0xa5, 0xc4, 0xa4, 0xc4, 0xa4, 0xc4,
    0xa5, 0xc4, 0xa5, 0xbc, 0x84, 0xbc, 0x84, 0xbc, 0x85, 0xbc, 0x84, 0xbc,
    0x85, 0xc4, 0x84, 0xbc, 0x84, 0xc4, 0xa4, 0xc4, 0x84, 0xbc, 0x84, 0xbc,
    0x85, 0xc4, 0x85, 0xbc, 0x84, 0xc4, 0x85, 0xbc, 0x85, 0xbc, 0x84, 0xbc,
    0x84, 0xbc, 0x84, 0xbc, 0x84, 0xbc, 0x64, 0xbc, 0x43, 0xb4, 0x43, 0xb4,
    0x44, 0xb4, 0x24, 0xb4, 0x04, 0xb4, 0x24, 0xb4, 0x24, 0xb4, 0x24, 0xb4,
    0x04, 0xac, 0x24, 0xac, 0x04, 0xac, 0x04, 0xac, 0x04, 0xac, 0x04, 0xac,
    0x24, 0xb4, 0x04, 0xac, 0xc4, 0x9b, 0x64, 0x8b, 0xe3, 0x72, 0xe4, 0x6a,
    0xc4, 0x72, 0xe4, 0x72, 0x24, 0x7b, 0x44, 0x8b, 0xa4, 0x93, 0xc4, 0xa3,
    0x24, 0xac, 0x44, 0xb4, 0x64, 0xbc, 0x84, 0xbc, 0x64, 0xbc, 0x64, 0xb4,
    0x84, 0xbc, 0x64, 0xb4, 0x64, 0xb4, 0x64, 0xbc, 0x84, 0xbc, 0x64, 0xb4,
    0x84, 0xbc, 0x84, 0xb4, 0x84, 0xbc, 0x84, 0xbc, 0x84, 0xbc, 0x84, 0xbc,
    0x84, 0xbc, 0x84, 0xbc, 0xa4, 0xbc, 0x84, 0xbc, 0xa4, 0xbc, 0x84, 0xbc,
    0x85, 0xbc, 0x84, 0xbc, 0xa4, 0xbc, 0x84, 0xbc, 0x85, 0xbc, 0x85, 0xbc,
    0x84, 0xbc, 0x85, 0xbc, 0x85, 0xbc, 0x84, 0xbc, 0x85, 0xb4, 0x45, 0xb4,
    0x44, 0xac, 0x25, 0xac, 0x04, 0x9c, 0x22, 0x5c, 0x42, 0x54, 0x42, 0x54,
    0x42, 0x54, 0x42, 0x54, 0x42, 0x54, 0x42, 0x4c, 0x42, 0x4c, 0x22, 0x4c,
    0x02, 0x4c, 0x02, 0x4c, 0xe2, 0x43, 0xe2, 0x43, 0xe2, 0x43, 0xc3, 0x43,
    0xc3, 0x3b, 0xc2, 0x3b, 0xc3, 0x3b, 0xa2, 0x4b, 0x83, 0x73, 0x63, 0xa3,
    0x82, 0x8c, 0x82, 0x8c, 0x82, 0x8c, 0x82, 0x94, 0x82, 0x8c, 0x62, 0x8c,
    0x82, 0x8c, 0x42, 0x74, 0x03, 0x6c, 0xe3, 0x6b, 0xe3, 0x6b, 0xe3, 0x63,
    0xc3, 0x63, 0xc3, 0x63, 0x83, 0x63, 0x83, 0x5b, 0x21, 0x39, 0xc0, 0x61,
    0x01, 0x72, 0x01, 0x72, 0xe0, 0x71, 0xe0, 0x69, 0xe0, 0x69, 0xc0, 0x61,
    0x80, 0x51, 0x41, 0x41, 0x40, 0x41, 0xa0, 0x59, 0xc1, 0x61, 0xa0, 0x61,
    0x40, 0x39, 0xc0, 0x61, 0xa0, 0x61, 0xc0, 0x61, 0xc0, 0x59, 0xc0, 0x61,
    0xc0, 0x61, 0xc0, 0x61, 0xc0, 0x61, 0xc0, 0x61, 0xc0, 0x61, 0xc0, 0x61,
    0xc1, 0x61, 0xc0, 0x59, 0xc0, 0x61, 0xa0, 0x61, 0xa0, 0x61, 0x80, 0x59,
    0x41, 0x41, 0x80, 0x59, 0x41, 0x41, 0x20, 0x41, 0x60, 0x49, 0xa1, 0x61,
    0xe0, 0x69, 0xe0, 0x69, 0xc0, 0x69, 0xe0, 0x71, 0x00, 0x72, 0x00, 0x7a,
    0xa0, 0x69, 0xa2, 0x41, 0xe4, 0x6b, 0xc4, 0x6b, 0xc4, 0x6b, 0xe4, 0x6b,
    0xe4, 0x6b, 0xe4, 0x6b, 0xe4, 0x6b, 0xe4, 0x6b, 0x04, 0x6c, 0x04, 0x6c,
    0xe4, 0x6b, 0x04, 0x74, 0x04, 0x74, 0xe4, 0x73, 0x23, 0x7c, 0x43, 0x7c,
    0x62, 0x84, 0x82, 0x8c, 0x82, 0x8c, 0xa2, 0x8c, 0x82, 0x8c, 0x82, 0x8c,
    0xa2, 0x8c, 0xa2, 0x8c, 0xa2, 0x8c, 0xa2, 0x94, 0xa2, 0x94, 0xa2, 0x94,
    0xc2, 0x94, 0xc2, 0x94, 0xa2, 0x94, 0xc2, 0x94, 0xc2, 0x94, 0xa2, 0x94,
    0xc2, 0x9c, 0xc3, 0xa4, 0xc3, 0xa4, 0xc2, 0xa4, 0xc3, 0xac, 0xc3, 0xb4,
    0xc3, 0xb4, 0xc3, 0xac, 0xc3, 0xac, 0xc3, 0xac, 0xc4, 0xb4, 0xc4, 0xbc,
    0xc4, 0xbc, 0xc4, 0xbc, 0xc4, 0xbc, 0xc4, 0xc4, 0xc4, 0xbc, 0xc4, 0xbc,
    0xc4, 0xbc, 0xc5, 0xc4, 0xc4, 0xbc, 0xc4, 0xbc, 0xc4, 0xc4, 0xc4, 0xc4,
    0xc4, 0xc4, 0xc4, 0xc4, 0xc5, 0xc4, 0xc4, 0xc4, 0xc4, 0xc4, 0xa4, 0xc4,
    0xc5, 0xc4, 0xa5, 0xc4, 0xa5, 0xbc, 0xa5, 0xc4, 0xa4, 0xbc, 0x85, 0xbc,
    0x84, 0xbc, 0x84, 0xbc, 0x84, 0xbc, 0x84, 0xbc, 0xa4, 0xc4, 0xa4, 0xc4,
    0xa4, 0xbc, 0xa5, 0xc4, 0xa4, 0xc4, 0xa4, 0xbc, 0x85, 0xc4, 0x84, 0xc4,
    0x84, 0xbc, 0x84, 0xbc, 0xa4, 0xc4, 0xa4, 0xc4, 0x84, 0xc4, 0xa5, 0xc4,
    0x84, 0xc4, 0x84, 0xbc, 0x84, 0xbc, 0x84, 0xbc, 0x84, 0xc4, 0x84, 0xbc,
    0x84, 0xbc, 0x84, 0xbc, 0x64, 0xbc, 0x84, 0xbc, 0x64, 0xb4, 0x44, 0xb4,
    0x64, 0xbc, 0x44, 0xb4, 0x44, 0xb4, 0x44, 0xb4, 0x44, 0xb4, 0x44, 0xb4,
    0x43, 0xb4, 0x44, 0xb4, 0x24, 0xb4, 0x23, 0xb4, 0x24, 0xb4, 0x44, 0xb4,
    0x44, 0xb4, 0x44, 0xb4, 0x64, 0xbc, 0x44, 0xb4, 0x64, 0xbc, 0x64, 0xbc,
    0x84, 0xbc, 0x85, 0xbc, 0x84, 0xbc, 0xa5, 0xbc, 0x84, 0xbc, 0x84, 0xbc,
    0x84, 0xbc, 0x84, 0xbc, 0x84, 0xbc, 0x84, 0xbc, 0x84, 0xbc, 0x84, 0xbc,
    0x84, 0xb4, 0x84, 0xbc, 0x84, 0xbc, 0x84, 0xbc, 0x84, 0xbc, 0x84, 0xbc,
    0x84, 0xbc, 0x84, 0xbc, 0x84, 0xbc, 0x84, 0xbc, 0x84, 0xbc, 0x84, 0xbc,
    0x84, 0xbc, 0x84, 0xbc, 0x84, 0xbc, 0xa4, 0xbc, 0x84, 0xbc, 0x84, 0xbc,
    0x84, 0xbc, 0x84, 0xb4, 0x85, 0xbc, 0x64, 0xb4, 0x44, 0xac, 0x45, 0xac,
    0x24, 0xa4, 0x24, 0xa4, 0x04, 0xa4, 0x04, 0x9c, 0x22, 0x64, 0x22, 0x54,
    0x42, 0x4c, 0x42, 0x4c, 0x22, 0x54, 0x42, 0x4c, 0x42, 0x4c, 0x22, 0x4c,
    0x22, 0x4c, 0x23, 0x44, 0x02, 0x44, 0xe3, 0x43, 0xe3, 0x43, 0xe3, 0x3b,
    0xc3, 0x4b, 0x63, 0x83, 0x44, 0xb3, 0x64, 0xc3, 0x44, 0xbb, 0x44, 0xbb,
    0x82, 0x8c, 0xa2, 0x8c, 0x82, 0x8c, 0x82, 0x8c, 0x82, 0x8c, 0x82, 0x8c,
    0x82, 0x8c, 0x62, 0x84, 0x22, 0x74, 0x02, 0x6c, 0xe3, 0x6b, 0xe3, 0x6b,
    0xc3, 0x63, 0xc3, 0x63, 0xc3, 0x63, 0x84, 0x63, 0xa4, 0x63, 0xe1, 0x41,
    0x40, 0x51, 0x20, 0x72, 0x00, 0x72, 0xe0, 0x71, 0x00, 0x72, 0xe0, 0x69,
    0xe0, 0x71, 0xe0, 0x69, 0xe0, 0x69, 0xa1, 0x59, 0x80, 0x51, 0x60, 0x49,
    0x40, 0x49, 0x20, 0x39, 0x21, 0x41, 0x40, 0x41, 0x40, 0x49, 0x60, 0x51,
    0x80, 0x51, 0x80, 0x51, 0x80, 0x51, 0x80, 0x51, 0x80, 0x51, 0x60, 0x51,
    0x60, 0x51, 0x60, 0x49, 0x40, 0x41, 0x21, 0x39, 0x20, 0x39, 0x40, 0x41,
    0x40, 0x49, 0xa0, 0x59, 0xc0, 0x69, 0xe0, 0x69, 0xe0, 0x69, 0xe0, 0x69,
    0xe0, 0x69, 0xe0, 0x71, 0x00, 0x72, 0x00, 0x72, 0x01, 0x7a, 0x60, 0x59,
    0xe2, 0x49, 0xc4, 0x6b, 0xc4, 0x63, 0xc3, 0x63, 0xc4, 0x6b, 0xe4, 0x6b,
    0xe4, 0x6b, 0xe3, 0x63, 0xe3, 0x6b, 0x03, 0x6c, 0x03, 0x6c, 0x03, 0x6c,
    0x04, 0x74, 0x03, 0x74, 0xe3, 0x73, 0x23, 0x74, 0x62, 0x84, 0x62, 0x84,
    0x82, 0x84, 0xa2, 0x84, 0xa2, 0x84, 0x82, 0x84, 0xa2, 0x84, 0xa2, 0x84,
    0xa1, 0x84, 0x81, 0x8c, 0xa2, 0x8c, 0xa2, 0x8c, 0xc2, 0x8c, 0xa2, 0x8c,
    0xa2, 0x94, 0xc2, 0x94, 0xa2, 0x94, 0xc2, 0x94, 0xa2, 0x94, 0xa2, 0x94,
    0xc2, 0x9c, 0xc2, 0xa4, 0xc2, 0xa4, 0xc3, 0xa4, 0xc3, 0xac, 0xc3, 0xac,
    0xe3, 0xac, 0xc3, 0xac, 0xc2, 0xa4, 0xc3, 0xac, 0xe4, 0xbc, 0xe4, 0xbc,
    0xc4, 0xbc, 0xe4, 0xbc, 0xe4, 0xc4, 0xe4, 0xbc, 0xc4, 0xbc, 0xc4, 0xbc,
    0xc4, 0xc4, 0xc4, 0xbc, 0xc5, 0xc4, 0xc4, 0xbc, 0xc4, 0xc4, 0xc4, 0xbc,
    0xc4, 0xc4, 0xc5, 0xc4, 0xc4, 0xc4, 0xa4, 0xbc, 0xa4, 0xc4, 0xc4, 0xc4,
    0xa4, 0xbc, 0xa4, 0xc4, 0xc4, 0xc4, 0xa4, 0xbc, 0xa5, 0xc4, 0x84, 0xbc,
    0x84, 0xbc, 0x84, 0xbc, 0xa5, 0xc4, 0x84, 0xbc, 0xa4, 0xc4, 0xa4, 0xc4,
    0xa5, 0xc4, 0xa4, 0xc4, 0xa4, 0xc4, 0xa4, 0xbc, 0xa5, 0xbc, 0xa4, 0xc4,
    0xa4, 0xc4, 0x84, 0xbc, 0xa5, 0xc4, 0xa4, 0xc4, 0x84, 0xbc, 0xa4, 0xc4,
    0xa5, 0xc4, 0xa5, 0xc4, 0xa4, 0xc4, 0xa4, 0xc4, 0xa4, 0xc4, 0xa4, 0xc4,
    0x84, 0xbc, 0xa4, 0xc4, 0xa4, 0xbc, 0x84, 0xbc, 0x84, 0xbc, 0x84, 0xbc,
    0x84, 0xbc, 0x84, 0xc4, 0x64, 0xbc, 0x64, 0xbc, 0x64, 0xbc, 0x44, 0xbc,
    0x64, 0xbc, 0x44, 0xb4, 0x64, 0xb4, 0x64, 0xbc, 0x64, 0xbc, 0x84, 0xbc,
    0x64, 0xbc, 0x84, 0xbc, 0x64, 0xbc, 0x84, 0xbc, 0x84, 0xbc, 0x84, 0xc4,
    0xa4, 0xc4, 0x84, 0xc4, 0xa4, 0xc4, 0xa4, 0xc4, 0x84, 0xbc, 0x84, 0xbc,
    0x84, 0xbc, 0x84, 0xbc, 0x63, 0xb4, 0x64, 0xb4, 0x84, 0xbc, 0x83, 0xbc,
    0x84, 0xbc, 0x64, 0xb4, 0x84, 0xbc, 0x84, 0xb4, 0x84, 0xbc, 0x84, 0xbc,
    0x84, 0xbc, 0x84, 0xbc, 0x84, 0xbc, 0x85, 0xbc, 0x84, 0xbc, 0x84, 0xbc,
    0x84, 0xb4, 0x84, 0xbc, 0x84, 0xb4, 0x64, 0xb4, 0x64, 0xb4, 0x64, 0xb4,
    0x64, 0xac, 0x64, 0xac, 0x44, 0xac, 0x44, 0xac, 0x44, 0xac, 0x24, 0xac,
    0x24, 0xa4, 0x25, 0xa4, 0x25, 0xa4, 0x25, 0xa4, 0xe4, 0xa3, 0x03, 0x64,
    0x22, 0x4c, 0x42, 0x54, 0x22, 0x4c, 0x42, 0x4c, 0x42, 0x4c, 0x22, 0x4c,
    0x02, 0x44, 0x02, 0x44, 0xe2, 0x43, 0xe2, 0x3b, 0xc3, 0x4b, 0x63, 0x9b,
    0x44, 0xbb, 0x44, 0xbb, 0x44, 0xbb, 0x44, 0xbb, 0x44, 0xbb, 0x44, 0xbb,
    0xa1, 0x8c, 0xa1, 0x8c, 0xa2, 0x8c, 0x82, 0x8c, 0x82, 0x8c, 0x81, 0x8c,
    0x81, 0x8c, 0x82, 0x8c, 0x82, 0x84, 0x62, 0x7c, 0x22, 0x74, 0x03, 0x6c,
    0xe3, 0x6b, 0xc3, 0x63, 0xc3, 0x63, 0xa4, 0x63, 0xa3, 0x5b, 0xa3, 0x5b,
    0x43, 0x5b, 0x82, 0x39, 0x40, 0x51, 0x00, 0x6a, 0x00, 0x7a, 0x00, 0x72,
    0x00, 0x72, 0x00, 0x72, 0x00, 0x6a, 0xe0, 0x71, 0xe0, 0x71, 0xe0, 0x69,
    0xe0, 0x71, 0x00, 0x72, 0x00, 0x72, 0xe1, 0x69, 0xe0, 0x61, 0xa0, 0x61,
    0xa1, 0x59, 0x80, 0x51, 0x81, 0x59, 0xa0, 0x59, 0xa0, 0x59, 0xa0, 0x59,
    0xc0, 0x61, 0xc0, 0x61, 0xc0, 0x69, 0xe0, 0x69, 0xe1, 0x71, 0xe0, 0x71,
    0xe0, 0x69, 0xe0, 0x69, 0xe0, 0x71, 0xe0, 0x69, 0xe0, 0x71, 0x00, 0x72,
    0x00, 0x72, 0x20, 0x7a, 0x21, 0x7a, 0x80, 0x59, 0x61, 0x41, 0x24, 0x5b,
    0xc4, 0x6b, 0xc4, 0x6b, 0xc4, 0x6b, 0xc4, 0x6b, 0xc3, 0x63, 0xe3, 0x63,
    0xe4, 0x6b, 0x03, 0x6c, 0x03, 0x6c, 0x03, 0x6c, 0x03, 0x74, 0x23, 0x74,
    0x03, 0x6c, 0x23, 0x74, 0x42, 0x7c, 0x82, 0x84, 0x82, 0x84, 0x82, 0x84,
    0x82, 0x84, 0x82, 0x84, 0x81, 0x84, 0xa1, 0x84, 0xa2, 0x84, 0xa2, 0x8c,
    0xa2, 0x84, 0xa1, 0x8c, 0xa2, 0x8c, 0xa2, 0x8c, 0xa2, 0x8c, 0xc2, 0x8c,
    0xc2, 0x94, 0xc2, 0x94, 0xa2, 0x8c, 0xc2, 0x94, 0xc2, 0x94, 0xc2, 0x9c,
    0xc2, 0x9c, 0xc2, 0x9c, 0xc2, 0x9c, 0xe3, 0xa4, 0xe3, 0xac, 0xe3, 0xac,
    0xe2, 0xa4, 0xc2, 0xa4, 0xe3, 0xa4, 0xe3, 0xb4, 0xc3, 0xb4, 0xe3, 0xb4,
    0xe4, 0xbc, 0xc4, 0xb4, 0xe4, 0xb4, 0xe3, 0xb4, 0xe4, 0xb4, 0xe4, 0xbc,
    0xc4, 0xbc, 0xc4, 0xbc, 0xe4, 0xc4, 0xc4, 0xbc, 0xe4, 0xbc, 0xc4, 0xc4,
    0xc4, 0xbc, 0xc4, 0xbc, 0xc5, 0xc4, 0xc4, 0xc4, 0xa4, 0xbc, 0xa5, 0xbc,
    0xa4, 0xc4, 0xa4, 0xbc, 0x84, 0xbc, 0x84, 0xbc, 0xa4, 0xbc, 0xa4, 0xc4,
    0xa5, 0xc4, 0xa4, 0xc4, 0xc5, 0xc4, 0xa5, 0xc4, 0xa4, 0xc4, 0xc5, 0xc4,
    0xc5, 0xc4, 0xa4, 0xc4, 0xc5, 0xc4, 0xa4, 0xc4, 0xc5, 0xc4, 0xa5, 0xc4,
    0xa4, 0xc4, 0xa4, 0xc4, 0xa5, 0xc4, 0xa4, 0xc4, 0xa4, 0xc4, 0xc4, 0xc4,
    0xa4, 0xc4, 0xa4, 0xc4, 0xa4, 0xbc, 0xa5, 0xc4, 0xa4, 0xc4, 0xc5, 0xc4,
    0xa5, 0xc4, 0xa5, 0xc4, 0xa4, 0xc4, 0xa5, 0xc4, 0xa5, 0xc4, 0xa4, 0xc4,
    0x84, 0xc4, 0x84, 0xc4, 0x84, 0xbc, 0x84, 0xbc, 0x64, 0xbc, 0x64, 0xbc,
    0x64, 0xbc, 0x84, 0xbc, 0x84, 0xbc, 0x84, 0xbc, 0x84, 0xc4, 0x84, 0xbc,
    0x84, 0xbc, 0x84, 0xbc, 0x84, 0xc4, 0xa4, 0xc4, 0xa4, 0xc4, 0xa5, 0xc4,
    0xa5, 0xc4, 0xa4, 0xc4, 0xa5, 0xc4, 0xa4, 0xc4, 0xa4, 0xbc, 0x84, 0xbc,
    0xa4, 0xbc, 0x84, 0xbc, 0x84, 0xbc, 0x84, 0xbc, 0x84, 0xb4, 0x84, 0xbc,
    0x84, 0xbc, 0x84, 0xbc, 0x84, 0xbc, 0x84, 0xbc, 0x84, 0xb4, 0x84, 0xbc,
    0x84, 0xb4, 0x84, 0xb4, 0x84, 0xb4, 0x84, 0xb4, 0x84, 0xb4, 0x64, 0xb4,
    0x64, 0xb4, 0x64, 0xac, 0x64, 0xac, 0x64, 0xac, 0x44, 0xac, 0x44, 0xac,
    0x44, 0xac, 0x44, 0xac, 0x24, 0xac, 0x24, 0xac, 0x24, 0xac, 0x24, 0xa4,
    0x24, 0xa4, 0x04, 0xa4, 0x05, 0xa4, 0x04, 0xa4, 0x24, 0xa4, 0x04, 0x9c,
    0x23, 0x5c, 0x22, 0x4c, 0x42, 0x54, 0x22, 0x4c, 0x42, 0x4c, 0x22, 0x4c,
    0x02, 0x4c, 0x02, 0x44, 0xe3, 0x43, 0x84, 0x93, 0x24, 0xc3, 0x63, 0xbb,
    0x44, 0xbb, 0x44, 0xbb, 0x44, 0xbb, 0x44, 0xbb, 0x44, 0xbb, 0x23, 0xbb,
    0xa2, 0x8c, 0xa2, 0x8c, 0x81, 0x8c, 0x81, 0x8c, 0x82, 0x8c, 0x82, 0x8c,
    0x82, 0x8c, 0x81, 0x8c, 0x81, 0x84, 0x62, 0x84, 0x62, 0x84, 0x62, 0x84,
    0x22, 0x74, 0x03, 0x6c, 0xc3, 0x63, 0xe3, 0x63, 0xc3, 0x63, 0xa3, 0x5b,
    0xa4, 0x5b, 0xa3, 0x63, 0x23, 0x5b, 0xe2, 0x41, 0x41, 0x49, 0x61, 0x59,
    0x00, 0x72, 0x01, 0x72, 0x00, 0x72, 0x00, 0x72, 0x00, 0x72, 0x00, 0x72,
    0x00, 0x72, 0x00, 0x72, 0x00, 0x72, 0x00, 0x72, 0x00, 0x72, 0x00, 0x72,
    0x00, 0x72, 0x00, 0x72, 0x00, 0x72, 0xe0, 0x69, 0x00, 0x6a, 0xe1, 0x71,
    0x00, 0x6a, 0x00, 0x72, 0xe1, 0x69, 0x00, 0x72, 0x00, 0x72, 0x00, 0x72,
    0x00, 0x72, 0x01, 0x72, 0x00, 0x72, 0x00, 0x7a, 0x20, 0x7a, 0x21, 0x7a,
    0xa0, 0x69, 0x40, 0x49, 0xc2, 0x41, 0x23, 0x63, 0xe4, 0x6b, 0xc4, 0x6b,
    0xc3, 0x6b, 0xe4, 0x6b, 0xe3, 0x6b, 0xe3, 0x6b, 0xe4, 0x6b, 0xe3, 0x6b,
    0x03, 0x6c, 0x03, 0x6c, 0x03, 0x6c, 0x03, 0x6c, 0x23, 0x74, 0x43, 0x74,
    0x62, 0x7c, 0x82, 0x84, 0x82, 0x84, 0x82, 0x84, 0x82, 0x84, 0xa2, 0x84,
    0x82, 0x84, 0x82, 0x84, 0xa2, 0x84, 0x81, 0x84, 0xa2, 0x8c, 0xa2, 0x8c,
    0xa1, 0x8c, 0xa2, 0x8c, 0xa2, 0x8c, 0xa1, 0x8c, 0xc2, 0x94, 0xa2, 0x8c,
    0xc2, 0x94, 0xc2, 0x94, 0xc2, 0x94, 0xc2, 0x94, 0xc2, 0x9c, 0xc2, 0x94,
    0xe3, 0x9c, 0xc2, 0x9c, 0xe2, 0xa4, 0xe3, 0xa4, 0xe3, 0xa4, 0xc2, 0xa4,
    0xe2, 0x9c, 0xe3, 0xa4, 0xe3, 0xac, 0xe3, 0xb4, 0xe3, 0xac, 0xc3, 0xac,
    0xe3, 0xac, 0xe3, 0xac, 0xc3, 0xac, 0xc3, 0xac, 0xc3, 0xb4, 0xc3, 0xb4,
    0xc4, 0xbc, 0xc4, 0xbc, 0xc4, 0xbc, 0xc4, 0xbc, 0xc4, 0xbc, 0xc4, 0xc4,
    0xc4, 0xc4, 0xc4, 0xbc, 0xc4, 0xbc, 0xc4, 0xc4, 0xc4, 0xc4, 0xc4, 0xc4,
    0xa4, 0xc4, 0xa5, 0xc4, 0xa4, 0xbc, 0xa4, 0xc4, 0xc5, 0xc4, 0xc4, 0xc4,
    0xc4, 0xc4, 0xc5, 0xc4, 0xc4, 0xc4, 0xc5, 0xc4, 0xc5, 0xc4, 0xc4, 0xc4,
    0xa4, 0xc4, 0xc4, 0xc4, 0xa5, 0xc4, 0xc4, 0xc4, 0xc4, 0xc4, 0xc4, 0xc4,
    0xc5, 0xc4, 0xc4, 0xc4, 0xc4, 0xc4, 0xc5, 0xc4, 0xc4, 0xc4, 0xc4, 0xbc,
    0xa5, 0xc4, 0xc5, 0xc4, 0xc4, 0xc4, 0xa5, 0xc4, 0xa4, 0xc4, 0xa4, 0xc4,
    0xa4, 0xc4, 0xc4, 0xc4, 0xc4, 0xc4, 0xa4, 0xc4, 0xa4, 0xc4, 0xa4, 0xc4,
    0xa4, 0xc4, 0xa4, 0xc4, 0xa4, 0xc4, 0x84, 0xc4, 0x84, 0xbc, 0x84, 0xbc,
    0x84, 0xbc, 0x84, 0xbc, 0x84, 0xbc, 0xa4, 0xc4, 0x84, 0xbc, 0xa4, 0xc4,
    0xa4, 0xc4, 0xa4, 0xc4, 0xa4, 0xc4, 0xc4, 0xc4, 0xa4, 0xc4, 0xa5, 0xc4,
    0xa4, 0xc4, 0xa4, 0xbc, 0xa4, 0xbc, 0xc5, 0xc4, 0xa4, 0xbc, 0xa4, 0xbc,
    0xa4, 0xbc, 0xa4, 0xbc, 0x84, 0xbc, 0x84, 0xbc, 0x84, 0xb4, 0x84, 0xb4,
    0x84, 0xbc, 0x84, 0xbc, 0x84, 0xb4, 0x84, 0xbc, 0x84, 0xbc, 0x84, 0xbc,
    0xa4, 0xb4, 0x84, 0xb4, 0x84, 0xb4, 0x84, 0xb4, 0x64, 0xb4, 0x64, 0xac,
    0x64, 0xac, 0x64, 0xac, 0x63, 0xac, 0x63, 0xac, 0x64, 0xac, 0x44, 0xac,
    0x44, 0xac, 0x44, 0xac, 0x44, 0xac, 0x44, 0xac, 0x24, 0xa4, 0x24, 0xac,
    0x24, 0x9c, 0x03, 0x94, 0x24, 0x94, 0x04, 0xa4, 0x24, 0xa4, 0x04, 0xa4,
    0xe4, 0x9b, 0x02, 0x54, 0x22, 0x4c, 0x42, 0x4c, 0x42, 0x4c, 0x02, 0x4c,
    0x02, 0x44, 0xa3, 0x73, 0x24, 0xbb, 0x44, 0xb3, 0x44, 0xbb, 0x44, 0xbb,
    0x44, 0xbb, 0x44, 0xbb, 0x43, 0xbb, 0x44, 0xbb, 0x44, 0xbb, 0x44, 0xbb,
    0x81, 0x8c, 0xa2, 0x8c, 0xa2, 0x8c, 0xa1, 0x8c, 0xa2, 0x8c, 0x81, 0x8c,
    0x81, 0x8c, 0x82, 0x8c, 0x81, 0x8c, 0x81, 0x84, 0x81, 0x84, 0x82, 0x8c,
    0x81, 0x8c, 0x61, 0x84, 0x42, 0x7c, 0x02, 0x74, 0xe3, 0x6b, 0xe3, 0x63,
    0xc3, 0x63, 0xa3, 0x63, 0xa4, 0x63, 0xa4, 0x63, 0xe4, 0x63, 0x23, 0x5b,
    0x02, 0x42, 0x61, 0x41, 0x40, 0x51, 0xa0, 0x59, 0x01, 0x6a, 0x20, 0x7a,
    0x21, 0x72, 0x20, 0x72, 0x00, 0x72, 0x00, 0x72, 0x00, 0x72, 0x00, 0x72,
    0x00, 0x72, 0x00, 0x72, 0x00, 0x72, 0x01, 0x72, 0x00, 0x72, 0x00, 0x72,
    0x00, 0x72, 0x00, 0x72, 0x20, 0x72, 0x20, 0x72, 0x20, 0x7a, 0x20, 0x7a,
    0x00, 0x7a, 0xe0, 0x71, 0xa0, 0x61, 0x60, 0x51, 0x61, 0x41, 0xc2, 0x41,
    0xa3, 0x5a, 0xa4, 0x6b, 0xc4, 0x6b, 0xa3, 0x6b, 0xc4, 0x6b, 0xe4, 0x6b,
    0xe4, 0x6b, 0xe3, 0x6b, 0x04, 0x6c, 0xe3, 0x6b, 0xe3, 0x6b, 0x03, 0x6c,
    0x03, 0x6c, 0x23, 0x74, 0x43, 0x74, 0x42, 0x7c, 0x62, 0x7c, 0x82, 0x84,
    0x82, 0x84, 0x82, 0x84, 0x82, 0x84, 0xa2, 0x84, 0x82, 0x84, 0xa2, 0x8c,
    0x81, 0x84, 0xa2, 0x8c, 0xa1, 0x84, 0xa2, 0x8c, 0xc2, 0x8c, 0xc2, 0x8c,
    0xc2, 0x8c, 0xa2, 0x8c, 0xc2, 0x8c, 0xc2, 0x8c, 0xa2, 0x94, 0xa2, 0x94,
    0xc2, 0x94, 0xc2, 0x94, 0xc2, 0x94, 0xe2, 0x9c, 0xc2, 0x9c, 0xc2, 0x9c,
    0xc2, 0x9c, 0xe3, 0xa4, 0xe3, 0xac, 0xe3, 0xa4, 0xe3, 0xa4, 0xe2, 0xa4,
    0xe2, 0xa4, 0xe3, 0xa4, 0xe3, 0xac, 0xe3, 0xac, 0xc2, 0xa4, 0xe3, 0xa4,
    0xe3, 0xac, 0xe3, 0xac, 0xe3, 0xac, 0xe3, 0xb4, 0xe4, 0xbc, 0xe3, 0xb4,
    0xe4, 0xbc, 0xc4, 0xbc, 0xe4, 0xbc, 0xc4, 0xc4, 0xe4, 0xc4, 0xe4, 0xbc,
    0xe4, 0xc4, 0xc4, 0xc4, 0xc4, 0xc4, 0xc4, 0xc4, 0xc5, 0xc4, 0xc4, 0xc4,
    0xc4, 0xc4, 0xc4, 0xc4, 0xc4, 0xc4, 0xc5, 0xc4, 0xc4, 0xc4, 0xc5, 0xc4,
    0xc5, 0xc4, 0xc4, 0xc4, 0xc4, 0xc4, 0xc4, 0xc4, 0xc5, 0xc4, 0xc5, 0xc4,
    0xc4, 0xc4, 0xc5, 0xc4, 0xc5, 0xc4, 0xc4, 0xc4, 0xc5, 0xc4, 0xc5, 0xc4,
    0xc4, 0xc4, 0xc4, 0xc4, 0xc5, 0xc4, 0xc4, 0xc4, 0xc5, 0xc4, 0xc4, 0xc4,
    0xc5, 0xc4, 0xc5, 0xc4, 0xc4, 0xc4, 0xc4, 0xc4, 0xc5, 0xc4, 0xc5, 0xc4,
    0xc5, 0xc4, 0xc4, 0xc4, 0xa5, 0xc4, 0xc4, 0xc4, 0xc5, 0xc4, 0xc5, 0xc4,
    0xa4, 0xc4, 0xa4, 0xc4, 0xa4, 0xc4, 0xa5, 0xc4, 0x84, 0xbc, 0x84, 0xc4,
    0xa4, 0xc4, 0x84, 0xbc, 0x84, 0xc4, 0xa4, 0xbc, 0x84, 0xbc, 0x84, 0xbc,
    0xa4, 0xc4, 0xa4, 0xbc, 0xa4, 0xbc, 0xa4, 0xc4, 0xa4, 0xc4, 0xc4, 0xc4,
    0xc4, 0xc4, 0xc4, 0xc4, 0xc4, 0xc4, 0xa4, 0xbc, 0xa4, 0xbc, 0xa4, 0xbc,
    0xc4, 0xbc, 0xa3, 0xb4, 0xa4, 0xbc, 0x84, 0xb4, 0xa4, 0xbc, 0x83, 0xb4,
    0x84, 0xb4, 0x84, 0xb4, 0xa3, 0xb4, 0x84, 0xb4, 0xa4, 0xbc, 0x84, 0xbc,
    0x84, 0xbc, 0x84, 0xb4, 0x84, 0xbc, 0x84, 0xb4, 0x84, 0xb4, 0x83, 0xac,
    0x64, 0xb4, 0x64, 0xac, 0x64, 0xb4, 0x64, 0xac, 0x64, 0xac, 0x64, 0xac,
    0x43, 0xac, 0x44, 0xac, 0x44, 0xa4, 0x24, 0xa4, 0x23, 0x9c, 0x42, 0x74,
    0x42, 0x64, 0x62, 0x64, 0x62, 0x5c, 0x41, 0x54, 0x22, 0x5c, 0x22, 0x64,
    0x23, 0x74, 0x03, 0x74, 0x02, 0x4c, 0x22, 0x4c, 0x22, 0x44, 0x03, 0x5c,
    0x24, 0xab, 0x44, 0xbb, 0x23, 0xbb, 0x24, 0xbb, 0x44, 0xb3, 0x44, 0xbb,
    0x24, 0xbb, 0x24, 0xbb, 0x24, 0xbb, 0x23, 0xbb, 0x24, 0xbb, 0x24, 0xbb,
    0xa1, 0x84, 0xa2, 0x8c, 0xa2, 0x8c, 0xa2, 0x8c, 0x81, 0x8c, 0xa2, 0x94,
    0xa2, 0x8c, 0xa1, 0x8c, 0x82, 0x8c, 0x82, 0x8c, 0xa1, 0x8c, 0x81, 0x8c,
    0x82, 0x8c, 0x81, 0x8c, 0x61, 0x8c, 0x82, 0x8c, 0x82, 0x84, 0x62, 0x84,
    0x62, 0x84, 0x62, 0x7c, 0x42, 0x7c, 0x02, 0x74, 0xe3, 0x6b, 0xc3, 0x6b,
    0xa3, 0x6b, 0xe3, 0x6b, 0xa3, 0x63, 0xe3, 0x5a, 0x42, 0x4a, 0xa1, 0x39,
    0x61, 0x49, 0x61, 0x49, 0x40, 0x51, 0x81, 0x59, 0xa0, 0x59, 0xa0, 0x61,
    0xc0, 0x61, 0xc0, 0x61, 0xc1, 0x69, 0xc0, 0x61, 0xc0, 0x69, 0xc0, 0x61,
    0xc0, 0x61, 0x80, 0x61, 0x60, 0x59, 0x61, 0x51, 0x61, 0x41, 0x81, 0x39,
    0xe2, 0x39, 0x82, 0x4a, 0x43, 0x5b, 0xc4, 0x6b, 0xc4, 0x6b, 0xa4, 0x6b,
    0xa3, 0x6b, 0xc4, 0x6b, 0xe3, 0x6b, 0xe4, 0x73, 0xe4, 0x73, 0xe3, 0x6b,
    0x03, 0x74, 0xe3, 0x6b, 0x03, 0x74, 0x23, 0x74, 0x43, 0x74, 0x43, 0x7c,
    0x63, 0x84, 0x82, 0x84, 0x62, 0x84, 0x82, 0x84, 0x82, 0x84, 0x82, 0x84,
    0x82, 0x84, 0x82, 0x84, 0xa2, 0x8c, 0xa2, 0x8c, 0xa2, 0x8c, 0xa2, 0x8c,
    0xa2, 0x8c, 0xa2, 0x8c, 0xa2, 0x8c, 0xa2, 0x8c, 0xc2, 0x8c, 0xc2, 0x94,
    0xc2, 0x94, 0xc2, 0x8c, 0xa2, 0x94, 0xc2, 0x94, 0xc2, 0x94, 0xc2, 0x9c,
    0xc2, 0x9c, 0xc2, 0x9c, 0xc2, 0x9c, 0xe2, 0x9c, 0xe2, 0x9c, 0xe3, 0xa4,
    0xe3, 0xac, 0xe3, 0xac, 0xe3, 0xb4, 0xe3, 0xac, 0xe3, 0xac, 0xe3, 0xa4,
    0xe3, 0xa4, 0xe3, 0xac, 0xe3, 0xb4, 0xe3, 0xac, 0xe3, 0xac, 0xe3, 0xac,
    0x03, 0xb5, 0xe3, 0xb4, 0xe4, 0xbc, 0xe4, 0xbc, 0xe4, 0xbc, 0xe4, 0xbc,
    0xe4, 0xbc, 0xe4, 0xbc, 0xe4, 0xbc, 0xe4, 0xc4, 0xc4, 0xbc, 0xc4, 0xc4,
    0xc4, 0xc4, 0xe4, 0xc4, 0xc4, 0xc4, 0xc4, 0xbc, 0xe5, 0xc4, 0xc5, 0xc4,
    0xc4, 0xc4, 0xc4, 0xc4, 0xc5, 0xc4, 0xc4, 0xc4, 0xe5, 0xc4, 0xc4, 0xc4,
    0xe5, 0xcc, 0xc5, 0xcc, 0xc5, 0xc4, 0xe5, 0xc4, 0xc4, 0xc4, 0xe5, 0xcc,
    0xc4, 0xc4, 0xc5, 0xc4, 0xc4, 0xc4, 0xc4, 0xc4, 0xc4, 0xc4, 0xc4, 0xc4,
    0xa4, 0xc4, 0xc5, 0xc4, 0xc4, 0xc4, 0xc5, 0xc4, 0xe4, 0xcc, 0xc5, 0xc4,
    0xc4, 0xc4, 0xc4, 0xc4, 0xc4, 0xc4, 0xc5, 0xc4, 0xc4, 0xc4, 0xc4, 0xc4,
    0xc4, 0xc4, 0xc4, 0xc4, 0xc5, 0xc4, 0xa4, 0xc4, 0xa4, 0xc4, 0xa4, 0xc4,
    0xc5, 0xc4, 0xa4, 0xc4, 0xa5, 0xc4, 0xa4, 0xc4, 0xa4, 0xbc, 0xa4, 0xbc,
    0xa4, 0xbc, 0xa4, 0xbc, 0xa4, 0xbc, 0xa4, 0xc4, 0xa4, 0xbc, 0xa4, 0xbc,
    0xa3, 0xbc, 0xa3, 0xb4, 0xa4, 0xb4, 0xc4, 0xbc, 0xa4, 0xbc, 0xa4, 0xbc,
    0xa4, 0xbc, 0xa4, 0xbc, 0xa4, 0xbc, 0xc4, 0xbc, 0xa3, 0xb4, 0xa3, 0xb4,
    0xa3, 0xb4, 0xa3, 0xb4, 0xa3, 0xb4, 0xa3, 0xb4, 0xa3, 0xb4, 0x84, 0xb4,
    0xa3, 0xb4, 0xa3, 0xb4, 0xa3, 0xac, 0xa3, 0xb4, 0x83, 0xb4, 0xa4, 0xb4,
    0x84, 0xb4, 0xa4, 0xb4, 0xa4, 0xbc, 0x84, 0xb4, 0x84, 0xb4, 0x83, 0xb4,
    0x83, 0xac, 0x63, 0xac, 0x63, 0xac, 0x64, 0xac, 0x43, 0xa4, 0x43, 0xa4,
    0x43, 0xa4, 0x43, 0xa4, 0x43, 0x9c, 0x23, 0x94, 0x43, 0x8c, 0x43, 0x7c,
    0x42, 0x64, 0x42, 0x64, 0x42, 0x64, 0x42, 0x64, 0x42, 0x5c, 0x41, 0x5c,
    0x42, 0x5c, 0x22, 0x54, 0x02, 0x54, 0x22, 0x4c, 0xa3, 0x7b, 0x04, 0xbb,
    0x24, 0xb3, 0x24, 0xbb, 0x44, 0xbb, 0x23, 0xb3, 0x24, 0xb3, 0x44, 0xbb,
    0x23, 0xbb, 0x24, 0xbb, 0x24, 0xbb, 0x24, 0xbb, 0x24, 0xbb, 0x24, 0xbb,
    0xa2, 0x8c, 0x82, 0x8c, 0x82, 0x8c, 0xa1, 0x8c, 0xa2, 0x94, 0xa2, 0x8c,
    0x81, 0x8c, 0xa2, 0x94, 0xa1, 0x94, 0x81, 0x8c, 0x82, 0x8c, 0xa1, 0x94,
    0xa2, 0x8c, 0x82, 0x8c, 0x81, 0x8c, 0x81, 0x8c, 0x81, 0x8c, 0x61, 0x8c,
    0x81, 0x8c, 0x61, 0x8c, 0x82, 0x8c, 0x82, 0x8c, 0x81, 0x8c, 0x62, 0x8c,
    0x62, 0x84, 0x42, 0x84, 0x22, 0x7c, 0x22, 0x7c, 0x23, 0x7c, 0x22, 0x7c,
    0x22, 0x7c, 0x43, 0x7c, 0x43, 0x7c, 0x03, 0x7c, 0xa3, 0x73, 0x62, 0x6b,
    0x23, 0x63, 0xe2, 0x62, 0xe2, 0x5a, 0xe2, 0x5a, 0x02, 0x5b, 0x43, 0x63,
    0x83, 0x6b, 0xe3, 0x73, 0x23, 0x74, 0x24, 0x7c, 0x04, 0x74, 0xe3, 0x73,
    0xc3, 0x6b, 0xc3, 0x6b, 0xe4, 0x73, 0xc3, 0x6b, 0xe3, 0x6b, 0xe4, 0x73,
    0xe3, 0x73, 0xe3, 0x73, 0xe4, 0x73, 0xe3, 0x73, 0xe3, 0x73, 0x03, 0x74,
    0x03, 0x74, 0x43, 0x7c, 0x62, 0x84, 0x62, 0x8c, 0x82, 0x8c, 0xa2, 0x8c,
    0x82, 0x8c, 0x82, 0x8c, 0xa2, 0x8c, 0xa2, 0x8c, 0x82, 0x8c, 0x82, 0x8c,
    0xa2, 0x8c, 0x82, 0x8c, 0xa2, 0x8c, 0xa2, 0x8c, 0xa2, 0x8c, 0xa2, 0x8c,
    0xa2, 0x8c, 0xa1, 0x8c, 0xc2, 0x94, 0xa2, 0x94, 0xc2, 0x9c, 0xc2, 0x9c,
    0xc2, 0x94, 0xc2, 0x94, 0xc2, 0x9c, 0xc2, 0x9c, 0xe2, 0xa4, 0xc2, 0x9c,
    0xc3, 0x9c, 0xc2, 0xa4, 0xe3, 0xa4, 0xc3, 0xac, 0xe3, 0xac, 0xe3, 0xac,
    0xe4, 0xb4, 0xe4, 0xbc, 0xe4, 0xbc, 0xe3, 0xb4, 0xe3, 0xb4, 0xc3, 0xac,
    0xe3, 0xac, 0xe3, 0xb4, 0xe3, 0xb4, 0xe3, 0xb4, 0xe3, 0xac, 0xe3, 0xb4,
    0xe4, 0xbc, 0xe4, 0xbc, 0xe4, 0xbc, 0xe4, 0xbc, 0xe4, 0xbc, 0xe4, 0xc4,
    0xc4, 0xc4, 0xe4, 0xc4, 0xe4, 0xc4, 0xe4, 0xc4, 0xe4, 0xbc, 0xc4, 0xc4,
    0xc4, 0xbc, 0xc5, 0xc4, 0xc4, 0xc4, 0xe5, 0xc4, 0xc4, 0xc4, 0xc4, 0xc4,
    0xe5, 0xc4, 0xe5, 0xc4, 0xe5, 0xc4, 0xe5, 0xc4, 0xc4, 0xc4, 0xe4, 0xc4,
    0xe5, 0xc4, 0xc4, 0xc4, 0xc4, 0xcc, 0xe5, 0xcc, 0xe4, 0xcc, 0xc4, 0xc4,
    0xe5, 0xc4, 0xc4, 0xc4, 0xc4, 0xc4, 0xc5, 0xcc, 0xc5, 0xc4, 0xc4, 0xc4,
    0xc4, 0xc4, 0xc4, 0xc4, 0xe5, 0xcc, 0xc4, 0xc4, 0xc4, 0xc4, 0xc4, 0xc4,
    0xc4, 0xc4, 0xe5, 0xcc, 0xc4, 0xc4, 0xc4, 0xc4, 0xc4, 0xc4, 0xc4, 0xc4,
    0xa4, 0xc4, 0xc4, 0xc4, 0xc4, 0xc4, 0xa5, 0xc4, 0xc4, 0xc4, 0xa4, 0xc4,
    0xa4, 0xc4, 0xa4, 0xc4, 0xa4, 0xc4, 0xa4, 0xbc, 0xa4, 0xbc, 0xa3, 0xb4,
    0xa4, 0xb4, 0xa4, 0xbc, 0xa4, 0xbc, 0xa4, 0xbc, 0xa3, 0xb4, 0xa4, 0xbc,
    0xc4, 0xbc, 0x83, 0xac, 0xa3, 0xac, 0xa3, 0xac, 0xc3, 0xb4, 0xc4, 0xbc,
    0xc4, 0xbc, 0xa4, 0xbc, 0xa3, 0xb4, 0xa3, 0xb4, 0xa3, 0xb4, 0xc2, 0xac,
    0xc3, 0xa4, 0xa3, 0xa4, 0xa3, 0xac, 0xa3, 0xb4, 0xa3, 0xb4, 0xa4, 0xb4,
    0xa3, 0xb4, 0xa2, 0xa4, 0x82, 0x9c, 0x83, 0xac, 0x83, 0xb4, 0xa4, 0xb4,
    0xa3, 0xb4, 0x83, 0xb4, 0x83, 0xb4, 0x83, 0xb4, 0x84, 0xb4, 0x64, 0xac,
    0x64, 0xac, 0x83, 0xac, 0x63, 0xac, 0x64, 0xac, 0x64, 0xac, 0x63, 0xa4,
    0x63, 0x9c, 0x63, 0x9c, 0x63, 0x9c, 0x43, 0x8c, 0x43, 0x94, 0x23, 0x8c,
    0x22, 0x6c, 0x41, 0x64, 0x42, 0x64, 0x42, 0x64, 0x42, 0x5c, 0x42, 0x5c,
    0x42, 0x5c, 0x22, 0x5c, 0x22, 0x54, 0x43, 0x93, 0x04, 0xb3, 0x04, 0xb3,
    0x24, 0xbb, 0x24, 0xb3, 0x23, 0xbb, 0x24, 0xbb, 0x24, 0xbb, 0x24, 0xbb,
    0x24, 0xbb, 0x24, 0xbb, 0x23, 0xb3, 0x24, 0xb3, 0x24, 0xb3, 0x24, 0xb3,
    0x82, 0x8c, 0x81, 0x8c, 0xa2, 0x8c, 0xa2, 0x8c, 0xa1, 0x8c, 0xa2, 0x94,
    0x82, 0x8c, 0xa2, 0x8c, 0xa2, 0x94, 0xa1, 0x8c, 0xa2, 0x94, 0x82, 0x94,
    0x82, 0x8c, 0x81, 0x8c, 0x81, 0x8c, 0x82, 0x8c, 0x82, 0x8c, 0x81, 0x8c,
    0x81, 0x8c, 0x82, 0x8c, 0x81, 0x8c, 0x81, 0x8c, 0x81, 0x8c, 0x81, 0x8c,
    0x82, 0x8c, 0x82, 0x8c, 0x82, 0x8c, 0x61, 0x8c, 0x62, 0x8c, 0x62, 0x8c,
    0x62, 0x8c, 0x42, 0x84, 0x42, 0x84, 0x42, 0x84, 0x42, 0x84, 0x42, 0x84,
    0x42, 0x84, 0x62, 0x84, 0x62, 0x84, 0x43, 0x8c, 0x42, 0x8c, 0x62, 0x8c,
    0x62, 0x84, 0x62, 0x8c, 0x62, 0x8c, 0x62, 0x8c, 0x42, 0x8c, 0x43, 0x8c,
    0x42, 0x84, 0x43, 0x84, 0x43, 0x84, 0x43, 0x84, 0x23, 0x84, 0x43, 0x84,
    0x23, 0x84, 0x43, 0x84, 0x43, 0x84, 0x43, 0x84, 0x62, 0x8c, 0x82, 0x8c,
    0xa2, 0x94, 0xa2, 0x94, 0xa2, 0x94, 0xa2, 0x94, 0x82, 0x94, 0xa2, 0x94,
    0xa2, 0x8c, 0xa2, 0x8c, 0xa2, 0x8c, 0x82, 0x8c, 0xa2, 0x94, 0xa2, 0x94,
    0xa2, 0x94, 0xc2, 0x94, 0xa2, 0x94, 0xa2, 0x94, 0xa2, 0x94, 0xc2, 0x94,
    0xc2, 0x94, 0xc2, 0x94, 0xc2, 0x94, 0xc2, 0xa4, 0xc3, 0xac, 0xc3, 0xa4,
    0xc2, 0x9c, 0xc2, 0x9c, 0xc2, 0xa4, 0xc3, 0xa4, 0xc3, 0xac, 0xc3, 0xac,
    0xe3, 0xac, 0xe3, 0xac, 0xe4, 0xb4, 0xe4, 0xb4, 0xc3, 0xb4, 0xe4, 0xb4,
    0xe4, 0xbc, 0xe4, 0xbc, 0xc4, 0xbc, 0xe4, 0xbc, 0xe4, 0xbc, 0xe3, 0xbc,
    0xe4, 0xbc, 0xe4, 0xbc, 0xe4, 0xbc, 0xe4, 0xbc, 0xe3, 0xb4, 0xe4, 0xbc,
    0xe4, 0xbc, 0xe4, 0xbc, 0xe4, 0xbc, 0xe4, 0xc4, 0xe4, 0xc4, 0xe4, 0xc4,
    0xe4, 0xc4, 0xe4, 0xc4, 0xe4, 0xc4, 0xe4, 0xc4, 0xe5, 0xc4, 0xe4, 0xc4,
    0xc4, 0xc4, 0xe4, 0xc4, 0xe5, 0xc4, 0xe4, 0xc4, 0xc4, 0xc4, 0xe4, 0xc4,
    0xc4, 0xc4, 0xc5, 0xc4, 0xe4, 0xc4, 0xe4, 0xc4, 0xe5, 0xcc, 0xe5, 0xc4,
    0xc4, 0xc4, 0xe5, 0xc4, 0xe5, 0xcc, 0xe4, 0xc4, 0xc5, 0xc4, 0xe5, 0xcc,
    0xe5, 0xcc, 0xe4, 0xcc, 0xe4, 0xc4, 0xc5, 0xc4, 0xc4, 0xc4, 0xe5, 0xc4,
    0xe5, 0xcc, 0xc4, 0xc4, 0xe5, 0xc4, 0xe4, 0xc4, 0xe5, 0xcc, 0xc5, 0xc4,
    0xc4, 0xc4, 0xc4, 0xc4, 0xe5, 0xc4, 0xc4, 0xc4, 0xc5, 0xc4, 0xc5, 0xc4,
    0xc5, 0xc4, 0xc4, 0xc4, 0xc4, 0xc4, 0xc5, 0xc4, 0xc4, 0xbc, 0xc4, 0xbc,
    0xc4, 0xc4, 0xa4, 0xc4, 0xc4, 0xc4, 0xa4, 0xc4, 0xa4, 0xbc, 0xa3, 0xb4,
    0xa3, 0xb4, 0xa3, 0xb4, 0xc3, 0xbc, 0xa3, 0xb4, 0xa2, 0xa4, 0xa2, 0xac,
    0xa3, 0xbc, 0xc3, 0xb4, 0xc2, 0xac, 0xa2, 0xac, 0xa2, 0xa4, 0xc2, 0xac,
    0xa3, 0xb4, 0xc4, 0xbc, 0xc3, 0xb4, 0xa3, 0xb4, 0xa2, 0xa4, 0xc2, 0xa4,
    0xa2, 0x9c, 0xa2, 0x9c, 0xa2, 0xa4, 0xa4, 0xb4, 0xa3, 0xb4, 0xa3, 0xb4,
    0xa3, 0xa4, 0xa2, 0x94, 0xa2, 0x9c, 0xa3, 0xa4, 0x83, 0xac, 0x83, 0xac,
    0xa3, 0xac, 0xa3, 0xac, 0x83, 0xa4, 0x84, 0xac, 0x63, 0xac, 0x63, 0xac,
    0x63, 0xa4, 0x83, 0x9c, 0x63, 0x9c, 0x43, 0xa4, 0x63, 0xa4, 0x63, 0xa4,
    0x63, 0x9c, 0x63, 0x94, 0x63, 0x94, 0x63, 0x94, 0x63, 0x94, 0x23, 0x8c,
    0x22, 0x84, 0x42, 0x64, 0x22, 0x64, 0x21, 0x5c, 0x22, 0x5c, 0x22, 0x5c,
    0x22, 0x54, 0x22, 0x54, 0x43, 0x9b, 0x23, 0xb3, 0x04, 0xb3, 0x03, 0xb3,
    0x24, 0xbb, 0x24, 0xbb, 0x24, 0xbb, 0x24, 0xb3, 0x23, 0xbb, 0x24, 0xb3,
    0x24, 0xb3, 0x23, 0xb3, 0x24, 0xbb, 0x04, 0xb3, 0x04, 0xb3, 0x04, 0xb3,
    0x82, 0x8c, 0x81, 0x8c, 0xa2, 0x8c, 0x82, 0x8c, 0x81, 0x8c, 0xa1, 0x8c,
    0xa2, 0x94, 0xa2, 0x8c, 0xa1, 0x94, 0xa1, 0x94, 0xa2, 0x8c, 0xc2, 0x94,
    0xa1, 0x94, 0xa2, 0x94, 0xa2, 0x94, 0xa1, 0x94, 0xa1, 0x8c, 0xa2, 0x8c,
    0xa2, 0x94, 0xa1, 0x94, 0xa2, 0x8c, 0x82, 0x8c, 0xa1, 0x94, 0xa2, 0x94,
    0xa2, 0x8c, 0x81, 0x8c, 0x82, 0x94, 0x82, 0x94, 0x81, 0x8c, 0x82, 0x94,
    0x82, 0x8c, 0x81, 0x8c, 0x81, 0x8c, 0x82, 0x8c, 0x82, 0x8c, 0x82, 0x8c,
    0x82, 0x94, 0x82, 0x94, 0x82, 0x94, 0x82, 0x8c, 0x82, 0x94, 0x82, 0x8c,
    0x82, 0x94, 0x82, 0x94, 0x82, 0x94, 0x82, 0x94, 0x82, 0x94, 0x82, 0x94,
    0x82, 0x94, 0x82, 0x94, 0x82, 0x9c, 0x82, 0x9c, 0x82, 0x94, 0x82, 0x94,
    0x82, 0x9c, 0xa2, 0x9c, 0xa2, 0x9c, 0xa2, 0x9c, 0xa2, 0x9c, 0xa2, 0x9c,
    0xa2, 0x9c, 0xa2, 0x9c, 0xa2, 0x9c, 0xa2, 0x94, 0xa2, 0x94, 0xa2, 0x94,
    0xa2, 0x94, 0xa2, 0x94, 0xa2, 0x94, 0xa2, 0x94, 0xa2, 0x94, 0xa2, 0x9c,
    0xa2, 0x94, 0xa2, 0x94, 0xa2, 0x9c, 0xa2, 0x9c, 0xc2, 0x9c, 0xa2, 0x9c,
    0xc2, 0xa4, 0xc3, 0xa4, 0xc3, 0xa4, 0xc3, 0xac, 0xc3, 0xac, 0xc3, 0xb4,
    0xc4, 0xb4, 0xc3, 0xac, 0xc3, 0xac, 0xe4, 0xb4, 0xe4, 0xb4, 0xc3, 0xb4,
    0xe4, 0xbc, 0xc4, 0xbc, 0xc4, 0xbc, 0xe4, 0xbc, 0xc4, 0xbc, 0xe4, 0xbc,
    0xe4, 0xbc, 0xc4, 0xbc, 0xc4, 0xbc, 0xe4, 0xbc, 0xe4, 0xc4, 0xe4, 0xbc,
    0xe4, 0xbc, 0xe4, 0xc4, 0xe4, 0xbc, 0xe4, 0xbc, 0xe4, 0xc4, 0xe4, 0xc4,
    0xe4, 0xc4, 0xe4, 0xc4, 0xe4, 0xc4, 0xe4, 0xc4, 0xe4, 0xc4, 0xe4, 0xc4,
    0xe5, 0xc4, 0xe4, 0xc4, 0xe5, 0xc4, 0xc4, 0xc4, 0xc4, 0xc4, 0xe5, 0xc4,
    0xe4, 0xc4, 0xe4, 0xbc, 0xc5, 0xc4, 0xe4, 0xc4, 0xc5, 0xc4, 0xe4, 0xc4,
    0xe4, 0xc4, 0xe5, 0xc4, 0xc4, 0xc4, 0xc4, 0xc4, 0xe5, 0xc4, 0xe4, 0xcc,
    0xe4, 0xc4, 0xc4, 0xcc, 0xe4, 0xc4, 0xe5, 0xc4, 0xe5, 0xc4, 0xc4, 0xc4,
    0xc4, 0xc4, 0xe4, 0xc4, 0xc4, 0xc4, 0xe5, 0xc4, 0xc4, 0xcc, 0xc4, 0xc4,
    0xc4, 0xc4, 0xe4, 0xc4, 0xc4, 0xc4, 0xc4, 0xc4, 0xe4, 0xc4, 0xc4, 0xc4,
    0xc4, 0xc4, 0xc4, 0xc4, 0xc4, 0xc4, 0xc4, 0xc4, 0xc4, 0xc4, 0xc4, 0xc4,
    0xc4, 0xc4, 0xc4, 0xc4, 0xc4, 0xc4, 0xc4, 0xc4, 0xa4, 0xbc, 0xc4, 0xc4,
    0xa4, 0xbc, 0xa4, 0xbc, 0xc4, 0xbc, 0xc4, 0xbc, 0xc3, 0xbc, 0xa2, 0xac,
    0xa2, 0xa4, 0xa2, 0xac, 0xc3, 0xac, 0xa2, 0xa4, 0xc2, 0xa4, 0xa2, 0xac,
    0xc3, 0xb4, 0xc3, 0xb4, 0xc3, 0xb4, 0xc2, 0xac, 0xa2, 0xa4, 0xa2, 0x9c,
    0xc2, 0xa4, 0xc3, 0xb4, 0xc3, 0xb4, 0xc3, 0xac, 0xc2, 0x9c, 0xa2, 0x9c,
    0xa2, 0x9c, 0xc2, 0x9c, 0xa2, 0x9c, 0xc3, 0xb4, 0xa3, 0xb4, 0xa3, 0xa4,
    0xa2, 0x9c, 0xa2, 0x94, 0x82, 0x9c, 0xa3, 0xa4, 0xa2, 0xa4, 0xa2, 0x9c,
    0xa2, 0x9c, 0x82, 0x94, 0x83, 0xa4, 0x83, 0xac, 0xa3, 0xac, 0x83, 0x9c,
    0x82, 0x8c, 0x82, 0x84, 0x82, 0x8c, 0x83, 0x9c, 0x63, 0xa4, 0x63, 0x9c,
    0x63, 0x9c, 0x63, 0x94, 0x43, 0x94, 0x42, 0x94, 0x62, 0x8c, 0x62, 0x8c,
    0x42, 0x8c, 0x62, 0x84, 0x42, 0x64, 0x42, 0x5c, 0x22, 0x5c, 0x22, 0x5c,
    0x22, 0x5c, 0x03, 0xa3, 0xe3, 0xb2, 0x04, 0xb3, 0x24, 0xbb, 0x24, 0xb3,
    0x03, 0xb3, 0x24, 0xb3, 0x03, 0xb3, 0x04, 0xbb, 0x04, 0xb3, 0x04, 0xbb,
    0x03, 0xb3, 0x04, 0xb3, 0x04, 0xb3, 0x03, 0xb3, 0x04, 0xb3, 0x03, 0xb3,
    0x82, 0x84, 0x81, 0x84, 0x82, 0x84, 0xa2, 0x8c, 0x81, 0x8c, 0xa1, 0x8c,
    0xa2, 0x8c, 0x82, 0x8c, 0xa1, 0x8c, 0xa2, 0x94, 0xa2, 0x94, 0xa1, 0x94,
    0xc2, 0x94, 0xa1, 0x94, 0xa2, 0x94, 0xa2, 0x94, 0xa1, 0x94, 0xa1, 0x94,
    0xa2, 0x8c, 0x81, 0x8c, 0x81, 0x8c, 0x81, 0x8c, 0x82, 0x8c, 0xa2, 0x8c,
    0x81, 0x94, 0xa1, 0x94, 0xa1, 0x94, 0xa2, 0x94, 0xa2, 0x94, 0xa2, 0x94,
    0xa2, 0x94, 0x81, 0x94, 0x82, 0x94, 0x82, 0x94, 0x82, 0x94, 0x81, 0x94,
    0x82, 0x94, 0x82, 0x94, 0x82, 0x94, 0x82, 0x94, 0x82, 0x94, 0x82, 0x94,
    0xa2, 0x94, 0x82, 0x94, 0x81, 0x94, 0x82, 0x94, 0xa2, 0x94, 0x82, 0x9c,
    0xa2, 0x9c, 0xa2, 0x9c, 0x82, 0x9c, 0xa2, 0x9c, 0xa2, 0x9c, 0xa2, 0x9c,
    0xa2, 0x9c, 0xa2, 0x9c, 0xa2, 0xa4, 0xc2, 0xa4, 0xa2, 0x9c, 0xa3, 0x9c,
    0xc3, 0xa4, 0xa2, 0x9c, 0xa2, 0x9c, 0xc2, 0x9c, 0xa3, 0x9c, 0xa2, 0xa4,
    0xa3, 0xa4, 0xa2, 0x9c, 0xa2, 0x9c, 0xa2, 0x9c, 0xa2, 0x9c, 0xc3, 0xa4,
    0xa3, 0xa4, 0xc3, 0xa4, 0xc3, 0xac, 0xc3, 0xa4, 0xc3, 0xac, 0xc3, 0xac,
    0xc3, 0xac, 0xc3, 0xb4, 0xc3, 0xb4, 0xc4, 0xb4, 0xc4, 0xb4, 0xc4, 0xbc,
    0xc4, 0xbc, 0xc4, 0xbc, 0xe4, 0xbc, 0xe4, 0xbc, 0xc4, 0xbc, 0xe4, 0xbc,
    0xc4, 0xbc, 0xe4, 0xc4, 0xe4, 0xbc, 0xe4, 0xbc, 0xe4, 0xbc, 0xe4, 0xc4,
    0xe4, 0xc4, 0xe4, 0xc4, 0xe4, 0xc4, 0xe4, 0xc4, 0xe4, 0xc4, 0xe5, 0xc4,
    0xe4, 0xc4, 0xe4, 0xc4, 0xe5, 0xc4, 0xe4, 0xc4, 0xe4, 0xc4, 0x05, 0xc5,
    0x05, 0xc5, 0xe4, 0xc4, 0xe4, 0xc4, 0xe5, 0xc4, 0xe4, 0xc4, 0xe5, 0xc4,
    0xe5, 0xc4, 0xe4, 0xc4, 0xc5, 0xc4, 0xc4, 0xc4, 0xe4, 0xc4, 0xe4, 0xc4,
    0xc5, 0xc4, 0xc4, 0xc4, 0xe5, 0xc4, 0xc5, 0xc4, 0xe4, 0xc4, 0xe5, 0xc4,
    0xe5, 0xc4, 0xc4, 0xc4, 0xc5, 0xc4, 0xc5, 0xc4, 0xe4, 0xcc, 0xe5, 0xc4,
    0xe5, 0xcc, 0xe4, 0xc4, 0xe5, 0xcc, 0xe4, 0xcc, 0xc4, 0xc4, 0xc4, 0xc4,
    0xe5, 0xc4, 0xc5, 0xc4, 0xe5, 0xcc, 0xc4, 0xcc, 0xe5, 0xc4, 0xe4, 0xc4,
    0xc5, 0xc4, 0xc5, 0xc4, 0xc4, 0xc4, 0xe4, 0xc4, 0xc4, 0xc4, 0xe4, 0xc4,
    0xc4, 0xc4, 0xc4, 0xbc, 0xc4, 0xc4, 0xc4, 0xc4, 0xc4, 0xc4, 0xc4, 0xc4,
    0xc4, 0xc4, 0xc4, 0xc4, 0xa4, 0xbc, 0xc4, 0xc4, 0xc4, 0xc4, 0xa4, 0xbc,
    0xa3, 0xbc, 0xc3, 0xb4, 0xa3, 0xb4, 0xa3, 0xb4, 0xc3, 0xb4, 0xc2, 0xac,
    0xa2, 0xa4, 0xa2, 0xa4, 0xa2, 0xa4, 0xa2, 0xa4, 0xa2, 0xa4, 0xa2, 0xa4,
    0xc3, 0xac, 0xc3, 0xb4, 0xc3, 0xb4, 0xc3, 0xac, 0xa2, 0x9c, 0xa2, 0x94,
    0xa2, 0x9c, 0xc2, 0xa4, 0xa3, 0xac, 0xc2, 0xa4, 0xa2, 0x9c, 0xa2, 0x94,
    0xc2, 0x94, 0xa2, 0x9c, 0xa2, 0x9c, 0xa3, 0xa4, 0xa3, 0xac, 0xa2, 0x9c,
    0xa2, 0x94, 0xa2, 0x94, 0xa2, 0x9c, 0xc2, 0xa4, 0xa2, 0x9c, 0xa2, 0x94,
    0xa2, 0x94, 0x81, 0x8c, 0xa2, 0x9c, 0xa3, 0xac, 0x83, 0xa4, 0x82, 0x94,
    0x82, 0x84, 0x82, 0x84, 0x82, 0x84, 0x82, 0x84, 0x62, 0x8c, 0x83, 0x94,
    0x63, 0x94, 0x42, 0x8c, 0x62, 0x7c, 0x42, 0x7c, 0x62, 0x84, 0x42, 0x84,
    0x63, 0x7c, 0x63, 0x84, 0x42, 0x84, 0x22, 0x64, 0x02, 0x5c, 0x02, 0x5c,
    0x03, 0xa3, 0xe4, 0xb2, 0x04, 0xb3, 0x04, 0xb3, 0x04, 0xb3, 0x04, 0xbb,
    0x24, 0xbb, 0x04, 0xb3, 0x04, 0xbb, 0x04, 0xb3, 0x04, 0xbb, 0x04, 0xbb,
    0x04, 0xb3, 0x04, 0xb3, 0x04, 0xb3, 0x04, 0xb3, 0x04, 0xb3, 0x04, 0xb3,
    0x82, 0x84, 0x81, 0x84, 0x82, 0x84, 0x81, 0x84, 0x81, 0x84, 0x82, 0x8c,
    0xa2, 0x8c, 0xa2, 0x8c, 0xa2, 0x8c, 0xa1, 0x8c, 0xa1, 0x94, 0xa2, 0x8c,
    0xa1, 0x8c, 0xa2, 0x94, 0xa1, 0x94, 0xa2, 0x94, 0xa1, 0x8c, 0x81, 0x8c,
    0x81, 0x8c, 0x81, 0x84, 0xa2, 0x8c, 0xa1, 0x8c, 0xa1, 0x8c, 0xa1, 0x8c,
    0x81, 0x8c, 0x82, 0x94, 0x81, 0x8c, 0x81, 0x94, 0x81, 0x94, 0x82, 0x94,
    0x81, 0x94, 0x82, 0x94, 0x82, 0x94, 0x81, 0x94, 0x82, 0x94, 0xa2, 0x94,
    0x81, 0x94, 0x82, 0x94, 0x81, 0x94, 0x82, 0x94, 0xa2, 0x94, 0xa2, 0x9c,
    0xa2, 0x94, 0x82, 0x9c, 0xa2, 0x9c, 0xa2, 0x94, 0xa1, 0x9c, 0xa2, 0x9c,
    0xa2, 0x9c, 0xa2, 0x9c, 0xa2, 0x9c, 0xa2, 0x9c, 0xa2, 0x9c, 0xc2, 0xa4,
    0xc2, 0xa4, 0xa2, 0xa4, 0xa3, 0xa4, 0xc2, 0xa4, 0xa2, 0xa4, 0xa2, 0xa4,
    0xc2, 0xa4, 0xa3, 0xa4, 0xa2, 0xa4, 0xa2, 0xa4, 0xc3, 0xa4, 0xc3, 0xa4,
    0xa3, 0xa4, 0xc3, 0xac, 0xc3, 0xac, 0xc3, 0xac, 0xc3, 0xac, 0xc3, 0xac,
    0xc3, 0xac, 0xc3, 0xac, 0xc3, 0xb4, 0xa3, 0xac, 0xc3, 0xb4, 0xc3, 0xb4,
    0xc4, 0xb4, 0xc4, 0xbc, 0xc4, 0xbc, 0xc4, 0xbc, 0xc4, 0xbc, 0xc4, 0xbc,
    0xc4, 0xbc, 0xe4, 0xbc, 0xe4, 0xbc, 0xc4, 0xc4, 0xe5, 0xc4, 0xc5, 0xc4,
    0xe5, 0xc4, 0xe5, 0xc4, 0xe5, 0xc4, 0xe4, 0xc4, 0xe5, 0xc4, 0xe4, 0xc4,
    0xe5, 0xc4, 0xe5, 0xc4, 0xe5, 0xc4, 0xc5, 0xc4, 0xe5, 0xc4, 0xe5, 0xc4,
    0xe4, 0xc4, 0xe5, 0xc4, 0xe5, 0xc4, 0x04, 0xc5, 0xe5, 0xc4, 0xe5, 0xc4,
    0xe5, 0xc4, 0xe5, 0xc4, 0xe5, 0xc4, 0xe4, 0xc4, 0xe5, 0xc4, 0xe4, 0xc4,
    0xe4, 0xc4, 0xc4, 0xc4, 0xe5, 0xc4, 0xe5, 0xc4, 0xc4, 0xbc, 0xe4, 0xc4,
    0xe5, 0xc4, 0xc4, 0xc4, 0xe4, 0xc4, 0xe5, 0xc4, 0xc4, 0xc4, 0xc4, 0xc4,
    0xc4, 0xc4, 0xe5, 0xc4, 0xc4, 0xc4, 0xe4, 0xc4, 0xe5, 0xc4, 0xe5, 0xc4,
    0xc4, 0xc4, 0xe4, 0xc4, 0xe5, 0xcc, 0xc4, 0xc4, 0xe4, 0xc4, 0xc4, 0xc4,
    0xc4, 0xc4, 0xe4, 0xc4, 0xc4, 0xc4, 0xc4, 0xc4, 0xc4, 0xc4, 0xe5, 0xc4,
    0xc4, 0xc4, 0xc4, 0xc4, 0xc4, 0xc4, 0xe4, 0xc4, 0xc4, 0xc4, 0xc4, 0xbc,
    0xc3, 0xbc, 0xc3, 0xb4, 0xc3, 0xbc, 0xc4, 0xbc, 0xc4, 0xbc, 0xc3, 0xbc,
    0xc4, 0xbc, 0xc3, 0xbc, 0xa3, 0xbc, 0xc4, 0xbc, 0xc4, 0xbc, 0xc3, 0xbc,
    0xc3, 0xb4, 0xc3, 0xb4, 0xc2, 0xac, 0xa2, 0xac, 0xc3, 0xac, 0xa2, 0xa4,
    0xc2, 0xa4, 0xa2, 0xa4, 0xc2, 0xa4, 0xc2, 0xa4, 0xa2, 0xa4, 0xa2, 0x9c,
    0xc2, 0xac, 0xc3, 0xac, 0xc3, 0xb4, 0xa2, 0xac, 0xc2, 0xa4, 0xc1, 0x9c,
    0xa2, 0x94, 0xa2, 0x9c, 0xc2, 0xa4, 0xc2, 0xa4, 0xa1, 0x94, 0xa1, 0x94,
    0xa1, 0x94, 0xa1, 0x94, 0xa2, 0x9c, 0xa2, 0xa4, 0xa2, 0x9c, 0xa2, 0x94,
    0xa1, 0x94, 0xa2, 0x94, 0xa2, 0x94, 0xa2, 0x94, 0xa2, 0x94, 0x82, 0x8c,
    0x81, 0x8c, 0xa1, 0x8c, 0xa2, 0x9c, 0xa3, 0xa4, 0x82, 0x9c, 0x81, 0x84,
    0x81, 0x84, 0x81, 0x84, 0x62, 0x7c, 0x82, 0x7c, 0x81, 0x84, 0x62, 0x8c,
    0x62, 0x84, 0x42, 0x7c, 0x61, 0x74, 0x62, 0x74, 0x62, 0x74, 0x42, 0x6c,
    0x22, 0x64, 0x22, 0x64, 0x22, 0x64, 0x02, 0x5c, 0x02, 0x5c, 0x03, 0xa3,
    0xe4, 0xaa, 0x03, 0xb3, 0x03, 0xb3, 0x04, 0xb3, 0x04, 0xb3, 0x04, 0xb3,
    0x03, 0xb3, 0x03, 0xbb, 0x04, 0xb3, 0x04, 0xb3, 0x04, 0xb3, 0x03, 0xb3,
    0x04, 0xb3, 0x04, 0xb3, 0x04, 0xb3, 0x03, 0xb3, 0x04, 0xb3, 0x04, 0xb3,
    0x82, 0x84, 0x81, 0x84, 0x81, 0x84, 0x82, 0x84, 0x81, 0x84, 0x81, 0x84,
    0xa2, 0x84, 0xa1, 0x8c, 0xa1, 0x8c, 0xa1, 0x84, 0xa2, 0x8c, 0xa1, 0x8c,
    0xa1, 0x8c, 0xa1, 0x8c, 0xa2, 0x94, 0x81, 0x8c, 0x82, 0x8c, 0x81, 0x84,
    0x81, 0x84, 0x82, 0x84, 0xa1, 0x8c, 0x81, 0x8c, 0x82, 0x8c, 0xa1, 0x94,
    0xa2, 0x94, 0xa2, 0x8c, 0x81, 0x8c, 0x81, 0x8c, 0xa2, 0x9c, 0xa2, 0x94,
    0xa2, 0x9c, 0x82, 0x9c, 0xa2, 0x9c, 0x82, 0x9c, 0x82, 0x9c, 0x82, 0x94,
    0x82, 0x94, 0x82, 0x94, 0x82, 0x94, 0xa2, 0x94, 0xa2, 0x9c, 0x82, 0x94,
    0xa2, 0x9c, 0xa2, 0x9c, 0xa2, 0x9c, 0xa2, 0x9c, 0xa2, 0x9c, 0xa2, 0x9c,
    0xa2, 0x9c, 0xa2, 0xa4, 0xa2, 0x9c, 0xa2, 0x9c, 0xa2, 0xa4, 0xa2, 0xa4,
    0xa3, 0xa4, 0xc3, 0xa4, 0xc2, 0xa4, 0xa2, 0x9c, 0xa3, 0xa4, 0xa2, 0xa4,
    0xc3, 0xa4, 0xc2, 0xa4, 0xc3, 0xa4, 0xa2, 0xa4, 0xc3, 0xac, 0xc3, 0xac,
    0xc3, 0xac, 0xc3, 0xac, 0xc3, 0xb4, 0xc3, 0xb4, 0xc3, 0xb4, 0xc3, 0xb4,
    0xc3, 0xb4, 0xc3, 0xb4, 0xc3, 0xb4, 0xc4, 0xb4, 0xc4, 0xbc, 0xe4, 0xbc,
    0xc4, 0xbc, 0xc4, 0xbc, 0xc4, 0xbc, 0xc4, 0xbc, 0xe4, 0xbc, 0xe4, 0xbc,
    0xe5, 0xc4, 0xe5, 0xc4, 0xc5, 0xc4, 0xc5, 0xc4, 0xe5, 0xc4, 0xe5, 0xc4,
    0xc4, 0xc4, 0xe5, 0xc4, 0xe5, 0xc4, 0xe5, 0xc4, 0xe5, 0xc4, 0xe5, 0xc4,
    0xe5, 0xc4, 0xe4, 0xc4, 0xe5, 0xc4, 0xe4, 0xc4, 0xe5, 0xc4, 0xe5, 0xc4,
    0xe5, 0xc4, 0xe5, 0xc4, 0xe4, 0xc4, 0xe5, 0xc4, 0x05, 0xc5, 0xe5, 0xc4,
    0xe4, 0xcc, 0xe5, 0xc4, 0x05, 0xc5, 0xe5, 0xcc, 0xe4, 0xc4, 0xc5, 0xc4,
    0xe4, 0xc4, 0xe4, 0xc4, 0xe5, 0xc4, 0xe5, 0xc4, 0xe4, 0xc4, 0xe4, 0xc4,
    0xe5, 0xc4, 0xc4, 0xc4, 0xe4, 0xc4, 0xe5, 0xc4, 0xc4, 0xc4, 0xc4, 0xc4,
    0xc5, 0xc4, 0xe4, 0xc4, 0xe4, 0xc4, 0xe5, 0xc4, 0xe5, 0xcc, 0xc4, 0xc4,
    0xc4, 0xc4, 0xe5, 0xc4, 0xc4, 0xc4, 0xc5, 0xc4, 0xe5, 0xc4, 0xe5, 0xc4,
    0xe4, 0xcc, 0xc4, 0xc4, 0xc4, 0xc4, 0xc4, 0xc4, 0xc5, 0xc4, 0xc4, 0xc4,
    0xc4, 0xc4, 0xc4, 0xc4, 0xc4, 0xc4, 0xe4, 0xc4, 0xc4, 0xbc, 0xc3, 0xbc,
    0xc3, 0xb4, 0xc3, 0xb4, 0xc3, 0xb4, 0xc3, 0xbc, 0xc3, 0xbc, 0xc3, 0xbc,
    0xc3, 0xb4, 0xc3, 0xb4, 0xa3, 0xb4, 0xc3, 0xb4, 0xc3, 0xbc, 0xa3, 0xb4,
    0xc3, 0xb4, 0xa3, 0xac, 0xc2, 0xa4, 0xc2, 0xa4, 0xa2, 0xa4, 0xc2, 0xa4,
    0xc2, 0xa4, 0xc2, 0xa4, 0xc2, 0xa4, 0xc2, 0xac, 0xc2, 0xa4, 0xc2, 0xa4,
    0xa2, 0xa4, 0xc2, 0xa4, 0xc2, 0xa4, 0xc2, 0xac, 0xc2, 0xa4, 0xc2, 0x9c,
    0xa1, 0x9c, 0xc1, 0x9c, 0xc2, 0xa4, 0xc2, 0x9c, 0xa2, 0x94, 0xa1, 0x94,
    0xc2, 0x94, 0xa2, 0x94, 0xc2, 0x9c, 0xc2, 0x9c, 0xa1, 0x94, 0xa1, 0x94,
    0xa1, 0x8c, 0xa1, 0x94, 0xa2, 0x94, 0xa1, 0x8c, 0xa1, 0x8c, 0x81, 0x8c,
    0xa1, 0x8c, 0x82, 0x8c, 0xa2, 0x9c, 0x82, 0x9c, 0x82, 0x8c, 0xa2, 0x84,
    0x82, 0x84, 0xa2, 0x84, 0x82, 0x7c, 0x81, 0x7c, 0x82, 0x7c, 0x62, 0x7c,
    0x62, 0x84, 0x61, 0x7c, 0x62, 0x74, 0x62, 0x74, 0x42, 0x74, 0x42, 0x6c,
    0x42, 0x64, 0x42, 0x64, 0x41, 0x64, 0x02, 0x5c, 0x03, 0x9b, 0xe3, 0xaa,
    0xe3, 0xb2, 0x04, 0xb3, 0x04, 0xb3, 0x03, 0xb3, 0x03, 0xb3, 0x04, 0xb3,
    0xe4, 0xb2, 0x04, 0xb3, 0x04, 0xbb, 0x03, 0xb3, 0x04, 0xb3, 0xe3, 0xb2,
    0x04, 0xb3, 0x03, 0xb3, 0x04, 0xb3, 0xe3, 0xb2, 0xe4, 0xb2, 0x04, 0xb3,
    0x81, 0x7c, 0x82, 0x7c, 0x82, 0x84, 0x81, 0x84, 0x82, 0x84, 0x81, 0x84,
    0x81, 0x84, 0x81, 0x84, 0x82, 0x84, 0xa1, 0x84, 0x81, 0x84, 0xa2, 0x84,
    0x81, 0x84, 0xa2, 0x8c, 0xa1, 0x8c, 0xa2, 0x8c, 0x81, 0x84, 0x81, 0x7c,
    0x82, 0x7c, 0x81, 0x84, 0x81, 0x84, 0xa1, 0x8c, 0xa2, 0x8c, 0x82, 0x8c,
    0x81, 0x84, 0x81, 0x84, 0x82, 0x84, 0x62, 0x84, 0xa2, 0x9c, 0x82, 0x9c,
    0xa2, 0x9c, 0xa2, 0x9c, 0x82, 0x94, 0x82, 0x9c, 0x82, 0x94, 0x82, 0x9c,
    0x82, 0x9c, 0x82, 0x94, 0x82, 0x9c, 0xa2, 0x9c, 0xa2, 0x9c, 0xa2, 0x9c,
    0xa2, 0x9c, 0xa2, 0x9c, 0xa1, 0x9c, 0xa2, 0x9c, 0xa2, 0x9c, 0xa2, 0xa4,
    0xa2, 0xa4, 0xa2, 0xa4, 0xa2, 0xa4, 0xa2, 0xa4, 0xc2, 0xa4, 0xc3, 0xa4,
    0xa3, 0xa4, 0xc3, 0xac, 0xa3, 0xa4, 0xc3, 0xac, 0xc3, 0xa4, 0xa3, 0xa4,
    0xc3, 0xac, 0xc3, 0xac, 0xc3, 0xac, 0xc3, 0xac, 0xc3, 0xb4, 0xc3, 0xac,
    0xc3, 0xb4, 0xc3, 0xb4, 0xc3, 0xb4, 0xc3, 0xb4, 0xc4, 0xb4, 0xc4, 0xb4,
    0xc4, 0xbc, 0xc4, 0xbc, 0xc4, 0xbc, 0xc4, 0xbc, 0xc4, 0xbc, 0xe4, 0xbc,
    0xc4, 0xbc, 0xc4, 0xbc, 0xc4, 0xc4, 0xe5, 0xbc, 0xc4, 0xc4, 0xe5, 0xc4,
    0xc5, 0xc4, 0xc4, 0xbc, 0xe5, 0xc4, 0xe5, 0xc4, 0xe4, 0xc4, 0xe5, 0xc4,
    0xe5, 0xc4, 0xe4, 0xc4, 0xe5, 0xc4, 0xe5, 0xc4, 0xe4, 0xc4, 0xe5, 0xc4,
    0xe5, 0xc4, 0xe5, 0xc4, 0xe4, 0xc4, 0xe5, 0xc4, 0xe5, 0xc4, 0xe4, 0xc4,
    0xe5, 0xc4, 0xe5, 0xc4, 0xe5, 0xc4, 0xe5, 0xcc, 0xe5, 0xc4, 0x05, 0xc5,
    0xe4, 0xc4, 0xe4, 0xc4, 0xe5, 0xcc, 0xe5, 0xc4, 0xe5, 0xc4, 0xe4, 0xc4,
    0xe5, 0xc4, 0xc5, 0xc4, 0xe4, 0xc4, 0xc4, 0xc4, 0xe5, 0xc4, 0xe4, 0xc4,
    0xe5, 0xc4, 0xe5, 0xc4, 0xc4, 0xc4, 0xc4, 0xc4, 0xc5, 0xc4, 0xe4, 0xc4,
    0xc5, 0xc4, 0xc4, 0xc4, 0xc4, 0xc4, 0xc5, 0xc4, 0xc4, 0xc4, 0xe4, 0xcc,
    0xc5, 0xc4, 0xc4, 0xc4, 0xe4, 0xcc, 0xc4, 0xc4, 0xc4, 0xc4, 0xc4, 0xc4,
    0xc4, 0xc4, 0xc5, 0xc4, 0xe5, 0xc4, 0xc4, 0xc4, 0xc4, 0xc4, 0xc4, 0xc4,
    0xc4, 0xc4, 0xc4, 0xbc, 0xc4, 0xc4, 0xc4, 0xbc, 0xc4, 0xbc, 0xc3, 0xbc,
    0xc3, 0xbc, 0xc3, 0xb4, 0xc3, 0xb4, 0xc3, 0xb4, 0xc3, 0xb4, 0xc3, 0xb4,
    0xc3, 0xb4, 0xc2, 0xac, 0xc2, 0xac, 0xc2, 0xac, 0xc3, 0xb4, 0xc3, 0xb4,
    0xc3, 0xb4, 0xc2, 0xb4, 0xa2, 0xac, 0xa2, 0xa4, 0xc2, 0xa4, 0xa2, 0xac,
    0xc2, 0xac, 0xc2, 0xa4, 0xc2, 0xa4, 0xc2, 0xa4, 0xc2, 0xa4, 0xa2, 0xa4,
    0xa2, 0xa4, 0xa1, 0x9c, 0xa2, 0x9c, 0xc2, 0xa4, 0xc2, 0xa4, 0xa2, 0x9c,
    0xa2, 0x9c, 0xc2, 0x9c, 0xa2, 0x9c, 0xa2, 0x9c, 0xa1, 0x94, 0xa2, 0x94,
    0xa2, 0x94, 0xa1, 0x9c, 0xa2, 0x94, 0xa1, 0x94, 0xa2, 0x94, 0xa2, 0x94,
    0xa2, 0x8c, 0xa2, 0x94, 0xa1, 0x8c, 0x81, 0x8c, 0x81, 0x8c, 0xa2, 0x84,
    0x81, 0x84, 0x81, 0x84, 0xa2, 0x94, 0xa1, 0x8c, 0x81, 0x84, 0xa2, 0x84,
    0x82, 0x84, 0x81, 0x84, 0x82, 0x7c, 0x82, 0x7c, 0x81, 0x7c, 0x61, 0x7c,
    0x62, 0x7c, 0x62, 0x7c, 0x61, 0x74, 0x62, 0x74, 0x41, 0x6c, 0x62, 0x6c,
    0x41, 0x6c, 0x42, 0x64, 0x22, 0x5c, 0xa2, 0x73, 0xe4, 0xaa, 0xc3, 0xaa,
    0xe4, 0xb2, 0xe4, 0xb2, 0xe4, 0xb2, 0x04, 0xb3, 0x04, 0xb3, 0x04, 0xb3,
    0x04, 0xb3, 0x04, 0xb3, 0x04, 0xb3, 0x04, 0xb3, 0x04, 0xb3, 0xe4, 0xb2,
    0xe3, 0xb2, 0x04, 0xb3, 0xe4, 0xb2, 0x04, 0xb3, 0xe3, 0xb2, 0xe4, 0xb2,
    0x61, 0x7c, 0x82, 0x7c, 0x81, 0x84, 0x82, 0x84, 0x81, 0x7c, 0x82, 0x84,
    0x82, 0x84, 0x81, 0x84, 0x81, 0x84, 0x81, 0x84, 0xa2, 0x84, 0x81, 0x84,
    0x81, 0x84, 0xa2, 0x8c, 0xa1, 0x8c, 0x81, 0x84, 0x81, 0x7c, 0x82, 0x7c,
    0x81, 0x7c, 0x81, 0x7c, 0x82, 0x84, 0x81, 0x84, 0xa2, 0x84, 0x81, 0x84,
    0x81, 0x84, 0x81, 0x7c, 0x61, 0x7c, 0x82, 0x8c, 0x82, 0x9c, 0x82, 0x9c,
    0x82, 0x94, 0x82, 0x94, 0x82, 0x9c, 0x82, 0x94, 0x82, 0x94, 0x82, 0x9c,
    0xa2, 0x9c, 0x82, 0x9c, 0xa2, 0x9c, 0xa2, 0x9c, 0xa2, 0x9c, 0xa2, 0x9c,
    0xa2, 0x9c, 0xc2, 0x9c, 0xa2, 0x9c, 0xa2, 0xa4, 0xa2, 0x9c, 0xa2, 0xa4,
    0xa2, 0xa4, 0xa2, 0xa4, 0xa3, 0xa4, 0xa2, 0xa4, 0xa3, 0xa4, 0xa3, 0xac,
    0xc3, 0xac, 0xa2, 0xac, 0xc3, 0xac, 0xa3, 0xac, 0xc3, 0xac, 0xc3, 0xac,
    0xc3, 0xac, 0xa3, 0xb4, 0xc3, 0xb4, 0xc4, 0xb4, 0xc3, 0xb4, 0xc3, 0xb4,
    0xc4, 0xb4, 0xc4, 0xb4, 0xc4, 0xb4, 0xe4, 0xbc, 0xc4, 0xbc, 0xc4, 0xbc,
    0xe4, 0xbc, 0xc4, 0xbc, 0xc4, 0xbc, 0xe4, 0xc4, 0xe4, 0xbc, 0xe4, 0xc4,
    0xe4, 0xc4, 0xc4, 0xbc, 0xe5, 0xc4, 0xe5, 0xc4, 0xc4, 0xbc, 0xe5, 0xc4,
    0xc4, 0xbc, 0xe5, 0xc4, 0xe4, 0xc4, 0xe5, 0xc4, 0xe5, 0xc4, 0xe5, 0xc4,
    0xe5, 0xc4, 0xc5, 0xc4, 0xe5, 0xc4, 0xe5, 0xc4, 0xe5, 0xc4, 0xe5, 0xcc,
    0xe5, 0xcc, 0xe5, 0xc4, 0xe5, 0xcc, 0xe5, 0xcc, 0xe5, 0xcc, 0x05, 0xcd,
    0xe4, 0xc4, 0xe4, 0xc4, 0xe5, 0xcc, 0xe4, 0xc4, 0xe5, 0xc4, 0xe5, 0xcc,
    0xe5, 0xcc, 0xe5, 0xc4, 0x05, 0xcd, 0xe4, 0xc4, 0xe5, 0xc4, 0xc4, 0xc4,
    0xe4, 0xc4, 0xc5, 0xc4, 0xc4, 0xc4, 0xc5, 0xc4, 0xe5, 0xc4, 0xc4, 0xc4,
    0xc4, 0xc4, 0xe5, 0xc4, 0xc4, 0xc4, 0xc4, 0xc4, 0xe5, 0xc4, 0xe4, 0xc4,
    0xc4, 0xc4, 0xc4, 0xc4, 0xe4, 0xc4, 0xc4, 0xc4, 0xc4, 0xc4, 0xe4, 0xc4,
    0xc4, 0xc4, 0xc4, 0xc4, 0xe5, 0xc4, 0xe4, 0xc4, 0xc4, 0xc4, 0xe5, 0xc4,
    0xe4, 0xc4, 0xe4, 0xc4, 0xc4, 0xc4, 0xc4, 0xc4, 0xe4, 0xc4, 0xe4, 0xc4,
    0xc4, 0xc4, 0xc4, 0xc4, 0xc4, 0xbc, 0xe4, 0xc4, 0xc3, 0xbc, 0xc4, 0xbc,
    0xc3, 0xbc, 0xc3, 0xb4, 0xc3, 0xb4, 0xc3, 0xb4, 0xc3, 0xb4, 0xa3, 0xb4,
    0xc3, 0xb4, 0xc2, 0xac, 0xc2, 0xac, 0xc2, 0xac, 0xc2, 0xac, 0xc2, 0xac,
    0xc3, 0xac, 0xc2, 0xac, 0xc2, 0xac, 0xc3, 0xac, 0xc2, 0xac, 0xa2, 0xa4,
    0xc2, 0xac, 0xc2, 0xac, 0xc2, 0xac, 0xc2, 0xa4, 0xc2, 0xac, 0xc2, 0xa4,
    0xa2, 0xa4, 0xc2, 0x9c, 0xa2, 0x9c, 0xa2, 0xa4, 0xa2, 0xa4, 0xa2, 0x9c,
    0xa1, 0x9c, 0xa2, 0x9c, 0xa2, 0x9c, 0xa2, 0x94, 0xa1, 0x94, 0xa2, 0x94,
    0xa2, 0x94, 0xa2, 0x94, 0xa2, 0x94, 0xa1, 0x94, 0xa2, 0x94, 0xa1, 0x8c,
    0xa1, 0x8c, 0x81, 0x8c, 0xa1, 0x8c, 0x82, 0x84, 0xa2, 0x84, 0xa2, 0x84,
    0x81, 0x84, 0x81, 0x84, 0xa2, 0x8c, 0x81, 0x84, 0x81, 0x84, 0xa2, 0x84,
    0x81, 0x84, 0x82, 0x84, 0x82, 0x7c, 0x81, 0x7c, 0x82, 0x7c, 0x81, 0x7c,
    0x62, 0x7c, 0x62, 0x7c, 0x61, 0x74, 0x62, 0x6c, 0x41, 0x6c, 0x21, 0x6c,
    0x42, 0x6c, 0x22, 0x64, 0xc2, 0x63, 0xa3, 0xaa, 0xc4, 0xaa, 0xe3, 0xaa,
    0xe4, 0xb2, 0x04, 0xb3, 0x04, 0xb3, 0xe3, 0xb2, 0x04, 0xb3, 0x04, 0xb3,
    0xe3, 0xb2, 0xe3, 0xb2, 0x04, 0xb3, 0xe4, 0xb2, 0xe3, 0xaa, 0x04, 0xb3,
    0x04, 0xb3, 0xe4, 0xb2, 0xe4, 0xaa, 0xe4, 0xb2, 0xe4, 0xaa, 0xe4, 0xaa,
    0x61, 0x7c, 0x61, 0x7c, 0x81, 0x7c, 0x61, 0x7c, 0x61, 0x7c, 0x81, 0x7c,
    0x82, 0x7c, 0x81, 0x7c, 0x81, 0x7c, 0x82, 0x7c, 0x81, 0x7c, 0x81, 0x7c,
    0x82, 0x84, 0xa2, 0x84, 0x81, 0x84, 0x61, 0x7c, 0x82, 0x7c, 0x81, 0x7c,
    0x61, 0x7c, 0x82, 0x7c, 0x82, 0x84, 0x81, 0x8c, 0x81, 0x84, 0x61, 0x7c,
    0x61, 0x7c, 0x82, 0x7c, 0x81, 0x84, 0x82, 0x94, 0x82, 0x94, 0x82, 0x94,
    0x82, 0x94, 0x82, 0x94, 0x82, 0x94, 0x82, 0x94, 0x82, 0x94, 0x82, 0x94,
    0x82, 0x94, 0x82, 0x9c, 0xa3, 0x9c, 0x82, 0x9c, 0xa2, 0x9c, 0xa2, 0x9c,
    0xa2, 0x9c, 0xa2, 0x9c, 0xa2, 0x9c, 0xa2, 0x9c, 0xa2, 0xa4, 0xa2, 0x9c,
    0xa2, 0xa4, 0xc2, 0xa4, 0xa2, 0xa4, 0xa3, 0xa4, 0xa3, 0xac, 0xc3, 0xac,
    0xa2, 0xac, 0xa3, 0xac, 0xa3, 0xac, 0xc3, 0xac, 0xa3, 0xac, 0xc3, 0xb4,
    0xc3, 0xb4, 0xc4, 0xb4, 0xc3, 0xb4, 0xc4, 0xb4, 0xc3, 0xb4, 0xc3, 0xb4,
    0xc3, 0xb4, 0xc4, 0xb4, 0xc3, 0xbc, 0xe4, 0xbc, 0xe4, 0xbc, 0xc4, 0xbc,
    0xc4, 0xbc, 0xe4, 0xbc, 0xe4, 0xbc, 0xe4, 0xbc, 0xc4, 0xbc, 0xe5, 0xbc,
    0xe5, 0xc4, 0xe4, 0xbc, 0xe5, 0xc4, 0xc4, 0xbc, 0xe5, 0xc4, 0xe5, 0xc4,
    0xc4, 0xbc, 0xe5, 0xc4, 0xe5, 0xc4, 0xc4, 0xc4, 0xe5, 0xc4, 0xe5, 0xc4,
    0xe5, 0xc4, 0xe5, 0xc4, 0xe5, 0xcc, 0xe5, 0xcc, 0xe5, 0xc4, 0xe5, 0xc4,
    0xe5, 0xc4, 0xe4, 0xcc, 0xe5, 0xc4, 0x05, 0xc5, 0xe4, 0xc4, 0xe5, 0xc4,
    0xe5, 0xc4, 0xe4, 0xc4, 0xe5, 0xc4, 0xe4, 0xc4, 0xe4, 0xc4, 0xe4, 0xc4,
    0xe4, 0xc4, 0xe5, 0xc4, 0xe4, 0xc4, 0xe4, 0xc4, 0xe4, 0xc4, 0xc4, 0xc4,
    0xe5, 0xc4, 0xe4, 0xc4, 0xc4, 0xc4, 0xc5, 0xc4, 0xc5, 0xc4, 0xc4, 0xc4,
    0xe5, 0xc4, 0xc4, 0xc4, 0xc4, 0xc4, 0xc5, 0xc4, 0xc4, 0xc4, 0xc4, 0xc4,
    0xc4, 0xc4, 0xc5, 0xc4, 0xc4, 0xc4, 0xe4, 0xc4, 0xe5, 0xc4, 0xc4, 0xc4,
    0xe5, 0xc4, 0xe5, 0xc4, 0xc4, 0xc4, 0xe4, 0xc4, 0xe4, 0xc4, 0xc4, 0xc4,
    0xc4, 0xc4, 0xc4, 0xc4, 0xc4, 0xc4, 0xc4, 0xc4, 0xc4, 0xc4, 0xc4, 0xc4,
    0xc4, 0xc4, 0xc4, 0xc4, 0xc4, 0xbc, 0xc4, 0xbc, 0xc4, 0xbc, 0xc4, 0xc4,
    0xc4, 0xbc, 0xc3, 0xbc, 0xc3, 0xbc, 0xc3, 0xbc, 0xc3, 0xbc, 0xc3, 0xb4,
    0xc3, 0xb4, 0xc3, 0xb4, 0xc3, 0xac, 0xc3, 0xac, 0xc2, 0xac, 0xc2, 0xac,
    0xc3, 0xb4, 0xc3, 0xb4, 0xa2, 0xac, 0xc3, 0xac, 0xa2, 0xac, 0xa2, 0xac,
    0xc3, 0xac, 0xa3, 0xac, 0xc3, 0xac, 0xc2, 0xac, 0xa2, 0xac, 0xc2, 0xac,
    0xc2, 0xa4, 0xa2, 0xa4, 0xc2, 0xa4, 0xc2, 0xa4, 0xc2, 0xa4, 0xc2, 0xa4,
    0xa1, 0x9c, 0xc2, 0x9c, 0xa2, 0x9c, 0xa1, 0x94, 0xc2, 0x94, 0xa1, 0x94,
    0xa1, 0x94, 0xa2, 0x94, 0xa2, 0x94, 0xa1, 0x94, 0xa1, 0x8c, 0xa1, 0x8c,
    0xa1, 0x8c, 0xa2, 0x8c, 0xa1, 0x8c, 0x81, 0x8c, 0x81, 0x84, 0xa2, 0x84,
    0x81, 0x84, 0x82, 0x84, 0x82, 0x84, 0x81, 0x84, 0xa2, 0x84, 0x81, 0x7c,
    0xa1, 0x7c, 0x81, 0x7c, 0x81, 0x7c, 0x82, 0x7c, 0x62, 0x7c, 0x81, 0x7c,
    0x62, 0x7c, 0x61, 0x7c, 0x62, 0x74, 0x62, 0x74, 0x61, 0x6c, 0x42, 0x64,
    0x22, 0x64, 0x22, 0x5c, 0xa3, 0x92, 0xa4, 0x9a, 0xc4, 0xaa, 0xe4, 0xaa,
    0xe3, 0xb2, 0x03, 0xb3, 0x04, 0xb3, 0x04, 0xb3, 0xe3, 0xb2, 0x04, 0xb3,
    0xe4, 0xb2, 0x04, 0xb3, 0x04, 0xb3, 0xe4, 0xb2, 0x04, 0xb3, 0x04, 0xab,
    0xe4, 0xaa, 0xe4, 0xaa, 0xe4, 0xaa, 0xe4, 0xaa, 0xe4, 0xaa, 0xe4, 0xaa,
    0x61, 0x7c, 0x82, 0x7c, 0x62, 0x7c, 0x61, 0x7c, 0x61, 0x7c, 0x82, 0x7c,
    0x82, 0x84, 0x81, 0x7c, 0x81, 0x7c, 0x82, 0x7c, 0x61, 0x7c, 0x81, 0x7c,
    0x81, 0x7c, 0x81, 0x84, 0x61, 0x7c, 0x62, 0x74, 0x81, 0x7c, 0x61, 0x7c,
    0x61, 0x74, 0x61, 0x7c, 0x81, 0x7c, 0x82, 0x7c, 0x61, 0x7c, 0x61, 0x7c,
    0x62, 0x74, 0x62, 0x7c, 0x82, 0x84, 0x82, 0x8c, 0x82, 0x8c, 0x82, 0x94,
    0x82, 0x8c, 0x82, 0x8c, 0x82, 0x8c, 0x82, 0x8c, 0x82, 0x84, 0x82, 0x84,
    0x82, 0x8c, 0x82, 0x94, 0x82, 0x94, 0xa2, 0x9c, 0x82, 0x9c, 0x82, 0x94,
    0xa2, 0x9c, 0xa2, 0x9c, 0xa2, 0x9c, 0xa2, 0x9c, 0xa2, 0x9c, 0xa2, 0x9c,
    0xa2, 0x9c, 0xa3, 0xa4, 0xa2, 0xa4, 0xa3, 0xa4, 0xa3, 0xac, 0xa3, 0xac,
    0xa3, 0xac, 0xa3, 0xac, 0xc3, 0xb4, 0xc3, 0xac, 0xa3, 0xac, 0xc3, 0xac,
    0xc3, 0xb4, 0xc3, 0xb4, 0xc4, 0xb4, 0xc4, 0xb4, 0xc3, 0xb4, 0xc3, 0xb4,
    0xc4, 0xb4, 0xc3, 0xb4, 0xe4, 0xb4, 0xc3, 0xb4, 0xc4, 0xb4, 0xc4, 0xbc,
    0xe4, 0xbc, 0xc4, 0xbc, 0xe4, 0xbc, 0xc4, 0xbc, 0xc4, 0xbc, 0xe4, 0xbc,
    0xe4, 0xbc, 0xe4, 0xbc, 0xe4, 0xbc, 0xe5, 0xc4, 0xe5, 0xc4, 0xc4, 0xc4,
    0xe5, 0xc4, 0xc4, 0xbc, 0xe5, 0xc4, 0xe5, 0xc4, 0xe4, 0xc4, 0xe5, 0xc4,
    0xe4, 0xc4, 0xe4, 0xc4, 0xe5, 0xc4, 0xe4, 0xc4, 0xe5, 0xc4, 0xe5, 0xc4,
    0xe5, 0xc4, 0xe4, 0xc4, 0xe5, 0xc4, 0xe5, 0xc4, 0xe5, 0xc4, 0xe4, 0xc4,
    0xe5, 0xcc, 0xe5, 0xc4, 0xe5, 0xc4, 0xe4, 0xc4, 0xe5, 0xc4, 0xe4, 0xc4,
    0xe4, 0xc4, 0xe5, 0xc4, 0xe5, 0xc4, 0xe4, 0xc4, 0xe4, 0xc4, 0xc5, 0xc4,
    0xc4, 0xc4, 0xc4, 0xc4, 0xc4, 0xc4, 0xc4, 0xc4, 0xc4, 0xc4, 0xc4, 0xc4,
    0xc4, 0xc4, 0xc4, 0xc4, 0xc5, 0xc4, 0xc4, 0xc4, 0xa4, 0xc4, 0xc4, 0xc4,
    0xc4, 0xc4, 0xc4, 0xc4, 0xc5, 0xc4, 0xc4, 0xc4, 0xc4, 0xc4, 0xc4, 0xc4,
    0xc4, 0xc4, 0xc4, 0xc4, 0xc4, 0xc4, 0xc4, 0xc4, 0xc4, 0xc4, 0xc4, 0xc4,
    0xc4, 0xc4, 0xc5, 0xc4, 0xc4, 0xc4, 0xc4, 0xc4, 0xc4, 0xc4, 0xc4, 0xc4,
    0xc4, 0xbc, 0xc4, 0xc4, 0xc4, 0xc4, 0xe4, 0xc4, 0xc4, 0xc4, 0xc4, 0xc4,
    0xe4, 0xc4, 0xc4, 0xbc, 0xe4, 0xc4, 0xc3, 0xbc, 0xc3, 0xbc, 0xc3, 0xbc,
    0xc3, 0xbc, 0xc3, 0xbc, 0xc3, 0xb4, 0xc3, 0xb4, 0xc3, 0xb4, 0xc3, 0xb4,
    0xc3, 0xb4, 0xc3, 0xb4, 0xc3, 0xb4, 0xc3, 0xb4, 0xc3, 0xb4, 0xc3, 0xb4,
    0xc3, 0xb4, 0xa3, 0xb4, 0xa3, 0xb4, 0xc3, 0xb4, 0xc3, 0xb4, 0xc3, 0xac,
    0xc2, 0xac, 0xc2, 0xac, 0xa2, 0xac, 0xa2, 0xa4, 0xc2, 0xa4, 0xc2, 0xa4,
    0xa2, 0xa4, 0xc2, 0x9c, 0xc2, 0x9c, 0xa2, 0x9c, 0xa2, 0x9c, 0xa2, 0x9c,
    0xa2, 0x9c, 0xa1, 0x94, 0xa2, 0x94, 0xa2, 0x94, 0xa1, 0x94, 0xa2, 0x8c,
    0x82, 0x8c, 0x81, 0x8c, 0xa2, 0x84, 0xa2, 0x8c, 0x81, 0x84, 0x81, 0x84,
    0x81, 0x84, 0xa1, 0x84, 0x82, 0x84, 0x81, 0x7c, 0x81, 0x7c, 0x82, 0x7c,
    0x82, 0x7c, 0x81, 0x7c, 0x82, 0x84, 0x82, 0x7c, 0x61, 0x7c, 0x82, 0x7c,
    0x81, 0x7c, 0x82, 0x74, 0x62, 0x74, 0x61, 0x74, 0x62, 0x6c, 0x42, 0x6c,
    0x02, 0x5c, 0x62, 0x6b, 0x83, 0x92, 0xa4, 0x9a, 0xc4, 0xa2, 0xc4, 0xaa,
    0xe4, 0xaa, 0xe3, 0xb2, 0xe4, 0xaa, 0xe4, 0xb2, 0xe3, 0xb2, 0xe4, 0xb2,
    0x04, 0xb3, 0xe3, 0xb2, 0xe3, 0xaa, 0xe4, 0xaa, 0xe4, 0xb2, 0xe4, 0xb2,
    0xe4, 0xaa, 0xe3, 0xb2, 0xe4, 0xb2, 0xe4, 0xaa, 0xe3, 0xaa, 0xe4, 0xaa,
    0x61, 0x74, 0x61, 0x74, 0x61, 0x74, 0x61, 0x74, 0x62, 0x74, 0x61, 0x6c,
    0x81, 0x7c, 0x61, 0x7c, 0x61, 0x7c, 0x61, 0x74, 0x82, 0x7c, 0x82, 0x7c,
    0x81, 0x7c, 0x81, 0x74, 0x62, 0x74, 0x61, 0x74, 0x61, 0x74, 0x61, 0x6c,
    0x61, 0x74, 0x61, 0x74, 0x62, 0x7c, 0x61, 0x7c, 0x61, 0x74, 0x61, 0x7c,
    0x61, 0x7c, 0x61, 0x7c, 0x82, 0x84, 0x62, 0x84, 0x82, 0x84, 0x61, 0x84,
    0x62, 0x84, 0x61, 0x7c, 0x61, 0x7c, 0x61, 0x7c, 0x82, 0x84, 0x81, 0x84,
    0x82, 0x84, 0x81, 0x84, 0x82, 0x84, 0x82, 0x8c, 0xa2, 0x8c, 0xa2, 0x94,
    0xa2, 0x94, 0x82, 0x94, 0xa2, 0x94, 0x82, 0x9c, 0x82, 0x94, 0x81, 0x8c,
    0x82, 0x94, 0x83, 0xa4, 0x83, 0xa4, 0xa2, 0xa4, 0xa2, 0xa4, 0xa2, 0xac,
    0xa3, 0xac, 0xa3, 0xac, 0xa2, 0xac, 0xc3, 0xac, 0xa3, 0xac, 0xa3, 0xac,
    0xa3, 0xac, 0xc3, 0xac, 0xa3, 0xac, 0xc3, 0xac, 0xc3, 0xac, 0xc3, 0xac,
    0xc3, 0xac, 0xc3, 0xb4, 0xc3, 0xac, 0xc3, 0xb4, 0xc4, 0xb4, 0xe4, 0xb4,
    0xc3, 0xb4, 0xe4, 0xb4, 0xc4, 0xb4, 0xe4, 0xb4, 0xc4, 0xb4, 0xc4, 0xbc,
    0xc4, 0xbc, 0xc4, 0xbc, 0xe4, 0xbc, 0xe4, 0xbc, 0xe4, 0xbc, 0xe4, 0xbc,
    0xe4, 0xbc, 0xe4, 0xbc, 0xe4, 0xbc, 0xe4, 0xbc, 0xe5, 0xc4, 0xe4, 0xc4,
    0xe5, 0xc4, 0xe4, 0xc4, 0xe4, 0xc4, 0xe5, 0xc4, 0xe4, 0xc4, 0xe5, 0xc4,
    0xe4, 0xc4, 0xe5, 0xc4, 0xe5, 0xc4, 0xe4, 0xc4, 0xe4, 0xc4, 0xe5, 0xc4,
    0xe4, 0xc4, 0xe4, 0xc4, 0xe4, 0xc4, 0xe5, 0xc4, 0xe4, 0xc4, 0xe5, 0xc4,
    0xe4, 0xc4, 0xe4, 0xc4, 0xe4, 0xc4, 0xe4, 0xc4, 0xe4, 0xc4, 0xe4, 0xc4,
    0xc4, 0xc4, 0xc4, 0xc4, 0xc4, 0xc4, 0xc4, 0xc4, 0xc4, 0xc4, 0xc4, 0xc4,
    0xc4, 0xbc, 0xc4, 0xc4, 0xc4, 0xc4, 0xa4, 0xc4, 0xc4, 0xbc, 0xa4, 0xbc,
    0x84, 0xbc, 0xa4, 0xbc, 0x84, 0xbc, 0xa4, 0xbc, 0x84, 0xbc, 0xa4, 0xbc,
    0xa4, 0xbc, 0xa4, 0xc4, 0xc4, 0xbc, 0xc4, 0xc4, 0xc4, 0xc4, 0xc4, 0xc4,
    0xc4, 0xc4, 0xc4, 0xc4, 0xc4, 0xc4, 0xc5, 0xc4, 0xa4, 0xc4, 0xc4, 0xc4,
    0xc4, 0xc4, 0xc4, 0xc4, 0xc4, 0xc4, 0xc4, 0xc4, 0xc4, 0xc4, 0xe4, 0xc4,
    0xc4, 0xc4, 0xe4, 0xc4, 0xc4, 0xc4, 0xc4, 0xc4, 0xc4, 0xc4, 0xc4, 0xc4,
    0xc4, 0xc4, 0xc4, 0xbc, 0xc3, 0xbc, 0xc4, 0xbc, 0xc3, 0xbc, 0xc3, 0xbc,
    0xe3, 0xbc, 0xc3, 0xbc, 0xc3, 0xbc, 0xc3, 0xbc, 0xc3, 0xb4, 0xc3, 0xb4,
    0xa3, 0xb4, 0xc3, 0xb4, 0xa3, 0xb4, 0xc3, 0xb4, 0xc3, 0xb4, 0xc3, 0xb4,
    0xc3, 0xac, 0xc3, 0xac, 0xc3, 0xac, 0xa3, 0xac, 0xa2, 0xa4, 0xa2, 0xa4,
    0xa3, 0xa4, 0xa2, 0xa4, 0xa2, 0x9c, 0xa2, 0x9c, 0xa2, 0x9c, 0xa2, 0x9c,
    0xa2, 0x9c, 0xa2, 0x94, 0xa2, 0x94, 0xa2, 0x94, 0xa1, 0x94, 0x81, 0x8c,
    0xa1, 0x8c, 0x81, 0x8c, 0xa1, 0x84, 0xa1, 0x84, 0x82, 0x84, 0xa1, 0x84,
    0x81, 0x84, 0xa2, 0x84, 0x81, 0x84, 0x81, 0x7c, 0x82, 0x7c, 0xa2, 0x7c,
    0x81, 0x7c, 0x82, 0x7c, 0x81, 0x7c, 0x82, 0x7c, 0x22, 0x64, 0x61, 0x7c,
    0x82, 0x7c, 0x82, 0x74, 0x61, 0x74, 0x62, 0x74, 0x61, 0x74, 0x41, 0x6c,
    0x01, 0x5c, 0x84, 0x92, 0x64, 0x92, 0x63, 0x92, 0x83, 0x9a, 0xa4, 0xa2,
    0xe4, 0xaa, 0xe4, 0xb2, 0xe4, 0xaa, 0x04, 0xb3, 0x04, 0xb3, 0x04, 0xb3,
    0xe4, 0xb2, 0xe4, 0xaa, 0xe3, 0xaa, 0xe4, 0xaa, 0xe4, 0xaa, 0xe3, 0xaa,
    0xe4, 0xaa, 0xe4, 0xaa, 0xe3, 0xaa, 0xe4, 0xaa, 0xe4, 0xaa, 0xa4, 0xa2,
    0x61, 0x74, 0x61, 0x74, 0x62, 0x74, 0x61, 0x6c, 0x41, 0x64, 0x41, 0x6c,
    0x62, 0x74, 0x61, 0x74, 0x62, 0x74, 0x61, 0x74, 0x61, 0x74, 0x61, 0x74,
    0x61, 0x74, 0x61, 0x74, 0x61, 0x6c, 0x61, 0x6c, 0x41, 0x6c, 0x62, 0x74,
    0x61, 0x6c, 0x82, 0x74, 0x61, 0x74, 0x61, 0x74, 0x61, 0x74, 0x62, 0x74,
    0x61, 0x74, 0x61, 0x7c, 0x82, 0x7c, 0x62, 0x7c, 0x61, 0x7c, 0x61, 0x7c,
    0x62, 0x7c, 0x61, 0x7c, 0x61, 0x7c, 0x62, 0x7c, 0x61, 0x7c, 0x61, 0x7c,
    0x82, 0x7c, 0x81, 0x7c, 0x61, 0x7c, 0x81, 0x7c, 0xa2, 0x8c, 0x81, 0x84,
    0x81, 0x8c, 0x82, 0x8c, 0x82, 0x8c, 0x61, 0x7c, 0x41, 0x74, 0x62, 0x7c,
    0x82, 0x94, 0x82, 0x9c, 0x82, 0x9c, 0x82, 0xa4, 0x82, 0xa4, 0xa3, 0xa4,
    0xa2, 0xa4, 0xa2, 0xa4, 0xa2, 0xa4, 0x82, 0xa4, 0xa2, 0x9c, 0xa2, 0x9c,
    0xa2, 0x9c, 0xa2, 0x9c, 0xa2, 0x9c, 0xa2, 0x9c, 0xa2, 0x9c, 0xc2, 0xa4,
    0xc3, 0xa4, 0xc3, 0xac, 0xc3, 0xac, 0xa3, 0xac, 0xc3, 0xac, 0xc3, 0xac,
    0xc3, 0xac, 0xc3, 0xb4, 0xc3, 0xb4, 0xe3, 0xac, 0xc3, 0xac, 0xe3, 0xb4,
    0xc3, 0xb4, 0xc3, 0xb4, 0xc3, 0xa4, 0xe3, 0xa4, 0xe3, 0xac, 0xc3, 0xb4,
    0xe4, 0xbc, 0xe4, 0xbc, 0xc4, 0xbc, 0xc4, 0xbc, 0xc4, 0xbc, 0xc4, 0xbc,
    0xc4, 0xbc, 0xc4, 0xbc, 0xe5, 0xc4, 0xe4, 0xc4, 0xe4, 0xc4, 0xe5, 0xc4,
    0xe4, 0xc4, 0xe5, 0xc4, 0xe4, 0xc4, 0xe4, 0xc4, 0xe5, 0xc4, 0xe4, 0xc4,
    0xe4, 0xc4, 0xe5, 0xc4, 0xe5, 0xc4, 0xe4, 0xc4, 0xe4, 0xc4, 0xe4, 0xc4,
    0xe4, 0xc4, 0xc4, 0xbc, 0xc4, 0xbc, 0xc4, 0xbc, 0xe4, 0xbc, 0xc4, 0xbc,
    0xc4, 0xbc, 0xc4, 0xbc, 0xc4, 0xbc, 0xc4, 0xbc, 0xc4, 0xbc, 0xc4, 0xbc,
    0xc4, 0xbc, 0xa4, 0xbc, 0x64, 0xb4, 0x64, 0xb4, 0x44, 0xb4, 0x44, 0xb4,
    0x44, 0xb4, 0x64, 0xb4, 0x44, 0xb4, 0x44, 0xb4, 0x44, 0xb4, 0x44, 0xb4,
    0x44, 0xb4, 0x64, 0xb4, 0xa4, 0xbc, 0xa4, 0xbc, 0xa4, 0xbc, 0xa4, 0xbc,
    0xa4, 0xbc, 0xa4, 0xbc, 0xc4, 0xc4, 0xa4, 0xbc, 0xc5, 0xc4, 0xc5, 0xc4,
    0xc4, 0xc4, 0xc4, 0xc4, 0xc4, 0xc4, 0xc4, 0xc4, 0xe4, 0xc4, 0xc5, 0xc4,
    0xc4, 0xc4, 0xc4, 0xc4, 0xe4, 0xc4, 0xe4, 0xc4, 0xc4, 0xc4, 0xc4, 0xc4,
    0xc4, 0xc4, 0xc4, 0xc4, 0xc4, 0xc4, 0xc4, 0xc4, 0xc4, 0xbc, 0xc4, 0xc4,
    0xc4, 0xc4, 0xc4, 0xbc, 0xc4, 0xbc, 0xc4, 0xbc, 0xc4, 0xbc, 0xa3, 0xbc,
    0xc3, 0xbc, 0xc3, 0xb4, 0xa3, 0xb4, 0xc3, 0xb4, 0xc3, 0xb4, 0xc3, 0xb4,
    0xc3, 0xb4, 0xc3, 0xac, 0xa3, 0xac, 0xc3, 0xac, 0xc3, 0xac, 0xc3, 0xa4,
    0xa2, 0xa4, 0xc3, 0xac, 0xa2, 0xa4, 0xa2, 0x9c, 0xa2, 0x9c, 0xa2, 0x9c,
    0xa2, 0x9c, 0x82, 0x94, 0x81, 0x94, 0xa2, 0x94, 0xa2, 0x94, 0xa1, 0x8c,
    0xa2, 0x8c, 0xa2, 0x8c, 0xa2, 0x8c, 0xa1, 0x84, 0x82, 0x84, 0xa1, 0x84,
    0xa2, 0x84, 0x82, 0x84, 0x81, 0x7c, 0x81, 0x7c, 0x82, 0x7c, 0x81, 0x7c,
    0x81, 0x7c, 0x82, 0x7c, 0x62, 0x7c, 0x81, 0x74, 0xe2, 0x4b, 0xa3, 0x3b,
    0x42, 0x6c, 0x61, 0x74, 0x61, 0x74, 0x62, 0x74, 0x62, 0x74, 0x42, 0x6c,
    0x83, 0x6b, 0x44, 0x92, 0x43, 0x92, 0x44, 0x92, 0x64, 0x92, 0x84, 0x9a,
    0xe4, 0xaa, 0xe3, 0xaa, 0xe4, 0xaa, 0xe4, 0xaa, 0xe3, 0xaa, 0xe4, 0xaa,
    0xe4, 0xaa, 0xe4, 0xb2, 0x04, 0xb3, 0xe4, 0xb2, 0xc4, 0xaa, 0xe4, 0xaa,
    0xe4, 0xaa, 0xe4, 0xaa, 0xe4, 0xaa, 0xe4, 0xaa, 0xa4, 0x9a, 0x24, 0x8a,
    0x62, 0x74, 0x62, 0x6c, 0x42, 0x6c, 0x41, 0x64, 0x41, 0x64, 0x41, 0x64,
    0x62, 0x6c, 0x62, 0x6c, 0x41, 0x6c, 0x62, 0x6c, 0x61, 0x6c, 0x62, 0x6c,
    0x62, 0x6c, 0x41, 0x6c, 0x62, 0x6c, 0x41, 0x6c, 0x61, 0x6c, 0x42, 0x6c,
    0x61, 0x6c, 0x61, 0x74, 0x62, 0x74, 0x61, 0x6c, 0x61, 0x6c, 0x41, 0x6c,
    0x62, 0x74, 0x61, 0x74, 0x61, 0x74, 0x61, 0x74, 0x61, 0x74, 0x61, 0x7c,
    0x62, 0x7c, 0x61, 0x74, 0x61, 0x74, 0x61, 0x74, 0x61, 0x74, 0x61, 0x7c,
    0x61, 0x74, 0x61, 0x74, 0x61, 0x74, 0x81, 0x7c, 0x61, 0x7c, 0x81, 0x7c,
    0x81, 0x7c, 0x61, 0x7c, 0x41, 0x74, 0x41, 0x74, 0x61, 0x74, 0x62, 0x84,
    0x61, 0x84, 0x82, 0x8c, 0x82, 0x8c, 0x82, 0x8c, 0x82, 0x8c, 0x81, 0x84,
    0x82, 0x8c, 0x82, 0x94, 0xa2, 0x8c, 0x81, 0x8c, 0x81, 0x8c, 0xa1, 0x8c,
    0xa1, 0x8c, 0xa1, 0x8c, 0xa1, 0x8c, 0xa2, 0x94, 0xa2, 0x94, 0xc2, 0x9c,
    0xa2, 0x94, 0xc3, 0xa4, 0xa2, 0x9c, 0xa2, 0x94, 0xc2, 0x94, 0xc2, 0x9c,
    0xc2, 0xa4, 0xa2, 0xa4, 0xc2, 0xa4, 0xc3, 0xa4, 0xe2, 0xa4, 0xc3, 0xa4,
    0xc2, 0xa4, 0xc2, 0x9c, 0xc2, 0x9c, 0xc2, 0x9c, 0xc2, 0xa4, 0xc3, 0xac,
    0xc3, 0xb4, 0xe4, 0xbc, 0xe4, 0xbc, 0xe4, 0xbc, 0xe4, 0xbc, 0xc4, 0xbc,
    0xe4, 0xbc, 0xe4, 0xbc, 0xe4, 0xbc, 0xe4, 0xbc, 0xe4, 0xbc, 0xe4, 0xc4,
    0xe4, 0xc4, 0xe4, 0xbc, 0xe4, 0xc4, 0xe4, 0xc4, 0xe4, 0xc4, 0xe4, 0xc4,
    0xc4, 0xc4, 0xc4, 0xc4, 0xe4, 0xc4, 0xc4, 0xbc, 0xe4, 0xbc, 0xe4, 0xc4,
    0xe4, 0xc4, 0xc4, 0xbc, 0xc4, 0xbc, 0xc4, 0xbc, 0xc4, 0xbc, 0xc4, 0xbc,
    0xc4, 0xbc, 0xc4, 0xbc, 0xc4, 0xbc, 0xc4, 0xbc, 0xc4, 0xbc, 0xa4, 0xbc,
    0x84, 0xbc, 0x44, 0xb4, 0x44, 0xb4, 0x64, 0xb4, 0x64, 0xb4, 0x44, 0xb4,
    0x64, 0xb4, 0x64, 0xb4, 0x64, 0xb4, 0x64, 0xb4, 0x64, 0xb4, 0x64, 0xb4,
    0x44, 0xb4, 0x23, 0xac, 0x24, 0xac, 0x84, 0xbc, 0xa4, 0xbc, 0xc4, 0xc4,
    0xa4, 0xbc, 0xa4, 0xbc, 0xa4, 0xc4, 0xc4, 0xc4, 0xc4, 0xc4, 0xc4, 0xc4,
    0xc5, 0xc4, 0xc5, 0xc4, 0xc4, 0xc4, 0xc4, 0xc4, 0xc5, 0xc4, 0xc5, 0xc4,
    0xe5, 0xc4, 0xc4, 0xc4, 0xc4, 0xc4, 0xc4, 0xc4, 0xe5, 0xc4, 0xc4, 0xc4,
    0xc4, 0xc4, 0xc4, 0xc4, 0xc4, 0xc4, 0xc4, 0xc4, 0xc4, 0xc4, 0xa4, 0xc4,
    0xa4, 0xbc, 0xc4, 0xbc, 0xc4, 0xc4, 0xa4, 0xbc, 0xa4, 0xbc, 0xa4, 0xbc,
    0xa4, 0xbc, 0xa3, 0xb4, 0xa4, 0xbc, 0xa3, 0xb4, 0xa3, 0xb4, 0xa3, 0xb4,
    0xa3, 0xac, 0xa3, 0xb4, 0xa3, 0xac, 0xa3, 0xac, 0xa3, 0xa4, 0xa3, 0xa4,
    0xa2, 0xa4, 0xc3, 0xa4, 0xa2, 0xa4, 0xa2, 0xa4, 0xa2, 0x9c, 0xa2, 0x9c,
    0xa2, 0x9c, 0xa2, 0x9c, 0xa2, 0x9c, 0x82, 0x94, 0x82, 0x94, 0xa2, 0x94,
    0xa1, 0x8c, 0x82, 0x8c, 0x81, 0x8c, 0xa1, 0x84, 0xa2, 0x84, 0x82, 0x84,
    0x82, 0x84, 0x81, 0x7c, 0xa2, 0x7c, 0x82, 0x7c, 0x81, 0x7c, 0x82, 0x7c,
    0x82, 0x7c, 0x81, 0x74, 0x61, 0x74, 0x62, 0x74, 0x22, 0x5c, 0xa3, 0x3b,
    0xa3, 0x3b, 0x21, 0x6c, 0x42, 0x74, 0x42, 0x74, 0x42, 0x6c, 0x41, 0x64,
    0x83, 0x82, 0x44, 0x8a, 0x64, 0x92, 0x64, 0x92, 0x64, 0x92, 0x63, 0x9a,
    0xc4, 0xaa, 0xc3, 0xaa, 0xe4, 0xaa, 0xe4, 0xaa, 0xe4, 0xaa, 0xe3, 0xaa,
    0xe4, 0xaa, 0xe4, 0xaa, 0xe4, 0xaa, 0xc3, 0xaa, 0xc4, 0xaa, 0xe4, 0xaa,
    0xc4, 0xaa, 0xe4, 0xaa, 0xa4, 0xa2, 0x64, 0x92, 0x64, 0x8a, 0x24, 0x82,
    0x41, 0x6c, 0x41, 0x64, 0x22, 0x5c, 0x41, 0x5c, 0x21, 0x5c, 0x42, 0x6c,
    0x41, 0x6c, 0x41, 0x6c, 0x42, 0x6c, 0x41, 0x64, 0x41, 0x6c, 0x62, 0x6c,
    0x41, 0x6c, 0x41, 0x6c, 0x41, 0x6c, 0x42, 0x6c, 0x61, 0x6c, 0x41, 0x6c,
    0x62, 0x74, 0x61, 0x6c, 0x41, 0x6c, 0x42, 0x6c, 0x62, 0x6c, 0x61, 0x6c,
    0x41, 0x6c, 0x41, 0x74, 0x61, 0x74, 0x41, 0x74, 0x62, 0x7c, 0x61, 0x74,
    0x61, 0x74, 0x61, 0x74, 0x42, 0x74, 0x42, 0x74, 0x61, 0x74, 0x42, 0x74,
    0x41, 0x74, 0x61, 0x74, 0x62, 0x7c, 0x62, 0x7c, 0x61, 0x7c, 0x61, 0x74,
    0x62, 0x74, 0x61, 0x74, 0x61, 0x74, 0x62, 0x74, 0x61, 0x74, 0x61, 0x74,
    0x62, 0x74, 0x61, 0x74, 0x62, 0x7c, 0x61, 0x7c, 0x81, 0x7c, 0x82, 0x7c,
    0x81, 0x84, 0x81, 0x84, 0x81, 0x84, 0x81, 0x84, 0x81, 0x84, 0x82, 0x84,
    0x82, 0x84, 0xa2, 0x8c, 0xa1, 0x84, 0x81, 0x84, 0xa1, 0x8c, 0xa2, 0x8c,
    0xa2, 0x8c, 0x81, 0x8c, 0xa2, 0x8c, 0xa2, 0x94, 0xa2, 0x94, 0xc2, 0x94,
    0xa2, 0x9c, 0xc2, 0x9c, 0xa2, 0x94, 0xa2, 0x94, 0xc2, 0x9c, 0xa2, 0x94,
    0xc2, 0x94, 0xc2, 0x9c, 0xc2, 0x9c, 0xc2, 0x94, 0xc2, 0x9c, 0xe2, 0xa4,
    0xe3, 0xac, 0xe3, 0xac, 0xe3, 0xac, 0xc3, 0xac, 0xe3, 0xb4, 0xc3, 0xb4,
    0xe4, 0xb4, 0xe4, 0xbc, 0xc4, 0xbc, 0xe4, 0xbc, 0xe4, 0xbc, 0xe4, 0xbc,
    0xe4, 0xbc, 0xe4, 0xc4, 0xe4, 0xbc, 0xe4, 0xc4, 0xc4, 0xbc, 0xe4, 0xbc,
    0xe4, 0xbc, 0xc4, 0xbc, 0xc4, 0xbc, 0xe4, 0xbc, 0xe4, 0xbc, 0xc4, 0xbc,
    0xc4, 0xbc, 0xc4, 0xbc, 0xc4, 0xbc, 0xe4, 0xbc, 0xc4, 0xbc, 0xc4, 0xc4,
    0xc4, 0xc4, 0xc4, 0xc4, 0xc4, 0xbc, 0xa4, 0xbc, 0xa4, 0xbc, 0xa4, 0xbc,
    0x43, 0xb4, 0x44, 0xb4, 0x44, 0xb4, 0x64, 0xb4, 0x64, 0xb4, 0x44, 0xb4,
    0x64, 0xb4, 0x64, 0xb4, 0x64, 0xb4, 0x43, 0xb4, 0x44, 0xb4, 0x43, 0xb4,
    0x44, 0xac, 0x24, 0xac, 0x04, 0xac, 0x24, 0xac, 0x84, 0xbc, 0xa4, 0xbc,
    0xa4, 0xbc, 0xa4, 0xbc, 0xa4, 0xbc, 0xa4, 0xbc, 0xa4, 0xbc, 0xa4, 0xc4,
    0xc4, 0xbc, 0xa4, 0xbc, 0xc5, 0xc4, 0xc4, 0xc4, 0xc4, 0xc4, 0xc5, 0xc4,
    0xc4, 0xc4, 0xc4, 0xc4, 0xc4, 0xbc, 0xc5, 0xc4, 0xc4, 0xc4, 0xc4, 0xbc,
    0xc4, 0xc4, 0xc4, 0xbc, 0xc4, 0xbc, 0xc4, 0xbc, 0xa4, 0xc4, 0xa4, 0xbc,
    0xc4, 0xc4, 0xa4, 0xbc, 0xa4, 0xbc, 0xa4, 0xbc, 0xa4, 0xbc, 0xa4, 0xbc,
    0xa4, 0xbc, 0xa4, 0xbc, 0xa4, 0xbc, 0xa3, 0xb4, 0xa3, 0xb4, 0xa3, 0xb4,
    0xa3, 0xb4, 0xc3, 0xac, 0xa3, 0xac, 0xc3, 0xac, 0xa3, 0xac, 0xa3, 0xa4,
    0xa3, 0xa4, 0xa2, 0xa4, 0xa2, 0xa4, 0xa2, 0xa4, 0xa2, 0x9c, 0xa2, 0x9c,
    0x82, 0x9c, 0xa2, 0x9c, 0xa2, 0x94, 0x82, 0x94, 0x82, 0x94, 0xa2, 0x8c,
    0xa2, 0x8c, 0xa2, 0x8c, 0x81, 0x8c, 0xa2, 0x8c, 0x81, 0x84, 0x82, 0x84,
    0xa1, 0x84, 0xa2, 0x84, 0xa2, 0x84, 0x81, 0x7c, 0x81, 0x7c, 0xa2, 0x74,
    0x62, 0x74, 0x82, 0x74, 0x62, 0x74, 0x62, 0x74, 0x22, 0x64, 0xa3, 0x3b,
    0xa2, 0x3b, 0xa3, 0x3b, 0x02, 0x5c, 0x41, 0x74, 0x21, 0x6c, 0x02, 0x64,
    0x44, 0x8a, 0x43, 0x8a, 0x44, 0x8a, 0x44, 0x92, 0x64, 0x92, 0x64, 0x92,
    0xc4, 0xa2, 0xc4, 0xaa, 0xc3, 0xaa, 0xe4, 0xaa, 0xe4, 0xaa, 0xe4, 0xaa,
    0xe4, 0xb2, 0xc4, 0xaa, 0xe4, 0xaa, 0xc4, 0xaa, 0xc4, 0xa2, 0xa4, 0xa2,
    0x84, 0x9a, 0x84, 0x9a, 0x44, 0x8a, 0x24, 0x82, 0x44, 0x82, 0x44, 0x82,
    0x42, 0x64, 0x41, 0x64, 0x22, 0x5c, 0x21, 0x5c, 0x22, 0x5c, 0x42, 0x64,
    0x41, 0x6c, 0x42, 0x64, 0x21, 0x5c, 0x41, 0x64, 0x22, 0x64, 0x41, 0x64,
    0x41, 0x64, 0x41, 0x64, 0x42, 0x64, 0x41, 0x64, 0x41, 0x64, 0x42, 0x6c,
    0x41, 0x6c, 0x41, 0x6c, 0x42, 0x6c, 0x41, 0x6c, 0x41, 0x6c, 0x41, 0x6c,
    0x41, 0x6c, 0x42, 0x6c, 0x41, 0x6c, 0x42, 0x74, 0x41, 0x74, 0x41, 0x74,
    0x41, 0x6c, 0x21, 0x6c, 0x41, 0x6c, 0x41, 0x74, 0x41, 0x6c, 0x42, 0x74,
    0x41, 0x74, 0x42, 0x74, 0x41, 0x74, 0x41, 0x74, 0x61, 0x6c, 0x61, 0x74,
    0x41, 0x6c, 0x41, 0x74, 0x41, 0x74, 0x41, 0x6c, 0x62, 0x74, 0x41, 0x74,
    0x41, 0x74, 0x41, 0x74, 0x61, 0x74, 0x41, 0x74, 0x61, 0x74, 0x61, 0x7c,
    0x61, 0x7c, 0x61, 0x7c, 0x81, 0x7c, 0x82, 0x7c, 0x81, 0x7c, 0x81, 0x7c,
    0x81, 0x84, 0x81, 0x84, 0x82, 0x84, 0x81, 0x84, 0x81, 0x84, 0xa1, 0x8c,
    0xa1, 0x8c, 0xa1, 0x84, 0xa2, 0x8c, 0xa1, 0x8c, 0xa1, 0x8c, 0xa2, 0x8c,
    0xa2, 0x8c, 0xa1, 0x8c, 0xa2, 0x94, 0xc2, 0x94, 0xa1, 0x94, 0xc2, 0x94,
    0xa2, 0x94, 0xc2, 0x94, 0xc2, 0x9c, 0xc2, 0x9c, 0xc2, 0x9c, 0xe2, 0x9c,
    0xe2, 0xa4, 0xc2, 0x9c, 0xc3, 0xa4, 0xc2, 0xa4, 0xc3, 0xac, 0xe3, 0xac,
    0xc3, 0xb4, 0xe3, 0xb4, 0xc4, 0xb4, 0xe4, 0xbc, 0xc4, 0xbc, 0xc4, 0xbc,
    0xe4, 0xbc, 0xc4, 0xbc, 0xc4, 0xbc, 0xc4, 0xbc, 0xc4, 0xbc, 0xc4, 0xbc,
    0xe4, 0xbc, 0xc4, 0xbc, 0xe4, 0xbc, 0xc4, 0xc4, 0xc4, 0xbc, 0xc4, 0xbc,
    0xc4, 0xbc, 0xc3, 0xbc, 0xc4, 0xbc, 0xc3, 0xbc, 0xc3, 0xbc, 0xa4, 0xbc,
    0xa4, 0xbc, 0xc4, 0xbc, 0xa3, 0xbc, 0xa4, 0xbc, 0x84, 0xbc, 0x64, 0xb4,
    0x24, 0xac, 0x44, 0xac, 0x44, 0xb4, 0x44, 0xb4, 0x44, 0xb4, 0x63, 0xb4,
    0x43, 0xb4, 0x44, 0xb4, 0x44, 0xb4, 0x43, 0xb4, 0x24, 0xac, 0x24, 0xac,
    0x03, 0xac, 0x03, 0xac, 0x04, 0xac, 0x04, 0xac, 0x43, 0xac, 0x84, 0xbc,
    0x84, 0xbc, 0x84, 0xbc, 0xa4, 0xbc, 0xa4, 0xbc, 0xa4, 0xbc, 0xa4, 0xbc,
    0xa4, 0xbc, 0xa4, 0xc4, 0xa4, 0xbc, 0xc4, 0xbc, 0xc4, 0xc4, 0xc4, 0xc4,
    0xc4, 0xc4, 0xa4, 0xc4, 0xc4, 0xbc, 0xa4, 0xc4, 0xa4, 0xbc, 0xc4, 0xc4,
    0xa4, 0xbc, 0xc4, 0xc4, 0xa4, 0xc4, 0xc4, 0xbc, 0xa4, 0xbc, 0xa4, 0xbc,
    0xa4, 0xbc, 0xa4, 0xbc, 0xa4, 0xbc, 0xc4, 0xbc, 0xa4, 0xbc, 0xa3, 0xbc,
    0xa3, 0xb4, 0xa4, 0xbc, 0xa4, 0xb4, 0xa3, 0xb4, 0xa3, 0xb4, 0xa3, 0xac,
    0xa3, 0xac, 0xa3, 0xac, 0xa3, 0xac, 0xa3, 0xac, 0xa2, 0xa4, 0xa2, 0xa4,
    0xa3, 0xa4, 0xa2, 0xa4, 0xa3, 0x9c, 0xa3, 0x9c, 0x82, 0x9c, 0xa2, 0x94,
    0x82, 0x94, 0x82, 0x94, 0xa2, 0x8c, 0x82, 0x8c, 0x81, 0x84, 0x81, 0x84,
    0x82, 0x84, 0x81, 0x84, 0x81, 0x7c, 0x82, 0x84, 0x81, 0x84, 0x81, 0x84,
    0x81, 0x7c, 0x02, 0x54, 0x02, 0x54, 0x22, 0x5c, 0x22, 0x5c, 0x42, 0x64,
    0x61, 0x6c, 0x61, 0x74, 0x61, 0x74, 0x62, 0x74, 0x42, 0x64, 0x83, 0x33,
    0xa2, 0x3b, 0xa3, 0x3b, 0x83, 0x3b, 0xe2, 0x53, 0x41, 0x74, 0xa2, 0x73,
    0x64, 0x92, 0x44, 0x8a, 0x44, 0x8a, 0x44, 0x8a, 0x44, 0x92, 0x44, 0x92,
    0xa4, 0x9a, 0xc4, 0xaa, 0xc4, 0xaa, 0xc4, 0xaa, 0xc4, 0xaa, 0xc4, 0xa2,
    0xa4, 0xa2, 0x84, 0x9a, 0x64, 0x92, 0x44, 0x8a, 0x24, 0x8a, 0x24, 0x82,
    0x23, 0x82, 0x24, 0x82, 0x24, 0x82, 0x24, 0x82, 0x24, 0x82, 0x24, 0x82,
    0x22, 0x64, 0x22, 0x5c, 0x21, 0x5c, 0x21, 0x5c, 0x42, 0x5c, 0x41, 0x64,
    0x42, 0x64, 0x21, 0x5c, 0x21, 0x5c, 0x41, 0x64, 0x22, 0x64, 0x42, 0x64,
    0x41, 0x64, 0x42, 0x64, 0x41, 0x64, 0x41, 0x64, 0x41, 0x64, 0x42, 0x64,
    0x41, 0x6c, 0x41, 0x64, 0x42, 0x64, 0x41, 0x64, 0x41, 0x64, 0x41, 0x6c,
    0x42, 0x6c, 0x41, 0x6c, 0x41, 0x6c, 0x41, 0x6c, 0x41, 0x6c, 0x41, 0x6c,
    0x22, 0x6c, 0x42, 0x6c, 0x41, 0x6c, 0x41, 0x6c, 0x42, 0x6c, 0x41, 0x6c,
    0x42, 0x6c, 0x41, 0x6c, 0x22, 0x74, 0x22, 0x74, 0x22, 0x7c, 0x22, 0x7c,
    0x02, 0x7c, 0x02, 0x7c, 0x22, 0x74, 0x41, 0x64, 0x61, 0x6c, 0x41, 0x6c,
    0x41, 0x6c, 0x42, 0x6c, 0x62, 0x6c, 0x61, 0x74, 0x61, 0x6c, 0x62, 0x74,
    0x62, 0x74, 0x61, 0x74, 0x61, 0x7c, 0x61, 0x7c, 0x61, 0x7c, 0x81, 0x7c,
    0x81, 0x7c, 0x61, 0x7c, 0x81, 0x7c, 0x82, 0x7c, 0x81, 0x84, 0x81, 0x84,
    0x82, 0x84, 0x81, 0x84, 0xa1, 0x84, 0xa1, 0x84, 0xa2, 0x8c, 0xa1, 0x8c,
    0xa2, 0x8c, 0xa1, 0x8c, 0xa2, 0x8c, 0xc2, 0x8c, 0xa1, 0x94, 0xc2, 0x94,
    0xa1, 0x94, 0xa2, 0x94, 0xc1, 0x94, 0xc2, 0x9c, 0xc2, 0x9c, 0xc2, 0x9c,
    0xc2, 0x9c, 0xc2, 0x9c, 0xc2, 0xa4, 0xc2, 0xa4, 0xe3, 0xac, 0xc3, 0xac,
    0xc3, 0xb4, 0xe3, 0xb4, 0xe3, 0xb4, 0xe3, 0xbc, 0xe4, 0xbc, 0xe4, 0xbc,
    0xe4, 0xbc, 0xe4, 0xbc, 0xe4, 0xbc, 0xc4, 0xbc, 0xc4, 0xbc, 0xc4, 0xbc,
    0xc4, 0xbc, 0xc4, 0xbc, 0xc4, 0xbc, 0xc4, 0xbc, 0xc4, 0xbc, 0xc3, 0xbc,
    0xc4, 0xbc, 0xc4, 0xbc, 0xc4, 0xbc, 0xc4, 0xbc, 0xa3, 0xbc, 0xc4, 0xbc,
    0xc4, 0xbc, 0xa4, 0xbc, 0xa3, 0xbc, 0xa4, 0xbc, 0x63, 0xb4, 0x23, 0xac,
    0x24, 0xac, 0x24, 0xac, 0x24, 0xb4, 0x44, 0xb4, 0x64, 0xb4, 0x64, 0xb4,
    0x64, 0xb4, 0x44, 0xb4, 0x44, 0xb4, 0x24, 0xb4, 0x24, 0xac, 0x24, 0xac,
    0x04, 0xac, 0x03, 0xac, 0x03, 0xac, 0x24, 0xac, 0x24, 0xac, 0x44, 0xb4,
    0x84, 0xbc, 0x84, 0xbc, 0x84, 0xbc, 0x84, 0xbc, 0xa4, 0xbc, 0xa4, 0xbc,
    0xa4, 0xc4, 0xa4, 0xbc, 0xc4, 0xc4, 0xa4, 0xbc, 0xa4, 0xbc, 0xa4, 0xbc,
    0xc4, 0xbc, 0xc4, 0xbc, 0xa4, 0xbc, 0xa4, 0xbc, 0xc4, 0xc4, 0xa4, 0xbc,
    0xa4, 0xbc, 0xa4, 0xbc, 0xa4, 0xbc, 0xa4, 0xbc, 0xa4, 0xbc, 0xa4, 0xbc,
    0xa4, 0xbc, 0xa4, 0xbc, 0xa4, 0xbc, 0xa4, 0xbc, 0xa4, 0xbc, 0xa4, 0xbc,
    0xa4, 0xbc, 0xa3, 0xb4, 0xa4, 0xb4, 0xa3, 0xb4, 0xa3, 0xb4, 0xa4, 0xb4,
    0x83, 0xac, 0x83, 0xac, 0x83, 0xac, 0xa3, 0xa4, 0xa3, 0xa4, 0xa3, 0xa4,
    0x83, 0xa4, 0xa2, 0xa4, 0x82, 0x9c, 0xa2, 0x9c, 0xa2, 0x94, 0x82, 0x94,
    0x82, 0x94, 0x81, 0x8c, 0x82, 0x84, 0x81, 0x7c, 0x81, 0x7c, 0x81, 0x74,
    0x81, 0x74, 0x61, 0x74, 0x62, 0x74, 0x81, 0x7c, 0x82, 0x7c, 0x82, 0x7c,
    0x81, 0x7c, 0x42, 0x64, 0xe2, 0x43, 0xc2, 0x43, 0xe2, 0x43, 0xe2, 0x43,
    0xc2, 0x3b, 0xc2, 0x3b, 0x02, 0x5c, 0x41, 0x6c, 0x42, 0x6c, 0xa2, 0x3b,
    0x83, 0x33, 0x83, 0x33, 0x83, 0x3b, 0x83, 0x3b, 0x02, 0x5c, 0xe3, 0x7a,
    0x44, 0x8a, 0x44, 0x8a, 0x44, 0x8a, 0x44, 0x92, 0x44, 0x8a, 0x44, 0x92,
    0x63, 0x92, 0x84, 0x9a, 0xa4, 0x9a, 0x64, 0x9a, 0x43, 0x92, 0x24, 0x8a,
    0x44, 0x8a, 0x23, 0x8a, 0x24, 0x8a, 0x24, 0x82, 0x03, 0x82, 0x24, 0x82,
    0x24, 0x82, 0x24, 0x82, 0x24, 0x7a, 0x44, 0x82, 0x24, 0x82, 0x24, 0x7a,
    0x21, 0x5c, 0x22, 0x54, 0x01, 0x54, 0x22, 0x54, 0x21, 0x5c, 0x42, 0x64,
    0x21, 0x5c, 0x21, 0x5c, 0x22, 0x5c, 0x22, 0x5c, 0x41, 0x64, 0x42, 0x64,
    0x22, 0x64, 0x41, 0x64, 0x22, 0x64, 0x42, 0x64, 0x41, 0x64, 0x41, 0x64,
    0x41, 0x64, 0x42, 0x64, 0x21, 0x64, 0x41, 0x64, 0x42, 0x64, 0x41, 0x64,
    0x41, 0x64, 0x42, 0x64, 0x42, 0x6c, 0x41, 0x6c, 0x21, 0x64, 0x21, 0x64,
    0x42, 0x64, 0x21, 0x64, 0x21, 0x64, 0x22, 0x6c, 0xe2, 0x7b, 0x83, 0x93,
    0x64, 0xab, 0x44, 0xb3, 0x44, 0xb3, 0x44, 0xb3, 0x44, 0xb3, 0x44, 0xb3,
    0x44, 0xbb, 0x44, 0xb3, 0x24, 0xb3, 0x44, 0xb3, 0xa3, 0x9b, 0x02, 0x74,
    0x21, 0x6c, 0x22, 0x6c, 0x41, 0x6c, 0x42, 0x6c, 0x41, 0x6c, 0x61, 0x74,
    0x61, 0x74, 0x61, 0x74, 0x62, 0x7c, 0x61, 0x74, 0x62, 0x74, 0x61, 0x7c,
    0x81, 0x7c, 0x61, 0x7c, 0x81, 0x7c, 0x82, 0x7c, 0x81, 0x7c, 0x61, 0x7c,
    0x82, 0x84, 0x81, 0x7c, 0x81, 0x84, 0x82, 0x84, 0x82, 0x8c, 0x81, 0x84,
    0xa1, 0x8c, 0xa2, 0x8c, 0xa1, 0x94, 0xa2, 0x94, 0xc2, 0x94, 0xa2, 0x94,
    0xc2, 0x94, 0xc2, 0x9c, 0xa2, 0x9c, 0xa2, 0x9c, 0xc2, 0x9c, 0xa2, 0x9c,
    0xc2, 0x9c, 0xc2, 0xa4, 0xc2, 0xa4, 0xc2, 0xa4, 0xc3, 0xac, 0xc3, 0xac,
    0xc3, 0xac, 0xe3, 0xb4, 0xe4, 0xbc, 0xc3, 0xb4, 0xe3, 0xb4, 0xc4, 0xbc,
    0xc4, 0xbc, 0xe3, 0xbc, 0xc4, 0xbc, 0xe4, 0xbc, 0xe3, 0xbc, 0xe3, 0xb4,
    0xc3, 0xb4, 0xc3, 0xbc, 0xc3, 0xb4, 0xc3, 0xbc, 0xc3, 0xbc, 0xc3, 0xbc,
    0xc3, 0xb4, 0xc3, 0xbc, 0xc4, 0xbc, 0xa4, 0xbc, 0xc4, 0xbc, 0xa4, 0xbc,
    0xa4, 0xbc, 0xc4, 0xbc, 0xa4, 0xbc, 0xa3, 0xbc, 0xa4, 0xbc, 0x63, 0xb4,
    0x23, 0xac, 0x24, 0xac, 0x03, 0xac, 0x03, 0xac, 0x04, 0xac, 0x04, 0xac,
    0xe3, 0xab, 0x04, 0xac, 0x03, 0xa4, 0xe3, 0xa3, 0xe3, 0xa3, 0xe4, 0xa3,
    0xe3, 0xa3, 0xe4, 0xa3, 0xe4, 0xa3, 0x03, 0xa4, 0x44, 0xac, 0x63, 0xb4,
    0x83, 0xb4, 0x84, 0xbc, 0x84, 0xbc, 0x84, 0xbc, 0xa4, 0xbc, 0xa4, 0xbc,
    0xc4, 0xbc, 0xa4, 0xbc, 0xa4, 0xbc, 0xa4, 0xbc, 0xa4, 0xbc, 0xa4, 0xbc,
    0xa4, 0xbc, 0xa4, 0xbc, 0xa4, 0xbc, 0xa4, 0xbc, 0xa4, 0xbc, 0xa4, 0xbc,
    0xa4, 0xbc, 0xa4, 0xbc, 0xa4, 0xbc, 0xa4, 0xbc, 0xa4, 0xbc, 0xa4, 0xbc,
    0xa4, 0xbc, 0xa4, 0xbc, 0xa3, 0xbc, 0x83, 0xb4, 0xa3, 0xb4, 0x84, 0xb4,
    0xa3, 0xb4, 0xa3, 0xb4, 0x83, 0xb4, 0x83, 0xac, 0x83, 0xac, 0x83, 0xac,
    0xa3, 0xac, 0xa3, 0xac, 0x83, 0xa4, 0xa2, 0xa4, 0xa2, 0xa4, 0x83, 0xa4,
    0xa2, 0x9c, 0x82, 0x9c, 0x82, 0x9c, 0x82, 0x94, 0x82, 0x94, 0xa2, 0x94,
    0x82, 0x8c, 0x81, 0x84, 0x82, 0x7c, 0x81, 0x7c, 0x81, 0x74, 0x62, 0x74,
    0x62, 0x6c, 0x61, 0x6c, 0x61, 0x74, 0x62, 0x74, 0x82, 0x74, 0x61, 0x74,
    0x61, 0x74, 0x62, 0x74, 0x22, 0x5c, 0xe3, 0x43, 0xe2, 0x43, 0xe2, 0x43,
    0xe3, 0x43, 0xe2, 0x3b, 0xc2, 0x3b, 0xe2, 0x4b, 0x42, 0x74, 0xc2, 0x4b,
    0x83, 0x33, 0x82, 0x33, 0xa3, 0x3b, 0xa3, 0x3b, 0xc2, 0x3b, 0x84, 0x82,
    0x64, 0x8a, 0x44, 0x8a, 0x44, 0x92, 0x44, 0x8a, 0x43, 0x8a, 0x44, 0x8a,
    0x44, 0x92, 0x24, 0x8a, 0x44, 0x8a, 0x44, 0x8a, 0x24, 0x8a, 0x44, 0x8a,
    0x24, 0x8a, 0x24, 0x82, 0x24, 0x82, 0x24, 0x82, 0x24, 0x82, 0x24, 0x82,
    0x24, 0x7a, 0x24, 0x7a, 0x04, 0x7a, 0x24, 0x7a, 0x24, 0x7a, 0x24, 0x82,
    0x22, 0x5c, 0x01, 0x4c, 0x02, 0x54, 0x02, 0x54, 0x21, 0x5c, 0x42, 0x5c,
    0x21, 0x5c, 0x22, 0x5c, 0x22, 0x5c, 0x41, 0x5c, 0x42, 0x64, 0x21, 0x64,
    0x21, 0x5c, 0x41, 0x64, 0x42, 0x64, 0x22, 0x64, 0x21, 0x64, 0x22, 0x64,
    0x42, 0x64, 0x41, 0x64, 0x21, 0x64, 0x42, 0x64, 0x21, 0x64, 0x22, 0x64,
    0x21, 0x64, 0x41, 0x64, 0x41, 0x64, 0x21, 0x64, 0x22, 0x64, 0x21, 0x5c,
    0xe2, 0x73, 0xa3, 0x93, 0x23, 0xb3, 0x24, 0xbb, 0x24, 0xbb, 0x44, 0xbb,
    0x44, 0xbb, 0x44, 0xbb, 0x44, 0xbb, 0x44, 0xbb, 0x64, 0xbb, 0x44, 0xbb,
    0x64, 0xb3, 0x44, 0xbb, 0x44, 0xb3, 0x24, 0xb3, 0x25, 0xb3, 0x24, 0xbb,
    0x24, 0xb3, 0xc2, 0x7b, 0x22, 0x6c, 0x41, 0x6c, 0x41, 0x6c, 0x42, 0x6c,
    0x42, 0x74, 0x61, 0x74, 0x61, 0x74, 0x62, 0x74, 0x61, 0x74, 0x61, 0x74,
    0x62, 0x74, 0x62, 0x74, 0x81, 0x7c, 0x81, 0x7c, 0x61, 0x74, 0x81, 0x7c,
    0x82, 0x7c, 0x81, 0x84, 0x81, 0x84, 0x82, 0x84, 0x81, 0x84, 0x82, 0x8c,
    0xa2, 0x8c, 0xa1, 0x8c, 0xa1, 0x8c, 0xc2, 0x94, 0xa2, 0x94, 0xa1, 0x94,
    0xc2, 0x9c, 0xa2, 0x9c, 0xc2, 0x9c, 0xa2, 0x9c, 0xa2, 0x9c, 0xa2, 0x9c,
    0xc2, 0xa4, 0xc2, 0xa4, 0xc2, 0xa4, 0xc3, 0xa4, 0xc3, 0xac, 0xc3, 0xac,
    0xc3, 0xac, 0xc3, 0xac, 0xc3, 0xb4, 0xc3, 0xb4, 0xe3, 0xb4, 0xc3, 0xb4,
    0xc3, 0xb4, 0xc3, 0xb4, 0xc4, 0xb4, 0xc3, 0xb4, 0xc3, 0xb4, 0xc3, 0xb4,
    0xc3, 0xb4, 0xc3, 0xb4, 0xc3, 0xb4, 0xc3, 0xb4, 0xa3, 0xb4, 0xa3, 0xb4,
    0xa3, 0xb4, 0xc3, 0xb4, 0xa3, 0xb4, 0xa3, 0xb4, 0xa3, 0xbc, 0xa3, 0xbc,
    0xa3, 0xb4, 0xa3, 0xbc, 0xa3, 0xbc, 0x84, 0xbc, 0xa4, 0xbc, 0xa3, 0xb4,
    0x84, 0xb4, 0x43, 0xac, 0x03, 0xac, 0xe3, 0xa3, 0xe3, 0xa3, 0xe4, 0xa3,
    0xe3, 0xa3, 0xc3, 0xa3, 0xe4, 0xa3, 0xc3, 0xa3, 0xc3, 0xa3, 0xe3, 0xa3,
    0xe4, 0xa3, 0xe3, 0xa3, 0xe4, 0xab, 0x23, 0xac, 0x63, 0xb4, 0x84, 0xbc,
    0x84, 0xbc, 0x84, 0xbc, 0x84, 0xb4, 0xa4, 0xbc, 0x84, 0xbc, 0xa4, 0xbc,
    0xa4, 0xbc, 0xa4, 0xbc, 0xa4, 0xbc, 0x84, 0xbc, 0xa4, 0xbc, 0xa4, 0xbc,
    0xa4, 0xbc, 0xa4, 0xbc, 0xa4, 0xbc, 0xa4, 0xbc, 0xa4, 0xbc, 0xa4, 0xbc,
    0xa4, 0xbc, 0xa4, 0xbc, 0xa4, 0xbc, 0xa4, 0xbc, 0x84, 0xbc, 0x83, 0xb4,
    0xa4, 0xbc, 0x83, 0xb4, 0x84, 0xb4, 0x83, 0xb4, 0x84, 0xb4, 0x83, 0xb4,
    0xa3, 0xb4, 0x83, 0xac, 0x83, 0xac, 0x83, 0xac, 0x83, 0xac, 0x83, 0xac,
    0x82, 0x94, 0x61, 0x6c, 0x62, 0x7c, 0x82, 0x9c, 0xa2, 0x9c, 0x82, 0x9c,
    0xa2, 0x9c, 0xa3, 0x94, 0xa2, 0x94, 0x82, 0x94, 0x82, 0x8c, 0x82, 0x8c,
    0x82, 0x8c, 0x81, 0x7c, 0x61, 0x7c, 0x81, 0x74, 0x62, 0x6c, 0x61, 0x6c,
    0x61, 0x6c, 0x62, 0x64, 0x61, 0x6c, 0x61, 0x6c, 0x61, 0x6c, 0x62, 0x74,
    0x61, 0x6c, 0x41, 0x6c, 0x61, 0x6c, 0x22, 0x54, 0xe2, 0x43, 0xe2, 0x43,
    0xe3, 0x43, 0xe2, 0x43, 0xe2, 0x43, 0xc3, 0x43, 0x02, 0x54, 0x22, 0x5c,
    0x83, 0x33, 0x83, 0x33, 0xa3, 0x3b, 0x83, 0x33, 0xc3, 0x3b, 0x43, 0x8a,
    0x44, 0x8a, 0x44, 0x8a, 0x43, 0x8a, 0x44, 0x92, 0x24, 0x8a, 0x23, 0x8a,
    0x24, 0x8a, 0x24, 0x8a, 0x23, 0x8a, 0x24, 0x8a, 0x23, 0x82, 0x24, 0x82,
    0x24, 0x82, 0x23, 0x82, 0x63, 0x7a, 0x03, 0x6b, 0x44, 0x7a, 0x24, 0x82,
    0x04, 0x7a, 0x04, 0x7a, 0x04, 0x7a, 0x04, 0x7a, 0x24, 0x7a, 0x24, 0x7a,
    0x02, 0x54, 0x01, 0x4c, 0x01, 0x54, 0x02, 0x54, 0x21, 0x5c, 0x42, 0x5c,
    0x42, 0x54, 0x21, 0x54, 0x21, 0x54, 0x21, 0x5c, 0x22, 0x64, 0x42, 0x64,
    0x41, 0x64, 0x21, 0x64, 0x42, 0x64, 0x21, 0x5c, 0x21, 0x5c, 0x22, 0x5c,
    0x21, 0x64, 0x21, 0x64, 0x42, 0x64, 0x21, 0x64, 0x21, 0x64, 0x21, 0x64,
    0x42, 0x64, 0x21, 0x5c, 0x21, 0x5c, 0x22, 0x64, 0xa3, 0x83, 0x44, 0xb3,
    0x44, 0xbb, 0x44, 0xbb, 0x44, 0xbb, 0x24, 0xbb, 0x44, 0xbb, 0x64, 0xbb,
    0x64, 0xbb, 0x44, 0xbb, 0x64, 0xbb, 0x65, 0xbb, 0x64, 0xbb, 0x65, 0xbb,
    0x44, 0xbb, 0x65, 0xbb, 0x65, 0xbb, 0x44, 0xbb, 0x45, 0xbb, 0x24, 0xbb,
    0x24, 0xb3, 0x24, 0xb3, 0x63, 0x9b, 0x01, 0x64, 0x42, 0x6c, 0x21, 0x6c,
    0x21, 0x6c, 0x42, 0x6c, 0x41, 0x6c, 0x41, 0x74, 0x41, 0x6c, 0x61, 0x74,
    0x61, 0x74, 0x61, 0x74, 0x61, 0x74, 0x61, 0x74, 0x61, 0x74, 0x61, 0x7c,
    0x61, 0x7c, 0x61, 0x7c, 0x82, 0x84, 0x81, 0x84, 0xa1, 0x84, 0x81, 0x84,
    0xa2, 0x8c, 0xa2, 0x8c, 0xa2, 0x94, 0xa2, 0x8c, 0xc1, 0x94, 0xc2, 0x94,
    0xc2, 0x9c, 0xa2, 0x9c, 0xa1, 0x9c, 0xa2, 0x9c, 0xc2, 0x9c, 0xc2, 0xa4,
    0xc2, 0xa4, 0xc2, 0xa4, 0xc3, 0xa4, 0xc2, 0xac, 0xc3, 0xac, 0xc2, 0xac,
    0xc3, 0xac, 0xc3, 0xac, 0xc3, 0xac, 0xc3, 0xac, 0xc3, 0xb4, 0xc3, 0xb4,
    0xc3, 0xb4, 0xc3, 0xb4, 0xc3, 0xb4, 0xa3, 0xb4, 0xc3, 0xb4, 0xc3, 0xb4,
    0xa3, 0xac, 0xa3, 0xb4, 0xc3, 0xb4, 0xc3, 0xb4, 0xc3, 0xb4, 0xa4, 0xb4,
    0xa3, 0xb4, 0xa3, 0xb4, 0xc4, 0xb4, 0xa3, 0xb4, 0xa4, 0xb4, 0xa3, 0xbc,
    0xa3, 0xb4, 0xa4, 0xb4, 0xa3, 0xb4, 0xa4, 0xb4, 0x84, 0xb4, 0x83, 0xb4,
    0x84, 0xb4, 0x84, 0xbc, 0x83, 0xb4, 0x63, 0xb4, 0x43, 0xac, 0x24, 0xac,
    0x23, 0xac, 0x23, 0xac, 0x04, 0xac, 0x03, 0xac, 0x24, 0xac, 0x24, 0xac,
    0x43, 0xb4, 0x43, 0xb4, 0x83, 0xbc, 0x84, 0xbc, 0x83, 0xbc, 0x84, 0xb4,
    0xa4, 0xbc, 0x83, 0xbc, 0x83, 0xb4, 0x83, 0xbc, 0x83, 0xb4, 0xa4, 0xbc,
    0xa4, 0xbc, 0xa3, 0xbc, 0xa4, 0xbc, 0xa4, 0xbc, 0xa4, 0xbc, 0xa4, 0xbc,
    0xa4, 0xbc, 0xa4, 0xbc, 0xa4, 0xbc, 0xa4, 0xbc, 0xa4, 0xbc, 0xa4, 0xbc,
    0xa4, 0xbc, 0xa4, 0xbc, 0x84, 0xbc, 0x83, 0xb4, 0x83, 0xb4, 0x83, 0xb4,
    0xa4, 0xb4, 0x83, 0xb4, 0x83, 0xb4, 0xa3, 0xb4, 0x83, 0xac, 0xa3, 0xac,
    0x83, 0xac, 0x83, 0xac, 0x83, 0xac, 0x83, 0xac, 0x83, 0xac, 0x83, 0xa4,
    0x82, 0x8c, 0x42, 0x6c, 0x62, 0x6c, 0x62, 0x6c, 0x82, 0x84, 0x82, 0x94,
    0x82, 0x94, 0x82, 0x94, 0xa2, 0x94, 0x82, 0x94, 0x82, 0x8c, 0x82, 0x8c,
    0x62, 0x74, 0x62, 0x74, 0x81, 0x7c, 0x61, 0x74, 0x61, 0x6c, 0x61, 0x6c,
    0x61, 0x6c, 0x62, 0x64, 0x41, 0x64, 0x62, 0x64, 0x41, 0x64, 0x41, 0x64,
    0x62, 0x64, 0x42, 0x64, 0x41, 0x64, 0x42, 0x64, 0x02, 0x54, 0xe2, 0x43,
    0xe2, 0x43, 0xe2, 0x43, 0xe2, 0x43, 0xc2, 0x43, 0xc2, 0x43, 0x22, 0x64,
    0xa2, 0x33, 0xa3, 0x3b, 0x82, 0x3b, 0x83, 0x33, 0x63, 0x43, 0x23, 0x82,
    0x24, 0x82, 0x44, 0x8a, 0x44, 0x8a, 0x44, 0x8a, 0x24, 0x8a, 0x24, 0x8a,
    0x23, 0x8a, 0x24, 0x82, 0x04, 0x82, 0x24, 0x82, 0x24, 0x82, 0x04, 0x82,
    0x24, 0x8a, 0x03, 0x63, 0xc2, 0x43, 0xe2, 0x43, 0x63, 0x72, 0x24, 0x7a,
    0x04, 0x7a, 0x03, 0x7a, 0x04, 0x7a, 0x03, 0x7a, 0x24, 0x7a, 0x24, 0x7a,
    0x02, 0x4c, 0x02, 0x4c, 0x01, 0x4c, 0x01, 0x54, 0x21, 0x54, 0x22, 0x54,
    0x22, 0x5c, 0x21, 0x54, 0x22, 0x54, 0x22, 0x54, 0x41, 0x5c, 0x22, 0x5c,
    0x41, 0x5c, 0x42, 0x64, 0x42, 0x5c, 0x21, 0x5c, 0x22, 0x5c, 0x21, 0x5c,
    0x22, 0x5c, 0x22, 0x5c, 0x21, 0x5c, 0x22, 0x5c, 0x22, 0x64, 0x22, 0x5c,
    0x22, 0x5c, 0x21, 0x5c, 0x82, 0x7b, 0x44, 0xb3, 0x44, 0xbb, 0x24, 0xb3,
    0x44, 0xbb, 0x44, 0xbb, 0x44, 0xbb, 0x44, 0xbb, 0x65, 0xbb, 0x44, 0xbb,
    0x44, 0xbb, 0x65, 0xbb, 0x65, 0xbb, 0x45, 0xbb, 0x65, 0xbb, 0x45, 0xbb,
    0x64, 0xbb, 0x64, 0xbb, 0x45, 0xbb, 0x44, 0xbb, 0x44, 0xbb, 0x24, 0xab,
    0xe5, 0x9a, 0xa4, 0x92, 0xa4, 0x92, 0xa4, 0x8a, 0xe2, 0x6b, 0x21, 0x64,
    0x22, 0x6c, 0x21, 0x6c, 0x41, 0x6c, 0x41, 0x6c, 0x41, 0x6c, 0x41, 0x6c,
    0x62, 0x74, 0x41, 0x74, 0x61, 0x74, 0x62, 0x74, 0x62, 0x7c, 0x61, 0x7c,
    0x82, 0x7c, 0x82, 0x84, 0x81, 0x84, 0x81, 0x84, 0x82, 0x84, 0xa1, 0x8c,
    0x81, 0x8c, 0x81, 0x8c, 0xa2, 0x94, 0xa2, 0x94, 0xa1, 0x94, 0xa2, 0x94,
    0xa2, 0x94, 0xa2, 0x9c, 0xa2, 0x9c, 0xc2, 0x9c, 0xc2, 0x9c, 0xa2, 0xa4,
    0xa2, 0xa4, 0xc3, 0xa4, 0xc3, 0xa4, 0xc2, 0xa4, 0xc2, 0xa4, 0xc2, 0xa4,
    0xc3, 0xac, 0xc3, 0xac, 0xc2, 0xac, 0xc3, 0xac, 0xc3, 0xac, 0xc3, 0xb4,
    0xc3, 0xb4, 0xc3, 0xac, 0xa3, 0xac, 0xc3, 0xb4, 0xc3, 0xac, 0xa3, 0xac,
    0xa3, 0xb4, 0xa3, 0xb4, 0xa3, 0xb4, 0xa3, 0xb4, 0xa3, 0xb4, 0xa4, 0xb4,
    0xa3, 0xb4, 0xa3, 0xb4, 0xa3, 0xb4, 0xa3, 0xb4, 0xa3, 0xb4, 0xa3, 0xb4,
    0xa4, 0xb4, 0x83, 0xb4, 0x84, 0xb4, 0xa3, 0xb4, 0x83, 0xb4, 0x83, 0xb4,
    0xa3, 0xbc, 0x83, 0xb4, 0xa4, 0xbc, 0x84, 0xb4, 0xa4, 0xbc, 0x83, 0xb4,
    0x84, 0xb4, 0x83, 0xbc, 0x84, 0xb4, 0x83, 0xbc, 0x83, 0xb4, 0x64, 0xb4,
    0x84, 0xbc, 0x63, 0xb4, 0x83, 0xb4, 0x84, 0xbc, 0x83, 0xb4, 0x83, 0xb4,
    0x84, 0xbc, 0x83, 0xb4, 0x83, 0xb4, 0xa4, 0xbc, 0xa4, 0xbc, 0xa3, 0xbc,
    0xa3, 0xbc, 0xa4, 0xbc, 0xa3, 0xbc, 0xa3, 0xb4, 0xa3, 0xb4, 0xa4, 0xbc,
    0xa4, 0xbc, 0xa4, 0xbc, 0xa3, 0xbc, 0xa4, 0xbc, 0xa4, 0xbc, 0xa4, 0xbc,
    0xa4, 0xbc, 0x83, 0xb4, 0xa4, 0xbc, 0xa4, 0xbc, 0x83, 0xb4, 0xa3, 0xb4,
    0x83, 0xb4, 0x83, 0xb4, 0x83, 0xac, 0x83, 0x9c, 0x81, 0x84, 0x81, 0x7c,
    0x82, 0x8c, 0x83, 0x9c, 0x83, 0xa4, 0x83, 0xa4, 0x82, 0xa4, 0x82, 0x9c,
    0x82, 0x94, 0x62, 0x6c, 0x41, 0x64, 0x41, 0x64, 0x41, 0x64, 0x61, 0x74,
    0x82, 0x8c, 0x82, 0x94, 0x82, 0x8c, 0x82, 0x94, 0x82, 0x8c, 0x22, 0x5c,
    0x22, 0x54, 0x22, 0x54, 0x62, 0x6c, 0x61, 0x74, 0x62, 0x6c, 0x62, 0x64,
    0x62, 0x64, 0x61, 0x64, 0x41, 0x5c, 0x42, 0x64, 0x42, 0x5c, 0x42, 0x64,
    0x42, 0x64, 0x42, 0x64, 0x41, 0x5c, 0x22, 0x5c, 0x02, 0x4c, 0x02, 0x4c,
    0xc2, 0x43, 0xe2, 0x3b, 0xc2, 0x43, 0xc2, 0x3b, 0xc2, 0x3b, 0xe2, 0x4b,
    0xc2, 0x43, 0xa2, 0x3b, 0x82, 0x33, 0x83, 0x33, 0x43, 0x4b, 0x24, 0x82,
    0x44, 0x82, 0x44, 0x82, 0x24, 0x8a, 0x24, 0x8a, 0x23, 0x8a, 0x24, 0x82,
    0x24, 0x8a, 0x04, 0x82, 0x22, 0x5b, 0xe3, 0x62, 0x04, 0x82, 0x04, 0x82,
    0xe3, 0x72, 0xe2, 0x43, 0xc3, 0x43, 0xe2, 0x4b, 0x44, 0x7a, 0x24, 0x7a,
    0x24, 0x7a, 0x24, 0x7a, 0x04, 0x7a, 0x24, 0x7a, 0x04, 0x72, 0x04, 0x7a,
    0xe2, 0x4b, 0xe2, 0x4b, 0x02, 0x4c, 0x02, 0x54, 0x22, 0x54, 0x21, 0x54,
    0x21, 0x54, 0x01, 0x4c, 0x22, 0x54, 0x22, 0x54, 0x21, 0x5c, 0x22, 0x5c,
    0x21, 0x5c, 0x21, 0x5c, 0x22, 0x5c, 0x21, 0x5c, 0x21, 0x5c, 0x22, 0x5c,
    0x22, 0x54, 0x21, 0x54, 0x02, 0x54, 0x22, 0x5c, 0x21, 0x5c, 0x01, 0x5c,
    0x01, 0x54, 0x83, 0x8b, 0x24, 0xb3, 0x44, 0xb3, 0x44, 0xbb, 0x24, 0xb3,
    0x44, 0xbb, 0x44, 0xbb, 0x44, 0xbb, 0x45, 0xbb, 0x44, 0xbb, 0x65, 0xbb,
    0x45, 0xbb, 0x64, 0xbb, 0x44, 0xbb, 0x44, 0xbb, 0x44, 0xbb, 0x45, 0xbb,
    0x44, 0xb3, 0x24, 0xb3, 0x45, 0xb3, 0x25, 0xb3, 0xe4, 0xa2, 0x85, 0x8a,
    0x84, 0x8a, 0x85, 0x8a, 0x85, 0x8a, 0x65, 0x8a, 0x84, 0x82, 0x63, 0x73,
    0x02, 0x64, 0x22, 0x6c, 0x41, 0x6c, 0x41, 0x6c, 0x41, 0x6c, 0x41, 0x6c,
    0x42, 0x6c, 0x41, 0x74, 0x61, 0x74, 0x61, 0x74, 0x62, 0x7c, 0x61, 0x7c,
    0x81, 0x7c, 0x82, 0x84, 0x81, 0x84, 0x82, 0x84, 0x82, 0x84, 0x81, 0x8c,
    0xa2, 0x8c, 0x81, 0x8c, 0xa2, 0x8c, 0xa2, 0x8c, 0xa2, 0x8c, 0xa1, 0x94,
    0xa2, 0x94, 0xa2, 0x9c, 0xa2, 0x9c, 0xa2, 0x9c, 0xa2, 0x9c, 0xc2, 0x9c,
    0xa2, 0xa4, 0xa2, 0xa4, 0xa2, 0xa4, 0xa2, 0xa4, 0xc2, 0xa4, 0xa2, 0xa4,
    0xa2, 0xa4, 0xa2, 0xa4, 0xa2, 0xa4, 0xc3, 0xa4, 0xc3, 0xac, 0xc3, 0xac,
    0xc3, 0xac, 0xa3, 0xac, 0xa3, 0xac, 0xc3, 0xac, 0xa3, 0xac, 0xa3, 0xac,
    0xc3, 0xac, 0xa3, 0xac, 0xa3, 0xac, 0xa3, 0xb4, 0xa3, 0xb4, 0xa3, 0xb4,
    0xa3, 0xb4, 0xa3, 0xb4, 0xa4, 0xb4, 0xa3, 0xb4, 0xa4, 0xbc, 0x83, 0xb4,
    0x83, 0xb4, 0x83, 0xb4, 0xa4, 0xbc, 0x84, 0xbc, 0xa3, 0xbc, 0xa3, 0xb4,
    0xa4, 0xb4, 0x83, 0xb4, 0x84, 0xb4, 0xa3, 0xb4, 0x83, 0xbc, 0x84, 0xbc,
    0x63, 0xb4, 0x83, 0xb4, 0x84, 0xb4, 0x83, 0xb4, 0x63, 0xb4, 0x83, 0xb4,
    0x63, 0xb4, 0x63, 0xb4, 0x84, 0xb4, 0x63, 0xb4, 0x63, 0xb4, 0x84, 0xb4,
    0x84, 0xbc, 0x83, 0xb4, 0x84, 0xbc, 0xa4, 0xbc, 0xa4, 0xb4, 0xa4, 0xb4,
    0x83, 0xb4, 0xa4, 0xbc, 0xa4, 0xb4, 0xa4, 0xb4, 0xa3, 0xbc, 0xa3, 0xb4,
    0xa4, 0xb4, 0xa4, 0xbc, 0xa3, 0xb4, 0x83, 0xb4, 0x83, 0xb4, 0xa4, 0xb4,
    0x83, 0xb4, 0x83, 0xb4, 0xa3, 0xb4, 0xa4, 0xb4, 0x83, 0xb4, 0x83, 0xb4,
    0x83, 0xb4, 0x83, 0xac, 0x83, 0xac, 0x82, 0x9c, 0x82, 0x84, 0x81, 0x7c,
    0x62, 0x74, 0x81, 0x74, 0x61, 0x7c, 0x82, 0x94, 0x82, 0x9c, 0x82, 0x9c,
    0x82, 0x8c, 0x61, 0x6c, 0x41, 0x64, 0x42, 0x64, 0x42, 0x64, 0x41, 0x6c,
    0x62, 0x7c, 0x82, 0x94, 0x82, 0x8c, 0x82, 0x8c, 0x41, 0x74, 0x41, 0x54,
    0x41, 0x5c, 0x21, 0x5c, 0x21, 0x54, 0x62, 0x6c, 0x62, 0x64, 0x42, 0x64,
    0x41, 0x64, 0x41, 0x64, 0x41, 0x5c, 0x42, 0x5c, 0x21, 0x54, 0x21, 0x54,
    0x41, 0x5c, 0x21, 0x54, 0x42, 0x54, 0x21, 0x54, 0x22, 0x4c, 0xe2, 0x4b,
    0xe2, 0x43, 0xe2, 0x43, 0xe2, 0x3b, 0xe2, 0x43, 0xe2, 0x3b, 0xc2, 0x3b,
    0xc2, 0x3b, 0xa2, 0x3b, 0xa3, 0x3b, 0xa3, 0x3b, 0x43, 0x4b, 0x44, 0x82,
    0x23, 0x7a, 0x83, 0x7a, 0xa3, 0x7a, 0x04, 0x8a, 0x23, 0x82, 0x03, 0x82,
    0x04, 0x82, 0x83, 0x72, 0xc2, 0x4b, 0xa2, 0x4b, 0x24, 0x7a, 0x83, 0x7a,
    0xe2, 0x43, 0xc2, 0x43, 0xe3, 0x43, 0xa2, 0x4b, 0x24, 0x7a, 0x24, 0x7a,
    0x04, 0x72, 0x04, 0x72, 0x24, 0x7a, 0x03, 0x72, 0x04, 0x72, 0x24, 0x7a,
    0xe2, 0x4b, 0xe1, 0x4b, 0xe1, 0x4b, 0x02, 0x4c, 0x22, 0x4c, 0x01, 0x4c,
    0x02, 0x54, 0x02, 0x54, 0x01, 0x4c, 0x22, 0x54, 0x01, 0x54, 0x22, 0x54,
    0x22, 0x54, 0x21, 0x54, 0x22, 0x54, 0x02, 0x54, 0x21, 0x54, 0x22, 0x54,
    0x01, 0x54, 0x01, 0x54, 0x22, 0x5c, 0x02, 0x5c, 0x01, 0x5c, 0x21, 0x5c,
    0xe2, 0x5b, 0x43, 0xab, 0x44, 0xb3, 0x44, 0xb3, 0x44, 0xb3, 0x44, 0xbb,
    0x44, 0xb3, 0x44, 0xb3, 0x44, 0xb3, 0x44, 0xbb, 0x44, 0xb3, 0x44, 0xbb,
    0x24, 0xbb, 0x25, 0xb3, 0x25, 0xb3, 0x24, 0xb3, 0x25, 0xb3, 0x04, 0xb3,
    0x25, 0xb3, 0x04, 0xab, 0xe5, 0xa2, 0xc5, 0x9a, 0x84, 0x92, 0x65, 0x8a,
    0x85, 0x8a, 0x84, 0x8a, 0x65, 0x8a, 0x65, 0x8a, 0x64, 0x8a, 0xa4, 0x82,
    0x83, 0x7b, 0x21, 0x6c, 0x41, 0x6c, 0x42, 0x6c, 0x42, 0x6c, 0x41, 0x6c,
    0x62, 0x74, 0x61, 0x74, 0x41, 0x74, 0x62, 0x7c, 0x61, 0x7c, 0x81, 0x7c,
    0x82, 0x84, 0x61, 0x84, 0x82, 0x84, 0x81, 0x84, 0x61, 0x7c, 0x82, 0x84,
    0x82, 0x8c, 0xa2, 0x84, 0x82, 0x8c, 0xa1, 0x8c, 0x81, 0x8c, 0xa1, 0x8c,
    0xa2, 0x8c, 0xa2, 0x94, 0xa1, 0x94, 0xa2, 0x94, 0x82, 0x94, 0xa2, 0x9c,
    0xa2, 0x9c, 0xa2, 0x9c, 0xa2, 0x9c, 0xa2, 0x9c, 0xc2, 0xa4, 0xc2, 0xa4,
    0xa2, 0x9c, 0xc2, 0xa4, 0xa2, 0xa4, 0xa2, 0xa4, 0xa3, 0xac, 0xa3, 0xac,
    0xc3, 0xac, 0xa3, 0xac, 0xa3, 0xac, 0xa3, 0xac, 0xa3, 0xac, 0xa3, 0xac,
    0xa3, 0xac, 0xa3, 0xb4, 0xa3, 0xb4, 0xc3, 0xb4, 0xa3, 0xb4, 0xa3, 0xb4,
    0xa3, 0xb4, 0xa3, 0xb4, 0xa4, 0xb4, 0xa4, 0xb4, 0x84, 0xb4, 0x83, 0xb4,
    0xa3, 0xb4, 0xa4, 0xb4, 0x83, 0xb4, 0xa4, 0xb4, 0xa4, 0xb4, 0x83, 0xb4,
    0x84, 0xb4, 0x83, 0xb4, 0x83, 0xb4, 0x84, 0xb4, 0x83, 0xb4, 0x83, 0xb4,
    0x83, 0xb4, 0x84, 0xb4, 0x83, 0xb4, 0x83, 0xb4, 0x84, 0xbc, 0x83, 0xb4,
    0x83, 0xb4, 0x84, 0xbc, 0xa4, 0xbc, 0x84, 0xb4, 0x83, 0xbc, 0x83, 0xb4,
    0x83, 0xb4, 0x83, 0xb4, 0x83, 0xb4, 0x83, 0xb4, 0x83, 0xb4, 0x83, 0xb4,
    0x83, 0xb4, 0x83, 0xb4, 0x83, 0xb4, 0x83, 0xb4, 0xa4, 0xbc, 0xa3, 0xb4,
    0xa3, 0xb4, 0x83, 0xb4, 0x83, 0xb4, 0xa3, 0xb4, 0x83, 0xb4, 0x83, 0xb4,
    0x83, 0xb4, 0xa3, 0xb4, 0x83, 0xb4, 0x83, 0xb4, 0x83, 0xac, 0x83, 0xac,
    0x83, 0xac, 0xa3, 0xac, 0x83, 0xac, 0x82, 0xa4, 0x82, 0x84, 0x81, 0x7c,
    0x62, 0x7c, 0x61, 0x7c, 0x81, 0x7c, 0x82, 0x7c, 0x82, 0x84, 0x62, 0x94,
    0x62, 0x94, 0x61, 0x74, 0x42, 0x64, 0x41, 0x64, 0x62, 0x64, 0x61, 0x64,
    0x41, 0x6c, 0x82, 0x8c, 0x82, 0x8c, 0x81, 0x84, 0x41, 0x64, 0x42, 0x54,
    0x42, 0x54, 0x41, 0x5c, 0x22, 0x54, 0x41, 0x64, 0x61, 0x64, 0x41, 0x5c,
    0x42, 0x5c, 0x42, 0x5c, 0x62, 0x5c, 0x21, 0x54, 0x22, 0x54, 0x22, 0x54,
    0x42, 0x54, 0x21, 0x4c, 0x02, 0x4c, 0x02, 0x4c, 0x21, 0x4c, 0xe2, 0x43,
    0xe2, 0x43, 0xc2, 0x3b, 0xe2, 0x43, 0xc2, 0x3b, 0xe2, 0x43, 0xc2, 0x3b,
    0xc2, 0x3b, 0xe2, 0x3b, 0xc2, 0x43, 0xc2, 0x3b, 0xa2, 0x43, 0x63, 0x72,
    0x23, 0x7a, 0x62, 0x5b, 0xa2, 0x4b, 0xe3, 0x6a, 0xe4, 0x81, 0x04, 0x82,
    0x03, 0x82, 0xe3, 0x62, 0xc2, 0x43, 0xa2, 0x43, 0x64, 0x72, 0x63, 0x5b,
    0xe2, 0x43, 0xe3, 0x43, 0xe3, 0x43, 0x63, 0x53, 0x24, 0x7a, 0x24, 0x7a,
    0x04, 0x72, 0x23, 0x6a, 0x03, 0x53, 0x43, 0x53, 0x43, 0x6a, 0xe4, 0x71,
    0xe2, 0x4b, 0xe1, 0x4b, 0x02, 0x4c, 0xe1, 0x4b, 0x02, 0x4c, 0x02, 0x4c,
    0x02, 0x4c, 0x01, 0x4c, 0x02, 0x54, 0x01, 0x4c, 0x22, 0x54, 0x21, 0x54,
    0x21, 0x54, 0x22, 0x54, 0x22, 0x54, 0x01, 0x54, 0x22, 0x54, 0x02, 0x54,
    0xe1, 0x4b, 0x22, 0x54, 0x22, 0x54, 0x01, 0x54, 0x22, 0x54, 0x02, 0x54,
    0x63, 0x83, 0x24, 0xb3, 0x44, 0xb3, 0x24, 0xb3, 0x04, 0xb3, 0x24, 0xb3,
    0x24, 0xb3, 0x44, 0xb3, 0x24, 0xb3, 0x24, 0xbb, 0x24, 0xb3, 0x04, 0xb3,
    0x05, 0xb3, 0xe4, 0xaa, 0xc4, 0xa2, 0xc4, 0x9a, 0xa5, 0x9a, 0xa4, 0x9a,
    0xa5, 0x9a, 0xa5, 0x92, 0x85, 0x92, 0xa4, 0x92, 0x84, 0x8a, 0x65, 0x8a,
    0x65, 0x8a, 0x64, 0x8a, 0x64, 0x82, 0x65, 0x82, 0x65, 0x8a, 0x84, 0x82,
    0xc3, 0x82, 0x01, 0x6c, 0x21, 0x64, 0x41, 0x6c, 0x41, 0x6c, 0x41, 0x6c,
    0x41, 0x6c, 0x41, 0x74, 0x62, 0x74, 0x61, 0x74, 0x62, 0x7c, 0x62, 0x7c,
    0x81, 0x7c, 0x61, 0x7c, 0x61, 0x74, 0x61, 0x74, 0x61, 0x74, 0x82, 0x84,
    0x81, 0x7c, 0x81, 0x7c, 0x81, 0x84, 0x81, 0x7c, 0x82, 0x7c, 0x81, 0x7c,
    0x81, 0x84, 0x82, 0x8c, 0x81, 0x8c, 0xa2, 0x8c, 0xa2, 0x94, 0xa2, 0x94,
    0xa1, 0x94, 0xa1, 0x8c, 0xa2, 0x94, 0xa2, 0x94, 0xa2, 0x9c, 0xc2, 0x9c,
    0xc2, 0x9c, 0xa2, 0xa4, 0xa3, 0xa4, 0xa3, 0xa4, 0xc2, 0xac, 0xa2, 0xa4,
    0xa2, 0xa4, 0xa3, 0xac, 0xa3, 0xac, 0xa3, 0xac, 0xa2, 0xac, 0xa3, 0xac,
    0xa3, 0xac, 0xa3, 0xac, 0xa3, 0xac, 0xa3, 0xac, 0xa3, 0xac, 0xa3, 0xac,
    0xa3, 0xb4, 0xa4, 0xb4, 0xa3, 0xb4, 0xa3, 0xb4, 0x84, 0xb4, 0xa4, 0xb4,
    0xa4, 0xb4, 0xa3, 0xb4, 0x83, 0xb4, 0x83, 0xb4, 0xa4, 0xb4, 0x83, 0xb4,
    0x84, 0xb4, 0x83, 0xb4, 0xa3, 0xb4, 0x84, 0xb4, 0x83, 0xb4, 0x83, 0xb4,
    0x83, 0xb4, 0x83, 0xb4, 0x84, 0xb4, 0x83, 0xb4, 0x83, 0xb4, 0x84, 0xb4,
    0x83, 0xb4, 0x83, 0xb4, 0x83, 0xb4, 0x84, 0xb4, 0x84, 0xb4, 0x84, 0xbc,
    0x83, 0xb4, 0x84, 0xb4, 0x84, 0xb4, 0x83, 0xb4, 0x84, 0xb4, 0xa3, 0xb4,
    0xa3, 0xb4, 0xa4, 0xb4, 0xa4, 0xb4, 0x83, 0xb4, 0xa3, 0xb4, 0x83, 0xb4,
    0xa3, 0xb4, 0xa3, 0xb4, 0xa3, 0xac, 0xa3, 0xa4, 0xa3, 0xac, 0x83, 0xac,
    0xa3, 0xac, 0x83, 0xac, 0x83, 0xac, 0x83, 0xac, 0x82, 0x9c, 0x82, 0x9c,
    0x82, 0xa4, 0x82, 0xa4, 0x82, 0xa4, 0x82, 0xa4, 0x62, 0x8c, 0x61, 0x74,
    0x61, 0x74, 0x62, 0x74, 0x62, 0x74, 0x61, 0x74, 0x81, 0x7c, 0x61, 0x7c,
    0x62, 0x8c, 0x62, 0x7c, 0x61, 0x6c, 0x42, 0x64, 0x61, 0x64, 0x62, 0x64,
    0x62, 0x64, 0x82, 0x7c, 0x81, 0x84, 0x81, 0x7c, 0x42, 0x5c, 0x41, 0x5c,
    0x41, 0x54, 0x42, 0x5c, 0x42, 0x54, 0x41, 0x5c, 0x41, 0x5c, 0x42, 0x5c,
    0x21, 0x54, 0x22, 0x54, 0x41, 0x54, 0x42, 0x54, 0x21, 0x54, 0x21, 0x54,
    0x22, 0x4c, 0x22, 0x54, 0x22, 0x4c, 0x02, 0x4c, 0x02, 0x4c, 0x01, 0x44,
    0xe2, 0x43, 0xc2, 0x43, 0xe2, 0x43, 0xe2, 0x43, 0xe2, 0x3b, 0xc2, 0x3b,
    0xc2, 0x3b, 0xe2, 0x43, 0xc2, 0x3b, 0xe2, 0x3b, 0xc2, 0x3b, 0x82, 0x43,
    0x03, 0x7a, 0x82, 0x53, 0xc2, 0x3b, 0xc2, 0x43, 0x03, 0x5b, 0xe3, 0x81,
    0x04, 0x82, 0x03, 0x5b, 0xc2, 0x43, 0xc2, 0x43, 0xe3, 0x62, 0xa2, 0x4b,
    0xe2, 0x43, 0xe2, 0x43, 0xe2, 0x43, 0xc3, 0x62, 0x23, 0x72, 0x04, 0x72,
    0x63, 0x6a, 0x22, 0x53, 0xa2, 0x43, 0xa2, 0x43, 0x82, 0x43, 0x44, 0x62,
    0xc2, 0x43, 0xe2, 0x43, 0xe2, 0x43, 0xe2, 0x4b, 0xe1, 0x4b, 0xe2, 0x4b,
    0x01, 0x4c, 0x02, 0x4c, 0x02, 0x4c, 0x01, 0x4c, 0x22, 0x4c, 0x02, 0x4c,
    0x02, 0x4c, 0x01, 0x54, 0x22, 0x54, 0x01, 0x54, 0x01, 0x54, 0x02, 0x4c,
    0x01, 0x4c, 0x01, 0x54, 0x02, 0x54, 0x02, 0x54, 0x22, 0x54, 0xe1, 0x53,
    0x43, 0x93, 0x24, 0xab, 0x44, 0xab, 0xa2, 0x5b, 0xc2, 0x53, 0x83, 0x83,
    0x04, 0xb3, 0x24, 0xb3, 0x24, 0xb3, 0x24, 0xb3, 0x25, 0xb3, 0x04, 0xb3,
    0xe4, 0xaa, 0xa4, 0x9a, 0xa4, 0x9a, 0xa5, 0x9a, 0xa5, 0x92, 0xa5, 0x92,
    0xa4, 0x92, 0x84, 0x92, 0x84, 0x92, 0x85, 0x92, 0x85, 0x8a, 0x64, 0x8a,
    0x65, 0x8a, 0x65, 0x82, 0x65, 0x82, 0x64, 0x82, 0x65, 0x82, 0x84, 0x8a,
    0xa4, 0x8a, 0xc2, 0x6b, 0x22, 0x64, 0x21, 0x64, 0x41, 0x6c, 0x41, 0x6c,
    0x41, 0x6c, 0x42, 0x74, 0x62, 0x74, 0x61, 0x74, 0x41, 0x74, 0x61, 0x74,
    0x61, 0x74, 0x41, 0x6c, 0x41, 0x6c, 0x61, 0x6c, 0x61, 0x74, 0x62, 0x7c,
    0x61, 0x7c, 0x61, 0x74, 0x61, 0x74, 0x41, 0x6c, 0x61, 0x6c, 0x82, 0x7c,
    0x82, 0x84, 0x81, 0x84, 0x81, 0x84, 0x81, 0x84, 0xa2, 0x84, 0x81, 0x8c,
    0xa1, 0x84, 0xa1, 0x84, 0xa1, 0x8c, 0xa2, 0x8c, 0xa1, 0x8c, 0xa2, 0x94,
    0xa2, 0x9c, 0xc2, 0x9c, 0xa2, 0xa4, 0xa2, 0xa4, 0xa2, 0xa4, 0xa2, 0xa4,
    0xa2, 0xa4, 0xa2, 0xa4, 0xa2, 0xa4, 0xa3, 0xa4, 0xa2, 0xac, 0xa3, 0xac,
    0xa2, 0xac, 0xa2, 0xa4, 0xa3, 0xac, 0x82, 0xa4, 0xa3, 0xac, 0x83, 0xac,
    0xa3, 0xac, 0xa3, 0xac, 0xa3, 0xb4, 0xa3, 0xb4, 0xa3, 0xb4, 0xa3, 0xb4,
    0x83, 0xb4, 0x83, 0xb4, 0x83, 0xb4, 0x83, 0xb4, 0x83, 0xb4, 0x83, 0xb4,
    0x83, 0xb4, 0x84, 0xb4, 0x83, 0xb4, 0x83, 0xb4, 0x84, 0xb4, 0x63, 0xb4,
    0x83, 0xb4, 0x83, 0xb4, 0x63, 0xb4, 0x84, 0xb4, 0x83, 0xb4, 0x83, 0xb4,
    0x84, 0xb4, 0x83, 0xb4, 0x83, 0xb4, 0x83, 0xb4, 0x83, 0xb4, 0x83, 0xb4,
    0x84, 0xb4, 0x83, 0xb4, 0x83, 0xb4, 0x84, 0xb4, 0xa3, 0xb4, 0xa3, 0xb4,
    0xa3, 0xac, 0x83, 0xb4, 0xa3, 0xac, 0xa3, 0xac, 0x83, 0xac, 0xa3, 0xb4,
    0xa3, 0xac, 0x83, 0xac, 0xa3, 0xa4, 0x81, 0x94, 0x82, 0x94, 0x83, 0xa4,
    0x83, 0xa4, 0x82, 0xa4, 0xa3, 0xa4, 0xa2, 0x9c, 0xa2, 0x94, 0x81, 0x7c,
    0x81, 0x7c, 0x82, 0x94, 0x83, 0xa4, 0x82, 0xa4, 0x62, 0x94, 0x61, 0x74,
    0x61, 0x74, 0x61, 0x74, 0x61, 0x74, 0x61, 0x74, 0x61, 0x74, 0x61, 0x74,
    0x61, 0x74, 0x82, 0x84, 0x41, 0x64, 0x61, 0x64, 0x41, 0x64, 0x41, 0x64,
    0x41, 0x5c, 0x62, 0x64, 0x82, 0x7c, 0x62, 0x74, 0x42, 0x5c, 0x41, 0x5c,
    0x21, 0x5c, 0x42, 0x5c, 0x21, 0x54, 0x21, 0x54, 0x22, 0x5c, 0x22, 0x54,
    0x21, 0x54, 0x21, 0x54, 0x22, 0x54, 0x22, 0x54, 0x22, 0x4c, 0x21, 0x4c,
    0x22, 0x54, 0x22, 0x54, 0x21, 0x4c, 0x22, 0x4c, 0x02, 0x4c, 0x02, 0x4c,
    0xe2, 0x43, 0xe2, 0x43, 0xe2, 0x43, 0xe2, 0x43, 0xe3, 0x43, 0xe2, 0x43,
    0xe2, 0x3b, 0xe2, 0x43, 0xe2, 0x3b, 0xe2, 0x43, 0xe2, 0x43, 0xe2, 0x3b,
    0x02, 0x53, 0x23, 0x53, 0xc2, 0x43, 0xe2, 0x43, 0xe2, 0x43, 0xe3, 0x62,
    0x03, 0x7a, 0xe3, 0x5a, 0xc2, 0x43, 0xc2, 0x43, 0x82, 0x43, 0xc3, 0x43,
    0xc3, 0x43, 0xc2, 0x3b, 0xc3, 0x43, 0x63, 0x6a, 0x04, 0x72, 0x64, 0x72,
    0x42, 0x4b, 0x82, 0x43, 0xc3, 0x43, 0xa2, 0x3b, 0xa2, 0x3b, 0x42, 0x43,
    0xc2, 0x43, 0xe2, 0x43, 0xe2, 0x43, 0xe1, 0x43, 0xe2, 0x43, 0x02, 0x4c,
    0x02, 0x4c, 0x01, 0x4c, 0x02, 0x4c, 0x02, 0x4c, 0x01, 0x4c, 0x02, 0x4c,
    0x22, 0x4c, 0x01, 0x4c, 0x21, 0x4c, 0x22, 0x54, 0x02, 0x4c, 0x01, 0x4c,
    0x02, 0x54, 0x02, 0x4c, 0x01, 0x4c, 0x01, 0x54, 0x02, 0x54, 0xe1, 0x4b,
    0x83, 0x7b, 0x43, 0x93, 0xc2, 0x5b, 0x02, 0x4c, 0xe2, 0x4b, 0xe2, 0x4b,
    0x83, 0x7b, 0x24, 0xb3, 0x25, 0xb3, 0x24, 0xab, 0x63, 0x83, 0x63, 0x83,
    0xc3, 0x8a, 0x64, 0x92, 0x85, 0x92, 0x84, 0x92, 0xa5, 0x92, 0xa4, 0x92,
    0x84, 0x8a, 0x85, 0x8a, 0x65, 0x8a, 0x84, 0x82, 0xa4, 0x82, 0xa5, 0x8a,
    0x84, 0x82, 0x84, 0x82, 0x84, 0x82, 0x44, 0x82, 0x64, 0x82, 0x64, 0x82,
    0x84, 0x82, 0x23, 0x7b, 0x42, 0x5c, 0x41, 0x64, 0x42, 0x64, 0x41, 0x64,
    0x21, 0x64, 0x41, 0x6c, 0x41, 0x6c, 0x41, 0x6c, 0x41, 0x6c, 0x41, 0x6c,
    0x42, 0x64, 0x42, 0x64, 0x42, 0x64, 0x42, 0x6c, 0x61, 0x6c, 0x61, 0x74,
    0x62, 0x74, 0x61, 0x6c, 0x21, 0x64, 0x42, 0x64, 0x61, 0x6c, 0x61, 0x74,
    0x82, 0x7c, 0x81, 0x74, 0x82, 0x7c, 0x81, 0x74, 0x81, 0x74, 0x82, 0x7c,
    0x81, 0x7c, 0x81, 0x7c, 0x82, 0x7c, 0x81, 0x84, 0xa2, 0x8c, 0x81, 0x8c,
    0xa2, 0x8c, 0xa2, 0x8c, 0xa2, 0x9c, 0xa2, 0x9c, 0xa2, 0x9c, 0xa2, 0x9c,
    0xa2, 0x9c, 0xa2, 0xa4, 0xa2, 0xa4, 0xa2, 0xa4, 0xa2, 0xa4, 0xa2, 0xa4,
    0xa2, 0xa4, 0xa2, 0xa4, 0xa2, 0xa4, 0xa2, 0xa4, 0xa3, 0xa4, 0x82, 0xa4,
    0x83, 0xac, 0x83, 0xac, 0xa3, 0xac, 0x83, 0xac, 0x83, 0xac, 0x83, 0xb4,
    0xa3, 0xb4, 0xa4, 0xb4, 0x83, 0xb4, 0x83, 0xac, 0x84, 0xb4, 0x83, 0xac,
    0x83, 0xac, 0x84, 0xac, 0x63, 0xac, 0x83, 0xb4, 0x83, 0xb4, 0x83, 0xac,
    0x84, 0xac, 0x63, 0xb4, 0x83, 0xb4, 0x83, 0xb4, 0x84, 0xb4, 0x83, 0xb4,
    0x83, 0xb4, 0x84, 0xb4, 0x64, 0xb4, 0x83, 0xb4, 0x83, 0xb4, 0x83, 0xb4,
    0x83, 0xb4, 0x83, 0xb4, 0x83, 0xb4, 0x83, 0xac, 0xa3, 0xb4, 0xa3, 0xac,
    0x83, 0xac, 0x83, 0xac, 0xa3, 0xac, 0x83, 0xac, 0x83, 0xac, 0xa3, 0xa4,
    0x83, 0xa4, 0xa3, 0xa4, 0x82, 0xa4, 0x81, 0x8c, 0x81, 0x84, 0x82, 0x94,
    0x82, 0x9c, 0xa2, 0x9c, 0x82, 0x9c, 0x82, 0x94, 0x82, 0x8c, 0x82, 0x84,
    0x82, 0x7c, 0x61, 0x74, 0x82, 0x7c, 0x82, 0x8c, 0x82, 0x94, 0x62, 0x74,
    0x61, 0x6c, 0x62, 0x74, 0x62, 0x6c, 0x61, 0x6c, 0x62, 0x6c, 0x61, 0x6c,
    0x61, 0x6c, 0x61, 0x6c, 0x62, 0x6c, 0x41, 0x64, 0x42, 0x64, 0x62, 0x64,
    0x41, 0x5c, 0x41, 0x5c, 0x61, 0x6c, 0x61, 0x64, 0x41, 0x5c, 0x42, 0x54,
    0x22, 0x54, 0x21, 0x5c, 0x22, 0x54, 0x42, 0x5c, 0x42, 0x5c, 0x42, 0x54,
    0x42, 0x54, 0x21, 0x54, 0x22, 0x4c, 0x22, 0x54, 0x22, 0x54, 0x41, 0x4c,
    0x22, 0x4c, 0x22, 0x54, 0x21, 0x54, 0x22, 0x54, 0x22, 0x4c, 0x01, 0x4c,
    0xe2, 0x43, 0xe2, 0x3b, 0x02, 0x44, 0xe2, 0x43, 0xe2, 0x3b, 0xe2, 0x43,
    0xe2, 0x43, 0xe2, 0x43, 0xe2, 0x43, 0xe2, 0x43, 0xe2, 0x43, 0xc2, 0x43,
    0xc2, 0x3b, 0x82, 0x4b, 0xc3, 0x43, 0xc2, 0x43, 0xe2, 0x43, 0xc2, 0x43,
    0xe3, 0x5a, 0x43, 0x6a, 0xa2, 0x4b, 0xc2, 0x43, 0xc2, 0x43, 0xc3, 0x43,
    0xc3, 0x43, 0xc2, 0x3b, 0x82, 0x43, 0xc3, 0x5a, 0x63, 0x6a, 0x42, 0x4b,
    0xa3, 0x43, 0xa2, 0x3b, 0xa2, 0x3b, 0xa2, 0x3b, 0xa2, 0x3b, 0xa2, 0x3b,
    0xc2, 0x3b, 0xe2, 0x43, 0xe2, 0x43, 0xe2, 0x43, 0xe2, 0x4b, 0xe2, 0x43,
    0x02, 0x44, 0x02, 0x4c, 0x01, 0x4c, 0x02, 0x4c, 0x01, 0x4c, 0x02, 0x4c,
    0x01, 0x4c, 0x02, 0x4c, 0x02, 0x54, 0x01, 0x4c, 0x22, 0x4c, 0x02, 0x4c,
    0x01, 0x4c, 0x02, 0x4c, 0x02, 0x4c, 0x02, 0x54, 0x01, 0x4c, 0xe2, 0x4b,
    0x82, 0x5b, 0xa2, 0x63, 0x02, 0x44, 0xe2, 0x4b, 0xe2, 0x4b, 0xc1, 0x4b,
    0xe2, 0x4b, 0xa2, 0x63, 0x82, 0x73, 0x02, 0x4c, 0x02, 0x4c, 0xe2, 0x4b,
    0xe2, 0x4b, 0xc2, 0x5b, 0x03, 0x7b, 0x84, 0x8a, 0xa4, 0x92, 0xa5, 0x8a,
    0x84, 0x8a, 0xe4, 0x7a, 0x43, 0x63, 0xa2, 0x5b, 0xa2, 0x5b, 0x82, 0x63,
    0x42, 0x63, 0x43, 0x6b, 0xe4, 0x7a, 0x64, 0x82, 0x64, 0x7a, 0x85, 0x82,
    0xa4, 0x82, 0xc2, 0x63, 0x22, 0x5c, 0x21, 0x5c, 0x42, 0x5c, 0x22, 0x64,
    0x42, 0x64, 0x41, 0x64, 0x42, 0x64, 0x62, 0x6c, 0x41, 0x64, 0x21, 0x64,
    0x21, 0x5c, 0x21, 0x5c, 0x21, 0x5c, 0x41, 0x64, 0x41, 0x6c, 0x62, 0x6c,
    0x42, 0x64, 0x21, 0x5c, 0x42, 0x64, 0x42, 0x64, 0x61, 0x64, 0x61, 0x6c,
    0x61, 0x6c, 0x62, 0x6c, 0x61, 0x6c, 0x81, 0x6c, 0x81, 0x74, 0x81, 0x74,
    0x61, 0x74, 0x81, 0x74, 0x81, 0x74, 0xa1, 0x7c, 0xa1, 0x7c, 0x81, 0x7c,
    0xa1, 0x84, 0x82, 0x84, 0xa2, 0x8c, 0xa2, 0x8c, 0xa2, 0x8c, 0x82, 0x8c,
    0x82, 0x8c, 0x82, 0x8c, 0x82, 0x94, 0xa2, 0x94, 0xa2, 0x94, 0xa2, 0x94,
    0x82, 0x8c, 0x82, 0x8c, 0xa2, 0x94, 0xa2, 0x94, 0x82, 0x9c, 0x82, 0xa4,
    0xa3, 0xa4, 0x82, 0x9c, 0x82, 0x94, 0xa3, 0x9c, 0x83, 0xa4, 0x83, 0xac,
    0x83, 0xac, 0xa3, 0xac, 0xa3, 0xac, 0x83, 0xac, 0x83, 0xac, 0x83, 0xac,
    0x63, 0xac, 0x63, 0xac, 0x83, 0xac, 0x83, 0xac, 0x83, 0xac, 0x84, 0xb4,
    0x83, 0xac, 0x83, 0xac, 0x83, 0xac, 0x84, 0xb4, 0x63, 0xb4, 0x83, 0xb4,
    0x63, 0xb4, 0x83, 0xb4, 0x63, 0xb4, 0x84, 0xb4, 0x83, 0xb4, 0x84, 0xb4,
    0x83, 0xac, 0x83, 0xac, 0x83, 0xac, 0x83, 0xac, 0x83, 0xac, 0x83, 0xac,
    0x83, 0xa4, 0xa2, 0xa4, 0xa3, 0xa4, 0x82, 0xa4, 0xa2, 0x9c, 0xa2, 0x9c,
    0x82, 0x9c, 0xa2, 0x9c, 0xa2, 0x9c, 0x82, 0x8c, 0x81, 0x7c, 0x81, 0x84,
    0xa2, 0x8c, 0x82, 0x94, 0x82, 0x94, 0x82, 0x94, 0x81, 0x8c, 0x81, 0x7c,
    0x61, 0x74, 0x82, 0x74, 0x61, 0x6c, 0x61, 0x74, 0x82, 0x84, 0x82, 0x7c,
    0x61, 0x6c, 0x61, 0x6c, 0x62, 0x6c, 0x61, 0x6c, 0x61, 0x6c, 0x62, 0x64,
    0x41, 0x64, 0x42, 0x64, 0x61, 0x64, 0x41, 0x64, 0x62, 0x64, 0x42, 0x5c,
    0x41, 0x5c, 0x62, 0x5c, 0x41, 0x64, 0x42, 0x5c, 0x21, 0x54, 0x42, 0x54,
    0x41, 0x54, 0x41, 0x54, 0x22, 0x54, 0x42, 0x54, 0x41, 0x54, 0x21, 0x54,
    0x22, 0x54, 0x22, 0x4c, 0x21, 0x4c, 0x21, 0x4c, 0x22, 0x4c, 0x22, 0x4c,
    0x22, 0x54, 0x22, 0x54, 0x21, 0x4c, 0x22, 0x4c, 0x22, 0x4c, 0x22, 0x4c,
    0x02, 0x4c, 0xe2, 0x43, 0xe2, 0x43, 0xe2, 0x3b, 0xe2, 0x43, 0xe2, 0x43,
    0xe2, 0x3b, 0xe2, 0x3b, 0xe2, 0x3b, 0xe2, 0x3b, 0xe2, 0x3b, 0xe2, 0x43,
    0xc2, 0x3b, 0xc2, 0x3b, 0xc3, 0x43, 0xc2, 0x3b, 0xe3, 0x43, 0xe2, 0x43,
    0xa2, 0x43, 0x43, 0x6a, 0x62, 0x43, 0xc2, 0x43, 0xe3, 0x43, 0xc2, 0x43,
    0xc2, 0x3b, 0xc2, 0x3b, 0xa2, 0x3b, 0x43, 0x4b, 0xe3, 0x5a, 0x82, 0x3b,
    0xc2, 0x3b, 0xc3, 0x3b, 0xa2, 0x43, 0xc3, 0x3b, 0xc3, 0x3b, 0xa2, 0x3b,
    0xc2, 0x43, 0xe2, 0x43, 0xc2, 0x43, 0xe2, 0x43, 0xe2, 0x43, 0xe2, 0x43,
    0xe1, 0x43, 0xe2, 0x43, 0x02, 0x4c, 0x02, 0x4c, 0x02, 0x4c, 0x01, 0x4c,
    0x01, 0x4c, 0x02, 0x4c, 0x02, 0x4c, 0x01, 0x4c, 0x02, 0x4c, 0x02, 0x4c,
    0x02, 0x4c, 0x02, 0x4c, 0x02, 0x4c, 0x02, 0x54, 0x02, 0x4c, 0xe2, 0x4b,
    0x02, 0x4c, 0xe2, 0x4b, 0xe1, 0x43, 0xe2, 0x4b, 0xe2, 0x4b, 0xe2, 0x4b,
    0xe2, 0x4b, 0xe1, 0x43, 0x01, 0x44, 0x02, 0x4c, 0x02, 0x4c, 0x22, 0x4c,
    0x22, 0x4c, 0x01, 0x54, 0xc2, 0x5b, 0x43, 0x63, 0xc4, 0x82, 0xe3, 0x72,
    0xa2, 0x53, 0xe2, 0x43, 0x02, 0x44, 0xe2, 0x4b, 0x01, 0x4c, 0x02, 0x4c,
    0x02, 0x54, 0xc2, 0x53, 0x82, 0x5b, 0x23, 0x6b, 0x43, 0x63, 0xc3, 0x5b,
    0xe2, 0x53, 0x21, 0x54, 0x01, 0x54, 0x01, 0x5c, 0x21, 0x5c, 0x22, 0x5c,
    0x21, 0x5c, 0x21, 0x5c, 0x21, 0x5c, 0x21, 0x5c, 0x42, 0x5c, 0x21, 0x5c,
    0x21, 0x5c, 0x21, 0x5c, 0x41, 0x5c, 0x42, 0x5c, 0x41, 0x64, 0x42, 0x64,
    0x21, 0x5c, 0x21, 0x5c, 0x41, 0x5c, 0x41, 0x64, 0x62, 0x64, 0x61, 0x6c,
    0x61, 0x64, 0x61, 0x64, 0x61, 0x64, 0x62, 0x6c, 0x61, 0x6c, 0x61, 0x6c,
    0x61, 0x6c, 0x61, 0x6c, 0x61, 0x6c, 0x82, 0x74, 0x61, 0x74, 0x82, 0x74,
    0x82, 0x74, 0x81, 0x74, 0x61, 0x74, 0x81, 0x6c, 0x81, 0x74, 0x81, 0x74,
    0x81, 0x74, 0xa1, 0x7c, 0xa2, 0x84, 0xa2, 0x8c, 0xa2, 0x8c, 0x81, 0x7c,
    0x82, 0x84, 0x82, 0x84, 0x81, 0x84, 0x81, 0x8c, 0x82, 0x94, 0xa2, 0x94,
    0x82, 0x8c, 0xa2, 0x8c, 0x82, 0x8c, 0xa2, 0x9c, 0xa2, 0x9c, 0x83, 0x9c,
    0x83, 0xa4, 0x83, 0xac, 0x83, 0xac, 0x83, 0xac, 0x83, 0xac, 0x83, 0xac,
    0x63, 0xac, 0x83, 0xac, 0x83, 0xac, 0x83, 0xac, 0x83, 0xb4, 0x63, 0xac,
    0x63, 0xac, 0x83, 0xac, 0x63, 0xac, 0x63, 0xb4, 0x83, 0xac, 0x84, 0xb4,
    0x84, 0xb4, 0x63, 0xac, 0x83, 0xb4, 0x83, 0xb4, 0x83, 0xac, 0x83, 0xac,
    0x83, 0xac, 0x83, 0xac, 0x83, 0xac, 0x83, 0xac, 0x83, 0xac, 0x82, 0xa4,
    0xa2, 0x9c, 0xa2, 0x94, 0x82, 0x94, 0x82, 0x94, 0x82, 0x8c, 0xa2, 0x8c,
    0x81, 0x8c, 0xa2, 0x94, 0x82, 0x8c, 0x81, 0x84, 0x81, 0x7c, 0x82, 0x7c,
    0x81, 0x7c, 0x81, 0x84, 0x82, 0x8c, 0x82, 0x94, 0x82, 0x8c, 0x81, 0x74,
    0x82, 0x74, 0x81, 0x6c, 0x61, 0x6c, 0x61, 0x6c, 0x61, 0x6c, 0x61, 0x6c,
    0x61, 0x6c, 0x61, 0x64, 0x42, 0x64, 0x41, 0x64, 0x61, 0x64, 0x62, 0x64,
    0x62, 0x64, 0x61, 0x64, 0x61, 0x64, 0x41, 0x5c, 0x41, 0x5c, 0x41, 0x5c,
    0x41, 0x5c, 0x41, 0x5c, 0x62, 0x5c, 0x42, 0x5c, 0x22, 0x54, 0x41, 0x54,
    0x42, 0x5c, 0x41, 0x54, 0x21, 0x54, 0x22, 0x54, 0x42, 0x54, 0x21, 0x4c,
    0x21, 0x4c, 0x22, 0x4c, 0x22, 0x54, 0x22, 0x4c, 0x21, 0x4c, 0x22, 0x54,
    0x22, 0x4c, 0x22, 0x4c, 0x21, 0x4c, 0x22, 0x4c, 0x01, 0x4c, 0x02, 0x4c,
    0x02, 0x4c, 0x01, 0x44, 0xe2, 0x43, 0xe2, 0x43, 0xe2, 0x43, 0xe2, 0x43,
    0xe2, 0x43, 0xe2, 0x43, 0xe2, 0x3b, 0xe2, 0x43, 0xc2, 0x3b, 0xc2, 0x3b,
    0xc2, 0x43, 0xc2, 0x3b, 0xc2, 0x3b, 0xc3, 0x3b, 0xc2, 0x3b, 0xc2, 0x3b,
    0xc2, 0x3b, 0x43, 0x4b, 0x62, 0x43, 0xc3, 0x3b, 0xc2, 0x3b, 0xc3, 0x43,
    0xc2, 0x3b, 0xa3, 0x3b, 0xa3, 0x3b, 0xa2, 0x43, 0x82, 0x3b, 0xa2, 0x3b,
    0xa2, 0x3b, 0xa2, 0x3b, 0xc3, 0x3b, 0xa2, 0x3b, 0xa2, 0x3b, 0xa2, 0x3b,
    0xc2, 0x43, 0xe2, 0x43, 0xe2, 0x43, 0xe2, 0x43, 0xe2, 0x43, 0xe2, 0x43,
    0xe2, 0x43, 0xe2, 0x43, 0x02, 0x4c, 0x02, 0x4c, 0x02, 0x44, 0x02, 0x4c,
    0x02, 0x4c, 0x01, 0x4c, 0x02, 0x4c, 0x02, 0x4c, 0x01, 0x4c, 0xe2, 0x4b,
    0x02, 0x4c, 0x01, 0x4c, 0x02, 0x4c, 0xe2, 0x4b, 0xe1, 0x4b, 0xe2, 0x43,
    0x02, 0x4c, 0xe2, 0x43, 0xe1, 0x43, 0xe2, 0x4b, 0x02, 0x44, 0x02, 0x4c,
    0x02, 0x4c, 0x02, 0x4c, 0x02, 0x4c, 0x02, 0x4c, 0xe1, 0x4b, 0x02, 0x54,
    0x02, 0x4c, 0xc2, 0x5b, 0xe2, 0x53, 0xe2, 0x4b, 0xe2, 0x4b, 0xe2, 0x4b,
    0xe2, 0x4b, 0x02, 0x4c, 0xe2, 0x4b, 0x01, 0x4c, 0x02, 0x4c, 0x02, 0x4c,
    0x02, 0x4c, 0x02, 0x4c, 0xe2, 0x4b, 0x02, 0x54, 0xe2, 0x53, 0x02, 0x54,
    0x02, 0x54, 0x22, 0x54, 0x22, 0x54, 0x22, 0x54, 0x22, 0x5c, 0x21, 0x5c,
    0x21, 0x54, 0x22, 0x5c, 0x21, 0x5c, 0x21, 0x54, 0x22, 0x5c, 0x22, 0x54,
    0x21, 0x54, 0x21, 0x5c, 0x22, 0x5c, 0x21, 0x5c, 0x41, 0x5c, 0x42, 0x5c,
    0x21, 0x5c, 0x21, 0x5c, 0x41, 0x5c, 0x62, 0x64, 0x41, 0x64, 0x41, 0x64,
    0x62, 0x64, 0x41, 0x64, 0x42, 0x64, 0x41, 0x64, 0x61, 0x64, 0x42, 0x64,
    0x62, 0x64, 0x61, 0x64, 0x62, 0x64, 0x61, 0x6c, 0x61, 0x6c, 0x61, 0x64,
    0x61, 0x64, 0x61, 0x6c, 0x61, 0x64, 0x61, 0x6c, 0x61, 0x6c, 0x61, 0x6c,
    0x81, 0x6c, 0x82, 0x74, 0x81, 0x74, 0x81, 0x7c, 0x82, 0x7c, 0xa1, 0x7c,
    0x81, 0x7c, 0x81, 0x74, 0x81, 0x7c, 0x82, 0x84, 0xa2, 0x84, 0x81, 0x7c,
    0x82, 0x7c, 0x82, 0x84, 0xa1, 0x8c, 0xa2, 0x94, 0x82, 0x94, 0x82, 0x9c,
    0x83, 0xa4, 0x83, 0xa4, 0x82, 0xa4, 0x62, 0x9c, 0x83, 0xa4, 0x83, 0xa4,
    0x83, 0xa4, 0x83, 0xa4, 0x83, 0xac, 0x83, 0xac, 0x63, 0xac, 0x83, 0xac,
    0x83, 0xac, 0x84, 0xac, 0x63, 0xac, 0x63, 0xac, 0x83, 0xac, 0x84, 0xac,
    0x83, 0xac, 0x83, 0xac, 0x83, 0xac, 0x84, 0xb4, 0x83, 0xac, 0x83, 0xac,
    0x83, 0xac, 0x83, 0xac, 0x83, 0xac, 0x83, 0xa4, 0x82, 0xa4, 0xa2, 0x9c,
    0xa2, 0x94, 0xa2, 0x94, 0x81, 0x8c, 0xa1, 0x8c, 0xa2, 0x8c, 0x81, 0x84,
    0x81, 0x84, 0xa1, 0x84, 0x81, 0x84, 0x81, 0x7c, 0x81, 0x7c, 0x81, 0x74,
    0x61, 0x74, 0x81, 0x7c, 0x81, 0x7c, 0x81, 0x84, 0x82, 0x84, 0x61, 0x74,
    0x61, 0x74, 0x61, 0x6c, 0x61, 0x6c, 0x62, 0x6c, 0x62, 0x64, 0x61, 0x64,
    0x62, 0x6c, 0x62, 0x6c, 0x41, 0x64, 0x41, 0x64, 0x62, 0x64, 0x41, 0x64,
    0x41, 0x64, 0x61, 0x64, 0x42, 0x64, 0x62, 0x5c, 0x61, 0x64, 0x41, 0x5c,
    0x42, 0x5c, 0x42, 0x5c, 0x41, 0x5c, 0x42, 0x5c, 0x21, 0x54, 0x22, 0x54,
    0x22, 0x54, 0x21, 0x54, 0x22, 0x54, 0x22, 0x4c, 0x22, 0x54, 0x22, 0x54,
    0x22, 0x4c, 0x42, 0x54, 0x22, 0x54, 0x22, 0x4c, 0x22, 0x4c, 0x21, 0x4c,
    0x02, 0x4c, 0x22, 0x4c, 0x02, 0x4c, 0x22, 0x4c, 0x22, 0x4c, 0x02, 0x4c,
    0x02, 0x4c, 0x02, 0x44, 0x02, 0x44, 0xe2, 0x43, 0x02, 0x44, 0xe2, 0x3b,
    0xe2, 0x43, 0xe2, 0x43, 0xe2, 0x43, 0xc2, 0x3b, 0xe3, 0x43, 0xc2, 0x3b,
    0xc2, 0x3b, 0xc2, 0x3b, 0xa2, 0x3b, 0xc2, 0x3b, 0xc2, 0x3b, 0xc3, 0x3b,
    0xc2, 0x3b, 0xc2, 0x3b, 0xa3, 0x3b, 0xc2, 0x3b, 0xc2, 0x3b, 0xc3, 0x3b,
    0xc2, 0x3b, 0xa2, 0x3b, 0xa2, 0x3b, 0xa2, 0x3b, 0xa2, 0x3b, 0xa2, 0x3b,
    0xc3, 0x3b, 0xc2, 0x3b, 0xc2, 0x3b, 0xa2, 0x3b, 0xa2, 0x3b, 0xa3, 0x3b,
    0xc2, 0x3b, 0xc2, 0x43, 0xe2, 0x43, 0xe2, 0x43, 0xe2, 0x43, 0xe2, 0x43,
    0xe2, 0x43, 0x02, 0x44, 0xe1, 0x43, 0xe1, 0x43, 0x01, 0x4c, 0x02, 0x4c,
    0x02, 0x4c, 0x02, 0x4c, 0x01, 0x4c, 0x02, 0x4c, 0x01, 0x4c, 0x02, 0x4c,
    0x02, 0x4c, 0xe1, 0x4b, 0xe2, 0x4b, 0xe2, 0x4b, 0xe2, 0x43, 0xe1, 0x43,
    0xe1, 0x4b, 0x02, 0x4c, 0xe2, 0x43, 0x02, 0x4c, 0x01, 0x44, 0xe1, 0x43,
    0xe2, 0x4b, 0x02, 0x4c, 0xe1, 0x4b, 0x02, 0x4c, 0x01, 0x4c, 0x02, 0x4c,
    0xe2, 0x4b, 0x01, 0x4c, 0xe1, 0x4b, 0x02, 0x4c, 0xe1, 0x43, 0x02, 0x4c,
    0xe2, 0x4b, 0x02, 0x4c, 0xe1, 0x4b, 0xe1, 0x4b, 0xe2, 0x4b, 0x02, 0x4c,
    0x01, 0x4c, 0x02, 0x4c, 0xe2, 0x4b, 0x02, 0x4c, 0x01, 0x4c, 0x02, 0x54,
    0x01, 0x54, 0x02, 0x54, 0x01, 0x54, 0x01, 0x54, 0x22, 0x54, 0x21, 0x54,
    0x21, 0x54, 0x22, 0x54, 0x22, 0x54, 0x21, 0x54, 0x21, 0x54, 0x22, 0x54,
    0x22, 0x54, 0x21, 0x54, 0x22, 0x54, 0x21, 0x54, 0x21, 0x54, 0x21, 0x54,
    0x21, 0x54, 0x42, 0x5c, 0x41, 0x5c, 0x41, 0x5c, 0x41, 0x5c, 0x41, 0x64,
    0x41, 0x64, 0x62, 0x64, 0x41, 0x5c, 0x61, 0x5c, 0x41, 0x5c, 0x41, 0x5c,
    0x41, 0x5c, 0x41, 0x5c, 0x62, 0x5c, 0x41, 0x5c, 0x61, 0x64, 0x62, 0x64,
    0x61, 0x64, 0x61, 0x64, 0x61, 0x64, 0x61, 0x64, 0x61, 0x64, 0x62, 0x64,
    0x61, 0x6c, 0x81, 0x6c, 0x61, 0x6c, 0x61, 0x74, 0x82, 0x74, 0x81, 0x74,
    0x61, 0x74, 0x82, 0x74, 0x82, 0x74, 0x81, 0x7c, 0x61, 0x7c, 0x81, 0x74,
    0x81, 0x7c, 0x82, 0x7c, 0x81, 0x84, 0x81, 0x84, 0x82, 0x84, 0x82, 0x8c,
    0x82, 0x9c, 0x62, 0x9c, 0x82, 0x94, 0x82, 0x9c, 0x83, 0x9c, 0x82, 0x9c,
    0x82, 0xa4, 0x82, 0xa4, 0x83, 0xa4, 0x63, 0xa4, 0x63, 0xa4, 0x83, 0xac,
    0x83, 0xac, 0x83, 0xac, 0x83, 0xac, 0x83, 0xac, 0x63, 0xac, 0x83, 0xac,
    0x83, 0xb4, 0x63, 0xac, 0x63, 0xac, 0x63, 0xac, 0x63, 0xac, 0x83, 0xac,
    0x83, 0xac, 0x83, 0xa4, 0x82, 0xa4, 0x82, 0x9c, 0x82, 0x94, 0xa2, 0x94,
    0x81, 0x8c, 0x82, 0x8c, 0x81, 0x84, 0xa2, 0x84, 0x81, 0x84, 0xa1, 0x7c,
    0x82, 0x7c, 0x81, 0x7c, 0x82, 0x7c, 0x82, 0x7c, 0x61, 0x74, 0x61, 0x74,
    0x61, 0x74, 0x81, 0x74, 0x61, 0x74, 0x61, 0x74, 0x61, 0x74, 0x62, 0x6c,
    0x61, 0x6c, 0x61, 0x6c, 0x62, 0x64, 0x61, 0x64, 0x61, 0x64, 0x61, 0x64,
    0x41, 0x64, 0x41, 0x64, 0x61, 0x64, 0x41, 0x64, 0x62, 0x64, 0x41, 0x5c,
    0x41, 0x5c, 0x42, 0x5c, 0x41, 0x5c, 0x41, 0x5c, 0x41, 0x5c, 0x41, 0x5c,
    0x42, 0x5c, 0x42, 0x54, 0x41, 0x5c, 0x21, 0x54, 0x22, 0x54, 0x21, 0x54,
    0x21, 0x4c, 0x22, 0x54, 0x21, 0x4c, 0x22, 0x54, 0x22, 0x4c, 0x21, 0x4c,
    0x22, 0x4c, 0x21, 0x4c, 0x21, 0x4c, 0x01, 0x4c, 0x22, 0x4c, 0x01, 0x4c,
    0x22, 0x4c, 0x01, 0x4c, 0x02, 0x4c, 0x22, 0x4c, 0x01, 0x4c, 0x22, 0x4c,
    0x02, 0x44, 0x02, 0x44, 0x02, 0x44, 0xe2, 0x43, 0xe2, 0x43, 0xe2, 0x43,
    0xe2, 0x3b, 0xe2, 0x3b, 0xe3, 0x43, 0xe2, 0x3b, 0xc2, 0x3b, 0xc2, 0x3b,
    0xe2, 0x3b, 0xc2, 0x3b, 0xc3, 0x3b, 0xc3, 0x3b, 0xe2, 0x43, 0xc2, 0x3b,
    0xc2, 0x3b, 0xc2, 0x3b, 0xc3, 0x3b, 0xc2, 0x3b, 0xc2, 0x43, 0xc2, 0x3b,
    0xa2, 0x3b, 0xc2, 0x3b, 0xc2, 0x3b, 0xc3, 0x3b, 0xa2, 0x3b, 0xc3, 0x3b,
    0xa2, 0x3b, 0xa3, 0x3b, 0xa2, 0x3b, 0xa2, 0x3b, 0xa2, 0x33, 0xa2, 0x3b,
    0xc2, 0x43, 0xc2, 0x3b, 0xc2, 0x43, 0xc2, 0x43, 0xe2, 0x43, 0xe2, 0x43,
    0xe2, 0x4b, 0xe2, 0x43, 0xe2, 0x43, 0xe2, 0x43, 0xe2, 0x4b, 0x02, 0x44,
    0x01, 0x44, 0xe1, 0x43, 0x02, 0x4c, 0x02, 0x4c, 0x02, 0x4c, 0x02, 0x4c,
    0xe1, 0x43, 0xe2, 0x4b, 0xe2, 0x43, 0x01, 0x44, 0x02, 0x4c, 0x02, 0x4c,
    0x02, 0x44, 0xe2, 0x4b, 0x02, 0x44, 0x01, 0x4c, 0xe1, 0x4b, 0xe2, 0x43,
    0xe2, 0x43, 0x02, 0x4c, 0xe1, 0x43, 0xe2, 0x4b, 0x02, 0x4c, 0xe1, 0x4b,
    0xe2, 0x4b, 0xe2, 0x4b, 0x02, 0x4c, 0xe2, 0x4b, 0x01, 0x4c, 0x01, 0x4c,
    0xe2, 0x4b, 0xe2, 0x4b, 0x01, 0x4c, 0xe2, 0x4b, 0x02, 0x4c, 0xe1, 0x4b,
    0x02, 0x4c, 0x02, 0x54, 0x01, 0x4c, 0x02, 0x54, 0x02, 0x4c, 0x01, 0x54,
    0x01, 0x54, 0x22, 0x54, 0x22, 0x54, 0x21, 0x54, 0x01, 0x54, 0x22, 0x54,
    0x02, 0x54, 0x21, 0x54, 0x21, 0x54, 0x22, 0x54, 0x21, 0x54, 0x01, 0x54,
    0x01, 0x54, 0x01, 0x54, 0x21, 0x54, 0x22, 0x54, 0x22, 0x54, 0x21, 0x54,
    0x21, 0x54, 0x22, 0x5c, 0x41, 0x5c, 0x41, 0x5c, 0x22, 0x5c, 0x41, 0x5c,
    0x41, 0x5c, 0x41, 0x5c, 0x42, 0x5c, 0x41, 0x5c, 0x41, 0x5c, 0x41, 0x5c,
    0x21, 0x5c, 0x41, 0x5c, 0x41, 0x5c, 0x41, 0x5c, 0x41, 0x5c, 0x62, 0x64,
    0x61, 0x64, 0x61, 0x64, 0x41, 0x64, 0x62, 0x64, 0x61, 0x64, 0x62, 0x64,
    0x61, 0x64, 0x61, 0x6c, 0x61, 0x6c, 0x82, 0x6c, 0x61, 0x6c, 0x61, 0x6c,
    0x81, 0x74, 0x61, 0x74, 0x61, 0x74, 0x82, 0x74, 0x61, 0x6c, 0x61, 0x6c,
    0x61, 0x74, 0x61, 0x74, 0x81, 0x74, 0x61, 0x74, 0x62, 0x7c, 0x82, 0x84,
    0x82, 0x94, 0x82, 0x94, 0x82, 0x94, 0x62, 0x94, 0x82, 0x9c, 0x82, 0x9c,
    0x83, 0x9c, 0x62, 0xa4, 0x83, 0xa4, 0x83, 0xa4, 0x83, 0xac, 0x83, 0xac,
    0x83, 0xac, 0x63, 0xac, 0x63, 0xac, 0x83, 0xac, 0x83, 0xac, 0x63, 0xac,
    0x83, 0xac, 0x63, 0xac, 0x83, 0xac, 0x63, 0xac, 0x83, 0xac, 0x83, 0xac,
    0x83, 0xa4, 0x62, 0xa4, 0x62, 0x9c, 0x82, 0x9c, 0x82, 0x8c, 0x82, 0x8c,
    0x81, 0x84, 0x81, 0x84, 0x81, 0x84, 0x81, 0x7c, 0x81, 0x7c, 0x82, 0x7c,
    0x81, 0x7c, 0x81, 0x7c, 0x81, 0x74, 0x82, 0x7c, 0x61, 0x74, 0x81, 0x6c,
    0x62, 0x6c, 0x62, 0x6c, 0x62, 0x6c, 0x61, 0x6c, 0x61, 0x6c, 0x62, 0x64,
    0x41, 0x64, 0x42, 0x64, 0x41, 0x64, 0x41, 0x64, 0x41, 0x64, 0x41, 0x64,
    0x41, 0x64, 0x42, 0x5c, 0x42, 0x5c, 0x41, 0x5c, 0x42, 0x5c, 0x62, 0x5c,
    0x41, 0x5c, 0x42, 0x5c, 0x42, 0x5c, 0x41, 0x5c, 0x42, 0x5c, 0x42, 0x5c,
    0x21, 0x54, 0x21, 0x54, 0x21, 0x54, 0x22, 0x4c, 0x22, 0x4c, 0x21, 0x4c,
    0x02, 0x4c, 0x22, 0x4c, 0x22, 0x4c, 0x21, 0x4c, 0x21, 0x4c, 0x22, 0x4c,
    0x22, 0x4c, 0x02, 0x4c, 0x22, 0x4c, 0x01, 0x4c, 0x22, 0x4c, 0x02, 0x4c,
    0x01, 0x4c, 0x02, 0x4c, 0x22, 0x4c, 0x02, 0x4c, 0x02, 0x4c, 0x01, 0x4c,
    0x02, 0x44, 0x02, 0x4c, 0xe1, 0x43, 0x02, 0x44, 0x02, 0x44, 0x02, 0x44,
    0xe2, 0x3b, 0xe2, 0x43, 0xe2, 0x3b, 0xe2, 0x3b, 0xe2, 0x43, 0xc2, 0x3b,
    0xc2, 0x3b, 0xc3, 0x43, 0xc2, 0x3b, 0xc3, 0x3b, 0xc2, 0x3b, 0xc3, 0x43,
    0xc3, 0x3b, 0xc2, 0x3b, 0xc2, 0x3b, 0xa2, 0x3b, 0xc2, 0x3b, 0xa2, 0x3b,
    0xc3, 0x3b, 0xa2, 0x3b, 0xc3, 0x3b, 0xa2, 0x3b, 0xa2, 0x3b, 0xa2, 0x33,
    0xa2, 0x3b, 0xa2, 0x3b, 0xa3, 0x33, 0xa3, 0x3b, 0xa2, 0x3b, 0xa2, 0x33,
    0xc2, 0x3b, 0xc2, 0x43, 0xc2, 0x3b, 0xe2, 0x43, 0x02, 0x44, 0xe2, 0x4b,
    0x02, 0x4c, 0x02, 0x4c, 0x02, 0x4c, 0xe2, 0x43, 0x02, 0x4c, 0xe2, 0x43,
    0xe1, 0x43, 0x02, 0x4c, 0xe2, 0x4b, 0xe1, 0x43, 0x02, 0x4c, 0xe2, 0x4b,
    0x02, 0x4c, 0x02, 0x44, 0x02, 0x4c, 0xe2, 0x43, 0xe2, 0x43, 0xe2, 0x4b,
    0xe1, 0x43, 0xe2, 0x43, 0xe2, 0x43, 0x02, 0x4c, 0x02, 0x4c, 0xe2, 0x4b,
    0x02, 0x44, 0xe1, 0x43, 0x02, 0x4c, 0x02, 0x4c, 0x02, 0x4c, 0x02, 0x4c,
    0xe2, 0x4b, 0x02, 0x44, 0xe2, 0x4b, 0xe2, 0x43, 0x02, 0x4c, 0x01, 0x4c,
    0x02, 0x4c, 0x02, 0x4c, 0x02, 0x4c, 0x01, 0x4c, 0x02, 0x4c, 0x01, 0x4c,
    0x02, 0x4c, 0x22, 0x54, 0x01, 0x54, 0x02, 0x4c, 0x02, 0x54, 0x22, 0x54,
    0x01, 0x4c, 0x22, 0x54, 0x01, 0x4c, 0x22, 0x54, 0x02, 0x4c, 0x02, 0x4c,
    0x02, 0x54, 0x02, 0x4c, 0x01, 0x54, 0x22, 0x4c, 0x01, 0x4c, 0x02, 0x54,
    0x21, 0x54, 0x01, 0x4c, 0x22, 0x54, 0x21, 0x54, 0x22, 0x54, 0x21, 0x54,
    0x22, 0x54, 0x22, 0x54, 0x21, 0x5c, 0x21, 0x54, 0x22, 0x54, 0x21, 0x54,
    0x21, 0x54, 0x41, 0x5c, 0x21, 0x5c, 0x41, 0x5c, 0x42, 0x5c, 0x41, 0x5c,
    0x41, 0x5c, 0x41, 0x5c, 0x41, 0x5c, 0x61, 0x5c, 0x42, 0x64, 0x41, 0x64,
    0x41, 0x64, 0x62, 0x64, 0x62, 0x64, 0x61, 0x64, 0x61, 0x64, 0x41, 0x64,
    0x62, 0x64, 0x61, 0x64, 0x61, 0x64, 0x61, 0x64, 0x82, 0x6c, 0x62, 0x6c,
    0x81, 0x6c, 0x62, 0x74, 0x61, 0x74, 0x61, 0x6c, 0x41, 0x6c, 0x62, 0x6c,
    0x62, 0x74, 0x62, 0x74, 0x61, 0x74, 0x61, 0x74, 0x61, 0x7c, 0x61, 0x7c,
    0x82, 0x8c, 0x82, 0x8c, 0x62, 0x94, 0x82, 0x9c, 0x62, 0x9c, 0x82, 0x94,
    0x62, 0x9c, 0x82, 0x9c, 0x82, 0xa4, 0x83, 0xa4, 0x83, 0xa4, 0x83, 0xa4,
    0x83, 0xa4, 0x83, 0xa4, 0x63, 0xa4, 0x63, 0xa4, 0x83, 0xac, 0x83, 0xac,
    0x63, 0xa4, 0x83, 0xa4, 0x83, 0xa4, 0x83, 0xac, 0x62, 0xa4, 0x62, 0xa4,
    0x83, 0xa4, 0x83, 0xa4, 0x83, 0x9c, 0x82, 0x94, 0x81, 0x84, 0x81, 0x84,
    0x81, 0x84, 0x81, 0x84, 0x82, 0x7c, 0x81, 0x7c, 0x82, 0x7c, 0x82, 0x7c,
    0x81, 0x74, 0x61, 0x74, 0x61, 0x74, 0x62, 0x74, 0x61, 0x6c, 0x61, 0x6c,
    0x61, 0x6c, 0x61, 0x6c, 0x62, 0x64, 0x61, 0x64, 0x41, 0x64, 0x42, 0x64,
    0x42, 0x64, 0x41, 0x64, 0x42, 0x64, 0x42, 0x64, 0x42, 0x5c, 0x42, 0x5c,
    0x42, 0x5c, 0x41, 0x5c, 0x42, 0x5c, 0x41, 0x5c, 0x41, 0x5c, 0x42, 0x5c,
    0x41, 0x5c, 0x41, 0x5c, 0x42, 0x5c, 0x41, 0x5c, 0x22, 0x54, 0x22, 0x54,
    0x22, 0x54, 0x21, 0x54, 0x22, 0x54, 0x02, 0x4c, 0x22, 0x4c, 0x02, 0x4c,
    0x01, 0x4c, 0x02, 0x4c, 0x02, 0x4c, 0x22, 0x4c, 0x02, 0x4c, 0x02, 0x4c,
    0x22, 0x4c, 0x02, 0x4c, 0x22, 0x4c, 0x22, 0x4c, 0x02, 0x4c, 0x02, 0x4c,
    0x02, 0x4c, 0x02, 0x4c, 0x02, 0x44, 0x02, 0x44, 0x02, 0x4c, 0x02, 0x4c,
    0x02, 0x44, 0xe2, 0x43, 0x02, 0x44, 0xe2, 0x43, 0xe2, 0x43, 0xe2, 0x43,
    0x02, 0x44, 0xe2, 0x43, 0xe2, 0x43, 0xe2, 0x3b, 0xc2, 0x3b, 0xe3, 0x43,
    0xc2, 0x3b, 0xc2, 0x3b, 0xe2, 0x3b, 0xc2, 0x3b, 0xc2, 0x3b, 0xc2, 0x3b,
    0xa2, 0x3b, 0xa3, 0x3b, 0xa3, 0x3b, 0xc3, 0x3b, 0xc2, 0x3b, 0xa2, 0x3b,
    0xa2, 0x3b, 0xa2, 0x3b, 0xa2, 0x33, 0xa3, 0x3b, 0xa2, 0x3b, 0xa2, 0x33,
    0xa3, 0x33, 0xa2, 0x33, 0xa2, 0x33, 0xa2, 0x33, 0xa3, 0x33, 0xa2, 0x33,
    0xc2, 0x3b, 0xc2, 0x43, 0xc2, 0x43, 0xc2, 0x43, 0xe2, 0x43, 0xe2, 0x43,
    0xe2, 0x43, 0xe2, 0x43, 0x02, 0x4c, 0x02, 0x4c, 0x02, 0x44, 0x02, 0x4c,
    0xe2, 0x4b, 0x01, 0x4c, 0xe2, 0x43, 0x02, 0x4c, 0xe2, 0x43, 0x01, 0x4c,
    0x02, 0x44, 0x02, 0x44, 0xe1, 0x43, 0xe2, 0x43, 0xe2, 0x43, 0x02, 0x44,
    0xe2, 0x4b, 0xe2, 0x43, 0xe1, 0x43, 0x02, 0x44, 0xe1, 0x43, 0x02, 0x4c,
    0xe2, 0x43, 0xe2, 0x43, 0x01, 0x4c, 0x02, 0x4c, 0x02, 0x44, 0xe1, 0x43,
    0x02, 0x4c, 0x01, 0x4c, 0xe2, 0x43, 0x01, 0x4c, 0xe2, 0x4b, 0xe2, 0x43,
    0x02, 0x4c, 0xe1, 0x4b, 0x01, 0x4c, 0xe2, 0x4b, 0x02, 0x4c, 0x01, 0x4c,
    0x02, 0x54, 0x02, 0x4c, 0x02, 0x4c, 0x01, 0x4c, 0x02, 0x4c, 0x22, 0x54,
    0x22, 0x54, 0x01, 0x4c, 0x02, 0x54, 0x02, 0x54, 0x01, 0x4c, 0x02, 0x4c,
    0x02, 0x4c, 0x01, 0x4c, 0x02, 0x4c, 0x02, 0x4c, 0x01, 0x4c, 0x01, 0x4c,
    0x22, 0x54, 0x01, 0x4c, 0x22, 0x54, 0x01, 0x54, 0x22, 0x54, 0x01, 0x54,
    0x21, 0x54, 0x22, 0x54, 0x21, 0x54, 0x21, 0x54, 0x21, 0x5c, 0x22, 0x5c,
    0x21, 0x54, 0x42, 0x5c, 0x22, 0x5c, 0x21, 0x54, 0x41, 0x5c, 0x42, 0x5c,
    0x21, 0x5c, 0x41, 0x5c, 0x42, 0x5c, 0x41, 0x5c, 0x42, 0x5c, 0x41, 0x5c,
    0x41, 0x5c, 0x42, 0x5c, 0x41, 0x5c, 0x41, 0x5c, 0x42, 0x64, 0x41, 0x64,
    0x61, 0x64, 0x41, 0x64, 0x42, 0x64, 0x41, 0x64, 0x41, 0x64, 0x61, 0x6c,
    0x61, 0x64, 0x61, 0x6c, 0x61, 0x6c, 0x42, 0x6c, 0x41, 0x6c, 0x62, 0x6c,
    0x41, 0x74, 0x61, 0x74, 0x62, 0x74, 0x41, 0x74, 0x61, 0x74, 0x61, 0x7c,
    0x62, 0x7c, 0x61, 0x84, 0x82, 0x8c, 0x63, 0x94, 0x62, 0x94, 0x62, 0x8c,
    0x62, 0x94, 0x62, 0x94, 0x62, 0x9c, 0x63, 0xa4, 0x83, 0xa4, 0x62, 0xa4,
    0x63, 0xa4, 0x83, 0xa4, 0x63, 0xa4, 0x83, 0xa4, 0x63, 0xa4, 0x83, 0xa4,
    0x83, 0xa4, 0x63, 0xa4, 0x82, 0xa4, 0x83, 0xa4, 0x62, 0x9c, 0x62, 0x9c,
    0x62, 0x9c, 0x62, 0x9c, 0x62, 0x94, 0x62, 0x8c, 0x82, 0x84, 0x82, 0x84,
    0x81, 0x7c, 0x82, 0x7c, 0x81, 0x7c, 0x82, 0x7c, 0x81, 0x74, 0x62, 0x74,
    0x61, 0x74, 0x82, 0x6c, 0x61, 0x6c, 0x61, 0x6c, 0x62, 0x6c, 0x62, 0x6c,
    0x61, 0x6c, 0x61, 0x64, 0x41, 0x64, 0x61, 0x64, 0x42, 0x64, 0x41, 0x64,
    0x41, 0x5c, 0x42, 0x5c, 0x42, 0x5c, 0x41, 0x5c, 0x21, 0x54, 0x22, 0x5c,
    0x21, 0x5c, 0x21, 0x54, 0x22, 0x5c, 0x42, 0x5c, 0x41, 0x54, 0x41, 0x54,
    0x22, 0x54, 0x21, 0x54, 0x42, 0x54, 0x21, 0x54, 0x21, 0x54, 0x22, 0x54,
    0x22, 0x54, 0x22, 0x54, 0x02, 0x4c, 0x02, 0x4c, 0x02, 0x4c, 0x02, 0x4c,
    0x02, 0x4c, 0x01, 0x4c, 0x01, 0x4c, 0x02, 0x4c, 0x02, 0x4c, 0x01, 0x4c,
    0x02, 0x4c, 0x01, 0x4c, 0x02, 0x4c, 0x02, 0x4c, 0x02, 0x4c, 0x02, 0x4c,
    0x02, 0x44, 0x02, 0x44, 0xe1, 0x43, 0x02, 0x44, 0x02, 0x44, 0x02, 0x44,
    0x02, 0x44, 0xe2, 0x43, 0xe2, 0x43, 0x02, 0x44, 0xe2, 0x43, 0x02, 0x44,
    0xe2, 0x3b, 0xe2, 0x3b, 0xe2, 0x43, 0xc2, 0x3b, 0xc3, 0x3b, 0xc2, 0x3b,
    0xc3, 0x3b, 0xc2, 0x3b, 0xc3, 0x3b, 0xc2, 0x3b, 0xc2, 0x3b, 0xc3, 0x3b,
    0xc2, 0x3b, 0xa3, 0x3b, 0xa2, 0x3b, 0xa2, 0x33, 0xa3, 0x33, 0xa3, 0x33,
    0xa3, 0x33, 0xa2, 0x33, 0xa2, 0x33, 0xa3, 0x33, 0x82, 0x33, 0xa3, 0x33,
    0xa3, 0x33, 0xa3, 0x33, 0xa2, 0x33, 0x82, 0x33, 0xa3, 0x33, 0x82, 0x33,
    0xc3, 0x43, 0xc3, 0x3b, 0xe2, 0x43, 0xe3, 0x43, 0xe2, 0x43, 0xe2, 0x4b,
    0xe2, 0x43, 0xe2, 0x43, 0xe2, 0x43, 0xe2, 0x43, 0xe2, 0x43, 0x02, 0x44,
    0x02, 0x44, 0xe2, 0x43, 0xe2, 0x43, 0xe2, 0x43, 0xe2, 0x4b, 0xe2, 0x43,
    0x02, 0x44, 0xe2, 0x43, 0xe2, 0x4b, 0xe2, 0x43, 0x01, 0x44, 0xe2, 0x43,
    0x02, 0x4c, 0x02, 0x44, 0x02, 0x4c, 0x02, 0x4c, 0x02, 0x4c, 0xe2, 0x43,
    0x02, 0x4c, 0x02, 0x4c, 0xe1, 0x4b, 0x02, 0x4c, 0x02, 0x4c, 0x02, 0x4c,
    0x02, 0x4c, 0x01, 0x44, 0x02, 0x4c, 0xe2, 0x4b, 0x02, 0x4c, 0xe2, 0x4b,
    0xe2, 0x4b, 0x02, 0x4c, 0xe2, 0x4b, 0x02, 0x4c, 0x02, 0x4c, 0x22, 0x54,
    0x01, 0x54, 0x22, 0x54, 0x01, 0x54, 0x21, 0x54, 0x02, 0x54, 0x02, 0x54,
    0x22, 0x54, 0x41, 0x5c, 0x02, 0x54, 0x22, 0x54, 0x02, 0x54, 0x01, 0x54,
    0x22, 0x54, 0x21, 0x54, 0x02, 0x54, 0x22, 0x54, 0x01, 0x54, 0x02, 0x54,
    0x22, 0x54, 0x02, 0x54, 0x02, 0x54, 0x22, 0x54, 0x22, 0x54, 0x22, 0x5c,
    0x21, 0x5c, 0x21, 0x54, 0x22, 0x5c, 0x22, 0x5c, 0x22, 0x54, 0x21, 0x5c,
    0x21, 0x5c, 0x22, 0x5c, 0x42, 0x5c, 0x41, 0x5c, 0x42, 0x64, 0x61, 0x64,
    0x42, 0x5c, 0x42, 0x5c, 0x61, 0x64, 0x61, 0x64, 0x62, 0x64, 0x62, 0x64,
    0x62, 0x64, 0x61, 0x64, 0x62, 0x6c, 0x62, 0x6c, 0x62, 0x6c, 0x62, 0x74,
    0x81, 0x6c, 0x62, 0x6c, 0x62, 0x6c, 0x82, 0x74, 0x62, 0x74, 0x62, 0x74,
    0x82, 0x74, 0x82, 0x6c, 0x62, 0x74, 0x61, 0x7c, 0x62, 0x7c, 0x61, 0x7c,
    0x62, 0x7c, 0x62, 0x7c, 0x62, 0x7c, 0x42, 0x74, 0x62, 0x7c, 0x62, 0x7c,
    0x62, 0x84, 0x62, 0x84, 0x62, 0x8c, 0x42, 0x8c, 0x63, 0x94, 0x82, 0x94,
    0x83, 0x94, 0x62, 0x94, 0x83, 0x9c, 0x83, 0x9c, 0x82, 0x9c, 0x62, 0x9c,
    0x62, 0x9c, 0x82, 0x9c, 0x83, 0x9c, 0x82, 0x9c, 0x83, 0x9c, 0x83, 0x9c,
    0x62, 0x9c, 0x83, 0xa4, 0x83, 0xa4, 0x62, 0x9c, 0x82, 0x9c, 0x82, 0x9c,
    0x82, 0x94, 0x82, 0x94, 0x82, 0x94, 0x82, 0x8c, 0x82, 0x8c, 0x62, 0x84,
    0x62, 0x7c, 0x62, 0x7c, 0x82, 0x7c, 0x62, 0x7c, 0x62, 0x74, 0x61, 0x74,
    0x62, 0x74, 0x61, 0x74, 0x62, 0x74, 0x62, 0x74, 0x62, 0x74, 0x41, 0x6c,
    0x62, 0x6c, 0x62, 0x6c, 0x62, 0x6c, 0x62, 0x6c, 0x42, 0x6c, 0x62, 0x64,
    0x42, 0x64, 0x42, 0x64, 0x41, 0x64, 0x42, 0x5c, 0x42, 0x5c, 0x42, 0x5c,
    0x42, 0x5c, 0x42, 0x5c, 0x42, 0x5c, 0x42, 0x5c, 0x42, 0x64, 0x62, 0x5c,
    0x22, 0x54, 0x42, 0x54, 0x22, 0x54, 0x42, 0x54, 0x41, 0x54, 0x42, 0x54,
    0x42, 0x54, 0x41, 0x4c, 0x22, 0x54, 0x42, 0x54, 0x21, 0x54, 0x22, 0x54,
    0x22, 0x54, 0x22, 0x4c, 0x22, 0x4c, 0x22, 0x4c, 0x02, 0x4c, 0x02, 0x4c,
    0x02, 0x44, 0x02, 0x4c, 0x21, 0x4c, 0x22, 0x4c, 0x02, 0x4c, 0x22, 0x4c,
    0x01, 0x4c, 0x02, 0x4c, 0x22, 0x44, 0x02, 0x4c, 0x02, 0x4c, 0x02, 0x44,
    0x02, 0x44, 0x02, 0x44, 0x02, 0x44, 0x02, 0x44, 0x02, 0x44, 0x02, 0x44,
    0x02, 0x44, 0xe2, 0x43, 0xe2, 0x3b, 0xe3, 0x3b, 0xe3, 0x3b, 0xc2, 0x3b,
    0xc2, 0x3b, 0xc2, 0x3b, 0xc3, 0x3b, 0xc3, 0x3b, 0xc3, 0x3b, 0xc3, 0x3b,
    0xc3, 0x33, 0xa2, 0x33, 0xa2, 0x33, 0xc3, 0x33, 0xa2, 0x33, 0xa2, 0x3b,
    0xa3, 0x33, 0xa3, 0x33, 0xc2, 0x3b, 0xa2, 0x33, 0xa3, 0x33, 0xa2, 0x33,
    0x82, 0x33, 0xa3, 0x33, 0xa3, 0x33, 0xa3, 0x3b, 0xa2, 0x33, 0x82, 0x33,
    0xa3, 0x08, 0xa3, 0x08, 0xa3, 0x08, 0xa3, 0x08, 0xc3, 0x08, 0xa3, 0x08,
    0xc3, 0x08, 0xa3, 0x08, 0xa3, 0x08, 0xc3, 0x08, 0xa3, 0x08, 0xa2, 0x08,
    0xa2, 0x08, 0xa3, 0x08, 0xa2, 0x08, 0xc3, 0x08, 0xa2, 0x08, 0xa2, 0x08,
    0xc3, 0x08, 0xc2, 0x08, 0xa3, 0x10, 0xc2, 0x08, 0xc2, 0x08, 0xa3, 0x08,
    0xc3, 0x08, 0xc2, 0x08, 0xa2, 0x08, 0xa3, 0x08, 0xa2, 0x08, 0xa3, 0x08,
    0xa2, 0x08, 0xa3, 0x10, 0xa3, 0x08, 0xa2, 0x08, 0xa2, 0x08, 0xa3, 0x08,
    0xa3, 0x08, 0xa2, 0x08, 0xa2, 0x10, 0x82, 0x08, 0xa2, 0x08, 0xa2, 0x08,
    0xa2, 0x08, 0xa2, 0x08, 0xa2, 0x08, 0xa2, 0x08, 0xa2, 0x08, 0xa2, 0x08,
    0xa2, 0x08, 0xa2, 0x08, 0x82, 0x08, 0xa2, 0x08, 0xa2, 0x08, 0xa2, 0x08,
    0x82, 0x08, 0xa2, 0x08, 0xa2, 0x08, 0xa2, 0x08, 0xa2, 0x08, 0xa2, 0x08,
    0xa2, 0x08, 0xa2, 0x10, 0xa2, 0x08, 0xa2, 0x08, 0xa2, 0x08, 0x82, 0x08,
    0xa2, 0x08, 0xa2, 0x08, 0xa2, 0x08, 0xa2, 0x08, 0xa2, 0x08, 0xa2, 0x08,
    0x82, 0x08, 0x82, 0x08, 0xa2, 0x08, 0xa2, 0x08, 0xa2, 0x08, 0x82, 0x08,
    0xa2, 0x08, 0xa2, 0x08, 0xa2, 0x08, 0xa2, 0x08, 0xa2, 0x08, 0xa2, 0x08,
    0x82, 0x08, 0x82, 0x08, 0xa2, 0x08, 0xa2, 0x08, 0xa2, 0x08, 0xa2, 0x08,
    0xa2, 0x10, 0xa2, 0x08, 0xa2, 0x08, 0xa2, 0x08, 0xa2, 0x08, 0xa2, 0x08,
    0xa2, 0x08, 0xa2, 0x08, 0xa2, 0x08, 0xa2, 0x08, 0xa2, 0x08, 0xa2, 0x08,
    0xa2, 0x08, 0xa2, 0x08, 0xa2, 0x08, 0x82, 0x08, 0x82, 0x08, 0x82, 0x08,
    0xa2, 0x08, 0x82, 0x08, 0xa2, 0x08, 0x82, 0x08, 0x82, 0x08, 0x82, 0x08,
    0x82, 0x08, 0x82, 0x10, 0x82, 0x08, 0x82, 0x08, 0x82, 0x08, 0x82, 0x08,
    0x82, 0x08, 0xa2, 0x08, 0x82, 0x08, 0xa2, 0x08, 0xa2, 0x08, 0x82, 0x08,
    0x82, 0x08, 0x82, 0x10, 0x82, 0x08, 0x82, 0x08, 0x82, 0x08, 0x82, 0x10,
    0x82, 0x08, 0x82, 0x10, 0x82, 0x08, 0x82, 0x08, 0x82, 0x08, 0x82, 0x08,
    0x82, 0x08, 0xa2, 0x08, 0x82, 0x10, 0xa2, 0x10, 0x82, 0x08, 0x82, 0x08,
    0x82, 0x08, 0x82, 0x08, 0xa2, 0x08, 0x82, 0x08, 0x82, 0x08, 0x82, 0x08,
    0xa2, 0x08, 0x82, 0x08, 0xa2, 0x08, 0x82, 0x08, 0x82, 0x08, 0xa2, 0x08,
    0xa2, 0x08, 0x82, 0x08, 0x82, 0x08, 0x82, 0x08, 0x82, 0x08, 0xa2, 0x08,
    0x82, 0x08, 0x81, 0x08, 0x82, 0x08, 0x82, 0x08, 0x81, 0x08, 0x82, 0x08,
    0x81, 0x08, 0x81, 0x08, 0x81, 0x08, 0x81, 0x08, 0x81, 0x08, 0x82, 0x08,
    0x81, 0x08, 0x82, 0x08, 0x81, 0x08, 0x82, 0x08, 0x82, 0x08, 0x81, 0x08,
    0x82, 0x08, 0x81, 0x08, 0x82, 0x08, 0x82, 0x08, 0x81, 0x08, 0x81, 0x08,
    0x82, 0x08, 0x81, 0x08, 0x82, 0x08, 0x82, 0x08, 0x81, 0x08, 0x81, 0x08,
    0x82, 0x08, 0x82, 0x08, 0x82, 0x08, 0x81, 0x08, 0x81, 0x08, 0x82, 0x08,
    0x81, 0x08, 0x81, 0x08, 0x82, 0x08, 0x82, 0x08, 0x81, 0x08, 0x81, 0x08,
    0x81, 0x08, 0x81, 0x08, 0x82, 0x08, 0x81, 0x08, 0x81, 0x08, 0x82, 0x08,
    0x82, 0x08, 0x82, 0x08, 0x82, 0x08, 0x81, 0x08, 0x82, 0x08, 0x82, 0x08,
    0x82, 0x08, 0x82, 0x08, 0x82, 0x08, 0x81, 0x08, 0x82, 0x08, 0x81, 0x08,
    0x81, 0x08, 0x82, 0x08, 0x82, 0x08, 0x81, 0x08, 0x82, 0x08, 0x82, 0x08,
    0x81, 0x08, 0x82, 0x08, 0x82, 0x08, 0x62, 0x08, 0x82, 0x08, 0x61, 0x08,
    0x81, 0x08, 0x81, 0x08, 0x61, 0x08, 0x82, 0x08, 0x82, 0x08, 0x82, 0x08,
    0xc3, 0x08, 0xc3, 0x08, 0xe3, 0x08, 0xc3, 0x08, 0xc3, 0x08, 0xc3, 0x08,
    0xc3, 0x10, 0xc3, 0x08, 0xc2, 0x08, 0xc3, 0x08, 0xc3, 0x08, 0xc3, 0x08,
    0xc3, 0x08, 0xa2, 0x08, 0xc3, 0x08, 0xc2, 0x08, 0xc3, 0x08, 0xc3, 0x08,
    0xc3, 0x08, 0xc3, 0x08, 0xc2, 0x10, 0xc3, 0x10, 0xc3, 0x08, 0xc3, 0x10,
    0xe2, 0x08, 0xc2, 0x08, 0xc3, 0x10, 0xc2, 0x08, 0xc2, 0x08, 0xc2, 0x10,
    0xc2, 0x08, 0xc3, 0x10, 0xc3, 0x08, 0xc2, 0x08, 0xc2, 0x10, 0xc2, 0x10,
    0xc3, 0x10, 0xc3, 0x08, 0xc3, 0x10, 0xa2, 0x08, 0xc2, 0x08, 0xc3, 0x08,
    0xc2, 0x08, 0xa2, 0x08, 0xc2, 0x08, 0xc2, 0x10, 0xa2, 0x08, 0xc2, 0x10,
    0xc3, 0x10, 0xa3, 0x08, 0xc2, 0x10, 0xa2, 0x08, 0xc2, 0x08, 0xa2, 0x10,
    0xa2, 0x08, 0xa2, 0x10, 0xa2, 0x08, 0xa2, 0x10, 0xa2, 0x10, 0xa2, 0x08,
    0xc2, 0x08, 0xa2, 0x08, 0xa2, 0x10, 0xa2, 0x08, 0xc2, 0x08, 0xa2, 0x08,
    0xa2, 0x10, 0xa2, 0x08, 0xa2, 0x08, 0xa2, 0x10, 0xa2, 0x08, 0xc2, 0x08,
    0xa2, 0x10, 0xa2, 0x08, 0xa2, 0x08, 0xa2, 0x10, 0xa2, 0x08, 0xc2, 0x10,
    0xa2, 0x10, 0xa2, 0x08, 0xa2, 0x10, 0xa2, 0x10, 0xa2, 0x10, 0xa2, 0x08,
    0xa2, 0x08, 0xc2, 0x08, 0xa2, 0x08, 0xa2, 0x10, 0xa2, 0x08, 0xa2, 0x08,
    0xc2, 0x08, 0xc2, 0x10, 0xc2, 0x10, 0xa2, 0x08, 0xa2, 0x08, 0xa2, 0x10,
    0xa2, 0x08, 0xa2, 0x10, 0xa2, 0x10, 0xa2, 0x08, 0xa2, 0x10, 0xc2, 0x10,
    0xa2, 0x08, 0xa2, 0x08, 0xa2, 0x08, 0xa2, 0x08, 0xc2, 0x10, 0xa2, 0x10,
    0xa2, 0x10, 0xa2, 0x08, 0xa2, 0x08, 0xa2, 0x08, 0xa2, 0x10, 0xa2, 0x08,
    0x81, 0x08, 0xa2, 0x10, 0xa2, 0x10, 0x82, 0x08, 0xa2, 0x10, 0xa2, 0x08,
    0xa2, 0x10, 0xa2, 0x10, 0xa2, 0x10, 0xa2, 0x10, 0xa2, 0x10, 0xa2, 0x08,
    0xa2, 0x10, 0x82, 0x08, 0x82, 0x08, 0x81, 0x08, 0xa2, 0x10, 0xa2, 0x10,
    0x82, 0x08, 0xa2, 0x10, 0xa2, 0x08, 0xa2, 0x08, 0xa2, 0x10, 0x82, 0x08,
    0x82, 0x10, 0x82, 0x08, 0xa2, 0x08, 0x82, 0x08, 0x82, 0x08, 0x82, 0x08,
    0x81, 0x10, 0x82, 0x08, 0xa2, 0x10, 0xa2, 0x10, 0x82, 0x08, 0x82, 0x10,
    0x82, 0x08, 0x81, 0x08, 0x82, 0x10, 0xa1, 0x08, 0xa1, 0x08, 0x82, 0x08,
    0x81, 0x08, 0xa2, 0x08, 0x81, 0x08, 0xa2, 0x10, 0xa1, 0x08, 0x82, 0x08,
    0xa1, 0x10, 0xa2, 0x08, 0xa2, 0x08, 0x81, 0x08, 0x82, 0x08, 0x82, 0x08,
    0x82, 0x08, 0x81, 0x08, 0x82, 0x08, 0xa2, 0x08, 0x82, 0x08, 0x81, 0x08,
    0x81, 0x08, 0x82, 0x08, 0x81, 0x08, 0x81, 0x08, 0x82, 0x08, 0xa1, 0x08,
    0x81, 0x08, 0x82, 0x08, 0x82, 0x08, 0x81, 0x08, 0xa2, 0x08, 0xa2, 0x08,
    0x81, 0x08, 0xa2, 0x08, 0x81, 0x08, 0xa1, 0x08, 0x82, 0x08, 0x81, 0x08,
    0xa1, 0x08, 0x82, 0x08, 0x82, 0x08, 0xa2, 0x08, 0x82, 0x08, 0x81, 0x08,
    0x82, 0x08, 0xa2, 0x08, 0xa1, 0x08, 0x82, 0x08, 0x81, 0x08, 0x82, 0x08,
    0x82, 0x08, 0xa2, 0x08, 0x81, 0x10, 0x82, 0x08, 0x82, 0x08, 0x81, 0x08,
    0x81, 0x08, 0x82, 0x08, 0xa2, 0x08, 0x81, 0x08, 0x81, 0x08, 0x82, 0x08,
    0x82, 0x08, 0x82, 0x08, 0x82, 0x08, 0x82, 0x08, 0x82, 0x08, 0x82, 0x08,
    0xa2, 0x08, 0x81, 0x08, 0x82, 0x08, 0x82, 0x08, 0x81, 0x08, 0x82, 0x08,
    0x81, 0x08, 0x82, 0x08, 0x81, 0x08, 0x81, 0x08, 0x82, 0x08, 0x82, 0x08,
    0x82, 0x08, 0x82, 0x08, 0x81, 0x08, 0x81, 0x08, 0x82, 0x08, 0x81, 0x08
};
