// 4.25.0 0x24e909ed D2 AY R0 FARGB8888 U565 N0 SExtFlashSection
// Generated by imageconverter. Please, do not edit!

#include <touchgfx/hal/Config.hpp>

LOCATION_PRAGMA("ExtFlashSection")
KEEP extern const unsigned char image_new_gun[] LOCATION_ATTRIBUTE("ExtFlashSection") = { // 69x103 ARGB8888 pixels.
    0x00, 0x00, 0x00, 0x00, 0x00, 0x00, 0x00, 0x00, 0x00, 0x00, 0x00, 0x00,
    0x00, 0x00, 0x00, 0x00, 0x00, 0x00, 0x00, 0x00, 0x00, 0x00, 0x00, 0x00,
    0x00, 0x00, 0x00, 0x00, 0x00, 0x00, 0x00, 0x00, 0x00, 0x00, 0x00, 0x00,
    0x00, 0x00, 0x00, 0x00, 0x00, 0x00, 0x00, 0x00, 0x00, 0x00, 0x00, 0x00,
    0x00, 0x00, 0x00, 0x00, 0x00, 0x00, 0x00, 0x00, 0x00, 0x00, 0x00, 0x00,
    0x00, 0x00, 0x00, 0x00, 0x00, 0x00, 0x00, 0x00, 0x00, 0x00, 0x00, 0x00,
    0x00, 0x00, 0x00, 0x00, 0x00, 0x00, 0x00, 0x00, 0x00, 0x00, 0x00, 0x00,
    0x00, 0x00, 0x00, 0x00, 0x00, 0x00, 0x00, 0x00, 0x00, 0x00, 0x00, 0x00,
    0x00, 0x00, 0x00, 0x00, 0x00, 0x00, 0x00, 0x00, 0x00, 0x00, 0x00, 0x00,
    0x00, 0x00, 0x00, 0x00, 0x00, 0x00, 0x00, 0x00, 0x00, 0x00, 0x00, 0x00,
    0x00, 0x00, 0x00, 0x00, 0x00, 0x00, 0x00, 0x00, 0x00, 0x00, 0x00, 0x00,
    0x00, 0x00, 0x00, 0x00, 0x00, 0x00, 0x00, 0x00, 0x00, 0x00, 0x00, 0x00,
    0x00, 0x00, 0x00, 0x00, 0x00, 0x00, 0x00, 0x00, 0x00, 0x00, 0x00, 0x00,
    0x00, 0x00, 0x00, 0x00, 0x00, 0x00, 0x00, 0x00, 0x00, 0x00, 0x00, 0x00,
    0x00, 0x00, 0x00, 0x00, 0x00, 0x00, 0x00, 0x00, 0x00, 0x00, 0x00, 0x00,
    0x00, 0x00, 0x00, 0x00, 0x00, 0x00, 0x00, 0x00, 0x00, 0x00, 0x00, 0x00,
    0x00, 0x00, 0x00, 0x00, 0x00, 0x00, 0x00, 0x00, 0x00, 0x00, 0x00, 0x00,
    0x00, 0x00, 0x00, 0x00, 0x00, 0x00, 0x00, 0x00, 0x00, 0x00, 0x00, 0x00,
    0x00, 0x00, 0x00, 0x00, 0x00, 0x00, 0x00, 0x00, 0x00, 0x00, 0x00, 0x00,
    0x00, 0x00, 0x00, 0x00, 0x00, 0x00, 0x00, 0x00, 0x00, 0x00, 0x00, 0x00,
    0x00, 0x00, 0x00, 0x00, 0x00, 0x00, 0x00, 0x00, 0x00, 0x00, 0x00, 0x00,
    0x00, 0x00, 0x00, 0x00, 0x00, 0x00, 0x00, 0x00, 0x00, 0x00, 0x00, 0x00,
    0x00, 0x00, 0x00, 0x00, 0x00, 0x00, 0x00, 0x00, 0x00, 0x00, 0x00, 0x00,
    0x00, 0x00, 0x00, 0x00, 0x00, 0x00, 0x00, 0x00, 0x00, 0x00, 0x00, 0x00,
    0x00, 0x00, 0x00, 0x00, 0x00, 0x00, 0x00, 0x00, 0x00, 0x00, 0x00, 0x00,
    0x00, 0x00, 0x00, 0x00, 0x00, 0x00, 0x00, 0x00, 0x00, 0x00, 0x00, 0x00,
    0x00, 0x00, 0x00, 0x00, 0x00, 0x00, 0x00, 0x00, 0x00, 0x00, 0x00, 0x00,
    0x00, 0x00, 0x00, 0x00, 0x00, 0x00, 0x00, 0x00, 0x00, 0x00, 0x00, 0x00,
    0x00, 0x00, 0x00, 0x00, 0x00, 0x00, 0x00, 0x00, 0x00, 0x00, 0x00, 0x00,
    0x00, 0x00, 0x00, 0x00, 0x00, 0x00, 0x00, 0x00, 0x00, 0x00, 0x00, 0x00,
    0x00, 0x00, 0x00, 0x00, 0x00, 0x00, 0x00, 0x00, 0x00, 0x00, 0x00, 0x00,
    0x00, 0x00, 0x00, 0x00, 0x00, 0x00, 0x00, 0x00, 0x00, 0x00, 0x00, 0x00,
    0x00, 0x00, 0x00, 0x00, 0x00, 0x00, 0x00, 0x00, 0x00, 0x00, 0x00, 0x00,
    0x00, 0x00, 0x00, 0x00, 0x00, 0x00, 0x00, 0x00, 0x00, 0x00, 0x00, 0x00,
    0x00, 0x00, 0x00, 0x00, 0x00, 0x00, 0x00, 0x00, 0x00, 0x00, 0x00, 0x00,
    0x00, 0x00, 0x00, 0x00, 0x00, 0x00, 0x00, 0x00, 0x00, 0x00, 0x00, 0x00,
    0x00, 0x00, 0x00, 0x00, 0x00, 0x00, 0x00, 0x00, 0x00, 0x00, 0x00, 0x00,
    0x00, 0x00, 0x00, 0x00, 0x00, 0x00, 0x00, 0x00, 0x00, 0x00, 0x00, 0x00,
    0x00, 0x00, 0x00, 0x00, 0x00, 0x00, 0x00, 0x00, 0x00, 0x00, 0x00, 0x00,
    0x00, 0x00, 0x00, 0x00, 0x00, 0x00, 0x00, 0x00, 0x00, 0x00, 0x00, 0x00,
    0x00, 0x00, 0x00, 0x00, 0x00, 0x00, 0x00, 0x00, 0x00, 0x00, 0x00, 0x00,
    0x00, 0x00, 0x00, 0x00, 0x00, 0x00, 0x00, 0x00, 0x00, 0x00, 0x00, 0x00,
    0x00, 0x00, 0x00, 0x00, 0x00, 0x00, 0x00, 0x00, 0x00, 0x00, 0x00, 0x00,
    0x00, 0x00, 0x00, 0x00, 0x00, 0x00, 0x00, 0x00, 0x00, 0x00, 0x00, 0x00,
    0x00, 0x00, 0x00, 0x00, 0x00, 0x00, 0x00, 0x00, 0x00, 0x00, 0x00, 0x00,
    0x00, 0x00, 0x00, 0x00, 0x00, 0x00, 0x00, 0x00, 0x00, 0x00, 0x00, 0x00,
    0x00, 0x00, 0x00, 0x00, 0x00, 0x00, 0x00, 0x00, 0x00, 0x00, 0x00, 0x00,
    0x00, 0x00, 0x00, 0x00, 0x00, 0x00, 0x00, 0x00, 0x00, 0x00, 0x00, 0x00,
    0x00, 0x00, 0x00, 0x00, 0x00, 0x00, 0x00, 0x00, 0x00, 0x00, 0x00, 0x00,
    0x00, 0x00, 0x00, 0x00, 0x00, 0x00, 0x00, 0x00, 0x00, 0x00, 0x00, 0x00,
    0x00, 0x00, 0x00, 0x00, 0x00, 0x00, 0x00, 0x00, 0x00, 0x00, 0x00, 0x00,
    0x00, 0x00, 0x00, 0x00, 0x00, 0x00, 0x00, 0x00, 0x00, 0x00, 0x00, 0x00,
    0x00, 0x00, 0x00, 0x00, 0x00, 0x00, 0x00, 0x00, 0x00, 0x00, 0x00, 0x00,
    0x00, 0x00, 0x00, 0x00, 0x00, 0x00, 0x00, 0x00, 0x00, 0x00, 0x00, 0x00,
    0x00, 0x00, 0x00, 0x00, 0x00, 0x00, 0x00, 0x00, 0x00, 0x00, 0x00, 0x00,
    0x00, 0x00, 0x00, 0x00, 0x00, 0x00, 0x00, 0x00, 0x00, 0x00, 0x00, 0x00,
    0x00, 0x00, 0x00, 0x00, 0x00, 0x00, 0x00, 0x00, 0x00, 0x00, 0x00, 0x00,
    0x00, 0x00, 0x00, 0x00, 0x00, 0x00, 0x00, 0x00, 0x00, 0x00, 0x00, 0x00,
    0x00, 0x00, 0x00, 0x00, 0x00, 0x00, 0x00, 0x00, 0x00, 0x00, 0x00, 0x00,
    0x00, 0x00, 0x00, 0x00, 0x00, 0x00, 0x00, 0x00, 0x00, 0x00, 0x00, 0x00,
    0x00, 0x00, 0x00, 0x00, 0x00, 0x00, 0x00, 0x00, 0x00, 0x00, 0x00, 0x00,
    0x00, 0x00, 0x00, 0x00, 0x00, 0x00, 0x00, 0x00, 0x00, 0x00, 0x00, 0x00,
    0x00, 0x00, 0x00, 0x00, 0x00, 0x00, 0x00, 0x00, 0x00, 0x00, 0x00, 0x00,
    0x00, 0x00, 0x00, 0x00, 0x00, 0x00, 0x00, 0x00, 0x00, 0x00, 0x00, 0x00,
    0x00, 0x00, 0x00, 0x00, 0x00, 0x00, 0x00, 0x00, 0x00, 0x00, 0x00, 0x00,
    0x00, 0x00, 0x00, 0x00, 0x00, 0x00, 0x00, 0x00, 0x00, 0x00, 0x00, 0x00,
    0x00, 0x00, 0x00, 0x00, 0x00, 0x00, 0x00, 0x00, 0x00, 0x00, 0x00, 0x00,
    0x00, 0x00, 0x00, 0x00, 0x00, 0x00, 0x00, 0x00, 0x00, 0x00, 0x00, 0x00,
    0x00, 0x00, 0x00, 0x00, 0x00, 0x00, 0x00, 0x00, 0x00, 0x00, 0x00, 0x00,
    0x00, 0x00, 0x00, 0x00, 0x00, 0x00, 0x00, 0x00, 0x00, 0x00, 0x00, 0x00,
    0x00, 0x00, 0x00, 0x00, 0x00, 0x00, 0x00, 0x00, 0x00, 0x00, 0x00, 0x00,
    0x00, 0x00, 0x00, 0x00, 0x00, 0x00, 0x00, 0x00, 0x00, 0x00, 0x00, 0x00,
    0x00, 0x00, 0x00, 0x00, 0x00, 0x00, 0x00, 0x00, 0x00, 0x00, 0x00, 0x00,
    0x00, 0x00, 0x00, 0x00, 0x00, 0x00, 0x00, 0x00, 0x00, 0x00, 0x00, 0x00,
    0x00, 0x00, 0x00, 0x00, 0x00, 0x00, 0x00, 0x00, 0x00, 0x00, 0x00, 0x00,
    0x00, 0x00, 0x00, 0x00, 0x00, 0x00, 0x00, 0x00, 0x00, 0x00, 0x00, 0x00,
    0x00, 0x00, 0x00, 0x00, 0x00, 0x00, 0x00, 0x00, 0x00, 0x00, 0x00, 0x00,
    0x00, 0x00, 0x00, 0x00, 0x00, 0x00, 0x00, 0x00, 0x00, 0x00, 0x00, 0x00,
    0x00, 0x00, 0x00, 0x00, 0x00, 0x00, 0x00, 0x00, 0x00, 0x00, 0x00, 0x00,
    0x00, 0x00, 0x00, 0x00, 0x00, 0x00, 0x00, 0x00, 0x00, 0x00, 0x00, 0x00,
    0x00, 0x00, 0x00, 0x00, 0x00, 0x00, 0x00, 0x00, 0x00, 0x00, 0x00, 0x00,
    0x00, 0x00, 0x00, 0x00, 0x00, 0x00, 0x00, 0x00, 0x00, 0x00, 0x00, 0x00,
    0x00, 0x00, 0x00, 0x00, 0x00, 0x00, 0x00, 0x00, 0x00, 0x00, 0x00, 0x00,
    0x00, 0x00, 0x00, 0x00, 0x00, 0x00, 0x00, 0x00, 0x00, 0x00, 0x00, 0x00,
    0x00, 0x00, 0x00, 0x00, 0x00, 0x00, 0x00, 0x00, 0x00, 0x00, 0x00, 0x00,
    0x00, 0x00, 0x00, 0x00, 0x00, 0x00, 0x00, 0x00, 0x00, 0x00, 0x00, 0x00,
    0x00, 0x00, 0x00, 0x00, 0x00, 0x00, 0x00, 0x00, 0x00, 0x00, 0x00, 0x00,
    0x00, 0x00, 0x00, 0x00, 0x00, 0x00, 0x00, 0x00, 0x00, 0x00, 0x00, 0x00,
    0x00, 0x00, 0x00, 0x00, 0x00, 0x00, 0x00, 0x00, 0x00, 0x00, 0x00, 0x00,
    0x00, 0x00, 0x00, 0x00, 0x00, 0x00, 0x00, 0x00, 0x00, 0x00, 0x00, 0x00,
    0x00, 0x00, 0x00, 0x00, 0x00, 0x00, 0x00, 0x00, 0x00, 0x00, 0x00, 0x00,
    0x00, 0x00, 0x00, 0x00, 0x00, 0x00, 0x00, 0x00, 0x00, 0x00, 0x00, 0x00,
    0x00, 0x00, 0x00, 0x00, 0x00, 0x00, 0x00, 0x00, 0x00, 0x00, 0x00, 0x00,
    0x00, 0x00, 0x00, 0x00, 0x00, 0x00, 0x00, 0x00, 0x00, 0x00, 0x00, 0x00,
    0x00, 0x00, 0x00, 0x00, 0x00, 0x00, 0x00, 0x00, 0x00, 0x00, 0x00, 0x00,
    0x00, 0x00, 0x00, 0x00, 0x00, 0x00, 0x00, 0x00, 0x00, 0x00, 0x00, 0x00,
    0x00, 0x00, 0x00, 0x00, 0x00, 0x00, 0x00, 0x00, 0x00, 0x00, 0x00, 0x00,
    0x00, 0x00, 0x00, 0x00, 0x00, 0x00, 0x00, 0x00, 0x00, 0x00, 0x00, 0x00,
    0x00, 0x00, 0x00, 0x00, 0x00, 0x00, 0x00, 0x00, 0x00, 0x00, 0x00, 0x00,
    0x00, 0x00, 0x00, 0x00, 0x00, 0x00, 0x00, 0x00, 0x00, 0x00, 0x00, 0x00,
    0x00, 0x00, 0x00, 0x00, 0x00, 0x00, 0x00, 0x00, 0x00, 0x00, 0x00, 0x00,
    0x00, 0x00, 0x00, 0x00, 0x00, 0x00, 0x00, 0x00, 0x00, 0x00, 0x00, 0x00,
    0x00, 0x00, 0x00, 0x00, 0x00, 0x00, 0x00, 0x00, 0x00, 0x00, 0x00, 0x00,
    0x00, 0x00, 0x00, 0x00, 0x00, 0x00, 0x00, 0x00, 0x00, 0x00, 0x00, 0x00,
    0x00, 0x00, 0x00, 0x00, 0x00, 0x00, 0x00, 0x00, 0x00, 0x00, 0x00, 0x00,
    0x00, 0x00, 0x00, 0x00, 0x00, 0x00, 0x00, 0x00, 0x00, 0x00, 0x00, 0x00,
    0x00, 0x00, 0x00, 0x00, 0x00, 0x00, 0x00, 0x00, 0x00, 0x00, 0x00, 0x00,
    0x00, 0x00, 0x00, 0x00, 0x00, 0x00, 0x00, 0x00, 0x00, 0x00, 0x00, 0x00,
    0x00, 0x00, 0x00, 0x00, 0x00, 0x00, 0x00, 0x00, 0x00, 0x00, 0x00, 0x00,
    0x00, 0x00, 0x00, 0x00, 0x00, 0x00, 0x00, 0x00, 0x00, 0x00, 0x00, 0x00,
    0x00, 0x00, 0x00, 0x00, 0x00, 0x00, 0x00, 0x00, 0x00, 0x00, 0x00, 0x00,
    0x00, 0x00, 0x00, 0x00, 0x00, 0x00, 0x00, 0x00, 0x00, 0x00, 0x00, 0x00,
    0x00, 0x00, 0x00, 0x00, 0x00, 0x00, 0x00, 0x00, 0x00, 0x00, 0x00, 0x00,
    0x00, 0x00, 0x00, 0x00, 0x00, 0x00, 0x00, 0x00, 0x00, 0x00, 0x00, 0x00,
    0x00, 0x00, 0x00, 0x00, 0x00, 0x00, 0x00, 0x00, 0x00, 0x00, 0x00, 0x00,
    0x00, 0x00, 0x00, 0x00, 0x00, 0x00, 0x00, 0x00, 0x00, 0x00, 0x00, 0x00,
    0x00, 0x00, 0x00, 0x00, 0x00, 0x00, 0x00, 0x00, 0x00, 0x00, 0x00, 0x00,
    0x00, 0x00, 0x00, 0x00, 0x00, 0x00, 0x00, 0x00, 0x00, 0x00, 0x00, 0x00,
    0x00, 0x00, 0x00, 0x00, 0x00, 0x00, 0x00, 0x00, 0x00, 0x00, 0x00, 0x00,
    0x00, 0x00, 0x00, 0x00, 0x00, 0x00, 0x00, 0x00, 0x00, 0x00, 0x00, 0x00,
    0x00, 0x00, 0x00, 0x00, 0x00, 0x00, 0x00, 0x00, 0x00, 0x00, 0x00, 0x00,
    0x00, 0x00, 0x00, 0x00, 0x00, 0x00, 0x00, 0x00, 0x00, 0x00, 0x00, 0x00,
    0x00, 0x00, 0x00, 0x00, 0x00, 0x00, 0x00, 0x00, 0x00, 0x00, 0x00, 0x00,
    0x00, 0x00, 0x00, 0x00, 0x00, 0x00, 0x00, 0x00, 0x00, 0x00, 0x00, 0x00,
    0x00, 0x00, 0x00, 0x00, 0x00, 0x00, 0x00, 0x00, 0x00, 0x00, 0x00, 0x00,
    0x00, 0x00, 0x00, 0x00, 0x00, 0x00, 0x00, 0x00, 0x00, 0x00, 0x00, 0x00,
    0x00, 0x00, 0x00, 0x00, 0x00, 0x00, 0x00, 0x00, 0x00, 0x00, 0x00, 0x00,
    0x00, 0x00, 0x00, 0x00, 0x00, 0x00, 0x00, 0x00, 0x00, 0x00, 0x00, 0x00,
    0x00, 0x00, 0x00, 0x00, 0x00, 0x00, 0x00, 0x00, 0x00, 0x00, 0x00, 0x00,
    0x00, 0x00, 0x00, 0x00, 0x00, 0x00, 0x00, 0x00, 0x00, 0x00, 0x00, 0x00,
    0x00, 0x00, 0x00, 0x00, 0x00, 0x00, 0x00, 0x00, 0x00, 0x00, 0x00, 0x00,
    0x00, 0x00, 0x00, 0x00, 0x00, 0x00, 0x00, 0x00, 0x00, 0x00, 0x00, 0x00,
    0x00, 0x00, 0x00, 0x00, 0x00, 0x00, 0x00, 0x00, 0x00, 0x00, 0x00, 0x00,
    0x00, 0x00, 0x00, 0x00, 0x00, 0x00, 0x00, 0x00, 0x00, 0x00, 0x00, 0x00,
    0x00, 0x00, 0x00, 0x00, 0x00, 0x00, 0x00, 0x00, 0x00, 0x00, 0x00, 0x00,
    0x00, 0x00, 0x00, 0x00, 0x00, 0x00, 0x00, 0x00, 0x00, 0x00, 0x00, 0x00,
    0x00, 0x00, 0x00, 0x00, 0x00, 0x00, 0x00, 0x00, 0x00, 0x00, 0x00, 0x00,
    0x00, 0x00, 0x00, 0x00, 0x00, 0x00, 0x00, 0x00, 0x00, 0x00, 0x00, 0x00,
    0x00, 0x00, 0x00, 0x00, 0x00, 0x00, 0x00, 0x00, 0x00, 0x00, 0x00, 0x00,
    0x00, 0x00, 0x00, 0x00, 0x00, 0x00, 0x00, 0x00, 0x00, 0x00, 0x00, 0x00,
    0x00, 0x00, 0x00, 0x00, 0x00, 0x00, 0x00, 0x00, 0x00, 0x00, 0x00, 0x00,
    0x00, 0x00, 0x00, 0x00, 0x00, 0x00, 0x00, 0x00, 0x00, 0x00, 0x00, 0x00,
    0x00, 0x00, 0x00, 0x00, 0x00, 0x00, 0x00, 0x00, 0x00, 0x00, 0x00, 0x00,
    0x00, 0x00, 0x00, 0x00, 0x00, 0x00, 0x00, 0x00, 0x00, 0x00, 0x00, 0x00,
    0x00, 0x00, 0x00, 0x00, 0x00, 0x00, 0x00, 0x00, 0x00, 0x00, 0x00, 0x00,
    0x00, 0x00, 0x00, 0x00, 0x00, 0x00, 0x00, 0x00, 0x00, 0x00, 0x00, 0x00,
    0x00, 0x00, 0x00, 0x00, 0x00, 0x00, 0x00, 0x00, 0x00, 0x00, 0x00, 0x00,
    0x00, 0x00, 0x00, 0x00, 0x00, 0x00, 0x00, 0x00, 0x00, 0x00, 0x00, 0x00,
    0x00, 0x00, 0x00, 0x00, 0x00, 0x00, 0x00, 0x00, 0x00, 0x00, 0x00, 0x00,
    0x00, 0x00, 0x00, 0x00, 0x00, 0x00, 0x00, 0x00, 0x00, 0x00, 0x00, 0x00,
    0x00, 0x00, 0x00, 0x00, 0x00, 0x00, 0x00, 0x00, 0x00, 0x00, 0x00, 0x00,
    0x00, 0x00, 0x00, 0x00, 0x00, 0x00, 0x00, 0x00, 0x00, 0x00, 0x00, 0x00,
    0x00, 0x00, 0x00, 0x00, 0x00, 0x00, 0x00, 0x00, 0x00, 0x00, 0x00, 0x00,
    0x00, 0x00, 0x00, 0x00, 0x00, 0x00, 0x00, 0x00, 0x00, 0x00, 0x00, 0x00,
    0x00, 0x00, 0x00, 0x00, 0x00, 0x00, 0x00, 0x00, 0x00, 0x00, 0x00, 0x00,
    0x00, 0x00, 0x00, 0x00, 0x00, 0x00, 0x00, 0x00, 0x00, 0x00, 0x00, 0x00,
    0x00, 0x00, 0x00, 0x00, 0x00, 0x00, 0x00, 0x00, 0x00, 0x00, 0x00, 0x00,
    0x00, 0x00, 0x00, 0x00, 0x00, 0x00, 0x00, 0x00, 0x00, 0x00, 0x00, 0x00,
    0x00, 0x00, 0x00, 0x00, 0x00, 0x00, 0x00, 0x00, 0x00, 0x00, 0x00, 0x00,
    0x00, 0x00, 0x00, 0x00, 0x00, 0x00, 0x00, 0x00, 0x00, 0x00, 0x00, 0x00,
    0x00, 0x00, 0x00, 0x00, 0x00, 0x00, 0x00, 0x00, 0x00, 0x00, 0x00, 0x00,
    0x00, 0x00, 0x00, 0x00, 0x00, 0x00, 0x00, 0x00, 0x00, 0x00, 0x00, 0x00,
    0x00, 0x00, 0x00, 0x00, 0x00, 0x00, 0x00, 0x00, 0x00, 0x00, 0x00, 0x00,
    0x00, 0x00, 0x00, 0x00, 0x00, 0x00, 0x00, 0x00, 0x00, 0x00, 0x00, 0x00,
    0x00, 0x00, 0x00, 0x00, 0x00, 0x00, 0x00, 0x00, 0x00, 0x00, 0x00, 0x00,
    0x00, 0x00, 0x00, 0x00, 0x00, 0x00, 0x00, 0x00, 0x00, 0x00, 0x00, 0x00,
    0x00, 0x00, 0x00, 0x00, 0x00, 0x00, 0x00, 0x00, 0x00, 0x00, 0x00, 0x00,
    0x00, 0x00, 0x00, 0x00, 0x00, 0x00, 0x00, 0x00, 0x00, 0x00, 0x00, 0x00,
    0x00, 0x00, 0x00, 0x00, 0x00, 0x00, 0x00, 0x00, 0x00, 0x00, 0x00, 0x00,
    0x00, 0x00, 0x00, 0x00, 0x00, 0x00, 0x00, 0x00, 0x00, 0x00, 0x00, 0x00,
    0x00, 0x00, 0x00, 0x00, 0x00, 0x00, 0x00, 0x00, 0x00, 0x00, 0x00, 0x00,
    0x00, 0x00, 0x00, 0x00, 0x00, 0x00, 0x00, 0x00, 0x00, 0x00, 0x00, 0x00,
    0x00, 0x00, 0x00, 0x00, 0x00, 0x00, 0x00, 0x00, 0x00, 0x00, 0x00, 0x00,
    0x00, 0x00, 0x00, 0x00, 0x00, 0x00, 0x00, 0x00, 0x00, 0x00, 0x00, 0x00,
    0x00, 0x00, 0x00, 0x00, 0x00, 0x00, 0x00, 0x00, 0x00, 0x00, 0x00, 0x00,
    0x00, 0x00, 0x00, 0x00, 0x00, 0x00, 0x00, 0x00, 0x00, 0x00, 0x00, 0x00,
    0x00, 0x00, 0x00, 0x00, 0x00, 0x00, 0x00, 0x00, 0x00, 0x00, 0x00, 0x00,
    0x00, 0x00, 0x00, 0x00, 0x00, 0x00, 0x00, 0x00, 0x00, 0x00, 0x00, 0x00,
    0x00, 0x00, 0x00, 0x00, 0x00, 0x00, 0x00, 0x00, 0x00, 0x00, 0x00, 0x00,
    0x00, 0x00, 0x00, 0x00, 0x00, 0x00, 0x00, 0x00, 0x00, 0x00, 0x00, 0x00,
    0x00, 0x00, 0x00, 0x00, 0x00, 0x00, 0x00, 0x00, 0x00, 0x00, 0x00, 0x00,
    0x00, 0x00, 0x00, 0x00, 0x00, 0x00, 0x00, 0x00, 0x00, 0x00, 0x00, 0x00,
    0x00, 0x00, 0x00, 0x00, 0x00, 0x00, 0x00, 0x00, 0x00, 0x00, 0x00, 0x00,
    0x00, 0x00, 0x00, 0x00, 0x00, 0x00, 0x00, 0x00, 0x00, 0x00, 0x00, 0x00,
    0x00, 0x00, 0x00, 0x00, 0x00, 0x00, 0x00, 0x00, 0x00, 0x00, 0x00, 0x00,
    0x00, 0x00, 0x00, 0x00, 0x00, 0x00, 0x00, 0x00, 0x00, 0x00, 0x00, 0x00,
    0x00, 0x00, 0x00, 0x00, 0x00, 0x00, 0x00, 0x00, 0x00, 0x00, 0x00, 0x00,
    0x00, 0x00, 0x00, 0x00, 0x00, 0x00, 0x00, 0x00, 0x00, 0x00, 0x00, 0x00,
    0x00, 0x00, 0x00, 0x00, 0x00, 0x00, 0x00, 0x00, 0x00, 0x00, 0x00, 0x00,
    0x00, 0x00, 0x00, 0x00, 0x00, 0x00, 0x00, 0x00, 0x00, 0x00, 0x00, 0x00,
    0x00, 0x00, 0x00, 0x00, 0x00, 0x00, 0x00, 0x00, 0x00, 0x00, 0x00, 0x00,
    0x00, 0x00, 0x00, 0x00, 0x00, 0x00, 0x00, 0x00, 0x00, 0x00, 0x00, 0x00,
    0x00, 0x00, 0x00, 0x00, 0x00, 0x00, 0x00, 0x00, 0x00, 0x00, 0x00, 0x00,
    0x00, 0x00, 0x00, 0x00, 0x00, 0x00, 0x00, 0x00, 0x00, 0x00, 0x00, 0x00,
    0x00, 0x00, 0x00, 0x00, 0x00, 0x00, 0x00, 0x00, 0x00, 0x00, 0x00, 0x00,
    0x00, 0x00, 0x00, 0x00, 0x00, 0x00, 0x00, 0x00, 0x00, 0x00, 0x00, 0x00,
    0x00, 0x00, 0x00, 0x00, 0x00, 0x00, 0x00, 0x00, 0x00, 0x00, 0x00, 0x00,
    0x00, 0x00, 0x00, 0x00, 0x00, 0x00, 0x00, 0x00, 0x00, 0x00, 0x00, 0x00,
    0x00, 0x00, 0x00, 0x00, 0x00, 0x00, 0x00, 0x00, 0x00, 0x00, 0x00, 0x00,
    0x00, 0x00, 0x00, 0x00, 0x00, 0x00, 0x00, 0x00, 0x00, 0x00, 0x00, 0x00,
    0x00, 0x00, 0x00, 0x00, 0x00, 0x00, 0x00, 0x00, 0x00, 0x00, 0x00, 0x00,
    0x00, 0x00, 0x00, 0x00, 0x00, 0x00, 0x00, 0x00, 0x00, 0x00, 0x00, 0x00,
    0x00, 0x00, 0x00, 0x00, 0x00, 0x00, 0x00, 0x00, 0x00, 0x00, 0x00, 0x00,
    0x00, 0x00, 0x00, 0x00, 0x00, 0x00, 0x00, 0x00, 0x00, 0x00, 0x00, 0x00,
    0x00, 0x00, 0x00, 0x00, 0x00, 0x00, 0x00, 0x00, 0x00, 0x00, 0x00, 0x00,
    0x00, 0x00, 0x00, 0x00, 0x00, 0x00, 0x00, 0x00, 0x00, 0x00, 0x00, 0x00,
    0x00, 0x00, 0x00, 0x00, 0x00, 0x00, 0x00, 0x00, 0x00, 0x00, 0x00, 0x00,
    0x00, 0x00, 0x00, 0x00, 0x00, 0x00, 0x00, 0x00, 0x00, 0x00, 0x00, 0x00,
    0x00, 0x00, 0x00, 0x00, 0x00, 0x00, 0x00, 0x00, 0x00, 0x00, 0x00, 0x00,
    0x00, 0x00, 0x00, 0x00, 0x00, 0x00, 0x00, 0x00, 0x00, 0x00, 0x00, 0x00,
    0x00, 0x00, 0x00, 0x00, 0x00, 0x00, 0x00, 0x00, 0x00, 0x00, 0x00, 0x00,
    0x00, 0x00, 0x00, 0x00, 0x00, 0x00, 0x00, 0x00, 0x00, 0x00, 0x00, 0x00,
    0x00, 0x00, 0x00, 0x00, 0x00, 0x00, 0x00, 0x00, 0x00, 0x00, 0x00, 0x00,
    0x00, 0x00, 0x00, 0x00, 0x00, 0x00, 0x00, 0x00, 0x00, 0x00, 0x00, 0x00,
    0x00, 0x00, 0x00, 0x00, 0x00, 0x00, 0x00, 0x00, 0x00, 0x00, 0x00, 0x00,
    0x00, 0x00, 0x00, 0x00, 0x00, 0x00, 0x00, 0x00, 0x00, 0x00, 0x00, 0x00,
    0x00, 0x00, 0x00, 0x00, 0x00, 0x00, 0x00, 0x00, 0x00, 0x00, 0x00, 0x00,
    0x00, 0x00, 0x00, 0x00, 0x00, 0x00, 0x00, 0x00, 0x00, 0x00, 0x00, 0x00,
    0x00, 0x00, 0x00, 0x00, 0x00, 0x00, 0x00, 0x00, 0x00, 0x00, 0x00, 0x00,
    0x00, 0x00, 0x00, 0x00, 0x00, 0x00, 0x00, 0x00, 0x00, 0x00, 0x00, 0x00,
    0x00, 0x00, 0x00, 0x00, 0x00, 0x00, 0x00, 0x00, 0x00, 0x00, 0x00, 0x00,
    0x00, 0x00, 0x00, 0x00, 0x00, 0x00, 0x00, 0x00, 0x00, 0x00, 0x00, 0x00,
    0x00, 0x00, 0x00, 0x00, 0x00, 0x00, 0x00, 0x00, 0x00, 0x00, 0x00, 0x00,
    0x00, 0x00, 0x00, 0x00, 0x00, 0x00, 0x00, 0x00, 0x00, 0x00, 0x00, 0x00,
    0x00, 0x00, 0x00, 0x00, 0x00, 0x00, 0x00, 0x00, 0x00, 0x00, 0x00, 0x00,
    0x00, 0x00, 0x00, 0x00, 0x00, 0x00, 0x00, 0x00, 0x00, 0x00, 0x00, 0x00,
    0x00, 0x00, 0x00, 0x00, 0x00, 0x00, 0x00, 0x00, 0x00, 0x00, 0x00, 0x00,
    0x00, 0x00, 0x00, 0x00, 0x00, 0x00, 0x00, 0x00, 0x00, 0x00, 0x00, 0x00,
    0x00, 0x00, 0x00, 0x00, 0x00, 0x00, 0x00, 0x00, 0x00, 0x00, 0x00, 0x00,
    0x00, 0x00, 0x00, 0x00, 0x00, 0x00, 0x00, 0x00, 0x00, 0x00, 0x00, 0x00,
    0x00, 0x00, 0x00, 0x00, 0x00, 0x00, 0x00, 0x00, 0x00, 0x00, 0x00, 0x00,
    0x00, 0x00, 0x00, 0x00, 0x00, 0x00, 0x00, 0x00, 0x00, 0x00, 0x00, 0x00,
    0x00, 0x00, 0x00, 0x00, 0x00, 0x00, 0x00, 0x00, 0x00, 0x00, 0x00, 0x00,
    0x00, 0x00, 0x00, 0x00, 0x00, 0x00, 0x00, 0x00, 0x00, 0x00, 0x00, 0x00,
    0x00, 0x00, 0x00, 0x00, 0x00, 0x00, 0x00, 0x00, 0x00, 0x00, 0x00, 0x00,
    0x00, 0x00, 0x00, 0x00, 0x00, 0x00, 0x00, 0x00, 0x00, 0x00, 0x00, 0x00,
    0x00, 0x00, 0x00, 0x00, 0x00, 0x00, 0x00, 0x00, 0x00, 0x00, 0x00, 0x00,
    0x00, 0x00, 0x00, 0x00, 0x00, 0x00, 0x00, 0x00, 0x00, 0x00, 0x00, 0x00,
    0x00, 0x00, 0x00, 0x00, 0x00, 0x00, 0x00, 0x00, 0x00, 0x00, 0x00, 0x00,
    0x00, 0x00, 0x00, 0x00, 0x00, 0x00, 0x00, 0x00, 0x00, 0x00, 0x00, 0x00,
    0x00, 0x00, 0x00, 0x00, 0x00, 0x00, 0x00, 0x00, 0x00, 0x00, 0x00, 0x00,
    0x00, 0x00, 0x00, 0x00, 0x00, 0x00, 0x00, 0x00, 0x00, 0x00, 0x00, 0x00,
    0x00, 0x00, 0x00, 0x00, 0x00, 0x00, 0x00, 0x00, 0x00, 0x00, 0x00, 0x00,
    0x00, 0x00, 0x00, 0x00, 0x00, 0x00, 0x00, 0x00, 0x00, 0x00, 0x00, 0x00,
    0x00, 0x00, 0x00, 0x00, 0x00, 0x00, 0x00, 0x00, 0x00, 0x00, 0x00, 0x00,
    0x00, 0x00, 0x00, 0x00, 0x00, 0x00, 0x00, 0x00, 0x00, 0x00, 0x00, 0x00,
    0x00, 0x00, 0x00, 0x00, 0x00, 0x00, 0x00, 0x00, 0x00, 0x00, 0x00, 0x00,
    0x00, 0x00, 0x00, 0x00, 0x00, 0x00, 0x00, 0x00, 0x00, 0x00, 0x00, 0x00,
    0x00, 0x00, 0x00, 0x00, 0x00, 0x00, 0x00, 0x00, 0x00, 0x00, 0x00, 0x00,
    0x00, 0x00, 0x00, 0x00, 0x00, 0x00, 0x00, 0x00, 0x00, 0x00, 0x00, 0x00,
    0x00, 0x00, 0x00, 0x00, 0x00, 0x00, 0x00, 0x00, 0x00, 0x00, 0x00, 0x00,
    0x00, 0x00, 0x00, 0x00, 0x00, 0x00, 0x00, 0x00, 0x00, 0x00, 0x00, 0x00,
    0x00, 0x00, 0x00, 0x00, 0x00, 0x00, 0x00, 0x00, 0x00, 0x00, 0x00, 0x00,
    0x00, 0x00, 0x00, 0x00, 0x00, 0x00, 0x00, 0x00, 0x00, 0x00, 0x00, 0x00,
    0x00, 0x00, 0x00, 0x00, 0x00, 0x00, 0x00, 0x00, 0x00, 0x00, 0x00, 0x00,
    0x00, 0x00, 0x00, 0x00, 0x00, 0x00, 0x00, 0x00, 0x00, 0x00, 0x00, 0x00,
    0x00, 0x00, 0x00, 0x00, 0x00, 0x00, 0x00, 0x00, 0x00, 0x00, 0x00, 0x00,
    0x00, 0x00, 0x00, 0x00, 0x00, 0x00, 0x00, 0x00, 0x00, 0x00, 0x00, 0x00,
    0x00, 0x00, 0x00, 0x00, 0x00, 0x00, 0x00, 0x00, 0x00, 0x00, 0x00, 0x00,
    0x00, 0x00, 0x00, 0x00, 0x00, 0x00, 0x00, 0x00, 0x00, 0x00, 0x00, 0x00,
    0x00, 0x00, 0x00, 0x00, 0x00, 0x00, 0x00, 0x00, 0x00, 0x00, 0x00, 0x00,
    0x58, 0x54, 0x58, 0x04, 0x70, 0x54, 0x50, 0x08, 0x68, 0x58, 0x58, 0x10,
    0x60, 0x58, 0x50, 0x18, 0x60, 0x58, 0x50, 0x18, 0x60, 0x58, 0x50, 0x1c,
    0x60, 0x50, 0x48, 0x20, 0x58, 0x54, 0x50, 0x20, 0x60, 0x58, 0x48, 0x24,
    0x60, 0x58, 0x48, 0x24, 0x60, 0x50, 0x48, 0x24, 0x60, 0x50, 0x48, 0x24,
    0x60, 0x50, 0x48, 0x20, 0x60, 0x58, 0x50, 0x20, 0x60, 0x58, 0x50, 0x1c,
    0x60, 0x58, 0x50, 0x18, 0x60, 0x58, 0x58, 0x18, 0x60, 0x64, 0x50, 0x10,
    0x68, 0x64, 0x68, 0x08, 0x68, 0x64, 0x68, 0x04, 0x80, 0x80, 0x80, 0x00,
    0x00, 0x00, 0x00, 0x00, 0x00, 0x00, 0x00, 0x00, 0x00, 0x00, 0x00, 0x00,
    0x00, 0x00, 0x00, 0x00, 0x00, 0x00, 0x00, 0x00, 0x00, 0x00, 0x00, 0x00,
    0x00, 0x00, 0x00, 0x00, 0x00, 0x00, 0x00, 0x00, 0x00, 0x00, 0x00, 0x00,
    0x00, 0x00, 0x00, 0x00, 0x00, 0x00, 0x00, 0x00, 0x00, 0x00, 0x00, 0x00,
    0x00, 0x00, 0x00, 0x00, 0x00, 0x00, 0x00, 0x00, 0x00, 0x00, 0x00, 0x00,
    0x00, 0x00, 0x00, 0x00, 0x00, 0x00, 0x00, 0x00, 0x00, 0x00, 0x00, 0x00,
    0x00, 0x00, 0x00, 0x00, 0x00, 0x00, 0x00, 0x00, 0x00, 0x00, 0x00, 0x00,
    0x00, 0x00, 0x00, 0x00, 0x00, 0x00, 0x00, 0x00, 0x00, 0x00, 0x00, 0x00,
    0x00, 0x00, 0x00, 0x00, 0x00, 0x00, 0x00, 0x00, 0x00, 0x00, 0x00, 0x00,
    0x00, 0x00, 0x00, 0x00, 0x00, 0x00, 0x00, 0x00, 0x00, 0x00, 0x00, 0x00,
    0x00, 0x00, 0x00, 0x00, 0x00, 0x00, 0x00, 0x00, 0x00, 0x00, 0x00, 0x00,
    0x00, 0x00, 0x00, 0x00, 0x00, 0x00, 0x00, 0x00, 0x00, 0x00, 0x00, 0x00,
    0x00, 0x00, 0x00, 0x00, 0x00, 0x00, 0x00, 0x00, 0x00, 0x00, 0x00, 0x00,
    0x00, 0x00, 0x00, 0x00, 0x00, 0x00, 0x00, 0x00, 0x00, 0x00, 0x00, 0x00,
    0x50, 0x54, 0x50, 0x08, 0x58, 0x60, 0x58, 0x20, 0x48, 0x4c, 0x48, 0x34,
    0x40, 0x44, 0x48, 0x45, 0x38, 0x38, 0x38, 0x55, 0x30, 0x34, 0x30, 0x61,
    0x20, 0x2c, 0x30, 0x6d, 0x20, 0x24, 0x28, 0x82, 0x20, 0x24, 0x20, 0x9a,
    0x18, 0x24, 0x20, 0xaa, 0x18, 0x20, 0x20, 0xb6, 0x18, 0x20, 0x20, 0xbe,
    0x18, 0x20, 0x20, 0xc3, 0x18, 0x20, 0x20, 0xcb, 0x18, 0x20, 0x20, 0xcf,
    0x18, 0x20, 0x20, 0xcf, 0x18, 0x20, 0x20, 0xcf, 0x18, 0x24, 0x20, 0xcf,
    0x18, 0x20, 0x20, 0xcf, 0x18, 0x20, 0x20, 0xc7, 0x18, 0x20, 0x20, 0xbe,
    0x18, 0x20, 0x20, 0xb6, 0x18, 0x24, 0x28, 0xae, 0x20, 0x24, 0x28, 0x9e,
    0x20, 0x28, 0x28, 0x86, 0x20, 0x2c, 0x28, 0x75, 0x20, 0x28, 0x28, 0x6d,
    0x30, 0x34, 0x30, 0x61, 0x40, 0x40, 0x38, 0x55, 0x48, 0x4c, 0x48, 0x41,
    0x58, 0x50, 0x50, 0x30, 0x68, 0x5c, 0x50, 0x1c, 0x70, 0x6c, 0x48, 0x08,
    0x00, 0x00, 0x00, 0x00, 0x00, 0x00, 0x00, 0x00, 0x00, 0x00, 0x00, 0x00,
    0x00, 0x00, 0x00, 0x00, 0x00, 0x00, 0x00, 0x00, 0x00, 0x00, 0x00, 0x00,
    0x00, 0x00, 0x00, 0x00, 0x00, 0x00, 0x00, 0x00, 0x00, 0x00, 0x00, 0x00,
    0x00, 0x00, 0x00, 0x00, 0x00, 0x00, 0x00, 0x00, 0x00, 0x00, 0x00, 0x00,
    0x00, 0x00, 0x00, 0x00, 0x00, 0x00, 0x00, 0x00, 0x00, 0x00, 0x00, 0x00,
    0x00, 0x00, 0x00, 0x00, 0x00, 0x00, 0x00, 0x00, 0x00, 0x00, 0x00, 0x00,
    0x00, 0x00, 0x00, 0x00, 0x00, 0x00, 0x00, 0x00, 0x00, 0x00, 0x00, 0x00,
    0x00, 0x00, 0x00, 0x00, 0x00, 0x00, 0x00, 0x00, 0x00, 0x00, 0x00, 0x00,
    0x00, 0x00, 0x00, 0x00, 0x00, 0x00, 0x00, 0x00, 0x00, 0x00, 0x00, 0x00,
    0x00, 0x00, 0x00, 0x00, 0x00, 0x00, 0x00, 0x00, 0x00, 0x00, 0x00, 0x00,
    0x00, 0x00, 0x00, 0x00, 0x00, 0x00, 0x00, 0x00, 0x00, 0x00, 0x00, 0x00,
    0x00, 0x00, 0x00, 0x00, 0x58, 0x58, 0x50, 0x2c, 0x30, 0x38, 0x30, 0x71,
    0x18, 0x20, 0x18, 0x9e, 0x10, 0x1c, 0x20, 0xba, 0x10, 0x2c, 0x38, 0xcf,
    0x00, 0x2c, 0x38, 0xdf, 0x08, 0x28, 0x38, 0xef, 0x08, 0x2c, 0x38, 0xfb,
    0x10, 0x34, 0x40, 0xff, 0x10, 0x3c, 0x48, 0xfb, 0x18, 0x40, 0x50, 0xff,
    0x20, 0x48, 0x58, 0xff, 0x28, 0x4c, 0x58, 0xff, 0x20, 0x4c, 0x58, 0xff,
    0x20, 0x4c, 0x58, 0xff, 0x20, 0x4c, 0x58, 0xff, 0x20, 0x50, 0x58, 0xff,
    0x20, 0x50, 0x60, 0xff, 0x28, 0x50, 0x60, 0xff, 0x28, 0x50, 0x60, 0xff,
    0x28, 0x54, 0x60, 0xff, 0x28, 0x50, 0x60, 0xff, 0x28, 0x4c, 0x58, 0xff,
    0x20, 0x48, 0x58, 0xff, 0x18, 0x40, 0x50, 0xff, 0x10, 0x3c, 0x50, 0xff,
    0x10, 0x3c, 0x48, 0xfb, 0x10, 0x3c, 0x48, 0xfb, 0x08, 0x30, 0x40, 0xff,
    0x08, 0x30, 0x40, 0xf7, 0x08, 0x2c, 0x38, 0xeb, 0x08, 0x20, 0x28, 0xdb,
    0x00, 0x18, 0x20, 0xc7, 0x08, 0x1c, 0x28, 0xb6, 0x18, 0x2c, 0x30, 0x9e,
    0x30, 0x38, 0x38, 0x65, 0x60, 0x58, 0x50, 0x24, 0x00, 0x00, 0x00, 0x00,
    0x00, 0x00, 0x00, 0x00, 0x00, 0x00, 0x00, 0x00, 0x00, 0x00, 0x00, 0x00,
    0x00, 0x00, 0x00, 0x00, 0x00, 0x00, 0x00, 0x00, 0x00, 0x00, 0x00, 0x00,
    0x00, 0x00, 0x00, 0x00, 0x00, 0x00, 0x00, 0x00, 0x00, 0x00, 0x00, 0x00,
    0x00, 0x00, 0x00, 0x00, 0x00, 0x00, 0x00, 0x00, 0x00, 0x00, 0x00, 0x00,
    0x00, 0x00, 0x00, 0x00, 0x00, 0x00, 0x00, 0x00, 0x00, 0x00, 0x00, 0x00,
    0x00, 0x00, 0x00, 0x00, 0x00, 0x00, 0x00, 0x00, 0x00, 0x00, 0x00, 0x00,
    0x00, 0x00, 0x00, 0x00, 0x00, 0x00, 0x00, 0x00, 0x00, 0x00, 0x00, 0x00,
    0x00, 0x00, 0x00, 0x00, 0x00, 0x00, 0x00, 0x00, 0x00, 0x00, 0x00, 0x00,
    0x00, 0x00, 0x00, 0x00, 0x00, 0x00, 0x00, 0x00, 0x00, 0x00, 0x00, 0x00,
    0x00, 0x00, 0x00, 0x00, 0x00, 0x00, 0x00, 0x00, 0x40, 0x48, 0x48, 0x28,
    0x10, 0x20, 0x18, 0xaa, 0x00, 0x14, 0x18, 0xdb, 0x18, 0x34, 0x38, 0xf3,
    0x30, 0x4c, 0x50, 0xff, 0x30, 0x4c, 0x50, 0xff, 0x28, 0x54, 0x60, 0xff,
    0x28, 0x54, 0x68, 0xff, 0x28, 0x58, 0x68, 0xff, 0x28, 0x54, 0x68, 0xff,
    0x28, 0x50, 0x68, 0xff, 0x20, 0x48, 0x60, 0xff, 0x18, 0x40, 0x58, 0xff,
    0x10, 0x3c, 0x50, 0xff, 0x08, 0x34, 0x48, 0xff, 0x08, 0x34, 0x48, 0xff,
    0x00, 0x30, 0x48, 0xff, 0x00, 0x30, 0x40, 0xff, 0x00, 0x2c, 0x40, 0xff,
    0x00, 0x2c, 0x40, 0xff, 0x00, 0x2c, 0x40, 0xff, 0x00, 0x2c, 0x40, 0xff,
    0x00, 0x2c, 0x40, 0xff, 0x08, 0x30, 0x48, 0xff, 0x08, 0x30, 0x48, 0xff,
    0x08, 0x38, 0x50, 0xff, 0x10, 0x3c, 0x50, 0xff, 0x18, 0x44, 0x58, 0xff,
    0x18, 0x48, 0x60, 0xff, 0x20, 0x4c, 0x60, 0xff, 0x28, 0x50, 0x68, 0xff,
    0x28, 0x54, 0x60, 0xff, 0x30, 0x54, 0x68, 0xff, 0x30, 0x58, 0x68, 0xff,
    0x38, 0x58, 0x68, 0xff, 0x28, 0x48, 0x58, 0xff, 0x10, 0x38, 0x48, 0xfb,
    0x10, 0x28, 0x30, 0xef, 0x00, 0x0c, 0x10, 0xd7, 0x28, 0x28, 0x20, 0xa2,
    0x50, 0x48, 0x40, 0x30, 0x50, 0x54, 0x58, 0x04, 0x00, 0x00, 0x00, 0x00,
    0x00, 0x00, 0x00, 0x00, 0x00, 0x00, 0x00, 0x00, 0x00, 0x00, 0x00, 0x00,
    0x00, 0x00, 0x00, 0x00, 0x00, 0x00, 0x00, 0x00, 0x00, 0x00, 0x00, 0x00,
    0x00, 0x00, 0x00, 0x00, 0x00, 0x00, 0x00, 0x00, 0x00, 0x00, 0x00, 0x00,
    0x00, 0x00, 0x00, 0x00, 0x00, 0x00, 0x00, 0x00, 0x00, 0x00, 0x00, 0x00,
    0x00, 0x00, 0x00, 0x00, 0x00, 0x00, 0x00, 0x00, 0x00, 0x00, 0x00, 0x00,
    0x00, 0x00, 0x00, 0x00, 0x00, 0x00, 0x00, 0x00, 0x00, 0x00, 0x00, 0x00,
    0x00, 0x00, 0x00, 0x00, 0x00, 0x00, 0x00, 0x00, 0x00, 0x00, 0x00, 0x00,
    0x00, 0x00, 0x00, 0x00, 0x00, 0x00, 0x00, 0x00, 0x00, 0x00, 0x00, 0x00,
    0x68, 0x64, 0x58, 0x14, 0x20, 0x28, 0x28, 0x96, 0x08, 0x30, 0x30, 0xfb,
    0x10, 0x48, 0x50, 0xff, 0x10, 0x54, 0x60, 0xff, 0x20, 0x5c, 0x68, 0xff,
    0x18, 0x50, 0x58, 0xff, 0x20, 0x4c, 0x58, 0xff, 0x18, 0x34, 0x48, 0xff,
    0x08, 0x24, 0x38, 0xff, 0x00, 0x14, 0x28, 0xff, 0x00, 0x0c, 0x20, 0xff,
    0x00, 0x0c, 0x20, 0xff, 0x00, 0x0c, 0x20, 0xff, 0x00, 0x0c, 0x20, 0xff,
    0x00, 0x0c, 0x18, 0xff, 0x00, 0x08, 0x18, 0xff, 0x00, 0x08, 0x18, 0xff,
    0x00, 0x08, 0x18, 0xff, 0x00, 0x08, 0x18, 0xff, 0x00, 0x08, 0x18, 0xff,
    0x00, 0x08, 0x18, 0xff, 0x00, 0x08, 0x18, 0xff, 0x00, 0x08, 0x18, 0xff,
    0x00, 0x08, 0x20, 0xff, 0x00, 0x08, 0x18, 0xff, 0x00, 0x08, 0x18, 0xff,
    0x00, 0x08, 0x18, 0xff, 0x00, 0x0c, 0x18, 0xff, 0x00, 0x0c, 0x20, 0xff,
    0x00, 0x0c, 0x20, 0xff, 0x00, 0x0c, 0x20, 0xff, 0x00, 0x0c, 0x20, 0xff,
    0x00, 0x10, 0x20, 0xff, 0x00, 0x14, 0x28, 0xff, 0x10, 0x28, 0x40, 0xff,
    0x18, 0x38, 0x50, 0xff, 0x20, 0x48, 0x58, 0xff, 0x30, 0x54, 0x68, 0xff,
    0x28, 0x58, 0x68, 0xff, 0x20, 0x54, 0x60, 0xff, 0x10, 0x3c, 0x48, 0xff,
    0x00, 0x10, 0x18, 0xff, 0x28, 0x30, 0x30, 0x9e, 0x58, 0x54, 0x58, 0x0c,
    0x00, 0x00, 0x00, 0x00, 0x00, 0x00, 0x00, 0x00, 0x00, 0x00, 0x00, 0x00,
    0x00, 0x00, 0x00, 0x00, 0x00, 0x00, 0x00, 0x00, 0x00, 0x00, 0x00, 0x00,
    0x00, 0x00, 0x00, 0x00, 0x00, 0x00, 0x00, 0x00, 0x00, 0x00, 0x00, 0x00,
    0x00, 0x00, 0x00, 0x00, 0x00, 0x00, 0x00, 0x00, 0x00, 0x00, 0x00, 0x00,
    0x00, 0x00, 0x00, 0x00, 0x00, 0x00, 0x00, 0x00, 0x00, 0x00, 0x00, 0x00,
    0x00, 0x00, 0x00, 0x00, 0x00, 0x00, 0x00, 0x00, 0x00, 0x00, 0x00, 0x00,
    0x00, 0x00, 0x00, 0x00, 0x00, 0x00, 0x00, 0x00, 0x00, 0x00, 0x00, 0x00,
    0x00, 0x00, 0x00, 0x00, 0x00, 0x00, 0x00, 0x00, 0x00, 0x00, 0x00, 0x00,
    0x38, 0x34, 0x30, 0x59, 0x00, 0x14, 0x18, 0xf3, 0x30, 0x5c, 0x68, 0xff,
    0x10, 0x58, 0x68, 0xff, 0x08, 0x50, 0x60, 0xff, 0x08, 0x50, 0x60, 0xff,
    0x10, 0x4c, 0x60, 0xff, 0x00, 0x1c, 0x28, 0xff, 0x00, 0x04, 0x10, 0xff,
    0x00, 0x08, 0x18, 0xff, 0x00, 0x10, 0x20, 0xff, 0x08, 0x18, 0x28, 0xff,
    0x08, 0x14, 0x28, 0xff, 0x08, 0x14, 0x28, 0xff, 0x08, 0x10, 0x20, 0xff,
    0x08, 0x10, 0x20, 0xff, 0x08, 0x14, 0x28, 0xff, 0x08, 0x14, 0x28, 0xff,
    0x08, 0x14, 0x28, 0xff, 0x08, 0x14, 0x28, 0xff, 0x08, 0x14, 0x28, 0xff,
    0x08, 0x14, 0x28, 0xff, 0x08, 0x14, 0x28, 0xff, 0x08, 0x14, 0x28, 0xff,
    0x08, 0x14, 0x20, 0xff, 0x08, 0x14, 0x20, 0xff, 0x08, 0x14, 0x28, 0xff,
    0x08, 0x14, 0x28, 0xff, 0x08, 0x14, 0x20, 0xff, 0x08, 0x14, 0x20, 0xff,
    0x08, 0x14, 0x20, 0xff, 0x08, 0x10, 0x20, 0xff, 0x08, 0x0c, 0x20, 0xff,
    0x08, 0x14, 0x28, 0xff, 0x00, 0x14, 0x20, 0xff, 0x00, 0x04, 0x18, 0xff,
    0x00, 0x04, 0x18, 0xff, 0x00, 0x24, 0x38, 0xff, 0x10, 0x48, 0x60, 0xff,
    0x10, 0x4c, 0x60, 0xff, 0x08, 0x48, 0x58, 0xff, 0x28, 0x60, 0x70, 0xff,
    0x38, 0x60, 0x70, 0xff, 0x00, 0x08, 0x10, 0xff, 0x38, 0x3c, 0x38, 0x55,
    0x00, 0x00, 0x00, 0x00, 0x00, 0x00, 0x00, 0x00, 0x00, 0x00, 0x00, 0x00,
    0x00, 0x00, 0x00, 0x00, 0x00, 0x00, 0x00, 0x00, 0x00, 0x00, 0x00, 0x00,
    0x00, 0x00, 0x00, 0x00, 0x00, 0x00, 0x00, 0x00, 0x00, 0x00, 0x00, 0x00,
    0x00, 0x00, 0x00, 0x00, 0x00, 0x00, 0x00, 0x00, 0x00, 0x00, 0x00, 0x00,
    0x00, 0x00, 0x00, 0x00, 0x00, 0x00, 0x00, 0x00, 0x00, 0x00, 0x00, 0x00,
    0x00, 0x00, 0x00, 0x00, 0x00, 0x00, 0x00, 0x00, 0x00, 0x00, 0x00, 0x00,
    0x00, 0x00, 0x00, 0x00, 0x00, 0x00, 0x00, 0x00, 0x00, 0x00, 0x00, 0x00,
    0x00, 0x00, 0x00, 0x00, 0x00, 0x00, 0x00, 0x00, 0x00, 0x00, 0x00, 0x00,
    0x30, 0x30, 0x30, 0x9a, 0x08, 0x18, 0x20, 0xff, 0x08, 0x20, 0x30, 0xff,
    0x20, 0x4c, 0x68, 0xff, 0x20, 0x54, 0x68, 0xff, 0x20, 0x58, 0x70, 0xff,
    0x20, 0x5c, 0x70, 0xff, 0x08, 0x3c, 0x48, 0xff, 0x00, 0x24, 0x38, 0xff,
    0x00, 0x1c, 0x28, 0xff, 0x00, 0x10, 0x20, 0xff, 0x00, 0x08, 0x18, 0xff,
    0x00, 0x0c, 0x18, 0xff, 0x00, 0x0c, 0x18, 0xff, 0x00, 0x10, 0x20, 0xff,
    0x00, 0x0c, 0x20, 0xff, 0x00, 0x0c, 0x18, 0xff, 0x00, 0x0c, 0x18, 0xff,
    0x00, 0x0c, 0x18, 0xff, 0x00, 0x0c, 0x18, 0xff, 0x00, 0x10, 0x18, 0xff,
    0x00, 0x0c, 0x18, 0xff, 0x08, 0x10, 0x20, 0xff, 0x00, 0x10, 0x18, 0xff,
    0x00, 0x10, 0x20, 0xff, 0x00, 0x10, 0x20, 0xff, 0x00, 0x0c, 0x20, 0xff,
    0x00, 0x0c, 0x18, 0xff, 0x00, 0x0c, 0x18, 0xff, 0x00, 0x0c, 0x18, 0xff,
    0x00, 0x0c, 0x18, 0xff, 0x00, 0x0c, 0x18, 0xff, 0x00, 0x0c, 0x18, 0xff,
    0x00, 0x04, 0x18, 0xff, 0x00, 0x0c, 0x20, 0xff, 0x00, 0x1c, 0x30, 0xff,
    0x00, 0x20, 0x30, 0xff, 0x00, 0x38, 0x48, 0xff, 0x10, 0x58, 0x68, 0xff,
    0x10, 0x58, 0x70, 0xff, 0x18, 0x54, 0x68, 0xff, 0x20, 0x4c, 0x60, 0xff,
    0x08, 0x24, 0x40, 0xff, 0x00, 0x0c, 0x18, 0xff, 0x28, 0x2c, 0x20, 0x8a,
    0x00, 0x00, 0x00, 0x00, 0x00, 0x00, 0x00, 0x00, 0x00, 0x00, 0x00, 0x00,
    0x00, 0x00, 0x00, 0x00, 0x00, 0x00, 0x00, 0x00, 0x00, 0x00, 0x00, 0x00,
    0x00, 0x00, 0x00, 0x00, 0x00, 0x00, 0x00, 0x00, 0x00, 0x00, 0x00, 0x00,
    0x00, 0x00, 0x00, 0x00, 0x00, 0x00, 0x00, 0x00, 0x00, 0x00, 0x00, 0x00,
    0x00, 0x00, 0x00, 0x00, 0x00, 0x00, 0x00, 0x00, 0x00, 0x00, 0x00, 0x00,
    0x00, 0x00, 0x00, 0x00, 0x00, 0x00, 0x00, 0x00, 0x00, 0x00, 0x00, 0x00,
    0x00, 0x00, 0x00, 0x00, 0x00, 0x00, 0x00, 0x00, 0x00, 0x00, 0x00, 0x00,
    0x00, 0x00, 0x00, 0x00, 0x00, 0x00, 0x00, 0x00, 0x00, 0x00, 0x00, 0x00,
    0x20, 0x28, 0x28, 0xcf, 0x40, 0x5c, 0x60, 0xff, 0x00, 0x24, 0x38, 0xff,
    0x00, 0x04, 0x20, 0xff, 0x00, 0x20, 0x40, 0xff, 0x00, 0x2c, 0x40, 0xff,
    0x10, 0x44, 0x58, 0xff, 0x28, 0x5c, 0x68, 0xff, 0x28, 0x58, 0x68, 0xff,
    0x28, 0x58, 0x68, 0xff, 0x28, 0x50, 0x60, 0xff, 0x20, 0x44, 0x50, 0xff,
    0x10, 0x38, 0x40, 0xff, 0x10, 0x28, 0x38, 0xff, 0x08, 0x24, 0x30, 0xff,
    0x08, 0x20, 0x30, 0xff, 0x08, 0x20, 0x30, 0xff, 0x08, 0x20, 0x30, 0xff,
    0x08, 0x20, 0x30, 0xff, 0x08, 0x1c, 0x28, 0xff, 0x00, 0x1c, 0x28, 0xff,
    0x00, 0x18, 0x28, 0xff, 0x08, 0x18, 0x20, 0xff, 0x00, 0x14, 0x20, 0xff,
    0x00, 0x14, 0x28, 0xff, 0x00, 0x18, 0x28, 0xff, 0x00, 0x1c, 0x28, 0xff,
    0x00, 0x20, 0x28, 0xff, 0x08, 0x24, 0x30, 0xff, 0x08, 0x28, 0x30, 0xff,
    0x08, 0x28, 0x38, 0xff, 0x08, 0x2c, 0x38, 0xff, 0x18, 0x38, 0x48, 0xff,
    0x20, 0x40, 0x48, 0xff, 0x20, 0x4c, 0x58, 0xff, 0x28, 0x58, 0x68, 0xff,
    0x20, 0x58, 0x68, 0xff, 0x18, 0x5c, 0x70, 0xff, 0x10, 0x54, 0x68, 0xff,
    0x00, 0x38, 0x48, 0xff, 0x00, 0x24, 0x40, 0xff, 0x00, 0x0c, 0x20, 0xff,
    0x00, 0x24, 0x38, 0xff, 0x30, 0x4c, 0x58, 0xff, 0x28, 0x34, 0x28, 0xaa,
    0x00, 0x00, 0x00, 0x00, 0x00, 0x00, 0x00, 0x00, 0x00, 0x00, 0x00, 0x00,
    0x00, 0x00, 0x00, 0x00, 0x00, 0x00, 0x00, 0x00, 0x00, 0x00, 0x00, 0x00,
    0x00, 0x00, 0x00, 0x00, 0x00, 0x00, 0x00, 0x00, 0x00, 0x00, 0x00, 0x00,
    0x00, 0x00, 0x00, 0x00, 0x00, 0x00, 0x00, 0x00, 0x00, 0x00, 0x00, 0x00,
    0x00, 0x00, 0x00, 0x00, 0x00, 0x00, 0x00, 0x00, 0x00, 0x00, 0x00, 0x00,
    0x00, 0x00, 0x00, 0x00, 0x00, 0x00, 0x00, 0x00, 0x00, 0x00, 0x00, 0x00,
    0x00, 0x00, 0x00, 0x00, 0x00, 0x00, 0x00, 0x00, 0x00, 0x00, 0x00, 0x00,
    0x00, 0x00, 0x00, 0x00, 0x00, 0x00, 0x00, 0x00, 0x00, 0x00, 0x00, 0x00,
    0x08, 0x28, 0x28, 0xcb, 0x38, 0x74, 0x78, 0xff, 0x38, 0x8c, 0x98, 0xff,
    0x00, 0x48, 0x60, 0xff, 0x00, 0x1c, 0x38, 0xff, 0x00, 0x10, 0x28, 0xff,
    0x00, 0x08, 0x20, 0xff, 0x00, 0x10, 0x20, 0xff, 0x00, 0x24, 0x30, 0xff,
    0x00, 0x28, 0x38, 0xff, 0x10, 0x34, 0x40, 0xff, 0x18, 0x3c, 0x48, 0xff,
    0x20, 0x48, 0x58, 0xff, 0x28, 0x4c, 0x60, 0xff, 0x30, 0x54, 0x60, 0xff,
    0x30, 0x58, 0x68, 0xff, 0x30, 0x58, 0x68, 0xff, 0x30, 0x58, 0x68, 0xff,
    0x28, 0x58, 0x68, 0xff, 0x28, 0x58, 0x68, 0xff, 0x28, 0x58, 0x60, 0xff,
    0x28, 0x58, 0x60, 0xff, 0x28, 0x58, 0x68, 0xff, 0x28, 0x58, 0x60, 0xff,
    0x30, 0x54, 0x60, 0xff, 0x30, 0x58, 0x68, 0xff, 0x30, 0x58, 0x68, 0xff,
    0x30, 0x58, 0x68, 0xff, 0x30, 0x58, 0x60, 0xff, 0x30, 0x54, 0x60, 0xff,
    0x30, 0x50, 0x60, 0xff, 0x30, 0x50, 0x58, 0xff, 0x20, 0x40, 0x50, 0xff,
    0x20, 0x40, 0x50, 0xff, 0x10, 0x34, 0x40, 0xff, 0x00, 0x28, 0x38, 0xff,
    0x00, 0x20, 0x30, 0xff, 0x00, 0x14, 0x28, 0xff, 0x00, 0x10, 0x28, 0xff,
    0x00, 0x0c, 0x20, 0xff, 0x00, 0x1c, 0x38, 0xff, 0x08, 0x4c, 0x68, 0xff,
    0x50, 0x94, 0xb0, 0xff, 0x28, 0x58, 0x68, 0xff, 0x10, 0x20, 0x18, 0xae,
    0x00, 0x00, 0x00, 0x00, 0x00, 0x00, 0x00, 0x00, 0x00, 0x00, 0x00, 0x00,
    0x00, 0x00, 0x00, 0x00, 0x00, 0x00, 0x00, 0x00, 0x00, 0x00, 0x00, 0x00,
    0x00, 0x00, 0x00, 0x00, 0x00, 0x00, 0x00, 0x00, 0x00, 0x00, 0x00, 0x00,
    0x00, 0x00, 0x00, 0x00, 0x00, 0x00, 0x00, 0x00, 0x00, 0x00, 0x00, 0x00,
    0x00, 0x00, 0x00, 0x00, 0x00, 0x00, 0x00, 0x00, 0x00, 0x00, 0x00, 0x00,
    0x00, 0x00, 0x00, 0x00, 0x00, 0x00, 0x00, 0x00, 0x00, 0x00, 0x00, 0x00,
    0x00, 0x00, 0x00, 0x00, 0x00, 0x00, 0x00, 0x00, 0x00, 0x00, 0x00, 0x00,
    0x00, 0x00, 0x00, 0x00, 0x00, 0x00, 0x00, 0x00, 0x00, 0x00, 0x00, 0x00,
    0x00, 0x24, 0x28, 0xc7, 0x28, 0x74, 0x80, 0xff, 0x38, 0x98, 0xa8, 0xff,
    0x20, 0x80, 0xa0, 0xff, 0x20, 0x74, 0x98, 0xff, 0x20, 0x64, 0x80, 0xff,
    0x20, 0x58, 0x70, 0xff, 0x08, 0x3c, 0x50, 0xff, 0x00, 0x30, 0x40, 0xff,
    0x00, 0x24, 0x38, 0xff, 0x00, 0x14, 0x28, 0xff, 0x00, 0x0c, 0x20, 0xff,
    0x00, 0x0c, 0x20, 0xff, 0x00, 0x10, 0x20, 0xff, 0x00, 0x10, 0x20, 0xff,
    0x00, 0x0c, 0x20, 0xff, 0x00, 0x14, 0x28, 0xff, 0x00, 0x14, 0x28, 0xff,
    0x00, 0x18, 0x28, 0xff, 0x00, 0x18, 0x28, 0xff, 0x00, 0x1c, 0x28, 0xff,
    0x00, 0x1c, 0x30, 0xff, 0x00, 0x20, 0x30, 0xff, 0x00, 0x1c, 0x30, 0xff,
    0x00, 0x20, 0x30, 0xff, 0x00, 0x1c, 0x30, 0xff, 0x00, 0x18, 0x30, 0xff,
    0x00, 0x18, 0x28, 0xff, 0x00, 0x14, 0x20, 0xff, 0x00, 0x10, 0x20, 0xff,
    0x00, 0x10, 0x20, 0xff, 0x00, 0x10, 0x20, 0xff, 0x00, 0x14, 0x28, 0xff,
    0x00, 0x18, 0x30, 0xff, 0x00, 0x14, 0x28, 0xff, 0x00, 0x24, 0x40, 0xff,
    0x00, 0x3c, 0x58, 0xff, 0x08, 0x40, 0x58, 0xff, 0x18, 0x54, 0x70, 0xff,
    0x30, 0x74, 0x90, 0xff, 0x38, 0x88, 0xa8, 0xff, 0x30, 0x88, 0xa8, 0xff,
    0x28, 0x84, 0xa8, 0xff, 0x10, 0x50, 0x68, 0xff, 0x18, 0x30, 0x28, 0xa6,
    0x00, 0x00, 0x00, 0x00, 0x00, 0x00, 0x00, 0x00, 0x00, 0x00, 0x00, 0x00,
    0x00, 0x00, 0x00, 0x00, 0x00, 0x00, 0x00, 0x00, 0x00, 0x00, 0x00, 0x00,
    0x00, 0x00, 0x00, 0x00, 0x00, 0x00, 0x00, 0x00, 0x00, 0x00, 0x00, 0x00,
    0x00, 0x00, 0x00, 0x00, 0x00, 0x00, 0x00, 0x00, 0x00, 0x00, 0x00, 0x00,
    0x00, 0x00, 0x00, 0x00, 0x00, 0x00, 0x00, 0x00, 0x00, 0x00, 0x00, 0x00,
    0x00, 0x00, 0x00, 0x00, 0x00, 0x00, 0x00, 0x00, 0x00, 0x00, 0x00, 0x00,
    0x00, 0x00, 0x00, 0x00, 0x00, 0x00, 0x00, 0x00, 0x00, 0x00, 0x00, 0x00,
    0x00, 0x00, 0x00, 0x00, 0x00, 0x00, 0x00, 0x00, 0x00, 0x00, 0x00, 0x00,
    0x00, 0x28, 0x28, 0xc7, 0x30, 0x78, 0x88, 0xff, 0x18, 0x78, 0x90, 0xff,
    0x18, 0x80, 0xa0, 0xff, 0x70, 0xd0, 0xf8, 0xff, 0x20, 0x78, 0xa0, 0xff,
    0x20, 0x7c, 0x98, 0xff, 0x30, 0x8c, 0xa0, 0xff, 0x28, 0x88, 0xa0, 0xff,
    0x28, 0x88, 0xa0, 0xff, 0x28, 0x84, 0xa0, 0xff, 0x20, 0x78, 0x98, 0xff,
    0x10, 0x68, 0x88, 0xff, 0x08, 0x5c, 0x78, 0xff, 0x00, 0x54, 0x70, 0xff,
    0x00, 0x50, 0x70, 0xff, 0x00, 0x48, 0x60, 0xff, 0x00, 0x44, 0x60, 0xff,
    0x00, 0x44, 0x60, 0xff, 0x00, 0x44, 0x60, 0xff, 0x00, 0x40, 0x60, 0xff,
    0x00, 0x40, 0x60, 0xff, 0x00, 0x40, 0x60, 0xff, 0x00, 0x40, 0x58, 0xff,
    0x00, 0x3c, 0x60, 0xff, 0x00, 0x40, 0x60, 0xff, 0x00, 0x40, 0x58, 0xff,
    0x00, 0x40, 0x60, 0xff, 0x00, 0x48, 0x68, 0xff, 0x00, 0x50, 0x70, 0xff,
    0x00, 0x58, 0x78, 0xff, 0x08, 0x60, 0x78, 0xff, 0x10, 0x68, 0x88, 0xff,
    0x20, 0x78, 0x98, 0xff, 0x20, 0x7c, 0x98, 0xff, 0x20, 0x80, 0xa0, 0xff,
    0x28, 0x8c, 0xb0, 0xff, 0x28, 0x88, 0xa8, 0xff, 0x20, 0x88, 0xa8, 0xff,
    0x10, 0x80, 0xa0, 0xff, 0x08, 0x78, 0x98, 0xff, 0x10, 0x80, 0xa0, 0xff,
    0x18, 0x88, 0xb0, 0xff, 0x08, 0x58, 0x70, 0xff, 0x10, 0x24, 0x18, 0xaa,
    0x00, 0x00, 0x00, 0x00, 0x00, 0x00, 0x00, 0x00, 0x00, 0x00, 0x00, 0x00,
    0x00, 0x00, 0x00, 0x00, 0x00, 0x00, 0x00, 0x00, 0x00, 0x00, 0x00, 0x00,
    0x00, 0x00, 0x00, 0x00, 0x00, 0x00, 0x00, 0x00, 0x00, 0x00, 0x00, 0x00,
    0x00, 0x00, 0x00, 0x00, 0x00, 0x00, 0x00, 0x00, 0x00, 0x00, 0x00, 0x00,
    0x00, 0x00, 0x00, 0x00, 0x00, 0x00, 0x00, 0x00, 0x00, 0x00, 0x00, 0x00,
    0x00, 0x00, 0x00, 0x00, 0x00, 0x00, 0x00, 0x00, 0x00, 0x00, 0x00, 0x00,
    0x00, 0x00, 0x00, 0x00, 0x00, 0x00, 0x00, 0x00, 0x00, 0x00, 0x00, 0x00,
    0x00, 0x00, 0x00, 0x00, 0x00, 0x00, 0x00, 0x00, 0x00, 0x00, 0x00, 0x00,
    0x00, 0x20, 0x20, 0xc7, 0x38, 0x74, 0x88, 0xff, 0x20, 0x78, 0x98, 0xff,
    0x18, 0x74, 0xa0, 0xff, 0x30, 0x90, 0xc0, 0xff, 0x10, 0x70, 0x98, 0xff,
    0x10, 0x80, 0xa0, 0xff, 0x10, 0x80, 0x98, 0xff, 0x10, 0x80, 0xa0, 0xff,
    0x08, 0x80, 0xa0, 0xff, 0x10, 0x80, 0xa0, 0xff, 0x18, 0x80, 0xa0, 0xff,
    0x18, 0x84, 0xa8, 0xff, 0x20, 0x88, 0xa8, 0xff, 0x28, 0x88, 0xb0, 0xff,
    0x28, 0x88, 0xb0, 0xff, 0x28, 0x88, 0xb0, 0xff, 0x28, 0x88, 0xb0, 0xff,
    0x30, 0x8c, 0xb0, 0xff, 0x30, 0x88, 0xb0, 0xff, 0x30, 0x8c, 0xb0, 0xff,
    0x38, 0x88, 0xb0, 0xff, 0x38, 0x88, 0xb0, 0xff, 0x38, 0x88, 0xb0, 0xff,
    0x30, 0x88, 0xb0, 0xff, 0x30, 0x8c, 0xb0, 0xff, 0x30, 0x8c, 0xb0, 0xff,
    0x28, 0x8c, 0xb0, 0xff, 0x28, 0x88, 0xb0, 0xff, 0x28, 0x88, 0xa8, 0xff,
    0x20, 0x88, 0xa8, 0xff, 0x20, 0x88, 0xa8, 0xff, 0x18, 0x84, 0xa8, 0xff,
    0x10, 0x84, 0xa8, 0xff, 0x10, 0x80, 0xa8, 0xff, 0x10, 0x84, 0xa8, 0xff,
    0x08, 0x7c, 0xa0, 0xff, 0x00, 0x78, 0xa0, 0xff, 0x08, 0x80, 0xa8, 0xff,
    0x00, 0x7c, 0xa0, 0xff, 0x08, 0x80, 0xa8, 0xff, 0x08, 0x80, 0xa8, 0xff,
    0x10, 0x84, 0xb0, 0xff, 0x00, 0x58, 0x70, 0xff, 0x18, 0x2c, 0x28, 0xae,
    0x00, 0x00, 0x00, 0x00, 0x00, 0x00, 0x00, 0x00, 0x00, 0x00, 0x00, 0x00,
    0x00, 0x00, 0x00, 0x00, 0x00, 0x00, 0x00, 0x00, 0x00, 0x00, 0x00, 0x00,
    0x00, 0x00, 0x00, 0x00, 0x00, 0x00, 0x00, 0x00, 0x00, 0x00, 0x00, 0x00,
    0x00, 0x00, 0x00, 0x00, 0x00, 0x00, 0x00, 0x00, 0x00, 0x00, 0x00, 0x00,
    0x00, 0x00, 0x00, 0x00, 0x00, 0x00, 0x00, 0x00, 0x00, 0x00, 0x00, 0x00,
    0x00, 0x00, 0x00, 0x00, 0x00, 0x00, 0x00, 0x00, 0x00, 0x00, 0x00, 0x00,
    0x00, 0x00, 0x00, 0x00, 0x00, 0x00, 0x00, 0x00, 0x00, 0x00, 0x00, 0x00,
    0x00, 0x00, 0x00, 0x00, 0x00, 0x00, 0x00, 0x00, 0x00, 0x00, 0x00, 0x00,
    0x00, 0x20, 0x28, 0xc3, 0x38, 0x6c, 0x80, 0xff, 0x50, 0x88, 0xb0, 0xff,
    0x58, 0xa0, 0xd0, 0xff, 0x10, 0x60, 0x90, 0xff, 0x18, 0x7c, 0xa8, 0xff,
    0x10, 0x84, 0xa8, 0xff, 0x00, 0x80, 0xa0, 0xff, 0x08, 0x80, 0xa0, 0xff,
    0x08, 0x80, 0xa0, 0xff, 0x10, 0x7c, 0xa8, 0xff, 0x10, 0x7c, 0xa0, 0xff,
    0x10, 0x7c, 0xa0, 0xff, 0x10, 0x7c, 0xa0, 0xff, 0x18, 0x7c, 0xa0, 0xff,
    0x18, 0x80, 0xa0, 0xff, 0x10, 0x7c, 0xa0, 0xff, 0x10, 0x7c, 0xa0, 0xff,
    0x10, 0x7c, 0xa0, 0xff, 0x10, 0x7c, 0xa0, 0xff, 0x10, 0x7c, 0xa0, 0xff,
    0x10, 0x7c, 0xa0, 0xff, 0x18, 0x7c, 0xa0, 0xff, 0x10, 0x78, 0xa0, 0xff,
    0x10, 0x7c, 0xa0, 0xff, 0x10, 0x78, 0xa0, 0xff, 0x10, 0x78, 0xa0, 0xff,
    0x10, 0x7c, 0xa0, 0xff, 0x10, 0x7c, 0xa0, 0xff, 0x10, 0x7c, 0xa0, 0xff,
    0x10, 0x7c, 0xa0, 0xff, 0x10, 0x7c, 0xa0, 0xff, 0x10, 0x7c, 0xa0, 0xff,
    0x10, 0x7c, 0xa8, 0xff, 0x10, 0x7c, 0xa0, 0xff, 0x10, 0x7c, 0xa0, 0xff,
    0x10, 0x80, 0xa8, 0xff, 0x10, 0x7c, 0xa8, 0xff, 0x10, 0x7c, 0xa0, 0xff,
    0x10, 0x7c, 0xa8, 0xff, 0x10, 0x7c, 0xa8, 0xff, 0x10, 0x7c, 0xa8, 0xff,
    0x10, 0x80, 0xb0, 0xff, 0x10, 0x58, 0x78, 0xff, 0x18, 0x28, 0x28, 0xae,
    0x00, 0x00, 0x00, 0x00, 0x00, 0x00, 0x00, 0x00, 0x00, 0x00, 0x00, 0x00,
    0x00, 0x00, 0x00, 0x00, 0x00, 0x00, 0x00, 0x00, 0x00, 0x00, 0x00, 0x00,
    0x00, 0x00, 0x00, 0x00, 0x00, 0x00, 0x00, 0x00, 0x00, 0x00, 0x00, 0x00,
    0x00, 0x00, 0x00, 0x00, 0x00, 0x00, 0x00, 0x00, 0x00, 0x00, 0x00, 0x00,
    0x00, 0x00, 0x00, 0x00, 0x00, 0x00, 0x00, 0x00, 0x00, 0x00, 0x00, 0x00,
    0x00, 0x00, 0x00, 0x00, 0x00, 0x00, 0x00, 0x00, 0x00, 0x00, 0x00, 0x00,
    0x00, 0x00, 0x00, 0x00, 0x00, 0x00, 0x00, 0x00, 0x00, 0x00, 0x00, 0x00,
    0x00, 0x00, 0x00, 0x00, 0x00, 0x00, 0x00, 0x00, 0x00, 0x00, 0x00, 0x00,
    0x00, 0x20, 0x28, 0xba, 0x30, 0x64, 0x78, 0xff, 0xa0, 0xd4, 0xf8, 0xff,
    0x98, 0xd8, 0xf8, 0xff, 0x00, 0x50, 0x80, 0xff, 0x18, 0x7c, 0xa8, 0xff,
    0x08, 0x80, 0xa8, 0xff, 0x00, 0x80, 0xa8, 0xff, 0x00, 0x7c, 0xa0, 0xff,
    0x08, 0x7c, 0xa0, 0xff, 0x10, 0x80, 0xa8, 0xff, 0x10, 0x80, 0xa8, 0xff,
    0x10, 0x80, 0xa8, 0xff, 0x10, 0x7c, 0xa8, 0xff, 0x10, 0x7c, 0xa0, 0xff,
    0x08, 0x7c, 0xa0, 0xff, 0x10, 0x7c, 0xa0, 0xff, 0x08, 0x7c, 0xa0, 0xff,
    0x08, 0x7c, 0xa8, 0xff, 0x08, 0x7c, 0xa0, 0xff, 0x08, 0x7c, 0xa8, 0xff,
    0x08, 0x7c, 0xa0, 0xff, 0x10, 0x7c, 0xa8, 0xff, 0x10, 0x80, 0xa8, 0xff,
    0x08, 0x7c, 0xa0, 0xff, 0x10, 0x7c, 0xa8, 0xff, 0x10, 0x7c, 0xa0, 0xff,
    0x10, 0x7c, 0xa0, 0xff, 0x10, 0x7c, 0xa0, 0xff, 0x10, 0x7c, 0xa8, 0xff,
    0x10, 0x80, 0xa8, 0xff, 0x10, 0x80, 0xa8, 0xff, 0x10, 0x78, 0xa0, 0xff,
    0x10, 0x7c, 0xa8, 0xff, 0x10, 0x7c, 0xa8, 0xff, 0x10, 0x7c, 0xa8, 0xff,
    0x10, 0x7c, 0xa8, 0xff, 0x18, 0x7c, 0xa8, 0xff, 0x10, 0x7c, 0xa8, 0xff,
    0x18, 0x7c, 0xa8, 0xff, 0x10, 0x7c, 0xa0, 0xff, 0x10, 0x7c, 0xa8, 0xff,
    0x18, 0x7c, 0xa8, 0xff, 0x10, 0x54, 0x78, 0xff, 0x28, 0x2c, 0x30, 0xb2,
    0x00, 0x00, 0x00, 0x00, 0x00, 0x00, 0x00, 0x00, 0x00, 0x00, 0x00, 0x00,
    0x00, 0x00, 0x00, 0x00, 0x00, 0x00, 0x00, 0x00, 0x00, 0x00, 0x00, 0x00,
    0x00, 0x00, 0x00, 0x00, 0x00, 0x00, 0x00, 0x00, 0x00, 0x00, 0x00, 0x00,
    0x00, 0x00, 0x00, 0x00, 0x00, 0x00, 0x00, 0x00, 0x00, 0x00, 0x00, 0x00,
    0x00, 0x00, 0x00, 0x00, 0x00, 0x00, 0x00, 0x00, 0x00, 0x00, 0x00, 0x00,
    0x00, 0x00, 0x00, 0x00, 0x00, 0x00, 0x00, 0x00, 0x00, 0x00, 0x00, 0x00,
    0x00, 0x00, 0x00, 0x00, 0x00, 0x00, 0x00, 0x00, 0x00, 0x00, 0x00, 0x00,
    0x00, 0x00, 0x00, 0x00, 0x00, 0x00, 0x00, 0x00, 0x00, 0x00, 0x00, 0x00,
    0x08, 0x28, 0x28, 0xba, 0x38, 0x70, 0x78, 0xff, 0x98, 0xdc, 0xf8, 0xff,
    0x50, 0x98, 0xc0, 0xff, 0x18, 0x6c, 0x98, 0xff, 0x20, 0x80, 0xb0, 0xff,
    0x08, 0x7c, 0xa8, 0xff, 0x08, 0x80, 0xa0, 0xff, 0x08, 0x80, 0xa8, 0xff,
    0x08, 0x80, 0xa0, 0xff, 0x10, 0x7c, 0xa0, 0xff, 0x08, 0x78, 0xa0, 0xff,
    0x10, 0x78, 0xa0, 0xff, 0x10, 0x7c, 0xa0, 0xff, 0x10, 0x80, 0xa8, 0xff,
    0x10, 0x80, 0xa8, 0xff, 0x10, 0x7c, 0xa0, 0xff, 0x10, 0x80, 0xa0, 0xff,
    0x10, 0x80, 0xa8, 0xff, 0x08, 0x7c, 0xa0, 0xff, 0x08, 0x7c, 0xa0, 0xff,
    0x10, 0x7c, 0xa8, 0xff, 0x10, 0x7c, 0xa8, 0xff, 0x10, 0x80, 0xa8, 0xff,
    0x08, 0x7c, 0xa0, 0xff, 0x08, 0x80, 0xa0, 0xff, 0x10, 0x80, 0xa8, 0xff,
    0x10, 0x7c, 0xa0, 0xff, 0x10, 0x7c, 0xa0, 0xff, 0x10, 0x7c, 0xa0, 0xff,
    0x10, 0x7c, 0xa0, 0xff, 0x10, 0x7c, 0xa0, 0xff, 0x10, 0x80, 0xa8, 0xff,
    0x10, 0x80, 0xa8, 0xff, 0x10, 0x80, 0xa8, 0xff, 0x10, 0x7c, 0xa0, 0xff,
    0x08, 0x78, 0xa0, 0xff, 0x10, 0x7c, 0xa0, 0xff, 0x10, 0x7c, 0xa8, 0xff,
    0x18, 0x80, 0xa8, 0xff, 0x10, 0x7c, 0xa0, 0xff, 0x10, 0x78, 0xa0, 0xff,
    0x30, 0x8c, 0xb0, 0xff, 0x18, 0x50, 0x70, 0xff, 0x18, 0x18, 0x20, 0xb6,
    0x00, 0x00, 0x00, 0x00, 0x00, 0x00, 0x00, 0x00, 0x00, 0x00, 0x00, 0x00,
    0x00, 0x00, 0x00, 0x00, 0x00, 0x00, 0x00, 0x00, 0x00, 0x00, 0x00, 0x00,
    0x00, 0x00, 0x00, 0x00, 0x00, 0x00, 0x00, 0x00, 0x00, 0x00, 0x00, 0x00,
    0x00, 0x00, 0x00, 0x00, 0x00, 0x00, 0x00, 0x00, 0x00, 0x00, 0x00, 0x00,
    0x00, 0x00, 0x00, 0x00, 0x00, 0x00, 0x00, 0x00, 0x00, 0x00, 0x00, 0x00,
    0x00, 0x00, 0x00, 0x00, 0x00, 0x00, 0x00, 0x00, 0x00, 0x00, 0x00, 0x00,
    0x00, 0x00, 0x00, 0x00, 0x00, 0x00, 0x00, 0x00, 0x00, 0x00, 0x00, 0x00,
    0x00, 0x00, 0x00, 0x00, 0x00, 0x00, 0x00, 0x00, 0x00, 0x00, 0x00, 0x00,
    0x08, 0x1c, 0x18, 0x9e, 0x40, 0x70, 0x78, 0xff, 0x40, 0x80, 0x98, 0xff,
    0x20, 0x70, 0x90, 0xff, 0x28, 0x7c, 0xa0, 0xff, 0x18, 0x74, 0xa0, 0xff,
    0x10, 0x7c, 0xa0, 0xff, 0x08, 0x7c, 0xa0, 0xff, 0x10, 0x80, 0xa8, 0xff,
    0x10, 0x80, 0xa8, 0xff, 0x10, 0x7c, 0xa8, 0xff, 0x10, 0x7c, 0xa8, 0xff,
    0x10, 0x7c, 0xa8, 0xff, 0x10, 0x7c, 0xa8, 0xff, 0x10, 0x7c, 0xa0, 0xff,
    0x08, 0x78, 0xa0, 0xff, 0x10, 0x7c, 0xa8, 0xff, 0x10, 0x80, 0xa8, 0xff,
    0x10, 0x80, 0xa8, 0xff, 0x10, 0x80, 0xa8, 0xff, 0x10, 0x7c, 0xa8, 0xff,
    0x10, 0x7c, 0xa8, 0xff, 0x10, 0x7c, 0xa8, 0xff, 0x10, 0x7c, 0xa8, 0xff,
    0x10, 0x7c, 0xa8, 0xff, 0x08, 0x7c, 0xa8, 0xff, 0x10, 0x80, 0xa8, 0xff,
    0x10, 0x7c, 0xa8, 0xff, 0x10, 0x7c, 0xa8, 0xff, 0x10, 0x7c, 0xa8, 0xff,
    0x10, 0x7c, 0xa8, 0xff, 0x10, 0x7c, 0xa8, 0xff, 0x10, 0x7c, 0xa0, 0xff,
    0x08, 0x7c, 0xa0, 0xff, 0x10, 0x7c, 0xa8, 0xff, 0x10, 0x7c, 0xa8, 0xff,
    0x08, 0x7c, 0xa8, 0xff, 0x10, 0x7c, 0xa8, 0xff, 0x10, 0x78, 0xa0, 0xff,
    0x10, 0x78, 0xa0, 0xff, 0x18, 0x7c, 0x98, 0xff, 0x28, 0x80, 0xa0, 0xff,
    0x40, 0x84, 0xa8, 0xff, 0x28, 0x58, 0x70, 0xff, 0x28, 0x28, 0x28, 0x9a,
    0x00, 0x00, 0x00, 0x00, 0x00, 0x00, 0x00, 0x00, 0x00, 0x00, 0x00, 0x00,
    0x00, 0x00, 0x00, 0x00, 0x00, 0x00, 0x00, 0x00, 0x00, 0x00, 0x00, 0x00,
    0x00, 0x00, 0x00, 0x00, 0x00, 0x00, 0x00, 0x00, 0x00, 0x00, 0x00, 0x00,
    0x00, 0x00, 0x00, 0x00, 0x00, 0x00, 0x00, 0x00, 0x00, 0x00, 0x00, 0x00,
    0x00, 0x00, 0x00, 0x00, 0x00, 0x00, 0x00, 0x00, 0x00, 0x00, 0x00, 0x00,
    0x00, 0x00, 0x00, 0x00, 0x00, 0x00, 0x00, 0x00, 0x00, 0x00, 0x00, 0x00,
    0x00, 0x00, 0x00, 0x00, 0x00, 0x00, 0x00, 0x00, 0x00, 0x00, 0x00, 0x00,
    0x00, 0x00, 0x00, 0x00, 0x00, 0x00, 0x00, 0x00, 0x00, 0x00, 0x00, 0x00,
    0x58, 0x4c, 0x48, 0x20, 0x08, 0x1c, 0x20, 0xc7, 0x20, 0x50, 0x58, 0xef,
    0x38, 0x80, 0x90, 0xff, 0x38, 0x90, 0xa8, 0xff, 0x28, 0x88, 0xa8, 0xff,
    0x10, 0x80, 0xa0, 0xff, 0x10, 0x80, 0xa0, 0xff, 0x08, 0x78, 0xa0, 0xff,
    0x08, 0x7c, 0xa8, 0xff, 0x08, 0x78, 0xa0, 0xff, 0x08, 0x78, 0xa0, 0xff,
    0x10, 0x7c, 0xa8, 0xff, 0x10, 0x7c, 0xa8, 0xff, 0x10, 0x7c, 0xa8, 0xff,
    0x10, 0x78, 0xa8, 0xff, 0x10, 0x78, 0xa8, 0xff, 0x08, 0x78, 0xa8, 0xff,
    0x08, 0x78, 0xa8, 0xff, 0x10, 0x78, 0xa8, 0xff, 0x10, 0x78, 0xa8, 0xff,
    0x10, 0x78, 0xa8, 0xff, 0x10, 0x78, 0xa8, 0xff, 0x08, 0x78, 0xa0, 0xff,
    0x08, 0x7c, 0xa8, 0xff, 0x08, 0x78, 0xa8, 0xff, 0x08, 0x78, 0xa8, 0xff,
    0x10, 0x7c, 0xa8, 0xff, 0x18, 0x7c, 0xa8, 0xff, 0x18, 0x7c, 0xa8, 0xff,
    0x10, 0x78, 0xa8, 0xff, 0x18, 0x7c, 0xa8, 0xff, 0x10, 0x7c, 0xa8, 0xff,
    0x08, 0x78, 0xa8, 0xff, 0x08, 0x78, 0xa8, 0xff, 0x08, 0x78, 0xa8, 0xff,
    0x08, 0x7c, 0xa8, 0xff, 0x10, 0x80, 0xb0, 0xff, 0x10, 0x80, 0xb0, 0xff,
    0x18, 0x7c, 0xa0, 0xff, 0x38, 0x90, 0xa8, 0xff, 0x38, 0x7c, 0x90, 0xff,
    0x20, 0x5c, 0x70, 0xf7, 0x00, 0x14, 0x20, 0xd3, 0x50, 0x54, 0x50, 0x14,
    0x00, 0x00, 0x00, 0x00, 0x00, 0x00, 0x00, 0x00, 0x00, 0x00, 0x00, 0x00,
    0x00, 0x00, 0x00, 0x00, 0x00, 0x00, 0x00, 0x00, 0x00, 0x00, 0x00, 0x00,
    0x00, 0x00, 0x00, 0x00, 0x00, 0x00, 0x00, 0x00, 0x00, 0x00, 0x00, 0x00,
    0x00, 0x00, 0x00, 0x00, 0x00, 0x00, 0x00, 0x00, 0x00, 0x00, 0x00, 0x00,
    0x00, 0x00, 0x00, 0x00, 0x00, 0x00, 0x00, 0x00, 0x00, 0x00, 0x00, 0x00,
    0x00, 0x00, 0x00, 0x00, 0x00, 0x00, 0x00, 0x00, 0x00, 0x00, 0x00, 0x00,
    0x00, 0x00, 0x00, 0x00, 0x00, 0x00, 0x00, 0x00, 0x00, 0x00, 0x00, 0x00,
    0x00, 0x00, 0x00, 0x00, 0x00, 0x00, 0x00, 0x00, 0x00, 0x00, 0x00, 0x00,
    0x00, 0x00, 0x00, 0x00, 0x60, 0x60, 0x58, 0x18, 0x08, 0x24, 0x28, 0x75,
    0x00, 0x28, 0x38, 0xbe, 0x00, 0x40, 0x50, 0xfb, 0x18, 0x64, 0x80, 0xff,
    0x10, 0x70, 0x88, 0xff, 0x20, 0x88, 0xa8, 0xff, 0x20, 0x88, 0xa8, 0xff,
    0x28, 0x88, 0xb0, 0xff, 0x28, 0x88, 0xb0, 0xff, 0x20, 0x84, 0xa8, 0xff,
    0x20, 0x80, 0xa8, 0xff, 0x20, 0x80, 0xa8, 0xff, 0x20, 0x80, 0xa8, 0xff,
    0x20, 0x80, 0xa8, 0xff, 0x18, 0x7c, 0xa8, 0xff, 0x18, 0x7c, 0xa8, 0xff,
    0x18, 0x7c, 0xa8, 0xff, 0x18, 0x78, 0xa0, 0xff, 0x18, 0x78, 0xa0, 0xff,
    0x18, 0x78, 0xa8, 0xff, 0x18, 0x7c, 0xa8, 0xff, 0x18, 0x7c, 0xa0, 0xff,
    0x10, 0x7c, 0xa0, 0xff, 0x10, 0x78, 0xa0, 0xff, 0x10, 0x78, 0xa0, 0xff,
    0x18, 0x7c, 0xa8, 0xff, 0x20, 0x7c, 0xa8, 0xff, 0x20, 0x7c, 0xa8, 0xff,
    0x20, 0x7c, 0xa8, 0xff, 0x20, 0x7c, 0xa8, 0xff, 0x20, 0x80, 0xa8, 0xff,
    0x18, 0x80, 0xa8, 0xff, 0x20, 0x84, 0xb0, 0xff, 0x20, 0x88, 0xb0, 0xff,
    0x18, 0x80, 0xa8, 0xff, 0x18, 0x7c, 0xa8, 0xff, 0x10, 0x74, 0xa0, 0xff,
    0x10, 0x64, 0x80, 0xff, 0x10, 0x50, 0x60, 0xf7, 0x00, 0x28, 0x30, 0xcf,
    0x08, 0x24, 0x30, 0x92, 0x48, 0x58, 0x58, 0x28, 0x00, 0x00, 0x00, 0x00,
    0x00, 0x00, 0x00, 0x00, 0x00, 0x00, 0x00, 0x00, 0x00, 0x00, 0x00, 0x00,
    0x00, 0x00, 0x00, 0x00, 0x00, 0x00, 0x00, 0x00, 0x00, 0x00, 0x00, 0x00,
    0x00, 0x00, 0x00, 0x00, 0x00, 0x00, 0x00, 0x00, 0x00, 0x00, 0x00, 0x00,
    0x00, 0x00, 0x00, 0x00, 0x00, 0x00, 0x00, 0x00, 0x00, 0x00, 0x00, 0x00,
    0x00, 0x00, 0x00, 0x00, 0x00, 0x00, 0x00, 0x00, 0x00, 0x00, 0x00, 0x00,
    0x00, 0x00, 0x00, 0x00, 0x00, 0x00, 0x00, 0x00, 0x00, 0x00, 0x00, 0x00,
    0x00, 0x00, 0x00, 0x00, 0x00, 0x00, 0x00, 0x00, 0x00, 0x00, 0x00, 0x00,
    0x00, 0x00, 0x00, 0x00, 0x00, 0x00, 0x00, 0x00, 0x00, 0x00, 0x00, 0x00,
    0x00, 0x00, 0x00, 0x00, 0x00, 0x00, 0x00, 0x00, 0x80, 0x80, 0x80, 0x04,
    0x50, 0x4c, 0x58, 0x28, 0x00, 0x1c, 0x30, 0xb6, 0x00, 0x08, 0x20, 0xff,
    0x00, 0x2c, 0x40, 0xff, 0x00, 0x34, 0x48, 0xff, 0x00, 0x34, 0x50, 0xff,
    0x00, 0x40, 0x58, 0xff, 0x00, 0x50, 0x68, 0xff, 0x10, 0x5c, 0x78, 0xff,
    0x20, 0x68, 0x80, 0xff, 0x28, 0x74, 0x90, 0xff, 0x30, 0x7c, 0x98, 0xff,
    0x30, 0x7c, 0x98, 0xff, 0x30, 0x84, 0xa0, 0xff, 0x30, 0x84, 0xa0, 0xff,
    0x30, 0x88, 0xa0, 0xff, 0x30, 0x88, 0xa0, 0xff, 0x30, 0x84, 0xa0, 0xff,
    0x30, 0x80, 0xa0, 0xff, 0x30, 0x80, 0xa0, 0xff, 0x30, 0x84, 0xa0, 0xff,
    0x30, 0x84, 0xa0, 0xff, 0x30, 0x8c, 0xa8, 0xff, 0x38, 0x8c, 0xa8, 0xff,
    0x30, 0x84, 0xa0, 0xff, 0x30, 0x80, 0x98, 0xff, 0x38, 0x80, 0xa0, 0xff,
    0x38, 0x80, 0x98, 0xff, 0x30, 0x7c, 0x98, 0xff, 0x20, 0x6c, 0x88, 0xff,
    0x10, 0x60, 0x80, 0xff, 0x08, 0x58, 0x70, 0xff, 0x00, 0x48, 0x60, 0xff,
    0x00, 0x38, 0x50, 0xff, 0x00, 0x34, 0x50, 0xff, 0x00, 0x30, 0x48, 0xff,
    0x00, 0x24, 0x38, 0xff, 0x00, 0x04, 0x08, 0xdf, 0x48, 0x48, 0x48, 0x49,
    0x68, 0x68, 0x68, 0x08, 0x00, 0x00, 0x00, 0x00, 0x00, 0x00, 0x00, 0x00,
    0x00, 0x00, 0x00, 0x00, 0x00, 0x00, 0x00, 0x00, 0x00, 0x00, 0x00, 0x00,
    0x00, 0x00, 0x00, 0x00, 0x00, 0x00, 0x00, 0x00, 0x00, 0x00, 0x00, 0x00,
    0x00, 0x00, 0x00, 0x00, 0x00, 0x00, 0x00, 0x00, 0x00, 0x00, 0x00, 0x00,
    0x00, 0x00, 0x00, 0x00, 0x00, 0x00, 0x00, 0x00, 0x00, 0x00, 0x00, 0x00,
    0x00, 0x00, 0x00, 0x00, 0x00, 0x00, 0x00, 0x00, 0x00, 0x00, 0x00, 0x00,
    0x00, 0x00, 0x00, 0x00, 0x00, 0x00, 0x00, 0x00, 0x00, 0x00, 0x00, 0x00,
    0x00, 0x00, 0x00, 0x00, 0x00, 0x00, 0x00, 0x00, 0x00, 0x00, 0x00, 0x00,
    0x00, 0x00, 0x00, 0x00, 0x00, 0x00, 0x00, 0x00, 0x00, 0x00, 0x00, 0x00,
    0x00, 0x00, 0x00, 0x00, 0x00, 0x00, 0x00, 0x00, 0x00, 0x00, 0x00, 0x00,
    0x00, 0x00, 0x00, 0x00, 0x08, 0x18, 0x28, 0xc3, 0x20, 0x50, 0x60, 0xff,
    0x48, 0x84, 0xa0, 0xff, 0x20, 0x68, 0x88, 0xff, 0x18, 0x64, 0x80, 0xff,
    0x10, 0x5c, 0x78, 0xff, 0x00, 0x48, 0x60, 0xff, 0x00, 0x2c, 0x40, 0xff,
    0x00, 0x18, 0x30, 0xff, 0x00, 0x14, 0x30, 0xff, 0x00, 0x18, 0x30, 0xff,
    0x00, 0x18, 0x30, 0xff, 0x00, 0x18, 0x30, 0xff, 0x00, 0x20, 0x38, 0xff,
    0x00, 0x2c, 0x40, 0xff, 0x00, 0x2c, 0x40, 0xff, 0x00, 0x24, 0x38, 0xff,
    0x00, 0x20, 0x38, 0xff, 0x00, 0x20, 0x38, 0xff, 0x00, 0x20, 0x38, 0xff,
    0x00, 0x24, 0x38, 0xff, 0x00, 0x34, 0x48, 0xff, 0x00, 0x30, 0x48, 0xff,
    0x00, 0x20, 0x38, 0xff, 0x00, 0x18, 0x30, 0xff, 0x00, 0x1c, 0x30, 0xff,
    0x00, 0x18, 0x30, 0xff, 0x00, 0x10, 0x28, 0xff, 0x00, 0x14, 0x30, 0xff,
    0x00, 0x20, 0x38, 0xff, 0x00, 0x3c, 0x50, 0xff, 0x00, 0x54, 0x70, 0xff,
    0x10, 0x60, 0x78, 0xff, 0x20, 0x70, 0x88, 0xff, 0x30, 0x7c, 0x98, 0xff,
    0x38, 0x74, 0x88, 0xff, 0x00, 0x0c, 0x10, 0xe3, 0x58, 0x50, 0x50, 0x38,
    0x00, 0x00, 0x00, 0x00, 0x00, 0x00, 0x00, 0x00, 0x00, 0x00, 0x00, 0x00,
    0x00, 0x00, 0x00, 0x00, 0x00, 0x00, 0x00, 0x00, 0x00, 0x00, 0x00, 0x00,
    0x00, 0x00, 0x00, 0x00, 0x00, 0x00, 0x00, 0x00, 0x00, 0x00, 0x00, 0x00,
    0x00, 0x00, 0x00, 0x00, 0x00, 0x00, 0x00, 0x00, 0x00, 0x00, 0x00, 0x00,
    0x00, 0x00, 0x00, 0x00, 0x00, 0x00, 0x00, 0x00, 0x00, 0x00, 0x00, 0x00,
    0x00, 0x00, 0x00, 0x00, 0x00, 0x00, 0x00, 0x00, 0x00, 0x00, 0x00, 0x00,
    0x00, 0x00, 0x00, 0x00, 0x00, 0x00, 0x00, 0x00, 0x00, 0x00, 0x00, 0x00,
    0x00, 0x00, 0x00, 0x00, 0x00, 0x00, 0x00, 0x00, 0x00, 0x00, 0x00, 0x00,
    0x00, 0x00, 0x00, 0x00, 0x00, 0x00, 0x00, 0x00, 0x00, 0x00, 0x00, 0x00,
    0x00, 0x00, 0x00, 0x00, 0x00, 0x00, 0x00, 0x00, 0x00, 0x00, 0x00, 0x00,
    0x58, 0x54, 0x48, 0x14, 0x00, 0x14, 0x18, 0xf7, 0x28, 0x74, 0x88, 0xff,
    0x30, 0x80, 0xa0, 0xff, 0x20, 0x78, 0xa0, 0xff, 0x20, 0x80, 0xa0, 0xff,
    0x18, 0x84, 0xa8, 0xff, 0x20, 0x8c, 0xa8, 0xff, 0x28, 0x8c, 0xb0, 0xff,
    0x28, 0x8c, 0xb0, 0xff, 0x28, 0x84, 0xa8, 0xff, 0x20, 0x7c, 0xa0, 0xff,
    0x20, 0x78, 0x98, 0xff, 0x18, 0x74, 0x98, 0xff, 0x10, 0x68, 0x88, 0xff,
    0x00, 0x1c, 0x30, 0xff, 0x00, 0x1c, 0x30, 0xff, 0x18, 0x6c, 0x80, 0xff,
    0x10, 0x6c, 0x88, 0xff, 0x10, 0x68, 0x80, 0xff, 0x18, 0x6c, 0x88, 0xff,
    0x10, 0x5c, 0x70, 0xff, 0x00, 0x18, 0x28, 0xff, 0x00, 0x14, 0x30, 0xff,
    0x18, 0x64, 0x80, 0xff, 0x18, 0x70, 0x90, 0xff, 0x10, 0x74, 0x98, 0xff,
    0x18, 0x7c, 0xa0, 0xff, 0x28, 0x84, 0xa8, 0xff, 0x28, 0x88, 0xa8, 0xff,
    0x28, 0x8c, 0xb0, 0xff, 0x28, 0x8c, 0xb0, 0xff, 0x20, 0x88, 0xa8, 0xff,
    0x20, 0x84, 0xa8, 0xff, 0x10, 0x7c, 0x98, 0xff, 0x10, 0x78, 0x98, 0xff,
    0x40, 0x8c, 0xa8, 0xff, 0x10, 0x24, 0x30, 0xf3, 0x28, 0x2c, 0x30, 0x79,
    0x00, 0x00, 0x00, 0x00, 0x00, 0x00, 0x00, 0x00, 0x00, 0x00, 0x00, 0x00,
    0x00, 0x00, 0x00, 0x00, 0x00, 0x00, 0x00, 0x00, 0x00, 0x00, 0x00, 0x00,
    0x00, 0x00, 0x00, 0x00, 0x00, 0x00, 0x00, 0x00, 0x00, 0x00, 0x00, 0x00,
    0x00, 0x00, 0x00, 0x00, 0x00, 0x00, 0x00, 0x00, 0x00, 0x00, 0x00, 0x00,
    0x00, 0x00, 0x00, 0x00, 0x00, 0x00, 0x00, 0x00, 0x00, 0x00, 0x00, 0x00,
    0x00, 0x00, 0x00, 0x00, 0x00, 0x00, 0x00, 0x00, 0x00, 0x00, 0x00, 0x00,
    0x00, 0x00, 0x00, 0x00, 0x00, 0x00, 0x00, 0x00, 0x00, 0x00, 0x00, 0x00,
    0x00, 0x00, 0x00, 0x00, 0x00, 0x00, 0x00, 0x00, 0x00, 0x00, 0x00, 0x00,
    0x00, 0x00, 0x00, 0x00, 0x00, 0x00, 0x00, 0x00, 0x00, 0x00, 0x00, 0x00,
    0x00, 0x00, 0x00, 0x00, 0x00, 0x00, 0x00, 0x00, 0x00, 0x00, 0x00, 0x00,
    0x38, 0x44, 0x38, 0x51, 0x00, 0x18, 0x20, 0xfb, 0x28, 0x78, 0x88, 0xff,
    0x28, 0x84, 0xa8, 0xff, 0x18, 0x78, 0xa8, 0xff, 0x10, 0x7c, 0xa8, 0xff,
    0x08, 0x7c, 0xa0, 0xff, 0x08, 0x7c, 0xa0, 0xff, 0x00, 0x7c, 0xa0, 0xff,
    0x08, 0x78, 0xa0, 0xff, 0x10, 0x7c, 0xa0, 0xff, 0x10, 0x7c, 0xa0, 0xff,
    0x18, 0x7c, 0xa8, 0xff, 0x18, 0x80, 0xb0, 0xff, 0x28, 0x84, 0xa8, 0xff,
    0x00, 0x40, 0x50, 0xff, 0x00, 0x3c, 0x48, 0xff, 0x48, 0x94, 0xb0, 0xff,
    0x30, 0x88, 0xa8, 0xff, 0x58, 0xac, 0xc8, 0xff, 0x50, 0x9c, 0xb8, 0xff,
    0x30, 0x7c, 0x98, 0xff, 0x00, 0x38, 0x50, 0xff, 0x00, 0x34, 0x50, 0xff,
    0x38, 0x80, 0xa0, 0xff, 0x28, 0x88, 0xa8, 0xff, 0x10, 0x84, 0xa8, 0xff,
    0x10, 0x80, 0xa8, 0xff, 0x08, 0x7c, 0xa0, 0xff, 0x08, 0x74, 0xa0, 0xff,
    0x08, 0x78, 0xa0, 0xff, 0x08, 0x78, 0xa0, 0xff, 0x08, 0x78, 0xa0, 0xff,
    0x10, 0x80, 0xa8, 0xff, 0x08, 0x7c, 0xa0, 0xff, 0x08, 0x7c, 0xa0, 0xff,
    0x30, 0x88, 0xa8, 0xff, 0x20, 0x4c, 0x58, 0xff, 0x10, 0x1c, 0x20, 0xa6,
    0x60, 0x60, 0x60, 0x08, 0x00, 0x00, 0x00, 0x00, 0x00, 0x00, 0x00, 0x00,
    0x00, 0x00, 0x00, 0x00, 0x00, 0x00, 0x00, 0x00, 0x00, 0x00, 0x00, 0x00,
    0x00, 0x00, 0x00, 0x00, 0x00, 0x00, 0x00, 0x00, 0x00, 0x00, 0x00, 0x00,
    0x00, 0x00, 0x00, 0x00, 0x00, 0x00, 0x00, 0x00, 0x00, 0x00, 0x00, 0x00,
    0x00, 0x00, 0x00, 0x00, 0x00, 0x00, 0x00, 0x00, 0x00, 0x00, 0x00, 0x00,
    0x00, 0x00, 0x00, 0x00, 0x00, 0x00, 0x00, 0x00, 0x00, 0x00, 0x00, 0x00,
    0x00, 0x00, 0x00, 0x00, 0x00, 0x00, 0x00, 0x00, 0x00, 0x00, 0x00, 0x00,
    0x00, 0x00, 0x00, 0x00, 0x00, 0x00, 0x00, 0x00, 0x00, 0x00, 0x00, 0x00,
    0x00, 0x00, 0x00, 0x00, 0x00, 0x00, 0x00, 0x00, 0x00, 0x00, 0x00, 0x00,
    0x00, 0x00, 0x00, 0x00, 0x00, 0x00, 0x00, 0x00, 0x00, 0x00, 0x00, 0x00,
    0x28, 0x2c, 0x28, 0x79, 0x00, 0x20, 0x28, 0xff, 0x28, 0x84, 0x98, 0xff,
    0x20, 0x80, 0xa8, 0xff, 0x10, 0x78, 0xa8, 0xff, 0x10, 0x7c, 0xa8, 0xff,
    0x10, 0x7c, 0xa8, 0xff, 0x08, 0x7c, 0xa0, 0xff, 0x08, 0x7c, 0xa0, 0xff,
    0x08, 0x7c, 0xa0, 0xff, 0x08, 0x80, 0xa0, 0xff, 0x10, 0x80, 0xa8, 0xff,
    0x10, 0x80, 0xa8, 0xff, 0x10, 0x80, 0xa8, 0xff, 0x18, 0x7c, 0xa0, 0xff,
    0x00, 0x38, 0x48, 0xff, 0x00, 0x30, 0x40, 0xff, 0x30, 0x74, 0x90, 0xff,
    0x18, 0x60, 0x80, 0xff, 0x20, 0x5c, 0x80, 0xff, 0x10, 0x4c, 0x68, 0xff,
    0x20, 0x64, 0x80, 0xff, 0x00, 0x2c, 0x40, 0xff, 0x00, 0x2c, 0x48, 0xff,
    0x28, 0x74, 0x98, 0xff, 0x18, 0x7c, 0xa0, 0xff, 0x10, 0x80, 0xa0, 0xff,
    0x18, 0x80, 0xa8, 0xff, 0x08, 0x7c, 0xa0, 0xff, 0x10, 0x7c, 0xa8, 0xff,
    0x10, 0x80, 0xa8, 0xff, 0x08, 0x7c, 0xa8, 0xff, 0x08, 0x7c, 0xa8, 0xff,
    0x10, 0x80, 0xa8, 0xff, 0x10, 0x7c, 0xa8, 0xff, 0x08, 0x7c, 0xa0, 0xff,
    0x20, 0x80, 0xa0, 0xff, 0x38, 0x70, 0x88, 0xff, 0x00, 0x14, 0x18, 0xba,
    0x58, 0x58, 0x58, 0x20, 0x00, 0x00, 0x00, 0x00, 0x00, 0x00, 0x00, 0x00,
    0x00, 0x00, 0x00, 0x00, 0x00, 0x00, 0x00, 0x00, 0x00, 0x00, 0x00, 0x00,
    0x00, 0x00, 0x00, 0x00, 0x00, 0x00, 0x00, 0x00, 0x00, 0x00, 0x00, 0x00,
    0x00, 0x00, 0x00, 0x00, 0x00, 0x00, 0x00, 0x00, 0x00, 0x00, 0x00, 0x00,
    0x00, 0x00, 0x00, 0x00, 0x00, 0x00, 0x00, 0x00, 0x00, 0x00, 0x00, 0x00,
    0x00, 0x00, 0x00, 0x00, 0x00, 0x00, 0x00, 0x00, 0x00, 0x00, 0x00, 0x00,
    0x00, 0x00, 0x00, 0x00, 0x00, 0x00, 0x00, 0x00, 0x00, 0x00, 0x00, 0x00,
    0x00, 0x00, 0x00, 0x00, 0x00, 0x00, 0x00, 0x00, 0x00, 0x00, 0x00, 0x00,
    0x00, 0x00, 0x00, 0x00, 0x00, 0x00, 0x00, 0x00, 0x00, 0x00, 0x00, 0x00,
    0x00, 0x00, 0x00, 0x00, 0x00, 0x00, 0x00, 0x00, 0x00, 0x00, 0x00, 0x00,
    0x10, 0x14, 0x18, 0xa6, 0x00, 0x34, 0x40, 0xff, 0x28, 0x90, 0xa8, 0xff,
    0x10, 0x78, 0xa0, 0xff, 0x10, 0x7c, 0xa8, 0xff, 0x10, 0x7c, 0xa0, 0xff,
    0x10, 0x7c, 0xa8, 0xff, 0x10, 0x80, 0xa0, 0xff, 0x08, 0x80, 0xa8, 0xff,
    0x08, 0x80, 0xa8, 0xff, 0x08, 0x80, 0xa0, 0xff, 0x10, 0x7c, 0xa8, 0xff,
    0x08, 0x7c, 0xa0, 0xff, 0x10, 0x84, 0xb0, 0xff, 0x18, 0x78, 0x98, 0xff,
    0x00, 0x34, 0x48, 0xff, 0x08, 0x3c, 0x50, 0xff, 0x40, 0x80, 0x98, 0xff,
    0x18, 0x60, 0x80, 0xff, 0x10, 0x48, 0x70, 0xff, 0x18, 0x4c, 0x70, 0xff,
    0x28, 0x6c, 0x80, 0xff, 0x00, 0x34, 0x48, 0xff, 0x00, 0x34, 0x50, 0xff,
    0x28, 0x78, 0x98, 0xff, 0x18, 0x7c, 0xa0, 0xff, 0x08, 0x7c, 0xa0, 0xff,
    0x10, 0x80, 0xa8, 0xff, 0x10, 0x7c, 0xa8, 0xff, 0x10, 0x7c, 0xa8, 0xff,
    0x10, 0x80, 0xa8, 0xff, 0x10, 0x7c, 0xa8, 0xff, 0x08, 0x7c, 0xa0, 0xff,
    0x10, 0x80, 0xa8, 0xff, 0x10, 0x80, 0xa8, 0xff, 0x10, 0x7c, 0xa8, 0xff,
    0x18, 0x7c, 0xa0, 0xff, 0x38, 0x80, 0x98, 0xff, 0x00, 0x1c, 0x28, 0xe3,
    0x40, 0x44, 0x48, 0x49, 0x00, 0x00, 0x00, 0x00, 0x00, 0x00, 0x00, 0x00,
    0x00, 0x00, 0x00, 0x00, 0x00, 0x00, 0x00, 0x00, 0x00, 0x00, 0x00, 0x00,
    0x00, 0x00, 0x00, 0x00, 0x00, 0x00, 0x00, 0x00, 0x00, 0x00, 0x00, 0x00,
    0x00, 0x00, 0x00, 0x00, 0x00, 0x00, 0x00, 0x00, 0x00, 0x00, 0x00, 0x00,
    0x00, 0x00, 0x00, 0x00, 0x00, 0x00, 0x00, 0x00, 0x00, 0x00, 0x00, 0x00,
    0x00, 0x00, 0x00, 0x00, 0x00, 0x00, 0x00, 0x00, 0x00, 0x00, 0x00, 0x00,
    0x00, 0x00, 0x00, 0x00, 0x00, 0x00, 0x00, 0x00, 0x00, 0x00, 0x00, 0x00,
    0x00, 0x00, 0x00, 0x00, 0x00, 0x00, 0x00, 0x00, 0x00, 0x00, 0x00, 0x00,
    0x00, 0x00, 0x00, 0x00, 0x00, 0x00, 0x00, 0x00, 0x00, 0x00, 0x00, 0x00,
    0x00, 0x00, 0x00, 0x00, 0x00, 0x00, 0x00, 0x00, 0x70, 0x54, 0x50, 0x24,
    0x00, 0x08, 0x10, 0xd3, 0x10, 0x5c, 0x70, 0xff, 0x20, 0x8c, 0xa8, 0xff,
    0x08, 0x78, 0xa0, 0xff, 0x08, 0x7c, 0xa8, 0xff, 0x10, 0x7c, 0xa8, 0xff,
    0x10, 0x7c, 0xa0, 0xff, 0x08, 0x7c, 0xa8, 0xff, 0x08, 0x7c, 0xa0, 0xff,
    0x08, 0x7c, 0xa0, 0xff, 0x08, 0x7c, 0xa0, 0xff, 0x10, 0x7c, 0xa8, 0xff,
    0x10, 0x7c, 0xa0, 0xff, 0x10, 0x7c, 0xa8, 0xff, 0x28, 0x80, 0xa0, 0xff,
    0x00, 0x34, 0x48, 0xff, 0x00, 0x34, 0x48, 0xff, 0x38, 0x7c, 0x98, 0xff,
    0x00, 0x28, 0x48, 0xff, 0x00, 0x2c, 0x48, 0xff, 0x00, 0x28, 0x48, 0xff,
    0x20, 0x64, 0x80, 0xff, 0x00, 0x28, 0x40, 0xff, 0x00, 0x2c, 0x48, 0xff,
    0x28, 0x78, 0x98, 0xff, 0x18, 0x80, 0xa0, 0xff, 0x08, 0x7c, 0xa0, 0xff,
    0x10, 0x80, 0xa8, 0xff, 0x10, 0x80, 0xa8, 0xff, 0x08, 0x78, 0xa0, 0xff,
    0x08, 0x7c, 0xa8, 0xff, 0x10, 0x7c, 0xa0, 0xff, 0x08, 0x78, 0xa0, 0xff,
    0x08, 0x7c, 0xa8, 0xff, 0x10, 0x80, 0xa8, 0xff, 0x10, 0x7c, 0xa8, 0xff,
    0x18, 0x78, 0xa0, 0xff, 0x28, 0x84, 0xa0, 0xff, 0x00, 0x34, 0x48, 0xff,
    0x20, 0x20, 0x28, 0x92, 0x70, 0x5c, 0x58, 0x0c, 0x00, 0x00, 0x00, 0x00,
    0x00, 0x00, 0x00, 0x00, 0x00, 0x00, 0x00, 0x00, 0x00, 0x00, 0x00, 0x00,
    0x00, 0x00, 0x00, 0x00, 0x00, 0x00, 0x00, 0x00, 0x00, 0x00, 0x00, 0x00,
    0x00, 0x00, 0x00, 0x00, 0x00, 0x00, 0x00, 0x00, 0x00, 0x00, 0x00, 0x00,
    0x00, 0x00, 0x00, 0x00, 0x00, 0x00, 0x00, 0x00, 0x00, 0x00, 0x00, 0x00,
    0x00, 0x00, 0x00, 0x00, 0x00, 0x00, 0x00, 0x00, 0x00, 0x00, 0x00, 0x00,
    0x00, 0x00, 0x00, 0x00, 0x00, 0x00, 0x00, 0x00, 0x00, 0x00, 0x00, 0x00,
    0x00, 0x00, 0x00, 0x00, 0x00, 0x00, 0x00, 0x00, 0x00, 0x00, 0x00, 0x00,
    0x00, 0x00, 0x00, 0x00, 0x00, 0x00, 0x00, 0x00, 0x00, 0x00, 0x00, 0x00,
    0x00, 0x00, 0x00, 0x00, 0x00, 0x00, 0x00, 0x00, 0x58, 0x44, 0x48, 0x4d,
    0x00, 0x10, 0x20, 0xe3, 0x30, 0x80, 0x98, 0xff, 0x10, 0x84, 0xa0, 0xff,
    0x08, 0x7c, 0xa0, 0xff, 0x08, 0x7c, 0xa8, 0xff, 0x10, 0x7c, 0xa8, 0xff,
    0x10, 0x7c, 0xa8, 0xff, 0x10, 0x80, 0xa8, 0xff, 0x10, 0x7c, 0xa8, 0xff,
    0x10, 0x7c, 0xa8, 0xff, 0x10, 0x7c, 0xa8, 0xff, 0x18, 0x7c, 0xa8, 0xff,
    0x18, 0x7c, 0xa8, 0xff, 0x10, 0x78, 0xa0, 0xff, 0x28, 0x84, 0xa8, 0xff,
    0x00, 0x38, 0x48, 0xff, 0x00, 0x30, 0x40, 0xff, 0x38, 0x80, 0x98, 0xff,
    0x00, 0x4c, 0x68, 0xff, 0x18, 0x54, 0x70, 0xff, 0x18, 0x54, 0x70, 0xff,
    0x30, 0x78, 0x90, 0xff, 0x00, 0x30, 0x48, 0xff, 0x00, 0x2c, 0x48, 0xff,
    0x28, 0x78, 0x98, 0xff, 0x18, 0x80, 0xa0, 0xff, 0x10, 0x7c, 0xa0, 0xff,
    0x10, 0x7c, 0xa0, 0xff, 0x10, 0x78, 0xa0, 0xff, 0x10, 0x7c, 0xa8, 0xff,
    0x10, 0x80, 0xa8, 0xff, 0x10, 0x80, 0xa8, 0xff, 0x10, 0x80, 0xa8, 0xff,
    0x10, 0x7c, 0xa8, 0xff, 0x08, 0x7c, 0xa0, 0xff, 0x10, 0x7c, 0xa0, 0xff,
    0x10, 0x7c, 0xa0, 0xff, 0x20, 0x88, 0xa8, 0xff, 0x08, 0x54, 0x68, 0xff,
    0x00, 0x0c, 0x18, 0xcf, 0x60, 0x50, 0x50, 0x28, 0x00, 0x00, 0x00, 0x00,
    0x00, 0x00, 0x00, 0x00, 0x00, 0x00, 0x00, 0x00, 0x00, 0x00, 0x00, 0x00,
    0x00, 0x00, 0x00, 0x00, 0x00, 0x00, 0x00, 0x00, 0x00, 0x00, 0x00, 0x00,
    0x00, 0x00, 0x00, 0x00, 0x00, 0x00, 0x00, 0x00, 0x00, 0x00, 0x00, 0x00,
    0x00, 0x00, 0x00, 0x00, 0x00, 0x00, 0x00, 0x00, 0x00, 0x00, 0x00, 0x00,
    0x00, 0x00, 0x00, 0x00, 0x00, 0x00, 0x00, 0x00, 0x00, 0x00, 0x00, 0x00,
    0x00, 0x00, 0x00, 0x00, 0x00, 0x00, 0x00, 0x00, 0x00, 0x00, 0x00, 0x00,
    0x00, 0x00, 0x00, 0x00, 0x00, 0x00, 0x00, 0x00, 0x00, 0x00, 0x00, 0x00,
    0x00, 0x00, 0x00, 0x00, 0x00, 0x00, 0x00, 0x00, 0x00, 0x00, 0x00, 0x00,
    0x00, 0x00, 0x00, 0x00, 0x68, 0x64, 0x68, 0x04, 0x30, 0x28, 0x30, 0x79,
    0x10, 0x30, 0x40, 0xf3, 0x30, 0x90, 0xa8, 0xff, 0x00, 0x7c, 0xa0, 0xff,
    0x08, 0x80, 0xa8, 0xff, 0x08, 0x7c, 0xa8, 0xff, 0x10, 0x78, 0xa0, 0xff,
    0x18, 0x78, 0xa0, 0xff, 0x10, 0x7c, 0xa8, 0xff, 0x10, 0x80, 0xa8, 0xff,
    0x10, 0x80, 0xa8, 0xff, 0x08, 0x7c, 0xa8, 0xff, 0x10, 0x7c, 0xa0, 0xff,
    0x08, 0x7c, 0xa0, 0xff, 0x10, 0x84, 0xb0, 0xff, 0x18, 0x7c, 0xa0, 0xff,
    0x00, 0x38, 0x48, 0xff, 0x00, 0x30, 0x40, 0xff, 0x40, 0x8c, 0xa0, 0xff,
    0x48, 0x90, 0xb0, 0xff, 0x68, 0xa4, 0xc0, 0xff, 0x68, 0xa8, 0xc0, 0xff,
    0x30, 0x78, 0x90, 0xff, 0x00, 0x34, 0x48, 0xff, 0x00, 0x2c, 0x48, 0xff,
    0x28, 0x78, 0x98, 0xff, 0x18, 0x80, 0xa0, 0xff, 0x08, 0x80, 0xa0, 0xff,
    0x10, 0x80, 0xa8, 0xff, 0x10, 0x7c, 0xa8, 0xff, 0x08, 0x7c, 0xa0, 0xff,
    0x08, 0x78, 0xa0, 0xff, 0x10, 0x78, 0xa0, 0xff, 0x10, 0x7c, 0xa8, 0xff,
    0x08, 0x7c, 0xa8, 0xff, 0x08, 0x7c, 0xa0, 0xff, 0x10, 0x7c, 0xa8, 0xff,
    0x18, 0x7c, 0xa8, 0xff, 0x18, 0x84, 0xa8, 0xff, 0x20, 0x74, 0x90, 0xff,
    0x00, 0x20, 0x30, 0xf7, 0x30, 0x34, 0x38, 0x5d, 0x00, 0x00, 0x00, 0x00,
    0x00, 0x00, 0x00, 0x00, 0x00, 0x00, 0x00, 0x00, 0x00, 0x00, 0x00, 0x00,
    0x00, 0x00, 0x00, 0x00, 0x00, 0x00, 0x00, 0x00, 0x00, 0x00, 0x00, 0x00,
    0x00, 0x00, 0x00, 0x00, 0x00, 0x00, 0x00, 0x00, 0x00, 0x00, 0x00, 0x00,
    0x00, 0x00, 0x00, 0x00, 0x00, 0x00, 0x00, 0x00, 0x00, 0x00, 0x00, 0x00,
    0x00, 0x00, 0x00, 0x00, 0x00, 0x00, 0x00, 0x00, 0x00, 0x00, 0x00, 0x00,
    0x00, 0x00, 0x00, 0x00, 0x00, 0x00, 0x00, 0x00, 0x00, 0x00, 0x00, 0x00,
    0x00, 0x00, 0x00, 0x00, 0x00, 0x00, 0x00, 0x00, 0x00, 0x00, 0x00, 0x00,
    0x00, 0x00, 0x00, 0x00, 0x00, 0x00, 0x00, 0x00, 0x00, 0x00, 0x00, 0x00,
    0x00, 0x00, 0x00, 0x00, 0x60, 0x58, 0x58, 0x18, 0x08, 0x18, 0x20, 0xae,
    0x20, 0x54, 0x68, 0xfb, 0x20, 0x88, 0xa8, 0xff, 0x00, 0x7c, 0xa0, 0xff,
    0x08, 0x7c, 0xa8, 0xff, 0x10, 0x7c, 0xa8, 0xff, 0x18, 0x7c, 0xa8, 0xff,
    0x18, 0x7c, 0xa8, 0xff, 0x10, 0x7c, 0xa0, 0xff, 0x08, 0x7c, 0xa0, 0xff,
    0x08, 0x7c, 0xa0, 0xff, 0x10, 0x7c, 0xa8, 0xff, 0x10, 0x7c, 0xa8, 0xff,
    0x10, 0x80, 0xa8, 0xff, 0x08, 0x80, 0xa8, 0xff, 0x18, 0x7c, 0xa0, 0xff,
    0x00, 0x38, 0x50, 0xff, 0x00, 0x30, 0x40, 0xff, 0x38, 0x80, 0x98, 0xff,
    0x18, 0x60, 0x80, 0xff, 0x48, 0x88, 0xa8, 0xff, 0x28, 0x68, 0x88, 0xff,
    0x18, 0x68, 0x80, 0xff, 0x00, 0x2c, 0x48, 0xff, 0x00, 0x2c, 0x48, 0xff,
    0x28, 0x78, 0x98, 0xff, 0x18, 0x80, 0xa0, 0xff, 0x08, 0x7c, 0xa0, 0xff,
    0x10, 0x7c, 0xa0, 0xff, 0x10, 0x7c, 0xa8, 0xff, 0x10, 0x80, 0xa8, 0xff,
    0x10, 0x78, 0xa8, 0xff, 0x10, 0x7c, 0xa8, 0xff, 0x10, 0x80, 0xa8, 0xff,
    0x10, 0x7c, 0xa0, 0xff, 0x08, 0x7c, 0xa0, 0xff, 0x10, 0x7c, 0xa8, 0xff,
    0x10, 0x7c, 0xa8, 0xff, 0x08, 0x78, 0xa0, 0xff, 0x30, 0x8c, 0xb0, 0xff,
    0x08, 0x3c, 0x50, 0xff, 0x08, 0x20, 0x28, 0xb2, 0x80, 0x40, 0x40, 0x04,
    0x00, 0x00, 0x00, 0x00, 0x00, 0x00, 0x00, 0x00, 0x00, 0x00, 0x00, 0x00,
    0x00, 0x00, 0x00, 0x00, 0x00, 0x00, 0x00, 0x00, 0x00, 0x00, 0x00, 0x00,
    0x00, 0x00, 0x00, 0x00, 0x00, 0x00, 0x00, 0x00, 0x00, 0x00, 0x00, 0x00,
    0x00, 0x00, 0x00, 0x00, 0x00, 0x00, 0x00, 0x00, 0x00, 0x00, 0x00, 0x00,
    0x00, 0x00, 0x00, 0x00, 0x00, 0x00, 0x00, 0x00, 0x00, 0x00, 0x00, 0x00,
    0x00, 0x00, 0x00, 0x00, 0x00, 0x00, 0x00, 0x00, 0x00, 0x00, 0x00, 0x00,
    0x00, 0x00, 0x00, 0x00, 0x00, 0x00, 0x00, 0x00, 0x00, 0x00, 0x00, 0x00,
    0x00, 0x00, 0x00, 0x00, 0x00, 0x00, 0x00, 0x00, 0x00, 0x00, 0x00, 0x00,
    0x80, 0x80, 0x80, 0x00, 0x40, 0x44, 0x40, 0x59, 0x00, 0x1c, 0x28, 0xeb,
    0x38, 0x80, 0x98, 0xff, 0x18, 0x80, 0xa0, 0xff, 0x00, 0x7c, 0xa0, 0xff,
    0x08, 0x74, 0xa0, 0xff, 0x10, 0x80, 0xa8, 0xff, 0x08, 0x7c, 0xa8, 0xff,
    0x08, 0x80, 0xa0, 0xff, 0x08, 0x80, 0xa8, 0xff, 0x08, 0x7c, 0xa8, 0xff,
    0x08, 0x80, 0xa0, 0xff, 0x08, 0x7c, 0xa8, 0xff, 0x10, 0x7c, 0xa8, 0xff,
    0x10, 0x7c, 0xa8, 0xff, 0x10, 0x7c, 0xa8, 0xff, 0x28, 0x80, 0xa8, 0xff,
    0x00, 0x38, 0x48, 0xff, 0x00, 0x30, 0x40, 0xff, 0x40, 0x88, 0xa0, 0xff,
    0x18, 0x64, 0x80, 0xff, 0x00, 0x40, 0x60, 0xff, 0x10, 0x4c, 0x68, 0xff,
    0x20, 0x6c, 0x88, 0xff, 0x00, 0x34, 0x50, 0xff, 0x00, 0x28, 0x48, 0xff,
    0x28, 0x78, 0x98, 0xff, 0x18, 0x80, 0xa0, 0xff, 0x08, 0x80, 0xa0, 0xff,
    0x08, 0x78, 0xa0, 0xff, 0x10, 0x80, 0xa8, 0xff, 0x10, 0x7c, 0xa8, 0xff,
    0x10, 0x7c, 0xa8, 0xff, 0x10, 0x7c, 0xa8, 0xff, 0x10, 0x7c, 0xa8, 0xff,
    0x10, 0x7c, 0xa8, 0xff, 0x10, 0x7c, 0xa8, 0xff, 0x10, 0x7c, 0xa0, 0xff,
    0x10, 0x7c, 0xa8, 0xff, 0x10, 0x7c, 0xa0, 0xff, 0x20, 0x80, 0xa8, 0xff,
    0x28, 0x78, 0x90, 0xff, 0x00, 0x14, 0x20, 0xff, 0x48, 0x48, 0x48, 0x3c,
    0x00, 0x00, 0x00, 0x00, 0x00, 0x00, 0x00, 0x00, 0x00, 0x00, 0x00, 0x00,
    0x00, 0x00, 0x00, 0x00, 0x00, 0x00, 0x00, 0x00, 0x00, 0x00, 0x00, 0x00,
    0x00, 0x00, 0x00, 0x00, 0x00, 0x00, 0x00, 0x00, 0x00, 0x00, 0x00, 0x00,
    0x00, 0x00, 0x00, 0x00, 0x00, 0x00, 0x00, 0x00, 0x00, 0x00, 0x00, 0x00,
    0x00, 0x00, 0x00, 0x00, 0x00, 0x00, 0x00, 0x00, 0x00, 0x00, 0x00, 0x00,
    0x00, 0x00, 0x00, 0x00, 0x00, 0x00, 0x00, 0x00, 0x00, 0x00, 0x00, 0x00,
    0x00, 0x00, 0x00, 0x00, 0x00, 0x00, 0x00, 0x00, 0x00, 0x00, 0x00, 0x00,
    0x00, 0x00, 0x00, 0x00, 0x00, 0x00, 0x00, 0x00, 0x00, 0x00, 0x00, 0x00,
    0x68, 0x5c, 0x50, 0x1c, 0x00, 0x10, 0x10, 0xb6, 0x08, 0x40, 0x50, 0xff,
    0x30, 0x88, 0xa8, 0xff, 0x08, 0x78, 0x98, 0xff, 0x10, 0x84, 0xa8, 0xff,
    0x10, 0x80, 0xa8, 0xff, 0x08, 0x78, 0xa0, 0xff, 0x10, 0x7c, 0xa8, 0xff,
    0x08, 0x7c, 0xa0, 0xff, 0x08, 0x80, 0xa8, 0xff, 0x08, 0x7c, 0xa8, 0xff,
    0x08, 0x7c, 0xa0, 0xff, 0x10, 0x7c, 0xa8, 0xff, 0x10, 0x7c, 0xa8, 0xff,
    0x18, 0x7c, 0xa0, 0xff, 0x18, 0x7c, 0xa8, 0xff, 0x18, 0x74, 0x98, 0xff,
    0x00, 0x38, 0x48, 0xff, 0x00, 0x38, 0x48, 0xff, 0x30, 0x7c, 0x98, 0xff,
    0x00, 0x44, 0x60, 0xff, 0x00, 0x40, 0x58, 0xff, 0x00, 0x44, 0x60, 0xff,
    0x18, 0x60, 0x78, 0xff, 0x00, 0x34, 0x48, 0xff, 0x00, 0x30, 0x50, 0xff,
    0x28, 0x78, 0x98, 0xff, 0x18, 0x80, 0xa0, 0xff, 0x10, 0x80, 0xa8, 0xff,
    0x10, 0x7c, 0xa0, 0xff, 0x10, 0x78, 0xa0, 0xff, 0x10, 0x7c, 0xa8, 0xff,
    0x10, 0x7c, 0xa8, 0xff, 0x10, 0x7c, 0xa0, 0xff, 0x10, 0x7c, 0xa0, 0xff,
    0x10, 0x7c, 0xa8, 0xff, 0x10, 0x7c, 0xa8, 0xff, 0x10, 0x7c, 0xa0, 0xff,
    0x10, 0x7c, 0xa8, 0xff, 0x10, 0x80, 0xa8, 0xff, 0x10, 0x74, 0x98, 0xff,
    0x30, 0x90, 0xb0, 0xff, 0x00, 0x3c, 0x50, 0xff, 0x18, 0x20, 0x28, 0xaa,
    0x68, 0x64, 0x68, 0x0c, 0x00, 0x00, 0x00, 0x00, 0x00, 0x00, 0x00, 0x00,
    0x00, 0x00, 0x00, 0x00, 0x00, 0x00, 0x00, 0x00, 0x00, 0x00, 0x00, 0x00,
    0x00, 0x00, 0x00, 0x00, 0x00, 0x00, 0x00, 0x00, 0x00, 0x00, 0x00, 0x00,
    0x00, 0x00, 0x00, 0x00, 0x00, 0x00, 0x00, 0x00, 0x00, 0x00, 0x00, 0x00,
    0x00, 0x00, 0x00, 0x00, 0x00, 0x00, 0x00, 0x00, 0x00, 0x00, 0x00, 0x00,
    0x00, 0x00, 0x00, 0x00, 0x00, 0x00, 0x00, 0x00, 0x00, 0x00, 0x00, 0x00,
    0x00, 0x00, 0x00, 0x00, 0x00, 0x00, 0x00, 0x00, 0x00, 0x00, 0x00, 0x00,
    0x00, 0x00, 0x00, 0x00, 0x00, 0x00, 0x00, 0x00, 0x00, 0x00, 0x00, 0x00,
    0x30, 0x30, 0x30, 0x65, 0x00, 0x1c, 0x20, 0xfb, 0x30, 0x7c, 0x90, 0xff,
    0x18, 0x84, 0xa0, 0xff, 0x10, 0x7c, 0xa0, 0xff, 0x10, 0x7c, 0xa8, 0xff,
    0x10, 0x7c, 0xa8, 0xff, 0x10, 0x7c, 0xa8, 0xff, 0x10, 0x7c, 0xa8, 0xff,
    0x10, 0x7c, 0xa0, 0xff, 0x10, 0x7c, 0xa0, 0xff, 0x10, 0x7c, 0xa8, 0xff,
    0x18, 0x7c, 0xa8, 0xff, 0x18, 0x7c, 0xa8, 0xff, 0x18, 0x78, 0xa8, 0xff,
    0x20, 0x78, 0xa8, 0xff, 0x18, 0x7c, 0xa8, 0xff, 0x28, 0x84, 0xa8, 0xff,
    0x00, 0x30, 0x48, 0xff, 0x00, 0x38, 0x48, 0xff, 0x30, 0x88, 0xa0, 0xff,
    0x00, 0x3c, 0x50, 0xff, 0x00, 0x40, 0x58, 0xff, 0x00, 0x38, 0x50, 0xff,
    0x20, 0x78, 0x88, 0xff, 0x00, 0x34, 0x48, 0xff, 0x00, 0x28, 0x48, 0xff,
    0x28, 0x7c, 0x98, 0xff, 0x18, 0x80, 0xa0, 0xff, 0x10, 0x80, 0xa8, 0xff,
    0x10, 0x7c, 0xa0, 0xff, 0x10, 0x7c, 0xa0, 0xff, 0x10, 0x7c, 0xa8, 0xff,
    0x08, 0x7c, 0xa8, 0xff, 0x10, 0x7c, 0xa0, 0xff, 0x10, 0x7c, 0xa8, 0xff,
    0x08, 0x80, 0xa0, 0xff, 0x10, 0x7c, 0xa0, 0xff, 0x10, 0x7c, 0xa8, 0xff,
    0x10, 0x7c, 0xa8, 0xff, 0x18, 0x80, 0xa8, 0xff, 0x10, 0x7c, 0xa0, 0xff,
    0x18, 0x7c, 0xa0, 0xff, 0x20, 0x70, 0x88, 0xff, 0x00, 0x10, 0x20, 0xeb,
    0x40, 0x3c, 0x40, 0x59, 0x00, 0x00, 0x00, 0x00, 0x00, 0x00, 0x00, 0x00,
    0x00, 0x00, 0x00, 0x00, 0x00, 0x00, 0x00, 0x00, 0x00, 0x00, 0x00, 0x00,
    0x00, 0x00, 0x00, 0x00, 0x00, 0x00, 0x00, 0x00, 0x00, 0x00, 0x00, 0x00,
    0x00, 0x00, 0x00, 0x00, 0x00, 0x00, 0x00, 0x00, 0x00, 0x00, 0x00, 0x00,
    0x00, 0x00, 0x00, 0x00, 0x00, 0x00, 0x00, 0x00, 0x00, 0x00, 0x00, 0x00,
    0x00, 0x00, 0x00, 0x00, 0x00, 0x00, 0x00, 0x00, 0x00, 0x00, 0x00, 0x00,
    0x00, 0x00, 0x00, 0x00, 0x00, 0x00, 0x00, 0x00, 0x00, 0x00, 0x00, 0x00,
    0x00, 0x00, 0x00, 0x00, 0x00, 0x00, 0x00, 0x00, 0x58, 0x54, 0x58, 0x04,
    0x00, 0x08, 0x10, 0xd7, 0x28, 0x54, 0x60, 0xff, 0x38, 0x8c, 0xa0, 0xff,
    0x18, 0x80, 0x98, 0xff, 0x18, 0x80, 0xa8, 0xff, 0x08, 0x74, 0xa0, 0xff,
    0x18, 0x7c, 0xa8, 0xff, 0x10, 0x7c, 0xa8, 0xff, 0x10, 0x7c, 0xa8, 0xff,
    0x10, 0x7c, 0xa0, 0xff, 0x10, 0x7c, 0xa8, 0xff, 0x10, 0x7c, 0xa0, 0xff,
    0x10, 0x7c, 0xa8, 0xff, 0x18, 0x78, 0xa8, 0xff, 0x18, 0x78, 0xa8, 0xff,
    0x18, 0x78, 0xa8, 0xff, 0x18, 0x78, 0xa8, 0xff, 0x20, 0x78, 0xa0, 0xff,
    0x00, 0x3c, 0x50, 0xff, 0x00, 0x30, 0x40, 0xff, 0x40, 0x98, 0xa8, 0xff,
    0x28, 0x8c, 0xa8, 0xff, 0x38, 0x94, 0xa8, 0xff, 0x48, 0x9c, 0xb0, 0xff,
    0x30, 0x84, 0x98, 0xff, 0x00, 0x30, 0x48, 0xff, 0x00, 0x24, 0x40, 0xff,
    0x28, 0x78, 0x98, 0xff, 0x18, 0x80, 0xa0, 0xff, 0x08, 0x7c, 0xa0, 0xff,
    0x08, 0x7c, 0xa0, 0xff, 0x10, 0x7c, 0xa8, 0xff, 0x10, 0x7c, 0xa8, 0xff,
    0x10, 0x7c, 0xa8, 0xff, 0x10, 0x7c, 0xa8, 0xff, 0x10, 0x7c, 0xa8, 0xff,
    0x10, 0x7c, 0xa8, 0xff, 0x08, 0x7c, 0xa0, 0xff, 0x10, 0x7c, 0xa8, 0xff,
    0x10, 0x7c, 0xa0, 0xff, 0x08, 0x78, 0x98, 0xff, 0x18, 0x80, 0xa8, 0xff,
    0x10, 0x80, 0xa8, 0xff, 0x40, 0x90, 0xb0, 0xff, 0x18, 0x40, 0x50, 0xff,
    0x18, 0x1c, 0x20, 0xae, 0x68, 0x5c, 0x50, 0x18, 0x00, 0x00, 0x00, 0x00,
    0x00, 0x00, 0x00, 0x00, 0x00, 0x00, 0x00, 0x00, 0x00, 0x00, 0x00, 0x00,
    0x00, 0x00, 0x00, 0x00, 0x00, 0x00, 0x00, 0x00, 0x00, 0x00, 0x00, 0x00,
    0x00, 0x00, 0x00, 0x00, 0x00, 0x00, 0x00, 0x00, 0x00, 0x00, 0x00, 0x00,
    0x00, 0x00, 0x00, 0x00, 0x00, 0x00, 0x00, 0x00, 0x00, 0x00, 0x00, 0x00,
    0x00, 0x00, 0x00, 0x00, 0x00, 0x00, 0x00, 0x00, 0x00, 0x00, 0x00, 0x00,
    0x00, 0x00, 0x00, 0x00, 0x00, 0x00, 0x00, 0x00, 0x00, 0x00, 0x00, 0x00,
    0x00, 0x00, 0x00, 0x00, 0x00, 0x00, 0x00, 0x00, 0x30, 0x38, 0x38, 0x61,
    0x00, 0x10, 0x20, 0xfb, 0x00, 0x20, 0x38, 0xff, 0x28, 0x80, 0x98, 0xff,
    0x20, 0x84, 0xa0, 0xff, 0x10, 0x74, 0x98, 0xff, 0x18, 0x80, 0xa8, 0xff,
    0x10, 0x78, 0xa0, 0xff, 0x10, 0x7c, 0xa8, 0xff, 0x10, 0x7c, 0xa0, 0xff,
    0x10, 0x80, 0xa0, 0xff, 0x08, 0x80, 0xa8, 0xff, 0x08, 0x7c, 0xa8, 0xff,
    0x08, 0x7c, 0xa0, 0xff, 0x08, 0x7c, 0xa8, 0xff, 0x10, 0x7c, 0xa8, 0xff,
    0x10, 0x7c, 0xa8, 0xff, 0x10, 0x7c, 0xa8, 0xff, 0x20, 0x80, 0xa0, 0xff,
    0x00, 0x38, 0x48, 0xff, 0x00, 0x30, 0x40, 0xff, 0x38, 0x78, 0x90, 0xff,
    0x30, 0x74, 0x90, 0xff, 0x50, 0x90, 0xb0, 0xff, 0x40, 0x80, 0x98, 0xff,
    0x20, 0x68, 0x80, 0xff, 0x00, 0x30, 0x48, 0xff, 0x00, 0x30, 0x50, 0xff,
    0x30, 0x7c, 0x98, 0xff, 0x10, 0x78, 0x98, 0xff, 0x08, 0x7c, 0xa0, 0xff,
    0x10, 0x80, 0xa8, 0xff, 0x10, 0x7c, 0xa0, 0xff, 0x10, 0x7c, 0xa8, 0xff,
    0x10, 0x7c, 0xa8, 0xff, 0x10, 0x7c, 0xa0, 0xff, 0x08, 0x7c, 0xa0, 0xff,
    0x10, 0x80, 0xa8, 0xff, 0x10, 0x7c, 0xa8, 0xff, 0x10, 0x7c, 0xa8, 0xff,
    0x10, 0x7c, 0xa0, 0xff, 0x18, 0x88, 0xa8, 0xff, 0x08, 0x78, 0x98, 0xff,
    0x10, 0x7c, 0xa0, 0xff, 0x28, 0x7c, 0xa0, 0xff, 0x48, 0x78, 0x90, 0xff,
    0x00, 0x08, 0x10, 0xeb, 0x40, 0x3c, 0x38, 0x5d, 0x00, 0x00, 0x00, 0x00,
    0x00, 0x00, 0x00, 0x00, 0x00, 0x00, 0x00, 0x00, 0x00, 0x00, 0x00, 0x00,
    0x00, 0x00, 0x00, 0x00, 0x00, 0x00, 0x00, 0x00, 0x00, 0x00, 0x00, 0x00,
    0x00, 0x00, 0x00, 0x00, 0x00, 0x00, 0x00, 0x00, 0x00, 0x00, 0x00, 0x00,
    0x00, 0x00, 0x00, 0x00, 0x00, 0x00, 0x00, 0x00, 0x00, 0x00, 0x00, 0x00,
    0x00, 0x00, 0x00, 0x00, 0x00, 0x00, 0x00, 0x00, 0x00, 0x00, 0x00, 0x00,
    0x00, 0x00, 0x00, 0x00, 0x00, 0x00, 0x00, 0x00, 0x00, 0x00, 0x00, 0x00,
    0x00, 0x00, 0x00, 0x00, 0x58, 0x4c, 0x48, 0x1c, 0x00, 0x0c, 0x10, 0xcf,
    0x28, 0x5c, 0x68, 0xff, 0x30, 0x78, 0x88, 0xff, 0x00, 0x1c, 0x38, 0xff,
    0x10, 0x70, 0x90, 0xff, 0x38, 0x94, 0xb8, 0xff, 0x10, 0x70, 0x98, 0xff,
    0x18, 0x80, 0xa8, 0xff, 0x10, 0x7c, 0xa8, 0xff, 0x10, 0x7c, 0xa8, 0xff,
    0x08, 0x80, 0xa0, 0xff, 0x08, 0x80, 0xa8, 0xff, 0x08, 0x7c, 0xa8, 0xff,
    0x08, 0x80, 0xa8, 0xff, 0x08, 0x80, 0xa0, 0xff, 0x08, 0x7c, 0xa8, 0xff,
    0x08, 0x7c, 0xa8, 0xff, 0x10, 0x7c, 0xa8, 0xff, 0x20, 0x80, 0xa8, 0xff,
    0x00, 0x30, 0x48, 0xff, 0x08, 0x3c, 0x48, 0xff, 0x40, 0x7c, 0x98, 0xff,
    0x20, 0x58, 0x78, 0xff, 0x30, 0x60, 0x80, 0xff, 0x18, 0x4c, 0x68, 0xff,
    0x20, 0x64, 0x80, 0xff, 0x00, 0x30, 0x48, 0xff, 0x00, 0x2c, 0x48, 0xff,
    0x30, 0x7c, 0x98, 0xff, 0x18, 0x7c, 0xa0, 0xff, 0x10, 0x80, 0xa0, 0xff,
    0x10, 0x7c, 0xa0, 0xff, 0x10, 0x7c, 0xa8, 0xff, 0x08, 0x7c, 0xa8, 0xff,
    0x10, 0x7c, 0xa8, 0xff, 0x10, 0x7c, 0xa0, 0xff, 0x10, 0x7c, 0xa8, 0xff,
    0x08, 0x7c, 0xa8, 0xff, 0x08, 0x80, 0xa0, 0xff, 0x10, 0x7c, 0xa8, 0xff,
    0x10, 0x7c, 0xa0, 0xff, 0x08, 0x7c, 0xa0, 0xff, 0x18, 0x88, 0xa8, 0xff,
    0x18, 0x78, 0x98, 0xff, 0x28, 0x7c, 0xa0, 0xff, 0x00, 0x38, 0x58, 0xff,
    0x08, 0x24, 0x38, 0xff, 0x18, 0x1c, 0x20, 0xa2, 0x70, 0x68, 0x58, 0x14,
    0x00, 0x00, 0x00, 0x00, 0x00, 0x00, 0x00, 0x00, 0x00, 0x00, 0x00, 0x00,
    0x00, 0x00, 0x00, 0x00, 0x00, 0x00, 0x00, 0x00, 0x00, 0x00, 0x00, 0x00,
    0x00, 0x00, 0x00, 0x00, 0x00, 0x00, 0x00, 0x00, 0x00, 0x00, 0x00, 0x00,
    0x00, 0x00, 0x00, 0x00, 0x00, 0x00, 0x00, 0x00, 0x00, 0x00, 0x00, 0x00,
    0x00, 0x00, 0x00, 0x00, 0x00, 0x00, 0x00, 0x00, 0x00, 0x00, 0x00, 0x00,
    0x00, 0x00, 0x00, 0x00, 0x00, 0x00, 0x00, 0x00, 0x00, 0x00, 0x00, 0x00,
    0x68, 0x64, 0x68, 0x04, 0x20, 0x30, 0x30, 0x79, 0x18, 0x40, 0x48, 0xf3,
    0x08, 0x40, 0x50, 0xff, 0x30, 0x74, 0x90, 0xff, 0x18, 0x70, 0x88, 0xff,
    0x00, 0x1c, 0x40, 0xff, 0x20, 0x74, 0x98, 0xff, 0x28, 0x84, 0xa8, 0xff,
    0x08, 0x74, 0x98, 0xff, 0x08, 0x7c, 0xa0, 0xff, 0x10, 0x7c, 0xa8, 0xff,
    0x10, 0x7c, 0xa0, 0xff, 0x10, 0x7c, 0xa0, 0xff, 0x08, 0x7c, 0xa8, 0xff,
    0x08, 0x7c, 0xa8, 0xff, 0x08, 0x7c, 0xa8, 0xff, 0x10, 0x7c, 0xa8, 0xff,
    0x10, 0x7c, 0xa8, 0xff, 0x10, 0x84, 0xb0, 0xff, 0x18, 0x74, 0x98, 0xff,
    0x00, 0x38, 0x50, 0xff, 0x00, 0x34, 0x40, 0xff, 0x48, 0x84, 0xa0, 0xff,
    0x18, 0x5c, 0x78, 0xff, 0x10, 0x40, 0x60, 0xff, 0x18, 0x50, 0x68, 0xff,
    0x28, 0x70, 0x88, 0xff, 0x00, 0x30, 0x48, 0xff, 0x00, 0x28, 0x48, 0xff,
    0x28, 0x78, 0x98, 0xff, 0x18, 0x84, 0xa0, 0xff, 0x10, 0x80, 0xa8, 0xff,
    0x08, 0x7c, 0xa0, 0xff, 0x10, 0x7c, 0xa8, 0xff, 0x10, 0x7c, 0xa8, 0xff,
    0x10, 0x7c, 0xa8, 0xff, 0x10, 0x7c, 0xa0, 0xff, 0x10, 0x7c, 0xa8, 0xff,
    0x08, 0x7c, 0xa8, 0xff, 0x10, 0x7c, 0xa0, 0xff, 0x10, 0x80, 0xa8, 0xff,
    0x08, 0x80, 0xa0, 0xff, 0x00, 0x7c, 0xa0, 0xff, 0x10, 0x7c, 0xa0, 0xff,
    0x30, 0x88, 0xa8, 0xff, 0x00, 0x28, 0x48, 0xff, 0x10, 0x54, 0x70, 0xff,
    0x50, 0x80, 0x98, 0xff, 0x00, 0x08, 0x10, 0xeb, 0x50, 0x48, 0x48, 0x41,
    0x00, 0x00, 0x00, 0x00, 0x00, 0x00, 0x00, 0x00, 0x00, 0x00, 0x00, 0x00,
    0x00, 0x00, 0x00, 0x00, 0x00, 0x00, 0x00, 0x00, 0x00, 0x00, 0x00, 0x00,
    0x00, 0x00, 0x00, 0x00, 0x00, 0x00, 0x00, 0x00, 0x00, 0x00, 0x00, 0x00,
    0x00, 0x00, 0x00, 0x00, 0x00, 0x00, 0x00, 0x00, 0x00, 0x00, 0x00, 0x00,
    0x00, 0x00, 0x00, 0x00, 0x00, 0x00, 0x00, 0x00, 0x00, 0x00, 0x00, 0x00,
    0x00, 0x00, 0x00, 0x00, 0x00, 0x00, 0x00, 0x00, 0x00, 0x00, 0x00, 0x00,
    0x60, 0x50, 0x48, 0x2c, 0x08, 0x24, 0x28, 0xbe, 0x88, 0xc0, 0xc8, 0xfb,
    0x68, 0xb0, 0xc8, 0xff, 0x00, 0x20, 0x38, 0xff, 0x10, 0x64, 0x80, 0xff,
    0x20, 0x70, 0x88, 0xff, 0x00, 0x18, 0x38, 0xff, 0x18, 0x6c, 0x90, 0xff,
    0x20, 0x88, 0xa8, 0xff, 0x08, 0x78, 0xa0, 0xff, 0x10, 0x7c, 0xa0, 0xff,
    0x18, 0x7c, 0xa0, 0xff, 0x08, 0x7c, 0xa8, 0xff, 0x08, 0x7c, 0xa8, 0xff,
    0x08, 0x7c, 0xa8, 0xff, 0x10, 0x7c, 0xa8, 0xff, 0x08, 0x7c, 0xa0, 0xff,
    0x10, 0x7c, 0xa8, 0xff, 0x10, 0x80, 0xa0, 0xff, 0x28, 0x84, 0xa0, 0xff,
    0x00, 0x30, 0x40, 0xff, 0x08, 0x3c, 0x50, 0xff, 0x38, 0x74, 0x90, 0xff,
    0x00, 0x1c, 0x38, 0xff, 0x00, 0x30, 0x48, 0xff, 0x00, 0x20, 0x38, 0xff,
    0x20, 0x60, 0x78, 0xff, 0x00, 0x34, 0x50, 0xff, 0x00, 0x30, 0x50, 0xff,
    0x28, 0x74, 0x90, 0xff, 0x18, 0x7c, 0xa0, 0xff, 0x10, 0x80, 0xa8, 0xff,
    0x10, 0x7c, 0xa8, 0xff, 0x10, 0x7c, 0xa0, 0xff, 0x10, 0x7c, 0xa0, 0xff,
    0x10, 0x7c, 0xa8, 0xff, 0x10, 0x7c, 0xa8, 0xff, 0x10, 0x7c, 0xa8, 0xff,
    0x10, 0x7c, 0xa8, 0xff, 0x10, 0x7c, 0xa8, 0xff, 0x10, 0x7c, 0xa0, 0xff,
    0x10, 0x7c, 0xa0, 0xff, 0x10, 0x84, 0xa0, 0xff, 0x20, 0x84, 0xa8, 0xff,
    0x00, 0x24, 0x48, 0xff, 0x08, 0x50, 0x70, 0xff, 0x38, 0x80, 0xa0, 0xff,
    0x00, 0x28, 0x40, 0xff, 0x48, 0x6c, 0x78, 0xff, 0x18, 0x28, 0x28, 0xcf,
    0x58, 0x54, 0x58, 0x04, 0x00, 0x00, 0x00, 0x00, 0x00, 0x00, 0x00, 0x00,
    0x00, 0x00, 0x00, 0x00, 0x00, 0x00, 0x00, 0x00, 0x00, 0x00, 0x00, 0x00,
    0x00, 0x00, 0x00, 0x00, 0x00, 0x00, 0x00, 0x00, 0x00, 0x00, 0x00, 0x00,
    0x00, 0x00, 0x00, 0x00, 0x00, 0x00, 0x00, 0x00, 0x00, 0x00, 0x00, 0x00,
    0x00, 0x00, 0x00, 0x00, 0x00, 0x00, 0x00, 0x00, 0x00, 0x00, 0x00, 0x00,
    0x00, 0x00, 0x00, 0x00, 0x00, 0x00, 0x00, 0x00, 0x80, 0x80, 0x80, 0x00,
    0x40, 0x40, 0x38, 0x51, 0x40, 0x74, 0x70, 0xe7, 0x90, 0xe4, 0xf0, 0xff,
    0x78, 0xd8, 0xf0, 0xff, 0x58, 0xb0, 0xd0, 0xff, 0x00, 0x1c, 0x38, 0xff,
    0x28, 0x74, 0x90, 0xff, 0x30, 0x70, 0x90, 0xff, 0x00, 0x14, 0x30, 0xff,
    0x28, 0x80, 0x98, 0xff, 0x18, 0x84, 0xa0, 0xff, 0x18, 0x7c, 0xa8, 0xff,
    0x10, 0x78, 0xa0, 0xff, 0x08, 0x80, 0xa8, 0xff, 0x08, 0x80, 0xa8, 0xff,
    0x08, 0x7c, 0xa8, 0xff, 0x10, 0x7c, 0xa8, 0xff, 0x08, 0x7c, 0xa0, 0xff,
    0x10, 0x80, 0xa0, 0xff, 0x20, 0x88, 0xa0, 0xff, 0x30, 0x88, 0x98, 0xff,
    0x08, 0x3c, 0x50, 0xff, 0x00, 0x2c, 0x38, 0xff, 0x40, 0x7c, 0x90, 0xff,
    0x18, 0x64, 0x78, 0xff, 0x18, 0x58, 0x78, 0xff, 0x28, 0x68, 0x80, 0xff,
    0x38, 0x78, 0x90, 0xff, 0x00, 0x28, 0x40, 0xff, 0x00, 0x2c, 0x48, 0xff,
    0x38, 0x7c, 0x98, 0xff, 0x20, 0x80, 0xa8, 0xff, 0x18, 0x80, 0xa8, 0xff,
    0x10, 0x70, 0xa0, 0xff, 0x20, 0x80, 0xa8, 0xff, 0x18, 0x80, 0xa8, 0xff,
    0x08, 0x78, 0x98, 0xff, 0x18, 0x80, 0xa8, 0xff, 0x10, 0x7c, 0xa8, 0xff,
    0x10, 0x78, 0xa8, 0xff, 0x18, 0x7c, 0xb0, 0xff, 0x10, 0x7c, 0xa8, 0xff,
    0x10, 0x78, 0x98, 0xff, 0x30, 0x88, 0xa8, 0xff, 0x00, 0x24, 0x48, 0xff,
    0x08, 0x5c, 0x80, 0xff, 0x30, 0x80, 0xa0, 0xff, 0x00, 0x08, 0x20, 0xff,
    0x20, 0x68, 0x78, 0xff, 0xa8, 0xec, 0xf8, 0xff, 0x10, 0x44, 0x48, 0xfb,
    0x40, 0x48, 0x38, 0x3c, 0x00, 0x00, 0x00, 0x00, 0x00, 0x00, 0x00, 0x00,
    0x00, 0x00, 0x00, 0x00, 0x00, 0x00, 0x00, 0x00, 0x00, 0x00, 0x00, 0x00,
    0x00, 0x00, 0x00, 0x00, 0x00, 0x00, 0x00, 0x00, 0x00, 0x00, 0x00, 0x00,
    0x00, 0x00, 0x00, 0x00, 0x00, 0x00, 0x00, 0x00, 0x00, 0x00, 0x00, 0x00,
    0x00, 0x00, 0x00, 0x00, 0x00, 0x00, 0x00, 0x00, 0x00, 0x00, 0x00, 0x00,
    0x00, 0x00, 0x00, 0x00, 0x00, 0x00, 0x00, 0x00, 0x70, 0x60, 0x60, 0x10,
    0x20, 0x2c, 0x30, 0x96, 0x00, 0x34, 0x30, 0xff, 0x58, 0xb4, 0xc0, 0xff,
    0x78, 0xd8, 0xf0, 0xff, 0x78, 0xd4, 0xf0, 0xff, 0x50, 0xa4, 0xc0, 0xff,
    0x00, 0x2c, 0x48, 0xff, 0x28, 0x68, 0x80, 0xff, 0x30, 0x70, 0x88, 0xff,
    0x00, 0x24, 0x40, 0xff, 0x10, 0x74, 0x90, 0xff, 0x20, 0x80, 0xa0, 0xff,
    0x10, 0x7c, 0xa0, 0xff, 0x10, 0x84, 0xa8, 0xff, 0x00, 0x78, 0xa0, 0xff,
    0x10, 0x78, 0xa0, 0xff, 0x10, 0x78, 0xa8, 0xff, 0x20, 0x88, 0xb0, 0xff,
    0x10, 0x7c, 0xa0, 0xff, 0x00, 0x60, 0x80, 0xff, 0x00, 0x48, 0x60, 0xff,
    0x00, 0x2c, 0x40, 0xff, 0x00, 0x30, 0x48, 0xff, 0x00, 0x40, 0x58, 0xff,
    0x00, 0x30, 0x48, 0xff, 0x00, 0x38, 0x58, 0xff, 0x00, 0x2c, 0x50, 0xff,
    0x00, 0x38, 0x58, 0xff, 0x00, 0x2c, 0x48, 0xff, 0x00, 0x2c, 0x48, 0xff,
    0x00, 0x48, 0x60, 0xff, 0x00, 0x5c, 0x80, 0xff, 0x18, 0x84, 0xa8, 0xff,
    0x30, 0x8c, 0xb8, 0xff, 0x18, 0x74, 0xa0, 0xff, 0x18, 0x7c, 0xa0, 0xff,
    0x10, 0x7c, 0xa0, 0xff, 0x10, 0x80, 0xa8, 0xff, 0x08, 0x74, 0xa8, 0xff,
    0x10, 0x7c, 0xb0, 0xff, 0x10, 0x74, 0xa0, 0xff, 0x20, 0x7c, 0xa0, 0xff,
    0x30, 0x8c, 0xa8, 0xff, 0x00, 0x30, 0x50, 0xff, 0x08, 0x50, 0x70, 0xff,
    0x30, 0x80, 0xa0, 0xff, 0x00, 0x24, 0x40, 0xff, 0x18, 0x6c, 0x80, 0xff,
    0x90, 0xe0, 0xf0, 0xff, 0x88, 0xdc, 0xf0, 0xff, 0x70, 0xb0, 0xc0, 0xff,
    0x28, 0x38, 0x30, 0xaa, 0x00, 0x00, 0x00, 0x00, 0x00, 0x00, 0x00, 0x00,
    0x00, 0x00, 0x00, 0x00, 0x00, 0x00, 0x00, 0x00, 0x00, 0x00, 0x00, 0x00,
    0x00, 0x00, 0x00, 0x00, 0x00, 0x00, 0x00, 0x00, 0x00, 0x00, 0x00, 0x00,
    0x00, 0x00, 0x00, 0x00, 0x00, 0x00, 0x00, 0x00, 0x00, 0x00, 0x00, 0x00,
    0x00, 0x00, 0x00, 0x00, 0x00, 0x00, 0x00, 0x00, 0x00, 0x00, 0x00, 0x00,
    0x00, 0x00, 0x00, 0x00, 0x00, 0x00, 0x00, 0x00, 0x58, 0x44, 0x48, 0x28,
    0x08, 0x14, 0x20, 0xe3, 0x08, 0x48, 0x50, 0xff, 0x00, 0x34, 0x40, 0xff,
    0x48, 0xa4, 0xb0, 0xff, 0x78, 0xdc, 0xf0, 0xff, 0x68, 0xd0, 0xf0, 0xff,
    0x48, 0xa8, 0xc8, 0xff, 0x00, 0x24, 0x38, 0xff, 0x18, 0x64, 0x78, 0xff,
    0x20, 0x70, 0x90, 0xff, 0x00, 0x24, 0x40, 0xff, 0x18, 0x78, 0x90, 0xff,
    0x28, 0x88, 0xa8, 0xff, 0x10, 0x78, 0xa0, 0xff, 0x18, 0x7c, 0xa0, 0xff,
    0x28, 0x7c, 0xa8, 0xff, 0x38, 0x88, 0xb0, 0xff, 0x00, 0x4c, 0x78, 0xff,
    0x00, 0x28, 0x50, 0xff, 0x00, 0x54, 0x80, 0xff, 0x00, 0x68, 0x98, 0xff,
    0x18, 0x88, 0xb0, 0xff, 0x28, 0xa8, 0xc8, 0xff, 0x30, 0xb0, 0xd0, 0xff,
    0x30, 0xb4, 0xd8, 0xff, 0x40, 0xbc, 0xe0, 0xff, 0x38, 0xb4, 0xd8, 0xff,
    0x38, 0xb0, 0xd8, 0xff, 0x38, 0xac, 0xc8, 0xff, 0x18, 0x8c, 0xa8, 0xff,
    0x00, 0x68, 0x80, 0xff, 0x00, 0x60, 0x80, 0xff, 0x00, 0x34, 0x50, 0xff,
    0x00, 0x4c, 0x70, 0xff, 0x30, 0x8c, 0xb0, 0xff, 0x10, 0x78, 0xa0, 0xff,
    0x08, 0x7c, 0xa8, 0xff, 0x10, 0x80, 0xb0, 0xff, 0x00, 0x7c, 0xa0, 0xff,
    0x00, 0x78, 0xa0, 0xff, 0x18, 0x80, 0xa0, 0xff, 0x28, 0x84, 0xa0, 0xff,
    0x00, 0x28, 0x38, 0xff, 0x10, 0x5c, 0x78, 0xff, 0x30, 0x74, 0x90, 0xff,
    0x00, 0x1c, 0x38, 0xff, 0x20, 0x74, 0x88, 0xff, 0x78, 0xdc, 0xf0, 0xff,
    0x70, 0xd4, 0xe8, 0xff, 0x80, 0xc8, 0xe0, 0xff, 0x18, 0x44, 0x50, 0xff,
    0x10, 0x18, 0x10, 0xb6, 0x68, 0x68, 0x68, 0x04, 0x00, 0x00, 0x00, 0x00,
    0x00, 0x00, 0x00, 0x00, 0x00, 0x00, 0x00, 0x00, 0x00, 0x00, 0x00, 0x00,
    0x00, 0x00, 0x00, 0x00, 0x00, 0x00, 0x00, 0x00, 0x00, 0x00, 0x00, 0x00,
    0x00, 0x00, 0x00, 0x00, 0x00, 0x00, 0x00, 0x00, 0x00, 0x00, 0x00, 0x00,
    0x00, 0x00, 0x00, 0x00, 0x00, 0x00, 0x00, 0x00, 0x00, 0x00, 0x00, 0x00,
    0x00, 0x00, 0x00, 0x00, 0x00, 0x00, 0x00, 0x00, 0x48, 0x38, 0x40, 0x61,
    0x00, 0x10, 0x18, 0xff, 0x50, 0x88, 0x90, 0xff, 0x30, 0x80, 0x88, 0xff,
    0x00, 0x30, 0x40, 0xff, 0x58, 0xb4, 0xc8, 0xff, 0x70, 0xe0, 0xf8, 0xff,
    0x68, 0xd4, 0xf0, 0xff, 0x60, 0xbc, 0xd0, 0xff, 0x00, 0x2c, 0x40, 0xff,
    0x20, 0x70, 0x88, 0xff, 0x20, 0x6c, 0x88, 0xff, 0x00, 0x1c, 0x38, 0xff,
    0x10, 0x6c, 0x88, 0xff, 0x20, 0x7c, 0xa0, 0xff, 0x30, 0x88, 0xa8, 0xff,
    0x20, 0x74, 0x98, 0xff, 0x00, 0x10, 0x38, 0xff, 0x00, 0x38, 0x60, 0xff,
    0x40, 0x90, 0xb8, 0xff, 0x50, 0xa0, 0xd0, 0xff, 0x50, 0xac, 0xe0, 0xff,
    0x40, 0xa8, 0xd8, 0xff, 0x20, 0x94, 0xc0, 0xff, 0x10, 0x88, 0xb0, 0xff,
    0x00, 0x70, 0x90, 0xff, 0x00, 0x64, 0x88, 0xff, 0x08, 0x70, 0x98, 0xff,
    0x18, 0x7c, 0xa0, 0xff, 0x30, 0x98, 0xb8, 0xff, 0x48, 0xb0, 0xd0, 0xff,
    0x48, 0xac, 0xc8, 0xff, 0x40, 0xac, 0xc8, 0xff, 0x28, 0x94, 0xb0, 0xff,
    0x00, 0x30, 0x50, 0xff, 0x00, 0x28, 0x48, 0xff, 0x18, 0x7c, 0xa0, 0xff,
    0x18, 0x84, 0xb0, 0xff, 0x00, 0x78, 0xa0, 0xff, 0x08, 0x80, 0xa8, 0xff,
    0x10, 0x84, 0xa0, 0xff, 0x28, 0x8c, 0xa0, 0xff, 0x00, 0x34, 0x48, 0xff,
    0x08, 0x58, 0x68, 0xff, 0x30, 0x78, 0x90, 0xff, 0x00, 0x18, 0x30, 0xff,
    0x28, 0x80, 0x98, 0xff, 0x78, 0xd8, 0xf0, 0xff, 0x70, 0xd4, 0xe0, 0xff,
    0x68, 0xcc, 0xd8, 0xff, 0x00, 0x40, 0x58, 0xff, 0x10, 0x44, 0x50, 0xff,
    0x08, 0x18, 0x18, 0xd7, 0x60, 0x58, 0x48, 0x20, 0x00, 0x00, 0x00, 0x00,
    0x00, 0x00, 0x00, 0x00, 0x00, 0x00, 0x00, 0x00, 0x00, 0x00, 0x00, 0x00,
    0x00, 0x00, 0x00, 0x00, 0x00, 0x00, 0x00, 0x00, 0x00, 0x00, 0x00, 0x00,
    0x00, 0x00, 0x00, 0x00, 0x00, 0x00, 0x00, 0x00, 0x00, 0x00, 0x00, 0x00,
    0x00, 0x00, 0x00, 0x00, 0x00, 0x00, 0x00, 0x00, 0x00, 0x00, 0x00, 0x00,
    0x00, 0x00, 0x00, 0x00, 0x00, 0x00, 0x00, 0x00, 0x18, 0x18, 0x18, 0xcb,
    0x00, 0x14, 0x18, 0xff, 0x00, 0x20, 0x30, 0xff, 0x30, 0x78, 0x90, 0xff,
    0x18, 0x70, 0x88, 0xff, 0x00, 0x24, 0x38, 0xff, 0x48, 0xa4, 0xb8, 0xff,
    0x80, 0xe0, 0xf0, 0xff, 0x70, 0xd8, 0xf8, 0xff, 0x40, 0xa8, 0xc8, 0xff,
    0x00, 0x1c, 0x38, 0xff, 0x20, 0x64, 0x80, 0xff, 0x28, 0x74, 0x90, 0xff,
    0x00, 0x1c, 0x38, 0xff, 0x28, 0x6c, 0x88, 0xff, 0x00, 0x54, 0x70, 0xff,
    0x00, 0x24, 0x40, 0xff, 0x18, 0x84, 0xa0, 0xff, 0x48, 0xb4, 0xd8, 0xff,
    0x48, 0xb0, 0xd8, 0xff, 0x38, 0x80, 0xa8, 0xff, 0x08, 0x48, 0x70, 0xff,
    0x00, 0x20, 0x48, 0xff, 0x00, 0x04, 0x30, 0xff, 0x00, 0x08, 0x30, 0xff,
    0x00, 0x00, 0x28, 0xff, 0x00, 0x04, 0x20, 0xff, 0x00, 0x04, 0x20, 0xff,
    0x00, 0x08, 0x28, 0xff, 0x00, 0x10, 0x30, 0xff, 0x00, 0x1c, 0x40, 0xff,
    0x20, 0x58, 0x78, 0xff, 0x38, 0x8c, 0xa8, 0xff, 0x48, 0xb0, 0xc8, 0xff,
    0x40, 0xb4, 0xd0, 0xff, 0x00, 0x70, 0x90, 0xff, 0x00, 0x24, 0x48, 0xff,
    0x08, 0x60, 0x80, 0xff, 0x18, 0x7c, 0xa0, 0xff, 0x18, 0x80, 0xa0, 0xff,
    0x28, 0x80, 0x98, 0xff, 0x00, 0x20, 0x30, 0xff, 0x08, 0x58, 0x68, 0xff,
    0x30, 0x84, 0x98, 0xff, 0x00, 0x1c, 0x30, 0xff, 0x30, 0x80, 0x98, 0xff,
    0x78, 0xd8, 0xf8, 0xff, 0x70, 0xd0, 0xf0, 0xff, 0x78, 0xc8, 0xd8, 0xff,
    0x00, 0x44, 0x50, 0xff, 0x00, 0x54, 0x68, 0xff, 0x48, 0x94, 0xa8, 0xff,
    0x00, 0x1c, 0x20, 0xef, 0x48, 0x40, 0x38, 0x65, 0x00, 0x00, 0x00, 0x00,
    0x00, 0x00, 0x00, 0x00, 0x00, 0x00, 0x00, 0x00, 0x00, 0x00, 0x00, 0x00,
    0x00, 0x00, 0x00, 0x00, 0x00, 0x00, 0x00, 0x00, 0x00, 0x00, 0x00, 0x00,
    0x00, 0x00, 0x00, 0x00, 0x00, 0x00, 0x00, 0x00, 0x00, 0x00, 0x00, 0x00,
    0x00, 0x00, 0x00, 0x00, 0x00, 0x00, 0x00, 0x00, 0x00, 0x00, 0x00, 0x00,
    0x00, 0x00, 0x00, 0x00, 0x50, 0x44, 0x40, 0x10, 0x00, 0x0c, 0x10, 0xef,
    0x00, 0x18, 0x20, 0xff, 0x00, 0x14, 0x28, 0xff, 0x00, 0x18, 0x30, 0xff,
    0x38, 0x80, 0xa0, 0xff, 0x20, 0x74, 0x88, 0xff, 0x00, 0x28, 0x38, 0xff,
    0x50, 0xa8, 0xb8, 0xff, 0x70, 0xdc, 0xf8, 0xff, 0x68, 0xd0, 0xf0, 0xff,
    0x68, 0xc0, 0xd8, 0xff, 0x00, 0x24, 0x38, 0xff, 0x20, 0x64, 0x80, 0xff,
    0x30, 0x78, 0x90, 0xff, 0x00, 0x28, 0x40, 0xff, 0x00, 0x3c, 0x50, 0xff,
    0x40, 0xa8, 0xc0, 0xff, 0x48, 0xb4, 0xd0, 0xff, 0x28, 0x90, 0xb0, 0xff,
    0x00, 0x48, 0x68, 0xff, 0x00, 0x0c, 0x28, 0xff, 0x00, 0x08, 0x20, 0xff,
    0x08, 0x24, 0x40, 0xff, 0x28, 0x38, 0x50, 0xff, 0x50, 0x60, 0x70, 0xff,
    0x68, 0x74, 0x88, 0xff, 0x80, 0x80, 0x90, 0xff, 0x78, 0x70, 0x80, 0xff,
    0x50, 0x58, 0x68, 0xff, 0x18, 0x2c, 0x48, 0xff, 0x10, 0x20, 0x40, 0xff,
    0x00, 0x00, 0x20, 0xff, 0x00, 0x10, 0x30, 0xff, 0x08, 0x58, 0x70, 0xff,
    0x30, 0xa0, 0xb8, 0xff, 0x40, 0xb4, 0xd0, 0xff, 0x30, 0x90, 0xb8, 0xff,
    0x00, 0x28, 0x48, 0xff, 0x08, 0x60, 0x80, 0xff, 0x38, 0x90, 0xa8, 0xff,
    0x00, 0x30, 0x40, 0xff, 0x18, 0x60, 0x70, 0xff, 0x28, 0x78, 0x90, 0xff,
    0x00, 0x14, 0x28, 0xff, 0x28, 0x84, 0x90, 0xff, 0x80, 0xdc, 0xf0, 0xff,
    0x70, 0xd0, 0xf0, 0xff, 0x70, 0xcc, 0xe8, 0xff, 0x00, 0x34, 0x48, 0xff,
    0x18, 0x58, 0x68, 0xff, 0x38, 0x90, 0xa8, 0xff, 0x00, 0x38, 0x48, 0xff,
    0x00, 0x04, 0x08, 0xf7, 0x28, 0x28, 0x20, 0x8a, 0x00, 0x00, 0x00, 0x00,
    0x00, 0x00, 0x00, 0x00, 0x00, 0x00, 0x00, 0x00, 0x00, 0x00, 0x00, 0x00,
    0x00, 0x00, 0x00, 0x00, 0x00, 0x00, 0x00, 0x00, 0x00, 0x00, 0x00, 0x00,
    0x00, 0x00, 0x00, 0x00, 0x00, 0x00, 0x00, 0x00, 0x00, 0x00, 0x00, 0x00,
    0x00, 0x00, 0x00, 0x00, 0x00, 0x00, 0x00, 0x00, 0x00, 0x00, 0x00, 0x00,
    0x00, 0x00, 0x00, 0x00, 0x38, 0x44, 0x38, 0x45, 0x00, 0x14, 0x20, 0xfb,
    0x38, 0x74, 0x88, 0xff, 0x00, 0x20, 0x40, 0xff, 0x00, 0x14, 0x28, 0xff,
    0x00, 0x1c, 0x30, 0xff, 0x38, 0x84, 0x98, 0xff, 0x28, 0x70, 0x88, 0xff,
    0x00, 0x20, 0x38, 0xff, 0x58, 0xb0, 0xc8, 0xff, 0x78, 0xd8, 0xe8, 0xff,
    0x78, 0xd8, 0xf0, 0xff, 0x58, 0xb0, 0xc0, 0xff, 0x00, 0x3c, 0x58, 0xff,
    0x00, 0x40, 0x60, 0xff, 0x00, 0x40, 0x58, 0xff, 0x30, 0xa4, 0xc0, 0xff,
    0x48, 0xb4, 0xc8, 0xff, 0x20, 0x7c, 0x98, 0xff, 0x00, 0x28, 0x40, 0xff,
    0x00, 0x04, 0x18, 0xff, 0x18, 0x38, 0x48, 0xff, 0x60, 0x7c, 0x80, 0xff,
    0xa0, 0xbc, 0xc0, 0xff, 0xc0, 0xd8, 0xd0, 0xff, 0xc8, 0xe0, 0xd8, 0xff,
    0xd0, 0xe4, 0xd8, 0xff, 0xe0, 0xe4, 0xe0, 0xff, 0xd8, 0xe0, 0xe0, 0xff,
    0xd0, 0xe0, 0xe0, 0xff, 0xc8, 0xd8, 0xe0, 0xff, 0xa0, 0xac, 0xb8, 0xff,
    0x68, 0x74, 0x88, 0xff, 0x10, 0x24, 0x40, 0xff, 0x00, 0x0c, 0x28, 0xff,
    0x00, 0x24, 0x38, 0xff, 0x30, 0x88, 0xa0, 0xff, 0x50, 0xbc, 0xe0, 0xff,
    0x20, 0x90, 0xb0, 0xff, 0x00, 0x30, 0x50, 0xff, 0x00, 0x20, 0x38, 0xff,
    0x10, 0x58, 0x70, 0xff, 0x38, 0x80, 0x98, 0xff, 0x00, 0x20, 0x40, 0xff,
    0x28, 0x7c, 0x98, 0xff, 0x80, 0xe8, 0xf8, 0xff, 0x60, 0xd0, 0xe0, 0xff,
    0x78, 0xcc, 0xd8, 0xff, 0x00, 0x38, 0x50, 0xff, 0x08, 0x54, 0x70, 0xff,
    0x50, 0x94, 0xb0, 0xff, 0x00, 0x3c, 0x58, 0xff, 0x00, 0x08, 0x20, 0xff,
    0x00, 0x1c, 0x28, 0xff, 0x08, 0x18, 0x18, 0xba, 0x60, 0x60, 0x58, 0x1c,
    0x00, 0x00, 0x00, 0x00, 0x00, 0x00, 0x00, 0x00, 0x00, 0x00, 0x00, 0x00,
    0x00, 0x00, 0x00, 0x00, 0x00, 0x00, 0x00, 0x00, 0x00, 0x00, 0x00, 0x00,
    0x00, 0x00, 0x00, 0x00, 0x00, 0x00, 0x00, 0x00, 0x00, 0x00, 0x00, 0x00,
    0x00, 0x00, 0x00, 0x00, 0x00, 0x00, 0x00, 0x00, 0x00, 0x00, 0x00, 0x00,
    0x00, 0x00, 0x00, 0x00, 0x18, 0x28, 0x20, 0x86, 0x00, 0x3c, 0x48, 0xff,
    0x50, 0x94, 0xb0, 0xff, 0x30, 0x74, 0x90, 0xff, 0x00, 0x20, 0x40, 0xff,
    0x00, 0x18, 0x28, 0xff, 0x00, 0x20, 0x30, 0xff, 0x38, 0x74, 0x90, 0xff,
    0x38, 0x78, 0x98, 0xff, 0x00, 0x20, 0x30, 0xff, 0x50, 0xa4, 0xb0, 0xff,
    0x80, 0xdc, 0xf0, 0xff, 0x80, 0xdc, 0xf0, 0xff, 0x48, 0x88, 0xa8, 0xff,
    0x00, 0x28, 0x40, 0xff, 0x28, 0x98, 0xb0, 0xff, 0x40, 0xb8, 0xd0, 0xff,
    0x10, 0x68, 0x88, 0xff, 0x00, 0x10, 0x28, 0xff, 0x00, 0x0c, 0x18, 0xff,
    0x60, 0x70, 0x80, 0xff, 0xc8, 0xd8, 0xd8, 0xff, 0xc8, 0xdc, 0xd8, 0xff,
    0xc0, 0xdc, 0xd0, 0xff, 0xc8, 0xe8, 0xd0, 0xff, 0xc0, 0xdc, 0xc8, 0xff,
    0xc0, 0xd8, 0xc8, 0xff, 0xc8, 0xd4, 0xc8, 0xff, 0xd0, 0xd4, 0xc8, 0xff,
    0xc8, 0xd4, 0xd0, 0xff, 0xc8, 0xd8, 0xd8, 0xff, 0xd0, 0xdc, 0xe0, 0xff,
    0xc8, 0xd0, 0xd8, 0xff, 0xc8, 0xcc, 0xe0, 0xff, 0x48, 0x50, 0x60, 0xff,
    0x00, 0x10, 0x20, 0xff, 0x00, 0x10, 0x28, 0xff, 0x20, 0x80, 0xa0, 0xff,
    0x58, 0xc0, 0xe0, 0xff, 0x38, 0x90, 0xb0, 0xff, 0x00, 0x20, 0x38, 0xff,
    0x18, 0x5c, 0x78, 0xff, 0x00, 0x10, 0x30, 0xff, 0x30, 0x7c, 0xa0, 0xff,
    0x78, 0xd4, 0xf8, 0xff, 0x60, 0xd0, 0xe8, 0xff, 0x60, 0xcc, 0xe0, 0xff,
    0x00, 0x34, 0x48, 0xff, 0x10, 0x58, 0x68, 0xff, 0x50, 0x90, 0xb0, 0xff,
    0x00, 0x38, 0x58, 0xff, 0x00, 0x04, 0x20, 0xff, 0x00, 0x28, 0x48, 0xff,
    0x48, 0x70, 0x80, 0xff, 0x00, 0x0c, 0x10, 0xe3, 0x48, 0x44, 0x38, 0x4d,
    0x00, 0x00, 0x00, 0x00, 0x00, 0x00, 0x00, 0x00, 0x00, 0x00, 0x00, 0x00,
    0x00, 0x00, 0x00, 0x00, 0x00, 0x00, 0x00, 0x00, 0x00, 0x00, 0x00, 0x00,
    0x00, 0x00, 0x00, 0x00, 0x00, 0x00, 0x00, 0x00, 0x00, 0x00, 0x00, 0x00,
    0x00, 0x00, 0x00, 0x00, 0x00, 0x00, 0x00, 0x00, 0x00, 0x00, 0x00, 0x00,
    0x00, 0x00, 0x00, 0x00, 0x08, 0x14, 0x18, 0xba, 0x18, 0x60, 0x70, 0xff,
    0x28, 0x8c, 0xa0, 0xff, 0x20, 0x7c, 0xa0, 0xff, 0x30, 0x84, 0xa8, 0xff,
    0x00, 0x20, 0x38, 0xff, 0x00, 0x18, 0x30, 0xff, 0x00, 0x18, 0x38, 0xff,
    0x48, 0x7c, 0x98, 0xff, 0x28, 0x7c, 0x90, 0xff, 0x00, 0x2c, 0x40, 0xff,
    0x58, 0xa8, 0xb8, 0xff, 0x78, 0xcc, 0xe0, 0xff, 0x00, 0x1c, 0x38, 0xff,
    0x38, 0x90, 0xb0, 0xff, 0x58, 0xb8, 0xd8, 0xff, 0x28, 0x74, 0x90, 0xff,
    0x00, 0x0c, 0x28, 0xff, 0x00, 0x18, 0x30, 0xff, 0x80, 0x8c, 0x98, 0xff,
    0xe0, 0xe8, 0xf0, 0xff, 0xc8, 0xd0, 0xd0, 0xff, 0xc8, 0xd0, 0xd0, 0xff,
    0xc8, 0xd4, 0xc8, 0xff, 0xc0, 0xd8, 0xc8, 0xff, 0xc0, 0xd8, 0xc8, 0xff,
    0xc0, 0xd4, 0xc8, 0xff, 0xc8, 0xd4, 0xd0, 0xff, 0xc8, 0xd4, 0xd0, 0xff,
    0xc8, 0xd8, 0xd0, 0xff, 0xb8, 0xd0, 0xc8, 0xff, 0xc0, 0xd0, 0xd0, 0xff,
    0xc8, 0xd0, 0xd0, 0xff, 0xd8, 0xd8, 0xd8, 0xff, 0xd8, 0xe8, 0xe8, 0xff,
    0x60, 0x74, 0x80, 0xff, 0x00, 0x1c, 0x30, 0xff, 0x00, 0x0c, 0x28, 0xff,
    0x30, 0x78, 0x98, 0xff, 0x50, 0xbc, 0xe0, 0xff, 0x20, 0x90, 0xb0, 0xff,
    0x00, 0x14, 0x30, 0xff, 0x50, 0x9c, 0xb8, 0xff, 0x80, 0xdc, 0xf8, 0xff,
    0x70, 0xd0, 0xe8, 0xff, 0x70, 0xc8, 0xd8, 0xff, 0x00, 0x3c, 0x50, 0xff,
    0x00, 0x54, 0x78, 0xff, 0x48, 0x90, 0xb0, 0xff, 0x08, 0x38, 0x50, 0xff,
    0x00, 0x00, 0x18, 0xff, 0x00, 0x30, 0x50, 0xff, 0x40, 0x8c, 0xa8, 0xff,
    0x40, 0x84, 0x98, 0xff, 0x00, 0x20, 0x28, 0xf7, 0x30, 0x38, 0x30, 0x65,
    0x00, 0x00, 0x00, 0x00, 0x00, 0x00, 0x00, 0x00, 0x00, 0x00, 0x00, 0x00,
    0x00, 0x00, 0x00, 0x00, 0x00, 0x00, 0x00, 0x00, 0x00, 0x00, 0x00, 0x00,
    0x00, 0x00, 0x00, 0x00, 0x00, 0x00, 0x00, 0x00, 0x00, 0x00, 0x00, 0x00,
    0x00, 0x00, 0x00, 0x00, 0x00, 0x00, 0x00, 0x00, 0x00, 0x00, 0x00, 0x00,
    0x68, 0x54, 0x58, 0x0c, 0x00, 0x10, 0x18, 0xcb, 0x20, 0x6c, 0x80, 0xff,
    0x18, 0x84, 0xa0, 0xff, 0x10, 0x80, 0xa0, 0xff, 0x20, 0x80, 0xa0, 0xff,
    0x28, 0x74, 0x90, 0xff, 0x00, 0x28, 0x40, 0xff, 0x00, 0x08, 0x20, 0xff,
    0x00, 0x14, 0x30, 0xff, 0x28, 0x70, 0x88, 0xff, 0x18, 0x70, 0x80, 0xff,
    0x00, 0x40, 0x58, 0xff, 0x00, 0x40, 0x58, 0xff, 0x08, 0x6c, 0x90, 0xff,
    0x40, 0xac, 0xd0, 0xff, 0x38, 0x84, 0xa8, 0xff, 0x00, 0x0c, 0x28, 0xff,
    0x00, 0x18, 0x30, 0xff, 0x90, 0x9c, 0xb0, 0xff, 0xd8, 0xe0, 0xe8, 0xff,
    0xc8, 0xcc, 0xd0, 0xff, 0xd0, 0xd0, 0xd0, 0xff, 0xc8, 0xd4, 0xd0, 0xff,
    0xc8, 0xd4, 0xd0, 0xff, 0xc8, 0xd4, 0xc8, 0xff, 0xc8, 0xd4, 0xd0, 0xff,
    0xc8, 0xd0, 0xd0, 0xff, 0xc8, 0xd0, 0xd0, 0xff, 0xc0, 0xd4, 0xd0, 0xff,
    0xc0, 0xd4, 0xc8, 0xff, 0xc8, 0xdc, 0xd0, 0xff, 0xc8, 0xd4, 0xd8, 0xff,
    0xd0, 0xd0, 0xd0, 0xff, 0xd0, 0xd4, 0xd0, 0xff, 0xc8, 0xd4, 0xc8, 0xff,
    0xe0, 0xe8, 0xe8, 0xff, 0x70, 0x7c, 0x88, 0xff, 0x00, 0x08, 0x20, 0xff,
    0x00, 0x20, 0x40, 0xff, 0x20, 0x8c, 0xb0, 0xff, 0x30, 0xa8, 0xc8, 0xff,
    0x00, 0x54, 0x70, 0xff, 0x38, 0x8c, 0xa8, 0xff, 0x88, 0xe4, 0xf8, 0xff,
    0x68, 0xc0, 0xd8, 0xff, 0x00, 0x3c, 0x50, 0xff, 0x08, 0x50, 0x60, 0xff,
    0x40, 0x8c, 0xb0, 0xff, 0x00, 0x3c, 0x60, 0xff, 0x00, 0x00, 0x18, 0xff,
    0x00, 0x38, 0x50, 0xff, 0x28, 0x7c, 0x98, 0xff, 0x18, 0x7c, 0xa0, 0xff,
    0x30, 0x88, 0xa0, 0xff, 0x00, 0x28, 0x38, 0xff, 0x20, 0x30, 0x28, 0x86,
    0x70, 0x70, 0x58, 0x08, 0x00, 0x00, 0x00, 0x00, 0x00, 0x00, 0x00, 0x00,
    0x00, 0x00, 0x00, 0x00, 0x00, 0x00, 0x00, 0x00, 0x00, 0x00, 0x00, 0x00,
    0x00, 0x00, 0x00, 0x00, 0x00, 0x00, 0x00, 0x00, 0x00, 0x00, 0x00, 0x00,
    0x00, 0x00, 0x00, 0x00, 0x00, 0x00, 0x00, 0x00, 0x00, 0x00, 0x00, 0x00,
    0x58, 0x4c, 0x50, 0x2c, 0x00, 0x14, 0x18, 0xd7, 0x20, 0x7c, 0x98, 0xff,
    0x08, 0x7c, 0xa8, 0xff, 0x10, 0x80, 0xa8, 0xff, 0x18, 0x80, 0xa0, 0xff,
    0x20, 0x88, 0xa0, 0xff, 0x30, 0x88, 0xa0, 0xff, 0x00, 0x24, 0x40, 0xff,
    0x00, 0x10, 0x28, 0xff, 0x00, 0x14, 0x28, 0xff, 0x40, 0x80, 0x90, 0xff,
    0x30, 0x74, 0x88, 0xff, 0x00, 0x2c, 0x48, 0xff, 0x30, 0xa8, 0xc8, 0xff,
    0x30, 0x9c, 0xc0, 0xff, 0x00, 0x28, 0x48, 0xff, 0x00, 0x14, 0x28, 0xff,
    0x68, 0x80, 0x90, 0xff, 0xd0, 0xe8, 0xf0, 0xff, 0xc0, 0xd0, 0xd0, 0xff,
    0xd0, 0xd4, 0xd0, 0xff, 0xd0, 0xd4, 0xd0, 0xff, 0xd0, 0xd4, 0xd0, 0xff,
    0xc8, 0xd0, 0xd0, 0xff, 0xc8, 0xd0, 0xd0, 0xff, 0xc8, 0xd0, 0xd8, 0xff,
    0xc8, 0xd0, 0xd8, 0xff, 0xc0, 0xd0, 0xd0, 0xff, 0xb8, 0xd4, 0xd0, 0xff,
    0xb8, 0xd4, 0xc8, 0xff, 0xb8, 0xd0, 0xc8, 0xff, 0xc8, 0xd0, 0xd0, 0xff,
    0xc8, 0xcc, 0xd0, 0xff, 0xc8, 0xd4, 0xd8, 0xff, 0xc0, 0xd0, 0xd0, 0xff,
    0xc0, 0xd4, 0xd0, 0xff, 0xd8, 0xe8, 0xe8, 0xff, 0x50, 0x58, 0x70, 0xff,
    0x00, 0x04, 0x20, 0xff, 0x00, 0x4c, 0x68, 0xff, 0x48, 0xb0, 0xc8, 0xff,
    0x20, 0x80, 0xa0, 0xff, 0x00, 0x28, 0x48, 0xff, 0x68, 0xa8, 0xc0, 0xff,
    0x00, 0x34, 0x50, 0xff, 0x08, 0x58, 0x70, 0xff, 0x40, 0x8c, 0xa0, 0xff,
    0x08, 0x38, 0x50, 0xff, 0x00, 0x04, 0x28, 0xff, 0x00, 0x30, 0x50, 0xff,
    0x30, 0x80, 0xa8, 0xff, 0x18, 0x80, 0xa0, 0xff, 0x10, 0x7c, 0x98, 0xff,
    0x30, 0x8c, 0xb0, 0xff, 0x00, 0x3c, 0x50, 0xff, 0x18, 0x20, 0x20, 0x9a,
    0x80, 0x64, 0x50, 0x14, 0x00, 0x00, 0x00, 0x00, 0x00, 0x00, 0x00, 0x00,
    0x00, 0x00, 0x00, 0x00, 0x00, 0x00, 0x00, 0x00, 0x00, 0x00, 0x00, 0x00,
    0x00, 0x00, 0x00, 0x00, 0x00, 0x00, 0x00, 0x00, 0x00, 0x00, 0x00, 0x00,
    0x00, 0x00, 0x00, 0x00, 0x00, 0x00, 0x00, 0x00, 0x00, 0x00, 0x00, 0x00,
    0x40, 0x40, 0x40, 0x59, 0x00, 0x1c, 0x28, 0xeb, 0x28, 0x84, 0xa8, 0xff,
    0x08, 0x78, 0xa8, 0xff, 0x10, 0x7c, 0xa8, 0xff, 0x10, 0x7c, 0xa0, 0xff,
    0x08, 0x80, 0x98, 0xff, 0x18, 0x80, 0x98, 0xff, 0x30, 0x78, 0x98, 0xff,
    0x00, 0x18, 0x38, 0xff, 0x00, 0x1c, 0x30, 0xff, 0x00, 0x20, 0x38, 0xff,
    0x00, 0x30, 0x48, 0xff, 0x10, 0x68, 0x88, 0xff, 0x38, 0xa8, 0xd0, 0xff,
    0x08, 0x74, 0x98, 0xff, 0x00, 0x18, 0x38, 0xff, 0x18, 0x38, 0x48, 0xff,
    0xc8, 0xe0, 0xe8, 0xff, 0xc0, 0xd0, 0xd0, 0xff, 0xc8, 0xd0, 0xd0, 0xff,
    0xc8, 0xd4, 0xc8, 0xff, 0xc8, 0xd4, 0xc8, 0xff, 0xc8, 0xd4, 0xd0, 0xff,
    0xc8, 0xd0, 0xd0, 0xff, 0xc8, 0xd0, 0xd0, 0xff, 0xd0, 0xcc, 0xd8, 0xff,
    0xc8, 0xd0, 0xd0, 0xff, 0xc0, 0xd4, 0xd0, 0xff, 0xc0, 0xd8, 0xd0, 0xff,
    0xc0, 0xd8, 0xc8, 0xff, 0xc0, 0xd4, 0xc8, 0xff, 0xc8, 0xd0, 0xd0, 0xff,
    0xd0, 0xd4, 0xd8, 0xff, 0xb8, 0xc8, 0xd0, 0xff, 0xc0, 0xd8, 0xd8, 0xff,
    0xb8, 0xc8, 0xc0, 0xff, 0xd0, 0xe0, 0xe0, 0xff, 0xc8, 0xcc, 0xd8, 0xff,
    0x20, 0x38, 0x48, 0xff, 0x00, 0x10, 0x20, 0xff, 0x28, 0x8c, 0xa0, 0xff,
    0x50, 0xbc, 0xd8, 0xff, 0x00, 0x44, 0x60, 0xff, 0x00, 0x1c, 0x38, 0xff,
    0x30, 0x68, 0x80, 0xff, 0x50, 0x94, 0xb0, 0xff, 0x00, 0x3c, 0x58, 0xff,
    0x00, 0x00, 0x18, 0xff, 0x00, 0x2c, 0x48, 0xff, 0x38, 0x88, 0xb0, 0xff,
    0x10, 0x74, 0xa0, 0xff, 0x18, 0x84, 0xa8, 0xff, 0x10, 0x7c, 0xa0, 0xff,
    0x20, 0x88, 0xa8, 0xff, 0x10, 0x50, 0x68, 0xff, 0x10, 0x18, 0x18, 0xaa,
    0x70, 0x5c, 0x50, 0x18, 0x00, 0x00, 0x00, 0x00, 0x00, 0x00, 0x00, 0x00,
    0x00, 0x00, 0x00, 0x00, 0x00, 0x00, 0x00, 0x00, 0x00, 0x00, 0x00, 0x00,
    0x00, 0x00, 0x00, 0x00, 0x00, 0x00, 0x00, 0x00, 0x00, 0x00, 0x00, 0x00,
    0x00, 0x00, 0x00, 0x00, 0x00, 0x00, 0x00, 0x00, 0x00, 0x00, 0x00, 0x00,
    0x30, 0x2c, 0x30, 0x7d, 0x08, 0x24, 0x30, 0xf7, 0x30, 0x84, 0xa8, 0xff,
    0x08, 0x78, 0xa8, 0xff, 0x08, 0x7c, 0xa8, 0xff, 0x08, 0x7c, 0xa0, 0xff,
    0x10, 0x88, 0xa0, 0xff, 0x10, 0x7c, 0x98, 0xff, 0x30, 0x88, 0xb0, 0xff,
    0x30, 0x7c, 0x98, 0xff, 0x00, 0x28, 0x38, 0xff, 0x00, 0x20, 0x30, 0xff,
    0x00, 0x08, 0x30, 0xff, 0x30, 0x88, 0xb0, 0xff, 0x50, 0xb0, 0xd0, 0xff,
    0x00, 0x3c, 0x58, 0xff, 0x00, 0x04, 0x20, 0xff, 0x98, 0xa8, 0xb8, 0xff,
    0xd0, 0xe0, 0xe0, 0xff, 0xc8, 0xd4, 0xd0, 0xff, 0xc8, 0xd4, 0xc8, 0xff,
    0xc8, 0xdc, 0xc8, 0xff, 0xc8, 0xd4, 0xd0, 0xff, 0xc0, 0xd4, 0xd0, 0xff,
    0xc0, 0xd4, 0xd0, 0xff, 0xc0, 0xd4, 0xd0, 0xff, 0xd0, 0xd0, 0xd0, 0xff,
    0xd0, 0xd0, 0xc8, 0xff, 0xc0, 0xd4, 0xd0, 0xff, 0xc0, 0xd8, 0xc8, 0xff,
    0xc8, 0xd8, 0xc8, 0xff, 0xd0, 0xd4, 0xd0, 0xff, 0xc8, 0xd4, 0xd8, 0xff,
    0xc8, 0xd0, 0xd8, 0xff, 0xc0, 0xcc, 0xd8, 0xff, 0xc8, 0xd0, 0xd8, 0xff,
    0xd8, 0xdc, 0xe0, 0xff, 0xc0, 0xc8, 0xc0, 0xff, 0xd0, 0xe8, 0xe0, 0xff,
    0x78, 0x98, 0x98, 0xff, 0x00, 0x10, 0x20, 0xff, 0x00, 0x44, 0x60, 0xff,
    0x38, 0xb0, 0xc8, 0xff, 0x18, 0x94, 0xa8, 0xff, 0x00, 0x44, 0x58, 0xff,
    0x48, 0x88, 0xa0, 0xff, 0x00, 0x38, 0x50, 0xff, 0x00, 0x00, 0x18, 0xff,
    0x00, 0x2c, 0x50, 0xff, 0x30, 0x8c, 0xb0, 0xff, 0x10, 0x74, 0x90, 0xff,
    0x20, 0x84, 0xa0, 0xff, 0x10, 0x7c, 0xa8, 0xff, 0x08, 0x7c, 0xa0, 0xff,
    0x10, 0x80, 0xa8, 0xff, 0x10, 0x60, 0x80, 0xff, 0x08, 0x14, 0x18, 0xc3,
    0x68, 0x58, 0x48, 0x24, 0x00, 0x00, 0x00, 0x00, 0x00, 0x00, 0x00, 0x00,
    0x00, 0x00, 0x00, 0x00, 0x00, 0x00, 0x00, 0x00, 0x00, 0x00, 0x00, 0x00,
    0x00, 0x00, 0x00, 0x00, 0x00, 0x00, 0x00, 0x00, 0x00, 0x00, 0x00, 0x00,
    0x00, 0x00, 0x00, 0x00, 0x00, 0x00, 0x00, 0x00, 0x80, 0x80, 0x80, 0x00,
    0x20, 0x24, 0x20, 0x92, 0x10, 0x2c, 0x40, 0xfb, 0x30, 0x84, 0xa8, 0xff,
    0x08, 0x78, 0xa8, 0xff, 0x08, 0x7c, 0xa8, 0xff, 0x08, 0x80, 0xa8, 0xff,
    0x08, 0x7c, 0xa0, 0xff, 0x10, 0x80, 0xa0, 0xff, 0x10, 0x74, 0xa0, 0xff,
    0x30, 0x88, 0xa8, 0xff, 0x30, 0x80, 0x90, 0xff, 0x00, 0x18, 0x28, 0xff,
    0x00, 0x44, 0x68, 0xff, 0x60, 0xb4, 0xe0, 0xff, 0x38, 0x8c, 0xb0, 0xff,
    0x00, 0x0c, 0x28, 0xff, 0x28, 0x40, 0x58, 0xff, 0xd8, 0xe0, 0xf0, 0xff,
    0xc8, 0xd0, 0xd8, 0xff, 0xc8, 0xd8, 0xd0, 0xff, 0xd0, 0xdc, 0xc8, 0xff,
    0xc0, 0xd0, 0xc0, 0xff, 0xc0, 0xd4, 0xd0, 0xff, 0xc0, 0xd4, 0xd0, 0xff,
    0xc0, 0xd4, 0xd0, 0xff, 0xc0, 0xd4, 0xc8, 0xff, 0xc8, 0xd4, 0xc8, 0xff,
    0xd0, 0xd4, 0xc8, 0xff, 0xc8, 0xd4, 0xd0, 0xff, 0xc0, 0xd4, 0xc8, 0xff,
    0xc8, 0xd4, 0xc0, 0xff, 0xc8, 0xd4, 0xc8, 0xff, 0xc8, 0xd0, 0xd0, 0xff,
    0xb8, 0xc4, 0xd0, 0xff, 0xd0, 0xd4, 0xe0, 0xff, 0xc0, 0xcc, 0xd0, 0xff,
    0xc0, 0xcc, 0xc8, 0xff, 0xc8, 0xd8, 0xd0, 0xff, 0xc8, 0xe0, 0xd0, 0xff,
    0xb0, 0xc8, 0xc0, 0xff, 0x20, 0x3c, 0x50, 0xff, 0x00, 0x04, 0x28, 0xff,
    0x28, 0x98, 0xb8, 0xff, 0x28, 0xa4, 0xc0, 0xff, 0x00, 0x44, 0x58, 0xff,
    0x00, 0x30, 0x48, 0xff, 0x00, 0x00, 0x18, 0xff, 0x00, 0x3c, 0x58, 0xff,
    0x28, 0x88, 0xa8, 0xff, 0x08, 0x78, 0xa0, 0xff, 0x18, 0x84, 0xa8, 0xff,
    0x10, 0x7c, 0x98, 0xff, 0x18, 0x80, 0xa8, 0xff, 0x08, 0x78, 0xa0, 0xff,
    0x08, 0x7c, 0xa8, 0xff, 0x18, 0x68, 0x88, 0xff, 0x00, 0x18, 0x18, 0xdb,
    0x58, 0x54, 0x48, 0x2c, 0x00, 0x00, 0x00, 0x00, 0x00, 0x00, 0x00, 0x00,
    0x00, 0x00, 0x00, 0x00, 0x00, 0x00, 0x00, 0x00, 0x00, 0x00, 0x00, 0x00,
    0x00, 0x00, 0x00, 0x00, 0x00, 0x00, 0x00, 0x00, 0x00, 0x00, 0x00, 0x00,
    0x00, 0x00, 0x00, 0x00, 0x00, 0x00, 0x00, 0x00, 0x58, 0x54, 0x58, 0x04,
    0x20, 0x24, 0x20, 0x96, 0x10, 0x34, 0x48, 0xff, 0x30, 0x88, 0xb0, 0xff,
    0x08, 0x78, 0xa8, 0xff, 0x10, 0x7c, 0xa8, 0xff, 0x10, 0x7c, 0xa0, 0xff,
    0x10, 0x80, 0xa8, 0xff, 0x10, 0x78, 0xa0, 0xff, 0x18, 0x7c, 0xa8, 0xff,
    0x18, 0x74, 0x98, 0xff, 0x38, 0x94, 0xa8, 0xff, 0x00, 0x44, 0x58, 0xff,
    0x00, 0x50, 0x80, 0xff, 0x58, 0xb4, 0xe0, 0xff, 0x20, 0x58, 0x78, 0xff,
    0x00, 0x08, 0x18, 0xff, 0x70, 0x8c, 0x98, 0xff, 0xc8, 0xdc, 0xe8, 0xff,
    0xc0, 0xd0, 0xd0, 0xff, 0xc0, 0xc8, 0xc8, 0xff, 0xc8, 0xd0, 0xd0, 0xff,
    0xc8, 0xd4, 0xd0, 0xff, 0xc0, 0xd4, 0xc8, 0xff, 0xc0, 0xd4, 0xc8, 0xff,
    0xc0, 0xd4, 0xd0, 0xff, 0xc8, 0xd4, 0xd0, 0xff, 0xc8, 0xd4, 0xd0, 0xff,
    0xc8, 0xd4, 0xd0, 0xff, 0xc0, 0xd4, 0xd0, 0xff, 0xc0, 0xd4, 0xd0, 0xff,
    0xc8, 0xd0, 0xc8, 0xff, 0xd0, 0xdc, 0xd0, 0xff, 0xc0, 0xd4, 0xd0, 0xff,
    0xc8, 0xd8, 0xd8, 0xff, 0xc0, 0xcc, 0xd0, 0xff, 0xc0, 0xd0, 0xd0, 0xff,
    0xc8, 0xd8, 0xc8, 0xff, 0xc8, 0xd8, 0xc8, 0xff, 0xc8, 0xd8, 0xc8, 0xff,
    0xd0, 0xd4, 0xd8, 0xff, 0x50, 0x58, 0x78, 0xff, 0x00, 0x00, 0x30, 0xff,
    0x18, 0x74, 0xa0, 0xff, 0x48, 0xb0, 0xd8, 0xff, 0x00, 0x44, 0x60, 0xff,
    0x00, 0x08, 0x18, 0xff, 0x00, 0x40, 0x58, 0xff, 0x30, 0x84, 0xa0, 0xff,
    0x20, 0x80, 0xa0, 0xff, 0x10, 0x80, 0xa0, 0xff, 0x08, 0x78, 0xa0, 0xff,
    0x10, 0x7c, 0xa0, 0xff, 0x10, 0x74, 0xa0, 0xff, 0x20, 0x80, 0xb0, 0xff,
    0x18, 0x78, 0xb0, 0xff, 0x20, 0x6c, 0x90, 0xff, 0x00, 0x14, 0x18, 0xe3,
    0x50, 0x50, 0x40, 0x30, 0x00, 0x00, 0x00, 0x00, 0x00, 0x00, 0x00, 0x00,
    0x00, 0x00, 0x00, 0x00, 0x00, 0x00, 0x00, 0x00, 0x00, 0x00, 0x00, 0x00,
    0x00, 0x00, 0x00, 0x00, 0x00, 0x00, 0x00, 0x00, 0x00, 0x00, 0x00, 0x00,
    0x00, 0x00, 0x00, 0x00, 0x00, 0x00, 0x00, 0x00, 0x50, 0x54, 0x50, 0x04,
    0x18, 0x28, 0x28, 0x96, 0x08, 0x38, 0x48, 0xfb, 0x30, 0x88, 0xa8, 0xff,
    0x08, 0x78, 0xa8, 0xff, 0x10, 0x80, 0xa8, 0xff, 0x10, 0x7c, 0xa0, 0xff,
    0x10, 0x7c, 0xa0, 0xff, 0x10, 0x80, 0xb0, 0xff, 0x10, 0x78, 0xa0, 0xff,
    0x18, 0x80, 0xa8, 0xff, 0x20, 0x84, 0x98, 0xff, 0x00, 0x44, 0x60, 0xff,
    0x00, 0x74, 0xa0, 0xff, 0x40, 0xa8, 0xd0, 0xff, 0x00, 0x34, 0x50, 0xff,
    0x00, 0x18, 0x28, 0xff, 0x98, 0xb4, 0xb8, 0xff, 0xc8, 0xd8, 0xd8, 0xff,
    0xc0, 0xd0, 0xd0, 0xff, 0xc8, 0xd8, 0xd8, 0xff, 0xc8, 0xd4, 0xd0, 0xff,
    0xc0, 0xd0, 0xc8, 0xff, 0xc0, 0xd4, 0xd0, 0xff, 0xc0, 0xd4, 0xc8, 0xff,
    0xc0, 0xd4, 0xd0, 0xff, 0xc8, 0xd4, 0xd0, 0xff, 0xc8, 0xd0, 0xd0, 0xff,
    0xc8, 0xd0, 0xd0, 0xff, 0xc0, 0xd4, 0xd0, 0xff, 0xc0, 0xd4, 0xc8, 0xff,
    0xc8, 0xd8, 0xd0, 0xff, 0xc0, 0xd0, 0xc0, 0xff, 0xc0, 0xd4, 0xd0, 0xff,
    0xc0, 0xd4, 0xd8, 0xff, 0xc8, 0xd0, 0xd0, 0xff, 0xc8, 0xd4, 0xd0, 0xff,
    0xc0, 0xd8, 0xc8, 0xff, 0xc8, 0xdc, 0xc0, 0xff, 0xd0, 0xd4, 0xc8, 0xff,
    0xd8, 0xe0, 0xe0, 0xff, 0x70, 0x74, 0x88, 0xff, 0x00, 0x00, 0x28, 0xff,
    0x08, 0x58, 0x88, 0xff, 0x48, 0xa8, 0xd8, 0xff, 0x18, 0x70, 0x88, 0xff,
    0x00, 0x38, 0x48, 0xff, 0x30, 0x90, 0xa8, 0xff, 0x18, 0x80, 0x98, 0xff,
    0x18, 0x7c, 0xa0, 0xff, 0x10, 0x7c, 0xa0, 0xff, 0x10, 0x84, 0xa8, 0xff,
    0x10, 0x7c, 0xa8, 0xff, 0x10, 0x78, 0xa0, 0xff, 0x18, 0x78, 0xa8, 0xff,
    0x20, 0x7c, 0xb0, 0xff, 0x20, 0x68, 0x90, 0xff, 0x00, 0x10, 0x18, 0xe3,
    0x58, 0x50, 0x40, 0x30, 0x00, 0x00, 0x00, 0x00, 0x00, 0x00, 0x00, 0x00,
    0x00, 0x00, 0x00, 0x00, 0x00, 0x00, 0x00, 0x00, 0x00, 0x00, 0x00, 0x00,
    0x00, 0x00, 0x00, 0x00, 0x00, 0x00, 0x00, 0x00, 0x00, 0x00, 0x00, 0x00,
    0x00, 0x00, 0x00, 0x00, 0x00, 0x00, 0x00, 0x00, 0x80, 0x80, 0x80, 0x00,
    0x10, 0x20, 0x20, 0x92, 0x08, 0x3c, 0x48, 0xff, 0x28, 0x80, 0xa0, 0xff,
    0x08, 0x7c, 0xa0, 0xff, 0x10, 0x80, 0xa0, 0xff, 0x08, 0x80, 0xa0, 0xff,
    0x08, 0x7c, 0xa8, 0xff, 0x08, 0x78, 0xa8, 0xff, 0x08, 0x7c, 0xa8, 0xff,
    0x10, 0x7c, 0xa0, 0xff, 0x28, 0x84, 0xa0, 0xff, 0x00, 0x40, 0x60, 0xff,
    0x08, 0x84, 0xb0, 0xff, 0x38, 0xa4, 0xd0, 0xff, 0x00, 0x28, 0x48, 0xff,
    0x08, 0x20, 0x38, 0xff, 0xa0, 0xb4, 0xb8, 0xff, 0xd0, 0xdc, 0xd8, 0xff,
    0xc8, 0xd4, 0xc8, 0xff, 0xc8, 0xd8, 0xc8, 0xff, 0xc8, 0xd8, 0xc8, 0xff,
    0xc0, 0xd8, 0xc8, 0xff, 0xc0, 0xd4, 0xd0, 0xff, 0xc0, 0xd4, 0xd0, 0xff,
    0xc8, 0xd4, 0xd0, 0xff, 0xc8, 0xd0, 0xd0, 0xff, 0xd0, 0xd0, 0xc8, 0xff,
    0xc8, 0xd4, 0xc8, 0xff, 0xc8, 0xd4, 0xc8, 0xff, 0xc8, 0xd8, 0xc8, 0xff,
    0xc8, 0xd8, 0xc8, 0xff, 0xc8, 0xd4, 0xc8, 0xff, 0xc0, 0xd4, 0xd0, 0xff,
    0xc0, 0xd0, 0xd8, 0xff, 0xc0, 0xd0, 0xd8, 0xff, 0xc0, 0xd4, 0xd0, 0xff,
    0xc0, 0xd8, 0xc8, 0xff, 0xc0, 0xd8, 0xc8, 0xff, 0xc8, 0xd4, 0xc8, 0xff,
    0xd8, 0xe0, 0xe0, 0xff, 0x80, 0x8c, 0x98, 0xff, 0x00, 0x14, 0x30, 0xff,
    0x00, 0x40, 0x68, 0xff, 0x50, 0xac, 0xd8, 0xff, 0x10, 0x68, 0x88, 0xff,
    0x00, 0x60, 0x78, 0xff, 0x20, 0x8c, 0xa8, 0xff, 0x08, 0x78, 0xa0, 0xff,
    0x10, 0x7c, 0xa0, 0xff, 0x18, 0x80, 0xa8, 0xff, 0x08, 0x7c, 0xa0, 0xff,
    0x08, 0x80, 0xa0, 0xff, 0x10, 0x80, 0xa0, 0xff, 0x10, 0x7c, 0xa0, 0xff,
    0x18, 0x7c, 0xa0, 0xff, 0x28, 0x70, 0x90, 0xff, 0x00, 0x08, 0x10, 0xe3,
    0x60, 0x4c, 0x48, 0x30, 0x00, 0x00, 0x00, 0x00, 0x00, 0x00, 0x00, 0x00,
    0x00, 0x00, 0x00, 0x00, 0x00, 0x00, 0x00, 0x00, 0x00, 0x00, 0x00, 0x00,
    0x00, 0x00, 0x00, 0x00, 0x00, 0x00, 0x00, 0x00, 0x00, 0x00, 0x00, 0x00,
    0x00, 0x00, 0x00, 0x00, 0x00, 0x00, 0x00, 0x00, 0x00, 0x00, 0x00, 0x00,
    0x18, 0x24, 0x28, 0x8a, 0x00, 0x30, 0x40, 0xfb, 0x30, 0x88, 0xa8, 0xff,
    0x10, 0x80, 0xa0, 0xff, 0x08, 0x7c, 0x98, 0xff, 0x08, 0x80, 0xa0, 0xff,
    0x08, 0x80, 0xa8, 0xff, 0x08, 0x80, 0xa8, 0xff, 0x08, 0x7c, 0xa8, 0xff,
    0x10, 0x80, 0xa8, 0xff, 0x30, 0x80, 0xa0, 0xff, 0x00, 0x3c, 0x58, 0xff,
    0x08, 0x84, 0xa8, 0xff, 0x38, 0xa8, 0xd0, 0xff, 0x00, 0x1c, 0x38, 0xff,
    0x08, 0x24, 0x38, 0xff, 0xa8, 0xb8, 0xc8, 0xff, 0xc8, 0xd4, 0xd8, 0xff,
    0xc8, 0xd8, 0xd0, 0xff, 0xc8, 0xd4, 0xc8, 0xff, 0xc0, 0xd4, 0xc8, 0xff,
    0xc0, 0xd4, 0xc8, 0xff, 0xc0, 0xd4, 0xd0, 0xff, 0xc0, 0xd4, 0xd0, 0xff,
    0xc8, 0xd4, 0xd0, 0xff, 0xc8, 0xd4, 0xd0, 0xff, 0xc8, 0xd4, 0xd0, 0xff,
    0xc8, 0xd4, 0xd0, 0xff, 0xc8, 0xd4, 0xd0, 0xff, 0xc8, 0xd4, 0xc8, 0xff,
    0xc8, 0xd8, 0xc8, 0xff, 0xc8, 0xd8, 0xc8, 0xff, 0xc0, 0xd4, 0xd0, 0xff,
    0xc0, 0xd0, 0xd0, 0xff, 0xc0, 0xd0, 0xd8, 0xff, 0xc0, 0xd0, 0xd0, 0xff,
    0xc0, 0xd4, 0xc8, 0xff, 0xc8, 0xd4, 0xc8, 0xff, 0xc0, 0xd4, 0xc8, 0xff,
    0xd8, 0xe4, 0xe0, 0xff, 0x90, 0x9c, 0xa8, 0xff, 0x00, 0x18, 0x38, 0xff,
    0x00, 0x3c, 0x60, 0xff, 0x50, 0xac, 0xd8, 0xff, 0x10, 0x6c, 0x90, 0xff,
    0x00, 0x44, 0x68, 0xff, 0x18, 0x8c, 0xb0, 0xff, 0x08, 0x78, 0xa0, 0xff,
    0x10, 0x7c, 0xa8, 0xff, 0x18, 0x7c, 0xa8, 0xff, 0x08, 0x7c, 0xa0, 0xff,
    0x08, 0x80, 0xa0, 0xff, 0x10, 0x80, 0xa0, 0xff, 0x10, 0x7c, 0xa0, 0xff,
    0x18, 0x80, 0xa0, 0xff, 0x20, 0x68, 0x80, 0xff, 0x08, 0x0c, 0x20, 0xcf,
    0x68, 0x50, 0x50, 0x28, 0x00, 0x00, 0x00, 0x00, 0x00, 0x00, 0x00, 0x00,
    0x00, 0x00, 0x00, 0x00, 0x00, 0x00, 0x00, 0x00, 0x00, 0x00, 0x00, 0x00,
    0x00, 0x00, 0x00, 0x00, 0x00, 0x00, 0x00, 0x00, 0x00, 0x00, 0x00, 0x00,
    0x00, 0x00, 0x00, 0x00, 0x00, 0x00, 0x00, 0x00, 0x00, 0x00, 0x00, 0x00,
    0x30, 0x30, 0x30, 0x71, 0x08, 0x24, 0x30, 0xef, 0x38, 0x84, 0xa0, 0xff,
    0x10, 0x80, 0xa0, 0xff, 0x08, 0x78, 0xa0, 0xff, 0x10, 0x7c, 0xa0, 0xff,
    0x08, 0x7c, 0xa0, 0xff, 0x10, 0x80, 0xa8, 0xff, 0x08, 0x78, 0xa0, 0xff,
    0x18, 0x7c, 0xa0, 0xff, 0x38, 0x80, 0xa0, 0xff, 0x00, 0x3c, 0x58, 0xff,
    0x08, 0x88, 0xb0, 0xff, 0x38, 0xac, 0xd0, 0xff, 0x00, 0x24, 0x38, 0xff,
    0x08, 0x20, 0x30, 0xff, 0xa8, 0xb4, 0xc0, 0xff, 0xd8, 0xe0, 0xe8, 0xff,
    0xc8, 0xcc, 0xd0, 0xff, 0xd0, 0xd4, 0xd0, 0xff, 0xc8, 0xd0, 0xc8, 0xff,
    0xc8, 0xd4, 0xc8, 0xff, 0xc8, 0xd4, 0xc8, 0xff, 0xc8, 0xd4, 0xc8, 0xff,
    0xc8, 0xd0, 0xd0, 0xff, 0xc0, 0xd0, 0xd0, 0xff, 0xc0, 0xd4, 0xd0, 0xff,
    0xc0, 0xd4, 0xd0, 0xff, 0xd0, 0xd0, 0xd0, 0xff, 0xd0, 0xd0, 0xc8, 0xff,
    0xc8, 0xd4, 0xc8, 0xff, 0xc8, 0xd4, 0xc8, 0xff, 0xc8, 0xd4, 0xc8, 0xff,
    0xc0, 0xd4, 0xd0, 0xff, 0xc8, 0xd0, 0xd8, 0xff, 0xc8, 0xcc, 0xd8, 0xff,
    0xd0, 0xd0, 0xd0, 0xff, 0xc8, 0xd4, 0xc8, 0xff, 0xc8, 0xd4, 0xc0, 0xff,
    0xd0, 0xe4, 0xd8, 0xff, 0x88, 0x94, 0xa8, 0xff, 0x00, 0x10, 0x38, 0xff,
    0x00, 0x44, 0x68, 0xff, 0x50, 0xb0, 0xd0, 0xff, 0x10, 0x64, 0x88, 0xff,
    0x00, 0x4c, 0x68, 0xff, 0x20, 0x8c, 0xb0, 0xff, 0x08, 0x7c, 0xa0, 0xff,
    0x10, 0x7c, 0xa0, 0xff, 0x10, 0x7c, 0xa8, 0xff, 0x10, 0x78, 0xa0, 0xff,
    0x10, 0x7c, 0xa8, 0xff, 0x10, 0x7c, 0xa8, 0xff, 0x10, 0x7c, 0xa0, 0xff,
    0x20, 0x88, 0xa8, 0xff, 0x10, 0x58, 0x70, 0xff, 0x08, 0x10, 0x20, 0xba,
    0x70, 0x5c, 0x50, 0x1c, 0x00, 0x00, 0x00, 0x00, 0x00, 0x00, 0x00, 0x00,
    0x00, 0x00, 0x00, 0x00, 0x00, 0x00, 0x00, 0x00, 0x00, 0x00, 0x00, 0x00,
    0x00, 0x00, 0x00, 0x00, 0x00, 0x00, 0x00, 0x00, 0x00, 0x00, 0x00, 0x00,
    0x00, 0x00, 0x00, 0x00, 0x00, 0x00, 0x00, 0x00, 0x00, 0x00, 0x00, 0x00,
    0x48, 0x44, 0x48, 0x51, 0x08, 0x18, 0x28, 0xe3, 0x30, 0x7c, 0x98, 0xff,
    0x10, 0x78, 0x98, 0xff, 0x10, 0x80, 0xa8, 0xff, 0x08, 0x7c, 0xa8, 0xff,
    0x08, 0x78, 0xa8, 0xff, 0x10, 0x80, 0xa8, 0xff, 0x10, 0x7c, 0xa8, 0xff,
    0x18, 0x78, 0xa0, 0xff, 0x38, 0x84, 0xa8, 0xff, 0x00, 0x38, 0x60, 0xff,
    0x08, 0x80, 0xa0, 0xff, 0x40, 0xac, 0xc8, 0xff, 0x00, 0x34, 0x40, 0xff,
    0x00, 0x1c, 0x28, 0xff, 0xa8, 0xb4, 0xc0, 0xff, 0xd8, 0xdc, 0xe8, 0xff,
    0xc8, 0xc8, 0xd0, 0xff, 0xd0, 0xd4, 0xd8, 0xff, 0xc8, 0xd4, 0xd0, 0xff,
    0xc8, 0xd4, 0xc8, 0xff, 0xc8, 0xd4, 0xc8, 0xff, 0xd0, 0xd4, 0xd0, 0xff,
    0xc8, 0xd0, 0xd0, 0xff, 0xc0, 0xd4, 0xd0, 0xff, 0xc0, 0xd0, 0xd0, 0xff,
    0xc0, 0xd0, 0xd0, 0xff, 0xd0, 0xd0, 0xd0, 0xff, 0xd0, 0xd0, 0xd0, 0xff,
    0xc8, 0xd4, 0xd0, 0xff, 0xc8, 0xd4, 0xd0, 0xff, 0xc0, 0xd4, 0xc8, 0xff,
    0xc8, 0xd4, 0xd0, 0xff, 0xc8, 0xd0, 0xd8, 0xff, 0xc8, 0xcc, 0xd8, 0xff,
    0xd0, 0xd0, 0xd0, 0xff, 0xd0, 0xd4, 0xd0, 0xff, 0xc8, 0xd4, 0xc0, 0xff,
    0xd0, 0xe0, 0xd8, 0xff, 0x80, 0x88, 0xa0, 0xff, 0x00, 0x04, 0x28, 0xff,
    0x00, 0x48, 0x68, 0xff, 0x50, 0xb4, 0xd8, 0xff, 0x18, 0x68, 0x80, 0xff,
    0x00, 0x4c, 0x68, 0xff, 0x20, 0x88, 0xb0, 0xff, 0x08, 0x7c, 0xa0, 0xff,
    0x10, 0x7c, 0xa0, 0xff, 0x10, 0x7c, 0xa8, 0xff, 0x10, 0x7c, 0xa8, 0xff,
    0x18, 0x7c, 0xa8, 0xff, 0x10, 0x7c, 0xa8, 0xff, 0x18, 0x7c, 0xa0, 0xff,
    0x30, 0x90, 0xb0, 0xff, 0x00, 0x44, 0x58, 0xff, 0x08, 0x18, 0x20, 0xa6,
    0x70, 0x64, 0x58, 0x18, 0x00, 0x00, 0x00, 0x00, 0x00, 0x00, 0x00, 0x00,
    0x00, 0x00, 0x00, 0x00, 0x00, 0x00, 0x00, 0x00, 0x00, 0x00, 0x00, 0x00,
    0x00, 0x00, 0x00, 0x00, 0x00, 0x00, 0x00, 0x00, 0x00, 0x00, 0x00, 0x00,
    0x00, 0x00, 0x00, 0x00, 0x00, 0x00, 0x00, 0x00, 0x00, 0x00, 0x00, 0x00,
    0x68, 0x50, 0x50, 0x1c, 0x08, 0x10, 0x18, 0xcf, 0x30, 0x74, 0x90, 0xff,
    0x18, 0x80, 0xa0, 0xff, 0x18, 0x7c, 0xa8, 0xff, 0x10, 0x78, 0xa8, 0xff,
    0x10, 0x7c, 0xa8, 0xff, 0x10, 0x7c, 0xa8, 0xff, 0x10, 0x7c, 0xb0, 0xff,
    0x18, 0x78, 0xa8, 0xff, 0x38, 0x84, 0xa8, 0xff, 0x00, 0x30, 0x58, 0xff,
    0x00, 0x6c, 0x88, 0xff, 0x50, 0xb4, 0xd0, 0xff, 0x00, 0x40, 0x48, 0xff,
    0x00, 0x14, 0x18, 0xff, 0x98, 0xa8, 0xb8, 0xff, 0xc8, 0xd0, 0xe0, 0xff,
    0xc8, 0xd0, 0xe0, 0xff, 0xc8, 0xcc, 0xd0, 0xff, 0xc8, 0xd4, 0xd0, 0xff,
    0xc0, 0xd4, 0xc8, 0xff, 0xc8, 0xd4, 0xd0, 0xff, 0xd0, 0xd4, 0xd0, 0xff,
    0xc8, 0xd0, 0xd0, 0xff, 0xc8, 0xd0, 0xd0, 0xff, 0xc8, 0xd0, 0xd8, 0xff,
    0xc0, 0xd0, 0xd0, 0xff, 0xc8, 0xd4, 0xd0, 0xff, 0xc8, 0xd4, 0xd0, 0xff,
    0xc8, 0xd4, 0xd0, 0xff, 0xc0, 0xd0, 0xd0, 0xff, 0xc0, 0xd4, 0xd0, 0xff,
    0xc8, 0xd4, 0xd0, 0xff, 0xc0, 0xd0, 0xd0, 0xff, 0xc8, 0xd0, 0xd0, 0xff,
    0xc8, 0xd0, 0xd8, 0xff, 0xd0, 0xd0, 0xd0, 0xff, 0xd8, 0xdc, 0xd0, 0xff,
    0xd0, 0xd8, 0xd0, 0xff, 0x60, 0x74, 0x88, 0xff, 0x00, 0x0c, 0x30, 0xff,
    0x00, 0x5c, 0x88, 0xff, 0x48, 0xb4, 0xd8, 0xff, 0x08, 0x58, 0x70, 0xff,
    0x08, 0x50, 0x68, 0xff, 0x20, 0x88, 0xa8, 0xff, 0x10, 0x7c, 0xa0, 0xff,
    0x08, 0x7c, 0xa0, 0xff, 0x10, 0x7c, 0xa8, 0xff, 0x10, 0x7c, 0xa8, 0xff,
    0x18, 0x78, 0xa8, 0xff, 0x10, 0x78, 0xa8, 0xff, 0x18, 0x7c, 0xa0, 0xff,
    0x38, 0x90, 0xa8, 0xff, 0x00, 0x30, 0x38, 0xff, 0x10, 0x24, 0x28, 0x8a,
    0x68, 0x68, 0x58, 0x0c, 0x00, 0x00, 0x00, 0x00, 0x00, 0x00, 0x00, 0x00,
    0x00, 0x00, 0x00, 0x00, 0x00, 0x00, 0x00, 0x00, 0x00, 0x00, 0x00, 0x00,
    0x00, 0x00, 0x00, 0x00, 0x00, 0x00, 0x00, 0x00, 0x00, 0x00, 0x00, 0x00,
    0x00, 0x00, 0x00, 0x00, 0x00, 0x00, 0x00, 0x00, 0x00, 0x00, 0x00, 0x00,
    0x68, 0x68, 0x68, 0x04, 0x08, 0x10, 0x10, 0xbe, 0x28, 0x68, 0x80, 0xff,
    0x28, 0x8c, 0xb0, 0xff, 0x10, 0x74, 0xa0, 0xff, 0x10, 0x7c, 0xa8, 0xff,
    0x18, 0x7c, 0xa8, 0xff, 0x08, 0x74, 0xa0, 0xff, 0x18, 0x7c, 0xb0, 0xff,
    0x18, 0x7c, 0xa8, 0xff, 0x30, 0x84, 0xb0, 0xff, 0x00, 0x34, 0x58, 0xff,
    0x00, 0x50, 0x70, 0xff, 0x58, 0xc0, 0xd8, 0xff, 0x20, 0x68, 0x78, 0xff,
    0x00, 0x08, 0x18, 0xff, 0x60, 0x74, 0x88, 0xff, 0xe0, 0xe0, 0xf0, 0xff,
    0xc8, 0xcc, 0xd8, 0xff, 0xc0, 0xcc, 0xd0, 0xff, 0xc8, 0xd8, 0xd0, 0xff,
    0xc8, 0xd0, 0xd0, 0xff, 0xc8, 0xd0, 0xd0, 0xff, 0xd0, 0xd0, 0xd0, 0xff,
    0xc8, 0xd0, 0xd0, 0xff, 0xc8, 0xd0, 0xd0, 0xff, 0xc8, 0xd0, 0xd0, 0xff,
    0xc8, 0xd0, 0xd0, 0xff, 0xc0, 0xd4, 0xd0, 0xff, 0xc0, 0xd4, 0xd0, 0xff,
    0xc0, 0xd0, 0xd0, 0xff, 0xc8, 0xd4, 0xd0, 0xff, 0xc0, 0xd4, 0xd0, 0xff,
    0xc0, 0xd4, 0xd0, 0xff, 0xc8, 0xd4, 0xd0, 0xff, 0xc8, 0xd0, 0xd0, 0xff,
    0xc8, 0xd0, 0xd0, 0xff, 0xc8, 0xd0, 0xd0, 0xff, 0xd0, 0xd4, 0xd0, 0xff,
    0xd0, 0xd8, 0xe0, 0xff, 0x30, 0x50, 0x60, 0xff, 0x00, 0x08, 0x28, 0xff,
    0x10, 0x80, 0xa8, 0xff, 0x38, 0xac, 0xd0, 0xff, 0x00, 0x38, 0x50, 0xff,
    0x18, 0x60, 0x78, 0xff, 0x20, 0x84, 0xa0, 0xff, 0x08, 0x80, 0xa0, 0xff,
    0x10, 0x80, 0xa8, 0xff, 0x08, 0x7c, 0xa8, 0xff, 0x10, 0x78, 0xa8, 0xff,
    0x10, 0x78, 0xb0, 0xff, 0x10, 0x74, 0xa8, 0xff, 0x18, 0x7c, 0xa8, 0xff,
    0x30, 0x84, 0x98, 0xff, 0x00, 0x20, 0x28, 0xf7, 0x28, 0x38, 0x30, 0x69,
    0x80, 0x80, 0x80, 0x04, 0x00, 0x00, 0x00, 0x00, 0x00, 0x00, 0x00, 0x00,
    0x00, 0x00, 0x00, 0x00, 0x00, 0x00, 0x00, 0x00, 0x00, 0x00, 0x00, 0x00,
    0x00, 0x00, 0x00, 0x00, 0x00, 0x00, 0x00, 0x00, 0x00, 0x00, 0x00, 0x00,
    0x00, 0x00, 0x00, 0x00, 0x00, 0x00, 0x00, 0x00, 0x00, 0x00, 0x00, 0x00,
    0x00, 0x00, 0x00, 0x00, 0x18, 0x20, 0x20, 0x96, 0x08, 0x44, 0x58, 0xff,
    0x30, 0x8c, 0xb0, 0xff, 0x10, 0x78, 0xa0, 0xff, 0x10, 0x78, 0xa8, 0xff,
    0x10, 0x78, 0xa8, 0xff, 0x10, 0x74, 0xa0, 0xff, 0x10, 0x7c, 0xa8, 0xff,
    0x10, 0x7c, 0xa8, 0xff, 0x20, 0x84, 0xb0, 0xff, 0x00, 0x4c, 0x70, 0xff,
    0x00, 0x34, 0x50, 0xff, 0x50, 0xac, 0xc0, 0xff, 0x40, 0x9c, 0xb8, 0xff,
    0x00, 0x18, 0x30, 0xff, 0x10, 0x2c, 0x40, 0xff, 0xc0, 0xd0, 0xd8, 0xff,
    0xc8, 0xd4, 0xd8, 0xff, 0xc0, 0xd0, 0xc8, 0xff, 0xc8, 0xd8, 0xd0, 0xff,
    0xc8, 0xd4, 0xd0, 0xff, 0xc8, 0xd0, 0xd0, 0xff, 0xc8, 0xd0, 0xd0, 0xff,
    0xc8, 0xd4, 0xd0, 0xff, 0xc8, 0xd4, 0xd0, 0xff, 0xc8, 0xd4, 0xd0, 0xff,
    0xc0, 0xd4, 0xd0, 0xff, 0xc0, 0xd4, 0xd0, 0xff, 0xc0, 0xd4, 0xd0, 0xff,
    0xc0, 0xd4, 0xd0, 0xff, 0xc8, 0xd0, 0xd0, 0xff, 0xc0, 0xd4, 0xc8, 0xff,
    0xc0, 0xd4, 0xd0, 0xff, 0xc8, 0xd4, 0xd0, 0xff, 0xc0, 0xd4, 0xd0, 0xff,
    0xc0, 0xd4, 0xd0, 0xff, 0xc0, 0xd4, 0xd0, 0xff, 0xc0, 0xd0, 0xd8, 0xff,
    0xb0, 0xbc, 0xc8, 0xff, 0x08, 0x2c, 0x40, 0xff, 0x00, 0x14, 0x30, 0xff,
    0x20, 0x98, 0xc0, 0xff, 0x28, 0xa8, 0xc8, 0xff, 0x00, 0x2c, 0x40, 0xff,
    0x20, 0x6c, 0x80, 0xff, 0x20, 0x80, 0xa0, 0xff, 0x10, 0x80, 0xa0, 0xff,
    0x10, 0x80, 0xa0, 0xff, 0x08, 0x7c, 0xa8, 0xff, 0x10, 0x78, 0xb0, 0xff,
    0x10, 0x78, 0xb0, 0xff, 0x10, 0x78, 0xa8, 0xff, 0x20, 0x80, 0xa8, 0xff,
    0x20, 0x68, 0x78, 0xff, 0x00, 0x18, 0x18, 0xdf, 0x40, 0x50, 0x48, 0x45,
    0x00, 0x00, 0x00, 0x00, 0x00, 0x00, 0x00, 0x00, 0x00, 0x00, 0x00, 0x00,
    0x00, 0x00, 0x00, 0x00, 0x00, 0x00, 0x00, 0x00, 0x00, 0x00, 0x00, 0x00,
    0x00, 0x00, 0x00, 0x00, 0x00, 0x00, 0x00, 0x00, 0x00, 0x00, 0x00, 0x00,
    0x00, 0x00, 0x00, 0x00, 0x00, 0x00, 0x00, 0x00, 0x00, 0x00, 0x00, 0x00,
    0x00, 0x00, 0x00, 0x00, 0x30, 0x34, 0x38, 0x59, 0x00, 0x1c, 0x28, 0xfb,
    0x30, 0x84, 0xa0, 0xff, 0x18, 0x7c, 0xa8, 0xff, 0x10, 0x7c, 0xa8, 0xff,
    0x18, 0x7c, 0xa8, 0xff, 0x18, 0x7c, 0xa8, 0xff, 0x10, 0x7c, 0xa8, 0xff,
    0x08, 0x78, 0xa0, 0xff, 0x18, 0x80, 0xa8, 0xff, 0x08, 0x64, 0x88, 0xff,
    0x00, 0x1c, 0x38, 0xff, 0x30, 0x84, 0xa0, 0xff, 0x50, 0xb4, 0xd8, 0xff,
    0x00, 0x48, 0x68, 0xff, 0x00, 0x08, 0x20, 0xff, 0x70, 0x84, 0x90, 0xff,
    0xd8, 0xec, 0xe8, 0xff, 0xc0, 0xd0, 0xc8, 0xff, 0xc0, 0xd4, 0xd0, 0xff,
    0xc0, 0xd4, 0xc8, 0xff, 0xc8, 0xd4, 0xd0, 0xff, 0xc8, 0xd4, 0xd0, 0xff,
    0xc8, 0xd4, 0xd0, 0xff, 0xc0, 0xd4, 0xd0, 0xff, 0xc0, 0xd4, 0xd0, 0xff,
    0xc0, 0xd4, 0xc8, 0xff, 0xc0, 0xd4, 0xd0, 0xff, 0xc0, 0xd4, 0xd0, 0xff,
    0xc0, 0xd4, 0xd0, 0xff, 0xc0, 0xd4, 0xc8, 0xff, 0xc0, 0xd4, 0xc8, 0xff,
    0xc0, 0xd4, 0xd0, 0xff, 0xc8, 0xd4, 0xc8, 0xff, 0xc8, 0xd4, 0xd0, 0xff,
    0xc0, 0xd4, 0xc8, 0xff, 0xb8, 0xd4, 0xd0, 0xff, 0xd8, 0xe8, 0xf0, 0xff,
    0x60, 0x78, 0x90, 0xff, 0x00, 0x04, 0x18, 0xff, 0x08, 0x58, 0x70, 0xff,
    0x40, 0xb4, 0xd8, 0xff, 0x10, 0x88, 0xa8, 0xff, 0x00, 0x20, 0x38, 0xff,
    0x28, 0x7c, 0x90, 0xff, 0x18, 0x80, 0xa0, 0xff, 0x10, 0x80, 0xa0, 0xff,
    0x10, 0x80, 0xa0, 0xff, 0x08, 0x78, 0xa8, 0xff, 0x10, 0x78, 0xb0, 0xff,
    0x10, 0x7c, 0xb0, 0xff, 0x08, 0x7c, 0xa8, 0xff, 0x28, 0x88, 0xa8, 0xff,
    0x20, 0x54, 0x60, 0xff, 0x00, 0x10, 0x10, 0xb2, 0x50, 0x60, 0x50, 0x14,
    0x00, 0x00, 0x00, 0x00, 0x00, 0x00, 0x00, 0x00, 0x00, 0x00, 0x00, 0x00,
    0x00, 0x00, 0x00, 0x00, 0x00, 0x00, 0x00, 0x00, 0x00, 0x00, 0x00, 0x00,
    0x00, 0x00, 0x00, 0x00, 0x00, 0x00, 0x00, 0x00, 0x00, 0x00, 0x00, 0x00,
    0x00, 0x00, 0x00, 0x00, 0x00, 0x00, 0x00, 0x00, 0x00, 0x00, 0x00, 0x00,
    0x00, 0x00, 0x00, 0x00, 0x50, 0x50, 0x50, 0x18, 0x00, 0x08, 0x10, 0xef,
    0x20, 0x68, 0x80, 0xff, 0x28, 0x84, 0xa8, 0xff, 0x10, 0x78, 0xa8, 0xff,
    0x10, 0x7c, 0xa8, 0xff, 0x10, 0x7c, 0xa8, 0xff, 0x08, 0x78, 0xa8, 0xff,
    0x08, 0x80, 0xa8, 0xff, 0x10, 0x78, 0xa8, 0xff, 0x28, 0x8c, 0xb0, 0xff,
    0x00, 0x24, 0x40, 0xff, 0x00, 0x54, 0x70, 0xff, 0x40, 0xb0, 0xd0, 0xff,
    0x10, 0x78, 0xa0, 0xff, 0x00, 0x1c, 0x38, 0xff, 0x08, 0x24, 0x38, 0xff,
    0xb8, 0xc4, 0xc8, 0xff, 0xd0, 0xdc, 0xd8, 0xff, 0xc0, 0xd0, 0xc8, 0xff,
    0xc8, 0xd8, 0xd0, 0xff, 0xc8, 0xd8, 0xd0, 0xff, 0xc8, 0xd0, 0xc8, 0xff,
    0xc8, 0xd4, 0xc8, 0xff, 0xc0, 0xd8, 0xc8, 0xff, 0xc0, 0xd4, 0xc8, 0xff,
    0xc0, 0xd4, 0xc8, 0xff, 0xc0, 0xd4, 0xd0, 0xff, 0xc0, 0xd0, 0xd0, 0xff,
    0xc8, 0xd4, 0xc8, 0xff, 0xc8, 0xd4, 0xc8, 0xff, 0xc0, 0xd4, 0xd0, 0xff,
    0xc8, 0xd8, 0xd0, 0xff, 0xc8, 0xd0, 0xc8, 0xff, 0xc0, 0xd4, 0xc8, 0xff,
    0xc0, 0xd0, 0xc8, 0xff, 0xd0, 0xe4, 0xe0, 0xff, 0x98, 0xac, 0xb8, 0xff,
    0x00, 0x18, 0x30, 0xff, 0x00, 0x1c, 0x38, 0xff, 0x38, 0x98, 0xb8, 0xff,
    0x48, 0xb4, 0xd0, 0xff, 0x00, 0x40, 0x60, 0xff, 0x00, 0x34, 0x50, 0xff,
    0x30, 0x88, 0xa8, 0xff, 0x18, 0x7c, 0xa0, 0xff, 0x10, 0x80, 0xa0, 0xff,
    0x08, 0x7c, 0xa0, 0xff, 0x10, 0x80, 0xa8, 0xff, 0x00, 0x74, 0xa8, 0xff,
    0x08, 0x7c, 0xb0, 0xff, 0x08, 0x78, 0xa0, 0xff, 0x30, 0x88, 0xa0, 0xff,
    0x00, 0x2c, 0x38, 0xf3, 0x28, 0x34, 0x30, 0x75, 0x00, 0x00, 0x00, 0x00,
    0x00, 0x00, 0x00, 0x00, 0x00, 0x00, 0x00, 0x00, 0x00, 0x00, 0x00, 0x00,
    0x00, 0x00, 0x00, 0x00, 0x00, 0x00, 0x00, 0x00, 0x00, 0x00, 0x00, 0x00,
    0x00, 0x00, 0x00, 0x00, 0x00, 0x00, 0x00, 0x00, 0x00, 0x00, 0x00, 0x00,
    0x00, 0x00, 0x00, 0x00, 0x00, 0x00, 0x00, 0x00, 0x00, 0x00, 0x00, 0x00,
    0x00, 0x00, 0x00, 0x00, 0x00, 0x00, 0x00, 0x00, 0x08, 0x1c, 0x20, 0xaa,
    0x08, 0x3c, 0x48, 0xfb, 0x28, 0x84, 0xa0, 0xff, 0x10, 0x80, 0xa0, 0xff,
    0x10, 0x7c, 0xa8, 0xff, 0x10, 0x78, 0xa8, 0xff, 0x08, 0x7c, 0xa8, 0xff,
    0x08, 0x7c, 0xa8, 0xff, 0x10, 0x7c, 0xa8, 0xff, 0x20, 0x88, 0xb0, 0xff,
    0x00, 0x54, 0x70, 0xff, 0x00, 0x24, 0x40, 0xff, 0x30, 0xa4, 0xc8, 0xff,
    0x38, 0xa4, 0xc8, 0xff, 0x00, 0x40, 0x60, 0xff, 0x00, 0x08, 0x20, 0xff,
    0x50, 0x5c, 0x70, 0xff, 0xd8, 0xe0, 0xe8, 0xff, 0xc8, 0xd8, 0xd8, 0xff,
    0xb8, 0xcc, 0xc8, 0xff, 0xc0, 0xd0, 0xc8, 0xff, 0xc8, 0xd4, 0xc8, 0xff,
    0xd0, 0xd8, 0xd0, 0xff, 0xc8, 0xd8, 0xd0, 0xff, 0xc0, 0xd4, 0xc8, 0xff,
    0xc0, 0xd8, 0xd0, 0xff, 0xc8, 0xd4, 0xd0, 0xff, 0xc8, 0xd0, 0xd0, 0xff,
    0xd0, 0xd4, 0xc8, 0xff, 0xd0, 0xd8, 0xd0, 0xff, 0xc0, 0xcc, 0xc8, 0xff,
    0xc0, 0xd0, 0xc8, 0xff, 0xd0, 0xdc, 0xd8, 0xff, 0xc8, 0xd0, 0xc8, 0xff,
    0xd0, 0xe4, 0xe0, 0xff, 0xc0, 0xd4, 0xd0, 0xff, 0x28, 0x44, 0x50, 0xff,
    0x00, 0x0c, 0x20, 0xff, 0x08, 0x60, 0x88, 0xff, 0x48, 0xb0, 0xd8, 0xff,
    0x20, 0x80, 0x98, 0xff, 0x00, 0x04, 0x20, 0xff, 0x18, 0x6c, 0x90, 0xff,
    0x28, 0x84, 0xa8, 0xff, 0x18, 0x80, 0xa0, 0xff, 0x08, 0x78, 0x98, 0xff,
    0x10, 0x80, 0xa8, 0xff, 0x10, 0x80, 0xa8, 0xff, 0x10, 0x80, 0xb0, 0xff,
    0x08, 0x74, 0xa0, 0xff, 0x18, 0x84, 0xa8, 0xff, 0x28, 0x78, 0x90, 0xff,
    0x00, 0x18, 0x20, 0xe3, 0x50, 0x48, 0x40, 0x38, 0x00, 0x00, 0x00, 0x00,
    0x00, 0x00, 0x00, 0x00, 0x00, 0x00, 0x00, 0x00, 0x00, 0x00, 0x00, 0x00,
    0x00, 0x00, 0x00, 0x00, 0x00, 0x00, 0x00, 0x00, 0x00, 0x00, 0x00, 0x00,
    0x00, 0x00, 0x00, 0x00, 0x00, 0x00, 0x00, 0x00, 0x00, 0x00, 0x00, 0x00,
    0x00, 0x00, 0x00, 0x00, 0x00, 0x00, 0x00, 0x00, 0x00, 0x00, 0x00, 0x00,
    0x00, 0x00, 0x00, 0x00, 0x00, 0x00, 0x00, 0x00, 0x40, 0x40, 0x40, 0x45,
    0x00, 0x10, 0x20, 0xf7, 0x28, 0x80, 0x98, 0xff, 0x10, 0x7c, 0x98, 0xff,
    0x10, 0x7c, 0xa0, 0xff, 0x10, 0x80, 0xa8, 0xff, 0x08, 0x7c, 0xa0, 0xff,
    0x08, 0x78, 0xa0, 0xff, 0x10, 0x78, 0xa8, 0xff, 0x18, 0x7c, 0xa8, 0xff,
    0x28, 0x80, 0xa0, 0xff, 0x00, 0x20, 0x38, 0xff, 0x00, 0x4c, 0x70, 0xff,
    0x58, 0xb4, 0xd8, 0xff, 0x48, 0xa0, 0xc8, 0xff, 0x00, 0x24, 0x48, 0xff,
    0x00, 0x08, 0x28, 0xff, 0x50, 0x68, 0x78, 0xff, 0xd0, 0xe0, 0xe8, 0xff,
    0xd0, 0xe0, 0xd8, 0xff, 0xc0, 0xd4, 0xc8, 0xff, 0xc8, 0xd4, 0xc8, 0xff,
    0xc8, 0xd0, 0xc8, 0xff, 0xc8, 0xd0, 0xc8, 0xff, 0xc8, 0xd4, 0xd0, 0xff,
    0xc0, 0xd0, 0xd0, 0xff, 0xc8, 0xd0, 0xd0, 0xff, 0xd0, 0xd4, 0xd0, 0xff,
    0xc8, 0xd4, 0xc8, 0xff, 0xc0, 0xcc, 0xc8, 0xff, 0xc8, 0xd4, 0xd8, 0xff,
    0xc8, 0xd4, 0xd8, 0xff, 0xc8, 0xcc, 0xc8, 0xff, 0xd0, 0xd8, 0xd8, 0xff,
    0xd0, 0xd4, 0xd8, 0xff, 0x40, 0x54, 0x60, 0xff, 0x00, 0x04, 0x18, 0xff,
    0x00, 0x30, 0x48, 0xff, 0x30, 0x94, 0xb8, 0xff, 0x40, 0xa4, 0xc8, 0xff,
    0x00, 0x40, 0x58, 0xff, 0x00, 0x38, 0x50, 0xff, 0x28, 0x7c, 0xa0, 0xff,
    0x10, 0x78, 0xa0, 0xff, 0x10, 0x7c, 0xa0, 0xff, 0x10, 0x7c, 0xa0, 0xff,
    0x10, 0x7c, 0xa0, 0xff, 0x18, 0x80, 0xa8, 0xff, 0x08, 0x7c, 0xa8, 0xff,
    0x10, 0x7c, 0xa0, 0xff, 0x30, 0x8c, 0xa0, 0xff, 0x08, 0x48, 0x58, 0xff,
    0x10, 0x1c, 0x18, 0xaa, 0x70, 0x54, 0x50, 0x08, 0x00, 0x00, 0x00, 0x00,
    0x00, 0x00, 0x00, 0x00, 0x00, 0x00, 0x00, 0x00, 0x00, 0x00, 0x00, 0x00,
    0x00, 0x00, 0x00, 0x00, 0x00, 0x00, 0x00, 0x00, 0x00, 0x00, 0x00, 0x00,
    0x00, 0x00, 0x00, 0x00, 0x00, 0x00, 0x00, 0x00, 0x00, 0x00, 0x00, 0x00,
    0x00, 0x00, 0x00, 0x00, 0x00, 0x00, 0x00, 0x00, 0x00, 0x00, 0x00, 0x00,
    0x00, 0x00, 0x00, 0x00, 0x00, 0x00, 0x00, 0x00, 0x68, 0x5c, 0x58, 0x18,
    0x08, 0x18, 0x20, 0xae, 0x10, 0x54, 0x60, 0xff, 0x28, 0x8c, 0xa0, 0xff,
    0x08, 0x7c, 0x98, 0xff, 0x10, 0x84, 0xa8, 0xff, 0x08, 0x7c, 0xa0, 0xff,
    0x10, 0x80, 0xa8, 0xff, 0x10, 0x78, 0xa0, 0xff, 0x10, 0x78, 0xa0, 0xff,
    0x28, 0x88, 0xa8, 0xff, 0x08, 0x58, 0x78, 0xff, 0x00, 0x0c, 0x30, 0xff,
    0x28, 0x7c, 0xa0, 0xff, 0x40, 0xa4, 0xc8, 0xff, 0x38, 0x94, 0xb0, 0xff,
    0x00, 0x18, 0x38, 0xff, 0x00, 0x08, 0x20, 0xff, 0x40, 0x5c, 0x68, 0xff,
    0xc8, 0xd8, 0xe0, 0xff, 0xc8, 0xdc, 0xd8, 0xff, 0xd0, 0xe0, 0xd8, 0xff,
    0xd0, 0xd4, 0xd0, 0xff, 0xc8, 0xd0, 0xc8, 0xff, 0xc8, 0xd0, 0xd0, 0xff,
    0xc0, 0xd4, 0xd8, 0xff, 0xc8, 0xcc, 0xd0, 0xff, 0xc8, 0xd0, 0xd0, 0xff,
    0xc8, 0xd4, 0xd0, 0xff, 0xd0, 0xdc, 0xd8, 0xff, 0xc0, 0xc8, 0xd0, 0xff,
    0xc8, 0xd0, 0xe0, 0xff, 0xe0, 0xe8, 0xf0, 0xff, 0xb8, 0xc8, 0xc8, 0xff,
    0x40, 0x50, 0x58, 0xff, 0x00, 0x08, 0x18, 0xff, 0x00, 0x20, 0x38, 0xff,
    0x40, 0x94, 0xb8, 0xff, 0x50, 0xb4, 0xd8, 0xff, 0x18, 0x70, 0x90, 0xff,
    0x00, 0x10, 0x30, 0xff, 0x28, 0x68, 0x88, 0xff, 0x28, 0x88, 0xb0, 0xff,
    0x10, 0x7c, 0xa8, 0xff, 0x10, 0x7c, 0xa0, 0xff, 0x10, 0x80, 0xa8, 0xff,
    0x10, 0x7c, 0xa8, 0xff, 0x10, 0x78, 0xa0, 0xff, 0x10, 0x7c, 0xa0, 0xff,
    0x20, 0x84, 0xa0, 0xff, 0x30, 0x7c, 0x90, 0xff, 0x00, 0x14, 0x20, 0xff,
    0x40, 0x40, 0x38, 0x59, 0x00, 0x00, 0x00, 0x00, 0x00, 0x00, 0x00, 0x00,
    0x00, 0x00, 0x00, 0x00, 0x00, 0x00, 0x00, 0x00, 0x00, 0x00, 0x00, 0x00,
    0x00, 0x00, 0x00, 0x00, 0x00, 0x00, 0x00, 0x00, 0x00, 0x00, 0x00, 0x00,
    0x00, 0x00, 0x00, 0x00, 0x00, 0x00, 0x00, 0x00, 0x00, 0x00, 0x00, 0x00,
    0x00, 0x00, 0x00, 0x00, 0x00, 0x00, 0x00, 0x00, 0x00, 0x00, 0x00, 0x00,
    0x00, 0x00, 0x00, 0x00, 0x00, 0x00, 0x00, 0x00, 0x00, 0x00, 0x00, 0x00,
    0x38, 0x38, 0x38, 0x59, 0x00, 0x14, 0x18, 0xef, 0x38, 0x88, 0x98, 0xff,
    0x20, 0x84, 0xa0, 0xff, 0x08, 0x78, 0x98, 0xff, 0x10, 0x7c, 0xa0, 0xff,
    0x18, 0x80, 0xa8, 0xff, 0x10, 0x7c, 0xa8, 0xff, 0x10, 0x7c, 0xa8, 0xff,
    0x18, 0x7c, 0xa0, 0xff, 0x28, 0x84, 0xa0, 0xff, 0x00, 0x30, 0x50, 0xff,
    0x00, 0x14, 0x30, 0xff, 0x30, 0x94, 0xb8, 0xff, 0x48, 0xb4, 0xd8, 0xff,
    0x28, 0x80, 0xa0, 0xff, 0x00, 0x28, 0x48, 0xff, 0x00, 0x08, 0x20, 0xff,
    0x20, 0x3c, 0x50, 0xff, 0x88, 0x9c, 0xa0, 0xff, 0xb8, 0xc8, 0xd0, 0xff,
    0xd8, 0xe8, 0xe8, 0xff, 0xd8, 0xe0, 0xe0, 0xff, 0xc0, 0xd4, 0xd8, 0xff,
    0xc0, 0xd4, 0xd8, 0xff, 0xd0, 0xd4, 0xd8, 0xff, 0xd0, 0xd8, 0xd8, 0xff,
    0xc0, 0xd4, 0xd0, 0xff, 0xc8, 0xe0, 0xe0, 0xff, 0xd0, 0xe0, 0xf0, 0xff,
    0xc0, 0xcc, 0xe0, 0xff, 0x78, 0x80, 0x98, 0xff, 0x20, 0x38, 0x48, 0xff,
    0x00, 0x00, 0x08, 0xff, 0x00, 0x38, 0x48, 0xff, 0x30, 0x94, 0xb8, 0xff,
    0x58, 0xb8, 0xe0, 0xff, 0x30, 0x7c, 0x98, 0xff, 0x00, 0x0c, 0x28, 0xff,
    0x00, 0x44, 0x68, 0xff, 0x38, 0x8c, 0xb8, 0xff, 0x10, 0x78, 0xa0, 0xff,
    0x08, 0x7c, 0xa0, 0xff, 0x08, 0x7c, 0xa0, 0xff, 0x18, 0x88, 0xa8, 0xff,
    0x08, 0x74, 0xa0, 0xff, 0x18, 0x7c, 0xa8, 0xff, 0x18, 0x7c, 0xa0, 0xff,
    0x40, 0x8c, 0xa8, 0xff, 0x08, 0x40, 0x48, 0xff, 0x00, 0x18, 0x18, 0xb2,
    0x58, 0x54, 0x58, 0x08, 0x00, 0x00, 0x00, 0x00, 0x00, 0x00, 0x00, 0x00,
    0x00, 0x00, 0x00, 0x00, 0x00, 0x00, 0x00, 0x00, 0x00, 0x00, 0x00, 0x00,
    0x00, 0x00, 0x00, 0x00, 0x00, 0x00, 0x00, 0x00, 0x00, 0x00, 0x00, 0x00,
    0x00, 0x00, 0x00, 0x00, 0x00, 0x00, 0x00, 0x00, 0x00, 0x00, 0x00, 0x00,
    0x00, 0x00, 0x00, 0x00, 0x00, 0x00, 0x00, 0x00, 0x00, 0x00, 0x00, 0x00,
    0x00, 0x00, 0x00, 0x00, 0x00, 0x00, 0x00, 0x00, 0x00, 0x00, 0x00, 0x00,
    0x60, 0x58, 0x50, 0x18, 0x00, 0x18, 0x18, 0xa2, 0x00, 0x38, 0x48, 0xfb,
    0x38, 0x90, 0xa8, 0xff, 0x08, 0x78, 0x98, 0xff, 0x18, 0x80, 0xa8, 0xff,
    0x10, 0x78, 0xa0, 0xff, 0x10, 0x78, 0xa8, 0xff, 0x18, 0x80, 0xb0, 0xff,
    0x08, 0x78, 0xa0, 0xff, 0x20, 0x84, 0xa0, 0xff, 0x30, 0x7c, 0x98, 0xff,
    0x00, 0x20, 0x38, 0xff, 0x00, 0x20, 0x40, 0xff, 0x40, 0xa0, 0xc0, 0xff,
    0x50, 0xb0, 0xd0, 0xff, 0x48, 0x98, 0xc0, 0xff, 0x00, 0x34, 0x58, 0xff,
    0x00, 0x08, 0x20, 0xff, 0x00, 0x14, 0x28, 0xff, 0x28, 0x44, 0x50, 0xff,
    0x68, 0x80, 0x90, 0xff, 0xa8, 0xb8, 0xc8, 0xff, 0xc0, 0xd4, 0xe0, 0xff,
    0xc8, 0xdc, 0xe0, 0xff, 0xc8, 0xd4, 0xd8, 0xff, 0xc8, 0xd4, 0xd8, 0xff,
    0xc0, 0xd4, 0xd8, 0xff, 0x98, 0xb4, 0xc0, 0xff, 0x60, 0x78, 0x88, 0xff,
    0x20, 0x38, 0x50, 0xff, 0x00, 0x04, 0x20, 0xff, 0x00, 0x0c, 0x28, 0xff,
    0x08, 0x54, 0x60, 0xff, 0x40, 0x9c, 0xb0, 0xff, 0x50, 0xb4, 0xd8, 0xff,
    0x28, 0x80, 0xa8, 0xff, 0x00, 0x14, 0x30, 0xff, 0x00, 0x28, 0x40, 0xff,
    0x38, 0x88, 0xb0, 0xff, 0x10, 0x74, 0x98, 0xff, 0x10, 0x80, 0xa8, 0xff,
    0x08, 0x7c, 0xa8, 0xff, 0x08, 0x80, 0xa0, 0xff, 0x10, 0x7c, 0xa8, 0xff,
    0x08, 0x78, 0xa0, 0xff, 0x18, 0x80, 0xa8, 0xff, 0x28, 0x80, 0xa8, 0xff,
    0x30, 0x70, 0x80, 0xff, 0x00, 0x10, 0x18, 0xe3, 0x40, 0x48, 0x40, 0x41,
    0x00, 0x00, 0x00, 0x00, 0x00, 0x00, 0x00, 0x00, 0x00, 0x00, 0x00, 0x00,
    0x00, 0x00, 0x00, 0x00, 0x00, 0x00, 0x00, 0x00, 0x00, 0x00, 0x00, 0x00,
    0x00, 0x00, 0x00, 0x00, 0x00, 0x00, 0x00, 0x00, 0x00, 0x00, 0x00, 0x00,
    0x00, 0x00, 0x00, 0x00, 0x00, 0x00, 0x00, 0x00, 0x00, 0x00, 0x00, 0x00,
    0x00, 0x00, 0x00, 0x00, 0x00, 0x00, 0x00, 0x00, 0x00, 0x00, 0x00, 0x00,
    0x00, 0x00, 0x00, 0x00, 0x00, 0x00, 0x00, 0x00, 0x00, 0x00, 0x00, 0x00,
    0x00, 0x00, 0x00, 0x00, 0x50, 0x48, 0x40, 0x41, 0x00, 0x08, 0x10, 0xdb,
    0x18, 0x64, 0x80, 0xff, 0x20, 0x84, 0xa8, 0xff, 0x18, 0x80, 0xa8, 0xff,
    0x08, 0x78, 0xa0, 0xff, 0x10, 0x78, 0xa8, 0xff, 0x10, 0x7c, 0xa8, 0xff,
    0x08, 0x7c, 0xa8, 0xff, 0x08, 0x7c, 0xa0, 0xff, 0x20, 0x90, 0xa8, 0xff,
    0x18, 0x78, 0x90, 0xff, 0x00, 0x14, 0x30, 0xff, 0x00, 0x18, 0x38, 0xff,
    0x38, 0x84, 0xa8, 0xff, 0x48, 0xa8, 0xc8, 0xff, 0x48, 0xb0, 0xd0, 0xff,
    0x08, 0x68, 0x88, 0xff, 0x00, 0x28, 0x50, 0xff, 0x00, 0x0c, 0x30, 0xff,
    0x00, 0x00, 0x18, 0xff, 0x00, 0x1c, 0x30, 0xff, 0x30, 0x40, 0x50, 0xff,
    0x48, 0x54, 0x60, 0xff, 0x48, 0x5c, 0x60, 0xff, 0x48, 0x58, 0x60, 0xff,
    0x30, 0x3c, 0x48, 0xff, 0x08, 0x1c, 0x30, 0xff, 0x00, 0x00, 0x18, 0xff,
    0x00, 0x0c, 0x28, 0xff, 0x00, 0x38, 0x50, 0xff, 0x10, 0x6c, 0x88, 0xff,
    0x40, 0xb4, 0xd0, 0xff, 0x40, 0xb0, 0xd0, 0xff, 0x28, 0x70, 0x98, 0xff,
    0x00, 0x18, 0x40, 0xff, 0x00, 0x20, 0x40, 0xff, 0x20, 0x80, 0xa0, 0xff,
    0x20, 0x88, 0xa0, 0xff, 0x10, 0x7c, 0xa0, 0xff, 0x10, 0x84, 0xb0, 0xff,
    0x08, 0x7c, 0xa0, 0xff, 0x10, 0x84, 0xa8, 0xff, 0x00, 0x74, 0xa0, 0xff,
    0x18, 0x84, 0xb0, 0xff, 0x18, 0x74, 0xa0, 0xff, 0x30, 0x7c, 0xa0, 0xff,
    0x00, 0x2c, 0x38, 0xfb, 0x20, 0x28, 0x28, 0x8e, 0x70, 0x5c, 0x58, 0x10,
    0x00, 0x00, 0x00, 0x00, 0x00, 0x00, 0x00, 0x00, 0x00, 0x00, 0x00, 0x00,
    0x00, 0x00, 0x00, 0x00, 0x00, 0x00, 0x00, 0x00, 0x00, 0x00, 0x00, 0x00,
    0x00, 0x00, 0x00, 0x00, 0x00, 0x00, 0x00, 0x00, 0x00, 0x00, 0x00, 0x00,
    0x00, 0x00, 0x00, 0x00, 0x00, 0x00, 0x00, 0x00, 0x00, 0x00, 0x00, 0x00,
    0x00, 0x00, 0x00, 0x00, 0x00, 0x00, 0x00, 0x00, 0x00, 0x00, 0x00, 0x00,
    0x00, 0x00, 0x00, 0x00, 0x00, 0x00, 0x00, 0x00, 0x00, 0x00, 0x00, 0x00,
    0x00, 0x00, 0x00, 0x00, 0x68, 0x68, 0x68, 0x04, 0x28, 0x30, 0x38, 0x5d,
    0x00, 0x1c, 0x30, 0xfb, 0x30, 0x88, 0xa0, 0xff, 0x18, 0x80, 0xa0, 0xff,
    0x10, 0x80, 0xa0, 0xff, 0x10, 0x80, 0xa8, 0xff, 0x08, 0x78, 0xa0, 0xff,
    0x08, 0x7c, 0xa8, 0xff, 0x08, 0x7c, 0xa8, 0xff, 0x00, 0x7c, 0x98, 0xff,
    0x20, 0x90, 0xa8, 0xff, 0x38, 0x74, 0x90, 0xff, 0x00, 0x0c, 0x28, 0xff,
    0x00, 0x0c, 0x28, 0xff, 0x08, 0x60, 0x78, 0xff, 0x48, 0xac, 0xc8, 0xff,
    0x48, 0xac, 0xd0, 0xff, 0x48, 0x9c, 0xc8, 0xff, 0x40, 0x80, 0xa8, 0xff,
    0x20, 0x5c, 0x80, 0xff, 0x00, 0x2c, 0x48, 0xff, 0x00, 0x08, 0x20, 0xff,
    0x00, 0x04, 0x18, 0xff, 0x00, 0x08, 0x18, 0xff, 0x00, 0x00, 0x10, 0xff,
    0x00, 0x10, 0x28, 0xff, 0x00, 0x28, 0x48, 0xff, 0x20, 0x64, 0x80, 0xff,
    0x40, 0x8c, 0xa8, 0xff, 0x48, 0x9c, 0xc0, 0xff, 0x50, 0xb0, 0xd0, 0xff,
    0x40, 0xa8, 0xd0, 0xff, 0x00, 0x50, 0x70, 0xff, 0x00, 0x08, 0x28, 0xff,
    0x00, 0x18, 0x38, 0xff, 0x20, 0x7c, 0xa0, 0xff, 0x20, 0x8c, 0xb0, 0xff,
    0x10, 0x80, 0x98, 0xff, 0x10, 0x80, 0xa0, 0xff, 0x08, 0x78, 0xa8, 0xff,
    0x08, 0x7c, 0xa8, 0xff, 0x08, 0x7c, 0xa8, 0xff, 0x10, 0x84, 0xa8, 0xff,
    0x08, 0x70, 0x98, 0xff, 0x38, 0x8c, 0xb0, 0xff, 0x18, 0x50, 0x68, 0xff,
    0x00, 0x0c, 0x18, 0xc7, 0x50, 0x4c, 0x48, 0x30, 0x00, 0x00, 0x00, 0x00,
    0x00, 0x00, 0x00, 0x00, 0x00, 0x00, 0x00, 0x00, 0x00, 0x00, 0x00, 0x00,
    0x00, 0x00, 0x00, 0x00, 0x00, 0x00, 0x00, 0x00, 0x00, 0x00, 0x00, 0x00,
    0x00, 0x00, 0x00, 0x00, 0x00, 0x00, 0x00, 0x00, 0x00, 0x00, 0x00, 0x00,
    0x00, 0x00, 0x00, 0x00, 0x00, 0x00, 0x00, 0x00, 0x00, 0x00, 0x00, 0x00,
    0x00, 0x00, 0x00, 0x00, 0x00, 0x00, 0x00, 0x00, 0x00, 0x00, 0x00, 0x00,
    0x00, 0x00, 0x00, 0x00, 0x00, 0x00, 0x00, 0x00, 0x00, 0x00, 0x00, 0x00,
    0x00, 0x00, 0x00, 0x00, 0x00, 0x00, 0x00, 0x00, 0x00, 0x00, 0x00, 0x00,
    0x08, 0x1c, 0x20, 0x9e, 0x00, 0x24, 0x30, 0xff, 0x38, 0x94, 0xa0, 0xff,
    0x10, 0x84, 0xa0, 0xff, 0x00, 0x7c, 0xa0, 0xff, 0x00, 0x7c, 0xa8, 0xff,
    0x10, 0x7c, 0xb0, 0xff, 0x10, 0x78, 0xa8, 0xff, 0x10, 0x7c, 0xa8, 0xff,
    0x10, 0x78, 0xa0, 0xff, 0x20, 0x84, 0xa0, 0xff, 0x30, 0x84, 0xa0, 0xff,
    0x00, 0x2c, 0x40, 0xff, 0x00, 0x08, 0x18, 0xff, 0x00, 0x20, 0x38, 0xff,
    0x40, 0x80, 0x98, 0xff, 0x50, 0x9c, 0xc0, 0xff, 0x50, 0xa4, 0xc8, 0xff,
    0x50, 0xb4, 0xe0, 0xff, 0x48, 0xb4, 0xe0, 0xff, 0x30, 0x98, 0xc0, 0xff,
    0x28, 0x94, 0xb8, 0xff, 0x20, 0x98, 0xb8, 0xff, 0x20, 0x94, 0xb8, 0xff,
    0x38, 0xa0, 0xc8, 0xff, 0x50, 0xb4, 0xd8, 0xff, 0x48, 0xb0, 0xd0, 0xff,
    0x48, 0xa8, 0xc8, 0xff, 0x50, 0x9c, 0xb8, 0xff, 0x28, 0x6c, 0x88, 0xff,
    0x00, 0x18, 0x38, 0xff, 0x00, 0x00, 0x20, 0xff, 0x00, 0x38, 0x50, 0xff,
    0x28, 0x8c, 0xa8, 0xff, 0x18, 0x84, 0xa8, 0xff, 0x08, 0x78, 0xa0, 0xff,
    0x18, 0x80, 0xa8, 0xff, 0x18, 0x80, 0xa8, 0xff, 0x08, 0x80, 0xa8, 0xff,
    0x00, 0x7c, 0xa8, 0xff, 0x08, 0x80, 0xa8, 0xff, 0x08, 0x78, 0x98, 0xff,
    0x40, 0x90, 0xb0, 0xff, 0x28, 0x5c, 0x70, 0xff, 0x00, 0x08, 0x10, 0xdb,
    0x40, 0x44, 0x40, 0x49, 0x00, 0x00, 0x00, 0x00, 0x00, 0x00, 0x00, 0x00,
    0x00, 0x00, 0x00, 0x00, 0x00, 0x00, 0x00, 0x00, 0x00, 0x00, 0x00, 0x00,
    0x00, 0x00, 0x00, 0x00, 0x00, 0x00, 0x00, 0x00, 0x00, 0x00, 0x00, 0x00,
    0x00, 0x00, 0x00, 0x00, 0x00, 0x00, 0x00, 0x00, 0x00, 0x00, 0x00, 0x00,
    0x00, 0x00, 0x00, 0x00, 0x00, 0x00, 0x00, 0x00, 0x00, 0x00, 0x00, 0x00,
    0x00, 0x00, 0x00, 0x00, 0x00, 0x00, 0x00, 0x00, 0x00, 0x00, 0x00, 0x00,
    0x00, 0x00, 0x00, 0x00, 0x00, 0x00, 0x00, 0x00, 0x00, 0x00, 0x00, 0x00,
    0x00, 0x00, 0x00, 0x00, 0x00, 0x00, 0x00, 0x00, 0x00, 0x00, 0x00, 0x00,
    0x48, 0x48, 0x40, 0x28, 0x00, 0x20, 0x20, 0xc3, 0x00, 0x44, 0x50, 0xff,
    0x30, 0x8c, 0xa0, 0xff, 0x10, 0x7c, 0x98, 0xff, 0x10, 0x80, 0xa8, 0xff,
    0x10, 0x78, 0xa8, 0xff, 0x10, 0x7c, 0xb0, 0xff, 0x10, 0x78, 0xa8, 0xff,
    0x20, 0x88, 0xb0, 0xff, 0x08, 0x78, 0x98, 0xff, 0x20, 0x88, 0xa0, 0xff,
    0x30, 0x84, 0xa0, 0xff, 0x08, 0x58, 0x68, 0xff, 0x00, 0x1c, 0x30, 0xff,
    0x00, 0x00, 0x18, 0xff, 0x00, 0x1c, 0x38, 0xff, 0x00, 0x4c, 0x70, 0xff,
    0x10, 0x70, 0x98, 0xff, 0x10, 0x80, 0xa8, 0xff, 0x20, 0x94, 0xc0, 0xff,
    0x38, 0xac, 0xd0, 0xff, 0x28, 0xa0, 0xc8, 0xff, 0x38, 0xac, 0xd0, 0xff,
    0x28, 0x98, 0xb8, 0xff, 0x18, 0x80, 0xa0, 0xff, 0x08, 0x6c, 0x88, 0xff,
    0x00, 0x50, 0x68, 0xff, 0x00, 0x1c, 0x38, 0xff, 0x00, 0x00, 0x20, 0xff,
    0x00, 0x18, 0x38, 0xff, 0x18, 0x5c, 0x78, 0xff, 0x28, 0x88, 0xa8, 0xff,
    0x18, 0x84, 0xa8, 0xff, 0x08, 0x7c, 0x98, 0xff, 0x10, 0x80, 0xa8, 0xff,
    0x10, 0x7c, 0xa8, 0xff, 0x10, 0x74, 0xa0, 0xff, 0x10, 0x7c, 0xa8, 0xff,
    0x08, 0x80, 0xa8, 0xff, 0x08, 0x74, 0x98, 0xff, 0x30, 0x90, 0xa8, 0xff,
    0x30, 0x70, 0x88, 0xff, 0x00, 0x00, 0x10, 0xf7, 0x38, 0x38, 0x38, 0x5d,
    0x00, 0x00, 0x00, 0x00, 0x00, 0x00, 0x00, 0x00, 0x00, 0x00, 0x00, 0x00,
    0x00, 0x00, 0x00, 0x00, 0x00, 0x00, 0x00, 0x00, 0x00, 0x00, 0x00, 0x00,
    0x00, 0x00, 0x00, 0x00, 0x00, 0x00, 0x00, 0x00, 0x00, 0x00, 0x00, 0x00,
    0x00, 0x00, 0x00, 0x00, 0x00, 0x00, 0x00, 0x00, 0x00, 0x00, 0x00, 0x00,
    0x00, 0x00, 0x00, 0x00, 0x00, 0x00, 0x00, 0x00, 0x00, 0x00, 0x00, 0x00,
    0x00, 0x00, 0x00, 0x00, 0x00, 0x00, 0x00, 0x00, 0x00, 0x00, 0x00, 0x00,
    0x00, 0x00, 0x00, 0x00, 0x00, 0x00, 0x00, 0x00, 0x00, 0x00, 0x00, 0x00,
    0x00, 0x00, 0x00, 0x00, 0x00, 0x00, 0x00, 0x00, 0x00, 0x00, 0x00, 0x00,
    0x80, 0x80, 0x80, 0x00, 0x40, 0x4c, 0x50, 0x3c, 0x00, 0x0c, 0x10, 0xcf,
    0x20, 0x5c, 0x68, 0xff, 0x40, 0x8c, 0xa8, 0xff, 0x18, 0x7c, 0x98, 0xff,
    0x10, 0x78, 0xa0, 0xff, 0x10, 0x80, 0xa8, 0xff, 0x08, 0x74, 0xa8, 0xff,
    0x08, 0x78, 0xa8, 0xff, 0x18, 0x7c, 0xa8, 0xff, 0x18, 0x7c, 0xa8, 0xff,
    0x18, 0x80, 0xa8, 0xff, 0x18, 0x84, 0xa0, 0xff, 0x20, 0x7c, 0xa0, 0xff,
    0x00, 0x50, 0x68, 0xff, 0x00, 0x18, 0x38, 0xff, 0x00, 0x08, 0x28, 0xff,
    0x00, 0x0c, 0x28, 0xff, 0x00, 0x14, 0x30, 0xff, 0x00, 0x10, 0x20, 0xff,
    0x00, 0x28, 0x38, 0xff, 0x00, 0x28, 0x38, 0xff, 0x00, 0x24, 0x38, 0xff,
    0x00, 0x18, 0x28, 0xff, 0x00, 0x14, 0x20, 0xff, 0x00, 0x10, 0x28, 0xff,
    0x00, 0x0c, 0x28, 0xff, 0x00, 0x18, 0x38, 0xff, 0x10, 0x58, 0x80, 0xff,
    0x30, 0x80, 0xa8, 0xff, 0x28, 0x84, 0xb0, 0xff, 0x18, 0x7c, 0xa0, 0xff,
    0x10, 0x7c, 0xa0, 0xff, 0x10, 0x80, 0xa0, 0xff, 0x08, 0x80, 0xa0, 0xff,
    0x10, 0x80, 0xa0, 0xff, 0x10, 0x7c, 0xa0, 0xff, 0x10, 0x7c, 0xa8, 0xff,
    0x10, 0x78, 0x98, 0xff, 0x38, 0x90, 0xa8, 0xff, 0x30, 0x78, 0x88, 0xff,
    0x00, 0x08, 0x18, 0xfb, 0x10, 0x24, 0x28, 0x8e, 0x70, 0x6c, 0x70, 0x08,
    0x00, 0x00, 0x00, 0x00, 0x00, 0x00, 0x00, 0x00, 0x00, 0x00, 0x00, 0x00,
    0x00, 0x00, 0x00, 0x00, 0x00, 0x00, 0x00, 0x00, 0x00, 0x00, 0x00, 0x00,
    0x00, 0x00, 0x00, 0x00, 0x00, 0x00, 0x00, 0x00, 0x00, 0x00, 0x00, 0x00,
    0x00, 0x00, 0x00, 0x00, 0x00, 0x00, 0x00, 0x00, 0x00, 0x00, 0x00, 0x00,
    0x00, 0x00, 0x00, 0x00, 0x00, 0x00, 0x00, 0x00, 0x00, 0x00, 0x00, 0x00,
    0x00, 0x00, 0x00, 0x00, 0x00, 0x00, 0x00, 0x00, 0x00, 0x00, 0x00, 0x00,
    0x00, 0x00, 0x00, 0x00, 0x00, 0x00, 0x00, 0x00, 0x00, 0x00, 0x00, 0x00,
    0x00, 0x00, 0x00, 0x00, 0x00, 0x00, 0x00, 0x00, 0x00, 0x00, 0x00, 0x00,
    0x00, 0x00, 0x00, 0x00, 0x68, 0x68, 0x68, 0x04, 0x48, 0x4c, 0x50, 0x4d,
    0x00, 0x08, 0x10, 0xdf, 0x10, 0x40, 0x50, 0xff, 0x48, 0x90, 0xa8, 0xff,
    0x20, 0x84, 0xa0, 0xff, 0x10, 0x7c, 0xa0, 0xff, 0x18, 0x88, 0xb0, 0xff,
    0x00, 0x74, 0xa0, 0xff, 0x18, 0x80, 0xb0, 0xff, 0x10, 0x78, 0xa8, 0xff,
    0x08, 0x7c, 0xa0, 0xff, 0x08, 0x7c, 0xa0, 0xff, 0x18, 0x84, 0xa8, 0xff,
    0x28, 0x8c, 0xa8, 0xff, 0x30, 0x7c, 0x98, 0xff, 0x28, 0x60, 0x78, 0xff,
    0x00, 0x1c, 0x30, 0xff, 0x00, 0x10, 0x20, 0xff, 0x00, 0x30, 0x40, 0xff,
    0x00, 0x28, 0x38, 0xff, 0x00, 0x10, 0x20, 0xff, 0x00, 0x24, 0x30, 0xff,
    0x00, 0x2c, 0x30, 0xff, 0x00, 0x1c, 0x28, 0xff, 0x00, 0x24, 0x38, 0xff,
    0x28, 0x64, 0x78, 0xff, 0x38, 0x84, 0xa0, 0xff, 0x28, 0x84, 0xa8, 0xff,
    0x10, 0x74, 0xa0, 0xff, 0x10, 0x80, 0xa8, 0xff, 0x10, 0x7c, 0xa0, 0xff,
    0x10, 0x78, 0xa0, 0xff, 0x10, 0x80, 0xa0, 0xff, 0x08, 0x80, 0xa0, 0xff,
    0x10, 0x80, 0xa0, 0xff, 0x00, 0x78, 0x98, 0xff, 0x18, 0x7c, 0xa0, 0xff,
    0x38, 0x8c, 0xa8, 0xff, 0x28, 0x6c, 0x80, 0xff, 0x00, 0x08, 0x10, 0xff,
    0x10, 0x24, 0x30, 0x96, 0x58, 0x64, 0x60, 0x18, 0x00, 0x00, 0x00, 0x00,
    0x00, 0x00, 0x00, 0x00, 0x00, 0x00, 0x00, 0x00, 0x00, 0x00, 0x00, 0x00,
    0x00, 0x00, 0x00, 0x00, 0x00, 0x00, 0x00, 0x00, 0x00, 0x00, 0x00, 0x00,
    0x00, 0x00, 0x00, 0x00, 0x00, 0x00, 0x00, 0x00, 0x00, 0x00, 0x00, 0x00,
    0x00, 0x00, 0x00, 0x00, 0x00, 0x00, 0x00, 0x00, 0x00, 0x00, 0x00, 0x00,
    0x00, 0x00, 0x00, 0x00, 0x00, 0x00, 0x00, 0x00, 0x00, 0x00, 0x00, 0x00,
    0x00, 0x00, 0x00, 0x00, 0x00, 0x00, 0x00, 0x00, 0x00, 0x00, 0x00, 0x00,
    0x00, 0x00, 0x00, 0x00, 0x00, 0x00, 0x00, 0x00, 0x00, 0x00, 0x00, 0x00,
    0x00, 0x00, 0x00, 0x00, 0x00, 0x00, 0x00, 0x00, 0x00, 0x00, 0x00, 0x00,
    0x00, 0x00, 0x00, 0x00, 0x00, 0x00, 0x00, 0x00, 0x00, 0x00, 0x00, 0x00,
    0x50, 0x48, 0x48, 0x28, 0x00, 0x0c, 0x10, 0xd3, 0x10, 0x38, 0x48, 0xfb,
    0x40, 0x88, 0xa0, 0xff, 0x20, 0x88, 0xa0, 0xff, 0x08, 0x7c, 0x98, 0xff,
    0x00, 0x78, 0x98, 0xff, 0x10, 0x80, 0xa8, 0xff, 0x10, 0x78, 0xa0, 0xff,
    0x10, 0x7c, 0xa8, 0xff, 0x10, 0x7c, 0xa8, 0xff, 0x10, 0x74, 0xa0, 0xff,
    0x18, 0x80, 0xa0, 0xff, 0x20, 0x84, 0x98, 0xff, 0x38, 0x8c, 0xa0, 0xff,
    0x00, 0x3c, 0x50, 0xff, 0x00, 0x38, 0x50, 0xff, 0x48, 0x9c, 0xb0, 0xff,
    0x40, 0x9c, 0xb8, 0xff, 0x40, 0x94, 0xc0, 0xff, 0x50, 0xa4, 0xc0, 0xff,
    0x48, 0x94, 0xa8, 0xff, 0x00, 0x34, 0x40, 0xff, 0x00, 0x34, 0x48, 0xff,
    0x38, 0x80, 0x98, 0xff, 0x28, 0x7c, 0x98, 0xff, 0x18, 0x7c, 0xa0, 0xff,
    0x18, 0x88, 0xb0, 0xff, 0x08, 0x7c, 0xa0, 0xff, 0x10, 0x7c, 0xa8, 0xff,
    0x18, 0x80, 0xa8, 0xff, 0x18, 0x80, 0xa8, 0xff, 0x08, 0x78, 0xa0, 0xff,
    0x08, 0x80, 0xa0, 0xff, 0x18, 0x84, 0xa0, 0xff, 0x30, 0x84, 0xa8, 0xff,
    0x20, 0x60, 0x78, 0xff, 0x00, 0x08, 0x10, 0xe7, 0x20, 0x2c, 0x30, 0x75,
    0x58, 0x54, 0x58, 0x08, 0x00, 0x00, 0x00, 0x00, 0x00, 0x00, 0x00, 0x00,
    0x00, 0x00, 0x00, 0x00, 0x00, 0x00, 0x00, 0x00, 0x00, 0x00, 0x00, 0x00,
    0x00, 0x00, 0x00, 0x00, 0x00, 0x00, 0x00, 0x00, 0x00, 0x00, 0x00, 0x00,
    0x00, 0x00, 0x00, 0x00, 0x00, 0x00, 0x00, 0x00, 0x00, 0x00, 0x00, 0x00,
    0x00, 0x00, 0x00, 0x00, 0x00, 0x00, 0x00, 0x00, 0x00, 0x00, 0x00, 0x00,
    0x00, 0x00, 0x00, 0x00, 0x00, 0x00, 0x00, 0x00, 0x00, 0x00, 0x00, 0x00,
    0x00, 0x00, 0x00, 0x00, 0x00, 0x00, 0x00, 0x00, 0x00, 0x00, 0x00, 0x00,
    0x00, 0x00, 0x00, 0x00, 0x00, 0x00, 0x00, 0x00, 0x00, 0x00, 0x00, 0x00,
    0x00, 0x00, 0x00, 0x00, 0x00, 0x00, 0x00, 0x00, 0x00, 0x00, 0x00, 0x00,
    0x00, 0x00, 0x00, 0x00, 0x00, 0x00, 0x00, 0x00, 0x00, 0x00, 0x00, 0x00,
    0x00, 0x00, 0x00, 0x00, 0x58, 0x50, 0x58, 0x24, 0x08, 0x18, 0x20, 0xae,
    0x00, 0x24, 0x30, 0xef, 0x28, 0x6c, 0x80, 0xff, 0x30, 0x8c, 0xa0, 0xff,
    0x20, 0x8c, 0xa0, 0xff, 0x08, 0x78, 0x98, 0xff, 0x10, 0x7c, 0xa8, 0xff,
    0x10, 0x80, 0xb0, 0xff, 0x10, 0x74, 0xa8, 0xff, 0x10, 0x7c, 0xa8, 0xff,
    0x18, 0x7c, 0xa0, 0xff, 0x18, 0x84, 0xa0, 0xff, 0x18, 0x7c, 0x90, 0xff,
    0x00, 0x38, 0x48, 0xff, 0x00, 0x34, 0x48, 0xff, 0x28, 0x80, 0x98, 0xff,
    0x18, 0x7c, 0x98, 0xff, 0x30, 0x90, 0xb8, 0xff, 0x20, 0x78, 0xa0, 0xff,
    0x20, 0x70, 0x88, 0xff, 0x00, 0x34, 0x48, 0xff, 0x00, 0x2c, 0x48, 0xff,
    0x30, 0x78, 0x98, 0xff, 0x28, 0x84, 0xa0, 0xff, 0x10, 0x7c, 0xa0, 0xff,
    0x00, 0x78, 0x98, 0xff, 0x08, 0x80, 0xa8, 0xff, 0x10, 0x78, 0xa0, 0xff,
    0x18, 0x7c, 0xa8, 0xff, 0x10, 0x70, 0x98, 0xff, 0x18, 0x7c, 0xa0, 0xff,
    0x30, 0x90, 0xa8, 0xff, 0x28, 0x7c, 0x90, 0xff, 0x10, 0x48, 0x60, 0xff,
    0x00, 0x10, 0x20, 0xd7, 0x28, 0x2c, 0x30, 0x65, 0x58, 0x54, 0x58, 0x04,
    0x00, 0x00, 0x00, 0x00, 0x00, 0x00, 0x00, 0x00, 0x00, 0x00, 0x00, 0x00,
    0x00, 0x00, 0x00, 0x00, 0x00, 0x00, 0x00, 0x00, 0x00, 0x00, 0x00, 0x00,
    0x00, 0x00, 0x00, 0x00, 0x00, 0x00, 0x00, 0x00, 0x00, 0x00, 0x00, 0x00,
    0x00, 0x00, 0x00, 0x00, 0x00, 0x00, 0x00, 0x00, 0x00, 0x00, 0x00, 0x00,
    0x00, 0x00, 0x00, 0x00, 0x00, 0x00, 0x00, 0x00, 0x00, 0x00, 0x00, 0x00,
    0x00, 0x00, 0x00, 0x00, 0x00, 0x00, 0x00, 0x00, 0x00, 0x00, 0x00, 0x00,
    0x00, 0x00, 0x00, 0x00, 0x00, 0x00, 0x00, 0x00, 0x00, 0x00, 0x00, 0x00,
    0x00, 0x00, 0x00, 0x00, 0x00, 0x00, 0x00, 0x00, 0x00, 0x00, 0x00, 0x00,
    0x00, 0x00, 0x00, 0x00, 0x00, 0x00, 0x00, 0x00, 0x00, 0x00, 0x00, 0x00,
    0x00, 0x00, 0x00, 0x00, 0x00, 0x00, 0x00, 0x00, 0x00, 0x00, 0x00, 0x00,
    0x00, 0x00, 0x00, 0x00, 0x00, 0x00, 0x00, 0x00, 0x58, 0x50, 0x50, 0x1c,
    0x20, 0x2c, 0x30, 0x71, 0x00, 0x18, 0x20, 0xe3, 0x00, 0x34, 0x40, 0xff,
    0x38, 0x84, 0x98, 0xff, 0x28, 0x94, 0xa8, 0xff, 0x00, 0x78, 0x98, 0xff,
    0x00, 0x78, 0xa0, 0xff, 0x08, 0x7c, 0xa8, 0xff, 0x10, 0x80, 0xa8, 0xff,
    0x10, 0x7c, 0xa0, 0xff, 0x10, 0x88, 0xa0, 0xff, 0x18, 0x84, 0x98, 0xff,
    0x00, 0x38, 0x48, 0xff, 0x00, 0x38, 0x48, 0xff, 0x30, 0x7c, 0x90, 0xff,
    0x10, 0x5c, 0x70, 0xff, 0x18, 0x5c, 0x78, 0xff, 0x10, 0x50, 0x70, 0xff,
    0x20, 0x60, 0x80, 0xff, 0x00, 0x34, 0x50, 0xff, 0x00, 0x2c, 0x50, 0xff,
    0x30, 0x70, 0x90, 0xff, 0x28, 0x7c, 0xa0, 0xff, 0x20, 0x84, 0xa8, 0xff,
    0x10, 0x80, 0xa8, 0xff, 0x08, 0x78, 0xa0, 0xff, 0x10, 0x78, 0xa8, 0xff,
    0x18, 0x7c, 0xa8, 0xff, 0x28, 0x80, 0xa8, 0xff, 0x38, 0x88, 0xa8, 0xff,
    0x20, 0x60, 0x78, 0xff, 0x00, 0x1c, 0x28, 0xfb, 0x00, 0x14, 0x18, 0xb6,
    0x48, 0x48, 0x48, 0x41, 0x00, 0x00, 0x00, 0x00, 0x00, 0x00, 0x00, 0x00,
    0x00, 0x00, 0x00, 0x00, 0x00, 0x00, 0x00, 0x00, 0x00, 0x00, 0x00, 0x00,
    0x00, 0x00, 0x00, 0x00, 0x00, 0x00, 0x00, 0x00, 0x00, 0x00, 0x00, 0x00,
    0x00, 0x00, 0x00, 0x00, 0x00, 0x00, 0x00, 0x00, 0x00, 0x00, 0x00, 0x00,
    0x00, 0x00, 0x00, 0x00, 0x00, 0x00, 0x00, 0x00, 0x00, 0x00, 0x00, 0x00,
    0x00, 0x00, 0x00, 0x00, 0x00, 0x00, 0x00, 0x00, 0x00, 0x00, 0x00, 0x00,
    0x00, 0x00, 0x00, 0x00, 0x00, 0x00, 0x00, 0x00, 0x00, 0x00, 0x00, 0x00,
    0x00, 0x00, 0x00, 0x00, 0x00, 0x00, 0x00, 0x00, 0x00, 0x00, 0x00, 0x00,
    0x00, 0x00, 0x00, 0x00, 0x00, 0x00, 0x00, 0x00, 0x00, 0x00, 0x00, 0x00,
    0x00, 0x00, 0x00, 0x00, 0x00, 0x00, 0x00, 0x00, 0x00, 0x00, 0x00, 0x00,
    0x00, 0x00, 0x00, 0x00, 0x00, 0x00, 0x00, 0x00, 0x00, 0x00, 0x00, 0x00,
    0x00, 0x00, 0x00, 0x00, 0x00, 0x00, 0x00, 0x00, 0x00, 0x00, 0x00, 0x00,
    0x60, 0x60, 0x60, 0x08, 0x40, 0x44, 0x48, 0x30, 0x00, 0x18, 0x18, 0xc3,
    0x00, 0x18, 0x20, 0xff, 0x10, 0x5c, 0x70, 0xff, 0x28, 0x88, 0xa0, 0xff,
    0x28, 0x88, 0xa8, 0xff, 0x18, 0x7c, 0xa8, 0xff, 0x18, 0x7c, 0xa8, 0xff,
    0x10, 0x78, 0xa0, 0xff, 0x08, 0x80, 0x98, 0xff, 0x18, 0x84, 0x98, 0xff,
    0x00, 0x34, 0x48, 0xff, 0x00, 0x34, 0x48, 0xff, 0x40, 0x84, 0x98, 0xff,
    0x18, 0x60, 0x78, 0xff, 0x08, 0x4c, 0x68, 0xff, 0x10, 0x50, 0x70, 0xff,
    0x30, 0x68, 0x88, 0xff, 0x00, 0x2c, 0x50, 0xff, 0x00, 0x28, 0x48, 0xff,
    0x30, 0x7c, 0xa0, 0xff, 0x20, 0x7c, 0xa0, 0xff, 0x10, 0x74, 0xa0, 0xff,
    0x10, 0x74, 0xa0, 0xff, 0x18, 0x80, 0xa8, 0xff, 0x28, 0x84, 0xb0, 0xff,
    0x38, 0x84, 0xa8, 0xff, 0x38, 0x70, 0x90, 0xff, 0x08, 0x30, 0x48, 0xff,
    0x00, 0x08, 0x18, 0xeb, 0x28, 0x38, 0x38, 0x71, 0x58, 0x58, 0x58, 0x1c,
    0x80, 0x80, 0x80, 0x00, 0x00, 0x00, 0x00, 0x00, 0x00, 0x00, 0x00, 0x00,
    0x00, 0x00, 0x00, 0x00, 0x00, 0x00, 0x00, 0x00, 0x00, 0x00, 0x00, 0x00,
    0x00, 0x00, 0x00, 0x00, 0x00, 0x00, 0x00, 0x00, 0x00, 0x00, 0x00, 0x00,
    0x00, 0x00, 0x00, 0x00, 0x00, 0x00, 0x00, 0x00, 0x00, 0x00, 0x00, 0x00,
    0x00, 0x00, 0x00, 0x00, 0x00, 0x00, 0x00, 0x00, 0x00, 0x00, 0x00, 0x00,
    0x00, 0x00, 0x00, 0x00, 0x00, 0x00, 0x00, 0x00, 0x00, 0x00, 0x00, 0x00,
    0x00, 0x00, 0x00, 0x00, 0x00, 0x00, 0x00, 0x00, 0x00, 0x00, 0x00, 0x00,
    0x00, 0x00, 0x00, 0x00, 0x00, 0x00, 0x00, 0x00, 0x00, 0x00, 0x00, 0x00,
    0x00, 0x00, 0x00, 0x00, 0x00, 0x00, 0x00, 0x00, 0x00, 0x00, 0x00, 0x00,
    0x00, 0x00, 0x00, 0x00, 0x00, 0x00, 0x00, 0x00, 0x00, 0x00, 0x00, 0x00,
    0x00, 0x00, 0x00, 0x00, 0x00, 0x00, 0x00, 0x00, 0x00, 0x00, 0x00, 0x00,
    0x00, 0x00, 0x00, 0x00, 0x00, 0x00, 0x00, 0x00, 0x00, 0x00, 0x00, 0x00,
    0x00, 0x00, 0x00, 0x00, 0x00, 0x00, 0x00, 0x00, 0x60, 0x60, 0x60, 0x08,
    0x38, 0x34, 0x38, 0x51, 0x08, 0x10, 0x20, 0xb2, 0x00, 0x1c, 0x28, 0xe7,
    0x18, 0x44, 0x60, 0xff, 0x30, 0x70, 0x90, 0xff, 0x30, 0x84, 0xa8, 0xff,
    0x20, 0x8c, 0xb0, 0xff, 0x08, 0x84, 0xa0, 0xff, 0x18, 0x88, 0xa8, 0xff,
    0x00, 0x34, 0x58, 0xff, 0x00, 0x30, 0x50, 0xff, 0x38, 0x7c, 0xa0, 0xff,
    0x00, 0x28, 0x48, 0xff, 0x00, 0x28, 0x50, 0xff, 0x00, 0x30, 0x50, 0xff,
    0x18, 0x60, 0x78, 0xff, 0x00, 0x30, 0x50, 0xff, 0x00, 0x30, 0x50, 0xff,
    0x20, 0x80, 0xa0, 0xff, 0x20, 0x80, 0xa0, 0xff, 0x20, 0x84, 0xa8, 0xff,
    0x38, 0x90, 0xb0, 0xff, 0x30, 0x78, 0xa0, 0xff, 0x20, 0x54, 0x78, 0xff,
    0x08, 0x2c, 0x40, 0xf7, 0x00, 0x10, 0x20, 0xdb, 0x20, 0x24, 0x28, 0x8e,
    0x50, 0x48, 0x48, 0x1c, 0x00, 0x00, 0x00, 0x00, 0x00, 0x00, 0x00, 0x00,
    0x00, 0x00, 0x00, 0x00, 0x00, 0x00, 0x00, 0x00, 0x00, 0x00, 0x00, 0x00,
    0x00, 0x00, 0x00, 0x00, 0x00, 0x00, 0x00, 0x00, 0x00, 0x00, 0x00, 0x00,
    0x00, 0x00, 0x00, 0x00, 0x00, 0x00, 0x00, 0x00, 0x00, 0x00, 0x00, 0x00,
    0x00, 0x00, 0x00, 0x00, 0x00, 0x00, 0x00, 0x00, 0x00, 0x00, 0x00, 0x00,
    0x00, 0x00, 0x00, 0x00, 0x00, 0x00, 0x00, 0x00, 0x00, 0x00, 0x00, 0x00,
    0x00, 0x00, 0x00, 0x00, 0x00, 0x00, 0x00, 0x00, 0x00, 0x00, 0x00, 0x00,
    0x00, 0x00, 0x00, 0x00, 0x00, 0x00, 0x00, 0x00, 0x00, 0x00, 0x00, 0x00,
    0x00, 0x00, 0x00, 0x00, 0x00, 0x00, 0x00, 0x00, 0x00, 0x00, 0x00, 0x00,
    0x00, 0x00, 0x00, 0x00, 0x00, 0x00, 0x00, 0x00, 0x00, 0x00, 0x00, 0x00,
    0x00, 0x00, 0x00, 0x00, 0x00, 0x00, 0x00, 0x00, 0x00, 0x00, 0x00, 0x00,
    0x00, 0x00, 0x00, 0x00, 0x00, 0x00, 0x00, 0x00, 0x00, 0x00, 0x00, 0x00,
    0x00, 0x00, 0x00, 0x00, 0x00, 0x00, 0x00, 0x00, 0x00, 0x00, 0x00, 0x00,
    0x00, 0x00, 0x00, 0x00, 0x00, 0x00, 0x00, 0x00, 0x00, 0x00, 0x00, 0x00,
    0x00, 0x00, 0x00, 0x00, 0x70, 0x5c, 0x58, 0x0c, 0x48, 0x3c, 0x40, 0x59,
    0x10, 0x10, 0x20, 0xa6, 0x00, 0x04, 0x18, 0xdf, 0x00, 0x24, 0x38, 0xfb,
    0x00, 0x4c, 0x60, 0xff, 0x20, 0x7c, 0x90, 0xff, 0x28, 0x7c, 0x90, 0xff,
    0x10, 0x38, 0x58, 0xff, 0x08, 0x30, 0x50, 0xff, 0x50, 0x94, 0xb0, 0xff,
    0x38, 0x88, 0xa0, 0xff, 0x40, 0x8c, 0xb0, 0xff, 0x40, 0x88, 0xa0, 0xff,
    0x48, 0x88, 0xa0, 0xff, 0x00, 0x38, 0x48, 0xff, 0x00, 0x30, 0x40, 0xff,
    0x30, 0x78, 0x90, 0xff, 0x30, 0x7c, 0x90, 0xff, 0x18, 0x5c, 0x70, 0xff,
    0x00, 0x34, 0x48, 0xff, 0x00, 0x14, 0x28, 0xf3, 0x00, 0x08, 0x10, 0xbe,
    0x20, 0x28, 0x30, 0x82, 0x58, 0x4c, 0x48, 0x30, 0x80, 0x80, 0x40, 0x04,
    0x00, 0x00, 0x00, 0x00, 0x00, 0x00, 0x00, 0x00, 0x00, 0x00, 0x00, 0x00,
    0x00, 0x00, 0x00, 0x00, 0x00, 0x00, 0x00, 0x00, 0x00, 0x00, 0x00, 0x00,
    0x00, 0x00, 0x00, 0x00, 0x00, 0x00, 0x00, 0x00, 0x00, 0x00, 0x00, 0x00,
    0x00, 0x00, 0x00, 0x00, 0x00, 0x00, 0x00, 0x00, 0x00, 0x00, 0x00, 0x00,
    0x00, 0x00, 0x00, 0x00, 0x00, 0x00, 0x00, 0x00, 0x00, 0x00, 0x00, 0x00,
    0x00, 0x00, 0x00, 0x00, 0x00, 0x00, 0x00, 0x00, 0x00, 0x00, 0x00, 0x00,
    0x00, 0x00, 0x00, 0x00, 0x00, 0x00, 0x00, 0x00, 0x00, 0x00, 0x00, 0x00,
    0x00, 0x00, 0x00, 0x00, 0x00, 0x00, 0x00, 0x00, 0x00, 0x00, 0x00, 0x00,
    0x00, 0x00, 0x00, 0x00, 0x00, 0x00, 0x00, 0x00, 0x00, 0x00, 0x00, 0x00,
    0x00, 0x00, 0x00, 0x00, 0x00, 0x00, 0x00, 0x00, 0x00, 0x00, 0x00, 0x00,
    0x00, 0x00, 0x00, 0x00, 0x00, 0x00, 0x00, 0x00, 0x00, 0x00, 0x00, 0x00,
    0x00, 0x00, 0x00, 0x00, 0x00, 0x00, 0x00, 0x00, 0x00, 0x00, 0x00, 0x00,
    0x00, 0x00, 0x00, 0x00, 0x00, 0x00, 0x00, 0x00, 0x00, 0x00, 0x00, 0x00,
    0x00, 0x00, 0x00, 0x00, 0x00, 0x00, 0x00, 0x00, 0x00, 0x00, 0x00, 0x00,
    0x00, 0x00, 0x00, 0x00, 0x00, 0x00, 0x00, 0x00, 0x00, 0x00, 0x00, 0x00,
    0x78, 0x54, 0x58, 0x10, 0x50, 0x48, 0x40, 0x45, 0x28, 0x28, 0x28, 0x6d,
    0x10, 0x18, 0x18, 0x96, 0x00, 0x1c, 0x20, 0xcf, 0x00, 0x1c, 0x20, 0xf3,
    0x08, 0x10, 0x18, 0xfb, 0x00, 0x18, 0x28, 0xfb, 0x28, 0x64, 0x68, 0xff,
    0x30, 0x6c, 0x78, 0xff, 0x38, 0x6c, 0x78, 0xff, 0x48, 0x6c, 0x78, 0xff,
    0x38, 0x5c, 0x68, 0xff, 0x00, 0x1c, 0x28, 0xff, 0x00, 0x10, 0x20, 0xfb,
    0x08, 0x1c, 0x28, 0xf7, 0x00, 0x18, 0x20, 0xe7, 0x10, 0x1c, 0x20, 0xb2,
    0x20, 0x28, 0x28, 0x82, 0x30, 0x3c, 0x38, 0x5d, 0x58, 0x5c, 0x50, 0x28,
    0x80, 0x80, 0x80, 0x00, 0x00, 0x00, 0x00, 0x00, 0x00, 0x00, 0x00, 0x00,
    0x00, 0x00, 0x00, 0x00, 0x00, 0x00, 0x00, 0x00, 0x00, 0x00, 0x00, 0x00,
    0x00, 0x00, 0x00, 0x00, 0x00, 0x00, 0x00, 0x00, 0x00, 0x00, 0x00, 0x00,
    0x00, 0x00, 0x00, 0x00, 0x00, 0x00, 0x00, 0x00, 0x00, 0x00, 0x00, 0x00,
    0x00, 0x00, 0x00, 0x00, 0x00, 0x00, 0x00, 0x00, 0x00, 0x00, 0x00, 0x00,
    0x00, 0x00, 0x00, 0x00, 0x00, 0x00, 0x00, 0x00, 0x00, 0x00, 0x00, 0x00,
    0x00, 0x00, 0x00, 0x00, 0x00, 0x00, 0x00, 0x00, 0x00, 0x00, 0x00, 0x00,
    0x00, 0x00, 0x00, 0x00, 0x00, 0x00, 0x00, 0x00, 0x00, 0x00, 0x00, 0x00,
    0x00, 0x00, 0x00, 0x00, 0x00, 0x00, 0x00, 0x00, 0x00, 0x00, 0x00, 0x00,
    0x00, 0x00, 0x00, 0x00, 0x00, 0x00, 0x00, 0x00, 0x00, 0x00, 0x00, 0x00,
    0x00, 0x00, 0x00, 0x00, 0x00, 0x00, 0x00, 0x00, 0x00, 0x00, 0x00, 0x00,
    0x00, 0x00, 0x00, 0x00, 0x00, 0x00, 0x00, 0x00, 0x00, 0x00, 0x00, 0x00,
    0x00, 0x00, 0x00, 0x00, 0x00, 0x00, 0x00, 0x00, 0x00, 0x00, 0x00, 0x00,
    0x00, 0x00, 0x00, 0x00, 0x00, 0x00, 0x00, 0x00, 0x00, 0x00, 0x00, 0x00,
    0x00, 0x00, 0x00, 0x00, 0x00, 0x00, 0x00, 0x00, 0x00, 0x00, 0x00, 0x00,
    0x00, 0x00, 0x00, 0x00, 0x00, 0x00, 0x00, 0x00, 0x00, 0x00, 0x00, 0x00,
    0x00, 0x00, 0x00, 0x00, 0x00, 0x00, 0x00, 0x00, 0x80, 0x80, 0x40, 0x04,
    0x80, 0x60, 0x60, 0x10, 0x58, 0x48, 0x48, 0x24, 0x48, 0x3c, 0x40, 0x34,
    0x48, 0x40, 0x40, 0x38, 0x38, 0x3c, 0x38, 0x3c, 0x20, 0x3c, 0x38, 0x71,
    0x08, 0x2c, 0x28, 0x8e, 0x08, 0x20, 0x20, 0x92, 0x20, 0x28, 0x28, 0x92,
    0x28, 0x2c, 0x30, 0x7d, 0x28, 0x30, 0x30, 0x59, 0x48, 0x48, 0x48, 0x45,
    0x48, 0x40, 0x38, 0x3c, 0x50, 0x40, 0x38, 0x2c, 0x68, 0x5c, 0x50, 0x18,
    0x80, 0x64, 0x50, 0x0c, 0x00, 0x00, 0x00, 0x00, 0x00, 0x00, 0x00, 0x00,
    0x00, 0x00, 0x00, 0x00, 0x00, 0x00, 0x00, 0x00, 0x00, 0x00, 0x00, 0x00,
    0x00, 0x00, 0x00, 0x00, 0x00, 0x00, 0x00, 0x00, 0x00, 0x00, 0x00, 0x00,
    0x00, 0x00, 0x00, 0x00, 0x00, 0x00, 0x00, 0x00, 0x00, 0x00, 0x00, 0x00,
    0x00, 0x00, 0x00, 0x00, 0x00, 0x00, 0x00, 0x00, 0x00, 0x00, 0x00, 0x00,
    0x00, 0x00, 0x00, 0x00, 0x00, 0x00, 0x00, 0x00, 0x00, 0x00, 0x00, 0x00,
    0x00, 0x00, 0x00, 0x00, 0x00, 0x00, 0x00, 0x00, 0x00, 0x00, 0x00, 0x00,
    0x00, 0x00, 0x00, 0x00, 0x00, 0x00, 0x00, 0x00, 0x00, 0x00, 0x00, 0x00,
    0x00, 0x00, 0x00, 0x00, 0x00, 0x00, 0x00, 0x00, 0x00, 0x00, 0x00, 0x00,
    0x00, 0x00, 0x00, 0x00, 0x00, 0x00, 0x00, 0x00, 0x00, 0x00, 0x00, 0x00,
    0x00, 0x00, 0x00, 0x00, 0x00, 0x00, 0x00, 0x00, 0x00, 0x00, 0x00, 0x00,
    0x00, 0x00, 0x00, 0x00, 0x00, 0x00, 0x00, 0x00, 0x00, 0x00, 0x00, 0x00,
    0x00, 0x00, 0x00, 0x00, 0x00, 0x00, 0x00, 0x00, 0x00, 0x00, 0x00, 0x00,
    0x00, 0x00, 0x00, 0x00, 0x00, 0x00, 0x00, 0x00, 0x00, 0x00, 0x00, 0x00,
    0x00, 0x00, 0x00, 0x00, 0x00, 0x00, 0x00, 0x00, 0x00, 0x00, 0x00, 0x00,
    0x00, 0x00, 0x00, 0x00, 0x00, 0x00, 0x00, 0x00, 0x00, 0x00, 0x00, 0x00,
    0x00, 0x00, 0x00, 0x00, 0x00, 0x00, 0x00, 0x00, 0x00, 0x00, 0x00, 0x00,
    0x00, 0x00, 0x00, 0x00, 0x00, 0x00, 0x00, 0x00, 0x00, 0x00, 0x00, 0x00,
    0x00, 0x00, 0x00, 0x00, 0x00, 0x00, 0x00, 0x00, 0x00, 0x00, 0x00, 0x00,
    0x00, 0x00, 0x00, 0x00, 0x00, 0x00, 0x00, 0x00, 0x00, 0x00, 0x00, 0x00,
    0x00, 0x00, 0x00, 0x00, 0x00, 0x00, 0x00, 0x00, 0x00, 0x00, 0x00, 0x00,
    0x00, 0x00, 0x00, 0x00, 0x00, 0x00, 0x00, 0x00, 0x00, 0x00, 0x00, 0x00,
    0x00, 0x00, 0x00, 0x00, 0x00, 0x00, 0x00, 0x00, 0x00, 0x00, 0x00, 0x00,
    0x00, 0x00, 0x00, 0x00, 0x00, 0x00, 0x00, 0x00, 0x00, 0x00, 0x00, 0x00,
    0x00, 0x00, 0x00, 0x00, 0x00, 0x00, 0x00, 0x00, 0x00, 0x00, 0x00, 0x00,
    0x00, 0x00, 0x00, 0x00, 0x00, 0x00, 0x00, 0x00, 0x00, 0x00, 0x00, 0x00,
    0x00, 0x00, 0x00, 0x00, 0x00, 0x00, 0x00, 0x00, 0x00, 0x00, 0x00, 0x00,
    0x00, 0x00, 0x00, 0x00, 0x00, 0x00, 0x00, 0x00, 0x00, 0x00, 0x00, 0x00,
    0x00, 0x00, 0x00, 0x00, 0x00, 0x00, 0x00, 0x00, 0x00, 0x00, 0x00, 0x00,
    0x00, 0x00, 0x00, 0x00, 0x00, 0x00, 0x00, 0x00, 0x00, 0x00, 0x00, 0x00,
    0x00, 0x00, 0x00, 0x00, 0x00, 0x00, 0x00, 0x00, 0x00, 0x00, 0x00, 0x00,
    0x00, 0x00, 0x00, 0x00, 0x00, 0x00, 0x00, 0x00, 0x00, 0x00, 0x00, 0x00,
    0x00, 0x00, 0x00, 0x00, 0x00, 0x00, 0x00, 0x00, 0x00, 0x00, 0x00, 0x00,
    0x00, 0x00, 0x00, 0x00, 0x00, 0x00, 0x00, 0x00, 0x00, 0x00, 0x00, 0x00,
    0x00, 0x00, 0x00, 0x00, 0x00, 0x00, 0x00, 0x00, 0x00, 0x00, 0x00, 0x00,
    0x00, 0x00, 0x00, 0x00, 0x00, 0x00, 0x00, 0x00, 0x00, 0x00, 0x00, 0x00,
    0x00, 0x00, 0x00, 0x00, 0x00, 0x00, 0x00, 0x00, 0x00, 0x00, 0x00, 0x00,
    0x00, 0x00, 0x00, 0x00, 0x00, 0x00, 0x00, 0x00, 0x00, 0x00, 0x00, 0x00,
    0x00, 0x00, 0x00, 0x00, 0x00, 0x00, 0x00, 0x00, 0x00, 0x00, 0x00, 0x00,
    0x00, 0x00, 0x00, 0x00, 0x00, 0x00, 0x00, 0x00, 0x00, 0x00, 0x00, 0x00,
    0x00, 0x00, 0x00, 0x00, 0x00, 0x00, 0x00, 0x00, 0x00, 0x00, 0x00, 0x00,
    0x00, 0x00, 0x00, 0x00, 0x00, 0x00, 0x00, 0x00, 0x00, 0x00, 0x00, 0x00,
    0x00, 0x00, 0x00, 0x00, 0x00, 0x00, 0x00, 0x00, 0x00, 0x00, 0x00, 0x00,
    0x00, 0x00, 0x00, 0x00, 0x00, 0x00, 0x00, 0x00, 0x00, 0x00, 0x00, 0x00,
    0x00, 0x00, 0x00, 0x00, 0x00, 0x00, 0x00, 0x00, 0x00, 0x00, 0x00, 0x00,
    0x00, 0x00, 0x00, 0x00, 0x00, 0x00, 0x00, 0x00, 0x00, 0x00, 0x00, 0x00,
    0x00, 0x00, 0x00, 0x00, 0x00, 0x00, 0x00, 0x00, 0x00, 0x00, 0x00, 0x00,
    0x00, 0x00, 0x00, 0x00, 0x00, 0x00, 0x00, 0x00, 0x00, 0x00, 0x00, 0x00,
    0x00, 0x00, 0x00, 0x00, 0x00, 0x00, 0x00, 0x00, 0x00, 0x00, 0x00, 0x00,
    0x00, 0x00, 0x00, 0x00, 0x00, 0x00, 0x00, 0x00, 0x00, 0x00, 0x00, 0x00,
    0x00, 0x00, 0x00, 0x00, 0x00, 0x00, 0x00, 0x00, 0x00, 0x00, 0x00, 0x00,
    0x00, 0x00, 0x00, 0x00, 0x00, 0x00, 0x00, 0x00, 0x00, 0x00, 0x00, 0x00,
    0x00, 0x00, 0x00, 0x00, 0x00, 0x00, 0x00, 0x00, 0x00, 0x00, 0x00, 0x00,
    0x00, 0x00, 0x00, 0x00, 0x00, 0x00, 0x00, 0x00, 0x00, 0x00, 0x00, 0x00,
    0x00, 0x00, 0x00, 0x00, 0x00, 0x00, 0x00, 0x00, 0x00, 0x00, 0x00, 0x00,
    0x00, 0x00, 0x00, 0x00, 0x00, 0x00, 0x00, 0x00, 0x00, 0x00, 0x00, 0x00,
    0x00, 0x00, 0x00, 0x00, 0x00, 0x00, 0x00, 0x00, 0x00, 0x00, 0x00, 0x00,
    0x00, 0x00, 0x00, 0x00, 0x00, 0x00, 0x00, 0x00, 0x00, 0x00, 0x00, 0x00,
    0x00, 0x00, 0x00, 0x00, 0x00, 0x00, 0x00, 0x00, 0x00, 0x00, 0x00, 0x00,
    0x00, 0x00, 0x00, 0x00, 0x00, 0x00, 0x00, 0x00, 0x00, 0x00, 0x00, 0x00,
    0x00, 0x00, 0x00, 0x00, 0x00, 0x00, 0x00, 0x00, 0x00, 0x00, 0x00, 0x00,
    0x00, 0x00, 0x00, 0x00, 0x00, 0x00, 0x00, 0x00, 0x00, 0x00, 0x00, 0x00,
    0x00, 0x00, 0x00, 0x00, 0x00, 0x00, 0x00, 0x00, 0x00, 0x00, 0x00, 0x00,
    0x00, 0x00, 0x00, 0x00, 0x00, 0x00, 0x00, 0x00, 0x00, 0x00, 0x00, 0x00,
    0x00, 0x00, 0x00, 0x00, 0x00, 0x00, 0x00, 0x00, 0x00, 0x00, 0x00, 0x00,
    0x00, 0x00, 0x00, 0x00, 0x00, 0x00, 0x00, 0x00, 0x00, 0x00, 0x00, 0x00,
    0x00, 0x00, 0x00, 0x00, 0x00, 0x00, 0x00, 0x00, 0x00, 0x00, 0x00, 0x00,
    0x00, 0x00, 0x00, 0x00, 0x00, 0x00, 0x00, 0x00, 0x00, 0x00, 0x00, 0x00,
    0x00, 0x00, 0x00, 0x00, 0x00, 0x00, 0x00, 0x00, 0x00, 0x00, 0x00, 0x00,
    0x00, 0x00, 0x00, 0x00, 0x00, 0x00, 0x00, 0x00, 0x00, 0x00, 0x00, 0x00,
    0x00, 0x00, 0x00, 0x00, 0x00, 0x00, 0x00, 0x00, 0x00, 0x00, 0x00, 0x00,
    0x00, 0x00, 0x00, 0x00, 0x00, 0x00, 0x00, 0x00, 0x00, 0x00, 0x00, 0x00,
    0x00, 0x00, 0x00, 0x00, 0x00, 0x00, 0x00, 0x00, 0x00, 0x00, 0x00, 0x00,
    0x00, 0x00, 0x00, 0x00, 0x00, 0x00, 0x00, 0x00, 0x00, 0x00, 0x00, 0x00,
    0x00, 0x00, 0x00, 0x00, 0x00, 0x00, 0x00, 0x00, 0x00, 0x00, 0x00, 0x00,
    0x00, 0x00, 0x00, 0x00, 0x00, 0x00, 0x00, 0x00, 0x00, 0x00, 0x00, 0x00,
    0x00, 0x00, 0x00, 0x00, 0x00, 0x00, 0x00, 0x00, 0x00, 0x00, 0x00, 0x00,
    0x00, 0x00, 0x00, 0x00, 0x00, 0x00, 0x00, 0x00, 0x00, 0x00, 0x00, 0x00,
    0x00, 0x00, 0x00, 0x00, 0x00, 0x00, 0x00, 0x00, 0x00, 0x00, 0x00, 0x00,
    0x00, 0x00, 0x00, 0x00, 0x00, 0x00, 0x00, 0x00, 0x00, 0x00, 0x00, 0x00,
    0x00, 0x00, 0x00, 0x00, 0x00, 0x00, 0x00, 0x00, 0x00, 0x00, 0x00, 0x00,
    0x00, 0x00, 0x00, 0x00, 0x00, 0x00, 0x00, 0x00, 0x00, 0x00, 0x00, 0x00,
    0x00, 0x00, 0x00, 0x00, 0x00, 0x00, 0x00, 0x00, 0x00, 0x00, 0x00, 0x00,
    0x00, 0x00, 0x00, 0x00, 0x00, 0x00, 0x00, 0x00, 0x00, 0x00, 0x00, 0x00,
    0x00, 0x00, 0x00, 0x00, 0x00, 0x00, 0x00, 0x00, 0x00, 0x00, 0x00, 0x00,
    0x00, 0x00, 0x00, 0x00, 0x00, 0x00, 0x00, 0x00, 0x00, 0x00, 0x00, 0x00,
    0x00, 0x00, 0x00, 0x00, 0x00, 0x00, 0x00, 0x00, 0x00, 0x00, 0x00, 0x00,
    0x00, 0x00, 0x00, 0x00, 0x00, 0x00, 0x00, 0x00, 0x00, 0x00, 0x00, 0x00,
    0x00, 0x00, 0x00, 0x00, 0x00, 0x00, 0x00, 0x00, 0x00, 0x00, 0x00, 0x00,
    0x00, 0x00, 0x00, 0x00, 0x00, 0x00, 0x00, 0x00, 0x00, 0x00, 0x00, 0x00,
    0x00, 0x00, 0x00, 0x00, 0x00, 0x00, 0x00, 0x00, 0x00, 0x00, 0x00, 0x00,
    0x00, 0x00, 0x00, 0x00, 0x00, 0x00, 0x00, 0x00, 0x00, 0x00, 0x00, 0x00,
    0x00, 0x00, 0x00, 0x00, 0x00, 0x00, 0x00, 0x00, 0x00, 0x00, 0x00, 0x00,
    0x00, 0x00, 0x00, 0x00, 0x00, 0x00, 0x00, 0x00, 0x00, 0x00, 0x00, 0x00,
    0x00, 0x00, 0x00, 0x00, 0x00, 0x00, 0x00, 0x00, 0x00, 0x00, 0x00, 0x00,
    0x00, 0x00, 0x00, 0x00, 0x00, 0x00, 0x00, 0x00, 0x00, 0x00, 0x00, 0x00,
    0x00, 0x00, 0x00, 0x00, 0x00, 0x00, 0x00, 0x00, 0x00, 0x00, 0x00, 0x00,
    0x00, 0x00, 0x00, 0x00, 0x00, 0x00, 0x00, 0x00, 0x00, 0x00, 0x00, 0x00,
    0x00, 0x00, 0x00, 0x00, 0x00, 0x00, 0x00, 0x00, 0x00, 0x00, 0x00, 0x00,
    0x00, 0x00, 0x00, 0x00, 0x00, 0x00, 0x00, 0x00, 0x00, 0x00, 0x00, 0x00,
    0x00, 0x00, 0x00, 0x00, 0x00, 0x00, 0x00, 0x00, 0x00, 0x00, 0x00, 0x00,
    0x00, 0x00, 0x00, 0x00, 0x00, 0x00, 0x00, 0x00, 0x00, 0x00, 0x00, 0x00,
    0x00, 0x00, 0x00, 0x00, 0x00, 0x00, 0x00, 0x00, 0x00, 0x00, 0x00, 0x00,
    0x00, 0x00, 0x00, 0x00, 0x00, 0x00, 0x00, 0x00, 0x00, 0x00, 0x00, 0x00,
    0x00, 0x00, 0x00, 0x00, 0x00, 0x00, 0x00, 0x00, 0x00, 0x00, 0x00, 0x00,
    0x00, 0x00, 0x00, 0x00, 0x00, 0x00, 0x00, 0x00, 0x00, 0x00, 0x00, 0x00,
    0x00, 0x00, 0x00, 0x00, 0x00, 0x00, 0x00, 0x00, 0x00, 0x00, 0x00, 0x00,
    0x00, 0x00, 0x00, 0x00, 0x00, 0x00, 0x00, 0x00, 0x00, 0x00, 0x00, 0x00,
    0x00, 0x00, 0x00, 0x00, 0x00, 0x00, 0x00, 0x00, 0x00, 0x00, 0x00, 0x00,
    0x00, 0x00, 0x00, 0x00, 0x00, 0x00, 0x00, 0x00, 0x00, 0x00, 0x00, 0x00,
    0x00, 0x00, 0x00, 0x00, 0x00, 0x00, 0x00, 0x00, 0x00, 0x00, 0x00, 0x00,
    0x00, 0x00, 0x00, 0x00, 0x00, 0x00, 0x00, 0x00, 0x00, 0x00, 0x00, 0x00,
    0x00, 0x00, 0x00, 0x00, 0x00, 0x00, 0x00, 0x00, 0x00, 0x00, 0x00, 0x00,
    0x00, 0x00, 0x00, 0x00, 0x00, 0x00, 0x00, 0x00, 0x00, 0x00, 0x00, 0x00,
    0x00, 0x00, 0x00, 0x00, 0x00, 0x00, 0x00, 0x00, 0x00, 0x00, 0x00, 0x00,
    0x00, 0x00, 0x00, 0x00, 0x00, 0x00, 0x00, 0x00, 0x00, 0x00, 0x00, 0x00,
    0x00, 0x00, 0x00, 0x00, 0x00, 0x00, 0x00, 0x00, 0x00, 0x00, 0x00, 0x00,
    0x00, 0x00, 0x00, 0x00, 0x00, 0x00, 0x00, 0x00, 0x00, 0x00, 0x00, 0x00,
    0x00, 0x00, 0x00, 0x00, 0x00, 0x00, 0x00, 0x00, 0x00, 0x00, 0x00, 0x00,
    0x00, 0x00, 0x00, 0x00, 0x00, 0x00, 0x00, 0x00, 0x00, 0x00, 0x00, 0x00,
    0x00, 0x00, 0x00, 0x00, 0x00, 0x00, 0x00, 0x00, 0x00, 0x00, 0x00, 0x00,
    0x00, 0x00, 0x00, 0x00, 0x00, 0x00, 0x00, 0x00, 0x00, 0x00, 0x00, 0x00,
    0x00, 0x00, 0x00, 0x00, 0x00, 0x00, 0x00, 0x00, 0x00, 0x00, 0x00, 0x00,
    0x00, 0x00, 0x00, 0x00, 0x00, 0x00, 0x00, 0x00, 0x00, 0x00, 0x00, 0x00,
    0x00, 0x00, 0x00, 0x00, 0x00, 0x00, 0x00, 0x00, 0x00, 0x00, 0x00, 0x00,
    0x00, 0x00, 0x00, 0x00, 0x00, 0x00, 0x00, 0x00, 0x00, 0x00, 0x00, 0x00,
    0x00, 0x00, 0x00, 0x00, 0x00, 0x00, 0x00, 0x00, 0x00, 0x00, 0x00, 0x00,
    0x00, 0x00, 0x00, 0x00, 0x00, 0x00, 0x00, 0x00, 0x00, 0x00, 0x00, 0x00,
    0x00, 0x00, 0x00, 0x00, 0x00, 0x00, 0x00, 0x00, 0x00, 0x00, 0x00, 0x00,
    0x00, 0x00, 0x00, 0x00, 0x00, 0x00, 0x00, 0x00, 0x00, 0x00, 0x00, 0x00,
    0x00, 0x00, 0x00, 0x00, 0x00, 0x00, 0x00, 0x00, 0x00, 0x00, 0x00, 0x00,
    0x00, 0x00, 0x00, 0x00, 0x00, 0x00, 0x00, 0x00, 0x00, 0x00, 0x00, 0x00,
    0x00, 0x00, 0x00, 0x00, 0x00, 0x00, 0x00, 0x00, 0x00, 0x00, 0x00, 0x00,
    0x00, 0x00, 0x00, 0x00, 0x00, 0x00, 0x00, 0x00, 0x00, 0x00, 0x00, 0x00,
    0x00, 0x00, 0x00, 0x00, 0x00, 0x00, 0x00, 0x00, 0x00, 0x00, 0x00, 0x00,
    0x00, 0x00, 0x00, 0x00, 0x00, 0x00, 0x00, 0x00, 0x00, 0x00, 0x00, 0x00,
    0x00, 0x00, 0x00, 0x00, 0x00, 0x00, 0x00, 0x00, 0x00, 0x00, 0x00, 0x00,
    0x00, 0x00, 0x00, 0x00, 0x00, 0x00, 0x00, 0x00, 0x00, 0x00, 0x00, 0x00,
    0x00, 0x00, 0x00, 0x00, 0x00, 0x00, 0x00, 0x00, 0x00, 0x00, 0x00, 0x00,
    0x00, 0x00, 0x00, 0x00, 0x00, 0x00, 0x00, 0x00, 0x00, 0x00, 0x00, 0x00,
    0x00, 0x00, 0x00, 0x00, 0x00, 0x00, 0x00, 0x00, 0x00, 0x00, 0x00, 0x00,
    0x00, 0x00, 0x00, 0x00, 0x00, 0x00, 0x00, 0x00, 0x00, 0x00, 0x00, 0x00,
    0x00, 0x00, 0x00, 0x00, 0x00, 0x00, 0x00, 0x00, 0x00, 0x00, 0x00, 0x00,
    0x00, 0x00, 0x00, 0x00, 0x00, 0x00, 0x00, 0x00, 0x00, 0x00, 0x00, 0x00,
    0x00, 0x00, 0x00, 0x00, 0x00, 0x00, 0x00, 0x00, 0x00, 0x00, 0x00, 0x00,
    0x00, 0x00, 0x00, 0x00, 0x00, 0x00, 0x00, 0x00, 0x00, 0x00, 0x00, 0x00,
    0x00, 0x00, 0x00, 0x00, 0x00, 0x00, 0x00, 0x00, 0x00, 0x00, 0x00, 0x00,
    0x00, 0x00, 0x00, 0x00, 0x00, 0x00, 0x00, 0x00, 0x00, 0x00, 0x00, 0x00,
    0x00, 0x00, 0x00, 0x00, 0x00, 0x00, 0x00, 0x00, 0x00, 0x00, 0x00, 0x00,
    0x00, 0x00, 0x00, 0x00, 0x00, 0x00, 0x00, 0x00, 0x00, 0x00, 0x00, 0x00,
    0x00, 0x00, 0x00, 0x00, 0x00, 0x00, 0x00, 0x00, 0x00, 0x00, 0x00, 0x00,
    0x00, 0x00, 0x00, 0x00, 0x00, 0x00, 0x00, 0x00, 0x00, 0x00, 0x00, 0x00,
    0x00, 0x00, 0x00, 0x00, 0x00, 0x00, 0x00, 0x00, 0x00, 0x00, 0x00, 0x00,
    0x00, 0x00, 0x00, 0x00, 0x00, 0x00, 0x00, 0x00, 0x00, 0x00, 0x00, 0x00,
    0x00, 0x00, 0x00, 0x00, 0x00, 0x00, 0x00, 0x00, 0x00, 0x00, 0x00, 0x00,
    0x00, 0x00, 0x00, 0x00, 0x00, 0x00, 0x00, 0x00, 0x00, 0x00, 0x00, 0x00,
    0x00, 0x00, 0x00, 0x00, 0x00, 0x00, 0x00, 0x00, 0x00, 0x00, 0x00, 0x00,
    0x00, 0x00, 0x00, 0x00, 0x00, 0x00, 0x00, 0x00, 0x00, 0x00, 0x00, 0x00,
    0x00, 0x00, 0x00, 0x00, 0x00, 0x00, 0x00, 0x00, 0x00, 0x00, 0x00, 0x00,
    0x00, 0x00, 0x00, 0x00, 0x00, 0x00, 0x00, 0x00, 0x00, 0x00, 0x00, 0x00,
    0x00, 0x00, 0x00, 0x00, 0x00, 0x00, 0x00, 0x00, 0x00, 0x00, 0x00, 0x00,
    0x00, 0x00, 0x00, 0x00, 0x00, 0x00, 0x00, 0x00, 0x00, 0x00, 0x00, 0x00,
    0x00, 0x00, 0x00, 0x00, 0x00, 0x00, 0x00, 0x00, 0x00, 0x00, 0x00, 0x00,
    0x00, 0x00, 0x00, 0x00, 0x00, 0x00, 0x00, 0x00, 0x00, 0x00, 0x00, 0x00,
    0x00, 0x00, 0x00, 0x00, 0x00, 0x00, 0x00, 0x00, 0x00, 0x00, 0x00, 0x00,
    0x00, 0x00, 0x00, 0x00, 0x00, 0x00, 0x00, 0x00, 0x00, 0x00, 0x00, 0x00,
    0x00, 0x00, 0x00, 0x00, 0x00, 0x00, 0x00, 0x00, 0x00, 0x00, 0x00, 0x00,
    0x00, 0x00, 0x00, 0x00, 0x00, 0x00, 0x00, 0x00, 0x00, 0x00, 0x00, 0x00,
    0x00, 0x00, 0x00, 0x00, 0x00, 0x00, 0x00, 0x00, 0x00, 0x00, 0x00, 0x00,
    0x00, 0x00, 0x00, 0x00, 0x00, 0x00, 0x00, 0x00, 0x00, 0x00, 0x00, 0x00,
    0x00, 0x00, 0x00, 0x00, 0x00, 0x00, 0x00, 0x00, 0x00, 0x00, 0x00, 0x00,
    0x00, 0x00, 0x00, 0x00, 0x00, 0x00, 0x00, 0x00, 0x00, 0x00, 0x00, 0x00,
    0x00, 0x00, 0x00, 0x00, 0x00, 0x00, 0x00, 0x00, 0x00, 0x00, 0x00, 0x00,
    0x00, 0x00, 0x00, 0x00, 0x00, 0x00, 0x00, 0x00, 0x00, 0x00, 0x00, 0x00,
    0x00, 0x00, 0x00, 0x00, 0x00, 0x00, 0x00, 0x00, 0x00, 0x00, 0x00, 0x00,
    0x00, 0x00, 0x00, 0x00, 0x00, 0x00, 0x00, 0x00, 0x00, 0x00, 0x00, 0x00,
    0x00, 0x00, 0x00, 0x00, 0x00, 0x00, 0x00, 0x00, 0x00, 0x00, 0x00, 0x00,
    0x00, 0x00, 0x00, 0x00, 0x00, 0x00, 0x00, 0x00, 0x00, 0x00, 0x00, 0x00,
    0x00, 0x00, 0x00, 0x00, 0x00, 0x00, 0x00, 0x00, 0x00, 0x00, 0x00, 0x00,
    0x00, 0x00, 0x00, 0x00, 0x00, 0x00, 0x00, 0x00, 0x00, 0x00, 0x00, 0x00,
    0x00, 0x00, 0x00, 0x00, 0x00, 0x00, 0x00, 0x00, 0x00, 0x00, 0x00, 0x00,
    0x00, 0x00, 0x00, 0x00, 0x00, 0x00, 0x00, 0x00, 0x00, 0x00, 0x00, 0x00,
    0x00, 0x00, 0x00, 0x00, 0x00, 0x00, 0x00, 0x00, 0x00, 0x00, 0x00, 0x00,
    0x00, 0x00, 0x00, 0x00, 0x00, 0x00, 0x00, 0x00, 0x00, 0x00, 0x00, 0x00,
    0x00, 0x00, 0x00, 0x00, 0x00, 0x00, 0x00, 0x00, 0x00, 0x00, 0x00, 0x00,
    0x00, 0x00, 0x00, 0x00, 0x00, 0x00, 0x00, 0x00, 0x00, 0x00, 0x00, 0x00,
    0x00, 0x00, 0x00, 0x00, 0x00, 0x00, 0x00, 0x00, 0x00, 0x00, 0x00, 0x00,
    0x00, 0x00, 0x00, 0x00, 0x00, 0x00, 0x00, 0x00, 0x00, 0x00, 0x00, 0x00,
    0x00, 0x00, 0x00, 0x00, 0x00, 0x00, 0x00, 0x00, 0x00, 0x00, 0x00, 0x00,
    0x00, 0x00, 0x00, 0x00, 0x00, 0x00, 0x00, 0x00, 0x00, 0x00, 0x00, 0x00,
    0x00, 0x00, 0x00, 0x00, 0x00, 0x00, 0x00, 0x00, 0x00, 0x00, 0x00, 0x00,
    0x00, 0x00, 0x00, 0x00, 0x00, 0x00, 0x00, 0x00, 0x00, 0x00, 0x00, 0x00,
    0x00, 0x00, 0x00, 0x00, 0x00, 0x00, 0x00, 0x00, 0x00, 0x00, 0x00, 0x00,
    0x00, 0x00, 0x00, 0x00, 0x00, 0x00, 0x00, 0x00, 0x00, 0x00, 0x00, 0x00,
    0x00, 0x00, 0x00, 0x00, 0x00, 0x00, 0x00, 0x00, 0x00, 0x00, 0x00, 0x00,
    0x00, 0x00, 0x00, 0x00, 0x00, 0x00, 0x00, 0x00, 0x00, 0x00, 0x00, 0x00,
    0x00, 0x00, 0x00, 0x00, 0x00, 0x00, 0x00, 0x00, 0x00, 0x00, 0x00, 0x00,
    0x00, 0x00, 0x00, 0x00, 0x00, 0x00, 0x00, 0x00, 0x00, 0x00, 0x00, 0x00,
    0x00, 0x00, 0x00, 0x00, 0x00, 0x00, 0x00, 0x00, 0x00, 0x00, 0x00, 0x00,
    0x00, 0x00, 0x00, 0x00, 0x00, 0x00, 0x00, 0x00, 0x00, 0x00, 0x00, 0x00,
    0x00, 0x00, 0x00, 0x00, 0x00, 0x00, 0x00, 0x00, 0x00, 0x00, 0x00, 0x00,
    0x00, 0x00, 0x00, 0x00, 0x00, 0x00, 0x00, 0x00, 0x00, 0x00, 0x00, 0x00,
    0x00, 0x00, 0x00, 0x00, 0x00, 0x00, 0x00, 0x00, 0x00, 0x00, 0x00, 0x00,
    0x00, 0x00, 0x00, 0x00, 0x00, 0x00, 0x00, 0x00, 0x00, 0x00, 0x00, 0x00,
    0x00, 0x00, 0x00, 0x00, 0x00, 0x00, 0x00, 0x00, 0x00, 0x00, 0x00, 0x00,
    0x00, 0x00, 0x00, 0x00, 0x00, 0x00, 0x00, 0x00, 0x00, 0x00, 0x00, 0x00,
    0x00, 0x00, 0x00, 0x00, 0x00, 0x00, 0x00, 0x00, 0x00, 0x00, 0x00, 0x00,
    0x00, 0x00, 0x00, 0x00, 0x00, 0x00, 0x00, 0x00, 0x00, 0x00, 0x00, 0x00,
    0x00, 0x00, 0x00, 0x00, 0x00, 0x00, 0x00, 0x00, 0x00, 0x00, 0x00, 0x00,
    0x00, 0x00, 0x00, 0x00, 0x00, 0x00, 0x00, 0x00, 0x00, 0x00, 0x00, 0x00,
    0x00, 0x00, 0x00, 0x00, 0x00, 0x00, 0x00, 0x00, 0x00, 0x00, 0x00, 0x00,
    0x00, 0x00, 0x00, 0x00, 0x00, 0x00, 0x00, 0x00, 0x00, 0x00, 0x00, 0x00,
    0x00, 0x00, 0x00, 0x00, 0x00, 0x00, 0x00, 0x00, 0x00, 0x00, 0x00, 0x00,
    0x00, 0x00, 0x00, 0x00, 0x00, 0x00, 0x00, 0x00, 0x00, 0x00, 0x00, 0x00,
    0x00, 0x00, 0x00, 0x00, 0x00, 0x00, 0x00, 0x00, 0x00, 0x00, 0x00, 0x00,
    0x00, 0x00, 0x00, 0x00, 0x00, 0x00, 0x00, 0x00, 0x00, 0x00, 0x00, 0x00,
    0x00, 0x00, 0x00, 0x00, 0x00, 0x00, 0x00, 0x00, 0x00, 0x00, 0x00, 0x00,
    0x00, 0x00, 0x00, 0x00, 0x00, 0x00, 0x00, 0x00, 0x00, 0x00, 0x00, 0x00,
    0x00, 0x00, 0x00, 0x00, 0x00, 0x00, 0x00, 0x00, 0x00, 0x00, 0x00, 0x00,
    0x00, 0x00, 0x00, 0x00, 0x00, 0x00, 0x00, 0x00, 0x00, 0x00, 0x00, 0x00,
    0x00, 0x00, 0x00, 0x00, 0x00, 0x00, 0x00, 0x00, 0x00, 0x00, 0x00, 0x00,
    0x00, 0x00, 0x00, 0x00, 0x00, 0x00, 0x00, 0x00, 0x00, 0x00, 0x00, 0x00,
    0x00, 0x00, 0x00, 0x00, 0x00, 0x00, 0x00, 0x00, 0x00, 0x00, 0x00, 0x00,
    0x00, 0x00, 0x00, 0x00, 0x00, 0x00, 0x00, 0x00, 0x00, 0x00, 0x00, 0x00,
    0x00, 0x00, 0x00, 0x00, 0x00, 0x00, 0x00, 0x00, 0x00, 0x00, 0x00, 0x00,
    0x00, 0x00, 0x00, 0x00, 0x00, 0x00, 0x00, 0x00, 0x00, 0x00, 0x00, 0x00,
    0x00, 0x00, 0x00, 0x00, 0x00, 0x00, 0x00, 0x00, 0x00, 0x00, 0x00, 0x00,
    0x00, 0x00, 0x00, 0x00, 0x00, 0x00, 0x00, 0x00, 0x00, 0x00, 0x00, 0x00,
    0x00, 0x00, 0x00, 0x00, 0x00, 0x00, 0x00, 0x00, 0x00, 0x00, 0x00, 0x00,
    0x00, 0x00, 0x00, 0x00, 0x00, 0x00, 0x00, 0x00, 0x00, 0x00, 0x00, 0x00,
    0x00, 0x00, 0x00, 0x00, 0x00, 0x00, 0x00, 0x00, 0x00, 0x00, 0x00, 0x00,
    0x00, 0x00, 0x00, 0x00, 0x00, 0x00, 0x00, 0x00, 0x00, 0x00, 0x00, 0x00,
    0x00, 0x00, 0x00, 0x00, 0x00, 0x00, 0x00, 0x00, 0x00, 0x00, 0x00, 0x00,
    0x00, 0x00, 0x00, 0x00, 0x00, 0x00, 0x00, 0x00, 0x00, 0x00, 0x00, 0x00,
    0x00, 0x00, 0x00, 0x00, 0x00, 0x00, 0x00, 0x00, 0x00, 0x00, 0x00, 0x00,
    0x00, 0x00, 0x00, 0x00, 0x00, 0x00, 0x00, 0x00, 0x00, 0x00, 0x00, 0x00,
    0x00, 0x00, 0x00, 0x00, 0x00, 0x00, 0x00, 0x00, 0x00, 0x00, 0x00, 0x00,
    0x00, 0x00, 0x00, 0x00, 0x00, 0x00, 0x00, 0x00, 0x00, 0x00, 0x00, 0x00,
    0x00, 0x00, 0x00, 0x00, 0x00, 0x00, 0x00, 0x00, 0x00, 0x00, 0x00, 0x00,
    0x00, 0x00, 0x00, 0x00, 0x00, 0x00, 0x00, 0x00, 0x00, 0x00, 0x00, 0x00,
    0x00, 0x00, 0x00, 0x00, 0x00, 0x00, 0x00, 0x00, 0x00, 0x00, 0x00, 0x00,
    0x00, 0x00, 0x00, 0x00, 0x00, 0x00, 0x00, 0x00, 0x00, 0x00, 0x00, 0x00,
    0x00, 0x00, 0x00, 0x00, 0x00, 0x00, 0x00, 0x00, 0x00, 0x00, 0x00, 0x00,
    0x00, 0x00, 0x00, 0x00, 0x00, 0x00, 0x00, 0x00, 0x00, 0x00, 0x00, 0x00,
    0x00, 0x00, 0x00, 0x00, 0x00, 0x00, 0x00, 0x00, 0x00, 0x00, 0x00, 0x00,
    0x00, 0x00, 0x00, 0x00, 0x00, 0x00, 0x00, 0x00, 0x00, 0x00, 0x00, 0x00,
    0x00, 0x00, 0x00, 0x00, 0x00, 0x00, 0x00, 0x00, 0x00, 0x00, 0x00, 0x00,
    0x00, 0x00, 0x00, 0x00, 0x00, 0x00, 0x00, 0x00, 0x00, 0x00, 0x00, 0x00,
    0x00, 0x00, 0x00, 0x00, 0x00, 0x00, 0x00, 0x00, 0x00, 0x00, 0x00, 0x00,
    0x00, 0x00, 0x00, 0x00, 0x00, 0x00, 0x00, 0x00, 0x00, 0x00, 0x00, 0x00,
    0x00, 0x00, 0x00, 0x00, 0x00, 0x00, 0x00, 0x00, 0x00, 0x00, 0x00, 0x00,
    0x00, 0x00, 0x00, 0x00, 0x00, 0x00, 0x00, 0x00, 0x00, 0x00, 0x00, 0x00,
    0x00, 0x00, 0x00, 0x00, 0x00, 0x00, 0x00, 0x00, 0x00, 0x00, 0x00, 0x00,
    0x00, 0x00, 0x00, 0x00, 0x00, 0x00, 0x00, 0x00, 0x00, 0x00, 0x00, 0x00,
    0x00, 0x00, 0x00, 0x00, 0x00, 0x00, 0x00, 0x00, 0x00, 0x00, 0x00, 0x00,
    0x00, 0x00, 0x00, 0x00, 0x00, 0x00, 0x00, 0x00, 0x00, 0x00, 0x00, 0x00,
    0x00, 0x00, 0x00, 0x00, 0x00, 0x00, 0x00, 0x00, 0x00, 0x00, 0x00, 0x00,
    0x00, 0x00, 0x00, 0x00, 0x00, 0x00, 0x00, 0x00, 0x00, 0x00, 0x00, 0x00,
    0x00, 0x00, 0x00, 0x00, 0x00, 0x00, 0x00, 0x00, 0x00, 0x00, 0x00, 0x00,
    0x00, 0x00, 0x00, 0x00, 0x00, 0x00, 0x00, 0x00, 0x00, 0x00, 0x00, 0x00,
    0x00, 0x00, 0x00, 0x00, 0x00, 0x00, 0x00, 0x00, 0x00, 0x00, 0x00, 0x00,
    0x00, 0x00, 0x00, 0x00, 0x00, 0x00, 0x00, 0x00, 0x00, 0x00, 0x00, 0x00,
    0x00, 0x00, 0x00, 0x00, 0x00, 0x00, 0x00, 0x00, 0x00, 0x00, 0x00, 0x00,
    0x00, 0x00, 0x00, 0x00, 0x00, 0x00, 0x00, 0x00, 0x00, 0x00, 0x00, 0x00,
    0x00, 0x00, 0x00, 0x00, 0x00, 0x00, 0x00, 0x00, 0x00, 0x00, 0x00, 0x00,
    0x00, 0x00, 0x00, 0x00, 0x00, 0x00, 0x00, 0x00, 0x00, 0x00, 0x00, 0x00,
    0x00, 0x00, 0x00, 0x00, 0x00, 0x00, 0x00, 0x00, 0x00, 0x00, 0x00, 0x00,
    0x00, 0x00, 0x00, 0x00, 0x00, 0x00, 0x00, 0x00, 0x00, 0x00, 0x00, 0x00,
    0x00, 0x00, 0x00, 0x00, 0x00, 0x00, 0x00, 0x00, 0x00, 0x00, 0x00, 0x00,
    0x00, 0x00, 0x00, 0x00, 0x00, 0x00, 0x00, 0x00, 0x00, 0x00, 0x00, 0x00,
    0x00, 0x00, 0x00, 0x00, 0x00, 0x00, 0x00, 0x00, 0x00, 0x00, 0x00, 0x00,
    0x00, 0x00, 0x00, 0x00, 0x00, 0x00, 0x00, 0x00, 0x00, 0x00, 0x00, 0x00,
    0x00, 0x00, 0x00, 0x00, 0x00, 0x00, 0x00, 0x00, 0x00, 0x00, 0x00, 0x00,
    0x00, 0x00, 0x00, 0x00, 0x00, 0x00, 0x00, 0x00, 0x00, 0x00, 0x00, 0x00,
    0x00, 0x00, 0x00, 0x00, 0x00, 0x00, 0x00, 0x00, 0x00, 0x00, 0x00, 0x00,
    0x00, 0x00, 0x00, 0x00, 0x00, 0x00, 0x00, 0x00, 0x00, 0x00, 0x00, 0x00,
    0x00, 0x00, 0x00, 0x00, 0x00, 0x00, 0x00, 0x00, 0x00, 0x00, 0x00, 0x00,
    0x00, 0x00, 0x00, 0x00, 0x00, 0x00, 0x00, 0x00, 0x00, 0x00, 0x00, 0x00,
    0x00, 0x00, 0x00, 0x00, 0x00, 0x00, 0x00, 0x00, 0x00, 0x00, 0x00, 0x00,
    0x00, 0x00, 0x00, 0x00, 0x00, 0x00, 0x00, 0x00, 0x00, 0x00, 0x00, 0x00,
    0x00, 0x00, 0x00, 0x00, 0x00, 0x00, 0x00, 0x00, 0x00, 0x00, 0x00, 0x00,
    0x00, 0x00, 0x00, 0x00, 0x00, 0x00, 0x00, 0x00, 0x00, 0x00, 0x00, 0x00,
    0x00, 0x00, 0x00, 0x00, 0x00, 0x00, 0x00, 0x00, 0x00, 0x00, 0x00, 0x00,
    0x00, 0x00, 0x00, 0x00, 0x00, 0x00, 0x00, 0x00, 0x00, 0x00, 0x00, 0x00,
    0x00, 0x00, 0x00, 0x00, 0x00, 0x00, 0x00, 0x00, 0x00, 0x00, 0x00, 0x00
};
