// 4.25.0 0x919e5386 D2 R0 FRGB565 U565 N0 SExtFlashSection
// Generated by imageconverter. Please, do not edit!

#include <touchgfx/hal/Config.hpp>

LOCATION_PRAGMA("ExtFlashSection")
KEEP extern const unsigned char image_bg[] LOCATION_ATTRIBUTE("ExtFlashSection") = { // 240x320 RGB565 pixels.
    0x18, 0x2d, 0x19, 0x25, 0x18, 0x2d, 0x18, 0x2d, 0x19, 0x25, 0x18, 0x25,
    0x18, 0x2d, 0x19, 0x2d, 0x18, 0x25, 0x19, 0x2d, 0x18, 0x2d, 0x19, 0x25,
    0x19, 0x2d, 0x18, 0x25, 0x18, 0x25, 0x19, 0x2d, 0x18, 0x25, 0x19, 0x2d,
    0x19, 0x2d, 0x18, 0x25, 0x18, 0x2d, 0x19, 0x2d, 0x18, 0x25, 0x18, 0x2d,
    0x19, 0x2d, 0x19, 0x25, 0x18, 0x2d, 0x18, 0x2d, 0x19, 0x2d, 0x19, 0x25,
    0x59, 0x2d, 0x3a, 0x6e, 0x9a, 0x7e, 0xba, 0x86, 0xba, 0x8e, 0xda, 0x8e,
    0xda, 0x8e, 0xda, 0x8e, 0xda, 0x96, 0xda, 0x8e, 0xda, 0x96, 0xda, 0x8e,
    0xda, 0x8e, 0xda, 0x96, 0xda, 0x8e, 0xda, 0x8e, 0xda, 0x8e, 0xda, 0x8e,
    0xba, 0x8e, 0xba, 0x8e, 0xba, 0x86, 0x7a, 0x7e, 0x18, 0x2d, 0x19, 0x2d,
    0x18, 0x2d, 0x18, 0x2d, 0x19, 0x25, 0x18, 0x2d, 0x19, 0x2d, 0x18, 0x25,
    0x18, 0x2d, 0x39, 0x2d, 0x19, 0x2d, 0x18, 0x25, 0x18, 0x2d, 0x19, 0x2d,
    0x18, 0x25, 0x18, 0x2d, 0x39, 0x2d, 0x19, 0x25, 0x18, 0x2d, 0x39, 0x2d,
    0x18, 0x25, 0x18, 0x2d, 0x19, 0x25, 0x19, 0x2d, 0x18, 0x2d, 0x18, 0x25,
    0x19, 0x2d, 0x18, 0x2d, 0x18, 0x25, 0x19, 0x25, 0x19, 0x2d, 0x18, 0x2d,
    0x38, 0x25, 0x19, 0x25, 0x18, 0x2d, 0x18, 0x25, 0x19, 0x2d, 0x18, 0x2d,
    0x38, 0x25, 0x19, 0x25, 0x18, 0x2d, 0x18, 0x2d, 0x19, 0x25, 0x18, 0x25,
    0x19, 0x2d, 0x18, 0x2d, 0x19, 0x25, 0x19, 0x2d, 0x18, 0x2d, 0x18, 0x25,
    0x19, 0x25, 0x18, 0x2d, 0x18, 0x2d, 0x19, 0x25, 0x18, 0x2d, 0x18, 0x25,
    0x19, 0x25, 0x18, 0x2d, 0x18, 0x2d, 0x19, 0x25, 0x18, 0x25, 0x18, 0x2d,
    0x19, 0x25, 0x18, 0x2d, 0x18, 0x2d, 0x19, 0x25, 0x19, 0x2d, 0x18, 0x25,
    0x18, 0x25, 0x19, 0x2d, 0x19, 0x25, 0x18, 0x2d, 0x18, 0x25, 0x19, 0x2d,
    0x18, 0x2d, 0x18, 0x25, 0x19, 0x25, 0x18, 0x2d, 0x19, 0x2d, 0x19, 0x25,
    0x18, 0x2d, 0x18, 0x2d, 0x19, 0x25, 0x19, 0x2d, 0x18, 0x25, 0x18, 0x25,
    0x19, 0x2d, 0x18, 0x2d, 0x19, 0x25, 0x18, 0x25, 0x18, 0x2d, 0x19, 0x25,
    0x19, 0x2d, 0x18, 0x2d, 0x18, 0x25, 0x19, 0x25, 0x18, 0x2d, 0x18, 0x2d,
    0x19, 0x25, 0x18, 0x25, 0x19, 0x2d, 0x18, 0x25, 0x18, 0x2d, 0x19, 0x25,
    0x19, 0x2d, 0x18, 0x2d, 0x18, 0x25, 0x19, 0x2d, 0x18, 0x25, 0x18, 0x25,
    0x19, 0x2d, 0x18, 0x2d, 0x18, 0x25, 0x19, 0x2d, 0x18, 0x2d, 0x18, 0x25,
    0x19, 0x2d, 0x19, 0x2d, 0x18, 0x25, 0x18, 0x2d, 0x19, 0x2d, 0x18, 0x25,
    0x18, 0x2d, 0x19, 0x2d, 0x18, 0x2d, 0x18, 0x25, 0x39, 0x2d, 0x18, 0x2d,
    0x18, 0x2d, 0x39, 0x2d, 0x19, 0x2d, 0x39, 0x2d, 0x39, 0x35, 0x79, 0x35,
    0x99, 0x45, 0xfa, 0x55, 0xfa, 0x5d, 0x1a, 0x5e, 0x1a, 0x5e, 0xf9, 0x5d,
    0xfa, 0x5d, 0x1a, 0x56, 0xfa, 0x5d, 0xf9, 0x55, 0xfa, 0x5d, 0xfa, 0x55,
    0xfa, 0x5d, 0xf9, 0x55, 0xfa, 0x55, 0xfa, 0x55, 0xd9, 0x55, 0xd9, 0x4d,
    0xda, 0x4d, 0xd9, 0x55, 0xd9, 0x4d, 0xda, 0x4d, 0xda, 0x4d, 0xd9, 0x4d,
    0xd9, 0x4d, 0xba, 0x4d, 0xb9, 0x4d, 0xd9, 0x4d, 0xb9, 0x4d, 0xba, 0x4d,
    0xd9, 0x4d, 0xb9, 0x4d, 0xb9, 0x45, 0xb9, 0x45, 0xb9, 0x45, 0xb9, 0x45,
    0xb9, 0x45, 0xb9, 0x45, 0xb9, 0x45, 0x99, 0x45, 0x99, 0x45, 0xb9, 0x45,
    0xb9, 0x45, 0xb9, 0x45, 0x99, 0x45, 0x99, 0x45, 0x99, 0x45, 0xb9, 0x45,
    0x99, 0x45, 0x99, 0x45, 0x99, 0x45, 0x79, 0x3d, 0x79, 0x3d, 0x59, 0x35,
    0x18, 0x25, 0x19, 0x2d, 0x19, 0x2d, 0x19, 0x25, 0x19, 0x2d, 0x19, 0x2d,
    0x18, 0x25, 0x19, 0x2d, 0x18, 0x2d, 0x19, 0x25, 0x19, 0x2d, 0x18, 0x25,
    0x39, 0x2d, 0x18, 0x2d, 0x39, 0x2d, 0x19, 0x2d, 0x38, 0x2d, 0x18, 0x25,
    0x19, 0x2d, 0x18, 0x2d, 0x19, 0x25, 0x19, 0x2d, 0x38, 0x2d, 0x19, 0x25,
    0x19, 0x2d, 0x19, 0x2d, 0x38, 0x2d, 0x39, 0x2d, 0x39, 0x2d, 0x39, 0x2d,
    0x1a, 0x66, 0x7a, 0x7e, 0xba, 0x86, 0xda, 0x8e, 0xda, 0x8e, 0xda, 0x96,
    0xda, 0x96, 0xda, 0x8e, 0xda, 0x96, 0xdb, 0x96, 0xda, 0x96, 0xdb, 0x96,
    0xda, 0x96, 0xda, 0x96, 0xdb, 0x96, 0xda, 0x96, 0xda, 0x8e, 0xda, 0x96,
    0xda, 0x8e, 0xda, 0x8e, 0xba, 0x8e, 0xba, 0x8e, 0x7a, 0x76, 0x19, 0x25,
    0x19, 0x2d, 0x39, 0x2d, 0x39, 0x2d, 0x38, 0x2d, 0x39, 0x2d, 0x19, 0x2d,
    0x38, 0x25, 0x39, 0x2d, 0x19, 0x2d, 0x38, 0x2d, 0x39, 0x25, 0x19, 0x2d,
    0x39, 0x2d, 0x39, 0x25, 0x19, 0x2d, 0x18, 0x2d, 0x39, 0x2d, 0x19, 0x25,
    0x38, 0x2d, 0x19, 0x2d, 0x38, 0x25, 0x39, 0x2d, 0x18, 0x2d, 0x19, 0x25,
    0x19, 0x2d, 0x39, 0x2d, 0x38, 0x2d, 0x18, 0x25, 0x19, 0x2d, 0x38, 0x2d,
    0x19, 0x2d, 0x19, 0x2d, 0x18, 0x25, 0x39, 0x2d, 0x39, 0x2d, 0x18, 0x2d,
    0x19, 0x2d, 0x39, 0x2d, 0x39, 0x25, 0x38, 0x2d, 0x19, 0x2d, 0x19, 0x25,
    0x38, 0x2d, 0x38, 0x2d, 0x18, 0x25, 0x19, 0x2d, 0x38, 0x2d, 0x19, 0x2d,
    0x39, 0x25, 0x39, 0x2d, 0x19, 0x2d, 0x39, 0x25, 0x39, 0x2d, 0x19, 0x2d,
    0x39, 0x2d, 0x19, 0x25, 0x39, 0x2d, 0x38, 0x25, 0x19, 0x2d, 0x39, 0x2d,
    0x39, 0x2d, 0x19, 0x25, 0x18, 0x25, 0x18, 0x2d, 0x39, 0x2d, 0x18, 0x2d,
    0x19, 0x25, 0x38, 0x2d, 0x38, 0x2d, 0x18, 0x25, 0x19, 0x2d, 0x19, 0x25,
    0x18, 0x25, 0x19, 0x2d, 0x39, 0x2d, 0x18, 0x25, 0x19, 0x25, 0x38, 0x2d,
    0x39, 0x2d, 0x19, 0x25, 0x38, 0x2d, 0x18, 0x25, 0x39, 0x2d, 0x19, 0x2d,
    0x19, 0x2d, 0x18, 0x25, 0x19, 0x2d, 0x19, 0x2d, 0x18, 0x2d, 0x39, 0x25,
    0x19, 0x2d, 0x18, 0x25, 0x39, 0x2d, 0x19, 0x2d, 0x19, 0x2d, 0x39, 0x25,
    0x18, 0x2d, 0x39, 0x2d, 0x19, 0x25, 0x18, 0x2d, 0x19, 0x25, 0x39, 0x2d,
    0x18, 0x2d, 0x38, 0x25, 0x39, 0x2d, 0x19, 0x2d, 0x39, 0x2d, 0x38, 0x25,
    0x19, 0x2d, 0x39, 0x2d, 0x39, 0x25, 0x39, 0x2d, 0x38, 0x2d, 0x39, 0x25,
    0x18, 0x2d, 0x39, 0x2d, 0x39, 0x25, 0x39, 0x2d, 0x18, 0x2d, 0x19, 0x25,
    0x39, 0x2d, 0x18, 0x2d, 0x39, 0x25, 0x39, 0x2d, 0x39, 0x2d, 0x59, 0x35,
    0x79, 0x3d, 0x99, 0x45, 0xd9, 0x4d, 0xfa, 0x55, 0x1a, 0x5e, 0xfa, 0x5d,
    0x19, 0x5e, 0xfa, 0x55, 0x1a, 0x5e, 0x19, 0x5e, 0xfa, 0x5d, 0xfa, 0x55,
    0x19, 0x5e, 0xfa, 0x5d, 0xfa, 0x55, 0xf9, 0x55, 0xfa, 0x55, 0x1a, 0x5e,
    0xf9, 0x55, 0xfa, 0x55, 0xfa, 0x55, 0xf9, 0x55, 0xda, 0x55, 0xda, 0x55,
    0xf9, 0x4d, 0xda, 0x55, 0xd9, 0x4d, 0xd9, 0x4d, 0xda, 0x4d, 0xb9, 0x4d,
    0xda, 0x4d, 0xda, 0x4d, 0xb9, 0x4d, 0xda, 0x4d, 0xb9, 0x4d, 0xb9, 0x45,
    0xba, 0x4d, 0xba, 0x45, 0xba, 0x4d, 0xb9, 0x4d, 0xba, 0x4d, 0xba, 0x45,
    0xb9, 0x45, 0xba, 0x45, 0x99, 0x45, 0xb9, 0x45, 0xb9, 0x45, 0x9a, 0x45,
    0xb9, 0x45, 0x99, 0x45, 0xb9, 0x45, 0xba, 0x45, 0x99, 0x45, 0x99, 0x45,
    0x99, 0x45, 0x99, 0x3d, 0x99, 0x3d, 0x79, 0x3d, 0x79, 0x3d, 0x59, 0x35,
    0x19, 0x2d, 0x18, 0x2d, 0x39, 0x25, 0x18, 0x2d, 0x18, 0x2d, 0x39, 0x25,
    0x39, 0x2d, 0x39, 0x25, 0x19, 0x2d, 0x18, 0x2d, 0x39, 0x2d, 0x39, 0x2d,
    0x18, 0x25, 0x19, 0x2d, 0x19, 0x25, 0x18, 0x2d, 0x39, 0x2d, 0x39, 0x2d,
    0x18, 0x25, 0x19, 0x2d, 0x39, 0x25, 0x39, 0x2d, 0x39, 0x2d, 0x38, 0x25,
    0x39, 0x2d, 0x38, 0x25, 0x19, 0x25, 0x39, 0x2d, 0x18, 0x25, 0xd9, 0x4d,
    0x7a, 0x76, 0x9a, 0x86, 0xba, 0x86, 0xba, 0x8e, 0xda, 0x8e, 0xdb, 0x8e,
    0xdb, 0x96, 0xda, 0x8e, 0xdb, 0x96, 0xda, 0x8e, 0xda, 0x8e, 0xda, 0x96,
    0xdb, 0x96, 0xda, 0x8e, 0xfb, 0x96, 0xdb, 0x96, 0xdb, 0x96, 0xda, 0x96,
    0xdb, 0x8e, 0xdb, 0x96, 0xda, 0x8e, 0xda, 0x8e, 0xda, 0x8e, 0x3a, 0x66,
    0x19, 0x25, 0x38, 0x2d, 0x39, 0x2d, 0x19, 0x25, 0x38, 0x25, 0x39, 0x2d,
    0x19, 0x2d, 0x18, 0x2d, 0x39, 0x25, 0x39, 0x2d, 0x19, 0x2d, 0x38, 0x2d,
    0x38, 0x2d, 0x39, 0x2d, 0x18, 0x2d, 0x39, 0x25, 0x38, 0x2d, 0x39, 0x2d,
    0x19, 0x25, 0x39, 0x2d, 0x18, 0x2d, 0x39, 0x2d, 0x38, 0x25, 0x38, 0x2d,
    0x39, 0x2d, 0x18, 0x25, 0x39, 0x2d, 0x39, 0x2d, 0x39, 0x25, 0x18, 0x25,
    0x39, 0x2d, 0x39, 0x2d, 0x38, 0x2d, 0x39, 0x2d, 0x19, 0x25, 0x39, 0x25,
    0x18, 0x2d, 0x18, 0x2d, 0x39, 0x25, 0x19, 0x2d, 0x38, 0x2d, 0x39, 0x25,
    0x19, 0x2d, 0x18, 0x25, 0x39, 0x2d, 0x39, 0x25, 0x19, 0x2d, 0x39, 0x2d,
    0x18, 0x25, 0x39, 0x2d, 0x18, 0x2d, 0x38, 0x25, 0x39, 0x2d, 0x18, 0x2d,
    0x39, 0x25, 0x39, 0x2d, 0x18, 0x2d, 0x38, 0x2d, 0x19, 0x25, 0x19, 0x25,
    0x38, 0x2d, 0x39, 0x2d, 0x39, 0x25, 0x39, 0x2d, 0x39, 0x2d, 0x18, 0x25,
    0x39, 0x2d, 0x19, 0x2d, 0x39, 0x25, 0x39, 0x2d, 0x38, 0x2d, 0x39, 0x2d,
    0x39, 0x25, 0x18, 0x2d, 0x39, 0x2d, 0x18, 0x2d, 0x39, 0x25, 0x19, 0x2d,
    0x19, 0x2d, 0x38, 0x25, 0x39, 0x2d, 0x18, 0x25, 0x39, 0x2d, 0x19, 0x2d,
    0x38, 0x25, 0x18, 0x2d, 0x39, 0x2d, 0x38, 0x25, 0x18, 0x2d, 0x39, 0x2d,
    0x38, 0x25, 0x19, 0x2d, 0x39, 0x2d, 0x38, 0x25, 0x19, 0x2d, 0x39, 0x2d,
    0x38, 0x2d, 0x19, 0x2d, 0x19, 0x2d, 0x38, 0x25, 0x18, 0x25, 0x39, 0x2d,
    0x18, 0x2d, 0x19, 0x25, 0x19, 0x2d, 0x38, 0x2d, 0x19, 0x25, 0x19, 0x2d,
    0x38, 0x2d, 0x18, 0x25, 0x19, 0x2d, 0x19, 0x2d, 0x39, 0x2d, 0x18, 0x25,
    0x39, 0x2d, 0x19, 0x2d, 0x18, 0x25, 0x39, 0x2d, 0x39, 0x2d, 0x39, 0x2d,
    0x39, 0x2d, 0x79, 0x35, 0x99, 0x45, 0xb9, 0x4d, 0xfa, 0x55, 0xfa, 0x55,
    0xfa, 0x55, 0x1a, 0x5e, 0x1a, 0x5e, 0x19, 0x5e, 0x1a, 0x5e, 0x1a, 0x5e,
    0xf9, 0x5d, 0x1a, 0x5e, 0x1a, 0x5e, 0xf9, 0x5d, 0x19, 0x5e, 0x1a, 0x56,
    0xf9, 0x55, 0xfa, 0x55, 0xfa, 0x5d, 0xf9, 0x55, 0xfa, 0x55, 0xfa, 0x55,
    0xfa, 0x55, 0xf9, 0x55, 0xda, 0x55, 0xd9, 0x4d, 0xf9, 0x55, 0xda, 0x4d,
    0xda, 0x4d, 0xd9, 0x55, 0xda, 0x4d, 0xda, 0x4d, 0xd9, 0x4d, 0xda, 0x4d,
    0xb9, 0x4d, 0xd9, 0x4d, 0xb9, 0x4d, 0xba, 0x45, 0xda, 0x4d, 0xb9, 0x45,
    0xb9, 0x45, 0xb9, 0x45, 0xb9, 0x45, 0xba, 0x45, 0x99, 0x45, 0x99, 0x45,
    0x99, 0x45, 0x99, 0x45, 0x9a, 0x45, 0x99, 0x45, 0xb9, 0x45, 0x99, 0x45,
    0x9a, 0x45, 0x9a, 0x45, 0xb9, 0x45, 0x99, 0x45, 0x99, 0x3d, 0x9a, 0x45,
    0x99, 0x3d, 0x99, 0x3d, 0x99, 0x3d, 0x79, 0x3d, 0x79, 0x3d, 0x79, 0x35,
    0x39, 0x2d, 0x39, 0x25, 0x18, 0x25, 0x39, 0x2d, 0x39, 0x2d, 0x18, 0x25,
    0x38, 0x2d, 0x39, 0x2d, 0x18, 0x2d, 0x39, 0x2d, 0x38, 0x25, 0x18, 0x2d,
    0x39, 0x2d, 0x39, 0x25, 0x18, 0x2d, 0x39, 0x25, 0x19, 0x25, 0x39, 0x2d,
    0x38, 0x2d, 0x38, 0x25, 0x19, 0x2d, 0x18, 0x2d, 0x19, 0x2d, 0x39, 0x2d,
    0x18, 0x25, 0x39, 0x2d, 0x18, 0x2d, 0x38, 0x2d, 0x59, 0x35, 0x5a, 0x6e,
    0x9a, 0x7e, 0xba, 0x86, 0xba, 0x86, 0xda, 0x8e, 0xdb, 0x96, 0xda, 0x96,
    0xda, 0x96, 0xdb, 0x96, 0xda, 0x96, 0xda, 0x96, 0xfb, 0x96, 0xfa, 0x96,
    0xfa, 0x8e, 0xfa, 0x96, 0xda, 0x96, 0xda, 0x8e, 0xda, 0x96, 0xda, 0x96,
    0xda, 0x96, 0xda, 0x96, 0xdb, 0x8e, 0xda, 0x8e, 0xda, 0x8e, 0xda, 0x8e,
    0x99, 0x45, 0x38, 0x2d, 0x19, 0x2d, 0x39, 0x2d, 0x38, 0x2d, 0x39, 0x2d,
    0x18, 0x2d, 0x38, 0x2d, 0x39, 0x2d, 0x38, 0x25, 0x39, 0x2d, 0x39, 0x2d,
    0x38, 0x25, 0x19, 0x2d, 0x39, 0x2d, 0x38, 0x25, 0x19, 0x2d, 0x38, 0x2d,
    0x39, 0x2d, 0x38, 0x25, 0x18, 0x2d, 0x19, 0x25, 0x39, 0x2d, 0x39, 0x2d,
    0x38, 0x2d, 0x39, 0x25, 0x19, 0x25, 0x18, 0x2d, 0x39, 0x2d, 0x39, 0x2d,
    0x38, 0x2d, 0x19, 0x25, 0x38, 0x2d, 0x38, 0x25, 0x18, 0x2d, 0x39, 0x25,
    0x38, 0x25, 0x39, 0x2d, 0x19, 0x2d, 0x18, 0x25, 0x39, 0x2d, 0x38, 0x2d,
    0x18, 0x25, 0x39, 0x2d, 0x39, 0x2d, 0x18, 0x25, 0x39, 0x2d, 0x38, 0x2d,
    0x39, 0x25, 0x19, 0x2d, 0x18, 0x2d, 0x19, 0x25, 0x39, 0x2d, 0x18, 0x25,
    0x18, 0x25, 0x39, 0x2d, 0x18, 0x2d, 0x39, 0x25, 0x39, 0x2d, 0x18, 0x2d,
    0x38, 0x2d, 0x18, 0x25, 0x18, 0x2d, 0x19, 0x2d, 0x38, 0x25, 0x39, 0x25,
    0x39, 0x2d, 0x18, 0x2d, 0x19, 0x25, 0x19, 0x25, 0x38, 0x2d, 0x19, 0x2d,
    0x39, 0x25, 0x18, 0x2d, 0x19, 0x2d, 0x39, 0x25, 0x38, 0x2d, 0x19, 0x2d,
    0x18, 0x25, 0x39, 0x2d, 0x18, 0x2d, 0x39, 0x2d, 0x39, 0x25, 0x38, 0x2d,
    0x39, 0x25, 0x39, 0x2d, 0x19, 0x2d, 0x39, 0x25, 0x39, 0x2d, 0x18, 0x2d,
    0x18, 0x25, 0x39, 0x2d, 0x38, 0x25, 0x18, 0x25, 0x18, 0x2d, 0x39, 0x25,
    0x38, 0x25, 0x18, 0x2d, 0x39, 0x2d, 0x18, 0x25, 0x39, 0x2d, 0x19, 0x2d,
    0x39, 0x2d, 0x39, 0x2d, 0x18, 0x2d, 0x38, 0x25, 0x39, 0x2d, 0x18, 0x2d,
    0x39, 0x2d, 0x39, 0x25, 0x39, 0x2d, 0x38, 0x2d, 0x39, 0x25, 0x39, 0x2d,
    0x18, 0x2d, 0x39, 0x2d, 0x39, 0x2d, 0x79, 0x35, 0x99, 0x45, 0xb9, 0x45,
    0xfa, 0x55, 0xfa, 0x55, 0xf9, 0x55, 0xfa, 0x55, 0x1a, 0x5e, 0x19, 0x5e,
    0x19, 0x5e, 0x1a, 0x5e, 0x1a, 0x5e, 0x1a, 0x5e, 0x1a, 0x5e, 0x1a, 0x5e,
    0x1a, 0x5e, 0x19, 0x5e, 0x1a, 0x5e, 0x1a, 0x5e, 0x1a, 0x5e, 0xfa, 0x5d,
    0xf9, 0x5d, 0x1a, 0x56, 0xfa, 0x55, 0xf9, 0x55, 0xf9, 0x55, 0xfa, 0x55,
    0xd9, 0x55, 0xf9, 0x55, 0xda, 0x4d, 0xda, 0x4d, 0xd9, 0x4d, 0xda, 0x4d,
    0xd9, 0x4d, 0xd9, 0x4d, 0xd9, 0x4d, 0xd9, 0x4d, 0xda, 0x4d, 0xda, 0x4d,
    0xb9, 0x4d, 0xd9, 0x4d, 0xda, 0x4d, 0xb9, 0x4d, 0xb9, 0x45, 0xba, 0x4d,
    0xb9, 0x45, 0xb9, 0x45, 0xb9, 0x45, 0xba, 0x45, 0x99, 0x45, 0xb9, 0x45,
    0x99, 0x45, 0x99, 0x45, 0x9a, 0x45, 0x99, 0x45, 0x99, 0x45, 0x99, 0x3d,
    0x99, 0x3d, 0x99, 0x45, 0x99, 0x3d, 0x99, 0x45, 0x99, 0x3d, 0x9a, 0x3d,
    0x99, 0x3d, 0x99, 0x3d, 0x79, 0x3d, 0x79, 0x3d, 0x79, 0x3d, 0x79, 0x35,
    0x18, 0x2d, 0x19, 0x2d, 0x39, 0x2d, 0x18, 0x2d, 0x39, 0x2d, 0x39, 0x25,
    0x19, 0x2d, 0x18, 0x2d, 0x38, 0x25, 0x39, 0x2d, 0x39, 0x2d, 0x38, 0x2d,
    0x19, 0x2d, 0x38, 0x2d, 0x39, 0x2d, 0x38, 0x2d, 0x19, 0x2d, 0x39, 0x25,
    0x39, 0x2d, 0x19, 0x2d, 0x38, 0x2d, 0x39, 0x25, 0x18, 0x2d, 0x39, 0x2d,
    0x39, 0x2d, 0x39, 0x2d, 0x39, 0x2d, 0x39, 0x2d, 0xd9, 0x4d, 0x5a, 0x6e,
    0x9a, 0x7e, 0xba, 0x86, 0xba, 0x8e, 0xda, 0x8e, 0xda, 0x8e, 0xda, 0x96,
    0xfa, 0x96, 0xda, 0x8e, 0xdb, 0x96, 0xda, 0x96, 0xfa, 0x96, 0xdb, 0x96,
    0xda, 0x96, 0xda, 0x96, 0xdb, 0x96, 0xfa, 0x96, 0xfa, 0x96, 0xdb, 0x8e,
    0xda, 0x8e, 0xda, 0x8e, 0xdb, 0x96, 0xda, 0x8e, 0xda, 0x8e, 0xba, 0x8e,
    0x7a, 0x7e, 0x39, 0x2d, 0x39, 0x2d, 0x38, 0x2d, 0x39, 0x2d, 0x39, 0x2d,
    0x39, 0x25, 0x39, 0x2d, 0x19, 0x2d, 0x38, 0x2d, 0x39, 0x25, 0x19, 0x2d,
    0x38, 0x2d, 0x39, 0x25, 0x19, 0x2d, 0x38, 0x2d, 0x39, 0x2d, 0x39, 0x2d,
    0x39, 0x2d, 0x39, 0x2d, 0x39, 0x2d, 0x38, 0x2d, 0x39, 0x2d, 0x19, 0x2d,
    0x18, 0x25, 0x39, 0x2d, 0x38, 0x2d, 0x38, 0x2d, 0x19, 0x25, 0x39, 0x2d,
    0x38, 0x2d, 0x39, 0x2d, 0x39, 0x2d, 0x39, 0x2d, 0x39, 0x2d, 0x39, 0x2d,
    0x39, 0x2d, 0x39, 0x2d, 0x38, 0x2d, 0x39, 0x2d, 0x19, 0x2d, 0x38, 0x2d,
    0x39, 0x2d, 0x39, 0x2d, 0x38, 0x2d, 0x39, 0x25, 0x39, 0x2d, 0x38, 0x2d,
    0x38, 0x25, 0x39, 0x2d, 0x39, 0x2d, 0x39, 0x25, 0x38, 0x2d, 0x39, 0x2d,
    0x38, 0x2d, 0x39, 0x25, 0x39, 0x2d, 0x38, 0x2d, 0x39, 0x25, 0x39, 0x2d,
    0x39, 0x25, 0x18, 0x25, 0x39, 0x2d, 0x39, 0x2d, 0x38, 0x2d, 0x39, 0x25,
    0x18, 0x2d, 0x38, 0x2d, 0x39, 0x2d, 0x38, 0x25, 0x19, 0x2d, 0x38, 0x2d,
    0x39, 0x2d, 0x38, 0x2d, 0x18, 0x25, 0x39, 0x2d, 0x38, 0x2d, 0x38, 0x25,
    0x39, 0x2d, 0x18, 0x25, 0x39, 0x2d, 0x39, 0x2d, 0x38, 0x2d, 0x39, 0x2d,
    0x19, 0x25, 0x38, 0x2d, 0x39, 0x2d, 0x18, 0x25, 0x39, 0x2d, 0x19, 0x25,
    0x39, 0x2d, 0x39, 0x2d, 0x39, 0x2d, 0x39, 0x2d, 0x39, 0x2d, 0x19, 0x2d,
    0x19, 0x2d, 0x39, 0x25, 0x39, 0x2d, 0x39, 0x2d, 0x38, 0x2d, 0x39, 0x2d,
    0x38, 0x25, 0x18, 0x2d, 0x39, 0x2d, 0x39, 0x2d, 0x39, 0x25, 0x39, 0x2d,
    0x18, 0x25, 0x39, 0x2d, 0x39, 0x2d, 0x38, 0x2d, 0x39, 0x2d, 0x39, 0x2d,
    0x38, 0x2d, 0x79, 0x35, 0xb9, 0x45, 0xb9, 0x4d, 0xda, 0x4d, 0xfa, 0x55,
    0xf9, 0x55, 0xfa, 0x55, 0x1a, 0x5e, 0x1a, 0x5e, 0x1a, 0x5e, 0x1a, 0x5e,
    0x1a, 0x5e, 0x1a, 0x5e, 0x19, 0x5e, 0x1a, 0x5e, 0x1a, 0x5e, 0x19, 0x5e,
    0x1a, 0x5e, 0x1a, 0x5e, 0x19, 0x5e, 0x1a, 0x5e, 0x1a, 0x5e, 0x1a, 0x5e,
    0x1a, 0x5e, 0xf9, 0x55, 0xfa, 0x55, 0xfa, 0x55, 0xfa, 0x55, 0xd9, 0x4d,
    0xda, 0x4d, 0xd9, 0x4d, 0xda, 0x4d, 0xd9, 0x4d, 0xda, 0x55, 0xd9, 0x4d,
    0xd9, 0x4d, 0xda, 0x4d, 0xba, 0x4d, 0xd9, 0x4d, 0xb9, 0x4d, 0xba, 0x4d,
    0xb9, 0x4d, 0xba, 0x45, 0xb9, 0x45, 0xb9, 0x45, 0xba, 0x4d, 0xb9, 0x45,
    0xba, 0x45, 0xba, 0x45, 0xb9, 0x45, 0x99, 0x45, 0x9a, 0x45, 0x99, 0x3d,
    0x99, 0x3d, 0x99, 0x3d, 0x99, 0x3d, 0x99, 0x3d, 0x9a, 0x3d, 0x99, 0x3d,
    0x99, 0x3d, 0x99, 0x3d, 0x9a, 0x3d, 0x99, 0x3d, 0x99, 0x3d, 0x79, 0x3d,
    0x99, 0x3d, 0x7a, 0x3d, 0x79, 0x3d, 0x79, 0x35, 0x79, 0x35, 0x59, 0x35,
    0x39, 0x2d, 0x38, 0x2d, 0x39, 0x2d, 0x38, 0x2d, 0x19, 0x2d, 0x18, 0x2d,
    0x39, 0x2d, 0x39, 0x2d, 0x39, 0x25, 0x39, 0x2d, 0x19, 0x2d, 0x39, 0x25,
    0x38, 0x2d, 0x39, 0x2d, 0x39, 0x2d, 0x38, 0x2d, 0x38, 0x2d, 0x19, 0x2d,
    0x38, 0x2d, 0x39, 0x2d, 0x39, 0x2d, 0x39, 0x25, 0x38, 0x2d, 0x39, 0x2d,
    0x38, 0x25, 0x38, 0x2d, 0x39, 0x2d, 0x39, 0x2d, 0x3a, 0x5e, 0x5a, 0x6e,
    0x9a, 0x7e, 0x9a, 0x86, 0xbb, 0x8e, 0xda, 0x8e, 0xda, 0x8e, 0xdb, 0x96,
    0xda, 0x8e, 0xda, 0x96, 0xfa, 0x96, 0xfb, 0x96, 0xda, 0x8e, 0xfa, 0x96,
    0xdb, 0x96, 0xfb, 0x96, 0xfa, 0x96, 0xdb, 0x96, 0xfb, 0x96, 0xda, 0x96,
    0xda, 0x96, 0xda, 0x96, 0xda, 0x96, 0xdb, 0x96, 0xda, 0x8e, 0xdb, 0x8e,
    0xba, 0x8e, 0x99, 0x45, 0x39, 0x2d, 0x38, 0x2d, 0x39, 0x2d, 0x39, 0x2d,
    0x38, 0x2d, 0x39, 0x2d, 0x38, 0x25, 0x39, 0x2d, 0x39, 0x2d, 0x38, 0x2d,
    0x39, 0x2d, 0x38, 0x2d, 0x39, 0x2d, 0x39, 0x25, 0x18, 0x2d, 0x39, 0x25,
    0x18, 0x2d, 0x39, 0x2d, 0x39, 0x25, 0x38, 0x2d, 0x39, 0x2d, 0x39, 0x2d,
    0x38, 0x2d, 0x39, 0x2d, 0x39, 0x2d, 0x39, 0x2d, 0x38, 0x2d, 0x39, 0x2d,
    0x19, 0x2d, 0x38, 0x25, 0x39, 0x2d, 0x19, 0x2d, 0x38, 0x25, 0x38, 0x2d,
    0x39, 0x2d, 0x38, 0x25, 0x38, 0x2d, 0x39, 0x2d, 0x39, 0x25, 0x38, 0x2d,
    0x39, 0x25, 0x39, 0x2d, 0x18, 0x2d, 0x39, 0x2d, 0x39, 0x25, 0x19, 0x2d,
    0x38, 0x2d, 0x38, 0x25, 0x39, 0x2d, 0x38, 0x2d, 0x38, 0x2d, 0x39, 0x2d,
    0x39, 0x2d, 0x39, 0x2d, 0x38, 0x25, 0x39, 0x2d, 0x18, 0x2d, 0x39, 0x2d,
    0x39, 0x2d, 0x39, 0x2d, 0x39, 0x25, 0x38, 0x2d, 0x39, 0x2d, 0x19, 0x2d,
    0x39, 0x2d, 0x39, 0x25, 0x38, 0x2d, 0x39, 0x2d, 0x38, 0x2d, 0x39, 0x25,
    0x39, 0x2d, 0x39, 0x2d, 0x39, 0x2d, 0x39, 0x2d, 0x39, 0x25, 0x39, 0x2d,
    0x39, 0x2d, 0x39, 0x2d, 0x38, 0x2d, 0x39, 0x25, 0x39, 0x2d, 0x38, 0x2d,
    0x39, 0x2d, 0x18, 0x25, 0x38, 0x2d, 0x18, 0x2d, 0x18, 0x2d, 0x39, 0x25,
    0x38, 0x2d, 0x38, 0x2d, 0x19, 0x2d, 0x39, 0x2d, 0x38, 0x2d, 0x38, 0x2d,
    0x39, 0x2d, 0x38, 0x2d, 0x39, 0x25, 0x38, 0x25, 0x19, 0x2d, 0x39, 0x2d,
    0x39, 0x25, 0x39, 0x2d, 0x39, 0x2d, 0x38, 0x2d, 0x38, 0x2d, 0x39, 0x2d,
    0x39, 0x2d, 0x38, 0x2d, 0x19, 0x25, 0x39, 0x2d, 0x18, 0x25, 0x39, 0x2d,
    0x39, 0x2d, 0x59, 0x35, 0x99, 0x3d, 0xb9, 0x45, 0xb9, 0x4d, 0xd9, 0x4d,
    0xd9, 0x4d, 0xfa, 0x55, 0xf9, 0x55, 0xfa, 0x55, 0x1a, 0x5e, 0x1a, 0x5e,
    0x19, 0x5e, 0x1a, 0x5e, 0x1a, 0x5e, 0x1a, 0x5e, 0x1a, 0x5e, 0x19, 0x5e,
    0x1a, 0x5e, 0x1a, 0x5e, 0x19, 0x5e, 0x1a, 0x5e, 0x19, 0x5e, 0xf9, 0x55,
    0xfa, 0x55, 0xf9, 0x55, 0xf9, 0x55, 0xda, 0x55, 0xd9, 0x4d, 0xd9, 0x4d,
    0xda, 0x4d, 0xda, 0x4d, 0xd9, 0x4d, 0xd9, 0x4d, 0xd9, 0x4d, 0xda, 0x4d,
    0xd9, 0x4d, 0xba, 0x4d, 0xb9, 0x45, 0xd9, 0x4d, 0xda, 0x4d, 0xb9, 0x45,
    0xba, 0x4d, 0xd9, 0x45, 0xb9, 0x4d, 0xba, 0x45, 0xb9, 0x45, 0xb9, 0x45,
    0xb9, 0x45, 0x99, 0x45, 0x99, 0x45, 0x99, 0x3d, 0x99, 0x3d, 0x9a, 0x3d,
    0x99, 0x3d, 0x79, 0x3d, 0x99, 0x3d, 0x99, 0x3d, 0x79, 0x3d, 0x99, 0x3d,
    0x99, 0x3d, 0x99, 0x3d, 0x79, 0x3d, 0x7a, 0x3d, 0x79, 0x3d, 0x79, 0x3d,
    0x79, 0x3d, 0x79, 0x3d, 0x59, 0x35, 0x59, 0x35, 0x59, 0x35, 0x59, 0x35,
    0x39, 0x2d, 0x39, 0x2d, 0x39, 0x25, 0x39, 0x2d, 0x18, 0x25, 0x39, 0x2d,
    0x38, 0x2d, 0x39, 0x25, 0x38, 0x2d, 0x18, 0x2d, 0x39, 0x2d, 0x38, 0x2d,
    0x39, 0x2d, 0x19, 0x25, 0x39, 0x2d, 0x39, 0x2d, 0x39, 0x2d, 0x38, 0x2d,
    0x19, 0x25, 0x38, 0x2d, 0x39, 0x2d, 0x39, 0x2d, 0x39, 0x2d, 0x38, 0x2d,
    0x39, 0x2d, 0x39, 0x2d, 0x39, 0x2d, 0x99, 0x3d, 0x3a, 0x66, 0x5a, 0x76,
    0x9a, 0x7e, 0xba, 0x86, 0xba, 0x86, 0xda, 0x8e, 0xda, 0x8e, 0xdb, 0x96,
    0xdb, 0x96, 0xfa, 0x8e, 0xda, 0x96, 0xda, 0x96, 0xdb, 0x96, 0xfa, 0x96,
    0xfa, 0x96, 0xda, 0x96, 0xda, 0x8e, 0xda, 0x96, 0xfa, 0x96, 0xfb, 0x96,
    0xda, 0x96, 0xda, 0x8e, 0xdb, 0x8e, 0xda, 0x96, 0xda, 0x8e, 0xda, 0x8e,
    0xba, 0x86, 0x5a, 0x6e, 0x19, 0x25, 0x39, 0x2d, 0x39, 0x2d, 0x38, 0x2d,
    0x38, 0x2d, 0x39, 0x2d, 0x39, 0x2d, 0x38, 0x2d, 0x39, 0x2d, 0x39, 0x2d,
    0x39, 0x2d, 0x39, 0x2d, 0x38, 0x2d, 0x39, 0x2d, 0x39, 0x2d, 0x38, 0x2d,
    0x38, 0x2d, 0x39, 0x2d, 0x39, 0x2d, 0x38, 0x2d, 0x39, 0x2d, 0x39, 0x2d,
    0x38, 0x2d, 0x39, 0x25, 0x39, 0x2d, 0x38, 0x2d, 0x38, 0x25, 0x39, 0x2d,
    0x39, 0x2d, 0x38, 0x2d, 0x38, 0x25, 0x39, 0x2d, 0x39, 0x2d, 0x39, 0x2d,
    0x39, 0x2d, 0x39, 0x2d, 0x18, 0x2d, 0x39, 0x2d, 0x39, 0x2d, 0x38, 0x25,
    0x39, 0x2d, 0x39, 0x2d, 0x18, 0x2d, 0x39, 0x2d, 0x39, 0x2d, 0x38, 0x2d,
    0x39, 0x2d, 0x19, 0x2d, 0x39, 0x2d, 0x39, 0x2d, 0x19, 0x25, 0x38, 0x2d,
    0x39, 0x2d, 0x39, 0x2d, 0x38, 0x2d, 0x39, 0x2d, 0x39, 0x2d, 0x38, 0x25,
    0x38, 0x2d, 0x39, 0x2d, 0x38, 0x2d, 0x19, 0x2d, 0x38, 0x25, 0x39, 0x2d,
    0x39, 0x2d, 0x38, 0x25, 0x19, 0x2d, 0x39, 0x2d, 0x38, 0x2d, 0x39, 0x25,
    0x38, 0x2d, 0x18, 0x2d, 0x39, 0x25, 0x39, 0x2d, 0x18, 0x25, 0x38, 0x2d,
    0x39, 0x2d, 0x39, 0x2d, 0x38, 0x2d, 0x38, 0x25, 0x39, 0x2d, 0x19, 0x2d,
    0x38, 0x2d, 0x39, 0x2d, 0x39, 0x2d, 0x39, 0x2d, 0x39, 0x25, 0x39, 0x2d,
    0x38, 0x2d, 0x39, 0x25, 0x39, 0x2d, 0x38, 0x25, 0x39, 0x2d, 0x19, 0x25,
    0x38, 0x2d, 0x39, 0x2d, 0x38, 0x2d, 0x39, 0x25, 0x39, 0x2d, 0x38, 0x2d,
    0x39, 0x2d, 0x39, 0x25, 0x38, 0x2d, 0x39, 0x2d, 0x39, 0x2d, 0x18, 0x25,
    0x39, 0x2d, 0x39, 0x2d, 0x39, 0x2d, 0x38, 0x2d, 0x39, 0x2d, 0x39, 0x2d,
    0x38, 0x2d, 0x39, 0x2d, 0x59, 0x2d, 0x79, 0x35, 0x79, 0x3d, 0x99, 0x45,
    0xba, 0x45, 0xb9, 0x4d, 0xda, 0x4d, 0xd9, 0x55, 0xf9, 0x55, 0xfa, 0x55,
    0xfa, 0x55, 0xf9, 0x55, 0x1a, 0x56, 0x1a, 0x5e, 0x1a, 0x5e, 0x1a, 0x5e,
    0x1a, 0x5e, 0x1a, 0x5e, 0x1a, 0x5e, 0x1a, 0x5e, 0xfa, 0x55, 0xf9, 0x55,
    0xfa, 0x55, 0xfa, 0x55, 0xd9, 0x4d, 0xb9, 0x45, 0xba, 0x45, 0xb9, 0x4d,
    0xb9, 0x45, 0xb9, 0x45, 0xb9, 0x4d, 0xba, 0x45, 0xb9, 0x45, 0xd9, 0x4d,
    0xba, 0x45, 0xb9, 0x45, 0xb9, 0x45, 0xba, 0x45, 0xba, 0x45, 0xb9, 0x45,
    0xb9, 0x45, 0xba, 0x45, 0xb9, 0x45, 0xb9, 0x45, 0xba, 0x45, 0x99, 0x45,
    0xb9, 0x45, 0x99, 0x3d, 0x9a, 0x45, 0x99, 0x3d, 0x99, 0x3d, 0x79, 0x3d,
    0x79, 0x3d, 0x79, 0x3d, 0x79, 0x3d, 0x79, 0x3d, 0x79, 0x35, 0x7a, 0x3d,
    0x79, 0x3d, 0x79, 0x3d, 0x79, 0x35, 0x79, 0x35, 0x79, 0x35, 0x79, 0x35,
    0x59, 0x35, 0x59, 0x35, 0x59, 0x35, 0x59, 0x35, 0x59, 0x35, 0x59, 0x35,
    0x39, 0x2d, 0x38, 0x2d, 0x39, 0x2d, 0x39, 0x2d, 0x38, 0x25, 0x39, 0x2d,
    0x39, 0x2d, 0x18, 0x2d, 0x39, 0x2d, 0x39, 0x2d, 0x38, 0x2d, 0x39, 0x25,
    0x38, 0x2d, 0x38, 0x2d, 0x19, 0x2d, 0x38, 0x2d, 0x39, 0x2d, 0x39, 0x2d,
    0x39, 0x2d, 0x38, 0x2d, 0x38, 0x2d, 0x39, 0x25, 0x39, 0x2d, 0x39, 0x2d,
    0x39, 0x2d, 0x39, 0x2d, 0x38, 0x25, 0xd9, 0x4d, 0x3a, 0x66, 0x5a, 0x6e,
    0x7a, 0x76, 0xba, 0x7e, 0xba, 0x8e, 0xda, 0x8e, 0xda, 0x8e, 0xda, 0x8e,
    0xda, 0x96, 0xfb, 0x96, 0xfb, 0x8e, 0xda, 0x96, 0xdb, 0x96, 0xda, 0x8e,
    0xda, 0x8e, 0xda, 0x96, 0xfb, 0x96, 0xda, 0x8e, 0xda, 0x8e, 0xdb, 0x96,
    0xda, 0x96, 0xfa, 0x8e, 0xda, 0x8e, 0xdb, 0x8e, 0xdb, 0x8e, 0xda, 0x8e,
    0xba, 0x8e, 0xba, 0x7e, 0x59, 0x2d, 0x38, 0x2d, 0x39, 0x2d, 0x39, 0x2d,
    0x39, 0x2d, 0x38, 0x2d, 0x39, 0x2d, 0x39, 0x2d, 0x38, 0x2d, 0x39, 0x2d,
    0x39, 0x2d, 0x38, 0x2d, 0x39, 0x2d, 0x38, 0x25, 0x39, 0x2d, 0x39, 0x2d,
    0x39, 0x2d, 0x38, 0x2d, 0x39, 0x2d, 0x39, 0x2d, 0x39, 0x25, 0x39, 0x2d,
    0x39, 0x2d, 0x39, 0x2d, 0x39, 0x2d, 0x39, 0x2d, 0x39, 0x2d, 0x39, 0x25,
    0x38, 0x2d, 0x39, 0x2d, 0x39, 0x2d, 0x38, 0x2d, 0x39, 0x2d, 0x38, 0x25,
    0x39, 0x2d, 0x39, 0x2d, 0x38, 0x2d, 0x39, 0x25, 0x39, 0x2d, 0x38, 0x2d,
    0x39, 0x2d, 0x39, 0x2d, 0x39, 0x2d, 0x38, 0x25, 0x39, 0x2d, 0x39, 0x2d,
    0x39, 0x2d, 0x38, 0x25, 0x38, 0x2d, 0x39, 0x2d, 0x39, 0x2d, 0x38, 0x25,
    0x39, 0x2d, 0x39, 0x25, 0x38, 0x2d, 0x39, 0x2d, 0x39, 0x2d, 0x39, 0x2d,
    0x39, 0x2d, 0x39, 0x2d, 0x39, 0x2d, 0x39, 0x2d, 0x38, 0x2d, 0x39, 0x2d,
    0x38, 0x2d, 0x39, 0x2d, 0x39, 0x2d, 0x38, 0x2d, 0x39, 0x2d, 0x39, 0x2d,
    0x39, 0x2d, 0x38, 0x25, 0x39, 0x2d, 0x38, 0x2d, 0x39, 0x2d, 0x38, 0x2d,
    0x39, 0x2d, 0x39, 0x2d, 0x39, 0x2d, 0x39, 0x2d, 0x38, 0x25, 0x39, 0x2d,
    0x39, 0x2d, 0x39, 0x25, 0x39, 0x2d, 0x38, 0x2d, 0x39, 0x2d, 0x39, 0x2d,
    0x39, 0x2d, 0x39, 0x2d, 0x38, 0x2d, 0x39, 0x2d, 0x39, 0x2d, 0x39, 0x2d,
    0x39, 0x2d, 0x39, 0x2d, 0x38, 0x2d, 0x39, 0x2d, 0x38, 0x2d, 0x39, 0x2d,
    0x38, 0x2d, 0x39, 0x2d, 0x38, 0x25, 0x39, 0x2d, 0x39, 0x2d, 0x38, 0x25,
    0x39, 0x2d, 0x38, 0x2d, 0x38, 0x25, 0x39, 0x2d, 0x39, 0x2d, 0x39, 0x2d,
    0x38, 0x2d, 0x39, 0x2d, 0x59, 0x2d, 0x39, 0x2d, 0x59, 0x2d, 0x59, 0x2d,
    0x79, 0x35, 0x79, 0x3d, 0x99, 0x3d, 0xb9, 0x45, 0xb9, 0x45, 0xba, 0x45,
    0xd9, 0x4d, 0xd9, 0x4d, 0xd9, 0x4d, 0xd9, 0x4d, 0xf9, 0x55, 0xf9, 0x55,
    0xfa, 0x55, 0xf9, 0x55, 0xf9, 0x55, 0xfa, 0x55, 0xd9, 0x4d, 0xd9, 0x4d,
    0xb9, 0x4d, 0xb9, 0x45, 0x99, 0x3d, 0x99, 0x3d, 0x99, 0x45, 0x99, 0x45,
    0x99, 0x3d, 0xba, 0x45, 0x99, 0x45, 0x9a, 0x45, 0xb9, 0x45, 0xb9, 0x45,
    0xb9, 0x45, 0xba, 0x45, 0xb9, 0x45, 0xb9, 0x45, 0xb9, 0x45, 0xb9, 0x45,
    0xba, 0x45, 0xb9, 0x45, 0x99, 0x45, 0x99, 0x45, 0x99, 0x45, 0x9a, 0x3d,
    0x99, 0x3d, 0x99, 0x3d, 0x79, 0x3d, 0x79, 0x3d, 0x79, 0x35, 0x79, 0x35,
    0x79, 0x35, 0x79, 0x35, 0x79, 0x35, 0x79, 0x35, 0x59, 0x35, 0x79, 0x35,
    0x79, 0x35, 0x59, 0x35, 0x79, 0x35, 0x79, 0x35, 0x59, 0x35, 0x79, 0x35,
    0x59, 0x35, 0x59, 0x35, 0x59, 0x35, 0x59, 0x35, 0x59, 0x2d, 0x59, 0x2d,
    0x39, 0x2d, 0x39, 0x2d, 0x38, 0x2d, 0x39, 0x2d, 0x39, 0x2d, 0x38, 0x2d,
    0x39, 0x2d, 0x39, 0x2d, 0x39, 0x2d, 0x39, 0x2d, 0x39, 0x2d, 0x39, 0x2d,
    0x39, 0x2d, 0x39, 0x2d, 0x38, 0x2d, 0x39, 0x25, 0x38, 0x2d, 0x39, 0x2d,
    0x39, 0x2d, 0x39, 0x2d, 0x39, 0x2d, 0x39, 0x2d, 0x38, 0x25, 0x39, 0x2d,
    0x39, 0x2d, 0x38, 0x2d, 0x39, 0x2d, 0xfa, 0x55, 0x3a, 0x66, 0x5a, 0x6e,
    0x9a, 0x76, 0x9a, 0x7e, 0xba, 0x86, 0xdb, 0x8e, 0xda, 0x8e, 0xda, 0x8e,
    0xda, 0x96, 0xfa, 0x96, 0xda, 0x8e, 0xda, 0x96, 0xfa, 0x96, 0xfb, 0x96,
    0xdb, 0x96, 0xda, 0x96, 0xfb, 0x96, 0xda, 0x96, 0xfb, 0x96, 0xfa, 0x8e,
    0xfb, 0x96, 0xda, 0x96, 0xda, 0x8e, 0xda, 0x8e, 0xda, 0x8e, 0xdb, 0x96,
    0xda, 0x8e, 0xba, 0x86, 0xb9, 0x45, 0x39, 0x2d, 0x38, 0x2d, 0x39, 0x2d,
    0x39, 0x2d, 0x39, 0x25, 0x38, 0x2d, 0x39, 0x2d, 0x39, 0x2d, 0x39, 0x2d,
    0x38, 0x2d, 0x39, 0x2d, 0x39, 0x2d, 0x38, 0x2d, 0x39, 0x2d, 0x39, 0x2d,
    0x39, 0x2d, 0x39, 0x2d, 0x38, 0x2d, 0x59, 0x2d, 0x38, 0x2d, 0x38, 0x2d,
    0x39, 0x2d, 0x38, 0x2d, 0x39, 0x2d, 0x39, 0x2d, 0x38, 0x2d, 0x39, 0x2d,
    0x39, 0x2d, 0x38, 0x2d, 0x39, 0x2d, 0x39, 0x25, 0x38, 0x2d, 0x38, 0x2d,
    0x39, 0x2d, 0x39, 0x2d, 0x39, 0x2d, 0x39, 0x2d, 0x38, 0x2d, 0x39, 0x2d,
    0x38, 0x2d, 0x39, 0x2d, 0x39, 0x2d, 0x38, 0x2d, 0x39, 0x2d, 0x39, 0x25,
    0x38, 0x2d, 0x39, 0x2d, 0x39, 0x2d, 0x38, 0x2d, 0x39, 0x2d, 0x39, 0x2d,
    0x38, 0x2d, 0x39, 0x2d, 0x39, 0x25, 0x38, 0x2d, 0x38, 0x25, 0x39, 0x2d,
    0x39, 0x2d, 0x38, 0x2d, 0x39, 0x2d, 0x39, 0x2d, 0x39, 0x25, 0x38, 0x2d,
    0x39, 0x2d, 0x39, 0x2d, 0x38, 0x25, 0x39, 0x2d, 0x39, 0x2d, 0x39, 0x2d,
    0x38, 0x2d, 0x39, 0x2d, 0x39, 0x2d, 0x39, 0x2d, 0x39, 0x2d, 0x39, 0x25,
    0x38, 0x2d, 0x39, 0x2d, 0x39, 0x2d, 0x38, 0x2d, 0x39, 0x2d, 0x38, 0x2d,
    0x38, 0x25, 0x39, 0x2d, 0x38, 0x2d, 0x38, 0x25, 0x39, 0x2d, 0x39, 0x2d,
    0x38, 0x2d, 0x38, 0x2d, 0x39, 0x25, 0x39, 0x2d, 0x38, 0x2d, 0x38, 0x25,
    0x39, 0x2d, 0x39, 0x2d, 0x39, 0x25, 0x39, 0x2d, 0x39, 0x2d, 0x38, 0x25,
    0x39, 0x2d, 0x39, 0x2d, 0x39, 0x2d, 0x39, 0x2d, 0x38, 0x2d, 0x39, 0x2d,
    0x39, 0x2d, 0x39, 0x2d, 0x39, 0x2d, 0x38, 0x2d, 0x39, 0x2d, 0x38, 0x2d,
    0x39, 0x2d, 0x39, 0x2d, 0x39, 0x2d, 0x39, 0x2d, 0x59, 0x2d, 0x39, 0x2d,
    0x39, 0x2d, 0x59, 0x2d, 0x59, 0x2d, 0x59, 0x2d, 0x59, 0x35, 0x59, 0x35,
    0x79, 0x35, 0x79, 0x3d, 0x99, 0x3d, 0x99, 0x3d, 0x99, 0x3d, 0x99, 0x3d,
    0x99, 0x3d, 0x99, 0x3d, 0x99, 0x3d, 0x99, 0x3d, 0x79, 0x3d, 0x79, 0x35,
    0x79, 0x35, 0x59, 0x35, 0x59, 0x35, 0x79, 0x35, 0x79, 0x35, 0x79, 0x35,
    0x79, 0x3d, 0x99, 0x3d, 0x99, 0x3d, 0x79, 0x3d, 0x99, 0x3d, 0x99, 0x45,
    0x9a, 0x45, 0x99, 0x3d, 0x99, 0x45, 0x99, 0x3d, 0x9a, 0x45, 0x99, 0x45,
    0x99, 0x45, 0x99, 0x3d, 0x9a, 0x3d, 0x99, 0x3d, 0x99, 0x3d, 0x79, 0x3d,
    0x79, 0x3d, 0x79, 0x35, 0x79, 0x35, 0x79, 0x35, 0x59, 0x35, 0x59, 0x35,
    0x59, 0x35, 0x59, 0x35, 0x59, 0x35, 0x59, 0x35, 0x59, 0x35, 0x79, 0x35,
    0x79, 0x35, 0x59, 0x35, 0x59, 0x35, 0x59, 0x35, 0x59, 0x35, 0x59, 0x35,
    0x59, 0x2d, 0x59, 0x35, 0x59, 0x2d, 0x59, 0x2d, 0x59, 0x2d, 0x39, 0x2d,
    0x38, 0x2d, 0x39, 0x2d, 0x39, 0x2d, 0x39, 0x2d, 0x38, 0x2d, 0x39, 0x2d,
    0x39, 0x25, 0x39, 0x2d, 0x38, 0x2d, 0x38, 0x2d, 0x39, 0x2d, 0x39, 0x2d,
    0x38, 0x2d, 0x39, 0x2d, 0x39, 0x2d, 0x39, 0x2d, 0x39, 0x2d, 0x38, 0x2d,
    0x39, 0x2d, 0x59, 0x2d, 0x99, 0x3d, 0xb9, 0x45, 0xb9, 0x45, 0xb9, 0x45,
    0x99, 0x3d, 0x59, 0x2d, 0x39, 0x2d, 0xf9, 0x55, 0x3a, 0x66, 0x5a, 0x6e,
    0x7a, 0x76, 0x9a, 0x7e, 0xba, 0x86, 0xba, 0x8e, 0xda, 0x8e, 0xdb, 0x8e,
    0xdb, 0x96, 0xda, 0x96, 0xfa, 0x8e, 0xda, 0x8e, 0xda, 0x96, 0xfa, 0x8e,
    0xfa, 0x96, 0xda, 0x8e, 0xda, 0x8e, 0xda, 0x96, 0xda, 0x96, 0xdb, 0x8e,
    0xda, 0x8e, 0xdb, 0x96, 0xda, 0x96, 0xda, 0x96, 0xda, 0x8e, 0xdb, 0x8e,
    0xba, 0x86, 0x9a, 0x7e, 0x1a, 0x5e, 0x39, 0x2d, 0x39, 0x2d, 0x38, 0x2d,
    0x38, 0x2d, 0x39, 0x2d, 0x39, 0x2d, 0x39, 0x2d, 0x59, 0x2d, 0x38, 0x2d,
    0x39, 0x2d, 0x59, 0x2d, 0x39, 0x2d, 0x38, 0x2d, 0x59, 0x2d, 0x39, 0x2d,
    0x58, 0x2d, 0x39, 0x2d, 0x39, 0x2d, 0x58, 0x2d, 0x39, 0x2d, 0x39, 0x2d,
    0x39, 0x2d, 0x38, 0x2d, 0x59, 0x2d, 0x38, 0x2d, 0x38, 0x2d, 0x39, 0x2d,
    0x59, 0x2d, 0x39, 0x2d, 0x39, 0x2d, 0x39, 0x2d, 0x39, 0x2d, 0x59, 0x2d,
    0x39, 0x2d, 0x38, 0x2d, 0x39, 0x2d, 0x39, 0x2d, 0x39, 0x2d, 0x38, 0x2d,
    0x39, 0x25, 0x39, 0x25, 0x38, 0x2d, 0x39, 0x2d, 0x39, 0x2d, 0x39, 0x2d,
    0x38, 0x2d, 0x39, 0x2d, 0x39, 0x2d, 0x39, 0x2d, 0x38, 0x2d, 0x39, 0x2d,
    0x39, 0x2d, 0x38, 0x2d, 0x39, 0x2d, 0x39, 0x2d, 0x38, 0x2d, 0x39, 0x2d,
    0x39, 0x2d, 0x38, 0x25, 0x38, 0x2d, 0x39, 0x2d, 0x39, 0x2d, 0x38, 0x2d,
    0x59, 0x25, 0x39, 0x2d, 0x38, 0x2d, 0x39, 0x25, 0x38, 0x2d, 0x39, 0x25,
    0x38, 0x2d, 0x39, 0x2d, 0x38, 0x2d, 0x39, 0x2d, 0x39, 0x2d, 0x39, 0x2d,
    0x39, 0x2d, 0x38, 0x25, 0x38, 0x2d, 0x39, 0x25, 0x39, 0x2d, 0x39, 0x2d,
    0x39, 0x2d, 0x39, 0x2d, 0x39, 0x2d, 0x38, 0x2d, 0x39, 0x2d, 0x39, 0x2d,
    0x39, 0x2d, 0x39, 0x2d, 0x39, 0x25, 0x38, 0x2d, 0x39, 0x2d, 0x39, 0x2d,
    0x38, 0x2d, 0x39, 0x2d, 0x38, 0x2d, 0x39, 0x2d, 0x39, 0x2d, 0x39, 0x2d,
    0x38, 0x2d, 0x39, 0x2d, 0x38, 0x2d, 0x39, 0x2d, 0x59, 0x2d, 0x39, 0x2d,
    0x38, 0x2d, 0x39, 0x2d, 0x39, 0x2d, 0x39, 0x2d, 0x59, 0x25, 0x38, 0x25,
    0x39, 0x2d, 0x38, 0x2d, 0x39, 0x2d, 0x38, 0x2d, 0x59, 0x2d, 0x38, 0x2d,
    0x39, 0x2d, 0x39, 0x2d, 0x39, 0x2d, 0x39, 0x2d, 0x39, 0x2d, 0x59, 0x2d,
    0x39, 0x2d, 0x39, 0x2d, 0x59, 0x2d, 0x59, 0x2d, 0x39, 0x2d, 0x39, 0x2d,
    0x39, 0x2d, 0x59, 0x2d, 0x59, 0x2d, 0x59, 0x2d, 0x39, 0x2d, 0x59, 0x2d,
    0x59, 0x2d, 0x59, 0x2d, 0x59, 0x2d, 0x59, 0x2d, 0x59, 0x2d, 0x59, 0x2d,
    0x59, 0x35, 0x59, 0x35, 0x79, 0x35, 0x79, 0x35, 0x79, 0x3d, 0x79, 0x3d,
    0x79, 0x3d, 0x99, 0x3d, 0x99, 0x3d, 0x79, 0x3d, 0x99, 0x3d, 0x79, 0x3d,
    0x99, 0x3d, 0x79, 0x3d, 0x79, 0x3d, 0x79, 0x35, 0x79, 0x35, 0x79, 0x35,
    0x79, 0x35, 0x59, 0x35, 0x59, 0x35, 0x59, 0x35, 0x59, 0x35, 0x59, 0x2d,
    0x59, 0x2d, 0x59, 0x2d, 0x59, 0x2d, 0x59, 0x2d, 0x39, 0x2d, 0x59, 0x35,
    0x59, 0x2d, 0x59, 0x2d, 0x59, 0x35, 0x59, 0x2d, 0x59, 0x2d, 0x59, 0x2d,
    0x59, 0x2d, 0x59, 0x2d, 0x39, 0x2d, 0x59, 0x2d, 0x39, 0x2d, 0x38, 0x2d,
    0x39, 0x2d, 0x39, 0x2d, 0x39, 0x2d, 0x39, 0x2d, 0x39, 0x2d, 0x38, 0x2d,
    0x39, 0x2d, 0x39, 0x2d, 0x39, 0x2d, 0x38, 0x2d, 0x39, 0x2d, 0x38, 0x25,
    0x39, 0x2d, 0x39, 0x2d, 0x39, 0x2d, 0x39, 0x2d, 0x39, 0x2d, 0x58, 0x2d,
    0x99, 0x3d, 0xd9, 0x4d, 0x19, 0x5e, 0x1a, 0x66, 0x3a, 0x66, 0x3a, 0x6e,
    0x3a, 0x66, 0x5a, 0x66, 0xf9, 0x55, 0xf9, 0x55, 0x3a, 0x5e, 0x5a, 0x6e,
    0x7a, 0x76, 0x7a, 0x76, 0xba, 0x86, 0xba, 0x8e, 0xda, 0x8e, 0xda, 0x8e,
    0xda, 0x8e, 0xda, 0x8e, 0xdb, 0x96, 0xda, 0x8e, 0xdb, 0x8e, 0xda, 0x96,
    0xda, 0x96, 0xdb, 0x8e, 0xda, 0x96, 0xdb, 0x96, 0xda, 0x96, 0xda, 0x8e,
    0xda, 0x8e, 0xda, 0x8e, 0xdb, 0x8e, 0xdb, 0x8e, 0xda, 0x8e, 0xda, 0x8e,
    0xba, 0x86, 0xba, 0x7e, 0x3a, 0x6e, 0x39, 0x2d, 0x59, 0x2d, 0x39, 0x2d,
    0x59, 0x2d, 0x38, 0x2d, 0x59, 0x2d, 0x59, 0x2d, 0x38, 0x2d, 0x59, 0x2d,
    0x39, 0x2d, 0x59, 0x2d, 0x39, 0x2d, 0x59, 0x2d, 0x39, 0x2d, 0x38, 0x2d,
    0x58, 0x2d, 0x39, 0x25, 0x59, 0x2d, 0x39, 0x2d, 0x59, 0x2d, 0x39, 0x2d,
    0x59, 0x2d, 0x59, 0x2d, 0x59, 0x2d, 0x59, 0x2d, 0x59, 0x2d, 0x59, 0x2d,
    0x38, 0x2d, 0x39, 0x2d, 0x59, 0x2d, 0x58, 0x2d, 0x39, 0x2d, 0x38, 0x2d,
    0x38, 0x2d, 0x59, 0x25, 0x58, 0x2d, 0x59, 0x2d, 0x39, 0x2d, 0x39, 0x2d,
    0x39, 0x2d, 0x39, 0x2d, 0x38, 0x2d, 0x59, 0x2d, 0x38, 0x2d, 0x39, 0x2d,
    0x39, 0x2d, 0x58, 0x2d, 0x39, 0x25, 0x39, 0x2d, 0x59, 0x2d, 0x39, 0x2d,
    0x39, 0x2d, 0x38, 0x2d, 0x59, 0x2d, 0x39, 0x2d, 0x39, 0x2d, 0x38, 0x2d,
    0x39, 0x2d, 0x59, 0x2d, 0x59, 0x2d, 0x39, 0x2d, 0x38, 0x2d, 0x39, 0x2d,
    0x39, 0x2d, 0x59, 0x2d, 0x39, 0x2d, 0x39, 0x2d, 0x39, 0x2d, 0x58, 0x2d,
    0x39, 0x2d, 0x39, 0x2d, 0x38, 0x2d, 0x59, 0x25, 0x38, 0x2d, 0x39, 0x2d,
    0x58, 0x2d, 0x39, 0x2d, 0x39, 0x2d, 0x38, 0x2d, 0x39, 0x25, 0x38, 0x2d,
    0x39, 0x2d, 0x39, 0x2d, 0x59, 0x2d, 0x38, 0x2d, 0x39, 0x2d, 0x39, 0x2d,
    0x38, 0x2d, 0x59, 0x2d, 0x39, 0x2d, 0x59, 0x2d, 0x59, 0x2d, 0x38, 0x2d,
    0x39, 0x2d, 0x39, 0x2d, 0x38, 0x2d, 0x39, 0x2d, 0x39, 0x2d, 0x58, 0x2d,
    0x39, 0x2d, 0x39, 0x2d, 0x59, 0x2d, 0x38, 0x2d, 0x39, 0x2d, 0x39, 0x2d,
    0x58, 0x25, 0x39, 0x2d, 0x39, 0x2d, 0x59, 0x2d, 0x59, 0x2d, 0x59, 0x2d,
    0x39, 0x2d, 0x59, 0x2d, 0x39, 0x2d, 0x59, 0x2d, 0x58, 0x2d, 0x59, 0x2d,
    0x59, 0x2d, 0x58, 0x2d, 0x59, 0x2d, 0x39, 0x2d, 0x58, 0x2d, 0x59, 0x2d,
    0x39, 0x2d, 0x59, 0x2d, 0x39, 0x2d, 0x39, 0x2d, 0x59, 0x2d, 0x59, 0x2d,
    0x39, 0x2d, 0x59, 0x2d, 0x39, 0x2d, 0x39, 0x2d, 0x59, 0x2d, 0x59, 0x2d,
    0x39, 0x2d, 0x39, 0x2d, 0x39, 0x2d, 0x39, 0x2d, 0x39, 0x2d, 0x59, 0x2d,
    0x59, 0x2d, 0x59, 0x2d, 0x59, 0x2d, 0x59, 0x2d, 0x59, 0x35, 0x59, 0x2d,
    0x79, 0x35, 0x59, 0x35, 0x79, 0x35, 0x59, 0x35, 0x79, 0x35, 0x79, 0x35,
    0x79, 0x35, 0x79, 0x35, 0x59, 0x35, 0x79, 0x35, 0x59, 0x35, 0x59, 0x35,
    0x59, 0x2d, 0x59, 0x35, 0x59, 0x2d, 0x59, 0x2d, 0x39, 0x2d, 0x59, 0x2d,
    0x39, 0x2d, 0x39, 0x2d, 0x39, 0x2d, 0x59, 0x2d, 0x59, 0x2d, 0x59, 0x2d,
    0x59, 0x35, 0x59, 0x2d, 0x59, 0x2d, 0x59, 0x35, 0x59, 0x2d, 0x59, 0x2d,
    0x59, 0x2d, 0x39, 0x2d, 0x59, 0x2d, 0x39, 0x2d, 0x38, 0x2d, 0x39, 0x2d,
    0x39, 0x2d, 0x58, 0x2d, 0x58, 0x2d, 0x39, 0x2d, 0x39, 0x2d, 0x39, 0x2d,
    0x39, 0x2d, 0x39, 0x2d, 0x39, 0x2d, 0x59, 0x2d, 0x39, 0x2d, 0x59, 0x2d,
    0x59, 0x2d, 0x58, 0x2d, 0x59, 0x2d, 0x58, 0x2d, 0x59, 0x2d, 0xb9, 0x4d,
    0x1a, 0x5e, 0x3a, 0x66, 0x5a, 0x6e, 0x5a, 0x6e, 0x5a, 0x6e, 0x79, 0x76,
    0x5a, 0x76, 0x7a, 0x76, 0x5a, 0x76, 0x7a, 0x6e, 0x3a, 0x66, 0x3a, 0x66,
    0x7a, 0x6e, 0x7a, 0x76, 0x9a, 0x7e, 0xba, 0x86, 0xda, 0x8e, 0xda, 0x8e,
    0xda, 0x8e, 0xda, 0x8e, 0xda, 0x96, 0xfa, 0x96, 0xda, 0x8e, 0xdb, 0x96,
    0xda, 0x8e, 0xda, 0x96, 0xfa, 0x8e, 0xda, 0x8e, 0xdb, 0x96, 0xda, 0x8e,
    0xda, 0x96, 0xda, 0x8e, 0xda, 0x8e, 0xda, 0x8e, 0xdb, 0x8e, 0xda, 0x8e,
    0xda, 0x8e, 0x9a, 0x7e, 0x5a, 0x6e, 0x58, 0x2d, 0x59, 0x2d, 0x39, 0x2d,
    0x59, 0x2d, 0x39, 0x2d, 0x38, 0x2d, 0x59, 0x2d, 0x39, 0x2d, 0x59, 0x2d,
    0x59, 0x2d, 0x38, 0x2d, 0x59, 0x2d, 0x59, 0x2d, 0x59, 0x2d, 0x39, 0x2d,
    0x59, 0x2d, 0x59, 0x2d, 0x39, 0x2d, 0x58, 0x2d, 0x59, 0x2d, 0x59, 0x2d,
    0x38, 0x2d, 0x39, 0x2d, 0x39, 0x2d, 0x59, 0x2d, 0x39, 0x2d, 0x38, 0x2d,
    0x59, 0x2d, 0x59, 0x2d, 0x38, 0x2d, 0x59, 0x2d, 0x59, 0x2d, 0x39, 0x2d,
    0x59, 0x2d, 0x59, 0x2d, 0x38, 0x2d, 0x59, 0x2d, 0x38, 0x2d, 0x38, 0x2d,
    0x59, 0x2d, 0x39, 0x2d, 0x59, 0x2d, 0x59, 0x2d, 0x59, 0x2d, 0x59, 0x2d,
    0x58, 0x2d, 0x59, 0x2d, 0x58, 0x2d, 0x59, 0x2d, 0x58, 0x2d, 0x59, 0x2d,
    0x59, 0x2d, 0x58, 0x2d, 0x39, 0x2d, 0x59, 0x2d, 0x39, 0x2d, 0x39, 0x2d,
    0x59, 0x2d, 0x59, 0x2d, 0x39, 0x2d, 0x59, 0x2d, 0x59, 0x2d, 0x38, 0x2d,
    0x39, 0x2d, 0x58, 0x2d, 0x59, 0x2d, 0x39, 0x2d, 0x59, 0x2d, 0x39, 0x2d,
    0x59, 0x2d, 0x39, 0x2d, 0x59, 0x2d, 0x59, 0x2d, 0x59, 0x2d, 0x59, 0x2d,
    0x38, 0x2d, 0x59, 0x2d, 0x59, 0x2d, 0x59, 0x2d, 0x59, 0x2d, 0x59, 0x2d,
    0x38, 0x2d, 0x59, 0x2d, 0x59, 0x25, 0x39, 0x2d, 0x59, 0x2d, 0x38, 0x2d,
    0x59, 0x2d, 0x39, 0x2d, 0x38, 0x2d, 0x38, 0x2d, 0x59, 0x2d, 0x39, 0x2d,
    0x39, 0x2d, 0x39, 0x2d, 0x59, 0x25, 0x39, 0x2d, 0x38, 0x2d, 0x59, 0x25,
    0x59, 0x2d, 0x39, 0x2d, 0x58, 0x25, 0x59, 0x2d, 0x38, 0x2d, 0x39, 0x2d,
    0x39, 0x2d, 0x58, 0x2d, 0x59, 0x2d, 0x38, 0x2d, 0x38, 0x2d, 0x39, 0x2d,
    0x59, 0x2d, 0x38, 0x2d, 0x59, 0x2d, 0x39, 0x2d, 0x39, 0x2d, 0x39, 0x2d,
    0x39, 0x2d, 0x58, 0x2d, 0x39, 0x2d, 0x39, 0x2d, 0x58, 0x2d, 0x39, 0x2d,
    0x59, 0x2d, 0x58, 0x2d, 0x59, 0x2d, 0x59, 0x2d, 0x39, 0x2d, 0x58, 0x2d,
    0x59, 0x2d, 0x39, 0x2d, 0x58, 0x2d, 0x39, 0x2d, 0x58, 0x2d, 0x39, 0x2d,
    0x59, 0x2d, 0x39, 0x2d, 0x58, 0x2d, 0x59, 0x2d, 0x39, 0x2d, 0x39, 0x2d,
    0x59, 0x2d, 0x59, 0x2d, 0x59, 0x2d, 0x39, 0x2d, 0x59, 0x2d, 0x59, 0x2d,
    0x59, 0x2d, 0x59, 0x2d, 0x59, 0x2d, 0x59, 0x2d, 0x59, 0x2d, 0x59, 0x2d,
    0x59, 0x2d, 0x59, 0x2d, 0x59, 0x2d, 0x59, 0x35, 0x59, 0x2d, 0x59, 0x2d,
    0x59, 0x2d, 0x59, 0x2d, 0x59, 0x2d, 0x39, 0x2d, 0x39, 0x2d, 0x59, 0x2d,
    0x39, 0x2d, 0x59, 0x2d, 0x39, 0x2d, 0x39, 0x2d, 0x39, 0x2d, 0x59, 0x2d,
    0x59, 0x2d, 0x39, 0x2d, 0x39, 0x2d, 0x39, 0x2d, 0x39, 0x35, 0x39, 0x2d,
    0x59, 0x2d, 0x39, 0x2d, 0x59, 0x2d, 0x59, 0x2d, 0x39, 0x2d, 0x59, 0x2d,
    0x39, 0x2d, 0x59, 0x2d, 0x39, 0x2d, 0x59, 0x2d, 0x38, 0x2d, 0x39, 0x2d,
    0x58, 0x2d, 0x38, 0x2d, 0x58, 0x2d, 0x39, 0x2d, 0x38, 0x2d, 0x59, 0x2d,
    0x39, 0x2d, 0x39, 0x2d, 0x59, 0x2d, 0x59, 0x2d, 0xd9, 0x4d, 0x3a, 0x5e,
    0x3a, 0x6e, 0x59, 0x6e, 0x59, 0x6e, 0x7a, 0x76, 0x7a, 0x76, 0x7a, 0x76,
    0x79, 0x76, 0x7a, 0x76, 0x7a, 0x76, 0x7a, 0x76, 0x7a, 0x76, 0x5a, 0x6e,
    0x5a, 0x6e, 0x7a, 0x76, 0x7a, 0x76, 0xba, 0x86, 0xba, 0x86, 0xba, 0x8e,
    0xda, 0x8e, 0xda, 0x8e, 0xdb, 0x8e, 0xda, 0x8e, 0xda, 0x8e, 0xda, 0x8e,
    0xda, 0x8e, 0xda, 0x8e, 0xdb, 0x8e, 0xda, 0x8e, 0xda, 0x8e, 0xdb, 0x8e,
    0xda, 0x8e, 0xda, 0x8e, 0xda, 0x8e, 0xda, 0x8e, 0xba, 0x8e, 0xba, 0x8e,
    0xba, 0x86, 0xba, 0x86, 0x5a, 0x6e, 0x59, 0x2d, 0x58, 0x2d, 0x38, 0x2d,
    0x59, 0x2d, 0x59, 0x2d, 0x38, 0x2d, 0x39, 0x2d, 0x59, 0x2d, 0x58, 0x2d,
    0x39, 0x2d, 0x39, 0x2d, 0x58, 0x2d, 0x59, 0x2d, 0x58, 0x2d, 0x59, 0x2d,
    0x59, 0x2d, 0x59, 0x2d, 0x38, 0x2d, 0x59, 0x2d, 0x39, 0x2d, 0x38, 0x2d,
    0x59, 0x2d, 0x58, 0x2d, 0x39, 0x2d, 0x58, 0x2d, 0x39, 0x2d, 0x59, 0x2d,
    0x59, 0x2d, 0x39, 0x2d, 0x39, 0x2d, 0x58, 0x2d, 0x39, 0x2d, 0x39, 0x2d,
    0x59, 0x2d, 0x39, 0x2d, 0x59, 0x2d, 0x59, 0x2d, 0x59, 0x2d, 0x59, 0x2d,
    0x58, 0x2d, 0x59, 0x2d, 0x59, 0x2d, 0x39, 0x2d, 0x39, 0x2d, 0x58, 0x2d,
    0x39, 0x2d, 0x39, 0x2d, 0x39, 0x2d, 0x39, 0x2d, 0x38, 0x2d, 0x39, 0x2d,
    0x39, 0x2d, 0x59, 0x2d, 0x39, 0x2d, 0x58, 0x2d, 0x39, 0x2d, 0x59, 0x2d,
    0x58, 0x2d, 0x38, 0x2d, 0x39, 0x2d, 0x59, 0x2d, 0x59, 0x2d, 0x39, 0x25,
    0x59, 0x2d, 0x58, 0x2d, 0x39, 0x2d, 0x38, 0x2d, 0x39, 0x2d, 0x38, 0x25,
    0x59, 0x2d, 0x39, 0x2d, 0x38, 0x2d, 0x59, 0x2d, 0x39, 0x2d, 0x59, 0x2d,
    0x39, 0x2d, 0x39, 0x2d, 0x38, 0x2d, 0x38, 0x2d, 0x39, 0x2d, 0x59, 0x2d,
    0x39, 0x2d, 0x38, 0x2d, 0x59, 0x2d, 0x39, 0x2d, 0x58, 0x2d, 0x59, 0x25,
    0x39, 0x2d, 0x59, 0x2d, 0x38, 0x2d, 0x39, 0x2d, 0x59, 0x25, 0x59, 0x2d,
    0x58, 0x2d, 0x59, 0x2d, 0x59, 0x2d, 0x58, 0x2d, 0x39, 0x2d, 0x59, 0x2d,
    0x39, 0x2d, 0x38, 0x2d, 0x59, 0x2d, 0x59, 0x2d, 0x59, 0x2d, 0x59, 0x2d,
    0x39, 0x2d, 0x59, 0x2d, 0x59, 0x2d, 0x59, 0x2d, 0x39, 0x2d, 0x39, 0x2d,
    0x59, 0x2d, 0x58, 0x2d, 0x39, 0x2d, 0x59, 0x2d, 0x58, 0x2d, 0x39, 0x2d,
    0x39, 0x2d, 0x59, 0x2d, 0x39, 0x2d, 0x59, 0x2d, 0x59, 0x2d, 0x59, 0x2d,
    0x39, 0x2d, 0x39, 0x2d, 0x38, 0x2d, 0x59, 0x2d, 0x39, 0x2d, 0x59, 0x2d,
    0x59, 0x2d, 0x59, 0x2d, 0x59, 0x2d, 0x59, 0x2d, 0x39, 0x2d, 0x58, 0x2d,
    0x59, 0x2d, 0x39, 0x2d, 0x59, 0x2d, 0x59, 0x2d, 0x58, 0x2d, 0x39, 0x2d,
    0x39, 0x2d, 0x39, 0x2d, 0x59, 0x2d, 0x59, 0x2d, 0x59, 0x35, 0x39, 0x2d,
    0x59, 0x2d, 0x59, 0x2d, 0x59, 0x2d, 0x59, 0x2d, 0x59, 0x2d, 0x59, 0x2d,
    0x59, 0x2d, 0x59, 0x2d, 0x59, 0x2d, 0x59, 0x2d, 0x59, 0x2d, 0x39, 0x2d,
    0x39, 0x2d, 0x39, 0x2d, 0x39, 0x2d, 0x59, 0x2d, 0x59, 0x2d, 0x59, 0x2d,
    0x59, 0x2d, 0x39, 0x2d, 0x59, 0x2d, 0x59, 0x35, 0x39, 0x2d, 0x39, 0x2d,
    0x39, 0x2d, 0x59, 0x2d, 0x39, 0x2d, 0x59, 0x2d, 0x39, 0x2d, 0x59, 0x2d,
    0x39, 0x2d, 0x39, 0x2d, 0x58, 0x2d, 0x59, 0x35, 0x59, 0x2d, 0x39, 0x2d,
    0x39, 0x2d, 0x39, 0x2d, 0x59, 0x2d, 0x59, 0x2d, 0x39, 0x2d, 0x59, 0x2d,
    0x59, 0x2d, 0x59, 0x2d, 0x39, 0x2d, 0x59, 0x2d, 0x59, 0x2d, 0x59, 0x2d,
    0x58, 0x2d, 0x59, 0x2d, 0x59, 0x2d, 0xb9, 0x45, 0x19, 0x66, 0x5a, 0x6e,
    0x5a, 0x6e, 0x59, 0x6e, 0x7a, 0x76, 0x59, 0x76, 0x7a, 0x76, 0x7a, 0x76,
    0x7a, 0x76, 0x79, 0x76, 0x7a, 0x76, 0x79, 0x76, 0x7a, 0x76, 0x5a, 0x6e,
    0x59, 0x6e, 0x5a, 0x6e, 0x7a, 0x76, 0x9a, 0x7e, 0xba, 0x86, 0xba, 0x8e,
    0xda, 0x8e, 0xda, 0x8e, 0xda, 0x8e, 0xda, 0x8e, 0xda, 0x8e, 0xda, 0x8e,
    0xda, 0x8e, 0xdb, 0x8e, 0xda, 0x8e, 0xda, 0x8e, 0xda, 0x8e, 0xda, 0x8e,
    0xba, 0x8e, 0xdb, 0x8e, 0xba, 0x8e, 0xda, 0x8e, 0xbb, 0x8e, 0xba, 0x86,
    0xba, 0x86, 0x9a, 0x7e, 0x5a, 0x66, 0x59, 0x2d, 0x59, 0x2d, 0x39, 0x2d,
    0x38, 0x2d, 0x39, 0x2d, 0x39, 0x25, 0x38, 0x2d, 0x59, 0x2d, 0x59, 0x2d,
    0x59, 0x2d, 0x59, 0x2d, 0x59, 0x2d, 0x59, 0x2d, 0x39, 0x2d, 0x58, 0x2d,
    0x59, 0x2d, 0x39, 0x2d, 0x59, 0x2d, 0x59, 0x2d, 0x59, 0x2d, 0x59, 0x2d,
    0x59, 0x2d, 0x59, 0x2d, 0x59, 0x2d, 0x58, 0x2d, 0x59, 0x2d, 0x39, 0x2d,
    0x58, 0x2d, 0x59, 0x2d, 0x59, 0x2d, 0x39, 0x2d, 0x59, 0x2d, 0x58, 0x2d,
    0x58, 0x2d, 0x39, 0x2d, 0x39, 0x2d, 0x58, 0x2d, 0x39, 0x2d, 0x59, 0x2d,
    0x59, 0x2d, 0x38, 0x2d, 0x39, 0x2d, 0x58, 0x2d, 0x59, 0x2d, 0x59, 0x2d,
    0x39, 0x2d, 0x59, 0x2d, 0x59, 0x2d, 0x59, 0x2d, 0x59, 0x2d, 0x58, 0x2d,
    0x38, 0x2d, 0x39, 0x2d, 0x59, 0x2d, 0x58, 0x2d, 0x39, 0x2d, 0x59, 0x2d,
    0x39, 0x2d, 0x39, 0x2d, 0x58, 0x2d, 0x59, 0x2d, 0x58, 0x2d, 0x39, 0x2d,
    0x39, 0x2d, 0x59, 0x2d, 0x38, 0x2d, 0x59, 0x2d, 0x59, 0x2d, 0x39, 0x2d,
    0x59, 0x2d, 0x58, 0x2d, 0x39, 0x2d, 0x58, 0x2d, 0x39, 0x2d, 0x58, 0x2d,
    0x59, 0x2d, 0x59, 0x2d, 0x59, 0x2d, 0x59, 0x2d, 0x39, 0x2d, 0x58, 0x2d,
    0x39, 0x2d, 0x59, 0x2d, 0x39, 0x2d, 0x58, 0x2d, 0x39, 0x2d, 0x59, 0x2d,
    0x59, 0x2d, 0x39, 0x2d, 0x39, 0x2d, 0x59, 0x2d, 0x39, 0x2d, 0x58, 0x2d,
    0x59, 0x2d, 0x39, 0x2d, 0x39, 0x2d, 0x59, 0x2d, 0x59, 0x2d, 0x58, 0x2d,
    0x59, 0x2d, 0x39, 0x2d, 0x59, 0x2d, 0x39, 0x2d, 0x38, 0x2d, 0x59, 0x2d,
    0x58, 0x2d, 0x39, 0x2d, 0x39, 0x2d, 0x58, 0x2d, 0x59, 0x2d, 0x59, 0x2d,
    0x39, 0x2d, 0x59, 0x2d, 0x39, 0x2d, 0x59, 0x2d, 0x58, 0x2d, 0x59, 0x2d,
    0x59, 0x2d, 0x58, 0x2d, 0x58, 0x2d, 0x59, 0x2d, 0x39, 0x2d, 0x58, 0x2d,
    0x39, 0x2d, 0x59, 0x2d, 0x59, 0x2d, 0x38, 0x2d, 0x59, 0x2d, 0x59, 0x2d,
    0x58, 0x2d, 0x39, 0x2d, 0x58, 0x2d, 0x59, 0x2d, 0x39, 0x2d, 0x59, 0x2d,
    0x59, 0x35, 0x59, 0x2d, 0x38, 0x2d, 0x59, 0x2d, 0x59, 0x2d, 0x59, 0x2d,
    0x59, 0x35, 0x38, 0x2d, 0x59, 0x2d, 0x59, 0x2d, 0x58, 0x2d, 0x39, 0x2d,
    0x39, 0x2d, 0x38, 0x2d, 0x59, 0x2d, 0x59, 0x2d, 0x39, 0x2d, 0x39, 0x2d,
    0x39, 0x35, 0x59, 0x2d, 0x59, 0x2d, 0x59, 0x2d, 0x39, 0x2d, 0x39, 0x2d,
    0x59, 0x35, 0x59, 0x2d, 0x59, 0x2d, 0x39, 0x2d, 0x59, 0x35, 0x39, 0x2d,
    0x38, 0x2d, 0x59, 0x2d, 0x38, 0x2d, 0x59, 0x2d, 0x59, 0x2d, 0x59, 0x2d,
    0x39, 0x35, 0x58, 0x2d, 0x59, 0x2d, 0x59, 0x2d, 0x59, 0x2d, 0x59, 0x2d,
    0x59, 0x35, 0x38, 0x2d, 0x59, 0x2d, 0x59, 0x2d, 0x38, 0x2d, 0x39, 0x2d,
    0x59, 0x2d, 0x38, 0x2d, 0x58, 0x2d, 0x39, 0x2d, 0x59, 0x2d, 0x38, 0x2d,
    0x59, 0x2d, 0x59, 0x2d, 0x59, 0x35, 0x99, 0x3d, 0x99, 0x3d, 0x99, 0x3d,
    0x79, 0x35, 0x59, 0x2d, 0x79, 0x3d, 0x19, 0x5e, 0x5a, 0x6e, 0x5a, 0x6e,
    0x5a, 0x6e, 0x7a, 0x6e, 0x7a, 0x6e, 0x7a, 0x76, 0x79, 0x76, 0x7a, 0x76,
    0x7a, 0x76, 0x7a, 0x76, 0x7a, 0x76, 0x79, 0x76, 0x7a, 0x76, 0x79, 0x76,
    0x7a, 0x76, 0x7a, 0x6e, 0x7a, 0x6e, 0x9a, 0x7e, 0xba, 0x86, 0xba, 0x86,
    0xba, 0x8e, 0xba, 0x8e, 0xba, 0x8e, 0xba, 0x8e, 0xda, 0x8e, 0xba, 0x8e,
    0xda, 0x8e, 0xba, 0x8e, 0xba, 0x8e, 0xda, 0x8e, 0xba, 0x8e, 0xda, 0x8e,
    0xba, 0x8e, 0xba, 0x8e, 0xba, 0x86, 0xba, 0x86, 0xba, 0x86, 0xdb, 0x86,
    0xba, 0x86, 0x9a, 0x7e, 0x1a, 0x5e, 0x59, 0x35, 0xb9, 0x45, 0x19, 0x5e,
    0x7a, 0x76, 0x9a, 0x76, 0x7a, 0x76, 0x3a, 0x6e, 0xd9, 0x4d, 0x59, 0x2d,
    0x38, 0x2d, 0x59, 0x2d, 0x58, 0x2d, 0x59, 0x2d, 0x59, 0x2d, 0x59, 0x2d,
    0x59, 0x2d, 0x59, 0x2d, 0x59, 0x2d, 0x58, 0x2d, 0x59, 0x2d, 0x59, 0x2d,
    0x58, 0x2d, 0x59, 0x2d, 0x59, 0x2d, 0x59, 0x2d, 0x59, 0x2d, 0x58, 0x2d,
    0x59, 0x2d, 0x59, 0x2d, 0x58, 0x2d, 0x59, 0x2d, 0x59, 0x2d, 0x59, 0x2d,
    0x59, 0x2d, 0x59, 0x2d, 0x59, 0x2d, 0x58, 0x2d, 0x59, 0x2d, 0x59, 0x2d,
    0x59, 0x2d, 0x59, 0x2d, 0x59, 0x2d, 0x59, 0x2d, 0x58, 0x2d, 0x59, 0x2d,
    0x59, 0x2d, 0x58, 0x2d, 0x59, 0x2d, 0x59, 0x2d, 0x59, 0x2d, 0x59, 0x2d,
    0x59, 0x2d, 0x59, 0x2d, 0x39, 0x2d, 0x59, 0x2d, 0x58, 0x2d, 0x58, 0x2d,
    0x59, 0x2d, 0x59, 0x2d, 0x39, 0x2d, 0x59, 0x2d, 0x59, 0x2d, 0x58, 0x2d,
    0x39, 0x2d, 0x59, 0x2d, 0x59, 0x2d, 0x59, 0x2d, 0x39, 0x2d, 0x59, 0x2d,
    0x59, 0x2d, 0x39, 0x2d, 0x59, 0x2d, 0x59, 0x2d, 0x59, 0x2d, 0x39, 0x2d,
    0x58, 0x2d, 0x59, 0x2d, 0x38, 0x2d, 0x59, 0x2d, 0x59, 0x2d, 0x59, 0x2d,
    0x59, 0x2d, 0x59, 0x2d, 0x58, 0x2d, 0x59, 0x2d, 0x59, 0x2d, 0x59, 0x2d,
    0x38, 0x2d, 0x59, 0x2d, 0x59, 0x2d, 0x58, 0x2d, 0x39, 0x2d, 0x39, 0x2d,
    0x59, 0x2d, 0x58, 0x2d, 0x39, 0x2d, 0x39, 0x2d, 0x59, 0x2d, 0x59, 0x2d,
    0x59, 0x2d, 0x39, 0x2d, 0x58, 0x2d, 0x59, 0x2d, 0x59, 0x2d, 0x59, 0x2d,
    0x59, 0x2d, 0x58, 0x2d, 0x58, 0x2d, 0x59, 0x2d, 0x59, 0x2d, 0x58, 0x2d,
    0x59, 0x2d, 0x59, 0x2d, 0x59, 0x2d, 0x59, 0x2d, 0x59, 0x2d, 0x59, 0x2d,
    0x59, 0x2d, 0x59, 0x2d, 0x59, 0x2d, 0x38, 0x2d, 0x59, 0x2d, 0x59, 0x2d,
    0x58, 0x2d, 0x39, 0x2d, 0x59, 0x2d, 0x59, 0x2d, 0x59, 0x2d, 0x59, 0x35,
    0x38, 0x2d, 0x59, 0x2d, 0x59, 0x2d, 0x58, 0x2d, 0x59, 0x2d, 0x59, 0x35,
    0x38, 0x2d, 0x59, 0x2d, 0x59, 0x35, 0x59, 0x2d, 0x38, 0x2d, 0x59, 0x2d,
    0x59, 0x2d, 0x38, 0x2d, 0x59, 0x2d, 0x59, 0x2d, 0x58, 0x2d, 0x59, 0x2d,
    0x39, 0x2d, 0x59, 0x2d, 0x59, 0x2d, 0x59, 0x2d, 0x59, 0x2d, 0x59, 0x2d,
    0x59, 0x2d, 0x59, 0x2d, 0x39, 0x2d, 0x39, 0x2d, 0x59, 0x35, 0x59, 0x2d,
    0x59, 0x2d, 0x59, 0x2d, 0x59, 0x2d, 0x58, 0x2d, 0x59, 0x35, 0x59, 0x2d,
    0x59, 0x2d, 0x59, 0x35, 0x59, 0x2d, 0x39, 0x2d, 0x58, 0x2d, 0x59, 0x2d,
    0x39, 0x2d, 0x59, 0x35, 0x38, 0x2d, 0x59, 0x2d, 0x59, 0x2d, 0x59, 0x2d,
    0x59, 0x2d, 0x59, 0x2d, 0x59, 0x2d, 0x39, 0x2d, 0x39, 0x2d, 0x59, 0x2d,
    0x59, 0x2d, 0x59, 0x2d, 0x59, 0x2d, 0x59, 0x2d, 0x59, 0x2d, 0x59, 0x2d,
    0x79, 0x35, 0xb9, 0x45, 0x19, 0x5e, 0x19, 0x5e, 0x3a, 0x66, 0x19, 0x66,
    0x3a, 0x66, 0xd9, 0x4d, 0xf9, 0x55, 0x5a, 0x66, 0x5a, 0x6e, 0x59, 0x6e,
    0x7a, 0x6e, 0x59, 0x76, 0x79, 0x76, 0x7a, 0x76, 0x7a, 0x6e, 0x79, 0x76,
    0x7a, 0x76, 0x79, 0x76, 0x7a, 0x76, 0x7a, 0x76, 0x7a, 0x76, 0x79, 0x76,
    0x7a, 0x76, 0x5a, 0x76, 0x5a, 0x6e, 0x7a, 0x76, 0x9a, 0x86, 0xba, 0x86,
    0xba, 0x86, 0xba, 0x86, 0xda, 0x8e, 0xba, 0x8e, 0xbb, 0x8e, 0xda, 0x8e,
    0xba, 0x86, 0xda, 0x8e, 0xba, 0x8e, 0xba, 0x86, 0xba, 0x8e, 0xba, 0x86,
    0xba, 0x86, 0xba, 0x86, 0xda, 0x86, 0xba, 0x86, 0xba, 0x86, 0xba, 0x86,
    0xba, 0x86, 0x9a, 0x7e, 0x1a, 0x5e, 0x7a, 0x76, 0x9a, 0x7e, 0xba, 0x7e,
    0x9a, 0x7e, 0x9a, 0x86, 0x9a, 0x7e, 0x9a, 0x7e, 0xba, 0x86, 0x9a, 0x86,
    0x39, 0x66, 0x59, 0x35, 0x59, 0x2d, 0x59, 0x2d, 0x58, 0x2d, 0x59, 0x35,
    0x59, 0x2d, 0x39, 0x2d, 0x59, 0x2d, 0x59, 0x2d, 0x59, 0x2d, 0x58, 0x2d,
    0x59, 0x2d, 0x38, 0x2d, 0x59, 0x2d, 0x59, 0x2d, 0x59, 0x2d, 0x59, 0x2d,
    0x59, 0x2d, 0x59, 0x2d, 0x59, 0x2d, 0x59, 0x2d, 0x38, 0x2d, 0x59, 0x2d,
    0x59, 0x2d, 0x59, 0x2d, 0x59, 0x2d, 0x59, 0x2d, 0x59, 0x2d, 0x38, 0x2d,
    0x59, 0x2d, 0x59, 0x2d, 0x58, 0x2d, 0x59, 0x2d, 0x39, 0x2d, 0x59, 0x2d,
    0x58, 0x2d, 0x59, 0x2d, 0x58, 0x2d, 0x39, 0x2d, 0x58, 0x2d, 0x59, 0x2d,
    0x59, 0x2d, 0x58, 0x2d, 0x59, 0x2d, 0x59, 0x2d, 0x59, 0x2d, 0x59, 0x2d,
    0x59, 0x2d, 0x59, 0x2d, 0x58, 0x2d, 0x59, 0x2d, 0x59, 0x2d, 0x59, 0x2d,
    0x59, 0x2d, 0x59, 0x2d, 0x58, 0x2d, 0x59, 0x2d, 0x58, 0x2d, 0x58, 0x2d,
    0x59, 0x2d, 0x59, 0x2d, 0x58, 0x2d, 0x59, 0x2d, 0x59, 0x2d, 0x59, 0x2d,
    0x59, 0x2d, 0x59, 0x2d, 0x59, 0x2d, 0x58, 0x2d, 0x59, 0x2d, 0x39, 0x2d,
    0x58, 0x2d, 0x59, 0x2d, 0x59, 0x2d, 0x58, 0x2d, 0x59, 0x2d, 0x59, 0x2d,
    0x59, 0x2d, 0x59, 0x2d, 0x59, 0x2d, 0x58, 0x2d, 0x59, 0x2d, 0x59, 0x2d,
    0x59, 0x2d, 0x58, 0x2d, 0x39, 0x2d, 0x58, 0x2d, 0x59, 0x2d, 0x59, 0x2d,
    0x58, 0x2d, 0x59, 0x2d, 0x59, 0x2d, 0x59, 0x2d, 0x59, 0x2d, 0x39, 0x2d,
    0x59, 0x2d, 0x59, 0x2d, 0x39, 0x2d, 0x59, 0x2d, 0x59, 0x2d, 0x58, 0x2d,
    0x39, 0x2d, 0x59, 0x2d, 0x58, 0x2d, 0x39, 0x2d, 0x58, 0x2d, 0x39, 0x2d,
    0x58, 0x2d, 0x59, 0x2d, 0x39, 0x2d, 0x59, 0x2d, 0x59, 0x2d, 0x59, 0x2d,
    0x58, 0x2d, 0x59, 0x2d, 0x59, 0x2d, 0x59, 0x2d, 0x59, 0x2d, 0x58, 0x2d,
    0x59, 0x2d, 0x59, 0x2d, 0x59, 0x2d, 0x39, 0x2d, 0x59, 0x2d, 0x59, 0x2d,
    0x59, 0x2d, 0x38, 0x2d, 0x59, 0x2d, 0x59, 0x2d, 0x59, 0x2d, 0x59, 0x2d,
    0x59, 0x2d, 0x39, 0x2d, 0x59, 0x2d, 0x59, 0x2d, 0x59, 0x35, 0x59, 0x2d,
    0x58, 0x2d, 0x59, 0x2d, 0x59, 0x2d, 0x38, 0x2d, 0x59, 0x35, 0x59, 0x2d,
    0x59, 0x2d, 0x58, 0x2d, 0x59, 0x2d, 0x59, 0x35, 0x59, 0x2d, 0x59, 0x2d,
    0x59, 0x2d, 0x39, 0x35, 0x59, 0x2d, 0x59, 0x2d, 0x59, 0x2d, 0x59, 0x2d,
    0x59, 0x2d, 0x59, 0x2d, 0x59, 0x35, 0x59, 0x2d, 0x59, 0x2d, 0x59, 0x2d,
    0x38, 0x2d, 0x39, 0x2d, 0x59, 0x2d, 0x59, 0x35, 0x39, 0x2d, 0x59, 0x2d,
    0x59, 0x2d, 0x39, 0x2d, 0x58, 0x35, 0x59, 0x2d, 0x59, 0x2d, 0x59, 0x2d,
    0x59, 0x2d, 0x59, 0x2d, 0x59, 0x2d, 0x58, 0x2d, 0x59, 0x35, 0xb9, 0x45,
    0x19, 0x5e, 0x3a, 0x66, 0x3a, 0x66, 0x5a, 0x66, 0x59, 0x66, 0x59, 0x66,
    0x3a, 0x66, 0x59, 0x6e, 0x5a, 0x6e, 0x59, 0x66, 0x5a, 0x6e, 0x79, 0x6e,
    0x5a, 0x76, 0x5a, 0x6e, 0x79, 0x6e, 0x5a, 0x76, 0x7a, 0x6e, 0x79, 0x76,
    0x7a, 0x76, 0x79, 0x76, 0x79, 0x76, 0x7a, 0x76, 0x7a, 0x76, 0x79, 0x76,
    0x7a, 0x76, 0x79, 0x76, 0x7a, 0x76, 0x7a, 0x76, 0x9a, 0x7e, 0xba, 0x86,
    0xba, 0x86, 0xba, 0x86, 0xba, 0x86, 0xba, 0x86, 0xba, 0x86, 0xba, 0x8e,
    0xba, 0x86, 0xba, 0x86, 0xba, 0x86, 0xba, 0x86, 0xba, 0x86, 0xba, 0x86,
    0xba, 0x86, 0xba, 0x86, 0xba, 0x86, 0xba, 0x86, 0xba, 0x86, 0xba, 0x86,
    0x9a, 0x86, 0x7a, 0x76, 0x9a, 0x76, 0x9a, 0x7e, 0x9a, 0x7e, 0x9a, 0x7e,
    0x99, 0x7e, 0x9a, 0x7e, 0x9a, 0x7e, 0x9a, 0x7e, 0x9a, 0x7e, 0x9a, 0x7e,
    0x9a, 0x7e, 0x9a, 0x7e, 0xb9, 0x4d, 0x59, 0x2d, 0x59, 0x35, 0x59, 0x2d,
    0x59, 0x2d, 0x58, 0x35, 0x58, 0x35, 0x59, 0x2d, 0x59, 0x2d, 0x59, 0x35,
    0x59, 0x2d, 0x59, 0x2d, 0x59, 0x2d, 0x58, 0x2d, 0x59, 0x2d, 0x59, 0x2d,
    0x58, 0x2d, 0x59, 0x2d, 0x59, 0x2d, 0x59, 0x2d, 0x59, 0x2d, 0x59, 0x2d,
    0x38, 0x2d, 0x58, 0x2d, 0x59, 0x2d, 0x59, 0x2d, 0x59, 0x2d, 0x59, 0x2d,
    0x59, 0x2d, 0x59, 0x2d, 0x59, 0x2d, 0x59, 0x2d, 0x59, 0x2d, 0x59, 0x2d,
    0x59, 0x2d, 0x59, 0x2d, 0x59, 0x2d, 0x59, 0x2d, 0x59, 0x2d, 0x38, 0x2d,
    0x59, 0x2d, 0x59, 0x2d, 0x59, 0x2d, 0x59, 0x2d, 0x59, 0x2d, 0x39, 0x2d,
    0x59, 0x2d, 0x59, 0x2d, 0x59, 0x2d, 0x39, 0x2d, 0x59, 0x2d, 0x58, 0x2d,
    0x59, 0x2d, 0x59, 0x2d, 0x39, 0x2d, 0x59, 0x2d, 0x59, 0x2d, 0x59, 0x2d,
    0x59, 0x2d, 0x59, 0x2d, 0x39, 0x2d, 0x59, 0x2d, 0x59, 0x2d, 0x58, 0x2d,
    0x39, 0x2d, 0x59, 0x2d, 0x59, 0x2d, 0x59, 0x2d, 0x39, 0x2d, 0x58, 0x2d,
    0x59, 0x2d, 0x39, 0x2d, 0x39, 0x2d, 0x59, 0x2d, 0x59, 0x2d, 0x38, 0x2d,
    0x59, 0x2d, 0x58, 0x2d, 0x59, 0x2d, 0x39, 0x2d, 0x59, 0x2d, 0x59, 0x2d,
    0x59, 0x2d, 0x59, 0x2d, 0x59, 0x2d, 0x59, 0x2d, 0x59, 0x2d, 0x58, 0x2d,
    0x39, 0x2d, 0x59, 0x2d, 0x59, 0x2d, 0x59, 0x2d, 0x58, 0x2d, 0x58, 0x2d,
    0x59, 0x2d, 0x59, 0x2d, 0x39, 0x2d, 0x39, 0x2d, 0x59, 0x2d, 0x59, 0x2d,
    0x59, 0x2d, 0x59, 0x2d, 0x59, 0x2d, 0x59, 0x2d, 0x59, 0x2d, 0x59, 0x2d,
    0x59, 0x2d, 0x59, 0x2d, 0x58, 0x2d, 0x59, 0x2d, 0x59, 0x35, 0x59, 0x2d,
    0x59, 0x2d, 0x59, 0x35, 0x58, 0x2d, 0x59, 0x2d, 0x59, 0x35, 0x59, 0x2d,
    0x59, 0x2d, 0x59, 0x2d, 0x58, 0x35, 0x59, 0x35, 0x59, 0x2d, 0x58, 0x2d,
    0x59, 0x35, 0x59, 0x2d, 0x59, 0x2d, 0x59, 0x35, 0x39, 0x2d, 0x38, 0x2d,
    0x59, 0x35, 0x59, 0x2d, 0x58, 0x2d, 0x59, 0x2d, 0x39, 0x2d, 0x59, 0x2d,
    0x59, 0x2d, 0x59, 0x35, 0x59, 0x2d, 0x59, 0x2d, 0x59, 0x35, 0x39, 0x2d,
    0x59, 0x2d, 0x59, 0x2d, 0x59, 0x2d, 0x59, 0x2d, 0x59, 0x2d, 0x38, 0x2d,
    0x59, 0x2d, 0x59, 0x2d, 0x59, 0x35, 0x59, 0x2d, 0x59, 0x2d, 0x39, 0x35,
    0x59, 0x2d, 0x59, 0x2d, 0x39, 0x2d, 0x59, 0x35, 0x59, 0x2d, 0x59, 0x2d,
    0x59, 0x2d, 0x59, 0x2d, 0x59, 0x2d, 0x59, 0x2d, 0x59, 0x2d, 0x58, 0x35,
    0x39, 0x35, 0x59, 0x2d, 0x59, 0x2d, 0x59, 0x2d, 0x59, 0x2d, 0x58, 0x2d,
    0x59, 0x2d, 0x59, 0x2d, 0x58, 0x2d, 0x79, 0x35, 0xd9, 0x4d, 0x3a, 0x66,
    0x59, 0x66, 0x59, 0x6e, 0x5a, 0x6e, 0x5a, 0x6e, 0x5a, 0x6e, 0x5a, 0x6e,
    0x59, 0x6e, 0x5a, 0x6e, 0x5a, 0x6e, 0x5a, 0x6e, 0x59, 0x6e, 0x7a, 0x6e,
    0x7a, 0x6e, 0x59, 0x6e, 0x5a, 0x76, 0x7a, 0x6e, 0x59, 0x76, 0x7a, 0x76,
    0x7a, 0x6e, 0x7a, 0x76, 0x7a, 0x76, 0x79, 0x76, 0x7a, 0x76, 0x7a, 0x76,
    0x7a, 0x76, 0x7a, 0x76, 0x79, 0x6e, 0x79, 0x76, 0x9a, 0x7e, 0xba, 0x86,
    0xba, 0x86, 0xba, 0x86, 0xba, 0x86, 0xba, 0x86, 0xba, 0x86, 0xba, 0x86,
    0xba, 0x86, 0xba, 0x86, 0xba, 0x86, 0xba, 0x86, 0xba, 0x86, 0xba, 0x86,
    0xba, 0x86, 0xba, 0x86, 0xba, 0x86, 0x9a, 0x86, 0x9a, 0x86, 0x9a, 0x86,
    0x9a, 0x7e, 0x7a, 0x76, 0x9a, 0x7e, 0x99, 0x7e, 0x9a, 0x7e, 0x9a, 0x7e,
    0x9a, 0x7e, 0x9a, 0x7e, 0x9a, 0x7e, 0x9a, 0x86, 0xba, 0x7e, 0x9a, 0x7e,
    0x9a, 0x7e, 0x9a, 0x7e, 0x7a, 0x7e, 0xd9, 0x4d, 0x59, 0x2d, 0x59, 0x35,
    0x59, 0x2d, 0x59, 0x2d, 0x59, 0x2d, 0x59, 0x2d, 0x59, 0x35, 0x59, 0x2d,
    0x59, 0x2d, 0x59, 0x35, 0x59, 0x35, 0x59, 0x2d, 0x59, 0x2d, 0x59, 0x35,
    0x58, 0x2d, 0x59, 0x2d, 0x59, 0x2d, 0x58, 0x2d, 0x59, 0x2d, 0x59, 0x2d,
    0x59, 0x2d, 0x59, 0x2d, 0x59, 0x2d, 0x58, 0x2d, 0x59, 0x2d, 0x59, 0x2d,
    0x59, 0x2d, 0x59, 0x2d, 0x59, 0x2d, 0x59, 0x2d, 0x59, 0x2d, 0x59, 0x2d,
    0x59, 0x2d, 0x58, 0x2d, 0x59, 0x2d, 0x59, 0x2d, 0x59, 0x2d, 0x59, 0x2d,
    0x59, 0x2d, 0x59, 0x2d, 0x59, 0x2d, 0x59, 0x2d, 0x58, 0x2d, 0x59, 0x2d,
    0x58, 0x2d, 0x59, 0x2d, 0x59, 0x2d, 0x58, 0x2d, 0x59, 0x2d, 0x59, 0x2d,
    0x59, 0x2d, 0x59, 0x2d, 0x59, 0x2d, 0x59, 0x2d, 0x39, 0x2d, 0x59, 0x2d,
    0x59, 0x2d, 0x59, 0x2d, 0x58, 0x2d, 0x59, 0x2d, 0x59, 0x2d, 0x58, 0x2d,
    0x59, 0x2d, 0x59, 0x2d, 0x59, 0x2d, 0x59, 0x2d, 0x59, 0x2d, 0x59, 0x2d,
    0x59, 0x2d, 0x59, 0x2d, 0x58, 0x2d, 0x59, 0x2d, 0x59, 0x2d, 0x59, 0x2d,
    0x59, 0x2d, 0x59, 0x2d, 0x59, 0x2d, 0x59, 0x2d, 0x58, 0x2d, 0x39, 0x2d,
    0x58, 0x2d, 0x59, 0x2d, 0x59, 0x2d, 0x59, 0x2d, 0x59, 0x2d, 0x59, 0x2d,
    0x59, 0x2d, 0x59, 0x2d, 0x59, 0x2d, 0x59, 0x2d, 0x59, 0x2d, 0x59, 0x2d,
    0x59, 0x2d, 0x58, 0x2d, 0x59, 0x2d, 0x58, 0x2d, 0x59, 0x2d, 0x59, 0x2d,
    0x59, 0x2d, 0x59, 0x2d, 0x59, 0x2d, 0x58, 0x2d, 0x59, 0x2d, 0x59, 0x2d,
    0x59, 0x2d, 0x59, 0x2d, 0x59, 0x2d, 0x58, 0x2d, 0x59, 0x2d, 0x58, 0x2d,
    0x59, 0x2d, 0x59, 0x35, 0x59, 0x2d, 0x59, 0x2d, 0x59, 0x35, 0x59, 0x2d,
    0x59, 0x2d, 0x59, 0x35, 0x59, 0x2d, 0x59, 0x2d, 0x59, 0x35, 0x59, 0x2d,
    0x59, 0x2d, 0x59, 0x2d, 0x59, 0x35, 0x59, 0x2d, 0x59, 0x2d, 0x59, 0x35,
    0x59, 0x2d, 0x59, 0x2d, 0x59, 0x2d, 0x58, 0x35, 0x59, 0x2d, 0x59, 0x2d,
    0x59, 0x35, 0x59, 0x2d, 0x58, 0x2d, 0x59, 0x35, 0x59, 0x2d, 0x58, 0x2d,
    0x59, 0x35, 0x59, 0x35, 0x59, 0x2d, 0x39, 0x2d, 0x59, 0x2d, 0x59, 0x2d,
    0x58, 0x2d, 0x59, 0x2d, 0x59, 0x2d, 0x59, 0x35, 0x59, 0x2d, 0x58, 0x2d,
    0x59, 0x35, 0x59, 0x35, 0x59, 0x2d, 0x58, 0x35, 0x59, 0x35, 0x59, 0x2d,
    0x59, 0x35, 0x59, 0x35, 0x59, 0x2d, 0x59, 0x2d, 0x59, 0x2d, 0x59, 0x35,
    0x59, 0x2d, 0x59, 0x2d, 0x59, 0x2d, 0x59, 0x35, 0x59, 0x2d, 0x59, 0x2d,
    0x59, 0x2d, 0x59, 0x35, 0x79, 0x35, 0xf9, 0x55, 0x3a, 0x66, 0x3a, 0x66,
    0x39, 0x6e, 0x5a, 0x6e, 0x59, 0x6e, 0x59, 0x6e, 0x5a, 0x6e, 0x5a, 0x6e,
    0x5a, 0x6e, 0x59, 0x6e, 0x5a, 0x6e, 0x59, 0x6e, 0x59, 0x6e, 0x5a, 0x6e,
    0x5a, 0x6e, 0x59, 0x6e, 0x7a, 0x6e, 0x79, 0x6e, 0x5a, 0x6e, 0x59, 0x76,
    0x5a, 0x6e, 0x7a, 0x76, 0x79, 0x76, 0x7a, 0x76, 0x7a, 0x76, 0x7a, 0x76,
    0x79, 0x76, 0x7a, 0x76, 0x79, 0x76, 0x7a, 0x76, 0x99, 0x7e, 0x9a, 0x7e,
    0x9a, 0x86, 0x9a, 0x86, 0xba, 0x86, 0xba, 0x86, 0xba, 0x86, 0xba, 0x86,
    0xba, 0x86, 0xba, 0x86, 0x9a, 0x86, 0x9a, 0x86, 0xba, 0x86, 0x9a, 0x86,
    0x9a, 0x7e, 0x9a, 0x7e, 0x9a, 0x86, 0x9a, 0x7e, 0x9a, 0x7e, 0x9a, 0x7e,
    0x9a, 0x7e, 0x9a, 0x7e, 0x9a, 0x7e, 0x99, 0x7e, 0x9a, 0x7e, 0x9a, 0x7e,
    0x99, 0x7e, 0x9a, 0x7e, 0x9a, 0x7e, 0x99, 0x7e, 0x9a, 0x86, 0x9a, 0x7e,
    0x9a, 0x7e, 0x9a, 0x7e, 0x9a, 0x76, 0x79, 0x76, 0xb9, 0x45, 0x59, 0x2d,
    0x59, 0x35, 0x59, 0x2d, 0x59, 0x2d, 0x59, 0x2d, 0x58, 0x35, 0x59, 0x2d,
    0x59, 0x2d, 0x59, 0x2d, 0x58, 0x2d, 0x59, 0x2d, 0x59, 0x35, 0x59, 0x2d,
    0x59, 0x2d, 0x59, 0x35, 0x59, 0x2d, 0x58, 0x2d, 0x59, 0x35, 0x59, 0x2d,
    0x59, 0x2d, 0x59, 0x2d, 0x59, 0x2d, 0x59, 0x2d, 0x59, 0x35, 0x58, 0x2d,
    0x59, 0x2d, 0x59, 0x2d, 0x58, 0x2d, 0x59, 0x35, 0x59, 0x2d, 0x58, 0x2d,
    0x59, 0x2d, 0x59, 0x2d, 0x59, 0x2d, 0x59, 0x2d, 0x59, 0x2d, 0x59, 0x2d,
    0x59, 0x2d, 0x58, 0x2d, 0x59, 0x2d, 0x59, 0x2d, 0x59, 0x2d, 0x59, 0x2d,
    0x59, 0x2d, 0x59, 0x2d, 0x59, 0x2d, 0x59, 0x2d, 0x59, 0x2d, 0x59, 0x2d,
    0x58, 0x2d, 0x59, 0x2d, 0x59, 0x2d, 0x58, 0x2d, 0x58, 0x2d, 0x59, 0x2d,
    0x59, 0x2d, 0x58, 0x2d, 0x59, 0x2d, 0x59, 0x2d, 0x59, 0x2d, 0x59, 0x2d,
    0x59, 0x2d, 0x59, 0x2d, 0x58, 0x2d, 0x59, 0x2d, 0x59, 0x2d, 0x58, 0x2d,
    0x59, 0x2d, 0x59, 0x2d, 0x59, 0x2d, 0x59, 0x2d, 0x59, 0x2d, 0x59, 0x2d,
    0x58, 0x2d, 0x59, 0x2d, 0x59, 0x2d, 0x59, 0x2d, 0x59, 0x2d, 0x59, 0x2d,
    0x59, 0x2d, 0x59, 0x2d, 0x59, 0x2d, 0x58, 0x2d, 0x59, 0x2d, 0x59, 0x2d,
    0x59, 0x2d, 0x59, 0x2d, 0x58, 0x2d, 0x59, 0x2d, 0x59, 0x2d, 0x59, 0x2d,
    0x59, 0x2d, 0x59, 0x2d, 0x59, 0x2d, 0x59, 0x2d, 0x58, 0x2d, 0x59, 0x2d,
    0x58, 0x2d, 0x59, 0x2d, 0x59, 0x35, 0x59, 0x2d, 0x59, 0x35, 0x59, 0x2d,
    0x58, 0x35, 0x59, 0x2d, 0x59, 0x35, 0x59, 0x2d, 0x59, 0x2d, 0x59, 0x2d,
    0x59, 0x2d, 0x59, 0x2d, 0x59, 0x2d, 0x59, 0x2d, 0x58, 0x2d, 0x59, 0x2d,
    0x59, 0x2d, 0x59, 0x2d, 0x59, 0x2d, 0x59, 0x2d, 0x59, 0x2d, 0x59, 0x2d,
    0x59, 0x2d, 0x59, 0x35, 0x58, 0x2d, 0x58, 0x2d, 0x59, 0x2d, 0x59, 0x2d,
    0x59, 0x2d, 0x59, 0x2d, 0x59, 0x35, 0x59, 0x2d, 0x59, 0x2d, 0x59, 0x2d,
    0x59, 0x35, 0x59, 0x2d, 0x59, 0x2d, 0x59, 0x2d, 0x59, 0x2d, 0x59, 0x2d,
    0x59, 0x2d, 0x59, 0x2d, 0x58, 0x35, 0x59, 0x35, 0x59, 0x2d, 0x59, 0x35,
    0x59, 0x35, 0x59, 0x2d, 0x59, 0x2d, 0x59, 0x2d, 0x59, 0x35, 0x59, 0x35,
    0x79, 0x35, 0x79, 0x35, 0x79, 0x3d, 0x99, 0x3d, 0xb9, 0x3d, 0x99, 0x3d,
    0x99, 0x3d, 0x79, 0x3d, 0x59, 0x35, 0x59, 0x2d, 0x59, 0x2d, 0x59, 0x2d,
    0x59, 0x2d, 0x59, 0x35, 0x58, 0x35, 0x59, 0x2d, 0x59, 0x35, 0x59, 0x2d,
    0x59, 0x2d, 0x79, 0x35, 0xd9, 0x4d, 0x39, 0x66, 0x3a, 0x66, 0x5a, 0x6e,
    0x59, 0x6e, 0x5a, 0x6e, 0x5a, 0x6e, 0x59, 0x6e, 0x79, 0x6e, 0x7a, 0x6e,
    0x59, 0x6e, 0x59, 0x6e, 0x5a, 0x6e, 0x59, 0x6e, 0x5a, 0x6e, 0x5a, 0x6e,
    0x59, 0x6e, 0x5a, 0x6e, 0x7a, 0x76, 0x59, 0x6e, 0x79, 0x6e, 0x5a, 0x6e,
    0x59, 0x6e, 0x7a, 0x6e, 0x59, 0x6e, 0x5a, 0x6e, 0x59, 0x76, 0x79, 0x76,
    0x7a, 0x76, 0x7a, 0x76, 0x59, 0x76, 0x7a, 0x76, 0x9a, 0x7e, 0x9a, 0x7e,
    0x99, 0x7e, 0x9a, 0x86, 0x9a, 0x7e, 0x9a, 0x86, 0x9a, 0x7e, 0x9a, 0x86,
    0x9a, 0x86, 0x9a, 0x7e, 0x9a, 0x7e, 0x9a, 0x7e, 0x9a, 0x7e, 0x9a, 0x7e,
    0x9a, 0x7e, 0x9a, 0x7e, 0x9a, 0x7e, 0xba, 0x7e, 0x9a, 0x7e, 0x9a, 0x7e,
    0x9a, 0x7e, 0x9a, 0x7e, 0x9a, 0x7e, 0x7a, 0x7e, 0x9a, 0x7e, 0x9a, 0x7e,
    0x9a, 0x7e, 0x9a, 0x7e, 0x9a, 0x7e, 0x9a, 0x7e, 0x9a, 0x7e, 0x9a, 0x7e,
    0x99, 0x7e, 0x9a, 0x7e, 0x7a, 0x76, 0x7a, 0x76, 0x7a, 0x6e, 0x79, 0x35,
    0x79, 0x35, 0x59, 0x35, 0x59, 0x2d, 0x58, 0x35, 0x59, 0x2d, 0x79, 0x35,
    0x59, 0x35, 0x79, 0x2d, 0x79, 0x35, 0x59, 0x2d, 0x79, 0x35, 0x58, 0x2d,
    0x79, 0x2d, 0x59, 0x35, 0x59, 0x2d, 0x59, 0x2d, 0x59, 0x35, 0x59, 0x2d,
    0x59, 0x2d, 0x58, 0x35, 0x59, 0x2d, 0x59, 0x2d, 0x59, 0x2d, 0x59, 0x2d,
    0x59, 0x35, 0x59, 0x2d, 0x59, 0x2d, 0x59, 0x2d, 0x59, 0x2d, 0x59, 0x35,
    0x59, 0x2d, 0x59, 0x2d, 0x59, 0x2d, 0x59, 0x35, 0x58, 0x2d, 0x59, 0x2d,
    0x59, 0x2d, 0x58, 0x2d, 0x59, 0x2d, 0x59, 0x2d, 0x59, 0x2d, 0x59, 0x2d,
    0x59, 0x35, 0x59, 0x2d, 0x59, 0x2d, 0x59, 0x2d, 0x58, 0x2d, 0x59, 0x2d,
    0x59, 0x2d, 0x59, 0x2d, 0x59, 0x2d, 0x59, 0x2d, 0x59, 0x2d, 0x59, 0x2d,
    0x59, 0x2d, 0x59, 0x2d, 0x59, 0x2d, 0x59, 0x2d, 0x59, 0x2d, 0x59, 0x2d,
    0x59, 0x2d, 0x59, 0x2d, 0x59, 0x2d, 0x59, 0x2d, 0x59, 0x2d, 0x59, 0x2d,
    0x59, 0x2d, 0x59, 0x2d, 0x59, 0x2d, 0x59, 0x2d, 0x59, 0x2d, 0x59, 0x2d,
    0x59, 0x2d, 0x59, 0x2d, 0x59, 0x2d, 0x58, 0x2d, 0x59, 0x2d, 0x59, 0x2d,
    0x59, 0x2d, 0x59, 0x35, 0x59, 0x2d, 0x59, 0x2d, 0x59, 0x2d, 0x59, 0x35,
    0x59, 0x2d, 0x59, 0x2d, 0x59, 0x2d, 0x59, 0x35, 0x59, 0x2d, 0x59, 0x2d,
    0x58, 0x2d, 0x59, 0x35, 0x59, 0x2d, 0x59, 0x2d, 0x79, 0x35, 0x59, 0x35,
    0x59, 0x2d, 0x59, 0x2d, 0x59, 0x2d, 0x58, 0x2d, 0x59, 0x35, 0x59, 0x2d,
    0x59, 0x2d, 0x59, 0x2d, 0x59, 0x2d, 0x59, 0x35, 0x59, 0x2d, 0x59, 0x35,
    0x59, 0x35, 0x59, 0x2d, 0x59, 0x2d, 0x59, 0x35, 0x59, 0x2d, 0x59, 0x35,
    0x59, 0x35, 0x58, 0x2d, 0x59, 0x2d, 0x59, 0x35, 0x79, 0x35, 0x58, 0x2d,
    0x59, 0x2d, 0x59, 0x35, 0x59, 0x2d, 0x79, 0x35, 0x59, 0x2d, 0x59, 0x35,
    0x59, 0x2d, 0x59, 0x2d, 0x59, 0x2d, 0x59, 0x2d, 0x59, 0x2d, 0x58, 0x35,
    0x59, 0x2d, 0x58, 0x2d, 0x59, 0x35, 0x59, 0x2d, 0x59, 0x35, 0x59, 0x2d,
    0x59, 0x2d, 0x59, 0x2d, 0x59, 0x2d, 0x59, 0x2d, 0x59, 0x2d, 0x59, 0x2d,
    0x59, 0x2d, 0x59, 0x35, 0x59, 0x35, 0x58, 0x2d, 0x99, 0x3d, 0xf9, 0x4d,
    0x1a, 0x5e, 0x3a, 0x66, 0x5a, 0x66, 0x3a, 0x6e, 0x5a, 0x6e, 0x5a, 0x6e,
    0x5a, 0x66, 0x3a, 0x66, 0xf9, 0x55, 0xb9, 0x45, 0x79, 0x35, 0x59, 0x35,
    0x79, 0x2d, 0x59, 0x2d, 0x59, 0x2d, 0x59, 0x2d, 0x59, 0x35, 0x59, 0x2d,
    0x79, 0x35, 0xb9, 0x4d, 0x39, 0x66, 0x3a, 0x66, 0x5a, 0x6e, 0x59, 0x6e,
    0x5a, 0x6e, 0x59, 0x6e, 0x5a, 0x6e, 0x5a, 0x6e, 0x5a, 0x6e, 0x5a, 0x6e,
    0x59, 0x6e, 0x5a, 0x6e, 0x7a, 0x6e, 0x59, 0x6e, 0x5a, 0x6e, 0x59, 0x6e,
    0x79, 0x6e, 0x5a, 0x6e, 0x59, 0x6e, 0x7a, 0x6e, 0x5a, 0x6e, 0x7a, 0x6e,
    0x59, 0x6e, 0x5a, 0x6e, 0x5a, 0x6e, 0x59, 0x6e, 0x5a, 0x6e, 0x59, 0x6e,
    0x7a, 0x6e, 0x7a, 0x76, 0x79, 0x76, 0x7a, 0x76, 0x9a, 0x7e, 0x99, 0x7e,
    0x9a, 0x7e, 0x9a, 0x7e, 0x9a, 0x7e, 0x99, 0x7e, 0x9a, 0x7e, 0x9a, 0x7e,
    0x9a, 0x7e, 0x9a, 0x7e, 0x9a, 0x7e, 0x9a, 0x7e, 0x9a, 0x7e, 0x9a, 0x7e,
    0x9a, 0x7e, 0x9a, 0x7e, 0x9a, 0x7e, 0x9a, 0x7e, 0x9a, 0x7e, 0x9a, 0x7e,
    0x99, 0x76, 0x9a, 0x76, 0x79, 0x76, 0x7a, 0x76, 0x9a, 0x7e, 0x99, 0x7e,
    0x7a, 0x76, 0x99, 0x7e, 0x7a, 0x76, 0x9a, 0x7e, 0x99, 0x7e, 0x7a, 0x7e,
    0x9a, 0x76, 0x79, 0x76, 0x7a, 0x76, 0x7a, 0x76, 0x7a, 0x76, 0x19, 0x56,
    0x59, 0x2d, 0x59, 0x2d, 0x79, 0x35, 0x79, 0x2d, 0x79, 0x2d, 0x79, 0x2d,
    0x59, 0x2d, 0x59, 0x2d, 0x79, 0x35, 0x79, 0x2d, 0x59, 0x2d, 0x79, 0x35,
    0x59, 0x2d, 0x79, 0x35, 0x59, 0x2d, 0x59, 0x2d, 0x79, 0x35, 0x59, 0x2d,
    0x59, 0x35, 0x79, 0x35, 0x79, 0x2d, 0x79, 0x35, 0x59, 0x2d, 0x58, 0x2d,
    0x79, 0x35, 0x59, 0x2d, 0x59, 0x2d, 0x79, 0x35, 0x59, 0x2d, 0x59, 0x2d,
    0x79, 0x35, 0x59, 0x2d, 0x59, 0x2d, 0x59, 0x35, 0x59, 0x2d, 0x79, 0x35,
    0x79, 0x35, 0x59, 0x2d, 0x59, 0x2d, 0x79, 0x35, 0x59, 0x2d, 0x79, 0x2d,
    0x59, 0x2d, 0x59, 0x2d, 0x79, 0x2d, 0x59, 0x2d, 0x59, 0x35, 0x59, 0x2d,
    0x59, 0x2d, 0x59, 0x2d, 0x59, 0x35, 0x59, 0x2d, 0x59, 0x2d, 0x59, 0x35,
    0x59, 0x2d, 0x59, 0x35, 0x59, 0x2d, 0x79, 0x2d, 0x59, 0x2d, 0x58, 0x2d,
    0x59, 0x2d, 0x59, 0x2d, 0x59, 0x2d, 0x59, 0x2d, 0x59, 0x2d, 0x59, 0x2d,
    0x79, 0x2d, 0x58, 0x2d, 0x59, 0x2d, 0x59, 0x2d, 0x58, 0x2d, 0x79, 0x35,
    0x59, 0x35, 0x59, 0x2d, 0x59, 0x2d, 0x59, 0x35, 0x59, 0x35, 0x59, 0x2d,
    0x59, 0x2d, 0x59, 0x2d, 0x59, 0x35, 0x59, 0x2d, 0x58, 0x2d, 0x59, 0x2d,
    0x59, 0x35, 0x78, 0x35, 0x59, 0x2d, 0x59, 0x2d, 0x79, 0x35, 0x59, 0x2d,
    0x59, 0x35, 0x79, 0x2d, 0x59, 0x2d, 0x59, 0x2d, 0x79, 0x35, 0x59, 0x2d,
    0x59, 0x2d, 0x79, 0x35, 0x59, 0x35, 0x59, 0x2d, 0x79, 0x2d, 0x59, 0x2d,
    0x59, 0x2d, 0x79, 0x35, 0x59, 0x2d, 0x59, 0x2d, 0x79, 0x2d, 0x78, 0x35,
    0x59, 0x2d, 0x79, 0x2d, 0x59, 0x35, 0x58, 0x2d, 0x59, 0x2d, 0x79, 0x35,
    0x59, 0x2d, 0x59, 0x2d, 0x79, 0x35, 0x59, 0x2d, 0x59, 0x2d, 0x59, 0x2d,
    0x59, 0x2d, 0x59, 0x35, 0x59, 0x2d, 0x59, 0x2d, 0x59, 0x2d, 0x59, 0x2d,
    0x79, 0x35, 0x59, 0x2d, 0x58, 0x35, 0x79, 0x2d, 0x59, 0x35, 0x79, 0x35,
    0x59, 0x2d, 0x79, 0x2d, 0x59, 0x35, 0x59, 0x2d, 0x59, 0x2d, 0x59, 0x35,
    0x59, 0x2d, 0x79, 0x35, 0x59, 0x2d, 0x59, 0x35, 0x59, 0x35, 0x59, 0x2d,
    0x59, 0x2d, 0x59, 0x2d, 0x79, 0x35, 0xd9, 0x4d, 0x1a, 0x5e, 0x1a, 0x5e,
    0x3a, 0x66, 0x5a, 0x6e, 0x5a, 0x6e, 0x5a, 0x6e, 0x5a, 0x6e, 0x5a, 0x6e,
    0x3a, 0x66, 0x3a, 0x66, 0x39, 0x5e, 0x1a, 0x56, 0xd9, 0x4d, 0x99, 0x3d,
    0x79, 0x35, 0x59, 0x2d, 0x79, 0x35, 0x59, 0x2d, 0x59, 0x2d, 0x59, 0x35,
    0x99, 0x3d, 0xf9, 0x55, 0x3a, 0x66, 0x5a, 0x66, 0x59, 0x66, 0x5a, 0x6e,
    0x59, 0x66, 0x59, 0x6e, 0x5a, 0x6e, 0x5a, 0x6e, 0x59, 0x6e, 0x7a, 0x6e,
    0x59, 0x6e, 0x5a, 0x6e, 0x7a, 0x6e, 0x5a, 0x6e, 0x59, 0x6e, 0x7a, 0x6e,
    0x5a, 0x6e, 0x5a, 0x6e, 0x59, 0x6e, 0x59, 0x6e, 0x5a, 0x6e, 0x5a, 0x6e,
    0x59, 0x6e, 0x59, 0x6e, 0x5a, 0x6e, 0x59, 0x6e, 0x5a, 0x6e, 0x5a, 0x6e,
    0x59, 0x6e, 0x5a, 0x6e, 0x7a, 0x76, 0x79, 0x76, 0x7a, 0x76, 0x99, 0x7e,
    0x9a, 0x7e, 0x9a, 0x7e, 0x99, 0x7e, 0x9a, 0x7e, 0x9a, 0x7e, 0x9a, 0x7e,
    0x99, 0x7e, 0x9a, 0x7e, 0x9a, 0x7e, 0x9a, 0x7e, 0x99, 0x7e, 0x9a, 0x7e,
    0x9a, 0x7e, 0x99, 0x7e, 0x9a, 0x7e, 0x9a, 0x76, 0x9a, 0x76, 0x9a, 0x7e,
    0x7a, 0x76, 0x9a, 0x76, 0x7a, 0x76, 0x99, 0x76, 0x7a, 0x76, 0x7a, 0x76,
    0x9a, 0x76, 0x7a, 0x76, 0x9a, 0x76, 0x79, 0x76, 0x7a, 0x76, 0x7a, 0x76,
    0x7a, 0x76, 0x7a, 0x76, 0x79, 0x76, 0x79, 0x76, 0x7a, 0x76, 0x3a, 0x66,
    0x99, 0x3d, 0x78, 0x35, 0x79, 0x35, 0x79, 0x35, 0x59, 0x2d, 0x59, 0x35,
    0x58, 0x2d, 0x79, 0x2d, 0x59, 0x35, 0x58, 0x2d, 0x79, 0x35, 0x59, 0x2d,
    0x79, 0x2d, 0x79, 0x2d, 0x78, 0x35, 0x78, 0x2d, 0x59, 0x2d, 0x79, 0x2d,
    0x79, 0x2d, 0x59, 0x2d, 0x79, 0x35, 0x59, 0x2d, 0x79, 0x35, 0x79, 0x2d,
    0x58, 0x2d, 0x79, 0x35, 0x59, 0x2d, 0x58, 0x35, 0x59, 0x2d, 0x79, 0x2d,
    0x79, 0x2d, 0x79, 0x2d, 0x59, 0x2d, 0x79, 0x35, 0x59, 0x2d, 0x79, 0x2d,
    0x59, 0x35, 0x59, 0x2d, 0x59, 0x2d, 0x59, 0x35, 0x59, 0x2d, 0x78, 0x2d,
    0x59, 0x35, 0x79, 0x35, 0x79, 0x2d, 0x59, 0x2d, 0x79, 0x35, 0x59, 0x35,
    0x59, 0x2d, 0x79, 0x2d, 0x79, 0x35, 0x59, 0x2d, 0x79, 0x35, 0x79, 0x2d,
    0x79, 0x2d, 0x79, 0x2d, 0x59, 0x35, 0x79, 0x2d, 0x79, 0x2d, 0x59, 0x35,
    0x79, 0x35, 0x79, 0x2d, 0x58, 0x2d, 0x59, 0x35, 0x59, 0x2d, 0x59, 0x35,
    0x79, 0x2d, 0x59, 0x35, 0x59, 0x2d, 0x79, 0x2d, 0x79, 0x35, 0x79, 0x2d,
    0x59, 0x2d, 0x79, 0x2d, 0x79, 0x2d, 0x59, 0x35, 0x79, 0x2d, 0x59, 0x2d,
    0x78, 0x2d, 0x79, 0x35, 0x59, 0x2d, 0x59, 0x2d, 0x79, 0x2d, 0x59, 0x2d,
    0x59, 0x2d, 0x79, 0x2d, 0x79, 0x35, 0x59, 0x2d, 0x78, 0x2d, 0x79, 0x35,
    0x59, 0x2d, 0x59, 0x2d, 0x79, 0x2d, 0x59, 0x35, 0x79, 0x2d, 0x79, 0x2d,
    0x79, 0x2d, 0x79, 0x2d, 0x79, 0x35, 0x79, 0x2d, 0x79, 0x35, 0x79, 0x2d,
    0x79, 0x2d, 0x79, 0x35, 0x59, 0x35, 0x59, 0x2d, 0x79, 0x2d, 0x59, 0x2d,
    0x79, 0x2d, 0x59, 0x2d, 0x79, 0x2d, 0x79, 0x2d, 0x79, 0x35, 0x79, 0x2d,
    0x59, 0x2d, 0x79, 0x35, 0x78, 0x2d, 0x79, 0x2d, 0x79, 0x2d, 0x79, 0x35,
    0x59, 0x35, 0x59, 0x2d, 0x79, 0x2d, 0x79, 0x35, 0x59, 0x2d, 0x79, 0x35,
    0x79, 0x2d, 0x79, 0x35, 0x59, 0x2d, 0x59, 0x2d, 0x59, 0x2d, 0x59, 0x2d,
    0x59, 0x2d, 0x59, 0x35, 0x59, 0x2d, 0x79, 0x2d, 0x78, 0x35, 0x59, 0x2d,
    0x79, 0x2d, 0x59, 0x2d, 0x59, 0x35, 0x79, 0x2d, 0x79, 0x2d, 0x79, 0x35,
    0x79, 0x2d, 0x79, 0x35, 0xf9, 0x4d, 0x1a, 0x5e, 0x5a, 0x66, 0x5a, 0x6e,
    0x7a, 0x76, 0x7a, 0x76, 0x7a, 0x76, 0x7a, 0x76, 0x7a, 0x76, 0x7a, 0x6e,
    0x5a, 0x6e, 0x5a, 0x6e, 0x3a, 0x66, 0x3a, 0x5e, 0xfa, 0x55, 0xd9, 0x4d,
    0x99, 0x3d, 0x79, 0x35, 0x79, 0x35, 0x59, 0x35, 0x79, 0x2d, 0x79, 0x2d,
    0xb9, 0x45, 0x1a, 0x5e, 0x39, 0x66, 0x5a, 0x66, 0x59, 0x6e, 0x5a, 0x6e,
    0x5a, 0x6e, 0x5a, 0x6e, 0x59, 0x6e, 0x7a, 0x6e, 0x59, 0x6e, 0x7a, 0x6e,
    0x5a, 0x6e, 0x59, 0x6e, 0x5a, 0x6e, 0x59, 0x6e, 0x5a, 0x6e, 0x5a, 0x6e,
    0x59, 0x6e, 0x59, 0x6e, 0x5a, 0x6e, 0x59, 0x6e, 0x59, 0x6e, 0x5a, 0x6e,
    0x59, 0x6e, 0x5a, 0x6e, 0x59, 0x6e, 0x5a, 0x6e, 0x5a, 0x6e, 0x59, 0x6e,
    0x59, 0x6e, 0x7a, 0x6e, 0x7a, 0x76, 0x79, 0x76, 0x7a, 0x76, 0x7a, 0x76,
    0x7a, 0x76, 0x79, 0x76, 0x9a, 0x7e, 0x79, 0x7e, 0x99, 0x76, 0x7a, 0x76,
    0x9a, 0x7e, 0x79, 0x76, 0x9a, 0x76, 0x7a, 0x7e, 0x79, 0x76, 0x9a, 0x76,
    0x7a, 0x76, 0x7a, 0x76, 0x79, 0x76, 0x7a, 0x76, 0x79, 0x76, 0x79, 0x76,
    0x7a, 0x76, 0x9a, 0x76, 0x7a, 0x76, 0x79, 0x76, 0x7a, 0x76, 0x7a, 0x76,
    0x79, 0x76, 0x7a, 0x76, 0x7a, 0x76, 0x79, 0x76, 0x7a, 0x76, 0x7a, 0x76,
    0x79, 0x76, 0x7a, 0x76, 0x7a, 0x6e, 0x7a, 0x6e, 0x7a, 0x76, 0x5a, 0x66,
    0xd9, 0x45, 0x99, 0x35, 0x99, 0x3d, 0xb9, 0x3d, 0xd9, 0x4d, 0xf9, 0x55,
    0xf9, 0x55, 0xd9, 0x4d, 0x99, 0x35, 0x79, 0x35, 0x79, 0x35, 0x79, 0x35,
    0x79, 0x2d, 0x79, 0x35, 0x59, 0x2d, 0x59, 0x35, 0x79, 0x35, 0x79, 0x2d,
    0x58, 0x2d, 0x79, 0x35, 0x59, 0x2d, 0x58, 0x2d, 0x79, 0x35, 0x79, 0x2d,
    0x79, 0x35, 0x59, 0x2d, 0x79, 0x35, 0x79, 0x2d, 0x79, 0x2d, 0x59, 0x35,
    0x58, 0x2d, 0x79, 0x35, 0x79, 0x35, 0x79, 0x2d, 0x59, 0x2d, 0x78, 0x2d,
    0x79, 0x2d, 0x59, 0x2d, 0x79, 0x2d, 0x79, 0x2d, 0x79, 0x2d, 0x59, 0x35,
    0x59, 0x2d, 0x79, 0x35, 0x59, 0x2d, 0x59, 0x2d, 0x79, 0x2d, 0x79, 0x2d,
    0x79, 0x35, 0x58, 0x2d, 0x79, 0x2d, 0x79, 0x2d, 0x59, 0x2d, 0x79, 0x2d,
    0x59, 0x2d, 0x78, 0x2d, 0x59, 0x35, 0x59, 0x35, 0x79, 0x2d, 0x59, 0x2d,
    0x79, 0x2d, 0x79, 0x2d, 0x79, 0x35, 0x79, 0x2d, 0x78, 0x2d, 0x79, 0x2d,
    0x59, 0x2d, 0x79, 0x35, 0x79, 0x2d, 0x59, 0x2d, 0x59, 0x35, 0x79, 0x2d,
    0x59, 0x2d, 0x78, 0x2d, 0x79, 0x2d, 0x59, 0x2d, 0x79, 0x2d, 0x79, 0x35,
    0x59, 0x35, 0x79, 0x2d, 0x79, 0x2d, 0x79, 0x35, 0x59, 0x35, 0x79, 0x35,
    0x79, 0x2d, 0x59, 0x2d, 0x59, 0x2d, 0x79, 0x35, 0x59, 0x2d, 0x79, 0x2d,
    0x59, 0x35, 0x79, 0x2d, 0x79, 0x35, 0x58, 0x2d, 0x59, 0x2d, 0x79, 0x35,
    0x59, 0x2d, 0x79, 0x2d, 0x59, 0x2d, 0x59, 0x35, 0x58, 0x2d, 0x59, 0x2d,
    0x59, 0x35, 0x79, 0x2d, 0x78, 0x2d, 0x59, 0x35, 0x79, 0x2d, 0x59, 0x35,
    0x59, 0x35, 0x79, 0x35, 0x59, 0x2d, 0x59, 0x35, 0x59, 0x2d, 0x59, 0x35,
    0x79, 0x2d, 0x59, 0x2d, 0x59, 0x35, 0x59, 0x35, 0x59, 0x2d, 0x78, 0x2d,
    0x79, 0x35, 0x79, 0x2d, 0x79, 0x2d, 0x59, 0x35, 0x78, 0x2d, 0x59, 0x2d,
    0x79, 0x35, 0x79, 0x2d, 0x59, 0x2d, 0x79, 0x2d, 0x79, 0x35, 0x79, 0x2d,
    0x79, 0x35, 0x79, 0x2d, 0x79, 0x2d, 0x59, 0x2d, 0x59, 0x2d, 0x79, 0x35,
    0x59, 0x2d, 0x58, 0x35, 0x79, 0x2d, 0x79, 0x2d, 0x59, 0x35, 0x58, 0x2d,
    0x79, 0x35, 0xf9, 0x4d, 0x3a, 0x66, 0x5a, 0x6e, 0x5a, 0x76, 0x7a, 0x76,
    0x7a, 0x76, 0x7a, 0x76, 0x7a, 0x76, 0x7a, 0x76, 0x7a, 0x76, 0x7a, 0x76,
    0x7a, 0x6e, 0x5a, 0x6e, 0x59, 0x66, 0x3a, 0x66, 0x1a, 0x5e, 0xf9, 0x55,
    0xb9, 0x45, 0x79, 0x35, 0x79, 0x35, 0x79, 0x35, 0x59, 0x2d, 0x59, 0x2d,
    0xd9, 0x4d, 0x3a, 0x5e, 0x3a, 0x66, 0x39, 0x66, 0x59, 0x66, 0x5a, 0x66,
    0x59, 0x66, 0x59, 0x6e, 0x5a, 0x66, 0x5a, 0x6e, 0x59, 0x6e, 0x59, 0x6e,
    0x5a, 0x6e, 0x79, 0x6e, 0x5a, 0x6e, 0x59, 0x6e, 0x59, 0x6e, 0x59, 0x6e,
    0x5a, 0x6e, 0x59, 0x6e, 0x5a, 0x6e, 0x5a, 0x6e, 0x59, 0x66, 0x5a, 0x6e,
    0x5a, 0x6e, 0x59, 0x6e, 0x5a, 0x6e, 0x59, 0x66, 0x59, 0x6e, 0x5a, 0x6e,
    0x5a, 0x6e, 0x59, 0x6e, 0x5a, 0x6e, 0x7a, 0x6e, 0x79, 0x76, 0x79, 0x76,
    0x7a, 0x76, 0x7a, 0x76, 0x7a, 0x76, 0x7a, 0x76, 0x79, 0x76, 0x7a, 0x76,
    0x7a, 0x76, 0x79, 0x76, 0x79, 0x76, 0x7a, 0x76, 0x7a, 0x76, 0x7a, 0x76,
    0x7a, 0x76, 0x7a, 0x76, 0x7a, 0x76, 0x7a, 0x76, 0x7a, 0x76, 0x9a, 0x76,
    0x79, 0x76, 0x7a, 0x76, 0x7a, 0x76, 0x79, 0x76, 0x7a, 0x76, 0x9a, 0x76,
    0x79, 0x76, 0x7a, 0x76, 0x7a, 0x6e, 0x79, 0x76, 0x7a, 0x6e, 0x7a, 0x6e,
    0x7a, 0x76, 0x7a, 0x6e, 0x5a, 0x6e, 0x5a, 0x6e, 0x5a, 0x6e, 0x59, 0x66,
    0xd9, 0x4d, 0xd9, 0x4d, 0x19, 0x56, 0x3a, 0x66, 0x3a, 0x66, 0x3a, 0x66,
    0x3a, 0x66, 0x3a, 0x66, 0x39, 0x5e, 0xb9, 0x45, 0x79, 0x2d, 0x79, 0x2d,
    0x79, 0x35, 0x79, 0x35, 0x79, 0x2d, 0x79, 0x2d, 0x59, 0x35, 0x59, 0x2d,
    0x79, 0x35, 0x79, 0x35, 0x79, 0x2d, 0x79, 0x2d, 0x79, 0x35, 0x79, 0x2d,
    0x79, 0x35, 0x79, 0x2d, 0x79, 0x2d, 0x79, 0x35, 0x79, 0x2d, 0x79, 0x2d,
    0x79, 0x35, 0x79, 0x35, 0x79, 0x2d, 0x59, 0x2d, 0x59, 0x35, 0x79, 0x35,
    0x79, 0x35, 0x79, 0x2d, 0x59, 0x35, 0x79, 0x35, 0x78, 0x2d, 0x79, 0x2d,
    0x59, 0x2d, 0x79, 0x2d, 0x79, 0x35, 0x58, 0x35, 0x79, 0x2d, 0x79, 0x2d,
    0x79, 0x35, 0x59, 0x2d, 0x59, 0x35, 0x79, 0x35, 0x78, 0x2d, 0x79, 0x2d,
    0x59, 0x35, 0x79, 0x35, 0x79, 0x2d, 0x59, 0x2d, 0x79, 0x2d, 0x79, 0x35,
    0x58, 0x2d, 0x59, 0x35, 0x59, 0x2d, 0x79, 0x2d, 0x59, 0x2d, 0x59, 0x35,
    0x79, 0x2d, 0x59, 0x2d, 0x79, 0x35, 0x59, 0x2d, 0x79, 0x2d, 0x79, 0x35,
    0x59, 0x35, 0x79, 0x35, 0x79, 0x35, 0x59, 0x35, 0x79, 0x2d, 0x59, 0x2d,
    0x59, 0x2d, 0x79, 0x35, 0x59, 0x2d, 0x79, 0x2d, 0x58, 0x2d, 0x79, 0x35,
    0x79, 0x2d, 0x58, 0x35, 0x79, 0x2d, 0x79, 0x2d, 0x59, 0x35, 0x59, 0x2d,
    0x79, 0x2d, 0x59, 0x35, 0x79, 0x2d, 0x79, 0x2d, 0x79, 0x35, 0x79, 0x35,
    0x79, 0x35, 0x58, 0x2d, 0x79, 0x35, 0x79, 0x35, 0x79, 0x2d, 0x79, 0x2d,
    0x79, 0x35, 0x79, 0x2d, 0x79, 0x2d, 0x59, 0x35, 0x79, 0x2d, 0x79, 0x2d,
    0x78, 0x2d, 0x79, 0x2d, 0x79, 0x35, 0x79, 0x2d, 0x79, 0x2d, 0x79, 0x35,
    0x79, 0x2d, 0x59, 0x35, 0x79, 0x2d, 0x79, 0x2d, 0x79, 0x2d, 0x59, 0x35,
    0x59, 0x2d, 0x79, 0x2d, 0x59, 0x35, 0x79, 0x2d, 0x79, 0x2d, 0x59, 0x2d,
    0x59, 0x2d, 0x59, 0x2d, 0x79, 0x35, 0x59, 0x35, 0x79, 0x2d, 0x59, 0x35,
    0x79, 0x2d, 0x59, 0x35, 0x79, 0x35, 0x59, 0x2d, 0x79, 0x35, 0x79, 0x2d,
    0x59, 0x2d, 0x79, 0x35, 0x79, 0x2d, 0x59, 0x2d, 0x79, 0x35, 0x79, 0x35,
    0xd9, 0x4d, 0x1a, 0x5e, 0x5a, 0x6e, 0x7a, 0x76, 0x7a, 0x76, 0x7a, 0x76,
    0x7a, 0x76, 0x7a, 0x76, 0x7a, 0x76, 0x79, 0x76, 0x7a, 0x6e, 0x7a, 0x6e,
    0x5a, 0x6e, 0x5a, 0x6e, 0x5a, 0x66, 0x3a, 0x66, 0x19, 0x5e, 0x1a, 0x56,
    0xda, 0x4d, 0x99, 0x3d, 0x79, 0x35, 0x79, 0x2d, 0x79, 0x35, 0x79, 0x35,
    0xf9, 0x4d, 0x1a, 0x5e, 0x39, 0x66, 0x3a, 0x66, 0x3a, 0x66, 0x5a, 0x66,
    0x59, 0x6e, 0x59, 0x66, 0x5a, 0x6e, 0x59, 0x66, 0x5a, 0x6e, 0x5a, 0x6e,
    0x59, 0x6e, 0x5a, 0x66, 0x59, 0x6e, 0x5a, 0x6e, 0x5a, 0x66, 0x59, 0x6e,
    0x5a, 0x66, 0x5a, 0x66, 0x5a, 0x6e, 0x59, 0x66, 0x3a, 0x66, 0x59, 0x66,
    0x59, 0x66, 0x5a, 0x66, 0x5a, 0x66, 0x5a, 0x66, 0x59, 0x66, 0x5a, 0x66,
    0x59, 0x6e, 0x59, 0x6e, 0x59, 0x6e, 0x5a, 0x6e, 0x7a, 0x6e, 0x79, 0x76,
    0x7a, 0x76, 0x79, 0x76, 0x79, 0x76, 0x7a, 0x76, 0x7a, 0x76, 0x79, 0x76,
    0x7a, 0x76, 0x7a, 0x76, 0x79, 0x76, 0x7a, 0x76, 0x79, 0x76, 0x7a, 0x76,
    0x99, 0x76, 0x79, 0x76, 0x79, 0x76, 0x7a, 0x76, 0x79, 0x76, 0x7a, 0x76,
    0x7a, 0x76, 0x79, 0x76, 0x79, 0x6e, 0x7a, 0x6e, 0x7a, 0x6e, 0x7a, 0x6e,
    0x59, 0x6e, 0x7a, 0x6e, 0x7a, 0x6e, 0x5a, 0x6e, 0x7a, 0x6e, 0x59, 0x6e,
    0x7a, 0x6e, 0x59, 0x6e, 0x5a, 0x6e, 0x59, 0x6e, 0x59, 0x66, 0x3a, 0x66,
    0xfa, 0x55, 0x1a, 0x5e, 0x3a, 0x66, 0x39, 0x66, 0x5a, 0x66, 0x5a, 0x66,
    0x5a, 0x66, 0x59, 0x66, 0x3a, 0x66, 0x3a, 0x66, 0xd9, 0x45, 0x79, 0x35,
    0x79, 0x35, 0x79, 0x35, 0x79, 0x2d, 0x79, 0x35, 0x79, 0x2d, 0x79, 0x35,
    0x79, 0x2d, 0x79, 0x35, 0x79, 0x35, 0x79, 0x35, 0x59, 0x2d, 0x59, 0x2d,
    0x79, 0x35, 0x79, 0x2d, 0x79, 0x35, 0x59, 0x2d, 0x79, 0x2d, 0x79, 0x35,
    0x79, 0x2d, 0x79, 0x2d, 0x79, 0x2d, 0x79, 0x35, 0x79, 0x2d, 0x79, 0x35,
    0x79, 0x2d, 0x79, 0x2d, 0x79, 0x35, 0x59, 0x2d, 0x79, 0x35, 0x79, 0x35,
    0x59, 0x2d, 0x79, 0x2d, 0x78, 0x2d, 0x79, 0x35, 0x79, 0x2d, 0x79, 0x35,
    0x79, 0x2d, 0x79, 0x2d, 0x79, 0x2d, 0x79, 0x2d, 0x59, 0x2d, 0x59, 0x35,
    0x79, 0x2d, 0x79, 0x2d, 0x79, 0x2d, 0x79, 0x2d, 0x79, 0x2d, 0x79, 0x35,
    0x79, 0x2d, 0x79, 0x2d, 0x59, 0x35, 0x59, 0x2d, 0x79, 0x35, 0x79, 0x35,
    0x59, 0x2d, 0x78, 0x2d, 0x79, 0x35, 0x79, 0x2d, 0x78, 0x2d, 0x59, 0x2d,
    0x79, 0x2d, 0x59, 0x2d, 0x79, 0x2d, 0x59, 0x2d, 0x79, 0x35, 0x79, 0x2d,
    0x79, 0x2d, 0x79, 0x35, 0x79, 0x2d, 0x79, 0x2d, 0x79, 0x2d, 0x79, 0x2d,
    0x79, 0x35, 0x59, 0x2d, 0x79, 0x35, 0x79, 0x2d, 0x59, 0x35, 0x79, 0x2d,
    0x79, 0x2d, 0x79, 0x35, 0x79, 0x35, 0x79, 0x2d, 0x79, 0x2d, 0x79, 0x2d,
    0x79, 0x35, 0x79, 0x2d, 0x79, 0x35, 0x79, 0x2d, 0x79, 0x2d, 0x79, 0x35,
    0x59, 0x2d, 0x79, 0x2d, 0x79, 0x35, 0x79, 0x2d, 0x79, 0x2d, 0x79, 0x35,
    0x79, 0x2d, 0x79, 0x35, 0x79, 0x2d, 0x79, 0x2d, 0x79, 0x35, 0x79, 0x2d,
    0x79, 0x35, 0x79, 0x2d, 0x79, 0x35, 0x59, 0x2d, 0x79, 0x35, 0x79, 0x2d,
    0x79, 0x35, 0x79, 0x2d, 0x79, 0x35, 0x79, 0x2d, 0x59, 0x35, 0x79, 0x35,
    0x79, 0x2d, 0x79, 0x35, 0x59, 0x2d, 0x78, 0x2d, 0x59, 0x2d, 0x79, 0x2d,
    0x79, 0x2d, 0x59, 0x2d, 0x79, 0x35, 0x79, 0x2d, 0x79, 0x2d, 0x59, 0x35,
    0x79, 0x2d, 0x59, 0x35, 0x59, 0x2d, 0x79, 0x35, 0x79, 0x2d, 0xb9, 0x45,
    0x1a, 0x56, 0x5a, 0x6e, 0x7a, 0x6e, 0x7a, 0x76, 0x7a, 0x76, 0x7a, 0x76,
    0x7a, 0x76, 0x7a, 0x76, 0x7a, 0x76, 0x7a, 0x76, 0x7a, 0x6e, 0x5a, 0x6e,
    0x59, 0x6e, 0x5a, 0x6e, 0x3a, 0x66, 0x3a, 0x66, 0x3a, 0x5e, 0x19, 0x56,
    0xfa, 0x55, 0xb9, 0x3d, 0x99, 0x35, 0x79, 0x35, 0x79, 0x35, 0x79, 0x35,
    0xd9, 0x4d, 0x19, 0x5e, 0x3a, 0x5e, 0x3a, 0x66, 0x39, 0x66, 0x5a, 0x66,
    0x5a, 0x6e, 0x3a, 0x66, 0x5a, 0x6e, 0x5a, 0x66, 0x59, 0x66, 0x5a, 0x66,
    0x59, 0x66, 0x5a, 0x6e, 0x5a, 0x6e, 0x59, 0x66, 0x5a, 0x6e, 0x59, 0x66,
    0x59, 0x6e, 0x5a, 0x66, 0x59, 0x6e, 0x59, 0x66, 0x5a, 0x66, 0x3a, 0x66,
    0x39, 0x66, 0x5a, 0x66, 0x39, 0x66, 0x5a, 0x6e, 0x5a, 0x66, 0x39, 0x66,
    0x5a, 0x66, 0x5a, 0x66, 0x5a, 0x6e, 0x59, 0x6e, 0x59, 0x6e, 0x7a, 0x6e,
    0x59, 0x6e, 0x7a, 0x6e, 0x7a, 0x76, 0x79, 0x6e, 0x7a, 0x76, 0x7a, 0x76,
    0x79, 0x76, 0x7a, 0x76, 0x7a, 0x6e, 0x79, 0x76, 0x79, 0x6e, 0x7a, 0x6e,
    0x7a, 0x76, 0x79, 0x76, 0x7a, 0x6e, 0x7a, 0x76, 0x79, 0x6e, 0x7a, 0x6e,
    0x59, 0x6e, 0x5a, 0x6e, 0x7a, 0x6e, 0x5a, 0x6e, 0x59, 0x6e, 0x59, 0x6e,
    0x7a, 0x6e, 0x5a, 0x6e, 0x59, 0x6e, 0x59, 0x6e, 0x5a, 0x6e, 0x5a, 0x6e,
    0x59, 0x66, 0x5a, 0x66, 0x5a, 0x66, 0x5a, 0x66, 0x5a, 0x66, 0x3a, 0x66,
    0x39, 0x5e, 0x3a, 0x66, 0x5a, 0x66, 0x59, 0x66, 0x5a, 0x66, 0x5a, 0x66,
    0x59, 0x66, 0x5a, 0x66, 0x5a, 0x66, 0x3a, 0x66, 0x3a, 0x66, 0xd9, 0x45,
    0x99, 0x35, 0x79, 0x35, 0x79, 0x35, 0x79, 0x35, 0x79, 0x2d, 0x79, 0x2d,
    0x79, 0x35, 0x79, 0x2d, 0x79, 0x35, 0x79, 0x2d, 0x79, 0x35, 0x79, 0x35,
    0x79, 0x2d, 0x59, 0x35, 0x79, 0x35, 0x79, 0x2d, 0x79, 0x35, 0x59, 0x35,
    0x79, 0x2d, 0x79, 0x35, 0x79, 0x35, 0x79, 0x2d, 0x79, 0x2d, 0x59, 0x35,
    0x79, 0x2d, 0x79, 0x35, 0x79, 0x2d, 0x79, 0x2d, 0x79, 0x35, 0x79, 0x2d,
    0x79, 0x35, 0x79, 0x35, 0x79, 0x2d, 0x59, 0x2d, 0x79, 0x35, 0x59, 0x2d,
    0x79, 0x2d, 0x79, 0x35, 0x59, 0x2d, 0x79, 0x35, 0x79, 0x35, 0x79, 0x2d,
    0x79, 0x2d, 0x79, 0x35, 0x59, 0x35, 0x59, 0x2d, 0x79, 0x35, 0x79, 0x35,
    0x79, 0x2d, 0x79, 0x2d, 0x79, 0x35, 0x79, 0x2d, 0x79, 0x35, 0x79, 0x2d,
    0x79, 0x2d, 0x79, 0x35, 0x59, 0x2d, 0x79, 0x35, 0x79, 0x35, 0x79, 0x2d,
    0x79, 0x2d, 0x79, 0x35, 0x79, 0x2d, 0x79, 0x2d, 0x59, 0x35, 0x78, 0x35,
    0x79, 0x2d, 0x79, 0x2d, 0x79, 0x35, 0x59, 0x35, 0x79, 0x35, 0x79, 0x35,
    0x59, 0x2d, 0x79, 0x35, 0x79, 0x2d, 0x79, 0x2d, 0x79, 0x35, 0x79, 0x2d,
    0x79, 0x35, 0x79, 0x2d, 0x59, 0x35, 0x79, 0x35, 0x59, 0x2d, 0x79, 0x35,
    0x59, 0x2d, 0x79, 0x35, 0x79, 0x2d, 0x59, 0x35, 0x79, 0x35, 0x79, 0x2d,
    0x59, 0x35, 0x79, 0x35, 0x79, 0x2d, 0x59, 0x2d, 0x79, 0x2d, 0x79, 0x35,
    0x59, 0x35, 0x79, 0x2d, 0x79, 0x35, 0x59, 0x35, 0x79, 0x2d, 0x79, 0x35,
    0x58, 0x2d, 0x79, 0x35, 0x79, 0x35, 0x79, 0x2d, 0x79, 0x35, 0x79, 0x2d,
    0x79, 0x2d, 0x59, 0x35, 0x79, 0x2d, 0x79, 0x2d, 0x79, 0x35, 0x79, 0x35,
    0x79, 0x2d, 0x79, 0x35, 0x79, 0x2d, 0x79, 0x35, 0x79, 0x35, 0x79, 0x35,
    0x79, 0x2d, 0x79, 0x2d, 0x79, 0x35, 0x79, 0x35, 0x79, 0x2d, 0x79, 0x35,
    0x79, 0x35, 0x79, 0x2d, 0x79, 0x35, 0x79, 0x2d, 0x99, 0x3d, 0xf9, 0x4d,
    0x3a, 0x66, 0x5a, 0x6e, 0x7a, 0x76, 0x7a, 0x76, 0x7a, 0x76, 0x7a, 0x76,
    0x7a, 0x76, 0x79, 0x6e, 0x7a, 0x76, 0x7a, 0x76, 0x7a, 0x6e, 0x5a, 0x6e,
    0x59, 0x6e, 0x5a, 0x66, 0x5a, 0x66, 0x39, 0x66, 0x3a, 0x66, 0x3a, 0x5e,
    0x19, 0x56, 0xd9, 0x4d, 0xb9, 0x45, 0xb9, 0x3d, 0x99, 0x35, 0x79, 0x35,
    0xd9, 0x4d, 0x1a, 0x56, 0x19, 0x5e, 0x3a, 0x5e, 0x39, 0x66, 0x39, 0x66,
    0x39, 0x66, 0x39, 0x66, 0x3a, 0x66, 0x59, 0x66, 0x5a, 0x66, 0x5a, 0x6e,
    0x5a, 0x66, 0x59, 0x66, 0x5a, 0x66, 0x59, 0x66, 0x59, 0x66, 0x5a, 0x6e,
    0x3a, 0x66, 0x59, 0x66, 0x5a, 0x6e, 0x39, 0x66, 0x3a, 0x66, 0x59, 0x66,
    0x5a, 0x6e, 0x3a, 0x66, 0x59, 0x66, 0x39, 0x66, 0x3a, 0x66, 0x59, 0x6e,
    0x5a, 0x6e, 0x5a, 0x66, 0x59, 0x6e, 0x5a, 0x6e, 0x5a, 0x6e, 0x59, 0x6e,
    0x5a, 0x6e, 0x79, 0x6e, 0x59, 0x6e, 0x5a, 0x6e, 0x79, 0x6e, 0x79, 0x6e,
    0x79, 0x6e, 0x7a, 0x76, 0x7a, 0x6e, 0x7a, 0x6e, 0x5a, 0x6e, 0x79, 0x6e,
    0x7a, 0x6e, 0x5a, 0x6e, 0x7a, 0x6e, 0x79, 0x6e, 0x5a, 0x6e, 0x7a, 0x6e,
    0x79, 0x6e, 0x59, 0x6e, 0x5a, 0x6e, 0x5a, 0x6e, 0x59, 0x6e, 0x5a, 0x6e,
    0x5a, 0x6e, 0x5a, 0x6e, 0x59, 0x66, 0x5a, 0x66, 0x59, 0x66, 0x5a, 0x66,
    0x5a, 0x66, 0x59, 0x66, 0x5a, 0x66, 0x39, 0x66, 0x3a, 0x66, 0x3a, 0x66,
    0x39, 0x66, 0x39, 0x66, 0x5a, 0x66, 0x5a, 0x66, 0x5a, 0x6e, 0x5a, 0x6e,
    0x5a, 0x6e, 0x5a, 0x6e, 0x59, 0x66, 0x5a, 0x66, 0x3a, 0x66, 0x19, 0x5e,
    0xb9, 0x3d, 0x79, 0x35, 0x79, 0x35, 0x79, 0x35, 0x78, 0x35, 0x79, 0x35,
    0x79, 0x35, 0x79, 0x2d, 0x79, 0x35, 0x79, 0x35, 0x79, 0x2d, 0x79, 0x2d,
    0x79, 0x2d, 0x79, 0x35, 0x79, 0x2d, 0x79, 0x2d, 0x79, 0x35, 0x79, 0x2d,
    0x79, 0x2d, 0x79, 0x35, 0x79, 0x35, 0x79, 0x35, 0x79, 0x2d, 0x79, 0x35,
    0x79, 0x35, 0x79, 0x2d, 0x79, 0x35, 0x79, 0x35, 0x59, 0x2d, 0x79, 0x2d,
    0x79, 0x35, 0x79, 0x35, 0x79, 0x2d, 0x79, 0x2d, 0x79, 0x35, 0x79, 0x2d,
    0x79, 0x35, 0x79, 0x2d, 0x79, 0x2d, 0x79, 0x35, 0x79, 0x35, 0x79, 0x2d,
    0x79, 0x2d, 0x79, 0x35, 0x79, 0x2d, 0x79, 0x2d, 0x79, 0x35, 0x79, 0x2d,
    0x79, 0x35, 0x79, 0x2d, 0x79, 0x2d, 0x79, 0x35, 0x79, 0x2d, 0x79, 0x2d,
    0x79, 0x35, 0x79, 0x2d, 0x59, 0x2d, 0x79, 0x35, 0x79, 0x2d, 0x79, 0x35,
    0x79, 0x35, 0x79, 0x2d, 0x79, 0x35, 0x79, 0x35, 0x79, 0x2d, 0x79, 0x35,
    0x59, 0x2d, 0x79, 0x2d, 0x79, 0x2d, 0x79, 0x2d, 0x59, 0x35, 0x79, 0x2d,
    0x79, 0x2d, 0x79, 0x35, 0x79, 0x35, 0x79, 0x2d, 0x79, 0x35, 0x78, 0x35,
    0x79, 0x2d, 0x79, 0x2d, 0x79, 0x2d, 0x79, 0x35, 0x79, 0x2d, 0x79, 0x35,
    0x79, 0x35, 0x79, 0x2d, 0x79, 0x35, 0x79, 0x2d, 0x79, 0x2d, 0x79, 0x35,
    0x79, 0x2d, 0x79, 0x2d, 0x79, 0x35, 0x79, 0x35, 0x79, 0x2d, 0x79, 0x35,
    0x79, 0x2d, 0x79, 0x2d, 0x79, 0x35, 0x79, 0x2d, 0x79, 0x2d, 0x79, 0x2d,
    0x79, 0x35, 0x79, 0x2d, 0x79, 0x2d, 0x59, 0x35, 0x79, 0x2d, 0x78, 0x35,
    0x79, 0x35, 0x79, 0x2d, 0x59, 0x35, 0x79, 0x35, 0x79, 0x2d, 0x79, 0x2d,
    0x79, 0x35, 0x79, 0x2d, 0x79, 0x35, 0x79, 0x2d, 0x79, 0x35, 0x59, 0x35,
    0x79, 0x2d, 0x79, 0x35, 0x59, 0x35, 0x79, 0x2d, 0x79, 0x2d, 0x79, 0x2d,
    0x79, 0x35, 0x79, 0x2d, 0x79, 0x35, 0x79, 0x2d, 0xb9, 0x45, 0x1a, 0x5e,
    0x5a, 0x6e, 0x7a, 0x6e, 0x7a, 0x76, 0x7a, 0x76, 0x7a, 0x6e, 0x7a, 0x76,
    0x7a, 0x76, 0x7a, 0x6e, 0x7a, 0x6e, 0x7a, 0x6e, 0x7a, 0x6e, 0x5a, 0x6e,
    0x5a, 0x66, 0x5a, 0x66, 0x39, 0x66, 0x3a, 0x66, 0x3a, 0x5e, 0x19, 0x5e,
    0x1a, 0x5e, 0x1a, 0x5e, 0xf9, 0x55, 0xd9, 0x4d, 0xb9, 0x3d, 0x99, 0x3d,
    0xd9, 0x45, 0xfa, 0x55, 0xf9, 0x55, 0x19, 0x5e, 0x3a, 0x5e, 0x3a, 0x66,
    0x3a, 0x66, 0x39, 0x66, 0x3a, 0x66, 0x39, 0x66, 0x39, 0x66, 0x39, 0x66,
    0x39, 0x66, 0x3a, 0x66, 0x39, 0x66, 0x5a, 0x6e, 0x5a, 0x66, 0x39, 0x66,
    0x39, 0x66, 0x3a, 0x66, 0x39, 0x66, 0x5a, 0x66, 0x3a, 0x66, 0x59, 0x66,
    0x5a, 0x66, 0x3a, 0x66, 0x3a, 0x66, 0x3a, 0x66, 0x39, 0x66, 0x39, 0x66,
    0x5a, 0x66, 0x59, 0x6e, 0x59, 0x66, 0x5a, 0x66, 0x59, 0x6e, 0x5a, 0x6e,
    0x59, 0x6e, 0x5a, 0x6e, 0x5a, 0x6e, 0x59, 0x6e, 0x5a, 0x6e, 0x5a, 0x6e,
    0x59, 0x6e, 0x59, 0x6e, 0x5a, 0x6e, 0x79, 0x6e, 0x7a, 0x76, 0x79, 0x6e,
    0x59, 0x6e, 0x7a, 0x76, 0x79, 0x6e, 0x5a, 0x6e, 0x7a, 0x6e, 0x5a, 0x6e,
    0x7a, 0x6e, 0x79, 0x6e, 0x59, 0x6e, 0x5a, 0x6e, 0x5a, 0x66, 0x79, 0x66,
    0x5a, 0x66, 0x5a, 0x66, 0x5a, 0x6e, 0x5a, 0x66, 0x5a, 0x66, 0x59, 0x66,
    0x5a, 0x66, 0x3a, 0x66, 0x39, 0x66, 0x5a, 0x66, 0x3a, 0x5e, 0x39, 0x5e,
    0x3a, 0x5e, 0x3a, 0x66, 0x59, 0x66, 0x5a, 0x66, 0x59, 0x66, 0x39, 0x66,
    0x5a, 0x66, 0x59, 0x66, 0x5a, 0x66, 0x59, 0x66, 0x3a, 0x66, 0x19, 0x5e,
    0xf9, 0x4d, 0xb9, 0x3d, 0x99, 0x3d, 0x99, 0x35, 0x99, 0x35, 0x79, 0x35,
    0x79, 0x35, 0x79, 0x35, 0x79, 0x35, 0x79, 0x35, 0x79, 0x35, 0x79, 0x35,
    0x79, 0x35, 0x79, 0x2d, 0x79, 0x35, 0x79, 0x35, 0x79, 0x35, 0x79, 0x35,
    0x79, 0x2d, 0x79, 0x2d, 0x79, 0x2d, 0x79, 0x2d, 0x79, 0x35, 0x79, 0x2d,
    0x79, 0x2d, 0x79, 0x35, 0x79, 0x2d, 0x79, 0x35, 0x79, 0x2d, 0x79, 0x2d,
    0x79, 0x35, 0x79, 0x2d, 0x79, 0x35, 0x79, 0x35, 0x79, 0x2d, 0x79, 0x35,
    0x79, 0x35, 0x79, 0x2d, 0x79, 0x35, 0x79, 0x35, 0x79, 0x2d, 0x79, 0x35,
    0x59, 0x35, 0x79, 0x2d, 0x79, 0x2d, 0x79, 0x35, 0x79, 0x35, 0x79, 0x2d,
    0x79, 0x35, 0x79, 0x35, 0x79, 0x2d, 0x79, 0x35, 0x79, 0x2d, 0x79, 0x35,
    0x59, 0x2d, 0x79, 0x2d, 0x79, 0x35, 0x79, 0x2d, 0x79, 0x35, 0x79, 0x2d,
    0x79, 0x35, 0x79, 0x2d, 0x79, 0x35, 0x79, 0x2d, 0x79, 0x2d, 0x79, 0x35,
    0x79, 0x35, 0x79, 0x35, 0x79, 0x35, 0x79, 0x2d, 0x79, 0x2d, 0x79, 0x2d,
    0x79, 0x35, 0x79, 0x35, 0x79, 0x2d, 0x79, 0x35, 0x59, 0x2d, 0x79, 0x35,
    0x79, 0x35, 0x79, 0x35, 0x79, 0x2d, 0x79, 0x35, 0x79, 0x35, 0x79, 0x2d,
    0x79, 0x2d, 0x79, 0x35, 0x79, 0x35, 0x79, 0x2d, 0x79, 0x35, 0x79, 0x35,
    0x79, 0x2d, 0x79, 0x2d, 0x79, 0x35, 0x79, 0x35, 0x79, 0x2d, 0x79, 0x2d,
    0x79, 0x35, 0x79, 0x35, 0x79, 0x2d, 0x59, 0x35, 0x79, 0x35, 0x79, 0x35,
    0x79, 0x2d, 0x79, 0x35, 0x79, 0x35, 0x79, 0x2d, 0x79, 0x35, 0x79, 0x2d,
    0x79, 0x2d, 0x79, 0x35, 0x79, 0x35, 0x79, 0x35, 0x79, 0x2d, 0x79, 0x35,
    0x79, 0x35, 0x79, 0x35, 0x79, 0x35, 0x79, 0x2d, 0x79, 0x2d, 0x79, 0x35,
    0x79, 0x2d, 0x79, 0x2d, 0x79, 0x35, 0x79, 0x35, 0x59, 0x2d, 0x79, 0x35,
    0x79, 0x2d, 0x79, 0x35, 0x79, 0x35, 0x99, 0x35, 0xd9, 0x4d, 0x3a, 0x66,
    0x5a, 0x6e, 0x7a, 0x6e, 0x5a, 0x6e, 0x7a, 0x76, 0x79, 0x6e, 0x7a, 0x76,
    0x7a, 0x76, 0x7a, 0x6e, 0x5a, 0x6e, 0x5a, 0x6e, 0x59, 0x6e, 0x5a, 0x66,
    0x3a, 0x66, 0x39, 0x66, 0x3a, 0x66, 0x3a, 0x5e, 0x39, 0x5e, 0x1a, 0x5e,
    0x1a, 0x5e, 0x1a, 0x56, 0xfa, 0x55, 0xf9, 0x55, 0xda, 0x4d, 0xd9, 0x45,
    0xb9, 0x45, 0xd9, 0x45, 0xfa, 0x4d, 0xfa, 0x55, 0x19, 0x56, 0x1a, 0x5e,
    0x3a, 0x5e, 0x3a, 0x5e, 0x39, 0x5e, 0x3a, 0x66, 0x3a, 0x66, 0x39, 0x66,
    0x3a, 0x66, 0x5a, 0x66, 0x3a, 0x66, 0x39, 0x66, 0x3a, 0x66, 0x39, 0x66,
    0x5a, 0x66, 0x5a, 0x66, 0x39, 0x66, 0x59, 0x66, 0x3a, 0x66, 0x39, 0x66,
    0x39, 0x66, 0x39, 0x5e, 0x3a, 0x66, 0x3a, 0x5e, 0x39, 0x66, 0x3a, 0x66,
    0x3a, 0x66, 0x59, 0x66, 0x5a, 0x66, 0x59, 0x66, 0x5a, 0x66, 0x59, 0x6e,
    0x59, 0x6e, 0x5a, 0x6e, 0x59, 0x6e, 0x59, 0x6e, 0x5a, 0x6e, 0x59, 0x6e,
    0x5a, 0x6e, 0x7a, 0x6e, 0x59, 0x6e, 0x5a, 0x6e, 0x59, 0x6e, 0x5a, 0x6e,
    0x79, 0x6e, 0x59, 0x6e, 0x5a, 0x6e, 0x79, 0x6e, 0x59, 0x6e, 0x5a, 0x6e,
    0x59, 0x6e, 0x5a, 0x6e, 0x59, 0x66, 0x5a, 0x66, 0x5a, 0x66, 0x59, 0x6e,
    0x59, 0x66, 0x5a, 0x66, 0x59, 0x6e, 0x5a, 0x66, 0x59, 0x66, 0x59, 0x66,
    0x3a, 0x66, 0x3a, 0x66, 0x39, 0x5e, 0x39, 0x5e, 0x3a, 0x5e, 0x39, 0x5e,
    0x3a, 0x66, 0x3a, 0x66, 0x39, 0x66, 0x5a, 0x66, 0x3a, 0x66, 0x5a, 0x66,
    0x5a, 0x66, 0x39, 0x66, 0x5a, 0x6e, 0x5a, 0x66, 0x3a, 0x66, 0x19, 0x5e,
    0x1a, 0x56, 0xfa, 0x55, 0xf9, 0x4d, 0xf9, 0x4d, 0xd9, 0x45, 0xb9, 0x45,
    0xb9, 0x45, 0xb9, 0x3d, 0x99, 0x35, 0x99, 0x35, 0x79, 0x35, 0x79, 0x35,
    0x79, 0x35, 0x79, 0x2d, 0x79, 0x35, 0x79, 0x2d, 0x79, 0x35, 0x79, 0x35,
    0x79, 0x35, 0x79, 0x35, 0x79, 0x35, 0x79, 0x2d, 0x79, 0x35, 0x79, 0x35,
    0x79, 0x2d, 0x79, 0x35, 0x79, 0x2d, 0x79, 0x35, 0x79, 0x35, 0x79, 0x2d,
    0x79, 0x35, 0x79, 0x35, 0x79, 0x35, 0x79, 0x2d, 0x79, 0x2d, 0x79, 0x35,
    0x79, 0x2d, 0x79, 0x2d, 0x79, 0x35, 0x79, 0x2d, 0x79, 0x2d, 0x79, 0x2d,
    0x79, 0x35, 0x79, 0x2d, 0x79, 0x35, 0x79, 0x2d, 0x79, 0x2d, 0x79, 0x35,
    0x79, 0x2d, 0x59, 0x2d, 0x79, 0x2d, 0x79, 0x35, 0x79, 0x35, 0x79, 0x2d,
    0x79, 0x35, 0x79, 0x35, 0x79, 0x2d, 0x79, 0x35, 0x79, 0x2d, 0x79, 0x2d,
    0x79, 0x35, 0x79, 0x2d, 0x79, 0x35, 0x79, 0x2d, 0x79, 0x2d, 0x79, 0x2d,
    0x79, 0x35, 0x79, 0x2d, 0x79, 0x35, 0x79, 0x35, 0x79, 0x35, 0x79, 0x2d,
    0x79, 0x35, 0x79, 0x2d, 0x79, 0x2d, 0x79, 0x35, 0x79, 0x35, 0x79, 0x2d,
    0x79, 0x35, 0x79, 0x2d, 0x79, 0x2d, 0x79, 0x35, 0x79, 0x35, 0x79, 0x35,
    0x79, 0x35, 0x79, 0x35, 0x79, 0x35, 0x79, 0x2d, 0x79, 0x35, 0x79, 0x35,
    0x79, 0x2d, 0x79, 0x35, 0x79, 0x35, 0x79, 0x2d, 0x79, 0x35, 0x79, 0x2d,
    0x79, 0x35, 0x79, 0x2d, 0x79, 0x35, 0x79, 0x2d, 0x79, 0x35, 0x79, 0x35,
    0x79, 0x2d, 0x79, 0x2d, 0x79, 0x35, 0x79, 0x2d, 0x79, 0x35, 0x79, 0x35,
    0x79, 0x35, 0x79, 0x2d, 0x79, 0x2d, 0x79, 0x2d, 0x79, 0x35, 0x79, 0x2d,
    0x79, 0x2d, 0x79, 0x2d, 0x79, 0x35, 0x79, 0x35, 0x79, 0x2d, 0x79, 0x35,
    0x79, 0x35, 0x79, 0x2d, 0x79, 0x35, 0x79, 0x35, 0x79, 0x35, 0x79, 0x35,
    0x79, 0x2d, 0x79, 0x35, 0x79, 0x35, 0x99, 0x3d, 0x1a, 0x56, 0x3a, 0x66,
    0x5a, 0x6e, 0x5a, 0x6e, 0x7a, 0x6e, 0x7a, 0x6e, 0x7a, 0x6e, 0x7a, 0x6e,
    0x79, 0x6e, 0x7a, 0x6e, 0x5a, 0x6e, 0x59, 0x6e, 0x5a, 0x66, 0x3a, 0x66,
    0x39, 0x66, 0x3a, 0x66, 0x3a, 0x5e, 0x39, 0x5e, 0x3a, 0x5e, 0x39, 0x5e,
    0x19, 0x5e, 0x1a, 0x56, 0x19, 0x56, 0x1a, 0x56, 0xfa, 0x55, 0xd9, 0x4d,
    0x99, 0x3d, 0xb9, 0x3d, 0xd9, 0x45, 0xf9, 0x4d, 0xf9, 0x55, 0xfa, 0x55,
    0x19, 0x56, 0x19, 0x5e, 0x1a, 0x5e, 0x1a, 0x5e, 0x39, 0x5e, 0x39, 0x5e,
    0x3a, 0x5e, 0x39, 0x5e, 0x39, 0x5e, 0x3a, 0x5e, 0x3a, 0x66, 0x39, 0x5e,
    0x39, 0x5e, 0x3a, 0x5e, 0x39, 0x66, 0x3a, 0x5e, 0x19, 0x5e, 0x1a, 0x5e,
    0x1a, 0x5e, 0x19, 0x56, 0xf9, 0x55, 0x19, 0x56, 0x1a, 0x56, 0x19, 0x56,
    0x1a, 0x5e, 0x19, 0x5e, 0x3a, 0x66, 0x5a, 0x66, 0x5a, 0x6e, 0x59, 0x66,
    0x5a, 0x6e, 0x5a, 0x66, 0x59, 0x6e, 0x7a, 0x6e, 0x5a, 0x6e, 0x59, 0x6e,
    0x5a, 0x6e, 0x5a, 0x6e, 0x79, 0x6e, 0x59, 0x6e, 0x7a, 0x6e, 0x7a, 0x6e,
    0x5a, 0x6e, 0x5a, 0x6e, 0x7a, 0x6e, 0x7a, 0x6e, 0x59, 0x6e, 0x5a, 0x6e,
    0x5a, 0x6e, 0x5a, 0x6e, 0x59, 0x66, 0x5a, 0x6e, 0x59, 0x66, 0x5a, 0x6e,
    0x5a, 0x66, 0x59, 0x66, 0x59, 0x66, 0x5a, 0x66, 0x5a, 0x66, 0x5a, 0x66,
    0x39, 0x66, 0x3a, 0x5e, 0x39, 0x5e, 0x3a, 0x5e, 0x3a, 0x5e, 0x3a, 0x5e,
    0x39, 0x5e, 0x3a, 0x5e, 0x3a, 0x66, 0x39, 0x66, 0x3a, 0x66, 0x5a, 0x66,
    0x3a, 0x66, 0x3a, 0x66, 0x3a, 0x66, 0x39, 0x66, 0x3a, 0x5e, 0x19, 0x5e,
    0x1a, 0x5e, 0x1a, 0x56, 0x19, 0x56, 0xfa, 0x55, 0xfa, 0x55, 0xf9, 0x4d,
    0xf9, 0x4d, 0xd9, 0x45, 0xd9, 0x45, 0xb9, 0x3d, 0x99, 0x35, 0x99, 0x35,
    0x79, 0x2d, 0x79, 0x35, 0x79, 0x35, 0x79, 0x2d, 0x99, 0x35, 0x79, 0x35,
    0x99, 0x2d, 0x79, 0x35, 0x79, 0x35, 0x79, 0x35, 0x79, 0x35, 0x99, 0x35,
    0x79, 0x35, 0x79, 0x2d, 0x99, 0x35, 0x79, 0x35, 0x79, 0x35, 0x79, 0x2d,
    0x79, 0x35, 0x79, 0x2d, 0x79, 0x2d, 0x79, 0x35, 0x79, 0x35, 0x79, 0x2d,
    0x79, 0x35, 0x79, 0x35, 0x79, 0x2d, 0x79, 0x35, 0x79, 0x35, 0x79, 0x35,
    0x79, 0x2d, 0x79, 0x35, 0x79, 0x35, 0x78, 0x35, 0x79, 0x2d, 0x79, 0x35,
    0x79, 0x35, 0x79, 0x2d, 0x79, 0x35, 0x79, 0x2d, 0x79, 0x35, 0x79, 0x2d,
    0x79, 0x35, 0x79, 0x35, 0x79, 0x35, 0x79, 0x35, 0x79, 0x35, 0x79, 0x2d,
    0x79, 0x35, 0x79, 0x35, 0x79, 0x2d, 0x79, 0x35, 0x79, 0x35, 0x79, 0x35,
    0x79, 0x2d, 0x79, 0x2d, 0x79, 0x2d, 0x79, 0x35, 0x79, 0x35, 0x79, 0x35,
    0x79, 0x35, 0x79, 0x35, 0x79, 0x35, 0x79, 0x2d, 0x79, 0x35, 0x79, 0x2d,
    0x79, 0x35, 0x79, 0x35, 0x79, 0x35, 0x79, 0x2d, 0x79, 0x2d, 0x99, 0x35,
    0x79, 0x35, 0x79, 0x2d, 0x79, 0x35, 0x79, 0x2d, 0x79, 0x35, 0x79, 0x2d,
    0x79, 0x35, 0x79, 0x2d, 0x79, 0x35, 0x79, 0x35, 0x79, 0x35, 0x79, 0x35,
    0x79, 0x2d, 0x79, 0x35, 0x79, 0x35, 0x79, 0x2d, 0x79, 0x35, 0x79, 0x35,
    0x79, 0x2d, 0x79, 0x35, 0x79, 0x35, 0x79, 0x35, 0x79, 0x2d, 0x79, 0x35,
    0x79, 0x35, 0x79, 0x2d, 0x79, 0x35, 0x79, 0x35, 0x79, 0x35, 0x79, 0x35,
    0x79, 0x35, 0x79, 0x2d, 0x79, 0x35, 0x79, 0x35, 0x79, 0x2d, 0x79, 0x35,
    0x79, 0x35, 0x79, 0x2d, 0x79, 0x2d, 0x79, 0x35, 0x79, 0x35, 0x79, 0x35,
    0x79, 0x2d, 0x79, 0x2d, 0x79, 0x35, 0xd9, 0x45, 0x3a, 0x5e, 0x39, 0x66,
    0x5a, 0x6e, 0x7a, 0x6e, 0x79, 0x76, 0x7a, 0x6e, 0x5a, 0x6e, 0x5a, 0x6e,
    0x7a, 0x76, 0x5a, 0x6e, 0x59, 0x6e, 0x5a, 0x6e, 0x5a, 0x66, 0x39, 0x66,
    0x3a, 0x5e, 0x3a, 0x5e, 0x19, 0x5e, 0x1a, 0x5e, 0x3a, 0x5e, 0x1a, 0x5e,
    0x1a, 0x5e, 0x19, 0x5e, 0x19, 0x56, 0xfa, 0x55, 0xf9, 0x55, 0xfa, 0x55,
    0x79, 0x35, 0x99, 0x35, 0x99, 0x3d, 0xb9, 0x45, 0xb9, 0x45, 0xd9, 0x45,
    0xd9, 0x4d, 0xfa, 0x4d, 0xf9, 0x4d, 0xf9, 0x4d, 0xf9, 0x55, 0xfa, 0x55,
    0x19, 0x56, 0xf9, 0x55, 0xfa, 0x55, 0xf9, 0x55, 0x19, 0x56, 0xf9, 0x55,
    0xfa, 0x55, 0xf9, 0x55, 0xf9, 0x4d, 0xfa, 0x4d, 0xd9, 0x4d, 0xfa, 0x4d,
    0xd9, 0x45, 0xb9, 0x3d, 0xb9, 0x3d, 0xb9, 0x45, 0xd9, 0x45, 0xd9, 0x4d,
    0xfa, 0x4d, 0xf9, 0x55, 0x19, 0x5e, 0x3a, 0x5e, 0x39, 0x66, 0x59, 0x66,
    0x5a, 0x66, 0x5a, 0x66, 0x59, 0x66, 0x5a, 0x6e, 0x59, 0x6e, 0x59, 0x66,
    0x5a, 0x66, 0x59, 0x6e, 0x5a, 0x6e, 0x5a, 0x6e, 0x59, 0x6e, 0x79, 0x6e,
    0x59, 0x6e, 0x5a, 0x6e, 0x59, 0x6e, 0x59, 0x6e, 0x5a, 0x6e, 0x59, 0x6e,
    0x5a, 0x6e, 0x59, 0x6e, 0x59, 0x66, 0x5a, 0x6e, 0x59, 0x66, 0x5a, 0x66,
    0x5a, 0x66, 0x5a, 0x66, 0x5a, 0x66, 0x39, 0x66, 0x3a, 0x66, 0x3a, 0x5e,
    0x39, 0x5e, 0x39, 0x5e, 0x3a, 0x5e, 0x1a, 0x5e, 0x19, 0x5e, 0x3a, 0x5e,
    0x39, 0x5e, 0x39, 0x5e, 0x3a, 0x5e, 0x3a, 0x5e, 0x39, 0x66, 0x39, 0x66,
    0x3a, 0x5e, 0x39, 0x66, 0x3a, 0x66, 0x39, 0x5e, 0x3a, 0x5e, 0x3a, 0x5e,
    0x19, 0x5e, 0x3a, 0x5e, 0x1a, 0x5e, 0x19, 0x56, 0x1a, 0x56, 0x1a, 0x56,
    0x1a, 0x56, 0xfa, 0x4d, 0xd9, 0x4d, 0xd9, 0x45, 0xb9, 0x3d, 0x99, 0x35,
    0x99, 0x35, 0x79, 0x35, 0x99, 0x35, 0x79, 0x2d, 0x99, 0x35, 0x99, 0x2d,
    0x79, 0x2d, 0x99, 0x35, 0x79, 0x2d, 0x99, 0x35, 0x99, 0x2d, 0x99, 0x2d,
    0x79, 0x35, 0x79, 0x35, 0x79, 0x2d, 0x99, 0x35, 0x79, 0x2d, 0x79, 0x35,
    0x99, 0x35, 0x79, 0x35, 0x99, 0x2d, 0x79, 0x35, 0x79, 0x35, 0x99, 0x2d,
    0x79, 0x35, 0x79, 0x35, 0x79, 0x2d, 0x79, 0x2d, 0x79, 0x35, 0x79, 0x2d,
    0x79, 0x35, 0x79, 0x2d, 0x79, 0x35, 0x79, 0x35, 0x79, 0x2d, 0x79, 0x35,
    0x79, 0x35, 0x79, 0x35, 0x79, 0x2d, 0x79, 0x35, 0x79, 0x35, 0x79, 0x2d,
    0x79, 0x2d, 0x79, 0x35, 0x79, 0x2d, 0x79, 0x2d, 0x79, 0x35, 0x79, 0x2d,
    0x79, 0x2d, 0x79, 0x35, 0x79, 0x35, 0x79, 0x2d, 0x79, 0x35, 0x79, 0x2d,
    0x79, 0x35, 0x79, 0x35, 0x79, 0x35, 0x79, 0x2d, 0x79, 0x2d, 0x79, 0x2d,
    0x99, 0x35, 0x79, 0x2d, 0x79, 0x35, 0x79, 0x35, 0x79, 0x2d, 0x79, 0x35,
    0x79, 0x2d, 0x99, 0x35, 0x79, 0x2d, 0x99, 0x35, 0x79, 0x35, 0x79, 0x2d,
    0x99, 0x35, 0x79, 0x2d, 0x79, 0x35, 0x79, 0x35, 0x79, 0x2d, 0x79, 0x35,
    0x79, 0x35, 0x99, 0x2d, 0x79, 0x2d, 0x79, 0x35, 0x79, 0x2d, 0x79, 0x35,
    0x79, 0x35, 0x99, 0x35, 0x79, 0x2d, 0x79, 0x35, 0x79, 0x2d, 0x79, 0x35,
    0x79, 0x35, 0x99, 0x2d, 0x79, 0x35, 0x79, 0x35, 0x79, 0x2d, 0x79, 0x2d,
    0x79, 0x35, 0x79, 0x2d, 0x79, 0x35, 0x79, 0x35, 0x79, 0x2d, 0x79, 0x35,
    0x79, 0x2d, 0x79, 0x35, 0x79, 0x35, 0x79, 0x2d, 0x79, 0x2d, 0x79, 0x35,
    0x79, 0x35, 0x79, 0x35, 0x79, 0x2d, 0x99, 0x35, 0x79, 0x2d, 0x79, 0x2d,
    0x79, 0x35, 0x79, 0x35, 0x99, 0x35, 0xd9, 0x4d, 0x1a, 0x5e, 0x5a, 0x66,
    0x5a, 0x6e, 0x5a, 0x6e, 0x5a, 0x6e, 0x7a, 0x6e, 0x59, 0x6e, 0x5a, 0x6e,
    0x5a, 0x6e, 0x5a, 0x6e, 0x5a, 0x66, 0x5a, 0x66, 0x3a, 0x66, 0x3a, 0x66,
    0x3a, 0x5e, 0x39, 0x5e, 0x1a, 0x5e, 0x39, 0x5e, 0x1a, 0x5e, 0x1a, 0x5e,
    0x1a, 0x56, 0x19, 0x56, 0xfa, 0x55, 0xf9, 0x55, 0xf9, 0x55, 0xfa, 0x55,
    0x79, 0x35, 0x99, 0x35, 0x99, 0x35, 0x99, 0x3d, 0x99, 0x3d, 0xb9, 0x3d,
    0xb9, 0x3d, 0xb9, 0x45, 0xb9, 0x45, 0xda, 0x45, 0xd9, 0x45, 0xb9, 0x45,
    0xda, 0x45, 0xb9, 0x45, 0xd9, 0x4d, 0xd9, 0x45, 0xda, 0x4d, 0xd9, 0x4d,
    0xd9, 0x45, 0xda, 0x45, 0xb9, 0x3d, 0xb9, 0x3d, 0xb9, 0x3d, 0xb9, 0x3d,
    0x99, 0x3d, 0x99, 0x35, 0x99, 0x35, 0x99, 0x35, 0x99, 0x3d, 0xb9, 0x3d,
    0xb9, 0x3d, 0xd9, 0x45, 0xf9, 0x4d, 0x1a, 0x56, 0x19, 0x5e, 0x3a, 0x5e,
    0x5a, 0x66, 0x39, 0x66, 0x5a, 0x66, 0x5a, 0x66, 0x5a, 0x66, 0x59, 0x66,
    0x5a, 0x66, 0x7a, 0x66, 0x59, 0x66, 0x5a, 0x66, 0x5a, 0x66, 0x5a, 0x6e,
    0x5a, 0x6e, 0x59, 0x6e, 0x5a, 0x66, 0x5a, 0x6e, 0x5a, 0x66, 0x59, 0x66,
    0x5a, 0x66, 0x59, 0x66, 0x5a, 0x66, 0x5a, 0x66, 0x59, 0x66, 0x5a, 0x66,
    0x39, 0x66, 0x3a, 0x66, 0x39, 0x66, 0x3a, 0x66, 0x39, 0x5e, 0x39, 0x5e,
    0x3a, 0x5e, 0x3a, 0x5e, 0x19, 0x5e, 0x19, 0x5e, 0x1a, 0x56, 0x19, 0x5e,
    0x3a, 0x5e, 0x3a, 0x5e, 0x3a, 0x5e, 0x3a, 0x5e, 0x3a, 0x5e, 0x3a, 0x5e,
    0x39, 0x5e, 0x3a, 0x5e, 0x39, 0x5e, 0x1a, 0x5e, 0x3a, 0x5e, 0x39, 0x5e,
    0x1a, 0x5e, 0x3a, 0x5e, 0x3a, 0x5e, 0x19, 0x5e, 0x19, 0x56, 0x1a, 0x56,
    0xfa, 0x55, 0x19, 0x56, 0xfa, 0x4d, 0xda, 0x4d, 0xb9, 0x45, 0x99, 0x35,
    0x99, 0x35, 0x99, 0x35, 0x79, 0x35, 0x99, 0x35, 0x79, 0x35, 0x79, 0x35,
    0x79, 0x35, 0x99, 0x35, 0x99, 0x35, 0x79, 0x35, 0x79, 0x2d, 0x99, 0x35,
    0x99, 0x35, 0x79, 0x2d, 0x79, 0x35, 0x99, 0x2d, 0x99, 0x35, 0x79, 0x35,
    0x99, 0x35, 0x99, 0x2d, 0x99, 0x35, 0x99, 0x35, 0x79, 0x2d, 0x79, 0x35,
    0x99, 0x35, 0x99, 0x35, 0x79, 0x35, 0x99, 0x35, 0x99, 0x2d, 0x79, 0x35,
    0x99, 0x35, 0x79, 0x2d, 0x99, 0x2d, 0x79, 0x35, 0x79, 0x35, 0x99, 0x2d,
    0x79, 0x35, 0x79, 0x2d, 0x79, 0x2d, 0x79, 0x35, 0x99, 0x35, 0x79, 0x2d,
    0x79, 0x35, 0x99, 0x35, 0x99, 0x2d, 0x79, 0x35, 0x99, 0x35, 0x99, 0x35,
    0x79, 0x35, 0x99, 0x35, 0x79, 0x2d, 0x79, 0x2d, 0x99, 0x35, 0x79, 0x35,
    0x99, 0x2d, 0x99, 0x35, 0x79, 0x2d, 0x99, 0x35, 0x79, 0x2d, 0x99, 0x35,
    0x79, 0x35, 0x79, 0x2d, 0x99, 0x2d, 0x99, 0x35, 0x99, 0x35, 0x79, 0x2d,
    0x99, 0x35, 0x79, 0x35, 0x99, 0x2d, 0x79, 0x35, 0x99, 0x35, 0x99, 0x35,
    0x99, 0x35, 0x99, 0x35, 0x79, 0x35, 0x99, 0x35, 0x99, 0x35, 0x79, 0x35,
    0x99, 0x35, 0x99, 0x35, 0x99, 0x35, 0x99, 0x2d, 0x79, 0x35, 0x79, 0x2d,
    0x99, 0x35, 0x79, 0x35, 0x99, 0x2d, 0x99, 0x35, 0x79, 0x35, 0x99, 0x35,
    0x99, 0x35, 0x99, 0x35, 0x79, 0x2d, 0x99, 0x35, 0x99, 0x35, 0x79, 0x35,
    0x99, 0x35, 0x79, 0x2d, 0x79, 0x35, 0x79, 0x35, 0x99, 0x35, 0x79, 0x2d,
    0x79, 0x35, 0x79, 0x35, 0x79, 0x35, 0x79, 0x2d, 0x79, 0x35, 0x79, 0x35,
    0x79, 0x2d, 0x79, 0x35, 0x99, 0x35, 0x79, 0x35, 0x79, 0x35, 0x79, 0x35,
    0x79, 0x35, 0x79, 0x35, 0x99, 0x35, 0xfa, 0x4d, 0x3a, 0x5e, 0x3a, 0x66,
    0x5a, 0x6e, 0x5a, 0x6e, 0x7a, 0x6e, 0x7a, 0x6e, 0x7a, 0x76, 0x59, 0x6e,
    0x5a, 0x6e, 0x59, 0x6e, 0x5a, 0x66, 0x3a, 0x66, 0x39, 0x5e, 0x3a, 0x5e,
    0x19, 0x5e, 0x3a, 0x5e, 0x19, 0x5e, 0x1a, 0x56, 0x19, 0x56, 0x19, 0x56,
    0x19, 0x56, 0x1a, 0x56, 0xfa, 0x55, 0x1a, 0x56, 0x19, 0x56, 0xfa, 0x55,
    0x99, 0x35, 0x79, 0x35, 0x99, 0x35, 0x79, 0x35, 0x9a, 0x35, 0x99, 0x35,
    0x99, 0x35, 0x9a, 0x35, 0x99, 0x35, 0xb9, 0x3d, 0x99, 0x3d, 0x99, 0x3d,
    0x99, 0x35, 0xb9, 0x3d, 0x99, 0x3d, 0xb9, 0x3d, 0xb9, 0x3d, 0x99, 0x3d,
    0x99, 0x3d, 0x99, 0x35, 0x99, 0x3d, 0x99, 0x3d, 0x99, 0x35, 0x99, 0x35,
    0x79, 0x35, 0x99, 0x35, 0x9a, 0x35, 0x99, 0x35, 0x99, 0x35, 0x9a, 0x35,
    0x99, 0x35, 0x99, 0x3d, 0xb9, 0x3d, 0xd9, 0x4d, 0xfa, 0x55, 0x19, 0x56,
    0x19, 0x5e, 0x19, 0x5e, 0x39, 0x5e, 0x3a, 0x66, 0x3a, 0x66, 0x5a, 0x66,
    0x39, 0x66, 0x59, 0x66, 0x59, 0x66, 0x5a, 0x66, 0x59, 0x66, 0x59, 0x66,
    0x5a, 0x66, 0x59, 0x66, 0x5a, 0x66, 0x59, 0x66, 0x59, 0x66, 0x5a, 0x66,
    0x59, 0x66, 0x5a, 0x66, 0x3a, 0x66, 0x5a, 0x66, 0x39, 0x66, 0x5a, 0x66,
    0x5a, 0x66, 0x39, 0x66, 0x39, 0x5e, 0x3a, 0x5e, 0x3a, 0x5e, 0x39, 0x5e,
    0x3a, 0x5e, 0x1a, 0x56, 0x19, 0x56, 0x1a, 0x4e, 0xf9, 0x4d, 0x1a, 0x56,
    0x1a, 0x56, 0x19, 0x56, 0x19, 0x56, 0x19, 0x56, 0x1a, 0x56, 0x3a, 0x5e,
    0x1a, 0x56, 0x39, 0x5e, 0x1a, 0x5e, 0x1a, 0x56, 0x3a, 0x5e, 0x19, 0x5e,
    0x1a, 0x5e, 0x19, 0x56, 0x1a, 0x56, 0x1a, 0x5e, 0x19, 0x56, 0x19, 0x56,
    0x1a, 0x56, 0xf9, 0x55, 0xf9, 0x4d, 0xd9, 0x45, 0x99, 0x35, 0x99, 0x35,
    0x79, 0x35, 0x79, 0x2d, 0x99, 0x35, 0x99, 0x35, 0x99, 0x35, 0x99, 0x2d,
    0x99, 0x35, 0x79, 0x35, 0x99, 0x2d, 0x79, 0x35, 0x79, 0x35, 0x99, 0x35,
    0x79, 0x35, 0x99, 0x35, 0x99, 0x35, 0x79, 0x35, 0x99, 0x35, 0x79, 0x2d,
    0x79, 0x35, 0x99, 0x35, 0x79, 0x35, 0x79, 0x35, 0x99, 0x2d, 0x79, 0x35,
    0x79, 0x2d, 0x99, 0x35, 0x79, 0x2d, 0x99, 0x35, 0x99, 0x35, 0x79, 0x2d,
    0x99, 0x35, 0x99, 0x35, 0x79, 0x35, 0x79, 0x2d, 0x99, 0x35, 0x99, 0x35,
    0x99, 0x2d, 0x99, 0x35, 0x99, 0x35, 0x79, 0x2d, 0x99, 0x35, 0x99, 0x35,
    0x79, 0x2d, 0x99, 0x35, 0x99, 0x35, 0x79, 0x2d, 0x79, 0x35, 0x99, 0x2d,
    0x99, 0x35, 0x99, 0x35, 0x99, 0x35, 0x79, 0x35, 0x99, 0x35, 0x99, 0x2d,
    0x79, 0x2d, 0x79, 0x35, 0x99, 0x35, 0x79, 0x2d, 0x99, 0x35, 0x99, 0x35,
    0x79, 0x35, 0x99, 0x35, 0x79, 0x35, 0x99, 0x35, 0x79, 0x35, 0x99, 0x2d,
    0x79, 0x35, 0x99, 0x35, 0x79, 0x35, 0x79, 0x2d, 0x79, 0x2d, 0x79, 0x35,
    0x99, 0x35, 0x79, 0x2d, 0x99, 0x35, 0x99, 0x35, 0x99, 0x2d, 0x79, 0x2d,
    0x79, 0x35, 0x79, 0x35, 0x79, 0x35, 0x99, 0x35, 0x99, 0x35, 0x79, 0x2d,
    0x99, 0x35, 0x79, 0x35, 0x79, 0x35, 0x99, 0x35, 0x99, 0x35, 0x79, 0x2d,
    0x79, 0x2d, 0x99, 0x35, 0x79, 0x35, 0x79, 0x35, 0x99, 0x35, 0x79, 0x35,
    0x99, 0x35, 0x99, 0x2d, 0x99, 0x2d, 0x79, 0x35, 0x79, 0x2d, 0x99, 0x35,
    0x99, 0x35, 0x79, 0x2d, 0x79, 0x35, 0x99, 0x35, 0x99, 0x35, 0x79, 0x35,
    0x99, 0x35, 0x99, 0x35, 0x99, 0x35, 0x79, 0x2d, 0x79, 0x35, 0x99, 0x35,
    0x79, 0x2d, 0x79, 0x35, 0x99, 0x35, 0xf9, 0x4d, 0x3a, 0x5e, 0x5a, 0x66,
    0x59, 0x6e, 0x7a, 0x6e, 0x5a, 0x6e, 0x5a, 0x6e, 0x7a, 0x6e, 0x59, 0x6e,
    0x5a, 0x66, 0x5a, 0x66, 0x39, 0x66, 0x3a, 0x66, 0x3a, 0x5e, 0x39, 0x5e,
    0x1a, 0x5e, 0x1a, 0x5e, 0x19, 0x56, 0x1a, 0x56, 0x1a, 0x56, 0x1a, 0x56,
    0x19, 0x56, 0xfa, 0x55, 0x19, 0x56, 0xfa, 0x55, 0xf9, 0x4d, 0xf9, 0x4d,
    0x79, 0x35, 0x99, 0x35, 0x79, 0x35, 0x99, 0x35, 0x79, 0x35, 0x79, 0x35,
    0x99, 0x35, 0x99, 0x35, 0x79, 0x35, 0x99, 0x35, 0x99, 0x35, 0x99, 0x35,
    0x99, 0x35, 0x99, 0x35, 0x99, 0x35, 0x99, 0x35, 0x99, 0x35, 0x99, 0x35,
    0x99, 0x35, 0x99, 0x35, 0x99, 0x35, 0x79, 0x35, 0x99, 0x35, 0x99, 0x35,
    0x99, 0x35, 0x99, 0x35, 0x99, 0x35, 0x99, 0x35, 0x79, 0x35, 0x79, 0x35,
    0x99, 0x35, 0x99, 0x35, 0x99, 0x35, 0x99, 0x35, 0xb9, 0x3d, 0xfa, 0x4d,
    0xf9, 0x4d, 0x1a, 0x56, 0x1a, 0x56, 0x19, 0x56, 0x19, 0x5e, 0x3a, 0x5e,
    0x39, 0x5e, 0x3a, 0x5e, 0x3a, 0x5e, 0x39, 0x5e, 0x3a, 0x66, 0x39, 0x66,
    0x3a, 0x5e, 0x5a, 0x66, 0x39, 0x66, 0x5a, 0x66, 0x39, 0x66, 0x5a, 0x66,
    0x5a, 0x66, 0x39, 0x66, 0x5a, 0x66, 0x39, 0x5e, 0x39, 0x66, 0x3a, 0x5e,
    0x39, 0x5e, 0x3a, 0x5e, 0x3a, 0x5e, 0x39, 0x56, 0x1a, 0x5e, 0x19, 0x56,
    0x19, 0x56, 0xf9, 0x4d, 0xd9, 0x45, 0xd9, 0x45, 0xf9, 0x4d, 0xfa, 0x4d,
    0xf9, 0x4d, 0xf9, 0x4d, 0xfa, 0x55, 0xf9, 0x4d, 0xf9, 0x4d, 0xf9, 0x4d,
    0xf9, 0x4d, 0xfa, 0x55, 0xf9, 0x4d, 0xf9, 0x4d, 0xf9, 0x55, 0xfa, 0x4d,
    0xf9, 0x4d, 0xf9, 0x4d, 0xd9, 0x4d, 0xf9, 0x4d, 0xda, 0x4d, 0xd9, 0x45,
    0xd9, 0x45, 0xb9, 0x3d, 0x99, 0x3d, 0x99, 0x35, 0x99, 0x35, 0x99, 0x35,
    0x99, 0x35, 0x79, 0x35, 0x99, 0x2d, 0x99, 0x35, 0x99, 0x35, 0x79, 0x2d,
    0x99, 0x35, 0x99, 0x2d, 0x79, 0x35, 0x99, 0x35, 0x99, 0x35, 0x99, 0x2d,
    0x79, 0x35, 0x79, 0x2d, 0x99, 0x35, 0x99, 0x35, 0x79, 0x35, 0x99, 0x35,
    0x99, 0x2d, 0x79, 0x35, 0x99, 0x35, 0x79, 0x2d, 0x99, 0x35, 0x99, 0x35,
    0x99, 0x35, 0x79, 0x2d, 0x79, 0x35, 0x79, 0x35, 0x79, 0x2d, 0x99, 0x35,
    0x99, 0x2d, 0x79, 0x35, 0x99, 0x35, 0x99, 0x35, 0x79, 0x35, 0x79, 0x2d,
    0x99, 0x35, 0x99, 0x35, 0x79, 0x35, 0x99, 0x35, 0x99, 0x2d, 0x79, 0x35,
    0x99, 0x35, 0x79, 0x2d, 0x79, 0x35, 0x99, 0x35, 0x79, 0x35, 0x79, 0x35,
    0x99, 0x2d, 0x79, 0x35, 0x79, 0x2d, 0x99, 0x35, 0x79, 0x35, 0x79, 0x35,
    0x99, 0x35, 0x79, 0x35, 0x79, 0x2d, 0x99, 0x35, 0x79, 0x35, 0x79, 0x35,
    0x79, 0x2d, 0x99, 0x2d, 0x79, 0x35, 0x99, 0x35, 0x79, 0x35, 0x99, 0x35,
    0x99, 0x35, 0x79, 0x35, 0x99, 0x35, 0x99, 0x35, 0x99, 0x35, 0x99, 0x35,
    0x79, 0x35, 0x79, 0x2d, 0x79, 0x35, 0x79, 0x35, 0x99, 0x35, 0x99, 0x2d,
    0x99, 0x35, 0x99, 0x35, 0x99, 0x2d, 0x79, 0x35, 0x79, 0x35, 0x99, 0x35,
    0x99, 0x35, 0x79, 0x35, 0x99, 0x2d, 0x99, 0x35, 0x79, 0x35, 0x79, 0x35,
    0x99, 0x2d, 0x79, 0x35, 0x99, 0x35, 0x99, 0x35, 0x99, 0x2d, 0x99, 0x2d,
    0x79, 0x35, 0x79, 0x35, 0x99, 0x35, 0x99, 0x35, 0x79, 0x35, 0x99, 0x35,
    0x99, 0x35, 0x99, 0x2d, 0x99, 0x35, 0x79, 0x35, 0x99, 0x2d, 0x99, 0x35,
    0x79, 0x35, 0x99, 0x2d, 0x79, 0x35, 0x99, 0x35, 0x99, 0x35, 0xb9, 0x3d,
    0xb9, 0x3d, 0xb9, 0x3d, 0xb9, 0x3d, 0xf9, 0x55, 0x3a, 0x5e, 0x39, 0x66,
    0x5a, 0x6e, 0x5a, 0x6e, 0x59, 0x6e, 0x5a, 0x6e, 0x5a, 0x6e, 0x5a, 0x66,
    0x5a, 0x66, 0x5a, 0x66, 0x39, 0x5e, 0x3a, 0x5e, 0x19, 0x5e, 0x3a, 0x5e,
    0x1a, 0x56, 0x19, 0x56, 0x19, 0x56, 0x1a, 0x56, 0x19, 0x56, 0xfa, 0x55,
    0xfa, 0x55, 0xf9, 0x55, 0x1a, 0x56, 0xf9, 0x55, 0xfa, 0x4d, 0xfa, 0x4d,
    0x79, 0x35, 0x99, 0x35, 0x79, 0x35, 0x99, 0x35, 0x99, 0x35, 0x79, 0x35,
    0x99, 0x35, 0x79, 0x35, 0x99, 0x35, 0x79, 0x35, 0x99, 0x35, 0x99, 0x35,
    0x99, 0x35, 0x99, 0x35, 0x79, 0x35, 0x9a, 0x35, 0x99, 0x35, 0x99, 0x35,
    0x79, 0x35, 0x9a, 0x35, 0x99, 0x35, 0x99, 0x35, 0x9a, 0x35, 0x79, 0x35,
    0x99, 0x35, 0x79, 0x35, 0x99, 0x35, 0x79, 0x35, 0x79, 0x35, 0x99, 0x35,
    0x79, 0x35, 0x99, 0x35, 0x99, 0x35, 0x99, 0x35, 0x99, 0x35, 0x99, 0x35,
    0xb9, 0x3d, 0xb9, 0x45, 0xda, 0x4d, 0xf9, 0x4d, 0xf9, 0x4d, 0xf9, 0x4d,
    0xfa, 0x55, 0xfa, 0x55, 0x19, 0x56, 0x1a, 0x56, 0x1a, 0x5e, 0x19, 0x5e,
    0x39, 0x5e, 0x1a, 0x5e, 0x19, 0x5e, 0x3a, 0x56, 0x1a, 0x5e, 0x39, 0x5e,
    0x1a, 0x56, 0x39, 0x56, 0x39, 0x5e, 0x1a, 0x5e, 0x3a, 0x5e, 0x19, 0x56,
    0x19, 0x56, 0x1a, 0x56, 0x19, 0x56, 0x1a, 0x56, 0xf9, 0x4d, 0xfa, 0x45,
    0xb9, 0x3d, 0x99, 0x3d, 0x99, 0x35, 0x99, 0x35, 0x99, 0x35, 0x99, 0x35,
    0x99, 0x35, 0x99, 0x35, 0x99, 0x3d, 0x99, 0x3d, 0xb9, 0x3d, 0xb9, 0x3d,
    0xb9, 0x35, 0xb9, 0x3d, 0xb9, 0x35, 0x99, 0x35, 0x99, 0x3d, 0x99, 0x35,
    0x99, 0x35, 0x99, 0x35, 0x99, 0x35, 0x99, 0x35, 0x99, 0x35, 0x99, 0x35,
    0x99, 0x35, 0x99, 0x35, 0x99, 0x35, 0x99, 0x35, 0x99, 0x35, 0x99, 0x35,
    0x99, 0x35, 0x99, 0x35, 0x79, 0x35, 0x99, 0x35, 0x99, 0x35, 0x99, 0x35,
    0x99, 0x35, 0x99, 0x35, 0x99, 0x35, 0x99, 0x35, 0x99, 0x35, 0x99, 0x35,
    0x79, 0x35, 0x99, 0x35, 0x99, 0x35, 0x99, 0x35, 0x99, 0x2d, 0x99, 0x35,
    0x99, 0x35, 0x79, 0x35, 0x99, 0x35, 0x99, 0x35, 0x79, 0x35, 0x99, 0x2d,
    0x79, 0x35, 0x99, 0x35, 0x99, 0x35, 0x99, 0x35, 0x99, 0x35, 0x79, 0x35,
    0x79, 0x35, 0x99, 0x2d, 0x99, 0x35, 0x79, 0x35, 0x99, 0x2d, 0x79, 0x35,
    0x79, 0x35, 0x99, 0x2d, 0x99, 0x35, 0x99, 0x35, 0x79, 0x35, 0x79, 0x35,
    0x99, 0x35, 0x99, 0x35, 0x99, 0x35, 0x99, 0x2d, 0x99, 0x35, 0x99, 0x35,
    0x99, 0x2d, 0x79, 0x35, 0x99, 0x2d, 0x99, 0x35, 0x99, 0x35, 0x79, 0x2d,
    0x99, 0x35, 0x99, 0x35, 0x99, 0x2d, 0x99, 0x35, 0x79, 0x2d, 0x99, 0x2d,
    0x99, 0x35, 0x99, 0x35, 0x99, 0x2d, 0x79, 0x35, 0x99, 0x2d, 0x99, 0x35,
    0x79, 0x2d, 0x99, 0x2d, 0x79, 0x35, 0x99, 0x35, 0x99, 0x35, 0x99, 0x35,
    0x99, 0x35, 0x99, 0x2d, 0x99, 0x35, 0x79, 0x35, 0x79, 0x35, 0x99, 0x35,
    0x99, 0x35, 0x99, 0x35, 0x99, 0x2d, 0x79, 0x35, 0x79, 0x35, 0x99, 0x2d,
    0x99, 0x35, 0x79, 0x35, 0x99, 0x2d, 0x79, 0x35, 0x99, 0x35, 0x79, 0x35,
    0x99, 0x35, 0x99, 0x35, 0x99, 0x2d, 0x99, 0x35, 0x79, 0x35, 0x99, 0x35,
    0x99, 0x35, 0x99, 0x35, 0x99, 0x35, 0x99, 0x35, 0x99, 0x35, 0x79, 0x35,
    0x99, 0x2d, 0x79, 0x35, 0x79, 0x35, 0x99, 0x35, 0x79, 0x35, 0x79, 0x35,
    0x99, 0x35, 0xb9, 0x3d, 0xd9, 0x45, 0xfa, 0x4d, 0x1a, 0x56, 0xfa, 0x55,
    0xfa, 0x55, 0x1a, 0x56, 0x1a, 0x56, 0x1a, 0x5e, 0x3a, 0x66, 0x3a, 0x66,
    0x3a, 0x66, 0x5a, 0x66, 0x59, 0x66, 0x5a, 0x66, 0x5a, 0x66, 0x59, 0x66,
    0x3a, 0x66, 0x3a, 0x66, 0x39, 0x5e, 0x3a, 0x5e, 0x19, 0x5e, 0x1a, 0x56,
    0x1a, 0x56, 0x19, 0x56, 0x1a, 0x56, 0x1a, 0x56, 0xf9, 0x55, 0x19, 0x56,
    0xfa, 0x55, 0xfa, 0x4d, 0xf9, 0x4d, 0xfa, 0x4d, 0xf9, 0x4d, 0xfa, 0x4d,
    0x99, 0x35, 0x79, 0x35, 0x99, 0x35, 0x99, 0x35, 0x79, 0x2d, 0x99, 0x35,
    0x79, 0x35, 0x99, 0x35, 0x99, 0x35, 0x79, 0x35, 0x99, 0x35, 0x79, 0x35,
    0x79, 0x35, 0x79, 0x35, 0x99, 0x35, 0x99, 0x35, 0x99, 0x35, 0x79, 0x35,
    0x79, 0x35, 0x99, 0x35, 0x99, 0x35, 0x99, 0x35, 0x99, 0x35, 0x99, 0x35,
    0x99, 0x35, 0x9a, 0x35, 0x79, 0x35, 0x79, 0x35, 0x99, 0x35, 0x9a, 0x35,
    0x99, 0x35, 0x99, 0x35, 0x79, 0x35, 0x99, 0x35, 0x99, 0x35, 0x79, 0x35,
    0x99, 0x35, 0x99, 0x35, 0x99, 0x35, 0x99, 0x35, 0xb9, 0x3d, 0xb9, 0x3d,
    0xd9, 0x3d, 0xd9, 0x45, 0xf9, 0x4d, 0xf9, 0x4d, 0xfa, 0x4d, 0xf9, 0x4d,
    0xf9, 0x4d, 0xf9, 0x4d, 0x1a, 0x56, 0x19, 0x56, 0xf9, 0x55, 0xf9, 0x4d,
    0x1a, 0x56, 0x1a, 0x56, 0x1a, 0x56, 0xf9, 0x4d, 0x1a, 0x56, 0x1a, 0x56,
    0xf9, 0x4d, 0xf9, 0x4d, 0xda, 0x4d, 0xd9, 0x45, 0xb9, 0x3d, 0x99, 0x35,
    0x99, 0x35, 0x99, 0x35, 0x99, 0x35, 0x99, 0x35, 0x99, 0x35, 0x99, 0x35,
    0x99, 0x35, 0x99, 0x35, 0x99, 0x35, 0x99, 0x35, 0x9a, 0x35, 0x99, 0x35,
    0x99, 0x35, 0x99, 0x35, 0x99, 0x35, 0x99, 0x35, 0x99, 0x35, 0x99, 0x35,
    0x99, 0x35, 0x99, 0x35, 0x99, 0x35, 0x99, 0x35, 0x99, 0x35, 0x99, 0x35,
    0x79, 0x35, 0x99, 0x35, 0x99, 0x35, 0x99, 0x35, 0x99, 0x35, 0x79, 0x35,
    0x99, 0x35, 0x99, 0x35, 0x99, 0x35, 0x99, 0x35, 0x99, 0x35, 0x79, 0x35,
    0x99, 0x2d, 0x99, 0x35, 0x99, 0x35, 0x79, 0x35, 0x99, 0x35, 0x99, 0x35,
    0x99, 0x2d, 0x99, 0x35, 0x99, 0x35, 0x99, 0x35, 0x99, 0x35, 0x99, 0x35,
    0x99, 0x35, 0x99, 0x2d, 0x99, 0x35, 0x99, 0x35, 0x99, 0x35, 0x99, 0x2d,
    0x99, 0x35, 0x99, 0x35, 0x99, 0x2d, 0x99, 0x35, 0x99, 0x35, 0x99, 0x35,
    0x99, 0x35, 0x79, 0x2d, 0x99, 0x35, 0x99, 0x35, 0x99, 0x2d, 0x99, 0x35,
    0x99, 0x35, 0x99, 0x35, 0x99, 0x2d, 0x99, 0x35, 0x99, 0x35, 0x79, 0x2d,
    0x99, 0x2d, 0x99, 0x35, 0x99, 0x35, 0x79, 0x2d, 0x79, 0x35, 0x99, 0x35,
    0x99, 0x35, 0x99, 0x35, 0x99, 0x35, 0x79, 0x35, 0x79, 0x2d, 0x99, 0x35,
    0x99, 0x35, 0x99, 0x35, 0x99, 0x35, 0x99, 0x35, 0x99, 0x35, 0x79, 0x35,
    0x99, 0x35, 0x99, 0x35, 0x99, 0x35, 0x99, 0x35, 0x79, 0x35, 0x79, 0x35,
    0x99, 0x35, 0x99, 0x35, 0x79, 0x2d, 0x79, 0x2d, 0x99, 0x35, 0x99, 0x35,
    0x99, 0x2d, 0x99, 0x35, 0x99, 0x35, 0x99, 0x2d, 0x99, 0x35, 0x79, 0x35,
    0x99, 0x35, 0x99, 0x35, 0x99, 0x35, 0x99, 0x35, 0x99, 0x35, 0x99, 0x35,
    0x99, 0x2d, 0x99, 0x35, 0x99, 0x35, 0x99, 0x35, 0x99, 0x35, 0x99, 0x2d,
    0x99, 0x35, 0x99, 0x35, 0x79, 0x35, 0x99, 0x35, 0x99, 0x35, 0x79, 0x35,
    0x99, 0x35, 0x99, 0x35, 0x79, 0x35, 0x99, 0x2d, 0x99, 0x35, 0x99, 0x35,
    0x99, 0x35, 0x79, 0x35, 0x99, 0x35, 0x99, 0x35, 0x99, 0x35, 0x99, 0x3d,
    0xda, 0x45, 0xfa, 0x4d, 0x1a, 0x56, 0xfa, 0x55, 0x19, 0x56, 0x1a, 0x56,
    0x19, 0x56, 0x1a, 0x5e, 0x1a, 0x5e, 0x19, 0x5e, 0x3a, 0x5e, 0x3a, 0x5e,
    0x39, 0x66, 0x5a, 0x66, 0x3a, 0x66, 0x3a, 0x66, 0x5a, 0x66, 0x39, 0x5e,
    0x3a, 0x5e, 0x3a, 0x5e, 0x19, 0x5e, 0x1a, 0x56, 0x1a, 0x56, 0x19, 0x56,
    0x19, 0x56, 0x1a, 0x56, 0xf9, 0x55, 0xfa, 0x55, 0x1a, 0x56, 0xf9, 0x55,
    0xf9, 0x4d, 0xfa, 0x4d, 0xf9, 0x4d, 0xd9, 0x4d, 0xf9, 0x4d, 0xd9, 0x4d,
    0x99, 0x35, 0x79, 0x35, 0x79, 0x35, 0x99, 0x35, 0x79, 0x35, 0x99, 0x35,
    0x79, 0x35, 0x99, 0x35, 0x99, 0x35, 0x79, 0x35, 0x99, 0x35, 0x99, 0x35,
    0x9a, 0x35, 0x99, 0x35, 0x99, 0x35, 0x99, 0x35, 0x79, 0x35, 0x99, 0x35,
    0x99, 0x35, 0x99, 0x35, 0x99, 0x35, 0x7a, 0x35, 0x79, 0x35, 0x99, 0x35,
    0x99, 0x35, 0x99, 0x35, 0x99, 0x35, 0x99, 0x35, 0x99, 0x35, 0x99, 0x35,
    0x99, 0x35, 0x79, 0x35, 0x99, 0x35, 0x99, 0x35, 0x99, 0x35, 0x9a, 0x35,
    0x99, 0x35, 0x99, 0x35, 0x99, 0x35, 0x99, 0x35, 0x99, 0x35, 0x99, 0x35,
    0x99, 0x35, 0x99, 0x35, 0xb9, 0x35, 0xb9, 0x3d, 0xb9, 0x3d, 0xda, 0x3d,
    0xd9, 0x3d, 0xd9, 0x45, 0xda, 0x45, 0xd9, 0x45, 0xd9, 0x3d, 0xd9, 0x45,
    0xd9, 0x45, 0xd9, 0x45, 0xb9, 0x3d, 0xb9, 0x3d, 0xb9, 0x3d, 0xb9, 0x3d,
    0xb9, 0x3d, 0xb9, 0x3d, 0x99, 0x35, 0x99, 0x35, 0x99, 0x35, 0x99, 0x35,
    0x99, 0x35, 0x99, 0x35, 0x99, 0x35, 0x99, 0x35, 0x99, 0x35, 0x99, 0x35,
    0x99, 0x35, 0x99, 0x35, 0x99, 0x35, 0x99, 0x35, 0x99, 0x35, 0x99, 0x35,
    0x99, 0x35, 0x99, 0x35, 0x9a, 0x35, 0x99, 0x35, 0x99, 0x35, 0x99, 0x35,
    0x99, 0x35, 0x99, 0x35, 0x99, 0x35, 0x99, 0x35, 0x99, 0x35, 0x99, 0x35,
    0x99, 0x35, 0x99, 0x35, 0x99, 0x35, 0x99, 0x35, 0x99, 0x35, 0x9a, 0x35,
    0x99, 0x35, 0x99, 0x2d, 0x99, 0x35, 0x99, 0x35, 0x99, 0x2d, 0x79, 0x35,
    0x99, 0x35, 0x99, 0x35, 0x99, 0x35, 0x99, 0x35, 0x99, 0x35, 0x99, 0x2d,
    0x99, 0x35, 0x79, 0x35, 0x99, 0x35, 0x99, 0x35, 0x99, 0x35, 0x99, 0x35,
    0x99, 0x35, 0x99, 0x35, 0x99, 0x35, 0x99, 0x2d, 0x99, 0x35, 0x99, 0x35,
    0x99, 0x35, 0x79, 0x35, 0x99, 0x35, 0x99, 0x2d, 0x99, 0x35, 0x99, 0x35,
    0x99, 0x35, 0x99, 0x35, 0x99, 0x35, 0x99, 0x35, 0x99, 0x35, 0x99, 0x35,
    0x99, 0x35, 0x79, 0x35, 0x99, 0x35, 0x99, 0x35, 0x99, 0x35, 0x99, 0x2d,
    0x99, 0x35, 0x79, 0x35, 0x99, 0x35, 0x99, 0x35, 0x99, 0x35, 0x99, 0x35,
    0x79, 0x35, 0x99, 0x2d, 0x99, 0x35, 0x99, 0x35, 0x99, 0x35, 0x99, 0x35,
    0x99, 0x2d, 0x79, 0x35, 0x99, 0x35, 0x99, 0x35, 0x99, 0x35, 0x99, 0x35,
    0x99, 0x2d, 0x79, 0x35, 0x99, 0x35, 0x99, 0x35, 0x99, 0x35, 0x99, 0x35,
    0x99, 0x35, 0x99, 0x35, 0x99, 0x35, 0x99, 0x35, 0x99, 0x35, 0x79, 0x35,
    0x79, 0x35, 0x99, 0x35, 0x99, 0x35, 0x99, 0x35, 0x99, 0x35, 0x99, 0x2d,
    0x99, 0x35, 0x79, 0x2d, 0x99, 0x35, 0x99, 0x35, 0x99, 0x35, 0x99, 0x35,
    0x79, 0x35, 0x99, 0x35, 0x99, 0x35, 0x99, 0x35, 0x99, 0x2d, 0x99, 0x35,
    0x99, 0x35, 0x99, 0x35, 0x79, 0x35, 0x99, 0x35, 0x99, 0x35, 0x99, 0x35,
    0x99, 0x2d, 0x79, 0x35, 0x99, 0x35, 0x99, 0x35, 0x99, 0x35, 0x79, 0x35,
    0x99, 0x35, 0x99, 0x35, 0x99, 0x35, 0xba, 0x3d, 0xd9, 0x45, 0xfa, 0x4d,
    0xfa, 0x4d, 0x19, 0x56, 0x1a, 0x56, 0x19, 0x5e, 0x1a, 0x5e, 0x3a, 0x5e,
    0x3a, 0x5e, 0x39, 0x5e, 0x3a, 0x5e, 0x3a, 0x5e, 0x3a, 0x66, 0x3a, 0x5e,
    0x39, 0x66, 0x3a, 0x5e, 0x39, 0x5e, 0x3a, 0x5e, 0x3a, 0x5e, 0x3a, 0x5e,
    0x1a, 0x5e, 0x19, 0x5e, 0x1a, 0x5e, 0x1a, 0x56, 0x19, 0x56, 0x19, 0x56,
    0xfa, 0x55, 0xfa, 0x55, 0x19, 0x56, 0xf9, 0x4d, 0xf9, 0x4d, 0xf9, 0x4d,
    0xda, 0x4d, 0xf9, 0x4d, 0xda, 0x4d, 0xd9, 0x45, 0xda, 0x4d, 0xd9, 0x45,
    0x99, 0x35, 0x99, 0x35, 0x99, 0x35, 0x99, 0x35, 0x99, 0x35, 0x99, 0x35,
    0x99, 0x35, 0x99, 0x35, 0x99, 0x35, 0x99, 0x35, 0x99, 0x35, 0x99, 0x35,
    0x99, 0x35, 0x99, 0x35, 0x99, 0x35, 0x79, 0x35, 0x99, 0x35, 0x99, 0x35,
    0x7a, 0x35, 0x99, 0x35, 0x99, 0x35, 0x99, 0x35, 0x99, 0x35, 0x99, 0x35,
    0x99, 0x35, 0x79, 0x35, 0x9a, 0x35, 0x99, 0x35, 0x79, 0x35, 0x99, 0x35,
    0x99, 0x35, 0x79, 0x35, 0x99, 0x35, 0x99, 0x35, 0x99, 0x35, 0x99, 0x35,
    0x99, 0x35, 0x99, 0x35, 0x99, 0x35, 0x99, 0x35, 0x9a, 0x35, 0x99, 0x35,
    0x99, 0x35, 0x99, 0x35, 0x9a, 0x35, 0x99, 0x35, 0x99, 0x3d, 0x99, 0x35,
    0x99, 0x3d, 0x99, 0x35, 0x99, 0x35, 0x99, 0x35, 0x99, 0x35, 0x99, 0x35,
    0x99, 0x35, 0x99, 0x35, 0x99, 0x35, 0x99, 0x35, 0x99, 0x35, 0x99, 0x35,
    0x99, 0x35, 0x99, 0x35, 0x99, 0x35, 0x99, 0x35, 0x99, 0x35, 0x99, 0x35,
    0x9a, 0x35, 0x99, 0x35, 0x99, 0x35, 0x9a, 0x35, 0x99, 0x35, 0x99, 0x35,
    0x9a, 0x35, 0x99, 0x35, 0x99, 0x35, 0x99, 0x35, 0x99, 0x35, 0x99, 0x35,
    0x99, 0x35, 0x99, 0x35, 0x99, 0x35, 0x99, 0x35, 0x99, 0x35, 0x99, 0x35,
    0x99, 0x35, 0x99, 0x35, 0x99, 0x35, 0x99, 0x35, 0x99, 0x35, 0x99, 0x35,
    0x99, 0x35, 0x9a, 0x35, 0x99, 0x35, 0x99, 0x2d, 0x99, 0x35, 0x99, 0x35,
    0x99, 0x35, 0x99, 0x35, 0x99, 0x35, 0x99, 0x35, 0x99, 0x35, 0x99, 0x35,
    0x99, 0x35, 0x99, 0x35, 0x99, 0x35, 0x99, 0x35, 0x99, 0x35, 0x99, 0x35,
    0x99, 0x35, 0x99, 0x35, 0x99, 0x2d, 0x99, 0x35, 0x99, 0x35, 0x99, 0x35,
    0x79, 0x35, 0x99, 0x35, 0x99, 0x35, 0x79, 0x35, 0x99, 0x35, 0x99, 0x35,
    0x99, 0x35, 0x79, 0x35, 0x99, 0x35, 0x99, 0x35, 0x99, 0x35, 0x99, 0x2d,
    0x99, 0x35, 0x99, 0x35, 0x99, 0x35, 0x99, 0x35, 0x99, 0x35, 0x79, 0x35,
    0x99, 0x35, 0x99, 0x35, 0x99, 0x35, 0x99, 0x2d, 0x79, 0x35, 0x99, 0x35,
    0x99, 0x35, 0x99, 0x35, 0x99, 0x2d, 0x99, 0x35, 0x99, 0x2d, 0x99, 0x35,
    0x99, 0x35, 0x99, 0x35, 0x99, 0x35, 0x99, 0x2d, 0x99, 0x35, 0x99, 0x35,
    0x99, 0x35, 0x99, 0x35, 0x79, 0x35, 0x99, 0x2d, 0x99, 0x35, 0x99, 0x35,
    0x99, 0x2d, 0x99, 0x35, 0x99, 0x2d, 0x99, 0x35, 0x99, 0x2d, 0x99, 0x35,
    0x99, 0x35, 0x99, 0x35, 0x99, 0x35, 0x99, 0x35, 0x99, 0x35, 0x99, 0x35,
    0x99, 0x35, 0x99, 0x35, 0x99, 0x35, 0x99, 0x35, 0x99, 0x35, 0x99, 0x35,
    0x99, 0x35, 0x79, 0x35, 0x99, 0x35, 0x99, 0x35, 0x99, 0x2d, 0x79, 0x35,
    0x99, 0x35, 0x99, 0x35, 0x79, 0x35, 0x99, 0x35, 0x99, 0x35, 0x79, 0x35,
    0x99, 0x35, 0x99, 0x35, 0x99, 0x35, 0x99, 0x2d, 0x99, 0x35, 0x79, 0x35,
    0x99, 0x35, 0x99, 0x35, 0x99, 0x35, 0x99, 0x35, 0x99, 0x35, 0x9a, 0x35,
    0xb9, 0x3d, 0xba, 0x3d, 0xd9, 0x45, 0xd9, 0x45, 0xda, 0x4d, 0xf9, 0x4d,
    0x19, 0x56, 0x1a, 0x56, 0x3a, 0x5e, 0x39, 0x5e, 0x3a, 0x5e, 0x3a, 0x5e,
    0x39, 0x66, 0x3a, 0x66, 0x39, 0x5e, 0x3a, 0x66, 0x39, 0x5e, 0x3a, 0x5e,
    0x3a, 0x5e, 0x39, 0x5e, 0x3a, 0x5e, 0x19, 0x5e, 0x39, 0x5e, 0x19, 0x5e,
    0x1a, 0x5e, 0x19, 0x56, 0x1a, 0x56, 0x19, 0x56, 0x19, 0x56, 0xfa, 0x55,
    0x1a, 0x56, 0xf9, 0x4d, 0xfa, 0x4d, 0xfa, 0x4d, 0xd9, 0x4d, 0xda, 0x45,
    0xd9, 0x45, 0xda, 0x45, 0xd9, 0x45, 0xd9, 0x45, 0xda, 0x45, 0xb9, 0x45,
    0x99, 0x35, 0x99, 0x35, 0x99, 0x35, 0x99, 0x35, 0x99, 0x35, 0x9a, 0x35,
    0x99, 0x35, 0x79, 0x35, 0x99, 0x35, 0x9a, 0x35, 0x99, 0x35, 0x79, 0x35,
    0x99, 0x35, 0x99, 0x35, 0x99, 0x35, 0x9a, 0x35, 0x99, 0x35, 0x99, 0x35,
    0x99, 0x35, 0x99, 0x35, 0x99, 0x35, 0x99, 0x35, 0x9a, 0x35, 0x99, 0x35,
    0x99, 0x35, 0x99, 0x35, 0x99, 0x35, 0x99, 0x35, 0x99, 0x2d, 0x99, 0x35,
    0x99, 0x35, 0x9a, 0x35, 0x99, 0x35, 0x99, 0x35, 0x99, 0x35, 0x99, 0x35,
    0x99, 0x35, 0x99, 0x35, 0x99, 0x35, 0x99, 0x35, 0x99, 0x35, 0x9a, 0x35,
    0x99, 0x35, 0x99, 0x35, 0x99, 0x35, 0x99, 0x35, 0x99, 0x35, 0x99, 0x35,
    0x99, 0x35, 0x99, 0x35, 0x9a, 0x35, 0x99, 0x35, 0x99, 0x35, 0x99, 0x35,
    0x9a, 0x35, 0x99, 0x35, 0x99, 0x35, 0xb9, 0x35, 0x9a, 0x35, 0x99, 0x35,
    0x99, 0x35, 0x99, 0x35, 0x99, 0x35, 0x99, 0x35, 0x99, 0x35, 0x99, 0x35,
    0x99, 0x35, 0x99, 0x35, 0xb9, 0x35, 0x99, 0x35, 0x99, 0x35, 0x99, 0x35,
    0x99, 0x35, 0x99, 0x35, 0x99, 0x35, 0x9a, 0x35, 0x99, 0x35, 0x99, 0x35,
    0x9a, 0x35, 0x99, 0x35, 0xb9, 0x35, 0x99, 0x35, 0x99, 0x35, 0x99, 0x35,
    0x9a, 0x35, 0x99, 0x35, 0x99, 0x35, 0x9a, 0x35, 0x9a, 0x35, 0x99, 0x35,
    0x99, 0x35, 0x99, 0x35, 0x99, 0x35, 0x99, 0x35, 0x99, 0x35, 0x99, 0x35,
    0x99, 0x35, 0x99, 0x35, 0x9a, 0x35, 0x99, 0x35, 0x99, 0x35, 0x99, 0x35,
    0x99, 0x35, 0x99, 0x35, 0x99, 0x35, 0x99, 0x35, 0x99, 0x35, 0x99, 0x35,
    0x99, 0x35, 0x99, 0x35, 0x99, 0x35, 0x99, 0x35, 0x99, 0x35, 0x99, 0x35,
    0x99, 0x2d, 0x99, 0x35, 0x99, 0x35, 0x99, 0x35, 0x99, 0x35, 0x99, 0x35,
    0x99, 0x35, 0x99, 0x35, 0x99, 0x35, 0x99, 0x35, 0x99, 0x35, 0x99, 0x35,
    0x99, 0x35, 0x99, 0x35, 0x99, 0x2d, 0x99, 0x35, 0x99, 0x35, 0x99, 0x35,
    0x99, 0x35, 0x99, 0x2d, 0x99, 0x35, 0x99, 0x35, 0x99, 0x35, 0x99, 0x35,
    0x99, 0x35, 0x99, 0x2d, 0x99, 0x35, 0x99, 0x35, 0x99, 0x35, 0x99, 0x35,
    0x99, 0x35, 0x99, 0x35, 0x99, 0x35, 0x99, 0x35, 0x79, 0x35, 0x99, 0x35,
    0x99, 0x35, 0x99, 0x35, 0x99, 0x35, 0x99, 0x35, 0x99, 0x35, 0x99, 0x35,
    0x79, 0x35, 0x99, 0x35, 0x99, 0x35, 0x99, 0x35, 0x99, 0x35, 0x99, 0x2d,
    0x79, 0x35, 0x99, 0x35, 0x99, 0x35, 0x99, 0x2d, 0x99, 0x35, 0x99, 0x35,
    0x99, 0x2d, 0x99, 0x35, 0x99, 0x35, 0x99, 0x35, 0x99, 0x35, 0x99, 0x35,
    0x99, 0x35, 0x99, 0x35, 0x99, 0x35, 0x99, 0x35, 0x99, 0x35, 0x99, 0x35,
    0x99, 0x35, 0x99, 0x35, 0x99, 0x35, 0x99, 0x35, 0x99, 0x35, 0x99, 0x35,
    0x99, 0x35, 0x99, 0x35, 0x99, 0x35, 0x99, 0x35, 0x99, 0x35, 0x99, 0x35,
    0x99, 0x35, 0x9a, 0x35, 0x99, 0x35, 0xb9, 0x35, 0xba, 0x3d, 0xba, 0x3d,
    0xb9, 0x3d, 0xd9, 0x45, 0xda, 0x45, 0xfa, 0x4d, 0x19, 0x56, 0x1a, 0x56,
    0x3a, 0x5e, 0x1a, 0x5e, 0x3a, 0x5e, 0x3a, 0x66, 0x3a, 0x5e, 0x39, 0x5e,
    0x3a, 0x5e, 0x3a, 0x5e, 0x3a, 0x66, 0x3a, 0x5e, 0x3a, 0x5e, 0x39, 0x5e,
    0x3a, 0x5e, 0x1a, 0x5e, 0x3a, 0x5e, 0x1a, 0x5e, 0x1a, 0x56, 0x1a, 0x56,
    0x19, 0x56, 0x1a, 0x56, 0x19, 0x56, 0xfa, 0x55, 0xfa, 0x4d, 0xf9, 0x4d,
    0xf9, 0x4d, 0xf9, 0x4d, 0xf9, 0x4d, 0xfa, 0x4d, 0xd9, 0x45, 0xda, 0x45,
    0xd9, 0x45, 0xd9, 0x45, 0xba, 0x3d, 0xb9, 0x3d, 0xb9, 0x3d, 0xba, 0x45,
    0x99, 0x35, 0x99, 0x35, 0x79, 0x35, 0x99, 0x35, 0x99, 0x2d, 0x79, 0x35,
    0x99, 0x35, 0x99, 0x35, 0x99, 0x35, 0x99, 0x35, 0x99, 0x35, 0x99, 0x35,
    0x9a, 0x35, 0x99, 0x35, 0x99, 0x35, 0x99, 0x35, 0x99, 0x35, 0x99, 0x35,
    0x99, 0x35, 0x99, 0x35, 0x99, 0x35, 0x99, 0x35, 0x99, 0x35, 0x99, 0x35,
    0x99, 0x35, 0x99, 0x2d, 0x99, 0x35, 0x99, 0x35, 0x7a, 0x35, 0x99, 0x35,
    0x99, 0x35, 0x99, 0x35, 0x99, 0x35, 0x99, 0x35, 0x99, 0x35, 0x9a, 0x35,
    0x99, 0x35, 0x99, 0x35, 0x99, 0x35, 0x99, 0x35, 0x99, 0x35, 0x99, 0x35,
    0xb9, 0x35, 0x99, 0x35, 0x99, 0x35, 0x99, 0x35, 0x99, 0x35, 0xb9, 0x35,
    0x99, 0x35, 0x99, 0x35, 0x99, 0x35, 0x99, 0x35, 0x99, 0x35, 0x99, 0x35,
    0xb9, 0x35, 0x99, 0x35, 0x99, 0x35, 0x99, 0x35, 0xb9, 0x35, 0x99, 0x35,
    0x99, 0x35, 0xb9, 0x35, 0x9a, 0x35, 0xba, 0x35, 0x99, 0x35, 0x99, 0x35,
    0xb9, 0x35, 0x99, 0x35, 0x99, 0x35, 0xb9, 0x35, 0x99, 0x35, 0xb9, 0x35,
    0x99, 0x35, 0xb9, 0x35, 0x99, 0x35, 0x99, 0x35, 0xb9, 0x35, 0x99, 0x35,
    0x99, 0x35, 0xb9, 0x35, 0x99, 0x35, 0x9a, 0x35, 0x99, 0x35, 0xb9, 0x35,
    0x99, 0x35, 0x99, 0x35, 0x99, 0x35, 0x99, 0x35, 0x99, 0x35, 0x99, 0x35,
    0x99, 0x35, 0x99, 0x35, 0xb9, 0x35, 0x99, 0x35, 0x9a, 0x35, 0x99, 0x35,
    0x99, 0x35, 0x99, 0x35, 0x99, 0x35, 0x99, 0x35, 0x99, 0x35, 0xba, 0x35,
    0x9a, 0x35, 0x99, 0x35, 0x99, 0x2d, 0x99, 0x35, 0x9a, 0x35, 0x99, 0x35,
    0x99, 0x2d, 0x99, 0x35, 0x99, 0x35, 0x99, 0x35, 0x99, 0x35, 0x99, 0x35,
    0x99, 0x35, 0x99, 0x35, 0x99, 0x35, 0x99, 0x35, 0x99, 0x35, 0x99, 0x35,
    0x99, 0x2d, 0x99, 0x35, 0x99, 0x35, 0x99, 0x35, 0x99, 0x35, 0x99, 0x35,
    0x99, 0x35, 0x99, 0x35, 0x99, 0x35, 0x99, 0x35, 0x99, 0x2d, 0x99, 0x2d,
    0x99, 0x35, 0x99, 0x35, 0x99, 0x35, 0x99, 0x35, 0x99, 0x35, 0x99, 0x35,
    0x99, 0x35, 0x99, 0x35, 0x99, 0x35, 0x79, 0x35, 0x99, 0x35, 0x99, 0x2d,
    0x99, 0x35, 0x99, 0x35, 0x99, 0x35, 0x99, 0x35, 0x99, 0x35, 0x99, 0x35,
    0x99, 0x2d, 0x99, 0x35, 0x99, 0x35, 0x99, 0x35, 0x99, 0x35, 0x99, 0x35,
    0x99, 0x35, 0x99, 0x35, 0x99, 0x35, 0x99, 0x35, 0x99, 0x35, 0x99, 0x35,
    0x99, 0x35, 0x99, 0x35, 0x99, 0x35, 0x99, 0x35, 0x9a, 0x35, 0x99, 0x35,
    0x99, 0x35, 0x9a, 0x35, 0x99, 0x35, 0x99, 0x2d, 0x9a, 0x35, 0x99, 0x35,
    0x99, 0x35, 0x99, 0x2d, 0x99, 0x35, 0x99, 0x35, 0x99, 0x35, 0x99, 0x35,
    0x99, 0x35, 0x99, 0x35, 0x99, 0x35, 0x9a, 0x35, 0x99, 0x35, 0x99, 0x35,
    0x99, 0x35, 0x99, 0x35, 0x99, 0x35, 0x9a, 0x35, 0x99, 0x35, 0x99, 0x35,
    0x99, 0x35, 0xba, 0x3d, 0xda, 0x3d, 0xd9, 0x3d, 0xd9, 0x45, 0xd9, 0x45,
    0xfa, 0x4d, 0xfa, 0x4d, 0x1a, 0x56, 0x19, 0x56, 0x1a, 0x56, 0x1a, 0x5e,
    0x39, 0x5e, 0x39, 0x5e, 0x39, 0x5e, 0x3a, 0x5e, 0x19, 0x5e, 0x3a, 0x5e,
    0x3a, 0x5e, 0x39, 0x5e, 0x3a, 0x5e, 0x39, 0x5e, 0x1a, 0x5e, 0x19, 0x5e,
    0x1a, 0x56, 0x19, 0x56, 0x19, 0x56, 0x1a, 0x56, 0x19, 0x56, 0x1a, 0x56,
    0x1a, 0x56, 0xf9, 0x55, 0xfa, 0x4d, 0xf9, 0x4d, 0xfa, 0x4d, 0xfa, 0x4d,
    0xf9, 0x4d, 0xfa, 0x4d, 0xda, 0x4d, 0xd9, 0x45, 0xd9, 0x45, 0xb9, 0x45,
    0xba, 0x3d, 0xb9, 0x3d, 0xba, 0x3d, 0xb9, 0x3d, 0xb9, 0x3d, 0xb9, 0x3d,
    0x99, 0x35, 0x99, 0x35, 0x99, 0x35, 0x99, 0x35, 0x99, 0x35, 0x99, 0x35,
    0x99, 0x35, 0x99, 0x35, 0x99, 0x35, 0x99, 0x35, 0x99, 0x35, 0x99, 0x35,
    0x99, 0x35, 0x99, 0x35, 0x99, 0x35, 0x99, 0x35, 0x9a, 0x35, 0x99, 0x35,
    0x99, 0x35, 0x9a, 0x35, 0x99, 0x35, 0x99, 0x35, 0x99, 0x35, 0x99, 0x35,
    0x99, 0x35, 0x9a, 0x35, 0x99, 0x35, 0x99, 0x35, 0x99, 0x35, 0x99, 0x35,
    0x99, 0x35, 0x99, 0x35, 0x99, 0x35, 0x99, 0x35, 0x99, 0x35, 0x99, 0x35,
    0x99, 0x35, 0x9a, 0x35, 0x99, 0x35, 0xb9, 0x35, 0x99, 0x35, 0x99, 0x35,
    0x9a, 0x35, 0xb9, 0x35, 0x99, 0x35, 0x99, 0x35, 0xba, 0x35, 0x99, 0x35,
    0xba, 0x35, 0x99, 0x35, 0xb9, 0x35, 0xb9, 0x3d, 0xba, 0x35, 0xb9, 0x35,
    0xb9, 0x3d, 0xb9, 0x35, 0xba, 0x35, 0x99, 0x35, 0x99, 0x35, 0x99, 0x35,
    0xb9, 0x35, 0xb9, 0x35, 0x99, 0x35, 0x99, 0x35, 0x99, 0x35, 0x9a, 0x35,
    0xb9, 0x35, 0xb9, 0x35, 0x9a, 0x35, 0x9a, 0x35, 0x99, 0x35, 0x99, 0x35,
    0xba, 0x3d, 0xb9, 0x35, 0x99, 0x35, 0x9a, 0x35, 0xb9, 0x35, 0x99, 0x35,
    0xba, 0x35, 0xb9, 0x35, 0x99, 0x35, 0x99, 0x35, 0x99, 0x35, 0xb9, 0x35,
    0x99, 0x35, 0x99, 0x35, 0xb9, 0x35, 0xb9, 0x35, 0x99, 0x35, 0x99, 0x35,
    0x99, 0x35, 0x99, 0x35, 0x99, 0x35, 0x99, 0x35, 0x99, 0x35, 0x99, 0x35,
    0x99, 0x35, 0x99, 0x35, 0x99, 0x35, 0xb9, 0x35, 0xb9, 0x35, 0x99, 0x35,
    0x99, 0x35, 0x99, 0x35, 0x99, 0x35, 0x99, 0x35, 0x99, 0x35, 0x99, 0x35,
    0xb9, 0x35, 0x99, 0x35, 0x99, 0x35, 0x9a, 0x35, 0x99, 0x35, 0x99, 0x35,
    0x99, 0x35, 0x9a, 0x35, 0xb9, 0x35, 0x99, 0x35, 0x99, 0x35, 0x99, 0x35,
    0x9a, 0x35, 0x99, 0x35, 0x99, 0x35, 0xba, 0x35, 0x99, 0x35, 0x99, 0x35,
    0x99, 0x35, 0x99, 0x35, 0x99, 0x35, 0x99, 0x35, 0x99, 0x35, 0x99, 0x35,
    0xba, 0x35, 0x99, 0x35, 0x99, 0x35, 0x99, 0x35, 0x9a, 0x35, 0x99, 0x35,
    0x99, 0x35, 0x99, 0x35, 0x99, 0x35, 0x99, 0x35, 0x99, 0x35, 0x99, 0x35,
    0x99, 0x35, 0x99, 0x35, 0x99, 0x35, 0x99, 0x35, 0x99, 0x35, 0x99, 0x35,
    0x99, 0x2d, 0x99, 0x35, 0x99, 0x35, 0x99, 0x2d, 0x9a, 0x35, 0x99, 0x35,
    0x99, 0x35, 0x9a, 0x35, 0x99, 0x35, 0x99, 0x35, 0x99, 0x35, 0x99, 0x35,
    0x99, 0x35, 0x9a, 0x35, 0x99, 0x35, 0x99, 0x35, 0x99, 0x35, 0x9a, 0x35,
    0x99, 0x35, 0x99, 0x35, 0x99, 0x35, 0x99, 0x35, 0x99, 0x35, 0x99, 0x35,
    0x99, 0x35, 0x99, 0x35, 0x99, 0x35, 0x99, 0x35, 0x99, 0x35, 0x99, 0x35,
    0x99, 0x35, 0x99, 0x35, 0x99, 0x35, 0x99, 0x35, 0x99, 0x35, 0x99, 0x35,
    0x9a, 0x35, 0x99, 0x35, 0x99, 0x35, 0xb9, 0x35, 0xba, 0x35, 0xb9, 0x35,
    0xd9, 0x45, 0xda, 0x45, 0xda, 0x45, 0xf9, 0x4d, 0xfa, 0x4d, 0xfa, 0x4d,
    0x19, 0x56, 0x1a, 0x56, 0x19, 0x56, 0x1a, 0x56, 0x19, 0x56, 0x1a, 0x56,
    0x1a, 0x56, 0x1a, 0x56, 0x19, 0x56, 0x1a, 0x56, 0x19, 0x5e, 0x1a, 0x5e,
    0x1a, 0x56, 0x19, 0x56, 0x1a, 0x56, 0x1a, 0x56, 0x19, 0x56, 0x1a, 0x56,
    0x1a, 0x56, 0xf9, 0x55, 0x1a, 0x56, 0x19, 0x56, 0x19, 0x56, 0xf9, 0x55,
    0x1a, 0x56, 0x19, 0x56, 0xf9, 0x4d, 0xfa, 0x4d, 0xf9, 0x4d, 0xf9, 0x4d,
    0xda, 0x45, 0xda, 0x45, 0xd9, 0x45, 0xb9, 0x3d, 0xba, 0x3d, 0xb9, 0x3d,
    0xb9, 0x3d, 0xb9, 0x3d, 0xb9, 0x3d, 0xb9, 0x3d, 0xba, 0x3d, 0xb9, 0x3d,
    0x99, 0x35, 0x99, 0x35, 0x99, 0x35, 0x9a, 0x35, 0x99, 0x35, 0x99, 0x35,
    0x9a, 0x35, 0x9a, 0x35, 0x99, 0x35, 0x99, 0x35, 0x9a, 0x35, 0x99, 0x35,
    0x99, 0x35, 0x99, 0x35, 0xba, 0x35, 0xb9, 0x3d, 0xb9, 0x3d, 0xb9, 0x3d,
    0x99, 0x35, 0x99, 0x35, 0x99, 0x35, 0x99, 0x35, 0x9a, 0x35, 0x99, 0x35,
    0x99, 0x35, 0x99, 0x35, 0x99, 0x35, 0x99, 0x35, 0x99, 0x35, 0x99, 0x35,
    0x99, 0x35, 0x99, 0x35, 0x9a, 0x35, 0x99, 0x35, 0x99, 0x35, 0x99, 0x35,
    0x99, 0x35, 0x99, 0x35, 0xba, 0x35, 0xb9, 0x35, 0x99, 0x35, 0x99, 0x35,
    0xba, 0x35, 0x99, 0x35, 0xb9, 0x3d, 0xb9, 0x35, 0xb9, 0x35, 0x99, 0x35,
    0xb9, 0x35, 0x99, 0x35, 0xb9, 0x35, 0x99, 0x35, 0x9a, 0x35, 0x99, 0x35,
    0x99, 0x35, 0x99, 0x35, 0x99, 0x35, 0xb9, 0x3d, 0xb9, 0x35, 0x99, 0x35,
    0xb9, 0x35, 0x99, 0x35, 0xb9, 0x35, 0xb9, 0x3d, 0x99, 0x35, 0x99, 0x35,
    0x99, 0x35, 0xb9, 0x35, 0xb9, 0x35, 0x99, 0x35, 0xb9, 0x35, 0x99, 0x35,
    0xb9, 0x35, 0x9a, 0x35, 0x99, 0x35, 0x99, 0x35, 0x99, 0x35, 0xb9, 0x35,
    0x99, 0x35, 0xb9, 0x35, 0xb9, 0x35, 0xb9, 0x35, 0xba, 0x35, 0xb9, 0x35,
    0xba, 0x35, 0x99, 0x35, 0xb9, 0x35, 0x99, 0x35, 0xb9, 0x35, 0xb9, 0x35,
    0xba, 0x35, 0xba, 0x35, 0xb9, 0x35, 0x99, 0x35, 0x99, 0x35, 0xb9, 0x35,
    0x9a, 0x35, 0xba, 0x35, 0xb9, 0x35, 0x9a, 0x35, 0x99, 0x35, 0x99, 0x35,
    0x99, 0x35, 0xb9, 0x35, 0xba, 0x35, 0xb9, 0x35, 0x99, 0x35, 0x99, 0x35,
    0xba, 0x35, 0x99, 0x35, 0xb9, 0x35, 0xb9, 0x35, 0xb9, 0x35, 0x99, 0x35,
    0xb9, 0x35, 0x99, 0x35, 0xb9, 0x35, 0x99, 0x35, 0xb9, 0x35, 0xb9, 0x35,
    0x99, 0x35, 0x99, 0x35, 0x99, 0x35, 0x99, 0x35, 0xba, 0x35, 0x99, 0x35,
    0x99, 0x35, 0x99, 0x35, 0x99, 0x35, 0x99, 0x35, 0x99, 0x35, 0xba, 0x35,
    0x99, 0x35, 0x99, 0x35, 0x99, 0x35, 0x99, 0x35, 0x99, 0x35, 0x99, 0x35,
    0x99, 0x35, 0x9a, 0x35, 0xb9, 0x35, 0x99, 0x35, 0x99, 0x35, 0x9a, 0x35,
    0x99, 0x35, 0x99, 0x35, 0x9a, 0x35, 0x99, 0x35, 0x99, 0x35, 0x99, 0x35,
    0x99, 0x35, 0x99, 0x35, 0x99, 0x35, 0x9a, 0x35, 0x99, 0x35, 0x99, 0x35,
    0x99, 0x35, 0x99, 0x35, 0x99, 0x35, 0x99, 0x35, 0x9a, 0x35, 0x99, 0x35,
    0x99, 0x35, 0xb9, 0x35, 0x9a, 0x35, 0x99, 0x35, 0x99, 0x35, 0x99, 0x35,
    0x99, 0x35, 0x99, 0x35, 0x99, 0x35, 0x99, 0x35, 0x99, 0x35, 0x99, 0x35,
    0x9a, 0x35, 0x9a, 0x35, 0xb9, 0x35, 0x99, 0x35, 0x9a, 0x35, 0x9a, 0x35,
    0xb9, 0x35, 0x99, 0x35, 0x99, 0x35, 0x99, 0x35, 0x9a, 0x35, 0x99, 0x35,
    0x99, 0x35, 0xba, 0x35, 0xb9, 0x35, 0x99, 0x35, 0x99, 0x35, 0xb9, 0x3d,
    0xda, 0x3d, 0xd9, 0x45, 0xd9, 0x45, 0xd9, 0x45, 0xfa, 0x4d, 0xf9, 0x4d,
    0xf9, 0x4d, 0xfa, 0x4d, 0xfa, 0x4d, 0xf9, 0x4d, 0xfa, 0x55, 0x19, 0x4e,
    0xf9, 0x55, 0xfa, 0x55, 0xfa, 0x4d, 0xf9, 0x4d, 0x19, 0x56, 0x1a, 0x56,
    0xf9, 0x4d, 0xf9, 0x55, 0x1a, 0x56, 0xfa, 0x55, 0xf9, 0x4d, 0x1a, 0x56,
    0xfa, 0x4d, 0xf9, 0x4d, 0xfa, 0x4d, 0xfa, 0x4d, 0xfa, 0x4d, 0xf9, 0x4d,
    0xfa, 0x4d, 0xf9, 0x4d, 0xfa, 0x4d, 0xd9, 0x4d, 0xd9, 0x45, 0xda, 0x45,
    0xb9, 0x45, 0xb9, 0x3d, 0xb9, 0x3d, 0xba, 0x3d, 0xb9, 0x3d, 0xb9, 0x35,
    0x9a, 0x35, 0x99, 0x35, 0x99, 0x35, 0xba, 0x35, 0x99, 0x35, 0x99, 0x35,
    0x99, 0x35, 0x99, 0x35, 0x99, 0x35, 0xb9, 0x35, 0x99, 0x35, 0x99, 0x35,
    0x99, 0x35, 0x99, 0x35, 0x99, 0x35, 0xb9, 0x35, 0xb9, 0x35, 0xb9, 0x3d,
    0xba, 0x3d, 0xda, 0x3d, 0xd9, 0x45, 0xda, 0x45, 0xd9, 0x45, 0xfa, 0x45,
    0xda, 0x45, 0xb9, 0x3d, 0xb9, 0x35, 0xba, 0x35, 0x99, 0x35, 0x99, 0x35,
    0xb9, 0x35, 0x99, 0x35, 0x99, 0x35, 0x99, 0x35, 0x99, 0x35, 0x9a, 0x35,
    0x99, 0x35, 0x99, 0x35, 0x99, 0x35, 0x99, 0x35, 0x99, 0x35, 0xba, 0x35,
    0x99, 0x35, 0xb9, 0x3d, 0x99, 0x35, 0xb9, 0x3d, 0x99, 0x35, 0xb9, 0x3d,
    0xb9, 0x35, 0x99, 0x35, 0x99, 0x35, 0xb9, 0x3d, 0x99, 0x35, 0xb9, 0x3d,
    0x99, 0x35, 0xba, 0x3d, 0xb9, 0x35, 0x99, 0x35, 0x99, 0x35, 0x99, 0x35,
    0xb9, 0x35, 0xb9, 0x35, 0x99, 0x35, 0xb9, 0x35, 0x9a, 0x3d, 0x99, 0x35,
    0xb9, 0x35, 0x9a, 0x35, 0x99, 0x35, 0xb9, 0x3d, 0xb9, 0x35, 0xb9, 0x35,
    0x99, 0x3d, 0x99, 0x35, 0xb9, 0x35, 0xb9, 0x3d, 0x99, 0x35, 0xb9, 0x35,
    0xb9, 0x3d, 0x99, 0x35, 0xb9, 0x35, 0xb9, 0x35, 0xb9, 0x35, 0x9a, 0x35,
    0xb9, 0x3d, 0x99, 0x35, 0x99, 0x35, 0x99, 0x35, 0x99, 0x35, 0x99, 0x35,
    0xb9, 0x35, 0x99, 0x35, 0x99, 0x35, 0xba, 0x35, 0x99, 0x35, 0xb9, 0x35,
    0x99, 0x35, 0xb9, 0x35, 0x99, 0x35, 0xb9, 0x35, 0xb9, 0x35, 0x99, 0x35,
    0xb9, 0x35, 0x99, 0x35, 0xb9, 0x35, 0x99, 0x35, 0xb9, 0x35, 0xba, 0x35,
    0xb9, 0x35, 0xb9, 0x35, 0x99, 0x35, 0x99, 0x35, 0xba, 0x35, 0xb9, 0x35,
    0x99, 0x35, 0x9a, 0x35, 0xb9, 0x35, 0x99, 0x35, 0x99, 0x35, 0x99, 0x35,
    0xb9, 0x35, 0xb9, 0x35, 0x99, 0x35, 0xba, 0x35, 0xba, 0x35, 0x99, 0x35,
    0x99, 0x35, 0xba, 0x35, 0x99, 0x35, 0x99, 0x35, 0xb9, 0x35, 0x99, 0x35,
    0x99, 0x35, 0xba, 0x35, 0x99, 0x35, 0x99, 0x35, 0xb9, 0x35, 0x99, 0x35,
    0xb9, 0x35, 0x99, 0x35, 0x99, 0x35, 0xb9, 0x35, 0x9a, 0x35, 0x99, 0x35,
    0x99, 0x35, 0xb9, 0x35, 0xb9, 0x35, 0xb9, 0x35, 0x99, 0x35, 0x99, 0x35,
    0xb9, 0x35, 0x99, 0x35, 0x99, 0x35, 0xba, 0x35, 0xb9, 0x35, 0x99, 0x35,
    0xba, 0x35, 0x99, 0x35, 0xb9, 0x35, 0xb9, 0x35, 0x99, 0x35, 0x99, 0x35,
    0xb9, 0x35, 0x99, 0x35, 0x99, 0x35, 0xb9, 0x35, 0x99, 0x35, 0x99, 0x35,
    0x99, 0x35, 0xb9, 0x35, 0xb9, 0x35, 0x99, 0x35, 0x99, 0x35, 0xb9, 0x35,
    0xb9, 0x35, 0xb9, 0x35, 0xb9, 0x35, 0x99, 0x35, 0x99, 0x35, 0x99, 0x35,
    0x99, 0x35, 0x99, 0x35, 0xb9, 0x35, 0xb9, 0x35, 0xb9, 0x35, 0x99, 0x35,
    0xb9, 0x35, 0x99, 0x35, 0xb9, 0x35, 0x99, 0x35, 0xb9, 0x35, 0x99, 0x35,
    0xb9, 0x35, 0xb9, 0x35, 0x99, 0x35, 0x99, 0x35, 0xb9, 0x35, 0x99, 0x35,
    0xb9, 0x35, 0xb9, 0x35, 0x99, 0x3d, 0xb9, 0x3d, 0xba, 0x3d, 0xb9, 0x3d,
    0xb9, 0x3d, 0xb9, 0x3d, 0xd9, 0x3d, 0xb9, 0x3d, 0xd9, 0x45, 0xd9, 0x45,
    0xd9, 0x45, 0xd9, 0x45, 0xd9, 0x45, 0xd9, 0x45, 0xda, 0x45, 0xd9, 0x45,
    0xd9, 0x45, 0xd9, 0x45, 0xd9, 0x45, 0xd9, 0x45, 0xd9, 0x45, 0xd9, 0x45,
    0xd9, 0x45, 0xd9, 0x45, 0xd9, 0x45, 0xd9, 0x45, 0xda, 0x45, 0xd9, 0x45,
    0xb9, 0x3d, 0xb9, 0x3d, 0xb9, 0x3d, 0xb9, 0x3d, 0x99, 0x35, 0xb9, 0x3d,
    0xb9, 0x3d, 0x99, 0x35, 0x99, 0x35, 0x99, 0x35, 0x99, 0x35, 0xb9, 0x3d,
    0x9a, 0x35, 0x99, 0x35, 0x99, 0x35, 0x99, 0x35, 0x99, 0x35, 0x99, 0x35,
    0xb9, 0x35, 0x99, 0x35, 0x99, 0x35, 0xb9, 0x35, 0x99, 0x35, 0xba, 0x3d,
    0x99, 0x35, 0xb9, 0x35, 0xb9, 0x35, 0xb9, 0x3d, 0xba, 0x3d, 0xd9, 0x45,
    0xf9, 0x4d, 0x19, 0x56, 0x1a, 0x5e, 0x39, 0x5e, 0x3a, 0x5e, 0x3a, 0x5e,
    0x39, 0x5e, 0xf9, 0x4d, 0xd9, 0x45, 0xb9, 0x3d, 0x99, 0x35, 0xb9, 0x35,
    0xba, 0x35, 0x99, 0x35, 0xb9, 0x35, 0xb9, 0x35, 0xba, 0x35, 0x99, 0x35,
    0x99, 0x35, 0xba, 0x35, 0xb9, 0x35, 0xb9, 0x35, 0xb9, 0x35, 0xb9, 0x35,
    0xba, 0x35, 0x99, 0x3d, 0xb9, 0x35, 0x99, 0x35, 0xba, 0x3d, 0xb9, 0x35,
    0xb9, 0x35, 0xb9, 0x3d, 0x99, 0x35, 0xb9, 0x35, 0x9a, 0x35, 0xb9, 0x35,
    0x99, 0x35, 0xb9, 0x35, 0x9a, 0x3d, 0xb9, 0x3d, 0xb9, 0x35, 0xba, 0x3d,
    0xb9, 0x3d, 0x99, 0x35, 0xb9, 0x35, 0xb9, 0x35, 0x9a, 0x35, 0xb9, 0x35,
    0xb9, 0x3d, 0x99, 0x35, 0xb9, 0x35, 0xba, 0x35, 0x99, 0x35, 0xb9, 0x35,
    0xba, 0x3d, 0x99, 0x35, 0x99, 0x35, 0xba, 0x3d, 0x99, 0x35, 0x99, 0x35,
    0xb9, 0x35, 0x9a, 0x35, 0xb9, 0x35, 0xb9, 0x3d, 0x9a, 0x35, 0x99, 0x35,
    0xb9, 0x35, 0xb9, 0x35, 0x9a, 0x35, 0xb9, 0x3d, 0xb9, 0x35, 0xb9, 0x35,
    0x99, 0x35, 0xb9, 0x35, 0xb9, 0x35, 0x99, 0x35, 0xb9, 0x35, 0xb9, 0x35,
    0x99, 0x35, 0x99, 0x35, 0xb9, 0x35, 0x99, 0x35, 0xba, 0x35, 0xb9, 0x35,
    0x99, 0x35, 0xb9, 0x35, 0x99, 0x35, 0xb9, 0x35, 0xb9, 0x35, 0x99, 0x35,
    0x99, 0x35, 0xb9, 0x35, 0xba, 0x35, 0x99, 0x35, 0x99, 0x35, 0xb9, 0x35,
    0x99, 0x35, 0xb9, 0x35, 0xb9, 0x35, 0x99, 0x35, 0xb9, 0x35, 0xba, 0x35,
    0x99, 0x35, 0x99, 0x35, 0xba, 0x35, 0x99, 0x35, 0xb9, 0x35, 0x99, 0x35,
    0xb9, 0x35, 0xb9, 0x35, 0xb9, 0x35, 0xb9, 0x35, 0xb9, 0x35, 0xb9, 0x35,
    0xb9, 0x35, 0x99, 0x35, 0xb9, 0x35, 0xb9, 0x35, 0xba, 0x35, 0x99, 0x35,
    0xb9, 0x35, 0xba, 0x35, 0xb9, 0x35, 0xb9, 0x35, 0xb9, 0x35, 0xb9, 0x35,
    0xb9, 0x35, 0x99, 0x35, 0x99, 0x35, 0xba, 0x35, 0xb9, 0x35, 0xb9, 0x35,
    0x99, 0x35, 0xb9, 0x35, 0x99, 0x35, 0x99, 0x35, 0xb9, 0x35, 0xb9, 0x35,
    0x9a, 0x35, 0xb9, 0x35, 0x99, 0x35, 0x9a, 0x35, 0xb9, 0x35, 0xb9, 0x35,
    0xba, 0x35, 0xba, 0x35, 0xb9, 0x35, 0xb9, 0x35, 0xb9, 0x35, 0xb9, 0x35,
    0x99, 0x35, 0xb9, 0x35, 0xba, 0x35, 0x99, 0x35, 0xb9, 0x35, 0xb9, 0x35,
    0x99, 0x35, 0x9a, 0x35, 0xb9, 0x35, 0xb9, 0x35, 0xba, 0x35, 0xb9, 0x35,
    0xb9, 0x35, 0xb9, 0x35, 0x9a, 0x35, 0x99, 0x35, 0xb9, 0x35, 0xba, 0x35,
    0x99, 0x35, 0xba, 0x35, 0xb9, 0x35, 0xb9, 0x35, 0x99, 0x35, 0xba, 0x35,
    0x99, 0x35, 0x99, 0x35, 0xba, 0x35, 0xb9, 0x35, 0x9a, 0x35, 0xba, 0x35,
    0x99, 0x35, 0x9a, 0x35, 0xb9, 0x35, 0xb9, 0x35, 0xb9, 0x35, 0xb9, 0x35,
    0x9a, 0x35, 0xb9, 0x3d, 0xb9, 0x35, 0x9a, 0x35, 0x99, 0x35, 0xb9, 0x35,
    0xba, 0x35, 0x99, 0x35, 0xb9, 0x35, 0xba, 0x35, 0x99, 0x35, 0xb9, 0x35,
    0xba, 0x35, 0xb9, 0x35, 0x99, 0x35, 0xb9, 0x35, 0x99, 0x35, 0xba, 0x35,
    0x99, 0x35, 0xb9, 0x3d, 0xb9, 0x35, 0x99, 0x35, 0xb9, 0x35, 0x99, 0x35,
    0xb9, 0x35, 0x9a, 0x35, 0x99, 0x35, 0x9a, 0x35, 0x99, 0x35, 0x99, 0x35,
    0x9a, 0x35, 0xb9, 0x35, 0x99, 0x35, 0xba, 0x35, 0x99, 0x35, 0xb9, 0x35,
    0x99, 0x35, 0x99, 0x35, 0xb9, 0x35, 0x99, 0x35, 0x99, 0x35, 0x99, 0x35,
    0x99, 0x35, 0xb9, 0x3d, 0x99, 0x35, 0x9a, 0x3d, 0xb9, 0x35, 0xb9, 0x35,
    0xb9, 0x3d, 0x99, 0x3d, 0xba, 0x3d, 0xda, 0x45, 0xf9, 0x4d, 0x1a, 0x56,
    0x39, 0x5e, 0x3a, 0x66, 0x5a, 0x66, 0x59, 0x6e, 0x5a, 0x6e, 0x5a, 0x6e,
    0x59, 0x6e, 0x5a, 0x66, 0x1a, 0x5e, 0xda, 0x45, 0xb9, 0x3d, 0xb9, 0x3d,
    0x99, 0x35, 0x99, 0x35, 0xb9, 0x35, 0x9a, 0x3d, 0xb9, 0x35, 0xb9, 0x35,
    0xb9, 0x3d, 0xb9, 0x35, 0xb9, 0x35, 0xb9, 0x3d, 0x99, 0x35, 0x99, 0x35,
    0x99, 0x35, 0xb9, 0x35, 0xb9, 0x35, 0xb9, 0x35, 0xba, 0x35, 0xb9, 0x35,
    0x99, 0x3d, 0xb9, 0x35, 0xba, 0x35, 0xb9, 0x35, 0xb9, 0x3d, 0x99, 0x35,
    0xba, 0x35, 0xb9, 0x35, 0xb9, 0x35, 0xb9, 0x35, 0xb9, 0x35, 0x99, 0x35,
    0xba, 0x35, 0xb9, 0x3d, 0xba, 0x35, 0xb9, 0x35, 0xb9, 0x3d, 0x99, 0x35,
    0xb9, 0x35, 0xba, 0x35, 0xb9, 0x3d, 0xb9, 0x35, 0x9a, 0x35, 0xb9, 0x35,
    0xb9, 0x35, 0xb9, 0x35, 0xba, 0x35, 0xb9, 0x35, 0xb9, 0x35, 0xb9, 0x35,
    0xba, 0x3d, 0xb9, 0x35, 0x99, 0x35, 0x99, 0x35, 0xb9, 0x3d, 0xb9, 0x35,
    0xb9, 0x35, 0xba, 0x3d, 0xb9, 0x3d, 0xb9, 0x35, 0xba, 0x35, 0xba, 0x3d,
    0xb9, 0x35, 0x9a, 0x35, 0xb9, 0x35, 0xb9, 0x3d, 0x99, 0x35, 0x99, 0x35,
    0xba, 0x35, 0xb9, 0x35, 0xba, 0x35, 0xb9, 0x35, 0xb9, 0x35, 0xb9, 0x35,
    0xb9, 0x35, 0xba, 0x35, 0x99, 0x35, 0xb9, 0x35, 0x99, 0x35, 0x9a, 0x35,
    0xb9, 0x35, 0xb9, 0x35, 0x99, 0x35, 0xb9, 0x35, 0xb9, 0x35, 0xb9, 0x35,
    0x99, 0x35, 0xb9, 0x35, 0xb9, 0x35, 0xb9, 0x35, 0xb9, 0x35, 0xb9, 0x35,
    0xba, 0x35, 0xb9, 0x35, 0x99, 0x35, 0xb9, 0x35, 0xb9, 0x35, 0xb9, 0x35,
    0x99, 0x35, 0xba, 0x35, 0x99, 0x35, 0xb9, 0x35, 0x99, 0x35, 0x9a, 0x35,
    0x99, 0x35, 0xb9, 0x35, 0x99, 0x35, 0xba, 0x35, 0x99, 0x35, 0xb9, 0x35,
    0x99, 0x35, 0xba, 0x35, 0x99, 0x35, 0x99, 0x35, 0x99, 0x35, 0xb9, 0x35,
    0x99, 0x35, 0xb9, 0x35, 0x99, 0x35, 0x99, 0x35, 0x99, 0x35, 0x9a, 0x35,
    0xb9, 0x35, 0xb9, 0x35, 0x99, 0x35, 0xba, 0x35, 0xb9, 0x35, 0x99, 0x35,
    0x99, 0x35, 0xb9, 0x35, 0xb9, 0x35, 0x9a, 0x35, 0x99, 0x35, 0xb9, 0x35,
    0x99, 0x35, 0x99, 0x35, 0x99, 0x35, 0x99, 0x35, 0xba, 0x35, 0x99, 0x35,
    0x9a, 0x35, 0xb9, 0x35, 0xb9, 0x35, 0x9a, 0x35, 0xb9, 0x35, 0xb9, 0x35,
    0x9a, 0x35, 0x99, 0x35, 0x99, 0x35, 0x9a, 0x35, 0xb9, 0x35, 0x99, 0x35,
    0xba, 0x35, 0x99, 0x35, 0xb9, 0x35, 0x99, 0x35, 0xb9, 0x35, 0xb9, 0x35,
    0x99, 0x35, 0x99, 0x35, 0xb9, 0x35, 0xb9, 0x35, 0x99, 0x35, 0x99, 0x35,
    0xb9, 0x35, 0xb9, 0x35, 0xb9, 0x35, 0x99, 0x35, 0xb9, 0x35, 0x99, 0x35,
    0xb9, 0x3d, 0xb9, 0x35, 0x9a, 0x35, 0x99, 0x35, 0xb9, 0x35, 0x99, 0x35,
    0xba, 0x35, 0xb9, 0x35, 0x99, 0x35, 0xba, 0x35, 0xb9, 0x35, 0xb9, 0x35,
    0x9a, 0x35, 0x99, 0x35, 0xb9, 0x35, 0x99, 0x35, 0x99, 0x35, 0x99, 0x3d,
    0x99, 0x35, 0xba, 0x35, 0x99, 0x35, 0x99, 0x35, 0x9a, 0x35, 0x99, 0x35,
    0xb9, 0x35, 0x9a, 0x35, 0x9a, 0x35, 0xb9, 0x35, 0x99, 0x35, 0xba, 0x35,
    0xb9, 0x3d, 0xb9, 0x35, 0x99, 0x35, 0x99, 0x35, 0xb9, 0x35, 0x99, 0x35,
    0xb9, 0x35, 0xb9, 0x35, 0xb9, 0x35, 0x99, 0x35, 0x99, 0x35, 0x99, 0x35,
    0x99, 0x35, 0x9a, 0x35, 0x99, 0x35, 0x99, 0x35, 0x9a, 0x35, 0x99, 0x35,
    0xb9, 0x35, 0xb9, 0x3d, 0x99, 0x35, 0xb9, 0x3d, 0x99, 0x3d, 0x99, 0x35,
    0xb9, 0x35, 0xb9, 0x3d, 0xb9, 0x3d, 0xfa, 0x4d, 0x39, 0x5e, 0x3a, 0x5e,
    0x5a, 0x66, 0x5a, 0x66, 0x59, 0x66, 0x7a, 0x6e, 0x59, 0x6e, 0x79, 0x6e,
    0x5a, 0x6e, 0x7a, 0x6e, 0x7a, 0x6e, 0x5a, 0x66, 0xf9, 0x4d, 0xd9, 0x3d,
    0xb9, 0x3d, 0x99, 0x3d, 0xba, 0x35, 0x99, 0x35, 0x99, 0x3d, 0xb9, 0x35,
    0xb9, 0x35, 0x99, 0x35, 0xb9, 0x35, 0x9a, 0x3d, 0x9a, 0x35, 0xb9, 0x3d,
    0xb9, 0x35, 0xb9, 0x35, 0xba, 0x3d, 0x99, 0x35, 0xb9, 0x35, 0xb9, 0x3d,
    0x99, 0x35, 0xb9, 0x3d, 0xb9, 0x35, 0xba, 0x3d, 0x99, 0x3d, 0xb9, 0x35,
    0x99, 0x3d, 0xb9, 0x35, 0xb9, 0x35, 0xb9, 0x3d, 0xb9, 0x3d, 0xb9, 0x35,
    0xb9, 0x35, 0xb9, 0x35, 0x99, 0x35, 0x99, 0x3d, 0xb9, 0x35, 0x99, 0x35,
    0xb9, 0x3d, 0xb9, 0x3d, 0xb9, 0x35, 0xb9, 0x3d, 0xb9, 0x35, 0xb9, 0x3d,
    0xb9, 0x35, 0xb9, 0x35, 0xb9, 0x35, 0xb9, 0x35, 0xb9, 0x3d, 0xb9, 0x35,
    0xb9, 0x35, 0xb9, 0x3d, 0xb9, 0x35, 0xb9, 0x35, 0xba, 0x3d, 0xb9, 0x35,
    0xb9, 0x35, 0x99, 0x35, 0xb9, 0x35, 0xb9, 0x3d, 0xb9, 0x35, 0xb9, 0x35,
    0xb9, 0x3d, 0x99, 0x35, 0xb9, 0x35, 0xb9, 0x35, 0xba, 0x35, 0xb9, 0x3d,
    0xb9, 0x35, 0xb9, 0x35, 0xb9, 0x3d, 0x9a, 0x35, 0xb9, 0x35, 0xb9, 0x3d,
    0xb9, 0x35, 0xb9, 0x35, 0x99, 0x35, 0xba, 0x35, 0xb9, 0x35, 0xb9, 0x35,
    0xba, 0x35, 0xb9, 0x35, 0xb9, 0x35, 0xb9, 0x35, 0xb9, 0x3d, 0xba, 0x35,
    0xb9, 0x35, 0x99, 0x35, 0x9a, 0x35, 0xb9, 0x35, 0xb9, 0x35, 0x99, 0x35,
    0xb9, 0x3d, 0xb9, 0x35, 0xb9, 0x35, 0xb9, 0x35, 0x99, 0x35, 0xb9, 0x35,
    0xb9, 0x35, 0xba, 0x35, 0xb9, 0x35, 0xb9, 0x35, 0xba, 0x35, 0x99, 0x35,
    0xb9, 0x35, 0xb9, 0x35, 0xba, 0x35, 0x99, 0x35, 0xb9, 0x35, 0x99, 0x35,
    0xb9, 0x35, 0xb9, 0x35, 0xb9, 0x35, 0xb9, 0x35, 0xba, 0x35, 0xb9, 0x35,
    0xba, 0x35, 0xb9, 0x35, 0xb9, 0x35, 0xb9, 0x35, 0x99, 0x35, 0xb9, 0x35,
    0x99, 0x35, 0xb9, 0x35, 0x99, 0x35, 0xb9, 0x35, 0xb9, 0x35, 0xb9, 0x35,
    0x99, 0x35, 0xba, 0x35, 0xb9, 0x35, 0x99, 0x35, 0xb9, 0x35, 0x99, 0x35,
    0xb9, 0x35, 0xb9, 0x35, 0x99, 0x35, 0xb9, 0x35, 0x99, 0x35, 0xb9, 0x35,
    0xb9, 0x35, 0xb9, 0x35, 0x99, 0x35, 0xb9, 0x35, 0xb9, 0x35, 0x99, 0x35,
    0xb9, 0x35, 0xb9, 0x35, 0xb9, 0x35, 0xb9, 0x35, 0xb9, 0x35, 0x99, 0x35,
    0x99, 0x35, 0xb9, 0x35, 0xb9, 0x35, 0x99, 0x35, 0xba, 0x35, 0xb9, 0x35,
    0xb9, 0x35, 0x99, 0x35, 0x99, 0x35, 0xba, 0x35, 0x99, 0x35, 0xb9, 0x35,
    0xba, 0x35, 0x99, 0x35, 0x99, 0x35, 0xb9, 0x3d, 0x99, 0x35, 0xb9, 0x35,
    0xb9, 0x3d, 0xb9, 0x35, 0xba, 0x35, 0xb9, 0x35, 0xb9, 0x3d, 0xba, 0x35,
    0x99, 0x35, 0x99, 0x35, 0xb9, 0x35, 0x99, 0x3d, 0xb9, 0x35, 0xb9, 0x35,
    0x99, 0x3d, 0x99, 0x35, 0xb9, 0x3d, 0xba, 0x35, 0xb9, 0x35, 0x99, 0x35,
    0xb9, 0x3d, 0x99, 0x35, 0x99, 0x35, 0x99, 0x35, 0xb9, 0x3d, 0x99, 0x35,
    0x99, 0x3d, 0xb9, 0x35, 0x99, 0x35, 0x99, 0x3d, 0x9a, 0x35, 0x99, 0x35,
    0x99, 0x3d, 0xb9, 0x35, 0xba, 0x35, 0xb9, 0x35, 0x99, 0x35, 0xba, 0x35,
    0x99, 0x35, 0x99, 0x35, 0x9a, 0x35, 0x99, 0x35, 0xb9, 0x35, 0xba, 0x3d,
    0xb9, 0x35, 0x99, 0x35, 0x99, 0x35, 0xb9, 0x35, 0x99, 0x35, 0x99, 0x35,
    0x99, 0x35, 0xb9, 0x3d, 0xb9, 0x3d, 0xb9, 0x35, 0xb9, 0x3d, 0xb9, 0x35,
    0xb9, 0x3d, 0xb9, 0x3d, 0xfa, 0x4d, 0x39, 0x5e, 0x39, 0x66, 0x59, 0x66,
    0x59, 0x66, 0x59, 0x66, 0x5a, 0x6e, 0x59, 0x6e, 0x7a, 0x6e, 0x7a, 0x6e,
    0x79, 0x6e, 0x79, 0x6e, 0x79, 0x6e, 0x7a, 0x6e, 0x5a, 0x6e, 0x1a, 0x56,
    0xba, 0x3d, 0xb9, 0x3d, 0xb9, 0x35, 0xb9, 0x35, 0xb9, 0x3d, 0x99, 0x35,
    0xba, 0x3d, 0xb9, 0x3d, 0xb9, 0x35, 0xb9, 0x3d, 0xb9, 0x35, 0xb9, 0x3d,
    0xb9, 0x3d, 0xb9, 0x35, 0xb9, 0x3d, 0xb9, 0x3d, 0xb9, 0x35, 0xb9, 0x35,
    0xb9, 0x3d, 0xb9, 0x35, 0x99, 0x35, 0xb9, 0x35, 0x99, 0x35, 0xb9, 0x3d,
    0xb9, 0x35, 0xba, 0x3d, 0xb9, 0x35, 0xb9, 0x35, 0x9a, 0x3d, 0xb9, 0x35,
    0xb9, 0x3d, 0xb9, 0x35, 0xba, 0x35, 0xb9, 0x35, 0xb9, 0x35, 0xb9, 0x35,
    0xba, 0x35, 0xb9, 0x35, 0x99, 0x35, 0xb9, 0x35, 0xb9, 0x35, 0x99, 0x3d,
    0xba, 0x35, 0x99, 0x3d, 0xb9, 0x3d, 0xba, 0x35, 0xb9, 0x3d, 0xb9, 0x35,
    0xb9, 0x35, 0x99, 0x35, 0xb9, 0x3d, 0xba, 0x35, 0xb9, 0x3d, 0xb9, 0x3d,
    0xb9, 0x35, 0xb9, 0x35, 0x99, 0x35, 0xb9, 0x35, 0xb9, 0x3d, 0x99, 0x35,
    0xb9, 0x3d, 0xb9, 0x3d, 0xb9, 0x35, 0xb9, 0x3d, 0xb9, 0x35, 0xb9, 0x35,
    0x99, 0x35, 0xb9, 0x3d, 0xb9, 0x35, 0xb9, 0x35, 0x9a, 0x35, 0xb9, 0x3d,
    0xba, 0x35, 0xb9, 0x3d, 0xb9, 0x3d, 0xb9, 0x35, 0xb9, 0x3d, 0xb9, 0x35,
    0xb9, 0x3d, 0x9a, 0x35, 0xb9, 0x3d, 0xba, 0x3d, 0x99, 0x35, 0xb9, 0x35,
    0xb9, 0x35, 0xb9, 0x3d, 0xb9, 0x3d, 0xb9, 0x35, 0xb9, 0x35, 0xb9, 0x35,
    0xb9, 0x3d, 0xb9, 0x35, 0xb9, 0x35, 0xba, 0x3d, 0xb9, 0x35, 0xb9, 0x35,
    0xb9, 0x3d, 0xb9, 0x35, 0x99, 0x35, 0xb9, 0x35, 0xb9, 0x35, 0xb9, 0x35,
    0xb9, 0x35, 0xb9, 0x35, 0x99, 0x35, 0xb9, 0x35, 0xb9, 0x35, 0xb9, 0x35,
    0xba, 0x35, 0xb9, 0x3d, 0xb9, 0x35, 0x99, 0x35, 0xb9, 0x35, 0x99, 0x35,
    0xb9, 0x35, 0xb9, 0x35, 0xba, 0x35, 0x99, 0x35, 0xba, 0x35, 0xb9, 0x35,
    0xb9, 0x35, 0xb9, 0x35, 0x99, 0x35, 0xb9, 0x35, 0x99, 0x35, 0xb9, 0x35,
    0xba, 0x35, 0x99, 0x35, 0xb9, 0x35, 0xb9, 0x35, 0xb9, 0x35, 0xba, 0x35,
    0xb9, 0x35, 0xba, 0x35, 0xb9, 0x35, 0xb9, 0x35, 0xb9, 0x35, 0x99, 0x35,
    0xba, 0x35, 0x99, 0x35, 0xb9, 0x35, 0xb9, 0x35, 0xba, 0x3d, 0xb9, 0x35,
    0xb9, 0x35, 0xb9, 0x35, 0xba, 0x3d, 0xb9, 0x35, 0xb9, 0x35, 0xba, 0x3d,
    0xb9, 0x35, 0xba, 0x35, 0xb9, 0x35, 0xb9, 0x35, 0xba, 0x35, 0xb9, 0x3d,
    0xb9, 0x35, 0xb9, 0x35, 0xba, 0x35, 0xb9, 0x35, 0xb9, 0x35, 0xba, 0x35,
    0xb9, 0x35, 0xb9, 0x35, 0x99, 0x35, 0xb9, 0x35, 0xb9, 0x35, 0xba, 0x35,
    0xb9, 0x35, 0xb9, 0x3d, 0xb9, 0x35, 0xb9, 0x35, 0x99, 0x35, 0x99, 0x3d,
    0xb9, 0x3d, 0xb9, 0x35, 0x99, 0x35, 0x9a, 0x3d, 0x99, 0x35, 0xb9, 0x35,
    0xba, 0x35, 0x99, 0x35, 0x99, 0x35, 0xb9, 0x35, 0x99, 0x35, 0xba, 0x35,
    0xb9, 0x35, 0x99, 0x35, 0xb9, 0x35, 0xba, 0x3d, 0x99, 0x35, 0xb9, 0x35,
    0xb9, 0x35, 0x9a, 0x35, 0xb9, 0x3d, 0xb9, 0x35, 0xb9, 0x35, 0x99, 0x35,
    0x99, 0x35, 0x9a, 0x35, 0xb9, 0x35, 0x99, 0x35, 0x99, 0x35, 0xb9, 0x35,
    0x9a, 0x35, 0x99, 0x3d, 0xb9, 0x35, 0x9a, 0x35, 0xb9, 0x35, 0x99, 0x35,
    0xb9, 0x3d, 0x99, 0x35, 0x99, 0x35, 0xb9, 0x3d, 0x99, 0x35, 0x99, 0x35,
    0xb9, 0x3d, 0xba, 0x3d, 0xb9, 0x3d, 0xba, 0x35, 0xba, 0x3d, 0xb9, 0x3d,
    0xb9, 0x3d, 0xda, 0x45, 0x3a, 0x5e, 0x39, 0x5e, 0x3a, 0x66, 0x5a, 0x66,
    0x5a, 0x66, 0x5a, 0x6e, 0x59, 0x6e, 0x79, 0x6e, 0x5a, 0x6e, 0x5a, 0x6e,
    0x79, 0x6e, 0x7a, 0x6e, 0x7a, 0x76, 0x79, 0x76, 0x7a, 0x6e, 0x59, 0x6e,
    0x19, 0x56, 0xb9, 0x3d, 0xb9, 0x35, 0xb9, 0x3d, 0xb9, 0x35, 0xb9, 0x3d,
    0xba, 0x35, 0xb9, 0x3d, 0x99, 0x35, 0xba, 0x3d, 0xb9, 0x35, 0xb9, 0x35,
    0xba, 0x35, 0x99, 0x35, 0xb9, 0x35, 0xba, 0x3d, 0xb9, 0x35, 0x99, 0x35,
    0xb9, 0x3d, 0xba, 0x3d, 0xb9, 0x35, 0xb9, 0x35, 0xba, 0x3d, 0xb9, 0x35,
    0xb9, 0x35, 0xb9, 0x3d, 0xb9, 0x35, 0xba, 0x35, 0x99, 0x35, 0xb9, 0x3d,
    0xb9, 0x35, 0xba, 0x3d, 0x99, 0x35, 0xb9, 0x3d, 0xba, 0x3d, 0xb9, 0x3d,
    0xb9, 0x35, 0xba, 0x3d, 0xb9, 0x3d, 0xba, 0x35, 0xb9, 0x35, 0xba, 0x35,
    0xb9, 0x3d, 0xb9, 0x35, 0xba, 0x35, 0xb9, 0x3d, 0xb9, 0x3d, 0xba, 0x35,
    0x99, 0x35, 0xb9, 0x35, 0xba, 0x35, 0xb9, 0x3d, 0xb9, 0x35, 0x99, 0x35,
    0xb9, 0x35, 0xba, 0x3d, 0xb9, 0x3d, 0xb9, 0x35, 0xba, 0x3d, 0xba, 0x35,
    0xb9, 0x35, 0xb9, 0x35, 0xba, 0x3d, 0x99, 0x35, 0xb9, 0x35, 0xba, 0x3d,
    0xb9, 0x35, 0xb9, 0x35, 0xb9, 0x35, 0xb9, 0x35, 0xb9, 0x35, 0xb9, 0x35,
    0xb9, 0x35, 0x99, 0x35, 0x99, 0x35, 0xb9, 0x35, 0xb9, 0x35, 0xb9, 0x3d,
    0xb9, 0x35, 0xb9, 0x35, 0x99, 0x35, 0xb9, 0x35, 0xb9, 0x35, 0xb9, 0x35,
    0xb9, 0x3d, 0xb9, 0x35, 0xb9, 0x35, 0xba, 0x3d, 0x99, 0x3d, 0xb9, 0x35,
    0x9a, 0x35, 0x99, 0x35, 0xb9, 0x3d, 0xb9, 0x35, 0x99, 0x35, 0xba, 0x3d,
    0xb9, 0x35, 0xb9, 0x35, 0xb9, 0x35, 0xba, 0x3d, 0x99, 0x35, 0xb9, 0x35,
    0xb9, 0x3d, 0x99, 0x35, 0xba, 0x35, 0xb9, 0x3d, 0xb9, 0x35, 0xb9, 0x35,
    0xb9, 0x3d, 0xba, 0x35, 0x99, 0x35, 0xb9, 0x3d, 0xb9, 0x35, 0xb9, 0x35,
    0x99, 0x3d, 0xb9, 0x35, 0xb9, 0x35, 0xb9, 0x3d, 0xb9, 0x35, 0xba, 0x35,
    0xb9, 0x3d, 0xb9, 0x35, 0x9a, 0x35, 0xba, 0x35, 0xb9, 0x35, 0xb9, 0x3d,
    0xb9, 0x35, 0xb9, 0x35, 0xb9, 0x35, 0xba, 0x3d, 0xb9, 0x35, 0xb9, 0x3d,
    0xb9, 0x3d, 0x99, 0x35, 0xb9, 0x3d, 0xb9, 0x35, 0xb9, 0x3d, 0xba, 0x35,
    0xb9, 0x3d, 0xb9, 0x35, 0xb9, 0x35, 0xba, 0x3d, 0x99, 0x35, 0xb9, 0x35,
    0x99, 0x3d, 0xba, 0x35, 0xb9, 0x3d, 0x99, 0x35, 0xb9, 0x35, 0xb9, 0x35,
    0xb9, 0x35, 0xb9, 0x3d, 0x99, 0x35, 0xb9, 0x35, 0xb9, 0x3d, 0x99, 0x35,
    0xb9, 0x35, 0xba, 0x3d, 0xb9, 0x35, 0xb9, 0x3d, 0xb9, 0x35, 0xb9, 0x3d,
    0xb9, 0x3d, 0xb9, 0x35, 0xba, 0x35, 0xb9, 0x3d, 0xb9, 0x35, 0x99, 0x3d,
    0x99, 0x35, 0xb9, 0x35, 0x9a, 0x3d, 0xb9, 0x35, 0xb9, 0x35, 0xb9, 0x35,
    0xb9, 0x35, 0xba, 0x35, 0xb9, 0x35, 0xb9, 0x35, 0xb9, 0x35, 0xb9, 0x35,
    0x99, 0x35, 0xba, 0x3d, 0xb9, 0x35, 0x99, 0x35, 0x9a, 0x35, 0x99, 0x35,
    0xb9, 0x35, 0x99, 0x35, 0xba, 0x35, 0x99, 0x35, 0x99, 0x35, 0xb9, 0x35,
    0xba, 0x35, 0x99, 0x35, 0xb9, 0x35, 0xb9, 0x35, 0x9a, 0x35, 0xb9, 0x3d,
    0xb9, 0x35, 0x99, 0x35, 0xb9, 0x3d, 0x9a, 0x3d, 0xb9, 0x35, 0xb9, 0x3d,
    0xb9, 0x35, 0xb9, 0x35, 0x99, 0x3d, 0xb9, 0x35, 0x99, 0x35, 0x9a, 0x35,
    0xb9, 0x35, 0xb9, 0x35, 0xb9, 0x3d, 0xba, 0x35, 0x99, 0x35, 0x99, 0x35,
    0xb9, 0x3d, 0xb9, 0x3d, 0xd9, 0x3d, 0xb9, 0x3d, 0xb9, 0x3d, 0xd9, 0x3d,
    0xb9, 0x3d, 0x1a, 0x56, 0x39, 0x5e, 0x5a, 0x5e, 0x5a, 0x66, 0x5a, 0x66,
    0x5a, 0x66, 0x59, 0x66, 0x5a, 0x66, 0x7a, 0x6e, 0x79, 0x6e, 0x59, 0x6e,
    0x7a, 0x6e, 0x7a, 0x6e, 0x5a, 0x6e, 0x79, 0x6e, 0x79, 0x6e, 0x7a, 0x6e,
    0x5a, 0x6e, 0x1a, 0x56, 0xb9, 0x3d, 0xba, 0x35, 0xb9, 0x35, 0x99, 0x35,
    0xb9, 0x3d, 0xb9, 0x35, 0xba, 0x3d, 0xb9, 0x35, 0xb9, 0x3d, 0xb9, 0x35,
    0xb9, 0x3d, 0xb9, 0x35, 0xb9, 0x35, 0xb9, 0x3d, 0xba, 0x3d, 0xb9, 0x35,
    0xb9, 0x35, 0xba, 0x3d, 0xb9, 0x35, 0xb9, 0x3d, 0xb9, 0x3d, 0xba, 0x35,
    0xb9, 0x35, 0xb9, 0x3d, 0xb9, 0x3d, 0xb9, 0x3d, 0xb9, 0x35, 0xb9, 0x35,
    0xb9, 0x3d, 0xb9, 0x35, 0xb9, 0x35, 0xb9, 0x35, 0xb9, 0x3d, 0xb9, 0x35,
    0xb9, 0x3d, 0xb9, 0x35, 0xb9, 0x35, 0xb9, 0x3d, 0xb9, 0x3d, 0xb9, 0x35,
    0xb9, 0x35, 0xb9, 0x35, 0xb9, 0x35, 0xb9, 0x35, 0xb9, 0x35, 0xb9, 0x3d,
    0xba, 0x3d, 0xb9, 0x35, 0xb9, 0x3d, 0xb9, 0x35, 0xb9, 0x3d, 0xba, 0x35,
    0xb9, 0x35, 0xb9, 0x3d, 0xba, 0x35, 0xb9, 0x3d, 0xb9, 0x35, 0xb9, 0x35,
    0xb9, 0x3d, 0xb9, 0x35, 0xba, 0x35, 0xb9, 0x3d, 0xba, 0x35, 0xb9, 0x3d,
    0xb9, 0x35, 0x99, 0x35, 0xba, 0x3d, 0xb9, 0x3d, 0xb9, 0x35, 0xba, 0x35,
    0xb9, 0x3d, 0xb9, 0x35, 0xba, 0x3d, 0xba, 0x35, 0x99, 0x35, 0xb9, 0x35,
    0xba, 0x3d, 0xb9, 0x35, 0xb9, 0x3d, 0xb9, 0x35, 0xba, 0x3d, 0xba, 0x3d,
    0xb9, 0x35, 0xb9, 0x35, 0xb9, 0x35, 0xba, 0x35, 0xb9, 0x35, 0xb9, 0x3d,
    0xb9, 0x35, 0xb9, 0x35, 0xba, 0x35, 0xb9, 0x3d, 0xb9, 0x35, 0xb9, 0x35,
    0x99, 0x35, 0xb9, 0x35, 0xb9, 0x3d, 0xba, 0x3d, 0xb9, 0x35, 0xb9, 0x35,
    0xb9, 0x35, 0xba, 0x3d, 0xb9, 0x35, 0xb9, 0x3d, 0xb9, 0x35, 0xba, 0x35,
    0xb9, 0x35, 0xb9, 0x35, 0xba, 0x35, 0xb9, 0x3d, 0xb9, 0x35, 0xba, 0x35,
    0xb9, 0x3d, 0x9a, 0x3d, 0xb9, 0x35, 0xb9, 0x35, 0xb9, 0x35, 0x99, 0x35,
    0xb9, 0x35, 0xb9, 0x3d, 0xb9, 0x35, 0xb9, 0x35, 0xb9, 0x3d, 0xb9, 0x35,
    0xba, 0x35, 0xb9, 0x3d, 0x99, 0x35, 0xb9, 0x35, 0xba, 0x35, 0xb9, 0x35,
    0xb9, 0x3d, 0xba, 0x35, 0xb9, 0x35, 0xb9, 0x3d, 0x99, 0x35, 0xb9, 0x35,
    0xb9, 0x35, 0xb9, 0x3d, 0xb9, 0x35, 0xb9, 0x35, 0xb9, 0x35, 0xb9, 0x35,
    0xb9, 0x35, 0xb9, 0x35, 0xb9, 0x35, 0xb9, 0x35, 0xba, 0x3d, 0xb9, 0x35,
    0xb9, 0x35, 0xb9, 0x35, 0x99, 0x3d, 0xba, 0x35, 0xb9, 0x35, 0xb9, 0x3d,
    0xb9, 0x35, 0xb9, 0x35, 0xb9, 0x35, 0xba, 0x35, 0xb9, 0x3d, 0xb9, 0x35,
    0xba, 0x35, 0x99, 0x35, 0xb9, 0x3d, 0xba, 0x35, 0xb9, 0x3d, 0xba, 0x35,
    0xb9, 0x3d, 0xb9, 0x35, 0xb9, 0x35, 0xba, 0x3d, 0xb9, 0x35, 0xba, 0x35,
    0xb9, 0x3d, 0xb9, 0x35, 0xb9, 0x35, 0xb9, 0x3d, 0xb9, 0x35, 0xb9, 0x35,
    0xb9, 0x3d, 0xb9, 0x35, 0xb9, 0x35, 0xb9, 0x3d, 0xb9, 0x35, 0xb9, 0x3d,
    0xb9, 0x35, 0xba, 0x35, 0xb9, 0x35, 0x99, 0x35, 0xb9, 0x35, 0xba, 0x3d,
    0xb9, 0x35, 0xb9, 0x35, 0xb9, 0x3d, 0xb9, 0x35, 0x99, 0x35, 0xba, 0x35,
    0xb9, 0x35, 0xb9, 0x35, 0x99, 0x35, 0xb9, 0x3d, 0xba, 0x35, 0xb9, 0x35,
    0xb9, 0x35, 0x99, 0x35, 0x9a, 0x35, 0xb9, 0x35, 0xb9, 0x35, 0xb9, 0x3d,
    0xba, 0x35, 0x99, 0x35, 0x99, 0x35, 0xba, 0x35, 0xb9, 0x35, 0xb9, 0x35,
    0xd9, 0x45, 0xda, 0x45, 0xfa, 0x45, 0xf9, 0x45, 0xd9, 0x45, 0xfa, 0x45,
    0xda, 0x45, 0x3a, 0x5e, 0x39, 0x5e, 0x39, 0x66, 0x59, 0x66, 0x5a, 0x66,
    0x59, 0x66, 0x59, 0x66, 0x5a, 0x66, 0x5a, 0x66, 0x5a, 0x6e, 0x59, 0x6e,
    0x7a, 0x6e, 0x59, 0x6e, 0x7a, 0x6e, 0x7a, 0x6e, 0x7a, 0x6e, 0x7a, 0x76,
    0x7a, 0x6e, 0x59, 0x66, 0xd9, 0x45, 0xb9, 0x35, 0xb9, 0x3d, 0xb9, 0x3d,
    0xb9, 0x35, 0xb9, 0x3d, 0xb9, 0x35, 0xb9, 0x3d, 0xb9, 0x35, 0xb9, 0x3d,
    0xba, 0x3d, 0xb9, 0x3d, 0xb9, 0x35, 0xb9, 0x3d, 0xb9, 0x3d, 0xb9, 0x35,
    0xb9, 0x3d, 0xb9, 0x35, 0xb9, 0x35, 0xb9, 0x3d, 0xb9, 0x35, 0xb9, 0x35,
    0xba, 0x3d, 0xb9, 0x35, 0xba, 0x3d, 0xb9, 0x35, 0xb9, 0x3d, 0xba, 0x3d,
    0xb9, 0x35, 0xb9, 0x35, 0xb9, 0x3d, 0xba, 0x35, 0xb9, 0x35, 0xba, 0x35,
    0xb9, 0x35, 0xb9, 0x35, 0xba, 0x35, 0xb9, 0x3d, 0xb9, 0x35, 0xba, 0x35,
    0xb9, 0x3d, 0xb9, 0x3d, 0xba, 0x3d, 0xb9, 0x3d, 0xb9, 0x35, 0xb9, 0x3d,
    0xb9, 0x35, 0xb9, 0x3d, 0xb9, 0x35, 0xba, 0x3d, 0xb9, 0x35, 0xb9, 0x35,
    0xb9, 0x3d, 0xb9, 0x3d, 0xb9, 0x35, 0xb9, 0x35, 0xb9, 0x3d, 0xba, 0x3d,
    0xb9, 0x35, 0xb9, 0x3d, 0xb9, 0x3d, 0xb9, 0x35, 0xb9, 0x35, 0xb9, 0x3d,
    0xb9, 0x35, 0xba, 0x3d, 0xb9, 0x35, 0xb9, 0x3d, 0xba, 0x3d, 0xb9, 0x35,
    0xb9, 0x3d, 0xb9, 0x35, 0xb9, 0x3d, 0xb9, 0x3d, 0xb9, 0x35, 0xb9, 0x3d,
    0xb9, 0x35, 0xba, 0x35, 0xb9, 0x35, 0xb9, 0x35, 0xb9, 0x3d, 0xb9, 0x35,
    0xba, 0x3d, 0xb9, 0x3d, 0xba, 0x35, 0xb9, 0x35, 0xb9, 0x3d, 0xb9, 0x35,
    0xb9, 0x3d, 0xb9, 0x3d, 0xb9, 0x35, 0xba, 0x3d, 0xb9, 0x35, 0xb9, 0x3d,
    0xba, 0x3d, 0xb9, 0x35, 0xb9, 0x35, 0xb9, 0x35, 0xb9, 0x35, 0xb9, 0x3d,
    0xba, 0x35, 0xb9, 0x35, 0xb9, 0x3d, 0xb9, 0x35, 0xb9, 0x35, 0xb9, 0x3d,
    0xb9, 0x3d, 0xb9, 0x35, 0xb9, 0x35, 0xb9, 0x3d, 0xb9, 0x35, 0xba, 0x35,
    0xb9, 0x35, 0xb9, 0x35, 0xb9, 0x35, 0xb9, 0x3d, 0xb9, 0x35, 0xba, 0x35,
    0xb9, 0x3d, 0xb9, 0x35, 0xba, 0x35, 0xb9, 0x35, 0xb9, 0x3d, 0xba, 0x35,
    0xb9, 0x35, 0xb9, 0x3d, 0xb9, 0x35, 0xb9, 0x3d, 0xb9, 0x35, 0xb9, 0x35,
    0xb9, 0x35, 0xb9, 0x3d, 0xba, 0x35, 0xb9, 0x35, 0xb9, 0x3d, 0xb9, 0x35,
    0xb9, 0x35, 0xba, 0x35, 0xb9, 0x3d, 0xb9, 0x3d, 0xba, 0x3d, 0xb9, 0x35,
    0xb9, 0x3d, 0xba, 0x3d, 0xb9, 0x35, 0xb9, 0x3d, 0xb9, 0x3d, 0xb9, 0x35,
    0xb9, 0x35, 0xba, 0x35, 0xb9, 0x35, 0xb9, 0x35, 0xb9, 0x3d, 0xba, 0x35,
    0xb9, 0x35, 0xb9, 0x3d, 0xb9, 0x35, 0xb9, 0x35, 0x9a, 0x35, 0xb9, 0x3d,
    0xb9, 0x35, 0xb9, 0x3d, 0xb9, 0x35, 0xb9, 0x35, 0xb9, 0x35, 0xb9, 0x35,
    0xba, 0x35, 0xb9, 0x35, 0xb9, 0x3d, 0x99, 0x35, 0xb9, 0x35, 0xb9, 0x35,
    0xba, 0x3d, 0xb9, 0x3d, 0xb9, 0x35, 0x9a, 0x35, 0xb9, 0x3d, 0xb9, 0x35,
    0xba, 0x35, 0xb9, 0x35, 0xb9, 0x3d, 0xba, 0x35, 0xb9, 0x35, 0xb9, 0x35,
    0xba, 0x3d, 0xb9, 0x35, 0xb9, 0x35, 0xb9, 0x3d, 0xb9, 0x35, 0xb9, 0x35,
    0xb9, 0x3d, 0xba, 0x35, 0x99, 0x35, 0xb9, 0x3d, 0xb9, 0x35, 0xb9, 0x35,
    0xba, 0x3d, 0xb9, 0x3d, 0xb9, 0x35, 0x99, 0x35, 0xb9, 0x35, 0xba, 0x35,
    0xb9, 0x3d, 0x99, 0x35, 0xba, 0x35, 0xb9, 0x35, 0xb9, 0x3d, 0x99, 0x35,
    0xb9, 0x35, 0xba, 0x35, 0xb9, 0x3d, 0xb9, 0x35, 0xb9, 0x3d, 0x99, 0x35,
    0x19, 0x4e, 0xfa, 0x55, 0x19, 0x4e, 0x19, 0x56, 0x1a, 0x56, 0x1a, 0x56,
    0xf9, 0x4d, 0x3a, 0x5e, 0x39, 0x5e, 0x3a, 0x5e, 0x3a, 0x66, 0x39, 0x66,
    0x5a, 0x66, 0x59, 0x66, 0x59, 0x66, 0x59, 0x66, 0x59, 0x66, 0x5a, 0x66,
    0x79, 0x6e, 0x59, 0x6e, 0x59, 0x6e, 0x79, 0x6e, 0x5a, 0x6e, 0x79, 0x6e,
    0x7a, 0x6e, 0x59, 0x6e, 0x1a, 0x56, 0xb9, 0x3d, 0xba, 0x3d, 0xb9, 0x3d,
    0xba, 0x35, 0xba, 0x3d, 0xb9, 0x3d, 0xb9, 0x35, 0xb9, 0x35, 0xb9, 0x3d,
    0xb9, 0x35, 0xba, 0x35, 0xb9, 0x3d, 0xba, 0x3d, 0xb9, 0x35, 0xb9, 0x35,
    0xba, 0x3d, 0xb9, 0x35, 0xb9, 0x35, 0xba, 0x3d, 0xb9, 0x3d, 0xb9, 0x35,
    0xb9, 0x3d, 0xb9, 0x35, 0xb9, 0x35, 0xb9, 0x3d, 0xb9, 0x35, 0xba, 0x35,
    0xb9, 0x35, 0xb9, 0x3d, 0xb9, 0x3d, 0xb9, 0x3d, 0xb9, 0x35, 0xb9, 0x3d,
    0xb9, 0x3d, 0xb9, 0x3d, 0xba, 0x3d, 0xb9, 0x35, 0xb9, 0x35, 0xba, 0x3d,
    0xb9, 0x3d, 0xb9, 0x3d, 0xb9, 0x35, 0xba, 0x35, 0xb9, 0x35, 0xb9, 0x35,
    0xba, 0x35, 0xb9, 0x3d, 0xb9, 0x35, 0xb9, 0x3d, 0xd9, 0x3d, 0xb9, 0x35,
    0xba, 0x3d, 0xb9, 0x35, 0xba, 0x3d, 0xb9, 0x35, 0xb9, 0x3d, 0xba, 0x35,
    0xb9, 0x35, 0xb9, 0x3d, 0xb9, 0x35, 0xba, 0x35, 0xb9, 0x3d, 0xb9, 0x35,
    0xba, 0x35, 0xb9, 0x35, 0xb9, 0x3d, 0xb9, 0x35, 0xb9, 0x35, 0xb9, 0x3d,
    0xba, 0x35, 0xb9, 0x35, 0xb9, 0x35, 0xb9, 0x3d, 0xba, 0x3d, 0xb9, 0x35,
    0xb9, 0x3d, 0xb9, 0x3d, 0xb9, 0x35, 0xba, 0x35, 0xb9, 0x35, 0xb9, 0x35,
    0xb9, 0x3d, 0xb9, 0x35, 0xb9, 0x35, 0xb9, 0x3d, 0xba, 0x3d, 0xb9, 0x35,
    0xb9, 0x3d, 0xba, 0x35, 0xb9, 0x3d, 0xb9, 0x35, 0xb9, 0x35, 0xba, 0x3d,
    0xb9, 0x35, 0xb9, 0x3d, 0xba, 0x35, 0xb9, 0x3d, 0xb9, 0x35, 0xba, 0x3d,
    0xb9, 0x35, 0xb9, 0x35, 0xb9, 0x3d, 0xba, 0x35, 0xb9, 0x3d, 0xb9, 0x35,
    0xb9, 0x35, 0xba, 0x3d, 0xb9, 0x35, 0xb9, 0x35, 0xba, 0x3d, 0xb9, 0x35,
    0xb9, 0x3d, 0xb9, 0x35, 0xb9, 0x3d, 0xba, 0x35, 0xb9, 0x3d, 0xb9, 0x3d,
    0xb9, 0x35, 0xb9, 0x3d, 0xb9, 0x35, 0xb9, 0x35, 0xb9, 0x3d, 0xb9, 0x35,
    0xb9, 0x35, 0xb9, 0x35, 0xb9, 0x35, 0xba, 0x3d, 0xb9, 0x3d, 0xb9, 0x35,
    0xba, 0x35, 0xb9, 0x3d, 0xb9, 0x35, 0xb9, 0x35, 0xba, 0x3d, 0xb9, 0x35,
    0xb9, 0x3d, 0xba, 0x35, 0xb9, 0x35, 0xb9, 0x35, 0xb9, 0x35, 0xb9, 0x3d,
    0xb9, 0x35, 0xb9, 0x35, 0xb9, 0x35, 0xba, 0x35, 0xb9, 0x35, 0xb9, 0x3d,
    0xb9, 0x3d, 0xb9, 0x3d, 0xba, 0x35, 0xb9, 0x3d, 0xb9, 0x35, 0xb9, 0x35,
    0xba, 0x3d, 0xb9, 0x3d, 0xb9, 0x35, 0xb9, 0x3d, 0xb9, 0x3d, 0xba, 0x35,
    0xb9, 0x35, 0xb9, 0x3d, 0xba, 0x35, 0xb9, 0x3d, 0xb9, 0x3d, 0xb9, 0x35,
    0xb9, 0x3d, 0xba, 0x35, 0xb9, 0x35, 0xb9, 0x3d, 0xba, 0x35, 0xb9, 0x35,
    0xb9, 0x3d, 0xb9, 0x35, 0x9a, 0x35, 0xb9, 0x3d, 0xb9, 0x35, 0xba, 0x3d,
    0x99, 0x35, 0xba, 0x3d, 0xb9, 0x35, 0xba, 0x3d, 0xb9, 0x35, 0xb9, 0x35,
    0xb9, 0x35, 0x99, 0x3d, 0xb9, 0x35, 0xba, 0x35, 0xba, 0x35, 0xb9, 0x35,
    0x99, 0x35, 0xb9, 0x35, 0xba, 0x35, 0xb9, 0x35, 0xb9, 0x35, 0x99, 0x35,
    0xba, 0x3d, 0xb9, 0x35, 0xba, 0x35, 0xb9, 0x35, 0xb9, 0x3d, 0xba, 0x3d,
    0xb9, 0x35, 0xb9, 0x3d, 0x99, 0x35, 0xb9, 0x35, 0xba, 0x3d, 0xb9, 0x35,
    0xb9, 0x3d, 0xb9, 0x3d, 0xb9, 0x35, 0x9a, 0x3d, 0xb9, 0x35, 0x99, 0x35,
    0x1a, 0x56, 0x19, 0x56, 0x1a, 0x56, 0x19, 0x56, 0x19, 0x56, 0x19, 0x56,
    0x39, 0x56, 0x39, 0x5e, 0x3a, 0x5e, 0x39, 0x5e, 0x5a, 0x66, 0x39, 0x66,
    0x3a, 0x66, 0x5a, 0x66, 0x5a, 0x66, 0x59, 0x66, 0x5a, 0x66, 0x5a, 0x66,
    0x59, 0x6e, 0x7a, 0x6e, 0x7a, 0x6e, 0x7a, 0x6e, 0x59, 0x6e, 0x59, 0x6e,
    0x7a, 0x6e, 0x7a, 0x6e, 0x5a, 0x66, 0xd9, 0x3d, 0xb9, 0x35, 0xb9, 0x3d,
    0xd9, 0x3d, 0xb9, 0x3d, 0xba, 0x35, 0xb9, 0x3d, 0xda, 0x3d, 0xb9, 0x3d,
    0xb9, 0x35, 0xd9, 0x3d, 0xd9, 0x3d, 0xb9, 0x35, 0xba, 0x3d, 0xb9, 0x3d,
    0xb9, 0x3d, 0xb9, 0x3d, 0xba, 0x35, 0xd9, 0x3d, 0xb9, 0x35, 0xd9, 0x3d,
    0xda, 0x3d, 0xd9, 0x35, 0xb9, 0x3d, 0xba, 0x3d, 0xb9, 0x3d, 0xb9, 0x3d,
    0xb9, 0x3d, 0xda, 0x35, 0xb9, 0x35, 0xb9, 0x3d, 0xba, 0x35, 0xb9, 0x3d,
    0xb9, 0x35, 0xb9, 0x35, 0xb9, 0x3d, 0xb9, 0x3d, 0xb9, 0x35, 0xb9, 0x35,
    0xb9, 0x35, 0xb9, 0x35, 0xb9, 0x3d, 0xb9, 0x3d, 0xba, 0x3d, 0xb9, 0x3d,
    0xb9, 0x3d, 0xb9, 0x35, 0xda, 0x3d, 0xb9, 0x35, 0xb9, 0x35, 0xba, 0x3d,
    0xb9, 0x35, 0xd9, 0x3d, 0xb9, 0x35, 0xd9, 0x3d, 0xd9, 0x3d, 0xd9, 0x3d,
    0xba, 0x3d, 0xb9, 0x35, 0xba, 0x3d, 0xb9, 0x3d, 0xd9, 0x3d, 0xb9, 0x3d,
    0xb9, 0x35, 0xd9, 0x3d, 0xb9, 0x3d, 0xba, 0x35, 0xb9, 0x3d, 0xb9, 0x3d,
    0xba, 0x3d, 0xb9, 0x3d, 0xb9, 0x3d, 0xb9, 0x35, 0xb9, 0x35, 0xba, 0x3d,
    0xb9, 0x35, 0xb9, 0x3d, 0xba, 0x3d, 0xb9, 0x3d, 0xb9, 0x3d, 0xb9, 0x35,
    0xb9, 0x35, 0xb9, 0x3d, 0xb9, 0x3d, 0xb9, 0x35, 0xb9, 0x35, 0xba, 0x3d,
    0xb9, 0x35, 0xb9, 0x35, 0xb9, 0x3d, 0xb9, 0x35, 0xb9, 0x35, 0xb9, 0x35,
    0xb9, 0x3d, 0xb9, 0x35, 0xba, 0x3d, 0xb9, 0x35, 0xb9, 0x35, 0xb9, 0x3d,
    0xb9, 0x3d, 0xb9, 0x3d, 0xb9, 0x35, 0xba, 0x3d, 0xb9, 0x35, 0xb9, 0x35,
    0xba, 0x35, 0xb9, 0x3d, 0xb9, 0x35, 0xb9, 0x3d, 0xb9, 0x35, 0xb9, 0x3d,
    0xb9, 0x35, 0xb9, 0x35, 0xba, 0x3d, 0xb9, 0x35, 0xb9, 0x35, 0xb9, 0x35,
    0xba, 0x35, 0xb9, 0x3d, 0xb9, 0x3d, 0xb9, 0x35, 0xb9, 0x35, 0xba, 0x3d,
    0xb9, 0x3d, 0xb9, 0x35, 0xb9, 0x35, 0xba, 0x3d, 0xb9, 0x35, 0xb9, 0x35,
    0xb9, 0x3d, 0xb9, 0x35, 0xb9, 0x35, 0xb9, 0x3d, 0xb9, 0x35, 0xba, 0x35,
    0xb9, 0x3d, 0xb9, 0x3d, 0xb9, 0x35, 0xba, 0x3d, 0xb9, 0x3d, 0xba, 0x35,
    0xb9, 0x35, 0xb9, 0x3d, 0xb9, 0x3d, 0xb9, 0x35, 0xb9, 0x35, 0xba, 0x35,
    0xb9, 0x35, 0xb9, 0x35, 0xb9, 0x3d, 0xba, 0x35, 0xb9, 0x35, 0xb9, 0x3d,
    0xb9, 0x35, 0xba, 0x3d, 0xb9, 0x35, 0xb9, 0x35, 0xba, 0x3d, 0xb9, 0x35,
    0xb9, 0x35, 0xba, 0x35, 0xb9, 0x3d, 0xb9, 0x35, 0xb9, 0x35, 0xb9, 0x3d,
    0xba, 0x35, 0xb9, 0x3d, 0xb9, 0x35, 0xba, 0x3d, 0xb9, 0x35, 0xb9, 0x3d,
    0xb9, 0x3d, 0xba, 0x35, 0xb9, 0x35, 0xb9, 0x3d, 0xb9, 0x35, 0xb9, 0x35,
    0xba, 0x3d, 0xb9, 0x35, 0xb9, 0x35, 0xb9, 0x3d, 0xba, 0x35, 0xb9, 0x3d,
    0x99, 0x35, 0xba, 0x3d, 0xb9, 0x35, 0xb9, 0x35, 0xb9, 0x3d, 0xb9, 0x3d,
    0xba, 0x35, 0xb9, 0x35, 0xb9, 0x3d, 0xba, 0x35, 0xb9, 0x35, 0xb9, 0x3d,
    0xba, 0x35, 0xb9, 0x35, 0xb9, 0x3d, 0xba, 0x35, 0xb9, 0x35, 0xb9, 0x35,
    0xb9, 0x35, 0xba, 0x3d, 0xb9, 0x35, 0xb9, 0x3d, 0xb9, 0x35, 0x99, 0x35,
    0xb9, 0x35, 0xba, 0x35, 0x99, 0x35, 0x99, 0x35, 0xb9, 0x3d, 0xb9, 0x35,
    0x19, 0x56, 0x1a, 0x56, 0x19, 0x56, 0x1a, 0x56, 0x3a, 0x5e, 0x1a, 0x56,
    0x1a, 0x5e, 0x39, 0x5e, 0x3a, 0x5e, 0x39, 0x5e, 0x39, 0x5e, 0x3a, 0x5e,
    0x59, 0x5e, 0x39, 0x66, 0x5a, 0x66, 0x59, 0x66, 0x59, 0x66, 0x5a, 0x66,
    0x59, 0x66, 0x5a, 0x66, 0x5a, 0x6e, 0x59, 0x6e, 0x7a, 0x6e, 0x7a, 0x6e,
    0x59, 0x6e, 0x5a, 0x6e, 0x5a, 0x66, 0xf9, 0x4d, 0xb9, 0x3d, 0xd9, 0x3d,
    0xb9, 0x35, 0xb9, 0x3d, 0xb9, 0x3d, 0xd9, 0x3d, 0xd9, 0x35, 0xba, 0x3d,
    0xd9, 0x3d, 0xb9, 0x35, 0xb9, 0x3d, 0xb9, 0x35, 0xda, 0x3d, 0xb9, 0x3d,
    0xd9, 0x35, 0xd9, 0x3d, 0xd9, 0x3d, 0xda, 0x3d, 0xb9, 0x35, 0xb9, 0x3d,
    0xba, 0x3d, 0xd9, 0x35, 0xb9, 0x3d, 0xd9, 0x3d, 0xb9, 0x35, 0xb9, 0x3d,
    0xd9, 0x3d, 0xba, 0x35, 0xb9, 0x3d, 0xd9, 0x3d, 0xb9, 0x35, 0xda, 0x3d,
    0xb9, 0x3d, 0xb9, 0x35, 0xb9, 0x35, 0xb9, 0x3d, 0xd9, 0x3d, 0xda, 0x3d,
    0xb9, 0x3d, 0xd9, 0x3d, 0xda, 0x35, 0xd9, 0x3d, 0xb9, 0x3d, 0xd9, 0x35,
    0xd9, 0x3d, 0xda, 0x3d, 0xd9, 0x3d, 0xb9, 0x3d, 0xda, 0x3d, 0xd9, 0x35,
    0xd9, 0x3d, 0xb9, 0x3d, 0xda, 0x3d, 0xb9, 0x35, 0xb9, 0x35, 0xb9, 0x35,
    0xd9, 0x3d, 0xb9, 0x35, 0xd9, 0x35, 0xb9, 0x3d, 0xda, 0x35, 0xb9, 0x35,
    0xd9, 0x3d, 0xba, 0x3d, 0xb9, 0x35, 0xb9, 0x35, 0xd9, 0x3d, 0xb9, 0x35,
    0xb9, 0x35, 0xb9, 0x35, 0xda, 0x3d, 0xb9, 0x3d, 0xb9, 0x35, 0xd9, 0x35,
    0xd9, 0x3d, 0xd9, 0x35, 0xd9, 0x3d, 0xd9, 0x35, 0xda, 0x3d, 0xb9, 0x3d,
    0xd9, 0x35, 0xba, 0x3d, 0xb9, 0x3d, 0xb9, 0x35, 0xd9, 0x3d, 0xd9, 0x3d,
    0xd9, 0x35, 0xba, 0x3d, 0xd9, 0x3d, 0xb9, 0x3d, 0xba, 0x35, 0xd9, 0x3d,
    0xb9, 0x3d, 0xba, 0x35, 0xb9, 0x35, 0xb9, 0x3d, 0xb9, 0x3d, 0xba, 0x35,
    0xb9, 0x35, 0xd9, 0x3d, 0xba, 0x35, 0xd9, 0x3d, 0xb9, 0x35, 0xb9, 0x3d,
    0xb9, 0x3d, 0xb9, 0x35, 0xb9, 0x35, 0xb9, 0x35, 0xba, 0x3d, 0xb9, 0x35,
    0xb9, 0x3d, 0xb9, 0x35, 0xb9, 0x3d, 0xb9, 0x35, 0xba, 0x3d, 0xb9, 0x35,
    0xb9, 0x35, 0xba, 0x3d, 0xb9, 0x35, 0xba, 0x35, 0xb9, 0x3d, 0xb9, 0x3d,
    0xba, 0x35, 0xb9, 0x35, 0xb9, 0x3d, 0xb9, 0x35, 0xb9, 0x35, 0xb9, 0x3d,
    0xb9, 0x3d, 0xba, 0x35, 0xb9, 0x3d, 0xb9, 0x35, 0xb9, 0x3d, 0xb9, 0x35,
    0xb9, 0x35, 0xb9, 0x3d, 0xb9, 0x35, 0xb9, 0x3d, 0xb9, 0x3d, 0xb9, 0x35,
    0xba, 0x3d, 0xb9, 0x3d, 0xba, 0x35, 0xb9, 0x3d, 0xb9, 0x3d, 0xb9, 0x3d,
    0xba, 0x35, 0xb9, 0x3d, 0xb9, 0x35, 0xba, 0x35, 0xb9, 0x3d, 0xb9, 0x35,
    0xb9, 0x3d, 0xb9, 0x35, 0xba, 0x3d, 0xba, 0x35, 0xb9, 0x35, 0xb9, 0x3d,
    0xb9, 0x35, 0xb9, 0x3d, 0xb9, 0x35, 0xba, 0x3d, 0xb9, 0x35, 0xb9, 0x3d,
    0xba, 0x35, 0xb9, 0x3d, 0xb9, 0x35, 0xb9, 0x3d, 0xb9, 0x35, 0xba, 0x35,
    0xba, 0x3d, 0xb9, 0x35, 0xb9, 0x35, 0xb9, 0x3d, 0xb9, 0x3d, 0xb9, 0x35,
    0xb9, 0x35, 0xb9, 0x3d, 0xb9, 0x35, 0xb9, 0x35, 0xb9, 0x3d, 0xba, 0x35,
    0xb9, 0x35, 0xb9, 0x3d, 0xba, 0x35, 0xb9, 0x3d, 0xb9, 0x3d, 0xb9, 0x35,
    0xb9, 0x3d, 0xb9, 0x3d, 0xb9, 0x35, 0xb9, 0x3d, 0xb9, 0x3d, 0xb9, 0x3d,
    0xb9, 0x35, 0xb9, 0x35, 0xb9, 0x3d, 0xb9, 0x3d, 0xb9, 0x35, 0xb9, 0x3d,
    0xb9, 0x35, 0xb9, 0x35, 0xb9, 0x3d, 0xba, 0x3d, 0xb9, 0x35, 0xb9, 0x35,
    0xba, 0x3d, 0xb9, 0x35, 0xb9, 0x35, 0xb9, 0x3d, 0xb9, 0x35, 0xb9, 0x35,
    0x39, 0x56, 0x39, 0x5e, 0x3a, 0x5e, 0x19, 0x5e, 0x39, 0x5e, 0x39, 0x5e,
    0x39, 0x5e, 0x3a, 0x5e, 0x3a, 0x5e, 0x39, 0x5e, 0x3a, 0x5e, 0x3a, 0x5e,
    0x39, 0x5e, 0x39, 0x5e, 0x3a, 0x5e, 0x39, 0x66, 0x5a, 0x66, 0x59, 0x66,
    0x59, 0x66, 0x5a, 0x66, 0x59, 0x66, 0x59, 0x66, 0x5a, 0x6e, 0x59, 0x6e,
    0x79, 0x6e, 0x7a, 0x6e, 0x5a, 0x66, 0x19, 0x56, 0xd9, 0x3d, 0xda, 0x3d,
    0xb9, 0x35, 0xd9, 0x3d, 0xd9, 0x35, 0xb9, 0x35, 0xb9, 0x3d, 0xd9, 0x3d,
    0xba, 0x3d, 0xd9, 0x3d, 0xb9, 0x3d, 0xd9, 0x3d, 0xb9, 0x35, 0xd9, 0x3d,
    0xda, 0x3d, 0xd9, 0x35, 0xd9, 0x3d, 0xda, 0x3d, 0xb9, 0x35, 0xd9, 0x3d,
    0xb9, 0x3d, 0xb9, 0x3d, 0xd9, 0x3d, 0xd9, 0x35, 0xda, 0x35, 0xd9, 0x3d,
    0xd9, 0x3d, 0xb9, 0x35, 0xb9, 0x3d, 0xd9, 0x3d, 0xb9, 0x35, 0xda, 0x3d,
    0xd9, 0x3d, 0xda, 0x3d, 0xda, 0x3d, 0xd9, 0x35, 0xba, 0x3d, 0xd9, 0x35,
    0xd9, 0x3d, 0xba, 0x3d, 0xd9, 0x35, 0xd9, 0x35, 0xba, 0x3d, 0xd9, 0x3d,
    0xb9, 0x35, 0xba, 0x3d, 0xd9, 0x3d, 0xb9, 0x35, 0xb9, 0x3d, 0xd9, 0x3d,
    0xb9, 0x3d, 0xda, 0x35, 0xd9, 0x3d, 0xb9, 0x35, 0xba, 0x3d, 0xd9, 0x3d,
    0xd9, 0x3d, 0xda, 0x3d, 0xb9, 0x35, 0xd9, 0x3d, 0xb9, 0x35, 0xba, 0x3d,
    0xd9, 0x3d, 0xb9, 0x3d, 0xb9, 0x35, 0xda, 0x3d, 0xb9, 0x35, 0xd9, 0x3d,
    0xd9, 0x35, 0xd9, 0x3d, 0xb9, 0x35, 0xda, 0x3d, 0xb9, 0x35, 0xd9, 0x3d,
    0xba, 0x3d, 0xb9, 0x35, 0xb9, 0x3d, 0xd9, 0x35, 0xba, 0x3d, 0xb9, 0x35,
    0xd9, 0x3d, 0xda, 0x3d, 0xb9, 0x35, 0xd9, 0x3d, 0xba, 0x35, 0xd9, 0x3d,
    0xb9, 0x35, 0xda, 0x35, 0xd9, 0x3d, 0xb9, 0x35, 0xba, 0x3d, 0xb9, 0x3d,
    0xd9, 0x35, 0xd9, 0x3d, 0xb9, 0x35, 0xd9, 0x3d, 0xba, 0x3d, 0xb9, 0x35,
    0xd9, 0x35, 0xba, 0x3d, 0xd9, 0x35, 0xb9, 0x35, 0xb9, 0x3d, 0xb9, 0x35,
    0xb9, 0x3d, 0xb9, 0x3d, 0xba, 0x3d, 0xb9, 0x35, 0xd9, 0x3d, 0xb9, 0x35,
    0xda, 0x3d, 0xd9, 0x3d, 0xd9, 0x35, 0xd9, 0x3d, 0xb9, 0x3d, 0xb9, 0x35,
    0xb9, 0x3d, 0xb9, 0x3d, 0xb9, 0x35, 0xb9, 0x3d, 0xb9, 0x35, 0xb9, 0x3d,
    0xb9, 0x35, 0xba, 0x3d, 0xb9, 0x3d, 0xb9, 0x35, 0xb9, 0x35, 0xda, 0x3d,
    0xb9, 0x35, 0xb9, 0x3d, 0xba, 0x3d, 0xd9, 0x35, 0xb9, 0x35, 0xba, 0x3d,
    0xb9, 0x35, 0xba, 0x3d, 0xb9, 0x35, 0xd9, 0x35, 0xb9, 0x35, 0xb9, 0x3d,
    0xd9, 0x3d, 0xb9, 0x35, 0xd9, 0x35, 0xda, 0x3d, 0xb9, 0x35, 0xd9, 0x3d,
    0xd9, 0x3d, 0xb9, 0x35, 0xb9, 0x35, 0xb9, 0x3d, 0xb9, 0x3d, 0xb9, 0x3d,
    0xba, 0x35, 0xd9, 0x3d, 0xb9, 0x3d, 0xd9, 0x35, 0xd9, 0x3d, 0xba, 0x3d,
    0xd9, 0x3d, 0xb9, 0x35, 0xba, 0x3d, 0xb9, 0x35, 0xb9, 0x35, 0xb9, 0x3d,
    0xb9, 0x3d, 0xd9, 0x35, 0xba, 0x3d, 0xb9, 0x3d, 0xb9, 0x35, 0xba, 0x3d,
    0xb9, 0x3d, 0xb9, 0x35, 0xb9, 0x3d, 0xba, 0x35, 0xb9, 0x35, 0xb9, 0x3d,
    0xba, 0x35, 0xb9, 0x35, 0xb9, 0x3d, 0xba, 0x3d, 0xb9, 0x35, 0xb9, 0x35,
    0xb9, 0x3d, 0xb9, 0x3d, 0xb9, 0x35, 0xba, 0x35, 0xb9, 0x35, 0xba, 0x35,
    0xb9, 0x35, 0xb9, 0x3d, 0xba, 0x35, 0xb9, 0x35, 0xba, 0x35, 0xb9, 0x35,
    0xb9, 0x3d, 0xba, 0x3d, 0xb9, 0x35, 0xb9, 0x3d, 0xba, 0x3d, 0xba, 0x35,
    0xba, 0x3d, 0xb9, 0x35, 0xb9, 0x3d, 0xba, 0x35, 0xb9, 0x35, 0xb9, 0x3d,
    0xb9, 0x3d, 0xb9, 0x35, 0xb9, 0x3d, 0xba, 0x35, 0xb9, 0x35, 0xb9, 0x3d,
    0x3a, 0x56, 0x39, 0x5e, 0x1a, 0x56, 0x39, 0x5e, 0x19, 0x5e, 0x3a, 0x5e,
    0x3a, 0x5e, 0x39, 0x5e, 0x39, 0x5e, 0x3a, 0x5e, 0x39, 0x5e, 0x39, 0x5e,
    0x39, 0x5e, 0x5a, 0x5e, 0x3a, 0x5e, 0x39, 0x5e, 0x3a, 0x66, 0x5a, 0x5e,
    0x59, 0x66, 0x5a, 0x66, 0x59, 0x66, 0x5a, 0x66, 0x5a, 0x66, 0x59, 0x66,
    0x5a, 0x66, 0x5a, 0x66, 0x59, 0x66, 0x19, 0x56, 0xd9, 0x3d, 0xba, 0x3d,
    0xb9, 0x3d, 0xda, 0x3d, 0xb9, 0x3d, 0xba, 0x35, 0xd9, 0x3d, 0xd9, 0x3d,
    0xb9, 0x35, 0xda, 0x3d, 0xda, 0x3d, 0xb9, 0x35, 0xd9, 0x3d, 0xd9, 0x3d,
    0xba, 0x3d, 0xb9, 0x35, 0xb9, 0x3d, 0xb9, 0x3d, 0xd9, 0x3d, 0xd9, 0x3d,
    0xda, 0x35, 0xb9, 0x3d, 0xb9, 0x3d, 0xda, 0x3d, 0xb9, 0x3d, 0xd9, 0x3d,
    0xba, 0x35, 0xd9, 0x3d, 0xd9, 0x3d, 0xba, 0x3d, 0xb9, 0x35, 0xb9, 0x3d,
    0xd9, 0x35, 0xb9, 0x3d, 0xb9, 0x3d, 0xd9, 0x35, 0xb9, 0x3d, 0xb9, 0x3d,
    0xb9, 0x35, 0xd9, 0x3d, 0xb9, 0x3d, 0xb9, 0x3d, 0xda, 0x3d, 0xb9, 0x3d,
    0xb9, 0x35, 0xd9, 0x35, 0xd9, 0x3d, 0xba, 0x35, 0xb9, 0x35, 0xd9, 0x3d,
    0xb9, 0x3d, 0xb9, 0x35, 0xd9, 0x3d, 0xd9, 0x3d, 0xb9, 0x35, 0xd9, 0x3d,
    0xb9, 0x35, 0xb9, 0x3d, 0xd9, 0x3d, 0xb9, 0x3d, 0xd9, 0x3d, 0xd9, 0x35,
    0xb9, 0x3d, 0xd9, 0x35, 0xd9, 0x3d, 0xb9, 0x3d, 0xd9, 0x3d, 0xba, 0x3d,
    0xd9, 0x3d, 0xb9, 0x35, 0xd9, 0x3d, 0xb9, 0x35, 0xda, 0x3d, 0xb9, 0x3d,
    0xd9, 0x35, 0xba, 0x35, 0xba, 0x3d, 0xd9, 0x3d, 0xb9, 0x35, 0xb9, 0x3d,
    0xb9, 0x35, 0xb9, 0x35, 0xd9, 0x3d, 0xb9, 0x35, 0xba, 0x35, 0xb9, 0x3d,
    0xb9, 0x3d, 0xb9, 0x35, 0xd9, 0x35, 0xd9, 0x3d, 0xd9, 0x3d, 0xb9, 0x35,
    0xda, 0x3d, 0xd9, 0x3d, 0xb9, 0x35, 0xda, 0x35, 0xd9, 0x3d, 0xd9, 0x3d,
    0xb9, 0x3d, 0xd9, 0x3d, 0xb9, 0x3d, 0xd9, 0x35, 0xda, 0x3d, 0xda, 0x3d,
    0xd9, 0x35, 0xd9, 0x35, 0xba, 0x3d, 0xb9, 0x3d, 0xd9, 0x35, 0xb9, 0x35,
    0xb9, 0x3d, 0xba, 0x35, 0xd9, 0x35, 0xb9, 0x3d, 0xb9, 0x35, 0xb9, 0x35,
    0xda, 0x35, 0xd9, 0x3d, 0xb9, 0x3d, 0xba, 0x35, 0xd9, 0x3d, 0xd9, 0x3d,
    0xb9, 0x35, 0xb9, 0x35, 0xda, 0x3d, 0xb9, 0x3d, 0xb9, 0x3d, 0xba, 0x35,
    0xd9, 0x35, 0xb9, 0x3d, 0xb9, 0x35, 0xb9, 0x3d, 0xda, 0x3d, 0xb9, 0x35,
    0xd9, 0x3d, 0xb9, 0x35, 0xda, 0x3d, 0xb9, 0x3d, 0xba, 0x35, 0xd9, 0x35,
    0xb9, 0x3d, 0xb9, 0x35, 0xb9, 0x3d, 0xd9, 0x35, 0xb9, 0x35, 0xb9, 0x35,
    0xda, 0x3d, 0xd9, 0x3d, 0xd9, 0x3d, 0xda, 0x35, 0xb9, 0x35, 0xd9, 0x35,
    0xba, 0x3d, 0xd9, 0x3d, 0xd9, 0x35, 0xb9, 0x35, 0xd9, 0x3d, 0xba, 0x35,
    0xb9, 0x35, 0xd9, 0x3d, 0xb9, 0x3d, 0xd9, 0x35, 0xda, 0x3d, 0xb9, 0x35,
    0xd9, 0x35, 0xba, 0x3d, 0xda, 0x3d, 0xd9, 0x35, 0xb9, 0x35, 0xb9, 0x3d,
    0xd9, 0x35, 0xb9, 0x3d, 0xba, 0x3d, 0xd9, 0x3d, 0xb9, 0x35, 0xba, 0x35,
    0xb9, 0x3d, 0xd9, 0x3d, 0xb9, 0x35, 0xb9, 0x3d, 0xba, 0x35, 0xb9, 0x3d,
    0xb9, 0x35, 0xba, 0x35, 0xb9, 0x3d, 0xb9, 0x3d, 0xb9, 0x3d, 0xba, 0x35,
    0xba, 0x3d, 0xb9, 0x35, 0xb9, 0x3d, 0xb9, 0x3d, 0xba, 0x35, 0xba, 0x35,
    0xb9, 0x35, 0xb9, 0x3d, 0xb9, 0x35, 0xb9, 0x35, 0xb9, 0x3d, 0xb9, 0x35,
    0xb9, 0x35, 0xb9, 0x3d, 0xb9, 0x35, 0xb9, 0x3d, 0xba, 0x35, 0xb9, 0x35,
    0xb9, 0x35, 0xba, 0x35, 0xb9, 0x3d, 0xb9, 0x35, 0xb9, 0x3d, 0xb9, 0x3d,
    0x39, 0x5e, 0x3a, 0x56, 0x19, 0x56, 0x3a, 0x5e, 0x3a, 0x56, 0x39, 0x5e,
    0x39, 0x56, 0x3a, 0x5e, 0x39, 0x5e, 0x39, 0x5e, 0x39, 0x5e, 0x3a, 0x5e,
    0x3a, 0x5e, 0x39, 0x5e, 0x39, 0x5e, 0x5a, 0x66, 0x39, 0x5e, 0x3a, 0x5e,
    0x39, 0x5e, 0x5a, 0x66, 0x5a, 0x66, 0x59, 0x66, 0x59, 0x66, 0x5a, 0x66,
    0x5a, 0x66, 0x59, 0x66, 0x5a, 0x66, 0x19, 0x56, 0xda, 0x3d, 0xd9, 0x3d,
    0xd9, 0x3d, 0xb9, 0x3d, 0xd9, 0x3d, 0xd9, 0x3d, 0xba, 0x3d, 0xb9, 0x3d,
    0xd9, 0x3d, 0xd9, 0x3d, 0xb9, 0x3d, 0xda, 0x3d, 0xb9, 0x3d, 0xd9, 0x3d,
    0xb9, 0x3d, 0xd9, 0x3d, 0xda, 0x3d, 0xb9, 0x35, 0xd9, 0x3d, 0xba, 0x3d,
    0xd9, 0x35, 0xd9, 0x3d, 0xba, 0x3d, 0xb9, 0x35, 0xd9, 0x3d, 0xd9, 0x3d,
    0xba, 0x3d, 0xd9, 0x35, 0xd9, 0x3d, 0xba, 0x3d, 0xd9, 0x35, 0xd9, 0x3d,
    0xd9, 0x3d, 0xb9, 0x35, 0xb9, 0x3d, 0xda, 0x3d, 0xd9, 0x35, 0xda, 0x3d,
    0xd9, 0x3d, 0xba, 0x35, 0xd9, 0x3d, 0xb9, 0x3d, 0xd9, 0x35, 0xd9, 0x3d,
    0xb9, 0x3d, 0xd9, 0x3d, 0xd9, 0x3d, 0xda, 0x3d, 0xd9, 0x3d, 0xd9, 0x3d,
    0xd9, 0x3d, 0xba, 0x35, 0xb9, 0x3d, 0xd9, 0x3d, 0xda, 0x3d, 0xb9, 0x3d,
    0xda, 0x3d, 0xb9, 0x3d, 0xd9, 0x3d, 0xda, 0x3d, 0xda, 0x35, 0xb9, 0x3d,
    0xd9, 0x3d, 0xba, 0x35, 0xb9, 0x3d, 0xd9, 0x3d, 0xba, 0x35, 0xd9, 0x3d,
    0xd9, 0x3d, 0xba, 0x3d, 0xb9, 0x3d, 0xd9, 0x35, 0xd9, 0x3d, 0xd9, 0x3d,
    0xd9, 0x3d, 0xd9, 0x3d, 0xd9, 0x3d, 0xd9, 0x35, 0xd9, 0x3d, 0xda, 0x3d,
    0xd9, 0x3d, 0xb9, 0x35, 0xda, 0x3d, 0xd9, 0x3d, 0xd9, 0x3d, 0xd9, 0x3d,
    0xb9, 0x3d, 0xba, 0x3d, 0xb9, 0x3d, 0xd9, 0x35, 0xba, 0x35, 0xda, 0x3d,
    0xd9, 0x3d, 0xb9, 0x35, 0xb9, 0x3d, 0xd9, 0x3d, 0xda, 0x3d, 0xb9, 0x35,
    0xd9, 0x3d, 0xda, 0x35, 0xb9, 0x35, 0xb9, 0x3d, 0xd9, 0x3d, 0xd9, 0x3d,
    0xb9, 0x35, 0xd9, 0x3d, 0xd9, 0x3d, 0xd9, 0x35, 0xda, 0x35, 0xb9, 0x3d,
    0xb9, 0x3d, 0xb9, 0x35, 0xda, 0x3d, 0xb9, 0x3d, 0xd9, 0x3d, 0xda, 0x35,
    0xd9, 0x3d, 0xb9, 0x35, 0xd9, 0x3d, 0xda, 0x3d, 0xd9, 0x35, 0xb9, 0x35,
    0xda, 0x3d, 0xd9, 0x3d, 0xd9, 0x35, 0xb9, 0x35, 0xd9, 0x3d, 0xd9, 0x3d,
    0xd9, 0x35, 0xda, 0x3d, 0xb9, 0x35, 0xd9, 0x35, 0xd9, 0x3d, 0xd9, 0x35,
    0xb9, 0x35, 0xd9, 0x3d, 0xd9, 0x3d, 0xd9, 0x3d, 0xd9, 0x3d, 0xd9, 0x3d,
    0xda, 0x35, 0xba, 0x3d, 0xb9, 0x3d, 0xd9, 0x3d, 0xda, 0x3d, 0xd9, 0x3d,
    0xb9, 0x35, 0xba, 0x3d, 0xd9, 0x3d, 0xd9, 0x35, 0xd9, 0x3d, 0xd9, 0x35,
    0xb9, 0x3d, 0xd9, 0x35, 0xba, 0x3d, 0xb9, 0x35, 0xd9, 0x3d, 0xd9, 0x3d,
    0xba, 0x35, 0xd9, 0x3d, 0xb9, 0x35, 0xda, 0x3d, 0xb9, 0x3d, 0xb9, 0x35,
    0xba, 0x3d, 0xb9, 0x3d, 0xd9, 0x35, 0xba, 0x3d, 0xb9, 0x3d, 0xd9, 0x35,
    0xb9, 0x3d, 0xba, 0x35, 0xd9, 0x3d, 0xd9, 0x35, 0xd9, 0x3d, 0xb9, 0x3d,
    0xd9, 0x35, 0xba, 0x3d, 0xb9, 0x35, 0xb9, 0x35, 0xb9, 0x3d, 0xda, 0x3d,
    0xd9, 0x35, 0xb9, 0x35, 0xda, 0x3d, 0xd9, 0x35, 0xb9, 0x35, 0xd9, 0x3d,
    0xb9, 0x3d, 0xb9, 0x35, 0xd9, 0x35, 0xd9, 0x3d, 0xb9, 0x3d, 0xb9, 0x3d,
    0xba, 0x35, 0xb9, 0x3d, 0xba, 0x3d, 0xb9, 0x35, 0xba, 0x3d, 0xd9, 0x3d,
    0xb9, 0x35, 0xba, 0x3d, 0xb9, 0x35, 0xb9, 0x3d, 0xb9, 0x3d, 0xba, 0x3d,
    0xb9, 0x3d, 0xb9, 0x3d, 0xb9, 0x35, 0xb9, 0x3d, 0xba, 0x35, 0xb9, 0x3d,
    0x1a, 0x5e, 0x19, 0x56, 0x39, 0x5e, 0x3a, 0x56, 0x19, 0x56, 0x3a, 0x5e,
    0x3a, 0x56, 0x39, 0x5e, 0x3a, 0x5e, 0x3a, 0x5e, 0x3a, 0x5e, 0x39, 0x5e,
    0x3a, 0x5e, 0x39, 0x5e, 0x3a, 0x5e, 0x39, 0x5e, 0x3a, 0x5e, 0x59, 0x5e,
    0x39, 0x5e, 0x3a, 0x5e, 0x3a, 0x66, 0x59, 0x66, 0x59, 0x66, 0x5a, 0x66,
    0x59, 0x66, 0x39, 0x66, 0x3a, 0x5e, 0x19, 0x4e, 0xd9, 0x3d, 0xd9, 0x3d,
    0xd9, 0x3d, 0xda, 0x3d, 0xd9, 0x3d, 0xd9, 0x3d, 0xd9, 0x3d, 0xda, 0x3d,
    0xd9, 0x3d, 0xd9, 0x3d, 0xd9, 0x35, 0xda, 0x3d, 0xd9, 0x3d, 0xd9, 0x3d,
    0xda, 0x35, 0xd9, 0x3d, 0xd9, 0x3d, 0xd9, 0x35, 0xda, 0x3d, 0xb9, 0x3d,
    0xd9, 0x3d, 0xd9, 0x3d, 0xd9, 0x3d, 0xd9, 0x35, 0xd9, 0x3d, 0xd9, 0x3d,
    0xb9, 0x3d, 0xb9, 0x3d, 0xd9, 0x35, 0xd9, 0x3d, 0xd9, 0x3d, 0xba, 0x3d,
    0xb9, 0x3d, 0xd9, 0x3d, 0xda, 0x3d, 0xd9, 0x3d, 0xd9, 0x3d, 0xd9, 0x3d,
    0xd9, 0x3d, 0xd9, 0x3d, 0xda, 0x3d, 0xb9, 0x35, 0xb9, 0x3d, 0xda, 0x3d,
    0xd9, 0x3d, 0xda, 0x3d, 0xd9, 0x3d, 0xd9, 0x3d, 0xd9, 0x3d, 0xba, 0x35,
    0xda, 0x3d, 0xd9, 0x3d, 0xd9, 0x3d, 0xda, 0x3d, 0xb9, 0x35, 0xda, 0x3d,
    0xd9, 0x3d, 0xd9, 0x35, 0xd9, 0x3d, 0xb9, 0x35, 0xd9, 0x35, 0xda, 0x3d,
    0xb9, 0x3d, 0xd9, 0x3d, 0xd9, 0x35, 0xda, 0x3d, 0xb9, 0x35, 0xd9, 0x3d,
    0xd9, 0x3d, 0xba, 0x35, 0xd9, 0x3d, 0xb9, 0x3d, 0xba, 0x35, 0xd9, 0x3d,
    0xba, 0x35, 0xd9, 0x3d, 0xda, 0x35, 0xb9, 0x3d, 0xd9, 0x3d, 0xb9, 0x35,
    0xda, 0x3d, 0xd9, 0x3d, 0xb9, 0x35, 0xb9, 0x3d, 0xda, 0x3d, 0xd9, 0x35,
    0xd9, 0x35, 0xda, 0x3d, 0xb9, 0x3d, 0xb9, 0x3d, 0xd9, 0x35, 0xb9, 0x3d,
    0xb9, 0x35, 0xd9, 0x3d, 0xda, 0x3d, 0xd9, 0x35, 0xb9, 0x35, 0xba, 0x3d,
    0xd9, 0x3d, 0xb9, 0x3d, 0xba, 0x35, 0xd9, 0x3d, 0xd9, 0x3d, 0xda, 0x3d,
    0xb9, 0x35, 0xd9, 0x3d, 0xd9, 0x3d, 0xba, 0x3d, 0xb9, 0x35, 0xd9, 0x3d,
    0xd9, 0x35, 0xd9, 0x3d, 0xb9, 0x3d, 0xd9, 0x35, 0xb9, 0x3d, 0xb9, 0x3d,
    0xb9, 0x3d, 0xd9, 0x35, 0xb9, 0x35, 0xd9, 0x3d, 0xb9, 0x35, 0xba, 0x3d,
    0xd9, 0x3d, 0xb9, 0x3d, 0xba, 0x3d, 0xd9, 0x35, 0xda, 0x35, 0xb9, 0x3d,
    0xb9, 0x3d, 0xd9, 0x3d, 0xda, 0x35, 0xb9, 0x3d, 0xd9, 0x3d, 0xb9, 0x35,
    0xda, 0x3d, 0xba, 0x35, 0xb9, 0x3d, 0xb9, 0x35, 0xb9, 0x35, 0xda, 0x3d,
    0xb9, 0x3d, 0xd9, 0x35, 0xd9, 0x35, 0xb9, 0x3d, 0xba, 0x35, 0xd9, 0x3d,
    0xb9, 0x35, 0xb9, 0x35, 0xd9, 0x3d, 0xba, 0x3d, 0xd9, 0x35, 0xba, 0x3d,
    0xd9, 0x3d, 0xd9, 0x3d, 0xba, 0x3d, 0xd9, 0x3d, 0xba, 0x35, 0xda, 0x3d,
    0xd9, 0x35, 0xba, 0x3d, 0xd9, 0x3d, 0xb9, 0x35, 0xd9, 0x35, 0xda, 0x3d,
    0xb9, 0x3d, 0xd9, 0x35, 0xb9, 0x3d, 0xd9, 0x3d, 0xda, 0x35, 0xd9, 0x35,
    0xda, 0x3d, 0xb9, 0x35, 0xd9, 0x3d, 0xba, 0x3d, 0xba, 0x3d, 0xb9, 0x3d,
    0xb9, 0x35, 0xda, 0x3d, 0xda, 0x3d, 0xb9, 0x35, 0xd9, 0x3d, 0xd9, 0x35,
    0xb9, 0x35, 0xba, 0x3d, 0xb9, 0x3d, 0xd9, 0x35, 0xda, 0x35, 0xb9, 0x35,
    0xda, 0x3d, 0xba, 0x3d, 0xba, 0x35, 0xb9, 0x3d, 0xd9, 0x3d, 0xd9, 0x3d,
    0xd9, 0x3d, 0xb9, 0x35, 0xda, 0x3d, 0xd9, 0x3d, 0xb9, 0x35, 0xb9, 0x35,
    0xd9, 0x3d, 0xba, 0x35, 0xd9, 0x35, 0xb9, 0x3d, 0xda, 0x35, 0xb9, 0x35,
    0xb9, 0x35, 0xba, 0x3d, 0xb9, 0x35, 0xba, 0x35, 0xb9, 0x3d, 0xb9, 0x35,
    0x39, 0x56, 0x3a, 0x56, 0x19, 0x5e, 0x39, 0x5e, 0x39, 0x56, 0x19, 0x56,
    0x3a, 0x5e, 0x39, 0x56, 0x39, 0x56, 0x3a, 0x5e, 0x39, 0x56, 0x39, 0x5e,
    0x3a, 0x5e, 0x39, 0x5e, 0x3a, 0x5e, 0x39, 0x5e, 0x3a, 0x5e, 0x3a, 0x5e,
    0x39, 0x5e, 0x3a, 0x5e, 0x39, 0x5e, 0x3a, 0x5e, 0x39, 0x5e, 0x5a, 0x66,
    0x59, 0x66, 0x39, 0x5e, 0x3a, 0x5e, 0x19, 0x4e, 0xda, 0x45, 0xda, 0x45,
    0xd9, 0x3d, 0xd9, 0x3d, 0xda, 0x3d, 0xd9, 0x3d, 0xd9, 0x3d, 0xd9, 0x35,
    0xda, 0x3d, 0xd9, 0x3d, 0xd9, 0x3d, 0xd9, 0x3d, 0xd9, 0x3d, 0xda, 0x3d,
    0xd9, 0x3d, 0xb9, 0x3d, 0xd9, 0x3d, 0xd9, 0x3d, 0xd9, 0x3d, 0xda, 0x3d,
    0xd9, 0x35, 0xd9, 0x3d, 0xda, 0x3d, 0xd9, 0x3d, 0xda, 0x3d, 0xda, 0x3d,
    0xd9, 0x35, 0xda, 0x3d, 0xd9, 0x3d, 0xd9, 0x3d, 0xda, 0x3d, 0xd9, 0x35,
    0xd9, 0x3d, 0xd9, 0x3d, 0xd9, 0x3d, 0xd9, 0x35, 0xb9, 0x3d, 0xda, 0x3d,
    0xd9, 0x35, 0xd9, 0x3d, 0xd9, 0x3d, 0xd9, 0x3d, 0xda, 0x35, 0xd9, 0x3d,
    0xda, 0x35, 0xb9, 0x35, 0xd9, 0x3d, 0xd9, 0x35, 0xb9, 0x3d, 0xd9, 0x3d,
    0xd9, 0x3d, 0xd9, 0x35, 0xda, 0x3d, 0xd9, 0x3d, 0xd9, 0x3d, 0xd9, 0x35,
    0xda, 0x3d, 0xd9, 0x35, 0xda, 0x3d, 0xd9, 0x3d, 0xd9, 0x3d, 0xd9, 0x3d,
    0xda, 0x3d, 0xd9, 0x3d, 0xd9, 0x3d, 0xd9, 0x3d, 0xd9, 0x3d, 0xb9, 0x35,
    0xda, 0x3d, 0xd9, 0x35, 0xd9, 0x3d, 0xd9, 0x35, 0xd9, 0x3d, 0xda, 0x3d,
    0xb9, 0x35, 0xd9, 0x3d, 0xd9, 0x3d, 0xb9, 0x35, 0xda, 0x3d, 0xb9, 0x35,
    0xd9, 0x3d, 0xb9, 0x3d, 0xd9, 0x35, 0xb9, 0x3d, 0xd9, 0x35, 0xda, 0x3d,
    0xd9, 0x35, 0xd9, 0x35, 0xd9, 0x3d, 0xd9, 0x3d, 0xd9, 0x3d, 0xda, 0x3d,
    0xda, 0x3d, 0xd9, 0x35, 0xd9, 0x3d, 0xd9, 0x3d, 0xb9, 0x35, 0xd9, 0x3d,
    0xd9, 0x3d, 0xb9, 0x3d, 0xd9, 0x3d, 0xda, 0x35, 0xb9, 0x3d, 0xd9, 0x3d,
    0xda, 0x35, 0xd9, 0x3d, 0xd9, 0x35, 0xda, 0x3d, 0xb9, 0x3d, 0xd9, 0x3d,
    0xda, 0x35, 0xb9, 0x35, 0xb9, 0x3d, 0xda, 0x3d, 0xd9, 0x3d, 0xb9, 0x35,
    0xda, 0x3d, 0xba, 0x3d, 0xb9, 0x3d, 0xd9, 0x3d, 0xd9, 0x35, 0xb9, 0x35,
    0xd9, 0x3d, 0xd9, 0x3d, 0xb9, 0x35, 0xd9, 0x3d, 0xba, 0x3d, 0xda, 0x3d,
    0xd9, 0x3d, 0xb9, 0x35, 0xb9, 0x3d, 0xda, 0x3d, 0xd9, 0x3d, 0xd9, 0x3d,
    0xd9, 0x3d, 0xb9, 0x3d, 0xda, 0x35, 0xd9, 0x3d, 0xda, 0x3d, 0xb9, 0x35,
    0xd9, 0x3d, 0xd9, 0x3d, 0xd9, 0x35, 0xd9, 0x3d, 0xda, 0x3d, 0xd9, 0x3d,
    0xd9, 0x3d, 0xb9, 0x35, 0xda, 0x3d, 0xd9, 0x3d, 0xb9, 0x35, 0xb9, 0x3d,
    0xd9, 0x35, 0xd9, 0x35, 0xb9, 0x35, 0xd9, 0x35, 0xb9, 0x3d, 0xb9, 0x35,
    0xd9, 0x3d, 0xd9, 0x3d, 0xb9, 0x35, 0xb9, 0x35, 0xd9, 0x3d, 0xd9, 0x3d,
    0xb9, 0x35, 0xb9, 0x3d, 0xd9, 0x3d, 0xb9, 0x35, 0xb9, 0x3d, 0xb9, 0x3d,
    0xd9, 0x3d, 0xd9, 0x3d, 0xb9, 0x35, 0xd9, 0x35, 0xd9, 0x3d, 0xda, 0x35,
    0xd9, 0x3d, 0xb9, 0x3d, 0xd9, 0x35, 0xb9, 0x3d, 0xba, 0x3d, 0xda, 0x3d,
    0xb9, 0x3d, 0xda, 0x35, 0xd9, 0x3d, 0xb9, 0x3d, 0xb9, 0x3d, 0xda, 0x3d,
    0xd9, 0x3d, 0xb9, 0x3d, 0xd9, 0x35, 0xb9, 0x35, 0xba, 0x3d, 0xd9, 0x35,
    0xd9, 0x35, 0xba, 0x3d, 0xd9, 0x3d, 0xd9, 0x35, 0xba, 0x35, 0xb9, 0x3d,
    0xd9, 0x3d, 0xd9, 0x35, 0xb9, 0x3d, 0xda, 0x3d, 0xd9, 0x3d, 0xb9, 0x35,
    0xd9, 0x3d, 0xb9, 0x35, 0xb9, 0x3d, 0xd9, 0x3d, 0xb9, 0x3d, 0xb9, 0x35,
    0x39, 0x56, 0x1a, 0x56, 0x1a, 0x56, 0x3a, 0x5e, 0x3a, 0x5e, 0x19, 0x56,
    0x19, 0x5e, 0x3a, 0x56, 0x39, 0x56, 0x39, 0x5e, 0x3a, 0x56, 0x39, 0x5e,
    0x39, 0x5e, 0x39, 0x56, 0x39, 0x5e, 0x39, 0x5e, 0x3a, 0x5e, 0x39, 0x5e,
    0x39, 0x5e, 0x3a, 0x5e, 0x39, 0x5e, 0x5a, 0x5e, 0x3a, 0x5e, 0x3a, 0x5e,
    0x3a, 0x5e, 0x3a, 0x5e, 0x39, 0x5e, 0x19, 0x56, 0xfa, 0x4d, 0x19, 0x4e,
    0xf9, 0x4d, 0xf9, 0x45, 0xfa, 0x45, 0xda, 0x3d, 0xd9, 0x3d, 0xda, 0x3d,
    0xd9, 0x3d, 0xd9, 0x3d, 0xda, 0x3d, 0xd9, 0x3d, 0xd9, 0x3d, 0xd9, 0x3d,
    0xda, 0x3d, 0xd9, 0x3d, 0xda, 0x3d, 0xb9, 0x3d, 0xda, 0x3d, 0xd9, 0x3d,
    0xd9, 0x3d, 0xda, 0x3d, 0xb9, 0x3d, 0xd9, 0x3d, 0xd9, 0x3d, 0xd9, 0x3d,
    0xb9, 0x3d, 0xd9, 0x3d, 0xda, 0x3d, 0xd9, 0x3d, 0xd9, 0x3d, 0xd9, 0x3d,
    0xda, 0x3d, 0xba, 0x3d, 0xd9, 0x3d, 0xd9, 0x3d, 0xd9, 0x3d, 0xda, 0x3d,
    0xba, 0x3d, 0xd9, 0x3d, 0xda, 0x3d, 0xd9, 0x3d, 0xd9, 0x3d, 0xd9, 0x3d,
    0xd9, 0x3d, 0xda, 0x3d, 0xd9, 0x3d, 0xd9, 0x3d, 0xda, 0x35, 0xd9, 0x3d,
    0xd9, 0x3d, 0xd9, 0x3d, 0xd9, 0x3d, 0xd9, 0x3d, 0xda, 0x3d, 0xd9, 0x3d,
    0xb9, 0x3d, 0xd9, 0x3d, 0xb9, 0x3d, 0xda, 0x3d, 0xda, 0x3d, 0xb9, 0x3d,
    0xd9, 0x3d, 0xd9, 0x3d, 0xda, 0x3d, 0xd9, 0x35, 0xd9, 0x3d, 0xda, 0x3d,
    0xd9, 0x3d, 0xd9, 0x3d, 0xd9, 0x3d, 0xda, 0x3d, 0xd9, 0x3d, 0xd9, 0x3d,
    0xd9, 0x3d, 0xd9, 0x3d, 0xda, 0x35, 0xda, 0x3d, 0xd9, 0x3d, 0xda, 0x3d,
    0xd9, 0x35, 0xda, 0x3d, 0xba, 0x3d, 0xd9, 0x3d, 0xd9, 0x3d, 0xba, 0x3d,
    0xd9, 0x3d, 0xd9, 0x3d, 0xda, 0x3d, 0xd9, 0x35, 0xd9, 0x35, 0xd9, 0x3d,
    0xd9, 0x35, 0xda, 0x3d, 0xb9, 0x3d, 0xda, 0x3d, 0xd9, 0x35, 0xda, 0x3d,
    0xda, 0x3d, 0xd9, 0x35, 0xd9, 0x3d, 0xd9, 0x35, 0xd9, 0x3d, 0xb9, 0x35,
    0xd9, 0x3d, 0xda, 0x3d, 0xd9, 0x3d, 0xd9, 0x35, 0xd9, 0x3d, 0xb9, 0x35,
    0xba, 0x3d, 0xd9, 0x3d, 0xd9, 0x35, 0xda, 0x3d, 0xda, 0x3d, 0xd9, 0x35,
    0xd9, 0x3d, 0xd9, 0x3d, 0xda, 0x3d, 0xb9, 0x35, 0xda, 0x3d, 0xd9, 0x3d,
    0xba, 0x35, 0xd9, 0x35, 0xd9, 0x3d, 0xb9, 0x3d, 0xd9, 0x35, 0xb9, 0x3d,
    0xd9, 0x35, 0xd9, 0x3d, 0xb9, 0x35, 0xd9, 0x3d, 0xda, 0x3d, 0xb9, 0x35,
    0xd9, 0x3d, 0xd9, 0x3d, 0xd9, 0x35, 0xb9, 0x3d, 0xd9, 0x3d, 0xd9, 0x3d,
    0xda, 0x3d, 0xd9, 0x3d, 0xba, 0x35, 0xb9, 0x3d, 0xd9, 0x3d, 0xd9, 0x35,
    0xb9, 0x3d, 0xda, 0x3d, 0xd9, 0x3d, 0xd9, 0x35, 0xd9, 0x3d, 0xb9, 0x35,
    0xda, 0x3d, 0xda, 0x3d, 0xb9, 0x3d, 0xd9, 0x3d, 0xd9, 0x3d, 0xda, 0x3d,
    0xd9, 0x35, 0xd9, 0x3d, 0xda, 0x3d, 0xda, 0x3d, 0xb9, 0x3d, 0xb9, 0x3d,
    0xda, 0x3d, 0xda, 0x3d, 0xb9, 0x35, 0xd9, 0x3d, 0xba, 0x3d, 0xd9, 0x35,
    0xb9, 0x35, 0xda, 0x3d, 0xb9, 0x35, 0xb9, 0x3d, 0xd9, 0x3d, 0xd9, 0x35,
    0xb9, 0x35, 0xda, 0x3d, 0xd9, 0x3d, 0xb9, 0x35, 0xd9, 0x3d, 0xda, 0x3d,
    0xd9, 0x35, 0xb9, 0x35, 0xd9, 0x3d, 0xd9, 0x3d, 0xb9, 0x35, 0xd9, 0x35,
    0xb9, 0x3d, 0xd9, 0x3d, 0xd9, 0x35, 0xb9, 0x3d, 0xba, 0x3d, 0xd9, 0x3d,
    0xda, 0x35, 0xb9, 0x3d, 0xb9, 0x35, 0xd9, 0x3d, 0xba, 0x3d, 0xd9, 0x3d,
    0xb9, 0x35, 0xba, 0x3d, 0xb9, 0x3d, 0xd9, 0x35, 0xb9, 0x3d, 0xda, 0x3d,
    0xd9, 0x35, 0xd9, 0x3d, 0xda, 0x3d, 0xd9, 0x35, 0xb9, 0x35, 0xb9, 0x3d,
    0x19, 0x5e, 0x39, 0x56, 0x39, 0x56, 0x3a, 0x56, 0x19, 0x56, 0x39, 0x5e,
    0x3a, 0x56, 0x3a, 0x5e, 0x19, 0x5e, 0x19, 0x56, 0x3a, 0x56, 0x3a, 0x5e,
    0x39, 0x56, 0x3a, 0x5e, 0x3a, 0x5e, 0x39, 0x5e, 0x39, 0x5e, 0x3a, 0x5e,
    0x39, 0x5e, 0x5a, 0x5e, 0x39, 0x5e, 0x39, 0x5e, 0x39, 0x5e, 0x39, 0x5e,
    0x59, 0x5e, 0x3a, 0x5e, 0x3a, 0x5e, 0x19, 0x56, 0x3a, 0x56, 0x3a, 0x56,
    0x19, 0x56, 0x1a, 0x56, 0x3a, 0x56, 0x19, 0x4e, 0xf9, 0x4d, 0xfa, 0x4d,
    0xf9, 0x45, 0xd9, 0x3d, 0xda, 0x3d, 0xda, 0x3d, 0xd9, 0x3d, 0xd9, 0x3d,
    0xd9, 0x3d, 0xda, 0x3d, 0xd9, 0x3d, 0xda, 0x3d, 0xd9, 0x3d, 0xd9, 0x3d,
    0xd9, 0x3d, 0xd9, 0x3d, 0xd9, 0x3d, 0xda, 0x3d, 0xd9, 0x3d, 0xd9, 0x3d,
    0xd9, 0x3d, 0xd9, 0x3d, 0xd9, 0x3d, 0xda, 0x3d, 0xd9, 0x3d, 0xd9, 0x3d,
    0xd9, 0x3d, 0xd9, 0x3d, 0xd9, 0x3d, 0xda, 0x3d, 0xd9, 0x3d, 0xd9, 0x3d,
    0xd9, 0x3d, 0xd9, 0x3d, 0xd9, 0x3d, 0xd9, 0x3d, 0xd9, 0x3d, 0xd9, 0x3d,
    0xd9, 0x3d, 0xd9, 0x3d, 0xd9, 0x3d, 0xda, 0x3d, 0xd9, 0x3d, 0xd9, 0x3d,
    0xba, 0x3d, 0xd9, 0x3d, 0xd9, 0x3d, 0xd9, 0x3d, 0xda, 0x3d, 0xd9, 0x3d,
    0xd9, 0x3d, 0xd9, 0x3d, 0xd9, 0x3d, 0xd9, 0x3d, 0xd9, 0x3d, 0xd9, 0x35,
    0xd9, 0x3d, 0xda, 0x3d, 0xd9, 0x3d, 0xd9, 0x3d, 0xba, 0x3d, 0xd9, 0x3d,
    0xd9, 0x35, 0xd9, 0x3d, 0xba, 0x3d, 0xd9, 0x35, 0xba, 0x3d, 0xda, 0x3d,
    0xd9, 0x3d, 0xb9, 0x3d, 0xda, 0x3d, 0xd9, 0x3d, 0xd9, 0x3d, 0xd9, 0x3d,
    0xd9, 0x3d, 0xd9, 0x35, 0xd9, 0x3d, 0xd9, 0x3d, 0xd9, 0x3d, 0xd9, 0x3d,
    0xb9, 0x3d, 0xd9, 0x35, 0xba, 0x3d, 0xd9, 0x3d, 0xd9, 0x3d, 0xb9, 0x3d,
    0xd9, 0x3d, 0xd9, 0x3d, 0xd9, 0x35, 0xda, 0x35, 0xd9, 0x3d, 0xd9, 0x3d,
    0xba, 0x3d, 0xd9, 0x35, 0xd9, 0x3d, 0xda, 0x3d, 0xd9, 0x3d, 0xd9, 0x3d,
    0xda, 0x3d, 0xb9, 0x3d, 0xd9, 0x3d, 0xd9, 0x35, 0xda, 0x3d, 0xd9, 0x3d,
    0xd9, 0x3d, 0xd9, 0x3d, 0xd9, 0x35, 0xda, 0x3d, 0xd9, 0x3d, 0xd9, 0x3d,
    0xd9, 0x35, 0xd9, 0x35, 0xd9, 0x3d, 0xd9, 0x3d, 0xd9, 0x3d, 0xd9, 0x3d,
    0xd9, 0x3d, 0xda, 0x3d, 0xd9, 0x3d, 0xda, 0x3d, 0xd9, 0x35, 0xd9, 0x3d,
    0xda, 0x3d, 0xd9, 0x3d, 0xb9, 0x35, 0xd9, 0x3d, 0xd9, 0x3d, 0xda, 0x35,
    0xd9, 0x3d, 0xda, 0x3d, 0xd9, 0x3d, 0xd9, 0x3d, 0xda, 0x35, 0xd9, 0x3d,
    0xb9, 0x3d, 0xd9, 0x35, 0xd9, 0x3d, 0xda, 0x3d, 0xda, 0x3d, 0xb9, 0x35,
    0xd9, 0x3d, 0xd9, 0x3d, 0xd9, 0x35, 0xda, 0x3d, 0xda, 0x3d, 0xb9, 0x3d,
    0xd9, 0x3d, 0xd9, 0x3d, 0xba, 0x35, 0xda, 0x3d, 0xd9, 0x3d, 0xda, 0x3d,
    0xb9, 0x35, 0xd9, 0x3d, 0xd9, 0x3d, 0xd9, 0x3d, 0xba, 0x35, 0xd9, 0x35,
    0xd9, 0x3d, 0xd9, 0x3d, 0xb9, 0x3d, 0xda, 0x3d, 0xd9, 0x3d, 0xd9, 0x35,
    0xda, 0x3d, 0xd9, 0x3d, 0xd9, 0x3d, 0xba, 0x3d, 0xda, 0x3d, 0xb9, 0x3d,
    0xda, 0x3d, 0xb9, 0x3d, 0xd9, 0x3d, 0xd9, 0x35, 0xd9, 0x3d, 0xd9, 0x3d,
    0xb9, 0x35, 0xd9, 0x3d, 0xb9, 0x35, 0xda, 0x3d, 0xd9, 0x35, 0xb9, 0x3d,
    0xba, 0x35, 0xda, 0x3d, 0xb9, 0x3d, 0xd9, 0x35, 0xd9, 0x3d, 0xda, 0x3d,
    0xb9, 0x3d, 0xda, 0x3d, 0xb9, 0x35, 0xb9, 0x3d, 0xd9, 0x3d, 0xd9, 0x35,
    0xda, 0x3d, 0xb9, 0x3d, 0xd9, 0x3d, 0xb9, 0x35, 0xba, 0x3d, 0xd9, 0x3d,
    0xb9, 0x35, 0xba, 0x3d, 0xda, 0x3d, 0xb9, 0x35, 0xd9, 0x3d, 0xb9, 0x3d,
    0x19, 0x56, 0x3a, 0x56, 0x19, 0x56, 0x39, 0x56, 0x39, 0x5e, 0x1a, 0x56,
    0x39, 0x56, 0x39, 0x56, 0x3a, 0x5e, 0x39, 0x56, 0x3a, 0x5e, 0x19, 0x56,
    0x39, 0x56, 0x3a, 0x56, 0x3a, 0x56, 0x39, 0x5e, 0x3a, 0x5e, 0x3a, 0x56,
    0x39, 0x5e, 0x3a, 0x5e, 0x39, 0x5e, 0x3a, 0x5e, 0x3a, 0x5e, 0x39, 0x5e,
    0x39, 0x5e, 0x3a, 0x5e, 0x39, 0x5e, 0x39, 0x56, 0x19, 0x56, 0x39, 0x5e,
    0x3a, 0x56, 0x19, 0x56, 0x39, 0x56, 0x39, 0x56, 0x1a, 0x56, 0x19, 0x56,
    0x19, 0x4e, 0xfa, 0x45, 0xd9, 0x3d, 0xd9, 0x3d, 0xda, 0x3d, 0xda, 0x3d,
    0xd9, 0x3d, 0xd9, 0x3d, 0xd9, 0x3d, 0xd9, 0x3d, 0xd9, 0x3d, 0xda, 0x3d,
    0xda, 0x3d, 0xd9, 0x3d, 0xda, 0x3d, 0xd9, 0x3d, 0xd9, 0x3d, 0xda, 0x3d,
    0xda, 0x3d, 0xd9, 0x3d, 0xb9, 0x35, 0xda, 0x3d, 0xd9, 0x3d, 0xd9, 0x3d,
    0xda, 0x3d, 0xd9, 0x3d, 0xd9, 0x35, 0xd9, 0x3d, 0xb9, 0x3d, 0xd9, 0x3d,
    0xd9, 0x3d, 0xda, 0x35, 0xd9, 0x3d, 0xda, 0x3d, 0xda, 0x3d, 0xd9, 0x3d,
    0xda, 0x3d, 0xd9, 0x3d, 0xda, 0x3d, 0xd9, 0x3d, 0xd9, 0x3d, 0xda, 0x3d,
    0xd9, 0x3d, 0xda, 0x3d, 0xd9, 0x3d, 0xda, 0x3d, 0xd9, 0x3d, 0xda, 0x3d,
    0xda, 0x3d, 0xd9, 0x3d, 0xd9, 0x3d, 0xda, 0x3d, 0xd9, 0x35, 0xd9, 0x3d,
    0xda, 0x3d, 0xd9, 0x3d, 0xd9, 0x3d, 0xd9, 0x3d, 0xd9, 0x3d, 0xda, 0x3d,
    0xd9, 0x3d, 0xd9, 0x3d, 0xd9, 0x3d, 0xd9, 0x35, 0xd9, 0x3d, 0xda, 0x3d,
    0xd9, 0x35, 0xd9, 0x3d, 0xd9, 0x3d, 0xd9, 0x3d, 0xb9, 0x3d, 0xd9, 0x35,
    0xda, 0x3d, 0xd9, 0x3d, 0xd9, 0x3d, 0xda, 0x35, 0xd9, 0x35, 0xd9, 0x3d,
    0xda, 0x3d, 0xd9, 0x3d, 0xd9, 0x3d, 0xda, 0x3d, 0xd9, 0x3d, 0xda, 0x35,
    0xba, 0x3d, 0xd9, 0x3d, 0xd9, 0x35, 0xba, 0x3d, 0xd9, 0x3d, 0xd9, 0x3d,
    0xd9, 0x3d, 0xd9, 0x3d, 0xda, 0x35, 0xb9, 0x3d, 0xd9, 0x3d, 0xda, 0x35,
    0xd9, 0x3d, 0xd9, 0x3d, 0xd9, 0x35, 0xb9, 0x3d, 0xd9, 0x3d, 0xda, 0x3d,
    0xd9, 0x35, 0xda, 0x3d, 0xb9, 0x3d, 0xd9, 0x3d, 0xd9, 0x3d, 0xda, 0x3d,
    0xb9, 0x3d, 0xda, 0x3d, 0xda, 0x3d, 0xd9, 0x35, 0xd9, 0x3d, 0xba, 0x3d,
    0xd9, 0x35, 0xd9, 0x3d, 0xb9, 0x3d, 0xda, 0x3d, 0xd9, 0x35, 0xd9, 0x3d,
    0xda, 0x3d, 0xd9, 0x3d, 0xda, 0x3d, 0xd9, 0x3d, 0xd9, 0x3d, 0xd9, 0x3d,
    0xd9, 0x35, 0xda, 0x3d, 0xb9, 0x3d, 0xd9, 0x35, 0xd9, 0x3d, 0xda, 0x3d,
    0xda, 0x3d, 0xd9, 0x3d, 0xd9, 0x3d, 0xd9, 0x3d, 0xd9, 0x35, 0xda, 0x3d,
    0xd9, 0x3d, 0xda, 0x3d, 0xb9, 0x3d, 0xd9, 0x3d, 0xd9, 0x3d, 0xd9, 0x35,
    0xd9, 0x3d, 0xd9, 0x3d, 0xd9, 0x3d, 0xd9, 0x35, 0xd9, 0x35, 0xd9, 0x3d,
    0xd9, 0x3d, 0xda, 0x3d, 0xd9, 0x35, 0xd9, 0x3d, 0xd9, 0x3d, 0xd9, 0x3d,
    0xd9, 0x35, 0xd9, 0x3d, 0xda, 0x35, 0xd9, 0x3d, 0xd9, 0x3d, 0xd9, 0x3d,
    0xd9, 0x3d, 0xd9, 0x35, 0xd9, 0x3d, 0xd9, 0x3d, 0xd9, 0x35, 0xd9, 0x3d,
    0xd9, 0x3d, 0xda, 0x3d, 0xd9, 0x35, 0xda, 0x3d, 0xd9, 0x3d, 0xd9, 0x3d,
    0xda, 0x3d, 0xda, 0x3d, 0xb9, 0x3d, 0xd9, 0x35, 0xda, 0x3d, 0xb9, 0x3d,
    0xd9, 0x3d, 0xd9, 0x35, 0xb9, 0x3d, 0xda, 0x3d, 0xd9, 0x35, 0xd9, 0x3d,
    0xd9, 0x3d, 0xd9, 0x3d, 0xba, 0x3d, 0xd9, 0x35, 0xd9, 0x3d, 0xba, 0x35,
    0xd9, 0x3d, 0xd9, 0x35, 0xda, 0x3d, 0xd9, 0x3d, 0xd9, 0x3d, 0xb9, 0x35,
    0xd9, 0x3d, 0xba, 0x3d, 0xb9, 0x35, 0xd9, 0x3d, 0xd9, 0x3d, 0xba, 0x35,
    0x1a, 0x56, 0x39, 0x56, 0x3a, 0x56, 0x1a, 0x56, 0x39, 0x56, 0x1a, 0x56,
    0x3a, 0x5e, 0x39, 0x56, 0x39, 0x56, 0x3a, 0x5e, 0x39, 0x5e, 0x3a, 0x5e,
    0x39, 0x5e, 0x39, 0x5e, 0x3a, 0x5e, 0x39, 0x56, 0x39, 0x56, 0x3a, 0x5e,
    0x39, 0x5e, 0x39, 0x56, 0x3a, 0x5e, 0x39, 0x5e, 0x39, 0x5e, 0x5a, 0x5e,
    0x39, 0x5e, 0x3a, 0x5e, 0x3a, 0x5e, 0x39, 0x5e, 0x39, 0x5e, 0x3a, 0x5e,
    0x39, 0x56, 0x19, 0x56, 0x3a, 0x5e, 0x19, 0x56, 0x3a, 0x56, 0x19, 0x56,
    0x1a, 0x56, 0x19, 0x4e, 0xf9, 0x45, 0xf9, 0x45, 0xd9, 0x3d, 0xda, 0x3d,
    0xd9, 0x3d, 0xd9, 0x3d, 0xda, 0x3d, 0xd9, 0x3d, 0xd9, 0x3d, 0xd9, 0x3d,
    0xd9, 0x3d, 0xd9, 0x3d, 0xd9, 0x3d, 0xd9, 0x3d, 0xda, 0x3d, 0xd9, 0x3d,
    0xd9, 0x3d, 0xd9, 0x3d, 0xd9, 0x3d, 0xda, 0x3d, 0xd9, 0x3d, 0xda, 0x3d,
    0xd9, 0x3d, 0xd9, 0x3d, 0xda, 0x3d, 0xd9, 0x3d, 0xd9, 0x3d, 0xda, 0x3d,
    0xd9, 0x3d, 0xd9, 0x3d, 0xd9, 0x3d, 0xda, 0x3d, 0xd9, 0x3d, 0xd9, 0x3d,
    0xd9, 0x3d, 0xda, 0x3d, 0xd9, 0x3d, 0xd9, 0x3d, 0xd9, 0x3d, 0xd9, 0x3d,
    0xda, 0x3d, 0xd9, 0x3d, 0xd9, 0x3d, 0xd9, 0x3d, 0xd9, 0x3d, 0xd9, 0x3d,
    0xd9, 0x3d, 0xd9, 0x3d, 0xda, 0x3d, 0xd9, 0x3d, 0xd9, 0x3d, 0xda, 0x3d,
    0xd9, 0x3d, 0xd9, 0x3d, 0xda, 0x35, 0xd9, 0x3d, 0xd9, 0x3d, 0xd9, 0x3d,
    0xda, 0x3d, 0xd9, 0x3d, 0xd9, 0x3d, 0xd9, 0x3d, 0xd9, 0x3d, 0xd9, 0x3d,
    0xd9, 0x3d, 0xda, 0x3d, 0xda, 0x3d, 0xd9, 0x3d, 0xd9, 0x35, 0xda, 0x3d,
    0xd9, 0x3d, 0xd9, 0x3d, 0xd9, 0x3d, 0xba, 0x3d, 0xd9, 0x3d, 0xd9, 0x3d,
    0xda, 0x35, 0xd9, 0x3d, 0xd9, 0x3d, 0xd9, 0x3d, 0xd9, 0x35, 0xd9, 0x3d,
    0xd9, 0x3d, 0xd9, 0x3d, 0xd9, 0x3d, 0xd9, 0x3d, 0xd9, 0x3d, 0xda, 0x35,
    0xd9, 0x3d, 0xd9, 0x3d, 0xd9, 0x3d, 0xd9, 0x3d, 0xd9, 0x35, 0xd9, 0x3d,
    0xd9, 0x3d, 0xda, 0x3d, 0xd9, 0x3d, 0xd9, 0x3d, 0xd9, 0x3d, 0xd9, 0x35,
    0xd9, 0x3d, 0xd9, 0x3d, 0xda, 0x3d, 0xd9, 0x3d, 0xd9, 0x35, 0xd9, 0x3d,
    0xd9, 0x3d, 0xd9, 0x3d, 0xd9, 0x35, 0xda, 0x3d, 0xd9, 0x3d, 0xd9, 0x35,
    0xda, 0x3d, 0xd9, 0x3d, 0xd9, 0x3d, 0xd9, 0x3d, 0xb9, 0x3d, 0xd9, 0x3d,
    0xd9, 0x35, 0xb9, 0x35, 0xd9, 0x3d, 0xda, 0x3d, 0xb9, 0x3d, 0xd9, 0x3d,
    0xd9, 0x3d, 0xd9, 0x35, 0xda, 0x3d, 0xd9, 0x3d, 0xd9, 0x3d, 0xd9, 0x35,
    0xd9, 0x3d, 0xd9, 0x3d, 0xda, 0x3d, 0xd9, 0x3d, 0xd9, 0x3d, 0xb9, 0x3d,
    0xd9, 0x35, 0xd9, 0x3d, 0xda, 0x3d, 0xd9, 0x3d, 0xb9, 0x35, 0xd9, 0x3d,
    0xda, 0x3d, 0xd9, 0x3d, 0xd9, 0x3d, 0xda, 0x3d, 0xb9, 0x3d, 0xd9, 0x3d,
    0xda, 0x3d, 0xd9, 0x35, 0xd9, 0x3d, 0xda, 0x3d, 0xd9, 0x3d, 0xda, 0x3d,
    0xd9, 0x3d, 0xd9, 0x3d, 0xda, 0x3d, 0xd9, 0x35, 0xb9, 0x3d, 0xda, 0x3d,
    0xda, 0x3d, 0xb9, 0x3d, 0xda, 0x35, 0xd9, 0x3d, 0xb9, 0x3d, 0xb9, 0x35,
    0xd9, 0x3d, 0xd9, 0x3d, 0xb9, 0x3d, 0xd9, 0x3d, 0xba, 0x35, 0xb9, 0x3d,
    0xd9, 0x3d, 0xda, 0x35, 0xd9, 0x3d, 0xd9, 0x3d, 0xd9, 0x3d, 0xda, 0x3d,
    0xb9, 0x3d, 0xd9, 0x3d, 0xda, 0x3d, 0xda, 0x3d, 0xb9, 0x35, 0xda, 0x3d,
    0xd9, 0x35, 0xd9, 0x3d, 0xd9, 0x3d, 0xb9, 0x35, 0xda, 0x3d, 0xd9, 0x3d,
    0xb9, 0x35, 0xda, 0x3d, 0xb9, 0x3d, 0xd9, 0x3d, 0xd9, 0x35, 0xda, 0x3d,
    0xd9, 0x3d, 0xd9, 0x3d, 0xb9, 0x35, 0xd9, 0x3d, 0xb9, 0x3d, 0xd9, 0x3d,
    0x19, 0x56, 0x39, 0x56, 0x1a, 0x56, 0x19, 0x56, 0x39, 0x56, 0x3a, 0x56,
    0x19, 0x56, 0x39, 0x56, 0x1a, 0x56, 0x39, 0x56, 0x3a, 0x56, 0x19, 0x56,
    0x3a, 0x5e, 0x39, 0x56, 0x19, 0x5e, 0x3a, 0x56, 0x39, 0x5e, 0x3a, 0x5e,
    0x3a, 0x5e, 0x39, 0x56, 0x3a, 0x5e, 0x3a, 0x5e, 0x39, 0x5e, 0x39, 0x5e,
    0x3a, 0x5e, 0x39, 0x5e, 0x3a, 0x56, 0x39, 0x5e, 0x3a, 0x5e, 0x3a, 0x56,
    0x39, 0x5e, 0x3a, 0x5e, 0x3a, 0x56, 0x39, 0x56, 0x1a, 0x56, 0x1a, 0x56,
    0x19, 0x56, 0x1a, 0x4e, 0x1a, 0x4e, 0xf9, 0x45, 0xf9, 0x3d, 0xd9, 0x3d,
    0xfa, 0x3d, 0xd9, 0x3d, 0xda, 0x3d, 0xd9, 0x3d, 0xd9, 0x3d, 0xda, 0x3d,
    0xd9, 0x3d, 0xd9, 0x3d, 0xda, 0x3d, 0xd9, 0x3d, 0xd9, 0x3d, 0xd9, 0x3d,
    0xd9, 0x3d, 0xda, 0x3d, 0xda, 0x3d, 0xd9, 0x3d, 0xd9, 0x3d, 0xd9, 0x3d,
    0xd9, 0x3d, 0xd9, 0x3d, 0xda, 0x3d, 0xd9, 0x3d, 0xda, 0x3d, 0xda, 0x3d,
    0xd9, 0x3d, 0xd9, 0x3d, 0xd9, 0x3d, 0xd9, 0x3d, 0xd9, 0x3d, 0xd9, 0x3d,
    0xda, 0x3d, 0xd9, 0x3d, 0xd9, 0x3d, 0xda, 0x3d, 0xd9, 0x3d, 0xd9, 0x3d,
    0xd9, 0x3d, 0xd9, 0x3d, 0xd9, 0x3d, 0xd9, 0x3d, 0xd9, 0x3d, 0xd9, 0x3d,
    0xda, 0x3d, 0xd9, 0x3d, 0xd9, 0x3d, 0xd9, 0x3d, 0xda, 0x3d, 0xd9, 0x3d,
    0xd9, 0x3d, 0xda, 0x3d, 0xd9, 0x3d, 0xd9, 0x3d, 0xda, 0x3d, 0xd9, 0x3d,
    0xd9, 0x3d, 0xda, 0x3d, 0xd9, 0x3d, 0xda, 0x3d, 0xd9, 0x3d, 0xda, 0x3d,
    0xd9, 0x3d, 0xd9, 0x3d, 0xd9, 0x3d, 0xd9, 0x3d, 0xd9, 0x3d, 0xda, 0x3d,
    0xd9, 0x3d, 0xda, 0x3d, 0xda, 0x3d, 0xd9, 0x3d, 0xd9, 0x3d, 0xda, 0x3d,
    0xd9, 0x3d, 0xd9, 0x3d, 0xda, 0x35, 0xd9, 0x3d, 0xd9, 0x3d, 0xd9, 0x3d,
    0xda, 0x3d, 0xd9, 0x35, 0xd9, 0x3d, 0xda, 0x3d, 0xd9, 0x3d, 0xd9, 0x35,
    0xda, 0x3d, 0xd9, 0x3d, 0xd9, 0x3d, 0xda, 0x3d, 0xda, 0x3d, 0xd9, 0x3d,
    0xd9, 0x3d, 0xda, 0x3d, 0xd9, 0x3d, 0xda, 0x35, 0xd9, 0x3d, 0xd9, 0x3d,
    0xda, 0x3d, 0xd9, 0x3d, 0xd9, 0x3d, 0xda, 0x35, 0xd9, 0x3d, 0xd9, 0x3d,
    0xda, 0x3d, 0xd9, 0x35, 0xd9, 0x3d, 0xd9, 0x3d, 0xd9, 0x3d, 0xd9, 0x3d,
    0xd9, 0x3d, 0xda, 0x3d, 0xd9, 0x35, 0xd9, 0x3d, 0xda, 0x3d, 0xd9, 0x3d,
    0xd9, 0x3d, 0xd9, 0x3d, 0xd9, 0x3d, 0xd9, 0x3d, 0xda, 0x35, 0xd9, 0x3d,
    0xd9, 0x3d, 0xda, 0x3d, 0xd9, 0x3d, 0xd9, 0x3d, 0xda, 0x3d, 0xd9, 0x3d,
    0xd9, 0x3d, 0xd9, 0x35, 0xda, 0x3d, 0xd9, 0x3d, 0xd9, 0x3d, 0xda, 0x3d,
    0xd9, 0x35, 0xd9, 0x3d, 0xd9, 0x3d, 0xda, 0x3d, 0xd9, 0x3d, 0xd9, 0x3d,
    0xda, 0x3d, 0xd9, 0x35, 0xd9, 0x3d, 0xda, 0x3d, 0xd9, 0x3d, 0xd9, 0x3d,
    0xda, 0x3d, 0xd9, 0x3d, 0xd9, 0x3d, 0xb9, 0x3d, 0xda, 0x3d, 0xd9, 0x3d,
    0xd9, 0x35, 0xda, 0x3d, 0xb9, 0x3d, 0xd9, 0x3d, 0xd9, 0x3d, 0xd9, 0x35,
    0xda, 0x3d, 0xd9, 0x3d, 0xda, 0x3d, 0xd9, 0x3d, 0xda, 0x3d, 0xda, 0x3d,
    0xd9, 0x3d, 0xd9, 0x35, 0xda, 0x3d, 0xd9, 0x3d, 0xd9, 0x35, 0xd9, 0x3d,
    0xd9, 0x3d, 0xb9, 0x3d, 0xd9, 0x3d, 0xda, 0x35, 0xb9, 0x3d, 0xd9, 0x3d,
    0xd9, 0x35, 0xda, 0x3d, 0xd9, 0x3d, 0xd9, 0x35, 0xd9, 0x3d, 0xb9, 0x3d,
    0xda, 0x3d, 0xd9, 0x35, 0xd9, 0x3d, 0xda, 0x3d, 0xd9, 0x3d, 0xd9, 0x3d,
    0xd9, 0x3d, 0xda, 0x3d, 0xd9, 0x3d, 0xd9, 0x35, 0xda, 0x3d, 0xb9, 0x3d,
    0xd9, 0x3d, 0xda, 0x3d, 0xd9, 0x3d, 0xda, 0x3d, 0xd9, 0x3d, 0xd9, 0x3d,
    0x19, 0x56, 0x3a, 0x56, 0x19, 0x56, 0x1a, 0x56, 0x39, 0x56, 0x19, 0x5e,
    0x39, 0x56, 0x3a, 0x5e, 0x3a, 0x5e, 0x19, 0x56, 0x39, 0x5e, 0x3a, 0x56,
    0x3a, 0x5e, 0x39, 0x56, 0x3a, 0x5e, 0x39, 0x56, 0x3a, 0x5e, 0x39, 0x56,
    0x39, 0x5e, 0x39, 0x5e, 0x3a, 0x56, 0x39, 0x5e, 0x3a, 0x5e, 0x3a, 0x5e,
    0x39, 0x5e, 0x39, 0x5e, 0x39, 0x56, 0x3a, 0x56, 0x39, 0x56, 0x39, 0x56,
    0x19, 0x56, 0x3a, 0x56, 0x19, 0x56, 0x39, 0x56, 0x19, 0x56, 0x19, 0x56,
    0x19, 0x4e, 0x19, 0x4e, 0x1a, 0x4e, 0xf9, 0x45, 0xfa, 0x45, 0xf9, 0x3d,
    0xd9, 0x3d, 0xd9, 0x3d, 0xd9, 0x3d, 0xd9, 0x3d, 0xfa, 0x3d, 0xda, 0x3d,
    0xd9, 0x3d, 0xd9, 0x3d, 0xd9, 0x3d, 0xd9, 0x3d, 0xd9, 0x3d, 0xda, 0x3d,
    0xd9, 0x3d, 0xf9, 0x3d, 0xda, 0x3d, 0xd9, 0x3d, 0xd9, 0x3d, 0xda, 0x3d,
    0xd9, 0x3d, 0xd9, 0x3d, 0xd9, 0x3d, 0xd9, 0x3d, 0xd9, 0x3d, 0xd9, 0x3d,
    0xd9, 0x3d, 0xd9, 0x3d, 0xda, 0x3d, 0xd9, 0x3d, 0xd9, 0x3d, 0xda, 0x3d,
    0xd9, 0x3d, 0xf9, 0x3d, 0xd9, 0x3d, 0xda, 0x3d, 0xd9, 0x3d, 0xd9, 0x3d,
    0xda, 0x3d, 0xd9, 0x3d, 0xd9, 0x3d, 0xfa, 0x3d, 0xd9, 0x3d, 0xfa, 0x3d,
    0xd9, 0x3d, 0xd9, 0x3d, 0xda, 0x3d, 0xda, 0x3d, 0xd9, 0x3d, 0xd9, 0x3d,
    0xd9, 0x3d, 0xd9, 0x3d, 0xd9, 0x3d, 0xd9, 0x3d, 0xda, 0x3d, 0xd9, 0x3d,
    0xd9, 0x3d, 0xd9, 0x3d, 0xd9, 0x3d, 0xd9, 0x35, 0xd9, 0x3d, 0xd9, 0x3d,
    0xda, 0x3d, 0xd9, 0x3d, 0xd9, 0x3d, 0xda, 0x35, 0xd9, 0x3d, 0xd9, 0x3d,
    0xd9, 0x3d, 0xd9, 0x3d, 0xd9, 0x3d, 0xd9, 0x35, 0xd9, 0x3d, 0xd9, 0x3d,
    0xd9, 0x3d, 0xd9, 0x3d, 0xd9, 0x3d, 0xda, 0x3d, 0xd9, 0x3d, 0xd9, 0x3d,
    0xda, 0x3d, 0xda, 0x3d, 0xd9, 0x3d, 0xd9, 0x3d, 0xd9, 0x3d, 0xda, 0x3d,
    0xd9, 0x3d, 0xd9, 0x3d, 0xd9, 0x35, 0xd9, 0x3d, 0xd9, 0x3d, 0xd9, 0x3d,
    0xd9, 0x3d, 0xd9, 0x3d, 0xd9, 0x35, 0xd9, 0x3d, 0xda, 0x3d, 0xda, 0x3d,
    0xd9, 0x3d, 0xd9, 0x3d, 0xd9, 0x3d, 0xda, 0x3d, 0xd9, 0x3d, 0xd9, 0x3d,
    0xda, 0x3d, 0xd9, 0x3d, 0xd9, 0x3d, 0xda, 0x3d, 0xda, 0x3d, 0xd9, 0x3d,
    0xd9, 0x3d, 0xda, 0x3d, 0xd9, 0x3d, 0xd9, 0x3d, 0xda, 0x3d, 0xd9, 0x3d,
    0xda, 0x3d, 0xda, 0x3d, 0xd9, 0x3d, 0xd9, 0x3d, 0xd9, 0x35, 0xda, 0x3d,
    0xd9, 0x3d, 0xd9, 0x3d, 0xd9, 0x3d, 0xd9, 0x3d, 0xda, 0x3d, 0xda, 0x3d,
    0xd9, 0x3d, 0xd9, 0x3d, 0xd9, 0x3d, 0xda, 0x3d, 0xd9, 0x3d, 0xd9, 0x3d,
    0xda, 0x3d, 0xd9, 0x3d, 0xd9, 0x3d, 0xda, 0x3d, 0xd9, 0x3d, 0xd9, 0x3d,
    0xda, 0x3d, 0xd9, 0x3d, 0xd9, 0x3d, 0xda, 0x3d, 0xd9, 0x35, 0xd9, 0x3d,
    0xd9, 0x3d, 0xd9, 0x3d, 0xda, 0x35, 0xd9, 0x3d, 0xd9, 0x3d, 0xd9, 0x3d,
    0xda, 0x3d, 0xd9, 0x3d, 0xd9, 0x3d, 0xda, 0x3d, 0xd9, 0x3d, 0xda, 0x3d,
    0xd9, 0x3d, 0xd9, 0x35, 0xd9, 0x3d, 0xd9, 0x3d, 0xd9, 0x3d, 0xd9, 0x3d,
    0xd9, 0x3d, 0xda, 0x3d, 0xd9, 0x3d, 0xd9, 0x3d, 0xda, 0x3d, 0xda, 0x3d,
    0xd9, 0x3d, 0xda, 0x3d, 0xd9, 0x3d, 0xda, 0x3d, 0xd9, 0x3d, 0xd9, 0x3d,
    0xda, 0x35, 0xd9, 0x3d, 0xd9, 0x35, 0xd9, 0x3d, 0xda, 0x3d, 0xd9, 0x3d,
    0xd9, 0x3d, 0xb9, 0x3d, 0xb9, 0x3d, 0xd9, 0x3d, 0xd9, 0x35, 0xb9, 0x3d,
    0xd9, 0x3d, 0xd9, 0x3d, 0xda, 0x35, 0xd9, 0x3d, 0xb9, 0x3d, 0xd9, 0x3d,
    0xd9, 0x35, 0xb9, 0x35, 0xd9, 0x3d, 0xba, 0x3d, 0xd9, 0x3d, 0xd9, 0x3d,
    0x1a, 0x56, 0x3a, 0x56, 0x19, 0x56, 0x39, 0x56, 0x1a, 0x56, 0x3a, 0x56,
    0x19, 0x56, 0x19, 0x56, 0x39, 0x56, 0x1a, 0x56, 0x39, 0x56, 0x39, 0x56,
    0x1a, 0x5e, 0x39, 0x5e, 0x3a, 0x5e, 0x39, 0x56, 0x39, 0x56, 0x3a, 0x5e,
    0x3a, 0x5e, 0x39, 0x56, 0x39, 0x56, 0x39, 0x5e, 0x39, 0x5e, 0x3a, 0x56,
    0x3a, 0x5e, 0x39, 0x5e, 0x39, 0x5e, 0x3a, 0x56, 0x39, 0x56, 0x1a, 0x56,
    0x19, 0x56, 0x19, 0x56, 0x1a, 0x4e, 0x19, 0x4e, 0x1a, 0x4e, 0x19, 0x4e,
    0x1a, 0x4e, 0x19, 0x4e, 0xf9, 0x45, 0xf9, 0x45, 0xfa, 0x45, 0xd9, 0x3d,
    0xf9, 0x3d, 0xfa, 0x3d, 0xda, 0x3d, 0xd9, 0x3d, 0xd9, 0x3d, 0xd9, 0x3d,
    0xd9, 0x3d, 0xd9, 0x3d, 0xda, 0x3d, 0xf9, 0x3d, 0xfa, 0x3d, 0xd9, 0x3d,
    0xf9, 0x3d, 0xd9, 0x3d, 0xd9, 0x3d, 0xf9, 0x3d, 0xd9, 0x3d, 0xf9, 0x3d,
    0xfa, 0x3d, 0xd9, 0x3d, 0xf9, 0x3d, 0xda, 0x3d, 0xf9, 0x3d, 0xf9, 0x3d,
    0xfa, 0x3d, 0xf9, 0x3d, 0xd9, 0x3d, 0xfa, 0x3d, 0xda, 0x3d, 0xf9, 0x3d,
    0xd9, 0x3d, 0xd9, 0x3d, 0xda, 0x3d, 0xd9, 0x3d, 0xd9, 0x3d, 0xfa, 0x3d,
    0xd9, 0x3d, 0xd9, 0x3d, 0xfa, 0x3d, 0xd9, 0x3d, 0xda, 0x3d, 0xd9, 0x3d,
    0xd9, 0x3d, 0xf9, 0x3d, 0xd9, 0x3d, 0xd9, 0x3d, 0xda, 0x3d, 0xd9, 0x3d,
    0xd9, 0x3d, 0xda, 0x3d, 0xd9, 0x3d, 0xda, 0x3d, 0xd9, 0x3d, 0xd9, 0x3d,
    0xda, 0x3d, 0xd9, 0x3d, 0xd9, 0x3d, 0xfa, 0x3d, 0xd9, 0x3d, 0xd9, 0x3d,
    0xd9, 0x35, 0xda, 0x3d, 0xd9, 0x3d, 0xd9, 0x3d, 0xd9, 0x3d, 0xd9, 0x3d,
    0xda, 0x3d, 0xd9, 0x3d, 0xda, 0x3d, 0xd9, 0x3d, 0xd9, 0x3d, 0xda, 0x3d,
    0xda, 0x3d, 0xd9, 0x3d, 0xd9, 0x3d, 0xd9, 0x3d, 0xda, 0x3d, 0xd9, 0x3d,
    0xd9, 0x3d, 0xd9, 0x3d, 0xd9, 0x3d, 0xd9, 0x3d, 0xda, 0x3d, 0xd9, 0x3d,
    0xd9, 0x3d, 0xda, 0x3d, 0xd9, 0x3d, 0xd9, 0x3d, 0xda, 0x3d, 0xd9, 0x3d,
    0xda, 0x3d, 0xd9, 0x3d, 0xd9, 0x3d, 0xd9, 0x3d, 0xd9, 0x3d, 0xd9, 0x3d,
    0xd9, 0x35, 0xd9, 0x3d, 0xda, 0x3d, 0xd9, 0x3d, 0xd9, 0x35, 0xda, 0x3d,
    0xd9, 0x3d, 0xd9, 0x3d, 0xd9, 0x3d, 0xd9, 0x3d, 0xda, 0x3d, 0xd9, 0x3d,
    0xd9, 0x35, 0xd9, 0x3d, 0xd9, 0x3d, 0xda, 0x3d, 0xd9, 0x35, 0xd9, 0x3d,
    0xd9, 0x3d, 0xd9, 0x3d, 0xd9, 0x3d, 0xda, 0x3d, 0xd9, 0x3d, 0xda, 0x3d,
    0xd9, 0x3d, 0xd9, 0x35, 0xda, 0x3d, 0xd9, 0x3d, 0xd9, 0x35, 0xd9, 0x3d,
    0xd9, 0x3d, 0xda, 0x3d, 0xd9, 0x3d, 0xda, 0x3d, 0xd9, 0x3d, 0xd9, 0x3d,
    0xd9, 0x3d, 0xd9, 0x3d, 0xda, 0x3d, 0xd9, 0x35, 0xd9, 0x3d, 0xd9, 0x3d,
    0xd9, 0x3d, 0xd9, 0x3d, 0xd9, 0x3d, 0xda, 0x3d, 0xd9, 0x35, 0xd9, 0x3d,
    0xd9, 0x3d, 0xda, 0x3d, 0xd9, 0x3d, 0xda, 0x3d, 0xd9, 0x3d, 0xd9, 0x35,
    0xd9, 0x3d, 0xd9, 0x3d, 0xd9, 0x3d, 0xda, 0x3d, 0xd9, 0x3d, 0xd9, 0x3d,
    0xd9, 0x3d, 0xda, 0x3d, 0xd9, 0x3d, 0xd9, 0x3d, 0xda, 0x3d, 0xd9, 0x35,
    0xd9, 0x3d, 0xda, 0x3d, 0xd9, 0x3d, 0xd9, 0x3d, 0xd9, 0x3d, 0xd9, 0x3d,
    0xda, 0x3d, 0xd9, 0x35, 0xd9, 0x3d, 0xd9, 0x3d, 0xd9, 0x3d, 0xd9, 0x3d,
    0xd9, 0x3d, 0xd9, 0x3d, 0xd9, 0x3d, 0xda, 0x3d, 0xd9, 0x3d, 0xd9, 0x3d,
    0xda, 0x3d, 0xd9, 0x3d, 0xda, 0x3d, 0xd9, 0x3d, 0xda, 0x3d, 0xda, 0x3d,
    0xd9, 0x3d, 0xb9, 0x35, 0xd9, 0x3d, 0xd9, 0x3d, 0xda, 0x3d, 0xd9, 0x3d,
    0xda, 0x3d, 0xd9, 0x3d, 0xd9, 0x35, 0xd9, 0x3d, 0xb9, 0x3d, 0xd9, 0x3d,
    0x19, 0x56, 0x1a, 0x56, 0x19, 0x56, 0x19, 0x56, 0x19, 0x56, 0x3a, 0x56,
    0x39, 0x56, 0x39, 0x56, 0x1a, 0x56, 0x19, 0x56, 0x39, 0x56, 0x3a, 0x56,
    0x39, 0x56, 0x39, 0x56, 0x39, 0x56, 0x3a, 0x56, 0x39, 0x5e, 0x3a, 0x56,
    0x39, 0x56, 0x3a, 0x5e, 0x3a, 0x56, 0x3a, 0x5e, 0x39, 0x56, 0x39, 0x5e,
    0x39, 0x56, 0x3a, 0x56, 0x3a, 0x56, 0x19, 0x56, 0x19, 0x56, 0x19, 0x4e,
    0x1a, 0x4e, 0x1a, 0x4e, 0x19, 0x4e, 0x19, 0x4e, 0xfa, 0x4d, 0x19, 0x4e,
    0xfa, 0x45, 0xf9, 0x45, 0xf9, 0x45, 0xd9, 0x3d, 0xfa, 0x45, 0xd9, 0x3d,
    0xd9, 0x3d, 0xfa, 0x45, 0xf9, 0x3d, 0xf9, 0x3d, 0xda, 0x3d, 0xd9, 0x3d,
    0xd9, 0x3d, 0xda, 0x3d, 0xd9, 0x3d, 0xf9, 0x3d, 0xf9, 0x3d, 0xd9, 0x3d,
    0xda, 0x3d, 0xfa, 0x3d, 0xf9, 0x3d, 0xf9, 0x3d, 0xda, 0x3d, 0xf9, 0x3d,
    0xd9, 0x3d, 0xda, 0x3d, 0xf9, 0x3d, 0xd9, 0x3d, 0xf9, 0x3d, 0xd9, 0x3d,
    0xda, 0x3d, 0xf9, 0x3d, 0xf9, 0x3d, 0xd9, 0x3d, 0xf9, 0x3d, 0xf9, 0x3d,
    0xf9, 0x3d, 0xfa, 0x3d, 0xd9, 0x3d, 0xd9, 0x3d, 0xfa, 0x3d, 0xf9, 0x3d,
    0xd9, 0x3d, 0xd9, 0x3d, 0xd9, 0x3d, 0xf9, 0x3d, 0xf9, 0x3d, 0xd9, 0x3d,
    0xda, 0x3d, 0xd9, 0x3d, 0xf9, 0x3d, 0xd9, 0x3d, 0xf9, 0x3d, 0xda, 0x3d,
    0xf9, 0x3d, 0xfa, 0x3d, 0xd9, 0x3d, 0xf9, 0x3d, 0xf9, 0x3d, 0xfa, 0x3d,
    0xd9, 0x3d, 0xd9, 0x3d, 0xda, 0x3d, 0xfa, 0x3d, 0xd9, 0x3d, 0xfa, 0x3d,
    0xf9, 0x3d, 0xd9, 0x3d, 0xfa, 0x3d, 0xf9, 0x3d, 0xd9, 0x3d, 0xda, 0x3d,
    0xf9, 0x3d, 0xda, 0x3d, 0xf9, 0x3d, 0xd9, 0x3d, 0xfa, 0x3d, 0xd9, 0x3d,
    0xd9, 0x3d, 0xf9, 0x3d, 0xda, 0x3d, 0xd9, 0x3d, 0xd9, 0x3d, 0xd9, 0x3d,
    0xd9, 0x3d, 0xd9, 0x3d, 0xfa, 0x3d, 0xda, 0x3d, 0xd9, 0x3d, 0xf9, 0x3d,
    0xd9, 0x3d, 0xda, 0x3d, 0xd9, 0x3d, 0xd9, 0x3d, 0xda, 0x3d, 0xf9, 0x35,
    0xd9, 0x3d, 0xda, 0x3d, 0xda, 0x3d, 0xd9, 0x3d, 0xd9, 0x3d, 0xda, 0x3d,
    0xd9, 0x3d, 0xd9, 0x3d, 0xd9, 0x3d, 0xd9, 0x3d, 0xd9, 0x3d, 0xd9, 0x3d,
    0xd9, 0x3d, 0xda, 0x3d, 0xda, 0x3d, 0xd9, 0x3d, 0xd9, 0x3d, 0xd9, 0x3d,
    0xda, 0x3d, 0xd9, 0x3d, 0xd9, 0x3d, 0xda, 0x3d, 0xd9, 0x3d, 0xd9, 0x3d,
    0xd9, 0x3d, 0xd9, 0x3d, 0xd9, 0x3d, 0xd9, 0x3d, 0xd9, 0x3d, 0xd9, 0x3d,
    0xda, 0x3d, 0xd9, 0x3d, 0xda, 0x3d, 0xd9, 0x3d, 0xd9, 0x3d, 0xd9, 0x3d,
    0xd9, 0x3d, 0xd9, 0x3d, 0xd9, 0x3d, 0xd9, 0x35, 0xd9, 0x3d, 0xda, 0x3d,
    0xd9, 0x3d, 0xd9, 0x3d, 0xd9, 0x3d, 0xd9, 0x3d, 0xda, 0x3d, 0xd9, 0x3d,
    0xda, 0x3d, 0xd9, 0x35, 0xd9, 0x3d, 0xda, 0x3d, 0xd9, 0x3d, 0xd9, 0x3d,
    0xda, 0x3d, 0xd9, 0x3d, 0xd9, 0x3d, 0xd9, 0x3d, 0xd9, 0x3d, 0xda, 0x3d,
    0xda, 0x3d, 0xd9, 0x3d, 0xd9, 0x3d, 0xd9, 0x3d, 0xda, 0x3d, 0xd9, 0x3d,
    0xd9, 0x3d, 0xd9, 0x3d, 0xd9, 0x3d, 0xda, 0x3d, 0xda, 0x3d, 0xd9, 0x3d,
    0xd9, 0x3d, 0xd9, 0x3d, 0xd9, 0x35, 0xda, 0x3d, 0xd9, 0x3d, 0xd9, 0x3d,
    0xd9, 0x3d, 0xd9, 0x3d, 0xd9, 0x3d, 0xda, 0x35, 0xd9, 0x35, 0xda, 0x3d,
    0xda, 0x3d, 0xd9, 0x3d, 0xd9, 0x3d, 0xda, 0x3d, 0xd9, 0x35, 0xd9, 0x3d,
    0xd9, 0x3d, 0xda, 0x35, 0xd9, 0x3d, 0xd9, 0x3d, 0xd9, 0x3d, 0xd9, 0x3d,
    0xd9, 0x3d, 0xda, 0x3d, 0xda, 0x3d, 0xd9, 0x3d, 0xd9, 0x3d, 0xda, 0x3d,
    0xda, 0x3d, 0xd9, 0x3d, 0xd9, 0x3d, 0xda, 0x3d, 0xd9, 0x3d, 0xd9, 0x3d,
    0x19, 0x4e, 0x19, 0x4e, 0x1a, 0x4e, 0x19, 0x4e, 0x1a, 0x4e, 0x19, 0x4e,
    0x1a, 0x4e, 0x1a, 0x4e, 0x19, 0x4e, 0x19, 0x56, 0x1a, 0x56, 0x19, 0x56,
    0x1a, 0x56, 0x1a, 0x56, 0x19, 0x56, 0x19, 0x56, 0x3a, 0x56, 0x19, 0x56,
    0x19, 0x56, 0x39, 0x56, 0x3a, 0x56, 0x39, 0x56, 0x3a, 0x56, 0x39, 0x56,
    0x19, 0x56, 0x3a, 0x56, 0x19, 0x56, 0x19, 0x4e, 0x1a, 0x4e, 0x19, 0x4e,
    0x19, 0x46, 0xf9, 0x45, 0xf9, 0x45, 0xfa, 0x45, 0xf9, 0x45, 0xf9, 0x45,
    0xf9, 0x45, 0xfa, 0x45, 0xf9, 0x3d, 0xfa, 0x45, 0xf9, 0x3d, 0xf9, 0x3d,
    0xda, 0x3d, 0xd9, 0x3d, 0xf9, 0x45, 0xd9, 0x3d, 0xfa, 0x45, 0xfa, 0x3d,
    0xf9, 0x3d, 0xd9, 0x45, 0xf9, 0x45, 0xda, 0x3d, 0xf9, 0x3d, 0xd9, 0x3d,
    0xf9, 0x3d, 0xd9, 0x45, 0xda, 0x3d, 0xfa, 0x3d, 0xf9, 0x45, 0xd9, 0x3d,
    0xd9, 0x3d, 0xf9, 0x45, 0xd9, 0x3d, 0xda, 0x3d, 0xf9, 0x45, 0xd9, 0x3d,
    0xda, 0x3d, 0xf9, 0x3d, 0xd9, 0x3d, 0xda, 0x3d, 0xf9, 0x3d, 0xfa, 0x3d,
    0xd9, 0x3d, 0xd9, 0x3d, 0xfa, 0x45, 0xf9, 0x3d, 0xd9, 0x3d, 0xf9, 0x3d,
    0xfa, 0x3d, 0xd9, 0x3d, 0xd9, 0x3d, 0xfa, 0x3d, 0xfa, 0x3d, 0xf9, 0x3d,
    0xf9, 0x3d, 0xfa, 0x3d, 0xd9, 0x3d, 0xfa, 0x3d, 0xf9, 0x3d, 0xd9, 0x3d,
    0xf9, 0x3d, 0xd9, 0x3d, 0xd9, 0x3d, 0xf9, 0x3d, 0xd9, 0x3d, 0xfa, 0x3d,
    0xf9, 0x3d, 0xf9, 0x3d, 0xf9, 0x3d, 0xd9, 0x3d, 0xd9, 0x3d, 0xf9, 0x3d,
    0xd9, 0x3d, 0xd9, 0x3d, 0xda, 0x3d, 0xd9, 0x3d, 0xf9, 0x3d, 0xfa, 0x3d,
    0xd9, 0x3d, 0xd9, 0x3d, 0xd9, 0x3d, 0xf9, 0x3d, 0xda, 0x3d, 0xf9, 0x3d,
    0xf9, 0x3d, 0xd9, 0x3d, 0xfa, 0x3d, 0xd9, 0x3d, 0xfa, 0x3d, 0xfa, 0x3d,
    0xf9, 0x3d, 0xf9, 0x3d, 0xd9, 0x3d, 0xfa, 0x3d, 0xf9, 0x3d, 0xd9, 0x3d,
    0xfa, 0x3d, 0xd9, 0x3d, 0xf9, 0x3d, 0xfa, 0x3d, 0xf9, 0x3d, 0xd9, 0x3d,
    0xf9, 0x3d, 0xd9, 0x3d, 0xd9, 0x3d, 0xf9, 0x3d, 0xda, 0x3d, 0xd9, 0x3d,
    0xfa, 0x3d, 0xda, 0x3d, 0xd9, 0x3d, 0xda, 0x3d, 0xfa, 0x3d, 0xf9, 0x3d,
    0xd9, 0x3d, 0xfa, 0x3d, 0xd9, 0x3d, 0xd9, 0x3d, 0xf9, 0x3d, 0xda, 0x3d,
    0xd9, 0x3d, 0xfa, 0x3d, 0xd9, 0x3d, 0xd9, 0x3d, 0xda, 0x3d, 0xd9, 0x3d,
    0xd9, 0x3d, 0xda, 0x3d, 0xda, 0x3d, 0xd9, 0x3d, 0xd9, 0x3d, 0xd9, 0x3d,
    0xfa, 0x3d, 0xd9, 0x3d, 0xd9, 0x3d, 0xd9, 0x3d, 0xda, 0x3d, 0xfa, 0x3d,
    0xd9, 0x3d, 0xd9, 0x3d, 0xda, 0x3d, 0xf9, 0x3d, 0xd9, 0x3d, 0xda, 0x3d,
    0xfa, 0x3d, 0xd9, 0x3d, 0xd9, 0x3d, 0xda, 0x3d, 0xd9, 0x3d, 0xd9, 0x3d,
    0xd9, 0x3d, 0xda, 0x3d, 0xd9, 0x3d, 0xd9, 0x3d, 0xda, 0x3d, 0xd9, 0x3d,
    0xd9, 0x3d, 0xda, 0x3d, 0xd9, 0x3d, 0xd9, 0x3d, 0xd9, 0x3d, 0xda, 0x3d,
    0xd9, 0x3d, 0xd9, 0x3d, 0xd9, 0x3d, 0xf9, 0x3d, 0xd9, 0x3d, 0xda, 0x3d,
    0xd9, 0x3d, 0xd9, 0x3d, 0xd9, 0x35, 0xda, 0x3d, 0xd9, 0x3d, 0xd9, 0x3d,
    0xd9, 0x3d, 0xda, 0x3d, 0xd9, 0x3d, 0xda, 0x3d, 0xda, 0x3d, 0xd9, 0x3d,
    0xd9, 0x3d, 0xda, 0x3d, 0xda, 0x3d, 0xd9, 0x3d, 0xd9, 0x3d, 0xda, 0x3d,
    0xd9, 0x3d, 0xd9, 0x3d, 0xd9, 0x3d, 0xd9, 0x3d, 0xda, 0x3d, 0xd9, 0x3d,
    0xd9, 0x3d, 0xda, 0x3d, 0xd9, 0x3d, 0xd9, 0x3d, 0xd9, 0x3d, 0xd9, 0x35,
    0xd9, 0x3d, 0xda, 0x3d, 0xd9, 0x3d, 0xd9, 0x3d, 0xd9, 0x3d, 0xd9, 0x35,
    0xd9, 0x3d, 0xd9, 0x3d, 0xd9, 0x3d, 0xda, 0x3d, 0xd9, 0x3d, 0xd9, 0x3d,
    0xfa, 0x45, 0xfa, 0x45, 0xf9, 0x45, 0xf9, 0x45, 0xfa, 0x45, 0xf9, 0x45,
    0xf9, 0x45, 0xfa, 0x45, 0x1a, 0x4e, 0x1a, 0x4e, 0x19, 0x4e, 0x19, 0x4e,
    0x19, 0x4e, 0x1a, 0x4e, 0x1a, 0x4e, 0x19, 0x4e, 0x19, 0x4e, 0x1a, 0x4e,
    0x1a, 0x4e, 0x19, 0x4e, 0x19, 0x4e, 0x1a, 0x4e, 0x1a, 0x4e, 0x19, 0x4e,
    0x19, 0x4e, 0xfa, 0x45, 0x19, 0x46, 0xfa, 0x45, 0xfa, 0x45, 0xf9, 0x45,
    0xfa, 0x45, 0xf9, 0x3d, 0xf9, 0x45, 0xfa, 0x3d, 0xf9, 0x3d, 0xd9, 0x3d,
    0xd9, 0x3d, 0xfa, 0x3d, 0xd9, 0x3d, 0xf9, 0x45, 0xd9, 0x3d, 0xfa, 0x45,
    0xf9, 0x45, 0xfa, 0x3d, 0xf9, 0x3d, 0xd9, 0x3d, 0xd9, 0x3d, 0xf9, 0x45,
    0xfa, 0x3d, 0xf9, 0x3d, 0xf9, 0x45, 0xfa, 0x3d, 0xf9, 0x45, 0xfa, 0x45,
    0xf9, 0x3d, 0xd9, 0x3d, 0xd9, 0x45, 0xf9, 0x3d, 0xd9, 0x3d, 0xfa, 0x45,
    0xf9, 0x45, 0xf9, 0x3d, 0xfa, 0x45, 0xd9, 0x3d, 0xf9, 0x45, 0xf9, 0x3d,
    0xf9, 0x3d, 0xf9, 0x45, 0xda, 0x3d, 0xf9, 0x45, 0xfa, 0x45, 0xd9, 0x3d,
    0xf9, 0x45, 0xd9, 0x3d, 0xfa, 0x3d, 0xd9, 0x3d, 0xd9, 0x45, 0xf9, 0x3d,
    0xfa, 0x45, 0xd9, 0x3d, 0xfa, 0x3d, 0xd9, 0x45, 0xd9, 0x3d, 0xd9, 0x3d,
    0xfa, 0x45, 0xd9, 0x3d, 0xfa, 0x45, 0xd9, 0x3d, 0xf9, 0x3d, 0xd9, 0x3d,
    0xda, 0x3d, 0xfa, 0x3d, 0xf9, 0x3d, 0xfa, 0x3d, 0xd9, 0x3d, 0xd9, 0x3d,
    0xd9, 0x3d, 0xfa, 0x3d, 0xd9, 0x3d, 0xd9, 0x3d, 0xfa, 0x3d, 0xd9, 0x3d,
    0xf9, 0x3d, 0xf9, 0x3d, 0xfa, 0x3d, 0xd9, 0x3d, 0xf9, 0x3d, 0xfa, 0x3d,
    0xd9, 0x3d, 0xf9, 0x3d, 0xf9, 0x3d, 0xda, 0x3d, 0xd9, 0x3d, 0xfa, 0x3d,
    0xd9, 0x3d, 0xd9, 0x3d, 0xf9, 0x3d, 0xda, 0x3d, 0xf9, 0x3d, 0xd9, 0x3d,
    0xd9, 0x3d, 0xd9, 0x3d, 0xda, 0x3d, 0xf9, 0x3d, 0xd9, 0x3d, 0xd9, 0x3d,
    0xd9, 0x3d, 0xfa, 0x3d, 0xf9, 0x3d, 0xd9, 0x3d, 0xf9, 0x3d, 0xd9, 0x3d,
    0xfa, 0x3d, 0xf9, 0x3d, 0xfa, 0x3d, 0xf9, 0x3d, 0xf9, 0x3d, 0xd9, 0x3d,
    0xf9, 0x3d, 0xd9, 0x3d, 0xd9, 0x3d, 0xf9, 0x3d, 0xd9, 0x3d, 0xfa, 0x3d,
    0xd9, 0x3d, 0xd9, 0x3d, 0xfa, 0x3d, 0xf9, 0x3d, 0xd9, 0x3d, 0xd9, 0x3d,
    0xf9, 0x3d, 0xd9, 0x3d, 0xf9, 0x3d, 0xda, 0x3d, 0xf9, 0x3d, 0xf9, 0x3d,
    0xf9, 0x3d, 0xf9, 0x3d, 0xd9, 0x3d, 0xfa, 0x3d, 0xd9, 0x3d, 0xf9, 0x3d,
    0xf9, 0x3d, 0xf9, 0x3d, 0xd9, 0x3d, 0xf9, 0x3d, 0xd9, 0x3d, 0xd9, 0x3d,
    0xfa, 0x3d, 0xf9, 0x3d, 0xda, 0x3d, 0xf9, 0x3d, 0xf9, 0x3d, 0xd9, 0x3d,
    0xfa, 0x3d, 0xf9, 0x3d, 0xd9, 0x3d, 0xda, 0x3d, 0xf9, 0x3d, 0xd9, 0x3d,
    0xfa, 0x3d, 0xd9, 0x3d, 0xd9, 0x3d, 0xf9, 0x3d, 0xf9, 0x3d, 0xf9, 0x3d,
    0xd9, 0x3d, 0xf9, 0x3d, 0xfa, 0x3d, 0xd9, 0x3d, 0xf9, 0x3d, 0xd9, 0x3d,
    0xd9, 0x3d, 0xfa, 0x3d, 0xfa, 0x3d, 0xda, 0x3d, 0xf9, 0x3d, 0xd9, 0x3d,
    0xfa, 0x3d, 0xfa, 0x3d, 0xd9, 0x3d, 0xd9, 0x3d, 0xf9, 0x3d, 0xd9, 0x3d,
    0xda, 0x3d, 0xd9, 0x3d, 0xd9, 0x3d, 0xd9, 0x3d, 0xd9, 0x3d, 0xda, 0x3d,
    0xd9, 0x3d, 0xd9, 0x3d, 0xd9, 0x3d, 0xd9, 0x3d, 0xd9, 0x3d, 0xd9, 0x3d,
    0xda, 0x3d, 0xd9, 0x3d, 0xda, 0x3d, 0xd9, 0x3d, 0xd9, 0x3d, 0xd9, 0x3d,
    0xda, 0x3d, 0xd9, 0x3d, 0xda, 0x3d, 0xda, 0x3d, 0xda, 0x3d, 0xd9, 0x3d,
    0xd9, 0x3d, 0xda, 0x3d, 0xd9, 0x3d, 0xd9, 0x3d, 0xda, 0x3d, 0xd9, 0x3d,
    0xd9, 0x3d, 0xda, 0x3d, 0xd9, 0x3d, 0xd9, 0x3d, 0xd9, 0x35, 0xd9, 0x3d,
    0xf9, 0x45, 0xfa, 0x45, 0xf9, 0x45, 0xf9, 0x45, 0xfa, 0x45, 0xf9, 0x45,
    0xf9, 0x45, 0xf9, 0x45, 0xf9, 0x45, 0xfa, 0x45, 0xf9, 0x45, 0xf9, 0x45,
    0xfa, 0x45, 0xf9, 0x45, 0xfa, 0x45, 0xf9, 0x45, 0xfa, 0x45, 0xfa, 0x45,
    0xf9, 0x45, 0xfa, 0x45, 0xf9, 0x45, 0xf9, 0x45, 0xfa, 0x45, 0xf9, 0x45,
    0xf9, 0x3d, 0xfa, 0x45, 0xf9, 0x45, 0xf9, 0x45, 0xf9, 0x45, 0xf9, 0x3d,
    0xfa, 0x45, 0xfa, 0x45, 0xf9, 0x3d, 0xf9, 0x3d, 0xda, 0x45, 0xfa, 0x45,
    0xf9, 0x3d, 0xda, 0x3d, 0xd9, 0x45, 0xf9, 0x45, 0xfa, 0x3d, 0xd9, 0x3d,
    0xf9, 0x45, 0xf9, 0x3d, 0xfa, 0x45, 0xfa, 0x45, 0xd9, 0x3d, 0xd9, 0x45,
    0xfa, 0x3d, 0xd9, 0x3d, 0xd9, 0x3d, 0xfa, 0x45, 0xd9, 0x3d, 0xf9, 0x3d,
    0xfa, 0x45, 0xf9, 0x45, 0xfa, 0x3d, 0xf9, 0x45, 0xf9, 0x3d, 0xfa, 0x45,
    0xfa, 0x3d, 0xf9, 0x3d, 0xd9, 0x3d, 0xfa, 0x45, 0xd9, 0x3d, 0xfa, 0x45,
    0xda, 0x3d, 0xd9, 0x3d, 0xf9, 0x45, 0xfa, 0x3d, 0xf9, 0x3d, 0xf9, 0x45,
    0xd9, 0x3d, 0xfa, 0x45, 0xf9, 0x3d, 0xf9, 0x3d, 0xda, 0x3d, 0xf9, 0x3d,
    0xf9, 0x3d, 0xd9, 0x45, 0xf9, 0x3d, 0xf9, 0x3d, 0xfa, 0x3d, 0xfa, 0x45,
    0xd9, 0x3d, 0xd9, 0x3d, 0xf9, 0x3d, 0xfa, 0x45, 0xd9, 0x3d, 0xfa, 0x3d,
    0xf9, 0x45, 0xd9, 0x3d, 0xfa, 0x3d, 0xf9, 0x45, 0xd9, 0x3d, 0xf9, 0x3d,
    0xfa, 0x45, 0xd9, 0x3d, 0xd9, 0x3d, 0xfa, 0x3d, 0xd9, 0x3d, 0xd9, 0x3d,
    0xfa, 0x3d, 0xf9, 0x3d, 0xd9, 0x3d, 0xd9, 0x3d, 0xfa, 0x3d, 0xd9, 0x3d,
    0xd9, 0x3d, 0xfa, 0x3d, 0xf9, 0x3d, 0xd9, 0x3d, 0xf9, 0x3d, 0xd9, 0x3d,
    0xda, 0x3d, 0xf9, 0x3d, 0xd9, 0x3d, 0xfa, 0x3d, 0xd9, 0x3d, 0xf9, 0x3d,
    0xda, 0x3d, 0xf9, 0x3d, 0xf9, 0x3d, 0xda, 0x3d, 0xf9, 0x3d, 0xfa, 0x3d,
    0xd9, 0x3d, 0xf9, 0x3d, 0xda, 0x3d, 0xd9, 0x3d, 0xfa, 0x3d, 0xda, 0x3d,
    0xd9, 0x3d, 0xfa, 0x3d, 0xd9, 0x3d, 0xd9, 0x3d, 0xfa, 0x3d, 0xd9, 0x3d,
    0xfa, 0x3d, 0xf9, 0x3d, 0xd9, 0x3d, 0xf9, 0x3d, 0xd9, 0x3d, 0xd9, 0x3d,
    0xfa, 0x3d, 0xd9, 0x3d, 0xda, 0x3d, 0xf9, 0x3d, 0xd9, 0x3d, 0xda, 0x3d,
    0xfa, 0x3d, 0xf9, 0x3d, 0xda, 0x3d, 0xd9, 0x3d, 0xfa, 0x3d, 0xd9, 0x3d,
    0xfa, 0x3d, 0xf9, 0x3d, 0xf9, 0x3d, 0xf9, 0x3d, 0xda, 0x3d, 0xf9, 0x3d,
    0xda, 0x3d, 0xda, 0x3d, 0xfa, 0x3d, 0xd9, 0x3d, 0xf9, 0x3d, 0xd9, 0x3d,
    0xf9, 0x3d, 0xd9, 0x3d, 0xda, 0x3d, 0xf9, 0x3d, 0xd9, 0x3d, 0xfa, 0x3d,
    0xd9, 0x3d, 0xf9, 0x3d, 0xf9, 0x3d, 0xf9, 0x3d, 0xfa, 0x3d, 0xf9, 0x3d,
    0xf9, 0x3d, 0xda, 0x3d, 0xf9, 0x3d, 0xfa, 0x3d, 0xd9, 0x3d, 0xfa, 0x3d,
    0xd9, 0x3d, 0xd9, 0x3d, 0xf9, 0x3d, 0xfa, 0x3d, 0xfa, 0x3d, 0xf9, 0x3d,
    0xd9, 0x3d, 0xf9, 0x3d, 0xd9, 0x3d, 0xda, 0x3d, 0xd9, 0x3d, 0xf9, 0x3d,
    0xfa, 0x3d, 0xd9, 0x3d, 0xd9, 0x3d, 0xda, 0x3d, 0xf9, 0x3d, 0xfa, 0x3d,
    0xd9, 0x3d, 0xf9, 0x3d, 0xfa, 0x3d, 0xf9, 0x3d, 0xf9, 0x3d, 0xda, 0x3d,
    0xf9, 0x3d, 0xfa, 0x3d, 0xda, 0x3d, 0xd9, 0x3d, 0xd9, 0x3d, 0xf9, 0x3d,
    0xda, 0x3d, 0xd9, 0x3d, 0xf9, 0x3d, 0xd9, 0x3d, 0xd9, 0x3d, 0xda, 0x3d,
    0xd9, 0x3d, 0xd9, 0x3d, 0xf9, 0x3d, 0xd9, 0x3d, 0xd9, 0x3d, 0xd9, 0x3d,
    0xd9, 0x3d, 0xd9, 0x3d, 0xfa, 0x3d, 0xda, 0x3d, 0xd9, 0x3d, 0xda, 0x3d,
    0xd9, 0x3d, 0xd9, 0x3d, 0xda, 0x3d, 0xd9, 0x3d, 0xda, 0x3d, 0xd9, 0x3d,
    0xf9, 0x45, 0xf9, 0x45, 0xf9, 0x3d, 0xda, 0x3d, 0xf9, 0x45, 0xfa, 0x45,
    0xf9, 0x3d, 0xf9, 0x3d, 0xf9, 0x45, 0xfa, 0x3d, 0xf9, 0x3d, 0xfa, 0x3d,
    0xf9, 0x3d, 0xf9, 0x3d, 0xf9, 0x45, 0xf9, 0x45, 0xf9, 0x45, 0xf9, 0x45,
    0xf9, 0x45, 0xfa, 0x45, 0xf9, 0x3d, 0xf9, 0x45, 0xd9, 0x3d, 0xfa, 0x45,
    0xf9, 0x45, 0xf9, 0x3d, 0xfa, 0x3d, 0xf9, 0x45, 0xfa, 0x45, 0xf9, 0x3d,
    0xf9, 0x3d, 0xd9, 0x45, 0xd9, 0x3d, 0xfa, 0x45, 0xf9, 0x3d, 0xf9, 0x45,
    0xf9, 0x45, 0xf9, 0x3d, 0xfa, 0x3d, 0xfa, 0x45, 0xf9, 0x3d, 0xf9, 0x3d,
    0xf9, 0x3d, 0xda, 0x3d, 0xf9, 0x3d, 0xf9, 0x3d, 0xd9, 0x45, 0xf9, 0x3d,
    0xf9, 0x3d, 0xd9, 0x45, 0xf9, 0x3d, 0xd9, 0x45, 0xfa, 0x45, 0xf9, 0x3d,
    0xf9, 0x45, 0xd9, 0x3d, 0xf9, 0x45, 0xfa, 0x3d, 0xf9, 0x3d, 0xd9, 0x3d,
    0xf9, 0x45, 0xfa, 0x3d, 0xf9, 0x45, 0xf9, 0x45, 0xf9, 0x3d, 0xfa, 0x45,
    0xf9, 0x45, 0xf9, 0x3d, 0xfa, 0x3d, 0xf9, 0x3d, 0xd9, 0x3d, 0xf9, 0x3d,
    0xfa, 0x3d, 0xd9, 0x3d, 0xf9, 0x45, 0xf9, 0x3d, 0xda, 0x45, 0xfa, 0x45,
    0xd9, 0x3d, 0xf9, 0x3d, 0xf9, 0x3d, 0xfa, 0x45, 0xf9, 0x3d, 0xd9, 0x45,
    0xfa, 0x3d, 0xf9, 0x3d, 0xf9, 0x45, 0xfa, 0x3d, 0xd9, 0x3d, 0xf9, 0x3d,
    0xf9, 0x45, 0xd9, 0x3d, 0xd9, 0x3d, 0xda, 0x3d, 0xf9, 0x3d, 0xf9, 0x3d,
    0xfa, 0x3d, 0xd9, 0x45, 0xf9, 0x3d, 0xf9, 0x3d, 0xf9, 0x45, 0xfa, 0x3d,
    0xda, 0x3d, 0xd9, 0x3d, 0xf9, 0x45, 0xd9, 0x3d, 0xfa, 0x3d, 0xf9, 0x3d,
    0xd9, 0x3d, 0xd9, 0x3d, 0xfa, 0x3d, 0xda, 0x3d, 0xf9, 0x3d, 0xf9, 0x3d,
    0xd9, 0x3d, 0xfa, 0x3d, 0xf9, 0x3d, 0xf9, 0x3d, 0xd9, 0x3d, 0xf9, 0x3d,
    0xda, 0x3d, 0xf9, 0x3d, 0xf9, 0x3d, 0xfa, 0x3d, 0xd9, 0x3d, 0xf9, 0x3d,
    0xf9, 0x3d, 0xd9, 0x3d, 0xfa, 0x3d, 0xf9, 0x3d, 0xd9, 0x3d, 0xf9, 0x3d,
    0xd9, 0x3d, 0xf9, 0x3d, 0xda, 0x3d, 0xd9, 0x3d, 0xd9, 0x3d, 0xf9, 0x3d,
    0xd9, 0x3d, 0xda, 0x3d, 0xda, 0x3d, 0xfa, 0x3d, 0xfa, 0x3d, 0xd9, 0x3d,
    0xf9, 0x3d, 0xf9, 0x3d, 0xda, 0x3d, 0xf9, 0x3d, 0xf9, 0x3d, 0xd9, 0x3d,
    0xfa, 0x3d, 0xf9, 0x3d, 0xd9, 0x3d, 0xfa, 0x3d, 0xd9, 0x3d, 0xd9, 0x3d,
    0xda, 0x3d, 0xd9, 0x3d, 0xda, 0x3d, 0xd9, 0x3d, 0xf9, 0x3d, 0xd9, 0x3d,
    0xf9, 0x3d, 0xd9, 0x3d, 0xf9, 0x3d, 0xfa, 0x3d, 0xd9, 0x3d, 0xda, 0x3d,
    0xfa, 0x3d, 0xd9, 0x3d, 0xf9, 0x3d, 0xda, 0x3d, 0xf9, 0x3d, 0xd9, 0x3d,
    0xfa, 0x3d, 0xda, 0x3d, 0xf9, 0x3d, 0xd9, 0x3d, 0xd9, 0x3d, 0xd9, 0x3d,
    0xf9, 0x3d, 0xd9, 0x3d, 0xf9, 0x3d, 0xf9, 0x3d, 0xfa, 0x3d, 0xda, 0x3d,
    0xf9, 0x3d, 0xd9, 0x3d, 0xda, 0x3d, 0xd9, 0x3d, 0xd9, 0x3d, 0xfa, 0x3d,
    0xd9, 0x3d, 0xd9, 0x3d, 0xf9, 0x3d, 0xf9, 0x3d, 0xda, 0x3d, 0xf9, 0x3d,
    0xd9, 0x3d, 0xf9, 0x3d, 0xd9, 0x3d, 0xf9, 0x3d, 0xd9, 0x3d, 0xda, 0x3d,
    0xf9, 0x3d, 0xf9, 0x3d, 0xda, 0x3d, 0xf9, 0x3d, 0xd9, 0x3d, 0xd9, 0x3d,
    0xd9, 0x3d, 0xd9, 0x3d, 0xd9, 0x3d, 0xfa, 0x3d, 0xd9, 0x3d, 0xfa, 0x3d,
    0xd9, 0x3d, 0xf9, 0x3d, 0xfa, 0x3d, 0xf9, 0x3d, 0xd9, 0x3d, 0xd9, 0x3d,
    0xf9, 0x3d, 0xd9, 0x3d, 0xda, 0x3d, 0xd9, 0x3d, 0xda, 0x3d, 0xfa, 0x3d,
    0xd9, 0x3d, 0xd9, 0x3d, 0xda, 0x3d, 0xd9, 0x3d, 0xd9, 0x3d, 0xda, 0x3d,
    0xd9, 0x3d, 0xd9, 0x3d, 0xd9, 0x3d, 0xd9, 0x3d, 0xda, 0x3d, 0xd9, 0x3d,
    0xf9, 0x3d, 0xfa, 0x3d, 0xf9, 0x45, 0xf9, 0x3d, 0xf9, 0x45, 0xfa, 0x45,
    0xfa, 0x3d, 0xf9, 0x45, 0xfa, 0x3d, 0xf9, 0x45, 0xf9, 0x45, 0xfa, 0x45,
    0xf9, 0x45, 0xfa, 0x3d, 0xfa, 0x45, 0xf9, 0x3d, 0xfa, 0x3d, 0xfa, 0x45,
    0xf9, 0x45, 0xf9, 0x3d, 0xfa, 0x45, 0xfa, 0x45, 0xf9, 0x3d, 0xf9, 0x45,
    0xfa, 0x45, 0xd9, 0x3d, 0xf9, 0x3d, 0xfa, 0x45, 0xfa, 0x45, 0xf9, 0x45,
    0xfa, 0x3d, 0xf9, 0x45, 0xfa, 0x45, 0xf9, 0x3d, 0xf9, 0x45, 0xfa, 0x45,
    0xf9, 0x3d, 0xf9, 0x45, 0xfa, 0x3d, 0xf9, 0x45, 0xd9, 0x45, 0xf9, 0x45,
    0xfa, 0x3d, 0xd9, 0x45, 0xf9, 0x3d, 0xfa, 0x45, 0xf9, 0x45, 0xf9, 0x3d,
    0xfa, 0x45, 0xf9, 0x45, 0xf9, 0x3d, 0xf9, 0x3d, 0xd9, 0x3d, 0xfa, 0x45,
    0xf9, 0x3d, 0xf9, 0x3d, 0xf9, 0x3d, 0xd9, 0x45, 0xfa, 0x3d, 0xf9, 0x45,
    0xd9, 0x45, 0xd9, 0x3d, 0xf9, 0x3d, 0xda, 0x3d, 0xf9, 0x3d, 0xf9, 0x45,
    0xf9, 0x3d, 0xf9, 0x45, 0xfa, 0x45, 0xd9, 0x3d, 0xf9, 0x45, 0xfa, 0x45,
    0xf9, 0x3d, 0xf9, 0x45, 0xf9, 0x3d, 0xfa, 0x3d, 0xf9, 0x45, 0xd9, 0x3d,
    0xf9, 0x3d, 0xfa, 0x45, 0xf9, 0x3d, 0xfa, 0x3d, 0xf9, 0x45, 0xf9, 0x3d,
    0xf9, 0x3d, 0xfa, 0x45, 0xf9, 0x3d, 0xf9, 0x3d, 0xfa, 0x3d, 0xd9, 0x45,
    0xf9, 0x3d, 0xfa, 0x45, 0xf9, 0x45, 0xfa, 0x3d, 0xf9, 0x45, 0xfa, 0x45,
    0xd9, 0x3d, 0xfa, 0x3d, 0xf9, 0x3d, 0xfa, 0x45, 0xf9, 0x45, 0xf9, 0x3d,
    0xfa, 0x3d, 0xf9, 0x45, 0xfa, 0x3d, 0xfa, 0x3d, 0xf9, 0x3d, 0xfa, 0x45,
    0xf9, 0x3d, 0xf9, 0x3d, 0xd9, 0x3d, 0xf9, 0x3d, 0xda, 0x3d, 0xf9, 0x3d,
    0xd9, 0x3d, 0xd9, 0x3d, 0xfa, 0x3d, 0xfa, 0x3d, 0xf9, 0x3d, 0xfa, 0x3d,
    0xf9, 0x3d, 0xfa, 0x3d, 0xd9, 0x3d, 0xd9, 0x3d, 0xd9, 0x3d, 0xf9, 0x3d,
    0xda, 0x3d, 0xf9, 0x3d, 0xf9, 0x3d, 0xf9, 0x3d, 0xfa, 0x3d, 0xf9, 0x3d,
    0xf9, 0x3d, 0xf9, 0x3d, 0xf9, 0x3d, 0xf9, 0x3d, 0xfa, 0x3d, 0xf9, 0x3d,
    0xd9, 0x3d, 0xf9, 0x3d, 0xf9, 0x3d, 0xd9, 0x3d, 0xd9, 0x3d, 0xf9, 0x3d,
    0xf9, 0x3d, 0xd9, 0x3d, 0xd9, 0x3d, 0xfa, 0x3d, 0xd9, 0x3d, 0xd9, 0x3d,
    0xf9, 0x3d, 0xf9, 0x3d, 0xf9, 0x3d, 0xfa, 0x3d, 0xf9, 0x3d, 0xf9, 0x3d,
    0xf9, 0x3d, 0xd9, 0x3d, 0xf9, 0x3d, 0xda, 0x3d, 0xf9, 0x3d, 0xf9, 0x3d,
    0xfa, 0x3d, 0xf9, 0x3d, 0xd9, 0x3d, 0xfa, 0x3d, 0xf9, 0x3d, 0xd9, 0x3d,
    0xf9, 0x3d, 0xfa, 0x3d, 0xd9, 0x3d, 0xf9, 0x3d, 0xd9, 0x3d, 0xf9, 0x3d,
    0xd9, 0x3d, 0xd9, 0x3d, 0xfa, 0x3d, 0xda, 0x3d, 0xfa, 0x3d, 0xd9, 0x3d,
    0xfa, 0x3d, 0xfa, 0x3d, 0xf9, 0x3d, 0xd9, 0x3d, 0xfa, 0x3d, 0xd9, 0x3d,
    0xf9, 0x3d, 0xf9, 0x3d, 0xfa, 0x3d, 0xd9, 0x3d, 0xf9, 0x3d, 0xda, 0x3d,
    0xf9, 0x3d, 0xfa, 0x3d, 0xfa, 0x3d, 0xd9, 0x3d, 0xf9, 0x3d, 0xda, 0x3d,
    0xfa, 0x3d, 0xfa, 0x3d, 0xd9, 0x3d, 0xfa, 0x3d, 0xf9, 0x3d, 0xd9, 0x3d,
    0xd9, 0x3d, 0xda, 0x3d, 0xf9, 0x3d, 0xd9, 0x3d, 0xfa, 0x3d, 0xfa, 0x3d,
    0xf9, 0x3d, 0xd9, 0x3d, 0xfa, 0x3d, 0xf9, 0x3d, 0xf9, 0x3d, 0xd9, 0x3d,
    0xfa, 0x3d, 0xd9, 0x3d, 0xd9, 0x3d, 0xfa, 0x3d, 0xda, 0x3d, 0xd9, 0x3d,
    0xfa, 0x3d, 0xfa, 0x3d, 0xf9, 0x3d, 0xd9, 0x3d, 0xf9, 0x3d, 0xfa, 0x3d,
    0xf9, 0x3d, 0xf9, 0x3d, 0xf9, 0x3d, 0xf9, 0x3d, 0xf9, 0x3d, 0xfa, 0x3d,
    0xf9, 0x3d, 0xf9, 0x3d, 0xda, 0x3d, 0xd9, 0x3d, 0xd9, 0x3d, 0xd9, 0x3d,
    0xf9, 0x45, 0xfa, 0x45, 0xfa, 0x45, 0xf9, 0x3d, 0xf9, 0x45, 0xd9, 0x3d,
    0xf9, 0x45, 0xfa, 0x45, 0xd9, 0x45, 0xf9, 0x3d, 0xfa, 0x3d, 0xf9, 0x45,
    0xf9, 0x45, 0xfa, 0x45, 0xf9, 0x3d, 0xf9, 0x45, 0xfa, 0x45, 0xf9, 0x3d,
    0xf9, 0x45, 0xfa, 0x3d, 0xf9, 0x3d, 0xf9, 0x45, 0xfa, 0x45, 0xf9, 0x3d,
    0xfa, 0x45, 0xf9, 0x45, 0xf9, 0x45, 0xf9, 0x3d, 0xf9, 0x45, 0xfa, 0x45,
    0xf9, 0x45, 0xfa, 0x3d, 0xf9, 0x45, 0xf9, 0x3d, 0xf9, 0x45, 0xfa, 0x45,
    0xf9, 0x3d, 0xd9, 0x3d, 0xfa, 0x45, 0xf9, 0x3d, 0xd9, 0x3d, 0xfa, 0x45,
    0xf9, 0x45, 0xf9, 0x45, 0xfa, 0x3d, 0xf9, 0x45, 0xf9, 0x3d, 0xfa, 0x3d,
    0xf9, 0x3d, 0xfa, 0x45, 0xfa, 0x45, 0xf9, 0x45, 0xfa, 0x45, 0xf9, 0x3d,
    0xf9, 0x3d, 0xfa, 0x45, 0xfa, 0x45, 0xf9, 0x3d, 0xf9, 0x45, 0xfa, 0x45,
    0xfa, 0x3d, 0xf9, 0x45, 0xf9, 0x45, 0xfa, 0x3d, 0xfa, 0x45, 0xf9, 0x3d,
    0xfa, 0x3d, 0xf9, 0x3d, 0xf9, 0x45, 0xfa, 0x3d, 0xfa, 0x3d, 0xf9, 0x45,
    0xfa, 0x45, 0xf9, 0x3d, 0xfa, 0x3d, 0xf9, 0x45, 0xf9, 0x3d, 0xfa, 0x3d,
    0xf9, 0x45, 0xf9, 0x3d, 0xfa, 0x45, 0xf9, 0x3d, 0xd9, 0x3d, 0xfa, 0x45,
    0xf9, 0x3d, 0xd9, 0x45, 0xfa, 0x3d, 0xf9, 0x45, 0xfa, 0x3d, 0xfa, 0x45,
    0xf9, 0x3d, 0xfa, 0x3d, 0xf9, 0x45, 0xf9, 0x3d, 0xf9, 0x3d, 0xd9, 0x45,
    0xfa, 0x3d, 0xf9, 0x3d, 0xf9, 0x3d, 0xfa, 0x3d, 0xd9, 0x3d, 0xf9, 0x3d,
    0xf9, 0x3d, 0xf9, 0x3d, 0xf9, 0x3d, 0xf9, 0x3d, 0xd9, 0x3d, 0xfa, 0x3d,
    0xd9, 0x3d, 0xfa, 0x45, 0xf9, 0x3d, 0xf9, 0x3d, 0xf9, 0x3d, 0xfa, 0x3d,
    0xf9, 0x3d, 0xf9, 0x45, 0xd9, 0x3d, 0xd9, 0x3d, 0xf9, 0x3d, 0xf9, 0x45,
    0xf9, 0x3d, 0xfa, 0x3d, 0xf9, 0x3d, 0xfa, 0x45, 0xfa, 0x3d, 0xf9, 0x45,
    0xfa, 0x3d, 0xf9, 0x3d, 0xf9, 0x45, 0xda, 0x3d, 0xf9, 0x3d, 0xfa, 0x3d,
    0xda, 0x3d, 0xf9, 0x3d, 0xfa, 0x3d, 0xf9, 0x3d, 0xfa, 0x3d, 0xfa, 0x3d,
    0xf9, 0x3d, 0xf9, 0x3d, 0xfa, 0x3d, 0xf9, 0x3d, 0xf9, 0x3d, 0xfa, 0x3d,
    0xfa, 0x3d, 0xf9, 0x3d, 0xd9, 0x3d, 0xfa, 0x3d, 0xfa, 0x3d, 0xf9, 0x3d,
    0xfa, 0x3d, 0xfa, 0x3d, 0xd9, 0x3d, 0xd9, 0x3d, 0xfa, 0x3d, 0xfa, 0x3d,
    0xd9, 0x3d, 0xfa, 0x3d, 0xf9, 0x3d, 0xf9, 0x3d, 0xfa, 0x3d, 0xd9, 0x3d,
    0xd9, 0x3d, 0xda, 0x3d, 0xf9, 0x3d, 0xf9, 0x3d, 0xfa, 0x3d, 0xf9, 0x3d,
    0xf9, 0x45, 0xf9, 0x3d, 0xfa, 0x3d, 0xf9, 0x45, 0xfa, 0x3d, 0xfa, 0x3d,
    0xd9, 0x45, 0xf9, 0x3d, 0xf9, 0x3d, 0xf9, 0x3d, 0xf9, 0x3d, 0xfa, 0x45,
    0xf9, 0x3d, 0xfa, 0x3d, 0xd9, 0x3d, 0xd9, 0x45, 0xfa, 0x45, 0xf9, 0x3d,
    0xfa, 0x3d, 0xfa, 0x45, 0xf9, 0x45, 0xd9, 0x3d, 0xf9, 0x3d, 0xf9, 0x45,
    0xfa, 0x3d, 0xf9, 0x3d, 0xd9, 0x3d, 0xd9, 0x3d, 0xf9, 0x3d, 0xd9, 0x3d,
    0xf9, 0x45, 0xd9, 0x3d, 0xfa, 0x3d, 0xd9, 0x3d, 0xf9, 0x3d, 0xfa, 0x3d,
    0xf9, 0x3d, 0xd9, 0x3d, 0xfa, 0x3d, 0xd9, 0x3d, 0xf9, 0x3d, 0xd9, 0x3d,
    0xfa, 0x3d, 0xfa, 0x3d, 0xd9, 0x3d, 0xd9, 0x3d, 0xd9, 0x3d, 0xfa, 0x3d,
    0xd9, 0x3d, 0xd9, 0x3d, 0xfa, 0x3d, 0xd9, 0x3d, 0xf9, 0x3d, 0xfa, 0x3d,
    0xf9, 0x3d, 0xd9, 0x3d, 0xf9, 0x3d, 0xf9, 0x3d, 0xd9, 0x3d, 0xda, 0x3d,
    0xf9, 0x3d, 0xda, 0x3d, 0xda, 0x3d, 0xf9, 0x3d, 0xd9, 0x3d, 0xda, 0x3d,
    0xf9, 0x3d, 0xd9, 0x3d, 0xf9, 0x3d, 0xfa, 0x3d, 0xd9, 0x3d, 0xf9, 0x3d,
    0xf9, 0x45, 0xfa, 0x45, 0xf9, 0x3d, 0xfa, 0x45, 0xfa, 0x45, 0xf9, 0x3d,
    0xf9, 0x45, 0xf9, 0x45, 0xfa, 0x3d, 0xf9, 0x45, 0xf9, 0x45, 0xfa, 0x45,
    0xf9, 0x3d, 0xf9, 0x45, 0xf9, 0x45, 0xfa, 0x45, 0xf9, 0x45, 0xfa, 0x45,
    0xfa, 0x45, 0xf9, 0x45, 0xf9, 0x45, 0xfa, 0x45, 0xf9, 0x45, 0xf9, 0x45,
    0xf9, 0x3d, 0xfa, 0x3d, 0xfa, 0x45, 0xf9, 0x45, 0xf9, 0x3d, 0xfa, 0x3d,
    0xf9, 0x45, 0xf9, 0x45, 0xfa, 0x3d, 0xf9, 0x3d, 0xfa, 0x45, 0xd9, 0x3d,
    0xfa, 0x45, 0xf9, 0x45, 0xf9, 0x45, 0xf9, 0x45, 0xfa, 0x3d, 0xf9, 0x45,
    0xf9, 0x45, 0xf9, 0x3d, 0xfa, 0x3d, 0xf9, 0x45, 0xf9, 0x45, 0xfa, 0x45,
    0xf9, 0x45, 0xf9, 0x45, 0xf9, 0x3d, 0xfa, 0x45, 0xf9, 0x45, 0xf9, 0x45,
    0xda, 0x45, 0xf9, 0x45, 0xfa, 0x45, 0xfa, 0x3d, 0xf9, 0x45, 0xf9, 0x45,
    0xfa, 0x3d, 0xf9, 0x3d, 0xf9, 0x45, 0xf9, 0x45, 0xf9, 0x45, 0xf9, 0x45,
    0xfa, 0x3d, 0xf9, 0x45, 0xd9, 0x45, 0xf9, 0x3d, 0xf9, 0x45, 0xf9, 0x3d,
    0xfa, 0x45, 0xf9, 0x3d, 0xf9, 0x45, 0xfa, 0x45, 0xf9, 0x3d, 0xfa, 0x45,
    0xf9, 0x45, 0xd9, 0x3d, 0xf9, 0x3d, 0xf9, 0x45, 0xfa, 0x45, 0xf9, 0x3d,
    0xf9, 0x3d, 0xfa, 0x45, 0xd9, 0x3d, 0xf9, 0x3d, 0xf9, 0x45, 0xd9, 0x45,
    0xf9, 0x3d, 0xd9, 0x3d, 0xf9, 0x3d, 0xfa, 0x3d, 0xfa, 0x3d, 0xf9, 0x45,
    0xfa, 0x45, 0xf9, 0x3d, 0xf9, 0x45, 0xda, 0x45, 0xfa, 0x3d, 0xf9, 0x3d,
    0xd9, 0x45, 0xda, 0x3d, 0xfa, 0x45, 0xf9, 0x45, 0xf9, 0x3d, 0xf9, 0x3d,
    0xf9, 0x45, 0xd9, 0x3d, 0xda, 0x3d, 0xfa, 0x45, 0xf9, 0x45, 0xda, 0x3d,
    0xfa, 0x45, 0xf9, 0x3d, 0xf9, 0x3d, 0xf9, 0x3d, 0xfa, 0x45, 0xd9, 0x3d,
    0xd9, 0x3d, 0xf9, 0x3d, 0xfa, 0x45, 0xf9, 0x3d, 0xf9, 0x3d, 0xd9, 0x3d,
    0xf9, 0x45, 0xf9, 0x3d, 0xfa, 0x45, 0xf9, 0x3d, 0xd9, 0x3d, 0xf9, 0x45,
    0xf9, 0x45, 0xf9, 0x45, 0xd9, 0x3d, 0xd9, 0x3d, 0xf9, 0x45, 0xf9, 0x3d,
    0xf9, 0x3d, 0xda, 0x3d, 0xfa, 0x45, 0xd9, 0x3d, 0xf9, 0x3d, 0xfa, 0x3d,
    0xf9, 0x45, 0xf9, 0x3d, 0xf9, 0x3d, 0xfa, 0x3d, 0xf9, 0x3d, 0xf9, 0x45,
    0xd9, 0x3d, 0xf9, 0x3d, 0xf9, 0x3d, 0xf9, 0x3d, 0xf9, 0x3d, 0xf9, 0x3d,
    0xf9, 0x3d, 0xfa, 0x3d, 0xf9, 0x3d, 0xf9, 0x3d, 0xf9, 0x3d, 0xd9, 0x3d,
    0xf9, 0x3d, 0xf9, 0x3d, 0xd9, 0x45, 0xf9, 0x3d, 0xfa, 0x45, 0xf9, 0x45,
    0xda, 0x3d, 0xf9, 0x45, 0xf9, 0x3d, 0xda, 0x3d, 0xf9, 0x3d, 0xf9, 0x45,
    0xfa, 0x3d, 0xfa, 0x45, 0xf9, 0x45, 0xf9, 0x3d, 0xd9, 0x3d, 0xf9, 0x45,
    0xf9, 0x45, 0xf9, 0x3d, 0xfa, 0x3d, 0xf9, 0x45, 0xf9, 0x3d, 0xf9, 0x3d,
    0xd9, 0x3d, 0xd9, 0x3d, 0xf9, 0x45, 0xf9, 0x3d, 0xfa, 0x45, 0xf9, 0x45,
    0xf9, 0x3d, 0xf9, 0x3d, 0xf9, 0x45, 0xda, 0x3d, 0xfa, 0x45, 0xf9, 0x3d,
    0xf9, 0x3d, 0xf9, 0x3d, 0xf9, 0x3d, 0xf9, 0x45, 0xfa, 0x45, 0xf9, 0x3d,
    0xf9, 0x3d, 0xfa, 0x3d, 0xf9, 0x3d, 0xf9, 0x3d, 0xd9, 0x3d, 0xfa, 0x3d,
    0xd9, 0x3d, 0xf9, 0x45, 0xd9, 0x3d, 0xfa, 0x45, 0xfa, 0x3d, 0xf9, 0x3d,
    0xf9, 0x3d, 0xfa, 0x3d, 0xf9, 0x3d, 0xf9, 0x3d, 0xf9, 0x3d, 0xf9, 0x3d,
    0xda, 0x3d, 0xd9, 0x3d, 0xfa, 0x45, 0xf9, 0x3d, 0xda, 0x3d, 0xf9, 0x3d,
    0xf9, 0x45, 0xd9, 0x3d, 0xfa, 0x45, 0xd9, 0x45, 0xd9, 0x3d, 0xf9, 0x3d,
    0xd9, 0x3d, 0xda, 0x3d, 0xf9, 0x3d, 0xd9, 0x3d, 0xfa, 0x45, 0xd9, 0x3d,
    0xf9, 0x3d, 0xf9, 0x45, 0xf9, 0x3d, 0xfa, 0x45, 0xf9, 0x45, 0xfa, 0x45,
    0xf9, 0x45, 0xf9, 0x3d, 0xf9, 0x45, 0xfa, 0x45, 0xf9, 0x45, 0xfa, 0x45,
    0xf9, 0x45, 0xfa, 0x3d, 0xfa, 0x45, 0xf9, 0x45, 0xf9, 0x3d, 0xf9, 0x45,
    0xf9, 0x45, 0xf9, 0x45, 0xfa, 0x3d, 0xf9, 0x45, 0xf9, 0x3d, 0xfa, 0x45,
    0xf9, 0x45, 0xf9, 0x45, 0xfa, 0x45, 0xf9, 0x45, 0xfa, 0x3d, 0xd9, 0x45,
    0xf9, 0x45, 0xfa, 0x45, 0xf9, 0x45, 0xf9, 0x45, 0xf9, 0x45, 0xfa, 0x45,
    0xf9, 0x3d, 0xfa, 0x45, 0xf9, 0x45, 0xfa, 0x45, 0xf9, 0x3d, 0xfa, 0x45,
    0xf9, 0x45, 0xf9, 0x45, 0xfa, 0x45, 0xf9, 0x3d, 0xf9, 0x45, 0xfa, 0x3d,
    0xf9, 0x45, 0xf9, 0x3d, 0xf9, 0x45, 0xfa, 0x3d, 0xf9, 0x3d, 0xf9, 0x3d,
    0xf9, 0x45, 0xf9, 0x3d, 0xf9, 0x45, 0xf9, 0x3d, 0xf9, 0x45, 0xf9, 0x45,
    0xfa, 0x3d, 0xf9, 0x45, 0xfa, 0x45, 0xf9, 0x3d, 0xf9, 0x3d, 0xfa, 0x45,
    0xf9, 0x45, 0xfa, 0x45, 0xfa, 0x45, 0xf9, 0x3d, 0xf9, 0x45, 0xfa, 0x3d,
    0xf9, 0x45, 0xf9, 0x3d, 0xf9, 0x3d, 0xf9, 0x45, 0xf9, 0x3d, 0xf9, 0x3d,
    0xfa, 0x45, 0xf9, 0x3d, 0xda, 0x45, 0xfa, 0x45, 0xf9, 0x3d, 0xf9, 0x45,
    0xfa, 0x45, 0xf9, 0x45, 0xf9, 0x3d, 0xfa, 0x45, 0xf9, 0x3d, 0xfa, 0x3d,
    0xfa, 0x45, 0xf9, 0x45, 0xfa, 0x45, 0xf9, 0x3d, 0xf9, 0x3d, 0xf9, 0x45,
    0xf9, 0x3d, 0xfa, 0x45, 0xf9, 0x45, 0xf9, 0x3d, 0xfa, 0x45, 0xf9, 0x45,
    0xfa, 0x3d, 0xf9, 0x3d, 0xf9, 0x3d, 0xf9, 0x3d, 0xfa, 0x45, 0xf9, 0x45,
    0xf9, 0x3d, 0xfa, 0x3d, 0xfa, 0x45, 0xf9, 0x3d, 0xf9, 0x3d, 0xf9, 0x45,
    0xf9, 0x3d, 0xf9, 0x3d, 0xfa, 0x45, 0xfa, 0x45, 0xf9, 0x3d, 0xf9, 0x3d,
    0xfa, 0x45, 0xf9, 0x45, 0xf9, 0x3d, 0xd9, 0x3d, 0xfa, 0x45, 0xf9, 0x3d,
    0xfa, 0x3d, 0xf9, 0x3d, 0xf9, 0x45, 0xfa, 0x3d, 0xf9, 0x3d, 0xfa, 0x45,
    0xf9, 0x3d, 0xfa, 0x45, 0xfa, 0x45, 0xf9, 0x3d, 0xfa, 0x45, 0xf9, 0x45,
    0xf9, 0x3d, 0xfa, 0x3d, 0xf9, 0x45, 0xf9, 0x45, 0xfa, 0x3d, 0xf9, 0x3d,
    0xd9, 0x3d, 0xd9, 0x45, 0xf9, 0x3d, 0xfa, 0x45, 0xf9, 0x45, 0xf9, 0x45,
    0xfa, 0x3d, 0xfa, 0x3d, 0xf9, 0x45, 0xda, 0x3d, 0xfa, 0x45, 0xf9, 0x45,
    0xd9, 0x45, 0xfa, 0x45, 0xda, 0x45, 0xf9, 0x45, 0xf9, 0x45, 0xfa, 0x45,
    0xf9, 0x3d, 0xfa, 0x3d, 0xfa, 0x3d, 0xd9, 0x3d, 0xf9, 0x45, 0xf9, 0x3d,
    0xfa, 0x3d, 0xd9, 0x3d, 0xf9, 0x45, 0xf9, 0x3d, 0xf9, 0x3d, 0xf9, 0x45,
    0xf9, 0x3d, 0xd9, 0x3d, 0xfa, 0x45, 0xf9, 0x3d, 0xfa, 0x3d, 0xda, 0x45,
    0xf9, 0x3d, 0xf9, 0x3d, 0xfa, 0x45, 0xf9, 0x3d, 0xd9, 0x3d, 0xfa, 0x45,
    0xf9, 0x3d, 0xf9, 0x45, 0xfa, 0x3d, 0xfa, 0x3d, 0xf9, 0x3d, 0xda, 0x3d,
    0xf9, 0x45, 0xfa, 0x3d, 0xf9, 0x45, 0xf9, 0x3d, 0xfa, 0x3d, 0xf9, 0x45,
    0xfa, 0x3d, 0xfa, 0x45, 0xf9, 0x3d, 0xfa, 0x3d, 0xd9, 0x45, 0xf9, 0x3d,
    0xfa, 0x45, 0xf9, 0x45, 0xfa, 0x45, 0xf9, 0x3d, 0xfa, 0x45, 0xf9, 0x45,
    0xf9, 0x3d, 0xf9, 0x3d, 0xfa, 0x45, 0xf9, 0x3d, 0xf9, 0x45, 0xfa, 0x45,
    0xf9, 0x3d, 0xfa, 0x45, 0xf9, 0x45, 0xfa, 0x3d, 0xf9, 0x3d, 0xf9, 0x45,
    0xfa, 0x45, 0xf9, 0x45, 0xf9, 0x45, 0xfa, 0x45, 0xf9, 0x45, 0xf9, 0x45,
    0xfa, 0x45, 0xf9, 0x3d, 0xf9, 0x3d, 0xf9, 0x3d, 0xfa, 0x3d, 0xfa, 0x45,
    0xf9, 0x45, 0xd9, 0x3d, 0xd9, 0x3d, 0xfa, 0x45, 0xd9, 0x3d, 0xf9, 0x3d,
    0xf9, 0x45, 0xfa, 0x45, 0xf9, 0x45, 0xf9, 0x45, 0xf9, 0x45, 0xf9, 0x45,
    0xfa, 0x45, 0xf9, 0x45, 0xfa, 0x3d, 0xf9, 0x45, 0xf9, 0x3d, 0xf9, 0x45,
    0xfa, 0x45, 0xf9, 0x45, 0xf9, 0x45, 0xfa, 0x45, 0xf9, 0x45, 0xfa, 0x3d,
    0xf9, 0x45, 0xfa, 0x45, 0xf9, 0x45, 0xf9, 0x3d, 0xfa, 0x45, 0xfa, 0x45,
    0xf9, 0x45, 0xf9, 0x3d, 0xf9, 0x3d, 0xf9, 0x45, 0xfa, 0x45, 0xf9, 0x45,
    0xf9, 0x45, 0xf9, 0x3d, 0xfa, 0x45, 0xf9, 0x45, 0xf9, 0x45, 0xf9, 0x45,
    0xf9, 0x45, 0xf9, 0x3d, 0xfa, 0x3d, 0xf9, 0x45, 0xf9, 0x45, 0xfa, 0x45,
    0xf9, 0x3d, 0xf9, 0x45, 0xfa, 0x45, 0xf9, 0x45, 0xf9, 0x45, 0xfa, 0x45,
    0xf9, 0x45, 0xf9, 0x3d, 0xf9, 0x45, 0xfa, 0x45, 0xf9, 0x45, 0xf9, 0x45,
    0xfa, 0x3d, 0xf9, 0x45, 0xf9, 0x45, 0xfa, 0x3d, 0xfa, 0x45, 0xf9, 0x45,
    0xf9, 0x3d, 0xfa, 0x45, 0xf9, 0x3d, 0xf9, 0x45, 0xf9, 0x45, 0xf9, 0x3d,
    0xf9, 0x3d, 0xf9, 0x45, 0xfa, 0x3d, 0xf9, 0x45, 0xfa, 0x45, 0xf9, 0x45,
    0xfa, 0x45, 0xfa, 0x45, 0xfa, 0x45, 0xf9, 0x3d, 0xfa, 0x45, 0xf9, 0x45,
    0xf9, 0x3d, 0xfa, 0x45, 0xf9, 0x3d, 0xf9, 0x45, 0xf9, 0x3d, 0xfa, 0x45,
    0xf9, 0x3d, 0xf9, 0x3d, 0xfa, 0x45, 0xf9, 0x3d, 0xf9, 0x45, 0xf9, 0x3d,
    0xf9, 0x3d, 0xf9, 0x45, 0xfa, 0x45, 0xf9, 0x3d, 0xf9, 0x45, 0xfa, 0x3d,
    0xf9, 0x3d, 0xfa, 0x45, 0xf9, 0x3d, 0xf9, 0x3d, 0xf9, 0x45, 0xfa, 0x45,
    0xf9, 0x3d, 0xf9, 0x45, 0xf9, 0x3d, 0xfa, 0x45, 0xfa, 0x3d, 0xf9, 0x3d,
    0xf9, 0x45, 0xf9, 0x3d, 0xf9, 0x3d, 0xf9, 0x45, 0xf9, 0x3d, 0xfa, 0x3d,
    0xf9, 0x45, 0xf9, 0x3d, 0xf9, 0x3d, 0xf9, 0x45, 0xfa, 0x45, 0xf9, 0x3d,
    0xf9, 0x3d, 0xfa, 0x45, 0xf9, 0x3d, 0xf9, 0x3d, 0xfa, 0x45, 0xf9, 0x45,
    0xf9, 0x3d, 0xfa, 0x3d, 0xf9, 0x45, 0xf9, 0x3d, 0xfa, 0x45, 0xf9, 0x3d,
    0xf9, 0x3d, 0xf9, 0x3d, 0xfa, 0x3d, 0xf9, 0x45, 0xfa, 0x3d, 0xf9, 0x3d,
    0xf9, 0x3d, 0xfa, 0x3d, 0xf9, 0x3d, 0xf9, 0x45, 0xfa, 0x3d, 0xf9, 0x45,
    0xfa, 0x45, 0xf9, 0x3d, 0xfa, 0x3d, 0xf9, 0x3d, 0xf9, 0x45, 0xf9, 0x3d,
    0xf9, 0x3d, 0xf9, 0x3d, 0xfa, 0x45, 0xf9, 0x3d, 0xf9, 0x3d, 0xf9, 0x3d,
    0xf9, 0x3d, 0xf9, 0x3d, 0xfa, 0x3d, 0xf9, 0x3d, 0xf9, 0x3d, 0xfa, 0x45,
    0xf9, 0x3d, 0xf9, 0x3d, 0xf9, 0x45, 0xf9, 0x3d, 0xfa, 0x3d, 0xf9, 0x45,
    0xf9, 0x45, 0xfa, 0x3d, 0xf9, 0x45, 0xfa, 0x45, 0xf9, 0x3d, 0xfa, 0x45,
    0xf9, 0x3d, 0xf9, 0x3d, 0xfa, 0x45, 0xf9, 0x45, 0xf9, 0x3d, 0xfa, 0x45,
    0xf9, 0x3d, 0xf9, 0x3d, 0xda, 0x45, 0xf9, 0x45, 0xf9, 0x3d, 0xfa, 0x3d,
    0xf9, 0x45, 0xf9, 0x3d, 0xf9, 0x45, 0xf9, 0x45, 0xd9, 0x3d, 0xfa, 0x45,
    0xf9, 0x45, 0xfa, 0x3d, 0xf9, 0x45, 0xf9, 0x3d, 0xf9, 0x45, 0xd9, 0x3d,
    0xf9, 0x3d, 0xf9, 0x45, 0xfa, 0x3d, 0xf9, 0x45, 0xf9, 0x3d, 0xda, 0x3d,
    0xf9, 0x3d, 0xf9, 0x45, 0xf9, 0x3d, 0xfa, 0x45, 0xd9, 0x3d, 0xfa, 0x3d,
    0xf9, 0x45, 0xfa, 0x3d, 0xf9, 0x45, 0xf9, 0x3d, 0xfa, 0x3d, 0xd9, 0x45,
    0xf9, 0x3d, 0xf9, 0x3d, 0xf9, 0x45, 0xfa, 0x45, 0xf9, 0x45, 0x19, 0x4e,
    0x1a, 0x4e, 0x19, 0x4e, 0x3a, 0x56, 0x39, 0x56, 0x39, 0x56, 0x1a, 0x4e,
    0x1a, 0x4e, 0x19, 0x4e, 0xf9, 0x45, 0xfa, 0x45, 0xf9, 0x3d, 0xf9, 0x45,
    0xfa, 0x3d, 0xf9, 0x45, 0xf9, 0x3d, 0xf9, 0x3d, 0xf9, 0x45, 0xfa, 0x3d,
    0xf9, 0x45, 0xfa, 0x45, 0xf9, 0x45, 0xf9, 0x45, 0xfa, 0x45, 0x19, 0x3e,
    0xfa, 0x45, 0xf9, 0x45, 0xf9, 0x45, 0xfa, 0x45, 0x19, 0x46, 0xfa, 0x45,
    0xf9, 0x3d, 0x19, 0x46, 0xfa, 0x45, 0xf9, 0x3d, 0x19, 0x46, 0xfa, 0x45,
    0xf9, 0x3d, 0xf9, 0x45, 0x1a, 0x46, 0xf9, 0x45, 0xf9, 0x45, 0xfa, 0x45,
    0xf9, 0x3d, 0xfa, 0x45, 0xfa, 0x45, 0xf9, 0x45, 0xf9, 0x45, 0xfa, 0x3d,
    0xf9, 0x45, 0xf9, 0x3d, 0xf9, 0x45, 0x1a, 0x46, 0xfa, 0x45, 0x19, 0x46,
    0xfa, 0x45, 0xf9, 0x45, 0x19, 0x46, 0xf9, 0x45, 0xfa, 0x45, 0xf9, 0x45,
    0xf9, 0x3d, 0xf9, 0x45, 0xf9, 0x3d, 0xfa, 0x45, 0xf9, 0x45, 0xf9, 0x3d,
    0xfa, 0x45, 0xf9, 0x45, 0xf9, 0x45, 0xfa, 0x45, 0xf9, 0x45, 0xf9, 0x45,
    0xfa, 0x45, 0xf9, 0x45, 0xfa, 0x45, 0xf9, 0x45, 0xf9, 0x45, 0xfa, 0x45,
    0xf9, 0x45, 0xf9, 0x45, 0xfa, 0x45, 0xfa, 0x45, 0xf9, 0x45, 0xfa, 0x45,
    0xf9, 0x45, 0xf9, 0x45, 0xf9, 0x3d, 0xf9, 0x45, 0xfa, 0x3d, 0xf9, 0x3d,
    0xf9, 0x45, 0xf9, 0x45, 0xf9, 0x45, 0xfa, 0x3d, 0xf9, 0x45, 0xf9, 0x45,
    0xfa, 0x45, 0xf9, 0x3d, 0xfa, 0x45, 0xf9, 0x45, 0xf9, 0x45, 0xfa, 0x3d,
    0xf9, 0x45, 0xf9, 0x45, 0xfa, 0x45, 0xfa, 0x45, 0xf9, 0x3d, 0xf9, 0x45,
    0xfa, 0x3d, 0xf9, 0x3d, 0xf9, 0x3d, 0xf9, 0x45, 0xfa, 0x45, 0xf9, 0x45,
    0xf9, 0x45, 0xfa, 0x3d, 0xf9, 0x45, 0xfa, 0x3d, 0xf9, 0x3d, 0xf9, 0x45,
    0xfa, 0x45, 0xf9, 0x3d, 0xfa, 0x45, 0xf9, 0x45, 0xf9, 0x3d, 0xfa, 0x3d,
    0xfa, 0x45, 0xf9, 0x45, 0xfa, 0x3d, 0xfa, 0x45, 0xf9, 0x3d, 0xf9, 0x3d,
    0xfa, 0x45, 0xfa, 0x45, 0xf9, 0x3d, 0xf9, 0x3d, 0xf9, 0x3d, 0xfa, 0x45,
    0xf9, 0x45, 0xfa, 0x3d, 0xf9, 0x45, 0xfa, 0x45, 0xf9, 0x3d, 0xf9, 0x45,
    0xfa, 0x45, 0xf9, 0x45, 0xf9, 0x3d, 0xf9, 0x45, 0xf9, 0x3d, 0xfa, 0x45,
    0xf9, 0x3d, 0xf9, 0x3d, 0xf9, 0x3d, 0xf9, 0x3d, 0xf9, 0x45, 0xfa, 0x3d,
    0xf9, 0x45, 0xf9, 0x45, 0xfa, 0x3d, 0xf9, 0x3d, 0xf9, 0x3d, 0xf9, 0x3d,
    0xf9, 0x45, 0xf9, 0x3d, 0xf9, 0x3d, 0xf9, 0x45, 0xfa, 0x3d, 0xf9, 0x3d,
    0xda, 0x45, 0xf9, 0x45, 0xf9, 0x3d, 0xf9, 0x3d, 0xfa, 0x45, 0xf9, 0x3d,
    0xf9, 0x3d, 0xfa, 0x3d, 0xf9, 0x45, 0xf9, 0x45, 0xf9, 0x3d, 0xf9, 0x3d,
    0xf9, 0x45, 0xf9, 0x45, 0xf9, 0x45, 0xfa, 0x3d, 0xfa, 0x45, 0xf9, 0x3d,
    0xf9, 0x3d, 0xfa, 0x45, 0xf9, 0x3d, 0xf9, 0x3d, 0xf9, 0x45, 0xfa, 0x45,
    0xfa, 0x3d, 0xf9, 0x45, 0xf9, 0x3d, 0xfa, 0x45, 0xf9, 0x3d, 0xf9, 0x45,
    0xfa, 0x45, 0xf9, 0x3d, 0xf9, 0x3d, 0xf9, 0x3d, 0xfa, 0x45, 0xf9, 0x45,
    0xf9, 0x3d, 0xf9, 0x45, 0xfa, 0x3d, 0xf9, 0x45, 0xf9, 0x45, 0xf9, 0x3d,
    0xf9, 0x3d, 0xf9, 0x45, 0xfa, 0x45, 0xfa, 0x3d, 0xf9, 0x45, 0xf9, 0x3d,
    0xfa, 0x45, 0xf9, 0x3d, 0xf9, 0x45, 0xf9, 0x3d, 0xfa, 0x45, 0xf9, 0x45,
    0xf9, 0x3d, 0xfa, 0x3d, 0xf9, 0x3d, 0xf9, 0x45, 0xfa, 0x3d, 0xf9, 0x3d,
    0xf9, 0x45, 0xfa, 0x3d, 0xf9, 0x45, 0xf9, 0x45, 0xf9, 0x3d, 0xfa, 0x45,
    0xfa, 0x45, 0xf9, 0x45, 0xfa, 0x45, 0x39, 0x56, 0x3a, 0x5e, 0x5a, 0x5e,
    0x59, 0x5e, 0x5a, 0x5e, 0x5a, 0x5e, 0x5a, 0x5e, 0x59, 0x5e, 0x5a, 0x5e,
    0x5a, 0x5e, 0x59, 0x5e, 0x3a, 0x56, 0x19, 0x4e, 0xf9, 0x45, 0xd9, 0x3d,
    0xf9, 0x45, 0xfa, 0x3d, 0xf9, 0x45, 0xf9, 0x3d, 0xf9, 0x45, 0xda, 0x45,
    0x19, 0x46, 0x1a, 0x46, 0xf9, 0x45, 0xfa, 0x45, 0x19, 0x46, 0x1a, 0x46,
    0xf9, 0x45, 0xf9, 0x45, 0x1a, 0x46, 0xf9, 0x45, 0xfa, 0x45, 0x19, 0x46,
    0xf9, 0x45, 0x19, 0x46, 0x1a, 0x46, 0xf9, 0x45, 0xf9, 0x45, 0x1a, 0x46,
    0x19, 0x46, 0xf9, 0x45, 0x1a, 0x46, 0xfa, 0x45, 0x19, 0x46, 0x19, 0x46,
    0x1a, 0x46, 0xf9, 0x45, 0xf9, 0x45, 0xfa, 0x45, 0xf9, 0x45, 0xfa, 0x45,
    0x1a, 0x46, 0xf9, 0x45, 0xf9, 0x45, 0xfa, 0x45, 0xf9, 0x3d, 0x19, 0x46,
    0xfa, 0x45, 0xfa, 0x45, 0xf9, 0x45, 0x19, 0x3e, 0xfa, 0x45, 0x19, 0x46,
    0xfa, 0x45, 0xfa, 0x45, 0x19, 0x46, 0xfa, 0x45, 0x19, 0x46, 0xf9, 0x3d,
    0x1a, 0x46, 0xf9, 0x45, 0xfa, 0x45, 0xf9, 0x3d, 0x19, 0x46, 0x1a, 0x46,
    0xf9, 0x45, 0x19, 0x46, 0xfa, 0x3d, 0x19, 0x46, 0x19, 0x46, 0x1a, 0x46,
    0xf9, 0x3d, 0x19, 0x46, 0xf9, 0x45, 0x19, 0x46, 0x1a, 0x3e, 0xf9, 0x45,
    0xfa, 0x45, 0x19, 0x46, 0xf9, 0x45, 0x1a, 0x46, 0xf9, 0x45, 0x19, 0x46,
    0xfa, 0x3d, 0xf9, 0x3d, 0xf9, 0x45, 0xf9, 0x45, 0xfa, 0x3d, 0xf9, 0x45,
    0xf9, 0x45, 0xf9, 0x3d, 0xf9, 0x45, 0xfa, 0x45, 0xf9, 0x45, 0xf9, 0x3d,
    0xfa, 0x45, 0xf9, 0x45, 0xf9, 0x45, 0x1a, 0x46, 0xf9, 0x3d, 0xfa, 0x45,
    0xf9, 0x45, 0xf9, 0x45, 0xfa, 0x3d, 0xf9, 0x3d, 0xfa, 0x45, 0xf9, 0x45,
    0xfa, 0x3d, 0xf9, 0x45, 0xf9, 0x45, 0xfa, 0x3d, 0xf9, 0x3d, 0xf9, 0x45,
    0xfa, 0x45, 0xf9, 0x3d, 0xf9, 0x45, 0xfa, 0x45, 0xf9, 0x3d, 0xfa, 0x45,
    0xf9, 0x3d, 0xf9, 0x3d, 0xfa, 0x45, 0xf9, 0x3d, 0xf9, 0x3d, 0xfa, 0x45,
    0xf9, 0x45, 0xfa, 0x3d, 0xfa, 0x45, 0xf9, 0x45, 0xfa, 0x3d, 0xf9, 0x45,
    0xf9, 0x3d, 0xfa, 0x3d, 0xf9, 0x45, 0xf9, 0x3d, 0xf9, 0x3d, 0xfa, 0x3d,
    0xf9, 0x3d, 0xfa, 0x45, 0xfa, 0x3d, 0xf9, 0x3d, 0xf9, 0x45, 0xf9, 0x45,
    0xfa, 0x45, 0xf9, 0x45, 0xfa, 0x45, 0xfa, 0x45, 0xf9, 0x3d, 0xfa, 0x45,
    0xf9, 0x3d, 0xf9, 0x3d, 0xfa, 0x45, 0xf9, 0x45, 0xfa, 0x3d, 0xfa, 0x45,
    0xf9, 0x45, 0xfa, 0x3d, 0xf9, 0x45, 0xf9, 0x3d, 0xfa, 0x45, 0xf9, 0x45,
    0xfa, 0x3d, 0xfa, 0x3d, 0xf9, 0x45, 0xfa, 0x3d, 0xf9, 0x45, 0xfa, 0x45,
    0xfa, 0x45, 0xf9, 0x45, 0xf9, 0x3d, 0xfa, 0x45, 0xf9, 0x3d, 0xf9, 0x3d,
    0xfa, 0x45, 0xfa, 0x3d, 0xf9, 0x3d, 0xf9, 0x45, 0xf9, 0x45, 0xf9, 0x3d,
    0xf9, 0x3d, 0xf9, 0x45, 0xf9, 0x3d, 0xfa, 0x3d, 0xf9, 0x45, 0xf9, 0x3d,
    0xf9, 0x45, 0xf9, 0x3d, 0xfa, 0x45, 0xf9, 0x45, 0xf9, 0x45, 0xf9, 0x3d,
    0xf9, 0x45, 0xfa, 0x45, 0xf9, 0x3d, 0xfa, 0x45, 0xf9, 0x45, 0xf9, 0x3d,
    0xfa, 0x45, 0xf9, 0x45, 0xfa, 0x3d, 0xf9, 0x3d, 0xf9, 0x45, 0xfa, 0x3d,
    0xfa, 0x3d, 0xf9, 0x45, 0xf9, 0x45, 0xfa, 0x45, 0xf9, 0x3d, 0xf9, 0x45,
    0xf9, 0x3d, 0xfa, 0x45, 0xf9, 0x3d, 0xf9, 0x3d, 0xf9, 0x45, 0xf9, 0x45,
    0xf9, 0x3d, 0xfa, 0x45, 0xf9, 0x45, 0xf9, 0x3d, 0xfa, 0x45, 0xf9, 0x45,
    0xf9, 0x45, 0xf9, 0x3d, 0xfa, 0x45, 0xf9, 0x45, 0xf9, 0x3d, 0xf9, 0x45,
    0xf9, 0x45, 0x1a, 0x46, 0x3a, 0x56, 0x5a, 0x5e, 0x59, 0x5e, 0x7a, 0x66,
    0x79, 0x66, 0x7a, 0x66, 0x79, 0x66, 0x59, 0x66, 0x59, 0x66, 0x5a, 0x66,
    0x7a, 0x66, 0x5a, 0x5e, 0x59, 0x5e, 0x5a, 0x5e, 0x3a, 0x56, 0xf9, 0x45,
    0xfa, 0x3d, 0xfa, 0x45, 0xf9, 0x45, 0xda, 0x3d, 0xf9, 0x45, 0xf9, 0x45,
    0xf9, 0x45, 0x19, 0x46, 0x1a, 0x46, 0xf9, 0x45, 0x19, 0x46, 0x1a, 0x46,
    0xf9, 0x45, 0x19, 0x46, 0x1a, 0x46, 0x19, 0x46, 0x19, 0x46, 0xfa, 0x45,
    0x1a, 0x46, 0xf9, 0x45, 0xfa, 0x45, 0x19, 0x46, 0x1a, 0x46, 0xf9, 0x45,
    0x1a, 0x46, 0x19, 0x46, 0xf9, 0x45, 0xfa, 0x45, 0x19, 0x46, 0xf9, 0x45,
    0xfa, 0x45, 0x19, 0x46, 0x19, 0x46, 0x1a, 0x46, 0xf9, 0x45, 0x19, 0x46,
    0x19, 0x46, 0xfa, 0x45, 0xf9, 0x45, 0x19, 0x46, 0x1a, 0x46, 0xf9, 0x45,
    0x19, 0x46, 0xf9, 0x45, 0x1a, 0x46, 0x19, 0x46, 0xf9, 0x45, 0x19, 0x46,
    0xf9, 0x45, 0x19, 0x46, 0xf9, 0x45, 0x1a, 0x46, 0x19, 0x46, 0xfa, 0x45,
    0x19, 0x46, 0xf9, 0x45, 0x1a, 0x46, 0x19, 0x46, 0xf9, 0x45, 0xf9, 0x3d,
    0xfa, 0x45, 0xf9, 0x45, 0x19, 0x3e, 0x1a, 0x46, 0xf9, 0x45, 0xf9, 0x3d,
    0xf9, 0x45, 0xfa, 0x45, 0x19, 0x46, 0xf9, 0x45, 0xf9, 0x3d, 0x1a, 0x46,
    0xf9, 0x3d, 0xf9, 0x45, 0x1a, 0x46, 0x1a, 0x46, 0x19, 0x46, 0xf9, 0x45,
    0xf9, 0x45, 0x1a, 0x46, 0x19, 0x46, 0xf9, 0x3d, 0x1a, 0x46, 0xfa, 0x45,
    0xf9, 0x45, 0x1a, 0x46, 0x19, 0x46, 0xf9, 0x45, 0x1a, 0x3e, 0x1a, 0x46,
    0x19, 0x46, 0x1a, 0x3e, 0xf9, 0x3d, 0xf9, 0x45, 0xf9, 0x3d, 0xfa, 0x45,
    0xf9, 0x45, 0xf9, 0x45, 0xfa, 0x45, 0xf9, 0x45, 0xf9, 0x3d, 0xfa, 0x45,
    0xf9, 0x3d, 0xf9, 0x3d, 0xf9, 0x45, 0xfa, 0x45, 0xf9, 0x45, 0x1a, 0x46,
    0xf9, 0x3d, 0xf9, 0x45, 0x19, 0x46, 0xfa, 0x3d, 0xf9, 0x3d, 0xf9, 0x45,
    0xf9, 0x45, 0xf9, 0x3d, 0x19, 0x46, 0xf9, 0x45, 0xfa, 0x3d, 0xf9, 0x45,
    0xf9, 0x45, 0xf9, 0x3d, 0xf9, 0x3d, 0xfa, 0x45, 0xf9, 0x45, 0x19, 0x46,
    0xfa, 0x45, 0xf9, 0x3d, 0xfa, 0x45, 0xf9, 0x45, 0xfa, 0x45, 0x19, 0x46,
    0xf9, 0x45, 0xf9, 0x3d, 0x1a, 0x46, 0x1a, 0x46, 0xf9, 0x3d, 0xf9, 0x45,
    0xfa, 0x3d, 0xf9, 0x45, 0xf9, 0x3d, 0xfa, 0x3d, 0xf9, 0x45, 0xf9, 0x3d,
    0xfa, 0x45, 0xf9, 0x3d, 0xf9, 0x45, 0xf9, 0x45, 0xf9, 0x3d, 0xfa, 0x45,
    0xf9, 0x3d, 0xfa, 0x45, 0xfa, 0x3d, 0xf9, 0x3d, 0xf9, 0x3d, 0xf9, 0x45,
    0xf9, 0x3d, 0xf9, 0x45, 0xfa, 0x3d, 0xf9, 0x45, 0xf9, 0x45, 0xf9, 0x3d,
    0xf9, 0x3d, 0xf9, 0x45, 0xf9, 0x3d, 0xfa, 0x45, 0xfa, 0x45, 0xf9, 0x3d,
    0xfa, 0x45, 0xf9, 0x3d, 0xf9, 0x45, 0xf9, 0x3d, 0xfa, 0x45, 0xf9, 0x3d,
    0xfa, 0x45, 0xf9, 0x45, 0xfa, 0x45, 0xf9, 0x45, 0xf9, 0x3d, 0xf9, 0x45,
    0xf9, 0x3d, 0xfa, 0x45, 0xf9, 0x3d, 0xf9, 0x45, 0xfa, 0x3d, 0xf9, 0x45,
    0xf9, 0x45, 0xfa, 0x3d, 0xf9, 0x45, 0xf9, 0x45, 0xfa, 0x3d, 0xf9, 0x3d,
    0xf9, 0x45, 0xf9, 0x3d, 0xfa, 0x45, 0xfa, 0x45, 0xf9, 0x45, 0xf9, 0x45,
    0xfa, 0x45, 0xf9, 0x3d, 0xf9, 0x3d, 0xf9, 0x45, 0xfa, 0x45, 0xf9, 0x3d,
    0xfa, 0x45, 0xf9, 0x45, 0xfa, 0x45, 0xfa, 0x45, 0xfa, 0x3d, 0xf9, 0x45,
    0xf9, 0x45, 0xfa, 0x45, 0xf9, 0x3d, 0xf9, 0x3d, 0xfa, 0x45, 0xf9, 0x45,
    0xf9, 0x3d, 0xfa, 0x3d, 0xfa, 0x45, 0xf9, 0x45, 0xfa, 0x3d, 0xf9, 0x45,
    0x19, 0x46, 0x5a, 0x5e, 0x79, 0x66, 0x59, 0x5e, 0x7a, 0x66, 0x7a, 0x66,
    0x7a, 0x6e, 0x79, 0x6e, 0x9a, 0x6e, 0x9a, 0x6e, 0x7a, 0x6e, 0x79, 0x66,
    0x79, 0x66, 0x79, 0x66, 0x5a, 0x66, 0x7a, 0x66, 0x59, 0x5e, 0x3a, 0x56,
    0xf9, 0x45, 0xf9, 0x45, 0xfa, 0x45, 0xf9, 0x3d, 0xf9, 0x3d, 0xf9, 0x3d,
    0xf9, 0x45, 0x1a, 0x46, 0xfa, 0x45, 0x19, 0x46, 0xf9, 0x45, 0xfa, 0x45,
    0x19, 0x46, 0xfa, 0x45, 0xf9, 0x45, 0x19, 0x46, 0xfa, 0x45, 0x19, 0x46,
    0x19, 0x46, 0xfa, 0x45, 0xf9, 0x45, 0x19, 0x46, 0x19, 0x46, 0xfa, 0x45,
    0xfa, 0x45, 0x19, 0x46, 0x1a, 0x46, 0xf9, 0x45, 0x19, 0x46, 0x1a, 0x46,
    0xfa, 0x45, 0x19, 0x46, 0x19, 0x46, 0xfa, 0x45, 0x19, 0x46, 0x19, 0x46,
    0xf9, 0x45, 0x1a, 0x46, 0xf9, 0x45, 0x1a, 0x46, 0xf9, 0x45, 0xfa, 0x45,
    0x19, 0x46, 0x19, 0x46, 0xfa, 0x45, 0x1a, 0x46, 0xf9, 0x45, 0x19, 0x46,
    0x1a, 0x46, 0xf9, 0x45, 0x1a, 0x46, 0xf9, 0x45, 0xf9, 0x45, 0x1a, 0x46,
    0xf9, 0x45, 0x19, 0x46, 0x1a, 0x46, 0xf9, 0x45, 0x1a, 0x46, 0x1a, 0x46,
    0x19, 0x46, 0xf9, 0x45, 0x1a, 0x46, 0xf9, 0x3d, 0xfa, 0x45, 0x19, 0x46,
    0x1a, 0x46, 0xfa, 0x45, 0x19, 0x46, 0xf9, 0x3d, 0x1a, 0x46, 0x19, 0x46,
    0xf9, 0x45, 0x1a, 0x3e, 0xf9, 0x45, 0xf9, 0x3d, 0x1a, 0x46, 0xf9, 0x45,
    0x1a, 0x46, 0x19, 0x46, 0xfa, 0x45, 0xf9, 0x45, 0x19, 0x46, 0x19, 0x3e,
    0x1a, 0x46, 0x19, 0x46, 0xfa, 0x3d, 0x19, 0x46, 0xf9, 0x45, 0xf9, 0x45,
    0x19, 0x3e, 0xfa, 0x45, 0xf9, 0x45, 0x19, 0x46, 0x1a, 0x46, 0xf9, 0x3d,
    0xf9, 0x45, 0x1a, 0x3e, 0xf9, 0x45, 0x19, 0x46, 0xf9, 0x3d, 0x1a, 0x46,
    0xf9, 0x45, 0xf9, 0x45, 0xfa, 0x3d, 0x19, 0x46, 0x19, 0x3e, 0x1a, 0x46,
    0xfa, 0x3d, 0xf9, 0x45, 0xfa, 0x45, 0xf9, 0x45, 0xf9, 0x45, 0xfa, 0x45,
    0x19, 0x3e, 0xfa, 0x45, 0x19, 0x46, 0xf9, 0x45, 0xfa, 0x45, 0x19, 0x3e,
    0x19, 0x46, 0xfa, 0x45, 0x19, 0x3e, 0xf9, 0x45, 0x1a, 0x3e, 0xf9, 0x3d,
    0xf9, 0x45, 0x1a, 0x46, 0x19, 0x3e, 0x19, 0x46, 0xfa, 0x45, 0x19, 0x3e,
    0xf9, 0x3d, 0x19, 0x46, 0x19, 0x46, 0xfa, 0x45, 0x19, 0x3e, 0xf9, 0x3d,
    0x1a, 0x46, 0xf9, 0x45, 0x19, 0x3e, 0xf9, 0x3d, 0xfa, 0x45, 0xf9, 0x45,
    0xf9, 0x45, 0xf9, 0x3d, 0x1a, 0x46, 0xf9, 0x3d, 0xf9, 0x3d, 0xf9, 0x45,
    0xf9, 0x3d, 0xf9, 0x45, 0xf9, 0x45, 0xf9, 0x3d, 0xf9, 0x45, 0xfa, 0x45,
    0xfa, 0x3d, 0xf9, 0x45, 0xf9, 0x3d, 0xf9, 0x3d, 0xfa, 0x3d, 0xf9, 0x45,
    0xfa, 0x45, 0xfa, 0x3d, 0xf9, 0x3d, 0xf9, 0x45, 0xf9, 0x3d, 0xf9, 0x45,
    0xf9, 0x45, 0xfa, 0x45, 0xf9, 0x3d, 0xfa, 0x45, 0xf9, 0x45, 0xf9, 0x3d,
    0xf9, 0x45, 0xfa, 0x3d, 0x19, 0x46, 0xfa, 0x45, 0xfa, 0x45, 0xf9, 0x3d,
    0x1a, 0x46, 0xfa, 0x45, 0xf9, 0x45, 0xf9, 0x3d, 0x1a, 0x46, 0xf9, 0x3d,
    0xf9, 0x3d, 0x1a, 0x46, 0x19, 0x46, 0xf9, 0x3d, 0xfa, 0x45, 0xf9, 0x45,
    0xf9, 0x3d, 0x1a, 0x46, 0xf9, 0x45, 0xf9, 0x45, 0xf9, 0x3d, 0xfa, 0x45,
    0xf9, 0x45, 0xf9, 0x45, 0xf9, 0x3d, 0x1a, 0x46, 0xfa, 0x45, 0xf9, 0x3d,
    0xf9, 0x45, 0xf9, 0x3d, 0xf9, 0x45, 0x19, 0x46, 0xfa, 0x45, 0xf9, 0x3d,
    0xfa, 0x3d, 0xf9, 0x45, 0xf9, 0x3d, 0xfa, 0x45, 0xf9, 0x3d, 0x19, 0x46,
    0xfa, 0x45, 0xf9, 0x45, 0xf9, 0x45, 0xfa, 0x45, 0xf9, 0x45, 0x1a, 0x46,
    0x39, 0x56, 0x7a, 0x5e, 0x5a, 0x66, 0x79, 0x66, 0x7a, 0x6e, 0x9a, 0x6e,
    0x99, 0x6e, 0x9a, 0x6e, 0x9a, 0x6e, 0x9a, 0x6e, 0x9a, 0x6e, 0x9a, 0x6e,
    0x9a, 0x6e, 0x9a, 0x6e, 0x79, 0x6e, 0x7a, 0x66, 0x7a, 0x66, 0x5a, 0x5e,
    0x19, 0x4e, 0xf9, 0x45, 0xf9, 0x45, 0xfa, 0x3d, 0xf9, 0x45, 0xf9, 0x45,
    0xfa, 0x45, 0xf9, 0x45, 0x19, 0x46, 0xfa, 0x45, 0x19, 0x46, 0x19, 0x46,
    0x1a, 0x46, 0xf9, 0x45, 0x19, 0x46, 0x1a, 0x46, 0x19, 0x46, 0xf9, 0x45,
    0x1a, 0x46, 0x1a, 0x46, 0x19, 0x46, 0xfa, 0x45, 0x19, 0x46, 0x19, 0x46,
    0x19, 0x46, 0x1a, 0x46, 0xfa, 0x45, 0x19, 0x46, 0xfa, 0x45, 0x19, 0x46,
    0x19, 0x46, 0xfa, 0x45, 0xf9, 0x45, 0x1a, 0x46, 0xfa, 0x45, 0xfa, 0x45,
    0x19, 0x46, 0x19, 0x46, 0x1a, 0x46, 0xf9, 0x45, 0x19, 0x46, 0xfa, 0x45,
    0x19, 0x46, 0x19, 0x46, 0xfa, 0x45, 0x19, 0x46, 0x19, 0x46, 0x1a, 0x46,
    0xfa, 0x45, 0xf9, 0x45, 0x19, 0x46, 0xfa, 0x3d, 0x19, 0x46, 0x19, 0x46,
    0x1a, 0x46, 0x19, 0x46, 0xf9, 0x45, 0xfa, 0x45, 0xf9, 0x45, 0x19, 0x46,
    0x19, 0x46, 0xfa, 0x45, 0x1a, 0x46, 0x19, 0x46, 0xf9, 0x45, 0x1a, 0x46,
    0x19, 0x46, 0x19, 0x46, 0xfa, 0x45, 0x1a, 0x46, 0xf9, 0x45, 0xf9, 0x45,
    0x1a, 0x46, 0x19, 0x46, 0xf9, 0x45, 0x19, 0x46, 0xfa, 0x45, 0x19, 0x46,
    0xf9, 0x3d, 0x19, 0x46, 0xfa, 0x45, 0x19, 0x46, 0xf9, 0x45, 0xfa, 0x45,
    0x19, 0x46, 0xf9, 0x45, 0xfa, 0x3d, 0x1a, 0x46, 0x1a, 0x46, 0xf9, 0x45,
    0xfa, 0x45, 0xf9, 0x45, 0x1a, 0x46, 0xf9, 0x45, 0x19, 0x46, 0x1a, 0x46,
    0x19, 0x46, 0xf9, 0x3d, 0x1a, 0x46, 0xf9, 0x45, 0x1a, 0x46, 0x19, 0x46,
    0xf9, 0x45, 0x1a, 0x46, 0x19, 0x46, 0xf9, 0x3d, 0xf9, 0x45, 0xf9, 0x45,
    0x19, 0x46, 0x19, 0x3e, 0x1a, 0x46, 0x19, 0x3e, 0x19, 0x46, 0xfa, 0x3d,
    0x19, 0x46, 0x19, 0x3e, 0xfa, 0x45, 0x19, 0x46, 0xf9, 0x3d, 0x19, 0x46,
    0xfa, 0x45, 0x1a, 0x46, 0xf9, 0x45, 0x19, 0x46, 0xfa, 0x3d, 0x19, 0x46,
    0x19, 0x46, 0xfa, 0x3d, 0x19, 0x3e, 0xfa, 0x45, 0xf9, 0x3d, 0x1a, 0x46,
    0x1a, 0x46, 0xf9, 0x3d, 0xf9, 0x45, 0xfa, 0x45, 0x1a, 0x46, 0xf9, 0x45,
    0xf9, 0x3d, 0x1a, 0x46, 0xf9, 0x45, 0xfa, 0x45, 0x19, 0x3e, 0x1a, 0x46,
    0xf9, 0x45, 0xfa, 0x3d, 0xfa, 0x45, 0xf9, 0x3d, 0xfa, 0x45, 0x1a, 0x46,
    0xf9, 0x3d, 0x1a, 0x46, 0x19, 0x46, 0xfa, 0x45, 0x1a, 0x3e, 0x19, 0x3e,
    0xf9, 0x45, 0x1a, 0x46, 0xf9, 0x45, 0x1a, 0x46, 0xf9, 0x3d, 0x19, 0x46,
    0xfa, 0x3d, 0xf9, 0x45, 0x1a, 0x46, 0xf9, 0x45, 0x1a, 0x46, 0xfa, 0x3d,
    0x19, 0x46, 0x19, 0x46, 0xf9, 0x3d, 0xfa, 0x45, 0xf9, 0x45, 0xfa, 0x3d,
    0xf9, 0x45, 0x19, 0x3e, 0xf9, 0x45, 0x19, 0x46, 0x1a, 0x46, 0xf9, 0x3d,
    0x19, 0x46, 0xf9, 0x45, 0x1a, 0x3e, 0x19, 0x46, 0xf9, 0x45, 0x1a, 0x46,
    0x19, 0x46, 0x19, 0x3e, 0xf9, 0x45, 0x1a, 0x46, 0xf9, 0x3d, 0x1a, 0x46,
    0xf9, 0x45, 0x1a, 0x3e, 0x19, 0x3e, 0xf9, 0x45, 0xfa, 0x45, 0x19, 0x3e,
    0x1a, 0x3e, 0x1a, 0x46, 0x19, 0x46, 0xf9, 0x45, 0x19, 0x46, 0xfa, 0x45,
    0x1a, 0x46, 0xf9, 0x45, 0xfa, 0x3d, 0xf9, 0x3d, 0xf9, 0x45, 0x19, 0x46,
    0xf9, 0x45, 0xfa, 0x3d, 0x19, 0x46, 0xf9, 0x45, 0xfa, 0x3d, 0xf9, 0x3d,
    0xf9, 0x45, 0xfa, 0x3d, 0x19, 0x46, 0x1a, 0x46, 0x19, 0x46, 0x3a, 0x56,
    0x7a, 0x5e, 0x79, 0x66, 0x79, 0x66, 0x7a, 0x6e, 0x9a, 0x6e, 0x99, 0x6e,
    0x9a, 0x6e, 0x99, 0x6e, 0x99, 0x6e, 0x79, 0x6e, 0x99, 0x6e, 0x99, 0x6e,
    0x9a, 0x6e, 0x79, 0x6e, 0x9a, 0x6e, 0x79, 0x6e, 0x7a, 0x66, 0x79, 0x66,
    0x59, 0x56, 0x1a, 0x46, 0xf9, 0x45, 0xf9, 0x45, 0xfa, 0x45, 0xf9, 0x45,
    0x19, 0x46, 0x19, 0x46, 0xf9, 0x45, 0x1a, 0x46, 0xf9, 0x45, 0x19, 0x46,
    0xfa, 0x45, 0x19, 0x46, 0x1a, 0x46, 0x1a, 0x46, 0x19, 0x46, 0xf9, 0x45,
    0x1a, 0x46, 0x19, 0x46, 0x19, 0x46, 0x1a, 0x46, 0x1a, 0x46, 0x19, 0x46,
    0x19, 0x46, 0xf9, 0x45, 0x1a, 0x46, 0x1a, 0x46, 0x19, 0x46, 0x19, 0x46,
    0x1a, 0x46, 0x1a, 0x46, 0x19, 0x46, 0x19, 0x46, 0x19, 0x46, 0xf9, 0x45,
    0x1a, 0x46, 0x19, 0x46, 0xf9, 0x45, 0x1a, 0x46, 0x19, 0x46, 0xf9, 0x45,
    0x1a, 0x46, 0x19, 0x46, 0x19, 0x46, 0x1a, 0x46, 0xf9, 0x45, 0x19, 0x46,
    0x19, 0x46, 0x1a, 0x46, 0x19, 0x46, 0xf9, 0x45, 0x1a, 0x46, 0x1a, 0x46,
    0x19, 0x46, 0x19, 0x46, 0xfa, 0x45, 0x19, 0x46, 0x19, 0x46, 0x1a, 0x46,
    0x19, 0x46, 0x19, 0x46, 0x19, 0x46, 0x19, 0x46, 0x1a, 0x46, 0x1a, 0x46,
    0x19, 0x46, 0x19, 0x46, 0x1a, 0x46, 0x1a, 0x46, 0xf9, 0x45, 0x1a, 0x46,
    0x19, 0x46, 0x1a, 0x46, 0x1a, 0x46, 0x19, 0x46, 0x19, 0x46, 0xfa, 0x45,
    0x19, 0x46, 0xfa, 0x45, 0x19, 0x46, 0x1a, 0x3e, 0x19, 0x46, 0xf9, 0x45,
    0xfa, 0x3d, 0x19, 0x46, 0x19, 0x46, 0xfa, 0x45, 0x19, 0x46, 0x19, 0x46,
    0x19, 0x46, 0x1a, 0x46, 0x19, 0x3e, 0xf9, 0x45, 0xfa, 0x45, 0x19, 0x3e,
    0xf9, 0x45, 0xfa, 0x45, 0x19, 0x46, 0xf9, 0x3d, 0xfa, 0x45, 0x19, 0x46,
    0x19, 0x46, 0xfa, 0x3d, 0x19, 0x46, 0xf9, 0x45, 0xfa, 0x45, 0x1a, 0x46,
    0xf9, 0x45, 0xf9, 0x45, 0x1a, 0x46, 0x19, 0x46, 0xf9, 0x45, 0x1a, 0x46,
    0xf9, 0x3d, 0xf9, 0x45, 0x1a, 0x46, 0xfa, 0x3d, 0xf9, 0x45, 0x19, 0x46,
    0xf9, 0x3d, 0xf9, 0x3d, 0xf9, 0x45, 0x1a, 0x46, 0xf9, 0x45, 0x1a, 0x46,
    0x19, 0x46, 0xf9, 0x45, 0xfa, 0x45, 0x19, 0x46, 0xf9, 0x3d, 0x19, 0x46,
    0xfa, 0x45, 0x19, 0x46, 0x19, 0x46, 0xf9, 0x3d, 0x19, 0x46, 0x1a, 0x46,
    0xf9, 0x3d, 0x19, 0x3e, 0x1a, 0x46, 0xf9, 0x45, 0x19, 0x3e, 0xf9, 0x3d,
    0x1a, 0x46, 0x19, 0x46, 0xf9, 0x45, 0x19, 0x46, 0x19, 0x46, 0xfa, 0x45,
    0x19, 0x3e, 0x19, 0x46, 0xfa, 0x3d, 0xf9, 0x3d, 0x19, 0x46, 0x19, 0x46,
    0xf9, 0x45, 0x1a, 0x3e, 0xf9, 0x3d, 0xf9, 0x45, 0xfa, 0x45, 0x19, 0x3e,
    0xf9, 0x45, 0x19, 0x46, 0x1a, 0x3e, 0xf9, 0x45, 0x19, 0x46, 0x19, 0x46,
    0xfa, 0x45, 0x19, 0x3e, 0x1a, 0x46, 0x19, 0x46, 0xf9, 0x45, 0x1a, 0x46,
    0xf9, 0x3d, 0x1a, 0x46, 0xf9, 0x45, 0xf9, 0x3d, 0xf9, 0x3d, 0xf9, 0x45,
    0x1a, 0x46, 0xf9, 0x3d, 0x19, 0x46, 0xfa, 0x45, 0xf9, 0x45, 0x19, 0x3e,
    0xfa, 0x45, 0xf9, 0x45, 0x1a, 0x46, 0x19, 0x46, 0x19, 0x46, 0x1a, 0x46,
    0x19, 0x46, 0xf9, 0x45, 0xf9, 0x3d, 0x19, 0x46, 0x1a, 0x46, 0xf9, 0x45,
    0x19, 0x46, 0xfa, 0x45, 0xf9, 0x45, 0xf9, 0x3d, 0xf9, 0x45, 0xfa, 0x45,
    0x19, 0x46, 0x1a, 0x46, 0x19, 0x46, 0x1a, 0x46, 0x19, 0x46, 0xf9, 0x45,
    0x1a, 0x46, 0xf9, 0x45, 0x19, 0x46, 0x1a, 0x46, 0xf9, 0x45, 0x19, 0x46,
    0x1a, 0x46, 0x19, 0x46, 0xf9, 0x45, 0x19, 0x46, 0x39, 0x4e, 0x5a, 0x5e,
    0x59, 0x66, 0x59, 0x66, 0x9a, 0x6e, 0x9a, 0x6e, 0x99, 0x6e, 0x9a, 0x6e,
    0x79, 0x76, 0x9a, 0x6e, 0x9a, 0x76, 0x9a, 0x6e, 0x9a, 0x6e, 0x9a, 0x6e,
    0x99, 0x6e, 0x79, 0x6e, 0x7a, 0x6e, 0x9a, 0x6e, 0x79, 0x66, 0x59, 0x66,
    0x5a, 0x5e, 0x19, 0x4e, 0xf9, 0x45, 0xf9, 0x45, 0xf9, 0x45, 0xfa, 0x3d,
    0x19, 0x46, 0x1a, 0x46, 0xfa, 0x45, 0x1a, 0x46, 0x19, 0x46, 0x1a, 0x46,
    0x19, 0x46, 0x1a, 0x46, 0x19, 0x46, 0xfa, 0x45, 0xf9, 0x45, 0xf9, 0x45,
    0x19, 0x46, 0x1a, 0x46, 0xf9, 0x45, 0x19, 0x46, 0x1a, 0x46, 0xf9, 0x45,
    0x1a, 0x46, 0x1a, 0x46, 0x19, 0x46, 0x19, 0x46, 0xf9, 0x45, 0x19, 0x46,
    0x1a, 0x46, 0xf9, 0x45, 0x1a, 0x46, 0x1a, 0x46, 0x19, 0x46, 0x19, 0x46,
    0x1a, 0x46, 0x1a, 0x46, 0xf9, 0x45, 0x1a, 0x46, 0x1a, 0x46, 0x19, 0x46,
    0x1a, 0x46, 0xf9, 0x45, 0x1a, 0x46, 0xf9, 0x45, 0x1a, 0x46, 0x1a, 0x46,
    0xf9, 0x45, 0x19, 0x46, 0x1a, 0x46, 0x19, 0x46, 0x19, 0x46, 0xfa, 0x45,
    0xf9, 0x45, 0x19, 0x46, 0x1a, 0x46, 0x1a, 0x46, 0x19, 0x46, 0x1a, 0x46,
    0xf9, 0x45, 0x1a, 0x46, 0xf9, 0x45, 0x19, 0x46, 0x1a, 0x46, 0xf9, 0x45,
    0xf9, 0x45, 0x19, 0x46, 0x19, 0x46, 0x19, 0x46, 0x19, 0x46, 0x19, 0x46,
    0xfa, 0x45, 0x19, 0x46, 0x19, 0x46, 0x1a, 0x46, 0x19, 0x46, 0x19, 0x46,
    0x1a, 0x46, 0xf9, 0x45, 0x19, 0x46, 0x19, 0x46, 0xf9, 0x45, 0x1a, 0x46,
    0x19, 0x46, 0xf9, 0x45, 0x1a, 0x46, 0xf9, 0x45, 0xf9, 0x45, 0x1a, 0x46,
    0x19, 0x46, 0x19, 0x46, 0xfa, 0x45, 0x19, 0x46, 0x1a, 0x46, 0x19, 0x46,
    0x1a, 0x46, 0x19, 0x46, 0xf9, 0x45, 0x19, 0x46, 0x1a, 0x46, 0xf9, 0x45,
    0xfa, 0x45, 0x19, 0x46, 0xf9, 0x45, 0x1a, 0x46, 0x19, 0x46, 0x19, 0x3e,
    0xfa, 0x45, 0x19, 0x46, 0x1a, 0x46, 0x1a, 0x3e, 0x19, 0x46, 0xfa, 0x45,
    0x19, 0x46, 0xf9, 0x45, 0x19, 0x46, 0x1a, 0x46, 0xf9, 0x3d, 0x1a, 0x46,
    0x19, 0x46, 0xf9, 0x3d, 0x19, 0x46, 0x1a, 0x46, 0x19, 0x46, 0xf9, 0x3d,
    0xfa, 0x45, 0x19, 0x46, 0x19, 0x46, 0x1a, 0x46, 0xf9, 0x45, 0xfa, 0x45,
    0x19, 0x46, 0xf9, 0x45, 0xfa, 0x3d, 0x19, 0x46, 0xf9, 0x45, 0xfa, 0x45,
    0x19, 0x46, 0x19, 0x46, 0xfa, 0x3d, 0x19, 0x46, 0xfa, 0x45, 0x19, 0x46,
    0x19, 0x46, 0xfa, 0x3d, 0x19, 0x46, 0x1a, 0x46, 0xfa, 0x3d, 0x19, 0x46,
    0xf9, 0x45, 0x1a, 0x46, 0xf9, 0x45, 0x19, 0x46, 0xfa, 0x45, 0xfa, 0x45,
    0x19, 0x46, 0xf9, 0x3d, 0x1a, 0x46, 0x19, 0x46, 0xfa, 0x45, 0x1a, 0x46,
    0xf9, 0x3d, 0x1a, 0x46, 0xf9, 0x45, 0xf9, 0x3d, 0x19, 0x46, 0xfa, 0x45,
    0xf9, 0x3d, 0xf9, 0x3d, 0x1a, 0x46, 0xf9, 0x3d, 0xf9, 0x45, 0xf9, 0x3d,
    0x19, 0x46, 0x1a, 0x46, 0x19, 0x46, 0x1a, 0x46, 0x19, 0x46, 0xf9, 0x45,
    0xf9, 0x45, 0x1a, 0x46, 0x19, 0x46, 0x1a, 0x46, 0x19, 0x46, 0xf9, 0x45,
    0xfa, 0x45, 0x19, 0x46, 0xfa, 0x45, 0x19, 0x46, 0x19, 0x3e, 0xf9, 0x45,
    0x1a, 0x46, 0xf9, 0x45, 0xfa, 0x45, 0x19, 0x46, 0xf9, 0x45, 0xfa, 0x45,
    0x19, 0x3e, 0x19, 0x46, 0xf9, 0x45, 0x1a, 0x3e, 0x1a, 0x46, 0x19, 0x46,
    0xf9, 0x3d, 0xf9, 0x45, 0x19, 0x46, 0x1a, 0x46, 0xf9, 0x45, 0x1a, 0x46,
    0x19, 0x46, 0xf9, 0x45, 0x1a, 0x46, 0xf9, 0x3d, 0x19, 0x46, 0x1a, 0x46,
    0xf9, 0x45, 0xfa, 0x45, 0x19, 0x46, 0x1a, 0x46, 0x5a, 0x5e, 0x5a, 0x5e,
    0x7a, 0x5e, 0x7a, 0x66, 0x9a, 0x6e, 0x99, 0x6e, 0x9a, 0x6e, 0x99, 0x76,
    0x9a, 0x6e, 0x9a, 0x76, 0x9a, 0x6e, 0x99, 0x6e, 0x99, 0x76, 0x9a, 0x76,
    0x9a, 0x6e, 0x9a, 0x6e, 0x7a, 0x6e, 0x7a, 0x6e, 0x7a, 0x66, 0x7a, 0x66,
    0x5a, 0x5e, 0x39, 0x56, 0xfa, 0x45, 0xfa, 0x45, 0xf9, 0x45, 0xf9, 0x45,
    0x19, 0x46, 0x19, 0x46, 0x19, 0x46, 0x19, 0x46, 0x19, 0x46, 0x19, 0x46,
    0x1a, 0x4e, 0x19, 0x46, 0x19, 0x46, 0x19, 0x46, 0x1a, 0x46, 0x19, 0x46,
    0x1a, 0x46, 0x19, 0x46, 0x1a, 0x46, 0x19, 0x46, 0x19, 0x46, 0xf9, 0x45,
    0x1a, 0x46, 0x19, 0x46, 0xf9, 0x45, 0x1a, 0x46, 0x19, 0x46, 0x1a, 0x46,
    0x19, 0x46, 0x19, 0x46, 0x19, 0x46, 0x1a, 0x46, 0x19, 0x46, 0xf9, 0x45,
    0x1a, 0x46, 0x19, 0x46, 0x19, 0x46, 0x19, 0x46, 0x19, 0x46, 0x1a, 0x46,
    0x19, 0x46, 0x1a, 0x46, 0x19, 0x46, 0x1a, 0x46, 0x19, 0x46, 0x1a, 0x46,
    0x19, 0x46, 0x1a, 0x46, 0x1a, 0x46, 0x19, 0x46, 0x19, 0x46, 0x1a, 0x46,
    0x19, 0x46, 0x19, 0x46, 0x1a, 0x46, 0x19, 0x46, 0x19, 0x46, 0x19, 0x46,
    0x1a, 0x46, 0x19, 0x46, 0x1a, 0x46, 0x19, 0x46, 0x19, 0x46, 0x1a, 0x46,
    0x19, 0x46, 0x1a, 0x46, 0xfa, 0x45, 0x1a, 0x46, 0x19, 0x46, 0xf9, 0x45,
    0x19, 0x46, 0x19, 0x46, 0xfa, 0x45, 0x19, 0x46, 0x1a, 0x46, 0xf9, 0x45,
    0x19, 0x46, 0x1a, 0x46, 0x19, 0x46, 0xfa, 0x45, 0xfa, 0x45, 0x19, 0x46,
    0x1a, 0x46, 0x19, 0x46, 0x19, 0x46, 0x1a, 0x46, 0xf9, 0x45, 0x1a, 0x46,
    0x19, 0x3e, 0x19, 0x46, 0x1a, 0x46, 0x1a, 0x46, 0x19, 0x46, 0xf9, 0x45,
    0x1a, 0x46, 0x1a, 0x46, 0x19, 0x46, 0x1a, 0x46, 0x19, 0x46, 0x19, 0x46,
    0xfa, 0x3d, 0x19, 0x46, 0x19, 0x46, 0x1a, 0x46, 0x19, 0x46, 0xf9, 0x45,
    0x1a, 0x46, 0x19, 0x46, 0x19, 0x46, 0xf9, 0x45, 0x1a, 0x46, 0x19, 0x46,
    0x1a, 0x3e, 0x19, 0x46, 0x19, 0x46, 0x19, 0x46, 0x1a, 0x46, 0x19, 0x46,
    0xf9, 0x45, 0x1a, 0x46, 0xfa, 0x45, 0xf9, 0x45, 0x19, 0x46, 0x19, 0x46,
    0x19, 0x46, 0x1a, 0x3e, 0xf9, 0x45, 0x19, 0x46, 0x1a, 0x3e, 0xf9, 0x45,
    0x19, 0x3e, 0x19, 0x46, 0x1a, 0x46, 0x1a, 0x3e, 0x19, 0x46, 0x1a, 0x46,
    0x19, 0x46, 0xfa, 0x45, 0xf9, 0x45, 0x19, 0x46, 0xfa, 0x45, 0x19, 0x46,
    0x19, 0x46, 0x1a, 0x3e, 0x19, 0x46, 0xf9, 0x45, 0x19, 0x46, 0x19, 0x3e,
    0xf9, 0x45, 0x1a, 0x46, 0x19, 0x46, 0x19, 0x3e, 0x1a, 0x46, 0x19, 0x46,
    0xfa, 0x3d, 0xf9, 0x45, 0x19, 0x46, 0xf9, 0x3d, 0x19, 0x46, 0x19, 0x46,
    0x1a, 0x46, 0xf9, 0x45, 0x19, 0x46, 0x1a, 0x3e, 0xfa, 0x45, 0x19, 0x46,
    0x19, 0x46, 0xfa, 0x45, 0x19, 0x46, 0x19, 0x46, 0xf9, 0x45, 0x1a, 0x46,
    0x19, 0x46, 0x19, 0x46, 0xf9, 0x3d, 0x1a, 0x46, 0x19, 0x46, 0x1a, 0x46,
    0xf9, 0x3d, 0xf9, 0x45, 0x19, 0x46, 0x1a, 0x46, 0x19, 0x46, 0xfa, 0x45,
    0x19, 0x46, 0xf9, 0x45, 0x1a, 0x46, 0xf9, 0x3d, 0xfa, 0x45, 0xf9, 0x45,
    0x19, 0x46, 0x1a, 0x46, 0x19, 0x46, 0xf9, 0x3d, 0x1a, 0x46, 0x19, 0x46,
    0x1a, 0x46, 0xf9, 0x45, 0x19, 0x46, 0x1a, 0x46, 0x19, 0x46, 0x19, 0x46,
    0x1a, 0x46, 0xfa, 0x45, 0x19, 0x46, 0xf9, 0x3d, 0x1a, 0x46, 0x19, 0x46,
    0x19, 0x46, 0x1a, 0x46, 0x1a, 0x46, 0x19, 0x46, 0x1a, 0x46, 0x19, 0x46,
    0xf9, 0x45, 0x19, 0x46, 0x19, 0x46, 0x3a, 0x56, 0x59, 0x5e, 0x79, 0x66,
    0x79, 0x66, 0x79, 0x6e, 0x99, 0x6e, 0x7a, 0x6e, 0x99, 0x6e, 0x9a, 0x76,
    0x9a, 0x76, 0x99, 0x6e, 0x99, 0x6e, 0x99, 0x76, 0x9a, 0x6e, 0x99, 0x6e,
    0x9a, 0x6e, 0x79, 0x6e, 0x99, 0x6e, 0x79, 0x66, 0x7a, 0x6e, 0x7a, 0x6e,
    0x79, 0x66, 0x39, 0x56, 0xfa, 0x45, 0x19, 0x46, 0xf9, 0x45, 0xf9, 0x45,
    0x19, 0x46, 0x1a, 0x46, 0x19, 0x46, 0xfa, 0x4d, 0x19, 0x46, 0x1a, 0x4e,
    0xf9, 0x45, 0x19, 0x46, 0x1a, 0x4e, 0x19, 0x4e, 0x19, 0x46, 0x1a, 0x46,
    0x1a, 0x4e, 0x19, 0x46, 0x19, 0x46, 0x1a, 0x4e, 0x19, 0x46, 0x1a, 0x4e,
    0x19, 0x46, 0x1a, 0x46, 0x19, 0x46, 0x1a, 0x4e, 0x19, 0x46, 0x1a, 0x46,
    0x1a, 0x4e, 0x19, 0x4e, 0x1a, 0x46, 0x19, 0x46, 0xf9, 0x45, 0x1a, 0x46,
    0x19, 0x46, 0x1a, 0x4e, 0x19, 0x46, 0x19, 0x46, 0x1a, 0x4e, 0x19, 0x46,
    0x1a, 0x46, 0x19, 0x46, 0x19, 0x46, 0x19, 0x46, 0x19, 0x46, 0x19, 0x46,
    0x19, 0x46, 0x19, 0x46, 0x1a, 0x46, 0x1a, 0x46, 0xf9, 0x45, 0x1a, 0x46,
    0x19, 0x46, 0x19, 0x46, 0xfa, 0x45, 0x19, 0x46, 0x19, 0x46, 0x1a, 0x46,
    0x19, 0x46, 0x19, 0x46, 0x1a, 0x46, 0x19, 0x46, 0xf9, 0x45, 0x1a, 0x46,
    0x19, 0x46, 0x19, 0x46, 0x19, 0x46, 0x1a, 0x46, 0x19, 0x46, 0x1a, 0x46,
    0x1a, 0x46, 0x19, 0x46, 0xf9, 0x45, 0x1a, 0x46, 0x19, 0x46, 0xfa, 0x45,
    0x19, 0x46, 0x19, 0x46, 0x19, 0x46, 0x1a, 0x46, 0x19, 0x46, 0x19, 0x46,
    0x1a, 0x46, 0x19, 0x46, 0x19, 0x46, 0x19, 0x46, 0x19, 0x46, 0x1a, 0x46,
    0x19, 0x46, 0xf9, 0x45, 0x19, 0x46, 0xf9, 0x45, 0x1a, 0x46, 0x19, 0x46,
    0xf9, 0x45, 0x19, 0x46, 0x1a, 0x46, 0x19, 0x46, 0x19, 0x46, 0x19, 0x46,
    0x1a, 0x46, 0x19, 0x46, 0x1a, 0x46, 0x19, 0x46, 0xfa, 0x45, 0x19, 0x46,
    0x19, 0x46, 0x1a, 0x46, 0x1a, 0x46, 0x19, 0x46, 0xf9, 0x45, 0x19, 0x46,
    0x1a, 0x46, 0x1a, 0x46, 0x19, 0x46, 0xf9, 0x45, 0xf9, 0x45, 0x1a, 0x46,
    0x19, 0x46, 0x19, 0x46, 0x1a, 0x46, 0x19, 0x46, 0x1a, 0x46, 0x1a, 0x46,
    0x1a, 0x46, 0x1a, 0x46, 0x19, 0x46, 0x19, 0x46, 0x1a, 0x46, 0x19, 0x46,
    0x1a, 0x46, 0x19, 0x46, 0xf9, 0x45, 0x19, 0x46, 0xfa, 0x3d, 0x19, 0x46,
    0x19, 0x46, 0x1a, 0x3e, 0x19, 0x46, 0x1a, 0x46, 0x19, 0x3e, 0x1a, 0x46,
    0xfa, 0x45, 0x19, 0x46, 0x1a, 0x46, 0x19, 0x46, 0x1a, 0x46, 0xfa, 0x45,
    0x19, 0x46, 0x19, 0x3e, 0x1a, 0x46, 0x19, 0x46, 0x19, 0x46, 0x19, 0x46,
    0x19, 0x46, 0x1a, 0x46, 0x1a, 0x3e, 0x19, 0x46, 0xf9, 0x45, 0x1a, 0x46,
    0xf9, 0x3d, 0x19, 0x46, 0x1a, 0x46, 0x19, 0x46, 0x19, 0x46, 0x19, 0x46,
    0xf9, 0x45, 0x1a, 0x46, 0x19, 0x46, 0x1a, 0x46, 0x1a, 0x46, 0xf9, 0x3d,
    0x19, 0x46, 0xf9, 0x45, 0xfa, 0x45, 0x19, 0x46, 0xfa, 0x45, 0xf9, 0x45,
    0x1a, 0x46, 0x19, 0x3e, 0x1a, 0x46, 0xf9, 0x45, 0xf9, 0x3d, 0x1a, 0x46,
    0x19, 0x46, 0x19, 0x46, 0xf9, 0x45, 0x1a, 0x46, 0x19, 0x46, 0x1a, 0x46,
    0x1a, 0x3e, 0x19, 0x46, 0xf9, 0x45, 0x1a, 0x46, 0x19, 0x46, 0x19, 0x46,
    0x1a, 0x46, 0x19, 0x46, 0x19, 0x46, 0x1a, 0x46, 0xf9, 0x45, 0x19, 0x46,
    0x1a, 0x46, 0x19, 0x46, 0x19, 0x46, 0x1a, 0x46, 0x19, 0x3e, 0xf9, 0x45,
    0x1a, 0x46, 0x19, 0x46, 0xf9, 0x45, 0x19, 0x46, 0x19, 0x46, 0xfa, 0x45,
    0x1a, 0x46, 0x19, 0x46, 0x19, 0x46, 0x5a, 0x5e, 0x59, 0x5e, 0x79, 0x5e,
    0x7a, 0x66, 0x9a, 0x6e, 0x99, 0x6e, 0x9a, 0x6e, 0x9a, 0x76, 0x99, 0x76,
    0x99, 0x6e, 0x9a, 0x76, 0x9a, 0x6e, 0x9a, 0x6e, 0x9a, 0x76, 0x9a, 0x6e,
    0x99, 0x6e, 0x9a, 0x6e, 0x7a, 0x6e, 0x99, 0x6e, 0x7a, 0x66, 0x79, 0x66,
    0x79, 0x66, 0x5a, 0x56, 0x19, 0x46, 0x19, 0x46, 0x1a, 0x46, 0x1a, 0x46,
    0x19, 0x46, 0x1a, 0x4e, 0x1a, 0x4e, 0x19, 0x46, 0x1a, 0x46, 0x19, 0x4e,
    0x1a, 0x46, 0x19, 0x46, 0x1a, 0x46, 0x1a, 0x4e, 0x19, 0x46, 0x19, 0x46,
    0x19, 0x4e, 0x1a, 0x46, 0x19, 0x4e, 0x19, 0x46, 0x1a, 0x46, 0x1a, 0x46,
    0x19, 0x4e, 0x1a, 0x4e, 0x1a, 0x46, 0x19, 0x4e, 0x19, 0x46, 0x19, 0x46,
    0x19, 0x46, 0x1a, 0x46, 0x19, 0x4e, 0x1a, 0x4e, 0x19, 0x4e, 0x19, 0x46,
    0x1a, 0x4e, 0x1a, 0x46, 0x1a, 0x46, 0x1a, 0x4e, 0x19, 0x46, 0x19, 0x4e,
    0x1a, 0x4e, 0x19, 0x46, 0x1a, 0x46, 0x1a, 0x4e, 0x19, 0x46, 0x1a, 0x46,
    0x1a, 0x4e, 0x19, 0x4e, 0x19, 0x46, 0x19, 0x46, 0x19, 0x46, 0x1a, 0x46,
    0x19, 0x46, 0x1a, 0x4e, 0x19, 0x46, 0x1a, 0x46, 0x1a, 0x46, 0x1a, 0x46,
    0x19, 0x46, 0x19, 0x46, 0xfa, 0x45, 0x1a, 0x46, 0x19, 0x46, 0x1a, 0x46,
    0x19, 0x46, 0x19, 0x46, 0xfa, 0x45, 0x19, 0x46, 0x19, 0x46, 0x1a, 0x46,
    0x19, 0x46, 0x19, 0x46, 0x1a, 0x46, 0x19, 0x46, 0x19, 0x46, 0x1a, 0x46,
    0x1a, 0x46, 0xf9, 0x45, 0x1a, 0x46, 0x19, 0x46, 0x19, 0x46, 0x19, 0x46,
    0x1a, 0x46, 0x19, 0x46, 0xfa, 0x45, 0x19, 0x46, 0x19, 0x46, 0x1a, 0x46,
    0x1a, 0x46, 0x19, 0x46, 0x1a, 0x46, 0x19, 0x46, 0x19, 0x46, 0x1a, 0x46,
    0x19, 0x46, 0x19, 0x46, 0x1a, 0x46, 0x19, 0x46, 0xfa, 0x45, 0x1a, 0x46,
    0x19, 0x46, 0xf9, 0x45, 0x1a, 0x46, 0x19, 0x46, 0x19, 0x46, 0x1a, 0x46,
    0x19, 0x46, 0x1a, 0x46, 0x19, 0x3e, 0x19, 0x46, 0x1a, 0x46, 0x19, 0x46,
    0x19, 0x46, 0x1a, 0x46, 0x1a, 0x46, 0x19, 0x46, 0x19, 0x46, 0x1a, 0x46,
    0x19, 0x46, 0x19, 0x46, 0x1a, 0x46, 0x19, 0x3e, 0x19, 0x46, 0x1a, 0x46,
    0x19, 0x46, 0xf9, 0x45, 0x19, 0x46, 0x1a, 0x46, 0xf9, 0x45, 0x19, 0x46,
    0x1a, 0x46, 0x1a, 0x46, 0x19, 0x46, 0x19, 0x46, 0x1a, 0x46, 0x19, 0x46,
    0x19, 0x46, 0x1a, 0x46, 0x19, 0x46, 0x19, 0x46, 0x1a, 0x46, 0x19, 0x3e,
    0x1a, 0x46, 0xf9, 0x45, 0x19, 0x46, 0x19, 0x46, 0x1a, 0x46, 0x19, 0x46,
    0x19, 0x46, 0x1a, 0x3e, 0xf9, 0x45, 0x1a, 0x46, 0x19, 0x3e, 0xfa, 0x45,
    0x19, 0x46, 0x19, 0x46, 0x1a, 0x46, 0x19, 0x46, 0x1a, 0x46, 0x19, 0x46,
    0x19, 0x3e, 0x1a, 0x46, 0x19, 0x46, 0x19, 0x46, 0x1a, 0x46, 0x1a, 0x3e,
    0xf9, 0x3d, 0x1a, 0x46, 0x19, 0x46, 0x19, 0x3e, 0x19, 0x46, 0x19, 0x46,
    0x1a, 0x46, 0x1a, 0x46, 0x19, 0x46, 0x19, 0x46, 0x19, 0x46, 0x1a, 0x3e,
    0xf9, 0x45, 0x1a, 0x46, 0x19, 0x46, 0x19, 0x46, 0x19, 0x46, 0x19, 0x46,
    0x1a, 0x46, 0x19, 0x3e, 0x1a, 0x46, 0x19, 0x46, 0x19, 0x46, 0x19, 0x46,
    0x1a, 0x46, 0x19, 0x46, 0x19, 0x46, 0x1a, 0x46, 0x19, 0x46, 0xf9, 0x45,
    0x1a, 0x46, 0x19, 0x46, 0xf9, 0x45, 0x1a, 0x46, 0x19, 0x46, 0xf9, 0x45,
    0x1a, 0x46, 0x19, 0x46, 0x19, 0x46, 0xfa, 0x45, 0x19, 0x46, 0x19, 0x46,
    0x1a, 0x46, 0x19, 0x46, 0x19, 0x46, 0x1a, 0x46, 0x19, 0x46, 0x19, 0x46,
    0x1a, 0x46, 0x19, 0x46, 0x3a, 0x4e, 0x5a, 0x5e, 0x5a, 0x5e, 0x7a, 0x66,
    0x9a, 0x6e, 0x99, 0x6e, 0x9a, 0x6e, 0x99, 0x76, 0x99, 0x6e, 0x9a, 0x6e,
    0x99, 0x6e, 0x9a, 0x76, 0x9a, 0x6e, 0x99, 0x6e, 0x99, 0x6e, 0x9a, 0x76,
    0x99, 0x6e, 0x9a, 0x6e, 0x7a, 0x6e, 0x99, 0x66, 0x7a, 0x66, 0x7a, 0x66,
    0x59, 0x66, 0x5a, 0x5e, 0x39, 0x56, 0x3a, 0x4e, 0x19, 0x4e, 0x19, 0x4e,
    0x19, 0x46, 0x19, 0x46, 0x19, 0x4e, 0x1a, 0x46, 0x19, 0x46, 0x19, 0x4e,
    0x1a, 0x4e, 0x1a, 0x4e, 0x19, 0x46, 0x19, 0x46, 0x1a, 0x4e, 0x19, 0x4e,
    0x19, 0x46, 0x1a, 0x46, 0x1a, 0x4e, 0x19, 0x4e, 0x1a, 0x46, 0x19, 0x46,
    0x19, 0x4e, 0x19, 0x46, 0x19, 0x46, 0x1a, 0x4e, 0x1a, 0x4e, 0x1a, 0x4e,
    0x19, 0x46, 0x19, 0x46, 0x1a, 0x4e, 0x19, 0x46, 0x1a, 0x46, 0x19, 0x46,
    0x19, 0x4e, 0x19, 0x46, 0x19, 0x4e, 0x19, 0x46, 0x19, 0x46, 0x1a, 0x46,
    0x19, 0x4e, 0x19, 0x46, 0x1a, 0x46, 0x19, 0x4e, 0x19, 0x46, 0x1a, 0x46,
    0x19, 0x4e, 0x19, 0x46, 0x1a, 0x46, 0x19, 0x4e, 0x19, 0x4e, 0x1a, 0x46,
    0x1a, 0x4e, 0x19, 0x46, 0x1a, 0x4e, 0x19, 0x4e, 0x19, 0x4e, 0x1a, 0x4e,
    0x1a, 0x46, 0x19, 0x46, 0x19, 0x46, 0x19, 0x46, 0x19, 0x46, 0x1a, 0x46,
    0x1a, 0x46, 0x1a, 0x46, 0x19, 0x46, 0x19, 0x46, 0x1a, 0x46, 0x1a, 0x46,
    0x19, 0x46, 0x19, 0x46, 0x1a, 0x46, 0x19, 0x46, 0x19, 0x46, 0x1a, 0x46,
    0x1a, 0x46, 0x19, 0x46, 0x19, 0x46, 0x1a, 0x46, 0x19, 0x46, 0xfa, 0x45,
    0x19, 0x46, 0x19, 0x46, 0x1a, 0x46, 0x1a, 0x46, 0x19, 0x46, 0x19, 0x46,
    0x19, 0x46, 0x1a, 0x46, 0x19, 0x46, 0x1a, 0x46, 0x1a, 0x46, 0x19, 0x46,
    0x1a, 0x46, 0x19, 0x46, 0x19, 0x46, 0x1a, 0x46, 0x19, 0x46, 0x19, 0x46,
    0x19, 0x46, 0x1a, 0x46, 0x19, 0x46, 0xf9, 0x45, 0x1a, 0x46, 0x19, 0x46,
    0x19, 0x46, 0x19, 0x46, 0x1a, 0x46, 0x19, 0x46, 0x19, 0x46, 0x1a, 0x46,
    0x19, 0x46, 0x19, 0x46, 0x19, 0x46, 0x1a, 0x46, 0x19, 0x46, 0x19, 0x46,
    0x1a, 0x46, 0x19, 0x46, 0xf9, 0x45, 0x19, 0x46, 0x19, 0x46, 0xf9, 0x45,
    0x19, 0x46, 0x1a, 0x46, 0x1a, 0x46, 0x19, 0x46, 0x19, 0x3e, 0x1a, 0x46,
    0xf9, 0x45, 0x19, 0x46, 0x1a, 0x46, 0x19, 0x46, 0x19, 0x46, 0x1a, 0x46,
    0x19, 0x46, 0x19, 0x46, 0x1a, 0x46, 0x19, 0x46, 0xf9, 0x45, 0x19, 0x46,
    0x19, 0x46, 0x1a, 0x46, 0x19, 0x46, 0x19, 0x46, 0xfa, 0x45, 0x19, 0x46,
    0x19, 0x46, 0x1a, 0x46, 0x19, 0x46, 0x19, 0x46, 0x1a, 0x46, 0x19, 0x46,
    0x1a, 0x46, 0x19, 0x46, 0xf9, 0x45, 0x1a, 0x46, 0x19, 0x46, 0x1a, 0x46,
    0x1a, 0x46, 0x19, 0x46, 0xf9, 0x45, 0x1a, 0x46, 0x19, 0x46, 0x19, 0x46,
    0x1a, 0x46, 0x19, 0x46, 0xf9, 0x45, 0x1a, 0x46, 0x19, 0x46, 0xf9, 0x45,
    0x1a, 0x46, 0x19, 0x46, 0x19, 0x46, 0x1a, 0x46, 0x19, 0x46, 0x19, 0x46,
    0x19, 0x46, 0x19, 0x46, 0xfa, 0x45, 0x1a, 0x46, 0x1a, 0x46, 0x19, 0x46,
    0xf9, 0x45, 0x19, 0x46, 0x1a, 0x46, 0xf9, 0x45, 0x19, 0x46, 0x1a, 0x46,
    0x19, 0x46, 0xf9, 0x45, 0x1a, 0x46, 0x19, 0x46, 0x1a, 0x46, 0x19, 0x46,
    0x19, 0x46, 0x1a, 0x46, 0x19, 0x46, 0x19, 0x46, 0x1a, 0x46, 0x19, 0x46,
    0x19, 0x46, 0x1a, 0x46, 0x19, 0x46, 0x1a, 0x46, 0x19, 0x46, 0x19, 0x46,
    0x1a, 0x46, 0x1a, 0x46, 0x19, 0x46, 0x1a, 0x46, 0x19, 0x46, 0x19, 0x46,
    0x19, 0x46, 0x1a, 0x46, 0x39, 0x56, 0x79, 0x5e, 0x59, 0x66, 0x79, 0x66,
    0x9a, 0x6e, 0x9a, 0x6e, 0x99, 0x76, 0x9a, 0x76, 0x9a, 0x6e, 0x9a, 0x76,
    0x9a, 0x76, 0x99, 0x6e, 0x9a, 0x76, 0x99, 0x6e, 0x9a, 0x6e, 0x79, 0x6e,
    0x9a, 0x6e, 0x7a, 0x6e, 0x79, 0x6e, 0x9a, 0x6e, 0x79, 0x66, 0x79, 0x66,
    0x7a, 0x66, 0x5a, 0x5e, 0x59, 0x5e, 0x59, 0x5e, 0x3a, 0x5e, 0x39, 0x56,
    0x19, 0x46, 0x1a, 0x4e, 0x19, 0x46, 0x1a, 0x4e, 0x1a, 0x4e, 0x19, 0x46,
    0x19, 0x46, 0x19, 0x4e, 0x19, 0x4e, 0x19, 0x46, 0x1a, 0x4e, 0x1a, 0x4e,
    0x19, 0x46, 0x19, 0x4e, 0x19, 0x4e, 0x1a, 0x46, 0x19, 0x4e, 0x19, 0x46,
    0x1a, 0x4e, 0x1a, 0x4e, 0x19, 0x46, 0x19, 0x46, 0x19, 0x4e, 0x1a, 0x4e,
    0x19, 0x46, 0x1a, 0x46, 0x1a, 0x4e, 0x19, 0x46, 0x19, 0x46, 0x1a, 0x4e,
    0x19, 0x46, 0x19, 0x4e, 0x1a, 0x46, 0x19, 0x4e, 0x1a, 0x4e, 0x1a, 0x46,
    0x19, 0x4e, 0x1a, 0x46, 0x19, 0x4e, 0x19, 0x46, 0x1a, 0x4e, 0x1a, 0x46,
    0x19, 0x46, 0x1a, 0x46, 0x1a, 0x46, 0x19, 0x4e, 0x19, 0x46, 0x19, 0x46,
    0x1a, 0x46, 0x19, 0x4e, 0x19, 0x46, 0x1a, 0x46, 0x19, 0x46, 0x19, 0x46,
    0x1a, 0x4e, 0x1a, 0x4e, 0x19, 0x46, 0x1a, 0x4e, 0x19, 0x46, 0x19, 0x46,
    0x1a, 0x4e, 0x19, 0x46, 0x19, 0x46, 0x1a, 0x4e, 0x19, 0x46, 0x19, 0x46,
    0x1a, 0x46, 0x19, 0x4e, 0x1a, 0x46, 0x19, 0x46, 0x19, 0x46, 0x19, 0x46,
    0x1a, 0x46, 0x19, 0x46, 0x1a, 0x46, 0x1a, 0x46, 0x19, 0x46, 0x19, 0x46,
    0x1a, 0x46, 0x19, 0x46, 0x1a, 0x46, 0x19, 0x46, 0x19, 0x46, 0x1a, 0x46,
    0x19, 0x46, 0x19, 0x46, 0x1a, 0x46, 0x19, 0x46, 0x19, 0x46, 0x1a, 0x46,
    0x19, 0x46, 0x19, 0x46, 0x1a, 0x46, 0x19, 0x46, 0x19, 0x46, 0x1a, 0x46,
    0x1a, 0x46, 0x19, 0x46, 0x19, 0x46, 0x1a, 0x46, 0x19, 0x46, 0x1a, 0x46,
    0x1a, 0x46, 0x1a, 0x46, 0x1a, 0x46, 0x19, 0x46, 0x19, 0x46, 0x1a, 0x46,
    0x19, 0x46, 0x19, 0x46, 0x19, 0x46, 0x1a, 0x46, 0x19, 0x46, 0x19, 0x46,
    0x1a, 0x46, 0x1a, 0x46, 0x19, 0x46, 0x1a, 0x46, 0x1a, 0x46, 0x1a, 0x46,
    0x19, 0x46, 0x1a, 0x46, 0x19, 0x46, 0x1a, 0x46, 0x1a, 0x46, 0x19, 0x46,
    0x19, 0x46, 0x1a, 0x46, 0x19, 0x46, 0x1a, 0x46, 0x19, 0x46, 0x19, 0x46,
    0x1a, 0x46, 0x19, 0x46, 0x1a, 0x46, 0x19, 0x46, 0x19, 0x46, 0x1a, 0x46,
    0x19, 0x46, 0x19, 0x46, 0x1a, 0x46, 0x19, 0x46, 0x19, 0x3e, 0x1a, 0x46,
    0x1a, 0x46, 0x19, 0x46, 0x19, 0x46, 0x1a, 0x46, 0xf9, 0x45, 0x19, 0x46,
    0x1a, 0x3e, 0x1a, 0x46, 0x19, 0x46, 0x19, 0x3e, 0x19, 0x46, 0xf9, 0x45,
    0x19, 0x46, 0x1a, 0x46, 0x1a, 0x46, 0x19, 0x46, 0x19, 0x46, 0x19, 0x46,
    0x1a, 0x46, 0x19, 0x46, 0x1a, 0x46, 0x1a, 0x46, 0x19, 0x46, 0x19, 0x46,
    0x1a, 0x46, 0x19, 0x46, 0x19, 0x46, 0xfa, 0x45, 0x19, 0x46, 0x1a, 0x46,
    0x19, 0x46, 0x1a, 0x46, 0x19, 0x46, 0x19, 0x46, 0x19, 0x46, 0x1a, 0x46,
    0x19, 0x46, 0x1a, 0x46, 0x19, 0x46, 0x19, 0x46, 0x1a, 0x46, 0x19, 0x46,
    0xf9, 0x45, 0x1a, 0x46, 0x19, 0x46, 0x19, 0x46, 0x1a, 0x46, 0xf9, 0x45,
    0x19, 0x46, 0x1a, 0x46, 0x19, 0x46, 0x1a, 0x46, 0x19, 0x46, 0x1a, 0x46,
    0x19, 0x46, 0x19, 0x46, 0x1a, 0x46, 0x19, 0x46, 0x1a, 0x46, 0x19, 0x46,
    0x19, 0x46, 0x19, 0x46, 0x1a, 0x46, 0x1a, 0x46, 0x19, 0x46, 0x1a, 0x46,
    0x1a, 0x46, 0x19, 0x4e, 0x3a, 0x56, 0x7a, 0x66, 0x79, 0x66, 0x7a, 0x6e,
    0x9a, 0x6e, 0x99, 0x6e, 0x99, 0x6e, 0x9a, 0x76, 0x99, 0x6e, 0x9a, 0x76,
    0x99, 0x76, 0x99, 0x6e, 0x9a, 0x6e, 0x9a, 0x76, 0x7a, 0x6e, 0x79, 0x6e,
    0x79, 0x6e, 0x9a, 0x6e, 0x7a, 0x6e, 0x79, 0x6e, 0x7a, 0x6e, 0x79, 0x66,
    0x7a, 0x66, 0x59, 0x66, 0x5a, 0x5e, 0x59, 0x5e, 0x5a, 0x5e, 0x5a, 0x5e,
    0x19, 0x4e, 0x1a, 0x4e, 0x1a, 0x46, 0x19, 0x4e, 0x19, 0x46, 0x1a, 0x4e,
    0x19, 0x4e, 0x1a, 0x46, 0x19, 0x4e, 0x1a, 0x4e, 0x1a, 0x46, 0x19, 0x4e,
    0x19, 0x46, 0x1a, 0x4e, 0x3a, 0x4e, 0x39, 0x4e, 0x1a, 0x4e, 0x1a, 0x4e,
    0x19, 0x46, 0x1a, 0x4e, 0x1a, 0x4e, 0x19, 0x46, 0x19, 0x46, 0x19, 0x4e,
    0x19, 0x4e, 0x1a, 0x46, 0x19, 0x4e, 0x19, 0x4e, 0x1a, 0x4e, 0x3a, 0x4e,
    0x1a, 0x46, 0x19, 0x46, 0x1a, 0x4e, 0x19, 0x46, 0x19, 0x4e, 0x1a, 0x4e,
    0x19, 0x46, 0x19, 0x4e, 0x1a, 0x4e, 0x19, 0x46, 0x19, 0x4e, 0x1a, 0x4e,
    0x19, 0x4e, 0x19, 0x46, 0x1a, 0x4e, 0x19, 0x46, 0x1a, 0x46, 0x3a, 0x4e,
    0x19, 0x46, 0x1a, 0x4e, 0x19, 0x4e, 0x1a, 0x46, 0x1a, 0x46, 0x19, 0x4e,
    0x19, 0x46, 0x1a, 0x46, 0x19, 0x46, 0x19, 0x46, 0x1a, 0x4e, 0x19, 0x4e,
    0x19, 0x46, 0x19, 0x4e, 0x1a, 0x4e, 0x19, 0x46, 0x19, 0x4e, 0x3a, 0x4e,
    0x19, 0x46, 0x19, 0x46, 0x1a, 0x46, 0x1a, 0x4e, 0x1a, 0x4e, 0x19, 0x46,
    0x19, 0x46, 0x19, 0x46, 0x19, 0x46, 0x19, 0x46, 0x1a, 0x4e, 0x1a, 0x4e,
    0x19, 0x46, 0x19, 0x46, 0x19, 0x46, 0x19, 0x46, 0x1a, 0x46, 0x19, 0x46,
    0x1a, 0x46, 0x19, 0x46, 0x19, 0x46, 0x1a, 0x46, 0x19, 0x46, 0x19, 0x46,
    0x19, 0x46, 0x1a, 0x46, 0x19, 0x46, 0x1a, 0x46, 0x19, 0x46, 0x19, 0x46,
    0x1a, 0x46, 0x19, 0x46, 0x19, 0x46, 0x19, 0x46, 0x19, 0x46, 0x19, 0x46,
    0x19, 0x46, 0x19, 0x46, 0x19, 0x46, 0x1a, 0x46, 0x1a, 0x46, 0x1a, 0x46,
    0x19, 0x46, 0x1a, 0x46, 0x1a, 0x46, 0x1a, 0x46, 0x19, 0x46, 0x19, 0x46,
    0x1a, 0x46, 0x19, 0x46, 0x19, 0x46, 0x1a, 0x46, 0x19, 0x46, 0x1a, 0x46,
    0x19, 0x46, 0x19, 0x46, 0x19, 0x46, 0x1a, 0x46, 0x19, 0x46, 0x19, 0x46,
    0x1a, 0x46, 0x19, 0x46, 0x19, 0x46, 0x1a, 0x46, 0x19, 0x46, 0x19, 0x46,
    0x1a, 0x46, 0x19, 0x46, 0x19, 0x46, 0x1a, 0x46, 0x1a, 0x46, 0x1a, 0x46,
    0x1a, 0x46, 0x19, 0x46, 0x19, 0x46, 0x1a, 0x46, 0x19, 0x46, 0x1a, 0x46,
    0x19, 0x46, 0x19, 0x46, 0x1a, 0x46, 0x19, 0x46, 0x19, 0x46, 0x1a, 0x46,
    0x19, 0x46, 0x19, 0x46, 0x19, 0x46, 0x1a, 0x46, 0x1a, 0x46, 0x19, 0x46,
    0x19, 0x46, 0x19, 0x46, 0x1a, 0x46, 0x19, 0x46, 0x1a, 0x46, 0x1a, 0x46,
    0x19, 0x46, 0x19, 0x46, 0x19, 0x46, 0x19, 0x46, 0x19, 0x46, 0x19, 0x46,
    0x1a, 0x46, 0x19, 0x46, 0x19, 0x46, 0x1a, 0x46, 0x19, 0x46, 0x1a, 0x46,
    0x19, 0x46, 0x19, 0x46, 0x19, 0x46, 0x19, 0x46, 0x1a, 0x46, 0x19, 0x46,
    0x19, 0x46, 0x1a, 0x46, 0x19, 0x46, 0x19, 0x46, 0x1a, 0x46, 0x19, 0x46,
    0x1a, 0x46, 0x19, 0x46, 0x19, 0x46, 0x19, 0x46, 0x1a, 0x46, 0x19, 0x46,
    0x1a, 0x46, 0x19, 0x46, 0x1a, 0x46, 0x19, 0x46, 0x19, 0x46, 0x1a, 0x46,
    0x19, 0x46, 0x19, 0x46, 0x1a, 0x46, 0x19, 0x46, 0x19, 0x46, 0x1a, 0x46,
    0x19, 0x4e, 0x1a, 0x4e, 0x19, 0x46, 0x19, 0x46, 0x1a, 0x4e, 0x19, 0x4e,
    0x19, 0x4e, 0x3a, 0x4e, 0x5a, 0x56, 0x79, 0x66, 0x7a, 0x66, 0x9a, 0x6e,
    0x99, 0x6e, 0x9a, 0x6e, 0x9a, 0x6e, 0x99, 0x76, 0x99, 0x6e, 0x9a, 0x6e,
    0x99, 0x6e, 0x9a, 0x6e, 0x9a, 0x76, 0x99, 0x6e, 0x9a, 0x6e, 0x9a, 0x6e,
    0x99, 0x6e, 0x9a, 0x6e, 0x99, 0x6e, 0x79, 0x6e, 0x7a, 0x66, 0x79, 0x66,
    0x79, 0x66, 0x7a, 0x66, 0x5a, 0x66, 0x59, 0x66, 0x59, 0x5e, 0x5a, 0x5e,
    0x19, 0x4e, 0x19, 0x46, 0x1a, 0x4e, 0x19, 0x4e, 0x19, 0x46, 0x1a, 0x4e,
    0x3a, 0x4e, 0x19, 0x4e, 0x3a, 0x4e, 0x39, 0x4e, 0x39, 0x4e, 0x39, 0x56,
    0x5a, 0x5e, 0x5a, 0x5e, 0x59, 0x5e, 0x79, 0x66, 0x7a, 0x5e, 0x59, 0x5e,
    0x59, 0x56, 0x39, 0x4e, 0x1a, 0x4e, 0x3a, 0x4e, 0x19, 0x46, 0x1a, 0x4e,
    0x3a, 0x4e, 0x19, 0x46, 0x19, 0x4e, 0x3a, 0x4e, 0x19, 0x46, 0x39, 0x4e,
    0x1a, 0x4e, 0x19, 0x4e, 0x39, 0x46, 0x1a, 0x4e, 0x39, 0x4e, 0x1a, 0x4e,
    0x3a, 0x4e, 0x39, 0x4e, 0x3a, 0x46, 0x3a, 0x4e, 0x19, 0x46, 0x3a, 0x46,
    0x19, 0x4e, 0x39, 0x4e, 0x3a, 0x4e, 0x39, 0x46, 0x1a, 0x4e, 0x39, 0x4e,
    0x19, 0x46, 0x19, 0x4e, 0x39, 0x4e, 0x1a, 0x46, 0x19, 0x4e, 0x39, 0x46,
    0x3a, 0x4e, 0x19, 0x4e, 0x19, 0x46, 0x3a, 0x46, 0x19, 0x4e, 0x1a, 0x46,
    0x39, 0x46, 0x1a, 0x46, 0x19, 0x4e, 0x19, 0x46, 0x1a, 0x46, 0x1a, 0x4e,
    0x1a, 0x4e, 0x19, 0x46, 0x39, 0x46, 0x19, 0x4e, 0x3a, 0x46, 0x19, 0x46,
    0x3a, 0x4e, 0x1a, 0x46, 0x1a, 0x4e, 0x19, 0x46, 0x3a, 0x46, 0x1a, 0x46,
    0x19, 0x46, 0x1a, 0x4e, 0x19, 0x46, 0x1a, 0x46, 0x19, 0x4e, 0x19, 0x4e,
    0x1a, 0x46, 0x19, 0x46, 0x19, 0x4e, 0x1a, 0x46, 0x1a, 0x46, 0x19, 0x46,
    0x1a, 0x46, 0x1a, 0x46, 0x19, 0x46, 0x19, 0x46, 0x19, 0x46, 0x1a, 0x46,
    0x19, 0x46, 0x1a, 0x46, 0x1a, 0x46, 0x1a, 0x46, 0x1a, 0x46, 0x19, 0x46,
    0x1a, 0x46, 0x19, 0x46, 0x19, 0x46, 0x19, 0x46, 0x19, 0x46, 0x19, 0x46,
    0x19, 0x46, 0x19, 0x46, 0x19, 0x46, 0x19, 0x46, 0x1a, 0x46, 0x19, 0x46,
    0x19, 0x46, 0x1a, 0x46, 0x19, 0x46, 0x19, 0x46, 0x19, 0x46, 0x19, 0x46,
    0x1a, 0x46, 0x1a, 0x46, 0x39, 0x46, 0x1a, 0x46, 0x19, 0x46, 0x1a, 0x46,
    0x19, 0x46, 0x1a, 0x46, 0x19, 0x46, 0x19, 0x46, 0x1a, 0x46, 0x19, 0x46,
    0x1a, 0x46, 0x19, 0x46, 0x19, 0x46, 0x19, 0x46, 0x19, 0x46, 0x19, 0x46,
    0x19, 0x46, 0x1a, 0x46, 0x19, 0x46, 0x19, 0x46, 0x1a, 0x46, 0x19, 0x46,
    0x19, 0x46, 0x1a, 0x46, 0x1a, 0x46, 0x1a, 0x46, 0x19, 0x46, 0x19, 0x46,
    0x1a, 0x46, 0x19, 0x46, 0x19, 0x46, 0x1a, 0x46, 0x1a, 0x46, 0x19, 0x46,
    0x1a, 0x46, 0x19, 0x46, 0x19, 0x46, 0x19, 0x46, 0x19, 0x46, 0x1a, 0x46,
    0x19, 0x46, 0x19, 0x46, 0x1a, 0x46, 0x1a, 0x46, 0x19, 0x46, 0x1a, 0x46,
    0x19, 0x46, 0x19, 0x46, 0x1a, 0x46, 0x19, 0x46, 0x19, 0x46, 0x19, 0x46,
    0x1a, 0x46, 0x1a, 0x46, 0x19, 0x46, 0x1a, 0x46, 0x19, 0x46, 0x19, 0x46,
    0x1a, 0x46, 0x19, 0x46, 0x1a, 0x46, 0x1a, 0x46, 0x19, 0x46, 0x19, 0x46,
    0x1a, 0x46, 0x19, 0x46, 0x1a, 0x46, 0x19, 0x46, 0x19, 0x46, 0x1a, 0x46,
    0x19, 0x46, 0x19, 0x46, 0x1a, 0x46, 0x19, 0x46, 0x19, 0x46, 0x1a, 0x46,
    0x1a, 0x46, 0x1a, 0x46, 0x19, 0x46, 0x19, 0x46, 0x1a, 0x46, 0x19, 0x4e,
    0x1a, 0x4e, 0x39, 0x46, 0x19, 0x4e, 0x3a, 0x4e, 0x3a, 0x56, 0x59, 0x56,
    0x39, 0x4e, 0x5a, 0x56, 0x59, 0x5e, 0x7a, 0x66, 0x79, 0x66, 0x9a, 0x6e,
    0x99, 0x6e, 0x9a, 0x76, 0x9a, 0x6e, 0x9a, 0x76, 0x99, 0x6e, 0x9a, 0x76,
    0x9a, 0x6e, 0x99, 0x76, 0x99, 0x6e, 0x9a, 0x6e, 0x79, 0x6e, 0x99, 0x6e,
    0x7a, 0x6e, 0x79, 0x6e, 0x9a, 0x6e, 0x9a, 0x6e, 0x7a, 0x66, 0x79, 0x66,
    0x7a, 0x66, 0x5a, 0x66, 0x79, 0x66, 0x59, 0x66, 0x59, 0x5e, 0x5a, 0x5e,
    0x1a, 0x4e, 0x19, 0x4e, 0x39, 0x4e, 0x3a, 0x4e, 0x3a, 0x4e, 0x39, 0x4e,
    0x19, 0x4e, 0x39, 0x4e, 0x39, 0x56, 0x5a, 0x5e, 0x7a, 0x66, 0x7a, 0x66,
    0x9a, 0x6e, 0x9a, 0x6e, 0x9a, 0x6e, 0x9a, 0x76, 0x99, 0x6e, 0x9a, 0x6e,
    0x7a, 0x6e, 0x79, 0x6e, 0x59, 0x56, 0x19, 0x4e, 0x3a, 0x4e, 0x3a, 0x4e,
    0x19, 0x4e, 0x3a, 0x4e, 0x1a, 0x46, 0x19, 0x46, 0x3a, 0x4e, 0x19, 0x46,
    0x19, 0x4e, 0x19, 0x4e, 0x3a, 0x46, 0x19, 0x46, 0x19, 0x4e, 0x3a, 0x46,
    0x19, 0x46, 0x19, 0x4e, 0x19, 0x46, 0x3a, 0x4e, 0x39, 0x4e, 0x19, 0x46,
    0x3a, 0x4e, 0x19, 0x4e, 0x39, 0x46, 0x1a, 0x4e, 0x39, 0x46, 0x19, 0x4e,
    0x1a, 0x4e, 0x1a, 0x46, 0x3a, 0x4e, 0x19, 0x4e, 0x19, 0x4e, 0x3a, 0x4e,
    0x39, 0x46, 0x1a, 0x4e, 0x19, 0x4e, 0x39, 0x4e, 0x3a, 0x46, 0x3a, 0x4e,
    0x39, 0x4e, 0x19, 0x46, 0x3a, 0x4e, 0x3a, 0x4e, 0x19, 0x46, 0x39, 0x46,
    0x1a, 0x46, 0x1a, 0x4e, 0x19, 0x4e, 0x3a, 0x46, 0x19, 0x46, 0x19, 0x4e,
    0x19, 0x46, 0x1a, 0x4e, 0x19, 0x46, 0x19, 0x46, 0x19, 0x4e, 0x19, 0x46,
    0x39, 0x4e, 0x1a, 0x4e, 0x3a, 0x46, 0x39, 0x46, 0x39, 0x4e, 0x1a, 0x46,
    0x39, 0x46, 0x1a, 0x4e, 0x39, 0x46, 0x19, 0x4e, 0x19, 0x46, 0x19, 0x46,
    0x39, 0x4e, 0x1a, 0x4e, 0x19, 0x46, 0x3a, 0x4e, 0x3a, 0x46, 0x19, 0x4e,
    0x19, 0x46, 0x39, 0x4e, 0x19, 0x46, 0x19, 0x46, 0x1a, 0x46, 0x19, 0x46,
    0x1a, 0x46, 0x3a, 0x46, 0x19, 0x46, 0x3a, 0x46, 0x39, 0x46, 0x1a, 0x46,
    0x3a, 0x46, 0x19, 0x46, 0x19, 0x46, 0x1a, 0x46, 0x19, 0x46, 0x3a, 0x46,
    0x19, 0x46, 0x1a, 0x46, 0x3a, 0x46, 0x39, 0x46, 0x1a, 0x46, 0x39, 0x46,
    0x3a, 0x46, 0x19, 0x46, 0x19, 0x46, 0x3a, 0x46, 0x19, 0x46, 0x19, 0x46,
    0x1a, 0x46, 0x19, 0x46, 0x1a, 0x46, 0x1a, 0x46, 0x19, 0x46, 0x1a, 0x46,
    0x19, 0x46, 0x1a, 0x46, 0x1a, 0x46, 0x19, 0x46, 0x19, 0x46, 0x1a, 0x46,
    0x1a, 0x46, 0x19, 0x46, 0x19, 0x46, 0x19, 0x46, 0x1a, 0x46, 0x19, 0x46,
    0x19, 0x46, 0x19, 0x46, 0x19, 0x46, 0x19, 0x46, 0x1a, 0x46, 0x19, 0x46,
    0x1a, 0x46, 0x19, 0x46, 0x19, 0x46, 0x1a, 0x46, 0x19, 0x46, 0x19, 0x46,
    0x1a, 0x46, 0x1a, 0x46, 0x19, 0x46, 0x1a, 0x46, 0x19, 0x46, 0x19, 0x46,
    0x1a, 0x46, 0x19, 0x46, 0x19, 0x46, 0x1a, 0x46, 0x19, 0x46, 0x19, 0x46,
    0x1a, 0x46, 0x19, 0x46, 0x1a, 0x46, 0x19, 0x46, 0x19, 0x46, 0x1a, 0x46,
    0x19, 0x46, 0x19, 0x46, 0x1a, 0x46, 0x19, 0x46, 0x19, 0x46, 0x19, 0x46,
    0x19, 0x46, 0x19, 0x46, 0x19, 0x46, 0x1a, 0x46, 0x19, 0x46, 0x1a, 0x46,
    0x19, 0x46, 0x19, 0x46, 0x1a, 0x46, 0x19, 0x46, 0x19, 0x46, 0x1a, 0x46,
    0x19, 0x46, 0x19, 0x4e, 0x1a, 0x4e, 0x19, 0x46, 0x19, 0x46, 0x39, 0x4e,
    0x19, 0x4e, 0x39, 0x46, 0x3a, 0x4e, 0x19, 0x4e, 0x19, 0x46, 0x3a, 0x4e,
    0x3a, 0x4e, 0x5a, 0x5e, 0x79, 0x66, 0x9a, 0x66, 0x9a, 0x66, 0x7a, 0x6e,
    0x7a, 0x66, 0x99, 0x66, 0x7a, 0x66, 0x79, 0x66, 0x99, 0x6e, 0x9a, 0x6e,
    0x9a, 0x6e, 0x99, 0x6e, 0x99, 0x76, 0x9a, 0x6e, 0x99, 0x6e, 0x99, 0x6e,
    0x9a, 0x76, 0x9a, 0x6e, 0x99, 0x76, 0x9a, 0x76, 0x99, 0x6e, 0x9a, 0x6e,
    0x9a, 0x6e, 0x79, 0x6e, 0x79, 0x6e, 0x7a, 0x6e, 0x79, 0x66, 0x7a, 0x66,
    0x79, 0x66, 0x7a, 0x66, 0x5a, 0x66, 0x59, 0x66, 0x7a, 0x66, 0x59, 0x5e,
    0x3a, 0x4e, 0x19, 0x4e, 0x19, 0x4e, 0x3a, 0x4e, 0x19, 0x4e, 0x39, 0x4e,
    0x3a, 0x4e, 0x5a, 0x5e, 0x79, 0x66, 0x7a, 0x66, 0x99, 0x6e, 0x99, 0x76,
    0x99, 0x76, 0xb9, 0x76, 0x99, 0x76, 0xba, 0x7e, 0xba, 0x7e, 0x99, 0x76,
    0xba, 0x76, 0x9a, 0x76, 0x9a, 0x76, 0x79, 0x66, 0x3a, 0x4e, 0x39, 0x4e,
    0x1a, 0x4e, 0x39, 0x4e, 0x39, 0x46, 0x1a, 0x4e, 0x1a, 0x4e, 0x3a, 0x4e,
    0x39, 0x4e, 0x1a, 0x4e, 0x3a, 0x4e, 0x39, 0x4e, 0x1a, 0x4e, 0x39, 0x46,
    0x3a, 0x4e, 0x19, 0x4e, 0x19, 0x4e, 0x3a, 0x46, 0x1a, 0x4e, 0x19, 0x4e,
    0x3a, 0x4e, 0x19, 0x4e, 0x19, 0x46, 0x3a, 0x4e, 0x19, 0x4e, 0x3a, 0x46,
    0x39, 0x4e, 0x3a, 0x46, 0x39, 0x4e, 0x3a, 0x4e, 0x19, 0x46, 0x1a, 0x4e,
    0x3a, 0x46, 0x39, 0x46, 0x3a, 0x4e, 0x19, 0x46, 0x19, 0x46, 0x1a, 0x4e,
    0x19, 0x46, 0x39, 0x46, 0x3a, 0x4e, 0x19, 0x46, 0x39, 0x4e, 0x39, 0x4e,
    0x3a, 0x46, 0x39, 0x46, 0x19, 0x4e, 0x3a, 0x46, 0x3a, 0x46, 0x39, 0x4e,
    0x39, 0x46, 0x3a, 0x4e, 0x1a, 0x4e, 0x19, 0x46, 0x39, 0x4e, 0x3a, 0x4e,
    0x19, 0x46, 0x39, 0x46, 0x1a, 0x4e, 0x39, 0x46, 0x1a, 0x46, 0x39, 0x46,
    0x3a, 0x4e, 0x3a, 0x46, 0x19, 0x46, 0x1a, 0x4e, 0x3a, 0x46, 0x3a, 0x46,
    0x39, 0x4e, 0x39, 0x46, 0x19, 0x46, 0x3a, 0x4e, 0x19, 0x4e, 0x39, 0x46,
    0x3a, 0x4e, 0x1a, 0x46, 0x39, 0x4e, 0x39, 0x4e, 0x19, 0x46, 0x39, 0x4e,
    0x19, 0x46, 0x3a, 0x4e, 0x1a, 0x4e, 0x39, 0x4e, 0x1a, 0x4e, 0x19, 0x46,
    0x3a, 0x46, 0x39, 0x4e, 0x3a, 0x46, 0x39, 0x46, 0x39, 0x4e, 0x1a, 0x4e,
    0x19, 0x46, 0x19, 0x46, 0x19, 0x46, 0x1a, 0x46, 0x3a, 0x4e, 0x39, 0x46,
    0x19, 0x46, 0x39, 0x46, 0x19, 0x46, 0x1a, 0x46, 0x19, 0x46, 0x19, 0x46,
    0x1a, 0x46, 0x39, 0x46, 0x19, 0x46, 0x39, 0x46, 0x19, 0x46, 0x19, 0x46,
    0x19, 0x46, 0x39, 0x46, 0x1a, 0x46, 0x39, 0x46, 0x1a, 0x46, 0x39, 0x46,
    0x19, 0x46, 0x1a, 0x46, 0x19, 0x46, 0x3a, 0x46, 0x19, 0x46, 0x1a, 0x46,
    0x1a, 0x46, 0x39, 0x46, 0x3a, 0x46, 0x19, 0x46, 0x19, 0x46, 0x1a, 0x46,
    0x19, 0x46, 0x3a, 0x46, 0x19, 0x46, 0x1a, 0x46, 0x19, 0x46, 0x1a, 0x46,
    0x19, 0x46, 0x19, 0x46, 0x19, 0x46, 0x1a, 0x46, 0x19, 0x46, 0x19, 0x46,
    0x1a, 0x46, 0x19, 0x46, 0x19, 0x46, 0x19, 0x46, 0x1a, 0x46, 0x19, 0x46,
    0x19, 0x46, 0x1a, 0x46, 0x19, 0x46, 0x1a, 0x46, 0x19, 0x46, 0x1a, 0x46,
    0x19, 0x46, 0x1a, 0x4e, 0x19, 0x46, 0x1a, 0x46, 0x3a, 0x4e, 0x1a, 0x46,
    0x1a, 0x46, 0x19, 0x46, 0x19, 0x4e, 0x19, 0x46, 0x1a, 0x46, 0x19, 0x46,
    0x19, 0x46, 0x1a, 0x4e, 0x19, 0x46, 0x3a, 0x4e, 0x39, 0x4e, 0x1a, 0x46,
    0x19, 0x4e, 0x3a, 0x46, 0x19, 0x46, 0x1a, 0x4e, 0x1a, 0x46, 0x3a, 0x4e,
    0x19, 0x46, 0x19, 0x4e, 0x3a, 0x46, 0x1a, 0x4e, 0x39, 0x4e, 0x59, 0x56,
    0x7a, 0x66, 0x99, 0x6e, 0x99, 0x6e, 0x99, 0x6e, 0x99, 0x6e, 0x99, 0x6e,
    0x9a, 0x6e, 0x99, 0x6e, 0x9a, 0x6e, 0x9a, 0x6e, 0x99, 0x6e, 0x9a, 0x6e,
    0x9a, 0x76, 0x99, 0x76, 0x99, 0x6e, 0x9a, 0x6e, 0x9a, 0x6e, 0x99, 0x76,
    0x9a, 0x6e, 0x99, 0x6e, 0x9a, 0x6e, 0x9a, 0x76, 0x9a, 0x6e, 0x99, 0x6e,
    0x9a, 0x6e, 0x79, 0x6e, 0x7a, 0x6e, 0x79, 0x66, 0x79, 0x6e, 0x7a, 0x6e,
    0x79, 0x6e, 0x79, 0x66, 0x7a, 0x66, 0x7a, 0x66, 0x79, 0x5e, 0x5a, 0x66,
    0x19, 0x4e, 0x39, 0x4e, 0x3a, 0x4e, 0x19, 0x4e, 0x19, 0x4e, 0x3a, 0x4e,
    0x5a, 0x5e, 0x79, 0x66, 0x7a, 0x66, 0x9a, 0x6e, 0x99, 0x76, 0xba, 0x76,
    0xba, 0x7e, 0x99, 0x7e, 0xba, 0x7e, 0xba, 0x7e, 0xb9, 0x7e, 0xb9, 0x7e,
    0xba, 0x7e, 0xb9, 0x7e, 0xba, 0x7e, 0xba, 0x76, 0x79, 0x66, 0x19, 0x4e,
    0x19, 0x4e, 0x3a, 0x4e, 0x19, 0x4e, 0x39, 0x4e, 0x39, 0x4e, 0x19, 0x46,
    0x3a, 0x4e, 0x39, 0x4e, 0x19, 0x4e, 0x39, 0x4e, 0x3a, 0x4e, 0x19, 0x4e,
    0x3a, 0x4e, 0x3a, 0x4e, 0x3a, 0x4e, 0x19, 0x4e, 0x3a, 0x4e, 0x39, 0x4e,
    0x19, 0x46, 0x3a, 0x4e, 0x3a, 0x4e, 0x39, 0x46, 0x19, 0x4e, 0x19, 0x4e,
    0x39, 0x46, 0x1a, 0x4e, 0x19, 0x4e, 0x39, 0x46, 0x39, 0x4e, 0x19, 0x4e,
    0x3a, 0x4e, 0x19, 0x4e, 0x19, 0x46, 0x3a, 0x4e, 0x39, 0x4e, 0x19, 0x4e,
    0x3a, 0x4e, 0x19, 0x46, 0x19, 0x4e, 0x1a, 0x4e, 0x3a, 0x46, 0x19, 0x46,
    0x19, 0x4e, 0x3a, 0x4e, 0x19, 0x46, 0x19, 0x4e, 0x3a, 0x4e, 0x19, 0x46,
    0x19, 0x46, 0x3a, 0x4e, 0x3a, 0x46, 0x39, 0x46, 0x3a, 0x4e, 0x19, 0x46,
    0x3a, 0x46, 0x19, 0x4e, 0x39, 0x4e, 0x1a, 0x4e, 0x19, 0x46, 0x39, 0x4e,
    0x19, 0x4e, 0x39, 0x46, 0x39, 0x4e, 0x19, 0x46, 0x39, 0x4e, 0x3a, 0x4e,
    0x19, 0x46, 0x19, 0x46, 0x3a, 0x4e, 0x1a, 0x46, 0x19, 0x46, 0x39, 0x46,
    0x1a, 0x46, 0x19, 0x46, 0x3a, 0x46, 0x3a, 0x46, 0x39, 0x4e, 0x3a, 0x46,
    0x39, 0x46, 0x19, 0x46, 0x19, 0x46, 0x3a, 0x46, 0x19, 0x4e, 0x39, 0x46,
    0x19, 0x4e, 0x1a, 0x46, 0x39, 0x4e, 0x19, 0x46, 0x1a, 0x46, 0x3a, 0x4e,
    0x19, 0x46, 0x3a, 0x4e, 0x39, 0x4e, 0x19, 0x46, 0x39, 0x46, 0x1a, 0x4e,
    0x1a, 0x46, 0x39, 0x46, 0x1a, 0x4e, 0x1a, 0x4e, 0x39, 0x46, 0x39, 0x46,
    0x1a, 0x4e, 0x3a, 0x4e, 0x39, 0x46, 0x1a, 0x46, 0x39, 0x46, 0x1a, 0x46,
    0x1a, 0x46, 0x39, 0x46, 0x3a, 0x46, 0x1a, 0x46, 0x39, 0x46, 0x39, 0x46,
    0x39, 0x46, 0x39, 0x46, 0x19, 0x46, 0x1a, 0x46, 0x39, 0x46, 0x19, 0x46,
    0x39, 0x46, 0x3a, 0x4e, 0x1a, 0x46, 0x39, 0x46, 0x39, 0x4e, 0x3a, 0x46,
    0x3a, 0x4e, 0x39, 0x46, 0x19, 0x46, 0x39, 0x46, 0x1a, 0x46, 0x39, 0x46,
    0x19, 0x46, 0x3a, 0x46, 0x19, 0x46, 0x19, 0x46, 0x1a, 0x46, 0x19, 0x46,
    0x39, 0x46, 0x1a, 0x46, 0x3a, 0x46, 0x19, 0x46, 0x1a, 0x46, 0x19, 0x46,
    0x39, 0x46, 0x1a, 0x46, 0x19, 0x46, 0x39, 0x4e, 0x1a, 0x46, 0x39, 0x4e,
    0x19, 0x46, 0x3a, 0x46, 0x19, 0x46, 0x3a, 0x46, 0x19, 0x4e, 0x39, 0x4e,
    0x3a, 0x46, 0x3a, 0x4e, 0x19, 0x46, 0x3a, 0x4e, 0x39, 0x4e, 0x39, 0x46,
    0x1a, 0x4e, 0x39, 0x46, 0x19, 0x46, 0x1a, 0x4e, 0x39, 0x46, 0x39, 0x46,
    0x1a, 0x4e, 0x39, 0x46, 0x19, 0x46, 0x3a, 0x4e, 0x19, 0x4e, 0x3a, 0x46,
    0x19, 0x4e, 0x1a, 0x46, 0x39, 0x46, 0x19, 0x4e, 0x3a, 0x56, 0x9a, 0x66,
    0x99, 0x6e, 0x9a, 0x6e, 0x9a, 0x6e, 0x9a, 0x76, 0x99, 0x6e, 0x9a, 0x76,
    0x99, 0x6e, 0x9a, 0x6e, 0x99, 0x6e, 0x99, 0x6e, 0x9a, 0x76, 0x99, 0x6e,
    0x99, 0x6e, 0x9a, 0x76, 0xba, 0x76, 0x99, 0x76, 0x99, 0x6e, 0x9a, 0x6e,
    0x9a, 0x76, 0x99, 0x6e, 0x99, 0x6e, 0x9a, 0x6e, 0x99, 0x6e, 0x9a, 0x6e,
    0x79, 0x6e, 0x9a, 0x6e, 0x9a, 0x6e, 0x9a, 0x6e, 0x79, 0x66, 0x7a, 0x66,
    0x7a, 0x66, 0x79, 0x66, 0x79, 0x66, 0x5a, 0x66, 0x59, 0x66, 0x79, 0x5e,
    0x1a, 0x4e, 0x3a, 0x4e, 0x39, 0x4e, 0x3a, 0x4e, 0x3a, 0x56, 0x59, 0x5e,
    0x59, 0x66, 0x79, 0x66, 0x99, 0x6e, 0x9a, 0x76, 0x9a, 0x76, 0xb9, 0x76,
    0xba, 0x76, 0xba, 0x7e, 0xba, 0x7e, 0xb9, 0x7e, 0xb9, 0x7e, 0xba, 0x7e,
    0xba, 0x7e, 0xb9, 0x7e, 0xba, 0x7e, 0xba, 0x7e, 0xb9, 0x7e, 0x7a, 0x5e,
    0x3a, 0x4e, 0x3a, 0x4e, 0x19, 0x4e, 0x3a, 0x4e, 0x3a, 0x4e, 0x39, 0x4e,
    0x19, 0x4e, 0x1a, 0x4e, 0x19, 0x46, 0x39, 0x46, 0x1a, 0x4e, 0x39, 0x4e,
    0x39, 0x4e, 0x19, 0x4e, 0x3a, 0x46, 0x39, 0x4e, 0x19, 0x4e, 0x3a, 0x4e,
    0x3a, 0x4e, 0x19, 0x4e, 0x39, 0x4e, 0x1a, 0x4e, 0x3a, 0x4e, 0x19, 0x4e,
    0x3a, 0x4e, 0x19, 0x46, 0x39, 0x4e, 0x3a, 0x4e, 0x39, 0x4e, 0x1a, 0x46,
    0x3a, 0x4e, 0x39, 0x4e, 0x3a, 0x46, 0x1a, 0x4e, 0x3a, 0x4e, 0x3a, 0x4e,
    0x3a, 0x4e, 0x39, 0x4e, 0x39, 0x46, 0x1a, 0x4e, 0x39, 0x4e, 0x3a, 0x46,
    0x39, 0x4e, 0x19, 0x46, 0x3a, 0x46, 0x3a, 0x4e, 0x19, 0x4e, 0x3a, 0x46,
    0x1a, 0x4e, 0x19, 0x4e, 0x39, 0x4e, 0x39, 0x4e, 0x19, 0x4e, 0x3a, 0x4e,
    0x19, 0x46, 0x3a, 0x46, 0x39, 0x4e, 0x19, 0x46, 0x3a, 0x4e, 0x3a, 0x4e,
    0x39, 0x46, 0x1a, 0x4e, 0x3a, 0x4e, 0x19, 0x46, 0x39, 0x46, 0x1a, 0x4e,
    0x19, 0x46, 0x3a, 0x4e, 0x3a, 0x4e, 0x19, 0x46, 0x39, 0x4e, 0x3a, 0x4e,
    0x19, 0x46, 0x39, 0x4e, 0x1a, 0x46, 0x19, 0x46, 0x3a, 0x4e, 0x19, 0x46,
    0x1a, 0x4e, 0x39, 0x4e, 0x3a, 0x46, 0x19, 0x4e, 0x3a, 0x46, 0x39, 0x46,
    0x1a, 0x46, 0x19, 0x4e, 0x39, 0x46, 0x19, 0x46, 0x3a, 0x46, 0x39, 0x46,
    0x39, 0x4e, 0x3a, 0x46, 0x3a, 0x46, 0x19, 0x4e, 0x19, 0x46, 0x39, 0x46,
    0x39, 0x4e, 0x1a, 0x46, 0x39, 0x46, 0x3a, 0x4e, 0x1a, 0x46, 0x39, 0x4e,
    0x19, 0x46, 0x39, 0x46, 0x1a, 0x46, 0x19, 0x4e, 0x3a, 0x4e, 0x39, 0x46,
    0x19, 0x46, 0x3a, 0x4e, 0x19, 0x46, 0x39, 0x4e, 0x1a, 0x46, 0x1a, 0x46,
    0x39, 0x4e, 0x3a, 0x46, 0x19, 0x46, 0x39, 0x4e, 0x3a, 0x4e, 0x19, 0x46,
    0x39, 0x46, 0x19, 0x46, 0x19, 0x46, 0x3a, 0x46, 0x39, 0x4e, 0x19, 0x46,
    0x19, 0x46, 0x1a, 0x46, 0x39, 0x4e, 0x19, 0x4e, 0x3a, 0x46, 0x3a, 0x4e,
    0x39, 0x4e, 0x1a, 0x46, 0x19, 0x46, 0x3a, 0x4e, 0x39, 0x4e, 0x3a, 0x46,
    0x19, 0x4e, 0x19, 0x46, 0x39, 0x46, 0x3a, 0x4e, 0x19, 0x4e, 0x19, 0x4e,
    0x3a, 0x4e, 0x3a, 0x4e, 0x19, 0x46, 0x39, 0x4e, 0x1a, 0x46, 0x39, 0x46,
    0x19, 0x4e, 0x39, 0x4e, 0x3a, 0x4e, 0x19, 0x46, 0x39, 0x46, 0x19, 0x46,
    0x19, 0x4e, 0x19, 0x46, 0x1a, 0x46, 0x39, 0x4e, 0x39, 0x46, 0x1a, 0x46,
    0x3a, 0x4e, 0x39, 0x46, 0x39, 0x46, 0x1a, 0x4e, 0x19, 0x46, 0x39, 0x4e,
    0x1a, 0x4e, 0x3a, 0x46, 0x39, 0x4e, 0x19, 0x4e, 0x3a, 0x46, 0x39, 0x4e,
    0x39, 0x4e, 0x1a, 0x4e, 0x39, 0x4e, 0x39, 0x4e, 0x7a, 0x66, 0x9a, 0x6e,
    0x99, 0x6e, 0x99, 0x6e, 0x9a, 0x6e, 0xba, 0x76, 0x9a, 0x76, 0x99, 0x6e,
    0x9a, 0x76, 0x99, 0x6e, 0x9a, 0x76, 0x9a, 0x76, 0x99, 0x6e, 0x9a, 0x76,
    0x99, 0x6e, 0x9a, 0x6e, 0x9a, 0x76, 0x99, 0x6e, 0x99, 0x6e, 0x9a, 0x76,
    0x9a, 0x6e, 0x99, 0x6e, 0x9a, 0x6e, 0x99, 0x6e, 0x79, 0x6e, 0x9a, 0x6e,
    0x9a, 0x6e, 0x79, 0x6e, 0x79, 0x6e, 0x7a, 0x6e, 0x9a, 0x6e, 0x79, 0x66,
    0x7a, 0x66, 0x79, 0x66, 0x7a, 0x66, 0x59, 0x66, 0x5a, 0x5e, 0x7a, 0x66,
    0x39, 0x4e, 0x3a, 0x56, 0x39, 0x56, 0x59, 0x56, 0x5a, 0x5e, 0x79, 0x5e,
    0x79, 0x66, 0x7a, 0x6e, 0x9a, 0x6e, 0x99, 0x76, 0x99, 0x76, 0xb9, 0x76,
    0xba, 0x76, 0xb9, 0x7e, 0xb9, 0x76, 0xba, 0x7e, 0xba, 0x7e, 0xb9, 0x7e,
    0xb9, 0x7e, 0xba, 0x7e, 0xb9, 0x7e, 0xba, 0x7e, 0xba, 0x7e, 0x99, 0x76,
    0x39, 0x4e, 0x3a, 0x4e, 0x39, 0x4e, 0x39, 0x4e, 0x3a, 0x4e, 0x19, 0x4e,
    0x39, 0x4e, 0x3a, 0x4e, 0x3a, 0x4e, 0x3a, 0x4e, 0x39, 0x4e, 0x3a, 0x4e,
    0x3a, 0x4e, 0x39, 0x4e, 0x39, 0x4e, 0x3a, 0x46, 0x39, 0x4e, 0x3a, 0x4e,
    0x39, 0x4e, 0x39, 0x4e, 0x39, 0x4e, 0x1a, 0x46, 0x3a, 0x4e, 0x39, 0x4e,
    0x3a, 0x4e, 0x3a, 0x4e, 0x3a, 0x4e, 0x39, 0x4e, 0x3a, 0x4e, 0x39, 0x4e,
    0x19, 0x46, 0x3a, 0x4e, 0x39, 0x4e, 0x39, 0x4e, 0x39, 0x46, 0x39, 0x46,
    0x3a, 0x4e, 0x19, 0x46, 0x3a, 0x4e, 0x39, 0x4e, 0x3a, 0x4e, 0x3a, 0x4e,
    0x39, 0x4e, 0x19, 0x46, 0x3a, 0x4e, 0x19, 0x46, 0x39, 0x4e, 0x39, 0x4e,
    0x39, 0x46, 0x3a, 0x4e, 0x39, 0x46, 0x19, 0x46, 0x3a, 0x4e, 0x19, 0x4e,
    0x19, 0x4e, 0x3a, 0x4e, 0x19, 0x46, 0x39, 0x46, 0x3a, 0x4e, 0x3a, 0x46,
    0x19, 0x46, 0x39, 0x4e, 0x1a, 0x46, 0x3a, 0x46, 0x39, 0x4e, 0x3a, 0x4e,
    0x19, 0x46, 0x39, 0x46, 0x39, 0x4e, 0x1a, 0x46, 0x39, 0x4e, 0x3a, 0x4e,
    0x3a, 0x4e, 0x39, 0x4e, 0x39, 0x4e, 0x3a, 0x4e, 0x39, 0x46, 0x19, 0x4e,
    0x3a, 0x4e, 0x39, 0x46, 0x39, 0x4e, 0x1a, 0x46, 0x19, 0x4e, 0x39, 0x46,
    0x39, 0x4e, 0x3a, 0x46, 0x1a, 0x4e, 0x39, 0x4e, 0x19, 0x46, 0x1a, 0x4e,
    0x19, 0x4e, 0x19, 0x46, 0x3a, 0x46, 0x3a, 0x4e, 0x19, 0x46, 0x3a, 0x4e,
    0x39, 0x46, 0x3a, 0x4e, 0x19, 0x46, 0x39, 0x46, 0x1a, 0x4e, 0x19, 0x46,
    0x39, 0x4e, 0x3a, 0x46, 0x19, 0x4e, 0x39, 0x46, 0x3a, 0x4e, 0x3a, 0x46,
    0x19, 0x46, 0x19, 0x4e, 0x39, 0x46, 0x3a, 0x4e, 0x39, 0x4e, 0x19, 0x46,
    0x1a, 0x4e, 0x1a, 0x4e, 0x39, 0x46, 0x39, 0x4e, 0x3a, 0x4e, 0x1a, 0x46,
    0x39, 0x4e, 0x1a, 0x46, 0x39, 0x4e, 0x3a, 0x4e, 0x19, 0x46, 0x19, 0x46,
    0x3a, 0x4e, 0x1a, 0x46, 0x3a, 0x46, 0x39, 0x4e, 0x19, 0x46, 0x19, 0x46,
    0x3a, 0x4e, 0x39, 0x46, 0x19, 0x46, 0x3a, 0x46, 0x39, 0x46, 0x19, 0x46,
    0x3a, 0x46, 0x19, 0x4e, 0x39, 0x46, 0x1a, 0x46, 0x39, 0x46, 0x19, 0x46,
    0x3a, 0x46, 0x19, 0x46, 0x39, 0x46, 0x3a, 0x4e, 0x19, 0x46, 0x1a, 0x46,
    0x39, 0x46, 0x19, 0x46, 0x3a, 0x46, 0x3a, 0x4e, 0x19, 0x46, 0x3a, 0x46,
    0x19, 0x4e, 0x39, 0x4e, 0x1a, 0x46, 0x3a, 0x4e, 0x39, 0x46, 0x19, 0x46,
    0x1a, 0x4e, 0x39, 0x4e, 0x1a, 0x4e, 0x39, 0x4e, 0x1a, 0x46, 0x19, 0x4e,
    0x3a, 0x4e, 0x39, 0x46, 0x3a, 0x4e, 0x19, 0x4e, 0x3a, 0x46, 0x39, 0x4e,
    0x3a, 0x4e, 0x39, 0x4e, 0x39, 0x4e, 0x5a, 0x56, 0x99, 0x6e, 0x99, 0x6e,
    0x9a, 0x6e, 0x99, 0x76, 0xb9, 0x6e, 0xba, 0x76, 0x99, 0x6e, 0xba, 0x6e,
    0xba, 0x76, 0x99, 0x6e, 0x9a, 0x76, 0xb9, 0x6e, 0x9a, 0x76, 0x9a, 0x76,
    0xb9, 0x6e, 0x9a, 0x76, 0x99, 0x6e, 0x9a, 0x6e, 0x9a, 0x6e, 0x99, 0x6e,
    0x9a, 0x76, 0x99, 0x6e, 0x9a, 0x76, 0x9a, 0x6e, 0x99, 0x6e, 0x99, 0x6e,
    0x9a, 0x6e, 0x79, 0x6e, 0x99, 0x66, 0x7a, 0x6e, 0x7a, 0x6e, 0x79, 0x66,
    0x79, 0x6e, 0x7a, 0x66, 0x59, 0x66, 0x7a, 0x66, 0x59, 0x5e, 0x59, 0x5e,
    0x39, 0x56, 0x39, 0x56, 0x5a, 0x56, 0x59, 0x5e, 0x59, 0x5e, 0x7a, 0x66,
    0x79, 0x66, 0x7a, 0x6e, 0x9a, 0x6e, 0x99, 0x76, 0xba, 0x76, 0x9a, 0x76,
    0x99, 0x7e, 0xba, 0x7e, 0xb9, 0x7e, 0xba, 0x7e, 0xba, 0x7e, 0xb9, 0x7e,
    0xda, 0x7e, 0xb9, 0x7e, 0xb9, 0x7e, 0xb9, 0x7e, 0xba, 0x7e, 0xba, 0x7e,
    0x79, 0x5e, 0x3a, 0x4e, 0x3a, 0x4e, 0x39, 0x4e, 0x3a, 0x4e, 0x3a, 0x4e,
    0x39, 0x4e, 0x39, 0x4e, 0x39, 0x4e, 0x39, 0x4e, 0x19, 0x4e, 0x3a, 0x4e,
    0x3a, 0x4e, 0x39, 0x4e, 0x3a, 0x4e, 0x19, 0x4e, 0x39, 0x4e, 0x39, 0x4e,
    0x3a, 0x4e, 0x3a, 0x4e, 0x39, 0x4e, 0x39, 0x4e, 0x39, 0x4e, 0x3a, 0x4e,
    0x39, 0x4e, 0x39, 0x4e, 0x19, 0x4e, 0x3a, 0x4e, 0x3a, 0x4e, 0x39, 0x4e,
    0x39, 0x4e, 0x3a, 0x4e, 0x39, 0x4e, 0x19, 0x4e, 0x39, 0x4e, 0x3a, 0x4e,
    0x19, 0x4e, 0x3a, 0x4e, 0x39, 0x4e, 0x39, 0x4e, 0x3a, 0x46, 0x39, 0x4e,
    0x39, 0x4e, 0x3a, 0x4e, 0x3a, 0x4e, 0x39, 0x4e, 0x3a, 0x4e, 0x3a, 0x4e,
    0x39, 0x4e, 0x39, 0x46, 0x1a, 0x4e, 0x3a, 0x4e, 0x3a, 0x4e, 0x39, 0x46,
    0x3a, 0x4e, 0x39, 0x4e, 0x3a, 0x4e, 0x39, 0x4e, 0x19, 0x4e, 0x3a, 0x4e,
    0x39, 0x4e, 0x39, 0x4e, 0x19, 0x46, 0x39, 0x4e, 0x3a, 0x4e, 0x3a, 0x4e,
    0x39, 0x4e, 0x3a, 0x4e, 0x39, 0x4e, 0x39, 0x46, 0x39, 0x46, 0x19, 0x4e,
    0x39, 0x46, 0x39, 0x46, 0x3a, 0x4e, 0x3a, 0x4e, 0x39, 0x4e, 0x39, 0x4e,
    0x3a, 0x46, 0x39, 0x4e, 0x3a, 0x4e, 0x39, 0x46, 0x3a, 0x4e, 0x39, 0x4e,
    0x39, 0x4e, 0x3a, 0x4e, 0x19, 0x46, 0x39, 0x46, 0x3a, 0x4e, 0x39, 0x4e,
    0x39, 0x46, 0x3a, 0x4e, 0x39, 0x4e, 0x39, 0x46, 0x3a, 0x4e, 0x3a, 0x4e,
    0x39, 0x46, 0x39, 0x4e, 0x39, 0x4e, 0x39, 0x46, 0x3a, 0x4e, 0x3a, 0x4e,
    0x3a, 0x46, 0x3a, 0x4e, 0x39, 0x4e, 0x39, 0x46, 0x3a, 0x46, 0x19, 0x4e,
    0x3a, 0x46, 0x39, 0x4e, 0x3a, 0x46, 0x3a, 0x46, 0x39, 0x4e, 0x39, 0x46,
    0x19, 0x46, 0x3a, 0x4e, 0x3a, 0x4e, 0x19, 0x46, 0x3a, 0x46, 0x39, 0x4e,
    0x3a, 0x4e, 0x19, 0x46, 0x3a, 0x4e, 0x19, 0x4e, 0x3a, 0x46, 0x39, 0x4e,
    0x19, 0x4e, 0x1a, 0x46, 0x39, 0x46, 0x19, 0x46, 0x3a, 0x46, 0x19, 0x46,
    0x19, 0x4e, 0x3a, 0x46, 0x1a, 0x4e, 0x39, 0x4e, 0x1a, 0x46, 0x1a, 0x4e,
    0x39, 0x46, 0x3a, 0x4e, 0x1a, 0x4e, 0x39, 0x46, 0x39, 0x4e, 0x1a, 0x46,
    0x39, 0x46, 0x19, 0x4e, 0x3a, 0x4e, 0x19, 0x46, 0x39, 0x4e, 0x3a, 0x4e,
    0x1a, 0x46, 0x39, 0x4e, 0x39, 0x46, 0x39, 0x4e, 0x3a, 0x4e, 0x3a, 0x46,
    0x39, 0x4e, 0x39, 0x4e, 0x3a, 0x4e, 0x3a, 0x4e, 0x39, 0x46, 0x3a, 0x4e,
    0x19, 0x46, 0x19, 0x46, 0x39, 0x46, 0x3a, 0x4e, 0x1a, 0x4e, 0x39, 0x46,
    0x39, 0x4e, 0x3a, 0x4e, 0x39, 0x4e, 0x3a, 0x4e, 0x3a, 0x4e, 0x39, 0x46,
    0x3a, 0x4e, 0x3a, 0x4e, 0x3a, 0x4e, 0x7a, 0x66, 0x99, 0x6e, 0x9a, 0x6e,
    0x9a, 0x6e, 0xba, 0x76, 0x99, 0x76, 0x99, 0x6e, 0xba, 0x76, 0x99, 0x6e,
    0x9a, 0x76, 0xb9, 0x76, 0xba, 0x6e, 0x99, 0x6e, 0x99, 0x6e, 0x9a, 0x76,
    0xba, 0x6e, 0x99, 0x6e, 0x99, 0x6e, 0x9a, 0x76, 0x99, 0x6e, 0x99, 0x6e,
    0x9a, 0x6e, 0x99, 0x6e, 0x99, 0x6e, 0x9a, 0x6e, 0x9a, 0x6e, 0x99, 0x6e,
    0x9a, 0x6e, 0x9a, 0x6e, 0x79, 0x6e, 0x99, 0x66, 0x7a, 0x66, 0x79, 0x66,
    0x7a, 0x66, 0x79, 0x66, 0x7a, 0x66, 0x59, 0x66, 0x5a, 0x5e, 0x59, 0x5e,
    0x5a, 0x56, 0x5a, 0x56, 0x59, 0x56, 0x5a, 0x5e, 0x5a, 0x66, 0x79, 0x66,
    0x7a, 0x6e, 0x79, 0x6e, 0x99, 0x6e, 0x9a, 0x6e, 0xba, 0x76, 0xba, 0x76,
    0xb9, 0x76, 0xba, 0x76, 0xb9, 0x7e, 0xb9, 0x7e, 0xba, 0x7e, 0xba, 0x7e,
    0xba, 0x7e, 0xba, 0x7e, 0xda, 0x7e, 0xda, 0x7e, 0xba, 0x7e, 0xb9, 0x7e,
    0x79, 0x66, 0x3a, 0x4e, 0x39, 0x4e, 0x39, 0x4e, 0x3a, 0x4e, 0x1a, 0x4e,
    0x3a, 0x4e, 0x3a, 0x4e, 0x3a, 0x4e, 0x39, 0x4e, 0x3a, 0x4e, 0x39, 0x4e,
    0x39, 0x4e, 0x3a, 0x4e, 0x3a, 0x4e, 0x3a, 0x4e, 0x19, 0x4e, 0x3a, 0x4e,
    0x3a, 0x4e, 0x39, 0x4e, 0x3a, 0x4e, 0x3a, 0x4e, 0x39, 0x4e, 0x39, 0x4e,
    0x3a, 0x4e, 0x39, 0x4e, 0x39, 0x4e, 0x19, 0x4e, 0x39, 0x4e, 0x3a, 0x4e,
    0x19, 0x4e, 0x3a, 0x4e, 0x3a, 0x4e, 0x3a, 0x4e, 0x3a, 0x4e, 0x39, 0x4e,
    0x3a, 0x4e, 0x39, 0x4e, 0x39, 0x4e, 0x1a, 0x46, 0x39, 0x4e, 0x19, 0x4e,
    0x3a, 0x4e, 0x3a, 0x4e, 0x39, 0x46, 0x39, 0x4e, 0x3a, 0x4e, 0x19, 0x4e,
    0x3a, 0x4e, 0x39, 0x4e, 0x39, 0x4e, 0x3a, 0x4e, 0x39, 0x46, 0x3a, 0x4e,
    0x39, 0x46, 0x39, 0x4e, 0x3a, 0x4e, 0x1a, 0x46, 0x39, 0x4e, 0x3a, 0x4e,
    0x3a, 0x46, 0x3a, 0x4e, 0x39, 0x4e, 0x3a, 0x4e, 0x39, 0x46, 0x19, 0x4e,
    0x3a, 0x4e, 0x3a, 0x46, 0x39, 0x4e, 0x3a, 0x4e, 0x3a, 0x4e, 0x39, 0x46,
    0x3a, 0x4e, 0x19, 0x4e, 0x39, 0x46, 0x3a, 0x46, 0x19, 0x46, 0x3a, 0x4e,
    0x39, 0x46, 0x1a, 0x4e, 0x3a, 0x4e, 0x39, 0x46, 0x3a, 0x4e, 0x1a, 0x46,
    0x39, 0x46, 0x3a, 0x4e, 0x3a, 0x4e, 0x39, 0x4e, 0x3a, 0x4e, 0x39, 0x46,
    0x39, 0x46, 0x3a, 0x4e, 0x19, 0x4e, 0x39, 0x46, 0x39, 0x4e, 0x1a, 0x4e,
    0x3a, 0x46, 0x39, 0x4e, 0x3a, 0x4e, 0x39, 0x46, 0x39, 0x46, 0x3a, 0x4e,
    0x39, 0x46, 0x39, 0x4e, 0x3a, 0x46, 0x3a, 0x4e, 0x19, 0x4e, 0x39, 0x46,
    0x3a, 0x4e, 0x39, 0x4e, 0x39, 0x46, 0x3a, 0x4e, 0x3a, 0x4e, 0x39, 0x4e,
    0x39, 0x46, 0x39, 0x46, 0x39, 0x46, 0x3a, 0x4e, 0x39, 0x46, 0x39, 0x46,
    0x39, 0x4e, 0x3a, 0x46, 0x39, 0x46, 0x39, 0x46, 0x3a, 0x46, 0x19, 0x4e,
    0x39, 0x46, 0x39, 0x46, 0x39, 0x4e, 0x3a, 0x4e, 0x3a, 0x46, 0x3a, 0x4e,
    0x19, 0x46, 0x39, 0x46, 0x39, 0x4e, 0x39, 0x4e, 0x39, 0x46, 0x39, 0x46,
    0x39, 0x4e, 0x19, 0x46, 0x3a, 0x46, 0x19, 0x4e, 0x39, 0x46, 0x3a, 0x4e,
    0x39, 0x4e, 0x3a, 0x4e, 0x3a, 0x4e, 0x19, 0x46, 0x39, 0x46, 0x39, 0x4e,
    0x3a, 0x4e, 0x3a, 0x46, 0x39, 0x4e, 0x19, 0x4e, 0x39, 0x4e, 0x3a, 0x4e,
    0x19, 0x46, 0x3a, 0x4e, 0x39, 0x46, 0x19, 0x46, 0x39, 0x4e, 0x3a, 0x4e,
    0x3a, 0x4e, 0x39, 0x4e, 0x3a, 0x4e, 0x39, 0x46, 0x39, 0x4e, 0x39, 0x4e,
    0x3a, 0x4e, 0x1a, 0x46, 0x39, 0x4e, 0x39, 0x4e, 0x39, 0x4e, 0x39, 0x4e,
    0x39, 0x4e, 0x5a, 0x4e, 0x59, 0x56, 0x99, 0x66, 0x9a, 0x6e, 0x9a, 0x6e,
    0xba, 0x6e, 0xb9, 0x6e, 0x9a, 0x76, 0xba, 0x76, 0x99, 0x6e, 0xba, 0x76,
    0x99, 0x76, 0xba, 0x76, 0x99, 0x6e, 0x9a, 0x6e, 0x99, 0x76, 0x99, 0x76,
    0x9a, 0x6e, 0x99, 0x6e, 0x9a, 0x6e, 0x9a, 0x6e, 0x99, 0x6e, 0x9a, 0x76,
    0x9a, 0x6e, 0x99, 0x6e, 0x9a, 0x6e, 0x9a, 0x76, 0x99, 0x6e, 0x9a, 0x6e,
    0x79, 0x6e, 0x7a, 0x6e, 0x9a, 0x6e, 0x79, 0x66, 0x79, 0x66, 0x7a, 0x66,
    0x79, 0x66, 0x7a, 0x66, 0x79, 0x66, 0x59, 0x5e, 0x5a, 0x5e, 0x5a, 0x5e,
    0x39, 0x56, 0x59, 0x56, 0x5a, 0x5e, 0x59, 0x5e, 0x79, 0x5e, 0x79, 0x66,
    0x7a, 0x66, 0x79, 0x6e, 0x99, 0x6e, 0x9a, 0x6e, 0x99, 0x76, 0x99, 0x76,
    0xba, 0x76, 0xb9, 0x76, 0xba, 0x76, 0xba, 0x76, 0xb9, 0x76, 0xb9, 0x7e,
    0xba, 0x7e, 0xb9, 0x7e, 0xba, 0x7e, 0xba, 0x7e, 0xb9, 0x7e, 0xba, 0x7e,
    0x79, 0x66, 0x3a, 0x56, 0x3a, 0x4e, 0x39, 0x4e, 0x39, 0x4e, 0x39, 0x4e,
    0x39, 0x4e, 0x3a, 0x4e, 0x39, 0x4e, 0x3a, 0x4e, 0x3a, 0x4e, 0x39, 0x4e,
    0x39, 0x4e, 0x3a, 0x4e, 0x39, 0x4e, 0x39, 0x4e, 0x3a, 0x4e, 0x39, 0x4e,
    0x39, 0x4e, 0x3a, 0x4e, 0x39, 0x4e, 0x39, 0x4e, 0x3a, 0x4e, 0x3a, 0x4e,
    0x3a, 0x4e, 0x39, 0x4e, 0x3a, 0x4e, 0x39, 0x4e, 0x3a, 0x4e, 0x3a, 0x4e,
    0x39, 0x4e, 0x39, 0x4e, 0x39, 0x4e, 0x3a, 0x4e, 0x39, 0x46, 0x39, 0x4e,
    0x3a, 0x4e, 0x3a, 0x4e, 0x3a, 0x4e, 0x3a, 0x4e, 0x39, 0x4e, 0x3a, 0x4e,
    0x3a, 0x4e, 0x19, 0x4e, 0x39, 0x46, 0x3a, 0x4e, 0x39, 0x4e, 0x39, 0x46,
    0x3a, 0x4e, 0x1a, 0x4e, 0x39, 0x4e, 0x39, 0x4e, 0x3a, 0x4e, 0x3a, 0x4e,
    0x39, 0x4e, 0x39, 0x4e, 0x3a, 0x46, 0x39, 0x4e, 0x3a, 0x4e, 0x39, 0x4e,
    0x19, 0x46, 0x3a, 0x4e, 0x39, 0x4e, 0x39, 0x46, 0x3a, 0x4e, 0x39, 0x4e,
    0x3a, 0x4e, 0x19, 0x46, 0x3a, 0x46, 0x39, 0x4e, 0x3a, 0x4e, 0x39, 0x4e,
    0x3a, 0x4e, 0x3a, 0x4e, 0x39, 0x4e, 0x39, 0x4e, 0x3a, 0x4e, 0x3a, 0x4e,
    0x39, 0x4e, 0x39, 0x4e, 0x3a, 0x4e, 0x39, 0x4e, 0x39, 0x4e, 0x3a, 0x4e,
    0x39, 0x46, 0x39, 0x4e, 0x3a, 0x4e, 0x39, 0x4e, 0x3a, 0x46, 0x39, 0x46,
    0x3a, 0x4e, 0x39, 0x4e, 0x3a, 0x46, 0x3a, 0x4e, 0x39, 0x4e, 0x3a, 0x46,
    0x39, 0x4e, 0x3a, 0x4e, 0x3a, 0x46, 0x3a, 0x4e, 0x19, 0x4e, 0x39, 0x4e,
    0x39, 0x4e, 0x39, 0x46, 0x39, 0x46, 0x3a, 0x4e, 0x39, 0x4e, 0x3a, 0x46,
    0x3a, 0x4e, 0x19, 0x4e, 0x39, 0x4e, 0x19, 0x46, 0x3a, 0x4e, 0x3a, 0x46,
    0x39, 0x4e, 0x3a, 0x4e, 0x19, 0x4e, 0x39, 0x46, 0x1a, 0x4e, 0x39, 0x4e,
    0x19, 0x46, 0x3a, 0x4e, 0x3a, 0x4e, 0x39, 0x4e, 0x39, 0x4e, 0x3a, 0x4e,
    0x3a, 0x4e, 0x39, 0x4e, 0x3a, 0x4e, 0x39, 0x46, 0x39, 0x4e, 0x39, 0x4e,
    0x3a, 0x4e, 0x3a, 0x4e, 0x39, 0x46, 0x3a, 0x46, 0x3a, 0x4e, 0x3a, 0x4e,
    0x39, 0x46, 0x3a, 0x4e, 0x39, 0x46, 0x39, 0x4e, 0x39, 0x46, 0x3a, 0x46,
    0x39, 0x46, 0x39, 0x46, 0x3a, 0x4e, 0x3a, 0x4e, 0x3a, 0x46, 0x39, 0x46,
    0x39, 0x4e, 0x1a, 0x4e, 0x39, 0x46, 0x3a, 0x46, 0x19, 0x4e, 0x3a, 0x46,
    0x3a, 0x4e, 0x39, 0x4e, 0x19, 0x46, 0x3a, 0x4e, 0x39, 0x4e, 0x3a, 0x4e,
    0x39, 0x46, 0x3a, 0x4e, 0x3a, 0x4e, 0x1a, 0x4e, 0x39, 0x4e, 0x3a, 0x4e,
    0x3a, 0x4e, 0x39, 0x4e, 0x39, 0x4e, 0x3a, 0x4e, 0x5a, 0x56, 0x5a, 0x56,
    0x59, 0x5e, 0x7a, 0x5e, 0x7a, 0x66, 0x99, 0x6e, 0x9a, 0x6e, 0x99, 0x6e,
    0xb9, 0x76, 0xba, 0x76, 0xba, 0x76, 0x99, 0x76, 0xba, 0x6e, 0x99, 0x76,
    0xba, 0x6e, 0x9a, 0x76, 0x99, 0x76, 0x9a, 0x76, 0xba, 0x6e, 0x99, 0x6e,
    0x9a, 0x76, 0x99, 0x6e, 0x9a, 0x76, 0x99, 0x6e, 0x9a, 0x6e, 0x99, 0x6e,
    0x99, 0x6e, 0x9a, 0x6e, 0x99, 0x6e, 0x99, 0x6e, 0x99, 0x6e, 0x9a, 0x6e,
    0x9a, 0x6e, 0x79, 0x6e, 0x99, 0x66, 0x7a, 0x6e, 0x7a, 0x66, 0x79, 0x66,
    0x7a, 0x66, 0x7a, 0x66, 0x59, 0x5e, 0x7a, 0x66, 0x59, 0x5e, 0x59, 0x5e,
    0x39, 0x56, 0x5a, 0x56, 0x59, 0x5e, 0x59, 0x5e, 0x59, 0x5e, 0x7a, 0x66,
    0x79, 0x66, 0x7a, 0x66, 0x7a, 0x6e, 0x99, 0x6e, 0x99, 0x6e, 0x9a, 0x76,
    0x9a, 0x76, 0x9a, 0x76, 0x99, 0x76, 0xba, 0x7e, 0xb9, 0x76, 0xb9, 0x7e,
    0xba, 0x7e, 0xb9, 0x76, 0xb9, 0x7e, 0xb9, 0x7e, 0xba, 0x76, 0xba, 0x7e,
    0x99, 0x6e, 0x79, 0x6e, 0x7a, 0x66, 0x5a, 0x5e, 0x39, 0x56, 0x39, 0x4e,
    0x39, 0x4e, 0x39, 0x4e, 0x39, 0x4e, 0x39, 0x4e, 0x3a, 0x56, 0x3a, 0x4e,
    0x39, 0x4e, 0x3a, 0x4e, 0x39, 0x4e, 0x3a, 0x4e, 0x3a, 0x4e, 0x39, 0x4e,
    0x3a, 0x4e, 0x39, 0x4e, 0x3a, 0x4e, 0x39, 0x4e, 0x39, 0x4e, 0x3a, 0x4e,
    0x39, 0x4e, 0x39, 0x4e, 0x3a, 0x4e, 0x3a, 0x4e, 0x39, 0x4e, 0x3a, 0x4e,
    0x3a, 0x4e, 0x39, 0x4e, 0x39, 0x4e, 0x3a, 0x4e, 0x39, 0x4e, 0x3a, 0x4e,
    0x39, 0x4e, 0x39, 0x4e, 0x39, 0x4e, 0x3a, 0x4e, 0x39, 0x4e, 0x39, 0x4e,
    0x39, 0x4e, 0x3a, 0x4e, 0x3a, 0x4e, 0x39, 0x4e, 0x3a, 0x4e, 0x39, 0x4e,
    0x39, 0x4e, 0x3a, 0x4e, 0x3a, 0x46, 0x39, 0x4e, 0x39, 0x4e, 0x39, 0x4e,
    0x3a, 0x4e, 0x3a, 0x4e, 0x39, 0x4e, 0x39, 0x4e, 0x3a, 0x4e, 0x39, 0x4e,
    0x39, 0x4e, 0x3a, 0x4e, 0x39, 0x4e, 0x39, 0x4e, 0x3a, 0x4e, 0x3a, 0x4e,
    0x39, 0x4e, 0x39, 0x4e, 0x3a, 0x4e, 0x39, 0x4e, 0x39, 0x4e, 0x39, 0x4e,
    0x39, 0x4e, 0x3a, 0x4e, 0x3a, 0x4e, 0x39, 0x46, 0x39, 0x4e, 0x39, 0x4e,
    0x3a, 0x46, 0x39, 0x4e, 0x39, 0x4e, 0x3a, 0x46, 0x39, 0x4e, 0x39, 0x4e,
    0x3a, 0x4e, 0x39, 0x46, 0x39, 0x46, 0x3a, 0x4e, 0x39, 0x4e, 0x39, 0x4e,
    0x3a, 0x4e, 0x3a, 0x4e, 0x39, 0x46, 0x3a, 0x4e, 0x39, 0x4e, 0x39, 0x46,
    0x3a, 0x4e, 0x39, 0x46, 0x3a, 0x4e, 0x39, 0x4e, 0x39, 0x4e, 0x3a, 0x46,
    0x3a, 0x4e, 0x3a, 0x4e, 0x39, 0x4e, 0x39, 0x46, 0x39, 0x4e, 0x39, 0x4e,
    0x3a, 0x46, 0x39, 0x4e, 0x3a, 0x4e, 0x3a, 0x4e, 0x39, 0x46, 0x39, 0x4e,
    0x3a, 0x4e, 0x39, 0x4e, 0x3a, 0x46, 0x39, 0x4e, 0x3a, 0x4e, 0x3a, 0x4e,
    0x39, 0x46, 0x39, 0x46, 0x3a, 0x4e, 0x3a, 0x4e, 0x19, 0x46, 0x3a, 0x46,
    0x39, 0x46, 0x19, 0x4e, 0x3a, 0x46, 0x39, 0x4e, 0x1a, 0x46, 0x39, 0x4e,
    0x39, 0x4e, 0x3a, 0x46, 0x19, 0x46, 0x39, 0x4e, 0x3a, 0x4e, 0x39, 0x4e,
    0x3a, 0x46, 0x3a, 0x4e, 0x39, 0x4e, 0x3a, 0x46, 0x39, 0x4e, 0x39, 0x4e,
    0x1a, 0x4e, 0x39, 0x4e, 0x39, 0x46, 0x3a, 0x4e, 0x39, 0x4e, 0x39, 0x4e,
    0x1a, 0x46, 0x39, 0x4e, 0x39, 0x4e, 0x3a, 0x4e, 0x39, 0x4e, 0x39, 0x46,
    0x39, 0x4e, 0x3a, 0x4e, 0x39, 0x4e, 0x39, 0x4e, 0x3a, 0x4e, 0x39, 0x46,
    0x39, 0x4e, 0x39, 0x4e, 0x39, 0x4e, 0x3a, 0x4e, 0x3a, 0x4e, 0x39, 0x4e,
    0x39, 0x4e, 0x5a, 0x56, 0x59, 0x56, 0x7a, 0x5e, 0x79, 0x66, 0x7a, 0x66,
    0x9a, 0x66, 0x99, 0x6e, 0x9a, 0x6e, 0x9a, 0x6e, 0xb9, 0x76, 0x9a, 0x76,
    0x99, 0x6e, 0x99, 0x76, 0x9a, 0x6e, 0xba, 0x76, 0x99, 0x76, 0xba, 0x6e,
    0x9a, 0x6e, 0xb9, 0x6e, 0xba, 0x76, 0x99, 0x6e, 0x9a, 0x6e, 0xba, 0x76,
    0x99, 0x6e, 0x9a, 0x6e, 0xba, 0x6e, 0x99, 0x6e, 0x9a, 0x6e, 0x99, 0x6e,
    0x9a, 0x6e, 0x9a, 0x6e, 0x99, 0x6e, 0x7a, 0x6e, 0x9a, 0x6e, 0x79, 0x6e,
    0x79, 0x6e, 0x9a, 0x66, 0x79, 0x6e, 0x7a, 0x66, 0x79, 0x66, 0x79, 0x66,
    0x7a, 0x66, 0x59, 0x5e, 0x59, 0x5e, 0x59, 0x5e, 0x5a, 0x5e, 0x39, 0x56,
    0x5a, 0x56, 0x5a, 0x56, 0x5a, 0x56, 0x59, 0x5e, 0x5a, 0x5e, 0x59, 0x66,
    0x79, 0x66, 0x79, 0x66, 0x7a, 0x66, 0x7a, 0x6e, 0x99, 0x6e, 0x9a, 0x6e,
    0x99, 0x6e, 0x99, 0x76, 0x99, 0x76, 0xba, 0x76, 0xba, 0x76, 0xb9, 0x76,
    0xba, 0x7e, 0xba, 0x7e, 0xb9, 0x76, 0xba, 0x7e, 0xb9, 0x76, 0xb9, 0x76,
    0xba, 0x76, 0x99, 0x76, 0x99, 0x76, 0x79, 0x6e, 0x7a, 0x66, 0x3a, 0x56,
    0x3a, 0x56, 0x39, 0x4e, 0x3a, 0x56, 0x39, 0x56, 0x39, 0x4e, 0x39, 0x4e,
    0x3a, 0x56, 0x39, 0x4e, 0x39, 0x4e, 0x3a, 0x4e, 0x39, 0x4e, 0x3a, 0x4e,
    0x39, 0x4e, 0x3a, 0x4e, 0x3a, 0x4e, 0x39, 0x4e, 0x3a, 0x4e, 0x39, 0x4e,
    0x3a, 0x4e, 0x39, 0x4e, 0x39, 0x4e, 0x3a, 0x4e, 0x39, 0x4e, 0x39, 0x4e,
    0x3a, 0x4e, 0x3a, 0x4e, 0x39, 0x4e, 0x39, 0x4e, 0x3a, 0x4e, 0x3a, 0x4e,
    0x39, 0x4e, 0x39, 0x4e, 0x3a, 0x4e, 0x39, 0x4e, 0x3a, 0x4e, 0x39, 0x4e,
    0x39, 0x4e, 0x39, 0x4e, 0x3a, 0x4e, 0x39, 0x4e, 0x3a, 0x4e, 0x3a, 0x4e,
    0x39, 0x4e, 0x39, 0x4e, 0x3a, 0x4e, 0x39, 0x4e, 0x39, 0x4e, 0x3a, 0x4e,
    0x3a, 0x4e, 0x39, 0x4e, 0x3a, 0x4e, 0x3a, 0x4e, 0x39, 0x4e, 0x3a, 0x46,
    0x3a, 0x4e, 0x39, 0x46, 0x3a, 0x4e, 0x39, 0x4e, 0x3a, 0x4e, 0x39, 0x4e,
    0x39, 0x4e, 0x3a, 0x4e, 0x39, 0x4e, 0x3a, 0x4e, 0x39, 0x4e, 0x3a, 0x4e,
    0x3a, 0x4e, 0x39, 0x4e, 0x3a, 0x4e, 0x3a, 0x4e, 0x39, 0x4e, 0x3a, 0x4e,
    0x3a, 0x4e, 0x39, 0x46, 0x3a, 0x4e, 0x3a, 0x4e, 0x39, 0x4e, 0x3a, 0x4e,
    0x39, 0x4e, 0x3a, 0x4e, 0x3a, 0x4e, 0x39, 0x4e, 0x39, 0x4e, 0x3a, 0x4e,
    0x39, 0x4e, 0x39, 0x4e, 0x3a, 0x4e, 0x39, 0x4e, 0x39, 0x4e, 0x3a, 0x4e,
    0x39, 0x4e, 0x39, 0x4e, 0x39, 0x4e, 0x3a, 0x46, 0x3a, 0x4e, 0x39, 0x46,
    0x39, 0x4e, 0x3a, 0x4e, 0x3a, 0x4e, 0x3a, 0x4e, 0x3a, 0x4e, 0x39, 0x4e,
    0x3a, 0x46, 0x39, 0x46, 0x39, 0x4e, 0x3a, 0x46, 0x39, 0x4e, 0x3a, 0x4e,
    0x39, 0x4e, 0x39, 0x46, 0x3a, 0x4e, 0x39, 0x4e, 0x39, 0x4e, 0x3a, 0x46,
    0x3a, 0x4e, 0x39, 0x4e, 0x39, 0x4e, 0x39, 0x4e, 0x3a, 0x4e, 0x39, 0x4e,
    0x3a, 0x4e, 0x3a, 0x4e, 0x39, 0x46, 0x3a, 0x4e, 0x3a, 0x4e, 0x39, 0x46,
    0x3a, 0x4e, 0x3a, 0x4e, 0x39, 0x4e, 0x39, 0x46, 0x3a, 0x4e, 0x19, 0x4e,
    0x39, 0x4e, 0x3a, 0x4e, 0x39, 0x46, 0x39, 0x4e, 0x3a, 0x4e, 0x3a, 0x4e,
    0x39, 0x4e, 0x39, 0x4e, 0x39, 0x4e, 0x3a, 0x4e, 0x39, 0x4e, 0x3a, 0x4e,
    0x3a, 0x4e, 0x39, 0x4e, 0x3a, 0x4e, 0x39, 0x4e, 0x39, 0x4e, 0x3a, 0x4e,
    0x39, 0x4e, 0x3a, 0x4e, 0x3a, 0x46, 0x3a, 0x4e, 0x39, 0x4e, 0x3a, 0x4e,
    0x3a, 0x4e, 0x39, 0x4e, 0x39, 0x4e, 0x39, 0x4e, 0x5a, 0x56, 0x59, 0x56,
    0x7a, 0x5e, 0x7a, 0x5e, 0x99, 0x66, 0x99, 0x66, 0x9a, 0x6e, 0x99, 0x6e,
    0x9a, 0x6e, 0x99, 0x6e, 0x9a, 0x6e, 0xba, 0x6e, 0x99, 0x76, 0xba, 0x6e,
    0xba, 0x6e, 0xba, 0x76, 0x99, 0x76, 0xba, 0x6e, 0xba, 0x76, 0x99, 0x76,
    0x99, 0x76, 0x9a, 0x6e, 0xb9, 0x76, 0x99, 0x76, 0xba, 0x6e, 0x99, 0x6e,
    0x9a, 0x76, 0x99, 0x6e, 0x99, 0x6e, 0x9a, 0x6e, 0x9a, 0x6e, 0x99, 0x6e,
    0x9a, 0x6e, 0x79, 0x6e, 0x7a, 0x6e, 0x7a, 0x6e, 0x79, 0x6e, 0x9a, 0x66,
    0x7a, 0x66, 0x79, 0x66, 0x7a, 0x66, 0x79, 0x66, 0x79, 0x66, 0x5a, 0x5e,
    0x59, 0x5e, 0x59, 0x56, 0x3a, 0x56, 0x39, 0x56, 0x5a, 0x56, 0x3a, 0x56,
    0x59, 0x56, 0x59, 0x56, 0x39, 0x56, 0x5a, 0x56, 0x59, 0x5e, 0x7a, 0x5e,
    0x5a, 0x5e, 0x79, 0x5e, 0x79, 0x66, 0x7a, 0x66, 0x79, 0x66, 0x79, 0x6e,
    0x9a, 0x6e, 0x9a, 0x6e, 0x99, 0x6e, 0x9a, 0x76, 0x99, 0x76, 0x99, 0x76,
    0xba, 0x76, 0xba, 0x76, 0xb9, 0x76, 0xba, 0x76, 0x9a, 0x76, 0xb9, 0x76,
    0x9a, 0x76, 0x9a, 0x76, 0x99, 0x6e, 0x9a, 0x6e, 0x79, 0x66, 0x5a, 0x56,
    0x5a, 0x56, 0x59, 0x56, 0x3a, 0x4e, 0x5a, 0x56, 0x39, 0x4e, 0x5a, 0x4e,
    0x3a, 0x56, 0x39, 0x56, 0x3a, 0x4e, 0x59, 0x56, 0x39, 0x4e, 0x3a, 0x4e,
    0x39, 0x56, 0x39, 0x56, 0x5a, 0x4e, 0x39, 0x4e, 0x39, 0x4e, 0x3a, 0x56,
    0x39, 0x4e, 0x3a, 0x56, 0x59, 0x4e, 0x39, 0x4e, 0x3a, 0x56, 0x59, 0x4e,
    0x59, 0x4e, 0x3a, 0x4e, 0x3a, 0x4e, 0x59, 0x4e, 0x39, 0x4e, 0x3a, 0x4e,
    0x39, 0x4e, 0x3a, 0x4e, 0x3a, 0x4e, 0x39, 0x4e, 0x3a, 0x4e, 0x3a, 0x4e,
    0x3a, 0x4e, 0x3a, 0x4e, 0x39, 0x4e, 0x39, 0x4e, 0x3a, 0x4e, 0x3a, 0x4e,
    0x39, 0x4e, 0x39, 0x4e, 0x3a, 0x4e, 0x39, 0x4e, 0x3a, 0x4e, 0x3a, 0x4e,
    0x39, 0x4e, 0x39, 0x4e, 0x39, 0x4e, 0x3a, 0x4e, 0x39, 0x4e, 0x39, 0x4e,
    0x3a, 0x4e, 0x39, 0x4e, 0x39, 0x4e, 0x3a, 0x4e, 0x39, 0x4e, 0x39, 0x4e,
    0x3a, 0x4e, 0x3a, 0x4e, 0x39, 0x4e, 0x3a, 0x4e, 0x3a, 0x4e, 0x39, 0x4e,
    0x39, 0x4e, 0x39, 0x4e, 0x39, 0x4e, 0x39, 0x4e, 0x39, 0x46, 0x3a, 0x4e,
    0x39, 0x4e, 0x39, 0x4e, 0x3a, 0x4e, 0x39, 0x4e, 0x39, 0x4e, 0x3a, 0x4e,
    0x39, 0x4e, 0x39, 0x4e, 0x3a, 0x4e, 0x3a, 0x46, 0x39, 0x4e, 0x3a, 0x4e,
    0x3a, 0x46, 0x39, 0x4e, 0x39, 0x4e, 0x3a, 0x4e, 0x39, 0x46, 0x3a, 0x4e,
    0x3a, 0x4e, 0x39, 0x46, 0x39, 0x46, 0x3a, 0x4e, 0x3a, 0x4e, 0x39, 0x4e,
    0x39, 0x4e, 0x39, 0x4e, 0x39, 0x4e, 0x39, 0x46, 0x39, 0x4e, 0x3a, 0x4e,
    0x3a, 0x4e, 0x39, 0x4e, 0x39, 0x4e, 0x39, 0x4e, 0x3a, 0x4e, 0x3a, 0x4e,
    0x39, 0x46, 0x3a, 0x4e, 0x39, 0x4e, 0x39, 0x4e, 0x39, 0x4e, 0x39, 0x4e,
    0x39, 0x4e, 0x3a, 0x4e, 0x3a, 0x4e, 0x39, 0x46, 0x39, 0x4e, 0x39, 0x4e,
    0x39, 0x4e, 0x3a, 0x4e, 0x39, 0x46, 0x39, 0x4e, 0x39, 0x4e, 0x3a, 0x4e,
    0x39, 0x46, 0x39, 0x4e, 0x3a, 0x4e, 0x39, 0x4e, 0x3a, 0x46, 0x39, 0x4e,
    0x39, 0x46, 0x39, 0x4e, 0x3a, 0x4e, 0x39, 0x4e, 0x19, 0x4e, 0x3a, 0x4e,
    0x3a, 0x46, 0x39, 0x4e, 0x3a, 0x4e, 0x39, 0x46, 0x39, 0x46, 0x39, 0x4e,
    0x39, 0x4e, 0x3a, 0x4e, 0x3a, 0x46, 0x39, 0x4e, 0x3a, 0x4e, 0x39, 0x4e,
    0x3a, 0x4e, 0x39, 0x4e, 0x39, 0x4e, 0x3a, 0x4e, 0x39, 0x4e, 0x3a, 0x4e,
    0x3a, 0x4e, 0x3a, 0x4e, 0x5a, 0x56, 0x7a, 0x56, 0x79, 0x5e, 0x7a, 0x5e,
    0x99, 0x66, 0x7a, 0x6e, 0x9a, 0x6e, 0x99, 0x6e, 0x9a, 0x6e, 0x9a, 0x6e,
    0x99, 0x6e, 0x99, 0x6e, 0x9a, 0x76, 0x9a, 0x6e, 0x99, 0x76, 0xb9, 0x76,
    0x9a, 0x6e, 0xb9, 0x76, 0xba, 0x76, 0x99, 0x6e, 0xb9, 0x6e, 0x9a, 0x76,
    0xba, 0x6e, 0x9a, 0x6e, 0x9a, 0x6e, 0x9a, 0x76, 0xb9, 0x6e, 0x99, 0x6e,
    0x9a, 0x6e, 0x99, 0x6e, 0x9a, 0x6e, 0x99, 0x6e, 0x9a, 0x6e, 0x79, 0x6e,
    0x79, 0x66, 0x79, 0x66, 0x7a, 0x66, 0x79, 0x66, 0x79, 0x66, 0x79, 0x66,
    0x7a, 0x66, 0x79, 0x66, 0x7a, 0x66, 0x79, 0x5e, 0x5a, 0x5e, 0x5a, 0x5e,
    0x59, 0x56, 0x3a, 0x56, 0x3a, 0x56, 0x39, 0x4e, 0x39, 0x56, 0x39, 0x4e,
    0x39, 0x56, 0x3a, 0x56, 0x39, 0x56, 0x5a, 0x56, 0x5a, 0x56, 0x59, 0x5e,
    0x59, 0x5e, 0x5a, 0x5e, 0x79, 0x5e, 0x7a, 0x66, 0x7a, 0x66, 0x79, 0x66,
    0x7a, 0x66, 0x79, 0x66, 0x9a, 0x6e, 0x99, 0x6e, 0x9a, 0x6e, 0x99, 0x6e,
    0x99, 0x6e, 0x9a, 0x6e, 0x99, 0x6e, 0x79, 0x6e, 0x9a, 0x6e, 0x99, 0x6e,
    0x99, 0x6e, 0x9a, 0x6e, 0x9a, 0x6e, 0x79, 0x66, 0x59, 0x5e, 0x59, 0x56,
    0x3a, 0x4e, 0x39, 0x56, 0x59, 0x56, 0x3a, 0x4e, 0x5a, 0x56, 0x39, 0x4e,
    0x59, 0x56, 0x3a, 0x4e, 0x5a, 0x56, 0x39, 0x4e, 0x5a, 0x56, 0x59, 0x4e,
    0x59, 0x4e, 0x3a, 0x56, 0x59, 0x56, 0x39, 0x4e, 0x3a, 0x56, 0x59, 0x4e,
    0x39, 0x56, 0x3a, 0x4e, 0x59, 0x56, 0x5a, 0x4e, 0x59, 0x4e, 0x39, 0x4e,
    0x5a, 0x56, 0x59, 0x56, 0x5a, 0x4e, 0x3a, 0x56, 0x59, 0x4e, 0x5a, 0x4e,
    0x59, 0x56, 0x5a, 0x4e, 0x39, 0x4e, 0x59, 0x4e, 0x3a, 0x4e, 0x39, 0x4e,
    0x59, 0x4e, 0x5a, 0x4e, 0x5a, 0x4e, 0x39, 0x4e, 0x39, 0x4e, 0x5a, 0x4e,
    0x3a, 0x4e, 0x3a, 0x4e, 0x39, 0x4e, 0x3a, 0x4e, 0x39, 0x4e, 0x5a, 0x4e,
    0x3a, 0x4e, 0x39, 0x4e, 0x5a, 0x4e, 0x3a, 0x4e, 0x39, 0x4e, 0x59, 0x4e,
    0x3a, 0x4e, 0x59, 0x4e, 0x39, 0x4e, 0x3a, 0x4e, 0x3a, 0x4e, 0x59, 0x4e,
    0x3a, 0x4e, 0x39, 0x4e, 0x59, 0x4e, 0x5a, 0x4e, 0x39, 0x4e, 0x5a, 0x4e,
    0x3a, 0x4e, 0x3a, 0x4e, 0x59, 0x4e, 0x39, 0x4e, 0x3a, 0x4e, 0x39, 0x4e,
    0x5a, 0x4e, 0x3a, 0x4e, 0x59, 0x4e, 0x3a, 0x4e, 0x3a, 0x4e, 0x39, 0x4e,
    0x3a, 0x4e, 0x59, 0x4e, 0x39, 0x4e, 0x3a, 0x4e, 0x39, 0x4e, 0x59, 0x4e,
    0x39, 0x4e, 0x3a, 0x4e, 0x3a, 0x4e, 0x39, 0x4e, 0x3a, 0x4e, 0x39, 0x4e,
    0x3a, 0x4e, 0x3a, 0x4e, 0x39, 0x4e, 0x39, 0x4e, 0x3a, 0x4e, 0x39, 0x4e,
    0x3a, 0x4e, 0x3a, 0x4e, 0x39, 0x4e, 0x3a, 0x4e, 0x39, 0x4e, 0x39, 0x4e,
    0x3a, 0x4e, 0x39, 0x4e, 0x3a, 0x4e, 0x3a, 0x4e, 0x39, 0x4e, 0x39, 0x4e,
    0x39, 0x4e, 0x3a, 0x4e, 0x3a, 0x4e, 0x3a, 0x4e, 0x3a, 0x46, 0x39, 0x46,
    0x39, 0x4e, 0x39, 0x4e, 0x3a, 0x4e, 0x39, 0x46, 0x3a, 0x4e, 0x39, 0x4e,
    0x3a, 0x4e, 0x3a, 0x4e, 0x39, 0x4e, 0x3a, 0x4e, 0x39, 0x4e, 0x3a, 0x4e,
    0x39, 0x4e, 0x3a, 0x4e, 0x39, 0x4e, 0x39, 0x4e, 0x3a, 0x4e, 0x3a, 0x4e,
    0x3a, 0x4e, 0x39, 0x4e, 0x3a, 0x4e, 0x39, 0x4e, 0x39, 0x4e, 0x39, 0x46,
    0x3a, 0x4e, 0x39, 0x4e, 0x39, 0x4e, 0x3a, 0x4e, 0x39, 0x4e, 0x3a, 0x4e,
    0x39, 0x46, 0x39, 0x4e, 0x39, 0x4e, 0x3a, 0x4e, 0x39, 0x4e, 0x39, 0x4e,
    0x3a, 0x4e, 0x39, 0x4e, 0x39, 0x4e, 0x3a, 0x4e, 0x39, 0x4e, 0x39, 0x4e,
    0x59, 0x4e, 0x59, 0x56, 0x7a, 0x5e, 0x79, 0x5e, 0x7a, 0x66, 0x9a, 0x66,
    0x99, 0x6e, 0x99, 0x6e, 0x9a, 0x66, 0x9a, 0x6e, 0x99, 0x66, 0x9a, 0x6e,
    0x9a, 0x6e, 0x9a, 0x6e, 0x99, 0x6e, 0x9a, 0x6e, 0x99, 0x6e, 0xba, 0x6e,
    0x9a, 0x6e, 0x9a, 0x76, 0xba, 0x6e, 0x99, 0x6e, 0x9a, 0x6e, 0x99, 0x6e,
    0x9a, 0x6e, 0x99, 0x6e, 0x99, 0x6e, 0x9a, 0x6e, 0x9a, 0x6e, 0x9a, 0x6e,
    0x9a, 0x6e, 0x9a, 0x6e, 0x99, 0x6e, 0x7a, 0x66, 0x79, 0x66, 0x7a, 0x66,
    0x7a, 0x66, 0x7a, 0x5e, 0x7a, 0x5e, 0x59, 0x5e, 0x7a, 0x5e, 0x5a, 0x5e,
    0x59, 0x5e, 0x7a, 0x5e, 0x59, 0x5e, 0x5a, 0x5e, 0x59, 0x56, 0x59, 0x56,
    0x39, 0x56, 0x39, 0x4e, 0x39, 0x4e, 0x3a, 0x4e, 0x39, 0x4e, 0x39, 0x4e,
    0x5a, 0x56, 0x5a, 0x56, 0x59, 0x56, 0x59, 0x56, 0x5a, 0x56, 0x59, 0x56,
    0x59, 0x56, 0x5a, 0x56, 0x5a, 0x5e, 0x59, 0x56, 0x5a, 0x5e, 0x59, 0x5e,
    0x59, 0x5e, 0x7a, 0x5e, 0x59, 0x5e, 0x5a, 0x5e, 0x5a, 0x5e, 0x59, 0x5e,
    0x5a, 0x5e, 0x5a, 0x56, 0x59, 0x56, 0x5a, 0x56, 0x5a, 0x56, 0x59, 0x56,
    0x59, 0x56, 0x5a, 0x56, 0x59, 0x56, 0x5a, 0x56, 0x5a, 0x56, 0x39, 0x56,
    0x3a, 0x4e, 0x5a, 0x56, 0x59, 0x56, 0x39, 0x4e, 0x3a, 0x56, 0x59, 0x56,
    0x59, 0x4e, 0x3a, 0x4e, 0x59, 0x56, 0x3a, 0x56, 0x5a, 0x4e, 0x39, 0x56,
    0x5a, 0x4e, 0x39, 0x4e, 0x5a, 0x56, 0x5a, 0x56, 0x5a, 0x4e, 0x59, 0x4e,
    0x5a, 0x4e, 0x5a, 0x56, 0x39, 0x56, 0x3a, 0x4e, 0x5a, 0x56, 0x3a, 0x56,
    0x39, 0x4e, 0x39, 0x4e, 0x39, 0x56, 0x5a, 0x4e, 0x3a, 0x56, 0x39, 0x4e,
    0x5a, 0x4e, 0x39, 0x56, 0x39, 0x4e, 0x5a, 0x4e, 0x3a, 0x4e, 0x59, 0x4e,
    0x59, 0x56, 0x3a, 0x4e, 0x59, 0x4e, 0x5a, 0x4e, 0x59, 0x4e, 0x39, 0x4e,
    0x5a, 0x4e, 0x59, 0x4e, 0x5a, 0x4e, 0x39, 0x4e, 0x39, 0x4e, 0x5a, 0x4e,
    0x59, 0x4e, 0x3a, 0x4e, 0x59, 0x4e, 0x59, 0x4e, 0x3a, 0x4e, 0x39, 0x4e,
    0x5a, 0x4e, 0x5a, 0x4e, 0x39, 0x4e, 0x59, 0x4e, 0x39, 0x4e, 0x5a, 0x4e,
    0x59, 0x4e, 0x3a, 0x4e, 0x59, 0x4e, 0x39, 0x4e, 0x3a, 0x4e, 0x39, 0x4e,
    0x39, 0x4e, 0x3a, 0x4e, 0x5a, 0x4e, 0x59, 0x4e, 0x5a, 0x4e, 0x39, 0x4e,
    0x3a, 0x4e, 0x59, 0x4e, 0x39, 0x4e, 0x39, 0x4e, 0x5a, 0x4e, 0x59, 0x4e,
    0x3a, 0x4e, 0x3a, 0x4e, 0x39, 0x4e, 0x39, 0x4e, 0x5a, 0x4e, 0x3a, 0x4e,
    0x39, 0x4e, 0x39, 0x4e, 0x39, 0x4e, 0x5a, 0x4e, 0x39, 0x4e, 0x39, 0x46,
    0x39, 0x4e, 0x5a, 0x4e, 0x39, 0x4e, 0x5a, 0x4e, 0x59, 0x4e, 0x3a, 0x4e,
    0x39, 0x4e, 0x39, 0x4e, 0x3a, 0x4e, 0x3a, 0x4e, 0x3a, 0x4e, 0x39, 0x4e,
    0x39, 0x46, 0x39, 0x4e, 0x5a, 0x4e, 0x59, 0x46, 0x5a, 0x4e, 0x3a, 0x4e,
    0x39, 0x4e, 0x39, 0x4e, 0x39, 0x4e, 0x3a, 0x4e, 0x3a, 0x4e, 0x39, 0x4e,
    0x3a, 0x4e, 0x59, 0x4e, 0x39, 0x4e, 0x3a, 0x4e, 0x39, 0x4e, 0x3a, 0x4e,
    0x39, 0x4e, 0x39, 0x46, 0x39, 0x4e, 0x3a, 0x4e, 0x39, 0x4e, 0x39, 0x4e,
    0x3a, 0x4e, 0x3a, 0x4e, 0x39, 0x46, 0x39, 0x4e, 0x39, 0x4e, 0x3a, 0x4e,
    0x39, 0x4e, 0x39, 0x4e, 0x3a, 0x46, 0x3a, 0x4e, 0x39, 0x4e, 0x3a, 0x4e,
    0x3a, 0x4e, 0x39, 0x4e, 0x39, 0x4e, 0x3a, 0x4e, 0x3a, 0x4e, 0x5a, 0x4e,
    0x39, 0x4e, 0x3a, 0x4e, 0x39, 0x4e, 0x39, 0x4e, 0x3a, 0x4e, 0x39, 0x4e,
    0x39, 0x4e, 0x5a, 0x4e, 0x39, 0x4e, 0x5a, 0x4e, 0x3a, 0x4e, 0x59, 0x4e,
    0x3a, 0x4e, 0x5a, 0x56, 0x79, 0x66, 0x79, 0x66, 0x7a, 0x66, 0x79, 0x66,
    0x7a, 0x66, 0x79, 0x5e, 0x79, 0x5e, 0x7a, 0x5e, 0x79, 0x5e, 0x79, 0x66,
    0x7a, 0x5e, 0x7a, 0x66, 0x99, 0x66, 0x9a, 0x66, 0x9a, 0x66, 0x99, 0x6e,
    0x99, 0x6e, 0x99, 0x6e, 0x99, 0x6e, 0x9a, 0x6e, 0x9a, 0x6e, 0x9a, 0x6e,
    0x99, 0x6e, 0x9a, 0x66, 0x99, 0x66, 0x7a, 0x66, 0x79, 0x66, 0x79, 0x66,
    0x79, 0x66, 0x7a, 0x5e, 0x5a, 0x5e, 0x59, 0x5e, 0x5a, 0x5e, 0x59, 0x56,
    0x5a, 0x56, 0x59, 0x56, 0x5a, 0x56, 0x59, 0x56, 0x39, 0x4e, 0x3a, 0x56,
    0x59, 0x56, 0x39, 0x56, 0x3a, 0x4e, 0x59, 0x56, 0x3a, 0x4e, 0x39, 0x4e,
    0x3a, 0x4e, 0x3a, 0x4e, 0x39, 0x4e, 0x39, 0x4e, 0x3a, 0x4e, 0x39, 0x4e,
    0x59, 0x56, 0x39, 0x56, 0x3a, 0x56, 0x5a, 0x56, 0x59, 0x56, 0x39, 0x56,
    0x3a, 0x56, 0x5a, 0x56, 0x59, 0x56, 0x5a, 0x56, 0x59, 0x56, 0x5a, 0x56,
    0x5a, 0x56, 0x59, 0x56, 0x5a, 0x56, 0x5a, 0x56, 0x39, 0x56, 0x39, 0x4e,
    0x3a, 0x56, 0x39, 0x56, 0x5a, 0x56, 0x39, 0x56, 0x5a, 0x56, 0x3a, 0x56,
    0x39, 0x56, 0x5a, 0x56, 0x39, 0x56, 0x59, 0x56, 0x39, 0x56, 0x5a, 0x56,
    0x59, 0x56, 0x3a, 0x56, 0x5a, 0x56, 0x59, 0x4e, 0x3a, 0x56, 0x5a, 0x56,
    0x39, 0x56, 0x5a, 0x56, 0x39, 0x4e, 0x59, 0x56, 0x3a, 0x56, 0x3a, 0x4e,
    0x5a, 0x56, 0x39, 0x56, 0x59, 0x4e, 0x3a, 0x56, 0x39, 0x56, 0x39, 0x56,
    0x59, 0x4e, 0x3a, 0x56, 0x39, 0x56, 0x59, 0x4e, 0x3a, 0x56, 0x59, 0x56,
    0x59, 0x4e, 0x3a, 0x4e, 0x5a, 0x56, 0x59, 0x4e, 0x39, 0x56, 0x3a, 0x4e,
    0x5a, 0x4e, 0x59, 0x56, 0x3a, 0x56, 0x59, 0x4e, 0x5a, 0x56, 0x3a, 0x4e,
    0x39, 0x4e, 0x39, 0x56, 0x3a, 0x4e, 0x5a, 0x4e, 0x39, 0x56, 0x3a, 0x56,
    0x59, 0x4e, 0x39, 0x4e, 0x5a, 0x4e, 0x5a, 0x4e, 0x39, 0x4e, 0x5a, 0x4e,
    0x59, 0x4e, 0x39, 0x4e, 0x3a, 0x4e, 0x5a, 0x4e, 0x39, 0x4e, 0x39, 0x4e,
    0x5a, 0x4e, 0x39, 0x4e, 0x3a, 0x4e, 0x3a, 0x4e, 0x59, 0x4e, 0x3a, 0x4e,
    0x39, 0x4e, 0x5a, 0x4e, 0x39, 0x4e, 0x5a, 0x4e, 0x3a, 0x4e, 0x59, 0x4e,
    0x59, 0x4e, 0x39, 0x4e, 0x3a, 0x4e, 0x5a, 0x4e, 0x59, 0x4e, 0x39, 0x4e,
    0x3a, 0x4e, 0x39, 0x4e, 0x5a, 0x4e, 0x3a, 0x4e, 0x59, 0x4e, 0x59, 0x4e,
    0x39, 0x4e, 0x5a, 0x4e, 0x59, 0x4e, 0x59, 0x4e, 0x39, 0x4e, 0x5a, 0x4e,
    0x39, 0x4e, 0x59, 0x4e, 0x5a, 0x4e, 0x39, 0x4e, 0x3a, 0x4e, 0x5a, 0x4e,
    0x59, 0x4e, 0x59, 0x4e, 0x3a, 0x4e, 0x59, 0x4e, 0x3a, 0x4e, 0x39, 0x4e,
    0x5a, 0x4e, 0x59, 0x4e, 0x39, 0x4e, 0x59, 0x4e, 0x5a, 0x4e, 0x5a, 0x4e,
    0x59, 0x4e, 0x59, 0x4e, 0x39, 0x4e, 0x3a, 0x4e, 0x39, 0x4e, 0x59, 0x4e,
    0x3a, 0x4e, 0x3a, 0x4e, 0x59, 0x4e, 0x39, 0x4e, 0x59, 0x4e, 0x39, 0x4e,
    0x5a, 0x4e, 0x5a, 0x4e, 0x59, 0x4e, 0x3a, 0x4e, 0x39, 0x4e, 0x59, 0x4e,
    0x3a, 0x4e, 0x5a, 0x4e, 0x39, 0x4e, 0x59, 0x4e, 0x3a, 0x4e, 0x39, 0x4e,
    0x59, 0x4e, 0x3a, 0x4e, 0x5a, 0x4e, 0x59, 0x4e, 0x39, 0x4e, 0x5a, 0x4e,
    0x3a, 0x4e, 0x39, 0x4e, 0x59, 0x4e, 0x39, 0x4e, 0x3a, 0x4e, 0x59, 0x4e,
    0x39, 0x4e, 0x39, 0x4e, 0x3a, 0x4e, 0x39, 0x46, 0x39, 0x4e, 0x39, 0x4e,
    0x39, 0x4e, 0x3a, 0x4e, 0x3a, 0x4e, 0x39, 0x4e, 0x5a, 0x4e, 0x5a, 0x4e,
    0x39, 0x4e, 0x5a, 0x4e, 0x5a, 0x4e, 0x39, 0x4e, 0x59, 0x4e, 0x3a, 0x4e,
    0x5a, 0x4e, 0x59, 0x56, 0x5a, 0x56, 0x7a, 0x5e, 0x59, 0x56, 0x5a, 0x56,
    0x5a, 0x56, 0x5a, 0x56, 0x59, 0x56, 0x5a, 0x56, 0x5a, 0x56, 0x59, 0x56,
    0x7a, 0x5e, 0x59, 0x56, 0x59, 0x56, 0x59, 0x56, 0x5a, 0x5e, 0x59, 0x5e,
    0x5a, 0x5e, 0x7a, 0x5e, 0x79, 0x5e, 0x59, 0x5e, 0x7a, 0x5e, 0x59, 0x56,
    0x59, 0x5e, 0x5a, 0x5e, 0x5a, 0x56, 0x59, 0x56, 0x5a, 0x56, 0x5a, 0x56,
    0x59, 0x56, 0x5a, 0x56, 0x59, 0x4e, 0x5a, 0x56, 0x39, 0x4e, 0x59, 0x4e,
    0x39, 0x4e, 0x3a, 0x4e, 0x39, 0x56, 0x5a, 0x4e, 0x39, 0x4e, 0x3a, 0x4e,
    0x3a, 0x4e, 0x39, 0x4e, 0x3a, 0x4e, 0x3a, 0x4e, 0x39, 0x56, 0x3a, 0x4e,
    0x39, 0x4e, 0x3a, 0x4e, 0x39, 0x4e, 0x39, 0x56, 0x3a, 0x4e, 0x39, 0x4e,
    0x59, 0x56, 0x5a, 0x56, 0x39, 0x56, 0x5a, 0x56, 0x5a, 0x56, 0x39, 0x56,
    0x5a, 0x56, 0x59, 0x56, 0x59, 0x56, 0x5a, 0x56, 0x59, 0x56, 0x39, 0x56,
    0x5a, 0x56, 0x59, 0x56, 0x5a, 0x56, 0x39, 0x56, 0x59, 0x56, 0x5a, 0x56,
    0x59, 0x56, 0x5a, 0x56, 0x59, 0x56, 0x5a, 0x56, 0x5a, 0x56, 0x59, 0x56,
    0x5a, 0x56, 0x5a, 0x56, 0x5a, 0x56, 0x39, 0x56, 0x5a, 0x56, 0x59, 0x4e,
    0x59, 0x56, 0x5a, 0x56, 0x59, 0x56, 0x39, 0x56, 0x5a, 0x4e, 0x39, 0x4e,
    0x5a, 0x56, 0x39, 0x56, 0x5a, 0x56, 0x59, 0x56, 0x59, 0x56, 0x5a, 0x56,
    0x59, 0x56, 0x5a, 0x56, 0x59, 0x4e, 0x5a, 0x56, 0x5a, 0x56, 0x59, 0x56,
    0x39, 0x56, 0x5a, 0x56, 0x5a, 0x4e, 0x5a, 0x56, 0x59, 0x56, 0x5a, 0x56,
    0x5a, 0x56, 0x5a, 0x56, 0x39, 0x56, 0x59, 0x56, 0x5a, 0x4e, 0x5a, 0x56,
    0x39, 0x4e, 0x5a, 0x4e, 0x39, 0x56, 0x39, 0x4e, 0x59, 0x56, 0x5a, 0x56,
    0x59, 0x4e, 0x5a, 0x4e, 0x39, 0x56, 0x5a, 0x4e, 0x3a, 0x4e, 0x59, 0x4e,
    0x39, 0x4e, 0x3a, 0x56, 0x59, 0x56, 0x3a, 0x4e, 0x5a, 0x56, 0x39, 0x56,
    0x3a, 0x4e, 0x5a, 0x4e, 0x39, 0x4e, 0x5a, 0x56, 0x3a, 0x4e, 0x59, 0x4e,
    0x3a, 0x4e, 0x59, 0x4e, 0x39, 0x4e, 0x5a, 0x4e, 0x5a, 0x4e, 0x39, 0x4e,
    0x5a, 0x4e, 0x39, 0x4e, 0x3a, 0x4e, 0x59, 0x4e, 0x39, 0x4e, 0x5a, 0x4e,
    0x5a, 0x4e, 0x39, 0x4e, 0x39, 0x4e, 0x5a, 0x4e, 0x39, 0x4e, 0x59, 0x4e,
    0x5a, 0x4e, 0x59, 0x4e, 0x39, 0x4e, 0x3a, 0x4e, 0x39, 0x4e, 0x39, 0x4e,
    0x5a, 0x4e, 0x39, 0x4e, 0x5a, 0x4e, 0x3a, 0x4e, 0x39, 0x4e, 0x5a, 0x4e,
    0x3a, 0x4e, 0x59, 0x4e, 0x5a, 0x4e, 0x3a, 0x4e, 0x59, 0x4e, 0x5a, 0x4e,
    0x3a, 0x4e, 0x39, 0x4e, 0x5a, 0x4e, 0x3a, 0x4e, 0x59, 0x4e, 0x3a, 0x4e,
    0x5a, 0x4e, 0x59, 0x4e, 0x3a, 0x4e, 0x59, 0x4e, 0x39, 0x4e, 0x3a, 0x4e,
    0x5a, 0x4e, 0x39, 0x4e, 0x5a, 0x4e, 0x3a, 0x4e, 0x59, 0x4e, 0x5a, 0x4e,
    0x5a, 0x4e, 0x39, 0x4e, 0x5a, 0x4e, 0x39, 0x4e, 0x5a, 0x4e, 0x5a, 0x4e,
    0x39, 0x4e, 0x39, 0x4e, 0x5a, 0x4e, 0x5a, 0x4e, 0x59, 0x4e, 0x59, 0x4e,
    0x3a, 0x4e, 0x59, 0x4e, 0x5a, 0x4e, 0x39, 0x4e, 0x5a, 0x4e, 0x3a, 0x4e,
    0x59, 0x4e, 0x39, 0x4e, 0x3a, 0x4e, 0x39, 0x4e, 0x39, 0x4e, 0x5a, 0x4e,
    0x5a, 0x4e, 0x39, 0x4e, 0x5a, 0x4e, 0x3a, 0x4e, 0x59, 0x4e, 0x39, 0x4e,
    0x3a, 0x4e, 0x59, 0x4e, 0x5a, 0x4e, 0x5a, 0x4e, 0x39, 0x4e, 0x3a, 0x4e,
    0x5a, 0x4e, 0x59, 0x4e, 0x59, 0x4e, 0x3a, 0x4e, 0x39, 0x4e, 0x59, 0x4e,
    0x3a, 0x4e, 0x39, 0x4e, 0x59, 0x4e, 0x39, 0x4e, 0x39, 0x4e, 0x39, 0x4e,
    0x59, 0x4e, 0x59, 0x4e, 0x3a, 0x4e, 0x59, 0x4e, 0x59, 0x56, 0x59, 0x4e,
    0x5a, 0x4e, 0x59, 0x56, 0x59, 0x56, 0x3a, 0x56, 0x59, 0x56, 0x59, 0x4e,
    0x59, 0x56, 0x5a, 0x56, 0x5a, 0x56, 0x59, 0x56, 0x59, 0x4e, 0x59, 0x4e,
    0x3a, 0x4e, 0x5a, 0x4e, 0x39, 0x4e, 0x5a, 0x56, 0x5a, 0x4e, 0x59, 0x4e,
    0x5a, 0x56, 0x59, 0x56, 0x59, 0x4e, 0x5a, 0x56, 0x5a, 0x56, 0x39, 0x4e,
    0x5a, 0x4e, 0x39, 0x4e, 0x39, 0x56, 0x5a, 0x4e, 0x3a, 0x4e, 0x3a, 0x56,
    0x59, 0x56, 0x39, 0x4e, 0x3a, 0x4e, 0x3a, 0x56, 0x59, 0x4e, 0x59, 0x4e,
    0x3a, 0x56, 0x59, 0x4e, 0x39, 0x4e, 0x5a, 0x56, 0x39, 0x56, 0x39, 0x4e,
    0x3a, 0x56, 0x3a, 0x4e, 0x39, 0x4e, 0x39, 0x4e, 0x3a, 0x4e, 0x3a, 0x4e,
    0x5a, 0x56, 0x59, 0x56, 0x39, 0x4e, 0x59, 0x56, 0x5a, 0x56, 0x59, 0x4e,
    0x39, 0x56, 0x5a, 0x56, 0x39, 0x56, 0x5a, 0x56, 0x5a, 0x56, 0x59, 0x56,
    0x59, 0x56, 0x5a, 0x56, 0x5a, 0x56, 0x59, 0x56, 0x5a, 0x56, 0x59, 0x4e,
    0x5a, 0x56, 0x5a, 0x56, 0x39, 0x56, 0x59, 0x56, 0x5a, 0x56, 0x39, 0x56,
    0x59, 0x56, 0x5a, 0x56, 0x59, 0x56, 0x5a, 0x56, 0x5a, 0x56, 0x3a, 0x56,
    0x59, 0x56, 0x5a, 0x4e, 0x59, 0x56, 0x5a, 0x56, 0x59, 0x56, 0x59, 0x56,
    0x5a, 0x56, 0x59, 0x4e, 0x5a, 0x56, 0x3a, 0x56, 0x59, 0x4e, 0x59, 0x56,
    0x5a, 0x56, 0x59, 0x4e, 0x3a, 0x56, 0x59, 0x56, 0x5a, 0x4e, 0x5a, 0x56,
    0x39, 0x56, 0x5a, 0x56, 0x59, 0x56, 0x59, 0x56, 0x39, 0x4e, 0x59, 0x56,
    0x5a, 0x56, 0x59, 0x4e, 0x5a, 0x56, 0x5a, 0x56, 0x59, 0x56, 0x59, 0x56,
    0x5a, 0x56, 0x5a, 0x56, 0x39, 0x4e, 0x5a, 0x56, 0x3a, 0x4e, 0x59, 0x56,
    0x59, 0x4e, 0x5a, 0x56, 0x39, 0x56, 0x5a, 0x56, 0x59, 0x4e, 0x59, 0x56,
    0x5a, 0x56, 0x5a, 0x4e, 0x59, 0x4e, 0x39, 0x4e, 0x59, 0x56, 0x5a, 0x4e,
    0x5a, 0x56, 0x59, 0x4e, 0x59, 0x4e, 0x39, 0x4e, 0x5a, 0x4e, 0x5a, 0x56,
    0x59, 0x56, 0x3a, 0x4e, 0x59, 0x56, 0x39, 0x56, 0x39, 0x4e, 0x5a, 0x56,
    0x39, 0x4e, 0x59, 0x4e, 0x5a, 0x56, 0x59, 0x4e, 0x39, 0x4e, 0x3a, 0x4e,
    0x5a, 0x56, 0x39, 0x4e, 0x5a, 0x4e, 0x3a, 0x4e, 0x59, 0x4e, 0x5a, 0x4e,
    0x39, 0x4e, 0x5a, 0x4e, 0x59, 0x4e, 0x5a, 0x4e, 0x5a, 0x4e, 0x39, 0x4e,
    0x5a, 0x4e, 0x39, 0x4e, 0x59, 0x4e, 0x39, 0x4e, 0x5a, 0x4e, 0x39, 0x4e,
    0x39, 0x4e, 0x5a, 0x4e, 0x59, 0x4e, 0x39, 0x4e, 0x39, 0x4e, 0x5a, 0x4e,
    0x59, 0x4e, 0x39, 0x4e, 0x59, 0x4e, 0x5a, 0x4e, 0x59, 0x4e, 0x39, 0x4e,
    0x5a, 0x4e, 0x39, 0x4e, 0x5a, 0x4e, 0x3a, 0x4e, 0x59, 0x4e, 0x39, 0x4e,
    0x5a, 0x4e, 0x59, 0x4e, 0x3a, 0x4e, 0x59, 0x4e, 0x39, 0x4e, 0x3a, 0x4e,
    0x59, 0x4e, 0x3a, 0x4e, 0x39, 0x4e, 0x59, 0x4e, 0x3a, 0x4e, 0x5a, 0x4e,
    0x39, 0x4e, 0x39, 0x4e, 0x5a, 0x4e, 0x59, 0x4e, 0x39, 0x4e, 0x3a, 0x4e,
    0x59, 0x4e, 0x39, 0x4e, 0x39, 0x4e, 0x5a, 0x4e, 0x59, 0x4e, 0x3a, 0x4e,
    0x59, 0x4e, 0x5a, 0x4e, 0x59, 0x4e, 0x5a, 0x4e, 0x3a, 0x4e, 0x59, 0x4e,
    0x59, 0x4e, 0x39, 0x4e, 0x5a, 0x4e, 0x59, 0x4e, 0x39, 0x4e, 0x5a, 0x4e,
    0x5a, 0x4e, 0x59, 0x4e, 0x39, 0x4e, 0x5a, 0x4e, 0x59, 0x4e, 0x5a, 0x4e,
    0x39, 0x4e, 0x59, 0x4e, 0x5a, 0x4e, 0x39, 0x4e, 0x39, 0x4e, 0x5a, 0x4e,
    0x59, 0x4e, 0x3a, 0x4e, 0x59, 0x4e, 0x5a, 0x4e, 0x3a, 0x56, 0x5a, 0x56,
    0x3a, 0x4e, 0x59, 0x56, 0x3a, 0x4e, 0x59, 0x56, 0x5a, 0x4e, 0x5a, 0x4e,
    0x39, 0x4e, 0x3a, 0x4e, 0x5a, 0x4e, 0x59, 0x56, 0x3a, 0x4e, 0x5a, 0x56,
    0x59, 0x56, 0x39, 0x4e, 0x5a, 0x56, 0x5a, 0x56, 0x5a, 0x56, 0x5a, 0x56,
    0x59, 0x56, 0x59, 0x4e, 0x5a, 0x56, 0x39, 0x56, 0x39, 0x56, 0x5a, 0x56,
    0x3a, 0x4e, 0x39, 0x4e, 0x5a, 0x56, 0x39, 0x56, 0x39, 0x4e, 0x5a, 0x56,
    0x39, 0x4e, 0x5a, 0x4e, 0x3a, 0x56, 0x39, 0x4e, 0x5a, 0x56, 0x59, 0x56,
    0x39, 0x4e, 0x3a, 0x4e, 0x5a, 0x56, 0x39, 0x4e, 0x5a, 0x56, 0x3a, 0x56,
    0x39, 0x4e, 0x3a, 0x56, 0x59, 0x4e, 0x3a, 0x4e, 0x3a, 0x4e, 0x59, 0x4e,
    0x39, 0x4e, 0x39, 0x4e, 0x3a, 0x56, 0x39, 0x4e, 0x39, 0x4e, 0x39, 0x56,
    0xf0, 0x5d, 0x37, 0x56, 0x5a, 0x56, 0x5a, 0x56, 0x5a, 0x56, 0x59, 0x56,
    0x5a, 0x56, 0x5a, 0x56, 0x59, 0x4e, 0x59, 0x56, 0x5a, 0x56, 0x5a, 0x56,
    0x5a, 0x56, 0x5a, 0x56, 0x59, 0x56, 0x5a, 0x56, 0x5a, 0x56, 0x39, 0x56,
    0x5a, 0x56, 0x59, 0x56, 0x5a, 0x56, 0x5a, 0x56, 0x5a, 0x56, 0x59, 0x56,
    0x39, 0x56, 0x5a, 0x56, 0x39, 0x56, 0x59, 0x56, 0x5a, 0x56, 0x3a, 0x56,
    0x59, 0x56, 0x3a, 0x56, 0x5a, 0x56, 0x59, 0x56, 0x3a, 0x56, 0x5a, 0x56,
    0x59, 0x56, 0x5a, 0x56, 0x59, 0x56, 0x59, 0x4e, 0x3a, 0x4e, 0x5a, 0x56,
    0x39, 0x56, 0x5a, 0x56, 0x59, 0x56, 0x59, 0x56, 0x5a, 0x56, 0x59, 0x56,
    0x5a, 0x56, 0x5a, 0x56, 0x59, 0x56, 0x5a, 0x4e, 0x5a, 0x56, 0x59, 0x56,
    0x39, 0x4e, 0x5a, 0x56, 0x39, 0x4e, 0x5a, 0x56, 0x59, 0x56, 0x39, 0x4e,
    0x5a, 0x56, 0x59, 0x56, 0x59, 0x56, 0x5a, 0x56, 0x5a, 0x56, 0x5a, 0x4e,
    0x59, 0x56, 0x5a, 0x4e, 0x5a, 0x56, 0x59, 0x56, 0x3a, 0x4e, 0x5a, 0x56,
    0x59, 0x56, 0x5a, 0x4e, 0x5a, 0x56, 0x59, 0x56, 0x3a, 0x4e, 0x39, 0x4e,
    0x59, 0x56, 0x3a, 0x56, 0x5a, 0x4e, 0x59, 0x56, 0x59, 0x4e, 0x5a, 0x4e,
    0x59, 0x56, 0x3a, 0x4e, 0x5a, 0x4e, 0x59, 0x4e, 0x5a, 0x56, 0x59, 0x4e,
    0x5a, 0x56, 0x5a, 0x4e, 0x39, 0x56, 0x5a, 0x56, 0x5a, 0x4e, 0x39, 0x56,
    0x5a, 0x4e, 0x59, 0x4e, 0x59, 0x4e, 0x5a, 0x56, 0x5a, 0x4e, 0x5a, 0x56,
    0x5a, 0x4e, 0x39, 0x4e, 0x3a, 0x4e, 0x59, 0x56, 0x5a, 0x4e, 0x39, 0x4e,
    0x5a, 0x4e, 0x59, 0x4e, 0x39, 0x4e, 0x5a, 0x4e, 0x5a, 0x4e, 0x59, 0x4e,
    0x59, 0x4e, 0x5a, 0x4e, 0x5a, 0x4e, 0x39, 0x4e, 0x5a, 0x4e, 0x5a, 0x4e,
    0x39, 0x4e, 0x5a, 0x4e, 0x5a, 0x4e, 0x59, 0x4e, 0x3a, 0x4e, 0x59, 0x4e,
    0x59, 0x4e, 0x5a, 0x4e, 0x59, 0x4e, 0x59, 0x4e, 0x5a, 0x4e, 0x5a, 0x4e,
    0x59, 0x4e, 0x3a, 0x4e, 0x59, 0x4e, 0x5a, 0x4e, 0x5a, 0x4e, 0x39, 0x4e,
    0x59, 0x4e, 0x5a, 0x4e, 0x3a, 0x4e, 0x59, 0x4e, 0x39, 0x4e, 0x5a, 0x4e,
    0x59, 0x4e, 0x39, 0x4e, 0x5a, 0x4e, 0x5a, 0x4e, 0x5a, 0x4e, 0x39, 0x4e,
    0x5a, 0x4e, 0x5a, 0x4e, 0x59, 0x4e, 0x39, 0x4e, 0x5a, 0x4e, 0x39, 0x4e,
    0x3a, 0x4e, 0x59, 0x4e, 0x39, 0x4e, 0x5a, 0x4e, 0x39, 0x4e, 0x3a, 0x4e,
    0x59, 0x4e, 0x39, 0x4e, 0x3a, 0x4e, 0x5a, 0x4e, 0x39, 0x4e, 0x39, 0x4e,
    0x5a, 0x4e, 0x39, 0x4e, 0x59, 0x4e, 0x3a, 0x4e, 0x39, 0x4e, 0x59, 0x4e,
    0x39, 0x4e, 0x3a, 0x4e, 0x5a, 0x4e, 0x5a, 0x4e, 0x39, 0x4e, 0x5a, 0x4e,
    0x59, 0x4e, 0x5a, 0x56, 0x3a, 0x4e, 0x59, 0x4e, 0x59, 0x56, 0x5a, 0x56,
    0x59, 0x4e, 0x5a, 0x56, 0x59, 0x56, 0x5a, 0x56, 0x59, 0x56, 0x39, 0x4e,
    0x5a, 0x56, 0x59, 0x56, 0x39, 0x4e, 0x5a, 0x4e, 0x59, 0x56, 0x5a, 0x4e,
    0x5a, 0x56, 0x59, 0x4e, 0x59, 0x4e, 0x5a, 0x56, 0x39, 0x4e, 0x59, 0x56,
    0x5a, 0x56, 0x59, 0x56, 0x5a, 0x4e, 0x5a, 0x4e, 0x59, 0x4e, 0x59, 0x56,
    0x3a, 0x4e, 0x3a, 0x4e, 0x5a, 0x56, 0x59, 0x4e, 0x5a, 0x4e, 0x59, 0x56,
    0x5a, 0x56, 0x59, 0x56, 0x5a, 0x4e, 0x39, 0x56, 0x39, 0x4e, 0x5a, 0x4e,
    0x3a, 0x56, 0x59, 0x56, 0x59, 0x4e, 0x39, 0x56, 0x3a, 0x56, 0x39, 0x4e,
    0x5a, 0x4e, 0x5a, 0x56, 0x3a, 0x56, 0x39, 0x4e, 0x3a, 0x56, 0x39, 0x4e,
    0x3a, 0x4e, 0x39, 0x4e, 0x3a, 0x56, 0x3a, 0x4e, 0x39, 0x4e, 0x3a, 0x4e,
    0x65, 0x6d, 0x64, 0x75, 0xac, 0x65, 0x5a, 0x56, 0x5a, 0x56, 0x5a, 0x56,
    0x5a, 0x56, 0x5b, 0x56, 0x39, 0x56, 0x3a, 0x56, 0x5a, 0x56, 0x59, 0x56,
    0x5a, 0x56, 0x59, 0x56, 0x59, 0x56, 0x5a, 0x56, 0x39, 0x56, 0x59, 0x56,
    0x5a, 0x56, 0x59, 0x56, 0x59, 0x56, 0x5a, 0x56, 0x59, 0x56, 0x5a, 0x56,
    0x5a, 0x56, 0x59, 0x56, 0x5a, 0x56, 0x59, 0x56, 0x5a, 0x56, 0x59, 0x56,
    0x59, 0x56, 0x5a, 0x56, 0x59, 0x56, 0x59, 0x56, 0x3a, 0x56, 0x59, 0x56,
    0x59, 0x56, 0x59, 0x56, 0x5a, 0x56, 0x5a, 0x56, 0x5a, 0x56, 0x59, 0x56,
    0x59, 0x56, 0x5a, 0x56, 0x5a, 0x56, 0x59, 0x56, 0x5a, 0x56, 0x59, 0x56,
    0x59, 0x56, 0x59, 0x56, 0x5a, 0x56, 0x59, 0x56, 0x5a, 0x56, 0x5a, 0x56,
    0x59, 0x56, 0x5a, 0x56, 0x59, 0x56, 0x5a, 0x56, 0x5a, 0x4e, 0x59, 0x56,
    0x5a, 0x56, 0x59, 0x4e, 0x59, 0x56, 0x59, 0x4e, 0x59, 0x56, 0x3a, 0x56,
    0x59, 0x4e, 0x59, 0x56, 0x5a, 0x4e, 0x59, 0x56, 0x5a, 0x4e, 0x39, 0x56,
    0x59, 0x56, 0x3a, 0x4e, 0x59, 0x56, 0x5a, 0x56, 0x5a, 0x56, 0x59, 0x4e,
    0x5a, 0x56, 0x5a, 0x4e, 0x59, 0x56, 0x5a, 0x4e, 0x5a, 0x56, 0x39, 0x4e,
    0x59, 0x4e, 0x5a, 0x56, 0x5a, 0x56, 0x59, 0x4e, 0x5a, 0x4e, 0x59, 0x4e,
    0x59, 0x4e, 0x5a, 0x56, 0x59, 0x4e, 0x59, 0x4e, 0x5a, 0x4e, 0x59, 0x56,
    0x59, 0x56, 0x39, 0x4e, 0x3a, 0x56, 0x59, 0x4e, 0x59, 0x56, 0x39, 0x4e,
    0x59, 0x56, 0x5a, 0x56, 0x59, 0x4e, 0x39, 0x56, 0x5a, 0x56, 0x39, 0x4e,
    0x5a, 0x56, 0x5a, 0x4e, 0x5a, 0x56, 0x59, 0x4e, 0x5a, 0x4e, 0x5a, 0x56,
    0x59, 0x4e, 0x5a, 0x4e, 0x59, 0x56, 0x5a, 0x4e, 0x5a, 0x4e, 0x59, 0x4e,
    0x39, 0x4e, 0x5a, 0x4e, 0x59, 0x4e, 0x3a, 0x4e, 0x3a, 0x4e, 0x59, 0x4e,
    0x5a, 0x4e, 0x5a, 0x4e, 0x59, 0x4e, 0x59, 0x4e, 0x3a, 0x4e, 0x59, 0x4e,
    0x59, 0x4e, 0x5a, 0x4e, 0x59, 0x4e, 0x59, 0x4e, 0x5a, 0x4e, 0x59, 0x4e,
    0x59, 0x4e, 0x5a, 0x4e, 0x3a, 0x4e, 0x59, 0x4e, 0x59, 0x4e, 0x5a, 0x4e,
    0x3a, 0x4e, 0x59, 0x4e, 0x59, 0x4e, 0x5a, 0x4e, 0x39, 0x4e, 0x39, 0x4e,
    0x5a, 0x4e, 0x39, 0x4e, 0x39, 0x4e, 0x5a, 0x4e, 0x39, 0x4e, 0x59, 0x4e,
    0x59, 0x4e, 0x5a, 0x4e, 0x5a, 0x4e, 0x59, 0x4e, 0x59, 0x4e, 0x5a, 0x4e,
    0x5a, 0x4e, 0x59, 0x56, 0x5a, 0x4e, 0x5a, 0x4e, 0x59, 0x56, 0x39, 0x4e,
    0x3a, 0x4e, 0x5a, 0x56, 0x59, 0x4e, 0x5a, 0x56, 0x5a, 0x4e, 0x5a, 0x56,
    0x5a, 0x4e, 0x59, 0x4e, 0x39, 0x4e, 0x5a, 0x4e, 0x39, 0x4e, 0x59, 0x56,
    0x3a, 0x4e, 0x59, 0x4e, 0x39, 0x56, 0x5a, 0x4e, 0x59, 0x4e, 0x59, 0x4e,
    0x5a, 0x56, 0x59, 0x4e, 0x5a, 0x4e, 0x39, 0x4e, 0x5a, 0x56, 0x59, 0x56,
    0x5a, 0x4e, 0x59, 0x56, 0x59, 0x56, 0x59, 0x56, 0x59, 0x4e, 0x3a, 0x56,
    0x5a, 0x56, 0x59, 0x56, 0x5a, 0x56, 0x59, 0x4e, 0x59, 0x56, 0x3a, 0x4e,
    0x5a, 0x56, 0x39, 0x56, 0x5a, 0x56, 0x5a, 0x56, 0x59, 0x56, 0x59, 0x4e,
    0x39, 0x56, 0x59, 0x56, 0x5a, 0x4e, 0x59, 0x56, 0x3a, 0x56, 0x39, 0x4e,
    0x5a, 0x56, 0x59, 0x56, 0x39, 0x4e, 0x5a, 0x56, 0x5a, 0x56, 0x39, 0x56,
    0x5a, 0x56, 0x3a, 0x4e, 0x59, 0x4e, 0x39, 0x56, 0x5a, 0x4e, 0x39, 0x4e,
    0x59, 0x56, 0x59, 0x4e, 0x39, 0x4e, 0x5a, 0x56, 0x59, 0x4e, 0x5a, 0x56,
    0x5a, 0x56, 0x39, 0x4e, 0x59, 0x4e, 0x3a, 0x4e, 0x39, 0x4e, 0x3a, 0x4e,
    0x65, 0x6d, 0x65, 0x6d, 0x85, 0x75, 0xcb, 0x6d, 0x87, 0x6d, 0x65, 0x6d,
    0x65, 0x6d, 0x89, 0x6d, 0x35, 0x5e, 0x5a, 0x56, 0x59, 0x56, 0x5a, 0x56,
    0x59, 0x56, 0x59, 0x56, 0x5a, 0x56, 0x5a, 0x56, 0x59, 0x56, 0x5a, 0x56,
    0x5a, 0x56, 0x5a, 0x56, 0x39, 0x56, 0x5a, 0x56, 0x59, 0x56, 0x5a, 0x56,
    0x5a, 0x56, 0x59, 0x56, 0x5a, 0x56, 0x5a, 0x56, 0x59, 0x56, 0x5a, 0x56,
    0x5a, 0x56, 0x59, 0x56, 0x5a, 0x56, 0x59, 0x56, 0x59, 0x56, 0x5a, 0x56,
    0x5a, 0x56, 0x5a, 0x56, 0x59, 0x56, 0x5a, 0x56, 0x59, 0x56, 0x59, 0x56,
    0x5a, 0x56, 0x59, 0x56, 0x5a, 0x56, 0x5a, 0x56, 0x59, 0x56, 0x5a, 0x56,
    0x5a, 0x56, 0x59, 0x56, 0x5a, 0x56, 0x5a, 0x56, 0x59, 0x56, 0x59, 0x56,
    0x5a, 0x56, 0x59, 0x56, 0x59, 0x56, 0x5a, 0x56, 0x59, 0x56, 0x5a, 0x56,
    0x59, 0x56, 0x5a, 0x56, 0x5a, 0x56, 0x5a, 0x56, 0x39, 0x56, 0x5a, 0x56,
    0x5a, 0x56, 0x39, 0x4e, 0x39, 0x56, 0x5a, 0x56, 0x59, 0x56, 0x5a, 0x4e,
    0x5a, 0x56, 0x59, 0x56, 0x5a, 0x56, 0x5a, 0x4e, 0x59, 0x56, 0x59, 0x4e,
    0x5a, 0x4e, 0x3a, 0x56, 0x59, 0x56, 0x5a, 0x56, 0x59, 0x4e, 0x5a, 0x56,
    0x59, 0x56, 0x59, 0x4e, 0x3a, 0x56, 0x39, 0x56, 0x5a, 0x56, 0x3a, 0x56,
    0x59, 0x56, 0x5a, 0x4e, 0x59, 0x56, 0x3a, 0x56, 0x59, 0x4e, 0x5a, 0x56,
    0x5a, 0x4e, 0x5a, 0x56, 0x59, 0x4e, 0x59, 0x4e, 0x5a, 0x4e, 0x5a, 0x4e,
    0x59, 0x56, 0x5a, 0x56, 0x3a, 0x4e, 0x59, 0x4e, 0x59, 0x4e, 0x5a, 0x56,
    0x59, 0x4e, 0x59, 0x4e, 0x3a, 0x56, 0x59, 0x56, 0x59, 0x4e, 0x3a, 0x4e,
    0x39, 0x56, 0x59, 0x4e, 0x3a, 0x56, 0x59, 0x4e, 0x59, 0x4e, 0x39, 0x56,
    0x5a, 0x56, 0x5a, 0x4e, 0x59, 0x4e, 0x5a, 0x56, 0x59, 0x4e, 0x59, 0x56,
    0x3a, 0x56, 0x3a, 0x4e, 0x59, 0x4e, 0x5a, 0x56, 0x39, 0x4e, 0x5a, 0x56,
    0x5a, 0x56, 0x59, 0x56, 0x3a, 0x4e, 0x59, 0x56, 0x5a, 0x56, 0x3a, 0x4e,
    0x59, 0x4e, 0x59, 0x56, 0x5a, 0x4e, 0x5a, 0x56, 0x5a, 0x4e, 0x39, 0x4e,
    0x5a, 0x56, 0x5a, 0x4e, 0x59, 0x4e, 0x39, 0x4e, 0x5a, 0x56, 0x59, 0x4e,
    0x5a, 0x4e, 0x59, 0x4e, 0x5a, 0x56, 0x5a, 0x4e, 0x5a, 0x56, 0x59, 0x4e,
    0x5a, 0x4e, 0x3a, 0x4e, 0x59, 0x56, 0x5a, 0x56, 0x5a, 0x4e, 0x59, 0x56,
    0x5a, 0x4e, 0x59, 0x4e, 0x59, 0x4e, 0x39, 0x4e, 0x5a, 0x56, 0x5a, 0x4e,
    0x59, 0x56, 0x39, 0x4e, 0x5a, 0x4e, 0x59, 0x56, 0x59, 0x4e, 0x59, 0x56,
    0x5a, 0x56, 0x59, 0x4e, 0x59, 0x56, 0x5a, 0x56, 0x5a, 0x4e, 0x59, 0x56,
    0x5a, 0x56, 0x59, 0x56, 0x59, 0x56, 0x5a, 0x56, 0x3a, 0x4e, 0x3a, 0x56,
    0x59, 0x56, 0x5a, 0x56, 0x59, 0x56, 0x5a, 0x4e, 0x59, 0x56, 0x59, 0x4e,
    0x5a, 0x56, 0x3a, 0x56, 0x5a, 0x4e, 0x5a, 0x56, 0x59, 0x56, 0x59, 0x4e,
    0x39, 0x56, 0x5a, 0x56, 0x5a, 0x56, 0x3a, 0x56, 0x5a, 0x56, 0x39, 0x4e,
    0x59, 0x56, 0x5a, 0x56, 0x59, 0x4e, 0x39, 0x56, 0x5a, 0x56, 0x5a, 0x56,
    0x5a, 0x56, 0x59, 0x56, 0x59, 0x56, 0x3a, 0x4e, 0x59, 0x56, 0x5a, 0x4e,
    0x5a, 0x56, 0x59, 0x56, 0x3a, 0x4e, 0x3a, 0x56, 0x59, 0x56, 0x59, 0x56,
    0x59, 0x4e, 0x3a, 0x4e, 0x3a, 0x56, 0x5a, 0x56, 0x59, 0x56, 0x5a, 0x4e,
    0x3a, 0x56, 0x39, 0x4e, 0x59, 0x56, 0x3a, 0x56, 0x39, 0x4e, 0x39, 0x56,
    0x39, 0x4e, 0x5a, 0x56, 0x5a, 0x56, 0x39, 0x56, 0x39, 0x56, 0x39, 0x4e,
    0x85, 0x75, 0x65, 0x6d, 0x65, 0x75, 0x65, 0x6d, 0x65, 0x75, 0x85, 0x75,
    0x65, 0x6d, 0x85, 0x6d, 0x64, 0x75, 0xcd, 0x65, 0x5a, 0x56, 0x5a, 0x56,
    0x5a, 0x56, 0x59, 0x56, 0x5a, 0x56, 0x59, 0x56, 0x5a, 0x56, 0x59, 0x56,
    0x5a, 0x56, 0x5a, 0x56, 0x59, 0x56, 0x5a, 0x56, 0x5a, 0x56, 0x59, 0x56,
    0x59, 0x56, 0x5a, 0x56, 0x59, 0x56, 0x59, 0x56, 0x5a, 0x56, 0x5a, 0x56,
    0x59, 0x56, 0x5a, 0x56, 0x5a, 0x56, 0x5a, 0x56, 0x59, 0x56, 0x5a, 0x56,
    0x59, 0x56, 0x59, 0x56, 0x5a, 0x56, 0x59, 0x56, 0x5a, 0x56, 0x5a, 0x56,
    0x59, 0x56, 0x59, 0x56, 0x5a, 0x56, 0x59, 0x56, 0x59, 0x56, 0x7a, 0x56,
    0x79, 0x66, 0x99, 0x6e, 0xba, 0x76, 0xd9, 0x7e, 0xda, 0x86, 0xda, 0x86,
    0xda, 0x7e, 0xba, 0x76, 0x9a, 0x6e, 0x79, 0x5e, 0x5a, 0x56, 0x59, 0x56,
    0x5a, 0x56, 0x59, 0x56, 0x5a, 0x56, 0x59, 0x56, 0x5a, 0x56, 0x59, 0x56,
    0x5a, 0x56, 0x5a, 0x56, 0x59, 0x56, 0x5a, 0x56, 0x5a, 0x56, 0x59, 0x56,
    0x5a, 0x56, 0x59, 0x56, 0x59, 0x4e, 0x5a, 0x56, 0x59, 0x56, 0x5a, 0x56,
    0x59, 0x56, 0x59, 0x56, 0x5a, 0x4e, 0x59, 0x56, 0x59, 0x4e, 0x5a, 0x56,
    0x5a, 0x56, 0x59, 0x4e, 0x5a, 0x4e, 0x59, 0x56, 0x59, 0x4e, 0x5a, 0x56,
    0x59, 0x56, 0x59, 0x4e, 0x5a, 0x56, 0x59, 0x56, 0x5a, 0x4e, 0x39, 0x4e,
    0x59, 0x56, 0x5a, 0x56, 0x59, 0x56, 0x3a, 0x56, 0x5a, 0x56, 0x59, 0x4e,
    0x59, 0x4e, 0x5a, 0x56, 0x5a, 0x4e, 0x59, 0x56, 0x5a, 0x56, 0x5a, 0x4e,
    0x59, 0x56, 0x59, 0x4e, 0x5a, 0x56, 0x59, 0x4e, 0x5a, 0x56, 0x59, 0x56,
    0x59, 0x4e, 0x5a, 0x4e, 0x5a, 0x4e, 0x59, 0x56, 0x59, 0x4e, 0x5a, 0x4e,
    0x5a, 0x56, 0x59, 0x4e, 0x59, 0x56, 0x5a, 0x4e, 0x59, 0x56, 0x5a, 0x4e,
    0x59, 0x4e, 0x59, 0x56, 0x5a, 0x4e, 0x5a, 0x4e, 0x59, 0x56, 0x59, 0x4e,
    0x5a, 0x4e, 0x59, 0x4e, 0x5a, 0x4e, 0x59, 0x4e, 0x39, 0x56, 0x5a, 0x4e,
    0x5a, 0x56, 0x59, 0x56, 0x59, 0x4e, 0x5a, 0x56, 0x59, 0x56, 0x59, 0x4e,
    0x5a, 0x56, 0x59, 0x56, 0x5a, 0x56, 0x5a, 0x4e, 0x59, 0x56, 0x5a, 0x56,
    0x59, 0x4e, 0x59, 0x56, 0x5a, 0x4e, 0x59, 0x4e, 0x5a, 0x56, 0x59, 0x56,
    0x5a, 0x56, 0x59, 0x56, 0x39, 0x4e, 0x5a, 0x4e, 0x39, 0x56, 0x59, 0x4e,
    0x3a, 0x56, 0x5a, 0x56, 0x59, 0x4e, 0x59, 0x56, 0x5a, 0x4e, 0x59, 0x56,
    0x59, 0x4e, 0x5a, 0x56, 0x59, 0x4e, 0x59, 0x4e, 0x3a, 0x56, 0x39, 0x4e,
    0x5a, 0x4e, 0x5a, 0x56, 0x59, 0x56, 0x5a, 0x4e, 0x59, 0x56, 0x5a, 0x4e,
    0x5a, 0x4e, 0x39, 0x56, 0x5a, 0x4e, 0x59, 0x56, 0x59, 0x56, 0x5a, 0x56,
    0x59, 0x4e, 0x5a, 0x56, 0x59, 0x56, 0x5a, 0x56, 0x3a, 0x56, 0x59, 0x56,
    0x5a, 0x4e, 0x59, 0x56, 0x5a, 0x56, 0x5a, 0x56, 0x5a, 0x56, 0x59, 0x4e,
    0x5a, 0x56, 0x59, 0x4e, 0x59, 0x56, 0x59, 0x56, 0x5a, 0x56, 0x5a, 0x56,
    0x59, 0x56, 0x5a, 0x4e, 0x59, 0x56, 0x5a, 0x4e, 0x59, 0x56, 0x5a, 0x4e,
    0x5a, 0x4e, 0x59, 0x56, 0x5a, 0x56, 0x5a, 0x56, 0x59, 0x4e, 0x59, 0x56,
    0x5a, 0x56, 0x59, 0x56, 0x59, 0x56, 0x5a, 0x4e, 0x59, 0x56, 0x5a, 0x4e,
    0x59, 0x56, 0x59, 0x56, 0x5a, 0x56, 0x59, 0x4e, 0x59, 0x56, 0x3a, 0x56,
    0x3a, 0x4e, 0x5a, 0x56, 0x5a, 0x4e, 0x5a, 0x56, 0x39, 0x4e, 0x5a, 0x56,
    0x5a, 0x56, 0x39, 0x4e, 0x39, 0x4e, 0x5a, 0x56, 0x39, 0x56, 0x5a, 0x4e,
    0x65, 0x75, 0x65, 0x6d, 0x65, 0x6d, 0x65, 0x75, 0x65, 0x6d, 0x85, 0x75,
    0x65, 0x75, 0x65, 0x75, 0x65, 0x6d, 0x64, 0x6d, 0xf1, 0x5d, 0x5a, 0x56,
    0x5a, 0x56, 0x59, 0x56, 0x59, 0x56, 0x5a, 0x56, 0x59, 0x56, 0x59, 0x56,
    0x5a, 0x56, 0x59, 0x56, 0x59, 0x56, 0x5a, 0x56, 0x59, 0x56, 0x59, 0x56,
    0x5a, 0x56, 0x59, 0x56, 0x5a, 0x56, 0x59, 0x56, 0x59, 0x56, 0x7a, 0x56,
    0x59, 0x56, 0x59, 0x56, 0x59, 0x56, 0x5a, 0x56, 0x59, 0x56, 0x59, 0x56,
    0x5a, 0x56, 0x59, 0x56, 0x5a, 0x56, 0x59, 0x56, 0x59, 0x56, 0x5a, 0x56,
    0x5a, 0x56, 0x59, 0x56, 0x7a, 0x56, 0x5a, 0x56, 0x7a, 0x66, 0xb9, 0x76,
    0xda, 0x7e, 0xda, 0x86, 0xfa, 0x86, 0xfa, 0x86, 0xf9, 0x8e, 0xfa, 0x8e,
    0xf9, 0x86, 0xfa, 0x8e, 0xfa, 0x8e, 0xfa, 0x86, 0xda, 0x7e, 0x7a, 0x5e,
    0x5a, 0x56, 0x59, 0x56, 0x59, 0x56, 0x5a, 0x56, 0x59, 0x56, 0x59, 0x56,
    0x59, 0x56, 0x5a, 0x56, 0x59, 0x56, 0x5a, 0x56, 0x59, 0x4e, 0x5a, 0x56,
    0x59, 0x56, 0x59, 0x56, 0x5a, 0x56, 0x5a, 0x56, 0x5a, 0x56, 0x5a, 0x56,
    0x5a, 0x56, 0x59, 0x56, 0x5a, 0x56, 0x5a, 0x4e, 0x59, 0x56, 0x5a, 0x56,
    0x59, 0x56, 0x5a, 0x56, 0x5a, 0x56, 0x59, 0x56, 0x5a, 0x4e, 0x5a, 0x4e,
    0x5a, 0x56, 0x59, 0x56, 0x5a, 0x4e, 0x59, 0x56, 0x5a, 0x56, 0x59, 0x4e,
    0x59, 0x56, 0x5a, 0x4e, 0x59, 0x56, 0x59, 0x4e, 0x5a, 0x56, 0x59, 0x56,
    0x59, 0x56, 0x5a, 0x56, 0x59, 0x56, 0x59, 0x4e, 0x59, 0x56, 0x3a, 0x56,
    0x5a, 0x56, 0x59, 0x56, 0x5a, 0x4e, 0x5a, 0x4e, 0x59, 0x56, 0x5a, 0x56,
    0x5a, 0x4e, 0x59, 0x4e, 0x5a, 0x56, 0x5a, 0x56, 0x59, 0x4e, 0x5a, 0x56,
    0x59, 0x4e, 0x59, 0x56, 0x5a, 0x56, 0x5a, 0x4e, 0x59, 0x56, 0x5a, 0x56,
    0x5a, 0x4e, 0x59, 0x56, 0x59, 0x4e, 0x5a, 0x4e, 0x59, 0x56, 0x5a, 0x4e,
    0x59, 0x56, 0x5a, 0x4e, 0x5a, 0x56, 0x59, 0x56, 0x59, 0x4e, 0x5a, 0x56,
    0x5a, 0x4e, 0x59, 0x4e, 0x5a, 0x56, 0x59, 0x56, 0x39, 0x4e, 0x5a, 0x56,
    0x59, 0x56, 0x59, 0x4e, 0x5a, 0x56, 0x59, 0x4e, 0x59, 0x4e, 0x3a, 0x4e,
    0x5a, 0x56, 0x59, 0x56, 0x59, 0x4e, 0x5a, 0x56, 0x39, 0x4e, 0x59, 0x4e,
    0x5a, 0x4e, 0x59, 0x56, 0x5a, 0x4e, 0x59, 0x56, 0x5a, 0x4e, 0x59, 0x4e,
    0x59, 0x56, 0x5a, 0x56, 0x5a, 0x4e, 0x59, 0x56, 0x3a, 0x56, 0x5a, 0x4e,
    0x59, 0x56, 0x5a, 0x56, 0x5a, 0x56, 0x59, 0x4e, 0x5a, 0x56, 0x5a, 0x56,
    0x59, 0x4e, 0x59, 0x4e, 0x5a, 0x56, 0x59, 0x4e, 0x39, 0x56, 0x5a, 0x56,
    0x59, 0x4e, 0x5a, 0x56, 0x5a, 0x56, 0x59, 0x4e, 0x5a, 0x56, 0x59, 0x4e,
    0x5a, 0x4e, 0x59, 0x56, 0x5a, 0x56, 0x59, 0x4e, 0x5a, 0x56, 0x59, 0x56,
    0x59, 0x56, 0x59, 0x56, 0x5a, 0x56, 0x59, 0x56, 0x59, 0x4e, 0x5a, 0x56,
    0x5a, 0x56, 0x59, 0x56, 0x5a, 0x56, 0x59, 0x56, 0x59, 0x56, 0x5a, 0x56,
    0x5a, 0x56, 0x59, 0x56, 0x59, 0x56, 0x5a, 0x56, 0x5a, 0x56, 0x59, 0x56,
    0x59, 0x56, 0x5a, 0x56, 0x39, 0x56, 0x5a, 0x56, 0x59, 0x56, 0x3a, 0x56,
    0x5a, 0x4e, 0x59, 0x56, 0x5a, 0x56, 0x59, 0x56, 0x5a, 0x56, 0x5a, 0x56,
    0x5a, 0x56, 0x5a, 0x56, 0x59, 0x4e, 0x5a, 0x56, 0x59, 0x4e, 0x59, 0x56,
    0x39, 0x56, 0x59, 0x56, 0x5a, 0x56, 0x59, 0x4e, 0x39, 0x56, 0x5a, 0x56,
    0x59, 0x56, 0x3a, 0x4e, 0x59, 0x56, 0x5a, 0x56, 0x3a, 0x4e, 0x59, 0x4e,
    0x65, 0x6d, 0x64, 0x6d, 0x65, 0x6d, 0x65, 0x6d, 0x64, 0x75, 0x65, 0x6d,
    0x65, 0x75, 0x65, 0x75, 0x85, 0x75, 0x85, 0x6d, 0x65, 0x6d, 0x59, 0x56,
    0x59, 0x56, 0x59, 0x56, 0x5a, 0x56, 0x5a, 0x56, 0x59, 0x5e, 0x5a, 0x56,
    0x5a, 0x56, 0x7a, 0x5e, 0x59, 0x56, 0x7a, 0x56, 0x7a, 0x56, 0x5a, 0x56,
    0x5a, 0x5e, 0x79, 0x56, 0x5a, 0x56, 0x5a, 0x5e, 0x59, 0x56, 0x5a, 0x5e,
    0x5a, 0x56, 0x59, 0x56, 0x5a, 0x56, 0x59, 0x56, 0x5a, 0x56, 0x5a, 0x56,
    0x5a, 0x56, 0x7a, 0x56, 0x7a, 0x5e, 0x59, 0x56, 0x59, 0x56, 0x7a, 0x5e,
    0x79, 0x5e, 0x5a, 0x56, 0x79, 0x5e, 0x9a, 0x66, 0xb9, 0x76, 0xda, 0x7e,
    0xda, 0x7e, 0xf9, 0x86, 0xf9, 0x86, 0xfa, 0x8e, 0xfa, 0x8e, 0xf9, 0x8e,
    0xf9, 0x86, 0xfa, 0x8e, 0xf9, 0x8e, 0xf9, 0x8e, 0xfa, 0x8e, 0xf9, 0x86,
    0x9a, 0x6e, 0x79, 0x56, 0x5a, 0x56, 0x5a, 0x56, 0x7a, 0x56, 0x59, 0x56,
    0x5a, 0x56, 0x5a, 0x56, 0x5a, 0x56, 0x59, 0x56, 0x59, 0x56, 0x5a, 0x56,
    0x5a, 0x56, 0x59, 0x56, 0x5a, 0x56, 0x59, 0x56, 0x59, 0x56, 0x59, 0x56,
    0x5a, 0x4e, 0x59, 0x56, 0x5a, 0x56, 0x59, 0x56, 0x5a, 0x56, 0x59, 0x56,
    0x59, 0x4e, 0x59, 0x56, 0x5a, 0x56, 0x59, 0x56, 0x59, 0x56, 0x5a, 0x56,
    0x59, 0x56, 0x5a, 0x56, 0x59, 0x56, 0x5a, 0x56, 0x5a, 0x56, 0x59, 0x56,
    0x5a, 0x4e, 0x59, 0x56, 0x5a, 0x4e, 0x5a, 0x56, 0x59, 0x4e, 0x5a, 0x4e,
    0x5a, 0x56, 0x59, 0x56, 0x5a, 0x4e, 0x5a, 0x4e, 0x59, 0x56, 0x59, 0x4e,
    0x5a, 0x4e, 0x59, 0x56, 0x59, 0x4e, 0x5a, 0x4e, 0x59, 0x56, 0x5a, 0x4e,
    0x59, 0x56, 0x59, 0x56, 0x5a, 0x4e, 0x59, 0x56, 0x5a, 0x56, 0x59, 0x4e,
    0x59, 0x4e, 0x3a, 0x4e, 0x5a, 0x56, 0x59, 0x4e, 0x59, 0x4e, 0x5a, 0x4e,
    0x5a, 0x56, 0x59, 0x56, 0x5a, 0x4e, 0x59, 0x56, 0x5a, 0x56, 0x5a, 0x4e,
    0x5a, 0x56, 0x59, 0x4e, 0x59, 0x56, 0x5a, 0x4e, 0x5a, 0x4e, 0x59, 0x4e,
    0x59, 0x56, 0x5a, 0x56, 0x5a, 0x4e, 0x59, 0x4e, 0x5a, 0x56, 0x5a, 0x4e,
    0x5a, 0x4e, 0x59, 0x4e, 0x5a, 0x56, 0x5a, 0x56, 0x59, 0x4e, 0x5a, 0x56,
    0x5a, 0x4e, 0x59, 0x4e, 0x5a, 0x56, 0x5a, 0x4e, 0x59, 0x4e, 0x5a, 0x56,
    0x5a, 0x4e, 0x59, 0x4e, 0x5a, 0x56, 0x5a, 0x56, 0x59, 0x4e, 0x5a, 0x4e,
    0x59, 0x4e, 0x59, 0x4e, 0x5a, 0x56, 0x59, 0x4e, 0x59, 0x4e, 0x5a, 0x56,
    0x59, 0x4e, 0x59, 0x56, 0x5a, 0x56, 0x59, 0x4e, 0x59, 0x56, 0x59, 0x56,
    0x5a, 0x56, 0x59, 0x56, 0x5a, 0x4e, 0x5a, 0x56, 0x59, 0x56, 0x59, 0x56,
    0x59, 0x56, 0x5a, 0x56, 0x59, 0x56, 0x5a, 0x4e, 0x59, 0x56, 0x5a, 0x56,
    0x59, 0x56, 0x5a, 0x56, 0x59, 0x56, 0x5a, 0x4e, 0x59, 0x56, 0x5a, 0x56,
    0x5a, 0x4e, 0x59, 0x56, 0x5a, 0x56, 0x59, 0x4e, 0x59, 0x56, 0x5a, 0x56,
    0x59, 0x56, 0x5a, 0x56, 0x5a, 0x56, 0x5a, 0x4e, 0x59, 0x4e, 0x59, 0x56,
    0x5a, 0x56, 0x59, 0x56, 0x5a, 0x56, 0x59, 0x56, 0x59, 0x56, 0x5a, 0x56,
    0x59, 0x56, 0x59, 0x56, 0x5a, 0x4e, 0x59, 0x4e, 0x5a, 0x56, 0x59, 0x56,
    0x5a, 0x56, 0x5a, 0x56, 0x59, 0x56, 0x5a, 0x56, 0x39, 0x4e, 0x59, 0x56,
    0x5a, 0x56, 0x3a, 0x4e, 0x59, 0x56, 0x3a, 0x56, 0x5a, 0x56, 0x5a, 0x56,
    0x59, 0x56, 0x5a, 0x56, 0x59, 0x56, 0x5a, 0x56, 0x5a, 0x56, 0x59, 0x56,
    0x5a, 0x56, 0x59, 0x56, 0x5a, 0x56, 0x59, 0x56, 0x59, 0x56, 0x5a, 0x56,
    0x65, 0x6d, 0x65, 0x6d, 0x65, 0x75, 0x65, 0x75, 0x65, 0x75, 0x64, 0x6d,
    0x65, 0x6d, 0x65, 0x75, 0x85, 0x75, 0x65, 0x75, 0x64, 0x6d, 0xf2, 0x65,
    0x59, 0x56, 0x5a, 0x56, 0x5a, 0x56, 0x79, 0x56, 0x5a, 0x5e, 0x59, 0x56,
    0x79, 0x56, 0x7a, 0x56, 0x5a, 0x5e, 0x79, 0x5e, 0x7a, 0x5e, 0x5a, 0x56,
    0x59, 0x5e, 0x79, 0x56, 0x5a, 0x5e, 0x59, 0x56, 0x7a, 0x5e, 0x7a, 0x56,
    0x59, 0x5e, 0x7a, 0x56, 0x5a, 0x56, 0x79, 0x56, 0x5a, 0x5e, 0x79, 0x56,
    0x79, 0x5e, 0x59, 0x56, 0x5a, 0x5e, 0x7a, 0x56, 0x7a, 0x5e, 0x59, 0x5e,
    0x5a, 0x5e, 0x7a, 0x56, 0x79, 0x66, 0xba, 0x76, 0xda, 0x7e, 0xd9, 0x86,
    0xfa, 0x86, 0xfa, 0x8e, 0xf9, 0x8e, 0xfa, 0x8e, 0xfa, 0x86, 0xf9, 0x8e,
    0xfa, 0x8e, 0xfa, 0x86, 0xfa, 0x8e, 0xf9, 0x8e, 0xfa, 0x86, 0xfa, 0x8e,
    0xf9, 0x86, 0x9a, 0x6e, 0x59, 0x56, 0x7a, 0x56, 0x7a, 0x56, 0x7a, 0x56,
    0x59, 0x56, 0x79, 0x56, 0x5a, 0x56, 0x59, 0x56, 0x7a, 0x56, 0x5a, 0x56,
    0x5a, 0x56, 0x5a, 0x56, 0x7a, 0x56, 0x59, 0x56, 0x5a, 0x56, 0x5a, 0x56,
    0x59, 0x56, 0x5a, 0x56, 0x5a, 0x56, 0x59, 0x56, 0x5a, 0x56, 0x5a, 0x56,
    0x59, 0x4e, 0x5a, 0x56, 0x5a, 0x56, 0x59, 0x56, 0x59, 0x56, 0x5a, 0x4e,
    0x59, 0x56, 0x59, 0x56, 0x5a, 0x4e, 0x5a, 0x56, 0x59, 0x56, 0x5a, 0x56,
    0x59, 0x56, 0x59, 0x56, 0x5a, 0x56, 0x59, 0x56, 0x59, 0x56, 0x5a, 0x4e,
    0x5a, 0x56, 0x59, 0x56, 0x59, 0x4e, 0x5a, 0x56, 0x5a, 0x56, 0x59, 0x56,
    0x5a, 0x4e, 0x5a, 0x56, 0x59, 0x56, 0x59, 0x56, 0x5a, 0x4e, 0x59, 0x56,
    0x5a, 0x4e, 0x59, 0x4e, 0x59, 0x56, 0x5a, 0x56, 0x59, 0x4e, 0x5a, 0x56,
    0x59, 0x56, 0x5a, 0x56, 0x59, 0x4e, 0x59, 0x56, 0x5a, 0x56, 0x59, 0x4e,
    0x59, 0x56, 0x5a, 0x56, 0x5a, 0x56, 0x59, 0x4e, 0x59, 0x56, 0x5a, 0x4e,
    0x59, 0x56, 0x59, 0x56, 0x5a, 0x56, 0x5a, 0x4e, 0x59, 0x56, 0x59, 0x56,
    0x5a, 0x56, 0x59, 0x56, 0x5a, 0x4e, 0x5a, 0x56, 0x59, 0x56, 0x5a, 0x56,
    0x59, 0x56, 0x59, 0x56, 0x5a, 0x4e, 0x59, 0x56, 0x59, 0x56, 0x5a, 0x56,
    0x59, 0x56, 0x59, 0x4e, 0x5a, 0x56, 0x59, 0x56, 0x59, 0x56, 0x5a, 0x56,
    0x59, 0x4e, 0x59, 0x56, 0x5a, 0x56, 0x59, 0x56, 0x59, 0x56, 0x5a, 0x56,
    0x5a, 0x56, 0x59, 0x4e, 0x5a, 0x56, 0x5a, 0x56, 0x59, 0x56, 0x5a, 0x56,
    0x5a, 0x4e, 0x59, 0x56, 0x5a, 0x4e, 0x5a, 0x56, 0x59, 0x56, 0x5a, 0x56,
    0x5a, 0x4e, 0x59, 0x56, 0x59, 0x56, 0x5a, 0x56, 0x5a, 0x4e, 0x5a, 0x56,
    0x59, 0x56, 0x59, 0x4e, 0x5a, 0x56, 0x59, 0x56, 0x5a, 0x56, 0x5a, 0x56,
    0x5a, 0x56, 0x59, 0x56, 0x5a, 0x56, 0x59, 0x56, 0x59, 0x56, 0x5a, 0x56,
    0x5a, 0x56, 0x5a, 0x56, 0x5a, 0x56, 0x5a, 0x56, 0x59, 0x56, 0x5a, 0x56,
    0x59, 0x56, 0x59, 0x56, 0x5a, 0x56, 0x5a, 0x56, 0x59, 0x56, 0x5a, 0x56,
    0x5a, 0x56, 0x59, 0x56, 0x5a, 0x56, 0x5a, 0x56, 0x5a, 0x4e, 0x59, 0x56,
    0x5a, 0x56, 0x5a, 0x56, 0x5a, 0x56, 0x59, 0x56, 0x59, 0x56, 0x5a, 0x56,
    0x59, 0x56, 0x59, 0x56, 0x5a, 0x56, 0x5a, 0x56, 0x5a, 0x56, 0x59, 0x56,
    0x59, 0x56, 0x5a, 0x56, 0x5a, 0x56, 0x59, 0x56, 0x59, 0x4e, 0x5a, 0x56,
    0x5a, 0x56, 0x59, 0x4e, 0x59, 0x56, 0x5a, 0x56, 0x59, 0x56, 0x5a, 0x56,
    0x59, 0x56, 0x5a, 0x56, 0x5a, 0x56, 0x59, 0x56, 0x59, 0x56, 0x5a, 0x56,
    0x65, 0x6d, 0x44, 0x6d, 0x65, 0x6d, 0x65, 0x6d, 0x64, 0x75, 0x65, 0x6d,
    0x65, 0x6d, 0x64, 0x6d, 0x65, 0x75, 0x65, 0x6d, 0x65, 0x75, 0xee, 0x65,
    0x5a, 0x5e, 0x59, 0x56, 0x59, 0x56, 0x5a, 0x5e, 0x7a, 0x56, 0x59, 0x56,
    0x59, 0x56, 0x7a, 0x5e, 0x59, 0x5e, 0x5a, 0x56, 0x79, 0x56, 0x5a, 0x5e,
    0x5a, 0x56, 0x79, 0x5e, 0x7a, 0x56, 0x7a, 0x5e, 0x79, 0x56, 0x59, 0x5e,
    0x79, 0x56, 0x5a, 0x5e, 0x79, 0x5e, 0x7a, 0x56, 0x59, 0x5e, 0x7a, 0x56,
    0x5a, 0x5e, 0x79, 0x5e, 0x59, 0x56, 0x7a, 0x5e, 0x59, 0x56, 0x79, 0x56,
    0x7a, 0x56, 0x79, 0x5e, 0xb9, 0x76, 0xba, 0x7e, 0xda, 0x86, 0xf9, 0x86,
    0xfa, 0x86, 0xfa, 0x8e, 0xf9, 0x8e, 0xfa, 0x8e, 0xf9, 0x8e, 0xfa, 0x8e,
    0xfa, 0x8e, 0xf9, 0x86, 0xfa, 0x86, 0xfa, 0x8e, 0xf9, 0x86, 0xfa, 0x86,
    0xfa, 0x8e, 0xd9, 0x7e, 0x79, 0x5e, 0x79, 0x56, 0x59, 0x56, 0x5a, 0x56,
    0x59, 0x56, 0x7a, 0x56, 0x7a, 0x56, 0x7a, 0x56, 0x59, 0x56, 0x59, 0x56,
    0x79, 0x56, 0x59, 0x56, 0x59, 0x56, 0x7a, 0x56, 0x7a, 0x56, 0x59, 0x56,
    0x5a, 0x56, 0x79, 0x56, 0x59, 0x56, 0x7a, 0x56, 0x59, 0x56, 0x5a, 0x56,
    0x7a, 0x56, 0x59, 0x56, 0x7a, 0x56, 0x5a, 0x56, 0x59, 0x56, 0x5a, 0x56,
    0x5a, 0x56, 0x59, 0x4e, 0x59, 0x56, 0x59, 0x56, 0x5a, 0x4e, 0x79, 0x56,
    0x5a, 0x56, 0x5a, 0x4e, 0x59, 0x56, 0x5a, 0x56, 0x59, 0x56, 0x59, 0x56,
    0x5a, 0x56, 0x5a, 0x56, 0x59, 0x56, 0x59, 0x56, 0x5a, 0x56, 0x59, 0x56,
    0x5a, 0x56, 0x5a, 0x56, 0x59, 0x56, 0x5a, 0x56, 0x5a, 0x56, 0x59, 0x56,
    0x5a, 0x56, 0x5a, 0x4e, 0x59, 0x56, 0x5a, 0x56, 0x5a, 0x4e, 0x5a, 0x56,
    0x59, 0x56, 0x59, 0x56, 0x5a, 0x4e, 0x5a, 0x56, 0x5a, 0x56, 0x5a, 0x56,
    0x59, 0x4e, 0x59, 0x4e, 0x5a, 0x56, 0x59, 0x56, 0x59, 0x4e, 0x5a, 0x4e,
    0x59, 0x56, 0x5a, 0x56, 0x5a, 0x4e, 0x59, 0x56, 0x5a, 0x56, 0x5a, 0x4e,
    0x59, 0x4e, 0x59, 0x4e, 0x5a, 0x56, 0x59, 0x56, 0x7a, 0x4e, 0x59, 0x4e,
    0x5a, 0x56, 0x5a, 0x56, 0x59, 0x4e, 0x5a, 0x4e, 0x5a, 0x56, 0x59, 0x4e,
    0x5a, 0x56, 0x59, 0x56, 0x5a, 0x4e, 0x59, 0x56, 0x5a, 0x4e, 0x59, 0x4e,
    0x5a, 0x56, 0x5a, 0x56, 0x59, 0x4e, 0x5a, 0x56, 0x59, 0x56, 0x5a, 0x4e,
    0x5a, 0x56, 0x59, 0x56, 0x59, 0x4e, 0x5a, 0x56, 0x59, 0x56, 0x59, 0x4e,
    0x5a, 0x56, 0x59, 0x56, 0x5a, 0x56, 0x59, 0x56, 0x5a, 0x56, 0x59, 0x56,
    0x5a, 0x56, 0x5a, 0x56, 0x59, 0x56, 0x59, 0x4e, 0x5a, 0x56, 0x59, 0x56,
    0x5a, 0x4e, 0x5a, 0x56, 0x59, 0x56, 0x59, 0x56, 0x59, 0x4e, 0x59, 0x56,
    0x5a, 0x56, 0x59, 0x56, 0x5a, 0x56, 0x5a, 0x56, 0x59, 0x56, 0x5a, 0x56,
    0x59, 0x56, 0x59, 0x56, 0x59, 0x56, 0x5a, 0x56, 0x7a, 0x56, 0x5a, 0x56,
    0x5a, 0x56, 0x59, 0x56, 0x59, 0x56, 0x7a, 0x56, 0x59, 0x56, 0x5a, 0x56,
    0x59, 0x56, 0x5a, 0x56, 0x59, 0x56, 0x59, 0x56, 0x5a, 0x56, 0x5a, 0x56,
    0x59, 0x56, 0x5a, 0x56, 0x5a, 0x56, 0x5a, 0x56, 0x5a, 0x56, 0x59, 0x56,
    0x5a, 0x56, 0x5a, 0x4e, 0x59, 0x56, 0x5a, 0x56, 0x5a, 0x56, 0x5a, 0x56,
    0x59, 0x56, 0x5a, 0x56, 0x59, 0x4e, 0x59, 0x56, 0x5a, 0x56, 0x5a, 0x56,
    0x5a, 0x4e, 0x5a, 0x56, 0x59, 0x56, 0x59, 0x56, 0x79, 0x5e, 0x79, 0x66,
    0x79, 0x66, 0x79, 0x66, 0x79, 0x6e, 0x7a, 0x66, 0x79, 0x5e, 0x5a, 0x5e,
    0x45, 0x6d, 0x65, 0x6d, 0x65, 0x75, 0x64, 0x6d, 0x64, 0x75, 0x65, 0x75,
    0x65, 0x75, 0x64, 0x6d, 0x65, 0x75, 0x65, 0x6d, 0x64, 0x6d, 0xef, 0x65,
    0x7b, 0x56, 0x7b, 0x56, 0x59, 0x5e, 0x79, 0x56, 0x7a, 0x5e, 0x5a, 0x5e,
    0x7a, 0x5e, 0x59, 0x56, 0x5a, 0x56, 0x7a, 0x5e, 0x79, 0x5e, 0x59, 0x56,
    0x7a, 0x5e, 0x5a, 0x56, 0x59, 0x5e, 0x79, 0x56, 0x5a, 0x5e, 0x5a, 0x56,
    0x7a, 0x5e, 0x79, 0x5e, 0x5a, 0x56, 0x59, 0x5e, 0x79, 0x56, 0x5a, 0x56,
    0x7a, 0x5e, 0x7a, 0x56, 0x7a, 0x5e, 0x59, 0x56, 0x7a, 0x5e, 0x7a, 0x5e,
    0x59, 0x56, 0x9a, 0x6e, 0xd9, 0x76, 0xda, 0x7e, 0xd9, 0x86, 0xfa, 0x86,
    0xf9, 0x8e, 0xf9, 0x86, 0xfa, 0x86, 0xfa, 0x8e, 0xf9, 0x8e, 0xfa, 0x86,
    0xfa, 0x8e, 0xfa, 0x8e, 0xf9, 0x8e, 0xfa, 0x8e, 0xfa, 0x8e, 0xf9, 0x8e,
    0xfa, 0x86, 0xfa, 0x86, 0xba, 0x76, 0x5a, 0x5e, 0x79, 0x5e, 0x7a, 0x56,
    0x79, 0x56, 0x7a, 0x56, 0x5a, 0x56, 0x79, 0x56, 0x5a, 0x56, 0x7a, 0x56,
    0x59, 0x56, 0x7a, 0x56, 0x5a, 0x56, 0x5a, 0x56, 0x79, 0x56, 0x59, 0x56,
    0x7a, 0x56, 0x5a, 0x56, 0x7a, 0x56, 0x79, 0x56, 0x79, 0x56, 0x7a, 0x56,
    0x7a, 0x56, 0x79, 0x56, 0x7a, 0x56, 0x59, 0x56, 0x7a, 0x56, 0x79, 0x56,
    0x7a, 0x56, 0x5a, 0x56, 0x79, 0x56, 0x7a, 0x56, 0x7a, 0x56, 0x59, 0x56,
    0x5a, 0x56, 0x59, 0x56, 0x7a, 0x56, 0x5a, 0x56, 0x59, 0x4e, 0x5a, 0x56,
    0x5a, 0x56, 0x79, 0x56, 0x5a, 0x56, 0x5a, 0x4e, 0x79, 0x56, 0x7a, 0x56,
    0x59, 0x56, 0x59, 0x4e, 0x5a, 0x56, 0x59, 0x56, 0x59, 0x4e, 0x5a, 0x56,
    0x59, 0x56, 0x5a, 0x56, 0x59, 0x56, 0x59, 0x4e, 0x5a, 0x56, 0x59, 0x4e,
    0x5a, 0x56, 0x59, 0x56, 0x5a, 0x56, 0x59, 0x56, 0x79, 0x4e, 0x5a, 0x56,
    0x5a, 0x56, 0x5a, 0x56, 0x7a, 0x56, 0x7a, 0x56, 0x5a, 0x56, 0x5a, 0x56,
    0x79, 0x56, 0x59, 0x4e, 0x5a, 0x56, 0x7a, 0x56, 0x59, 0x56, 0x5a, 0x56,
    0x5a, 0x56, 0x5a, 0x56, 0x59, 0x56, 0x59, 0x56, 0x5a, 0x4e, 0x59, 0x56,
    0x5a, 0x56, 0x7a, 0x4e, 0x59, 0x56, 0x5a, 0x56, 0x7a, 0x56, 0x59, 0x56,
    0x5a, 0x4e, 0x7a, 0x56, 0x59, 0x56, 0x5a, 0x4e, 0x7a, 0x56, 0x59, 0x56,
    0x7a, 0x56, 0x59, 0x56, 0x59, 0x4e, 0x5a, 0x56, 0x5a, 0x56, 0x59, 0x56,
    0x59, 0x56, 0x7a, 0x56, 0x5a, 0x4e, 0x59, 0x56, 0x5a, 0x56, 0x59, 0x56,
    0x5a, 0x56, 0x5a, 0x56, 0x59, 0x56, 0x59, 0x4e, 0x7a, 0x56, 0x5a, 0x56,
    0x79, 0x56, 0x59, 0x56, 0x5a, 0x56, 0x5a, 0x56, 0x59, 0x56, 0x59, 0x56,
    0x7a, 0x56, 0x5a, 0x56, 0x59, 0x56, 0x5a, 0x56, 0x5a, 0x56, 0x5a, 0x56,
    0x79, 0x56, 0x79, 0x56, 0x5a, 0x4e, 0x79, 0x56, 0x59, 0x56, 0x5a, 0x56,
    0x59, 0x56, 0x7a, 0x56, 0x7a, 0x56, 0x79, 0x56, 0x59, 0x56, 0x59, 0x56,
    0x7a, 0x56, 0x7a, 0x56, 0x59, 0x56, 0x59, 0x56, 0x7a, 0x56, 0x59, 0x56,
    0x7a, 0x56, 0x59, 0x56, 0x5a, 0x56, 0x7a, 0x56, 0x59, 0x56, 0x59, 0x56,
    0x5a, 0x56, 0x59, 0x56, 0x59, 0x56, 0x5a, 0x56, 0x59, 0x56, 0x5a, 0x56,
    0x59, 0x56, 0x5a, 0x56, 0x59, 0x56, 0x59, 0x56, 0x5a, 0x56, 0x5a, 0x56,
    0x5a, 0x56, 0x5a, 0x56, 0x5a, 0x56, 0x5a, 0x56, 0x59, 0x56, 0x59, 0x56,
    0x5a, 0x56, 0x59, 0x56, 0x79, 0x5e, 0x9a, 0x6e, 0x99, 0x6e, 0x9a, 0x76,
    0x99, 0x76, 0x99, 0x76, 0x99, 0x76, 0x99, 0x6e, 0x9a, 0x76, 0x99, 0x6e,
    0x45, 0x6d, 0x65, 0x6d, 0x45, 0x6d, 0x45, 0x6d, 0x65, 0x75, 0x65, 0x6d,
    0x64, 0x6d, 0x65, 0x6d, 0x65, 0x75, 0x65, 0x6d, 0x65, 0x6d, 0x65, 0x6d,
    0x66, 0x6d, 0x8a, 0x65, 0x36, 0x5e, 0x7a, 0x56, 0x59, 0x5e, 0x5a, 0x56,
    0x79, 0x56, 0x7a, 0x5e, 0x59, 0x5e, 0x7a, 0x5e, 0x79, 0x56, 0x59, 0x5e,
    0x7a, 0x5e, 0x79, 0x56, 0x59, 0x5e, 0x7a, 0x5e, 0x59, 0x5e, 0x7a, 0x56,
    0x7a, 0x5e, 0x79, 0x56, 0x5a, 0x5e, 0x7a, 0x5e, 0x79, 0x5e, 0x59, 0x5e,
    0x79, 0x5e, 0x7a, 0x5e, 0x79, 0x56, 0x7a, 0x5e, 0x7a, 0x5e, 0x59, 0x5e,
    0x7a, 0x5e, 0xba, 0x76, 0xda, 0x7e, 0xfa, 0x86, 0xd9, 0x86, 0xd9, 0x86,
    0xfa, 0x86, 0xfa, 0x8e, 0xfa, 0x8e, 0xf9, 0x86, 0xfa, 0x86, 0xf9, 0x8e,
    0xf9, 0x86, 0xfa, 0x8e, 0xf9, 0x86, 0xfa, 0x8e, 0xfa, 0x8e, 0xfa, 0x8e,
    0xfa, 0x8e, 0xfa, 0x8e, 0xfa, 0x86, 0x7a, 0x5e, 0x7a, 0x5e, 0x79, 0x56,
    0x79, 0x5e, 0x59, 0x5e, 0x59, 0x56, 0x7a, 0x56, 0x79, 0x56, 0x5a, 0x56,
    0x7a, 0x56, 0x79, 0x56, 0x5a, 0x56, 0x5a, 0x56, 0x79, 0x56, 0x5a, 0x56,
    0x79, 0x56, 0x7a, 0x56, 0x5a, 0x56, 0x59, 0x56, 0x5a, 0x56, 0x5a, 0x56,
    0x59, 0x56, 0x59, 0x56, 0x5a, 0x56, 0x79, 0x56, 0x5a, 0x56, 0x5a, 0x56,
    0x79, 0x56, 0x59, 0x56, 0x5a, 0x56, 0x7a, 0x56, 0x59, 0x56, 0x59, 0x56,
    0x7a, 0x56, 0x7a, 0x56, 0x59, 0x56, 0x5a, 0x56, 0x7a, 0x56, 0x7a, 0x56,
    0x59, 0x56, 0x59, 0x56, 0x7a, 0x56, 0x79, 0x56, 0x5a, 0x56, 0x7a, 0x56,
    0x79, 0x4e, 0x5a, 0x56, 0x5a, 0x56, 0x7a, 0x56, 0x79, 0x56, 0x7a, 0x56,
    0x79, 0x56, 0x59, 0x56, 0x5a, 0x56, 0x59, 0x56, 0x79, 0x56, 0x5a, 0x56,
    0x79, 0x56, 0x5a, 0x4e, 0x7a, 0x56, 0x59, 0x56, 0x59, 0x56, 0x7a, 0x56,
    0x79, 0x56, 0x59, 0x56, 0x59, 0x4e, 0x79, 0x56, 0x79, 0x56, 0x7a, 0x56,
    0x59, 0x56, 0x59, 0x56, 0x5a, 0x56, 0x59, 0x4e, 0x79, 0x56, 0x79, 0x4e,
    0x5a, 0x56, 0x59, 0x56, 0x7a, 0x56, 0x7a, 0x56, 0x79, 0x56, 0x7a, 0x56,
    0x59, 0x56, 0x7a, 0x56, 0x59, 0x56, 0x5a, 0x56, 0x79, 0x56, 0x59, 0x4e,
    0x59, 0x56, 0x7a, 0x56, 0x7a, 0x56, 0x79, 0x56, 0x59, 0x56, 0x5a, 0x56,
    0x59, 0x4e, 0x7a, 0x56, 0x59, 0x56, 0x7a, 0x56, 0x79, 0x4e, 0x5a, 0x56,
    0x59, 0x56, 0x5a, 0x56, 0x79, 0x56, 0x5a, 0x56, 0x79, 0x56, 0x7a, 0x56,
    0x7a, 0x56, 0x59, 0x4e, 0x7a, 0x56, 0x7a, 0x56, 0x59, 0x56, 0x79, 0x56,
    0x5a, 0x4e, 0x59, 0x56, 0x5a, 0x56, 0x79, 0x56, 0x5a, 0x56, 0x79, 0x56,
    0x59, 0x56, 0x5a, 0x56, 0x59, 0x56, 0x7a, 0x56, 0x5a, 0x56, 0x79, 0x56,
    0x7a, 0x56, 0x5a, 0x56, 0x79, 0x56, 0x7a, 0x56, 0x7a, 0x56, 0x59, 0x56,
    0x5a, 0x56, 0x7a, 0x56, 0x5a, 0x56, 0x59, 0x56, 0x59, 0x56, 0x7a, 0x56,
    0x7a, 0x56, 0x79, 0x56, 0x5a, 0x56, 0x5a, 0x56, 0x59, 0x56, 0x7a, 0x56,
    0x59, 0x56, 0x5a, 0x56, 0x79, 0x56, 0x7a, 0x56, 0x7a, 0x56, 0x7a, 0x56,
    0x5a, 0x56, 0x79, 0x56, 0x59, 0x56, 0x7a, 0x56, 0x7a, 0x56, 0x59, 0x56,
    0x7a, 0x56, 0x5a, 0x56, 0x59, 0x56, 0x59, 0x56, 0x5a, 0x56, 0x59, 0x56,
    0x59, 0x56, 0x59, 0x56, 0x5a, 0x56, 0x59, 0x56, 0x5a, 0x56, 0x5a, 0x56,
    0x59, 0x56, 0x79, 0x66, 0x9a, 0x6e, 0x99, 0x76, 0x99, 0x76, 0x99, 0x76,
    0xba, 0x76, 0x9a, 0x76, 0x99, 0x76, 0x99, 0x76, 0x99, 0x6e, 0x99, 0x6e,
    0x45, 0x6d, 0x64, 0x6d, 0x65, 0x6d, 0x65, 0x6d, 0x65, 0x6d, 0x45, 0x6d,
    0x65, 0x75, 0x65, 0x75, 0x64, 0x6d, 0x65, 0x6d, 0x65, 0x6d, 0x65, 0x6d,
    0x65, 0x6d, 0x65, 0x6d, 0x45, 0x6d, 0xf1, 0x5d, 0x7a, 0x5e, 0x59, 0x5e,
    0x79, 0x5e, 0x7a, 0x56, 0x59, 0x5e, 0x7a, 0x56, 0x7a, 0x5e, 0x5a, 0x5e,
    0x7a, 0x56, 0x7a, 0x5e, 0x7a, 0x56, 0x7a, 0x5e, 0x79, 0x5e, 0x79, 0x5e,
    0x7a, 0x5e, 0x79, 0x5e, 0x79, 0x5e, 0x7a, 0x5e, 0x7a, 0x5e, 0x7a, 0x5e,
    0x79, 0x5e, 0x79, 0x5e, 0x7a, 0x5e, 0x7a, 0x5e, 0x79, 0x5e, 0x79, 0x5e,
    0x9a, 0x6e, 0xb9, 0x76, 0xd9, 0x86, 0xfa, 0x86, 0xfa, 0x86, 0xf9, 0x86,
    0xfa, 0x86, 0xd9, 0x8e, 0xf9, 0x8e, 0xfa, 0x86, 0xfa, 0x8e, 0xf9, 0x8e,
    0xfa, 0x86, 0xfa, 0x8e, 0xf9, 0x86, 0xf9, 0x86, 0xfa, 0x8e, 0xf9, 0x86,
    0xf9, 0x8e, 0xf9, 0x86, 0xfa, 0x86, 0xb9, 0x76, 0x7a, 0x5e, 0x7a, 0x56,
    0x7a, 0x5e, 0x7a, 0x5e, 0x79, 0x56, 0x7a, 0x5e, 0x7a, 0x5e, 0x79, 0x5e,
    0x7a, 0x56, 0x59, 0x56, 0x79, 0x5e, 0x79, 0x56, 0x7a, 0x56, 0x59, 0x56,
    0x5a, 0x56, 0x79, 0x56, 0x79, 0x56, 0x7a, 0x56, 0x7a, 0x56, 0x79, 0x56,
    0x7a, 0x56, 0x59, 0x56, 0x7a, 0x56, 0x59, 0x56, 0x5a, 0x56, 0x79, 0x56,
    0x7a, 0x56, 0x5a, 0x56, 0x79, 0x56, 0x5a, 0x56, 0x7a, 0x56, 0x79, 0x56,
    0x59, 0x56, 0x7a, 0x56, 0x79, 0x56, 0x79, 0x56, 0x79, 0x56, 0x79, 0x56,
    0x5a, 0x56, 0x7a, 0x56, 0x59, 0x56, 0x7a, 0x56, 0x59, 0x56, 0x7a, 0x56,
    0x79, 0x56, 0x79, 0x56, 0x7a, 0x56, 0x59, 0x56, 0x7a, 0x56, 0x5a, 0x56,
    0x7a, 0x56, 0x7a, 0x56, 0x7a, 0x56, 0x7a, 0x56, 0x59, 0x56, 0x7a, 0x56,
    0x7a, 0x56, 0x7a, 0x56, 0x59, 0x4e, 0x7a, 0x56, 0x7a, 0x56, 0x5a, 0x56,
    0x79, 0x56, 0x79, 0x56, 0x5a, 0x56, 0x5a, 0x56, 0x59, 0x56, 0x7a, 0x4e,
    0x7a, 0x56, 0x7a, 0x56, 0x7a, 0x56, 0x7a, 0x56, 0x79, 0x56, 0x5a, 0x56,
    0x79, 0x56, 0x59, 0x56, 0x7a, 0x56, 0x79, 0x56, 0x7a, 0x56, 0x59, 0x4e,
    0x59, 0x56, 0x7a, 0x56, 0x7a, 0x56, 0x59, 0x56, 0x7a, 0x56, 0x7a, 0x56,
    0x59, 0x56, 0x59, 0x4e, 0x5a, 0x56, 0x79, 0x56, 0x5a, 0x56, 0x7a, 0x56,
    0x7a, 0x56, 0x5a, 0x56, 0x59, 0x56, 0x79, 0x56, 0x7a, 0x56, 0x79, 0x56,
    0x7a, 0x56, 0x7a, 0x56, 0x5a, 0x56, 0x79, 0x56, 0x59, 0x56, 0x7a, 0x56,
    0x7a, 0x56, 0x59, 0x56, 0x79, 0x56, 0x7a, 0x56, 0x5a, 0x56, 0x79, 0x56,
    0x7a, 0x56, 0x5a, 0x56, 0x59, 0x56, 0x79, 0x56, 0x7a, 0x56, 0x5a, 0x56,
    0x59, 0x4e, 0x79, 0x56, 0x5a, 0x56, 0x79, 0x56, 0x7a, 0x56, 0x59, 0x56,
    0x59, 0x56, 0x5a, 0x56, 0x59, 0x56, 0x59, 0x56, 0x7a, 0x56, 0x79, 0x56,
    0x59, 0x56, 0x79, 0x56, 0x59, 0x56, 0x5a, 0x56, 0x5a, 0x56, 0x59, 0x56,
    0x59, 0x56, 0x7a, 0x56, 0x7a, 0x56, 0x7a, 0x56, 0x79, 0x56, 0x59, 0x56,
    0x7a, 0x56, 0x7a, 0x56, 0x59, 0x56, 0x59, 0x56, 0x59, 0x56, 0x7a, 0x56,
    0x5a, 0x56, 0x7a, 0x56, 0x7a, 0x56, 0x5a, 0x56, 0x79, 0x56, 0x7a, 0x56,
    0x59, 0x56, 0x5a, 0x56, 0x7a, 0x56, 0x7a, 0x56, 0x5a, 0x56, 0x5a, 0x56,
    0x79, 0x56, 0x5a, 0x56, 0x59, 0x56, 0x5a, 0x56, 0x5a, 0x56, 0x7a, 0x56,
    0x79, 0x5e, 0x99, 0x6e, 0x99, 0x76, 0x99, 0x76, 0xb9, 0x76, 0x9a, 0x76,
    0xb9, 0x76, 0xb9, 0x76, 0x99, 0x76, 0x9a, 0x76, 0x99, 0x76, 0x99, 0x76,
    0x45, 0x6d, 0x45, 0x6d, 0x45, 0x6d, 0x65, 0x6d, 0x44, 0x75, 0x45, 0x6d,
    0x65, 0x6d, 0x44, 0x6d, 0x65, 0x6d, 0x65, 0x6d, 0x45, 0x6d, 0x45, 0x6d,
    0x65, 0x6d, 0x65, 0x6d, 0x45, 0x65, 0x45, 0x65, 0x36, 0x5e, 0x79, 0x5e,
    0x7a, 0x5e, 0x7a, 0x5e, 0x7a, 0x5e, 0x79, 0x5e, 0x79, 0x5e, 0x7a, 0x5e,
    0x7a, 0x5e, 0x79, 0x56, 0x7a, 0x5e, 0x79, 0x5e, 0x79, 0x5e, 0x7a, 0x66,
    0x99, 0x6e, 0x9a, 0x6e, 0x99, 0x6e, 0xb9, 0x6e, 0xba, 0x76, 0x99, 0x76,
    0xb9, 0x6e, 0x9a, 0x6e, 0x99, 0x6e, 0x99, 0x66, 0x9a, 0x66, 0x7a, 0x66,
    0xba, 0x6e, 0xda, 0x7e, 0xd9, 0x86, 0xd9, 0x86, 0xda, 0x86, 0xfa, 0x86,
    0xf9, 0x86, 0xfa, 0x8e, 0xf9, 0x86, 0xfa, 0x86, 0xfa, 0x8e, 0xfa, 0x86,
    0xfa, 0x86, 0xfa, 0x8e, 0xf9, 0x8e, 0xfa, 0x86, 0xfa, 0x8e, 0xfa, 0x86,
    0xf9, 0x86, 0xfa, 0x8e, 0xfa, 0x86, 0xda, 0x86, 0x79, 0x5e, 0x79, 0x56,
    0x7a, 0x56, 0x79, 0x56, 0x7a, 0x5e, 0x59, 0x56, 0x79, 0x5e, 0x7a, 0x5e,
    0x79, 0x5e, 0x7a, 0x56, 0x7a, 0x56, 0x7a, 0x5e, 0x7a, 0x56, 0x7a, 0x56,
    0x7a, 0x5e, 0x79, 0x56, 0x59, 0x56, 0x5a, 0x56, 0x79, 0x56, 0x79, 0x56,
    0x7a, 0x56, 0x7a, 0x56, 0x7a, 0x56, 0x7a, 0x56, 0x7a, 0x56, 0x79, 0x56,
    0x79, 0x56, 0x5a, 0x56, 0x79, 0x56, 0x79, 0x56, 0x7a, 0x56, 0x7a, 0x56,
    0x79, 0x56, 0x5a, 0x56, 0x5a, 0x56, 0x59, 0x56, 0x7a, 0x56, 0x7a, 0x56,
    0x59, 0x56, 0x79, 0x56, 0x7a, 0x56, 0x59, 0x56, 0x7a, 0x56, 0x59, 0x56,
    0x7a, 0x56, 0x7a, 0x56, 0x59, 0x56, 0x59, 0x56, 0x79, 0x56, 0x59, 0x56,
    0x79, 0x56, 0x59, 0x56, 0x5a, 0x4e, 0x79, 0x56, 0x5a, 0x56, 0x5a, 0x56,
    0x79, 0x56, 0x79, 0x56, 0x7a, 0x56, 0x7a, 0x56, 0x59, 0x56, 0x59, 0x4e,
    0x5a, 0x56, 0x7a, 0x56, 0x7a, 0x56, 0x59, 0x56, 0x7a, 0x56, 0x7a, 0x56,
    0x59, 0x56, 0x59, 0x56, 0x79, 0x56, 0x7a, 0x56, 0x5a, 0x56, 0x79, 0x56,
    0x7a, 0x56, 0x5a, 0x56, 0x59, 0x56, 0x5a, 0x56, 0x7a, 0x56, 0x7a, 0x56,
    0x59, 0x56, 0x59, 0x56, 0x7a, 0x56, 0x79, 0x56, 0x5a, 0x56, 0x7a, 0x56,
    0x79, 0x56, 0x7a, 0x56, 0x59, 0x56, 0x7a, 0x56, 0x7a, 0x56, 0x59, 0x56,
    0x7a, 0x56, 0x7a, 0x56, 0x59, 0x56, 0x59, 0x56, 0x5a, 0x56, 0x5a, 0x56,
    0x79, 0x56, 0x5a, 0x56, 0x7a, 0x56, 0x59, 0x56, 0x5a, 0x56, 0x59, 0x56,
    0x7a, 0x56, 0x79, 0x56, 0x7a, 0x56, 0x7a, 0x56, 0x59, 0x56, 0x7a, 0x56,
    0x59, 0x56, 0x7a, 0x56, 0x79, 0x56, 0x7a, 0x56, 0x79, 0x56, 0x5a, 0x56,
    0x7a, 0x56, 0x79, 0x56, 0x59, 0x56, 0x5a, 0x56, 0x79, 0x56, 0x7a, 0x56,
    0x7a, 0x56, 0x79, 0x56, 0x7a, 0x56, 0x5a, 0x56, 0x7a, 0x56, 0x59, 0x56,
    0x7a, 0x56, 0x7a, 0x56, 0x79, 0x56, 0x7a, 0x56, 0x7a, 0x56, 0x79, 0x56,
    0x7a, 0x56, 0x59, 0x56, 0x59, 0x56, 0x79, 0x56, 0x7a, 0x56, 0x5a, 0x5e,
    0x79, 0x56, 0x7a, 0x56, 0x7a, 0x56, 0x5a, 0x56, 0x79, 0x56, 0x59, 0x56,
    0x7a, 0x56, 0x59, 0x56, 0x7a, 0x56, 0x59, 0x56, 0x5a, 0x56, 0x59, 0x56,
    0x7a, 0x56, 0x79, 0x56, 0x59, 0x56, 0x5a, 0x56, 0x79, 0x56, 0x7a, 0x56,
    0x7a, 0x56, 0x7a, 0x56, 0x5a, 0x56, 0x59, 0x56, 0x79, 0x56, 0x79, 0x5e,
    0x9a, 0x6e, 0x99, 0x76, 0xba, 0x76, 0x99, 0x76, 0xb9, 0x76, 0x99, 0x76,
    0x99, 0x76, 0xb9, 0x76, 0xba, 0x76, 0xb9, 0x76, 0xb9, 0x76, 0x99, 0x76,
    0x45, 0x6d, 0x45, 0x6d, 0x45, 0x6d, 0x45, 0x6d, 0x65, 0x6d, 0x65, 0x6d,
    0x44, 0x6d, 0x45, 0x6d, 0x45, 0x6d, 0x45, 0x6d, 0x45, 0x6d, 0x45, 0x65,
    0x45, 0x65, 0x45, 0x65, 0x46, 0x65, 0x46, 0x65, 0xab, 0x65, 0x7a, 0x5e,
    0x7a, 0x5e, 0x59, 0x56, 0x7a, 0x5e, 0x7a, 0x5e, 0x79, 0x5e, 0x7a, 0x5e,
    0x79, 0x5e, 0x59, 0x5e, 0x7a, 0x5e, 0x99, 0x66, 0x99, 0x6e, 0x9a, 0x76,
    0xba, 0x76, 0xb9, 0x76, 0xb9, 0x76, 0xba, 0x7e, 0xb9, 0x76, 0xb9, 0x7e,
    0xba, 0x76, 0xba, 0x76, 0xb9, 0x76, 0xb9, 0x7e, 0xb9, 0x76, 0xba, 0x76,
    0xb9, 0x76, 0xda, 0x7e, 0xda, 0x7e, 0xfa, 0x86, 0xd9, 0x86, 0xf9, 0x86,
    0xfa, 0x86, 0xda, 0x86, 0xd9, 0x86, 0xfa, 0x86, 0xf9, 0x8e, 0xf9, 0x8e,
    0xf9, 0x86, 0xfa, 0x86, 0xfa, 0x86, 0xf9, 0x8e, 0xf9, 0x8e, 0xfa, 0x8e,
    0xfa, 0x86, 0xfa, 0x8e, 0xf9, 0x86, 0xfa, 0x86, 0x9a, 0x66, 0x79, 0x5e,
    0x7a, 0x5e, 0x79, 0x5e, 0x7a, 0x5e, 0x7a, 0x56, 0x7a, 0x56, 0x79, 0x5e,
    0x59, 0x5e, 0x7a, 0x5e, 0x5a, 0x5e, 0x79, 0x56, 0x79, 0x5e, 0x7a, 0x5e,
    0x7a, 0x56, 0x7a, 0x5e, 0x79, 0x5e, 0x7a, 0x5e, 0x7a, 0x5e, 0x7a, 0x5e,
    0x79, 0x56, 0x79, 0x5e, 0x7a, 0x5e, 0x79, 0x56, 0x79, 0x56, 0x7a, 0x56,
    0x7a, 0x5e, 0x79, 0x56, 0x7a, 0x56, 0x79, 0x56, 0x5a, 0x56, 0x79, 0x56,
    0x7a, 0x56, 0x7a, 0x56, 0x79, 0x56, 0x5a, 0x56, 0x7a, 0x56, 0x79, 0x56,
    0x7a, 0x56, 0x7a, 0x56, 0x7a, 0x56, 0x79, 0x56, 0x7a, 0x56, 0x79, 0x56,
    0x5a, 0x56, 0x5a, 0x56, 0x7a, 0x56, 0x7a, 0x56, 0x7a, 0x56, 0x7a, 0x56,
    0x59, 0x56, 0x7a, 0x56, 0x59, 0x56, 0x7a, 0x56, 0x79, 0x56, 0x79, 0x56,
    0x5a, 0x56, 0x79, 0x56, 0x59, 0x56, 0x5a, 0x56, 0x79, 0x56, 0x7a, 0x56,
    0x59, 0x56, 0x79, 0x56, 0x5a, 0x56, 0x79, 0x56, 0x79, 0x56, 0x7a, 0x56,
    0x79, 0x56, 0x7a, 0x56, 0x79, 0x56, 0x7a, 0x56, 0x59, 0x56, 0x79, 0x56,
    0x7a, 0x56, 0x59, 0x56, 0x79, 0x56, 0x7a, 0x56, 0x79, 0x56, 0x79, 0x56,
    0x7a, 0x56, 0x7a, 0x56, 0x59, 0x56, 0x79, 0x56, 0x59, 0x56, 0x5a, 0x56,
    0x79, 0x56, 0x7a, 0x56, 0x59, 0x56, 0x7a, 0x56, 0x7a, 0x56, 0x59, 0x56,
    0x79, 0x56, 0x7a, 0x56, 0x7a, 0x56, 0x7a, 0x56, 0x79, 0x56, 0x5a, 0x56,
    0x7a, 0x56, 0x79, 0x56, 0x59, 0x56, 0x7a, 0x56, 0x79, 0x56, 0x5a, 0x56,
    0x59, 0x56, 0x5a, 0x56, 0x79, 0x56, 0x79, 0x56, 0x7a, 0x56, 0x59, 0x56,
    0x7a, 0x56, 0x59, 0x56, 0x7a, 0x56, 0x7a, 0x56, 0x79, 0x56, 0x59, 0x56,
    0x7a, 0x56, 0x5a, 0x56, 0x7a, 0x56, 0x7a, 0x56, 0x59, 0x56, 0x7a, 0x56,
    0x79, 0x56, 0x79, 0x56, 0x7a, 0x5e, 0x79, 0x56, 0x7a, 0x56, 0x59, 0x56,
    0x5a, 0x56, 0x7a, 0x5e, 0x59, 0x56, 0x79, 0x5e, 0x7a, 0x5e, 0x79, 0x56,
    0x7a, 0x5e, 0x5a, 0x56, 0x79, 0x5e, 0x7a, 0x5e, 0x79, 0x56, 0x5a, 0x56,
    0x59, 0x5e, 0x5a, 0x56, 0x79, 0x56, 0x7a, 0x56, 0x5a, 0x56, 0x79, 0x5e,
    0x59, 0x56, 0x7a, 0x56, 0x59, 0x56, 0x7a, 0x5e, 0x7a, 0x56, 0x5a, 0x56,
    0x5a, 0x5e, 0x7a, 0x56, 0x59, 0x56, 0x59, 0x56, 0x7a, 0x56, 0x59, 0x56,
    0x59, 0x56, 0x79, 0x56, 0x7a, 0x5e, 0x7a, 0x56, 0x79, 0x5e, 0x99, 0x6e,
    0x99, 0x76, 0x9a, 0x76, 0x99, 0x76, 0xba, 0x76, 0xba, 0x76, 0xb9, 0x76,
    0xb9, 0x76, 0xba, 0x76, 0xb9, 0x76, 0xba, 0x76, 0xb9, 0x76, 0x9a, 0x76,
    0x45, 0x65, 0x45, 0x6d, 0x45, 0x6d, 0x45, 0x6d, 0x45, 0x6d, 0x45, 0x6d,
    0x45, 0x6d, 0x45, 0x6d, 0x45, 0x65, 0x45, 0x65, 0x45, 0x65, 0x46, 0x65,
    0x45, 0x65, 0x45, 0x65, 0x46, 0x65, 0x46, 0x65, 0x48, 0x5d, 0x9b, 0x5e,
    0x7a, 0x5e, 0x79, 0x5e, 0x5a, 0x5e, 0x7a, 0x56, 0x7a, 0x56, 0x7a, 0x5e,
    0x7a, 0x5e, 0x7a, 0x5e, 0x99, 0x6e, 0xba, 0x76, 0xba, 0x76, 0xb9, 0x76,
    0xb9, 0x7e, 0xba, 0x7e, 0xb9, 0x76, 0xb9, 0x7e, 0xba, 0x7e, 0xb9, 0x7e,
    0xda, 0x7e, 0xd9, 0x7e, 0xba, 0x7e, 0xba, 0x7e, 0xd9, 0x7e, 0xb9, 0x7e,
    0xb9, 0x7e, 0xda, 0x7e, 0xda, 0x7e, 0xda, 0x86, 0xfa, 0x86, 0xd9, 0x86,
    0xda, 0x86, 0xd9, 0x86, 0xfa, 0x86, 0xf9, 0x86, 0xfa, 0x86, 0xda, 0x86,
    0xf9, 0x8e, 0xfa, 0x86, 0xfa, 0x86, 0xf9, 0x86, 0xfa, 0x86, 0xfa, 0x86,
    0xf9, 0x8e, 0xf9, 0x86, 0xfa, 0x86, 0xf9, 0x86, 0xda, 0x86, 0xda, 0x7e,
    0xba, 0x76, 0x9a, 0x6e, 0x99, 0x66, 0x9a, 0x66, 0x79, 0x5e, 0x7a, 0x5e,
    0x7a, 0x5e, 0x79, 0x5e, 0x7a, 0x5e, 0x79, 0x5e, 0x7a, 0x5e, 0x79, 0x5e,
    0x79, 0x56, 0x5a, 0x5e, 0x79, 0x5e, 0x7a, 0x56, 0x7a, 0x56, 0x79, 0x5e,
    0x7a, 0x56, 0x59, 0x5e, 0x7a, 0x5e, 0x7a, 0x56, 0x79, 0x5e, 0x5a, 0x5e,
    0x7a, 0x56, 0x79, 0x56, 0x7a, 0x5e, 0x5a, 0x5e, 0x79, 0x56, 0x79, 0x56,
    0x7a, 0x5e, 0x79, 0x56, 0x79, 0x56, 0x7a, 0x56, 0x79, 0x56, 0x79, 0x56,
    0x59, 0x56, 0x7a, 0x56, 0x79, 0x56, 0x7a, 0x56, 0x79, 0x56, 0x7a, 0x56,
    0x79, 0x56, 0x79, 0x56, 0x7a, 0x56, 0x79, 0x56, 0x79, 0x56, 0x7a, 0x56,
    0x7a, 0x56, 0x7a, 0x56, 0x79, 0x56, 0x7a, 0x56, 0x79, 0x56, 0x7a, 0x56,
    0x7a, 0x56, 0x79, 0x56, 0x7a, 0x56, 0x79, 0x56, 0x5a, 0x56, 0x7a, 0x56,
    0x7a, 0x56, 0x79, 0x56, 0x7a, 0x56, 0x7a, 0x56, 0x5a, 0x56, 0x79, 0x56,
    0x7a, 0x56, 0x5a, 0x56, 0x79, 0x56, 0x7a, 0x56, 0x79, 0x56, 0x7a, 0x56,
    0x7a, 0x56, 0x7a, 0x56, 0x7a, 0x56, 0x79, 0x56, 0x59, 0x56, 0x7a, 0x56,
    0x7a, 0x56, 0x59, 0x56, 0x7a, 0x56, 0x7a, 0x56, 0x79, 0x56, 0x7a, 0x56,
    0x7a, 0x56, 0x59, 0x56, 0x7a, 0x56, 0x79, 0x56, 0x79, 0x56, 0x7a, 0x56,
    0x79, 0x56, 0x79, 0x56, 0x7a, 0x56, 0x79, 0x56, 0x7a, 0x56, 0x79, 0x56,
    0x79, 0x56, 0x7a, 0x56, 0x7a, 0x56, 0x79, 0x56, 0x7a, 0x56, 0x79, 0x56,
    0x7a, 0x56, 0x7a, 0x56, 0x79, 0x56, 0x5a, 0x56, 0x7a, 0x56, 0x79, 0x56,
    0x59, 0x56, 0x7a, 0x56, 0x7a, 0x56, 0x7a, 0x56, 0x7a, 0x5e, 0x79, 0x56,
    0x7a, 0x56, 0x79, 0x56, 0x79, 0x56, 0x79, 0x5e, 0x7a, 0x56, 0x79, 0x56,
    0x5a, 0x5e, 0x7a, 0x56, 0x7a, 0x5e, 0x79, 0x5e, 0x59, 0x56, 0x7a, 0x5e,
    0x7a, 0x56, 0x79, 0x5e, 0x7a, 0x5e, 0x7a, 0x5e, 0x79, 0x56, 0x7a, 0x5e,
    0x7a, 0x5e, 0x79, 0x5e, 0x7a, 0x56, 0x7a, 0x5e, 0x79, 0x56, 0x7a, 0x5e,
    0x7a, 0x5e, 0x79, 0x56, 0x7a, 0x5e, 0x79, 0x5e, 0x7a, 0x56, 0x7a, 0x5e,
    0x7a, 0x56, 0x79, 0x56, 0x5a, 0x5e, 0x7a, 0x5e, 0x79, 0x56, 0x59, 0x56,
    0x79, 0x56, 0x7a, 0x5e, 0x5a, 0x56, 0x5a, 0x56, 0x7a, 0x5e, 0x5a, 0x5e,
    0x79, 0x5e, 0x79, 0x66, 0x79, 0x66, 0x99, 0x66, 0x7a, 0x6e, 0x99, 0x6e,
    0x9a, 0x76, 0x99, 0x76, 0x99, 0x76, 0xb9, 0x76, 0x99, 0x76, 0xba, 0x76,
    0xba, 0x7e, 0xb9, 0x7e, 0xba, 0x7e, 0xba, 0x7e, 0xbb, 0x76, 0xba, 0x76,
    0x25, 0x65, 0x45, 0x65, 0x45, 0x6d, 0x45, 0x6d, 0x45, 0x6d, 0x45, 0x6d,
    0x45, 0x6d, 0x45, 0x65, 0x45, 0x65, 0x45, 0x65, 0x25, 0x65, 0x46, 0x65,
    0x25, 0x65, 0x45, 0x65, 0x26, 0x5d, 0x26, 0x5d, 0x07, 0x55, 0x8f, 0x55,
    0x37, 0x5e, 0x7a, 0x5e, 0x79, 0x5e, 0x79, 0x5e, 0x79, 0x5e, 0x7a, 0x5e,
    0x9a, 0x5e, 0x99, 0x6e, 0xb9, 0x76, 0xb9, 0x76, 0xba, 0x7e, 0xd9, 0x7e,
    0xba, 0x7e, 0xba, 0x76, 0xd9, 0x7e, 0xd9, 0x7e, 0xda, 0x7e, 0xda, 0x7e,
    0xd9, 0x7e, 0xd9, 0x7e, 0xda, 0x7e, 0xda, 0x7e, 0xda, 0x7e, 0xd9, 0x7e,
    0xda, 0x7e, 0xd9, 0x7e, 0xd9, 0x7e, 0xda, 0x86, 0xd9, 0x86, 0xd9, 0x86,
    0xfa, 0x86, 0xd9, 0x86, 0xfa, 0x86, 0xda, 0x86, 0xda, 0x86, 0xd9, 0x86,
    0xda, 0x86, 0xf9, 0x86, 0xf9, 0x86, 0xfa, 0x86, 0xfa, 0x86, 0xfa, 0x8e,
    0xf9, 0x86, 0xfa, 0x86, 0xfa, 0x8e, 0xf9, 0x86, 0xfa, 0x86, 0xf9, 0x86,
    0xd9, 0x86, 0xd9, 0x7e, 0xda, 0x7e, 0xda, 0x7e, 0xb9, 0x7e, 0xba, 0x76,
    0xb9, 0x6e, 0x9a, 0x66, 0x9a, 0x5e, 0x7a, 0x5e, 0x7a, 0x5e, 0x79, 0x5e,
    0x7a, 0x5e, 0x7a, 0x5e, 0x79, 0x5e, 0x7a, 0x5e, 0x7a, 0x5e, 0x79, 0x5e,
    0x7a, 0x56, 0x7a, 0x5e, 0x79, 0x56, 0x79, 0x5e, 0x7a, 0x5e, 0x79, 0x56,
    0x79, 0x5e, 0x7a, 0x5e, 0x7a, 0x56, 0x79, 0x5e, 0x7a, 0x56, 0x7a, 0x5e,
    0x79, 0x56, 0x7a, 0x5e, 0x7a, 0x56, 0x79, 0x5e, 0x7a, 0x5e, 0x5a, 0x5e,
    0x7a, 0x5e, 0x79, 0x56, 0x79, 0x5e, 0x7a, 0x5e, 0x7a, 0x56, 0x79, 0x5e,
    0x7a, 0x5e, 0x7a, 0x56, 0x79, 0x56, 0x79, 0x5e, 0x59, 0x56, 0x7a, 0x56,
    0x79, 0x56, 0x79, 0x56, 0x7a, 0x56, 0x7a, 0x5e, 0x79, 0x56, 0x7a, 0x56,
    0x79, 0x56, 0x7a, 0x56, 0x7a, 0x56, 0x79, 0x56, 0x7a, 0x56, 0x7a, 0x56,
    0x79, 0x56, 0x79, 0x56, 0x7a, 0x56, 0x7a, 0x56, 0x79, 0x56, 0x59, 0x56,
    0x7a, 0x56, 0x79, 0x56, 0x7a, 0x56, 0x7a, 0x56, 0x59, 0x56, 0x79, 0x56,
    0x79, 0x56, 0x5a, 0x56, 0x7a, 0x56, 0x79, 0x56, 0x7a, 0x56, 0x7a, 0x56,
    0x79, 0x56, 0x7a, 0x56, 0x7a, 0x56, 0x79, 0x56, 0x7a, 0x56, 0x79, 0x56,
    0x79, 0x56, 0x7a, 0x56, 0x7a, 0x56, 0x7a, 0x56, 0x59, 0x56, 0x7a, 0x56,
    0x7a, 0x56, 0x7a, 0x56, 0x79, 0x56, 0x59, 0x56, 0x7a, 0x56, 0x7a, 0x56,
    0x7a, 0x56, 0x79, 0x56, 0x7a, 0x56, 0x79, 0x56, 0x7a, 0x5e, 0x79, 0x56,
    0x79, 0x56, 0x7a, 0x5e, 0x79, 0x56, 0x7a, 0x5e, 0x7a, 0x56, 0x79, 0x5e,
    0x7a, 0x56, 0x7a, 0x5e, 0x79, 0x5e, 0x79, 0x5e, 0x79, 0x56, 0x5a, 0x5e,
    0x7a, 0x5e, 0x79, 0x56, 0x79, 0x5e, 0x7a, 0x5e, 0x7a, 0x56, 0x79, 0x5e,
    0x7a, 0x5e, 0x59, 0x56, 0x79, 0x5e, 0x7a, 0x56, 0x7a, 0x5e, 0x79, 0x5e,
    0x7a, 0x56, 0x79, 0x56, 0x79, 0x56, 0x5a, 0x5e, 0x59, 0x56, 0x79, 0x5e,
    0x7a, 0x5e, 0x7a, 0x56, 0x59, 0x56, 0x7a, 0x5e, 0x79, 0x5e, 0x7a, 0x5e,
    0x7a, 0x56, 0x79, 0x56, 0x59, 0x5e, 0x7a, 0x5e, 0x79, 0x56, 0x79, 0x56,
    0x5a, 0x5e, 0x59, 0x56, 0x7a, 0x56, 0x79, 0x5e, 0x5a, 0x56, 0x79, 0x56,
    0x7a, 0x5e, 0x5a, 0x5e, 0x79, 0x56, 0x79, 0x5e, 0x79, 0x66, 0x99, 0x6e,
    0x99, 0x6e, 0x99, 0x6e, 0x99, 0x6e, 0x99, 0x6e, 0x99, 0x6e, 0x99, 0x76,
    0x99, 0x6e, 0x99, 0x76, 0x99, 0x76, 0xb9, 0x76, 0xb9, 0x76, 0x99, 0x76,
    0xba, 0x76, 0x76, 0x76, 0xec, 0x75, 0x87, 0x75, 0x86, 0x6d, 0x86, 0x6d,
    0x25, 0x65, 0x45, 0x65, 0x45, 0x65, 0x45, 0x65, 0x45, 0x65, 0x45, 0x65,
    0x45, 0x65, 0x25, 0x65, 0x25, 0x65, 0x26, 0x65, 0x26, 0x5d, 0x26, 0x5d,
    0x26, 0x5d, 0x26, 0x5d, 0x26, 0x5d, 0x06, 0x55, 0x06, 0x55, 0xe7, 0x4c,
    0xc6, 0x4c, 0xd3, 0x55, 0x7a, 0x5e, 0x7a, 0x5e, 0x79, 0x5e, 0x7a, 0x5e,
    0x79, 0x5e, 0xba, 0x6e, 0xb9, 0x76, 0xb9, 0x76, 0xb9, 0x76, 0xba, 0x76,
    0xb9, 0x76, 0xd9, 0x76, 0xba, 0x7e, 0xb9, 0x76, 0xb9, 0x76, 0xba, 0x7e,
    0xb9, 0x7e, 0xda, 0x7e, 0xb9, 0x7e, 0xd9, 0x7e, 0xd9, 0x7e, 0xda, 0x7e,
    0xda, 0x7e, 0xd9, 0x7e, 0xd9, 0x7e, 0xda, 0x86, 0xd9, 0x7e, 0xda, 0x86,
    0xda, 0x86, 0xda, 0x86, 0xd9, 0x86, 0xd9, 0x86, 0xfa, 0x86, 0xf9, 0x86,
    0xda, 0x86, 0xda, 0x86, 0xf9, 0x86, 0xda, 0x86, 0xfa, 0x86, 0xf9, 0x86,
    0xfa, 0x86, 0xfa, 0x8e, 0xfa, 0x8e, 0xf9, 0x86, 0xfa, 0x86, 0xfa, 0x86,
    0xf9, 0x86, 0xfa, 0x86, 0xf9, 0x86, 0xd9, 0x86, 0xda, 0x86, 0xda, 0x86,
    0xd9, 0x7e, 0xd9, 0x7e, 0xda, 0x76, 0xb9, 0x76, 0x99, 0x6e, 0x9a, 0x66,
    0x99, 0x5e, 0x79, 0x5e, 0x7a, 0x5e, 0x7a, 0x5e, 0x79, 0x5e, 0x79, 0x5e,
    0x7a, 0x5e, 0x7a, 0x5e, 0x79, 0x5e, 0x7a, 0x56, 0x7a, 0x5e, 0x79, 0x5e,
    0x7a, 0x5e, 0x7a, 0x56, 0x79, 0x5e, 0x79, 0x56, 0x7a, 0x5e, 0x7a, 0x5e,
    0x79, 0x56, 0x7a, 0x56, 0x79, 0x5e, 0x79, 0x56, 0x7a, 0x56, 0x79, 0x56,
    0x7a, 0x5e, 0x7a, 0x56, 0x79, 0x5e, 0x7a, 0x56, 0x7a, 0x5e, 0x79, 0x56,
    0x79, 0x5e, 0x7a, 0x5e, 0x7a, 0x5e, 0x7a, 0x56, 0x7a, 0x5e, 0x79, 0x56,
    0x7a, 0x5e, 0x79, 0x56, 0x79, 0x5e, 0x7a, 0x56, 0x79, 0x56, 0x7a, 0x5e,
    0x79, 0x56, 0x79, 0x56, 0x7a, 0x56, 0x7a, 0x5e, 0x79, 0x56, 0x79, 0x56,
    0x7a, 0x5e, 0x79, 0x56, 0x79, 0x56, 0x7a, 0x56, 0x7a, 0x56, 0x79, 0x56,
    0x7a, 0x56, 0x79, 0x56, 0x79, 0x56, 0x7a, 0x56, 0x7a, 0x56, 0x79, 0x56,
    0x7a, 0x56, 0x79, 0x56, 0x79, 0x5e, 0x7a, 0x56, 0x59, 0x56, 0x79, 0x5e,
    0x7a, 0x56, 0x79, 0x56, 0x79, 0x56, 0x7a, 0x56, 0x79, 0x56, 0x7a, 0x5e,
    0x79, 0x56, 0x79, 0x56, 0x7a, 0x5e, 0x79, 0x56, 0x79, 0x56, 0x7a, 0x56,
    0x79, 0x5e, 0x7a, 0x5e, 0x79, 0x56, 0x7a, 0x56, 0x79, 0x5e, 0x79, 0x5e,
    0x7a, 0x56, 0x79, 0x56, 0x7a, 0x5e, 0x7a, 0x5e, 0x79, 0x56, 0x7a, 0x56,
    0x7a, 0x5e, 0x7a, 0x5e, 0x59, 0x56, 0x79, 0x56, 0x7a, 0x5e, 0x79, 0x5e,
    0x79, 0x56, 0x7a, 0x5e, 0x7a, 0x5e, 0x79, 0x56, 0x7a, 0x56, 0x79, 0x5e,
    0x7a, 0x56, 0x7a, 0x5e, 0x79, 0x56, 0x7a, 0x56, 0x79, 0x5e, 0x7a, 0x5e,
    0x79, 0x56, 0x7a, 0x56, 0x7a, 0x5e, 0x7a, 0x56, 0x79, 0x5e, 0x7a, 0x5e,
    0x79, 0x5e, 0x7a, 0x5e, 0x7a, 0x5e, 0x7a, 0x56, 0x7a, 0x5e, 0x79, 0x56,
    0x79, 0x5e, 0x5a, 0x56, 0x7a, 0x5e, 0x79, 0x56, 0x79, 0x5e, 0x79, 0x56,
    0x5a, 0x5e, 0x7a, 0x5e, 0x7a, 0x56, 0x7a, 0x5e, 0x7a, 0x5e, 0x79, 0x56,
    0x79, 0x5e, 0x7a, 0x56, 0x7a, 0x5e, 0x79, 0x5e, 0x7a, 0x56, 0x7a, 0x5e,
    0x7a, 0x5e, 0x79, 0x56, 0x79, 0x66, 0x99, 0x6e, 0x99, 0x6e, 0x99, 0x6e,
    0x9a, 0x76, 0x9a, 0x76, 0x99, 0x76, 0x99, 0x6e, 0x9a, 0x76, 0x9a, 0x76,
    0x99, 0x6e, 0xba, 0x76, 0xba, 0x76, 0x9a, 0x76, 0x99, 0x76, 0xba, 0x76,
    0xcc, 0x75, 0x64, 0x6d, 0x65, 0x6d, 0x65, 0x6d, 0x85, 0x75, 0x65, 0x6d,
    0x25, 0x65, 0x25, 0x65, 0x25, 0x65, 0x45, 0x65, 0x45, 0x65, 0x25, 0x65,
    0x45, 0x65, 0x25, 0x65, 0x26, 0x65, 0x26, 0x5d, 0x26, 0x5d, 0x05, 0x5d,
    0x06, 0x5d, 0x06, 0x5d, 0x06, 0x55, 0x06, 0x55, 0xe6, 0x54, 0xe7, 0x4c,
    0xe7, 0x4c, 0xe6, 0x4c, 0x36, 0x5e, 0x79, 0x5e, 0x7a, 0x5e, 0x9a, 0x5e,
    0x7a, 0x5e, 0x9a, 0x66, 0x9a, 0x6e, 0xba, 0x76, 0xba, 0x76, 0xb9, 0x76,
    0xb9, 0x76, 0xba, 0x76, 0xb9, 0x76, 0xba, 0x7e, 0xb9, 0x76, 0xb9, 0x7e,
    0xda, 0x7e, 0xb9, 0x7e, 0xba, 0x7e, 0xb9, 0x7e, 0xda, 0x7e, 0xd9, 0x7e,
    0xda, 0x7e, 0xda, 0x7e, 0xd9, 0x7e, 0xda, 0x7e, 0xda, 0x7e, 0xd9, 0x7e,
    0xd9, 0x7e, 0xda, 0x7e, 0xd9, 0x86, 0xd9, 0x86, 0xda, 0x86, 0xd9, 0x86,
    0xda, 0x86, 0xfa, 0x86, 0xd9, 0x86, 0xd9, 0x86, 0xda, 0x86, 0xd9, 0x86,
    0xfa, 0x86, 0xf9, 0x86, 0xda, 0x86, 0xfa, 0x86, 0xf9, 0x86, 0xfa, 0x8e,
    0xfa, 0x86, 0xfa, 0x8e, 0xfa, 0x8e, 0xfa, 0x86, 0xf9, 0x86, 0xfa, 0x86,
    0xf9, 0x86, 0xda, 0x86, 0xda, 0x86, 0xd9, 0x7e, 0xda, 0x7e, 0xda, 0x7e,
    0xb9, 0x76, 0xba, 0x6e, 0x99, 0x66, 0x9a, 0x5e, 0x9a, 0x5e, 0x7a, 0x5e,
    0x99, 0x5e, 0x9a, 0x5e, 0x79, 0x5e, 0x7a, 0x5e, 0x7a, 0x56, 0x7a, 0x5e,
    0x7a, 0x5e, 0x79, 0x56, 0x7a, 0x5e, 0x7a, 0x5e, 0x79, 0x56, 0x79, 0x5e,
    0x7a, 0x5e, 0x79, 0x5e, 0x7a, 0x5e, 0x7a, 0x5e, 0x7a, 0x56, 0x79, 0x5e,
    0x7a, 0x5e, 0x79, 0x56, 0x79, 0x56, 0x7a, 0x5e, 0x79, 0x56, 0x7a, 0x5e,
    0x79, 0x56, 0x79, 0x56, 0x7a, 0x5e, 0x79, 0x56, 0x79, 0x5e, 0x7a, 0x5e,
    0x7a, 0x56, 0x7a, 0x56, 0x7a, 0x5e, 0x79, 0x56, 0x7a, 0x56, 0x7a, 0x5e,
    0x7a, 0x5e, 0x79, 0x5e, 0x7a, 0x5e, 0x79, 0x56, 0x7a, 0x56, 0x79, 0x5e,
    0x7a, 0x5e, 0x7a, 0x56, 0x79, 0x56, 0x7a, 0x5e, 0x7a, 0x5e, 0x7a, 0x5e,
    0x79, 0x5e, 0x7a, 0x5e, 0x7a, 0x56, 0x79, 0x5e, 0x79, 0x5e, 0x7a, 0x5e,
    0x7a, 0x5e, 0x7a, 0x5e, 0x79, 0x56, 0x7a, 0x5e, 0x7a, 0x56, 0x7a, 0x5e,
    0x79, 0x56, 0x7a, 0x5e, 0x7a, 0x5e, 0x7a, 0x5e, 0x79, 0x5e, 0x7a, 0x56,
    0x7a, 0x56, 0x7a, 0x5e, 0x79, 0x56, 0x7a, 0x5e, 0x7a, 0x5e, 0x79, 0x5e,
    0x79, 0x56, 0x7a, 0x5e, 0x7a, 0x5e, 0x79, 0x56, 0x7a, 0x5e, 0x79, 0x56,
    0x7a, 0x5e, 0x79, 0x5e, 0x79, 0x5e, 0x7a, 0x56, 0x7a, 0x5e, 0x79, 0x5e,
    0x7a, 0x56, 0x5a, 0x56, 0x7a, 0x5e, 0x7a, 0x5e, 0x79, 0x5e, 0x7a, 0x56,
    0x79, 0x5e, 0x7a, 0x56, 0x79, 0x5e, 0x7a, 0x5e, 0x7a, 0x56, 0x79, 0x56,
    0x7a, 0x5e, 0x7a, 0x5e, 0x79, 0x5e, 0x7a, 0x5e, 0x7a, 0x5e, 0x79, 0x5e,
    0x7a, 0x56, 0x79, 0x5e, 0x7a, 0x5e, 0x79, 0x5e, 0x79, 0x56, 0x7a, 0x56,
    0x7a, 0x5e, 0x79, 0x5e, 0x7a, 0x56, 0x79, 0x5e, 0x7a, 0x5e, 0x7a, 0x56,
    0x79, 0x5e, 0x79, 0x5e, 0x7a, 0x5e, 0x79, 0x5e, 0x7a, 0x5e, 0x7a, 0x56,
    0x79, 0x5e, 0x79, 0x5e, 0x79, 0x56, 0x7a, 0x56, 0x7a, 0x5e, 0x7a, 0x5e,
    0x7a, 0x5e, 0x7a, 0x5e, 0x79, 0x5e, 0x7a, 0x56, 0x5a, 0x5e, 0x79, 0x5e,
    0x7a, 0x56, 0x79, 0x66, 0x9a, 0x76, 0x99, 0x6e, 0x9a, 0x76, 0x9a, 0x76,
    0xb9, 0x6e, 0x99, 0x76, 0x99, 0x76, 0x99, 0x76, 0x99, 0x6e, 0x99, 0x76,
    0xb9, 0x76, 0xb9, 0x6e, 0x99, 0x76, 0xb9, 0x76, 0xba, 0x76, 0xca, 0x6d,
    0x65, 0x6d, 0x65, 0x6d, 0x65, 0x6d, 0x65, 0x6d, 0x65, 0x6d, 0x65, 0x6d,
    0x06, 0x5d, 0x26, 0x5d, 0x25, 0x5d, 0x26, 0x65, 0x25, 0x65, 0x25, 0x65,
    0x26, 0x65, 0x25, 0x5d, 0x26, 0x5d, 0x06, 0x5d, 0x06, 0x55, 0x06, 0x5d,
    0x06, 0x55, 0x06, 0x55, 0xe7, 0x54, 0xe6, 0x54, 0xe7, 0x4c, 0xe7, 0x4c,
    0xe7, 0x54, 0xe7, 0x4c, 0x2b, 0x55, 0x9a, 0x5e, 0x99, 0x5e, 0x7a, 0x66,
    0x79, 0x5e, 0x99, 0x66, 0x99, 0x66, 0x9a, 0x66, 0xba, 0x6e, 0x99, 0x6e,
    0x9a, 0x6e, 0xb9, 0x6e, 0xba, 0x76, 0xba, 0x76, 0xba, 0x76, 0xb9, 0x76,
    0xba, 0x76, 0xb9, 0x76, 0xba, 0x76, 0xba, 0x76, 0xd9, 0x76, 0xba, 0x76,
    0xda, 0x76, 0xb9, 0x7e, 0xb9, 0x7e, 0xda, 0x7e, 0xd9, 0x7e, 0xda, 0x7e,
    0xd9, 0x7e, 0xda, 0x7e, 0xda, 0x7e, 0xda, 0x7e, 0xd9, 0x7e, 0xda, 0x7e,
    0xfa, 0x7e, 0xd9, 0x86, 0xda, 0x86, 0xfa, 0x86, 0xf9, 0x86, 0xda, 0x86,
    0xda, 0x86, 0xd9, 0x86, 0xfa, 0x86, 0xf9, 0x86, 0xfa, 0x86, 0xd9, 0x86,
    0xda, 0x86, 0xf9, 0x86, 0xf9, 0x86, 0xfa, 0x86, 0xf9, 0x86, 0xd9, 0x86,
    0xfa, 0x86, 0xfa, 0x86, 0xda, 0x86, 0xd9, 0x86, 0xda, 0x7e, 0xd9, 0x7e,
    0xda, 0x7e, 0xba, 0x76, 0xba, 0x6e, 0x99, 0x66, 0x7a, 0x5e, 0x99, 0x5e,
    0x7a, 0x5e, 0x9a, 0x5e, 0x79, 0x5e, 0x7a, 0x5e, 0x79, 0x5e, 0x79, 0x56,
    0x7a, 0x5e, 0x7a, 0x5e, 0x79, 0x5e, 0x7a, 0x5e, 0x79, 0x5e, 0x7a, 0x5e,
    0x7a, 0x56, 0x79, 0x5e, 0x7a, 0x5e, 0x79, 0x5e, 0x79, 0x5e, 0x7a, 0x5e,
    0x7a, 0x56, 0x7a, 0x5e, 0x79, 0x5e, 0x7a, 0x5e, 0x7a, 0x5e, 0x79, 0x5e,
    0x7a, 0x5e, 0x7a, 0x56, 0x7a, 0x5e, 0x79, 0x56, 0x79, 0x5e, 0x7a, 0x5e,
    0x79, 0x56, 0x79, 0x56, 0x7a, 0x5e, 0x7a, 0x5e, 0x79, 0x5e, 0x79, 0x56,
    0x7a, 0x56, 0x7a, 0x5e, 0x79, 0x56, 0x7a, 0x5e, 0x7a, 0x56, 0x79, 0x5e,
    0x7a, 0x56, 0x7a, 0x5e, 0x79, 0x5e, 0x79, 0x56, 0x79, 0x56, 0x79, 0x5e,
    0x7a, 0x56, 0x7a, 0x5e, 0x7a, 0x5e, 0x79, 0x56, 0x7a, 0x5e, 0x7a, 0x56,
    0x79, 0x56, 0x7a, 0x5e, 0x79, 0x56, 0x7a, 0x5e, 0x7a, 0x5e, 0x79, 0x5e,
    0x7a, 0x5e, 0x7a, 0x56, 0x79, 0x56, 0x7a, 0x5e, 0x7a, 0x5e, 0x79, 0x56,
    0x79, 0x5e, 0x7a, 0x5e, 0x79, 0x56, 0x7a, 0x56, 0x7a, 0x5e, 0x7a, 0x56,
    0x79, 0x56, 0x7a, 0x5e, 0x79, 0x56, 0x7a, 0x5e, 0x7a, 0x56, 0x79, 0x5e,
    0x7a, 0x56, 0x7a, 0x56, 0x79, 0x56, 0x7a, 0x5e, 0x7a, 0x5e, 0x79, 0x5e,
    0x79, 0x56, 0x79, 0x5e, 0x79, 0x5e, 0x7a, 0x56, 0x7a, 0x5e, 0x7a, 0x5e,
    0x7a, 0x5e, 0x79, 0x5e, 0x79, 0x5e, 0x7a, 0x5e, 0x7a, 0x5e, 0x79, 0x5e,
    0x7a, 0x5e, 0x79, 0x5e, 0x79, 0x5e, 0x7a, 0x5e, 0x7a, 0x5e, 0x7a, 0x5e,
    0x79, 0x5e, 0x7a, 0x5e, 0x7a, 0x5e, 0x79, 0x5e, 0x7a, 0x5e, 0x7a, 0x5e,
    0x79, 0x5e, 0x79, 0x5e, 0x7a, 0x5e, 0x79, 0x56, 0x79, 0x5e, 0x7a, 0x5e,
    0x7a, 0x5e, 0x7a, 0x5e, 0x7a, 0x56, 0x7a, 0x5e, 0x79, 0x5e, 0x7a, 0x5e,
    0x7a, 0x5e, 0x7a, 0x5e, 0x79, 0x5e, 0x79, 0x5e, 0x79, 0x56, 0x7a, 0x5e,
    0x79, 0x5e, 0x7a, 0x56, 0x79, 0x56, 0x7a, 0x5e, 0x7a, 0x5e, 0x79, 0x56,
    0x79, 0x5e, 0x99, 0x6e, 0x99, 0x76, 0xba, 0x76, 0x99, 0x76, 0x99, 0x6e,
    0x99, 0x76, 0x99, 0x6e, 0xba, 0x6e, 0xb9, 0x76, 0x99, 0x76, 0x99, 0x6e,
    0x9a, 0x76, 0xb9, 0x76, 0x9a, 0x76, 0x99, 0x76, 0x32, 0x76, 0x65, 0x6d,
    0x65, 0x6d, 0x65, 0x6d, 0x65, 0x6d, 0x65, 0x6d, 0x65, 0x6d, 0x65, 0x6d,
    0x06, 0x55, 0x06, 0x5d, 0x06, 0x5d, 0x26, 0x5d, 0x26, 0x65, 0x26, 0x5d,
    0x05, 0x5d, 0x26, 0x5d, 0x06, 0x55, 0xe6, 0x54, 0xe6, 0x54, 0xe6, 0x54,
    0xe7, 0x54, 0xe7, 0x4c, 0xe7, 0x4c, 0xe7, 0x54, 0xe7, 0x4c, 0xe7, 0x4c,
    0xe7, 0x4c, 0xe7, 0x4c, 0xc7, 0x4c, 0x79, 0x5e, 0x79, 0x5e, 0x7a, 0x5e,
    0x79, 0x5e, 0x9a, 0x5e, 0x7a, 0x66, 0x79, 0x66, 0x99, 0x66, 0x9a, 0x66,
    0x9a, 0x66, 0x9a, 0x66, 0x99, 0x66, 0x99, 0x66, 0x9a, 0x66, 0x99, 0x6e,
    0xb9, 0x6e, 0xba, 0x6e, 0xba, 0x6e, 0xb9, 0x6e, 0x99, 0x6e, 0xba, 0x6e,
    0xba, 0x76, 0xb9, 0x76, 0xba, 0x76, 0xb9, 0x76, 0xda, 0x7e, 0xd9, 0x7e,
    0xda, 0x7e, 0xda, 0x7e, 0xd9, 0x7e, 0xda, 0x7e, 0xd9, 0x7e, 0xd9, 0x7e,
    0xda, 0x7e, 0xd9, 0x7e, 0xd9, 0x7e, 0xda, 0x7e, 0xd9, 0x7e, 0xda, 0x7e,
    0xd9, 0x7e, 0xd9, 0x7e, 0xda, 0x86, 0xda, 0x86, 0xd9, 0x86, 0xda, 0x86,
    0xda, 0x86, 0xd9, 0x86, 0xda, 0x86, 0xda, 0x86, 0xfa, 0x86, 0xda, 0x86,
    0xd9, 0x86, 0xfa, 0x7e, 0xd9, 0x7e, 0xd9, 0x7e, 0xda, 0x7e, 0xda, 0x7e,
    0xd9, 0x76, 0xba, 0x76, 0xb9, 0x6e, 0x9a, 0x66, 0x99, 0x5e, 0x79, 0x5e,
    0x7a, 0x5e, 0x99, 0x5e, 0x7a, 0x5e, 0x79, 0x5e, 0x99, 0x5e, 0x7a, 0x5e,
    0x9a, 0x5e, 0x99, 0x5e, 0x9a, 0x5e, 0x7a, 0x5e, 0x99, 0x5e, 0x9a, 0x5e,
    0x99, 0x56, 0x9a, 0x5e, 0x7a, 0x5e, 0x7a, 0x56, 0x99, 0x5e, 0x79, 0x5e,
    0x7a, 0x5e, 0x7a, 0x5e, 0x79, 0x5e, 0x7a, 0x56, 0x9a, 0x5e, 0x79, 0x56,
    0x79, 0x56, 0x9a, 0x5e, 0x79, 0x5e, 0x7a, 0x5e, 0x7a, 0x56, 0x7a, 0x5e,
    0x79, 0x5e, 0x7a, 0x5e, 0x7a, 0x5e, 0x79, 0x5e, 0x7a, 0x5e, 0x7a, 0x56,
    0x79, 0x5e, 0x7a, 0x5e, 0x79, 0x56, 0x7a, 0x5e, 0x7a, 0x5e, 0x79, 0x56,
    0x7a, 0x5e, 0x7a, 0x56, 0x79, 0x5e, 0x7a, 0x56, 0x7a, 0x5e, 0x7a, 0x56,
    0x79, 0x5e, 0x79, 0x56, 0x79, 0x5e, 0x7a, 0x56, 0x9a, 0x5e, 0x79, 0x56,
    0x7a, 0x5e, 0x79, 0x5e, 0x7a, 0x56, 0x79, 0x56, 0x99, 0x5e, 0x7a, 0x56,
    0x7a, 0x5e, 0x79, 0x5e, 0x79, 0x56, 0x79, 0x56, 0x7a, 0x5e, 0x7a, 0x5e,
    0x79, 0x56, 0x79, 0x5e, 0x7a, 0x5e, 0x79, 0x5e, 0x79, 0x56, 0x7a, 0x5e,
    0x7a, 0x5e, 0x79, 0x5e, 0x79, 0x56, 0x7a, 0x5e, 0x7a, 0x5e, 0x79, 0x5e,
    0x79, 0x5e, 0x7a, 0x5e, 0x7a, 0x5e, 0x79, 0x5e, 0x7a, 0x56, 0x7a, 0x5e,
    0x7a, 0x5e, 0x7a, 0x5e, 0x7a, 0x5e, 0x99, 0x5e, 0x7a, 0x56, 0x79, 0x5e,
    0x99, 0x5e, 0x9a, 0x5e, 0x7a, 0x5e, 0x99, 0x5e, 0x9a, 0x5e, 0x7a, 0x5e,
    0x79, 0x5e, 0x7a, 0x5e, 0x9a, 0x56, 0x79, 0x5e, 0x7a, 0x5e, 0x99, 0x5e,
    0x7a, 0x5e, 0x99, 0x5e, 0x7a, 0x5e, 0x7a, 0x56, 0x79, 0x5e, 0x7a, 0x5e,
    0x7a, 0x56, 0x7a, 0x5e, 0x7a, 0x5e, 0x7a, 0x5e, 0x79, 0x5e, 0x7a, 0x5e,
    0x79, 0x56, 0x79, 0x5e, 0x7a, 0x5e, 0x79, 0x5e, 0x7a, 0x5e, 0x79, 0x56,
    0x79, 0x5e, 0x7a, 0x5e, 0x7a, 0x5e, 0x7a, 0x5e, 0x7a, 0x5e, 0x79, 0x56,
    0x7a, 0x5e, 0x7a, 0x5e, 0x7a, 0x5e, 0x79, 0x5e, 0x7a, 0x5e, 0x7a, 0x5e,
    0x99, 0x6e, 0xb9, 0x76, 0xba, 0x6e, 0x99, 0x76, 0x99, 0x6e, 0xb9, 0x76,
    0x99, 0x76, 0xba, 0x76, 0x99, 0x76, 0xb9, 0x76, 0xba, 0x76, 0xba, 0x6e,
    0x99, 0x6e, 0x99, 0x6e, 0x99, 0x6e, 0xbb, 0x6e, 0x88, 0x6d, 0x65, 0x6d,
    0x65, 0x6d, 0x64, 0x6d, 0x65, 0x6d, 0x64, 0x6d, 0x64, 0x6d, 0x65, 0x6d,
    0x06, 0x55, 0x06, 0x55, 0xe6, 0x54, 0x06, 0x5d, 0x26, 0x5d, 0x06, 0x5d,
    0x06, 0x5d, 0xe6, 0x54, 0xc7, 0x4c, 0xc7, 0x4c, 0xe7, 0x54, 0xe7, 0x54,
    0xe7, 0x4c, 0xe7, 0x4c, 0xc7, 0x4c, 0xc7, 0x4c, 0xe7, 0x4c, 0xc7, 0x4c,
    0xe7, 0x4c, 0xc7, 0x4c, 0xc7, 0x4c, 0x37, 0x5e, 0x79, 0x5e, 0x7a, 0x5e,
    0x9a, 0x66, 0x9a, 0x5e, 0x7a, 0x5e, 0x9a, 0x5e, 0x9a, 0x5e, 0x79, 0x66,
    0x7a, 0x5e, 0x9a, 0x5e, 0x79, 0x5e, 0x7a, 0x66, 0x9a, 0x5e, 0x9a, 0x5e,
    0x9a, 0x66, 0x9a, 0x66, 0x99, 0x66, 0x9a, 0x66, 0x9a, 0x66, 0x99, 0x66,
    0x9a, 0x6e, 0xba, 0x66, 0x9a, 0x6e, 0xba, 0x6e, 0xba, 0x6e, 0xba, 0x76,
    0xb9, 0x76, 0xb9, 0x76, 0xda, 0x76, 0xd9, 0x76, 0xda, 0x7e, 0xba, 0x76,
    0xda, 0x7e, 0xda, 0x7e, 0xda, 0x76, 0xb9, 0x76, 0xda, 0x7e, 0xd9, 0x76,
    0xda, 0x76, 0xb9, 0x76, 0xda, 0x76, 0xba, 0x76, 0xb9, 0x76, 0xba, 0x6e,
    0xba, 0x6e, 0xb9, 0x6e, 0xba, 0x6e, 0x99, 0x6e, 0xb9, 0x6e, 0xba, 0x6e,
    0xba, 0x6e, 0x99, 0x6e, 0xba, 0x6e, 0xba, 0x6e, 0xba, 0x66, 0x99, 0x66,
    0x9a, 0x66, 0x9a, 0x66, 0x99, 0x66, 0x9a, 0x5e, 0x9a, 0x5e, 0x9a, 0x5e,
    0x9a, 0x5e, 0x7a, 0x5e, 0x9a, 0x5e, 0x7a, 0x5e, 0x9a, 0x5e, 0x9a, 0x5e,
    0x79, 0x5e, 0x99, 0x5e, 0x7a, 0x5e, 0x7a, 0x56, 0x79, 0x5e, 0x79, 0x5e,
    0x7a, 0x5e, 0x99, 0x5e, 0x7a, 0x5e, 0x79, 0x56, 0x7a, 0x5e, 0x99, 0x5e,
    0x79, 0x56, 0x9a, 0x5e, 0x99, 0x5e, 0x9a, 0x5e, 0x79, 0x5e, 0x7a, 0x5e,
    0x7a, 0x56, 0x79, 0x5e, 0x9a, 0x5e, 0x9a, 0x5e, 0x79, 0x56, 0x9a, 0x5e,
    0x9a, 0x5e, 0x79, 0x56, 0x9a, 0x5e, 0x99, 0x5e, 0x79, 0x56, 0x9a, 0x5e,
    0x9a, 0x5e, 0x79, 0x5e, 0x9a, 0x5e, 0x9a, 0x5e, 0x79, 0x56, 0x9a, 0x5e,
    0x99, 0x5e, 0x79, 0x5e, 0x7a, 0x56, 0x7a, 0x5e, 0x99, 0x5e, 0x7a, 0x5e,
    0x99, 0x56, 0x9a, 0x5e, 0x7a, 0x5e, 0x79, 0x5e, 0x79, 0x5e, 0x9a, 0x5e,
    0x7a, 0x56, 0x99, 0x5e, 0x7a, 0x5e, 0x99, 0x5e, 0x79, 0x56, 0x7a, 0x5e,
    0x9a, 0x5e, 0x7a, 0x5e, 0x7a, 0x5e, 0x79, 0x5e, 0x9a, 0x5e, 0x79, 0x5e,
    0x7a, 0x56, 0x9a, 0x5e, 0x7a, 0x5e, 0x7a, 0x56, 0x79, 0x5e, 0x9a, 0x5e,
    0x9a, 0x5e, 0x79, 0x56, 0x7a, 0x5e, 0x9a, 0x5e, 0x79, 0x56, 0x9a, 0x5e,
    0x9a, 0x5e, 0x79, 0x5e, 0x7a, 0x56, 0x99, 0x5e, 0x9a, 0x5e, 0x7a, 0x5e,
    0x79, 0x56, 0x7a, 0x5e, 0x9a, 0x5e, 0x79, 0x5e, 0x9a, 0x5e, 0x7a, 0x56,
    0x99, 0x5e, 0x9a, 0x5e, 0x7a, 0x5e, 0x79, 0x5e, 0x99, 0x5e, 0x9a, 0x66,
    0xba, 0x6e, 0xba, 0x66, 0xb9, 0x66, 0x9a, 0x5e, 0x79, 0x5e, 0x9a, 0x5e,
    0x9a, 0x5e, 0x79, 0x5e, 0x99, 0x5e, 0x9a, 0x5e, 0x99, 0x5e, 0x7a, 0x5e,
    0x79, 0x5e, 0x9a, 0x5e, 0x99, 0x5e, 0x7a, 0x5e, 0x9a, 0x5e, 0x7a, 0x5e,
    0x79, 0x5e, 0x9a, 0x5e, 0x79, 0x5e, 0x7a, 0x5e, 0x7a, 0x5e, 0x7a, 0x5e,
    0x79, 0x5e, 0x99, 0x5e, 0x7a, 0x56, 0x7a, 0x5e, 0x7a, 0x5e, 0x7a, 0x5e,
    0x79, 0x5e, 0x7a, 0x5e, 0x7a, 0x5e, 0x7a, 0x5e, 0x79, 0x5e, 0x7a, 0x5e,
    0x99, 0x6e, 0x99, 0x76, 0xb9, 0x76, 0xba, 0x76, 0xb9, 0x76, 0x99, 0x76,
    0xb9, 0x76, 0xb9, 0x76, 0x99, 0x76, 0x99, 0x76, 0x99, 0x76, 0x9a, 0x76,
    0xba, 0x6e, 0x9a, 0x6e, 0x77, 0x6e, 0x76, 0x6e, 0x65, 0x6d, 0x65, 0x6d,
    0x64, 0x6d, 0x45, 0x6d, 0x65, 0x75, 0x65, 0x6d, 0x45, 0x6d, 0x65, 0x6d,
    0xe6, 0x54, 0xe6, 0x54, 0xe6, 0x54, 0xe6, 0x54, 0xe6, 0x54, 0xe6, 0x54,
    0xe7, 0x54, 0xe7, 0x4c, 0xc6, 0x54, 0xc7, 0x4c, 0xc7, 0x4c, 0xc7, 0x4c,
    0xc7, 0x4c, 0xc7, 0x4c, 0xc7, 0x4c, 0xc7, 0x4c, 0xc7, 0x4c, 0xc7, 0x4c,
    0xc7, 0x4c, 0xc7, 0x4c, 0xc7, 0x4c, 0x58, 0x5e, 0x79, 0x5e, 0x9a, 0x66,
    0x99, 0x5e, 0x9a, 0x5e, 0x79, 0x66, 0x9a, 0x5e, 0x9a, 0x5e, 0x99, 0x5e,
    0x7a, 0x66, 0x9a, 0x5e, 0x99, 0x5e, 0x9a, 0x66, 0x99, 0x5e, 0x99, 0x66,
    0x9a, 0x5e, 0x9a, 0x5e, 0x99, 0x66, 0x9a, 0x66, 0x9a, 0x66, 0x99, 0x66,
    0x9a, 0x66, 0x99, 0x66, 0x99, 0x66, 0x9a, 0x66, 0x9a, 0x66, 0x99, 0x6e,
    0xba, 0x6e, 0x99, 0x6e, 0xba, 0x6e, 0xba, 0x76, 0xb9, 0x6e, 0xba, 0x76,
    0xb9, 0x6e, 0xb9, 0x76, 0xba, 0x76, 0xba, 0x6e, 0xb9, 0x6e, 0xba, 0x6e,
    0xba, 0x6e, 0xba, 0x6e, 0x99, 0x6e, 0x9a, 0x66, 0x9a, 0x66, 0xb9, 0x66,
    0x9a, 0x66, 0x9a, 0x5e, 0x99, 0x5e, 0x9a, 0x5e, 0x9a, 0x5e, 0x99, 0x5e,
    0x9a, 0x5e, 0x9a, 0x5e, 0x9a, 0x5e, 0x99, 0x5e, 0x9a, 0x5e, 0x79, 0x5e,
    0x9a, 0x5e, 0x7a, 0x5e, 0x99, 0x5e, 0x9a, 0x5e, 0x7a, 0x5e, 0x7a, 0x5e,
    0x99, 0x5e, 0x9a, 0x5e, 0x79, 0x5e, 0x99, 0x5e, 0x9a, 0x5e, 0x7a, 0x5e,
    0x79, 0x5e, 0x9a, 0x5e, 0x7a, 0x5e, 0x9a, 0x5e, 0x7a, 0x5e, 0x9a, 0x5e,
    0x9a, 0x5e, 0x79, 0x5e, 0x9a, 0x5e, 0x99, 0x5e, 0x9a, 0x5e, 0x7a, 0x5e,
    0x99, 0x5e, 0x7a, 0x5e, 0x79, 0x56, 0x9a, 0x5e, 0x9a, 0x5e, 0x99, 0x5e,
    0x9a, 0x5e, 0x79, 0x5e, 0x79, 0x5e, 0x7a, 0x5e, 0x99, 0x5e, 0x79, 0x5e,
    0x7a, 0x5e, 0x99, 0x5e, 0x79, 0x5e, 0x7a, 0x5e, 0x7a, 0x5e, 0x99, 0x56,
    0x7a, 0x5e, 0x99, 0x5e, 0x79, 0x5e, 0x7a, 0x5e, 0x79, 0x56, 0x9a, 0x5e,
    0x7a, 0x5e, 0x99, 0x5e, 0x9a, 0x5e, 0x99, 0x5e, 0x7a, 0x5e, 0x99, 0x5e,
    0x9a, 0x5e, 0x7a, 0x5e, 0x7a, 0x5e, 0x9a, 0x56, 0x99, 0x5e, 0x7a, 0x5e,
    0x9a, 0x5e, 0x79, 0x5e, 0x7a, 0x5e, 0x9a, 0x5e, 0x7a, 0x5e, 0x99, 0x5e,
    0x99, 0x5e, 0x9a, 0x56, 0x79, 0x5e, 0x7a, 0x5e, 0x79, 0x5e, 0x9a, 0x5e,
    0x99, 0x5e, 0x79, 0x5e, 0x79, 0x56, 0x9a, 0x5e, 0x79, 0x5e, 0x7a, 0x5e,
    0x79, 0x5e, 0x7a, 0x5e, 0x9a, 0x5e, 0x99, 0x5e, 0x79, 0x5e, 0x7a, 0x56,
    0x79, 0x5e, 0x9a, 0x56, 0x9a, 0x5e, 0x79, 0x5e, 0x99, 0x5e, 0x9a, 0x5e,
    0x79, 0x5e, 0x99, 0x5e, 0x9a, 0x5e, 0x99, 0x5e, 0x7a, 0x5e, 0x9a, 0x5e,
    0x9a, 0x66, 0x9a, 0x66, 0xda, 0x76, 0xda, 0x7e, 0xfa, 0x86, 0xfa, 0x86,
    0xf9, 0x86, 0xfa, 0x86, 0xda, 0x86, 0xda, 0x7e, 0xba, 0x6e, 0x9a, 0x66,
    0x7a, 0x5e, 0x7a, 0x5e, 0x9a, 0x5e, 0x7a, 0x5e, 0x7a, 0x5e, 0x99, 0x5e,
    0x9a, 0x5e, 0x79, 0x5e, 0x9a, 0x5e, 0x99, 0x5e, 0x9a, 0x5e, 0x9a, 0x5e,
    0x7a, 0x5e, 0x9a, 0x5e, 0x7a, 0x5e, 0x99, 0x5e, 0x9a, 0x5e, 0x9a, 0x5e,
    0x9a, 0x5e, 0x9a, 0x5e, 0x79, 0x5e, 0x99, 0x5e, 0x9a, 0x5e, 0x7a, 0x5e,
    0x99, 0x5e, 0x9a, 0x5e, 0x79, 0x56, 0x7a, 0x5e, 0x9a, 0x5e, 0x99, 0x66,
    0xb9, 0x6e, 0x99, 0x6e, 0x9a, 0x76, 0xb9, 0x76, 0x99, 0x6e, 0xb9, 0x76,
    0x9a, 0x76, 0xb9, 0x76, 0x99, 0x76, 0xb9, 0x6e, 0xba, 0x76, 0x11, 0x6e,
    0xa9, 0x6d, 0x65, 0x6d, 0x64, 0x6d, 0x44, 0x6d, 0x65, 0x6d, 0x65, 0x6d,
    0x65, 0x6d, 0x65, 0x6d, 0x44, 0x6d, 0x45, 0x6d, 0x45, 0x6d, 0x45, 0x6d,
    0xc7, 0x4c, 0xe7, 0x54, 0xe7, 0x54, 0xe7, 0x54, 0xe7, 0x54, 0xc7, 0x54,
    0xc7, 0x4c, 0xc7, 0x4c, 0xe7, 0x4c, 0xc7, 0x4c, 0xc7, 0x4c, 0xc7, 0x4c,
    0xc7, 0x4c, 0xc7, 0x4c, 0xc7, 0x4c, 0xc7, 0x4c, 0xc7, 0x4c, 0xc8, 0x4c,
    0xc8, 0x44, 0xc8, 0x4c, 0xc8, 0x44, 0x9a, 0x5e, 0x9a, 0x66, 0x99, 0x5e,
    0x9a, 0x66, 0x99, 0x5e, 0x9a, 0x66, 0x99, 0x5e, 0x9a, 0x5e, 0x9a, 0x66,
    0x99, 0x5e, 0x9a, 0x66, 0x7a, 0x5e, 0x99, 0x5e, 0x7a, 0x66, 0x9a, 0x66,
    0x9a, 0x66, 0x79, 0x5e, 0x9a, 0x5e, 0x9a, 0x5e, 0x99, 0x5e, 0x9a, 0x66,
    0x9a, 0x5e, 0x9a, 0x66, 0x9a, 0x66, 0x99, 0x66, 0x9a, 0x66, 0x9a, 0x66,
    0x9a, 0x66, 0x9a, 0x66, 0x99, 0x66, 0x9a, 0x66, 0x9a, 0x66, 0x99, 0x66,
    0x9a, 0x66, 0xba, 0x6e, 0x9a, 0x66, 0x99, 0x66, 0x9a, 0x66, 0x9a, 0x66,
    0x99, 0x66, 0x9a, 0x66, 0x9a, 0x66, 0x99, 0x66, 0x9a, 0x5e, 0x99, 0x5e,
    0x9a, 0x5e, 0x9a, 0x5e, 0x99, 0x5e, 0x9a, 0x66, 0x9a, 0x5e, 0x99, 0x5e,
    0x9a, 0x5e, 0x7a, 0x5e, 0x99, 0x5e, 0x9a, 0x66, 0x7a, 0x5e, 0x9a, 0x5e,
    0x99, 0x5e, 0x9a, 0x5e, 0x9a, 0x5e, 0x99, 0x66, 0x99, 0x5e, 0x9a, 0x5e,
    0x9a, 0x5e, 0x99, 0x5e, 0x7a, 0x5e, 0x9a, 0x5e, 0x99, 0x5e, 0x7a, 0x5e,
    0x9a, 0x5e, 0x99, 0x5e, 0x79, 0x5e, 0x99, 0x5e, 0x9a, 0x5e, 0x79, 0x5e,
    0x9a, 0x5e, 0x9a, 0x5e, 0x79, 0x5e, 0x7a, 0x5e, 0x9a, 0x5e, 0x79, 0x5e,
    0x9a, 0x5e, 0x7a, 0x5e, 0x7a, 0x5e, 0x7a, 0x5e, 0x79, 0x5e, 0x9a, 0x5e,
    0x7a, 0x5e, 0x99, 0x5e, 0x9a, 0x5e, 0x7a, 0x5e, 0x9a, 0x5e, 0x9a, 0x5e,
    0x79, 0x5e, 0x9a, 0x5e, 0x9a, 0x5e, 0x7a, 0x5e, 0x9a, 0x5e, 0x79, 0x5e,
    0x7a, 0x5e, 0x9a, 0x5e, 0x9a, 0x5e, 0x7a, 0x5e, 0x99, 0x5e, 0x7a, 0x5e,
    0x7a, 0x5e, 0x99, 0x5e, 0x79, 0x5e, 0x9a, 0x5e, 0x7a, 0x56, 0x79, 0x5e,
    0x9a, 0x5e, 0x79, 0x5e, 0x99, 0x5e, 0x9a, 0x5e, 0x7a, 0x5e, 0x79, 0x5e,
    0x9a, 0x5e, 0x7a, 0x5e, 0x99, 0x56, 0x7a, 0x5e, 0x99, 0x5e, 0x7a, 0x5e,
    0x7a, 0x5e, 0x79, 0x5e, 0x9a, 0x5e, 0x9a, 0x5e, 0x9a, 0x5e, 0x7a, 0x5e,
    0x9a, 0x5e, 0x9a, 0x5e, 0x7a, 0x5e, 0x99, 0x5e, 0x9a, 0x5e, 0x7a, 0x5e,
    0x99, 0x5e, 0x9a, 0x5e, 0x7a, 0x5e, 0x79, 0x5e, 0x9a, 0x5e, 0x7a, 0x5e,
    0x79, 0x5e, 0x9a, 0x5e, 0x7a, 0x5e, 0x7a, 0x5e, 0x9a, 0x5e, 0x79, 0x5e,
    0x9a, 0x5e, 0x7a, 0x5e, 0x7a, 0x5e, 0x9a, 0x5e, 0x99, 0x5e, 0x99, 0x6e,
    0xda, 0x7e, 0xfa, 0x86, 0xf9, 0x8e, 0xfa, 0x8e, 0x1a, 0x8f, 0xf9, 0x8e,
    0x1a, 0x8f, 0xfa, 0x8e, 0xfa, 0x8e, 0xfa, 0x86, 0xf9, 0x86, 0xfa, 0x7e,
    0xb9, 0x6e, 0x99, 0x5e, 0x9a, 0x5e, 0x9a, 0x5e, 0x99, 0x5e, 0x7a, 0x5e,
    0x7a, 0x5e, 0x7a, 0x5e, 0x9a, 0x5e, 0x79, 0x5e, 0x79, 0x5e, 0x9a, 0x5e,
    0x79, 0x5e, 0x99, 0x5e, 0x9a, 0x5e, 0x79, 0x5e, 0x9a, 0x5e, 0x9a, 0x5e,
    0x79, 0x5e, 0x7a, 0x5e, 0x9a, 0x5e, 0x99, 0x5e, 0x9a, 0x5e, 0x79, 0x5e,
    0x9a, 0x5e, 0x9a, 0x5e, 0x79, 0x5e, 0x99, 0x5e, 0x9a, 0x66, 0x99, 0x6e,
    0xba, 0x6e, 0xba, 0x76, 0x99, 0x76, 0x99, 0x6e, 0xba, 0x76, 0xb9, 0x76,
    0x99, 0x76, 0x9a, 0x76, 0xba, 0x76, 0x75, 0x6e, 0x86, 0x6d, 0x65, 0x6d,
    0x65, 0x6d, 0x65, 0x6d, 0x65, 0x6d, 0x65, 0x6d, 0x44, 0x6d, 0x65, 0x6d,
    0x45, 0x6d, 0x44, 0x6d, 0x65, 0x6d, 0x65, 0x6d, 0x45, 0x6d, 0x45, 0x6d,
    0xc7, 0x4c, 0xc7, 0x4c, 0xe7, 0x54, 0xe7, 0x4c, 0xc7, 0x4c, 0xc7, 0x4c,
    0xc7, 0x4c, 0xc7, 0x4c, 0xc7, 0x4c, 0xc7, 0x4c, 0xc7, 0x4c, 0xc7, 0x4c,
    0xa7, 0x44, 0xa7, 0x44, 0xc7, 0x4c, 0xc8, 0x44, 0xa7, 0x44, 0xc8, 0x44,
    0xc8, 0x44, 0xc7, 0x44, 0x6f, 0x55, 0x9a, 0x66, 0x9a, 0x66, 0x9a, 0x5e,
    0x7a, 0x66, 0x9a, 0x66, 0x99, 0x5e, 0x9a, 0x66, 0x9a, 0x66, 0x79, 0x5e,
    0x9a, 0x66, 0x99, 0x66, 0x9a, 0x66, 0x9a, 0x66, 0x9a, 0x5e, 0x99, 0x5e,
    0x9a, 0x66, 0x99, 0x66, 0x9a, 0x5e, 0x9a, 0x66, 0x99, 0x5e, 0x9a, 0x66,
    0x99, 0x66, 0x9a, 0x5e, 0x9a, 0x5e, 0x99, 0x5e, 0x99, 0x66, 0x9a, 0x5e,
    0x9a, 0x5e, 0x99, 0x66, 0x9a, 0x66, 0x9a, 0x66, 0x9a, 0x66, 0x9a, 0x66,
    0x9a, 0x66, 0x9a, 0x66, 0x99, 0x66, 0x9a, 0x66, 0x9a, 0x66, 0x9a, 0x66,
    0x99, 0x66, 0x99, 0x66, 0x9a, 0x5e, 0x9a, 0x5e, 0x99, 0x5e, 0x9a, 0x66,
    0x9a, 0x5e, 0x9a, 0x66, 0x99, 0x66, 0x9a, 0x5e, 0x7a, 0x66, 0x99, 0x5e,
    0x9a, 0x66, 0x9a, 0x66, 0x99, 0x5e, 0x9a, 0x66, 0x9a, 0x66, 0x9a, 0x5e,
    0x9a, 0x66, 0x99, 0x5e, 0x9a, 0x66, 0x7a, 0x5e, 0x99, 0x5e, 0x9a, 0x5e,
    0x7a, 0x5e, 0x99, 0x5e, 0x9a, 0x5e, 0x9a, 0x5e, 0x79, 0x5e, 0x7a, 0x5e,
    0x9a, 0x5e, 0x9a, 0x5e, 0x7a, 0x5e, 0x9a, 0x5e, 0x99, 0x5e, 0x99, 0x5e,
    0x9a, 0x5e, 0x9a, 0x5e, 0x79, 0x5e, 0x9a, 0x5e, 0x9a, 0x5e, 0x99, 0x5e,
    0x99, 0x5e, 0x9a, 0x5e, 0x99, 0x5e, 0x9a, 0x5e, 0x99, 0x5e, 0x7a, 0x5e,
    0x9a, 0x5e, 0x99, 0x5e, 0x9a, 0x5e, 0x79, 0x5e, 0x99, 0x5e, 0x9a, 0x5e,
    0x7a, 0x5e, 0x99, 0x5e, 0x99, 0x5e, 0x79, 0x5e, 0x99, 0x5e, 0x9a, 0x5e,
    0x9a, 0x5e, 0x99, 0x56, 0x79, 0x5e, 0x9a, 0x5e, 0x9a, 0x5e, 0x99, 0x5e,
    0x7a, 0x56, 0x7a, 0x5e, 0x9a, 0x5e, 0x79, 0x5e, 0x9a, 0x5e, 0x99, 0x5e,
    0x7a, 0x5e, 0x79, 0x5e, 0x99, 0x5e, 0x7a, 0x5e, 0x9a, 0x5e, 0x99, 0x5e,
    0x79, 0x5e, 0x9a, 0x5e, 0x99, 0x5e, 0x7a, 0x5e, 0x79, 0x56, 0x9a, 0x5e,
    0x9a, 0x5e, 0x99, 0x5e, 0x9a, 0x5e, 0x79, 0x5e, 0x99, 0x5e, 0x9a, 0x5e,
    0x79, 0x56, 0x7a, 0x5e, 0x79, 0x5e, 0x9a, 0x5e, 0x79, 0x5e, 0x9a, 0x56,
    0x7a, 0x5e, 0x99, 0x5e, 0x99, 0x5e, 0x7a, 0x5e, 0x9a, 0x5e, 0x99, 0x5e,
    0x9a, 0x5e, 0x99, 0x5e, 0x99, 0x5e, 0x9a, 0x5e, 0x9a, 0x5e, 0x99, 0x5e,
    0x9a, 0x5e, 0x99, 0x5e, 0x9a, 0x5e, 0x9a, 0x5e, 0xb9, 0x6e, 0xfa, 0x86,
    0x1a, 0x8f, 0x19, 0x8f, 0x1a, 0x8f, 0x1a, 0x97, 0x19, 0x97, 0x1a, 0x97,
    0x1a, 0x97, 0x1a, 0x97, 0x19, 0x8f, 0x1a, 0x8f, 0x1a, 0x8f, 0xfa, 0x86,
    0xda, 0x86, 0xb9, 0x6e, 0x9a, 0x5e, 0x79, 0x5e, 0x9a, 0x5e, 0x99, 0x5e,
    0x9a, 0x5e, 0x99, 0x5e, 0x9a, 0x5e, 0x9a, 0x5e, 0x9a, 0x5e, 0x99, 0x5e,
    0x9a, 0x5e, 0x9a, 0x5e, 0x7a, 0x5e, 0x99, 0x5e, 0x79, 0x5e, 0x7a, 0x5e,
    0x99, 0x5e, 0x99, 0x5e, 0x9a, 0x5e, 0x9a, 0x5e, 0x99, 0x5e, 0x9a, 0x5e,
    0x9a, 0x5e, 0x9a, 0x66, 0x99, 0x6e, 0xb9, 0x6e, 0xb9, 0x6e, 0xba, 0x76,
    0xb9, 0x76, 0x99, 0x6e, 0xb9, 0x76, 0xba, 0x76, 0xb9, 0x76, 0xb9, 0x76,
    0xb9, 0x76, 0xb9, 0x76, 0x98, 0x6e, 0x64, 0x6d, 0x65, 0x6d, 0x65, 0x6d,
    0x65, 0x6d, 0x65, 0x6d, 0x65, 0x6d, 0x65, 0x6d, 0x45, 0x6d, 0x65, 0x6d,
    0x45, 0x6d, 0x45, 0x6d, 0x45, 0x6d, 0x45, 0x6d, 0x45, 0x65, 0x45, 0x6d,
    0xc7, 0x4c, 0xa6, 0x4c, 0xc7, 0x4c, 0xc7, 0x4c, 0xc7, 0x4c, 0xc7, 0x4c,
    0xc7, 0x4c, 0xc7, 0x4c, 0xc7, 0x4c, 0xa7, 0x4c, 0xa7, 0x4c, 0xa7, 0x44,
    0xa8, 0x44, 0xa8, 0x44, 0xa8, 0x44, 0xa8, 0x44, 0xa8, 0x44, 0xa8, 0x44,
    0xa8, 0x44, 0xea, 0x4c, 0x9a, 0x66, 0x99, 0x5e, 0x99, 0x66, 0x9a, 0x66,
    0x7a, 0x5e, 0x9a, 0x66, 0x9a, 0x66, 0x99, 0x66, 0x9a, 0x5e, 0x9a, 0x5e,
    0x9a, 0x66, 0x99, 0x5e, 0x9a, 0x66, 0x9a, 0x5e, 0x79, 0x66, 0x9a, 0x66,
    0x9a, 0x5e, 0x99, 0x66, 0x9a, 0x66, 0x9a, 0x66, 0x79, 0x5e, 0x9a, 0x66,
    0x9a, 0x66, 0x99, 0x5e, 0x9a, 0x66, 0x9a, 0x66, 0x99, 0x66, 0x9a, 0x5e,
    0x99, 0x5e, 0x99, 0x66, 0x9a, 0x5e, 0x9a, 0x5e, 0xb9, 0x66, 0x9a, 0x66,
    0x99, 0x66, 0x9a, 0x5e, 0x9a, 0x66, 0x99, 0x66, 0x99, 0x5e, 0x9a, 0x66,
    0x9a, 0x66, 0x9a, 0x5e, 0x99, 0x66, 0x9a, 0x66, 0x9a, 0x66, 0x99, 0x5e,
    0x9a, 0x66, 0x9a, 0x66, 0x99, 0x5e, 0x9a, 0x5e, 0x9a, 0x66, 0x9a, 0x5e,
    0x99, 0x5e, 0x9a, 0x66, 0x9a, 0x5e, 0x99, 0x5e, 0x99, 0x66, 0x9a, 0x5e,
    0x99, 0x5e, 0x7a, 0x66, 0x9a, 0x5e, 0x9a, 0x66, 0x9a, 0x66, 0x9a, 0x66,
    0x99, 0x5e, 0x9a, 0x66, 0x99, 0x66, 0x9a, 0x5e, 0x99, 0x5e, 0x99, 0x5e,
    0x9a, 0x5e, 0x99, 0x5e, 0x9a, 0x5e, 0x99, 0x5e, 0x9a, 0x5e, 0x9a, 0x5e,
    0x9a, 0x5e, 0x99, 0x5e, 0x9a, 0x5e, 0x9a, 0x5e, 0x99, 0x5e, 0x9a, 0x5e,
    0x9a, 0x5e, 0x99, 0x5e, 0x9a, 0x5e, 0x99, 0x5e, 0x99, 0x5e, 0x9a, 0x5e,
    0x99, 0x5e, 0x9a, 0x5e, 0x9a, 0x5e, 0x99, 0x5e, 0x9a, 0x5e, 0x9a, 0x5e,
    0x99, 0x5e, 0x9a, 0x5e, 0x9a, 0x5e, 0x9a, 0x5e, 0x9a, 0x5e, 0x99, 0x5e,
    0x99, 0x5e, 0x9a, 0x5e, 0x9a, 0x5e, 0x99, 0x5e, 0x9a, 0x5e, 0x99, 0x5e,
    0x9a, 0x5e, 0x9a, 0x5e, 0x99, 0x5e, 0x7a, 0x5e, 0x9a, 0x5e, 0x9a, 0x5e,
    0x7a, 0x5e, 0x9a, 0x5e, 0x9a, 0x5e, 0x99, 0x5e, 0x9a, 0x5e, 0x9a, 0x5e,
    0x99, 0x5e, 0x7a, 0x5e, 0x99, 0x5e, 0x9a, 0x5e, 0x9a, 0x5e, 0x79, 0x5e,
    0x9a, 0x5e, 0x9a, 0x5e, 0x9a, 0x5e, 0x7a, 0x5e, 0x99, 0x5e, 0x9a, 0x5e,
    0x9a, 0x5e, 0x79, 0x5e, 0x9a, 0x5e, 0x9a, 0x5e, 0x79, 0x5e, 0x9a, 0x5e,
    0x99, 0x5e, 0x9a, 0x5e, 0x9a, 0x5e, 0x99, 0x5e, 0x9a, 0x5e, 0x9a, 0x5e,
    0x99, 0x5e, 0x9a, 0x5e, 0x99, 0x5e, 0x9a, 0x5e, 0x7a, 0x5e, 0x99, 0x5e,
    0x9a, 0x5e, 0x9a, 0x5e, 0x99, 0x66, 0xda, 0x76, 0xfa, 0x8e, 0x1a, 0x8f,
    0x1a, 0x97, 0x1a, 0x97, 0x1a, 0x97, 0x1a, 0x97, 0x1a, 0x97, 0x1a, 0x97,
    0x3a, 0x97, 0x19, 0x97, 0x1a, 0x97, 0x1a, 0x97, 0x1a, 0x8f, 0xfa, 0x8e,
    0xf9, 0x86, 0xda, 0x86, 0xba, 0x6e, 0x9a, 0x5e, 0x99, 0x5e, 0x9a, 0x66,
    0x9a, 0x5e, 0x99, 0x5e, 0x79, 0x5e, 0x9a, 0x5e, 0x9a, 0x66, 0x79, 0x5e,
    0x9a, 0x5e, 0x9a, 0x5e, 0x9a, 0x5e, 0x9a, 0x5e, 0x9a, 0x66, 0x9a, 0x5e,
    0x9a, 0x5e, 0x9a, 0x66, 0x9a, 0x66, 0x99, 0x66, 0x9a, 0x6e, 0xb9, 0x6e,
    0xb9, 0x76, 0xba, 0x76, 0xba, 0x76, 0xba, 0x76, 0xba, 0x6e, 0xb9, 0x76,
    0x99, 0x6e, 0xba, 0x76, 0x99, 0x6e, 0xb9, 0x76, 0x9a, 0x76, 0x9a, 0x6e,
    0xb9, 0x76, 0xba, 0x76, 0xcb, 0x6d, 0x65, 0x6d, 0x65, 0x6d, 0x64, 0x6d,
    0x44, 0x6d, 0x45, 0x6d, 0x45, 0x65, 0x45, 0x65, 0x65, 0x6d, 0x45, 0x65,
    0x45, 0x65, 0x45, 0x65, 0x45, 0x6d, 0x45, 0x65, 0x45, 0x65, 0x45, 0x65,
    0xc7, 0x4c, 0xa7, 0x4c, 0xa7, 0x4c, 0xc7, 0x4c, 0xa7, 0x4c, 0xa7, 0x4c,
    0xc7, 0x4c, 0xc7, 0x4c, 0xa7, 0x4c, 0xa7, 0x4c, 0xa8, 0x44, 0xa8, 0x44,
    0xa7, 0x44, 0xa8, 0x44, 0xa8, 0x44, 0x88, 0x44, 0xa8, 0x44, 0x88, 0x44,
    0x6f, 0x55, 0x9a, 0x66, 0x99, 0x5e, 0x9a, 0x66, 0x9a, 0x66, 0x99, 0x66,
    0x99, 0x5e, 0x9a, 0x5e, 0x99, 0x66, 0x9a, 0x66, 0x99, 0x66, 0x9a, 0x66,
    0x99, 0x66, 0x9a, 0x5e, 0x99, 0x66, 0x9a, 0x66, 0x99, 0x66, 0x99, 0x66,
    0x9a, 0x66, 0x9a, 0x5e, 0x79, 0x66, 0x9a, 0x66, 0x9a, 0x5e, 0x9a, 0x66,
    0x99, 0x66, 0x9a, 0x5e, 0x9a, 0x66, 0x9a, 0x66, 0x9a, 0x5e, 0x9a, 0x66,
    0x9a, 0x66, 0x9a, 0x66, 0x99, 0x5e, 0x99, 0x5e, 0x9a, 0x66, 0x99, 0x5e,
    0x9a, 0x66, 0x9a, 0x66, 0x9a, 0x5e, 0x99, 0x5e, 0x9a, 0x66, 0x9a, 0x66,
    0x99, 0x5e, 0x9a, 0x66, 0x9a, 0x5e, 0x9a, 0x66, 0x9a, 0x66, 0x9a, 0x5e,
    0x9a, 0x5e, 0x9a, 0x66, 0x99, 0x5e, 0x9a, 0x66, 0x9a, 0x5e, 0x99, 0x66,
    0x7a, 0x5e, 0x9a, 0x66, 0x9a, 0x66, 0x99, 0x5e, 0x9a, 0x5e, 0x9a, 0x66,
    0x99, 0x5e, 0x9a, 0x66, 0x99, 0x5e, 0x9a, 0x5e, 0x9a, 0x66, 0x79, 0x5e,
    0x9a, 0x5e, 0x99, 0x66, 0x7a, 0x5e, 0x9a, 0x5e, 0x9a, 0x66, 0x9a, 0x5e,
    0x99, 0x66, 0x9a, 0x5e, 0x99, 0x5e, 0x9a, 0x66, 0x79, 0x5e, 0x79, 0x5e,
    0x9a, 0x66, 0x9a, 0x5e, 0x99, 0x5e, 0x9a, 0x5e, 0x9a, 0x5e, 0x79, 0x5e,
    0x9a, 0x5e, 0x9a, 0x5e, 0x7a, 0x5e, 0x9a, 0x5e, 0x9a, 0x5e, 0x99, 0x5e,
    0x9a, 0x5e, 0x7a, 0x5e, 0x99, 0x5e, 0x9a, 0x5e, 0x9a, 0x5e, 0x7a, 0x5e,
    0x99, 0x5e, 0x7a, 0x5e, 0x99, 0x5e, 0x9a, 0x5e, 0x9a, 0x5e, 0x7a, 0x5e,
    0x7a, 0x5e, 0x9a, 0x5e, 0x9a, 0x5e, 0x79, 0x5e, 0x9a, 0x5e, 0x9a, 0x5e,
    0x99, 0x5e, 0x9a, 0x5e, 0x99, 0x5e, 0x99, 0x5e, 0x9a, 0x5e, 0x99, 0x5e,
    0x99, 0x5e, 0x9a, 0x5e, 0x9a, 0x5e, 0x99, 0x5e, 0x9a, 0x5e, 0x9a, 0x5e,
    0x9a, 0x5e, 0x9a, 0x5e, 0x9a, 0x5e, 0x99, 0x5e, 0x9a, 0x5e, 0x99, 0x5e,
    0x9a, 0x5e, 0x99, 0x5e, 0x99, 0x5e, 0x9a, 0x5e, 0x9a, 0x5e, 0x99, 0x5e,
    0x9a, 0x5e, 0x9a, 0x5e, 0x99, 0x5e, 0x9a, 0x5e, 0x9a, 0x5e, 0x9a, 0x5e,
    0x99, 0x5e, 0x9a, 0x5e, 0x7a, 0x5e, 0x99, 0x5e, 0x9a, 0x5e, 0x9a, 0x5e,
    0x7a, 0x5e, 0x7a, 0x5e, 0x9a, 0x5e, 0x99, 0x5e, 0x9a, 0x5e, 0x9a, 0x66,
    0x99, 0x5e, 0x9a, 0x66, 0xd9, 0x7e, 0xfa, 0x8e, 0x1a, 0x97, 0x1a, 0x97,
    0x39, 0x97, 0x1a, 0x97, 0x39, 0x97, 0x39, 0x97, 0x3a, 0x97, 0x3a, 0x97,
    0x39, 0x97, 0x1a, 0x97, 0x1a, 0x97, 0x19, 0x97, 0x1a, 0x97, 0x1a, 0x8f,
    0xfa, 0x8e, 0xfa, 0x86, 0xda, 0x7e, 0x99, 0x66, 0x9a, 0x66, 0x9a, 0x66,
    0x99, 0x5e, 0x9a, 0x66, 0x7a, 0x66, 0x99, 0x5e, 0x9a, 0x5e, 0x9a, 0x66,
    0x79, 0x66, 0x99, 0x5e, 0x99, 0x66, 0x9a, 0x5e, 0x99, 0x66, 0x9a, 0x66,
    0x99, 0x66, 0x9a, 0x66, 0x99, 0x66, 0xba, 0x76, 0xba, 0x76, 0xb9, 0x76,
    0xba, 0x76, 0xb9, 0x76, 0xb9, 0x6e, 0xba, 0x6e, 0xb9, 0x76, 0x9a, 0x6e,
    0x9a, 0x76, 0xba, 0x6e, 0xba, 0x6e, 0xb9, 0x6e, 0x99, 0x6e, 0xba, 0x6e,
    0xba, 0x76, 0xba, 0x76, 0x65, 0x6d, 0x65, 0x6d, 0x65, 0x6d, 0x65, 0x6d,
    0x45, 0x6d, 0x45, 0x6d, 0x45, 0x65, 0x45, 0x65, 0x45, 0x6d, 0x45, 0x6d,
    0x45, 0x65, 0x45, 0x65, 0x45, 0x6d, 0x45, 0x65, 0x45, 0x65, 0x45, 0x65,
    0xc7, 0x4c, 0xc7, 0x4c, 0xa7, 0x4c, 0xc7, 0x4c, 0xc7, 0x4c, 0xa7, 0x4c,
    0xc7, 0x4c, 0xa7, 0x4c, 0xa7, 0x4c, 0xc8, 0x44, 0xa8, 0x44, 0xa7, 0x44,
    0xa7, 0x44, 0xa8, 0x44, 0x88, 0x44, 0x88, 0x3c, 0x88, 0x3c, 0x91, 0x4d,
    0xbb, 0x66, 0x9a, 0x66, 0x9a, 0x66, 0x99, 0x66, 0x9a, 0x66, 0x9a, 0x66,
    0x99, 0x66, 0x9a, 0x66, 0x9a, 0x66, 0x9a, 0x66, 0x9a, 0x5e, 0x99, 0x66,
    0x9a, 0x66, 0x9a, 0x66, 0x9a, 0x66, 0x99, 0x66, 0x9a, 0x5e, 0x9a, 0x66,
    0x9a, 0x66, 0x9a, 0x66, 0x9a, 0x66, 0x99, 0x5e, 0x9a, 0x66, 0x9a, 0x66,
    0x9a, 0x66, 0x9a, 0x66, 0x99, 0x5e, 0x9a, 0x66, 0x99, 0x66, 0x99, 0x5e,
    0x9a, 0x66, 0x9a, 0x66, 0x9a, 0x66, 0x9a, 0x66, 0x9a, 0x66, 0x99, 0x66,
    0xba, 0x66, 0x9a, 0x66, 0x99, 0x66, 0x9a, 0x5e, 0x9a, 0x66, 0x99, 0x66,
    0x9a, 0x5e, 0x99, 0x66, 0x9a, 0x66, 0x99, 0x5e, 0x99, 0x5e, 0x9a, 0x66,
    0x99, 0x66, 0x99, 0x5e, 0x9a, 0x66, 0x9a, 0x66, 0x99, 0x5e, 0x9a, 0x66,
    0x9a, 0x66, 0x99, 0x5e, 0x9a, 0x66, 0x9a, 0x66, 0x9a, 0x66, 0x99, 0x66,
    0x9a, 0x66, 0x9a, 0x66, 0x9a, 0x66, 0x99, 0x5e, 0x99, 0x5e, 0x9a, 0x66,
    0x9a, 0x66, 0x9a, 0x5e, 0x99, 0x5e, 0x9a, 0x66, 0x9a, 0x66, 0x99, 0x5e,
    0x9a, 0x66, 0x7a, 0x5e, 0x9a, 0x66, 0x9a, 0x66, 0x9a, 0x5e, 0x99, 0x5e,
    0x9a, 0x66, 0x9a, 0x66, 0x9a, 0x5e, 0x99, 0x66, 0x9a, 0x5e, 0x9a, 0x66,
    0x99, 0x5e, 0x99, 0x5e, 0x9a, 0x66, 0x9a, 0x5e, 0x99, 0x5e, 0x79, 0x5e,
    0x9a, 0x5e, 0x99, 0x5e, 0x99, 0x5e, 0x79, 0x5e, 0x9a, 0x5e, 0x99, 0x5e,
    0x9a, 0x5e, 0x9a, 0x5e, 0x79, 0x5e, 0x99, 0x5e, 0x99, 0x5e, 0x9a, 0x5e,
    0x99, 0x5e, 0x99, 0x5e, 0x9a, 0x5e, 0x9a, 0x5e, 0x99, 0x5e, 0x9a, 0x5e,
    0x79, 0x5e, 0x9a, 0x5e, 0x9a, 0x5e, 0x9a, 0x5e, 0x99, 0x5e, 0x99, 0x5e,
    0x9a, 0x5e, 0x79, 0x5e, 0x99, 0x5e, 0x9a, 0x5e, 0x79, 0x5e, 0x79, 0x5e,
    0x99, 0x5e, 0x9a, 0x5e, 0x99, 0x5e, 0x7a, 0x5e, 0x99, 0x5e, 0x9a, 0x5e,
    0x7a, 0x5e, 0x9a, 0x5e, 0x99, 0x5e, 0x9a, 0x5e, 0x9a, 0x5e, 0x7a, 0x5e,
    0x99, 0x5e, 0x99, 0x5e, 0x9a, 0x5e, 0x99, 0x5e, 0x9a, 0x5e, 0x99, 0x5e,
    0x9a, 0x5e, 0x7a, 0x5e, 0x99, 0x5e, 0x9a, 0x5e, 0x99, 0x5e, 0x99, 0x5e,
    0x9a, 0x5e, 0x9a, 0x66, 0x99, 0x5e, 0x9a, 0x5e, 0x9a, 0x5e, 0x99, 0x66,
    0x9a, 0x66, 0xba, 0x76, 0x19, 0x8f, 0x1a, 0x97, 0x3a, 0x97, 0x3a, 0x97,
    0x1a, 0x97, 0x1a, 0x97, 0x3a, 0x9f, 0x1a, 0x97, 0x1a, 0x97, 0x19, 0x97,
    0x3a, 0x97, 0x1a, 0x97, 0x1a, 0x97, 0x19, 0x97, 0x1a, 0x97, 0x19, 0x8f,
    0x19, 0x8f, 0xfa, 0x8e, 0xfa, 0x86, 0xba, 0x76, 0x99, 0x66, 0x9a, 0x5e,
    0x9a, 0x5e, 0x9a, 0x5e, 0x9a, 0x66, 0x99, 0x66, 0x9a, 0x5e, 0x9a, 0x5e,
    0x9a, 0x5e, 0x9a, 0x66, 0x9a, 0x66, 0x99, 0x5e, 0x9a, 0x5e, 0x9a, 0x66,
    0x99, 0x66, 0x9a, 0x66, 0xb9, 0x6e, 0xba, 0x76, 0xb9, 0x6e, 0xba, 0x6e,
    0xba, 0x76, 0xb9, 0x6e, 0xba, 0x6e, 0xba, 0x6e, 0xb9, 0x76, 0xb9, 0x6e,
    0xba, 0x6e, 0xb9, 0x6e, 0x99, 0x6e, 0xba, 0x6e, 0x99, 0x6e, 0x99, 0x6e,
    0xba, 0x6e, 0xbb, 0x6e, 0x65, 0x6d, 0x65, 0x6d, 0x65, 0x6d, 0x45, 0x6d,
    0x45, 0x65, 0x45, 0x65, 0x45, 0x65, 0x45, 0x65, 0x45, 0x65, 0x45, 0x6d,
    0x45, 0x65, 0x45, 0x65, 0x45, 0x65, 0x25, 0x65, 0x25, 0x65, 0x25, 0x65,
    0xa7, 0x44, 0xa7, 0x44, 0xc7, 0x4c, 0xc7, 0x4c, 0xc6, 0x4c, 0xc7, 0x4c,
    0xc7, 0x4c, 0xc7, 0x4c, 0xa7, 0x44, 0xa8, 0x44, 0xa8, 0x44, 0xa7, 0x44,
    0xa8, 0x44, 0x88, 0x44, 0x88, 0x3c, 0xa8, 0x3c, 0x88, 0x3c, 0xb1, 0x55,
    0x10, 0x66, 0xee, 0x65, 0x32, 0x66, 0x99, 0x66, 0x9a, 0x66, 0x9a, 0x66,
    0x9a, 0x5e, 0x99, 0x66, 0x9a, 0x66, 0x99, 0x66, 0x9a, 0x66, 0x9a, 0x66,
    0x99, 0x66, 0x9a, 0x66, 0x9a, 0x5e, 0x99, 0x66, 0x9a, 0x66, 0x9a, 0x5e,
    0x99, 0x66, 0x9a, 0x66, 0x99, 0x66, 0x9a, 0x66, 0x9a, 0x66, 0x99, 0x66,
    0xba, 0x66, 0x9a, 0x66, 0x9a, 0x66, 0x9a, 0x66, 0x9a, 0x66, 0x99, 0x66,
    0x9a, 0x66, 0x9a, 0x66, 0x9a, 0x66, 0xba, 0x66, 0x99, 0x66, 0x9a, 0x66,
    0x99, 0x5e, 0x9a, 0x5e, 0xba, 0x66, 0x99, 0x66, 0xba, 0x66, 0x9a, 0x66,
    0x9a, 0x66, 0xba, 0x66, 0x99, 0x66, 0x9a, 0x66, 0x9a, 0x66, 0x9a, 0x66,
    0x9a, 0x66, 0x99, 0x66, 0x9a, 0x66, 0x9a, 0x5e, 0x9a, 0x66, 0x9a, 0x66,
    0x99, 0x5e, 0x99, 0x5e, 0x9a, 0x66, 0x9a, 0x66, 0x9a, 0x5e, 0x99, 0x5e,
    0x9a, 0x5e, 0x9a, 0x66, 0x9a, 0x66, 0x9a, 0x66, 0x99, 0x66, 0x9a, 0x66,
    0x9a, 0x5e, 0x9a, 0x66, 0x99, 0x66, 0x99, 0x66, 0x99, 0x5e, 0x9a, 0x5e,
    0x9a, 0x66, 0x99, 0x66, 0x9a, 0x5e, 0x9a, 0x66, 0x9a, 0x66, 0x99, 0x5e,
    0x99, 0x66, 0x9a, 0x5e, 0x99, 0x5e, 0x9a, 0x66, 0x99, 0x66, 0x9a, 0x5e,
    0x9a, 0x5e, 0x99, 0x66, 0x9a, 0x5e, 0x99, 0x5e, 0x9a, 0x66, 0x9a, 0x66,
    0x9a, 0x5e, 0x9a, 0x66, 0x9a, 0x66, 0x9a, 0x5e, 0x9a, 0x5e, 0x99, 0x5e,
    0x9a, 0x66, 0x9a, 0x5e, 0x9a, 0x5e, 0x9a, 0x66, 0x9a, 0x5e, 0x99, 0x5e,
    0x9a, 0x5e, 0x9a, 0x5e, 0x99, 0x5e, 0x9a, 0x66, 0x9a, 0x5e, 0x99, 0x5e,
    0x9a, 0x5e, 0x9a, 0x5e, 0x99, 0x66, 0x9a, 0x5e, 0x9a, 0x5e, 0x9a, 0x5e,
    0x9a, 0x5e, 0x9a, 0x5e, 0x9a, 0x5e, 0x9a, 0x5e, 0x9a, 0x5e, 0x99, 0x5e,
    0x9a, 0x5e, 0x79, 0x5e, 0x9a, 0x5e, 0x9a, 0x66, 0x99, 0x5e, 0x9a, 0x5e,
    0x9a, 0x66, 0x99, 0x5e, 0x7a, 0x5e, 0x9a, 0x5e, 0x9a, 0x66, 0x99, 0x5e,
    0x9a, 0x66, 0x9a, 0x5e, 0x9a, 0x5e, 0x9a, 0x5e, 0x99, 0x5e, 0x9a, 0x66,
    0x9a, 0x5e, 0x99, 0x66, 0x9a, 0x5e, 0x9a, 0x66, 0x9a, 0x66, 0x99, 0x5e,
    0x99, 0x66, 0x9a, 0x5e, 0x9a, 0x66, 0x9a, 0x66, 0x99, 0x5e, 0x9a, 0x5e,
    0xba, 0x6e, 0xfa, 0x86, 0x1a, 0x8f, 0x19, 0x97, 0x1a, 0x97, 0x39, 0x97,
    0x3a, 0x9f, 0x1a, 0x97, 0x3a, 0x97, 0x3a, 0x9f, 0x19, 0x97, 0x3a, 0x97,
    0x1a, 0x97, 0x3a, 0x97, 0x1a, 0x97, 0x1a, 0x97, 0x1a, 0x97, 0x1a, 0x8f,
    0x1a, 0x8f, 0xf9, 0x8e, 0xf9, 0x86, 0xda, 0x7e, 0xba, 0x66, 0x99, 0x66,
    0x99, 0x66, 0x9a, 0x5e, 0x9a, 0x5e, 0x99, 0x66, 0x9a, 0x66, 0x99, 0x5e,
    0x99, 0x66, 0x9a, 0x5e, 0x9a, 0x66, 0x9a, 0x5e, 0x9a, 0x66, 0x9a, 0x66,
    0x99, 0x66, 0xb9, 0x6e, 0xba, 0x6e, 0xba, 0x76, 0xb9, 0x6e, 0xba, 0x6e,
    0xba, 0x76, 0xba, 0x6e, 0xb9, 0x6e, 0xba, 0x6e, 0xba, 0x6e, 0xba, 0x6e,
    0x99, 0x6e, 0x99, 0x6e, 0xba, 0x6e, 0x9a, 0x6e, 0x9a, 0x6e, 0x99, 0x6e,
    0x0f, 0x6e, 0xaa, 0x6d, 0x65, 0x6d, 0x65, 0x6d, 0x44, 0x6d, 0x45, 0x6d,
    0x45, 0x65, 0x45, 0x65, 0x25, 0x65, 0x45, 0x65, 0x25, 0x65, 0x25, 0x65,
    0x45, 0x65, 0x25, 0x65, 0x25, 0x65, 0x25, 0x65, 0x25, 0x65, 0x25, 0x65,
    0xa7, 0x4c, 0xc7, 0x4c, 0xe6, 0x54, 0xe6, 0x54, 0x06, 0x55, 0x06, 0x55,
    0x06, 0x55, 0xe6, 0x54, 0xc7, 0x4c, 0xc7, 0x4c, 0xe6, 0x54, 0xe6, 0x54,
    0xc7, 0x4c, 0xa8, 0x3c, 0x88, 0x3c, 0x88, 0x3c, 0xa8, 0x44, 0x44, 0x6d,
    0x45, 0x65, 0x65, 0x6d, 0x44, 0x6d, 0x65, 0x6d, 0x10, 0x66, 0x9a, 0x66,
    0x9a, 0x66, 0x9a, 0x66, 0x99, 0x66, 0x9a, 0x66, 0x9a, 0x66, 0x9a, 0x66,
    0x99, 0x66, 0x99, 0x66, 0x9a, 0x66, 0x9a, 0x66, 0x99, 0x66, 0x9a, 0x66,
    0x9a, 0x66, 0x9a, 0x66, 0xba, 0x66, 0x99, 0x66, 0xba, 0x5e, 0x99, 0x66,
    0xba, 0x66, 0x99, 0x66, 0x9a, 0x66, 0x99, 0x66, 0xba, 0x66, 0x9a, 0x66,
    0xba, 0x66, 0x99, 0x66, 0x9a, 0x66, 0x99, 0x5e, 0x9a, 0x66, 0xba, 0x66,
    0x9a, 0x66, 0x9a, 0x66, 0x9a, 0x66, 0x99, 0x66, 0x9a, 0x66, 0xba, 0x66,
    0x99, 0x66, 0x9a, 0x66, 0xba, 0x66, 0x99, 0x66, 0x9a, 0x66, 0xba, 0x5e,
    0x99, 0x66, 0x9a, 0x66, 0x9a, 0x66, 0x99, 0x66, 0x99, 0x66, 0x9a, 0x66,
    0x9a, 0x66, 0x9a, 0x66, 0x99, 0x66, 0x99, 0x5e, 0x9a, 0x66, 0x9a, 0x66,
    0x99, 0x66, 0x99, 0x5e, 0x9a, 0x66, 0x9a, 0x5e, 0x99, 0x66, 0x9a, 0x5e,
    0x99, 0x66, 0x9a, 0x66, 0x9a, 0x5e, 0x9a, 0x66, 0x9a, 0x66, 0x9a, 0x66,
    0x99, 0x5e, 0x9a, 0x66, 0x99, 0x66, 0x99, 0x66, 0x9a, 0x5e, 0x9a, 0x66,
    0x9a, 0x5e, 0x99, 0x66, 0x99, 0x5e, 0x9a, 0x66, 0x9a, 0x66, 0x99, 0x5e,
    0x9a, 0x66, 0x9a, 0x5e, 0x99, 0x5e, 0x9a, 0x5e, 0x99, 0x66, 0x9a, 0x66,
    0x9a, 0x5e, 0x99, 0x5e, 0x9a, 0x66, 0x9a, 0x5e, 0x99, 0x66, 0x9a, 0x66,
    0x99, 0x66, 0x99, 0x5e, 0x9a, 0x66, 0x9a, 0x5e, 0x99, 0x5e, 0x99, 0x66,
    0x9a, 0x66, 0x9a, 0x66, 0x99, 0x5e, 0x9a, 0x66, 0x9a, 0x66, 0x99, 0x66,
    0x9a, 0x5e, 0x99, 0x66, 0x9a, 0x5e, 0x9a, 0x5e, 0x99, 0x5e, 0x99, 0x5e,
    0x9a, 0x66, 0x99, 0x5e, 0x99, 0x66, 0x99, 0x66, 0x9a, 0x5e, 0x9a, 0x5e,
    0x9a, 0x66, 0x9a, 0x5e, 0x99, 0x66, 0x9a, 0x5e, 0x99, 0x5e, 0x9a, 0x66,
    0x99, 0x5e, 0x9a, 0x5e, 0x99, 0x66, 0x99, 0x66, 0x9a, 0x5e, 0x99, 0x66,
    0x9a, 0x66, 0x9a, 0x5e, 0x9a, 0x66, 0x99, 0x66, 0x9a, 0x5e, 0x99, 0x5e,
    0x9a, 0x66, 0x99, 0x5e, 0x9a, 0x66, 0x99, 0x66, 0x9a, 0x5e, 0x99, 0x5e,
    0x9a, 0x66, 0x9a, 0x5e, 0x99, 0x66, 0x99, 0x66, 0x9a, 0x5e, 0x9a, 0x66,
    0xd9, 0x7e, 0x1a, 0x8f, 0x1a, 0x97, 0x1a, 0x97, 0x1a, 0x97, 0x3a, 0x9f,
    0x19, 0x9f, 0x1a, 0x97, 0x39, 0x97, 0x19, 0x9f, 0x3a, 0x97, 0x1a, 0x9f,
    0x1a, 0x97, 0x39, 0x97, 0x1a, 0x97, 0x1a, 0x97, 0x19, 0x8f, 0x1a, 0x97,
    0x1a, 0x8f, 0x1a, 0x8f, 0xf9, 0x86, 0xda, 0x7e, 0xba, 0x66, 0x9a, 0x66,
    0x9a, 0x66, 0x99, 0x5e, 0x9a, 0x66, 0x9a, 0x66, 0x9a, 0x66, 0x9a, 0x66,
    0x99, 0x5e, 0x9a, 0x66, 0x9a, 0x5e, 0x99, 0x66, 0x9a, 0x66, 0x9a, 0x5e,
    0x9a, 0x66, 0xba, 0x66, 0xba, 0x6e, 0xb9, 0x6e, 0xba, 0x66, 0xb9, 0x66,
    0x99, 0x66, 0xba, 0x66, 0xba, 0x66, 0x99, 0x66, 0x9a, 0x66, 0x9a, 0x66,
    0x9a, 0x66, 0x9a, 0x66, 0x9a, 0x66, 0x99, 0x6e, 0x76, 0x6e, 0x65, 0x6d,
    0x65, 0x6d, 0x65, 0x6d, 0x65, 0x6d, 0x65, 0x6d, 0x45, 0x6d, 0x45, 0x65,
    0x45, 0x65, 0x45, 0x65, 0x25, 0x65, 0x45, 0x65, 0x25, 0x65, 0x25, 0x65,
    0x45, 0x65, 0x25, 0x65, 0x25, 0x65, 0x25, 0x65, 0x26, 0x5d, 0x25, 0x5d,
    0xa7, 0x44, 0xe6, 0x54, 0x06, 0x55, 0x06, 0x55, 0x05, 0x5d, 0x05, 0x5d,
    0x25, 0x5d, 0xe6, 0x54, 0xe6, 0x4c, 0x06, 0x55, 0x05, 0x5d, 0x06, 0x5d,
    0x05, 0x5d, 0x06, 0x55, 0xa7, 0x44, 0xc7, 0x4c, 0x45, 0x65, 0x45, 0x65,
    0x45, 0x6d, 0x65, 0x6d, 0x65, 0x6d, 0x65, 0x6d, 0x64, 0x6d, 0x10, 0x66,
    0x9a, 0x66, 0x99, 0x66, 0x9a, 0x66, 0x9a, 0x66, 0x99, 0x66, 0x9a, 0x66,
    0x99, 0x66, 0xba, 0x66, 0xba, 0x66, 0x9a, 0x66, 0x9a, 0x66, 0xb9, 0x66,
    0xba, 0x66, 0x9a, 0x66, 0xba, 0x66, 0xba, 0x66, 0x9a, 0x66, 0xba, 0x66,
    0x9a, 0x66, 0xba, 0x66, 0xba, 0x66, 0x9a, 0x5e, 0xba, 0x66, 0x9a, 0x66,
    0xb9, 0x66, 0xba, 0x66, 0x99, 0x66, 0xba, 0x66, 0xba, 0x66, 0xb9, 0x66,
    0xba, 0x66, 0x9a, 0x66, 0xb9, 0x66, 0x9a, 0x66, 0x9a, 0x66, 0xba, 0x66,
    0x99, 0x5e, 0xba, 0x66, 0x9a, 0x66, 0x99, 0x66, 0xba, 0x66, 0x9a, 0x66,
    0x99, 0x66, 0x9a, 0x66, 0x9a, 0x5e, 0x99, 0x66, 0xba, 0x66, 0x9a, 0x66,
    0x9a, 0x66, 0x99, 0x66, 0x9a, 0x66, 0x9a, 0x66, 0xba, 0x66, 0x99, 0x66,
    0x9a, 0x66, 0x9a, 0x66, 0x99, 0x66, 0x9a, 0x5e, 0x9a, 0x66, 0x99, 0x66,
    0x9a, 0x66, 0x99, 0x66, 0x9a, 0x5e, 0x9a, 0x66, 0xba, 0x66, 0x99, 0x66,
    0x9a, 0x5e, 0x9a, 0x5e, 0x9a, 0x66, 0x9a, 0x5e, 0x99, 0x66, 0x9a, 0x66,
    0x9a, 0x66, 0x9a, 0x66, 0x9a, 0x66, 0x99, 0x5e, 0x9a, 0x66, 0x9a, 0x5e,
    0x9a, 0x66, 0x9a, 0x66, 0x99, 0x66, 0x9a, 0x5e, 0x9a, 0x66, 0x99, 0x5e,
    0x99, 0x5e, 0x9a, 0x66, 0x99, 0x5e, 0x99, 0x66, 0x9a, 0x66, 0x9a, 0x66,
    0x99, 0x5e, 0x9a, 0x5e, 0x99, 0x66, 0x99, 0x66, 0x9a, 0x66, 0x9a, 0x5e,
    0x9a, 0x66, 0x99, 0x5e, 0x9a, 0x5e, 0x9a, 0x5e, 0x99, 0x5e, 0x9a, 0x5e,
    0x9a, 0x66, 0x99, 0x5e, 0x9a, 0x5e, 0x9a, 0x66, 0x9a, 0x66, 0x9a, 0x66,
    0x9a, 0x5e, 0x9a, 0x5e, 0x9a, 0x5e, 0x99, 0x66, 0x9a, 0x66, 0x99, 0x5e,
    0x9a, 0x66, 0x9a, 0x66, 0x99, 0x5e, 0x9a, 0x5e, 0x9a, 0x66, 0x99, 0x66,
    0x9a, 0x5e, 0x9a, 0x5e, 0x9a, 0x66, 0x9a, 0x5e, 0x99, 0x5e, 0x9a, 0x66,
    0x99, 0x5e, 0x99, 0x5e, 0x9a, 0x66, 0x9a, 0x66, 0x99, 0x5e, 0x9a, 0x66,
    0x9a, 0x66, 0x99, 0x5e, 0x9a, 0x5e, 0x9a, 0x66, 0x99, 0x66, 0x9a, 0x5e,
    0x9a, 0x66, 0x9a, 0x66, 0x9a, 0x5e, 0x99, 0x66, 0x9a, 0x66, 0xba, 0x6e,
    0xf9, 0x86, 0x19, 0x8f, 0x1a, 0x97, 0x3a, 0x97, 0x3a, 0x97, 0x1a, 0x9f,
    0x3a, 0x97, 0x3a, 0x9f, 0x3a, 0x9f, 0x1a, 0x97, 0x3a, 0x97, 0x1a, 0x97,
    0x19, 0x97, 0x1a, 0x97, 0x1a, 0x97, 0x19, 0x97, 0x1a, 0x8f, 0x1a, 0x8f,
    0x1a, 0x8f, 0xf9, 0x8e, 0x1a, 0x8f, 0xda, 0x7e, 0xb9, 0x6e, 0x9a, 0x66,
    0x9a, 0x66, 0x9a, 0x66, 0x9a, 0x66, 0xba, 0x5e, 0x9a, 0x66, 0x9a, 0x5e,
    0x9a, 0x66, 0x9a, 0x66, 0x99, 0x66, 0x99, 0x66, 0x9a, 0x5e, 0x9a, 0x66,
    0x99, 0x66, 0x9a, 0x66, 0x9a, 0x66, 0x9a, 0x66, 0x99, 0x66, 0x9a, 0x66,
    0x9a, 0x66, 0x9a, 0x66, 0x99, 0x66, 0x9a, 0x66, 0x99, 0x66, 0x99, 0x66,
    0x9a, 0x66, 0xba, 0x66, 0x99, 0x66, 0x99, 0x66, 0x85, 0x6d, 0x65, 0x6d,
    0x65, 0x6d, 0x65, 0x6d, 0x44, 0x6d, 0x65, 0x6d, 0x45, 0x65, 0x45, 0x65,
    0x45, 0x65, 0x25, 0x65, 0x25, 0x65, 0x25, 0x65, 0x25, 0x65, 0x25, 0x65,
    0x25, 0x65, 0x26, 0x65, 0x26, 0x5d, 0x25, 0x5d, 0x26, 0x65, 0x26, 0x5d,
    0xe6, 0x4c, 0xe6, 0x54, 0x06, 0x55, 0x05, 0x5d, 0x05, 0x5d, 0x25, 0x5d,
    0x25, 0x5d, 0x06, 0x55, 0x05, 0x5d, 0x25, 0x5d, 0x25, 0x5d, 0x26, 0x5d,
    0x05, 0x5d, 0x05, 0x5d, 0x25, 0x5d, 0x45, 0x65, 0x45, 0x65, 0x65, 0x6d,
    0x65, 0x6d, 0x64, 0x6d, 0x65, 0x6d, 0x64, 0x6d, 0x65, 0x6d, 0x64, 0x6d,
    0x98, 0x66, 0x99, 0x66, 0xba, 0x66, 0xba, 0x66, 0x9a, 0x66, 0xb9, 0x66,
    0xba, 0x66, 0x9a, 0x66, 0xb9, 0x66, 0xba, 0x66, 0x9a, 0x66, 0xba, 0x66,
    0x99, 0x66, 0x9a, 0x66, 0xb9, 0x66, 0x9a, 0x66, 0x9a, 0x66, 0xb9, 0x66,
    0xba, 0x66, 0x99, 0x66, 0xba, 0x66, 0x99, 0x66, 0x99, 0x66, 0xba, 0x66,
    0x9a, 0x66, 0x9a, 0x66, 0x9a, 0x66, 0xba, 0x66, 0x9a, 0x66, 0xb9, 0x66,
    0x9a, 0x66, 0xba, 0x66, 0x99, 0x66, 0xba, 0x66, 0xb9, 0x66, 0x9a, 0x66,
    0xba, 0x66, 0x99, 0x66, 0x9a, 0x66, 0xba, 0x66, 0x99, 0x66, 0x9a, 0x66,
    0xba, 0x66, 0xb9, 0x66, 0xba, 0x66, 0x9a, 0x66, 0x99, 0x66, 0xba, 0x66,
    0x99, 0x66, 0xba, 0x66, 0x9a, 0x66, 0x9a, 0x5e, 0xba, 0x66, 0x99, 0x66,
    0xba, 0x66, 0x9a, 0x66, 0xba, 0x66, 0x99, 0x66, 0xba, 0x66, 0xba, 0x66,
    0x9a, 0x5e, 0xb9, 0x66, 0xba, 0x66, 0x99, 0x66, 0xba, 0x66, 0x9a, 0x66,
    0x99, 0x66, 0xba, 0x66, 0xb9, 0x66, 0xba, 0x66, 0x9a, 0x66, 0x99, 0x5e,
    0xb9, 0x5e, 0x9a, 0x66, 0x9a, 0x5e, 0x99, 0x66, 0x9a, 0x66, 0xba, 0x5e,
    0x99, 0x66, 0x99, 0x5e, 0xba, 0x66, 0x9a, 0x66, 0x9a, 0x66, 0xb9, 0x66,
    0x9a, 0x66, 0xba, 0x66, 0xba, 0x66, 0x9a, 0x5e, 0x9a, 0x5e, 0x99, 0x66,
    0x9a, 0x5e, 0x9a, 0x5e, 0xba, 0x66, 0x9a, 0x5e, 0x9a, 0x66, 0x99, 0x5e,
    0x9a, 0x5e, 0xba, 0x66, 0x9a, 0x66, 0x9a, 0x66, 0x99, 0x5e, 0x9a, 0x66,
    0x9a, 0x66, 0x99, 0x66, 0x99, 0x5e, 0x9a, 0x66, 0x99, 0x66, 0x99, 0x5e,
    0x9a, 0x66, 0x9a, 0x66, 0x99, 0x5e, 0x9a, 0x5e, 0x9a, 0x66, 0x99, 0x5e,
    0x9a, 0x5e, 0x99, 0x66, 0x9a, 0x5e, 0x9a, 0x66, 0x9a, 0x5e, 0x99, 0x66,
    0x9a, 0x66, 0x9a, 0x5e, 0x99, 0x66, 0x9a, 0x66, 0x9a, 0x66, 0x9a, 0x66,
    0x9a, 0x5e, 0x99, 0x66, 0x9a, 0x5e, 0x9a, 0x5e, 0x99, 0x66, 0x9a, 0x5e,
    0x9a, 0x66, 0x99, 0x66, 0xba, 0x5e, 0x9a, 0x5e, 0x99, 0x66, 0x9a, 0x66,
    0x9a, 0x66, 0xba, 0x5e, 0xba, 0x66, 0x9a, 0x66, 0x99, 0x5e, 0xda, 0x76,
    0x1a, 0x8f, 0x1a, 0x97, 0x3a, 0x97, 0x19, 0x97, 0x39, 0x9f, 0x19, 0x97,
    0x1a, 0x97, 0x3a, 0x97, 0x19, 0x97, 0x3a, 0x9f, 0x1a, 0x97, 0x3a, 0x97,
    0x1a, 0x97, 0x1a, 0x97, 0x1a, 0x97, 0x1a, 0x8f, 0x1a, 0x8f, 0x19, 0x8f,
    0x1a, 0x8f, 0xfa, 0x8e, 0xfa, 0x86, 0xd9, 0x7e, 0xb9, 0x66, 0x9a, 0x66,
    0xba, 0x66, 0x99, 0x66, 0xb9, 0x5e, 0x9a, 0x66, 0x99, 0x66, 0xb9, 0x66,
    0xba, 0x66, 0xba, 0x66, 0x9a, 0x5e, 0x9a, 0x5e, 0x9a, 0x66, 0x99, 0x66,
    0x9a, 0x5e, 0x99, 0x66, 0xba, 0x5e, 0x99, 0x66, 0x9a, 0x66, 0x9a, 0x66,
    0x9a, 0x66, 0xba, 0x66, 0x99, 0x66, 0x9a, 0x66, 0x9a, 0x66, 0x9a, 0x66,
    0x9a, 0x66, 0xb9, 0x66, 0xba, 0x66, 0xed, 0x6d, 0x65, 0x6d, 0x64, 0x6d,
    0x65, 0x6d, 0x45, 0x6d, 0x45, 0x6d, 0x45, 0x65, 0x45, 0x65, 0x25, 0x65,
    0x25, 0x65, 0x25, 0x65, 0x25, 0x5d, 0x26, 0x5d, 0x26, 0x5d, 0x26, 0x5d,
    0x25, 0x5d, 0x26, 0x5d, 0x25, 0x5d, 0x26, 0x5d, 0x05, 0x5d, 0x06, 0x5d,
    0xe6, 0x54, 0x06, 0x55, 0x05, 0x5d, 0x26, 0x5d, 0x25, 0x5d, 0x25, 0x5d,
    0x25, 0x65, 0x05, 0x5d, 0x25, 0x5d, 0x25, 0x65, 0x25, 0x5d, 0x25, 0x5d,
    0x25, 0x5d, 0x25, 0x65, 0x45, 0x65, 0x45, 0x6d, 0x45, 0x6d, 0x44, 0x6d,
    0x64, 0x6d, 0x65, 0x6d, 0x65, 0x6d, 0x64, 0x6d, 0x65, 0x6d, 0x65, 0x6d,
    0x10, 0x6e, 0xba, 0x66, 0xba, 0x66, 0xba, 0x66, 0xb9, 0x66, 0x9a, 0x66,
    0xba, 0x66, 0x9a, 0x66, 0x99, 0x66, 0xb9, 0x66, 0x9a, 0x66, 0x9a, 0x66,
    0xba, 0x66, 0xb9, 0x66, 0x9a, 0x66, 0xba, 0x66, 0xb9, 0x66, 0x99, 0x66,
    0xba, 0x66, 0x9a, 0x66, 0xba, 0x66, 0x99, 0x66, 0xba, 0x66, 0xba, 0x66,
    0x9a, 0x66, 0xb9, 0x66, 0x9a, 0x66, 0x99, 0x66, 0x99, 0x66, 0x9a, 0x66,
    0xba, 0x66, 0x9a, 0x66, 0x9a, 0x66, 0xb9, 0x66, 0x9a, 0x66, 0xba, 0x66,
    0x99, 0x66, 0xba, 0x66, 0x9a, 0x66, 0xb9, 0x66, 0xba, 0x66, 0x9a, 0x66,
    0xb9, 0x66, 0xba, 0x66, 0x9a, 0x66, 0x99, 0x66, 0xba, 0x66, 0xba, 0x66,
    0xb9, 0x66, 0xba, 0x66, 0xb9, 0x66, 0xba, 0x66, 0x9a, 0x66, 0x9a, 0x66,
    0x99, 0x66, 0xb9, 0x66, 0xba, 0x66, 0xba, 0x66, 0x99, 0x66, 0x9a, 0x66,
    0xba, 0x66, 0xba, 0x66, 0x99, 0x66, 0xba, 0x66, 0xba, 0x66, 0x9a, 0x66,
    0x9a, 0x66, 0xb9, 0x66, 0x9a, 0x66, 0xb9, 0x66, 0xba, 0x66, 0x9a, 0x66,
    0x99, 0x66, 0xba, 0x66, 0x9a, 0x66, 0xba, 0x66, 0x99, 0x66, 0x9a, 0x66,
    0xba, 0x66, 0x99, 0x66, 0x9a, 0x5e, 0xba, 0x66, 0x99, 0x66, 0xba, 0x66,
    0x9a, 0x66, 0x99, 0x66, 0x99, 0x66, 0xba, 0x5e, 0x99, 0x66, 0xba, 0x66,
    0xba, 0x66, 0x99, 0x66, 0x99, 0x66, 0x9a, 0x5e, 0x99, 0x66, 0xba, 0x66,
    0x9a, 0x66, 0x99, 0x66, 0x9a, 0x5e, 0x99, 0x66, 0x9a, 0x66, 0x99, 0x5e,
    0x99, 0x66, 0x9a, 0x66, 0x9a, 0x5e, 0x9a, 0x66, 0x9a, 0x5e, 0x99, 0x66,
    0xba, 0x66, 0xb9, 0x66, 0x99, 0x5e, 0x9a, 0x66, 0x9a, 0x66, 0xb9, 0x5e,
    0x9a, 0x66, 0x9a, 0x66, 0x99, 0x5e, 0x9a, 0x66, 0xb9, 0x66, 0x9a, 0x66,
    0x9a, 0x5e, 0xb9, 0x66, 0x99, 0x66, 0x9a, 0x5e, 0x99, 0x66, 0x9a, 0x66,
    0x9a, 0x66, 0xba, 0x66, 0x9a, 0x66, 0x9a, 0x66, 0x99, 0x66, 0xba, 0x66,
    0x9a, 0x5e, 0xb9, 0x66, 0x9a, 0x66, 0x99, 0x66, 0xba, 0x66, 0xba, 0x66,
    0xb9, 0x66, 0xb9, 0x66, 0x9a, 0x66, 0xba, 0x66, 0xb9, 0x66, 0xda, 0x76,
    0x1a, 0x8f, 0x1a, 0x97, 0x3a, 0x97, 0x1a, 0x97, 0x3a, 0x9f, 0x3a, 0x9f,
    0x1a, 0x97, 0x39, 0x97, 0x3a, 0x97, 0x1a, 0x97, 0x19, 0x97, 0x1a, 0x97,
    0x39, 0x97, 0x1a, 0x97, 0x19, 0x8f, 0x19, 0x8f, 0x1a, 0x8f, 0x1a, 0x8f,
    0x1a, 0x8f, 0x1a, 0x8f, 0xfa, 0x86, 0xd9, 0x7e, 0xba, 0x66, 0xba, 0x66,
    0x9a, 0x66, 0xb9, 0x66, 0xba, 0x66, 0x9a, 0x66, 0xba, 0x66, 0x9a, 0x66,
    0x9a, 0x66, 0xb9, 0x66, 0xba, 0x66, 0x9a, 0x66, 0xb9, 0x66, 0xba, 0x66,
    0x9a, 0x66, 0xba, 0x66, 0x9a, 0x66, 0x9a, 0x5e, 0xba, 0x66, 0x99, 0x66,
    0x9a, 0x5e, 0xba, 0x66, 0x99, 0x66, 0x9a, 0x5e, 0xba, 0x66, 0x9a, 0x66,
    0x99, 0x66, 0x9a, 0x66, 0x9a, 0x66, 0x65, 0x6d, 0x65, 0x6d, 0x65, 0x6d,
    0x64, 0x6d, 0x45, 0x6d, 0x45, 0x65, 0x45, 0x65, 0x25, 0x65, 0x25, 0x65,
    0x25, 0x5d, 0x26, 0x5d, 0x26, 0x65, 0x05, 0x5d, 0x26, 0x5d, 0x06, 0x5d,
    0x06, 0x5d, 0x05, 0x5d, 0x26, 0x5d, 0x06, 0x5d, 0x05, 0x5d, 0x06, 0x5d,
    0xe6, 0x54, 0x05, 0x55, 0x06, 0x5d, 0x05, 0x5d, 0x25, 0x65, 0x25, 0x65,
    0x25, 0x65, 0x25, 0x65, 0x45, 0x65, 0x25, 0x65, 0x26, 0x65, 0x26, 0x5d,
    0x25, 0x65, 0x45, 0x65, 0x45, 0x6d, 0x65, 0x6d, 0x44, 0x6d, 0x65, 0x6d,
    0x64, 0x6d, 0x45, 0x6d, 0x65, 0x6d, 0x64, 0x6d, 0x65, 0x6d, 0x65, 0x6d,
    0xa9, 0x6d, 0xba, 0x6e, 0xba, 0x6e, 0xba, 0x6e, 0x9a, 0x66, 0xb9, 0x66,
    0xba, 0x66, 0xba, 0x66, 0xb9, 0x66, 0x9a, 0x66, 0xb9, 0x66, 0xba, 0x66,
    0xba, 0x66, 0x99, 0x66, 0xba, 0x66, 0xba, 0x66, 0xba, 0x66, 0xba, 0x66,
    0xba, 0x66, 0xba, 0x66, 0x9a, 0x66, 0xba, 0x66, 0xba, 0x66, 0x9a, 0x66,
    0xb9, 0x66, 0xba, 0x66, 0xba, 0x66, 0xba, 0x66, 0xba, 0x66, 0xb9, 0x66,
    0xba, 0x66, 0xba, 0x66, 0xba, 0x66, 0xba, 0x66, 0x9a, 0x66, 0xba, 0x66,
    0xba, 0x66, 0x9a, 0x66, 0xb9, 0x66, 0x9a, 0x66, 0xba, 0x66, 0x99, 0x66,
    0x9a, 0x66, 0xba, 0x66, 0x99, 0x66, 0xba, 0x66, 0x9a, 0x66, 0x99, 0x66,
    0xba, 0x66, 0x9a, 0x66, 0xba, 0x66, 0x99, 0x66, 0xb9, 0x66, 0xba, 0x66,
    0x9a, 0x66, 0xba, 0x66, 0x9a, 0x66, 0x99, 0x66, 0xba, 0x66, 0x99, 0x66,
    0x9a, 0x66, 0x9a, 0x66, 0x9a, 0x66, 0xb9, 0x66, 0x9a, 0x66, 0xba, 0x66,
    0xba, 0x66, 0x99, 0x66, 0x9a, 0x66, 0x9a, 0x66, 0xb9, 0x66, 0x9a, 0x66,
    0x9a, 0x66, 0xba, 0x66, 0xb9, 0x66, 0x9a, 0x5e, 0xb9, 0x66, 0xba, 0x66,
    0xba, 0x66, 0x99, 0x66, 0x9a, 0x66, 0xb9, 0x5e, 0x9a, 0x66, 0xba, 0x66,
    0x9a, 0x5e, 0xb9, 0x66, 0xba, 0x66, 0x9a, 0x66, 0xb9, 0x66, 0xba, 0x66,
    0x9a, 0x66, 0xba, 0x66, 0x99, 0x66, 0x9a, 0x66, 0xba, 0x66, 0xba, 0x66,
    0x99, 0x66, 0xba, 0x5e, 0x99, 0x66, 0xba, 0x66, 0xba, 0x5e, 0xba, 0x66,
    0x9a, 0x5e, 0xba, 0x66, 0x99, 0x66, 0xba, 0x5e, 0x9a, 0x66, 0x9a, 0x5e,
    0x99, 0x66, 0x9a, 0x66, 0xba, 0x66, 0x9a, 0x66, 0x99, 0x66, 0xba, 0x66,
    0x99, 0x66, 0x9a, 0x66, 0xba, 0x5e, 0x99, 0x66, 0xba, 0x66, 0x9a, 0x66,
    0xb9, 0x5e, 0x9a, 0x66, 0x9a, 0x5e, 0xba, 0x66, 0xba, 0x66, 0x99, 0x5e,
    0xba, 0x66, 0xba, 0x66, 0x99, 0x5e, 0xb9, 0x5e, 0x9a, 0x66, 0xba, 0x66,
    0xba, 0x66, 0xba, 0x66, 0x9a, 0x66, 0x9a, 0x66, 0xba, 0x66, 0xba, 0x66,
    0xba, 0x6e, 0xba, 0x6e, 0x9a, 0x66, 0xba, 0x66, 0xba, 0x66, 0xda, 0x7e,
    0x19, 0x8f, 0x1a, 0x97, 0x3a, 0x97, 0x1a, 0x97, 0x3a, 0x9f, 0x3a, 0x97,
    0x1a, 0x9f, 0x1a, 0x97, 0x3a, 0x9f, 0x19, 0x97, 0x1a, 0x97, 0x19, 0x97,
    0x1a, 0x97, 0x1a, 0x97, 0x1a, 0x8f, 0x1a, 0x8f, 0x1a, 0x97, 0xf9, 0x8e,
    0xf9, 0x8e, 0xf9, 0x86, 0xfa, 0x86, 0xda, 0x76, 0xba, 0x6e, 0xba, 0x66,
    0xb9, 0x6e, 0xba, 0x6e, 0xb9, 0x76, 0xb9, 0x6e, 0xba, 0x6e, 0xba, 0x6e,
    0xba, 0x66, 0x99, 0x66, 0x9a, 0x66, 0xba, 0x66, 0xba, 0x66, 0x99, 0x66,
    0x9a, 0x66, 0xba, 0x66, 0xb9, 0x66, 0x9a, 0x66, 0x9a, 0x66, 0xb9, 0x66,
    0x9a, 0x66, 0xba, 0x66, 0xba, 0x66, 0xb9, 0x66, 0x9a, 0x66, 0xba, 0x66,
    0xba, 0x66, 0x99, 0x66, 0x77, 0x66, 0x64, 0x6d, 0x45, 0x6d, 0x45, 0x6d,
    0x45, 0x6d, 0x45, 0x65, 0x45, 0x65, 0x25, 0x65, 0x25, 0x65, 0x25, 0x5d,
    0x26, 0x5d, 0x26, 0x5d, 0x26, 0x5d, 0x05, 0x65, 0x05, 0x5d, 0x26, 0x5d,
    0x06, 0x5d, 0x06, 0x5d, 0x06, 0x5d, 0x06, 0x5d, 0xe6, 0x54, 0x06, 0x5d,
    0xe6, 0x54, 0xe6, 0x54, 0x05, 0x55, 0x05, 0x5d, 0x26, 0x65, 0x25, 0x65,
    0x25, 0x65, 0x25, 0x65, 0x25, 0x65, 0x25, 0x65, 0x25, 0x65, 0x25, 0x5d,
    0x25, 0x65, 0x45, 0x6d, 0x45, 0x6d, 0x64, 0x6d, 0x65, 0x6d, 0x45, 0x6d,
    0x65, 0x6d, 0x64, 0x6d, 0x44, 0x6d, 0x45, 0x6d, 0x45, 0x6d, 0x45, 0x65,
    0xaa, 0x65, 0xba, 0x6e, 0xba, 0x6e, 0xba, 0x66, 0x9a, 0x6e, 0xba, 0x6e,
    0x99, 0x66, 0xba, 0x6e, 0x9a, 0x66, 0xba, 0x6e, 0xba, 0x66, 0xba, 0x6e,
    0xb9, 0x6e, 0xba, 0x6e, 0xba, 0x66, 0xb9, 0x6e, 0x9a, 0x6e, 0xb9, 0x66,
    0xba, 0x6e, 0xb9, 0x6e, 0xb9, 0x66, 0xba, 0x6e, 0xba, 0x6e, 0xb9, 0x66,
    0x9a, 0x66, 0xb9, 0x6e, 0x9a, 0x6e, 0xba, 0x6e, 0xba, 0x66, 0xb9, 0x66,
    0x9a, 0x66, 0xba, 0x6e, 0xba, 0x66, 0x99, 0x66, 0xb9, 0x6e, 0xba, 0x66,
    0xba, 0x6e, 0xb9, 0x66, 0x9a, 0x66, 0xba, 0x66, 0x9a, 0x66, 0xba, 0x66,
    0xb9, 0x66, 0xba, 0x66, 0xba, 0x66, 0xba, 0x66, 0x9a, 0x66, 0xba, 0x66,
    0xba, 0x66, 0x9a, 0x66, 0xba, 0x66, 0xba, 0x66, 0xba, 0x66, 0x9a, 0x66,
    0xba, 0x66, 0xba, 0x66, 0xba, 0x66, 0x99, 0x66, 0xba, 0x66, 0xba, 0x66,
    0x99, 0x66, 0xba, 0x66, 0xb9, 0x66, 0x9a, 0x66, 0x99, 0x66, 0xba, 0x66,
    0xb9, 0x66, 0x9a, 0x66, 0xba, 0x66, 0x99, 0x66, 0xba, 0x66, 0xb9, 0x66,
    0x9a, 0x66, 0x99, 0x66, 0x9a, 0x66, 0xba, 0x66, 0x9a, 0x66, 0xb9, 0x66,
    0x9a, 0x66, 0xba, 0x66, 0xb9, 0x66, 0x9a, 0x66, 0xb9, 0x66, 0x9a, 0x66,
    0xb9, 0x66, 0x9a, 0x66, 0x9a, 0x66, 0xba, 0x66, 0x99, 0x66, 0x99, 0x66,
    0xba, 0x5e, 0xba, 0x66, 0x99, 0x66, 0xba, 0x66, 0xba, 0x66, 0x99, 0x5e,
    0xba, 0x66, 0x9a, 0x66, 0xba, 0x66, 0x9a, 0x66, 0xb9, 0x66, 0x9a, 0x66,
    0x99, 0x66, 0xba, 0x66, 0x99, 0x66, 0xb9, 0x66, 0x9a, 0x66, 0xb9, 0x66,
    0xba, 0x66, 0xba, 0x66, 0x9a, 0x66, 0xb9, 0x5e, 0xba, 0x66, 0xba, 0x5e,
    0xba, 0x66, 0x99, 0x66, 0x9a, 0x66, 0xba, 0x66, 0x99, 0x5e, 0xba, 0x66,
    0xba, 0x66, 0xb9, 0x66, 0x9a, 0x5e, 0xb9, 0x66, 0xba, 0x66, 0x99, 0x5e,
    0xb9, 0x66, 0x9a, 0x66, 0xba, 0x66, 0xb9, 0x66, 0x9a, 0x5e, 0x9a, 0x66,
    0xb9, 0x66, 0xba, 0x66, 0xb9, 0x6e, 0xda, 0x76, 0xf9, 0x86, 0xfa, 0x86,
    0xfa, 0x7e, 0xf9, 0x7e, 0xda, 0x7e, 0xd9, 0x76, 0xb9, 0x6e, 0xda, 0x7e,
    0x1a, 0x8f, 0x39, 0x97, 0x1a, 0x97, 0x3a, 0x9f, 0x19, 0x97, 0x39, 0x97,
    0x3a, 0x97, 0x1a, 0x97, 0x19, 0x97, 0x1a, 0x97, 0x3a, 0x97, 0x1a, 0x97,
    0x1a, 0x8f, 0x19, 0x8f, 0x1a, 0x8f, 0xfa, 0x8e, 0x19, 0x8f, 0xfa, 0x8e,
    0xfa, 0x86, 0xfa, 0x86, 0xd9, 0x7e, 0xba, 0x76, 0xba, 0x76, 0xd9, 0x76,
    0xda, 0x7e, 0xda, 0x7e, 0xda, 0x7e, 0xd9, 0x7e, 0xda, 0x76, 0xd9, 0x76,
    0xb9, 0x6e, 0xba, 0x66, 0x9a, 0x66, 0xba, 0x66, 0x9a, 0x66, 0xb9, 0x66,
    0xba, 0x66, 0xba, 0x66, 0x99, 0x66, 0xba, 0x66, 0xba, 0x66, 0x9a, 0x66,
    0xba, 0x66, 0x9a, 0x66, 0x9a, 0x66, 0xba, 0x66, 0x99, 0x66, 0x99, 0x66,
    0x9a, 0x66, 0xba, 0x66, 0x75, 0x66, 0x24, 0x65, 0x45, 0x65, 0x45, 0x65,
    0x45, 0x65, 0x25, 0x65, 0x25, 0x65, 0x25, 0x65, 0x26, 0x5d, 0x05, 0x5d,
    0x06, 0x5d, 0x06, 0x5d, 0x06, 0x5d, 0x06, 0x5d, 0x06, 0x5d, 0x06, 0x5d,
    0x06, 0x5d, 0x06, 0x5d, 0x06, 0x55, 0xe6, 0x54, 0xe6, 0x54, 0xc6, 0x4c,
    0xe6, 0x54, 0x06, 0x5d, 0xe6, 0x54, 0x26, 0x5d, 0x05, 0x5d, 0x25, 0x65,
    0x25, 0x65, 0x25, 0x65, 0x25, 0x65, 0x25, 0x65, 0x25, 0x65, 0x25, 0x65,
    0x25, 0x65, 0x45, 0x65, 0x45, 0x6d, 0x45, 0x6d, 0x64, 0x6d, 0x45, 0x6d,
    0x45, 0x6d, 0x64, 0x6d, 0x65, 0x6d, 0x45, 0x6d, 0x45, 0x6d, 0x45, 0x65,
    0x45, 0x65, 0x45, 0x65, 0x25, 0x5d, 0x69, 0x65, 0x55, 0x66, 0xba, 0x6e,
    0xb9, 0x6e, 0xba, 0x6e, 0xb9, 0x66, 0xba, 0x6e, 0x99, 0x6e, 0xba, 0x6e,
    0xba, 0x66, 0x9a, 0x6e, 0xba, 0x66, 0xb9, 0x6e, 0xb9, 0x66, 0xba, 0x66,
    0x9a, 0x6e, 0xb9, 0x66, 0xba, 0x66, 0x9a, 0x6e, 0xba, 0x6e, 0xb9, 0x66,
    0xba, 0x6e, 0xba, 0x66, 0xb9, 0x66, 0x99, 0x66, 0xba, 0x6e, 0xba, 0x6e,
    0x99, 0x66, 0xba, 0x6e, 0xba, 0x6e, 0xb9, 0x66, 0xba, 0x66, 0x9a, 0x6e,
    0xb9, 0x66, 0xba, 0x6e, 0xb9, 0x66, 0xb9, 0x6e, 0xba, 0x66, 0xb9, 0x66,
    0xba, 0x66, 0xba, 0x66, 0xb9, 0x66, 0xb9, 0x6e, 0xba, 0x66, 0x99, 0x66,
    0xba, 0x66, 0x99, 0x66, 0x99, 0x66, 0xba, 0x66, 0x99, 0x66, 0xb9, 0x66,
    0x99, 0x66, 0xb9, 0x66, 0x9a, 0x66, 0xba, 0x66, 0xb9, 0x66, 0x9a, 0x66,
    0xba, 0x66, 0xba, 0x66, 0xba, 0x66, 0x99, 0x66, 0xba, 0x66, 0xba, 0x66,
    0x99, 0x66, 0xba, 0x66, 0xba, 0x66, 0xb9, 0x66, 0x9a, 0x66, 0x9a, 0x66,
    0xb9, 0x66, 0xba, 0x66, 0x99, 0x66, 0xb9, 0x66, 0x9a, 0x66, 0x99, 0x66,
    0xba, 0x66, 0x9a, 0x66, 0xba, 0x66, 0xba, 0x66, 0x9a, 0x66, 0xb9, 0x66,
    0x9a, 0x66, 0xb9, 0x66, 0x9a, 0x66, 0xba, 0x66, 0x9a, 0x66, 0x99, 0x66,
    0xba, 0x66, 0x9a, 0x66, 0x99, 0x66, 0xba, 0x5e, 0x99, 0x66, 0xba, 0x66,
    0x9a, 0x66, 0x99, 0x66, 0xb9, 0x66, 0xba, 0x66, 0x99, 0x66, 0xba, 0x66,
    0xba, 0x66, 0x99, 0x5e, 0xba, 0x66, 0x9a, 0x66, 0xb9, 0x66, 0x9a, 0x5e,
    0xba, 0x66, 0x99, 0x66, 0xba, 0x66, 0xb9, 0x66, 0x9a, 0x66, 0x9a, 0x66,
    0x99, 0x5e, 0xb9, 0x66, 0xba, 0x66, 0x9a, 0x66, 0x99, 0x66, 0xba, 0x66,
    0x9a, 0x66, 0x99, 0x66, 0xba, 0x66, 0x9a, 0x66, 0x9a, 0x66, 0xba, 0x66,
    0x9a, 0x66, 0x99, 0x66, 0xba, 0x66, 0xba, 0x66, 0x99, 0x66, 0x99, 0x66,
    0xba, 0x66, 0xd9, 0x7e, 0x1a, 0x87, 0x1a, 0x8f, 0x1a, 0x8f, 0x1a, 0x8f,
    0x19, 0x8f, 0xfa, 0x8e, 0xfa, 0x86, 0xfa, 0x86, 0xfa, 0x7e, 0xfa, 0x7e,
    0x1a, 0x97, 0x1a, 0x97, 0x3a, 0x97, 0x39, 0x9f, 0x1a, 0x97, 0x1a, 0x97,
    0x39, 0x9f, 0x1a, 0x97, 0x1a, 0x97, 0x1a, 0x97, 0x1a, 0x97, 0x1a, 0x8f,
    0x1a, 0x97, 0x19, 0x8f, 0xfa, 0x8e, 0xfa, 0x8e, 0xf9, 0x86, 0xfa, 0x86,
    0xfa, 0x86, 0xfa, 0x86, 0xd9, 0x7e, 0xd9, 0x76, 0xda, 0x7e, 0xd9, 0x7e,
    0xd9, 0x7e, 0xda, 0x7e, 0xda, 0x7e, 0xda, 0x7e, 0xd9, 0x7e, 0xd9, 0x7e,
    0xba, 0x76, 0xba, 0x66, 0xb9, 0x66, 0xb9, 0x66, 0xba, 0x66, 0xba, 0x66,
    0xba, 0x66, 0xba, 0x66, 0x9a, 0x66, 0x9a, 0x66, 0xb9, 0x66, 0x9a, 0x66,
    0xb9, 0x66, 0xba, 0x66, 0x99, 0x66, 0xba, 0x66, 0xba, 0x66, 0x9a, 0x66,
    0xb9, 0x66, 0x99, 0x66, 0x48, 0x5d, 0x26, 0x5d, 0x25, 0x65, 0x45, 0x65,
    0x45, 0x65, 0x25, 0x65, 0x26, 0x5d, 0x25, 0x5d, 0x06, 0x5d, 0x06, 0x5d,
    0x06, 0x5d, 0xe6, 0x54, 0xe6, 0x54, 0xe6, 0x54, 0xe6, 0x54, 0xe6, 0x54,
    0xe6, 0x54, 0xe6, 0x54, 0xe6, 0x54, 0xc6, 0x4c, 0xc7, 0x4c, 0xe7, 0x4c,
    0xe6, 0x54, 0xe6, 0x54, 0xe6, 0x54, 0x05, 0x5d, 0x25, 0x5d, 0x25, 0x65,
    0x25, 0x5d, 0x26, 0x65, 0x25, 0x5d, 0x25, 0x5d, 0x26, 0x5d, 0x25, 0x5d,
    0x25, 0x65, 0x45, 0x6d, 0x45, 0x6d, 0x45, 0x6d, 0x44, 0x6d, 0x45, 0x6d,
    0x64, 0x6d, 0x44, 0x6d, 0x45, 0x6d, 0x45, 0x6d, 0x45, 0x65, 0x25, 0x5d,
    0x45, 0x65, 0x46, 0x65, 0x46, 0x65, 0x45, 0x5d, 0x25, 0x5d, 0xf0, 0x65,
    0xba, 0x66, 0xba, 0x66, 0xba, 0x6e, 0xba, 0x66, 0xba, 0x6e, 0xb9, 0x66,
    0xb9, 0x6e, 0xba, 0x66, 0xb9, 0x6e, 0x9a, 0x6e, 0xba, 0x6e, 0xba, 0x6e,
    0xba, 0x6e, 0xba, 0x6e, 0xba, 0x66, 0xba, 0x66, 0xba, 0x6e, 0xba, 0x6e,
    0x9a, 0x66, 0xba, 0x6e, 0xba, 0x6e, 0xba, 0x6e, 0xba, 0x6e, 0xba, 0x66,
    0xb9, 0x6e, 0xba, 0x66, 0x99, 0x6e, 0xba, 0x66, 0xba, 0x66, 0xba, 0x6e,
    0x99, 0x66, 0xba, 0x6e, 0xba, 0x66, 0x9a, 0x6e, 0xba, 0x6e, 0xba, 0x6e,
    0x9a, 0x6e, 0x99, 0x66, 0x9a, 0x6e, 0xba, 0x66, 0xba, 0x66, 0xb9, 0x66,
    0xba, 0x6e, 0xba, 0x66, 0xba, 0x66, 0xba, 0x66, 0xba, 0x6e, 0xba, 0x6e,
    0xba, 0x66, 0x9a, 0x66, 0x9a, 0x66, 0xba, 0x66, 0xba, 0x66, 0xb9, 0x66,
    0xba, 0x66, 0xb9, 0x66, 0xba, 0x66, 0xba, 0x66, 0xba, 0x66, 0xba, 0x66,
    0xba, 0x66, 0xb9, 0x66, 0xba, 0x66, 0x9a, 0x66, 0xba, 0x66, 0xba, 0x66,
    0x9a, 0x66, 0xba, 0x66, 0xba, 0x66, 0x9a, 0x66, 0xba, 0x66, 0xba, 0x66,
    0x9a, 0x66, 0xb9, 0x66, 0xb9, 0x66, 0xba, 0x66, 0xb9, 0x66, 0x9a, 0x66,
    0xba, 0x66, 0xb9, 0x66, 0xb9, 0x66, 0xba, 0x66, 0xba, 0x66, 0xba, 0x66,
    0x99, 0x66, 0xba, 0x66, 0xba, 0x66, 0xb9, 0x66, 0xba, 0x66, 0xba, 0x66,
    0x99, 0x66, 0xba, 0x66, 0x9a, 0x66, 0xba, 0x66, 0xb9, 0x66, 0x9a, 0x66,
    0xba, 0x66, 0xb9, 0x66, 0x9a, 0x66, 0xba, 0x66, 0xb9, 0x66, 0x9a, 0x66,
    0xba, 0x66, 0xb9, 0x66, 0x9a, 0x66, 0x9a, 0x66, 0xb9, 0x66, 0x9a, 0x66,
    0xba, 0x66, 0x99, 0x66, 0xba, 0x66, 0xb9, 0x66, 0x9a, 0x66, 0xb9, 0x66,
    0xba, 0x66, 0x9a, 0x66, 0xb9, 0x66, 0xba, 0x66, 0x99, 0x66, 0xba, 0x66,
    0xba, 0x66, 0xba, 0x66, 0xb9, 0x66, 0xba, 0x66, 0xba, 0x66, 0xda, 0x76,
    0xfa, 0x86, 0x1a, 0x8f, 0x1a, 0x8f, 0x1a, 0x97, 0x1a, 0x97, 0x19, 0x8f,
    0x1a, 0x97, 0x1a, 0x8f, 0x1a, 0x8f, 0x1a, 0x8f, 0x1a, 0x8f, 0xf9, 0x8e,
    0x1a, 0x8f, 0x1a, 0x97, 0x3a, 0x97, 0x1a, 0x97, 0x3a, 0x97, 0x1a, 0x97,
    0x1a, 0x97, 0x1a, 0x97, 0x39, 0x97, 0x1a, 0x97, 0x19, 0x8f, 0x1a, 0x8f,
    0x1a, 0x8f, 0x1a, 0x8f, 0xfa, 0x8e, 0xf9, 0x8e, 0xfa, 0x86, 0xf9, 0x86,
    0xfa, 0x86, 0xda, 0x7e, 0xf9, 0x7e, 0xfa, 0x86, 0xda, 0x86, 0xfa, 0x86,
    0xf9, 0x86, 0xda, 0x7e, 0xd9, 0x7e, 0xd9, 0x7e, 0xda, 0x7e, 0xda, 0x7e,
    0xda, 0x76, 0xba, 0x6e, 0xb9, 0x6e, 0xba, 0x6e, 0x9a, 0x66, 0xba, 0x66,
    0x99, 0x66, 0x9a, 0x66, 0xba, 0x66, 0xb9, 0x66, 0xba, 0x66, 0xba, 0x66,
    0x9a, 0x66, 0xba, 0x66, 0xb9, 0x66, 0x9a, 0x66, 0xba, 0x66, 0x9a, 0x66,
    0x9a, 0x66, 0xcf, 0x5d, 0x06, 0x55, 0x26, 0x55, 0x26, 0x5d, 0x25, 0x5d,
    0x26, 0x5d, 0x26, 0x5d, 0x26, 0x5d, 0x06, 0x5d, 0x06, 0x5d, 0x06, 0x5d,
    0x06, 0x55, 0xe6, 0x54, 0xe6, 0x54, 0xe7, 0x54, 0xe6, 0x54, 0xe6, 0x4c,
    0xe6, 0x54, 0xe7, 0x54, 0xc6, 0x4c, 0xc7, 0x4c, 0xc6, 0x4c, 0xc6, 0x4c,
    0xe6, 0x54, 0xe6, 0x54, 0xe6, 0x54, 0x06, 0x5d, 0x06, 0x5d, 0x05, 0x5d,
    0x06, 0x5d, 0x06, 0x5d, 0x06, 0x5d, 0x06, 0x5d, 0x06, 0x5d, 0x05, 0x5d,
    0x25, 0x65, 0x25, 0x65, 0x45, 0x65, 0x45, 0x6d, 0x45, 0x6d, 0x45, 0x6d,
    0x45, 0x6d, 0x45, 0x6d, 0x45, 0x6d, 0x45, 0x65, 0x25, 0x5d, 0x25, 0x5d,
    0x25, 0x65, 0x45, 0x65, 0x25, 0x65, 0x46, 0x5d, 0x26, 0x5d, 0x25, 0x5d,
    0x56, 0x66, 0xba, 0x6e, 0xb9, 0x6e, 0xba, 0x6e, 0xba, 0x66, 0xba, 0x6e,
    0xba, 0x6e, 0xba, 0x6e, 0xba, 0x66, 0xba, 0x6e, 0xba, 0x66, 0xb9, 0x66,
    0xba, 0x6e, 0xba, 0x6e, 0xb9, 0x66, 0xb9, 0x6e, 0xba, 0x6e, 0x9a, 0x6e,
    0xb9, 0x6e, 0xba, 0x6e, 0xb9, 0x66, 0xba, 0x6e, 0x99, 0x66, 0xba, 0x6e,
    0xba, 0x6e, 0xba, 0x6e, 0xba, 0x6e, 0xb9, 0x6e, 0xba, 0x6e, 0xb9, 0x66,
    0xba, 0x6e, 0xba, 0x6e, 0xb9, 0x6e, 0xba, 0x66, 0xba, 0x66, 0xba, 0x6e,
    0xb9, 0x66, 0xba, 0x6e, 0xba, 0x66, 0xba, 0x6e, 0xba, 0x6e, 0xb9, 0x6e,
    0xba, 0x6e, 0xba, 0x66, 0xb9, 0x6e, 0xb9, 0x66, 0xba, 0x66, 0xba, 0x6e,
    0xba, 0x6e, 0xb9, 0x66, 0xb9, 0x6e, 0xba, 0x6e, 0xba, 0x66, 0xba, 0x66,
    0x9a, 0x66, 0xb9, 0x6e, 0xb9, 0x66, 0xba, 0x66, 0x9a, 0x66, 0xb9, 0x66,
    0x9a, 0x66, 0xb9, 0x66, 0x99, 0x66, 0xba, 0x66, 0xb9, 0x66, 0xba, 0x66,
    0xb9, 0x66, 0xba, 0x66, 0xba, 0x66, 0xb9, 0x66, 0x9a, 0x66, 0xb9, 0x66,
    0xba, 0x66, 0x99, 0x66, 0xba, 0x66, 0xba, 0x66, 0xba, 0x66, 0xb9, 0x66,
    0x9a, 0x66, 0xba, 0x66, 0xb9, 0x66, 0xba, 0x66, 0xba, 0x66, 0xba, 0x66,
    0xb9, 0x66, 0xba, 0x66, 0xba, 0x66, 0x99, 0x66, 0xba, 0x66, 0xba, 0x66,
    0xb9, 0x66, 0xba, 0x66, 0xba, 0x66, 0x99, 0x66, 0x9a, 0x66, 0xba, 0x66,
    0xb9, 0x66, 0x9a, 0x66, 0xba, 0x66, 0xb9, 0x66, 0xba, 0x66, 0xba, 0x66,
    0xba, 0x66, 0x99, 0x66, 0x9a, 0x66, 0xba, 0x66, 0xba, 0x66, 0xb9, 0x66,
    0xba, 0x66, 0xba, 0x66, 0xb9, 0x66, 0xba, 0x66, 0xba, 0x66, 0x99, 0x66,
    0xba, 0x66, 0x9a, 0x66, 0xb9, 0x66, 0x9a, 0x66, 0xba, 0x66, 0x99, 0x66,
    0xba, 0x66, 0xba, 0x66, 0xba, 0x66, 0xba, 0x66, 0xda, 0x76, 0xfa, 0x86,
    0x1a, 0x8f, 0x19, 0x8f, 0x1a, 0x97, 0x1a, 0x97, 0x19, 0x8f, 0x1a, 0x97,
    0x1a, 0x97, 0x19, 0x97, 0x1a, 0x97, 0x19, 0x97, 0x1a, 0x97, 0x1a, 0x8f,
    0x19, 0x8f, 0x1a, 0x97, 0x1a, 0x97, 0x39, 0x97, 0x3a, 0x97, 0x3a, 0x97,
    0x19, 0x97, 0x1a, 0x97, 0x1a, 0x8f, 0x19, 0x8f, 0x1a, 0x97, 0x1a, 0x8f,
    0xf9, 0x8e, 0xf9, 0x8e, 0xfa, 0x8e, 0x1a, 0x87, 0xf9, 0x86, 0xfa, 0x86,
    0xf9, 0x86, 0xd9, 0x86, 0xda, 0x86, 0xfa, 0x86, 0xfa, 0x86, 0xd9, 0x7e,
    0xda, 0x86, 0xfa, 0x86, 0xfa, 0x86, 0xf9, 0x7e, 0xda, 0x7e, 0xd9, 0x7e,
    0xd9, 0x76, 0xba, 0x76, 0xba, 0x6e, 0xb9, 0x6e, 0xba, 0x6e, 0xba, 0x6e,
    0xb9, 0x66, 0xba, 0x6e, 0xba, 0x66, 0xba, 0x66, 0xba, 0x66, 0xb9, 0x66,
    0x99, 0x66, 0xba, 0x66, 0xba, 0x66, 0xba, 0x66, 0x99, 0x66, 0xba, 0x66,
    0xba, 0x66, 0x07, 0x55, 0x06, 0x55, 0x06, 0x55, 0x06, 0x55, 0x26, 0x5d,
    0x06, 0x5d, 0x06, 0x5d, 0x06, 0x5d, 0x06, 0x5d, 0x06, 0x55, 0x06, 0x55,
    0xe6, 0x54, 0xe6, 0x54, 0xe7, 0x4c, 0xe6, 0x54, 0xe7, 0x54, 0xc7, 0x4c,
    0xe7, 0x4c, 0xc7, 0x4c, 0xc7, 0x4c, 0xc7, 0x54, 0xc7, 0x4c, 0xc7, 0x54,
    0xe6, 0x54, 0xe6, 0x54, 0xe6, 0x54, 0xe6, 0x54, 0xe6, 0x5c, 0x05, 0x5d,
    0x06, 0x5d, 0x06, 0x55, 0x06, 0x55, 0xe6, 0x54, 0x06, 0x5d, 0x25, 0x5d,
    0x25, 0x65, 0x25, 0x65, 0x25, 0x65, 0x45, 0x65, 0x45, 0x6d, 0x45, 0x65,
    0x45, 0x65, 0x25, 0x65, 0x45, 0x65, 0x05, 0x5d, 0x26, 0x5d, 0x26, 0x5d,
    0x26, 0x5d, 0x25, 0x5d, 0x26, 0x65, 0x25, 0x5d, 0x26, 0x5d, 0x26, 0x5d,
    0x6a, 0x5d, 0xdb, 0x6e, 0xb9, 0x6e, 0xb9, 0x6e, 0xba, 0x6e, 0xba, 0x6e,
    0xb9, 0x6e, 0xba, 0x6e, 0xba, 0x6e, 0xb9, 0x6e, 0xba, 0x6e, 0xba, 0x6e,
    0xb9, 0x66, 0xba, 0x6e, 0xba, 0x6e, 0xba, 0x6e, 0xba, 0x66, 0xb9, 0x66,
    0xba, 0x6e, 0xba, 0x6e, 0xb9, 0x6e, 0xba, 0x6e, 0xba, 0x6e, 0xb9, 0x6e,
    0xb9, 0x66, 0xba, 0x66, 0xba, 0x6e, 0xba, 0x6e, 0xba, 0x6e, 0xba, 0x6e,
    0xb9, 0x66, 0xba, 0x6e, 0xb9, 0x6e, 0xba, 0x6e, 0xb9, 0x66, 0xba, 0x6e,
    0xb9, 0x6e, 0xba, 0x66, 0xba, 0x6e, 0xb9, 0x66, 0xba, 0x6e, 0xba, 0x6e,
    0xba, 0x66, 0xba, 0x6e, 0x99, 0x6e, 0xba, 0x6e, 0x9a, 0x66, 0xb9, 0x66,
    0xba, 0x66, 0xba, 0x6e, 0xba, 0x66, 0xba, 0x6e, 0xb9, 0x66, 0xba, 0x6e,
    0xba, 0x6e, 0x9a, 0x66, 0xb9, 0x6e, 0xba, 0x6e, 0xba, 0x66, 0xb9, 0x6e,
    0xba, 0x6e, 0xba, 0x66, 0xba, 0x6e, 0xb9, 0x66, 0xba, 0x66, 0x99, 0x66,
    0xba, 0x66, 0xb9, 0x66, 0xb9, 0x66, 0xba, 0x66, 0xba, 0x66, 0xba, 0x66,
    0xb9, 0x66, 0xba, 0x66, 0x9a, 0x66, 0xb9, 0x66, 0x9a, 0x66, 0xb9, 0x66,
    0xba, 0x66, 0x99, 0x66, 0xba, 0x66, 0xb9, 0x66, 0x9a, 0x66, 0xb9, 0x66,
    0xba, 0x66, 0xba, 0x66, 0xb9, 0x66, 0xba, 0x66, 0xba, 0x66, 0x99, 0x66,
    0xba, 0x66, 0xba, 0x66, 0xb9, 0x66, 0xb9, 0x66, 0x9a, 0x66, 0xba, 0x66,
    0xb9, 0x66, 0xba, 0x66, 0xba, 0x66, 0xb9, 0x66, 0xba, 0x66, 0xb9, 0x66,
    0xb9, 0x66, 0xba, 0x66, 0xb9, 0x66, 0xb9, 0x66, 0xba, 0x66, 0xba, 0x66,
    0xb9, 0x66, 0x9a, 0x66, 0xba, 0x66, 0xba, 0x66, 0xb9, 0x66, 0xba, 0x66,
    0xba, 0x66, 0xba, 0x66, 0xb9, 0x66, 0xba, 0x66, 0xba, 0x66, 0xb9, 0x66,
    0xba, 0x66, 0xba, 0x66, 0x99, 0x66, 0xba, 0x6e, 0xf9, 0x86, 0x1a, 0x8f,
    0x19, 0x8f, 0x1a, 0x97, 0x1a, 0x97, 0x19, 0x97, 0x1a, 0x97, 0x1a, 0x97,
    0x19, 0x97, 0x1a, 0x97, 0x1a, 0x97, 0x19, 0x8f, 0x1a, 0x97, 0x1a, 0x97,
    0x1a, 0x97, 0x19, 0x97, 0x3a, 0x97, 0x1a, 0x97, 0x1a, 0x97, 0x1a, 0x97,
    0x19, 0x97, 0x1a, 0x97, 0x1a, 0x8f, 0x1a, 0x8f, 0x1a, 0x8f, 0x1a, 0x8f,
    0xfa, 0x8e, 0x19, 0x8f, 0xfa, 0x86, 0xfa, 0x86, 0xfa, 0x86, 0xfa, 0x86,
    0xfa, 0x86, 0xfa, 0x86, 0xd9, 0x7e, 0xf9, 0x86, 0xfa, 0x7e, 0xd9, 0x7e,
    0xd9, 0x7e, 0xda, 0x7e, 0xfa, 0x7e, 0xd9, 0x7e, 0xd9, 0x7e, 0xda, 0x7e,
    0xd9, 0x76, 0xba, 0x76, 0xba, 0x6e, 0xb9, 0x6e, 0xba, 0x6e, 0xba, 0x6e,
    0xb9, 0x6e, 0xb9, 0x66, 0x9a, 0x6e, 0x9a, 0x6e, 0xb9, 0x6e, 0xba, 0x6e,
    0xba, 0x66, 0xba, 0x66, 0xba, 0x66, 0xb9, 0x66, 0xba, 0x6e, 0x9a, 0x66,
    0x99, 0x66, 0xe6, 0x54, 0xe6, 0x54, 0xe6, 0x54, 0xe6, 0x54, 0xe6, 0x54,
    0x06, 0x5d, 0x06, 0x55, 0xe6, 0x54, 0x06, 0x55, 0xe6, 0x54, 0xe6, 0x54,
    0xe6, 0x54, 0xc7, 0x4c, 0xc7, 0x4c, 0xe7, 0x54, 0xc7, 0x54, 0xc7, 0x4c,
    0xc7, 0x54, 0xc6, 0x54, 0xe7, 0x4c, 0xc6, 0x4c, 0xc7, 0x4c, 0xc6, 0x4c,
    0xc6, 0x4c, 0xe6, 0x54, 0xe6, 0x54, 0xc6, 0x54, 0xe6, 0x54, 0xe6, 0x54,
    0xe6, 0x54, 0xe6, 0x54, 0xe6, 0x54, 0xe6, 0x54, 0x06, 0x55, 0x06, 0x5d,
    0x25, 0x65, 0x25, 0x65, 0x25, 0x65, 0x25, 0x65, 0x25, 0x65, 0x25, 0x65,
    0x25, 0x65, 0x25, 0x5d, 0x25, 0x5d, 0x06, 0x5d, 0x05, 0x5d, 0x06, 0x5d,
    0x26, 0x5d, 0x26, 0x5d, 0x26, 0x65, 0x25, 0x5d, 0x26, 0x5d, 0x26, 0x5d,
    0x05, 0x5d, 0xba, 0x6e, 0xba, 0x6e, 0xba, 0x66, 0xb9, 0x6e, 0xba, 0x6e,
    0xba, 0x6e, 0xb9, 0x6e, 0xba, 0x6e, 0xba, 0x66, 0xba, 0x6e, 0xba, 0x6e,
    0xba, 0x6e, 0xb9, 0x6e, 0xba, 0x6e, 0xba, 0x6e, 0xba, 0x6e, 0xba, 0x6e,
    0xba, 0x6e, 0xba, 0x6e, 0xba, 0x6e, 0xb9, 0x66, 0xba, 0x6e, 0xba, 0x6e,
    0xba, 0x6e, 0xba, 0x6e, 0xb9, 0x66, 0xb9, 0x6e, 0xba, 0x6e, 0xba, 0x6e,
    0xb9, 0x6e, 0xba, 0x66, 0xba, 0x66, 0xb9, 0x6e, 0xba, 0x6e, 0xba, 0x6e,
    0xba, 0x66, 0xba, 0x6e, 0xb9, 0x6e, 0x9a, 0x66, 0xba, 0x6e, 0xb9, 0x66,
    0x9a, 0x66, 0xb9, 0x66, 0xba, 0x6e, 0xba, 0x6e, 0xba, 0x6e, 0xba, 0x6e,
    0xb9, 0x6e, 0xba, 0x66, 0xb9, 0x66, 0xba, 0x6e, 0xba, 0x6e, 0xb9, 0x6e,
    0xba, 0x66, 0xba, 0x66, 0xba, 0x6e, 0x99, 0x6e, 0xba, 0x6e, 0xba, 0x66,
    0xb9, 0x66, 0xba, 0x6e, 0xba, 0x6e, 0xba, 0x66, 0xba, 0x6e, 0xba, 0x6e,
    0xba, 0x66, 0x9a, 0x6e, 0xba, 0x6e, 0xba, 0x6e, 0xb9, 0x66, 0xba, 0x6e,
    0xba, 0x66, 0xba, 0x6e, 0xb9, 0x66, 0xba, 0x66, 0xba, 0x66, 0xba, 0x66,
    0xb9, 0x66, 0xba, 0x66, 0xba, 0x66, 0xba, 0x66, 0xb9, 0x6e, 0xba, 0x66,
    0x9a, 0x66, 0xb9, 0x6e, 0xba, 0x66, 0xba, 0x66, 0xba, 0x66, 0xba, 0x66,
    0xb9, 0x66, 0xba, 0x66, 0xba, 0x66, 0xba, 0x66, 0xb9, 0x66, 0xba, 0x66,
    0xba, 0x66, 0xb9, 0x66, 0xba, 0x66, 0x9a, 0x66, 0xb9, 0x66, 0xba, 0x66,
    0xba, 0x66, 0xba, 0x66, 0xba, 0x66, 0x99, 0x66, 0xba, 0x66, 0xba, 0x66,
    0xb9, 0x66, 0xba, 0x66, 0xba, 0x66, 0x99, 0x66, 0xba, 0x66, 0xb9, 0x66,
    0x9a, 0x66, 0xba, 0x66, 0xba, 0x66, 0xb9, 0x66, 0xba, 0x66, 0xba, 0x66,
    0xba, 0x66, 0xb9, 0x6e, 0xba, 0x6e, 0xda, 0x76, 0xfa, 0x8e, 0x1a, 0x8f,
    0x1a, 0x97, 0x1a, 0x97, 0x19, 0x97, 0x1a, 0x97, 0x1a, 0x97, 0x39, 0x97,
    0x1a, 0x97, 0x3a, 0x97, 0x3a, 0x97, 0x1a, 0x8f, 0x19, 0x97, 0x1a, 0x97,
    0x1a, 0x97, 0x1a, 0x97, 0x1a, 0x97, 0x19, 0x97, 0x1a, 0x97, 0x19, 0x97,
    0x1a, 0x97, 0x1a, 0x8f, 0x19, 0x8f, 0x19, 0x8f, 0x19, 0x8f, 0xfa, 0x8e,
    0xfa, 0x8e, 0xf9, 0x86, 0xfa, 0x86, 0xf9, 0x86, 0xf9, 0x86, 0xfa, 0x86,
    0xf9, 0x86, 0xf9, 0x7e, 0xfa, 0x86, 0xda, 0x86, 0xd9, 0x7e, 0xfa, 0x7e,
    0xda, 0x86, 0xd9, 0x7e, 0xd9, 0x7e, 0xda, 0x7e, 0xda, 0x7e, 0xd9, 0x7e,
    0xd9, 0x76, 0xda, 0x76, 0xd9, 0x76, 0xba, 0x76, 0xb9, 0x6e, 0xba, 0x6e,
    0xba, 0x6e, 0xb9, 0x6e, 0xba, 0x6e, 0xb9, 0x6e, 0xb9, 0x66, 0xba, 0x66,
    0xba, 0x6e, 0x99, 0x66, 0x99, 0x66, 0xba, 0x66, 0xba, 0x6e, 0xb9, 0x66,
    0x99, 0x66, 0xc6, 0x4c, 0xe7, 0x4c, 0xe7, 0x4c, 0xe7, 0x4c, 0xe6, 0x54,
    0xc6, 0x54, 0xe7, 0x4c, 0xc6, 0x54, 0xe6, 0x54, 0xe6, 0x54, 0xe7, 0x54,
    0xc7, 0x4c, 0xe7, 0x54, 0xe6, 0x54, 0xc6, 0x4c, 0xc7, 0x4c, 0xc7, 0x4c,
    0xc6, 0x4c, 0xc7, 0x54, 0xc7, 0x4c, 0xa7, 0x4c, 0xc7, 0x4c, 0xc7, 0x4c,
    0xc7, 0x4c, 0xe6, 0x54, 0xc6, 0x4c, 0xe7, 0x4c, 0xe6, 0x54, 0xc6, 0x4c,
    0xe6, 0x54, 0xe6, 0x54, 0xe6, 0x54, 0xe6, 0x54, 0xe6, 0x54, 0x06, 0x5d,
    0x05, 0x5d, 0x06, 0x5d, 0x25, 0x5d, 0x25, 0x65, 0x25, 0x65, 0x25, 0x65,
    0x05, 0x5d, 0x06, 0x5d, 0x26, 0x5d, 0x06, 0x5d, 0x06, 0x5d, 0x25, 0x5d,
    0x25, 0x5d, 0x26, 0x5d, 0x26, 0x5d, 0x06, 0x5d, 0x06, 0x5d, 0x06, 0x5d,
    0x05, 0x55, 0x97, 0x6e, 0xba, 0x6e, 0xba, 0x6e, 0xb9, 0x6e, 0xba, 0x6e,
    0xba, 0x6e, 0xba, 0x6e, 0xba, 0x6e, 0xb9, 0x6e, 0xba, 0x66, 0xba, 0x6e,
    0xb9, 0x6e, 0xba, 0x6e, 0xba, 0x6e, 0xba, 0x6e, 0xb9, 0x6e, 0xba, 0x6e,
    0xba, 0x6e, 0xb9, 0x66, 0xba, 0x6e, 0xba, 0x6e, 0xba, 0x6e, 0xba, 0x6e,
    0xb9, 0x6e, 0xba, 0x6e, 0xba, 0x6e, 0xba, 0x6e, 0xba, 0x6e, 0xb9, 0x6e,
    0xba, 0x6e, 0xba, 0x6e, 0xba, 0x6e, 0xba, 0x6e, 0xb9, 0x6e, 0xba, 0x6e,
    0xba, 0x6e, 0xb9, 0x6e, 0xba, 0x6e, 0xba, 0x6e, 0xb9, 0x6e, 0xba, 0x6e,
    0xba, 0x6e, 0xba, 0x6e, 0xba, 0x6e, 0xb9, 0x6e, 0xba, 0x66, 0xba, 0x6e,
    0xba, 0x6e, 0xba, 0x6e, 0xb9, 0x6e, 0xba, 0x66, 0xba, 0x66, 0xba, 0x6e,
    0xb9, 0x66, 0xba, 0x6e, 0xba, 0x6e, 0xb9, 0x66, 0xba, 0x66, 0xba, 0x6e,
    0xba, 0x6e, 0xb9, 0x66, 0xba, 0x6e, 0xba, 0x6e, 0xb9, 0x66, 0xb9, 0x6e,
    0xba, 0x6e, 0xba, 0x66, 0xb9, 0x66, 0xb9, 0x6e, 0x9a, 0x66, 0xb9, 0x66,
    0xba, 0x6e, 0xb9, 0x66, 0xba, 0x6e, 0xb9, 0x6e, 0xba, 0x6e, 0xba, 0x66,
    0xba, 0x6e, 0xba, 0x6e, 0xba, 0x66, 0xb9, 0x66, 0xba, 0x66, 0xba, 0x6e,
    0xba, 0x66, 0x99, 0x66, 0xba, 0x6e, 0xba, 0x6e, 0xb9, 0x66, 0xba, 0x66,
    0xba, 0x6e, 0xba, 0x6e, 0xb9, 0x66, 0xba, 0x6e, 0xba, 0x66, 0xb9, 0x66,
    0xba, 0x66, 0xb9, 0x6e, 0xba, 0x66, 0xba, 0x66, 0xb9, 0x66, 0xba, 0x66,
    0xba, 0x66, 0xba, 0x66, 0xb9, 0x66, 0xba, 0x66, 0xba, 0x66, 0xb9, 0x66,
    0xba, 0x6e, 0xba, 0x6e, 0xb9, 0x66, 0xba, 0x6e, 0x9a, 0x66, 0xb9, 0x66,
    0xba, 0x66, 0xba, 0x6e, 0xb9, 0x66, 0xba, 0x6e, 0xba, 0x6e, 0xb9, 0x66,
    0xba, 0x6e, 0xba, 0x6e, 0xda, 0x6e, 0xf9, 0x7e, 0xf9, 0x8e, 0x1a, 0x97,
    0x1a, 0x97, 0x19, 0x97, 0x3a, 0x97, 0x1a, 0x97, 0x1a, 0x97, 0x1a, 0x97,
    0x1a, 0x97, 0x19, 0x97, 0x19, 0x97, 0x1a, 0x97, 0x3a, 0x97, 0x1a, 0x97,
    0x19, 0x8f, 0x1a, 0x97, 0x19, 0x97, 0x1a, 0x97, 0x1a, 0x8f, 0x1a, 0x8f,
    0x1a, 0x8f, 0x19, 0x8f, 0x1a, 0x8f, 0xfa, 0x8e, 0xf9, 0x8e, 0xfa, 0x8e,
    0xf9, 0x86, 0xfa, 0x86, 0xf9, 0x86, 0xfa, 0x86, 0xfa, 0x86, 0xd9, 0x7e,
    0xfa, 0x7e, 0xd9, 0x86, 0xda, 0x7e, 0xfa, 0x7e, 0xf9, 0x86, 0xda, 0x7e,
    0xd9, 0x7e, 0xd9, 0x7e, 0xda, 0x7e, 0xd9, 0x7e, 0xda, 0x7e, 0xda, 0x7e,
    0xd9, 0x76, 0xba, 0x76, 0xb9, 0x76, 0xba, 0x76, 0xba, 0x76, 0xd9, 0x6e,
    0xba, 0x6e, 0xba, 0x6e, 0xba, 0x6e, 0xba, 0x6e, 0xba, 0x6e, 0xb9, 0x6e,
    0xba, 0x6e, 0xba, 0x6e, 0xba, 0x66, 0x9a, 0x6e, 0x99, 0x66, 0xba, 0x66,
    0xbb, 0x6e, 0x2a, 0x55, 0xe7, 0x4c, 0xc7, 0x4c, 0xc7, 0x4c, 0xc7, 0x4c,
    0xc7, 0x4c, 0xc7, 0x4c, 0xc7, 0x4c, 0xc7, 0x4c, 0xc7, 0x4c, 0xc7, 0x4c,
    0xc7, 0x4c, 0xc7, 0x4c, 0xc7, 0x4c, 0xc7, 0x4c, 0xc7, 0x4c, 0xc7, 0x4c,
    0xc7, 0x4c, 0xc7, 0x4c, 0xc7, 0x4c, 0xc7, 0x4c, 0xc7, 0x4c, 0xa7, 0x4c,
    0xc7, 0x4c, 0xc7, 0x4c, 0xc7, 0x4c, 0xc7, 0x54, 0xc6, 0x4c, 0xe7, 0x4c,
    0xc7, 0x4c, 0xc6, 0x4c, 0xc6, 0x4c, 0xc6, 0x4c, 0xe6, 0x54, 0xe6, 0x54,
    0x06, 0x55, 0x06, 0x5d, 0x06, 0x5d, 0x06, 0x5d, 0x06, 0x5d, 0x06, 0x5d,
    0x06, 0x5d, 0x06, 0x5d, 0x06, 0x5d, 0xe6, 0x54, 0x06, 0x55, 0x06, 0x5d,
    0x06, 0x5d, 0x06, 0x5d, 0x26, 0x5d, 0x26, 0x5d, 0x06, 0x5d, 0x06, 0x55,
    0x06, 0x55, 0x77, 0x6e, 0xb9, 0x6e, 0xba, 0x6e, 0xba, 0x6e, 0xba, 0x6e,
    0xb9, 0x6e, 0xb9, 0x6e, 0xba, 0x6e, 0xb9, 0x6e, 0xda, 0x6e, 0xba, 0x6e,
    0xda, 0x6e, 0xba, 0x6e, 0xba, 0x6e, 0xba, 0x6e, 0xba, 0x6e, 0xb9, 0x6e,
    0xba, 0x6e, 0xba, 0x6e, 0xb9, 0x6e, 0xba, 0x6e, 0xda, 0x6e, 0xb9, 0x6e,
    0xba, 0x6e, 0xda, 0x6e, 0xba, 0x6e, 0xb9, 0x6e, 0xba, 0x6e, 0xba, 0x66,
    0xb9, 0x6e, 0xba, 0x6e, 0xb9, 0x6e, 0xba, 0x6e, 0xba, 0x6e, 0xb9, 0x6e,
    0xba, 0x6e, 0xba, 0x6e, 0xba, 0x6e, 0xba, 0x6e, 0xba, 0x6e, 0xb9, 0x6e,
    0xba, 0x6e, 0xba, 0x6e, 0xb9, 0x6e, 0xb9, 0x66, 0xba, 0x6e, 0xb9, 0x6e,
    0xba, 0x66, 0xb9, 0x6e, 0xba, 0x6e, 0xba, 0x6e, 0xb9, 0x6e, 0xba, 0x6e,
    0xb9, 0x6e, 0xba, 0x6e, 0xba, 0x6e, 0xba, 0x66, 0xba, 0x6e, 0xb9, 0x6e,
    0xba, 0x6e, 0xba, 0x66, 0xb9, 0x6e, 0xba, 0x6e, 0xba, 0x66, 0xba, 0x6e,
    0xba, 0x6e, 0xba, 0x66, 0xb9, 0x66, 0xba, 0x6e, 0xba, 0x6e, 0xba, 0x66,
    0xb9, 0x6e, 0xba, 0x66, 0xba, 0x66, 0xba, 0x6e, 0xb9, 0x66, 0xba, 0x6e,
    0xb9, 0x6e, 0xb9, 0x66, 0xba, 0x6e, 0xba, 0x6e, 0xb9, 0x6e, 0xba, 0x6e,
    0xb9, 0x66, 0xba, 0x66, 0xb9, 0x6e, 0xba, 0x6e, 0xba, 0x6e, 0xb9, 0x66,
    0xba, 0x66, 0xba, 0x6e, 0xb9, 0x66, 0xba, 0x6e, 0xba, 0x6e, 0xba, 0x66,
    0xba, 0x6e, 0xb9, 0x66, 0xba, 0x66, 0xba, 0x6e, 0xb9, 0x6e, 0xba, 0x6e,
    0xba, 0x6e, 0x99, 0x66, 0xba, 0x6e, 0xba, 0x6e, 0xb9, 0x66, 0xba, 0x6e,
    0xba, 0x66, 0xb9, 0x66, 0xba, 0x6e, 0xba, 0x6e, 0xb9, 0x6e, 0xba, 0x6e,
    0xba, 0x6e, 0xba, 0x6e, 0xba, 0x66, 0xb9, 0x6e, 0xba, 0x6e, 0xba, 0x6e,
    0xb9, 0x6e, 0xda, 0x6e, 0xda, 0x76, 0xfa, 0x86, 0x1a, 0x8f, 0x1a, 0x8f,
    0x19, 0x97, 0x1a, 0x97, 0x3a, 0x8f, 0x1a, 0x8f, 0x19, 0x97, 0x3a, 0x97,
    0x19, 0x8f, 0x1a, 0x97, 0x1a, 0x97, 0x1a, 0x8f, 0x1a, 0x97, 0x39, 0x8f,
    0x1a, 0x8f, 0x1a, 0x97, 0x19, 0x8f, 0x1a, 0x8f, 0x1a, 0x8f, 0x1a, 0x8f,
    0x19, 0x8f, 0x1a, 0x8f, 0x1a, 0x8f, 0xf9, 0x8e, 0xfa, 0x86, 0x1a, 0x87,
    0xf9, 0x86, 0xfa, 0x86, 0xf9, 0x86, 0xfa, 0x86, 0xfa, 0x86, 0xf9, 0x86,
    0xda, 0x7e, 0xfa, 0x86, 0xd9, 0x7e, 0xfa, 0x7e, 0xd9, 0x7e, 0xd9, 0x7e,
    0xda, 0x7e, 0xda, 0x7e, 0xd9, 0x7e, 0xd9, 0x7e, 0xda, 0x7e, 0xd9, 0x76,
    0xda, 0x76, 0xb9, 0x76, 0xd9, 0x76, 0xda, 0x6e, 0xb9, 0x76, 0xda, 0x76,
    0xb9, 0x6e, 0xb9, 0x6e, 0xba, 0x6e, 0xb9, 0x6e, 0xba, 0x6e, 0xba, 0x6e,
    0xb9, 0x6e, 0xba, 0x6e, 0xba, 0x66, 0xba, 0x6e, 0xb9, 0x66, 0x9a, 0x66,
    0xbb, 0x6e, 0x36, 0x66, 0xc7, 0x4c, 0xc7, 0x4c, 0xc7, 0x4c, 0xc7, 0x4c,
    0xc7, 0x4c, 0xc7, 0x4c, 0xa7, 0x4c, 0xc7, 0x4c, 0xa7, 0x4c, 0xc7, 0x4c,
    0xa7, 0x44, 0xa7, 0x4c, 0xa7, 0x4c, 0xc7, 0x4c, 0xc7, 0x4c, 0xc7, 0x4c,
    0xc7, 0x4c, 0xc7, 0x4c, 0xa7, 0x4c, 0xc7, 0x4c, 0xa7, 0x4c, 0xa7, 0x4c,
    0xc7, 0x4c, 0xc7, 0x4c, 0xc7, 0x4c, 0xc7, 0x4c, 0xc7, 0x4c, 0xc7, 0x4c,
    0xc7, 0x4c, 0xc7, 0x4c, 0xc7, 0x4c, 0xc7, 0x4c, 0xe6, 0x54, 0xe6, 0x54,
    0xe6, 0x54, 0xe6, 0x54, 0xe6, 0x54, 0xe6, 0x54, 0x06, 0x55, 0xe6, 0x54,
    0x06, 0x55, 0xe6, 0x54, 0xe6, 0x54, 0xe6, 0x54, 0xe6, 0x54, 0xe6, 0x54,
    0x06, 0x5d, 0x06, 0x5d, 0x06, 0x55, 0x06, 0x55, 0x06, 0x55, 0x06, 0x55,
    0x06, 0x55, 0xdb, 0x6e, 0xba, 0x6e, 0xba, 0x6e, 0xda, 0x6e, 0xd9, 0x6e,
    0xba, 0x6e, 0xba, 0x6e, 0xba, 0x6e, 0xda, 0x6e, 0xba, 0x6e, 0xd9, 0x6e,
    0xba, 0x6e, 0xd9, 0x6e, 0xda, 0x6e, 0xba, 0x6e, 0xb9, 0x6e, 0xda, 0x6e,
    0xda, 0x6e, 0xba, 0x6e, 0xba, 0x6e, 0xba, 0x6e, 0xda, 0x6e, 0xba, 0x6e,
    0xda, 0x6e, 0xb9, 0x6e, 0xba, 0x6e, 0xba, 0x6e, 0xba, 0x6e, 0xba, 0x6e,
    0xda, 0x6e, 0xda, 0x6e, 0xda, 0x6e, 0xba, 0x6e, 0xba, 0x6e, 0xba, 0x6e,
    0xb9, 0x6e, 0xba, 0x6e, 0xd9, 0x6e, 0xba, 0x66, 0xba, 0x6e, 0xda, 0x6e,
    0xb9, 0x6e, 0xda, 0x66, 0xda, 0x6e, 0xba, 0x6e, 0xba, 0x6e, 0xba, 0x6e,
    0xba, 0x6e, 0xba, 0x66, 0xba, 0x6e, 0xba, 0x6e, 0xb9, 0x6e, 0xba, 0x66,
    0xba, 0x6e, 0xda, 0x6e, 0xba, 0x6e, 0xb9, 0x6e, 0xba, 0x6e, 0xba, 0x6e,
    0xb9, 0x66, 0xba, 0x6e, 0xba, 0x6e, 0xb9, 0x6e, 0xba, 0x66, 0xba, 0x6e,
    0xb9, 0x6e, 0xb9, 0x6e, 0xba, 0x6e, 0xba, 0x6e, 0xba, 0x6e, 0xba, 0x6e,
    0xba, 0x6e, 0xb9, 0x6e, 0xba, 0x6e, 0xb9, 0x66, 0xba, 0x66, 0xba, 0x6e,
    0xb9, 0x66, 0xba, 0x6e, 0xba, 0x6e, 0xba, 0x66, 0xba, 0x6e, 0xba, 0x66,
    0xba, 0x6e, 0xb9, 0x6e, 0xba, 0x66, 0xba, 0x6e, 0xba, 0x66, 0xb9, 0x6e,
    0xba, 0x6e, 0xba, 0x6e, 0xb9, 0x66, 0xb9, 0x66, 0xba, 0x6e, 0xba, 0x6e,
    0xb9, 0x6e, 0xba, 0x6e, 0xba, 0x6e, 0xba, 0x6e, 0xb9, 0x66, 0xba, 0x66,
    0xba, 0x6e, 0xb9, 0x6e, 0xba, 0x6e, 0xba, 0x66, 0xb9, 0x6e, 0xba, 0x6e,
    0xba, 0x66, 0xb9, 0x66, 0xba, 0x6e, 0xba, 0x66, 0xb9, 0x66, 0xba, 0x6e,
    0xb9, 0x6e, 0xb9, 0x6e, 0xda, 0x6e, 0xda, 0x76, 0xda, 0x76, 0xfa, 0x7e,
    0x19, 0x87, 0x19, 0x8f, 0x1a, 0x8f, 0x1a, 0x97, 0x1a, 0x8f, 0x19, 0x8f,
    0x1a, 0x97, 0x1a, 0x97, 0x19, 0x97, 0x19, 0x8f, 0x3a, 0x97, 0x19, 0x97,
    0x1a, 0x97, 0x3a, 0x8f, 0x19, 0x97, 0x1a, 0x97, 0x1a, 0x8f, 0x19, 0x97,
    0x1a, 0x8f, 0x1a, 0x97, 0x1a, 0x8f, 0x1a, 0x8f, 0x19, 0x8f, 0x19, 0x8f,
    0xfa, 0x8e, 0xfa, 0x8e, 0x19, 0x8f, 0x1a, 0x8f, 0xfa, 0x86, 0xf9, 0x86,
    0xfa, 0x86, 0xfa, 0x86, 0xf9, 0x86, 0xfa, 0x86, 0xf9, 0x86, 0xd9, 0x7e,
    0xfa, 0x86, 0xda, 0x7e, 0xf9, 0x7e, 0xd9, 0x7e, 0xda, 0x7e, 0xd9, 0x7e,
    0xda, 0x7e, 0xd9, 0x7e, 0xda, 0x7e, 0xda, 0x7e, 0xd9, 0x7e, 0xda, 0x7e,
    0xd9, 0x76, 0xba, 0x76, 0xba, 0x76, 0xd9, 0x76, 0xb9, 0x76, 0xda, 0x76,
    0xd9, 0x6e, 0xda, 0x6e, 0xba, 0x6e, 0xb9, 0x6e, 0xba, 0x6e, 0xba, 0x6e,
    0xb9, 0x6e, 0xb9, 0x6e, 0xba, 0x6e, 0xb9, 0x6e, 0xbb, 0x6e, 0x53, 0x6e,
    0xa9, 0x6d, 0x85, 0x6d, 0x06, 0x55, 0xc7, 0x4c, 0xc7, 0x44, 0xc7, 0x4c,
    0xa7, 0x44, 0xa7, 0x44, 0xa8, 0x44, 0xa7, 0x44, 0xa7, 0x44, 0xa7, 0x44,
    0xa7, 0x44, 0xa8, 0x44, 0xa7, 0x44, 0xa7, 0x4c, 0xa7, 0x4c, 0xa7, 0x4c,
    0xa7, 0x4c, 0xc7, 0x4c, 0xa7, 0x4c, 0xa7, 0x4c, 0xa7, 0x44, 0xa7, 0x4c,
    0xa7, 0x4c, 0xa7, 0x4c, 0xc7, 0x4c, 0xc7, 0x4c, 0xc7, 0x4c, 0xa7, 0x4c,
    0xc7, 0x4c, 0xc7, 0x4c, 0xc7, 0x4c, 0xc7, 0x4c, 0xc7, 0x4c, 0xe7, 0x4c,
    0xe6, 0x54, 0xe7, 0x54, 0xe6, 0x54, 0xe7, 0x54, 0xe6, 0x54, 0xe6, 0x54,
    0xe6, 0x54, 0xe6, 0x54, 0xe7, 0x54, 0xe6, 0x54, 0xe6, 0x54, 0x06, 0x55,
    0x06, 0x55, 0x06, 0x55, 0xe6, 0x54, 0xe6, 0x54, 0x06, 0x55, 0xe7, 0x54,
    0x07, 0x5d, 0x49, 0x5d, 0xf1, 0x65, 0xda, 0x6e, 0xda, 0x6e, 0xba, 0x6e,
    0xda, 0x6e, 0xda, 0x6e, 0xda, 0x6e, 0xba, 0x6e, 0xda, 0x6e, 0xba, 0x6e,
    0xba, 0x6e, 0xba, 0x6e, 0xd9, 0x6e, 0xda, 0x6e, 0xba, 0x6e, 0xda, 0x6e,
    0xd9, 0x6e, 0xba, 0x6e, 0xda, 0x6e, 0xd9, 0x6e, 0xba, 0x6e, 0xda, 0x6e,
    0xd9, 0x6e, 0xb9, 0x6e, 0xba, 0x6e, 0xda, 0x6e, 0xd9, 0x6e, 0xda, 0x6e,
    0xba, 0x6e, 0xb9, 0x6e, 0xba, 0x6e, 0xd9, 0x6e, 0xda, 0x6e, 0xb9, 0x6e,
    0xda, 0x6e, 0xda, 0x6e, 0xba, 0x6e, 0xb9, 0x6e, 0xda, 0x6e, 0xba, 0x6e,
    0xba, 0x6e, 0xba, 0x6e, 0xb9, 0x6e, 0xba, 0x6e, 0xda, 0x6e, 0xba, 0x6e,
    0xd9, 0x6e, 0xb9, 0x6e, 0xba, 0x6e, 0xb9, 0x6e, 0xda, 0x6e, 0xba, 0x66,
    0xba, 0x6e, 0xb9, 0x6e, 0xda, 0x6e, 0xba, 0x6e, 0xba, 0x6e, 0xba, 0x6e,
    0xba, 0x6e, 0xba, 0x6e, 0xba, 0x6e, 0xba, 0x6e, 0xb9, 0x6e, 0xba, 0x66,
    0xba, 0x6e, 0xba, 0x6e, 0xba, 0x66, 0xb9, 0x66, 0xda, 0x6e, 0xb9, 0x6e,
    0xba, 0x66, 0xba, 0x6e, 0xba, 0x6e, 0xba, 0x6e, 0xba, 0x6e, 0xba, 0x6e,
    0xba, 0x6e, 0xba, 0x6e, 0xba, 0x6e, 0xb9, 0x66, 0xba, 0x6e, 0xb9, 0x6e,
    0xba, 0x66, 0xba, 0x6e, 0xba, 0x6e, 0xba, 0x66, 0xd9, 0x6e, 0xba, 0x6e,
    0xba, 0x66, 0xba, 0x6e, 0xba, 0x6e, 0xba, 0x6e, 0xba, 0x66, 0xb9, 0x6e,
    0xba, 0x66, 0xba, 0x6e, 0xba, 0x66, 0xb9, 0x6e, 0xba, 0x6e, 0xba, 0x6e,
    0xba, 0x66, 0xba, 0x6e, 0xba, 0x66, 0xba, 0x6e, 0xba, 0x66, 0xb9, 0x6e,
    0xba, 0x6e, 0xba, 0x6e, 0xba, 0x6e, 0xb9, 0x66, 0xda, 0x6e, 0xda, 0x76,
    0xda, 0x76, 0xfa, 0x7e, 0xf9, 0x86, 0xfa, 0x8e, 0x1a, 0x8f, 0x1a, 0x8f,
    0x19, 0x97, 0x1a, 0x97, 0x1a, 0x97, 0x19, 0x8f, 0x1a, 0x97, 0x1a, 0x97,
    0x39, 0x97, 0x1a, 0x97, 0x1a, 0x8f, 0x1a, 0x97, 0x1a, 0x97, 0x1a, 0x97,
    0x19, 0x8f, 0x1a, 0x97, 0x1a, 0x97, 0x19, 0x8f, 0x1a, 0x97, 0x1a, 0x8f,
    0x1a, 0x8f, 0x19, 0x8f, 0x19, 0x8f, 0x1a, 0x8f, 0x1a, 0x8f, 0xf9, 0x8e,
    0xfa, 0x8e, 0xf9, 0x86, 0xfa, 0x86, 0xfa, 0x86, 0xf9, 0x86, 0xf9, 0x86,
    0xfa, 0x86, 0xfa, 0x86, 0xf9, 0x86, 0xf9, 0x86, 0xda, 0x7e, 0xd9, 0x7e,
    0xfa, 0x7e, 0xd9, 0x86, 0xfa, 0x7e, 0xda, 0x7e, 0xd9, 0x86, 0xfa, 0x7e,
    0xd9, 0x7e, 0xd9, 0x7e, 0xda, 0x7e, 0xd9, 0x7e, 0xd9, 0x7e, 0xda, 0x76,
    0xd9, 0x76, 0xda, 0x76, 0xda, 0x76, 0xda, 0x76, 0xda, 0x76, 0xb9, 0x76,
    0xba, 0x76, 0xda, 0x76, 0xda, 0x76, 0xb9, 0x6e, 0xba, 0x6e, 0xba, 0x6e,
    0xba, 0x6e, 0xba, 0x6e, 0xb9, 0x6e, 0xba, 0x6e, 0xaa, 0x6d, 0x64, 0x75,
    0x85, 0x6d, 0x64, 0x6d, 0x26, 0x5d, 0xa7, 0x44, 0xa8, 0x44, 0xa8, 0x44,
    0xc7, 0x4c, 0xc7, 0x4c, 0xc7, 0x4c, 0xc7, 0x4c, 0xc7, 0x4c, 0xa7, 0x44,
    0xa8, 0x44, 0xa8, 0x44, 0xa7, 0x44, 0x87, 0x44, 0xa7, 0x4c, 0xa7, 0x4c,
    0xa7, 0x4c, 0xa7, 0x44, 0xc7, 0x4c, 0xa7, 0x44, 0xa7, 0x44, 0xa7, 0x44,
    0xa7, 0x44, 0xa7, 0x44, 0xa7, 0x44, 0xa7, 0x44, 0xa7, 0x4c, 0xa7, 0x4c,
    0xa7, 0x44, 0xa7, 0x4c, 0xa7, 0x44, 0xa7, 0x4c, 0xa7, 0x4c, 0xc7, 0x4c,
    0xc7, 0x4c, 0xc7, 0x4c, 0xe7, 0x54, 0xe7, 0x54, 0xc7, 0x54, 0xe7, 0x54,
    0xc7, 0x4c, 0xe7, 0x54, 0xe7, 0x54, 0xe6, 0x54, 0xe6, 0x54, 0xe7, 0x54,
    0xe7, 0x54, 0xe6, 0x54, 0xe7, 0x54, 0xe7, 0x54, 0x06, 0x55, 0xe7, 0x54,
    0x07, 0x55, 0x07, 0x55, 0xe6, 0x54, 0xd0, 0x5d, 0xda, 0x6e, 0xba, 0x6e,
    0xba, 0x6e, 0xd9, 0x6e, 0xba, 0x6e, 0xd9, 0x6e, 0xda, 0x6e, 0xba, 0x6e,
    0xd9, 0x6e, 0xda, 0x6e, 0xba, 0x6e, 0xba, 0x6e, 0xda, 0x6e, 0xb9, 0x6e,
    0xba, 0x6e, 0xda, 0x6e, 0xd9, 0x6e, 0xba, 0x6e, 0xba, 0x6e, 0xda, 0x6e,
    0xda, 0x6e, 0xba, 0x6e, 0xda, 0x6e, 0xda, 0x6e, 0xb9, 0x6e, 0xda, 0x6e,
    0xb9, 0x6e, 0xba, 0x6e, 0xda, 0x6e, 0xda, 0x6e, 0xba, 0x6e, 0xda, 0x6e,
    0xda, 0x6e, 0xd9, 0x6e, 0xba, 0x6e, 0xda, 0x6e, 0xd9, 0x6e, 0xba, 0x6e,
    0xba, 0x6e, 0xd9, 0x6e, 0xda, 0x6e, 0xb9, 0x6e, 0xda, 0x6e, 0xba, 0x6e,
    0xda, 0x6e, 0xda, 0x6e, 0xba, 0x6e, 0xba, 0x6e, 0xda, 0x6e, 0xba, 0x6e,
    0xb9, 0x6e, 0xba, 0x6e, 0xba, 0x66, 0xd9, 0x6e, 0xda, 0x6e, 0xd9, 0x6e,
    0xba, 0x6e, 0xd9, 0x6e, 0xd9, 0x66, 0xda, 0x6e, 0xda, 0x6e, 0xba, 0x6e,
    0xda, 0x6e, 0xba, 0x6e, 0xb9, 0x6e, 0xda, 0x6e, 0xba, 0x6e, 0xda, 0x6e,
    0xb9, 0x6e, 0xba, 0x6e, 0xda, 0x6e, 0xb9, 0x6e, 0xba, 0x6e, 0xb9, 0x6e,
    0xba, 0x6e, 0xba, 0x66, 0xb9, 0x6e, 0xba, 0x6e, 0xd9, 0x6e, 0xba, 0x6e,
    0xba, 0x6e, 0xda, 0x6e, 0xb9, 0x6e, 0xb9, 0x6e, 0xba, 0x6e, 0xda, 0x6e,
    0xd9, 0x66, 0xb9, 0x66, 0xba, 0x6e, 0xba, 0x6e, 0xba, 0x6e, 0xda, 0x6e,
    0xda, 0x6e, 0xd9, 0x6e, 0xda, 0x6e, 0xba, 0x66, 0xda, 0x6e, 0xb9, 0x6e,
    0xb9, 0x6e, 0xda, 0x6e, 0xb9, 0x66, 0xb9, 0x6e, 0xda, 0x6e, 0xda, 0x6e,
    0xb9, 0x6e, 0xba, 0x6e, 0xd9, 0x6e, 0xda, 0x7e, 0xf9, 0x7e, 0xfa, 0x86,
    0x1a, 0x8f, 0x1a, 0x8f, 0x1a, 0x8f, 0x19, 0x8f, 0x1a, 0x97, 0x1a, 0x97,
    0x1a, 0x97, 0x1a, 0x8f, 0x1a, 0x97, 0x19, 0x8f, 0x1a, 0x97, 0x1a, 0x97,
    0x1a, 0x8f, 0x1a, 0x8f, 0x19, 0x97, 0x1a, 0x97, 0x3a, 0x8f, 0x1a, 0x97,
    0x1a, 0x8f, 0x1a, 0x8f, 0x19, 0x97, 0x1a, 0x8f, 0x1a, 0x8f, 0x19, 0x8f,
    0x19, 0x8f, 0x1a, 0x8f, 0xfa, 0x8e, 0xf9, 0x8e, 0xfa, 0x8e, 0xf9, 0x86,
    0xf9, 0x8e, 0xfa, 0x86, 0xfa, 0x86, 0xf9, 0x86, 0xf9, 0x86, 0xfa, 0x86,
    0xfa, 0x86, 0xf9, 0x86, 0xfa, 0x86, 0xda, 0x86, 0xfa, 0x86, 0xfa, 0x7e,
    0xd9, 0x7e, 0xd9, 0x86, 0xd9, 0x7e, 0xda, 0x7e, 0xf9, 0x7e, 0xda, 0x7e,
    0xd9, 0x7e, 0xd9, 0x7e, 0xda, 0x7e, 0xda, 0x7e, 0xd9, 0x76, 0xda, 0x76,
    0xb9, 0x76, 0xb9, 0x76, 0xda, 0x76, 0xb9, 0x76, 0xb9, 0x76, 0xda, 0x6e,
    0xb9, 0x76, 0xb9, 0x76, 0xb9, 0x6e, 0xda, 0x6e, 0xb9, 0x6e, 0xd9, 0x6e,
    0xb9, 0x6e, 0xb9, 0x6e, 0xba, 0x6e, 0xed, 0x6d, 0x84, 0x6d, 0x84, 0x75,
    0x84, 0x75, 0x64, 0x6d, 0x45, 0x6d, 0xc7, 0x4c, 0xc7, 0x4c, 0x06, 0x55,
    0x05, 0x55, 0x06, 0x5d, 0x05, 0x55, 0xe6, 0x54, 0xe6, 0x54, 0xe7, 0x4c,
    0xa7, 0x44, 0x87, 0x44, 0x88, 0x44, 0xa8, 0x44, 0xa7, 0x44, 0xa7, 0x44,
    0xa7, 0x44, 0xa8, 0x44, 0xa7, 0x44, 0xa8, 0x44, 0xa7, 0x44, 0xa7, 0x4c,
    0xa7, 0x44, 0x87, 0x44, 0x88, 0x44, 0x87, 0x44, 0x87, 0x44, 0x87, 0x44,
    0x87, 0x44, 0xa7, 0x44, 0xa7, 0x44, 0xa7, 0x4c, 0xa7, 0x4c, 0xc7, 0x4c,
    0xa7, 0x4c, 0xa7, 0x4c, 0xc7, 0x4c, 0xc7, 0x4c, 0xc7, 0x4c, 0xc7, 0x4c,
    0xc7, 0x4c, 0xc7, 0x4c, 0xc7, 0x4c, 0xc7, 0x4c, 0xe7, 0x54, 0xe6, 0x54,
    0xe7, 0x54, 0xe7, 0x54, 0xe6, 0x54, 0xe7, 0x54, 0xe7, 0x54, 0xe6, 0x54,
    0xe6, 0x54, 0x07, 0x55, 0xe7, 0x54, 0xe6, 0x54, 0x98, 0x6e, 0xd9, 0x6e,
    0xba, 0x6e, 0xda, 0x6e, 0xda, 0x76, 0xba, 0x6e, 0xda, 0x6e, 0xd9, 0x6e,
    0xba, 0x6e, 0xda, 0x6e, 0xd9, 0x6e, 0xba, 0x6e, 0xda, 0x6e, 0xda, 0x6e,
    0xba, 0x6e, 0xba, 0x6e, 0xda, 0x6e, 0xba, 0x6e, 0xd9, 0x6e, 0xda, 0x6e,
    0xda, 0x6e, 0xb9, 0x6e, 0xda, 0x6e, 0xba, 0x6e, 0xba, 0x6e, 0xda, 0x6e,
    0xda, 0x6e, 0xba, 0x6e, 0xda, 0x6e, 0xb9, 0x6e, 0xda, 0x6e, 0xba, 0x6e,
    0xb9, 0x6e, 0xba, 0x6e, 0xda, 0x6e, 0xda, 0x6e, 0xda, 0x6e, 0xba, 0x6e,
    0xd9, 0x6e, 0xda, 0x6e, 0xba, 0x6e, 0xba, 0x6e, 0xd9, 0x6e, 0xba, 0x6e,
    0xda, 0x6e, 0xda, 0x6e, 0xd9, 0x6e, 0xda, 0x6e, 0xba, 0x6e, 0xd9, 0x6e,
    0xda, 0x6e, 0xda, 0x6e, 0xb9, 0x6e, 0xda, 0x6e, 0xba, 0x6e, 0xda, 0x6e,
    0xda, 0x6e, 0xba, 0x6e, 0xba, 0x6e, 0xda, 0x6e, 0xb9, 0x6e, 0xb9, 0x6e,
    0xda, 0x6e, 0xda, 0x6e, 0xd9, 0x6e, 0xba, 0x6e, 0xda, 0x6e, 0xda, 0x6e,
    0xda, 0x6e, 0xb9, 0x6e, 0xda, 0x6e, 0xda, 0x6e, 0xd9, 0x6e, 0xba, 0x6e,
    0xd9, 0x6e, 0xd9, 0x6e, 0xda, 0x6e, 0xda, 0x6e, 0xba, 0x66, 0xda, 0x6e,
    0xd9, 0x6e, 0xba, 0x66, 0xda, 0x6e, 0xda, 0x6e, 0xba, 0x6e, 0xba, 0x6e,
    0xba, 0x6e, 0xda, 0x6e, 0xd9, 0x6e, 0xd9, 0x6e, 0xda, 0x6e, 0xba, 0x66,
    0xb9, 0x6e, 0xba, 0x6e, 0xba, 0x6e, 0xba, 0x6e, 0xda, 0x6e, 0xb9, 0x6e,
    0xda, 0x6e, 0xba, 0x6e, 0xda, 0x6e, 0xd9, 0x6e, 0xba, 0x6e, 0xda, 0x6e,
    0xd9, 0x6e, 0xda, 0x76, 0xda, 0x7e, 0xf9, 0x7e, 0xfa, 0x86, 0x1a, 0x8f,
    0x19, 0x8f, 0x19, 0x8f, 0x1a, 0x8f, 0x1a, 0x8f, 0x19, 0x8f, 0x1a, 0x8f,
    0x19, 0x8f, 0x1a, 0x8f, 0x1a, 0x8f, 0x1a, 0x97, 0x19, 0x8f, 0x1a, 0x8f,
    0x19, 0x97, 0x19, 0x97, 0x19, 0x8f, 0x1a, 0x8f, 0x1a, 0x97, 0x19, 0x8f,
    0x19, 0x8f, 0x1a, 0x8f, 0x19, 0x8f, 0x1a, 0x8f, 0x1a, 0x8f, 0x1a, 0x8f,
    0x19, 0x8f, 0xfa, 0x8e, 0xfa, 0x8e, 0xf9, 0x86, 0xfa, 0x86, 0x1a, 0x87,
    0xfa, 0x86, 0xf9, 0x86, 0xfa, 0x86, 0xfa, 0x86, 0xfa, 0x86, 0xfa, 0x86,
    0xd9, 0x86, 0xfa, 0x7e, 0xda, 0x7e, 0xf9, 0x7e, 0xd9, 0x7e, 0xda, 0x86,
    0xfa, 0x7e, 0xd9, 0x7e, 0xfa, 0x86, 0xd9, 0x86, 0xda, 0x7e, 0xd9, 0x7e,
    0xda, 0x7e, 0xda, 0x7e, 0xda, 0x7e, 0xda, 0x76, 0xd9, 0x76, 0xda, 0x76,
    0xba, 0x76, 0xba, 0x6e, 0xda, 0x76, 0xd9, 0x6e, 0xda, 0x6e, 0xba, 0x6e,
    0xda, 0x6e, 0xba, 0x6e, 0xda, 0x6e, 0xda, 0x6e, 0xda, 0x6e, 0xda, 0x6e,
    0x75, 0x6e, 0x54, 0x6e, 0x98, 0x6e, 0x65, 0x6d, 0x64, 0x6d, 0x65, 0x6d,
    0x64, 0x75, 0x65, 0x6d, 0x64, 0x6d, 0x45, 0x6d, 0x45, 0x65, 0x25, 0x5d,
    0x05, 0x5d, 0x05, 0x55, 0x06, 0x55, 0x05, 0x55, 0x06, 0x55, 0xe6, 0x54,
    0xc7, 0x4c, 0xa7, 0x44, 0x88, 0x44, 0xa7, 0x44, 0xa7, 0x44, 0xa8, 0x4c,
    0xa8, 0x44, 0xa7, 0x44, 0x88, 0x44, 0x88, 0x44, 0xa8, 0x44, 0xa7, 0x44,
    0x67, 0x5c, 0x87, 0x4c, 0x87, 0x3c, 0xa8, 0x3c, 0xa8, 0x44, 0x87, 0x44,
    0x88, 0x44, 0x88, 0x44, 0x88, 0x44, 0xa7, 0x44, 0xa7, 0x44, 0xa7, 0x4c,
    0xa7, 0x4c, 0xc7, 0x4c, 0xc7, 0x4c, 0xc7, 0x4c, 0xc7, 0x4c, 0xc7, 0x4c,
    0xa7, 0x4c, 0xc7, 0x4c, 0xc7, 0x4c, 0xc7, 0x4c, 0xc7, 0x54, 0xc7, 0x54,
    0xe7, 0x4c, 0xe7, 0x54, 0xc7, 0x54, 0xe7, 0x54, 0xe7, 0x54, 0xe7, 0x54,
    0xe7, 0x54, 0xe7, 0x54, 0xe7, 0x54, 0x07, 0x55, 0xf0, 0x5d, 0xda, 0x76,
    0xba, 0x6e, 0xda, 0x6e, 0xd9, 0x76, 0xba, 0x6e, 0xba, 0x6e, 0xda, 0x76,
    0xba, 0x6e, 0xda, 0x6e, 0xda, 0x6e, 0xb9, 0x6e, 0xda, 0x6e, 0xda, 0x76,
    0xba, 0x6e, 0xd9, 0x6e, 0xda, 0x76, 0xda, 0x76, 0xda, 0x6e, 0xb9, 0x76,
    0xda, 0x76, 0xda, 0x6e, 0xd9, 0x6e, 0xda, 0x76, 0xba, 0x6e, 0xda, 0x76,
    0xd9, 0x6e, 0xda, 0x76, 0xba, 0x6e, 0xd9, 0x6e, 0xda, 0x6e, 0xba, 0x6e,
    0xda, 0x76, 0xda, 0x6e, 0xba, 0x6e, 0xb9, 0x6e, 0xba, 0x6e, 0xda, 0x6e,
    0xda, 0x6e, 0xb9, 0x6e, 0xba, 0x6e, 0xda, 0x6e, 0xb9, 0x6e, 0xba, 0x6e,
    0xba, 0x6e, 0xd9, 0x6e, 0xb9, 0x6e, 0xba, 0x6e, 0xd9, 0x6e, 0xba, 0x6e,
    0xda, 0x6e, 0xba, 0x6e, 0xda, 0x6e, 0xba, 0x6e, 0xb9, 0x6e, 0xda, 0x6e,
    0xb9, 0x6e, 0xba, 0x6e, 0xb9, 0x6e, 0xda, 0x6e, 0xda, 0x6e, 0xb9, 0x6e,
    0xba, 0x6e, 0xda, 0x6e, 0xba, 0x6e, 0xb9, 0x6e, 0xda, 0x6e, 0xba, 0x6e,
    0xb9, 0x6e, 0xda, 0x66, 0xba, 0x6e, 0xba, 0x6e, 0xda, 0x6e, 0xda, 0x6e,
    0xba, 0x6e, 0xba, 0x6e, 0xda, 0x6e, 0xba, 0x6e, 0xba, 0x6e, 0xd9, 0x6e,
    0xb9, 0x6e, 0xda, 0x6e, 0xda, 0x6e, 0xda, 0x6e, 0xb9, 0x66, 0xda, 0x6e,
    0xba, 0x6e, 0xda, 0x6e, 0xb9, 0x6e, 0xba, 0x6e, 0xda, 0x6e, 0xba, 0x6e,
    0xba, 0x6e, 0xd9, 0x6e, 0xba, 0x66, 0xd9, 0x6e, 0xba, 0x6e, 0xda, 0x66,
    0xda, 0x6e, 0xba, 0x6e, 0xd9, 0x6e, 0xba, 0x6e, 0xba, 0x6e, 0xba, 0x6e,
    0xb9, 0x6e, 0xda, 0x76, 0xfa, 0x7e, 0xfa, 0x86, 0xfa, 0x86, 0xfa, 0x86,
    0x19, 0x8f, 0x1a, 0x8f, 0x1a, 0x8f, 0x1a, 0x8f, 0x19, 0x8f, 0x1a, 0x97,
    0x19, 0x8f, 0x19, 0x97, 0x1a, 0x8f, 0x19, 0x8f, 0x1a, 0x8f, 0x1a, 0x8f,
    0x1a, 0x8f, 0x1a, 0x8f, 0x1a, 0x8f, 0x19, 0x8f, 0x1a, 0x8f, 0x19, 0x8f,
    0x1a, 0x8f, 0x1a, 0x8f, 0x19, 0x8f, 0x1a, 0x8f, 0xfa, 0x8e, 0xf9, 0x8e,
    0xf9, 0x8e, 0xfa, 0x86, 0xf9, 0x86, 0xfa, 0x86, 0xf9, 0x86, 0xf9, 0x86,
    0xfa, 0x86, 0xfa, 0x86, 0xf9, 0x86, 0xf9, 0x86, 0xfa, 0x86, 0xf9, 0x86,
    0xf9, 0x7e, 0xda, 0x86, 0xf9, 0x7e, 0xfa, 0x7e, 0xd9, 0x7e, 0xd9, 0x7e,
    0xda, 0x7e, 0xfa, 0x7e, 0xd9, 0x7e, 0xda, 0x7e, 0xd9, 0x7e, 0xfa, 0x86,
    0xd9, 0x7e, 0xd9, 0x7e, 0xd9, 0x76, 0xda, 0x76, 0xba, 0x76, 0xb9, 0x6e,
    0xda, 0x6e, 0xb9, 0x6e, 0xda, 0x6e, 0xba, 0x6e, 0xba, 0x6e, 0xba, 0x6e,
    0xba, 0x6e, 0xba, 0x6e, 0xd9, 0x6e, 0xda, 0x6e, 0x32, 0x6e, 0x65, 0x6d,
    0x64, 0x6d, 0x64, 0x6d, 0x64, 0x6d, 0x65, 0x6d, 0x64, 0x6d, 0x64, 0x6d,
    0x65, 0x6d, 0x64, 0x6d, 0x65, 0x6d, 0x64, 0x6d, 0x45, 0x6d, 0x25, 0x65,
    0x25, 0x5d, 0x05, 0x5d, 0x06, 0x55, 0x06, 0x55, 0xe6, 0x54, 0xe6, 0x54,
    0xe6, 0x4c, 0xa7, 0x4c, 0x87, 0x44, 0x88, 0x44, 0x88, 0x44, 0xa7, 0x44,
    0x88, 0x44, 0x88, 0x44, 0x87, 0x44, 0x87, 0x44, 0x88, 0x44, 0x88, 0x44,
    0xa6, 0xbb, 0xa7, 0xbb, 0xc7, 0xb3, 0xe7, 0xa3, 0x07, 0x94, 0x27, 0x74,
    0x67, 0x5c, 0x88, 0x44, 0x88, 0x44, 0x88, 0x44, 0x87, 0x44, 0xa8, 0x44,
    0xa8, 0x44, 0xa7, 0x44, 0xa7, 0x4c, 0xa7, 0x4c, 0xc7, 0x4c, 0xa7, 0x4c,
    0xc7, 0x4c, 0xc7, 0x4c, 0xc7, 0x4c, 0xc7, 0x4c, 0xc7, 0x4c, 0xc7, 0x4c,
    0xc7, 0x4c, 0xc7, 0x4c, 0xc7, 0x4c, 0xe7, 0x54, 0xe7, 0x54, 0xe6, 0x4c,
    0xe7, 0x4c, 0xe7, 0x54, 0xe7, 0x4c, 0xe7, 0x4c, 0x6b, 0x55, 0xdb, 0x76,
    0xda, 0x6e, 0xda, 0x76, 0xda, 0x6e, 0xb9, 0x6e, 0xda, 0x6e, 0xda, 0x76,
    0xda, 0x6e, 0xda, 0x76, 0xda, 0x76, 0xda, 0x6e, 0xda, 0x6e, 0xb9, 0x76,
    0xda, 0x76, 0xb9, 0x6e, 0xda, 0x6e, 0xda, 0x76, 0xb9, 0x6e, 0xda, 0x76,
    0xda, 0x76, 0xda, 0x6e, 0xda, 0x76, 0xd9, 0x6e, 0xba, 0x6e, 0xda, 0x76,
    0xda, 0x76, 0xd9, 0x6e, 0xba, 0x76, 0xda, 0x76, 0xda, 0x6e, 0xd9, 0x76,
    0xda, 0x6e, 0xda, 0x76, 0xb9, 0x6e, 0xda, 0x6e, 0xda, 0x6e, 0xba, 0x6e,
    0xb9, 0x6e, 0xda, 0x6e, 0xda, 0x6e, 0xda, 0x6e, 0xda, 0x6e, 0xda, 0x6e,
    0xba, 0x6e, 0xda, 0x6e, 0xda, 0x6e, 0xba, 0x6e, 0xda, 0x6e, 0xba, 0x6e,
    0xb9, 0x6e, 0xda, 0x6e, 0xda, 0x6e, 0xb9, 0x6e, 0xda, 0x6e, 0xda, 0x6e,
    0xba, 0x6e, 0xda, 0x6e, 0xda, 0x6e, 0xda, 0x6e, 0xba, 0x6e, 0xda, 0x6e,
    0xda, 0x6e, 0xba, 0x6e, 0xda, 0x6e, 0xd9, 0x6e, 0xba, 0x6e, 0xba, 0x6e,
    0xda, 0x6e, 0xda, 0x6e, 0xb9, 0x6e, 0xda, 0x6e, 0xba, 0x6e, 0xd9, 0x6e,
    0xba, 0x6e, 0xba, 0x6e, 0xd9, 0x6e, 0xda, 0x6e, 0xb9, 0x6e, 0xda, 0x6e,
    0xba, 0x6e, 0xba, 0x6e, 0xd9, 0x6e, 0xb9, 0x6e, 0xda, 0x6e, 0xd9, 0x6e,
    0xda, 0x6e, 0xda, 0x6e, 0xba, 0x6e, 0xda, 0x6e, 0xda, 0x6e, 0xd9, 0x6e,
    0xda, 0x6e, 0xba, 0x6e, 0xda, 0x6e, 0xda, 0x6e, 0xd9, 0x6e, 0xba, 0x6e,
    0xba, 0x6e, 0xda, 0x6e, 0xda, 0x6e, 0xba, 0x66, 0xda, 0x6e, 0xda, 0x6e,
    0xda, 0x6e, 0xda, 0x6e, 0xda, 0x6e, 0xd9, 0x7e, 0xf9, 0x7e, 0xfa, 0x86,
    0xfa, 0x86, 0xfa, 0x86, 0xfa, 0x8e, 0xfa, 0x8e, 0x1a, 0x8f, 0x1a, 0x8f,
    0x1a, 0x8f, 0x1a, 0x8f, 0x1a, 0x8f, 0x1a, 0x8f, 0x19, 0x8f, 0x19, 0x8f,
    0x1a, 0x8f, 0x1a, 0x8f, 0xf9, 0x8e, 0x1a, 0x8f, 0xfa, 0x8e, 0xfa, 0x8e,
    0xfa, 0x8e, 0xf9, 0x8e, 0xfa, 0x8e, 0x19, 0x8f, 0xfa, 0x86, 0xfa, 0x86,
    0xfa, 0x86, 0xfa, 0x86, 0xfa, 0x86, 0xfa, 0x86, 0xfa, 0x7e, 0xf9, 0x7e,
    0xfa, 0x86, 0xda, 0x7e, 0xf9, 0x7e, 0xda, 0x7e, 0xfa, 0x7e, 0xf9, 0x86,
    0xda, 0x7e, 0xfa, 0x7e, 0xfa, 0x86, 0xda, 0x86, 0xfa, 0x86, 0xfa, 0x86,
    0xf9, 0x86, 0xda, 0x7e, 0xd9, 0x86, 0xfa, 0x7e, 0xda, 0x7e, 0xfa, 0x7e,
    0xda, 0x7e, 0xda, 0x76, 0xd9, 0x76, 0xda, 0x6e, 0xda, 0x6e, 0xba, 0x6e,
    0xda, 0x6e, 0xda, 0x6e, 0xb9, 0x6e, 0xba, 0x6e, 0xda, 0x6e, 0xd9, 0x6e,
    0xd9, 0x6e, 0xba, 0x6e, 0xba, 0x76, 0x32, 0x6e, 0x44, 0x6d, 0x65, 0x6d,
    0x65, 0x6d, 0x65, 0x6d, 0x44, 0x6d, 0x65, 0x6d, 0x44, 0x6d, 0x64, 0x6d,
    0x65, 0x6d, 0x64, 0x75, 0x44, 0x6d, 0x65, 0x6d, 0x45, 0x6d, 0x25, 0x65,
    0x25, 0x65, 0x05, 0x5d, 0x06, 0x55, 0xe6, 0x54, 0xe6, 0x54, 0xe6, 0x54,
    0xe6, 0x4c, 0xc7, 0x4c, 0x87, 0x44, 0x87, 0x44, 0x88, 0x44, 0x88, 0x44,
    0x87, 0x44, 0x88, 0x44, 0x88, 0x44, 0x87, 0x3c, 0x88, 0x44, 0x88, 0x44,
    0xc6, 0xbb, 0xc6, 0xbb, 0xc6, 0xbb, 0xc6, 0xbb, 0xc6, 0xbb, 0xc6, 0xbb,
    0xc6, 0xc3, 0xa6, 0xbb, 0xc6, 0xab, 0xe7, 0x8b, 0x27, 0x64, 0x88, 0x4c,
    0xa8, 0x3c, 0xa8, 0x44, 0x87, 0x44, 0xa7, 0x44, 0xa7, 0x4c, 0xa7, 0x4c,
    0xa7, 0x4c, 0xa7, 0x4c, 0xa7, 0x4c, 0xa7, 0x4c, 0xc7, 0x4c, 0xa7, 0x4c,
    0xc7, 0x4c, 0xc7, 0x4c, 0xc7, 0x4c, 0xe7, 0x54, 0xc7, 0x4c, 0xc7, 0x4c,
    0xe7, 0x54, 0xe7, 0x54, 0xe7, 0x54, 0xe7, 0x4c, 0x09, 0x55, 0xdb, 0x6e,
    0xba, 0x76, 0xda, 0x6e, 0xda, 0x76, 0xda, 0x6e, 0xda, 0x76, 0xd9, 0x76,
    0xd9, 0x6e, 0xda, 0x6e, 0xba, 0x6e, 0xd9, 0x76, 0xda, 0x6e, 0xda, 0x6e,
    0xda, 0x6e, 0xda, 0x6e, 0xda, 0x76, 0xda, 0x6e, 0xda, 0x76, 0xda, 0x76,
    0xda, 0x76, 0xda, 0x7e, 0xda, 0x76, 0xda, 0x76, 0xda, 0x6e, 0xda, 0x76,
    0xda, 0x6e, 0xda, 0x6e, 0xd9, 0x6e, 0xda, 0x76, 0xda, 0x6e, 0xda, 0x6e,
    0xda, 0x6e, 0xb9, 0x6e, 0xda, 0x76, 0xda, 0x6e, 0xda, 0x76, 0xb9, 0x6e,
    0xda, 0x6e, 0xba, 0x76, 0xda, 0x6e, 0xba, 0x6e, 0xb9, 0x6e, 0xda, 0x6e,
    0xda, 0x6e, 0xb9, 0x6e, 0xda, 0x6e, 0xda, 0x6e, 0xda, 0x6e, 0xd9, 0x6e,
    0xba, 0x6e, 0xda, 0x6e, 0xb9, 0x6e, 0xda, 0x6e, 0xb9, 0x6e, 0xda, 0x6e,
    0xda, 0x6e, 0xb9, 0x6e, 0xd9, 0x6e, 0xba, 0x6e, 0xda, 0x6e, 0xd9, 0x6e,
    0xba, 0x6e, 0xba, 0x6e, 0xd9, 0x6e, 0xda, 0x6e, 0xba, 0x6e, 0xd9, 0x6e,
    0xda, 0x6e, 0xda, 0x6e, 0xda, 0x6e, 0xd9, 0x6e, 0xda, 0x6e, 0xb9, 0x6e,
    0xda, 0x6e, 0xd9, 0x6e, 0xda, 0x6e, 0xba, 0x6e, 0xd9, 0x6e, 0xda, 0x6e,
    0xda, 0x6e, 0xba, 0x6e, 0xda, 0x6e, 0xba, 0x6e, 0xba, 0x6e, 0xd9, 0x6e,
    0xba, 0x6e, 0xba, 0x6e, 0xd9, 0x6e, 0xda, 0x6e, 0xda, 0x6e, 0xd9, 0x6e,
    0xda, 0x6e, 0xba, 0x6e, 0xba, 0x6e, 0xda, 0x6e, 0xda, 0x6e, 0xb9, 0x6e,
    0xd9, 0x6e, 0xba, 0x6e, 0xda, 0x6e, 0xd9, 0x6e, 0xd9, 0x6e, 0xba, 0x6e,
    0xda, 0x6e, 0xd9, 0x6e, 0xda, 0x6e, 0xda, 0x6e, 0xd9, 0x76, 0xda, 0x76,
    0xfa, 0x7e, 0xf9, 0x7e, 0xfa, 0x86, 0xf9, 0x86, 0xf9, 0x86, 0xfa, 0x86,
    0xfa, 0x86, 0xf9, 0x8e, 0xf9, 0x86, 0xfa, 0x86, 0xfa, 0x86, 0xf9, 0x86,
    0xf9, 0x86, 0xfa, 0x86, 0xf9, 0x86, 0xfa, 0x86, 0xf9, 0x86, 0xfa, 0x86,
    0xf9, 0x86, 0xfa, 0x86, 0xfa, 0x86, 0xf9, 0x86, 0xf9, 0x86, 0xf9, 0x7e,
    0xfa, 0x7e, 0xf9, 0x7e, 0xd9, 0x7e, 0xda, 0x7e, 0xfa, 0x7e, 0xda, 0x7e,
    0xd9, 0x7e, 0xda, 0x7e, 0xfa, 0x7e, 0xd9, 0x7e, 0xda, 0x7e, 0xf9, 0x7e,
    0xda, 0x7e, 0xd9, 0x7e, 0xd9, 0x7e, 0xd9, 0x7e, 0xfa, 0x7e, 0xda, 0x7e,
    0xf9, 0x7e, 0xf9, 0x7e, 0xfa, 0x86, 0xd9, 0x7e, 0xda, 0x7e, 0xd9, 0x76,
    0xda, 0x76, 0xda, 0x76, 0xda, 0x6e, 0xba, 0x6e, 0xb9, 0x76, 0xda, 0x6e,
    0xba, 0x6e, 0xda, 0x6e, 0xba, 0x6e, 0xd9, 0x6e, 0xda, 0x6e, 0xba, 0x6e,
    0xda, 0x6e, 0xd9, 0x6e, 0xba, 0x6e, 0x45, 0x6d, 0x65, 0x6d, 0x65, 0x6d,
    0x44, 0x6d, 0x45, 0x6d, 0x44, 0x6d, 0x45, 0x6d, 0x65, 0x6d, 0x44, 0x6d,
    0x45, 0x6d, 0x45, 0x6d, 0x64, 0x6d, 0x44, 0x6d, 0x45, 0x6d, 0x25, 0x65,
    0x25, 0x65, 0x05, 0x5d, 0xe6, 0x54, 0xe6, 0x54, 0xe6, 0x54, 0xe6, 0x54,
    0xc6, 0x4c, 0xc6, 0x4c, 0x87, 0x44, 0x88, 0x3c, 0x88, 0x3c, 0x87, 0x44,
    0x88, 0x44, 0x88, 0x3c, 0x88, 0x3c, 0x88, 0x3c, 0x88, 0x3c, 0x88, 0x3c,
    0xc6, 0xbb, 0xc6, 0xbb, 0xc6, 0xbb, 0xc7, 0xbb, 0xc6, 0xbb, 0xc7, 0xbb,
    0xc6, 0xbb, 0xc6, 0xbb, 0xc7, 0xbb, 0xa6, 0xb3, 0xa6, 0xb3, 0x66, 0xab,
    0xa6, 0x9b, 0x07, 0x6c, 0xa8, 0x44, 0xa8, 0x44, 0xa8, 0x44, 0xa7, 0x44,
    0xa8, 0x4c, 0xa7, 0x44, 0xa7, 0x44, 0xa7, 0x4c, 0xa7, 0x44, 0xa7, 0x4c,
    0xa7, 0x4c, 0xc7, 0x4c, 0xc7, 0x4c, 0xc7, 0x4c, 0xe7, 0x54, 0xc7, 0x4c,
    0xc7, 0x4c, 0xe7, 0x4c, 0xe7, 0x4c, 0xe7, 0x4c, 0x2a, 0x55, 0xdb, 0x76,
    0xda, 0x6e, 0xda, 0x76, 0xda, 0x6e, 0xda, 0x76, 0xda, 0x6e, 0xda, 0x6e,
    0xda, 0x76, 0xba, 0x76, 0xda, 0x6e, 0xda, 0x76, 0xda, 0x76, 0xda, 0x76,
    0xb9, 0x6e, 0xda, 0x76, 0xda, 0x76, 0xfa, 0x7e, 0x1a, 0x8f, 0x1a, 0x97,
    0x19, 0x97, 0x39, 0x97, 0x1a, 0x97, 0x1a, 0x8f, 0xf9, 0x86, 0xda, 0x76,
    0xda, 0x76, 0xda, 0x76, 0xda, 0x6e, 0xb9, 0x6e, 0xda, 0x76, 0xda, 0x76,
    0xb9, 0x6e, 0xda, 0x76, 0xda, 0x6e, 0xda, 0x76, 0xda, 0x6e, 0xda, 0x6e,
    0xba, 0x76, 0xda, 0x6e, 0xd9, 0x6e, 0xb9, 0x6e, 0xda, 0x76, 0xda, 0x6e,
    0xd9, 0x6e, 0xda, 0x6e, 0xba, 0x6e, 0xd9, 0x6e, 0xda, 0x76, 0xba, 0x6e,
    0xda, 0x6e, 0xda, 0x6e, 0xda, 0x76, 0xb9, 0x6e, 0xba, 0x6e, 0xda, 0x6e,
    0xda, 0x6e, 0xda, 0x6e, 0xda, 0x6e, 0xda, 0x6e, 0xb9, 0x6e, 0xda, 0x6e,
    0xba, 0x6e, 0xd9, 0x6e, 0xda, 0x6e, 0xda, 0x6e, 0xda, 0x6e, 0xda, 0x6e,
    0xda, 0x6e, 0xb9, 0x6e, 0xda, 0x6e, 0xba, 0x6e, 0xba, 0x6e, 0xda, 0x6e,
    0xda, 0x6e, 0xba, 0x6e, 0xb9, 0x6e, 0xda, 0x6e, 0xda, 0x6e, 0xda, 0x6e,
    0xd9, 0x6e, 0xda, 0x6e, 0xda, 0x6e, 0xda, 0x6e, 0xda, 0x6e, 0xda, 0x6e,
    0xda, 0x6e, 0xda, 0x6e, 0xd9, 0x6e, 0xda, 0x6e, 0xba, 0x6e, 0xda, 0x6e,
    0xda, 0x6e, 0xd9, 0x6e, 0xd9, 0x6e, 0xda, 0x6e, 0xda, 0x6e, 0xba, 0x6e,
    0xda, 0x6e, 0xda, 0x6e, 0xda, 0x6e, 0xda, 0x6e, 0xd9, 0x6e, 0xda, 0x6e,
    0xda, 0x6e, 0xd9, 0x6e, 0xda, 0x6e, 0xda, 0x6e, 0xda, 0x6e, 0xda, 0x6e,
    0xda, 0x6e, 0xda, 0x76, 0xda, 0x6e, 0xda, 0x76, 0xda, 0x76, 0xda, 0x76,
    0xd9, 0x76, 0xda, 0x76, 0xda, 0x76, 0xda, 0x76, 0xda, 0x76, 0xda, 0x7e,
    0xda, 0x76, 0xda, 0x76, 0xda, 0x76, 0xda, 0x76, 0xd9, 0x76, 0xda, 0x76,
    0xda, 0x76, 0xda, 0x76, 0xfa, 0x7e, 0xda, 0x7e, 0xda, 0x7e, 0xda, 0x7e,
    0xda, 0x7e, 0xda, 0x76, 0xda, 0x76, 0xd9, 0x76, 0xd9, 0x76, 0xda, 0x7e,
    0xd9, 0x76, 0xda, 0x76, 0xda, 0x7e, 0xda, 0x7e, 0xda, 0x7e, 0xda, 0x76,
    0xda, 0x7e, 0xda, 0x7e, 0xd9, 0x7e, 0xda, 0x7e, 0xda, 0x76, 0xd9, 0x76,
    0xda, 0x7e, 0xda, 0x76, 0xda, 0x76, 0xda, 0x76, 0xd9, 0x76, 0xda, 0x76,
    0xda, 0x6e, 0xd9, 0x6e, 0xba, 0x6e, 0xda, 0x6e, 0xda, 0x6e, 0xba, 0x6e,
    0xd9, 0x6e, 0xba, 0x6e, 0xba, 0x6e, 0xda, 0x6e, 0xba, 0x6e, 0xba, 0x6e,
    0xba, 0x6e, 0xda, 0x6e, 0x53, 0x6e, 0x44, 0x6d, 0x64, 0x6d, 0x65, 0x6d,
    0x44, 0x6d, 0x45, 0x6d, 0x65, 0x6d, 0x44, 0x6d, 0x44, 0x6d, 0x45, 0x6d,
    0x45, 0x6d, 0x45, 0x6d, 0x45, 0x6d, 0x65, 0x6d, 0x44, 0x65, 0x45, 0x65,
    0x25, 0x65, 0x25, 0x5d, 0x06, 0x55, 0xe6, 0x4c, 0xe6, 0x54, 0xe6, 0x54,
    0xe6, 0x4c, 0xc7, 0x4c, 0x88, 0x44, 0x88, 0x3c, 0x87, 0x3c, 0x88, 0x3c,
    0x88, 0x3c, 0x88, 0x3c, 0x88, 0x3c, 0x88, 0x44, 0x68, 0x3c, 0x88, 0x3c,
    0xc6, 0xbb, 0xc6, 0xbb, 0xc7, 0xbb, 0xc6, 0xbb, 0xc6, 0xbb, 0xc7, 0xbb,
    0xe6, 0xbb, 0xc7, 0xbb, 0xc7, 0xbb, 0xc6, 0xbb, 0xc7, 0xbb, 0x87, 0xab,
    0x66, 0xab, 0x66, 0xab, 0x87, 0x9b, 0x68, 0x4c, 0x88, 0x44, 0x88, 0x44,
    0xa8, 0x44, 0xa7, 0x44, 0xa8, 0x44, 0xa8, 0x44, 0xa7, 0x44, 0xa8, 0x4c,
    0xa8, 0x4c, 0xa7, 0x4c, 0xc7, 0x4c, 0xc7, 0x4c, 0xc7, 0x4c, 0xc7, 0x4c,
    0xe7, 0x4c, 0xc7, 0x4c, 0xe7, 0x4c, 0xe8, 0x54, 0xb0, 0x5d, 0xda, 0x6e,
    0xd9, 0x6e, 0xd9, 0x76, 0xba, 0x6e, 0xd9, 0x6e, 0xda, 0x6e, 0xba, 0x76,
    0xda, 0x76, 0xd9, 0x6e, 0xda, 0x6e, 0xda, 0x76, 0xba, 0x6e, 0xd9, 0x6e,
    0xda, 0x76, 0xda, 0x7e, 0x1a, 0x8f, 0x19, 0x97, 0x3a, 0x9f, 0x3a, 0x9f,
    0x3a, 0x9f, 0x3a, 0x9f, 0x3a, 0x97, 0x3a, 0x9f, 0x1a, 0x97, 0x19, 0x8f,
    0xfa, 0x86, 0xda, 0x76, 0xda, 0x76, 0xda, 0x6e, 0xda, 0x76, 0xda, 0x76,
    0xda, 0x6e, 0xda, 0x76, 0xda, 0x76, 0xb9, 0x6e, 0xda, 0x6e, 0xda, 0x76,
    0xd9, 0x6e, 0xda, 0x76, 0xda, 0x6e, 0xda, 0x6e, 0xda, 0x76, 0xda, 0x76,
    0xda, 0x6e, 0xda, 0x76, 0xda, 0x6e, 0xda, 0x76, 0xb9, 0x6e, 0xda, 0x76,
    0xda, 0x6e, 0xd9, 0x76, 0xda, 0x76, 0xda, 0x6e, 0xd9, 0x6e, 0xda, 0x76,
    0xda, 0x76, 0xda, 0x6e, 0xd9, 0x6e, 0xda, 0x76, 0xda, 0x6e, 0xda, 0x6e,
    0xda, 0x6e, 0xda, 0x6e, 0xd9, 0x6e, 0xda, 0x6e, 0xba, 0x6e, 0xd9, 0x6e,
    0xda, 0x6e, 0xd9, 0x6e, 0xda, 0x6e, 0xda, 0x6e, 0xd9, 0x6e, 0xda, 0x6e,
    0xda, 0x6e, 0xba, 0x6e, 0xda, 0x6e, 0xda, 0x6e, 0xda, 0x6e, 0xba, 0x6e,
    0xd9, 0x6e, 0xda, 0x6e, 0xd9, 0x6e, 0xd9, 0x6e, 0xda, 0x6e, 0xda, 0x6e,
    0xd9, 0x6e, 0xda, 0x6e, 0xda, 0x6e, 0xba, 0x6e, 0xd9, 0x6e, 0xda, 0x6e,
    0xba, 0x6e, 0xda, 0x6e, 0xda, 0x6e, 0xd9, 0x6e, 0xd9, 0x6e, 0xda, 0x6e,
    0xda, 0x6e, 0xd9, 0x6e, 0xda, 0x6e, 0xba, 0x6e, 0xba, 0x6e, 0xda, 0x6e,
    0xda, 0x6e, 0xba, 0x6e, 0xda, 0x6e, 0xd9, 0x6e, 0xba, 0x76, 0xda, 0x6e,
    0xb9, 0x6e, 0xda, 0x6e, 0xd9, 0x6e, 0xba, 0x6e, 0xda, 0x6e, 0xd9, 0x6e,
    0xda, 0x6e, 0xda, 0x6e, 0xda, 0x76, 0xd9, 0x6e, 0xd9, 0x6e, 0xda, 0x6e,
    0xda, 0x6e, 0xd9, 0x76, 0xda, 0x6e, 0xda, 0x76, 0xda, 0x76, 0xda, 0x6e,
    0xda, 0x6e, 0xd9, 0x6e, 0xda, 0x6e, 0xda, 0x6e, 0xda, 0x6e, 0xda, 0x6e,
    0xd9, 0x76, 0xda, 0x76, 0xda, 0x76, 0xda, 0x76, 0xda, 0x76, 0xda, 0x76,
    0xda, 0x76, 0xda, 0x6e, 0xd9, 0x76, 0xd9, 0x76, 0xda, 0x76, 0xda, 0x76,
    0xd9, 0x76, 0xda, 0x6e, 0xda, 0x6e, 0xda, 0x76, 0xda, 0x6e, 0xda, 0x76,
    0xda, 0x76, 0xda, 0x6e, 0xda, 0x6e, 0xda, 0x6e, 0xda, 0x6e, 0xda, 0x6e,
    0xda, 0x6e, 0xda, 0x6e, 0xda, 0x6e, 0xb9, 0x6e, 0xda, 0x6e, 0xda, 0x6e,
    0xd9, 0x6e, 0xba, 0x6e, 0xd9, 0x76, 0xda, 0x6e, 0xb9, 0x6e, 0xda, 0x76,
    0xda, 0x6e, 0xba, 0x76, 0x0f, 0x6e, 0x65, 0x65, 0x65, 0x6d, 0x45, 0x6d,
    0x65, 0x65, 0x44, 0x65, 0x45, 0x65, 0x65, 0x6d, 0x45, 0x6d, 0x45, 0x65,
    0x44, 0x65, 0x45, 0x65, 0x45, 0x6d, 0x45, 0x65, 0x25, 0x65, 0x45, 0x65,
    0x25, 0x65, 0x05, 0x5d, 0xe6, 0x54, 0xe6, 0x54, 0xe6, 0x4c, 0xe6, 0x54,
    0xc6, 0x4c, 0xa7, 0x4c, 0x87, 0x44, 0x88, 0x3c, 0x88, 0x3c, 0x88, 0x44,
    0x68, 0x3c, 0x88, 0x3c, 0x88, 0x44, 0x68, 0x3c, 0x88, 0x3c, 0x68, 0x3c,
    0xc6, 0xbb, 0xc7, 0xc3, 0xc7, 0xbb, 0xe6, 0xbb, 0xe6, 0xc3, 0xc6, 0xbb,
    0xe6, 0xc3, 0xe6, 0xbb, 0xc6, 0xbb, 0xc6, 0xbb, 0xc6, 0xbb, 0xa7, 0xb3,
    0x67, 0xab, 0x66, 0xab, 0x46, 0xa3, 0x46, 0xa3, 0x68, 0x44, 0x88, 0x44,
    0x88, 0x44, 0xa8, 0x44, 0x88, 0x44, 0xa8, 0x44, 0xa8, 0x44, 0xa7, 0x44,
    0xa8, 0x44, 0xa8, 0x44, 0xa8, 0x4c, 0xc8, 0x4c, 0xc7, 0x4c, 0xc8, 0x4c,
    0xc7, 0x4c, 0xc7, 0x4c, 0xe7, 0x4c, 0xc7, 0x4c, 0x77, 0x6e, 0xba, 0x6e,
    0xda, 0x76, 0xda, 0x76, 0xda, 0x76, 0xda, 0x6e, 0xd9, 0x76, 0xda, 0x6e,
    0xda, 0x76, 0xda, 0x76, 0xd9, 0x76, 0xda, 0x76, 0xda, 0x6e, 0xda, 0x76,
    0xfa, 0x86, 0x1a, 0x97, 0x3a, 0x9f, 0x3a, 0x9f, 0x3a, 0x9f, 0x3a, 0x9f,
    0x3a, 0x9f, 0x3a, 0x9f, 0x3a, 0x9f, 0x3a, 0x9f, 0x3a, 0x9f, 0x3a, 0x9f,
    0x19, 0x97, 0xfa, 0x86, 0xda, 0x76, 0xda, 0x76, 0xda, 0x76, 0xda, 0x6e,
    0xda, 0x6e, 0xda, 0x76, 0xd9, 0x6e, 0xda, 0x76, 0xda, 0x6e, 0xd9, 0x6e,
    0xba, 0x76, 0xda, 0x6e, 0xda, 0x6e, 0xba, 0x76, 0xd9, 0x6e, 0xba, 0x6e,
    0xba, 0x76, 0xd9, 0x6e, 0xd9, 0x6e, 0xda, 0x6e, 0xda, 0x76, 0xda, 0x6e,
    0xd9, 0x6e, 0xba, 0x76, 0xda, 0x6e, 0xda, 0x6e, 0xda, 0x76, 0xd9, 0x6e,
    0xba, 0x6e, 0xba, 0x76, 0xd9, 0x76, 0xda, 0x6e, 0xba, 0x76, 0xd9, 0x76,
    0xda, 0x6e, 0xba, 0x76, 0xda, 0x6e, 0xd9, 0x6e, 0xba, 0x76, 0xda, 0x6e,
    0xd9, 0x6e, 0xba, 0x76, 0xba, 0x6e, 0xda, 0x6e, 0xd9, 0x6e, 0xda, 0x6e,
    0xda, 0x6e, 0xd9, 0x6e, 0xd9, 0x6e, 0xba, 0x6e, 0xda, 0x6e, 0xb9, 0x6e,
    0xda, 0x6e, 0xba, 0x6e, 0xba, 0x6e, 0xda, 0x6e, 0xda, 0x6e, 0xb9, 0x6e,
    0xda, 0x6e, 0xda, 0x6e, 0xba, 0x6e, 0xd9, 0x6e, 0xd9, 0x6e, 0xda, 0x6e,
    0xda, 0x6e, 0xba, 0x6e, 0xda, 0x6e, 0xba, 0x6e, 0xd9, 0x6e, 0xda, 0x6e,
    0xba, 0x6e, 0xd9, 0x6e, 0xda, 0x6e, 0xda, 0x6e, 0xda, 0x6e, 0xd9, 0x6e,
    0xb9, 0x6e, 0xda, 0x6e, 0xda, 0x6e, 0xda, 0x76, 0xd9, 0x6e, 0xda, 0x76,
    0xda, 0x76, 0xd9, 0x6e, 0xda, 0x6e, 0xda, 0x6e, 0xd9, 0x6e, 0xda, 0x6e,
    0xda, 0x6e, 0xda, 0x76, 0xd9, 0x6e, 0xda, 0x6e, 0xda, 0x76, 0xd9, 0x6e,
    0xda, 0x76, 0xda, 0x6e, 0xd9, 0x6e, 0xda, 0x6e, 0xda, 0x6e, 0xda, 0x76,
    0xd9, 0x6e, 0xda, 0x76, 0xda, 0x76, 0xda, 0x6e, 0xda, 0x6e, 0xd9, 0x6e,
    0xba, 0x6e, 0xda, 0x6e, 0xda, 0x6e, 0xda, 0x6e, 0xda, 0x6e, 0xd9, 0x6e,
    0xda, 0x6e, 0xda, 0x6e, 0xda, 0x6e, 0xda, 0x6e, 0xda, 0x6e, 0xda, 0x6e,
    0xd9, 0x6e, 0xda, 0x6e, 0xda, 0x6e, 0xda, 0x6e, 0xda, 0x6e, 0xda, 0x6e,
    0xd9, 0x6e, 0xda, 0x6e, 0xda, 0x76, 0xda, 0x6e, 0xd9, 0x6e, 0xba, 0x6e,
    0xda, 0x76, 0xda, 0x6e, 0xda, 0x6e, 0xba, 0x76, 0xda, 0x76, 0xba, 0x6e,
    0xba, 0x6e, 0xda, 0x76, 0xba, 0x6e, 0xda, 0x6e, 0xda, 0x6e, 0xd9, 0x76,
    0xb9, 0x6e, 0xb9, 0x6e, 0x0f, 0x6e, 0x44, 0x65, 0x45, 0x6d, 0x64, 0x6d,
    0x44, 0x65, 0x45, 0x65, 0x45, 0x65, 0x45, 0x65, 0x45, 0x65, 0x45, 0x65,
    0x45, 0x65, 0x25, 0x65, 0x25, 0x65, 0x25, 0x65, 0x25, 0x65, 0x25, 0x65,
    0x25, 0x65, 0x05, 0x5d, 0xe6, 0x54, 0xe6, 0x54, 0xe6, 0x4c, 0xc6, 0x4c,
    0xc7, 0x4c, 0xc7, 0x4c, 0x87, 0x3c, 0x68, 0x3c, 0x88, 0x3c, 0x88, 0x44,
    0x87, 0x3c, 0x68, 0x3c, 0x68, 0x3c, 0x68, 0x3c, 0x68, 0x3c, 0x68, 0x3c,
    0xe6, 0xbb, 0xe6, 0xc3, 0xe6, 0xc3, 0xc6, 0xbb, 0xc6, 0xc3, 0xe7, 0xbb,
    0xc7, 0xbb, 0xe7, 0xc3, 0xe6, 0xc3, 0xc6, 0xbb, 0xe6, 0xbb, 0xc6, 0xbb,
    0x86, 0xb3, 0x47, 0xa3, 0x46, 0xa3, 0x47, 0xa3, 0x66, 0x93, 0x88, 0x3c,
    0x88, 0x44, 0x88, 0x44, 0x88, 0x44, 0x88, 0x44, 0x88, 0x44, 0xa8, 0x44,
    0xa7, 0x44, 0xa8, 0x44, 0xa8, 0x44, 0xc7, 0x4c, 0xc8, 0x4c, 0xc8, 0x4c,
    0xc8, 0x4c, 0xc7, 0x4c, 0xc8, 0x4c, 0x8e, 0x5d, 0xfa, 0x76, 0xda, 0x76,
    0xd9, 0x6e, 0xda, 0x76, 0xda, 0x76, 0xda, 0x76, 0xda, 0x6e, 0xd9, 0x6e,
    0xda, 0x76, 0xda, 0x6e, 0xda, 0x76, 0xda, 0x76, 0xd9, 0x76, 0xfa, 0x86,
    0x1a, 0x97, 0x3a, 0x97, 0x3a, 0x9f, 0x3a, 0x9f, 0x3a, 0x97, 0x3a, 0x9f,
    0x3a, 0x9f, 0x3a, 0x9f, 0x3a, 0x9f, 0x3a, 0x9f, 0x3a, 0x9f, 0x3a, 0x9f,
    0x3a, 0x97, 0x1a, 0x97, 0xfa, 0x86, 0xda, 0x76, 0xda, 0x76, 0xd9, 0x76,
    0xda, 0x6e, 0xda, 0x76, 0xda, 0x6e, 0xda, 0x76, 0xda, 0x76, 0xda, 0x76,
    0xda, 0x6e, 0xda, 0x76, 0xb9, 0x76, 0xda, 0x6e, 0xda, 0x6e, 0xda, 0x76,
    0xda, 0x76, 0xda, 0x6e, 0xba, 0x6e, 0xda, 0x76, 0xda, 0x76, 0xba, 0x6e,
    0xda, 0x76, 0xda, 0x6e, 0xda, 0x6e, 0xb9, 0x76, 0xda, 0x6e, 0xda, 0x6e,
    0xda, 0x6e, 0xda, 0x6e, 0xda, 0x6e, 0xda, 0x6e, 0xd9, 0x6e, 0xba, 0x6e,
    0xda, 0x76, 0xd9, 0x6e, 0xda, 0x6e, 0xda, 0x76, 0xda, 0x6e, 0xda, 0x6e,
    0xda, 0x6e, 0xda, 0x6e, 0xda, 0x76, 0xd9, 0x6e, 0xba, 0x76, 0xda, 0x76,
    0xba, 0x6e, 0xd9, 0x6e, 0xda, 0x6e, 0xda, 0x6e, 0xd9, 0x6e, 0xda, 0x6e,
    0xda, 0x6e, 0xda, 0x6e, 0xda, 0x6e, 0xda, 0x6e, 0xda, 0x6e, 0xd9, 0x6e,
    0xda, 0x6e, 0xda, 0x6e, 0xd9, 0x6e, 0xda, 0x6e, 0xda, 0x6e, 0xda, 0x6e,
    0xd9, 0x6e, 0xd9, 0x6e, 0xda, 0x6e, 0xba, 0x6e, 0xda, 0x6e, 0xda, 0x6e,
    0xda, 0x6e, 0xba, 0x6e, 0xd9, 0x6e, 0xda, 0x6e, 0xda, 0x6e, 0xd9, 0x6e,
    0xda, 0x76, 0xba, 0x76, 0xda, 0x6e, 0xda, 0x6e, 0xba, 0x6e, 0xda, 0x6e,
    0xda, 0x6e, 0xb9, 0x6e, 0xda, 0x76, 0xda, 0x76, 0xba, 0x76, 0xd9, 0x6e,
    0xda, 0x76, 0xb9, 0x6e, 0xda, 0x6e, 0xda, 0x6e, 0xda, 0x6e, 0xda, 0x6e,
    0xda, 0x6e, 0xba, 0x6e, 0xd9, 0x6e, 0xda, 0x6e, 0xda, 0x6e, 0xd9, 0x6e,
    0xda, 0x76, 0xda, 0x6e, 0xd9, 0x6e, 0xba, 0x76, 0xda, 0x6e, 0xda, 0x6e,
    0xda, 0x6e, 0xd9, 0x6e, 0xda, 0x6e, 0xda, 0x6e, 0xda, 0x6e, 0xda, 0x76,
    0xd9, 0x6e, 0xda, 0x76, 0xda, 0x76, 0xd9, 0x6e, 0xda, 0x76, 0xda, 0x6e,
    0xda, 0x76, 0xda, 0x76, 0xd9, 0x6e, 0xda, 0x76, 0xda, 0x6e, 0xda, 0x6e,
    0xd9, 0x6e, 0xba, 0x76, 0xda, 0x76, 0xda, 0x76, 0xb9, 0x6e, 0xda, 0x6e,
    0xb9, 0x76, 0xd9, 0x6e, 0xda, 0x6e, 0xda, 0x76, 0xda, 0x6e, 0xda, 0x6e,
    0xd9, 0x76, 0xba, 0x6e, 0xda, 0x6e, 0xb9, 0x76, 0xda, 0x76, 0xb8, 0x6e,
    0x54, 0x6e, 0x75, 0x76, 0x10, 0x6e, 0x45, 0x65, 0x65, 0x6d, 0x45, 0x6d,
    0x45, 0x6d, 0x45, 0x65, 0x45, 0x6d, 0x25, 0x65, 0x45, 0x65, 0x45, 0x65,
    0x25, 0x6d, 0x25, 0x65, 0x25, 0x65, 0x25, 0x65, 0x25, 0x65, 0x25, 0x5d,
    0x25, 0x5d, 0x05, 0x5d, 0xe6, 0x54, 0xe6, 0x54, 0xe6, 0x4c, 0xc7, 0x4c,
    0xc7, 0x4c, 0xa7, 0x44, 0x87, 0x44, 0x88, 0x3c, 0x67, 0x3c, 0x88, 0x3c,
    0x68, 0x3c, 0x68, 0x3c, 0x68, 0x3c, 0x68, 0x3c, 0x68, 0x3c, 0x68, 0x3c,
    0xe6, 0xbb, 0xc6, 0xc3, 0xe7, 0xbb, 0xe7, 0xc3, 0xc6, 0xc3, 0xe6, 0xbb,
    0xe6, 0xc3, 0xc6, 0xbb, 0xc7, 0xc3, 0xe6, 0xbb, 0xe7, 0xbb, 0xc6, 0xbb,
    0xc7, 0xbb, 0x67, 0xab, 0x47, 0xa3, 0x46, 0xa3, 0x27, 0xa3, 0xe7, 0x6b,
    0x88, 0x3c, 0x88, 0x3c, 0x88, 0x3c, 0x88, 0x44, 0x88, 0x44, 0x88, 0x44,
    0xa7, 0x44, 0xa7, 0x44, 0xa8, 0x44, 0xa7, 0x4c, 0xa8, 0x4c, 0xc8, 0x4c,
    0xc7, 0x4c, 0xc8, 0x4c, 0x8d, 0x5d, 0xda, 0x76, 0xba, 0x76, 0xda, 0x6e,
    0xda, 0x6e, 0xda, 0x76, 0xda, 0x76, 0xda, 0x6e, 0xda, 0x76, 0xda, 0x76,
    0xda, 0x6e, 0xda, 0x76, 0xda, 0x76, 0xda, 0x76, 0xfa, 0x7e, 0x1a, 0x8f,
    0x1a, 0x97, 0x3a, 0x97, 0x3a, 0x9f, 0x3a, 0x9f, 0x3a, 0x9f, 0x3a, 0x97,
    0x3a, 0x9f, 0x3a, 0x9f, 0x3a, 0x9f, 0x1a, 0x9f, 0x3a, 0x9f, 0x3a, 0x9f,
    0x3a, 0x9f, 0x3a, 0x97, 0x1a, 0x97, 0xfa, 0x7e, 0xda, 0x76, 0xda, 0x76,
    0xd9, 0x76, 0xda, 0x76, 0xda, 0x76, 0xd9, 0x6e, 0xda, 0x76, 0xd9, 0x76,
    0xda, 0x76, 0xda, 0x76, 0xda, 0x76, 0xd9, 0x6e, 0xda, 0x76, 0xd9, 0x76,
    0xd9, 0x6e, 0xda, 0x6e, 0xda, 0x76, 0xda, 0x76, 0xd9, 0x6e, 0xda, 0x6e,
    0xda, 0x76, 0xd9, 0x6e, 0xda, 0x76, 0xda, 0x76, 0xd9, 0x76, 0xba, 0x76,
    0xda, 0x6e, 0xd9, 0x76, 0xda, 0x76, 0xda, 0x6e, 0xda, 0x6e, 0xda, 0x76,
    0xda, 0x76, 0xda, 0x6e, 0xb9, 0x6e, 0xda, 0x76, 0xda, 0x76, 0xd9, 0x6e,
    0xd9, 0x76, 0xba, 0x76, 0xda, 0x6e, 0xda, 0x6e, 0xd9, 0x6e, 0xda, 0x76,
    0xda, 0x6e, 0xda, 0x76, 0xda, 0x6e, 0xda, 0x6e, 0xda, 0x76, 0xb9, 0x6e,
    0xd9, 0x76, 0xda, 0x6e, 0xd9, 0x76, 0xda, 0x6e, 0xda, 0x6e, 0xda, 0x6e,
    0xda, 0x6e, 0xba, 0x6e, 0xda, 0x6e, 0xda, 0x6e, 0xda, 0x76, 0xda, 0x76,
    0xba, 0x6e, 0xda, 0x6e, 0xda, 0x76, 0xd9, 0x6e, 0xda, 0x76, 0xd9, 0x6e,
    0xda, 0x6e, 0xda, 0x6e, 0xda, 0x76, 0xb9, 0x76, 0xda, 0x6e, 0xda, 0x76,
    0xda, 0x6e, 0xd9, 0x6e, 0xd9, 0x76, 0xd9, 0x6e, 0xda, 0x6e, 0xda, 0x76,
    0xda, 0x6e, 0xda, 0x6e, 0xda, 0x76, 0xba, 0x6e, 0xd9, 0x6e, 0xda, 0x6e,
    0xda, 0x76, 0xda, 0x6e, 0xda, 0x76, 0xda, 0x76, 0xda, 0x76, 0xba, 0x6e,
    0xda, 0x76, 0xd9, 0x76, 0xba, 0x6e, 0xda, 0x76, 0xda, 0x6e, 0xba, 0x76,
    0xda, 0x6e, 0xda, 0x6e, 0xd9, 0x6e, 0xda, 0x76, 0xda, 0x76, 0xda, 0x6e,
    0xb9, 0x76, 0xda, 0x76, 0xda, 0x6e, 0xd9, 0x76, 0xda, 0x76, 0xda, 0x6e,
    0xda, 0x6e, 0xda, 0x76, 0xd9, 0x6e, 0xda, 0x6e, 0xda, 0x76, 0xd9, 0x6e,
    0xda, 0x6e, 0xda, 0x6e, 0xda, 0x6e, 0xd9, 0x76, 0xda, 0x6e, 0xda, 0x76,
    0xda, 0x76, 0xda, 0x6e, 0xda, 0x6e, 0xd9, 0x6e, 0xda, 0x76, 0xda, 0x6e,
    0xda, 0x6e, 0xda, 0x76, 0xba, 0x6e, 0xda, 0x6e, 0xd9, 0x6e, 0xda, 0x76,
    0xda, 0x6e, 0xda, 0x6e, 0xda, 0x76, 0xb9, 0x76, 0xaa, 0x6d, 0x64, 0x6d,
    0x64, 0x6d, 0x44, 0x6d, 0x45, 0x65, 0x45, 0x65, 0x45, 0x65, 0x45, 0x6d,
    0x45, 0x65, 0x45, 0x65, 0x25, 0x65, 0x25, 0x65, 0x25, 0x65, 0x25, 0x65,
    0x25, 0x65, 0x25, 0x5d, 0x25, 0x5d, 0x25, 0x65, 0x25, 0x5d, 0x05, 0x5d,
    0x05, 0x5d, 0x06, 0x55, 0xe6, 0x54, 0xe6, 0x54, 0xe6, 0x4c, 0xc7, 0x4c,
    0xc7, 0x4c, 0xa7, 0x44, 0xa7, 0x44, 0x88, 0x3c, 0x68, 0x3c, 0x68, 0x3c,
    0x68, 0x3c, 0x68, 0x3c, 0x68, 0x34, 0x68, 0x34, 0x68, 0x34, 0x68, 0x34,
    0xe6, 0xc3, 0xe6, 0xbb, 0xe6, 0xbb, 0xc6, 0xbb, 0xe6, 0xc3, 0xc6, 0xbb,
    0xe6, 0xc3, 0xe7, 0xbb, 0xc6, 0xc3, 0xe6, 0xbb, 0xc7, 0xc3, 0xc7, 0xbb,
    0xc6, 0xbb, 0x86, 0xab, 0x47, 0xa3, 0x26, 0xa3, 0x27, 0xa3, 0x47, 0xa3,
    0x68, 0x44, 0x68, 0x3c, 0x88, 0x3c, 0x88, 0x3c, 0x88, 0x3c, 0x88, 0x44,
    0x88, 0x44, 0x88, 0x44, 0x88, 0x44, 0xa8, 0x44, 0xc8, 0x44, 0xa7, 0x44,
    0xc8, 0x4c, 0xc7, 0x4c, 0xd9, 0x76, 0xda, 0x76, 0xda, 0x7e, 0xfa, 0x7e,
    0xfa, 0x7e, 0xda, 0x7e, 0xda, 0x76, 0xd9, 0x76, 0xda, 0x76, 0xda, 0x76,
    0xda, 0x76, 0xda, 0x76, 0xda, 0x76, 0xd9, 0x7e, 0x1a, 0x87, 0x1a, 0x97,
    0x3a, 0x97, 0x1a, 0x97, 0x1a, 0x97, 0x3a, 0x9f, 0x3a, 0x97, 0x1a, 0x9f,
    0x3a, 0x9f, 0x3a, 0x9f, 0x3a, 0x9f, 0x3a, 0x9f, 0x3a, 0x9f, 0x3a, 0x9f,
    0x3a, 0x9f, 0x3a, 0x9f, 0x39, 0x97, 0x1a, 0x8f, 0xfa, 0x7e, 0xda, 0x76,
    0xda, 0x76, 0xda, 0x76, 0xda, 0x76, 0xda, 0x76, 0xda, 0x6e, 0xda, 0x6e,
    0xda, 0x76, 0xda, 0x76, 0xda, 0x76, 0xda, 0x76, 0xda, 0x6e, 0xda, 0x76,
    0xda, 0x76, 0xd9, 0x76, 0xda, 0x76, 0xda, 0x6e, 0xd9, 0x76, 0xda, 0x76,
    0xda, 0x76, 0xda, 0x76, 0xda, 0x6e, 0xda, 0x6e, 0xda, 0x76, 0xda, 0x6e,
    0xd9, 0x76, 0xda, 0x76, 0xda, 0x76, 0xb9, 0x76, 0xda, 0x6e, 0xd9, 0x6e,
    0xda, 0x6e, 0xda, 0x76, 0xda, 0x6e, 0xba, 0x6e, 0xda, 0x6e, 0xda, 0x76,
    0xba, 0x76, 0xd9, 0x6e, 0xda, 0x6e, 0xda, 0x76, 0xda, 0x6e, 0xda, 0x76,
    0xda, 0x76, 0xd9, 0x6e, 0xda, 0x76, 0xda, 0x76, 0xda, 0x6e, 0xda, 0x6e,
    0xda, 0x76, 0xda, 0x6e, 0xba, 0x6e, 0xd9, 0x76, 0xda, 0x76, 0xda, 0x76,
    0xd9, 0x6e, 0xda, 0x76, 0xd9, 0x6e, 0xba, 0x6e, 0xda, 0x6e, 0xd9, 0x76,
    0xda, 0x6e, 0xba, 0x6e, 0xda, 0x6e, 0xda, 0x76, 0xda, 0x6e, 0xba, 0x6e,
    0xd9, 0x76, 0xda, 0x6e, 0xda, 0x6e, 0xda, 0x76, 0xda, 0x6e, 0xda, 0x6e,
    0xda, 0x6e, 0xba, 0x6e, 0xda, 0x76, 0xd9, 0x6e, 0xda, 0x6e, 0xda, 0x76,
    0xd9, 0x76, 0xda, 0x6e, 0xda, 0x6e, 0xd9, 0x6e, 0xda, 0x6e, 0xda, 0x76,
    0xda, 0x76, 0xd9, 0x6e, 0xda, 0x6e, 0xda, 0x76, 0xd9, 0x6e, 0xda, 0x76,
    0xda, 0x6e, 0xda, 0x6e, 0xda, 0x76, 0xd9, 0x76, 0xda, 0x6e, 0xba, 0x6e,
    0xd9, 0x76, 0xda, 0x6e, 0xda, 0x6e, 0xba, 0x6e, 0xd9, 0x6e, 0xda, 0x76,
    0xda, 0x6e, 0xda, 0x76, 0xba, 0x6e, 0xd9, 0x6e, 0xda, 0x76, 0xba, 0x76,
    0xd9, 0x6e, 0xda, 0x76, 0xda, 0x6e, 0xba, 0x6e, 0xda, 0x76, 0xda, 0x76,
    0xda, 0x6e, 0xba, 0x6e, 0xd9, 0x6e, 0xda, 0x76, 0xda, 0x76, 0xb9, 0x6e,
    0xda, 0x6e, 0xda, 0x6e, 0xd9, 0x6e, 0xda, 0x76, 0xda, 0x76, 0xda, 0x6e,
    0xba, 0x6e, 0xda, 0x76, 0xd9, 0x6e, 0xba, 0x76, 0xda, 0x76, 0xba, 0x6e,
    0xd9, 0x76, 0xba, 0x76, 0xda, 0x6e, 0x86, 0x6d, 0x65, 0x6d, 0x65, 0x6d,
    0x45, 0x65, 0x45, 0x65, 0x45, 0x65, 0x45, 0x65, 0x45, 0x65, 0x45, 0x65,
    0x25, 0x65, 0x25, 0x65, 0x25, 0x65, 0x25, 0x5d, 0x25, 0x5d, 0x05, 0x5d,
    0x05, 0x5d, 0x26, 0x5d, 0x25, 0x5d, 0x05, 0x5d, 0x06, 0x5d, 0x06, 0x5d,
    0x05, 0x5d, 0x06, 0x55, 0xe6, 0x54, 0xc7, 0x4c, 0xc7, 0x4c, 0xa7, 0x4c,
    0xa7, 0x44, 0xa7, 0x44, 0x88, 0x44, 0x88, 0x3c, 0x68, 0x3c, 0x68, 0x3c,
    0x68, 0x3c, 0x68, 0x34, 0x68, 0x34, 0x68, 0x34, 0x68, 0x34, 0x68, 0x3c,
    0xe6, 0xbb, 0xe7, 0xc3, 0xe6, 0xc3, 0xe7, 0xbb, 0xe7, 0xbb, 0xe6, 0xc3,
    0xe6, 0xbb, 0xe7, 0xc3, 0xe6, 0xbb, 0xe6, 0xbb, 0xe6, 0xc3, 0xc6, 0xbb,
    0xe6, 0xbb, 0x67, 0xab, 0x26, 0xa3, 0x26, 0xa3, 0x27, 0xa3, 0x26, 0xa3,
    0xa7, 0x7b, 0x68, 0x34, 0x68, 0x3c, 0x88, 0x3c, 0x68, 0x3c, 0x88, 0x3c,
    0x88, 0x3c, 0x88, 0x44, 0x88, 0x44, 0xa8, 0x44, 0xa8, 0x44, 0xa8, 0x44,
    0xc8, 0x4c, 0xc7, 0x44, 0x55, 0x6e, 0xf9, 0x7e, 0xf9, 0x86, 0xf9, 0x86,
    0xfa, 0x86, 0xf9, 0x86, 0xfa, 0x86, 0xfa, 0x7e, 0xfa, 0x7e, 0xda, 0x76,
    0xd9, 0x76, 0xda, 0x76, 0xfa, 0x76, 0xfa, 0x7e, 0x1a, 0x8f, 0x19, 0x97,
    0x3a, 0x97, 0x1a, 0x97, 0x3a, 0x9f, 0x3a, 0x97, 0x3a, 0x9f, 0x39, 0x9f,
    0x3a, 0x9f, 0x3a, 0x9f, 0x39, 0x9f, 0x3a, 0x9f, 0x3a, 0x9f, 0x1a, 0x97,
    0x3a, 0x9f, 0x3a, 0x9f, 0x3a, 0x9f, 0x3a, 0x97, 0xfa, 0x86, 0xda, 0x76,
    0xda, 0x76, 0xda, 0x76, 0xda, 0x76, 0xda, 0x76, 0xda, 0x76, 0xda, 0x76,
    0xda, 0x6e, 0xda, 0x76, 0xda, 0x76, 0xda, 0x76, 0xda, 0x76, 0xda, 0x6e,
    0xda, 0x76, 0xda, 0x6e, 0xda, 0x6e, 0xda, 0x76, 0xda, 0x76, 0xda, 0x6e,
    0xd9, 0x76, 0xda, 0x76, 0xda, 0x6e, 0xd9, 0x6e, 0xda, 0x76, 0xda, 0x76,
    0xda, 0x6e, 0xda, 0x6e, 0xd9, 0x6e, 0xda, 0x76, 0xda, 0x76, 0xda, 0x6e,
    0xd9, 0x76, 0xda, 0x76, 0xda, 0x6e, 0xd9, 0x76, 0xda, 0x76, 0xda, 0x6e,
    0xda, 0x6e, 0xda, 0x76, 0xd9, 0x6e, 0xda, 0x76, 0xda, 0x76, 0xd9, 0x6e,
    0xda, 0x6e, 0xba, 0x6e, 0xd9, 0x6e, 0xda, 0x76, 0xd9, 0x6e, 0xda, 0x6e,
    0xda, 0x76, 0xda, 0x6e, 0xda, 0x76, 0xd9, 0x6e, 0xda, 0x6e, 0xda, 0x6e,
    0xda, 0x76, 0xda, 0x6e, 0xd9, 0x6e, 0xda, 0x76, 0xba, 0x6e, 0xda, 0x6e,
    0xd9, 0x76, 0xda, 0x76, 0xd9, 0x6e, 0xda, 0x6e, 0xda, 0x76, 0xda, 0x6e,
    0xda, 0x6e, 0xd9, 0x76, 0xda, 0x6e, 0xda, 0x6e, 0xd9, 0x76, 0xd9, 0x76,
    0xda, 0x6e, 0xda, 0x76, 0xda, 0x76, 0xda, 0x6e, 0xda, 0x76, 0xda, 0x6e,
    0xda, 0x76, 0xd9, 0x76, 0xda, 0x76, 0xda, 0x76, 0xda, 0x76, 0xda, 0x6e,
    0xda, 0x76, 0xd9, 0x6e, 0xba, 0x6e, 0xda, 0x76, 0xd9, 0x6e, 0xda, 0x76,
    0xda, 0x76, 0xda, 0x76, 0xda, 0x6e, 0xda, 0x76, 0xd9, 0x6e, 0xda, 0x76,
    0xda, 0x76, 0xda, 0x6e, 0xda, 0x76, 0xd9, 0x6e, 0xda, 0x6e, 0xda, 0x6e,
    0xd9, 0x76, 0xda, 0x6e, 0xda, 0x76, 0xda, 0x6e, 0xda, 0x6e, 0xda, 0x76,
    0xd9, 0x6e, 0xda, 0x76, 0xda, 0x6e, 0xd9, 0x6e, 0xda, 0x76, 0xda, 0x76,
    0xda, 0x76, 0xd9, 0x76, 0xda, 0x76, 0xda, 0x6e, 0xda, 0x6e, 0xda, 0x76,
    0xda, 0x6e, 0xda, 0x76, 0xda, 0x76, 0xda, 0x76, 0xda, 0x76, 0xda, 0x6e,
    0xd9, 0x76, 0xda, 0x76, 0xda, 0x6e, 0xda, 0x76, 0xda, 0x6e, 0xd9, 0x6e,
    0xda, 0x76, 0xda, 0x76, 0x0f, 0x6e, 0x65, 0x6d, 0x64, 0x6d, 0x45, 0x6d,
    0x45, 0x65, 0x45, 0x65, 0x45, 0x65, 0x45, 0x65, 0x45, 0x65, 0x45, 0x65,
    0x25, 0x65, 0x25, 0x65, 0x25, 0x5d, 0x25, 0x5d, 0x05, 0x5d, 0x06, 0x5d,
    0x06, 0x5d, 0x06, 0x5d, 0x06, 0x5d, 0x06, 0x5d, 0x06, 0x5d, 0x06, 0x5d,
    0x06, 0x5d, 0xe6, 0x54, 0xc6, 0x54, 0xc6, 0x4c, 0xa7, 0x4c, 0xa7, 0x4c,
    0xa7, 0x44, 0xa7, 0x44, 0x88, 0x44, 0x67, 0x3c, 0x67, 0x3c, 0x68, 0x3c,
    0x68, 0x34, 0x68, 0x34, 0x68, 0x34, 0x69, 0x34, 0x68, 0x34, 0x69, 0x34,
    0xc6, 0xbb, 0xe6, 0xc3, 0xe6, 0xc3, 0xe6, 0xc3, 0xe6, 0xc3, 0xe7, 0xc3,
    0xe6, 0xbb, 0xe6, 0xc3, 0xe7, 0xc3, 0xc6, 0xbb, 0xc6, 0xbb, 0xe7, 0xc3,
    0xe6, 0xbb, 0x67, 0xab, 0x26, 0xa3, 0x27, 0xa3, 0x26, 0xa3, 0x26, 0xa3,
    0x27, 0xa3, 0x48, 0x44, 0x69, 0x3c, 0x69, 0x3c, 0x68, 0x3c, 0x88, 0x3c,
    0x88, 0x3c, 0x88, 0x3c, 0x88, 0x3c, 0xa8, 0x44, 0xa8, 0x44, 0xa8, 0x44,
    0xa8, 0x44, 0xc7, 0x4c, 0xd9, 0x7e, 0xfa, 0x86, 0xfa, 0x86, 0xfa, 0x86,
    0xfa, 0x86, 0xfa, 0x86, 0xf9, 0x86, 0xfa, 0x86, 0xfa, 0x86, 0xf9, 0x86,
    0xfa, 0x86, 0xfa, 0x86, 0xfa, 0x7e, 0xfa, 0x86, 0x1a, 0x8f, 0x1a, 0x97,
    0x1a, 0x97, 0x3a, 0x97, 0x1a, 0x97, 0x1a, 0x97, 0x3a, 0x97, 0x3a, 0x9f,
    0x1a, 0x97, 0x3a, 0x9f, 0x1a, 0x97, 0x3a, 0x9f, 0x3a, 0x9f, 0x39, 0x9f,
    0x3a, 0x9f, 0x3a, 0x9f, 0x1a, 0x97, 0x1a, 0x97, 0x1a, 0x8f, 0xfa, 0x76,
    0xd9, 0x76, 0xda, 0x76, 0xda, 0x6e, 0xd9, 0x76, 0xda, 0x76, 0xda, 0x76,
    0xd9, 0x76, 0xda, 0x6e, 0xda, 0x76, 0xd9, 0x6e, 0xda, 0x76, 0xd9, 0x76,
    0xda, 0x76, 0xda, 0x76, 0xd9, 0x76, 0xda, 0x76, 0xda, 0x76, 0xda, 0x6e,
    0xda, 0x6e, 0xda, 0x76, 0xda, 0x76, 0xd9, 0x76, 0xda, 0x76, 0xda, 0x6e,
    0xd9, 0x6e, 0xda, 0x76, 0xd9, 0x6e, 0xda, 0x6e, 0xda, 0x76, 0xda, 0x76,
    0xda, 0x6e, 0xd9, 0x6e, 0xda, 0x76, 0xda, 0x6e, 0xd9, 0x6e, 0xda, 0x76,
    0xda, 0x76, 0xda, 0x6e, 0xda, 0x76, 0xda, 0x76, 0xd9, 0x6e, 0xda, 0x6e,
    0xda, 0x6e, 0xda, 0x76, 0xda, 0x76, 0xd9, 0x6e, 0xda, 0x76, 0xda, 0x6e,
    0xd9, 0x6e, 0xda, 0x76, 0xda, 0x6e, 0xda, 0x76, 0xda, 0x6e, 0xda, 0x6e,
    0xd9, 0x76, 0xda, 0x76, 0xda, 0x6e, 0xda, 0x76, 0xda, 0x6e, 0xda, 0x6e,
    0xda, 0x76, 0xda, 0x6e, 0xda, 0x6e, 0xd9, 0x76, 0xba, 0x6e, 0xda, 0x76,
    0xd9, 0x6e, 0xda, 0x76, 0xda, 0x6e, 0xda, 0x6e, 0xda, 0x76, 0xda, 0x6e,
    0xda, 0x76, 0xd9, 0x6e, 0xda, 0x76, 0xda, 0x6e, 0xda, 0x6e, 0xd9, 0x76,
    0xda, 0x6e, 0xda, 0x6e, 0xba, 0x6e, 0xda, 0x76, 0xd9, 0x6e, 0xda, 0x6e,
    0xda, 0x76, 0xda, 0x76, 0xda, 0x76, 0xda, 0x76, 0xda, 0x6e, 0xd9, 0x6e,
    0xda, 0x76, 0xd9, 0x6e, 0xda, 0x6e, 0xda, 0x76, 0xda, 0x76, 0xda, 0x6e,
    0xda, 0x76, 0xd9, 0x76, 0xda, 0x76, 0xda, 0x76, 0xd9, 0x76, 0xda, 0x76,
    0xba, 0x6e, 0xd9, 0x76, 0xda, 0x76, 0xda, 0x6e, 0xd9, 0x76, 0xda, 0x6e,
    0xda, 0x76, 0xda, 0x6e, 0xda, 0x76, 0xda, 0x76, 0xd9, 0x6e, 0xda, 0x6e,
    0xda, 0x6e, 0xda, 0x76, 0xda, 0x6e, 0xda, 0x6e, 0xda, 0x76, 0xda, 0x76,
    0xda, 0x76, 0xda, 0x76, 0xda, 0x6e, 0xd9, 0x6e, 0xba, 0x6e, 0xda, 0x76,
    0xda, 0x76, 0xda, 0x6e, 0xda, 0x6e, 0xda, 0x76, 0xd9, 0x6e, 0xda, 0x76,
    0xda, 0x6e, 0xfb, 0x76, 0x87, 0x6d, 0x65, 0x6d, 0x45, 0x6d, 0x44, 0x65,
    0x45, 0x65, 0x45, 0x65, 0x25, 0x65, 0x25, 0x65, 0x25, 0x65, 0x25, 0x65,
    0x25, 0x65, 0x25, 0x65, 0x25, 0x65, 0x06, 0x5d, 0x05, 0x5d, 0x06, 0x5d,
    0xe6, 0x54, 0x06, 0x55, 0xe6, 0x54, 0xe6, 0x54, 0xe6, 0x54, 0x06, 0x5d,
    0xe6, 0x54, 0xe6, 0x54, 0xc7, 0x4c, 0xc7, 0x4c, 0xa7, 0x4c, 0xa7, 0x4c,
    0xa7, 0x44, 0x87, 0x3c, 0x88, 0x3c, 0x88, 0x4c, 0x67, 0x64, 0x67, 0x74,
    0x67, 0x84, 0x67, 0x84, 0x47, 0x8c, 0x47, 0x8c, 0x47, 0x8c, 0x47, 0x8c,
    0xe6, 0xc3, 0xe6, 0xc3, 0xe7, 0xbb, 0xe7, 0xc3, 0xe6, 0xc3, 0xe6, 0xbb,
    0xc6, 0xc3, 0xe6, 0xc3, 0xe6, 0xbb, 0xe7, 0xc3, 0xe7, 0xc3, 0xe7, 0xc3,
    0xe6, 0xc3, 0x46, 0xab, 0x27, 0xa3, 0x47, 0xa3, 0x26, 0xa3, 0x27, 0xa3,
    0x27, 0xa3, 0xa7, 0x7b, 0x69, 0x34, 0x69, 0x3c, 0x69, 0x3c, 0x68, 0x3c,
    0x69, 0x3c, 0x89, 0x3c, 0x88, 0x3c, 0x88, 0x3c, 0xa8, 0x44, 0xa8, 0x44,
    0xa8, 0x44, 0x55, 0x6e, 0xfa, 0x86, 0xfa, 0x86, 0xfa, 0x86, 0xfa, 0x86,
    0x1a, 0x87, 0xfa, 0x8e, 0xfa, 0x86, 0x1a, 0x8f, 0x19, 0x8f, 0x1a, 0x87,
    0x1a, 0x8f, 0x1a, 0x8f, 0x19, 0x8f, 0x1a, 0x8f, 0x1a, 0x8f, 0x1a, 0x97,
    0x1a, 0x97, 0x19, 0x97, 0x1a, 0x97, 0x3a, 0x9f, 0x19, 0x9f, 0x3a, 0x97,
    0x3a, 0x9f, 0x19, 0x9f, 0x3a, 0x9f, 0x3a, 0x97, 0x3a, 0x9f, 0x3a, 0x9f,
    0x3a, 0x9f, 0x3a, 0x9f, 0x3a, 0x9f, 0x3a, 0x9f, 0x1a, 0x97, 0xfa, 0x7e,
    0xfa, 0x76, 0xfa, 0x76, 0xfa, 0x76, 0xfa, 0x76, 0xda, 0x76, 0xd9, 0x76,
    0xda, 0x76, 0xda, 0x76, 0xda, 0x76, 0xda, 0x76, 0xda, 0x6e, 0xda, 0x76,
    0xda, 0x76, 0xda, 0x6e, 0xd9, 0x76, 0xda, 0x76, 0xda, 0x76, 0xda, 0x76,
    0xd9, 0x76, 0xda, 0x76, 0xda, 0x6e, 0xda, 0x76, 0xda, 0x76, 0xda, 0x76,
    0xda, 0x76, 0xda, 0x76, 0xda, 0x6e, 0xda, 0x76, 0xd9, 0x76, 0xda, 0x6e,
    0xda, 0x76, 0xda, 0x76, 0xda, 0x6e, 0xda, 0x76, 0xda, 0x76, 0xda, 0x76,
    0xd9, 0x6e, 0xda, 0x6e, 0xda, 0x76, 0xda, 0x76, 0xda, 0x6e, 0xda, 0x76,
    0xd9, 0x76, 0xda, 0x6e, 0xda, 0x6e, 0xda, 0x6e, 0xda, 0x76, 0xda, 0x76,
    0xd9, 0x6e, 0xda, 0x76, 0xda, 0x6e, 0xd9, 0x76, 0xda, 0x76, 0xda, 0x6e,
    0xda, 0x76, 0xda, 0x6e, 0xda, 0x76, 0xd9, 0x76, 0xda, 0x76, 0xd9, 0x6e,
    0xda, 0x76, 0xda, 0x76, 0xda, 0x6e, 0xda, 0x76, 0xda, 0x76, 0xda, 0x6e,
    0xda, 0x76, 0xda, 0x76, 0xd9, 0x76, 0xda, 0x6e, 0xda, 0x6e, 0xda, 0x76,
    0xda, 0x6e, 0xd9, 0x6e, 0xda, 0x76, 0xda, 0x76, 0xd9, 0x6e, 0xda, 0x76,
    0xda, 0x76, 0xda, 0x6e, 0xda, 0x6e, 0xda, 0x76, 0xd9, 0x76, 0xda, 0x6e,
    0xda, 0x6e, 0xd9, 0x76, 0xda, 0x6e, 0xda, 0x6e, 0xda, 0x76, 0xda, 0x76,
    0xda, 0x76, 0xda, 0x6e, 0xd9, 0x6e, 0xda, 0x76, 0xda, 0x6e, 0xd9, 0x6e,
    0xda, 0x76, 0xda, 0x6e, 0xda, 0x6e, 0xda, 0x76, 0xda, 0x76, 0xda, 0x6e,
    0xda, 0x76, 0xda, 0x76, 0xda, 0x6e, 0xd9, 0x76, 0xda, 0x76, 0xda, 0x6e,
    0xda, 0x76, 0xda, 0x76, 0xda, 0x76, 0xda, 0x6e, 0xda, 0x76, 0xda, 0x76,
    0xd9, 0x76, 0xda, 0x76, 0xda, 0x76, 0xd9, 0x6e, 0xda, 0x76, 0xd9, 0x76,
    0xda, 0x6e, 0xda, 0x76, 0xd9, 0x6e, 0xda, 0x76, 0xda, 0x76, 0xda, 0x76,
    0xd9, 0x76, 0xda, 0x6e, 0xda, 0x76, 0xd9, 0x76, 0xda, 0x76, 0xda, 0x6e,
    0xda, 0x76, 0xda, 0x76, 0x44, 0x6d, 0x65, 0x6d, 0x45, 0x65, 0x45, 0x65,
    0x25, 0x5d, 0x25, 0x5d, 0x26, 0x5d, 0x25, 0x65, 0x25, 0x5d, 0x25, 0x5d,
    0x05, 0x5d, 0x26, 0x5d, 0x06, 0x5d, 0x06, 0x5d, 0x06, 0x5d, 0x06, 0x55,
    0xe6, 0x54, 0xe6, 0x54, 0xe6, 0x54, 0xe6, 0x54, 0xe6, 0x54, 0xe6, 0x54,
    0xe6, 0x54, 0xc6, 0x4c, 0xc7, 0x4c, 0xc7, 0x4c, 0xa7, 0x44, 0xa7, 0x44,
    0xa7, 0x6c, 0x66, 0x9c, 0x66, 0xb4, 0x66, 0xbc, 0x66, 0xb4, 0x66, 0xac,
    0x46, 0xac, 0x46, 0xac, 0x47, 0xac, 0x46, 0xa4, 0x26, 0xa4, 0x06, 0xa4,
    0xe6, 0xc3, 0xe6, 0xc3, 0xe6, 0xc3, 0xe7, 0xc3, 0xe6, 0xbb, 0xe6, 0xc3,
    0xe7, 0xbb, 0xe6, 0xbb, 0xe6, 0xc3, 0xe6, 0xbb, 0xe6, 0xbb, 0xe6, 0xbb,
    0xe6, 0xbb, 0x46, 0xa3, 0x26, 0xa3, 0x27, 0xa3, 0x26, 0xa3, 0x27, 0xa3,
    0x26, 0xa3, 0x26, 0xa3, 0x48, 0x44, 0x69, 0x3c, 0x89, 0x3c, 0x89, 0x3c,
    0x68, 0x3c, 0x88, 0x3c, 0x89, 0x3c, 0x89, 0x3c, 0x0c, 0x4d, 0x13, 0x66,
    0xda, 0x7e, 0xfa, 0x7e, 0xfa, 0x7e, 0xfa, 0x86, 0xf9, 0x86, 0xfa, 0x86,
    0xfa, 0x86, 0x19, 0x87, 0xfa, 0x86, 0x1a, 0x8f, 0xfa, 0x8e, 0xfa, 0x86,
    0xfa, 0x8e, 0x19, 0x8f, 0x1a, 0x8f, 0x1a, 0x8f, 0x19, 0x8f, 0x1a, 0x8f,
    0x1a, 0x97, 0x3a, 0x97, 0x1a, 0x97, 0x19, 0x97, 0x3a, 0x97, 0x1a, 0x97,
    0x19, 0x9f, 0x3a, 0x9f, 0x3a, 0x97, 0x3a, 0x9f, 0x1a, 0x9f, 0x3a, 0x9f,
    0x3a, 0x9f, 0x3a, 0x9f, 0x3a, 0x9f, 0x39, 0x97, 0x1a, 0x97, 0xfa, 0x7e,
    0xfa, 0x76, 0xda, 0x76, 0xfa, 0x76, 0xfa, 0x76, 0xfa, 0x76, 0xda, 0x76,
    0xfa, 0x76, 0xda, 0x76, 0xda, 0x76, 0xd9, 0x6e, 0xda, 0x76, 0xd9, 0x76,
    0xda, 0x6e, 0xda, 0x76, 0xda, 0x76, 0xda, 0x6e, 0xda, 0x76, 0xda, 0x76,
    0xda, 0x76, 0xd9, 0x76, 0xda, 0x6e, 0xda, 0x6e, 0xda, 0x76, 0xda, 0x76,
    0xd9, 0x6e, 0xda, 0x76, 0xda, 0x76, 0xda, 0x76, 0xda, 0x6e, 0xd9, 0x76,
    0xda, 0x76, 0xda, 0x76, 0xda, 0x6e, 0xd9, 0x76, 0xda, 0x76, 0xda, 0x6e,
    0xda, 0x76, 0xd9, 0x6e, 0xda, 0x6e, 0xd9, 0x76, 0xda, 0x76, 0xda, 0x76,
    0xda, 0x76, 0xd9, 0x6e, 0xda, 0x76, 0xda, 0x6e, 0xda, 0x76, 0xd9, 0x6e,
    0xda, 0x76, 0xda, 0x76, 0xda, 0x76, 0xd9, 0x6e, 0xda, 0x6e, 0xda, 0x76,
    0xda, 0x76, 0xda, 0x6e, 0xd9, 0x6e, 0xda, 0x6e, 0xda, 0x76, 0xda, 0x76,
    0xd9, 0x76, 0xd9, 0x6e, 0xda, 0x6e, 0xd9, 0x76, 0xda, 0x6e, 0xd9, 0x76,
    0xda, 0x6e, 0xda, 0x76, 0xd9, 0x6e, 0xda, 0x76, 0xd9, 0x76, 0xda, 0x76,
    0xda, 0x76, 0xda, 0x6e, 0xda, 0x76, 0xd9, 0x76, 0xda, 0x6e, 0xda, 0x76,
    0xd9, 0x6e, 0xda, 0x76, 0xda, 0x76, 0xda, 0x76, 0xda, 0x6e, 0xda, 0x76,
    0xda, 0x76, 0xd9, 0x6e, 0xda, 0x76, 0xda, 0x6e, 0xda, 0x76, 0xd9, 0x6e,
    0xda, 0x76, 0xda, 0x76, 0xda, 0x76, 0xda, 0x76, 0xd9, 0x6e, 0xda, 0x76,
    0xda, 0x76, 0xda, 0x76, 0xd9, 0x6e, 0xda, 0x76, 0xda, 0x6e, 0xd9, 0x76,
    0xda, 0x6e, 0xda, 0x76, 0xda, 0x6e, 0xda, 0x76, 0xda, 0x76, 0xd9, 0x6e,
    0xda, 0x76, 0xda, 0x6e, 0xd9, 0x6e, 0xda, 0x76, 0xda, 0x76, 0xda, 0x6e,
    0xda, 0x76, 0xda, 0x6e, 0xda, 0x76, 0xda, 0x76, 0xda, 0x6e, 0xda, 0x6e,
    0xda, 0x76, 0xda, 0x6e, 0xda, 0x76, 0xda, 0x76, 0xda, 0x76, 0xd9, 0x6e,
    0xda, 0x6e, 0xda, 0x76, 0xda, 0x76, 0xda, 0x76, 0xda, 0x6e, 0xda, 0x76,
    0xd9, 0x76, 0xda, 0x76, 0x45, 0x65, 0x65, 0x6d, 0x45, 0x65, 0x45, 0x65,
    0x25, 0x5d, 0x26, 0x5d, 0x05, 0x5d, 0x26, 0x5d, 0x26, 0x5d, 0x25, 0x5d,
    0x06, 0x5d, 0x26, 0x5d, 0x06, 0x5d, 0xe6, 0x54, 0xe6, 0x54, 0xe6, 0x54,
    0xe6, 0x54, 0xc6, 0x54, 0xc6, 0x54, 0xc7, 0x4c, 0xc6, 0x4c, 0xc7, 0x54,
    0xc7, 0x4c, 0xc7, 0x4c, 0xc7, 0x4c, 0xa7, 0x4c, 0x86, 0x94, 0x66, 0xbc,
    0x66, 0xc4, 0x86, 0xbc, 0x67, 0xbc, 0x67, 0xbc, 0x66, 0xbc, 0x46, 0xb4,
    0x47, 0xac, 0x46, 0xac, 0x27, 0xac, 0x26, 0xac, 0x27, 0xa4, 0x27, 0xa4,
    0xe6, 0xbb, 0xe6, 0xc3, 0xe6, 0xc3, 0xe6, 0xbb, 0xe6, 0xc3, 0xe7, 0xc3,
    0xe6, 0xc3, 0xe6, 0xbb, 0xc7, 0xc3, 0xe6, 0xc3, 0xe6, 0xc3, 0xe7, 0xc3,
    0xc7, 0xbb, 0x26, 0xa3, 0x26, 0xa3, 0x27, 0xa3, 0x26, 0xa3, 0x26, 0xa3,
    0x27, 0x9b, 0x27, 0xa3, 0xa7, 0x73, 0x69, 0x34, 0x68, 0x34, 0x69, 0x3c,
    0x89, 0x3c, 0x88, 0x3c, 0x69, 0x3c, 0x88, 0x3c, 0x08, 0x55, 0xb9, 0x76,
    0xfa, 0x7e, 0xfb, 0x7e, 0xfa, 0x7e, 0xfa, 0x7e, 0x1a, 0x87, 0xfa, 0x86,
    0xfa, 0x86, 0xf9, 0x86, 0x1a, 0x87, 0xfa, 0x8e, 0x1a, 0x87, 0xfa, 0x8e,
    0xfa, 0x86, 0xfa, 0x8e, 0x1a, 0x8f, 0x1a, 0x8f, 0x1a, 0x8f, 0x1a, 0x8f,
    0x19, 0x8f, 0x1a, 0x97, 0x1a, 0x97, 0x1a, 0x97, 0x3a, 0x97, 0x3a, 0x97,
    0x3a, 0x97, 0x1a, 0x97, 0x3a, 0x9f, 0x3a, 0x9f, 0x3a, 0x97, 0x3a, 0x9f,
    0x3a, 0x97, 0x3a, 0x9f, 0x3a, 0x97, 0x3a, 0x97, 0x1a, 0x97, 0xfa, 0x7e,
    0xfa, 0x76, 0xd9, 0x76, 0xda, 0x76, 0xda, 0x76, 0xfa, 0x76, 0xfa, 0x76,
    0xfa, 0x76, 0xfa, 0x76, 0xda, 0x76, 0xfa, 0x76, 0xda, 0x76, 0xfa, 0x76,
    0xda, 0x76, 0xd9, 0x76, 0xfa, 0x76, 0xd9, 0x76, 0xfa, 0x76, 0xda, 0x6e,
    0xda, 0x76, 0xda, 0x76, 0xd9, 0x76, 0xda, 0x76, 0xda, 0x76, 0xd9, 0x76,
    0xda, 0x76, 0xda, 0x76, 0xda, 0x76, 0xda, 0x76, 0xda, 0x6e, 0xda, 0x76,
    0xd9, 0x6e, 0xda, 0x76, 0xda, 0x76, 0xda, 0x76, 0xda, 0x76, 0xda, 0x76,
    0xda, 0x76, 0xda, 0x76, 0xda, 0x76, 0xda, 0x6e, 0xda, 0x76, 0xda, 0x6e,
    0xda, 0x6e, 0xda, 0x76, 0xd9, 0x76, 0xda, 0x76, 0xda, 0x6e, 0xda, 0x76,
    0xda, 0x76, 0xda, 0x6e, 0xda, 0x76, 0xda, 0x76, 0xd9, 0x6e, 0xda, 0x76,
    0xd9, 0x76, 0xda, 0x76, 0xda, 0x76, 0xda, 0x76, 0xda, 0x6e, 0xda, 0x6e,
    0xda, 0x76, 0xda, 0x6e, 0xda, 0x76, 0xda, 0x6e, 0xda, 0x76, 0xda, 0x76,
    0xd9, 0x6e, 0xda, 0x76, 0xda, 0x76, 0xda, 0x6e, 0xda, 0x76, 0xda, 0x6e,
    0xda, 0x76, 0xd9, 0x6e, 0xda, 0x76, 0xda, 0x76, 0xda, 0x6e, 0xda, 0x76,
    0xda, 0x76, 0xd9, 0x6e, 0xda, 0x76, 0xda, 0x76, 0xd9, 0x6e, 0xda, 0x76,
    0xda, 0x76, 0xda, 0x76, 0xda, 0x76, 0xd9, 0x6e, 0xda, 0x76, 0xda, 0x76,
    0xda, 0x6e, 0xda, 0x76, 0xda, 0x76, 0xd9, 0x6e, 0xda, 0x76, 0xda, 0x76,
    0xda, 0x76, 0xda, 0x76, 0xd9, 0x76, 0xda, 0x76, 0xda, 0x76, 0xda, 0x76,
    0xda, 0x76, 0xda, 0x76, 0xd9, 0x76, 0xda, 0x76, 0xda, 0x6e, 0xd9, 0x76,
    0xda, 0x76, 0xda, 0x76, 0xda, 0x76, 0xda, 0x76, 0xd9, 0x76, 0xda, 0x76,
    0xda, 0x76, 0xda, 0x76, 0xda, 0x76, 0xd9, 0x6e, 0xda, 0x76, 0xda, 0x76,
    0xd9, 0x76, 0xda, 0x6e, 0xda, 0x76, 0xda, 0x76, 0xd9, 0x6e, 0xda, 0x76,
    0xda, 0x76, 0xda, 0x76, 0xda, 0x76, 0xd9, 0x6e, 0xda, 0x76, 0xda, 0x76,
    0xda, 0x76, 0xda, 0x76, 0x46, 0x65, 0x45, 0x65, 0x45, 0x65, 0x45, 0x65,
    0x26, 0x5d, 0x06, 0x5d, 0x26, 0x5d, 0x25, 0x5d, 0x06, 0x5d, 0x26, 0x5d,
    0x05, 0x5d, 0x06, 0x5d, 0x05, 0x5d, 0x06, 0x55, 0xe6, 0x4c, 0xc6, 0x4c,
    0xc6, 0x4c, 0xc7, 0x4c, 0xc7, 0x4c, 0xc6, 0x4c, 0xc7, 0x4c, 0xc7, 0x4c,
    0xa7, 0x4c, 0xc7, 0x4c, 0xa6, 0x8c, 0x66, 0xc4, 0x66, 0xc4, 0x87, 0xbc,
    0x87, 0xbc, 0x66, 0xbc, 0x66, 0xbc, 0x67, 0xbc, 0x67, 0xbc, 0x46, 0xb4,
    0x27, 0xac, 0x26, 0xac, 0x26, 0xa4, 0x26, 0xac, 0x06, 0xa4, 0x06, 0xa4,
    0xe6, 0xc3, 0xe7, 0xc3, 0xc6, 0xbb, 0xe6, 0xbb, 0xe6, 0xc3, 0xc6, 0xbb,
    0xe6, 0xbb, 0xe6, 0xc3, 0xc7, 0xc3, 0xe6, 0xbb, 0xe6, 0xbb, 0xe7, 0xc3,
    0xc7, 0xbb, 0x26, 0xa3, 0x27, 0xa3, 0x27, 0xa3, 0x26, 0xa3, 0x27, 0x9b,
    0x27, 0xa3, 0x26, 0xa3, 0x26, 0xa3, 0x69, 0x34, 0x69, 0x34, 0x69, 0x3c,
    0x68, 0x3c, 0x89, 0x3c, 0x69, 0x3c, 0xa8, 0x44, 0x47, 0x65, 0x88, 0x65,
    0x96, 0x7e, 0xcb, 0x6d, 0x67, 0x65, 0x67, 0x65, 0xcc, 0x6d, 0xd8, 0x7e,
    0xfa, 0x86, 0xfa, 0x86, 0xfa, 0x86, 0x19, 0x87, 0x1a, 0x8f, 0x1a, 0x87,
    0xf9, 0x86, 0x1a, 0x8f, 0xfa, 0x8e, 0x1a, 0x8f, 0x19, 0x8f, 0x1a, 0x8f,
    0x1a, 0x8f, 0x1a, 0x97, 0x1a, 0x97, 0x19, 0x97, 0x1a, 0x97, 0x1a, 0x97,
    0x19, 0x97, 0x1a, 0x97, 0x19, 0x97, 0x1a, 0x9f, 0x1a, 0x97, 0x39, 0x97,
    0x1a, 0x9f, 0x3a, 0x9f, 0x3a, 0x9f, 0x3a, 0x97, 0x3a, 0x97, 0xfa, 0x86,
    0xfa, 0x7e, 0xfa, 0x7e, 0xfa, 0x7e, 0xfa, 0x7e, 0xfa, 0x7e, 0xda, 0x76,
    0xda, 0x76, 0xf9, 0x76, 0xda, 0x76, 0xfa, 0x76, 0xfa, 0x76, 0xda, 0x76,
    0xfa, 0x76, 0xda, 0x76, 0xda, 0x76, 0xda, 0x76, 0xda, 0x76, 0xda, 0x76,
    0xda, 0x76, 0xda, 0x76, 0xfa, 0x76, 0xda, 0x76, 0xd9, 0x76, 0xfa, 0x76,
    0xda, 0x76, 0xfa, 0x6e, 0xda, 0x76, 0xda, 0x76, 0xf9, 0x76, 0xda, 0x76,
    0xda, 0x76, 0xda, 0x6e, 0xda, 0x76, 0xda, 0x6e, 0xda, 0x76, 0xfa, 0x76,
    0xda, 0x76, 0xd9, 0x6e, 0xfa, 0x76, 0xda, 0x76, 0xfa, 0x76, 0xd9, 0x76,
    0xda, 0x6e, 0xda, 0x76, 0xda, 0x76, 0xda, 0x76, 0xd9, 0x6e, 0xda, 0x76,
    0xd9, 0x76, 0xda, 0x6e, 0xda, 0x76, 0xda, 0x76, 0xda, 0x76, 0xda, 0x76,
    0xda, 0x76, 0xda, 0x76, 0xda, 0x76, 0xda, 0x76, 0xd9, 0x6e, 0xda, 0x76,
    0xda, 0x76, 0xd9, 0x76, 0xda, 0x76, 0xda, 0x76, 0xda, 0x6e, 0xda, 0x76,
    0xda, 0x76, 0xda, 0x6e, 0xda, 0x76, 0xd9, 0x76, 0xda, 0x6e, 0xda, 0x6e,
    0xda, 0x76, 0xda, 0x76, 0xda, 0x6e, 0xda, 0x76, 0xda, 0x76, 0xd9, 0x76,
    0xda, 0x6e, 0xda, 0x76, 0xda, 0x6e, 0xd9, 0x76, 0xda, 0x6e, 0xda, 0x6e,
    0xd9, 0x76, 0xda, 0x6e, 0xda, 0x76, 0xda, 0x76, 0xda, 0x6e, 0xd9, 0x76,
    0xd9, 0x76, 0xda, 0x76, 0xda, 0x76, 0xda, 0x76, 0xda, 0x6e, 0xda, 0x76,
    0xd9, 0x6e, 0xda, 0x76, 0xda, 0x76, 0xda, 0x6e, 0xda, 0x76, 0xf9, 0x76,
    0xda, 0x76, 0xda, 0x6e, 0xfa, 0x76, 0xda, 0x76, 0xda, 0x76, 0xda, 0x76,
    0xda, 0x76, 0xfa, 0x76, 0xda, 0x76, 0xd9, 0x6e, 0xda, 0x76, 0xda, 0x76,
    0xda, 0x6e, 0xda, 0x76, 0xda, 0x76, 0xda, 0x76, 0xda, 0x76, 0xda, 0x76,
    0xda, 0x6e, 0xd9, 0x76, 0xda, 0x76, 0xda, 0x76, 0xda, 0x76, 0xda, 0x76,
    0xda, 0x76, 0xda, 0x76, 0xda, 0x76, 0xda, 0x76, 0xda, 0x76, 0xda, 0x76,
    0xda, 0x76, 0xb8, 0x76, 0x68, 0x5d, 0x26, 0x5d, 0x25, 0x5d, 0x26, 0x5d,
    0x06, 0x5d, 0x06, 0x55, 0x06, 0x55, 0x06, 0x5d, 0x06, 0x5d, 0x06, 0x5d,
    0x06, 0x5d, 0x06, 0x5d, 0x06, 0x5d, 0x06, 0x55, 0xc7, 0x4c, 0xc7, 0x4c,
    0xc7, 0x4c, 0xc7, 0x4c, 0xc7, 0x4c, 0xc7, 0x4c, 0xc7, 0x4c, 0xa7, 0x44,
    0xa7, 0x74, 0x66, 0xc4, 0x66, 0xc4, 0x87, 0xc4, 0x87, 0xc4, 0x86, 0xc4,
    0x67, 0xc4, 0x66, 0xc4, 0x66, 0xc4, 0x67, 0xbc, 0x67, 0xbc, 0x46, 0xb4,
    0x26, 0xac, 0x07, 0xa4, 0x07, 0xac, 0x06, 0xa4, 0x06, 0xac, 0x07, 0xa4,
    0xe6, 0xc3, 0xe6, 0xbb, 0xe7, 0xc3, 0xe7, 0xc3, 0xe6, 0xc3, 0xe6, 0xc3,
    0xe7, 0xc3, 0xc6, 0xbb, 0xe6, 0xc3, 0xe6, 0xbb, 0xe6, 0xbb, 0xc6, 0xbb,
    0xc6, 0xbb, 0x06, 0xa3, 0x26, 0xa3, 0x06, 0x9b, 0x26, 0x9b, 0x27, 0xa3,
    0x26, 0xa3, 0x26, 0x9b, 0x27, 0xa3, 0xc8, 0x6b, 0x68, 0x34, 0x69, 0x34,
    0x68, 0x34, 0x89, 0x3c, 0xe8, 0x4c, 0x48, 0x5d, 0x67, 0x65, 0x47, 0x65,
    0x46, 0x65, 0x67, 0x65, 0x67, 0x65, 0x67, 0x6d, 0x67, 0x65, 0x66, 0x65,
    0xb6, 0x7e, 0xfa, 0x86, 0x1a, 0x8f, 0xfa, 0x86, 0xf9, 0x8e, 0x1a, 0x8f,
    0x1a, 0x8f, 0xf9, 0x86, 0x1a, 0x8f, 0xfa, 0x8e, 0x1a, 0x8f, 0x19, 0x8f,
    0x1a, 0x8f, 0x1a, 0x97, 0x19, 0x8f, 0x1a, 0x97, 0x1a, 0x97, 0x19, 0x97,
    0x1a, 0x97, 0x1a, 0x97, 0x3a, 0x97, 0x3a, 0x97, 0x1a, 0x97, 0x3a, 0x97,
    0x1a, 0x9f, 0x3a, 0x97, 0x39, 0x9f, 0x3a, 0x9f, 0x3a, 0x97, 0x1a, 0x97,
    0x3a, 0x97, 0x3a, 0x97, 0x3a, 0x9f, 0x3a, 0x97, 0x19, 0x97, 0x1a, 0x8f,
    0xfa, 0x86, 0xfa, 0x76, 0xda, 0x76, 0xda, 0x76, 0xfa, 0x76, 0xda, 0x76,
    0xd9, 0x76, 0xda, 0x76, 0xda, 0x76, 0xda, 0x76, 0xd9, 0x76, 0xf9, 0x76,
    0xfa, 0x76, 0xda, 0x76, 0xfa, 0x76, 0xfa, 0x76, 0xda, 0x76, 0xda, 0x76,
    0xda, 0x76, 0xd9, 0x76, 0xfa, 0x76, 0xda, 0x76, 0xda, 0x76, 0xda, 0x76,
    0xfa, 0x76, 0xda, 0x76, 0xda, 0x76, 0xf9, 0x6e, 0xda, 0x76, 0xda, 0x76,
    0xda, 0x76, 0xda, 0x6e, 0xfa, 0x76, 0xfa, 0x76, 0xda, 0x76, 0xd9, 0x76,
    0xda, 0x76, 0xda, 0x76, 0xda, 0x76, 0xda, 0x76, 0xda, 0x76, 0xda, 0x76,
    0xda, 0x76, 0xda, 0x76, 0xda, 0x6e, 0xd9, 0x76, 0xda, 0x76, 0xda, 0x6e,
    0xd9, 0x6e, 0xda, 0x6e, 0xd9, 0x76, 0xda, 0x76, 0xfa, 0x76, 0xda, 0x76,
    0xda, 0x76, 0xfa, 0x6e, 0xda, 0x76, 0xd9, 0x76, 0xd9, 0x76, 0xda, 0x76,
    0xda, 0x76, 0xda, 0x6e, 0xda, 0x76, 0xda, 0x76, 0xd9, 0x76, 0xda, 0x76,
    0xda, 0x76, 0xd9, 0x76, 0xda, 0x76, 0xda, 0x76, 0xd9, 0x6e, 0xda, 0x76,
    0xda, 0x76, 0xda, 0x76, 0xda, 0x76, 0xda, 0x76, 0xda, 0x76, 0xda, 0x76,
    0xda, 0x76, 0xd9, 0x76, 0xda, 0x76, 0xda, 0x76, 0xda, 0x76, 0xfa, 0x76,
    0xda, 0x6e, 0xda, 0x76, 0xda, 0x76, 0xd9, 0x76, 0xda, 0x76, 0xfa, 0x76,
    0xda, 0x76, 0xda, 0x6e, 0xfa, 0x76, 0xda, 0x76, 0xda, 0x76, 0xd9, 0x6e,
    0xda, 0x76, 0xda, 0x76, 0xfa, 0x6e, 0xda, 0x76, 0xd9, 0x76, 0xfa, 0x76,
    0xda, 0x6e, 0xfa, 0x76, 0xd9, 0x76, 0xfa, 0x76, 0xda, 0x76, 0xda, 0x76,
    0xfa, 0x76, 0xd9, 0x6e, 0xfa, 0x76, 0xfa, 0x76, 0xda, 0x76, 0xda, 0x76,
    0xda, 0x76, 0xda, 0x76, 0xda, 0x76, 0xda, 0x76, 0xd9, 0x76, 0xda, 0x6e,
    0xd9, 0x76, 0xfa, 0x76, 0xda, 0x76, 0xd9, 0x76, 0xda, 0x76, 0xfa, 0x76,
    0xef, 0x65, 0x05, 0x55, 0x26, 0x55, 0x26, 0x5d, 0x26, 0x5d, 0x26, 0x5d,
    0x06, 0x55, 0xe6, 0x54, 0xe6, 0x54, 0x06, 0x55, 0x06, 0x55, 0x06, 0x55,
    0xe6, 0x54, 0xe6, 0x54, 0xe6, 0x54, 0xe6, 0x54, 0xc7, 0x4c, 0xc7, 0x4c,
    0xc7, 0x4c, 0xa7, 0x4c, 0xa7, 0x4c, 0xa7, 0x4c, 0xa7, 0x4c, 0x87, 0x9c,
    0x66, 0xc4, 0x86, 0xc4, 0x67, 0xc4, 0x66, 0xc4, 0x86, 0xc4, 0x67, 0xc4,
    0x86, 0xc4, 0x67, 0xbc, 0x66, 0xbc, 0x66, 0xbc, 0x67, 0xbc, 0x46, 0xb4,
    0x06, 0xac, 0x07, 0xac, 0x06, 0xa4, 0x07, 0xa4, 0xe6, 0xa3, 0xe6, 0xa3,
    0xc6, 0xbb, 0xe6, 0xc3, 0xc6, 0xbb, 0xe7, 0xc3, 0xc6, 0xbb, 0xe7, 0xc3,
    0xe6, 0xc3, 0xc6, 0xbb, 0xe7, 0xc3, 0xc7, 0xbb, 0xe6, 0xc3, 0xe7, 0xbb,
    0x86, 0xb3, 0x27, 0xa3, 0x06, 0xa3, 0x27, 0xa3, 0x06, 0xa3, 0x06, 0xa3,
    0x27, 0x9b, 0x26, 0xa3, 0x26, 0x9b, 0x47, 0x93, 0xa9, 0x3c, 0xc9, 0x44,
    0x09, 0x4d, 0x28, 0x5d, 0x47, 0x5d, 0x47, 0x65, 0x47, 0x65, 0x47, 0x65,
    0x47, 0x65, 0x47, 0x65, 0x46, 0x65, 0x66, 0x65, 0x66, 0x65, 0x67, 0x65,
    0x67, 0x65, 0xfa, 0x86, 0xfa, 0x86, 0x1a, 0x87, 0xfa, 0x86, 0xfa, 0x86,
    0xfa, 0x86, 0x1a, 0x87, 0xfa, 0x8e, 0x1a, 0x87, 0xfa, 0x86, 0x1a, 0x8f,
    0x1a, 0x8f, 0x19, 0x8f, 0x1a, 0x8f, 0x1a, 0x8f, 0x1a, 0x8f, 0x1a, 0x97,
    0x1a, 0x97, 0x1a, 0x97, 0x1a, 0x97, 0x19, 0x97, 0x3a, 0x97, 0x3a, 0x97,
    0x1a, 0x97, 0x3a, 0x97, 0x3a, 0x97, 0x1a, 0x9f, 0x3a, 0x9f, 0x3a, 0x9f,
    0x3a, 0x9f, 0x3a, 0x9f, 0x1a, 0x9f, 0x3a, 0x9f, 0x3a, 0x9f, 0x3a, 0x9f,
    0x3a, 0x9f, 0x1a, 0x8f, 0xfa, 0x7e, 0xfa, 0x7e, 0xfa, 0x76, 0xfa, 0x76,
    0xfa, 0x76, 0xfa, 0x76, 0xda, 0x76, 0xfa, 0x76, 0xfa, 0x76, 0xda, 0x76,
    0xda, 0x76, 0xfa, 0x76, 0xd9, 0x76, 0xda, 0x76, 0xda, 0x76, 0xfa, 0x76,
    0xfa, 0x76, 0xda, 0x76, 0xd9, 0x76, 0xfa, 0x76, 0xda, 0x6e, 0xfa, 0x76,
    0xd9, 0x76, 0xfa, 0x76, 0xfa, 0x76, 0xd9, 0x76, 0xda, 0x76, 0xfa, 0x76,
    0xd9, 0x76, 0xda, 0x76, 0xda, 0x76, 0xfa, 0x76, 0xd9, 0x76, 0xda, 0x76,
    0xfa, 0x76, 0xfa, 0x76, 0xda, 0x76, 0xfa, 0x76, 0xf9, 0x6e, 0xda, 0x76,
    0xda, 0x76, 0xd9, 0x76, 0xda, 0x76, 0xda, 0x76, 0xda, 0x76, 0xda, 0x76,
    0xfa, 0x76, 0xda, 0x76, 0xda, 0x76, 0xfa, 0x76, 0xd9, 0x6e, 0xda, 0x76,
    0xfa, 0x76, 0xda, 0x76, 0xda, 0x6e, 0xfa, 0x76, 0xda, 0x76, 0xfa, 0x6e,
    0xda, 0x76, 0xd9, 0x76, 0xda, 0x6e, 0xfa, 0x76, 0xda, 0x76, 0xda, 0x6e,
    0xda, 0x76, 0xd9, 0x76, 0xda, 0x76, 0xda, 0x76, 0xda, 0x76, 0xda, 0x76,
    0xd9, 0x6e, 0xda, 0x76, 0xfa, 0x76, 0xd9, 0x76, 0xda, 0x76, 0xfa, 0x76,
    0xfa, 0x76, 0xda, 0x76, 0xfa, 0x76, 0xda, 0x6e, 0xda, 0x76, 0xda, 0x76,
    0xfa, 0x76, 0xd9, 0x6e, 0xfa, 0x76, 0xda, 0x76, 0xda, 0x76, 0xfa, 0x76,
    0xda, 0x76, 0xda, 0x76, 0xfa, 0x76, 0xda, 0x76, 0xda, 0x76, 0xfa, 0x76,
    0xfa, 0x76, 0xd9, 0x76, 0xda, 0x76, 0xfa, 0x76, 0xf9, 0x76, 0xda, 0x76,
    0xda, 0x76, 0xfa, 0x76, 0xda, 0x76, 0xfa, 0x76, 0xd9, 0x76, 0xda, 0x76,
    0xda, 0x76, 0xfa, 0x76, 0xda, 0x76, 0xda, 0x76, 0xf9, 0x76, 0xda, 0x76,
    0xda, 0x76, 0xd9, 0x76, 0xfa, 0x76, 0xda, 0x6e, 0xfa, 0x76, 0xda, 0x76,
    0xda, 0x76, 0xfa, 0x76, 0xda, 0x76, 0xda, 0x76, 0xfa, 0x76, 0xcf, 0x5d,
    0x26, 0x55, 0x06, 0x55, 0x06, 0x55, 0x06, 0x5d, 0x06, 0x5d, 0x26, 0x5d,
    0x06, 0x55, 0xe6, 0x54, 0xe6, 0x54, 0x06, 0x55, 0xe6, 0x54, 0xe6, 0x54,
    0xe6, 0x54, 0xe6, 0x54, 0xe6, 0x54, 0xc6, 0x4c, 0xc7, 0x4c, 0xc7, 0x4c,
    0xa6, 0x4c, 0xa7, 0x4c, 0xa7, 0x4c, 0xa7, 0x4c, 0x67, 0xac, 0x66, 0xc4,
    0x67, 0xc4, 0x87, 0xc4, 0x87, 0xc4, 0x66, 0xc4, 0x66, 0xbc, 0x67, 0xc4,
    0x66, 0xc4, 0x67, 0xbc, 0x67, 0xbc, 0x66, 0xc4, 0x67, 0xbc, 0x47, 0xb4,
    0x06, 0xa4, 0x06, 0xa4, 0x07, 0xa4, 0xe7, 0xa3, 0xe6, 0xa3, 0xe7, 0xa3,
    0xe6, 0xc3, 0xe6, 0xbb, 0xc6, 0xc3, 0xe6, 0xc3, 0xe6, 0xbb, 0xe6, 0xbb,
    0xe6, 0xc3, 0xe6, 0xbb, 0xc6, 0xbb, 0xe6, 0xc3, 0xc6, 0xc3, 0xc6, 0xbb,
    0x66, 0xb3, 0x27, 0xa3, 0x06, 0xa3, 0x06, 0x9b, 0x27, 0xa3, 0x06, 0x9b,
    0x06, 0xa3, 0x27, 0x9b, 0x27, 0xa3, 0x06, 0xa3, 0xa9, 0x54, 0x09, 0x4d,
    0x09, 0x55, 0x28, 0x55, 0x28, 0x5d, 0x28, 0x5d, 0x27, 0x5d, 0x47, 0x5d,
    0x47, 0x5d, 0x47, 0x65, 0x47, 0x65, 0x47, 0x65, 0x46, 0x65, 0x66, 0x65,
    0x46, 0x65, 0x73, 0x76, 0xfa, 0x86, 0xfa, 0x86, 0xf9, 0x86, 0x1a, 0x87,
    0xfa, 0x86, 0xf9, 0x86, 0x1a, 0x87, 0xfa, 0x86, 0xf9, 0x86, 0xfa, 0x8e,
    0xfa, 0x8e, 0x1a, 0x8f, 0x1a, 0x8f, 0x19, 0x8f, 0x1a, 0x8f, 0x1a, 0x8f,
    0x19, 0x8f, 0x3a, 0x8f, 0x19, 0x97, 0x1a, 0x97, 0x1a, 0x97, 0x1a, 0x97,
    0x39, 0x97, 0x1a, 0x97, 0x1a, 0x97, 0x39, 0x9f, 0x3a, 0x9f, 0x3a, 0x97,
    0x19, 0x9f, 0x3a, 0x9f, 0x3a, 0x9f, 0x3a, 0x9f, 0x3a, 0x9f, 0x3a, 0x9f,
    0x3a, 0x9f, 0x3a, 0x9f, 0x3a, 0x97, 0xfa, 0x8e, 0xd9, 0x76, 0xfa, 0x76,
    0xda, 0x76, 0xfa, 0x76, 0xfa, 0x76, 0xda, 0x76, 0xfa, 0x76, 0xda, 0x76,
    0xda, 0x76, 0xda, 0x76, 0xfa, 0x76, 0xda, 0x76, 0xfa, 0x76, 0xfa, 0x76,
    0xda, 0x76, 0xfa, 0x76, 0xda, 0x76, 0xfa, 0x76, 0xfa, 0x76, 0xda, 0x76,
    0xda, 0x76, 0xda, 0x76, 0xfa, 0x76, 0xda, 0x76, 0xfa, 0x76, 0xfa, 0x76,
    0xda, 0x76, 0xda, 0x76, 0xfa, 0x76, 0xda, 0x76, 0xda, 0x6e, 0xda, 0x76,
    0xda, 0x76, 0xfa, 0x76, 0xd9, 0x76, 0xfa, 0x76, 0xfa, 0x76, 0xda, 0x76,
    0xfa, 0x76, 0xda, 0x76, 0xf9, 0x76, 0xfa, 0x76, 0xda, 0x76, 0xfa, 0x76,
    0xd9, 0x76, 0xda, 0x76, 0xda, 0x76, 0xda, 0x76, 0xd9, 0x76, 0xda, 0x76,
    0xfa, 0x76, 0xf9, 0x76, 0xfa, 0x76, 0xda, 0x76, 0xda, 0x76, 0xda, 0x76,
    0xf9, 0x76, 0xfa, 0x76, 0xda, 0x76, 0xfa, 0x76, 0xda, 0x76, 0xda, 0x6e,
    0xf9, 0x76, 0xda, 0x76, 0xfa, 0x76, 0xd9, 0x76, 0xfa, 0x6e, 0xda, 0x76,
    0xda, 0x76, 0xfa, 0x76, 0xda, 0x76, 0xda, 0x76, 0xda, 0x76, 0xd9, 0x76,
    0xda, 0x76, 0xfa, 0x76, 0xd9, 0x76, 0xfa, 0x76, 0xda, 0x76, 0xd9, 0x76,
    0xfa, 0x76, 0xda, 0x76, 0xda, 0x76, 0xd9, 0x76, 0xfa, 0x76, 0xda, 0x76,
    0xf9, 0x76, 0xd9, 0x76, 0xda, 0x76, 0xd9, 0x76, 0xfa, 0x76, 0xfa, 0x76,
    0xda, 0x76, 0xda, 0x76, 0xfa, 0x76, 0xda, 0x76, 0xfa, 0x76, 0xf9, 0x7e,
    0xfa, 0x7e, 0xfa, 0x7e, 0xf9, 0x7e, 0xda, 0x7e, 0xfa, 0x76, 0xfa, 0x76,
    0xfa, 0x76, 0xfa, 0x76, 0xda, 0x76, 0xda, 0x76, 0xda, 0x76, 0xda, 0x76,
    0xfa, 0x76, 0xda, 0x76, 0xfa, 0x76, 0xda, 0x76, 0xd9, 0x76, 0xfa, 0x76,
    0xda, 0x76, 0xfa, 0x76, 0xda, 0x76, 0xda, 0x76, 0xd8, 0x76, 0x06, 0x55,
    0x06, 0x55, 0x06, 0x55, 0x06, 0x55, 0x06, 0x55, 0x06, 0x55, 0x07, 0x55,
    0xe7, 0x54, 0xe7, 0x4c, 0xe7, 0x4c, 0xe6, 0x54, 0xe7, 0x54, 0xe6, 0x54,
    0xe7, 0x54, 0xe7, 0x4c, 0xe7, 0x54, 0xc6, 0x54, 0xc7, 0x4c, 0xa7, 0x4c,
    0xa7, 0x4c, 0xa7, 0x4c, 0xa7, 0x4c, 0x66, 0xb4, 0x67, 0xc4, 0x86, 0xc4,
    0x87, 0xc4, 0x66, 0xc4, 0x86, 0xc4, 0x87, 0xc4, 0x67, 0xc4, 0x86, 0xc4,
    0x67, 0xc4, 0x66, 0xc4, 0x67, 0xc4, 0x66, 0xbc, 0x67, 0xbc, 0x27, 0xac,
    0xe6, 0xa3, 0x06, 0xac, 0x07, 0xac, 0xe6, 0xa3, 0xe6, 0xa3, 0xe7, 0xa3,
    0xc6, 0xbb, 0xc6, 0xbb, 0xc7, 0xc3, 0xe6, 0xbb, 0xe6, 0xc3, 0xc6, 0xbb,
    0xe7, 0xc3, 0xe6, 0xc3, 0xc6, 0xbb, 0xe7, 0xc3, 0xe7, 0xc3, 0xe6, 0xc3,
    0x66, 0xab, 0x26, 0xa3, 0x06, 0x9b, 0x07, 0xa3, 0x26, 0xa3, 0x27, 0xa3,
    0x06, 0xa3, 0x06, 0x9b, 0x06, 0xa3, 0x27, 0x9b, 0xa8, 0x83, 0x09, 0x45,
    0x09, 0x4d, 0x09, 0x4d, 0x09, 0x4d, 0x08, 0x55, 0x28, 0x55, 0x28, 0x5d,
    0x47, 0x5d, 0x47, 0x5d, 0x47, 0x5d, 0x47, 0x65, 0x47, 0x65, 0x47, 0x65,
    0x67, 0x65, 0xcc, 0x6d, 0x1a, 0x87, 0xfa, 0x86, 0xfa, 0x86, 0xfa, 0x86,
    0xfa, 0x86, 0x19, 0x87, 0x1a, 0x87, 0xfa, 0x86, 0x1a, 0x8f, 0x1a, 0x8f,
    0xf9, 0x8e, 0x1a, 0x8f, 0x1a, 0x8f, 0x1a, 0x8f, 0x1a, 0x8f, 0x19, 0x8f,
    0x1a, 0x8f, 0x1a, 0x8f, 0x1a, 0x8f, 0x1a, 0x97, 0x1a, 0x97, 0x1a, 0x97,
    0x39, 0x97, 0x1a, 0x97, 0x1a, 0x97, 0x3a, 0x97, 0x39, 0x97, 0x1a, 0x97,
    0x3a, 0x9f, 0x3a, 0x97, 0x3a, 0x9f, 0x39, 0x97, 0x3a, 0x97, 0x3a, 0x9f,
    0x3a, 0x9f, 0x3a, 0x9f, 0x3a, 0x9f, 0x3a, 0x97, 0x1a, 0x8f, 0xfa, 0x7e,
    0xda, 0x7e, 0xda, 0x76, 0xf9, 0x76, 0xfa, 0x76, 0xfa, 0x7e, 0xfa, 0x76,
    0xda, 0x76, 0xfa, 0x76, 0xfa, 0x76, 0xd9, 0x76, 0xd9, 0x76, 0xda, 0x76,
    0xfa, 0x76, 0xda, 0x76, 0xfa, 0x76, 0xda, 0x76, 0xd9, 0x76, 0xd9, 0x76,
    0xda, 0x76, 0xfa, 0x76, 0xda, 0x76, 0xfa, 0x76, 0xda, 0x76, 0xda, 0x76,
    0xda, 0x76, 0xf9, 0x76, 0xda, 0x76, 0xda, 0x76, 0xfa, 0x76, 0xfa, 0x76,
    0xfa, 0x76, 0xda, 0x76, 0xda, 0x76, 0xda, 0x76, 0xda, 0x76, 0xfa, 0x76,
    0xfa, 0x76, 0xda, 0x76, 0xda, 0x76, 0xd9, 0x76, 0xfa, 0x76, 0xda, 0x76,
    0xda, 0x76, 0xfa, 0x76, 0xfa, 0x76, 0xda, 0x76, 0xda, 0x76, 0xfa, 0x76,
    0xda, 0x76, 0xda, 0x76, 0xfa, 0x76, 0xda, 0x76, 0xd9, 0x76, 0xda, 0x76,
    0xda, 0x76, 0xda, 0x76, 0xda, 0x76, 0xf9, 0x76, 0xfa, 0x76, 0xfa, 0x76,
    0xda, 0x76, 0xda, 0x76, 0xda, 0x76, 0xf9, 0x6e, 0xda, 0x76, 0xda, 0x76,
    0xda, 0x76, 0xfa, 0x76, 0xd9, 0x76, 0xda, 0x76, 0xfa, 0x76, 0xda, 0x6e,
    0xfa, 0x76, 0xfa, 0x76, 0xda, 0x76, 0xda, 0x76, 0xf9, 0x76, 0xda, 0x76,
    0xfa, 0x76, 0xda, 0x76, 0xfa, 0x76, 0xda, 0x76, 0xda, 0x76, 0xda, 0x76,
    0xda, 0x76, 0xfa, 0x76, 0xfa, 0x76, 0xfa, 0x76, 0xda, 0x76, 0xd9, 0x76,
    0xfa, 0x76, 0xfa, 0x76, 0xda, 0x76, 0xfa, 0x7e, 0xfa, 0x7e, 0xfa, 0x86,
    0xfa, 0x7e, 0xfa, 0x86, 0xfa, 0x86, 0xfa, 0x7e, 0xfa, 0x7e, 0xfa, 0x7e,
    0xfa, 0x7e, 0xfa, 0x76, 0xd9, 0x76, 0xfa, 0x76, 0xfa, 0x76, 0xfa, 0x76,
    0xd9, 0x76, 0xfa, 0x76, 0xda, 0x76, 0xfa, 0x76, 0xda, 0x76, 0xfa, 0x76,
    0xfa, 0x76, 0xda, 0x76, 0xfa, 0x76, 0xfa, 0x76, 0x32, 0x6e, 0x06, 0x55,
    0x26, 0x5d, 0x06, 0x55, 0x07, 0x55, 0x06, 0x55, 0x07, 0x55, 0xe7, 0x4c,
    0xe7, 0x4c, 0xe7, 0x4c, 0xe7, 0x4c, 0xc7, 0x4c, 0xc7, 0x4c, 0xe7, 0x4c,
    0xe6, 0x4c, 0xc7, 0x4c, 0xc7, 0x4c, 0xc7, 0x4c, 0xc7, 0x4c, 0xc7, 0x4c,
    0xc7, 0x4c, 0xa7, 0x44, 0x67, 0xac, 0x86, 0xc4, 0x66, 0xc4, 0x87, 0xc4,
    0x66, 0xc4, 0x67, 0xc4, 0x66, 0xc4, 0x87, 0xc4, 0x66, 0xc4, 0x67, 0xc4,
    0x66, 0xbc, 0x67, 0xc4, 0x66, 0xbc, 0x67, 0xbc, 0x46, 0xbc, 0x27, 0xac,
    0xe6, 0xab, 0xe7, 0xa3, 0xe7, 0xa3, 0xe6, 0xa3, 0xe6, 0xa3, 0xc7, 0x9b,
    0xc6, 0xc3, 0xe6, 0xc3, 0xe6, 0xbb, 0xc6, 0xc3, 0xe7, 0xc3, 0xc6, 0xbb,
    0xc6, 0xbb, 0xc6, 0xc3, 0xe7, 0xc3, 0xc6, 0xbb, 0xe6, 0xc3, 0xe7, 0xbb,
    0x27, 0xa3, 0x26, 0xa3, 0x06, 0xa3, 0x06, 0x9b, 0x27, 0xa3, 0x26, 0xa3,
    0x27, 0x9b, 0x26, 0xa3, 0x27, 0xa3, 0x06, 0x9b, 0x26, 0x9b, 0xea, 0x3c,
    0xea, 0x44, 0xea, 0x44, 0xe9, 0x44, 0xe9, 0x4c, 0x09, 0x4d, 0x09, 0x55,
    0x08, 0x55, 0x27, 0x5d, 0x27, 0x5d, 0x27, 0x5d, 0x47, 0x65, 0x47, 0x65,
    0x67, 0x65, 0xaa, 0x6d, 0x1b, 0x87, 0x1b, 0x7f, 0x1a, 0x87, 0xfa, 0x86,
    0x1a, 0x87, 0xfa, 0x86, 0xfa, 0x86, 0xfa, 0x86, 0xfa, 0x86, 0x1a, 0x87,
    0xfa, 0x86, 0x19, 0x8f, 0x1a, 0x8f, 0xfa, 0x8e, 0x1a, 0x8f, 0x1a, 0x8f,
    0x1a, 0x97, 0x1a, 0x8f, 0x1a, 0x8f, 0x19, 0x8f, 0x1a, 0x8f, 0x1a, 0x8f,
    0x1a, 0x97, 0x1a, 0x97, 0x3a, 0x97, 0x1a, 0x97, 0x1a, 0x97, 0x3a, 0x9f,
    0x1a, 0x97, 0x3a, 0x9f, 0x39, 0x97, 0x3a, 0x9f, 0x1a, 0x9f, 0x3a, 0x9f,
    0x3a, 0x97, 0x3a, 0x9f, 0x3a, 0x9f, 0x3a, 0x97, 0x3a, 0x97, 0x1a, 0x87,
    0xfa, 0x7e, 0xfa, 0x7e, 0xfa, 0x76, 0xfa, 0x7e, 0xfa, 0x76, 0xfa, 0x76,
    0xd9, 0x7e, 0xda, 0x76, 0xfa, 0x76, 0xfa, 0x76, 0xda, 0x76, 0xfa, 0x76,
    0xda, 0x76, 0xf9, 0x76, 0xfa, 0x76, 0xda, 0x76, 0xfa, 0x76, 0xfa, 0x76,
    0xfa, 0x76, 0xda, 0x76, 0xfa, 0x76, 0xf9, 0x76, 0xda, 0x76, 0xfa, 0x76,
    0xfa, 0x76, 0xfa, 0x76, 0xda, 0x76, 0xfa, 0x76, 0xd9, 0x76, 0xfa, 0x76,
    0xda, 0x76, 0xf9, 0x76, 0xfa, 0x76, 0xda, 0x76, 0xda, 0x76, 0xd9, 0x76,
    0xfa, 0x76, 0xfa, 0x76, 0xda, 0x76, 0xfa, 0x76, 0xfa, 0x76, 0xfa, 0x76,
    0xda, 0x76, 0xfa, 0x76, 0xfa, 0x76, 0xfa, 0x76, 0xf9, 0x76, 0xfa, 0x76,
    0xda, 0x76, 0xfa, 0x76, 0xda, 0x76, 0xfa, 0x76, 0xfa, 0x76, 0xfa, 0x76,
    0xda, 0x76, 0xfa, 0x76, 0xf9, 0x76, 0xda, 0x76, 0xda, 0x76, 0xfa, 0x76,
    0xd9, 0x76, 0xfa, 0x76, 0xfa, 0x76, 0xda, 0x76, 0xfa, 0x76, 0xda, 0x76,
    0xfa, 0x76, 0xfa, 0x76, 0xfa, 0x76, 0xf9, 0x76, 0xfa, 0x76, 0xda, 0x76,
    0xfa, 0x76, 0xd9, 0x76, 0xfa, 0x76, 0xfa, 0x76, 0xda, 0x76, 0xfa, 0x76,
    0xda, 0x76, 0xfa, 0x76, 0xd9, 0x76, 0xda, 0x76, 0xfa, 0x76, 0xda, 0x76,
    0xfa, 0x76, 0xda, 0x76, 0xda, 0x76, 0xfa, 0x76, 0xfa, 0x76, 0xda, 0x76,
    0xfa, 0x76, 0xfa, 0x7e, 0xf9, 0x7e, 0xfa, 0x86, 0x1a, 0x87, 0xfa, 0x86,
    0x1a, 0x87, 0x1a, 0x87, 0xfa, 0x86, 0xfa, 0x86, 0xfa, 0x86, 0xf9, 0x7e,
    0xfa, 0x7e, 0xfa, 0x7e, 0xfa, 0x7e, 0xfa, 0x7e, 0xda, 0x76, 0xda, 0x76,
    0xfa, 0x76, 0xda, 0x76, 0xfa, 0x76, 0xda, 0x76, 0xda, 0x76, 0xfa, 0x76,
    0xd9, 0x76, 0xda, 0x76, 0xfa, 0x76, 0xfa, 0x7e, 0xad, 0x65, 0x27, 0x55,
    0x06, 0x55, 0x06, 0x55, 0x07, 0x55, 0x07, 0x55, 0xe6, 0x4c, 0xe7, 0x4c,
    0xe7, 0x4c, 0xe7, 0x4c, 0xe6, 0x4c, 0xc7, 0x4c, 0xc7, 0x4c, 0xc7, 0x4c,
    0xc7, 0x4c, 0xc6, 0x4c, 0xc7, 0x4c, 0xc7, 0x4c, 0xa7, 0x4c, 0xa7, 0x4c,
    0xa7, 0x44, 0x87, 0x9c, 0x67, 0xcc, 0x87, 0xc4, 0x87, 0xc4, 0x67, 0xc4,
    0x66, 0xc4, 0x67, 0xc4, 0x67, 0xc4, 0x86, 0xc4, 0x67, 0xc4, 0x67, 0xc4,
    0x67, 0xbc, 0x66, 0xc4, 0x67, 0xbc, 0x67, 0xc4, 0x27, 0xb4, 0xa6, 0xa3,
    0x67, 0x9b, 0x66, 0x9b, 0x67, 0x9b, 0x47, 0x9b, 0x67, 0x93, 0x66, 0x93,
    0xc6, 0xbb, 0xe6, 0xc3, 0xe6, 0xbb, 0xc6, 0xbb, 0xc6, 0xbb, 0xc6, 0xbb,
    0xe6, 0xc3, 0xc6, 0xbb, 0xc6, 0xbb, 0xc6, 0xbb, 0xe6, 0xbb, 0xe6, 0xbb,
    0x06, 0xa3, 0x06, 0xa3, 0x06, 0xa3, 0x27, 0xa3, 0x06, 0x9b, 0x06, 0x9b,
    0x26, 0xa3, 0x07, 0xa3, 0x26, 0x9b, 0x27, 0x9b, 0x06, 0xa3, 0x8a, 0x54,
    0xca, 0x44, 0xca, 0x44, 0xea, 0x44, 0xe9, 0x44, 0xe9, 0x44, 0xe9, 0x4c,
    0x09, 0x4d, 0x08, 0x55, 0x08, 0x55, 0x27, 0x5d, 0x47, 0x5d, 0x47, 0x65,
    0x47, 0x65, 0xcb, 0x6d, 0x73, 0x76, 0xcd, 0x6d, 0x0e, 0x6e, 0x95, 0x7e,
    0x1b, 0x87, 0xfa, 0x86, 0xfa, 0x86, 0x19, 0x87, 0x1a, 0x87, 0xfa, 0x86,
    0xfa, 0x86, 0x1a, 0x8f, 0xfa, 0x86, 0xf9, 0x8e, 0xfa, 0x8e, 0x1a, 0x8f,
    0x1a, 0x8f, 0x19, 0x8f, 0x1a, 0x8f, 0x1a, 0x8f, 0x1a, 0x8f, 0x1a, 0x8f,
    0x1a, 0x97, 0x1a, 0x97, 0x1a, 0x97, 0x19, 0x97, 0x3a, 0x97, 0x3a, 0x97,
    0x19, 0x97, 0x1a, 0x9f, 0x3a, 0x97, 0x3a, 0x97, 0x1a, 0x9f, 0x3a, 0x9f,
    0x39, 0x97, 0x3a, 0x9f, 0x3a, 0x97, 0x1a, 0x97, 0x3a, 0x97, 0x1a, 0x97,
    0xfa, 0x86, 0xfa, 0x7e, 0xfa, 0x7e, 0xda, 0x76, 0xda, 0x7e, 0xfa, 0x76,
    0xfa, 0x7e, 0xfa, 0x7e, 0xfa, 0x76, 0xfa, 0x7e, 0xda, 0x76, 0xfa, 0x76,
    0xfa, 0x76, 0xda, 0x76, 0xda, 0x7e, 0xfa, 0x76, 0xda, 0x76, 0xfa, 0x7e,
    0xfa, 0x7e, 0xda, 0x76, 0xda, 0x76, 0xfa, 0x76, 0xda, 0x76, 0xda, 0x76,
    0xfa, 0x76, 0xfa, 0x76, 0xda, 0x76, 0xfa, 0x76, 0xda, 0x76, 0xda, 0x76,
    0xfa, 0x76, 0xda, 0x76, 0xfa, 0x76, 0xfa, 0x76, 0xfa, 0x76, 0xd9, 0x76,
    0xda, 0x76, 0xfa, 0x76, 0xfa, 0x76, 0xda, 0x76, 0xda, 0x76, 0xfa, 0x76,
    0xd9, 0x76, 0xda, 0x76, 0xd9, 0x76, 0xda, 0x76, 0xfa, 0x76, 0xda, 0x76,
    0xd9, 0x76, 0xfa, 0x76, 0xd9, 0x76, 0xda, 0x76, 0xfa, 0x76, 0xd9, 0x76,
    0xfa, 0x76, 0xda, 0x76, 0xda, 0x76, 0xfa, 0x76, 0xda, 0x76, 0xda, 0x76,
    0xf9, 0x76, 0xda, 0x76, 0xda, 0x76, 0xfa, 0x76, 0xda, 0x76, 0xf9, 0x76,
    0xda, 0x76, 0xda, 0x76, 0xda, 0x76, 0xda, 0x76, 0xda, 0x76, 0xfa, 0x76,
    0xda, 0x76, 0xda, 0x76, 0xd9, 0x76, 0xfa, 0x76, 0xda, 0x76, 0xd9, 0x76,
    0xfa, 0x76, 0xda, 0x76, 0xfa, 0x76, 0xf9, 0x76, 0xfa, 0x76, 0xfa, 0x76,
    0xd9, 0x76, 0xfa, 0x76, 0xda, 0x76, 0xd9, 0x76, 0xfa, 0x76, 0xfa, 0x7e,
    0xfa, 0x7e, 0xf9, 0x7e, 0xfa, 0x86, 0x1a, 0x87, 0x1a, 0x8f, 0x19, 0x8f,
    0x19, 0x8f, 0x1a, 0x8f, 0x1a, 0x87, 0x1a, 0x87, 0x1a, 0x87, 0xfa, 0x86,
    0xfa, 0x7e, 0xfa, 0x7e, 0xf9, 0x7e, 0xfa, 0x76, 0xda, 0x76, 0xda, 0x76,
    0xfa, 0x76, 0xfa, 0x76, 0xfa, 0x76, 0xd9, 0x76, 0xfa, 0x7e, 0xda, 0x76,
    0xda, 0x76, 0xfa, 0x76, 0xda, 0x76, 0xfa, 0x7e, 0xad, 0x65, 0x07, 0x55,
    0x07, 0x55, 0x07, 0x55, 0xe7, 0x54, 0xe7, 0x54, 0xe7, 0x4c, 0xe7, 0x4c,
    0xe7, 0x4c, 0xc7, 0x4c, 0xc7, 0x4c, 0xc7, 0x4c, 0xc7, 0x4c, 0xc7, 0x4c,
    0xc7, 0x4c, 0xc7, 0x4c, 0xa7, 0x4c, 0xc7, 0x4c, 0xa7, 0x44, 0xa7, 0x44,
    0x87, 0x84, 0x87, 0xcc, 0x66, 0xcc, 0x66, 0xcc, 0x87, 0xc4, 0x67, 0xc4,
    0x66, 0xc4, 0x86, 0xc4, 0x66, 0xc4, 0x67, 0xc4, 0x66, 0xc4, 0x66, 0xbc,
    0x67, 0xc4, 0x66, 0xc4, 0x46, 0xbc, 0xe7, 0xab, 0x87, 0xa3, 0x87, 0x9b,
    0x46, 0x9b, 0x46, 0x93, 0x46, 0x93, 0x46, 0x93, 0x27, 0x93, 0x26, 0x93,
    0xc6, 0xc3, 0xc7, 0xbb, 0xc6, 0xbb, 0xc6, 0xc3, 0xc7, 0xc3, 0xe6, 0xc3,
    0xc6, 0xbb, 0xc7, 0xc3, 0xc6, 0xbb, 0xc6, 0xbb, 0xc7, 0xbb, 0xc6, 0xbb,
    0x06, 0xa3, 0x07, 0xa3, 0x26, 0x9b, 0x07, 0xa3, 0x26, 0x9b, 0x07, 0xa3,
    0x06, 0x9b, 0x06, 0x9b, 0x27, 0xa3, 0x27, 0xa3, 0x26, 0x9b, 0xe9, 0x6b,
    0xca, 0x3c, 0xca, 0x3c, 0xea, 0x44, 0xca, 0x44, 0xca, 0x44, 0xe9, 0x44,
    0xe9, 0x4c, 0x08, 0x4d, 0x08, 0x4d, 0x28, 0x5d, 0x27, 0x5d, 0x47, 0x65,
    0x47, 0x5d, 0x47, 0x65, 0x67, 0x65, 0x67, 0x65, 0x67, 0x65, 0x67, 0x65,
    0xaa, 0x6d, 0xf9, 0x7e, 0xfa, 0x86, 0xfa, 0x86, 0x1a, 0x87, 0x1a, 0x8f,
    0xfa, 0x8e, 0x19, 0x87, 0x1a, 0x87, 0xfa, 0x86, 0x19, 0x87, 0xfa, 0x8e,
    0x1a, 0x8f, 0x1a, 0x8f, 0x1a, 0x8f, 0x19, 0x8f, 0x1a, 0x8f, 0x19, 0x8f,
    0x19, 0x8f, 0x1a, 0x8f, 0x1a, 0x97, 0x19, 0x97, 0x1a, 0x97, 0x3a, 0x97,
    0x1a, 0x97, 0x1a, 0x97, 0x3a, 0x9f, 0x3a, 0x97, 0x39, 0x97, 0x3a, 0x97,
    0x1a, 0x97, 0x3a, 0x9f, 0x3a, 0x9f, 0x3a, 0x9f, 0x3a, 0x97, 0x39, 0x97,
    0x1a, 0x8f, 0xfa, 0x7e, 0xfa, 0x7e, 0xfa, 0x7e, 0xf9, 0x7e, 0xfa, 0x76,
    0xfa, 0x76, 0xda, 0x7e, 0xfa, 0x76, 0xfa, 0x76, 0xf9, 0x7e, 0xfa, 0x7e,
    0xfa, 0x76, 0xfa, 0x7e, 0xfa, 0x7e, 0xfa, 0x76, 0xf9, 0x76, 0xd9, 0x7e,
    0xfa, 0x76, 0xfa, 0x7e, 0xfa, 0x7e, 0xfa, 0x76, 0xf9, 0x7e, 0xd9, 0x76,
    0xda, 0x76, 0xda, 0x7e, 0xf9, 0x76, 0xfa, 0x76, 0xfa, 0x7e, 0xfa, 0x76,
    0xfa, 0x76, 0xda, 0x76, 0xd9, 0x76, 0xfa, 0x76, 0xfa, 0x76, 0xfa, 0x7e,
    0xfa, 0x76, 0xfa, 0x76, 0xd9, 0x76, 0xf9, 0x76, 0xfa, 0x7e, 0xda, 0x76,
    0xfa, 0x76, 0xfa, 0x76, 0xfa, 0x76, 0xda, 0x76, 0xda, 0x76, 0xfa, 0x76,
    0xfa, 0x76, 0xfa, 0x76, 0xda, 0x76, 0xfa, 0x76, 0xda, 0x76, 0xda, 0x76,
    0xfa, 0x76, 0xfa, 0x76, 0xfa, 0x76, 0xd9, 0x76, 0xfa, 0x76, 0xfa, 0x76,
    0xda, 0x76, 0xda, 0x76, 0xfa, 0x76, 0xda, 0x76, 0xfa, 0x76, 0xda, 0x76,
    0xfa, 0x76, 0xf9, 0x76, 0xda, 0x76, 0xfa, 0x76, 0xd9, 0x76, 0xfa, 0x76,
    0xfa, 0x76, 0xda, 0x76, 0xfa, 0x76, 0xfa, 0x76, 0xda, 0x76, 0xfa, 0x76,
    0xfa, 0x76, 0xda, 0x76, 0xda, 0x76, 0xfa, 0x76, 0xda, 0x76, 0xda, 0x76,
    0xfa, 0x7e, 0xfa, 0x76, 0xfa, 0x7e, 0xfa, 0x7e, 0xfa, 0x7e, 0xfa, 0x86,
    0xf9, 0x86, 0x1a, 0x8f, 0x1a, 0x8f, 0x1a, 0x8f, 0x1a, 0x8f, 0x1a, 0x8f,
    0x1a, 0x8f, 0x1a, 0x8f, 0x19, 0x8f, 0x1a, 0x8f, 0x1a, 0x87, 0xf9, 0x86,
    0xfa, 0x86, 0xfa, 0x7e, 0xfa, 0x7e, 0xfa, 0x7e, 0xfa, 0x76, 0xfa, 0x7e,
    0xd9, 0x7e, 0xda, 0x7e, 0xfa, 0x76, 0xfa, 0x7e, 0xda, 0x76, 0xfa, 0x7e,
    0xfa, 0x7e, 0xfa, 0x7e, 0xfa, 0x76, 0xfa, 0x7e, 0xef, 0x65, 0x06, 0x55,
    0x07, 0x55, 0x07, 0x55, 0x07, 0x55, 0xe7, 0x4c, 0xe7, 0x4c, 0xe7, 0x4c,
    0xc7, 0x4c, 0xc7, 0x4c, 0xc7, 0x4c, 0xc7, 0x4c, 0xc7, 0x4c, 0xc7, 0x4c,
    0xa7, 0x4c, 0xa7, 0x4c, 0xa7, 0x44, 0xa8, 0x4c, 0x87, 0x4c, 0x87, 0x64,
    0x67, 0xcc, 0x67, 0xcc, 0x86, 0xc4, 0x67, 0xc4, 0x67, 0xcc, 0x66, 0xc4,
    0x67, 0xc4, 0x67, 0xc4, 0x66, 0xc4, 0x67, 0xc4, 0x67, 0xc4, 0x67, 0xc4,
    0x66, 0xc4, 0x27, 0xbc, 0xc6, 0xab, 0xa7, 0xab, 0x66, 0xa3, 0x67, 0x9b,
    0x47, 0x9b, 0x27, 0x93, 0x27, 0x93, 0x26, 0x93, 0x26, 0x93, 0x27, 0x93,
    0xc6, 0xbb, 0xc6, 0xbb, 0xc6, 0xc3, 0xc7, 0xbb, 0xc6, 0xbb, 0xc6, 0xbb,
    0xc6, 0xbb, 0xe6, 0xc3, 0xc7, 0xbb, 0xc6, 0xbb, 0xc6, 0xc3, 0x86, 0xb3,
    0x06, 0x9b, 0x06, 0xa3, 0x06, 0x9b, 0x06, 0xa3, 0x06, 0xa3, 0x07, 0xa3,
    0x06, 0x9b, 0x06, 0xa3, 0x27, 0xa3, 0x06, 0x9b, 0x26, 0x9b, 0x67, 0x8b,
    0xeb, 0x34, 0xca, 0x3c, 0xca, 0x3c, 0xca, 0x44, 0xca, 0x3c, 0xea, 0x44,
    0xe9, 0x44, 0xe9, 0x4c, 0x09, 0x4d, 0x08, 0x55, 0x27, 0x5d, 0x47, 0x5d,
    0x47, 0x65, 0x47, 0x65, 0x67, 0x65, 0x67, 0x65, 0x67, 0x65, 0x67, 0x65,
    0x67, 0x65, 0x68, 0x65, 0xf9, 0x86, 0xfa, 0x86, 0xfa, 0x86, 0xfa, 0x86,
    0x19, 0x87, 0xfa, 0x86, 0xfa, 0x86, 0x1a, 0x8f, 0x1a, 0x87, 0xfa, 0x86,
    0x1a, 0x87, 0xf9, 0x86, 0xfa, 0x8e, 0x1a, 0x8f, 0x1a, 0x8f, 0x1a, 0x8f,
    0x1a, 0x8f, 0x19, 0x8f, 0x1a, 0x8f, 0x1a, 0x97, 0x1a, 0x97, 0x1a, 0x97,
    0x19, 0x97, 0x1a, 0x97, 0x3a, 0x97, 0x1a, 0x97, 0x3a, 0x9f, 0x3a, 0x97,
    0x1a, 0x97, 0x3a, 0x97, 0x3a, 0x97, 0x1a, 0x97, 0x3a, 0x97, 0x1a, 0x97,
    0x19, 0x8f, 0xfa, 0x86, 0xfa, 0x7e, 0xfa, 0x7e, 0xfa, 0x76, 0xfa, 0x7e,
    0xfa, 0x7e, 0xda, 0x76, 0xfa, 0x7e, 0xfa, 0x7e, 0xda, 0x76, 0xfa, 0x7e,
    0xfa, 0x7e, 0xf9, 0x76, 0xfa, 0x7e, 0xfa, 0x7e, 0xfa, 0x76, 0xfa, 0x7e,
    0xfa, 0x76, 0xfa, 0x7e, 0xfa, 0x76, 0xf9, 0x76, 0xfa, 0x7e, 0xfa, 0x76,
    0xfa, 0x7e, 0xfa, 0x76, 0xda, 0x76, 0xda, 0x7e, 0xfa, 0x7e, 0xd9, 0x76,
    0xfa, 0x7e, 0xfa, 0x7e, 0xfa, 0x7e, 0xfa, 0x76, 0xd9, 0x7e, 0xfa, 0x7e,
    0xfa, 0x76, 0xda, 0x7e, 0xda, 0x7e, 0xfa, 0x76, 0xfa, 0x76, 0xfa, 0x7e,
    0xda, 0x7e, 0xfa, 0x7e, 0xfa, 0x76, 0xfa, 0x7e, 0xfa, 0x7e, 0xfa, 0x7e,
    0xfa, 0x7e, 0xfa, 0x76, 0xda, 0x76, 0xf9, 0x7e, 0xfa, 0x7e, 0xda, 0x76,
    0xfa, 0x7e, 0xfa, 0x76, 0xfa, 0x76, 0xda, 0x76, 0xfa, 0x76, 0xfa, 0x76,
    0xda, 0x76, 0xf9, 0x76, 0xf9, 0x7e, 0xfa, 0x7e, 0xda, 0x76, 0xda, 0x7e,
    0xfa, 0x7e, 0xfa, 0x76, 0xda, 0x7e, 0xfa, 0x76, 0xfa, 0x7e, 0xfa, 0x7e,
    0xda, 0x76, 0xda, 0x7e, 0xfa, 0x7e, 0xfa, 0x76, 0xfa, 0x7e, 0xda, 0x76,
    0xfa, 0x7e, 0xfa, 0x7e, 0xda, 0x76, 0xda, 0x7e, 0xf9, 0x7e, 0xfa, 0x7e,
    0xfa, 0x7e, 0xf9, 0x86, 0xfa, 0x86, 0xfa, 0x86, 0x1a, 0x87, 0x1a, 0x8f,
    0x1a, 0x8f, 0x1a, 0x8f, 0x1a, 0x8f, 0x1a, 0x8f, 0x1a, 0x8f, 0x1a, 0x87,
    0x1a, 0x8f, 0x1a, 0x87, 0x1a, 0x87, 0xf9, 0x86, 0xfa, 0x7e, 0xfa, 0x7e,
    0xfa, 0x7e, 0xfa, 0x7e, 0xfa, 0x7e, 0xda, 0x76, 0xfa, 0x76, 0xfa, 0x7e,
    0xfa, 0x7e, 0xfa, 0x76, 0xfa, 0x7e, 0xfa, 0x76, 0xda, 0x76, 0xfa, 0x7e,
    0xfa, 0x76, 0xda, 0x76, 0xfa, 0x7e, 0xda, 0x76, 0x97, 0x76, 0xe6, 0x4c,
    0x07, 0x55, 0x07, 0x4d, 0xe7, 0x4c, 0xe7, 0x4c, 0xe7, 0x4c, 0xe7, 0x4c,
    0xc7, 0x44, 0xc7, 0x44, 0xc8, 0x44, 0xc7, 0x44, 0xc8, 0x44, 0xa7, 0x44,
    0xa7, 0x44, 0xa8, 0x44, 0xa8, 0x44, 0xa8, 0x44, 0x87, 0x4c, 0x67, 0xc4,
    0x67, 0xc4, 0x66, 0xcc, 0x67, 0xc4, 0x67, 0xc4, 0x66, 0xcc, 0x66, 0xc4,
    0x87, 0xcc, 0x66, 0xc4, 0x67, 0xc4, 0x66, 0xc4, 0x67, 0xc4, 0x66, 0xc4,
    0xe7, 0xb3, 0xa7, 0xab, 0xa7, 0xab, 0x86, 0xab, 0x66, 0x9b, 0x46, 0x93,
    0x26, 0x9b, 0x27, 0x93, 0x27, 0x93, 0x26, 0x93, 0x27, 0x93, 0x26, 0x93,
    0xa6, 0xbb, 0xc6, 0xbb, 0xc6, 0xc3, 0xc6, 0xbb, 0xc6, 0xbb, 0xc6, 0xc3,
    0xc6, 0xc3, 0xc6, 0xbb, 0xc6, 0xbb, 0xc6, 0xbb, 0xc6, 0xbb, 0x47, 0xab,
    0x07, 0xa3, 0x06, 0xa3, 0x27, 0xa3, 0x06, 0x9b, 0x26, 0xa3, 0x06, 0x9b,
    0x27, 0x9b, 0x06, 0xa3, 0x26, 0x9b, 0x07, 0xa3, 0x27, 0xa3, 0x27, 0x9b,
    0xcb, 0x3c, 0xcb, 0x3c, 0xca, 0x3c, 0xca, 0x3c, 0xca, 0x3c, 0xca, 0x44,
    0xe9, 0x44, 0xe9, 0x44, 0xe9, 0x4c, 0x08, 0x55, 0x28, 0x55, 0x28, 0x5d,
    0x47, 0x5d, 0x47, 0x65, 0x47, 0x65, 0x47, 0x65, 0x47, 0x65, 0x47, 0x65,
    0x47, 0x65, 0x68, 0x65, 0xab, 0x6d, 0x1a, 0x87, 0xfa, 0x86, 0xfa, 0x86,
    0xfa, 0x86, 0xfa, 0x86, 0x1a, 0x87, 0xf9, 0x86, 0xfa, 0x86, 0x1a, 0x87,
    0xf9, 0x86, 0xfa, 0x86, 0xfa, 0x8e, 0xfa, 0x86, 0xfa, 0x8e, 0x1a, 0x8f,
    0x1a, 0x8f, 0x1a, 0x8f, 0x1a, 0x8f, 0x1a, 0x8f, 0x19, 0x97, 0x1a, 0x8f,
    0x1a, 0x97, 0x1a, 0x97, 0x1a, 0x97, 0x19, 0x97, 0x1a, 0x97, 0x1a, 0x97,
    0x3a, 0x97, 0x19, 0x97, 0x1a, 0x97, 0x1a, 0x97, 0x3a, 0x97, 0x1a, 0x97,
    0x1a, 0x8f, 0x1a, 0x87, 0xfa, 0x7e, 0xfa, 0x7e, 0xfa, 0x7e, 0xfa, 0x7e,
    0xda, 0x7e, 0xfa, 0x7e, 0xfa, 0x7e, 0xfa, 0x7e, 0xfa, 0x76, 0xfa, 0x76,
    0xfa, 0x7e, 0xda, 0x76, 0xfa, 0x7e, 0xda, 0x7e, 0xfa, 0x7e, 0xda, 0x76,
    0xfa, 0x7e, 0xfa, 0x7e, 0xda, 0x76, 0xfa, 0x7e, 0xfa, 0x7e, 0xfa, 0x76,
    0xfa, 0x7e, 0xfa, 0x7e, 0xda, 0x76, 0xfa, 0x7e, 0xfa, 0x76, 0xfa, 0x76,
    0xfa, 0x7e, 0xfa, 0x76, 0xfa, 0x7e, 0xfa, 0x7e, 0xfa, 0x76, 0xda, 0x76,
    0xfa, 0x7e, 0xfa, 0x76, 0xfa, 0x7e, 0xfa, 0x7e, 0xfa, 0x76, 0xfa, 0x76,
    0xfa, 0x7e, 0xf9, 0x76, 0xfa, 0x76, 0xfa, 0x7e, 0xfa, 0x76, 0xd9, 0x76,
    0xfa, 0x7e, 0xfa, 0x76, 0xfa, 0x76, 0xfa, 0x7e, 0xfa, 0x76, 0xfa, 0x76,
    0xf9, 0x7e, 0xfa, 0x7e, 0xfa, 0x76, 0xf9, 0x76, 0xfa, 0x7e, 0xfa, 0x7e,
    0xfa, 0x76, 0xfa, 0x7e, 0xfa, 0x7e, 0xfa, 0x76, 0xfa, 0x76, 0xf9, 0x76,
    0xda, 0x7e, 0xfa, 0x76, 0xfa, 0x76, 0xfa, 0x7e, 0xfa, 0x76, 0xfa, 0x7e,
    0xf9, 0x76, 0xfa, 0x7e, 0xda, 0x76, 0xf9, 0x7e, 0xfa, 0x76, 0xfa, 0x7e,
    0xf9, 0x7e, 0xfa, 0x76, 0xfa, 0x7e, 0xfa, 0x7e, 0xf9, 0x7e, 0xfa, 0x86,
    0x1a, 0x87, 0xf9, 0x86, 0xfa, 0x86, 0x1a, 0x87, 0x1a, 0x87, 0x1a, 0x87,
    0x1a, 0x87, 0x1a, 0x87, 0xfa, 0x86, 0x1a, 0x87, 0xf9, 0x7e, 0xfa, 0x7e,
    0xfa, 0x7e, 0xfa, 0x7e, 0xfa, 0x7e, 0xfa, 0x7e, 0xfa, 0x7e, 0xfa, 0x7e,
    0xfa, 0x76, 0xfa, 0x76, 0xfa, 0x7e, 0xfa, 0x7e, 0xda, 0x76, 0xfa, 0x76,
    0xda, 0x76, 0xfa, 0x7e, 0xfa, 0x76, 0xfa, 0x7e, 0xfa, 0x7e, 0xfa, 0x76,
    0xfa, 0x7e, 0xfa, 0x76, 0xfa, 0x7e, 0xda, 0x7e, 0xfb, 0x7e, 0x6b, 0x5d,
    0x07, 0x4d, 0xe7, 0x4c, 0xe7, 0x4c, 0xe7, 0x4c, 0xc7, 0x4c, 0xc8, 0x4c,
    0xc7, 0x44, 0xa8, 0x44, 0xa8, 0x44, 0xc8, 0x44, 0xa8, 0x4c, 0xa8, 0x44,
    0xa8, 0x44, 0xa8, 0x44, 0xa7, 0x44, 0xa7, 0x44, 0x47, 0xac, 0x66, 0xc4,
    0x67, 0xcc, 0x66, 0xc4, 0x67, 0xc4, 0x67, 0xcc, 0x66, 0xc4, 0x67, 0xc4,
    0x66, 0xc4, 0x67, 0xc4, 0x67, 0xc4, 0x66, 0xc4, 0x47, 0xc4, 0xc7, 0xb3,
    0xa6, 0xab, 0xa7, 0xab, 0x87, 0xab, 0x67, 0xa3, 0x47, 0x9b, 0x46, 0x9b,
    0x27, 0x93, 0x26, 0x93, 0x27, 0x93, 0x06, 0x93, 0x07, 0x8b, 0x07, 0x8b,
    0x46, 0xab, 0x46, 0xab, 0x86, 0xb3, 0xa6, 0xbb, 0xc6, 0xbb, 0xc6, 0xbb,
    0xc7, 0xbb, 0xa6, 0xbb, 0xa6, 0xbb, 0xc6, 0xbb, 0xc6, 0xc3, 0x26, 0xa3,
    0x06, 0xa3, 0x06, 0xa3, 0x06, 0x9b, 0x27, 0xa3, 0x06, 0x9b, 0x27, 0xa3,
    0x06, 0xa3, 0x27, 0x9b, 0x06, 0xa3, 0x26, 0x9b, 0x26, 0x9b, 0x06, 0xa3,
    0x6a, 0x54, 0xcb, 0x3c, 0xca, 0x3c, 0xca, 0x3c, 0xca, 0x3c, 0xca, 0x3c,
    0xca, 0x3c, 0xea, 0x44, 0xe9, 0x4c, 0xe9, 0x4c, 0x08, 0x55, 0x28, 0x55,
    0x28, 0x5d, 0x27, 0x5d, 0x47, 0x65, 0x47, 0x65, 0x47, 0x65, 0x47, 0x65,
    0x47, 0x65, 0x48, 0x65, 0x47, 0x5d, 0x96, 0x7e, 0xfa, 0x7e, 0xfa, 0x86,
    0xfa, 0x86, 0xfa, 0x86, 0xfa, 0x86, 0xfa, 0x86, 0xfa, 0x86, 0xfa, 0x86,
    0xfa, 0x86, 0x1a, 0x87, 0x1a, 0x87, 0x1a, 0x87, 0x19, 0x8f, 0x1a, 0x8f,
    0x1a, 0x8f, 0x19, 0x8f, 0x1a, 0x8f, 0x1a, 0x8f, 0x1a, 0x8f, 0x19, 0x8f,
    0x19, 0x97, 0x1a, 0x8f, 0x3a, 0x97, 0x3a, 0x97, 0x1a, 0x97, 0x3a, 0x97,
    0x3a, 0x97, 0x1a, 0x97, 0x3a, 0x97, 0x3a, 0x97, 0x19, 0x97, 0x1a, 0x97,
    0x1a, 0x8f, 0x1a, 0x87, 0xfa, 0x86, 0xfa, 0x86, 0xfa, 0x7e, 0xfa, 0x7e,
    0xfa, 0x7e, 0xf9, 0x7e, 0xf9, 0x76, 0xfa, 0x7e, 0xfa, 0x7e, 0xfa, 0x7e,
    0xfa, 0x7e, 0xfa, 0x76, 0xfa, 0x7e, 0xfa, 0x7e, 0xfa, 0x76, 0xfa, 0x7e,
    0xda, 0x7e, 0xfa, 0x76, 0xfa, 0x7e, 0xfa, 0x7e, 0xfa, 0x76, 0xda, 0x7e,
    0xfa, 0x7e, 0xfa, 0x7e, 0xfa, 0x7e, 0xfa, 0x7e, 0xfa, 0x76, 0xfa, 0x7e,
    0xfa, 0x7e, 0xda, 0x76, 0xfa, 0x7e, 0xfa, 0x76, 0xfa, 0x7e, 0xfa, 0x7e,
    0xfa, 0x76, 0xfa, 0x7e, 0xfa, 0x7e, 0xfa, 0x76, 0xfa, 0x7e, 0xda, 0x7e,
    0xfa, 0x7e, 0xfa, 0x7e, 0xda, 0x76, 0xfa, 0x7e, 0xfa, 0x76, 0xfa, 0x7e,
    0xda, 0x76, 0xfa, 0x7e, 0xfa, 0x7e, 0xfa, 0x76, 0xda, 0x7e, 0xfa, 0x76,
    0xd9, 0x7e, 0xda, 0x7e, 0xfa, 0x76, 0xfa, 0x7e, 0xda, 0x7e, 0xfa, 0x76,
    0xfa, 0x7e, 0xda, 0x76, 0xda, 0x76, 0xfa, 0x7e, 0xfa, 0x7e, 0xf9, 0x76,
    0xfa, 0x7e, 0xfa, 0x7e, 0xda, 0x7e, 0xfa, 0x76, 0xfa, 0x76, 0xda, 0x7e,
    0xf9, 0x76, 0xfa, 0x76, 0xfa, 0x7e, 0xfa, 0x76, 0xfa, 0x76, 0xda, 0x7e,
    0xfa, 0x7e, 0xfa, 0x76, 0xfa, 0x76, 0xfa, 0x7e, 0xfa, 0x7e, 0xfa, 0x7e,
    0xfa, 0x7e, 0xfa, 0x7e, 0xfa, 0x7e, 0xfa, 0x7e, 0xf9, 0x7e, 0xfa, 0x7e,
    0xfa, 0x7e, 0xfa, 0x76, 0xfa, 0x76, 0xfa, 0x7e, 0xfa, 0x7e, 0xfa, 0x7e,
    0xfa, 0x7e, 0xfa, 0x7e, 0xfa, 0x76, 0xfa, 0x7e, 0xfa, 0x7e, 0xfa, 0x7e,
    0xfa, 0x76, 0xda, 0x7e, 0xfa, 0x76, 0xfa, 0x7e, 0xf9, 0x7e, 0xfa, 0x76,
    0xfa, 0x7e, 0xfa, 0x76, 0xfa, 0x7e, 0xd9, 0x7e, 0xfa, 0x76, 0xfa, 0x7e,
    0xda, 0x76, 0xfa, 0x7e, 0xfa, 0x76, 0xfa, 0x7e, 0xfa, 0x7e, 0xf9, 0x7e,
    0x08, 0x4d, 0xe7, 0x4c, 0xe7, 0x4c, 0xe7, 0x4c, 0xe7, 0x4c, 0xc8, 0x44,
    0xc8, 0x44, 0xa8, 0x44, 0xa8, 0x44, 0xa7, 0x44, 0xc7, 0x44, 0xa8, 0x44,
    0xa8, 0x4c, 0xa7, 0x44, 0x87, 0x44, 0x67, 0x74, 0x47, 0xcc, 0x66, 0xc4,
    0x66, 0xc4, 0x67, 0xc4, 0x66, 0xc4, 0x66, 0xc4, 0x67, 0xc4, 0x67, 0xc4,
    0x66, 0xc4, 0x67, 0xc4, 0x66, 0xc4, 0x26, 0xbc, 0xa7, 0xab, 0xa7, 0xab,
    0xa6, 0xab, 0x87, 0xab, 0x86, 0xab, 0x46, 0x9b, 0x47, 0x9b, 0x26, 0x93,
    0x06, 0x93, 0x07, 0x93, 0x06, 0x8b, 0x06, 0x93, 0x07, 0x8b, 0x06, 0x8b,
    0x46, 0xab, 0x46, 0xab, 0x26, 0xab, 0x47, 0xab, 0x66, 0xab, 0xa6, 0xbb,
    0xa6, 0xbb, 0xa6, 0xbb, 0xc6, 0xbb, 0xa6, 0xbb, 0xa6, 0xbb, 0x06, 0xa3,
    0x06, 0xa3, 0x07, 0x9b, 0x06, 0x9b, 0x06, 0xa3, 0x06, 0xa3, 0x07, 0x9b,
    0x06, 0xa3, 0x26, 0x9b, 0x07, 0xa3, 0x06, 0xa3, 0x27, 0x9b, 0x27, 0x9b,
    0xc8, 0x6b, 0xcb, 0x34, 0xab, 0x34, 0xcb, 0x3c, 0xcb, 0x3c, 0xca, 0x3c,
    0xca, 0x44, 0xca, 0x44, 0xe9, 0x44, 0xe9, 0x44, 0x09, 0x4d, 0x08, 0x55,
    0x28, 0x5d, 0x48, 0x5d, 0x27, 0x5d, 0x48, 0x5d, 0x48, 0x65, 0x47, 0x5d,
    0x48, 0x65, 0x48, 0x65, 0x68, 0x65, 0x0f, 0x6e, 0x1a, 0x7f, 0xfa, 0x7e,
    0x1a, 0x7f, 0xfa, 0x86, 0xfa, 0x7e, 0x1a, 0x7f, 0xfa, 0x86, 0xfa, 0x86,
    0xfa, 0x86, 0xfa, 0x86, 0xfa, 0x86, 0xf9, 0x86, 0x1a, 0x87, 0xfa, 0x86,
    0xfa, 0x86, 0x19, 0x8f, 0xfa, 0x8e, 0x1a, 0x8f, 0x1a, 0x8f, 0x1a, 0x8f,
    0x1a, 0x8f, 0x1a, 0x8f, 0x1a, 0x8f, 0x19, 0x8f, 0x1a, 0x8f, 0x1a, 0x8f,
    0x1a, 0x97, 0x1a, 0x8f, 0x1a, 0x8f, 0x1a, 0x8f, 0x1a, 0x97, 0x1a, 0x8f,
    0x1a, 0x8f, 0x1a, 0x8f, 0x1a, 0x87, 0x1a, 0x87, 0x1a, 0x87, 0xfa, 0x86,
    0x1a, 0x87, 0xfa, 0x86, 0xfa, 0x7e, 0xfa, 0x7e, 0xfa, 0x7e, 0xfa, 0x7e,
    0xfa, 0x7e, 0xfa, 0x7e, 0xfa, 0x7e, 0xfa, 0x7e, 0xfa, 0x7e, 0xfa, 0x7e,
    0xfa, 0x7e, 0xfa, 0x7e, 0xfa, 0x7e, 0xfa, 0x7e, 0xfa, 0x7e, 0xfa, 0x7e,
    0xfa, 0x76, 0xfa, 0x7e, 0xfa, 0x7e, 0xfa, 0x7e, 0xfa, 0x7e, 0xfa, 0x7e,
    0xfa, 0x7e, 0xf9, 0x76, 0xfa, 0x7e, 0xfa, 0x7e, 0xfa, 0x7e, 0xfa, 0x7e,
    0xfa, 0x76, 0xfa, 0x7e, 0xf9, 0x7e, 0xfa, 0x76, 0xfa, 0x7e, 0xf9, 0x7e,
    0xfa, 0x76, 0xfa, 0x7e, 0xfa, 0x7e, 0xfa, 0x7e, 0xfa, 0x7e, 0xfa, 0x76,
    0xfa, 0x7e, 0xf9, 0x7e, 0xda, 0x7e, 0xfa, 0x7e, 0xfa, 0x7e, 0xfa, 0x7e,
    0xfa, 0x76, 0xfa, 0x7e, 0xfa, 0x7e, 0xfa, 0x76, 0xfa, 0x7e, 0xfa, 0x7e,
    0xfa, 0x76, 0xfa, 0x7e, 0xfa, 0x7e, 0xfa, 0x7e, 0xfa, 0x7e, 0xda, 0x76,
    0xfa, 0x7e, 0xfa, 0x7e, 0xf9, 0x76, 0xfa, 0x7e, 0xfa, 0x7e, 0xfa, 0x7e,
    0xda, 0x76, 0xfa, 0x7e, 0xfa, 0x7e, 0xfa, 0x7e, 0xda, 0x7e, 0xfa, 0x76,
    0xfa, 0x7e, 0xfa, 0x7e, 0xfa, 0x7e, 0xfa, 0x76, 0xfa, 0x7e, 0xfa, 0x76,
    0xfa, 0x76, 0xfa, 0x7e, 0xfa, 0x76, 0xfa, 0x7e, 0xfa, 0x76, 0xfa, 0x7e,
    0xfa, 0x7e, 0xfa, 0x7e, 0xfa, 0x7e, 0xfa, 0x7e, 0xfa, 0x7e, 0xfa, 0x76,
    0xfa, 0x7e, 0xfa, 0x7e, 0xfa, 0x76, 0xda, 0x7e, 0xfa, 0x7e, 0xfa, 0x76,
    0xda, 0x7e, 0xfa, 0x7e, 0xfa, 0x76, 0xfa, 0x7e, 0xfa, 0x7e, 0xda, 0x7e,
    0xfa, 0x7e, 0xfa, 0x7e, 0xfa, 0x76, 0xda, 0x76, 0xfa, 0x7e, 0xfa, 0x7e,
    0xda, 0x7e, 0xf9, 0x7e, 0xfa, 0x76, 0xfa, 0x76, 0xfa, 0x7e, 0xfa, 0x7e,
    0x76, 0x76, 0xc7, 0x4c, 0xe8, 0x4c, 0xe8, 0x4c, 0xc8, 0x44, 0xc8, 0x44,
    0xc8, 0x44, 0xa8, 0x44, 0xa8, 0x44, 0xc8, 0x44, 0xa8, 0x44, 0xa8, 0x44,
    0xa8, 0x44, 0xa8, 0x44, 0x88, 0x44, 0x06, 0xb4, 0x47, 0xbc, 0x47, 0xc4,
    0x46, 0xc4, 0x67, 0xc4, 0x47, 0xc4, 0x67, 0xcc, 0x67, 0xcc, 0x66, 0xc4,
    0x47, 0xc4, 0x67, 0xcc, 0x07, 0xbc, 0xa7, 0xb3, 0xa7, 0xb3, 0x87, 0xab,
    0xa7, 0xab, 0x87, 0xab, 0x86, 0xab, 0x47, 0x9b, 0x27, 0x93, 0x07, 0x93,
    0x06, 0x93, 0x07, 0x8b, 0x07, 0x93, 0x06, 0x8b, 0xe6, 0x8a, 0xe7, 0x8a,
    0x26, 0xab, 0x26, 0xa3, 0x26, 0xa3, 0x26, 0xab, 0x27, 0xab, 0x26, 0xa3,
    0x66, 0xb3, 0xa6, 0xbb, 0xa6, 0xbb, 0xa6, 0xbb, 0x87, 0xbb, 0x06, 0xa3,
    0x06, 0x9b, 0x07, 0xa3, 0x26, 0xa3, 0x06, 0x9b, 0x06, 0x9b, 0x06, 0xa3,
    0x27, 0xa3, 0x06, 0x9b, 0x26, 0x9b, 0x07, 0xa3, 0x27, 0xa3, 0x26, 0x9b,
    0x47, 0x8b, 0xcc, 0x34, 0xab, 0x34, 0xab, 0x34, 0xcb, 0x3c, 0xca, 0x3c,
    0xca, 0x3c, 0xca, 0x3c, 0xca, 0x44, 0xe9, 0x44, 0xe9, 0x4c, 0x08, 0x55,
    0x28, 0x55, 0x28, 0x5d, 0x28, 0x5d, 0x48, 0x5d, 0x48, 0x5d, 0x48, 0x5d,
    0x47, 0x5d, 0x48, 0x5d, 0x48, 0x5d, 0xcc, 0x6d, 0x1b, 0x87, 0xfa, 0x7e,
    0xfa, 0x86, 0x1a, 0x7f, 0xfa, 0x7e, 0xfa, 0x86, 0x1a, 0x7f, 0xfa, 0x7e,
    0xf9, 0x7e, 0xfa, 0x7e, 0xfa, 0x7e, 0xfa, 0x7e, 0xfa, 0x7e, 0xfa, 0x7e,
    0xfa, 0x86, 0xfa, 0x86, 0xfa, 0x86, 0x1a, 0x87, 0x1a, 0x87, 0x1a, 0x87,
    0x1a, 0x87, 0x1a, 0x87, 0x1a, 0x8f, 0x1a, 0x8f, 0x1a, 0x8f, 0x1a, 0x87,
    0x19, 0x87, 0x1a, 0x8f, 0x1a, 0x8f, 0x1a, 0x8f, 0x1a, 0x87, 0x1a, 0x87,
    0x1a, 0x87, 0x1a, 0x87, 0x1a, 0x87, 0xfa, 0x86, 0x19, 0x87, 0xfa, 0x86,
    0x1a, 0x87, 0xfa, 0x86, 0xfa, 0x86, 0x1a, 0x87, 0xfa, 0x86, 0xfa, 0x86,
    0xfa, 0x7e, 0xfa, 0x7e, 0xfa, 0x7e, 0xfa, 0x7e, 0xfa, 0x7e, 0xf9, 0x7e,
    0xfa, 0x76, 0xfa, 0x7e, 0xfa, 0x76, 0xf9, 0x7e, 0xfa, 0x7e, 0xfa, 0x76,
    0xfa, 0x7e, 0xfa, 0x7e, 0xfa, 0x76, 0xfa, 0x7e, 0xfa, 0x7e, 0xfa, 0x7e,
    0xfa, 0x7e, 0xfa, 0x7e, 0xfa, 0x76, 0xfa, 0x7e, 0xfa, 0x7e, 0xfa, 0x76,
    0xfa, 0x7e, 0xfa, 0x7e, 0xfa, 0x7e, 0xfa, 0x7e, 0xfa, 0x76, 0xfa, 0x7e,
    0xfa, 0x7e, 0xfa, 0x7e, 0xfa, 0x76, 0xfa, 0x7e, 0xf9, 0x7e, 0xfa, 0x7e,
    0xfa, 0x7e, 0xfa, 0x76, 0xfa, 0x76, 0xfa, 0x7e, 0xfa, 0x7e, 0xfa, 0x76,
    0xfa, 0x76, 0xfa, 0x7e, 0xfa, 0x7e, 0xfa, 0x7e, 0xf9, 0x76, 0xfa, 0x7e,
    0xfa, 0x7e, 0xf9, 0x76, 0xfa, 0x7e, 0xfa, 0x76, 0xfa, 0x76, 0xfa, 0x7e,
    0xda, 0x7e, 0xfa, 0x76, 0xfa, 0x7e, 0xda, 0x76, 0xfa, 0x7e, 0xfa, 0x7e,
    0xfa, 0x7e, 0xfa, 0x7e, 0xfa, 0x7e, 0xfa, 0x7e, 0xfa, 0x7e, 0xfa, 0x7e,
    0xfa, 0x76, 0xf9, 0x7e, 0xda, 0x7e, 0xfa, 0x7e, 0xd9, 0x7e, 0xfa, 0x7e,
    0xfa, 0x7e, 0xfa, 0x76, 0xfa, 0x7e, 0xfa, 0x7e, 0xfa, 0x7e, 0xfa, 0x76,
    0xfa, 0x7e, 0xfa, 0x7e, 0xfa, 0x7e, 0xf9, 0x7e, 0xfa, 0x76, 0xfa, 0x7e,
    0xfa, 0x7e, 0xfa, 0x7e, 0xfa, 0x7e, 0xfa, 0x7e, 0xfa, 0x76, 0xfa, 0x7e,
    0xfa, 0x7e, 0xfa, 0x7e, 0xfa, 0x7e, 0xfa, 0x76, 0xfa, 0x7e, 0xfa, 0x7e,
    0xfa, 0x7e, 0xfa, 0x7e, 0xfa, 0x76, 0xfa, 0x7e, 0xfa, 0x7e, 0xfa, 0x7e,
    0xfa, 0x7e, 0xfa, 0x76, 0xda, 0x7e, 0xfa, 0x7e, 0xfa, 0x7e, 0xfb, 0x7e,
    0x4c, 0x55, 0xe8, 0x44, 0xe8, 0x4c, 0xc8, 0x44, 0xc8, 0x44, 0xc8, 0x44,
    0xa8, 0x44, 0xa8, 0x44, 0xa8, 0x44, 0xa8, 0x44, 0xa8, 0x44, 0xa8, 0x44,
    0xa8, 0x44, 0x88, 0x44, 0x47, 0x6c, 0xa6, 0xb3, 0x07, 0xbc, 0x26, 0xc4,
    0x47, 0xc4, 0x67, 0xc4, 0x46, 0xc4, 0x47, 0xc4, 0x46, 0xc4, 0x47, 0xc4,
    0x66, 0xc4, 0xc7, 0xb3, 0xa7, 0xab, 0xa6, 0xab, 0x86, 0xab, 0x87, 0xab,
    0x86, 0xab, 0x87, 0xab, 0x66, 0xa3, 0x26, 0x9b, 0x07, 0x93, 0x06, 0x93,
    0x06, 0x93, 0x07, 0x93, 0xe7, 0x8a, 0xe6, 0x8a, 0xe6, 0x8a, 0xe7, 0x8a,
    0x26, 0xa3, 0x27, 0xa3, 0x26, 0xa3, 0x27, 0xa3, 0x26, 0xa3, 0x27, 0xa3,
    0x26, 0xa3, 0x47, 0xab, 0x66, 0xb3, 0xa6, 0xbb, 0x66, 0xab, 0x06, 0xa3,
    0x06, 0xa3, 0x06, 0x9b, 0x06, 0xa3, 0x07, 0xa3, 0x07, 0xa3, 0x06, 0x9b,
    0x06, 0x9b, 0x26, 0xa3, 0x06, 0x9b, 0x26, 0x9b, 0x06, 0xa3, 0x27, 0x9b,
    0x07, 0x9b, 0xcb, 0x34, 0xac, 0x34, 0xab, 0x34, 0xab, 0x3c, 0xcb, 0x3c,
    0xca, 0x3c, 0xca, 0x3c, 0xca, 0x3c, 0xea, 0x44, 0xe9, 0x4c, 0x09, 0x4d,
    0x28, 0x55, 0x28, 0x55, 0x28, 0x5d, 0x28, 0x5d, 0x48, 0x5d, 0x28, 0x5d,
    0x48, 0x5d, 0x48, 0x5d, 0x48, 0x5d, 0xee, 0x6d, 0x1b, 0x87, 0xfa, 0x7e,
    0xfa, 0x7e, 0xfa, 0x86, 0xfa, 0x7e, 0xfa, 0x86, 0xfa, 0x7e, 0x1a, 0x7f,
    0xfa, 0x7e, 0xfa, 0x7e, 0x1a, 0x87, 0xfa, 0x7e, 0xfa, 0x86, 0xfa, 0x7e,
    0xfa, 0x7e, 0xfa, 0x7e, 0xfa, 0x7e, 0xfa, 0x7e, 0xfa, 0x7e, 0xfa, 0x86,
    0xfa, 0x86, 0xfa, 0x7e, 0xfa, 0x7e, 0xfa, 0x7e, 0x1a, 0x87, 0xfa, 0x86,
    0xfa, 0x7e, 0x1a, 0x7f, 0xfa, 0x7e, 0xfa, 0x86, 0xfa, 0x7e, 0xfa, 0x7e,
    0xfa, 0x7e, 0xfa, 0x7e, 0xfa, 0x7e, 0xfa, 0x7e, 0xfa, 0x7e, 0xfa, 0x7e,
    0xfa, 0x7e, 0xfa, 0x7e, 0xfa, 0x7e, 0xfa, 0x86, 0xf9, 0x7e, 0xfa, 0x7e,
    0xfa, 0x7e, 0xfa, 0x7e, 0xf9, 0x7e, 0xfa, 0x7e, 0xfa, 0x7e, 0xfa, 0x7e,
    0xfa, 0x7e, 0xfa, 0x7e, 0xfa, 0x7e, 0xfa, 0x7e, 0xfa, 0x7e, 0xfa, 0x7e,
    0xfa, 0x7e, 0xfa, 0x7e, 0xfa, 0x7e, 0xfa, 0x7e, 0xfa, 0x7e, 0xfa, 0x76,
    0xfa, 0x7e, 0xfa, 0x7e, 0xfa, 0x7e, 0xfa, 0x7e, 0xfa, 0x7e, 0xf9, 0x7e,
    0xfa, 0x7e, 0xfa, 0x7e, 0xfa, 0x76, 0xfa, 0x7e, 0xfa, 0x7e, 0xfa, 0x7e,
    0xfa, 0x7e, 0xfa, 0x7e, 0xfa, 0x7e, 0xfa, 0x76, 0xfa, 0x7e, 0xfa, 0x7e,
    0xfa, 0x7e, 0xfa, 0x7e, 0xfa, 0x7e, 0xfa, 0x7e, 0xfa, 0x7e, 0xfa, 0x7e,
    0xfa, 0x7e, 0xf9, 0x76, 0xfa, 0x76, 0xfa, 0x7e, 0xfa, 0x7e, 0xfa, 0x7e,
    0xfa, 0x7e, 0xfa, 0x76, 0xfa, 0x7e, 0xfa, 0x7e, 0xfa, 0x76, 0xfa, 0x7e,
    0xfa, 0x7e, 0xfa, 0x7e, 0xfa, 0x7e, 0xfa, 0x7e, 0xf9, 0x76, 0xfa, 0x7e,
    0xfa, 0x7e, 0xfa, 0x76, 0xfa, 0x7e, 0xfa, 0x7e, 0xfa, 0x76, 0xfa, 0x7e,
    0xfa, 0x7e, 0xfa, 0x76, 0xfa, 0x7e, 0xfa, 0x7e, 0xfa, 0x76, 0xfa, 0x7e,
    0xfa, 0x7e, 0xfa, 0x7e, 0xfa, 0x7e, 0xfa, 0x7e, 0xfa, 0x7e, 0xfa, 0x7e,
    0xfa, 0x7e, 0xfa, 0x76, 0xfa, 0x7e, 0xfa, 0x7e, 0xfa, 0x7e, 0xfa, 0x7e,
    0xfa, 0x7e, 0xfa, 0x76, 0xf9, 0x7e, 0xfa, 0x7e, 0xfa, 0x7e, 0xfa, 0x7e,
    0xfa, 0x7e, 0xfa, 0x7e, 0xfa, 0x7e, 0xfa, 0x7e, 0xfa, 0x76, 0xfa, 0x76,
    0xfa, 0x7e, 0xfa, 0x7e, 0xfa, 0x7e, 0xfa, 0x7e, 0xfa, 0x7e, 0xfa, 0x7e,
    0xfa, 0x7e, 0xfa, 0x7e, 0xfa, 0x7e, 0xfa, 0x7e, 0xfa, 0x7e, 0x1b, 0x7f,
    0x2a, 0x55, 0xe8, 0x44, 0xc7, 0x4c, 0xc8, 0x44, 0xc8, 0x44, 0xc8, 0x44,
    0xc8, 0x44, 0xa8, 0x44, 0xa8, 0x44, 0xa8, 0x44, 0xa8, 0x44, 0x88, 0x44,
    0x88, 0x3c, 0xa8, 0x3c, 0xc7, 0x9b, 0x87, 0xab, 0xa7, 0xb3, 0xa7, 0xb3,
    0x06, 0xbc, 0x46, 0xc4, 0x66, 0xc4, 0x66, 0xc4, 0x47, 0xc4, 0x46, 0xc4,
    0xa7, 0xb3, 0x87, 0xab, 0x87, 0xab, 0x87, 0xab, 0x86, 0xab, 0x87, 0xab,
    0x67, 0xab, 0x67, 0xab, 0x47, 0xa3, 0x26, 0x9b, 0x06, 0x93, 0xe7, 0x8a,
    0xe6, 0x8a, 0xe6, 0x8a, 0xe6, 0x8a, 0xe6, 0x8a, 0xe6, 0x8a, 0xe6, 0x8a,
    0x26, 0xa3, 0x26, 0xa3, 0x26, 0xa3, 0x26, 0xa3, 0x26, 0xab, 0x26, 0xa3,
    0x26, 0xa3, 0x26, 0xa3, 0x27, 0xa3, 0x26, 0xa3, 0x27, 0xa3, 0x06, 0xa3,
    0x07, 0xa3, 0x26, 0x9b, 0x06, 0x9b, 0x06, 0xa3, 0x27, 0xa3, 0x06, 0x9b,
    0x06, 0x9b, 0x27, 0xa3, 0x06, 0xa3, 0x07, 0xa3, 0x26, 0xa3, 0x26, 0x9b,
    0x06, 0xa3, 0x8b, 0x44, 0xac, 0x34, 0xac, 0x34, 0xab, 0x34, 0xab, 0x34,
    0xcb, 0x3c, 0xcb, 0x3c, 0xca, 0x3c, 0xca, 0x44, 0xea, 0x44, 0x09, 0x4d,
    0x09, 0x55, 0x09, 0x55, 0x09, 0x4d, 0x09, 0x4d, 0x09, 0x4d, 0x09, 0x55,
    0x28, 0x55, 0x48, 0x5d, 0x48, 0x5d, 0x52, 0x6e, 0xfa, 0x7e, 0xfa, 0x7e,
    0xfa, 0x7e, 0x1a, 0x7f, 0xfa, 0x86, 0xfa, 0x7e, 0xfa, 0x7e, 0xfa, 0x86,
    0xfa, 0x7e, 0xfa, 0x7e, 0xfa, 0x7e, 0x1a, 0x87, 0xfa, 0x7e, 0xfa, 0x7e,
    0xfa, 0x7e, 0x1a, 0x7f, 0xfa, 0x7e, 0xfa, 0x7e, 0xfa, 0x7e, 0x1a, 0x7f,
    0xfa, 0x7e, 0xfa, 0x7e, 0xfa, 0x7e, 0xfa, 0x7e, 0xfa, 0x7e, 0xfa, 0x7e,
    0xfa, 0x7e, 0xfa, 0x7e, 0xfa, 0x7e, 0xfa, 0x7e, 0xfa, 0x7e, 0xfa, 0x7e,
    0xfa, 0x7e, 0xfa, 0x7e, 0xfa, 0x7e, 0xfa, 0x7e, 0xfa, 0x7e, 0xfa, 0x7e,
    0xfa, 0x7e, 0xfa, 0x7e, 0xfa, 0x7e, 0xfa, 0x7e, 0xfa, 0x7e, 0xfa, 0x7e,
    0xfa, 0x7e, 0xfa, 0x7e, 0xfa, 0x7e, 0xfa, 0x7e, 0xfa, 0x7e, 0xfa, 0x7e,
    0xfa, 0x7e, 0xfa, 0x7e, 0xfa, 0x7e, 0xfa, 0x7e, 0xfa, 0x7e, 0xfa, 0x7e,
    0xfa, 0x7e, 0xfa, 0x7e, 0xfa, 0x7e, 0xfa, 0x7e, 0xf9, 0x7e, 0xfa, 0x7e,
    0xfa, 0x7e, 0xfa, 0x7e, 0xfa, 0x7e, 0xfa, 0x7e, 0xfa, 0x7e, 0xfa, 0x7e,
    0xfa, 0x7e, 0xfa, 0x7e, 0xfa, 0x7e, 0xfa, 0x7e, 0xfa, 0x7e, 0xfa, 0x7e,
    0xfa, 0x76, 0xf9, 0x7e, 0xfa, 0x7e, 0xfa, 0x7e, 0xfa, 0x7e, 0xf9, 0x7e,
    0xfa, 0x7e, 0xfa, 0x7e, 0xfa, 0x76, 0xfa, 0x7e, 0xf9, 0x7e, 0xfa, 0x7e,
    0xfa, 0x7e, 0xfa, 0x7e, 0xfa, 0x7e, 0xfa, 0x7e, 0xfa, 0x7e, 0xfa, 0x76,
    0xfa, 0x7e, 0xfa, 0x7e, 0xfa, 0x7e, 0xfa, 0x7e, 0xfa, 0x7e, 0xfa, 0x7e,
    0xf9, 0x7e, 0xfa, 0x76, 0xfa, 0x7e, 0xfa, 0x7e, 0xfa, 0x7e, 0xfa, 0x7e,
    0xfa, 0x7e, 0xfa, 0x7e, 0xfa, 0x7e, 0xf9, 0x7e, 0xfa, 0x7e, 0xf9, 0x7e,
    0xfa, 0x7e, 0xfa, 0x7e, 0xfa, 0x7e, 0xfa, 0x7e, 0xfa, 0x7e, 0xfa, 0x7e,
    0xfa, 0x7e, 0xfa, 0x7e, 0xfa, 0x7e, 0xfa, 0x7e, 0xfa, 0x7e, 0xfa, 0x7e,
    0xfa, 0x7e, 0xfa, 0x7e, 0xfa, 0x7e, 0xfa, 0x76, 0xfa, 0x7e, 0xfa, 0x7e,
    0xfa, 0x7e, 0xfa, 0x7e, 0xfa, 0x7e, 0xfa, 0x76, 0xda, 0x7e, 0xfa, 0x7e,
    0xfa, 0x76, 0xfa, 0x7e, 0xfa, 0x7e, 0xfa, 0x7e, 0xfa, 0x7e, 0xfa, 0x7e,
    0xfa, 0x7e, 0xfa, 0x7e, 0xfa, 0x7e, 0xfa, 0x7e, 0xfa, 0x76, 0xfa, 0x7e,
    0xfa, 0x7e, 0xfa, 0x7e, 0xfa, 0x7e, 0xfa, 0x7e, 0xfa, 0x7e, 0xfa, 0x7e,
    0xf1, 0x65, 0xc8, 0x44, 0xc8, 0x44, 0xc8, 0x44, 0xc8, 0x44, 0xc8, 0x44,
    0xc8, 0x44, 0xa8, 0x44, 0xa8, 0x44, 0xa8, 0x44, 0x88, 0x3c, 0xa8, 0x44,
    0xa8, 0x44, 0x68, 0x4c, 0x66, 0xab, 0x87, 0xab, 0x86, 0xab, 0xa7, 0xb3,
    0x87, 0xb3, 0xa6, 0xb3, 0xa7, 0xb3, 0xe7, 0xbb, 0xe7, 0xb3, 0x87, 0xab,
    0x67, 0xab, 0x87, 0xab, 0x66, 0xab, 0x87, 0xab, 0x67, 0xab, 0x66, 0xab,
    0x67, 0xa3, 0x66, 0xa3, 0x26, 0x9b, 0xe7, 0x92, 0xe6, 0x92, 0xe6, 0x8a,
    0xe7, 0x8a, 0xe6, 0x8a, 0xe7, 0x8a, 0xe6, 0x8a, 0xe6, 0x8a, 0xe6, 0x8a,
    0x26, 0xa3, 0x06, 0xa3, 0x26, 0xa3, 0x26, 0xa3, 0x06, 0xa3, 0x26, 0xa3,
    0x26, 0xab, 0x26, 0xa3, 0x26, 0xa3, 0x26, 0xa3, 0x06, 0x9b, 0x06, 0xa3,
    0x06, 0xa3, 0x27, 0x9b, 0x06, 0x9b, 0x06, 0x9b, 0x06, 0x9b, 0x06, 0xa3,
    0x07, 0xa3, 0x06, 0x9b, 0x27, 0x9b, 0x06, 0xa3, 0x27, 0x9b, 0x27, 0xa3,
    0x06, 0xa3, 0x2a, 0x5c, 0xac, 0x34, 0xac, 0x34, 0xac, 0x34, 0xac, 0x34,
    0xab, 0x34, 0xab, 0x3c, 0xcb, 0x3c, 0xca, 0x44, 0xca, 0x44, 0xe9, 0x44,
    0x09, 0x4d, 0xca, 0x44, 0xca, 0x3c, 0xca, 0x3c, 0xea, 0x44, 0xea, 0x44,
    0xea, 0x44, 0x29, 0x55, 0x28, 0x5d, 0xd8, 0x7e, 0xfa, 0x86, 0xfa, 0x7e,
    0xfa, 0x86, 0x1a, 0x7f, 0x1a, 0x7f, 0xfa, 0x86, 0x1a, 0x87, 0xfa, 0x7e,
    0xfa, 0x86, 0x1a, 0x7f, 0xfa, 0x7e, 0xfa, 0x86, 0x1a, 0x7f, 0xfa, 0x7e,
    0xfa, 0x86, 0xfa, 0x7e, 0xfa, 0x7e, 0xfa, 0x7e, 0xfa, 0x7e, 0xfa, 0x7e,
    0xfa, 0x7e, 0xfa, 0x86, 0x1a, 0x7f, 0xfa, 0x7e, 0xfa, 0x7e, 0xfa, 0x7e,
    0xfa, 0x86, 0xfa, 0x7e, 0xfa, 0x7e, 0xfa, 0x7e, 0xfa, 0x7e, 0xfa, 0x7e,
    0xfa, 0x7e, 0xfa, 0x7e, 0xfa, 0x7e, 0xfa, 0x7e, 0xfa, 0x7e, 0xfa, 0x7e,
    0xfa, 0x7e, 0xfa, 0x7e, 0x1a, 0x7f, 0xfa, 0x7e, 0xfa, 0x7e, 0x1a, 0x7f,
    0xfa, 0x7e, 0xfa, 0x7e, 0x1a, 0x7f, 0xfa, 0x7e, 0xfa, 0x7e, 0xfa, 0x7e,
    0xfa, 0x7e, 0xfa, 0x7e, 0xfa, 0x7e, 0xfa, 0x76, 0xfa, 0x7e, 0xfa, 0x7e,
    0xfa, 0x7e, 0xfa, 0x7e, 0xfa, 0x7e, 0xfa, 0x7e, 0xfa, 0x7e, 0xfa, 0x7e,
    0xfa, 0x7e, 0xfa, 0x7e, 0xfa, 0x76, 0xfa, 0x7e, 0xfa, 0x7e, 0xfa, 0x76,
    0xfa, 0x7e, 0xfa, 0x7e, 0xfa, 0x7e, 0xfa, 0x7e, 0xfa, 0x7e, 0xfa, 0x7e,
    0xfa, 0x7e, 0xfa, 0x7e, 0xfa, 0x7e, 0xfa, 0x7e, 0xfa, 0x7e, 0xfa, 0x7e,
    0xfa, 0x76, 0xfa, 0x7e, 0xfa, 0x7e, 0xfa, 0x7e, 0xfa, 0x76, 0xfa, 0x7e,
    0xfa, 0x76, 0xfa, 0x7e, 0xfa, 0x7e, 0xfa, 0x7e, 0xfa, 0x76, 0xfa, 0x7e,
    0xfa, 0x7e, 0xfa, 0x7e, 0xfa, 0x76, 0xf9, 0x7e, 0xfa, 0x7e, 0xfa, 0x76,
    0xfa, 0x7e, 0xfa, 0x76, 0xfa, 0x7e, 0xfa, 0x7e, 0xfa, 0x7e, 0xfa, 0x7e,
    0xfa, 0x7e, 0x1a, 0x87, 0x19, 0x87, 0x1a, 0x8f, 0x1a, 0x8f, 0x1a, 0x8f,
    0x1a, 0x87, 0xfa, 0x86, 0xfa, 0x7e, 0xfa, 0x7e, 0xfa, 0x7e, 0xfa, 0x7e,
    0xfa, 0x7e, 0xfa, 0x7e, 0xfa, 0x7e, 0xfa, 0x7e, 0xfa, 0x7e, 0xfa, 0x7e,
    0xfa, 0x7e, 0xfa, 0x7e, 0xfa, 0x7e, 0xfa, 0x7e, 0xfa, 0x7e, 0xfa, 0x7e,
    0xfa, 0x7e, 0xfa, 0x7e, 0xfa, 0x7e, 0xfa, 0x7e, 0xfa, 0x7e, 0xfa, 0x7e,
    0xfa, 0x7e, 0xfa, 0x7e, 0xfa, 0x7e, 0xfa, 0x7e, 0xfa, 0x7e, 0xfa, 0x7e,
    0xfa, 0x7e, 0xfa, 0x7e, 0xfa, 0x7e, 0xfa, 0x7e, 0xfa, 0x7e, 0xfa, 0x7e,
    0xfa, 0x7e, 0xfa, 0x7e, 0xfa, 0x7e, 0xfa, 0x7e, 0xfa, 0x7e, 0xfa, 0x7e,
    0xfa, 0x7e, 0x4c, 0x55, 0xc8, 0x44, 0xc8, 0x44, 0xc8, 0x44, 0xa8, 0x44,
    0xc8, 0x44, 0xa9, 0x44, 0xa8, 0x3c, 0xa8, 0x3c, 0x89, 0x3c, 0xa8, 0x3c,
    0x88, 0x44, 0x27, 0x74, 0x87, 0xab, 0x87, 0xb3, 0x86, 0xab, 0x86, 0xab,
    0xa7, 0xb3, 0x87, 0xb3, 0xa7, 0xb3, 0xa6, 0xb3, 0x87, 0xb3, 0x66, 0xab,
    0x66, 0xab, 0x67, 0xab, 0x66, 0xab, 0x67, 0xab, 0x67, 0xab, 0x66, 0xab,
    0x47, 0xa3, 0x06, 0x9b, 0xe6, 0x8a, 0xe7, 0x92, 0xe6, 0x8a, 0xe6, 0x8a,
    0xe6, 0x92, 0xe7, 0x8a, 0xe6, 0x8a, 0xc7, 0x8a, 0xe6, 0x8a, 0xc6, 0x8a,
    0x26, 0xa3, 0x06, 0xa3, 0x06, 0xa3, 0x27, 0xa3, 0x06, 0xa3, 0x27, 0xa3,
    0x06, 0xa3, 0x27, 0xa3, 0x06, 0xa3, 0x06, 0xa3, 0x06, 0xa3, 0x06, 0x9b,
    0x06, 0xa3, 0x06, 0xa3, 0x07, 0xa3, 0x07, 0xa3, 0x06, 0x9b, 0x07, 0xa3,
    0x06, 0xa3, 0x06, 0xa3, 0x26, 0x9b, 0x06, 0xa3, 0x07, 0x9b, 0x27, 0xa3,
    0x27, 0x9b, 0xa8, 0x73, 0xac, 0x2c, 0xac, 0x34, 0xac, 0x34, 0xac, 0x34,
    0x8c, 0x34, 0xac, 0x34, 0xab, 0x34, 0xcb, 0x3c, 0xca, 0x3c, 0xea, 0x44,
    0xeb, 0x44, 0xeb, 0x3c, 0xca, 0x3c, 0xca, 0x3c, 0xea, 0x44, 0xca, 0x3c,
    0xea, 0x44, 0xca, 0x44, 0xad, 0x5d, 0x1b, 0x87, 0xfa, 0x86, 0xfa, 0x86,
    0xfa, 0x86, 0x1a, 0x87, 0xfa, 0x7e, 0x1a, 0x87, 0xfa, 0x86, 0x1a, 0x7f,
    0xfa, 0x86, 0x1a, 0x87, 0xfa, 0x7e, 0xfa, 0x7e, 0xfa, 0x86, 0xfa, 0x7e,
    0x1a, 0x87, 0xfa, 0x7e, 0xfa, 0x7e, 0x1a, 0x87, 0xfa, 0x7e, 0xf9, 0x7e,
    0xfa, 0x7e, 0xfa, 0x86, 0xfa, 0x7e, 0x1a, 0x7f, 0xfa, 0x7e, 0xfa, 0x7e,
    0x1a, 0x87, 0xfa, 0x7e, 0xfa, 0x7e, 0x1a, 0x7f, 0xfa, 0x7e, 0x1a, 0x87,
    0xfa, 0x7e, 0xfa, 0x7e, 0x1a, 0x7f, 0xfa, 0x7e, 0xfa, 0x7e, 0x1a, 0x7f,
    0xfa, 0x7e, 0xfa, 0x7e, 0xfa, 0x7e, 0xfa, 0x7e, 0xfa, 0x7e, 0xfa, 0x7e,
    0xfa, 0x7e, 0xfa, 0x7e, 0xfa, 0x7e, 0xfa, 0x7e, 0xfa, 0x7e, 0xfa, 0x7e,
    0xfa, 0x7e, 0xfa, 0x7e, 0xfa, 0x7e, 0xfa, 0x7e, 0xfa, 0x7e, 0xfa, 0x7e,
    0xfa, 0x7e, 0xfa, 0x7e, 0xfa, 0x7e, 0xfa, 0x7e, 0xfa, 0x7e, 0xfa, 0x7e,
    0xfa, 0x7e, 0xfa, 0x7e, 0xfa, 0x7e, 0xfa, 0x7e, 0xfa, 0x7e, 0xfa, 0x7e,
    0xfa, 0x7e, 0xfa, 0x7e, 0xfa, 0x76, 0xfa, 0x7e, 0xfa, 0x7e, 0xfa, 0x7e,
    0xfa, 0x7e, 0xfa, 0x7e, 0xfa, 0x7e, 0xfa, 0x7e, 0xfa, 0x7e, 0xfa, 0x7e,
    0xfa, 0x7e, 0xfa, 0x7e, 0xfa, 0x7e, 0xfa, 0x7e, 0xfa, 0x7e, 0xfa, 0x7e,
    0xfa, 0x7e, 0xf9, 0x7e, 0xfa, 0x7e, 0xfa, 0x7e, 0xfa, 0x7e, 0xfa, 0x7e,
    0xfa, 0x7e, 0xfa, 0x7e, 0xfa, 0x7e, 0xfa, 0x7e, 0xfa, 0x7e, 0xfa, 0x7e,
    0xfa, 0x7e, 0xfa, 0x7e, 0xfa, 0x7e, 0xfa, 0x7e, 0xfa, 0x7e, 0x19, 0x87,
    0x19, 0x8f, 0x1a, 0x8f, 0x3a, 0x97, 0x3a, 0x97, 0x1a, 0x97, 0x1a, 0x97,
    0x1a, 0x8f, 0x1a, 0x8f, 0x1a, 0x87, 0x1a, 0x87, 0xfa, 0x7e, 0xfa, 0x7e,
    0xfa, 0x7e, 0xfa, 0x7e, 0xfa, 0x7e, 0xfa, 0x7e, 0xfa, 0x7e, 0xf9, 0x7e,
    0xfa, 0x7e, 0xfa, 0x7e, 0xfa, 0x7e, 0xfa, 0x7e, 0xfa, 0x7e, 0xfa, 0x7e,
    0xfa, 0x7e, 0xfa, 0x7e, 0xfa, 0x7e, 0xfa, 0x7e, 0xfa, 0x7e, 0xfa, 0x7e,
    0xf9, 0x7e, 0xfa, 0x7e, 0xfa, 0x7e, 0xfa, 0x7e, 0xf9, 0x7e, 0xfa, 0x7e,
    0xfa, 0x7e, 0xfa, 0x7e, 0xfa, 0x7e, 0xfa, 0x7e, 0xfa, 0x7e, 0xfa, 0x7e,
    0xfa, 0x7e, 0xfa, 0x7e, 0xfa, 0x7e, 0xfa, 0x7e, 0xd9, 0x7e, 0xd9, 0x7e,
    0x1a, 0x7f, 0x1b, 0x87, 0x09, 0x4d, 0xc8, 0x44, 0xc8, 0x44, 0xc9, 0x44,
    0xa9, 0x44, 0xa8, 0x44, 0xa9, 0x3c, 0xa9, 0x44, 0x89, 0x3c, 0xa8, 0x3c,
    0xa9, 0x3c, 0xc7, 0x9b, 0x87, 0xab, 0x66, 0xab, 0x87, 0xb3, 0x87, 0xab,
    0x86, 0xb3, 0x87, 0xb3, 0x86, 0xab, 0xa7, 0xb3, 0x66, 0xab, 0x46, 0xa3,
    0x47, 0xa3, 0x67, 0xab, 0x67, 0xab, 0x47, 0xab, 0x66, 0xa3, 0x47, 0xa3,
    0xe6, 0x92, 0xe6, 0x92, 0xe6, 0x92, 0xc6, 0x8a, 0xe7, 0x8a, 0xc6, 0x8a,
    0xc6, 0x8a, 0xe7, 0x8a, 0xc6, 0x8a, 0xe6, 0x8a, 0xc6, 0x8a, 0xc6, 0x8a,
    0x26, 0xa3, 0x06, 0xa3, 0x27, 0xa3, 0x06, 0xa3, 0x06, 0xa3, 0x06, 0xa3,
    0x06, 0xa3, 0x27, 0xa3, 0x06, 0xa3, 0x07, 0xa3, 0x06, 0x9b, 0x07, 0x9b,
    0x06, 0x9b, 0x06, 0x9b, 0x06, 0xa3, 0x06, 0xa3, 0x06, 0x9b, 0x06, 0x9b,
    0x27, 0x9b, 0x06, 0xa3, 0x27, 0x9b, 0x26, 0xa3, 0x06, 0x9b, 0x06, 0x9b,
    0x06, 0x9b, 0x47, 0x93, 0xcc, 0x2c, 0xac, 0x34, 0x8c, 0x34, 0xac, 0x34,
    0x8c, 0x34, 0xac, 0x34, 0xac, 0x34, 0xab, 0x34, 0xcb, 0x3c, 0xcb, 0x3c,
    0xcb, 0x3c, 0xcb, 0x3c, 0xcb, 0x3c, 0xca, 0x3c, 0xca, 0x3c, 0xeb, 0x44,
    0xca, 0x3c, 0xea, 0x3c, 0x90, 0x5d, 0x1a, 0x87, 0xfa, 0x86, 0x1a, 0x7f,
    0xfa, 0x7e, 0xfa, 0x86, 0x1a, 0x7f, 0xfa, 0x7e, 0xfa, 0x86, 0xfa, 0x86,
    0xfa, 0x7e, 0x1a, 0x87, 0x1a, 0x87, 0xfa, 0x7e, 0xfa, 0x7e, 0x1a, 0x87,
    0xfa, 0x86, 0xfa, 0x7e, 0x1a, 0x87, 0xfa, 0x7e, 0xfa, 0x7e, 0x1a, 0x7f,
    0xfa, 0x7e, 0xfa, 0x7e, 0xfa, 0x86, 0xfa, 0x7e, 0xfa, 0x7e, 0x1a, 0x87,
    0xfa, 0x7e, 0xfa, 0x7e, 0xfa, 0x86, 0xfa, 0x7e, 0xfa, 0x86, 0xfa, 0x7e,
    0xfa, 0x7e, 0xfa, 0x86, 0x1a, 0x7f, 0xfa, 0x7e, 0xfa, 0x7e, 0xf9, 0x7e,
    0xfa, 0x7e, 0xfa, 0x7e, 0xfa, 0x7e, 0x1a, 0x7f, 0xfa, 0x7e, 0xfa, 0x7e,
    0x1a, 0x7f, 0xfa, 0x7e, 0xfa, 0x7e, 0xfa, 0x7e, 0xfa, 0x7e, 0xfa, 0x7e,
    0xfa, 0x7e, 0xfa, 0x7e, 0x1a, 0x7f, 0xfa, 0x7e, 0xfa, 0x7e, 0xfa, 0x7e,
    0xfa, 0x7e, 0xfa, 0x7e, 0xfa, 0x7e, 0xfa, 0x7e, 0xfa, 0x7e, 0xfa, 0x7e,
    0xfa, 0x7e, 0xfa, 0x7e, 0xfa, 0x7e, 0xf9, 0x7e, 0xfa, 0x7e, 0xfa, 0x7e,
    0xfa, 0x7e, 0xfa, 0x7e, 0xfa, 0x7e, 0xf9, 0x7e, 0xfa, 0x7e, 0xfa, 0x7e,
    0xfa, 0x7e, 0xfa, 0x7e, 0xf9, 0x7e, 0xfa, 0x7e, 0xfa, 0x7e, 0xfa, 0x7e,
    0xfa, 0x7e, 0xfa, 0x7e, 0xfa, 0x7e, 0xfa, 0x7e, 0xfa, 0x7e, 0xfa, 0x7e,
    0xfa, 0x7e, 0xfa, 0x7e, 0xfa, 0x7e, 0xfa, 0x7e, 0xfa, 0x7e, 0xfa, 0x7e,
    0xfa, 0x7e, 0xf9, 0x7e, 0xfa, 0x7e, 0xfa, 0x7e, 0xfa, 0x7e, 0xfa, 0x7e,
    0xfa, 0x7e, 0xfa, 0x7e, 0xf9, 0x7e, 0xfa, 0x7e, 0x1a, 0x87, 0x3a, 0x97,
    0x3a, 0x97, 0x1a, 0x97, 0x3a, 0x97, 0x1a, 0x97, 0x39, 0x97, 0x3a, 0x97,
    0x3a, 0x97, 0x19, 0x97, 0x19, 0x8f, 0x1a, 0x8f, 0x1a, 0x87, 0xf9, 0x7e,
    0xfa, 0x7e, 0xfa, 0x7e, 0xfa, 0x7e, 0xfa, 0x7e, 0xfa, 0x7e, 0xfa, 0x7e,
    0xfa, 0x7e, 0xfa, 0x7e, 0xfa, 0x7e, 0xfa, 0x7e, 0xfa, 0x7e, 0xfa, 0x7e,
    0xfa, 0x7e, 0xfa, 0x7e, 0xfa, 0x7e, 0xfa, 0x7e, 0xfa, 0x7e, 0xfa, 0x7e,
    0xfa, 0x7e, 0xfa, 0x7e, 0xfa, 0x7e, 0xfa, 0x7e, 0xfa, 0x7e, 0xfa, 0x7e,
    0xfa, 0x7e, 0xfa, 0x7e, 0xf9, 0x7e, 0xfa, 0x7e, 0xfa, 0x7e, 0xfa, 0x7e,
    0xfa, 0x7e, 0xfa, 0x7e, 0x53, 0x76, 0xab, 0x65, 0x89, 0x65, 0x89, 0x65,
    0x8b, 0x65, 0xef, 0x6d, 0x6a, 0x5d, 0xc8, 0x44, 0xc9, 0x44, 0xc9, 0x44,
    0xa8, 0x44, 0xa8, 0x44, 0xa9, 0x3c, 0xa8, 0x44, 0x89, 0x3c, 0x88, 0x3c,
    0x89, 0x3c, 0x67, 0xab, 0x66, 0xab, 0x87, 0xab, 0x66, 0xab, 0x87, 0xab,
    0x86, 0xab, 0x87, 0xb3, 0x87, 0xab, 0x87, 0xab, 0x46, 0xa3, 0x06, 0xa3,
    0x06, 0x9b, 0x26, 0x9b, 0x26, 0xa3, 0x26, 0xa3, 0x06, 0x9b, 0xe6, 0x92,
    0xc6, 0x92, 0xc6, 0x8a, 0xe6, 0x8a, 0xc7, 0x92, 0xe6, 0x8a, 0xe7, 0x8a,
    0xc6, 0x8a, 0xe6, 0x8a, 0xc6, 0x8a, 0xc6, 0x8a, 0xc6, 0x8a, 0xc7, 0x82,
    0x06, 0xa3, 0x06, 0xa3, 0x06, 0xa3, 0x06, 0xa3, 0x06, 0xa3, 0x06, 0xa3,
    0x06, 0xa3, 0x06, 0xa3, 0x06, 0xa3, 0x06, 0xa3, 0x06, 0xa3, 0x06, 0x9b,
    0x07, 0xa3, 0x06, 0x9b, 0x06, 0xa3, 0x06, 0x9b, 0x26, 0xa3, 0x06, 0xa3,
    0x07, 0x9b, 0x06, 0x9b, 0x06, 0xa3, 0x06, 0xa3, 0x27, 0xa3, 0x06, 0xa3,
    0x07, 0xa3, 0x06, 0xa3, 0x8c, 0x3c, 0xac, 0x34, 0x8c, 0x2c, 0x8c, 0x2c,
    0xac, 0x34, 0xac, 0x2c, 0xac, 0x34, 0xab, 0x34, 0xac, 0x34, 0xab, 0x34,
    0xab, 0x3c, 0xcb, 0x3c, 0xcb, 0x3c, 0xcb, 0x3c, 0xeb, 0x3c, 0xeb, 0x3c,
    0xca, 0x44, 0xeb, 0x3c, 0xeb, 0x44, 0xfa, 0x86, 0xf9, 0x86, 0x74, 0x76,
    0x95, 0x7e, 0xfa, 0x86, 0x1a, 0x87, 0xfa, 0x86, 0x1a, 0x87, 0x1a, 0x87,
    0xfa, 0x86, 0xfa, 0x7e, 0x1a, 0x87, 0x1a, 0x87, 0xfa, 0x7e, 0x1a, 0x87,
    0xfa, 0x7e, 0xfa, 0x7e, 0x1a, 0x87, 0xfa, 0x7e, 0xfa, 0x86, 0x1a, 0x87,
    0xfa, 0x7e, 0x1a, 0x87, 0xfa, 0x7e, 0xfa, 0x86, 0x1a, 0x87, 0xfa, 0x7e,
    0xfa, 0x7e, 0x1a, 0x7f, 0xfa, 0x86, 0xfa, 0x7e, 0x1a, 0x7f, 0xfa, 0x7e,
    0xfa, 0x7e, 0xfa, 0x7e, 0xfa, 0x86, 0xfa, 0x7e, 0xfa, 0x7e, 0xfa, 0x7e,
    0x1a, 0x7f, 0xfa, 0x7e, 0xfa, 0x7e, 0xfa, 0x7e, 0xfa, 0x7e, 0xfa, 0x7e,
    0x1a, 0x7f, 0xfa, 0x7e, 0xfa, 0x7e, 0x1a, 0x7f, 0xfa, 0x7e, 0xfa, 0x7e,
    0x1a, 0x7f, 0xf9, 0x7e, 0xfa, 0x7e, 0xfa, 0x7e, 0xfa, 0x7e, 0xfa, 0x7e,
    0x1a, 0x7f, 0xf9, 0x7e, 0xfa, 0x7e, 0x1a, 0x7f, 0x19, 0x7f, 0xfa, 0x7e,
    0xfa, 0x7e, 0x1a, 0x7f, 0xfa, 0x7e, 0xfa, 0x7e, 0x1a, 0x7f, 0xfa, 0x7e,
    0xfa, 0x7e, 0xfa, 0x7e, 0xfa, 0x7e, 0xfa, 0x7e, 0xfa, 0x7e, 0xfa, 0x7e,
    0xfa, 0x7e, 0xfa, 0x7e, 0xfa, 0x7e, 0xfa, 0x7e, 0xfa, 0x7e, 0xfa, 0x7e,
    0xfa, 0x7e, 0xf9, 0x7e, 0xfa, 0x7e, 0xfa, 0x7e, 0xfa, 0x7e, 0xfa, 0x7e,
    0xfa, 0x7e, 0xfa, 0x7e, 0xfa, 0x7e, 0xfa, 0x7e, 0xfa, 0x7e, 0xfa, 0x7e,
    0xfa, 0x7e, 0xfa, 0x7e, 0xfa, 0x7e, 0xfa, 0x7e, 0xfa, 0x7e, 0xfa, 0x7e,
    0xfa, 0x7e, 0xfa, 0x7e, 0xfa, 0x7e, 0x1a, 0x87, 0x3a, 0x97, 0x1a, 0x97,
    0x3a, 0x97, 0x3a, 0x97, 0x39, 0x9f, 0x3a, 0x97, 0x3a, 0x97, 0x39, 0x97,
    0x1a, 0x97, 0x3a, 0x97, 0x1a, 0x97, 0x1a, 0x8f, 0x19, 0x8f, 0x1a, 0x87,
    0x1a, 0x87, 0xfa, 0x7e, 0x1a, 0x7f, 0xfa, 0x7e, 0xfa, 0x7e, 0x1a, 0x7f,
    0xfa, 0x7e, 0xfa, 0x7e, 0xfa, 0x7e, 0xfa, 0x7e, 0xfa, 0x7e, 0xfa, 0x7e,
    0xfa, 0x7e, 0xfa, 0x7e, 0xfa, 0x7e, 0xfa, 0x7e, 0xfa, 0x7e, 0xfa, 0x7e,
    0xfa, 0x7e, 0xfa, 0x7e, 0xfa, 0x7e, 0xfa, 0x7e, 0xfa, 0x7e, 0xfa, 0x7e,
    0xfa, 0x7e, 0xfa, 0x7e, 0xfa, 0x7e, 0xfa, 0x7e, 0xfa, 0x7e, 0xfa, 0x7e,
    0x1a, 0x7f, 0xee, 0x6d, 0xa9, 0x6d, 0x8a, 0x65, 0x8a, 0x65, 0x8a, 0x65,
    0x8a, 0x5d, 0x8a, 0x65, 0x8a, 0x5d, 0x6a, 0x5d, 0xe9, 0x4c, 0xa8, 0x3c,
    0xa9, 0x3c, 0xa9, 0x3c, 0xa8, 0x3c, 0xa9, 0x3c, 0xa9, 0x3c, 0x89, 0x44,
    0x69, 0x54, 0x46, 0xb3, 0x66, 0xab, 0x87, 0xab, 0x67, 0xab, 0x66, 0xab,
    0x67, 0xb3, 0x67, 0xab, 0x66, 0xab, 0x47, 0xab, 0x26, 0xa3, 0x06, 0xa3,
    0x07, 0xa3, 0x06, 0x9b, 0x06, 0xa3, 0x06, 0x9b, 0xc6, 0x92, 0xc6, 0x8a,
    0xe6, 0x92, 0xe7, 0x8a, 0xc6, 0x8a, 0xe6, 0x8a, 0xc7, 0x8a, 0xc6, 0x8a,
    0xc6, 0x8a, 0xe6, 0x8a, 0xc6, 0x8a, 0xc6, 0x8a, 0xc7, 0x82, 0xc6, 0x82,
    0x06, 0xa3, 0x06, 0xa3, 0x06, 0xa3, 0x06, 0xa3, 0x06, 0xa3, 0x26, 0xa3,
    0x06, 0xa3, 0x06, 0xa3, 0x06, 0x9b, 0x06, 0x9b, 0x06, 0x9b, 0x06, 0xa3,
    0x06, 0x9b, 0x07, 0xa3, 0x06, 0x9b, 0x07, 0x9b, 0x06, 0x9b, 0x06, 0xa3,
    0x06, 0x9b, 0x06, 0xa3, 0x06, 0x9b, 0x07, 0x9b, 0x06, 0x9b, 0x06, 0x9b,
    0x06, 0x9b, 0x06, 0x9b, 0x0a, 0x54, 0x8c, 0x2c, 0xac, 0x2c, 0xac, 0x34,
    0xac, 0x34, 0xac, 0x34, 0xab, 0x34, 0xac, 0x34, 0xac, 0x34, 0xab, 0x34,
    0xcb, 0x34, 0xab, 0x3c, 0xcb, 0x3c, 0xcb, 0x3c, 0xcb, 0x3c, 0xcb, 0x3c,
    0xeb, 0x3c, 0xeb, 0x3c, 0xca, 0x3c, 0xce, 0x6d, 0x8a, 0x65, 0x8a, 0x65,
    0x89, 0x65, 0xaa, 0x6d, 0xb6, 0x7e, 0xfa, 0x86, 0xfa, 0x86, 0x1a, 0x7f,
    0xfa, 0x86, 0xfa, 0x86, 0xfa, 0x7e, 0xfa, 0x86, 0x1a, 0x87, 0xfa, 0x7e,
    0x1a, 0x7f, 0xfa, 0x86, 0xfa, 0x7e, 0xfa, 0x86, 0x1a, 0x87, 0x1a, 0x7f,
    0xfa, 0x7e, 0xfa, 0x86, 0xfa, 0x7e, 0xfa, 0x7e, 0xfa, 0x86, 0x1a, 0x7f,
    0xfa, 0x7e, 0xfa, 0x7e, 0x1a, 0x87, 0xfa, 0x7e, 0xfa, 0x7e, 0x1a, 0x87,
    0xfa, 0x86, 0x1a, 0x7f, 0xfa, 0x7e, 0xfa, 0x86, 0x1a, 0x7f, 0xfa, 0x7e,
    0x1a, 0x87, 0xfa, 0x7e, 0xfa, 0x7e, 0x1a, 0x87, 0xfa, 0x7e, 0xfa, 0x86,
    0xfa, 0x7e, 0xf9, 0x7e, 0xfa, 0x7e, 0xfa, 0x7e, 0xf9, 0x7e, 0x1a, 0x7f,
    0xfa, 0x7e, 0xfa, 0x7e, 0xfa, 0x7e, 0x1a, 0x7f, 0xfa, 0x7e, 0xfa, 0x7e,
    0x1a, 0x7f, 0xfa, 0x7e, 0xfa, 0x7e, 0xfa, 0x7e, 0xfa, 0x7e, 0xfa, 0x7e,
    0x1a, 0x7f, 0xfa, 0x7e, 0xfa, 0x7e, 0xfa, 0x7e, 0x1a, 0x7f, 0xfa, 0x7e,
    0xfa, 0x7e, 0xfa, 0x7e, 0xfa, 0x7e, 0xfa, 0x7e, 0xfa, 0x7e, 0xfa, 0x7e,
    0xfa, 0x7e, 0xfa, 0x7e, 0xfa, 0x7e, 0xfa, 0x7e, 0x1a, 0x7f, 0xfa, 0x7e,
    0xfa, 0x7e, 0x1a, 0x7f, 0xfa, 0x7e, 0xfa, 0x7e, 0xfa, 0x7e, 0xf9, 0x7e,
    0xfa, 0x7e, 0xfa, 0x7e, 0xfa, 0x7e, 0x1a, 0x7f, 0xfa, 0x7e, 0xfa, 0x7e,
    0xfa, 0x7e, 0xfa, 0x7e, 0xfa, 0x7e, 0xfa, 0x7e, 0xf9, 0x7e, 0xfa, 0x7e,
    0xfa, 0x7e, 0xfa, 0x7e, 0x1a, 0x87, 0x3a, 0x97, 0x39, 0x97, 0x19, 0x9f,
    0x3a, 0x97, 0x3a, 0x97, 0x3a, 0x97, 0x1a, 0x9f, 0x3a, 0x97, 0x3a, 0x97,
    0x3a, 0x97, 0x3a, 0x97, 0x3a, 0x97, 0x3a, 0x97, 0x1a, 0x97, 0x1a, 0x8f,
    0x1a, 0x87, 0x1a, 0x87, 0xfa, 0x86, 0xf9, 0x7e, 0xfa, 0x7e, 0xfa, 0x7e,
    0xfa, 0x7e, 0x1a, 0x7f, 0xfa, 0x7e, 0xfa, 0x7e, 0xfa, 0x7e, 0xfa, 0x7e,
    0x1a, 0x7f, 0xfa, 0x7e, 0xfa, 0x7e, 0xfa, 0x7e, 0xfa, 0x7e, 0xfa, 0x7e,
    0xfa, 0x7e, 0xfa, 0x7e, 0xfa, 0x7e, 0xfa, 0x7e, 0xfa, 0x7e, 0xfa, 0x7e,
    0xfa, 0x7e, 0xfa, 0x7e, 0xfa, 0x7e, 0xfa, 0x7e, 0xfa, 0x7e, 0xfa, 0x86,
    0x53, 0x76, 0x89, 0x65, 0x8a, 0x65, 0xaa, 0x65, 0x8a, 0x65, 0x8a, 0x65,
    0x8a, 0x5d, 0x6a, 0x5d, 0x6a, 0x5d, 0x6b, 0x5d, 0x8a, 0x5d, 0x4a, 0x5d,
    0x2a, 0x55, 0x0a, 0x4d, 0xc9, 0x44, 0xa9, 0x3c, 0x89, 0x3c, 0xa9, 0x3c,
    0x08, 0x74, 0x67, 0xab, 0x66, 0xab, 0x67, 0xab, 0x67, 0xab, 0x66, 0xab,
    0x66, 0xab, 0x67, 0xab, 0x66, 0xab, 0x27, 0xab, 0x26, 0xa3, 0x06, 0x9b,
    0x07, 0x9b, 0x27, 0xa3, 0x06, 0x9b, 0xe7, 0x92, 0xc6, 0x8a, 0xe6, 0x92,
    0xe6, 0x92, 0xc6, 0x8a, 0xc6, 0x8a, 0xc6, 0x92, 0xe6, 0x8a, 0xc6, 0x8a,
    0xc6, 0x8a, 0xc7, 0x8a, 0xc6, 0x8a, 0xc6, 0x82, 0xc6, 0x8a, 0xc6, 0x82,
    0x06, 0x9b, 0x06, 0xa3, 0x06, 0xa3, 0x06, 0x9b, 0x06, 0x9b, 0x07, 0xa3,
    0x06, 0x9b, 0x07, 0xa3, 0x06, 0x9b, 0x06, 0x9b, 0x06, 0xa3, 0x06, 0xa3,
    0xe6, 0x9a, 0x06, 0x9b, 0x06, 0xa3, 0x06, 0x9b, 0x06, 0x9b, 0x07, 0xa3,
    0x06, 0xa3, 0x07, 0xa3, 0x06, 0x9b, 0x26, 0xa3, 0x07, 0xa3, 0x06, 0x9b,
    0x26, 0x9b, 0x07, 0x9b, 0xa9, 0x6b, 0xac, 0x2c, 0x8c, 0x2c, 0x8c, 0x2c,
    0xad, 0x2c, 0x8c, 0x34, 0xac, 0x34, 0xab, 0x34, 0xac, 0x34, 0xac, 0x34,
    0xac, 0x34, 0xcb, 0x3c, 0xcb, 0x3c, 0xcb, 0x3c, 0xcb, 0x3c, 0xcb, 0x3c,
    0xcb, 0x3c, 0xeb, 0x3c, 0xcb, 0x3c, 0x6a, 0x5d, 0x8b, 0x65, 0x8b, 0x65,
    0x8a, 0x65, 0x8b, 0x65, 0x8a, 0x65, 0xb6, 0x7e, 0xb6, 0x7e, 0x52, 0x76,
    0x74, 0x7e, 0xfa, 0x86, 0xb7, 0x7e, 0x73, 0x7e, 0x73, 0x7e, 0xb7, 0x7e,
    0x1a, 0x87, 0x1a, 0x87, 0xfa, 0x7e, 0xfa, 0x7e, 0xfa, 0x86, 0xfa, 0x7e,
    0xfa, 0x86, 0x1a, 0x87, 0xfa, 0x7e, 0xfa, 0x86, 0x1a, 0x87, 0x1a, 0x87,
    0x1a, 0x7f, 0xfa, 0x86, 0x1a, 0x87, 0xfa, 0x86, 0x1a, 0x7f, 0xfa, 0x86,
    0x1a, 0x7f, 0x1a, 0x7f, 0x1a, 0x87, 0xfa, 0x7e, 0xfa, 0x7e, 0xfa, 0x86,
    0xfa, 0x7e, 0xfa, 0x7e, 0x1a, 0x87, 0x1a, 0x87, 0xfa, 0x7e, 0xfa, 0x7e,
    0x1a, 0x87, 0xfa, 0x86, 0xfa, 0x7e, 0x1a, 0x7f, 0xfa, 0x86, 0xfa, 0x7e,
    0xfa, 0x86, 0xfa, 0x7e, 0x1a, 0x7f, 0xfa, 0x7e, 0xfa, 0x7e, 0x1a, 0x7f,
    0xfa, 0x7e, 0x1a, 0x7f, 0xfa, 0x7e, 0xfa, 0x86, 0xfa, 0x7e, 0x1a, 0x7f,
    0xfa, 0x7e, 0xfa, 0x7e, 0xfa, 0x86, 0x1a, 0x7f, 0xfa, 0x7e, 0x1a, 0x7f,
    0xfa, 0x7e, 0x1a, 0x7f, 0x19, 0x7f, 0xfa, 0x7e, 0xfa, 0x7e, 0x1a, 0x7f,
    0xfa, 0x7e, 0xfa, 0x7e, 0x1a, 0x7f, 0xfa, 0x7e, 0xfa, 0x7e, 0xf9, 0x7e,
    0xfa, 0x7e, 0xfa, 0x7e, 0x1a, 0x7f, 0xfa, 0x7e, 0xfa, 0x7e, 0x1a, 0x7f,
    0xfa, 0x7e, 0xfa, 0x7e, 0xfa, 0x7e, 0xfa, 0x7e, 0xfa, 0x7e, 0xf9, 0x7e,
    0x1a, 0x7f, 0xfa, 0x7e, 0x1a, 0x7f, 0x1a, 0x7f, 0xfa, 0x7e, 0xfa, 0x7e,
    0x1a, 0x7f, 0x1a, 0x87, 0x3a, 0x97, 0x3a, 0x97, 0x1a, 0x97, 0x3a, 0x97,
    0x3a, 0x9f, 0x3a, 0x97, 0x19, 0x97, 0x3a, 0x97, 0x3a, 0x97, 0x1a, 0x97,
    0x3a, 0x9f, 0x39, 0x97, 0x39, 0x97, 0x1a, 0x97, 0x3a, 0x97, 0x19, 0x97,
    0x3a, 0x97, 0x1a, 0x8f, 0x1a, 0x87, 0x1a, 0x87, 0x1a, 0x87, 0xfa, 0x86,
    0xfa, 0x7e, 0x1a, 0x7f, 0x1a, 0x87, 0xfa, 0x7e, 0xfa, 0x7e, 0x1a, 0x7f,
    0x1a, 0x7f, 0xfa, 0x86, 0xfa, 0x7e, 0x1a, 0x7f, 0xfa, 0x7e, 0xfa, 0x7e,
    0x1a, 0x87, 0xfa, 0x7e, 0xfa, 0x7e, 0xfa, 0x7e, 0xfa, 0x7e, 0xfa, 0x7e,
    0xfa, 0x86, 0x1a, 0x87, 0xf9, 0x7e, 0xd8, 0x7e, 0xf9, 0x7e, 0x1b, 0x87,
    0xcc, 0x6d, 0x8a, 0x65, 0x8a, 0x65, 0x8a, 0x65, 0x8a, 0x65, 0x8a, 0x65,
    0x6a, 0x5d, 0x8a, 0x5d, 0x6a, 0x5d, 0x6b, 0x5d, 0x6a, 0x5d, 0x6a, 0x5d,
    0x6b, 0x5d, 0x4b, 0x5d, 0xea, 0x44, 0xa9, 0x3c, 0x89, 0x3c, 0xa9, 0x34,
    0xc7, 0x8b, 0x67, 0xab, 0x67, 0xab, 0x66, 0xab, 0x67, 0xab, 0x67, 0xab,
    0x67, 0xab, 0x67, 0xab, 0x67, 0xab, 0x26, 0xa3, 0x06, 0x9b, 0x06, 0xa3,
    0x06, 0xa3, 0x06, 0x9b, 0x07, 0xa3, 0xe6, 0x92, 0xc6, 0x92, 0xc6, 0x8a,
    0xc6, 0x92, 0xc6, 0x8a, 0xc6, 0x8a, 0xc6, 0x8a, 0xc7, 0x8a, 0xc6, 0x8a,
    0xc6, 0x8a, 0xc6, 0x82, 0xc6, 0x8a, 0xc6, 0x82, 0xc6, 0x82, 0xa6, 0x8a,
    0x06, 0x9b, 0x06, 0xa3, 0x06, 0x9b, 0x06, 0x9b, 0x06, 0xa3, 0x06, 0xa3,
    0x06, 0x9b, 0x06, 0x9b, 0x06, 0xa3, 0x06, 0x9b, 0xe6, 0x9a, 0x06, 0x9b,
    0x06, 0x9b, 0x06, 0x9b, 0x07, 0x9b, 0x06, 0xa3, 0x06, 0xa3, 0x06, 0x9b,
    0x07, 0x9b, 0x06, 0xa3, 0x06, 0x9b, 0x06, 0xa3, 0x06, 0x9b, 0x07, 0xa3,
    0x06, 0x9b, 0x27, 0x9b, 0x47, 0x8b, 0xac, 0x2c, 0x8d, 0x34, 0x8d, 0x2c,
    0x8c, 0x2c, 0xac, 0x34, 0xac, 0x34, 0xac, 0x34, 0xac, 0x34, 0xac, 0x34,
    0xcc, 0x34, 0xac, 0x34, 0xcb, 0x3c, 0xcb, 0x3c, 0xcb, 0x3c, 0xcb, 0x3c,
    0xcb, 0x3c, 0xeb, 0x3c, 0xcb, 0x3c, 0x6b, 0x5d, 0x8a, 0x65, 0x8a, 0x65,
    0x8b, 0x65, 0x8b, 0x65, 0xab, 0x65, 0x8a, 0x65, 0x8a, 0x65, 0xaa, 0x6d,
    0xaa, 0x65, 0xab, 0x65, 0xaa, 0x65, 0xaa, 0x6d, 0xaa, 0x6d, 0x8a, 0x6d,
    0xed, 0x6d, 0xf9, 0x86, 0xfa, 0x86, 0x1a, 0x7f, 0x1a, 0x87, 0x1a, 0x87,
    0x1a, 0x7f, 0x1a, 0x7f, 0x1a, 0x87, 0xfa, 0x7e, 0x1a, 0x7f, 0xfa, 0x86,
    0xfa, 0x86, 0x1a, 0x7f, 0xfa, 0x7e, 0xfa, 0x86, 0xfa, 0x7e, 0x1a, 0x7f,
    0xfa, 0x7e, 0xfa, 0x7e, 0x1a, 0x87, 0xfa, 0x86, 0xfa, 0x7e, 0x1a, 0x87,
    0x1a, 0x7f, 0xfa, 0x7e, 0x1a, 0x87, 0xfa, 0x7e, 0xf9, 0x7e, 0x1a, 0x7f,
    0x1a, 0x7f, 0x1a, 0x7f, 0xfa, 0x7e, 0x1a, 0x7f, 0x1a, 0x87, 0xfa, 0x7e,
    0xfa, 0x7e, 0x1a, 0x7f, 0xfa, 0x86, 0xfa, 0x86, 0xfa, 0x7e, 0xfa, 0x86,
    0xfa, 0x86, 0x1a, 0x7f, 0xfa, 0x7e, 0x1a, 0x87, 0xfa, 0x7e, 0x1a, 0x7f,
    0xfa, 0x86, 0xfa, 0x7e, 0x1a, 0x7f, 0xfa, 0x86, 0xfa, 0x86, 0xfa, 0x7e,
    0xfa, 0x7e, 0xfa, 0x86, 0xfa, 0x7e, 0xfa, 0x7e, 0x1a, 0x87, 0x1a, 0x7f,
    0xfa, 0x86, 0xfa, 0x7e, 0x19, 0x7f, 0xfa, 0x7e, 0xfa, 0x7e, 0x1a, 0x7f,
    0xfa, 0x7e, 0xfa, 0x7e, 0xfa, 0x7e, 0xfa, 0x7e, 0xfa, 0x7e, 0x1a, 0x7f,
    0xfa, 0x7e, 0xfa, 0x7e, 0x19, 0x7f, 0xfa, 0x7e, 0x1a, 0x87, 0x1a, 0x87,
    0x1a, 0x8f, 0x1a, 0x8f, 0x1a, 0x87, 0x1a, 0x87, 0x1a, 0x87, 0x1a, 0x7f,
    0x1a, 0x87, 0x19, 0x97, 0x1a, 0x97, 0x39, 0x97, 0x3a, 0x97, 0x3a, 0x97,
    0x3a, 0x9f, 0x1a, 0x97, 0x3a, 0x97, 0x3a, 0x97, 0x19, 0x97, 0x3a, 0x9f,
    0x1a, 0x9f, 0x3a, 0x97, 0x3a, 0x9f, 0x3a, 0x9f, 0x3a, 0x97, 0x1a, 0x97,
    0x39, 0x97, 0x1a, 0x97, 0x1a, 0x8f, 0x1a, 0x8f, 0x1a, 0x8f, 0x1a, 0x87,
    0x1a, 0x87, 0xfa, 0x86, 0x1a, 0x7f, 0xfa, 0x86, 0xfa, 0x86, 0x1a, 0x7f,
    0xfa, 0x86, 0xfa, 0x86, 0xfa, 0x7e, 0xfa, 0x7e, 0xfa, 0x86, 0x1a, 0x7f,
    0xfa, 0x7e, 0x1a, 0x87, 0xfa, 0x7e, 0x1a, 0x87, 0xfa, 0x86, 0xfa, 0x7e,
    0xd7, 0x7e, 0xcc, 0x6d, 0x89, 0x6d, 0x88, 0x6d, 0x89, 0x65, 0xcd, 0x6d,
    0xaa, 0x65, 0x8a, 0x65, 0x8a, 0x65, 0x8a, 0x65, 0x8a, 0x5d, 0x6a, 0x5d,
    0x6a, 0x5d, 0x6a, 0x5d, 0x6a, 0x5d, 0x6a, 0x5d, 0x6b, 0x5d, 0x6b, 0x5d,
    0x6b, 0x5d, 0x4b, 0x55, 0xeb, 0x44, 0xa9, 0x3c, 0x89, 0x3c, 0xa9, 0x3c,
    0x67, 0xa3, 0x46, 0xab, 0x67, 0xab, 0x66, 0xab, 0x46, 0xab, 0x46, 0xab,
    0x67, 0xab, 0x46, 0xab, 0x47, 0xab, 0x26, 0xa3, 0x06, 0x9b, 0x07, 0xa3,
    0x06, 0x9b, 0x06, 0xa3, 0x06, 0xa3, 0xe6, 0x92, 0xc6, 0x8a, 0xc6, 0x92,
    0xc7, 0x8a, 0xc6, 0x8a, 0xc6, 0x8a, 0xc7, 0x8a, 0xc6, 0x8a, 0xc6, 0x8a,
    0xc6, 0x8a, 0xc6, 0x82, 0xc6, 0x82, 0xc6, 0x8a, 0xa6, 0x82, 0xa6, 0x82,
    0x06, 0x9b, 0x06, 0x9b, 0x07, 0xa3, 0x06, 0x9b, 0x06, 0x9b, 0x06, 0xa3,
    0x06, 0x9b, 0x06, 0xa3, 0xe6, 0x9a, 0xe6, 0x9a, 0x06, 0x9b, 0x06, 0xa3,
    0x06, 0xa3, 0xe7, 0x9a, 0x06, 0xa3, 0xe6, 0x9a, 0x06, 0xa3, 0x06, 0x9b,
    0x06, 0x9b, 0x06, 0x9b, 0x06, 0x9b, 0x06, 0xa3, 0x26, 0x9b, 0x07, 0xa3,
    0x06, 0x9b, 0x06, 0x9b, 0xe6, 0x9a, 0xac, 0x2c, 0x8d, 0x2c, 0x8d, 0x2c,
    0x8d, 0x2c, 0x8d, 0x2c, 0x8d, 0x2c, 0x8d, 0x2c, 0xad, 0x2c, 0xac, 0x34,
    0xac, 0x34, 0xac, 0x34, 0xcc, 0x34, 0xcc, 0x34, 0xcb, 0x34, 0xcc, 0x3c,
    0xcb, 0x3c, 0xcb, 0x3c, 0xcb, 0x3c, 0x6b, 0x5d, 0x8b, 0x65, 0x6b, 0x65,
    0x8b, 0x65, 0x8b, 0x65, 0x8b, 0x65, 0x8b, 0x65, 0x8b, 0x65, 0xab, 0x65,
    0x8b, 0x65, 0xaa, 0x65, 0xaa, 0x6d, 0xaa, 0x6d, 0xaa, 0x65, 0xaa, 0x6d,
    0xab, 0x6d, 0xcb, 0x6d, 0x1a, 0x87, 0xfa, 0x86, 0xfa, 0x86, 0xfa, 0x86,
    0xfa, 0x7e, 0xfa, 0x86, 0x1a, 0x87, 0xfa, 0x7e, 0xfa, 0x86, 0xfa, 0x7e,
    0x1a, 0x7f, 0x1a, 0x87, 0xfa, 0x7e, 0xfa, 0x86, 0xfa, 0x86, 0xfa, 0x86,
    0xfa, 0x86, 0xfa, 0x7e, 0x1a, 0x87, 0xfa, 0x7e, 0x1a, 0x7f, 0xfa, 0x86,
    0xfa, 0x7e, 0x1a, 0x7f, 0xfa, 0x86, 0x1a, 0x7f, 0xfa, 0x7e, 0xfa, 0x86,
    0xfa, 0x86, 0xfa, 0x7e, 0xfa, 0x86, 0xfa, 0x7e, 0xfa, 0x7e, 0xfa, 0x7e,
    0x1a, 0x7f, 0xfa, 0x7e, 0xfa, 0x7e, 0x19, 0x7f, 0xfa, 0x7e, 0xfa, 0x7e,
    0x1a, 0x7f, 0x1a, 0x87, 0x1a, 0x7f, 0xfa, 0x7e, 0xfa, 0x7e, 0x1a, 0x87,
    0xfa, 0x7e, 0xfa, 0x86, 0x1a, 0x7f, 0x1a, 0x7f, 0xfa, 0x7e, 0xf9, 0x7e,
    0x1a, 0x7f, 0xfa, 0x86, 0xfa, 0x7e, 0xfa, 0x7e, 0xfa, 0x7e, 0xfa, 0x86,
    0x1a, 0x7f, 0xfa, 0x86, 0xfa, 0x7e, 0xfa, 0x7e, 0xfa, 0x7e, 0x1a, 0x87,
    0xfa, 0x7e, 0xfa, 0x7e, 0x19, 0x7f, 0xfa, 0x7e, 0x1a, 0x7f, 0x1a, 0x7f,
    0xfa, 0x7e, 0x1a, 0x7f, 0x1a, 0x87, 0x1a, 0x87, 0x1a, 0x8f, 0x19, 0x8f,
    0x1a, 0x8f, 0x1a, 0x8f, 0x1a, 0x8f, 0x1a, 0x8f, 0x1a, 0x8f, 0x1a, 0x8f,
    0x19, 0x8f, 0x3a, 0x97, 0x1a, 0x97, 0x3a, 0x97, 0x19, 0x97, 0x3a, 0x97,
    0x3a, 0x97, 0x39, 0x97, 0x3a, 0x97, 0x3a, 0x97, 0x3a, 0x97, 0x3a, 0x97,
    0x3a, 0x97, 0x1a, 0x97, 0x3a, 0x97, 0x1a, 0x97, 0x1a, 0x97, 0x3a, 0x97,
    0x1a, 0x97, 0x1a, 0x97, 0x1a, 0x8f, 0x19, 0x8f, 0x1a, 0x87, 0xfa, 0x86,
    0x1a, 0x87, 0xf9, 0x7e, 0xfa, 0x7e, 0x1a, 0x87, 0xfa, 0x7e, 0xfa, 0x86,
    0x1a, 0x7f, 0x1a, 0x7f, 0x1a, 0x87, 0xfa, 0x7e, 0x1a, 0x87, 0xfa, 0x7e,
    0xfa, 0x7e, 0xfa, 0x7e, 0xfa, 0x86, 0xfa, 0x7e, 0xfa, 0x7e, 0xd7, 0x7e,
    0x89, 0x6d, 0xa9, 0x6d, 0x89, 0x65, 0x8a, 0x65, 0x89, 0x65, 0x8a, 0x65,
    0x8a, 0x65, 0x8a, 0x65, 0x6a, 0x65, 0x8a, 0x5d, 0x6a, 0x5d, 0x6a, 0x5d,
    0x8b, 0x5d, 0x6a, 0x5d, 0x6b, 0x5d, 0x6a, 0x5d, 0x6b, 0x55, 0x4b, 0x55,
    0x4b, 0x4d, 0x2b, 0x4d, 0xeb, 0x44, 0xcb, 0x3c, 0x8a, 0x3c, 0x6a, 0x44,
    0x66, 0xab, 0x67, 0xab, 0x67, 0xab, 0x67, 0xab, 0x47, 0xab, 0x46, 0xab,
    0x67, 0xab, 0x66, 0xab, 0x46, 0xab, 0x06, 0xa3, 0x06, 0xa3, 0x06, 0x9b,
    0x27, 0xa3, 0x06, 0xa3, 0x07, 0x9b, 0xc6, 0x92, 0xc6, 0x92, 0xc6, 0x8a,
    0xc6, 0x8a, 0xc6, 0x92, 0xc6, 0x8a, 0xc6, 0x8a, 0xc6, 0x8a, 0xc7, 0x8a,
    0xc6, 0x82, 0xa6, 0x8a, 0xc7, 0x8a, 0xa6, 0x82, 0xc6, 0x82, 0xa6, 0x82,
    0x06, 0x9b, 0xe6, 0x9a, 0xe6, 0x9a, 0x06, 0xa3, 0xe6, 0x9a, 0xe6, 0x9a,
    0x06, 0xa3, 0xe6, 0xa2, 0xe6, 0x9a, 0xe6, 0x9a, 0xe6, 0x9a, 0x07, 0x9b,
    0xe6, 0x9a, 0x06, 0xa3, 0x06, 0x9b, 0x07, 0x9b, 0x06, 0x9b, 0x06, 0xa3,
    0x07, 0xa3, 0x06, 0x9b, 0x07, 0xa3, 0x06, 0xa3, 0x06, 0x9b, 0x07, 0xa3,
    0x06, 0x9b, 0x06, 0x9b, 0xe7, 0xa2, 0x4b, 0x44, 0x8c, 0x2c, 0x8d, 0x2c,
    0x8d, 0x2c, 0x8d, 0x2c, 0x8d, 0x2c, 0x8d, 0x2c, 0x8d, 0x2c, 0x8d, 0x34,
    0xac, 0x34, 0xac, 0x34, 0xcc, 0x34, 0xcc, 0x34, 0xcc, 0x34, 0xcc, 0x3c,
    0xcc, 0x3c, 0xcc, 0x34, 0xec, 0x3c, 0x4b, 0x4d, 0x6b, 0x55, 0x6b, 0x5d,
    0x8b, 0x5d, 0x8b, 0x65, 0x8b, 0x5d, 0x8b, 0x65, 0x8b, 0x65, 0xab, 0x65,
    0x8b, 0x65, 0x8b, 0x65, 0xab, 0x65, 0xab, 0x65, 0xaa, 0x6d, 0xaa, 0x6d,
    0xab, 0x6d, 0xaa, 0x6d, 0x73, 0x76, 0xfa, 0x86, 0x1a, 0x87, 0x1a, 0x87,
    0xfa, 0x7e, 0x1a, 0x87, 0xfa, 0x86, 0xfa, 0x86, 0x1a, 0x87, 0x1a, 0x87,
    0xfa, 0x7e, 0x1a, 0x87, 0x1a, 0x87, 0x1a, 0x7f, 0x1a, 0x87, 0xfa, 0x7e,
    0x1a, 0x7f, 0xfa, 0x86, 0x1a, 0x7f, 0xfa, 0x7e, 0xfa, 0x86, 0x1a, 0x87,
    0xf9, 0x7e, 0xfa, 0x7e, 0xfa, 0x86, 0x1a, 0x7f, 0x1a, 0x87, 0xfa, 0x7e,
    0xfa, 0x7e, 0x1a, 0x87, 0x1a, 0x7f, 0xfa, 0x7e, 0x1a, 0x87, 0xfa, 0x7e,
    0x1a, 0x87, 0xfa, 0x86, 0xfa, 0x7e, 0x1a, 0x87, 0x1a, 0x87, 0xfa, 0x7e,
    0x1a, 0x7f, 0xfa, 0x7e, 0xfa, 0x86, 0xfa, 0x86, 0xfa, 0x7e, 0xfa, 0x7e,
    0xfa, 0x86, 0x1a, 0x7f, 0x1a, 0x7f, 0xfa, 0x86, 0xfa, 0x7e, 0x1a, 0x87,
    0xfa, 0x86, 0x1a, 0x7f, 0xfa, 0x7e, 0x1a, 0x7f, 0x1a, 0x87, 0xfa, 0x7e,
    0xfa, 0x7e, 0xfa, 0x7e, 0x1a, 0x87, 0xfa, 0x7e, 0xfa, 0x7e, 0xfa, 0x7e,
    0x1a, 0x87, 0x1a, 0x87, 0xfa, 0x7e, 0xfa, 0x7e, 0x1a, 0x87, 0xf9, 0x7e,
    0xfa, 0x7e, 0xfa, 0x86, 0x1a, 0x87, 0x1a, 0x87, 0x1a, 0x8f, 0x1a, 0x8f,
    0x1a, 0x87, 0x1a, 0x87, 0x19, 0x87, 0x1a, 0x8f, 0x1a, 0x8f, 0x1a, 0x8f,
    0x1a, 0x8f, 0x1a, 0x8f, 0x1a, 0x8f, 0x1a, 0x8f, 0x1a, 0x8f, 0x1a, 0x8f,
    0x1a, 0x8f, 0x19, 0x8f, 0x1a, 0x97, 0x1a, 0x97, 0x1a, 0x97, 0x1a, 0x97,
    0x19, 0x97, 0x3a, 0x97, 0x1a, 0x97, 0x1a, 0x8f, 0x1a, 0x8f, 0x1a, 0x8f,
    0x1a, 0x87, 0x1a, 0x87, 0x1a, 0x87, 0xfa, 0x7e, 0xfa, 0x7e, 0xfa, 0x7e,
    0x1a, 0x7f, 0xfa, 0x7e, 0xfa, 0x7e, 0xfa, 0x7e, 0x1a, 0x7f, 0xfa, 0x86,
    0xfa, 0x86, 0x1a, 0x7f, 0xfa, 0x7e, 0xfa, 0x86, 0xf9, 0x7e, 0xfa, 0x86,
    0xfa, 0x86, 0x1a, 0x7f, 0xfa, 0x7e, 0xfa, 0x86, 0x1a, 0x87, 0xec, 0x75,
    0xaa, 0x6d, 0xa9, 0x6d, 0x89, 0x65, 0x8a, 0x65, 0x8a, 0x65, 0x8a, 0x65,
    0x8a, 0x65, 0x8a, 0x65, 0x6a, 0x5d, 0x8a, 0x5d, 0x6a, 0x5d, 0x8b, 0x65,
    0x6a, 0x5d, 0x6b, 0x5d, 0x6b, 0x5d, 0x4b, 0x55, 0x2c, 0x4d, 0x0c, 0x3d,
    0x0c, 0x3d, 0x0d, 0x3d, 0xec, 0x3c, 0xec, 0x3c, 0xab, 0x3c, 0x29, 0x64,
    0x46, 0xab, 0x67, 0xab, 0x46, 0xab, 0x67, 0xab, 0x66, 0xab, 0x47, 0xab,
    0x47, 0xab, 0x47, 0xab, 0x26, 0xa3, 0x07, 0xa3, 0x06, 0x9b, 0x06, 0xa3,
    0x27, 0xa3, 0x06, 0x9b, 0x06, 0x9b, 0xc6, 0x92, 0xc6, 0x8a, 0xc6, 0x8a,
    0xc6, 0x8a, 0xc6, 0x8a, 0xc6, 0x8a, 0xc6, 0x8a, 0xa6, 0x82, 0xc6, 0x8a,
    0xa6, 0x82, 0xa6, 0x82, 0xc6, 0x8a, 0xa6, 0x82, 0xc6, 0x82, 0xc6, 0x82,
    0xe6, 0x9a, 0xe6, 0x9a, 0xe6, 0x9a, 0x06, 0x9b, 0xe6, 0x9a, 0x06, 0xa3,
    0xe6, 0x9a, 0xe6, 0x9a, 0xe6, 0x9a, 0xe6, 0x92, 0xc6, 0x92, 0x06, 0x9b,
    0x06, 0x9b, 0x06, 0xa3, 0x06, 0x9b, 0xe6, 0x9a, 0x06, 0x9b, 0x07, 0x9b,
    0x06, 0xa3, 0x06, 0xa3, 0x06, 0x9b, 0x07, 0x9b, 0x06, 0xa3, 0x06, 0x9b,
    0x06, 0xa3, 0x06, 0x9b, 0xe6, 0xa2, 0xea, 0x5b, 0x8d, 0x2c, 0x8d, 0x2c,
    0x8d, 0x2c, 0x8d, 0x2c, 0x8d, 0x2c, 0x8d, 0x2c, 0x8d, 0x2c, 0xad, 0x2c,
    0xad, 0x34, 0xad, 0x34, 0xac, 0x34, 0xac, 0x34, 0xcc, 0x34, 0xcc, 0x3c,
    0xcc, 0x34, 0xec, 0x34, 0xec, 0x3c, 0xec, 0x3c, 0xec, 0x44, 0x6b, 0x5d,
    0x6b, 0x5d, 0x8b, 0x5d, 0x8b, 0x5d, 0x8b, 0x5d, 0x8b, 0x65, 0x8b, 0x65,
    0x8b, 0x65, 0x8b, 0x65, 0x8b, 0x65, 0xab, 0x65, 0xab, 0x65, 0xaa, 0x65,
    0xab, 0x6d, 0xab, 0x6d, 0xed, 0x6d, 0x1b, 0x87, 0xfa, 0x7e, 0x19, 0x7f,
    0x1a, 0x87, 0xfa, 0x86, 0x1a, 0x7f, 0xf9, 0x7e, 0x1a, 0x87, 0xfa, 0x86,
    0xfa, 0x7e, 0xfa, 0x86, 0xfa, 0x7e, 0x1a, 0x87, 0xfa, 0x7e, 0x1a, 0x7f,
    0xfa, 0x86, 0xfa, 0x86, 0x1a, 0x7f, 0xf9, 0x86, 0x1a, 0x7f, 0xfa, 0x7e,
    0x1a, 0x87, 0x1a, 0x87, 0xfa, 0x7e, 0xfa, 0x86, 0xfa, 0x7e, 0x1a, 0x7f,
    0xf9, 0x7e, 0xfa, 0x86, 0xfa, 0x7e, 0xf9, 0x86, 0xfa, 0x7e, 0xfa, 0x86,
    0xfa, 0x86, 0xf9, 0x7e, 0xfa, 0x7e, 0xfa, 0x86, 0x1a, 0x87, 0xfa, 0x7e,
    0xfa, 0x86, 0x1a, 0x7f, 0x1a, 0x7f, 0x1a, 0x87, 0x1a, 0x7f, 0x1a, 0x7f,
    0x1a, 0x87, 0xfa, 0x86, 0xfa, 0x7e, 0x19, 0x7f, 0x1a, 0x87, 0xfa, 0x7e,
    0x1a, 0x87, 0xfa, 0x7e, 0x1a, 0x87, 0x1a, 0x87, 0xfa, 0x86, 0x19, 0x7f,
    0xfa, 0x7e, 0xfa, 0x86, 0x1a, 0x7f, 0xf9, 0x7e, 0xfa, 0x86, 0xfa, 0x7e,
    0xfa, 0x7e, 0xfa, 0x86, 0xfa, 0x7e, 0xfa, 0x7e, 0xfa, 0x86, 0xfa, 0x7e,
    0xf9, 0x7e, 0xfa, 0x7e, 0xfa, 0x7e, 0x1a, 0x7f, 0xfa, 0x7e, 0x1a, 0x87,
    0x19, 0x87, 0xfa, 0x86, 0x1a, 0x87, 0x1a, 0x87, 0xfa, 0x7e, 0x1a, 0x87,
    0x1a, 0x87, 0x1a, 0x87, 0x1a, 0x87, 0x1a, 0x87, 0x1a, 0x87, 0xfa, 0x86,
    0xfa, 0x86, 0xfa, 0x86, 0xfa, 0x86, 0x1a, 0x87, 0xfa, 0x86, 0x1a, 0x87,
    0x1a, 0x87, 0x1a, 0x87, 0x1a, 0x87, 0x19, 0x87, 0xfa, 0x86, 0x1a, 0x87,
    0xfa, 0x7e, 0x1a, 0x7f, 0x1a, 0x7f, 0xfa, 0x7e, 0x1a, 0x87, 0xfa, 0x86,
    0xfa, 0x7e, 0xfa, 0x7e, 0x1a, 0x87, 0xfa, 0x86, 0xfa, 0x7e, 0x1a, 0x87,
    0xfa, 0x7e, 0xfa, 0x86, 0xfa, 0x7e, 0xfa, 0x7e, 0x1a, 0x7f, 0xfa, 0x7e,
    0xfa, 0x86, 0xf9, 0x7e, 0x1a, 0x87, 0xfa, 0x7e, 0xf9, 0x86, 0x89, 0x6d,
    0xa9, 0x6d, 0x89, 0x6d, 0x8a, 0x65, 0x8a, 0x65, 0x8a, 0x65, 0x8a, 0x65,
    0x8a, 0x65, 0x8a, 0x5d, 0x6a, 0x5d, 0x8b, 0x5d, 0x6b, 0x5d, 0x6b, 0x5d,
    0x6b, 0x5d, 0x6b, 0x55, 0x6b, 0x55, 0x2c, 0x45, 0x0c, 0x45, 0x0d, 0x3d,
    0x0d, 0x3d, 0x0d, 0x3d, 0x0d, 0x3d, 0x0d, 0x3d, 0xed, 0x34, 0xc8, 0x8b,
    0x67, 0xab, 0x67, 0xab, 0x46, 0xab, 0x46, 0xab, 0x46, 0xab, 0x46, 0xab,
    0x47, 0xab, 0x46, 0xab, 0x26, 0xa3, 0x07, 0xa3, 0x06, 0xa3, 0x06, 0xa3,
    0x06, 0xa3, 0x06, 0x9b, 0xe6, 0x9a, 0xc6, 0x8a, 0xc6, 0x8a, 0xc6, 0x92,
    0xc6, 0x8a, 0xc7, 0x8a, 0xc6, 0x8a, 0xa6, 0x8a, 0xa6, 0x82, 0xc6, 0x82,
    0xc6, 0x82, 0xa6, 0x8a, 0xc6, 0x82, 0xa6, 0x8a, 0xa6, 0x82, 0xa6, 0x82,
    0xc6, 0x92, 0xe6, 0x9a, 0xe6, 0x9a, 0xe6, 0x9a, 0xe6, 0x9a, 0x06, 0x9b,
    0xe7, 0x9a, 0xe6, 0x9a, 0xc6, 0x92, 0xc6, 0x92, 0xc6, 0x92, 0xe6, 0x9a,
    0xe6, 0x9a, 0x06, 0xa3, 0xe6, 0x9a, 0x06, 0x9b, 0x06, 0xa3, 0x06, 0x9b,
    0x06, 0x9b, 0x06, 0x9b, 0x06, 0x9b, 0x06, 0x9b, 0x06, 0xa3, 0x07, 0x9b,
    0x06, 0x9b, 0x07, 0xa3, 0x06, 0x9b, 0x48, 0x83, 0x8d, 0x2c, 0x8c, 0x2c,
    0x8d, 0x2c, 0x8d, 0x2c, 0x8d, 0x2c, 0x8d, 0x2c, 0x8d, 0x2c, 0x8d, 0x2c,
    0x8d, 0x2c, 0xad, 0x2c, 0x8d, 0x2c, 0xad, 0x34, 0xad, 0x34, 0xcc, 0x34,
    0xcc, 0x34, 0xcc, 0x3c, 0xec, 0x3c, 0xed, 0x3c, 0xec, 0x3c, 0x2c, 0x4d,
    0x6c, 0x5d, 0x6c, 0x5d, 0x6c, 0x5d, 0x8c, 0x5d, 0x6b, 0x5d, 0x8b, 0x5d,
    0x8b, 0x65, 0x8b, 0x65, 0xab, 0x65, 0x8b, 0x65, 0x8b, 0x65, 0x8b, 0x65,
    0xab, 0x65, 0xaa, 0x6d, 0xab, 0x6d, 0xf9, 0x86, 0xb7, 0x7e, 0xf9, 0x86,
    0x1a, 0x87, 0xfa, 0x86, 0x1a, 0x87, 0xfa, 0x86, 0xfa, 0x7e, 0x1a, 0x87,
    0x1a, 0x87, 0xfa, 0x86, 0x1a, 0x7f, 0x1a, 0x87, 0xfa, 0x86, 0x1a, 0x87,
    0xfa, 0x86, 0x1a, 0x7f, 0xfa, 0x86, 0x1a, 0x87, 0xfa, 0x7e, 0xfa, 0x86,
    0x1a, 0x7f, 0x1a, 0x87, 0xfa, 0x7e, 0x1a, 0x87, 0x1a, 0x87, 0xfa, 0x7e,
    0x1a, 0x87, 0x1a, 0x87, 0xfa, 0x7e, 0xfa, 0x7e, 0x1a, 0x7f, 0x1a, 0x7f,
    0x1a, 0x87, 0xfa, 0x7e, 0x1a, 0x7f, 0x1a, 0x7f, 0xfa, 0x86, 0x1a, 0x7f,
    0xfa, 0x7e, 0xfa, 0x86, 0xfa, 0x7e, 0xf9, 0x7e, 0xfa, 0x86, 0x1a, 0x87,
    0xfa, 0x7e, 0x1a, 0x87, 0xfa, 0x86, 0xfa, 0x7e, 0x1a, 0x87, 0xf9, 0x7e,
    0xfa, 0x7e, 0xfa, 0x7e, 0xf9, 0x7e, 0xfa, 0x86, 0xfa, 0x7e, 0xfa, 0x86,
    0x1a, 0x7f, 0x1a, 0x87, 0xfa, 0x7e, 0x1a, 0x87, 0xfa, 0x86, 0x1a, 0x7f,
    0x19, 0x7f, 0xfa, 0x86, 0xfa, 0x7e, 0x19, 0x7f, 0x1a, 0x7f, 0xfa, 0x7e,
    0x1a, 0x7f, 0xfa, 0x7e, 0x1a, 0x87, 0xf9, 0x7e, 0xfa, 0x7e, 0x1a, 0x7f,
    0xfa, 0x7e, 0xfa, 0x7e, 0x1a, 0x7f, 0xfa, 0x7e, 0xfa, 0x7e, 0x19, 0x7f,
    0xfa, 0x86, 0xfa, 0x7e, 0x1a, 0x87, 0xfa, 0x7e, 0xfa, 0x7e, 0xfa, 0x7e,
    0x1a, 0x87, 0x1a, 0x7f, 0x1a, 0x7f, 0xfa, 0x7e, 0x1a, 0x7f, 0xfa, 0x7e,
    0xfa, 0x7e, 0xfa, 0x7e, 0x1a, 0x7f, 0xfa, 0x7e, 0xfa, 0x7e, 0x1a, 0x7f,
    0xfa, 0x86, 0xfa, 0x7e, 0x1a, 0x87, 0xfa, 0x7e, 0x1a, 0x87, 0xfa, 0x7e,
    0x1a, 0x87, 0xfa, 0x86, 0xfa, 0x7e, 0xfa, 0x7e, 0xfa, 0x86, 0x1a, 0x7f,
    0x1a, 0x7f, 0xfa, 0x86, 0x1a, 0x87, 0xfa, 0x7e, 0x1a, 0x87, 0xfa, 0x86,
    0xd7, 0x7e, 0xd7, 0x7e, 0xfa, 0x86, 0x1a, 0x87, 0xd7, 0x7e, 0x89, 0x6d,
    0x89, 0x65, 0x8a, 0x65, 0x8a, 0x65, 0x89, 0x65, 0x8a, 0x65, 0x8a, 0x5d,
    0x8a, 0x5d, 0x6a, 0x5d, 0x8a, 0x65, 0x6a, 0x5d, 0x6b, 0x5d, 0x6b, 0x5d,
    0x6b, 0x5d, 0x6b, 0x55, 0x4c, 0x4d, 0x0c, 0x3d, 0x0d, 0x3d, 0x0d, 0x3d,
    0x0d, 0x3d, 0x0d, 0x3d, 0x0d, 0x3d, 0x0d, 0x3d, 0x0e, 0x35, 0x67, 0xa3,
    0x47, 0xab, 0x67, 0xab, 0x67, 0xab, 0x47, 0xab, 0x47, 0xab, 0x46, 0xab,
    0x46, 0xab, 0x47, 0xab, 0x26, 0xa3, 0x06, 0xa3, 0x26, 0xa3, 0x07, 0x9b,
    0x07, 0xa3, 0x06, 0x9b, 0xc6, 0x92, 0xc6, 0x92, 0xc6, 0x8a, 0xa6, 0x92,
    0xc6, 0x8a, 0xc6, 0x8a, 0xa6, 0x8a, 0xa6, 0x8a, 0xc7, 0x82, 0xa6, 0x82,
    0xa7, 0x8a, 0xc6, 0x82, 0xa7, 0x82, 0xa6, 0x82, 0xa6, 0x82, 0xa6, 0x82,
    0xc6, 0x92, 0xc6, 0x92, 0xe6, 0x9a, 0xe6, 0x9a, 0xe6, 0x9a, 0xe6, 0x9a,
    0xc6, 0x92, 0xc6, 0x92, 0xe6, 0x92, 0xc6, 0x92, 0xc6, 0x92, 0xe6, 0x9a,
    0x07, 0x9b, 0x06, 0x9b, 0xe6, 0x9a, 0xe7, 0x9a, 0xe6, 0x9a, 0x06, 0xa3,
    0xe6, 0x9a, 0xe6, 0x9a, 0x07, 0xa3, 0x06, 0x9b, 0x06, 0x9b, 0x06, 0xa3,
    0x07, 0x9b, 0x06, 0x9b, 0x07, 0x9b, 0x06, 0x9b, 0x8c, 0x2c, 0x8d, 0x2c,
    0x8d, 0x2c, 0x8d, 0x2c, 0x8d, 0x2c, 0x8d, 0x2c, 0x8d, 0x2c, 0x8d, 0x2c,
    0x8d, 0x2c, 0x8d, 0x2c, 0xad, 0x2c, 0xad, 0x2c, 0xad, 0x2c, 0xad, 0x34,
    0xcd, 0x34, 0xcd, 0x34, 0xcc, 0x34, 0xed, 0x3c, 0xec, 0x3c, 0xec, 0x3c,
    0x6c, 0x55, 0x6c, 0x55, 0x6c, 0x5d, 0x8c, 0x5d, 0x6c, 0x5d, 0x8c, 0x5d,
    0x8c, 0x5d, 0x8b, 0x5d, 0x8b, 0x65, 0x8b, 0x65, 0x8b, 0x65, 0x8b, 0x65,
    0xab, 0x65, 0x8a, 0x65, 0xaa, 0x65, 0xaa, 0x6d, 0x8a, 0x65, 0xaa, 0x6d,
    0x31, 0x76, 0x1a, 0x87, 0xfa, 0x86, 0x1a, 0x87, 0xfa, 0x7e, 0x1a, 0x7f,
    0x1a, 0x87, 0xfa, 0x86, 0x1a, 0x7f, 0xf9, 0x86, 0x1a, 0x87, 0xfa, 0x7e,
    0x1a, 0x87, 0x1a, 0x87, 0xfa, 0x7e, 0x1a, 0x87, 0x1a, 0x87, 0xfa, 0x86,
    0xfa, 0x7e, 0xf9, 0x7e, 0x1a, 0x87, 0xfa, 0x7e, 0xf9, 0x7e, 0xfa, 0x7e,
    0xfa, 0x86, 0xfa, 0x7e, 0x1a, 0x7f, 0x1a, 0x87, 0xfa, 0x86, 0x19, 0x7f,
    0xfa, 0x86, 0x1a, 0x87, 0x1a, 0x87, 0xf9, 0x7e, 0xfa, 0x7e, 0x1a, 0x87,
    0x1a, 0x87, 0xfa, 0x86, 0x1a, 0x87, 0xfa, 0x7e, 0xfa, 0x86, 0x1a, 0x7f,
    0xf9, 0x86, 0x1a, 0x7f, 0x1a, 0x7f, 0xfa, 0x86, 0xfa, 0x86, 0x1a, 0x7f,
    0xfa, 0x7e, 0xfa, 0x86, 0x1a, 0x7f, 0xfa, 0x7e, 0xfa, 0x86, 0xfa, 0x7e,
    0x1a, 0x7f, 0xfa, 0x86, 0xf9, 0x7e, 0x1a, 0x87, 0xfa, 0x7e, 0x1a, 0x7f,
    0x1a, 0x87, 0xfa, 0x7e, 0x1a, 0x87, 0x1a, 0x87, 0xfa, 0x7e, 0xfa, 0x86,
    0x1a, 0x87, 0x1a, 0x7f, 0x1a, 0x87, 0xfa, 0x86, 0x1a, 0x7f, 0x1a, 0x7f,
    0xfa, 0x86, 0xfa, 0x7e, 0x1a, 0x7f, 0xfa, 0x86, 0x1a, 0x87, 0x1a, 0x87,
    0xfa, 0x7e, 0xfa, 0x7e, 0xfa, 0x7e, 0x1a, 0x87, 0xfa, 0x7e, 0x1a, 0x7f,
    0xfa, 0x86, 0xf9, 0x7e, 0x1a, 0x7f, 0x1a, 0x87, 0xfa, 0x7e, 0x1a, 0x87,
    0x1a, 0x87, 0xfa, 0x86, 0x1a, 0x87, 0x1a, 0x7f, 0xfa, 0x86, 0xfa, 0x7e,
    0x1a, 0x7f, 0xfa, 0x86, 0xfa, 0x86, 0xfa, 0x7e, 0xfa, 0x7e, 0x1a, 0x7f,
    0x1a, 0x7f, 0xfa, 0x86, 0x1a, 0x7f, 0xfa, 0x7e, 0xf9, 0x86, 0xfa, 0x7e,
    0xfa, 0x7e, 0xfa, 0x86, 0x1a, 0x87, 0xfa, 0x7e, 0x31, 0x76, 0xa9, 0x6d,
    0x88, 0x6d, 0x88, 0x6d, 0xa9, 0x6d, 0x0e, 0x6e, 0x95, 0x7e, 0x69, 0x65,
    0x89, 0x65, 0x8a, 0x65, 0x8a, 0x65, 0x8a, 0x65, 0x8a, 0x65, 0x6a, 0x5d,
    0x6a, 0x5d, 0x6b, 0x5d, 0x8b, 0x5d, 0x8b, 0x5d, 0x6a, 0x5d, 0x6b, 0x55,
    0x6b, 0x55, 0x6b, 0x55, 0x0c, 0x45, 0x0d, 0x45, 0x0c, 0x3d, 0x0d, 0x3d,
    0x0d, 0x3d, 0x0d, 0x3d, 0x0d, 0x3d, 0xee, 0x3c, 0xcd, 0x44, 0x46, 0xab,
    0x46, 0xab, 0x47, 0xab, 0x46, 0xab, 0x46, 0xab, 0x46, 0xa3, 0x47, 0xa3,
    0x47, 0xab, 0x47, 0xa3, 0x26, 0xa3, 0x26, 0xa3, 0x06, 0x9b, 0x07, 0x9b,
    0x06, 0xa3, 0x06, 0x9b, 0xc6, 0x92, 0xc6, 0x8a, 0xc6, 0x8a, 0xa6, 0x8a,
    0xc6, 0x8a, 0xc6, 0x8a, 0xa6, 0x8a, 0xa6, 0x8a, 0xa6, 0x82, 0xa6, 0x82,
    0xa6, 0x82, 0xa6, 0x82, 0xa6, 0x82, 0xc6, 0x82, 0xc6, 0x8a, 0xa6, 0x82,
    0xa6, 0x8a, 0xc6, 0x92, 0xc6, 0x92, 0xe6, 0x92, 0xe6, 0x9a, 0xc6, 0x92,
    0xc6, 0x92, 0xc6, 0x92, 0xc6, 0x92, 0xc6, 0x92, 0xc6, 0x92, 0xe6, 0x92,
    0x06, 0x9b, 0xe6, 0x9a, 0x06, 0xa3, 0x06, 0x9b, 0xe6, 0x9a, 0x07, 0x9b,
    0x06, 0xa3, 0xe6, 0x9a, 0x07, 0xa3, 0xe6, 0x9a, 0x06, 0x9b, 0x06, 0xa3,
    0x06, 0x9b, 0x06, 0x9b, 0x06, 0x9b, 0xe6, 0xa2, 0x2b, 0x4c, 0x8d, 0x2c,
    0x8d, 0x2c, 0x8d, 0x2c, 0x8d, 0x2c, 0x8d, 0x2c, 0x8d, 0x2c, 0x8d, 0x2c,
    0xad, 0x2c, 0x8d, 0x2c, 0x8d, 0x2c, 0xad, 0x34, 0x8d, 0x2c, 0xad, 0x2c,
    0xad, 0x34, 0xed, 0x34, 0xec, 0x3c, 0xcc, 0x34, 0xed, 0x3c, 0xec, 0x3c,
    0x4c, 0x4d, 0x6c, 0x55, 0x6c, 0x5d, 0x6b, 0x5d, 0x6c, 0x5d, 0x8c, 0x5d,
    0x6c, 0x5d, 0x8c, 0x5d, 0x8b, 0x5d, 0x8b, 0x5d, 0x8b, 0x65, 0x8b, 0x5d,
    0x8b, 0x65, 0xab, 0x65, 0xab, 0x6d, 0xaa, 0x65, 0xaa, 0x6d, 0xaa, 0x6d,
    0xaa, 0x6d, 0x52, 0x76, 0x1a, 0x87, 0xfa, 0x86, 0xfa, 0x86, 0xfa, 0x86,
    0xfa, 0x86, 0x1a, 0x87, 0xfa, 0x86, 0xfa, 0x86, 0x1a, 0x7f, 0xfa, 0x7e,
    0xfa, 0x86, 0x1a, 0x87, 0xfa, 0x7e, 0xfa, 0x7e, 0x1a, 0x87, 0x1a, 0x87,
    0xfa, 0x7e, 0x1a, 0x87, 0xfa, 0x86, 0x1a, 0x7f, 0x1a, 0x87, 0x1a, 0x87,
    0xfa, 0x7e, 0x1a, 0x87, 0x19, 0x87, 0xfa, 0x86, 0xfa, 0x86, 0xfa, 0x7e,
    0x1a, 0x7f, 0xfa, 0x86, 0xfa, 0x86, 0x1a, 0x7f, 0xfa, 0x86, 0xfa, 0x7e,
    0x19, 0x87, 0x19, 0x7f, 0x1a, 0x87, 0x1a, 0x87, 0x1a, 0x7f, 0xfa, 0x86,
    0xfa, 0x7e, 0x1a, 0x87, 0x1a, 0x87, 0xfa, 0x7e, 0x1a, 0x87, 0x1a, 0x87,
    0x1a, 0x87, 0x1a, 0x87, 0x1a, 0x7f, 0x1a, 0x87, 0xf9, 0x86, 0xf9, 0x7e,
    0xfa, 0x86, 0x1a, 0x7f, 0x1a, 0x7f, 0xfa, 0x86, 0x1a, 0x87, 0xfa, 0x7e,
    0xfa, 0x7e, 0x19, 0x7f, 0xfa, 0x86, 0xfa, 0x7e, 0x1a, 0x87, 0xfa, 0x7e,
    0xfa, 0x7e, 0xfa, 0x7e, 0xfa, 0x7e, 0x1a, 0x87, 0xfa, 0x7e, 0xfa, 0x86,
    0x1a, 0x87, 0x1a, 0x7f, 0xfa, 0x86, 0x1a, 0x87, 0xfa, 0x7e, 0xfa, 0x7e,
    0x1a, 0x87, 0xfa, 0x7e, 0x19, 0x87, 0xfa, 0x86, 0x1a, 0x87, 0xfa, 0x86,
    0xfa, 0x86, 0xfa, 0x7e, 0xfa, 0x86, 0x1a, 0x87, 0xfa, 0x7e, 0x1a, 0x7f,
    0xfa, 0x86, 0x1a, 0x7f, 0xfa, 0x7e, 0xfa, 0x86, 0x1a, 0x87, 0x1a, 0x87,
    0xfa, 0x7e, 0x1a, 0x87, 0x1a, 0x7f, 0xfa, 0x7e, 0x1a, 0x87, 0xfa, 0x86,
    0xfa, 0x7e, 0x1a, 0x87, 0xfa, 0x7e, 0x1a, 0x87, 0xfa, 0x86, 0x1a, 0x7f,
    0x1a, 0x87, 0xfa, 0x7e, 0xfa, 0x86, 0xcb, 0x75, 0xa8, 0x6d, 0xa8, 0x6d,
    0xa9, 0x65, 0x89, 0x6d, 0x89, 0x65, 0x89, 0x65, 0x89, 0x6d, 0x89, 0x65,
    0x8a, 0x65, 0x89, 0x65, 0x8a, 0x65, 0x8a, 0x5d, 0x6a, 0x5d, 0x8a, 0x5d,
    0x6b, 0x5d, 0x6a, 0x5d, 0x6a, 0x5d, 0x6b, 0x5d, 0x6b, 0x55, 0x4b, 0x55,
    0x6b, 0x55, 0x4c, 0x4d, 0x0d, 0x45, 0x2d, 0x3d, 0x0c, 0x3d, 0x0d, 0x3d,
    0xed, 0x3c, 0x0d, 0x3d, 0xed, 0x3c, 0xee, 0x34, 0x6b, 0x5c, 0x47, 0xab,
    0x47, 0xab, 0x46, 0xab, 0x47, 0xa3, 0x46, 0xab, 0x46, 0xa3, 0x46, 0xa3,
    0x47, 0xab, 0x26, 0xa3, 0x06, 0xa3, 0x06, 0xa3, 0x06, 0x9b, 0x06, 0xa3,
    0x07, 0xa3, 0xe6, 0x9a, 0xc6, 0x8a, 0xc6, 0x8a, 0xc6, 0x92, 0xc6, 0x8a,
    0xa6, 0x8a, 0xc7, 0x8a, 0xa6, 0x8a, 0xa6, 0x82, 0xa6, 0x82, 0xc6, 0x82,
    0xa6, 0x82, 0xa6, 0x82, 0xa6, 0x82, 0xa6, 0x82, 0xa6, 0x82, 0xa6, 0x82,
    0xa6, 0x8a, 0xa6, 0x8a, 0xc6, 0x8a, 0xc6, 0x92, 0xa6, 0x92, 0xc6, 0x92,
    0xc6, 0x92, 0xc6, 0x92, 0xc6, 0x8a, 0xc6, 0x8a, 0xc6, 0x92, 0xc6, 0x92,
    0x06, 0x9b, 0xe6, 0xa2, 0x06, 0x9b, 0x06, 0x9b, 0xe6, 0x9a, 0xe6, 0x9a,
    0x06, 0x9b, 0x06, 0x9b, 0xe6, 0x9a, 0x06, 0xa3, 0x06, 0x9b, 0x07, 0x9b,
    0x06, 0x9b, 0x06, 0xa3, 0x07, 0x9b, 0x06, 0x9b, 0x89, 0x73, 0x8d, 0x2c,
    0x8d, 0x2c, 0x8d, 0x2c, 0x8d, 0x2c, 0x8d, 0x2c, 0x8d, 0x2c, 0x8d, 0x2c,
    0x8d, 0x2c, 0x8d, 0x2c, 0x8d, 0x2c, 0x8d, 0x2c, 0xad, 0x2c, 0x8d, 0x34,
    0xad, 0x34, 0xcd, 0x34, 0xec, 0x3c, 0xcd, 0x34, 0xec, 0x3c, 0xcd, 0x34,
    0x2c, 0x4d, 0x6c, 0x55, 0x6c, 0x55, 0x6c, 0x55, 0x6c, 0x5d, 0x8c, 0x55,
    0x6c, 0x5d, 0x6c, 0x5d, 0x6c, 0x5d, 0x8c, 0x5d, 0x8c, 0x5d, 0x8b, 0x5d,
    0x8b, 0x65, 0x8b, 0x65, 0xab, 0x65, 0xab, 0x6d, 0xaa, 0x6d, 0xaa, 0x6d,
    0xab, 0x6d, 0xaa, 0x65, 0x1a, 0x87, 0x1a, 0x87, 0x1a, 0x7f, 0x1a, 0x87,
    0xfa, 0x86, 0x1a, 0x7f, 0x1a, 0x87, 0xfa, 0x86, 0x1a, 0x87, 0x1a, 0x87,
    0xfa, 0x7e, 0x1a, 0x87, 0x1a, 0x87, 0xfa, 0x86, 0xfa, 0x86, 0x1a, 0x7f,
    0x1a, 0x87, 0xfa, 0x86, 0xfa, 0x7e, 0x1a, 0x87, 0x1a, 0x87, 0xfa, 0x7e,
    0x1a, 0x87, 0x1a, 0x87, 0xfa, 0x7e, 0x1a, 0x87, 0x1a, 0x7f, 0xfa, 0x86,
    0xfa, 0x7e, 0x1a, 0x7f, 0x1a, 0x87, 0xfa, 0x86, 0x1a, 0x87, 0x1a, 0x7f,
    0xfa, 0x7e, 0xfa, 0x7e, 0xfa, 0x7e, 0xfa, 0x86, 0x1a, 0x7f, 0x1a, 0x87,
    0xfa, 0x7e, 0xfa, 0x86, 0x1a, 0x7f, 0xfa, 0x7e, 0xfa, 0x7e, 0xf9, 0x7e,
    0xfa, 0x86, 0xfa, 0x7e, 0xf9, 0x7e, 0x1a, 0x87, 0x1a, 0x7f, 0x1a, 0x7f,
    0x1a, 0x87, 0xfa, 0x86, 0xfa, 0x86, 0x1a, 0x7f, 0xfa, 0x86, 0x1a, 0x87,
    0xfa, 0x7e, 0x1a, 0x87, 0xf9, 0x7e, 0xfa, 0x7e, 0x1a, 0x87, 0xfa, 0x7e,
    0x19, 0x7f, 0x1a, 0x87, 0xfa, 0x86, 0x19, 0x7f, 0xfa, 0x86, 0xfa, 0x7e,
    0x1a, 0x7f, 0xf9, 0x86, 0xfa, 0x7e, 0xfa, 0x7e, 0x19, 0x7f, 0xfa, 0x86,
    0xfa, 0x86, 0x1a, 0x7f, 0xfa, 0x7e, 0x1a, 0x7f, 0xfa, 0x7e, 0xfa, 0x7e,
    0x1a, 0x7f, 0x1a, 0x7f, 0xfa, 0x86, 0x1a, 0x7f, 0xfa, 0x7e, 0xfa, 0x86,
    0x1a, 0x7f, 0xfa, 0x7e, 0xf9, 0x86, 0x1a, 0x7f, 0x1a, 0x87, 0xfa, 0x7e,
    0xfa, 0x86, 0x1a, 0x7f, 0xfa, 0x86, 0x1a, 0x87, 0x19, 0x7f, 0xfa, 0x86,
    0x1a, 0x7f, 0x1a, 0x7f, 0xfa, 0x7e, 0xfa, 0x86, 0xfa, 0x7e, 0xfa, 0x86,
    0x1a, 0x87, 0x1a, 0x87, 0x2f, 0x76, 0xa9, 0x6d, 0xa9, 0x6d, 0xa9, 0x6d,
    0x89, 0x65, 0x89, 0x65, 0x89, 0x65, 0x89, 0x65, 0x89, 0x65, 0x8a, 0x65,
    0x8a, 0x65, 0x8a, 0x65, 0x8a, 0x65, 0x6a, 0x5d, 0x6a, 0x5d, 0x8a, 0x5d,
    0x8b, 0x5d, 0x6b, 0x5d, 0x6b, 0x55, 0x4c, 0x55, 0x4c, 0x4d, 0x2c, 0x4d,
    0x2c, 0x45, 0x0c, 0x45, 0x0d, 0x45, 0x0d, 0x3d, 0x0d, 0x3d, 0x0d, 0x3d,
    0x0d, 0x3d, 0x0d, 0x3d, 0x0e, 0x35, 0x0e, 0x35, 0x0a, 0x7c, 0x67, 0xab,
    0x47, 0xa3, 0x46, 0xa3, 0x47, 0xa3, 0x47, 0xab, 0x26, 0xab, 0x26, 0xa3,
    0x27, 0xab, 0x26, 0xa3, 0x07, 0xa3, 0x06, 0xa3, 0x06, 0x9b, 0x06, 0x9b,
    0x06, 0xa3, 0xe6, 0x9a, 0xc6, 0x8a, 0xc6, 0x8a, 0xa6, 0x8a, 0xc6, 0x92,
    0xa6, 0x8a, 0xa6, 0x8a, 0xa6, 0x8a, 0xa6, 0x8a, 0xc6, 0x82, 0xa6, 0x82,
    0xa6, 0x82, 0xa6, 0x82, 0xa6, 0x82, 0xa6, 0x82, 0xa6, 0x82, 0xa6, 0x82,
    0xa6, 0x8a, 0xa6, 0x8a, 0xc6, 0x92, 0xc6, 0x8a, 0xa6, 0x8a, 0xc6, 0x92,
    0xc6, 0x8a, 0xc6, 0x92, 0xc6, 0x92, 0xc6, 0x8a, 0xc6, 0x92, 0xc6, 0x92,
    0xe6, 0x9a, 0xe6, 0x9a, 0xe6, 0x9a, 0xe6, 0x9a, 0x06, 0xa3, 0x07, 0xa3,
    0xe6, 0x9a, 0x06, 0x9b, 0x06, 0x9b, 0x07, 0xa3, 0xe6, 0x9a, 0x06, 0x9b,
    0x07, 0x9b, 0xe6, 0x9a, 0x06, 0x9b, 0x06, 0x9b, 0xe7, 0x92, 0xad, 0x2c,
    0x8d, 0x2c, 0x8d, 0x2c, 0x8d, 0x2c, 0x8d, 0x2c, 0x8d, 0x2c, 0x8d, 0x2c,
    0x8d, 0x2c, 0x8d, 0x2c, 0x8d, 0x2c, 0x8d, 0x2c, 0x8d, 0x2c, 0xad, 0x2c,
    0xad, 0x34, 0xcd, 0x34, 0xcd, 0x34, 0xcc, 0x34, 0xcd, 0x34, 0xed, 0x3c,
    0x2c, 0x4d, 0x4c, 0x55, 0x6d, 0x55, 0x6c, 0x55, 0x6c, 0x55, 0x6c, 0x55,
    0x6c, 0x55, 0x6c, 0x55, 0x8c, 0x5d, 0x6c, 0x5d, 0x8c, 0x5d, 0x8c, 0x5d,
    0x8c, 0x5d, 0x8b, 0x65, 0x8b, 0x65, 0x8b, 0x65, 0xab, 0x65, 0xab, 0x65,
    0xaa, 0x6d, 0x89, 0x65, 0xd8, 0x7e, 0x1a, 0x87, 0xfa, 0x86, 0x1a, 0x7f,
    0x1a, 0x87, 0xfa, 0x86, 0x1a, 0x87, 0xfa, 0x7e, 0x1a, 0x87, 0x1a, 0x87,
    0xfa, 0x86, 0x1a, 0x87, 0x1a, 0x87, 0x1a, 0x87, 0x1a, 0x7f, 0xf9, 0x7e,
    0x1a, 0x87, 0x1a, 0x87, 0xfa, 0x7e, 0xfa, 0x86, 0xfa, 0x86, 0xfa, 0x7e,
    0x1a, 0x87, 0xfa, 0x7e, 0xfa, 0x86, 0x1a, 0x7f, 0x1a, 0x87, 0xfa, 0x86,
    0x19, 0x87, 0x1a, 0x87, 0xfa, 0x7e, 0xf9, 0x86, 0xfa, 0x7e, 0x1a, 0x87,
    0x1a, 0x87, 0x1a, 0x87, 0xfa, 0x86, 0xfa, 0x86, 0x1a, 0x87, 0x1a, 0x7f,
    0x1a, 0x87, 0xfa, 0x86, 0x19, 0x87, 0x1a, 0x87, 0x1a, 0x87, 0x1a, 0x87,
    0xfa, 0x7e, 0x1a, 0x7f, 0xfa, 0x86, 0xfa, 0x86, 0xfa, 0x7e, 0x1a, 0x87,
    0xfa, 0x7e, 0x1a, 0x87, 0xf9, 0x86, 0x1a, 0x7f, 0xfa, 0x86, 0xfa, 0x7e,
    0x1a, 0x87, 0x1a, 0x87, 0xfa, 0x7e, 0xfa, 0x86, 0x1a, 0x87, 0xfa, 0x86,
    0x1a, 0x87, 0xfa, 0x7e, 0x1a, 0x87, 0xf9, 0x7e, 0x1a, 0x7f, 0x1a, 0x87,
    0xfa, 0x7e, 0x1a, 0x87, 0x1a, 0x87, 0xfa, 0x86, 0x1a, 0x7f, 0xfa, 0x86,
    0x1a, 0x7f, 0xfa, 0x86, 0xfa, 0x86, 0x1a, 0x7f, 0x19, 0x87, 0xfa, 0x7e,
    0xfa, 0x86, 0x19, 0x87, 0x1a, 0x7f, 0xfa, 0x86, 0x19, 0x87, 0x1a, 0x87,
    0xfa, 0x86, 0xfa, 0x7e, 0x1a, 0x87, 0xfa, 0x7e, 0xfa, 0x7e, 0xfa, 0x86,
    0x1a, 0x7f, 0xfa, 0x86, 0xfa, 0x7e, 0x1a, 0x7f, 0xfa, 0x86, 0xfa, 0x7e,
    0xfa, 0x86, 0xfa, 0x86, 0x1a, 0x87, 0x1a, 0x87, 0xfa, 0x7e, 0xf8, 0x7e,
    0xd8, 0x86, 0x1b, 0x87, 0xa9, 0x6d, 0x89, 0x65, 0x89, 0x65, 0x89, 0x65,
    0x89, 0x6d, 0x89, 0x65, 0x89, 0x65, 0x8a, 0x65, 0x8a, 0x65, 0x8a, 0x65,
    0x8a, 0x65, 0x8a, 0x5d, 0x6a, 0x5d, 0x8a, 0x5d, 0x6a, 0x5d, 0x6a, 0x5d,
    0x6b, 0x5d, 0x4b, 0x55, 0x2c, 0x45, 0x2c, 0x45, 0x0c, 0x3d, 0x2c, 0x3d,
    0x0d, 0x3d, 0x2d, 0x3d, 0x0d, 0x3d, 0x0c, 0x3d, 0x0d, 0x3d, 0x0d, 0x3d,
    0xed, 0x3c, 0xed, 0x34, 0xed, 0x3c, 0x0e, 0x35, 0x87, 0x9b, 0x47, 0xab,
    0x46, 0xa3, 0x46, 0xa3, 0x47, 0xab, 0x26, 0xa3, 0x47, 0xab, 0x47, 0xa3,
    0x26, 0xa3, 0x06, 0xa3, 0x06, 0xa3, 0x07, 0x9b, 0x06, 0x9b, 0x06, 0xa3,
    0x07, 0xa3, 0xe6, 0x92, 0xc6, 0x8a, 0xa6, 0x92, 0xa6, 0x8a, 0xc6, 0x8a,
    0xa6, 0x8a, 0xc6, 0x8a, 0xa6, 0x8a, 0xa6, 0x82, 0xa6, 0x82, 0xa6, 0x82,
    0xa6, 0x82, 0xa6, 0x82, 0xa6, 0x8a, 0xa6, 0x82, 0xa6, 0x82, 0xa6, 0x82,
    0xc6, 0x8a, 0xc6, 0x92, 0xa5, 0x8a, 0xc6, 0x8a, 0xc6, 0x92, 0xc6, 0x8a,
    0xc6, 0x8a, 0xc6, 0x92, 0xa6, 0x92, 0xc6, 0x92, 0xc6, 0x92, 0xc6, 0x92,
    0xe6, 0x9a, 0xe6, 0x9a, 0xe6, 0x9a, 0x06, 0x9b, 0xe6, 0x9a, 0xe6, 0x9a,
    0xe6, 0x9a, 0xe6, 0x9a, 0xe6, 0x9a, 0xe6, 0x9a, 0x06, 0xa3, 0x06, 0xa3,
    0x06, 0x9b, 0xe6, 0x9a, 0x06, 0x9b, 0xe6, 0x9a, 0xc6, 0xa2, 0x4b, 0x44,
    0x6d, 0x2c, 0x8d, 0x2c, 0x8d, 0x2c, 0x8d, 0x2c, 0x8d, 0x2c, 0x8d, 0x2c,
    0x8d, 0x2c, 0x8d, 0x2c, 0x8d, 0x2c, 0x8d, 0x34, 0xad, 0x2c, 0xad, 0x2c,
    0xad, 0x34, 0xad, 0x34, 0xcd, 0x34, 0xcd, 0x34, 0xed, 0x34, 0xed, 0x3c,
    0x2d, 0x45, 0x6d, 0x4d, 0x4d, 0x55, 0x6d, 0x55, 0x6c, 0x55, 0x6d, 0x55,
    0x6c, 0x55, 0x6c, 0x55, 0x6c, 0x55, 0x6c, 0x5d, 0x8c, 0x5d, 0x6c, 0x5d,
    0x8c, 0x5d, 0x8b, 0x5d, 0x8b, 0x65, 0x8b, 0x65, 0xab, 0x65, 0xab, 0x65,
    0xaa, 0x6d, 0x8a, 0x65, 0xd8, 0x7e, 0x1a, 0x87, 0xfa, 0x86, 0x1a, 0x87,
    0x1a, 0x87, 0xfa, 0x86, 0xfa, 0x86, 0x1a, 0x87, 0x1a, 0x7f, 0xfa, 0x86,
    0xfa, 0x86, 0xfa, 0x86, 0x1a, 0x87, 0x1a, 0x7f, 0xfa, 0x86, 0x1a, 0x87,
    0xfa, 0x86, 0x1a, 0x87, 0x19, 0x87, 0x1a, 0x7f, 0x1a, 0x87, 0x1a, 0x87,
    0x1a, 0x7f, 0xfa, 0x86, 0x1a, 0x87, 0xfa, 0x86, 0xfa, 0x7e, 0x1a, 0x87,
    0xf9, 0x86, 0x1a, 0x87, 0x1a, 0x87, 0x19, 0x8f, 0x1a, 0x8f, 0x19, 0x8f,
    0x1a, 0x97, 0x1a, 0x8f, 0x1a, 0x8f, 0x1a, 0x87, 0x1a, 0x87, 0x1a, 0x87,
    0x1a, 0x7f, 0xfa, 0x86, 0xfa, 0x7e, 0x1a, 0x87, 0x1a, 0x87, 0xfa, 0x86,
    0x1a, 0x87, 0x1a, 0x87, 0x1a, 0x87, 0xfa, 0x86, 0x1a, 0x87, 0xfa, 0x86,
    0xfa, 0x7e, 0x1a, 0x7f, 0x1a, 0x87, 0xfa, 0x7e, 0x1a, 0x87, 0xf9, 0x7e,
    0x1a, 0x7f, 0xfa, 0x86, 0x1a, 0x87, 0x1a, 0x7f, 0xfa, 0x7e, 0xfa, 0x7e,
    0x1a, 0x87, 0xfa, 0x7e, 0xfa, 0x7e, 0x1a, 0x87, 0x1a, 0x87, 0xfa, 0x86,
    0xfa, 0x86, 0x1a, 0x7f, 0xfa, 0x7e, 0x1a, 0x87, 0xfa, 0x86, 0x1a, 0x7f,
    0x1a, 0x87, 0xf9, 0x7e, 0x1a, 0x87, 0xfa, 0x86, 0xfa, 0x7e, 0xfa, 0x86,
    0x1a, 0x87, 0xfa, 0x7e, 0x1a, 0x7f, 0xfa, 0x86, 0xfa, 0x7e, 0x1a, 0x7f,
    0x1a, 0x87, 0xfa, 0x86, 0x1a, 0x7f, 0x1a, 0x87, 0xfa, 0x86, 0x1a, 0x7f,
    0xf9, 0x86, 0x1a, 0x87, 0x1a, 0x87, 0xfa, 0x7e, 0x1a, 0x87, 0x1a, 0x87,
    0xfa, 0x7e, 0xfa, 0x86, 0x1a, 0x87, 0x52, 0x76, 0xa9, 0x6d, 0xa9, 0x6d,
    0xa8, 0x6d, 0xaa, 0x6d, 0x89, 0x65, 0x89, 0x65, 0x89, 0x65, 0x89, 0x65,
    0x89, 0x65, 0x8a, 0x65, 0x8a, 0x65, 0x89, 0x65, 0x6a, 0x5d, 0x6a, 0x5d,
    0x8a, 0x5d, 0x6a, 0x5d, 0x6a, 0x5d, 0x8b, 0x5d, 0x6a, 0x5d, 0x8b, 0x5d,
    0x6b, 0x55, 0x2c, 0x45, 0x2d, 0x45, 0x2c, 0x3d, 0x0d, 0x3d, 0x0d, 0x3d,
    0x0c, 0x3d, 0x0d, 0x3d, 0x0d, 0x3d, 0x0d, 0x3d, 0x0d, 0x3d, 0xed, 0x3c,
    0xed, 0x34, 0xee, 0x34, 0xee, 0x3c, 0xee, 0x3c, 0x26, 0xab, 0x47, 0xab,
    0x46, 0xab, 0x46, 0xa3, 0x27, 0xab, 0x46, 0xa3, 0x46, 0xa3, 0x26, 0xab,
    0x27, 0xa3, 0x26, 0xa3, 0x06, 0xa3, 0x06, 0xa3, 0x06, 0xa3, 0x06, 0x9b,
    0x06, 0x9b, 0xc6, 0x92, 0xc6, 0x8a, 0xc6, 0x8a, 0xc6, 0x92, 0xa6, 0x8a,
    0xc6, 0x8a, 0xa6, 0x8a, 0xa6, 0x82, 0xa6, 0x82, 0xa6, 0x82, 0xa6, 0x82,
    0xa6, 0x82, 0xa6, 0x82, 0xa6, 0x82, 0xa6, 0x82, 0xa6, 0x82, 0xa6, 0x82,
    0xa6, 0x8a, 0xa6, 0x8a, 0xa6, 0x8a, 0xa6, 0x92, 0xc6, 0x92, 0xa5, 0x8a,
    0xc6, 0x92, 0xc6, 0x92, 0xc6, 0x8a, 0xa6, 0x8a, 0xc6, 0x92, 0xc6, 0x8a,
    0xe6, 0x9a, 0xe6, 0x9a, 0xe6, 0x9a, 0xe6, 0x9a, 0xe6, 0x9a, 0x06, 0x9b,
    0x06, 0x9b, 0x07, 0xa3, 0xe6, 0x9a, 0x06, 0x9b, 0xe6, 0x9a, 0x07, 0xa3,
    0x06, 0x9b, 0xe6, 0x9a, 0x07, 0xa3, 0x06, 0x9b, 0xe6, 0x9a, 0xa9, 0x73,
    0x8d, 0x2c, 0x8d, 0x2c, 0x8d, 0x2c, 0x8d, 0x2c, 0x8d, 0x2c, 0x8d, 0x2c,
    0x8d, 0x2c, 0x8e, 0x2c, 0x8d, 0x2c, 0x8d, 0x2c, 0xae, 0x2c, 0x8d, 0x34,
    0xad, 0x34, 0xcd, 0x34, 0xcd, 0x34, 0xcd, 0x34, 0xcd, 0x34, 0xed, 0x3c,
    0x2d, 0x4d, 0x4d, 0x4d, 0x4d, 0x4d, 0x6d, 0x4d, 0x6d, 0x55, 0x6c, 0x55,
    0x6d, 0x55, 0x6d, 0x55, 0x6d, 0x55, 0x6c, 0x55, 0x6c, 0x55, 0x8c, 0x5d,
    0x8c, 0x5d, 0x6c, 0x5d, 0x8b, 0x5d, 0x8c, 0x65, 0x8b, 0x65, 0xab, 0x65,
    0xab, 0x65, 0x8a, 0x65, 0xf9, 0x86, 0x1a, 0x87, 0x1a, 0x87, 0x1a, 0x87,
    0xfa, 0x86, 0x1a, 0x87, 0x1a, 0x87, 0x1a, 0x87, 0x1a, 0x87, 0xfa, 0x86,
    0x1a, 0x87, 0x1a, 0x87, 0x1a, 0x87, 0xfa, 0x86, 0x1a, 0x87, 0x1a, 0x87,
    0x1a, 0x87, 0x1a, 0x87, 0xfa, 0x86, 0x1a, 0x7f, 0x1a, 0x87, 0x1a, 0x87,
    0x1a, 0x87, 0x1a, 0x87, 0x19, 0x87, 0x1a, 0x87, 0x1a, 0x87, 0x1a, 0x87,
    0x1a, 0x87, 0x1a, 0x8f, 0x1a, 0x97, 0x1a, 0x97, 0x39, 0x97, 0x3a, 0x97,
    0x1a, 0x97, 0x39, 0x97, 0x39, 0x97, 0x19, 0x8f, 0x1a, 0x8f, 0x1a, 0x87,
    0x1a, 0x87, 0x1a, 0x87, 0x1a, 0x87, 0x1a, 0x7f, 0xfa, 0x7e, 0xfa, 0x86,
    0x1a, 0x87, 0xfa, 0x7e, 0x1a, 0x7f, 0x1a, 0x7f, 0x1a, 0x87, 0xfa, 0x86,
    0x1a, 0x87, 0xfa, 0x86, 0x1a, 0x7f, 0xfa, 0x86, 0x1a, 0x87, 0x1a, 0x87,
    0xfa, 0x7e, 0xfa, 0x86, 0xf9, 0x86, 0x1a, 0x87, 0xfa, 0x7e, 0x1a, 0x87,
    0x1a, 0x87, 0xfa, 0x86, 0x1a, 0x87, 0xfa, 0x7e, 0xfa, 0x7e, 0x1a, 0x7f,
    0x1a, 0x87, 0xfa, 0x7e, 0xfa, 0x86, 0x1a, 0x87, 0xfa, 0x7e, 0xfa, 0x7e,
    0x1a, 0x87, 0xfa, 0x7e, 0x1a, 0x87, 0x1a, 0x87, 0xfa, 0x7e, 0x1a, 0x87,
    0xfa, 0x7e, 0x1a, 0x7f, 0xfa, 0x86, 0x1a, 0x87, 0xfa, 0x7e, 0xfa, 0x86,
    0x1a, 0x87, 0xfa, 0x86, 0x1a, 0x87, 0xfa, 0x86, 0x1a, 0x87, 0xfa, 0x7e,
    0xfa, 0x86, 0x1a, 0x87, 0xfa, 0x7e, 0xfa, 0x86, 0x1a, 0x87, 0x1a, 0x87,
    0xfa, 0x7e, 0x1a, 0x7f, 0x30, 0x76, 0x89, 0x6d, 0xa9, 0x6d, 0xa9, 0x6d,
    0x89, 0x65, 0xa9, 0x6d, 0x89, 0x65, 0x89, 0x65, 0x89, 0x65, 0x8a, 0x65,
    0x6a, 0x65, 0x8a, 0x65, 0x6a, 0x5d, 0x6a, 0x5d, 0x6a, 0x65, 0x8a, 0x5d,
    0x6a, 0x5d, 0x6a, 0x5d, 0x6a, 0x5d, 0x6b, 0x5d, 0x6b, 0x5d, 0x6b, 0x5d,
    0x4c, 0x4d, 0x2c, 0x45, 0x2d, 0x45, 0x2d, 0x3d, 0x0d, 0x45, 0x0d, 0x45,
    0x0d, 0x3d, 0x0c, 0x3d, 0x0d, 0x3d, 0x0d, 0x3d, 0xed, 0x3c, 0xed, 0x3c,
    0x0d, 0x35, 0xee, 0x34, 0xed, 0x3c, 0x8c, 0x54, 0x26, 0xab, 0x47, 0xab,
    0x47, 0xa3, 0x26, 0xa3, 0x26, 0xab, 0x27, 0xa3, 0x26, 0xa3, 0x26, 0xa3,
    0x26, 0xa3, 0x06, 0xa3, 0x06, 0xa3, 0x07, 0x9b, 0x06, 0xa3, 0x06, 0xa3,
    0xe6, 0x9a, 0xc6, 0x92, 0xc6, 0x92, 0xc6, 0x8a, 0xa6, 0x8a, 0xc6, 0x8a,
    0xc6, 0x8a, 0xc6, 0x8a, 0xc6, 0x8a, 0xa6, 0x82, 0xa6, 0x82, 0xa7, 0x82,
    0xa6, 0x82, 0xa6, 0x82, 0xa6, 0x82, 0x86, 0x82, 0x86, 0x82, 0x86, 0x82,
    0xa6, 0x8a, 0xc5, 0x8a, 0xa6, 0x8a, 0xc6, 0x92, 0xa5, 0x8a, 0xa6, 0x8a,
    0xa6, 0x8a, 0xa5, 0x8a, 0xc6, 0x8a, 0xc6, 0x92, 0xc6, 0x92, 0xc6, 0x8a,
    0xc6, 0x92, 0xe6, 0x9a, 0xe6, 0x9a, 0xe6, 0x9a, 0x07, 0x9b, 0xe6, 0x9a,
    0xe6, 0xa2, 0x06, 0x9b, 0x06, 0xa3, 0x06, 0x9b, 0x06, 0x9b, 0xe6, 0x9a,
    0xe6, 0x9a, 0x06, 0x9b, 0x07, 0x9b, 0x06, 0x9b, 0x07, 0xa3, 0x07, 0x9b,
    0xad, 0x2c, 0x8d, 0x2c, 0x8d, 0x2c, 0x8d, 0x2c, 0x6d, 0x2c, 0x8d, 0x2c,
    0x8d, 0x2c, 0x8d, 0x2c, 0x8d, 0x2c, 0xad, 0x34, 0xad, 0x2c, 0xad, 0x2c,
    0xad, 0x34, 0xcd, 0x34, 0xcd, 0x34, 0xcd, 0x34, 0xcc, 0x34, 0xed, 0x3c,
    0x4d, 0x4d, 0x4d, 0x4d, 0x4e, 0x4d, 0x4d, 0x4d, 0x6d, 0x4d, 0x6d, 0x55,
    0x6d, 0x55, 0x6d, 0x55, 0x6d, 0x55, 0x6d, 0x55, 0x6c, 0x55, 0x6c, 0x5d,
    0x8c, 0x5d, 0x8c, 0x5d, 0x8c, 0x5d, 0x8c, 0x5d, 0x8b, 0x5d, 0xab, 0x65,
    0xab, 0x65, 0xef, 0x6d, 0x1b, 0x8f, 0x1a, 0x87, 0x1a, 0x87, 0x1a, 0x87,
    0x1a, 0x87, 0x1a, 0x87, 0x1a, 0x87, 0x1a, 0x87, 0x1a, 0x87, 0x1a, 0x87,
    0x1a, 0x87, 0x1a, 0x87, 0x1a, 0x7f, 0x1a, 0x87, 0xfa, 0x86, 0x1a, 0x87,
    0x1a, 0x7f, 0xfa, 0x86, 0x1a, 0x87, 0xfa, 0x86, 0xfa, 0x86, 0xf9, 0x86,
    0x1a, 0x87, 0x1a, 0x7f, 0x1a, 0x87, 0x1a, 0x87, 0x1a, 0x87, 0x1a, 0x8f,
    0x19, 0x97, 0x39, 0x97, 0x3a, 0x97, 0x3a, 0x97, 0x3a, 0x9f, 0x3a, 0x9f,
    0x3a, 0x97, 0x3a, 0x97, 0x1a, 0x97, 0x1a, 0x97, 0x3a, 0x97, 0x1a, 0x8f,
    0x1a, 0x87, 0x1a, 0x87, 0x1a, 0x87, 0x1a, 0x87, 0x1a, 0x7f, 0x1a, 0x87,
    0xf9, 0x86, 0x1a, 0x87, 0x1a, 0x87, 0x1a, 0x87, 0xfa, 0x7e, 0x1a, 0x87,
    0x1a, 0x87, 0xf9, 0x7e, 0x1a, 0x87, 0xfa, 0x86, 0xfa, 0x7e, 0x1a, 0x87,
    0x1a, 0x87, 0xfa, 0x7e, 0x1a, 0x87, 0xfa, 0x86, 0xfa, 0x86, 0x1a, 0x7f,
    0xf9, 0x86, 0x1a, 0x87, 0x1a, 0x7f, 0xfa, 0x86, 0x19, 0x87, 0x1a, 0x87,
    0xfa, 0x86, 0x1a, 0x87, 0x19, 0x7f, 0xfa, 0x86, 0xfa, 0x7e, 0x19, 0x87,
    0xfa, 0x86, 0xfa, 0x7e, 0x1a, 0x7f, 0x1a, 0x87, 0xfa, 0x86, 0x19, 0x87,
    0x1a, 0x87, 0xfa, 0x86, 0x19, 0x87, 0x1a, 0x7f, 0xfa, 0x86, 0xfa, 0x7e,
    0x19, 0x7f, 0x1a, 0x87, 0xfa, 0x7e, 0x19, 0x7f, 0xfa, 0x86, 0x1a, 0x87,
    0x1a, 0x87, 0xfa, 0x7e, 0x1a, 0x87, 0xfa, 0x7e, 0xfa, 0x86, 0x1a, 0x87,
    0xfa, 0x86, 0xd7, 0x7e, 0x88, 0x6d, 0xa9, 0x6d, 0x89, 0x65, 0x89, 0x65,
    0x8a, 0x65, 0x89, 0x65, 0x8a, 0x65, 0x8a, 0x65, 0x8a, 0x65, 0x6a, 0x65,
    0x69, 0x5d, 0x6a, 0x5d, 0x8a, 0x5d, 0x6a, 0x5d, 0x6a, 0x5d, 0x6a, 0x5d,
    0x6a, 0x5d, 0x8a, 0x5d, 0x6a, 0x5d, 0x8b, 0x5d, 0x6b, 0x5d, 0x6b, 0x5d,
    0x2c, 0x45, 0x2c, 0x45, 0x0d, 0x3d, 0x0c, 0x3d, 0x0c, 0x3d, 0x2d, 0x3d,
    0x0d, 0x3d, 0x0d, 0x3d, 0x0d, 0x3d, 0x0d, 0x3d, 0x0d, 0x3d, 0xed, 0x34,
    0x0d, 0x35, 0xee, 0x3c, 0x0e, 0x35, 0x0a, 0x74, 0x46, 0xa3, 0x46, 0xa3,
    0x27, 0xa3, 0x27, 0xa3, 0x26, 0xab, 0x26, 0xa3, 0x27, 0xa3, 0x27, 0xa3,
    0x26, 0xa3, 0x26, 0xa3, 0x07, 0xa3, 0x06, 0x9b, 0x06, 0x9b, 0x06, 0x9b,
    0xe7, 0x9a, 0xc6, 0x92, 0xc6, 0x8a, 0xa6, 0x92, 0xc6, 0x8a, 0xa6, 0x8a,
    0xa6, 0x8a, 0xa6, 0x8a, 0xa6, 0x82, 0xa6, 0x8a, 0xa6, 0x82, 0xa6, 0x82,
    0xa6, 0x82, 0xa6, 0x82, 0xa6, 0x82, 0xa6, 0x82, 0xa6, 0x82, 0x86, 0x82,
    0xc6, 0x8a, 0xa6, 0x8a, 0xc6, 0x8a, 0xc6, 0x8a, 0xa6, 0x8a, 0xc6, 0x8a,
    0xc6, 0x92, 0xa6, 0x8a, 0xa6, 0x92, 0xc6, 0x8a, 0xa6, 0x8a, 0xc6, 0x92,
    0xc6, 0x92, 0xe6, 0x9a, 0xe6, 0x9a, 0xe6, 0x9a, 0xe6, 0x9a, 0xe6, 0x9a,
    0xe6, 0x9a, 0x06, 0x9b, 0x07, 0x9b, 0xe6, 0x9a, 0xe6, 0xa2, 0xe6, 0xa2,
    0x06, 0x9b, 0x06, 0xa3, 0x06, 0x9b, 0x06, 0xa3, 0x06, 0xa3, 0x06, 0xa3,
    0x4c, 0x3c, 0x8d, 0x34, 0x6d, 0x2c, 0x8d, 0x2c, 0x8d, 0x2c, 0x8d, 0x2c,
    0x8d, 0x2c, 0x8d, 0x34, 0x8d, 0x2c, 0x8d, 0x2c, 0xae, 0x34, 0xad, 0x34,
    0xad, 0x2c, 0xad, 0x34, 0xcd, 0x34, 0xcd, 0x34, 0xed, 0x34, 0x2e, 0x45,
    0x4e, 0x45, 0x4e, 0x45, 0x4e, 0x4d, 0x4e, 0x45, 0x4e, 0x45, 0x4e, 0x45,
    0x4d, 0x45, 0x4e, 0x45, 0x4e, 0x45, 0x4d, 0x4d, 0x6d, 0x4d, 0x6d, 0x55,
    0x6c, 0x55, 0x8c, 0x5d, 0x8c, 0x5d, 0x8c, 0x5d, 0x8b, 0x65, 0x8b, 0x65,
    0xab, 0x65, 0xab, 0x65, 0xb7, 0x7e, 0x1a, 0x87, 0x1a, 0x87, 0xfa, 0x86,
    0x1a, 0x87, 0xfa, 0x86, 0xfa, 0x86, 0x1a, 0x87, 0xfa, 0x86, 0xfa, 0x86,
    0x1a, 0x87, 0xfa, 0x86, 0x1a, 0x87, 0x1a, 0x87, 0x1a, 0x87, 0x1a, 0x87,
    0xfa, 0x86, 0x1a, 0x87, 0x1a, 0x87, 0x1a, 0x87, 0x1a, 0x87, 0x1a, 0x87,
    0x1a, 0x87, 0x1a, 0x87, 0x1a, 0x8f, 0x19, 0x8f, 0x1a, 0x8f, 0x1a, 0x97,
    0x1a, 0x97, 0x3a, 0x97, 0x3a, 0x97, 0x19, 0x97, 0x1a, 0x97, 0x1a, 0x9f,
    0x39, 0x9f, 0x3a, 0x97, 0x1a, 0x97, 0x3a, 0x97, 0x19, 0x97, 0x19, 0x97,
    0x1a, 0x8f, 0x19, 0x87, 0x1a, 0x87, 0xfa, 0x86, 0x1a, 0x87, 0x1a, 0x87,
    0x1a, 0x87, 0x1a, 0x87, 0x1a, 0x87, 0x1a, 0x87, 0x1a, 0x87, 0x1a, 0x7f,
    0xfa, 0x86, 0x1a, 0x87, 0x1a, 0x87, 0xfa, 0x86, 0x1a, 0x87, 0xf9, 0x7e,
    0x1a, 0x87, 0x1a, 0x87, 0x1a, 0x87, 0x1a, 0x87, 0x1a, 0x87, 0xfa, 0x7e,
    0x1a, 0x87, 0x1a, 0x87, 0x1a, 0x87, 0x1a, 0x87, 0xfa, 0x7e, 0x1a, 0x87,
    0x1a, 0x7f, 0xfa, 0x86, 0x1a, 0x87, 0x1a, 0x7f, 0x1a, 0x87, 0x1a, 0x87,
    0xfa, 0x86, 0x1a, 0x87, 0xf9, 0x86, 0xfa, 0x7e, 0x1a, 0x87, 0xfa, 0x7e,
    0x1a, 0x87, 0xfa, 0x86, 0xfa, 0x7e, 0x1a, 0x87, 0x1a, 0x87, 0xfa, 0x86,
    0x1a, 0x87, 0xfa, 0x7e, 0x1a, 0x87, 0x1a, 0x87, 0xfa, 0x7e, 0x1a, 0x87,
    0x1a, 0x87, 0xfa, 0x7e, 0x1a, 0x87, 0x1a, 0x87, 0xfa, 0x7e, 0xfa, 0x86,
    0x1a, 0x87, 0x30, 0x76, 0xa9, 0x6d, 0x89, 0x65, 0x89, 0x65, 0x8a, 0x65,
    0x89, 0x65, 0x8a, 0x65, 0x89, 0x65, 0x69, 0x65, 0x6a, 0x5d, 0x6a, 0x5d,
    0x6a, 0x5d, 0x6a, 0x5d, 0x6a, 0x5d, 0x8a, 0x5d, 0x6a, 0x5d, 0x6a, 0x5d,
    0x8b, 0x5d, 0x6a, 0x5d, 0x6b, 0x5d, 0x6b, 0x5d, 0x6b, 0x5d, 0x6b, 0x5d,
    0x4b, 0x4d, 0x2c, 0x45, 0x2d, 0x45, 0x2d, 0x45, 0x0c, 0x3d, 0x0d, 0x3d,
    0x0d, 0x3d, 0x0d, 0x3d, 0x0d, 0x3d, 0x0d, 0x3d, 0xed, 0x3c, 0x0d, 0x35,
    0xed, 0x34, 0xed, 0x34, 0x0e, 0x35, 0xa8, 0x8b, 0x27, 0xa3, 0x46, 0xa3,
    0x26, 0xa3, 0x26, 0xa3, 0x26, 0xa3, 0x26, 0xa3, 0x26, 0xa3, 0x27, 0xa3,
    0x26, 0xa3, 0x27, 0xa3, 0x06, 0xa3, 0x06, 0xa3, 0x06, 0xa3, 0x06, 0x9b,
    0x06, 0x9b, 0xc6, 0x92, 0xc6, 0x8a, 0xa6, 0x8a, 0xc6, 0x8a, 0xc6, 0x8a,
    0xa6, 0x8a, 0xa6, 0x8a, 0xa6, 0x8a, 0xa6, 0x82, 0xa6, 0x82, 0xa6, 0x82,
    0xa6, 0x82, 0x86, 0x82, 0x86, 0x82, 0xa6, 0x82, 0xa6, 0x82, 0x86, 0x7a,
    0xa6, 0x8a, 0xa6, 0x8a, 0xa5, 0x8a, 0xa6, 0x92, 0xc6, 0x8a, 0xc6, 0x92,
    0xc6, 0x8a, 0xc5, 0x8a, 0xc6, 0x92, 0xc6, 0x92, 0xc6, 0x8a, 0xa6, 0x8a,
    0xc6, 0x92, 0xe6, 0x9a, 0xe6, 0x9a, 0x06, 0x9b, 0xe6, 0x9a, 0xe6, 0x9a,
    0x06, 0x9b, 0x06, 0xa3, 0xe6, 0x9a, 0xe6, 0x9a, 0x06, 0xa3, 0x06, 0x9b,
    0x06, 0x9b, 0xe6, 0xa2, 0x06, 0x9b, 0x06, 0x9b, 0x06, 0xa3, 0x06, 0xa3,
    0x88, 0x83, 0x6c, 0x3c, 0x8d, 0x2c, 0x8d, 0x2c, 0x8d, 0x2c, 0x6d, 0x2c,
    0x8d, 0x2c, 0x8d, 0x2c, 0x8d, 0x2c, 0xad, 0x34, 0x8d, 0x2c, 0xad, 0x34,
    0xad, 0x34, 0xad, 0x34, 0xcd, 0x34, 0xed, 0x34, 0x2e, 0x45, 0x2e, 0x45,
    0x4e, 0x45, 0x4e, 0x45, 0x4e, 0x45, 0x4e, 0x45, 0x2e, 0x45, 0x4e, 0x45,
    0x4e, 0x45, 0x4e, 0x45, 0x4e, 0x45, 0x4e, 0x45, 0x4d, 0x4d, 0x4e, 0x4d,
    0x6d, 0x4d, 0x6c, 0x55, 0x6c, 0x5d, 0x8c, 0x5d, 0x8c, 0x5d, 0x8c, 0x65,
    0x8b, 0x65, 0xab, 0x65, 0x8b, 0x65, 0xf9, 0x86, 0xfa, 0x86, 0x1a, 0x87,
    0x1a, 0x87, 0x1a, 0x87, 0x1a, 0x87, 0x1a, 0x87, 0x1a, 0x87, 0x1a, 0x87,
    0x1a, 0x87, 0x1a, 0x87, 0xfa, 0x86, 0xfa, 0x86, 0xfa, 0x86, 0x1a, 0x87,
    0x1a, 0x87, 0x1a, 0x87, 0x1a, 0x7f, 0x1a, 0x87, 0x1a, 0x87, 0x1a, 0x87,
    0x1a, 0x8f, 0x1a, 0x8f, 0x19, 0x8f, 0x1a, 0x97, 0x3a, 0x97, 0x3a, 0x97,
    0x1a, 0x97, 0x1a, 0x97, 0x39, 0x97, 0x39, 0x9f, 0x1a, 0x97, 0x3a, 0x97,
    0x3a, 0x9f, 0x1a, 0x97, 0x39, 0x97, 0x3a, 0x97, 0x3a, 0x97, 0x1a, 0x97,
    0x1a, 0x97, 0x1a, 0x8f, 0x1a, 0x8f, 0x1a, 0x8f, 0x1a, 0x87, 0x1a, 0x87,
    0x1a, 0x87, 0xfa, 0x86, 0xfa, 0x86, 0x1a, 0x87, 0x1a, 0x87, 0xfa, 0x86,
    0x1a, 0x87, 0x1a, 0x87, 0x1a, 0x87, 0x1a, 0x87, 0xfa, 0x86, 0x1a, 0x87,
    0x1a, 0x87, 0x1a, 0x87, 0x1a, 0x7f, 0xf9, 0x86, 0x1a, 0x87, 0x1a, 0x87,
    0x1a, 0x7f, 0x1a, 0x87, 0xfa, 0x7e, 0xfa, 0x86, 0x1a, 0x87, 0xfa, 0x86,
    0x1a, 0x87, 0x1a, 0x87, 0x1a, 0x87, 0x1a, 0x7f, 0xfa, 0x86, 0x1a, 0x87,
    0x1a, 0x87, 0x1a, 0x87, 0x1a, 0x87, 0x1a, 0x87, 0xfa, 0x86, 0x1a, 0x87,
    0x1a, 0x7f, 0xfa, 0x86, 0xfa, 0x86, 0x1a, 0x87, 0xfa, 0x86, 0x1a, 0x87,
    0xfa, 0x86, 0xfa, 0x86, 0x1a, 0x87, 0xfa, 0x86, 0xfa, 0x86, 0x1a, 0x7f,
    0xfa, 0x86, 0x1a, 0x87, 0xfa, 0x86, 0x1a, 0x87, 0x1a, 0x87, 0xfa, 0x86,
    0x1b, 0x87, 0xed, 0x6d, 0xa9, 0x6d, 0x89, 0x65, 0x8a, 0x65, 0x8a, 0x65,
    0x89, 0x65, 0x8a, 0x65, 0x6a, 0x5d, 0x8a, 0x5d, 0x8a, 0x65, 0x6a, 0x5d,
    0x8a, 0x5d, 0x6a, 0x5d, 0x6a, 0x5d, 0x8a, 0x5d, 0x8a, 0x5d, 0x6a, 0x5d,
    0x6a, 0x5d, 0x6b, 0x5d, 0x6b, 0x55, 0x6b, 0x55, 0x6b, 0x55, 0x6b, 0x55,
    0x6b, 0x55, 0x4c, 0x4d, 0x2c, 0x45, 0x0c, 0x3d, 0x0d, 0x3d, 0x0d, 0x3d,
    0x0d, 0x3d, 0x0d, 0x3d, 0x0d, 0x3d, 0x0d, 0x3d, 0x0d, 0x3d, 0xee, 0x3c,
    0xee, 0x34, 0xed, 0x34, 0x0e, 0x35, 0x67, 0xa3, 0x27, 0xa3, 0x26, 0xab,
    0x46, 0xab, 0x27, 0xa3, 0x26, 0xa3, 0x26, 0xa3, 0x27, 0xa3, 0x26, 0xa3,
    0x06, 0xa3, 0x06, 0xa3, 0x06, 0xa3, 0x06, 0x9b, 0x06, 0xa3, 0xe6, 0x9a,
    0xe6, 0x9a, 0xc6, 0x92, 0xc6, 0x92, 0xa6, 0x8a, 0xa6, 0x8a, 0xa6, 0x8a,
    0xa6, 0x8a, 0xc6, 0x8a, 0xa6, 0x82, 0x86, 0x82, 0xa6, 0x82, 0xa6, 0x82,
    0x86, 0x82, 0xa6, 0x82, 0xa6, 0x82, 0x86, 0x82, 0x86, 0x82, 0x86, 0x7a,
    0xa6, 0x8a, 0xc6, 0x8a, 0xa5, 0x8a, 0xa5, 0x8a, 0xa6, 0x8a, 0xa6, 0x8a,
    0xa6, 0x92, 0xa6, 0x8a, 0xc6, 0x8a, 0xc6, 0x92, 0xc6, 0x8a, 0xc6, 0x92,
    0xc6, 0x92, 0xe6, 0x92, 0xe6, 0x9a, 0xe6, 0x9a, 0xe6, 0x9a, 0xe6, 0x9a,
    0xe6, 0x9a, 0xe6, 0x9a, 0xe6, 0x9a, 0x06, 0x9b, 0xe6, 0x9a, 0x07, 0x9b,
    0x06, 0xa3, 0x06, 0x9b, 0x07, 0xa3, 0x06, 0x9b, 0x06, 0xa3, 0x06, 0xa3,
    0x66, 0xab, 0xa6, 0xbb, 0xc8, 0x9b, 0x4b, 0x54, 0x8d, 0x2c, 0x8d, 0x34,
    0x8d, 0x2c, 0x8d, 0x2c, 0x8d, 0x34, 0xad, 0x2c, 0xae, 0x2c, 0xad, 0x2c,
    0xad, 0x2c, 0xcd, 0x34, 0xad, 0x2c, 0x0e, 0x3d, 0x2f, 0x3d, 0x2e, 0x45,
    0x2e, 0x3d, 0x4e, 0x45, 0x4e, 0x45, 0x2e, 0x45, 0x4e, 0x45, 0x2e, 0x45,
    0x4e, 0x45, 0x4e, 0x45, 0x4e, 0x45, 0x4e, 0x45, 0x4e, 0x45, 0x4d, 0x4d,
    0x6e, 0x4d, 0x6d, 0x4d, 0x6c, 0x55, 0x8c, 0x5d, 0x8c, 0x5d, 0x8c, 0x5d,
    0x8c, 0x65, 0xac, 0x65, 0xab, 0x65, 0x31, 0x76, 0x1a, 0x87, 0x1a, 0x87,
    0x1a, 0x87, 0x1a, 0x87, 0xfa, 0x86, 0x1a, 0x87, 0x1a, 0x87, 0x1a, 0x87,
    0x1a, 0x87, 0x1a, 0x87, 0x1a, 0x87, 0x1a, 0x87, 0x1a, 0x87, 0x1a, 0x87,
    0x1a, 0x87, 0xfa, 0x86, 0x1a, 0x87, 0xfa, 0x86, 0x1a, 0x87, 0xfa, 0x86,
    0x1a, 0x87, 0x1a, 0x87, 0x1a, 0x8f, 0x1a, 0x8f, 0x1a, 0x97, 0x3a, 0x97,
    0x39, 0x97, 0x3a, 0x9f, 0x3a, 0x9f, 0x3a, 0x9f, 0x3a, 0x9f, 0x3a, 0x97,
    0x39, 0x97, 0x3a, 0x9f, 0x3a, 0x9f, 0x3a, 0x97, 0x3a, 0x97, 0x3a, 0x97,
    0x39, 0x97, 0x3a, 0x97, 0x1a, 0x97, 0x39, 0x97, 0x1a, 0x97, 0x1a, 0x8f,
    0x1a, 0x8f, 0x1a, 0x87, 0x19, 0x87, 0x1a, 0x87, 0x1a, 0x87, 0x1a, 0x87,
    0x1a, 0x87, 0x1a, 0x87, 0x19, 0x87, 0x1a, 0x87, 0x1a, 0x87, 0xfa, 0x7e,
    0x1a, 0x87, 0x1a, 0x87, 0xfa, 0x86, 0x1a, 0x87, 0xfa, 0x7e, 0x1a, 0x87,
    0x1a, 0x87, 0xf9, 0x86, 0x1a, 0x87, 0x1a, 0x87, 0xf9, 0x86, 0x1a, 0x7f,
    0xfa, 0x86, 0xf9, 0x86, 0x1a, 0x7f, 0x1a, 0x87, 0xfa, 0x86, 0xf9, 0x7e,
    0xfa, 0x7e, 0x1a, 0x87, 0xfa, 0x7e, 0xfa, 0x86, 0x1a, 0x7f, 0x1a, 0x87,
    0xfa, 0x86, 0x1a, 0x87, 0x1a, 0x7f, 0xfa, 0x86, 0x19, 0x7f, 0x1a, 0x7f,
    0xfa, 0x86, 0x1a, 0x7f, 0x1a, 0x87, 0xfa, 0x86, 0x1a, 0x87, 0xfa, 0x86,
    0xfa, 0x86, 0x1a, 0x87, 0xfa, 0x7e, 0x1a, 0x87, 0x1a, 0x87, 0xfa, 0x86,
    0x1b, 0x87, 0x0f, 0x76, 0x89, 0x65, 0x89, 0x65, 0x8a, 0x65, 0x69, 0x65,
    0x8a, 0x5d, 0x6a, 0x5d, 0x6a, 0x5d, 0x6a, 0x5d, 0x6a, 0x5d, 0x6a, 0x5d,
    0x6a, 0x5d, 0x6a, 0x5d, 0x8a, 0x5d, 0x6b, 0x5d, 0x6b, 0x5d, 0x6b, 0x5d,
    0x6b, 0x5d, 0x6c, 0x4d, 0x4c, 0x45, 0x2c, 0x45, 0x2c, 0x45, 0x2d, 0x45,
    0x4c, 0x4d, 0x4c, 0x4d, 0x2d, 0x45, 0x0d, 0x3d, 0x0d, 0x3d, 0x0c, 0x3d,
    0x0d, 0x3d, 0x0d, 0x3d, 0x0d, 0x3d, 0xed, 0x3c, 0xed, 0x34, 0x0d, 0x3d,
    0x0e, 0x3d, 0xee, 0x3c, 0xed, 0x44, 0x26, 0xab, 0x26, 0xa3, 0x27, 0xa3,
    0x26, 0xa3, 0x27, 0xa3, 0x26, 0xa3, 0x27, 0xab, 0x06, 0xa3, 0x06, 0xa3,
    0x26, 0xa3, 0x06, 0xa3, 0x06, 0x9b, 0x06, 0xa3, 0x07, 0x9b, 0x06, 0x9b,
    0xe6, 0x9a, 0xc6, 0x92, 0xa6, 0x8a, 0xc6, 0x8a, 0xc6, 0x8a, 0xa6, 0x8a,
    0xa6, 0x8a, 0xa6, 0x8a, 0xa6, 0x82, 0xa6, 0x82, 0xa6, 0x82, 0x86, 0x82,
    0xa6, 0x82, 0xa6, 0x82, 0xa6, 0x82, 0x86, 0x82, 0xa6, 0x82, 0x86, 0x82,
    0xa6, 0x8a, 0xa6, 0x8a, 0xa6, 0x8a, 0xc6, 0x8a, 0xa5, 0x8a, 0xc6, 0x8a,
    0xc6, 0x92, 0xc6, 0x92, 0xc6, 0x8a, 0xa6, 0x8a, 0xc6, 0x92, 0xa6, 0x8a,
    0xc6, 0x8a, 0xe6, 0x92, 0xe6, 0x9a, 0xe6, 0x9a, 0xe6, 0x9a, 0xe6, 0x9a,
    0xe6, 0xa2, 0x06, 0x9b, 0x06, 0x9b, 0xe6, 0xa2, 0xe6, 0x9a, 0xe6, 0xa2,
    0x06, 0x9b, 0x06, 0x9b, 0xe6, 0x9a, 0x06, 0xa3, 0x06, 0x9b, 0x06, 0xa3,
    0x86, 0xb3, 0xa6, 0xbb, 0xa6, 0xbb, 0x86, 0xc3, 0xa7, 0xa3, 0x4b, 0x54,
    0x8d, 0x2c, 0x8d, 0x34, 0xad, 0x2c, 0xad, 0x34, 0xad, 0x2c, 0xad, 0x2c,
    0xad, 0x34, 0xad, 0x34, 0xae, 0x34, 0x0e, 0x3d, 0x2f, 0x3d, 0x2f, 0x3d,
    0x2f, 0x3d, 0x2e, 0x45, 0x4f, 0x3d, 0x2e, 0x45, 0x4e, 0x45, 0x4e, 0x45,
    0x4e, 0x45, 0x4e, 0x45, 0x4e, 0x45, 0x4e, 0x45, 0x4e, 0x45, 0x6e, 0x45,
    0x4e, 0x45, 0x4e, 0x4d, 0x6d, 0x55, 0x6c, 0x55, 0x8c, 0x5d, 0x8c, 0x5d,
    0x8c, 0x5d, 0x8c, 0x5d, 0x8c, 0x65, 0xcd, 0x65, 0x1b, 0x8f, 0x1a, 0x87,
    0x1a, 0x87, 0xfa, 0x86, 0x1a, 0x87, 0x1a, 0x87, 0xfa, 0x86, 0xfa, 0x86,
    0x1a, 0x87, 0x1a, 0x87, 0xfa, 0x86, 0x1a, 0x87, 0x1a, 0x87, 0xfa, 0x86,
    0x1a, 0x87, 0x1a, 0x87, 0xfa, 0x86, 0x1a, 0x87, 0x1a, 0x87, 0x1a, 0x87,
    0x1a, 0x87, 0x1a, 0x87, 0x1a, 0x87, 0x1a, 0x8f, 0x1a, 0x8f, 0x1a, 0x8f,
    0x19, 0x97, 0x1a, 0x97, 0x1a, 0x97, 0x1a, 0x97, 0x3a, 0x97, 0x39, 0x97,
    0x1a, 0x97, 0x3a, 0x9f, 0x3a, 0x97, 0x3a, 0x9f, 0x39, 0x97, 0x3a, 0x97,
    0x3a, 0x97, 0x19, 0x97, 0x3a, 0x97, 0x3a, 0x97, 0x39, 0x97, 0x3a, 0x97,
    0x19, 0x97, 0x1a, 0x97, 0x3a, 0x97, 0x19, 0x8f, 0x1a, 0x8f, 0x19, 0x87,
    0x1a, 0x87, 0x1a, 0x87, 0xfa, 0x86, 0x1a, 0x87, 0x1a, 0x87, 0x1a, 0x87,
    0x1a, 0x7f, 0xfa, 0x86, 0x1a, 0x87, 0x1a, 0x7f, 0x1a, 0x87, 0xfa, 0x86,
    0x1a, 0x87, 0x1a, 0x87, 0x1a, 0x87, 0x1a, 0x7f, 0x1a, 0x87, 0x1a, 0x87,
    0x1a, 0x87, 0x1a, 0x87, 0xfa, 0x86, 0xfa, 0x86, 0x1a, 0x87, 0x1a, 0x87,
    0x1a, 0x87, 0x1a, 0x87, 0x1a, 0x87, 0xfa, 0x7e, 0x19, 0x87, 0x1a, 0x87,
    0xfa, 0x86, 0xfa, 0x7e, 0x1a, 0x87, 0xfa, 0x86, 0xfa, 0x86, 0x1a, 0x87,
    0xfa, 0x86, 0x1a, 0x87, 0xfa, 0x7e, 0x1a, 0x87, 0x1a, 0x87, 0x1a, 0x7f,
    0x1a, 0x87, 0xfa, 0x86, 0x19, 0x87, 0xfa, 0x7e, 0x1a, 0x87, 0x19, 0x87,
    0x0e, 0x6e, 0xa9, 0x6d, 0x89, 0x65, 0x89, 0x65, 0x8a, 0x65, 0x8a, 0x65,
    0x8a, 0x5d, 0x6a, 0x65, 0x6a, 0x5d, 0x8a, 0x5d, 0x6a, 0x5d, 0x6a, 0x5d,
    0x6a, 0x5d, 0x6b, 0x5d, 0x6a, 0x5d, 0x6a, 0x5d, 0x6b, 0x5d, 0x6b, 0x55,
    0x4c, 0x4d, 0x2c, 0x45, 0x2c, 0x45, 0x2d, 0x45, 0x2d, 0x3d, 0x2d, 0x3d,
    0x2d, 0x45, 0x2c, 0x45, 0x2d, 0x45, 0x0d, 0x3d, 0x0c, 0x3d, 0x0d, 0x3d,
    0x0d, 0x3d, 0x0d, 0x3d, 0x0d, 0x3d, 0xed, 0x34, 0xed, 0x3c, 0x0d, 0x35,
    0xed, 0x34, 0xee, 0x34, 0x8c, 0x5c, 0x26, 0xab, 0x26, 0xa3, 0x27, 0xa3,
    0x26, 0xa3, 0x26, 0xa3, 0x06, 0xa3, 0x26, 0xa3, 0x06, 0xa3, 0x06, 0xa3,
    0x06, 0xa3, 0x06, 0xa3, 0x06, 0xa3, 0x06, 0xa3, 0x06, 0xa3, 0x06, 0x9b,
    0xe6, 0x9a, 0xa6, 0x8a, 0xc6, 0x8a, 0xc6, 0x8a, 0xc6, 0x92, 0xc6, 0x8a,
    0xa6, 0x8a, 0xa6, 0x8a, 0xa6, 0x82, 0xa6, 0x82, 0xa6, 0x82, 0x86, 0x82,
    0xa6, 0x82, 0x86, 0x82, 0xa6, 0x82, 0x86, 0x82, 0x86, 0x7a, 0x86, 0x7a,
    0xa6, 0x8a, 0xa5, 0x8a, 0xc6, 0x8a, 0xa6, 0x8a, 0xa5, 0x8a, 0xc6, 0x92,
    0xa5, 0x8a, 0xc5, 0x8a, 0xa6, 0x92, 0xa6, 0x8a, 0xa5, 0x8a, 0xc6, 0x92,
    0xa6, 0x8a, 0xc6, 0x92, 0xe6, 0x9a, 0xe6, 0x9a, 0x06, 0x9b, 0xe6, 0x9a,
    0x06, 0xa3, 0xe6, 0x9a, 0x07, 0x9b, 0x06, 0x9b, 0x06, 0x9b, 0xe6, 0x9a,
    0x06, 0xa3, 0xe6, 0x9a, 0x06, 0xa3, 0x06, 0xa3, 0x06, 0x9b, 0x47, 0xab,
    0xa6, 0xbb, 0xa6, 0xbb, 0xa6, 0xbb, 0xa6, 0xbb, 0xa6, 0xbb, 0xa6, 0xbb,
    0xc8, 0x9b, 0x6c, 0x3c, 0x8d, 0x2c, 0xad, 0x34, 0x8d, 0x34, 0xad, 0x2c,
    0xce, 0x34, 0x0f, 0x35, 0x0f, 0x3d, 0x2f, 0x3d, 0x2e, 0x3d, 0x2f, 0x3d,
    0x2f, 0x3d, 0x2e, 0x3d, 0x4f, 0x3d, 0x4f, 0x3d, 0x2e, 0x3d, 0x2e, 0x3d,
    0x2e, 0x45, 0x4e, 0x45, 0x4e, 0x45, 0x4e, 0x45, 0x4e, 0x45, 0x4e, 0x4d,
    0x4e, 0x45, 0x4d, 0x4d, 0x6d, 0x4d, 0x6d, 0x55, 0x8c, 0x5d, 0x8c, 0x5d,
    0x8c, 0x5d, 0x8b, 0x5d, 0x8b, 0x65, 0xcd, 0x65, 0x1b, 0x87, 0x1a, 0x87,
    0x1a, 0x87, 0x1a, 0x87, 0x1a, 0x87, 0x1a, 0x87, 0x1a, 0x87, 0x1a, 0x87,
    0x1a, 0x87, 0xfa, 0x86, 0x1a, 0x87, 0x1a, 0x87, 0x1a, 0x87, 0xfa, 0x86,
    0x1a, 0x87, 0x1a, 0x87, 0x1a, 0x87, 0x1a, 0x87, 0x1a, 0x87, 0x1a, 0x87,
    0x1a, 0x87, 0x1a, 0x87, 0x1a, 0x87, 0x1a, 0x87, 0x1a, 0x87, 0x1a, 0x8f,
    0x1a, 0x8f, 0x1a, 0x8f, 0x1a, 0x8f, 0x19, 0x8f, 0x1a, 0x97, 0x1a, 0x97,
    0x1a, 0x97, 0x19, 0x97, 0x1a, 0x97, 0x1a, 0x97, 0x19, 0x97, 0x3a, 0x97,
    0x3a, 0x97, 0x19, 0x97, 0x1a, 0x97, 0x3a, 0x97, 0x39, 0x97, 0x3a, 0x97,
    0x3a, 0x9f, 0x1a, 0x97, 0x19, 0x97, 0x3a, 0x97, 0x1a, 0x97, 0x1a, 0x8f,
    0x1a, 0x87, 0x1a, 0x87, 0xfa, 0x86, 0x1a, 0x87, 0xfa, 0x86, 0x1a, 0x87,
    0x1a, 0x87, 0xf9, 0x86, 0x1a, 0x87, 0xfa, 0x86, 0xf9, 0x86, 0x1a, 0x87,
    0x1a, 0x87, 0xfa, 0x86, 0x1a, 0x87, 0xfa, 0x86, 0xfa, 0x86, 0x1a, 0x87,
    0x1a, 0x87, 0x1a, 0x87, 0x1a, 0x87, 0xfa, 0x7e, 0x1a, 0x87, 0x1a, 0x87,
    0x1a, 0x87, 0xfa, 0x86, 0x1a, 0x87, 0x1a, 0x87, 0xfa, 0x86, 0x1a, 0x87,
    0xfa, 0x86, 0x1a, 0x7f, 0x1a, 0x87, 0x1a, 0x87, 0xfa, 0x86, 0x1a, 0x7f,
    0xfa, 0x86, 0x1a, 0x87, 0xf9, 0x86, 0xfa, 0x86, 0x1a, 0x7f, 0xfa, 0x86,
    0x1a, 0x87, 0x1a, 0x87, 0xfa, 0x86, 0x1a, 0x87, 0x1a, 0x87, 0xcc, 0x6d,
    0x89, 0x6d, 0x89, 0x65, 0x8a, 0x65, 0x8a, 0x65, 0x8a, 0x65, 0x6a, 0x5d,
    0x6a, 0x5d, 0x6a, 0x5d, 0x6a, 0x5d, 0x6a, 0x5d, 0x8a, 0x5d, 0x8a, 0x5d,
    0x6a, 0x5d, 0x6b, 0x5d, 0x8b, 0x5d, 0x6b, 0x5d, 0x6a, 0x5d, 0x6b, 0x55,
    0x2c, 0x45, 0x2c, 0x45, 0x2d, 0x3d, 0x2d, 0x3d, 0x2d, 0x3d, 0x0d, 0x3d,
    0x0d, 0x3d, 0x0d, 0x3d, 0x0d, 0x3d, 0x2d, 0x3d, 0x2d, 0x3d, 0x0d, 0x3d,
    0x0d, 0x3d, 0xed, 0x3c, 0xed, 0x3c, 0x0d, 0x35, 0xed, 0x3c, 0xee, 0x34,
    0xee, 0x34, 0xee, 0x34, 0xe9, 0x7b, 0x27, 0xa3, 0x27, 0xa3, 0x26, 0xa3,
    0x26, 0xa3, 0x26, 0xa3, 0x26, 0xa3, 0x06, 0xa3, 0x06, 0xa3, 0x26, 0xa3,
    0x07, 0xa3, 0x07, 0xa3, 0x06, 0x9b, 0x06, 0xa3, 0x07, 0xa3, 0xe6, 0x9a,
    0xe6, 0x9a, 0xc6, 0x92, 0xa6, 0x8a, 0xa6, 0x8a, 0xa6, 0x8a, 0xc6, 0x8a,
    0xa6, 0x8a, 0xa6, 0x8a, 0xa6, 0x8a, 0x86, 0x82, 0xa6, 0x82, 0xa6, 0x82,
    0xa6, 0x82, 0xa6, 0x82, 0x86, 0x82, 0xa6, 0x7a, 0xa6, 0x82, 0x86, 0x82,
    0xa6, 0x8a, 0xa5, 0x8a, 0xa6, 0x8a, 0xc6, 0x8a, 0xa6, 0x8a, 0xa6, 0x8a,
    0xa5, 0x8a, 0xc6, 0x8a, 0xa6, 0x8a, 0xc6, 0x8a, 0xc6, 0x92, 0xa6, 0x92,
    0xc6, 0x92, 0xc6, 0x92, 0xe6, 0x9a, 0xe6, 0x9a, 0xe6, 0x9a, 0xe6, 0x9a,
    0xe6, 0x9a, 0x06, 0x9b, 0xe6, 0xa2, 0xe7, 0xa2, 0xe6, 0x9a, 0xe6, 0x9a,
    0xe6, 0x9a, 0x07, 0xa3, 0x06, 0xa3, 0x06, 0x9b, 0x06, 0xa3, 0x86, 0xbb,
    0xa6, 0xbb, 0x86, 0xbb, 0xa6, 0xbb, 0xa6, 0xbb, 0xa6, 0xbb, 0xa6, 0xbb,
    0x86, 0xbb, 0x86, 0xbb, 0x4a, 0x64, 0xad, 0x2c, 0xae, 0x34, 0x0f, 0x35,
    0x0f, 0x3d, 0x2f, 0x3d, 0x0f, 0x35, 0x2f, 0x3d, 0x2e, 0x3d, 0x2f, 0x3d,
    0x2e, 0x3d, 0x4f, 0x45, 0x2f, 0x3d, 0x2f, 0x3d, 0x4e, 0x45, 0x2e, 0x3d,
    0x2f, 0x3d, 0x4e, 0x45, 0x2e, 0x3d, 0x4e, 0x45, 0x4e, 0x45, 0x4e, 0x45,
    0x4e, 0x45, 0x4e, 0x45, 0x4d, 0x4d, 0x6d, 0x55, 0x6c, 0x5d, 0x6c, 0x5d,
    0x8c, 0x5d, 0x8c, 0x5d, 0x8c, 0x5d, 0xef, 0x6d, 0x1a, 0x87, 0x1a, 0x87,
    0x1a, 0x8f, 0x1a, 0x87, 0xfa, 0x86, 0x1a, 0x87, 0x1a, 0x87, 0x1a, 0x87,
    0x1a, 0x87, 0x1a, 0x87, 0x1a, 0x87, 0x1a, 0x87, 0xf9, 0x86, 0x1a, 0x87,
    0x1a, 0x87, 0xfa, 0x86, 0x1a, 0x87, 0x1a, 0x87, 0xfa, 0x86, 0x1a, 0x87,
    0x1a, 0x87, 0xfa, 0x86, 0x1a, 0x87, 0x1a, 0x87, 0x1a, 0x87, 0x1a, 0x87,
    0x1a, 0x87, 0x1a, 0x87, 0x1a, 0x87, 0x1a, 0x8f, 0x1a, 0x8f, 0x1a, 0x87,
    0x1a, 0x8f, 0x1a, 0x8f, 0x1a, 0x8f, 0x1a, 0x8f, 0x1a, 0x8f, 0x1a, 0x8f,
    0x1a, 0x8f, 0x1a, 0x8f, 0x1a, 0x8f, 0x1a, 0x8f, 0x1a, 0x8f, 0x1a, 0x97,
    0x3a, 0x97, 0x3a, 0x97, 0x1a, 0x97, 0x3a, 0x97, 0x1a, 0x8f, 0x1a, 0x87,
    0x1a, 0x87, 0x1a, 0x87, 0xfa, 0x86, 0x1a, 0x87, 0x1a, 0x87, 0xfa, 0x86,
    0x1a, 0x87, 0x1a, 0x87, 0x1a, 0x87, 0x1a, 0x87, 0x1a, 0x87, 0xfa, 0x86,
    0xfa, 0x7e, 0x1a, 0x87, 0x1a, 0x7f, 0xfa, 0x86, 0xfa, 0x7e, 0x1a, 0x87,
    0x1a, 0x87, 0xfa, 0x7e, 0x1a, 0x87, 0x19, 0x87, 0xfa, 0x86, 0x1a, 0x87,
    0xfa, 0x7e, 0x19, 0x7f, 0x1a, 0x87, 0x1a, 0x87, 0xfa, 0x7e, 0xfa, 0x86,
    0x1a, 0x87, 0x19, 0x87, 0xfa, 0x86, 0x1a, 0x87, 0x19, 0x7f, 0xfa, 0x86,
    0x1a, 0x87, 0x1a, 0x87, 0x1a, 0x87, 0x1a, 0x87, 0x1a, 0x87, 0xfa, 0x86,
    0xfa, 0x86, 0x1a, 0x87, 0x1a, 0x7f, 0xfa, 0x86, 0x95, 0x7e, 0x89, 0x6d,
    0xa9, 0x6d, 0xaa, 0x65, 0x8a, 0x65, 0x6a, 0x65, 0x6a, 0x5d, 0x8a, 0x5d,
    0x6a, 0x5d, 0x6a, 0x5d, 0x6a, 0x5d, 0x6b, 0x5d, 0x6b, 0x5d, 0x6b, 0x5d,
    0x6a, 0x5d, 0x6a, 0x5d, 0x6b, 0x5d, 0x6b, 0x55, 0x6b, 0x55, 0x4c, 0x4d,
    0x2c, 0x45, 0x2d, 0x45, 0x2d, 0x45, 0x0c, 0x3d, 0x0d, 0x3d, 0x2d, 0x45,
    0x0d, 0x3d, 0x2d, 0x3d, 0x0d, 0x3d, 0x0d, 0x3d, 0x0d, 0x3d, 0x0d, 0x3d,
    0x0d, 0x3d, 0xed, 0x34, 0xed, 0x34, 0x0d, 0x3d, 0x0d, 0x35, 0xed, 0x3c,
    0x0c, 0x45, 0x0b, 0x45, 0x87, 0x93, 0x26, 0xa3, 0x26, 0xa3, 0x27, 0xa3,
    0x26, 0xa3, 0x07, 0xa3, 0x27, 0xa3, 0x06, 0xa3, 0x06, 0xa3, 0x06, 0xa3,
    0x06, 0xa3, 0x06, 0x9b, 0x06, 0x9b, 0x06, 0x9b, 0x06, 0x9b, 0xe6, 0x9a,
    0xc6, 0x92, 0xc6, 0x8a, 0xc6, 0x8a, 0xa6, 0x8a, 0xa6, 0x8a, 0xc6, 0x92,
    0xa6, 0x8a, 0xa6, 0x8a, 0xa6, 0x82, 0xa6, 0x82, 0x86, 0x82, 0x86, 0x82,
    0xa6, 0x82, 0xa6, 0x82, 0xa6, 0x82, 0x86, 0x7a, 0x86, 0x82, 0xa6, 0x82,
    0xa6, 0x8a, 0xa6, 0x8a, 0xa5, 0x8a, 0xc6, 0x8a, 0xa6, 0x8a, 0xa6, 0x8a,
    0xc6, 0x8a, 0xc6, 0x92, 0xa6, 0x8a, 0xc5, 0x8a, 0xc6, 0x8a, 0xc6, 0x8a,
    0xa6, 0x8a, 0xc5, 0x92, 0xe6, 0x9a, 0xe6, 0x9a, 0xe6, 0x9a, 0x06, 0x9b,
    0xe6, 0x9a, 0x06, 0x9b, 0x06, 0x9b, 0xe6, 0x9a, 0x06, 0xa3, 0xe6, 0x9a,
    0x06, 0x9b, 0xe6, 0x9a, 0x06, 0xa3, 0x06, 0x9b, 0x87, 0xb3, 0xa6, 0xbb,
    0xc6, 0xbb, 0xa6, 0xbb, 0xa6, 0xbb, 0xc6, 0xbb, 0xa6, 0xbb, 0xa6, 0xbb,
    0xa6, 0xbb, 0xa6, 0xbb, 0x66, 0xbb, 0x6c, 0x4c, 0x8d, 0x2c, 0xef, 0x34,
    0x0f, 0x3d, 0x0f, 0x35, 0x0f, 0x3d, 0x0f, 0x3d, 0x2f, 0x3d, 0x0e, 0x3d,
    0x2f, 0x3d, 0x2f, 0x3d, 0x2f, 0x3d, 0x2e, 0x3d, 0x2f, 0x45, 0x2f, 0x3d,
    0x4f, 0x3d, 0x4e, 0x45, 0x2e, 0x45, 0x4f, 0x3d, 0x4e, 0x45, 0x4e, 0x45,
    0x4e, 0x45, 0x4e, 0x45, 0x4e, 0x4d, 0x6d, 0x4d, 0x8d, 0x55, 0x8c, 0x5d,
    0x8c, 0x5d, 0x8c, 0x5d, 0x8b, 0x5d, 0x96, 0x7e, 0xfa, 0x86, 0x1a, 0x8f,
    0x1a, 0x87, 0x1a, 0x87, 0x1a, 0x87, 0xfa, 0x86, 0x1a, 0x87, 0xfa, 0x86,
    0x1a, 0x87, 0xfa, 0x86, 0x1a, 0x87, 0x1a, 0x87, 0x1a, 0x87, 0x1a, 0x87,
    0x1a, 0x87, 0x1a, 0x87, 0xfa, 0x86, 0x1a, 0x87, 0x1a, 0x87, 0xfa, 0x86,
    0x1a, 0x87, 0x1a, 0x87, 0xfa, 0x86, 0x1a, 0x87, 0x1a, 0x87, 0x1a, 0x87,
    0x1a, 0x87, 0x1a, 0x8f, 0x1a, 0x87, 0x1a, 0x87, 0x1a, 0x87, 0x1a, 0x87,
    0x1a, 0x87, 0x1a, 0x87, 0x1a, 0x87, 0x1a, 0x87, 0x1a, 0x87, 0x1a, 0x87,
    0x1a, 0x87, 0x1a, 0x87, 0x1a, 0x87, 0x1a, 0x87, 0x1a, 0x87, 0x1a, 0x87,
    0x1a, 0x87, 0x1a, 0x87, 0x1a, 0x87, 0x19, 0x87, 0x1a, 0x87, 0x1a, 0x87,
    0x1a, 0x87, 0x1a, 0x87, 0x1a, 0x87, 0x1a, 0x87, 0xfa, 0x86, 0x1a, 0x87,
    0x1a, 0x87, 0x1a, 0x87, 0xfa, 0x86, 0x1a, 0x7f, 0x1a, 0x87, 0x1a, 0x87,
    0x1a, 0x87, 0x19, 0x87, 0x1a, 0x87, 0x1a, 0x87, 0x1a, 0x87, 0x1a, 0x87,
    0x1a, 0x87, 0xfa, 0x86, 0x19, 0x87, 0x1a, 0x87, 0xfa, 0x86, 0xfa, 0x86,
    0x1a, 0x87, 0xfa, 0x86, 0x1a, 0x87, 0xfa, 0x7e, 0x19, 0x87, 0xfa, 0x86,
    0x1a, 0x7f, 0xfa, 0x86, 0x1a, 0x87, 0xfa, 0x7e, 0xfa, 0x86, 0x1a, 0x87,
    0xfa, 0x86, 0x1a, 0x87, 0xfa, 0x7e, 0xfa, 0x86, 0x1a, 0x87, 0xfa, 0x86,
    0x1a, 0x7f, 0xf9, 0x86, 0xfa, 0x86, 0x1a, 0x87, 0x31, 0x76, 0xa9, 0x65,
    0x8a, 0x65, 0x8a, 0x65, 0x8a, 0x65, 0x6a, 0x5d, 0x8a, 0x5d, 0x8a, 0x5d,
    0x8b, 0x5d, 0x6b, 0x5d, 0x6a, 0x5d, 0x6b, 0x5d, 0x6b, 0x55, 0x6b, 0x55,
    0x6b, 0x55, 0x6b, 0x5d, 0x6b, 0x55, 0x6b, 0x55, 0x6b, 0x55, 0x2c, 0x45,
    0x2d, 0x3d, 0x0d, 0x3d, 0x2d, 0x45, 0x0d, 0x3d, 0x2d, 0x3d, 0x0d, 0x3d,
    0x2d, 0x3d, 0x0c, 0x3d, 0x0d, 0x3d, 0x0d, 0x3d, 0x0d, 0x3d, 0x0c, 0x3d,
    0x09, 0x4d, 0x28, 0x55, 0x29, 0x55, 0x0a, 0x45, 0x0c, 0x45, 0x07, 0x55,
    0x27, 0x5d, 0x27, 0x55, 0x47, 0xa3, 0x26, 0xa3, 0x26, 0xa3, 0x26, 0xa3,
    0x06, 0xa3, 0x26, 0xa3, 0x06, 0xa3, 0x06, 0xa3, 0x06, 0xa3, 0x27, 0xa3,
    0x06, 0xa3, 0x06, 0xa3, 0x06, 0xa3, 0x06, 0xa3, 0x06, 0x9b, 0xe6, 0x9a,
    0xe6, 0x92, 0xc6, 0x92, 0xa6, 0x8a, 0xc6, 0x8a, 0xa6, 0x8a, 0xc6, 0x8a,
    0xa6, 0x8a, 0xa6, 0x8a, 0xa6, 0x82, 0xa6, 0x82, 0x86, 0x82, 0xa6, 0x82,
    0xa6, 0x82, 0x86, 0x82, 0xa6, 0x82, 0x86, 0x7a, 0x86, 0x82, 0xa6, 0x82,
    0xa5, 0x8a, 0xa6, 0x8a, 0xa6, 0x8a, 0xa5, 0x8a, 0xa6, 0x8a, 0xa5, 0x8a,
    0xa5, 0x8a, 0xa6, 0x8a, 0xa6, 0x92, 0xc6, 0x92, 0xa5, 0x8a, 0xa6, 0x8a,
    0xc6, 0x92, 0xc6, 0x8a, 0xe6, 0x9a, 0xe6, 0x9a, 0xe6, 0x9a, 0xe6, 0x9a,
    0xe6, 0x9a, 0x06, 0xa3, 0x06, 0x9b, 0xe6, 0x9a, 0x06, 0xa3, 0xe6, 0x9a,
    0x06, 0xa3, 0xe6, 0xa2, 0x06, 0xa3, 0x26, 0xa3, 0xc6, 0xc3, 0xc6, 0xbb,
    0xc6, 0xbb, 0xc7, 0xbb, 0xc6, 0xbb, 0xc6, 0xbb, 0xc6, 0xbb, 0xa6, 0xbb,
    0xa6, 0xbb, 0xa7, 0xbb, 0xa7, 0xb3, 0x88, 0x93, 0xce, 0x34, 0x0f, 0x35,
    0x0f, 0x35, 0x0f, 0x3d, 0x0f, 0x3d, 0x0f, 0x35, 0x2f, 0x3d, 0x2f, 0x3d,
    0x2f, 0x3d, 0x0e, 0x3d, 0x2f, 0x3d, 0x2f, 0x3d, 0x2e, 0x3d, 0x2e, 0x3d,
    0x2f, 0x45, 0x4f, 0x3d, 0x2e, 0x3d, 0x4e, 0x45, 0x4e, 0x45, 0x4e, 0x45,
    0x4e, 0x45, 0x4e, 0x45, 0x4e, 0x45, 0x4e, 0x4d, 0x6d, 0x55, 0x8d, 0x55,
    0x8c, 0x5d, 0x8c, 0x5d, 0x8c, 0x65, 0xcd, 0x6d, 0xd8, 0x86, 0x1a, 0x87,
    0x1a, 0x8f, 0xf9, 0x86, 0xf9, 0x86, 0x1b, 0x8f, 0x1a, 0x87, 0x1a, 0x87,
    0x1a, 0x87, 0x1a, 0x87, 0xfa, 0x86, 0x1a, 0x87, 0xfa, 0x86, 0xfa, 0x86,
    0x1a, 0x87, 0x1a, 0x87, 0xfa, 0x86, 0x1a, 0x87, 0x1a, 0x87, 0x1a, 0x87,
    0x1a, 0x87, 0x1a, 0x87, 0x1a, 0x87, 0x1a, 0x87, 0xfa, 0x86, 0x1a, 0x87,
    0x1a, 0x87, 0x1a, 0x87, 0x1a, 0x87, 0x1a, 0x87, 0x1a, 0x87, 0x1a, 0x87,
    0x1a, 0x87, 0x1a, 0x87, 0x1a, 0x87, 0x1a, 0x87, 0x1a, 0x87, 0x1a, 0x87,
    0x1a, 0x87, 0x1a, 0x87, 0x1a, 0x87, 0x1a, 0x87, 0x1a, 0x87, 0x1a, 0x87,
    0x1a, 0x87, 0xfa, 0x86, 0x1a, 0x87, 0x1a, 0x87, 0x1a, 0x87, 0x1a, 0x87,
    0xfa, 0x86, 0x1a, 0x87, 0x1a, 0x87, 0x19, 0x87, 0x1a, 0x87, 0x1a, 0x87,
    0x1a, 0x87, 0xfa, 0x86, 0x1a, 0x87, 0x1a, 0x87, 0xfa, 0x86, 0x1a, 0x87,
    0x1a, 0x87, 0xfa, 0x86, 0x1a, 0x87, 0xfa, 0x86, 0x19, 0x7f, 0xfa, 0x86,
    0x1a, 0x87, 0xfa, 0x86, 0xfa, 0x7e, 0x1a, 0x87, 0x1a, 0x87, 0xfa, 0x86,
    0x1a, 0x87, 0x1a, 0x87, 0x1a, 0x87, 0xfa, 0x86, 0x1a, 0x87, 0x1a, 0x87,
    0xfa, 0x7e, 0xfa, 0x86, 0x1a, 0x87, 0xfa, 0x86, 0x19, 0x87, 0x1a, 0x87,
    0x1a, 0x87, 0xfa, 0x7e, 0x1a, 0x87, 0xfa, 0x86, 0x1a, 0x7f, 0x1a, 0x87,
    0xfa, 0x86, 0x1a, 0x7f, 0x1a, 0x87, 0x1a, 0x87, 0x30, 0x76, 0x8a, 0x65,
    0x8a, 0x65, 0x8a, 0x65, 0x6a, 0x5d, 0x6a, 0x5d, 0x8a, 0x5d, 0x6b, 0x5d,
    0x6a, 0x5d, 0x6b, 0x55, 0x4c, 0x4d, 0x4c, 0x45, 0x2c, 0x45, 0x2c, 0x45,
    0x2d, 0x45, 0x2c, 0x45, 0x4c, 0x4d, 0x4c, 0x55, 0x4c, 0x4d, 0x2c, 0x45,
    0x2d, 0x45, 0x0c, 0x3d, 0x0d, 0x3d, 0x2d, 0x3d, 0x0d, 0x3d, 0x0d, 0x3d,
    0x0d, 0x3d, 0x0d, 0x3d, 0x0d, 0x3d, 0x0d, 0x3d, 0x0b, 0x45, 0x26, 0x65,
    0x47, 0x65, 0x27, 0x5d, 0x27, 0x65, 0x27, 0x5d, 0x26, 0x5d, 0x26, 0x65,
    0x27, 0x5d, 0xe7, 0x64, 0x06, 0xab, 0x26, 0xa3, 0x27, 0xa3, 0x26, 0xa3,
    0x06, 0xa3, 0x06, 0xa3, 0x06, 0xa3, 0x06, 0xa3, 0x06, 0x9b, 0x06, 0xa3,
    0x06, 0xa3, 0x06, 0x9b, 0x06, 0x9b, 0x06, 0x9b, 0xe6, 0x9a, 0xe6, 0xa2,
    0xc6, 0x92, 0xa6, 0x8a, 0xa6, 0x8a, 0xc6, 0x92, 0xc6, 0x8a, 0xa6, 0x8a,
    0xa6, 0x8a, 0xa6, 0x8a, 0x86, 0x82, 0xa6, 0x82, 0xa6, 0x82, 0xa6, 0x82,
    0x86, 0x82, 0xa6, 0x82, 0x86, 0x7a, 0x86, 0x82, 0x86, 0x82, 0x86, 0x7a,
    0xa6, 0x82, 0xa5, 0x8a, 0xa6, 0x8a, 0xa6, 0x8a, 0xa5, 0x8a, 0xa6, 0x8a,
    0xa6, 0x8a, 0xc6, 0x8a, 0xc6, 0x8a, 0xa6, 0x8a, 0xc6, 0x8a, 0xc5, 0x8a,
    0xa6, 0x8a, 0xc6, 0x92, 0xc6, 0x92, 0xe6, 0x9a, 0xe6, 0x9a, 0xe6, 0x9a,
    0xe6, 0x9a, 0xe6, 0x9a, 0xe6, 0x9a, 0x06, 0x9b, 0xe6, 0x9a, 0xe6, 0x9a,
    0x06, 0xa3, 0x06, 0x9b, 0x06, 0x9b, 0xa6, 0xbb, 0xc6, 0xc3, 0xc6, 0xc3,
    0xc6, 0xbb, 0xc6, 0xc3, 0xa6, 0xc3, 0xa6, 0xbb, 0xc6, 0xbb, 0xc6, 0xbb,
    0xc6, 0xbb, 0xa6, 0xbb, 0xa6, 0xbb, 0x26, 0xab, 0x8d, 0x54, 0x0f, 0x35,
    0x0f, 0x35, 0x0f, 0x3d, 0x0e, 0x35, 0x0f, 0x3d, 0x0f, 0x3d, 0x0f, 0x3d,
    0x2f, 0x3d, 0x2f, 0x3d, 0x2f, 0x3d, 0x2e, 0x3d, 0x2f, 0x3d, 0x2f, 0x3d,
    0x2e, 0x3d, 0x2f, 0x3d, 0x2f, 0x3d, 0x2f, 0x45, 0x4e, 0x3d, 0x4f, 0x45,
    0x2e, 0x45, 0x4e, 0x45, 0x4e, 0x45, 0x4e, 0x45, 0x6d, 0x4d, 0x6c, 0x5d,
    0x8c, 0x5d, 0x8c, 0x5d, 0x8c, 0x5d, 0xab, 0x65, 0xab, 0x65, 0x96, 0x7e,
    0xce, 0x6d, 0xab, 0x6d, 0xab, 0x6d, 0xed, 0x75, 0x96, 0x7e, 0x1a, 0x87,
    0x1a, 0x87, 0xfa, 0x86, 0x1a, 0x87, 0x1a, 0x87, 0x1a, 0x87, 0x1a, 0x87,
    0x1a, 0x87, 0x1a, 0x87, 0x1a, 0x87, 0x1a, 0x87, 0x1a, 0x87, 0xfa, 0x86,
    0x1a, 0x87, 0x1a, 0x87, 0x1a, 0x8f, 0xfa, 0x86, 0x1a, 0x87, 0x1a, 0x8f,
    0x1a, 0x87, 0x1a, 0x87, 0x1a, 0x8f, 0x1a, 0x87, 0x19, 0x87, 0x1a, 0x87,
    0x1a, 0x87, 0x1a, 0x87, 0x1a, 0x87, 0x1a, 0x87, 0x1a, 0x87, 0x1a, 0x8f,
    0x1a, 0x87, 0x1a, 0x87, 0x1a, 0x87, 0xf9, 0x86, 0x1a, 0x87, 0x1a, 0x87,
    0xfa, 0x86, 0x1a, 0x87, 0x1a, 0x87, 0xfa, 0x86, 0xfa, 0x86, 0x1a, 0x87,
    0x19, 0x87, 0xfa, 0x86, 0x1a, 0x87, 0xfa, 0x86, 0x1a, 0x87, 0xfa, 0x86,
    0x1a, 0x87, 0xf9, 0x86, 0x1a, 0x7f, 0x1a, 0x87, 0xfa, 0x86, 0xfa, 0x7e,
    0x1a, 0x87, 0x1a, 0x87, 0x1a, 0x87, 0xfa, 0x86, 0xfa, 0x86, 0x1a, 0x7f,
    0xfa, 0x86, 0x1a, 0x87, 0x1a, 0x87, 0xfa, 0x86, 0x1a, 0x87, 0xfa, 0x7e,
    0xfa, 0x7e, 0x1a, 0x87, 0xfa, 0x86, 0xf9, 0x7e, 0xfa, 0x86, 0x1a, 0x87,
    0xfa, 0x86, 0x19, 0x87, 0x1a, 0x87, 0xfa, 0x7e, 0xfa, 0x86, 0xf9, 0x86,
    0x1a, 0x87, 0xfa, 0x86, 0x1a, 0x87, 0x1a, 0x87, 0xf9, 0x86, 0xfa, 0x86,
    0x1a, 0x7f, 0xfa, 0x86, 0xfa, 0x86, 0x1a, 0x87, 0x95, 0x7e, 0x89, 0x65,
    0x8a, 0x65, 0x8a, 0x65, 0x8a, 0x5d, 0x6a, 0x5d, 0x8b, 0x65, 0x6b, 0x5d,
    0x6b, 0x5d, 0x4c, 0x4d, 0x4d, 0x45, 0x2c, 0x45, 0x2d, 0x45, 0x2d, 0x45,
    0x2d, 0x45, 0x2d, 0x45, 0x2d, 0x45, 0x2c, 0x45, 0x2c, 0x45, 0x2d, 0x45,
    0x0d, 0x3d, 0x0c, 0x3d, 0x2d, 0x3d, 0x0d, 0x3d, 0x0c, 0x3d, 0x0d, 0x3d,
    0x0d, 0x3d, 0x0d, 0x3d, 0x0d, 0x3d, 0x0d, 0x3d, 0x27, 0x5d, 0x47, 0x65,
    0x47, 0x5d, 0x47, 0x5d, 0x26, 0x65, 0x46, 0x65, 0x26, 0x65, 0x26, 0x5d,
    0x06, 0x5d, 0x87, 0x6c, 0x06, 0xa3, 0x26, 0xa3, 0x27, 0xa3, 0x06, 0xa3,
    0x06, 0xa3, 0x27, 0xa3, 0x07, 0xa3, 0x06, 0xa3, 0x06, 0x9b, 0x06, 0x9b,
    0x06, 0xa3, 0x06, 0x9b, 0x06, 0x9b, 0xe6, 0xa2, 0xe6, 0x9a, 0xe6, 0x9a,
    0xc6, 0x92, 0xc6, 0x8a, 0xa6, 0x8a, 0xa6, 0x8a, 0xa6, 0x8a, 0xa6, 0x8a,
    0xa6, 0x8a, 0xa6, 0x8a, 0xa6, 0x82, 0x86, 0x82, 0xa6, 0x82, 0x86, 0x82,
    0xa6, 0x82, 0xa6, 0x7a, 0xa6, 0x82, 0x85, 0x7a, 0x86, 0x82, 0x86, 0x82,
    0xa6, 0x8a, 0xa6, 0x8a, 0xa5, 0x82, 0xa6, 0x8a, 0xc6, 0x8a, 0xa5, 0x8a,
    0xa6, 0x8a, 0xc6, 0x8a, 0xc5, 0x8a, 0xa5, 0x8a, 0xc6, 0x8a, 0xa6, 0x8a,
    0xc6, 0x8a, 0xc6, 0x92, 0xc6, 0x8a, 0xe6, 0x92, 0xe6, 0x9a, 0xe6, 0x9a,
    0x06, 0x9b, 0x06, 0x9b, 0xe6, 0x9a, 0xe6, 0xa2, 0x06, 0x9b, 0xe6, 0x9a,
    0xe6, 0x9a, 0x06, 0xa3, 0x87, 0xb3, 0xc6, 0xbb, 0xc6, 0xc3, 0xc6, 0xbb,
    0xc6, 0xc3, 0xc6, 0xc3, 0xc6, 0xc3, 0xc6, 0xbb, 0xc6, 0xc3, 0xa6, 0xc3,
    0xa6, 0xbb, 0xa6, 0xbb, 0x86, 0xb3, 0x06, 0xa3, 0x27, 0x9b, 0x2f, 0x35,
    0x0f, 0x35, 0x0f, 0x3d, 0x0f, 0x35, 0x0f, 0x3d, 0x0f, 0x3d, 0x0f, 0x3d,
    0x2f, 0x3d, 0x0e, 0x3d, 0x2f, 0x3d, 0x2f, 0x3d, 0x2f, 0x3d, 0x2f, 0x45,
    0x4f, 0x3d, 0x2f, 0x45, 0x4e, 0x3d, 0x2f, 0x3d, 0x2f, 0x45, 0x4e, 0x3d,
    0x4e, 0x45, 0x4e, 0x45, 0x4e, 0x45, 0x4e, 0x45, 0x4d, 0x4d, 0x6c, 0x5d,
    0x8c, 0x5d, 0x8c, 0x5d, 0x8c, 0x65, 0xac, 0x65, 0xac, 0x65, 0xab, 0x65,
    0xab, 0x65, 0xab, 0x65, 0xab, 0x6d, 0xcb, 0x6d, 0xab, 0x6d, 0x73, 0x7e,
    0x1a, 0x87, 0xfa, 0x86, 0x1a, 0x87, 0x1a, 0x87, 0xfa, 0x86, 0x1a, 0x87,
    0x1a, 0x87, 0xfa, 0x86, 0x1a, 0x87, 0x1a, 0x87, 0xfa, 0x86, 0x19, 0x87,
    0x1a, 0x87, 0xfa, 0x86, 0x1a, 0x8f, 0x19, 0x87, 0x1a, 0x87, 0x1a, 0x87,
    0xfa, 0x86, 0x1a, 0x87, 0xfa, 0x86, 0x1a, 0x87, 0xfa, 0x86, 0x1a, 0x87,
    0x1a, 0x87, 0xfa, 0x86, 0x19, 0x87, 0x1a, 0x8f, 0xfa, 0x86, 0x1a, 0x87,
    0x1a, 0x8f, 0xfa, 0x86, 0x1a, 0x87, 0x1a, 0x87, 0x1a, 0x8f, 0x1a, 0x87,
    0x1a, 0x87, 0x19, 0x87, 0x1a, 0x87, 0x1a, 0x87, 0x1a, 0x87, 0x1a, 0x87,
    0x1a, 0x87, 0x1a, 0x87, 0x1a, 0x87, 0x1a, 0x87, 0xfa, 0x86, 0x1a, 0x87,
    0x1a, 0x87, 0x1a, 0x87, 0x1a, 0x87, 0xfa, 0x86, 0xfa, 0x86, 0x19, 0x87,
    0xfa, 0x86, 0xfa, 0x86, 0x1a, 0x7f, 0xfa, 0x86, 0x1a, 0x87, 0x1a, 0x87,
    0x19, 0x87, 0xfa, 0x86, 0x1a, 0x87, 0xfa, 0x86, 0x1a, 0x87, 0xf9, 0x7e,
    0xd8, 0x7e, 0x77, 0x6e, 0x76, 0x6e, 0x76, 0x6e, 0x77, 0x6e, 0x98, 0x76,
    0xd9, 0x7e, 0x1a, 0x87, 0xfa, 0x86, 0x1a, 0x87, 0x1a, 0x87, 0xfa, 0x86,
    0xfa, 0x7e, 0x1a, 0x87, 0xfa, 0x86, 0x1a, 0x87, 0xfa, 0x86, 0x1a, 0x87,
    0x1a, 0x87, 0xfa, 0x86, 0xfa, 0x7e, 0x1a, 0x87, 0xfa, 0x86, 0x8a, 0x65,
    0x8a, 0x65, 0x8a, 0x5d, 0x8a, 0x5d, 0x6b, 0x5d, 0x6a, 0x5d, 0x6b, 0x5d,
    0x4c, 0x4d, 0x2c, 0x45, 0x2c, 0x45, 0x2d, 0x45, 0x4d, 0x45, 0x2c, 0x45,
    0x2d, 0x45, 0x2d, 0x45, 0x2c, 0x3d, 0x2d, 0x3d, 0x2c, 0x45, 0x2d, 0x3d,
    0x2d, 0x3d, 0x2d, 0x3d, 0x2d, 0x45, 0x0d, 0x3d, 0x0d, 0x3d, 0x0d, 0x3d,
    0x0d, 0x3d, 0x0d, 0x3d, 0x0d, 0x3d, 0x0a, 0x45, 0x47, 0x65, 0x27, 0x5d,
    0x27, 0x5d, 0x46, 0x65, 0x26, 0x5d, 0x27, 0x65, 0x27, 0x5d, 0x26, 0x5d,
    0x27, 0x5d, 0x46, 0x7c, 0x06, 0xa3, 0x27, 0xa3, 0x26, 0xa3, 0x06, 0xa3,
    0x06, 0xa3, 0x06, 0xa3, 0x26, 0xa3, 0x06, 0xa3, 0x06, 0xa3, 0x06, 0x9b,
    0x06, 0xa3, 0xe6, 0x9a, 0xe7, 0x9a, 0x06, 0xa3, 0xe6, 0x9a, 0xc6, 0x8a,
    0xa6, 0x8a, 0xc6, 0x8a, 0xc6, 0x8a, 0xa6, 0x8a, 0xa6, 0x8a, 0xa6, 0x8a,
    0xa6, 0x8a, 0xa5, 0x82, 0xa6, 0x82, 0x85, 0x82, 0xa6, 0x82, 0x86, 0x82,
    0x86, 0x82, 0x86, 0x7a, 0xa6, 0x82, 0x85, 0x7a, 0x86, 0x7a, 0x85, 0x7a,
    0xa6, 0x8a, 0xa5, 0x8a, 0xa6, 0x8a, 0xa6, 0x8a, 0xa6, 0x8a, 0xa6, 0x8a,
    0xa6, 0x8a, 0xa6, 0x8a, 0xa6, 0x8a, 0xc6, 0x8a, 0xa6, 0x8a, 0xc6, 0x92,
    0xc6, 0x8a, 0xc6, 0x8a, 0xa6, 0x92, 0xe6, 0x9a, 0xe6, 0x9a, 0xe6, 0x9a,
    0xe6, 0x9a, 0xe6, 0x9a, 0xe6, 0x9a, 0xe6, 0xa2, 0xe6, 0x9a, 0x06, 0x9b,
    0xe6, 0xa2, 0x66, 0xab, 0xa6, 0xc3, 0xc6, 0xbb, 0xc6, 0xbb, 0xc6, 0xc3,
    0xc6, 0xbb, 0xc6, 0xbb, 0xc6, 0xbb, 0xc6, 0xc3, 0xc6, 0xbb, 0xa6, 0xbb,
    0xa6, 0xbb, 0xc7, 0xbb, 0x26, 0xa3, 0x26, 0xa3, 0x06, 0x9b, 0x2c, 0x64,
    0x0f, 0x35, 0x0f, 0x35, 0x2f, 0x3d, 0x2f, 0x35, 0x2f, 0x35, 0x0f, 0x3d,
    0x2f, 0x3d, 0x0f, 0x3d, 0x2f, 0x3d, 0x2f, 0x3d, 0x2f, 0x3d, 0x2f, 0x3d,
    0x2e, 0x3d, 0x2e, 0x3d, 0x2f, 0x45, 0x2e, 0x3d, 0x2e, 0x3d, 0x4f, 0x45,
    0x2e, 0x45, 0x4e, 0x45, 0x4e, 0x45, 0x4e, 0x45, 0x4d, 0x4d, 0x6c, 0x5d,
    0x8c, 0x5d, 0x8c, 0x5d, 0x8b, 0x65, 0x8c, 0x65, 0x8c, 0x65, 0xab, 0x65,
    0xac, 0x65, 0xac, 0x65, 0xab, 0x65, 0xab, 0x6d, 0xab, 0x6d, 0xaa, 0x6d,
    0xb7, 0x7e, 0x1a, 0x87, 0x1a, 0x87, 0x1a, 0x87, 0xfa, 0x86, 0x19, 0x87,
    0x1a, 0x87, 0xfa, 0x86, 0x1a, 0x87, 0x1a, 0x87, 0xfa, 0x86, 0x1a, 0x87,
    0x1a, 0x87, 0x1a, 0x87, 0x1a, 0x87, 0x1a, 0x87, 0x1a, 0x87, 0xfa, 0x86,
    0x19, 0x87, 0x1a, 0x87, 0x1a, 0x87, 0x1a, 0x87, 0x1a, 0x87, 0xfa, 0x86,
    0x1a, 0x8f, 0x1a, 0x87, 0x1a, 0x87, 0x1a, 0x87, 0x1a, 0x87, 0x1a, 0x87,
    0x1a, 0x87, 0xfa, 0x86, 0x1a, 0x87, 0x1a, 0x87, 0xfa, 0x86, 0x1a, 0x87,
    0x1a, 0x87, 0xfa, 0x86, 0x1a, 0x87, 0x1a, 0x87, 0x1a, 0x87, 0x1a, 0x87,
    0xfa, 0x86, 0xfa, 0x86, 0x1a, 0x87, 0x1a, 0x87, 0xf9, 0x86, 0xfa, 0x86,
    0xfa, 0x86, 0x1a, 0x87, 0x1a, 0x87, 0xfa, 0x86, 0x1a, 0x87, 0x1a, 0x87,
    0xfa, 0x86, 0xf9, 0x7e, 0x1a, 0x87, 0xfa, 0x86, 0x1a, 0x87, 0xfa, 0x86,
    0xfa, 0x86, 0x1a, 0x7f, 0x1a, 0x87, 0xf9, 0x7e, 0x97, 0x76, 0x76, 0x6e,
    0x77, 0x6e, 0x76, 0x6e, 0x77, 0x6e, 0x76, 0x6e, 0x76, 0x6e, 0x77, 0x6e,
    0x76, 0x66, 0x77, 0x6e, 0xb8, 0x76, 0xfa, 0x86, 0x1a, 0x87, 0x1a, 0x7f,
    0xfa, 0x86, 0x1a, 0x87, 0xf9, 0x7e, 0xfa, 0x7e, 0x1a, 0x87, 0x1a, 0x7f,
    0xfa, 0x86, 0x1a, 0x87, 0x1a, 0x87, 0xfa, 0x86, 0xf9, 0x86, 0x8a, 0x5d,
    0x8a, 0x5d, 0x6a, 0x5d, 0x8b, 0x5d, 0x6b, 0x5d, 0x6a, 0x5d, 0x6c, 0x4d,
    0x4c, 0x45, 0x4d, 0x45, 0x2c, 0x45, 0x2d, 0x45, 0x2d, 0x45, 0x2c, 0x45,
    0x2d, 0x45, 0x2d, 0x45, 0x0d, 0x3d, 0x0d, 0x3d, 0x0d, 0x3d, 0x0d, 0x3d,
    0x0d, 0x3d, 0x0d, 0x3d, 0x0d, 0x3d, 0x0d, 0x3d, 0x0d, 0x3d, 0x2d, 0x3d,
    0x0d, 0x3d, 0x0d, 0x3d, 0x0d, 0x3d, 0x09, 0x4d, 0x27, 0x5d, 0x27, 0x65,
    0x27, 0x5d, 0x26, 0x65, 0x27, 0x5d, 0x27, 0x5d, 0x06, 0x5d, 0x26, 0x5d,
    0x27, 0x5d, 0xa6, 0x8b, 0x27, 0xa3, 0x26, 0xa3, 0x06, 0xa3, 0x07, 0xa3,
    0x06, 0xa3, 0x06, 0xa3, 0x06, 0xa3, 0x06, 0x9b, 0x06, 0xa3, 0x07, 0xa3,
    0x06, 0x9b, 0xe6, 0xa2, 0x06, 0x9b, 0xe6, 0x9a, 0xc6, 0x92, 0xa6, 0x8a,
    0xc6, 0x8a, 0xa6, 0x8a, 0xa6, 0x8a, 0xa6, 0x8a, 0xa6, 0x8a, 0xa6, 0x8a,
    0xa6, 0x8a, 0xa6, 0x82, 0xa6, 0x82, 0xa6, 0x82, 0xa6, 0x82, 0xa6, 0x82,
    0x85, 0x82, 0x86, 0x7a, 0x86, 0x82, 0x86, 0x82, 0x86, 0x7a, 0x86, 0x82,
    0xa6, 0x82, 0xa5, 0x82, 0xa6, 0x8a, 0xa6, 0x8a, 0xa5, 0x8a, 0xc5, 0x8a,
    0xa6, 0x8a, 0xa5, 0x8a, 0xc6, 0x8a, 0xa6, 0x8a, 0xc5, 0x8a, 0xa6, 0x8a,
    0xa5, 0x8a, 0xc6, 0x8a, 0xa5, 0x8a, 0xe6, 0x92, 0xe6, 0x9a, 0xe6, 0x9a,
    0xe6, 0x9a, 0xe6, 0x9a, 0xe6, 0x9a, 0x06, 0x9b, 0x06, 0xa3, 0x06, 0x9b,
    0x26, 0xab, 0xc6, 0xc3, 0xc6, 0xbb, 0xc6, 0xc3, 0xc6, 0xc3, 0xc6, 0xbb,
    0xc6, 0xc3, 0xc6, 0xbb, 0xc6, 0xc3, 0xc6, 0xbb, 0xc7, 0xbb, 0xa6, 0xc3,
    0xc6, 0xbb, 0x46, 0xab, 0x06, 0xa3, 0x06, 0x9b, 0x07, 0x9b, 0x27, 0x93,
    0x2f, 0x35, 0x0f, 0x3d, 0x0f, 0x3d, 0x0f, 0x3d, 0x0f, 0x3d, 0x2f, 0x3d,
    0x2f, 0x35, 0x0f, 0x3d, 0x2e, 0x3d, 0x2f, 0x3d, 0x2f, 0x3d, 0x2e, 0x3d,
    0x2f, 0x3d, 0x2f, 0x3d, 0x4f, 0x45, 0x4f, 0x45, 0x2f, 0x3d, 0x4f, 0x3d,
    0x4f, 0x45, 0x4e, 0x45, 0x4e, 0x45, 0x4e, 0x45, 0x4e, 0x4d, 0x8d, 0x55,
    0x8c, 0x5d, 0x8c, 0x5d, 0x8c, 0x5d, 0x8c, 0x5d, 0x8c, 0x5d, 0x8c, 0x65,
    0xac, 0x65, 0xac, 0x65, 0xac, 0x65, 0xac, 0x65, 0xab, 0x65, 0xab, 0x6d,
    0x0f, 0x76, 0x1a, 0x87, 0xfa, 0x86, 0x1a, 0x8f, 0x1a, 0x87, 0xfa, 0x86,
    0x1a, 0x87, 0x1a, 0x87, 0xfa, 0x86, 0x1a, 0x87, 0x1a, 0x87, 0x1a, 0x87,
    0x1a, 0x8f, 0xfa, 0x86, 0x1a, 0x87, 0x1a, 0x87, 0xfa, 0x86, 0x1a, 0x8f,
    0x1a, 0x87, 0x1a, 0x87, 0xfa, 0x8e, 0x19, 0x87, 0x1a, 0x8f, 0x1a, 0x87,
    0xfa, 0x86, 0x1a, 0x87, 0x1a, 0x87, 0x1a, 0x87, 0xfa, 0x86, 0x19, 0x87,
    0x1a, 0x87, 0x1a, 0x87, 0x1a, 0x87, 0xfa, 0x86, 0x1a, 0x87, 0x1a, 0x87,
    0xfa, 0x86, 0x1a, 0x87, 0xfa, 0x86, 0xfa, 0x86, 0x1a, 0x87, 0x1a, 0x87,
    0x1a, 0x87, 0x1a, 0x87, 0x1a, 0x87, 0x1a, 0x87, 0xfa, 0x86, 0x1a, 0x87,
    0x1a, 0x87, 0xfa, 0x86, 0x1a, 0x87, 0xfa, 0x86, 0x1a, 0x7f, 0x1a, 0x87,
    0xfa, 0x86, 0x1a, 0x87, 0x1a, 0x87, 0xfa, 0x86, 0x1a, 0x87, 0x1a, 0x87,
    0xfa, 0x86, 0xfa, 0x86, 0x97, 0x76, 0x76, 0x6e, 0x76, 0x6e, 0x57, 0x6e,
    0x76, 0x6e, 0x56, 0x6e, 0x56, 0x6e, 0x56, 0x6e, 0x56, 0x66, 0x76, 0x6e,
    0x56, 0x6e, 0x76, 0x6e, 0x56, 0x6e, 0x56, 0x6e, 0x98, 0x6e, 0xf9, 0x7e,
    0x1a, 0x87, 0xfa, 0x86, 0xfa, 0x86, 0x1a, 0x87, 0xfa, 0x86, 0xfa, 0x86,
    0xfa, 0x7e, 0x1a, 0x87, 0x1a, 0x87, 0xfa, 0x86, 0xb7, 0x7e, 0x8a, 0x5d,
    0x8a, 0x5d, 0x6b, 0x5d, 0x8b, 0x5d, 0x6a, 0x5d, 0x6b, 0x55, 0x4c, 0x4d,
    0x2c, 0x45, 0x2d, 0x45, 0x2d, 0x45, 0x2c, 0x45, 0x2d, 0x45, 0x2d, 0x45,
    0x2d, 0x3d, 0x0c, 0x3d, 0x0d, 0x3d, 0x0d, 0x3d, 0x0d, 0x3d, 0x0d, 0x3d,
    0x0d, 0x45, 0x2d, 0x3d, 0x0c, 0x3d, 0x0d, 0x3d, 0x0d, 0x3d, 0x0c, 0x3d,
    0x0d, 0x3d, 0x0c, 0x3d, 0x0d, 0x3d, 0x09, 0x4d, 0x27, 0x5d, 0x27, 0x5d,
    0x26, 0x5d, 0x27, 0x5d, 0x27, 0x5d, 0x06, 0x5d, 0x06, 0x5d, 0x27, 0x5d,
    0x27, 0x5d, 0x26, 0x9b, 0x26, 0xa3, 0x26, 0xa3, 0x26, 0xa3, 0x27, 0xa3,
    0x06, 0xa3, 0x06, 0x9b, 0x06, 0xa3, 0x06, 0xa3, 0x06, 0x9b, 0x06, 0x9b,
    0xe6, 0x9a, 0x06, 0xa3, 0xe6, 0x9a, 0xc6, 0x92, 0xa6, 0x8a, 0xa6, 0x8a,
    0xa6, 0x8a, 0xa6, 0x8a, 0xa6, 0x8a, 0xa6, 0x8a, 0xa6, 0x8a, 0xa6, 0x82,
    0xa6, 0x8a, 0xa5, 0x8a, 0x86, 0x82, 0x86, 0x82, 0x85, 0x82, 0xa6, 0x82,
    0xa6, 0x82, 0x86, 0x82, 0xa6, 0x82, 0x86, 0x82, 0xa6, 0x82, 0x86, 0x7a,
    0xa6, 0x8a, 0xa6, 0x82, 0xa6, 0x82, 0xa6, 0x8a, 0xc6, 0x8a, 0xa5, 0x82,
    0xc6, 0x8a, 0xa5, 0x8a, 0xa6, 0x8a, 0xc6, 0x8a, 0xc6, 0x8a, 0xa6, 0x8a,
    0xc6, 0x8a, 0xc6, 0x8a, 0xc6, 0x8a, 0xc6, 0x92, 0xe6, 0x9a, 0xe6, 0x9a,
    0xe6, 0x9a, 0xe6, 0x9a, 0xe6, 0xa2, 0x06, 0xa3, 0xe6, 0x9a, 0x06, 0xa3,
    0xc6, 0xbb, 0xc6, 0xbb, 0xc6, 0xc3, 0xc6, 0xbb, 0xc6, 0xbb, 0xc6, 0xc3,
    0xc6, 0xc3, 0xc6, 0xc3, 0xc6, 0xc3, 0xc6, 0xbb, 0xc6, 0xc3, 0xa6, 0xc3,
    0x66, 0xb3, 0x27, 0xa3, 0x26, 0xa3, 0x06, 0x9b, 0x06, 0x9b, 0xe6, 0xa2,
    0x4c, 0x5c, 0x0f, 0x35, 0x0f, 0x35, 0x2f, 0x3d, 0x0f, 0x35, 0x0f, 0x3d,
    0x2f, 0x3d, 0x0f, 0x3d, 0x0f, 0x3d, 0x2f, 0x3d, 0x2f, 0x3d, 0x2f, 0x3d,
    0x2f, 0x3d, 0x2f, 0x3d, 0x2f, 0x45, 0x2f, 0x3d, 0x4e, 0x45, 0x2f, 0x3d,
    0x2e, 0x45, 0x2f, 0x3d, 0x2e, 0x3d, 0x2e, 0x45, 0x4e, 0x45, 0x6d, 0x4d,
    0x6d, 0x5d, 0x6c, 0x5d, 0x8c, 0x5d, 0x8c, 0x5d, 0x8c, 0x5d, 0x8c, 0x5d,
    0x8c, 0x5d, 0x8c, 0x5d, 0x8c, 0x65, 0xac, 0x65, 0xac, 0x65, 0xac, 0x65,
    0xac, 0x6d, 0x1a, 0x87, 0x1a, 0x87, 0x1a, 0x87, 0xfa, 0x86, 0x1a, 0x87,
    0xfa, 0x86, 0x19, 0x87, 0xfa, 0x86, 0x1a, 0x8f, 0x1a, 0x87, 0xfa, 0x86,
    0x1a, 0x87, 0x1a, 0x87, 0x1a, 0x87, 0x1a, 0x87, 0x1a, 0x87, 0x1a, 0x87,
    0xfa, 0x86, 0xfa, 0x86, 0x1a, 0x87, 0xfa, 0x86, 0x1a, 0x87, 0x1a, 0x87,
    0x19, 0x87, 0xfa, 0x86, 0x1a, 0x87, 0x1a, 0x87, 0xfa, 0x86, 0x1a, 0x87,
    0x1a, 0x87, 0xfa, 0x86, 0x1a, 0x87, 0x19, 0x87, 0x1a, 0x87, 0x1a, 0x87,
    0x1a, 0x87, 0x1a, 0x87, 0xfa, 0x86, 0x1a, 0x87, 0xfa, 0x86, 0xfa, 0x86,
    0x1a, 0x87, 0xf9, 0x86, 0xfa, 0x86, 0x1a, 0x87, 0x1a, 0x87, 0xfa, 0x86,
    0x1a, 0x87, 0xfa, 0x7e, 0xf9, 0x86, 0x1a, 0x87, 0xfa, 0x86, 0x1a, 0x87,
    0x1a, 0x87, 0x1a, 0x87, 0x1a, 0x87, 0xfa, 0x7e, 0x1a, 0x87, 0x1a, 0x87,
    0xf9, 0x7e, 0x77, 0x6e, 0x76, 0x6e, 0x57, 0x6e, 0x77, 0x6e, 0x76, 0x6e,
    0x56, 0x6e, 0x77, 0x6e, 0x57, 0x66, 0x76, 0x6e, 0x57, 0x66, 0x57, 0x6e,
    0x76, 0x6e, 0x77, 0x66, 0x77, 0x6e, 0x77, 0x6e, 0x56, 0x66, 0x56, 0x6e,
    0x77, 0x6e, 0xd8, 0x76, 0xfa, 0x86, 0x1a, 0x87, 0x1a, 0x87, 0xf9, 0x86,
    0x1a, 0x87, 0xfa, 0x7e, 0xfa, 0x7e, 0xfa, 0x86, 0xf9, 0x7e, 0x6a, 0x5d,
    0x6b, 0x65, 0x6a, 0x5d, 0x8b, 0x5d, 0x6a, 0x5d, 0x4b, 0x55, 0x4c, 0x45,
    0x2d, 0x45, 0x2d, 0x45, 0x2d, 0x45, 0x2c, 0x3d, 0x2d, 0x45, 0x2d, 0x45,
    0x2d, 0x3d, 0x2d, 0x3d, 0x2d, 0x45, 0x0d, 0x45, 0x2d, 0x3d, 0x2d, 0x3d,
    0x0d, 0x3d, 0x0d, 0x3d, 0x0d, 0x3d, 0x0d, 0x3d, 0x0d, 0x3d, 0x0d, 0x3d,
    0x0d, 0x3d, 0x2b, 0x45, 0x28, 0x55, 0x27, 0x5d, 0x27, 0x5d, 0x27, 0x5d,
    0x27, 0x5d, 0x06, 0x5d, 0x07, 0x5d, 0x27, 0x5d, 0x06, 0x5d, 0x07, 0x5d,
    0x06, 0x5d, 0x06, 0xa3, 0x06, 0xa3, 0x07, 0xa3, 0x06, 0xa3, 0x06, 0xa3,
    0x06, 0xa3, 0x26, 0xa3, 0x07, 0xa3, 0x06, 0x9b, 0x06, 0xa3, 0xe6, 0xa2,
    0xe6, 0x9a, 0xe6, 0x9a, 0xc6, 0x92, 0xc6, 0x8a, 0xc6, 0x8a, 0xa6, 0x8a,
    0xa6, 0x8a, 0xa6, 0x8a, 0xa6, 0x8a, 0xa5, 0x8a, 0xa6, 0x8a, 0xa6, 0x8a,
    0xa5, 0x82, 0xa6, 0x8a, 0xa6, 0x82, 0x86, 0x82, 0xa6, 0x82, 0x86, 0x82,
    0x86, 0x82, 0x86, 0x7a, 0x86, 0x7a, 0x85, 0x82, 0x86, 0x7a, 0x86, 0x7a,
    0xa6, 0x8a, 0xa5, 0x8a, 0xa5, 0x82, 0xa6, 0x8a, 0xa5, 0x8a, 0xa6, 0x8a,
    0xa6, 0x8a, 0xc6, 0x8a, 0xa5, 0x8a, 0xa6, 0x8a, 0xc6, 0x8a, 0xc6, 0x8a,
    0xa6, 0x8a, 0xc6, 0x8a, 0xa6, 0x8a, 0xc6, 0x92, 0xc6, 0x92, 0xe6, 0x9a,
    0xe6, 0x9a, 0xe6, 0x9a, 0x06, 0xa3, 0x06, 0xa3, 0x06, 0xa3, 0xa6, 0xbb,
    0xc6, 0xbb, 0xc6, 0xc3, 0xc6, 0xc3, 0xc6, 0xbb, 0xc6, 0xc3, 0xc6, 0xbb,
    0xc6, 0xbb, 0xc6, 0xbb, 0xc6, 0xc3, 0xc6, 0xbb, 0xa6, 0xbb, 0xa6, 0xbb,
    0x26, 0xa3, 0x06, 0xa3, 0x06, 0x9b, 0x06, 0x9b, 0xe6, 0x9a, 0x07, 0x9b,
    0x27, 0x8b, 0x30, 0x35, 0x0f, 0x35, 0x0f, 0x3d, 0x2f, 0x35, 0x0f, 0x35,
    0x2f, 0x3d, 0x2f, 0x3d, 0x2f, 0x3d, 0x2f, 0x3d, 0x0e, 0x3d, 0x2f, 0x3d,
    0x2f, 0x3d, 0x2e, 0x3d, 0x2e, 0x3d, 0x2f, 0x3d, 0x4e, 0x45, 0x4e, 0x45,
    0x4e, 0x3d, 0x4f, 0x45, 0x2e, 0x45, 0x4e, 0x45, 0x4e, 0x45, 0x4e, 0x45,
    0x6d, 0x55, 0x6d, 0x55, 0x6d, 0x55, 0x8c, 0x5d, 0x8d, 0x5d, 0x8c, 0x5d,
    0x8c, 0x5d, 0x8c, 0x5d, 0x8c, 0x65, 0xac, 0x65, 0xac, 0x65, 0xac, 0x65,
    0xcd, 0x65, 0x1b, 0x87, 0x1a, 0x87, 0x1a, 0x87, 0xfa, 0x86, 0x1a, 0x87,
    0x1a, 0x87, 0x1a, 0x87, 0x1a, 0x87, 0xfa, 0x86, 0xfa, 0x86, 0xfa, 0x86,
    0x1a, 0x87, 0x1a, 0x87, 0xfa, 0x86, 0xf9, 0x86, 0x1a, 0x87, 0x1a, 0x87,
    0xfa, 0x86, 0x1a, 0x87, 0x1a, 0x87, 0x1a, 0x87, 0xfa, 0x86, 0x1a, 0x87,
    0xfa, 0x86, 0xfa, 0x86, 0xfa, 0x86, 0x1a, 0x87, 0x1a, 0x87, 0x1a, 0x87,
    0xfa, 0x86, 0x1a, 0x87, 0xfa, 0x86, 0x1a, 0x87, 0xfa, 0x86, 0xfa, 0x86,
    0xfa, 0x86, 0x1a, 0x87, 0x1a, 0x87, 0xfa, 0x86, 0x1a, 0x87, 0x1a, 0x87,
    0xfa, 0x86, 0xfa, 0x86, 0x1a, 0x87, 0xfa, 0x86, 0xf9, 0x86, 0x1a, 0x87,
    0x1a, 0x87, 0xfa, 0x86, 0x1a, 0x87, 0x1a, 0x87, 0xfa, 0x86, 0xf9, 0x86,
    0xfa, 0x86, 0xfa, 0x86, 0x1a, 0x7f, 0xf9, 0x86, 0xfa, 0x86, 0xd8, 0x7e,
    0x76, 0x6e, 0x76, 0x6e, 0x76, 0x6e, 0x56, 0x6e, 0x76, 0x6e, 0x56, 0x6e,
    0x56, 0x6e, 0x56, 0x66, 0x56, 0x66, 0x76, 0x6e, 0x56, 0x6e, 0x56, 0x66,
    0x56, 0x66, 0x56, 0x66, 0x56, 0x66, 0x56, 0x6e, 0x77, 0x66, 0x56, 0x66,
    0x56, 0x66, 0x56, 0x66, 0x56, 0x66, 0x98, 0x6e, 0xf9, 0x7e, 0xfa, 0x86,
    0xfa, 0x7e, 0xfa, 0x86, 0xf9, 0x86, 0xfa, 0x86, 0x1a, 0x87, 0x31, 0x6e,
    0x6a, 0x5d, 0x8b, 0x5d, 0x6a, 0x5d, 0x6b, 0x5d, 0x4b, 0x55, 0x4c, 0x45,
    0x2c, 0x45, 0x2d, 0x45, 0x2d, 0x45, 0x2d, 0x3d, 0x2d, 0x45, 0x2c, 0x45,
    0x2d, 0x45, 0x2d, 0x45, 0x0c, 0x3d, 0x0d, 0x3d, 0x0d, 0x3d, 0x0c, 0x3d,
    0x0d, 0x3d, 0x0d, 0x3d, 0x0c, 0x3d, 0x0d, 0x3d, 0x0d, 0x3d, 0x0d, 0x3d,
    0x0a, 0x4d, 0x27, 0x5d, 0x27, 0x5d, 0x07, 0x5d, 0x27, 0x5d, 0x06, 0x5d,
    0x07, 0x5d, 0x07, 0x5d, 0x06, 0x5d, 0x07, 0x5d, 0x07, 0x5d, 0xe7, 0x5c,
    0xa6, 0x64, 0x06, 0xa3, 0x27, 0xa3, 0x26, 0xa3, 0x06, 0xa3, 0x06, 0x9b,
    0x06, 0xa3, 0x06, 0x9b, 0x07, 0xa3, 0x06, 0xa3, 0x06, 0xa3, 0x06, 0x9b,
    0xe6, 0x9a, 0xc6, 0x92, 0xc6, 0x92, 0xa6, 0x8a, 0xa6, 0x8a, 0xa6, 0x8a,
    0xa5, 0x8a, 0xa6, 0x8a, 0xa6, 0x8a, 0xa6, 0x8a, 0xa5, 0x8a, 0xa6, 0x82,
    0xa6, 0x82, 0xa6, 0x82, 0xa6, 0x82, 0xa6, 0x82, 0xa6, 0x82, 0x85, 0x82,
    0xa6, 0x82, 0xa6, 0x82, 0xa6, 0x82, 0x85, 0x7a, 0xa6, 0x82, 0x86, 0x82,
    0xa5, 0x82, 0xa6, 0x82, 0xa6, 0x82, 0xa5, 0x8a, 0xa6, 0x82, 0xa6, 0x8a,
    0xa6, 0x8a, 0xa5, 0x8a, 0xa6, 0x8a, 0xc6, 0x8a, 0xa5, 0x8a, 0xc5, 0x8a,
    0xa6, 0x8a, 0xa5, 0x8a, 0xc6, 0x92, 0xa6, 0x8a, 0xc6, 0x92, 0xe6, 0x9a,
    0xe6, 0x9a, 0x06, 0x9b, 0x06, 0xa3, 0x26, 0xa3, 0xa6, 0xbb, 0xc6, 0xbb,
    0xc6, 0xbb, 0xc6, 0xc3, 0xc6, 0xbb, 0xc6, 0xc3, 0xc6, 0xbb, 0xc6, 0xc3,
    0xc6, 0xc3, 0xc6, 0xc3, 0xa6, 0xbb, 0xa6, 0xbb, 0xa6, 0xbb, 0x46, 0xab,
    0x06, 0xa3, 0x07, 0xa3, 0x06, 0xa3, 0x06, 0x9b, 0x07, 0x9b, 0xe6, 0x9a,
    0xe6, 0xa2, 0xae, 0x44, 0x0f, 0x3d, 0x2f, 0x3d, 0x10, 0x3d, 0x0f, 0x3d,
    0x0f, 0x3d, 0x2f, 0x3d, 0x2f, 0x3d, 0x2f, 0x3d, 0x0f, 0x3d, 0x2e, 0x3d,
    0x2f, 0x3d, 0x2f, 0x45, 0x2e, 0x3d, 0x2f, 0x3d, 0x2f, 0x3d, 0x2f, 0x45,
    0x4f, 0x3d, 0x4e, 0x45, 0x4f, 0x45, 0x2f, 0x3d, 0x2e, 0x3d, 0x4e, 0x45,
    0x6d, 0x55, 0x6d, 0x55, 0x6d, 0x55, 0x6d, 0x55, 0x8d, 0x55, 0x8c, 0x5d,
    0x8c, 0x5d, 0x8c, 0x5d, 0x8c, 0x5d, 0x8c, 0x5d, 0xac, 0x65, 0xac, 0x65,
    0xef, 0x6d, 0x1b, 0x8f, 0xfa, 0x86, 0x1a, 0x87, 0x1a, 0x87, 0x1a, 0x87,
    0x1a, 0x8f, 0x1a, 0x87, 0x1a, 0x87, 0x1a, 0x87, 0xf9, 0x86, 0x1a, 0x87,
    0x1a, 0x87, 0x1a, 0x87, 0xfa, 0x86, 0x1a, 0x8f, 0x1a, 0x87, 0xfa, 0x86,
    0xfa, 0x86, 0x1a, 0x87, 0xf9, 0x86, 0x1a, 0x87, 0xfa, 0x86, 0xfa, 0x86,
    0x1a, 0x87, 0x1a, 0x87, 0xfa, 0x86, 0x1a, 0x87, 0xfa, 0x86, 0xf9, 0x86,
    0x1a, 0x87, 0x1a, 0x87, 0xfa, 0x86, 0x1a, 0x87, 0x1a, 0x87, 0x1a, 0x87,
    0xfa, 0x86, 0xf9, 0x86, 0x1a, 0x87, 0xfa, 0x86, 0x1a, 0x87, 0x1a, 0x87,
    0xfa, 0x86, 0x1a, 0x87, 0x1a, 0x87, 0xfa, 0x86, 0x1a, 0x87, 0xfa, 0x7e,
    0xfa, 0x7e, 0x1a, 0x87, 0xfa, 0x86, 0x1a, 0x7f, 0xfa, 0x86, 0xfa, 0x7e,
    0x1a, 0x7f, 0xfa, 0x86, 0x1a, 0x87, 0xf9, 0x7e, 0x97, 0x76, 0x77, 0x6e,
    0x76, 0x6e, 0x76, 0x6e, 0x57, 0x6e, 0x56, 0x6e, 0x56, 0x66, 0x57, 0x66,
    0x56, 0x66, 0x56, 0x66, 0x56, 0x66, 0x56, 0x66, 0x56, 0x6e, 0x56, 0x66,
    0x56, 0x66, 0x56, 0x6e, 0x56, 0x66, 0x56, 0x66, 0x56, 0x66, 0x56, 0x66,
    0x57, 0x6e, 0x56, 0x66, 0x56, 0x66, 0x57, 0x66, 0x56, 0x66, 0x77, 0x6e,
    0xd9, 0x7e, 0xfa, 0x86, 0xfa, 0x7e, 0xfa, 0x86, 0xfa, 0x7e, 0xfa, 0x7e,
    0x54, 0x76, 0x8c, 0x5d, 0x8b, 0x5d, 0x6b, 0x5d, 0x4b, 0x4d, 0x2d, 0x45,
    0x2d, 0x45, 0x2d, 0x45, 0x2c, 0x45, 0x2c, 0x3d, 0x2d, 0x45, 0x2d, 0x3d,
    0x0d, 0x3d, 0x0d, 0x45, 0x0c, 0x3d, 0x2d, 0x3d, 0x0d, 0x3d, 0x0d, 0x3d,
    0x0d, 0x3d, 0x0d, 0x3d, 0x0d, 0x3d, 0x0d, 0x3d, 0x0d, 0x3d, 0x0b, 0x3d,
    0x27, 0x5d, 0x27, 0x5d, 0x27, 0x5d, 0x27, 0x5d, 0x07, 0x5d, 0x07, 0x5d,
    0x07, 0x5d, 0x07, 0x5d, 0x06, 0x5d, 0x07, 0x5d, 0x07, 0x5d, 0xe7, 0x54,
    0x06, 0x7c, 0x07, 0xa3, 0x26, 0xa3, 0x06, 0x9b, 0x06, 0xa3, 0x06, 0x9b,
    0x06, 0xa3, 0x06, 0x9b, 0x06, 0x9b, 0xe6, 0x9a, 0x06, 0x9b, 0x06, 0x9b,
    0xe6, 0x9a, 0xc6, 0x92, 0xa6, 0x8a, 0xa6, 0x8a, 0xa6, 0x92, 0xa6, 0x8a,
    0xa5, 0x8a, 0xa6, 0x8a, 0xa6, 0x8a, 0xa6, 0x8a, 0xa6, 0x82, 0xa6, 0x8a,
    0xa6, 0x8a, 0xa6, 0x82, 0x86, 0x82, 0x85, 0x82, 0x86, 0x82, 0x86, 0x82,
    0xa6, 0x82, 0x86, 0x82, 0x86, 0x82, 0x86, 0x82, 0x86, 0x7a, 0x86, 0x82,
    0xa6, 0x82, 0xa6, 0x82, 0xa6, 0x8a, 0xa6, 0x8a, 0xa5, 0x82, 0xa6, 0x82,
    0xc5, 0x8a, 0xc6, 0x8a, 0xc6, 0x8a, 0xa5, 0x8a, 0xc6, 0x8a, 0xc6, 0x8a,
    0xc6, 0x92, 0xc6, 0x8a, 0xc6, 0x8a, 0xc6, 0x8a, 0xc5, 0x92, 0xe6, 0x9a,
    0xe6, 0x9a, 0xe6, 0x9a, 0x26, 0xab, 0xa6, 0xbb, 0xc6, 0xbb, 0xc6, 0xc3,
    0xc6, 0xc3, 0xc6, 0xbb, 0xc6, 0xbb, 0xc6, 0xc3, 0xc6, 0xbb, 0xc6, 0xbb,
    0xc6, 0xc3, 0xc6, 0xbb, 0xc6, 0xbb, 0xa6, 0xc3, 0x66, 0xb3, 0x06, 0xa3,
    0x06, 0xa3, 0x06, 0x9b, 0x07, 0xa3, 0x06, 0x9b, 0xe6, 0x9a, 0xe6, 0x9a,
    0x06, 0x9b, 0xeb, 0x6b, 0x10, 0x35, 0x0f, 0x35, 0x2f, 0x3d, 0x0f, 0x35,
    0x0f, 0x3d, 0x0f, 0x3d, 0x2f, 0x3d, 0x0f, 0x3d, 0x2f, 0x3d, 0x2f, 0x3d,
    0x2f, 0x3d, 0x2f, 0x3d, 0x2f, 0x3d, 0x2f, 0x3d, 0x2e, 0x45, 0x4f, 0x3d,
    0x2f, 0x3d, 0x2e, 0x45, 0x2f, 0x3d, 0x4f, 0x45, 0x2e, 0x3d, 0x4e, 0x45,
    0x4e, 0x4d, 0x6d, 0x55, 0x6d, 0x55, 0x6d, 0x55, 0x8d, 0x55, 0x6d, 0x55,
    0x8d, 0x5d, 0x8d, 0x5d, 0x8d, 0x5d, 0x8c, 0x5d, 0xac, 0x5d, 0xac, 0x65,
    0x8c, 0x65, 0x95, 0x7e, 0x1a, 0x87, 0x1a, 0x87, 0xfa, 0x86, 0x1a, 0x87,
    0xfa, 0x86, 0xfa, 0x86, 0x1a, 0x87, 0xfa, 0x86, 0x1a, 0x87, 0xfa, 0x86,
    0x1a, 0x8f, 0x1a, 0x87, 0xfa, 0x86, 0x1a, 0x87, 0xfa, 0x86, 0x1a, 0x87,
    0x1a, 0x87, 0xfa, 0x86, 0x1a, 0x87, 0xfa, 0x86, 0x1a, 0x87, 0xf9, 0x86,
    0x1a, 0x87, 0xfa, 0x86, 0x19, 0x87, 0x1a, 0x87, 0x1a, 0x87, 0xfa, 0x86,
    0xfa, 0x86, 0x1a, 0x87, 0xf9, 0x86, 0xfa, 0x86, 0x1a, 0x87, 0xfa, 0x86,
    0x1a, 0x87, 0x1a, 0x87, 0xfa, 0x86, 0xf9, 0x86, 0x1a, 0x87, 0x1a, 0x87,
    0xf9, 0x86, 0x1a, 0x87, 0xfa, 0x86, 0x1a, 0x87, 0xfa, 0x86, 0x1a, 0x87,
    0xfa, 0x86, 0x19, 0x87, 0xfa, 0x86, 0xfa, 0x86, 0x1a, 0x87, 0x1a, 0x87,
    0xf9, 0x7e, 0xb8, 0x76, 0x77, 0x6e, 0x56, 0x6e, 0x77, 0x6e, 0x56, 0x6e,
    0x56, 0x6e, 0x57, 0x6e, 0x56, 0x6e, 0x56, 0x66, 0x57, 0x66, 0x56, 0x6e,
    0x56, 0x66, 0x56, 0x6e, 0x56, 0x66, 0x56, 0x66, 0x56, 0x66, 0x56, 0x66,
    0x56, 0x66, 0x56, 0x66, 0x56, 0x66, 0x56, 0x66, 0x56, 0x6e, 0x57, 0x6e,
    0x56, 0x66, 0x56, 0x66, 0x77, 0x6e, 0x56, 0x66, 0x56, 0x6e, 0x76, 0x66,
    0x57, 0x66, 0x97, 0x6e, 0xb8, 0x76, 0xf9, 0x7e, 0xfa, 0x7e, 0xd9, 0x7e,
    0x74, 0x76, 0x96, 0x76, 0xad, 0x65, 0x6b, 0x5d, 0x4b, 0x4d, 0x2d, 0x45,
    0x2c, 0x45, 0x2d, 0x3d, 0x2d, 0x45, 0x2d, 0x45, 0x2c, 0x3d, 0x2d, 0x45,
    0x0d, 0x3d, 0x2d, 0x3d, 0x0d, 0x3d, 0x0d, 0x3d, 0x0d, 0x45, 0x0d, 0x3d,
    0x0d, 0x3d, 0x0d, 0x3d, 0x0c, 0x3d, 0x0d, 0x3d, 0x0d, 0x3d, 0x09, 0x4d,
    0x27, 0x5d, 0x27, 0x5d, 0x26, 0x5d, 0x07, 0x5d, 0x06, 0x5d, 0x27, 0x5d,
    0x06, 0x5d, 0x07, 0x5d, 0x07, 0x5d, 0x07, 0x5d, 0x06, 0x55, 0x07, 0x55,
    0x86, 0x8b, 0x26, 0x9b, 0x06, 0x9b, 0x06, 0xa3, 0x06, 0x9b, 0x06, 0xa3,
    0x06, 0xa3, 0x06, 0xa3, 0x06, 0xa3, 0x06, 0xa3, 0xe6, 0x9a, 0xe6, 0xa2,
    0xc6, 0x92, 0xc6, 0x92, 0xa6, 0x8a, 0xa6, 0x8a, 0xa6, 0x8a, 0xa5, 0x8a,
    0xa6, 0x8a, 0xa6, 0x8a, 0xa6, 0x8a, 0xa6, 0x8a, 0xa6, 0x8a, 0xa5, 0x82,
    0xa6, 0x8a, 0xa5, 0x82, 0x86, 0x82, 0xa6, 0x82, 0xa5, 0x82, 0x86, 0x82,
    0x85, 0x7a, 0xa6, 0x7a, 0x85, 0x82, 0x85, 0x82, 0x86, 0x7a, 0x86, 0x7a,
    0xa6, 0x82, 0xa5, 0x82, 0xa5, 0x8a, 0xa6, 0x82, 0xa6, 0x8a, 0xa6, 0x8a,
    0xa5, 0x82, 0xc6, 0x8a, 0xa6, 0x8a, 0xa6, 0x8a, 0xa6, 0x8a, 0xa6, 0x8a,
    0xc6, 0x8a, 0xa5, 0x8a, 0xc6, 0x8a, 0xc6, 0x92, 0xc6, 0x8a, 0xc6, 0x92,
    0xe6, 0x9a, 0x06, 0xa3, 0x86, 0xb3, 0xa6, 0xbb, 0xc6, 0xbb, 0xc6, 0xc3,
    0xa6, 0xbb, 0xc6, 0xc3, 0xc6, 0xc3, 0xc6, 0xbb, 0xa6, 0xbb, 0xc6, 0xc3,
    0xc6, 0xbb, 0xc6, 0xbb, 0xc6, 0xc3, 0x66, 0xb3, 0x26, 0xa3, 0x27, 0xa3,
    0x06, 0xa3, 0x06, 0x9b, 0x06, 0x9b, 0x06, 0x9b, 0xe6, 0x9a, 0x06, 0x9b,
    0x07, 0x9b, 0x48, 0x8b, 0x2f, 0x35, 0x0f, 0x3d, 0x2f, 0x3d, 0x2f, 0x3d,
    0x2f, 0x35, 0x2f, 0x3d, 0x0f, 0x3d, 0x2f, 0x3d, 0x2e, 0x3d, 0x2f, 0x3d,
    0x2f, 0x3d, 0x2e, 0x3d, 0x2f, 0x3d, 0x2f, 0x3d, 0x4f, 0x45, 0x4e, 0x45,
    0x2e, 0x3d, 0x2f, 0x45, 0x4e, 0x45, 0x2e, 0x45, 0x4f, 0x45, 0x4f, 0x45,
    0x4e, 0x45, 0x4e, 0x45, 0x6e, 0x4d, 0x6d, 0x55, 0x6d, 0x55, 0x6d, 0x55,
    0x6d, 0x55, 0x8d, 0x5d, 0x8d, 0x5d, 0x8c, 0x5d, 0x8c, 0x5d, 0xac, 0x65,
    0xac, 0x65, 0xac, 0x65, 0xfa, 0x86, 0xfa, 0x8e, 0x1a, 0x87, 0x1a, 0x87,
    0xf9, 0x86, 0xfa, 0x86, 0xfa, 0x86, 0x1a, 0x87, 0x1a, 0x87, 0x1a, 0x87,
    0xfa, 0x86, 0xfa, 0x86, 0x1a, 0x87, 0xfa, 0x86, 0x1a, 0x87, 0x1a, 0x8f,
    0xfa, 0x86, 0x1a, 0x87, 0x1a, 0x87, 0xfa, 0x86, 0x1a, 0x87, 0x1a, 0x87,
    0xfa, 0x86, 0x19, 0x87, 0x1a, 0x87, 0xfa, 0x86, 0x1a, 0x87, 0xfa, 0x86,
    0x1a, 0x87, 0x1a, 0x87, 0xfa, 0x86, 0x1a, 0x87, 0xfa, 0x86, 0xfa, 0x86,
    0x1a, 0x87, 0x1a, 0x87, 0xfa, 0x86, 0x1a, 0x87, 0xfa, 0x86, 0xfa, 0x86,
    0x1a, 0x87, 0xfa, 0x86, 0xfa, 0x7e, 0x1a, 0x7f, 0xfa, 0x86, 0xfa, 0x86,
    0xfa, 0x86, 0x1a, 0x7f, 0xfa, 0x86, 0xfa, 0x86, 0xd9, 0x7e, 0x97, 0x76,
    0x76, 0x6e, 0x56, 0x6e, 0x76, 0x6e, 0x56, 0x6e, 0x77, 0x6e, 0x56, 0x6e,
    0x56, 0x66, 0x56, 0x66, 0x56, 0x66, 0x56, 0x66, 0x56, 0x66, 0x56, 0x6e,
    0x76, 0x6e, 0x56, 0x66, 0x56, 0x66, 0x56, 0x66, 0x56, 0x66, 0x57, 0x6e,
    0x56, 0x66, 0x56, 0x66, 0x56, 0x66, 0x56, 0x66, 0x56, 0x66, 0x56, 0x66,
    0x56, 0x66, 0x56, 0x66, 0x57, 0x66, 0x56, 0x66, 0x77, 0x66, 0x34, 0x6e,
    0xcd, 0x6d, 0xcd, 0x6d, 0x32, 0x6e, 0x77, 0x76, 0x75, 0x76, 0x8a, 0x6d,
    0x69, 0x65, 0x69, 0x65, 0x6a, 0x5d, 0x6a, 0x5d, 0x6b, 0x55, 0x2c, 0x45,
    0x2c, 0x45, 0x2d, 0x3d, 0x2d, 0x45, 0x2d, 0x45, 0x0d, 0x3d, 0x2d, 0x45,
    0x2d, 0x45, 0x0d, 0x3d, 0x0d, 0x3d, 0x0d, 0x3d, 0x0c, 0x3d, 0x0d, 0x3d,
    0x0d, 0x3d, 0x0d, 0x3d, 0x0d, 0x3d, 0x0d, 0x3d, 0x0d, 0x3d, 0x09, 0x4d,
    0x27, 0x5d, 0x27, 0x5d, 0x27, 0x5d, 0x07, 0x5d, 0x07, 0x5d, 0x06, 0x5d,
    0x07, 0x5d, 0x07, 0x55, 0xe7, 0x54, 0x06, 0x5d, 0xe7, 0x54, 0x07, 0x55,
    0x06, 0xa3, 0x06, 0x9b, 0x06, 0xa3, 0x07, 0xa3, 0x07, 0xa3, 0x06, 0x9b,
    0x06, 0x9b, 0x06, 0x9b, 0x06, 0xa3, 0x06, 0x9b, 0xe6, 0xa2, 0xe6, 0x9a,
    0xc6, 0x8a, 0xa6, 0x8a, 0xa6, 0x8a, 0xa5, 0x8a, 0xa6, 0x8a, 0xa6, 0x8a,
    0xa6, 0x8a, 0xa6, 0x8a, 0xa5, 0x8a, 0xa6, 0x82, 0xa6, 0x8a, 0xa6, 0x82,
    0xa6, 0x8a, 0xa6, 0x82, 0x86, 0x82, 0x86, 0x82, 0x86, 0x82, 0x86, 0x82,
    0x86, 0x82, 0x86, 0x82, 0xa6, 0x82, 0x86, 0x82, 0x86, 0x82, 0x85, 0x7a,
    0xa6, 0x82, 0xa5, 0x82, 0xa6, 0x82, 0xa6, 0x8a, 0xa6, 0x82, 0xc6, 0x8a,
    0xa6, 0x8a, 0xa6, 0x82, 0xa5, 0x8a, 0xc6, 0x8a, 0xc6, 0x8a, 0xc6, 0x8a,
    0xa5, 0x8a, 0xa6, 0x8a, 0xc6, 0x8a, 0xc6, 0x92, 0xc6, 0x8a, 0xc6, 0x92,
    0xe6, 0x9a, 0xe6, 0x9a, 0x26, 0xa3, 0xa6, 0xbb, 0xc6, 0xc3, 0xc6, 0xbb,
    0xc6, 0xc3, 0xc6, 0xc3, 0xc6, 0xbb, 0xa6, 0xbb, 0xc6, 0xc3, 0xa6, 0xc3,
    0xa6, 0xbb, 0xc6, 0xc3, 0x86, 0xbb, 0x26, 0xa3, 0x06, 0xa3, 0x06, 0xa3,
    0x06, 0xa3, 0x06, 0x9b, 0x07, 0xa3, 0x06, 0x9b, 0x06, 0x9b, 0xe6, 0x9a,
    0xe6, 0x9a, 0xe6, 0x9a, 0x0f, 0x3d, 0x2f, 0x3d, 0x0f, 0x3d, 0x0f, 0x3d,
    0x2f, 0x3d, 0x2f, 0x3d, 0x2f, 0x3d, 0x0f, 0x35, 0x2e, 0x3d, 0x2f, 0x3d,
    0x2f, 0x3d, 0x2e, 0x45, 0x2b, 0x55, 0x2a, 0x55, 0x4a, 0x55, 0x2c, 0x4d,
    0x4f, 0x45, 0x4f, 0x3d, 0x2f, 0x3d, 0x4f, 0x45, 0x2f, 0x3d, 0x4f, 0x45,
    0x4e, 0x45, 0x4e, 0x45, 0x6e, 0x4d, 0x6e, 0x4d, 0x6e, 0x4d, 0x6d, 0x55,
    0x6d, 0x55, 0x8d, 0x55, 0x8d, 0x5d, 0x8d, 0x5d, 0x8d, 0x5d, 0x8c, 0x5d,
    0xac, 0x65, 0x8c, 0x65, 0x96, 0x7e, 0x19, 0x87, 0x1a, 0x8f, 0x1a, 0x8f,
    0x1a, 0x87, 0x1a, 0x87, 0x1a, 0x87, 0xfa, 0x86, 0xfa, 0x86, 0x1a, 0x87,
    0x1a, 0x8f, 0xfa, 0x86, 0x1a, 0x87, 0x1a, 0x8f, 0x1a, 0x87, 0x1a, 0x87,
    0xfa, 0x86, 0xb8, 0x7e, 0xb7, 0x7e, 0xd9, 0x7e, 0xfa, 0x86, 0x1a, 0x87,
    0xfa, 0x86, 0xfa, 0x86, 0xfa, 0x86, 0xfa, 0x86, 0x1a, 0x87, 0xfa, 0x86,
    0xfa, 0x86, 0x1a, 0x87, 0x1a, 0x87, 0x1a, 0x87, 0x1a, 0x87, 0xfa, 0x86,
    0xfa, 0x86, 0x1a, 0x87, 0x1a, 0x87, 0xfa, 0x86, 0xfa, 0x7e, 0x1a, 0x87,
    0x1a, 0x87, 0xfa, 0x86, 0x1a, 0x87, 0xf9, 0x86, 0x1a, 0x87, 0x1a, 0x7f,
    0x1a, 0x87, 0xfa, 0x86, 0xd8, 0x76, 0x77, 0x6e, 0x56, 0x6e, 0x76, 0x6e,
    0x77, 0x6e, 0x56, 0x6e, 0x56, 0x6e, 0x56, 0x6e, 0x56, 0x6e, 0x56, 0x66,
    0x56, 0x66, 0x56, 0x66, 0x56, 0x6e, 0x56, 0x66, 0x56, 0x66, 0x56, 0x66,
    0x56, 0x66, 0x56, 0x66, 0x57, 0x66, 0x56, 0x66, 0x56, 0x66, 0x56, 0x66,
    0x56, 0x66, 0x36, 0x66, 0x56, 0x66, 0x56, 0x66, 0x56, 0x66, 0x56, 0x66,
    0x56, 0x66, 0x57, 0x66, 0x56, 0x6e, 0x77, 0x66, 0xef, 0x6d, 0x88, 0x6d,
    0x89, 0x6d, 0x89, 0x65, 0x89, 0x65, 0xab, 0x6d, 0x8a, 0x65, 0x89, 0x65,
    0x89, 0x65, 0x8a, 0x65, 0x6a, 0x5d, 0x6a, 0x5d, 0x6b, 0x55, 0x4c, 0x45,
    0x2d, 0x45, 0x2d, 0x3d, 0x2d, 0x3d, 0x2c, 0x45, 0x0d, 0x3d, 0x0d, 0x3d,
    0x0c, 0x3d, 0x2d, 0x3d, 0x0d, 0x45, 0x2d, 0x3d, 0x2d, 0x3d, 0x0d, 0x3d,
    0x0d, 0x3d, 0x0c, 0x3d, 0x0d, 0x3d, 0x0d, 0x3d, 0x0d, 0x3d, 0x0a, 0x4d,
    0x27, 0x5d, 0x27, 0x5d, 0x07, 0x5d, 0x06, 0x5d, 0x07, 0x5d, 0x07, 0x5d,
    0x07, 0x55, 0x07, 0x5d, 0x07, 0x55, 0xe7, 0x54, 0xe6, 0x54, 0xc7, 0x64,
    0x06, 0xa3, 0x06, 0xa3, 0x06, 0x9b, 0x06, 0xa3, 0x06, 0x9b, 0x06, 0xa3,
    0x06, 0x9b, 0xe6, 0x9a, 0x06, 0xa3, 0xe6, 0x9a, 0xe6, 0x9a, 0xe6, 0x9a,
    0xa6, 0x8a, 0xa6, 0x92, 0xa6, 0x92, 0xa6, 0x8a, 0xc6, 0x8a, 0xc6, 0x8a,
    0xa5, 0x8a, 0xa6, 0x8a, 0xa6, 0x8a, 0xa6, 0x8a, 0xa6, 0x82, 0xa6, 0x8a,
    0xa5, 0x8a, 0xa6, 0x8a, 0xc6, 0x92, 0xc6, 0x8a, 0xc6, 0x8a, 0xc6, 0x8a,
    0xa6, 0x82, 0xa6, 0x82, 0xa6, 0x82, 0x86, 0x82, 0xa5, 0x82, 0x86, 0x82,
    0xa6, 0x82, 0xa6, 0x82, 0xa5, 0x82, 0xa5, 0x8a, 0xa6, 0x82, 0xc5, 0x8a,
    0xc6, 0x8a, 0xc6, 0x82, 0xa6, 0x8a, 0xc5, 0x8a, 0xa6, 0x82, 0xc6, 0x8a,
    0xa6, 0x8a, 0xc6, 0x8a, 0xa6, 0x8a, 0xa6, 0x8a, 0xc5, 0x8a, 0xc6, 0x92,
    0xe6, 0x9a, 0xe6, 0x9a, 0xe6, 0x9a, 0x06, 0x9b, 0x66, 0xb3, 0xa6, 0xbb,
    0xc6, 0xbb, 0xc6, 0xbb, 0xa6, 0xbb, 0xa6, 0xc3, 0xa6, 0xbb, 0xc6, 0xbb,
    0xc6, 0xbb, 0x86, 0xbb, 0x26, 0xab, 0x27, 0xa3, 0x26, 0xa3, 0x06, 0xa3,
    0x06, 0x9b, 0x06, 0xa3, 0xe6, 0x9a, 0x06, 0x9b, 0xe6, 0x9a, 0x07, 0x9b,
    0xe6, 0x9a, 0xe6, 0x9a, 0x8d, 0x4c, 0x0f, 0x3d, 0x2f, 0x3d, 0x0f, 0x35,
    0x2f, 0x3d, 0x0f, 0x3d, 0x2f, 0x35, 0x2f, 0x3d, 0x2e, 0x3d, 0x2e, 0x3d,
    0x4a, 0x55, 0x66, 0x6d, 0x46, 0x6d, 0x46, 0x6d, 0x46, 0x6d, 0x46, 0x6d,
    0x46, 0x6d, 0x4b, 0x55, 0x4f, 0x3d, 0x4f, 0x45, 0x4f, 0x3d, 0x4f, 0x45,
    0x4f, 0x45, 0x4f, 0x45, 0x4e, 0x45, 0x4f, 0x45, 0x4e, 0x4d, 0x6e, 0x4d,
    0x6e, 0x4d, 0x6e, 0x55, 0x8d, 0x55, 0x8d, 0x55, 0x8d, 0x5d, 0x8c, 0x5d,
    0xad, 0x5d, 0xac, 0x65, 0x96, 0x7e, 0xd8, 0x86, 0x31, 0x76, 0x10, 0x76,
    0x53, 0x7e, 0x1a, 0x87, 0x1a, 0x87, 0x1a, 0x8f, 0x1a, 0x87, 0xfa, 0x86,
    0x1a, 0x87, 0x1a, 0x87, 0x1a, 0x87, 0xd9, 0x86, 0xb8, 0x7e, 0x97, 0x76,
    0x96, 0x76, 0x77, 0x76, 0x97, 0x76, 0x77, 0x76, 0x76, 0x76, 0x97, 0x76,
    0xf9, 0x86, 0x1a, 0x87, 0x1a, 0x87, 0xfa, 0x86, 0xfa, 0x86, 0xf9, 0x86,
    0x1a, 0x87, 0xfa, 0x86, 0xf9, 0x86, 0xfa, 0x86, 0x1a, 0x87, 0x1a, 0x87,
    0xfa, 0x86, 0xfa, 0x86, 0xfa, 0x86, 0xf9, 0x86, 0x1a, 0x87, 0xfa, 0x7e,
    0xfa, 0x86, 0x1a, 0x87, 0xfa, 0x86, 0x1a, 0x87, 0xfa, 0x86, 0xd9, 0x7e,
    0x98, 0x76, 0x76, 0x6e, 0x76, 0x6e, 0x77, 0x6e, 0x76, 0x6e, 0x56, 0x6e,
    0x77, 0x6e, 0x56, 0x66, 0x56, 0x66, 0x76, 0x66, 0x56, 0x66, 0x56, 0x6e,
    0x56, 0x66, 0x56, 0x66, 0x56, 0x66, 0x56, 0x66, 0x56, 0x66, 0x56, 0x66,
    0x56, 0x66, 0x56, 0x66, 0x56, 0x66, 0x36, 0x66, 0x56, 0x66, 0x56, 0x66,
    0x56, 0x66, 0x56, 0x66, 0x56, 0x66, 0x56, 0x66, 0x36, 0x66, 0x57, 0x66,
    0x56, 0x66, 0x56, 0x66, 0x57, 0x66, 0x33, 0x6e, 0x89, 0x6d, 0x89, 0x65,
    0x89, 0x65, 0x89, 0x65, 0x89, 0x65, 0x8a, 0x65, 0x89, 0x65, 0x8a, 0x65,
    0x6a, 0x65, 0x6a, 0x65, 0x6a, 0x5d, 0x6a, 0x5d, 0x6a, 0x5d, 0x4b, 0x55,
    0x4c, 0x4d, 0x2c, 0x45, 0x2d, 0x45, 0x2d, 0x3d, 0x2d, 0x3d, 0x0d, 0x3d,
    0x2d, 0x45, 0x0d, 0x3d, 0x0d, 0x3d, 0x0d, 0x3d, 0x0d, 0x3d, 0x0d, 0x3d,
    0x0d, 0x3d, 0x0d, 0x3d, 0x0d, 0x3d, 0xed, 0x3c, 0xec, 0x3c, 0x0b, 0x45,
    0x07, 0x55, 0x07, 0x5d, 0x07, 0x5d, 0x07, 0x5d, 0x07, 0x5d, 0x07, 0x5d,
    0xe7, 0x5c, 0xe7, 0x54, 0xe6, 0x5c, 0xe7, 0x5c, 0xe7, 0x54, 0x26, 0x74,
    0x06, 0x9b, 0x07, 0x9b, 0x06, 0xa3, 0x06, 0xa3, 0x06, 0x9b, 0x06, 0xa3,
    0x07, 0xa3, 0x06, 0xa3, 0x06, 0x9b, 0xe6, 0x9a, 0x06, 0x9b, 0xc6, 0x92,
    0xc6, 0x92, 0xc6, 0x8a, 0xa5, 0x8a, 0xa6, 0x8a, 0xa6, 0x8a, 0xa5, 0x8a,
    0xa6, 0x8a, 0xa6, 0x8a, 0xa6, 0x82, 0xa5, 0x82, 0xa6, 0x8a, 0xc5, 0x92,
    0xc6, 0x92, 0xe6, 0x9a, 0xe6, 0x9a, 0xe6, 0x9a, 0xc5, 0x92, 0xe6, 0x92,
    0xc6, 0x8a, 0xa5, 0x82, 0x85, 0x82, 0xa6, 0x82, 0x86, 0x7a, 0xa6, 0x82,
    0xa5, 0x82, 0xc6, 0x82, 0xc5, 0x82, 0xe6, 0x82, 0x05, 0x83, 0xc5, 0x82,
    0xa6, 0x82, 0xc6, 0x82, 0xc6, 0x8a, 0xa6, 0x82, 0xa6, 0x8a, 0xc6, 0x8a,
    0xc5, 0x8a, 0xa6, 0x8a, 0xc6, 0x8a, 0xc6, 0x8a, 0xc6, 0x92, 0xc6, 0x8a,
    0xc6, 0x92, 0xc6, 0x92, 0xe6, 0x92, 0xe6, 0x9a, 0xc6, 0x92, 0x06, 0x9b,
    0x26, 0xab, 0x66, 0xb3, 0xa6, 0xbb, 0xa6, 0xbb, 0xc6, 0xbb, 0xa6, 0xbb,
    0x46, 0xab, 0x46, 0xab, 0x26, 0xab, 0x26, 0xa3, 0x26, 0xa3, 0x06, 0xa3,
    0x07, 0xa3, 0x06, 0x9b, 0x06, 0x9b, 0x06, 0xa3, 0xe7, 0x9a, 0xe6, 0x9a,
    0x06, 0x9b, 0x07, 0x9b, 0xeb, 0x6b, 0x2f, 0x3d, 0x2d, 0x45, 0x2b, 0x4d,
    0x2a, 0x55, 0x28, 0x5d, 0x29, 0x55, 0x2b, 0x4d, 0x2e, 0x45, 0x49, 0x5d,
    0x46, 0x65, 0x46, 0x6d, 0x46, 0x6d, 0x46, 0x6d, 0x46, 0x6d, 0x46, 0x6d,
    0x47, 0x6d, 0x46, 0x6d, 0x49, 0x5d, 0x4f, 0x3d, 0x4f, 0x3d, 0x4f, 0x45,
    0x4f, 0x45, 0x4f, 0x45, 0x4f, 0x45, 0x4f, 0x45, 0x4e, 0x45, 0x6f, 0x45,
    0x6f, 0x45, 0x4e, 0x4d, 0x6e, 0x4d, 0x6d, 0x55, 0x8d, 0x55, 0x8d, 0x5d,
    0x8d, 0x5d, 0xac, 0x5d, 0x52, 0x76, 0xad, 0x65, 0xac, 0x65, 0xac, 0x65,
    0xac, 0x65, 0xef, 0x6d, 0x1a, 0x87, 0xfa, 0x86, 0xfa, 0x86, 0x1a, 0x8f,
    0xf9, 0x86, 0xb8, 0x7e, 0x76, 0x76, 0x76, 0x76, 0x76, 0x76, 0x77, 0x76,
    0x77, 0x76, 0x76, 0x76, 0x97, 0x76, 0x77, 0x76, 0x77, 0x6e, 0x77, 0x76,
    0x77, 0x6e, 0x97, 0x76, 0xd9, 0x7e, 0x1a, 0x87, 0xfa, 0x86, 0x1a, 0x87,
    0x1a, 0x87, 0xfa, 0x86, 0xfa, 0x86, 0x1a, 0x87, 0xfa, 0x86, 0xfa, 0x86,
    0x1a, 0x87, 0xfa, 0x7e, 0xfa, 0x86, 0x1a, 0x87, 0x1a, 0x87, 0xfa, 0x86,
    0x1a, 0x7f, 0xfa, 0x86, 0xfa, 0x7e, 0xd8, 0x76, 0x77, 0x6e, 0x76, 0x6e,
    0x76, 0x6e, 0x56, 0x6e, 0x56, 0x6e, 0x76, 0x6e, 0x57, 0x6e, 0x56, 0x66,
    0x56, 0x66, 0x57, 0x6e, 0x56, 0x6e, 0x56, 0x66, 0x56, 0x66, 0x57, 0x66,
    0x57, 0x66, 0x56, 0x66, 0x56, 0x66, 0x36, 0x66, 0x36, 0x66, 0x56, 0x66,
    0x56, 0x66, 0x36, 0x66, 0x56, 0x66, 0x36, 0x66, 0x36, 0x66, 0x56, 0x66,
    0x56, 0x66, 0x36, 0x66, 0x36, 0x66, 0x36, 0x66, 0x56, 0x66, 0x57, 0x66,
    0x35, 0x66, 0xf0, 0x6d, 0xcd, 0x6d, 0xaa, 0x65, 0x89, 0x65, 0x89, 0x65,
    0x89, 0x6d, 0x8a, 0x65, 0x89, 0x65, 0x89, 0x65, 0x6a, 0x65, 0x69, 0x65,
    0x8a, 0x65, 0x6a, 0x5d, 0x6a, 0x5d, 0x6a, 0x5d, 0x6a, 0x5d, 0x6b, 0x5d,
    0x4b, 0x55, 0x4c, 0x4d, 0x2c, 0x45, 0x2d, 0x45, 0x0d, 0x3d, 0x2d, 0x45,
    0x0d, 0x3d, 0x0d, 0x3d, 0x0c, 0x3d, 0x0d, 0x3d, 0x0c, 0x3d, 0x0d, 0x3d,
    0x0d, 0x3d, 0x0d, 0x3d, 0x0d, 0x3d, 0x0d, 0x3d, 0xed, 0x34, 0x0d, 0x35,
    0x09, 0x4d, 0x27, 0x5d, 0x07, 0x5d, 0x07, 0x5d, 0x07, 0x5d, 0xe6, 0x5c,
    0xe7, 0x54, 0xe7, 0x5c, 0xe7, 0x54, 0xe6, 0x54, 0x07, 0x55, 0xa6, 0x8b,
    0x26, 0x9b, 0x07, 0xa3, 0x06, 0xa3, 0x06, 0x9b, 0x06, 0x9b, 0xe6, 0x9a,
    0x06, 0x9b, 0x06, 0xa3, 0xe6, 0x9a, 0x06, 0xa3, 0xe6, 0x9a, 0xc6, 0x92,
    0xa6, 0x92, 0xa6, 0x8a, 0xa5, 0x8a, 0xa6, 0x8a, 0xa6, 0x8a, 0xa6, 0x8a,
    0xa5, 0x8a, 0xa6, 0x8a, 0xa6, 0x8a, 0xa6, 0x8a, 0xc6, 0x92, 0xc6, 0x92,
    0xe6, 0x9a, 0xe6, 0x9a, 0xe6, 0x9a, 0xc6, 0x9a, 0xe6, 0x9a, 0xc6, 0x92,
    0xa6, 0x8a, 0xa6, 0x82, 0x86, 0x82, 0xa6, 0x82, 0xa6, 0x82, 0x86, 0x7a,
    0x83, 0x4c, 0xc3, 0x4c, 0xa3, 0x4c, 0x83, 0x4c, 0x83, 0x54, 0x43, 0x54,
    0xa4, 0x6b, 0xe5, 0x82, 0xa6, 0x8a, 0xc5, 0x8a, 0xa6, 0x82, 0xa5, 0x8a,
    0xc6, 0x8a, 0xc6, 0x8a, 0xa6, 0x8a, 0xc6, 0x8a, 0xc6, 0x8a, 0xc6, 0x92,
    0xc6, 0x92, 0xe6, 0x92, 0xc6, 0x9a, 0xc6, 0x9a, 0xe6, 0x92, 0xc6, 0x92,
    0xc6, 0x92, 0xc6, 0x92, 0xc6, 0x92, 0x06, 0x9b, 0x26, 0xab, 0x26, 0xab,
    0x26, 0xab, 0x26, 0xa3, 0x26, 0xa3, 0x06, 0xa3, 0x06, 0xa3, 0x06, 0xa3,
    0x06, 0x9b, 0x07, 0xa3, 0x06, 0x9b, 0x06, 0x9b, 0xe6, 0xa2, 0xe6, 0x9a,
    0xe6, 0x9a, 0xe6, 0x9a, 0x87, 0x8b, 0x47, 0x65, 0x27, 0x65, 0x27, 0x65,
    0x27, 0x65, 0x27, 0x65, 0x47, 0x65, 0x26, 0x65, 0x26, 0x65, 0x47, 0x6d,
    0x47, 0x6d, 0x46, 0x6d, 0x47, 0x6d, 0x47, 0x65, 0x46, 0x6d, 0x46, 0x6d,
    0x47, 0x65, 0x46, 0x6d, 0x46, 0x6d, 0x4d, 0x4d, 0x2f, 0x3d, 0x4f, 0x45,
    0x4f, 0x3d, 0x4f, 0x45, 0x4f, 0x3d, 0x4f, 0x45, 0x4f, 0x45, 0x6f, 0x45,
    0x4f, 0x45, 0x4e, 0x4d, 0x6e, 0x4d, 0x6e, 0x4d, 0x6d, 0x55, 0x8d, 0x5d,
    0x8d, 0x5d, 0x8d, 0x5d, 0x8d, 0x5d, 0xad, 0x5d, 0xad, 0x5d, 0xad, 0x5d,
    0xad, 0x65, 0x8c, 0x65, 0x75, 0x7e, 0xf9, 0x86, 0xd9, 0x86, 0x97, 0x76,
    0x76, 0x76, 0x77, 0x76, 0x77, 0x6e, 0x76, 0x76, 0x76, 0x6e, 0x77, 0x6e,
    0x77, 0x6e, 0x76, 0x6e, 0x76, 0x6e, 0x77, 0x6e, 0x76, 0x6e, 0x77, 0x6e,
    0x77, 0x6e, 0x76, 0x6e, 0x76, 0x6e, 0x77, 0x6e, 0xd9, 0x7e, 0x1a, 0x87,
    0xfa, 0x86, 0xfa, 0x7e, 0x1a, 0x87, 0xfa, 0x86, 0xfa, 0x7e, 0xfa, 0x86,
    0xf9, 0x86, 0x1a, 0x87, 0xfa, 0x7e, 0x1a, 0x87, 0xfa, 0x86, 0xfa, 0x86,
    0xf9, 0x7e, 0x97, 0x76, 0x76, 0x6e, 0x76, 0x6e, 0x56, 0x6e, 0x76, 0x6e,
    0x77, 0x6e, 0x57, 0x6e, 0x56, 0x6e, 0x56, 0x66, 0x56, 0x6e, 0x56, 0x6e,
    0x56, 0x66, 0x56, 0x66, 0x57, 0x6e, 0x56, 0x66, 0x56, 0x66, 0x56, 0x66,
    0x56, 0x66, 0x56, 0x66, 0x56, 0x66, 0x36, 0x66, 0x56, 0x66, 0x56, 0x66,
    0x36, 0x66, 0x56, 0x66, 0x56, 0x66, 0x36, 0x66, 0x36, 0x66, 0x56, 0x66,
    0x36, 0x66, 0x36, 0x66, 0x56, 0x5e, 0x56, 0x66, 0x57, 0x66, 0xf0, 0x65,
    0x8a, 0x65, 0x8a, 0x65, 0x8a, 0x65, 0x8a, 0x65, 0x89, 0x65, 0x8a, 0x65,
    0x69, 0x65, 0x89, 0x65, 0x6a, 0x65, 0x6a, 0x65, 0x6a, 0x65, 0x6a, 0x5d,
    0x6a, 0x5d, 0x6a, 0x5d, 0x6a, 0x5d, 0x6a, 0x5d, 0x6a, 0x5d, 0x6b, 0x5d,
    0x4b, 0x55, 0x2b, 0x4d, 0x2d, 0x45, 0x2d, 0x3d, 0x0d, 0x3d, 0x0c, 0x3d,
    0x0d, 0x3d, 0x0d, 0x3d, 0x0d, 0x45, 0x0d, 0x3d, 0x0d, 0x3d, 0x0d, 0x3d,
    0x0d, 0x3d, 0x0d, 0x3d, 0x0d, 0x3d, 0x0d, 0x3d, 0x0b, 0x45, 0x09, 0x4d,
    0x08, 0x55, 0x07, 0x5d, 0x07, 0x5d, 0x07, 0x5d, 0x07, 0x5d, 0x07, 0x5d,
    0xe7, 0x54, 0xe7, 0x54, 0xe7, 0x5c, 0xe7, 0x54, 0xe6, 0x54, 0x26, 0x9b,
    0x06, 0x9b, 0x06, 0x9b, 0x06, 0xa3, 0x06, 0xa3, 0xe6, 0xa2, 0x06, 0x9b,
    0xe6, 0xa2, 0xe6, 0x9a, 0xe6, 0x9a, 0xe6, 0xa2, 0xe6, 0x9a, 0xc6, 0x92,
    0xa6, 0x8a, 0xa5, 0x8a, 0xa6, 0x8a, 0xa6, 0x8a, 0xa6, 0x8a, 0xa6, 0x8a,
    0xa6, 0x8a, 0xa6, 0x8a, 0xa5, 0x8a, 0xc6, 0x92, 0xe6, 0x9a, 0xe6, 0x9a,
    0xe6, 0x9a, 0xe6, 0x92, 0xe6, 0x92, 0xe6, 0x92, 0xc6, 0x92, 0xa5, 0x8a,
    0xa6, 0x82, 0x85, 0x82, 0xa6, 0x82, 0x85, 0x82, 0xa5, 0x82, 0x86, 0x82,
    0x84, 0x44, 0xa4, 0x4c, 0x84, 0x44, 0x84, 0x4c, 0xa4, 0x4c, 0x83, 0x4c,
    0xa3, 0x44, 0x64, 0x54, 0x25, 0x7b, 0xc6, 0x8a, 0xa6, 0x82, 0xa6, 0x8a,
    0xa5, 0x8a, 0xc6, 0x8a, 0xc6, 0x8a, 0xc5, 0x8a, 0xc6, 0x8a, 0xa5, 0x8a,
    0xc6, 0x92, 0xc6, 0x92, 0xe6, 0x92, 0xc6, 0x92, 0xe6, 0x92, 0xc6, 0x92,
    0xc6, 0x92, 0xc6, 0x92, 0xc6, 0x92, 0xc6, 0x92, 0xe6, 0x92, 0x26, 0xa3,
    0x26, 0xa3, 0x26, 0xa3, 0x27, 0xa3, 0x06, 0xa3, 0x07, 0xa3, 0x06, 0xa3,
    0x06, 0x9b, 0x06, 0x9b, 0x06, 0x9b, 0xe6, 0x9a, 0xe6, 0x9a, 0xe6, 0x9a,
    0xe6, 0x9a, 0x06, 0x9b, 0x26, 0x93, 0x27, 0x5d, 0x27, 0x65, 0x27, 0x65,
    0x26, 0x65, 0x47, 0x65, 0x27, 0x65, 0x27, 0x65, 0x27, 0x65, 0x26, 0x65,
    0x46, 0x65, 0x46, 0x6d, 0x26, 0x65, 0x26, 0x65, 0x47, 0x65, 0x26, 0x6d,
    0x47, 0x65, 0x26, 0x65, 0x47, 0x6d, 0x48, 0x5d, 0x4f, 0x3d, 0x4f, 0x3d,
    0x4f, 0x45, 0x4f, 0x45, 0x4f, 0x45, 0x4f, 0x3d, 0x4f, 0x45, 0x4f, 0x45,
    0x4f, 0x45, 0x6f, 0x45, 0x6f, 0x45, 0x6e, 0x4d, 0x8e, 0x55, 0x8d, 0x55,
    0x8d, 0x55, 0x8d, 0x5d, 0x8d, 0x5d, 0x8d, 0x5d, 0xad, 0x5d, 0xae, 0x5d,
    0xad, 0x5d, 0xad, 0x5d, 0xad, 0x5d, 0xae, 0x5d, 0x12, 0x6e, 0x77, 0x76,
    0x76, 0x6e, 0x77, 0x6e, 0x76, 0x6e, 0x76, 0x6e, 0x77, 0x6e, 0x76, 0x6e,
    0x76, 0x6e, 0x77, 0x6e, 0x56, 0x6e, 0x76, 0x6e, 0x76, 0x6e, 0x76, 0x6e,
    0x76, 0x6e, 0x56, 0x6e, 0x77, 0x6e, 0x76, 0x6e, 0x76, 0x6e, 0x77, 0x6e,
    0xd9, 0x7e, 0x1a, 0x87, 0xfa, 0x86, 0xfa, 0x7e, 0xfa, 0x7e, 0x1a, 0x87,
    0xfa, 0x7e, 0xfa, 0x7e, 0x1a, 0x87, 0xfa, 0x7e, 0xb8, 0x76, 0x77, 0x6e,
    0x76, 0x6e, 0x77, 0x6e, 0x76, 0x6e, 0x57, 0x6e, 0x56, 0x6e, 0x56, 0x6e,
    0x56, 0x66, 0x56, 0x6e, 0x56, 0x66, 0x57, 0x66, 0x56, 0x66, 0x56, 0x66,
    0x56, 0x66, 0x56, 0x66, 0x56, 0x66, 0x56, 0x66, 0x56, 0x66, 0x36, 0x66,
    0x36, 0x66, 0x36, 0x66, 0x56, 0x66, 0x36, 0x66, 0x36, 0x66, 0x56, 0x66,
    0x36, 0x66, 0x36, 0x66, 0x56, 0x66, 0x56, 0x66, 0x36, 0x5e, 0x56, 0x66,
    0x56, 0x5e, 0x36, 0x5e, 0x56, 0x66, 0x36, 0x5e, 0x13, 0x66, 0x89, 0x65,
    0x8a, 0x65, 0x6a, 0x65, 0x6a, 0x65, 0x89, 0x65, 0x6a, 0x65, 0x6a, 0x65,
    0x6a, 0x65, 0x6a, 0x65, 0x6a, 0x65, 0x6a, 0x5d, 0x6a, 0x5d, 0x6a, 0x5d,
    0x6a, 0x5d, 0x8a, 0x5d, 0x6a, 0x5d, 0x6b, 0x5d, 0x4b, 0x5d, 0x6b, 0x55,
    0x4b, 0x55, 0x4c, 0x4d, 0x2d, 0x45, 0x2d, 0x45, 0x0c, 0x3d, 0x2d, 0x45,
    0x0d, 0x3d, 0x0d, 0x3d, 0x2d, 0x3d, 0x0d, 0x3d, 0x0d, 0x3d, 0x0d, 0x3d,
    0x0d, 0x3d, 0x0d, 0x3d, 0x0c, 0x3d, 0x09, 0x55, 0x07, 0x5d, 0xe7, 0x5c,
    0x07, 0x5d, 0x07, 0x5d, 0xe7, 0x54, 0xe7, 0x54, 0xe7, 0x5c, 0xe7, 0x5c,
    0xe7, 0x54, 0xe7, 0x54, 0xe6, 0x54, 0xe7, 0x5c, 0xa6, 0x64, 0x06, 0xa3,
    0x06, 0xa3, 0x06, 0xa3, 0x06, 0x9b, 0x06, 0xa3, 0x06, 0x9b, 0xe6, 0x9a,
    0x06, 0xa3, 0xe6, 0x9a, 0x06, 0x9b, 0xe6, 0x9a, 0xe6, 0x9a, 0xa6, 0x8a,
    0xc6, 0x8a, 0xc6, 0x92, 0xa6, 0x8a, 0xc6, 0x8a, 0xa6, 0x8a, 0xa5, 0x8a,
    0xa6, 0x8a, 0xa5, 0x82, 0xc6, 0x92, 0xe6, 0x92, 0xe6, 0x9a, 0xe6, 0x9a,
    0xc5, 0x92, 0xe6, 0x9a, 0xe6, 0x9a, 0xe5, 0x92, 0xc6, 0x92, 0xa6, 0x8a,
    0xa5, 0x82, 0x86, 0x82, 0xa6, 0x82, 0x86, 0x82, 0x85, 0x82, 0xa6, 0x82,
    0xa4, 0x4c, 0xa3, 0x4c, 0xa3, 0x4c, 0xa4, 0x4c, 0xa3, 0x4c, 0xa4, 0x4c,
    0xa4, 0x44, 0xa3, 0x44, 0x63, 0x4c, 0xe6, 0x82, 0xc6, 0x8a, 0xc6, 0x82,
    0xc6, 0x82, 0xa6, 0x8a, 0xc6, 0x8a, 0xa6, 0x8a, 0xa6, 0x8a, 0xc6, 0x8a,
    0xc6, 0x92, 0xc6, 0x92, 0xc6, 0x92, 0xc6, 0x92, 0xc6, 0x92, 0xc6, 0x92,
    0xc6, 0x92, 0xc6, 0x92, 0xc6, 0x92, 0xc6, 0x92, 0xc6, 0x92, 0x06, 0xa3,
    0x06, 0xa3, 0x06, 0xa3, 0x06, 0xa3, 0x06, 0xa3, 0x06, 0xa3, 0x06, 0xa3,
    0x06, 0xa3, 0x07, 0x9b, 0xe6, 0xa2, 0xe6, 0x9a, 0x07, 0x9b, 0x06, 0x9b,
    0xe6, 0x9a, 0x06, 0x9b, 0xe6, 0x9a, 0x07, 0x65, 0x27, 0x65, 0x26, 0x65,
    0x27, 0x65, 0x27, 0x65, 0x26, 0x65, 0x27, 0x65, 0x27, 0x65, 0x27, 0x65,
    0x26, 0x65, 0x27, 0x65, 0x46, 0x6d, 0x46, 0x6d, 0x27, 0x65, 0x27, 0x6d,
    0x26, 0x65, 0x47, 0x6d, 0x27, 0x65, 0x46, 0x65, 0x4f, 0x45, 0x50, 0x45,
    0x4e, 0x45, 0x4c, 0x4d, 0x4a, 0x55, 0x6a, 0x5d, 0x6c, 0x55, 0x4e, 0x45,
    0x4f, 0x45, 0x6f, 0x45, 0x6f, 0x4d, 0x6f, 0x4d, 0x6e, 0x55, 0x8e, 0x55,
    0x8e, 0x55, 0x8e, 0x55, 0xae, 0x5d, 0xae, 0x5d, 0x8e, 0x5d, 0x8e, 0x5d,
    0xae, 0x5d, 0x8d, 0x5d, 0xae, 0x5d, 0xae, 0x5d, 0xae, 0x5d, 0x13, 0x66,
    0x77, 0x6e, 0x56, 0x6e, 0x56, 0x6e, 0x57, 0x6e, 0x56, 0x6e, 0x56, 0x6e,
    0x76, 0x6e, 0x56, 0x6e, 0x57, 0x6e, 0x56, 0x6e, 0x56, 0x6e, 0x57, 0x6e,
    0x56, 0x6e, 0x77, 0x6e, 0x56, 0x6e, 0x77, 0x6e, 0x56, 0x6e, 0x56, 0x6e,
    0x76, 0x6e, 0x77, 0x6e, 0xd9, 0x7e, 0xb8, 0x7e, 0xd8, 0x7e, 0xf9, 0x7e,
    0xfa, 0x86, 0xd9, 0x7e, 0x97, 0x76, 0x76, 0x6e, 0x76, 0x6e, 0x56, 0x6e,
    0x57, 0x6e, 0x57, 0x6e, 0x56, 0x6e, 0x56, 0x66, 0x56, 0x66, 0x56, 0x6e,
    0x56, 0x6e, 0x56, 0x66, 0x56, 0x66, 0x57, 0x6e, 0x56, 0x66, 0x56, 0x66,
    0x56, 0x66, 0x56, 0x66, 0x56, 0x66, 0x56, 0x66, 0x36, 0x66, 0x36, 0x66,
    0x56, 0x66, 0x56, 0x66, 0x36, 0x66, 0x56, 0x66, 0x56, 0x66, 0x36, 0x66,
    0x56, 0x66, 0x36, 0x5e, 0x36, 0x66, 0x56, 0x66, 0x36, 0x5e, 0x36, 0x66,
    0x36, 0x66, 0x56, 0x66, 0x36, 0x66, 0x36, 0x5e, 0xad, 0x65, 0x8a, 0x65,
    0x6a, 0x65, 0x6a, 0x65, 0x6a, 0x65, 0x6a, 0x5d, 0x6a, 0x65, 0x6a, 0x65,
    0x6a, 0x5d, 0x6a, 0x5d, 0x6a, 0x5d, 0x6a, 0x5d, 0x6a, 0x5d, 0x6a, 0x5d,
    0x6a, 0x5d, 0x6a, 0x5d, 0x6a, 0x5d, 0x6b, 0x55, 0x4b, 0x55, 0x4b, 0x55,
    0x4b, 0x55, 0x4c, 0x4d, 0x0c, 0x45, 0x2d, 0x45, 0x2d, 0x3d, 0x0d, 0x3d,
    0x0d, 0x45, 0x0d, 0x3d, 0x0d, 0x3d, 0x0d, 0x3d, 0x0d, 0x3d, 0x0d, 0x3d,
    0x0d, 0x3d, 0x0d, 0x3d, 0x09, 0x4d, 0x07, 0x55, 0x07, 0x55, 0x07, 0x5d,
    0xe7, 0x54, 0xe7, 0x5c, 0xe7, 0x5c, 0xe7, 0x54, 0xe7, 0x54, 0xe7, 0x54,
    0xe6, 0x54, 0xe7, 0x54, 0xc7, 0x54, 0xe7, 0x54, 0x26, 0x7c, 0x06, 0xa3,
    0x07, 0x9b, 0x06, 0xa3, 0x06, 0xa3, 0x06, 0x9b, 0x06, 0xa3, 0xe6, 0x9a,
    0xe6, 0x9a, 0xe6, 0xa2, 0xe6, 0x9a, 0xe6, 0x9a, 0xc6, 0x92, 0xa6, 0x92,
    0xa6, 0x8a, 0xa6, 0x8a, 0xa5, 0x8a, 0xa6, 0x8a, 0xa6, 0x8a, 0xa5, 0x8a,
    0xa6, 0x8a, 0xa6, 0x8a, 0xc6, 0x92, 0xe6, 0x9a, 0xe5, 0x92, 0xc6, 0x92,
    0xe6, 0x9a, 0xe6, 0x9a, 0xc6, 0x92, 0xc6, 0x92, 0xa5, 0x8a, 0xa6, 0x8a,
    0x86, 0x82, 0xa6, 0x82, 0xa6, 0x82, 0xa5, 0x82, 0xa6, 0x82, 0x86, 0x82,
    0x83, 0x44, 0xa3, 0x44, 0x84, 0x44, 0xa3, 0x4c, 0xa3, 0x4c, 0xa4, 0x4c,
    0xa4, 0x4c, 0xa3, 0x4c, 0xa4, 0x44, 0x85, 0x73, 0xa5, 0x8a, 0xa6, 0x82,
    0xa6, 0x8a, 0xa6, 0x82, 0xc5, 0x8a, 0xa6, 0x8a, 0xc6, 0x8a, 0xc6, 0x8a,
    0xc6, 0x92, 0xc5, 0x92, 0xc6, 0x92, 0xc6, 0x92, 0xc6, 0x92, 0xc6, 0x92,
    0xc6, 0x92, 0xc6, 0x92, 0xc6, 0x8a, 0xc6, 0x8a, 0xc6, 0x92, 0xc6, 0x9a,
    0x26, 0xa3, 0x06, 0xa3, 0x06, 0xa3, 0x26, 0xa3, 0x06, 0x9b, 0x06, 0x9b,
    0x06, 0x9b, 0xe6, 0x9a, 0x06, 0x9b, 0x06, 0x9b, 0xe6, 0x9a, 0xe6, 0x9a,
    0x06, 0x9b, 0xe7, 0x92, 0xc6, 0x9a, 0xc7, 0x64, 0x07, 0x65, 0x07, 0x5d,
    0x06, 0x65, 0x27, 0x65, 0x27, 0x65, 0x27, 0x65, 0x27, 0x65, 0x26, 0x65,
    0x27, 0x65, 0x26, 0x65, 0x27, 0x65, 0x47, 0x6d, 0x26, 0x65, 0x26, 0x65,
    0x27, 0x65, 0x26, 0x65, 0x27, 0x65, 0x46, 0x6d, 0x4b, 0x55, 0x49, 0x5d,
    0x46, 0x65, 0x46, 0x6d, 0x47, 0x65, 0x47, 0x65, 0x46, 0x6d, 0x67, 0x6d,
    0x49, 0x5d, 0x6e, 0x4d, 0x6f, 0x45, 0x6f, 0x4d, 0x6e, 0x4d, 0x8e, 0x55,
    0x8e, 0x55, 0x8e, 0x55, 0x8e, 0x55, 0x8e, 0x55, 0x8e, 0x55, 0x8e, 0x55,
    0xae, 0x5d, 0x8e, 0x55, 0x8e, 0x5d, 0xae, 0x5d, 0xae, 0x5d, 0xcf, 0x5d,
    0x77, 0x6e, 0x76, 0x6e, 0x77, 0x6e, 0x77, 0x6e, 0x56, 0x6e, 0x56, 0x6e,
    0x56, 0x6e, 0x56, 0x6e, 0x56, 0x6e, 0x56, 0x6e, 0x56, 0x66, 0x56, 0x6e,
    0x56, 0x6e, 0x56, 0x6e, 0x57, 0x6e, 0x76, 0x6e, 0x76, 0x6e, 0x56, 0x6e,
    0x56, 0x6e, 0x76, 0x6e, 0x56, 0x6e, 0x76, 0x6e, 0x76, 0x6e, 0x56, 0x6e,
    0x77, 0x6e, 0x76, 0x6e, 0x77, 0x6e, 0x57, 0x6e, 0x57, 0x6e, 0x76, 0x6e,
    0x56, 0x66, 0x56, 0x6e, 0x56, 0x66, 0x56, 0x66, 0x56, 0x66, 0x57, 0x6e,
    0x56, 0x66, 0x56, 0x66, 0x56, 0x66, 0x56, 0x66, 0x56, 0x66, 0x56, 0x66,
    0x37, 0x66, 0x36, 0x66, 0x36, 0x66, 0x36, 0x66, 0x56, 0x66, 0x56, 0x66,
    0x36, 0x66, 0x36, 0x66, 0x56, 0x66, 0x36, 0x66, 0x36, 0x66, 0x56, 0x66,
    0x56, 0x66, 0x56, 0x66, 0x15, 0x5e, 0xf3, 0x5d, 0xf1, 0x65, 0xd1, 0x5d,
    0x14, 0x66, 0x36, 0x5e, 0x36, 0x66, 0x56, 0x66, 0x8b, 0x5d, 0x8b, 0x65,
    0x8a, 0x5d, 0x6a, 0x5d, 0x6a, 0x5d, 0x8a, 0x5d, 0x6a, 0x5d, 0x6a, 0x5d,
    0x6a, 0x5d, 0x6a, 0x5d, 0x6a, 0x5d, 0x6a, 0x5d, 0x6a, 0x5d, 0x6a, 0x5d,
    0x6a, 0x5d, 0x4b, 0x5d, 0x4b, 0x55, 0x4b, 0x55, 0x6b, 0x55, 0x4b, 0x55,
    0x4b, 0x55, 0x2c, 0x4d, 0x2d, 0x45, 0x2d, 0x3d, 0x0d, 0x3d, 0x0d, 0x45,
    0x0d, 0x3d, 0x2d, 0x3d, 0x0d, 0x3d, 0x0d, 0x3d, 0x0c, 0x3d, 0x0d, 0x3d,
    0x0d, 0x3d, 0xec, 0x3c, 0x07, 0x55, 0x07, 0x5d, 0x07, 0x55, 0xe7, 0x54,
    0xe7, 0x54, 0xe7, 0x54, 0xe7, 0x54, 0xe7, 0x54, 0xe7, 0x54, 0xe7, 0x5c,
    0xc7, 0x54, 0xe7, 0x5c, 0xc7, 0x54, 0x66, 0x74, 0xa6, 0xb3, 0x46, 0xab,
    0x06, 0xa3, 0x06, 0x9b, 0x06, 0xa3, 0xe6, 0x9a, 0x06, 0xa3, 0x06, 0x9b,
    0x06, 0x9b, 0x06, 0x9b, 0xe6, 0x9a, 0xe6, 0x9a, 0xa6, 0x92, 0xa6, 0x8a,
    0xa6, 0x8a, 0xa5, 0x8a, 0xa6, 0x8a, 0xa6, 0x8a, 0xa6, 0x8a, 0xa6, 0x8a,
    0xa6, 0x8a, 0xc6, 0x92, 0xe6, 0x9a, 0xc6, 0x92, 0xc6, 0x9a, 0xe6, 0x92,
    0xc6, 0x92, 0xc5, 0x92, 0xe6, 0x9a, 0xc6, 0x92, 0x86, 0x82, 0xa5, 0x82,
    0x86, 0x82, 0xa6, 0x82, 0x85, 0x82, 0xa5, 0x82, 0x86, 0x82, 0xa6, 0x7a,
    0x84, 0x44, 0xa4, 0x4c, 0xa4, 0x4c, 0xa3, 0x4c, 0xa4, 0x4c, 0xa3, 0x4c,
    0xa3, 0x4c, 0xa4, 0x4c, 0x84, 0x4c, 0x04, 0x5c, 0x86, 0x8a, 0x45, 0x73,
    0x63, 0x54, 0xa3, 0x54, 0xa3, 0x54, 0x04, 0x5c, 0xc6, 0x82, 0xc5, 0x8a,
    0xc6, 0x8a, 0xc6, 0x92, 0xc5, 0x92, 0xc6, 0x92, 0xe6, 0x92, 0xc5, 0x92,
    0xc6, 0x92, 0xc6, 0x8a, 0xc6, 0x92, 0xc6, 0x92, 0xc6, 0x8a, 0xc6, 0x92,
    0x06, 0xa3, 0x06, 0xa3, 0x06, 0x9b, 0x06, 0xa3, 0x06, 0xa3, 0x06, 0x9b,
    0xe6, 0x9a, 0x06, 0xa3, 0xe6, 0x9a, 0xe6, 0x9a, 0xe6, 0x9a, 0xe6, 0x9a,
    0xe6, 0x9a, 0x06, 0x93, 0xe6, 0x9a, 0x47, 0x6c, 0x07, 0x5d, 0x07, 0x5d,
    0x07, 0x65, 0x07, 0x5d, 0x07, 0x5d, 0x07, 0x5d, 0x07, 0x65, 0x27, 0x65,
    0x26, 0x65, 0x26, 0x65, 0x27, 0x65, 0x27, 0x65, 0x26, 0x65, 0x27, 0x65,
    0x27, 0x65, 0x27, 0x65, 0x26, 0x65, 0x27, 0x65, 0x26, 0x65, 0x47, 0x65,
    0x47, 0x65, 0x47, 0x6d, 0x47, 0x6d, 0x46, 0x65, 0x47, 0x65, 0x47, 0x65,
    0x47, 0x65, 0x46, 0x65, 0x4c, 0x55, 0x6f, 0x45, 0x6f, 0x4d, 0x6e, 0x4d,
    0x8f, 0x55, 0x8e, 0x55, 0x8e, 0x55, 0xae, 0x55, 0x8e, 0x55, 0x8e, 0x55,
    0x8e, 0x55, 0x8e, 0x55, 0x8e, 0x55, 0xae, 0x5d, 0x8e, 0x55, 0xaf, 0x5d,
    0x57, 0x6e, 0x56, 0x6e, 0x56, 0x6e, 0x12, 0x66, 0xd0, 0x65, 0xd0, 0x5d,
    0xd1, 0x5d, 0x13, 0x66, 0x56, 0x66, 0x57, 0x66, 0x56, 0x6e, 0x56, 0x66,
    0x56, 0x66, 0x56, 0x66, 0x56, 0x6e, 0x56, 0x6e, 0x57, 0x66, 0x56, 0x6e,
    0x56, 0x6e, 0x56, 0x66, 0x56, 0x66, 0x56, 0x6e, 0x57, 0x6e, 0x56, 0x66,
    0x56, 0x6e, 0x57, 0x6e, 0x56, 0x6e, 0x56, 0x66, 0x57, 0x6e, 0x56, 0x6e,
    0x56, 0x66, 0x56, 0x66, 0x57, 0x6e, 0x76, 0x6e, 0x56, 0x66, 0x56, 0x66,
    0x56, 0x66, 0x57, 0x66, 0x56, 0x66, 0x36, 0x66, 0x56, 0x66, 0x36, 0x66,
    0x36, 0x66, 0x36, 0x66, 0x36, 0x66, 0x56, 0x66, 0x56, 0x66, 0x56, 0x66,
    0x36, 0x66, 0x56, 0x66, 0x36, 0x66, 0x36, 0x66, 0x36, 0x66, 0x36, 0x66,
    0x35, 0x66, 0xaf, 0x55, 0x6c, 0x55, 0x6c, 0x55, 0x8c, 0x5d, 0x8c, 0x5d,
    0x8d, 0x5d, 0xf1, 0x5d, 0x35, 0x66, 0x35, 0x66, 0x6c, 0x5d, 0x6b, 0x5d,
    0x6a, 0x5d, 0x6a, 0x5d, 0x6a, 0x5d, 0x6a, 0x5d, 0x6a, 0x5d, 0x6a, 0x5d,
    0x6a, 0x5d, 0x4a, 0x5d, 0x4a, 0x5d, 0x4a, 0x5d, 0x4a, 0x5d, 0x6b, 0x5d,
    0x4b, 0x55, 0x2b, 0x4d, 0x4b, 0x4d, 0x4c, 0x4d, 0x2b, 0x4d, 0x2c, 0x4d,
    0x2c, 0x45, 0x2c, 0x45, 0x0d, 0x45, 0x2d, 0x3d, 0x0c, 0x3d, 0x2d, 0x45,
    0x0d, 0x3d, 0x0d, 0x3d, 0x0d, 0x3d, 0x0d, 0x3d, 0x0d, 0x3d, 0xed, 0x3c,
    0xed, 0x3c, 0x0c, 0x3d, 0x07, 0x55, 0x07, 0x5d, 0x07, 0x55, 0x07, 0x55,
    0xe7, 0x5c, 0xe7, 0x54, 0xe7, 0x54, 0xe7, 0x54, 0xe7, 0x54, 0xc7, 0x54,
    0xc7, 0x5c, 0xc7, 0x54, 0x46, 0x94, 0xc6, 0xc3, 0xc6, 0xbb, 0xc6, 0xbb,
    0x46, 0xab, 0x06, 0xa3, 0x06, 0xa3, 0xe6, 0x9a, 0x06, 0xa3, 0xe6, 0xa2,
    0xe6, 0x9a, 0xe6, 0x9a, 0xe6, 0xa2, 0xc6, 0x92, 0xa6, 0x8a, 0xa6, 0x8a,
    0xa5, 0x8a, 0xa6, 0x8a, 0xa6, 0x8a, 0xa5, 0x8a, 0xa6, 0x8a, 0xa6, 0x8a,
    0xa5, 0x8a, 0xc5, 0x92, 0xc6, 0x92, 0xc6, 0x92, 0xc6, 0x9a, 0xe6, 0x92,
    0xc6, 0x92, 0xe6, 0x9a, 0xc6, 0x92, 0xa6, 0x8a, 0xa5, 0x82, 0xa6, 0x82,
    0xa6, 0x82, 0x85, 0x82, 0xa6, 0x82, 0x86, 0x82, 0x85, 0x82, 0x85, 0x7a,
    0x83, 0x44, 0xa3, 0x4c, 0x84, 0x44, 0xa4, 0x4c, 0xa3, 0x4c, 0xa4, 0x4c,
    0xa3, 0x4c, 0xa4, 0x4c, 0x84, 0x44, 0x24, 0x54, 0x05, 0x7b, 0xa3, 0x4c,
    0xc4, 0x4c, 0xc3, 0x54, 0xc4, 0x54, 0xc4, 0x54, 0x64, 0x54, 0xc5, 0x82,
    0xc6, 0x8a, 0xc6, 0x92, 0xc6, 0x92, 0xc6, 0x92, 0xc6, 0x92, 0xc6, 0x92,
    0xc6, 0x92, 0xc6, 0x92, 0xc6, 0x8a, 0xc6, 0x92, 0xc6, 0x92, 0xa6, 0x8a,
    0x06, 0x9b, 0x06, 0xa3, 0x06, 0xa3, 0x06, 0x9b, 0xe6, 0xa2, 0xe6, 0x9a,
    0xe7, 0x9a, 0x06, 0x9b, 0x06, 0x9b, 0xe6, 0x9a, 0xe7, 0x9a, 0xe6, 0x9a,
    0xe6, 0x9a, 0xe6, 0x92, 0xe6, 0x9a, 0xe7, 0x7b, 0x07, 0x5d, 0x07, 0x5d,
    0x07, 0x65, 0x07, 0x5d, 0x07, 0x5d, 0x07, 0x5d, 0x07, 0x65, 0x07, 0x65,
    0x07, 0x65, 0x07, 0x65, 0x27, 0x65, 0x27, 0x65, 0x06, 0x65, 0x27, 0x65,
    0x27, 0x65, 0x27, 0x65, 0x27, 0x65, 0x27, 0x65, 0x27, 0x65, 0x27, 0x65,
    0x27, 0x65, 0x27, 0x65, 0x26, 0x65, 0x47, 0x65, 0x27, 0x6d, 0x27, 0x65,
    0x27, 0x65, 0x27, 0x65, 0x47, 0x6d, 0x6d, 0x4d, 0x6f, 0x4d, 0x8f, 0x4d,
    0x8f, 0x4d, 0x8f, 0x55, 0x8f, 0x55, 0x8f, 0x55, 0x8e, 0x55, 0x8e, 0x55,
    0x8e, 0x55, 0x8e, 0x55, 0x8e, 0x55, 0xae, 0x55, 0x8e, 0x55, 0xd0, 0x5d,
    0x77, 0x6e, 0x14, 0x66, 0xaf, 0x5d, 0xaf, 0x5d, 0xaf, 0x5d, 0xaf, 0x5d,
    0xaf, 0x5d, 0xae, 0x5d, 0xd0, 0x5d, 0x56, 0x66, 0x56, 0x66, 0x56, 0x6e,
    0x56, 0x66, 0x56, 0x66, 0x56, 0x66, 0x56, 0x66, 0x56, 0x66, 0x56, 0x66,
    0x56, 0x66, 0x56, 0x66, 0x56, 0x66, 0x57, 0x6e, 0x56, 0x66, 0x56, 0x6e,
    0x57, 0x6e, 0x57, 0x66, 0x56, 0x6e, 0x56, 0x66, 0x76, 0x66, 0x57, 0x66,
    0x56, 0x66, 0x56, 0x66, 0x56, 0x66, 0x56, 0x66, 0x56, 0x66, 0x56, 0x66,
    0x56, 0x66, 0x36, 0x66, 0x36, 0x66, 0x56, 0x66, 0x36, 0x66, 0x56, 0x66,
    0x36, 0x66, 0x56, 0x66, 0x36, 0x66, 0x36, 0x66, 0x36, 0x66, 0x13, 0x66,
    0xd1, 0x65, 0xf1, 0x65, 0x34, 0x66, 0x56, 0x66, 0x56, 0x66, 0x35, 0x5e,
    0x6e, 0x55, 0x6d, 0x55, 0x4d, 0x55, 0x6d, 0x55, 0x6c, 0x55, 0x8c, 0x55,
    0x6c, 0x55, 0x8c, 0x55, 0xd0, 0x5d, 0xf2, 0x65, 0x6c, 0x5d, 0x6b, 0x5d,
    0x6b, 0x5d, 0x6b, 0x5d, 0x6a, 0x5d, 0x4a, 0x5d, 0x4b, 0x5d, 0x4a, 0x55,
    0x6a, 0x55, 0x4a, 0x55, 0x6a, 0x55, 0x6b, 0x55, 0x4b, 0x55, 0x4b, 0x55,
    0x2c, 0x4d, 0x2c, 0x4d, 0x2c, 0x45, 0x2c, 0x45, 0x2c, 0x45, 0x2d, 0x45,
    0x2c, 0x45, 0x2d, 0x45, 0x0c, 0x3d, 0x0c, 0x3d, 0x2d, 0x45, 0x0d, 0x3d,
    0x0d, 0x45, 0x0c, 0x3d, 0x0d, 0x3d, 0x0d, 0x3d, 0x0d, 0x3d, 0x0d, 0x3d,
    0xed, 0x3c, 0xed, 0x3c, 0x08, 0x55, 0x08, 0x55, 0xe8, 0x54, 0xe7, 0x54,
    0xe7, 0x54, 0xe8, 0x54, 0xe7, 0x54, 0xc7, 0x54, 0xc7, 0x54, 0xc7, 0x54,
    0xa7, 0x64, 0xe6, 0xb3, 0xc6, 0xc3, 0xc6, 0xc3, 0xe6, 0xc3, 0xc6, 0xbb,
    0xc6, 0xbb, 0x66, 0xab, 0x06, 0x9b, 0x06, 0xa3, 0xe6, 0x9a, 0x06, 0x9b,
    0x06, 0xa3, 0xe6, 0xa2, 0xe6, 0x9a, 0xc6, 0x92, 0xa6, 0x8a, 0xa6, 0x8a,
    0xa6, 0x92, 0xc6, 0x8a, 0xa6, 0x8a, 0xa6, 0x8a, 0xa5, 0x8a, 0xa6, 0x8a,
    0xc6, 0x92, 0xc6, 0x92, 0xe6, 0x92, 0xc5, 0x92, 0xc5, 0x9a, 0xe6, 0x92,
    0xe6, 0x92, 0xc5, 0x92, 0xc6, 0x92, 0x85, 0x8a, 0xa5, 0x82, 0xa6, 0x82,
    0xa6, 0x82, 0x85, 0x82, 0xa6, 0x82, 0x85, 0x82, 0xa6, 0x82, 0xa5, 0x82,
    0x83, 0x44, 0x84, 0x44, 0x84, 0x44, 0xa3, 0x44, 0xa3, 0x4c, 0xa4, 0x4c,
    0xa3, 0x4c, 0xa4, 0x44, 0x84, 0x44, 0xe4, 0x5b, 0x63, 0x54, 0xa4, 0x4c,
    0xc3, 0x54, 0xc4, 0x54, 0xc3, 0x54, 0xc3, 0x54, 0xc3, 0x54, 0xa5, 0x6b,
    0xc6, 0x8a, 0xc6, 0x8a, 0xc6, 0x8a, 0xc5, 0x92, 0xc6, 0x92, 0xc6, 0x92,
    0xc6, 0x8a, 0xa5, 0x8a, 0xa6, 0x92, 0xc6, 0x8a, 0xa6, 0x8a, 0xc6, 0x8a,
    0xe6, 0x9a, 0x06, 0xa3, 0x06, 0xa3, 0xe6, 0x9a, 0x07, 0x9b, 0xe6, 0x9a,
    0x06, 0xa3, 0xe6, 0x9a, 0xe6, 0x9a, 0xe7, 0x9a, 0xe6, 0x9a, 0xe6, 0x9a,
    0xe6, 0x92, 0xe6, 0x92, 0xe6, 0x92, 0x87, 0x83, 0x27, 0x5d, 0x07, 0x5d,
    0x07, 0x5d, 0x07, 0x65, 0x07, 0x5d, 0x07, 0x5d, 0x07, 0x5d, 0x07, 0x5d,
    0x07, 0x5d, 0x07, 0x65, 0x07, 0x65, 0x07, 0x65, 0x07, 0x65, 0x07, 0x65,
    0x07, 0x5d, 0x07, 0x65, 0x07, 0x65, 0x27, 0x65, 0x07, 0x65, 0x26, 0x65,
    0x27, 0x65, 0x27, 0x65, 0x27, 0x65, 0x27, 0x65, 0x27, 0x65, 0x27, 0x65,
    0x27, 0x65, 0x27, 0x65, 0x27, 0x65, 0x48, 0x65, 0x90, 0x4d, 0x6f, 0x4d,
    0x6f, 0x4d, 0x8f, 0x4d, 0x8f, 0x4d, 0x8f, 0x4d, 0x8f, 0x55, 0x8f, 0x55,
    0x8e, 0x55, 0xae, 0x55, 0xaf, 0x5d, 0x8f, 0x55, 0x8e, 0x55, 0x8f, 0x55,
    0xf2, 0x65, 0xaf, 0x55, 0x8f, 0x55, 0xaf, 0x55, 0xae, 0x55, 0xaf, 0x55,
    0xaf, 0x55, 0xaf, 0x5d, 0xaf, 0x5d, 0xd1, 0x5d, 0x56, 0x66, 0x56, 0x66,
    0x56, 0x66, 0x56, 0x66, 0x57, 0x66, 0x56, 0x6e, 0x56, 0x66, 0x56, 0x66,
    0x37, 0x66, 0x56, 0x6e, 0x56, 0x66, 0x56, 0x66, 0x56, 0x66, 0x56, 0x66,
    0x56, 0x66, 0x56, 0x66, 0x56, 0x66, 0x56, 0x66, 0x56, 0x66, 0x56, 0x66,
    0x56, 0x66, 0x56, 0x66, 0x36, 0x66, 0x56, 0x66, 0x36, 0x66, 0x56, 0x66,
    0x36, 0x66, 0x36, 0x66, 0x56, 0x66, 0x56, 0x66, 0x36, 0x66, 0x36, 0x66,
    0x56, 0x66, 0x56, 0x66, 0x56, 0x66, 0x35, 0x66, 0xcf, 0x5d, 0xce, 0x5d,
    0xcf, 0x5d, 0xcf, 0x5d, 0xce, 0x65, 0xd1, 0x5d, 0x35, 0x66, 0x8f, 0x55,
    0x4d, 0x4d, 0x4d, 0x4d, 0x6d, 0x55, 0x6c, 0x55, 0x6d, 0x55, 0x6d, 0x55,
    0x6c, 0x55, 0x6c, 0x55, 0x6c, 0x55, 0x6c, 0x55, 0x6b, 0x55, 0x6b, 0x5d,
    0x6b, 0x55, 0x6b, 0x5d, 0x4b, 0x55, 0x4a, 0x55, 0x4b, 0x55, 0x4b, 0x5d,
    0x4b, 0x55, 0x4b, 0x55, 0x4b, 0x55, 0x4b, 0x55, 0x4b, 0x55, 0x2b, 0x4d,
    0x2c, 0x45, 0x2c, 0x45, 0x0c, 0x45, 0x2c, 0x45, 0x0c, 0x45, 0x0d, 0x45,
    0x0d, 0x3d, 0x0d, 0x45, 0x0c, 0x3d, 0x0d, 0x45, 0x0d, 0x3d, 0x0d, 0x3d,
    0x0d, 0x3d, 0x0d, 0x3d, 0x0d, 0x3d, 0x0d, 0x3d, 0x0d, 0x3d, 0x0d, 0x3d,
    0x0d, 0x3d, 0x0d, 0x3d, 0xeb, 0x44, 0xe7, 0x54, 0xe8, 0x54, 0xe8, 0x54,
    0xe8, 0x54, 0xe8, 0x54, 0xc7, 0x54, 0xc7, 0x54, 0xc7, 0x54, 0x67, 0x84,
    0xe6, 0xc3, 0xe6, 0xc3, 0xe6, 0xbb, 0xe6, 0xbb, 0xc7, 0xc3, 0xc6, 0xc3,
    0xc6, 0xbb, 0xa6, 0xbb, 0x66, 0xb3, 0xe6, 0xa2, 0x06, 0x9b, 0x06, 0x9b,
    0xe6, 0x9a, 0xe6, 0x9a, 0xe6, 0x9a, 0xa6, 0x8a, 0xa6, 0x8a, 0xa5, 0x8a,
    0xa6, 0x8a, 0xa5, 0x8a, 0xa6, 0x8a, 0xa6, 0x8a, 0xa6, 0x8a, 0xa5, 0x8a,
    0xc6, 0x92, 0xe6, 0x92, 0xc6, 0x92, 0xc6, 0x92, 0xc6, 0x9a, 0xe6, 0x92,
    0xc5, 0x92, 0xc6, 0x92, 0xc6, 0x8a, 0x85, 0x82, 0x86, 0x82, 0xa5, 0x82,
    0xa5, 0x82, 0xa6, 0x82, 0x85, 0x82, 0x86, 0x82, 0x86, 0x82, 0x86, 0x82,
    0x64, 0x44, 0x84, 0x44, 0x64, 0x44, 0x83, 0x44, 0xa4, 0x4c, 0xa4, 0x4c,
    0xa3, 0x44, 0x84, 0x44, 0x83, 0x44, 0x64, 0x54, 0xa3, 0x4c, 0xc4, 0x54,
    0xc3, 0x54, 0xc3, 0x4c, 0xe3, 0x54, 0xe4, 0x54, 0xc3, 0x54, 0x04, 0x5c,
    0xa6, 0x8a, 0xa6, 0x8a, 0xa6, 0x8a, 0xc5, 0x8a, 0xc6, 0x8a, 0xc6, 0x92,
    0xc6, 0x8a, 0xc6, 0x92, 0xa6, 0x8a, 0xc6, 0x92, 0xc6, 0x92, 0xc6, 0x8a,
    0xc6, 0x92, 0xe6, 0x9a, 0xe6, 0x9a, 0x06, 0x9b, 0xe6, 0x9a, 0xe6, 0x9a,
    0xe6, 0x9a, 0xe6, 0x9a, 0xe6, 0x9a, 0xe6, 0x9a, 0xe6, 0x9a, 0xe7, 0x9a,
    0xe6, 0x92, 0xe6, 0x92, 0x07, 0x93, 0x47, 0x8b, 0x27, 0x5d, 0x07, 0x5d,
    0x07, 0x5d, 0x07, 0x5d, 0x07, 0x5d, 0xe7, 0x5c, 0xe7, 0x5c, 0x07, 0x5d,
    0x07, 0x5d, 0x07, 0x5d, 0x07, 0x5d, 0x07, 0x5d, 0x07, 0x5d, 0x07, 0x5d,
    0x07, 0x5d, 0x07, 0x5d, 0x07, 0x65, 0x07, 0x5d, 0x07, 0x5d, 0x07, 0x65,
    0x27, 0x65, 0x27, 0x65, 0x06, 0x65, 0x27, 0x65, 0x27, 0x65, 0x27, 0x65,
    0x27, 0x65, 0x47, 0x65, 0x27, 0x65, 0x27, 0x65, 0x6e, 0x4d, 0x6f, 0x4d,
    0x6f, 0x4d, 0x6f, 0x4d, 0x8f, 0x4d, 0x8f, 0x4d, 0x8f, 0x55, 0x8e, 0x55,
    0x8f, 0x55, 0x8f, 0x55, 0x8f, 0x55, 0x8f, 0x55, 0x8f, 0x55, 0xaf, 0x55,
    0x8f, 0x55, 0x8f, 0x55, 0xaf, 0x55, 0x8f, 0x55, 0x8f, 0x55, 0x8f, 0x55,
    0xaf, 0x55, 0xaf, 0x55, 0xaf, 0x55, 0xaf, 0x55, 0x35, 0x66, 0x36, 0x66,
    0x36, 0x66, 0x56, 0x66, 0x36, 0x6e, 0x35, 0x66, 0x35, 0x66, 0x36, 0x66,
    0x56, 0x66, 0x56, 0x66, 0x56, 0x66, 0x36, 0x66, 0x36, 0x66, 0x56, 0x66,
    0x56, 0x66, 0x36, 0x66, 0x56, 0x66, 0x36, 0x66, 0x36, 0x66, 0x36, 0x66,
    0x56, 0x66, 0x56, 0x66, 0x36, 0x66, 0x56, 0x66, 0x36, 0x66, 0x56, 0x66,
    0x56, 0x66, 0x36, 0x66, 0x36, 0x66, 0x36, 0x66, 0x36, 0x66, 0x36, 0x66,
    0x36, 0x66, 0xf2, 0x5d, 0xd0, 0x5d, 0xcf, 0x65, 0xcf, 0x5d, 0xae, 0x5d,
    0xae, 0x5d, 0xaf, 0x5d, 0xce, 0x5d, 0xaf, 0x5d, 0xf0, 0x5d, 0x4d, 0x4d,
    0x4d, 0x4d, 0x6d, 0x4d, 0x4c, 0x4d, 0x6d, 0x55, 0x6c, 0x55, 0x6d, 0x55,
    0x6c, 0x55, 0x6c, 0x55, 0x6c, 0x55, 0x6c, 0x55, 0x6c, 0x55, 0x6b, 0x55,
    0x6b, 0x55, 0x4b, 0x55, 0x4b, 0x55, 0x4b, 0x55, 0x4b, 0x55, 0x4b, 0x55,
    0x4b, 0x55, 0x2b, 0x4d, 0x2b, 0x4d, 0x2b, 0x55, 0x2b, 0x4d, 0x4c, 0x4d,
    0x2c, 0x45, 0x2c, 0x45, 0x0c, 0x45, 0x2d, 0x45, 0x0d, 0x3d, 0x0c, 0x45,
    0x2c, 0x45, 0x0d, 0x3d, 0x0d, 0x3d, 0x0c, 0x3d, 0x0d, 0x3d, 0x0c, 0x3d,
    0x0d, 0x3d, 0x0d, 0x3d, 0x0d, 0x3d, 0x0c, 0x3d, 0x0d, 0x3d, 0x0d, 0x3d,
    0xed, 0x3c, 0xec, 0x3c, 0xec, 0x3c, 0xea, 0x44, 0xe8, 0x4c, 0xc8, 0x4c,
    0xe8, 0x54, 0xe7, 0x54, 0xe7, 0x4c, 0xc7, 0x54, 0x27, 0xa4, 0xe6, 0xcb,
    0x07, 0xc4, 0xe6, 0xc3, 0xe6, 0xc3, 0xe6, 0xc3, 0xe6, 0xc3, 0xe6, 0xc3,
    0xc6, 0xbb, 0xc6, 0xbb, 0xa6, 0xbb, 0x86, 0xb3, 0x06, 0xa3, 0xe6, 0xa2,
    0x06, 0x9b, 0x06, 0x9b, 0xc6, 0x92, 0xa6, 0x8a, 0xa5, 0x8a, 0xa6, 0x8a,
    0xa6, 0x8a, 0xa5, 0x8a, 0xa5, 0x8a, 0xa6, 0x8a, 0xa6, 0x8a, 0xc6, 0x92,
    0xc6, 0x92, 0xc5, 0x92, 0xc6, 0x92, 0xc6, 0x92, 0xc6, 0x92, 0xc6, 0x92,
    0xc6, 0x92, 0xc5, 0x92, 0xa6, 0x8a, 0xa6, 0x82, 0xa6, 0x82, 0x85, 0x82,
    0xa6, 0x82, 0xa5, 0x82, 0x05, 0x73, 0x25, 0x73, 0xa5, 0x7a, 0x86, 0x82,
    0x64, 0x3c, 0x84, 0x44, 0x84, 0x44, 0x84, 0x44, 0xa3, 0x44, 0xa3, 0x44,
    0x84, 0x44, 0x84, 0x44, 0xa3, 0x4c, 0xa3, 0x4c, 0xc4, 0x4c, 0xc3, 0x54,
    0xc3, 0x54, 0xc3, 0x54, 0xc3, 0x54, 0xc4, 0x54, 0xc4, 0x54, 0x44, 0x54,
    0xa6, 0x8a, 0xa6, 0x8a, 0xa6, 0x8a, 0xa5, 0x8a, 0xa6, 0x8a, 0xc6, 0x8a,
    0xc5, 0x92, 0xc6, 0x8a, 0xc6, 0x92, 0xc6, 0x8a, 0xc6, 0x92, 0xa6, 0x8a,
    0xc6, 0x92, 0xe6, 0x9a, 0x06, 0x9b, 0x06, 0x9b, 0xe6, 0x9a, 0xe6, 0x9a,
    0xe6, 0x9a, 0x07, 0x9b, 0xe6, 0x9a, 0xe6, 0x9a, 0xe6, 0x92, 0xe6, 0x9a,
    0xe6, 0x9a, 0xe6, 0x9a, 0xe6, 0x92, 0x07, 0x93, 0x07, 0x5d, 0xe7, 0x5c,
    0x07, 0x5d, 0xe7, 0x5c, 0xe7, 0x5c, 0xe7, 0x5c, 0xe7, 0x5c, 0xe7, 0x5c,
    0x07, 0x5d, 0x07, 0x5d, 0xe7, 0x5c, 0xe7, 0x5c, 0xe7, 0x5c, 0x07, 0x5d,
    0x07, 0x5d, 0x07, 0x5d, 0x07, 0x5d, 0x07, 0x5d, 0x27, 0x65, 0x07, 0x65,
    0x07, 0x65, 0x27, 0x65, 0x07, 0x65, 0x27, 0x65, 0x27, 0x65, 0x27, 0x65,
    0x27, 0x65, 0x27, 0x65, 0x27, 0x65, 0x27, 0x65, 0x4c, 0x55, 0x6f, 0x45,
    0x6f, 0x4d, 0x6f, 0x4d, 0x8f, 0x4d, 0x6f, 0x4d, 0x6f, 0x4d, 0x8f, 0x4d,
    0x8f, 0x55, 0x8f, 0x55, 0x8f, 0x55, 0x8e, 0x55, 0x8f, 0x55, 0x8f, 0x55,
    0x8f, 0x55, 0x8f, 0x55, 0x8f, 0x55, 0x8f, 0x55, 0x8f, 0x55, 0x8f, 0x55,
    0x8f, 0x55, 0x8f, 0x55, 0xaf, 0x55, 0x8f, 0x55, 0x13, 0x66, 0x36, 0x66,
    0x35, 0x66, 0xf2, 0x65, 0xf1, 0x5d, 0xd0, 0x65, 0xf0, 0x65, 0xd0, 0x65,
    0xf1, 0x65, 0xf2, 0x65, 0x14, 0x66, 0x36, 0x66, 0x56, 0x66, 0x36, 0x66,
    0x36, 0x66, 0x36, 0x66, 0x56, 0x66, 0x57, 0x66, 0x36, 0x66, 0x56, 0x66,
    0x36, 0x66, 0x36, 0x66, 0x56, 0x66, 0x36, 0x66, 0x56, 0x66, 0x36, 0x66,
    0x56, 0x66, 0x56, 0x66, 0x36, 0x66, 0x36, 0x66, 0x56, 0x5e, 0x35, 0x5e,
    0xd0, 0x5d, 0xcf, 0x65, 0xcf, 0x5d, 0xae, 0x5d, 0xce, 0x5d, 0xaf, 0x5d,
    0xaf, 0x5d, 0xae, 0x5d, 0xaf, 0x5d, 0xaf, 0x5d, 0xaf, 0x5d, 0x4d, 0x4d,
    0x4d, 0x4d, 0x6d, 0x4d, 0x4d, 0x55, 0x4d, 0x55, 0x6c, 0x55, 0x6c, 0x55,
    0x4c, 0x55, 0x6c, 0x55, 0x6c, 0x55, 0x4c, 0x55, 0x6c, 0x55, 0x6c, 0x55,
    0x4b, 0x55, 0x6b, 0x55, 0x4b, 0x55, 0x4b, 0x55, 0x4b, 0x55, 0x2b, 0x4d,
    0x2c, 0x4d, 0x2c, 0x4d, 0x2c, 0x4d, 0x2c, 0x45, 0x2c, 0x45, 0x2c, 0x45,
    0x2c, 0x45, 0x0c, 0x45, 0x0d, 0x45, 0x2c, 0x45, 0x2c, 0x45, 0x2d, 0x3d,
    0x0c, 0x3d, 0x0d, 0x3d, 0x0d, 0x3d, 0x0c, 0x45, 0x0d, 0x3d, 0x0d, 0x3d,
    0x0c, 0x45, 0x0d, 0x3d, 0x0c, 0x3d, 0x0d, 0x3d, 0x0c, 0x3d, 0x0b, 0x45,
    0x08, 0x4d, 0xe7, 0x54, 0x06, 0x55, 0xe7, 0x54, 0xc8, 0x4c, 0xc7, 0x4c,
    0xc7, 0x4c, 0xc7, 0x4c, 0x87, 0x74, 0x07, 0xc4, 0x06, 0xc4, 0xe6, 0xc3,
    0x06, 0xc4, 0x07, 0xc4, 0xe6, 0xc3, 0xe6, 0xc3, 0xe6, 0xbb, 0xc6, 0xc3,
    0xc6, 0xbb, 0xc6, 0xc3, 0xc6, 0xbb, 0xc6, 0xbb, 0x66, 0xb3, 0x26, 0xab,
    0x06, 0xa3, 0xe6, 0x9a, 0xa6, 0x92, 0xa5, 0x8a, 0xa6, 0x8a, 0xa6, 0x8a,
    0xa5, 0x8a, 0xa6, 0x8a, 0xa6, 0x8a, 0xa5, 0x8a, 0xa6, 0x8a, 0xc6, 0x8a,
    0xc6, 0x92, 0xc6, 0x92, 0xc5, 0x92, 0xe5, 0x92, 0xc5, 0x92, 0xc6, 0x92,
    0xc6, 0x92, 0xc6, 0x92, 0xc6, 0x8a, 0xa5, 0x82, 0xa5, 0x82, 0x86, 0x82,
    0x25, 0x73, 0x63, 0x4c, 0xa3, 0x4c, 0xa3, 0x4c, 0x63, 0x54, 0x64, 0x73,
    0x84, 0x3c, 0x63, 0x3c, 0x84, 0x44, 0x84, 0x44, 0x84, 0x44, 0x84, 0x44,
    0x83, 0x44, 0x84, 0x44, 0xa3, 0x4c, 0xa3, 0x4c, 0xa4, 0x4c, 0xc3, 0x4c,
    0xe4, 0x54, 0xc3, 0x54, 0xc4, 0x54, 0xc3, 0x4c, 0xa4, 0x54, 0x24, 0x5c,
    0x86, 0x8a, 0xc6, 0x8a, 0xc6, 0x8a, 0xc6, 0x8a, 0xa6, 0x8a, 0xa6, 0x8a,
    0xc6, 0x8a, 0xc6, 0x8a, 0xa5, 0x8a, 0xc6, 0x8a, 0xc6, 0x8a, 0xa6, 0x8a,
    0xa6, 0x8a, 0xe6, 0x9a, 0x06, 0x9b, 0xe6, 0x9a, 0xe6, 0x9a, 0xe6, 0x9a,
    0xe6, 0x9a, 0xe6, 0x9a, 0xe6, 0x9a, 0xe6, 0x92, 0xe6, 0x92, 0xe6, 0x92,
    0xe6, 0x92, 0xe6, 0x9a, 0xe6, 0x92, 0xc6, 0x92, 0x07, 0x5d, 0xe7, 0x5c,
    0xe7, 0x5c, 0xe7, 0x5c, 0xe7, 0x5c, 0xe7, 0x5c, 0xe7, 0x5c, 0xe7, 0x5c,
    0xe7, 0x5c, 0xe7, 0x5c, 0xe7, 0x5c, 0xe7, 0x5c, 0xe7, 0x5c, 0x07, 0x5d,
    0xe7, 0x5c, 0xe7, 0x5c, 0xe7, 0x5c, 0xe7, 0x5c, 0x07, 0x5d, 0x07, 0x5d,
    0x07, 0x5d, 0x07, 0x5d, 0x07, 0x5d, 0x07, 0x5d, 0x27, 0x65, 0x07, 0x65,
    0x27, 0x65, 0x07, 0x5d, 0x27, 0x65, 0x27, 0x65, 0x4b, 0x55, 0x6f, 0x45,
    0x6f, 0x45, 0x8f, 0x4d, 0x6f, 0x4d, 0x6f, 0x4d, 0x8f, 0x4d, 0x8f, 0x4d,
    0x8f, 0x55, 0x8f, 0x55, 0xaf, 0x55, 0x8f, 0x55, 0x8f, 0x55, 0x8f, 0x55,
    0x8f, 0x4d, 0x8f, 0x4d, 0x8f, 0x55, 0x8f, 0x55, 0x8f, 0x55, 0x8f, 0x55,
    0x8f, 0x55, 0x8f, 0x55, 0x8f, 0x55, 0x8f, 0x55, 0xf2, 0x5d, 0x13, 0x5e,
    0xb0, 0x5d, 0xd0, 0x5d, 0xd0, 0x5d, 0xd0, 0x5d, 0xd0, 0x5d, 0xcf, 0x5d,
    0xcf, 0x5d, 0xd0, 0x5d, 0xd0, 0x5d, 0xf1, 0x65, 0x35, 0x66, 0x36, 0x66,
    0x36, 0x66, 0x36, 0x66, 0x56, 0x66, 0x56, 0x66, 0x36, 0x66, 0x56, 0x66,
    0x36, 0x66, 0x14, 0x66, 0xf2, 0x5d, 0xd2, 0x5d, 0xd1, 0x5d, 0xf1, 0x5d,
    0xf3, 0x5d, 0x35, 0x66, 0x36, 0x66, 0x36, 0x5e, 0x36, 0x66, 0xf2, 0x5d,
    0xcf, 0x5d, 0xaf, 0x5d, 0xaf, 0x5d, 0xae, 0x5d, 0xaf, 0x5d, 0xaf, 0x5d,
    0xae, 0x5d, 0xae, 0x5d, 0xaf, 0x55, 0xae, 0x55, 0xaf, 0x55, 0x4d, 0x4d,
    0x6d, 0x4d, 0x4d, 0x4d, 0x6d, 0x4d, 0x4d, 0x4d, 0x4c, 0x55, 0x4d, 0x55,
    0x6c, 0x55, 0x4c, 0x55, 0x4c, 0x55, 0x6c, 0x55, 0x4c, 0x55, 0x6c, 0x55,
    0x6c, 0x55, 0x4c, 0x4d, 0x2c, 0x4d, 0x2c, 0x4d, 0x2c, 0x4d, 0x2c, 0x4d,
    0x0c, 0x45, 0x0c, 0x45, 0x2c, 0x45, 0x2c, 0x45, 0x2c, 0x45, 0x0c, 0x45,
    0x2c, 0x45, 0x2d, 0x45, 0x0c, 0x45, 0x0c, 0x45, 0x2c, 0x3d, 0x0d, 0x45,
    0x0d, 0x3d, 0x0c, 0x3d, 0x0d, 0x45, 0x2d, 0x45, 0x0d, 0x3d, 0x0d, 0x3d,
    0x0d, 0x3d, 0x0d, 0x3d, 0x0d, 0x3d, 0xec, 0x3c, 0x09, 0x4d, 0x07, 0x5d,
    0x06, 0x5d, 0x06, 0x55, 0x06, 0x55, 0xe7, 0x54, 0xe7, 0x54, 0xc7, 0x4c,
    0xc7, 0x54, 0x27, 0x9c, 0xe7, 0xcb, 0x06, 0xc4, 0x06, 0xc4, 0x06, 0xc4,
    0xe6, 0xc3, 0x06, 0xc4, 0xe6, 0xc3, 0xe7, 0xbb, 0xe6, 0xc3, 0xe6, 0xc3,
    0xc6, 0xbb, 0xc6, 0xbb, 0xc6, 0xc3, 0xc6, 0xc3, 0xa6, 0xbb, 0x86, 0xb3,
    0x26, 0xa3, 0xe6, 0x9a, 0xa6, 0x8a, 0xa6, 0x8a, 0xa6, 0x8a, 0xa5, 0x8a,
    0xa6, 0x8a, 0xa6, 0x8a, 0xa6, 0x8a, 0xa6, 0x8a, 0xa5, 0x8a, 0xa5, 0x8a,
    0xc6, 0x92, 0xc6, 0x92, 0xc5, 0x92, 0xc6, 0x92, 0xc6, 0x92, 0xc5, 0x8a,
    0xc5, 0x8a, 0xc6, 0x92, 0xa5, 0x8a, 0xa6, 0x82, 0x85, 0x82, 0x65, 0x6b,
    0xa3, 0x4c, 0xc4, 0x4c, 0xa4, 0x4c, 0xa3, 0x4c, 0xa3, 0x4c, 0xa3, 0x4c,
    0x64, 0x3c, 0x64, 0x44, 0x64, 0x3c, 0x84, 0x44, 0x84, 0x44, 0x84, 0x44,
    0x83, 0x44, 0x84, 0x44, 0xa4, 0x4c, 0xa3, 0x4c, 0xc3, 0x4c, 0xc4, 0x54,
    0xc3, 0x54, 0xc4, 0x54, 0xc3, 0x4c, 0xa4, 0x4c, 0xa3, 0x4c, 0xe4, 0x63,
    0xa4, 0x6b, 0x24, 0x5c, 0x24, 0x5c, 0xe4, 0x63, 0x44, 0x7b, 0xa6, 0x8a,
    0xc6, 0x8a, 0xc6, 0x92, 0xc6, 0x8a, 0xc6, 0x8a, 0xc6, 0x92, 0xa6, 0x8a,
    0xc6, 0x8a, 0xe6, 0x9a, 0xe6, 0x9a, 0xe6, 0x9a, 0xe6, 0x9a, 0xe6, 0x9a,
    0xe6, 0x9a, 0xe6, 0x9a, 0xe6, 0x9a, 0xc6, 0x92, 0xc6, 0x9a, 0xe6, 0x9a,
    0xe6, 0x92, 0xe6, 0x92, 0xe7, 0x9a, 0xc7, 0x9a, 0xa7, 0x5c, 0xe7, 0x5c,
    0xe7, 0x5c, 0xe8, 0x5c, 0xe7, 0x5c, 0xe7, 0x5c, 0xe7, 0x5c, 0xe7, 0x5c,
    0xe7, 0x5c, 0xe7, 0x5c, 0xe7, 0x5c, 0xe7, 0x5c, 0xe7, 0x5c, 0xe7, 0x5c,
    0xe7, 0x5c, 0xe7, 0x5c, 0xe7, 0x5c, 0xe7, 0x5c, 0xe7, 0x5c, 0x07, 0x5d,
    0xe7, 0x5c, 0x07, 0x5d, 0x07, 0x5d, 0x07, 0x5d, 0x07, 0x5d, 0x07, 0x5d,
    0x07, 0x5d, 0x07, 0x5d, 0x27, 0x65, 0x27, 0x5d, 0x4b, 0x55, 0x70, 0x4d,
    0x6f, 0x4d, 0x6f, 0x4d, 0x6f, 0x4d, 0x6f, 0x45, 0x6f, 0x4d, 0x8f, 0x4d,
    0x8f, 0x4d, 0x6f, 0x4d, 0x8f, 0x4d, 0x8f, 0x4d, 0x8f, 0x4d, 0x8f, 0x4d,
    0x8f, 0x4d, 0xaf, 0x55, 0x8f, 0x4d, 0x8f, 0x4d, 0x8f, 0x4d, 0x8f, 0x55,
    0x8f, 0x55, 0x8f, 0x55, 0x8f, 0x55, 0x8f, 0x55, 0xb0, 0x55, 0xb0, 0x55,
    0xb0, 0x55, 0xb0, 0x5d, 0xaf, 0x55, 0xaf, 0x5d, 0xaf, 0x5d, 0xb0, 0x5d,
    0xaf, 0x5d, 0xcf, 0x5d, 0xcf, 0x5d, 0xd0, 0x5d, 0xf1, 0x5d, 0x35, 0x66,
    0x36, 0x66, 0x36, 0x66, 0x56, 0x66, 0x36, 0x66, 0x36, 0x66, 0x14, 0x5e,
    0xd0, 0x5d, 0xcf, 0x5d, 0xd0, 0x5d, 0xb0, 0x5d, 0xb0, 0x5d, 0xd0, 0x5d,
    0xb0, 0x5d, 0xb0, 0x55, 0x13, 0x5e, 0x36, 0x5e, 0x36, 0x66, 0xd0, 0x5d,
    0xcf, 0x5d, 0xaf, 0x5d, 0xaf, 0x5d, 0xce, 0x5d, 0xaf, 0x5d, 0xaf, 0x5d,
    0xae, 0x5d, 0xaf, 0x55, 0x8e, 0x55, 0x8e, 0x55, 0x6e, 0x55, 0x4e, 0x4d,
    0x4d, 0x4d, 0x4d, 0x4d, 0x4d, 0x4d, 0x6d, 0x4d, 0x4d, 0x4d, 0x4c, 0x4d,
    0x4c, 0x4d, 0x4c, 0x55, 0x6c, 0x55, 0x4c, 0x55, 0x6c, 0x55, 0x4c, 0x4d,
    0x2d, 0x45, 0x0c, 0x45, 0x0c, 0x45, 0x0c, 0x3d, 0x0c, 0x45, 0x0c, 0x45,
    0x0c, 0x3d, 0x0c, 0x3d, 0x0c, 0x45, 0x0c, 0x45, 0x0c, 0x45, 0x0c, 0x45,
    0x0c, 0x45, 0x2c, 0x45, 0x0c, 0x45, 0x0d, 0x3d, 0x0c, 0x3d, 0x0c, 0x3d,
    0x0d, 0x45, 0x0c, 0x3d, 0x0c, 0x3d, 0x0c, 0x45, 0x0a, 0x45, 0x0a, 0x4d,
    0x0b, 0x45, 0x0c, 0x3d, 0xec, 0x3c, 0x09, 0x4d, 0x07, 0x55, 0x06, 0x5d,
    0x06, 0x5d, 0xe6, 0x5c, 0xe6, 0x5c, 0xe6, 0x5c, 0xe7, 0x54, 0x87, 0x74,
    0x06, 0xc4, 0x06, 0xc4, 0x06, 0xc4, 0x06, 0xc4, 0x07, 0xc4, 0x06, 0xc4,
    0x07, 0xc4, 0xe6, 0xc3, 0x06, 0xc4, 0xe6, 0xc3, 0xe6, 0xc3, 0xe6, 0xc3,
    0xe6, 0xbb, 0xc6, 0xc3, 0xc6, 0xbb, 0xc6, 0xbb, 0xc6, 0xbb, 0x86, 0xbb,
    0x06, 0xa3, 0xc6, 0x9a, 0xa5, 0x8a, 0xa6, 0x8a, 0xa5, 0x8a, 0xa6, 0x8a,
    0xa5, 0x8a, 0xa5, 0x8a, 0xa6, 0x8a, 0xa6, 0x8a, 0xa5, 0x8a, 0xa6, 0x8a,
    0xa5, 0x8a, 0xa6, 0x8a, 0xa6, 0x8a, 0xa6, 0x8a, 0x05, 0x7b, 0xc4, 0x6b,
    0x43, 0x5c, 0x04, 0x5c, 0x05, 0x7b, 0x86, 0x82, 0xa5, 0x7a, 0xa3, 0x4c,
    0xc3, 0x4c, 0xc3, 0x4c, 0xa3, 0x4c, 0xc3, 0x4c, 0xa4, 0x4c, 0xa3, 0x4c,
    0x64, 0x3c, 0x64, 0x44, 0x64, 0x3c, 0x64, 0x3c, 0x63, 0x44, 0x84, 0x44,
    0x84, 0x44, 0x83, 0x44, 0xa4, 0x4c, 0xa4, 0x4c, 0xc3, 0x4c, 0xc4, 0x54,
    0xc3, 0x54, 0xc3, 0x54, 0xc3, 0x4c, 0xa4, 0x4c, 0xa4, 0x4c, 0xa3, 0x4c,
    0xa4, 0x4c, 0xc4, 0x4c, 0xc4, 0x4c, 0xc3, 0x4c, 0xc3, 0x4c, 0x44, 0x5c,
    0xc6, 0x92, 0xc6, 0x8a, 0xa6, 0x8a, 0xa6, 0x8a, 0xc6, 0x92, 0xa6, 0x92,
    0xc6, 0x8a, 0xc6, 0x92, 0xe6, 0x9a, 0xe6, 0x9a, 0xe6, 0x9a, 0xe6, 0x9a,
    0xe6, 0x9a, 0xe6, 0x92, 0xe6, 0x9a, 0xe6, 0x92, 0xc6, 0x9a, 0xe6, 0x9a,
    0xe6, 0x92, 0xe6, 0x92, 0xe6, 0x92, 0xe7, 0x92, 0x27, 0x64, 0xa7, 0x4c,
    0x87, 0x4c, 0xc8, 0x4c, 0xe7, 0x54, 0xe7, 0x54, 0xe7, 0x54, 0xe8, 0x54,
    0xe7, 0x5c, 0xe7, 0x54, 0xe7, 0x54, 0xe7, 0x5c, 0xe7, 0x54, 0xe7, 0x54,
    0xe7, 0x54, 0xe7, 0x5c, 0xe7, 0x5c, 0xe7, 0x5c, 0xe7, 0x5c, 0xe7, 0x5c,
    0xe7, 0x5c, 0x07, 0x5d, 0x07, 0x5d, 0xe7, 0x5c, 0x07, 0x5d, 0x07, 0x5d,
    0x07, 0x5d, 0x07, 0x5d, 0x07, 0x5d, 0x07, 0x5d, 0x4d, 0x4d, 0x6f, 0x4d,
    0x70, 0x45, 0x70, 0x45, 0x90, 0x45, 0x6f, 0x4d, 0x70, 0x45, 0x6f, 0x4d,
    0x6f, 0x4d, 0x6f, 0x4d, 0x8f, 0x4d, 0x90, 0x4d, 0x8f, 0x4d, 0x8f, 0x4d,
    0x6f, 0x4d, 0x6f, 0x4d, 0x8f, 0x4d, 0x8f, 0x55, 0x8f, 0x4d, 0x8f, 0x4d,
    0x8f, 0x4d, 0x8f, 0x4d, 0x8f, 0x4d, 0x8f, 0x4d, 0x8f, 0x55, 0x90, 0x55,
    0xaf, 0x55, 0xaf, 0x55, 0xb0, 0x55, 0xaf, 0x55, 0xd0, 0x5d, 0xaf, 0x5d,
    0xd0, 0x5d, 0xaf, 0x5d, 0xaf, 0x5d, 0xd0, 0x5d, 0xaf, 0x5d, 0xd1, 0x5d,
    0x35, 0x5e, 0x36, 0x5e, 0x36, 0x66, 0x36, 0x66, 0xf2, 0x5d, 0xb0, 0x55,
    0xaf, 0x5d, 0xd0, 0x55, 0xaf, 0x55, 0xaf, 0x55, 0xaf, 0x55, 0xb0, 0x55,
    0xaf, 0x55, 0xb0, 0x55, 0xb0, 0x55, 0x13, 0x5e, 0x14, 0x5e, 0xd0, 0x5d,
    0xaf, 0x5d, 0xaf, 0x5d, 0xaf, 0x55, 0xae, 0x55, 0xae, 0x55, 0xaf, 0x55,
    0x8e, 0x4d, 0x4e, 0x45, 0x2e, 0x45, 0x4e, 0x45, 0x4e, 0x45, 0x4d, 0x45,
    0x4d, 0x45, 0x4d, 0x4d, 0x4d, 0x4d, 0x4d, 0x4d, 0x4d, 0x55, 0x4c, 0x4d,
    0x6d, 0x4d, 0x4c, 0x4d, 0x6c, 0x55, 0x6c, 0x55, 0x4c, 0x4d, 0x0c, 0x45,
    0x0d, 0x3d, 0x0d, 0x3d, 0x0c, 0x3d, 0x0d, 0x3d, 0x0d, 0x3d, 0x0c, 0x3d,
    0x0c, 0x3d, 0x0c, 0x3d, 0x0c, 0x3d, 0x0c, 0x45, 0x0c, 0x45, 0x0c, 0x45,
    0x0c, 0x45, 0x0c, 0x45, 0x0d, 0x3d, 0x0d, 0x3d, 0x0c, 0x45, 0x0d, 0x3d,
    0x0c, 0x45, 0x0b, 0x45, 0x28, 0x55, 0x26, 0x5d, 0x26, 0x5d, 0x26, 0x5d,
    0x46, 0x5d, 0x27, 0x5d, 0xe8, 0x54, 0x07, 0x55, 0x06, 0x5d, 0x07, 0x55,
    0xe6, 0x54, 0x06, 0x5d, 0x07, 0x5d, 0x06, 0x55, 0x46, 0x9c, 0x26, 0xcc,
    0x06, 0xc4, 0x27, 0xc4, 0x06, 0xc4, 0x06, 0xc4, 0x06, 0xc4, 0x06, 0xc4,
    0xe6, 0xc3, 0x07, 0xc4, 0xe6, 0xc3, 0xe6, 0xc3, 0xe6, 0xbb, 0xe6, 0xc3,
    0xc6, 0xbb, 0xc6, 0xbb, 0xc6, 0xc3, 0xc6, 0xbb, 0x86, 0xb3, 0x26, 0xa3,
    0x06, 0xa3, 0xc6, 0x92, 0xa6, 0x8a, 0xa5, 0x8a, 0xa6, 0x8a, 0xa6, 0x8a,
    0x85, 0x8a, 0xa6, 0x8a, 0xa5, 0x8a, 0xa6, 0x8a, 0xa6, 0x8a, 0xa5, 0x8a,
    0xc6, 0x8a, 0xa5, 0x8a, 0xc5, 0x8a, 0xa4, 0x6b, 0xc3, 0x4c, 0xc3, 0x4c,
    0xc3, 0x4c, 0xa3, 0x4c, 0xa3, 0x4c, 0x25, 0x7b, 0x45, 0x6b, 0xc3, 0x4c,
    0xc3, 0x4c, 0xc3, 0x54, 0xc3, 0x54, 0xc4, 0x54, 0xc3, 0x4c, 0xa3, 0x4c,
    0x64, 0x3c, 0x64, 0x3c, 0x64, 0x3c, 0x84, 0x44, 0x83, 0x44, 0x84, 0x44,
    0x84, 0x44, 0xa3, 0x4c, 0xa3, 0x4c, 0xa4, 0x4c, 0xc4, 0x4c, 0xc3, 0x4c,
    0xc4, 0x54, 0xc4, 0x4c, 0xa4, 0x4c, 0xa4, 0x4c, 0xc3, 0x4c, 0xc3, 0x4c,
    0xc3, 0x54, 0xc3, 0x54, 0xc4, 0x54, 0xc4, 0x54, 0xc4, 0x54, 0xc3, 0x4c,
    0x45, 0x73, 0xc6, 0x8a, 0xc6, 0x8a, 0xa5, 0x8a, 0xc6, 0x8a, 0xc6, 0x8a,
    0xa6, 0x92, 0xc6, 0x92, 0xe6, 0x9a, 0xe6, 0x9a, 0xe6, 0x9a, 0xe6, 0x9a,
    0xe6, 0x9a, 0xe6, 0x9a, 0xe7, 0x92, 0xc6, 0x92, 0xe6, 0x9a, 0xc6, 0x92,
    0xe6, 0x9a, 0xe7, 0x92, 0xe6, 0x92, 0x47, 0x7b, 0x67, 0x44, 0x87, 0x44,
    0x67, 0x3c, 0x67, 0x3c, 0xa8, 0x4c, 0x68, 0x44, 0x67, 0x3c, 0x68, 0x3c,
    0x68, 0x44, 0xa8, 0x4c, 0xc7, 0x54, 0xc8, 0x54, 0xe8, 0x54, 0xc7, 0x54,
    0xc8, 0x54, 0xc7, 0x54, 0xe8, 0x54, 0xe8, 0x54, 0xe7, 0x54, 0xe7, 0x5c,
    0xe8, 0x5c, 0xe7, 0x5c, 0xe7, 0x5c, 0xe8, 0x5c, 0xe7, 0x5c, 0x07, 0x5d,
    0x08, 0x5d, 0xe8, 0x5c, 0x07, 0x5d, 0x07, 0x65, 0x4f, 0x4d, 0x70, 0x45,
    0x70, 0x45, 0x6f, 0x45, 0x6f, 0x4d, 0x70, 0x45, 0x70, 0x45, 0x8f, 0x4d,
    0x90, 0x4d, 0x70, 0x4d, 0x70, 0x4d, 0x6f, 0x4d, 0x70, 0x4d, 0x70, 0x4d,
    0x70, 0x4d, 0x90, 0x4d, 0x70, 0x4d, 0x90, 0x4d, 0x6f, 0x4d, 0x70, 0x4d,
    0x90, 0x4d, 0x90, 0x4d, 0x90, 0x4d, 0x90, 0x4d, 0x90, 0x4d, 0x8f, 0x4d,
    0x90, 0x55, 0xaf, 0x55, 0xb0, 0x55, 0xaf, 0x55, 0xaf, 0x55, 0xb0, 0x55,
    0xb0, 0x55, 0xcf, 0x5d, 0xaf, 0x5d, 0xd0, 0x5d, 0xaf, 0x55, 0xaf, 0x55,
    0xf2, 0x5d, 0x36, 0x66, 0x36, 0x5e, 0xf2, 0x5d, 0xcf, 0x5d, 0xaf, 0x55,
    0xaf, 0x55, 0xaf, 0x55, 0xb0, 0x55, 0xb0, 0x55, 0xaf, 0x55, 0xb0, 0x55,
    0xb0, 0x55, 0xaf, 0x55, 0xb0, 0x55, 0xb0, 0x55, 0xb0, 0x55, 0xaf, 0x55,
    0xaf, 0x5d, 0xaf, 0x5d, 0xaf, 0x55, 0xaf, 0x55, 0xaf, 0x5d, 0x8e, 0x55,
    0x4e, 0x45, 0x4e, 0x45, 0x4d, 0x45, 0x4e, 0x45, 0x4d, 0x45, 0x2d, 0x45,
    0x2d, 0x45, 0x4d, 0x45, 0x4d, 0x45, 0x4d, 0x4d, 0x4d, 0x4d, 0x4d, 0x4d,
    0x4c, 0x4d, 0x4d, 0x55, 0x4c, 0x4d, 0x6d, 0x55, 0x0c, 0x45, 0x0d, 0x3d,
    0x0c, 0x3d, 0xec, 0x3c, 0xec, 0x3c, 0x0d, 0x3d, 0x0c, 0x3d, 0x0d, 0x3d,
    0x0d, 0x3d, 0x0c, 0x3d, 0x0d, 0x45, 0x0d, 0x3d, 0x0c, 0x3d, 0x0c, 0x3d,
    0x0d, 0x3d, 0x0c, 0x3d, 0x0c, 0x3d, 0x0c, 0x45, 0x0d, 0x3d, 0x0c, 0x45,
    0x09, 0x4d, 0x27, 0x55, 0x26, 0x5d, 0x26, 0x5d, 0x26, 0x5d, 0x26, 0x5d,
    0x26, 0x5d, 0x06, 0x5d, 0x07, 0x5d, 0x26, 0x55, 0x06, 0x5d, 0x06, 0x5d,
    0x06, 0x5d, 0x06, 0x5d, 0xe6, 0x5c, 0xe6, 0x64, 0x27, 0xcc, 0x26, 0xc4,
    0x26, 0xc4, 0x27, 0xc4, 0x06, 0xc4, 0x06, 0xc4, 0x07, 0xc4, 0x06, 0xc4,
    0x06, 0xc4, 0xe6, 0xc3, 0xe6, 0xc3, 0xe6, 0xbb, 0xe6, 0xc3, 0xe6, 0xc3,
    0xe6, 0xc3, 0xc6, 0xbb, 0xa6, 0xbb, 0x46, 0xab, 0x26, 0xa3, 0x06, 0xa3,
    0x06, 0xa3, 0xa6, 0x8a, 0xa6, 0x8a, 0xa5, 0x8a, 0xa6, 0x8a, 0xa6, 0x8a,
    0xa6, 0x8a, 0xa6, 0x8a, 0x85, 0x8a, 0xa5, 0x8a, 0xa6, 0x8a, 0xa6, 0x8a,
    0xa6, 0x8a, 0xc6, 0x8a, 0x65, 0x73, 0xc3, 0x4c, 0xc3, 0x54, 0xc3, 0x4c,
    0xc4, 0x54, 0xc3, 0x54, 0xc3, 0x4c, 0x43, 0x54, 0xa4, 0x6b, 0xc3, 0x4c,
    0xc3, 0x4c, 0xc3, 0x54, 0xc4, 0x4c, 0xc3, 0x4c, 0xc3, 0x54, 0xc3, 0x4c,
    0x64, 0x3c, 0x64, 0x3c, 0x64, 0x3c, 0x64, 0x44, 0x83, 0x44, 0x84, 0x44,
    0x84, 0x4c, 0xa4, 0x4c, 0xa3, 0x4c, 0xa3, 0x4c, 0xa4, 0x4c, 0xa4, 0x4c,
    0xa3, 0x4c, 0xa4, 0x4c, 0x84, 0x44, 0xa3, 0x4c, 0xa4, 0x4c, 0xc4, 0x54,
    0xc3, 0x54, 0xe4, 0x54, 0xc3, 0x54, 0xc3, 0x54, 0xc4, 0x4c, 0xc4, 0x4c,
    0x85, 0x6b, 0xc6, 0x8a, 0xc6, 0x8a, 0xc6, 0x8a, 0xa6, 0x8a, 0xc6, 0x8a,
    0xa6, 0x8a, 0xa6, 0x8a, 0xe6, 0x9a, 0xe6, 0x9a, 0xc6, 0x92, 0xc6, 0x92,
    0xe6, 0x9a, 0xc6, 0x92, 0xc6, 0x92, 0xe6, 0x9a, 0xe6, 0x92, 0xe6, 0x92,
    0xe6, 0x9a, 0xc6, 0x9a, 0xc7, 0x63, 0x67, 0x3c, 0x67, 0x3c, 0x68, 0x3c,
    0x68, 0x3c, 0x67, 0x3c, 0x68, 0x44, 0x68, 0x3c, 0x67, 0x3c, 0x67, 0x3c,
    0x68, 0x3c, 0x67, 0x3c, 0x88, 0x44, 0xc7, 0x54, 0xc7, 0x54, 0xc8, 0x54,
    0xc7, 0x54, 0xe7, 0x54, 0xc7, 0x54, 0xc7, 0x54, 0xe8, 0x54, 0xe7, 0x54,
    0xe8, 0x5c, 0xe8, 0x5c, 0xe7, 0x5c, 0xe8, 0x5c, 0x07, 0x5d, 0xe7, 0x5c,
    0xe8, 0x5c, 0xe8, 0x5c, 0xe7, 0x5c, 0xe7, 0x5c, 0x4d, 0x4d, 0x6f, 0x4d,
    0x70, 0x45, 0x70, 0x4d, 0x6f, 0x45, 0x6f, 0x45, 0x70, 0x4d, 0x6f, 0x45,
    0x70, 0x45, 0x70, 0x45, 0x6f, 0x45, 0x70, 0x4d, 0x70, 0x4d, 0x70, 0x4d,
    0x70, 0x4d, 0x70, 0x4d, 0x70, 0x45, 0x70, 0x4d, 0x70, 0x4d, 0x6f, 0x4d,
    0x6f, 0x4d, 0x70, 0x4d, 0x6f, 0x4d, 0x8f, 0x4d, 0x90, 0x4d, 0x90, 0x4d,
    0x90, 0x4d, 0x90, 0x4d, 0x90, 0x55, 0xaf, 0x55, 0xb0, 0x55, 0xaf, 0x55,
    0xaf, 0x55, 0xaf, 0x5d, 0xb0, 0x55, 0xb0, 0x55, 0xb0, 0x55, 0xaf, 0x5d,
    0xd0, 0x55, 0xf2, 0x5d, 0x14, 0x5e, 0xb0, 0x55, 0xaf, 0x55, 0xb0, 0x55,
    0xaf, 0x55, 0xaf, 0x55, 0xb0, 0x55, 0x90, 0x55, 0xaf, 0x55, 0x8f, 0x4d,
    0x90, 0x55, 0xaf, 0x55, 0xb0, 0x55, 0xb0, 0x55, 0xaf, 0x55, 0xaf, 0x55,
    0xaf, 0x5d, 0xaf, 0x55, 0xaf, 0x55, 0xaf, 0x55, 0x8f, 0x55, 0x4e, 0x45,
    0x2e, 0x45, 0x2d, 0x45, 0x2d, 0x45, 0x2e, 0x45, 0x2e, 0x45, 0x4d, 0x45,
    0x2e, 0x45, 0x2d, 0x45, 0x2d, 0x45, 0x2d, 0x45, 0x4d, 0x45, 0x4d, 0x4d,
    0x4d, 0x4d, 0x4c, 0x4d, 0x4d, 0x4d, 0x4c, 0x4d, 0x0d, 0x3d, 0x0d, 0x3d,
    0xec, 0x3c, 0xec, 0x3c, 0xed, 0x3c, 0xec, 0x3c, 0xec, 0x3c, 0xed, 0x3c,
    0xec, 0x3c, 0xec, 0x3c, 0x0c, 0x3d, 0xed, 0x3c, 0x0c, 0x3d, 0x0c, 0x3d,
    0x0d, 0x3d, 0x0d, 0x3d, 0x0d, 0x3d, 0x0c, 0x3d, 0x0c, 0x3d, 0x27, 0x55,
    0x26, 0x55, 0x26, 0x5d, 0x26, 0x5d, 0x26, 0x5d, 0x26, 0x5d, 0x26, 0x5d,
    0x26, 0x5d, 0x06, 0x5d, 0x26, 0x5d, 0x26, 0x5d, 0x06, 0x5d, 0x06, 0x5d,
    0x06, 0x5d, 0x06, 0x5d, 0x06, 0x5d, 0xa6, 0x94, 0x26, 0xc4, 0x27, 0xc4,
    0x26, 0xcc, 0x06, 0xc4, 0x06, 0xc4, 0x06, 0xc4, 0x07, 0xc4, 0x06, 0xc4,
    0xe6, 0xc3, 0xe6, 0xc3, 0xe6, 0xbb, 0xe6, 0xc3, 0xe7, 0xc3, 0xc6, 0xc3,
    0xa6, 0xbb, 0x67, 0xab, 0x46, 0xab, 0x26, 0xab, 0x26, 0xa3, 0x06, 0xa3,
    0xe6, 0x9a, 0xa5, 0x8a, 0xa6, 0x8a, 0xa6, 0x8a, 0x85, 0x8a, 0xa5, 0x8a,
    0xa6, 0x82, 0x86, 0x8a, 0x85, 0x82, 0xa6, 0x8a, 0xa6, 0x8a, 0xa5, 0x8a,
    0xa5, 0x8a, 0xa6, 0x92, 0x44, 0x5c, 0xc3, 0x4c, 0xc3, 0x54, 0xe3, 0x54,
    0xc3, 0x54, 0xe3, 0x54, 0xc3, 0x54, 0xa4, 0x4c, 0x83, 0x4c, 0xa3, 0x4c,
    0xa3, 0x4c, 0xc4, 0x54, 0xc3, 0x4c, 0xc3, 0x54, 0xc3, 0x54, 0xc3, 0x54,
    0x64, 0x3c, 0x64, 0x3c, 0x84, 0x44, 0x84, 0x44, 0x84, 0x44, 0x84, 0x44,
    0x84, 0x44, 0xa3, 0x4c, 0xa4, 0x4c, 0xa4, 0x4c, 0xa4, 0x4c, 0x84, 0x4c,
    0xa4, 0x44, 0x84, 0x44, 0xa4, 0x4c, 0xa3, 0x4c, 0xc4, 0x4c, 0xc3, 0x54,
    0xc3, 0x54, 0xe4, 0x54, 0xe3, 0x54, 0xc3, 0x4c, 0xc4, 0x4c, 0xc4, 0x4c,
    0x45, 0x7b, 0xc5, 0x8a, 0xa6, 0x8a, 0xa6, 0x8a, 0xc5, 0x8a, 0xc6, 0x92,
    0xc6, 0x8a, 0xc6, 0x8a, 0xc6, 0x92, 0xe6, 0x92, 0xe6, 0x9a, 0xe6, 0x9a,
    0xe6, 0x9a, 0xc6, 0x92, 0xe6, 0x9a, 0xc6, 0x9a, 0xc6, 0x92, 0xe6, 0x9a,
    0xe6, 0x9a, 0xa7, 0x63, 0x47, 0x3c, 0x47, 0x3c, 0x47, 0x3c, 0x47, 0x3c,
    0x47, 0x3c, 0x47, 0x3c, 0x47, 0x3c, 0x67, 0x3c, 0x48, 0x3c, 0x47, 0x3c,
    0x68, 0x3c, 0x67, 0x3c, 0x68, 0x3c, 0xa8, 0x4c, 0xc7, 0x54, 0xc8, 0x54,
    0xc7, 0x54, 0xc8, 0x54, 0xc8, 0x54, 0xe7, 0x5c, 0xe7, 0x5c, 0xe7, 0x54,
    0xe8, 0x54, 0xe7, 0x54, 0xe7, 0x5c, 0xe8, 0x5c, 0xe7, 0x54, 0xe8, 0x5c,
    0xe7, 0x54, 0xc7, 0x54, 0xe8, 0x54, 0xe8, 0x54, 0xe8, 0x54, 0xe8, 0x4c,
    0xe9, 0x4c, 0x4e, 0x4d, 0x70, 0x45, 0x70, 0x45, 0x6f, 0x45, 0x70, 0x45,
    0x70, 0x45, 0x6f, 0x45, 0x6f, 0x45, 0x70, 0x45, 0x70, 0x45, 0x90, 0x45,
    0x70, 0x45, 0x70, 0x45, 0x6f, 0x45, 0x70, 0x45, 0x70, 0x45, 0x90, 0x45,
    0x70, 0x4d, 0x70, 0x4d, 0x90, 0x4d, 0x6f, 0x4d, 0x90, 0x4d, 0x8f, 0x4d,
    0x90, 0x4d, 0x8f, 0x4d, 0x90, 0x55, 0xb0, 0x55, 0xb0, 0x55, 0xb0, 0x55,
    0xaf, 0x55, 0xb0, 0x55, 0xaf, 0x55, 0xaf, 0x5d, 0xb0, 0x55, 0xb0, 0x55,
    0xb0, 0x55, 0xb0, 0x55, 0xb0, 0x55, 0xb0, 0x55, 0xaf, 0x55, 0xb0, 0x55,
    0xb0, 0x55, 0xb0, 0x55, 0x8f, 0x55, 0xb0, 0x55, 0x8f, 0x4d, 0xb0, 0x4d,
    0x8f, 0x4d, 0x90, 0x4d, 0x90, 0x4d, 0x8f, 0x55, 0xb0, 0x55, 0xaf, 0x55,
    0xaf, 0x55, 0xaf, 0x55, 0xaf, 0x55, 0xaf, 0x5d, 0x6e, 0x4d, 0x2e, 0x45,
    0x4e, 0x45, 0x2e, 0x45, 0x2d, 0x45, 0x2e, 0x45, 0x2d, 0x45, 0x2d, 0x45,
    0x2e, 0x45, 0x2d, 0x45, 0x2e, 0x45, 0x2d, 0x45, 0x2d, 0x45, 0x4d, 0x45,
    0x4d, 0x45, 0x4d, 0x4d, 0x4c, 0x4d, 0x4c, 0x4d, 0x0d, 0x3d, 0xec, 0x3c,
    0xed, 0x3c, 0xed, 0x3c, 0xec, 0x3c, 0xed, 0x3c, 0xec, 0x3c, 0xec, 0x3c,
    0xed, 0x3c, 0xec, 0x3c, 0xec, 0x3c, 0x0d, 0x3d, 0xec, 0x3c, 0xed, 0x3c,
    0x0d, 0x3d, 0x0d, 0x3d, 0xed, 0x3c, 0x0c, 0x45, 0x07, 0x55, 0x27, 0x5d,
    0x26, 0x5d, 0x26, 0x5d, 0x26, 0x5d, 0x26, 0x5d, 0x26, 0x5d, 0x26, 0x5d,
    0x06, 0x5d, 0x26, 0x5d, 0x06, 0x5d, 0x06, 0x5d, 0x26, 0x5d, 0x06, 0x5d,
    0x06, 0x5d, 0x06, 0x5d, 0x26, 0x5d, 0x46, 0xb4, 0x26, 0xc4, 0x26, 0xc4,
    0x06, 0xc4, 0x26, 0xc4, 0x07, 0xc4, 0x06, 0xc4, 0x06, 0xc4, 0x06, 0xc4,
    0xe6, 0xc3, 0xe6, 0xbb, 0xe7, 0xc3, 0xe6, 0xc3, 0xa6, 0xb3, 0x46, 0xab,
    0x46, 0xab, 0x26, 0xa3, 0x26, 0xa3, 0x26, 0xa3, 0x26, 0xa3, 0x06, 0xa3,
    0xe6, 0x92, 0xa6, 0x82, 0xa5, 0x8a, 0xa6, 0x8a, 0x85, 0x8a, 0x85, 0x82,
    0x85, 0x8a, 0xa6, 0x8a, 0xa6, 0x8a, 0xa5, 0x8a, 0xa6, 0x8a, 0xa5, 0x8a,
    0xa5, 0x8a, 0xa6, 0x8a, 0x63, 0x54, 0xc3, 0x54, 0xc3, 0x54, 0xe3, 0x54,
    0xc3, 0x54, 0xc3, 0x54, 0xc3, 0x54, 0xc3, 0x4c, 0x84, 0x4c, 0xa3, 0x4c,
    0xc3, 0x54, 0xc3, 0x4c, 0xc3, 0x54, 0xa3, 0x4c, 0xc3, 0x54, 0xa3, 0x4c,
    0x64, 0x3c, 0x44, 0x3c, 0x64, 0x3c, 0x64, 0x44, 0x64, 0x44, 0x83, 0x44,
    0x84, 0x44, 0x84, 0x44, 0xa4, 0x44, 0xa4, 0x4c, 0x84, 0x44, 0xa4, 0x44,
    0x84, 0x44, 0x83, 0x44, 0xa3, 0x4c, 0xc4, 0x4c, 0xc3, 0x54, 0xc3, 0x54,
    0xc4, 0x54, 0xc4, 0x54, 0xc3, 0x54, 0xc4, 0x4c, 0xc4, 0x4c, 0xc3, 0x4c,
    0xc6, 0x8a, 0xa6, 0x8a, 0xa6, 0x8a, 0xc6, 0x8a, 0xa6, 0x8a, 0xc6, 0x8a,
    0xa6, 0x8a, 0xa6, 0x8a, 0xc6, 0x8a, 0xe6, 0x9a, 0xc6, 0x92, 0xc6, 0x9a,
    0xe6, 0x9a, 0xe6, 0x92, 0xc6, 0x9a, 0xc6, 0x92, 0xe6, 0x92, 0xe7, 0x9a,
    0x26, 0x83, 0x47, 0x3c, 0x47, 0x3c, 0x47, 0x3c, 0x47, 0x3c, 0x47, 0x3c,
    0x67, 0x3c, 0x48, 0x3c, 0x68, 0x3c, 0x47, 0x3c, 0x47, 0x3c, 0x48, 0x3c,
    0x48, 0x3c, 0x47, 0x3c, 0x47, 0x3c, 0x88, 0x44, 0xc8, 0x54, 0xc7, 0x54,
    0xe7, 0x54, 0xc8, 0x54, 0xc8, 0x54, 0xe8, 0x54, 0xe8, 0x54, 0xc7, 0x54,
    0xc8, 0x54, 0xe7, 0x5c, 0xe7, 0x54, 0xe7, 0x54, 0xe8, 0x54, 0xe8, 0x54,
    0xc7, 0x54, 0xc8, 0x54, 0xe8, 0x54, 0xe8, 0x54, 0xe8, 0x4c, 0xe9, 0x4c,
    0xe9, 0x4c, 0xc8, 0x4c, 0x2d, 0x4d, 0x70, 0x45, 0x70, 0x45, 0x4f, 0x45,
    0x70, 0x4d, 0x70, 0x45, 0x70, 0x45, 0x70, 0x45, 0x70, 0x45, 0x6f, 0x45,
    0x70, 0x45, 0x70, 0x45, 0x70, 0x4d, 0x70, 0x45, 0x70, 0x45, 0x6f, 0x45,
    0x70, 0x45, 0x70, 0x45, 0x70, 0x45, 0x70, 0x4d, 0x90, 0x4d, 0x90, 0x4d,
    0x90, 0x4d, 0x90, 0x4d, 0x8f, 0x55, 0xaf, 0x55, 0x90, 0x55, 0xb0, 0x55,
    0xb0, 0x55, 0xb0, 0x55, 0xb0, 0x55, 0xaf, 0x55, 0xaf, 0x55, 0xb0, 0x55,
    0xaf, 0x55, 0xb0, 0x55, 0x90, 0x55, 0x90, 0x55, 0xb0, 0x55, 0xaf, 0x55,
    0xb0, 0x55, 0x8f, 0x4d, 0x8f, 0x4d, 0x90, 0x55, 0xb0, 0x4d, 0x8f, 0x4d,
    0x90, 0x55, 0x90, 0x4d, 0x8f, 0x4d, 0x90, 0x4d, 0x90, 0x4d, 0x8f, 0x55,
    0xaf, 0x55, 0x8f, 0x55, 0x8e, 0x55, 0x6e, 0x4d, 0x4e, 0x45, 0x2d, 0x45,
    0x2d, 0x45, 0x2e, 0x45, 0x2d, 0x45, 0x4e, 0x45, 0x2e, 0x45, 0x2d, 0x45,
    0x4d, 0x45, 0x4e, 0x45, 0x2d, 0x45, 0x2e, 0x45, 0x2e, 0x45, 0x2d, 0x45,
    0x4d, 0x45, 0x2d, 0x45, 0x4d, 0x4d, 0x2d, 0x4d, 0xec, 0x3c, 0xed, 0x3c,
    0xed, 0x3c, 0xec, 0x34, 0xec, 0x3c, 0xed, 0x3c, 0xed, 0x3c, 0xed, 0x3c,
    0xed, 0x3c, 0xed, 0x3c, 0xec, 0x3c, 0x0d, 0x3d, 0xec, 0x3c, 0xec, 0x3c,
    0x0d, 0x3d, 0xec, 0x3c, 0xec, 0x3c, 0x27, 0x55, 0x26, 0x55, 0x06, 0x5d,
    0x26, 0x5d, 0x26, 0x5d, 0x26, 0x5d, 0x06, 0x5d, 0x06, 0x5d, 0x26, 0x5d,
    0x26, 0x5d, 0x26, 0x5d, 0x26, 0x5d, 0x06, 0x5d, 0x06, 0x5d, 0x05, 0x5d,
    0x05, 0x5d, 0x26, 0x5d, 0xe5, 0x64, 0x26, 0xc4, 0x27, 0xc4, 0x07, 0xc4,
    0x26, 0xc4, 0x06, 0xc4, 0x06, 0xc4, 0x06, 0xc4, 0xe6, 0xc3, 0xe6, 0xc3,
    0xe6, 0xc3, 0xe6, 0xc3, 0xc7, 0xbb, 0x86, 0xb3, 0x26, 0xa3, 0x26, 0xa3,
    0x46, 0xab, 0x26, 0xa3, 0x26, 0xa3, 0x06, 0xa3, 0x06, 0xa3, 0x06, 0xa3,
    0xc6, 0x92, 0x86, 0x8a, 0xa6, 0x8a, 0xa5, 0x8a, 0xa6, 0x82, 0xa6, 0x82,
    0xa5, 0x8a, 0xa6, 0x8a, 0xa6, 0x82, 0xa5, 0x8a, 0xa6, 0x8a, 0xa6, 0x8a,
    0xc6, 0x8a, 0xa6, 0x8a, 0x23, 0x5c, 0xc3, 0x54, 0xe3, 0x54, 0xe3, 0x54,
    0xe3, 0x54, 0xe3, 0x54, 0xc3, 0x54, 0xc3, 0x4c, 0xa4, 0x4c, 0xa4, 0x4c,
    0xa3, 0x4c, 0xa3, 0x4c, 0xa4, 0x4c, 0xa3, 0x4c, 0xa4, 0x4c, 0xa3, 0x4c,
    0x44, 0x3c, 0x44, 0x3c, 0x44, 0x3c, 0x64, 0x3c, 0x64, 0x3c, 0x64, 0x3c,
    0x64, 0x44, 0x64, 0x44, 0x64, 0x44, 0x84, 0x44, 0x84, 0x44, 0x84, 0x44,
    0x84, 0x44, 0xa4, 0x4c, 0xa4, 0x4c, 0xc3, 0x54, 0xc4, 0x54, 0xc4, 0x4c,
    0xc3, 0x54, 0xc3, 0x4c, 0xc4, 0x54, 0xc4, 0x4c, 0xc3, 0x54, 0x24, 0x5c,
    0xa6, 0x8a, 0xa6, 0x8a, 0xc6, 0x8a, 0xc6, 0x8a, 0xa5, 0x8a, 0xc6, 0x8a,
    0xc6, 0x8a, 0xc6, 0x8a, 0xa6, 0x92, 0xc6, 0x92, 0xe6, 0x92, 0xe6, 0x9a,
    0xc6, 0x9a, 0xe6, 0x92, 0xe6, 0x92, 0xc6, 0x92, 0xe6, 0x92, 0xc6, 0x9a,
    0xe7, 0x43, 0x27, 0x3c, 0x47, 0x3c, 0x47, 0x3c, 0x47, 0x3c, 0x48, 0x3c,
    0x47, 0x3c, 0x67, 0x3c, 0x48, 0x3c, 0x47, 0x3c, 0x47, 0x3c, 0x47, 0x3c,
    0x47, 0x3c, 0x68, 0x3c, 0x47, 0x3c, 0x68, 0x44, 0xc7, 0x54, 0xc7, 0x54,
    0xc8, 0x54, 0xa7, 0x4c, 0x87, 0x44, 0x68, 0x3c, 0x68, 0x3c, 0x88, 0x44,
    0xc8, 0x54, 0xe8, 0x54, 0xc8, 0x54, 0xe8, 0x54, 0xc7, 0x54, 0xc8, 0x54,
    0xc8, 0x54, 0xc8, 0x54, 0xc8, 0x4c, 0xc8, 0x4c, 0xe8, 0x54, 0xc8, 0x4c,
    0xe9, 0x4c, 0xe8, 0x4c, 0xc9, 0x4c, 0x4f, 0x45, 0x4f, 0x45, 0x70, 0x45,
    0x4f, 0x45, 0x70, 0x45, 0x70, 0x45, 0x70, 0x45, 0x50, 0x45, 0x70, 0x45,
    0x70, 0x45, 0x70, 0x4d, 0x70, 0x45, 0x70, 0x4d, 0x70, 0x45, 0x70, 0x4d,
    0x70, 0x4d, 0x70, 0x45, 0x70, 0x4d, 0x90, 0x4d, 0x70, 0x4d, 0x70, 0x4d,
    0x6f, 0x4d, 0x90, 0x4d, 0x90, 0x4d, 0x90, 0x55, 0x8f, 0x4d, 0x8f, 0x4d,
    0x90, 0x55, 0x90, 0x55, 0xaf, 0x55, 0x90, 0x55, 0x90, 0x55, 0xb0, 0x55,
    0x90, 0x4d, 0x90, 0x4d, 0xaf, 0x4d, 0x90, 0x4d, 0x8f, 0x4d, 0xb0, 0x55,
    0x8f, 0x4d, 0x90, 0x55, 0x90, 0x4d, 0x90, 0x4d, 0x90, 0x4d, 0x90, 0x4d,
    0x90, 0x4d, 0xb0, 0x55, 0x90, 0x4d, 0x90, 0x4d, 0x8f, 0x4d, 0x8f, 0x55,
    0x8f, 0x55, 0x8f, 0x55, 0x8f, 0x4d, 0x2e, 0x45, 0x2d, 0x45, 0x2e, 0x45,
    0x2e, 0x3d, 0x2d, 0x3d, 0x2d, 0x45, 0x2e, 0x3d, 0x2e, 0x45, 0x2d, 0x45,
    0x2e, 0x45, 0x2d, 0x45, 0x4e, 0x45, 0x2d, 0x45, 0x2d, 0x45, 0x2e, 0x45,
    0x2e, 0x45, 0x4e, 0x45, 0x2d, 0x45, 0x2d, 0x45, 0xcc, 0x34, 0xcc, 0x34,
    0xed, 0x34, 0xec, 0x34, 0xcc, 0x34, 0xed, 0x34, 0xec, 0x3c, 0xec, 0x34,
    0xed, 0x34, 0xec, 0x3c, 0xed, 0x3c, 0xed, 0x3c, 0x0c, 0x3d, 0x0c, 0x3d,
    0xed, 0x3c, 0xed, 0x3c, 0xe9, 0x4c, 0x07, 0x55, 0x06, 0x5d, 0x06, 0x55,
    0x26, 0x5d, 0x26, 0x55, 0x26, 0x5d, 0x26, 0x5d, 0x06, 0x5d, 0x26, 0x5d,
    0x06, 0x5d, 0x06, 0x5d, 0x26, 0x5d, 0x06, 0x5d, 0x05, 0x5d, 0x06, 0x5d,
    0x05, 0x5d, 0x06, 0x5d, 0x66, 0x7c, 0x86, 0xb3, 0x27, 0xc4, 0x06, 0xc4,
    0x26, 0xc4, 0x06, 0xc4, 0x06, 0xc4, 0xe6, 0xc3, 0xe6, 0xc3, 0x07, 0xc4,
    0xe6, 0xbb, 0xa6, 0xbb, 0x66, 0xab, 0x66, 0xab, 0x26, 0xa3, 0x26, 0xa3,
    0x26, 0xa3, 0x06, 0xa3, 0x06, 0xa3, 0x06, 0xa3, 0x06, 0xa3, 0x06, 0x9b,
    0xc6, 0x92, 0xa6, 0x8a, 0xa6, 0x8a, 0xa6, 0x8a, 0x86, 0x8a, 0xa6, 0x82,
    0xa6, 0x8a, 0xa5, 0x82, 0x85, 0x82, 0xa6, 0x8a, 0xa6, 0x8a, 0xa5, 0x8a,
    0xa5, 0x8a, 0xa6, 0x8a, 0xa4, 0x6b, 0xe3, 0x54, 0xc3, 0x54, 0xe3, 0x54,
    0xc3, 0x54, 0xe3, 0x54, 0xc3, 0x54, 0xc3, 0x54, 0xa3, 0x4c, 0xa4, 0x4c,
    0xa4, 0x4c, 0x83, 0x4c, 0xa4, 0x4c, 0xa3, 0x4c, 0xa3, 0x4c, 0xa4, 0x4c,
    0x44, 0x3c, 0x44, 0x3c, 0x44, 0x3c, 0x44, 0x34, 0x44, 0x34, 0x44, 0x34,
    0x44, 0x3c, 0x64, 0x3c, 0x64, 0x3c, 0x64, 0x3c, 0x64, 0x3c, 0x84, 0x44,
    0xa4, 0x4c, 0xa3, 0x4c, 0xc4, 0x4c, 0xc3, 0x4c, 0xc4, 0x54, 0xc4, 0x4c,
    0xc3, 0x4c, 0xc4, 0x54, 0xc3, 0x4c, 0xc4, 0x4c, 0xc4, 0x4c, 0xe5, 0x82,
    0xc6, 0x8a, 0xc6, 0x8a, 0xa5, 0x8a, 0xc6, 0x8a, 0xa6, 0x8a, 0xa6, 0x8a,
    0xc6, 0x8a, 0xc6, 0x8a, 0xc6, 0x92, 0xc6, 0x92, 0xc6, 0x92, 0xc6, 0x9a,
    0xc6, 0x9a, 0xc6, 0x92, 0xc6, 0x92, 0xc6, 0x92, 0xe6, 0x9a, 0x07, 0x83,
    0x27, 0x34, 0x27, 0x3c, 0x47, 0x3c, 0x27, 0x3c, 0x47, 0x3c, 0x48, 0x3c,
    0x47, 0x3c, 0x47, 0x3c, 0x47, 0x3c, 0x48, 0x34, 0x48, 0x3c, 0x47, 0x34,
    0x48, 0x3c, 0x47, 0x3c, 0x68, 0x3c, 0x67, 0x3c, 0xc8, 0x54, 0xc8, 0x54,
    0x87, 0x44, 0x68, 0x3c, 0x68, 0x3c, 0x68, 0x3c, 0x67, 0x3c, 0x68, 0x3c,
    0x68, 0x3c, 0xc7, 0x54, 0xe8, 0x54, 0xc7, 0x54, 0xc8, 0x54, 0xc7, 0x54,
    0xc8, 0x54, 0xe8, 0x54, 0xc8, 0x4c, 0xc8, 0x4c, 0xe8, 0x4c, 0xc8, 0x4c,
    0xc8, 0x4c, 0xc8, 0x4c, 0xc9, 0x4c, 0x0c, 0x45, 0x4f, 0x45, 0x70, 0x45,
    0x70, 0x45, 0x6f, 0x45, 0x70, 0x45, 0x50, 0x45, 0x70, 0x4d, 0x50, 0x45,
    0x70, 0x45, 0x70, 0x45, 0x4f, 0x45, 0x70, 0x45, 0x70, 0x45, 0x70, 0x45,
    0x70, 0x4d, 0x70, 0x45, 0x70, 0x45, 0x90, 0x45, 0x70, 0x4d, 0x90, 0x45,
    0x70, 0x45, 0x90, 0x4d, 0x90, 0x4d, 0x90, 0x4d, 0x90, 0x4d, 0x90, 0x4d,
    0x90, 0x4d, 0x90, 0x4d, 0x90, 0x4d, 0xb0, 0x55, 0x8f, 0x4d, 0x90, 0x4d,
    0x90, 0x4d, 0x8f, 0x4d, 0x90, 0x4d, 0x90, 0x4d, 0x90, 0x4d, 0x90, 0x4d,
    0x90, 0x4d, 0x90, 0x4d, 0x8f, 0x4d, 0x90, 0x4d, 0xb0, 0x55, 0x90, 0x4d,
    0x90, 0x4d, 0x8f, 0x4d, 0xb0, 0x4d, 0x90, 0x4d, 0x8f, 0x4d, 0x8f, 0x4d,
    0x8f, 0x4d, 0x8f, 0x4d, 0x4e, 0x45, 0x2e, 0x45, 0x2e, 0x45, 0x2d, 0x3d,
    0x2e, 0x3d, 0x2e, 0x45, 0x2d, 0x45, 0x2e, 0x3d, 0x2d, 0x3d, 0x2d, 0x45,
    0x2e, 0x3d, 0x2e, 0x45, 0x2d, 0x45, 0x4d, 0x3d, 0x4e, 0x45, 0x2d, 0x45,
    0x2d, 0x45, 0x2e, 0x45, 0x2d, 0x45, 0x0d, 0x3d, 0xed, 0x34, 0xec, 0x34,
    0xcc, 0x3c, 0xcd, 0x3c, 0xcc, 0x34, 0xcd, 0x34, 0xec, 0x34, 0xed, 0x3c,
    0xed, 0x34, 0xec, 0x34, 0xec, 0x34, 0xec, 0x3c, 0xec, 0x3c, 0xed, 0x3c,
    0xec, 0x3c, 0xeb, 0x3c, 0x07, 0x55, 0x07, 0x55, 0x26, 0x5d, 0x06, 0x55,
    0x07, 0x5d, 0x07, 0x5d, 0x06, 0x5d, 0x06, 0x5d, 0x27, 0x55, 0x06, 0x5d,
    0x06, 0x5d, 0x26, 0x5d, 0x06, 0x5d, 0x06, 0x5d, 0x06, 0x5d, 0x06, 0x5d,
    0x05, 0x5d, 0x05, 0x5d, 0xe6, 0x9b, 0x86, 0xb3, 0xa6, 0xb3, 0x06, 0xc4,
    0x06, 0xc4, 0x07, 0xc4, 0xe6, 0xc3, 0xe6, 0xc3, 0xe6, 0xbb, 0xc6, 0xbb,
    0x66, 0xab, 0x66, 0xab, 0x46, 0xab, 0x46, 0xab, 0x06, 0xa3, 0x06, 0xa3,
    0x06, 0xa3, 0x06, 0xa3, 0x06, 0xa3, 0x06, 0xa3, 0xe6, 0x9a, 0xe6, 0x9a,
    0xa6, 0x8a, 0xa5, 0x8a, 0x85, 0x82, 0x85, 0x8a, 0xa5, 0x8a, 0x85, 0x8a,
    0xa6, 0x8a, 0xa6, 0x82, 0x86, 0x82, 0x44, 0x73, 0x04, 0x64, 0x83, 0x5c,
    0xa3, 0x54, 0x63, 0x5c, 0x23, 0x64, 0xc3, 0x54, 0xe3, 0x54, 0xc3, 0x54,
    0xe3, 0x5c, 0xe3, 0x5c, 0xc3, 0x54, 0xc4, 0x54, 0xc3, 0x54, 0x83, 0x44,
    0x84, 0x44, 0x83, 0x44, 0x83, 0x44, 0xa4, 0x4c, 0xa4, 0x44, 0x84, 0x44,
    0x44, 0x34, 0x44, 0x34, 0x45, 0x3c, 0x45, 0x34, 0x25, 0x34, 0x45, 0x34,
    0x44, 0x34, 0x64, 0x3c, 0x64, 0x3c, 0x64, 0x3c, 0x64, 0x3c, 0x84, 0x44,
    0x64, 0x44, 0x84, 0x44, 0xa4, 0x4c, 0xa3, 0x4c, 0xa3, 0x4c, 0xa3, 0x54,
    0xc4, 0x54, 0xa4, 0x4c, 0xa4, 0x4c, 0xc3, 0x4c, 0xe4, 0x63, 0xa6, 0x8a,
    0xa6, 0x8a, 0xa6, 0x82, 0xc6, 0x8a, 0xa6, 0x8a, 0xc6, 0x8a, 0xa5, 0x8a,
    0xc6, 0x8a, 0xa6, 0x8a, 0xc6, 0x8a, 0xc6, 0x92, 0x06, 0x83, 0xa5, 0x63,
    0xa6, 0x63, 0x06, 0x8b, 0xe6, 0x9a, 0xc6, 0x92, 0xe6, 0x9a, 0xa6, 0x63,
    0x27, 0x3c, 0x27, 0x3c, 0x27, 0x34, 0x27, 0x34, 0x27, 0x3c, 0x47, 0x3c,
    0x47, 0x34, 0x27, 0x34, 0x47, 0x34, 0x47, 0x3c, 0x47, 0x34, 0x48, 0x3c,
    0x47, 0x34, 0x47, 0x3c, 0x47, 0x3c, 0x48, 0x34, 0x87, 0x4c, 0x88, 0x44,
    0x67, 0x3c, 0x48, 0x3c, 0x48, 0x3c, 0x68, 0x3c, 0x67, 0x3c, 0x68, 0x3c,
    0x68, 0x3c, 0xa8, 0x4c, 0xc7, 0x54, 0xc8, 0x54, 0xc8, 0x54, 0xc7, 0x4c,
    0xc8, 0x4c, 0xc8, 0x54, 0xc7, 0x4c, 0xc8, 0x4c, 0xc8, 0x4c, 0xc8, 0x4c,
    0xc8, 0x4c, 0xc9, 0x4c, 0xc9, 0x4c, 0xc9, 0x44, 0x70, 0x45, 0x50, 0x45,
    0x50, 0x45, 0x70, 0x45, 0x70, 0x45, 0x50, 0x45, 0x70, 0x45, 0x50, 0x45,
    0x50, 0x45, 0x50, 0x45, 0x70, 0x45, 0x70, 0x45, 0x70, 0x45, 0x70, 0x45,
    0x70, 0x45, 0x70, 0x45, 0x70, 0x45, 0x70, 0x45, 0x70, 0x45, 0x70, 0x45,
    0x70, 0x4d, 0x70, 0x4d, 0x70, 0x45, 0x70, 0x4d, 0x90, 0x4d, 0x90, 0x4d,
    0x90, 0x4d, 0x90, 0x4d, 0x90, 0x4d, 0x90, 0x4d, 0x90, 0x4d, 0x90, 0x4d,
    0x90, 0x4d, 0x90, 0x4d, 0x8f, 0x4d, 0x90, 0x4d, 0x90, 0x4d, 0x90, 0x4d,
    0x90, 0x4d, 0x90, 0x4d, 0x8f, 0x4d, 0x90, 0x4d, 0x90, 0x4d, 0x8f, 0x4d,
    0x8f, 0x4d, 0x90, 0x4d, 0x8f, 0x4d, 0x4e, 0x4d, 0x4e, 0x45, 0x4e, 0x45,
    0x4e, 0x45, 0x4e, 0x45, 0x2e, 0x45, 0x2d, 0x45, 0x2d, 0x3d, 0x2d, 0x3d,
    0x2d, 0x45, 0x2e, 0x3d, 0x2e, 0x45, 0x2e, 0x45, 0x2d, 0x3d, 0x2e, 0x3d,
    0x2d, 0x45, 0x2d, 0x3d, 0x2e, 0x45, 0x0d, 0x3d, 0xec, 0x3c, 0xec, 0x3c,
    0xcb, 0x34, 0xcc, 0x34, 0xec, 0x34, 0xcc, 0x3c, 0xcc, 0x34, 0xcd, 0x34,
    0xcc, 0x34, 0xec, 0x3c, 0xcd, 0x34, 0xcc, 0x34, 0xcd, 0x3c, 0xcc, 0x34,
    0xcc, 0x34, 0xcc, 0x3c, 0xed, 0x34, 0xec, 0x3c, 0xed, 0x34, 0xec, 0x34,
    0xed, 0x3c, 0xe9, 0x4c, 0x26, 0x55, 0x07, 0x55, 0x07, 0x55, 0x26, 0x55,
    0x06, 0x5d, 0x06, 0x55, 0x06, 0x55, 0x06, 0x5d, 0x06, 0x5d, 0x26, 0x5d,
    0x06, 0x5d, 0x06, 0x5d, 0x06, 0x55, 0x06, 0x5d, 0x05, 0x5d, 0x06, 0x55,
    0x06, 0x5d, 0x06, 0x5d, 0x86, 0xab, 0x86, 0xb3, 0x67, 0xb3, 0x86, 0xb3,
    0xc6, 0xbb, 0xe7, 0xc3, 0xe6, 0xbb, 0xa6, 0xb3, 0x66, 0xb3, 0x67, 0xab,
    0x46, 0xab, 0x46, 0xab, 0x47, 0xab, 0x26, 0xab, 0x06, 0xa3, 0x06, 0xa3,
    0x06, 0x9b, 0x06, 0x9b, 0x06, 0x9b, 0x06, 0xa3, 0xe6, 0x9a, 0xe6, 0x9a,
    0xa6, 0x8a, 0x86, 0x8a, 0x86, 0x82, 0xa6, 0x8a, 0xa5, 0x82, 0x85, 0x82,
    0x85, 0x82, 0xa6, 0x8a, 0x64, 0x54, 0xc3, 0x4c, 0xc3, 0x54, 0xe3, 0x54,
    0xc3, 0x54, 0xc3, 0x54, 0xc3, 0x54, 0xa3, 0x4c, 0xc3, 0x54, 0xe3, 0x5c,
    0xe3, 0x54, 0xc3, 0x54, 0xc4, 0x54, 0xc3, 0x54, 0xc3, 0x54, 0xa3, 0x4c,
    0x84, 0x44, 0x84, 0x44, 0x83, 0x44, 0x84, 0x44, 0x83, 0x44, 0x83, 0x4c,
    0x25, 0x34, 0x44, 0x34, 0x24, 0x34, 0x25, 0x34, 0x25, 0x34, 0x25, 0x34,
    0x25, 0x34, 0x65, 0x3c, 0x44, 0x3c, 0x64, 0x3c, 0x64, 0x3c, 0x84, 0x44,
    0x84, 0x44, 0x84, 0x4c, 0xc4, 0x4c, 0xa4, 0x4c, 0xc4, 0x4c, 0xa4, 0x4c,
    0xc4, 0x4c, 0xa4, 0x4c, 0xc3, 0x4c, 0x24, 0x5c, 0x86, 0x8a, 0xc6, 0x82,
    0xe5, 0x82, 0xe5, 0x82, 0xc5, 0x82, 0xa6, 0x8a, 0xa6, 0x8a, 0xc6, 0x8a,
    0xa6, 0x8a, 0xc6, 0x8a, 0xc5, 0x92, 0x26, 0x83, 0x25, 0x3c, 0x05, 0x3c,
    0x26, 0x3c, 0xe6, 0x4b, 0xe6, 0x8a, 0xe6, 0x92, 0xc6, 0x9a, 0xc6, 0x4b,
    0x07, 0x34, 0x27, 0x34, 0x27, 0x34, 0x27, 0x34, 0x27, 0x34, 0x27, 0x34,
    0x27, 0x34, 0x27, 0x34, 0x27, 0x3c, 0x47, 0x34, 0x27, 0x34, 0x27, 0x3c,
    0x48, 0x34, 0x48, 0x34, 0x47, 0x34, 0x47, 0x3c, 0x68, 0x3c, 0x68, 0x3c,
    0x47, 0x3c, 0x47, 0x3c, 0x68, 0x3c, 0x68, 0x3c, 0x48, 0x3c, 0x68, 0x3c,
    0x68, 0x3c, 0x47, 0x3c, 0xc8, 0x54, 0xc8, 0x4c, 0xa7, 0x4c, 0xc8, 0x4c,
    0xc8, 0x4c, 0xc8, 0x4c, 0xc8, 0x4c, 0xc8, 0x4c, 0xc8, 0x4c, 0xc8, 0x4c,
    0xc9, 0x4c, 0xc8, 0x4c, 0xc9, 0x4c, 0xc9, 0x4c, 0xea, 0x44, 0xca, 0x44,
    0xea, 0x44, 0xec, 0x44, 0x2e, 0x45, 0x50, 0x45, 0x50, 0x45, 0x4f, 0x45,
    0x50, 0x45, 0x50, 0x45, 0x70, 0x45, 0x70, 0x45, 0x70, 0x45, 0x70, 0x45,
    0x70, 0x45, 0x70, 0x4d, 0x70, 0x45, 0x70, 0x4d, 0x70, 0x45, 0x70, 0x4d,
    0x70, 0x45, 0x70, 0x45, 0x70, 0x4d, 0x70, 0x45, 0x90, 0x4d, 0x70, 0x4d,
    0x90, 0x4d, 0x90, 0x4d, 0x8f, 0x4d, 0x90, 0x4d, 0x90, 0x4d, 0x90, 0x4d,
    0x90, 0x4d, 0x90, 0x4d, 0x90, 0x4d, 0x90, 0x4d, 0x8f, 0x4d, 0x90, 0x4d,
    0x90, 0x4d, 0x90, 0x4d, 0x90, 0x4d, 0x90, 0x4d, 0x90, 0x4d, 0x8f, 0x4d,
    0x90, 0x4d, 0x6f, 0x4d, 0x2e, 0x45, 0x4d, 0x45, 0x2d, 0x45, 0x2e, 0x45,
    0x4e, 0x45, 0x2d, 0x45, 0x2d, 0x45, 0x2e, 0x45, 0x2d, 0x3d, 0x2e, 0x45,
    0x2d, 0x45, 0x2d, 0x3d, 0x2d, 0x3d, 0x2d, 0x45, 0x2d, 0x45, 0x0d, 0x3d,
    0x2d, 0x3d, 0x2d, 0x45, 0xec, 0x3c, 0xcb, 0x3c, 0xcb, 0x3c, 0xeb, 0x34,
    0xcb, 0x34, 0xec, 0x3c, 0xcc, 0x34, 0xcc, 0x34, 0xcc, 0x3c, 0xcc, 0x34,
    0xcc, 0x34, 0xcd, 0x34, 0xcc, 0x34, 0xcc, 0x34, 0xed, 0x3c, 0xcd, 0x34,
    0xec, 0x34, 0xcd, 0x3c, 0xec, 0x3c, 0xcd, 0x34, 0xec, 0x34, 0xec, 0x3c,
    0xed, 0x3c, 0xe8, 0x4c, 0x06, 0x55, 0x07, 0x55, 0x07, 0x55, 0x07, 0x55,
    0x06, 0x55, 0x27, 0x5d, 0x06, 0x55, 0x06, 0x5d, 0x06, 0x55, 0x06, 0x55,
    0x06, 0x5d, 0x06, 0x5d, 0x06, 0x55, 0x06, 0x5d, 0x06, 0x5d, 0x06, 0x5d,
    0x06, 0x5d, 0xc6, 0x64, 0x66, 0xb3, 0x66, 0xab, 0x67, 0xab, 0x66, 0xb3,
    0x66, 0xab, 0x66, 0xab, 0x66, 0xb3, 0x46, 0xab, 0x67, 0xab, 0x46, 0xab,
    0x26, 0xab, 0x47, 0xab, 0x46, 0xa3, 0x06, 0x9b, 0xe6, 0x9a, 0xe6, 0x9a,
    0x06, 0x9b, 0xe6, 0x9a, 0xe6, 0x9a, 0xe6, 0x9a, 0xe6, 0x9a, 0xc5, 0x92,
    0xa5, 0x8a, 0xa6, 0x8a, 0xa5, 0x8a, 0x86, 0x82, 0xa6, 0x82, 0x85, 0x82,
    0x86, 0x82, 0x05, 0x7b, 0xc3, 0x4c, 0xc3, 0x54, 0xe3, 0x54, 0xe3, 0x54,
    0xe3, 0x54, 0xe3, 0x5c, 0xe3, 0x54, 0xc3, 0x54, 0xc3, 0x54, 0xc3, 0x54,
    0xc3, 0x54, 0xc3, 0x54, 0xc3, 0x4c, 0xa3, 0x4c, 0xc4, 0x4c, 0xc3, 0x4c,
    0x83, 0x4c, 0x84, 0x44, 0x84, 0x44, 0x83, 0x44, 0x84, 0x44, 0x83, 0x44,
    0x25, 0x34, 0x25, 0x34, 0x24, 0x34, 0x25, 0x34, 0x25, 0x34, 0x44, 0x3c,
    0x45, 0x34, 0x45, 0x3c, 0x44, 0x3c, 0x64, 0x3c, 0x64, 0x3c, 0x64, 0x3c,
    0x84, 0x44, 0xa4, 0x44, 0xa4, 0x4c, 0xa4, 0x4c, 0xa4, 0x4c, 0xa4, 0x4c,
    0x83, 0x4c, 0xa4, 0x4c, 0xe4, 0x5b, 0xc4, 0x5b, 0x44, 0x4c, 0x84, 0x3c,
    0x85, 0x3c, 0x65, 0x3c, 0x44, 0x44, 0xe4, 0x53, 0x25, 0x73, 0xa6, 0x8a,
    0xa6, 0x82, 0xc6, 0x8a, 0xe6, 0x8a, 0xe5, 0x43, 0x06, 0x3c, 0x06, 0x34,
    0x25, 0x34, 0x06, 0x3c, 0x45, 0x73, 0xc6, 0x9a, 0xc7, 0x92, 0xe6, 0x4b,
    0x06, 0x34, 0x06, 0x34, 0x27, 0x34, 0x27, 0x3c, 0x27, 0x3c, 0x47, 0x3c,
    0x27, 0x34, 0x27, 0x34, 0x47, 0x34, 0x27, 0x34, 0x28, 0x3c, 0x47, 0x34,
    0x47, 0x34, 0x47, 0x3c, 0x28, 0x34, 0x27, 0x34, 0x47, 0x34, 0x47, 0x3c,
    0x48, 0x34, 0x47, 0x3c, 0x47, 0x34, 0x48, 0x3c, 0x47, 0x3c, 0x48, 0x3c,
    0x48, 0x3c, 0x48, 0x3c, 0xa7, 0x4c, 0xa8, 0x4c, 0xc8, 0x4c, 0xa7, 0x4c,
    0xa8, 0x4c, 0xa8, 0x4c, 0xc8, 0x4c, 0xc8, 0x4c, 0xc8, 0x4c, 0xc8, 0x4c,
    0xc8, 0x4c, 0xc8, 0x44, 0xc8, 0x44, 0xc9, 0x44, 0xc9, 0x44, 0xe9, 0x44,
    0xca, 0x44, 0xca, 0x44, 0xca, 0x44, 0x2e, 0x45, 0x50, 0x3d, 0x50, 0x45,
    0x70, 0x45, 0x50, 0x45, 0x50, 0x45, 0x50, 0x45, 0x50, 0x45, 0x70, 0x45,
    0x50, 0x45, 0x70, 0x45, 0x70, 0x45, 0x70, 0x45, 0x70, 0x45, 0x70, 0x45,
    0x70, 0x45, 0x70, 0x45, 0x70, 0x45, 0x70, 0x4d, 0x70, 0x45, 0x70, 0x45,
    0x70, 0x4d, 0x90, 0x4d, 0x70, 0x4d, 0x70, 0x4d, 0x70, 0x45, 0x70, 0x4d,
    0x90, 0x4d, 0x90, 0x4d, 0x70, 0x4d, 0x90, 0x4d, 0x90, 0x4d, 0x90, 0x4d,
    0x90, 0x4d, 0x90, 0x4d, 0x90, 0x4d, 0x90, 0x4d, 0x90, 0x4d, 0x90, 0x4d,
    0x6f, 0x4d, 0x4e, 0x45, 0x2d, 0x45, 0x2d, 0x45, 0x2d, 0x45, 0x2d, 0x45,
    0x2d, 0x45, 0x2d, 0x45, 0x2d, 0x45, 0x2d, 0x3d, 0x2e, 0x3d, 0x0d, 0x45,
    0x2e, 0x3d, 0x0d, 0x3d, 0x2d, 0x3d, 0x0e, 0x45, 0x0e, 0x3d, 0x0d, 0x45,
    0x2e, 0x45, 0xec, 0x3c, 0xeb, 0x3c, 0xeb, 0x3c, 0xcb, 0x3c, 0xeb, 0x3c,
    0xcb, 0x34, 0xcb, 0x3c, 0xcb, 0x3c, 0xcc, 0x34, 0xcc, 0x3c, 0xcc, 0x34,
    0xcc, 0x34, 0xcc, 0x34, 0xcd, 0x34, 0xcc, 0x34, 0xcd, 0x34, 0xcc, 0x34,
    0xec, 0x3c, 0xed, 0x34, 0xcd, 0x3c, 0xcd, 0x34, 0xec, 0x3c, 0xeb, 0x3c,
    0xe9, 0x44, 0xe7, 0x4c, 0x07, 0x55, 0x07, 0x55, 0x07, 0x55, 0x07, 0x55,
    0x07, 0x55, 0x07, 0x5d, 0x07, 0x55, 0x06, 0x55, 0x07, 0x5d, 0x06, 0x55,
    0x06, 0x5d, 0x06, 0x55, 0x06, 0x5d, 0x06, 0x55, 0x06, 0x55, 0xe6, 0x54,
    0xe5, 0x5c, 0x26, 0x84, 0x66, 0xb3, 0x66, 0xab, 0x66, 0xab, 0x66, 0xab,
    0x67, 0xab, 0x46, 0xab, 0x46, 0xab, 0x47, 0xab, 0x46, 0xab, 0x26, 0xa3,
    0x26, 0xab, 0x26, 0xab, 0x26, 0xa3, 0xe6, 0x9a, 0xe6, 0x9a, 0xe6, 0x92,
    0xc6, 0x92, 0xc6, 0x92, 0xc6, 0x9a, 0xc6, 0x92, 0xc6, 0x9a, 0xc6, 0x92,
    0xa5, 0x82, 0xa6, 0x8a, 0xa5, 0x8a, 0xa6, 0x82, 0x85, 0x8a, 0xa6, 0x8a,
    0xa5, 0x82, 0x25, 0x7b, 0xe3, 0x4c, 0xe3, 0x54, 0xe3, 0x54, 0xe3, 0x54,
    0xe3, 0x54, 0xe3, 0x5c, 0xe3, 0x5c, 0xe3, 0x54, 0xc3, 0x54, 0xc3, 0x54,
    0xc3, 0x54, 0xc4, 0x54, 0xc3, 0x54, 0xa3, 0x4c, 0xa4, 0x4c, 0xa3, 0x4c,
    0xa4, 0x4c, 0x83, 0x44, 0x84, 0x44, 0x84, 0x44, 0x63, 0x44, 0x84, 0x44,
    0x24, 0x34, 0x24, 0x34, 0x25, 0x34, 0x25, 0x34, 0x25, 0x34, 0x44, 0x34,
    0x25, 0x34, 0x45, 0x3c, 0x64, 0x3c, 0x45, 0x3c, 0x65, 0x3c, 0x64, 0x44,
    0x84, 0x44, 0x84, 0x44, 0x84, 0x44, 0x64, 0x3c, 0x64, 0x44, 0x84, 0x44,
    0xa4, 0x44, 0x44, 0x4c, 0x65, 0x44, 0x64, 0x3c, 0x65, 0x3c, 0x64, 0x3c,
    0x85, 0x3c, 0x64, 0x3c, 0x84, 0x3c, 0x85, 0x3c, 0x64, 0x44, 0x84, 0x63,
    0xa6, 0x8a, 0xc6, 0x8a, 0x86, 0x63, 0x06, 0x34, 0x06, 0x34, 0x06, 0x3c,
    0x06, 0x34, 0x06, 0x3c, 0xa5, 0x63, 0xc6, 0x92, 0xc7, 0x9a, 0xc7, 0x4b,
    0x06, 0x34, 0x06, 0x34, 0x07, 0x34, 0x27, 0x34, 0x26, 0x34, 0x27, 0x34,
    0x27, 0x34, 0x27, 0x34, 0x27, 0x34, 0x27, 0x34, 0x27, 0x34, 0x27, 0x34,
    0x27, 0x3c, 0x27, 0x34, 0x48, 0x3c, 0x27, 0x34, 0x27, 0x34, 0x48, 0x34,
    0x48, 0x34, 0x48, 0x34, 0x27, 0x34, 0x48, 0x3c, 0x47, 0x3c, 0x67, 0x34,
    0x68, 0x3c, 0x68, 0x3c, 0xa7, 0x4c, 0xa8, 0x4c, 0xa8, 0x4c, 0xa8, 0x4c,
    0xa7, 0x4c, 0xa8, 0x4c, 0xa8, 0x4c, 0xa8, 0x44, 0xa8, 0x4c, 0xa8, 0x44,
    0xc9, 0x44, 0xc9, 0x4c, 0xc8, 0x4c, 0xc9, 0x44, 0xc9, 0x44, 0xc9, 0x4c,
    0xc9, 0x44, 0xca, 0x44, 0xea, 0x44, 0xeb, 0x44, 0x2e, 0x3d, 0x4f, 0x45,
    0x50, 0x45, 0x50, 0x45, 0x50, 0x3d, 0x70, 0x45, 0x50, 0x45, 0x50, 0x45,
    0x70, 0x45, 0x70, 0x45, 0x70, 0x45, 0x50, 0x45, 0x70, 0x45, 0x70, 0x45,
    0x70, 0x45, 0x70, 0x45, 0x70, 0x45, 0x70, 0x45, 0x90, 0x4d, 0x70, 0x45,
    0x70, 0x45, 0x70, 0x45, 0x70, 0x45, 0x70, 0x4d, 0x70, 0x45, 0x90, 0x4d,
    0x90, 0x4d, 0x70, 0x4d, 0x90, 0x4d, 0x70, 0x4d, 0x70, 0x45, 0x70, 0x4d,
    0x70, 0x4d, 0x70, 0x4d, 0x70, 0x4d, 0x90, 0x4d, 0x90, 0x4d, 0x6f, 0x4d,
    0x4f, 0x45, 0x2d, 0x45, 0x2d, 0x45, 0x2d, 0x45, 0x2d, 0x4d, 0x2d, 0x45,
    0x2d, 0x45, 0x2d, 0x45, 0x2e, 0x45, 0x2d, 0x45, 0x2d, 0x3d, 0x0d, 0x3d,
    0x2d, 0x45, 0x0e, 0x3d, 0x0d, 0x45, 0x2d, 0x3d, 0x0d, 0x3d, 0x0d, 0x3d,
    0xed, 0x3c, 0xeb, 0x3c, 0xcb, 0x3c, 0xeb, 0x3c, 0xeb, 0x3c, 0xcb, 0x3c,
    0xcc, 0x34, 0xeb, 0x3c, 0xcb, 0x3c, 0xcc, 0x34, 0xcc, 0x34, 0xcc, 0x34,
    0xcc, 0x3c, 0xcc, 0x34, 0xcd, 0x34, 0xcc, 0x34, 0xcd, 0x34, 0xcc, 0x34,
    0xcd, 0x34, 0xed, 0x3c, 0xed, 0x34, 0xea, 0x44, 0x07, 0x55, 0xe6, 0x54,
    0x07, 0x55, 0x07, 0x55, 0x07, 0x55, 0x07, 0x55, 0xe6, 0x54, 0xe7, 0x54,
    0xe7, 0x54, 0x06, 0x55, 0xe6, 0x54, 0xe7, 0x54, 0x06, 0x55, 0xe6, 0x5c,
    0xe7, 0x54, 0xe6, 0x54, 0x06, 0x55, 0xe6, 0x54, 0xe6, 0x54, 0xe6, 0x54,
    0xe6, 0x54, 0xa6, 0x9b, 0x67, 0xab, 0x67, 0xab, 0x46, 0xab, 0x67, 0xab,
    0x46, 0xab, 0x46, 0xab, 0x47, 0xab, 0x46, 0xa3, 0x26, 0xa3, 0x26, 0xa3,
    0x26, 0xa3, 0x26, 0xa3, 0xe6, 0x9a, 0xe6, 0x9a, 0xc6, 0x92, 0xc5, 0x92,
    0xc6, 0x92, 0xc6, 0x92, 0xa5, 0x92, 0xa5, 0x92, 0xc6, 0x92, 0xa6, 0x8a,
    0xa6, 0x8a, 0x85, 0x82, 0x86, 0x82, 0x85, 0x82, 0x85, 0x8a, 0xa6, 0x82,
    0x85, 0x82, 0xc5, 0x82, 0xe3, 0x4c, 0xc3, 0x54, 0xe3, 0x54, 0xe3, 0x5c,
    0xe3, 0x5c, 0xe3, 0x54, 0xe3, 0x5c, 0xe3, 0x5c, 0xe3, 0x54, 0xe3, 0x54,
    0xa4, 0x4c, 0xa3, 0x4c, 0xa3, 0x4c, 0x84, 0x44, 0xa3, 0x4c, 0xa3, 0x4c,
    0xa3, 0x4c, 0x84, 0x4c, 0x84, 0x44, 0x63, 0x44, 0x84, 0x44, 0x64, 0x3c,
    0x24, 0x34, 0x25, 0x34, 0x25, 0x34, 0x25, 0x34, 0x24, 0x34, 0x25, 0x34,
    0x24, 0x34, 0x45, 0x34, 0x44, 0x34, 0x45, 0x3c, 0x65, 0x3c, 0x64, 0x44,
    0x84, 0x44, 0x84, 0x44, 0x64, 0x44, 0x64, 0x44, 0x64, 0x3c, 0x84, 0x44,
    0x64, 0x44, 0x64, 0x3c, 0x64, 0x3c, 0x65, 0x3c, 0x64, 0x3c, 0x64, 0x3c,
    0x85, 0x44, 0x64, 0x3c, 0x64, 0x3c, 0x64, 0x44, 0x64, 0x3c, 0x65, 0x44,
    0x45, 0x73, 0x65, 0x6b, 0x06, 0x34, 0x06, 0x34, 0x05, 0x34, 0x05, 0x3c,
    0x06, 0x34, 0xe5, 0x43, 0x66, 0x6b, 0xc6, 0x92, 0x26, 0x7b, 0x06, 0x34,
    0x27, 0x34, 0x06, 0x34, 0x06, 0x34, 0x27, 0x34, 0x07, 0x34, 0x07, 0x34,
    0x07, 0x34, 0x07, 0x34, 0x07, 0x34, 0x07, 0x34, 0x27, 0x34, 0x27, 0x34,
    0x27, 0x34, 0x27, 0x34, 0x27, 0x34, 0x27, 0x34, 0x28, 0x34, 0x47, 0x34,
    0x27, 0x34, 0x27, 0x34, 0x47, 0x34, 0x48, 0x34, 0x48, 0x34, 0x48, 0x3c,
    0x48, 0x34, 0x68, 0x3c, 0x88, 0x44, 0x87, 0x44, 0x88, 0x44, 0xa8, 0x4c,
    0xa8, 0x44, 0x87, 0x44, 0xa8, 0x4c, 0xa8, 0x44, 0xa8, 0x4c, 0xa8, 0x44,
    0xa8, 0x4c, 0xa8, 0x44, 0xc9, 0x4c, 0xc9, 0x44, 0xc9, 0x44, 0xc9, 0x44,
    0xea, 0x44, 0xe9, 0x44, 0xca, 0x44, 0xca, 0x44, 0xeb, 0x44, 0xeb, 0x3c,
    0xec, 0x3c, 0x4f, 0x45, 0x50, 0x45, 0x70, 0x45, 0x70, 0x45, 0x50, 0x45,
    0x50, 0x45, 0x70, 0x45, 0x50, 0x45, 0x50, 0x45, 0x70, 0x45, 0x50, 0x45,
    0x70, 0x45, 0x70, 0x4d, 0x70, 0x45, 0x70, 0x45, 0x70, 0x45, 0x70, 0x4d,
    0x70, 0x45, 0x70, 0x45, 0x90, 0x4d, 0x70, 0x45, 0x70, 0x45, 0x70, 0x45,
    0x70, 0x45, 0x70, 0x45, 0x70, 0x45, 0x90, 0x4d, 0x70, 0x4d, 0x90, 0x45,
    0x70, 0x45, 0x90, 0x4d, 0x90, 0x45, 0x70, 0x4d, 0x70, 0x4d, 0x6f, 0x45,
    0x2d, 0x45, 0x2d, 0x45, 0x2d, 0x45, 0x2d, 0x45, 0x4d, 0x45, 0x2d, 0x45,
    0x2d, 0x45, 0x2d, 0x45, 0x2d, 0x45, 0x0d, 0x45, 0x2d, 0x45, 0x0d, 0x3d,
    0x0d, 0x45, 0x2d, 0x3d, 0x2d, 0x3d, 0x0d, 0x45, 0x0d, 0x3d, 0x0d, 0x3d,
    0xec, 0x3c, 0xeb, 0x3c, 0xcb, 0x3c, 0xeb, 0x3c, 0xcb, 0x3c, 0xcb, 0x3c,
    0xcb, 0x34, 0xcb, 0x3c, 0xcb, 0x3c, 0xcb, 0x34, 0xec, 0x34, 0xcc, 0x3c,
    0xcc, 0x34, 0xcc, 0x34, 0xcc, 0x34, 0xcc, 0x34, 0xcc, 0x34, 0xcc, 0x34,
    0xcd, 0x34, 0xec, 0x34, 0xea, 0x44, 0xe7, 0x54, 0x07, 0x55, 0xe7, 0x54,
    0x06, 0x55, 0xe6, 0x54, 0xe7, 0x54, 0xe7, 0x54, 0xe7, 0x54, 0xe7, 0x54,
    0xe6, 0x54, 0xe7, 0x54, 0xe6, 0x54, 0xe7, 0x54, 0xe7, 0x54, 0xe7, 0x54,
    0xe6, 0x54, 0xe6, 0x54, 0xe6, 0x54, 0xe6, 0x54, 0xc6, 0x54, 0xe6, 0x54,
    0xa6, 0x5c, 0x46, 0xb3, 0x46, 0xab, 0x46, 0xab, 0x47, 0xab, 0x46, 0xab,
    0x46, 0xab, 0x46, 0xab, 0x46, 0xab, 0x26, 0xa3, 0x26, 0xab, 0x26, 0xa3,
    0x26, 0xa3, 0x06, 0x9b, 0xc6, 0x92, 0xc6, 0x92, 0xc6, 0x92, 0xa5, 0x92,
    0xc6, 0x92, 0xa6, 0x8a, 0xc6, 0x92, 0xc6, 0x92, 0xc6, 0x8a, 0xa5, 0x8a,
    0x85, 0x8a, 0xa6, 0x8a, 0x86, 0x82, 0x85, 0x82, 0x86, 0x82, 0xa6, 0x82,
    0x85, 0x82, 0x86, 0x82, 0x43, 0x5c, 0xe3, 0x54, 0xe3, 0x54, 0xe3, 0x5c,
    0xe3, 0x54, 0xe3, 0x54, 0xe3, 0x54, 0xe3, 0x5c, 0xe3, 0x54, 0xc3, 0x54,
    0xc3, 0x54, 0x84, 0x4c, 0x83, 0x44, 0x84, 0x44, 0x84, 0x44, 0x84, 0x44,
    0x84, 0x44, 0x84, 0x44, 0x83, 0x44, 0x84, 0x44, 0x64, 0x3c, 0x64, 0x3c,
    0x05, 0x34, 0x25, 0x34, 0x25, 0x34, 0x24, 0x34, 0x25, 0x34, 0x25, 0x34,
    0x25, 0x34, 0x45, 0x34, 0x44, 0x3c, 0x44, 0x3c, 0x64, 0x3c, 0x64, 0x3c,
    0x64, 0x3c, 0x64, 0x3c, 0x64, 0x3c, 0x64, 0x3c, 0x64, 0x3c, 0x64, 0x3c,
    0x44, 0x3c, 0x65, 0x3c, 0x64, 0x3c, 0x64, 0x3c, 0x65, 0x3c, 0x64, 0x3c,
    0x84, 0x3c, 0x65, 0x3c, 0x85, 0x44, 0x64, 0x3c, 0x84, 0x3c, 0x65, 0x3c,
    0x25, 0x44, 0x05, 0x3c, 0x06, 0x34, 0x06, 0x34, 0x05, 0x34, 0x26, 0x34,
    0x06, 0x34, 0xc6, 0x4b, 0x66, 0x6b, 0xa6, 0x53, 0x06, 0x34, 0x26, 0x34,
    0x26, 0x34, 0x06, 0x34, 0x06, 0x34, 0x07, 0x34, 0x06, 0x34, 0x06, 0x2c,
    0x07, 0x34, 0x07, 0x34, 0x07, 0x34, 0x27, 0x34, 0x27, 0x34, 0x07, 0x34,
    0x27, 0x34, 0x07, 0x34, 0x27, 0x34, 0x27, 0x34, 0x07, 0x34, 0x28, 0x34,
    0x27, 0x34, 0x27, 0x34, 0x28, 0x3c, 0x47, 0x3c, 0x27, 0x34, 0x48, 0x34,
    0x47, 0x3c, 0x47, 0x34, 0x48, 0x34, 0x48, 0x3c, 0x47, 0x3c, 0x88, 0x44,
    0x88, 0x44, 0x87, 0x44, 0xa8, 0x44, 0xa8, 0x44, 0xa8, 0x44, 0xa8, 0x44,
    0xa8, 0x44, 0xa8, 0x44, 0xa8, 0x44, 0xa9, 0x44, 0xc9, 0x44, 0xc9, 0x44,
    0xc9, 0x44, 0xc9, 0x44, 0xca, 0x44, 0xc9, 0x44, 0xea, 0x44, 0xca, 0x44,
    0xea, 0x44, 0x0d, 0x45, 0x50, 0x45, 0x50, 0x45, 0x70, 0x45, 0x50, 0x45,
    0x70, 0x45, 0x50, 0x45, 0x70, 0x45, 0x51, 0x45, 0x70, 0x45, 0x50, 0x45,
    0x70, 0x45, 0x71, 0x4d, 0x70, 0x45, 0x70, 0x4d, 0x70, 0x4d, 0x70, 0x45,
    0x70, 0x4d, 0x70, 0x4d, 0x90, 0x4d, 0x70, 0x4d, 0x70, 0x4d, 0x70, 0x4d,
    0x70, 0x45, 0x70, 0x45, 0x70, 0x4d, 0x70, 0x45, 0x70, 0x45, 0x70, 0x4d,
    0x70, 0x45, 0x70, 0x45, 0x70, 0x4d, 0x70, 0x45, 0x6f, 0x45, 0x2d, 0x45,
    0x2d, 0x45, 0x0c, 0x45, 0x2c, 0x45, 0x2d, 0x45, 0x2d, 0x45, 0x2d, 0x45,
    0x2d, 0x45, 0x2d, 0x45, 0x2d, 0x45, 0x0d, 0x45, 0x2d, 0x3d, 0x2d, 0x45,
    0x0d, 0x3d, 0x0d, 0x3d, 0x0d, 0x45, 0x0d, 0x3d, 0x0d, 0x45, 0x0d, 0x3d,
    0xeb, 0x3c, 0xcb, 0x3c, 0xcb, 0x3c, 0xca, 0x3c, 0xeb, 0x3c, 0xea, 0x3c,
    0xeb, 0x3c, 0xcb, 0x34, 0xcb, 0x3c, 0xcb, 0x3c, 0xcb, 0x34, 0xcb, 0x3c,
    0xcc, 0x34, 0xcc, 0x34, 0xcc, 0x34, 0xad, 0x34, 0xcc, 0x34, 0xcd, 0x34,
    0xcc, 0x34, 0xcd, 0x3c, 0xe8, 0x4c, 0xe7, 0x4c, 0xe7, 0x4c, 0x07, 0x55,
    0xe7, 0x54, 0x06, 0x55, 0xe7, 0x54, 0xe6, 0x4c, 0xe7, 0x4c, 0xe7, 0x54,
    0xe7, 0x4c, 0xe7, 0x54, 0xe7, 0x54, 0xe6, 0x54, 0xe6, 0x54, 0xe6, 0x54,
    0xe7, 0x54, 0xe7, 0x54, 0xc6, 0x54, 0xc6, 0x54, 0xe6, 0x54, 0xe6, 0x54,
    0x46, 0x74, 0x47, 0xab, 0x46, 0xab, 0x46, 0xab, 0x46, 0xab, 0x46, 0xab,
    0x47, 0xab, 0x26, 0xab, 0x46, 0xa3, 0x26, 0xa3, 0x06, 0xa3, 0x26, 0xa3,
    0x26, 0xa3, 0xe6, 0x92, 0xc6, 0x92, 0xa6, 0x8a, 0xc6, 0x8a, 0xa5, 0x92,
    0xc5, 0x8a, 0xa5, 0x8a, 0xc6, 0x92, 0xa6, 0x8a, 0xa5, 0x8a, 0xa6, 0x8a,
    0xa6, 0x8a, 0xa5, 0x82, 0xa5, 0x8a, 0xa6, 0x8a, 0x85, 0x82, 0x85, 0x8a,
    0xa6, 0x8a, 0x86, 0x82, 0x25, 0x73, 0xe3, 0x54, 0xc3, 0x54, 0xc3, 0x54,
    0xe3, 0x5c, 0xe3, 0x54, 0xe3, 0x5c, 0xe3, 0x5c, 0xc3, 0x54, 0xc3, 0x54,
    0xc3, 0x54, 0xa3, 0x4c, 0x84, 0x44, 0x84, 0x44, 0x64, 0x44, 0x83, 0x44,
    0x84, 0x44, 0x64, 0x3c, 0x63, 0x44, 0x64, 0x44, 0x63, 0x44, 0x64, 0x3c,
    0x05, 0x34, 0x24, 0x2c, 0x04, 0x34, 0x25, 0x34, 0x25, 0x34, 0x24, 0x34,
    0x24, 0x34, 0x45, 0x34, 0x44, 0x3c, 0x45, 0x3c, 0x44, 0x3c, 0x64, 0x3c,
    0x64, 0x3c, 0x65, 0x3c, 0x64, 0x3c, 0x64, 0x3c, 0x65, 0x3c, 0x45, 0x3c,
    0x64, 0x3c, 0x64, 0x3c, 0x65, 0x3c, 0x64, 0x3c, 0x64, 0x3c, 0x65, 0x3c,
    0x65, 0x3c, 0x64, 0x3c, 0x84, 0x3c, 0x64, 0x3c, 0x85, 0x3c, 0x64, 0x3c,
    0x45, 0x3c, 0x05, 0x34, 0x26, 0x34, 0x06, 0x34, 0x06, 0x34, 0x05, 0x34,
    0xe6, 0x3b, 0xe6, 0x4b, 0x06, 0x3c, 0x06, 0x34, 0x06, 0x34, 0x06, 0x34,
    0x26, 0x34, 0x26, 0x34, 0x06, 0x34, 0x06, 0x2c, 0x06, 0x2c, 0x06, 0x2c,
    0x07, 0x2c, 0x07, 0x34, 0x06, 0x2c, 0x07, 0x34, 0x07, 0x34, 0x07, 0x34,
    0x07, 0x34, 0x07, 0x2c, 0x07, 0x34, 0x07, 0x34, 0x07, 0x34, 0x28, 0x34,
    0x27, 0x34, 0x28, 0x34, 0x27, 0x34, 0x48, 0x34, 0x27, 0x34, 0x48, 0x34,
    0x48, 0x34, 0x27, 0x34, 0x48, 0x34, 0x48, 0x34, 0x47, 0x34, 0x48, 0x3c,
    0x87, 0x44, 0x88, 0x44, 0xa8, 0x44, 0x88, 0x44, 0xa8, 0x44, 0xa8, 0x44,
    0x88, 0x44, 0xa8, 0x44, 0xa9, 0x44, 0xc9, 0x44, 0xc9, 0x4c, 0xc9, 0x44,
    0xc9, 0x44, 0xc9, 0x44, 0xc9, 0x44, 0xc9, 0x44, 0xca, 0x44, 0xea, 0x44,
    0xca, 0x44, 0xea, 0x44, 0x2f, 0x45, 0x4f, 0x45, 0x30, 0x45, 0x50, 0x45,
    0x50, 0x45, 0x50, 0x4d, 0x50, 0x45, 0x50, 0x4d, 0x70, 0x4d, 0x70, 0x4d,
    0x50, 0x4d, 0x70, 0x4d, 0x70, 0x4d, 0x70, 0x4d, 0x6f, 0x4d, 0x70, 0x4d,
    0x70, 0x55, 0x6f, 0x4d, 0x6f, 0x4d, 0x70, 0x4d, 0x70, 0x4d, 0x6f, 0x4d,
    0x6f, 0x4d, 0x70, 0x4d, 0x70, 0x4d, 0x6f, 0x4d, 0x70, 0x4d, 0x70, 0x4d,
    0x6f, 0x4d, 0x6f, 0x4d, 0x6f, 0x4d, 0x6e, 0x4d, 0x2c, 0x45, 0x2c, 0x45,
    0x0c, 0x45, 0x2c, 0x45, 0x2c, 0x45, 0x0c, 0x45, 0x2c, 0x45, 0x0c, 0x45,
    0x0c, 0x45, 0x2d, 0x45, 0x0d, 0x3d, 0x0c, 0x3d, 0x0d, 0x3d, 0x0d, 0x3d,
    0x0d, 0x45, 0x0d, 0x3d, 0x0d, 0x3d, 0x0c, 0x3d, 0xec, 0x3c, 0xeb, 0x3c,
    0xeb, 0x3c, 0xca, 0x3c, 0xca, 0x3c, 0xca, 0x3c, 0xea, 0x3c, 0xea, 0x3c,
    0xcb, 0x3c, 0xcb, 0x3c, 0xcb, 0x34, 0xeb, 0x3c, 0xcb, 0x3c, 0xcb, 0x3c,
    0xcc, 0x34, 0xcc, 0x34, 0xcc, 0x3c, 0xcc, 0x34, 0xcc, 0x34, 0xcc, 0x34,
    0xcc, 0x34, 0xcd, 0x34, 0xe7, 0x54, 0xe7, 0x4c, 0xe7, 0x54, 0x07, 0x55,
    0xe7, 0x4c, 0xe7, 0x54, 0xe7, 0x4c, 0xe7, 0x4c, 0xe7, 0x4c, 0xc7, 0x4c,
    0xe7, 0x4c, 0xe7, 0x4c, 0xe7, 0x54, 0xe7, 0x54, 0xe7, 0x54, 0xc7, 0x54,
    0xe7, 0x54, 0xc7, 0x54, 0xe7, 0x54, 0xc7, 0x4c, 0xc6, 0x54, 0xc6, 0x4c,
    0xa6, 0x93, 0x46, 0xa3, 0x46, 0xab, 0x26, 0xab, 0x47, 0xab, 0x26, 0xa3,
    0x26, 0xa3, 0x26, 0xa3, 0x06, 0xa3, 0x06, 0xa3, 0x06, 0xa3, 0x06, 0xa3,
    0x06, 0xa3, 0xc6, 0x92, 0xa6, 0x92, 0xa5, 0x92, 0xc6, 0x8a, 0xa6, 0x92,
    0xc5, 0x92, 0xc6, 0x92, 0xa5, 0x8a, 0xc5, 0x8a, 0xa5, 0x8a, 0xa6, 0x8a,
    0x86, 0x82, 0xa6, 0x8a, 0x85, 0x82, 0x85, 0x82, 0x85, 0x82, 0xa6, 0x82,
    0x85, 0x82, 0x85, 0x82, 0x86, 0x82, 0x23, 0x64, 0xe3, 0x54, 0xe3, 0x54,
    0xc3, 0x54, 0xe3, 0x5c, 0xe3, 0x54, 0xc3, 0x54, 0xc3, 0x54, 0xe3, 0x54,
    0xc3, 0x54, 0xc3, 0x4c, 0x64, 0x44, 0x64, 0x44, 0x63, 0x44, 0x64, 0x3c,
    0x64, 0x3c, 0x64, 0x3c, 0x64, 0x3c, 0x64, 0x3c, 0x44, 0x3c, 0x64, 0x3c,
    0x05, 0x34, 0x05, 0x2c, 0x24, 0x34, 0x25, 0x34, 0x25, 0x34, 0x24, 0x34,
    0x45, 0x34, 0x25, 0x34, 0x25, 0x34, 0x25, 0x34, 0x25, 0x34, 0x25, 0x34,
    0x45, 0x3c, 0x64, 0x3c, 0x65, 0x3c, 0x45, 0x3c, 0x44, 0x34, 0x45, 0x3c,
    0x45, 0x34, 0x44, 0x3c, 0x64, 0x3c, 0x65, 0x3c, 0x45, 0x34, 0x45, 0x34,
    0x65, 0x3c, 0x65, 0x3c, 0x64, 0x3c, 0x65, 0x3c, 0x64, 0x3c, 0x85, 0x3c,
    0x65, 0x3c, 0x45, 0x34, 0x05, 0x34, 0x06, 0x34, 0x06, 0x34, 0xc6, 0x43,
    0xc5, 0x43, 0x06, 0x34, 0x06, 0x34, 0x06, 0x34, 0x26, 0x34, 0x26, 0x34,
    0x26, 0x34, 0x26, 0x34, 0xe6, 0x2b, 0xe6, 0x33, 0x07, 0x34, 0xe6, 0x2b,
    0xe6, 0x2b, 0x07, 0x2c, 0x07, 0x34, 0x06, 0x2c, 0x07, 0x34, 0x07, 0x2c,
    0x07, 0x2c, 0x07, 0x2c, 0x07, 0x2c, 0x07, 0x34, 0x07, 0x2c, 0x07, 0x34,
    0x27, 0x34, 0x27, 0x34, 0x27, 0x34, 0x27, 0x34, 0x27, 0x34, 0x28, 0x34,
    0x27, 0x34, 0x27, 0x34, 0x48, 0x34, 0x47, 0x34, 0x27, 0x34, 0x48, 0x34,
    0x68, 0x3c, 0xa8, 0x44, 0x87, 0x44, 0x88, 0x44, 0x88, 0x44, 0x88, 0x44,
    0x88, 0x44, 0xa8, 0x44, 0xa8, 0x44, 0xa9, 0x44, 0xa9, 0x44, 0xc9, 0x44,
    0xc9, 0x44, 0xa9, 0x44, 0xc9, 0x44, 0xc9, 0x44, 0xe9, 0x44, 0xc9, 0x44,
    0xc9, 0x44, 0xc9, 0x44, 0x27, 0x65, 0x47, 0x65, 0x46, 0x6d, 0x46, 0x6d,
    0x46, 0x6d, 0x66, 0x75, 0x66, 0x7d, 0x86, 0x7d, 0x85, 0x7d, 0x85, 0x85,
    0xa5, 0x95, 0xc5, 0x95, 0xc4, 0x9d, 0xc5, 0x9d, 0xe4, 0x9d, 0xe4, 0xa5,
    0xe4, 0xa5, 0xe4, 0xa5, 0xe5, 0xa5, 0xe4, 0xa5, 0xc4, 0x9d, 0xa5, 0x95,
    0x86, 0x85, 0x86, 0x7d, 0x86, 0x7d, 0x86, 0x7d, 0x67, 0x75, 0x47, 0x65,
    0x47, 0x65, 0x48, 0x5d, 0x48, 0x5d, 0x28, 0x55, 0x0a, 0x4d, 0x0b, 0x4d,
    0x0b, 0x45, 0x0b, 0x45, 0x0c, 0x45, 0x0b, 0x4d, 0x0b, 0x45, 0x2b, 0x45,
    0x0b, 0x45, 0x0c, 0x45, 0x0c, 0x45, 0x0c, 0x45, 0xec, 0x3c, 0x0c, 0x3d,
    0xec, 0x44, 0xeb, 0x3c, 0xeb, 0x3c, 0xeb, 0x3c, 0xeb, 0x3c, 0xcb, 0x3c,
    0xea, 0x3c, 0xea, 0x3c, 0xea, 0x3c, 0xea, 0x3c, 0xca, 0x3c, 0xca, 0x3c,
    0xca, 0x3c, 0xea, 0x3c, 0xcb, 0x3c, 0xcb, 0x3c, 0xcb, 0x34, 0xcb, 0x3c,
    0xcb, 0x3c, 0xcc, 0x34, 0xcc, 0x34, 0xcc, 0x34, 0xcd, 0x34, 0xcc, 0x34,
    0xcd, 0x34, 0xcd, 0x34, 0xea, 0x44, 0xe7, 0x4c, 0xe7, 0x4c, 0xe7, 0x4c,
    0xe7, 0x4c, 0xe7, 0x54, 0xe7, 0x54, 0xe7, 0x54, 0xe7, 0x4c, 0xc7, 0x4c,
    0xc7, 0x4c, 0xe7, 0x4c, 0xc7, 0x4c, 0xc6, 0x4c, 0xc7, 0x4c, 0xc7, 0x4c,
    0xc6, 0x4c, 0xc6, 0x4c, 0xc7, 0x4c, 0xc7, 0x4c, 0xa7, 0x4c, 0xa6, 0x54,
    0x26, 0xa3, 0x47, 0xab, 0x26, 0xa3, 0x46, 0xa3, 0x26, 0xa3, 0x26, 0xa3,
    0x26, 0xa3, 0x06, 0xa3, 0x06, 0xa3, 0x06, 0xa3, 0x06, 0xa3, 0x06, 0xa3,
    0xe6, 0x92, 0xa6, 0x8a, 0xa6, 0x92, 0xc5, 0x8a, 0xc6, 0x8a, 0xa6, 0x92,
    0xa6, 0x8a, 0xc6, 0x8a, 0xa6, 0x92, 0xa5, 0x8a, 0xa6, 0x8a, 0xa5, 0x8a,
    0xa5, 0x8a, 0x86, 0x8a, 0xa6, 0x8a, 0x86, 0x82, 0xa6, 0x8a, 0x85, 0x82,
    0x85, 0x82, 0x85, 0x82, 0x85, 0x82, 0xa5, 0x82, 0xa4, 0x54, 0xc3, 0x54,
    0xc3, 0x54, 0xc3, 0x54, 0xe3, 0x54, 0xc3, 0x54, 0xc3, 0x54, 0xa3, 0x54,
    0xc3, 0x54, 0xa3, 0x4c, 0x84, 0x4c, 0x64, 0x3c, 0x64, 0x3c, 0x44, 0x3c,
    0x64, 0x3c, 0x44, 0x3c, 0x44, 0x3c, 0x64, 0x3c, 0x44, 0x3c, 0x44, 0x34,
    0x05, 0x2c, 0x05, 0x34, 0x05, 0x2c, 0x24, 0x2c, 0x25, 0x34, 0x25, 0x34,
    0x25, 0x34, 0x25, 0x34, 0x24, 0x34, 0x25, 0x2c, 0x05, 0x2c, 0x05, 0x2c,
    0x25, 0x34, 0x45, 0x3c, 0x24, 0x34, 0x44, 0x34, 0x45, 0x3c, 0x44, 0x34,
    0x44, 0x34, 0x65, 0x3c, 0x45, 0x34, 0x25, 0x34, 0x05, 0x34, 0x25, 0x34,
    0x05, 0x2c, 0x45, 0x34, 0x65, 0x3c, 0x64, 0x3c, 0x65, 0x3c, 0x64, 0x3c,
    0x65, 0x3c, 0x65, 0x3c, 0x45, 0x3c, 0x25, 0x3c, 0x05, 0x3c, 0xe5, 0x43,
    0x06, 0x34, 0x06, 0x34, 0x06, 0x34, 0x25, 0x34, 0x45, 0x3c, 0x45, 0x34,
    0x26, 0x34, 0x06, 0x34, 0xe6, 0x2b, 0xe6, 0x2b, 0x06, 0x2c, 0xe6, 0x2b,
    0x26, 0x34, 0x06, 0x2c, 0xe6, 0x2b, 0x07, 0x2c, 0x07, 0x2c, 0xe7, 0x2b,
    0xe7, 0x2b, 0xe7, 0x2b, 0xe7, 0x2b, 0x07, 0x2c, 0x07, 0x2c, 0x07, 0x34,
    0x07, 0x2c, 0x07, 0x34, 0x28, 0x34, 0x27, 0x34, 0x28, 0x34, 0x28, 0x34,
    0x27, 0x34, 0x27, 0x34, 0x27, 0x34, 0x28, 0x34, 0x47, 0x34, 0x27, 0x34,
    0x28, 0x34, 0xa8, 0x44, 0x88, 0x44, 0x88, 0x44, 0x88, 0x3c, 0x88, 0x3c,
    0x88, 0x44, 0xa8, 0x44, 0x88, 0x44, 0x88, 0x44, 0xc8, 0x44, 0xa8, 0x44,
    0xc9, 0x44, 0xc9, 0x44, 0xa9, 0x44, 0xa9, 0x44, 0xc9, 0x44, 0xc9, 0x44,
    0xc9, 0x44, 0xc9, 0x44, 0xe7, 0x54, 0xe8, 0x54, 0x07, 0x55, 0x27, 0x5d,
    0x26, 0x65, 0x66, 0x75, 0x85, 0x7d, 0x86, 0x7d, 0x85, 0x85, 0xa5, 0x8d,
    0xa5, 0x8d, 0xc5, 0x8d, 0xc4, 0x95, 0xc4, 0x9d, 0xc5, 0x9d, 0xc4, 0x9d,
    0xe5, 0x9d, 0xe5, 0x9d, 0xc5, 0x9d, 0xc5, 0x95, 0xc5, 0x95, 0xc5, 0x8d,
    0xa5, 0x85, 0x86, 0x85, 0x86, 0x7d, 0x86, 0x75, 0x66, 0x6d, 0x67, 0x6d,
    0x67, 0x6d, 0x47, 0x65, 0x47, 0x65, 0x48, 0x65, 0x48, 0x5d, 0x29, 0x55,
    0x29, 0x55, 0x29, 0x55, 0x29, 0x55, 0x29, 0x55, 0x29, 0x55, 0x29, 0x55,
    0x29, 0x55, 0x2a, 0x4d, 0x09, 0x4d, 0x09, 0x4d, 0x09, 0x4d, 0x0a, 0x45,
    0x0a, 0x45, 0xea, 0x44, 0x0a, 0x45, 0x0a, 0x45, 0xea, 0x44, 0xe9, 0x44,
    0xe9, 0x44, 0xe9, 0x3c, 0xe9, 0x44, 0xe9, 0x44, 0xc9, 0x3c, 0xe9, 0x3c,
    0xca, 0x3c, 0xca, 0x3c, 0xea, 0x3c, 0xca, 0x3c, 0xca, 0x3c, 0xea, 0x3c,
    0xcb, 0x3c, 0xcb, 0x3c, 0xec, 0x3c, 0xcc, 0x34, 0xcc, 0x34, 0xcc, 0x34,
    0xcc, 0x34, 0xcc, 0x3c, 0xca, 0x3c, 0xe8, 0x4c, 0xe7, 0x4c, 0xe7, 0x4c,
    0xc7, 0x4c, 0xc6, 0x4c, 0xc6, 0x4c, 0xe7, 0x54, 0xc7, 0x4c, 0xc7, 0x4c,
    0xc7, 0x4c, 0xc7, 0x4c, 0xc7, 0x4c, 0xc7, 0x4c, 0xc7, 0x4c, 0xc7, 0x4c,
    0xc7, 0x4c, 0xc7, 0x4c, 0xc6, 0x4c, 0xa7, 0x4c, 0xa6, 0x4c, 0x66, 0x64,
    0x27, 0xab, 0x46, 0xa3, 0x26, 0xab, 0x27, 0xa3, 0x26, 0xab, 0x26, 0xa3,
    0x06, 0xa3, 0x26, 0xa3, 0x06, 0xa3, 0x06, 0xa3, 0x26, 0xa3, 0x06, 0xa3,
    0xc6, 0x92, 0xa6, 0x8a, 0xc5, 0x92, 0xc6, 0x8a, 0xa5, 0x92, 0xa5, 0x8a,
    0xc5, 0x8a, 0xa6, 0x8a, 0xa5, 0x8a, 0xa6, 0x8a, 0xa6, 0x8a, 0xa6, 0x8a,
    0xa5, 0x8a, 0xa5, 0x82, 0xa5, 0x82, 0x85, 0x82, 0x85, 0x82, 0xa6, 0x8a,
    0xa6, 0x8a, 0xa6, 0x82, 0x85, 0x82, 0xa6, 0x82, 0xc5, 0x7a, 0xa3, 0x54,
    0xc3, 0x54, 0xc3, 0x54, 0xc3, 0x54, 0xc3, 0x54, 0xc4, 0x54, 0xc3, 0x4c,
    0xa3, 0x4c, 0xa4, 0x4c, 0x83, 0x44, 0x64, 0x3c, 0x64, 0x3c, 0x64, 0x3c,
    0x44, 0x3c, 0x44, 0x3c, 0x44, 0x34, 0x24, 0x34, 0x24, 0x34, 0x24, 0x34,
    0xe5, 0x2b, 0x05, 0x2c, 0x05, 0x34, 0x24, 0x34, 0x24, 0x34, 0x04, 0x2c,
    0x25, 0x34, 0x25, 0x34, 0x05, 0x2c, 0x05, 0x2c, 0x05, 0x2c, 0x05, 0x2c,
    0x05, 0x34, 0x45, 0x34, 0x45, 0x34, 0x44, 0x34, 0x45, 0x3c, 0x45, 0x3c,
    0x45, 0x34, 0x44, 0x3c, 0x25, 0x34, 0x05, 0x2c, 0x25, 0x2c, 0x05, 0x2c,
    0x05, 0x34, 0x25, 0x34, 0x45, 0x34, 0x45, 0x3c, 0x65, 0x3c, 0x64, 0x3c,
    0x65, 0x3c, 0x64, 0x3c, 0x65, 0x3c, 0x45, 0x3c, 0x45, 0x3c, 0x45, 0x34,
    0x45, 0x3c, 0x45, 0x3c, 0x65, 0x34, 0x65, 0x3c, 0x65, 0x3c, 0x65, 0x3c,
    0x46, 0x34, 0x06, 0x2c, 0xe6, 0x33, 0xe6, 0x2b, 0xe6, 0x2b, 0x06, 0x34,
    0x26, 0x34, 0x06, 0x34, 0xe7, 0x2b, 0xe6, 0x2b, 0xe6, 0x2b, 0xe6, 0x2b,
    0xe6, 0x2b, 0xe6, 0x2b, 0xe7, 0x2b, 0xe7, 0x2b, 0xe7, 0x2b, 0x07, 0x2c,
    0x07, 0x2c, 0x07, 0x2c, 0x07, 0x2c, 0x27, 0x34, 0x27, 0x34, 0x27, 0x34,
    0x07, 0x34, 0x27, 0x34, 0x28, 0x34, 0x27, 0x34, 0x27, 0x34, 0x28, 0x34,
    0x27, 0x34, 0x87, 0x44, 0x87, 0x3c, 0x88, 0x3c, 0x88, 0x3c, 0x67, 0x3c,
    0x68, 0x3c, 0x88, 0x44, 0x88, 0x44, 0xa8, 0x44, 0xc8, 0x44, 0xc8, 0x4c,
    0xc8, 0x44, 0xc8, 0x4c, 0xc8, 0x4c, 0xe8, 0x4c, 0xc8, 0x4c, 0xe8, 0x4c,
    0xe7, 0x4c, 0xe8, 0x4c, 0xe7, 0x54, 0xe7, 0x54, 0x07, 0x55, 0x07, 0x55,
    0x07, 0x5d, 0x26, 0x65, 0x26, 0x65, 0x46, 0x65, 0x46, 0x6d, 0x66, 0x75,
    0x66, 0x75, 0x65, 0x7d, 0x85, 0x7d, 0x85, 0x85, 0x85, 0x85, 0xa5, 0x85,
    0xa5, 0x8d, 0xa5, 0x8d, 0xa5, 0x95, 0xc5, 0x95, 0xa5, 0x8d, 0xa5, 0x8d,
    0xc5, 0x8d, 0xa5, 0x95, 0xc5, 0x95, 0xc5, 0x95, 0xc5, 0x95, 0xc5, 0x95,
    0xc5, 0x95, 0xc5, 0x8d, 0xa5, 0x8d, 0xa5, 0x8d, 0xa5, 0x8d, 0xa5, 0x8d,
    0xa4, 0x8d, 0xa5, 0x8d, 0xa5, 0x85, 0xa5, 0x85, 0xa5, 0x85, 0x85, 0x7d,
    0x86, 0x7d, 0x86, 0x75, 0x86, 0x75, 0x86, 0x75, 0x86, 0x75, 0x86, 0x7d,
    0x66, 0x75, 0x66, 0x6d, 0x66, 0x6d, 0x46, 0x6d, 0x46, 0x6d, 0x66, 0x65,
    0x46, 0x65, 0x46, 0x65, 0x47, 0x65, 0x27, 0x5d, 0x27, 0x5d, 0x27, 0x5d,
    0x27, 0x55, 0x07, 0x55, 0x07, 0x55, 0x27, 0x55, 0x07, 0x55, 0x07, 0x55,
    0x07, 0x4d, 0x08, 0x4d, 0xe8, 0x4c, 0xe8, 0x4c, 0xe9, 0x44, 0xe8, 0x4c,
    0xe9, 0x4c, 0xe8, 0x4c, 0xe7, 0x4c, 0xe7, 0x4c, 0xe7, 0x4c, 0xc7, 0x4c,
    0xc7, 0x4c, 0xc7, 0x4c, 0xe7, 0x4c, 0xc7, 0x4c, 0xc7, 0x4c, 0xc7, 0x4c,
    0xc7, 0x4c, 0xc6, 0x4c, 0xc7, 0x4c, 0xc7, 0x4c, 0xc6, 0x4c, 0xc7, 0x4c,
    0xc6, 0x4c, 0xa7, 0x54, 0xc7, 0x4c, 0xa6, 0x4c, 0x66, 0x5c, 0x86, 0x8b,
    0x26, 0xa3, 0x26, 0xa3, 0x26, 0xa3, 0x26, 0xa3, 0x26, 0xa3, 0x06, 0xa3,
    0x26, 0xa3, 0x06, 0xa3, 0x06, 0xa3, 0x06, 0xa3, 0x06, 0x9b, 0x06, 0x9b,
    0xa6, 0x8a, 0xc5, 0x8a, 0xa6, 0x8a, 0xa6, 0x92, 0xa5, 0x8a, 0xa6, 0x92,
    0xc6, 0x92, 0xa5, 0x8a, 0xa5, 0x8a, 0xa5, 0x8a, 0xa6, 0x8a, 0xa5, 0x8a,
    0xa6, 0x82, 0x86, 0x8a, 0xa5, 0x8a, 0x86, 0x82, 0xa5, 0x82, 0x85, 0x82,
    0x86, 0x82, 0x86, 0x8a, 0xa5, 0x82, 0xe5, 0x7a, 0xe5, 0x72, 0xe5, 0x7a,
    0x83, 0x54, 0xa4, 0x4c, 0x83, 0x44, 0xa4, 0x4c, 0x83, 0x44, 0xa3, 0x4c,
    0xa4, 0x4c, 0xa3, 0x4c, 0x83, 0x44, 0x44, 0x3c, 0x44, 0x3c, 0x44, 0x3c,
    0x44, 0x3c, 0x44, 0x34, 0x44, 0x34, 0x44, 0x34, 0x24, 0x34, 0x24, 0x34,
    0xe5, 0x2b, 0xe5, 0x2b, 0x05, 0x2c, 0x05, 0x2c, 0x25, 0x34, 0x05, 0x2c,
    0x05, 0x2c, 0xe5, 0x2b, 0xe5, 0x2b, 0x05, 0x2c, 0x05, 0x2c, 0x05, 0x34,
    0x05, 0x34, 0x25, 0x34, 0x25, 0x34, 0x24, 0x34, 0x45, 0x34, 0x44, 0x34,
    0x45, 0x34, 0x25, 0x34, 0x05, 0x2c, 0x05, 0x2c, 0x05, 0x2c, 0x25, 0x34,
    0x05, 0x2c, 0x25, 0x34, 0x05, 0x34, 0x25, 0x34, 0x45, 0x34, 0x45, 0x34,
    0x64, 0x3c, 0x64, 0x3c, 0x64, 0x3c, 0x65, 0x3c, 0x64, 0x3c, 0x45, 0x3c,
    0x65, 0x3c, 0x84, 0x3c, 0x84, 0x3c, 0x65, 0x3c, 0x65, 0x3c, 0x65, 0x3c,
    0x45, 0x34, 0x25, 0x34, 0x26, 0x34, 0x26, 0x34, 0x26, 0x34, 0x46, 0x34,
    0x26, 0x34, 0x26, 0x2c, 0x06, 0x2c, 0x06, 0x34, 0x26, 0x34, 0x26, 0x34,
    0x06, 0x2c, 0x06, 0x34, 0x46, 0x34, 0x46, 0x34, 0x46, 0x34, 0x27, 0x34,
    0x07, 0x34, 0x07, 0x2c, 0x07, 0x2c, 0x27, 0x2c, 0x27, 0x34, 0x27, 0x2c,
    0x27, 0x2c, 0x27, 0x34, 0x28, 0x34, 0x27, 0x2c, 0x27, 0x34, 0x28, 0x34,
    0x67, 0x34, 0x67, 0x3c, 0x88, 0x3c, 0x87, 0x3c, 0x67, 0x3c, 0x67, 0x3c,
    0x87, 0x3c, 0xa7, 0x44, 0xc7, 0x4c, 0xc6, 0x4c, 0xc6, 0x54, 0xc6, 0x54,
    0xe6, 0x54, 0xe6, 0x54, 0xe6, 0x54, 0xe6, 0x54, 0xe6, 0x5c, 0xe6, 0x5c,
    0x06, 0x5d, 0x26, 0x5d, 0x26, 0x65, 0x26, 0x65, 0x46, 0x65, 0x46, 0x6d,
    0x46, 0x6d, 0x46, 0x6d, 0x46, 0x6d, 0x46, 0x6d, 0x46, 0x6d, 0x46, 0x65,
    0x46, 0x65, 0x46, 0x65, 0x46, 0x65, 0x46, 0x65, 0x46, 0x65, 0x46, 0x65,
    0x46, 0x65, 0x45, 0x6d, 0x66, 0x75, 0x85, 0x75, 0x85, 0x7d, 0x85, 0x85,
    0xa5, 0x8d, 0xc5, 0x8d, 0xc4, 0x95, 0xc4, 0x95, 0xc5, 0x95, 0xa4, 0x95,
    0xc4, 0x9d, 0xc5, 0x9d, 0xc4, 0x9d, 0xe4, 0x9d, 0xc4, 0x9d, 0xe4, 0x9d,
    0xc4, 0x9d, 0xc4, 0x9d, 0xc4, 0x95, 0xc4, 0x95, 0xc5, 0x95, 0xc5, 0x8d,
    0xc4, 0x95, 0xc4, 0x8d, 0xc4, 0x8d, 0xc5, 0x8d, 0xa5, 0x8d, 0xa5, 0x8d,
    0xa5, 0x8d, 0xa5, 0x85, 0x85, 0x7d, 0xa5, 0x7d, 0x85, 0x7d, 0x85, 0x7d,
    0x85, 0x7d, 0x85, 0x75, 0x65, 0x75, 0x65, 0x75, 0x65, 0x75, 0x65, 0x6d,
    0x65, 0x6d, 0x66, 0x6d, 0x66, 0x65, 0x46, 0x65, 0x46, 0x65, 0x46, 0x65,
    0x46, 0x65, 0x45, 0x5d, 0x26, 0x5d, 0x26, 0x5d, 0x26, 0x5d, 0x26, 0x5d,
    0x26, 0x55, 0x26, 0x55, 0x06, 0x55, 0x06, 0x55, 0xe6, 0x4c, 0xe7, 0x4c,
    0xe6, 0x4c, 0xe6, 0x4c, 0xc7, 0x44, 0xc7, 0x4c, 0xc6, 0x4c, 0xc7, 0x4c,
    0xc7, 0x4c, 0xc6, 0x4c, 0xc7, 0x4c, 0xc7, 0x4c, 0xc7, 0x4c, 0xc7, 0x4c,
    0xa7, 0x54, 0x26, 0x6c, 0xa6, 0x8b, 0x46, 0xa3, 0x26, 0xa3, 0x26, 0xa3,
    0x26, 0xa3, 0x26, 0xa3, 0x26, 0xa3, 0x26, 0xa3, 0x06, 0xa3, 0x06, 0xa3,
    0x06, 0xa3, 0x06, 0xa3, 0x06, 0x9b, 0x06, 0xa3, 0x06, 0xa3, 0xc6, 0x92,
    0xc6, 0x8a, 0xc5, 0x92, 0xa5, 0x8a, 0xa6, 0x8a, 0xc6, 0x8a, 0xa5, 0x8a,
    0xa6, 0x92, 0xa6, 0x8a, 0xc6, 0x8a, 0xa5, 0x8a, 0xa6, 0x8a, 0xa5, 0x8a,
    0x85, 0x82, 0x85, 0x82, 0x86, 0x8a, 0xa6, 0x82, 0x85, 0x82, 0x86, 0x82,
    0x05, 0x7b, 0x03, 0x54, 0x83, 0x44, 0xa3, 0x3c, 0xa4, 0x3c, 0x63, 0x44,
    0x24, 0x54, 0x84, 0x4c, 0x84, 0x44, 0x84, 0x44, 0x84, 0x44, 0x84, 0x44,
    0x64, 0x44, 0x83, 0x44, 0x84, 0x4c, 0x64, 0x3c, 0x44, 0x3c, 0x44, 0x3c,
    0x44, 0x34, 0x44, 0x34, 0x24, 0x34, 0x24, 0x34, 0x24, 0x34, 0x04, 0x34,
    0xe5, 0x2b, 0xe5, 0x2b, 0x05, 0x2c, 0x05, 0x34, 0x05, 0x34, 0x05, 0x2c,
    0xe5, 0x2b, 0xe5, 0x2b, 0x05, 0x2c, 0x05, 0x2c, 0xe5, 0x2b, 0x05, 0x2c,
    0x05, 0x34, 0x24, 0x34, 0x25, 0x34, 0x25, 0x34, 0x45, 0x34, 0x24, 0x34,
    0x25, 0x34, 0x05, 0x2c, 0x05, 0x2c, 0x05, 0x2c, 0x05, 0x2c, 0x05, 0x2c,
    0x05, 0x2c, 0x25, 0x2c, 0x25, 0x34, 0x25, 0x2c, 0x25, 0x34, 0x45, 0x34,
    0x45, 0x3c, 0x65, 0x3c, 0x65, 0x3c, 0x64, 0x3c, 0x64, 0x3c, 0x65, 0x3c,
    0x64, 0x3c, 0x84, 0x3c, 0x84, 0x44, 0x64, 0x3c, 0x85, 0x44, 0x85, 0x3c,
    0x64, 0x3c, 0x65, 0x3c, 0x65, 0x3c, 0x65, 0x3c, 0x85, 0x3c, 0x85, 0x3c,
    0x45, 0x34, 0x45, 0x34, 0x46, 0x34, 0x65, 0x3c, 0x66, 0x34, 0x46, 0x34,
    0x66, 0x34, 0x86, 0x3c, 0x86, 0x3c, 0x86, 0x3c, 0x86, 0x3c, 0x66, 0x3c,
    0x66, 0x34, 0x27, 0x34, 0x27, 0x34, 0x47, 0x34, 0x67, 0x34, 0x67, 0x34,
    0x67, 0x34, 0x47, 0x34, 0x27, 0x2c, 0x27, 0x34, 0x47, 0x34, 0x67, 0x34,
    0x87, 0x3c, 0x87, 0x3c, 0x87, 0x3c, 0x87, 0x3c, 0x87, 0x3c, 0x87, 0x3c,
    0xa7, 0x3c, 0xc6, 0x4c, 0xe6, 0x54, 0x06, 0x5d, 0x06, 0x5d, 0x06, 0x65,
    0x25, 0x65, 0x25, 0x65, 0x26, 0x6d, 0x45, 0x65, 0x45, 0x65, 0x25, 0x6d,
    0x45, 0x6d, 0x45, 0x6d, 0x45, 0x75, 0x65, 0x75, 0x45, 0x75, 0x65, 0x75,
    0x64, 0x75, 0x85, 0x7d, 0x85, 0x7d, 0x85, 0x75, 0x85, 0x7d, 0x85, 0x7d,
    0x85, 0x7d, 0x85, 0x7d, 0x85, 0x7d, 0x85, 0x7d, 0x85, 0x7d, 0x85, 0x7d,
    0x85, 0x7d, 0x85, 0x7d, 0xa5, 0x7d, 0x85, 0x7d, 0xa5, 0x7d, 0x85, 0x7d,
    0x85, 0x7d, 0x85, 0x75, 0x85, 0x75, 0x85, 0x7d, 0xa4, 0x85, 0xc4, 0x95,
    0xc4, 0x9d, 0xe4, 0x9d, 0xe4, 0xa5, 0xe4, 0xa5, 0xe4, 0xad, 0xe4, 0xa5,
    0xe4, 0xa5, 0xe4, 0xa5, 0xe4, 0xa5, 0xe4, 0xa5, 0xc4, 0xa5, 0xe4, 0x9d,
    0xc4, 0x9d, 0xc4, 0x9d, 0xc4, 0x9d, 0xc4, 0x9d, 0xc4, 0x9d, 0xc4, 0x95,
    0xc4, 0x95, 0xa4, 0x8d, 0xa4, 0x85, 0xa4, 0x85, 0xa5, 0x85, 0x85, 0x7d,
    0x85, 0x7d, 0x85, 0x7d, 0x84, 0x7d, 0x85, 0x7d, 0x85, 0x7d, 0x85, 0x7d,
    0x85, 0x7d, 0x85, 0x75, 0x65, 0x75, 0x65, 0x75, 0x65, 0x6d, 0x65, 0x6d,
    0x65, 0x6d, 0x65, 0x6d, 0x65, 0x65, 0x45, 0x65, 0x45, 0x5d, 0x45, 0x5d,
    0x25, 0x5d, 0x25, 0x5d, 0x25, 0x55, 0x06, 0x55, 0x06, 0x55, 0xe6, 0x4c,
    0xe6, 0x4c, 0xe6, 0x4c, 0xe6, 0x4c, 0xc6, 0x4c, 0xc6, 0x4c, 0xc6, 0x4c,
    0xe6, 0x4c, 0xe6, 0x4c, 0xc6, 0x4c, 0xc6, 0x4c, 0xc6, 0x4c, 0x26, 0x7c,
    0x46, 0xa3, 0x46, 0xab, 0x46, 0xa3, 0x27, 0xa3, 0x26, 0xa3, 0x27, 0xa3,
    0x26, 0xa3, 0x27, 0xa3, 0x06, 0xa3, 0x27, 0xa3, 0x06, 0xa3, 0x06, 0xa3,
    0x06, 0x9b, 0x06, 0x9b, 0x06, 0x9b, 0x06, 0xa3, 0x06, 0x9b, 0xc6, 0x92,
    0xc5, 0x8a, 0xc6, 0x8a, 0xc5, 0x8a, 0xc6, 0x92, 0xa5, 0x8a, 0xa6, 0x8a,
    0xa5, 0x8a, 0xa6, 0x8a, 0xc5, 0x8a, 0xc6, 0x8a, 0xa6, 0x8a, 0x85, 0x8a,
    0xa5, 0x82, 0x86, 0x82, 0x85, 0x82, 0x85, 0x82, 0xa5, 0x82, 0xc4, 0x5b,
    0x84, 0x44, 0x84, 0x44, 0x64, 0x3c, 0x64, 0x3c, 0x84, 0x44, 0x64, 0x44,
    0x64, 0x3c, 0x63, 0x44, 0x63, 0x44, 0x83, 0x44, 0x64, 0x44, 0x64, 0x44,
    0x64, 0x44, 0x64, 0x3c, 0x64, 0x44, 0x63, 0x44, 0x64, 0x3c, 0x44, 0x3c,
    0x44, 0x34, 0x24, 0x34, 0x24, 0x34, 0x25, 0x34, 0x04, 0x34, 0x04, 0x34,
    0xc5, 0x2b, 0xe5, 0x2b, 0xe5, 0x2b, 0x05, 0x2c, 0x04, 0x2c, 0xe5, 0x2b,
    0xe5, 0x2b, 0xe5, 0x2b, 0x05, 0x2c, 0x05, 0x2c, 0x05, 0x2c, 0x05, 0x2c,
    0x25, 0x34, 0x25, 0x34, 0x25, 0x2c, 0x05, 0x34, 0x25, 0x34, 0x25, 0x34,
    0x05, 0x2c, 0x05, 0x2c, 0x05, 0x2c, 0x05, 0x34, 0x05, 0x2c, 0x05, 0x2c,
    0x06, 0x34, 0x05, 0x2c, 0x25, 0x2c, 0x25, 0x34, 0x25, 0x2c, 0x25, 0x34,
    0x25, 0x34, 0x45, 0x34, 0x65, 0x3c, 0x64, 0x3c, 0x84, 0x3c, 0x84, 0x44,
    0x85, 0x44, 0x85, 0x44, 0x84, 0x44, 0x84, 0x44, 0x84, 0x44, 0x84, 0x44,
    0x85, 0x3c, 0x85, 0x3c, 0x85, 0x3c, 0x85, 0x3c, 0x85, 0x3c, 0x85, 0x3c,
    0x85, 0x3c, 0x85, 0x44, 0x85, 0x3c, 0x85, 0x3c, 0x85, 0x3c, 0x85, 0x3c,
    0x85, 0x3c, 0x85, 0x3c, 0x85, 0x3c, 0xa5, 0x3c, 0x86, 0x3c, 0x85, 0x3c,
    0x86, 0x3c, 0x86, 0x34, 0x66, 0x34, 0x86, 0x3c, 0x86, 0x3c, 0x86, 0x3c,
    0x86, 0x3c, 0x86, 0x34, 0x47, 0x34, 0x67, 0x34, 0x67, 0x34, 0x87, 0x3c,
    0x86, 0x3c, 0xa7, 0x3c, 0xa7, 0x3c, 0xa6, 0x3c, 0xa7, 0x3c, 0xa6, 0x3c,
    0xa6, 0x3c, 0xc6, 0x44, 0xc6, 0x4c, 0xe6, 0x54, 0x05, 0x5d, 0x25, 0x5d,
    0x25, 0x65, 0x45, 0x65, 0x45, 0x6d, 0x65, 0x75, 0x45, 0x75, 0x65, 0x75,
    0x65, 0x75, 0x65, 0x75, 0x65, 0x75, 0x85, 0x75, 0x84, 0x7d, 0x84, 0x7d,
    0x84, 0x7d, 0x84, 0x7d, 0x84, 0x7d, 0x84, 0x7d, 0x84, 0x7d, 0x84, 0x7d,
    0xa4, 0x7d, 0xa4, 0x7d, 0xa5, 0x85, 0xa4, 0x85, 0xa4, 0x85, 0xa4, 0x85,
    0xa4, 0x8d, 0xc4, 0x8d, 0xc4, 0x8d, 0xc4, 0x8d, 0xc4, 0x8d, 0xc4, 0x8d,
    0xc4, 0x8d, 0xc4, 0x85, 0xc4, 0x85, 0xa5, 0x85, 0xa4, 0x85, 0xc4, 0x85,
    0xc4, 0x85, 0xc4, 0x8d, 0xc4, 0x95, 0xc4, 0x95, 0xe4, 0x9d, 0xe4, 0xa5,
    0xe4, 0xa5, 0xe4, 0xa5, 0xe4, 0xa5, 0xe4, 0xa5, 0xe4, 0xa5, 0xe4, 0xa5,
    0xe4, 0xa5, 0xe4, 0xa5, 0xe4, 0xa5, 0xe4, 0xa5, 0xc4, 0x9d, 0xe4, 0x9d,
    0xe4, 0x9d, 0xc4, 0x9d, 0xc4, 0x9d, 0xc4, 0x9d, 0xc4, 0x95, 0xc4, 0x8d,
    0xa4, 0x8d, 0xa4, 0x8d, 0xa4, 0x85, 0x84, 0x7d, 0xa4, 0x7d, 0x84, 0x7d,
    0xa4, 0x85, 0x84, 0x7d, 0x84, 0x7d, 0x84, 0x75, 0x64, 0x6d, 0x64, 0x65,
    0x65, 0x65, 0x45, 0x65, 0x44, 0x65, 0x65, 0x65, 0x45, 0x65, 0x45, 0x5d,
    0x25, 0x5d, 0x25, 0x5d, 0x25, 0x55, 0x25, 0x5d, 0x25, 0x5d, 0x25, 0x55,
    0x06, 0x55, 0x06, 0x55, 0x06, 0x55, 0xe6, 0x4c, 0xe6, 0x4c, 0x06, 0x4d,
    0xe6, 0x4c, 0xe6, 0x4c, 0xe6, 0x4c, 0xc6, 0x44, 0x26, 0x7c, 0x86, 0xa3,
    0x46, 0xa3, 0x47, 0xa3, 0x26, 0xa3, 0x26, 0xa3, 0x26, 0xa3, 0x26, 0xa3,
    0x26, 0xa3, 0x06, 0xa3, 0x06, 0xa3, 0x06, 0xa3, 0x46, 0x9b, 0xc5, 0x73,
    0x26, 0x93, 0x06, 0xa3, 0xe6, 0xa2, 0xe6, 0x9a, 0xe6, 0x9a, 0xe5, 0x82,
    0x64, 0x6b, 0x64, 0x73, 0xc6, 0x8a, 0xc6, 0x8a, 0xc5, 0x8a, 0xc6, 0x8a,
    0x05, 0x83, 0x04, 0x54, 0xe4, 0x53, 0x45, 0x73, 0xa5, 0x8a, 0xa5, 0x8a,
    0xa6, 0x82, 0x85, 0x82, 0x85, 0x82, 0x05, 0x7b, 0x63, 0x4c, 0x84, 0x44,
    0x84, 0x44, 0x64, 0x44, 0x64, 0x3c, 0x83, 0x3c, 0x64, 0x44, 0x84, 0x3c,
    0x64, 0x3c, 0x64, 0x44, 0x64, 0x44, 0x83, 0x44, 0x84, 0x44, 0x63, 0x3c,
    0x63, 0x44, 0x64, 0x3c, 0x64, 0x3c, 0x63, 0x3c, 0x64, 0x3c, 0x44, 0x3c,
    0x24, 0x34, 0x24, 0x34, 0x05, 0x34, 0x05, 0x34, 0x04, 0x2c, 0x05, 0x34,
    0xc5, 0x2b, 0xc5, 0x2b, 0xe5, 0x2b, 0xe5, 0x2b, 0xe5, 0x2b, 0xe5, 0x2b,
    0xe5, 0x2b, 0xe5, 0x2b, 0xe5, 0x2b, 0xe5, 0x2b, 0x05, 0x2c, 0x05, 0x2c,
    0x05, 0x2c, 0x05, 0x2c, 0x05, 0x2c, 0x25, 0x34, 0x05, 0x34, 0x05, 0x2c,
    0x05, 0x2c, 0x05, 0x2c, 0x05, 0x2c, 0x06, 0x2c, 0x05, 0x2c, 0x05, 0x34,
    0x06, 0x2c, 0x05, 0x34, 0x25, 0x34, 0x25, 0x34, 0x25, 0x34, 0x25, 0x2c,
    0x25, 0x34, 0x25, 0x34, 0x45, 0x34, 0x64, 0x3c, 0x84, 0x44, 0x84, 0x44,
    0x84, 0x44, 0x84, 0x44, 0x84, 0x44, 0x85, 0x3c, 0x85, 0x44, 0x84, 0x44,
    0x84, 0x44, 0x84, 0x44, 0x85, 0x44, 0x84, 0x44, 0x85, 0x44, 0x85, 0x44,
    0xa5, 0x44, 0x85, 0x44, 0xa5, 0x3c, 0xa5, 0x44, 0xa5, 0x44, 0xa5, 0x44,
    0xa5, 0x44, 0xa5, 0x3c, 0x86, 0x3c, 0xa5, 0x3c, 0x85, 0x3c, 0xa6, 0x3c,
    0xa5, 0x3c, 0x86, 0x3c, 0x86, 0x3c, 0x85, 0x3c, 0x86, 0x3c, 0x86, 0x3c,
    0x86, 0x3c, 0x86, 0x3c, 0x86, 0x34, 0x86, 0x34, 0xa6, 0x3c, 0xa6, 0x3c,
    0xa6, 0x3c, 0xa6, 0x3c, 0xa6, 0x3c, 0xa6, 0x3c, 0xc6, 0x3c, 0xa6, 0x44,
    0xa6, 0x3c, 0xa6, 0x3c, 0xc6, 0x44, 0xa6, 0x3c, 0xa6, 0x44, 0xe6, 0x4c,
    0x05, 0x5d, 0x25, 0x65, 0x25, 0x65, 0x45, 0x6d, 0x64, 0x6d, 0x64, 0x75,
    0x64, 0x75, 0x64, 0x75, 0x84, 0x7d, 0x84, 0x7d, 0x84, 0x7d, 0x84, 0x7d,
    0x84, 0x7d, 0x84, 0x7d, 0xa4, 0x7d, 0xa4, 0x7d, 0xa4, 0x85, 0xa4, 0x7d,
    0xa4, 0x85, 0xa4, 0x85, 0xa4, 0x85, 0xc4, 0x85, 0xc4, 0x8d, 0xc4, 0x8d,
    0xc4, 0x95, 0xc4, 0x95, 0xc4, 0x95, 0xc4, 0x9d, 0xc4, 0x95, 0xc4, 0x95,
    0xc4, 0x95, 0xc4, 0x9d, 0xc4, 0x95, 0xc4, 0x8d, 0xc4, 0x8d, 0xc4, 0x8d,
    0xc4, 0x8d, 0xc4, 0x8d, 0xc4, 0x8d, 0xc3, 0x95, 0xc4, 0x8d, 0xc3, 0x95,
    0xc4, 0x95, 0xe4, 0x9d, 0xe3, 0xad, 0xe4, 0xad, 0xe4, 0xad, 0xe3, 0xad,
    0xe4, 0xad, 0xe3, 0xad, 0xe3, 0xad, 0xe4, 0xa5, 0xe3, 0xa5, 0xe3, 0xa5,
    0xe3, 0xa5, 0xe4, 0xa5, 0xc4, 0x9d, 0xc3, 0x9d, 0xc4, 0x95, 0xc3, 0x95,
    0xc4, 0x8d, 0xc4, 0x8d, 0xc4, 0x8d, 0xc4, 0x8d, 0xa4, 0x8d, 0xa4, 0x8d,
    0xa4, 0x85, 0xa4, 0x7d, 0x84, 0x7d, 0x84, 0x6d, 0x84, 0x6d, 0x64, 0x6d,
    0x84, 0x6d, 0x64, 0x75, 0x64, 0x6d, 0x65, 0x65, 0x45, 0x65, 0x45, 0x65,
    0x45, 0x5d, 0x45, 0x65, 0x45, 0x65, 0x45, 0x65, 0x25, 0x5d, 0x25, 0x5d,
    0x25, 0x5d, 0x25, 0x5d, 0x05, 0x55, 0x06, 0x55, 0x06, 0x55, 0xa6, 0x84,
    0x46, 0xc4, 0x47, 0xb4, 0x86, 0x94, 0x86, 0x7c, 0xe6, 0x9b, 0x66, 0xa3,
    0x47, 0xa3, 0x26, 0xa3, 0x26, 0xa3, 0x26, 0xa3, 0x27, 0xa3, 0x06, 0xa3,
    0x26, 0xa3, 0x06, 0xa3, 0x06, 0xa3, 0x06, 0x9b, 0x24, 0x64, 0x64, 0x4c,
    0x84, 0x54, 0x26, 0x93, 0xe6, 0x9a, 0x06, 0x9b, 0xe6, 0x92, 0xc6, 0x8a,
    0xa4, 0x5b, 0x04, 0x4c, 0xa4, 0x5b, 0xe5, 0x8a, 0xc6, 0x8a, 0xa6, 0x8a,
    0xc4, 0x5b, 0x24, 0x44, 0x04, 0x3c, 0x04, 0x44, 0x05, 0x7b, 0xa5, 0x8a,
    0x85, 0x82, 0x85, 0x82, 0xc5, 0x82, 0x84, 0x44, 0x84, 0x44, 0x64, 0x3c,
    0x83, 0x3c, 0x63, 0x3c, 0x64, 0x44, 0x64, 0x3c, 0x63, 0x3c, 0x64, 0x3c,
    0x64, 0x3c, 0x64, 0x3c, 0x64, 0x3c, 0x64, 0x44, 0x64, 0x3c, 0x84, 0x44,
    0x64, 0x44, 0x64, 0x3c, 0x63, 0x3c, 0x44, 0x3c, 0x44, 0x3c, 0x44, 0x3c,
    0x24, 0x34, 0x04, 0x2c, 0x05, 0x2c, 0x04, 0x2c, 0x04, 0x2c, 0x04, 0x2c,
    0xe5, 0x2b, 0xc5, 0x2b, 0xc5, 0x2b, 0xe5, 0x2b, 0xe5, 0x2b, 0xe5, 0x2b,
    0xe5, 0x2b, 0xe5, 0x2b, 0x05, 0x2c, 0xe5, 0x2b, 0xe5, 0x2b, 0x05, 0x2c,
    0xe5, 0x2b, 0x05, 0x2c, 0x05, 0x2c, 0x05, 0x2c, 0x05, 0x2c, 0xe5, 0x2b,
    0xe5, 0x2b, 0x05, 0x2c, 0x05, 0x2c, 0x05, 0x2c, 0x05, 0x34, 0x05, 0x2c,
    0x05, 0x2c, 0x05, 0x2c, 0x25, 0x34, 0x25, 0x2c, 0x05, 0x2c, 0x25, 0x34,
    0x25, 0x34, 0x25, 0x34, 0x45, 0x34, 0x65, 0x3c, 0x84, 0x44, 0x84, 0x3c,
    0x84, 0x44, 0x84, 0x44, 0x84, 0x44, 0xa5, 0x44, 0x84, 0x44, 0x84, 0x3c,
    0x84, 0x3c, 0x85, 0x44, 0x85, 0x3c, 0x84, 0x44, 0xa4, 0x44, 0xa5, 0x44,
    0xa5, 0x44, 0xa4, 0x44, 0xa5, 0x44, 0xa5, 0x44, 0xa5, 0x44, 0xa5, 0x44,
    0xa5, 0x44, 0xa5, 0x44, 0xa5, 0x44, 0xa5, 0x44, 0xa5, 0x3c, 0xa5, 0x3c,
    0xc5, 0x44, 0xa5, 0x44, 0xa5, 0x3c, 0xa5, 0x3c, 0xa5, 0x3c, 0xa6, 0x3c,
    0xa5, 0x3c, 0x86, 0x3c, 0xa5, 0x3c, 0xa6, 0x3c, 0xa6, 0x3c, 0xa5, 0x3c,
    0xa6, 0x3c, 0xa6, 0x3c, 0xa6, 0x44, 0xc5, 0x44, 0xc6, 0x44, 0xc6, 0x44,
    0xc6, 0x4c, 0xe6, 0x44, 0xe5, 0x44, 0xc5, 0x44, 0xe6, 0x44, 0xc6, 0x4c,
    0x05, 0x55, 0x25, 0x5d, 0x25, 0x65, 0x24, 0x65, 0x45, 0x65, 0x64, 0x6d,
    0x65, 0x75, 0x64, 0x75, 0x84, 0x75, 0x84, 0x75, 0x84, 0x7d, 0x84, 0x7d,
    0xa4, 0x7d, 0xa4, 0x7d, 0x84, 0x7d, 0xa4, 0x85, 0xa4, 0x85, 0xa4, 0x85,
    0xa4, 0x85, 0xa4, 0x85, 0xa4, 0x85, 0xc4, 0x8d, 0xc4, 0x8d, 0xc4, 0x8d,
    0xc4, 0x8d, 0xc4, 0x8d, 0xc4, 0x95, 0xe3, 0x95, 0xe4, 0x9d, 0xe3, 0x9d,
    0xe3, 0xa5, 0xe3, 0xa5, 0xe4, 0xad, 0xe4, 0xad, 0xe3, 0xad, 0xe4, 0xad,
    0xe3, 0xad, 0x03, 0xae, 0x03, 0xae, 0xe4, 0xad, 0x03, 0xae, 0x03, 0xae,
    0x04, 0xae, 0xe3, 0xad, 0xe4, 0xad, 0x04, 0xae, 0x04, 0xae, 0xe3, 0xad,
    0xe4, 0xad, 0xe3, 0xad, 0xe3, 0xad, 0x04, 0xae, 0xe3, 0xad, 0xe3, 0xad,
    0xe3, 0xad, 0xe3, 0xa5, 0xe3, 0xa5, 0xe4, 0xa5, 0xe3, 0xa5, 0xe4, 0xa5,
    0xc3, 0x9d, 0xc3, 0x9d, 0xc3, 0x9d, 0xc3, 0x95, 0xc4, 0x8d, 0xa3, 0x85,
    0xa3, 0x7d, 0xa4, 0x7d, 0x84, 0x75, 0x84, 0x75, 0x84, 0x75, 0x84, 0x75,
    0x84, 0x75, 0x84, 0x75, 0x64, 0x6d, 0x84, 0x6d, 0x64, 0x6d, 0x64, 0x6d,
    0x64, 0x6d, 0x64, 0x6d, 0x64, 0x6d, 0x64, 0x6d, 0x44, 0x65, 0x44, 0x65,
    0x45, 0x65, 0x45, 0x5d, 0x25, 0x5d, 0xc5, 0x64, 0x26, 0xb4, 0x27, 0xc4,
    0x47, 0xc4, 0x26, 0xcc, 0x46, 0xcc, 0x07, 0xcc, 0x07, 0xcc, 0xe7, 0xc3,
    0x86, 0xab, 0x26, 0xa3, 0x26, 0xa3, 0x26, 0xa3, 0x06, 0xa3, 0x07, 0xa3,
    0x06, 0xa3, 0x06, 0x9b, 0x06, 0xa3, 0x26, 0x9b, 0x44, 0x54, 0x64, 0x4c,
    0x64, 0x4c, 0x24, 0x64, 0xe5, 0x9a, 0x06, 0x9b, 0xc6, 0x92, 0xc5, 0x8a,
    0xe5, 0x82, 0x04, 0x4c, 0x04, 0x4c, 0xc4, 0x5b, 0xc6, 0x8a, 0xc5, 0x8a,
    0x24, 0x4c, 0x24, 0x44, 0x24, 0x3c, 0x04, 0x3c, 0xa4, 0x5b, 0x86, 0x8a,
    0xa6, 0x82, 0xa5, 0x82, 0x45, 0x6b, 0xa3, 0x3c, 0x84, 0x44, 0x84, 0x44,
    0x64, 0x3c, 0x64, 0x3c, 0x64, 0x44, 0x64, 0x3c, 0x64, 0x3c, 0x64, 0x44,
    0x64, 0x3c, 0x43, 0x3c, 0x64, 0x3c, 0x64, 0x3c, 0x63, 0x3c, 0x84, 0x44,
    0x63, 0x3c, 0x64, 0x3c, 0x64, 0x44, 0x44, 0x3c, 0x44, 0x3c, 0x24, 0x34,
    0x25, 0x34, 0x05, 0x2c, 0x04, 0x34, 0x05, 0x2c, 0x05, 0x2c, 0xe5, 0x2b,
    0x24, 0x34, 0xc5, 0x23, 0xc5, 0x23, 0xc5, 0x2b, 0xe5, 0x23, 0xc5, 0x23,
    0xe5, 0x2b, 0xe5, 0x2b, 0xe5, 0x2b, 0x05, 0x2c, 0xe5, 0x2b, 0xe5, 0x2b,
    0xe5, 0x2b, 0xe5, 0x2b, 0x05, 0x2c, 0xe5, 0x2b, 0x05, 0x2c, 0x05, 0x2c,
    0xe5, 0x2b, 0xe5, 0x2b, 0x06, 0x2c, 0x05, 0x2c, 0x05, 0x2c, 0x05, 0x2c,
    0x06, 0x34, 0x05, 0x2c, 0x25, 0x2c, 0x25, 0x34, 0x25, 0x2c, 0x25, 0x34,
    0x25, 0x34, 0x25, 0x34, 0x45, 0x34, 0x64, 0x3c, 0x65, 0x3c, 0x85, 0x44,
    0x84, 0x3c, 0x85, 0x44, 0x84, 0x44, 0x84, 0x44, 0x85, 0x44, 0xa5, 0x44,
    0x84, 0x44, 0xa4, 0x44, 0x84, 0x3c, 0xa5, 0x44, 0xa4, 0x44, 0xa4, 0x44,
    0xa4, 0x44, 0xa5, 0x44, 0xa5, 0x44, 0xa5, 0x44, 0xc5, 0x44, 0xc5, 0x44,
    0xc5, 0x44, 0xc5, 0x44, 0xc5, 0x4c, 0xe5, 0x4c, 0xe5, 0x54, 0xe5, 0x4c,
    0xe5, 0x4c, 0xe5, 0x4c, 0xe5, 0x4c, 0xe5, 0x4c, 0xc5, 0x4c, 0xc5, 0x44,
    0xe5, 0x4c, 0xe5, 0x4c, 0xe5, 0x54, 0x05, 0x55, 0x04, 0x55, 0x05, 0x5d,
    0x25, 0x5d, 0x05, 0x55, 0x24, 0x5d, 0x04, 0x5d, 0x25, 0x5d, 0x25, 0x5d,
    0x24, 0x5d, 0x25, 0x5d, 0x24, 0x5d, 0x25, 0x5d, 0x24, 0x65, 0x44, 0x65,
    0x44, 0x65, 0x44, 0x6d, 0x64, 0x6d, 0x64, 0x6d, 0x64, 0x75, 0x84, 0x75,
    0x64, 0x75, 0x84, 0x75, 0x84, 0x75, 0x84, 0x7d, 0x84, 0x7d, 0xa4, 0x7d,
    0xa4, 0x7d, 0xa4, 0x85, 0xa4, 0x85, 0xa4, 0x85, 0xa4, 0x85, 0xc4, 0x85,
    0xc4, 0x85, 0xc4, 0x8d, 0xc4, 0x8d, 0xc4, 0x8d, 0xc3, 0x8d, 0xc3, 0x8d,
    0xe4, 0x8d, 0xe4, 0x95, 0xe3, 0x95, 0xc4, 0x95, 0xe3, 0x95, 0xe4, 0x95,
    0xe3, 0x95, 0xe3, 0x9d, 0x03, 0x9e, 0xe3, 0x9d, 0x03, 0xa6, 0x03, 0xa6,
    0x04, 0xae, 0x03, 0xae, 0x03, 0xae, 0x04, 0xae, 0xe3, 0xad, 0x03, 0xae,
    0x04, 0xae, 0x03, 0xb6, 0x03, 0xb6, 0x03, 0xb6, 0x03, 0xb6, 0x04, 0xb6,
    0x04, 0xb6, 0x04, 0xae, 0x04, 0xb6, 0x03, 0xb6, 0xe3, 0xad, 0xe4, 0xad,
    0x04, 0xae, 0x03, 0xae, 0xe3, 0xad, 0xe3, 0xa5, 0x03, 0xa6, 0xe3, 0x9d,
    0xc3, 0x95, 0xc4, 0x8d, 0xc3, 0x8d, 0xa3, 0x8d, 0xc4, 0x85, 0xa3, 0x85,
    0xc4, 0x85, 0xa3, 0x85, 0x83, 0x7d, 0xa4, 0x7d, 0x83, 0x7d, 0x84, 0x7d,
    0x84, 0x75, 0x83, 0x75, 0x84, 0x75, 0x84, 0x75, 0x84, 0x75, 0x84, 0x75,
    0x83, 0x75, 0x84, 0x75, 0x64, 0x6d, 0x64, 0x75, 0x64, 0x6d, 0x64, 0x6d,
    0x64, 0x6d, 0xa5, 0x84, 0xc6, 0x9b, 0xa6, 0xab, 0xa6, 0xa3, 0x87, 0xab,
    0xa6, 0xab, 0xa7, 0xb3, 0xc7, 0xb3, 0xc6, 0xb3, 0xa6, 0xb3, 0x86, 0xab,
    0x66, 0xab, 0x26, 0x9b, 0x26, 0x9b, 0x26, 0xa3, 0x06, 0xa3, 0x85, 0x8b,
    0xc5, 0x7b, 0x86, 0x83, 0x06, 0xa3, 0x26, 0x9b, 0x24, 0x64, 0x84, 0x4c,
    0x84, 0x4c, 0x84, 0x4c, 0x25, 0x93, 0xe6, 0x9a, 0xc5, 0x8a, 0xc6, 0x8a,
    0xe6, 0x8a, 0x25, 0x7b, 0x44, 0x4c, 0x24, 0x4c, 0x85, 0x6b, 0xc6, 0x92,
    0x04, 0x44, 0x24, 0x44, 0x24, 0x3c, 0x04, 0x3c, 0x04, 0x4c, 0x85, 0x8a,
    0xa5, 0x82, 0x86, 0x82, 0x64, 0x6b, 0xa3, 0x3c, 0x84, 0x44, 0x64, 0x44,
    0x64, 0x3c, 0x64, 0x3c, 0x64, 0x44, 0x64, 0x3c, 0x63, 0x3c, 0x64, 0x3c,
    0x44, 0x3c, 0x43, 0x3c, 0x64, 0x3c, 0x64, 0x3c, 0x64, 0x44, 0x63, 0x44,
    0x64, 0x3c, 0x63, 0x3c, 0x64, 0x44, 0x64, 0x3c, 0x44, 0x3c, 0x24, 0x34,
    0x04, 0x34, 0x05, 0x2c, 0x05, 0x34, 0xe4, 0x2b, 0xe5, 0x2b, 0x05, 0x34,
    0x44, 0x44, 0xc5, 0x23, 0xc5, 0x2b, 0xe5, 0x2b, 0xc5, 0x2b, 0xe5, 0x2b,
    0xe5, 0x2b, 0xe5, 0x2b, 0xe5, 0x2b, 0xe5, 0x2b, 0xe5, 0x2b, 0xe5, 0x2b,
    0x05, 0x2c, 0x05, 0x2c, 0xe5, 0x2b, 0xe5, 0x2b, 0x06, 0x2c, 0x05, 0x2c,
    0x05, 0x2c, 0x05, 0x2c, 0x05, 0x2c, 0x05, 0x34, 0x05, 0x2c, 0x05, 0x2c,
    0x05, 0x2c, 0x06, 0x34, 0x05, 0x2c, 0x25, 0x34, 0x25, 0x34, 0x05, 0x2c,
    0x25, 0x34, 0x25, 0x34, 0x45, 0x34, 0x45, 0x34, 0x45, 0x3c, 0x64, 0x3c,
    0x84, 0x3c, 0x85, 0x3c, 0x84, 0x44, 0x84, 0x3c, 0xa4, 0x44, 0x85, 0x44,
    0xa4, 0x44, 0xa4, 0x44, 0xa5, 0x44, 0xa4, 0x44, 0xa4, 0x44, 0xa5, 0x44,
    0xc4, 0x44, 0xc4, 0x44, 0xa5, 0x44, 0xc4, 0x44, 0xc4, 0x44, 0xc4, 0x44,
    0xc4, 0x4c, 0xc4, 0x4c, 0xe4, 0x4c, 0x04, 0x55, 0x04, 0x5d, 0x04, 0x55,
    0x04, 0x55, 0x04, 0x5d, 0x04, 0x5d, 0x04, 0x5d, 0x24, 0x5d, 0x24, 0x5d,
    0x24, 0x65, 0x44, 0x65, 0x24, 0x65, 0x43, 0x65, 0x44, 0x6d, 0x44, 0x6d,
    0x44, 0x6d, 0x43, 0x6d, 0x64, 0x6d, 0x44, 0x6d, 0x44, 0x65, 0x24, 0x65,
    0x44, 0x65, 0x44, 0x65, 0x44, 0x65, 0x44, 0x6d, 0x44, 0x65, 0x64, 0x6d,
    0x64, 0x6d, 0x64, 0x75, 0x84, 0x75, 0x84, 0x75, 0x84, 0x75, 0x84, 0x7d,
    0xa4, 0x7d, 0x84, 0x7d, 0xa4, 0x7d, 0xa4, 0x7d, 0xa4, 0x7d, 0xa4, 0x85,
    0xa4, 0x85, 0xc3, 0x85, 0xc3, 0x85, 0xc3, 0x8d, 0xc3, 0x8d, 0xe3, 0x8d,
    0xc3, 0x8d, 0xc3, 0x8d, 0xe3, 0x8d, 0xe3, 0x95, 0xe3, 0x95, 0xe3, 0x95,
    0xe3, 0x95, 0xe3, 0x95, 0xe3, 0x95, 0xe4, 0x95, 0xe3, 0x95, 0xe3, 0x95,
    0xe4, 0x95, 0xe3, 0x9d, 0xe3, 0x95, 0xe3, 0x95, 0xe3, 0x9d, 0xe3, 0x9d,
    0xe3, 0x95, 0xe3, 0x9d, 0xe3, 0x9d, 0xe3, 0xa5, 0x03, 0xae, 0xe3, 0xad,
    0xe3, 0xad, 0x04, 0xae, 0x04, 0xb6, 0x03, 0xb6, 0x03, 0xb6, 0x03, 0xb6,
    0x03, 0xb6, 0x03, 0xb6, 0x03, 0xb6, 0x03, 0xb6, 0x03, 0xb6, 0xe4, 0xad,
    0x03, 0xae, 0x03, 0xae, 0xe4, 0xad, 0xe3, 0xa5, 0xe3, 0x95, 0xe3, 0x95,
    0xc3, 0x8d, 0xc4, 0x8d, 0xc3, 0x8d, 0xc3, 0x8d, 0xc3, 0x8d, 0xc3, 0x8d,
    0xa3, 0x85, 0xc3, 0x85, 0xc3, 0x85, 0xa3, 0x85, 0xa3, 0x85, 0xa3, 0x85,
    0xa3, 0x85, 0xa3, 0x7d, 0xa3, 0x7d, 0x83, 0x7d, 0x83, 0x7d, 0x83, 0x75,
    0x83, 0x75, 0x84, 0x75, 0x83, 0x75, 0x83, 0x75, 0x83, 0x75, 0x64, 0x75,
    0x44, 0x7d, 0x86, 0xa3, 0x86, 0xa3, 0x87, 0xa3, 0x87, 0xab, 0x86, 0xa3,
    0x66, 0xab, 0x67, 0xab, 0x66, 0xa3, 0x66, 0xa3, 0x46, 0xa3, 0x67, 0xa3,
    0x46, 0xa3, 0x26, 0xa3, 0x06, 0x9b, 0x26, 0x9b, 0x26, 0x9b, 0x84, 0x54,
    0xa4, 0x4c, 0xa4, 0x4c, 0x24, 0x64, 0x26, 0x93, 0xc4, 0x6b, 0x64, 0x54,
    0x64, 0x4c, 0x64, 0x4c, 0x44, 0x54, 0x05, 0x93, 0xc6, 0x8a, 0xe5, 0x82,
    0xe5, 0x82, 0x06, 0x8b, 0x65, 0x6b, 0x24, 0x4c, 0x24, 0x4c, 0x25, 0x83,
    0xe4, 0x4b, 0x24, 0x44, 0x24, 0x3c, 0x24, 0x3c, 0x24, 0x44, 0xa5, 0x82,
    0xa6, 0x82, 0x86, 0x82, 0x64, 0x6b, 0x83, 0x3c, 0x64, 0x3c, 0x63, 0x3c,
    0x63, 0x3c, 0x64, 0x44, 0x64, 0x3c, 0x64, 0x3c, 0x64, 0x3c, 0x64, 0x3c,
    0x64, 0x3c, 0x44, 0x3c, 0x44, 0x3c, 0x44, 0x3c, 0x44, 0x3c, 0x64, 0x3c,
    0x64, 0x44, 0x64, 0x3c, 0x44, 0x3c, 0x44, 0x3c, 0x44, 0x3c, 0x04, 0x34,
    0x04, 0x2c, 0x04, 0x2c, 0x05, 0x2c, 0x04, 0x2c, 0xe4, 0x2b, 0xe4, 0x2b,
    0x83, 0x44, 0xe5, 0x2b, 0xc5, 0x2b, 0xc5, 0x2b, 0xc5, 0x23, 0xc5, 0x2b,
    0xe5, 0x2b, 0x05, 0x2c, 0x05, 0x2c, 0xe5, 0x2b, 0xe5, 0x2b, 0xe6, 0x2b,
    0xe5, 0x2b, 0xe5, 0x2b, 0xe6, 0x2b, 0xe5, 0x2b, 0xe5, 0x2b, 0xe5, 0x2b,
    0x06, 0x2c, 0x05, 0x2c, 0x05, 0x34, 0x05, 0x2c, 0x06, 0x2c, 0x05, 0x2c,
    0x05, 0x2c, 0x05, 0x34, 0x06, 0x34, 0x05, 0x2c, 0x05, 0x34, 0x25, 0x2c,
    0x25, 0x34, 0x25, 0x34, 0x45, 0x34, 0x45, 0x34, 0x25, 0x34, 0x45, 0x3c,
    0x64, 0x3c, 0x64, 0x3c, 0x84, 0x44, 0x84, 0x3c, 0x84, 0x44, 0x84, 0x44,
    0xa5, 0x44, 0xc4, 0x4c, 0xc4, 0x4c, 0xc4, 0x4c, 0xa4, 0x44, 0xa4, 0x4c,
    0xc4, 0x44, 0xa4, 0x44, 0xc4, 0x44, 0xc5, 0x44, 0xc5, 0x44, 0xc5, 0x44,
    0xc4, 0x4c, 0xc5, 0x4c, 0xc4, 0x4c, 0xe4, 0x4c, 0x04, 0x55, 0x04, 0x5d,
    0x04, 0x5d, 0x24, 0x5d, 0x24, 0x5d, 0x24, 0x5d, 0x23, 0x65, 0x44, 0x65,
    0x43, 0x6d, 0x43, 0x6d, 0x64, 0x6d, 0x43, 0x6d, 0x64, 0x6d, 0x64, 0x6d,
    0x63, 0x6d, 0x44, 0x6d, 0x64, 0x6d, 0x64, 0x6d, 0x64, 0x6d, 0x44, 0x65,
    0x44, 0x65, 0x44, 0x65, 0x44, 0x6d, 0x44, 0x65, 0x64, 0x6d, 0x84, 0x75,
    0x84, 0x75, 0x84, 0x75, 0x84, 0x7d, 0xa4, 0x7d, 0xa4, 0x7d, 0xa3, 0x85,
    0xa4, 0x85, 0xc3, 0x85, 0xa3, 0x85, 0xc3, 0x8d, 0xc3, 0x8d, 0xc3, 0x8d,
    0xe3, 0x8d, 0xe3, 0x95, 0xc3, 0x95, 0xe3, 0x95, 0xe3, 0x95, 0xe3, 0x95,
    0xe3, 0x95, 0xe3, 0x9d, 0xe3, 0x9d, 0xe3, 0x9d, 0xe3, 0x95, 0xe3, 0x95,
    0xe3, 0x9d, 0xe3, 0x95, 0xe3, 0x9d, 0xe3, 0x95, 0xe3, 0x95, 0x03, 0x9e,
    0xe3, 0x9d, 0xe3, 0x9d, 0xe3, 0x9d, 0x03, 0x9e, 0x03, 0x9e, 0x03, 0x9e,
    0x03, 0xa6, 0x03, 0xa6, 0x03, 0xae, 0x03, 0xb6, 0x03, 0xb6, 0x03, 0xb6,
    0x03, 0xb6, 0x03, 0xb6, 0x24, 0xbe, 0x03, 0xb6, 0x04, 0xb6, 0x03, 0xb6,
    0x03, 0xb6, 0x04, 0xb6, 0x03, 0xb6, 0x03, 0xb6, 0x03, 0xb6, 0x04, 0xb6,
    0xe3, 0xa5, 0xe3, 0x9d, 0xe3, 0x95, 0xe3, 0x95, 0xc3, 0x95, 0xe3, 0x95,
    0xe3, 0x95, 0xe3, 0x8d, 0xc3, 0x8d, 0xe3, 0x8d, 0xc3, 0x95, 0xc3, 0x8d,
    0xc3, 0x8d, 0xc3, 0x8d, 0xc3, 0x8d, 0xc3, 0x8d, 0xc3, 0x8d, 0xc3, 0x8d,
    0xc3, 0x8d, 0xa3, 0x85, 0xa3, 0x85, 0xa3, 0x85, 0xa3, 0x85, 0xa3, 0x7d,
    0x83, 0x7d, 0x83, 0x7d, 0x83, 0x7d, 0xa3, 0x7d, 0x83, 0x75, 0x84, 0x75,
    0xc5, 0x84, 0x67, 0xa3, 0xc6, 0x93, 0xa5, 0x64, 0x05, 0x84, 0xa6, 0xa3,
    0xa6, 0x93, 0xc6, 0x93, 0x66, 0xa3, 0x47, 0xa3, 0x46, 0xa3, 0x47, 0xa3,
    0x26, 0xa3, 0x26, 0x9b, 0x07, 0xa3, 0x26, 0x9b, 0x46, 0x93, 0xa4, 0x54,
    0x84, 0x4c, 0xa4, 0x4c, 0xa4, 0x4c, 0x84, 0x4c, 0x84, 0x54, 0xc5, 0x6b,
    0x44, 0x4c, 0x64, 0x4c, 0x84, 0x4c, 0x44, 0x54, 0xe6, 0x8a, 0x05, 0x83,
    0x84, 0x6b, 0x25, 0x83, 0xc6, 0x8a, 0xc5, 0x53, 0x24, 0x4c, 0x04, 0x54,
    0xa5, 0x63, 0x44, 0x44, 0x24, 0x3c, 0x24, 0x3c, 0x44, 0x44, 0xc5, 0x7a,
    0xa5, 0x82, 0x85, 0x8a, 0x24, 0x54, 0x84, 0x3c, 0x64, 0x44, 0x64, 0x44,
    0x64, 0x3c, 0x64, 0x3c, 0x64, 0x3c, 0x63, 0x3c, 0x64, 0x3c, 0x44, 0x3c,
    0x63, 0x3c, 0x64, 0x3c, 0x64, 0x3c, 0x43, 0x3c, 0x44, 0x3c, 0x44, 0x3c,
    0x44, 0x3c, 0x44, 0x3c, 0x64, 0x3c, 0x43, 0x3c, 0x24, 0x34, 0x24, 0x34,
    0x05, 0x34, 0x05, 0x2c, 0xe4, 0x2b, 0xe5, 0x2b, 0x05, 0x34, 0xe4, 0x2b,
    0x64, 0x44, 0x04, 0x34, 0xc5, 0x2b, 0xc5, 0x23, 0xc5, 0x2b, 0xe5, 0x2b,
    0x24, 0x34, 0x44, 0x3c, 0x05, 0x34, 0xe5, 0x2b, 0xe5, 0x2b, 0xe5, 0x2b,
    0xe5, 0x2b, 0x05, 0x2c, 0xe5, 0x2b, 0xe5, 0x2b, 0xe5, 0x2b, 0xe5, 0x2b,
    0xe5, 0x2b, 0xe5, 0x2b, 0x25, 0x34, 0x45, 0x3c, 0x44, 0x3c, 0x25, 0x3c,
    0x25, 0x34, 0x05, 0x2c, 0x05, 0x2c, 0x25, 0x34, 0x25, 0x2c, 0x05, 0x34,
    0x25, 0x34, 0x45, 0x34, 0x25, 0x34, 0x45, 0x34, 0x45, 0x34, 0x65, 0x3c,
    0x44, 0x3c, 0x85, 0x44, 0x85, 0x44, 0x84, 0x44, 0x84, 0x44, 0xa5, 0x44,
    0xa4, 0x44, 0xc4, 0x4c, 0xc4, 0x4c, 0xc4, 0x4c, 0xc4, 0x4c, 0xc4, 0x4c,
    0xc5, 0x4c, 0xa4, 0x4c, 0xc5, 0x4c, 0xc4, 0x44, 0xc5, 0x4c, 0xc4, 0x4c,
    0xc5, 0x44, 0xc4, 0x44, 0xc5, 0x44, 0xc4, 0x4c, 0xe4, 0x4c, 0xe4, 0x54,
    0x04, 0x55, 0x24, 0x5d, 0x24, 0x65, 0x24, 0x65, 0x44, 0x65, 0x43, 0x65,
    0x44, 0x6d, 0x63, 0x6d, 0x63, 0x6d, 0x64, 0x6d, 0x63, 0x6d, 0x63, 0x6d,
    0x63, 0x6d, 0x64, 0x6d, 0x63, 0x75, 0x63, 0x75, 0x83, 0x75, 0x83, 0x75,
    0x83, 0x75, 0x84, 0x7d, 0x84, 0x7d, 0xa4, 0x7d, 0xa3, 0x7d, 0x83, 0x7d,
    0xa4, 0x7d, 0xa3, 0x85, 0xa3, 0x85, 0xa3, 0x85, 0xc3, 0x85, 0xc3, 0x85,
    0xc3, 0x8d, 0xc3, 0x8d, 0xe3, 0x95, 0xe3, 0x95, 0xe3, 0x9d, 0xe3, 0x9d,
    0xe3, 0x95, 0xe3, 0x9d, 0xe3, 0x9d, 0x03, 0x9e, 0x03, 0xa6, 0x03, 0xa6,
    0x03, 0xa6, 0x03, 0x9e, 0x03, 0x9e, 0x03, 0x9e, 0x03, 0x9e, 0xe3, 0x9d,
    0x03, 0x9e, 0xe3, 0x9d, 0x03, 0x9e, 0x03, 0x9e, 0xe3, 0x9d, 0x03, 0x9e,
    0x03, 0x9e, 0x03, 0x9e, 0x03, 0x9e, 0x03, 0x9e, 0x03, 0x9e, 0x03, 0xa6,
    0x03, 0xae, 0x03, 0xb6, 0x03, 0xb6, 0x03, 0xb6, 0x03, 0xb6, 0x03, 0xb6,
    0x03, 0xb6, 0x23, 0xbe, 0x03, 0xbe, 0x23, 0xbe, 0x03, 0xbe, 0x23, 0xbe,
    0x03, 0xbe, 0x24, 0xbe, 0x03, 0xbe, 0x03, 0xbe, 0x04, 0xb6, 0x03, 0xae,
    0xe3, 0x9d, 0xe3, 0x9d, 0xe3, 0x95, 0xe3, 0x95, 0xe3, 0x95, 0xe3, 0x95,
    0xe3, 0x95, 0xc3, 0x95, 0xe3, 0x95, 0xe3, 0x95, 0xe3, 0x95, 0xe3, 0x95,
    0xc3, 0x95, 0xc3, 0x95, 0xc3, 0x8d, 0xc3, 0x8d, 0xc3, 0x8d, 0xc3, 0x8d,
    0xc3, 0x8d, 0xc3, 0x8d, 0xc3, 0x8d, 0xa3, 0x8d, 0xa3, 0x85, 0xa3, 0x85,
    0xa3, 0x85, 0xa3, 0x7d, 0xa3, 0x85, 0x83, 0x7d, 0x83, 0x7d, 0x63, 0x75,
    0x44, 0x6d, 0xc4, 0x74, 0xa5, 0x74, 0x04, 0x55, 0x05, 0x5d, 0xe4, 0x64,
    0x05, 0x5d, 0x04, 0x65, 0xc4, 0x64, 0x05, 0x84, 0xe5, 0x8b, 0xc5, 0x8b,
    0x66, 0x93, 0x46, 0x93, 0x44, 0x6c, 0xc4, 0x5c, 0xc3, 0x5c, 0xa3, 0x54,
    0xa4, 0x4c, 0xa4, 0x4c, 0xa4, 0x4c, 0x84, 0x4c, 0x84, 0x4c, 0xa4, 0x44,
    0x44, 0x54, 0x24, 0x5c, 0x84, 0x4c, 0x84, 0x4c, 0xe4, 0x63, 0xc6, 0x92,
    0x04, 0x5c, 0x44, 0x4c, 0xe4, 0x63, 0x05, 0x83, 0x04, 0x4c, 0x44, 0x44,
    0x04, 0x4c, 0x24, 0x44, 0x44, 0x3c, 0x24, 0x3c, 0x44, 0x3c, 0x64, 0x6b,
    0x43, 0x4c, 0x44, 0x54, 0x84, 0x44, 0x83, 0x44, 0x64, 0x3c, 0x64, 0x3c,
    0x64, 0x3c, 0x63, 0x3c, 0x64, 0x3c, 0x44, 0x3c, 0x44, 0x3c, 0x44, 0x3c,
    0x44, 0x3c, 0x24, 0x3c, 0x24, 0x3c, 0x24, 0x34, 0x44, 0x3c, 0x44, 0x3c,
    0x44, 0x3c, 0x44, 0x3c, 0x44, 0x3c, 0x44, 0x3c, 0x24, 0x34, 0x24, 0x34,
    0x04, 0x34, 0xe5, 0x2b, 0xe4, 0x2b, 0xe5, 0x33, 0xe5, 0x2b, 0xe4, 0x2b,
    0x64, 0x44, 0x44, 0x3c, 0xc5, 0x2b, 0xe5, 0x2b, 0xc5, 0x2b, 0x24, 0x34,
    0x24, 0x34, 0x44, 0x3c, 0x44, 0x3c, 0xe5, 0x2b, 0xe5, 0x2b, 0xe5, 0x2b,
    0xe5, 0x2b, 0x05, 0x2c, 0xe5, 0x2b, 0xe5, 0x2b, 0xe5, 0x2b, 0x05, 0x34,
    0x44, 0x3c, 0x84, 0x4c, 0x84, 0x4c, 0x64, 0x4c, 0x84, 0x4c, 0x84, 0x4c,
    0x64, 0x4c, 0x64, 0x44, 0x25, 0x34, 0x05, 0x2c, 0x05, 0x2c, 0x25, 0x34,
    0x25, 0x34, 0x25, 0x34, 0x25, 0x34, 0x45, 0x34, 0x44, 0x34, 0x44, 0x34,
    0x45, 0x3c, 0x85, 0x3c, 0x84, 0x44, 0x84, 0x3c, 0x85, 0x44, 0xa4, 0x44,
    0xa4, 0x44, 0xa4, 0x44, 0xe4, 0x54, 0xe4, 0x54, 0xe4, 0x54, 0xc4, 0x4c,
    0xc4, 0x4c, 0xc4, 0x4c, 0xc4, 0x4c, 0xc4, 0x4c, 0xc4, 0x4c, 0xc4, 0x4c,
    0xe4, 0x4c, 0xe4, 0x54, 0xe4, 0x54, 0xe4, 0x54, 0xe4, 0x4c, 0xe4, 0x54,
    0x04, 0x55, 0x04, 0x5d, 0x24, 0x5d, 0x43, 0x65, 0x43, 0x65, 0x44, 0x6d,
    0x63, 0x6d, 0x64, 0x6d, 0x63, 0x6d, 0x63, 0x75, 0x64, 0x75, 0x63, 0x75,
    0x63, 0x75, 0x83, 0x75, 0x83, 0x75, 0x83, 0x75, 0x83, 0x7d, 0x83, 0x7d,
    0x83, 0x7d, 0xa3, 0x85, 0xa3, 0x85, 0xa3, 0x85, 0xa3, 0x85, 0xa3, 0x85,
    0xc3, 0x85, 0xc3, 0x8d, 0xc3, 0x8d, 0xc3, 0x8d, 0xc3, 0x8d, 0xc3, 0x8d,
    0xe3, 0x8d, 0xe3, 0x95, 0xc3, 0x95, 0xe3, 0x95, 0xe3, 0x8d, 0xe3, 0x95,
    0xe3, 0x95, 0xe3, 0x8d, 0xe3, 0x95, 0xe3, 0x95, 0xe3, 0x95, 0xe3, 0x95,
    0xe3, 0x9d, 0x03, 0x9e, 0xe3, 0x9d, 0x03, 0x9e, 0xe3, 0x9d, 0x03, 0x9e,
    0x03, 0x9e, 0xe3, 0x9d, 0x03, 0x9e, 0x03, 0x9e, 0x03, 0x9e, 0x03, 0x9e,
    0x03, 0x9e, 0x03, 0x9e, 0x03, 0xa6, 0x23, 0xb6, 0x23, 0xbe, 0x23, 0xbe,
    0x23, 0xbe, 0x23, 0xbe, 0x23, 0xbe, 0x23, 0xbe, 0x23, 0xbe, 0x23, 0xbe,
    0x23, 0xbe, 0x23, 0xc6, 0x23, 0xbe, 0x23, 0xc6, 0x23, 0xc6, 0x23, 0xc6,
    0x23, 0xc6, 0x03, 0xbe, 0x23, 0xbe, 0x03, 0xbe, 0x03, 0xbe, 0x03, 0xbe,
    0x03, 0xb6, 0x03, 0xa6, 0xe3, 0x9d, 0xe3, 0x9d, 0xe3, 0x9d, 0xe3, 0x95,
    0xe3, 0x95, 0xe3, 0x95, 0xe3, 0x95, 0xe3, 0x95, 0xe3, 0x95, 0xc3, 0x95,
    0xe3, 0x95, 0xc2, 0x95, 0xc2, 0x95, 0xe3, 0x95, 0xc3, 0x8d, 0xc2, 0x8d,
    0xc3, 0x8d, 0xc2, 0x8d, 0xc2, 0x8d, 0xc3, 0x8d, 0xc3, 0x8d, 0xc2, 0x8d,
    0xc3, 0x8d, 0xa2, 0x8d, 0xa3, 0x85, 0xa3, 0x85, 0x83, 0x85, 0x83, 0x7d,
    0x83, 0x7d, 0x63, 0x75, 0x63, 0x75, 0x43, 0x6d, 0x63, 0x6d, 0x43, 0x6d,
    0x44, 0x75, 0x43, 0x6d, 0x43, 0x6d, 0x44, 0x6d, 0x24, 0x6d, 0x44, 0x65,
    0x44, 0x5d, 0x24, 0x65, 0x23, 0x65, 0x03, 0x65, 0x03, 0x65, 0x23, 0x65,
    0x03, 0x65, 0xe3, 0x5c, 0xc4, 0x4c, 0xa4, 0x4c, 0xa4, 0x4c, 0xa4, 0x44,
    0xa4, 0x44, 0x63, 0x54, 0x64, 0x4c, 0x83, 0x4c, 0x84, 0x4c, 0xc4, 0x73,
    0x24, 0x5c, 0x44, 0x4c, 0x64, 0x4c, 0x64, 0x4c, 0xe4, 0x63, 0x64, 0x44,
    0x44, 0x44, 0x44, 0x3c, 0x44, 0x3c, 0x44, 0x3c, 0x44, 0x3c, 0x64, 0x44,
    0x84, 0x44, 0x64, 0x44, 0x63, 0x44, 0x64, 0x44, 0x64, 0x44, 0x63, 0x3c,
    0x64, 0x3c, 0x64, 0x3c, 0x44, 0x3c, 0x64, 0x3c, 0x64, 0x3c, 0x44, 0x3c,
    0x44, 0x3c, 0x24, 0x34, 0x24, 0x34, 0x24, 0x34, 0x24, 0x34, 0x24, 0x34,
    0x24, 0x34, 0x44, 0x3c, 0x44, 0x3c, 0x44, 0x34, 0x24, 0x34, 0x24, 0x34,
    0x04, 0x34, 0x05, 0x2c, 0xe5, 0x2b, 0xe4, 0x2b, 0xe4, 0x2b, 0xe5, 0x2b,
    0x64, 0x44, 0x44, 0x44, 0xc5, 0x2b, 0xc4, 0x23, 0xe5, 0x2b, 0x24, 0x3c,
    0x45, 0x3c, 0x44, 0x3c, 0x44, 0x3c, 0x05, 0x34, 0xe5, 0x2b, 0xe5, 0x2b,
    0xe5, 0x2b, 0xe5, 0x2b, 0xe5, 0x2b, 0x05, 0x2c, 0x25, 0x3c, 0x64, 0x44,
    0x64, 0x44, 0x64, 0x44, 0x64, 0x44, 0x84, 0x4c, 0x64, 0x44, 0x84, 0x44,
    0x83, 0x4c, 0x84, 0x4c, 0x45, 0x3c, 0x05, 0x2c, 0x05, 0x2c, 0x25, 0x34,
    0x25, 0x2c, 0x25, 0x34, 0x25, 0x34, 0x25, 0x34, 0x45, 0x34, 0x45, 0x3c,
    0x44, 0x3c, 0x64, 0x3c, 0x84, 0x44, 0x84, 0x44, 0xa4, 0x44, 0xa4, 0x44,
    0xa4, 0x44, 0xa4, 0x4c, 0xe4, 0x54, 0x04, 0x5d, 0x04, 0x5d, 0xe4, 0x54,
    0xe4, 0x54, 0xe4, 0x4c, 0xe4, 0x54, 0xe4, 0x54, 0xe4, 0x54, 0x04, 0x55,
    0xe4, 0x54, 0x04, 0x5d, 0x24, 0x5d, 0x24, 0x5d, 0x24, 0x5d, 0x24, 0x5d,
    0x04, 0x5d, 0x24, 0x5d, 0x24, 0x5d, 0x23, 0x5d, 0x63, 0x6d, 0x63, 0x75,
    0x63, 0x6d, 0x64, 0x75, 0x63, 0x75, 0x83, 0x75, 0x83, 0x75, 0x63, 0x75,
    0x84, 0x75, 0x83, 0x75, 0x83, 0x75, 0x83, 0x7d, 0x84, 0x7d, 0xa3, 0x7d,
    0x83, 0x7d, 0xa3, 0x7d, 0xa3, 0x85, 0xa3, 0x85, 0xc3, 0x85, 0xc3, 0x8d,
    0xc3, 0x8d, 0xc3, 0x8d, 0xc3, 0x8d, 0xc3, 0x8d, 0xe3, 0x8d, 0xc3, 0x8d,
    0xc3, 0x95, 0xe3, 0x95, 0xe3, 0x95, 0xe3, 0x95, 0xe3, 0x95, 0xe3, 0x95,
    0xe3, 0x95, 0xe3, 0x95, 0xe3, 0x95, 0xe3, 0x95, 0xe3, 0x9d, 0x03, 0x9e,
    0x03, 0x9e, 0x03, 0x9e, 0xe3, 0x9d, 0x03, 0x9e, 0x03, 0x9e, 0x03, 0xa6,
    0x03, 0xa6, 0x03, 0x9e, 0x03, 0x9e, 0x03, 0x9e, 0x03, 0xa6, 0x03, 0xae,
    0x23, 0xb6, 0x23, 0xbe, 0x23, 0xc6, 0x23, 0xc6, 0x23, 0xc6, 0x23, 0xbe,
    0x23, 0xbe, 0x23, 0xbe, 0x23, 0xbe, 0x23, 0xbe, 0x23, 0xbe, 0x23, 0xbe,
    0x23, 0xc6, 0x23, 0xbe, 0x23, 0xbe, 0x23, 0xc6, 0x23, 0xc6, 0x23, 0xc6,
    0x23, 0xc6, 0x23, 0xc6, 0x23, 0xc6, 0x23, 0xc6, 0x23, 0xbe, 0x23, 0xbe,
    0x03, 0xae, 0xe2, 0x9d, 0xe2, 0x9d, 0xe3, 0x9d, 0x02, 0x9e, 0xe2, 0x9d,
    0xe2, 0x95, 0xe2, 0x9d, 0xe2, 0x95, 0xc2, 0x95, 0xe2, 0x95, 0xc2, 0x95,
    0xe2, 0x95, 0xe3, 0x95, 0xe2, 0x95, 0x64, 0x75, 0x25, 0x55, 0x24, 0x5d,
    0xc3, 0x8d, 0xc2, 0x95, 0xc3, 0x95, 0xc2, 0x8d, 0xc2, 0x8d, 0xa2, 0x8d,
    0xc2, 0x8d, 0xa2, 0x8d, 0xa3, 0x8d, 0xa3, 0x8d, 0xa2, 0x85, 0xa3, 0x85,
    0xa3, 0x85, 0x83, 0x7d, 0x83, 0x7d, 0x83, 0x7d, 0x83, 0x7d, 0x83, 0x7d,
    0x83, 0x7d, 0x83, 0x7d, 0x63, 0x7d, 0x63, 0x7d, 0x63, 0x7d, 0x62, 0x75,
    0x63, 0x75, 0x43, 0x75, 0x63, 0x75, 0x62, 0x75, 0x43, 0x6d, 0x43, 0x6d,
    0x23, 0x65, 0x03, 0x5d, 0xe3, 0x5c, 0xc3, 0x4c, 0xc4, 0x4c, 0xa3, 0x4c,
    0xa4, 0x44, 0xa3, 0x4c, 0xa4, 0x4c, 0xa3, 0x44, 0x84, 0x44, 0xa3, 0x44,
    0x83, 0x4c, 0x64, 0x4c, 0x84, 0x4c, 0x84, 0x44, 0x83, 0x44, 0x64, 0x44,
    0x84, 0x44, 0x64, 0x44, 0x64, 0x44, 0x64, 0x44, 0x63, 0x44, 0x84, 0x44,
    0x84, 0x44, 0x63, 0x44, 0x64, 0x3c, 0x84, 0x3c, 0x64, 0x44, 0x63, 0x3c,
    0x44, 0x3c, 0x64, 0x3c, 0x44, 0x3c, 0x43, 0x3c, 0x43, 0x3c, 0x44, 0x3c,
    0x44, 0x3c, 0x24, 0x34, 0x24, 0x34, 0x24, 0x34, 0x24, 0x34, 0x04, 0x34,
    0x04, 0x34, 0x24, 0x34, 0x24, 0x34, 0x24, 0x34, 0x24, 0x34, 0x24, 0x34,
    0x05, 0x2c, 0xe5, 0x2b, 0xe5, 0x2b, 0xe5, 0x2b, 0xe4, 0x2b, 0xe5, 0x2b,
    0x44, 0x44, 0x44, 0x3c, 0xc4, 0x2b, 0xe5, 0x2b, 0x04, 0x34, 0x24, 0x34,
    0x24, 0x3c, 0x24, 0x3c, 0x24, 0x3c, 0x05, 0x2c, 0xc5, 0x2b, 0xe5, 0x2b,
    0xe5, 0x2b, 0xe5, 0x2b, 0xe5, 0x2b, 0x44, 0x3c, 0x64, 0x44, 0x64, 0x44,
    0x64, 0x44, 0x64, 0x44, 0x84, 0x44, 0x84, 0x4c, 0x63, 0x44, 0x84, 0x4c,
    0x84, 0x4c, 0x84, 0x44, 0x05, 0x2c, 0x05, 0x2c, 0x05, 0x34, 0x05, 0x2c,
    0x25, 0x2c, 0x05, 0x34, 0x25, 0x34, 0x25, 0x34, 0x45, 0x34, 0x45, 0x34,
    0x64, 0x3c, 0x64, 0x3c, 0xa4, 0x44, 0xc4, 0x4c, 0xc4, 0x4c, 0xc4, 0x4c,
    0xc4, 0x4c, 0xe4, 0x54, 0x04, 0x5d, 0x03, 0x5d, 0x23, 0x5d, 0x04, 0x5d,
    0x04, 0x5d, 0x04, 0x55, 0x04, 0x55, 0x04, 0x55, 0x04, 0x5d, 0x04, 0x5d,
    0x04, 0x5d, 0x24, 0x5d, 0x23, 0x65, 0x24, 0x65, 0x43, 0x65, 0x44, 0x65,
    0x23, 0x65, 0x43, 0x65, 0x43, 0x6d, 0x63, 0x6d, 0x63, 0x75, 0x83, 0x75,
    0x63, 0x75, 0x63, 0x75, 0x83, 0x75, 0x63, 0x75, 0x84, 0x75, 0x83, 0x75,
    0x83, 0x75, 0x83, 0x75, 0x83, 0x7d, 0x83, 0x7d, 0xa3, 0x7d, 0xa3, 0x85,
    0xa3, 0x85, 0xa3, 0x85, 0xc3, 0x85, 0xa3, 0x85, 0xc3, 0x85, 0xc3, 0x8d,
    0xc3, 0x8d, 0xc3, 0x8d, 0xe3, 0x8d, 0xe3, 0x8d, 0xc3, 0x95, 0xe3, 0x95,
    0xe3, 0x95, 0xe3, 0x8d, 0xe3, 0x95, 0xe3, 0x95, 0xe3, 0x95, 0xe3, 0x95,
    0xe3, 0x95, 0x03, 0x9e, 0xe3, 0x9d, 0x03, 0x9e, 0x03, 0x9e, 0x03, 0x9e,
    0x03, 0x9e, 0x03, 0x9e, 0x02, 0x9e, 0x03, 0x9e, 0x02, 0xa6, 0x02, 0xa6,
    0x03, 0xa6, 0x23, 0xa6, 0x03, 0xae, 0x23, 0xae, 0x23, 0xbe, 0x23, 0xbe,
    0x23, 0xbe, 0x23, 0xbe, 0x23, 0xbe, 0x23, 0xbe, 0x22, 0xb6, 0x22, 0xb6,
    0x22, 0xb6, 0x22, 0xb6, 0x22, 0xb6, 0x22, 0xb6, 0x22, 0xb6, 0x23, 0xbe,
    0x23, 0xc6, 0x23, 0xc6, 0x23, 0xc6, 0x23, 0xc6, 0x23, 0xc6, 0x23, 0xc6,
    0x23, 0xbe, 0x23, 0xbe, 0x23, 0xbe, 0x03, 0xb6, 0x03, 0xae, 0x02, 0x9e,
    0x02, 0x9e, 0xe2, 0x9d, 0x03, 0x9e, 0xe2, 0x9d, 0xe2, 0x95, 0xe3, 0x9d,
    0xe2, 0x9d, 0xe2, 0x95, 0xe3, 0x9d, 0xe2, 0x9d, 0xe2, 0x95, 0xe2, 0x95,
    0xe3, 0x95, 0xc2, 0x95, 0xc3, 0x8d, 0x25, 0x55, 0x05, 0x55, 0x25, 0x55,
    0x64, 0x75, 0xc2, 0x95, 0x83, 0x85, 0x83, 0x7d, 0xc2, 0x95, 0xc2, 0x8d,
    0xa2, 0x8d, 0xc2, 0x8d, 0xc2, 0x8d, 0xc2, 0x8d, 0xa2, 0x8d, 0xa2, 0x8d,
    0xa2, 0x85, 0xa2, 0x85, 0x82, 0x85, 0x83, 0x85, 0x82, 0x85, 0x82, 0x85,
    0x82, 0x85, 0x82, 0x85, 0x82, 0x85, 0x82, 0x7d, 0x62, 0x7d, 0x62, 0x7d,
    0x62, 0x7d, 0x62, 0x7d, 0x62, 0x75, 0x63, 0x75, 0x62, 0x75, 0x63, 0x75,
    0x43, 0x6d, 0x23, 0x65, 0x03, 0x65, 0x03, 0x55, 0xe3, 0x54, 0xc3, 0x4c,
    0xc3, 0x4c, 0xa4, 0x4c, 0xa3, 0x4c, 0xa4, 0x4c, 0xa4, 0x4c, 0xa3, 0x44,
    0x84, 0x44, 0xa4, 0x44, 0x83, 0x44, 0x83, 0x44, 0x64, 0x44, 0x64, 0x44,
    0x84, 0x44, 0x83, 0x44, 0x83, 0x44, 0x84, 0x44, 0x84, 0x44, 0x83, 0x44,
    0x83, 0x44, 0x84, 0x44, 0x63, 0x3c, 0x84, 0x3c, 0x64, 0x3c, 0x64, 0x3c,
    0x44, 0x3c, 0x64, 0x3c, 0x64, 0x3c, 0x44, 0x3c, 0x44, 0x3c, 0x44, 0x3c,
    0x44, 0x3c, 0x24, 0x34, 0x04, 0x34, 0x25, 0x34, 0x05, 0x34, 0x04, 0x34,
    0x04, 0x2c, 0x05, 0x34, 0x04, 0x2c, 0x25, 0x34, 0x04, 0x34, 0x05, 0x34,
    0xe5, 0x2b, 0xe4, 0x2b, 0xe4, 0x2b, 0xe5, 0x33, 0xe4, 0x2b, 0xc4, 0x2b,
    0x44, 0x3c, 0x44, 0x3c, 0xe5, 0x2b, 0xe4, 0x2b, 0x04, 0x34, 0x24, 0x34,
    0x25, 0x34, 0x24, 0x3c, 0x24, 0x34, 0xe5, 0x2b, 0xc5, 0x2b, 0xe5, 0x2b,
    0xe5, 0x2b, 0xe5, 0x2b, 0x44, 0x3c, 0x44, 0x44, 0x64, 0x44, 0x64, 0x44,
    0x64, 0x44, 0x64, 0x44, 0x64, 0x4c, 0x63, 0x4c, 0x84, 0x44, 0x64, 0x44,
    0x84, 0x4c, 0x24, 0x3c, 0xe5, 0x2b, 0x05, 0x2c, 0x05, 0x2c, 0x05, 0x2c,
    0x05, 0x34, 0x25, 0x2c, 0x25, 0x34, 0x45, 0x34, 0x44, 0x34, 0x44, 0x34,
    0x65, 0x3c, 0x84, 0x44, 0xa4, 0x44, 0xc4, 0x4c, 0xc4, 0x54, 0xe4, 0x54,
    0xe4, 0x54, 0x24, 0x5d, 0x03, 0x65, 0x23, 0x65, 0x23, 0x65, 0x23, 0x65,
    0x23, 0x65, 0x23, 0x65, 0x23, 0x65, 0x23, 0x65, 0x23, 0x65, 0x44, 0x65,
    0x43, 0x65, 0x43, 0x6d, 0x43, 0x6d, 0x43, 0x6d, 0x63, 0x6d, 0x63, 0x75,
    0x63, 0x75, 0x63, 0x75, 0x63, 0x75, 0x83, 0x75, 0x63, 0x7d, 0x83, 0x7d,
    0x83, 0x7d, 0x83, 0x75, 0x83, 0x7d, 0x83, 0x7d, 0x83, 0x7d, 0x83, 0x7d,
    0xa3, 0x7d, 0x83, 0x85, 0xa3, 0x85, 0xa3, 0x85, 0xa3, 0x85, 0x83, 0x7d,
    0xa3, 0x7d, 0xa3, 0x85, 0xa3, 0x85, 0xc3, 0x85, 0xc3, 0x8d, 0xc3, 0x8d,
    0xc3, 0x8d, 0xc3, 0x8d, 0xe3, 0x8d, 0xe3, 0x95, 0xe3, 0x95, 0xe3, 0x95,
    0xe3, 0x95, 0xe3, 0x9d, 0xe3, 0x9d, 0xe3, 0xa5, 0x03, 0xa6, 0x03, 0xae,
    0x03, 0xae, 0x03, 0xae, 0x03, 0xb6, 0x03, 0xb6, 0x03, 0xb6, 0x03, 0xb6,
    0x03, 0xb6, 0x23, 0xb6, 0x23, 0xbe, 0x23, 0xbe, 0x23, 0xbe, 0x23, 0xbe,
    0x23, 0xbe, 0x23, 0xbe, 0x22, 0xbe, 0x23, 0xbe, 0x23, 0xb6, 0x22, 0xbe,
    0x22, 0xbe, 0x23, 0xbe, 0x43, 0xbe, 0x23, 0xc6, 0x23, 0xc6, 0x43, 0xc6,
    0x23, 0xc6, 0x43, 0xc6, 0x43, 0xc6, 0x43, 0xc6, 0x43, 0xce, 0x23, 0xc6,
    0x23, 0xbe, 0x23, 0xbe, 0x22, 0xb6, 0x22, 0xae, 0x22, 0xae, 0x03, 0xa6,
    0x02, 0xa6, 0x03, 0xa6, 0x02, 0x9e, 0x03, 0xa6, 0x02, 0xa6, 0xe2, 0xa5,
    0x02, 0x9e, 0x02, 0x9e, 0xe2, 0x9d, 0xe3, 0x9d, 0xe2, 0x95, 0xe3, 0x9d,
    0xe2, 0x9d, 0xe3, 0x9d, 0xe3, 0x9d, 0xe2, 0x95, 0xe3, 0x9d, 0xa3, 0x8d,
    0x64, 0x75, 0xa3, 0x85, 0xa3, 0x85, 0x05, 0x55, 0x05, 0x55, 0x24, 0x55,
    0x44, 0x65, 0x44, 0x65, 0x24, 0x55, 0x44, 0x65, 0xc3, 0x95, 0xa2, 0x8d,
    0xc3, 0x8d, 0xa2, 0x8d, 0xc2, 0x8d, 0xc2, 0x8d, 0xa2, 0x8d, 0xa2, 0x8d,
    0xa2, 0x8d, 0xa2, 0x85, 0xa2, 0x85, 0xa2, 0x85, 0xa2, 0x85, 0xa2, 0x8d,
    0x82, 0x85, 0x82, 0x85, 0x82, 0x85, 0x82, 0x85, 0x82, 0x7d, 0x82, 0x7d,
    0x82, 0x7d, 0x82, 0x7d, 0x62, 0x7d, 0x62, 0x75, 0x42, 0x75, 0x42, 0x6d,
    0x43, 0x6d, 0x23, 0x65, 0x23, 0x65, 0x23, 0x65, 0x03, 0x5d, 0x03, 0x5d,
    0x03, 0x5d, 0x03, 0x5d, 0xe3, 0x54, 0xe3, 0x5c, 0x03, 0x5d, 0xc3, 0x4c,
    0xc4, 0x4c, 0x84, 0x44, 0x83, 0x44, 0xa4, 0x44, 0xa4, 0x44, 0xa3, 0x44,
    0xa3, 0x44, 0x83, 0x44, 0xa4, 0x44, 0xa3, 0x44, 0x84, 0x44, 0x84, 0x44,
    0x84, 0x44, 0x84, 0x44, 0x63, 0x44, 0x64, 0x3c, 0x64, 0x3c, 0x64, 0x3c,
    0x44, 0x3c, 0x64, 0x3c, 0x43, 0x3c, 0x44, 0x3c, 0x64, 0x3c, 0x44, 0x3c,
    0x44, 0x34, 0x24, 0x34, 0x24, 0x3c, 0x24, 0x34, 0x25, 0x34, 0x25, 0x34,
    0x04, 0x2c, 0x05, 0x2c, 0x04, 0x34, 0x04, 0x34, 0x04, 0x2c, 0x05, 0x34,
    0xe5, 0x2b, 0xe4, 0x2b, 0xe5, 0x2b, 0xc5, 0x2b, 0xe4, 0x2b, 0xc5, 0x2b,
    0x44, 0x3c, 0x24, 0x3c, 0xe5, 0x2b, 0xe4, 0x33, 0x05, 0x34, 0x24, 0x3c,
    0x24, 0x3c, 0x24, 0x3c, 0x25, 0x34, 0xe5, 0x2b, 0xe5, 0x2b, 0xc5, 0x2b,
    0xe5, 0x2b, 0x25, 0x34, 0x44, 0x3c, 0x44, 0x44, 0x64, 0x44, 0x64, 0x44,
    0x64, 0x44, 0x64, 0x44, 0x64, 0x44, 0x64, 0x44, 0x64, 0x44, 0x64, 0x4c,
    0x64, 0x44, 0xe5, 0x2b, 0x05, 0x2c, 0x05, 0x2c, 0x06, 0x34, 0x05, 0x2c,
    0x05, 0x2c, 0x25, 0x34, 0x45, 0x34, 0x44, 0x34, 0x45, 0x3c, 0x44, 0x3c,
    0x65, 0x3c, 0x84, 0x44, 0xc4, 0x4c, 0xc4, 0x54, 0xe4, 0x54, 0x04, 0x5d,
    0x03, 0x5d, 0x23, 0x65, 0x23, 0x65, 0x23, 0x65, 0x23, 0x65, 0x43, 0x6d,
    0x43, 0x6d, 0x43, 0x6d, 0x43, 0x6d, 0x43, 0x6d, 0x63, 0x6d, 0x43, 0x6d,
    0x63, 0x6d, 0x63, 0x6d, 0x43, 0x75, 0x63, 0x75, 0x63, 0x75, 0x63, 0x75,
    0x83, 0x75, 0x83, 0x7d, 0x83, 0x7d, 0x83, 0x7d, 0x83, 0x7d, 0xa3, 0x7d,
    0xa3, 0x85, 0xa3, 0x85, 0xa3, 0x85, 0xa3, 0x85, 0xa3, 0x85, 0xa3, 0x85,
    0xa3, 0x85, 0xc3, 0x85, 0xa3, 0x85, 0xa3, 0x8d, 0xc3, 0x85, 0xc3, 0x85,
    0xa3, 0x85, 0xa3, 0x85, 0xc3, 0x8d, 0xc3, 0x8d, 0xc3, 0x8d, 0xc3, 0x8d,
    0xc3, 0x8d, 0xc3, 0x8d, 0xc3, 0x8d, 0xc3, 0x95, 0xe3, 0x95, 0xe3, 0x95,
    0xe3, 0xa5, 0x03, 0xb6, 0xe3, 0xb5, 0x03, 0xb6, 0x03, 0xb6, 0x03, 0xb6,
    0x03, 0xbe, 0x03, 0xbe, 0x23, 0xbe, 0x23, 0xbe, 0x03, 0xbe, 0x23, 0xbe,
    0x03, 0xbe, 0x23, 0xbe, 0x23, 0xbe, 0x23, 0xbe, 0x23, 0xc6, 0x23, 0xc6,
    0x23, 0xc6, 0x43, 0xc6, 0x23, 0xc6, 0x23, 0xbe, 0x23, 0xc6, 0x23, 0xc6,
    0x43, 0xc6, 0x43, 0xc6, 0x43, 0xc6, 0x43, 0xce, 0x43, 0xc6, 0x43, 0xc6,
    0x23, 0xbe, 0x22, 0xbe, 0x22, 0xb6, 0x22, 0xae, 0x02, 0xae, 0x22, 0xae,
    0x02, 0xa6, 0x02, 0xa6, 0x02, 0xa6, 0x02, 0xa6, 0x23, 0xae, 0x22, 0xa6,
    0x02, 0xa6, 0x02, 0xa6, 0x02, 0xa6, 0x02, 0xa6, 0x02, 0x9e, 0x02, 0xa6,
    0x03, 0xa6, 0x02, 0x9e, 0xe2, 0x9d, 0x02, 0x9e, 0x02, 0x9e, 0xe2, 0x95,
    0xe2, 0x9d, 0xe2, 0x95, 0xe2, 0x95, 0xe2, 0x9d, 0xe2, 0x9d, 0x83, 0x7d,
    0x24, 0x5d, 0x24, 0x5d, 0x44, 0x5d, 0x25, 0x55, 0x25, 0x55, 0x05, 0x55,
    0x24, 0x5d, 0x24, 0x5d, 0x24, 0x5d, 0xc2, 0x8d, 0xa3, 0x8d, 0xc2, 0x8d,
    0xa2, 0x8d, 0xc2, 0x8d, 0xa2, 0x8d, 0xa2, 0x8d, 0xc2, 0x8d, 0xa2, 0x8d,
    0xa2, 0x8d, 0x82, 0x85, 0x83, 0x85, 0x82, 0x85, 0xa2, 0x8d, 0x82, 0x85,
    0xa2, 0x8d, 0xa2, 0x85, 0xa2, 0x85, 0x82, 0x85, 0x83, 0x85, 0x63, 0x7d,
    0x63, 0x7d, 0x43, 0x75, 0x43, 0x75, 0x43, 0x6d, 0x43, 0x6d, 0x42, 0x6d,
    0x23, 0x65, 0x23, 0x65, 0x22, 0x65, 0x23, 0x65, 0x23, 0x65, 0x23, 0x6d,
    0x23, 0x65, 0x23, 0x65, 0x23, 0x65, 0x03, 0x65, 0x03, 0x5d, 0xe3, 0x54,
    0xe3, 0x54, 0xc3, 0x54, 0xc3, 0x54, 0xc3, 0x4c, 0xc3, 0x4c, 0xc3, 0x4c,
    0xa4, 0x4c, 0xa4, 0x4c, 0x83, 0x44, 0x83, 0x44, 0x83, 0x44, 0x63, 0x44,
    0x63, 0x3c, 0x64, 0x3c, 0x64, 0x3c, 0x64, 0x3c, 0x44, 0x3c, 0x43, 0x3c,
    0x64, 0x3c, 0x44, 0x3c, 0x44, 0x3c, 0x44, 0x3c, 0x44, 0x3c, 0x44, 0x3c,
    0x44, 0x3c, 0x24, 0x34, 0x24, 0x34, 0x24, 0x34, 0x24, 0x34, 0x04, 0x34,
    0x04, 0x34, 0x05, 0x34, 0x04, 0x2c, 0xe5, 0x2b, 0xe5, 0x2b, 0xe4, 0x2b,
    0xe4, 0x2b, 0xe5, 0x33, 0xe5, 0x2b, 0xc5, 0x2b, 0xe4, 0x2b, 0xe5, 0x2b,
    0x24, 0x3c, 0x24, 0x3c, 0xe4, 0x2b, 0x05, 0x34, 0x04, 0x34, 0x25, 0x34,
    0x24, 0x3c, 0x24, 0x3c, 0x05, 0x34, 0xc5, 0x2b, 0xc5, 0x2b, 0xc5, 0x23,
    0x25, 0x34, 0x44, 0x3c, 0x44, 0x3c, 0x44, 0x3c, 0x64, 0x44, 0x64, 0x44,
    0x64, 0x44, 0x64, 0x44, 0x64, 0x44, 0x64, 0x44, 0x64, 0x44, 0x84, 0x4c,
    0x05, 0x2c, 0xe5, 0x2b, 0x05, 0x2c, 0x05, 0x2c, 0x05, 0x2c, 0x05, 0x34,
    0x05, 0x2c, 0x25, 0x34, 0x45, 0x34, 0x45, 0x34, 0x25, 0x34, 0x45, 0x3c,
    0x64, 0x3c, 0xa4, 0x44, 0xc4, 0x54, 0xe4, 0x54, 0xe3, 0x5c, 0x03, 0x5d,
    0x23, 0x65, 0x23, 0x65, 0x23, 0x65, 0x43, 0x6d, 0x43, 0x6d, 0x23, 0x6d,
    0x43, 0x6d, 0x43, 0x6d, 0x43, 0x6d, 0x63, 0x75, 0x43, 0x75, 0x63, 0x75,
    0x63, 0x75, 0x63, 0x75, 0x63, 0x75, 0x63, 0x75, 0x83, 0x7d, 0x83, 0x7d,
    0x83, 0x7d, 0x83, 0x7d, 0x83, 0x7d, 0x83, 0x7d, 0xa3, 0x85, 0xa2, 0x85,
    0xa3, 0x85, 0xa3, 0x85, 0xa2, 0x85, 0xa3, 0x85, 0xc2, 0x85, 0xc3, 0x8d,
    0xa3, 0x8d, 0xc3, 0x8d, 0xc3, 0x8d, 0xc3, 0x8d, 0xc3, 0x8d, 0xc3, 0x8d,
    0xc3, 0x8d, 0xc3, 0x8d, 0xc3, 0x8d, 0xc3, 0x8d, 0xc3, 0x8d, 0xc3, 0x8d,
    0xc3, 0x8d, 0xc3, 0x95, 0xe3, 0x95, 0xe3, 0x95, 0xe3, 0x95, 0xe3, 0x95,
    0xe3, 0x9d, 0x02, 0xa6, 0x03, 0xae, 0x03, 0xbe, 0x03, 0xbe, 0x23, 0xbe,
    0x03, 0xbe, 0x03, 0xbe, 0x23, 0xbe, 0x03, 0xbe, 0x23, 0xbe, 0x23, 0xbe,
    0x23, 0xbe, 0x23, 0xc6, 0x23, 0xc6, 0x43, 0xc6, 0x43, 0xc6, 0x23, 0xc6,
    0x43, 0xc6, 0x43, 0xc6, 0x23, 0xc6, 0x43, 0xc6, 0x43, 0xc6, 0x43, 0xc6,
    0x23, 0xc6, 0x22, 0xc6, 0x23, 0xc6, 0x22, 0xbe, 0x22, 0xb6, 0x22, 0xb6,
    0x22, 0xae, 0x22, 0xae, 0x22, 0xae, 0x22, 0xae, 0x22, 0xae, 0x22, 0xae,
    0x22, 0xae, 0x22, 0xae, 0x22, 0xa6, 0x02, 0xa6, 0x22, 0xae, 0x02, 0xa6,
    0x02, 0xa6, 0x22, 0xa6, 0x02, 0xa6, 0x02, 0xa6, 0x02, 0xa6, 0x03, 0x9e,
    0x02, 0xa6, 0x02, 0x9e, 0xe3, 0x9d, 0xe2, 0x9d, 0x02, 0x9e, 0xe2, 0x9d,
    0x03, 0x9e, 0xe2, 0x95, 0xc3, 0x8d, 0xc3, 0x85, 0xc3, 0x85, 0xc3, 0x95,
    0xa3, 0x7d, 0x24, 0x5d, 0x25, 0x5d, 0x24, 0x5d, 0x24, 0x5d, 0x25, 0x55,
    0x05, 0x55, 0x05, 0x55, 0x24, 0x5d, 0x04, 0x5d, 0x24, 0x5d, 0x24, 0x5d,
    0x44, 0x65, 0x63, 0x75, 0x83, 0x85, 0xa2, 0x8d, 0xc2, 0x8d, 0xa2, 0x8d,
    0xa3, 0x85, 0xa2, 0x85, 0xa2, 0x8d, 0xa2, 0x85, 0xa2, 0x8d, 0xa2, 0x8d,
    0x82, 0x85, 0xa2, 0x85, 0x82, 0x85, 0x82, 0x85, 0x62, 0x7d, 0x62, 0x75,
    0x62, 0x75, 0x42, 0x75, 0x42, 0x6d, 0x42, 0x6d, 0x43, 0x6d, 0x42, 0x6d,
    0x42, 0x6d, 0x42, 0x6d, 0x42, 0x6d, 0x43, 0x6d, 0x22, 0x6d, 0x42, 0x6d,
    0x43, 0x6d, 0x03, 0x65, 0x03, 0x5d, 0x23, 0x65, 0x02, 0x5d, 0xe3, 0x5c,
    0xe3, 0x5c, 0xe3, 0x5c, 0xe3, 0x54, 0xc3, 0x54, 0xc3, 0x54, 0xc4, 0x54,
    0xc3, 0x4c, 0xa3, 0x4c, 0xc4, 0x4c, 0xa4, 0x4c, 0xa4, 0x4c, 0x84, 0x44,
    0x84, 0x44, 0x64, 0x3c, 0x64, 0x3c, 0x64, 0x3c, 0x44, 0x3c, 0x44, 0x3c,
    0x44, 0x3c, 0x44, 0x3c, 0x44, 0x3c, 0x44, 0x3c, 0x43, 0x34, 0x44, 0x3c,
    0x44, 0x34, 0x24, 0x34, 0x24, 0x34, 0x24, 0x34, 0x24, 0x34, 0x04, 0x34,
    0x05, 0x34, 0x04, 0x2c, 0xe5, 0x33, 0xe4, 0x2b, 0xe5, 0x2b, 0xe4, 0x2b,
    0xe5, 0x2b, 0xe4, 0x2b, 0xc4, 0x2b, 0xe4, 0x2b, 0xe5, 0x2b, 0xc5, 0x2b,
    0x24, 0x3c, 0x04, 0x34, 0xe5, 0x33, 0xe4, 0x33, 0x04, 0x34, 0x04, 0x34,
    0x05, 0x34, 0x24, 0x34, 0xe5, 0x2b, 0xc5, 0x2b, 0xc5, 0x2b, 0xe5, 0x2b,
    0x24, 0x3c, 0x44, 0x3c, 0x24, 0x3c, 0x44, 0x3c, 0x44, 0x44, 0x64, 0x44,
    0x44, 0x44, 0x64, 0x44, 0x64, 0x44, 0x64, 0x44, 0x64, 0x44, 0x24, 0x34,
    0xe5, 0x2b, 0xe5, 0x2b, 0xe5, 0x2b, 0x05, 0x2c, 0x05, 0x2c, 0x05, 0x2c,
    0x25, 0x34, 0x25, 0x34, 0x25, 0x34, 0x45, 0x34, 0x45, 0x34, 0x44, 0x34,
    0x64, 0x3c, 0x84, 0x4c, 0xc4, 0x54, 0xe4, 0x54, 0x03, 0x5d, 0x03, 0x5d,
    0x23, 0x65, 0x23, 0x65, 0x23, 0x65, 0x23, 0x6d, 0x43, 0x6d, 0x43, 0x6d,
    0x43, 0x6d, 0x43, 0x6d, 0x63, 0x75, 0x43, 0x75, 0x63, 0x75, 0x62, 0x75,
    0x62, 0x75, 0x62, 0x75, 0x83, 0x7d, 0x82, 0x7d, 0x82, 0x7d, 0x82, 0x7d,
    0x82, 0x7d, 0x82, 0x7d, 0x82, 0x85, 0xa2, 0x85, 0xa2, 0x85, 0x82, 0x85,
    0xa3, 0x85, 0xa3, 0x85, 0xa2, 0x85, 0xc3, 0x85, 0xa3, 0x8d, 0xc2, 0x8d,
    0xc2, 0x8d, 0xc3, 0x8d, 0xc2, 0x8d, 0xc2, 0x8d, 0xc3, 0x95, 0xc2, 0x8d,
    0xc3, 0x8d, 0xc3, 0x8d, 0xc3, 0x8d, 0xc3, 0x8d, 0xe2, 0x8d, 0xe3, 0x95,
    0xc3, 0x8d, 0xe3, 0x95, 0xe2, 0x95, 0xe3, 0x95, 0xe2, 0x95, 0xe3, 0x9d,
    0x02, 0x9e, 0xe2, 0x9d, 0xe3, 0x9d, 0x02, 0x9e, 0x02, 0xa6, 0x03, 0xb6,
    0x03, 0xb6, 0x23, 0xbe, 0x23, 0xbe, 0x23, 0xbe, 0x23, 0xbe, 0x23, 0xc6,
    0x23, 0xc6, 0x23, 0xc6, 0x23, 0xc6, 0x43, 0xc6, 0x23, 0xc6, 0x23, 0xc6,
    0x43, 0xc6, 0x43, 0xc6, 0x23, 0xce, 0x43, 0xce, 0x43, 0xc6, 0x43, 0xce,
    0x43, 0xce, 0x43, 0xce, 0x43, 0xce, 0x43, 0xce, 0x43, 0xce, 0x43, 0xce,
    0x43, 0xce, 0x43, 0xc6, 0x43, 0xc6, 0x22, 0xbe, 0x22, 0xb6, 0x22, 0xae,
    0x22, 0xae, 0x02, 0xae, 0x22, 0xae, 0x22, 0xae, 0x22, 0xae, 0x02, 0xa6,
    0x02, 0xae, 0x22, 0xae, 0x02, 0xa6, 0x02, 0xa6, 0x02, 0xa6, 0x02, 0xa6,
    0x02, 0xa6, 0x02, 0xa6, 0xe2, 0x9d, 0x02, 0xa6, 0xe2, 0x9d, 0xe3, 0x9d,
    0xe2, 0x9d, 0xe2, 0x9d, 0xa3, 0x85, 0x63, 0x75, 0x64, 0x6d, 0x63, 0x6d,
    0x64, 0x6d, 0x83, 0x75, 0x44, 0x65, 0x44, 0x5d, 0x44, 0x65, 0x44, 0x65,
    0x44, 0x5d, 0x24, 0x65, 0x44, 0x5d, 0x24, 0x5d, 0x24, 0x5d, 0x24, 0x5d,
    0x24, 0x65, 0x43, 0x65, 0x43, 0x6d, 0x43, 0x6d, 0x63, 0x75, 0xa2, 0x85,
    0xa2, 0x8d, 0xa2, 0x85, 0xa2, 0x8d, 0x82, 0x85, 0xa2, 0x85, 0xa2, 0x8d,
    0x82, 0x85, 0xa2, 0x8d, 0x82, 0x7d, 0x63, 0x75, 0x62, 0x75, 0x62, 0x75,
    0x43, 0x6d, 0x43, 0x6d, 0x42, 0x75, 0x43, 0x6d, 0x43, 0x6d, 0x43, 0x6d,
    0x23, 0x6d, 0x23, 0x6d, 0x22, 0x6d, 0x23, 0x6d, 0x42, 0x6d, 0x42, 0x6d,
    0x23, 0x6d, 0x03, 0x65, 0x02, 0x65, 0x02, 0x65, 0x03, 0x5d, 0x03, 0x5d,
    0xe3, 0x5c, 0x03, 0x5d, 0xe3, 0x5c, 0xe3, 0x5c, 0xe3, 0x5c, 0xe3, 0x54,
    0xc3, 0x54, 0xe3, 0x54, 0xc3, 0x54, 0xc3, 0x4c, 0xc3, 0x4c, 0xa3, 0x4c,
    0x83, 0x44, 0x64, 0x44, 0x63, 0x44, 0x63, 0x3c, 0x64, 0x3c, 0x44, 0x3c,
    0x44, 0x3c, 0x44, 0x34, 0x44, 0x3c, 0x44, 0x3c, 0x24, 0x34, 0x44, 0x3c,
    0x44, 0x3c, 0x44, 0x3c, 0x24, 0x34, 0x24, 0x34, 0x24, 0x34, 0x05, 0x34,
    0x04, 0x2c, 0x04, 0x2c, 0xe5, 0x33, 0xe4, 0x2b, 0xe4, 0x2b, 0xe5, 0x33,
    0xe5, 0x2b, 0xe5, 0x2b, 0xc4, 0x2b, 0xc5, 0x2b, 0xc5, 0x2b, 0xc4, 0x2b,
    0x24, 0x3c, 0x04, 0x34, 0xe5, 0x2b, 0xe5, 0x33, 0x04, 0x34, 0x04, 0x34,
    0x05, 0x34, 0x04, 0x34, 0xc5, 0x2b, 0xc5, 0x2b, 0xe5, 0x2b, 0x24, 0x34,
    0x24, 0x3c, 0x24, 0x3c, 0x44, 0x3c, 0x44, 0x3c, 0x44, 0x3c, 0x44, 0x44,
    0x44, 0x3c, 0x44, 0x44, 0x64, 0x44, 0x64, 0x44, 0x24, 0x3c, 0xe5, 0x2b,
    0xe5, 0x2b, 0xe6, 0x2b, 0xe5, 0x2b, 0x05, 0x2c, 0xe5, 0x2b, 0x05, 0x2c,
    0x05, 0x2c, 0x25, 0x34, 0x25, 0x34, 0x25, 0x34, 0x25, 0x34, 0x05, 0x34,
    0x45, 0x34, 0x65, 0x3c, 0xc4, 0x54, 0xe4, 0x54, 0x84, 0x44, 0x65, 0x44,
    0xe4, 0x5c, 0x23, 0x65, 0x23, 0x6d, 0x43, 0x6d, 0x43, 0x6d, 0x43, 0x6d,
    0x43, 0x6d, 0x43, 0x75, 0x62, 0x75, 0x63, 0x75, 0x63, 0x75, 0x63, 0x75,
    0x62, 0x7d, 0x83, 0x7d, 0x62, 0x7d, 0x82, 0x7d, 0x83, 0x7d, 0x82, 0x7d,
    0x82, 0x85, 0xa3, 0x85, 0x82, 0x85, 0x82, 0x85, 0xa3, 0x85, 0xa3, 0x85,
    0xa2, 0x85, 0xa2, 0x85, 0xa2, 0x85, 0xc3, 0x8d, 0xa2, 0x8d, 0xa2, 0x85,
    0xc2, 0x8d, 0xa3, 0x8d, 0xc2, 0x8d, 0xc2, 0x8d, 0xc3, 0x8d, 0xc2, 0x8d,
    0xc2, 0x8d, 0xc3, 0x8d, 0xc2, 0x95, 0xc2, 0x95, 0xc3, 0x95, 0xe2, 0x95,
    0xc2, 0x95, 0xc3, 0x95, 0xe2, 0x95, 0xe3, 0x95, 0xe2, 0x95, 0xe2, 0x9d,
    0xe2, 0x9d, 0x03, 0x9e, 0x03, 0x9e, 0x02, 0x9e, 0xe3, 0x9d, 0xe2, 0x9d,
    0x02, 0x9e, 0x03, 0xae, 0x03, 0xbe, 0x23, 0xc6, 0x23, 0xc6, 0x23, 0xc6,
    0x23, 0xc6, 0x23, 0xc6, 0x23, 0xc6, 0x43, 0xce, 0x43, 0xce, 0x43, 0xce,
    0x43, 0xce, 0x43, 0xce, 0x43, 0xce, 0x43, 0xce, 0x43, 0xce, 0x43, 0xce,
    0x43, 0xce, 0x43, 0xce, 0x43, 0xce, 0x43, 0xce, 0x42, 0xce, 0x43, 0xce,
    0x43, 0xce, 0x42, 0xce, 0x43, 0xce, 0x42, 0xc6, 0x22, 0xb6, 0x22, 0xae,
    0x22, 0xae, 0x22, 0xae, 0x03, 0xae, 0x02, 0xae, 0x22, 0xae, 0x22, 0xae,
    0x22, 0xae, 0x02, 0xa6, 0x02, 0xae, 0x02, 0xa6, 0x02, 0xae, 0x02, 0xa6,
    0x02, 0xa6, 0x02, 0xa6, 0x02, 0xa6, 0x02, 0x9e, 0x02, 0x9e, 0xe2, 0x9d,
    0x02, 0x9e, 0xe2, 0x9d, 0xc2, 0x95, 0xa3, 0x85, 0xa3, 0x7d, 0x83, 0x7d,
    0x83, 0x7d, 0x83, 0x75, 0x63, 0x75, 0x83, 0x75, 0x83, 0x75, 0x63, 0x75,
    0x63, 0x6d, 0x63, 0x75, 0x63, 0x75, 0x63, 0x75, 0x63, 0x6d, 0x63, 0x75,
    0x63, 0x75, 0x63, 0x75, 0x63, 0x75, 0x83, 0x7d, 0x83, 0x85, 0xa2, 0x8d,
    0xa2, 0x8d, 0xa2, 0x8d, 0xa2, 0x85, 0x82, 0x85, 0x82, 0x85, 0x82, 0x85,
    0x82, 0x85, 0x82, 0x85, 0x82, 0x7d, 0x62, 0x7d, 0x63, 0x75, 0x43, 0x75,
    0x43, 0x6d, 0x42, 0x75, 0x42, 0x75, 0x42, 0x75, 0x42, 0x75, 0x43, 0x6d,
    0x22, 0x6d, 0x43, 0x6d, 0x42, 0x6d, 0x23, 0x6d, 0x43, 0x6d, 0x42, 0x6d,
    0x22, 0x6d, 0x23, 0x6d, 0x22, 0x65, 0x22, 0x65, 0x23, 0x65, 0x02, 0x65,
    0x22, 0x65, 0x02, 0x65, 0x03, 0x65, 0xe3, 0x5c, 0xe3, 0x5c, 0xe3, 0x5c,
    0xe3, 0x5c, 0xe3, 0x5c, 0xe3, 0x54, 0xc3, 0x54, 0xc3, 0x4c, 0xc3, 0x44,
    0xa4, 0x44, 0x84, 0x44, 0x64, 0x54, 0x64, 0x54, 0x64, 0x54, 0x64, 0x44,
    0x44, 0x3c, 0x44, 0x34, 0x43, 0x34, 0x44, 0x3c, 0x44, 0x34, 0x23, 0x34,
    0x44, 0x3c, 0x24, 0x3c, 0x24, 0x34, 0x24, 0x34, 0x24, 0x34, 0x04, 0x34,
    0x04, 0x34, 0x05, 0x34, 0xe4, 0x2b, 0xe5, 0x2b, 0xe4, 0x2b, 0xe5, 0x2b,
    0xe5, 0x2b, 0xe4, 0x2b, 0xc5, 0x2b, 0xe5, 0x33, 0xe4, 0x2b, 0xc5, 0x2b,
    0x04, 0x34, 0xe4, 0x33, 0xe5, 0x2b, 0xe4, 0x2b, 0x04, 0x34, 0x05, 0x34,
    0x04, 0x34, 0x04, 0x34, 0xc5, 0x2b, 0xc5, 0x2b, 0xe5, 0x33, 0x24, 0x34,
    0x25, 0x3c, 0x24, 0x3c, 0x44, 0x3c, 0x44, 0x3c, 0x44, 0x3c, 0x44, 0x3c,
    0x44, 0x44, 0x64, 0x44, 0x64, 0x44, 0x24, 0x3c, 0xe5, 0x2b, 0xe5, 0x2b,
    0xc5, 0x2b, 0xe5, 0x2b, 0xe5, 0x2b, 0xe5, 0x2b, 0xe5, 0x2b, 0xe5, 0x2b,
    0x05, 0x2c, 0x05, 0x2c, 0x05, 0x2c, 0x05, 0x2c, 0x05, 0x2c, 0x25, 0x2c,
    0x05, 0x2c, 0x45, 0x3c, 0xc3, 0x54, 0x64, 0x3c, 0x45, 0x34, 0x45, 0x34,
    0x84, 0x44, 0x23, 0x65, 0x43, 0x6d, 0x23, 0x6d, 0x23, 0x6d, 0x43, 0x6d,
    0x43, 0x6d, 0x43, 0x6d, 0x43, 0x75, 0x62, 0x75, 0x62, 0x75, 0x63, 0x75,
    0x63, 0x7d, 0x82, 0x7d, 0x63, 0x7d, 0x83, 0x7d, 0x82, 0x7d, 0x83, 0x7d,
    0x83, 0x85, 0xa2, 0x85, 0xa3, 0x85, 0x83, 0x85, 0xa2, 0x85, 0x82, 0x85,
    0xa3, 0x85, 0xa3, 0x85, 0xa2, 0x85, 0xa2, 0x8d, 0xc3, 0x8d, 0xc2, 0x8d,
    0xc3, 0x8d, 0xc2, 0x8d, 0xc3, 0x8d, 0xc2, 0x8d, 0xc3, 0x8d, 0xc3, 0x95,
    0xc2, 0x95, 0xc2, 0x95, 0xe3, 0x95, 0xc2, 0x95, 0xe3, 0x95, 0xc2, 0x95,
    0xe3, 0x95, 0xe2, 0x95, 0xe3, 0x9d, 0xe2, 0x9d, 0xe3, 0x9d, 0xe2, 0x9d,
    0xe3, 0xa5, 0xe3, 0xa5, 0x02, 0xae, 0x03, 0xae, 0x03, 0xb6, 0x23, 0xbe,
    0x23, 0xbe, 0x23, 0xc6, 0x23, 0xc6, 0x23, 0xc6, 0x23, 0xc6, 0x23, 0xc6,
    0x23, 0xc6, 0x43, 0xce, 0x43, 0xc6, 0x23, 0xce, 0x23, 0xce, 0x43, 0xce,
    0x43, 0xce, 0x43, 0xce, 0x43, 0xce, 0x43, 0xd6, 0x43, 0xce, 0x43, 0xd6,
    0x43, 0xce, 0x43, 0xd6, 0x43, 0xd6, 0x42, 0xce, 0x43, 0xce, 0x42, 0xce,
    0x42, 0xbe, 0x22, 0xb6, 0x22, 0xb6, 0x22, 0xae, 0x22, 0xae, 0x22, 0xae,
    0x22, 0xae, 0x02, 0xa6, 0x22, 0xae, 0x02, 0xae, 0x02, 0xa6, 0x22, 0xae,
    0x22, 0xae, 0x22, 0xae, 0x02, 0xae, 0x22, 0xa6, 0x02, 0xa6, 0x02, 0xa6,
    0x02, 0xa6, 0x02, 0xa6, 0x02, 0xa6, 0x02, 0xa6, 0xe2, 0xa5, 0x02, 0xa6,
    0x02, 0xa6, 0x02, 0x9e, 0xe2, 0x9d, 0xe2, 0x9d, 0xe2, 0x9d, 0xe2, 0x9d,
    0xe2, 0x9d, 0x02, 0x9e, 0xe2, 0x9d, 0xe2, 0x9d, 0xe2, 0x95, 0xc2, 0x95,
    0xc2, 0x95, 0xc2, 0x8d, 0xc2, 0x95, 0xa2, 0x8d, 0xc2, 0x95, 0xc2, 0x8d,
    0xc2, 0x8d, 0xa2, 0x8d, 0xc2, 0x95, 0xc2, 0x8d, 0xc2, 0x95, 0xa2, 0x8d,
    0xa2, 0x8d, 0xa2, 0x8d, 0x82, 0x8d, 0xa2, 0x8d, 0xa2, 0x85, 0x82, 0x85,
    0xa2, 0x85, 0x82, 0x85, 0x82, 0x85, 0x82, 0x85, 0x62, 0x7d, 0x62, 0x7d,
    0x62, 0x75, 0x62, 0x7d, 0x62, 0x75, 0x62, 0x75, 0x42, 0x75, 0x42, 0x75,
    0x42, 0x75, 0x42, 0x75, 0x42, 0x75, 0x42, 0x75, 0x42, 0x75, 0x42, 0x75,
    0x42, 0x6d, 0x42, 0x6d, 0x42, 0x6d, 0x42, 0x6d, 0x22, 0x6d, 0x22, 0x6d,
    0x22, 0x6d, 0x22, 0x6d, 0x22, 0x65, 0x23, 0x65, 0x22, 0x65, 0x03, 0x65,
    0x03, 0x65, 0x03, 0x5d, 0xe3, 0x5c, 0xa4, 0x74, 0x85, 0x9c, 0x26, 0xbc,
    0x26, 0xc4, 0x26, 0xcc, 0x26, 0xcc, 0x26, 0xcc, 0x26, 0xc4, 0x25, 0xc4,
    0x25, 0xc4, 0x26, 0xac, 0x25, 0x6c, 0x24, 0x3c, 0x44, 0x3c, 0x44, 0x3c,
    0x24, 0x34, 0x24, 0x34, 0x24, 0x3c, 0x24, 0x34, 0x24, 0x34, 0x04, 0x34,
    0x04, 0x34, 0x04, 0x2c, 0x05, 0x34, 0xe5, 0x2b, 0xe5, 0x2b, 0xe4, 0x2b,
    0xe5, 0x2b, 0xc4, 0x2b, 0xe5, 0x2b, 0xc4, 0x2b, 0xc5, 0x2b, 0xc5, 0x2b,
    0x04, 0x34, 0xe5, 0x33, 0xc4, 0x2b, 0xe5, 0x33, 0xe5, 0x33, 0x04, 0x34,
    0x04, 0x34, 0xe5, 0x33, 0xc5, 0x2b, 0xe5, 0x2b, 0x04, 0x34, 0x24, 0x34,
    0x24, 0x3c, 0x25, 0x3c, 0x44, 0x3c, 0x24, 0x3c, 0x44, 0x44, 0x44, 0x3c,
    0x44, 0x3c, 0x64, 0x44, 0x24, 0x3c, 0xe5, 0x2b, 0xc5, 0x23, 0xc5, 0x2b,
    0xe5, 0x2b, 0xe6, 0x2b, 0xe5, 0x2b, 0xe6, 0x2b, 0xe6, 0x2b, 0xe5, 0x2b,
    0x05, 0x2c, 0xe5, 0x2b, 0xe5, 0x2b, 0x05, 0x2c, 0x05, 0x34, 0x05, 0x2c,
    0x05, 0x2c, 0x25, 0x34, 0xa4, 0x4c, 0x45, 0x34, 0x45, 0x34, 0x45, 0x34,
    0xc4, 0x4c, 0x23, 0x65, 0xe4, 0x54, 0xc4, 0x4c, 0x03, 0x5d, 0x23, 0x6d,
    0x23, 0x6d, 0x43, 0x6d, 0x43, 0x6d, 0x42, 0x75, 0x63, 0x75, 0x63, 0x75,
    0x62, 0x75, 0x62, 0x75, 0x83, 0x7d, 0x82, 0x7d, 0x82, 0x7d, 0x82, 0x7d,
    0x82, 0x85, 0xa2, 0x85, 0x82, 0x7d, 0xa2, 0x85, 0xa2, 0x85, 0xa2, 0x85,
    0xa3, 0x85, 0xa3, 0x85, 0xa2, 0x8d, 0xa2, 0x85, 0xa2, 0x85, 0xa3, 0x8d,
    0xa2, 0x8d, 0xc2, 0x8d, 0xc3, 0x8d, 0xc2, 0x8d, 0xa2, 0x8d, 0xc2, 0x8d,
    0xc2, 0x8d, 0xc3, 0x95, 0xc2, 0x8d, 0xc2, 0x95, 0xe3, 0x95, 0xe3, 0x95,
    0xe2, 0x95, 0xe3, 0xa5, 0xe2, 0xad, 0x03, 0xb6, 0x03, 0xbe, 0x03, 0xbe,
    0x03, 0xbe, 0x22, 0xbe, 0x23, 0xbe, 0x23, 0xc6, 0x23, 0xc6, 0x22, 0xc6,
    0x23, 0xc6, 0x23, 0xc6, 0x23, 0xc6, 0x22, 0xc6, 0x23, 0xc6, 0x23, 0xc6,
    0x43, 0xce, 0x42, 0xce, 0x43, 0xce, 0x43, 0xce, 0x42, 0xce, 0x43, 0xce,
    0x42, 0xce, 0x43, 0xce, 0x43, 0xd6, 0x63, 0xd6, 0x42, 0xce, 0x43, 0xce,
    0x62, 0xce, 0x42, 0xc6, 0x22, 0xb6, 0x42, 0xb6, 0x22, 0xb6, 0x22, 0xae,
    0x22, 0xae, 0x22, 0xb6, 0x22, 0xae, 0x22, 0xae, 0x22, 0xae, 0x22, 0xae,
    0x22, 0xae, 0x02, 0xae, 0x22, 0xae, 0x22, 0xae, 0x22, 0xae, 0x22, 0xae,
    0x02, 0xae, 0x22, 0xae, 0x02, 0xa6, 0x02, 0xae, 0x22, 0xae, 0x02, 0xae,
    0x02, 0xa6, 0x02, 0xa6, 0x02, 0xa6, 0x02, 0xa6, 0x02, 0xa6, 0xe2, 0xa5,
    0x02, 0xa6, 0xe2, 0x9d, 0xe2, 0x9d, 0x02, 0xa6, 0xe2, 0x9d, 0xe2, 0x9d,
    0xe2, 0x9d, 0xe2, 0x9d, 0xe2, 0x9d, 0xe2, 0x9d, 0xe2, 0x9d, 0xe2, 0x9d,
    0xe2, 0x9d, 0xe2, 0x9d, 0xc2, 0x95, 0xc2, 0x9d, 0xc2, 0x95, 0xc2, 0x95,
    0xc2, 0x95, 0xc2, 0x95, 0xc2, 0x95, 0xa2, 0x95, 0xc2, 0x8d, 0xa2, 0x8d,
    0xa2, 0x8d, 0xa2, 0x8d, 0xa2, 0x8d, 0xa2, 0x8d, 0xa2, 0x8d, 0xa2, 0x8d,
    0x82, 0x8d, 0x82, 0x8d, 0x82, 0x8d, 0xa2, 0x85, 0x82, 0x85, 0x82, 0x85,
    0x82, 0x85, 0x82, 0x85, 0x82, 0x85, 0x62, 0x7d, 0x62, 0x7d, 0x62, 0x7d,
    0x62, 0x7d, 0x62, 0x7d, 0x62, 0x7d, 0x62, 0x75, 0x62, 0x75, 0x42, 0x75,
    0x43, 0x75, 0x42, 0x75, 0x42, 0x75, 0x23, 0x6d, 0x43, 0x6d, 0x42, 0x6d,
    0x23, 0x6d, 0x23, 0x6d, 0x22, 0x65, 0x22, 0x65, 0x23, 0x65, 0x23, 0x65,
    0x02, 0x65, 0x84, 0x8c, 0x46, 0xc4, 0x26, 0xcc, 0x26, 0xc4, 0x26, 0xc4,
    0x26, 0xc4, 0x26, 0xc4, 0x26, 0xc4, 0x26, 0xc4, 0x26, 0xc4, 0x26, 0xc4,
    0x06, 0xc4, 0x06, 0xbc, 0xe6, 0xbb, 0xc5, 0xa3, 0x24, 0x3c, 0x44, 0x34,
    0x44, 0x34, 0x44, 0x3c, 0x24, 0x3c, 0x24, 0x34, 0x24, 0x34, 0x05, 0x34,
    0x04, 0x34, 0x04, 0x34, 0xe4, 0x33, 0xe4, 0x33, 0xe4, 0x2b, 0xc5, 0x2b,
    0xe4, 0x33, 0xc5, 0x2b, 0xc5, 0x2b, 0xc4, 0x2b, 0xc4, 0x2b, 0xc4, 0x2b,
    0xe4, 0x33, 0xe5, 0x2b, 0xc4, 0x2b, 0xe4, 0x33, 0x05, 0x34, 0x04, 0x34,
    0x04, 0x34, 0xc5, 0x2b, 0xc5, 0x2b, 0xe4, 0x33, 0x24, 0x34, 0x25, 0x34,
    0x24, 0x3c, 0x24, 0x34, 0x24, 0x3c, 0x24, 0x3c, 0x44, 0x3c, 0x44, 0x3c,
    0x44, 0x44, 0x24, 0x3c, 0xe5, 0x2b, 0xc5, 0x2b, 0xc5, 0x23, 0xc5, 0x2b,
    0xe5, 0x2b, 0xe5, 0x2b, 0xe5, 0x2b, 0xe5, 0x2b, 0xe5, 0x2b, 0xe5, 0x2b,
    0xe5, 0x2b, 0x06, 0x2c, 0x05, 0x2c, 0x05, 0x34, 0x05, 0x34, 0x05, 0x2c,
    0x05, 0x2c, 0x45, 0x3c, 0x65, 0x3c, 0x45, 0x34, 0x45, 0x34, 0x45, 0x34,
    0xa4, 0x4c, 0x65, 0x3c, 0x65, 0x34, 0x64, 0x34, 0xc4, 0x54, 0x23, 0x65,
    0x23, 0x65, 0x43, 0x6d, 0x43, 0x6d, 0x43, 0x6d, 0x43, 0x75, 0x63, 0x75,
    0x63, 0x75, 0x63, 0x75, 0x62, 0x7d, 0x83, 0x7d, 0x83, 0x7d, 0x82, 0x7d,
    0x83, 0x85, 0xa2, 0x85, 0xa2, 0x85, 0xa3, 0x85, 0xa3, 0x85, 0xa2, 0x85,
    0xa2, 0x85, 0xa2, 0x85, 0xa3, 0x8d, 0xc2, 0x8d, 0xc2, 0x85, 0xa3, 0x8d,
    0xc2, 0x8d, 0xa2, 0x8d, 0xc3, 0x8d, 0xc2, 0x8d, 0xc3, 0x8d, 0xc3, 0x8d,
    0xc3, 0x95, 0xc3, 0x8d, 0xc2, 0x95, 0xe3, 0x95, 0xc2, 0x95, 0xe2, 0x95,
    0xe3, 0x9d, 0xe2, 0xa5, 0x03, 0xae, 0x03, 0xb6, 0x02, 0xbe, 0x23, 0xbe,
    0x02, 0xbe, 0x03, 0xbe, 0x23, 0xbe, 0x23, 0xbe, 0x22, 0xbe, 0x23, 0xc6,
    0x23, 0xc6, 0x22, 0xc6, 0x23, 0xc6, 0x43, 0xce, 0x22, 0xce, 0x22, 0xc6,
    0x43, 0xce, 0x42, 0xce, 0x43, 0xce, 0x43, 0xce, 0x43, 0xce, 0x43, 0xd6,
    0x43, 0xd6, 0x42, 0xce, 0x43, 0xd6, 0x42, 0xce, 0x42, 0xc6, 0x22, 0xb6,
    0x22, 0xae, 0x22, 0xae, 0x22, 0xae, 0x22, 0xae, 0x22, 0xae, 0x22, 0xb6,
    0x42, 0xb6, 0x22, 0xae, 0x22, 0xae, 0x22, 0xb6, 0x22, 0xb6, 0x22, 0xae,
    0x22, 0xae, 0x22, 0xae, 0x22, 0xae, 0x22, 0xae, 0x02, 0xae, 0x22, 0xae,
    0x22, 0xae, 0x02, 0xae, 0x22, 0xae, 0x02, 0xae, 0x22, 0xae, 0x02, 0xa6,
    0x22, 0xae, 0x02, 0xa6, 0x02, 0xa6, 0x02, 0xa6, 0x02, 0xa6, 0x02, 0xa6,
    0x02, 0xa6, 0x02, 0xa6, 0xe2, 0xa5, 0x02, 0xa6, 0xe2, 0x9d, 0xe2, 0x9d,
    0xe2, 0x9d, 0xe2, 0xa5, 0xe2, 0xa5, 0xe2, 0x9d, 0xe2, 0x9d, 0xe2, 0x9d,
    0xe2, 0x9d, 0xc2, 0x9d, 0xe2, 0x9d, 0xc2, 0x9d, 0xc2, 0x95, 0xc2, 0x9d,
    0xc1, 0x95, 0xc2, 0x95, 0xc1, 0x95, 0xc2, 0x95, 0xa2, 0x95, 0xa1, 0x8d,
    0xa1, 0x8d, 0xa2, 0x8d, 0xa2, 0x8d, 0xa2, 0x8d, 0xa2, 0x8d, 0xa1, 0x8d,
    0xa2, 0x8d, 0xa2, 0x8d, 0xa2, 0x8d, 0x81, 0x8d, 0x82, 0x85, 0xa2, 0x85,
    0x82, 0x85, 0x82, 0x85, 0x82, 0x85, 0x82, 0x85, 0x82, 0x85, 0x82, 0x85,
    0x82, 0x85, 0x82, 0x7d, 0x62, 0x7d, 0x62, 0x7d, 0x42, 0x75, 0x62, 0x75,
    0x42, 0x75, 0x42, 0x75, 0x43, 0x6d, 0x22, 0x6d, 0x23, 0x6d, 0x22, 0x6d,
    0x23, 0x6d, 0x23, 0x65, 0x02, 0x65, 0x03, 0x65, 0x23, 0x5d, 0xa4, 0x84,
    0x26, 0xc4, 0x46, 0xcc, 0x46, 0xc4, 0x46, 0xcc, 0x46, 0xc4, 0x26, 0xc4,
    0x26, 0xc4, 0x26, 0xc4, 0x06, 0xc4, 0x26, 0xc4, 0x26, 0xc4, 0x06, 0xc4,
    0x06, 0xc4, 0x06, 0xbc, 0xe6, 0xbb, 0xc5, 0xab, 0x65, 0x93, 0x24, 0x3c,
    0x43, 0x3c, 0x44, 0x34, 0x24, 0x3c, 0x24, 0x34, 0x24, 0x34, 0x04, 0x34,
    0x05, 0x34, 0xe4, 0x2b, 0xe4, 0x2b, 0xe5, 0x33, 0xe4, 0x2b, 0xe5, 0x2b,
    0xc4, 0x2b, 0xc5, 0x2b, 0xc5, 0x2b, 0xc5, 0x2b, 0xc4, 0x2b, 0xc5, 0x2b,
    0xe4, 0x33, 0xe5, 0x2b, 0xc5, 0x2b, 0xe4, 0x2b, 0xe5, 0x33, 0xe4, 0x33,
    0x04, 0x34, 0xc5, 0x2b, 0xc5, 0x2b, 0x04, 0x34, 0x04, 0x34, 0x04, 0x34,
    0x25, 0x3c, 0x24, 0x34, 0x24, 0x3c, 0x24, 0x3c, 0x45, 0x3c, 0x44, 0x3c,
    0x24, 0x3c, 0xc5, 0x2b, 0xc5, 0x23, 0xc5, 0x2b, 0xc5, 0x2b, 0xc5, 0x2b,
    0xe5, 0x2b, 0xe5, 0x2b, 0xe5, 0x2b, 0xe5, 0x2b, 0xe5, 0x2b, 0x05, 0x2c,
    0x05, 0x34, 0x05, 0x34, 0x05, 0x2c, 0x25, 0x34, 0x05, 0x34, 0x05, 0x2c,
    0x25, 0x34, 0x45, 0x34, 0x45, 0x34, 0x25, 0x34, 0x25, 0x34, 0x45, 0x34,
    0x65, 0x3c, 0x65, 0x34, 0x65, 0x3c, 0xc4, 0x4c, 0x03, 0x5d, 0x03, 0x5d,
    0x23, 0x65, 0x23, 0x65, 0x43, 0x6d, 0x42, 0x6d, 0x43, 0x6d, 0x63, 0x75,
    0x62, 0x75, 0x63, 0x7d, 0x62, 0x75, 0x63, 0x7d, 0x82, 0x7d, 0x82, 0x7d,
    0x83, 0x85, 0x83, 0x85, 0x82, 0x85, 0xa2, 0x85, 0xa3, 0x85, 0xa2, 0x85,
    0xa2, 0x8d, 0xa3, 0x85, 0xa3, 0x8d, 0xc2, 0x85, 0xa3, 0x8d, 0xc2, 0x8d,
    0xa3, 0x8d, 0xa2, 0x8d, 0xc3, 0x8d, 0xc2, 0x95, 0xc2, 0x95, 0xc2, 0x95,
    0xc2, 0x8d, 0xc2, 0x8d, 0xc2, 0x95, 0xc3, 0x95, 0xe3, 0x95, 0xe2, 0x95,
    0xe2, 0x95, 0xe2, 0x9d, 0xe2, 0x9d, 0x02, 0x9e, 0x03, 0x9e, 0x02, 0xa6,
    0x02, 0xae, 0x02, 0xb6, 0x23, 0xc6, 0x02, 0xbe, 0x02, 0xbe, 0x23, 0xc6,
    0x23, 0xc6, 0x22, 0xc6, 0x22, 0xc6, 0x23, 0xc6, 0x42, 0xc6, 0x43, 0xce,
    0x43, 0xce, 0x23, 0xce, 0x43, 0xce, 0x42, 0xce, 0x43, 0xce, 0x42, 0xd6,
    0x63, 0xd6, 0x43, 0xd6, 0x63, 0xd6, 0x43, 0xd6, 0x63, 0xd6, 0x42, 0xd6,
    0x43, 0xce, 0x42, 0xce, 0x62, 0xce, 0x62, 0xce, 0x42, 0xce, 0x42, 0xce,
    0x42, 0xce, 0x42, 0xc6, 0x42, 0xc6, 0x42, 0xbe, 0x22, 0xbe, 0x22, 0xb6,
    0x22, 0xb6, 0x22, 0xae, 0x02, 0xae, 0x02, 0xae, 0x22, 0xae, 0x21, 0xae,
    0x22, 0xae, 0x02, 0xae, 0x02, 0xae, 0x22, 0xae, 0x22, 0xae, 0x02, 0xae,
    0x01, 0xae, 0x02, 0xae, 0x02, 0xae, 0x01, 0xa6, 0x02, 0xae, 0x02, 0xa6,
    0x02, 0xa6, 0x02, 0xa6, 0x02, 0xa6, 0x02, 0xa6, 0xe2, 0xa5, 0xe2, 0xa5,
    0x02, 0xa6, 0xe2, 0xa5, 0xe2, 0x9d, 0xe2, 0x9d, 0xe2, 0xa5, 0xe2, 0x9d,
    0xe2, 0x9d, 0xc2, 0x9d, 0xe1, 0x9d, 0xe2, 0x9d, 0xc2, 0x9d, 0xc1, 0x95,
    0xc2, 0x95, 0xc2, 0x95, 0xc2, 0x95, 0xc1, 0x95, 0xa1, 0x95, 0xa2, 0x95,
    0xc2, 0x95, 0xa1, 0x8d, 0xa1, 0x8d, 0xa1, 0x95, 0xa2, 0x8d, 0xa2, 0x8d,
    0xa1, 0x95, 0xa1, 0x8d, 0xa2, 0x8d, 0x82, 0x8d, 0x81, 0x8d, 0x82, 0x8d,
    0xa1, 0x8d, 0x82, 0x8d, 0x82, 0x85, 0x82, 0x85, 0x82, 0x85, 0x82, 0x85,
    0x82, 0x85, 0x62, 0x7d, 0x62, 0x7d, 0x62, 0x7d, 0x62, 0x7d, 0x42, 0x75,
    0x03, 0x5d, 0xe3, 0x5c, 0x23, 0x65, 0x22, 0x6d, 0x42, 0x6d, 0x42, 0x6d,
    0x22, 0x6d, 0x23, 0x65, 0x03, 0x65, 0x03, 0x5d, 0x85, 0xa4, 0x26, 0xcc,
    0x46, 0xc4, 0x46, 0xc4, 0x26, 0xcc, 0x46, 0xc4, 0x26, 0xc4, 0x26, 0xc4,
    0x26, 0xc4, 0x06, 0xc4, 0x06, 0xc4, 0x26, 0xc4, 0x06, 0xc4, 0x26, 0xc4,
    0x26, 0xc4, 0x06, 0xc4, 0x06, 0xbc, 0xc6, 0xab, 0x64, 0x93, 0x44, 0x7b,
    0x44, 0x34, 0x24, 0x3c, 0x44, 0x3c, 0x24, 0x34, 0x24, 0x34, 0x04, 0x34,
    0x04, 0x34, 0x24, 0x34, 0x24, 0x3c, 0x44, 0x3c, 0x24, 0x34, 0xe4, 0x2b,
    0xe5, 0x2b, 0xc4, 0x2b, 0xc4, 0x2b, 0xc5, 0x2b, 0xc5, 0x2b, 0xa4, 0x2b,
    0xc4, 0x2b, 0xc5, 0x2b, 0xe4, 0x2b, 0xc4, 0x2b, 0xe5, 0x2b, 0x04, 0x34,
    0xe4, 0x33, 0xc5, 0x2b, 0xe5, 0x2b, 0x04, 0x34, 0x05, 0x34, 0x24, 0x34,
    0x25, 0x3c, 0x24, 0x34, 0x25, 0x3c, 0x24, 0x3c, 0x24, 0x3c, 0x05, 0x34,
    0xc5, 0x2b, 0xc5, 0x2b, 0xc5, 0x2b, 0xe5, 0x2b, 0xe5, 0x2b, 0xe5, 0x2b,
    0xe5, 0x2b, 0x05, 0x2c, 0x05, 0x2c, 0x05, 0x2c, 0x05, 0x2c, 0x25, 0x34,
    0x25, 0x34, 0x25, 0x34, 0x45, 0x34, 0x45, 0x3c, 0x45, 0x34, 0x25, 0x34,
    0x25, 0x34, 0x45, 0x34, 0x45, 0x34, 0x25, 0x34, 0x45, 0x34, 0x65, 0x3c,
    0x65, 0x3c, 0x45, 0x34, 0x65, 0x3c, 0x65, 0x3c, 0x65, 0x3c, 0x65, 0x3c,
    0x84, 0x44, 0xc4, 0x4c, 0xe4, 0x5c, 0x23, 0x65, 0x43, 0x6d, 0x43, 0x6d,
    0x62, 0x75, 0x62, 0x75, 0x63, 0x7d, 0x83, 0x7d, 0x82, 0x7d, 0x83, 0x7d,
    0x82, 0x85, 0x82, 0x7d, 0xa3, 0x7d, 0x82, 0x85, 0xa3, 0x85, 0xa2, 0x85,
    0xa2, 0x85, 0xa3, 0x85, 0xa2, 0x85, 0xa2, 0x8d, 0xa2, 0x85, 0xc3, 0x85,
    0xa3, 0x8d, 0xc2, 0x8d, 0xc3, 0x8d, 0xa3, 0x8d, 0xc2, 0x8d, 0xc3, 0x8d,
    0xc2, 0x8d, 0xc3, 0x95, 0xc2, 0x8d, 0xc3, 0x95, 0xc2, 0x95, 0xc2, 0x95,
    0xc2, 0x95, 0xe3, 0x9d, 0xe2, 0x9d, 0xe2, 0x9d, 0xe3, 0x9d, 0x02, 0x9e,
    0xe2, 0x9d, 0x03, 0xa6, 0x02, 0xa6, 0x02, 0xae, 0x23, 0xbe, 0x22, 0xc6,
    0x22, 0xbe, 0x22, 0xb6, 0x22, 0xb6, 0x22, 0xb6, 0x22, 0xb6, 0x22, 0xb6,
    0x22, 0xbe, 0x22, 0xbe, 0x42, 0xc6, 0x43, 0xce, 0x43, 0xd6, 0x43, 0xd6,
    0x42, 0xce, 0x43, 0xce, 0x63, 0xd6, 0x43, 0xce, 0x42, 0xce, 0x43, 0xd6,
    0x63, 0xd6, 0x62, 0xd6, 0x43, 0xd6, 0x63, 0xd6, 0x63, 0xd6, 0x62, 0xd6,
    0x62, 0xd6, 0x42, 0xce, 0x63, 0xd6, 0x42, 0xd6, 0x42, 0xd6, 0x42, 0xd6,
    0x42, 0xd6, 0x42, 0xd6, 0x42, 0xce, 0x42, 0xce, 0x42, 0xc6, 0x22, 0xc6,
    0x22, 0xbe, 0x21, 0xbe, 0x22, 0xb6, 0x21, 0xb6, 0x02, 0xae, 0x01, 0xae,
    0x01, 0xa6, 0x02, 0xae, 0x22, 0xae, 0x02, 0xae, 0x01, 0xa6, 0x02, 0xa6,
    0x01, 0xa6, 0xe2, 0xa5, 0x01, 0xa6, 0x02, 0xa6, 0xe1, 0xa5, 0x01, 0xa6,
    0xe2, 0xa5, 0xe2, 0x9d, 0xe1, 0xa5, 0x02, 0xa6, 0xe1, 0xa5, 0xc1, 0x9d,
    0xe2, 0x9d, 0xe1, 0x9d, 0xc2, 0x9d, 0xe1, 0x9d, 0xe2, 0x9d, 0xc1, 0x9d,
    0xc2, 0x9d, 0xc2, 0x9d, 0xc1, 0x95, 0xc2, 0x95, 0xc2, 0x95, 0xc1, 0x95,
    0xa2, 0x95, 0xc2, 0x95, 0xa2, 0x95, 0xa1, 0x95, 0xa1, 0x95, 0xa2, 0x95,
    0xa1, 0x95, 0xa1, 0x8d, 0xa2, 0x8d, 0xa2, 0x8d, 0xa1, 0x8d, 0xa2, 0x8d,
    0x82, 0x8d, 0xa1, 0x8d, 0x81, 0x8d, 0x82, 0x8d, 0x82, 0x85, 0x82, 0x85,
    0x82, 0x85, 0x62, 0x85, 0x62, 0x7d, 0x62, 0x7d, 0x62, 0x7d, 0xa4, 0x4c,
    0x84, 0x44, 0x84, 0x44, 0x84, 0x44, 0x23, 0x65, 0x22, 0x75, 0x22, 0x6d,
    0x23, 0x65, 0x03, 0x5d, 0x02, 0x5d, 0x85, 0xa4, 0x26, 0xcc, 0x46, 0xc4,
    0x46, 0xcc, 0x26, 0xc4, 0x46, 0xcc, 0x26, 0xcc, 0x26, 0xcc, 0x26, 0xcc,
    0x26, 0xc4, 0x26, 0xc4, 0x26, 0xc4, 0x26, 0xc4, 0x26, 0xc4, 0x06, 0xc4,
    0x26, 0xc4, 0x06, 0xbc, 0x06, 0xbc, 0xa5, 0xa3, 0x24, 0x8b, 0x24, 0x8b,
    0x64, 0x7b, 0x43, 0x34, 0x44, 0x3c, 0x24, 0x3c, 0x24, 0x34, 0x24, 0x3c,
    0x24, 0x34, 0x44, 0x3c, 0x24, 0x3c, 0x44, 0x3c, 0x44, 0x3c, 0x04, 0x34,
    0xe4, 0x2b, 0xc5, 0x2b, 0xc4, 0x2b, 0xc4, 0x2b, 0xa5, 0x2b, 0xe4, 0x2b,
    0xc5, 0x2b, 0xc5, 0x2b, 0xc5, 0x2b, 0xe4, 0x33, 0xe4, 0x2b, 0xe5, 0x2b,
    0xc5, 0x2b, 0xa5, 0x2b, 0xe4, 0x2b, 0xe4, 0x33, 0x05, 0x34, 0x04, 0x34,
    0x04, 0x3c, 0x24, 0x34, 0x04, 0x34, 0x24, 0x3c, 0x05, 0x34, 0xc5, 0x2b,
    0xa5, 0x23, 0xc5, 0x2b, 0xe5, 0x2b, 0xe5, 0x2b, 0x05, 0x2c, 0x05, 0x2c,
    0x05, 0x2c, 0x25, 0x34, 0x25, 0x34, 0x25, 0x34, 0x05, 0x2c, 0x25, 0x34,
    0x25, 0x34, 0x44, 0x34, 0x45, 0x3c, 0x44, 0x34, 0x45, 0x3c, 0x45, 0x34,
    0x45, 0x3c, 0x45, 0x3c, 0x45, 0x3c, 0x64, 0x3c, 0x65, 0x3c, 0x65, 0x3c,
    0x64, 0x3c, 0x64, 0x3c, 0x65, 0x3c, 0x64, 0x3c, 0x85, 0x3c, 0x85, 0x3c,
    0x84, 0x3c, 0x84, 0x44, 0xa4, 0x44, 0x23, 0x65, 0x43, 0x6d, 0x43, 0x6d,
    0x43, 0x6d, 0x63, 0x75, 0x63, 0x7d, 0x62, 0x7d, 0x83, 0x7d, 0x63, 0x7d,
    0x82, 0x7d, 0x83, 0x7d, 0x83, 0x7d, 0x82, 0x7d, 0x83, 0x85, 0x83, 0x85,
    0xa3, 0x85, 0xa2, 0x85, 0xa3, 0x85, 0xa3, 0x8d, 0xa3, 0x85, 0xa2, 0x85,
    0xa3, 0x85, 0xa3, 0x85, 0xa3, 0x7d, 0xa2, 0x7d, 0xa3, 0x85, 0xa3, 0x85,
    0xc3, 0x8d, 0xc2, 0x8d, 0xc3, 0x8d, 0xe2, 0x95, 0xc2, 0x95, 0xe2, 0x95,
    0xe3, 0x95, 0xe3, 0x95, 0xe2, 0x9d, 0xe2, 0x9d, 0xe2, 0x9d, 0xe2, 0x9d,
    0xe2, 0x9d, 0xe2, 0x9d, 0x02, 0xa6, 0xe2, 0xa5, 0xe2, 0x9d, 0x02, 0xae,
    0x02, 0xbe, 0x23, 0xc6, 0x23, 0xbe, 0x22, 0xbe, 0x22, 0xbe, 0x22, 0xbe,
    0x22, 0xb6, 0x22, 0xb6, 0x22, 0xb6, 0x22, 0xbe, 0x42, 0xc6, 0x43, 0xce,
    0x42, 0xce, 0x63, 0xd6, 0x42, 0xd6, 0x63, 0xd6, 0x42, 0xd6, 0x43, 0xd6,
    0x63, 0xd6, 0x43, 0xd6, 0x42, 0xd6, 0x43, 0xd6, 0x42, 0xd6, 0x63, 0xd6,
    0x43, 0xd6, 0x63, 0xd6, 0x42, 0xd6, 0x63, 0xd6, 0x63, 0xd6, 0x62, 0xd6,
    0x43, 0xd6, 0x62, 0xd6, 0x42, 0xd6, 0x42, 0xd6, 0x42, 0xd6, 0x42, 0xd6,
    0x42, 0xd6, 0x42, 0xd6, 0x42, 0xd6, 0x42, 0xd6, 0x42, 0xce, 0x42, 0xce,
    0x22, 0xc6, 0x22, 0xbe, 0x22, 0xbe, 0x21, 0xae, 0x01, 0xae, 0x01, 0xae,
    0x01, 0xae, 0x01, 0xae, 0x02, 0xa6, 0x01, 0xa6, 0x02, 0xa6, 0x02, 0xa6,
    0x01, 0xa6, 0x02, 0xa6, 0xe1, 0xa5, 0xe2, 0xa5, 0xe1, 0x9d, 0xe1, 0xa5,
    0xe2, 0x9d, 0xe2, 0x9d, 0xe2, 0x9d, 0xc1, 0x9d, 0xc2, 0x9d, 0xc1, 0x9d,
    0xe1, 0x9d, 0xc2, 0x95, 0xc1, 0x9d, 0xc1, 0x95, 0xc2, 0x95, 0xa1, 0x95,
    0xc1, 0x95, 0xa2, 0x95, 0xc1, 0x95, 0xc2, 0x95, 0xa2, 0x95, 0xa1, 0x95,
    0xa2, 0x8d, 0xa2, 0x8d, 0xa1, 0x8d, 0x82, 0x8d, 0xa1, 0x8d, 0xa2, 0x8d,
    0xa1, 0x8d, 0x82, 0x8d, 0x81, 0x85, 0x82, 0x8d, 0x81, 0x85, 0x81, 0x85,
    0x82, 0x85, 0x82, 0x85, 0x82, 0x7d, 0x82, 0x85, 0x22, 0x6d, 0x84, 0x44,
    0x84, 0x44, 0x84, 0x44, 0x84, 0x44, 0xc3, 0x54, 0x03, 0x5d, 0x84, 0x44,
    0x84, 0x3c, 0xa3, 0x4c, 0x65, 0x94, 0x46, 0xc4, 0x46, 0xcc, 0x46, 0xcc,
    0x46, 0xcc, 0x46, 0xcc, 0x26, 0xc4, 0x46, 0xcc, 0x46, 0xcc, 0x26, 0xc4,
    0x26, 0xc4, 0x26, 0xc4, 0x26, 0xc4, 0x06, 0xc4, 0x06, 0xc4, 0x06, 0xc4,
    0x06, 0xc4, 0x26, 0xc4, 0x06, 0xb4, 0x44, 0x8b, 0x24, 0x8b, 0x24, 0x8b,
    0x24, 0x83, 0x64, 0x73, 0x83, 0x3c, 0x63, 0x44, 0x43, 0x3c, 0x64, 0x44,
    0x63, 0x44, 0x63, 0x3c, 0x63, 0x3c, 0x64, 0x44, 0x43, 0x44, 0x43, 0x3c,
    0x24, 0x3c, 0xe5, 0x33, 0xc4, 0x2b, 0xc4, 0x2b, 0xe4, 0x2b, 0x04, 0x34,
    0xc4, 0x2b, 0xc4, 0x2b, 0xc5, 0x2b, 0xe4, 0x33, 0xe5, 0x33, 0xe5, 0x2b,
    0xc4, 0x2b, 0xc5, 0x2b, 0xe4, 0x33, 0xe4, 0x33, 0x05, 0x34, 0x04, 0x34,
    0x24, 0x34, 0x25, 0x3c, 0x24, 0x34, 0x04, 0x34, 0xc5, 0x2b, 0xa5, 0x2b,
    0xe5, 0x2b, 0xe5, 0x2b, 0xe4, 0x2b, 0x05, 0x34, 0x24, 0x34, 0x24, 0x34,
    0x24, 0x34, 0x44, 0x34, 0x24, 0x3c, 0x44, 0x3c, 0x24, 0x34, 0x25, 0x34,
    0x64, 0x3c, 0x44, 0x3c, 0x64, 0x3c, 0x64, 0x3c, 0x84, 0x44, 0x84, 0x44,
    0x84, 0x44, 0x84, 0x44, 0xa4, 0x44, 0x84, 0x44, 0x84, 0x44, 0x84, 0x44,
    0x84, 0x44, 0x84, 0x44, 0xa4, 0x44, 0xa4, 0x44, 0xa4, 0x4c, 0xa4, 0x44,
    0xa4, 0x4c, 0xc4, 0x4c, 0xe4, 0x54, 0x03, 0x65, 0x23, 0x65, 0x43, 0x6d,
    0x43, 0x6d, 0x43, 0x75, 0x62, 0x75, 0x63, 0x75, 0x63, 0x75, 0x62, 0x7d,
    0x83, 0x7d, 0x83, 0x7d, 0x63, 0x7d, 0x83, 0x7d, 0x82, 0x7d, 0x83, 0x7d,
    0x83, 0x7d, 0x82, 0x7d, 0xa2, 0x85, 0xa2, 0x85, 0xa3, 0x8d, 0xa2, 0x85,
    0xa2, 0x85, 0xa3, 0x85, 0xa2, 0x85, 0xa2, 0x8d, 0xc2, 0x8d, 0xc2, 0x8d,
    0xc2, 0x95, 0xc2, 0x95, 0xc2, 0x95, 0xc3, 0x95, 0xc3, 0x95, 0xe2, 0x95,
    0xe2, 0x95, 0xe2, 0x95, 0xe2, 0x95, 0xe3, 0x95, 0xe2, 0x9d, 0xe3, 0x9d,
    0xe2, 0x9d, 0xe2, 0x9d, 0x02, 0xa6, 0x02, 0xa6, 0x02, 0xa6, 0x02, 0xa6,
    0x02, 0x9e, 0x02, 0xa6, 0x02, 0xb6, 0x22, 0xc6, 0x43, 0xce, 0x43, 0xce,
    0x43, 0xce, 0x43, 0xce, 0x42, 0xce, 0x43, 0xce, 0x43, 0xce, 0x42, 0xce,
    0x63, 0xd6, 0x42, 0xd6, 0x62, 0xce, 0x43, 0xd6, 0x63, 0xd6, 0x62, 0xd6,
    0x63, 0xd6, 0x63, 0xd6, 0x62, 0xd6, 0x63, 0xd6, 0x63, 0xd6, 0x42, 0xd6,
    0x63, 0xd6, 0x63, 0xd6, 0x42, 0xd6, 0x43, 0xd6, 0x63, 0xd6, 0x63, 0xd6,
    0x42, 0xd6, 0x63, 0xd6, 0x42, 0xd6, 0x43, 0xd6, 0x42, 0xd6, 0x63, 0xd6,
    0x62, 0xd6, 0x63, 0xd6, 0x43, 0xd6, 0x42, 0xce, 0x42, 0xce, 0x43, 0xce,
    0x42, 0xce, 0x42, 0xce, 0x22, 0xce, 0x22, 0xce, 0x42, 0xce, 0x22, 0xc6,
    0x22, 0xbe, 0x02, 0xae, 0x01, 0xae, 0x02, 0xae, 0x02, 0xae, 0x01, 0xa6,
    0x02, 0xa6, 0xe1, 0xa5, 0xe2, 0xa5, 0xe2, 0xa5, 0xe1, 0x9d, 0xe2, 0xa5,
    0xe1, 0xa5, 0xe2, 0xa5, 0xe1, 0xa5, 0xc1, 0x9d, 0xe2, 0x9d, 0xc2, 0x9d,
    0xc1, 0x9d, 0xc2, 0x9d, 0xc2, 0x95, 0xc1, 0x9d, 0xc2, 0x9d, 0xc2, 0x95,
    0xc1, 0x95, 0xc2, 0x95, 0xc1, 0x95, 0xa1, 0x95, 0xa2, 0x95, 0xc1, 0x95,
    0xa2, 0x95, 0xa2, 0x95, 0xa1, 0x95, 0xa2, 0x8d, 0xa2, 0x8d, 0xa1, 0x8d,
    0x82, 0x8d, 0xa1, 0x8d, 0xa2, 0x8d, 0x82, 0x8d, 0x81, 0x8d, 0x82, 0x85,
    0x82, 0x85, 0x61, 0x85, 0x22, 0x6d, 0x62, 0x7d, 0x22, 0x6d, 0x84, 0x44,
    0x84, 0x44, 0x84, 0x44, 0x84, 0x44, 0xa4, 0x4c, 0x64, 0x3c, 0x84, 0x44,
    0x64, 0x3c, 0x44, 0x54, 0x26, 0xcc, 0x26, 0xcc, 0x46, 0xc4, 0x46, 0xcc,
    0x26, 0xc4, 0x46, 0xcc, 0x46, 0xc4, 0x26, 0xc4, 0x26, 0xc4, 0x26, 0xc4,
    0x26, 0xcc, 0x26, 0xc4, 0x06, 0xc4, 0x06, 0xc4, 0x26, 0xc4, 0x06, 0xbc,
    0x26, 0xbc, 0x06, 0xbc, 0x65, 0x9b, 0x44, 0x8b, 0x24, 0x8b, 0x24, 0x83,
    0x24, 0x83, 0x24, 0x8b, 0xc4, 0x6b, 0xa3, 0x4c, 0xa3, 0x4c, 0x83, 0x4c,
    0x83, 0x4c, 0x63, 0x44, 0x63, 0x44, 0x63, 0x44, 0x63, 0x3c, 0x43, 0x3c,
    0x44, 0x3c, 0x44, 0x3c, 0x04, 0x34, 0xe4, 0x2b, 0x24, 0x34, 0x24, 0x34,
    0xa4, 0x2b, 0xa5, 0x2b, 0xc5, 0x2b, 0xc4, 0x2b, 0xe4, 0x2b, 0xc5, 0x2b,
    0xa5, 0x2b, 0xc4, 0x2b, 0xe5, 0x2b, 0xe5, 0x33, 0x04, 0x34, 0x04, 0x34,
    0x05, 0x34, 0x05, 0x34, 0x04, 0x34, 0xc5, 0x2b, 0xe4, 0x2b, 0xe4, 0x2b,
    0xe4, 0x33, 0x04, 0x34, 0x05, 0x34, 0x24, 0x34, 0x24, 0x34, 0x44, 0x3c,
    0x44, 0x3c, 0x44, 0x3c, 0x44, 0x3c, 0x44, 0x3c, 0x44, 0x3c, 0x64, 0x3c,
    0x64, 0x44, 0x64, 0x3c, 0x84, 0x44, 0x84, 0x4c, 0xa4, 0x4c, 0xc3, 0x54,
    0xc3, 0x54, 0xe3, 0x54, 0xe3, 0x5c, 0xe3, 0x5c, 0xe3, 0x5c, 0xe3, 0x5c,
    0x04, 0x5d, 0x03, 0x5d, 0x03, 0x65, 0x23, 0x65, 0x23, 0x65, 0x03, 0x65,
    0x03, 0x65, 0x24, 0x65, 0x23, 0x65, 0x23, 0x65, 0x43, 0x6d, 0x42, 0x75,
    0x43, 0x75, 0x62, 0x75, 0x63, 0x75, 0x83, 0x7d, 0x62, 0x7d, 0x63, 0x7d,
    0x63, 0x75, 0x63, 0x7d, 0x63, 0x75, 0x82, 0x7d, 0x83, 0x7d, 0x82, 0x7d,
    0x83, 0x7d, 0xa3, 0x85, 0xa2, 0x85, 0xa2, 0x85, 0xa2, 0x8d, 0xa3, 0x85,
    0xa2, 0x8d, 0xa2, 0x85, 0xa2, 0x8d, 0xc2, 0x8d, 0xc3, 0x95, 0xc2, 0x95,
    0xc2, 0x95, 0xc2, 0x95, 0xc2, 0x95, 0xe2, 0x95, 0xc3, 0x95, 0xc2, 0x95,
    0xc2, 0x95, 0xe2, 0x9d, 0xe2, 0x95, 0xe2, 0x9d, 0xe2, 0x9d, 0xe2, 0x9d,
    0xe2, 0x9d, 0xe2, 0x9d, 0x02, 0x9e, 0x02, 0xa6, 0x02, 0xa6, 0x02, 0xa6,
    0x02, 0xa6, 0x02, 0xa6, 0x02, 0xa6, 0x02, 0xa6, 0x22, 0xae, 0x22, 0xb6,
    0x22, 0xbe, 0x42, 0xce, 0x43, 0xce, 0x42, 0xce, 0x43, 0xce, 0x42, 0xd6,
    0x63, 0xd6, 0x43, 0xd6, 0x42, 0xd6, 0x43, 0xd6, 0x63, 0xd6, 0x42, 0xd6,
    0x62, 0xd6, 0x43, 0xd6, 0x62, 0xd6, 0x63, 0xd6, 0x62, 0xd6, 0x63, 0xd6,
    0x62, 0xd6, 0x63, 0xd6, 0x63, 0xd6, 0x62, 0xd6, 0x63, 0xd6, 0x42, 0xd6,
    0x62, 0xd6, 0x63, 0xd6, 0x62, 0xd6, 0x42, 0xd6, 0x63, 0xd6, 0x42, 0xd6,
    0x43, 0xd6, 0x42, 0xd6, 0x62, 0xd6, 0x43, 0xd6, 0x42, 0xce, 0x42, 0xce,
    0x22, 0xc6, 0x22, 0xc6, 0x22, 0xbe, 0x22, 0xbe, 0x22, 0xb6, 0x02, 0xb6,
    0x02, 0xae, 0x02, 0xae, 0x01, 0xa6, 0x01, 0xa6, 0xe2, 0xad, 0x01, 0xae,
    0x02, 0xa6, 0xe1, 0xa5, 0xe1, 0xa5, 0xe2, 0xa5, 0xe1, 0xa5, 0xe2, 0xa5,
    0xe1, 0xa5, 0xe1, 0xa5, 0xe1, 0xa5, 0xc1, 0x9d, 0xc2, 0x9d, 0xc1, 0x9d,
    0xc2, 0x9d, 0xc1, 0x9d, 0xc1, 0x9d, 0xc1, 0x9d, 0xc2, 0x9d, 0xc1, 0x9d,
    0xa1, 0x95, 0xa2, 0x9d, 0xc2, 0x95, 0xc1, 0x95, 0xc1, 0x95, 0xa1, 0x95,
    0xa1, 0x95, 0x82, 0x85, 0x42, 0x75, 0xa2, 0x8d, 0xa1, 0x8d, 0x82, 0x95,
    0xa1, 0x8d, 0xa1, 0x8d, 0x82, 0x8d, 0x81, 0x8d, 0x82, 0x8d, 0x82, 0x85,
    0x81, 0x85, 0x03, 0x65, 0x84, 0x44, 0x84, 0x44, 0x84, 0x44, 0x84, 0x44,
    0x84, 0x44, 0x84, 0x3c, 0x84, 0x3c, 0x84, 0x44, 0x84, 0x3c, 0x84, 0x3c,
    0x84, 0x3c, 0x06, 0xa4, 0x26, 0xc4, 0x26, 0xc4, 0x46, 0xcc, 0x46, 0xcc,
    0x26, 0xc4, 0x26, 0xc4, 0x46, 0xcc, 0x26, 0xc4, 0x26, 0xcc, 0x26, 0xcc,
    0x26, 0xc4, 0x26, 0xc4, 0x26, 0xc4, 0x26, 0xc4, 0x06, 0xc4, 0xe6, 0xbb,
    0xa5, 0xab, 0x44, 0x93, 0x24, 0x8b, 0x24, 0x83, 0x24, 0x83, 0x24, 0x83,
    0x24, 0x83, 0x24, 0x83, 0x04, 0x83, 0x03, 0x64, 0xa3, 0x4c, 0x83, 0x4c,
    0x83, 0x4c, 0x63, 0x44, 0x63, 0x44, 0x63, 0x44, 0x63, 0x44, 0x64, 0x44,
    0x63, 0x3c, 0x43, 0x3c, 0x24, 0x3c, 0x04, 0x34, 0x24, 0x34, 0x24, 0x3c,
    0xa5, 0x2b, 0xa5, 0x23, 0xc5, 0x2b, 0xc4, 0x2b, 0xc5, 0x2b, 0xc4, 0x2b,
    0xa5, 0x2b, 0xc4, 0x2b, 0xe5, 0x2b, 0xe5, 0x2b, 0xe4, 0x33, 0x04, 0x34,
    0xe4, 0x33, 0xe5, 0x33, 0xe5, 0x2b, 0xe4, 0x33, 0x04, 0x34, 0x25, 0x34,
    0x24, 0x34, 0x24, 0x34, 0x24, 0x34, 0x24, 0x34, 0x44, 0x3c, 0x44, 0x3c,
    0x44, 0x3c, 0x64, 0x3c, 0x64, 0x3c, 0x44, 0x3c, 0x64, 0x3c, 0x64, 0x3c,
    0x64, 0x44, 0x84, 0x44, 0xa4, 0x4c, 0xc3, 0x54, 0xc3, 0x54, 0xc3, 0x54,
    0xe3, 0x5c, 0x03, 0x65, 0x03, 0x65, 0x23, 0x65, 0x23, 0x6d, 0x23, 0x6d,
    0x43, 0x6d, 0x23, 0x6d, 0x43, 0x75, 0x23, 0x6d, 0x43, 0x6d, 0x43, 0x75,
    0x43, 0x75, 0x43, 0x75, 0x63, 0x75, 0x63, 0x75, 0x62, 0x75, 0x63, 0x7d,
    0x83, 0x7d, 0x62, 0x7d, 0x82, 0x7d, 0x82, 0x7d, 0x82, 0x7d, 0x82, 0x7d,
    0x82, 0x7d, 0x82, 0x85, 0x82, 0x85, 0x82, 0x85, 0xa2, 0x85, 0xa2, 0x8d,
    0xa2, 0x8d, 0xa2, 0x8d, 0xa2, 0x85, 0xa2, 0x8d, 0xa2, 0x8d, 0xc3, 0x8d,
    0xc3, 0x8d, 0xc2, 0x8d, 0xc3, 0x8d, 0xc2, 0x8d, 0xc2, 0x95, 0xc3, 0x95,
    0xc2, 0x95, 0xc3, 0x95, 0xe2, 0x95, 0xc2, 0x95, 0xe2, 0x95, 0xe2, 0x95,
    0xc2, 0x95, 0xe2, 0x9d, 0xe2, 0x95, 0xe2, 0x9d, 0xe2, 0x9d, 0xe2, 0x95,
    0xe2, 0x9d, 0xe2, 0x9d, 0xe2, 0x9d, 0x02, 0xa6, 0xe2, 0xa5, 0x02, 0xa6,
    0x02, 0xa6, 0x02, 0xa6, 0x02, 0xa6, 0x02, 0xa6, 0x02, 0xa6, 0x02, 0xae,
    0x02, 0xae, 0x02, 0xae, 0x01, 0xae, 0x22, 0xbe, 0x42, 0xc6, 0x43, 0xce,
    0x63, 0xd6, 0x42, 0xce, 0x63, 0xd6, 0x62, 0xd6, 0x42, 0xd6, 0x63, 0xd6,
    0x63, 0xd6, 0x43, 0xd6, 0x63, 0xd6, 0x62, 0xd6, 0x63, 0xd6, 0x62, 0xd6,
    0x62, 0xde, 0x63, 0xde, 0x63, 0xde, 0x62, 0xd6, 0x62, 0xd6, 0x63, 0xde,
    0x62, 0xd6, 0x63, 0xd6, 0x42, 0xd6, 0x42, 0xd6, 0x62, 0xd6, 0x42, 0xd6,
    0x42, 0xce, 0x42, 0xc6, 0x42, 0xbe, 0x21, 0xb6, 0x22, 0xae, 0x01, 0xae,
    0x21, 0xae, 0x21, 0xae, 0x01, 0xae, 0x01, 0xae, 0x01, 0xae, 0x01, 0xae,
    0x02, 0xae, 0x01, 0xae, 0x01, 0xae, 0x02, 0xae, 0x02, 0xae, 0xe1, 0xa5,
    0x02, 0xa6, 0xe1, 0xa5, 0x01, 0xa6, 0x01, 0xa6, 0xe2, 0xad, 0x02, 0xae,
    0x01, 0xae, 0xe2, 0xa5, 0xe2, 0xa5, 0xe2, 0xa5, 0xc1, 0x9d, 0xe1, 0x9d,
    0xc1, 0x9d, 0xc2, 0x9d, 0xc2, 0x9d, 0xc1, 0x95, 0xc1, 0x9d, 0xc2, 0x95,
    0xc1, 0x95, 0xc1, 0x95, 0xc2, 0x95, 0xa2, 0x95, 0xa2, 0x95, 0xc1, 0x95,
    0xa2, 0x8d, 0xe4, 0x54, 0xc4, 0x4c, 0x23, 0x65, 0xa1, 0x8d, 0xa2, 0x8d,
    0xa2, 0x8d, 0x82, 0x8d, 0x82, 0x8d, 0x81, 0x85, 0x82, 0x85, 0x82, 0x85,
    0x62, 0x7d, 0x42, 0x75, 0x84, 0x44, 0x84, 0x3c, 0x84, 0x3c, 0x84, 0x44,
    0x84, 0x44, 0x84, 0x3c, 0x84, 0x3c, 0x64, 0x3c, 0x84, 0x3c, 0x64, 0x3c,
    0x64, 0x44, 0xa6, 0xab, 0xa6, 0xb3, 0xc6, 0xb3, 0xe6, 0xbb, 0x06, 0xc4,
    0x27, 0xc4, 0x26, 0xc4, 0x26, 0xc4, 0x26, 0xc4, 0x46, 0xc4, 0x26, 0xc4,
    0x06, 0xc4, 0xe6, 0xbb, 0xc6, 0xb3, 0x85, 0xab, 0x65, 0x9b, 0x45, 0x93,
    0x44, 0x8b, 0x23, 0x83, 0x24, 0x83, 0x24, 0x83, 0x24, 0x83, 0x24, 0x83,
    0x23, 0x83, 0x24, 0x83, 0x24, 0x83, 0x04, 0x83, 0x83, 0x54, 0x83, 0x4c,
    0x83, 0x4c, 0x63, 0x4c, 0x63, 0x44, 0x63, 0x44, 0x44, 0x44, 0x63, 0x44,
    0x63, 0x44, 0x43, 0x3c, 0x24, 0x3c, 0x44, 0x3c, 0x23, 0x3c, 0x24, 0x3c,
    0xa4, 0x23, 0xa5, 0x2b, 0xc4, 0x2b, 0xa5, 0x2b, 0xc5, 0x2b, 0xa5, 0x23,
    0xa4, 0x2b, 0xc4, 0x2b, 0xe5, 0x2b, 0xe4, 0x33, 0xe4, 0x33, 0xe5, 0x2b,
    0xe5, 0x2b, 0xc4, 0x2b, 0x04, 0x34, 0x04, 0x34, 0x24, 0x34, 0x24, 0x3c,
    0x24, 0x3c, 0x44, 0x3c, 0x44, 0x3c, 0x44, 0x3c, 0x44, 0x3c, 0x44, 0x3c,
    0x64, 0x3c, 0x64, 0x3c, 0x64, 0x44, 0x64, 0x3c, 0x64, 0x44, 0x84, 0x44,
    0x64, 0x44, 0x84, 0x44, 0xc3, 0x54, 0xe3, 0x5c, 0xe3, 0x5c, 0x03, 0x65,
    0x03, 0x65, 0x23, 0x6d, 0x23, 0x6d, 0x23, 0x6d, 0x23, 0x6d, 0x22, 0x75,
    0x43, 0x75, 0x42, 0x75, 0x43, 0x75, 0x42, 0x75, 0x42, 0x75, 0x42, 0x75,
    0x42, 0x75, 0x62, 0x75, 0x62, 0x7d, 0x62, 0x7d, 0x62, 0x7d, 0x62, 0x7d,
    0x82, 0x7d, 0x62, 0x7d, 0x82, 0x85, 0x82, 0x85, 0x82, 0x85, 0x82, 0x85,
    0x82, 0x85, 0xa2, 0x85, 0xa2, 0x85, 0xa3, 0x85, 0x82, 0x85, 0xa2, 0x8d,
    0xa3, 0x85, 0xa2, 0x8d, 0xa2, 0x8d, 0xa3, 0x8d, 0xc2, 0x8d, 0xa2, 0x8d,
    0xc2, 0x8d, 0xc2, 0x95, 0xc2, 0x95, 0xc2, 0x8d, 0xc2, 0x8d, 0xc2, 0x95,
    0xc2, 0x95, 0xc2, 0x8d, 0xc2, 0x95, 0xc2, 0x95, 0xe2, 0x95, 0xc2, 0x95,
    0xe2, 0x95, 0xe2, 0x95, 0xe2, 0x9d, 0xe2, 0x9d, 0xe2, 0x9d, 0xe2, 0x9d,
    0x02, 0x9e, 0xe2, 0x9d, 0xe2, 0x9d, 0xe2, 0x9d, 0x02, 0xa6, 0x02, 0xa6,
    0x02, 0xa6, 0x02, 0xa6, 0x02, 0xa6, 0x02, 0xae, 0x02, 0xae, 0x22, 0xae,
    0x01, 0xae, 0x22, 0xae, 0x22, 0xae, 0x02, 0xae, 0x22, 0xae, 0x21, 0xae,
    0x22, 0xbe, 0x42, 0xce, 0x42, 0xce, 0x43, 0xd6, 0x62, 0xd6, 0x42, 0xd6,
    0x62, 0xd6, 0x42, 0xd6, 0x63, 0xd6, 0x63, 0xd6, 0x62, 0xde, 0x63, 0xd6,
    0x63, 0xd6, 0x62, 0xd6, 0x62, 0xde, 0x42, 0xd6, 0x63, 0xde, 0x62, 0xd6,
    0x42, 0xd6, 0x42, 0xd6, 0x42, 0xd6, 0x63, 0xd6, 0x43, 0xd6, 0x42, 0xd6,
    0x42, 0xc6, 0x42, 0xbe, 0x21, 0xbe, 0x22, 0xb6, 0x02, 0xb6, 0x01, 0xae,
    0x22, 0xae, 0x02, 0xae, 0x01, 0xae, 0x01, 0xae, 0x02, 0xae, 0x01, 0xa6,
    0x01, 0xae, 0x02, 0xae, 0x02, 0xae, 0x01, 0xae, 0x01, 0xae, 0x01, 0xae,
    0xe2, 0xad, 0x02, 0xa6, 0xe1, 0xa5, 0x01, 0xa6, 0xe1, 0xa5, 0xe1, 0xa5,
    0xe1, 0x9d, 0xe1, 0x9d, 0xe2, 0xa5, 0xc1, 0x9d, 0xc1, 0x9d, 0xe2, 0x9d,
    0xc1, 0x9d, 0xc1, 0x9d, 0xc2, 0x9d, 0xc1, 0x95, 0xc1, 0x95, 0xc2, 0x9d,
    0xc1, 0x9d, 0xa1, 0x95, 0xc1, 0x9d, 0xa2, 0x9d, 0xc1, 0x95, 0xc1, 0x95,
    0x43, 0x6d, 0xe4, 0x4c, 0xe4, 0x4c, 0xc4, 0x4c, 0x63, 0x7d, 0xa2, 0x8d,
    0x82, 0x85, 0x42, 0x7d, 0x82, 0x85, 0x81, 0x85, 0x62, 0x85, 0x42, 0x75,
    0x02, 0x65, 0x03, 0x5d, 0xc3, 0x54, 0xa4, 0x44, 0x84, 0x44, 0x84, 0x3c,
    0xa4, 0x44, 0x84, 0x44, 0x84, 0x44, 0xa4, 0x44, 0x84, 0x44, 0x84, 0x44,
    0x24, 0x5c, 0x86, 0xb3, 0xa6, 0xb3, 0x86, 0xab, 0xa6, 0xb3, 0xa6, 0xa3,
    0xc5, 0x9b, 0x86, 0xb3, 0x86, 0xab, 0xa6, 0xb3, 0xa6, 0xb3, 0x86, 0xab,
    0x86, 0xab, 0x86, 0xab, 0x66, 0xa3, 0x45, 0x93, 0x45, 0x93, 0x45, 0x93,
    0x24, 0x83, 0x24, 0x83, 0x03, 0x83, 0x04, 0x83, 0x03, 0x83, 0x24, 0x83,
    0x24, 0x83, 0x03, 0x83, 0x24, 0x83, 0x24, 0x83, 0x63, 0x73, 0x83, 0x4c,
    0x83, 0x4c, 0x83, 0x4c, 0x83, 0x4c, 0x63, 0x44, 0x63, 0x44, 0x63, 0x44,
    0x43, 0x44, 0x44, 0x3c, 0x43, 0x3c, 0x43, 0x3c, 0x24, 0x3c, 0x44, 0x3c,
    0xa5, 0x23, 0x84, 0x2b, 0xa5, 0x23, 0xa5, 0x2b, 0xa4, 0x2b, 0xa5, 0x23,
    0xa5, 0x2b, 0xc4, 0x2b, 0xe5, 0x2b, 0xe4, 0x2b, 0xc5, 0x2b, 0xc5, 0x2b,
    0xc5, 0x2b, 0xe4, 0x33, 0x04, 0x34, 0x24, 0x34, 0x24, 0x34, 0x24, 0x34,
    0x24, 0x3c, 0x24, 0x3c, 0x44, 0x3c, 0x44, 0x3c, 0x44, 0x3c, 0x44, 0x3c,
    0x44, 0x3c, 0x44, 0x3c, 0x64, 0x3c, 0x64, 0x44, 0x64, 0x44, 0x64, 0x44,
    0x64, 0x44, 0x64, 0x44, 0xa4, 0x4c, 0xc3, 0x54, 0xe3, 0x5c, 0x03, 0x65,
    0x03, 0x65, 0x23, 0x6d, 0x23, 0x6d, 0x22, 0x6d, 0x42, 0x75, 0x42, 0x75,
    0x42, 0x75, 0x42, 0x75, 0x62, 0x75, 0x63, 0x7d, 0x62, 0x7d, 0x62, 0x7d,
    0x62, 0x7d, 0x62, 0x7d, 0x62, 0x7d, 0x82, 0x7d, 0x82, 0x7d, 0x82, 0x7d,
    0x82, 0x85, 0x82, 0x85, 0x83, 0x85, 0x82, 0x85, 0x83, 0x85, 0x82, 0x85,
    0xa3, 0x85, 0x82, 0x8d, 0x82, 0x85, 0xa3, 0x85, 0x82, 0x8d, 0xa2, 0x8d,
    0xa3, 0x8d, 0xa2, 0x8d, 0xc2, 0x8d, 0xc2, 0x8d, 0xa3, 0x8d, 0xa2, 0x8d,
    0xc2, 0x8d, 0xc2, 0x8d, 0xa2, 0x95, 0xc3, 0x8d, 0xc3, 0x95, 0xc2, 0x95,
    0xc2, 0x95, 0xc2, 0x8d, 0xe3, 0x95, 0xe2, 0x95, 0xc2, 0x95, 0xc3, 0x95,
    0xe2, 0x95, 0xe2, 0x9d, 0xe2, 0x9d, 0xe2, 0x9d, 0xe2, 0x9d, 0xe2, 0x9d,
    0xe2, 0x9d, 0x02, 0x9e, 0xe2, 0xa5, 0x02, 0xa6, 0x02, 0xa6, 0x02, 0xa6,
    0xe2, 0xa5, 0x02, 0xa6, 0x02, 0xa6, 0x02, 0xae, 0x02, 0xae, 0x01, 0xae,
    0x02, 0xae, 0x22, 0xae, 0x22, 0xb6, 0x22, 0xbe, 0x22, 0xc6, 0x42, 0xce,
    0x42, 0xd6, 0x42, 0xd6, 0x43, 0xd6, 0x43, 0xd6, 0x63, 0xd6, 0x42, 0xd6,
    0x42, 0xd6, 0x62, 0xd6, 0x43, 0xd6, 0x62, 0xd6, 0x62, 0xde, 0x63, 0xde,
    0x63, 0xd6, 0x62, 0xd6, 0x42, 0xd6, 0x63, 0xd6, 0x63, 0xde, 0x42, 0xd6,
    0x63, 0xde, 0x63, 0xd6, 0x42, 0xde, 0x42, 0xd6, 0x62, 0xde, 0x42, 0xd6,
    0x42, 0xd6, 0x42, 0xd6, 0x42, 0xd6, 0x42, 0xd6, 0x42, 0xd6, 0x42, 0xd6,
    0x42, 0xd6, 0x42, 0xce, 0x42, 0xce, 0x42, 0xce, 0x22, 0xc6, 0x22, 0xc6,
    0x22, 0xbe, 0x01, 0xb6, 0x01, 0xb6, 0x01, 0xae, 0x01, 0xae, 0x02, 0xa6,
    0xe1, 0xa5, 0xe1, 0xa5, 0x02, 0xae, 0xe2, 0xa5, 0xe2, 0xa5, 0xe1, 0xa5,
    0xe2, 0xa5, 0xe1, 0xa5, 0xc1, 0x9d, 0xe1, 0x9d, 0xe2, 0x9d, 0xc2, 0x9d,
    0xc1, 0x9d, 0xc1, 0x9d, 0xc2, 0x9d, 0xc1, 0x9d, 0xc1, 0x9d, 0x82, 0x85,
    0x04, 0x5d, 0xe4, 0x54, 0x04, 0x55, 0x23, 0x6d, 0x82, 0x85, 0xa2, 0x95,
    0x23, 0x6d, 0xc4, 0x4c, 0xc4, 0x4c, 0xe4, 0x4c, 0x03, 0x65, 0x42, 0x7d,
    0xe4, 0x54, 0xa4, 0x44, 0x03, 0x5d, 0x82, 0x85, 0x82, 0x7d, 0x42, 0x75,
    0x23, 0x65, 0x03, 0x65, 0x03, 0x5d, 0x03, 0x65, 0x02, 0x65, 0x02, 0x5d,
    0x03, 0x5d, 0xe3, 0x5c, 0xe3, 0x5c, 0xe2, 0x5c, 0xe3, 0x5c, 0xc3, 0x54,
    0x44, 0x7c, 0x86, 0xab, 0x86, 0xab, 0x86, 0xab, 0xc5, 0x9b, 0x64, 0x44,
    0x44, 0x44, 0xa6, 0xab, 0xa6, 0xa3, 0x86, 0xa3, 0x86, 0xab, 0x86, 0xab,
    0x86, 0xab, 0x66, 0xab, 0x45, 0xa3, 0x45, 0x9b, 0x45, 0x93, 0x24, 0x8b,
    0x23, 0x83, 0x23, 0x83, 0x04, 0x83, 0x03, 0x83, 0x03, 0x83, 0x04, 0x83,
    0x03, 0x7b, 0x03, 0x83, 0x03, 0x7b, 0x04, 0x7b, 0xe3, 0x7a, 0x03, 0x5c,
    0x43, 0x54, 0x43, 0x4c, 0x43, 0x44, 0x43, 0x3c, 0x44, 0x44, 0x44, 0x3c,
    0x43, 0x3c, 0x44, 0x3c, 0x44, 0x3c, 0x43, 0x3c, 0x43, 0x3c, 0x44, 0x3c,
    0x85, 0x2b, 0xa5, 0x23, 0xa5, 0x23, 0xa5, 0x2b, 0xa4, 0x23, 0xa5, 0x23,
    0xa5, 0x2b, 0xc5, 0x2b, 0xc5, 0x2b, 0xa5, 0x2b, 0xc5, 0x2b, 0xa4, 0x2b,
    0xe4, 0x2b, 0x04, 0x34, 0x04, 0x34, 0x24, 0x34, 0x24, 0x34, 0x24, 0x34,
    0x44, 0x34, 0x24, 0x34, 0x24, 0x34, 0x44, 0x3c, 0x44, 0x3c, 0x44, 0x3c,
    0x64, 0x44, 0x64, 0x44, 0x64, 0x44, 0x64, 0x44, 0x64, 0x3c, 0x64, 0x44,
    0x84, 0x44, 0x84, 0x44, 0x84, 0x4c, 0x83, 0x4c, 0xa3, 0x4c, 0xc3, 0x5c,
    0xe3, 0x5c, 0x03, 0x65, 0x02, 0x6d, 0x43, 0x75, 0x42, 0x75, 0x42, 0x75,
    0x43, 0x75, 0x62, 0x7d, 0x42, 0x7d, 0x62, 0x7d, 0x63, 0x7d, 0x62, 0x7d,
    0x62, 0x7d, 0x63, 0x7d, 0x62, 0x7d, 0x62, 0x7d, 0x82, 0x85, 0x82, 0x85,
    0x83, 0x85, 0x82, 0x85, 0x82, 0x85, 0x82, 0x85, 0x82, 0x85, 0xa2, 0x85,
    0x82, 0x85, 0x82, 0x85, 0xa2, 0x8d, 0xa2, 0x8d, 0xa2, 0x8d, 0xa2, 0x8d,
    0xa2, 0x8d, 0xc2, 0x8d, 0xa2, 0x8d, 0xc2, 0x8d, 0xa2, 0x8d, 0xc2, 0x8d,
    0xc2, 0x95, 0xc2, 0x8d, 0xc2, 0x8d, 0xc2, 0x95, 0xc2, 0x95, 0xc2, 0x8d,
    0xe2, 0x95, 0xe2, 0x95, 0xc2, 0x95, 0xc2, 0x95, 0xe2, 0x95, 0xe2, 0x9d,
    0xe2, 0x9d, 0xe2, 0x9d, 0xe2, 0x9d, 0xe2, 0x9d, 0xe2, 0x9d, 0xe2, 0x9d,
    0xe2, 0x9d, 0x02, 0xa6, 0x02, 0xa6, 0xe2, 0x9d, 0xe2, 0xa5, 0xe2, 0xa5,
    0x02, 0xa6, 0x02, 0xa6, 0x02, 0xa6, 0x01, 0xae, 0x22, 0xb6, 0x22, 0xc6,
    0x42, 0xce, 0x42, 0xce, 0x42, 0xce, 0x42, 0xce, 0x42, 0xd6, 0x42, 0xd6,
    0x43, 0xd6, 0x62, 0xd6, 0x42, 0xd6, 0x42, 0xce, 0x43, 0xd6, 0x43, 0xd6,
    0x63, 0xd6, 0x62, 0xd6, 0x63, 0xd6, 0x43, 0xd6, 0x62, 0xde, 0x42, 0xd6,
    0x63, 0xde, 0x63, 0xde, 0x62, 0xd6, 0x42, 0xd6, 0x63, 0xd6, 0x62, 0xde,
    0x62, 0xd6, 0x43, 0xd6, 0x62, 0xd6, 0x62, 0xd6, 0x42, 0xd6, 0x63, 0xde,
    0x62, 0xd6, 0x42, 0xd6, 0x42, 0xd6, 0x42, 0xd6, 0x62, 0xd6, 0x42, 0xd6,
    0x42, 0xd6, 0x42, 0xd6, 0x42, 0xd6, 0x42, 0xd6, 0x42, 0xce, 0x22, 0xd6,
    0x22, 0xd6, 0x22, 0xce, 0x22, 0xce, 0x22, 0xce, 0x22, 0xce, 0x22, 0xce,
    0x02, 0xc6, 0x02, 0xc6, 0x01, 0xb6, 0xe1, 0xad, 0xe2, 0xad, 0xe1, 0xa5,
    0xe1, 0xa5, 0xe2, 0xa5, 0xe1, 0xa5, 0xc2, 0xa5, 0xc1, 0x9d, 0xe1, 0xa5,
    0xc2, 0x9d, 0xc1, 0x9d, 0xc1, 0x9d, 0xc2, 0x9d, 0xc1, 0x9d, 0x43, 0x75,
    0xe4, 0x54, 0xe4, 0x54, 0xe4, 0x54, 0xe4, 0x4c, 0xe3, 0x54, 0x43, 0x75,
    0x03, 0x65, 0xc4, 0x4c, 0xc4, 0x4c, 0xc4, 0x4c, 0xe3, 0x54, 0xc4, 0x4c,
    0xa4, 0x44, 0xa4, 0x44, 0xc3, 0x54, 0x82, 0x85, 0x62, 0x85, 0x62, 0x85,
    0x62, 0x7d, 0x62, 0x7d, 0x42, 0x7d, 0x62, 0x75, 0x42, 0x75, 0x42, 0x75,
    0x42, 0x75, 0x22, 0x6d, 0x22, 0x6d, 0x22, 0x6d, 0x22, 0x6d, 0x23, 0x65,
    0x44, 0x8c, 0x86, 0xab, 0xa5, 0x9b, 0xa5, 0x93, 0x44, 0x64, 0x44, 0x3c,
    0x43, 0x3c, 0x24, 0x5c, 0x44, 0x3c, 0x04, 0x64, 0x86, 0xab, 0x86, 0xab,
    0x66, 0xab, 0x66, 0xa3, 0x64, 0x8b, 0x84, 0x83, 0x44, 0x8b, 0x24, 0x8b,
    0x24, 0x83, 0x24, 0x83, 0x23, 0x83, 0x24, 0x83, 0x24, 0x7b, 0x03, 0x7b,
    0x04, 0x7b, 0x04, 0x7b, 0x03, 0x7b, 0x03, 0x7b, 0x03, 0x7b, 0x03, 0x73,
    0xa3, 0x63, 0xc3, 0x5b, 0xc3, 0x53, 0x23, 0x3c, 0x03, 0x3c, 0x03, 0x3c,
    0x24, 0x3c, 0x43, 0x3c, 0x24, 0x3c, 0x43, 0x3c, 0x43, 0x3c, 0x44, 0x3c,
    0x84, 0x23, 0x84, 0x23, 0xa5, 0x2b, 0x84, 0x23, 0xa5, 0x2b, 0xa4, 0x23,
    0xa5, 0x2b, 0xa5, 0x2b, 0xa5, 0x2b, 0xa5, 0x23, 0xa5, 0x2b, 0xc4, 0x2b,
    0xe4, 0x2b, 0x04, 0x34, 0x24, 0x34, 0x24, 0x34, 0x24, 0x3c, 0x24, 0x3c,
    0x44, 0x34, 0x44, 0x34, 0x44, 0x34, 0x44, 0x34, 0x44, 0x3c, 0x64, 0x3c,
    0x64, 0x3c, 0x64, 0x3c, 0x64, 0x3c, 0x63, 0x44, 0x83, 0x44, 0x84, 0x4c,
    0x83, 0x4c, 0xa3, 0x4c, 0xa3, 0x4c, 0xa4, 0x54, 0xc3, 0x54, 0xe3, 0x5c,
    0xe3, 0x5c, 0x03, 0x65, 0x03, 0x65, 0x23, 0x6d, 0x43, 0x75, 0x42, 0x7d,
    0x63, 0x7d, 0x42, 0x7d, 0x62, 0x7d, 0x62, 0x7d, 0x62, 0x7d, 0x62, 0x7d,
    0x62, 0x7d, 0x62, 0x7d, 0x83, 0x85, 0x82, 0x85, 0x82, 0x85, 0x82, 0x85,
    0x82, 0x85, 0x82, 0x85, 0x82, 0x85, 0x82, 0x85, 0xa2, 0x85, 0x82, 0x85,
    0xa2, 0x85, 0xa2, 0x8d, 0x82, 0x85, 0xa2, 0x8d, 0xa2, 0x8d, 0xa2, 0x85,
    0xa2, 0x8d, 0xa2, 0x8d, 0xc2, 0x8d, 0xa2, 0x8d, 0xc2, 0x95, 0xc2, 0x95,
    0xa2, 0x95, 0xc2, 0x95, 0xc2, 0x8d, 0xc2, 0x95, 0xc2, 0x95, 0xc2, 0x95,
    0xc2, 0x95, 0xc2, 0x95, 0xe2, 0x9d, 0xc2, 0x95, 0xc2, 0x95, 0xc2, 0x95,
    0xe2, 0x9d, 0xe2, 0x9d, 0xe2, 0x95, 0xe2, 0x95, 0xe2, 0x9d, 0x02, 0x9e,
    0xe2, 0x9d, 0xe2, 0xa5, 0xe2, 0xa5, 0x02, 0xa6, 0x02, 0xa6, 0x02, 0xa6,
    0x01, 0xa6, 0x02, 0xa6, 0x02, 0xbe, 0x22, 0xc6, 0x42, 0xce, 0x42, 0xce,
    0x42, 0xce, 0x42, 0xce, 0x42, 0xd6, 0x43, 0xd6, 0x43, 0xd6, 0x62, 0xd6,
    0x43, 0xce, 0x42, 0xd6, 0x63, 0xd6, 0x62, 0xd6, 0x62, 0xd6, 0x43, 0xd6,
    0x62, 0xd6, 0x42, 0xd6, 0x63, 0xd6, 0x62, 0xd6, 0x63, 0xde, 0x62, 0xd6,
    0x62, 0xd6, 0x62, 0xde, 0x62, 0xd6, 0x42, 0xd6, 0x63, 0xd6, 0x42, 0xd6,
    0x62, 0xde, 0x43, 0xd6, 0x63, 0xd6, 0x62, 0xde, 0x42, 0xd6, 0x43, 0xd6,
    0x42, 0xd6, 0x42, 0xde, 0x63, 0xd6, 0x42, 0xd6, 0x42, 0xd6, 0x42, 0xd6,
    0x42, 0xd6, 0x42, 0xd6, 0x43, 0xd6, 0x42, 0xd6, 0x42, 0xd6, 0x22, 0xd6,
    0x42, 0xd6, 0x42, 0xd6, 0x42, 0xd6, 0x22, 0xce, 0x22, 0xd6, 0x22, 0xce,
    0x22, 0xce, 0x22, 0xce, 0x22, 0xce, 0x22, 0xce, 0x02, 0xce, 0x02, 0xc6,
    0x02, 0xc6, 0xe2, 0xb5, 0xe1, 0xad, 0xc1, 0xa5, 0xc1, 0xa5, 0xc1, 0x9d,
    0xc1, 0x9d, 0xc1, 0x9d, 0xc1, 0x9d, 0xc1, 0x9d, 0xc1, 0x9d, 0xc1, 0x9d,
    0x82, 0x85, 0x03, 0x55, 0xc4, 0x4c, 0xe4, 0x54, 0xe4, 0x4c, 0xe4, 0x4c,
    0xe4, 0x54, 0xc4, 0x4c, 0xe4, 0x4c, 0xc5, 0x44, 0xc4, 0x44, 0xc4, 0x44,
    0xa4, 0x44, 0xa4, 0x44, 0xe3, 0x5c, 0x42, 0x7d, 0x03, 0x5d, 0x22, 0x6d,
    0x62, 0x85, 0x61, 0x85, 0x62, 0x85, 0x62, 0x7d, 0x42, 0x7d, 0x42, 0x7d,
    0x42, 0x75, 0x42, 0x75, 0x22, 0x75, 0x22, 0x6d, 0x22, 0x6d, 0xc3, 0x54,
    0x83, 0x64, 0x85, 0xa3, 0x04, 0x74, 0x64, 0x44, 0x63, 0x4c, 0x43, 0x3c,
    0x44, 0x3c, 0x44, 0x3c, 0x43, 0x3c, 0xe4, 0x73, 0x66, 0xab, 0x86, 0xa3,
    0xc4, 0x7b, 0xe3, 0x4b, 0x03, 0x4c, 0xc3, 0x63, 0x44, 0x83, 0x24, 0x8b,
    0x24, 0x83, 0x03, 0x83, 0x03, 0x83, 0x03, 0x7b, 0x04, 0x7b, 0x03, 0x7b,
    0x03, 0x7b, 0x24, 0x83, 0x03, 0x7b, 0x03, 0x7b, 0x03, 0x73, 0x04, 0x73,
    0xa3, 0x5b, 0xc3, 0x5b, 0xe3, 0x53, 0x03, 0x4c, 0x03, 0x44, 0x24, 0x3c,
    0x43, 0x44, 0x23, 0x3c, 0x44, 0x3c, 0x44, 0x3c, 0x23, 0x3c, 0x24, 0x3c,
    0x84, 0x23, 0x85, 0x2b, 0xa5, 0x2b, 0xa4, 0x2b, 0xa4, 0x2b, 0xa5, 0x2b,
    0xc4, 0x2b, 0xa4, 0x23, 0xc5, 0x2b, 0xc4, 0x2b, 0xc5, 0x2b, 0x04, 0x34,
    0x04, 0x34, 0x24, 0x34, 0x24, 0x34, 0x24, 0x34, 0x24, 0x34, 0x25, 0x64,
    0x05, 0x8c, 0x05, 0xac, 0x06, 0xbc, 0x06, 0xbc, 0x06, 0xbc, 0x06, 0xbc,
    0x05, 0xb4, 0x05, 0x9c, 0x24, 0x6c, 0xa3, 0x4c, 0xa3, 0x54, 0xc3, 0x54,
    0xc3, 0x54, 0xc3, 0x5c, 0xe3, 0x5c, 0x03, 0x65, 0x03, 0x65, 0x03, 0x65,
    0x03, 0x6d, 0x03, 0x6d, 0x22, 0x6d, 0x22, 0x6d, 0x22, 0x75, 0x42, 0x75,
    0x62, 0x7d, 0x62, 0x7d, 0x62, 0x7d, 0x62, 0x7d, 0x82, 0x85, 0x82, 0x85,
    0x82, 0x85, 0x82, 0x85, 0x82, 0x85, 0x82, 0x85, 0x82, 0x85, 0x82, 0x85,
    0x82, 0x85, 0x82, 0x85, 0x82, 0x85, 0x82, 0x8d, 0xa2, 0x85, 0x82, 0x8d,
    0xa2, 0x8d, 0x82, 0x8d, 0xa2, 0x8d, 0xa2, 0x85, 0xa2, 0x8d, 0xa2, 0x8d,
    0xa2, 0x8d, 0xc2, 0x8d, 0xc2, 0x9d, 0xc2, 0x9d, 0xc2, 0x9d, 0xc2, 0x9d,
    0xe2, 0xa5, 0xe2, 0xa5, 0xc2, 0xa5, 0xc2, 0x9d, 0xc2, 0x95, 0xc2, 0x95,
    0xc2, 0x95, 0xe2, 0x9d, 0xc2, 0x95, 0xc2, 0x95, 0xe2, 0x9d, 0xc2, 0x95,
    0xe2, 0x9d, 0xe2, 0x9d, 0xe2, 0x9d, 0xe2, 0x95, 0xe2, 0x9d, 0xe2, 0x9d,
    0xe2, 0x9d, 0xe2, 0x9d, 0xe2, 0xa5, 0xe1, 0x9d, 0x02, 0xa6, 0x02, 0xa6,
    0x01, 0xa6, 0x02, 0xbe, 0x22, 0xc6, 0x22, 0xc6, 0x22, 0xce, 0x22, 0xce,
    0x22, 0xce, 0x22, 0xce, 0x42, 0xd6, 0x42, 0xce, 0x42, 0xd6, 0x43, 0xd6,
    0x42, 0xd6, 0x42, 0xd6, 0x43, 0xd6, 0x42, 0xce, 0x42, 0xce, 0x42, 0xce,
    0x42, 0xce, 0x42, 0xd6, 0x42, 0xce, 0x42, 0xce, 0x42, 0xce, 0x42, 0xd6,
    0x42, 0xd6, 0x43, 0xd6, 0x62, 0xd6, 0x42, 0xd6, 0x43, 0xde, 0x62, 0xd6,
    0x62, 0xde, 0x62, 0xd6, 0x63, 0xde, 0x42, 0xde, 0x42, 0xd6, 0x62, 0xd6,
    0x62, 0xde, 0x42, 0xd6, 0x43, 0xd6, 0x42, 0xd6, 0x42, 0xd6, 0x42, 0xd6,
    0x42, 0xd6, 0x42, 0xd6, 0x42, 0xd6, 0x42, 0xd6, 0x42, 0xd6, 0x42, 0xd6,
    0x22, 0xce, 0x42, 0xd6, 0x22, 0xd6, 0x22, 0xd6, 0x22, 0xce, 0x22, 0xd6,
    0x22, 0xce, 0x22, 0xd6, 0x22, 0xd6, 0x02, 0xce, 0x02, 0xce, 0x02, 0xce,
    0x02, 0xc6, 0x02, 0xc6, 0x02, 0xce, 0xe1, 0xbd, 0xe1, 0xad, 0xc2, 0xa5,
    0xc2, 0x9d, 0xc1, 0x9d, 0xc1, 0x9d, 0xc1, 0x9d, 0xa2, 0x95, 0x82, 0x8d,
    0x82, 0x85, 0xa2, 0x95, 0x62, 0x7d, 0xe4, 0x54, 0xe4, 0x4c, 0xe4, 0x4c,
    0xc4, 0x4c, 0xc4, 0x4c, 0xc4, 0x44, 0xc4, 0x4c, 0xc4, 0x44, 0xa5, 0x44,
    0xa4, 0x44, 0xa5, 0x44, 0xa4, 0x44, 0xa4, 0x44, 0xa4, 0x44, 0xc3, 0x54,
    0x42, 0x75, 0x42, 0x7d, 0x42, 0x75, 0x42, 0x7d, 0x42, 0x7d, 0x42, 0x75,
    0x22, 0x75, 0x22, 0x75, 0x22, 0x6d, 0x22, 0x6d, 0x22, 0x6d, 0xc3, 0x54,
    0x83, 0x44, 0x43, 0x4c, 0x64, 0x4c, 0x44, 0x3c, 0x63, 0x3c, 0x64, 0x44,
    0x43, 0x3c, 0x44, 0x3c, 0x44, 0x3c, 0x23, 0x54, 0x23, 0x4c, 0x23, 0x3c,
    0x23, 0x3c, 0x23, 0x3c, 0x23, 0x3c, 0x03, 0x54, 0x03, 0x5c, 0x03, 0x64,
    0xc3, 0x63, 0xa3, 0x6b, 0xa3, 0x6b, 0x83, 0x6b, 0x63, 0x6b, 0x63, 0x73,
    0x83, 0x6b, 0x63, 0x6b, 0xa3, 0x63, 0xe3, 0x53, 0xe3, 0x5b, 0xe3, 0x53,
    0x43, 0x44, 0x43, 0x44, 0x23, 0x3c, 0x43, 0x44, 0x44, 0x44, 0x43, 0x44,
    0x43, 0x3c, 0x43, 0x44, 0x43, 0x3c, 0x43, 0x44, 0x43, 0x3c, 0x43, 0x3c,
    0x85, 0x2b, 0xa4, 0x2b, 0xa4, 0x23, 0xa5, 0x2b, 0xc4, 0x2b, 0xe4, 0x2b,
    0xe4, 0x2b, 0x04, 0x34, 0xe4, 0x2b, 0xe4, 0x2b, 0x04, 0x34, 0x24, 0x34,
    0x24, 0x3c, 0x24, 0x3c, 0x44, 0x3c, 0x44, 0x54, 0x06, 0xbc, 0x06, 0xc4,
    0x06, 0xbc, 0x06, 0xbc, 0x06, 0xc4, 0x06, 0xc4, 0x06, 0xbc, 0x06, 0xbc,
    0x06, 0xc4, 0x06, 0xbc, 0x06, 0xc4, 0x06, 0xac, 0xc3, 0x64, 0xe3, 0x64,
    0xe3, 0x5c, 0x03, 0x65, 0x03, 0x6d, 0x02, 0x6d, 0x23, 0x6d, 0x22, 0x6d,
    0x22, 0x6d, 0x22, 0x75, 0x43, 0x75, 0x42, 0x75, 0x42, 0x75, 0x62, 0x7d,
    0x62, 0x7d, 0x63, 0x7d, 0x62, 0x7d, 0x82, 0x85, 0x63, 0x7d, 0xe4, 0x5c,
    0xe4, 0x5c, 0x43, 0x7d, 0x82, 0x85, 0x82, 0x85, 0x82, 0x85, 0x82, 0x85,
    0x82, 0x85, 0x82, 0x85, 0x82, 0x8d, 0x82, 0x8d, 0xa2, 0x85, 0x82, 0x8d,
    0x82, 0x8d, 0xa2, 0x8d, 0xa2, 0x8d, 0xa2, 0x8d, 0xa2, 0x8d, 0xa2, 0x8d,
    0xa2, 0x8d, 0xa2, 0x8d, 0xc2, 0x9d, 0xc2, 0xa5, 0xe2, 0xa5, 0xe2, 0xa5,
    0xe2, 0xa5, 0xe2, 0xad, 0xe2, 0xad, 0xe2, 0xa5, 0xe2, 0xa5, 0xc2, 0x95,
    0xc2, 0x95, 0xc2, 0x95, 0xc2, 0x95, 0xe2, 0x9d, 0xc2, 0x95, 0xe2, 0x9d,
    0xc2, 0x95, 0xe2, 0x9d, 0xe2, 0x9d, 0xc2, 0x9d, 0xe2, 0x9d, 0xe2, 0x9d,
    0xe2, 0x9d, 0xe2, 0x9d, 0xe2, 0x9d, 0xe1, 0xa5, 0x02, 0xa6, 0xe1, 0xa5,
    0x02, 0xa6, 0x02, 0xb6, 0x22, 0xc6, 0x02, 0xbe, 0x22, 0xc6, 0x22, 0xce,
    0x43, 0xd6, 0x43, 0xd6, 0x43, 0xd6, 0x42, 0xce, 0x63, 0xd6, 0x42, 0xce,
    0x42, 0xce, 0x42, 0xc6, 0x42, 0xc6, 0x42, 0xbe, 0x42, 0xc6, 0x42, 0xc6,
    0x42, 0xc6, 0x42, 0xc6, 0x42, 0xc6, 0x42, 0xc6, 0x42, 0xc6, 0x42, 0xc6,
    0x42, 0xc6, 0x42, 0xce, 0x62, 0xd6, 0x63, 0xde, 0x42, 0xd6, 0x63, 0xd6,
    0x42, 0xd6, 0x62, 0xd6, 0x42, 0xd6, 0x42, 0xd6, 0x63, 0xde, 0x62, 0xd6,
    0x42, 0xd6, 0x42, 0xd6, 0x62, 0xd6, 0x42, 0xd6, 0x43, 0xde, 0x42, 0xd6,
    0x42, 0xd6, 0x42, 0xd6, 0x22, 0xd6, 0x42, 0xd6, 0x42, 0xd6, 0x22, 0xce,
    0x22, 0xd6, 0x42, 0xd6, 0x22, 0xce, 0x22, 0xd6, 0x22, 0xce, 0x22, 0xce,
    0x22, 0xd6, 0x22, 0xce, 0x02, 0xce, 0x22, 0xce, 0x22, 0xce, 0x02, 0xce,
    0x01, 0xce, 0x02, 0xc6, 0x02, 0xc6, 0xe1, 0xb5, 0xe1, 0xa5, 0xc1, 0x9d,
    0xc1, 0x9d, 0xa1, 0x9d, 0xc1, 0x9d, 0x82, 0x85, 0x23, 0x65, 0x03, 0x5d,
    0x03, 0x5d, 0xe3, 0x5c, 0x03, 0x5d, 0xe3, 0x5c, 0xc4, 0x4c, 0xc4, 0x4c,
    0xc4, 0x4c, 0xc4, 0x4c, 0xc4, 0x4c, 0xc4, 0x4c, 0xc4, 0x4c, 0xa4, 0x44,
    0xa4, 0x44, 0xa4, 0x44, 0xa4, 0x44, 0xa4, 0x44, 0xa4, 0x44, 0xa4, 0x4c,
    0xa3, 0x4c, 0xa3, 0x4c, 0xa3, 0x54, 0x02, 0x65, 0x02, 0x6d, 0x02, 0x6d,
    0x22, 0x6d, 0x02, 0x65, 0xc3, 0x54, 0x83, 0x4c, 0xa3, 0x4c, 0x83, 0x54,
    0x83, 0x4c, 0x43, 0x3c, 0x63, 0x3c, 0x44, 0x3c, 0x43, 0x3c, 0x43, 0x3c,
    0x44, 0x3c, 0x44, 0x3c, 0x43, 0x3c, 0x23, 0x3c, 0x24, 0x3c, 0x24, 0x3c,
    0x24, 0x3c, 0x23, 0x3c, 0x23, 0x3c, 0x23, 0x3c, 0x23, 0x3c, 0x43, 0x44,
    0x43, 0x44, 0x43, 0x44, 0x43, 0x44, 0x63, 0x4c, 0x43, 0x44, 0x43, 0x44,
    0x43, 0x44, 0x43, 0x44, 0x43, 0x44, 0x43, 0x4c, 0x23, 0x4c, 0x43, 0x4c,
    0x63, 0x4c, 0x63, 0x44, 0x63, 0x44, 0x63, 0x4c, 0x83, 0x4c, 0x63, 0x44,
    0x63, 0x4c, 0x83, 0x4c, 0x63, 0x44, 0x63, 0x44, 0x63, 0x4c, 0x63, 0x44,
    0xc4, 0x2b, 0xa4, 0x23, 0xa5, 0x2b, 0xc4, 0x2b, 0xe4, 0x2b, 0x04, 0x34,
    0x24, 0x34, 0x24, 0x34, 0x24, 0x3c, 0x44, 0x3c, 0x43, 0x3c, 0x64, 0x44,
    0x64, 0x44, 0x64, 0x3c, 0x24, 0x54, 0xc6, 0xb3, 0x06, 0xbc, 0xe6, 0xbb,
    0x06, 0xc4, 0x06, 0xbc, 0x06, 0xbc, 0x06, 0xc4, 0xe6, 0xbb, 0x06, 0xc4,
    0x06, 0xbc, 0x06, 0xc4, 0x06, 0xc4, 0x06, 0xbc, 0x06, 0xac, 0x03, 0x65,
    0xe3, 0x6c, 0x02, 0x65, 0x02, 0x6d, 0x23, 0x6d, 0x22, 0x6d, 0x22, 0x6d,
    0x22, 0x6d, 0x43, 0x75, 0x42, 0x75, 0x43, 0x7d, 0x42, 0x7d, 0x62, 0x7d,
    0x62, 0x7d, 0x62, 0x7d, 0x62, 0x7d, 0x43, 0x75, 0x45, 0x34, 0x65, 0x3c,
    0x64, 0x3c, 0x64, 0x3c, 0x62, 0x7d, 0x82, 0x85, 0x82, 0x85, 0x82, 0x85,
    0x82, 0x85, 0x82, 0x85, 0x82, 0x85, 0x82, 0x85, 0x82, 0x85, 0xa2, 0x85,
    0x82, 0x8d, 0xa2, 0x85, 0xa2, 0x8d, 0x82, 0x8d, 0xa2, 0x8d, 0xa2, 0x8d,
    0xa2, 0x8d, 0xa2, 0x8d, 0xa2, 0x8d, 0xa2, 0x8d, 0xc2, 0x95, 0xc2, 0x9d,
    0xc2, 0x9d, 0xc2, 0x9d, 0xe2, 0x9d, 0xe2, 0xa5, 0xc2, 0x9d, 0xc2, 0x95,
    0xc2, 0x95, 0xc2, 0x95, 0xc2, 0x95, 0xe2, 0x9d, 0xc2, 0x95, 0xc2, 0x95,
    0xc2, 0x9d, 0xc2, 0x95, 0xe2, 0x9d, 0xe2, 0x9d, 0xc2, 0x9d, 0xe2, 0x9d,
    0xe2, 0x9d, 0xe2, 0x9d, 0x02, 0xa6, 0xe2, 0xa5, 0x02, 0xa6, 0xe2, 0xa5,
    0x01, 0xa6, 0x02, 0xa6, 0x01, 0xae, 0x02, 0xb6, 0x22, 0xc6, 0x42, 0xce,
    0x22, 0xce, 0x42, 0xce, 0x43, 0xd6, 0x42, 0xd6, 0x43, 0xd6, 0x42, 0xce,
    0x42, 0xce, 0x42, 0xc6, 0x22, 0xc6, 0x42, 0xc6, 0x42, 0xbe, 0x22, 0xc6,
    0x42, 0xc6, 0x42, 0xc6, 0x42, 0xc6, 0x42, 0xc6, 0x42, 0xc6, 0x42, 0xce,
    0x42, 0xce, 0x63, 0xd6, 0x42, 0xd6, 0x62, 0xd6, 0x62, 0xd6, 0x42, 0xde,
    0x63, 0xde, 0x42, 0xd6, 0x62, 0xd6, 0x63, 0xd6, 0x42, 0xd6, 0x42, 0xd6,
    0x63, 0xd6, 0x42, 0xd6, 0x42, 0xd6, 0x42, 0xd6, 0x42, 0xd6, 0x42, 0xd6,
    0x43, 0xd6, 0x42, 0xd6, 0x42, 0xd6, 0x22, 0xd6, 0x22, 0xd6, 0x42, 0xd6,
    0x42, 0xd6, 0x22, 0xce, 0x42, 0xd6, 0x22, 0xd6, 0x22, 0xce, 0x22, 0xd6,
    0x22, 0xd6, 0x22, 0xce, 0x22, 0xce, 0x02, 0xc6, 0x01, 0xbe, 0xe1, 0xb5,
    0xe1, 0xad, 0xe1, 0xa5, 0xc1, 0x9d, 0xc2, 0xa5, 0xc1, 0x9d, 0xc1, 0x9d,
    0xc1, 0x9d, 0xc1, 0x9d, 0xa2, 0x9d, 0x82, 0x85, 0x23, 0x6d, 0x23, 0x65,
    0x23, 0x65, 0x03, 0x65, 0x03, 0x5d, 0x03, 0x5d, 0x03, 0x65, 0x03, 0x5d,
    0x03, 0x65, 0x03, 0x65, 0x23, 0x65, 0x03, 0x65, 0x03, 0x65, 0x03, 0x65,
    0x23, 0x6d, 0x23, 0x65, 0x22, 0x6d, 0x03, 0x65, 0x23, 0x6d, 0x23, 0x6d,
    0x22, 0x75, 0x22, 0x75, 0x22, 0x75, 0x42, 0x7d, 0x22, 0x7d, 0x22, 0x75,
    0x42, 0x7d, 0x02, 0x75, 0x02, 0x65, 0xe2, 0x64, 0xa3, 0x54, 0x83, 0x4c,
    0x83, 0x4c, 0x83, 0x4c, 0x83, 0x4c, 0x83, 0x4c, 0x83, 0x4c, 0x83, 0x4c,
    0x83, 0x4c, 0x83, 0x4c, 0x63, 0x4c, 0x63, 0x44, 0x63, 0x44, 0x63, 0x44,
    0x63, 0x44, 0x63, 0x44, 0x63, 0x44, 0x63, 0x4c, 0x63, 0x4c, 0x63, 0x4c,
    0x63, 0x54, 0x63, 0x54, 0x83, 0x4c, 0x63, 0x54, 0x83, 0x54, 0x63, 0x54,
    0x63, 0x4c, 0x83, 0x54, 0x63, 0x54, 0x83, 0x54, 0xa3, 0x54, 0x83, 0x54,
    0xa3, 0x54, 0x83, 0x54, 0x83, 0x54, 0xa3, 0x54, 0xa3, 0x54, 0xa3, 0x54,
    0x83, 0x4c, 0x83, 0x4c, 0x83, 0x4c, 0x83, 0x4c, 0x83, 0x4c, 0x63, 0x44,
    0xa4, 0x2b, 0xa4, 0x2b, 0xc4, 0x2b, 0xc4, 0x2b, 0xe4, 0x33, 0x24, 0x3c,
    0x23, 0x3c, 0x23, 0x3c, 0x44, 0x3c, 0x43, 0x44, 0x43, 0x3c, 0x43, 0x44,
    0x63, 0x44, 0x63, 0x4c, 0x64, 0x93, 0x65, 0x9b, 0xa5, 0xab, 0xe6, 0xbb,
    0x06, 0xc4, 0xe6, 0xbb, 0xe6, 0xbb, 0x06, 0xc4, 0xe6, 0xbb, 0x06, 0xbc,
    0x06, 0xc4, 0x06, 0xc4, 0x06, 0xbc, 0x06, 0xc4, 0x06, 0xc4, 0x84, 0x94,
    0x03, 0x65, 0x03, 0x65, 0x02, 0x6d, 0x02, 0x6d, 0x23, 0x6d, 0x23, 0x6d,
    0x22, 0x75, 0x23, 0x75, 0x22, 0x75, 0x42, 0x75, 0xe3, 0x5c, 0xe4, 0x54,
    0x03, 0x65, 0x42, 0x75, 0x62, 0x7d, 0x65, 0x44, 0x65, 0x3c, 0x65, 0x3c,
    0x65, 0x3c, 0x85, 0x3c, 0xc4, 0x54, 0x82, 0x85, 0x62, 0x7d, 0x62, 0x85,
    0x82, 0x85, 0x82, 0x8d, 0x82, 0x85, 0x82, 0x85, 0x82, 0x85, 0x82, 0x85,
    0x82, 0x85, 0x82, 0x85, 0x82, 0x85, 0x82, 0x8d, 0xa2, 0x8d, 0xa2, 0x8d,
    0xa2, 0x8d, 0xa2, 0x8d, 0xa2, 0x8d, 0xa2, 0x8d, 0xa2, 0x8d, 0xa2, 0x8d,
    0xa2, 0x8d, 0xa2, 0x8d, 0xc2, 0x95, 0xa2, 0x8d, 0xc2, 0x8d, 0xc2, 0x95,
    0xc2, 0x95, 0xc2, 0x95, 0xc2, 0x95, 0xc2, 0x95, 0xc2, 0x95, 0xc2, 0x95,
    0xe2, 0x9d, 0xe2, 0x9d, 0xe2, 0x9d, 0xc2, 0x95, 0xe2, 0x9d, 0xe1, 0x9d,
    0xe2, 0x9d, 0xe1, 0xa5, 0xe1, 0xa5, 0x02, 0xa6, 0xe1, 0xa5, 0x02, 0xa6,
    0x02, 0xa6, 0x01, 0xa6, 0x02, 0xae, 0x01, 0xae, 0x01, 0xae, 0x02, 0xae,
    0x01, 0xb6, 0x22, 0xc6, 0x42, 0xce, 0x42, 0xd6, 0x43, 0xd6, 0x42, 0xd6,
    0x43, 0xd6, 0x42, 0xd6, 0x42, 0xd6, 0x43, 0xd6, 0x42, 0xd6, 0x42, 0xd6,
    0x63, 0xd6, 0x43, 0xd6, 0x62, 0xd6, 0x63, 0xd6, 0x63, 0xd6, 0x62, 0xd6,
    0x63, 0xd6, 0x62, 0xd6, 0x62, 0xd6, 0x63, 0xd6, 0x42, 0xd6, 0x62, 0xd6,
    0x42, 0xde, 0x62, 0xd6, 0x42, 0xde, 0x63, 0xde, 0x42, 0xd6, 0x62, 0xde,
    0x43, 0xde, 0x42, 0xd6, 0x42, 0xd6, 0x43, 0xde, 0x42, 0xd6, 0x42, 0xd6,
    0x42, 0xd6, 0x42, 0xd6, 0x42, 0xd6, 0x42, 0xd6, 0x22, 0xd6, 0x42, 0xd6,
    0x22, 0xd6, 0x22, 0xd6, 0x22, 0xce, 0x22, 0xd6, 0x22, 0xd6, 0x22, 0xd6,
    0x02, 0xbe, 0xe1, 0xad, 0xe1, 0xad, 0xe1, 0xa5, 0xe1, 0xa5, 0xe1, 0xa5,
    0xe2, 0xa5, 0xe1, 0xa5, 0xc1, 0xa5, 0xe2, 0xa5, 0xc1, 0xa5, 0xc1, 0x9d,
    0xc2, 0x9d, 0xc1, 0x9d, 0xa1, 0x95, 0xa2, 0x95, 0xa1, 0x95, 0xa1, 0x95,
    0xa2, 0x95, 0xa2, 0x95, 0x81, 0x8d, 0xa2, 0x95, 0x82, 0x8d, 0x82, 0x8d,
    0x81, 0x8d, 0x81, 0x8d, 0x82, 0x8d, 0x82, 0x8d, 0x81, 0x8d, 0x81, 0x8d,
    0x82, 0x8d, 0x61, 0x8d, 0x61, 0x8d, 0x61, 0x8d, 0x62, 0x85, 0x61, 0x85,
    0x61, 0x85, 0x62, 0x85, 0x62, 0x85, 0x61, 0x85, 0x61, 0x85, 0x41, 0x85,
    0x42, 0x85, 0x42, 0x7d, 0x22, 0x7d, 0x22, 0x75, 0x02, 0x6d, 0x02, 0x6d,
    0xe2, 0x64, 0xe2, 0x64, 0x02, 0x65, 0xe2, 0x64, 0xe3, 0x64, 0x02, 0x65,
    0xe2, 0x6c, 0xe2, 0x6c, 0xe2, 0x64, 0xe2, 0x64, 0xe2, 0x64, 0xe2, 0x64,
    0xc2, 0x64, 0xc3, 0x64, 0xc3, 0x5c, 0xc3, 0x5c, 0xc2, 0x5c, 0xc3, 0x5c,
    0xa3, 0x5c, 0xc2, 0x64, 0xc2, 0x64, 0xe2, 0x64, 0xc2, 0x64, 0xc2, 0x64,
    0xc2, 0x64, 0xc2, 0x64, 0xc3, 0x64, 0xc2, 0x64, 0xc2, 0x5c, 0xc2, 0x5c,
    0xc2, 0x5c, 0xa2, 0x5c, 0xa2, 0x5c, 0xa2, 0x54, 0xa2, 0x54, 0xa2, 0x54,
    0xa3, 0x54, 0x82, 0x4c, 0x83, 0x4c, 0x83, 0x4c, 0x83, 0x4c, 0x83, 0x4c,
    0xe4, 0x33, 0x04, 0x34, 0xe4, 0x33, 0x04, 0x34, 0x24, 0x3c, 0x23, 0x3c,
    0x43, 0x3c, 0x43, 0x44, 0x43, 0x44, 0x63, 0x44, 0x63, 0x44, 0x63, 0x44,
    0x63, 0x44, 0x64, 0x8b, 0x44, 0x93, 0x45, 0x93, 0x45, 0x93, 0x85, 0xa3,
    0xc6, 0xb3, 0xc6, 0xb3, 0xe6, 0xbb, 0xe6, 0xbb, 0xe6, 0xbb, 0xe6, 0xbb,
    0xe6, 0xbb, 0xe6, 0xbb, 0xe6, 0xbb, 0xe6, 0xbb, 0xe6, 0xbb, 0xa6, 0xab,
    0xe3, 0x5c, 0xe3, 0x64, 0x03, 0x6d, 0x22, 0x6d, 0x03, 0x65, 0xe3, 0x5c,
    0xe3, 0x5c, 0x03, 0x65, 0x23, 0x6d, 0xe3, 0x5c, 0x64, 0x3c, 0x45, 0x3c,
    0x65, 0x3c, 0xa4, 0x4c, 0x03, 0x5d, 0x65, 0x34, 0x65, 0x3c, 0x64, 0x3c,
    0x65, 0x3c, 0x85, 0x3c, 0x84, 0x44, 0x62, 0x7d, 0x62, 0x7d, 0x23, 0x6d,
    0xc4, 0x54, 0xe4, 0x5c, 0x82, 0x85, 0x82, 0x85, 0x82, 0x8d, 0x82, 0x8d,
    0x82, 0x85, 0x82, 0x8d, 0xa2, 0x8d, 0xa2, 0x8d, 0x82, 0x8d, 0xa2, 0x8d,
    0xa2, 0x8d, 0xa2, 0x8d, 0xa2, 0x8d, 0xa2, 0x8d, 0xa2, 0x8d, 0xa2, 0x8d,
    0xa2, 0x8d, 0xc2, 0x8d, 0xa2, 0x95, 0xa2, 0x95, 0xa2, 0x95, 0xc2, 0x95,
    0xc2, 0x95, 0xc2, 0x95, 0xc2, 0x95, 0xc2, 0x9d, 0xc2, 0x9d, 0xe2, 0x9d,
    0xe2, 0x9d, 0xc1, 0x9d, 0xe1, 0x9d, 0xe2, 0x9d, 0xe1, 0x9d, 0xe1, 0x9d,
    0xe2, 0xa5, 0xe1, 0x9d, 0xe2, 0x9d, 0xe1, 0xa5, 0xe1, 0xa5, 0xe2, 0xa5,
    0x01, 0xae, 0xe1, 0xa5, 0x02, 0xae, 0x02, 0xae, 0xe1, 0xa5, 0x02, 0xae,
    0x02, 0xae, 0x01, 0xae, 0x02, 0xae, 0x22, 0xbe, 0x42, 0xce, 0x42, 0xd6,
    0x42, 0xd6, 0x43, 0xd6, 0x62, 0xd6, 0x62, 0xd6, 0x42, 0xd6, 0x42, 0xd6,
    0x42, 0xd6, 0x62, 0xd6, 0x42, 0xd6, 0x42, 0xd6, 0x43, 0xde, 0x42, 0xd6,
    0x62, 0xd6, 0x42, 0xde, 0x42, 0xd6, 0x42, 0xd6, 0x63, 0xd6, 0x42, 0xd6,
    0x62, 0xd6, 0x43, 0xd6, 0x43, 0xd6, 0x62, 0xd6, 0x62, 0xd6, 0x42, 0xd6,
    0x42, 0xd6, 0x62, 0xd6, 0x43, 0xd6, 0x42, 0xd6, 0x42, 0xd6, 0x42, 0xd6,
    0x42, 0xd6, 0x42, 0xd6, 0x42, 0xd6, 0x22, 0xd6, 0x43, 0xd6, 0x22, 0xd6,
    0x42, 0xd6, 0x42, 0xd6, 0x22, 0xce, 0x22, 0xd6, 0x22, 0xce, 0x22, 0xce,
    0x02, 0xbe, 0xe1, 0xad, 0xe1, 0xa5, 0xe1, 0xa5, 0xe2, 0xad, 0xe1, 0xa5,
    0xc1, 0xa5, 0xe2, 0xa5, 0xe1, 0xa5, 0xc1, 0x9d, 0xc1, 0x9d, 0xc2, 0x9d,
    0xc1, 0x9d, 0xc1, 0x9d, 0xc2, 0x9d, 0xc1, 0x9d, 0xa1, 0x95, 0xa2, 0x95,
    0xa1, 0x95, 0xa1, 0x95, 0xa1, 0x9d, 0xa1, 0x9d, 0xa1, 0x95, 0xa1, 0x95,
    0xa1, 0x95, 0xa1, 0x95, 0xa1, 0x95, 0x81, 0x95, 0x81, 0x8d, 0x81, 0x8d,
    0x81, 0x95, 0x81, 0x8d, 0x81, 0x8d, 0x61, 0x8d, 0x61, 0x8d, 0x81, 0x8d,
    0x61, 0x8d, 0x61, 0x8d, 0x81, 0x8d, 0x61, 0x8d, 0x61, 0x8d, 0x61, 0x85,
    0x41, 0x85, 0x41, 0x85, 0x41, 0x85, 0x41, 0x7d, 0x22, 0x7d, 0x22, 0x75,
    0x22, 0x75, 0x22, 0x75, 0x22, 0x75, 0x02, 0x75, 0x22, 0x75, 0x22, 0x75,
    0x22, 0x75, 0x02, 0x75, 0x02, 0x75, 0x22, 0x75, 0x22, 0x75, 0x02, 0x75,
    0x02, 0x6d, 0xe2, 0x6c, 0xe2, 0x6c, 0xe2, 0x6c, 0xe2, 0x6c, 0xe2, 0x64,
    0xe2, 0x6c, 0xe2, 0x64, 0xe2, 0x6c, 0xc2, 0x64, 0xe2, 0x64, 0xe2, 0x64,
    0xe2, 0x64, 0xe2, 0x64, 0xe2, 0x64, 0xe2, 0x64, 0xe2, 0x6c, 0xe2, 0x64,
    0xc2, 0x64, 0xc2, 0x64, 0xc2, 0x5c, 0xa2, 0x54, 0xa3, 0x54, 0xa2, 0x54,
    0xa2, 0x54, 0xa3, 0x54, 0xa3, 0x54, 0x82, 0x4c, 0x83, 0x4c, 0x83, 0x4c,
    0x04, 0x34, 0x24, 0x3c, 0x04, 0x34, 0x24, 0x34, 0x23, 0x3c, 0x23, 0x3c,
    0x44, 0x3c, 0x43, 0x44, 0x63, 0x44, 0x63, 0x44, 0x63, 0x44, 0x83, 0x44,
    0xa4, 0x73, 0x24, 0x8b, 0x44, 0x8b, 0x44, 0x93, 0x45, 0x93, 0x45, 0x93,
    0x65, 0x9b, 0x65, 0xa3, 0x86, 0xa3, 0x86, 0xab, 0x86, 0xab, 0x86, 0xab,
    0x86, 0xab, 0x86, 0xab, 0x66, 0xab, 0x66, 0xab, 0x86, 0xab, 0x66, 0xab,
    0x84, 0x54, 0xa3, 0x54, 0x03, 0x65, 0xe3, 0x5c, 0x64, 0x44, 0x44, 0x3c,
    0x44, 0x3c, 0xa4, 0x4c, 0x03, 0x65, 0xe3, 0x5c, 0x65, 0x3c, 0x64, 0x3c,
    0x65, 0x3c, 0x65, 0x3c, 0x65, 0x3c, 0x65, 0x34, 0x65, 0x3c, 0x65, 0x34,
    0x65, 0x3c, 0x64, 0x3c, 0x85, 0x3c, 0xe3, 0x64, 0x85, 0x44, 0x85, 0x44,
    0xa4, 0x44, 0xa4, 0x44, 0x23, 0x6d, 0x62, 0x85, 0x62, 0x85, 0x82, 0x8d,
    0x82, 0x85, 0x82, 0x85, 0xa2, 0x8d, 0x82, 0x8d, 0x82, 0x8d, 0xa2, 0x8d,
    0xa2, 0x8d, 0xa2, 0x8d, 0xa2, 0x8d, 0xa2, 0x95, 0xa2, 0x8d, 0xa2, 0x95,
    0xa2, 0x95, 0xc2, 0x95, 0xc2, 0x95, 0xc2, 0x95, 0xc2, 0x95, 0xc2, 0x95,
    0xc2, 0x9d, 0xc2, 0x95, 0xc2, 0x9d, 0xc2, 0x9d, 0xe1, 0x9d, 0xc2, 0x9d,
    0xc1, 0x9d, 0xe2, 0x9d, 0xc2, 0x9d, 0xc1, 0x9d, 0xe2, 0xa5, 0xe2, 0xa5,
    0xe1, 0xa5, 0xe2, 0xa5, 0xe2, 0xa5, 0x02, 0xa6, 0x01, 0xa6, 0x02, 0xa6,
    0xe2, 0xa5, 0xe1, 0xa5, 0x02, 0xa6, 0x01, 0xae, 0x01, 0xae, 0x02, 0xae,
    0x01, 0xae, 0x02, 0xae, 0x01, 0xae, 0x02, 0xae, 0x21, 0xb6, 0x22, 0xce,
    0x42, 0xd6, 0x42, 0xd6, 0x63, 0xd6, 0x63, 0xd6, 0x42, 0xd6, 0x63, 0xd6,
    0x42, 0xd6, 0x42, 0xd6, 0x62, 0xd6, 0x42, 0xd6, 0x62, 0xd6, 0x42, 0xde,
    0x42, 0xd6, 0x62, 0xd6, 0x43, 0xde, 0x42, 0xd6, 0x42, 0xd6, 0x63, 0xde,
    0x42, 0xd6, 0x62, 0xd6, 0x42, 0xd6, 0x42, 0xd6, 0x62, 0xd6, 0x43, 0xd6,
    0x42, 0xd6, 0x42, 0xde, 0x42, 0xd6, 0x42, 0xd6, 0x42, 0xd6, 0x43, 0xd6,
    0x43, 0xd6, 0x42, 0xd6, 0x42, 0xd6, 0x42, 0xd6, 0x22, 0xd6, 0x22, 0xce,
    0x22, 0xd6, 0x22, 0xce, 0x22, 0xd6, 0x22, 0xd6, 0x42, 0xd6, 0x22, 0xce,
    0x22, 0xce, 0x22, 0xce, 0x02, 0xc6, 0xe1, 0xad, 0xe1, 0xa5, 0xe1, 0xa5,
    0xe1, 0xa5, 0xe1, 0xa5, 0xc1, 0xa5, 0xc1, 0xa5, 0xc1, 0xa5, 0xc2, 0x9d,
    0xc1, 0x9d, 0xa1, 0x9d, 0xa1, 0x9d, 0xc1, 0x9d, 0xc1, 0x9d, 0xc1, 0xa5,
    0xc1, 0x9d, 0xa1, 0x9d, 0xa1, 0x9d, 0xa1, 0x9d, 0xa1, 0x9d, 0xa2, 0x9d,
    0xa1, 0x9d, 0xa2, 0x9d, 0x81, 0x95, 0xa1, 0x95, 0x82, 0x95, 0x81, 0x95,
    0x81, 0x95, 0xa1, 0x95, 0x82, 0x95, 0x81, 0x95, 0x81, 0x95, 0x81, 0x95,
    0x82, 0x95, 0x81, 0x95, 0x61, 0x8d, 0x61, 0x95, 0x62, 0x8d, 0x61, 0x8d,
    0x61, 0x85, 0x61, 0x85, 0x41, 0x85, 0x41, 0x85, 0x41, 0x85, 0x42, 0x7d,
    0x42, 0x7d, 0x21, 0x7d, 0x42, 0x7d, 0x22, 0x7d, 0x21, 0x7d, 0x41, 0x7d,
    0x42, 0x7d, 0x22, 0x7d, 0x22, 0x75, 0x22, 0x75, 0x02, 0x75, 0x02, 0x75,
    0x02, 0x75, 0x02, 0x75, 0x02, 0x6d, 0x02, 0x6d, 0xe2, 0x6c, 0x02, 0x6d,
    0x02, 0x75, 0xe2, 0x6c, 0x02, 0x6d, 0xe2, 0x6c, 0xe2, 0x6c, 0xe2, 0x6c,
    0xe2, 0x6c, 0xe2, 0x6c, 0xc2, 0x6c, 0xe2, 0x64, 0xc2, 0x64, 0xc2, 0x64,
    0xc2, 0x64, 0xc2, 0x5c, 0xc2, 0x5c, 0xc3, 0x5c, 0xa2, 0x54, 0xa3, 0x54,
    0xa3, 0x54, 0xa3, 0x54, 0xa2, 0x54, 0x83, 0x4c, 0xa3, 0x54, 0x83, 0x4c,
    0x03, 0x3c, 0x23, 0x3c, 0x24, 0x3c, 0x23, 0x3c, 0x43, 0x3c, 0x43, 0x3c,
    0x44, 0x44, 0x63, 0x44, 0x63, 0x44, 0x63, 0x4c, 0x83, 0x4c, 0x23, 0x5c,
    0x24, 0x83, 0x24, 0x8b, 0x44, 0x8b, 0x44, 0x8b, 0x44, 0x8b, 0x44, 0x93,
    0x45, 0x93, 0x45, 0x9b, 0x45, 0x9b, 0x66, 0xa3, 0x66, 0xa3, 0x65, 0xa3,
    0x66, 0xa3, 0x66, 0xa3, 0x66, 0xa3, 0x66, 0xab, 0x86, 0xab, 0x86, 0xa3,
    0x24, 0x3c, 0x64, 0x44, 0xa3, 0x5c, 0x44, 0x3c, 0x25, 0x34, 0x45, 0x3c,
    0x44, 0x34, 0xe3, 0x54, 0xc3, 0x54, 0x03, 0x5d, 0x84, 0x44, 0x65, 0x3c,
    0x64, 0x3c, 0x65, 0x3c, 0x64, 0x3c, 0x45, 0x3c, 0x65, 0x34, 0x65, 0x3c,
    0x64, 0x3c, 0x65, 0x3c, 0x65, 0x3c, 0x85, 0x3c, 0x84, 0x44, 0x84, 0x44,
    0xa4, 0x44, 0xa4, 0x44, 0x42, 0x7d, 0x62, 0x85, 0x82, 0x85, 0x82, 0x85,
    0x82, 0x85, 0x82, 0x8d, 0x82, 0x85, 0x82, 0x8d, 0x82, 0x8d, 0xa2, 0x8d,
    0xa2, 0x8d, 0xa2, 0x8d, 0xa2, 0x95, 0xa2, 0x8d, 0xa2, 0x8d, 0xa1, 0x95,
    0xa2, 0x95, 0xc2, 0x95, 0xa1, 0x95, 0xc2, 0x95, 0xc2, 0x95, 0xc1, 0x95,
    0xc2, 0x95, 0xc1, 0x9d, 0xc2, 0x9d, 0xc1, 0x9d, 0xc2, 0x9d, 0xc1, 0x9d,
    0xc1, 0x9d, 0xe2, 0x9d, 0xc1, 0x9d, 0xe2, 0xa5, 0xe2, 0xa5, 0xe2, 0xa5,
    0xe2, 0xa5, 0x01, 0xa6, 0xe1, 0xa5, 0x02, 0xa6, 0xe1, 0xad, 0xe1, 0xad,
    0x02, 0xa6, 0x02, 0xae, 0x01, 0xa6, 0xe2, 0xa5, 0x02, 0xae, 0x01, 0xae,
    0x22, 0xb6, 0x22, 0xbe, 0x22, 0xc6, 0x42, 0xce, 0x42, 0xd6, 0x42, 0xd6,
    0x42, 0xd6, 0x42, 0xd6, 0x42, 0xd6, 0x43, 0xd6, 0x42, 0xd6, 0x62, 0xd6,
    0x42, 0xd6, 0x43, 0xd6, 0x63, 0xd6, 0x63, 0xd6, 0x62, 0xd6, 0x62, 0xd6,
    0x43, 0xd6, 0x62, 0xd6, 0x42, 0xd6, 0x42, 0xd6, 0x42, 0xd6, 0x42, 0xd6,
    0x42, 0xd6, 0x42, 0xd6, 0x42, 0xd6, 0x42, 0xd6, 0x43, 0xde, 0x42, 0xd6,
    0x42, 0xd6, 0x42, 0xd6, 0x43, 0xd6, 0x42, 0xd6, 0x42, 0xde, 0x42, 0xd6,
    0x42, 0xd6, 0x22, 0xd6, 0x22, 0xd6, 0x42, 0xd6, 0x42, 0xd6, 0x22, 0xce,
    0x42, 0xd6, 0x22, 0xd6, 0x42, 0xd6, 0x22, 0xd6, 0x22, 0xd6, 0x22, 0xd6,
    0x22, 0xce, 0x22, 0xce, 0x22, 0xce, 0x22, 0xce, 0x02, 0xce, 0xe1, 0xbd,
    0xe2, 0xb5, 0xc1, 0xad, 0xc1, 0xa5, 0xc1, 0xa5, 0xc1, 0xa5, 0xc1, 0xa5,
    0xc1, 0xa5, 0xc1, 0xa5, 0xc2, 0x9d, 0xa1, 0x9d, 0xa1, 0x9d, 0xa1, 0xa5,
    0xc1, 0x9d, 0xa1, 0x9d, 0xc2, 0x9d, 0xa1, 0x9d, 0xa1, 0x9d, 0xa1, 0x9d,
    0xa1, 0x9d, 0xa1, 0x9d, 0xa2, 0x9d, 0xa1, 0x95, 0xa1, 0x9d, 0x81, 0x95,
    0x81, 0x95, 0x81, 0x95, 0x81, 0x95, 0x82, 0x95, 0x81, 0x95, 0x81, 0x95,
    0x81, 0x95, 0x81, 0x8d, 0x81, 0x95, 0x62, 0x8d, 0x61, 0x8d, 0x61, 0x8d,
    0x61, 0x8d, 0x62, 0x85, 0x61, 0x85, 0x62, 0x85, 0x41, 0x85, 0x41, 0x85,
    0x41, 0x85, 0x42, 0x7d, 0x41, 0x7d, 0x41, 0x85, 0x41, 0x7d, 0x21, 0x7d,
    0x21, 0x7d, 0x21, 0x7d, 0x21, 0x7d, 0x21, 0x7d, 0x21, 0x7d, 0x22, 0x7d,
    0x21, 0x75, 0x22, 0x75, 0x02, 0x75, 0x01, 0x75, 0x02, 0x75, 0x02, 0x75,
    0x02, 0x75, 0xe2, 0x6c, 0xe2, 0x6c, 0xe2, 0x6c, 0xe2, 0x6c, 0xe2, 0x6c,
    0xe2, 0x6c, 0xe2, 0x6c, 0xe2, 0x6c, 0xe2, 0x6c, 0xc2, 0x64, 0xc2, 0x64,
    0xc2, 0x64, 0xc2, 0x64, 0xc3, 0x5c, 0xc2, 0x5c, 0xa2, 0x5c, 0xa2, 0x5c,
    0xa3, 0x54, 0xa2, 0x54, 0x83, 0x4c, 0xa2, 0x54, 0x83, 0x4c, 0x82, 0x4c,
    0x24, 0x34, 0x03, 0x3c, 0x24, 0x3c, 0x24, 0x3c, 0x43, 0x3c, 0x43, 0x44,
    0x44, 0x44, 0x44, 0x44, 0x43, 0x44, 0x84, 0x44, 0x63, 0x4c, 0x24, 0x7b,
    0x23, 0x83, 0x24, 0x83, 0x24, 0x83, 0x24, 0x8b, 0x24, 0x8b, 0x44, 0x8b,
    0x44, 0x93, 0x45, 0x93, 0x45, 0x93, 0x44, 0x93, 0x65, 0x93, 0x44, 0x93,
    0x45, 0x93, 0x46, 0xa3, 0x66, 0xa3, 0xe4, 0x53, 0xc5, 0x7b, 0xc5, 0x83,
    0x44, 0x34, 0x44, 0x3c, 0x44, 0x3c, 0x25, 0x34, 0x44, 0x3c, 0x44, 0x34,
    0x64, 0x44, 0xa4, 0x4c, 0x64, 0x44, 0x64, 0x44, 0xc4, 0x4c, 0x84, 0x44,
    0x64, 0x3c, 0x64, 0x3c, 0x65, 0x3c, 0x65, 0x3c, 0x44, 0x34, 0x65, 0x3c,
    0x65, 0x3c, 0x65, 0x3c, 0x65, 0x3c, 0x64, 0x3c, 0x84, 0x3c, 0xa5, 0x44,
    0x84, 0x44, 0xc4, 0x54, 0x62, 0x85, 0x62, 0x85, 0x82, 0x85, 0x82, 0x8d,
    0x82, 0x8d, 0x81, 0x85, 0x82, 0x8d, 0x82, 0x8d, 0x82, 0x8d, 0x81, 0x8d,
    0x81, 0x8d, 0xa2, 0x95, 0xa1, 0x95, 0xa2, 0x95, 0xa2, 0x95, 0xa1, 0x95,
    0xa2, 0x95, 0xc2, 0x95, 0xa1, 0x95, 0xa2, 0x95, 0xc2, 0x95, 0xc2, 0x9d,
    0xc2, 0x9d, 0xc2, 0x9d, 0xc1, 0x9d, 0xc1, 0x9d, 0xc2, 0x9d, 0xc2, 0x9d,
    0xe1, 0xa5, 0xe1, 0xa5, 0xe2, 0xa5, 0xe1, 0xa5, 0xe1, 0xa5, 0xe1, 0xa5,
    0xe2, 0xa5, 0xe1, 0xa5, 0x01, 0xa6, 0xe2, 0xad, 0x02, 0xae, 0x01, 0xb6,
    0x02, 0xb6, 0x22, 0xbe, 0x22, 0xc6, 0x22, 0xce, 0x22, 0xce, 0x22, 0xce,
    0x42, 0xd6, 0x42, 0xd6, 0x42, 0xce, 0x42, 0xd6, 0x43, 0xd6, 0x43, 0xd6,
    0x43, 0xd6, 0x42, 0xd6, 0x42, 0xd6, 0x42, 0xd6, 0x63, 0xd6, 0x42, 0xd6,
    0x62, 0xd6, 0x42, 0xde, 0x42, 0xd6, 0x42, 0xd6, 0x42, 0xd6, 0x43, 0xd6,
    0x62, 0xde, 0x42, 0xd6, 0x62, 0xd6, 0x62, 0xd6, 0x42, 0xde, 0x62, 0xd6,
    0x43, 0xd6, 0x42, 0xd6, 0x42, 0xd6, 0x43, 0xd6, 0x42, 0xd6, 0x42, 0xd6,
    0x42, 0xd6, 0x42, 0xd6, 0x42, 0xd6, 0x42, 0xd6, 0x22, 0xd6, 0x22, 0xd6,
    0x22, 0xd6, 0x42, 0xd6, 0x22, 0xce, 0x22, 0xd6, 0x22, 0xd6, 0x42, 0xd6,
    0x22, 0xce, 0x22, 0xce, 0x22, 0xd6, 0x22, 0xce, 0x22, 0xce, 0x22, 0xd6,
    0x22, 0xce, 0x22, 0xce, 0x02, 0xd6, 0x02, 0xce, 0x02, 0xce, 0x02, 0xce,
    0x02, 0xce, 0x02, 0xce, 0x02, 0xc6, 0xe2, 0xbd, 0xe1, 0xb5, 0xc1, 0xa5,
    0xc1, 0x9d, 0xc1, 0x9d, 0xc1, 0xa5, 0xc1, 0x9d, 0xa1, 0x9d, 0xc2, 0x9d,
    0xa1, 0x9d, 0xa1, 0x9d, 0xa1, 0x9d, 0xa1, 0x9d, 0xa1, 0x9d, 0xa1, 0x9d,
    0xa1, 0x9d, 0xa1, 0x9d, 0x81, 0x9d, 0xa1, 0x9d, 0x81, 0x9d, 0xa1, 0x9d,
    0xa1, 0x9d, 0x81, 0x95, 0x81, 0x95, 0x81, 0x95, 0x81, 0x95, 0x82, 0x95,
    0x81, 0x95, 0x61, 0x95, 0x61, 0x8d, 0x81, 0x8d, 0x61, 0x8d, 0x61, 0x8d,
    0x61, 0x8d, 0x62, 0x8d, 0x41, 0x8d, 0x41, 0x85, 0x61, 0x85, 0x41, 0x85,
    0x41, 0x85, 0x41, 0x85, 0x41, 0x85, 0x42, 0x85, 0x41, 0x7d, 0x41, 0x85,
    0x42, 0x85, 0x41, 0x7d, 0x41, 0x7d, 0x21, 0x7d, 0x21, 0x7d, 0x21, 0x7d,
    0x22, 0x75, 0x01, 0x75, 0x01, 0x75, 0x02, 0x7d, 0x21, 0x75, 0x01, 0x75,
    0x02, 0x75, 0x01, 0x75, 0x02, 0x75, 0xe2, 0x6c, 0xe2, 0x6c, 0xe2, 0x6c,
    0xe2, 0x64, 0xe2, 0x64, 0xe2, 0x6c, 0xe2, 0x6c, 0xc2, 0x64, 0xc2, 0x64,
    0xc2, 0x64, 0xc2, 0x64, 0xc2, 0x5c, 0xc2, 0x5c, 0xa3, 0x5c, 0xa2, 0x5c,
    0xa2, 0x54, 0xa3, 0x54, 0xa3, 0x54, 0x82, 0x4c, 0xa3, 0x54, 0xa3, 0x4c,
    0x04, 0x34, 0x24, 0x3c, 0x24, 0x34, 0x23, 0x3c, 0x44, 0x3c, 0x44, 0x44,
    0x43, 0x3c, 0x23, 0x3c, 0x24, 0x44, 0x43, 0x44, 0xc3, 0x5b, 0x23, 0x7b,
    0x23, 0x7b, 0x23, 0x83, 0x23, 0x83, 0x24, 0x83, 0x24, 0x8b, 0x24, 0x8b,
    0x44, 0x8b, 0x44, 0x8b, 0x44, 0x83, 0x44, 0x8b, 0x24, 0x83, 0x44, 0x83,
    0x63, 0x83, 0xa4, 0x83, 0xc4, 0x7b, 0x24, 0x44, 0x04, 0x34, 0x24, 0x3c,
    0x25, 0x34, 0x45, 0x34, 0x25, 0x34, 0x44, 0x3c, 0x44, 0x34, 0x84, 0x44,
    0xa4, 0x54, 0x84, 0x44, 0x64, 0x44, 0x84, 0x44, 0x84, 0x44, 0x84, 0x44,
    0x84, 0x4c, 0x84, 0x44, 0x84, 0x44, 0x84, 0x44, 0x84, 0x44, 0xa4, 0x44,
    0x64, 0x3c, 0x84, 0x3c, 0x84, 0x44, 0xa4, 0x44, 0xa4, 0x4c, 0xa4, 0x4c,
    0xc4, 0x4c, 0xc4, 0x54, 0xe3, 0x54, 0xe3, 0x5c, 0xe3, 0x5c, 0x03, 0x65,
    0x22, 0x75, 0x62, 0x85, 0x82, 0x85, 0x81, 0x8d, 0xa2, 0x8d, 0xa2, 0x8d,
    0xa1, 0x95, 0xa1, 0x95, 0xa1, 0x95, 0xa1, 0x95, 0xc2, 0x95, 0xc2, 0x95,
    0xa1, 0x95, 0xc1, 0x95, 0xc2, 0x9d, 0xc1, 0x9d, 0xc1, 0x9d, 0xc2, 0x9d,
    0xc1, 0x9d, 0xc2, 0x9d, 0xe2, 0x9d, 0xc1, 0x9d, 0xe2, 0x9d, 0xe1, 0xa5,
    0xc2, 0x9d, 0xc1, 0xa5, 0xe2, 0xa5, 0xe2, 0xa5, 0xe1, 0xa5, 0x01, 0xb6,
    0x02, 0xb6, 0x02, 0xc6, 0x02, 0xc6, 0x22, 0xce, 0x22, 0xce, 0x22, 0xce,
    0x22, 0xd6, 0x22, 0xce, 0x22, 0xce, 0x22, 0xd6, 0x22, 0xd6, 0x22, 0xce,
    0x22, 0xd6, 0x42, 0xd6, 0x42, 0xd6, 0x22, 0xd6, 0x42, 0xd6, 0x42, 0xd6,
    0x42, 0xd6, 0x42, 0xd6, 0x42, 0xd6, 0x43, 0xd6, 0x42, 0xd6, 0x42, 0xd6,
    0x43, 0xd6, 0x42, 0xd6, 0x42, 0xd6, 0x42, 0xd6, 0x42, 0xd6, 0x42, 0xd6,
    0x42, 0xd6, 0x43, 0xd6, 0x42, 0xd6, 0x43, 0xd6, 0x42, 0xd6, 0x63, 0xde,
    0x42, 0xd6, 0x42, 0xd6, 0x62, 0xd6, 0x42, 0xd6, 0x43, 0xde, 0x42, 0xd6,
    0x42, 0xd6, 0x42, 0xd6, 0x42, 0xd6, 0x42, 0xd6, 0x42, 0xd6, 0x42, 0xd6,
    0x22, 0xd6, 0x42, 0xd6, 0x22, 0xd6, 0x22, 0xd6, 0x22, 0xce, 0x22, 0xd6,
    0x22, 0xd6, 0x22, 0xd6, 0x22, 0xce, 0x22, 0xce, 0x22, 0xce, 0x02, 0xce,
    0x02, 0xce, 0x22, 0xd6, 0x22, 0xce, 0x02, 0xce, 0x02, 0xce, 0x02, 0xce,
    0x02, 0xce, 0x02, 0xce, 0xe1, 0xcd, 0x02, 0xc6, 0x02, 0xce, 0xe2, 0xcd,
    0xe2, 0xc5, 0xe2, 0xbd, 0xc1, 0xad, 0xa1, 0xa5, 0xc1, 0xa5, 0xc1, 0x9d,
    0xa1, 0xa5, 0xa1, 0x9d, 0xa1, 0x9d, 0xa1, 0x9d, 0xa1, 0x9d, 0xa1, 0x9d,
    0xa1, 0x9d, 0xa1, 0x9d, 0xa1, 0x9d, 0xa1, 0x9d, 0x81, 0x9d, 0xa1, 0x9d,
    0xa1, 0x95, 0x81, 0x9d, 0x81, 0x9d, 0xa1, 0x95, 0x81, 0x95, 0x81, 0x95,
    0x81, 0x95, 0x81, 0x95, 0x61, 0x95, 0x81, 0x95, 0x61, 0x8d, 0x61, 0x8d,
    0x62, 0x8d, 0x61, 0x8d, 0x41, 0x8d, 0x41, 0x85, 0x62, 0x85, 0x41, 0x85,
    0x41, 0x85, 0x62, 0x85, 0x41, 0x85, 0x41, 0x85, 0x42, 0x85, 0x41, 0x85,
    0x42, 0x85, 0x42, 0x85, 0x21, 0x7d, 0x22, 0x7d, 0x22, 0x7d, 0x22, 0x7d,
    0x21, 0x7d, 0x22, 0x7d, 0x22, 0x7d, 0x22, 0x75, 0x02, 0x75, 0x02, 0x75,
    0x01, 0x75, 0x02, 0x75, 0xe2, 0x74, 0x02, 0x6d, 0xe2, 0x6c, 0xe2, 0x6c,
    0xe2, 0x6c, 0xe2, 0x6c, 0xe2, 0x64, 0xe2, 0x6c, 0xe2, 0x64, 0xc2, 0x64,
    0xe2, 0x64, 0xc2, 0x5c, 0xc3, 0x5c, 0xc2, 0x5c, 0xc2, 0x5c, 0xa3, 0x54,
    0xa2, 0x54, 0xa2, 0x54, 0xa3, 0x4c, 0x83, 0x4c, 0x83, 0x54, 0xa3, 0x4c,
    0x03, 0x34, 0x24, 0x3c, 0x23, 0x3c, 0x24, 0x3c, 0x24, 0x3c, 0x23, 0x3c,
    0x23, 0x3c, 0x24, 0x3c, 0x24, 0x3c, 0x23, 0x3c, 0xa4, 0x5b, 0x43, 0x6b,
    0x23, 0x73, 0x24, 0x7b, 0x24, 0x83, 0x24, 0x83, 0x23, 0x83, 0x43, 0x83,
    0x24, 0x83, 0x44, 0x8b, 0x24, 0x8b, 0x44, 0x83, 0x44, 0x83, 0x64, 0x83,
    0xe3, 0x53, 0x04, 0x3c, 0x04, 0x3c, 0x24, 0x3c, 0x04, 0x3c, 0x24, 0x3c,
    0x44, 0x3c, 0x44, 0x3c, 0x44, 0x3c, 0x64, 0x44, 0x64, 0x44, 0x84, 0x44,
    0x84, 0x4c, 0x84, 0x44, 0x84, 0x44, 0x84, 0x4c, 0x83, 0x4c, 0x84, 0x44,
    0xa4, 0x4c, 0xa3, 0x4c, 0xa4, 0x4c, 0xa4, 0x4c, 0xa4, 0x4c, 0xa4, 0x4c,
    0xa4, 0x4c, 0xc4, 0x4c, 0xc4, 0x54, 0xc4, 0x4c, 0xc4, 0x4c, 0xc4, 0x54,
    0xc4, 0x54, 0xe3, 0x54, 0xc4, 0x54, 0xc4, 0x54, 0xc3, 0x54, 0xe3, 0x5c,
    0xe3, 0x5c, 0x42, 0x7d, 0x62, 0x85, 0x82, 0x8d, 0xa1, 0x95, 0xa1, 0x95,
    0xa2, 0x95, 0x82, 0x95, 0xa2, 0x95, 0xa1, 0x95, 0xa1, 0x95, 0xa2, 0x95,
    0xc1, 0x95, 0xc2, 0x9d, 0xa2, 0x95, 0xc1, 0x9d, 0xc2, 0x9d, 0xc1, 0x9d,
    0xc1, 0x9d, 0xc2, 0x9d, 0xc1, 0xa5, 0xe2, 0xa5, 0xe2, 0xb5, 0xe2, 0xb5,
    0x02, 0xbe, 0x02, 0xbe, 0x02, 0xc6, 0x02, 0xce, 0x02, 0xce, 0x02, 0xce,
    0x22, 0xce, 0x02, 0xce, 0x22, 0xce, 0x22, 0xce, 0x22, 0xce, 0x22, 0xce,
    0x22, 0xce, 0x22, 0xd6, 0x22, 0xd6, 0x42, 0xd6, 0x42, 0xce, 0x22, 0xd6,
    0x42, 0xd6, 0x23, 0xce, 0x42, 0xd6, 0x42, 0xd6, 0x42, 0xd6, 0x42, 0xce,
    0x42, 0xd6, 0x43, 0xd6, 0x62, 0xd6, 0x42, 0xd6, 0x42, 0xd6, 0x42, 0xd6,
    0x42, 0xd6, 0x43, 0xd6, 0x42, 0xd6, 0x42, 0xd6, 0x63, 0xd6, 0x62, 0xd6,
    0x62, 0xd6, 0x42, 0xd6, 0x42, 0xd6, 0x42, 0xde, 0x42, 0xd6, 0x42, 0xd6,
    0x42, 0xd6, 0x42, 0xd6, 0x42, 0xd6, 0x42, 0xde, 0x42, 0xd6, 0x42, 0xd6,
    0x42, 0xd6, 0x43, 0xd6, 0x42, 0xd6, 0x42, 0xd6, 0x22, 0xd6, 0x42, 0xce,
    0x42, 0xd6, 0x22, 0xce, 0x22, 0xce, 0x22, 0xce, 0x22, 0xc6, 0x02, 0xbe,
    0x01, 0xb6, 0x01, 0xb6, 0x01, 0xb6, 0x01, 0xb6, 0x01, 0xb6, 0xe1, 0xb5,
    0x01, 0xb6, 0x01, 0xb6, 0x01, 0xbe, 0x02, 0xce, 0x02, 0xce, 0x02, 0xce,
    0x02, 0xce, 0x02, 0xce, 0x02, 0xce, 0x02, 0xce, 0xe2, 0xcd, 0xe2, 0xcd,
    0x02, 0xce, 0xe2, 0xc5, 0xe2, 0xc5, 0xe2, 0xc5, 0xe2, 0xc5, 0xc1, 0xbd,
    0xc1, 0xb5, 0xc2, 0xad, 0xa1, 0xa5, 0xa1, 0xa5, 0xa1, 0x9d, 0xa2, 0x9d,
    0xa1, 0x9d, 0xa1, 0x9d, 0xa1, 0x9d, 0xa1, 0x9d, 0x81, 0x9d, 0xa1, 0x9d,
    0x81, 0x9d, 0x81, 0x95, 0x81, 0x95, 0x81, 0x9d, 0x81, 0x95, 0x81, 0x95,
    0x81, 0x95, 0x61, 0x95, 0x81, 0x95, 0x61, 0x8d, 0x61, 0x8d, 0x61, 0x8d,
    0x61, 0x8d, 0x61, 0x8d, 0x61, 0x8d, 0x62, 0x8d, 0x41, 0x85, 0x41, 0x8d,
    0x41, 0x85, 0x41, 0x85, 0x41, 0x85, 0x42, 0x85, 0x41, 0x85, 0x41, 0x7d,
    0x41, 0x7d, 0x21, 0x85, 0x42, 0x85, 0x41, 0x85, 0x41, 0x85, 0x21, 0x7d,
    0x22, 0x7d, 0x21, 0x7d, 0x21, 0x7d, 0x21, 0x7d, 0x02, 0x75, 0x01, 0x75,
    0x02, 0x75, 0x01, 0x75, 0x02, 0x75, 0x02, 0x75, 0xe2, 0x6c, 0xe2, 0x6c,
    0xa3, 0x5c, 0x24, 0x3c, 0x24, 0x44, 0x63, 0x4c, 0xe2, 0x64, 0xc2, 0x64,
    0xc2, 0x64, 0xc2, 0x64, 0xc2, 0x5c, 0xa2, 0x5c, 0xa3, 0x5c, 0xa2, 0x54,
    0xa3, 0x54, 0xa3, 0x54, 0x83, 0x4c, 0x43, 0x44, 0x83, 0x4c, 0x83, 0x4c,
    0x04, 0x34, 0x03, 0x34, 0x03, 0x3c, 0x04, 0x34, 0x04, 0x34, 0x03, 0x34,
    0x24, 0x3c, 0x24, 0x3c, 0x03, 0x3c, 0x23, 0x3c, 0x04, 0x3c, 0x04, 0x44,
    0xc3, 0x53, 0xa4, 0x5b, 0xa3, 0x5b, 0xc3, 0x63, 0xc3, 0x63, 0xe3, 0x5b,
    0xe3, 0x5b, 0xe3, 0x5b, 0xe3, 0x5b, 0x03, 0x5c, 0x23, 0x5c, 0x23, 0x5c,
    0x43, 0x4c, 0x44, 0x44, 0x63, 0x4c, 0x63, 0x4c, 0x64, 0x4c, 0x83, 0x4c,
    0x84, 0x4c, 0x83, 0x4c, 0x83, 0x4c, 0x84, 0x4c, 0x83, 0x54, 0xa3, 0x54,
    0xa3, 0x54, 0xa3, 0x54, 0xa3, 0x54, 0xc3, 0x5c, 0xc3, 0x5c, 0xc3, 0x5c,
    0xc3, 0x5c, 0xe3, 0x64, 0xe3, 0x5c, 0xe3, 0x5c, 0xe3, 0x5c, 0xe3, 0x5c,
    0xc3, 0x5c, 0xe3, 0x5c, 0xe3, 0x64, 0x03, 0x65, 0x02, 0x65, 0x03, 0x6d,
    0x22, 0x6d, 0x22, 0x75, 0x22, 0x6d, 0x23, 0x6d, 0x03, 0x6d, 0x42, 0x75,
    0x42, 0x7d, 0x62, 0x85, 0x62, 0x8d, 0x81, 0x95, 0x81, 0x95, 0x81, 0x95,
    0xa2, 0x95, 0xa1, 0x95, 0xa1, 0x95, 0xa2, 0x95, 0xa1, 0x95, 0xa1, 0x9d,
    0xa1, 0x9d, 0xa1, 0x95, 0xa1, 0x9d, 0xc2, 0x9d, 0xc1, 0x9d, 0xc2, 0xa5,
    0xe2, 0xb5, 0xe2, 0xbd, 0xe2, 0xc5, 0x02, 0xc6, 0x02, 0xc6, 0x02, 0xce,
    0x02, 0xc6, 0x02, 0xce, 0x02, 0xc6, 0x02, 0xce, 0x02, 0xce, 0x22, 0xce,
    0x22, 0xce, 0x22, 0xce, 0x02, 0xce, 0x22, 0xce, 0x22, 0xd6, 0x22, 0xce,
    0x22, 0xce, 0x22, 0xce, 0x22, 0xd6, 0x22, 0xce, 0x43, 0xd6, 0x42, 0xd6,
    0x22, 0xd6, 0x22, 0xce, 0x23, 0xce, 0x42, 0xd6, 0x42, 0xd6, 0x42, 0xd6,
    0x42, 0xd6, 0x42, 0xd6, 0x43, 0xd6, 0x42, 0xd6, 0x42, 0xd6, 0x42, 0xd6,
    0x42, 0xd6, 0x62, 0xd6, 0x42, 0xd6, 0x42, 0xd6, 0x42, 0xd6, 0x43, 0xd6,
    0x42, 0xd6, 0x42, 0xd6, 0x42, 0xd6, 0x42, 0xd6, 0x42, 0xd6, 0x62, 0xd6,
    0x43, 0xd6, 0x42, 0xd6, 0x42, 0xd6, 0x42, 0xd6, 0x42, 0xd6, 0x43, 0xd6,
    0x42, 0xd6, 0x22, 0xd6, 0x42, 0xd6, 0x22, 0xd6, 0x22, 0xce, 0x22, 0xce,
    0x22, 0xc6, 0x02, 0xbe, 0x01, 0xb6, 0x01, 0xb6, 0x02, 0xb6, 0x01, 0xb6,
    0x01, 0xb6, 0x02, 0xb6, 0x02, 0xb6, 0x01, 0xb6, 0xe1, 0xad, 0x01, 0xae,
    0xe1, 0xad, 0xe1, 0xad, 0xe1, 0xb5, 0x02, 0xce, 0x22, 0xce, 0x02, 0xce,
    0x02, 0xce, 0x01, 0xce, 0xe2, 0xcd, 0xe2, 0xcd, 0x02, 0xce, 0xe1, 0xc5,
    0xe1, 0xcd, 0x02, 0xce, 0xe2, 0xcd, 0xe2, 0xcd, 0xe2, 0xc5, 0xe2, 0xc5,
    0xc2, 0xc5, 0xe2, 0xc5, 0xc2, 0xc5, 0xc2, 0xbd, 0xc2, 0xbd, 0xc1, 0xb5,
    0xa1, 0xa5, 0xa1, 0x9d, 0xa1, 0x9d, 0xa1, 0x9d, 0x81, 0x9d, 0x81, 0x9d,
    0xa1, 0x9d, 0x81, 0x9d, 0x81, 0x95, 0x81, 0x95, 0x81, 0x9d, 0x81, 0x95,
    0x61, 0x95, 0x81, 0x95, 0x61, 0x8d, 0x61, 0x8d, 0x61, 0x95, 0x61, 0x8d,
    0x61, 0x8d, 0x61, 0x8d, 0x62, 0x8d, 0x41, 0x85, 0x61, 0x8d, 0x61, 0x85,
    0x62, 0x85, 0x61, 0x85, 0x41, 0x85, 0x41, 0x85, 0x41, 0x7d, 0x41, 0x85,
    0x42, 0x7d, 0x21, 0x7d, 0x21, 0x7d, 0x42, 0x85, 0x41, 0x7d, 0x21, 0x7d,
    0x22, 0x7d, 0x22, 0x7d, 0x22, 0x7d, 0x21, 0x75, 0x01, 0x75, 0x02, 0x75,
    0x02, 0x75, 0x02, 0x75, 0xe1, 0x74, 0x02, 0x6d, 0xe2, 0x6c, 0x02, 0x6d,
    0x23, 0x44, 0x63, 0x4c, 0x63, 0x4c, 0x43, 0x4c, 0x43, 0x44, 0xe2, 0x64,
    0xc3, 0x64, 0xc2, 0x5c, 0xc3, 0x5c, 0xc3, 0x5c, 0xa2, 0x54, 0xa3, 0x54,
    0x82, 0x54, 0x83, 0x4c, 0x04, 0x34, 0xc4, 0x33, 0x03, 0x3c, 0xa3, 0x4c,
    0x04, 0x34, 0x04, 0x34, 0x23, 0x3c, 0x43, 0x3c, 0x23, 0x3c, 0x43, 0x3c,
    0x23, 0x3c, 0x43, 0x44, 0x43, 0x44, 0x63, 0x4c, 0x43, 0x44, 0x43, 0x4c,
    0x63, 0x4c, 0x63, 0x4c, 0x63, 0x4c, 0x63, 0x54, 0x83, 0x54, 0x83, 0x54,
    0x83, 0x54, 0xa3, 0x5c, 0xa2, 0x5c, 0xa3, 0x5c, 0x83, 0x5c, 0xa3, 0x5c,
    0xc3, 0x5c, 0xc2, 0x64, 0xc2, 0x64, 0xe3, 0x64, 0xc2, 0x64, 0xc2, 0x64,
    0xc3, 0x64, 0xc2, 0x64, 0xe2, 0x64, 0xe2, 0x6c, 0xe3, 0x6c, 0xe2, 0x6c,
    0xe2, 0x6c, 0x02, 0x6d, 0x02, 0x6d, 0xe2, 0x6c, 0x02, 0x6d, 0x02, 0x6d,
    0x02, 0x75, 0x02, 0x75, 0x22, 0x75, 0x22, 0x75, 0x22, 0x7d, 0x22, 0x7d,
    0x22, 0x7d, 0x41, 0x7d, 0x42, 0x7d, 0x42, 0x85, 0x42, 0x85, 0x42, 0x7d,
    0x42, 0x85, 0x62, 0x85, 0x62, 0x85, 0x61, 0x85, 0x62, 0x85, 0x62, 0x8d,
    0x62, 0x8d, 0x81, 0x8d, 0x81, 0x95, 0x82, 0x95, 0x81, 0x95, 0x82, 0x95,
    0x81, 0x95, 0x81, 0x95, 0xa1, 0x95, 0xa2, 0x95, 0xa2, 0x95, 0xa1, 0x9d,
    0xa2, 0x9d, 0xc1, 0x9d, 0xc1, 0x9d, 0xc2, 0x95, 0xc2, 0xa5, 0xc2, 0xbd,
    0xc2, 0xbd, 0xe2, 0xc5, 0xe2, 0xc5, 0xe2, 0xc5, 0x02, 0xc6, 0x02, 0xc6,
    0xe2, 0xcd, 0x02, 0xce, 0x02, 0xce, 0x02, 0xce, 0x02, 0xce, 0x23, 0xce,
    0x02, 0xce, 0x02, 0xce, 0x23, 0xce, 0x22, 0xd6, 0x22, 0xd6, 0x22, 0xd6,
    0x22, 0xd6, 0x23, 0xd6, 0x22, 0xce, 0x22, 0xd6, 0x22, 0xd6, 0x43, 0xce,
    0x42, 0xd6, 0x22, 0xd6, 0x42, 0xd6, 0x22, 0xd6, 0x42, 0xd6, 0x43, 0xd6,
    0x42, 0xd6, 0x42, 0xd6, 0x42, 0xd6, 0x42, 0xd6, 0x42, 0xd6, 0x43, 0xd6,
    0x42, 0xd6, 0x42, 0xd6, 0x42, 0xd6, 0x42, 0xd6, 0x42, 0xd6, 0x42, 0xd6,
    0x42, 0xd6, 0x42, 0xd6, 0x42, 0xd6, 0x43, 0xd6, 0x42, 0xd6, 0x42, 0xd6,
    0x42, 0xd6, 0x22, 0xd6, 0x43, 0xd6, 0x42, 0xd6, 0x22, 0xd6, 0x42, 0xd6,
    0x22, 0xd6, 0x22, 0xd6, 0x22, 0xce, 0x22, 0xc6, 0x02, 0xbe, 0x21, 0xb6,
    0x02, 0xb6, 0x01, 0xb6, 0x01, 0xb6, 0x01, 0xb6, 0x02, 0xb6, 0x01, 0xb6,
    0x01, 0xb6, 0x01, 0xae, 0xe1, 0xb5, 0xe2, 0xb5, 0x01, 0xae, 0xe1, 0xad,
    0xe2, 0xb5, 0x02, 0xc6, 0x02, 0xce, 0x02, 0xce, 0x02, 0xce, 0x01, 0xce,
    0x02, 0xce, 0x02, 0xce, 0x02, 0xce, 0x02, 0xce, 0x02, 0xce, 0xe1, 0xc5,
    0x02, 0xce, 0xe2, 0xc5, 0xe2, 0xc5, 0xe1, 0xcd, 0xe2, 0xcd, 0xe1, 0xcd,
    0xe2, 0xc5, 0xc1, 0xc5, 0xc2, 0xc5, 0xe1, 0xc5, 0xc2, 0xc5, 0xc1, 0xbd,
    0xa2, 0xbd, 0xa1, 0xb5, 0x81, 0x9d, 0x81, 0x9d, 0xa1, 0x9d, 0x81, 0x95,
    0x81, 0x9d, 0x81, 0x9d, 0x81, 0x95, 0x81, 0x9d, 0x81, 0x95, 0x81, 0x95,
    0x81, 0x95, 0x61, 0x95, 0x81, 0x95, 0x61, 0x8d, 0x61, 0x95, 0x62, 0x8d,
    0x41, 0x8d, 0x61, 0x8d, 0x61, 0x85, 0x61, 0x8d, 0x61, 0x8d, 0x41, 0x85,
    0x42, 0x85, 0x41, 0x85, 0x41, 0x85, 0x42, 0x85, 0x41, 0x85, 0x42, 0x85,
    0x42, 0x85, 0x41, 0x85, 0x41, 0x85, 0x22, 0x85, 0x41, 0x85, 0x21, 0x85,
    0x21, 0x7d, 0x22, 0x7d, 0x21, 0x75, 0x02, 0x75, 0x02, 0x7d, 0x21, 0x7d,
    0x02, 0x75, 0x02, 0x75, 0xe2, 0x6c, 0xe1, 0x6c, 0xe2, 0x6c, 0xc2, 0x64,
    0x23, 0x44, 0x63, 0x4c, 0x63, 0x4c, 0x43, 0x4c, 0x43, 0x4c, 0x24, 0x44,
    0xc2, 0x64, 0xc2, 0x5c, 0xa2, 0x5c, 0xa2, 0x54, 0xa3, 0x54, 0xa3, 0x54,
    0xa2, 0x54, 0x23, 0x3c, 0xe4, 0x33, 0xc4, 0x33, 0xc4, 0x2b, 0x63, 0x44,
    0x03, 0x34, 0x23, 0x3c, 0x43, 0x44, 0x63, 0x44, 0x63, 0x4c, 0x63, 0x4c,
    0x83, 0x4c, 0x83, 0x54, 0x83, 0x54, 0x83, 0x54, 0x83, 0x54, 0x83, 0x54,
    0xa2, 0x5c, 0xa2, 0x5c, 0xa3, 0x5c, 0xc2, 0x5c, 0xc2, 0x64, 0xc2, 0x64,
    0xe2, 0x6c, 0xc2, 0x6c, 0xe2, 0x6c, 0xe2, 0x6c, 0xe2, 0x6c, 0xe2, 0x6c,
    0x02, 0x6d, 0xe2, 0x6c, 0xe2, 0x6c, 0xe2, 0x6c, 0xe2, 0x6c, 0x02, 0x6d,
    0x02, 0x75, 0x02, 0x75, 0x02, 0x75, 0x02, 0x75, 0x02, 0x75, 0x02, 0x6d,
    0x02, 0x75, 0x22, 0x75, 0x02, 0x75, 0x22, 0x75, 0x22, 0x75, 0x22, 0x7d,
    0x22, 0x7d, 0x22, 0x7d, 0x21, 0x7d, 0x42, 0x7d, 0x42, 0x85, 0x41, 0x85,
    0x42, 0x85, 0x61, 0x85, 0x42, 0x85, 0x61, 0x85, 0x61, 0x85, 0x61, 0x8d,
    0x61, 0x8d, 0x62, 0x8d, 0x61, 0x8d, 0x61, 0x8d, 0x81, 0x8d, 0x61, 0x8d,
    0x61, 0x8d, 0x82, 0x95, 0x81, 0x95, 0x81, 0x95, 0x82, 0x8d, 0xa1, 0x95,
    0xa2, 0x95, 0xa2, 0x95, 0xa1, 0x95, 0xa2, 0x95, 0xa1, 0x95, 0xa1, 0x9d,
    0xa2, 0x95, 0xc2, 0x9d, 0xa1, 0x9d, 0xa1, 0x95, 0xc1, 0x9d, 0xc1, 0xa5,
    0xc1, 0xad, 0xe2, 0xb5, 0xe2, 0xc5, 0x02, 0xc6, 0xe2, 0xc5, 0x02, 0xce,
    0x02, 0xce, 0x02, 0xc6, 0x02, 0xce, 0x02, 0xce, 0x02, 0xce, 0x02, 0xce,
    0x02, 0xce, 0x22, 0xce, 0x02, 0xce, 0x23, 0xce, 0x22, 0xce, 0x22, 0xce,
    0x22, 0xd6, 0x22, 0xce, 0x22, 0xce, 0x22, 0xd6, 0x22, 0xd6, 0x23, 0xd6,
    0x22, 0xce, 0x42, 0xd6, 0x22, 0xce, 0x43, 0xd6, 0x42, 0xd6, 0x22, 0xce,
    0x43, 0xce, 0x42, 0xd6, 0x22, 0xd6, 0x43, 0xce, 0x22, 0xd6, 0x42, 0xd6,
    0x43, 0xd6, 0x42, 0xd6, 0x42, 0xd6, 0x42, 0xd6, 0x42, 0xd6, 0x42, 0xd6,
    0x42, 0xd6, 0x42, 0xd6, 0x42, 0xd6, 0x43, 0xd6, 0x42, 0xd6, 0x42, 0xd6,
    0x42, 0xd6, 0x43, 0xd6, 0x42, 0xd6, 0x22, 0xd6, 0x42, 0xd6, 0x22, 0xd6,
    0x42, 0xd6, 0x22, 0xce, 0x22, 0xc6, 0x22, 0xbe, 0x01, 0xbe, 0x01, 0xbe,
    0x02, 0xbe, 0x01, 0xb6, 0x02, 0xbe, 0x01, 0xb6, 0x01, 0xbe, 0x02, 0xbe,
    0x02, 0xbe, 0x02, 0xc6, 0x02, 0xc6, 0x22, 0xce, 0x02, 0xce, 0x02, 0xce,
    0x02, 0xce, 0x02, 0xce, 0x02, 0xce, 0x02, 0xce, 0x02, 0xce, 0x02, 0xce,
    0x02, 0xce, 0x02, 0xce, 0xe1, 0xcd, 0xe2, 0xc5, 0xe2, 0xc5, 0xe2, 0xcd,
    0xe2, 0xcd, 0xe2, 0xc5, 0xe2, 0xcd, 0xe1, 0xc5, 0xe2, 0xc5, 0xc2, 0xc5,
    0xc1, 0xc5, 0xe2, 0xc5, 0xc1, 0xc5, 0xc2, 0xc5, 0xc1, 0xbd, 0xc2, 0xbd,
    0xc2, 0xbd, 0xa1, 0xb5, 0xa1, 0xa5, 0x81, 0x9d, 0x81, 0x9d, 0xa1, 0x95,
    0x81, 0x95, 0x81, 0x95, 0x81, 0x95, 0x81, 0x95, 0x81, 0x9d, 0x81, 0x95,
    0x81, 0x95, 0x61, 0x95, 0x61, 0x95, 0x61, 0x95, 0x61, 0x8d, 0x61, 0x8d,
    0x61, 0x8d, 0x61, 0x8d, 0x41, 0x85, 0x41, 0x85, 0x42, 0x85, 0x41, 0x85,
    0x41, 0x85, 0x41, 0x85, 0x42, 0x85, 0x41, 0x85, 0x21, 0x7d, 0x41, 0x85,
    0x42, 0x85, 0xe2, 0x6c, 0x44, 0x3c, 0x24, 0x3c, 0x24, 0x3c, 0x44, 0x44,
    0x63, 0x4c, 0xa2, 0x64, 0x02, 0x75, 0x21, 0x7d, 0x22, 0x7d, 0x21, 0x75,
    0x02, 0x75, 0xe2, 0x74, 0x01, 0x6d, 0xe2, 0x74, 0xe2, 0x6c, 0xc2, 0x64,
    0x23, 0x44, 0x43, 0x4c, 0x63, 0x4c, 0x43, 0x4c, 0x63, 0x4c, 0x43, 0x4c,
    0x24, 0x3c, 0xc2, 0x5c, 0xc2, 0x5c, 0xa3, 0x54, 0xa2, 0x54, 0xa3, 0x54,
    0xa3, 0x54, 0xe4, 0x33, 0xe4, 0x33, 0xc4, 0x33, 0xc4, 0x2b, 0x43, 0x3c,
    0x23, 0x3c, 0x43, 0x44, 0x63, 0x44, 0x63, 0x44, 0x63, 0x4c, 0x63, 0x4c,
    0x83, 0x4c, 0x82, 0x54, 0xa2, 0x54, 0xa2, 0x54, 0xa2, 0x54, 0xa2, 0x5c,
    0xa2, 0x5c, 0xc2, 0x5c, 0xc2, 0x64, 0xc2, 0x64, 0x02, 0x6d, 0x02, 0x75,
    0x02, 0x75, 0xe2, 0x74, 0x02, 0x75, 0x02, 0x6d, 0x02, 0x75, 0x02, 0x75,
    0x02, 0x75, 0x02, 0x75, 0x02, 0x75, 0x02, 0x75, 0x02, 0x75, 0x22, 0x7d,
    0x22, 0x7d, 0x02, 0x7d, 0x22, 0x7d, 0x22, 0x7d, 0x22, 0x7d, 0x22, 0x7d,
    0x22, 0x7d, 0x22, 0x7d, 0x22, 0x7d, 0x42, 0x85, 0x22, 0x85, 0x21, 0x7d,
    0x42, 0x85, 0x42, 0x85, 0x42, 0x85, 0x41, 0x85, 0x41, 0x85, 0x42, 0x85,
    0x41, 0x85, 0x42, 0x85, 0x61, 0x8d, 0x61, 0x8d, 0x62, 0x8d, 0x62, 0x8d,
    0x61, 0x8d, 0x61, 0x8d, 0x82, 0x95, 0x81, 0x8d, 0x82, 0x95, 0x81, 0x95,
    0x81, 0x95, 0x81, 0x95, 0x81, 0x95, 0x82, 0x95, 0x81, 0x8d, 0xa1, 0x95,
    0x81, 0x95, 0xa2, 0x95, 0x81, 0x95, 0xa1, 0x95, 0xa1, 0x95, 0xa1, 0x95,
    0xa1, 0x95, 0xa1, 0x9d, 0xa2, 0x9d, 0xa1, 0x9d, 0xc2, 0x9d, 0xa1, 0x9d,
    0xc1, 0x9d, 0xc1, 0x9d, 0xc1, 0xa5, 0xc1, 0xad, 0xe2, 0xb5, 0xe2, 0xbd,
    0x02, 0xc6, 0x02, 0xc6, 0x02, 0xce, 0x02, 0xce, 0x02, 0xce, 0x02, 0xce,
    0x02, 0xce, 0x02, 0xce, 0x02, 0xce, 0x03, 0xce, 0x22, 0xce, 0x22, 0xce,
    0x23, 0xd6, 0x22, 0xce, 0x22, 0xce, 0x22, 0xd6, 0x22, 0xce, 0x22, 0xce,
    0x22, 0xd6, 0x22, 0xd6, 0x23, 0xd6, 0x22, 0xce, 0x42, 0xd6, 0x22, 0xd6,
    0x42, 0xd6, 0x22, 0xd6, 0x42, 0xd6, 0x22, 0xce, 0x42, 0xd6, 0x42, 0xd6,
    0x42, 0xd6, 0x42, 0xd6, 0x43, 0xd6, 0x42, 0xd6, 0x43, 0xd6, 0x42, 0xd6,
    0x42, 0xd6, 0x42, 0xd6, 0x42, 0xd6, 0x42, 0xd6, 0x42, 0xd6, 0x42, 0xd6,
    0x42, 0xd6, 0x42, 0xd6, 0x42, 0xd6, 0x42, 0xd6, 0x22, 0xd6, 0x22, 0xd6,
    0x42, 0xd6, 0x22, 0xce, 0x22, 0xce, 0x22, 0xd6, 0x22, 0xce, 0x22, 0xce,
    0x22, 0xce, 0x22, 0xce, 0x22, 0xce, 0x22, 0xce, 0x22, 0xce, 0x22, 0xce,
    0x22, 0xce, 0x02, 0xce, 0x22, 0xce, 0x02, 0xce, 0x02, 0xce, 0x02, 0xce,
    0x02, 0xce, 0x02, 0xce, 0x02, 0xce, 0x02, 0xce, 0x01, 0xce, 0x02, 0xce,
    0x02, 0xce, 0xe2, 0xcd, 0xe2, 0xcd, 0x02, 0xce, 0xe1, 0xcd, 0xe2, 0xcd,
    0xe2, 0xc5, 0xe1, 0xcd, 0xe1, 0xc5, 0xe2, 0xc5, 0xe2, 0xcd, 0xe2, 0xc5,
    0xc2, 0xc5, 0xc2, 0xc5, 0xc1, 0xbd, 0xc1, 0xb5, 0xa1, 0xb5, 0xa1, 0xad,
    0xa1, 0xad, 0x81, 0x9d, 0xa1, 0x95, 0x81, 0x95, 0x81, 0x95, 0x81, 0x95,
    0x81, 0x9d, 0x81, 0x95, 0x81, 0x95, 0x81, 0x95, 0x81, 0x95, 0x61, 0x95,
    0x61, 0x95, 0x61, 0x95, 0x81, 0x8d, 0x61, 0x8d, 0x61, 0x95, 0x61, 0x8d,
    0x41, 0x8d, 0x61, 0x85, 0x41, 0x8d, 0x41, 0x85, 0x41, 0x8d, 0x42, 0x85,
    0x41, 0x85, 0x41, 0x85, 0x41, 0x85, 0x41, 0x85, 0x42, 0x7d, 0x21, 0x7d,
    0x21, 0x7d, 0x02, 0x75, 0x24, 0x3c, 0x43, 0x44, 0x43, 0x44, 0x43, 0x44,
    0x44, 0x44, 0x43, 0x44, 0x24, 0x3c, 0x23, 0x44, 0x83, 0x5c, 0x02, 0x75,
    0x01, 0x75, 0x02, 0x75, 0xe2, 0x6c, 0xe2, 0x6c, 0xe2, 0x6c, 0xc2, 0x64,
    0x23, 0x44, 0x63, 0x4c, 0x43, 0x4c, 0x63, 0x4c, 0x43, 0x4c, 0x43, 0x4c,
    0x43, 0x44, 0x24, 0x44, 0xa2, 0x54, 0x82, 0x54, 0xa3, 0x54, 0x82, 0x54,
    0x63, 0x44, 0xe4, 0x33, 0xc4, 0x33, 0xc4, 0x33, 0xc4, 0x33, 0x04, 0x34,
    0xc4, 0x2b, 0xc4, 0x33, 0x43, 0x44, 0x63, 0x44, 0x63, 0x4c, 0x83, 0x4c,
    0x83, 0x54, 0x82, 0x54, 0x83, 0x54, 0xa2, 0x54, 0xa2, 0x5c, 0xa2, 0x5c,
    0xa3, 0x5c, 0xc2, 0x64, 0xc2, 0x64, 0x83, 0x54, 0x44, 0x4c, 0x43, 0x4c,
    0x02, 0x75, 0x02, 0x75, 0x02, 0x75, 0x02, 0x75, 0x01, 0x75, 0x02, 0x75,
    0x02, 0x7d, 0x02, 0x7d, 0x22, 0x7d, 0x22, 0x7d, 0x01, 0x7d, 0x22, 0x7d,
    0x21, 0x7d, 0x22, 0x7d, 0x22, 0x7d, 0x21, 0x7d, 0x42, 0x7d, 0x42, 0x85,
    0x21, 0x85, 0x41, 0x85, 0x42, 0x85, 0x21, 0x85, 0x41, 0x85, 0x21, 0x85,
    0x42, 0x85, 0x41, 0x85, 0x41, 0x85, 0x42, 0x85, 0x42, 0x85, 0x41, 0x85,
    0x62, 0x8d, 0x62, 0x8d, 0x41, 0x8d, 0x61, 0x8d, 0x62, 0x8d, 0x61, 0x8d,
    0x61, 0x8d, 0x82, 0x95, 0x61, 0x95, 0x81, 0x95, 0x61, 0x95, 0x82, 0x95,
    0x82, 0x95, 0x81, 0x95, 0x82, 0x8d, 0x81, 0x95, 0x82, 0x95, 0x81, 0x95,
    0x81, 0x95, 0x81, 0x95, 0xa2, 0x95, 0xa2, 0x95, 0xa1, 0x95, 0xa1, 0x9d,
    0xa2, 0x9d, 0xa1, 0x95, 0xa1, 0x9d, 0xa2, 0x9d, 0xc1, 0x9d, 0xa1, 0x9d,
    0xc2, 0x9d, 0xc2, 0xa5, 0xc1, 0x9d, 0xc2, 0xa5, 0xc2, 0xa5, 0xc1, 0xa5,
    0xe2, 0xad, 0xe2, 0xbd, 0x02, 0xc6, 0x02, 0xce, 0x02, 0xce, 0x22, 0xce,
    0x03, 0xce, 0x02, 0xce, 0x22, 0xce, 0x22, 0xce, 0x23, 0xce, 0x02, 0xce,
    0x22, 0xd6, 0x23, 0xce, 0x22, 0xce, 0x22, 0xce, 0x22, 0xce, 0x22, 0xd6,
    0x42, 0xd6, 0x42, 0xce, 0x22, 0xce, 0x42, 0xd6, 0x22, 0xce, 0x22, 0xd6,
    0x42, 0xd6, 0x43, 0xd6, 0x42, 0xd6, 0x22, 0xd6, 0x22, 0xce, 0x42, 0xd6,
    0x42, 0xd6, 0x42, 0xd6, 0x42, 0xd6, 0x43, 0xd6, 0x42, 0xd6, 0x42, 0xd6,
    0x42, 0xd6, 0x23, 0xd6, 0x42, 0xd6, 0x42, 0xd6, 0x22, 0xd6, 0x43, 0xd6,
    0x42, 0xd6, 0x22, 0xd6, 0x22, 0xd6, 0x42, 0xce, 0x23, 0xd6, 0x22, 0xce,
    0x22, 0xce, 0x22, 0xd6, 0x22, 0xce, 0x22, 0xce, 0x22, 0xce, 0x22, 0xd6,
    0x22, 0xce, 0x22, 0xce, 0x22, 0xce, 0x02, 0xce, 0x02, 0xce, 0x22, 0xce,
    0x22, 0xce, 0x02, 0xce, 0x01, 0xce, 0x02, 0xce, 0x02, 0xce, 0x22, 0xce,
    0x02, 0xce, 0x22, 0xce, 0x02, 0xce, 0x02, 0xce, 0x02, 0xce, 0x02, 0xce,
    0x02, 0xce, 0xe2, 0xc5, 0xe1, 0xc5, 0xe1, 0xc5, 0xe2, 0xc5, 0xe2, 0xc5,
    0xe1, 0xc5, 0xe2, 0xc5, 0xc1, 0xc5, 0xc1, 0xb5, 0xa1, 0xad, 0xa1, 0xa5,
    0xa1, 0x9d, 0xa1, 0x9d, 0xa1, 0x9d, 0xa1, 0x9d, 0xa1, 0x9d, 0xa1, 0x9d,
    0x81, 0x9d, 0x81, 0x9d, 0x81, 0x95, 0x81, 0x95, 0x81, 0x9d, 0x81, 0x95,
    0x81, 0x95, 0x81, 0x9d, 0x81, 0x95, 0x81, 0x95, 0x61, 0x95, 0x81, 0x95,
    0x61, 0x95, 0x61, 0x8d, 0x81, 0x95, 0x61, 0x8d, 0x61, 0x8d, 0x61, 0x8d,
    0x61, 0x8d, 0x41, 0x8d, 0x41, 0x85, 0x61, 0x8d, 0x41, 0x85, 0x41, 0x85,
    0x41, 0x85, 0x41, 0x85, 0x21, 0x85, 0x22, 0x7d, 0x42, 0x7d, 0x21, 0x7d,
    0x22, 0x7d, 0x21, 0x7d, 0x02, 0x75, 0x24, 0x3c, 0x43, 0x44, 0x43, 0x44,
    0x43, 0x44, 0x24, 0x44, 0x43, 0x44, 0x43, 0x44, 0x24, 0x44, 0x24, 0x3c,
    0x63, 0x4c, 0x02, 0x6d, 0x02, 0x75, 0x01, 0x6d, 0xe2, 0x6c, 0xe2, 0x6c,
    0x24, 0x44, 0x43, 0x4c, 0x43, 0x4c, 0x43, 0x4c, 0x43, 0x4c, 0x43, 0x4c,
    0x43, 0x44, 0x24, 0x44, 0x43, 0x44, 0xa3, 0x54, 0x83, 0x54, 0x82, 0x4c,
    0x23, 0x44, 0xc4, 0x33, 0xe4, 0x33, 0xc4, 0x33, 0xc4, 0x33, 0xc4, 0x33,
    0xa4, 0x2b, 0xa4, 0x2b, 0xe4, 0x3b, 0x63, 0x44, 0x63, 0x4c, 0x82, 0x4c,
    0x63, 0x4c, 0x83, 0x54, 0x82, 0x54, 0xa3, 0x5c, 0xa2, 0x5c, 0xa3, 0x5c,
    0xc2, 0x5c, 0x83, 0x4c, 0x24, 0x44, 0x43, 0x44, 0x63, 0x4c, 0x44, 0x44,
    0xe2, 0x6c, 0x01, 0x75, 0x01, 0x75, 0x02, 0x7d, 0x01, 0x7d, 0x21, 0x7d,
    0x01, 0x75, 0x21, 0x7d, 0x21, 0x7d, 0x21, 0x7d, 0x22, 0x7d, 0x21, 0x7d,
    0x22, 0x7d, 0x21, 0x85, 0x22, 0x7d, 0x41, 0x85, 0x21, 0x85, 0x42, 0x85,
    0x42, 0x85, 0x21, 0x85, 0x41, 0x85, 0x42, 0x7d, 0x22, 0x85, 0x41, 0x85,
    0x42, 0x85, 0x41, 0x85, 0x41, 0x85, 0x42, 0x85, 0x41, 0x8d, 0x61, 0x85,
    0x41, 0x8d, 0x62, 0x8d, 0x41, 0x85, 0x62, 0x8d, 0x61, 0x8d, 0x61, 0x8d,
    0x61, 0x8d, 0x81, 0x95, 0x81, 0x95, 0x61, 0x8d, 0x61, 0x95, 0x61, 0x95,
    0x81, 0x95, 0x81, 0x95, 0x81, 0x95, 0x81, 0x95, 0x81, 0x95, 0x82, 0x95,
    0x81, 0x95, 0x81, 0x95, 0xa1, 0x95, 0xa2, 0x95, 0xa1, 0x9d, 0xa1, 0x95,
    0x82, 0x95, 0xa1, 0x95, 0xa1, 0x9d, 0xc2, 0x9d, 0xc1, 0x9d, 0xa2, 0x9d,
    0xa1, 0x9d, 0xc1, 0x9d, 0xc2, 0xa5, 0xc1, 0xa5, 0xc1, 0xa5, 0xc1, 0xa5,
    0xc1, 0xa5, 0xe2, 0xad, 0xe2, 0xbd, 0x02, 0xce, 0x02, 0xce, 0x02, 0xce,
    0x22, 0xce, 0x02, 0xce, 0x22, 0xce, 0x02, 0xce, 0x02, 0xce, 0x02, 0xce,
    0x22, 0xd6, 0x02, 0xce, 0x22, 0xce, 0x23, 0xd6, 0x22, 0xce, 0x22, 0xd6,
    0x22, 0xd6, 0x22, 0xce, 0x42, 0xd6, 0x22, 0xd6, 0x43, 0xce, 0x22, 0xce,
    0x42, 0xd6, 0x22, 0xce, 0x42, 0xd6, 0x42, 0xd6, 0x42, 0xd6, 0x42, 0xd6,
    0x22, 0xce, 0x42, 0xd6, 0x22, 0xce, 0x42, 0xd6, 0x22, 0xce, 0x42, 0xd6,
    0x42, 0xd6, 0x42, 0xd6, 0x22, 0xce, 0x42, 0xd6, 0x22, 0xd6, 0x22, 0xd6,
    0x42, 0xd6, 0x22, 0xd6, 0x22, 0xd6, 0x22, 0xce, 0x42, 0xd6, 0x22, 0xce,
    0x22, 0xd6, 0x22, 0xce, 0x22, 0xd6, 0x22, 0xce, 0x22, 0xce, 0x02, 0xce,
    0x22, 0xce, 0x02, 0xd6, 0x02, 0xce, 0x02, 0xce, 0x22, 0xce, 0x02, 0xce,
    0x02, 0xce, 0x02, 0xce, 0x02, 0xce, 0x01, 0xce, 0x02, 0xce, 0x02, 0xce,
    0x01, 0xce, 0x02, 0xce, 0x02, 0xce, 0x01, 0xce, 0xe2, 0xc5, 0x02, 0xce,
    0xe2, 0xcd, 0x02, 0xce, 0xe1, 0xc5, 0xe2, 0xc5, 0xe2, 0xcd, 0xe1, 0xc5,
    0xc1, 0xb5, 0xc1, 0xa5, 0xa1, 0x9d, 0xa1, 0x9d, 0xa1, 0x9d, 0xa1, 0x9d,
    0xa1, 0x9d, 0xa1, 0x9d, 0xa1, 0x9d, 0xa1, 0x9d, 0x81, 0x9d, 0xa1, 0x9d,
    0xa1, 0x9d, 0x81, 0x9d, 0x81, 0x95, 0x81, 0x95, 0x81, 0x9d, 0x81, 0x95,
    0x81, 0x95, 0x81, 0x95, 0x81, 0x95, 0x61, 0x95, 0x81, 0x8d, 0x61, 0x95,
    0x61, 0x8d, 0x61, 0x8d, 0x61, 0x8d, 0x61, 0x95, 0x61, 0x8d, 0x61, 0x8d,
    0x61, 0x8d, 0x62, 0x8d, 0x41, 0x85, 0x41, 0x8d, 0x41, 0x85, 0x41, 0x85,
    0x42, 0x85, 0x21, 0x85, 0x41, 0x85, 0x41, 0x7d, 0x41, 0x85, 0x21, 0x7d,
    0x22, 0x7d, 0x21, 0x7d, 0x21, 0x7d, 0xc2, 0x6c, 0x24, 0x3c, 0x44, 0x44,
    0x23, 0x44, 0x23, 0x44, 0x44, 0x44, 0x43, 0x44, 0x23, 0x44, 0x23, 0x44,
    0x24, 0x44, 0x04, 0x3c, 0x82, 0x54, 0x02, 0x6d, 0xe2, 0x6c, 0xe2, 0x6c,
    0x43, 0x44, 0x43, 0x4c, 0x43, 0x44, 0x43, 0x4c, 0x43, 0x4c, 0x43, 0x44,
    0x43, 0x4c, 0x23, 0x44, 0xe4, 0x3b, 0x83, 0x4c, 0x83, 0x4c, 0xa3, 0x54,
    0xe4, 0x3b, 0xe4, 0x33, 0xc4, 0x33, 0xc4, 0x33, 0xc4, 0x33, 0xc4, 0x2b,
    0xa4, 0x2b, 0xa4, 0x2b, 0xa4, 0x2b, 0x63, 0x44, 0x63, 0x4c, 0x63, 0x4c,
    0x62, 0x4c, 0x83, 0x54, 0x82, 0x54, 0x82, 0x54, 0xa2, 0x54, 0x83, 0x54,
    0x04, 0x3c, 0x24, 0x44, 0x43, 0x44, 0x43, 0x4c, 0x43, 0x4c, 0x24, 0x44,
    0x02, 0x75, 0x02, 0x75, 0x02, 0x75, 0x01, 0x7d, 0x02, 0x7d, 0x02, 0x7d,
    0x02, 0x7d, 0x21, 0x7d, 0x02, 0x7d, 0x21, 0x7d, 0x02, 0x7d, 0x22, 0x85,
    0x21, 0x7d, 0x22, 0x85, 0x21, 0x7d, 0x42, 0x85, 0x21, 0x85, 0x21, 0x7d,
    0x42, 0x7d, 0x21, 0x85, 0x22, 0x85, 0x42, 0x85, 0x42, 0x85, 0x22, 0x85,
    0x41, 0x85, 0x42, 0x85, 0x42, 0x85, 0x41, 0x85, 0x42, 0x85, 0x61, 0x8d,
    0x62, 0x8d, 0x41, 0x8d, 0x62, 0x8d, 0x62, 0x8d, 0x61, 0x8d, 0x61, 0x8d,
    0x62, 0x95, 0x81, 0x95, 0x62, 0x8d, 0x82, 0x95, 0x81, 0x95, 0x81, 0x95,
    0x81, 0x95, 0x81, 0x95, 0x82, 0x95, 0x81, 0x95, 0x81, 0x95, 0xa2, 0x95,
    0xa1, 0x9d, 0x81, 0x9d, 0xa1, 0x9d, 0xa1, 0xa5, 0xa1, 0xa5, 0xa2, 0xa5,
    0xa1, 0x9d, 0xa1, 0x9d, 0xa1, 0x9d, 0xa1, 0x9d, 0xc2, 0x9d, 0xa1, 0x9d,
    0xc1, 0x9d, 0xc2, 0x9d, 0xc1, 0x9d, 0xc1, 0xa5, 0xc2, 0xad, 0xe2, 0xbd,
    0x02, 0xc6, 0x02, 0xce, 0x02, 0xce, 0x02, 0xce, 0x02, 0xce, 0x02, 0xce,
    0x02, 0xce, 0x02, 0xce, 0x22, 0xce, 0x02, 0xce, 0x22, 0xce, 0x22, 0xce,
    0x02, 0xce, 0x22, 0xce, 0x22, 0xce, 0x22, 0xce, 0x22, 0xce, 0x22, 0xce,
    0x22, 0xce, 0x22, 0xce, 0x22, 0xce, 0x22, 0xce, 0x22, 0xce, 0x22, 0xce,
    0x22, 0xce, 0x22, 0xce, 0x22, 0xd6, 0x22, 0xce, 0x23, 0xce, 0x22, 0xd6,
    0x43, 0xd6, 0x22, 0xce, 0x42, 0xd6, 0x42, 0xd6, 0x22, 0xd6, 0x22, 0xce,
    0x22, 0xd6, 0x42, 0xd6, 0x22, 0xce, 0x43, 0xd6, 0x42, 0xce, 0x22, 0xd6,
    0x42, 0xce, 0x43, 0xd6, 0x22, 0xce, 0x22, 0xd6, 0x22, 0xd6, 0x22, 0xce,
    0x22, 0xce, 0x22, 0xd6, 0x22, 0xd6, 0x22, 0xd6, 0x22, 0xce, 0x02, 0xd6,
    0x22, 0xce, 0x02, 0xce, 0x02, 0xce, 0x02, 0xce, 0x01, 0xce, 0x02, 0xce,
    0x02, 0xce, 0x02, 0xce, 0x02, 0xce, 0x02, 0xce, 0x02, 0xce, 0x01, 0xce,
    0x02, 0xce, 0x02, 0xce, 0x02, 0xce, 0x02, 0xce, 0xe1, 0xc5, 0xe2, 0xc5,
    0xe1, 0xc5, 0xe2, 0xc5, 0xe2, 0xc5, 0xe1, 0xc5, 0xe2, 0xb5, 0xa1, 0x9d,
    0xa1, 0x9d, 0xc1, 0xa5, 0xa1, 0x9d, 0xa1, 0x9d, 0xa1, 0x9d, 0xa1, 0x9d,
    0xa1, 0x9d, 0xa1, 0x9d, 0xa1, 0x9d, 0x81, 0x9d, 0x81, 0x9d, 0xa1, 0x9d,
    0x81, 0x95, 0xa1, 0x9d, 0x81, 0x95, 0x81, 0x95, 0xa1, 0x9d, 0x81, 0x95,
    0x81, 0x95, 0x81, 0x95, 0x81, 0x95, 0x61, 0x95, 0x61, 0x8d, 0x61, 0x8d,
    0x61, 0x95, 0x61, 0x8d, 0x61, 0x8d, 0x61, 0x8d, 0x61, 0x8d, 0x41, 0x8d,
    0x41, 0x85, 0x41, 0x85, 0x42, 0x85, 0x41, 0x8d, 0x22, 0x85, 0xe3, 0x64,
    0xc3, 0x5c, 0x02, 0x7d, 0x41, 0x85, 0x21, 0x85, 0x22, 0x7d, 0x21, 0x85,
    0x21, 0x7d, 0x22, 0x7d, 0x21, 0x7d, 0x01, 0x7d, 0xa3, 0x5c, 0x24, 0x3c,
    0x24, 0x44, 0x23, 0x44, 0x43, 0x44, 0x24, 0x44, 0x23, 0x44, 0x23, 0x44,
    0x23, 0x44, 0x44, 0x44, 0x24, 0x44, 0x23, 0x3c, 0xc2, 0x64, 0xc2, 0x64,
    0x83, 0x54, 0x23, 0x44, 0x43, 0x44, 0x44, 0x44, 0x43, 0x44, 0x43, 0x44,
    0x43, 0x44, 0x23, 0x44, 0x23, 0x44, 0x04, 0x3c, 0x83, 0x4c, 0x83, 0x4c,
    0xc4, 0x33, 0xe4, 0x33, 0xc4, 0x33, 0xc4, 0x33, 0xc4, 0x2b, 0xc4, 0x2b,
    0x84, 0x2b, 0xa4, 0x33, 0xa4, 0x2b, 0x23, 0x3c, 0x63, 0x4c, 0x63, 0x4c,
    0x82, 0x4c, 0x83, 0x54, 0x83, 0x54, 0xa2, 0x54, 0x83, 0x4c, 0x04, 0x3c,
    0x23, 0x44, 0x43, 0x44, 0x43, 0x4c, 0x43, 0x4c, 0x43, 0x4c, 0x83, 0x54,
    0x01, 0x75, 0x02, 0x75, 0x02, 0x75, 0x01, 0x75, 0x01, 0x7d, 0x22, 0x7d,
    0x21, 0x7d, 0x01, 0x7d, 0x22, 0x7d, 0x01, 0x7d, 0x01, 0x7d, 0x22, 0x7d,
    0x21, 0x7d, 0x21, 0x85, 0x22, 0x85, 0x21, 0x7d, 0x21, 0x85, 0x42, 0x85,
    0x21, 0x85, 0x41, 0x85, 0x21, 0x7d, 0x41, 0x85, 0x21, 0x85, 0x21, 0x7d,
    0x41, 0x85, 0x42, 0x85, 0x41, 0x85, 0x41, 0x8d, 0x42, 0x8d, 0x61, 0x85,
    0x42, 0x85, 0x61, 0x8d, 0x61, 0x8d, 0x61, 0x8d, 0x61, 0x8d, 0x62, 0x8d,
    0x61, 0x95, 0x61, 0x8d, 0x81, 0x95, 0x61, 0x95, 0x82, 0x95, 0x81, 0x95,
    0x81, 0x95, 0x61, 0x95, 0x82, 0x95, 0x81, 0x95, 0x81, 0x95, 0x81, 0x95,
    0x82, 0x9d, 0xa1, 0x9d, 0x82, 0x9d, 0xa1, 0x9d, 0xa1, 0x9d, 0xa1, 0x9d,
    0xa2, 0x9d, 0xa2, 0x9d, 0xa1, 0x9d, 0xc1, 0x9d, 0xa1, 0x9d, 0xa1, 0x9d,
    0xa2, 0x9d, 0xc1, 0xad, 0xc2, 0xbd, 0xe2, 0xc5, 0xe2, 0xc5, 0xe2, 0xcd,
    0x02, 0xce, 0xe2, 0xc5, 0x02, 0xce, 0x02, 0xc6, 0x02, 0xce, 0x02, 0xce,
    0x02, 0xce, 0x02, 0xce, 0x02, 0xce, 0x22, 0xce, 0x02, 0xce, 0x02, 0xce,
    0x22, 0xce, 0x02, 0xce, 0x02, 0xc6, 0x02, 0xc6, 0x02, 0xbe, 0x02, 0xbe,
    0x02, 0xbe, 0x22, 0xbe, 0x02, 0xbe, 0x22, 0xbe, 0x01, 0xbe, 0x22, 0xbe,
    0x22, 0xc6, 0x22, 0xce, 0x22, 0xce, 0x22, 0xd6, 0x22, 0xce, 0x22, 0xce,
    0x22, 0xd6, 0x22, 0xd6, 0x42, 0xd6, 0x43, 0xd6, 0x22, 0xce, 0x42, 0xd6,
    0x23, 0xce, 0x22, 0xce, 0x22, 0xce, 0x22, 0xd6, 0x42, 0xce, 0x22, 0xd6,
    0x22, 0xce, 0x22, 0xd6, 0x22, 0xce, 0x22, 0xce, 0x22, 0xd6, 0x22, 0xce,
    0x22, 0xd6, 0x22, 0xd6, 0x22, 0xce, 0x22, 0xce, 0x02, 0xd6, 0x02, 0xce,
    0x22, 0xce, 0x02, 0xce, 0x02, 0xce, 0x02, 0xce, 0x02, 0xce, 0x02, 0xce,
    0x02, 0xce, 0x01, 0xce, 0x01, 0xbe, 0xe1, 0xad, 0xe1, 0xad, 0xe1, 0xa5,
    0xe1, 0xb5, 0x02, 0xce, 0xe2, 0xcd, 0x02, 0xc6, 0xe2, 0xcd, 0xe1, 0xc5,
    0xe1, 0xc5, 0xe2, 0xc5, 0xc1, 0xb5, 0xc1, 0xa5, 0xa1, 0x9d, 0xa1, 0x9d,
    0xa1, 0x9d, 0xa1, 0x9d, 0xa1, 0x9d, 0xa1, 0x9d, 0xa1, 0x9d, 0xa1, 0x9d,
    0x81, 0x9d, 0x81, 0x95, 0xa1, 0x9d, 0x81, 0x95, 0xa1, 0x95, 0x81, 0x95,
    0x81, 0x95, 0x81, 0x9d, 0x81, 0x95, 0x81, 0x95, 0x81, 0x95, 0x81, 0x95,
    0x61, 0x8d, 0x81, 0x8d, 0x61, 0x8d, 0x61, 0x95, 0x61, 0x8d, 0x81, 0x95,
    0x61, 0x8d, 0x61, 0x8d, 0x61, 0x8d, 0x61, 0x8d, 0x42, 0x85, 0x62, 0x8d,
    0x41, 0x85, 0x41, 0x85, 0x41, 0x85, 0xe2, 0x6c, 0x84, 0x44, 0x64, 0x44,
    0x64, 0x44, 0x83, 0x4c, 0x22, 0x85, 0x22, 0x7d, 0x21, 0x7d, 0x22, 0x7d,
    0x21, 0x7d, 0x22, 0x7d, 0x02, 0x7d, 0x01, 0x7d, 0x21, 0x7d, 0x83, 0x54,
    0x24, 0x3c, 0x24, 0x44, 0x23, 0x3c, 0x24, 0x44, 0x23, 0x3c, 0x44, 0x44,
    0x23, 0x3c, 0x24, 0x44, 0x24, 0x3c, 0x23, 0x44, 0x04, 0x3c, 0x63, 0x4c,
    0xe2, 0x64, 0x04, 0x3c, 0x43, 0x4c, 0x23, 0x44, 0x23, 0x44, 0x44, 0x44,
    0x23, 0x4c, 0x23, 0x44, 0x23, 0x44, 0xe3, 0x3b, 0x43, 0x44, 0x63, 0x4c,
    0xe4, 0x33, 0xe4, 0x33, 0xc4, 0x33, 0xc4, 0x33, 0xc4, 0x33, 0xc4, 0x33,
    0xa4, 0x2b, 0xa4, 0x33, 0xa4, 0x33, 0xe4, 0x33, 0x63, 0x4c, 0x62, 0x4c,
    0x83, 0x4c, 0x62, 0x4c, 0x83, 0x54, 0x63, 0x4c, 0x04, 0x3c, 0x23, 0x44,
    0x24, 0x44, 0x43, 0x44, 0x43, 0x4c, 0x44, 0x44, 0x43, 0x44, 0xc2, 0x6c,
    0x02, 0x75, 0x01, 0x75, 0x01, 0x75, 0x02, 0x75, 0x02, 0x7d, 0x01, 0x7d,
    0x22, 0x7d, 0x22, 0x7d, 0x01, 0x7d, 0x21, 0x7d, 0x22, 0x85, 0x02, 0x7d,
    0x22, 0x85, 0x21, 0x7d, 0x21, 0x7d, 0x22, 0x85, 0x42, 0x85, 0x42, 0x85,
    0x22, 0x85, 0x21, 0x85, 0x42, 0x85, 0x21, 0x85, 0x41, 0x85, 0x22, 0x85,
    0x22, 0x85, 0x41, 0x85, 0x41, 0x85, 0x42, 0x8d, 0x41, 0x8d, 0x41, 0x85,
    0x41, 0x8d, 0x62, 0x8d, 0x61, 0x8d, 0x61, 0x8d, 0x61, 0x8d, 0x61, 0x95,
    0x62, 0x95, 0x61, 0x8d, 0x81, 0x95, 0x61, 0x95, 0x61, 0x95, 0x62, 0x8d,
    0x61, 0x95, 0x81, 0x95, 0x81, 0x95, 0x81, 0x95, 0x81, 0x95, 0x81, 0x95,
    0x81, 0x95, 0x81, 0x95, 0xa2, 0x95, 0x81, 0x9d, 0xa1, 0x9d, 0xa1, 0x95,
    0x81, 0x9d, 0xa2, 0x9d, 0xa1, 0x9d, 0xa1, 0x9d, 0xc2, 0xad, 0xc2, 0xb5,
    0xe2, 0xc5, 0xe2, 0xc5, 0xe2, 0xc5, 0xe2, 0xc5, 0xe2, 0xcd, 0x02, 0xce,
    0xe2, 0xcd, 0xe2, 0xcd, 0x02, 0xce, 0x02, 0xce, 0x02, 0xce, 0x02, 0xce,
    0x02, 0xce, 0x02, 0xce, 0x02, 0xce, 0x02, 0xce, 0x02, 0xce, 0x02, 0xc6,
    0x02, 0xbe, 0x02, 0xbe, 0x02, 0xbe, 0x01, 0xbe, 0x02, 0xbe, 0x01, 0xb6,
    0x02, 0xbe, 0x01, 0xb6, 0x02, 0xbe, 0x01, 0xbe, 0x02, 0xbe, 0x01, 0xc6,
    0x22, 0xce, 0x22, 0xce, 0x22, 0xce, 0x22, 0xce, 0x42, 0xd6, 0x22, 0xce,
    0x22, 0xce, 0x22, 0xce, 0x42, 0xd6, 0x22, 0xce, 0x22, 0xd6, 0x22, 0xce,
    0x22, 0xd6, 0x22, 0xce, 0x22, 0xd6, 0x22, 0xd6, 0x22, 0xce, 0x22, 0xce,
    0x22, 0xce, 0x22, 0xce, 0x22, 0xce, 0x22, 0xce, 0x22, 0xce, 0x22, 0xce,
    0x22, 0xce, 0x22, 0xce, 0x22, 0xce, 0x02, 0xce, 0x02, 0xce, 0x22, 0xd6,
    0x22, 0xce, 0x22, 0xce, 0x02, 0xce, 0x02, 0xce, 0x02, 0xce, 0x02, 0xce,
    0x02, 0xce, 0x01, 0xc6, 0xe1, 0xad, 0xc1, 0xa5, 0xc1, 0xad, 0xc1, 0xa5,
    0xe2, 0xbd, 0x02, 0xce, 0xe1, 0xc5, 0xe2, 0xc5, 0xe2, 0xc5, 0xe2, 0xc5,
    0xe2, 0xc5, 0xc1, 0xa5, 0xa1, 0x9d, 0xc1, 0x9d, 0xa1, 0x9d, 0xa1, 0x9d,
    0xa1, 0x9d, 0xa1, 0x9d, 0xa1, 0x9d, 0xa1, 0x9d, 0xa1, 0x9d, 0x81, 0x9d,
    0xa1, 0x9d, 0xa1, 0x95, 0x81, 0x95, 0xa1, 0x9d, 0x81, 0x95, 0x81, 0x9d,
    0x81, 0x95, 0x81, 0x95, 0x81, 0x95, 0x81, 0x95, 0x81, 0x95, 0x61, 0x8d,
    0x81, 0x95, 0x61, 0x8d, 0x61, 0x8d, 0x61, 0x8d, 0x61, 0x8d, 0x61, 0x8d,
    0x61, 0x8d, 0x61, 0x8d, 0x62, 0x8d, 0xc3, 0x5c, 0x83, 0x4c, 0xc3, 0x5c,
    0x41, 0x85, 0x42, 0x85, 0xc3, 0x5c, 0x84, 0x44, 0x83, 0x44, 0x64, 0x44,
    0x64, 0x3c, 0xa3, 0x54, 0x21, 0x7d, 0x21, 0x7d, 0x21, 0x7d, 0x02, 0x7d,
    0x21, 0x7d, 0x01, 0x7d, 0x02, 0x75, 0x02, 0x75, 0x01, 0x75, 0x01, 0x7d,
    0x83, 0x54, 0x24, 0x3c, 0x23, 0x44, 0x23, 0x3c, 0x24, 0x44, 0x23, 0x3c,
    0x24, 0x3c, 0x23, 0x3c, 0x24, 0x44, 0x24, 0x3c, 0x23, 0x3c, 0x04, 0x3c,
    0x23, 0x44, 0x43, 0x44, 0x24, 0x44, 0x23, 0x44, 0x43, 0x44, 0x23, 0x4c,
    0x24, 0x44, 0x23, 0x44, 0x24, 0x44, 0x03, 0x44, 0xe4, 0x33, 0x83, 0x4c,
    0xc4, 0x33, 0xc4, 0x33, 0xc4, 0x33, 0xc4, 0x2b, 0xa4, 0x33, 0xa4, 0x2b,
    0xa4, 0x2b, 0xa4, 0x33, 0x84, 0x33, 0xa4, 0x2b, 0x63, 0x4c, 0x63, 0x4c,
    0x62, 0x4c, 0x62, 0x4c, 0x83, 0x4c, 0xe4, 0x3b, 0x23, 0x44, 0x23, 0x44,
    0x24, 0x44, 0x23, 0x44, 0x23, 0x44, 0x43, 0x4c, 0x43, 0x44, 0xe2, 0x74,
    0xe2, 0x74, 0xe2, 0x74, 0xe1, 0x74, 0x02, 0x75, 0x01, 0x7d, 0x01, 0x75,
    0x01, 0x7d, 0x02, 0x7d, 0x02, 0x7d, 0x01, 0x7d, 0x21, 0x7d, 0x22, 0x85,
    0x21, 0x7d, 0x22, 0x7d, 0x21, 0x7d, 0x21, 0x85, 0x21, 0x7d, 0x21, 0x85,
    0x21, 0x7d, 0x22, 0x85, 0x21, 0x85, 0x22, 0x7d, 0x41, 0x85, 0x41, 0x85,
    0x21, 0x85, 0x41, 0x85, 0x42, 0x85, 0x41, 0x85, 0x42, 0x85, 0x41, 0x8d,
    0x61, 0x8d, 0x41, 0x85, 0x42, 0x8d, 0x61, 0x8d, 0x62, 0x8d, 0x61, 0x8d,
    0x61, 0x8d, 0x62, 0x95, 0x81, 0x95, 0x81, 0x95, 0x61, 0x95, 0x61, 0x8d,
    0x82, 0x95, 0x61, 0x8d, 0x81, 0x95, 0x82, 0x95, 0x81, 0x95, 0x81, 0x95,
    0x81, 0x9d, 0x81, 0x95, 0x82, 0x95, 0xa1, 0x9d, 0x81, 0x9d, 0xa2, 0x9d,
    0xa1, 0x9d, 0xc2, 0xad, 0xc2, 0xb5, 0xc2, 0xbd, 0xc2, 0xc5, 0xe2, 0xc5,
    0xe2, 0xc5, 0xe2, 0xc5, 0xe2, 0xc5, 0xe2, 0xc5, 0xe2, 0xcd, 0x02, 0xc6,
    0x02, 0xc6, 0xe2, 0xcd, 0x02, 0xc6, 0x02, 0xce, 0x02, 0xce, 0x02, 0xc6,
    0x02, 0xce, 0x02, 0xce, 0x03, 0xce, 0x02, 0xc6, 0x02, 0xce, 0x02, 0xce,
    0x02, 0xc6, 0x02, 0xc6, 0x02, 0xbe, 0x01, 0xbe, 0x01, 0xbe, 0x02, 0xc6,
    0x02, 0xc6, 0x02, 0xc6, 0x01, 0xc6, 0x22, 0xc6, 0x22, 0xce, 0x22, 0xce,
    0x02, 0xce, 0x22, 0xce, 0x22, 0xce, 0x22, 0xd6, 0x22, 0xce, 0x22, 0xd6,
    0x22, 0xce, 0x22, 0xce, 0x22, 0xce, 0x22, 0xd6, 0x22, 0xd6, 0x22, 0xce,
    0x22, 0xd6, 0x22, 0xce, 0x42, 0xd6, 0x22, 0xce, 0x22, 0xce, 0x23, 0xd6,
    0x22, 0xce, 0x22, 0xce, 0x22, 0xd6, 0x22, 0xd6, 0x02, 0xce, 0x22, 0xce,
    0x02, 0xce, 0x22, 0xce, 0x02, 0xce, 0x22, 0xce, 0x22, 0xce, 0x02, 0xce,
    0x02, 0xce, 0x02, 0xce, 0x22, 0xce, 0x01, 0xce, 0x02, 0xce, 0x02, 0xce,
    0x02, 0xce, 0x02, 0xce, 0xe2, 0xc5, 0xe2, 0xc5, 0x02, 0xc6, 0xe2, 0xc5,
    0xe2, 0xc5, 0x01, 0xc6, 0xe2, 0xcd, 0xe1, 0xc5, 0xe1, 0xc5, 0xe1, 0xc5,
    0xc1, 0xad, 0xc1, 0xa5, 0xc1, 0xa5, 0xa1, 0x9d, 0xa1, 0x9d, 0xa1, 0x9d,
    0xa1, 0x9d, 0xa1, 0x9d, 0x81, 0x9d, 0x81, 0x9d, 0xa1, 0x95, 0xa1, 0x9d,
    0xa1, 0x9d, 0x81, 0x9d, 0x81, 0x95, 0xa1, 0x9d, 0xa1, 0x9d, 0xa1, 0x9d,
    0x81, 0x95, 0x81, 0x95, 0x81, 0x95, 0x61, 0x8d, 0x61, 0x8d, 0x61, 0x8d,
    0x61, 0x8d, 0x61, 0x8d, 0x61, 0x8d, 0x61, 0x8d, 0x61, 0x8d, 0x61, 0x8d,
    0x61, 0x8d, 0x61, 0x8d, 0xc3, 0x54, 0x84, 0x44, 0x83, 0x44, 0xa3, 0x54,
    0x22, 0x75, 0xe2, 0x6c, 0x64, 0x44, 0x64, 0x44, 0x64, 0x44, 0x63, 0x3c,
    0x64, 0x3c, 0x02, 0x6d, 0x21, 0x7d, 0x22, 0x7d, 0x02, 0x7d, 0x21, 0x7d,
    0x01, 0x7d, 0x01, 0x7d, 0x01, 0x75, 0x01, 0x75, 0x02, 0x75, 0x02, 0x75,
    0x01, 0x7d, 0x83, 0x54, 0x04, 0x3c, 0x23, 0x44, 0x24, 0x44, 0x24, 0x44,
    0x23, 0x44, 0x24, 0x44, 0x03, 0x3c, 0x03, 0x3c, 0x24, 0x3c, 0x03, 0x3c,
    0x04, 0x3c, 0x23, 0x44, 0xe4, 0x3b, 0x43, 0x44, 0x43, 0x44, 0x23, 0x44,
    0x23, 0x44, 0x44, 0x44, 0x03, 0x3c, 0x03, 0x3c, 0xe4, 0x3b, 0x43, 0x44,
    0xe4, 0x33, 0xc4, 0x33, 0xc4, 0x33, 0xc4, 0x33, 0xa4, 0x2b, 0xa4, 0x2b,
    0xa4, 0x2b, 0x84, 0x2b, 0xa4, 0x33, 0xa4, 0x2b, 0x43, 0x44, 0x63, 0x4c,
    0x63, 0x4c, 0xa2, 0x54, 0xe4, 0x33, 0x24, 0x3c, 0x23, 0x44, 0x23, 0x44,
    0x24, 0x44, 0x23, 0x44, 0x44, 0x44, 0x43, 0x4c, 0x63, 0x54, 0xe2, 0x6c,
    0xe2, 0x6c, 0x01, 0x75, 0xe2, 0x74, 0x02, 0x75, 0x01, 0x7d, 0x01, 0x75,
    0x02, 0x7d, 0x01, 0x7d, 0x02, 0x7d, 0x01, 0x7d, 0x01, 0x7d, 0x01, 0x7d,
    0x01, 0x7d, 0x21, 0x7d, 0x22, 0x85, 0x21, 0x7d, 0x22, 0x85, 0x22, 0x85,
    0x21, 0x7d, 0x22, 0x85, 0x22, 0x7d, 0x21, 0x7d, 0x22, 0x7d, 0x21, 0x85,
    0x22, 0x85, 0x21, 0x85, 0x42, 0x85, 0x42, 0x85, 0x41, 0x85, 0x41, 0x8d,
    0x42, 0x85, 0x41, 0x8d, 0x41, 0x8d, 0x62, 0x8d, 0x61, 0x8d, 0x41, 0x8d,
    0x61, 0x95, 0x61, 0x8d, 0x61, 0x8d, 0x62, 0x95, 0x61, 0x95, 0x81, 0x95,
    0x81, 0x95, 0x61, 0x95, 0x62, 0x95, 0x61, 0x95, 0x81, 0x95, 0x82, 0x95,
    0x81, 0x95, 0x81, 0x95, 0x81, 0x95, 0xa2, 0x95, 0xa1, 0x9d, 0xa2, 0xb5,
    0xa2, 0xbd, 0xc2, 0xc5, 0xc2, 0xbd, 0xc2, 0xc5, 0xc2, 0xc5, 0xe2, 0xc5,
    0xe2, 0xc5, 0xe2, 0xc5, 0xe2, 0xc5, 0xe2, 0xc5, 0xe2, 0xcd, 0xe2, 0xcd,
    0xe2, 0xc5, 0x02, 0xce, 0x02, 0xce, 0xe2, 0xc5, 0x02, 0xce, 0x02, 0xce,
    0x02, 0xce, 0x02, 0xce, 0x02, 0xce, 0x02, 0xc6, 0x02, 0xce, 0x02, 0xce,
    0x02, 0xce, 0x02, 0xc6, 0x02, 0xce, 0x02, 0xce, 0x02, 0xce, 0x02, 0xce,
    0x22, 0xce, 0x02, 0xce, 0x22, 0xce, 0x02, 0xce, 0x22, 0xce, 0x02, 0xce,
    0x02, 0xce, 0x22, 0xce, 0x02, 0xce, 0x22, 0xce, 0x22, 0xce, 0x22, 0xd6,
    0x22, 0xd6, 0x22, 0xce, 0x22, 0xce, 0x22, 0xce, 0x22, 0xce, 0x22, 0xce,
    0x22, 0xce, 0x22, 0xce, 0x22, 0xce, 0x22, 0xd6, 0x22, 0xd6, 0x02, 0xce,
    0x22, 0xce, 0x02, 0xce, 0x02, 0xce, 0x22, 0xce, 0x02, 0xc6, 0x02, 0xbe,
    0x02, 0xbe, 0x01, 0xbe, 0x02, 0xce, 0x02, 0xce, 0x02, 0xce, 0x02, 0xce,
    0x02, 0xce, 0x02, 0xce, 0x02, 0xce, 0x02, 0xce, 0x02, 0xce, 0x02, 0xce,
    0x01, 0xce, 0xe2, 0xc5, 0x02, 0xc6, 0x02, 0xce, 0x02, 0xce, 0xe1, 0xc5,
    0x02, 0xce, 0xe2, 0xc5, 0xe2, 0xc5, 0xe2, 0xc5, 0xe2, 0xc5, 0xe1, 0xbd,
    0xc1, 0xa5, 0xa1, 0x9d, 0xa1, 0x9d, 0xa1, 0x9d, 0xa1, 0x9d, 0xa1, 0x9d,
    0xa1, 0x9d, 0xa1, 0x9d, 0x81, 0x9d, 0x81, 0x95, 0x81, 0x95, 0xa1, 0x9d,
    0x81, 0x95, 0xa1, 0x9d, 0x81, 0x9d, 0x81, 0x95, 0x81, 0x95, 0x81, 0x95,
    0x81, 0x95, 0x81, 0x95, 0x81, 0x95, 0x81, 0x8d, 0x81, 0x95, 0x61, 0x8d,
    0x61, 0x8d, 0x61, 0x8d, 0x61, 0x8d, 0x61, 0x8d, 0x61, 0x8d, 0x61, 0x8d,
    0x61, 0x8d, 0x22, 0x75, 0x64, 0x44, 0x84, 0x44, 0x84, 0x44, 0xc3, 0x5c,
    0x02, 0x6d, 0x84, 0x44, 0x64, 0x44, 0x84, 0x44, 0x64, 0x3c, 0x64, 0x44,
    0x83, 0x4c, 0x21, 0x85, 0x22, 0x7d, 0x22, 0x7d, 0x21, 0x7d, 0x21, 0x7d,
    0x22, 0x7d, 0x22, 0x7d, 0x01, 0x7d, 0x02, 0x75, 0x02, 0x75, 0xe2, 0x74,
    0xe2, 0x74, 0x01, 0x75, 0x83, 0x54, 0x04, 0x3c, 0x23, 0x3c, 0x03, 0x3c,
    0x24, 0x44, 0x03, 0x3c, 0x04, 0x44, 0x24, 0x44, 0x03, 0x3c, 0x24, 0x3c,
    0x04, 0x3c, 0x04, 0x3c, 0x04, 0x3c, 0xe4, 0x3b, 0x23, 0x44, 0x44, 0x44,
    0x23, 0x44, 0x23, 0x44, 0x03, 0x3c, 0x04, 0x3c, 0x03, 0x3c, 0xe4, 0x33,
    0x03, 0x34, 0xe4, 0x33, 0xc4, 0x33, 0xc4, 0x33, 0xc4, 0x33, 0xa4, 0x2b,
    0xa4, 0x2b, 0xa4, 0x33, 0xa4, 0x33, 0xa4, 0x2b, 0x23, 0x44, 0x63, 0x4c,
    0x62, 0x4c, 0x04, 0x3c, 0x03, 0x3c, 0x04, 0x3c, 0x03, 0x44, 0x24, 0x3c,
    0x23, 0x44, 0x23, 0x44, 0x43, 0x44, 0x24, 0x44, 0xc2, 0x64, 0xc2, 0x64,
    0xe2, 0x6c, 0xe1, 0x6c, 0x02, 0x75, 0x02, 0x75, 0x01, 0x7d, 0x02, 0x7d,
    0x01, 0x7d, 0x21, 0x7d, 0x21, 0x7d, 0x02, 0x7d, 0x02, 0x7d, 0x02, 0x7d,
    0x21, 0x7d, 0x22, 0x85, 0x22, 0x7d, 0x01, 0x7d, 0x21, 0x7d, 0x21, 0x85,
    0x22, 0x85, 0x21, 0x7d, 0x41, 0x85, 0x21, 0x85, 0x21, 0x85, 0x22, 0x7d,
    0x22, 0x85, 0x21, 0x85, 0x21, 0x85, 0x41, 0x85, 0x21, 0x85, 0x42, 0x85,
    0x41, 0x85, 0x41, 0x85, 0x62, 0x8d, 0x41, 0x8d, 0x61, 0x8d, 0x61, 0x8d,
    0x61, 0x8d, 0x61, 0x8d, 0x61, 0x95, 0x62, 0x95, 0x61, 0x8d, 0x61, 0x8d,
    0x61, 0x95, 0x82, 0x95, 0x81, 0x95, 0x81, 0x95, 0x81, 0x95, 0x82, 0x95,
    0x81, 0x9d, 0x82, 0x95, 0x81, 0x9d, 0xa1, 0xad, 0xa2, 0xbd, 0xa1, 0xbd,
    0xc2, 0xbd, 0xc1, 0xbd, 0xc2, 0xc5, 0xe2, 0xc5, 0xc2, 0xc5, 0xc2, 0xc5,
    0xc2, 0xc5, 0xe2, 0xc5, 0xe2, 0xcd, 0xe2, 0xc5, 0xe2, 0xc5, 0xe2, 0xc5,
    0xe2, 0xc5, 0xe2, 0xcd, 0xe2, 0xc5, 0xe2, 0xcd, 0xe2, 0xc5, 0x02, 0xce,
    0x02, 0xc6, 0x02, 0xce, 0x02, 0xce, 0x02, 0xce, 0x02, 0xce, 0x02, 0xc6,
    0x02, 0xc6, 0x02, 0xce, 0x02, 0xce, 0x02, 0xc6, 0x02, 0xce, 0x02, 0xce,
    0x02, 0xce, 0x22, 0xce, 0x02, 0xce, 0x02, 0xce, 0x22, 0xce, 0x22, 0xce,
    0x02, 0xce, 0x22, 0xce, 0x02, 0xce, 0x22, 0xce, 0x22, 0xd6, 0x22, 0xce,
    0x22, 0xce, 0x22, 0xd6, 0x22, 0xd6, 0x22, 0xce, 0x22, 0xd6, 0x22, 0xd6,
    0x22, 0xce, 0x22, 0xce, 0x22, 0xce, 0x02, 0xce, 0x22, 0xce, 0x22, 0xce,
    0x22, 0xce, 0x02, 0xce, 0x02, 0xce, 0x02, 0xc6, 0x02, 0xc6, 0x01, 0xc6,
    0x02, 0xce, 0x02, 0xce, 0x02, 0xce, 0x02, 0xce, 0x02, 0xce, 0x02, 0xce,
    0x02, 0xce, 0x02, 0xce, 0x02, 0xce, 0x01, 0xce, 0x02, 0xce, 0x02, 0xce,
    0xe2, 0xcd, 0xe1, 0xcd, 0x01, 0xc6, 0xe2, 0xc5, 0xe1, 0xc5, 0xe1, 0xc5,
    0xe2, 0xc5, 0x02, 0xce, 0xe1, 0xc5, 0xe2, 0xc5, 0xe2, 0xc5, 0xe2, 0xc5,
    0xc2, 0xbd, 0xa1, 0xa5, 0xa1, 0xa5, 0xa1, 0x9d, 0xa1, 0x9d, 0xa1, 0x9d,
    0xa1, 0x9d, 0xa1, 0x9d, 0x81, 0x9d, 0xa1, 0x9d, 0x81, 0x95, 0x81, 0x9d,
    0xa1, 0x95, 0x81, 0x95, 0xa1, 0x95, 0x81, 0x9d, 0x81, 0x95, 0x81, 0x95,
    0x81, 0x95, 0x81, 0x95, 0x61, 0x95, 0x61, 0x8d, 0x61, 0x8d, 0x61, 0x95,
    0x61, 0x8d, 0x61, 0x8d, 0x61, 0x8d, 0x61, 0x8d, 0x61, 0x95, 0x62, 0x8d,
    0x61, 0x8d, 0xc3, 0x5c, 0x84, 0x44, 0x84, 0x3c, 0x84, 0x44, 0xe2, 0x5c,
    0xa3, 0x54, 0x64, 0x44, 0x64, 0x3c, 0x64, 0x3c, 0x64, 0x3c, 0x64, 0x3c,
    0xe2, 0x6c, 0xe2, 0x6c, 0x02, 0x75, 0x02, 0x75, 0x01, 0x7d, 0x01, 0x7d,
    0x22, 0x7d, 0x01, 0x7d, 0x02, 0x75, 0x01, 0x7d, 0x01, 0x75, 0xe2, 0x74,
    0xe1, 0x74, 0xe2, 0x74, 0xe2, 0x74, 0x63, 0x54, 0x04, 0x3c, 0x23, 0x3c,
    0x04, 0x3c, 0x03, 0x3c, 0x04, 0x3c, 0x04, 0x3c, 0x03, 0x3c, 0x04, 0x3c,
    0x04, 0x3c, 0x04, 0x3c, 0xe4, 0x33, 0xe4, 0x33, 0x04, 0x3c, 0x23, 0x44,
    0x24, 0x44, 0x03, 0x3c, 0x04, 0x3c, 0x04, 0x3c, 0x03, 0x3c, 0xc4, 0x33,
    0xe4, 0x33, 0xc4, 0x33, 0xc4, 0x33, 0xc4, 0x2b, 0xa4, 0x2b, 0xc4, 0x33,
    0xa4, 0x33, 0xa4, 0x2b, 0xa4, 0x2b, 0xa4, 0x2b, 0x23, 0x3c, 0x43, 0x44,
    0x43, 0x44, 0xc4, 0x33, 0x04, 0x3c, 0x03, 0x3c, 0x24, 0x44, 0x24, 0x44,
    0x03, 0x44, 0x23, 0x44, 0x23, 0x44, 0x43, 0x44, 0xc2, 0x64, 0xc2, 0x64,
    0xc2, 0x64, 0xc2, 0x6c, 0xe1, 0x6c, 0xc2, 0x6c, 0xa3, 0x5c, 0x63, 0x54,
    0x63, 0x54, 0x43, 0x4c, 0x63, 0x4c, 0x02, 0x75, 0x01, 0x7d, 0x02, 0x7d,
    0x02, 0x7d, 0x01, 0x7d, 0x22, 0x7d, 0x01, 0x7d, 0x22, 0x7d, 0x22, 0x7d,
    0x21, 0x85, 0x21, 0x7d, 0x22, 0x7d, 0x22, 0x85, 0x21, 0x7d, 0x22, 0x85,
    0x21, 0x85, 0x21, 0x85, 0x42, 0x85, 0x41, 0x85, 0x42, 0x85, 0x42, 0x85,
    0x41, 0x8d, 0x41, 0x85, 0x41, 0x85, 0x42, 0x8d, 0x41, 0x8d, 0x61, 0x8d,
    0x41, 0x8d, 0x61, 0x95, 0x61, 0x8d, 0x61, 0x95, 0x61, 0x95, 0x62, 0x8d,
    0x61, 0x95, 0x61, 0x95, 0x61, 0x95, 0x61, 0x95, 0x81, 0x95, 0x61, 0x9d,
    0x81, 0x95, 0x82, 0x9d, 0x81, 0x9d, 0xa2, 0xad, 0xa2, 0xb5, 0xa1, 0xbd,
    0xc2, 0xbd, 0xc2, 0xbd, 0xc2, 0xbd, 0xc2, 0xc5, 0xe2, 0xc5, 0xc2, 0xbd,
    0xc2, 0xc5, 0xc2, 0xc5, 0xe2, 0xc5, 0xe2, 0xc5, 0xe2, 0xc5, 0xe2, 0xc5,
    0xe2, 0xc5, 0xe2, 0xbd, 0xe2, 0xbd, 0xe2, 0xb5, 0xe2, 0xb5, 0xc2, 0xbd,
    0xe2, 0xbd, 0xe2, 0xc5, 0xe2, 0xc5, 0x02, 0xc6, 0x02, 0xce, 0x02, 0xce,
    0x02, 0xce, 0x02, 0xce, 0x02, 0xc6, 0x02, 0xce, 0x02, 0xce, 0x02, 0xce,
    0x02, 0xce, 0x02, 0xce, 0x02, 0xce, 0x02, 0xce, 0x22, 0xce, 0x02, 0xce,
    0x22, 0xce, 0x22, 0xce, 0x02, 0xce, 0x22, 0xce, 0x02, 0xce, 0x22, 0xce,
    0x02, 0xce, 0x22, 0xce, 0x22, 0xd6, 0x23, 0xd6, 0x22, 0xce, 0x22, 0xce,
    0x02, 0xce, 0x22, 0xce, 0x02, 0xce, 0x22, 0xce, 0x02, 0xce, 0x22, 0xce,
    0x02, 0xce, 0x22, 0xce, 0x02, 0xce, 0x02, 0xce, 0x02, 0xce, 0x02, 0xce,
    0x02, 0xce, 0x02, 0xce, 0x02, 0xce, 0x02, 0xce, 0x02, 0xce, 0x02, 0xce,
    0x02, 0xce, 0x02, 0xce, 0x02, 0xce, 0x02, 0xc6, 0xe1, 0xcd, 0xe2, 0xc5,
    0x02, 0xc6, 0xe1, 0xc5, 0xe2, 0xcd, 0xe2, 0xcd, 0xe2, 0xc5, 0xe2, 0xc5,
    0xe2, 0xc5, 0xe1, 0xc5, 0xe1, 0xc5, 0xe2, 0xc5, 0xc1, 0xc5, 0xc1, 0xc5,
    0xc1, 0xbd, 0xc2, 0xc5, 0xa1, 0xa5, 0xa1, 0x9d, 0xa1, 0x9d, 0x81, 0x9d,
    0xa1, 0x9d, 0x81, 0x9d, 0x81, 0x9d, 0x81, 0x95, 0x81, 0x95, 0x81, 0x9d,
    0x81, 0x9d, 0x81, 0x95, 0x81, 0x95, 0x81, 0x95, 0x81, 0x9d, 0x81, 0x95,
    0x81, 0x95, 0x81, 0x95, 0x61, 0x8d, 0x61, 0x8d, 0x81, 0x95, 0x61, 0x8d,
    0x61, 0x8d, 0x61, 0x8d, 0x62, 0x8d, 0xc3, 0x64, 0xc3, 0x5c, 0x02, 0x75,
    0x42, 0x7d, 0xa3, 0x4c, 0x84, 0x44, 0x64, 0x44, 0x84, 0x44, 0xc3, 0x54,
    0x64, 0x44, 0x84, 0x3c, 0x64, 0x3c, 0x64, 0x3c, 0x64, 0x3c, 0x64, 0x44,
    0x64, 0x44, 0x63, 0x44, 0x44, 0x3c, 0x43, 0x44, 0x63, 0x44, 0x83, 0x54,
    0xe2, 0x6c, 0x02, 0x75, 0x01, 0x75, 0xe2, 0x74, 0xe1, 0x74, 0x02, 0x75,
    0xe2, 0x74, 0xe2, 0x6c, 0xe1, 0x6c, 0xe2, 0x6c, 0x43, 0x4c, 0x03, 0x3c,
    0x04, 0x3c, 0x04, 0x3c, 0x03, 0x3c, 0x04, 0x3c, 0x03, 0x3c, 0x04, 0x3c,
    0x04, 0x3c, 0x03, 0x3c, 0xe4, 0x3b, 0x04, 0x3c, 0xc4, 0x33, 0x03, 0x3c,
    0x04, 0x3c, 0x23, 0x44, 0x03, 0x3c, 0x04, 0x3c, 0xe3, 0x3b, 0xe4, 0x3b,
    0xc4, 0x33, 0xc4, 0x33, 0xc4, 0x33, 0xa4, 0x2b, 0xa4, 0x33, 0xa4, 0x33,
    0xa4, 0x33, 0x84, 0x2b, 0x84, 0x33, 0x84, 0x33, 0x04, 0x3c, 0x63, 0x44,
    0xc4, 0x33, 0xe3, 0x3b, 0xe3, 0x3b, 0x04, 0x3c, 0x03, 0x3c, 0x03, 0x3c,
    0x24, 0x44, 0x24, 0x44, 0x04, 0x3c, 0x82, 0x54, 0xa2, 0x5c, 0xa2, 0x64,
    0xe2, 0x6c, 0xa2, 0x5c, 0x04, 0x3c, 0x23, 0x44, 0x43, 0x44, 0x43, 0x44,
    0x43, 0x4c, 0x43, 0x4c, 0x23, 0x44, 0x83, 0x5c, 0x01, 0x7d, 0x01, 0x7d,
    0x01, 0x7d, 0x02, 0x7d, 0x01, 0x7d, 0x01, 0x7d, 0x02, 0x7d, 0x22, 0x7d,
    0x01, 0x7d, 0x21, 0x7d, 0x02, 0x7d, 0x22, 0x85, 0x21, 0x7d, 0x21, 0x85,
    0x21, 0x7d, 0x22, 0x7d, 0x22, 0x85, 0x21, 0x85, 0x41, 0x85, 0x42, 0x8d,
    0x41, 0x85, 0x41, 0x8d, 0x61, 0x8d, 0x61, 0x8d, 0x42, 0x8d, 0x62, 0x8d,
    0x61, 0x8d, 0x62, 0x95, 0x61, 0x8d, 0x62, 0x95, 0x61, 0x8d, 0x61, 0x95,
    0x61, 0x8d, 0x61, 0x95, 0x61, 0x95, 0x81, 0x95, 0x61, 0x95, 0x81, 0x9d,
    0x81, 0x95, 0x81, 0x95, 0x81, 0x9d, 0x81, 0xa5, 0xa1, 0xad, 0xa2, 0xb5,
    0xa2, 0xbd, 0xc1, 0xbd, 0xc1, 0xbd, 0xc2, 0xbd, 0xc2, 0xc5, 0xc2, 0xc5,
    0xe2, 0xc5, 0xc2, 0xc5, 0xc2, 0xc5, 0xc2, 0xc5, 0xc2, 0xc5, 0xc1, 0xb5,
    0xc2, 0xb5, 0xc1, 0xb5, 0xc1, 0xb5, 0xc1, 0xb5, 0xc1, 0xb5, 0xe2, 0xb5,
    0xe1, 0xbd, 0xe2, 0xcd, 0x02, 0xce, 0xe2, 0xcd, 0x02, 0xce, 0xe2, 0xc5,
    0x02, 0xc6, 0xe2, 0xcd, 0x02, 0xce, 0x02, 0xce, 0x02, 0xce, 0x02, 0xc6,
    0x02, 0xce, 0x02, 0xce, 0x02, 0xc6, 0x02, 0xce, 0x02, 0xce, 0x02, 0xce,
    0x02, 0xce, 0x02, 0xce, 0x02, 0xce, 0x22, 0xce, 0x02, 0xce, 0x02, 0xce,
    0x02, 0xce, 0x22, 0xce, 0x02, 0xce, 0x02, 0xce, 0x22, 0xce, 0x22, 0xce,
    0x02, 0xce, 0x02, 0xce, 0x02, 0xce, 0x22, 0xce, 0x02, 0xce, 0x02, 0xce,
    0x22, 0xce, 0x02, 0xce, 0x22, 0xce, 0x02, 0xce, 0x02, 0xce, 0x02, 0xce,
    0x02, 0xce, 0x02, 0xce, 0x02, 0xce, 0x01, 0xc6, 0x01, 0xc6, 0x02, 0xce,
    0x01, 0xc6, 0x01, 0xc6, 0xe2, 0xc5, 0xe1, 0xc5, 0xe2, 0xc5, 0xe1, 0xc5,
    0xe1, 0xc5, 0xe2, 0xc5, 0xe1, 0xc5, 0xe1, 0xc5, 0xe1, 0xc5, 0xe2, 0xc5,
    0xe1, 0xc5, 0xe1, 0xc5, 0xc2, 0xc5, 0xc1, 0xc5, 0xe1, 0xbd, 0xc1, 0xbd,
    0xc1, 0xbd, 0xc1, 0xb5, 0xa1, 0x9d, 0x81, 0x9d, 0x81, 0x9d, 0xa1, 0x9d,
    0x81, 0x9d, 0xa1, 0x9d, 0x81, 0x9d, 0x81, 0x95, 0x81, 0x95, 0x81, 0x95,
    0x81, 0x95, 0x81, 0x95, 0x81, 0x95, 0x81, 0x95, 0x81, 0x95, 0x81, 0x95,
    0x81, 0x95, 0x61, 0x95, 0x61, 0x8d, 0x61, 0x8d, 0x61, 0x8d, 0x61, 0x95,
    0x61, 0x8d, 0x61, 0x95, 0x61, 0x8d, 0xa3, 0x54, 0xa3, 0x4c, 0x83, 0x4c,
    0xa3, 0x4c, 0x84, 0x44, 0x84, 0x44, 0x64, 0x3c, 0x64, 0x3c, 0x84, 0x44,
    0x64, 0x44, 0x64, 0x3c, 0x64, 0x3c, 0x64, 0x3c, 0x64, 0x44, 0x64, 0x3c,
    0x64, 0x3c, 0x64, 0x3c, 0x44, 0x3c, 0x64, 0x44, 0x64, 0x44, 0x63, 0x44,
    0xe2, 0x6c, 0x01, 0x7d, 0xe2, 0x74, 0xe2, 0x74, 0xe2, 0x74, 0xe1, 0x74,
    0xe1, 0x74, 0xc2, 0x6c, 0xc2, 0x6c, 0xc2, 0x64, 0xe2, 0x6c, 0x23, 0x44,
    0x03, 0x3c, 0x04, 0x3c, 0x04, 0x3c, 0x03, 0x3c, 0x04, 0x3c, 0x04, 0x3c,
    0x03, 0x3c, 0x04, 0x3c, 0xe4, 0x3b, 0xe4, 0x33, 0xe4, 0x33, 0xc4, 0x33,
    0x03, 0x3c, 0x03, 0x3c, 0x04, 0x3c, 0x03, 0x3c, 0xe3, 0x3b, 0xe4, 0x3b,
    0xc4, 0x33, 0xc4, 0x33, 0xc4, 0x33, 0xc3, 0x33, 0xc4, 0x2b, 0xa4, 0x2b,
    0x84, 0x2b, 0xa4, 0x33, 0xa4, 0x2b, 0xa4, 0x33, 0x04, 0x3c, 0x03, 0x3c,
    0xe4, 0x3b, 0xe4, 0x3b, 0x04, 0x3c, 0x03, 0x3c, 0x04, 0x3c, 0x03, 0x3c,
    0x03, 0x44, 0x24, 0x3c, 0x04, 0x3c, 0xa2, 0x54, 0xa2, 0x5c, 0xa2, 0x5c,
    0x23, 0x44, 0x04, 0x3c, 0x23, 0x44, 0x43, 0x44, 0x23, 0x44, 0x43, 0x44,
    0x43, 0x44, 0x43, 0x44, 0x24, 0x44, 0xc2, 0x6c, 0x02, 0x75, 0x02, 0x7d,
    0x01, 0x7d, 0x02, 0x7d, 0x01, 0x7d, 0x01, 0x7d, 0x02, 0x7d, 0x01, 0x7d,
    0x21, 0x7d, 0x02, 0x7d, 0x21, 0x7d, 0x21, 0x85, 0x02, 0x7d, 0x21, 0x7d,
    0x21, 0x85, 0x22, 0x7d, 0x21, 0x85, 0x21, 0x85, 0x21, 0x85, 0x41, 0x8d,
    0xe2, 0x6c, 0xa3, 0x5c, 0xa4, 0x54, 0xe3, 0x6c, 0x41, 0x8d, 0x61, 0x8d,
    0x61, 0x95, 0x22, 0x7d, 0x02, 0x75, 0x61, 0x8d, 0x61, 0x95, 0x61, 0x95,
    0x61, 0x95, 0x61, 0x95, 0x81, 0x95, 0x61, 0x95, 0x82, 0x95, 0x61, 0x95,
    0x62, 0x9d, 0x81, 0x95, 0x81, 0x9d, 0x81, 0x9d, 0x81, 0x9d, 0x81, 0xa5,
    0xa2, 0xb5, 0xa2, 0xbd, 0xa2, 0xbd, 0xc1, 0xbd, 0xc2, 0xbd, 0xc2, 0xc5,
    0xc1, 0xc5, 0xc2, 0xc5, 0xc1, 0xc5, 0xe2, 0xc5, 0xe2, 0xc5, 0xe2, 0xc5,
    0xe2, 0xbd, 0xc2, 0xbd, 0xe2, 0xbd, 0xe2, 0xbd, 0xe2, 0xc5, 0xe2, 0xc5,
    0xe2, 0xc5, 0x02, 0xce, 0xe2, 0xc5, 0x02, 0xce, 0xe2, 0xcd, 0x02, 0xc6,
    0x02, 0xce, 0xe2, 0xcd, 0xe2, 0xcd, 0x02, 0xce, 0x02, 0xce, 0x01, 0xc6,
    0x02, 0xce, 0x01, 0xc6, 0x02, 0xce, 0x02, 0xc6, 0x02, 0xce, 0x02, 0xce,
    0x02, 0xce, 0x02, 0xce, 0x02, 0xce, 0x22, 0xce, 0x22, 0xd6, 0x02, 0xce,
    0x02, 0xce, 0x22, 0xce, 0x22, 0xce, 0x02, 0xce, 0x02, 0xce, 0x22, 0xce,
    0x02, 0xce, 0x02, 0xce, 0x02, 0xce, 0x02, 0xce, 0x02, 0xce, 0x22, 0xce,
    0x02, 0xce, 0x02, 0xce, 0x02, 0xce, 0x02, 0xce, 0x01, 0xc6, 0x01, 0xc6,
    0xe1, 0xbd, 0xe1, 0xbd, 0xe1, 0xb5, 0xe1, 0xb5, 0xc1, 0xad, 0xc1, 0xad,
    0xc1, 0xa5, 0xc1, 0xa5, 0xc1, 0xa5, 0xc1, 0xa5, 0xc1, 0xa5, 0xc1, 0xa5,
    0xc1, 0xa5, 0xc1, 0xa5, 0xa1, 0xa5, 0xa1, 0xa5, 0xa1, 0xa5, 0xa1, 0xa5,
    0xa1, 0xa5, 0xc1, 0xa5, 0xa1, 0xa5, 0xa1, 0xa5, 0xa1, 0x9d, 0xa1, 0x9d,
    0xa1, 0x9d, 0xa1, 0x9d, 0xa1, 0x9d, 0xa1, 0x9d, 0x81, 0x9d, 0x81, 0x9d,
    0xa1, 0x9d, 0x81, 0x9d, 0x81, 0x9d, 0x81, 0x95, 0x81, 0x95, 0x81, 0x95,
    0x81, 0x95, 0x81, 0x95, 0x81, 0x95, 0x61, 0x95, 0x61, 0x95, 0x61, 0x95,
    0x61, 0x8d, 0x81, 0x95, 0x61, 0x8d, 0x61, 0x8d, 0x61, 0x8d, 0x61, 0x8d,
    0x61, 0x8d, 0x61, 0x95, 0x81, 0x95, 0x42, 0x85, 0xa3, 0x4c, 0xa4, 0x4c,
    0x84, 0x4c, 0x84, 0x4c, 0x84, 0x44, 0x64, 0x3c, 0x64, 0x3c, 0x64, 0x3c,
    0x64, 0x3c, 0x64, 0x44, 0x44, 0x3c, 0x44, 0x3c, 0x64, 0x3c, 0x44, 0x44,
    0x64, 0x44, 0x44, 0x3c, 0x43, 0x3c, 0x44, 0x3c, 0x43, 0x3c, 0x64, 0x44,
    0x83, 0x54, 0xa2, 0x64, 0xc2, 0x6c, 0xc2, 0x6c, 0xc2, 0x6c, 0xe2, 0x74,
    0xe2, 0x6c, 0xc2, 0x6c, 0xc1, 0x6c, 0xc2, 0x64, 0xc2, 0x64, 0xc2, 0x6c,
    0x04, 0x3c, 0x03, 0x3c, 0x04, 0x3c, 0x04, 0x3c, 0x03, 0x3c, 0xe4, 0x3b,
    0xe4, 0x3b, 0xe3, 0x3b, 0x04, 0x3c, 0xe3, 0x33, 0xe4, 0x33, 0xc4, 0x33,
    0xe4, 0x3b, 0x04, 0x3c, 0x03, 0x3c, 0xe4, 0x3b, 0xe3, 0x3b, 0xe4, 0x33,
    0xc4, 0x2b, 0xc4, 0x33, 0xa4, 0x2b, 0xa4, 0x33, 0xc4, 0x33, 0xa4, 0x2b,
    0x84, 0x2b, 0xa4, 0x2b, 0xa4, 0x33, 0xa4, 0x2b, 0xe4, 0x33, 0xa4, 0x33,
    0xe4, 0x3b, 0xe4, 0x3b, 0x03, 0x3c, 0xe4, 0x3b, 0x04, 0x3c, 0x03, 0x44,
    0x03, 0x3c, 0xc4, 0x33, 0x63, 0x4c, 0x83, 0x54, 0x82, 0x54, 0xc4, 0x3b,
    0x04, 0x3c, 0x24, 0x44, 0x23, 0x44, 0x23, 0x44, 0x24, 0x44, 0x44, 0x44,
    0x23, 0x44, 0x43, 0x4c, 0x43, 0x44, 0x02, 0x7d, 0xe1, 0x74, 0xe2, 0x7c,
    0x02, 0x75, 0xe1, 0x7c, 0x02, 0x7d, 0x02, 0x7d, 0x01, 0x7d, 0x01, 0x7d,
    0x02, 0x7d, 0x02, 0x7d, 0x01, 0x7d, 0x02, 0x7d, 0x01, 0x7d, 0x22, 0x85,
    0x21, 0x85, 0x22, 0x85, 0x21, 0x85, 0x22, 0x7d, 0x41, 0x85, 0xe3, 0x64,
    0x84, 0x4c, 0x84, 0x4c, 0x84, 0x4c, 0xa3, 0x5c, 0x41, 0x8d, 0x22, 0x85,
    0xc3, 0x54, 0xa4, 0x4c, 0xa3, 0x54, 0xe3, 0x64, 0x61, 0x95, 0x61, 0x8d,
    0x62, 0x8d, 0x61, 0x8d, 0x61, 0x95, 0x62, 0x95, 0x61, 0x95, 0x61, 0x95,
    0x61, 0x95, 0x81, 0x9d, 0x61, 0x95, 0x61, 0x9d, 0x81, 0x9d, 0x81, 0x9d,
    0x81, 0x9d, 0x81, 0xad, 0xa2, 0xb5, 0xa1, 0xbd, 0xa1, 0xbd, 0xa2, 0xbd,
    0xc2, 0xbd, 0xc2, 0xc5, 0xc1, 0xbd, 0xc2, 0xc5, 0xc2, 0xc5, 0xe2, 0xc5,
    0xc1, 0xc5, 0xe2, 0xc5, 0xe2, 0xc5, 0xe2, 0xc5, 0xe2, 0xc5, 0xe2, 0xc5,
    0xe2, 0xc5, 0xe2, 0xc5, 0xe2, 0xc5, 0xe2, 0xc5, 0xe2, 0xc5, 0xe2, 0xcd,
    0x02, 0xce, 0x02, 0xc6, 0xe2, 0xcd, 0xe2, 0xc5, 0xe1, 0xc5, 0xe2, 0xcd,
    0x02, 0xce, 0xe2, 0xc5, 0x02, 0xce, 0xe1, 0xc5, 0x02, 0xce, 0x02, 0xce,
    0x02, 0xce, 0x02, 0xce, 0x02, 0xce, 0x02, 0xce, 0x02, 0xce, 0x02, 0xce,
    0x02, 0xce, 0x02, 0xce, 0x02, 0xce, 0x02, 0xce, 0x02, 0xce, 0x02, 0xce,
    0x02, 0xce, 0x02, 0xce, 0x02, 0xce, 0x02, 0xce, 0x02, 0xce, 0x02, 0xce,
    0x02, 0xce, 0x02, 0xc6, 0xe1, 0xbd, 0xe1, 0xb5, 0xe1, 0xad, 0xc1, 0xad,
    0xc1, 0xa5, 0xc1, 0xa5, 0xc1, 0xa5, 0xc1, 0xa5, 0xc1, 0xa5, 0xc1, 0xa5,
    0xc1, 0xa5, 0xc1, 0xa5, 0xc1, 0xa5, 0xc1, 0xa5, 0xc1, 0xa5, 0xc1, 0xa5,
    0xa1, 0xa5, 0xc1, 0xa5, 0xa1, 0x9d, 0xa1, 0x9d, 0xa1, 0xa5, 0xa1, 0x9d,
    0xa1, 0x9d, 0xa1, 0x9d, 0xa1, 0x9d, 0xa1, 0x9d, 0xa1, 0x9d, 0x81, 0x9d,
    0x81, 0x9d, 0x81, 0x9d, 0xa1, 0x9d, 0xa1, 0x9d, 0x81, 0x9d, 0x81, 0x9d,
    0xa1, 0x9d, 0x81, 0x95, 0x81, 0x95, 0x81, 0x9d, 0x81, 0x95, 0x81, 0x9d,
    0x81, 0x95, 0x81, 0x9d, 0x81, 0x95, 0x61, 0x95, 0x81, 0x95, 0x61, 0x95,
    0x61, 0x8d, 0x61, 0x95, 0x61, 0x8d, 0x61, 0x8d, 0x42, 0x85, 0xe3, 0x64,
    0xc3, 0x64, 0xc2, 0x64, 0xc3, 0x5c, 0xc3, 0x5c, 0xa3, 0x54, 0x83, 0x4c,
    0x83, 0x4c, 0x83, 0x4c, 0x83, 0x4c, 0x84, 0x44, 0x84, 0x44, 0x64, 0x44,
    0x64, 0x3c, 0x44, 0x3c, 0x44, 0x3c, 0x64, 0x44, 0x43, 0x44, 0x44, 0x3c,
    0x63, 0x44, 0x63, 0x44, 0x43, 0x44, 0x63, 0x44, 0x43, 0x44, 0x43, 0x44,
    0x43, 0x44, 0x43, 0x44, 0x43, 0x44, 0x63, 0x4c, 0x43, 0x4c, 0x42, 0x4c,
    0x62, 0x54, 0x82, 0x5c, 0xa2, 0x64, 0xc2, 0x64, 0xc2, 0x64, 0xa2, 0x64,
    0xc2, 0x64, 0xe3, 0x3b, 0x03, 0x3c, 0x04, 0x3c, 0xe4, 0x3b, 0xe4, 0x3b,
    0xe4, 0x3b, 0xe4, 0x33, 0x04, 0x3c, 0xe4, 0x3b, 0xe4, 0x33, 0xe4, 0x33,
    0xa4, 0x33, 0xe3, 0x3b, 0x04, 0x3c, 0xe3, 0x3b, 0xe4, 0x3b, 0xc4, 0x33,
    0xa4, 0x33, 0xa4, 0x2b, 0xa4, 0x2b, 0xa4, 0x2b, 0xa4, 0x33, 0xa4, 0x2b,
    0x84, 0x2b, 0x84, 0x2b, 0xa4, 0x33, 0xa4, 0x33, 0xc4, 0x33, 0xc4, 0x33,
    0xe3, 0x3b, 0xe3, 0x3b, 0xe4, 0x3b, 0xe4, 0x3b, 0x03, 0x3c, 0x04, 0x3c,
    0x04, 0x3c, 0xe4, 0x3b, 0x82, 0x54, 0x43, 0x4c, 0xe4, 0x3b, 0x24, 0x3c,
    0x23, 0x44, 0x23, 0x44, 0x24, 0x44, 0x23, 0x44, 0x23, 0x44, 0x23, 0x44,
    0x43, 0x44, 0x24, 0x44, 0xc2, 0x6c, 0xe2, 0x74, 0xe2, 0x74, 0xe1, 0x74,
    0xe1, 0x74, 0x02, 0x75, 0x01, 0x7d, 0xe2, 0x74, 0xe2, 0x7c, 0x01, 0x7d,
    0x02, 0x7d, 0x01, 0x7d, 0x02, 0x7d, 0x02, 0x7d, 0x01, 0x7d, 0x01, 0x7d,
    0x02, 0x7d, 0x21, 0x7d, 0x22, 0x85, 0x22, 0x85, 0x02, 0x7d, 0x84, 0x44,
    0x84, 0x44, 0x84, 0x44, 0x83, 0x44, 0xc3, 0x5c, 0x42, 0x85, 0xa4, 0x4c,
    0x84, 0x4c, 0xa4, 0x4c, 0xa3, 0x54, 0xc3, 0x5c, 0x61, 0x8d, 0x61, 0x8d,
    0x62, 0x95, 0x41, 0x8d, 0x61, 0x95, 0x61, 0x95, 0x61, 0x95, 0x61, 0x95,
    0x61, 0x95, 0x61, 0x95, 0x62, 0x95, 0x82, 0x95, 0x61, 0x9d, 0x81, 0x95,
    0x81, 0x9d, 0x61, 0x95, 0x81, 0x9d, 0x81, 0xa5, 0xa2, 0xb5, 0xa2, 0xbd,
    0xc1, 0xbd, 0xc2, 0xbd, 0xc2, 0xbd, 0xc1, 0xc5, 0xc2, 0xc5, 0xc2, 0xc5,
    0xc2, 0xc5, 0xc2, 0xc5, 0xc2, 0xc5, 0xc2, 0xc5, 0xc2, 0xcd, 0xe2, 0xc5,
    0xe1, 0xc5, 0xe2, 0xcd, 0xe2, 0xcd, 0xe2, 0xc5, 0xe2, 0xc5, 0xe2, 0xcd,
    0xe2, 0xc5, 0xe1, 0xcd, 0xe2, 0xc5, 0x02, 0xce, 0x02, 0xce, 0xe2, 0xcd,
    0xe2, 0xcd, 0x02, 0xce, 0xe1, 0xc5, 0xe2, 0xcd, 0x02, 0xc6, 0xe2, 0xc5,
    0xe1, 0xc5, 0x02, 0xce, 0x02, 0xce, 0x02, 0xce, 0x02, 0xce, 0x02, 0xce,
    0x02, 0xce, 0x02, 0xce, 0x02, 0xce, 0x02, 0xce, 0x02, 0xce, 0x02, 0xce,
    0x02, 0xce, 0x02, 0xce, 0x02, 0xce, 0x02, 0xce, 0x02, 0xc6, 0x02, 0xce,
    0xe1, 0xbd, 0xc1, 0xad, 0xc1, 0xad, 0xc1, 0xa5, 0xc1, 0xad, 0xc1, 0xad,
    0xc1, 0xa5, 0xc1, 0xa5, 0xc1, 0xa5, 0xa1, 0xa5, 0xc1, 0xa5, 0xa1, 0xa5,
    0xa1, 0xa5, 0xc1, 0xa5, 0xc1, 0xa5, 0xa1, 0xa5, 0xa1, 0xa5, 0xa1, 0xa5,
    0xa1, 0x9d, 0xa1, 0xa5, 0xa1, 0xa5, 0xa1, 0x9d, 0xa1, 0xa5, 0xa1, 0x9d,
    0xa1, 0x9d, 0xa1, 0x9d, 0xa1, 0x9d, 0xa1, 0x9d, 0xa1, 0x9d, 0xa1, 0x9d,
    0x81, 0x9d, 0x81, 0x9d, 0x81, 0x9d, 0x81, 0x95, 0x81, 0x9d, 0x81, 0x9d,
    0x81, 0x95, 0x81, 0x9d, 0x81, 0x9d, 0x81, 0x95, 0x81, 0x9d, 0x81, 0x9d,
    0x81, 0x95, 0x81, 0x95, 0x61, 0x95, 0x81, 0x95, 0x81, 0x95, 0x81, 0x95,
    0x61, 0x95, 0x61, 0x8d, 0x61, 0x8d, 0x61, 0x8d, 0x61, 0x8d, 0x22, 0x75,
    0x02, 0x6d, 0x02, 0x75, 0x02, 0x75, 0xe2, 0x64, 0xe2, 0x64, 0xe3, 0x5c,
    0xc2, 0x5c, 0xc2, 0x5c, 0xc2, 0x5c, 0xe2, 0x5c, 0xc2, 0x64, 0xc2, 0x5c,
    0xc2, 0x64, 0xc3, 0x64, 0xc2, 0x64, 0xa2, 0x5c, 0xc3, 0x5c, 0xc2, 0x5c,
    0xa3, 0x5c, 0xa3, 0x5c, 0xc2, 0x5c, 0xa2, 0x5c, 0xa3, 0x5c, 0xa2, 0x5c,
    0xc2, 0x64, 0xa2, 0x5c, 0xa2, 0x64, 0xa2, 0x64, 0xa2, 0x5c, 0x82, 0x54,
    0x82, 0x54, 0x82, 0x5c, 0xa2, 0x64, 0xa2, 0x64, 0xc2, 0x64, 0xa2, 0x64,
    0xa2, 0x64, 0x83, 0x54, 0xe4, 0x3b, 0x03, 0x3c, 0x03, 0x3c, 0xe3, 0x3b,
    0xe4, 0x33, 0xe4, 0x3b, 0xe3, 0x3b, 0xe4, 0x3b, 0xe3, 0x33, 0xe4, 0x33,
    0xc4, 0x33, 0xa4, 0x33, 0xe4, 0x3b, 0xe3, 0x33, 0xe4, 0x3b, 0xc3, 0x33,
    0xc3, 0x33, 0xa4, 0x33, 0xa4, 0x33, 0xa4, 0x2b, 0xa4, 0x33, 0xa4, 0x2b,
    0x84, 0x2b, 0x84, 0x2b, 0x84, 0x33, 0xa4, 0x33, 0xa4, 0x33, 0xc4, 0x33,
    0xe4, 0x33, 0xe3, 0x3b, 0xe4, 0x3b, 0xe3, 0x3b, 0x03, 0x3c, 0xe4, 0x3b,
    0xc4, 0x33, 0x43, 0x44, 0x43, 0x4c, 0xe4, 0x33, 0x03, 0x3c, 0x03, 0x3c,
    0x04, 0x44, 0x04, 0x3c, 0x23, 0x44, 0x24, 0x44, 0x23, 0x44, 0x23, 0x44,
    0x24, 0x44, 0x83, 0x54, 0xe2, 0x74, 0xe2, 0x74, 0xe2, 0x74, 0xe1, 0x74,
    0xe2, 0x74, 0xe1, 0x74, 0xe2, 0x74, 0xe1, 0x74, 0x01, 0x7d, 0xe2, 0x74,
    0xe2, 0x74, 0x01, 0x7d, 0x01, 0x7d, 0x02, 0x7d, 0x02, 0x7d, 0x01, 0x7d,
    0xe2, 0x74, 0x02, 0x7d, 0x21, 0x85, 0x41, 0x85, 0xc3, 0x5c, 0x64, 0x44,
    0x84, 0x44, 0x84, 0x4c, 0x83, 0x4c, 0x02, 0x75, 0xa3, 0x54, 0x83, 0x4c,
    0xa4, 0x4c, 0x83, 0x4c, 0xa3, 0x4c, 0x03, 0x75, 0x61, 0x8d, 0x41, 0x8d,
    0x41, 0x8d, 0x61, 0x95, 0x62, 0x8d, 0x61, 0x8d, 0x61, 0x95, 0x62, 0x95,
    0x61, 0x95, 0x61, 0x95, 0x61, 0x95, 0x61, 0x95, 0x61, 0x95, 0x81, 0x95,
    0x62, 0x9d, 0x81, 0x9d, 0x82, 0x9d, 0x81, 0x95, 0x81, 0x9d, 0x81, 0xa5,
    0xa1, 0xad, 0xa2, 0xbd, 0xa1, 0xbd, 0xc2, 0xbd, 0xc1, 0xbd, 0xc2, 0xc5,
    0xc2, 0xc5, 0xc1, 0xc5, 0xc1, 0xc5, 0xe2, 0xc5, 0xc1, 0xc5, 0xe2, 0xc5,
    0xc2, 0xc5, 0xc1, 0xc5, 0xe2, 0xc5, 0xe2, 0xcd, 0xe1, 0xc5, 0xe2, 0xc5,
    0xe2, 0xc5, 0xe2, 0xcd, 0xe1, 0xc5, 0xe2, 0xc5, 0xe2, 0xcd, 0x02, 0xce,
    0x02, 0xc6, 0xe2, 0xcd, 0x02, 0xc6, 0x02, 0xce, 0xe2, 0xcd, 0xe1, 0xc5,
    0x02, 0xce, 0x02, 0xc6, 0xe2, 0xcd, 0x02, 0xce, 0x02, 0xce, 0x02, 0xce,
    0x02, 0xce, 0x02, 0xce, 0x02, 0xce, 0x02, 0xce, 0x02, 0xce, 0x02, 0xce,
    0x02, 0xc6, 0x02, 0xc6, 0x02, 0xc6, 0xe2, 0xcd, 0xe2, 0xc5, 0x02, 0xc6,
    0xc1, 0xad, 0xc1, 0xa5, 0xc1, 0xad, 0xc1, 0xa5, 0xc2, 0xa5, 0xc1, 0xa5,
    0xc1, 0xad, 0xc1, 0xa5, 0xc1, 0xa5, 0xc2, 0xa5, 0xa1, 0xa5, 0xa1, 0x9d,
    0xc1, 0xa5, 0xa1, 0xa5, 0xc1, 0xa5, 0xa1, 0xa5, 0xa1, 0xa5, 0xa1, 0xa5,
    0xa1, 0xa5, 0xa1, 0xa5, 0xa1, 0xa5, 0xc1, 0xa5, 0xa1, 0xa5, 0xa1, 0xa5,
    0xa1, 0xa5, 0xa1, 0x9d, 0xa1, 0xa5, 0xa1, 0x9d, 0x81, 0x9d, 0xa1, 0x9d,
    0xa1, 0x9d, 0x81, 0x9d, 0x81, 0x9d, 0xa1, 0x9d, 0x81, 0x95, 0x81, 0x9d,
    0x81, 0x95, 0x81, 0x95, 0x81, 0x95, 0x81, 0x95, 0x81, 0x95, 0x81, 0x95,
    0x81, 0x95, 0x61, 0x95, 0x81, 0x9d, 0x61, 0x95, 0x61, 0x95, 0x61, 0x95,
    0x61, 0x95, 0x61, 0x8d, 0x61, 0x8d, 0x41, 0x8d, 0x41, 0x8d, 0x41, 0x85,
    0x41, 0x85, 0x41, 0x7d, 0x21, 0x7d, 0x22, 0x7d, 0x22, 0x7d, 0x02, 0x75,
    0x02, 0x75, 0x02, 0x75, 0x02, 0x75, 0x02, 0x75, 0x22, 0x75, 0x02, 0x75,
    0x02, 0x75, 0x02, 0x75, 0x02, 0x75, 0xe2, 0x6c, 0x02, 0x6d, 0xe2, 0x6c,
    0xe1, 0x74, 0xe2, 0x6c, 0xe2, 0x74, 0xe2, 0x6c, 0xe2, 0x74, 0xe2, 0x6c,
    0xc2, 0x6c, 0xe2, 0x6c, 0xc2, 0x6c, 0xc2, 0x6c, 0xc2, 0x64, 0xc2, 0x64,
    0xc2, 0x64, 0xa2, 0x64, 0xc2, 0x64, 0xa2, 0x64, 0xa2, 0x64, 0xa2, 0x64,
    0xa2, 0x5c, 0xa2, 0x5c, 0x63, 0x54, 0xe4, 0x33, 0x04, 0x3c, 0x04, 0x3c,
    0xe4, 0x33, 0xe3, 0x33, 0xe4, 0x33, 0xe4, 0x33, 0xc3, 0x33, 0xe4, 0x3b,
    0xc3, 0x33, 0xa4, 0x2b, 0xc4, 0x33, 0xe3, 0x33, 0xe4, 0x3b, 0xc4, 0x33,
    0xc4, 0x33, 0xa4, 0x33, 0xa4, 0x2b, 0xa4, 0x33, 0xa4, 0x2b, 0xa4, 0x2b,
    0x84, 0x2b, 0x84, 0x2b, 0xa4, 0x2b, 0xa4, 0x2b, 0xa4, 0x33, 0xc4, 0x33,
    0xc4, 0x33, 0xe4, 0x3b, 0xe4, 0x3b, 0xe4, 0x3b, 0xe4, 0x3b, 0xe3, 0x3b,
    0xc4, 0x33, 0x62, 0x4c, 0xc4, 0x33, 0xe4, 0x3b, 0x04, 0x3c, 0x03, 0x3c,
    0x04, 0x3c, 0x03, 0x3c, 0x04, 0x3c, 0x03, 0x44, 0x24, 0x44, 0x23, 0x44,
    0x43, 0x4c, 0xe2, 0x6c, 0xc2, 0x6c, 0xe1, 0x74, 0xe2, 0x74, 0xe2, 0x74,
    0xc2, 0x74, 0xe2, 0x74, 0xe1, 0x74, 0xe2, 0x74, 0xe1, 0x74, 0x02, 0x75,
    0x02, 0x75, 0xe1, 0x7c, 0x01, 0x75, 0x02, 0x7d, 0x01, 0x7d, 0x64, 0x4c,
    0x44, 0x3c, 0x44, 0x44, 0x83, 0x54, 0x02, 0x75, 0x63, 0x44, 0x84, 0x44,
    0x64, 0x44, 0x64, 0x44, 0x84, 0x4c, 0xc3, 0x54, 0x84, 0x44, 0x84, 0x4c,
    0xa4, 0x4c, 0x83, 0x4c, 0xa3, 0x54, 0x42, 0x85, 0x42, 0x8d, 0x41, 0x8d,
    0x42, 0x8d, 0x61, 0x8d, 0x41, 0x8d, 0x41, 0x95, 0x41, 0x8d, 0x61, 0x8d,
    0x61, 0x95, 0x61, 0x95, 0x61, 0x95, 0x61, 0x95, 0x62, 0x95, 0x61, 0x95,
    0x81, 0x95, 0x61, 0x95, 0x81, 0x95, 0x61, 0x9d, 0x82, 0x95, 0x81, 0x9d,
    0x81, 0x9d, 0x81, 0x9d, 0x81, 0xad, 0xa1, 0xb5, 0xa2, 0xbd, 0xa1, 0xbd,
    0xc1, 0xbd, 0xc2, 0xc5, 0xc2, 0xc5, 0xc2, 0xc5, 0xe2, 0xc5, 0xc2, 0xc5,
    0xe2, 0xc5, 0xc2, 0xc5, 0xe2, 0xc5, 0xe2, 0xc5, 0xe2, 0xcd, 0xe1, 0xc5,
    0xe2, 0xc5, 0xe2, 0xcd, 0xe2, 0xc5, 0xe1, 0xcd, 0xe2, 0xc5, 0xe2, 0xc5,
    0xe1, 0xc5, 0x02, 0xc6, 0xe2, 0xcd, 0x01, 0xc6, 0xe2, 0xcd, 0xe2, 0xc5,
    0xe2, 0xc5, 0xe2, 0xc5, 0x02, 0xc6, 0xe2, 0xcd, 0xe2, 0xc5, 0x02, 0xce,
    0x02, 0xce, 0x02, 0xc6, 0x02, 0xce, 0xe2, 0xc5, 0x02, 0xce, 0xe2, 0xc5,
    0x02, 0xce, 0x01, 0xce, 0xe2, 0xc5, 0x01, 0xc6, 0xe2, 0xcd, 0xe1, 0xbd,
    0xc1, 0xad, 0xc1, 0xa5, 0xc1, 0xa5, 0xa1, 0xad, 0xc1, 0xa5, 0xc1, 0xa5,
    0xc1, 0xad, 0xc1, 0xa5, 0xa1, 0xa5, 0xa1, 0xa5, 0xc1, 0xa5, 0xc1, 0xa5,
    0xa1, 0xa5, 0xc1, 0xa5, 0xc1, 0xa5, 0xa1, 0xa5, 0xa1, 0xa5, 0xc1, 0xa5,
    0xa1, 0x9d, 0xa1, 0x9d, 0xa1, 0xa5, 0xa1, 0x9d, 0xa1, 0x9d, 0xa1, 0xa5,
    0xa1, 0x9d, 0xa1, 0xa5, 0xa1, 0xa5, 0xa1, 0x9d, 0xa1, 0xa5, 0x81, 0x9d,
    0x81, 0x9d, 0xa1, 0x9d, 0x81, 0x9d, 0x81, 0x9d, 0x81, 0x9d, 0x81, 0x9d,
    0x81, 0x9d, 0x81, 0x9d, 0x81, 0x9d, 0x81, 0x95, 0x81, 0x95, 0x81, 0x9d,
    0x81, 0x95, 0x81, 0x95, 0x61, 0x95, 0x81, 0x95, 0x81, 0x95, 0x81, 0x9d,
    0x61, 0x95, 0x61, 0x8d, 0x61, 0x8d, 0x41, 0x8d, 0x41, 0x85, 0x41, 0x85,
    0x41, 0x85, 0x41, 0x85, 0x21, 0x85, 0x21, 0x7d, 0x41, 0x7d, 0x21, 0x7d,
    0x41, 0x7d, 0x21, 0x7d, 0x21, 0x7d, 0x21, 0x7d, 0x21, 0x85, 0x21, 0x7d,
    0x22, 0x7d, 0x21, 0x7d, 0x21, 0x7d, 0x01, 0x7d, 0x01, 0x75, 0x01, 0x75,
    0xe2, 0x74, 0xe1, 0x74, 0x01, 0x75, 0xe1, 0x74, 0xe1, 0x74, 0xe2, 0x74,
    0xe2, 0x74, 0xe1, 0x74, 0xe2, 0x6c, 0xe2, 0x6c, 0xc2, 0x6c, 0xc2, 0x6c,
    0xc2, 0x6c, 0xc2, 0x64, 0xa2, 0x64, 0xa2, 0x64, 0xa2, 0x64, 0xa2, 0x5c,
    0xa2, 0x5c, 0xa2, 0x5c, 0xa2, 0x5c, 0x63, 0x4c, 0xc4, 0x33, 0xe3, 0x3b,
    0xe4, 0x3b, 0xc4, 0x33, 0xc4, 0x33, 0xc4, 0x3b, 0xc4, 0x33, 0xc4, 0x33,
    0xc4, 0x33, 0xc4, 0x33, 0xa4, 0x2b, 0xc4, 0x33, 0xc3, 0x33, 0xc4, 0x33,
    0xc4, 0x33, 0xc3, 0x33, 0xa4, 0x2b, 0xa4, 0x2b, 0xa4, 0x2b, 0xa4, 0x2b,
    0x84, 0x2b, 0x84, 0x2b, 0x84, 0x2b, 0xa4, 0x33, 0xa4, 0x33, 0xa4, 0x33,
    0xc3, 0x33, 0xe3, 0x33, 0xe4, 0x3b, 0xe4, 0x33, 0xe3, 0x3b, 0xc4, 0x33,
    0x03, 0x3c, 0xa4, 0x33, 0xe4, 0x3b, 0xe4, 0x3b, 0x04, 0x3c, 0x04, 0x3c,
    0x03, 0x44, 0x03, 0x3c, 0x04, 0x3c, 0x04, 0x3c, 0x04, 0x3c, 0x63, 0x54,
    0xc2, 0x6c, 0xc2, 0x6c, 0xc2, 0x6c, 0xc2, 0x6c, 0xc2, 0x6c, 0xc2, 0x6c,
    0xc1, 0x74, 0xe2, 0x74, 0xe2, 0x74, 0xe1, 0x74, 0xe2, 0x74, 0xe2, 0x74,
    0xe2, 0x74, 0xe2, 0x74, 0xe2, 0x74, 0xe2, 0x74, 0xe2, 0x74, 0x44, 0x44,
    0x44, 0x44, 0x44, 0x3c, 0x64, 0x44, 0x44, 0x3c, 0x64, 0x44, 0x64, 0x44,
    0x64, 0x44, 0x64, 0x44, 0x64, 0x44, 0x84, 0x44, 0x84, 0x44, 0x84, 0x44,
    0x84, 0x44, 0x84, 0x44, 0xc3, 0x5c, 0x42, 0x85, 0x02, 0x6d, 0xa3, 0x54,
    0xa4, 0x54, 0xa3, 0x4c, 0xa3, 0x54, 0xe3, 0x64, 0x42, 0x8d, 0x41, 0x95,
    0x61, 0x95, 0x62, 0x95, 0x61, 0x95, 0x61, 0x95, 0x61, 0x95, 0x61, 0x95,
    0x61, 0x95, 0x61, 0x95, 0x61, 0x95, 0x61, 0x95, 0x81, 0x95, 0x81, 0x95,
    0x81, 0x95, 0x82, 0x9d, 0x81, 0x9d, 0x81, 0x9d, 0xa1, 0xad, 0xa2, 0xbd,
    0xa2, 0xc5, 0xc2, 0xbd, 0xc2, 0xc5, 0xc1, 0xc5, 0xc1, 0xc5, 0xc2, 0xc5,
    0xc2, 0xc5, 0xe1, 0xcd, 0xc2, 0xc5, 0xc2, 0xc5, 0xe2, 0xc5, 0xe2, 0xc5,
    0xe1, 0xc5, 0xc2, 0xc5, 0xe2, 0xcd, 0xe2, 0xc5, 0xe1, 0xc5, 0xe2, 0xc5,
    0xe2, 0xc5, 0xe1, 0xcd, 0xe2, 0xcd, 0xe2, 0xc5, 0xe2, 0xc5, 0xe2, 0xc5,
    0xe2, 0xc5, 0xe1, 0xcd, 0xe2, 0xc5, 0xe2, 0xc5, 0xe2, 0xc5, 0xe2, 0xcd,
    0xe2, 0xc5, 0x02, 0xce, 0x02, 0xce, 0xe2, 0xcd, 0xe1, 0xc5, 0x02, 0xce,
    0xe2, 0xcd, 0xe2, 0xcd, 0xe1, 0xc5, 0xe2, 0xc5, 0xe2, 0xc5, 0xe1, 0xc5,
    0xe1, 0xbd, 0xc1, 0xad, 0xc1, 0xad, 0xc1, 0xad, 0xc1, 0xad, 0xc1, 0xa5,
    0xa1, 0xa5, 0xa1, 0xa5, 0xa1, 0xa5, 0xc1, 0xa5, 0xc1, 0xa5, 0xa1, 0xa5,
    0xc1, 0xa5, 0xa1, 0xa5, 0xa1, 0xa5, 0xc1, 0xa5, 0xa1, 0x9d, 0xa1, 0xa5,
    0xa1, 0xa5, 0xa1, 0x9d, 0xa1, 0xa5, 0xa1, 0xa5, 0xa1, 0xa5, 0xa1, 0xa5,
    0xa1, 0xa5, 0xa1, 0xa5, 0xa1, 0xa5, 0xa1, 0x9d, 0xa1, 0xa5, 0x81, 0x9d,
    0x81, 0x9d, 0xa1, 0x9d, 0x81, 0x9d, 0x81, 0x9d, 0x81, 0x9d, 0x81, 0x95,
    0x81, 0x9d, 0x81, 0x9d, 0x81, 0x95, 0x81, 0x9d, 0x61, 0x95, 0x81, 0x95,
    0x81, 0x95, 0x81, 0x9d, 0x61, 0x95, 0x81, 0x95, 0x61, 0x95, 0x61, 0x95,
    0x61, 0x95, 0x61, 0x8d, 0x61, 0x8d, 0x61, 0x8d, 0x41, 0x8d, 0x41, 0x85,
    0x41, 0x8d, 0x41, 0x85, 0x41, 0x85, 0x41, 0x85, 0x21, 0x85, 0x41, 0x85,
    0x41, 0x85, 0x21, 0x85, 0x22, 0x85, 0x21, 0x7d, 0x21, 0x7d, 0x22, 0x7d,
    0x01, 0x7d, 0x01, 0x7d, 0x01, 0x7d, 0x02, 0x7d, 0x01, 0x7d, 0x01, 0x7d,
    0x02, 0x7d, 0xe1, 0x7c, 0x01, 0x7d, 0xe2, 0x74, 0x01, 0x75, 0xe1, 0x7c,
    0xe2, 0x74, 0x01, 0x7d, 0xe1, 0x74, 0xe1, 0x74, 0xe1, 0x74, 0xc2, 0x6c,
    0xc2, 0x6c, 0xc2, 0x64, 0xc2, 0x64, 0xa2, 0x64, 0xa2, 0x64, 0xa2, 0x5c,
    0xa2, 0x5c, 0x82, 0x5c, 0x82, 0x5c, 0x82, 0x5c, 0x23, 0x44, 0xc4, 0x33,
    0xe3, 0x3b, 0xe3, 0x33, 0xc4, 0x33, 0xe4, 0x3b, 0xc3, 0x33, 0xc4, 0x33,
    0xc4, 0x33, 0xc3, 0x33, 0xa4, 0x33, 0xa4, 0x33, 0xc3, 0x33, 0xc4, 0x33,
    0xc4, 0x33, 0xc3, 0x33, 0xa4, 0x33, 0x84, 0x2b, 0x84, 0x2b, 0x84, 0x33,
    0x64, 0x2b, 0x84, 0x2b, 0x84, 0x2b, 0x84, 0x33, 0xa4, 0x33, 0xc4, 0x33,
    0xc4, 0x33, 0xc4, 0x3b, 0xc3, 0x33, 0xe4, 0x3b, 0xc4, 0x33, 0xa4, 0x33,
    0xa4, 0x33, 0xe4, 0x33, 0xe4, 0x3b, 0xe3, 0x3b, 0xe3, 0x3b, 0xe4, 0x3b,
    0x04, 0x3c, 0x04, 0x3c, 0x03, 0x3c, 0x04, 0x3c, 0x43, 0x4c, 0xc2, 0x6c,
    0xc2, 0x6c, 0xc2, 0x64, 0xc2, 0x6c, 0xc1, 0x6c, 0xc2, 0x6c, 0xc2, 0x6c,
    0xc1, 0x6c, 0xc2, 0x74, 0xe2, 0x74, 0xe2, 0x74, 0xc1, 0x74, 0xe1, 0x74,
    0xe2, 0x74, 0xe1, 0x74, 0xe1, 0x74, 0xe2, 0x74, 0xe2, 0x74, 0x63, 0x44,
    0x44, 0x3c, 0x64, 0x3c, 0x64, 0x44, 0x44, 0x3c, 0x44, 0x3c, 0x64, 0x44,
    0x64, 0x44, 0x84, 0x44, 0x84, 0x44, 0x84, 0x44, 0x63, 0x44, 0x84, 0x44,
    0x84, 0x44, 0x64, 0x44, 0xa3, 0x54, 0xa4, 0x4c, 0xa3, 0x4c, 0x84, 0x4c,
    0xa4, 0x4c, 0x84, 0x54, 0xa3, 0x4c, 0xc4, 0x54, 0xa3, 0x5c, 0x61, 0x8d,
    0x61, 0x8d, 0x41, 0x95, 0x61, 0x95, 0x61, 0x95, 0x61, 0x95, 0x61, 0x95,
    0x62, 0x95, 0x61, 0x95, 0x62, 0x95, 0x61, 0x95, 0x61, 0x95, 0x61, 0x9d,
    0x82, 0x95, 0x61, 0x95, 0x61, 0x95, 0x81, 0x9d, 0x81, 0xad, 0xa2, 0xb5,
    0xa2, 0xbd, 0xc1, 0xc5, 0xc2, 0xc5, 0xc2, 0xc5, 0xc2, 0xc5, 0xc2, 0xc5,
    0xc1, 0xc5, 0xc2, 0xc5, 0xc1, 0xc5, 0xc2, 0xc5, 0xe2, 0xc5, 0xc1, 0xc5,
    0xc2, 0xc5, 0xc2, 0xc5, 0xe1, 0xc5, 0xe2, 0xc5, 0xe2, 0xc5, 0xe2, 0xcd,
    0xe2, 0xc5, 0xe1, 0xc5, 0xe2, 0xc5, 0xe2, 0xc5, 0xe1, 0xc5, 0xe1, 0xcd,
    0xe2, 0xcd, 0xe2, 0xc5, 0xe1, 0xcd, 0xe2, 0xcd, 0xe1, 0xc5, 0x02, 0xce,
    0xe2, 0xc5, 0xe1, 0xcd, 0xe2, 0xc5, 0xe2, 0xc5, 0x02, 0xce, 0xe1, 0xc5,
    0xe2, 0xcd, 0xe2, 0xcd, 0x01, 0xc6, 0x02, 0xce, 0xe2, 0xc5, 0xe2, 0xc5,
    0xc2, 0xc5, 0xe2, 0xc5, 0xe2, 0xc5, 0xe2, 0xc5, 0xc2, 0xc5, 0xe2, 0xc5,
    0xc2, 0xbd, 0xe1, 0xc5, 0xe2, 0xbd, 0xc1, 0xbd, 0xc1, 0xbd, 0xc2, 0xb5,
    0xc1, 0xb5, 0xc2, 0xb5, 0xc1, 0xb5, 0xc1, 0xad, 0xc2, 0xad, 0xa1, 0xad,
    0xa1, 0xad, 0xa1, 0xad, 0xa1, 0xad, 0xa1, 0xa5, 0xa1, 0xad, 0xa1, 0xa5,
    0xa1, 0xa5, 0xa1, 0xa5, 0x81, 0xa5, 0xa1, 0xa5, 0x81, 0x9d, 0xa1, 0xa5,
    0x81, 0x9d, 0x81, 0x9d, 0x81, 0x9d, 0x81, 0x9d, 0x81, 0x9d, 0x81, 0x95,
    0x81, 0x9d, 0x81, 0x95, 0x61, 0x95, 0x81, 0x95, 0x81, 0x95, 0x61, 0x95,
    0x61, 0x95, 0x61, 0x95, 0x61, 0x95, 0x61, 0x8d, 0x61, 0x8d, 0x61, 0x8d,
    0x61, 0x95, 0x61, 0x8d, 0x41, 0x8d, 0x41, 0x8d, 0x42, 0x8d, 0x41, 0x85,
    0x41, 0x85, 0x41, 0x85, 0x41, 0x85, 0x21, 0x85, 0x22, 0x85, 0x21, 0x85,
    0x41, 0x85, 0x22, 0x7d, 0x21, 0x85, 0x22, 0x7d, 0x22, 0x7d, 0x01, 0x7d,
    0x01, 0x7d, 0x02, 0x7d, 0x02, 0x7d, 0x01, 0x7d, 0x01, 0x7d, 0x02, 0x7d,
    0xe2, 0x7c, 0x02, 0x75, 0x02, 0x75, 0xe1, 0x7c, 0xe1, 0x74, 0xe1, 0x74,
    0x82, 0x5c, 0x03, 0x44, 0xe4, 0x43, 0xe3, 0x3b, 0xe4, 0x3b, 0x03, 0x44,
    0x42, 0x4c, 0xa2, 0x64, 0xc2, 0x64, 0xc2, 0x64, 0xa2, 0x5c, 0xa2, 0x5c,
    0x82, 0x5c, 0x82, 0x5c, 0x82, 0x5c, 0x82, 0x54, 0xa2, 0x54, 0x03, 0x3c,
    0xc4, 0x33, 0xe4, 0x3b, 0xc3, 0x33, 0xc4, 0x33, 0xc4, 0x33, 0xc4, 0x33,
    0xc4, 0x33, 0xa4, 0x33, 0xa4, 0x33, 0xa4, 0x2b, 0xa4, 0x33, 0xc4, 0x33,
    0xa4, 0x33, 0xa4, 0x33, 0xa4, 0x33, 0x84, 0x2b, 0x84, 0x2b, 0x84, 0x2b,
    0x64, 0x2b, 0x84, 0x2b, 0x84, 0x2b, 0x84, 0x33, 0xa4, 0x33, 0xc4, 0x33,
    0xa4, 0x33, 0xc4, 0x3b, 0xe3, 0x33, 0xc4, 0x33, 0xa4, 0x33, 0xa4, 0x33,
    0xc4, 0x33, 0xe4, 0x3b, 0xe4, 0x33, 0xe4, 0x33, 0xe3, 0x3b, 0xe4, 0x3b,
    0x04, 0x3c, 0xe3, 0x3b, 0xe4, 0x3b, 0x03, 0x44, 0xc2, 0x64, 0xa2, 0x64,
    0xa2, 0x64, 0xa2, 0x64, 0xc2, 0x6c, 0xc2, 0x6c, 0xc2, 0x6c, 0xc2, 0x6c,
    0xc2, 0x6c, 0xc2, 0x6c, 0xc2, 0x6c, 0xc1, 0x6c, 0xc2, 0x6c, 0xc2, 0x74,
    0xc2, 0x74, 0xe2, 0x74, 0xc2, 0x74, 0xe2, 0x74, 0xe2, 0x6c, 0x83, 0x54,
    0x44, 0x3c, 0x44, 0x44, 0x64, 0x44, 0x44, 0x3c, 0x64, 0x3c, 0x64, 0x44,
    0x64, 0x44, 0x64, 0x44, 0x64, 0x44, 0x64, 0x44, 0x63, 0x44, 0x84, 0x44,
    0x64, 0x44, 0x64, 0x44, 0x84, 0x4c, 0xa4, 0x4c, 0x84, 0x4c, 0x83, 0x4c,
    0xa3, 0x4c, 0x83, 0x4c, 0xa4, 0x54, 0xa3, 0x4c, 0xc3, 0x64, 0x41, 0x8d,
    0x41, 0x8d, 0x41, 0x95, 0x41, 0x95, 0x61, 0x8d, 0x61, 0x95, 0x41, 0x95,
    0x61, 0x95, 0x61, 0x95, 0x61, 0x95, 0x61, 0x95, 0x61, 0x95, 0x61, 0x95,
    0x81, 0x9d, 0x61, 0x95, 0x61, 0x9d, 0x81, 0xad, 0xa2, 0xb5, 0xa1, 0xbd,
    0xa2, 0xbd, 0xc1, 0xbd, 0xa2, 0xc5, 0xc1, 0xbd, 0xc2, 0xc5, 0xc1, 0xc5,
    0xc2, 0xc5, 0xc2, 0xc5, 0xc1, 0xc5, 0xc1, 0xc5, 0xe2, 0xc5, 0xe2, 0xc5,
    0xc2, 0xc5, 0xe1, 0xc5, 0xe2, 0xbd, 0xc1, 0xbd, 0xc1, 0xbd, 0xc1, 0xb5,
    0xc1, 0xb5, 0xc1, 0xbd, 0xe2, 0xc5, 0xc2, 0xc5, 0xe2, 0xc5, 0xe1, 0xcd,
    0xe2, 0xc5, 0xe2, 0xc5, 0xe2, 0xcd, 0xe2, 0xc5, 0xe1, 0xc5, 0xe2, 0xc5,
    0xe2, 0xcd, 0x01, 0xc6, 0xe2, 0xcd, 0xe2, 0xcd, 0xe2, 0xc5, 0x02, 0xce,
    0xe1, 0xc5, 0xe2, 0xc5, 0xe2, 0xcd, 0xe2, 0xcd, 0xe2, 0xc5, 0xe1, 0xc5,
    0xe2, 0xc5, 0xe2, 0xc5, 0xe2, 0xc5, 0xc2, 0xc5, 0xc1, 0xc5, 0xe2, 0xc5,
    0xe2, 0xc5, 0xe2, 0xc5, 0xc2, 0xc5, 0xc2, 0xc5, 0xe2, 0xc5, 0xc2, 0xc5,
    0xc2, 0xc5, 0xe2, 0xc5, 0xc2, 0xc5, 0xc2, 0xc5, 0xc2, 0xc5, 0xc2, 0xc5,
    0xc2, 0xc5, 0xc2, 0xc5, 0xc2, 0xc5, 0xc2, 0xc5, 0xc2, 0xbd, 0xa2, 0xbd,
    0xc2, 0xbd, 0xa2, 0xbd, 0xa2, 0xbd, 0xa2, 0xbd, 0xa1, 0xb5, 0xa2, 0xb5,
    0xa1, 0xb5, 0xa1, 0xad, 0xa1, 0xa5, 0x81, 0xa5, 0x81, 0x9d, 0x81, 0x9d,
    0x81, 0x95, 0x61, 0x95, 0x61, 0x95, 0x61, 0x95, 0x61, 0x9d, 0x61, 0x95,
    0x61, 0x95, 0x61, 0x95, 0x61, 0x8d, 0x61, 0x95, 0x61, 0x8d, 0x62, 0x8d,
    0x61, 0x8d, 0x41, 0x8d, 0x41, 0x8d, 0x41, 0x85, 0x41, 0x85, 0x42, 0x85,
    0x41, 0x85, 0x42, 0x85, 0x21, 0x85, 0x41, 0x85, 0x21, 0x85, 0x42, 0x85,
    0x21, 0x7d, 0x21, 0x85, 0x21, 0x7d, 0x21, 0x7d, 0x02, 0x7d, 0x01, 0x7d,
    0x02, 0x7d, 0x01, 0x7d, 0x01, 0x7d, 0x01, 0x7d, 0xe1, 0x7c, 0x02, 0x7d,
    0xe1, 0x74, 0xe1, 0x74, 0xe2, 0x7c, 0xe2, 0x74, 0xe2, 0x74, 0x82, 0x5c,
    0xa4, 0x33, 0xc4, 0x33, 0xc4, 0x33, 0xc4, 0x33, 0xc4, 0x33, 0xa4, 0x33,
    0xa4, 0x2b, 0x84, 0x2b, 0x84, 0x2b, 0xe3, 0x3b, 0x43, 0x4c, 0x82, 0x5c,
    0xa2, 0x64, 0xa2, 0x5c, 0x82, 0x5c, 0x82, 0x54, 0x83, 0x54, 0x82, 0x54,
    0xc4, 0x3b, 0xc4, 0x33, 0xc4, 0x33, 0xc4, 0x33, 0xc4, 0x33, 0xc3, 0x33,
    0xc4, 0x33, 0xa4, 0x33, 0xa4, 0x33, 0xa4, 0x33, 0x64, 0x2b, 0xa4, 0x33,
    0xc3, 0x33, 0xa4, 0x2b, 0xa4, 0x33, 0x83, 0x2b, 0x84, 0x2b, 0x84, 0x2b,
    0x64, 0x2b, 0x64, 0x2b, 0x84, 0x2b, 0x84, 0x2b, 0x84, 0x2b, 0xa4, 0x33,
    0xc4, 0x33, 0xc4, 0x33, 0xc4, 0x33, 0xc4, 0x33, 0xa4, 0x33, 0xa4, 0x33,
    0xc4, 0x33, 0xc3, 0x33, 0xe4, 0x3b, 0xe4, 0x3b, 0xe4, 0x3b, 0xe3, 0x3b,
    0xe3, 0x3b, 0xe4, 0x3b, 0xe4, 0x3b, 0xa2, 0x5c, 0xa2, 0x5c, 0x82, 0x5c,
    0xa2, 0x64, 0xa2, 0x64, 0xa2, 0x64, 0xa1, 0x64, 0xa2, 0x64, 0xc2, 0x64,
    0xa2, 0x64, 0xa2, 0x64, 0x82, 0x5c, 0x63, 0x54, 0x82, 0x5c, 0xc2, 0x6c,
    0xe2, 0x74, 0xc2, 0x6c, 0xc2, 0x6c, 0xa2, 0x64, 0x82, 0x5c, 0x83, 0x54,
    0x44, 0x44, 0x44, 0x3c, 0x44, 0x44, 0x44, 0x3c, 0x64, 0x44, 0x64, 0x44,
    0x63, 0x44, 0x64, 0x44, 0x64, 0x44, 0x64, 0x44, 0x64, 0x44, 0x64, 0x44,
    0x64, 0x44, 0x64, 0x44, 0x83, 0x4c, 0x84, 0x44, 0x84, 0x4c, 0x83, 0x4c,
    0x84, 0x4c, 0x84, 0x4c, 0x84, 0x4c, 0xc3, 0x64, 0x41, 0x8d, 0x41, 0x8d,
    0x42, 0x8d, 0x41, 0x8d, 0x41, 0x8d, 0x41, 0x8d, 0x41, 0x8d, 0x61, 0x95,
    0x41, 0x95, 0x62, 0x95, 0x61, 0x95, 0x61, 0x95, 0x61, 0x95, 0x61, 0x95,
    0x61, 0x95, 0x82, 0xa5, 0x81, 0xb5, 0xa2, 0xbd, 0xa2, 0xbd, 0xa2, 0xbd,
    0xa2, 0xbd, 0xa2, 0xc5, 0xc2, 0xc5, 0xa2, 0xc5, 0xc2, 0xc5, 0xc2, 0xc5,
    0xc1, 0xc5, 0xc2, 0xc5, 0xc2, 0xc5, 0xc2, 0xc5, 0xc1, 0xc5, 0xc2, 0xc5,
    0xc1, 0xbd, 0xc1, 0xb5, 0xc2, 0xb5, 0xc1, 0xb5, 0xc1, 0xb5, 0xc2, 0xb5,
    0xc1, 0xb5, 0xc1, 0xb5, 0xc1, 0xb5, 0xc1, 0xbd, 0xe2, 0xc5, 0xe2, 0xc5,
    0xe1, 0xc5, 0xe2, 0xc5, 0xe2, 0xc5, 0xe1, 0xc5, 0xe2, 0xcd, 0xe2, 0xcd,
    0xe2, 0xc5, 0xe2, 0xcd, 0x01, 0xc6, 0xe2, 0xcd, 0xe2, 0xc5, 0xe1, 0xc5,
    0x02, 0xce, 0xe2, 0xcd, 0xe2, 0xc5, 0xe1, 0xc5, 0xe2, 0xcd, 0xe2, 0xc5,
    0xe1, 0xc5, 0xe1, 0xcd, 0xe2, 0xc5, 0xc1, 0xc5, 0xe2, 0xcd, 0xe2, 0xc5,
    0xc2, 0xc5, 0xe1, 0xc5, 0xe2, 0xc5, 0xe2, 0xc5, 0xe1, 0xc5, 0xe2, 0xc5,
    0xc1, 0xc5, 0xc2, 0xc5, 0xc1, 0xc5, 0xc2, 0xc5, 0xc1, 0xc5, 0xc1, 0xc5,
    0xc2, 0xc5, 0xc2, 0xc5, 0xc1, 0xc5, 0xc1, 0xc5, 0xc2, 0xc5, 0xc2, 0xc5,
    0xc1, 0xc5, 0xc1, 0xc5, 0xc2, 0xbd, 0xc1, 0xc5, 0xa2, 0xc5, 0xa2, 0xbd,
    0xa1, 0xbd, 0xa2, 0xbd, 0xa2, 0xbd, 0xa1, 0xbd, 0x82, 0xbd, 0x81, 0xbd,
    0x81, 0xb5, 0x81, 0xb5, 0x81, 0xb5, 0x81, 0xad, 0x81, 0xa5, 0x61, 0x9d,
    0x61, 0x95, 0x61, 0x95, 0x61, 0x8d, 0x61, 0x8d, 0x61, 0x8d, 0x41, 0x8d,
    0x41, 0x8d, 0x61, 0x8d, 0x41, 0x8d, 0x41, 0x85, 0x41, 0x85, 0x41, 0x85,
    0x21, 0x85, 0x21, 0x85, 0x21, 0x7d, 0x22, 0x85, 0x41, 0x85, 0x21, 0x85,
    0x21, 0x7d, 0x01, 0x7d, 0x22, 0x85, 0x21, 0x85, 0x01, 0x7d, 0x01, 0x7d,
    0x02, 0x7d, 0x01, 0x7d, 0x01, 0x7d, 0xe2, 0x7c, 0xe1, 0x7c, 0x01, 0x75,
    0x02, 0x7d, 0xe1, 0x7c, 0xe1, 0x74, 0xe2, 0x74, 0xe1, 0x74, 0xc2, 0x74,
    0xc4, 0x33, 0xc4, 0x33, 0xc4, 0x33, 0xc4, 0x33, 0xa4, 0x33, 0xa4, 0x33,
    0xa4, 0x33, 0xa4, 0x33, 0xc4, 0x33, 0xa4, 0x33, 0xa4, 0x33, 0x84, 0x2b,
    0xc3, 0x33, 0x23, 0x44, 0x83, 0x54, 0xa2, 0x5c, 0x82, 0x54, 0x62, 0x54,
    0x82, 0x54, 0xa4, 0x33, 0xc4, 0x33, 0xc3, 0x33, 0xc4, 0x33, 0xa4, 0x33,
    0xa3, 0x33, 0xa4, 0x33, 0xa4, 0x2b, 0x84, 0x2b, 0x84, 0x2b, 0x84, 0x2b,
    0xa3, 0x2b, 0xa4, 0x33, 0xa4, 0x33, 0x84, 0x2b, 0x84, 0x2b, 0x84, 0x2b,
    0x64, 0x2b, 0x64, 0x2b, 0x84, 0x2b, 0x84, 0x2b, 0xa4, 0x33, 0xa4, 0x33,
    0xc4, 0x33, 0xc3, 0x33, 0xc4, 0x33, 0xa4, 0x33, 0xa4, 0x33, 0xc4, 0x33,
    0xc4, 0x33, 0xc4, 0x33, 0xc3, 0x3b, 0xc4, 0x3b, 0xe4, 0x3b, 0xe3, 0x3b,
    0xe4, 0x33, 0xc4, 0x33, 0x82, 0x54, 0x82, 0x5c, 0x82, 0x5c, 0xa2, 0x5c,
    0xa2, 0x5c, 0xa2, 0x5c, 0x82, 0x5c, 0x43, 0x4c, 0x03, 0x3c, 0x04, 0x3c,
    0x04, 0x3c, 0x24, 0x3c, 0x23, 0x44, 0x24, 0x44, 0x23, 0x44, 0x24, 0x3c,
    0xa2, 0x5c, 0xa2, 0x5c, 0x63, 0x4c, 0x63, 0x4c, 0x63, 0x4c, 0x63, 0x44,
    0x44, 0x44, 0x44, 0x44, 0x44, 0x3c, 0x63, 0x44, 0x64, 0x44, 0x64, 0x44,
    0x63, 0x44, 0x64, 0x44, 0x84, 0x44, 0x63, 0x44, 0x64, 0x44, 0x84, 0x44,
    0x63, 0x44, 0x83, 0x44, 0x84, 0x4c, 0x84, 0x4c, 0x63, 0x44, 0x84, 0x4c,
    0x84, 0x4c, 0xa3, 0x4c, 0x02, 0x7d, 0x41, 0x8d, 0x41, 0x8d, 0x41, 0x8d,
    0x42, 0x8d, 0x41, 0x8d, 0x61, 0x95, 0x41, 0x8d, 0x62, 0x95, 0x41, 0x8d,
    0x61, 0x8d, 0x41, 0x95, 0x61, 0x95, 0x62, 0x95, 0x61, 0x95, 0x61, 0x9d,
    0x82, 0xb5, 0x81, 0xb5, 0x81, 0xbd, 0xa2, 0xbd, 0xa2, 0xbd, 0xa1, 0xbd,
    0xa1, 0xbd, 0xa2, 0xbd, 0xa1, 0xbd, 0xa1, 0xbd, 0xa2, 0xc5, 0xa1, 0xbd,
    0xa2, 0xbd, 0xc2, 0xc5, 0xc2, 0xc5, 0xc2, 0xc5, 0xa1, 0xc5, 0xc2, 0xc5,
    0xc1, 0xbd, 0xc1, 0xbd, 0xa2, 0xb5, 0xc2, 0xbd, 0xc2, 0xbd, 0xc2, 0xbd,
    0xc2, 0xbd, 0xc2, 0xbd, 0xc2, 0xc5, 0xe2, 0xc5, 0xc2, 0xc5, 0xe1, 0xc5,
    0xe2, 0xcd, 0xe2, 0xc5, 0xe1, 0xc5, 0xe2, 0xc5, 0xe2, 0xcd, 0xe2, 0xc5,
    0xe1, 0xc5, 0xe2, 0xcd, 0xe2, 0xc5, 0xe2, 0xc5, 0xe2, 0xc5, 0xe1, 0xc5,
    0xe2, 0xc5, 0xe1, 0xc5, 0xe2, 0xc5, 0xe2, 0xc5, 0xc1, 0xc5, 0xe2, 0xc5,
    0xe2, 0xc5, 0xc2, 0xc5, 0xc2, 0xc5, 0xe2, 0xc5, 0xc1, 0xc5, 0xe2, 0xc5,
    0xc1, 0xc5, 0xc1, 0xc5, 0xe2, 0xc5, 0xc2, 0xc5, 0xc1, 0xc5, 0xc2, 0xc5,
    0xc2, 0xc5, 0xc1, 0xc5, 0xe2, 0xc5, 0xc2, 0xc5, 0xc1, 0xc5, 0xe2, 0xc5,
    0xc1, 0xc5, 0xc2, 0xc5, 0xc1, 0xbd, 0xc2, 0xc5, 0xc1, 0xc5, 0xc1, 0xc5,
    0xc2, 0xc5, 0xc2, 0xc5, 0xa1, 0xbd, 0xc2, 0xc5, 0xa2, 0xc5, 0xa1, 0xc5,
    0xa2, 0xbd, 0xa2, 0xc5, 0xa2, 0xbd, 0xa1, 0xbd, 0xa2, 0xbd, 0xa1, 0xbd,
    0x82, 0xbd, 0x82, 0xb5, 0x82, 0xbd, 0x82, 0xb5, 0x81, 0xb5, 0x81, 0xad,
    0x61, 0xa5, 0x61, 0x95, 0x61, 0x95, 0x61, 0x8d, 0x41, 0x8d, 0x41, 0x8d,
    0x41, 0x8d, 0x41, 0x85, 0x41, 0x85, 0x42, 0x85, 0x21, 0x85, 0x21, 0x85,
    0x21, 0x85, 0x21, 0x7d, 0x21, 0x85, 0x21, 0x85, 0x21, 0x7d, 0x22, 0x7d,
    0x22, 0x85, 0x21, 0x7d, 0x21, 0x7d, 0x02, 0x7d, 0x01, 0x7d, 0x01, 0x7d,
    0x01, 0x7d, 0xe1, 0x74, 0xe2, 0x74, 0x02, 0x7d, 0xe2, 0x74, 0xe1, 0x7c,
    0x02, 0x75, 0x01, 0x7d, 0xe1, 0x74, 0xe1, 0x74, 0xe2, 0x74, 0xc2, 0x74,
    0x82, 0x5c, 0xa4, 0x2b, 0xc4, 0x33, 0xc4, 0x33, 0xc4, 0x33, 0xc4, 0x33,
    0xa4, 0x2b, 0xa4, 0x33, 0xa4, 0x33, 0xa4, 0x2b, 0xc4, 0x33, 0xa4, 0x33,
    0xc4, 0x33, 0x84, 0x33, 0x84, 0x2b, 0xc4, 0x33, 0x43, 0x4c, 0x62, 0x54,
    0x63, 0x4c, 0x63, 0x4c, 0xa4, 0x33, 0xc4, 0x33, 0xa4, 0x33, 0xa4, 0x33,
    0xa4, 0x33, 0xa4, 0x2b, 0xa4, 0x2b, 0xa4, 0x33, 0xa4, 0x2b, 0x84, 0x2b,
    0x84, 0x2b, 0xa3, 0x33, 0xa3, 0x2b, 0x84, 0x2b, 0x84, 0x2b, 0x84, 0x2b,
    0x64, 0x2b, 0x64, 0x2b, 0x64, 0x2b, 0x64, 0x2b, 0xa4, 0x2b, 0xa4, 0x33,
    0xa4, 0x33, 0xc4, 0x33, 0xc4, 0x33, 0x84, 0x2b, 0xc4, 0x33, 0xc4, 0x33,
    0xc4, 0x33, 0xc4, 0x33, 0xc4, 0x33, 0xc3, 0x33, 0xc4, 0x33, 0xe4, 0x33,
    0xa4, 0x33, 0x82, 0x54, 0x82, 0x54, 0x82, 0x54, 0x82, 0x54, 0x63, 0x54,
    0x23, 0x44, 0xe4, 0x3b, 0xe4, 0x3b, 0x04, 0x3c, 0x04, 0x44, 0x03, 0x3c,
    0x04, 0x3c, 0x04, 0x44, 0x24, 0x44, 0x23, 0x44, 0x24, 0x3c, 0x04, 0x3c,
    0x63, 0x54, 0x82, 0x54, 0x63, 0x4c, 0x63, 0x4c, 0x63, 0x4c, 0x63, 0x44,
    0x63, 0x44, 0x63, 0x4c, 0x63, 0x44, 0x63, 0x44, 0x63, 0x4c, 0x83, 0x4c,
    0x83, 0x4c, 0x63, 0x4c, 0x83, 0x4c, 0x83, 0x4c, 0x83, 0x4c, 0x83, 0x4c,
    0xa3, 0x54, 0x83, 0x54, 0x83, 0x4c, 0xa3, 0x54, 0x83, 0x54, 0xa3, 0x54,
    0x83, 0x54, 0xc3, 0x5c, 0xc2, 0x64, 0xe2, 0x6c, 0xe2, 0x6c, 0xe2, 0x6c,
    0x22, 0x7d, 0x22, 0x7d, 0x42, 0x85, 0x21, 0x8d, 0x41, 0x8d, 0x41, 0x8d,
    0x41, 0x8d, 0x61, 0x95, 0x61, 0x95, 0x61, 0x9d, 0x82, 0xad, 0x82, 0xbd,
    0x82, 0xbd, 0xa2, 0xbd, 0xa2, 0xbd, 0x81, 0xbd, 0x81, 0xbd, 0xa2, 0xbd,
    0xa2, 0xbd, 0xa1, 0xbd, 0xa2, 0xbd, 0xa2, 0xbd, 0xa1, 0xc5, 0xa2, 0xbd,
    0xa1, 0xbd, 0xc1, 0xbd, 0xc2, 0xc5, 0xa1, 0xbd, 0xa2, 0xc5, 0xc2, 0xc5,
    0xc2, 0xc5, 0xc2, 0xc5, 0xc1, 0xc5, 0xc2, 0xc5, 0xc1, 0xc5, 0xc1, 0xc5,
    0xc1, 0xc5, 0xe2, 0xc5, 0xc2, 0xc5, 0xc1, 0xc5, 0xc2, 0xc5, 0xc2, 0xcd,
    0xc1, 0xc5, 0xc2, 0xc5, 0xe2, 0xcd, 0xc1, 0xc5, 0xe2, 0xc5, 0xe1, 0xc5,
    0xe2, 0xc5, 0xe2, 0xc5, 0xc1, 0xc5, 0xe1, 0xc5, 0xe1, 0xc5, 0xe2, 0xc5,
    0xc2, 0xc5, 0xe1, 0xc5, 0xc2, 0xc5, 0xe1, 0xc5, 0xc1, 0xc5, 0xc2, 0xc5,
    0xc2, 0xc5, 0xc2, 0xc5, 0xc1, 0xc5, 0xc2, 0xc5, 0xe2, 0xc5, 0xc1, 0xc5,
    0xc2, 0xc5, 0xc2, 0xc5, 0xc1, 0xc5, 0xc1, 0xc5, 0xc2, 0xc5, 0xc2, 0xc5,
    0xc1, 0xc5, 0xc2, 0xc5, 0xc2, 0xc5, 0xc1, 0xc5, 0xc2, 0xc5, 0xc1, 0xc5,
    0xc2, 0xc5, 0xc2, 0xc5, 0xc1, 0xbd, 0xa2, 0xbd, 0xc2, 0xc5, 0xa1, 0xbd,
    0xa2, 0xbd, 0xa2, 0xc5, 0xa1, 0xbd, 0xc2, 0xc5, 0xa1, 0xbd, 0xa1, 0xbd,
    0xa1, 0xc5, 0xa2, 0xbd, 0xa1, 0xbd, 0x81, 0xbd, 0xa1, 0xbd, 0xa2, 0xbd,
    0xa1, 0xbd, 0xa1, 0xbd, 0x81, 0xbd, 0x81, 0xb5, 0x81, 0xb5, 0x82, 0xb5,
    0x61, 0xa5, 0x41, 0x8d, 0x41, 0x8d, 0x42, 0x8d, 0x41, 0x8d, 0x41, 0x8d,
    0x42, 0x8d, 0x41, 0x8d, 0x41, 0x85, 0x42, 0x85, 0x21, 0x85, 0x21, 0x85,
    0x21, 0x7d, 0x22, 0x7d, 0x21, 0x7d, 0x21, 0x7d, 0x21, 0x7d, 0x21, 0x7d,
    0x01, 0x7d, 0x01, 0x85, 0x21, 0x7d, 0x01, 0x7d, 0x02, 0x7d, 0x02, 0x7d,
    0x01, 0x7d, 0x02, 0x7d, 0xe1, 0x74, 0xe1, 0x74, 0xe1, 0x74, 0xe1, 0x74,
    0xe2, 0x74, 0xe1, 0x74, 0xe2, 0x74, 0xc2, 0x74, 0xc1, 0x74, 0xc2, 0x6c,
    0xc2, 0x6c, 0x62, 0x5c, 0xa4, 0x33, 0xc4, 0x2b, 0xa4, 0x33, 0xa4, 0x2b,
    0xa4, 0x2b, 0xa4, 0x2b, 0xa4, 0x2b, 0xa4, 0x33, 0xa4, 0x33, 0xa4, 0x2b,
    0xa4, 0x33, 0xa4, 0x33, 0xa4, 0x2b, 0xa4, 0x33, 0x84, 0x2b, 0x84, 0x2b,
    0xe3, 0x3b, 0x63, 0x4c, 0x23, 0x44, 0x84, 0x2b, 0xa3, 0x33, 0xa4, 0x2b,
    0xa4, 0x33, 0xa3, 0x33, 0xa4, 0x33, 0x84, 0x33, 0x83, 0x2b, 0x84, 0x2b,
    0x84, 0x2b, 0x84, 0x33, 0x84, 0x2b, 0x84, 0x2b, 0x84, 0x2b, 0x64, 0x2b,
    0x64, 0x2b, 0x64, 0x2b, 0x64, 0x2b, 0x64, 0x2b, 0x84, 0x2b, 0xa4, 0x33,
    0xa4, 0x33, 0xa4, 0x33, 0x84, 0x33, 0xa4, 0x33, 0xa4, 0x33, 0xa4, 0x33,
    0xc4, 0x33, 0xc3, 0x33, 0xc4, 0x33, 0xc4, 0x33, 0xc4, 0x33, 0xa4, 0x33,
    0x62, 0x4c, 0x63, 0x4c, 0x62, 0x54, 0x43, 0x4c, 0xe4, 0x3b, 0xc4, 0x33,
    0xe4, 0x3b, 0x03, 0x3c, 0xe4, 0x3b, 0x04, 0x3c, 0x04, 0x3c, 0x03, 0x3c,
    0x03, 0x44, 0x04, 0x3c, 0x03, 0x3c, 0x04, 0x3c, 0x04, 0x3c, 0x83, 0x54,
    0xa2, 0x5c, 0x82, 0x5c, 0x82, 0x5c, 0xa2, 0x5c, 0xa2, 0x5c, 0xa3, 0x5c,
    0xa2, 0x5c, 0xa3, 0x5c, 0xa2, 0x5c, 0xa3, 0x5c, 0xa3, 0x5c, 0xa3, 0x5c,
    0xa3, 0x54, 0xa3, 0x5c, 0xa2, 0x5c, 0xc2, 0x64, 0xc2, 0x64, 0xe2, 0x6c,
    0x02, 0x6d, 0xe2, 0x6c, 0xe2, 0x6c, 0xe2, 0x6c, 0x02, 0x75, 0x02, 0x75,
    0xe2, 0x6c, 0x02, 0x75, 0x02, 0x75, 0x02, 0x75, 0x22, 0x7d, 0x21, 0x85,
    0x21, 0x85, 0x21, 0x85, 0x41, 0x8d, 0x21, 0x8d, 0x41, 0x8d, 0x41, 0x95,
    0x61, 0x9d, 0x62, 0x9d, 0x61, 0xad, 0x82, 0xbd, 0x81, 0xbd, 0x82, 0xbd,
    0x81, 0xbd, 0x81, 0xb5, 0xa2, 0xbd, 0xa2, 0xbd, 0x81, 0xbd, 0xa2, 0xbd,
    0xa1, 0xbd, 0xa2, 0xbd, 0xa1, 0xbd, 0xa1, 0xbd, 0xa2, 0xbd, 0xc2, 0xc5,
    0xa1, 0xbd, 0xa2, 0xc5, 0xa2, 0xbd, 0xc2, 0xc5, 0xc1, 0xc5, 0xc2, 0xbd,
    0xa2, 0xc5, 0xc2, 0xc5, 0xc1, 0xc5, 0xc2, 0xc5, 0xc2, 0xc5, 0xc2, 0xc5,
    0xc2, 0xc5, 0xc1, 0xc5, 0xc1, 0xc5, 0xc2, 0xc5, 0xe2, 0xc5, 0xc1, 0xc5,
    0xe2, 0xcd, 0xe2, 0xc5, 0xc1, 0xc5, 0xc2, 0xc5, 0xe2, 0xc5, 0xe2, 0xcd,
    0xc1, 0xc5, 0xe2, 0xcd, 0xe2, 0xcd, 0xc2, 0xc5, 0xe2, 0xcd, 0xc2, 0xc5,
    0xc1, 0xc5, 0xc2, 0xcd, 0xc1, 0xc5, 0xe2, 0xc5, 0xc2, 0xc5, 0xc1, 0xc5,
    0xc1, 0xc5, 0xc1, 0xc5, 0xc2, 0xc5, 0xc1, 0xc5, 0xc2, 0xc5, 0xc1, 0xc5,
    0xc2, 0xc5, 0xc2, 0xc5, 0xc2, 0xc5, 0xc1, 0xc5, 0xc1, 0xc5, 0xc2, 0xc5,
    0xc1, 0xc5, 0xc1, 0xc5, 0xc1, 0xc5, 0xa1, 0xbd, 0xc2, 0xc5, 0xa1, 0xbd,
    0xc2, 0xc5, 0xa1, 0xbd, 0xc1, 0xc5, 0xc2, 0xc5, 0xa1, 0xc5, 0xc2, 0xc5,
    0xc2, 0xc5, 0xa1, 0xbd, 0xa2, 0xc5, 0xa2, 0xbd, 0xa1, 0xbd, 0xa2, 0xc5,
    0xa2, 0xbd, 0xa1, 0xbd, 0xa2, 0xbd, 0x81, 0xb5, 0x81, 0xb5, 0x81, 0xad,
    0x61, 0xa5, 0x81, 0xa5, 0x81, 0xa5, 0x61, 0x9d, 0x61, 0x9d, 0x61, 0x95,
    0x61, 0x8d, 0x41, 0x8d, 0x41, 0x8d, 0x41, 0x8d, 0x41, 0x8d, 0x41, 0x85,
    0x41, 0x85, 0x41, 0x8d, 0x41, 0x85, 0x21, 0x85, 0x21, 0x85, 0x21, 0x85,
    0x22, 0x7d, 0x22, 0x85, 0x21, 0x7d, 0x21, 0x7d, 0x22, 0x85, 0x01, 0x7d,
    0x21, 0x7d, 0x02, 0x7d, 0x02, 0x7d, 0x01, 0x7d, 0x01, 0x7d, 0x01, 0x7d,
    0x01, 0x75, 0xe2, 0x7c, 0xe1, 0x74, 0xe1, 0x74, 0xe2, 0x74, 0xe2, 0x74,
    0xe1, 0x74, 0xe2, 0x74, 0xc1, 0x74, 0xc2, 0x74, 0xc2, 0x6c, 0xc2, 0x6c,
    0xc2, 0x6c, 0xc2, 0x6c, 0xc2, 0x64, 0xa4, 0x33, 0xa4, 0x2b, 0xa4, 0x33,
    0xa4, 0x33, 0xa4, 0x33, 0xa4, 0x33, 0xa4, 0x2b, 0xa4, 0x33, 0xa4, 0x2b,
    0xa4, 0x2b, 0xa4, 0x33, 0xa4, 0x2b, 0xa4, 0x2b, 0xa4, 0x33, 0xa4, 0x2b,
    0x84, 0x2b, 0x64, 0x2b, 0x03, 0x3c, 0x23, 0x44, 0x84, 0x2b, 0xa4, 0x33,
    0x84, 0x2b, 0xa4, 0x2b, 0xa4, 0x2b, 0x84, 0x2b, 0x84, 0x2b, 0x84, 0x2b,
    0x84, 0x2b, 0x64, 0x2b, 0x84, 0x2b, 0x84, 0x2b, 0x84, 0x2b, 0x64, 0x2b,
    0x44, 0x23, 0x44, 0x2b, 0x64, 0x2b, 0x84, 0x2b, 0x84, 0x2b, 0xa4, 0x33,
    0xa4, 0x33, 0xa4, 0x33, 0x84, 0x2b, 0xa4, 0x33, 0xa4, 0x33, 0xa4, 0x33,
    0xa4, 0x33, 0xc3, 0x33, 0xc4, 0x33, 0xc4, 0x3b, 0x84, 0x33, 0x43, 0x44,
    0x62, 0x4c, 0x63, 0x4c, 0xe4, 0x3b, 0xc4, 0x33, 0xe4, 0x33, 0xe4, 0x3b,
    0xe4, 0x3b, 0xe3, 0x3b, 0xe3, 0x3b, 0x04, 0x3c, 0xe3, 0x3b, 0x04, 0x3c,
    0x04, 0x3c, 0x03, 0x3c, 0x04, 0x44, 0x04, 0x3c, 0x82, 0x54, 0xa2, 0x64,
    0xa2, 0x5c, 0xa2, 0x64, 0xa2, 0x64, 0xc2, 0x64, 0xc2, 0x64, 0xa2, 0x64,
    0xc2, 0x64, 0xc2, 0x64, 0xc2, 0x64, 0xc2, 0x64, 0xc2, 0x64, 0xc2, 0x64,
    0xc2, 0x64, 0xc2, 0x6c, 0xe2, 0x6c, 0xe2, 0x6c, 0x02, 0x75, 0xe2, 0x74,
    0x02, 0x7d, 0x01, 0x75, 0x02, 0x75, 0x02, 0x7d, 0x01, 0x75, 0x01, 0x7d,
    0x02, 0x7d, 0x21, 0x7d, 0x01, 0x7d, 0x21, 0x85, 0x21, 0x85, 0x21, 0x85,
    0x21, 0x85, 0x21, 0x85, 0x41, 0x8d, 0x42, 0x8d, 0x41, 0x8d, 0x61, 0x9d,
    0x61, 0xad, 0x62, 0xb5, 0x82, 0xbd, 0x81, 0xbd, 0x82, 0xbd, 0x81, 0xb5,
    0x81, 0xbd, 0x82, 0xbd, 0x82, 0xbd, 0x81, 0xbd, 0x82, 0xbd, 0xa2, 0xbd,
    0xa2, 0xbd, 0x81, 0xbd, 0xa2, 0xbd, 0xa2, 0xbd, 0xa2, 0xbd, 0xa1, 0xc5,
    0xa2, 0xbd, 0xa2, 0xbd, 0xa1, 0xc5, 0xc2, 0xc5, 0xa1, 0xbd, 0xa1, 0xc5,
    0xc2, 0xc5, 0xc1, 0xbd, 0xa1, 0xbd, 0xc2, 0xc5, 0xc2, 0xc5, 0xc1, 0xc5,
    0xc2, 0xbd, 0xc2, 0xc5, 0xc1, 0xc5, 0xc2, 0xc5, 0xc2, 0xc5, 0xc1, 0xc5,
    0xc1, 0xc5, 0xc2, 0xc5, 0xe2, 0xc5, 0xc1, 0xc5, 0xc2, 0xc5, 0xc1, 0xc5,
    0xc2, 0xc5, 0xc2, 0xc5, 0xc1, 0xc5, 0xc2, 0xc5, 0xc2, 0xc5, 0xc1, 0xc5,
    0xc1, 0xc5, 0xc2, 0xc5, 0xc2, 0xc5, 0xc1, 0xc5, 0xc1, 0xc5, 0xc2, 0xc5,
    0xc2, 0xc5, 0xc1, 0xc5, 0xc2, 0xc5, 0xc2, 0xc5, 0xc1, 0xc5, 0xc1, 0xc5,
    0xc1, 0xc5, 0xc2, 0xc5, 0xc2, 0xc5, 0xc2, 0xc5, 0xa1, 0xc5, 0xc2, 0xc5,
    0xa2, 0xc5, 0xa1, 0xc5, 0xa2, 0xbd, 0xc2, 0xc5, 0xa1, 0xc5, 0xa2, 0xbd,
    0xa1, 0xbd, 0xc2, 0xc5, 0xa1, 0xc5, 0xa2, 0xc5, 0xa1, 0xbd, 0xa1, 0xbd,
    0xa1, 0xbd, 0xa2, 0xc5, 0xa1, 0xbd, 0xa1, 0xbd, 0xa1, 0xb5, 0x81, 0xad,
    0x81, 0xa5, 0x81, 0x9d, 0x61, 0x9d, 0x81, 0x9d, 0x61, 0x9d, 0x61, 0x9d,
    0x61, 0x9d, 0x61, 0x9d, 0x61, 0x95, 0x61, 0x95, 0x61, 0x95, 0x61, 0x95,
    0x61, 0x95, 0x41, 0x8d, 0x41, 0x8d, 0x41, 0x8d, 0x41, 0x8d, 0x41, 0x85,
    0x41, 0x85, 0x41, 0x85, 0x21, 0x85, 0x42, 0x85, 0x21, 0x85, 0x21, 0x85,
    0x21, 0x7d, 0x21, 0x7d, 0x22, 0x7d, 0x21, 0x85, 0x21, 0x7d, 0x22, 0x85,
    0x01, 0x7d, 0x01, 0x7d, 0x01, 0x7d, 0x01, 0x7d, 0x02, 0x7d, 0x01, 0x75,
    0xe1, 0x74, 0x02, 0x75, 0xe2, 0x74, 0xe1, 0x74, 0xe1, 0x74, 0xe1, 0x74,
    0xe1, 0x74, 0xc2, 0x74, 0xe2, 0x74, 0xc1, 0x74, 0xc1, 0x6c, 0xc1, 0x6c,
    0xc2, 0x64, 0xa2, 0x64, 0xa2, 0x64, 0xc2, 0x64, 0x43, 0x4c, 0x84, 0x2b,
    0xa4, 0x2b, 0xa4, 0x2b, 0xa4, 0x33, 0xa4, 0x2b, 0x84, 0x2b, 0xa4, 0x33,
    0xa4, 0x33, 0xa4, 0x33, 0xa4, 0x2b, 0xa4, 0x33, 0xa4, 0x33, 0xa4, 0x2b,
    0x84, 0x2b, 0x84, 0x2b, 0x64, 0x2b, 0xc3, 0x33, 0xe3, 0x3b, 0x64, 0x2b,
    0x84, 0x2b, 0x84, 0x33, 0xa4, 0x2b, 0x84, 0x2b, 0x84, 0x2b, 0x84, 0x2b,
    0x64, 0x2b, 0x64, 0x2b, 0x84, 0x2b, 0x64, 0x2b, 0x64, 0x2b, 0x64, 0x2b,
    0x44, 0x2b, 0x44, 0x23, 0x64, 0x2b, 0x64, 0x2b, 0x84, 0x2b, 0xa4, 0x33,
    0xa4, 0x33, 0x64, 0x2b, 0xa4, 0x2b, 0xa4, 0x2b, 0xa4, 0x33, 0xa4, 0x33,
    0xa4, 0x33, 0xa4, 0x33, 0xc4, 0x33, 0x84, 0x33, 0x42, 0x44, 0x42, 0x44,
    0xe3, 0x3b, 0x84, 0x2b, 0xc4, 0x33, 0xc4, 0x33, 0xc3, 0x33, 0xe4, 0x3b,
    0xe4, 0x3b, 0xe4, 0x3b, 0xe4, 0x3b, 0x04, 0x3c, 0xe3, 0x3b, 0x04, 0x3c,
    0x04, 0x3c, 0x03, 0x3c, 0xe4, 0x3b, 0x82, 0x5c, 0xa2, 0x5c, 0xa2, 0x5c,
    0xa2, 0x64, 0xa2, 0x64, 0xa2, 0x64, 0xa2, 0x64, 0xa2, 0x64, 0xc2, 0x6c,
    0xc2, 0x6c, 0xc2, 0x6c, 0xc2, 0x6c, 0xc2, 0x6c, 0xe2, 0x6c, 0xc2, 0x6c,
    0xe2, 0x6c, 0xe2, 0x74, 0xe2, 0x74, 0xe1, 0x74, 0x01, 0x75, 0x02, 0x75,
    0x01, 0x7d, 0x22, 0x7d, 0x01, 0x7d, 0x02, 0x7d, 0x01, 0x7d, 0x22, 0x7d,
    0x21, 0x85, 0x21, 0x85, 0x21, 0x85, 0x21, 0x85, 0x22, 0x85, 0x41, 0x8d,
    0x41, 0x8d, 0x42, 0x8d, 0x41, 0x8d, 0x41, 0x95, 0x61, 0xa5, 0x62, 0xb5,
    0x62, 0xb5, 0x61, 0xbd, 0x81, 0xbd, 0x82, 0xbd, 0x81, 0xb5, 0x82, 0xbd,
    0x82, 0xbd, 0x81, 0xbd, 0x81, 0xbd, 0x82, 0xbd, 0x81, 0xbd, 0xa2, 0xbd,
    0x81, 0xbd, 0x81, 0xbd, 0xa2, 0xbd, 0xa1, 0xbd, 0xa1, 0xbd, 0xa1, 0xbd,
    0xa1, 0xc5, 0xa1, 0xbd, 0xa2, 0xbd, 0xa1, 0xbd, 0xa2, 0xbd, 0xa2, 0xc5,
    0xa1, 0xbd, 0xa2, 0xc5, 0xa2, 0xc5, 0xa2, 0xbd, 0xc1, 0xc5, 0xa1, 0xbd,
    0xc2, 0xc5, 0xa1, 0xbd, 0xc2, 0xc5, 0xc2, 0xc5, 0xc1, 0xc5, 0xc1, 0xc5,
    0xc2, 0xc5, 0xc1, 0xc5, 0xc2, 0xc5, 0xc1, 0xc5, 0xc2, 0xc5, 0xc2, 0xc5,
    0xc1, 0xc5, 0xc2, 0xc5, 0xc1, 0xc5, 0xc1, 0xc5, 0xc2, 0xc5, 0xc2, 0xc5,
    0xe2, 0xc5, 0xc1, 0xc5, 0xc1, 0xc5, 0xc2, 0xc5, 0xc2, 0xc5, 0xc2, 0xc5,
    0xc1, 0xc5, 0xc2, 0xc5, 0xc2, 0xc5, 0xc1, 0xc5, 0xc2, 0xbd, 0xc2, 0xc5,
    0xc2, 0xbd, 0xc1, 0xc5, 0xa1, 0xc5, 0xa1, 0xbd, 0xc2, 0xc5, 0xc1, 0xbd,
    0xa1, 0xbd, 0xc2, 0xbd, 0xc2, 0xc5, 0xa1, 0xbd, 0xc2, 0xc5, 0xc1, 0xc5,
    0xa2, 0xc5, 0xa2, 0xc5, 0xa1, 0xbd, 0xa2, 0xc5, 0xc2, 0xc5, 0xa1, 0xbd,
    0xa2, 0xc5, 0xa2, 0xbd, 0xa1, 0xbd, 0xa1, 0xbd, 0x81, 0xa5, 0x81, 0x9d,
    0x61, 0x9d, 0x81, 0x9d, 0x81, 0x9d, 0x61, 0x9d, 0x61, 0x95, 0x61, 0x95,
    0x81, 0x9d, 0x61, 0x95, 0x61, 0x95, 0x61, 0x95, 0x61, 0x95, 0x61, 0x95,
    0x41, 0x95, 0x41, 0x8d, 0x41, 0x8d, 0x41, 0x8d, 0x42, 0x85, 0x21, 0x85,
    0x41, 0x8d, 0x42, 0x8d, 0x21, 0x85, 0x41, 0x85, 0x21, 0x85, 0x21, 0x85,
    0x21, 0x7d, 0x01, 0x7d, 0x01, 0x7d, 0x21, 0x7d, 0x01, 0x7d, 0x01, 0x7d,
    0x21, 0x7d, 0x02, 0x7d, 0x01, 0x7d, 0x01, 0x75, 0x01, 0x7d, 0xe2, 0x7c,
    0x01, 0x75, 0xe1, 0x74, 0xe2, 0x74, 0xe1, 0x74, 0xe2, 0x74, 0xc1, 0x74,
    0xc2, 0x6c, 0xc1, 0x6c, 0xc1, 0x6c, 0xc2, 0x6c, 0xc2, 0x6c, 0xa1, 0x6c,
    0xc2, 0x64, 0xa2, 0x64, 0xa2, 0x64, 0xa2, 0x5c, 0xa2, 0x5c, 0x82, 0x54,
    0xa4, 0x33, 0x84, 0x2b, 0xa4, 0x33, 0x84, 0x2b, 0x84, 0x2b, 0xa4, 0x2b,
    0xa4, 0x33, 0x84, 0x2b, 0xa4, 0x33, 0x84, 0x2b, 0xa4, 0x33, 0x84, 0x2b,
    0xa4, 0x2b, 0x84, 0x2b, 0x84, 0x2b, 0x64, 0x2b, 0x84, 0x2b, 0xc3, 0x33,
    0x64, 0x2b, 0x84, 0x2b, 0x84, 0x33, 0x84, 0x2b, 0x84, 0x2b, 0x64, 0x2b,
    0x84, 0x2b, 0x64, 0x2b, 0x64, 0x2b, 0x64, 0x2b, 0x64, 0x2b, 0x64, 0x2b,
    0x44, 0x23, 0x44, 0x2b, 0x64, 0x2b, 0x64, 0x2b, 0x84, 0x2b, 0x84, 0x2b,
    0x84, 0x2b, 0x64, 0x2b, 0xa4, 0x33, 0xa3, 0x33, 0xa4, 0x33, 0xa3, 0x2b,
    0xa4, 0x33, 0xa4, 0x33, 0x84, 0x2b, 0x23, 0x3c, 0x23, 0x44, 0xa4, 0x33,
    0xa4, 0x33, 0xc4, 0x33, 0xc4, 0x33, 0xc4, 0x33, 0xc4, 0x33, 0xe3, 0x33,
    0xe4, 0x33, 0xe4, 0x3b, 0xe4, 0x3b, 0xe3, 0x3b, 0xe4, 0x3b, 0xe4, 0x3b,
    0xe4, 0x3b, 0xc4, 0x3b, 0x82, 0x5c, 0x82, 0x5c, 0x82, 0x5c, 0xa2, 0x5c,
    0x82, 0x5c, 0xa2, 0x64, 0xa2, 0x64, 0xa2, 0x64, 0xa2, 0x64, 0xc2, 0x6c,
    0xc1, 0x6c, 0xc2, 0x6c, 0xc2, 0x6c, 0xe2, 0x6c, 0xe1, 0x6c, 0xe1, 0x74,
    0xe2, 0x74, 0xe1, 0x74, 0xe2, 0x74, 0x01, 0x7d, 0x01, 0x7d, 0x01, 0x7d,
    0x01, 0x7d, 0x01, 0x7d, 0x02, 0x7d, 0x01, 0x7d, 0x21, 0x7d, 0x21, 0x7d,
    0x21, 0x85, 0x21, 0x85, 0x21, 0x85, 0x21, 0x8d, 0x21, 0x8d, 0x41, 0x8d,
    0x21, 0x8d, 0x41, 0x8d, 0x41, 0x95, 0x61, 0xad, 0x61, 0xb5, 0x62, 0xb5,
    0x82, 0xb5, 0x81, 0xbd, 0x61, 0xb5, 0x62, 0xb5, 0x81, 0xbd, 0x82, 0xbd,
    0x82, 0xb5, 0x81, 0xb5, 0x82, 0xbd, 0x81, 0xbd, 0x82, 0xbd, 0xa2, 0xbd,
    0x81, 0xbd, 0x81, 0xb5, 0x81, 0xb5, 0x81, 0xb5, 0x81, 0xb5, 0x81, 0xb5,
    0x81, 0xb5, 0xa1, 0xb5, 0xa1, 0xb5, 0xa1, 0xb5, 0xa1, 0xbd, 0xa2, 0xbd,
    0xa1, 0xbd, 0xa2, 0xc5, 0xa2, 0xbd, 0xa1, 0xbd, 0xa1, 0xc5, 0xa2, 0xc5,
    0xa2, 0xbd, 0xc1, 0xc5, 0xa1, 0xc5, 0xc2, 0xc5, 0xa1, 0xc5, 0xc2, 0xc5,
    0xa1, 0xc5, 0xc2, 0xc5, 0xc2, 0xc5, 0xc1, 0xc5, 0xc1, 0xc5, 0xc2, 0xc5,
    0xc2, 0xc5, 0xc1, 0xc5, 0xc2, 0xc5, 0xc1, 0xc5, 0xc1, 0xc5, 0xc2, 0xc5,
    0xc1, 0xc5, 0xc2, 0xc5, 0xc2, 0xc5, 0xc1, 0xc5, 0xc2, 0xc5, 0xa1, 0xbd,
    0xc1, 0xc5, 0xc2, 0xc5, 0xc1, 0xbd, 0xa1, 0xc5, 0xa2, 0xbd, 0xa1, 0xc5,
    0xa2, 0xc5, 0xa1, 0xbd, 0xc1, 0xbd, 0xa2, 0xc5, 0xa1, 0xbd, 0xc2, 0xc5,
    0xa1, 0xc5, 0xa1, 0xbd, 0xc2, 0xc5, 0xa1, 0xc5, 0xa1, 0xbd, 0xa2, 0xbd,
    0xa1, 0xbd, 0xa1, 0xbd, 0xa2, 0xbd, 0xa2, 0xc5, 0xa1, 0xbd, 0xa2, 0xbd,
    0xa1, 0xbd, 0xa2, 0xc5, 0xa1, 0xbd, 0x81, 0xb5, 0x81, 0xa5, 0x61, 0x9d,
    0x61, 0x9d, 0x61, 0x9d, 0x61, 0x9d, 0x81, 0x95, 0x61, 0x95, 0x61, 0x95,
    0x61, 0x95, 0x61, 0x95, 0x41, 0x95, 0x41, 0x95, 0x41, 0x8d, 0x41, 0x8d,
    0x61, 0x8d, 0x41, 0x8d, 0x41, 0x8d, 0x41, 0x8d, 0x42, 0x85, 0x21, 0x85,
    0x21, 0x85, 0x41, 0x85, 0x21, 0x85, 0x21, 0x85, 0x22, 0x7d, 0x21, 0x7d,
    0x22, 0x7d, 0x02, 0x7d, 0x01, 0x7d, 0x22, 0x7d, 0x02, 0x7d, 0x01, 0x7d,
    0x02, 0x7d, 0x01, 0x7d, 0xe2, 0x6c, 0x63, 0x54, 0x43, 0x44, 0x83, 0x54,
    0xe2, 0x74, 0xe1, 0x74, 0xe1, 0x74, 0xe2, 0x74, 0xe2, 0x74, 0xe1, 0x6c,
    0xe2, 0x74, 0xc2, 0x6c, 0xc2, 0x6c, 0xc2, 0x6c, 0xa2, 0x64, 0xc2, 0x6c,
    0xa2, 0x64, 0xa2, 0x64, 0xa2, 0x5c, 0xa2, 0x5c, 0x82, 0x5c, 0xa2, 0x5c,
    0xa2, 0x5c, 0x03, 0x44, 0x64, 0x2b, 0x84, 0x2b, 0xa4, 0x2b, 0x84, 0x2b,
    0x84, 0x2b, 0xa4, 0x33, 0xa4, 0x2b, 0x84, 0x33, 0x84, 0x2b, 0x84, 0x2b,
    0xa4, 0x33, 0x84, 0x2b, 0x84, 0x2b, 0x84, 0x2b, 0x84, 0x2b, 0x44, 0x2b,
    0x83, 0x2b, 0x64, 0x2b, 0x84, 0x2b, 0x84, 0x2b, 0x64, 0x2b, 0x64, 0x2b,
    0x63, 0x2b, 0x64, 0x2b, 0x64, 0x2b, 0x64, 0x2b, 0x63, 0x2b, 0x64, 0x2b,
    0x44, 0x2b, 0x44, 0x23, 0x44, 0x2b, 0x64, 0x2b, 0x64, 0x2b, 0x84, 0x2b,
    0x44, 0x2b, 0x84, 0x2b, 0x84, 0x33, 0x84, 0x2b, 0x84, 0x2b, 0xa4, 0x33,
    0xa3, 0x33, 0x84, 0x2b, 0x03, 0x3c, 0x03, 0x3c, 0x84, 0x2b, 0xa4, 0x33,
    0xa4, 0x33, 0xa4, 0x33, 0xa4, 0x33, 0xc4, 0x33, 0xc4, 0x33, 0xc4, 0x33,
    0xc3, 0x33, 0xe4, 0x3b, 0xe4, 0x33, 0xe3, 0x3b, 0xe4, 0x3b, 0xa4, 0x33,
    0x23, 0x44, 0x82, 0x54, 0x82, 0x54, 0xa2, 0x5c, 0xa2, 0x5c, 0x82, 0x5c,
    0xa2, 0x5c, 0xa2, 0x5c, 0xa2, 0x64, 0xa2, 0x64, 0xc2, 0x64, 0xc2, 0x6c,
    0xc2, 0x6c, 0xc1, 0x6c, 0xc1, 0x6c, 0xc2, 0x6c, 0xc2, 0x6c, 0xe1, 0x74,
    0xe1, 0x6c, 0xe1, 0x74, 0xe2, 0x74, 0x02, 0x75, 0x02, 0x7d, 0x01, 0x7d,
    0x02, 0x7d, 0x01, 0x7d, 0x01, 0x7d, 0x21, 0x85, 0x21, 0x85, 0x22, 0x85,
    0x01, 0x85, 0x22, 0x85, 0x21, 0x85, 0x21, 0x8d, 0x21, 0x85, 0x21, 0x8d,
    0x21, 0x8d, 0x41, 0x8d, 0x42, 0x9d, 0x61, 0xad, 0x61, 0xb5, 0x61, 0xb5,
    0x61, 0xb5, 0x81, 0xb5, 0x62, 0xb5, 0x81, 0xbd, 0x81, 0xbd, 0x82, 0xbd,
    0x81, 0xb5, 0x82, 0xb5, 0x81, 0xb5, 0x81, 0xb5, 0x81, 0xb5, 0x81, 0xb5,
    0x81, 0xad, 0x81, 0xad, 0x82, 0xad, 0x81, 0xad, 0x81, 0xa5, 0x81, 0xa5,
    0x81, 0xa5, 0x82, 0xad, 0x81, 0xad, 0x81, 0xad, 0x81, 0xad, 0xa1, 0xbd,
    0xa1, 0xbd, 0xa1, 0xbd, 0xa2, 0xbd, 0xc2, 0xc5, 0xa1, 0xbd, 0xa2, 0xbd,
    0xa1, 0xc5, 0xa2, 0xc5, 0xa2, 0xbd, 0xc1, 0xbd, 0xc2, 0xc5, 0xa2, 0xbd,
    0xc2, 0xc5, 0xc1, 0xc5, 0xc1, 0xc5, 0xc2, 0xc5, 0xc1, 0xc5, 0xc1, 0xc5,
    0xc2, 0xc5, 0xc2, 0xc5, 0xc2, 0xc5, 0xc1, 0xc5, 0xc2, 0xc5, 0xc1, 0xc5,
    0xc2, 0xc5, 0xc1, 0xbd, 0xa1, 0xbd, 0xc2, 0xc5, 0xc1, 0xc5, 0xa2, 0xbd,
    0xa2, 0xc5, 0xc1, 0xbd, 0xa2, 0xc5, 0xc2, 0xc5, 0xc1, 0xc5, 0xa1, 0xbd,
    0xa1, 0xbd, 0xa2, 0xbd, 0xc2, 0xc5, 0xc2, 0xc5, 0xa1, 0xbd, 0xa1, 0xc5,
    0xa2, 0xc5, 0xa2, 0xbd, 0xa1, 0xc5, 0xa2, 0xc5, 0xa2, 0xbd, 0xa1, 0xc5,
    0xa2, 0xc5, 0xa1, 0xc5, 0xa1, 0xbd, 0xa1, 0xc5, 0xa1, 0xbd, 0xa2, 0xc5,
    0xa1, 0xbd, 0xa1, 0xbd, 0xa2, 0xbd, 0xa2, 0xbd, 0x82, 0xbd, 0x81, 0xad,
    0x81, 0x9d, 0x61, 0x9d, 0x61, 0x9d, 0x61, 0x9d, 0x61, 0x9d, 0x61, 0x9d,
    0x61, 0x95, 0x61, 0x95, 0x61, 0x95, 0x41, 0x8d, 0x41, 0x95, 0x41, 0x8d,
    0x41, 0x8d, 0x41, 0x8d, 0x41, 0x8d, 0x41, 0x8d, 0x41, 0x85, 0x21, 0x85,
    0x21, 0x85, 0x21, 0x85, 0x21, 0x85, 0x21, 0x85, 0x21, 0x7d, 0x21, 0x7d,
    0x22, 0x7d, 0x21, 0x7d, 0x01, 0x7d, 0x02, 0x75, 0x01, 0x7d, 0x01, 0x75,
    0x02, 0x7d, 0x02, 0x75, 0x43, 0x44, 0x44, 0x44, 0x24, 0x3c, 0x24, 0x3c,
    0x04, 0x3c, 0xa2, 0x5c, 0xe2, 0x6c, 0xc2, 0x64, 0x43, 0x44, 0x24, 0x3c,
    0x03, 0x3c, 0x83, 0x54, 0xc2, 0x64, 0xc2, 0x64, 0xa2, 0x64, 0xa2, 0x64,
    0xa2, 0x64, 0xa2, 0x5c, 0x82, 0x5c, 0x82, 0x5c, 0x82, 0x54, 0x82, 0x54,
    0x82, 0x54, 0x82, 0x54, 0x42, 0x44, 0x64, 0x2b, 0xa4, 0x33, 0x83, 0x33,
    0x84, 0x33, 0x84, 0x2b, 0xa4, 0x2b, 0x84, 0x2b, 0xa3, 0x33, 0x84, 0x2b,
    0x84, 0x2b, 0x84, 0x2b, 0x84, 0x2b, 0x84, 0x2b, 0x64, 0x2b, 0x64, 0x2b,
    0x64, 0x23, 0x84, 0x2b, 0x64, 0x2b, 0x84, 0x2b, 0x64, 0x2b, 0x64, 0x2b,
    0x64, 0x2b, 0x64, 0x2b, 0x64, 0x23, 0x44, 0x23, 0x44, 0x2b, 0x64, 0x2b,
    0x44, 0x23, 0x44, 0x2b, 0x44, 0x2b, 0x64, 0x2b, 0x84, 0x2b, 0x64, 0x2b,
    0x64, 0x2b, 0x84, 0x2b, 0x84, 0x2b, 0x84, 0x2b, 0x84, 0x2b, 0xa4, 0x33,
    0x64, 0x2b, 0xe3, 0x3b, 0xa4, 0x33, 0x84, 0x2b, 0xa4, 0x2b, 0xa4, 0x33,
    0xa4, 0x33, 0xa4, 0x33, 0xc4, 0x33, 0xa3, 0x33, 0xc4, 0x33, 0xc3, 0x3b,
    0xe4, 0x3b, 0xc3, 0x33, 0xe4, 0x33, 0xc4, 0x33, 0xa4, 0x33, 0x42, 0x44,
    0x82, 0x54, 0x82, 0x54, 0x82, 0x54, 0x82, 0x54, 0xa2, 0x54, 0x82, 0x5c,
    0xa2, 0x5c, 0xa2, 0x5c, 0xa2, 0x5c, 0xa2, 0x64, 0xa2, 0x64, 0xc2, 0x64,
    0xa2, 0x64, 0xc2, 0x6c, 0xc2, 0x6c, 0xc2, 0x6c, 0xc2, 0x6c, 0xc1, 0x74,
    0xe2, 0x74, 0xe2, 0x74, 0xe1, 0x74, 0xe1, 0x7c, 0x02, 0x7d, 0x01, 0x7d,
    0x01, 0x7d, 0x02, 0x7d, 0x01, 0x7d, 0x21, 0x7d, 0x01, 0x85, 0x02, 0x85,
    0x21, 0x85, 0x21, 0x85, 0x21, 0x85, 0x22, 0x85, 0x22, 0x8d, 0x21, 0x8d,
    0x41, 0x8d, 0x41, 0x95, 0x41, 0xad, 0x42, 0xad, 0x62, 0xb5, 0x61, 0xb5,
    0x81, 0xbd, 0x62, 0xb5, 0x82, 0xbd, 0x81, 0xbd, 0x82, 0xb5, 0x61, 0xbd,
    0x61, 0xb5, 0x81, 0xb5, 0x82, 0xb5, 0x81, 0xb5, 0x81, 0xb5, 0x61, 0xad,
    0x81, 0xa5, 0x81, 0xad, 0x82, 0xa5, 0x81, 0xa5, 0x81, 0xad, 0x81, 0xad,
    0x81, 0xa5, 0x81, 0xa5, 0x81, 0xad, 0x81, 0xad, 0xa2, 0xbd, 0xa1, 0xbd,
    0xa2, 0xbd, 0xa1, 0xbd, 0xa2, 0xc5, 0xa1, 0xbd, 0xa1, 0xc5, 0xa2, 0xbd,
    0xa1, 0xbd, 0xa2, 0xc5, 0xa1, 0xbd, 0xa1, 0xbd, 0xa2, 0xbd, 0xa1, 0xbd,
    0xa1, 0xbd, 0xc2, 0xc5, 0xa2, 0xc5, 0xa2, 0xbd, 0xc1, 0xc5, 0xa2, 0xc5,
    0xc2, 0xc5, 0xc1, 0xc5, 0xc2, 0xbd, 0xa1, 0xbd, 0xc2, 0xc5, 0xc2, 0xc5,
    0xa1, 0xbd, 0xa1, 0xbd, 0xa2, 0xc5, 0xa2, 0xbd, 0xc1, 0xbd, 0xa1, 0xc5,
    0xc2, 0xbd, 0xa1, 0xb5, 0xa1, 0xb5, 0xa1, 0xb5, 0xa1, 0xb5, 0xa2, 0xbd,
    0xa1, 0xbd, 0xa1, 0xc5, 0xa1, 0xbd, 0xa2, 0xbd, 0xa1, 0xc5, 0xa1, 0xbd,
    0xa2, 0xbd, 0xa1, 0xbd, 0xa1, 0xc5, 0xa1, 0xbd, 0xa2, 0xc5, 0xa1, 0xbd,
    0xa2, 0xc5, 0xa2, 0xbd, 0xa1, 0xbd, 0xa2, 0xc5, 0xa1, 0xbd, 0xa1, 0xbd,
    0xa2, 0xc5, 0x81, 0xbd, 0xa2, 0xbd, 0x81, 0xbd, 0x81, 0xbd, 0x81, 0xbd,
    0x81, 0xbd, 0x81, 0xb5, 0x81, 0xad, 0x81, 0x9d, 0x61, 0x9d, 0x61, 0x95,
    0x61, 0x95, 0x41, 0x95, 0x61, 0x95, 0x61, 0x95, 0x41, 0x8d, 0x41, 0x8d,
    0x41, 0x8d, 0x41, 0x8d, 0x41, 0x8d, 0x41, 0x85, 0x21, 0x85, 0x41, 0x85,
    0x22, 0x85, 0x21, 0x85, 0x22, 0x85, 0x21, 0x7d, 0x01, 0x7d, 0x01, 0x7d,
    0x01, 0x7d, 0x01, 0x7d, 0x01, 0x75, 0x02, 0x75, 0x01, 0x75, 0x01, 0x75,
    0xe2, 0x74, 0xe2, 0x74, 0x63, 0x4c, 0x23, 0x3c, 0x24, 0x3c, 0x03, 0x3c,
    0x24, 0x3c, 0x04, 0x34, 0xa2, 0x64, 0x82, 0x5c, 0x04, 0x34, 0x04, 0x3c,
    0xe4, 0x33, 0xc4, 0x33, 0xe3, 0x33, 0x82, 0x54, 0xa2, 0x5c, 0xa2, 0x5c,
    0xa2, 0x5c, 0x82, 0x5c, 0x82, 0x5c, 0x62, 0x54, 0x82, 0x54, 0x62, 0x54,
    0x82, 0x54, 0x62, 0x4c, 0x62, 0x4c, 0x63, 0x4c, 0x64, 0x2b, 0x84, 0x2b,
    0x84, 0x2b, 0x84, 0x2b, 0x84, 0x2b, 0x84, 0x33, 0x84, 0x2b, 0x84, 0x2b,
    0x84, 0x2b, 0x84, 0x33, 0x84, 0x2b, 0x84, 0x2b, 0x64, 0x2b, 0x84, 0x2b,
    0x64, 0x2b, 0x44, 0x2b, 0x64, 0x2b, 0x64, 0x2b, 0x63, 0x2b, 0x64, 0x2b,
    0x64, 0x2b, 0x64, 0x2b, 0x44, 0x2b, 0x64, 0x23, 0x44, 0x2b, 0x44, 0x23,
    0x44, 0x23, 0x44, 0x23, 0x44, 0x2b, 0x44, 0x2b, 0x64, 0x2b, 0x44, 0x2b,
    0x64, 0x2b, 0x84, 0x2b, 0x84, 0x2b, 0x84, 0x33, 0x84, 0x2b, 0x64, 0x2b,
    0xc3, 0x33, 0xa4, 0x2b, 0x64, 0x2b, 0x84, 0x2b, 0xa4, 0x33, 0xa4, 0x2b,
    0xa4, 0x2b, 0xa4, 0x33, 0xc4, 0x33, 0xc4, 0x33, 0xc4, 0x33, 0xc4, 0x33,
    0xc4, 0x33, 0xc4, 0x33, 0xc3, 0x33, 0xa4, 0x33, 0x43, 0x44, 0x62, 0x4c,
    0x82, 0x54, 0x82, 0x54, 0x82, 0x54, 0x83, 0x54, 0x82, 0x54, 0xa2, 0x5c,
    0xa2, 0x5c, 0xa2, 0x5c, 0x82, 0x5c, 0xa2, 0x64, 0xa2, 0x64, 0xa2, 0x64,
    0xc2, 0x6c, 0xc2, 0x64, 0xc2, 0x6c, 0xc1, 0x6c, 0xc2, 0x6c, 0xe2, 0x6c,
    0xe1, 0x74, 0xe2, 0x74, 0xe1, 0x74, 0xe1, 0x74, 0xe2, 0x7c, 0x02, 0x75,
    0x01, 0x7d, 0x01, 0x7d, 0x02, 0x7d, 0x01, 0x7d, 0x01, 0x7d, 0x21, 0x85,
    0x21, 0x85, 0x21, 0x85, 0x21, 0x85, 0x21, 0x85, 0x21, 0x85, 0x41, 0x8d,
    0x21, 0x8d, 0x41, 0xa5, 0x61, 0xad, 0x41, 0xad, 0x61, 0xb5, 0x61, 0xb5,
    0x61, 0xb5, 0x62, 0xb5, 0x61, 0xb5, 0x61, 0xbd, 0x62, 0xb5, 0x81, 0xb5,
    0x61, 0xbd, 0x62, 0xb5, 0x61, 0xb5, 0x62, 0xb5, 0x82, 0xb5, 0x61, 0xb5,
    0x62, 0xad, 0x81, 0xad, 0x81, 0xb5, 0x81, 0xb5, 0x81, 0xb5, 0x82, 0xb5,
    0x82, 0xbd, 0x81, 0xb5, 0x82, 0xbd, 0x82, 0xbd, 0x81, 0xbd, 0x82, 0xbd,
    0x81, 0xbd, 0xa1, 0xbd, 0xa1, 0xbd, 0xa1, 0xbd, 0xa2, 0xbd, 0xa1, 0xc5,
    0xa2, 0xbd, 0xc1, 0xc5, 0xa2, 0xc5, 0xa2, 0xbd, 0xa1, 0xc5, 0xa1, 0xbd,
    0xa2, 0xbd, 0xa1, 0xbd, 0xa2, 0xbd, 0xc1, 0xbd, 0xa1, 0xbd, 0xa1, 0xbd,
    0xa1, 0xbd, 0xc1, 0xbd, 0xa2, 0xc5, 0xc1, 0xbd, 0xa2, 0xbd, 0xa1, 0xbd,
    0xc1, 0xc5, 0xa2, 0xbd, 0xa1, 0xc5, 0xa1, 0xc5, 0xc2, 0xbd, 0xa1, 0xbd,
    0x81, 0xad, 0xa1, 0xad, 0x81, 0xad, 0x81, 0xad, 0xa1, 0xad, 0xa1, 0xb5,
    0xa2, 0xbd, 0xa1, 0xbd, 0xa1, 0xbd, 0xa1, 0xc5, 0xa2, 0xc5, 0xa2, 0xbd,
    0xa1, 0xbd, 0xa2, 0xbd, 0xa1, 0xbd, 0xa1, 0xbd, 0xa1, 0xbd, 0xa1, 0xbd,
    0xa1, 0xbd, 0xa1, 0xbd, 0xa2, 0xc5, 0xa1, 0xbd, 0x82, 0xbd, 0xa1, 0xbd,
    0x81, 0xbd, 0xa2, 0xc5, 0x81, 0xbd, 0x81, 0xbd, 0x81, 0xbd, 0x82, 0xbd,
    0x81, 0xb5, 0x82, 0xbd, 0x81, 0xb5, 0x61, 0xb5, 0x61, 0xb5, 0x61, 0xad,
    0x61, 0xa5, 0x61, 0x9d, 0x41, 0x95, 0x41, 0x95, 0x41, 0x8d, 0x41, 0x8d,
    0x41, 0x8d, 0x41, 0x8d, 0x41, 0x8d, 0x21, 0x8d, 0x21, 0x85, 0x21, 0x85,
    0x21, 0x85, 0x21, 0x85, 0x21, 0x7d, 0x22, 0x7d, 0x21, 0x7d, 0x22, 0x7d,
    0x02, 0x7d, 0x01, 0x7d, 0x01, 0x7d, 0x01, 0x7d, 0x02, 0x75, 0x01, 0x7d,
    0xe1, 0x74, 0xe1, 0x6c, 0x83, 0x54, 0x23, 0x3c, 0x24, 0x3c, 0x24, 0x3c,
    0x03, 0x34, 0x04, 0x3c, 0x24, 0x3c, 0x83, 0x54, 0x04, 0x34, 0x03, 0x34,
    0x04, 0x34, 0xe4, 0x33, 0xe4, 0x33, 0xc4, 0x33, 0x62, 0x54, 0xa2, 0x5c,
    0x82, 0x5c, 0x82, 0x54, 0x82, 0x54, 0xa2, 0x54, 0x82, 0x54, 0x82, 0x54,
    0x82, 0x54, 0x82, 0x4c, 0x63, 0x4c, 0x62, 0x44, 0x62, 0x44, 0xa4, 0x33,
    0x64, 0x2b, 0x84, 0x2b, 0x83, 0x2b, 0x84, 0x2b, 0x84, 0x2b, 0x84, 0x2b,
    0x84, 0x2b, 0x63, 0x2b, 0x84, 0x2b, 0x64, 0x2b, 0x64, 0x2b, 0x64, 0x2b,
    0x64, 0x2b, 0x44, 0x23, 0x44, 0x23, 0x44, 0x2b, 0x64, 0x2b, 0x64, 0x2b,
    0x64, 0x2b, 0x44, 0x23, 0x44, 0x2b, 0x44, 0x2b, 0x44, 0x23, 0x44, 0x2b,
    0x24, 0x23, 0x24, 0x2b, 0x44, 0x23, 0x45, 0x23, 0x44, 0x23, 0x44, 0x2b,
    0x64, 0x2b, 0x64, 0x2b, 0x64, 0x2b, 0x64, 0x2b, 0x64, 0x2b, 0xa3, 0x33,
    0x64, 0x2b, 0x84, 0x2b, 0x84, 0x2b, 0x84, 0x2b, 0x84, 0x33, 0xa4, 0x33,
    0xa3, 0x2b, 0xa4, 0x33, 0xa3, 0x33, 0xc4, 0x33, 0xa4, 0x33, 0xc3, 0x33,
    0xc4, 0x33, 0xa4, 0x33, 0xa4, 0x33, 0x62, 0x44, 0x43, 0x44, 0x03, 0x3c,
    0xe4, 0x33, 0xa4, 0x33, 0xa4, 0x2b, 0x84, 0x2b, 0xa4, 0x2b, 0xa4, 0x2b,
    0xa4, 0x33, 0xe4, 0x3b, 0x43, 0x4c, 0xa2, 0x5c, 0xa2, 0x64, 0xa1, 0x64,
    0xa2, 0x64, 0xc1, 0x6c, 0xc2, 0x64, 0xc2, 0x6c, 0xc2, 0x6c, 0xc1, 0x6c,
    0xc1, 0x6c, 0xe2, 0x74, 0xe2, 0x74, 0xe1, 0x74, 0x01, 0x7d, 0xe1, 0x7c,
    0xe2, 0x7c, 0x01, 0x7d, 0x01, 0x7d, 0x02, 0x7d, 0x01, 0x85, 0x01, 0x85,
    0x21, 0x85, 0x21, 0x85, 0x01, 0x85, 0x21, 0x85, 0x21, 0x85, 0x21, 0x8d,
    0x21, 0x8d, 0x41, 0x9d, 0x61, 0xad, 0x41, 0xad, 0x41, 0xad, 0x61, 0xb5,
    0x62, 0xb5, 0x61, 0xb5, 0x61, 0xb5, 0x62, 0xb5, 0x61, 0xb5, 0x61, 0xbd,
    0x62, 0xb5, 0x61, 0xbd, 0x81, 0xbd, 0x61, 0xb5, 0x82, 0xb5, 0x82, 0xbd,
    0x81, 0xbd, 0x81, 0xbd, 0x82, 0xbd, 0x82, 0xbd, 0x81, 0xbd, 0x81, 0xbd,
    0x82, 0xbd, 0x82, 0xbd, 0x81, 0xbd, 0x81, 0xbd, 0x81, 0xbd, 0x82, 0xbd,
    0x81, 0xbd, 0xa2, 0xbd, 0x82, 0xbd, 0x81, 0xbd, 0xa1, 0xbd, 0xa2, 0xbd,
    0xa1, 0xbd, 0xa1, 0xbd, 0xa1, 0xbd, 0xa2, 0xbd, 0xa1, 0xbd, 0xa1, 0xbd,
    0xa2, 0xc5, 0xa1, 0xbd, 0xa1, 0xc5, 0xa2, 0xc5, 0xa2, 0xc5, 0xa1, 0xbd,
    0xa2, 0xc5, 0xa2, 0xc5, 0xa1, 0xbd, 0xa2, 0xc5, 0xc1, 0xc5, 0xa1, 0xc5,
    0xc2, 0xbd, 0xa1, 0xbd, 0xa1, 0xbd, 0xa1, 0xbd, 0xa1, 0xbd, 0xa1, 0xb5,
    0x81, 0xad, 0xa1, 0xad, 0xa1, 0xb5, 0x81, 0xad, 0x81, 0xb5, 0xa1, 0xbd,
    0xa2, 0xbd, 0xa2, 0xc5, 0xa2, 0xc5, 0xa1, 0xc5, 0xa2, 0xbd, 0xa1, 0xbd,
    0xa1, 0xc5, 0xa2, 0xc5, 0xa1, 0xbd, 0xa2, 0xbd, 0xa2, 0xc5, 0xa1, 0xc5,
    0xa2, 0xc5, 0x81, 0xbd, 0x81, 0xbd, 0x82, 0xbd, 0x81, 0xbd, 0x81, 0xbd,
    0x82, 0xbd, 0x81, 0xbd, 0x82, 0xbd, 0xa1, 0xbd, 0x82, 0xbd, 0x81, 0xbd,
    0x82, 0xbd, 0x81, 0xbd, 0x82, 0xbd, 0x61, 0xbd, 0x61, 0xb5, 0x62, 0xb5,
    0x61, 0xb5, 0x61, 0xb5, 0x61, 0xad, 0x61, 0xad, 0x41, 0xa5, 0x41, 0x95,
    0x41, 0x8d, 0x41, 0x8d, 0x41, 0x8d, 0x21, 0x8d, 0x21, 0x85, 0x21, 0x85,
    0x21, 0x85, 0x21, 0x7d, 0x01, 0x7d, 0x01, 0x7d, 0x01, 0x7d, 0x21, 0x7d,
    0x01, 0x7d, 0x02, 0x75, 0xa3, 0x5c, 0x83, 0x54, 0x63, 0x54, 0x83, 0x54,
    0xa2, 0x64, 0xe2, 0x6c, 0xc2, 0x64, 0x23, 0x44, 0x24, 0x3c, 0x04, 0x34,
    0x24, 0x3c, 0x04, 0x34, 0x04, 0x34, 0x03, 0x3c, 0x04, 0x34, 0xe4, 0x33,
    0xe4, 0x33, 0xe4, 0x33, 0xe4, 0x33, 0xc4, 0x33, 0xc4, 0x33, 0x82, 0x54,
    0xa2, 0x54, 0x62, 0x4c, 0xe3, 0x3b, 0xa3, 0x33, 0x64, 0x2b, 0x64, 0x2b,
    0x64, 0x2b, 0x84, 0x2b, 0xc4, 0x33, 0x03, 0x3c, 0x42, 0x44, 0x62, 0x44,
    0xe3, 0x33, 0x44, 0x23, 0x84, 0x2b, 0x84, 0x2b, 0x84, 0x2b, 0x84, 0x2b,
    0x64, 0x2b, 0x64, 0x2b, 0x84, 0x2b, 0x64, 0x2b, 0x64, 0x2b, 0x64, 0x2b,
    0x64, 0x2b, 0x64, 0x2b, 0x44, 0x2b, 0x44, 0x23, 0x44, 0x23, 0x64, 0x2b,
    0x64, 0x2b, 0x44, 0x23, 0x44, 0x23, 0x43, 0x23, 0x44, 0x23, 0x44, 0x2b,
    0x24, 0x23, 0x24, 0x2b, 0x24, 0x2b, 0x44, 0x23, 0x24, 0x23, 0x44, 0x2b,
    0x44, 0x2b, 0x44, 0x2b, 0x64, 0x2b, 0x64, 0x2b, 0x64, 0x2b, 0x64, 0x2b,
    0x64, 0x2b, 0x64, 0x2b, 0x84, 0x2b, 0x84, 0x2b, 0x84, 0x33, 0x84, 0x2b,
    0xa4, 0x33, 0xa4, 0x2b, 0xa4, 0x33, 0xa3, 0x33, 0xa4, 0x33, 0xc4, 0x33,
    0x84, 0x2b, 0xe3, 0x33, 0x03, 0x3c, 0x84, 0x2b, 0x84, 0x2b, 0x84, 0x2b,
    0x84, 0x2b, 0xa4, 0x2b, 0xa4, 0x33, 0xa4, 0x33, 0xa4, 0x2b, 0xa4, 0x33,
    0xc4, 0x33, 0xe4, 0x33, 0xe4, 0x33, 0xc4, 0x33, 0x82, 0x5c, 0xa2, 0x64,
    0xa2, 0x64, 0xc2, 0x64, 0xa2, 0x64, 0xc2, 0x6c, 0xc2, 0x6c, 0xc1, 0x6c,
    0xc2, 0x6c, 0xe1, 0x74, 0xe2, 0x74, 0xe1, 0x74, 0xe1, 0x74, 0x01, 0x7d,
    0x02, 0x7d, 0x01, 0x7d, 0x01, 0x7d, 0x01, 0x7d, 0x01, 0x7d, 0x01, 0x85,
    0x01, 0x85, 0x21, 0x85, 0x22, 0x85, 0x21, 0x85, 0x21, 0x85, 0x21, 0x85,
    0x21, 0x8d, 0x21, 0x8d, 0x41, 0xa5, 0x41, 0xad, 0x41, 0xad, 0x41, 0xad,
    0x61, 0xb5, 0x61, 0xb5, 0x61, 0xb5, 0x61, 0xb5, 0x61, 0xb5, 0x61, 0xb5,
    0x82, 0xb5, 0x61, 0xbd, 0x81, 0xbd, 0x81, 0xbd, 0x61, 0xb5, 0x81, 0xbd,
    0x61, 0xbd, 0x82, 0xb5, 0x81, 0xbd, 0x61, 0xbd, 0x82, 0xbd, 0x81, 0xbd,
    0x81, 0xbd, 0x81, 0xbd, 0x81, 0xb5, 0x81, 0xbd, 0x81, 0xbd, 0xa1, 0xbd,
    0xa1, 0xbd, 0x82, 0xbd, 0x81, 0xbd, 0xa1, 0xbd, 0x82, 0xbd, 0x81, 0xbd,
    0x81, 0xbd, 0x82, 0xbd, 0xa1, 0xbd, 0xa1, 0xbd, 0xa2, 0xbd, 0x81, 0xbd,
    0xa1, 0xbd, 0xa2, 0xbd, 0xa1, 0xbd, 0xa1, 0xbd, 0xa2, 0xc5, 0xa2, 0xbd,
    0xa1, 0xc5, 0xa1, 0xbd, 0xa2, 0xbd, 0xa1, 0xbd, 0xa1, 0xbd, 0xa2, 0xc5,
    0xa1, 0xc5, 0xa2, 0xbd, 0xa2, 0xbd, 0xa2, 0xc5, 0xa1, 0xbd, 0xa1, 0xbd,
    0x81, 0xbd, 0xa1, 0xbd, 0xa2, 0xbd, 0xa1, 0xbd, 0xa2, 0xbd, 0xa1, 0xbd,
    0xa1, 0xbd, 0xa1, 0xbd, 0xa1, 0xc5, 0xa1, 0xbd, 0xa1, 0xbd, 0xa1, 0xc5,
    0xa2, 0xbd, 0xa1, 0xbd, 0xa1, 0xc5, 0x81, 0xbd, 0xa2, 0xbd, 0x81, 0xbd,
    0x81, 0xbd, 0xa1, 0xbd, 0x82, 0xbd, 0xa1, 0xc5, 0x81, 0xbd, 0x82, 0xbd,
    0x81, 0xbd, 0x81, 0xbd, 0x81, 0xbd, 0x82, 0xbd, 0x81, 0xbd, 0x81, 0xbd,
    0x81, 0xbd, 0x81, 0xbd, 0x61, 0xb5, 0x81, 0xbd, 0x62, 0xb5, 0x61, 0xb5,
    0x61, 0xb5, 0x41, 0xb5, 0x41, 0xb5, 0x41, 0xad, 0x41, 0xad, 0x61, 0xad,
    0x41, 0xad, 0x41, 0xa5, 0x41, 0x95, 0x21, 0x85, 0x21, 0x85, 0x42, 0x85,
    0x22, 0x85, 0x02, 0x7d, 0x21, 0x85, 0x02, 0x7d, 0x01, 0x7d, 0x01, 0x7d,
    0x01, 0x7d, 0xa2, 0x5c, 0x24, 0x3c, 0x23, 0x3c, 0x23, 0x3c, 0x24, 0x3c,
    0x24, 0x3c, 0x23, 0x3c, 0x63, 0x4c, 0x63, 0x4c, 0x23, 0x3c, 0x04, 0x34,
    0x03, 0x3c, 0x04, 0x34, 0x04, 0x34, 0x04, 0x34, 0x04, 0x34, 0xe4, 0x33,
    0xe4, 0x33, 0xe4, 0x33, 0xe4, 0x33, 0xc4, 0x2b, 0xc4, 0x2b, 0xe3, 0x3b,
    0x84, 0x2b, 0x64, 0x23, 0x84, 0x2b, 0x84, 0x2b, 0x84, 0x2b, 0x84, 0x2b,
    0x84, 0x2b, 0x84, 0x2b, 0x64, 0x2b, 0x44, 0x23, 0x44, 0x23, 0x64, 0x2b,
    0xc3, 0x33, 0x03, 0x3c, 0x64, 0x2b, 0x64, 0x2b, 0x64, 0x2b, 0x63, 0x2b,
    0x64, 0x2b, 0x64, 0x2b, 0x64, 0x2b, 0x64, 0x2b, 0x64, 0x2b, 0x64, 0x2b,
    0x64, 0x23, 0x64, 0x2b, 0x43, 0x23, 0x44, 0x23, 0x44, 0x23, 0x44, 0x23,
    0x44, 0x2b, 0x44, 0x23, 0x44, 0x2b, 0x44, 0x2b, 0x24, 0x23, 0x24, 0x23,
    0x24, 0x23, 0x24, 0x23, 0x44, 0x2b, 0x24, 0x23, 0x44, 0x2b, 0x44, 0x2b,
    0x44, 0x23, 0x64, 0x2b, 0x44, 0x2b, 0x44, 0x23, 0x44, 0x2b, 0x64, 0x2b,
    0x84, 0x2b, 0x84, 0x2b, 0x84, 0x33, 0x84, 0x2b, 0x84, 0x2b, 0xa4, 0x33,
    0x84, 0x33, 0xa4, 0x2b, 0xa4, 0x33, 0xa4, 0x2b, 0xa4, 0x33, 0x84, 0x2b,
    0x84, 0x2b, 0x64, 0x2b, 0x84, 0x2b, 0x84, 0x2b, 0x84, 0x2b, 0x84, 0x2b,
    0xa4, 0x33, 0xa4, 0x2b, 0xa4, 0x2b, 0xa4, 0x33, 0xa4, 0x2b, 0xc4, 0x33,
    0xc4, 0x33, 0xc4, 0x33, 0xc4, 0x33, 0xc4, 0x33, 0x23, 0x44, 0xa2, 0x5c,
    0xa2, 0x64, 0xa2, 0x64, 0xc1, 0x6c, 0xc2, 0x6c, 0xc2, 0x6c, 0xc2, 0x6c,
    0xc2, 0x6c, 0xe2, 0x74, 0xe2, 0x74, 0xe2, 0x74, 0xe2, 0x74, 0xe1, 0x74,
    0xe2, 0x7c, 0xe2, 0x7c, 0x01, 0x7d, 0x01, 0x7d, 0x02, 0x7d, 0x01, 0x7d,
    0x02, 0x85, 0x01, 0x7d, 0x21, 0x85, 0x22, 0x85, 0x21, 0x85, 0x21, 0x85,
    0x22, 0x85, 0x21, 0x8d, 0x41, 0x8d, 0x41, 0x95, 0x41, 0xa5, 0x41, 0xb5,
    0x42, 0xb5, 0x41, 0xb5, 0x62, 0xb5, 0x61, 0xb5, 0x62, 0xbd, 0x61, 0xbd,
    0x61, 0xb5, 0x61, 0xb5, 0x62, 0xb5, 0x62, 0xb5, 0x61, 0xbd, 0x81, 0xbd,
    0x61, 0xb5, 0x62, 0xbd, 0x82, 0xbd, 0x81, 0xbd, 0x81, 0xb5, 0x81, 0xbd,
    0x81, 0xb5, 0x82, 0xbd, 0x82, 0xbd, 0x81, 0xbd, 0x82, 0xbd, 0x82, 0xbd,
    0x81, 0xbd, 0x81, 0xbd, 0x82, 0xbd, 0x81, 0xbd, 0x81, 0xbd, 0xa2, 0xbd,
    0x81, 0xbd, 0x81, 0xc5, 0x82, 0xbd, 0xa1, 0xc5, 0xa2, 0xc5, 0xa1, 0xbd,
    0xa1, 0xbd, 0xa2, 0xc5, 0xa1, 0xbd, 0xa2, 0xbd, 0xa1, 0xbd, 0xa1, 0xc5,
    0xa2, 0xbd, 0xa1, 0xc5, 0xa1, 0xbd, 0xa2, 0xc5, 0xa1, 0xbd, 0xa1, 0xbd,
    0xa1, 0xbd, 0xa1, 0xbd, 0xa1, 0xbd, 0xa1, 0xc5, 0xa2, 0xbd, 0xa2, 0xbd,
    0xa1, 0xbd, 0xa2, 0xbd, 0xa1, 0xbd, 0xa2, 0xbd, 0x81, 0xc5, 0xa2, 0xc5,
    0xa1, 0xbd, 0xa1, 0xbd, 0xa2, 0xc5, 0xa2, 0xbd, 0xa1, 0xbd, 0x82, 0xbd,
    0xa1, 0xbd, 0xa2, 0xbd, 0x81, 0xbd, 0xa2, 0xc5, 0x81, 0xbd, 0x82, 0xbd,
    0x81, 0xc5, 0xa2, 0xbd, 0x82, 0xbd, 0x81, 0xc5, 0x82, 0xbd, 0x81, 0xbd,
    0x82, 0xbd, 0x82, 0xc5, 0x81, 0xbd, 0x81, 0xbd, 0x82, 0xbd, 0x81, 0xbd,
    0x82, 0xbd, 0x82, 0xbd, 0x81, 0xbd, 0x62, 0xbd, 0x61, 0xb5, 0x61, 0xbd,
    0x62, 0xb5, 0x61, 0xb5, 0x41, 0xb5, 0x61, 0xb5, 0x41, 0xb5, 0x41, 0xb5,
    0x61, 0xad, 0x41, 0xad, 0x41, 0xad, 0x41, 0xa5, 0x41, 0x9d, 0x41, 0x8d,
    0x21, 0x85, 0x21, 0x85, 0x01, 0x85, 0x02, 0x7d, 0x02, 0x7d, 0x21, 0x7d,
    0x01, 0x7d, 0x83, 0x54, 0x24, 0x3c, 0x23, 0x3c, 0x24, 0x3c, 0x23, 0x3c,
    0x04, 0x3c, 0x04, 0x3c, 0x24, 0x34, 0x04, 0x34, 0x03, 0x3c, 0x04, 0x3c,
    0x04, 0x34, 0x03, 0x34, 0x04, 0x3c, 0x04, 0x34, 0xe4, 0x33, 0xc4, 0x33,
    0xe4, 0x33, 0xc4, 0x2b, 0xe4, 0x33, 0xc4, 0x33, 0xc4, 0x2b, 0xa4, 0x2b,
    0x84, 0x2b, 0x84, 0x2b, 0x84, 0x2b, 0x84, 0x2b, 0x84, 0x2b, 0x64, 0x23,
    0x64, 0x23, 0x84, 0x2b, 0x84, 0x2b, 0x64, 0x2b, 0x64, 0x2b, 0x84, 0x2b,
    0x64, 0x2b, 0x24, 0x23, 0x64, 0x2b, 0x44, 0x23, 0x44, 0x2b, 0x64, 0x2b,
    0x64, 0x2b, 0x64, 0x2b, 0x64, 0x2b, 0x64, 0x2b, 0x64, 0x2b, 0x64, 0x23,
    0x64, 0x2b, 0x44, 0x2b, 0x44, 0x23, 0x44, 0x2b, 0x44, 0x2b, 0x44, 0x23,
    0x44, 0x2b, 0x44, 0x23, 0x44, 0x2b, 0x44, 0x2b, 0x24, 0x23, 0x24, 0x23,
    0x24, 0x23, 0x24, 0x23, 0x24, 0x23, 0x24, 0x23, 0x24, 0x2b, 0x44, 0x23,
    0x44, 0x23, 0x44, 0x2b, 0x44, 0x23, 0x44, 0x2b, 0x44, 0x2b, 0x64, 0x2b,
    0x64, 0x2b, 0x84, 0x2b, 0x84, 0x2b, 0x84, 0x2b, 0x84, 0x2b, 0x83, 0x2b,
    0x84, 0x33, 0x84, 0x2b, 0x64, 0x2b, 0x84, 0x2b, 0x64, 0x2b, 0x84, 0x2b,
    0x84, 0x2b, 0x64, 0x2b, 0x84, 0x2b, 0x84, 0x2b, 0x84, 0x2b, 0x84, 0x2b,
    0x84, 0x2b, 0xa4, 0x2b, 0xa4, 0x2b, 0xa4, 0x33, 0xa4, 0x2b, 0xc4, 0x33,
    0xc4, 0x33, 0xc4, 0x33, 0xc4, 0x33, 0xc4, 0x33, 0x23, 0x44, 0xa2, 0x5c,
    0xa2, 0x5c, 0xa2, 0x64, 0xc2, 0x64, 0xc1, 0x6c, 0xc1, 0x6c, 0xc2, 0x6c,
    0xc1, 0x6c, 0xc1, 0x6c, 0xc2, 0x74, 0xe1, 0x74, 0xe1, 0x74, 0xe2, 0x74,
    0x01, 0x7d, 0xe1, 0x7c, 0x02, 0x7d, 0x02, 0x7d, 0x01, 0x7d, 0x01, 0x7d,
    0x01, 0x7d, 0x01, 0x85, 0x01, 0x85, 0x01, 0x85, 0x21, 0x85, 0x21, 0x85,
    0x21, 0x85, 0x21, 0x85, 0x21, 0x8d, 0x21, 0x8d, 0x21, 0x8d, 0x21, 0x8d,
    0x41, 0x9d, 0x41, 0xa5, 0x41, 0xad, 0x61, 0xb5, 0x61, 0xb5, 0x61, 0xb5,
    0x62, 0xbd, 0x61, 0xb5, 0x61, 0xb5, 0x61, 0xbd, 0x82, 0xbd, 0x62, 0xb5,
    0x81, 0xbd, 0x61, 0xb5, 0x61, 0xb5, 0x81, 0xbd, 0x61, 0xbd, 0x82, 0xbd,
    0x81, 0xbd, 0x81, 0xbd, 0x81, 0xbd, 0x81, 0xb5, 0x81, 0xbd, 0x82, 0xbd,
    0x81, 0xbd, 0xa1, 0xbd, 0x81, 0xbd, 0x81, 0xbd, 0x81, 0xbd, 0x81, 0xbd,
    0x81, 0xbd, 0xa2, 0xbd, 0x81, 0xbd, 0x81, 0xbd, 0xa1, 0xbd, 0x82, 0xbd,
    0x81, 0xbd, 0xa1, 0xbd, 0xa2, 0xc5, 0x81, 0xbd, 0xa2, 0xbd, 0xa1, 0xbd,
    0xa1, 0xbd, 0xa2, 0xbd, 0xa1, 0xc5, 0xa2, 0xbd, 0xa1, 0xbd, 0xa2, 0xc5,
    0xa2, 0xbd, 0xa1, 0xbd, 0xa1, 0xc5, 0xa1, 0xbd, 0xa2, 0xc5, 0x81, 0xbd,
    0xa1, 0xbd, 0x82, 0xbd, 0xa1, 0xc5, 0x81, 0xbd, 0x81, 0xbd, 0x82, 0xbd,
    0xa1, 0xbd, 0xa1, 0xc5, 0xa2, 0xbd, 0x81, 0xbd, 0xa2, 0xc5, 0x81, 0xbd,
    0x81, 0xbd, 0x81, 0xbd, 0x81, 0xbd, 0x82, 0xbd, 0x81, 0xbd, 0x81, 0xbd,
    0x81, 0xbd, 0x81, 0xbd, 0x81, 0xbd, 0x81, 0xbd, 0x81, 0xbd, 0x81, 0xbd,
    0x82, 0xbd, 0x81, 0xbd, 0x82, 0xbd, 0x61, 0xbd, 0x81, 0xbd, 0x81, 0xbd,
    0x61, 0xb5, 0x61, 0xb5, 0x61, 0xb5, 0x61, 0xbd, 0x62, 0xbd, 0x61, 0xb5,
    0x61, 0xb5, 0x62, 0xb5, 0x41, 0xb5, 0x61, 0xb5, 0x61, 0xb5, 0x42, 0xad,
    0x41, 0xad, 0x41, 0xad, 0x41, 0xad, 0x41, 0xad, 0x21, 0xa5, 0x41, 0xa5,
    0x21, 0x8d, 0x01, 0x85, 0x21, 0x85, 0x01, 0x85, 0x01, 0x7d, 0x01, 0x7d,
    0x01, 0x7d, 0xe2, 0x74, 0x24, 0x3c, 0x24, 0x3c, 0x04, 0x3c, 0x03, 0x3c,
    0x04, 0x3c, 0x04, 0x3c, 0x04, 0x3c, 0x03, 0x34, 0x04, 0x3c, 0x04, 0x34,
    0x04, 0x34, 0xe4, 0x33, 0xe3, 0x33, 0xe4, 0x33, 0xe4, 0x33, 0xc4, 0x33,
    0xc4, 0x33, 0xc4, 0x33, 0xc4, 0x2b, 0xc4, 0x2b, 0xc4, 0x33, 0xa4, 0x2b,
    0x84, 0x2b, 0x84, 0x2b, 0x84, 0x2b, 0x84, 0x2b, 0x64, 0x2b, 0x84, 0x2b,
    0x64, 0x23, 0x64, 0x2b, 0x64, 0x23, 0x64, 0x2b, 0x64, 0x2b, 0x64, 0x23,
    0x64, 0x2b, 0x64, 0x2b, 0x64, 0x2b, 0x44, 0x23, 0x44, 0x23, 0x44, 0x23,
    0x44, 0x2b, 0x64, 0x2b, 0x64, 0x23, 0x44, 0x23, 0x63, 0x2b, 0x44, 0x23,
    0x44, 0x23, 0x44, 0x2b, 0x44, 0x23, 0x44, 0x2b, 0x44, 0x23, 0x44, 0x2b,
    0x43, 0x23, 0x44, 0x23, 0x24, 0x23, 0x24, 0x23, 0x24, 0x23, 0x24, 0x23
};
